drug_id,smiles
D00000,CC(C)(CC1=CC=CC=C1)N
D00001,CC1C(C(CC(O1)OC2CC(CC3=C2C(=C4C(=C3O)C(=O)C5=CC=CC=C5C4=O)O)(C(=O)C)O)N)O
D00002,CN(C)CC1=NN=C2N1C3=C(C=C(C=C3)Cl)C(=NC2)C4=CC=CC=C4
D00003,COC1=C(C=C(C=C1)C2=CC3=C(C=C2)C=C(C=C3)C(=O)O)C45CC6CC(C4)CC(C6)C5
D00004,CCCCC1=NC2(CCCC2)C(=O)N1CC3=CC=C(C=C3)C4=CC=CC=C4C5=NNN=N5
D00005,[C-]#N.[C-]#N.[C-]#N.[C-]#N.[C-]#N.[N-]=O.[Fe+4]
D00006,CCCC(=O)OC(COC(=O)CC)COP(=O)(O)OCC(C(=O)O)N
D00007,CC=C(C1=CC=C(C=C1)O)C(=CC)C2=CC=C(C=C2)O
D00008,CC1COC2=C3N1C=C(C(=O)C3=CC(=C2N4CCN(CC4)C)F)C(=O)O
D00009,C1=CC2=C(C(=C(C=C2Cl)Cl)O)N=C1
D00010,CC(C)(C)C1=NC(=C(S1)C2=NC(=NC=C2)N)C3=C(C(=CC=C3)NS(=O)(=O)C4=C(C=CC=C4F)F)F
D00011,CC(CCC(=O)O)C1CCC2C1(CCC3C2C(CC4C3(CCC(C4)O)C)O)C
D00012,CC(=O)SC1CC2=CC(=O)CCC2(C3C1C4CCC5(C4(CC3)C)CCC(=O)O5)C
D00013,CCOC(=O)C(CCC1=CC=CC=C1)NC2CCC3=CC=CC=C3N(C2=O)CC(=O)O
D00014,CNC1(CCCCC1=O)C2=CC=CC=C2Cl
D00015,C1=CC=C(C=C1)CC(C(=O)O)N
D00016,"CN1C2CCC1C(C(C2)OC(=O)C3=CC=CC=C3)C(=O)OC
CCCCNC(=O)C1=CC=C(C=C1)N2CCOCC2"
D00017,C1CCNC(C1)C(C2=CC(=NC3=C2C=CC=C3C(F)(F)F)C(F)(F)F)O
D00018,C1CN(CC1C(C2=CC=CC=C2)(C3=CC=CC=C3)C(=O)N)CCC4=CC5=C(C=C4)OCC5
D00019,CC1=C(C(=O)C2=CC=CC=C2C1=O)CC=C(C)CCCC(C)CCCC(C)CCCC(C)C
D00020,C1C(C(OC1N2C=NC3=C(N=C(N=C32)Cl)N)CO)O
D00021,CCC(CO)NC(=O)C1CN(C2CC3=CN(C4=CC=CC(=C34)C2=C1)C)C
D00022,CCN(CC)CCNC(=O)C1=CC=C(C=C1)N
D00023,C(C(C(=O)O)N)C(=O)O
D00024,CC1(C(N2C(S1)C(C2=O)NC(=O)C3(CCCCC3)N)C(=O)O)C
D00025,CC1=CC(=O)C(=CN1)C(=O)NC(C2=CC=C(C=C2)O)C(=O)NC3C4N(C3=O)C(=C(CS4)CSC5=NN=NN5C)C(=O)O
D00026,C(OC(C(F)(F)F)C(F)(F)F)F
D00027,CN(C)CCCC1(C2=C(CO1)C=C(C=C2)C#N)C3=CC=C(C=C3)F
D00028,C1=CC(=CC=C1C(=N)N)OCCCCCOC2=CC=C(C=C2)C(=N)N
D00029,COCCOC1=CN=C(N=C1)NS(=O)(=O)C2=CC=CC=C2
D00030,C(C(=O)O)N
D00031,CC1(C2=C(C=C(C=C2)OC)C(=O)N(C1=O)CCC3=CC=C(C=C3)S(=O)(=O)NC(=O)NC4CCCCC4)C
D00032,CN1CCN(CC1)C(=O)OC2C3=NC=CN=C3C(=O)N2C4=NC=C(C=C4)Cl
D00033,C1=CC=C(C(=C1)C2=NC(C(=O)N(C3=C2C=C(C=C3)Cl)CCC#N)O)F
D00034,C1CN(CCN1)C2=NC3=CC=CC=C3OC4=C2C=C(C=C4)Cl
D00035,CC1OC2(CN3CCC2CC3)CS1
D00036,CN1CCN(CC1)C2=NC3=CC=CC=C3OC4=C2C=C(C=C4)Cl
D00037,CC(CN1C2=CC=CC=C2SC3=C1C=C(C=C3)OC)CN(C)C
D00038,C1=CC=C(C=C1)CC(C(=O)O)N
D00039,CC12CC(C3(C(C1CC(=C)C2(C(=O)CO)O)CCC4=CC(=O)C=CC43C)F)O
D00040,C(CC(=O)NC(CS)C(=O)NCC(=O)O)C(C(=O)O)N
D00041,CN1C(NC2=CC(=C(C=C2S1(=O)=O)S(=O)(=O)N)Cl)CSCC(F)(F)F
D00042,COC1(C2N(C1=O)C(=C(CS2)COC(=O)N)C(=O)O)NC(=O)CC3=CC=CS3
D00043,CC(CC1CCCCC1)NC
D00044,C1CN(CCN1)C2=NC3=CC=CC=C3OC4=C2C=C(C=C4)Cl
D00045,COC1=C(C=C(C=C1)CC2=NC=CC3=CC(=C(C=C32)OC)OC)OC
D00046,CC1=CN=C(C(=C1OC)C)CS(=O)C2=NC3=C(N2)C=C(C=C3)OC
D00047,CC(C)(C)C1=CC(=C(C=C1NC(=O)C2=CNC3=CC=CC=C3C2=O)O)C(C)(C)C
D00048,CC(C12CC3CC(C1)CC(C3)C2)N
D00049,COC1=C(C=C2C(=C1)C(=NC(=N2)N3CCN(CC3)C(=O)C4=CC=CO4)N)OC
D00050,CCC(=O)C1(CCN(CC1)C)C2=CC(=CC=C2)O
D00051,C(CC(=O)NC(CS)C(=O)NCC(=O)O)C(C(=O)O)N
D00052,CC1=C(C2=C(CCC(O2)(C)CCCC(C)CCCC(C)CCCC(C)C)C(=C1O)C)C
D00053,C1=CC(=C(C=C1N=NC2=CC(=C(C=C2)O)C(=O)O)C(=O)O)O
D00054,C1C(=O)NC2=C(C=C(C=C2)[N+](=O)[O-])C(=N1)C3=CC=CC=C3Cl
D00055,CN1C(=O)CN=C(C2=C1C=CC(=C2)Cl)C3=CC=CC=C3F
D00056,CN1CCCCC1CCN2C3=CC=CC=C3SC4=C2C=C(C=C4)SC
D00057,CC1(C(=O)N2C(C(=O)N3CCCC3C2(O1)O)CC4=CC=CC=C4)NC(=O)C5CC6C(CC7=CNC8=CC=CC6=C78)N(C5)C
D00058,C(CC(C(=O)O)N)CNC(=O)N
D00059,C1CN=C(N1)NC2=C(C=CC=C2Cl)Cl
D00060,CC1=C(C(=CC=C1)NC2=CC=CC=C2C(=O)O)C
D00061,CC1C=CC=C(C(=O)NC2=C(C(=C3C(=C2O)C(=C(C4=C3C(=O)C(O4)(OC=CC(C(C(C(C(C(C1O)C)O)C)OC(=O)C)C)OC)C)C)O)O)C=NN5CCN(CC5)C6CCCC6)C
D00062,CC(C)(C(=O)O)ON=C(C1=CSC(=N1)N)C(=O)NC2C3N(C2=O)C(=C(CS3)C[N+]4=CC=CC=C4)C(=O)[O-]
D00063,CC(C)CN(CC(C(CC1=CC=CC=C1)NC(=O)OC2COC3C2CCO3)O)S(=O)(=O)C4=CC=C(C=C4)N
D00064,C1=CN=CC=C1N
D00065,CCC(=C(C1=CC=CC=C1)C2=CC=C(C=C2)OCCN(C)C)C3=CC=CC=C3
D00066,CCC(C)C1C(=O)NC(C(=O)NC(C(=O)NC(C(=O)NC(C(=O)NCCCCC(C(=O)NC(C(=O)N1)CCCN)NC(=O)C(C(C)CC)NC(=O)C(CCC(=O)O)NC(=O)C(CC(C)C)NC(=O)C2CSC(=N2)C(C(C)CC)N)CC(=O)N)CC(=O)O)CC3=CN=CN3)CC4=CC=CC=C4
D00067,CC(=O)OC1CC2CCC3C(C2(CC1N4CC[N+](CC4)(C)C)C)CCC5(C3CC(C5OC(=O)C)N6CC[N+](CC6)(C)C)C
D00068,CCCC(CCC)C(=O)O
D00069,CCC(C(C1=C2C=CC(=O)NC2=C(C=C1)O)O)NC(C)C
D00070,CN1CCC2=C3C1CC4=C(C3=CC=C2)C(=C(C=C4)O)O
D00071,C1CC2=C(C=CC(=C2)Cl)C(=C3CCNCC3)C4=C1C=CC=N4
D00072,C1CN(CCC1C2=CN(C3=C2C=C(C=C3)Cl)C4=CC=C(C=C4)F)CCN5CCNC5=O
D00073,CC12CCC3C(C1CCC2C(=O)NC4=C(C=CC(=C4)C(F)(F)F)C(F)(F)F)CCC5C3(C=CC(=O)N5)C
D00074,C1CN(CC1C(C2=CC=CC=C2)(C3=CC=CC=C3)C(=O)N)CCC4=CC5=C(C=C4)OCC5
D00075,CC1C(C(CC(O1)OC2C(OC(CC2O)OC3C(OC(CC3O)OC4CCC5(C(C4)CCC6C5CCC7(C6(CCC7C8=CC(=O)OC8)O)C)C)C)C)O)O
D00076,CC1=CC2=C(S1)NC3=CC=CC=C3N=C2N4CCN(CC4)C
D00077,CCC1(CCC(=O)NC1=O)C2=CC=CC=C2
D00078,CCC1=C(C=C2CC(CC2=C1)NCC(C3=C4C=CC(=O)NC4=C(C=C3)O)O)CC
D00079,C1=CC(=C(C=C1C(CN)O)O)O
D00080,C1C(=O)NC2=C(C=C(C=C2)[N+](=O)[O-])C(=N1)C3=CC=CC=C3Cl
D00081,CCCCC1=C(C2=C(O1)C=CC(=C2)NS(=O)(=O)C)C(=O)C3=CC=C(C=C3)OCCCN(CCCC)CCCC
D00082,CN1CCC2=C3C1CC4=C(C3=CC=C2)C(=C(C=C4)O)O
D00083,CC(=O)NC1=CC=C(C=C1)O
D00084,CCC(=O)N(C1=CC=CC=C1)C2(CCN(CC2)CCC(=O)OC)C(=O)OC
D00085,CC1=CC(=CC(=C1CC2=NCCN2)C)C(C)(C)C
D00086,CN(C)CCCN1C2=CC=CC=C2SC3=C1C=C(C=C3)Cl
D00087,[Cl-].[K+]
D00088,C1=CC=C(C(=C1)C(=O)OC2=CC=CC=C2C(=O)O)O
D00089,C1=CC=C(C=C1)COC(=O)C2=CC=CC=C2
D00090,CCOC1=CC=CC=C1OCCNC(C)CC2=CC(=C(C=C2)OC)S(=O)(=O)N
D00091,C1CN2CCC1C(C2)CN3C4=CC=CC=C4SC5=CC=CC=C53
D00092,CC(C(C(=O)O)N)O
D00093,C(C1C(C(C(C(O1)OC2C(OC(C2O)(CO)O)CO)O)O)O)O
D00094,C1C(NC2=C(N1)N=C(NC2=O)N)CNC3=CC=C(C=C3)C(=O)NC(CCC(=O)O)C(=O)O
D00095,C1=CC(=C(C=C1OC2=C(C=C(C=C2I)CC(C(=O)[O-])N)I)I)O.C1=C(C=C(C(=C1I)OC2=CC(=C(C(=C2)I)O)I)I)CC(C(=O)[O-])N.[Na+].[Na+]
D00096,C1=NC(=C2C(=N1)N(C=N2)C3C(C(C(O3)COP(=O)(O)OP(=O)(O)OP(=O)(O)O)O)O)N
D00097,CC1(C(N2C(S1)C(C2=O)N3C(=O)C(NC3(C)C)C4=CC=CC=C4)C(=O)O)C
D00098,C1=CC(=CC=C1SC(P(=O)(O)O)P(=O)(O)O)Cl
D00099,CC(C1=CC(=CC(=C1)C(F)(F)F)C(F)(F)F)OC2C(N(CCO2)CC3=NN(C(=O)N3)P(=O)(O)O)C4=CC=C(C=C4)F
D00100,CCCC(C)C1(C(=O)NC(=S)NC1=O)CC
D00101,CC1C=CC=C(C(=O)NC2=C(C(=C3C(=C2O)C(=C(C4=C3C(=O)C(O4)(OC=CC(C(C(C(C(C(C1O)C)O)C)OC(=O)C)C)OC)C)C)O)O)C=NN5CCN(CC5)C6CCCC6)C
D00102,CN1CCC2=C3C1CC4=C(C3=CC=C2)C(=C(C=C4)O)O
D00103,CN(CCC1=CC=C(C=C1)NS(=O)(=O)C)CCOC2=CC=C(C=C2)NS(=O)(=O)C
D00104,CN1CCC23C=CC(CC2OC4=C(C=CC(=C34)C1)OC)O
D00105,C1=CC(=CC=C1CCCC(=O)O)N(CCCl)CCCl
D00106,CC(C)C1=C(C(=CC=C1)C(C)C)OCOP(=O)(O)O
D00107,CCC1C(COC1=O)CC2=CN=CN2C
D00108,C(C(CO[N+](=O)[O-])O[N+](=O)[O-])O[N+](=O)[O-]
D00109,CC1C2CCC3(C(C2(CCC1O)C)C(CC4C3(CC(C4=C(CCC=C(C)C)C(=O)O)OC(=O)C)C)O)C
D00110,CCCC(C)C1(C(=O)NC(=S)NC1=O)CC
D00111,C#CC1(CCCCC1)OC(=O)N
D00112,C1=CC=C(C=C1)C(=O)C2=CC=CC(=C2N)CC(=O)N
D00113,[Zn]
D00114,CC1=C(C=C(C=C1)C(=O)NC2=CC(=C(C=C2)CN3CCN(CC3)C)C(F)(F)F)C#CC4=CN=C5N4N=CC=C5
D00115,COC1C(CC2CN3CCC4=C(C3CC2C1C(=O)OC)NC5=C4C=CC(=C5)OC)OC(=O)C=CC6=CC(=C(C(=C6)OC)OC)OC
D00116,CC(C)(C)NCC(COC1=CC=CC=C1C2CCCC2)O
D00117,C1CN(CCC1O)CCCN2C3=CC=CC=C3SC4=C2C=C(C=C4)C#N
D00118,CN1C2=C(C(=O)N(C1=O)C)NC=N2
D00119,COC1=NC(=NC2=C1N=CN2C3C(C(C(O3)CO)O)O)N
D00120,CN1CCN2C(C1)C3=CC=CC=C3CC4=C2N=CC=C4
D00121,CCC1=C(NC2=C1C(=O)C(CC2)CN3CCOCC3)C
D00122,COCCOCC(CC1(CCCC1)C(=O)NC2CCC(CC2)C(=O)O)C(=O)OC3=CC4=C(CCC4)C=C3
D00123,C1=CC=C(C=C1)CCCCOCCCCCCNCC(C2=CC(=C(C=C2)O)CO)O
D00124,CNC1(CCCCC1=O)C2=CC=CC=C2Cl
D00125,CC1=CC=C(C=C1)C2=CC(=NN2C3=CC=C(C=C3)S(=O)(=O)N)C(F)(F)F
D00126,CC1=C(C(C(=C(N1)C)C(=O)OCCN(C)CC2=CC=CC=C2)C3=CC(=CC=C3)[N+](=O)[O-])C(=O)OC
D00127,CC1CC=CC=CC(C(CC(C(C(C(CC(=O)O1)OC(=O)C)OC)OC2C(C(C(C(O2)C)OC3CC(C(C(O3)C)OC(=O)CC(C)C)(C)O)N(C)C)O)CC=O)C)O
D00128,CC1=C(C(C(=C(N1)C)C(=O)OC(C)C)C2=CC=CC3=NON=C32)C(=O)OC
D00129,C1=CN(C=C(C1=O)O)CC(C(=O)O)N
D00130,CCN1CCCC1CNC(=O)C2=CC(=C(C=C2OC)N)S(=O)(=O)CC
D00131,CN1CCN(CC1)CCCN2C3=CC=CC=C3SC4=C2C=C(C=C4)C(F)(F)F
D00132,C(=N)(N)N
D00133,C1=CC(=CC=C1C(=O)NC(CCC(=O)O)C(=O)O)NCC2=CN=C3C(=N2)C(=O)NC(=N3)N
D00134,CC1=C(C(CCC1)(C)C)C=CC(=CC=CC(=CC(=O)O)C)C
D00135,CC1=C2C(C(=O)C3(C(CC4C(C3C(C(C2(C)C)(CC1OC(=O)C(C(C5=CC=CC=C5)NC(=O)OC(C)(C)C)O)O)OC(=O)C6=CC=CC=C6)(CO4)OC(=O)C)O)C)O
D00136,C1=CC=NC(=C1)NS(=O)(=O)C2=CC=C(C=C2)N=NC3=CC(=C(C=C3)O)C(=O)O
D00137,CC1(C(N2C(S1)C(C2=O)NC(=O)COC3=CC=CC=C3)C(=O)O)C
D00138,C1C(=O)N(C2=C(C=C(C=C2)Cl)C(=N1)C3=CC=CC=C3)CC(F)(F)F
D00139,CN(C)CC(C1=CC=C(C=C1)OC)C2(CCCCC2)O
D00140,COC1=CC=CC=C1OCCNCC(COC2=CC=CC3=C2C4=CC=CC=C4N3)O
D00141,CC(CCC1=CC=CC=C1)NCC(C2=CC(=C(C=C2)O)C(=O)N)O
D00142,CC(C(C1=CC=CC=C1)O)NC
D00143,CN(C)C1C2C(C3C(=C)C4=C(C(=CC=C4)O)C(=C3C(=O)C2(C(=C(C1=O)C(=O)N)O)O)O)O
D00144,CCC(C)C1(C(=O)NC(=O)NC1=O)CC
D00145,C1=CC(=CC=C1C(=N)N)OCCCCCOC2=CC=C(C=C2)C(=N)N
D00146,CC12CCC3C(C1CCC2=O)CCC4=C3C=CC(=C4)OS(=O)(=O)O
D00147,CCC1C(C(C(N(CC(CC(C(C(C(C(C(=O)O1)C)OC2CC(C(C(O2)C)O)(C)OC)C)OC3C(C(CC(O3)C)N(C)C)O)(C)O)C)C)C)O)(C)O
D00148,CC(CN1C2=CC=CC=C2SC3=CC=CC=C31)N(C)C
D00149,CCC(CC)OC1C=C(CC(C1NC(=O)C)N)C(=O)OCC
D00150,C1C(=O)NC2=C(C=C(C=C2)[N+](=O)[O-])C(=N1)C3=CC=CC=C3Cl
D00151,C1CN(CCC12CNC(=O)O2)CCC3=CC=CC=C3
D00152,C1C[N+]2(CCC1C(C2)OC(=O)C(C3=CC=CS3)(C4=CC=CS4)O)CCCOC5=CC=CC=C5
D00153,CC(C(C(=O)NCC(=O)NC(CC1=CNC2=CC=CC=C21)C(=O)NC(CCSC)C(=O)NC(CC(=O)O)C(=O)NC(CC3=CC=CC=C3)C(=O)N)NC(=O)C(CC4=CC=C(C=C4)OS(=O)(=O)O)NC(=O)C(CC(=O)O)NC(=O)C(CCC(=O)N)NC(=O)C5CCC(=O)N5)O
D00154,CCC1=C(NC2=C1C(=O)C(CC2)CN3CCOCC3)C
D00155,CC(C1C(O1)CC2COC(C(C2O)O)CC(=CC(=O)OCCCCCCCCC(=O)O)C)C(C)O
D00156,C1CCNC(C1)C(C2=CC(=NC3=C2C=CC=C3C(F)(F)F)C(F)(F)F)O
D00157,C1C(C(C(C(C1NC(=O)C(CCN)O)OC2C(C(C(C(O2)CO)O)N)O)O)OC3C(C(C(C(O3)CN)O)O)O)N
D00158,CNC(=O)C1=NC=CC(=C1)OC2=CC=C(C=C2)NC(=O)NC3=CC(=C(C=C3)Cl)C(F)(F)F
D00159,CC1=CC(=C(C(=C1CC2=NCCN2)C)O)C(C)(C)C
D00160,C1=CN(C=N1)CC(O)(P(=O)(O)O)P(=O)(O)O
D00161,CCC1C=C(CC(CC(C2C(CC(C(O2)(C(=O)C(=O)N3CCCCC3C(=O)OC(C(C(CC1=O)O)C)C(=CC4CCC(C(C4)OC)Cl)C)O)C)OC)OC)C)C
D00162,C(C(=O)O)N
D00163,CN(C)C1=NC(=NC(=N1)N(C)C)N(C)C
D00164,CC(CNC1CCCCC1)OC(=O)C2=CC=CC=C2
D00165,CCC(=O)OC(C(C)C)OP(=O)(CCCCC1=CC=CC=C1)CC(=O)N2CC(CC2C(=O)O)C3CCCCC3
D00166,CN1CCC(CC1)COC2=C(C=C3C(=C2)N=CN=C3NC4=C(C=C(C=C4)Br)F)OC
D00167,CCN(CC)CCOC1=CC=C(C=C1)C(=C(C2=CC=CC=C2)Cl)C3=CC=CC=C3
D00168,CCC(=O)N(C1=CC=CC=C1)C2(CCN(CC2)CCC3=CC=CS3)COC
D00169,CC(C(C(=O)NCC(=O)NC(CC1=CNC2=CC=CC=C21)C(=O)NC(CCSC)C(=O)NC(CC(=O)O)C(=O)NC(CC3=CC=CC=C3)C(=O)N)NC(=O)C(CC4=CC=C(C=C4)OS(=O)(=O)O)NC(=O)C(CC(=O)O)NC(=O)C(CCC(=O)N)NC(=O)C5CCC(=O)N5)O
D00170,CCN(CC)C(=O)C1(CC1CN)C2=CC=CC=C2
D00171,CC1=C(SC=N1)C=CC2=C(N3C(C(C3=O)NC(=O)C(=NOC)C4=CSC(=N4)N)SC2)C(=O)O
D00172,CC(CC1=CC(=C(C=C1)O)O)C(C)CC2=CC(=C(C=C2)O)O
D00173,CC1=CC=C(C=C1)S(=O)(=O)NC(=O)NN2CC3CCCC3C2
D00174,C1C(C(C(C(C1N)OC2C(C(C(C(O2)CO)O)N)O)O)OC3C(CC(C(O3)CN)O)N)N
D00175,CNCCCC12CCC(C3=CC=CC=C31)C4=CC=CC=C24
D00176,CN(C)CCCN1C2=CC=CC=C2SC3=C1C=C(C=C3)Cl
D00177,CC1=CC(=C(C=C1)NC2=C(C=CC=C2Cl)F)CC(=O)O
D00178,CC1=CC2=C(C=C1C)N(C3=NC(=O)NC(=O)C3=N2)CC(C(C(COP(=O)(O)OP(=O)(O)OCC4C(C(C(O4)N5C=NC6=C(N=CN=C65)N)O)O)O)O)O
D00179,C1CN(CCN1CCOCCO)C(C2=CC=CC=C2)C3=CC=C(C=C3)Cl
D00180,CC1=C(N2C(C(C2=O)NC(=O)C(C3=CCC=CC3)N)SC1)C(=O)O
D00181,C1COC(=O)N1N=CC2=CC=C(O2)[N+](=O)[O-]
D00182,C(C(C(=O)O)N)C(=O)O
D00183,CCCC1=C2C(=CC3=C1OC(=CC3=O)C(=O)O)C(=O)C=C(N2CC)C(=O)O
D00184,CC(C[N+](C)(C)C)OC(=O)C
D00185,C1=CC=C(C=C1)CC2NC3=C(C=C(C(=C3)C(F)(F)F)S(=O)(=O)N)S(=O)(=O)N2
D00186,CC1=CC2=C(C=C1C)N(C3=NC(=O)NC(=O)C3=N2)CC(C(C(COP(=O)(O)OP(=O)(O)OCC4C(C(C(O4)N5C=NC6=C(N=CN=C65)N)O)O)O)O)O
D00187,CC1CCC(CC1=CC=C2CCCC3(C2CCC3C(C)C=CC(C)C(C)C)C)O
D00188,CC[N+](CC)(CC)CCOC1=C(C(=CC=C1)OCC[N+](CC)(CC)CC)OCC[N+](CC)(CC)CC.[I-].[I-].[I-]
D00189,CCOC(=O)OC(C)OC(=O)C1C(SC2N1C(=O)C2NC(=O)C(C3=CC=CC=C3)N)(C)C
D00190,CC1=C(C=C(C=C1)C(=O)NC2=CC(=C(C=C2)CN3CCN(CC3)C)C(F)(F)F)C#CC4=CN=C5N4N=CC=C5
D00191,CC1CCC23CCC(=O)C2C1(C(CC(C(C3C)O)(C)C=C)OC(=O)CSC4CC5CCC(C4)N5C)C
D00192,C1C(C(C(C(O1)OC2COC(C(C2OS(=O)(=O)O)OS(=O)(=O)O)O)OS(=O)(=O)O)OS(=O)(=O)O)O
D00193,CC[N+](CC)(CCNC(=O)C(=O)NCC[N+](CC)(CC)CC1=CC=CC=C1Cl)CC2=CC=CC=C2Cl
D00194,C1CN(CCN1CCC2=C(C=C3C(=C2)CC(=O)N3)Cl)C4=NSC5=CC=CC=C54
D00195,CC1CCN(C(C1)C(=O)O)C(=O)C(CCCN=C(N)N)NS(=O)(=O)C2=CC=CC3=C2NCC(C3)C
D00196,C1CC1CN2C(=O)CN=C(C3=C2C=CC(=C3)Cl)C4=CC=CC=C4
D00197,C(C(CO[N+](=O)[O-])O[N+](=O)[O-])O[N+](=O)[O-]
D00198,CCC(CO)NC(=O)C1CN(C2CC3=CN(C4=CC=CC(=C34)C2=C1)C)C
D00199,CN1CCCCC1CCC2=CC=CC=C2NC(=O)C3=CC=C(C=C3)OC
D00200,CCN(CC)C(=O)NC1CN(C2CC3=CNC4=CC=CC(=C34)C2=C1)C
D00201,C(C(F)(F)F)(OC(F)F)F
D00202,C1=CC=C(C=C1)C2=NC3=C(N=C(N=C3N=C2N)N)N
D00203,CCCC1CC(N(C1)C)C(=O)NC(C2C(C(C(C(O2)SC)O)O)O)C(C)Cl
D00204,C1=CC(=CC=C1C(=NCCCC(=O)N)C2=C(C=CC(=C2)F)O)Cl
D00205,CC1=CN=C(C=N1)C(=O)NCCC2=CC=C(C=C2)S(=O)(=O)NC(=O)NC3CCCCC3
D00206,CC1=CC=CC=C1OC(CCNC)C2=CC=CC=C2
D00207,CN1C2=C(C=C(C=C2)Cl)C(=NC(C1=O)O)C3=CC=CC=C3
D00208,CC1=C(C(CCC1)(C)C)C=CC(=CC=CC(=CCO)C)C
D00209,CCN1CC(C(C1=O)(C2=CC=CC=C2)C3=CC=CC=C3)CCN4CCOCC4
D00210,CN1C2=C(C=C(C=C2)Cl)C(=NC(C1=O)O)C3=CC=CC=C3
D00211,CC1=CNN=C1
D00212,C1=CC=C(C=C1)NC(=O)CCCCCCC(=O)NO
D00213,CCCC(C)C1(C(=O)NC(=S)NC1=O)CC=C
D00214,CC1=C(C(C(=C(N1)C)C(=O)OCC(C)C)C2=CC=CC=C2[N+](=O)[O-])C(=O)OC
D00215,C(C(C(CO[N+](=O)[O-])O[N+](=O)[O-])O[N+](=O)[O-])O[N+](=O)[O-]
D00216,CC1(OC2COC3(C(C2O1)OC(O3)(C)C)COS(=O)(=O)N)C
D00217,CC1CC(CC(C1)(C)C)OC(=O)C(C2=CC=CC=C2)O
D00218,CC(=O)NCCCS(=O)(=O)O
D00219,CCCC(=O)OC(COC(=O)CC)COP(=O)(O)OCC(C(=O)O)N
D00220,C1CN(CCC1NC(=O)C2=CC=CC=C2C3=CC=C(C=C3)C(F)(F)F)CCCCC4(C5=CC=CC=C5C6=CC=CC=C64)C(=O)NCC(F)(F)F
D00221,C1CC1C2=NC3=CC=CC=C3C(=C2C=CC(CC(CC(=O)O)O)O)C4=CC=C(C=C4)F
D00222,CNCC(C1=CC(=C(C=C1)O)O)O
D00223,CN(C)CCCN1C2=CC=CC=C2SC3=CC=CC=C31
D00224,CC1=C(C=C(C=C1)NC2=NC=CC(=N2)N(C)C3=CC4=NN(C(=C4C=C3)C)C)S(=O)(=O)N
D00225,CC1CC2C3CC(C4=CC(=O)C=CC4(C3(C(CC2(C1(C(=O)CO)O)C)O)F)C)F
D00226,CC(C1C2CC(=C(N2C1=O)C(=O)O)SCCN=CN)O
D00227,C[N+]1=CC=CC=C1C=NO
D00228,C1CCC(CC1)C(CCN2CCCCC2)(C3=CC=CC=C3)O
D00229,CC(C1CCC(C(O1)OC2C(CC(C(C2O)OC3C(C(C(CO3)(C)O)NC)O)N)N)N)NC
D00230,CC=C(C)C(=O)OC1C(=CC23C1(C(C(=CC(C2=O)C4C(C4(C)C)CC3C)CO)O)O)C
D00231,CC1=NC(=NC=C1)NS(=O)(=O)C2=CC=C(C=C2)N
D00232,C1=NC2=C(N=C(N=C2N1C3C(C(C(O3)CO)O)F)Cl)N
D00233,C(=O)(O)[O-].[Na+]
D00234,CC(=O)NCCCS(=O)(=O)O
D00235,CCC(=C(CC)C1=CC=C(C=C1)O)C2=CC=C(C=C2)O
D00236,C1CN(CCN1CCCN2C3=CC=CC=C3SC4=C2C=C(C=C4)C(F)(F)F)CCO
D00237,CC1(C(NC(S1)C(C(=O)NCCCCC(C(=O)O)N)NC(=O)CC2=CC=CC=C2)C(=O)O)C.C(CCN)CC(C(=O)O)N
D00238,C1=CC(=CC=C1CC(C(=O)O)N)O
D00239,CC(C)(C1=CC=C(C=C1)C(CCCN2CCC(CC2)C(C3=CC=CC=C3)(C4=CC=CC=C4)O)O)C(=O)O
D00240,CCN(CC)C(=O)NC1CN(C2CC3=CNC4=CC=CC(=C34)C2=C1)C
D00241,CC(C)(C)C1=CC(=CC(=C1O)C(C)(C)C)SC(C)(C)SC2=CC(=C(C(=C2)C(C)(C)C)O)C(C)(C)C
D00242,CC1=C(C2=C(CCC(O2)(C)CCCC(C)CCCC(C)CCCC(C)C)C(=C1O)C)C
D00243,C1=CC(=C(C(=C1)Cl)SC(CCC2=CC=C(C=C2)Cl)CN3C=CN=C3)Cl
D00244,CC[N+](C)(C)CC1=CC=CC=C1Br
D00245,CC(C(C1=CC=CC=C1)O)NC
D00246,C1=CC(=CC=C1NCS(=O)O)S(=O)(=O)C2=CC=C(C=C2)NCS(=O)O
D00247,CCCC1=NC(=C2N1N=C(NC2=O)C3=C(C=CC(=C3)S(=O)(=O)N4CCN(CC4)CC)OCC)C
D00248,C1=CC=C(C=C1)CC(C(=O)O)N
D00249,C1CN(CCN1CCC2=C(C=C3C(=C2)CC(=O)N3)Cl)C4=NSC5=CC=CC=C54
D00250,CC(C)C(C)C=CC(C)C1CCC2C1(CCCC2=CC=C3CC(CCC3=C)O)C
D00251,CC1(C(N2C(S1)C(C2=O)NC(=O)C3=C(C=CC=C3OC)OC)C(=O)O)C
D00252,C(CC(=O)NC(CS)C(=O)NCC(=O)O)C(C(=O)O)N
D00253,CC1=CC2=C(C=C1C)N(C=N2)C3C(C(C(O3)CO)OP(=O)([O-])OC(C)CNC(=O)CCC4(C(C5C6(C(C(C(=N6)C(=C7C(C(C(=N7)C=C8C(C(C(=N8)C(=C4[N-]5)C)CCC(=O)N)(C)C)CCC(=O)N)(C)CC(=O)N)C)CCC(=O)N)(C)CC(=O)N)C)CC(=O)N)C)O.O.[Co]
D00254,CC1=C(C(C(=C(N1)C)C(=O)OCC(C)C)C2=CC=CC=C2[N+](=O)[O-])C(=O)OC
D00255,CN1CCC23C4C1CC5=C2C(=C(C=C5)OC)OC3C(=O)CC4
D00256,C1=CC(=CC=C1C=CC2=C(C=C(C=C2)C(=N)N)O)C(=N)N.C(CS(=O)(=O)O)O.C(CS(=O)(=O)O)O
D00257,C1C(=O)NC2=C(C=C(C=C2)Br)C(=N1)C3=CC=CC=N3
D00258,CCC(=O)OC1CCC2C1(CCC3C2CCC4=CC(=O)CCC34C)C
D00259,CCOC(=O)C1=C(NC(=C(C1C2=C(C(=CC=C2)Cl)Cl)C(=O)OC)C)C
D00260,CC1C2C(C3C(C(=O)C(=C(C3(C(=O)C2=C(C4=C1C=CC=C4O)O)O)O)C(=O)N)N(C)C)O
D00261,CC(=O)NCCCS(=O)(=O)O
D00262,CC(C)C1(C(=O)NC(=O)NC1=O)CC=C
D00263,CC12CC(=O)C3C(C1CCC2(C(=O)CO)O)CCC4=CC(=O)C=CC34C
D00264,C1=CC=C(C=C1)CC2NC3=C(C=C(C(=C3)C(F)(F)F)S(=O)(=O)N)S(=O)(=O)N2
D00265,CCC1=NN(C(=O)N1CCOC2=CC=CC=C2)CCCN3CCN(CC3)C4=CC(=CC=C4)Cl
D00266,CC1CCC(CC1=CC=C2CCCC3(C2CCC3C(C)C=CC(C)C(C)C)C)O
D00267,C(C(C(=O)O)N)C(=O)O
D00268,CC(C)CN(CC(C(CC1=CC=CC=C1)NC(=O)OC2COC3C2CCO3)O)S(=O)(=O)C4=CC=C(C=C4)N
D00269,CC1C(O1)P(=O)(O)O
D00270,COCCOC1=C(C=C2C(=C1)C(=NC=N2)NC3=CC=CC(=C3)C#C)OCCOC
D00271,C(CC(=O)NC(CS)C(=O)NCC(=O)O)C(C(=O)O)N
D00272,CCCCCCCCCCCCCCCCCC(=O)O[Al].O.O
D00273,C1=CN=CC=C1N
D00274,CC1=CC=C(C=C1)C(=O)C2=CC(=C(C(=C2)O)O)[N+](=O)[O-]
D00275,CC1(C(=O)N2C(C(=O)N3CCCC3C2(O1)O)CC4=CC=CC=C4)NC(=O)C5CN(C6CC7=CNC8=CC=CC(=C78)C6=C5)C
D00276,CC(CC1C2=CC=CC=C2CCC3=CC=CC=C13)CN(C)C
D00277,CC(C)(C)NCC(COC1=NSN=C1N2CCOCC2)O
D00278,CCC1C(C(C(C(=O)C(CC(C(C(C(C(C(=O)O1)C)OC2CC(C(C(O2)C)O)(C)OC)C)OC3C(C(CC(O3)C)N(C)C)O)(C)O)C)C)O)(C)O
D00279,C1CCN(CC1)CCC(C2CC3CC2C=C3)(C4=CC=CC=C4)O
D00280,C1=C2C(=CC(=C1Cl)S(=O)(=O)N)S(=O)(=O)NC(N2)C(Cl)Cl
D00281,CC(=O)NC(C=O)C(C(C(CO)O)O)O
D00282,CC(=O)N=C1N(N=C(S1)S(=O)(=O)N)C
D00283,C1C2=NN=CN2C3=C(C=C(C=C3)Cl)C(=N1)C4=CC=CC=C4
D00284,C1CC(=O)C(C(=O)C1)C(=O)C2=C(C=C(C=C2)C(F)(F)F)[N+](=O)[O-]
D00285,CCC1(C(=O)NC(=O)NC1=O)C2=CCCCCC2
D00286,CCN1C=C(C(=O)C2=CC(=C(C(=C21)F)N3CCNC(C3)C)F)C(=O)O
D00287,CC(C)NCC(COC1=CC=C(C=C1)CC(=O)N)O
D00288,CN1CCC(=C2C3=CC=CC=C3C=CC4=CC=CC=C42)CC1
D00289,CN1CCCC1C2=CN=CC=C2
D00290,CC1(C(N2C(S1)C(C2=O)NC(=O)C(C3=CSC=C3)C(=O)O)C(=O)O)C
D00291,CN(C)CCCN1C2=CC=CC=C2SC3=CC=CC=C31
D00292,CC1=C(C=C(C=C1)NC(=O)C2=CC=C(C=C2)CN3CCN(CC3)C)NC4=NC=CC(=N4)C5=CN=CC=C5
D00293,CC(C)CC1C(=O)N2CCCC2C3(N1C(=O)C(O3)(C(C)C)NC(=O)C4CN(C5CC6=C(NC7=CC=CC(=C67)C5=C4)Br)C)O
D00294,CCCCCCCCCCCCCCCCCCCCCCO
D00295,C1=C(C=C(C(=C1I)OC2=CC(=C(C(=C2)I)O)I)I)CC(C(=O)O)N
D00296,CC(=O)OCC1=C(N2C(C(C2=O)NC(=O)CSC3=CC=NC=C3)SC1)C(=O)O
D00297,CN(C)CC1CCCCC1(C2=CC(=CC=C2)OC)O
D00298,CCCCN(CCCC)CCC(C1=C2C=CC(=CC2=C3C=C(C=C(C3=C1)Cl)Cl)C(F)(F)F)O
D00299,CC(C)COCC(CN(CC1=CC=CC=C1)C2=CC=CC=C2)N3CCCC3
D00300,CC1CC2C3CCC4=CC(=O)C=CC4(C3(C(CC2(C1C(=O)CO)C)O)F)C
D00301,C(CC(=O)O)C(=O)O
D00302,C1CN(CC=C1N2C3=CC=CC=C3NC2=O)CCCC(=O)C4=CC=C(C=C4)F
D00303,CN1C2=C(C(=O)N(C1=O)C)NC=N2.CN1C2=C(C(=O)N(C1=O)C)NC=N2.C(CN)N
D00304,CC(C(=O)NCC(=O)O)SC(=O)C1=CC=CS1
D00305,C1=CN=CC=C1N
D00306,C1=CC(=CC=C1N)S(=O)(=O)C2=CC=C(C=C2)N
D00307,CCCCC1=C(C2=C(O1)C=CC(=C2)NS(=O)(=O)C)C(=O)C3=CC=C(C=C3)OCCCN(CCCC)CCCC
D00308,COC1=CC=CC=C1OCC(COC(=O)N)O
D00309,CC(C1=CC=C(S1)C(=O)C2=CC=CC=C2)C(=O)O
D00310,CCOCCN1C2=CC=CC=C2N=C1N3CCCN(CC3)C
D00311,C1CC(=O)NC(=O)C1N2C(=O)C3=CC=CC=C3C2=O
D00312,CC1=CC=C(C=C1)C2=CC(=NN2C3=CC=C(C=C3)S(=O)(=O)N)C(F)(F)F
D00313,CCCC(C)C1(C(=O)NC(=S)NC1=O)CC
D00314,CNCCCC12CCC(C3=CC=CC=C31)C4=CC=CC=C24
D00315,CC(CN1C2=CC=CC=C2SC3=C1C=C(C=C3)OC)CN(C)C
D00316,C1CC(OC1CO)N2C=NC3=C2N=CNC3=O
D00317,C1=NC(=C2C(=N1)N(C=N2)C3C(C(C(O3)COP(=O)(O)OP(=O)(O)OP(=O)(O)O)O)O)N
D00318,CCOC(=O)NC1=CC2=C(C=C1)SC3=CC=CC=C3N2C(=O)CCN4CCOCC4
D00319,C1=CC(=C(C=C1Cl)Cl)COC(CN2C=CN=C2)C3=C(C=C(C=C3)Cl)Cl
D00320,C1C[N+]2(CCC1C(C2)OC(=O)C(C3=CC=CS3)(C4=CC=CS4)O)CCCOC5=CC=CC=C5
D00321,CC1=CC(=C(C=C1)NC2=C(C=CC=C2Cl)F)CC(=O)O
D00322,CC(C)(C1=CN=CC=C1)C(=O)C2=CN=CC=C2
D00323,CCN1C=C(C(=O)C2=CC(=C(C=C21)N3CCNCC3)F)C(=O)O
D00324,CC1(C(N2C(S1)C(C2=O)NC(=O)C(C3=CC=CC=C3)NC(=O)N4CCNC4=O)C(=O)O)C
D00325,CCOC(=O)C1=CN=CN1C(C)C2=CC=CC=C2
D00326,C1=CC(=CC=C1NCS(=O)O)S(=O)(=O)C2=CC=C(C=C2)NCS(=O)O
D00327,CCCCCOC1=CC=C(C=C1)C2=CC(=NO2)C3=CC=C(C=C3)C(=O)NC4CC(C(NC(=O)C5C(C(CN5C(=O)C(NC(=O)C(NC(=O)C6CC(CN6C(=O)C(NC4=O)C(C)O)O)C(C(C7=CC(=C(C=C7)O)OS(=O)(=O)O)O)O)C(CC(=O)N)O)C)O)O)O
D00328,CC1=CC(=O)N2CC(=O)N(C3=C(C2(O1)C4=CC=CC=C4)C=C(C=C3)Cl)C
D00329,CC(C)C(C(=O)O)N
D00330,C1=CC(=C(C=C1C(CN)O)O)O
D00331,CC(C=CC(C1CC1)O)C2CCC3C2(CCCC3=CC=C4CC(CC(C4=C)O)O)C
D00332,CCC1C=C(CC(CC(C2C(CC(C(O2)(C(=O)C(=O)N3CCCCC3C(=O)OC(C(C(CC1=O)O)C)C(=CC4CCC(C(C4)OC)Cl)C)O)C)OC)OC)C)C
D00333,CC1=CN=C(S1)NC(=O)C2=C(C3=CC=CC=C3S(=O)(=O)N2C)O
D00334,CC(=O)OC1C=CC2C3CC4=C5C2(C1OC5=C(C=C4)OC(=O)C)CCN3C
D00335,C1C(=O)NC2=C(C=C(C=C2)Br)C(=N1)C3=CC=CC=N3
D00336,COC(=O)CCC(=O)CN
D00337,C1=CC(=CC=C1SC(P(=O)(O)O)P(=O)(O)O)Cl
D00338,CCC(CO)NCCNC(CC)CO
D00339,CC1C(C(CC(O1)OC2CC(CC3=C2C(=C4C(=C3O)C(=O)C5=C(C4=O)C(=CC=C5)OC)O)(C(=O)CO)O)N)O
D00340,CCN(CC)CCCC(C)NC1=C2C=CC(=CC2=NC=C1)Cl
D00341,COC1=CC2=C(C=CN=C2C=C1)C(C3CC4CCN3CC4C=C)O
D00342,C1=CC(=C(C=C1N=NC2=CC(=C(C=C2)O)C(=O)O)C(=O)O)O
D00343,C[N+](C)(C)CCO
D00344,CCC(=O)N(C1=CC=CC=C1)C2(CCN(CC2)CCC3=CC=CS3)COC
D00345,C1=CC=C2C(=C1)C(=NO2)CS(=O)(=O)N
D00346,CCC(C)C1(C(=O)NC(=O)NC1=O)CC
D00347,C1CN=C(N1)CC2=CC=CC=C2
D00348,CC1=C(OC2=C(C1=O)C=CC=C2C(=O)OCCN3CCCCC3)C4=CC=CC=C4
D00349,CC1=CC2=C(C=C1C)N(C=N2)C3C(C(C(O3)CO)OP(=O)([O-])OC(C)CNC(=O)CCC4(C(C5C6(C(C(C(=N6)C(=C7C(C(C(=N7)C=C8C(C(C(=N8)C(=C4[N-]5)C)CCC(=O)N)(C)C)CCC(=O)N)(C)CC(=O)N)C)CCC(=O)N)(C)CC(=O)N)C)CC(=O)N)C)O.O.[Co]
D00350,CC(C(C1=C(C=CC(=C1)OC)OC)O)N
D00351,CN(C)CCC=C1C2=CC=CC=C2CCC3=CC=CC=C31
D00352,CC1OCC2C(O1)C(C(C(O2)OC3C4COC(=O)C4C(C5=CC6=C(C=C35)OCO6)C7=CC(=C(C(=C7)OC)O)OC)O)O
D00353,CC(C(C1=CC(=CC=C1)O)O)N
D00354,C1=CC=C2C(=C1)C=NN=C2NN
D00355,C1=CC=C(C(=C1)CC(=O)O)NC2=C(C=CC=C2Cl)Cl
D00356,C(CC(C(=O)O)N)CNC(=O)N
D00357,C1CC(=O)NC2=C1C=CC(=C2)OCCCCN3CCN(CC3)C4=C(C(=CC=C4)Cl)Cl
D00358,C1=CC=C(C(=C1)C2=NN(C(=N2)C3=CC=CC=C3O)C4=CC=C(C=C4)C(=O)O)O
D00359,CC1(OC2COC3(C(C2O1)OC(O3)(C)C)COS(=O)(=O)N)C
D00360,CC(C(=O)O)N
D00361,COC1=CC2=C(C=CN=C2C=C1)C(C3CC4CCN3CC4C=C)O
D00362,COC1=CC(=CC(=C1O)OC)C2C3C(COC3=O)C(C4=CC5=C(C=C24)OCO5)OC6C(C(C7C(O6)COC(O7)C8=CC=CS8)O)O
D00363,CC(C)(C(=O)O)ON=C(C1=CSC(=N1)N)C(=O)NC2C3N(C2=O)C(=C(CS3)C[N+]4=CC=CC=C4)C(=O)[O-]
D00364,COC1=CC2=C(C=CN=C2C=C1)C(C3CC4CCN3CC4C=C)O
D00365,CNCCCC12CCC(C3=CC=CC=C31)C4=CC=CC=C24
D00366,COC1=C(C=CC(=C1)NS(=O)(=O)C)NC2=C3C=CC=CC3=NC4=CC=CC=C42
D00367,CCNC(=O)N(CCCN(C)C)C(=O)C1CC2C(CC3=CNC4=CC=CC2=C34)N(C1)CC=C
D00368,CC(=O)NC1=CC=C(C=C1)O
D00369,CCN(CCCC(C)NC1=C2C=CC(=CC2=NC=C1)Cl)CCO
D00370,CC(CN1C2=CC=CC=C2SC3=C1C=C(C=C3)OC)CN(C)C
D00371,C1=CC=C2C(=C1)C(=NO2)CS(=O)(=O)N
D00372,O=[As]O[As]=O
D00373,CC1C=CC=CCCC=CC=CC=CC=CC(CC2C(C(CC(O2)(CC(C(CCC(CC(CC(CC(=O)OC(C(C1O)C)C)O)O)O)O)O)O)O)C(=O)O)OC3C(C(C(C(O3)C)O)N)O
D00374,CC1COC2=C3N1C=C(C(=O)C3=CC(=C2N4CCN(CC4)C)F)C(=O)O
D00375,CCC(=O)N(C1=CC=CC=C1)C2(CCN(CC2)CCN3C(=O)N(N=N3)CC)COC
D00376,C(CC(C(=O)O)N)CN
D00377,CC1=CC(=C(C=C1)NC2=C(C=CC=C2Cl)F)CC(=O)O
D00378,CC(C(C1=CC=CC=C1)O)N
D00379,CC1=CC=C(C=C1)C(=O)C2=CC=C(N2C)CC(=O)O
D00380,CC1=CC2=C(C=C1C)N(C3=NC(=O)NC(=O)C3=N2)CC(C(C(COP(=O)(O)OP(=O)(O)OCC4C(C(C(O4)N5C=NC6=C(N=CN=C65)N)O)O)O)O)O
D00381,CCCC(C)(COC(=O)N)COC(=O)N
D00382,C#CC1(CCCCC1)OC(=O)N
D00383,CC12CCC(=O)C=C1C3CC3C4C2CCC5(C4C6CC6C57CCC(=O)O7)C
D00384,CCCNS(=O)(=O)NC1=C(C(=NC=N1)OCCOC2=NC=C(C=N2)Br)C3=CC=C(C=C3)Br
D00385,CCC1(C(=O)NC(=O)N(C1=O)C)C2=CC=CC=C2
D00386,CCN1CCCC1CNC(=O)C2=C(C=CC(=C2OC)Br)OC
D00387,CC(=O)OC1C=CC2C3CC4=C5C2(C1OC5=C(C=C4)OC(=O)C)CCN3C
D00388,CC1=C2C(C(=O)C3(C(CC4C(C3C(C(C2(C)C)(CC1OC(=O)C(C(C5=CC=CC=C5)NC(=O)C6=CC=CC=C6)O)O)OC(=O)C7=CC=CC=C7)(CO4)OC(=O)C)O)C)OC(=O)C
D00389,CC(=O)OC1C(SC2=CC=CC=C2N(C1=O)CCN(C)C)C3=CC=C(C=C3)OC
D00390,CC(=O)C(=O)O
D00391,CCCCC1=NC(=C(N1CC2=CC=C(C=C2)C3=CC=CC=C3C4=NNN=N4)CO)Cl
D00392,CC(=O)NCCC1=CC=CC2=C1C=C(C=C2)OC
D00393,COC1=C(C=C2C(=C1)N=CN=C2NC3=CC(=C(C=C3)F)Cl)OCCCN4CCOCC4
D00394,CN1C(=O)CN=C(C2=C1C=CC(=C2)Cl)C3=CC=CC=C3F
D00395,CCN(CC)CCS(=O)(=O)C1CCN2C1C(=O)OC(C(C=CC(=O)NCC=CC(=CC(CC(=O)CC3=NC(=CO3)C2=O)O)C)C)C(C)C
D00396,C[N+]1(C2CCC1CC(C2)OC(=O)C(C3=CC=CC=C3)O)C.[Br-]
D00397,C1CCCN(CCC1)CCN=C(N)N
D00398,CC(=O)OC1CC2CCC3C(C2(CC1[N+]4(CCCCC4)C)C)CCC5(C3CC(C5OC(=O)C)[N+]6(CCCCC6)C)C
D00399,CC(C)CC(C(=O)O)N
D00400,CNC1(CCCCC1=O)C2=CC=CC=C2Cl
D00401,CC(C=CC(C)C(C)(C)O)C1CCC2C1(CCCC2=CC=C3CC(CC(C3)O)O)C
D00402,CC(C)CC1C(=O)N2CCCC2C3(N1C(=O)C(O3)(C(C)C)NC(=O)C4CN(C5CC6=C(NC7=CC=CC(=C67)C5=C4)Br)C)O
D00403,CCC(C)CCCCC(=O)NC(CCN)C(=O)NC(C(C)O)C(=O)NC(CCN)C(=O)NC1CCNC(=O)C(NC(=O)C(NC(=O)C(NC(=O)C(NC(=O)C(NC(=O)C(NC1=O)CCN)CC2=CC=CC=C2)CC(C)C)CCN)CCN)C(C)O
D00404,CC(C)C(=O)OCC(=O)C12C(CC3C1(CC(C4C3CCC5=CC(=O)C=CC45C)O)C)OC(O2)C6CCCCC6
D00405,CCCC(C)C1(C(=O)NC(=S)NC1=O)CC
D00406,CCOC(=O)C1=C(NC(=C(C1C2=CC(=CC=C2)[N+](=O)[O-])C(=O)OC)C)C
D00407,CC1=NC2=C(C=C(C=C2)CN(C)C3=CC=C(S3)C(=O)NC(CCC(=O)O)C(=O)O)C(=O)N1
D00408,CC1=CC2=C(S1)NC3=CC=CC=C3N=C2N4CCN(CC4)C
D00409,CC1CC(=O)C2(C(O1)OC3C(C(C(C(C3O2)NC)O)NC)O)O
D00410,CC(=O)C1CCC2C1(CCC3C2CCC4=CC(=O)CCC34C)C
D00411,CC(C)C(CC(C)N(C)C)(C#N)C1=CC=CC=C1
D00412,CC12CCC3C(C1CCC2O)CCC4=C3C=CC(=C4)O
D00413,CCCCCC(CCC1C(CC2C1CC3=C(C2)C(=CC=C3)OCC(=O)O)O)O
D00414,CC1=C2COC(=O)C2=C(C(=C1OC)CC=C(C)CCC(=O)O)O
D00415,CC(C)(C)NCC(C1=CC(=C(C=C1)O)CO)O
D00416,CCCCC(C)(CC=CC1C(CC(=O)C1CCCCCCC(=O)OC)O)O
D00417,C1CN(CCC1O)CCCN2C3=CC=CC=C3SC4=C2C=C(C=C4)C#N
D00418,CCOC1=C(C2=CC=CC=C2C=C1)C(=O)NC3C4N(C3=O)C(C(S4)(C)C)C(=O)O
D00419,CCN(CC)CCCC(C)NC1=C2C=CC(=CC2=NC=C1)Cl
D00420,C(C(OC(F)F)(F)F)(F)Cl
D00421,CC1CC2=CC=CC=C2N1NC(=O)C3=CC(=C(C=C3)Cl)S(=O)(=O)N
D00422,CC1CC2C3CC(C4=CC(=O)C=CC4(C3(C(CC2(C1(C(=O)CCl)O)C)O)F)C)F
D00423,CCCCOC1=C(C=CC(=C1)C(=O)OCCN(CC)CC)N
D00424,C1C(=O)NC2=C(C=C(C=C2)[N+](=O)[O-])C(=N1)C3=CC=CC=C3Cl
D00425,CCCCCC(CCC1C(CC2C1CC3=C(C2)C(=CC=C3)OCC(=O)O)O)O
D00426,COC(=O)C1C(CCC2C1CC3C4=C(CCN3C2)C5=CC=CC=C5N4)O
D00427,CCN(CCCC(C)NC1=C2C=CC(=CC2=NC=C1)Cl)CCO
D00428,CCCCNC1=C(C(=CC(=C1)C(=O)O)S(=O)(=O)N)OC2=CC=CC=C2
D00429,C1=CC=C(C=C1)CSCC2=NS(=O)(=O)C3=CC(=C(C=C3N2)Cl)S(=O)(=O)N
D00430,CC12CC(C3(C(C1CC(C2(C(=O)CO)O)O)CCC4=CC(=O)C=CC43C)F)O
D00431,[N+](=O)([O-])[O-].[N+](=O)([O-])[O-].[N+](=O)([O-])[O-].[Ga+3]
D00432,CN(C)CCC=C1C2=CC=CC=C2COC3=CC=CC=C31
D00433,CCCC1=NC(=C(N1CC2=CC=C(C=C2)C3=CC=CC=C3C4=NNN=N4)C(=O)O)C(C)(C)O
D00434,C1C(=O)NC2=C(C=C(C=C2)Br)C(=N1)C3=CC=CC=N3
D00435,C1=CC=C(C(=C1)C(=O)O)O
D00436,CC12CCC3C(C1CCC2O)CCC4=C3C=CC(=C4)OC(=O)N(CCCl)CCCl
D00437,CC(C)(CCCC(CC(=O)OC)(C(=O)OC1C2C3=CC4=C(C=C3CCN5C2(CCC5)C=C1OC)OCO4)O)O
D00438,C(CC(=O)NC(CS)C(=O)NCC(=O)O)C(C(=O)O)N
D00439,CN1C2=C(C(=O)N(C1=O)C)N(C=N2)CC(CO)O
D00440,CC(CCC(=O)O)C1CCC2C1(CCC3C2C(CC4C3(CCC(C4)O)C)O)C
D00441,CCOC(=O)C1(CCN(CC1)C)C2=CC=CC=C2
D00442,C1=CC(=C(C(=C1)Cl)CC(=O)N=C(N)N)Cl
D00443,CC12CCCCCC(C1N)CC3=C2C=C(C=C3)O
D00444,CC(C)(C)C(C)(C1CC23CCC1(C4C25CCN(C3CC6=C5C(=C(C=C6)O)O4)CC7CC7)OC)O
D00445,CC(C)(C)NCC(C1=NC(=C(C=C1)O)CO)O
D00446,CCC1(C(=O)NCNC1=O)C2=CC=CC=C2
D00447,[Fe]
D00448,CCOC(=O)N1C=CN(C1=S)C
D00449,C1C(=O)NC(=O)N1N=CC2=CC=C(O2)C3=CC=C(C=C3)[N+](=O)[O-]
D00450,C1=CC(=C(C=C1Cl)Cl)COC(CN2C=CN=C2)C3=C(C=C(C=C3)Cl)Cl
D00451,CC1CC2C3CC(C4=CC(=O)C=CC4(C3(C(CC2(C1(C(=O)SCF)OC(=O)C5=CC=CO5)C)O)F)C)F
D00452,CC1=C(C=C(C=C1)C(=O)NC2=CC(=C(C=C2)CN3CCN(CC3)C)C(F)(F)F)C#CC4=CN=C5N4N=CC=C5
D00453,C1CCC(C(C1)N)N.C(=O)(C(=O)O)O.[Pt+2]
D00454,CCN1C=C(C(=O)C2=CC(=C(C=C21)N3CCN(CC3)C)F)C(=O)O
D00455,CCC(=C)C(=O)C1=C(C(=C(C=C1)OCC(=O)O)Cl)Cl
D00456,C(CC(=O)NC(CS)C(=O)NCC(=O)O)C(C(=O)O)N
D00457,CC1C=CC=C(C(=O)NC2=C(C3=C(C4=C(C(=C3O)C)OC(C4=O)(OC=CC(C(C(C(C(C(C1O)C)O)C)OC(=O)C)C)OC)C)C5=C2N6C=CC(=CC6=N5)C)O)C
D00458,CCOC(=O)CNC(C1CCCCC1)C(=O)N2CCC2C(=O)NCC3=CC=C(C=C3)C(=NO)N
D00459,CC12CCC3C(C1CCC2=O)CC(=C)C4=CC(=O)C=CC34C
D00460,C1CN(CCN1)C2=NC3=CC=CC=C3OC4=C2C=C(C=C4)Cl
D00461,C1=NC(=C2C(=N1)N(C=N2)C3C(C(C(O3)COP(=O)(O)O)O)O)N
D00462,CN(CCCNC(=O)C1CCCO1)C2=NC3=CC(=C(C=C3C(=N2)N)OC)OC
D00463,CC(C1=C(C=CC(=C1Cl)F)Cl)OC2=C(N=CC(=C2)C3=CN(N=C3)C4CCNCC4)N
D00464,CCN(CC)CCN1C(=O)CN=C(C2=C1C=CC(=C2)Cl)C3=CC=CC=C3F
D00465,CCCN1C2=C(C(=O)NC1=O)NC=N2
D00466,CN(C)CCC=C1C2=CC=CC=C2CCC3=CC=CC=C31
D00467,C1=CC(=C(C(=C1)Cl)SC(CCC2=CC=C(C=C2)Cl)CN3C=CN=C3)Cl
D00468,C(CC(=O)O)C(=O)O
D00469,COC(=O)C=CC(=O)OC
D00470,CC(C1=CC(=CC(=C1)C(F)(F)F)C(F)(F)F)OC2C(N(CCO2)CC3=NNC(=O)N3)C4=CC=C(C=C4)F
D00471,CCC1=CC=C(C=C1)C(=O)C(C)CN2CCCCC2
D00472,CCNC(C)CC1=CC(=CC=C1)C(F)(F)F
D00473,CCN1C=C(C(=O)C2=CC(=C(C(=C21)F)N3CCNC(C3)C)F)C(=O)O
D00474,CCC(C)C1(C(=O)NC(=O)NC1=O)CC
D00475,CN(C)CCOC(=O)C(C1=CC=CC=C1)C2(CCCC2)O
D00476,CCC(=O)C1(CCN(CC1)C)C2=CC(=CC=C2)O
D00477,C1CC[N+]2(C1)C3CCC2CC(C3)OC(=O)C(C4=CC=CC=C4)(C5=CC=CC=C5)O
D00478,CC1C(C(CC(O1)OC2C(OC(CC2O)OC3C(OC(CC3O)OC4CCC5(C(C4)CCC6C5CCC7(C6(CCC7C8=CC(=O)OC8)O)C)C)C)C)OC(=O)C)O
D00479,CC1=CC=C(C=C1)C2=C(N3C=C(C=CC3=N2)C)CC(=O)N(C)C
D00480,C1=CC(=C(C=C1Cl)Cl)CON=C(CN2C=CN=C2)C3=C(C=C(C=C3)Cl)Cl
D00481,C1CCC2C(C1)CC(N2C(=O)C3CC4=CC=CC=C4CN3C(=O)C(CO)NC(=O)C(CC5=CC=CS5)NC(=O)CNC(=O)C6CC(CN6C(=O)C7CCCN7C(=O)C(CCCN=C(N)N)NC(=O)C(CCCN=C(N)N)N)O)C(=O)NC(CCCN=C(N)N)C(=O)O
D00482,C1C(=O)NC2=C(C=C(C=C2)[N+](=O)[O-])C(=N1)C3=CC=CC=C3
D00483,C1CN(CC2=C1SC=C2)CC3=CC=CC=C3Cl
D00484,CN1CCCCC1CCN2C3=CC=CC=C3SC4=C2C=C(C=C4)SC
D00485,CN1CC2C(C1)C3=C(C=CC(=C3)Cl)OC4=CC=CC=C24.C(=CC(=O)O)C(=O)O
D00486,CC1=CC2=C(S1)NC3=CC=CC=C3N=C2N4CCN(CC4)C
D00487,C1=NC(=NN1C2C(C(C(O2)CO)O)O)C(=O)N
D00488,CCN(CC)CCOC(=O)C1=C(C=C(C=C1)N)Cl
D00489,CC1C(=O)NC(C(=O)NC(=CNC(=O)N)C(=O)NC(C(=O)NCC(C(=O)N1)N)C2CCNC(=N2)N)CNC(=O)CC(CCCN)N.C1CNC(=NC1C2C(=O)NCC(C(=O)NC(C(=O)NC(C(=O)NC(=CNC(=O)N)C(=O)N2)CNC(=O)CC(CCCN)N)CO)N)N
D00490,CCNC(=O)N(CCCN(C)C)C(=O)C1CC2C(CC3=CNC4=CC=CC2=C34)N(C1)CC=C
D00491,CN1CCC23C4C(=O)CCC2(C1CC5=C3C(=C(C=C5)O)O4)O
D00492,C1=CC=C(C(=C1)C2=NC(C(=O)N(C3=C2C=C(C=C3)Cl)CCC#N)O)F
D00493,CC1=C(SC=C1)C(=CCCN2CCCC(C2)C(=O)O)C3=C(C=CS3)C
D00494,CC(C(=O)C1=CC(=CC=C1)Cl)NC(C)(C)C
D00495,C[N+]1=CC=CC=C1C=NO
D00496,CNCCC=C1C2=CC=CC=C2CCC3=CC=CC=C31
D00497,CC1=C2COC(=O)C2=C(C(=C1OC)CC=C(C)CCC(=O)OCCN3CCOCC3)O
D00498,CCCN(CCC1=CC=CS1)C2CCC3=C(C2)C=CC=C3O
D00499,CC(C)OP(=O)(OC(C)C)F
D00500,CCC1(C(=O)NCNC1=O)C2=CC=CC=C2
D00501,CC1(C2CCC(C2)C1(C)NC)C
D00502,CN1CCC(=C2C3=C(C(=O)CC4=CC=CC=C42)SC=C3)CC1
D00503,C1C(C(C(C(C1N)OC2C(C(C(C(O2)CN)O)O)O)O)OC3C(C(C(C(O3)CO)O)N)O)N
D00504,CC(=O)SC1CC2=CC(=O)CCC2(C3C1C4CCC5(C4(CC3)C)CCC(=O)O5)C
D00505,CCC(CC1=C(C(=C(C=C1I)I)N)I)C(=O)O
D00506,C1CN2C(=CC=C2C(=O)C3=CC=CC=C3)C1C(=O)O
D00507,CC1C(C(C(C(O1)OCC2C(C(C(C(O2)OC3=CC(=C4C(=C3)OC(=CC4=O)C5=CC(=C(C=C5)OC)O)O)O)O)O)O)O)O
D00508,C1CN(CCN1CCOCCO)C2=NC3=CC=CC=C3SC4=CC=CC=C42
D00509,CC(C)CC(C(=O)NC(CCCN=C(N)N)C(=O)N1CCCC1C(=O)NCC(=O)N)NC(=O)C(CC2=CC3=CC=CC=C3C=C2)NC(=O)C(CC4=CC=C(C=C4)O)NC(=O)C(CO)NC(=O)C(CC5=CNC6=CC=CC=C65)NC(=O)C(CC7=CN=CN7)NC(=O)C8CCC(=O)N8
D00510,CC(C)[N+](C)(CCC(C1=CC=CC=C1)(C2=CC=CC=C2)C(=O)N)C(C)C
D00511,COC1=CC=C(C=C1)C2C(=O)C3=CC=CC=C3C2=O
D00512,CCCN(CCC)CCC1=C2CC(=O)NC2=CC=C1
D00513,CCCC1=NN(C2=C1N=C(NC2=O)C3=C(C=CC(=C3)S(=O)(=O)N4CCN(CC4)C)OCC)C
D00514,CN(C)C1C2CC3C(C4=C(C=CC(=C4C(=C3C(=O)C2(C(=C(C1=O)C(=O)N)O)O)O)O)Cl)O
D00515,CCOC(=O)C1=C(NC(=C(C1C2=CC=CC=C2Cl)C(=O)OC)C)COCCN
D00516,CC(C)NCC(COC1=CC=C(C=C1)CCOC)O
D00517,C(C(F)(F)F)(OC(F)F)F
D00518,CC1=CC=CC=C1C(C2=CC=CC=C2)OCCN(C)C
D00519,CN1C(=O)CC(=O)N(C2=C1C=CC(=C2)Cl)C3=CC=CC=C3
D00520,CCC(C)C1(C(=O)NC(=O)NC1=O)CC=C
D00521,CCOC(CN1CCN(CC1)CC(C)C(=O)C2=CC=CC=C2)C3=CC=CC=C3
D00522,COC(=O)C1C(CCC2C1CC3C4=C(CCN3C2)C5=CC=CC=C5N4)O
D00523,CC1=C(C(=CC=C1)Cl)NC(=O)C2=CN=C(S2)NC3=CC(=NC(=N3)C)N4CCN(CC4)CCO
D00524,CCCC(C)(COC(=O)N)COC(=O)N
D00525,CC1=CN=C(C(=C1OC)C)CS(=O)C2=NC3=C(N2)C=C(C=C3)OC
D00526,CCOC(=O)OC(C)OC(=O)C1C(SC2N1C(=O)C2NC(=O)C(C3=CC=CC=C3)N)(C)C
D00527,CC1(C(N2C(S1)C(C2=O)NC(=O)C3=C(C=CC=C3OC)OC)C(=O)O)C
D00528,CC(C)NCC(C1=CC(=C(C=C1)O)O)O
D00529,C1=CC(=C(C=C1Cl)Cl)C(CN2C=CN=C2)OCC3=C(SC=C3)Cl
D00530,CN(C)CCCC1(C2=C(CO1)C=C(C=C2)C#N)C3=CC=C(C=C3)F
D00531,CC1C(C(CC(O1)OC2C(OC(CC2O)OC3C(OC(CC3O)OC4CCC5(C(C4)CCC6C5CCC7(C6(CCC7C8=CC(=O)OC8)O)C)C)C)C)O)O
D00532,CN(C)CCCN1C2=CC=CC=C2CCC3=CC=CC=C31
D00533,C[N+]1(CCCC1)CC2=C(N3C(C(C3=O)NC(=O)C(=NOC)C4=CSC(=N4)N)SC2)C(=O)[O-]
D00534,CN1C(=O)CC(=O)N(C2=C1C=CC(=C2)Cl)C3=CC=CC=C3
D00535,CC1OC2(CN3CCC2CC3)CS1
D00536,CCCN(CCC)CCC1=C2CC(=O)NC2=CC=C1
D00537,C(P(=O)(O)O)(P(=O)(O)O)(Cl)Cl
D00538,C1CCC2(C1)CC(=O)N(C(=O)C2)CCCCN3CCN(CC3)C4=NC=CC=N4
D00539,CN1CCCN=C1COC(=O)C(C2CCCCC2)(C3=CC=CC=C3)O
D00540,CC1=C(OC2=C(C1=O)C=CC=C2C(=O)OCCN3CCCCC3)C4=CC=CC=C4
D00541,O.[O-]Cl=O.[O-]Cl=O.[O-]Cl=O.[O-]Cl=O.O=O
D00542,CC1=CC2=C(C=C1C)N(C3=NC(=O)NC(=O)C3=N2)CC(C(C(COP(=O)(O)OP(=O)(O)OCC4C(C(C(O4)N5C=NC6=C(N=CN=C65)N)O)O)O)O)O
D00543,CC(C(C1CNC2=C(N1)C(=O)NC(=N2)N)O)O
D00544,CC1C(C(CC(O1)OC2CCC3(C(C2)CCC4C3CC(C5(C4(CCC5C6=CC(=O)OC6)O)C)O)C)O)OC7CC(C(C(O7)C)OC8CC(C(C(O8)C)OC9C(C(C(C(O9)CO)O)O)O)O)O
D00545,C(C(OC(F)F)(F)F)(F)Cl
D00546,CN(CCCNC(=O)C1CCCO1)C2=NC3=CC(=C(C=C3C(=N2)N)OC)OC
D00547,CC1C(C(CC(O1)OC2CC(OC(C2O)C)OC3=CC4=CC5=C(C(=O)C(C(C5)C(C(=O)C(C(C)O)O)OC)OC6CC(C(C(O6)C)O)OC7CC(C(C(O7)C)O)OC8CC(C(C(O8)C)O)(C)O)C(=C4C(=C3C)O)O)O)O
D00548,CC(=O)NCCCS(=O)(=O)O
D00549,CC1C(C(CC(O1)OC2C(C(C(OC2OC3=C4C=C5C=C3OC6=C(C=C(C=C6)C(C(C(=O)NC(C(=O)NC5C(=O)NC7C8=CC(=C(C=C8)O)C9=C(C=C(C=C9O)O)C(NC(=O)C(C(C1=CC(=C(O4)C=C1)Cl)O)NC7=O)C(=O)O)CC(=O)N)NC(=O)C(CC(C)C)NC)O)Cl)CO)O)O)(C)N)O
D00550,CCCCC1(C(=O)NC(=O)NC1=O)CC
D00551,C1=NC2=C(N1COC(CO)CO)N=C(NC2=O)N
D00552,CCOC1=C(C=CC(=C1)CC(=O)NC(CC(C)C)C2=CC=CC=C2N3CCCCC3)C(=O)O
D00553,C(=O)(O)P(=O)(O)O
D00554,C(CC(=O)NC(CS)C(=O)NCC(=O)O)C(C(=O)O)N
D00555,CS(=O)(=O)C1=CC(=C(C=C1)C(=O)NC2=CC(=C(C=C2)Cl)C3=CC=CC=N3)Cl
D00556,CC(=O)OC1=CC=CC=C1C(=O)O
D00557,C1=CC(=CC=C1NC(=NC(=NCCCCCCN=C(N)N=C(N)NC2=CC=C(C=C2)Cl)N)N)Cl
D00558,C[N+]1(CCC2=CC(=C(C(=C2C1CC3=CC(=C(C(=C3)OC)OC)OC)OC)OC)OC)CCCOC(=O)CCC(=O)OCCC[N+]4(CCC5=CC(=C(C(=C5C4CC6=CC(=C(C(=C6)OC)OC)OC)OC)OC)OC)C
D00559,CN(C)CCOC(C1=CC=CC=C1)C2=CC=CC=C2
D00560,CC1C(C(C(C(O1)OC2C(OC(C(C2O)O)OC(C(CO)O)C(C(C=O)O)O)CO)O)O)NC3C=C(C(C(C3O)O)O)CO
D00561,CCN(CC)CCOC(=O)C1=CC=C(C=C1)N
D00562,C1=CC=C(C(=C1)C2=NC(C(=O)N(C3=C2C=C(C=C3)Cl)CCC#N)O)F
D00563,CCOP(=O)(OCC)SCC[N+](C)(C)C
D00564,CC(C)C1=C(C(=C(N1CCC(CC(CC(=O)O)O)O)C2=CC=C(C=C2)F)C3=CC=CC=C3)C(=O)NC4=CC=CC=C4
D00565,C1=CC(=C(C=C1N)O)C(=O)O
D00566,CC1C(C(CC(O1)OC2C(OC(CC2O)OC3C(OC(CC3O)OC4CCC5(C(C4)CCC6C5CC(C7(C6(CCC7C8=CC(=O)OC8)O)C)O)C)C)C)O)O
D00567,C(C(C(=O)O)N)C(=O)O
D00568,CC(C)CC(C(C(=O)NO)O)C(=O)NC(C(=O)NC)C(C)(C)C
D00569,C1=CC2=C(C(=C(C=C2Cl)Cl)O)N=C1
D00570,CC1=CC(=C(C=C1)O)C(CCN(C(C)C)C(C)C)C2=CC=CC=C2
D00571,CCOC(=O)OC(C)OC(=O)C1C(SC2N1C(=O)C2NC(=O)C(C3=CC=CC=C3)N)(C)C
D00572,CCOC(=O)C1=CN=CN1C(C)C2=CC=CC=C2
D00573,C1C(=O)NC2=C(C=C(C=C2)Cl)C(=N1)C3=CC=CC=C3Cl
D00574,COC1=CC2=C(C=CN=C2C=C1)C(C3CC4CCN3CC4C=C)O
D00575,CC(=O)OC1=CC=C(C=C1)C(C2=CC=C(C=C2)OC(=O)C)C3=CC=CC=N3
D00576,CC12CC(C3C(C1CCC2(C(=O)CO)O)CCC4=CC(=O)C=CC34C)O
D00577,CCN1C=C(C(=O)C2=CC(=C(C=C21)N3CCNCC3)F)C(=O)O
D00578,CC1=NN=C2N1C3=C(C=C(C=C3)Cl)C(=NC2)C4=CC=CC=C4Cl
D00579,C(C(C(=O)O)S)(C(=O)O)S
D00580,CCN(C)C(=O)OC1=CC=CC(=C1)C(C)N(C)C
D00581,CC12CCC3C(C1CCC2=O)CCC4=C3C=CC(=C4)O
D00582,C1=CC(=C(C=C1Cl)Cl)COC(CN2C=CN=C2)C3=C(C=C(C=C3)Cl)Cl
D00583,CC1=C(C=C(C=C1)C(=O)NC2=CC(=C(C=C2)CN3CCN(CC3)C)C(F)(F)F)C#CC4=CN=C5N4N=CC=C5
D00584,CC1CCC23CCC(=O)C2C1(C(CC(C(C3C)O)(C)C=C)OC(=O)CSC4CC5CCC(C4)N5C)C
D00585,C1CC(NC1)C(=O)O
D00586,C1C(C(OC1N2C=C(C(=O)NC2=O)I)CO)O
D00587,CC1(OC2COC3(C(C2O1)OC(O3)(C)C)COS(=O)(=O)N)C
D00588,CC(C(=O)NC1=C(C(=C(C(=C1I)C(=O)NC(CO)CO)I)C(=O)NC(CO)CO)I)O
D00589,CC(C)OC(=O)CCCC=CCC1C(CC(C1C=CC(COC2=CC=CC=C2)(F)F)O)O
D00590,C(CS)N
D00591,CCCC(C)(COC(=O)N)COC(=O)N
D00592,CCCCCCCCC1=CC=C(C=C1)CCC(CO)(CO)N
D00593,CNC(=O)C1=NC=CC(=C1)OC2=CC(=C(C=C2)NC(=O)NC3=CC(=C(C=C3)Cl)C(F)(F)F)F
D00594,CC1(CC(=O)N(C1=O)C)C2=CC=CC=C2
D00595,C1CNCC(C2=CC(=C(C(=C21)Cl)O)O)C3=CC=C(C=C3)O
D00596,CC(C)NCC(COC1=CC=C(C=C1)CCC(=O)OC)O
D00597,CC1=C2C(C(=O)C3(C(CC4C(C3C(C(C2(C)C)(CC1OC(=O)C(C(C5=CC=CC=C5)NC(=O)OC(C)(C)C)O)O)OC(=O)C6=CC=CC=C6)(CO4)OC(=O)C)O)C)O
D00598,CC(C1=CC=CC=C1)(C2=CC=CC=N2)OCCN(C)C
D00599,CN(C)CCCN1C2=CC=CC=C2SC3=C1C=C(C=C3)Cl
D00600,C=C1C(CC(C1CO)O)N2C=NC3=C2N=C(NC3=O)N
D00601,CC1=CC=C(C=C1)S(=O)(=O)NC(=O)NN2CCCCCC2
D00602,CC1=CC(=CC(=C1NC2=NC(=NC=C2)NC3=CC=C(C=C3)C#N)C)C=CC#N
D00603,CCOC1=C(C2=CC=CC=C2C=C1)C(=O)NC3C4N(C3=O)C(C(S4)(C)C)C(=O)O
D00604,CC1(C(NC(S1)C(C(=O)NCCCCC(C(=O)O)N)NC(=O)CC2=CC=CC=C2)C(=O)O)C.C(CCN)CC(C(=O)O)N
D00605,"CN1C2CCC1C(C(C2)OC(=O)C3=CC=CC=C3)C(=O)OC
CCCCNC(=O)C1=CC=C(C=C1)N2CCOCC2"
D00606,CCOC(=O)CNC(C1CCCCC1)C(=O)N2CCC2C(=O)NCC3=CC=C(C=C3)C(=NO)N
D00607,CC1=CC(=O)N2CC(=O)N(C3=C(C2(O1)C4=CC=CC=C4)C=C(C=C3)Cl)C
D00608,C(C(C(=O)O)S)(C(=O)O)S
D00609,CCNC(=O)N(CCCN(C)C)C(=O)C1CC2C(CC3=CNC4=CC=CC2=C34)N(C1)CC=C
D00610,CC(C)(C)NCC(COC1=CC=CC2=C1CCCC2=O)O
D00611,CN1CCN2C(C1)C3=CC=CC=C3CC4=CC=CC=C42
D00612,C1C2CC2N(C1C#N)C(=O)C(C34CC5CC(C3)CC(C5)(C4)O)N
D00613,C1CCCN(CCC1)CCN=C(N)N
D00614,CC1=C(C=CC2=C1OC(=O)C(=C2O)NC(=O)C3=CC(=C(C=C3)O)CC=C(C)C)OC4C(C(C(C(O4)(C)C)OC)OC(=O)N)O
D00615,C1C(=S)N(C2=C(C=C(C=C2)Cl)C(=N1)C3=CC=CC=C3F)CC(F)(F)F
D00616,CC(C1=CC(=CC(=C1)C(F)(F)F)C(F)(F)F)OC2C(N(CCO2)CC3=NNC(=O)N3)C4=CC=C(C=C4)F
D00617,CCCC(=O)OCOC(=O)C1=C(NC(=C(C1C2=C(C(=CC=C2)Cl)Cl)C(=O)OC)C)C
D00618,CCCCNC1=C(C(=CC(=C1)C(=O)O)S(=O)(=O)N)OC2=CC=CC=C2
D00619,C1=CC=C(C(=C1)C2=NC(C(=O)NC3=C2C=C(C=C3)Cl)O)Cl
D00620,CC(CCC(=O)O)C1CCC2C1(CCC3C2C(CC4C3(CCC(C4)O)C)O)C
D00621,C1C(=S)N(C2=C(C=C(C=C2)Cl)C(=N1)C3=CC=CC=C3F)CC(F)(F)F
D00622,CC1=C(C(=CC=C1)C)OCC(C)N
D00623,COC1=CC(=CC(=C1OC)OC)C2C3C(COC3=O)C(C4=CC5=C(C=C24)OCO5)O
D00624,CC1C=CC=C(C(=O)NC2=C(C3=C(C4=C(C(=C3O)C)OC(C4=O)(OC=CC(C(C(C(C(C(C1O)C)O)C)OC(=O)C)C)OC)C)C5=C2N6C=CC(=CC6=N5)C)O)C
D00625,CC(C(C1=CC=CC=C1)O)N
D00626,C1C(C(=O)NO1)N
D00627,CC1=C(C2=C(N1C(=O)C3=CC=C(C=C3)Cl)C=CC(=C2)OC)CC(=O)O
D00628,CC(CN1CC(=O)NC(=O)C1)N2CC(=O)NC(=O)C2
D00629,C1(C(C(C(C(C1Cl)Cl)Cl)Cl)Cl)Cl
D00630,C1=NC2=C(N1COC(CO)CO)N=C(NC2=O)N
D00631,CN(C)CCC=C1C2=CC=CC=C2CCC3=CC=CC=C31
D00632,CC1CC2C3CC(C4=CC(=O)C=CC4(C3(C(CC2(C1(C(=O)SCF)OC(=O)C5=CC=CO5)C)O)F)C)F
D00633,CC(C)CC1=CC=C(C=C1)C(C)C(=O)O
D00634,CC(=O)N1CCN(CC1)C2=CC=C(C=C2)OCC3COC(O3)(CN4C=CN=C4)C5=C(C=C(C=C5)Cl)Cl
D00635,CN1CCN(CC1)C2=NC3=CC=CC=C3OC4=C2C=C(C=C4)Cl
D00636,CCC(C)(C(=O)O)OC1=CC=C(C=C1)C2(CCCCC2)C3=CC=C(C=C3)OC(C)(CC)C(=O)O
D00637,C(CC(=O)NC(CS)C(=O)NCC(=O)O)C(C(=O)O)N
D00638,CC(CCC=C(C)C)NC
D00639,CCC1(C(=O)C(CNC1=O)C)CC
D00640,CNC(=C[N+](=O)[O-])NCCSCC1=CC=C(O1)CN(C)C
D00641,C1CC1COC2=C(C=CC(=C2)C(=O)NC3=C(C=NC=C3Cl)Cl)OC(F)F
D00642,CC(C1=CC=CC=C1)(C2=CC=C(C=C2)Cl)OCCC3CCCN3C
D00643,CC1=CC2=C(C=C1C(=C)C3=CC=C(C=C3)C(=O)O)C(CCC2(C)C)(C)C
D00644,CC1=NC=CN1CC2CCC3=C(C2=O)C4=CC=CC=C4N3C
D00645,CCCC(C)C1(C(=O)NC(=S)NC1=O)CC=C
D00646,CC#CCC(C)C(C=CC1C(CC2C1CC(=CCCCC(=O)O)C2)O)O
D00647,C1C2=NN=CN2C3=C(C=C(C=C3)Cl)C(=N1)C4=CC=CC=C4
D00648,CN=C1CN(C(=C2C=C(C=CC2=N1)Cl)C3=CC=CC=C3)O
D00649,CC(C)CC1(C(=O)NC(=O)NC1=O)CC=C
D00650,CC1=CC(=C(C=C1)NC2=C(C=CC=C2Cl)F)CC(=O)O
D00651,CC(C)(C(=O)O)OC1=CC=C(C=C1)CCNC(=O)C2=CC=C(C=C2)Cl
D00652,CC1=C(C(=CC=C1)C)NC(=O)C(C)N
D00653,C1CN(CCN1CCC=C2C3=CC=CC=C3SC4=C2C=C(C=C4)Cl)CCO
D00654,CN1CCN(CC1)C2=NC3=CC=CC=C3OC4=C2C=C(C=C4)Cl
D00655,CN1CCN(CC1)C2=NC3=C(C=CC(=C3)Cl)NC4=CC=CC=C42
D00656,C(=N)(N)N
D00657,CC1=C(N2C(C(C2=O)NC(=O)C(C3=CC=CC=C3)N)SC1)C(=O)O
D00658,CNC1(CCCCC1=O)C2=CC=CC=C2Cl
D00659,COC(C(Cl)Cl)(F)F
D00660,CCCCCCCCCCCC(CC1C(C(=O)O1)CCCCCC)OC(=O)C(CC(C)C)NC=O
D00661,CC1=CC2=C(C=C1C)N(C3=NC(=O)NC(=O)C3=N2)CC(C(C(COP(=O)(O)OP(=O)(O)OCC4C(C(C(O4)N5C=NC6=C(N=CN=C65)N)O)O)O)O)O
D00662,C(C(C(=O)O)N)O
D00663,C1CN(CCN1CC=CC2=CC=CC=C2)C(C3=CC=CC=C3)C4=CC=CC=C4
D00664,CCC=CCC=CCC=CCCCCCCCC(=O)O
D00665,CN(C)CC1CCCCC1(C2=CC(=CC=C2)OC)O
D00666,C1CN(CCC1N2C3=CC=CC=C3NC2=O)CCCC(C4=CC=C(C=C4)F)C5=CC=C(C=C5)F
D00667,CN1CCN(CC1)C2=NC3=CC=CC=C3OC4=C2C=C(C=C4)Cl
D00668,CC(=O)OCC(=O)C12C(CC3C1(CC(C4(C3CC(C5=CC(=O)C=CC54C)F)F)O)C)OC(O2)(C)C
D00669,CN1CCN(CC1)C2=NC3=CC=CC=C3OC4=C2C=C(C=C4)Cl
D00670,C(CC(C(=O)O)N)CN=C(N)N
D00671,C1CC1N2C=C(C(=O)C3=CC(=C(C=C32)N4CCNCC4)F)C(=O)O
D00672,C1CCCC(CC1)NC(P(=O)(O)O)P(=O)(O)O
D00673,CC1=C(C(=NO1)C2=CC=CC=C2)C(=O)NC3C4N(C3=O)C(C(S4)(C)C)C(=O)O
D00674,CC12CCC3C(C1CCC2=O)CCC4=C3C=CC(=C4)O
D00675,CCC1=C2CN3C(=CC4=C(C3=O)COC(=O)C4(CC)O)C2=NC5=C1C=C(C=C5)OC(=O)N6CCC(CC6)N7CCCCC7
D00676,CN(C)CC1CCCCC1(C2=CC(=CC=C2)OC)O
D00677,CC1=CC2=C(C=C1C)N(C3=NC(=O)NC(=O)C3=N2)CC(C(C(COP(=O)(O)OP(=O)(O)OCC4C(C(C(O4)N5C=NC6=C(N=CN=C65)N)O)O)O)O)O
D00678,CC(C(C1=CC=CC=C1)O)N
D00679,CC12CCC3C(C1CCC2O)CCC4=C3C=CC(=C4)O
D00680,CC1C(C(CC(O1)OC2CC(CC3=C2C(=C4C(=C3O)C(=O)C5=C(C4=O)C(=CC=C5)OC)O)(C(=O)C)O)N)O
D00681,C1CN(CCN1)C2=NC3=CC=CC=C3OC4=C2C=C(C=C4)Cl
D00682,CCC(C)(C)C(=O)OC1CC(C=C2C1C(C(C=C2)C)CCC3CC(CC(=O)O3)O)C
D00683,CC(C)CC(C(C(=O)NO)O)C(=O)NC(C(=O)NC)C(C)(C)C
D00684,C1=CC(=C(C(=C1)C(=O)C2=CC=C(C=C2)Br)N)CC(=O)O
D00685,C(C1C(C(C(C(O1)O)N)O)O)O
D00686,CCC(CO)NC(=O)C1CN(C2CC3=CN(C4=CC=CC(=C34)C2=C1)C)C
D00687,CC(C1=CC=C(C=C1)C(=O)C2=CC=CS2)C(=O)O
D00688,C1C(NC2=C(N1)N=C(NC2=O)N)CNC3=CC=C(C=C3)C(=O)NC(CCC(=O)O)C(=O)O
D00689,CN1CCCCC1CCN2C3=CC=CC=C3SC4=C2C=C(C=C4)SC
D00690,C1=CC=C2C(=C1)C(=C(C(=O)O2)CC3=C(C4=CC=CC=C4OC3=O)O)O
D00691,CCC1(C(=O)NC(=O)N(C1=O)C)C2=CC=CC=C2
D00692,CN(C)CCCN1C2=CC=CC=C2SC3=C1C=C(C=C3)Cl
D00693,C(OC(C(F)(F)F)C(F)(F)F)F
D00694,CC1C2CCC3(C(C2(CCC1O)C)C(CC4C3(CC(C4=C(CCC=C(C)C)C(=O)O)OC(=O)C)C)O)C
D00695,CC1(C(N2C(S1)C(C2=O)NC(=O)COC3=CC=CC=C3)C(=O)O)C
D00696,CCC1=NN(C(=O)N1CCOC2=CC=CC=C2)CCCN3CCN(CC3)C4=CC(=CC=C4)Cl
D00697,CCCNC1CCC2=C(C1)SC(=N2)N
D00698,C=CCN.C1C(O1)CCl
D00699,CC(=O)OCC1=C(N2C(C(C2=O)NC(=O)CC3=CC=CS3)SC1)C(=O)O
D00700,[N+](=O)([O-])[O-].[N+](=O)([O-])[O-].[N+](=O)([O-])[O-].[Ga+3]
D00701,CNC1(CCCCC1=O)C2=CC=CC=C2Cl
D00702,CC1C(=O)NC2CSSCC3C(=O)NC(C(=O)NC(C(=O)NC(CSSCC(NC(=O)CNC(=O)C(NC2=O)C(C)O)C(=O)NC(CC4=CC=C(C=C4)O)C(=O)O)C(=O)NC(CSSCC(C(=O)N3)N)C(=O)NC(C(=O)N5CCCC5C(=O)N1)CC(=O)N)CC6=CC=C(C=C6)O)CCC(=O)O
D00703,C1CC(C(OC1CN)OC2C(CC(C(C2O)OC3C(C(C(C(O3)CO)O)N)O)NC(=O)C(CCN)O)N)N
D00704,CC1(C(=O)N(C(=O)N1)C2=CC(=C(C=C2)[N+](=O)[O-])C(F)(F)F)C
D00705,CNC(=C[N+](=O)[O-])NCCSCC1=CSC(=N1)CN(C)C
D00706,CCOC1=NC2=CC=CC(=C2N1CC3=CC=C(C=C3)C4=CC=CC=C4C5=NNN=N5)C(=O)OC(C)OC(=O)OC6CCCCC6
D00707,CC(C)(C)C1=CC(=C(C=C1NC(=O)C2=CNC3=CC=CC=C3C2=O)O)C(C)(C)C
D00708,CC1=CC2=C(C=C1C)N(C3=NC(=O)NC(=O)C3=N2)CC(C(C(COP(=O)(O)OP(=O)(O)OCC4C(C(C(O4)N5C=NC6=C(N=CN=C65)N)O)O)O)O)O
D00709,C1CN(CCC1C2=CN(C3=C2C=C(C=C3)Cl)C4=CC=C(C=C4)F)CCN5CCNC5=O
D00710,CC(C)NCC1CCC2=CC(=C(C=C2N1)[N+](=O)[O-])CO
D00711,C1C(=O)N(C2=C(C=C(C=C2)Cl)C(=N1)C3=CC=CC=C3)CC(F)(F)F
D00712,C1CC(N(C1)C(=O)C2CSSCCC(=O)NC(C(=O)NC(C(=O)NC(C(=O)NC(C(=O)N2)CC(=O)N)CCC(=O)N)CC3=CC=CC=C3)CC4=CC=C(C=C4)O)C(=O)NC(CCCN=C(N)N)C(=O)NCC(=O)N
D00713,CC1=C(C(=CC=C1)Cl)NC(=O)C2=CN=C(S2)NC3=CC(=NC(=N3)C)N4CCN(CC4)CCO
D00714,CCNC(C)CC1=CC(=CC=C1)C(F)(F)F
D00715,CC(C)CC1(C(=O)NC(=O)NC1=O)CC=C
D00716,CCCCSC1=CC=C(C=C1)C(C2=CC=CC=C2)SCCN(C)C
D00717,CC1=NN=C2N1C3=C(C=C(C=C3)Cl)C(=NC2)C4=CC=CC=C4
D00718,C(C(C(=O)O)N)C(=O)O
D00719,CC(C)CC1(C(=O)NC(=O)NC1=O)CC=C
D00720,C1CCC(C(C1)N)N.C(=O)(C(=O)O)O.[Pt+2]
D00721,CC1(C(N2C(S1)C(C2=O)NC(=O)C(C3=CC=CC=C3)N)C(=O)OCOC(=O)C(C)(C)C)C
D00722,CCCCCCC(C)(C)C1=CC(=C2C3CC(=O)CCC3C(OC2=C1)(C)C)O
D00723,C1CC[N+]2(C1)C3CCC2CC(C3)OC(=O)C(C4=CC=CC=C4)(C5=CC=CC=C5)O
D00724,COC(=O)C(C1CCCCN1)C2=CC=CC=C2
D00725,CC(C(C1=CC=CC=C1)O)NC
D00726,C=C1C(CC(C1CO)O)N2C=NC3=C2N=C(NC3=O)N
D00727,CC(=O)NC1=CC=C(C=C1)O
D00728,C1=CC=C(C(=C1)C(=O)OC2=CC=CC=C2C(=O)O)O
D00729,C(CCCC(=O)O)CCCC(=O)O
D00730,CCC(C)C1(C(=O)NC(=O)NC1=O)CC
D00731,C1C2CNCC1C3=CC=CC(=O)N3C2
D00732,CC1(C(N2C(S1)C(C2=O)NC(=O)CC3=CC=CC=C3)C(=O)O)C
D00733,C1C2CNCC1C3=CC4=NC=CN=C4C=C23
D00734,C1C(=C(N2C(S1)C(C2=O)NC(=O)CC3=CC=CC=C3CN)C(=O)O)CSC4=NN=NN4CC(=O)O
D00735,C=CCN1CCC23C4C(=O)CCC2(C1CC5=C3C(=C(C=C5)O)O4)O
D00736,CCCC1=C2C(=CC3=C1OC(=CC3=O)C(=O)O)C(=O)C=C(N2CC)C(=O)O
D00737,CN1CC(=O)N2C(C1=O)CC3=C(C2C4=CC5=C(C=C4)OCO5)NC6=CC=CC=C36
D00738,C1CC[N+]2(C1)C3CCC2CC(C3)OC(=O)C(C4=CC=CC=C4)(C5=CC=CC=C5)O
D00739,C1=NC2=C(N=C(N=C2N1C3C(C(C(O3)CO)O)F)Cl)N
D00740,C1=CC=C(C=C1)C2=NC(C(=O)NC3=C2C=C(C=C3)Cl)C(=O)O
D00741,C=CC1=C(N2C(C(C2=O)NC(=O)C(=NO)C3=CSC(=N3)N)SC1)C(=O)O
D00742,C1CN(CC2=C1SC=C2)CC3=CC=CC=C3Cl
D00743,COC1=C(C=C2C(=C1)C(=NC(=N2)N3CCN(CC3)C(=O)C4=CC=CO4)N)OC
D00744,CC(C)NCC(COC1=CC=C(C=C1)CCC(=O)OC)O
D00745,CCC1=C(CN(C1=O)C(=O)NCCC2=CC=C(C=C2)S(=O)(=O)NC(=O)NC3CCC(CC3)C)C
D00746,CC(C)NCC(C1=CC(=C(C=C1)O)O)O
D00747,C(C(F)(F)F)(OC(F)F)F
D00748,CC[N+](CC)(CC)CCOC1=C(C(=CC=C1)OCC[N+](CC)(CC)CC)OCC[N+](CC)(CC)CC.[I-].[I-].[I-]
D00749,CN1CCCCC1CCN2C3=CC=CC=C3SC4=C2C=C(C=C4)S(=O)C
D00750,CC(C)N(CCC(C1=CC=CC=C1)(C2=CC=CC=N2)C(=O)N)C(C)C
D00751,C1CCC2CN(CC2C1)C(=O)CC(CC3=CC=CC=C3)C(=O)O
D00752,CC1CC=CC=CC(C(CC(C(C(C(CC(=O)O1)OC(=O)C)OC)OC2C(C(C(C(O2)C)OC3CC(C(C(O3)C)OC(=O)CC(C)C)(C)O)N(C)C)O)CC=O)C)O
D00753,CN(C)CCC(C1=CC=C(C=C1)Br)C2=CC=CC=N2
D00754,CC1=NC=CN1CC2CCC3=C(C2=O)C4=CC=CC=C4N3C
D00755,CC(=O)N(CCCCCNC(=O)CCC(=O)N(CCCCCNC(=O)CCC(=O)N(CCCCCN)O)O)O
D00756,CC1=CC(=O)C2=CC=CC=C2C1=O
D00757,CC(=O)NC(CS)C(=O)O
D00758,C1CN=C(N1)NC2=C(C3=NC=CN=C3C=C2)Br
D00759,CCN1C=CC(=NC1=O)NS(=O)(=O)C2=CC=C(C=C2)N
D00760,CC1=CC(=C(C(=C1CC2=NCCN2)C)O)C(C)(C)C
D00761,CCOC1=NC2=CC=CC(=C2N1CC3=CC=C(C=C3)C4=CC=CC=C4C5=NNN=N5)C(=O)OC(C)OC(=O)OC6CCCCC6
D00762,CCCC(=O)OCOC(=O)C1=C(NC(=C(C1C2=C(C(=CC=C2)Cl)Cl)C(=O)OC)C)C
D00763,CC12CC3CC(C1)(CC(C3)(C2)N)C
D00764,CC1=CC(=CC(=C1NC2=NC(=NC=C2)NC3=CC=C(C=C3)C#N)C)C=CC#N
D00765,CN1C(=NN=N1)SCC2=C(N3C(C(C3=O)(NC(=O)CSCC#N)OC)SC2)C(=O)O
D00766,CC1=C(C(=O)N2CCCC(C2=N1)O)CCN3CCC(CC3)C4=NOC5=C4C=CC(=C5)F
D00767,CCC1C=C(CC(CC(C2C(CC(C(O2)(C(=O)C(=O)N3CCCCC3C(=O)OC(C(C(CC1=O)O)C)C(=CC4CCC(C(C4)OC)Cl)C)O)C)OC)OC)C)C
D00768,C(C(F)(F)F)(Cl)Br
D00769,CC1C(C(CC(O1)OC2CC(OC(C2O)C)OC3=CC4=CC5=C(C(=O)C(C(C5)C(C(=O)C(C(C)O)O)OC)OC6CC(C(C(O6)C)O)OC7CC(C(C(O7)C)O)OC8CC(C(C(O8)C)O)(C)O)C(=C4C(=C3C)O)O)O)O
D00770,CCN1C=C(C(=O)C2=CC(=C(C=C21)N3CCN(CC3)C)F)C(=O)O
D00771,CC(C12CC3CC(C1)CC(C3)C2)N
D00772,CN(C)CCC1=CNC2=C1C=C(C=C2)CN3C=NC=N3
D00773,CC1(C(N2C(S1)C(C2=O)NC(=O)C(C3=CSC=C3)C(=O)O)C(=O)O)C
D00774,CCC1(C(=O)C(CNC1=O)C)CC
D00775,CC1(C2C(C3C(C(=O)C(=C(C3(C(=O)C2=C(C4=C1C=CC=C4O)O)O)O)C(=O)N)N(C)C)O)O
D00776,CN1C2=C(C=C(C=C2)Cl)C(=NC(C1=O)O)C3=CC=CC=C3
D00777,CC1C(=O)NC2CSSCC3C(=O)NC(C(=O)NC(C(=O)NC(CSSCC(NC(=O)CNC(=O)C(NC2=O)C(C)O)C(=O)NC(CC4=CC=C(C=C4)O)C(=O)O)C(=O)NC(CSSCC(C(=O)N3)N)C(=O)NC(C(=O)N5CCCC5C(=O)N1)CC(=O)N)CC6=CC=C(C=C6)O)CCC(=O)O
D00778,C(C(C(=O)O)N)C(=O)O
D00779,CC(C)(C)S(=O)(=O)CC(CC1=CC=CC=C1)C(=O)NC(CC2=CN=CN2)C(=O)NC(CC3CCCCC3)C(C(C4CC4)O)O
D00780,CC(CC1C2=CC=CC=C2CCC3=CC=CC=C13)CN(C)C
D00781,CN1C(=O)CC(C1=O)C2=CC=CC=C2
D00782,COC1C(CC2CN3CCC4=C(C3CC2C1C(=O)OC)NC5=CC=CC=C45)OC(=O)C6=CC(=C(C(=C6)OC)OC)OC
D00783,CCCCCCCCCC1=CC=C(C=C1)OCCOCCOCCOCCOCCOCCOCCOCCOCCO
D00784,C1C(C(OC1N2C=NC3=C(N=C(N=C32)Cl)N)CO)O
D00785,CC12CCC(=O)C=C1C=CC3C2CCC4(C3CCC4(CCC(=O)O)O)C
D00786,C(C(C(=O)O)N)C(=O)N
D00787,CC1=CC(=CC(=C1NC2=NC(=NC=C2)NC3=CC=C(C=C3)C#N)C)C=CC#N
D00788,C1C(NC2=C(N1)N=C(NC2=O)N)CNC3=CC=C(C=C3)C(=O)NC(CCC(=O)O)C(=O)O
D00789,CC(C1=CC=CC=C1)(C2=CC=C(C=C2)Cl)OCCC3CCCN3C
D00790,CON=C(C1=CC=CO1)C(=O)NC2C3N(C2=O)C(=C(CS3)COC(=O)N)C(=O)O
D00791,COC1=C(C=C2C(=C1)N=CN=C2NC3=CC(=C(C=C3)F)Cl)OCCCN4CCOCC4
D00792,CCC1(C(=O)NC(=O)NC1=O)C2=CC=CC=C2
D00793,C1CC(CCC1CN)C(=O)O
D00794,C1=CC(=CC=C1N)S(=O)(=O)C2=CC=C(C=C2)N
D00795,C1=CC2=C(C=C1O)C(=CN2)CC(C(=O)O)N
D00796,CC1=CC(=C(C(=C1C=CC(=CC=CC(=CC(=O)O)C)C)C)C)OC
D00797,CCC(=C)C(=O)C1=C(C(=C(C=C1)OCC(=O)O)Cl)Cl
D00798,CCC1(C(=O)NC(=O)NC1=O)C2=CCCCCC2
D00799,CC(=O)OCC(=O)C1(CCC2C1(CC(=O)C3C2CCC4=CC(=O)CCC34C)C)O
D00800,C1=NC(=C2C(=N1)N(C=N2)C3C(C(C(O3)COP(=O)(O)O)O)O)N
D00801,CC(C)(C)NCC(C1=CC(=CC(=C1)OC(=O)N(C)C)OC(=O)N(C)C)O
D00802,CCC(=O)C1=CC2=C(C=C1)SC3=CC=CC=C3N2CC(C)N(C)C
D00803,CC(C1=CC(=C(C=C1)C2=CC=CC=C2)F)C(=O)O
D00804,CC1C(C(CC(O1)OC2CC(CC3=C2C(=C4C(=C3O)C(=O)C5=CC=CC=C5C4=O)O)(C(=O)C)O)N)O
D00805,CC1=CC2=C(C=C1C)N(C3=NC(=O)NC(=O)C3=N2)CC(C(C(COP(=O)(O)OP(=O)(O)OCC4C(C(C(O4)N5C=NC6=C(N=CN=C65)N)O)O)O)O)O
D00806,CS(=O)C
D00807,CC12CCC(=O)C=C1CCC3C2(C(CC4(C3CCC4(C)O)C)O)F
D00808,CC1CCC(CC1=CC=C2CCCC3(C2CCC3C(C)C=CC(C)C(C)C)C)O
D00809,CCC1(C(=O)NC(=O)N(C1=O)C)C2=CC=CC=C2
D00810,C(CC(C(=O)O)N)CNC(=O)N
D00811,CC1=C(C(=NO1)C2=C(C=CC=C2Cl)Cl)C(=O)NC3C4N(C3=O)C(C(S4)(C)C)C(=O)O
D00812,CC1=C(C(=NO1)C2=CC=CC=C2Cl)C(=O)NC3C4N(C3=O)C(C(S4)(C)C)C(=O)O
D00813,CCN(CC)CC(=O)NC1=C(C=CC=C1C)C
D00814,CC1CN(CCC1(C)C2=CC(=CC=C2)O)CC(CC3=CC=CC=C3)C(=O)NCC(=O)O
D00815,CC1=C(C=C(C=C1)C(=O)NC2=C3C(=CC(=CC3=C(C=C2)S(=O)(=O)O)S(=O)(=O)O)S(=O)(=O)O)NC(=O)C4=CC(=CC=C4)NC(=O)NC5=CC=CC(=C5)C(=O)NC6=C(C=CC(=C6)C(=O)NC7=C8C(=CC(=CC8=C(C=C7)S(=O)(=O)O)S(=O)(=O)O)S(=O)(=O)O)C
D00816,CC1=CC(=CC=C1)OCC(CNCCC2=CC(=C(C=C2)OC)OC)O
D00817,CCN1C(=O)C(NC1=O)C2=CC=CC=C2
D00818,CC(C1=CC2=C(C=C1)C=C(C=C2)OC)C(=O)O
D00819,C1C(=S)N(C2=C(C=C(C=C2)Cl)C(=N1)C3=CC=CC=C3F)CC(F)(F)F
D00820,CCC(CO)NC(=O)C1CN(C2CC3=CN(C4=CC=CC(=C34)C2=C1)C)C
D00821,C1=CC(=C(C=C1N)C(=O)O)O
D00822,CC1C(C(=O)NC(C(=O)N2CCCC2C(=O)N(CC(=O)N(C(C(=O)O1)C(C)C)C)C)C(C)C)NC(=O)C3=C4C(=C(C=C3)C)OC5=C(C(=O)C(=C(C5=N4)C(=O)NC6C(OC(=O)C(N(C(=O)CN(C(=O)C7CCCN7C(=O)C(NC6=O)C(C)C)C)C)C(C)C)C)N)C
D00823,CN(C)CCCN1C2=CC=CC=C2CCC3=C1C=C(C=C3)Cl
D00824,C1=CC=C(C(=C1)C2=NC(C(=O)N(C3=C2C=C(C=C3)Cl)CCC#N)O)F
D00825,CCCC(=O)OC(COC(=O)CC)COP(=O)(O)OCC(C(=O)O)N
D00826,C1CC(OC1CO)N2C=CC(=NC2=O)N
D00827,C1C(=O)NC2=C(C=C(C=C2)[N+](=O)[O-])C(=N1)C3=CC=CC=C3Cl
D00828,CC1=C(OC2=C(C1=O)C=CC=C2C(=O)OCCN3CCCCC3)C4=CC=CC=C4
D00829,CCC1(C(=O)NC(=O)NC1=O)CCC(C)C
D00830,C1CN(CCN1CCC2=C(C=C3C(=C2)CC(=O)N3)Cl)C4=NSC5=CC=CC=C54
D00831,CC1=CC2=C(C=C1C)N(C3=NC(=O)NC(=O)C3=N2)CC(C(C(COP(=O)(O)OP(=O)(O)OCC4C(C(C(O4)N5C=NC6=C(N=CN=C65)N)O)O)O)O)O
D00832,CCC(=O)OCC(=O)C1(C(CC2C1(CC(C3(C2CCC4=CC(=O)C=CC43C)Cl)O)C)C)OC(=O)CC
D00833,CC(C)C1=NC(=CS1)CN(C)C(=O)NC(C(C)C)C(=O)NC(CC2=CC=CC=C2)CC(C(CC3=CC=CC=C3)NC(=O)OCC4=CN=CS4)O
D00834,CCOC(=O)C1=CC=C(C=C1)N
D00835,CC1=CC2=C(S1)NC3=CC=CC=C3N=C2N4CCN(CC4)C
D00836,C1CCNC(C1)C(C2=CC(=NC3=C2C=CC=C3C(F)(F)F)C(F)(F)F)O
D00837,C1CC(OC1CO)N2C=NC3=C2N=CNC3=O
D00838,CC(C)NC1=C(N=CC=C1)N2CCN(CC2)C(=O)C3=CC4=C(N3)C=CC(=C4)NS(=O)(=O)C
D00839,C1=CC=C(C=C1)C2=NC(C(=O)NC3=C2C=C(C=C3)Cl)C(=O)O
D00840,CC(C)(C)C1=CC=C(C=C1)CN(C)CC2=CC=CC3=CC=CC=C32
D00841,CN(CCCCCCCCCCN(C)C(=O)OC1=CC=CC(=C1)[N+](C)(C)C)C(=O)OC2=CC=CC(=C2)[N+](C)(C)C
D00842,C(C(C(CO[N+](=O)[O-])O[N+](=O)[O-])O[N+](=O)[O-])O[N+](=O)[O-]
D00843,COC(C(Cl)Cl)(F)F
D00844,CC(C)NCC(C1=CC(=C(C=C1)O)O)O
D00845,CCCCS(=O)(=O)NC(CC1=CC=C(C=C1)OCCCCC2CCNCC2)C(=O)O
D00846,CC12CCC(=O)C(=C1CCC3C2CCC4(C3CCC4=O)C)O
D00847,CC(CC1=CC=CC=C1)N
D00848,C1COCC(=O)N1C2=CC=C(C=C2)N3CC(OC3=O)CNC(=O)C4=CC=C(S4)Cl
D00849,C1CSSC1CCCCC(=O)O
D00850,CN1C(=O)CN=C(C2=C1C=CC(=C2)Cl)C3=CC=CC=C3F
D00851,C1C(C(OC1N2C=NC3=C(N=C(N=C32)Cl)N)CO)O
D00852,CCCC(C)C1(C(=O)NC(=O)NC1=O)CC=C
D00853,C1=NC(=C2C(=N1)N(C=N2)C3C(C(C(O3)COP(=O)(O)OP(=O)(O)OP(=O)(O)O)O)O)N
D00854,C1CCC(C(C1)N)N.C(=O)(C(=O)O)O.[Pt+2]
D00855,CC(C)CC1(C(=O)NC(=O)NC1=O)CC=C
D00856,C1CC1C2=NC3=CC=CC=C3C(=C2C=CC(CC(CC(=O)O)O)O)C4=CC=C(C=C4)F
D00857,C1=C2C(=CC(=C1Cl)S(=O)(=O)N)S(=O)(=O)NC(N2)C(Cl)Cl
D00858,CCNC1CN(S(=O)(=O)C2=C1C=C(S2)S(=O)(=O)N)CCCOC
D00859,CC(C)CC(C(=O)C1(CO1)C)NC(=O)C(CC2=CC=CC=C2)NC(=O)C(CC(C)C)NC(=O)C(CCC3=CC=CC=C3)NC(=O)CN4CCOCC4
D00860,CC(C)C(CC(C)N(C)C)(C#N)C1=CC=CC=C1
D00861,CCN(CC)CCN1C(=O)CN=C(C2=C1C=CC(=C2)Cl)C3=CC=CC=C3F
D00862,CN(CCCl)CCCl
D00863,C(C(F)(F)F)(OC(F)F)F
D00864,C1CC(CCC1CN)C(=O)O
D00865,CCCCNC1=CC=C(C=C1)C(=O)OCCOCCOCCOCCOCCOCCOCCOCCOCCOC
D00866,CC1=CC2=C(C=C1C)N(C3=NC(=O)NC(=O)C3=N2)CC(C(C(CO)O)O)O
D00867,C1=CC2=C(C=C1Cl)NC(=O)O2
D00868,CC1=CN=C(C(=C1OC)C)CS(=O)C2=NC3=C(N2)C=C(C=C3)OC
D00869,CCC12CC(=C)C3C(C1CCC2(C#C)O)CCC4=CC(=O)CCC34
D00870,CN1C(=NN=N1)SCC2=C(N3C(C(C3=O)NC(=O)C(=NOC)C4=CSC(=N4)N)SC2)C(=O)O
D00871,CC1=NN=C2N1C3=C(C=C(C=C3)Cl)C(=NC2)C4=CC=CC=C4Cl
D00872,C1=CC=C(C(=C1)C(=O)OCCOCCO)NC2=CC=CC(=C2)C(F)(F)F
D00873,CC(CC1=CC=CC=C1)N
D00874,C[N+]1(CCC2=CC(=C(C=C2C1CC3=CC(=C(C(=C3)OC)OC)OC)OC)OC)CCCOC(=O)CCC=CCCC(=O)OCCC[N+]4(CCC5=CC(=C(C=C5C4CC6=CC(=C(C(=C6)OC)OC)OC)OC)OC)C
D00875,CCCC(C)(COC(=O)N)COC(=O)N
D00876,CCCC(=O)OC1(CCC2C1(CC(C3(C2CC(C4=CC(=O)C=CC43C)F)F)O)C)C(=O)COC(=O)C
D00877,C(CC(=O)O)C(=O)O
D00878,CCC1C(=NN=C(C2=CC(=C(C=C12)OC)OC)C3=CC(=C(C=C3)OC)OC)C
D00879,CC(C)C1=C(C(=CC=C1)C(C)C)O
D00880,CC(C)(C)C(C)(C1CC23CCC1(C4C25CCN(C3CC6=C5C(=C(C=C6)O)O4)CC7CC7)OC)O
D00881,C(CC(C(=O)O)N)CN
D00882,CC1=C(C(=O)C2=CC=CC=C2C1=O)CC=C(C)CCCC(C)CCCC(C)CCCC(C)C
D00883,CC(=O)NC(C=O)C(C(C(CO)O)O)O
D00884,CCNC1CC(S(=O)(=O)C2=C1C=C(S2)S(=O)(=O)N)C
D00885,CCOC1=C(C=C(C=C1)C=C2C3=CC(=C(C=C3CCN2)OCC)OCC)OCC
D00886,C1CN(CCN1CCOCC(=O)O)C(C2=CC=CC=C2)C3=CC=C(C=C3)Cl
D00887,CN(C)CCCN1C2=CC=CC=C2CCC3=C1C=C(C=C3)Cl
D00888,CC(C)NCC1CCC2=CC(=C(C=C2N1)[N+](=O)[O-])CO
D00889,C(CC(=O)O)C(=O)O
D00890,COC1=NC=CN=C1NS(=O)(=O)C2=CC=C(C=C2)N
D00891,CC(C)[N+]1(C2CCC1CC(C2)OC(=O)C(CO)C3=CC=CC=C3)C
D00892,CN1CCC23C4C1CC5=C2C(=C(C=C5)O)OC3C(=O)CC4
D00893,C1=COC(=C1)CNC2=CC(=C(C=C2C(=O)O)S(=O)(=O)N)Cl
D00894,CCC(C)(C)C(=O)OC1CC(C=C2C1C(C(C=C2)C)CCC3CC(CC(=O)O3)O)C
D00895,CCC1=CC2=C(S1)N(C(=O)CN=C2C3=CC=CC=C3Cl)C
D00896,CNCCC(C1=CC=CS1)OC2=CC=CC3=CC=CC=C32
D00897,CC1=CC2=C(C=C1C)N(C3=NC(=O)NC(=O)C3=N2)CC(C(C(COP(=O)(O)OP(=O)(O)OCC4C(C(C(O4)N5C=NC6=C(N=CN=C65)N)O)O)O)O)O
D00898,C1=CC(=CC=C1CCCCNCC(C2=CC(=C(C=C2)O)O)O)O
D00899,C1C2C(C(S1)CCCCC(=O)O)NC(=O)N2
D00900,C1=CC=C(C=C1)CCNN
D00901,CN(C)CC1CCCCC1(C2=CC(=CC=C2)OC)O
D00902,C1=NC(=C2C(=N1)N(C=N2)C3C(C(C(O3)CO)O)O)N
D00903,C1CC1COC2=C(C=CC(=C2)C(=O)NC3=C(C=NC=C3Cl)Cl)OC(F)F
D00904,CCC1C=C(C(CC=CC=C(C(=O)OC(CC=C(C=C(C1OC2C(C(C(C(O2)(C)C)OC(=O)C(C)C)O)O)C)C)C(C)O)COC3C(C(C(C(O3)C)OC(=O)C4=C(C(=C(C(=C4O)Cl)O)Cl)CC)O)OC)O)C
D00905,CC1=NC2=C(N1)CCN(C3=CC=CC=C32)C(=O)C4=CC=C(C=C4)NC(=O)C5=CC=CC=C5C6=CC=CC=C6
D00906,C1CN(CCN1CCOCCO)C(C2=CC=CC=C2)C3=CC=C(C=C3)Cl
D00907,CN1CCC(=C2C3=C(C(=O)CC4=CC=CC=C42)SC=C3)CC1
D00908,C1CN(CCC12C(=O)NCN2C3=CC=CC=C3)CCCC(C4=CC=C(C=C4)F)C5=CC=C(C=C5)F
D00909,CCCC(=O)OC(COC(=O)CC)COP(=O)(O)OCC(C(=O)O)N
D00910,CCCCSC1=CC=C(C=C1)C(C2=CC=CC=C2)SCCN(C)C
D00911,CN(C)CCCN1C2=CC=CC=C2SC3=C1C=C(C=C3)C(F)(F)F
D00912,C1CCNC(C1)C(C2=CC(=NC3=C2C=CC=C3C(F)(F)F)C(F)(F)F)O
D00913,CC(C(=O)O)N
D00914,CC1C(C(CC(O1)OC2CC(CC3=C2C(=C4C(=C3O)C(=O)C5=C(C4=O)C(=CC=C5)OC)O)(C(=O)CO)O)N)O
D00915,C1CN2C(=N1)C3=CC=CC=C3C2(C4=CC=C(C=C4)Cl)O
D00916,[Cl-].[K+]
D00917,C1=CC=C(C(=C1)C(=O)O)O
D00918,CN1C(=O)CN=C(C2=C1C=CC(=C2)Cl)C3=CC=CC=C3F
D00919,C1CC(C1)CN2CCC34C5C(CCC3(C2CC6=C4C(=C(C=C6)O)O5)O)O
D00920,C1CC(C1)CN2CCC34C5C(CCC3(C2CC6=C4C(=C(C=C6)O)O5)O)O
D00921,CCC1(CC2CC(C3=C(CCN(C2)C1)C4=CC=CC=C4N3)(C5=C(C=C6C(=C5)C78CCN9C7C(C=CC9)(C(C(C8N6C)(C(=O)OC)O)OC(=O)C)CC)OC)C(=O)OC)O
D00922,CNCCCN1C2=CC=CC=C2CCC3=CC=CC=C31
D00923,CC(=O)NC1C(C=C(OC1C(C(CO)O)O)C(=O)O)N=C(N)N
D00924,CN(C)CCOC1=CC=C(C=C1)C(=C(CCCl)C2=CC=CC=C2)C3=CC=CC=C3
D00925,CC1CCC2C(C(OC3C24C1CCC(O3)(OO4)C)OC)C
D00926,C(C(F)(F)F)(OC(F)F)F
D00927,CC12CCC3C(C1CCC(=O)O2)CCC4=CC(=O)C=CC34C
D00928,CN(C)CC(C1=CC=C(C=C1)OC)C2(CCCCC2)O
D00929,CN1CCC23C4C1CC5=C2C(=C(C=C5)OC)OC3C(C=C4)O
D00930,CN1C=NC2=C1C(=O)N(C(=O)N2C)C
D00931,CCC1C(C2C(C(C(CC(C(C(C(C(C(=O)O1)C)OC3CC(C(C(O3)C)O)(C)OC)C)OC4C(C(CC(O4)C)N(C)C)O)(C)O)C)NC(O2)COCCOC)C)(C)O
D00932,C1C2=NN=CN2C3=C(C=C(C=C3)Cl)C(=N1)C4=CC=CC=C4
D00933,C(CC(O)(P(=O)(O)O)P(=O)(O)O)CN
D00934,CCC1(C(=O)NC(=O)NC1=O)C2=CC=CC=C2.COC1=CC2=C(C=CN=C2C=C1)C(C3CC4CCN3CC4C=C)O
D00935,C1C(CN2C1C(=O)NC(C(=O)NC(C(=O)NC(C(=O)NC(C(=O)NC(C2=O)CC3=CC=CC=C3)CC4=CC=C(C=C4)OCC5=CC=CC=C5)CCCCN)CC6=CNC7=CC=CC=C76)C8=CC=CC=C8)OC(=O)NCCN
D00936,CCN1CCN(C(=O)C1=O)C(=O)NC(C2=CC=C(C=C2)O)C(=O)NC3C4N(C3=O)C(=C(CS4)CSC5=NN=NN5C)C(=O)O
D00937,CN1C(=C(C2=C(S1(=O)=O)C=C(S2)Cl)O)C(=O)NC3=CC=CC=N3
D00938,CC(=O)OCC(CCN1C=NC2=CN=C(N=C21)N)COC(=O)C
D00939,C1CNCCN1
D00940,CC(CCCC(C)(C)O)C1CCC2C1(CCCC2=CC=C3CC(CC(C3=C)O)O)C
D00941,CC1=C2COC(=O)C2=C(C(=C1OC)CC=C(C)CCC(=O)OCCN3CCOCC3)O
D00942,CC12CCC3C(C1CCC2O)CCC4=C3C=CC(=C4)OC(=O)N(CCCl)CCCl
D00943,CC(C)(C1=CC=C(C=C1)C(CCCN2CCC(CC2)C(C3=CC=CC=C3)(C4=CC=CC=C4)O)O)C(=O)O
D00944,COC(=O)C1C(CCC2C1CC3C4=C(CCN3C2)C5=CC=CC=C5N4)O
D00945,C#CCNC1CCC2=CC=CC=C12
D00946,C(C(C1C(=C(C(=O)O1)O)O)O)O
D00947,CC(CC1=CC=CC=C1)NC
D00948,CN(C)CCOC(=O)C(C1=CC=CC=C1)C2(CCCC2)O
D00949,CC(C)C1=NN2C=CC=CC2=C1C(=O)C(C)C
D00950,CC(C)NCC(C1=CC=C(C=C1)NS(=O)(=O)C)O
D00951,C1C(=C(N2C(S1)C(C2=O)NC(=O)CC3=CC=CS3)C(=O)[O-])C[N+]4=CC=CC=C4
D00952,CC(C)(CCCC(CC(=O)OC)(C(=O)OC1C2C3=CC4=C(C=C3CCN5C2(CCC5)C=C1OC)OCO4)O)O
D00953,CC1=CN(C(=O)NC1=O)C2CC(C(O2)CO)N=[N+]=[N-]
D00954,CCN(CC)CCOC(=O)C1=CC=C(C=C1)N
D00955,CN(C)CCC=C1C2=CC=CC=C2CCC3=CC=CC=C31
D00956,CCOC(=O)C1=CN=CN1C(C)C2=CC=CC=C2
D00957,C1CC(N(C1)C(=O)C(CCCCN)NC(CCC2=CC=CC=C2)C(=O)O)C(=O)O
D00958,CCNC1CN(S(=O)(=O)C2=C1C=C(S2)S(=O)(=O)N)CCCOC
D00959,CC(C)COCC(CN(CC1=CC=CC=C1)C2=CC=CC=C2)N3CCCC3
D00960,CC(C)C1=NC(=CS1)CN(C)C(=O)NC(C(C)C)C(=O)NC(CC2=CC=CC=C2)CC(C(CC3=CC=CC=C3)NC(=O)OCC4=CN=CS4)O
D00961,CN(C)CC1=NN=C2N1C3=C(C=C(C=C3)Cl)C(=NC2)C4=CC=CC=C4
D00962,CC1=C(C2=CC3=NC(=CC4=C(C(=C(N4)C=C5C6(C(C(=CC=C6C(=N5)C=C1N2)C(=O)OC)C(=O)OC)C)C)CCC(=O)OC)C(=C3C)CCC(=O)O)C=C
D00963,CCCC(C)C1(C(=O)NC(=O)NC1=O)CC
D00964,C1=CC(=C(C(=C1)Cl)CC(=O)N=C(N)N)Cl
D00965,C1=CC=C(C=C1)C(C2=CC=CC=C2)S(=O)CC(=O)N
D00966,CC1CCC2CC(C(=CC=CC=CC(CC(C(=O)C(C(C(=CC(C(=O)CC(OC(=O)C3CCCCN3C(=O)C(=O)C1(O2)O)C(C)CC4CCC(C(C4)OC)OC(=O)C(C)(CO)CO)C)C)O)OC)C)C)C)OC
D00967,C1=CC=C(C=C1)C2=NC(C(=O)NC3=C2C=C(C=C3)Cl)O
D00968,CC(C)OC(=O)C(C)(C)OC1=CC=C(C=C1)C(=O)C2=CC=C(C=C2)Cl
D00969,CC12CCCCCC(C1N)CC3=C2C=C(C=C3)O
D00970,CC(C1=CC(=CC=C1)C(=O)C2=CC=CC=C2)C(=O)O
D00971,CCC#CC(C)C1(C(=O)NC(=O)N(C1=O)C)CC=C
D00972,C[N+](C)(C)CCO
D00973,CCOC(=O)C1(CCN(CC1)C)C2=CC=CC=C2
D00974,COC1=CC(=CC(=C1OC)OC)C2C3C(COC3=O)C(C4=CC5=C(C=C24)OCO5)O
D00975,CC(=O)C1CCC2C1(CCC3C2CCC4=CC(=O)CCC34C)C
D00976,CC(C)NCC(C1=CC(=CC(=C1)O)O)O
D00977,CN1CCN(CC1)CCCOC2=C(C=C3C(=C2)N=CC(=C3NC4=CC(=C(C=C4Cl)Cl)OC)C#N)OC
D00978,C1(=C(N=C(C(=N1)Cl)N)N)C(=O)N=C(N)N
D00979,C(C(=O)O)N
D00980,CN1CCN(CC1)C(C2=CC=CC=C2)C3=CC=CC=C3
D00981,C1CC(OC1CO)N2C=NC3=C2N=CNC3=O
D00982,CCOC1=C(C=CC(=C1)CC(=O)NC(CC(C)C)C2=CC=CC=C2N3CCCCC3)C(=O)O
D00983,C1=C(OC(=C1)[N+](=O)[O-])C=NNC(=O)N
D00984,C1=CC=C(C(=C1)CC(=O)O)NC2=C(C=CC=C2Cl)Cl
D00985,C=CC1=C(N2C(C(C2=O)NC(=O)C(=NOCC(=O)O)C3=CSC(=N3)N)SC1)C(=O)O
D00986,C1=NC2=NC=NC(=C2N1)N
D00987,C1=CC=C(C(=C1)C(=O)OCCOCCO)NC2=CC=CC(=C2)C(F)(F)F
D00988,COC1=CC2=C(C=CN=C2C=C1)C(C3CC4CCN3CC4C=C)O
D00989,COC1=C(C=CC(=C1)NS(=O)(=O)C)NC2=C3C=CC=CC3=NC4=CC=CC=C42
D00990,C1CN1P(=S)(N2CC2)N3CC3
D00991,CC1=C(C(=CC=C1)C)OCC(C)N
D00992,C1CC2=C(C=CC(=C2)Cl)C(=C3CCNCC3)C4=C1C=CC=N4
D00993,CC1=C(C(=CC=C1)Cl)NC(=O)C2=CN=C(S2)NC3=CC(=NC(=N3)C)N4CCN(CC4)CCO
D00994,CN1C2=C(C(=O)N(C1=O)C)NC=N2.CN1C2=C(C(=O)N(C1=O)C)NC=N2.C(CN)N
D00995,CCCCC1=C(C2=C(O1)C=CC(=C2)NS(=O)(=O)C)C(=O)C3=CC=C(C=C3)OCCCN(CCCC)CCCC
D00996,C=C1C(CC(C1CO)O)N2C=NC3=C2N=C(NC3=O)N
D00997,C(C(OC(F)F)(F)F)(F)Cl
D00998,CCCC(C)(COC(=O)N)COC(=O)NC(C)C
D00999,C1=CC=C2C(=C1)C(=C(C(=O)O2)CC3=C(C4=CC=CC=C4OC3=O)O)O
D01000,C1=CC(=CC=C1CN)S(=O)(=O)N
D01001,CN1CCN(CC1)CCCOC2=C(C=C3C(=C2)N=CC(=C3NC4=CC(=C(C=C4Cl)Cl)OC)C#N)OC
D01002,C[N+]1(C2CCC1CC(C2)OC(=O)C(C3=CC=CC=C3)O)C.[Br-]
D01003,C1C(=S)N(C2=C(C=C(C=C2)Cl)C(=N1)C3=CC=CC=C3F)CC(F)(F)F
D01004,C1CCN(CC1)CCOC2=CC=C(C=C2)C(=O)C3=C(SC4=C3C=CC(=C4)O)C5=CC=C(C=C5)O
D01005,CC(C)(C)NCC(=O)NC1=CC(=C2CC3CC4C(C(=O)C(=C(C4(C(=O)C3=C(C2=C1O)O)O)O)C(=O)N)N(C)C)N(C)C
D01006,CC1=CC(=CC=C1)OCC(CNCCC2=CC(=C(C=C2)OC)OC)O
D01007,CC1=C(C=C(C=C1)NC(=O)C2=CC=C(C=C2)CN3CCN(CC3)C)NC4=NC=CC(=N4)C5=CN=CC=C5
D01008,CC(CC1=CC=CC=C1)NC(=O)C(CCCCN)N
D01009,[N]=O
D01010,CC(=O)OC1CC2CCC3C(C2(CC1[N+]4(CCCCC4)C)C)CCC5(C3CC(C5OC(=O)C)[N+]6(CCCCC6)C)C
D01011,C1=CC=C2C(=C1)C(=NO2)CS(=O)(=O)N
D01012,CN1C(=C(C2=C(S1(=O)=O)C=CS2)O)C(=O)NC3=CC=CC=N3
D01013,CC1(C(N2C(S1)C(C2=O)NC(=O)C(C3=CC=CC=C3)NC(=O)N4CCNC4=O)C(=O)O)C
D01014,CCC1C(=NN=C(C2=CC(=C(C=C12)OC)OC)C3=CC(=C(C=C3)OC)OC)C
D01015,CN1C(=O)CC(=O)N(C2=C1C=CC(=C2)Cl)C3=CC=CC=C3
D01016,CCCC1=C2C(=CC3=C1OC(=CC3=O)C(=O)O)C(=O)C=C(N2CC)C(=O)O
D01017,C1(=C(N=C(C(=N1)Cl)N)N)C(=O)N=C(N)N
D01018,CN(CC#C)CC1=CC=CC=C1
D01019,C1CC(NC1)C(=O)O
D01020,CC(C)C(C(=O)O)N
D01021,CCOC(=O)C1=C2CN(C(=O)C3=C(N2C=N1)C=CC(=C3)F)C
D01022,C1C(=O)N(C2=C(C=C(C=C2)Cl)C(=N1)C3=CC=CC=C3)CC(F)(F)F
D01023,C1CC1CN2C(=O)CN=C(C3=C2C=CC(=C3)Cl)C4=CC=CC=C4
D01024,C1=CC2=C(C=CC(=C2N=C1)O)[N+](=O)[O-]
D01025,CCCN(CCC)CCC1=C2CC(=O)NC2=CC=C1
D01026,CC(C)(C)C(=O)OC1=C(C=C(C=C1)C(CNC)O)OC(=O)C(C)(C)C
D01027,CC(=O)OC1C=CC2C3CC4=C5C2(C1OC5=C(C=C4)OC(=O)C)CCN3C
D01028,CC=C(C)C(=O)OC1C(=CC23C1(C(C(=CC(C2=O)C4C(C4(C)C)CC3C)CO)O)O)C
D01029,CC1=CC2=C(C=C1C)N(C3=NC(=O)NC(=O)C3=N2)CC(C(C(COP(=O)(O)OP(=O)(O)OCC4C(C(C(O4)N5C=NC6=C(N=CN=C65)N)O)O)O)O)O
D01030,CCC(=O)OC(CC1=CC=CC=C1)(C2=CC=CC=C2)C(C)CN(C)C
D01031,CCCC(C)C1(C(=O)NC(=O)NC1=O)CC=C
D01032,CC1CN(CCC1(C)C2=CC(=CC=C2)O)CC(CC3=CC=CC=C3)C(=O)NCC(=O)O
D01033,CC(C)NCC(COC1=CC=C(C=C1)CCC(=O)OC)O
D01034,CC1=C(N2C(C(C2=O)NC(=O)C(C3=CC=CC=C3)N)SC1)C(=O)O
D01035,CC(C1=CC2=C(C=C1)C=C(C=C2)OC)C(=O)O
D01036,CCOC(=O)C1=C(NC(=C(C1C2=CC(=CC=C2)[N+](=O)[O-])C(=O)OC)C)C
D01037,CNCCC=C1C2=CC=CC=C2CCC3=CC=CC=C31
D01038,C1=C2C(=CC(=C1Cl)S(=O)(=O)N)S(=O)(=O)NC(N2)C(Cl)Cl
D01039,C1C(C(C(C(C1N)OC2C(C(C(C(O2)CN)O)O)N)OC3C(C(C(O3)CO)OC4C(C(C(C(O4)CN)O)O)N)O)O)N
D01040,CC1CN(CC(N1)C)C2=C(C(=C3C(=C2F)N(C=C(C3=O)C(=O)O)C4CC4)N)F
D01041,COC(=O)C1C(CCC2C1CC3C4=C(CCN3C2)C5=CC=CC=C5N4)O
D01042,CC(=O)OCC(CCN1C=NC2=CN=C(N=C21)N)COC(=O)C
D01043,CC(C)C1=NC(=NC(=C1C=CC(CC(CC(=O)O)O)O)C2=CC=C(C=C2)F)N(C)S(=O)(=O)C
D01044,C1=CC(=C(C=C1N)C(=O)O)O
D01045,CC(C)CC1(C(=O)NC(=O)NC1=O)CC=C
D01046,CCOC(=O)NC1=CC2=C(C=C1)SC3=CC=CC=C3N2C(=O)CCN4CCOCC4
D01047,CN1CC2C(C1)C3=C(C=CC(=C3)Cl)OC4=CC=CC=C24.C(=CC(=O)O)C(=O)O
D01048,COC1=C(C=C2C(=C1)C(=NC(=N2)N3CCN(CC3)C(=O)C4COC5=CC=CC=C5O4)N)OC
D01049,CCCC(C)C1(C(=O)NC(=S)NC1=O)CC
D01050,C(C1C(C(C(C(O1)O)N)O)O)O
D01051,C1CN(CCN1CCOCCO)C2=NC3=CC=CC=C3SC4=CC=CC=C42
D01052,CNC1CCC2=C(C1)C3=C(N2)C=CC(=C3)C(=O)N
D01053,CCCNC1CCC2=C(C1)SC(=N2)N
D01054,COC1=CC(=CC(=C1OC)OC)CC2=CN=C(N=C2N)N
D01055,CC1=CC=CC=C1OC(CCNC)C2=CC=CC=C2
D01056,C1CC(C1)CN2CCC34C5C(CCC3(C2CC6=C4C(=C(C=C6)O)O5)O)O
D01057,CCCN(CCC1=CC=CS1)C2CCC3=C(C2)C=CC=C3O
D01058,CC(=O)NCCC1=CNC2=C1C=C(C=C2)OC
D01059,C1CC(=O)NC(=O)C1N2C(=O)C3=C(C2=O)C(=CC=C3)N
D01060,CC1(C(N2C(S1)C(C2=O)NC(=O)C3(CCCCC3)N)C(=O)O)C
D01061,C1CC(=O)NC2=C1C=CC(=C2)OCCCCN3CCN(CC3)C4=C(C(=CC=C4)Cl)Cl
D01062,CC1(C2=C(C=C(C=C2)OC)C(=O)N(C1=O)CCC3=CC=C(C=C3)S(=O)(=O)NC(=O)NC4CCCCC4)C
D01063,C1=NC(=C2C(=N1)N(C=N2)C3C(C(C(O3)COP(=O)(O)OP(=O)(O)OP(=O)(O)O)O)O)N
D01064,CC1=NC(=NC=C1)NS(=O)(=O)C2=CC=C(C=C2)N
D01065,CC1=C(C(=O)N2CCCCC2=N1)CCN3CCC(CC3)C4=NOC5=C4C=CC(=C5)F
D01066,CCCN1C2=C(C(=O)NC1=O)NC=N2
D01067,CC(=O)OCC1=C(N2C(C(C2=O)NC(=O)CC3=CC=CS3)SC1)C(=O)O
D01068,CC1CCC(C(C1)O)C(C)C
D01069,COC(=O)NC1=NC2=C(N1)C=C(C=C2)C(=O)C3=CC=CC=C3
D01070,CC1=C(C=C(C=C1)C(=O)NC2=CC(=C(C=C2)CN3CCN(CC3)C)C(F)(F)F)C#CC4=CN=C5N4N=CC=C5
D01071,CCC1NC2=CC(=C(C=C2C(=O)N1)S(=O)(=O)N)Cl
D01072,C1=CC(=C(C=C1CCN)O)O
D01073,CC(COC1=CC=CC=C1)N(CCCl)CC2=CC=CC=C2
D01074,C(CC(O)(P(=O)(O)O)P(=O)(O)O)CN
D01075,CC(C1C2CC(=C(N2C1=O)C(=O)O)SCCN=CN)O
D01076,CC(C)C1=CC2=C(C=C1)OC3=NC(=C(C=C3C2=O)C(=O)O)N
D01077,C(C1C(C(C(C(O1)OC2(C(C(C(O2)COS(=O)(=O)O[Al])OS(=O)(=O)O[Al])OS(=O)(=O)O[Al])COS(=O)(=O)O[Al])OS(=O)(=O)O[Al])OS(=O)(=O)O[Al])OS(=O)(=O)O[Al])OS(=O)(=O)O[Al].O.O.O.O.O.O.O.O.O.O.O.O.O.O.O.O.O.O.O.O.[Al]
D01078,CNS(=O)(=O)CC1=CC2=C(C=C1)NC=C2CCN(C)C
D01079,CN(C)CCC=C1C2=CC=CC=C2CCC3=CC=CC=C31
D01080,CC(C)(C)NCC(C1=CC(=C(C(=C1)Cl)N)Cl)O
D01081,CC(C(C1=C(C=CC(=C1)OC)OC)O)N
D01082,C(C(CS)S)O
D01083,CCC(C=CCl)(C#C)O
D01084,CCN(CC)CCNC(=O)C1=CC(=C(C=C1OC)N)Cl
D01085,CC1=CC(=O)C(=CN1)C(=O)NC(C2=CC=C(C=C2)O)C(=O)NC3C4N(C3=O)C(=C(CS4)CSC5=NN=NN5C)C(=O)O
D01086,C1=CC(=C(C=C1Cl)O)OC2=C(C=C(C=C2)Cl)Cl
D01087,C(C(=O)O)N
D01088,C1CN(CCN1)C2=NC3=CC=CC=C3OC4=C2C=C(C=C4)Cl
D01089,CC(C)C1CCC(CC1)C(=O)NC(CC2=CC=CC=C2)C(=O)O
D01090,CN1CCC2=C(C1)C(C3=CC=CC=C23)C4=CC=CC=C4
D01091,CN(C)CCCN1C2=CC=CC=C2SC3=C1C=C(C=C3)C(F)(F)F
D01092,CC(=O)OCC1=C(N2C(C(C2=O)NC(=O)CC#N)SC1)C(=O)O
D01093,COC1=C(C=C(C=C1)C2=CC3=C(C=C2)C=C(C=C3)C(=O)O)C45CC6CC(C4)CC(C6)C5
D01094,CC(=O)NC1CCC2=CC(=C(C(=C2C3=CC=C(C(=O)C=C13)OC)OC)OC)OC
D01095,CC1=NN=C2N1C3=C(C=C(C=C3)Cl)C(=NC2)C4=CC=CC=C4Cl
D01096,CCC1=C(C(=NC(=N1)N)N)C2=CC=C(C=C2)Cl
D01097,CCC1(C(=O)NCNC1=O)C2=CC=CC=C2
D01098,CC(C)(C)C1=CC=C(C=C1)CN2CCN(CC2)C(C3=CC=CC=C3)C4=CC=C(C=C4)Cl
D01099,C1C(=O)N(C2=C(C=C(C=C2)Cl)C(=N1)C3=CC=CC=C3)CC(F)(F)F
D01100,CCN1C=C(C(=O)C2=C1N=C(C=C2)C)C(=O)O
D01101,C1=NC2=NC=NC(=C2N1)N
D01102,C1CN(CCN1CC=CC2=CC=CC=C2)C(C3=CC=C(C=C3)F)C4=CC=C(C=C4)F
D01103,CN1C(=O)CN=C(C2=C1C=CC(=C2)[N+](=O)[O-])C3=CC=CC=C3F
D01104,C1=CC=C2C(=C1)C(=C(C(=O)O2)CC3=C(C4=CC=CC=C4OC3=O)O)O
D01105,CC(C)C1(C(=O)NC(=O)NC1=O)CC=C
D01106,CC1=C(C=C(C=C1)C(=O)NC2=CC(=C(C=C2)CN3CCN(CC3)C)C(F)(F)F)C#CC4=CN=C5N4N=CC=C5
D01107,C[N+]1(C2CC(CC1C3C2O3)OC(=O)C(C4=CC=CS4)(C5=CC=CS5)O)C
D01108,CC1=CC2=C(C3C4C5C6=C(C(=C7C(=C6C(N4C(C(C2)N3C)O)COC(=O)C8(CS5)C9=CC(=C(C=C9CCN8)O)OC)OCO7)C)OC(=O)C)C(=C1OC)O
D01109,CCNC(=O)N(CCCN(C)C)C(=O)C1CC2C(CC3=CNC4=CC=CC2=C34)N(C1)CC=C
D01110,CC1C(C(CC(O1)OC2CC(CC3=C2C(=C4C(=C3O)C(=O)C5=CC=CC=C5C4=O)O)(C(=O)C)O)N)O
D01111,CC(CS)C(=O)N1CCCC1C(=O)O
D01112,CC1=C(C(CCC1)(C)C)C=CC(=CC=CC(=CCO)C)C
D01113,CCC1(CC2CC(C3=C(CCN(C2)C1)C4=CC=CC=C4N3)(C5=C(C=C6C(=C5)C78CCN9C7C(C=CC9)(C(C(C8N6C)(C(=O)N)O)O)CC)OC)C(=O)OC)O
D01114,COC1=NC(=NC2=C1N=CN2C3C(C(C(O3)CO)O)O)N
D01115,C(C(=O)O)N
D01116,CC1=NS(=O)(=O)C2=C(N1)C=CC(=C2)Cl
D01117,C1=CN=CC=C1C2=CNC(=O)C(=C2)N
D01118,C=CCNC1=NC(=NC(=N1)N2CCN(CC2)C(C3=CC=C(C=C3)F)C4=CC=C(C=C4)F)NCC=C
D01119,CC1=C(C(=C(C=C1)Cl)NC2=CC=CC=C2C(=O)O)Cl
D01120,C#CCNC1CCC2=CC=CC=C12
D01121,CC(C(C1=CC=CC=C1)O)NC
D01122,CC(C)CN1C=NC2=C1C3=CC=CC=C3N=C2N
D01123,CN1C(=O)CC(=O)N(C2=C1C=CC(=C2)Cl)C3=CC=CC=C3
D01124,C1COC(=O)N1N=CC2=CC=C(O2)[N+](=O)[O-]
D01125,C1=CC=C(C=C1)C2=NC(C(=O)NC3=C2C=C(C=C3)Cl)C(=O)O
D01126,COC1=C2C(=CC(=C1N3CC4CCCNC4C3)F)C(=O)C(=CN2C5CC5)C(=O)O
D01127,CN1CCN2C(C1)C3=CC=CC=C3CC4=CC=CC=C42
D01128,CC[PH+](CC)CC.CC(=O)OCC1C(C(C(C(O1)[S-])OC(=O)C)OC(=O)C)OC(=O)C.[Au]
D01129,C1C(C(OC1N2C=NC3=C(N=C(N=C32)Cl)N)CO)O
D01130,C1CNCCN1
D01131,C1=C(C=C(C(=C1I)OC2=CC(=C(C(=C2)I)O)I)I)CC(C(=O)O)N
D01132,CC(=O)CCCCN1C(=O)C2=C(N=CN2C)N(C1=O)C
D01133,CCC1C(=O)N(CC(=O)N(C(C(=O)NC(C(=O)N(C(C(=O)NC(C(=O)NC(C(=O)N(C(C(=O)N(C(C(=O)N(C(C(=O)N(C(C(=O)N1)C(C(C)CC=CC)O)C)C(C)C)C)CC(C)C)C)CC(C)C)C)C)C)CC(C)C)C)C(C)C)CC(C)C)C)C
D01134,CCNC(=O)CCCC=CCC1C(CC(C1C=CC(CCC2=CC=CC=C2)O)O)O
D01135,CCC12CCC3C(C1CCC2(C#C)O)CCC4=CC(=O)CCC34
D01136,CN1CCC23CCCCC2C1CC4=C3C=C(C=C4)OC
D01137,C1CN(CCN1)C2=NC3=CC=CC=C3OC4=C2C=C(C=C4)Cl
D01138,CCC(C(CC(C)N(C)C)(C1=CC=CC=C1)C2=CC=CC=C2)OC(=O)C
D01139,CC1=C(C(C(=C(N1)C)C(=O)OC(C)C)C2=CC=CC3=NON=C32)C(=O)OC
D01140,CC(=O)OCC1=C(N2C(C(C2=O)NC(=O)C(C3=CC=CC=C3)N)SC1)C(=O)O
D01141,CCCSC1=CC2=C(C=C1)N=C(N2)NC(=O)OC
D01142,CC1C(C(CC(O1)OC2CC(CC3=C2C(=C4C(=C3O)C(=O)C5=CC=CC=C5C4=O)O)(C(=O)C)O)N)O
D01143,CC1=CC(=O)C2=CC=CC=C2C1=O
D01144,CCC1=NC(=C(N1CC2=CC3=C(C=C2)OC(=C3Br)C4=CC=CC=C4NS(=O)(=O)C(F)(F)F)C(=O)N)C5CC5
D01145,CCC1=C(CN(C1=O)C(=O)NCCC2=CC=C(C=C2)S(=O)(=O)NC(=O)NC3CCC(CC3)C)C
D01146,COC1=C(C=C(C=C1)C2CC(=O)C3=C(C=C(C=C3O2)O)O)O
D01147,CN1CCC23CCCCC2C1CC4=C3C=C(C=C4)O
D01148,[Zn]
D01149,CCC(C=CCl)(C#C)O
D01150,CCS(=O)(=O)CCN1C(=NC=C1[N+](=O)[O-])C
D01151,CC(C)(CC1=CC=CC=C1)NC
D01152,C1CNCCNCCCN(CCNC1)CC2=CC=C(C=C2)CN3CCCNCCNCCCNCC3
D01153,CC1=C(C(C(=C(N1)C)C(=O)OC(C)(C)CN(C)CCC(C2=CC=CC=C2)C3=CC=CC=C3)C4=CC(=CC=C4)[N+](=O)[O-])C(=O)OC
D01154,CC1CC2C3C(CC4=CC(=O)C=CC4(C3C(CC2(C1(C(=O)CO)O)C)O)C)Cl
D01155,CCC(=O)N(C1CCN(CC1)CCC2=CC=CC=C2)C3=CC=CC=C3
D01156,CNC(=NC)NCC1=CC=CC=C1
D01157,C1C(=O)N(C2=C(C=C(C=C2)Cl)C(=N1)C3=CC=CC=C3)CC(F)(F)F
D01158,C1=CN=CC=C1C(=O)NN
D01159,C(CC(C(=O)O)N)CN
D01160,C1=CC2=C(C=C1OC(F)(F)F)SC(=N2)N
D01161,CCN(CC)C(=O)C1(CC1CN)C2=CC=CC=C2
D01162,CC(C(C1=CC(=C(C=C1)O)O)O)N
D01163,COCCOC1=C(C=C2C(=C1)C(=NC=N2)NC3=CC=CC(=C3)C#C)OCCOC
D01164,C1=CC=C(C(=C1)C(=O)OCCOCCO)NC2=CC=CC(=C2)C(F)(F)F
D01165,CN1CCCC(C1)CC2C3=CC=CC=C3SC4=CC=CC=C24
D01166,CC1CCC2CC(C(=CC=CC=CC(CC(C(=O)C(C(C(=CC(C(=O)CC(OC(=O)C3CCCCN3C(=O)C(=O)C1(O2)O)C(C)CC4CCC(C(C4)OC)OCCO)C)C)O)OC)C)C)C)OC
D01167,C1(=C(N=C(C(=N1)Cl)N)N)C(=O)N=C(N)N
D01168,CCC1=CC2CC(C3=C(CN(C2)C1)C4=CC=CC=C4N3)(C5=C(C=C6C(=C5)C78CCN9C7C(C=CC9)(C(C(C8N6C)(C(=O)OC)O)OC(=O)C)CC)OC)C(=O)OC
D01169,C1=CC=C(C=C1)CCNN
D01170,C(CCl)NC(=O)N(CCCl)N=O
D01171,CC(C)[N+]1(C2CCC1CC(C2)OC(=O)C(CO)C3=CC=CC=C3)C
D01172,CC(=O)NC1=NN=C(S1)S(=O)(=O)N
D01173,CCC12CCC3C(C1CCC2(C#C)OC(=O)C)CCC4=CC(=NO)CCC34
D01174,CN(CCCNC(=O)C1CCCO1)C2=NC3=CC(=C(C=C3C(=N2)N)OC)OC
D01175,CN(CC1=C(C(=CC(=C1)Br)Br)N)C2CCCCC2
D01176,CN1C2=C(C=C(C=C2)Cl)C(=NC(C1=O)O)C3=CC=CC=C3
D01177,CCC(=O)OC1(C(CC2C1(CC(C3(C2CC(C4=CC(=O)C=CC43C)F)F)O)C)C)C(=O)SCF
D01178,CN(C)CC1=NN=C2N1C3=C(C=C(C=C3)Cl)C(=NC2)C4=CC=CC=C4
D01179,C1=CC=C2C(=C1)C(=O)O[Bi]O2.O
D01180,C1=C(N=C(S1)N=C(N)N)CSCCC(=NS(=O)(=O)N)N
D01181,CC(C)C(C)C=CC(C)C1CCC2C1(CCCC2=CC=C3CC(CCC3=C)O)C
D01182,C1=CN=CC=C1N
D01183,COCCOC1=C(C=C2C(=C1)C(=NC=N2)NC3=CC=CC(=C3)C#C)OCCOC
D01184,CC1CCC2CC(C(=CC=CC=CC(CC(C(=O)C(C(C(=CC(C(=O)CC(OC(=O)C3CCCCN3C(=O)C(=O)C1(O2)O)C(C)CC4CCC(C(C4)OC)O)C)C)O)OC)C)C)C)OC
D01185,C1COC2(N1CC(=O)NC3=C2C=C(C=C3)Cl)C4=CC=CC=C4Cl
D01186,C1CCC(CC1)C(CC2CCCCN2)C3CCCCC3
D01187,CC1=CC=CC=C1N2CCN(CC2)CCC3=NN=C4N3CCCC4
D01188,C1=CC=C2C(=C1)C(=NO2)CS(=O)(=O)N
D01189,CN(C)CCOC(=O)C(C1=CC=CC=C1)C2(CCCC2)O
D01190,C1CNCC(C2=CC(=C(C(=C21)Cl)O)O)C3=CC=C(C=C3)O
D01191,C1=CC(=C(C=C1N)O)C(=O)O
D01192,CCC1(CCC(=O)NC1=O)C2=CC=CC=C2
D01193,CC[N+](C)(C)C1=CC(=CC=C1)O
D01194,C(C(F)(F)F)(Cl)Br
D01195,C1CC(CCC1C2=CC=C(C=C2)Cl)C3=C(C4=CC=CC=C4C(=O)C3=O)O
D01196,C1=CN=CC=C1C2=CNC(=O)C(=C2)N
D01197,CC1C(C(C(O1)OC2C(C(C(C(C2O)O)N=C(N)N)O)N=C(N)N)OC3C(C(C(C(O3)CO)O)O)NC)(C=O)O
D01198,CCCCCCCCCC(=O)OC1CCC2C1(CCC3C2CCC4=CC(=O)CCC34)C
D01199,CC1=CC(=NO1)C(=O)NCCC2=CC=C(C=C2)S(=O)(=O)NC(=O)NN3CCCCCC3
D01200,C(C(F)(F)F)(Cl)Br
D01201,CN(C(=O)NC1C(C(C(OC1O)CO)O)O)N=O
D01202,CC1=CC2=C(C=C1C)N(C3=NC(=O)NC(=O)C3=N2)CC(C(C(COP(=O)(O)OP(=O)(O)OCC4C(C(C(O4)N5C=NC6=C(N=CN=C65)N)O)O)O)O)O
D01203,CNCCON=C1C2=CC=CC=C2C=CC3=CC=CC=C31
D01204,C1=C(OC(=C1)[N+](=O)[O-])C=NNC(=O)N
D01205,CCOC1=CC=CC=C1OC(C2CNCCO2)C3=CC=CC=C3
D01206,CCC(=C(CC)C1=CC=C(C=C1)O)C2=CC=C(C=C2)O
D01207,C[N+](C)(CCCCCC[N+](C)(C)C1C2=CC=CC=C2C3=CC=CC=C13)C4C5=CC=CC=C5C6=CC=CC=C46
D01208,CCN(CC)C(=O)C1(CC1CN)C2=CC=CC=C2
D01209,CCC1C(C(C(C(=NOCOCCOC)C(CC(C(C(C(C(C(=O)O1)C)OC2CC(C(C(O2)C)O)(C)OC)C)OC3C(C(CC(O3)C)N(C)C)O)(C)O)C)C)O)(C)O
D01210,CCCNC(=O)NS(=O)(=O)C1=CC=C(C=C1)Cl
D01211,CC=C(C)C(=O)OC1C(=CC23C1(C(C(=CC(C2=O)C4C(C4(C)C)CC3C)CO)O)O)C
D01212,CCC(C)C1(C(=O)NC(=O)NC1=O)CC=C
D01213,C1=CC=C(C=C1)COCC(C(=O)O)N(CCN(CCN(CC(=O)[O-])CC(=O)[O-])CC(=O)[O-])CC(=O)O.[Gd+3]
D01214,CCOC(=O)C1=C(NC(=C(C1C2=C(C(=CC=C2)Cl)Cl)C(=O)OC)C)C
D01215,CCC(CO)NC(=O)C1CN(C2CC3=CN(C4=CC=CC(=C34)C2=C1)C)C
D01216,CN(C)CCC=C1C2=CC=CC=C2CCC3=CC=CC=C31
D01217,CC1=C(C=CC2=C1N=C(C=C2OC3CC4C(C3)C(=O)N(CCCCC=CC5CC5(NC4=O)C(=O)NS(=O)(=O)C6CC6)C)C7=NC(=CS7)C(C)C)OC
D01218,C(C(C1C(=C(C(=O)O1)O)O)O)O
D01219,CC1CC(=O)NN=C1C2=CC=C(C=C2)NN=C(C#N)C#N
D01220,CN(CC(=O)O)C(=N)N
D01221,C1CC1CN2CCC34C5C(=O)CCC3(C2CC6=C4C(=C(C=C6)O)O5)O
D01222,CN1C2=C(C(=O)N(C1=O)C)N(C=N2)CC(CO)O
D01223,C1CCC(CC1)(CC(=O)O)CN
D01224,CC1=CC=C(C=C1)C(=O)C2=CC=C(N2C)CC(=O)O
D01225,CC[PH+](CC)CC.CC(=O)OCC1C(C(C(C(O1)[S-])OC(=O)C)OC(=O)C)OC(=O)C.[Au]
D01226,C1CN=C(N1)CC2=CC=CC=C2
D01227,CN1C(=O)N2C=NC(=C2N=N1)C(=O)N
D01228,C1(C(C(C(C(C1Cl)Cl)Cl)Cl)Cl)Cl
D01229,C1=COC(=C1)CNC2=CC(=C(C=C2C(=O)O)S(=O)(=O)N)Cl
D01230,O.[O-]Cl=O.[O-]Cl=O.[O-]Cl=O.[O-]Cl=O.O=O
D01231,CCC1CC2CC3(C1N(C2)CCC4=C3NC5=CC(=C(C=C45)OC)C6CC7C(C(CC8=C6NC9=CC=CC=C89)N(CC7=CC)C)C(=O)OC)C(=O)OC
D01232,C1C(C(OC1N2C=NC3=C(N=C(N=C32)Cl)N)CO)O
D01233,CC1=C(C=C(C=C1)NC(=O)C2=CC=C(C=C2)CN3CCN(CC3)C)NC4=NC=CC(=N4)C5=CN=CC=C5
D01234,CC(CS)C(=O)N1CCCC1C(=O)O
D01235,CC1=C(C(=NO1)C2=C(C=CC=C2Cl)Cl)C(=O)NC3C4N(C3=O)C(C(S4)(C)C)C(=O)O
D01236,C1NC2=CC(=C(C=C2S(=O)(=O)N1)S(=O)(=O)N)Cl
D01237,C1=CC(=CC=C1N)S(=O)(=O)C2=CC=C(C=C2)N
D01238,CC1(OC2COC3(C(C2O1)OC(O3)(C)C)COS(=O)(=O)N)C
D01239,CC(C1=NC=NC=C1F)C(CN2C=NC=N2)(C3=C(C=C(C=C3)F)F)O
D01240,CC1(C(N2C(S1)C(C2=O)NC(=O)C3=C(C=CC=C3OC)OC)C(=O)O)C
D01241,CC(=O)OC1=CC=CC=C1C(=O)NC2=NC=C(S2)[N+](=O)[O-]
D01242,CN(C)CCC=C1C2=CC=CC=C2CCC3=CC=CC=C31
D01243,CC(=O)OC(CC(=O)[O-])C[N+](C)(C)C
D01244,C1C(C2C(O1)C(CO2)O[N+](=O)[O-])O
D01245,CC[N+](C)(C)CC1=CC=CC=C1Br
D01246,CN1C2=C(C=C(C=C2)Cl)C(=NC(C1=O)O)C3=CC=CC=C3
D01247,CCOC(=O)C(CCC1=CC=CC=C1)NC2CCCN3CCCC(N3C2=O)C(=O)O
D01248,CC(C)(C(=O)O)ON=C(C1=CSC(=N1)N)C(=O)NC2C3N(C2=O)C(=C(CS3)C[N+]4=CC=CC=C4)C(=O)[O-]
D01249,COCCOC1=C(C=C2C(=C1)C(=NC=N2)NC3=CC=CC(=C3)C#C)OCCOC
D01250,C(CC(=O)O)C(=O)O
D01251,CCC(C(C1=CC(=C(C=C1)O)O)O)NC(C)C
D01252,C1CN(CCN1CCC2=C(C=C3C(=C2)CC(=O)N3)Cl)C4=NSC5=CC=CC=C54
D01253,C1=CC=C(C(=C1)C(=O)OCC(CO)O)NC2=C3C=CC=C(C3=NC=C2)C(F)(F)F
D01254,CN1C=NC2=C1C(=O)N(C(=O)N2C)C
D01255,C1=CC(=CC=C1COC(CN2C=CN=C2)C3=C(C=C(C=C3)Cl)Cl)Cl
D01256,CC1=NN=C2N1C3=C(C=C(C=C3)Cl)C(=NC2)C4=CC=CC=C4
D01257,CCOC(=O)C(C)(C)OC1=CC=C(C=C1)Cl
D01258,C1=NC(=C2C(=N1)N(C=N2)C3C(C(C(O3)CO)O)O)N
D01259,C1=CC2=C(C=C1OC(F)(F)F)SC(=N2)N
D01260,CN(C)CCC(C1=CC=C(C=C1)Br)C2=CC=CC=N2
D01261,CC1=C(C(=O)N2CCCC(C2=N1)O)CCN3CCC(CC3)C4=NOC5=C4C=CC(=C5)F
D01262,CC1=CC2=C(N1)C=CC=C2OCC(CNC(C)(C)C)OC(=O)C3=CC=CC=C3
D01263,C(CCC(=O)O)CCN
D01264,CCCC(CCC)C(=O)O
D01265,CC(=O)OCC(=O)C12C(CC3C1(CC(C4(C3CCC5=CC(=O)C=CC54C)F)O)C)OC6(O2)CCCC6
D01266,C1(C(C(C(C(C1Cl)Cl)Cl)Cl)Cl)Cl
D01267,CC1C(C(CC(O1)OC2C(C(C(OC2OC3=C4C=C5C=C3OC6=C(C=C(C=C6)C(C(C(=O)NC(C(=O)NC5C(=O)NC7C8=CC(=C(C=C8)O)C9=C(C=C(C=C9O)O)C(NC(=O)C(C(C1=CC(=C(O4)C=C1)Cl)O)NC7=O)C(=O)O)CC(=O)N)NC(=O)C(CC(C)C)NC)O)Cl)CO)O)O)(C)N)O
D01268,CC1=C(C(=O)N2CCCCC2=N1)CCN3CCC(CC3)C4=NOC5=C4C=CC(=C5)F
D01269,CC(CC1CCCCC1)NC
D01270,C1=CC=C(C(=C1)C2=NC(C(=O)NC3=C2C=C(C=C3)Cl)O)Cl
D01271,CC1CCOC2N1C(=O)C3=C(C(=O)C(=CN3C2)C(=O)NCC4=C(C=C(C=C4)F)F)O
D01272,CC12CCC3C(C1CCC2=O)CC(=C)C4=CC(=O)C=CC34C
D01273,CC(C)CC1C(=O)N2CCCC2C3(N1C(=O)C(O3)(C(C)C)NC(=O)C4CN(C5CC6=C(NC7=CC=CC(=C67)C5=C4)Br)C)O
D01274,CN1CCC23C=CC(CC2OC4=C(C=CC(=C34)C1)OC)O
D01275,CC(=O)NC(CS)C(=O)O
D01276,CC(=O)C1=CC(=C(C=C1)OCCCN2CCC(CC2)C3=NOC4=C3C=CC(=C4)F)OC
D01277,CC1=CC=CC=C1OC(CCNC)C2=CC=CC=C2
D01278,C1CN(CCN1CCC2=C(C=C3C(=C2)CC(=O)N3)Cl)C4=NSC5=CC=CC=C54
D01279,CC1=C2CCC(=O)N(C2=NC(=N1)C)CC3=CC=C(C=C3)C4=CC=CC=C4C5=NNN=N5
D01280,CNCCC=C1C2=CC=CC=C2CCC3=CC=CC=C31
D01281,CCN(C1=CC=CC=C1C)C(=O)C=CC
D01282,CCCC(C)C1(C(=O)NC(=O)NC1=O)CC
D01283,C[N+]1(CCC2=CC(=C(C=C2C1CC3=CC(=C(C=C3)OC)OC)OC)OC)CCC(=O)OCCCCCOC(=O)CC[N+]4(CCC5=CC(=C(C=C5C4CC6=CC(=C(C=C6)OC)OC)OC)OC)C
D01284,CC(C)(CC1=CC=CC=C1)NC
D01285,C=CCN.C1C(O1)CCl
D01286,CN1CCC23CCCCC2C1CC4=C3C=C(C=C4)O
D01287,C1=CN(C(=O)N=C1N)C2C(C(C(O2)CO)O)O
D01288,CC1C=CC=C(C(=O)NC2=C(C(=C3C(=C2O)C(=C(C4=C3C(=O)C(O4)(OC=CC(C(C(C(C(C(C1O)C)O)C)OC(=O)C)C)OC)C)C)O)O)C=NN5CCN(CC5)C)C
D01289,CC(=O)C1CCC2C1(CCC3C2CCC4=CC(=O)CCC34C)C
D01290,CN1CCN(CC1)C2=NC3=CC=CC=C3OC4=C2C=C(C=C4)Cl
D01291,CC1(C(=O)N(C(=O)O1)C)C
D01292,CC(=O)C1(CCC2C1(CCC3C2C=C(C4=CC(=O)C5CC5C34C)Cl)C)OC(=O)C
D01293,CCCN(CCC)CCC1=C2CC(=O)NC2=CC=C1
D01294,CCN(C1=CC=CC(=C1)C2=CC=NC3=C(C=NN23)C#N)C(=O)C
D01295,CN1CCC2=C(C1)C(C3=CC=CC=C23)C4=CC=CC=C4
D01296,C1NC2=C(C=C(C(=C2)C(F)(F)F)S(=O)(=O)N)S(=O)(=O)N1
D01297,CCCC(CCC)C(=O)O
D01298,CCOCCN1C2=CC=CC=C2N=C1N3CCCN(CC3)C
D01299,C(C(F)(F)F)(OC(F)F)F
D01300,C1=CN=CC=C1C2=CNC(=O)C(=C2)N
D01301,CCOC(=O)C1=CN=C(C=C1)C#CC2=CC3=C(C=C2)SCCC3(C)C
D01302,CN1CC2C(C1)C3=C(C=CC(=C3)Cl)OC4=CC=CC=C24.C(=CC(=O)O)C(=O)O
D01303,CC1=CC2=C(S1)NC3=CC=CC=C3N=C2N4CCN(CC4)C
D01304,C1CN(CCC1(C2=CC=C(C=C2)Cl)O)CCCC(=O)C3=CC=C(C=C3)F
D01305,CC12CCC3C(C1CCC2(C#C)O)CCC4=CC(=O)CCC34
D01306,CN1C=NC2=C1C(=O)N(C(=O)N2C)C
D01307,CC1(C2CC3C(C(=O)C(=C(C3(C(=O)C2=C(C4=C1C=CC=C4O)O)O)O)C(=O)N)N(C)C)O
D01308,C1=CC(=C(C=C1OC2=C(C=C(C=C2I)CC(C(=O)O)N)I)I)O
D01309,CC(CC1=CC=CC=C1)N=CC(Cl)(Cl)Cl
D01310,CC1=NC=C2N1C3=C(C=C(C=C3)Cl)C(=NC2)C4=CC=CC=C4F
D01311,C1C(N=C(NC1O)N)C2C(=O)NCC(C(=O)NC(C(=O)NC(C(=O)NC(=CNC(=O)N)C(=O)N2)CO)CO)NC(=O)CC(CCCN)N
D01312,COC1=CC=CC=C1OCCNCC(COC2=CC=CC3=C2C4=CC=CC=C4N3)O
D01313,C1=CC=C(C=C1)COC2=CC=C(C=C2)O
D01314,CCCCCCCN(CC)CCCC(C1=CC=C(C=C1)NS(=O)(=O)C)O
D01315,CC1C(C(C(C(O1)OC2C(OC(C(C2O)O)OC(C(CO)O)C(C(C=O)O)O)CO)O)O)NC3C=C(C(C(C3O)O)O)CO
D01316,CCC(C)C1(C(=O)NC(=O)NC1=O)CC=C
D01317,CCN(C1=CC=CC(=C1)C2=CC=NC3=C(C=NN23)C#N)C(=O)C
D01318,C1=CC(=CC(=C1)C(F)(F)F)C(=NOCCCCC(=O)O)C2=CN=CC=C2
D01319,CCN(CC)CCNC(=O)C1=CC(=C(C=C1OC)N)Cl
D01320,CN(CC=CC1=CC=CC=C1)CC2=CC=CC3=CC=CC=C32
D01321,CCC(=O)NCCC1CCC2=C1C3=C(C=C2)OCC3
D01322,C(CC(=O)O)C(=O)O
D01323,CC1=NS(=O)(=O)C2=C(N1)C=CC(=C2)Cl
D01324,C(=O)(O)P(=O)(O)O
D01325,CC1=C(C(=CC=C1)NC2=CC=CC=C2C(=O)O)C
D01326,C(C(OC(F)F)(F)F)(F)Cl
D01327,CC(CN1C2=CC=CC=C2CCC3=CC=CC=C31)CN(C)C
D01328,CN1C2=C(C=C(C=C2)Cl)C(=NC(C1=O)O)C3=CC=CC=C3
D01329,COC(=O)NC1=NC2=C(N1)C=C(C=C2)C(=O)C3=CC=C(C=C3)F
D01330,CCC(CC)(CC(=O)NC1=CC=CC(=C1)C=CC2=NC(=CS2)C3CCC3)C(=O)O
D01331,CN1CCC(CC1)OC(C2=CC=CC=C2)C3=CC=CC=C3
D01332,CC(CS)C(=O)N1CCCC1C(=O)O
D01333,C1=C(C=C(C(=C1I)OC2=CC(=C(C(=C2)I)O)I)I)CC(C(=O)O)N
D01334,CN1CC2C(C1)C3=C(C=CC(=C3)Cl)OC4=CC=CC=C24.C(=CC(=O)O)C(=O)O
D01335,CC1C(OCCN1C)C2=CC=CC=C2
D01336,C1C(=O)N(C2=C(C=C(C=C2)Cl)C(=N1)C3=CC=CC=C3)CC(F)(F)F
D01337,C1C(C(=O)NO1)N
D01338,CN(C)CCC=C1C2=CC=CC=C2COC3=C1C=C(C=C3)CC(=O)O
D01339,C1=CC(=CC=C1C(CC(=O)O)CN)Cl
D01340,CCCN(CCC1=CC=CS1)C2CCC3=C(C2)C=CC=C3O
D01341,CC1=CNN=C1
D01342,CC(=O)CCCCN1C(=O)C2=C(N=CN2C)N(C1=O)C
D01343,C1CC(OC1CO)N2C=NC3=C2N=CNC3=O
D01344,CCCC(CCC)C(=O)O
D01345,CC1=NC=C(C=C1)C2=C(C=C(C=N2)Cl)C3=CC=C(C=C3)S(=O)(=O)C
D01346,C1=C(C(=C(C(=C1Cl)Cl)CC2=C(C(=CC(=C2Cl)Cl)Cl)O)O)Cl
D01347,CC12CCC(=O)C=C1CCC3C2C(CC4(C3CCC4(C(=O)CO)O)C)O
D01348,C1CCC(C(C1)CN2CCN(CC2)C3=NSC4=CC=CC=C43)CN5C(=O)C6C7CCC(C7)C6C5=O
D01349,CC(C)(C)C1=CC(=C(C=C1NC(=O)C2=CNC3=CC=CC=C3C2=O)O)C(C)(C)C
D01350,CN(C)CCC=C1C2=CC=CC=C2CCC3=CC=CC=C31
D01351,COCCOCC(CC1(CCCC1)C(=O)NC2CCC(CC2)C(=O)O)C(=O)OC3=CC4=C(CCC4)C=C3
D01352,CCC(C)C1C(CCC2(O1)CC3CC(O2)CC=C(C(C(C=CC=C4COC5C4(C(C=C(C5O)C)C(=O)O3)O)C)OC6CC(C(C(O6)C)OC7CC(C(C(O7)C)O)OC)OC)C)C.CC1CCC2(CC3CC(O2)CC=C(C(C(C=CC=C4COC5C4(C(C=C(C5O)C)C(=O)O3)O)C)OC6CC(C(C(O6)C)OC7CC(C(C(O7)C)O)OC)OC)C)OC1C(C)C
D01353,COC1=C(C=C2C(=C1)C(=NC(=N2)N3CCN(CC3)C(=O)C4COC5=CC=CC=C5O4)N)OC
D01354,CCCC(C)C1(C(=O)NC(=O)NC1=O)CC
D01355,COC1=C(C(=NC=C1)CS(=O)C2=NC3=C(N2)C=C(C=C3)OC(F)F)OC
D01356,C(CCN)CC(C(=O)O)N
D01357,C1=CN=CC=C1N
D01358,CNCCCN1C2=CC=CC=C2CCC3=CC=CC=C31
D01359,C1CCN(CC1)C2(CCN(CC2)CCCN3C4=CC=CC=C4CCC5=C3C=C(C=C5)Cl)C(=O)N
D01360,CC(=O)OCC1=C(N2C(C(C2=O)NC(=O)CC3=CC=CS3)SC1)C(=O)O
D01361,CNC(=C[N+](=O)[O-])NCCSCC1=CC=C(O1)CN(C)C
D01362,CC1(C2=C(C=C(C=C2)OC)C(=O)N(C1=O)CCC3=CC=C(C=C3)S(=O)(=O)NC(=O)NC4CCCCC4)C
D01363,C[N+](C)(CCCCCC[N+](C)(C)C1C2=CC=CC=C2C3=CC=CC=C13)C4C5=CC=CC=C5C6=CC=CC=C46
D01364,CCC(=O)C(CC(C)N(C)C)(C1=CC=CC=C1)C2=CC=CC=C2
D01365,C1C2N(C1=O)C(C(=CCO)O2)C(=O)O
D01366,CC(C)C(CCCN(C)CCC1=CC(=C(C=C1)OC)OC)(C#N)C2=CC(=C(C=C2)OC)OC
D01367,CC1=CC(=C(C=C1)NC2=C(C=CC=C2Cl)F)CC(=O)O
D01368,CC(=O)C1=CC(=C(C=C1)OCCCN2CCC(CC2)C3=NOC4=C3C=CC(=C4)F)OC
D01369,C1COC(=O)N1N=CC2=CC=C(O2)[N+](=O)[O-]
D01370,CC1C2C(C(=O)N2C(=C1SC3CC(NC3)C(=O)NC4=CC=CC(=C4)C(=O)O)C(=O)O)C(C)O
D01371,CC(=O)NCCC1=CC=CC2=C1C=C(C=C2)OC
D01372,C(C(=O)O)N
D01373,CCCN(CCC)S(=O)(=O)C1=CC=C(C=C1)C(=O)O
D01374,CC(CN1C2=CC=CC=C2CCC3=CC=CC=C31)CN(C)C
D01375,C1CCC2C(C1)CC(N2C(=O)C3CC4=CC=CC=C4CN3C(=O)C(CO)NC(=O)C(CC5=CC=CS5)NC(=O)CNC(=O)C6CC(CN6C(=O)C7CCCN7C(=O)C(CCCN=C(N)N)NC(=O)C(CCCN=C(N)N)N)O)C(=O)NC(CCCN=C(N)N)C(=O)O
D01376,CN1C(=O)CC(=O)N(C2=C1C=CC(=C2)Cl)C3=CC=CC=C3
D01377,CN1C(=O)CN=C(C2=C1C=CC(=C2)[N+](=O)[O-])C3=CC=CC=C3F
D01378,C1=CC=C(C=C1)C2(C(=O)N(C(=O)N2)COP(=O)(O)O)C3=CC=CC=C3
D01379,C1=CC(=CC=C1NC(=NC(=NCCCCCCN=C(N)N=C(N)NC2=CC=C(C=C2)Cl)N)N)Cl
D01380,CC(C)(C)NCC(COC1=NSN=C1N2CCOCC2)O
D01381,CC1=C(C(CCC1)(C)C)C=CC(=CC=CC(=CCO)C)C
D01382,CNCCCN1C2=CC=CC=C2CCC3=CC=CC=C31
D01383,CC(C)N=C1C=C2C(=NC3=CC=CC=C3N2C4=CC=C(C=C4)Cl)C=C1NC5=CC=C(C=C5)Cl
D01384,C1=CC(=C(C=C1Cl)Cl)COC(CN2C=CN=C2)C3=C(C=C(C=C3)Cl)Cl
D01385,CC(C(C1=CC=C(C=C1)O)O)N2CCC(CC2)CC3=CC=CC=C3
D01386,CN1CCN(CC1)C2=NC3=C(C=CC(=C3)Cl)NC4=CC=CC=C42
D01387,C(CCCC(=O)O)CCCC(=O)O
D01388,CCCC(C)C1(C(=O)NC(=S)NC1=O)CC
D01389,CC(=O)NC1=C(C(=C(C(=C1I)C(=O)O)I)NC(=O)C)I
D01390,CC1=CC2=C(C=C1C)N(C3=NC(=O)NC(=O)C3=N2)CC(C(C(COP(=O)(O)OP(=O)(O)OCC4C(C(C(O4)N5C=NC6=C(N=CN=C65)N)O)O)O)O)O
D01391,C1=CC(=C(C=C1Cl)Cl)C(CN2C=CN=C2)OCC3=C(SC=C3)Cl
D01392,CC(=O)SC1CC2=CC(=O)CCC2(C3C1C4CCC5(C4(CC3)C)CCC(=O)O5)C
D01393,CC(CN1C2=CC=CC=C2SC3=C1N=CC=C3)N(C)C
D01394,C1=CC(=CC(=C1)NC2=C(C=CC=N2)C(=O)O)C(F)(F)F
D01395,CCCC1=C2C(=CC3=C1OC(=CC3=O)C(=O)O)C(=O)C=C(N2CC)C(=O)O
D01396,CCOC(=O)C1=CN=CN1C(C)C2=CC=CC=C2
D01397,[Fe]
D01398,C1CN(CCN1CCOCCO)C2=NC3=CC=CC=C3SC4=CC=CC=C42
D01399,CCOC(=O)OC(C)OC(=O)C1C(SC2N1C(=O)C2NC(=O)C(C3=CC=CC=C3)N)(C)C
D01400,CC1(C2=CC=CC=C2N(C3=CC=CC=C31)CCCN(C)C)C
D01401,CCNC1C2CCC(C2)C1C3=CC=CC=C3
D01402,C1CN=C(N1)NC2=C(C=CC3=NSN=C32)Cl
D01403,CC(C)(C)NC(=O)C1CN(CCN1CC(CC(CC2=CC=CC=C2)C(=O)NC3C(CC4=CC=CC=C34)O)O)CC5=CN=CC=C5
D01404,C(C(C1C(=C(C(=O)O1)O)O)O)O
D01405,CN1CCC(=C2C3=CC=CC=C3CCN4C2=NC=C4C=O)CC1
D01406,CC(=O)C1=CC2=C(C=C1)SC3=CC=CC=C3N2CCCN(C)C
D01407,CC1CCC2C(C(OC3C24C1CCC(O3)(OO4)C)OC)C
D01408,C1CN(CCN1)C2=NC3=CC=CC=C3OC4=C2C=C(C=C4)Cl
D01409,[Cl-].[K+]
D01410,CC1CN(CCN1)C2=C(C=C3C(=C2OC)N(C=C(C3=O)C(=O)O)C4CC4)F
D01411,CCC1=C(NC2=C1C(=O)C(CC2)CN3CCOCC3)C
D01412,C1=CC=C2C(=C1)C(=C(C(=O)O2)CC3=C(C4=CC=CC=C4OC3=O)O)O
D01413,C1=CN=C(C=N1)C(=O)N
D01414,CCCC1=NC(=C2N1N=C(NC2=O)C3=C(C=CC(=C3)S(=O)(=O)N4CCN(CC4)CC)OCC)C
D01415,CCN(CC)C(=O)C(=CC1=CC(=C(C(=C1)O)O)[N+](=O)[O-])C#N
D01416,C(C(OC(F)F)(F)F)(F)Cl
D01417,CCCCC(=O)OCC(=O)C1(CC(C2=C(C1)C(=C3C(=C2O)C(=O)C4=C(C3=O)C=CC=C4OC)O)OC5CC(C(C(O5)C)O)NC(=O)C(F)(F)F)O
D01418,C1C2CC3CC1CC(C2)(C3)N
D01419,C(C(C(=O)O)N)C(=O)N
D01420,CN1CCC2=C3C1CC4=C(C3=CC=C2)C(=C(C=C4)O)O
D01421,CC(C)(C(=O)OCCOC(=O)C1=CN=CC=C1)OC2=CC=C(C=C2)Cl
D01422,CNC(=O)C1=NC=CC(=C1)OC2=CC(=C(C=C2)NC(=O)NC3=CC(=C(C=C3)Cl)C(F)(F)F)F
D01423,CC1C=CC=CCCC=CC=CC=CC=CC(CC2C(C(CC(O2)(CC(C(CCC(CC(CC(CC(=O)OC(C(C1O)C)C)O)O)O)O)O)O)O)C(=O)O)OC3C(C(C(C(O3)C)O)N)O
D01424,CCC(=C(C1=CC=CC=C1)C2=CC=C(C=C2)OCCN(C)C)C3=CC=CC=C3
D01425,[Cl-].[Cl-].[Ca+2]
D01426,CC(C)CC(C(=O)NC(CCCN=C(N)N)C(=O)N1CCCC1C(=O)NCC(=O)N)NC(=O)C(CC2=CC3=CC=CC=C3C=C2)NC(=O)C(CC4=CC=C(C=C4)O)NC(=O)C(CO)NC(=O)C(CC5=CNC6=CC=CC=C65)NC(=O)C(CC7=CN=CN7)NC(=O)C8CCC(=O)N8
D01427,CCCC(C)C1(C(=O)NC(=O)NC1=O)CC=C
D01428,CN1CCC23C=CC(CC2OC4=C(C=CC(=C34)C1)OC)O
D01429,CC1=CC2=C(N1)C=CC=C2OCC(CNC(C)(C)C)OC(=O)C3=CC=CC=C3
D01430,C1CN2CCC1C(C2)CN3C4=CC=CC=C4SC5=CC=CC=C53
D01431,CC(=O)NCCCS(=O)(=O)O
D01432,C1C2C(C(S1)CCCCC(=O)O)NC(=O)N2
D01433,CCC1=C2C(=CC=C1)C3=C(N2)C(OCC3)(CC)CC(=O)O
D01434,CN(C)CCCN1C2=CC=CC=C2SC3=C1C=C(C=C3)Cl
D01435,C1CNCCNCCCN(CCNC1)CC2=CC=C(C=C2)CN3CCCNCCNCCCNCC3
D01436,CC(C)C1=C(C(=CC=C1)C(C)C)O
D01437,CC12CCC3C(C1CCC(=O)O2)CCC4=CC(=O)C=CC34C
D01438,CC(=O)C1=CC(=C(C=C1)OCCCN2CCC(CC2)C3=NOC4=C3C=CC(=C4)F)OC
D01439,CCC(CC)(CC(=O)NC1=CC=CC(=C1)C=CC2=NC(=CS2)C3CCC3)C(=O)O
D01440,CC1=CC2=C(C=C1C)N(C3=NC(=O)NC(=O)C3=N2)CC(C(C(COP(=O)(O)OP(=O)(O)OCC4C(C(C(O4)N5C=NC6=C(N=CN=C65)N)O)O)O)O)O
D01441,COC1C(CC2CN3CCC4=C(C3CC2C1C(=O)OC)NC5=C4C=CC(=C5)OC)OC(=O)C6=CC(=C(C(=C6)OC)OC)OC
D01442,C1C2=NN=CN2C3=C(C=C(C=C3)Cl)C(=N1)C4=CC=CC=C4
D01443,CC(=O)C1=CC(=C(C=C1)OCCCN2CCC(CC2)C3=NOC4=C3C=CC(=C4)F)OC
D01444,CC1=C(C(C(=C(N1)C)C(=O)OC)C2=CC=CC=C2[N+](=O)[O-])C(=O)OC
D01445,CCCOC1=C(C=C(C=C1)C(=O)OCCN(CC)CC)N
D01446,CN1C2CCC1CC(C2)OC(C3=CC=CC=C3)C4=CC=CC=C4
D01447,CC12CC(C3(C(C1CC(C2(C(=O)CO)O)O)CCC4=CC(=O)C=CC43C)F)O
D01448,CCC1=CC2=C(S1)N(C(=O)CN=C2C3=CC=CC=C3Cl)C
D01449,C1C(C2C(O1)C(CO2)O[N+](=O)[O-])O[N+](=O)[O-]
D01450,CC(C)CC1(C(=O)NC(=O)NC1=O)CC=C
D01451,CCCNS(=O)(=O)NC1=C(C(=NC=N1)OCCOC2=NC=C(C=N2)Br)C3=CC=C(C=C3)Br
D01452,CC(CC1=CC=CC=C1)N
D01453,CC(C1=CC2=CC=CC=C2S1)N(C(=O)N)O
D01454,CN(C)CCC=C1C2=CC=CC=C2CCC3=CC=CC=C31
D01455,CCOC(=O)C1(CCN(CC1)C)C2=CC=CC=C2
D01456,CNC(=NC)NCC1=CC=CC=C1
D01457,CC(CC1C2=CC=CC=C2CCC3=CC=CC=C13)CN(C)C
D01458,COC1CN(CCC1NC(=O)C2=CC(=C(C=C2OC)N)Cl)CCCOC3=CC=C(C=C3)F
D01459,CC(C)NCC(COC1=CC=CC=C1CC=C)O
D01460,CN(C)CCC=C1C2=CC=CC=C2COC3=CC=CC=C31
D01461,CC12CCC3C(C1CCC2O)CCC4=C3C=CC(=C4)O
D01462,C1CN(CCC12C(=O)NCN2C3=CC=CC=C3)CCCC(C4=CC=C(C=C4)F)C5=CC=C(C=C5)F
D01463,CC1=C(C=C(C=C1)NC(=O)C2=CC=C(C=C2)CN3CCN(CC3)C)NC4=NC=CC(=N4)C5=CN=CC=C5
D01464,C[N+]1(CCC23C4C(=O)CCC2(C1CC5=C3C(=C(C=C5)O)O4)O)CC6CC6
D01465,CC(=O)OC1=CC2=C(S1)CCN(C2)C(C3=CC=CC=C3F)C(=O)C4CC4
D01466,CC(=O)N=C1N(N=C(S1)S(=O)(=O)N)C
D01467,CCN1C=C(C(=O)C2=C1N=C(C=C2)C)C(=O)O
D01468,C(C(=O)O)N
D01469,CCCCCC(C=CC1C(CC2C1CC(=CCCCC(=O)O)O2)O)O
D01470,CCC(C)C1(C(=O)NC(=O)NC1=O)CC=C
D01471,C1CN=C(N1)NC2=C(C=CC=C2Cl)Cl
D01472,C1=NC2=NC=NC(=C2N1)N
D01473,C1=NC(=C2C(=N1)N(C=N2)C3C(C(C(O3)COP(=O)(O)OP(=O)(O)OP(=O)(O)O)O)O)N
D01474,C1CN2C(=CC=C2C(=O)C3=CC=CC=C3)C1C(=O)O
D01475,C[N+](C)(C)CCOC(=O)CCC(=O)OCC[N+](C)(C)C
D01476,CC(C)CC(C(C(=O)NO)O)C(=O)NC(C(=O)NC)C(C)(C)C
D01477,CCN(CC)C(=O)NC1CN(C2CC3=CNC4=CC=CC(=C34)C2=C1)C
D01478,CC(C)(C)NC(=O)C1CC2CCCCC2CN1CC(C(CC3=CC=CC=C3)NC(=O)C(CC(=O)N)NC(=O)C4=NC5=CC=CC=C5C=C4)O
D01479,CC1=C2C(=C(N(C1=O)C)NC3=C(C=C(C=C3)I)F)C(=O)N(C(=O)N2C4=CC=CC(=C4)NC(=O)C)C5CC5
D01480,C[N+]1(CCCC(C1)OC(=O)C(C2=CC=CC=C2)(C3=CC=CC=C3)O)C
D01481,CCC1CC2CC3(C1N(C2)CCC4=C3NC5=CC(=C(C=C45)OC)C6CC7C(C(CC8=C6NC9=CC=CC=C89)N(CC7=CC)C)C(=O)OC)C(=O)OC
D01482,CC(CCCC(C)(C)O)C1CCC2C1(CCCC2=CC=C3CC(CC(C3=C)O)O)C
D01483,C(C(F)(F)F)(Cl)Br
D01484,COC1=C(C=C(C=C1)CC2=NC=CC3=CC(=C(C=C32)OC)OC)OC
D01485,CCCC1=NC2=C(N1CC3=CC=C(C=C3)C4=CC=CC=C4C(=O)O)C=C(C=C2C)C5=NC6=CC=CC=C6N5C
D01486,CC12CCC(=O)C=C1CC(C3C24C(O4)CC5(C3CCC56CCC(=O)O6)C)C(=O)OC
D01487,CN(C)CCC1=CNC2=C1C=C(C=C2)CC3COC(=O)N3
D01488,CC1=CN=C(C(=C1OC)C)CS(=O)C2=NC3=C(N2)C=C(C=C3)OC
D01489,C1=CC(=CC=C1CCC2=CNC3=C2C(=O)NC(=N3)N)C(=O)NC(CCC(=O)O)C(=O)O
D01490,CC(CN1C2=CC=CC=C2SC3=C1C=C(C=C3)S(=O)(=O)N(C)C)N(C)C
D01491,C(CC(C(=O)O)N)CNC(=O)N
D01492,COC1(C2N(C1=O)C(=C(CS2)COC(=O)N)C(=O)O)NC(=O)CC3=CC=CS3
D01493,CCCC(C)C1(C(=O)NC(=O)NC1=O)CC=C
D01494,CCCC1=NN(C2=C1N=C(NC2=O)C3=C(C=CC(=C3)S(=O)(=O)N4CCN(CC4)C)OCC)C
D01495,CN=C1CN(C(=C2C=C(C=CC2=N1)Cl)C3=CC=CC=C3)O
D01496,CC(=O)OCC(=O)NCCCOC1=CC=CC(=C1)CN2CCCCC2
D01497,CSCCC(C(=O)O)N
D01498,CC(C)CN(CC(C(CC1=CC=CC=C1)NC(=O)OC2COC3C2CCO3)O)S(=O)(=O)C4=CC=C(C=C4)N
D01499,CCCSC1=NC(=C2C(=N1)N(N=N2)C3CC(C(C3O)O)OCCO)NC4CC4C5=CC(=C(C=C5)F)F
D01500,CC1=CC(=O)C2=CC=CC=C2C1=O
D01501,CCC12CC(=C)C3C(C1CCC2(C#C)O)CCC4=CCCCC34
D01502,CN(C)C(=O)C(CCN1CCC(CC1)(C2=CC=C(C=C2)Cl)O)(C3=CC=CC=C3)C4=CC=CC=C4
D01503,CC1CC2C3C(CC4=CC(=O)C=CC4(C3C(CC2(C1(C(=O)CO)O)C)O)C)Cl
D01504,CCCCC1=C(C2=C(O1)C=CC(=C2)NS(=O)(=O)C)C(=O)C3=CC=C(C=C3)OCCCN(CCCC)CCCC
D01505,CC(C)C1C(=O)OC(C(=O)N(C(C(=O)OC(C(=O)N(C(C(=O)OC(C(=O)N1C)C(C)C)C(C)C)C)C(C)C)C(C)C)C)C(C)C
D01506,CCN(CC)C(=O)C1(CC1CN)C2=CC=CC=C2
D01507,CN(C)CCN(CC1=CC=CC=C1)C2=CC=CC=N2
D01508,CC(=O)OCC1=C(N2C(C(C2=O)NC(=O)CC#N)SC1)C(=O)O
D01509,CCC1=NN(C(=O)N1CCOC2=CC=CC=C2)CCCN3CCN(CC3)C4=CC(=CC=C4)Cl
D01510,CN1C(=NN=N1)SCC2=C(N3C(C(C3=O)NC(=O)C(C4=CC=CC=C4)O)SC2)C(=O)O
D01511,C1=CC=C(C=C1)NC(=O)CCCCCCC(=O)NO
D01512,C(=O)(N)NO
D01513,CC1=CC(=C(C=C1)NC2=C(C=CC=C2Cl)F)CC(=O)O
D01514,CCC1(CC2CC(C3=C(CCN(C2)C1)C4=CC=CC=C4N3)(C5=C(C=C6C(=C5)C78CCN9C7C(C=CC9)(C(C(C8N6C=O)(C(=O)OC)O)OC(=O)C)CC)OC)C(=O)OC)O
D01515,CC1C(=O)NC(C(=O)NC(=CNC(=O)N)C(=O)NC(C(=O)NCC(C(=O)N1)N)C2CCNC(=N2)N)CNC(=O)CC(CCCN)N.C1CNC(=NC1C2C(=O)NCC(C(=O)NC(C(=O)NC(C(=O)NC(=CNC(=O)N)C(=O)N2)CNC(=O)CC(CCCN)N)CO)N)N
D01516,CNCCCC12CCC(C3=CC=CC=C31)C4=CC=CC=C24
D01517,CC[N+](C)(CC)CCOC(=O)C1C2=CC=CC=C2OC3=CC=CC=C13
D01518,CC1C2C(C(=O)N2C(=C1SC3CC(NC3)C(=O)NC4=CC=CC(=C4)C(=O)O)C(=O)O)C(C)O
D01519,CC(C)CC(C(=O)NC(CCCN=C(N)N)C(=O)N1CCCC1C(=O)NNC(=O)N)NC(=O)C(COC(C)(C)C)NC(=O)C(CC2=CC=C(C=C2)O)NC(=O)C(CO)NC(=O)C(CC3=CNC4=CC=CC=C43)NC(=O)C(CC5=CN=CN5)NC(=O)C6CCC(=O)N6
D01520,CC1=C(C(C(=C(N1)C)C(=O)OC(C)C)C2=CC(=CC=C2)[N+](=O)[O-])C(=O)OCCOC
D01521,C(C(CS)S)O
D01522,COC1(C2N(C1=O)C(=C(CS2)COC(=O)N)C(=O)O)NC(=O)CC3=CC=CS3
D01523,CC1=CC=C(C=C1)S(=O)(=O)NC(=O)NN2CC3CCCC3C2
D01524,C1=CC(=CC2=NC3=C(C=CC(=C3)N)C=C21)N
D01525,CCN(CC)CC1=C(C=CC(=C1)NC2=C3C=CC(=CC3=NC=C2)Cl)O
D01526,CC(C)CC1CN2CCC3=CC(=C(C=C3C2CC1=O)OC)OC
D01527,CC(C1=NC=NC=C1F)C(CN2C=NC=N2)(C3=C(C=C(C=C3)F)F)O
D01528,C1CN=C(N1)NC2=C(C3=NC=CN=C3C=C2)Br
D01529,CC(C)C1=NC(=NC(=C1C=CC(CC(CC(=O)O)O)O)C2=CC=C(C=C2)F)N(C)S(=O)(=O)C
D01530,CC(C(C1=CC=CC=C1)O)NC
D01531,CCC=CCC=CCC=CCCCCCCCC(=O)O
D01532,C1=NC(=C2C(=N1)N(C=N2)C3C(C(C(O3)COP(=O)(O)OP(=O)(O)OP(=O)(O)O)O)O)N
D01533,C(CC(=O)NC(CS)C(=O)NCC(=O)O)C(C(=O)O)N
D01534,C1(=C(N=C(C(=N1)Cl)N)N)C(=O)N=C(N)N
D01535,CCC(=O)OC(CC1=CC=CC=C1)(C2=CC=CC=C2)C(C)CN(C)C
D01536,C(CCCC(=O)O)CCCC(=O)O
D01537,CC1=C2COC(=O)C2=C(C(=C1OC)CC=C(C)CCC(=O)OCCN3CCOCC3)O
D01538,CC1(OC2CC3C4CC(C5=CC(=O)C=CC5(C4(C(CC3(C2(O1)C(=O)CO)C)O)F)C)F)C
D01539,CC(C)CN(CC(C(CC1=CC=CC=C1)NC(=O)OC2COC3C2CCO3)O)S(=O)(=O)C4=CC=C(C=C4)N
D01540,CCN(CC)C(=O)NC1CN(C2CC3=CNC4=CC=CC(=C34)C2=C1)C
D01541,CC(CC1=CC2=C(C(=C1)C(=O)N)N(CC2)CCCO)NCCOC3=CC=CC=C3OCC(F)(F)F
D01542,CN1CCC2=C3C1CC4=C(C3=CC=C2)C(=C(C=C4)O)O
D01543,CC(=O)N(CC(CO)O)C1=C(C(=C(C(=C1I)C(=O)NCC(CO)O)I)C(=O)NCC(CO)O)I
D01544,CN1CCC23C4C1CC5=C2C(=C(C=C5)OC)OC3C(C=C4)O
D01545,CC1=C(C(C(=C(N1)C)C(=O)OC(C)(C)CN(C)CCC(C2=CC=CC=C2)C3=CC=CC=C3)C4=CC(=CC=C4)[N+](=O)[O-])C(=O)OC
D01546,CC1=CC=CC=C1OC(CCNC)C2=CC=CC=C2
D01547,COC1=C2C(=CC3=C1OC=C3)C=CC(=O)O2
D01548,C1CCC(CC1)(CC(=O)O)CN
D01549,COC1=C(C=C(C=C1)Cl)C(=O)NCCC2=CC=C(C=C2)S(=O)(=O)NC(=O)NC3CCCCC3
D01550,CON=C(C1=CSC(=N1)N)C(=O)NC2C3N(C2=O)C(=CCS3)C(=O)O
D01551,C(C1C(C(C(C(O1)OC2C(OC(C2O)(CO)O)CO)O)O)O)O
D01552,C(C(F)(F)F)(OC(F)F)F
D01553,CC1=C(SC=N1)C=CC2=C(N3C(C(C3=O)NC(=O)C(=NOC)C4=CSC(=N4)N)SC2)C(=O)O
D01554,CNCCC(C1=CC=CS1)OC2=CC=CC3=CC=CC=C32
D01555,C(C(F)(F)F)(C(F)(F)F)(F)F
D01556,CC(C)CN1C=NC2=C1C3=CC=CC=C3N=C2N
D01557,C(=O)(O)P(=O)(O)O
D01558,CCN(CC)CCOC(=O)C1=CC=C(C=C1)N
D01559,C1CN(CCC1OC(C2=CC=C(C=C2)Cl)C3=CC=CC=N3)CCCC(=O)O
D01560,CC1CCC(C(C1)O)C(C)C
D01561,CC1=NC=CN1CC2CCC3=C(C2=O)C4=CC=CC=C4N3C
D01562,CC1(C(N2C(S1)C(C2=O)N3C(=O)C(NC3(C)C)C4=CC=CC=C4)C(=O)O)C
D01563,C[N+]1=CC=CC=C1C=NO
D01564,C1C(=O)NC2=C(C=C(C=C2)[N+](=O)[O-])C(=N1)C3=CC=CC=C3Cl
D01565,CCN(CC)C(C)C(=O)C1=CC=CC=C1
D01566,C(C(F)(F)F)(OC(F)F)Cl
D01567,CCC1C(COC1=O)CC2=CN=CN2C
D01568,C(CC(=O)NC(CS)C(=O)NCC(=O)O)C(C(=O)O)N
D01569,C1=CC(=C(C=C1OC2=C(C=C(C=C2I)CC(C(=O)O)N)I)I)O
D01570,CCCC(C)C1(C(=O)NC(=O)NC1=O)CC=C
D01571,CC1=CC(=CC(=C1NC2=NC(=NC=C2)NC3=CC=C(C=C3)C#N)C)C=CC#N
D01572,C(C(=O)O)N
D01573,CC(C)NCC(C1=CC(=CC(=C1)O)O)O
D01574,CC(C)CC1(C(=O)NC(=O)NC1=O)CC=C
D01575,CC1=C(SC=N1)C=CC2=C(N3C(C(C3=O)NC(=O)C(=NOC)C4=CSC(=N4)N)SC2)C(=O)O
D01576,C1=CC=C(C=C1)C2=NC3=C(N=C(N=C3N=C2N)N)N
D01577,CCCNCC(COC1=CC=CC=C1C(=O)CCC2=CC=CC=C2)O
D01578,CC1=C(C(C(=C(N1)C)C(=O)OC(C)C)C2=CC(=CC=C2)[N+](=O)[O-])C(=O)OCCOC
D01579,CC(C(C1=C(C=CC(=C1)OC)OC)O)N
D01580,C1=CC=C2C(=C1)C(=NO2)CS(=O)(=O)N
D01581,CCCCCCCCCC1=CC=C(C=C1)OCCOCCOCCOCCOCCOCCOCCOCCOCCO
D01582,CC(C)CC(C(C(=O)NO)O)C(=O)NC(C(=O)NC)C(C)(C)C
D01583,CNCCCN1C2=CC=CC=C2CCC3=CC=CC=C31
D01584,CCCC(C)C1(C(=O)NC(=O)NC1=O)CC
D01585,CC(C)CC1(C(=O)NC(=O)NC1=O)CC=C
D01586,CC1=CC=CC=C1C(C2=CC=CC=C2)OCCN(C)C
D01587,CC(CCC(=O)O)C1CCC2C1(CCC3C2C(CC4C3(CCC(C4)O)C)O)C
D01588,CCC1=NN(C(=O)N1CCOC2=CC=CC=C2)CCCN3CCN(CC3)C4=CC(=CC=C4)Cl
D01589,C1=CC(=C(C=C1C(CN)O)O)O
D01590,CCC(=O)C1=CC2=C(C=C1)SC3=CC=CC=C3N2CC(C)N(C)C
D01591,CCC1C=C(C(CC=CC=C(C(=O)OC(CC=C(C=C(C1OC2C(C(C(C(O2)(C)C)OC(=O)C(C)C)O)O)C)C)C(C)O)COC3C(C(C(C(O3)C)OC(=O)C4=C(C(=C(C(=C4O)Cl)O)Cl)CC)O)OC)O)C
D01592,C1CN(CCN1CCC2=C(C=C3C(=C2)CC(=O)N3)Cl)C4=NSC5=CC=CC=C54
D01593,CN1CCC(=C2C3=CC=CC=C3CCN4C2=NC=C4C=O)CC1
D01594,CCOC(=O)C1=CN=CN1C(C)C2=CC=CC=C2
D01595,CCCCCCCCCCCC(CC1C(C(=O)O1)CCCCCC)OC(=O)C(CC(C)C)NC=O
D01596,C(CC(C(=O)O)N)CN
D01597,C(P(=O)(O)O)(P(=O)(O)O)(Cl)Cl
D01598,CN(C)C(=O)C(CCN1CCC(CC1)(C2=CC=C(C=C2)Cl)O)(C3=CC=CC=C3)C4=CC=CC=C4
D01599,C1=C(C(=O)NC(=O)N1)N(CCCl)CCCl
D01600,CNCCCN1C2=CC=CC=C2CCC3=CC=CC=C31
D01601,C1=CC=C(C=C1)CCNN
D01602,C(CN)CNCCSP(=O)(O)O
D01603,C1=CC=C(C=C1)CCCC(=O)OCC(COC(=O)CCCC2=CC=CC=C2)OC(=O)CCCC3=CC=CC=C3
D01604,CC(C)CC1C(=O)N2CCCC2C3(N1C(=O)C(O3)(C(C)C)NC(=O)C4CN(C5CC6=C(NC7=CC=CC(=C67)C5=C4)Br)C)O
D01605,COC1=CC(=CC(=C1OC)OC)CC2=CN=C(N=C2N)N
D01606,C1=NC(=C2C(=N1)N(C=N2)C3C(C(C(O3)COP(=O)(O)OP(=O)(O)OP(=O)(O)O)O)O)N
D01607,CC(CC1=CC=C(C=C1)O)(C(=O)O)N
D01608,CC1=C(C(=CC=C1)Cl)NC(=O)C2=CN=C(S2)NC3=CC(=NC(=N3)C)N4CCN(CC4)CCO
D01609,CC(C)C(C(=O)OCC(CO)OCN1C=NC2=C1N=C(NC2=O)N)N
D01610,C1CC(=O)NC2=C1C=CC(=C2)OCCCCN3CCN(CC3)C4=C(C(=CC=C4)Cl)Cl
D01611,C1COC(=O)N1N=CC2=CC=C(O2)[N+](=O)[O-]
D01612,CC1=CC=C(C=C1)C(=CCN2CCCC2)C3=CC=CC=N3
D01613,CN1CCCCC1CCN2C3=CC=CC=C3SC4=C2C=C(C=C4)SC
D01614,CCC1(C(=O)NC(=O)NC1=O)C2=CC=CC=C2
D01615,CC12CCC(=O)C=C1CCC3C2(C(CC4(C3CCC4(C)O)C)O)F
D01616,CN1C(=NN=N1)SCC2=C(N3C(C(C3=O)(NC(=O)C(C4=CC=C(C=C4)O)C(=O)O)OC)OC2)C(=O)O
D01617,CCOC(=O)C1=CC=C(C=C1)N
D01618,CC(=O)NS(=O)(=O)C1=CC=C(C=C1)N
D01619,C1COC2(N1CC(=O)NC3=C2C=C(C=C3)Cl)C4=CC=CC=C4Cl
D01620,CNCCCC12CCC(C3=CC=CC=C31)C4=CC=CC=C24
D01621,CC1=C(C=C(C=C1)N2C(=O)C(=C(N2)C)N=NC3=CC=CC(=C3O)C4=CC(=CC=C4)C(=O)O)C
D01622,CNCCCN1C2=CC=CC=C2CCC3=CC=CC=C31
D01623,CC1=CC2=C(N1)C=CC=C2OCC(CNC(C)(C)C)OC(=O)C3=CC=CC=C3
D01624,CC(C)(C)C(=O)OC1=C(C=C(C=C1)C(CNC)O)OC(=O)C(C)(C)C
D01625,COC1C(CC2CN3CCC4=C(C3CC2C1C(=O)OC)NC5=C4C=CC(=C5)OC)OC(=O)C6=CC(=C(C(=C6)OC)OC)OC
D01626,CNC1(CCCCC1=O)C2=CC=CC=C2Cl
D01627,C1=CC(=CC(=C1)C(F)(F)F)C(=NOCCCCC(=O)O)C2=CN=CC=C2
D01628,[N+](=O)([O-])[O-].[N+](=O)([O-])[O-].[N+](=O)([O-])[O-].[Ga+3]
D01629,CCCS(=O)(=O)NC1=C(C(=C(C=C1)F)C(=O)C2=CNC3=C2C=C(C=N3)C4=CC=C(C=C4)Cl)F
D01630,CN1CCN(CC1)C2=NC3=C(C=CC(=C3)Cl)NC4=CC=CC=C42
D01631,C1CCNC(C1)CNC(=O)C2=C(C=CC(=C2)OCC(F)(F)F)OCC(F)(F)F
D01632,CC1=NC=C2N1C3=C(C=C(C=C3)Cl)C(=NC2)C4=CC=CC=C4F
D01633,C1CCC(CC1)(CC(=O)O)CN
D01634,C(C(F)(F)F)(Cl)Br
D01635,C1C(NC2=C(N1)N=C(NC2=O)N)CNC3=CC=C(C=C3)C(=O)NC(CCC(=O)O)C(=O)O
D01636,CCN(C1=CC=CC(=C1)C2=CC=NC3=C(C=NN23)C#N)C(=O)C
D01637,CCC=CCC=CCC=CCC=CCC=CCCCC(=O)O
D01638,C1CN(CCC1N2C3=CC=CC=C3NC2=O)CCCC(C4=CC=C(C=C4)F)C5=CC=C(C=C5)F
D01639,CN(C)CCC=C1C2=CC=CC=C2CCC3=CC=CC=C31
D01640,CCC(=C(CC)C1=CC=C(C=C1)O)C2=CC=C(C=C2)O
D01641,CNCC(C1=CC(=C(C=C1)O)O)O
D01642,CCOC(=O)C1=CN=CN1C(C)C2=CC=CC=C2
D01643,CC1CC2C3CC(C4=CC(=O)C=CC4(C3C(CC2(C1(C(=O)CO)O)C)O)C)F
D01644,C1=CC(=C(C(=C1)Cl)C=NN=C(N)N)Cl
D01645,CC1(C2CC3C(C(=O)C(=C(C3(C(=O)C2=C(C4=C(C=CC(=C41)Cl)O)O)O)O)C(=O)NCO)N(C)C)O
D01646,CCCCN(CCCC)CCC(C1=C2C=CC(=CC2=C3C=C(C=C(C3=C1)Cl)Cl)C(F)(F)F)O
D01647,CC1=C(C=CN=C1CS(=O)C2=NC3=CC=CC=C3N2)OCC(F)(F)F
D01648,COC(=O)C1C(CCC2C1CC3C4=C(CCN3C2)C5=CC=CC=C5N4)O
D01649,CC1=CC2=C(C=C1C(=C)C3=CC=C(C=C3)C(=O)O)C(CCC2(C)C)(C)C
D01650,CCC(=O)OC(C(C)C)OP(=O)(CCCCC1=CC=CC=C1)CC(=O)N2CC(CC2C(=O)O)C3CCCCC3
D01651,CN1C(=O)CC(=O)N(C2=C1C=CC(=C2)Cl)C3=CC=CC=C3
D01652,C1=NC(=C2C(=N1)N(C=N2)C3C(C(C(O3)COP(=O)(O)O)O)O)N
D01653,CC(C)(CC1=CC=CC=C1)N
D01654,CCCNC1CCC2=C(C1)SC(=N2)N
D01655,CC12CCC(=O)C=C1CC(C3C24C(O4)CC5(C3CCC56CCC(=O)O6)C)C(=O)OC
D01656,C1CN2CCC1C(C2)OC(=O)N3CCC4=CC=CC=C4C3C5=CC=CC=C5
D01657,CC(C)N1C2=CC=CC=C2C(=C1C=CC(CC(CC(=O)O)O)O)C3=CC=C(C=C3)F
D01658,CCN(CC)CCS(=O)(=O)C1CCN2C1C(=O)OC(C(C=CC(=O)NCC=CC(=CC(CC(=O)CC3=NC(=CO3)C2=O)O)C)C)C(C)C
D01659,C1CN(CCN1CCOCC(=O)O)C(C2=CC=CC=C2)C3=CC=C(C=C3)Cl
D01660,CC(CN1C2=CC=CC=C2SC3=C1C=C(C=C3)C(=O)C)N(C)C
D01661,CC(C)(C)NCC(C1=CC(=C(C(=C1)Cl)N)Cl)O
D01662,CC(C)(C)C1=CC(=CC(=C1O)C(C)(C)C)SC(C)(C)SC2=CC(=C(C(=C2)C(C)(C)C)O)C(C)(C)C
D01663,CCCN(CCC)CCC1=C2CC(=O)NC2=CC=C1
D01664,CON=C(C1=CC=CO1)C(=O)NC2C3N(C2=O)C(=C(CS3)COC(=O)N)C(=O)O
D01665,CC(CCC1=CC=CC=C1)NCC(C2=CC(=C(C=C2)O)C(=O)N)O
D01666,CCOCCN1C2=CC=CC=C2N=C1N3CCCN(CC3)C
D01667,CN(C)CCC=C1C2=CC=CC=C2SC3=C1C=C(C=C3)Cl
D01668,CC(C1=NC=NC=C1F)C(CN2C=NC=N2)(C3=C(C=C(C=C3)F)F)O
D01669,CC1=C(C=C(C=C1)NC2=NC=CC(=N2)N(C)C3=CC4=NN(C(=C4C=C3)C)C)S(=O)(=O)N
D01670,C1C2CC3CC1CC(C2)(C3)N
D01671,C1CN(CCN1)C2=NC3=CC=CC=C3OC4=C2C=C(C=C4)Cl
D01672,C1CN(CCC12C(=O)NCN2C3=CC=CC=C3)CCCC(C4=CC=C(C=C4)F)C5=CC=C(C=C5)F
D01673,CCN(CC)CCNC1=C2C(=C(C=C1)C)SC3=CC=CC=C3C2=O
D01674,C1C(=O)N(C2=C(C=C(C=C2)Cl)C(=N1)C3=CC=CC=C3)CC(F)(F)F
D01675,CC(CC1=CC(=C(C=C1)O)O)(C(=O)O)NN
D01676,C1=CC=C(C=C1)CCCC(=O)OCC(COC(=O)CCCC2=CC=CC=C2)OC(=O)CCCC3=CC=CC=C3
D01677,CC1=CC2=C(C=C1C)N(C3=NC(=O)NC(=O)C3=N2)CC(C(C(COP(=O)(O)OP(=O)(O)OCC4C(C(C(O4)N5C=NC6=C(N=CN=C65)N)O)O)O)O)O
D01678,COC1=CC2=C(C=CN=C2C=C1)C(C3CC4CCN3CC4C=C)O
D01679,C1=C(C=C(C(=C1I)OC2=CC(=C(C(=C2)I)O)I)I)CC(C(=O)O)N
D01680,CC1CCN(C(C1)C(=O)O)C(=O)C(CCCN=C(N)N)NS(=O)(=O)C2=CC=CC3=C2NCC(C3)C
D01681,CC(C)CC(C(C(=O)NO)O)C(=O)NC(C(=O)NC)C(C)(C)C
D01682,CC1=CC(=O)N2CC(=O)N(C3=C(C2(O1)C4=CC=CC=C4)C=C(C=C3)Cl)C
D01683,CCC(C)C1(C(=O)NC(=O)NC1=O)CC=C
D01684,CN1CCC(=C2C3=CC=CC=C3C=CC4=CC=CC=C42)CC1
D01685,C1CCC(C1)C(CC#N)N2C=C(C=N2)C3=C4C=CNC4=NC=N3
D01686,CN1CCCCC1CCN2C3=CC=CC=C3SC4=C2C=C(C=C4)S(=O)C
D01687,CNC(=O)C1=NC=CC(=C1)OC2=CC(=C(C=C2)NC(=O)NC3=CC(=C(C=C3)Cl)C(F)(F)F)F
D01688,CC(C)NCC(C1=CC(=CC(=C1)O)O)O
D01689,CNCCC=C1C2=CC=CC=C2CCC3=CC=CC=C31
D01690,C1=CC2=C(C=CC(=C2N=C1)O)[N+](=O)[O-]
D01691,CC1=CN(C(=O)NC1=O)C2CC(C(O2)CO)O
D01692,CCCC1CC(N(C1)C)C(=O)NC(C2C(C(C(C(O2)SC)O)O)O)C(C)O
D01693,CCC1=CN=C(C=C1)CCOC2=CC=C(C=C2)CC3C(=O)NC(=O)S3
D01694,CC1=C2C(=NC=C1)N(C3=C(C=CC=N3)C(=O)N2)C4CC4
D01695,CC(CC1=CC=CC=C1)N(C)CC2=CC=CC=C2
D01696,C1C2=C(C=CC(=C2Cl)Cl)N=C3N1CC(=O)N3
D01697,C1CCN(CC1)C2=NC(=N)N(C(=C2)N)O
D01698,C1=C2C(=CC(=C1Cl)S(=O)(=O)N)S(=O)(=O)NC(N2)C(Cl)Cl
D01699,CC1=C(C(=C(C=C1)Cl)NC2=CC=CC=C2C(=O)O)Cl
D01700,CC1C(C(=O)NC(C(=O)N2CCCC2C(=O)N(CC(=O)N(C(C(=O)O1)C(C)C)C)C)C(C)C)NC(=O)C3=C4C(=C(C=C3)C)OC5=C(C(=O)C(=C(C5=N4)C(=O)NC6C(OC(=O)C(N(C(=O)CN(C(=O)C7CCCN7C(=O)C(NC6=O)C(C)C)C)C)C(C)C)C)N)C
D01701,CC(C)CC1C(=O)N2CCCC2C3(N1C(=O)C(O3)(C(C)C)NC(=O)C4CN(C5CC6=C(NC7=CC=CC(=C67)C5=C4)Br)C)O
D01702,CCC1=NN(C(=O)N1CCOC2=CC=CC=C2)CCCN3CCN(CC3)C4=CC(=CC=C4)Cl
D01703,C1=CC=C(C=C1)C2=NC(C(=O)NC3=C2C=C(C=C3)Cl)C(=O)O
D01704,CCC1=NC(=C(N1CC2=CC3=C(C=C2)OC(=C3Br)C4=CC=CC=C4NS(=O)(=O)C(F)(F)F)C(=O)N)C5CC5
D01705,C1C(=O)NC2=C(C=C(C=C2)[N+](=O)[O-])C(=N1)C3=CC=CC=C3
D01706,CCCNCC(COC1=CC=CC=C1C(=O)CCC2=CC=CC=C2)O
D01707,C(C(F)(F)F)(OC(F)F)F
D01708,C1=CN=C(C=N1)C(=O)N
D01709,CC12CCC3C(C1CCC2=O)CCC4=C3C=CC(=C4)OS(=O)(=O)O
D01710,CC(=O)NC1=C(C=CC(=C1)[As]2SCC(S2)CO)O
D01711,CN1CCN(CC1)C2=NC3=C(C=CC(=C3)Cl)NC4=CC=CC=C42
D01712,CC(CC1=CC=CC=C1)NC
D01713,COC1=CC=CC=C1OCCNCC(COC2=CC=CC3=C2C4=CC=CC=C4N3)O
D01714,CCCCN1CC(C(C(C1CO)O)O)O
D01715,CC1=CC2=C(C=C1C)N(C3=NC(=O)NC(=O)C3=N2)CC(C(C(COP(=O)(O)OP(=O)(O)OCC4C(C(C(O4)N5C=NC6=C(N=CN=C65)N)O)O)O)O)O
D01716,C1C(C(OC1N2C=NC3=C2NC=NCC3O)CO)O
D01717,CCCC(=O)OC(COC(=O)CC)COP(=O)(O)OCC(C(=O)O)N
D01718,CNCC(C1=CC(=C(C=C1)O)O)O
D01719,C1=NC(=C2C(=N1)N(C=N2)C3C(C(C(O3)COP(=O)(O)OP(=O)(O)OP(=O)(O)O)O)O)N
D01720,C1=NC(=C2C(=N1)N(C=N2)C3C(C(C(O3)COP(=O)(O)OP(=O)(O)OP(=O)(O)O)O)O)N
D01721,C1CN(CCC1N2C3=C(C=C(C=C3)Cl)NC2=O)CCCN4C5=CC=CC=C5NC4=O
D01722,C1CN(CCC1(C2=CC=CC=C2)C(=O)O)CCC(C#N)(C3=CC=CC=C3)C4=CC=CC=C4
D01723,CCOC(=O)C1=C(NC(=C(C1C2=CC(=CC=C2)[N+](=O)[O-])C(=O)OC)C)C
D01724,CC(=O)O
D01725,CC1=NC2=C(C=C(C=C2)CN(C)C3=CC=C(S3)C(=O)NC(CCC(=O)O)C(=O)O)C(=O)N1
D01726,CC1=C2C(C(=O)C3(C(CC4C(C3C(C(C2(C)C)(CC1OC(=O)C(C(C5=CC=CC=C5)NC(=O)OC(C)(C)C)O)O)OC(=O)C6=CC=CC=C6)(CO4)OC(=O)C)O)C)O
D01727,C1=CC=C(C=C1)C2=C(OC(=N2)CCC(=O)O)C3=CC=CC=C3
D01728,CN1CCC23C4C1CC5=C2C(=C(C=C5)O)OC3C(=O)CC4
D01729,CC#CCC(C)C(C=CC1C(CC2C1CC(=CCCCC(=O)O)C2)O)O
D01730,CCC(C)C1C(=O)NC(C(=O)NC(C(=O)NC(C(=O)NC(C(=O)NCCCCC(C(=O)NC(C(=O)N1)CCCN)NC(=O)C(C(C)CC)NC(=O)C(CCC(=O)O)NC(=O)C(CC(C)C)NC(=O)C2CSC(=N2)C(C(C)CC)N)CC(=O)N)CC(=O)O)CC3=CN=CN3)CC4=CC=CC=C4
D01731,CCC(=C(C1=CC=CC=C1)C2=CC=C(C=C2)OCCN(C)C)C3=CC=CC=C3
D01732,CC1=NC2=C(C=C(C=C2)CN(C)C3=CC=C(S3)C(=O)NC(CCC(=O)O)C(=O)O)C(=O)N1
D01733,C1C2=NN=CN2C3=C(C=C(C=C3)Cl)C(=N1)C4=CC=CC=C4
D01734,CC1=C(C(=O)N2CCCC(C2=N1)O)CCN3CCC(CC3)C4=NOC5=C4C=CC(=C5)F
D01735,CC(C)NCCCC1(C2=CC=CC=C2C3=CC=CC=C31)C(=O)N
D01736,C1NC2=CC(=C(C=C2S(=O)(=O)N1)S(=O)(=O)N)Cl
D01737,COC1=C(C=C2C(=C1)C(=NC(=N2)N3CCN(CC3)C(=O)C4CCCO4)N)OC
D01738,CC(C=CC(C1CC1)O)C2CCC3C2(CCCC3=CC=C4CC(CC(C4=C)O)O)C
D01739,C1=CN(C=C(C1=O)O)CC(C(=O)O)N
D01740,C[N+]1(CCC23C4C(=O)CCC2(C1CC5=C3C(=C(C=C5)O)O4)O)CC6CC6
D01741,C1C=C(N2C(S1)C(C2=O)NC(=O)C(=CCC(=O)O)C3=CSC(=N3)N)C(=O)O
D01742,C1CC(=O)NC(=O)C1N2C(=O)C3=C(C2=O)C(=CC=C3)N
D01743,C(CC(C(=O)O)N)CN
D01744,CCN1C(=O)C(NC1=O)C2=CC=CC=C2
D01745,CC(C)CC1(C(=O)NC(=O)NC1=O)CC=C
D01746,CC12CCC3C(C1CCC2O)CCC45C3(CC(=C(C4O5)O)C#N)C
D01747,C1C2CC3CC1CC(C2)(C3)N
D01748,CNCCC(C1=CC=CC=C1)OC2=CC=C(C=C2)C(F)(F)F
D01749,CC(C)(CC1=CC=CC=C1)N
D01750,CC(C)(C)S(=O)(=O)CC(CC1=CC=CC=C1)C(=O)NC(CC2=CN=CN2)C(=O)NC(CC3CCCCC3)C(C(C4CC4)O)O
D01751,CC(C(=O)O)N
D01752,C1C(=C(N2C(S1)C(C2=O)NC(=O)C(C3=CC=CC=C3)O)C(=O)O)CSC4=NN=NN4CS(=O)(=O)O
D01753,C1CC(=O)NC2=C1C=CC(=C2)OCCCCN3CCN(CC3)C4=C(C(=CC=C4)Cl)Cl
D01754,CC(C(C(=O)O)N)O
D01755,CC(CN1C2=CC=CC=C2CCC3=CC=CC=C31)CN(C)C
D01756,CC1=C(C=C(C=C1)C(=O)NC2=CC(=CC(=C2)C(F)(F)F)N3C=C(N=C3)C)NC4=NC=CC(=N4)C5=CN=CC=C5
D01757,CN1CCC23C4C(=O)CCC2(C1CC5=C3C(=C(C=C5)OC)O4)O
D01758,CC(C)NCC(C1=CC=C(C=C1)NS(=O)(=O)C)O
D01759,COC(=O)C(C1CCCCN1)C2=CC=CC=C2
D01760,C(C1C(C(C(C(O1)OC2(C(C(C(O2)CO)O)O)COC3(C(C(C(O3)CO)O)O)COC4(C(C(C(O4)CO)O)O)COC5(C(C(C(O5)CO)O)O)COC6(C(C(C(O6)CO)O)O)COC7(C(C(C(O7)CO)O)O)COC8(C(C(C(O8)CO)O)O)COC9(C(C(C(O9)CO)O)O)COC1(C(C(C(O1)CO)O)O)COC1(C(C(C(O1)CO)O)O)COC1(C(C(C(O1)CO)O)O)COC1(C(C(C(O1)CO)O)O)COC1(C(C(C(O1)CO)O)O)COC1(C(C(C(O1)CO)O)O)COC1(C(C(C(O1)CO)O)O)COC1(C(C(C(O1)CO)O)O)COC1(C(C(C(O1)CO)O)O)COC1(C(C(C(O1)CO)O)O)COC1(C(C(C(O1)CO)O)O)COC1(C(C(C(O1)CO)O)O)COC1(C(C(C(O1)CO)O)O)COC1(C(C(C(O1)CO)O)O)COC1(C(C(C(O1)CO)O)O)COC1(C(C(C(O1)CO)O)O)COC1(C(C(C(O1)CO)O)O)COC1(C(C(C(O1)CO)O)O)COC1(C(C(C(O1)CO)O)O)COC1(C(C(C(O1)CO)O)O)COC1(C(C(C(O1)CO)O)O)COC1(C(C(C(O1)CO)O)O)COC1(C(C(C(O1)CO)O)O)COC1(C(C(C(O1)CO)O)O)COC1(C(C(C(O1)CO)O)O)COC1(C(C(C(O1)CO)O)O)COC1(C(C(C(O1)CO)O)O)COC1(C(C(C(O1)CO)O)O)COC1(C(C(C(O1)CO)O)O)CO)O)O)O)O
D01761,C1C(=O)NC2=C(C=C(C=C2)[N+](=O)[O-])C(=N1)C3=CC=CC=C3
D01762,CN1C(=O)CC(C1=O)C2=CC=CC=C2
D01763,CN1C(=O)CN=C(C2=C1C=CC(=C2)[N+](=O)[O-])C3=CC=CC=C3F
D01764,CC(C)N=C1C=C2C(=NC3=CC=CC=C3N2C4=CC=C(C=C4)Cl)C=C1NC5=CC=C(C=C5)Cl
D01765,CCN1CCCC1CNC(=O)C2=C(C=CC(=C2OC)Br)OC
D01766,CNCC(C1=CC(=C(C=C1)O)O)O
D01767,C(CC(C(=O)O)N)CNC(=O)N
D01768,CCCCS(=O)(=O)NC(CC1=CC=C(C=C1)OCCCCC2CCNCC2)C(=O)O
D01769,COC1=C(C=C(C=C1)Cl)C(=O)NCCC2=CC=C(C=C2)S(=O)(=O)NC(=O)NC3CCCCC3
D01770,CC12CCC3C(C1CCC2=O)CC(=C)C4=CC(=O)C=CC34C
D01771,C1C2CNCC1C3=CC4=NC=CN=C4C=C23
D01772,CN1CCN(CC1)C(=O)OC2C3=NC=CN=C3C(=O)N2C4=NC=C(C=C4)Cl
D01773,CN1C2=C(C(=O)N(C1=O)C)NC=N2
D01774,C(C(C(C(C(C(C(=O)[O-])O)O)O)O)O)O.C(C(C(C(C(C(C(=O)[O-])O)O)O)O)O)O.[Ca+2]
D01775,COC1=C(C=C(C=C1)C2=CC3=C(C=C2)C=C(C=C3)C(=O)O)C45CC6CC(C4)CC(C6)C5
D01776,CC(CCCC(C)(C)O)C1CCC2C1(CCCC2=CC=C3CC(CCC3=C)O)C
D01777,C1=CC=C(C=C1)C2=NC(C(=O)NC3=C2C=C(C=C3)Cl)C(=O)O
D01778,C1CN2C(=CC=C2C(=O)C3=CC=CC=C3)C1C(=O)O
D01779,C1=CC=C(C(=C1)C(=O)O)O
D01780,CC1=C(N=C(N=C1N)C(CC(=O)N)NCC(C(=O)N)N)C(=O)NC(C(C2=CN=CN2)OC3C(C(C(C(O3)CO)O)O)OC4C(C(C(C(O4)CO)O)OC(=O)N)O)C(=O)NC(C)C(C(C)C(=O)NC(C(C)O)C(=O)NCCC5=NC(=CS5)C6=NC(=CS6)C(=O)NCCC[S+](C)C)O
D01781,CCCCCC1=CC(=C2C3C=C(CCC3C(OC2=C1)(C)C)C)O
D01782,CC12CCC(=O)C=C1CCC3C2C(CC4(C3CCC4(C(=O)CO)O)C)O
D01783,CC1=CC(=C(C(=C1OC(=O)C)C)C)OCC(CNC(C)C)O
D01784,CNC(=O)C1=NC=CC(=C1)OC2=CC(=C(C=C2)NC(=O)NC3=CC(=C(C=C3)Cl)C(F)(F)F)F
D01785,CC(C)C(=O)OC1=C(C=C(C=C1)CO)C(CCN(C(C)C)C(C)C)C2=CC=CC=C2
D01786,CC(CCCC(C)(C)O)C1CCC2C1(CCCC2=CC=C3CC(CCC3=C)O)C
D01787,CCCCCC(C)(C=CC1C(CC(C1CC=CCCCC(=O)[O-])O)O)O.C(C(CO)(CO)[NH3+])O
D01788,CCC1(C(=O)NCNC1=O)C2=CC=CC=C2
D01789,CC1CN(CCN1)C2=C(C=C3C(=C2OC)N(C=C(C3=O)C(=O)O)C4CC4)F
D01790,CCCCCCCN(CC)CCCC(C1=CC=C(C=C1)NS(=O)(=O)C)O
D01791,C1=CC(=C(C=C1Cl)O)OC2=C(C=C(C=C2)Cl)Cl
D01792,CN1C2CCC1CC(C2)OC(=O)C(CO)C3=CC=CC=C3
D01793,CC1=NC=C(C=C1)C2=C(C=C(C=N2)Cl)C3=CC=C(C=C3)S(=O)(=O)C
D01794,C1C(=O)NC(=O)N1N=CC2=CC=C(O2)[N+](=O)[O-]
D01795,CC1=C(SC=C1)C(=CCCN2CCCC(C2)C(=O)O)C3=C(C=CS3)C
D01796,CN1C2=C(C(=O)N(C1=O)C)N(C=N2)CC(CO)O
D01797,CC(C)C(=O)OCC(=O)C12C(CC3C1(CC(C4C3CCC5=CC(=O)C=CC45C)O)C)OC(O2)C6CCCCC6
D01798,CC(C)CC1C(=O)N2CCCC2C3(N1C(=O)C(O3)(C(C)C)NC(=O)C4CN(C5CC6=C(NC7=CC=CC(=C67)C5=C4)Br)C)O
D01799,CC12CCC3C(C1CCC2(C#C)O)CCC4=CC5=C(CC34C)C=NO5
D01800,CC1CCC2CC(C(=CC=CC=CC(CC(C(=O)C(C(C(=CC(C(=O)CC(OC(=O)C3CCCCN3C(=O)C(=O)C1(O2)O)C(C)CC4CCC(C(C4)OC)O)C)C)O)OC)C)C)C)OC
D01801,CN1CCCCC1CCN2C3=CC=CC=C3SC4=C2C=C(C=C4)S(=O)C
D01802,C[N+]1(CCC(C1)OC(=O)C(C2CCCC2)(C3=CC=CC=C3)O)C
D01803,CCCCC1=NN(C(=N1)CCCC)CC2=CN=C(C=C2)C3=CC=CC=C3C4=NNN=N4
D01804,CCCCC1=C(C2=C(O1)C=CC(=C2)NS(=O)(=O)C)C(=O)C3=CC=C(C=C3)OCCCN(CCCC)CCCC
D01805,CC1CC2C3CC(C4=CC(=O)C=CC4(C3(C(CC2(C1(C(=O)CO)O)C)O)F)C)F
D01806,CCO
D01807,COC(C(Cl)Cl)(F)F
D01808,CN1C(=O)CN=C(C2=C1C=CC(=C2)Cl)C3=CC=CC=C3F
D01809,CCCC(=O)NC1=CC(=C(C=C1)OCC(CNC(C)C)O)C(=O)C
D01810,CC1=C(C(C(=C(N1)C#N)C(=O)OC)C2=CC(=CC=C2)[N+](=O)[O-])C(=O)OC(C)C
D01811,CCN1C=CC(=NC1=O)NS(=O)(=O)C2=CC=C(C=C2)N
D01812,CCC(=C(C1=CC=CC=C1)C2=CC=C(C=C2)OCCN(C)C)C3=CC=CC=C3
D01813,CC1=CC(=C(C(=C1OC(=O)C)C)C)OCC(CNC(C)C)O
D01814,CN1C(=C(C2=CC=CC=C2S1(=O)=O)O)C(=O)NC3=CC=CC=N3
D01815,CN(CC1=CN=C2C(=N1)C(=NC(=N2)N)N)C3=CC=C(C=C3)C(=O)NC(CCC(=O)O)C(=O)O
D01816,CCC(=C(C1=CC=CC=C1)C2=CC=C(C=C2)OCCN(C)C)C3=CC=CC=C3
D01817,CC(C)C(=O)OCC(=O)C12C(CC3C1(CC(C4C3CCC5=CC(=O)C=CC45C)O)C)OC(O2)C6CCCCC6
D01818,[O-]S(=O)(=O)[O-].[Mg+2]
D01819,C1CCN(CC1)CCC(C2CCCC2)(C3=CC=CC=C3)O
D01820,CN1C(=O)CC(=O)N(C2=C1C=CC(=C2)Cl)C3=CC=CC=C3
D01821,CC1=C(C(=O)C2=CC=CC=C2C1=O)CC=C(C)CCCC(C)CCCC(C)CCCC(C)C
D01822,COC1=CC(=CC(=C1OC)OC)CC2=CN=C(N=C2N)N
D01823,CC(C)CC(C(=O)NC(CCCN=C(N)N)C(=O)N1CCCC1C(=O)NNC(=O)N)NC(=O)C(COC(C)(C)C)NC(=O)C(CC2=CC=C(C=C2)O)NC(=O)C(CO)NC(=O)C(CC3=CNC4=CC=CC=C43)NC(=O)C(CC5=CN=CN5)NC(=O)C6CCC(=O)N6
D01824,CC1=C(C=C(C=C1)C(=O)NC2=C3C(=CC(=CC3=C(C=C2)S(=O)(=O)O)S(=O)(=O)O)S(=O)(=O)O)NC(=O)C4=CC(=CC=C4)NC(=O)NC5=CC=CC(=C5)C(=O)NC6=C(C=CC(=C6)C(=O)NC7=C8C(=CC(=CC8=C(C=C7)S(=O)(=O)O)S(=O)(=O)O)S(=O)(=O)O)C
D01825,C(C1C(C(C(C(O1)OC2(C(C(C(O2)CO)O)O)COC3(C(C(C(O3)CO)O)O)COC4(C(C(C(O4)CO)O)O)COC5(C(C(C(O5)CO)O)O)COC6(C(C(C(O6)CO)O)O)COC7(C(C(C(O7)CO)O)O)COC8(C(C(C(O8)CO)O)O)COC9(C(C(C(O9)CO)O)O)COC1(C(C(C(O1)CO)O)O)COC1(C(C(C(O1)CO)O)O)COC1(C(C(C(O1)CO)O)O)COC1(C(C(C(O1)CO)O)O)COC1(C(C(C(O1)CO)O)O)COC1(C(C(C(O1)CO)O)O)COC1(C(C(C(O1)CO)O)O)COC1(C(C(C(O1)CO)O)O)COC1(C(C(C(O1)CO)O)O)COC1(C(C(C(O1)CO)O)O)COC1(C(C(C(O1)CO)O)O)COC1(C(C(C(O1)CO)O)O)COC1(C(C(C(O1)CO)O)O)COC1(C(C(C(O1)CO)O)O)COC1(C(C(C(O1)CO)O)O)COC1(C(C(C(O1)CO)O)O)COC1(C(C(C(O1)CO)O)O)COC1(C(C(C(O1)CO)O)O)COC1(C(C(C(O1)CO)O)O)COC1(C(C(C(O1)CO)O)O)COC1(C(C(C(O1)CO)O)O)COC1(C(C(C(O1)CO)O)O)COC1(C(C(C(O1)CO)O)O)COC1(C(C(C(O1)CO)O)O)COC1(C(C(C(O1)CO)O)O)COC1(C(C(C(O1)CO)O)O)COC1(C(C(C(O1)CO)O)O)COC1(C(C(C(O1)CO)O)O)COC1(C(C(C(O1)CO)O)O)CO)O)O)O)O
D01826,C1CN(CCN1)C2=NC3=CC=CC=C3OC4=C2C=C(C=C4)Cl
D01827,CC1=CC(=CC=C1)OCC(CNCCC2=CC(=C(C=C2)OC)OC)O
D01828,CC1=CC(=NN=C1NCCN2CCOCC2)C3=CC=CC=C3
D01829,CC(=O)NO
D01830,C1C(=S)N(C2=C(C=C(C=C2)Cl)C(=N1)C3=CC=CC=C3F)CC(F)(F)F
D01831,CCOC(=O)C=C1N(C(=O)C(S1)N2CCCCC2)C
D01832,CCOC(=O)N1CCC(=C2C3=C(CCC4=C2N=CC=C4)C=C(C=C3)Cl)CC1
D01833,C1CC(CCC1OP(=O)([O-])OCC(CN(CCN(CC(=O)[O-])CC(=O)[O-])CC(=O)[O-])N(CC(=O)[O-])CC(=O)[O-])(C2=CC=CC=C2)C3=CC=CC=C3.[Na+].[Na+].[Na+].[Gd+3]
D01834,CCNC(=O)CCCC=CCC1C(CC(C1C=CC(CCC2=CC=CC=C2)O)O)O
D01835,C1NC2=CC(=C(C=C2S(=O)(=O)N1)S(=O)(=O)N)Cl
D01836,C1=CN(C=C(C1=O)O)CC(C(=O)O)N
D01837,CN(C)CCN1C(=NN=N1)SCC2=C(N3C(C(C3=O)NC(=O)CC4=CSC(=N4)N)SC2)C(=O)O
D01838,C1CCC(C1)C(CC#N)N2C=C(C=N2)C3=C4C=CNC4=NC=N3
D01839,CC(=O)OCC(=O)C12C(CC3C1(CC(C4(C3CC(C5=CC(=O)C=CC54C)F)F)O)C)OC(O2)(C)C
D01840,CC(=O)OC1CC2CCC3C(C2(CC1N4CC[N+](CC4)(C)C)C)CCC5(C3CC(C5OC(=O)C)N6CC[N+](CC6)(C)C)C
D01841,CCC1=C2CN3C(=CC4=C(C3=O)COC(=O)C4(CC)O)C2=NC5=C1C=C(C=C5)OC(=O)N6CCC(CC6)N7CCCCC7
D01842,C1C=C(N2C(S1)C(C2=O)NC(=O)C(=CCC(=O)O)C3=CSC(=N3)N)C(=O)O
D01843,CC1=CC(=NO1)NS(=O)(=O)C2=CC=C(C=C2)N
D01844,C1CN=C(N1)NC2=C(C=CC=C2Cl)Cl
D01845,C(CC(C(=O)O)N)CNC(=O)N
D01846,CN1CCC2=CC(=C3C=C2C1CC4=CC=C(C=C4)OC5=C6C(CC7=CC(=C(C=C7)O)O3)[N+](CCC6=CC(=C5O)OC)(C)C)OC
D01847,CN(CC1=C(C(=CC(=C1)Br)Br)N)C2CCCCC2
D01848,CCCNS(=O)(=O)NC1=C(C(=NC=N1)OCCOC2=NC=C(C=N2)Br)C3=CC=C(C=C3)Br
D01849,C1=CC=C(C=C1)C2=NC3=C(N=C(N=C3N=C2N)N)N
D01850,CN1CCN(CC1)CC(=O)N2C3=CC=CC=C3C(=O)NC4=C2N=CC=C4
D01851,[N+](=O)([O-])[O-].[N+](=O)([O-])[O-].[N+](=O)([O-])[O-].[Ga+3]
D01852,C1C2CC3CC1CC(C2)(C3)N
D01853,CC(C)CN1C=NC2=C1C3=CC=CC=C3N=C2N
D01854,C(C(C(=O)O)N)S
D01855,C1=CC(=C(C=C1C(CN)O)O)O
D01856,CCC1(CCC(=O)NC1=O)C2=CC=CC=C2
D01857,CC1=C2C(C(=O)C3(C(CC4C(C3C(C(C2(C)C)(CC1OC(=O)C(C(C5=CC=CC=C5)NC(=O)OC(C)(C)C)O)O)OC(=O)C6=CC=CC=C6)(CO4)OC(=O)C)O)C)O
D01858,C1=CC=C(C=C1)C(COC(=O)N)COC(=O)N
D01859,C1CC1NC2=C3C(=NC(=N2)N)N(C=N3)C4CC(C=C4)CO
D01860,C1CN=C(N1)CC2=CC=CC=C2
D01861,CCOC(=O)C(CCC1=CC=CC=C1)NC(C)C(=O)N2CC3=CC=CC=C3CC2C(=O)O
D01862,C1CN(CC2=C1SC=C2)CC3=CC=CC=C3Cl
D01863,CCC1(C(=O)NC(=O)NC1=O)C2=CCCCCC2
D01864,C1=CC=C(C(=C1)C2=NC(C(=O)N(C3=C2C=C(C=C3)Cl)CCC#N)O)F
D01865,CCN1C2=CC3=C(C=C2C(=O)C(=N1)C(=O)O)OCO3
D01866,CNC(=NC)NCC1=CC=CC=C1
D01867,CC1=C(C(C(=C(N1)C)C(=O)OCCN(C)CC2=CC=CC=C2)C3=CC(=CC=C3)[N+](=O)[O-])C(=O)OC
D01868,C1=CC=C2C(=C1)C(=NO2)CS(=O)(=O)N
D01869,CN(C)C(=O)OC1=CC=CC(=C1)[N+](C)(C)C
D01870,CCN(CC)CCN1C(=O)CN=C(C2=C1C=CC(=C2)Cl)C3=CC=CC=C3F
D01871,CC1=C(C(CCC1)(C)C)C=CC(=CC=CC(=CCO)C)C
D01872,CN1CCCCC1CCN2C3=CC=CC=C3SC4=C2C=C(C=C4)S(=O)C
D01873,C1COC2(N1CC(=O)NC3=C2C=C(C=C3)Cl)C4=CC=CC=C4Cl
D01874,CN1C(NC2=CC(=C(C=C2S1(=O)=O)S(=O)(=O)N)Cl)CCl
D01875,C1=CC=C(C(=C1)CC(=O)O)NC2=C(C=CC=C2Cl)Cl
D01876,CCOC1=CC=CC=C1OCCNC(C)CC2=CC(=C(C=C2)OC)S(=O)(=O)N
D01877,CC1=CC=CN2C1=NC=C(C2=O)C3=NNN=N3
D01878,CC(C)C1=C(C(=CC=C1)C(C)C)O
D01879,CN1CCCCC1CCN2C3=CC=CC=C3SC4=C2C=C(C=C4)S(=O)C
D01880,CN(C)CCCN1C2=CC=CC=C2SC3=CC=CC=C31
D01881,CC1=NC=C(C(=C1O)CO)CO
D01882,CC(CCC=C(C)C)NC
D01883,CC(C)(C)NCC(C1=CC(=C(C(=C1)Cl)N)Cl)O
D01884,C1=CC=NC(=C1)NS(=O)(=O)C2=CC=C(C=C2)N=NC3=CC(=C(C=C3)O)C(=O)O
D01885,CC1=C(C(=CC=C1)C)NC(=O)CN2CCN(CC2)CC(COC3=CC=CC=C3OC)O
D01886,C(CC(=O)NC(CS)C(=O)NCC(=O)O)C(C(=O)O)N
D01887,CC(C1=CC=C(S1)C(=O)C2=CC=CC=C2)C(=O)O
D01888,CC1=C(C(=NO1)C2=C(C=CC=C2Cl)Cl)C(=O)NC3C4N(C3=O)C(C(S4)(C)C)C(=O)O
D01889,CN1C(=O)CN=C(C2=C1C=CC(=C2)[N+](=O)[O-])C3=CC=CC=C3F
D01890,C(C(C(=O)O)N)C(=O)O
D01891,C1C(=O)NC2=C(C=C(C=C2)Br)C(=N1)C3=CC=CC=N3
D01892,CN1CCC(=C2C3=C(C(=O)CC4=CC=CC=C42)SC=C3)CC1
D01893,CCC(=O)N(C1=CC=CC=C1)C2(CCN(CC2)CCC3=CC=CS3)COC
D01894,CNCCCC12CCC(C3=CC=CC=C31)C4=CC=CC=C24
D01895,CC(CCCC(C)(C)O)C1CCC2C1(CCCC2=CC=C3CC(CCC3=C)O)C
D01896,CN1CCN2C(C1)C3=CC=CC=C3CC4=C2N=CC=C4
D01897,CN(C)CCC(C1=CC=CC2=CC=CC=C21)(C(C3=CC=CC=C3)C4=C(N=C5C=CC(=CC5=C4)Br)OC)O
D01898,CC1(C(N2C(S1(=O)=O)CC2=O)C(=O)O)CN3C=CN=N3
D01899,C1=CC=C2C(=C1)C=NN=C2NN
D01900,CN1C=NC2=C1C(=O)N(C(=O)N2C)C
D01901,C1=CC=NC(=C1)NS(=O)(=O)C2=CC=C(C=C2)N
D01902,C1=CC=NC(=C1)NS(=O)(=O)C2=CC=C(C=C2)N=NC3=CC(=C(C=C3)O)C(=O)O
D01903,C1CN(CCN1CC=CC2=CC=CC=C2)C(C3=CC=CC=C3)C4=CC=CC=C4
D01904,CC(=O)OC1=CC=CC=C1C(=O)O
D01905,CC=CC1=C(N2C(C(C2=O)NC(=O)C(C3=CC=C(C=C3)O)N)SC1)C(=O)O
D01906,CC(=O)C1CCC2C1(CCC3C2CCC4=CC(=O)CCC34C)C
D01907,CN1C(=C(C2=CC=CC=C2S1(=O)=O)O)C(=O)NC3=CC=CC=N3
D01908,CN1CCN(CC1)C(=O)OC2C3=NC=CN=C3C(=O)N2C4=NC=C(C=C4)Cl
D01909,CC(C[N+](C)(C)C)OC(=O)N
D01910,CC12CCC3C(C1CC(C2O)O)CCC4=C3C=CC(=C4)O
D01911,C1C(SC(=C(C#N)N2C=CN=C2)S1)C3=C(C=C(C=C3)Cl)Cl
D01912,[N+](=O)([O-])[O-].[N+](=O)([O-])[O-].[N+](=O)([O-])[O-].[Ga+3]
D01913,CCOC(=O)C1=C(NC(=C(C1C2=CC=CC=C2Cl)C(=O)OC)C)COCCN
D01914,CNC(=C[N+](=O)[O-])NCCSCC1=CC=C(O1)CN(C)C
D01915,CN1C(=O)CN=C(C2=C1C=CC(=C2)Cl)C3=CC=CC=C3
D01916,CC1=NN=C(S1)SCC2=C(N3C(C(C3=O)NC(=O)CN4C=NN=N4)SC2)C(=O)O
D01917,C1CCC(CC1)C(CC2CCCCN2)C3CCCCC3
D01918,C1=CC(=C(C=C1CC(C(=O)O)N)O)O
D01919,CC(C)C(=O)OC1=C(C=C(C=C1)CO)C(CCN(C(C)C)C(C)C)C2=CC=CC=C2
D01920,COC1=CC2=C(C=CN=C2C=C1)C(C3CC4CCN3CC4C=C)O
D01921,CCOC(=O)C1(CCN(CC1)C)C2=CC=CC=C2
D01922,CC(C(=O)O)N
D01923,COC1=C(C=C(C=C1)CC2=NC=CC3=CC(=C(C=C32)OC)OC)OC
D01924,CC1=CC2=C(C=C1C)N(C3=NC(=O)NC(=O)C3=N2)CC(C(C(COP(=O)(O)OP(=O)(O)OCC4C(C(C(O4)N5C=NC6=C(N=CN=C65)N)O)O)O)O)O
D01925,C1CC(N(C1)C(=O)C(CCCCN)NC(CCC2=CC=CC=C2)C(=O)O)C(=O)O
D01926,CC12CCC3C(=CCC4=C3C=CC(=C4)O)C1CCC2=O
D01927,C1=CN(C(=O)N=C1N)C2C(C(C(O2)CO)O)O
D01928,C1C(=O)NC(=O)N1N=CC2=CC=C(O2)[N+](=O)[O-]
D01929,CN1C2=C(C(=O)N(C1=O)C)NC=N2.CN1C2=C(C(=O)N(C1=O)C)NC=N2.C(CN)N
D01930,CC(C)C1C(=O)NC(CSSCC(C(=O)NC(C(=O)NC(C(=O)NC(C(=O)N1)CCCCN)CC2=CNC3=CC=CC=C32)CC4=CC=C(C=C4)O)NC(=O)C(CC5=CC=CC=C5)N)C(=O)NC(CC6=CNC7=CC=CC=C76)C(=O)N
D01931,C1=CC=C(C=C1)N2C(=O)C(C(=O)N2C3=CC=CC=C3)CCS(=O)C4=CC=CC=C4
D01932,C1=CC(=C(C=C1N)C(=O)O)O
D01933,CCCCC1=NC2(CCCC2)C(=O)N1CC3=CC=C(C=C3)C4=CC=CC=C4C5=NNN=N5
D01934,C1C2C3=CC=CC=C3CC4=CC=CC=C4N2C(=N1)N
D01935,CC1=C(N=CN1)CSCCNC(=NC)NC#N
D01936,C=CC1=C(N2C(C(C2=O)NC(=O)C(=NO)C3=CSC(=N3)N)SC1)C(=O)O
D01937,CC(C)C1C(=O)NC(CSSCC(C(=O)NC(C(=O)NC(C(=O)NC(C(=O)N1)CCCCN)CC2=CNC3=CC=CC=C32)CC4=CC=C(C=C4)O)NC(=O)C(CC5=CC=CC=C5)N)C(=O)NC(CC6=CNC7=CC=CC=C76)C(=O)N
D01938,CN1C(=O)CN=C(C2=C1C=CC(=C2)Cl)C3=CC=CC=C3F
D01939,CCC(C)C1C(=O)NC(C(=O)NC(C(=O)NC(C(=O)NC(C(=O)NCCCCC(C(=O)NC(C(=O)N1)CCCN)NC(=O)C(C(C)CC)NC(=O)C(CCC(=O)O)NC(=O)C(CC(C)C)NC(=O)C2CSC(=N2)C(C(C)CC)N)CC(=O)N)CC(=O)O)CC3=CN=CN3)CC4=CC=CC=C4
D01940,CN1C2=C(C=C(C=C2)Cl)C(=NC(C1=O)O)C3=CC=CC=C3
D01941,CC12CCC3C(C1CCC2C(=O)NC4=C(C=CC(=C4)C(F)(F)F)C(F)(F)F)CCC5C3(C=CC(=O)N5)C
D01942,C1CCC(CC1)(CC(=O)O)CN
D01943,CC(COC1=CC=CC=C1)N(CCCl)CC2=CC=CC=C2
D01944,C(C(C(=O)O)N)S
D01945,C1CN=C(N1)CC2=CC=CC3=CC=CC=C32
D01946,CC1=CC(=NN=C1NCCN2CCOCC2)C3=CC=CC=C3
D01947,C1=CC=C(C=C1)CSCC2=NS(=O)(=O)C3=CC(=C(C=C3N2)Cl)S(=O)(=O)N
D01948,CC(CN1C2=CC=CC=C2SC3=C1C=C(C=C3)OC)CN(C)C
D01949,CN1C2=C(C(=O)N(C1=O)C)NC=N2.CN1C2=C(C(=O)N(C1=O)C)NC=N2.C(CN)N
D01950,CC1(OC2CC3C4CCC5=CC(=O)C=CC5(C4C(CC3(C2(O1)C(=O)CO)C)O)C)C
D01951,CCN1C=C(C(=O)C2=C1N=C(C=C2)C)C(=O)O
D01952,C1C(=O)NC2=C(C=C(C=C2)Br)C(=N1)C3=CC=CC=N3
D01953,C[N+]1(CCC2=CC(=C3C=C2C1CC4=CC=C(C=C4)OC5=C6C(CC7=CC(=C(C=C7)OC)O3)[N+](CCC6=CC(=C5OC)OC)(C)C)OC)C
D01954,CN1CC2C(C1)C3=C(C=CC(=C3)Cl)OC4=CC=CC=C24.C(=CC(=O)O)C(=O)O
D01955,C1C2C3=CC=CC=C3CC4=CC=CC=C4N2C(=N1)N
D01956,CC1C2CC3=C(C1(CCN2CC=C(C)C)C)C=C(C=C3)O
D01957,CC1CC2CCC3C(=C)CC(O3)CCC45CC6C(O4)C7C(O6)C(O5)C8C(O7)CCC(O8)CC(=O)CC9C(CC(C1=C)O2)OC(C9OC)CC(CN)O
D01958,CC1=CC2=C(C=C1C)N(C3=NC(=O)NC(=O)C3=N2)CC(C(C(COP(=O)(O)OP(=O)(O)OCC4C(C(C(O4)N5C=NC6=C(N=CN=C65)N)O)O)O)O)O
D01959,CC12CCC3C(C1CCC2(CC=C)O)CCC4=CCCCC34
D01960,CN1CCN(CC1)C(C2=CC=CC=C2)C3=CC=C(C=C3)Cl
D01961,CC(C)CC(C1(CCC1)C2=CC=C(C=C2)Cl)N(C)C
D01962,CN1CCN(CC1)CCCN2C3=CC=CC=C3SC4=C2C=C(C=C4)C(F)(F)F
D01963,C1=CC(=CC=C1CN)S(=O)(=O)N
D01964,CC(=O)NC(COC)C(=O)NCC1=CC=CC=C1
D01965,CC(=O)OCC1=C(N2C(C(C2=O)NC(=O)C(=NOC)C3=CSC(=N3)N)SC1)C(=O)O
D01966,C(CC(C(=O)O)N)CN=C(N)N
D01967,CCN(C1=CC=CC(=C1)C2=CC=NC3=C(C=NN23)C#N)C(=O)C
D01968,C1=CN(C(=O)N=C1N)C2C(C(C(O2)CO)O)O
D01969,CCC(=C)C(=O)C1=C(C(=C(C=C1)OCC(=O)O)Cl)Cl
D01970,CCN1CCN(C(=O)C1=O)C(=O)NC(C2=CC=C(C=C2)O)C(=O)NC3C4N(C3=O)C(=C(CS4)CSC5=NN=NN5C)C(=O)O
D01971,C(C(C(=O)O)N)C(=O)O
D01972,CC1(OC2COC3(C(C2O1)OC(O3)(C)C)COS(=O)(=O)N)C
D01973,C1=CC(=C(C=C1Cl)Cl)C(CN2C=CN=C2)OCC3=C(SC=C3)Cl
D01974,C1CN(CCN1)C2=NC3=CC=CC=C3OC4=C2C=C(C=C4)Cl
D01975,C1C(OC(S1)CO)N2C=CC(=NC2=O)N
D01976,CC(=O)CC(C1=CC=C(C=C1)[N+](=O)[O-])C2=C(C3=CC=CC=C3OC2=O)O
D01977,CCN1C2=CC3=C(C=C2C(=O)C(=N1)C(=O)O)OCO3
D01978,CC(C)(C)NCC(C1=NC(=C(C=C1)O)CO)O
D01979,CC1C=CC=C(C(=O)NC2=C(C3=C(C4=C(C(=C3O)C)OC(C4=O)(OC=CC(C(C(C(C(C(C1O)C)O)C)OC(=O)C)C)OC)C)C5=C2N6C=CC(=CC6=N5)C)O)C
D01980,CNCCC=C1C2=CC=CC=C2CCC3=CC=CC=C31
D01981,C(C(C(=O)O)S)(C(=O)O)S
D01982,CC1(C2CC3C(C(=O)C(=C(C3(C(=O)C2=C(C4=C1C=CC=C4O)O)O)O)C(=O)NCNCCCCC(C(=O)O)N)N(C)C)O
D01983,CCC1C(=NN=C(C2=CC(=C(C=C12)OC)OC)C3=CC(=C(C=C3)OC)OC)C
D01984,C1CN=C(N1)NC2=C(C=CC3=NSN=C32)Cl
D01985,CCCC1=NC2=C(N1CC3=CC=C(C=C3)C4=CC=CC=C4C(=O)O)C=C(C=C2C)C5=NC6=CC=CC=C6N5C
D01986,C1C2C(C(S1)CCCCC(=O)O)NC(=O)N2
D01987,C[N+](C)(CCCCCC[N+](C)(C)C1C2=CC=CC=C2C3=CC=CC=C13)C4C5=CC=CC=C5C6=CC=CC=C46
D01988,CCN(CCCC(C)NC1=C2C=CC(=CC2=NC=C1)Cl)CCO
D01989,CC1COC2=C3N1C=C(C(=O)C3=CC(=C2N4CCN(CC4)C)F)C(=O)O
D01990,CC1=CC2=C(C=C1C)N(C3=NC(=O)NC(=O)C3=N2)CC(C(C(COP(=O)(O)OP(=O)(O)OCC4C(C(C(O4)N5C=NC6=C(N=CN=C65)N)O)O)O)O)O
D01991,CCCCCCC(C)(C)C1=CC(=C2C3CC(=O)CCC3C(OC2=C1)(C)C)O
D01992,CN(C)S(=O)(=O)C1=CC2=C(C=C1)SC3=CC=CC=C3N2CCCN4CCC(CC4)CCO
D01993,C1CN(CCN1CCCN2C3=CC=CC=C3SC4=C2C=C(C=C4)Cl)CCO
D01994,CC1(OC2COC3(C(C2O1)OC(O3)(C)C)COS(=O)(=O)N)C
D01995,C1=CC(=CC=C1NC(=NC(=NCCCCCCN=C(N)N=C(N)NC2=CC=C(C=C2)Cl)N)N)Cl
D01996,CC(C)C1=C(C=C2C(=C1)CCC3C2(CCCC3(C)C(=O)O)C)S(=O)(=O)O
D01997,CC1=C(C2=C(C1=CC3=CC=C(C=C3)S(=O)C)C=CC(=C2)F)CC(=O)O
D01998,CC1=C(C(=O)C2=CC=CC=C2C1=O)CC=C(C)CCCC(C)CCCC(C)CCCC(C)C
D01999,C1CCN(CC1)C2(CCN(CC2)CCCN3C4=CC=CC=C4CCC5=C3C=C(C=C5)Cl)C(=O)N
D02000,CCC1C(COC1=O)CC2=CN=CN2C
D02001,CC1CC2CCC3C(=C)CC(O3)CCC45CC6C(O4)C7C(O6)C(O5)C8C(O7)CCC(O8)CC(=O)CC9C(CC(C1=C)O2)OC(C9OC)CC(CN)O
D02002,CCOC(=O)C1(CCN(CC1)C)C2=CC=CC=C2
D02003,C1=CC(=C(C=C1Cl)O)OC2=C(C=C(C=C2)Cl)Cl
D02004,CCCC(C)C1(C(=O)NC(=O)NC1=O)CC=C
D02005,CCC(C(C1=CC(=C(C=C1)O)O)O)NC(C)C
D02006,CNCCC=C1C2=CC=CC=C2CCC3=CC=CC=C31
D02007,C1=C(C=C(C(=C1I)OC2=CC(=C(C(=C2)I)O)I)I)CC(C(=O)O)N
D02008,CNC(=O)C1=NC=CC(=C1)OC2=CC(=C(C=C2)NC(=O)NC3=CC(=C(C=C3)Cl)C(F)(F)F)F
D02009,[Zn]
D02010,CC1=C(C=C(C=C1)C(=O)NC2=CC(=C(C=C2)CN3CCN(CC3)C)C(F)(F)F)C#CC4=CN=C5N4N=CC=C5
D02011,C1C(C(=O)NO1)N
D02012,CN(C)CCC=C1C2=CC=CC=C2COC3=C1C=C(C=C3)CC(=O)O
D02013,C1=CC=C(C=C1)C2=NC(C(=O)NC3=C2C=C(C=C3)Cl)C(=O)O
D02014,CC1=NC=C(C=C1)C2=C(C=C(C=N2)Cl)C3=CC=C(C=C3)S(=O)(=O)C
D02015,COC(=O)C(CC1=CC=CC=C1)NC(=O)C(CC(=O)O)N
D02016,CC12CCC3C(C1CCC2(C#C)O)CCC4=CC5=C(CC34C)C=NO5
D02017,CCCC(CCC)C(=O)OC1CC2CCC(C1)[N+]2(C)C.[Br-]
D02018,CCC1=NC(=C(N1CC2=CC3=C(C=C2)OC(=C3Br)C4=CC=CC=C4NS(=O)(=O)C(F)(F)F)C(=O)N)C5CC5
D02019,CCC1(C(=O)NCNC1=O)C2=CC=CC=C2
D02020,CCCC1OC2CC3C4CCC5=CC(=O)C=CC5(C4C(CC3(C2(O1)C(=O)CO)C)O)C
D02021,C1CN(CCN1CCCN2C(=O)N3C=CC=CC3=N2)C4=CC(=CC=C4)Cl
D02022,CN1CCCC(CC1)N2C(=O)C3=CC=CC=C3C(=N2)CC4=CC=C(C=C4)Cl
D02023,CN1C2CC(CC1C3C2O3)OC(=O)C(CO)C4=CC=CC=C4
D02024,CCN(CC)CCOC(=O)C1=C(C=C(C=C1)N)Cl
D02025,C(OC(C(F)(F)F)C(F)(F)F)F
D02026,C[N+]1=CC=CC(=C1)OC(=O)N(C)C
D02027,CCN(CC)CCN1C(=O)CN=C(C2=C1C=CC(=C2)Cl)C3=CC=CC=C3F
D02028,C1=CC(=CC=C1C(=O)NCCC(=O)O)N=NC2=CC(=C(C=C2)O)C(=O)O
D02029,CCOC(=O)C1=C2CN(C(=O)C3=C(N2C=N1)C=CC(=C3)F)C
D02030,C1CN(CCN1CCOCCO)C(C2=CC=CC=C2)C3=CC=C(C=C3)Cl
D02031,CC1=C(C(CCC1)(C)C)C=CC(=CC=CC(=CC(=O)O)C)C
D02032,C(C(F)(F)F)(Cl)Br
D02033,CN(C)S(=O)(=O)C1=CC2=C(C=C1)SC3=CC=CC=C3N2CCCN4CCC(CC4)CCO
D02034,C(CCNCCCN)CNCCCN
D02035,CC1=CC=CC=C1C(=O)NC2=CC(=C(C=C2)C(=O)N3CCCC(C4=C3C=CC(=C4)Cl)O)C
D02036,CCCCCCCN(CC)CCCC(C1=CC=C(C=C1)NS(=O)(=O)C)O
D02037,CCCC(C)C1(C(=O)NC(=O)NC1=O)CC
D02038,C1C(=O)NC(=O)N1N=CC2=CC=C(O2)C3=CC=C(C=C3)[N+](=O)[O-]
D02039,CN1CCN(CC1)C(=O)OC2C3=NC=CN=C3C(=O)N2C4=NC=C(C=C4)Cl
D02040,C1=CC=C2C(=C1)C=NN=C2NN
D02041,CCC1=CC2=C(S1)N(C(=O)CN=C2C3=CC=CC=C3Cl)C
D02042,CC(C)C1=NC(=NC(=C1C=CC(CC(CC(=O)O)O)O)C2=CC=C(C=C2)F)N(C)S(=O)(=O)C
D02043,CC1C(C(C(C(O1)OC2CC(C3(C4C(CCC3(C2)O)C5(CCC(C5(CC4O)C)C6=CC(=O)OC6)O)CO)O)O)O)O
D02044,C[N+](C)(C)CCOC(=O)CCC(=O)OCC[N+](C)(C)C
D02045,C(OC(C(F)(F)F)C(F)(F)F)F
D02046,CC1=NN=C(O1)C(=O)NC(C)(C)C2=NC(=C(C(=O)N2C)O)C(=O)NCC3=CC=C(C=C3)F
D02047,CN1CC2C(C1)C3=C(C=CC(=C3)Cl)OC4=CC=CC=C24.C(=CC(=O)O)C(=O)O
D02048,CC(=O)NCCCS(=O)(=O)O
D02049,C1CC(=O)C(C(=O)C1)C(=O)C2=C(C=C(C=C2)C(F)(F)F)[N+](=O)[O-]
D02050,C[N+]1(CCCC(C1)OC(=O)C(C2=CC=CC=C2)(C3=CC=CC=C3)O)C
D02051,C1CN=C(N1)NC2=C(C=CC=C2Cl)Cl
D02052,CC(=O)NC1C(C=C(OC1C(C(CO)O)O)C(=O)O)N=C(N)N
D02053,CC(C)CC(C(C(=O)NO)O)C(=O)NC(C(=O)NC)C(C)(C)C
D02054,CC1=CC(=NO1)C(=O)NNCC2=CC=CC=C2
D02055,CC1=CC(=O)C2=CC=CC=C2C1=O
D02056,CC1CC2C3CCC(C3(CC(C2C4(C1=CC(=O)CC4)C)O)C)C(=O)C
D02057,CCC(C1=CC(=CC=C1)O)C(C)CN(C)C
D02058,CCOC(=O)N1CCC(=C2C3=C(CCC4=C2N=CC=C4)C=C(C=C3)Cl)CC1
D02059,C(C1C(C(C(C(O1)OC2C(OC(C2O)(CO)O)CO)O)O)O)O
D02060,CC(C)NCC(C1=CC(=CC(=C1)O)O)O
D02061,C1CC1CN2C(=O)CN=C(C3=C2C=CC(=C3)Cl)C4=CC=CC=C4
D02062,CC(C)(C)C1=CC=C(C=C1)S(=O)(=O)NC2=C(C(=NC(=N2)C3=NC=CC=N3)OCCO)OC4=CC=CC=C4OC
D02063,CCC(=O)OC(CC1=CC=CC=C1)(C2=CC=CC=C2)C(C)CN(C)C
D02064,CCOC1=C(C=C(C=C1)C=C2C3=CC(=C(C=C3CCN2)OCC)OCC)OCC
D02065,CC1=C(C2=C(CCC(O2)(C)CCCC(C)CCCC(C)CCCC(C)C)C(=C1O)C)C
D02066,N.N.Cl[Pt+2]Cl
D02067,CCOC(=O)C1=C(NC(=C(C1C2=CC(=CC=C2)[N+](=O)[O-])C(=O)OC)C)C
D02068,CC12CCC(=O)C=C1CCC3C2(C(CC4(C3CCC4(C)O)C)O)F
D02069,C1CC(=O)NC2=C1C=CC(=C2)OCCCCN3CCN(CC3)C4=C(C(=CC=C4)Cl)Cl
D02070,CCN(CC)CCCC(C)NC1=C2C=C(C=CC2=NC3=C1C=CC(=C3)Cl)OC
D02071,CC(=O)OC1C(SC2=CC=CC=C2N(C1=O)CCN(C)C)C3=CC=C(C=C3)OC
D02072,CCCCCC=CCC=CCC=CCCCCCCC(=O)O
D02073,C1C(=O)NC2=C(C=C(C=C2)[N+](=O)[O-])C(=N1)C3=CC=CC=C3
D02074,CC1=C(C=NO1)C(=O)NC2=CC=C(C=C2)C(F)(F)F
D02075,C[N+]1(CCC2=CC(=C(C=C2C1CC3=CC(=C(C(=C3)OC)OC)OC)OC)OC)CCCOC(=O)CCC=CCCC(=O)OCCC[N+]4(CCC5=CC(=C(C=C5C4CC6=CC(=C(C(=C6)OC)OC)OC)OC)OC)C
D02076,CCCOC1=C(C=C(C=C1)C(=O)OCCN(CC)CC)N
D02077,CCCN(CCC)CCC1=C2CC(=O)NC2=CC=C1
D02078,CC1CC2=CC=CC=C2N1NC(=O)C3=CC(=C(C=C3)Cl)S(=O)(=O)N
D02079,CN1C2CCC1CC(C2)OC(=O)C(CO)C3=CC=CC=C3
D02080,CC#CCC(C)C(C=CC1C(CC2C1CC(=CCCCC(=O)O)C2)O)O
D02081,C(C(OC(F)F)(F)F)(F)Cl
D02082,CCCCC1=NC2(CCCC2)C(=O)N1CC3=CC=C(C=C3)C4=CC=CC=C4C5=NNN=N5
D02083,CC1CCC2CC(C(=CC=CC=CC(CC(C(=O)C(C(C(=CC(C(=O)CC(OC(=O)C3CCCCN3C(=O)C(=O)C1(O2)O)C(C)CC4CCC(C(C4)OC)OC(=O)C(C)(CO)CO)C)C)O)OC)C)C)C)OC
D02084,C1C2=NN=CN2C3=C(C=C(C=C3)Cl)C(=N1)C4=CC=CC=C4
D02085,CC1=C(C=C(C=C1)C2C(C(C(C(O2)CO)O)O)O)CC3=CC=C(S3)C4=CC=C(C=C4)F
D02086,CCC(C)C1(C(=O)NC(=O)NC1=O)CC
D02087,CCOC(=O)C1=C(NC(=C(C1C2=C(C(=CC=C2)Cl)Cl)C(=O)OC)C)C
D02088,C[S+](CCC(C(=O)[O-])N)CC1C(C(C(O1)N2C=NC3=C(N=CN=C32)N)O)O
D02089,C[N+]1(C2CCC1CC(C2)OC(=O)C(C3=CC=CC=C3)O)C.[Br-]
D02090,CCCC(C)(COC(=O)N)COC(=O)N
D02091,CC(C(C1=CC=CC=C1)O)N
D02092,CN1C=NC2=C1C(=O)N(C(=O)N2C)C
D02093,CC(C1=CC(=CC(=C1)C(F)(F)F)C(F)(F)F)OC2C(N(CCO2)CC3=NN(C(=O)N3)P(=O)(O)O)C4=CC=C(C=C4)F
D02094,CCCN(CCC)CCC1=C2CC(=O)NC2=CC=C1
D02095,CC1=CC(=NC(=N1)N2C(=CC(=N2)C)OC)OC
D02096,CC1=C(C=C(C=C1)C(=O)NC2=CC(=C(C=C2)CN3CCN(CC3)C)C(F)(F)F)C#CC4=CN=C5N4N=CC=C5
D02097,CC(=O)OCC(=O)C1(CCC2C1(CC(=O)C3C2CCC4=CC(=O)CCC34C)C)O
D02098,C1C(=C(N2C(S1)C(C2=O)NC(=O)C(C3=CC=CC=C3)N)C(=O)O)Cl
D02099,C[S+](CCC(C(=O)[O-])N)CC1C(C(C(O1)N2C=NC3=C(N=CN=C32)N)O)O
D02100,CCC(C=CCl)(C#C)O
D02101,CCN(C1=CC=CC=C1C)C(=O)C=CC
D02102,CC1=C2C(C(=O)C3(C(CC4C(C3C(C(C2(C)C)(CC1OC(=O)C(C(C5=CC=CC=C5)NC(=O)OC(C)(C)C)O)O)OC(=O)C6=CC=CC=C6)(CO4)OC(=O)C)OC)C)OC
D02103,B(C(CC(C)C)NC(=O)C(CC1=CC=CC=C1)NC(=O)C2=NC=CN=C2)(O)O
D02104,C1C(C(OC1N2C=C(C(=O)NC2=O)C(F)(F)F)CO)O
D02105,C1CC1COC2=C(C=CC(=C2)C(=O)NC3=C(C=NC=C3Cl)Cl)OC(F)F
D02106,CN1C2=C(C(=O)N(C1=O)C)NC=N2
D02107,CC(C)C1=C(C(=CC=C1)C(C)C)O
D02108,CCC=CCC=CCC=CCC=CCC=CCCCC(=O)O
D02109,C1CC1N2C=C(C(=O)C3=CC(=C(C=C32)N4CCNCC4)F)C(=O)O
D02110,CN(C)CCC=C1C2=CC=CC=C2CCC3=CC=CC=C31
D02111,C1=NC(=C2C(=N1)N(C=N2)C3C(C(C(O3)COP(=O)(O)O)O)O)N
D02112,CCN1CCCC1CNC(=O)C2=C(C=CC(=C2)S(=O)(=O)N)OC
D02113,CC1CC(=O)NN=C1C2=CC=C(C=C2)NN=C(C#N)C#N
D02114,C1=C(C(=C(C(=C1Cl)Cl)CC2=C(C(=CC(=C2Cl)Cl)Cl)O)O)Cl
D02115,COC1C(C(C(C(O1)COS(=O)(=O)O)OC2C(C(C(C(O2)C(=O)O)OC3C(C(C(C(O3)COS(=O)(=O)O)OC4C(C(C(C(O4)C(=O)O)OC5C(C(C(C(O5)COS(=O)(=O)O)O)O)NS(=O)(=O)O)O)O)OS(=O)(=O)O)NS(=O)(=O)O)O)OS(=O)(=O)O)O)NS(=O)(=O)O
D02116,CCCCC1=C(C2=C(O1)C=CC(=C2)NS(=O)(=O)C)C(=O)C3=CC=C(C=C3)OCCCN(CCCC)CCCC
D02117,CC1(C(N2C(S1)C(C2=O)NC(=O)C3=C(C=CC=C3OC)OC)C(=O)O)C
D02118,CN(C)CCC=C1C2=CC=CC=C2SC3=C1C=C(C=C3)Cl
D02119,CC1=CC=CN2C1=NC=C(C2=O)C3=NNN=N3
D02120,CN1C2CC(CC1C3C2O3)OC(=O)C(CO)C4=CC=CC=C4
D02121,CC(C)C1=C(C(=C(N1CCC(CC(CC(=O)O)O)O)C2=CC=C(C=C2)F)C3=CC=CC=C3)C(=O)NC4=CC=CC=C4
D02122,C1=CC(=C(C=C1CCN)O)O
D02123,C1=CC(=C(C=C1N)O)C(=O)O
D02124,CC(C)CC(C(C(=O)NO)O)C(=O)NC(C(=O)NC)C(C)(C)C
D02125,C1=CC(=C(C=C1N)C(=O)O)O
D02126,CCNC(=O)N(CCCN(C)C)C(=O)C1CC2C(CC3=CNC4=CC=CC2=C34)N(C1)CC=C
D02127,CC(CN1C2=CC=CC=C2CCC3=CC=CC=C31)CN(C)C
D02128,CC12CCC3C(C1CCC(=O)O2)CCC4=CC(=O)C=CC34C
D02129,CCN(CC)C(=O)C(=CC1=CC(=C(C(=C1)O)O)[N+](=O)[O-])C#N
D02130,CCN(CC)C(C)CN1C2=CC=CC=C2SC3=CC=CC=C31
D02131,CCC1(CCC(=O)NC1=O)C2=CC=C(C=C2)N
D02132,COC1=CC=CC=C1OCCNCC(COC2=CC=CC3=C2C4=CC=CC=C4N3)O
D02133,CC(C)[N+]1(C2CCC1CC(C2)OC(=O)C(CO)C3=CC=CC=C3)C
D02134,CCN(CC)CCN1C(=O)CN=C(C2=C1C=CC(=C2)Cl)C3=CC=CC=C3F
D02135,CCCCC1C(=O)N(N(C1=O)C2=CC=CC=C2)C3=CC=CC=C3
D02136,C1CC(NC1)C(=O)O
D02137,CN(C)CCC(C1=CC=C(C=C1)Br)C2=CC=CC=N2
D02138,C(CC(=O)NC(CS)C(=O)NCC(=O)O)C(C(=O)O)N
D02139,CN1CC(=O)N2C(C1=O)CC3=C(C2C4=CC5=C(C=C4)OCO5)NC6=CC=CC=C36
D02140,CC(=O)OCC1=C(N2C(C(C2=O)NC(=O)CC3=CC=CS3)SC1)C(=O)O
D02141,CCC(C(CC(C)N(C)C)(C1=CC=CC=C1)C2=CC=CC=C2)OC(=O)C
D02142,CC(C)OC(=O)C(C)(C)OC1=CC=C(C=C1)C(=O)C2=CC=C(C=C2)Cl
D02143,C1C2=C(C=CC(=C2Cl)Cl)N=C3N1CC(=O)N3
D02144,CN1C2=C(C(=O)N(C1=O)C)NC=N2
D02145,CN(C)C1C2CC3CC4=C(C=CC(=C4C(=C3C(=O)C2(C(=C(C1=O)C(=O)N)O)O)O)O)N(C)C
D02146,C1=CC=C(C=C1)CCCCOC2=CC=C(C=C2)C(=O)NC3=CC=CC4=C3OC(=CC4=O)C5=NNN=N5
D02147,CCOC(=O)C1=C(NC(=C(C1C2=C(C(=CC=C2)Cl)Cl)C(=O)OC)C)C
D02148,C1=CC=NC(=C1)NS(=O)(=O)C2=CC=C(C=C2)N
D02149,C1CC1NC2=C3C(=NC(=N2)N)N(C=N3)C4CC(C=C4)CO
D02150,C1C2CC3CC(CC1N3CC2=O)OC(=O)C4=CNC5=CC=CC=C54
D02151,C1=NC2=C(N=C(N=C2N1C3C(C(C(O3)CO)O)O)F)N
D02152,CCN(CC)CCS(=O)(=O)C1CCN2C1C(=O)OC(C(C=CC(=O)NCC=CC(=CC(CC(=O)CC3=NC(=CO3)C2=O)O)C)C)C(C)C
D02153,CCN1C=CC(=NC1=O)NS(=O)(=O)C2=CC=C(C=C2)N
D02154,CC(=O)NCCC1=CNC2=C1C=C(C=C2)OC
D02155,CC12CCC(=O)C=C1CCC3C2CCC4(C3CCC4(C)O)C
D02156,C1CC(=O)NC2=C1C=CC(=C2)OCCCCN3CCN(CC3)C4=C(C(=CC=C4)Cl)Cl
D02157,CC(C)CN(CC(C(CC1=CC=CC=C1)NC(=O)OC2CCOC2)O)S(=O)(=O)C3=CC=C(C=C3)N
D02158,CC(C)CC1C(=O)N2CCCC2C3(N1C(=O)C(O3)(C(C)C)NC(=O)C4CN(C5CC6=C(NC7=CC=CC(=C67)C5=C4)Br)C)O
D02159,C=CC(CCC(=O)O)N
D02160,C1CN=C(N1)CC2=CC=CC=C2
D02161,CC(CC1=CC=CC=C1)N
D02162,CN1CCC(CC1)OC(C2=CC=CC=C2)C3=CC=CC=C3
D02163,C1=CC=C(C=C1)CCNN
D02164,C(C(C(=O)O)S)(C(=O)O)S
D02165,CCOC(=O)C1=C2CN(C(=O)C3=C(N2C=N1)C=CC(=C3)F)C
D02166,CC1C(C(CC(O1)OC2C3C(=O)NC(C4=C(C(=CC(=C4)O)O)C5=C(C=CC(=C5)C(C(=O)N3)NC(=O)C6C7=CC(=C(C(=C7)OC8=C(C=C2C=C8)Cl)OC9C(C(C(C(O9)CO)O)O)OC1CC(C(C(O1)C)O)(C)NCC1=CC=C(C=C1)C1=CC=C(C=C1)Cl)OC1=C(C=C(C=C1)C(C(C(=O)NC(C(=O)N6)CC(=O)N)NC(=O)C(CC(C)C)NC)O)Cl)O)C(=O)O)(C)N)O
D02167,CCC1=CC2=C(S1)N(C(=O)CN=C2C3=CC=CC=C3Cl)C
D02168,CC(C)C1=CC2=C(C=C1)OC3=NC(=C(C=C3C2=O)C(=O)O)N
D02169,C1CN(CCC1N2C3=CC=CC=C3NC2=O)CCCC(C4=CC=C(C=C4)F)C5=CC=C(C=C5)F
D02170,CCOC(=O)C1=CC=C(C=C1)N
D02171,CC(CC1=CC=CC=C1)NC
D02172,C1CCC2(C1)CC(=O)N(C(=O)C2)CCCCN3CCN(CC3)C4=NC=CC=N4
D02173,CC(C)CC(C(C(=O)NO)O)C(=O)NC(C(=O)NC)C(C)(C)C
D02174,COCCOC1=CN=C(N=C1)NS(=O)(=O)C2=CC=CC=C2
D02175,CC(=O)C1=CC(=C(C=C1)OCCCN2CCC(CC2)C3=NOC4=C3C=CC(=C4)F)OC
D02176,C1CCC2(C3CC4=C(C2(C1)CCN3CC5CCC5)C=C(C=C4)O)O
D02177,CCC1(CCC(=O)NC1=O)C2=CC=CC=C2
D02178,CC1C2C(C(=O)N2C(=C1SC3CC(NC3)C(=O)N(C)C)C(=O)O)C(C)O
D02179,C1=C(OC(=C1)[N+](=O)[O-])C=NNC(=O)N
D02180,C(CCN)CC(C(=O)O)N
D02181,CCNC1CN(S(=O)(=O)C2=C1C=C(S2)S(=O)(=O)N)CCCOC
D02182,C1C(SC(=C(C#N)N2C=CN=C2)S1)C3=C(C=C(C=C3)Cl)Cl
D02183,CCC1(C(=O)NC(=O)NC1=O)C2=CC=CC=C2
D02184,C1C(=C(N2C(S1)C(C2=O)NC(=O)C(C3=CC=CC=C3)N)C(=O)O)Cl
D02185,C(CS)N
D02186,CC1=C(SC=C1)C(=CCCN2CCCC(C2)C(=O)O)C3=C(C=CS3)C
D02187,CCC1(CCC(=O)NC1=O)C2=CC=C(C=C2)N
D02188,CC1=C(C=CC2=C1N=C(C=C2OC3CC4C(C3)C(=O)N(CCCCC=CC5CC5(NC4=O)C(=O)NS(=O)(=O)C6CC6)C)C7=NC(=CS7)C(C)C)OC
D02189,C(C(F)(F)F)(Cl)Br
D02190,CCOC(=O)C1(CCN(CC1)CCC2=CC=C(C=C2)N)C3=CC=CC=C3
D02191,CC(COC1=CC=CC=C1)N(CCCl)CC2=CC=CC=C2
D02192,C1=C(C(=O)NC(=O)N1)N(CCCl)CCCl
D02193,C(CC(=O)NC(CS)C(=O)NCC(=O)O)C(C(=O)O)N
D02194,CC12CCC3C(C1CCC2(C#C)O)CCC4=CC5=C(CC34C)C=NO5
D02195,C1=CC=C(C=C1)C2=NC(C(=O)NC3=C2C=C(C=C3)Cl)O
D02196,CC1C2CCC3(C(C2(CCC1O)C)C(CC4C3(CC(C4=C(CCC=C(C)C)C(=O)O)OC(=O)C)C)O)C
D02197,COC(=O)C1C(CCC2C1CC3C4=C(CCN3C2)C5=CC=CC=C5N4)O
D02198,CC(C)CN(CC(C(CC1=CC=CC=C1)NC(=O)OC2CCOC2)O)S(=O)(=O)C3=CC=C(C=C3)N
D02199,CN1CCN2C(C1)C3=CC=CC=C3CC4=CC=CC=C42
D02200,CCN(CC)CCN1C(=O)CN=C(C2=C1C=CC(=C2)Cl)C3=CC=CC=C3F
D02201,CN1CCC23C=CC(CC2OC4=C(C=CC(=C34)C1)OC)O
D02202,CC(CO)NC(=O)C1CN(C2CC3=CNC4=CC=CC(=C34)C2=C1)C
D02203,CCN(CC1=CC=NC=C1)C(=O)C(CO)C2=CC=CC=C2
D02204,C1=CC(=C(C(=C1)C(=O)C2=CC=C(C=C2)Br)N)CC(=O)O
D02205,CC(=O)NCCCS(=O)(=O)O
D02206,CCN(CC)CCS(=O)(=O)C1CCN2C1C(=O)OC(C(C=CC(=O)NCC=CC(=CC(CC(=O)CC3=NC(=CO3)C2=O)O)C)C)C(C)C
D02207,C(C(F)(F)F)(OC(F)F)Cl
D02208,C1=COC(=C1)CNC2=CC(=C(C=C2C(=O)O)S(=O)(=O)N)Cl
D02209,C1CN(CCN1CCC=C2C3=CC=CC=C3SC4=C2C=C(C=C4)C(F)(F)F)CCO
D02210,C1CN(P(=O)(OC1)NCCCl)CCCl
D02211,CC(C)CC(CC(=O)O)CN
D02212,C1CCC(CC1)C(CCN2CCCC2)(C3=CC=CC=C3)O
D02213,CC(=O)NCCCS(=O)(=O)O
D02214,CN(C)CCC(C1=CC=CC2=CC=CC=C21)(C(C3=CC=CC=C3)C4=C(N=C5C=CC(=CC5=C4)Br)OC)O
D02215,CC(C)NCC(COC1=CC=CC2=CC=CC=C21)O
D02216,CC1(C(N2C(S1)C(C2=O)NC(=O)COC3=CC=CC=C3)C(=O)O)C
D02217,CC(CN1C2=CC=CC=C2CCC3=CC=CC=C31)CN(C)C
D02218,CC(CC1=CC2=C(C(=C1)C(=O)N)N(CC2)CCCO)NCCOC3=CC=CC=C3OCC(F)(F)F
D02219,C[N+](C)(C)CCOC(=O)CCC(=O)OCC[N+](C)(C)C
D02220,CC12CCC(=O)C=C1C3CC3C4C2CCC5(C4C6CC6C57CCC(=O)O7)C
D02221,CC1=C2C(C(=O)C3(C(CC4C(C3C(C(C2(C)C)(CC1OC(=O)C(C(C5=CC=CC=C5)NC(=O)OC(C)(C)C)O)O)OC(=O)C6=CC=CC=C6)(CO4)OC(=O)C)OC)C)OC
D02222,CCC(C)CCCC(=O)NC(CCN)C(=O)NC(C(C)O)C(=O)NC(CCN)C(=O)NC1CCNC(=O)C(NC(=O)C(NC(=O)C(NC(=O)C(NC(=O)C(NC(=O)C(NC1=O)CCN)CC(C)C)CC(C)C)CCN)CCN)C(C)O
D02223,CCCC1CC(N(C1)C)C(=O)NC(C2C(C(C(C(O2)SC)O)O)O)C(C)Cl
D02224,CN1CCN(CC1)C(=O)OC2C3=NC=CN=C3C(=O)N2C4=NC=C(C=C4)Cl
D02225,C1=NC(=C2C(=N1)N(C=N2)C3C(C(C(O3)COP(=O)(O)OP(=O)(O)OP(=O)(O)O)O)O)N
D02226,CCN(CCCC(C)NC1=C2C=CC(=CC2=NC=C1)Cl)CCO
D02227,CCN(CC)CCNC(=O)C1=C(NC(=C1C)C=C2C3=C(C=CC(=C3)F)NC2=O)C
D02228,CN(C)CCC=C1C2=CC=CC=C2SC3=C1C=C(C=C3)Cl
D02229,CCN(CC)CCN1C(=O)CN=C(C2=C1C=CC(=C2)Cl)C3=CC=CC=C3F
D02230,C1COC2(N1CC(=O)NC3=C2C=C(C=C3)Cl)C4=CC=CC=C4Cl
D02231,CN1CCN(CC1)C(=O)OC2C3=NC=CN=C3C(=O)N2C4=NC=C(C=C4)Cl
D02232,CN(C)CCCN1C2=CC=CC=C2SC3=CC=CC=C31
D02233,CC1=CC2=C(C=C1C)N(C3=NC(=O)NC(=O)C3=N2)CC(C(C(COP(=O)(O)OP(=O)(O)OCC4C(C(C(O4)N5C=NC6=C(N=CN=C65)N)O)O)O)O)O
D02234,CC(=O)C1(CCC2C1(CCC3C2C=C(C4=CC(=O)C5CC5C34C)Cl)C)OC(=O)C
D02235,CC(=O)SC1CC2=CC(=O)CCC2(C3C1C4CCC5(C4(CC3)C)CCC(=O)O5)C
D02236,C1CN(CC2=C1SC=C2)CC3=CC=CC=C3Cl
D02237,CCCNC1CCC2=C(C1)SC(=N2)N
D02238,CC(C)NC(=O)C1=CC=C(C=C1)CNNC
D02239,CC1=C2COC(=O)C2=C(C(=C1OC)CC=C(C)CCC(=O)OCCN3CCOCC3)O
D02240,CCOC(=O)C(CCC1=CC=CC=C1)NC2CCCN3CCCC(N3C2=O)C(=O)O
D02241,CCC=CCC=CCC=CCCCCCCCC(=O)O
D02242,CC12CCC3C(C1CCC2(C#C)O)CCC4=C3C=CC(=C4)O
D02243,C(C(F)(F)F)(OC(F)F)Cl
D02244,C1=C(C=C(C(=C1I)OC2=CC(=C(C(=C2)I)O)I)I)CC(C(=O)O)N
D02245,CC(C)CC1C(=O)N2CCCC2C3(N1C(=O)C(O3)(C(C)C)NC(=O)C4CN(C5CC6=C(NC7=CC=CC(=C67)C5=C4)Br)C)O
D02246,CC1C(C(CC(O1)OC2CC(CC3=C2C(=C4C(=C3O)C(=O)C5=C(C4=O)C(=CC=C5)OC)O)(C(=O)CO)O)N)O
D02247,CC(=O)C(=O)O
D02248,C1=CC=C(C=C1)CCNN
D02249,C1=CC(=CC=C1C(=O)NCCC(=O)O)N=NC2=CC(=C(C=C2)O)C(=O)O
D02250,COC1=C(C=CC(=C1)NS(=O)(=O)C)NC2=C3C=CC=CC3=NC4=CC=CC=C42
D02251,CC1=C(C(=O)N2CCCCC2=N1)CCN3CCC(CC3)C4=NOC5=C4C=CC(=C5)F
D02252,C1=NC2=C(N=C(N=C2N1C3C(C(C(O3)CO)O)O)F)N
D02253,CC1=C(C(=CC=C1)Cl)NC(=O)C2=CN=C(S2)NC3=CC(=NC(=N3)C)N4CCN(CC4)CCO
D02254,CN1C(NC2=CC(=C(C=C2S1(=O)=O)S(=O)(=O)N)Cl)CSCC(F)(F)F
D02255,CN(CC(=O)O)C(=N)N
D02256,CCC=CCC=CCC=CCC=CCC=CCCCC(=O)O
D02257,C1=CC(=C(C=C1N)C(=O)O)O
D02258,CC(C)CC1C(=O)N2CCCC2C3(N1C(=O)C(O3)(C(C)C)NC(=O)C4CN(C5CC6=C(NC7=CC=CC(=C67)C5=C4)Br)C)O
D02259,CC1CCC(C(C1)O)C(C)C
D02260,C=CCN1CCC23C4C(=O)CCC2(C1CC5=C3C(=C(C=C5)O)O4)O
D02261,CCOC1=C(C=CC(=C1)CC(=O)NC(CC(C)C)C2=CC=CC=C2N3CCCCC3)C(=O)O
D02262,CC1(C(N2C(S1)C(C2=O)N3C(=O)C(NC3(C)C)C4=CC=CC=C4)C(=O)O)C
D02263,CC1C(=O)NC(C(=O)NC(=CNC(=O)N)C(=O)NC(C(=O)NCC(C(=O)N1)N)C2CCNC(=N2)N)CNC(=O)CC(CCCN)N.C1CNC(=NC1C2C(=O)NCC(C(=O)NC(C(=O)NC(C(=O)NC(=CNC(=O)N)C(=O)N2)CNC(=O)CC(CCCN)N)CO)N)N
D02264,CCC=CCC=CCC=CCC=CCC=CCCCC(=O)O
D02265,CC1=CC(=O)N(C(=C1)C2CCCCC2)O
D02266,CNCCC=C1C2=CC=CC=C2CCC3=CC=CC=C31
D02267,CC1=CC(=C(C=C1)C(C)C)OCC2=NCCN2
D02268,CN(C)CCC=C1C2=CC=CC=C2COC3=C1C=C(C=C3)CC(=O)O
D02269,CCOC(CN1CCN(CC1)CC(C)C(=O)C2=CC=CC=C2)C3=CC=CC=C3
D02270,CC(=O)NC1=NN=C(S1)S(=O)(=O)N
D02271,C(C(C(=O)O)N)O
D02272,C(=N)(N)N
D02273,[Zn]
D02274,CCC1=CC2=C(S1)N(C(=O)CN=C2C3=CC=CC=C3Cl)C
D02275,CCC1C(C2C(C(C(CC(C(C(C(C(C(=O)O1)C)OC3CC(C(C(O3)C)O)(C)OC)C)OC4C(C(CC(O4)C)N(C)C)O)(C)O)C)NC(O2)COCCOC)C)(C)O
D02276,CCN(CC)CCNC(=O)C1=C(NC(=C1C)C=C2C3=C(C=CC(=C3)F)NC2=O)C
D02277,CC(=O)NC1=C(C(=C(C(=C1I)C(=O)NC(C=O)C(C(C(CO)O)O)O)I)N(C)C(=O)C)I
D02278,C1C2N(C1=O)C(C(=CCO)O2)C(=O)O
D02279,C1=CC=C(C=C1)C(C2=CC=CC=C2)S(=O)CC(=O)N
D02280,C[N+](C)(C)CC(CC(=O)[O-])O
D02281,CCN(C1=CC=CC(=C1)C2=CC=NC3=C(C=NN23)C#N)C(=O)C
D02282,C1C(=S)N(C2=C(C=C(C=C2)Cl)C(=N1)C3=CC=CC=C3F)CC(F)(F)F
D02283,CC1=CC2=C(C=C1C(=C)C3=CC=C(C=C3)C(=O)O)C(CCC2(C)C)(C)C
D02284,CC(C)(CC1=CC=CC=C1)NC
D02285,CC1=CC(=O)C(=CN1)C(=O)NC(C2=CC=C(C=C2)O)C(=O)NC3C4N(C3=O)C(=C(CS4)CSC5=NN=NN5C)C(=O)O
D02286,CCC(=O)C1=CC2=C(C=C1)SC3=CC=CC=C3N2CC(C)N(C)C
D02287,CCOC(=O)N1CCC(=C2C3=C(CCC4=C2N=CC=C4)C=C(C=C3)Cl)CC1
D02288,C(CC(C(=O)O)N)CN=C(N)N
D02289,CC12CCC3C(C1CCC2(C)O)CCC4C3(COC(=O)C4)C
D02290,C(C(=O)O)N
D02291,CC1=C(OC(=N1)NS(=O)(=O)C2=CC=C(C=C2)N)C
D02292,CN1CC2C(C1)C3=C(C=CC(=C3)Cl)OC4=CC=CC=C24.C(=CC(=O)O)C(=O)O
D02293,CN(C)CCC=C1C2=CC=CC=C2CCC3=CC=CC=C31
D02294,CC1=C(C=C(C=C1)C2C(C(C(C(O2)CO)O)O)O)CC3=CC=C(S3)C4=CC=C(C=C4)F
D02295,CCC1C2CC3C4C5(CC(C2C5O)N3C1O)C6=CC=CC=C6N4C
D02296,CCC1=CC2=C(S1)N(C(=O)CN=C2C3=CC=CC=C3Cl)C
D02297,COC1C(CC2CN3CCC4=C(C3CC2C1C(=O)OC)NC5=C4C=CC(=C5)OC)OC(=O)C6=CC(=C(C(=C6)OC)OC)OC
D02298,C1CC(NC1)C(=O)O
D02299,CCC(C1=CC(=CC=C1)O)C(C)CN(C)C
D02300,CC(C)N1CCN(CC1)C2=CC=C(C=C2)OCC3COC(O3)(CN4C=NC=N4)C5=C(C=C(C=C5)Cl)Cl
D02301,CC(CCC=C(C)C)NC
D02302,CC(C)CC1=CC=C(C=C1)C(C)C(=O)O
D02303,CN(C)CCOC1=CC=C(C=C1)C(=C(CCCl)C2=CC=CC=C2)C3=CC=CC=C3
D02304,CCCC(CCC)C(=O)O
D02305,CC1=CC=C(C=C1)C2=CC(=NN2C3=CC=C(C=C3)S(=O)(=O)N)C(F)(F)F
D02306,CN1CCC23CCCCC2C1CC4=C3C=C(C=C4)OC
D02307,CC1C=CC=C(C(=O)NC2=C(C3=C(C4=C(C(=C3O)C)OC(C4=O)(OC=CC(C(C(C(C(C(C1O)C)O)C)OC(=O)C)C)OC)C)C5=C2N6C=CC(=CC6=N5)C)O)C
D02308,CN(C(=O)NC1C(C(C(OC1O)CO)O)O)N=O
D02309,CN(C)CC1CCCCC1(C2=CC(=CC=C2)OC)O
D02310,CCOC(=O)NC1=C(C=C(C=C1)NCC2=CC=C(C=C2)F)N
D02311,CN1C(NC2=CC(=C(C=C2S1(=O)=O)S(=O)(=O)N)Cl)CSCC(F)(F)F
D02312,CC(CN1C2=CC=CC=C2CCC3=CC=CC=C31)CN(C)C
D02313,CS(=O)(=O)C1=CC(=C(C=C1)C(=O)NC2=CC(=C(C=C2)Cl)C3=CC=CC=N3)Cl
D02314,CCCCC1=C(C2=C(O1)C=CC(=C2)NS(=O)(=O)C)C(=O)C3=CC=C(C=C3)OCCCN(CCCC)CCCC
D02315,CC(C)(C)NCC(C1=CC(=C(C=C1)O)CO)O
D02316,CN(C)CCCN1C2=CC=CC=C2SC3=C1C=C(C=C3)Cl
D02317,CCOC(=O)OC(C)OC(=O)C1C(SC2N1C(=O)C2NC(=O)C(C3=CC=CC=C3)N)(C)C
D02318,CC(CN1C2=CC=CC=C2CCC3=CC=CC=C31)CN(C)C
D02319,C1CN(CCC1(C2=CC=CC=C2)C(=O)O)CCC(C#N)(C3=CC=CC=C3)C4=CC=CC=C4
D02320,CC1=C(C(CCC1)(C)C)C=CC(=CC=CC(=CC(=O)O)C)C
D02321,CC1C(C(C(C(O1)OC2C(OC(C(C2O)O)OC(C(CO)O)C(C(C=O)O)O)CO)O)O)NC3C=C(C(C(C3O)O)O)CO
D02322,CC(=O)OC1CC2CCC3C(C2(CC1N4CCCCC4)C)CCC5(C3CC(C5OC(=O)C)[N+]6(CCCCC6)C)C
D02323,C1CNCC(C1C2=CC=C(C=C2)F)COC3=CC4=C(C=C3)OCO4
D02324,CCC(=O)NCCC1CCC2=C1C3=C(C=C2)OCC3
D02325,CN1CCC(=C2C3=CC=CC=C3C=CC4=CC=CC=C42)CC1
D02326,CN1CCN(CC1)C2=NC3=C(C=CC(=C3)Cl)NC4=CC=CC=C42
D02327,C1CC(N(C1)C(=O)C2CSSCCC(=O)NC(C(=O)NC(C(=O)NC(C(=O)NC(C(=O)N2)CC(=O)N)CCC(=O)N)CC3=CC=CC=C3)CC4=CC=C(C=C4)O)C(=O)NC(CCCN=C(N)N)C(=O)NCC(=O)N
D02328,CC(C)OP(=O)(OC(C)C)F
D02329,CCC=CCC=CCC=CCC=CCC=CCCCC(=O)O
D02330,CN1CCCCC1CCN2C3=CC=CC=C3SC4=C2C=C(C=C4)SC
D02331,CC(C)(C)C1=CC(=CC(=C1O)C(C)(C)C)SC(C)(C)SC2=CC(=C(C(=C2)C(C)(C)C)O)C(C)(C)C
D02332,C(CC(=O)NC(CS)C(=O)NCC(=O)O)C(C(=O)O)N
D02333,C(CCCC(=O)O)CCCC(=O)O
D02334,C1=CC=C(C(=C1)CC(=O)O)NC2=C(C=CC=C2Cl)Cl
D02335,C1C(C(OC1N2C=C(C(=O)NC2=O)F)CO)O
D02336,CNC1(CCCCC1=O)C2=CC=CC=C2Cl
D02337,CCCNC(C)C(=O)NC1=CC=CC=C1C
D02338,C1CN(CCC1C2=CN(C3=C2C=C(C=C3)Cl)C4=CC=C(C=C4)F)CCN5CCNC5=O
D02339,[N]=O
D02340,CC1(C2CC3C(C(=O)C(=C(C3(C(=O)C2=C(C4=C1C=CC=C4O)O)O)O)C(=O)N)N(C)C)O
D02341,CC(C)N(CCC(C1=CC=CC=C1)(C2=CC=CC=N2)C(=O)N)C(C)C
D02342,C1CN(CCN1)C2=NC3=CC=CC=C3OC4=C2C=C(C=C4)Cl
D02343,CCC(=C(C1=CC=CC=C1)C2=CC=C(C=C2)OCCN(C)C)C3=CC=CC=C3
D02344,CN1CCN(CC1)CCCOC2=C(C=C3C(=C2)N=CC(=C3NC4=CC(=C(C=C4Cl)Cl)OC)C#N)OC
D02345,CCC1C2(C(C(C(=O)C(CC(C(C(C(=O)C(C(=O)O1)C)C)OC3C(C(CC(O3)C)N(C)C)O)(C)OC)C)C)N(C(=O)O2)CCCCN4C=C(N=C4)C5=CN=CC=C5)C
D02346,C1C(=C(N2C(S1)C(C2=O)NC(=O)C(C3=CC=CC=C3)O)C(=O)O)CSC4=NN=NN4CS(=O)(=O)O
D02347,C1=NC2=C(N=C(N=C2N1C3C(C(C(O3)CO)O)O)F)N
D02348,C1C(CN2C1C(=O)NC(C(=O)NC(C(=O)NC(C(=O)NC(C(=O)NC(C2=O)CC3=CC=CC=C3)CC4=CC=C(C=C4)OCC5=CC=CC=C5)CCCCN)CC6=CNC7=CC=CC=C76)C8=CC=CC=C8)OC(=O)NCCN
D02349,CC(C)OP(=O)(OC(C)C)F
D02350,CCNC(=O)N(CCCN(C)C)C(=O)C1CC2C(CC3=CNC4=CC=CC2=C34)N(C1)CC=C
D02351,CCN(CC)C(=O)C1(CC1CN)C2=CC=CC=C2
D02352,CC1=C(C=C(C=C1)C(=O)NC2=CC(=C(C=C2)CN3CCN(CC3)C)C(F)(F)F)C#CC4=CN=C5N4N=CC=C5
D02353,CCC1(C(=O)NC(=O)NC1=O)C2=CCCCCC2
D02354,CC(C)OC(=O)OCOP(=O)(COC(C)CN1C=NC2=C(N=CN=C21)N)OCOC(=O)OC(C)C
D02355,C1CN(CCN1CCOCC(=O)O)C(C2=CC=CC=C2)C3=CC=C(C=C3)Cl
D02356,C1=CC=C(C(=C1)C2=NC(C(=O)NC3=C2C=C(C=C3)Cl)O)Cl
D02357,CCC(=O)OCC(=O)C1(CCC2C1(CC(C3C2CCC4=CC(=O)C=CC34C)O)C)OC(=O)OCC
D02358,C1CN(CCC1N2C3=C(C=C(C=C3)Cl)NC2=O)CCCN4C5=CC=CC=C5NC4=O
D02359,CC1(OC2CC3C4CC(C5=CC(=O)CCC5(C4C(CC3(C2(O1)C(=O)CO)C)O)C)F)C
D02360,CN(CCCCCCCCCCN(C)C(=O)OC1=CC=CC(=C1)[N+](C)(C)C)C(=O)OC2=CC=CC(=C2)[N+](C)(C)C
D02361,CC(CN1C2=CC=CC=C2SC3=C1C=C(C=C3)C(=O)C)N(C)C
D02362,CC(CN1C2=CC=CC=C2SC3=C1C=C(C=C3)C(=O)C)N(C)C
D02363,CC1=NN=C(S1)SCC2=C(N3C(C(C3=O)NC(=O)CN4C=NN=N4)SC2)C(=O)O
D02364,C1=CC(=C(C=C1F)F)C(CN2C=NC=N2)(CN3C=NC=N3)O
D02365,C1=CC=C(C=C1)CC(=O)NC(=O)N
D02366,CN(C)CCCN1C2=CC=CC=C2SC3=C1C=C(C=C3)C(F)(F)F
D02367,CN(C)CC1=NN=C2N1C3=C(C=C(C=C3)Cl)C(=NC2)C4=CC=CC=C4
D02368,CC1=CC2=C(C=C1C)N(C3=NC(=O)NC(=O)C3=N2)CC(C(C(COP(=O)(O)OP(=O)(O)OCC4C(C(C(O4)N5C=NC6=C(N=CN=C65)N)O)O)O)O)O
D02369,C1C(C(C(C(C1N)OC2C(C(C(C(O2)CN)O)O)N)OC3C(C(C(O3)CO)OC4C(C(C(C(O4)CN)O)O)N)O)O)N
D02370,CCCNC1CCC2=C(C1)SC(=N2)N
D02371,COCCOCC(CC1(CCCC1)C(=O)NC2CCC(CC2)C(=O)O)C(=O)OC3=CC4=C(CCC4)C=C3
D02372,CCCCC1=NC(=C(N1CC2=CC=C(C=C2)C3=CC=CC=C3C4=NNN=N4)CO)Cl
D02373,CC1=C(C(C(=C(N1)C)C(=O)OCC(C)C)C2=CC=CC=C2[N+](=O)[O-])C(=O)OC
D02374,CN(C)CCCN1C2=CC=CC=C2CCC3=CC=CC=C31
D02375,CC1=C(N=C(N=C1N)C(CC(=O)N)NCC(C(=O)N)N)C(=O)NC(C(C2=CN=CN2)OC3C(C(C(C(O3)CO)O)O)OC4C(C(C(C(O4)CO)O)OC(=O)N)O)C(=O)NC(C)C(C(C)C(=O)NC(C(C)O)C(=O)NCCC5=NC(=CS5)C6=NC(=CS6)C(=O)NCCC[S+](C)C)O
D02376,CC1=C(C(=NO1)C2=CC=CC=C2Cl)C(=O)NC3C4N(C3=O)C(C(S4)(C)C)C(=O)O
D02377,CC(=O)OCC(CCN1C=NC2=CN=C(N=C21)N)COC(=O)C
D02378,CCC=CCC=CCC=CCCCCCCCC(=O)O
D02379,CCOC1=C(C2=CC=CC=C2C=C1)C(=O)NC3C4N(C3=O)C(C(S4)(C)C)C(=O)O
D02380,CCN(CC)CCCC(C)NC1=C2C=C(C=CC2=NC3=C1C=CC(=C3)Cl)OC
D02381,CN1C=NC(=C1SC2=NC=NC3=C2NC=N3)[N+](=O)[O-]
D02382,CCC(=O)OC1(C(CC2C1(CC(C3(C2CC(C4=CC(=O)C=CC43C)F)F)O)C)C)C(=O)SCF
D02383,C(=O)(O)P(=O)(O)O
D02384,C1CC(NC1)C(=O)O
D02385,CC1=C(C(CCC1)(C)C)C=CC(=CC=CC(=CC(=O)O)C)C
D02386,CC(C)CC(C(C(=O)NO)O)C(=O)NC(C(=O)NC)C(C)(C)C
D02387,C1=CC=C(C=C1)COCC(C(=O)O)N(CCN(CCN(CC(=O)[O-])CC(=O)[O-])CC(=O)[O-])CC(=O)O.[Gd+3]
D02388,C1CC(=O)NC(=O)C1N2C(=O)C3=CC=CC=C3C2=O
D02389,CC(CN1CC(=O)NC(=O)C1)N2CC(=O)NC(=O)C2
D02390,CC(C1=CC2=C(C=C1)C3=C(N2)C=CC(=C3)Cl)C(=O)O
D02391,C1CC(=O)NC(=O)C1N2C(=O)C3=C(C2=O)C(=CC=C3)N
D02392,C1CCN(CC(C1)N)C2=C(C=C3C(=C2Cl)N(C=C(C3=O)C(=O)O)C4CC4)F
D02393,CC(=O)SC1CC2=CC(=O)CCC2(C3C1C4CCC5(C4(CC3)C)CCC(=O)O5)C
D02394,C1=CC(=CC=C1CCC2=CNC3=C2C(=O)NC(=N3)N)C(=O)NC(CCC(=O)O)C(=O)O
D02395,C1NC2=CC(=C(C=C2S(=O)(=O)N1)S(=O)(=O)N)Cl
D02396,C1=CC=C(C(=C1)C(=O)OCC(CO)O)NC2=C3C=CC=C(C3=NC=C2)C(F)(F)F
D02397,CC(C)C(=O)OC1=C(C=C(C=C1)CO)C(CCN(C(C)C)C(C)C)C2=CC=CC=C2
D02398,CC(C)(C)C#CC=CCN(C)CC1=CC=CC2=CC=CC=C21
D02399,C1C(=O)N(C2=C(C=C(C=C2)Cl)C(=N1)C3=CC=CC=C3)CC(F)(F)F
D02400,CC1=C2CCC(=O)N(C2=NC(=N1)C)CC3=CC=C(C=C3)C4=CC=CC=C4C5=NNN=N5
D02401,C1C(=C(N2C(S1)C(C2=O)NC(=O)C(C3=CC=CC=C3)O)C(=O)O)CSC4=NN=NN4CS(=O)(=O)O
D02402,CC1=CC2=C(C=C1C)N(C3=NC(=O)NC(=O)C3=N2)CC(C(C(COP(=O)(O)OP(=O)(O)OCC4C(C(C(O4)N5C=NC6=C(N=CN=C65)N)O)O)O)O)O
D02403,CN1CCN(CC1)CCCN2C3=CC=CC=C3SC4=C2C=C(C=C4)C(F)(F)F
D02404,C1C(=O)NC2=C(C=C(C=C2)Cl)C(=N1)C3=CC=CC=C3Cl
D02405,CC(CC1CCCCC1)NC
D02406,CCC1=CC2CC(C3=C(CN(C2)C1)C4=CC=CC=C4N3)(C5=C(C=C6C(=C5)C78CCN9C7C(C=CC9)(C(C(C8N6C)(C(=O)OC)O)OC(=O)C)CC)OC)C(=O)OC
D02407,CC(C)C1=NN2C=CC=CC2=C1C(=O)C(C)C
D02408,C1=CC(=CC=C1C2C(C(=O)N2C3=CC=C(C=C3)F)CCC(C4=CC=C(C=C4)F)O)O
D02409,CC(C)C(CCCN(C)CCC1=CC(=C(C=C1)OC)OC)(C#N)C2=CC(=C(C=C2)OC)OC
D02410,CCC(C)C(C(=O)O)N
D02411,CN1CCN(CC1)CCCOC2=C(C=C3C(=C2)N=CC(=C3NC4=CC(=C(C=C4Cl)Cl)OC)C#N)OC
D02412,CC(C)CC1CN2CCC3=CC(=C(C=C3C2CC1=O)OC)OC
D02413,CCC1=C(NC2=C1C(=O)C(CC2)CN3CCOCC3)C
D02414,CC(C)C(=O)OC1=C(C=C(C=C1)CO)C(CCN(C(C)C)C(C)C)C2=CC=CC=C2
D02415,CCC(=C(C1=CC=CC=C1)C2=CC=C(C=C2)OCCN(C)C)C3=CC=CC=C3
D02416,CCCCC1=NC=C(N1CC2=CC=C(C=C2)C(=O)O)C=C(CC3=CC=CS3)C(=O)O
D02417,C1CN(CCN1CCC=C2C3=CC=CC=C3SC4=C2C=C(C=C4)C(F)(F)F)CCO
D02418,CN(C)CCC=C1C2=CC=CC=C2COC3=C1C=C(C=C3)CC(=O)O
D02419,CN1CCN(CC1)CCCN2C3=CC=CC=C3SC4=C2C=C(C=C4)C(F)(F)F
D02420,COC1=C(C=C(C=C1)CNC2=NC(=NC=C2C(=O)NCC3=NC=CC=N3)N4CCCC4CO)Cl
D02421,CC1=C(C(=O)N2CCCCC2=N1)CCN3CCC(CC3)C4=NOC5=C4C=CC(=C5)F
D02422,CC1=CC=CC=C1C(C2=CC=CC=C2)OCCN(C)C
D02423,CC(C1=CC=CC2=CC=CC=C21)NCCCC3=CC(=CC=C3)C(F)(F)F
D02424,CN1CCN2C(C1)C3=CC=CC=C3CC4=CC=CC=C42
D02425,CC1CC2C3CC(C4=CC(=O)C=CC4(C3C(CC2(C1(C(=O)CO)O)C)O)C)F
D02426,CC(=O)C1=CC2=C(C=C1)SC3=CC=CC=C3N2CCCN(C)C
D02427,C(CN(CC(=O)O)CC(=O)O)N(CC(=O)O)CC(=O)O
D02428,CCC(C(CC(C)N(C)C)(C1=CC=CC=C1)C2=CC=CC=C2)OC(=O)C
D02429,COC(=O)NC1=NC2=C(N1)C=C(C=C2)C(=O)C3=CC=C(C=C3)F
D02430,CC(C)CC(C(=O)C1(CO1)C)NC(=O)C(CC2=CC=CC=C2)NC(=O)C(CC(C)C)NC(=O)C(CCC3=CC=CC=C3)NC(=O)CN4CCOCC4
D02431,[Cl-].[Cl-].[Ca+2]
D02432,C(C(F)(F)F)(OC(F)F)Cl
D02433,C1CC(CCC1CN)C(=O)O
D02434,CC1=C(N(N=C1C(=O)NN2CCCCC2)C3=C(C=C(C=C3)Cl)Cl)C4=CC=C(C=C4)Cl
D02435,C1=CC=C(C=C1)CC(C(=O)O)N
D02436,CCNC1CN(S(=O)(=O)C2=C1C=C(S2)S(=O)(=O)N)CCCOC
D02437,C1=CC=C(C=C1)C2=C(OC(=N2)CCC(=O)O)C3=CC=CC=C3
D02438,C1CC(NC1)C(=O)O
D02439,C1CN(CCC1OC(C2=CC=C(C=C2)Cl)C3=CC=CC=N3)CCCC(=O)O
D02440,C(C(F)(F)F)(Cl)Br
D02441,CCCC1CC(N(C1)C)C(=O)NC(C2C(C(C(C(O2)SC)O)O)O)C(C)O
D02442,C(CC(C(=O)O)N)CN
D02443,CN1C(NC2=CC(=C(C=C2S1(=O)=O)S(=O)(=O)N)Cl)CCl
D02444,C[N+](C)(C)CCO.C1=CC=C(C(=C1)C(=O)O)[O-].C1=CC=C(C(=C1)C(=O)O)[O-].C1=CC=C(C(=C1)C(=O)O)[O-].[Mg+2]
D02445,CN1CCC2=C(C1)C(C3=CC=CC=C23)C4=CC=CC=C4
D02446,C[N+]1=CC=CC=C1C=NO
D02447,CC1=NN=C2N1C3=C(C=C(C=C3)Cl)C(=NC2)C4=CC=CC=C4Cl
D02448,CC1=C(C2=C(CCC(O2)(C)CCCC(C)CCCC(C)CCCC(C)C)C(=C1O)C)C
D02449,CC(=O)NC(CS)C(=O)O
D02450,CC1=C(N=C(N=C1N)C(CC(=O)N)NCC(C(=O)N)N)C(=O)NC(C(C2=CN=CN2)OC3C(C(C(C(O3)CO)O)O)OC4C(C(C(C(O4)CO)O)OC(=O)N)O)C(=O)NC(C)C(C(C)C(=O)NC(C(C)O)C(=O)NCCC5=NC(=CS5)C6=NC(=CS6)C(=O)NCCC[S+](C)C)O
D02451,C1CN(CCN1)C2=NC3=CC=CC=C3OC4=C2C=C(C=C4)Cl
D02452,CN1CCC23C4C1CC5=C2C(=C(C=C5)O)OC3C(=O)CC4
D02453,CCCN(CCC)S(=O)(=O)C1=CC=C(C=C1)C(=O)O
D02454,C1=CC(=C2C(=C1NCCNCCO)C(=O)C3=C(C=CC(=C3C2=O)O)O)NCCNCCO
D02455,C(C(=O)O)N
D02456,C1=NNC2=C1C(=O)NC=N2
D02457,CCCCCCCN(CC)CCCC(C1=CC=C(C=C1)NS(=O)(=O)C)O
D02458,C1CN=C(N1)CN(CC2=CC=CC=C2)C3=CC=CC=C3
D02459,C1=CC=C2C(=C1)C(=CN2)CC(C(=O)O)N
D02460,C1C(=C(N2C(S1)C(C2=O)NC(=O)C(C3=CC=CC=C3)O)C(=O)O)CSC4=NN=NN4CS(=O)(=O)O
D02461,C(C(C(CO[N+](=O)[O-])O[N+](=O)[O-])O[N+](=O)[O-])O[N+](=O)[O-]
D02462,COC1(C2N(C1=O)C(=C(CS2)COC(=O)N)C(=O)O)NC(=O)CC3=CC=CS3
D02463,CC1=C(C(=O)N2CCCC(C2=N1)O)CCN3CCC(CC3)C4=NOC5=C4C=CC(=C5)F
D02464,CCON=C(C1=NSC(=N1)NP(=O)(O)O)C(=O)NC2C3N(C2=O)C(=C(CS3)SC4=NC(=CS4)C5=CC=[N+](C=C5)C)C(=O)[O-]
D02465,CC1CC2C3CCC4=CC(=O)C=CC4(C3(C(CC2(C1(C(=O)CO)O)C)O)F)C
D02466,CC1=C(C(=CC=C1)NC2=CC=CC=C2C(=O)O)C
D02467,CC1=CC=C(C=C1)C2=C(N3C=C(C=CC3=N2)C)CC(=O)N(C)C
D02468,C1CCCC(CC1)NC(P(=O)(O)O)P(=O)(O)O
D02469,CNCC(C1=CC(=CC=C1)O)O
D02470,C[N+](C)(C)CCO.C1=CC=C(C(=C1)C(=O)O)[O-].C1=CC=C(C(=C1)C(=O)O)[O-].C1=CC=C(C(=C1)C(=O)O)[O-].[Mg+2]
D02471,COC1=C2C(=CC(=C1N3CC4CCCNC4C3)F)C(=O)C(=CN2C5CC5)C(=O)O
D02472,CC12CCC(=O)C=C1CCC3C2(C(CC4(C3CCC4(C)O)C)O)F
D02473,CC(C1=CC2=C(C=C1)C3=C(N2)C=CC(=C3)Cl)C(=O)O
D02474,CC1C2CCC3(C(C2(CCC1O)C)C(CC4C3(CC(C4=C(CCC=C(C)C)C(=O)O)OC(=O)C)C)O)C
D02475,CC(C)NC(=O)C1=CC=C(C=C1)CNNC
D02476,CC1=C(C=C(C=C1)C(=O)NC2=CC(=C(C=C2)CN3CCN(CC3)C)C(F)(F)F)C#CC4=CN=C5N4N=CC=C5
D02477,CCCCN(CCCC)CCC(C1=C2C=CC(=CC2=C3C=C(C=C(C3=C1)Cl)Cl)C(F)(F)F)O
D02478,C(CC(C(=O)O)N)CN
D02479,CC1=CC2=C(C=C1C(=C)C3=CC=C(C=C3)C(=O)O)C(CCC2(C)C)(C)C
D02480,CCOC1=C2C3=C(CC4C5C3(CCN4C)C(O2)C(C=C5)O)C=C1
D02481,CCC1(C(=O)NC(=O)NC1=O)C2=CCCCCC2
D02482,C1CN(CCN1CCOCCO)C2=NC3=CC=CC=C3SC4=CC=CC=C42
D02483,CCC(C)C1C(=O)NC(C(=O)NC(C(=O)NC(CSCCCC(=O)NC(C(=O)N1)CC2=CC=C(C=C2)OC)C(=O)N3CCCC3C(=O)NC(CC(C)C)C(=O)NCC(=O)N)CC(=O)N)CCC(=O)N
D02484,CC[N+](CC)(CCNC(=O)C(=O)NCC[N+](CC)(CC)CC1=CC=CC=C1Cl)CC2=CC=CC=C2Cl
D02485,CCC1(C(=O)NC(=O)NC1=O)C2=CC=CC=C2
D02486,CN1CCC23C=CC(CC2OC4=C(C=CC(=C34)C1)OC)O
D02487,CC(C)[N+](C)(CCOC(=O)C1C2=CC=CC=C2OC3=CC=CC=C13)C(C)C
D02488,CC1=C(C(=O)N2CCCCC2=N1)CCN3CCC(CC3)C4=NOC5=C4C=CC(=C5)F
D02489,C1CN2CCC1C(C2)OC(=O)N3CCC4=CC=CC=C4C3C5=CC=CC=C5
D02490,CN=C1CN(C(=C2C=C(C=CC2=N1)Cl)C3=CC=CC=C3)O
D02491,CC12CCC3C(C1CCC2O)CCC4=C3C=CC(=C4)OC(=O)N(CCCl)CCCl
D02492,CNC(=O)C1=NC=CC(=C1)OC2=CC(=C(C=C2)NC(=O)NC3=CC(=C(C=C3)Cl)C(F)(F)F)F
D02493,C1=CC(=C(C=C1C(C(C(=O)O)N)O)O)O
D02494,C1=CC=C2C(=C1)C=NN=C2NN
D02495,COC(=O)C1C(CCC2C1CC3C4=C(CCN3C2)C5=CC=CC=C5N4)O
D02496,CC(C1CCC(C(O1)OC2C(CC(C(C2O)OC3C(C(C(CO3)(C)O)NC)O)N)N)N)NC
D02497,CCCC1OC2CC3C4CCC5=CC(=O)C=CC5(C4C(CC3(C2(O1)C(=O)CO)C)O)C
D02498,C1=CC=C(C=C1)C2=CC=C(C=C2)C(C3=CC=CC=C3)N4C=CN=C4
D02499,CS(=O)(=O)C1=CC(=C(C=C1)C(=O)NC2=CC(=C(C=C2)Cl)C3=CC=CC=N3)Cl
D02500,CC(C)CC1C(=O)N2CCCC2C3(N1C(=O)C(O3)(C(C)C)NC(=O)C4CN(C5CC6=C(NC7=CC=CC(=C67)C5=C4)Br)C)O
D02501,CC12CCC3C(C1CCC2O)CCC4=C3C=CC(=C4)OC(=O)N(CCCl)CCCl
D02502,CC(CN1C2=CC=CC=C2CCC3=CC=CC=C31)CN(C)C
D02503,CC1=NN=C(S1)NS(=O)(=O)C2=CC=C(C=C2)N
D02504,CN1CCN(CC1)C(C2=CC=CC=C2)C3=CC=CC=C3
D02505,CC1(C(N2C(S1(=O)=O)CC2=O)C(=O)O)CN3C=CN=N3
D02506,CC(C)C(CCCN(C)CCC1=CC(=C(C=C1)OC)OC)(C#N)C2=CC(=C(C=C2)OC)OC
D02507,CCCCCCCCCCCC(CC1C(C(=O)O1)CCCCCC)OC(=O)C(CC(C)C)NC=O
D02508,CC(C)(C)NCC(=O)NC1=CC(=C2CC3CC4C(C(=O)C(=C(C4(C(=O)C3=C(C2=C1O)O)O)O)C(=O)N)N(C)C)N(C)C
D02509,CC(C(=O)NCC(=O)O)SC(=O)C1=CC=CS1
D02510,CC1=C(C(CCC1)(C)C)C=CC(=CC=CC(=CC(=O)O)C)C
D02511,CCC(=O)C1(CCN(CC1)C)C2=CC(=CC=C2)O
D02512,CC(C)C1=C(C(=CC=C1)C(C)C)O
D02513,CCN1C2=CC3=C(C=C2C(=O)C(=N1)C(=O)O)OCO3
D02514,CC(C)NCC(COC1=CC=CC2=CC=CC=C21)O
D02515,CC(=O)NC1=CC=C(C=C1)O
D02516,CC1=CC2C(CCC3(C2CCC3(C(=O)C)OC(=O)C)C)C4(C1=CC(=O)CC4)C
D02517,C1CC[N+]2(C1)C3CCC2CC(C3)OC(=O)C(C4=CC=CC=C4)(C5=CC=CC=C5)O
D02518,CC(CNC1CCCCC1)OC(=O)C2=CC=CC=C2
D02519,CC1=C(C(CCC1)(C)C)C=CC(=CC=CC(=CC(=O)O)C)C
D02520,COC1=CC(=C(C=C1)OC)C(CNC(=O)CN)O
D02521,CC(C(C1=CC=C(C=C1)O)O)NCCC2=CC=C(C=C2)O
D02522,CNCCC=C1C2=CC=CC=C2CCC3=CC=CC=C31
D02523,CC1(C2CCC(C2)C1(C)NC)C
D02524,CN(C)CCC=C1C2=CC=CC=C2COC3=CC=CC=C31
D02525,CC1(CC(=O)N(C1=O)C)C2=CC=CC=C2
D02526,C1CN2C(=CC=C2C(=O)C3=CC=CC=C3)C1C(=O)O
D02527,CN1C2=C(C(=O)N(C1=O)C)NC(=N2)Cl.CN(C)CCOC(C1=CC=CC=C1)C2=CC=CC=C2
D02528,C1CNCC(C1C2=CC=C(C=C2)F)COC3=CC4=C(C=C3)OCO4
D02529,C1=CC=C(C=C1)C2=CC=C(C=C2)C(C3=CC=CC=C3)N4C=CN=C4
D02530,C(CCCC(=O)O)CCCC(=O)O
D02531,CC(C)(C)C(=O)OC1=C(C=C(C=C1)C(CNC)O)OC(=O)C(C)(C)C
D02532,CCCCCCCCCCCCCCCCCC(=O)O[Al].O.O
D02533,CC(C)NCC(COC1=CC=C(C=C1)COCCOC(C)C)O
D02534,CNS(=O)(=O)CCC1=CC2=C(C=C1)NC=C2C3CCN(CC3)C
D02535,C1COC2(N1CC(=O)NC3=C2C=C(C=C3)Cl)C4=CC=CC=C4Cl
D02536,CC(C)(C)C#CC=CCN(C)CC1=CC=CC2=CC=CC=C21
D02537,CN1CCCC(C1)CC2C3=CC=CC=C3SC4=CC=CC=C24
D02538,C1CCC(CC1)N2C(=NN=N2)CCCCOC3=CC4=C(C=C3)NC(=O)CC4
D02539,C1=CC(=CC=C1CC(C(=O)O)N)O
D02540,C1CC(NC1)C(=O)O
D02541,CN1C2=C(C(=O)N(C1=O)C)NC=N2.CN1C2=C(C(=O)N(C1=O)C)NC=N2.C(CN)N
D02542,COC(=O)CCC(=O)CN
D02543,CC(C(C1=CC=CC=C1)O)NC
D02544,CN1CCN(CC1)C2=NC3=CC=CC=C3OC4=C2C=C(C=C4)Cl
D02545,CCC(C)C1C(=O)NC(C(=O)NC(C(=O)NC(CSCCCC(=O)NC(C(=O)N1)CC2=CC=C(C=C2)OC)C(=O)N3CCCC3C(=O)NC(CC(C)C)C(=O)NCC(=O)N)CC(=O)N)CCC(=O)N
D02546,CCC(=C(C1=CC=CC=C1)C2=CC=C(C=C2)OCCN(C)C)C3=CC=CC=C3
D02547,C1=CC(=CC=C1C(=O)NCCC(=O)O)N=NC2=CC(=C(C=C2)O)C(=O)O
D02548,C1=CC(=CN=C1)CC(O)(P(=O)(O)O)P(=O)(O)O
D02549,C1=CC(=C(C=C1N=NC2=CC(=C(C=C2)O)C(=O)O)C(=O)O)O
D02550,C1=NC(=C2C(=N1)N(C=N2)C3C(C(C(O3)CO)O)O)N
D02551,CCOC1=C(C=CC(=C1)CC(=O)NC(CC(C)C)C2=CC=CC=C2N3CCCCC3)C(=O)O
D02552,C1=CN=C(N=C1)NS(=O)(=O)C2=CC=C(C=C2)N
D02553,C1=CC2=C(C=C1O)C(=CN2)CC(C(=O)O)N
D02554,C(OC(C(F)(F)F)C(F)(F)F)F
D02555,CC12CCC3C(C1CCC2(C#C)O)CCC4=CC(=O)CCC34
D02556,CN1CCC23CCCCC2C1CC4=C3C=C(C=C4)OC
D02557,C1CN2CCC1C(C2)CN3C4=CC=CC=C4SC5=CC=CC=C53
D02558,CC1=C(C(C(=C(N1)C)C(=O)OC(C)C)C2=CC(=CC=C2)[N+](=O)[O-])C(=O)OCCOC
D02559,CS(=O)(=O)C1=CC(=C(C=C1)C(=O)NC2=CC(=C(C=C2)Cl)C3=CC=CC=N3)Cl
D02560,C(CC(C(=O)O)N)CNC(=O)N
D02561,CCN(CC)C(C)C(=O)C1=CC=CC=C1
D02562,CC1C2C(C(=O)N2C(=C1SC3CC(NC3)C(=O)NC4=CC=CC(=C4)C(=O)O)C(=O)O)C(C)O
D02563,CCCC(C)(COC(=O)N)COC(=O)NC(C)C
D02564,CN1CCC2=C3C1CC4=C(C3=CC=C2)C(=C(C=C4)O)O
D02565,CON=C(C1=CSC(=N1)N)C(=O)NC2C3N(C2=O)C(=CCS3)C(=O)O
D02566,CCOC(=O)C1=C(NC(=C(C1C2=CC(=CC=C2)[N+](=O)[O-])C(=O)OC)C)C
D02567,[N+](=O)([O-])[O-].[N+](=O)([O-])[O-].[N+](=O)([O-])[O-].[Ga+3]
D02568,CCCC1=C2C(=CC3=C1OC(=CC3=O)C(=O)O)C(=O)C=C(N2CC)C(=O)O
D02569,C[N+]1(CCC23C4C(=O)CCC2(C1CC5=C3C(=C(C=C5)O)O4)O)CC6CC6
D02570,CC1=CC2=C(S1)NC3=CC=CC=C3N=C2N4CCN(CC4)C
D02571,C(C(C(=O)O)S)(C(=O)O)S
D02572,C1=CC=C(C(=C1)CC(=O)O)NC2=C(C=CC=C2Cl)Cl
D02573,CCCCC1=C(C2=CC=CC=C2O1)C(=O)C3=CC(=C(C(=C3)I)OCCN(CC)CC)I
D02574,C1CN(CCN1)C2=NC3=CC=CC=C3OC4=C2C=C(C=C4)Cl
D02575,CC(=O)C1=CC(=C(C=C1)OCCCN2CCC(CC2)C3=NOC4=C3C=CC(=C4)F)OC
D02576,CC1=C(C=C(C=C1)NC(=O)C2=CC=C(C=C2)CN3CCN(CC3)C)NC4=NC=CC(=N4)C5=CN=CC=C5
D02577,CCOC(=O)N1CCC(=C2C3=C(CCC4=C2N=CC=C4)C=C(C=C3)Cl)CC1
D02578,CN1CCC(=C2C3=CC=CC=C3C=CC4=CC=CC=C42)CC1
D02579,C1C(C(C(C(C1N)OC2C(C(C(C(O2)CN)O)O)O)O)OC3C(C(C(C(O3)CO)O)N)O)N
D02580,CC(CC1=CC=CC=C1)N
D02581,CC1=C(N2C(C(C2=O)NC(=O)C(C3=CC=CC=C3)N)SC1)C(=O)O
D02582,CNCCCC12CCC(C3=CC=CC=C31)C4=CC=CC=C24
D02583,CC(C)(C)NCC(COC1=CC=CC2=C1CCCC2=O)O
D02584,CCCNC1CCC2=C(C1)SC(=N2)N
D02585,CC(C)CN1C=NC2=C1C3=CC=CC=C3N=C2N
D02586,CNC(=O)C1=NC=CC(=C1)OC2=CC(=C(C=C2)NC(=O)NC3=CC(=C(C=C3)Cl)C(F)(F)F)F
D02587,CCCCCC(C)(C=CC1C(CC(C1CC=CCCCC(=O)[O-])O)O)O.C(C(CO)(CO)[NH3+])O
D02588,CC12CCC3C(C1CCC2O)CCC45C3(CC(=C(C4O5)O)C#N)C
D02589,CCOC(=O)C1=C(NC(=C(C1C2=CC=CC=C2Cl)C(=O)OC)C)COCCN
D02590,C(CC(=O)O)C(=O)O
D02591,CCC1C2CC3C4C5(CC(C2C5O)N3C1O)C6=CC=CC=C6N4C
D02592,CC(=O)NC1=NN=C(S1)S(=O)(=O)N
D02593,C[N+]1(C2CCC1CC(C2)OC(=O)C(C3=CC=CC=C3)O)C.[Br-]
D02594,CN1CCN(CC1)C(=O)OC2C3=NC=CN=C3C(=O)N2C4=NC=C(C=C4)Cl
D02595,C1CN(CCC1(C2=CC=C(C=C2)Cl)O)CCCC(=O)C3=CC=C(C=C3)F
D02596,CN(C)CC1=NN=C2N1C3=C(C=C(C=C3)Cl)C(=NC2)C4=CC=CC=C4
D02597,CCN(CC)C(=O)C1(CC1CN)C2=CC=CC=C2
D02598,CC(C(C1=CC=CC=C1)O)NC
D02599,C[N+](C)(C)CCCCCCCCCC[N+](C)(C)C
D02600,C1CC(NC1)C(=O)O
D02601,CN1CCC2=C3C1CC4=C(C3=CC=C2)C(=C(C=C4)O)O
D02602,C1C(NC2=C(N1)N=C(NC2=O)N)CNC3=CC=C(C=C3)C(=O)NC(CCC(=O)O)C(=O)O
D02603,COC1=C(C=C(C=C1)CNC2=NC(=NC=C2C(=O)NCC3=NC=CC=N3)N4CCCC4CO)Cl
D02604,CN(C)CCC=C1C2=CC=CC=C2SC3=C1C=C(C=C3)Cl
D02605,CCCCCCCCCCCCOCCOCCOCCOCCOCCOCCOCCOCCOCCO
D02606,CCN(CC)CC#CCOC(=O)C(C1CCCCC1)(C2=CC=CC=C2)O
D02607,C1=CC(=CC=C1C=CC2=C(C=C(C=C2)C(=N)N)O)C(=N)N.C(CS(=O)(=O)O)O.C(CS(=O)(=O)O)O
D02608,CCC(C)C1(C(=O)NC(=O)NC1=O)CC=C
D02609,C1=CC(=CC=C1C#N)C(C2=CC=C(C=C2)C#N)N3C=NC=N3
D02610,C1=CC=C(C=C1)N2C(=CC=N2)NS(=O)(=O)C3=CC=C(C=C3)N
D02611,C1CCN(CC1)C2(CCN(CC2)CCCN3C4=CC=CC=C4CCC5=C3C=C(C=C5)Cl)C(=O)N
D02612,CN1CCN(CC1)C2=NC3=C(C=CC(=C3)Cl)NC4=CC=CC=C42
D02613,CC(C)(C)NCC(COC1=NSN=C1N2CCOCC2)O
D02614,CC(CN1C2=CC=CC=C2CCC3=CC=CC=C31)CN(C)C
D02615,CN(C)CCC=C1C2=CC=CC=C2COC3=C1C=C(C=C3)CC(=O)O
D02616,CC1=CC=CC=C1OC(CCNC)C2=CC=CC=C2
D02617,CN1C(=C2C(=NC=N2)N(C1=O)C)[O-].C[N+](C)(C)CCO
D02618,CC1=CC2=C(C=C1C)N(C3=NC(=O)NC(=O)C3=N2)CC(C(C(COP(=O)(O)OP(=O)(O)OCC4C(C(C(O4)N5C=NC6=C(N=CN=C65)N)O)O)O)O)O
D02619,CCN1C=C(C(=O)C2=CC(=C(C(=C21)F)N3CCNC(C3)C)F)C(=O)O
D02620,CC(=O)OC1CC2CCC3C(C2(CC1[N+]4(CCCCC4)C)C)CCC5(C3CC(C5OC(=O)C)[N+]6(CCCCC6)C)C
D02621,CCC(CC1=C(C(=C(C=C1I)I)N)I)C(=O)O
D02622,C1C(=S)N(C2=C(C=C(C=C2)Cl)C(=N1)C3=CC=CC=C3F)CC(F)(F)F
D02623,C1CN(CCC1C2=CN(C3=C2C=C(C=C3)Cl)C4=CC=C(C=C4)F)CCN5CCNC5=O
D02624,CC(C)(C)NCC(COC1=CC=CC2=C1CC(C(C2)O)O)O
D02625,C1=CC(=CC=C1C(=O)NC(CCC(=O)O)C(=O)O)NCC2=CN=C3C(=N2)C(=O)NC(=N3)N
D02626,C1C(=O)NC2=C(C=C(C=C2)[N+](=O)[O-])C(=N1)C3=CC=CC=C3
D02627,CNC1(CCCCC1=O)C2=CC=CC=C2Cl
D02628,CC1=C(C(C(=C(N1)C)C(=O)OCCN(C)CC2=CC=CC=C2)C3=CC(=CC=C3)[N+](=O)[O-])C(=O)OC
D02629,CC(C)(C)NCC(C1=NC(=C(C=C1)O)CO)O
D02630,CC1=C(C=C(C=C1)C(=O)NC2=CC(=CC(=C2)C(F)(F)F)N3C=C(N=C3)C)NC4=NC=CC(=N4)C5=CN=CC=C5
D02631,CCCCNC(=O)NS(=O)(=O)C1=CC=C(C=C1)C
D02632,CN1CCN(CC1)C2=NC3=C(C=CC(=C3)Cl)NC4=CC=CC=C42
D02633,CCCNCC(COC1=CC=CC=C1C(=O)CCC2=CC=CC=C2)O
D02634,CN1CCN(CC1)C2=NC3=C(C=CC(=C3)Cl)NC4=CC=CC=C42
D02635,C1C2C3=CC=CC=C3CC4=CC=CC=C4N2C(=N1)N
D02636,C1=NC2=C(N=C(N=C2N1C3C(C(C(O3)CO)O)O)F)N
D02637,C1CC(N(C1)C(=O)C2CSSCC(C(=O)NC(C(=O)NC(C(=O)NC(C(=O)NC(C(=O)N2)CC(=O)N)CCC(=O)N)CC3=CC=CC=C3)CC4=CC=CC=C4)N)C(=O)NC(CCCCN)C(=O)NCC(=O)N
D02638,C(CCC(=O)O)CCN
D02639,CC(=O)OCC1=C(N2C(C(C2=O)NC(=O)C(=NOC)C3=CSC(=N3)N)SC1)C(=O)O
D02640,CN1CCN(CC1)C2=NC3=C(C=CC(=C3)Cl)NC4=CC=CC=C42
D02641,C1=CC2=C(C=CC(=C2N=C1)O)[N+](=O)[O-]
D02642,CN(C)S(=O)(=O)C1=CC2=C(C=C1)SC3=CC=CC=C3N2CCCN4CCC(CC4)CCO
D02643,CCN(CC)CCS(=O)(=O)C1CCN2C1C(=O)OC(C(C=CC(=O)NCC=CC(=CC(CC(=O)CC3=NC(=CO3)C2=O)O)C)C)C(C)C
D02644,CC(CO)NC(=O)C1CN(C2CC3=CNC4=CC=CC(=C34)C2=C1)C
D02645,C1CC(C(OC1CN)OC2C(CC(C(C2O)OC3C(C(C(C(O3)CO)O)N)O)NC(=O)C(CCN)O)N)N
D02646,CC(=O)OCC1=C(N2C(C(C2=O)NC(=O)CSC3=CC=NC=C3)SC1)C(=O)O
D02647,C(C1C(C(C(C(O1)OC2(C(C(C(O2)COS(=O)(=O)O[Al])OS(=O)(=O)O[Al])OS(=O)(=O)O[Al])COS(=O)(=O)O[Al])OS(=O)(=O)O[Al])OS(=O)(=O)O[Al])OS(=O)(=O)O[Al])OS(=O)(=O)O[Al].O.O.O.O.O.O.O.O.O.O.O.O.O.O.O.O.O.O.O.O.[Al]
D02648,CC1=C(C(CCC1)(C)C)C=CC(=CC=CC(=CC(=O)O)C)C
D02649,CCCC1=NC(=C(N1CC2=CC=C(C=C2)C3=CC=CC=C3C4=NNN=N4)C(=O)O)C(C)(C)O
D02650,CC1=CC=CC=C1C(C2=CC=CC=C2)OCCN(C)C
D02651,CC(C)(C)C1=CC(=CC(=C1O)C(C)(C)C)SC(C)(C)SC2=CC(=C(C(=C2)C(C)(C)C)O)C(C)(C)C
D02652,C1CCC(CC1)C(CC2CCCCN2)C3CCCCC3
D02653,CN1CCN(CC1)C2=NC3=C(C=CC(=C3)Cl)NC4=CC=CC=C42
D02654,C#CC1(CCCCC1)OC(=O)N
D02655,CC(=O)OCC(=O)C12C(CC3C1(CC(C4(C3CCC5=CC(=O)C=CC54C)F)O)C)OC6(O2)CCCC6
D02656,C(C(CS)S)O
D02657,CC(C(=O)[O-])O.[NH4+]
D02658,C(CC(=O)O)C(=O)O
D02659,C1C2=C(C=CC(=C2Cl)Cl)N=C3N1CC(=O)N3
D02660,C1CCC2CN(CC2C1)C(=O)CC(CC3=CC=CC=C3)C(=O)O
D02661,CC(C1=CC(=CC(=C1)C(F)(F)F)C(F)(F)F)OC2C(N(CCO2)CC3=NN(C(=O)N3)P(=O)(O)O)C4=CC=C(C=C4)F
D02662,C1=C2C(=CC(=C1Cl)S(=O)(=O)N)S(=O)(=O)N=CN2
D02663,CC(=O)NCCCS(=O)(=O)O
D02664,CCCCC1=C(C2=CC=CC=C2O1)C(=O)C3=CC(=C(C(=C3)I)OCCN(CC)CC)I
D02665,C1=CC(=CC=C1NCS(=O)O)S(=O)(=O)C2=CC=C(C=C2)NCS(=O)O
D02666,CN(C)CC(C1=CC=C(C=C1)OC)C2(CCCCC2)O
D02667,CC(=O)OC1CC2CCC3C(C2(CC1N4CC[N+](CC4)(C)C)C)CCC5(C3CC(C5OC(=O)C)N6CC[N+](CC6)(C)C)C
D02668,CC1=C(C(=O)N2CCCCC2=N1)CCN3CCC(CC3)C4=NOC5=C4C=CC(=C5)F
D02669,C1C2CC(C1C=C2)C3NC4=CC(=C(C=C4S(=O)(=O)N3)S(=O)(=O)N)Cl
D02670,C1CC(=O)NC2=C1C=CC(=C2)OCCCCN3CCN(CC3)C4=C(C(=CC=C4)Cl)Cl
D02671,CCCCCOC(=O)NC1=NC(=O)N(C=C1F)C2C(C(C(O2)C)O)O
D02672,CN(C)CCC=C1C2=CC=CC=C2CCC3=CC=CC=C31
D02673,CC1CCC(C(C1)O)C(C)C
D02674,CC(C)CC1(C(=O)NC(=O)NC1=O)CC=C
D02675,COCC1=C(N2C(C(C2=O)NC(=O)C(=NOC)C3=CSC(=N3)N)SC1)C(=O)O
D02676,"CN1C2CCC1C(C(C2)OC(=O)C3=CC=CC=C3)C(=O)OC
CCCCNC(=O)C1=CC=C(C=C1)N2CCOCC2"
D02677,CNCCC(C1=CC=CS1)OC2=CC=CC3=CC=CC=C32
D02678,CN(C)CCC=C1C2=CC=CC=C2CCC3=CC=CC=C31
D02679,CC(=O)N(CCCCCNC(=O)CCC(=O)N(CCCCCNC(=O)CCC(=O)N(CCCCCN)O)O)O
D02680,C(C(=O)O)N
D02681,CC12CC(C3(C(C1CC(C2(C(=O)CO)O)O)CCC4=CC(=O)C=CC43C)F)O
D02682,CC1CC2C3CCC4=CC(=O)C=CC4(C3(C(CC2(C1(C(=O)CO)O)C)O)F)C
D02683,CC1=C(OC(=N1)NS(=O)(=O)C2=CC=C(C=C2)N)C
D02684,CC1(C2C1C(N(C2)C(=O)C(C(C)(C)C)NC(=O)NC(C)(C)C)C(=O)NC(CC3CCC3)C(=O)C(=O)N)C
D02685,CC(C)OC(=O)OCOP(=O)(COC(C)CN1C=NC2=C(N=CN=C21)N)OCOC(=O)OC(C)C
D02686,CC1=CN(C(=O)NC1=O)C2C=CC(O2)CO
D02687,CC(C)(C1=CN=CC=C1)C(=O)C2=CN=CC=C2
D02688,CCN(CC)CCOC(=O)C1=CC=C(C=C1)N
D02689,[K+].[I-]
D02690,CN(C)CCC=C1C2=CC=CC=C2COC3=CC=CC=C31
D02691,CC1=CC(=O)N2CC(=O)N(C3=C(C2(O1)C4=CC=CC=C4)C=C(C=C3)Cl)C
D02692,CCN1CCCC1CNC(=O)C2=C(C=CC(=C2OC)Br)OC
D02693,CCOC(=O)C1(CCN(CC1)CCC2=CC=C(C=C2)N)C3=CC=CC=C3
D02694,C1C(=C(N2C(S1)C(C2=O)NC(=O)C(C3=CC=CC=C3)O)C(=O)O)CSC4=NN=NN4CS(=O)(=O)O
D02695,CC1=C(C=CN=C1CS(=O)C2=NC3=CC=CC=C3N2)OCC(F)(F)F
D02696,CCC=CCC=CCC=CCC=CCC=CCCCC(=O)O
D02697,CC=C(C1=CC=C(C=C1)O)C(=CC)C2=CC=C(C=C2)O
D02698,CC1=C(C(C(=C(N1)C)C(=O)OC(C)C)C2=CC(=CC=C2)[N+](=O)[O-])C(=O)OCCOC
D02699,CC(C)CN(CC(C(CC1=CC=CC=C1)NC(=O)OC2COC3C2CCO3)O)S(=O)(=O)C4=CC=C(C=C4)N
D02700,CC1(C(=O)N2C(C(=O)N3CCCC3C2(O1)O)CC4=CC=CC=C4)NC(=O)C5CC6C(CC7=CNC8=CC=CC6=C78)N(C5)C
D02701,CC1C(C(CC(O1)OC2CC(CC3=C2C(=C4C(=C3O)C(=O)C5=C(C4=O)C(=CC=C5)OC)O)(C(=O)CO)O)N)O
D02702,C1C2C3=CC=CC=C3CC4=CC=CC=C4N2C(=N1)N
D02703,CC(C)(C)NCC(COC1=NSN=C1N2CCOCC2)O
D02704,COC1=C(N=CN=C1OC)NS(=O)(=O)C2=CC=C(C=C2)N
D02705,CC1=CC2=C(C=C1C)N(C=N2)C3C(C(C(O3)CO)OP(=O)([O-])OC(C)CNC(=O)CCC4(C(C5C6(C(C(C(=C(C7=NC(=CC8=NC(=C(C4=N5)C)C(C8(C)C)CCC(=O)N)C(C7(C)CC(=O)N)CCC(=O)N)C)[N-]6)CCC(=O)N)(C)CC(=O)N)C)CC(=O)N)C)O.[C-]#N.[Co+3]
D02706,CCC1C2(C(C(C(=O)C(CC(C(C(C(=O)C(C(=O)O1)C)C)OC3C(C(CC(O3)C)N(C)C)O)(C)OC)C)C)N(C(=O)O2)CCCCN4C=C(N=C4)C5=CN=CC=C5)C
D02707,CCC(=O)OC1(C(CC2C1(CC(C3(C2CC(C4=CC(=O)C=CC43C)F)F)O)C)C)C(=O)SCF
D02708,C(C(C1C(=C(C(=O)O1)O)O)O)O
D02709,CCN1C=C(C(=O)C2=CC(=C(N=C21)N3CCNCC3)F)C(=O)O
D02710,CNCCC=C1C2=CC=CC=C2CCC3=CC=CC=C31
D02711,CC(C)(C)OC(=O)NCCC(=O)NC(CC1=CNC2=CC=CC=C21)C(=O)NC(CCSC)C(=O)NC(CC(=O)O)C(=O)NC(CC3=CC=CC=C3)C(=O)N
D02712,CCCC(C)C1(C(=O)NC(=O)NC1=O)CC
D02713,CC(C)(C)C1=CC(=C(C=C1NC(=O)C2=CNC3=CC=CC=C3C2=O)O)C(C)(C)C
D02714,C(P(=O)(O)O)(P(=O)(O)O)(Cl)Cl
D02715,CCC(C)C1C(=O)NC(C(=O)NC(C(=O)NC(C(=O)NC(C(=O)NCCCCC(C(=O)NC(C(=O)N1)CCCN)NC(=O)C(C(C)CC)NC(=O)C(CCC(=O)O)NC(=O)C(CC(C)C)NC(=O)C2CSC(=N2)C(C(C)CC)N)CC(=O)N)CC(=O)O)CC3=CN=CN3)CC4=CC=CC=C4
D02716,CC1(OC2COC3(C(C2O1)OC(O3)(C)C)COS(=O)(=O)N)C
D02717,CC(C(C1=CC=C(C=C1)O)O)N2CCC(CC2)CC3=CC=CC=C3
D02718,CCC(C)C1C(=O)NC(C(=O)NC(C(=O)NC(CSCCCC(=O)NC(C(=O)N1)CC2=CC=C(C=C2)OC)C(=O)N3CCCC3C(=O)NC(CC(C)C)C(=O)NCC(=O)N)CC(=O)N)CCC(=O)N
D02719,CC(C1=C(C=CC(=C1Cl)F)Cl)OC2=C(N=CC(=C2)C3=CN(N=C3)C4CCNCC4)N
D02720,C1CN(CCN1CCOCCO)C2=NC3=CC=CC=C3SC4=CC=CC=C42
D02721,CCCC1=NC(=C(N1CC2=CC=C(C=C2)C3=CC=CC=C3C4=NNN=N4)C(=O)O)C(C)(C)O
D02722,CN(C)CC(C1=CC=C(C=C1)OC)C2(CCCCC2)O
D02723,C1=CC(=CC=C1CCCCNCC(C2=CC(=C(C=C2)O)O)O)O
D02724,CN1CCC(=C2C3=CC=CC=C3C=CC4=CC=CC=C42)CC1
D02725,CC1CC2C3CCC4=CC(=O)C=CC4(C3(C(CC2(C1C(=O)CO)C)O)F)C
D02726,C1CN(CCN1)C2=NC3=CC=CC=C3OC4=C2C=C(C=C4)Cl
D02727,CC1=C(C(C(=C(N1)C)C(=O)OC(C)C)C2=CC=CC3=NON=C32)C(=O)OC
D02728,C(C(OC(F)F)(F)F)(F)Cl
D02729,CC1CC2CCC3C(=C)CC(O3)CCC45CC6C(O4)C7C(O6)C(O5)C8C(O7)CCC(O8)CC(=O)CC9C(CC(C1=C)O2)OC(C9OC)CC(CN)O
D02730,CC1=CC(=NN=C1NCCN2CCOCC2)C3=CC=CC=C3
D02731,C1=CC(=CC=C1C(=O)NCCC(=O)O)N=NC2=CC(=C(C=C2)O)C(=O)O
D02732,CCC1(C(=O)NC(=O)NC1=O)CCC(C)C
D02733,C1=CC(=C(C(=C1)Cl)C=NN=C(N)N)Cl
D02734,CN1C=NC2=C1C(=O)N(C(=O)N2C)C
D02735,COC(=O)C(CC1=CC=CC=C1)NC(=O)C(CC(=O)O)N
D02736,CCOC(=O)C(CCC1=CC=CC=C1)NC2CCCN3CCCC(N3C2=O)C(=O)O
D02737,CC1=CC=CC=C1S(=O)(=O)NC(=O)C2=CC(=C(C=C2)CC3=CN(C4=C3C=C(C=C4)NC(=O)OC5CCCC5)C)OC
D02738,C[N+]1(CCC2=CC(=C(C=C2C1CC3=CC(=C(C=C3)OC)OC)OC)OC)CCC(=O)OCCCCCOC(=O)CC[N+]4(CCC5=CC(=C(C=C5C4CC6=CC(=C(C=C6)OC)OC)OC)OC)C.C1=CC=C(C=C1)S(=O)(=O)[O-].C1=CC=C(C=C1)S(=O)(=O)[O-]
D02739,C1=NC2=C(N1COCCO)N=C(NC2=O)N
D02740,CN(C)CC1=NN=C2N1C3=C(C=C(C=C3)Cl)C(=NC2)C4=CC=CC=C4
D02741,[OH-].[OH-].[OH-].[Al+3]
D02742,CC(=O)C1=CC(=C(C=C1)OCCCN2CCC(CC2)C3=NOC4=C3C=CC(=C4)F)OC
D02743,CC1C=CC=C(C(=O)N=C2C(=C3C(=C4C2=NC5(N4)CCN(CC5)CC(C)C)C6=C(C(=C3O)C)OC(C6=O)(OC=CC(C(C(C(C(C(C1O)C)O)C)OC(=O)C)C)OC)C)O)C
D02744,C1C(C(C(C(N1CCO)CO)O)O)O
D02745,CN(C)CCOC1=CC=C(C=C1)C(=C(CCCl)C2=CC=CC=C2)C3=CC=CC=C3
D02746,CC1=CC2=C(C=C1C)N(C3=NC(=O)NC(=O)C3=N2)CC(C(C(COP(=O)(O)OP(=O)(O)OCC4C(C(C(O4)N5C=NC6=C(N=CN=C65)N)O)O)O)O)O
D02747,CCN(CC)C(=O)C1(CC1CN)C2=CC=CC=C2
D02748,CNC1(CCCCC1=O)C2=CC=CC=C2Cl
D02749,CC1=C(C(=O)N2CCCC(C2=N1)O)CCN3CCC(CC3)C4=NOC5=C4C=CC(=C5)F
D02750,CC1=CC=C(C=C1)S(=O)(=O)NC(=O)NN2CC3CCCC3C2
D02751,CCN(CC)CCCC(C)NC1=C2C=CC(=CC2=NC=C1)Cl
D02752,C1=CC=C(C=C1)C2=NC3=C(N=C(N=C3N=C2N)N)N
D02753,CC(C)(C(C(=O)O)N)S
D02754,C1=CC=C(C(=C1)C2=NC(C(=O)NC3=C2C=C(C=C3)Cl)O)Cl
D02755,C1=CC(=CC=C1C2C(C(=O)N2C3=CC=C(C=C3)F)CCC(C4=CC=C(C=C4)F)O)O
D02756,COC(=O)C1C(CCC2C1CC3C4=C(CCN3C2)C5=CC=CC=C5N4)O
D02757,C1COC(=O)N1N=CC2=CC=C(O2)[N+](=O)[O-]
D02758,CC(CN1C2=CC=CC=C2SC3=C1C=C(C=C3)OC)CN(C)C
D02759,C1CCC(CC1)N2C(=NN=N2)CCCCOC3=CC4=C(C=C3)NC(=O)CC4
D02760,C1=CC=C(C=C1)C2=NC(C(=O)NC3=C2C=C(C=C3)Cl)O
D02761,CC1CC(CC(C1)(C)C)OC(=O)C(C2=CC=CC=C2)O
D02762,CCCCCCCCC=CCCCCCCCC(=O)O.C(CO)N
D02763,CC1=C2CCC(=O)N(C2=NC(=N1)C)CC3=CC=C(C=C3)C4=CC=CC=C4C5=NNN=N5
D02764,C1C(=O)NC2=C(C=C(C=C2)[N+](=O)[O-])C(=N1)C3=CC=CC=C3
D02765,CN1CCC23C4C1CC5=C2C(=C(C=C5)OC)OC3C(=O)CC4
D02766,C(C(C1C(=C(C(=O)O1)O)O)O)O
D02767,C1=CC=C2C(=C1)C(=O)O[Bi]O2.O
D02768,CCNC(=O)N(CCCN(C)C)C(=O)C1CC2C(CC3=CNC4=CC=CC2=C34)N(C1)CC=C
D02769,C1CCC(CC1)C(=O)N2CC3C4=CC=CC=C4CCN3C(=O)C2
D02770,C1=CC(=CC(=C1)NC2=C(C=CC=N2)C(=O)O)C(F)(F)F
D02771,CC(=O)OC1CC2CCC3C(C2(CC1[N+]4(CCCCC4)C)C)CCC5(C3CC(C5OC(=O)C)[N+]6(CCCCC6)C)C
D02772,C1CN(CCN1CCC=C2C3=CC=CC=C3SC4=C2C=C(C=C4)Cl)CCO
D02773,C(C(F)(F)F)(OC(F)F)F
D02774,C1CC(NC1)C(=O)O
D02775,CCC1C(C2C(C(C(CC(C(C(C(C(C(=O)O1)C)OC3CC(C(C(O3)C)O)(C)OC)C)OC4C(C(CC(O4)C)N(C)C)O)(C)O)C)NC(O2)COCCOC)C)(C)O
D02776,C1CNCC(C2=CC(=C(C(=C21)Cl)O)O)C3=CC=C(C=C3)O
D02777,CC(=O)OCC(=O)C12C(CC3C1(CC(C4(C3CC(C5=CC(=O)C=CC54C)F)F)O)C)OC(O2)(C)C
D02778,CC1=C(C(=O)N2CCCCC2=N1)CCN3CCC(CC3)C4=NOC5=C4C=CC(=C5)F
D02779,CNC1CCC(C2=CC=CC=C12)C3=CC(=C(C=C3)Cl)Cl
D02780,C(C(OC(F)F)(F)F)(F)Cl
D02781,C1=CC(=C(C=C1CCN)O)O
D02782,CC(C)NCC(COC1=CC=CC2=CC=CC=C21)O
D02783,CC12CCC3C(C1CCC2=O)CC(=C)C4=CC(=O)C=CC34C
D02784,CN1C=NC2=C1C(=O)N(C(=O)N2C)C
D02785,CCCCCCCCCCCCOCCOCCOCCOCCOCCOCCOCCOCCOCCO
D02786,C1CC1CN2CCC34C5C(=O)CCC3(C2CC6=C4C(=C(C=C6)O)O5)O
D02787,CC1=C(C2=CC3=NC(=CC4=C(C(=C(N4)C=C5C6(C(C(=CC=C6C(=N5)C=C1N2)C(=O)OC)C(=O)OC)C)C)CCC(=O)OC)C(=C3C)CCC(=O)O)C=C
D02788,C1CN(CCN1CCC2=C(C=C3C(=C2)CC(=O)N3)Cl)C4=NSC5=CC=CC=C54
D02789,CCCCN1CC(C(C(C1CO)O)O)O
D02790,CN1C2=C(C=C(C=C2)Cl)C(=NC(C1=O)O)C3=CC=CC=C3
D02791,CC12CCC3C(C1CCC2(C#C)O)CCC4=CC(=O)CCC34
D02792,CC1=C2C(C(=O)C3(C(CC4C(C3C(C(C2(C)C)(CC1OC(=O)C(C(C5=CC=CC=C5)NC(=O)C6=CC=CC=C6)O)O)OC(=O)C7=CC=CC=C7)(CO4)OC(=O)C)O)C)OC(=O)C
D02793,CC1(C(NC(S1)C(C(=O)NCCCCC(C(=O)O)N)NC(=O)CC2=CC=CC=C2)C(=O)O)C.C(CCN)CC(C(=O)O)N
D02794,CC12CCC3C(C1CCC2O)C(CC4=C3C=CC(=C4)O)CCCCCCCCCS(=O)CCCC(C(F)(F)F)(F)F
D02795,CC1=CN=C(C=N1)C(=O)NCCC2=CC=C(C=C2)S(=O)(=O)NC(=O)NC3CCCCC3
D02796,CC1=C(C=C(C=C1)NC(=O)C2=CC=C(C=C2)CN3CCN(CC3)C)NC4=NC=CC(=N4)C5=CN=CC=C5
D02797,CC1=C(C(=NO1)C2=C(C=CC=C2Cl)Cl)C(=O)NC3C4N(C3=O)C(C(S4)(C)C)C(=O)O
D02798,C(CC(=O)NC(CS)C(=O)NCC(=O)O)C(C(=O)O)N
D02799,C1CCN(CC1)CCOC(C2=CC=CC=C2)C3=CC=C(C=C3)Cl
D02800,C1=CC(=C(C=C1C(C(C(=O)O)N)O)O)O
D02801,CC(=O)NCC1CN(C(=O)O1)C2=CC(=C(C=C2)N3CCOCC3)F
D02802,C1=CC=C2C(=C1)C(=NO2)CS(=O)(=O)N
D02803,C1CCC2C(C1)CC(N2C(=O)C3CC4=CC=CC=C4CN3C(=O)C(CO)NC(=O)C(CC5=CC=CS5)NC(=O)CNC(=O)C6CC(CN6C(=O)C7CCCN7C(=O)C(CCCN=C(N)N)NC(=O)C(CCCN=C(N)N)N)O)C(=O)NC(CCCN=C(N)N)C(=O)O
D02804,CC1CCC(C(C1)O)C(C)C
D02805,CC1=CC(=CC(=C1CC2=NCCN2)C)C(C)(C)C
D02806,CCC(CO)NC(=O)C1CN(C2CC3=CN(C4=CC=CC(=C34)C2=C1)C)C
D02807,COC1=CC2=C(C=CN=C2C=C1)C(C3CC4CCN3CC4C=C)O
D02808,C1=NC(=C2C(=N1)N(C=N2)C3C(C(C(O3)COP(=O)(O)OP(=O)(O)OP(=O)(O)O)O)O)N
D02809,CCN(CC)CC1=C(C=CC(=C1)NC2=C3C=CC(=CC3=NC=C2)Cl)O
D02810,CCCCC1(C(=O)NC(=O)NC1=O)CC
D02811,CN(C)CCC=C1C2=CC=CC=C2COC3=CC=CC=C31
D02812,CC1=C(C(=O)N2CCCCC2=N1)CCN3CCC(CC3)C4=NOC5=C4C=CC(=C5)F
D02813,C1C(C(C(C(C1N)OC2C(C(C(C(O2)CN)O)O)O)O)OC3C(C(C(C(O3)CO)O)N)O)N
D02814,CC1=CC2=C(C=C1C)N(C=N2)C3C(C(C(O3)CO)OP(=O)([O-])OC(C)CNC(=O)CCC4(C(C5C6(C(C(C(=N6)C(=C7C(C(C(=N7)C=C8C(C(C(=N8)C(=C4[N-]5)C)CCC(=O)N)(C)C)CCC(=O)N)(C)CC(=O)N)C)CCC(=O)N)(C)CC(=O)N)C)CC(=O)N)C)O.O.[Co]
D02815,C1=CN(C=C(C1=O)O)CC(C(=O)O)N
D02816,C1=CC(=C(C=C1C(CN)O)O)O
D02817,CC(=O)NC1C(C=C(OC1C(C(CO)O)O)C(=O)O)N=C(N)N
D02818,CN1C(=O)CN=C(C2=C1C=CC(=C2)Cl)C3=CC=CC=C3
D02819,C1=CC=C(C(=C1)C(C2=CC=C(C=C2)Cl)C(Cl)Cl)Cl
D02820,CC(CN1C2=CC=CC=C2SC3=C1C=C(C=C3)OC)CN(C)C
D02821,CCOC(=O)N1CCC(=C2C3=C(CCC4=C2N=CC=C4)C=C(C=C3)Cl)CC1
D02822,CC12CC3CC(C1)(CC(C3)(C2)N)C
D02823,CCC(CO)NC(=O)C1CN(C2CC3=CN(C4=CC=CC(=C34)C2=C1)C)C
D02824,CC1=C(C(C(=C(N1)C)C(=O)OCC(C)C)C2=CC=CC=C2[N+](=O)[O-])C(=O)OC
D02825,CCC1(C(=O)NC(=O)NC1=O)CCC(C)C
D02826,CC(C)C1=C(C=C2C(=C1)CCC3C2(CCCC3(C)C(=O)O)C)S(=O)(=O)O
D02827,COC1=C2C(=CC(=C1N3CC4CCCNC4C3)F)C(=O)C(=CN2C5CC5)C(=O)O
D02828,CCNC1CC(S(=O)(=O)C2=C1C=C(S2)S(=O)(=O)N)C
D02829,COC1=C(C=C2C(=C1)C(=NC(=N2)N3CCN(CC3)C(=O)C4=CC=CO4)N)OC
D02830,CC1=C(C=C(C=C1)NC(=O)C2=CC=C(C=C2)CN3CCN(CC3)C)NC4=NC=CC(=N4)C5=CN=CC=C5
D02831,CCC(=C)C(=O)C1=C(C(=C(C=C1)OCC(=O)O)Cl)Cl
D02832,CC(C)(C#N)C1=CC(=CC(=C1)CN2C=NC=N2)C(C)(C)C#N
D02833,CC1C(C(=O)NC(C(=O)N2CCCC2C(=O)N(CC(=O)N(C(C(=O)O1)C(C)C)C)C)C(C)C)NC(=O)C3=C4C(=C(C=C3)C)OC5=C(C(=O)C(=C(C5=N4)C(=O)NC6C(OC(=O)C(N(C(=O)CN(C(=O)C7CCCN7C(=O)C(NC6=O)C(C)C)C)C)C(C)C)C)N)C
D02834,CNC(=NC)NCC1=CC=CC=C1
D02835,CCCCC1=C(C2=CC=CC=C2O1)C(=O)C3=CC(=C(C(=C3)I)OCCN(CC)CC)I
D02836,CC1CN(CCC1(C2=CC=CC=C2)C(=O)O)C3CCC(CC3)(C#N)C4=CC=C(C=C4)F
D02837,C1CC1N2C=C(C(=O)C3=CC(=C(C=C32)N4CCNCC4)F)C(=O)O
D02838,CC(=O)C(=O)O
D02839,CC12CCC3C(C1CCC2C(=O)NC(C)(C)C)CCC4C3(C=CC(=O)N4)C
D02840,C1CC1NC2=C3C(=NC(=N2)N)N(C=N3)C4CC(C=C4)CO
D02841,C1CN(CCN1CCOCCO)C2=NC3=CC=CC=C3SC4=CC=CC=C42
D02842,CC(=O)SC1CC2=CC(=O)CCC2(C3C1C4CCC5(C4(CC3)C)CCC(=O)O5)C
D02843,CCC(=C(C1=CC=CC=C1)C2=CC=C(C=C2)OCCN(C)C)C3=CC=CC=C3
D02844,CCCCC(C)(CC=CC1C(CC(=O)C1CCCCCCC(=O)OC)O)O
D02845,C1=CC=C(C=C1)CCCCOC2=CC=C(C=C2)C(=O)NC3=CC=CC4=C3OC(=CC4=O)C5=NNN=N5
D02846,CCC1C(=O)N2CCCC2C(=O)N(C(C(=O)N3CC(C(=O)CC3C(=O)NC(C(=O)OC(C(C(=O)N1)NC(=O)C4=C(C=CC=N4)O)C)C5=CC=CC=C5)CSC6CN7CCC6CC7)CC8=CC=C(C=C8)N(C)C)C
D02847,C(C(C1C(=C(C(=O)O1)O)O)O)O
D02848,CCOC(=O)CNC(C1CCCCC1)C(=O)N2CCC2C(=O)NCC3=CC=C(C=C3)C(=NO)N
D02849,C1CN(CCN1CCCN2C(=O)N3C=CC=CC3=N2)C4=CC(=CC=C4)Cl
D02850,COC1=NC(=NC(=C1)NS(=O)(=O)C2=CC=C(C=C2)N)OC
D02851,C1C(CN2C1C(=O)NC(C(=O)NC(C(=O)NC(C(=O)NC(C(=O)NC(C2=O)CC3=CC=CC=C3)CC4=CC=C(C=C4)OCC5=CC=CC=C5)CCCCN)CC6=CNC7=CC=CC=C76)C8=CC=CC=C8)OC(=O)NCCN
D02852,CN(CC1=C(C=CC=C1Cl)NC(=O)C2=CC=CC=C2)CC(=O)N3CCOCC3
D02853,CC(C)(C)C1=CC=C(C=C1)CN(C)CC2=CC=CC3=CC=CC=C32
D02854,CC1CC2C3CC(C4=CC(=O)C=CC4(C3(C(CC2(C1(C(=O)CO)O)C)O)F)C)F
D02855,CC(CCC1=CC=CC=C1)NCC(C2=CC(=C(C=C2)O)C(=O)N)O
D02856,C1CN(CCN1C(=O)CCBr)C(=O)CCBr
D02857,C1=CC=C(C=C1)NC(=O)CCCCCCC(=O)NO
D02858,C1=CC(=CN=C1)CC(O)(P(=O)(O)O)P(=O)(O)O
D02859,CC(CCC1=CC=CC=C1)NCC(C2=CC(=C(C=C2)O)C(=O)N)O
D02860,C1=C(C(=O)NC(=O)N1)N(CCCl)CCCl
D02861,CNC(=O)C1=NC=CC(=C1)OC2=CC(=C(C=C2)NC(=O)NC3=CC(=C(C=C3)Cl)C(F)(F)F)F
D02862,C1CN(CCN1CCOCC(=O)O)C(C2=CC=CC=C2)C3=CC=C(C=C3)Cl
D02863,CN1CCC23CCCCC2C1CC4=C3C=C(C=C4)OC
D02864,C1CCN(CC1)C2(CCN(CC2)CCCN3C4=CC=CC=C4CCC5=C3C=C(C=C5)Cl)C(=O)N
D02865,CN(C)C(=O)C(CCN1CCC(CC1)(C2=CC=C(C=C2)Cl)O)(C3=CC=CC=C3)C4=CC=CC=C4
D02866,CC12CCC(=O)C(=C1CCC3C2CCC4(C3CCC4=O)C)O
D02867,CCCC(C)C1(C(=O)NC(=O)NC1=O)CC=C
D02868,CCCC(=O)NC1=CC(=C(C=C1)OCC(CNC(C)C)O)C(=O)C
D02869,CC(C)NCC(C1=CC=C(C=C1)NS(=O)(=O)C)O
D02870,C1C(=O)NC(=O)N1N=CC2=CC=C(O2)C3=CC=C(C=C3)[N+](=O)[O-]
D02871,CN1C2CCC1CC(C2)OC(=O)C(CO)C3=CC=CC=C3
D02872,C1=CC=C(C(=C1)C2=NN(C(=N2)C3=CC=CC=C3O)C4=CC=C(C=C4)C(=O)O)O
D02873,CCCCC(C)(CC=CC1C(CC(=O)C1CCCCCCC(=O)OC)O)O
D02874,C1C(C(OC1N2C=NC3=C2NC=NCC3O)CO)O
D02875,CC(=O)OC1C(CC2C1(CCC3C2CCC4C3(CC(C(C4)O)N5CCOCC5)C)C)[N+]6(CCCC6)CC=C
D02876,CC1CCC23CCC(=O)C2C1(C(CC(C(C3C)O)(C)C=C)OC(=O)CSC4CC5CCC(C4)N5C)C
D02877,CC(C)(C(=O)O)OC1=CC=C(C=C1)CCNC(=O)C2=CC=C(C=C2)Cl
D02878,CC1=CC(=C(C(=C1OC(=O)C)C)C)OCC(CNC(C)C)O
D02879,CC(COC1=CC=CC=C1)N(CCCl)CC2=CC=CC=C2
D02880,CN(C)CCN(CC1=CC=C(C=C1)OC)C2=CC=CC=N2
D02881,CN1C=NC2=C1C(=O)N(C(=O)N2C)C
D02882,CC1=C(C(=CC=C1)NC2=CC=CC=C2C(=O)O)C
D02883,CC1=C(C(=O)N2CCCCC2=N1)CCN3CCC(CC3)C4=NOC5=C4C=CC(=C5)F
D02884,CN(CC=CC1=CC=CC=C1)CC2=CC=CC3=CC=CC=C32
D02885,CN(C)CCC(C1=CC=C(C=C1)Br)C2=CC=CC=N2
D02886,CN(CC1=CN=C2C(=N1)C(=NC(=N2)N)N)C3=CC=C(C=C3)C(=O)NC(CCC(=O)O)C(=O)O
D02887,CC1=CC2=C(S1)NC3=CC=CC=C3N=C2N4CCN(CC4)C
D02888,C1=CC=C(C=C1)O
D02889,CC1=NN=C2N1C3=C(C=C(C=C3)Cl)C(=NC2)C4=CC=CC=C4
D02890,CC1=CC=C(C=C1)C(=O)C2=CC=C(N2C)CC(=O)O
D02891,C1=NC(=C2C(=N1)N(C=N2)C3C(C(C(O3)COP(=O)(O)OP(=O)(O)OP(=O)(O)O)O)O)N
D02892,CCC1C2(C(C(C(=O)C(CC(C(C(C(=O)C(C(=O)O1)C)C)OC3C(C(CC(O3)C)N(C)C)O)(C)OC)C)C)N(C(=O)O2)CCCCN4C=C(N=C4)C5=CN=CC=C5)C
D02893,C1=CC=C2C(=C1)C(=NO2)CS(=O)(=O)N
D02894,CCCCC1=NC=C(N1CC2=CC=C(C=C2)C(=O)O)C=C(CC3=CC=CS3)C(=O)O
D02895,CC1=CC(=C(C=C1)O)C(CCN(C(C)C)C(C)C)C2=CC=CC=C2
D02896,CC(C)NCC(COC1=CC=C(C=C1)CCC(=O)OC)O
D02897,C1C(C(C(C(O1)OC2COC(C(C2OS(=O)(=O)O)OS(=O)(=O)O)O)OS(=O)(=O)O)OS(=O)(=O)O)O
D02898,C1CCN(CC1)CCOCCOC(=O)N2C3=CC=CC=C3SC4=C2N=CC=C4
D02899,C1=CC(=C(C=C1C(C(C(=O)O)N)O)O)O
D02900,CC(C)C1=C(C(=CC=C1)C(C)C)OCOP(=O)(O)O
D02901,CCOCCN1C2=CC=CC=C2N=C1N3CCCN(CC3)C
D02902,CN1C(=NC(=O)C(=O)N1)SCC2=C(N3C(C(C3=O)NC(=O)C(=NOC)C4=CSC(=N4)N)SC2)C(=O)O
D02903,C[N+](C)(C)CC(CC(=O)[O-])O
D02904,CC(=O)OC1=CC=CC=C1C(=O)O
D02905,CCC(C)C1(C(=O)NC(=O)NC1=O)CC
D02906,CC1CC(CC(C1)(C)C)OC(=O)C(C2=CC=CC=C2)O
D02907,C1CC(=O)NC(=O)C1N2C(=O)C3=CC=CC=C3C2=O
D02908,CCCCC(=O)OCC(=O)C1(CC(C2=C(C1)C(=C3C(=C2O)C(=O)C4=C(C3=O)C=CC=C4OC)O)OC5CC(C(C(O5)C)O)NC(=O)C(F)(F)F)O
D02909,C1C(=S)N(C2=C(C=C(C=C2)Cl)C(=N1)C3=CC=CC=C3F)CC(F)(F)F
D02910,C(C(C(=O)O)N)SSCC(C(=O)O)N
D02911,COC(=O)C1C(CCC2C1CC3C4=C(CCN3C2)C5=CC=CC=C5N4)O
D02912,CNCC(C1=CC(=CC=C1)O)O
D02913,CCC(C=CCl)(C#C)O
D02914,CCC1C2(C(C(C(=O)C(CC(C(C(C(=O)C(C(=O)O1)C)C)OC3C(C(CC(O3)C)N(C)C)O)(C)OC)C)C)N(C(=O)O2)CCCCN4C=C(N=C4)C5=CN=CC=C5)C
D02915,C1CC1NC2=C3C(=NC(=N2)N)N(C=N3)C4CC(C=C4)CO
D02916,CCCCCCCN(CC)CCCC(C1=CC=C(C=C1)NS(=O)(=O)C)O
D02917,C1=CC(=C(C=C1Cl)Cl)COC(CN2C=CN=C2)C3=C(C=C(C=C3)Cl)Cl
D02918,CC1CC=CC=CC(C(CC(C(C(C(CC(=O)O1)OC(=O)C)OC)OC2C(C(C(C(O2)C)OC3CC(C(C(O3)C)OC(=O)CC(C)C)(C)O)N(C)C)O)CC=O)C)O
D02919,CCOC(=O)C1=CC=C(C=C1)N
D02920,CN1CCC(=C2C3=C(C(=O)CC4=CC=CC=C42)SC=C3)CC1
D02921,C1C(=O)NC2=C(C=C(C=C2)[N+](=O)[O-])C(=N1)C3=CC=CC=C3
D02922,CCCCC(C1(CCC2C(O1)CC(=O)C2CCCCCCC(=O)O)O)(F)F
D02923,CC(C1=CC=CC=N1)C2=C(CC3=CC=CC=C32)CCN(C)C
D02924,CC1=C(C=CN=C1CS(=O)C2=NC3=CC=CC=C3N2)OCC(F)(F)F
D02925,CC1CN(CC(N1)C)C2=C(C(=C3C(=C2F)N(C=C(C3=O)C(=O)O)C4CC4)N)F
D02926,CN1C(NC2=CC(=C(C=C2S1(=O)=O)S(=O)(=O)N)Cl)CSCC(F)(F)F
D02927,CC(C(C1=CC=CC=C1)O)NC
D02928,CCN(CC)CCNC(=O)C1=CC(=C(C=C1OC)N)Br
D02929,CC1C(C(C(C(O1)OCC2C(C(C(C(O2)OC3=CC(=C4C(=C3)OC(=CC4=O)C5=CC(=C(C=C5)OC)O)O)O)O)O)O)O)O
D02930,O=[As]O[As]=O
D02931,CN1CCN2C(C1)C3=CC=CC=C3CC4=CC=CC=C42
D02932,CCC(CC)OC1C=C(CC(C1NC(=O)C)N)C(=O)OCC
D02933,N.N.Cl[Pt+2]Cl
D02934,CC(C)NCC(COC1=CC=CC2=C1C=CN2)O
D02935,CCCCC1C(=O)N(N(C1=O)C2=CC=CC=C2)C3=CC=CC=C3
D02936,CC(=O)OCC1=C(N2C(C(C2=O)NC(=O)CC#N)SC1)C(=O)O
D02937,CN(C)N=NC1=C(NC=N1)C(=O)N
D02938,CCCC(C(=O)OCC)NC(C)C(=O)N1C2CCCCC2CC1C(=O)O
D02939,C1=CC=C(C=C1)C2=C(OC(=N2)CCC(=O)O)C3=CC=CC=C3
D02940,CC(C1C2CC(=C(N2C1=O)C(=O)O)SCCN=CN)O
D02941,CC1=CC=CN2C1=NC=C(C2=O)C3=NNN=N3
D02942,COC(C(Cl)Cl)(F)F
D02943,CC(=O)NC(CC(=O)NC(CCC(=O)O)C(=O)O)C(=O)O
D02944,C1=CC=C(C=C1)C2=NC(C(=O)NC3=C2C=C(C=C3)Cl)C(=O)O
D02945,CCOC(=O)C1=C2CN(C(=O)C3=C(N2C=N1)C=CC(=C3)F)C
D02946,C1=CC(=CC=C1CN)S(=O)(=O)N
D02947,CN1CCC23CCCCC2C1CC4=C3C=C(C=C4)OC
D02948,CC[N+](C)(C)C1=CC(=CC=C1)O
D02949,CN(C)CCCN1C2=CC=CC=C2CCC3=CC=CC=C31
D02950,CN(C)CCN(CC1=CC=CC=C1)C2=CC=CC=N2
D02951,CC(C)C(C(=O)OCCOCN1C=NC2=C1N=C(NC2=O)N)N
D02952,CC(C)(C(=O)O)OC1=CC=C(C=C1)CCNC(=O)C2=CC=C(C=C2)Cl
D02953,CC(=O)C1=CC2=C(C=C1)SC3=CC=CC=C3N2CCCN4CCN(CC4)CCO
D02954,CCC12CCC3C(C1CCC2(C#C)OC(=O)C)CCC4=CC(=NO)CCC34
D02955,C(CC(C(=O)O)N)CNC(=O)N
D02956,CN(C)CCC1=CNC2=C1C=C(C=C2)CS(=O)(=O)N3CCCC3
D02957,CCC1NC2=CC(=C(C=C2C(=O)N1)S(=O)(=O)N)Cl
D02958,CC(C)C1C(=O)NC(CSSCC(C(=O)NC(C(=O)NC(C(=O)NC(C(=O)N1)CCCCN)CC2=CNC3=CC=CC=C32)CC4=CC=C(C=C4)O)NC(=O)C(CC5=CC=CC=C5)N)C(=O)NC(CC6=CNC7=CC=CC=C76)C(=O)N
D02959,CC(=O)OC1CC2CCC3C(C2(CC1[N+]4(CCCCC4)C)C)CCC5(C3CC(C5OC(=O)C)[N+]6(CCCCC6)C)C
D02960,C1=CN=C(C=N1)C(=O)N
D02961,CC(=O)CCCCN1C(=O)C2=C(N=CN2C)N(C1=O)C
D02962,CCC1=CC2=C(S1)N(C(=O)CN=C2C3=CC=CC=C3Cl)C
D02963,CNCCCN1C2=CC=CC=C2CCC3=CC=CC=C31
D02964,CCOC(=O)OC(C)OC(=O)C1C(SC2N1C(=O)C2NC(=O)C(C3=CC=CC=C3)N)(C)C
D02965,COC1(C2N(C1=O)C(=C(CS2)COC(=O)N)C(=O)O)NC(=O)CC3=CC=CS3
D02966,CC#CC1(CCC2C1(CC(C3=C4CCC(=O)C=C4CCC23)C5=CC=C(C=C5)N(C)C)C)O
D02967,CC(=O)OC1=CC2=C(S1)CCN(C2)C(C3=CC=CC=C3F)C(=O)C4CC4
D02968,CC[N+](C)(C)CC1=CC=CC=C1Br
D02969,CC(=O)NCCC1=CC=CC2=C1C=C(C=C2)OC
D02970,CNC(=O)C1=NC=CC(=C1)OC2=CC(=C(C=C2)NC(=O)NC3=CC(=C(C=C3)Cl)C(F)(F)F)F
D02971,C1C2C(C(S1)CCCCC(=O)O)NC(=O)N2
D02972,CCOC(=O)CNC(C1CCCCC1)C(=O)N2CCC2C(=O)NCC3=CC=C(C=C3)C(=NO)N
D02973,CN(C)CC1=NN=C2N1C3=C(C=C(C=C3)Cl)C(=NC2)C4=CC=CC=C4
D02974,CC(CN1CCN(CCN(CCN(CC1)CC(=O)[O-])CC(=O)[O-])CC(=O)[O-])O.[Gd+3]
D02975,CN(C)CCCN1C2=CC=CC=C2CCC3=CC=CC=C31
D02976,COC(=O)C(CC1=CC=CC=C1)NC(=O)C(CC(=O)O)N
D02977,CN1CCC(CC1)COC2=C(C=C3C(=C2)N=CN=C3NC4=C(C=C(C=C4)Br)F)OC
D02978,C1CNCC(C2=CC(=C(C(=C21)Cl)O)O)C3=CC=C(C=C3)O
D02979,C(C(C(=O)O)N)C(=O)O
D02980,CCN1C=C(C(=O)C2=C1C=C(C=C2)C3=CC=NC=C3)C(=O)O
D02981,C1(C(C(C(C(C1Cl)Cl)Cl)Cl)Cl)Cl
D02982,CC1=NC2=C(N1)CCN(C3=CC=CC=C32)C(=O)C4=CC=C(C=C4)NC(=O)C5=CC=CC=C5C6=CC=CC=C6
D02983,CCC=CCC=CCC=CCCCCCCCC(=O)O
D02984,CC1=CC=CC=C1N2CCN(CC2)CCC3=NN=C4N3CCCC4
D02985,CC(CN1C2=CC=CC=C2SC3=C1C=C(C=C3)OC)CN(C)C
D02986,CC(CC1=CC=CC=C1)N
D02987,C1=CC2=C(C(=C1)Cl)SC=C2COC(CN3C=CN=C3)C4=C(C=C(C=C4)Cl)Cl
D02988,CC1CC2C(CCC3(C2CCC3(C(=O)C)OC(=O)C)C)C4(C1=CC(=O)CC4)C
D02989,CC1=NC=C(N1CCO)[N+](=O)[O-]
D02990,CC(C)C1=C(C(=CC=C1)C(C)C)O
D02991,CC12CC(C3(C(C1CC(C2(C(=O)CO)O)O)CCC4=CC(=O)C=CC43C)F)O
D02992,C1(=C(N=C(C(=N1)Cl)N)N)C(=O)N=C(N)N
D02993,CC(C(C1=CC=C(C=C1)O)O)N2CCC(CC2)CC3=CC=CC=C3
D02994,CC1=C(N2C(C(C2=O)NC(=O)C(C3=CC=C(C=C3)O)N)SC1)C(=O)O
D02995,CC1=CC=C(C=C1)S(=O)(=O)NC(=O)NN2CC3CCCC3C2
D02996,CCC1NC2=CC(=C(C=C2C(=O)N1)S(=O)(=O)N)Cl
D02997,CC1=C(C=CC2=C1C(=NC(=N2)N)N)CNC3=CC(=C(C(=C3)OC)OC)OC
D02998,C1CN(CCN1CCOCCO)C2=NC3=CC=CC=C3SC4=CC=CC=C42
D02999,CC12CCC3C(C1CCC2(C#C)O)CCC4=C3C=CC(=C4)OC5CCCC5
D03000,CN1CCN(CC1)C2=NC3=CC=CC=C3OC4=C2C=C(C=C4)Cl
D03001,C1CC[N+]2(C1)C3CCC2CC(C3)OC(=O)C(C4=CC=CC=C4)(C5=CC=CC=C5)O
D03002,CCC12CCC3C(C1CCC2(C#C)O)CCC4=CC(=O)CCC34
D03003,CCCC1=NN(C2=C1N=C(NC2=O)C3=C(C=CC(=C3)S(=O)(=O)NCCC4CCCN4C)OCCC)C
D03004,CC(=O)NC(CS)C(=O)O
D03005,C1CN=C(N1)NC2=C(C=CC3=NSN=C32)Cl
D03006,CCN(CC)C(=O)C1(CC1CN)C2=CC=CC=C2
D03007,COC(=O)C(C1CCCCN1)C2=CC=CC=C2
D03008,CCC(C(C1=CC(=C(C=C1)O)O)O)NC(C)C
D03009,C[N+]1(C2CC(CC1C3C2O3)OC(=O)C(CO)C4=CC=CC=C4)C.[Br-]
D03010,CC1CC2C3CCC(C3(CC(C2C4(C1=CC(=O)C=C4)C)O)C)(C(=O)CO)O
D03011,C1CC(=O)NC(=O)C1N2C(=O)C3=CC=CC=C3C2=O
D03012,CN1CCCC1C2=CN=CC=C2
D03013,C1=CC2=C(C=C1Cl)NC(=O)O2
D03014,C(CC(=O)NC(CS)C(=O)NCC(=O)O)C(C(=O)O)N
D03015,CC(C(C1CNC2=C(N1)C(=O)NC(=N2)N)O)O
D03016,CC(C)CN(CC(C(CC1=CC=CC=C1)NC(=O)OC2CCOC2)O)S(=O)(=O)C3=CC=C(C=C3)N
D03017,C1=CC(=CC=C1CC(C(=O)O)N)N(CCCl)CCCl
D03018,CC(O)(P(=O)(O)O)P(=O)(O)O
D03019,C=CCN.C1C(O1)CCl
D03020,CN1C2CCC1CC(C2)OC(=O)C(CO)C3=CC=CC=C3
D03021,CCC1=NN(C(=O)N1CCOC2=CC=CC=C2)CCCN3CCN(CC3)C4=CC(=CC=C4)Cl
D03022,CC1=CC2=C(C=C1C)N(C3=NC(=O)NC(=O)C3=N2)CC(C(C(COP(=O)(O)OP(=O)(O)OCC4C(C(C(O4)N5C=NC6=C(N=CN=C65)N)O)O)O)O)O
D03023,CC(C)(C)C(=O)OCOP(=O)(COCCN1C=NC2=C(N=CN=C21)N)OCOC(=O)C(C)(C)C
D03024,CC1=C(C(C(=C(N1)C)C(=O)OC(C)C)C2=CC(=CC=C2)[N+](=O)[O-])C(=O)OCCOC
D03025,CC(C)(C(=O)O)ON=C(C1=CSC(=N1)N)C(=O)NC2C3N(C2=O)C(=C(CS3)C[N+]4=CC=CC=C4)C(=O)[O-]
D03026,CCCC(C)C1(C(=O)NC(=O)NC1=O)CC
D03027,CC(=O)N=C1N(N=C(S1)S(=O)(=O)N)C
D03028,CC1=C(C(=CC=C1)Cl)NC(=O)C2=CN=C(S2)NC3=CC(=NC(=N3)C)N4CCN(CC4)CCO
D03029,C1=CC(=C2C(=C1NCCNCCO)C(=O)C3=C(C=CC(=C3C2=O)O)O)NCCNCCO
D03030,CN(C)CCCN1C2=CC=CC=C2CCC3=CC=CC=C31
D03031,CC1(C(N2C(S1)C(C2=O)NC(=O)COC3=CC=CC=C3)C(=O)O)C
D03032,C1=CC=C(C=C1)C2=NC(C(=O)NC3=C2C=C(C=C3)Cl)O
D03033,C1CCN(CC1)CCOCCOC(=O)N2C3=CC=CC=C3SC4=C2N=CC=C4
D03034,C1CNCC(C1C2=CC=C(C=C2)F)COC3=CC4=C(C=C3)OCO4
D03035,CC1(C(NC(S1)C(C(=O)NCCCCC(C(=O)O)N)NC(=O)CC2=CC=CC=C2)C(=O)O)C.C(CCN)CC(C(=O)O)N
D03036,CNC(=O)C1=NC=CC(=C1)OC2=CC=C(C=C2)NC(=O)NC3=CC(=C(C=C3)Cl)C(F)(F)F
D03037,CC(C)CC1CN2CCC3=CC(=C(C=C3C2CC1=O)OC)OC
D03038,CNC(=O)C1=NC=CC(=C1)OC2=CC=C(C=C2)NC(=O)NC3=CC(=C(C=C3)Cl)C(F)(F)F
D03039,C(C(OC(F)F)(F)F)(F)Cl
D03040,C1C(=O)NC2=C(C=C(C=C2)[N+](=O)[O-])C(=N1)C3=CC=CC=C3
D03041,CC(CN1C2=CC=CC=C2SC3=CC=CC=C31)N(C)C
D03042,CC1(C(=O)N2C(C(=O)N3CCCC3C2(O1)O)CC4=CC=CC=C4)NC(=O)C5CN(C6CC7=CNC8=CC=CC(=C78)C6=C5)C
D03043,CC1=NN=C(O1)C(=O)NC(C)(C)C2=NC(=C(C(=O)N2C)O)C(=O)NCC3=CC=C(C=C3)F
D03044,CCO
D03045,CN1CCN(CC1)CCCN2C3=CC=CC=C3SC4=C2C=C(C=C4)Cl
D03046,CC(=O)NCCC1=CNC2=C1C=C(C=C2)OC
D03047,C(C1C(C(C(C(O1)OC2(C(C(C(O2)CO)O)O)COC3(C(C(C(O3)CO)O)O)COC4(C(C(C(O4)CO)O)O)COC5(C(C(C(O5)CO)O)O)COC6(C(C(C(O6)CO)O)O)COC7(C(C(C(O7)CO)O)O)COC8(C(C(C(O8)CO)O)O)COC9(C(C(C(O9)CO)O)O)COC1(C(C(C(O1)CO)O)O)COC1(C(C(C(O1)CO)O)O)COC1(C(C(C(O1)CO)O)O)COC1(C(C(C(O1)CO)O)O)COC1(C(C(C(O1)CO)O)O)COC1(C(C(C(O1)CO)O)O)COC1(C(C(C(O1)CO)O)O)COC1(C(C(C(O1)CO)O)O)COC1(C(C(C(O1)CO)O)O)COC1(C(C(C(O1)CO)O)O)COC1(C(C(C(O1)CO)O)O)COC1(C(C(C(O1)CO)O)O)COC1(C(C(C(O1)CO)O)O)COC1(C(C(C(O1)CO)O)O)COC1(C(C(C(O1)CO)O)O)COC1(C(C(C(O1)CO)O)O)COC1(C(C(C(O1)CO)O)O)COC1(C(C(C(O1)CO)O)O)COC1(C(C(C(O1)CO)O)O)COC1(C(C(C(O1)CO)O)O)COC1(C(C(C(O1)CO)O)O)COC1(C(C(C(O1)CO)O)O)COC1(C(C(C(O1)CO)O)O)COC1(C(C(C(O1)CO)O)O)COC1(C(C(C(O1)CO)O)O)COC1(C(C(C(O1)CO)O)O)COC1(C(C(C(O1)CO)O)O)COC1(C(C(C(O1)CO)O)O)COC1(C(C(C(O1)CO)O)O)CO)O)O)O)O
D03048,CN(C)CC=CC(=O)NC1=C(C=C2C(=C1)C(=NC=N2)NC3=CC(=C(C=C3)F)Cl)OC4CCOC4
D03049,C1=CC=C(C=C1)COC(=O)C2=CC=CC=C2
D03050,"CN1C2CCC1C(C(C2)OC(=O)C3=CC=CC=C3)C(=O)OC
CCCCNC(=O)C1=CC=C(C=C1)N2CCOCC2"
D03051,C1=CC=C(C=C1)N2C(=CC=N2)NS(=O)(=O)C3=CC=C(C=C3)N
D03052,C1CN(CCN1CCOCCO)C2=NC3=CC=CC=C3SC4=CC=CC=C42
D03053,C1=CC=C(C=C1)CCCCOC2=CC=C(C=C2)C(=O)NC3=CC=CC4=C3OC(=CC4=O)C5=NNN=N5
D03054,CN1CCCC1C2=CN=CC=C2
D03055,CC1=C(C(C(=C(N1)C)C(=O)OC(C)C)C2=CC(=CC=C2)[N+](=O)[O-])C(=O)OCCOC
D03056,CN(C)CCOC(C1=CC=CC=C1)C2=CC=C(C=C2)Br
D03057,CC(C)NCC(COC1=CC=C(C=C1)COCCOC(C)C)O
D03058,C[N+](C)(C)CC(CC(=O)[O-])O
D03059,C1=CC(=C(C=C1C2=C(C=C(C=C2)F)F)C(=O)O)O
D03060,CC1=C(C(=NO1)C2=CC=CC=C2)C(=O)NC3C4N(C3=O)C(C(S4)(C)C)C(=O)O
D03061,COC1=CC=CC=C1OCCNCC(COC2=CC=CC3=C2C4=CC=CC=C4N3)O
D03062,CCCC(C)C1(C(=O)NC(=O)NC1=O)CC
D03063,C=C1C(CC(C1CO)O)N2C=NC3=C2N=C(NC3=O)N
D03064,CCCC(C)C1(C(=O)NC(=O)NC1=O)CC
D03065,CN(C)CCC(C1=CC=CC2=CC=CC=C21)(C(C3=CC=CC=C3)C4=C(N=C5C=CC(=CC5=C4)Br)OC)O
D03066,C(C(F)(F)F)(Cl)Br
D03067,C1=CC(=CN=C1)C(=O)O
D03068,CCCC(CCC)C(=O)O
D03069,CC1=CC=CN2C1=NC=C(C2=O)C3=NNN=N3
D03070,CC1=CC(=C(C(=C1CC2=NCCN2)C)O)C(C)(C)C
D03071,CN(C)CCC1=CNC2=C1C=C(C=C2)CN3C=NC=N3
D03072,CCC1=NN(C(=O)N1CCOC2=CC=CC=C2)CCCN3CCN(CC3)C4=CC(=CC=C4)Cl
D03073,CCOC(=O)CNC(C1CCCCC1)C(=O)N2CCC2C(=O)NCC3=CC=C(C=C3)C(=NO)N
D03074,CCCCCC=CCC=CCC=CCCCCCCC(=O)O
D03075,CC1CCN(C(C1)C(=O)O)C(=O)C(CCCN=C(N)N)NS(=O)(=O)C2=CC=CC3=C2NCC(C3)C
D03076,C1=CC(=C(C=C1OC2=C(C=C(C=C2I)CC(C(=O)[O-])N)I)I)O.C1=C(C=C(C(=C1I)OC2=CC(=C(C(=C2)I)O)I)I)CC(C(=O)[O-])N.[Na+].[Na+]
D03077,CC1=C(C2=C(N1C(=O)C3=CC=C(C=C3)Cl)C=CC(=C2)OC)CC(=O)O
D03078,C1=CC=C(C=C1)C(COC(=O)N)COC(=O)N
D03079,CCNC(=O)N(CCCN(C)C)C(=O)C1CC2C(CC3=CNC4=CC=CC2=C34)N(C1)CC=C
D03080,CCC(C)CCCCC(=O)NC(CCNCS(=O)(=O)[O-])C(=O)NC(C(C)O)C(=O)NC(CCNCS(=O)(=O)[O-])C(=O)NC1CCNC(=O)C(NC(=O)C(NC(=O)C(NC(=O)C(NC(=O)C(NC(=O)C(NC1=O)CCNCS(=O)(=O)[O-])CC(C)C)CC(C)C)CCNCS(=O)(=O)[O-])CCNCS(=O)(=O)[O-])C(C)O
D03081,CC1=CC2=C(S1)NC3=CC=CC=C3N=C2N4CCN(CC4)C
D03082,CC(C1=NC=NC=C1F)C(CN2C=NC=N2)(C3=C(C=C(C=C3)F)F)O
D03083,C1C(C1N)C2=CC=CC=C2
D03084,CC(C)NCC(COC1=CC=C(C=C1)NC(=O)C)O
D03085,C1=C2C(=CC(=C1Cl)S(=O)(=O)N)S(=O)(=O)NC(N2)C(Cl)Cl
D03086,C1C2=C(C=CC(=C2Cl)Cl)N=C3N1CC(=O)N3
D03087,CNCCC=C1C2=CC=CC=C2CCC3=CC=CC=C31
D03088,CC(C)CC(C(=O)NC(CCCN=C(N)N)C(=O)N1CCCC1C(=O)NCC(=O)N)NC(=O)CNC(=O)C(CC2=CC=C(C=C2)O)NC(=O)C(CO)NC(=O)C(CC3=CNC4=CC=CC=C43)NC(=O)C(CC5=CN=CN5)NC(=O)C6CCC(=O)N6
D03089,CCN(CC)CCCC(C)NC1=C2C=C(C=CC2=NC3=C1C=CC(=C3)Cl)OC
D03090,CC1=CN=C(C(=C1OC)C)CS(=O)C2=NC3=C(N2)C=C(C=C3)OC
D03091,C1=NC(=C2C(=N1)N(C=N2)C3C(C(C(O3)COP(=O)(O)O)O)O)N
D03092,C1=CC=C(C(=C1)CC(=O)O)NC2=C(C=CC=C2Cl)Cl
D03093,COC(C(Cl)Cl)(F)F
D03094,C1CCN(CC1)C2=NC(=NC3=C2N=C(N=C3N4CCCCC4)N(CCO)CCO)N(CCO)CCO
D03095,C1C2=NN=CN2C3=C(C=C(C=C3)Cl)C(=N1)C4=CC=CC=C4
D03096,CN1CCC23C4C1CC5=C2C(=C(C=C5)OC)OC3C(CC4)O
D03097,CC1=C(C(C(=C(N1)C)C(=O)OC(C)C)C2=CC(=CC=C2)[N+](=O)[O-])C(=O)OCCOC
D03098,C1=CN(C(=O)N=C1N)CC(CO)OCP(=O)(O)O
D03099,C(C(F)(F)F)(Cl)Br
D03100,CCCCNC1=CC=C(C=C1)C(=O)OCCOCCOCCOCCOCCOCCOCCOCCOCCOC
D03101,C1C(=O)NC2=C(C=C(C=C2)[N+](=O)[O-])C(=N1)C3=CC=CC=C3Cl
D03102,CCC1C=C(CC(CC(C2C(CC(C(O2)(C(=O)C(=O)N3CCCCC3C(=O)OC(C(C(CC1=O)O)C)C(=CC4CCC(C(C4)OC)Cl)C)O)C)OC)OC)C)C
D03103,C1=NC(=C2C(=N1)N(C=N2)C3C(C(C(O3)COP(=O)(O)OP(=O)(O)OP(=O)(O)O)O)O)N
D03104,C1=CN(C(=O)N=C1N)CC(CO)OCP(=O)(O)O
D03105,CC(=O)C(=O)O
D03106,COCCOC1=C(C=C2C(=C1)C(=NC=N2)NC3=CC=CC(=C3)C#C)OCCOC
D03107,CN1CCN(CC1)CCCN2C3=CC=CC=C3SC4=C2C=C(C=C4)S(=O)(=O)N(C)C
D03108,CC(C(=O)NC1=C(C(=C(C(=C1I)C(=O)NC(CO)CO)I)C(=O)NC(CO)CO)I)O
D03109,C(C(F)(F)F)(Cl)Br
D03110,CC(C)(C(=O)O)OC1=CC=C(C=C1)CCNC(=O)C2=CC=C(C=C2)Cl
D03111,CN(C)CCC=C1C2=CC=CC=C2COC3=CC=CC=C31
D03112,C1=CC(=C(C(=C1)Cl)CC(=O)N=C(N)N)Cl
D03113,CCN(CC)CCN1C(=O)CN=C(C2=C1C=CC(=C2)Cl)C3=CC=CC=C3F
D03114,CC(C)N(CCC(C1=CC=CC=C1)(C2=CC=CC=N2)C(=O)N)C(C)C
D03115,CNC1(CCCCC1=O)C2=CC=CC=C2Cl
D03116,C1=NC(=C2C(=N1)N(C=N2)C3C(C(C(O3)COP(=O)(O)OP(=O)(O)OP(=O)(O)O)O)O)N
D03117,C1=CC=C(C=C1)COC(=O)C2=CC=CC=C2
D03118,CN1CCC23CCCCC2C1CC4=C3C=C(C=C4)OC
D03119,CC1(CC(=O)N(C1=O)C)C2=CC=CC=C2
D03120,CNCCC=C1C2=CC=CC=C2CCC3=CC=CC=C31
D03121,C1CC(=O)NC(=O)C1N2C(=O)C3=CC=CC=C3C2=O
D03122,C1CN(CCN1CC=CC2=CC=CC=C2)C(C3=CC=C(C=C3)F)C4=CC=C(C=C4)F
D03123,CC1CN(CCC1(C2=CC=CC=C2)C(=O)O)C3CCC(CC3)(C#N)C4=CC=C(C=C4)F
D03124,CCCN1CC(CC2C1CC3=CNC4=CC=CC2=C34)CSC
D03125,CC(C1=NCCN1)OC2=C(C=CC=C2Cl)Cl
D03126,CCC(C)C1(C(=O)NC(=O)NC1=O)CC
D03127,CC1CCC(CC1=CC=C2CCCC3(C2CCC3C(C)C=CC(C)C(C)C)C)O
D03128,CC1=C(C(C(=C(N1)C)C(=O)OCC(C)C)C2=CC=CC=C2[N+](=O)[O-])C(=O)OC
D03129,CC1=CN=C(C(=C1OC)C)CS(=O)C2=NC3=C(N2)C=C(C=C3)OC
D03130,CC1=C(C(=NO1)C2=CC=CC=C2)C(=O)NC3C4N(C3=O)C(C(S4)(C)C)C(=O)O
D03131,CS(=O)(=O)OCCCCOS(=O)(=O)C
D03132,CCCC(=O)NC1=CC(=C(C=C1)OCC(CNC(C)C)O)C(=O)C
D03133,C#CCC(CC1=CN=C2C(=N1)C(=NC(=N2)N)N)C3=CC=C(C=C3)C(=O)NC(CCC(=O)O)C(=O)O
D03134,CCCC(C)C1(C(=O)NC(=S)NC1=O)CC
D03135,C1=CC=C2C(=C1)C(=O)NC2(C3=CC(=C(C=C3)Cl)S(=O)(=O)N)O
D03136,CN(C)CCC=C1C2=CC=CC=C2C=CC3=CC=CC=C31
D03137,CC(=O)C1CCC2C1(CCC3C2C=CC4=CC(=O)CCC34C)C
D03138,C(C(C(=O)O)N)SSCC(C(=O)O)N
D03139,CCN1CC(C(C1=O)(C2=CC=CC=C2)C3=CC=CC=C3)CCN4CCOCC4
D03140,CC1=C(C=C(C=C1)C(=O)NC2=C3C(=CC(=CC3=C(C=C2)S(=O)(=O)O)S(=O)(=O)O)S(=O)(=O)O)NC(=O)C4=CC(=CC=C4)NC(=O)NC5=CC=CC(=C5)C(=O)NC6=C(C=CC(=C6)C(=O)NC7=C8C(=CC(=CC8=C(C=C7)S(=O)(=O)O)S(=O)(=O)O)S(=O)(=O)O)C
D03141,CC1COC2=C3N1C=C(C(=O)C3=CC(=C2N4CCN(CC4)C)F)C(=O)O
D03142,C(C(=O)O)N
D03143,C1CCN(CC1)C2(CCN(CC2)CCCN3C4=CC=CC=C4CCC5=C3C=C(C=C5)Cl)C(=O)N
D03144,C[N+](C)(C)CC(CC(=O)[O-])O
D03145,CC(C)(C)NCC(=O)NC1=CC(=C2CC3CC4C(C(=O)C(=C(C4(C(=O)C3=C(C2=C1O)O)O)O)C(=O)N)N(C)C)N(C)C
D03146,C1CCC(C(C1)CN2CCN(CC2)C3=NSC4=CC=CC=C43)CN5C(=O)C6C7CCC(C7)C6C5=O
D03147,CCC1C2(C(C(C(=O)C(CC(C(C(C(=O)C(C(=O)O1)C)C)OC3C(C(CC(O3)C)N(C)C)O)(C)OC)C)C)N(C(=O)O2)CCCCN4C=C(N=C4)C5=CN=CC=C5)C
D03148,C1CCNC(C1)C(C2=CC(=NC3=C2C=CC=C3C(F)(F)F)C(F)(F)F)O
D03149,CC1=CC=CC=C1S(=O)(=O)NC(=O)C2=CC(=C(C=C2)CC3=CN(C4=C3C=C(C=C4)NC(=O)OC5CCCC5)C)OC
D03150,CC(=O)NO
D03151,C1CN(CCN1CCCN2C3=CC=CC=C3SC4=C2C=C(C=C4)C(F)(F)F)CCO
D03152,CC(=O)NCCCS(=O)(=O)O
D03153,CC[N+](C)(C)C1=CC(=CC=C1)O
D03154,CC(C)NCC(COC1=CC=CC=C1OCC=C)O
D03155,CCOC(=O)C1(CCN(CC1)CCC(C#N)(C2=CC=CC=C2)C3=CC=CC=C3)C4=CC=CC=C4
D03156,CCC1C(C(C(N(CC(CC(C(C(C(C(C(=O)O1)C)OC2CC(C(C(O2)C)O)(C)OC)C)OC3C(C(CC(O3)C)N(C)C)O)(C)O)C)C)C)O)(C)O
D03157,C1=CN=C(N=C1)[N-]S(=O)(=O)C2=CC=C(C=C2)N.[Ag+]
D03158,C1NC2=C(C=C(C(=C2)C(F)(F)F)S(=O)(=O)N)S(=O)(=O)N1
D03159,CN1C(NC2=CC(=C(C=C2S1(=O)=O)S(=O)(=O)N)Cl)CCl
D03160,CC1=C(C=C(C=C1)C(=O)NC2=CC(=C(C=C2)CN3CCN(CC3)C)C(F)(F)F)C#CC4=CN=C5N4N=CC=C5
D03161,COCCCCC(=NOCCN)C1=CC=C(C=C1)C(F)(F)F
D03162,CC1(OC2COC3(C(C2O1)OC(O3)(C)C)COS(=O)(=O)N)C
D03163,CCC(=C)C(=O)C1=C(C(=C(C=C1)OCC(=O)O)Cl)Cl
D03164,COC1=C(C=C(C=C1)C2=CC3=C(C=C2)C=C(C=C3)C(=O)O)C45CC6CC(C4)CC(C6)C5
D03165,CC(CCCC(C)(C)O)C1CCC2C1(CCCC2=CC=C3CC(CCC3=C)O)C
D03166,CC(=O)SC1CC2=CC(=O)CCC2(C3C1C4CCC5(C4(CC3)C)CCC(=O)O5)C
D03167,CCC(C)C(=O)OC1CC(C=C2C1C(C(C=C2)C)CCC(CC(CC(=O)O)O)O)O
D03168,CC1OC2(CN3CCC2CC3)CS1
D03169,COC1(C2N(C1=O)C(=C(CS2)COC(=O)N)C(=O)O)NC(=O)CC3=CC=CS3
D03170,CC(C)NCC(COC1=CC=C(C=C1)COCCOC(C)C)O
D03171,CC(C1=CC=CC2=CC=CC=C21)NCCCC3=CC(=CC=C3)C(F)(F)F
D03172,CC1=CC(=C(C(=C1CC2=NCCN2)C)O)C(C)(C)C
D03173,CN(CCCl)CCCl
D03174,CSCCC(C(=O)O)N
D03175,CC(C)C(C(=O)O)N
D03176,O.[O-]Cl=O.[O-]Cl=O.[O-]Cl=O.[O-]Cl=O.O=O
D03177,CC1=C(OC(=N1)NS(=O)(=O)C2=CC=C(C=C2)N)C
D03178,CC(=O)NCCC1=CNC2=C1C=C(C=C2)OC
D03179,CC(C)CC1=CC=C(C=C1)C(C)C(=O)O
D03180,CC(=O)C1=CC(=C(C=C1)OCCCN2CCC(CC2)C3=NOC4=C3C=CC(=C4)F)OC
D03181,C1C(C(C(C(N1CCO)CO)O)O)O
D03182,CNC1(CCCCC1=O)C2=CC=CC=C2Cl
D03183,CCCCOC1=NC2=CC=CC=C2C(=C1)C(=O)NCCN(CC)CC
D03184,C(CC(=O)NC(CS)C(=O)NCC(=O)O)C(C(=O)O)N
D03185,CCN(CC)CCOC(=O)C1(CCCCC1)C2CCCCC2
D03186,C1C2CNCC1C3=CC=CC(=O)N3C2
D03187,CCCCNC(=O)NS(=O)(=O)C1=CC=C(C=C1)C
D03188,CCO
D03189,CCNC(C)CC1=CC(=CC=C1)C(F)(F)F
D03190,CC1=C2C(=C(N(C1=O)C)NC3=C(C=C(C=C3)I)F)C(=O)N(C(=O)N2C4=CC=CC(=C4)NC(=O)C)C5CC5
D03191,CC1CCC2CC(C(=CC=CC=CC(CC(C(=O)C(C(C(=CC(C(=O)CC(OC(=O)C3CCCCN3C(=O)C(=O)C1(O2)O)C(C)CC4CCC(C(C4)OC)O)C)C)O)OC)C)C)C)OC
D03192,CC1=NN=C2N1C3=C(C=C(C=C3)Cl)C(=NC2)C4=CC=CC=C4Cl
D03193,CCN1C=C(C(=O)C2=CC(=C(C(=C21)F)N3CCNC(C3)C)F)C(=O)O
D03194,CN(C)CCC=C1C2=CC=CC=C2CCC3=CC=CC=C31
D03195,CC(CN1C2=CC=CC=C2SC3=CC=CC=C31)N(C)C
D03196,CCN1CCCC1CNC(=O)C2=CC(=C(C=C2OC)N)S(=O)(=O)CC
D03197,CC12CCC3C(C1CCC2=O)CC(=C)C4=CC(=O)C=CC34C
D03198,CC(=O)NCCC1=CNC2=C1C=C(C=C2)OC
D03199,CN(C)CCCN1C2=CC=CC=C2SC3=C1C=C(C=C3)C(F)(F)F
D03200,CN1CCCC1C2=CN=CC=C2
D03201,CC(=O)NC(CS)C(=O)O
D03202,CC12CCC3C(C1CCC2(C#C)O)CCC4=C3C=CC(=C4)OC5CCCC5
D03203,CCOC(=O)C1=C(NC(=C(C1C2=CC=CC=C2Cl)C(=O)OC)C)COCCN
D03204,CCCN1CC(CC2C1CC3=CNC4=CC=CC2=C34)CSC
D03205,CC(C)(C)C(C(=O)NC(CC1=CC=CC=C1)C(CN(CC2=CC=C(C=C2)C3=CC=CC=N3)NC(=O)C(C(C)(C)C)NC(=O)OC)O)NC(=O)OC
D03206,C1C(=O)NC2=C(C=C(C=C2)[N+](=O)[O-])C(=N1)C3=CC=CC=C3
D03207,COC1=C(C=C2C(=C1)CC(C2=O)CC3CCN(CC3)CC4=CC=CC=C4)OC
D03208,C1=C(N=C(S1)N=C(N)N)CSCCC(=NS(=O)(=O)N)N
D03209,[Li+]
D03210,CCCC1CC(N(C1)C)C(=O)NC(C2C(C(C(C(O2)SC)O)O)O)C(C)O
D03211,CC1=C(C=C(C=C1)NC2=NC=CC(=N2)N(C)C3=CC4=NN(C(=C4C=C3)C)C)S(=O)(=O)N
D03212,CC(C)CN(CC(C(CC1=CC=CC=C1)NC(=O)OC2CCOC2)OP(=O)(O)O)S(=O)(=O)C3=CC=C(C=C3)N
D03213,C1CC1CN2C(=O)CN=C(C3=C2C=CC(=C3)Cl)C4=CC=CC=C4
D03214,CCC12CCC3C(C1CCC2(C#C)O)CCC4=CC(=NO)CCC34
D03215,C1=CC=C(C(=C1)C2=NC(C(=O)NC3=C2C=C(C=C3)Cl)O)Cl
D03216,CCN1C=C(C(=O)C2=CC(=C(C=C21)N3CCNCC3)F)C(=O)O
D03217,COC(CNC(=O)N)C[Hg]Cl
D03218,CC(CCCN)NC1=C2C(=CC(=C1)OC)C=CC=N2
D03219,CN1CCC23CCCCC2C1CC4=C3C=C(C=C4)OC
D03220,CC1=NN=C2N1C3=C(C=C(S3)Br)C(=NC2)C4=CC=CC=C4Cl
D03221,C1=CC=C(C=C1)CC(C(=O)O)N
D03222,CCC1=C(C(=NC(=N1)N)N)C2=CC=C(C=C2)Cl
D03223,C1=CC(=C(C=C1Cl)Cl)C(CN2C=CN=C2)OCC3=C(SC=C3)Cl
D03224,C1=CC2=C(C=C1Cl)NC(=O)O2
D03225,CCN(CC)C(=O)NC1CN(C2CC3=CNC4=CC=CC(=C34)C2=C1)C
D03226,CC1CC(=O)C2(C(O1)OC3C(C(C(C(C3O2)NC)O)NC)O)O
D03227,CN1C(=O)CN=C(C2=C1C=CC(=C2)Cl)C3=CC=CC=C3F
D03228,CC(CN1C2=CC=CC=C2SC3=C1C=C(C=C3)C#N)CN(C)C
D03229,C(OC(C(F)(F)F)C(F)(F)F)F
D03230,CC1COC2=C3N1C=C(C(=O)C3=CC(=C2N4CCN(CC4)C)F)C(=O)O
D03231,C(CC(=O)NC(CS)C(=O)NCC(=O)O)C(C(=O)O)N
D03232,C(CC(C(=O)O)N)CN
D03233,CCCC(=O)OC(COC(=O)CC)COP(=O)(O)OCC(C(=O)O)N
D03234,C1C(=O)NC2=C(C=C(C=C2)Br)C(=N1)C3=CC=CC=N3
D03235,CC(=O)CCCCN1C(=O)C2=C(N=CN2C)N(C1=O)C
D03236,C1=CC(=C(C=C1CCN)O)O
D03237,C(CCNCCCN)CNCCCN
D03238,CC1=C(C(=O)N2CCCC(C2=N1)O)CCN3CCC(CC3)C4=NOC5=C4C=CC(=C5)F
D03239,CC=C(C)C(=O)OC1C(=CC23C1(C(C(=CC(C2=O)C4C(C4(C)C)CC3C)CO)O)O)C
D03240,CC(=O)OC1=CC=CC=C1C(=O)O
D03241,CC(=O)N1CCN(CC1)C2=CC=C(C=C2)OCC3COC(O3)(CN4C=CN=C4)C5=C(C=C(C=C5)Cl)Cl
D03242,C1C(C1N)C2=CC=CC=C2
D03243,CCC(C)C1C(=O)NC(C(=O)NC(C(=O)NC(C(=O)NC(C(=O)NCCCCC(C(=O)NC(C(=O)N1)CCCN)NC(=O)C(C(C)CC)NC(=O)C(CCC(=O)O)NC(=O)C(CC(C)C)NC(=O)C2CSC(=N2)C(C(C)CC)N)CC(=O)N)CC(=O)O)CC3=CN=CN3)CC4=CC=CC=C4
D03244,CC1=C(N2C(C(C2=O)NC(=O)C(C3=CC=C(C=C3)O)N)SC1)C(=O)O
D03245,CCN(CC)CC1=C(C=CC(=C1)NC2=C3C=CC(=CC3=NC=C2)Cl)O
D03246,CCCCN1CCCCC1C(=O)NC2=C(C=CC=C2C)C
D03247,CNCCC=C1C2=CC=CC=C2CCC3=CC=CC=C31
D03248,CCOC(=O)C(CCC1=CC=CC=C1)NC(C)C(=O)N2CC3=CC(=C(C=C3CC2C(=O)O)OC)OC
D03249,C(C(C(=O)O)N)S
D03250,C1=CC(=C(C=C1C(CN)O)O)O
D03251,CC(CN1C2=CC=CC=C2SC3=CC=CC=C31)N(C)C
D03252,CC(C12CC3CC(C1)CC(C3)C2)N
D03253,CC1C(C(C(C(O1)OC2C(OC(C(C2O)O)OC(C(CO)O)C(C(C=O)O)O)CO)O)O)NC3C=C(C(C(C3O)O)O)CO
D03254,CN1C(=NN=N1)SCC2=C(N3C(C(C3=O)(NC(=O)C4SC(=C(C(=O)N)C(=O)O)S4)OC)SC2)C(=O)O
D03255,CC1=CC2=C(C=C1C)N(C3=NC(=O)NC(=O)C3=N2)CC(C(C(COP(=O)(O)OP(=O)(O)OCC4C(C(C(O4)N5C=NC6=C(N=CN=C65)N)O)O)O)O)O
D03256,CC1(C2CC3C(C(=O)C(=C(C3(C(=O)C2=C(C4=C1C=CC=C4O)O)O)O)C(=O)N)N(C)C)O
D03257,CC1=NN=C2N1C3=C(C=C(C=C3)Cl)C(=NC2)C4=CC=CC=C4
D03258,CC(=O)OCC1=C(N2C(C(C2=O)NC(=O)CC3=CC=CS3)SC1)C(=O)O
D03259,C1=NC(=C2C(=N1)N(C=N2)C3C(C(C(O3)COP(=O)(O)OP(=O)(O)OP(=O)(O)O)O)O)N
D03260,CCCN(CC)C(CC)C(=O)NC1=C(C=CC=C1C)C
D03261,CCN(CC)CCCC(C)NC1=C2C=C(C=CC2=NC3=C1C=CC(=C3)Cl)OC
D03262,CCCC(C)C1(C(=O)NC(=O)NC1=O)CC
D03263,CN1C(=O)CN=C(C2=C1C=CC(=C2)[N+](=O)[O-])C3=CC=CC=C3F
D03264,C1=CN=CC=C1N
D03265,O=[As]O[As]=O
D03266,CN1C(NC2=CC(=C(C=C2S1(=O)=O)S(=O)(=O)N)Cl)CSCC(F)(F)F
D03267,C1=CC(=C(C=C1C2=C(C=C(C=C2)F)F)C(=O)O)O
D03268,CC1=C(N2C(C(C2=O)NC(=O)C(C3=CC=CC=C3)N)SC1)C(=O)O
D03269,B(C(CC(C)C)NC(=O)C(CC1=CC=CC=C1)NC(=O)C2=NC=CN=C2)(O)O
D03270,CN1CCN(CC1)C(=O)OC2C3=NC=CN=C3C(=O)N2C4=NC=C(C=C4)Cl
D03271,C(C(C1C(=C(C(=O)O1)O)O)O)O
D03272,C1C(=O)NC(=O)N1N=CC2=CC=C(O2)[N+](=O)[O-]
D03273,COC1(C2N(C1=O)C(=C(CS2)COC(=O)N)C(=O)O)NC(=O)CC3=CC=CS3
D03274,COCCNC(=O)CN(CCN(CCN(CC(=O)NCCOC)CC(=O)[O-])CC(=O)[O-])CC(=O)[O-].[Gd+3]
D03275,CCCCC1=C(C2=C(O1)C=CC(=C2)NS(=O)(=O)C)C(=O)C3=CC=C(C=C3)OCCCN(CCCC)CCCC
D03276,CCC12CCC3C(C1CCC2(C#C)OC(=O)C)CCC4=CC(=NO)CCC34
D03277,CC1=CC2=C(C=C1C)N(C3=NC(=O)NC(=O)C3=N2)CC(C(C(COP(=O)(O)OP(=O)(O)OCC4C(C(C(O4)N5C=NC6=C(N=CN=C65)N)O)O)O)O)O
D03278,[Cl-].[Cl-].[Ca+2]
D03279,CCC1(C(=O)NCNC1=O)C2=CC=CC=C2
D03280,CC1C(=O)NC2CSSCC3C(=O)NC(C(=O)NC(C(=O)NC(CSSCC(NC(=O)CNC(=O)C(NC2=O)C(C)O)C(=O)NC(CC4=CC=C(C=C4)O)C(=O)O)C(=O)NC(CSSCC(C(=O)N3)N)C(=O)NC(C(=O)N5CCCC5C(=O)N1)CC(=O)N)CC6=CC=C(C=C6)O)CCC(=O)O
D03281,CCOC(=O)C1=CN=CN1C(C)C2=CC=CC=C2
D03282,CC(CCC(=O)O)C1CCC2C1(CCC3C2C(CC4C3(CCC(C4)O)C)O)C
D03283,CC(C)OC(=O)C(C)(C)OC1=CC=C(C=C1)C(=O)C2=CC=C(C=C2)Cl
D03284,CCOC(=O)C1=C(NC(=C(C1C2=CC(=CC=C2)[N+](=O)[O-])C(=O)OC)C)C
D03285,C1=CC(=CC=C1CCC2=CNC3=C2C(=O)NC(=N3)N)C(=O)NC(CCC(=O)O)C(=O)O
D03286,C1=CC(=C(C=C1F)F)C(CN2C=NC=N2)(CN3C=NC=N3)O
D03287,C1C(=O)NC2=C(C=C(C=C2)[N+](=O)[O-])C(=N1)C3=CC=CC=C3
D03288,C1CCC(CC1)NC(=O)N(CCCl)N=O
D03289,B(C(CC(C)C)NC(=O)C(CC1=CC=CC=C1)NC(=O)C2=NC=CN=C2)(O)O
D03290,C1C(C(OC1N2C=C(C(=O)NC2=O)C(F)(F)F)CO)O
D03291,CC1=CC(=O)C2=CC=CC=C2C1=O
D03292,CC(C=CC(C)C(C)(C)O)C1CCC2C1(CCCC2=CC=C3CC(CC(C3)O)O)C
D03293,CN1CC2C(C1)C3=C(C=CC(=C3)Cl)OC4=CC=CC=C24.C(=CC(=O)O)C(=O)O
D03294,C1CN(CC=C1N2C3=CC=CC=C3NC2=O)CCCC(=O)C4=CC=C(C=C4)F
D03295,C[N+]1(C2CCC1CC(C2)OC(=O)C(C3=CC=CC=C3)O)C.[Br-]
D03296,CC1=CC(=C(C=C1)C)OCCCC(C)(C)C(=O)O
D03297,C1=CC=C2C(=C1)C(=NO2)CS(=O)(=O)N
D03298,CCOC(=O)C=C1N(C(=O)C(S1)N2CCCCC2)C
D03299,CN1CCN2C(C1)C3=CC=CC=C3CC4=C2N=CC=C4
D03300,CC(C=CC(C1CC1)O)C2CCC3C2(CCCC3=CC=C4CC(CC(C4=C)O)O)C
D03301,C1C(NC2=C(N1)N=C(NC2=O)N)CNC3=CC=C(C=C3)C(=O)NC(CCC(=O)O)C(=O)O
D03302,CCCCCC(C=CC1C(CC(=O)C1CC=CCCCC(=O)O)O)O
D03303,CC1CC(=O)NN=C1C2=CC=C(C=C2)NN=C(C#N)C#N
D03304,CC12CCC3C(C1CCC2(C)O)CCC4C3(CC5=C(C4)NN=C5)C
D03305,C1CC1CN2C(=O)CN=C(C3=C2C=CC(=C3)Cl)C4=CC=CC=C4
D03306,CC12CCCCCC(C1N)CC3=C2C=C(C=C3)O
D03307,CC1=C(C=C(C(=O)N1)C#N)C2=CC=NC=C2
D03308,C1CCCN(CCC1)CCN=C(N)N
D03309,CC(C)(C)NCC(=O)NC1=CC(=C2CC3CC4C(C(=O)C(=C(C4(C(=O)C3=C(C2=C1O)O)O)O)C(=O)N)N(C)C)N(C)C
D03310,CC(CN1C2=CC=CC=C2SC3=C1C=C(C=C3)S(=O)(=O)N(C)C)N(C)C
D03311,CN(C)CC1=NN=C2N1C3=C(C=C(C=C3)Cl)C(=NC2)C4=CC=CC=C4
D03312,CC1(C2C(C3C(C(=O)C(=C(C3(C(=O)C2=C(C4=C1C=CC=C4O)O)O)O)C(=O)N)N(C)C)O)O
D03313,CCC1(C(=O)NCNC1=O)C2=CC=CC=C2
D03314,CCCCN1CC(C(C(C1CO)O)O)O
D03315,CCC(C)C1(C(=O)NC(=O)NC1=O)CC
D03316,C1COCCN1CCNC(=O)C2=CC=C(C=C2)Cl
D03317,C(OC(C(F)(F)F)C(F)(F)F)F
D03318,CC(C)NCC(C1=CC(=C(C=C1)O)O)O
D03319,CC(C)C(=O)OC1=C(C=C(C=C1)CO)C(CCN(C(C)C)C(C)C)C2=CC=CC=C2
D03320,CC(C)NCC(COC1=CC=CC2=CC=CC=C21)O
D03321,C1CN(CCN1CCOCCO)C(C2=CC=CC=C2)C3=CC=C(C=C3)Cl
D03322,CC1CC=CC=CC(C(CC(C(C(C(CC(=O)O1)OC(=O)C)OC)OC2C(C(C(C(O2)C)OC3CC(C(C(O3)C)OC(=O)CC(C)C)(C)O)N(C)C)O)CC=O)C)O
D03323,C(C(=O)O)N
D03324,CCOC(=O)C(CCC1=CC=CC=C1)NC(C)C(=O)N2CCCC2C(=O)O
D03325,CN1CCN(CC1)CCCOC2=C(C=C3C(=C2)N=CC(=C3NC4=CC(=C(C=C4Cl)Cl)OC)C#N)OC
D03326,CC12CCC3C(C1CCC2(C#C)O)CCC4=C3C=CC(=C4)O
D03327,CN1CCN2C(C1)C3=CC=CC=C3CC4=C2N=CC=C4
D03328,C=CC(CCC(=O)O)N
D03329,CC(C(=O)O)N
D03330,CCCCCC(C=CC1C(CC(=O)C1CCCCCCC(=O)O)O)O
D03331,C1CN(CCC1(C2=CC=C(C=C2)Cl)O)CCCC(=O)C3=CC=C(C=C3)F
D03332,CCN(CC)CCOC(=O)C1=CC=C(C=C1)N
D03333,CC1=C(C(=NO1)C2=CC=CC=C2)C(=O)NC3C4N(C3=O)C(C(S4)(C)C)C(=O)O
D03334,C1CCC(CC1)N2C(=NN=N2)CCCCOC3=CC4=C(C=C3)NC(=O)CC4
D03335,CC(CS)C(=O)N1CCCC1C(=O)O
D03336,C1CC(C1)(C(=O)O)C(=O)O.N.N.[Pt+2]
D03337,COC1=C(C=C(C=C1)Cl)C(=O)NCCC2=CC=C(C=C2)S(=O)(=O)NC(=O)NC3CCCCC3
D03338,CCN(C1=CC=CC(=C1)C2=CC=NC3=C(C=NN23)C#N)C(=O)C
D03339,C1C2CC2N(C1C#N)C(=O)C(C34CC5CC(C3)CC(C5)(C4)O)N
D03340,CC(C)NCC(C1=CC(=C(C=C1)O)O)O
D03341,CC1=CC2=C(S1)NC3=CC=CC=C3N=C2N4CCN(CC4)C
D03342,CC1OCC2C(O1)C(C(C(O2)OC3C4COC(=O)C4C(C5=CC6=C(C=C35)OCO6)C7=CC(=C(C(=C7)OC)O)OC)O)O
D03343,C1C(=O)NC2=C(C=C(C=C2)[N+](=O)[O-])C(=N1)C3=CC=CC=C3Cl
D03344,CC(C)NCC(COC1=CC=C(C=C1)COCCOC(C)C)O
D03345,CC(C(C1CNC2=C(N1)C(=O)NC(=N2)N)O)O
D03346,O=[As]O[As]=O
D03347,C1=CC=C(C(=C1)C2=NC(C(=O)N(C3=C2C=C(C=C3)Cl)CCC#N)O)F
D03348,CC(CN1CC(=O)NC(=O)C1)N2CC(=O)NC(=O)C2
D03349,CC1=C(C=C(C=C1)C(=O)NC2=C3C(=CC(=CC3=C(C=C2)S(=O)(=O)O)S(=O)(=O)O)S(=O)(=O)O)NC(=O)C4=CC(=CC=C4)NC(=O)NC5=CC=CC(=C5)C(=O)NC6=C(C=CC(=C6)C(=O)NC7=C8C(=CC(=CC8=C(C=C7)S(=O)(=O)O)S(=O)(=O)O)S(=O)(=O)O)C
D03350,CCC1C2CC3C4C5(CC(C2C5O)N3C1O)C6=CC=CC=C6N4C
D03351,CCN1C=C(C(=O)C2=CC(=C(C(=C21)F)N3CCNC(C3)C)F)C(=O)O
D03352,CCC(=O)N(C1=CC=CC=C1)C2(CCN(CC2)CCN3C(=O)N(N=N3)CC)COC
D03353,CC1=C(C2=C(N1C(=O)C3=CC=C(C=C3)Cl)C=CC(=C2)OC)CC(=O)O
D03354,CC1C(C(CC(O1)OC2CC(CC3=C2C(=C4C(=C3O)C(=O)C5=C(C4=O)C(=CC=C5)OC)O)(C(=O)CO)O)N)O
D03355,C1C=C(N2C(S1)C(C2=O)NC(=O)C(=CCC(=O)O)C3=CSC(=N3)N)C(=O)O
D03356,CC1C(C(CC(O1)OC2C(OC(CC2O)OC3C(OC(CC3O)OC4CCC5(C(C4)CCC6C5CCC7(C6(CCC7C8=CC(=O)OC8)O)C)C)C)C)O)O
D03357,CCC1=CC2=C(S1)N(C(=O)CN=C2C3=CC=CC=C3Cl)C
D03358,C1CC2=C(C=CC(=C2)F)OC1C(CNCC(C3CCC4=C(O3)C=CC(=C4)F)O)O
D03359,CC1=C(C(=NO1)C2=CC=CC=C2Cl)C(=O)NC3C4N(C3=O)C(C(S4)(C)C)C(=O)O
D03360,C1CCCN(CCC1)CCN=C(N)N
D03361,C1C(OC(S1)CO)N2C=C(C(=NC2=O)N)F
D03362,C1=CC(=CC(=C1)C(F)(F)F)C(=NOCCCCC(=O)O)C2=CN=CC=C2
D03363,CCC1(C(=O)NC(=O)NC1=O)CCC(C)C
D03364,CC12CC(C3C(C1CCC2(C(=O)OCCl)O)CCC4=CC(=O)C=CC34C)O
D03365,CN1CCC23C4C1CC5=C2C(=C(C=C5)OC)OC3C(=O)CC4
D03366,CC(C1C(O1)CC2COC(C(C2O)O)CC(=CC(=O)OCCCCCCCCC(=O)O)C)C(C)O
D03367,CCN(CC)C(=O)NC1CN(C2CC3=CNC4=CC=CC(=C34)C2=C1)C
D03368,COCCCCC(=NOCCN)C1=CC=C(C=C1)C(F)(F)F
D03369,CN(C)CCC=C1C2=CC=CC=C2CCC3=CC=CC=C31
D03370,CC1(CCC(C2=C1C=CC(=C2)NC(=O)C3=CC=C(C=C3)C(=O)O)(C)C)C
D03371,C(CC(C(=O)O)N)CN=C(N)N
D03372,C1CCC2C(C1)CC(N2C(=O)C3CC4=CC=CC=C4CN3C(=O)C(CO)NC(=O)C(CC5=CC=CS5)NC(=O)CNC(=O)C6CC(CN6C(=O)C7CCCN7C(=O)C(CCCN=C(N)N)NC(=O)C(CCCN=C(N)N)N)O)C(=O)NC(CCCN=C(N)N)C(=O)O
D03373,CN1CCC23CCCCC2C1CC4=C3C=C(C=C4)OC
D03374,COC1=CC(=CC(=C1O)OC)C2C3C(COC3=O)C(C4=CC5=C(C=C24)OCO5)OC6C(C(C7C(O6)COC(O7)C8=CC=CS8)O)O
D03375,C1CC1CN2C(=O)CN=C(C3=C2C=CC(=C3)Cl)C4=CC=CC=C4
D03376,C(C(C1C(=C(C(=O)O1)O)O)O)O
D03377,C1CN(CCC1N2C3=C(C=C(C=C3)Cl)NC2=O)CCCN4C5=CC=CC=C5NC4=O
D03378,CC(C)CC1=CC=C(C=C1)C(C)C(=O)O
D03379,CC1=NN=C(S1)NS(=O)(=O)C2=CC=C(C=C2)N
D03380,C(C(=O)O)N
D03381,CCC(=O)C1(CCN(CC1)C)C2=CC(=CC=C2)O
D03382,CN(C)CCCN1C2=CC=CC=C2SC3=CC=CC=C31
D03383,CCCC(C)C1(C(=O)NC(=S)NC1=O)CC=C
D03384,C1CN(CCC1C2=CN(C3=C2C=C(C=C3)Cl)C4=CC=C(C=C4)F)CCN5CCNC5=O
D03385,CC1CC2C3C(CC4=CC(=O)C=CC4(C3C(CC2(C1(C(=O)CO)O)C)O)C)Cl
D03386,C1CN(CCN1CCOCCO)C2=NC3=CC=CC=C3SC4=CC=CC=C42
D03387,CC(C(=O)NC1=C(C(=C(C(=C1I)C(=O)NC(CO)CO)I)C(=O)NC(CO)CO)I)O
D03388,CC1=NN=C2N1C3=C(C=C(C=C3)Cl)C(=NC2)C4=CC=CC=C4Cl
D03389,CC1CC2C3CCC4=CC(=O)C=CC4(C3(C(CC2(C1C(=O)CO)C)O)F)C
D03390,CC(=O)OCC1=C(N2C(C(C2=O)NC(=O)C(=NOC)C3=CSC(=N3)N)SC1)C(=O)O
D03391,C1C(NC2=C(N1)N=C(NC2=O)N)CNC3=CC=C(C=C3)C(=O)NC(CCC(=O)O)C(=O)O
D03392,C1C2=NN=CN2C3=C(C=C(C=C3)Cl)C(=N1)C4=CC=CC=C4
D03393,CC1(C2C(C3C(C(=O)C(=C(C3(C(=O)C2=C(C4=C1C=CC=C4O)O)O)O)C(=O)N)N(C)C)O)O
D03394,CC1=CC(=NO1)C(=O)NCCC2=CC=C(C=C2)S(=O)(=O)NC(=O)NN3CCCCCC3
D03395,CN(CCC1=CC=C(C=C1)NS(=O)(=O)C)CCOC2=CC=C(C=C2)NS(=O)(=O)C
D03396,C1CC2=C(C=CC(=C2)F)OC1C(CNCC(C3CCC4=C(O3)C=CC(=C4)F)O)O
D03397,CN1C(=O)CN=C(C2=C1C=CC(=C2)Cl)C3=CC=CC=C3F
D03398,CC(=O)C1=CC2=C(C=C1)SC3=CC=CC=C3N2CCCN(C)C
D03399,CC1=CC(=C(C(=C1CC2=NCCN2)C)O)C(C)(C)C
D03400,CC1=CC2=C(N1)C=CC=C2OCC(CNC(C)(C)C)OC(=O)C3=CC=CC=C3
D03401,CN(C)CCC=C1C2=CC=CC=C2COC3=C1C=C(C=C3)CC(=O)O
D03402,C1CCN(CC1)C2=NC(=NC3=C2N=C(N=C3N4CCCCC4)N(CCO)CCO)N(CCO)CCO
D03403,CC(=O)NC1=C(C(=C(C(=C1I)C(=O)NC(C=O)C(C(C(CO)O)O)O)I)N(C)C(=O)C)I
D03404,CCOC(=O)C1=CN=CN1C(C)C2=CC=CC=C2
D03405,CCCCCCCCC=CCCCCCCCC(=O)O.C(CO)N
D03406,CN(C)CCCN1C2=CC=CC=C2CCC3=CC=CC=C31
D03407,CC1CC2C3CCC4=CC(=O)C=CC4(C3(C(CC2(C1C(=O)CO)C)O)F)C
D03408,CC(CC1=CC2=C(C(=C1)C(=O)N)N(CC2)CCCO)NCCOC3=CC=CC=C3OCC(F)(F)F
D03409,CCCCN(CCCC)CC(C1=CC(=CC2=C1C3=C(C2=CC4=CC=C(C=C4)Cl)C=C(C=C3)Cl)Cl)O
D03410,CCCN(CCC)S(=O)(=O)C1=CC=C(C=C1)C(=O)O
D03411,COC1=CC=C(C=C1)CCN2CCC(CC2)NC3=NC4=CC=CC=C4N3CC5=CC=C(C=C5)F
D03412,C1CN(CCN1CCC2=C(C=C3C(=C2)CC(=O)N3)Cl)C4=NSC5=CC=CC=C54
D03413,CC(C)CN(CC(C(CC1=CC=CC=C1)NC(=O)OC2COC3C2CCO3)O)S(=O)(=O)C4=CC=C(C=C4)N
D03414,C1=CC(=C(C=C1CCN)O)O
D03415,CCCCCCCCCCCC(CC1C(C(=O)O1)CCCCCC)OC(=O)C(CC(C)C)NC=O
D03416,CCCC(C)C1(C(=O)NC(=O)NC1=O)CC
D03417,CC1=C(N=C(N=C1N)C(CC(=O)N)NCC(C(=O)N)N)C(=O)NC(C(C2=CN=CN2)OC3C(C(C(C(O3)CO)O)O)OC4C(C(C(C(O4)CO)O)OC(=O)N)O)C(=O)NC(C)C(C(C)C(=O)NC(C(C)O)C(=O)NCCC5=NC(=CS5)C6=NC(=CS6)C(=O)NCCC[S+](C)C)O
D03418,CN1CCN(CC1)C2=NC3=CC=CC=C3OC4=C2C=C(C=C4)Cl
D03419,CC1(C(=O)N(C(=O)O1)C)C
D03420,CCCCCCOC(=O)NC(=N)C1=CC=C(C=C1)NCC2=NC3=C(N2C)C=CC(=C3)C(=O)N(CCC(=O)OCC)C4=CC=CC=N4
D03421,CC(C)C(C(=O)OCCOCN1C=NC2=C1N=C(NC2=O)N)N
D03422,C1CN(CCN1CCCN2C3=CC=CC=C3SC4=C2C=C(C=C4)Cl)CCO
D03423,CC(C)CC(C(=O)NC(CCCN=C(N)N)C(=O)N1CCCC1C(=O)NC(C)C(=O)N)NC(=O)C(CCCNC(=O)N)NC(=O)C(CC2=CC=C(C=C2)O)NC(=O)C(CO)NC(=O)C(CC3=CN=CC=C3)NC(=O)C(CC4=CC=C(C=C4)Cl)NC(=O)C(CC5=CC6=CC=CC=C6C=C5)NC(=O)C
D03424,CN(C)CCCN1C2=CC=CC=C2SC3=CC=CC=C31
D03425,C[N+]1(CCC2=CC(=C(C=C2C1CC3=CC(=C(C=C3)OC)OC)OC)OC)CCC(=O)OCCCCCOC(=O)CC[N+]4(CCC5=CC(=C(C=C5C4CC6=CC(=C(C=C6)OC)OC)OC)OC)C
D03426,CC(=O)CC(C1=CC=CC=C1)C2=C(C3=CC=CC=C3OC2=O)O
D03427,CC(C1=CC(=CC(=C1)C(F)(F)F)C(F)(F)F)OC2C(N(CCO2)CC3=NNC(=O)N3)C4=CC=C(C=C4)F
D03428,CCC(C)C1(C(=O)NC(=O)NC1=O)CC
D03429,CC1(C(N2C(S1)C(C2=O)NC(=O)C(C3=CC=CC=C3)N)C(=O)OCOC(=O)C(C)(C)C)C
D03430,CC(C(C1=CC=CC=C1)O)NC
D03431,C1C(SC(=C(C#N)N2C=CN=C2)S1)C3=C(C=C(C=C3)Cl)Cl
D03432,CC1=C(C2=C(N1C(=O)C3=CC=C(C=C3)Cl)C=CC(=C2)OC)CC(=O)O
D03433,CCCCCC(C)(C=CC1C(CC(C1CC=CCCCC(=O)[O-])O)O)O.C(C(CO)(CO)[NH3+])O
D03434,CCCNC(C)C(=O)NC1=C(SC=C1C)C(=O)OC
D03435,C1=CC(=C2C(=C1NCCNCCO)C(=O)C3=C(C=CC(=C3C2=O)O)O)NCCNCCO
D03436,C1=CC(=C(C=C1C(CN)O)O)O
D03437,CC1=C(N=CN1)CN2CCC3=C(C2=O)C4=CC=CC=C4N3C
D03438,C1C(=O)NC(=O)N1N=CC2=CC=C(O2)[N+](=O)[O-]
D03439,C1=CC=NC(=C1)NS(=O)(=O)C2=CC=C(C=C2)N=NC3=CC(=C(C=C3)O)C(=O)O
D03440,CN1C=NC2=C1C(=O)N(C(=O)N2C)C
D03441,CC12CCC3C(C1CCC2O)CCC4=C3C=CC(=C4)OC(=O)N(CCCl)CCCl
D03442,C1CC(OC1CO)N2C=NC3=C2N=CNC3=O
D03443,CC(C)CC(C(C(=O)NO)O)C(=O)NC(C(=O)NC)C(C)(C)C
D03444,CC(=O)NC1=C(C(=C(C(=C1I)C(=O)O)I)NC(=O)C)I
D03445,CC1CC2C3CC(C4=CC(=O)C=CC4(C3C(CC2(C1(C(=O)CO)O)C)O)C)F
D03446,C(C(C(=O)O)N)C(=O)O
D03447,CC1C=CC=CC=CC=CC=CC=CC=CC(CC2C(C(CC(O2)(CC(CC(C(CCC(CC(CC(=O)OC(C(C1O)C)C)O)O)O)O)O)O)O)C(=O)O)OC3C(C(C(C(O3)C)O)N)O
D03448,CC1NC2=CC(=C(C=C2C(=O)N1C3=CC=CC=C3C)S(=O)(=O)N)Cl
D03449,CC1CC2C3CC(C4=CC(=O)C=CC4(C3(C(CC2(C1(C(=O)CO)O)C)O)F)C)F
D03450,CCCC(C)C1(C(=O)NC(=O)NC1=O)CC=C
D03451,CCC12CCC3C(C1CCC2(C#C)O)CCC4=CC(=NO)CCC34
D03452,CC1CC2=CC=CC=C2N1NC(=O)C3=CC(=C(C=C3)Cl)S(=O)(=O)N
D03453,CN1CCCCC1CCN2C3=CC=CC=C3SC4=C2C=C(C=C4)S(=O)C
D03454,C1=CC(=CC=C1C(CC(=O)O)CN)Cl
D03455,CCOC(=O)C1=C(NC(=C(C1C2=C(C(=CC=C2)Cl)Cl)C(=O)OC)C)C
D03456,C1=CC=C(C=C1)CSCC2=NS(=O)(=O)C3=CC(=C(C=C3N2)Cl)S(=O)(=O)N
D03457,C1=CC(=C(C=C1C2=C(C=C(C=C2)F)F)C(=O)O)O
D03458,CC(CN1C2=CC=CC=C2CCC3=CC=CC=C31)CN(C)C
D03459,C1CCN(CC1)CCOCCOC(=O)N2C3=CC=CC=C3SC4=C2N=CC=C4
D03460,CC1=CC(=C(C=C1)O)C(CCN(C(C)C)C(C)C)C2=CC=CC=C2
D03461,CC(C)(C(=O)OCCOC(=O)C1=CN=CC=C1)OC2=CC=C(C=C2)Cl
D03462,CC1=CC2=C(S1)NC3=CC=CC=C3N=C2N4CCN(CC4)C
D03463,C1CCN(CC1)CCC(C2CC3CC2C=C3)(C4=CC=CC=C4)O
D03464,CNCCC(C1=CC=CS1)OC2=CC=CC3=CC=CC=C32
D03465,C(=O)(O)[O-].[Na+]
D03466,C(CC(=O)NC(CS)C(=O)NCC(=O)O)C(C(=O)O)N
D03467,CCCCC1=NC=C(N1CC2=CC=C(C=C2)C(=O)O)C=C(CC3=CC=CS3)C(=O)O
D03468,CCC(C1=CC(=CC=C1)O)C(C)CN(C)C
D03469,CC1=C(C2=C(N1C(=O)C3=CC=C(C=C3)Cl)C=CC(=C2)OC)CC(=O)O
D03470,C1CN(CCN1CCOCCO)C2=NC3=CC=CC=C3SC4=CC=CC=C42
D03471,CCC1(CCC(=O)NC1=O)C2=CC=C(C=C2)N
D03472,CC(CC1=CC=CC=C1)N
D03473,CC1=CC(=O)N(C(=C1)C2CCCCC2)O
D03474,CC1=NN=C2N1C3=C(C=C(C=C3)Cl)C(=NC2)C4=CC=CC=C4
D03475,CC(C(C1=CC=CC=C1)O)N
D03476,CC1=CC2=C(C=C1CC(=O)C3=C(C=CS3)S(=O)(=O)NC4=C(C(=NO4)C)Cl)OCO2
D03477,COC(C(Cl)Cl)(F)F
D03478,CC1CC=CC=CC(C(CC(C(C(C(CC(=O)O1)OC(=O)C)OC)OC2C(C(C(C(O2)C)OC3CC(C(C(O3)C)OC(=O)CC(C)C)(C)O)N(C)C)O)CC=O)C)O
D03479,CN1CCN(CC1)C2=NC3=CC=CC=C3OC4=C2C=C(C=C4)Cl
D03480,CS(=O)(=O)OCCCCOS(=O)(=O)C
D03481,CC(C)CC(C(=O)C1(CO1)C)NC(=O)C(CC2=CC=CC=C2)NC(=O)C(CC(C)C)NC(=O)C(CCC3=CC=CC=C3)NC(=O)CN4CCOCC4
D03482,CN1CCCC(C1)CC2C3=CC=CC=C3SC4=CC=CC=C24
D03483,CCCC1=C2C(=CC3=C1OC(=CC3=O)C(=O)O)C(=O)C=C(N2CC)C(=O)O
D03484,CC(CN1C2=CC=CC=C2SC3=C1N=CC=C3)N(C)C
D03485,CC1=C(OC2=C(C1=O)C=CC=C2C(=O)OCCN3CCCCC3)C4=CC=CC=C4
D03486,CC1=C(SC=[N+]1CC2=CN=C(N=C2N)C)CCO
D03487,CC1=C(C(CCC1)(C)C)C=CC(=CC=CC(=CCO)C)C
D03488,CC(=O)CC(C1=CC=CC=C1)C2=C(C3=CC=CC=C3OC2=O)O
D03489,CN1C(=C(C2=C(S1(=O)=O)C=CS2)O)C(=O)NC3=CC=CC=N3
D03490,C1CC(C(OC1CN)OC2C(CC(C(C2O)OC3C(C(C(C(O3)CO)O)N)O)NC(=O)C(CCN)O)N)N
D03491,C1=CC(=C(C=C1C(C(C(=O)O)N)O)O)O
D03492,COC1=C(N=CN=C1OC)NS(=O)(=O)C2=CC=C(C=C2)N
D03493,CC12CCN(C1N(C3=C2C=C(C=C3)OC(=O)NC)C)C
D03494,CCC(=C(C1=CC=CC=C1)C2=CC=C(C=C2)OCCN(C)C)C3=CC=CC=C3
D03495,COC(=O)C1C(CCC2C1CC3C4=C(CCN3C2)C5=CC=CC=C5N4)O
D03496,CC(C)(C)C1=CC=C(C=C1)CN(C)CC2=CC=CC3=CC=CC=C32
D03497,CCCC(C)C1(C(=O)NC(=O)NC1=O)CC=C
D03498,CC(=O)NC(CC(=O)NC(CCC(=O)O)C(=O)O)C(=O)O
D03499,CCOC(=O)C1=C(NC(=C(C1C2=C(C(=CC=C2)Cl)Cl)C(=O)OC)C)C
D03500,CC1=CC=C(C=C1)C2=C(N3C=C(C=CC3=N2)C)CC(=O)N(C)C
D03501,C1=CC=C2C(=C1)C(=NO2)CS(=O)(=O)N
D03502,C1CC1C#CC2(C3=C(C=CC(=C3)Cl)NC(=O)O2)C(F)(F)F
D03503,C=CCN1CCC23C4C(=O)CCC2(C1CC5=C3C(=C(C=C5)O)O4)O
D03504,CC(=O)OC1C(CC2C1(CCC3C2CCC4C3(CC(C(C4)O)N5CCOCC5)C)C)[N+]6(CCCC6)CC=C
D03505,C1=CC=C(C=C1)CSCC2=NS(=O)(=O)C3=CC(=C(C=C3N2)Cl)S(=O)(=O)N
D03506,C1=CC=C2C(=C1)C=CC3=CC=CC=C3N2C(=O)N
D03507,CCC1(C(=O)NC(=O)NC1=O)C2=CC=CC=C2
D03508,CN1CCCCC1CCC2=CC=CC=C2NC(=O)C3=CC=C(C=C3)OC
D03509,CC1=NN=C2N1C3=C(C=C(C=C3)Cl)C(=NC2)C4=CC=CC=C4Cl
D03510,CN1CC(=O)N2C(C1=O)CC3=C(C2C4=CC5=C(C=C4)OCO5)NC6=CC=CC=C36
D03511,C1CCN(CC1)CCC(C2CC3CC2C=C3)(C4=CC=CC=C4)O
D03512,C1CC2CN(C(=O)C3=CC=CC(=C23)C1)C4CN5CCC4CC5
D03513,CC1=CC(=CC=C1)OCC(CNCCC2=CC(=C(C=C2)OC)OC)O
D03514,CCN1C2=CC3=C(C=C2C(=O)C(=N1)C(=O)O)OCO3
D03515,CNCCCC12CCC(C3=CC=CC=C31)C4=CC=CC=C24
D03516,CCC(CC1=C(C(=C(C=C1I)I)N)I)C(=O)O
D03517,CC1=C(C=C(C=C1)NC(=O)C2=CC=C(C=C2)CN3CCN(CC3)C)NC4=NC=CC(=N4)C5=CN=CC=C5
D03518,CC1(C(N2C(S1)C(C2=O)NC(=O)C(C3=CC=CC=C3)N)C(=O)OCOC(=O)C(C)(C)C)C
D03519,CC(CC1=CC=CC=C1)N(C)CC#C
D03520,CON=C(C1=CSC(=N1)N)C(=O)NC2C3N(C2=O)C(=CCS3)C(=O)O
D03521,C1CN(CCN1)C2=NC3=CC=CC=C3OC4=C2C=C(C=C4)Cl
D03522,CC(C(C1=CC(=CC=C1)O)O)N
D03523,C1=CC=C(C(=C1)C2=NC(C(=O)N(C3=C2C=C(C=C3)Cl)CCC#N)O)F
D03524,C1C(C2C(O1)C(CO2)O[N+](=O)[O-])O[N+](=O)[O-]
D03525,C1CC(=O)NC2=C1C=CC(=C2)OCCCCN3CCN(CC3)C4=C(C(=CC=C4)Cl)Cl
D03526,C1CC(C1)(C(=O)O)C(=O)O.N.N.[Pt+2]
D03527,CCC1(C(=O)NC(=O)N(C1=O)C)C2=CC=CC=C2
D03528,C1=CC=C(C=C1)CO
D03529,C1C(NC2=C(N1)N=C(NC2=O)N)CNC3=CC=C(C=C3)C(=O)NC(CCC(=O)O)C(=O)O
D03530,C1=CC(=C(C=C1Cl)Cl)CON=C(CN2C=CN=C2)C3=C(C=C(C=C3)Cl)Cl
D03531,CC1=C(C2=C(CCC(O2)(C)CCCC(C)CCCC(C)CCCC(C)C)C(=C1O)C)C
D03532,C1CC2C3C(C[S+]2C1)N(C(=O)N3CC4=CC=CC=C4)CC5=CC=CC=C5
D03533,C1=NC(=NN1C2C(C(C(O2)CO)O)O)C(=O)N
D03534,CCN(CC)CCCC(C)NC1=C2C=C(C=CC2=NC3=C1C=CC(=C3)Cl)OC
D03535,CC(=O)SC1CC2=CC(=O)CCC2(C3C1C4CCC5(C4(CC3)C)CCC(=O)O5)C
D03536,CC(C)(C)C(C)(C1CC23CCC1(C4C25CCN(C3CC6=C5C(=C(C=C6)O)O4)CC7CC7)OC)O
D03537,C(CC(=O)NC(CS)C(=O)NCC(=O)O)C(C(=O)O)N
D03538,CCCS(=O)(=O)NC1=C(C(=C(C=C1)F)C(=O)C2=CNC3=C2C=C(C=N3)C4=CC=C(C=C4)Cl)F
D03539,CC1=CC2=C(S1)NC3=CC=CC=C3N=C2N4CCN(CC4)C
D03540,CC(=O)NS(=O)(=O)C1=CC=C(C=C1)N
D03541,CNCCC=C1C2=CC=CC=C2CCC3=CC=CC=C31
D03542,CC(CC1=CC=CC=C1)N=CC(Cl)(Cl)Cl
D03543,C1=NC2=C(N1)C(=S)N=CN2
D03544,CCCN1CCCCC1C(=O)NC2=C(C=CC=C2C)C
D03545,C1C(=C(N2C(S1)C(C2=O)NC(=O)C(C3=CC=CC=C3)O)C(=O)O)CSC4=NN=NN4CS(=O)(=O)O
D03546,CCOC(=O)C(CCC1=CC=CC=C1)NC(C)C(=O)N2CC3=CC=CC=C3CC2C(=O)O
D03547,CC(=O)NC1=NN=C(S1)S(=O)(=O)N
D03548,COC1=C(C=C(C=C1)C2CC(=O)C3=C(C=C(C=C3O2)O)O)O
D03549,CCC1(C(=O)C(CNC1=O)C)CC
D03550,CC1=CC=C(C=C1)N(CC2=NCCN2)C3=CC(=CC=C3)O
D03551,CC(=O)OC1CC2CCC3C(C2(CC1N4CC[N+](CC4)(C)C)C)CCC5(C3CC(C5OC(=O)C)N6CC[N+](CC6)(C)C)C
D03552,C[N+]1(CCCC1)CCCCC[N+]2(CCCC2)C
D03553,CN1CCN(CC1)C2=NC3=CC=CC=C3OC4=C2C=C(C=C4)Cl
D03554,C(=O)(N)NO
D03555,CC1=CC2=C(S1)NC3=CC=CC=C3N=C2N4CCN(CC4)C
D03556,COC1=C(C=CC(=C1)NS(=O)(=O)C)NC2=C3C=CC=CC3=NC4=CC=CC=C42
D03557,CCCSC1=CC2=C(C=C1)N=C(N2)NC(=O)OC
D03558,CC(CC1=CC=CC=C1)N
D03559,CCC(C=CCl)(C#C)O
D03560,CCCC1=NN(C2=C1N=C(NC2=O)C3=C(C=CC(=C3)S(=O)(=O)NCCC4CCCN4C)OCCC)C
D03561,CC1=C(C(C(=C(N1)C)C(=O)OC(C)C)C2=CC=CC3=NON=C32)C(=O)OC
D03562,CN(CCC1=CC=C(C=C1)NS(=O)(=O)C)CCOC2=CC=C(C=C2)NS(=O)(=O)C
D03563,CCCC(=O)OCOC(=O)C1=C(NC(=C(C1C2=C(C(=CC=C2)Cl)Cl)C(=O)OC)C)C
D03564,CCC(=O)C1=CC2=C(C=C1)SC3=CC=CC=C3N2CC(C)N(C)C
D03565,C1C(=O)N(C2=C(C=C(C=C2)Cl)C(=N1)C3=CC=CC=C3)CC(F)(F)F
D03566,C1=CC=C(C=C1)N2C(=O)C(C(=O)N2C3=CC=CC=C3)CCS(=O)C4=CC=CC=C4
D03567,CC1=CC=C(C=C1)S(=O)(=O)NC(=O)NN2CC3CCCC3C2
D03568,C1=CC(=CC=C1CN)S(=O)(=O)N
D03569,C1CNCC(C2=CC(=C(C(=C21)Cl)O)O)C3=CC=C(C=C3)O
D03570,CC1=C(OC(=N1)NS(=O)(=O)C2=CC=C(C=C2)N)C
D03571,CC(C)[N+](C)(CCOC(=O)C1C2=CC=CC=C2OC3=CC=CC=C13)C(C)C
D03572,CC1C(C(=O)N1S(=O)(=O)[O-])NC(=O)C(=NOC(C)(C)C(=O)O)C2=CSC(=[NH+]2)N
D03573,C(C1C(C(C(C(O1)OC2(C(C(C(O2)CO)O)O)COC3(C(C(C(O3)CO)O)O)COC4(C(C(C(O4)CO)O)O)COC5(C(C(C(O5)CO)O)O)COC6(C(C(C(O6)CO)O)O)COC7(C(C(C(O7)CO)O)O)COC8(C(C(C(O8)CO)O)O)COC9(C(C(C(O9)CO)O)O)COC1(C(C(C(O1)CO)O)O)COC1(C(C(C(O1)CO)O)O)COC1(C(C(C(O1)CO)O)O)COC1(C(C(C(O1)CO)O)O)COC1(C(C(C(O1)CO)O)O)COC1(C(C(C(O1)CO)O)O)COC1(C(C(C(O1)CO)O)O)COC1(C(C(C(O1)CO)O)O)COC1(C(C(C(O1)CO)O)O)COC1(C(C(C(O1)CO)O)O)COC1(C(C(C(O1)CO)O)O)COC1(C(C(C(O1)CO)O)O)COC1(C(C(C(O1)CO)O)O)COC1(C(C(C(O1)CO)O)O)COC1(C(C(C(O1)CO)O)O)COC1(C(C(C(O1)CO)O)O)COC1(C(C(C(O1)CO)O)O)COC1(C(C(C(O1)CO)O)O)COC1(C(C(C(O1)CO)O)O)COC1(C(C(C(O1)CO)O)O)COC1(C(C(C(O1)CO)O)O)COC1(C(C(C(O1)CO)O)O)COC1(C(C(C(O1)CO)O)O)COC1(C(C(C(O1)CO)O)O)COC1(C(C(C(O1)CO)O)O)COC1(C(C(C(O1)CO)O)O)COC1(C(C(C(O1)CO)O)O)COC1(C(C(C(O1)CO)O)O)COC1(C(C(C(O1)CO)O)O)CO)O)O)O)O
D03574,CN1C=NC(=C1SC2=NC=NC3=C2NC=N3)[N+](=O)[O-]
D03575,CCO
D03576,CC1CC2CCC3C(=C)CC(O3)CCC45CC6C(O4)C7C(O6)C(O5)C8C(O7)CCC(O8)CC(=O)CC9C(CC(C1=C)O2)OC(C9OC)CC(CN)O
D03577,CC1=CC2=C(S1)NC3=CC=CC=C3N=C2N4CCN(CC4)C
D03578,CC1=CC=CC=C1C(=O)NC2=CC(=C(C=C2)C(=O)N3CCCC(C4=C3C=CC(=C4)Cl)O)C
D03579,CCC(=O)N(C1=CC=CC=C1)C2(CCN(CC2)CCN3C(=O)N(N=N3)CC)COC
D03580,CC1=NN=C(N1C2CC3CCC(C2)N3CCC(C4=CC=CC=C4)NC(=O)C5CCC(CC5)(F)F)C(C)C
D03581,C1=CC=C(C=C1)C2=NC(C(=O)NC3=C2C=C(C=C3)Cl)O
D03582,CN(C)CCOC1=CC=C(C=C1)CNC(=O)C2=CC(=C(C(=C2)OC)OC)OC
D03583,CN(C)CCCN1C2=CC=CC=C2SC3=C1C=C(C=C3)Cl
D03584,CC(O)(P(=O)(O)O)P(=O)(O)O
D03585,CC(C(C1=CC=CC=C1)O)NC
D03586,CC=C(C)C(=O)OC1C(=CC23C1(C(C(=CC(C2=O)C4C(C4(C)C)CC3C)CO)O)O)C
D03587,CC(C)(C1=CN=CC=C1)C(=O)C2=CN=CC=C2
D03588,CC(C)(C)NCC(COC1=CC=CC2=C1CCC(=O)N2)O
D03589,C(CC(C(=O)O)N)CN
D03590,CC1C(C(CC(O1)OC2CC(CC3=C2C(=C4C(=C3O)C(=O)C5=C(C4=O)C(=CC=C5)OC)O)(C(=O)CO)O)N)O
D03591,C1C(SC(=C(C#N)N2C=CN=C2)S1)C3=C(C=C(C=C3)Cl)Cl
D03592,C1=CC=C(C=C1)C(C2=CC=CC=C2)S(=O)CC(=O)N
D03593,CCOC(=O)C1=CN=CN1C(C)C2=CC=CC=C2
D03594,C1CC1NC2=C3C(=NC(=N2)N)N(C=N3)C4CC(C=C4)CO
D03595,CCCCCC(C=CC1C(CC(=O)C1CC=CCCCC(=O)O)O)O
D03596,CC(C(C(=O)O)N)O
D03597,C1=C(C=C(C(=C1S(=O)(=O)N)Cl)Cl)S(=O)(=O)N
D03598,CC1=C(C(=CC=C1)C)NC(=O)C(C)N
D03599,CCC(CO)NC(=O)C1CN(C2CC3=CN(C4=CC=CC(=C34)C2=C1)C)C
D03600,CCOC(=O)C1=C(NC(=C(C1C2=CC(=CC=C2)[N+](=O)[O-])C(=O)OC)C)C
D03601,C[N+]1(CCC2=CC(=C(C=C2C1CC3=CC(=C(C=C3)OC)OC)OC)OC)CCC(=O)OCCCCCOC(=O)CC[N+]4(CCC5=CC(=C(C=C5C4CC6=CC(=C(C=C6)OC)OC)OC)OC)C
D03602,CC(=O)C1=CC(=C(C=C1)OCCCN2CCC(CC2)C3=NOC4=C3C=CC(=C4)F)OC
D03603,CC1CCC2CC(C(=CC=CC=CC(CC(C(=O)C(C(C(=CC(C(=O)CC(OC(=O)C3CCCCN3C(=O)C(=O)C1(O2)O)C(C)CC4CCC(C(C4)OC)OCCO)C)C)O)OC)C)C)C)OC
D03604,C1=CC=C(C=C1)CCCCOC2=CC=C(C=C2)C(=O)NC3=CC=CC4=C3OC(=CC4=O)C5=NNN=N5
D03605,CCC1=CC=C(C=C1)C(=O)C(C)CN2CCCCC2
D03606,CN(C)CCC=C1C2=CC=CC=C2COC3=CC=CC=C31
D03607,C1C2CC3CC1CC(C2)(C3)N
D03608,CN(C)CCCN1C2=CC=CC=C2SC3=C1C=C(C=C3)Cl
D03609,CCC1(CCC(=O)NC1=O)C2=CC=CC=C2
D03610,CN(C)CCCN1C2=CC=CC=C2CCC3=C1C=C(C=C3)Cl
D03611,CC1=CC(=CC=C1)NC2=C(C=NC=C2)S(=O)(=O)NC(=O)NC(C)C
D03612,CC1=C(C(=CC=C1)C(C)C2=CN=CN2)C
D03613,CC12CCC3C(C1CCC2(C#C)O)CCC4=C3C=CC(=C4)O
D03614,CNCC(C1=CC(=CC=C1)O)O
D03615,C1C(C(C(C(C1(CO)O)O)O)O)NC(CO)CO
D03616,CC(C1=CC=C(C=C1)C(=O)C2=CC=CS2)C(=O)O
D03617,CCCC1OC2CC3C4CCC5=CC(=O)C=CC5(C4C(CC3(C2(O1)C(=O)CO)C)O)C
D03618,CN(C)CC1CCCCC1(C2=CC(=CC=C2)OC)O
D03619,CC1=C(SC=[N+]1CC2=CN=C(N=C2N)C)CCO
D03620,CC1=CC2=C(C=C1C)N(C3=NC(=O)NC(=O)C3=N2)CC(C(C(COP(=O)(O)OP(=O)(O)OCC4C(C(C(O4)N5C=NC6=C(N=CN=C65)N)O)O)O)O)O
D03621,C1=NC2=C(N1COC(CO)CO)N=C(NC2=O)N
D03622,C1=NC(=C2C(=N1)N(C=N2)C3C(C(C(O3)COP(=O)(O)O)O)O)N
D03623,CC(C1C2CC(=C(N2C1=O)C(=O)O)SCCN=CN)O
D03624,C(C(F)(F)F)(Cl)Br
D03625,C(=O)(O)P(=O)(O)O
D03626,CN1CCN2C(C1)C3=CC=CC=C3CC4=CC=CC=C42
D03627,CCCCCCOC(=O)NC(=N)C1=CC=C(C=C1)NCC2=NC3=C(N2C)C=CC(=C3)C(=O)N(CCC(=O)OCC)C4=CC=CC=N4
D03628,CN1CCN(CC1)C2=NC3=C(C=CC(=C3)Cl)NC4=CC=CC=C42
D03629,CN(C)C1=CC=C(C=C1)C(=C2C=CC(=[N+](C)C)C=C2)C3=CC=C(C=C3)N(C)C
D03630,CC(=O)C(=O)O
D03631,CC1(C(N2C(S1)C(C2=O)N3C(=O)C(NC3(C)C)C4=CC=CC=C4)C(=O)O)C
D03632,CC(C(C1=CC=CC=C1)O)NC
D03633,[Zn]
D03634,CC12CCC3C(C1CCC2(C)O)CCC4C3(COC(=O)C4)C
D03635,C=CCN1CCC23C4C(=O)CCC2(C1CC5=C3C(=C(C=C5)O)O4)O
D03636,CN(C)C1C2CC3CC4=C(C=CC(=C4C(=C3C(=O)C2(C(=C(C1=O)C(=O)N)O)O)O)O)N(C)C
D03637,CC(C)C1=NC(=NC(=C1C=CC(CC(CC(=O)O)O)O)C2=CC=C(C=C2)F)N(C)S(=O)(=O)C
D03638,C1C(C(OC1N2C=NC3=C2NC=NCC3O)CO)O
D03639,C1C2CC2N(C1C#N)C(=O)C(C34CC5CC(C3)CC(C5)(C4)O)N
D03640,C1=NC(=C2C(=N1)N(C=N2)C3C(C(C(O3)COP(=O)(O)O)O)O)N
D03641,CC1(OC2CC3C4CC(C5=CC(=O)CCC5(C4C(CC3(C2(O1)C(=O)CO)C)O)C)F)C
D03642,CN1C=NC2=C1C(=O)N(C(=O)N2C)C
D03643,CNCCC(C1=CC=CS1)OC2=CC=CC3=CC=CC=C32
D03644,C1CN(CCN1CCC=C2C3=CC=CC=C3SC4=C2C=C(C=C4)Cl)CCO
D03645,CC(=O)OCC(=O)NCCCOC1=CC=CC(=C1)CN2CCCCC2
D03646,CN1C(=O)CN=C(C2=C1C=CC(=C2)Cl)C3=CC=CC=C3
D03647,[Al]
D03648,C(C(F)(F)F)(Cl)Br
D03649,C1CNCC(C1C2=CC=C(C=C2)F)COC3=CC4=C(C=C3)OCO4
D03650,C1CN(CCN1CCC2=C(C=C3C(=C2)CC(=O)N3)Cl)C4=NSC5=CC=CC=C54
D03651,CC1COC2=C3N1C=C(C(=O)C3=CC(=C2N4CCN(CC4)C)F)C(=O)O
D03652,COC1=CC2=C(C=C1C(=O)NCC3CCCN3CC=C)NN=N2
D03653,CC(=O)OCC1=C(N2C(C(C2=O)NC(=O)C(=NOC)C3=CSC(=N3)N)SC1)C(=O)O
D03654,CC1=CC=C(C=C1)C2=CC(=NN2C3=CC=C(C=C3)S(=O)(=O)N)C(F)(F)F
D03655,CCC(C)(C)C(=O)OC1CC(C=C2C1C(C(C=C2)C)CCC3CC(CC(=O)O3)O)C
D03656,CCC(C(C1=C2C=CC(=O)NC2=C(C=C1)O)O)NC(C)C
D03657,C(C(F)(F)F)(C(F)(F)F)(F)F
D03658,CC1=NC2=C(C=C(C=C2)CN(C)C3=CC=C(S3)C(=O)NC(CCC(=O)O)C(=O)O)C(=O)N1
D03659,C1CN(CCN1CCCN2C(=O)N3C=CC=CC3=N2)C4=CC(=CC=C4)Cl
D03660,CCCN(CCC)CCC1=C2CC(=O)NC2=CC=C1
D03661,C1CN=C(N1)NC2=C(C3=NC=CN=C3C=C2)Br
D03662,C1=CC2=C(C(=C1)OCC(COC3=CC=CC4=C3C(=O)C=C(O4)C(=O)O)O)C(=O)C=C(O2)C(=O)O
D03663,CC1C(OCCN1)C2=CC=CC=C2
D03664,C1CC(N(C1)C(=O)C2CSSCC(C(=O)NC(C(=O)NC(C(=O)NC(C(=O)NC(C(=O)N2)CC(=O)N)CCC(=O)N)CC3=CC=CC=C3)CC4=CC=C(C=C4)O)NC(=O)CNC(=O)CNC(=O)CN)C(=O)NC(CCCCN)C(=O)NCC(=O)N
D03665,CCCCC(CC)CN1CC(CN(C1)CC(CC)CCCC)(C)N
D03666,COC(=O)C1C(CCC2C1CC3C4=C(CCN3C2)C5=CC=CC=C5N4)O
D03667,CCN(CC)CCNC1=C2C(=C(C=C1)C)SC3=CC=CC=C3C2=O
D03668,CCC(=O)C1=CC2=C(C=C1)SC3=CC=CC=C3N2CC(C)N(C)C
D03669,CC(C)CC1(C(=O)NC(=O)NC1=O)CC=C
D03670,CC(=O)C1=CC(=C(C=C1)OCCCN2CCC(CC2)C3=NOC4=C3C=CC(=C4)F)OC
D03671,CCCC(C)C1(C(=O)NC(=S)NC1=O)CC=C
D03672,CN(C)CC1=NN=C2N1C3=C(C=C(C=C3)Cl)C(=NC2)C4=CC=CC=C4
D03673,C1CCN(CC1)CCCC(C2=CC=CC=C2)(C3=CC=CC=C3)O
D03674,C(CC(=O)NC(CS)C(=O)NCC(=O)O)C(C(=O)O)N
D03675,CCC1(C(=O)C(CNC1=O)C)CC
D03676,CC1=C(C(=NO1)C2=CC=CC=C2Cl)C(=O)NC3C4N(C3=O)C(C(S4)(C)C)C(=O)O
D03677,C1CCCN(CCC1)CCN=C(N)N
D03678,CC1=C(C=C(C=C1)NC2=NC=CC(=N2)N(C)C3=CC4=NN(C(=C4C=C3)C)C)S(=O)(=O)N
D03679,C(CN)C(O)(P(=O)(O)O)P(=O)(O)O
D03680,CC(=O)NC(CS)C(=O)O
D03681,[O-2].[Mg+2]
D03682,COC1=C(C=C(C=C1)Cl)C(=O)NCCC2=CC=C(C=C2)S(=O)(=O)NC(=O)NC3CCCCC3
D03683,CC(C)OC(=O)CCCC=CCC1C(CC(C1C=CC(COC2=CC=CC(=C2)C(F)(F)F)O)O)O
D03684,C1=CC(=C(C(=C1)Cl)C=NN=C(N)N)Cl
D03685,CC1CCN(C(C1)C(=O)O)C(=O)C(CCCN=C(N)N)NS(=O)(=O)C2=CC=CC3=C2NCC(C3)C
D03686,CN=C1CN(C(=C2C=C(C=CC2=N1)Cl)C3=CC=CC=C3)O
D03687,C1C(OC(S1)CO)N2C=CC(=NC2=O)N
D03688,CC1=NN=C2N1C3=C(C=C(C=C3)Cl)C(=NC2)C4=CC=CC=C4
D03689,CCOC1=CC=CC=C1OCCNC(C)CC2=CC(=C(C=C2)OC)S(=O)(=O)N
D03690,CC1CC2C3CCC4=CC(=O)C=CC4(C3(C(CC2(C1(C(=O)CO)O)C)O)F)C
D03691,CC(=O)OC1C=CC2C3CC4=C5C2(C1OC5=C(C=C4)OC(=O)C)CCN3C
D03692,C1=CC(=CC=C1CN)S(=O)(=O)N
D03693,C1=CC2=C(C=CC(=C2N=C1)O)[N+](=O)[O-]
D03694,CCC1(C(=O)NC(=O)N(C1=O)C)C2=CC=CC=C2
D03695,C1=NC2=C(N1CCC(CO)CO)N=C(NC2=O)N
D03696,CC12CC3CC(C1)(CC(C3)(C2)N)C
D03697,CC1C(OCCN1C)C2=CC=CC=C2
D03698,CN(C)CCCN1C2=CC=CC=C2SC3=C1C=C(C=C3)Cl
D03699,CCC(=O)NCCC1CCC2=C1C3=C(C=C2)OCC3
D03700,CN1CCN2C(C1)C3=CC=CC=C3CC4=C2N=CC=C4
D03701,C1C2=NN=CN2C3=C(C=C(C=C3)Cl)C(=N1)C4=CC=CC=C4
D03702,CCCCCCCN(CC)CCCC(C1=CC=C(C=C1)NS(=O)(=O)C)O
D03703,CCOC(=O)C1=C2CN(C(=O)C3=C(N2C=N1)C=CC(=C3)F)C
D03704,CON=C1CN(CC1CN)C2=C(C=C3C(=O)C(=CN(C3=N2)C4CC4)C(=O)O)F
D03705,CC1=C(C=C(C=C1)C(=O)NC2=CC(=CC(=C2)C(F)(F)F)N3C=C(N=C3)C)NC4=NC=CC(=N4)C5=CN=CC=C5
D03706,COC1=CC=CC=C1OCCNCC(COC2=CC=CC3=C2C4=CC=CC=C4N3)O
D03707,CCCCN1CC(C(C(C1CO)O)O)O
D03708,CCCC(C)C1(C(=O)NC(=S)NC1=O)CC=C
D03709,COC1=CC=C(C=C1)N2C3=C(CCN(C3=O)C4=CC=C(C=C4)N5CCCCC5=O)C(=N2)C(=O)N
D03710,CC(=O)NCCCS(=O)(=O)O
D03711,CC(CC1=CC=CC=C1)N
D03712,CN1CCCC1C2=CN=CC=C2
D03713,CCCC(=O)NC1=CC(=C(C=C1)OCC(CNC(C)C)O)C(=O)C
D03714,CN(C)CCC=C1C2=CC=CC=C2COC3=CC=CC=C31
D03715,CN1C(=O)CN=C(C2=C1C=CC(=C2)Cl)C3=CC=CC=C3
D03716,CNC1CCC(C2=CC=CC=C12)C3=CC(=C(C=C3)Cl)Cl
D03717,CC1=C(C(=NO1)C2=C(C=CC=C2Cl)F)C(=O)NC3C4N(C3=O)C(C(S4)(C)C)C(=O)O
D03718,CC1=CC(=C(C=C1)Cl)OCC(CNC(C)(C)C)O
D03719,C1=CC=C(C=C1)C2=CC=C(C=C2)C(=O)CCC(=O)O
D03720,CCC=CCC=CCC=CCC=CCC=CCCCC(=O)O
D03721,CC(C)C(C(=O)OCCOCN1C=NC2=C1N=C(NC2=O)N)N
D03722,C1CC(N(C1)C(=O)C2CSSCCC(=O)NC(C(=O)NC(C(=O)NC(C(=O)NC(C(=O)N2)CC(=O)N)CCC(=O)N)CC3=CC=CC=C3)CC4=CC=C(C=C4)O)C(=O)NC(CCCN=C(N)N)C(=O)NCC(=O)N
D03723,CCOC(CN1CCN(CC1)CC(C)C(=O)C2=CC=CC=C2)C3=CC=CC=C3
D03724,C1CN(CCN1CCOCCO)C2=NC3=CC=CC=C3SC4=CC=CC=C42
D03725,C1CNCCNCCCN(CCNC1)CC2=CC=C(C=C2)CN3CCCNCCNCCCNCC3
D03726,C1CC(=O)NC2=C1C=CC(=C2)OCCCCN3CCN(CC3)C4=C(C(=CC=C4)Cl)Cl
D03727,COC(=O)NC1=NC2=C(N1)C=C(C=C2)C(=O)C3=CC=CC=C3
D03728,C1=CC(=CC=C1C2C(C(=O)N2C3=CC=C(C=C3)F)CCC(C4=CC=C(C=C4)F)O)O
D03729,C1CN(CCN1CCOC(=O)C2=CC=CC=C2NC3=C4C=CC(=CC4=NC=C3)C(F)(F)F)C5=CC=CC(=C5)C(F)(F)F
D03730,C(CC(=O)NC(CS)C(=O)NCC(=O)O)C(C(=O)O)N
D03731,CC1=C(N2C(C(C2=O)NC(=O)C(C3=CC=CC=C3)N)SC1)C(=O)O
D03732,CCC1C(=NN=C(C2=CC(=C(C=C12)OC)OC)C3=CC(=C(C=C3)OC)OC)C
D03733,CC1C(C(=O)NC(C(=O)N2CCCC2C(=O)N(CC(=O)N(C(C(=O)O1)C(C)C)C)C)C(C)C)NC(=O)C3=C4C(=C(C=C3)C)OC5=C(C(=O)C(=C(C5=N4)C(=O)NC6C(OC(=O)C(N(C(=O)CN(C(=O)C7CCCN7C(=O)C(NC6=O)C(C)C)C)C)C(C)C)C)N)C
D03734,CN(C)CCC1=CNC2=C1C=C(C=C2)CC3COC(=O)N3
D03735,C1C2CC(C1C=C2)C3NC4=CC(=C(C=C4S(=O)(=O)N3)S(=O)(=O)N)Cl
D03736,CN1C2=C(C(=O)N(C1=O)C)N(C=N2)CC(CO)O
D03737,C1=C(NC=N1)CC(C(=O)O)N
D03738,CCC(C)C1(C(=O)NC(=O)NC1=O)CC
D03739,CC(C)CC(C(=O)NC(CCCN=C(N)N)C(=O)N1CCCC1C(=O)NCC(=O)N)NC(=O)CNC(=O)C(CC2=CC=C(C=C2)O)NC(=O)C(CO)NC(=O)C(CC3=CNC4=CC=CC=C43)NC(=O)C(CC5=CN=CN5)NC(=O)C6CCC(=O)N6
D03740,CN1CCN(CC1)C2=NC3=CC=CC=C3OC4=C2C=C(C=C4)Cl
D03741,CCC(CO)NC(=O)C1CN(C2CC3=CN(C4=CC=CC(=C34)C2=C1)C)C
D03742,CC(C)CC1C(=O)N2CCCC2C3(N1C(=O)C(O3)(C(C)C)NC(=O)C4CN(C5CC6=C(NC7=CC=CC(=C67)C5=C4)Br)C)O
D03743,CC(C)C1=C(C(=C(N1CCC(CC(CC(=O)O)O)O)C2=CC=C(C=C2)F)C3=CC=CC=C3)C(=O)NC4=CC=CC=C4
D03744,CN(C)CCOC(C1=CC=C(C=C1)Cl)C2=CC=CC=N2
D03745,CCC1(C(=O)NC(=O)NC1=O)C2=CCCCCC2
D03746,CCC(C(C1=CC(=C(C=C1)O)O)O)NC(C)C
D03747,CC1(C2C(C3C(C(=O)C(=C(C3(C(=O)C2=C(C4=C1C=CC=C4O)O)O)O)C(=O)N)N(C)C)O)O
D03748,CC1=CC2=C(S1)NC3=CC=CC=C3N=C2N4CCN(CC4)C
D03749,CCCCSC1=CC=C(C=C1)C(C2=CC=CC=C2)SCCN(C)C
D03750,C(C(C(=O)O)N)C(=O)N
D03751,C1=CC(=C(C(=C1)C(=O)C2=CC=C(C=C2)Br)N)CC(=O)O
D03752,B(C(CC(C)C)NC(=O)C(CC1=CC=CC=C1)NC(=O)C2=NC=CN=C2)(O)O
D03753,CCCC(C(=O)OCC)NC(C)C(=O)N1C2CCCCC2CC1C(=O)O
D03754,C1CN(CCN1CC=CC2=CC=CC=C2)C(C3=CC=CC=C3)C4=CC=CC=C4
D03755,CN(CCC1=CC=C(C=C1)NS(=O)(=O)C)CCOC2=CC=C(C=C2)NS(=O)(=O)C
D03756,CC1C=CC=C(C(=O)NC2=C(C(=C3C(=C2O)C(=C(C4=C3C(=O)C(O4)(OC=CC(C(C(C(C(C(C1O)C)O)C)OC(=O)C)C)OC)C)C)O)O)C=NN5CCN(CC5)C)C
D03757,C[N+]1(CCC(C1)OC(=O)C(C2CCCC2)(C3=CC=CC=C3)O)C
D03758,CC1=NN=C2N1C3=C(C=C(C=C3)Cl)C(=NC2)C4=CC=CC=C4Cl
D03759,C1CN=C(N1)NC2=C(C=CC=C2Cl)Cl
D03760,CN(CC#C)CC1=CC=CC=C1
D03761,C1=C(NN=C1)CCN
D03762,CC(C1C(=O)NC(CSSCC(C(=O)NC(C(=O)NC(C(=O)NC(C(=O)N1)CCCCN)CC2=CNC3=CC=CC=C32)CC4=CC=CC=C4)NC(=O)C(CC5=CC=CC=C5)N)C(=O)NC(CO)C(C)O)O
D03763,CC(C)CC(C(=O)NC(CCCN=C(N)N)C(=O)N1CCCC1C(=O)NC(C)C(=O)N)NC(=O)C(CCCNC(=O)N)NC(=O)C(CC2=CC=C(C=C2)O)NC(=O)C(CO)NC(=O)C(CC3=CN=CC=C3)NC(=O)C(CC4=CC=C(C=C4)Cl)NC(=O)C(CC5=CC6=CC=CC=C6C=C5)NC(=O)C
D03764,CN(C)CCC=C1C2=CC=CC=C2CCC3=CC=CC=C31
D03765,CC1=C(C=C(C=C1)C(=O)NC2=CC(=CC(=C2)C(F)(F)F)N3C=C(N=C3)C)NC4=NC=CC(=N4)C5=CN=CC=C5
D03766,CN(C)CCCN1C2=CC=CC=C2SC3=C1C=C(C=C3)C(F)(F)F
D03767,C1=CN(C=N1)CC(O)(P(=O)(O)O)P(=O)(O)O
D03768,CN(CC(=O)O)C(=N)N
D03769,CCCC(C)C1(C(=O)NC(=O)NC1=O)CC
D03770,CCOC(=O)C1=CN=C(C=C1)C#CC2=CC3=C(C=C2)SCCC3(C)C
D03771,CN1CCCC1CC2=CNC3=C2C=C(C=C3)CCS(=O)(=O)C4=CC=CC=C4
D03772,C(CC(=O)NC(CS)C(=O)NCC(=O)O)C(C(=O)O)N
D03773,CC1=CC(=C(C(=C1OC(=O)C)C)C)OCC(CNC(C)C)O
D03774,CCC1(CC2CC(C3=C(CCN(C2)C1)C4=CC=CC=C4N3)(C5=C(C=C6C(=C5)C78CCN9C7C(C=CC9)(C(C(C8N6C)(C(=O)OC)O)OC(=O)C)CC)OC)C(=O)OC)O
D03775,CC(C)(C)NCC(=O)NC1=CC(=C2CC3CC4C(C(=O)C(=C(C4(C(=O)C3=C(C2=C1O)O)O)O)C(=O)N)N(C)C)N(C)C
D03776,C1CN2CCC1C(C2)OC(=O)N3CCC4=CC=CC=C4C3C5=CC=CC=C5
D03777,CN1CCC(CC1)COC2=C(C=C3C(=C2)N=CN=C3NC4=C(C=C(C=C4)Br)F)OC
D03778,CCC(C)C1(C(=O)NC(=O)NC1=O)CC
D03779,COC1=CC(=CC(=C1OC)OC)CC2=CN=C(N=C2N)N
D03780,C1=CN(C(=O)N=C1N)C2C(C(C(O2)CO)O)(F)F
D03781,CC1CC2C3C(CC4=CC(=O)C=CC4(C3C(CC2(C1(C(=O)CO)O)C)O)C)Cl
D03782,CCOC(=O)C1=C(NC(=C(C1C2=CC=CC=C2Cl)C(=O)OC)C)COCCN
D03783,CCC1C(C(C(C(=O)C(CC(C(C(C(C(C(=O)O1)C)OC2CC(C(C(O2)C)O)(C)OC)C)OC3C(C(CC(O3)C)N(C)C)O)(C)OC)C)C)O)(C)O
D03784,CN(C)CCCN1C2=CC=CC=C2CCC3=CC=CC=C31
D03785,C[N+]1(CCCC1)CC2=C(N3C(C(C3=O)NC(=O)C(=NOC)C4=CSC(=N4)N)SC2)C(=O)[O-]
D03786,CC(=O)NS(=O)(=O)C1=CC=C(C=C1)N
D03787,C1=CC=NC(=C1)NS(=O)(=O)C2=CC=C(C=C2)N
D03788,CCC1=CC2=C(S1)N(C(=O)CN=C2C3=CC=CC=C3Cl)C
D03789,C[N+]12CCC(CC1)C(C2)OC(=O)C(C3=CC=CC=C3)(C4=CC=CC=C4)O
D03790,CC(C)CC(C(=O)NC(CCCN=C(N)N)C(=O)N1CCCC1C(=O)NC(C)C(=O)N)NC(=O)C(CCCNC(=O)N)NC(=O)C(CC2=CC=C(C=C2)O)NC(=O)C(CO)NC(=O)C(CC3=CN=CC=C3)NC(=O)C(CC4=CC=C(C=C4)Cl)NC(=O)C(CC5=CC6=CC=CC=C6C=C5)NC(=O)C
D03791,CC(=O)C1=CC(=C(C=C1)OCCCN2CCC(CC2)C3=NOC4=C3C=CC(=C4)F)OC
D03792,CCCN1CC(CC2C1CC3=CNC4=CC=CC2=C34)CSC
D03793,C(C(C(=O)O)N)SSCC(C(=O)O)N
D03794,CNC(=O)C1=NC=CC(=C1)OC2=CC=C(C=C2)NC(=O)NC3=CC(=C(C=C3)Cl)C(F)(F)F
D03795,CC1=CC=C(C=C1)N(CC2=NCCN2)C3=CC(=CC=C3)O
D03796,CCN(C1=CC=CC(=C1)C2=CC=NC3=C(C=NN23)C#N)C(=O)C
D03797,CCCC(C)(COC(=O)N)COC(=O)NC(C)C
D03798,C1CC(=O)NC2=C1C=CC(=C2)OCCCCN3CCN(CC3)C4=C(C(=CC=C4)Cl)Cl
D03799,CC1=CC(=C(C=C1)Cl)OCC(CNC(C)(C)C)O
D03800,CN1CCC23C4C1CC5=C2C(=C(C=C5)O)OC3C(=O)CC4
D03801,C(C(C1C2C(O[Sb](O2)(O1)O[Sb]34OC(C(O3)C(CO)O)C(O4)C(=O)[O-])C(=O)[O-])O)O.O.O.O.O.O.O.O.O.O.O.[OH-].[Na+].[Na+].[Na+]
D03802,C1=CC=C(C(=C1)C2=NC(C(=O)N(C3=C2C=C(C=C3)Cl)CCC#N)O)F
D03803,CC1=NC=C(C(=C1O)C=O)CO
D03804,C(C(F)(F)F)(OC(F)F)Cl
D03805,CC(=O)OC1CC2CCC3C(C2(CC1N4CC[N+](CC4)(C)C)C)CCC5(C3CC(C5OC(=O)C)N6CC[N+](CC6)(C)C)C
D03806,C1CN(CCC1C2=CN(C3=C2C=C(C=C3)Cl)C4=CC=C(C=C4)F)CCN5CCNC5=O
D03807,CCC1C(C(C(N(CC(CC(C(C(C(C(C(=O)O1)C)OC2CC(C(C(O2)C)O)(C)OC)C)OC3C(C(CC(O3)C)N(C)C)O)(C)O)C)C)C)O)(C)O
D03808,CC(=O)NC1C(C=C(OC1C(C(CO)O)O)C(=O)O)N=C(N)N
D03809,C1CC(CCC1OP(=O)([O-])OCC(CN(CCN(CC(=O)[O-])CC(=O)[O-])CC(=O)[O-])N(CC(=O)[O-])CC(=O)[O-])(C2=CC=CC=C2)C3=CC=CC=C3.[Na+].[Na+].[Na+].[Gd+3]
D03810,CC[N+](C)(CC)CCOC(=O)C1C2=CC=CC=C2OC3=CC=CC=C13
D03811,CC1=C(C(=O)C=CN1C)O
D03812,C1=CC=C(C=C1)C2=NC(C(=O)NC3=C2C=C(C=C3)Cl)O
D03813,CC12CCC3C(C1CCC2C(=O)NC(C)(C)C)CCC4C3(C=CC(=O)N4)C
D03814,CCOC(=O)NC1=CC2=C(C=C1)SC3=CC=CC=C3N2C(=O)CCN4CCOCC4
D03815,C[N+]1(CCCC(C1)OC(=O)C(C2=CC=CC=C2)(C3=CC=CC=C3)O)C
D03816,C1C2CNCC1C3=CC4=NC=CN=C4C=C23
D03817,CCC(CC1=C(C(=C(C=C1I)I)N)I)C(=O)O
D03818,COC(C(Cl)Cl)(F)F
D03819,CNC(=O)C1=NC=CC(=C1)OC2=CC(=C(C=C2)NC(=O)NC3=CC(=C(C=C3)Cl)C(F)(F)F)F
D03820,CN1C(=O)CN=C(C2=C1C=CC(=C2)Cl)C3=CC=CC=C3
D03821,C1C(N=C(NC1O)N)C2C(=O)NCC(C(=O)NC(C(=O)NC(C(=O)NC(=CNC(=O)N)C(=O)N2)CO)CO)NC(=O)CC(CCCN)N
D03822,CC(C)C1=C(C(=CC=C1)C(C)C)O
D03823,COC(=O)C(CC1=CC=CC=C1)NC(=O)C(CC(=O)O)N
D03824,COC(C(Cl)Cl)(F)F
D03825,C1=CC(=CN=C1)CC(O)(P(=O)(O)O)P(=O)(O)O
D03826,CN(C)CCCN1C2=CC=CC=C2CCC3=CC=CC=C31
D03827,CCN(CC)C(C)C(=O)C1=CC=CC=C1
D03828,CCC(=O)N(C1CCN(CC1)CCC2=CC=CC=C2)C3=CC=CC=C3
D03829,CCCNCC(COC1=CC=CC=C1C(=O)CCC2=CC=CC=C2)O
D03830,CCC(=C(C1=CC=CC=C1)C2=CC=C(C=C2)OCCN(C)C)C3=CC=CC=C3
D03831,C1CC(C1)CN2CCC34C5C(CCC3(C2CC6=C4C(=C(C=C6)O)O5)O)O
D03832,CN1C(=C2C(=NC=N2)N(C1=O)C)[O-].C[N+](C)(C)CCO
D03833,CC1(C2CC3C(C(=O)C(=C(C3(C(=O)C2=C(C4=C1C=CC=C4O)O)O)O)C(=O)NCN5CCCC5)N(C)C)O
D03834,C1C(=O)NC2=C(C=C(C=C2)Br)C(=N1)C3=CC=CC=N3
D03835,CCN1C=C(C(=O)C2=C1N=C(C=C2)C)C(=O)O
D03836,CN1CCCC(CC1)N2C(=O)C3=CC=CC=C3C(=N2)CC4=CC=C(C=C4)Cl
D03837,CNCC(C1=CC(=CC=C1)O)O
D03838,CC(C)CC1=CC=C(C=C1)C(C)C(=O)O
D03839,CC1(C(N2C(S1)C(C2=O)NC(=O)C(C3=CC=C(C=C3)O)N)C(=O)O)C
D03840,CC(=O)SC1CC2=CC(=O)CCC2(C3C1C4CCC5(C4(CC3)C)CCC(=O)O5)C
D03841,CCOC(=O)C(CCC1=CC=CC=C1)NC2CCCN3CCCC(N3C2=O)C(=O)O
D03842,[Cl-].[Cl-].[Ca+2]
D03843,CC(C)(C(=O)O)ON=C(C1=CSC(=N1)N)C(=O)NC2C3N(C2=O)C(=C(CS3)C[N+]4=CC=CC=C4)C(=O)[O-]
D03844,CCN(CC)C(=O)C1(CC1CN)C2=CC=CC=C2
D03845,C1C(C(OC1N2C=NC3=C(N=C(N=C32)Cl)N)CO)O
D03846,CCOC(=O)C1=C2CN(C(=O)C3=C(N2C=N1)C=CC(=C3)F)C
D03847,COC1=C(C=C2C(=C1)C(=NC(=N2)N3CCN(CC3)C(=O)C4CCCO4)N)OC
D03848,CCC(CO)NC(=O)C1CN(C2CC3=CNC4=CC=CC(=C34)C2=C1)C
D03849,CC1=CC2=C(C=C1C)N(C3=NC(=O)NC(=O)C3=N2)CC(C(C(COP(=O)(O)OP(=O)(O)OCC4C(C(C(O4)N5C=NC6=C(N=CN=C65)N)O)O)O)O)O
D03850,CC(C)CC(CC(=O)O)CN
D03851,C1=CC(=C(C=C1Cl)Cl)COC(CN2C=CN=C2)C3=C(C=C(C=C3)Cl)Cl
D03852,C1C(CNC1C(=O)O)O
D03853,C1=CC(=C(C=C1CCN)O)O
D03854,CC1=C(C=CC2=C1OC(=O)C(=C2O)NC(=O)C3=CC(=C(C=C3)O)CC=C(C)C)OC4C(C(C(C(O4)(C)C)OC)OC(=O)N)O
D03855,C1C2C3=CC=CC=C3CC4=CC=CC=C4N2C(=N1)N
D03856,C1(C(C(C(C(C1Cl)Cl)Cl)Cl)Cl)Cl
D03857,CC(C)(C)C(=O)OC1=C(C=C(C=C1)C(CNC)O)OC(=O)C(C)(C)C
D03858,C[N+]1(CCC2=CC(=C(C=C2C1CC3=CC(=C(C(=C3)OC)OC)OC)OC)OC)CCCOC(=O)CCC=CCCC(=O)OCCC[N+]4(CCC5=CC(=C(C=C5C4CC6=CC(=C(C(=C6)OC)OC)OC)OC)OC)C
D03859,CCCC(C)(COC(=O)N)COC(=O)N
D03860,C1CN1P(=S)(N2CC2)N3CC3
D03861,CCOC(=O)C1=C(NC(=C(C1C2=C(C(=CC=C2)Cl)Cl)C(=O)OC)C)C
D03862,C1=CC(=CC=C1CCCC(=O)O)N(CCCl)CCCl
D03863,C1=CC=C2C(=C1)C(=CN2)CC(C(=O)O)N
D03864,CCCNCC(COC1=CC=CC=C1C(=O)CCC2=CC=CC=C2)O
D03865,CC1=C(C(C(=C(N1)C#N)C(=O)OC)C2=CC(=CC=C2)[N+](=O)[O-])C(=O)OC(C)C
D03866,C1CC1CN2CCC34C5C(=O)CCC3(C2CC6=C4C(=C(C=C6)O)O5)O
D03867,CC(COC1=CC=CC=C1)N(CCCl)CC2=CC=CC=C2
D03868,CC1CC(=O)C2(C(O1)OC3C(C(C(C(C3O2)NC)O)NC)O)O
D03869,C1CN(CC1C(C2=CC=CC=C2)(C3=CC=CC=C3)C(=O)N)CCC4=CC5=C(C=C4)OCC5
D03870,CC(C(C1=CC=CC=C1)O)NC
D03871,CCC(=O)C1(CCN(CC1)C)C2=CC(=CC=C2)O
D03872,CC1=C(C(C(=C(N1)C)C(=O)OCC(C)C)C2=CC=CC=C2[N+](=O)[O-])C(=O)OC
D03873,CC(=O)NCCC1=CNC2=C1C=C(C=C2)OC
D03874,C1=NC(=C2C(=N1)N(C=N2)C3C(C(C(O3)CO)O)O)N
D03875,C[N+](C)(C)CC(CC(=O)[O-])O
D03876,C[N+](C)(C)CCO.C1=CC=C(C(=C1)C(=O)O)[O-].C1=CC=C(C(=C1)C(=O)O)[O-].C1=CC=C(C(=C1)C(=O)O)[O-].[Mg+2]
D03877,CC1=C2C(C(=O)C3(C(CC4C(C3C(C(C2(C)C)(CC1OC(=O)C(C(C5=CC=CC=C5)NC(=O)OC(C)(C)C)O)O)OC(=O)C6=CC=CC=C6)(CO4)OC(=O)C)O)C)O
D03878,CC1C(=O)NC2CSSCC3C(=O)NC(C(=O)NC(C(=O)NC(CSSCC(NC(=O)CNC(=O)C(NC2=O)C(C)O)C(=O)NC(CC4=CC=C(C=C4)O)C(=O)O)C(=O)NC(CSSCC(C(=O)N3)N)C(=O)NC(C(=O)N5CCCC5C(=O)N1)CC(=O)N)CC6=CC=C(C=C6)O)CCC(=O)O
D03879,CC(C)(CC1=CC=CC=C1)NC
D03880,C1C(=C(N2C(S1)C(C2=O)NC(=O)CC3=CC=CS3)C(=O)[O-])C[N+]4=CC=CC=C4
D03881,CC(C(C1=CC=CC=C1)O)NC
D03882,CN(C)CCN(CC1=CC=C(C=C1)OC)C2=CC=CC=N2
D03883,CN1C2=C(C(=O)N(C1=O)C)NC=N2
D03884,CC(C)(C)NCC(C1=CC(=C(C(=C1)Cl)N)Cl)O
D03885,C(C(=O)O)N
D03886,CC(C)C(CCCN(C)CCC1=CC(=C(C=C1)OC)OC)(C#N)C2=CC(=C(C=C2)OC)OC
D03887,C[N+]1=CC=CC(=C1)OC(=O)N(C)C
D03888,CC1=C(C(=CC=C1)C)NC(=O)C(C)N
D03889,C1CN=C(N1)CC2=CC=CC=C2
D03890,C(C1C(C(C(C(O1)OC2(C(C(C(O2)COS(=O)(=O)O[Al])OS(=O)(=O)O[Al])OS(=O)(=O)O[Al])COS(=O)(=O)O[Al])OS(=O)(=O)O[Al])OS(=O)(=O)O[Al])OS(=O)(=O)O[Al])OS(=O)(=O)O[Al].O.O.O.O.O.O.O.O.O.O.O.O.O.O.O.O.O.O.O.O.[Al]
D03891,C(CC(C(=O)O)N)CNC(=O)N
D03892,CC12CC(C3C(C1CCC2(C(=O)OCCl)O)CCC4=CC(=O)C=CC34C)O
D03893,C1CC(=O)NC2=C1C=CC(=C2)OCCCCN3CCN(CC3)C4=C(C(=CC=C4)Cl)Cl
D03894,CC(C)(C)C1=CC=C(C=C1)CN(C)CC2=CC=CC3=CC=CC=C32
D03895,C1C(=O)N(C2=C(C=C(C=C2)Cl)C(=N1)C3=CC=CC=C3)CC(F)(F)F
D03896,COC(=O)C1C2CCC(N2CCCF)CC1C3=CC=C(C=C3)I
D03897,CC(C)CC1(C(=O)NC(=O)NC1=O)CC=C
D03898,CC(=O)OCC(=O)NCCCOC1=CC=CC(=C1)CN2CCCCC2
D03899,CN1CCC23C=CC(CC2OC4=C(C=CC(=C34)C1)OC)O
D03900,CCOC(=O)C1=CN=C(C=C1)C#CC2=CC3=C(C=C2)SCCC3(C)C
D03901,CC(C)C1=CC2=C(C=C1)OC3=NC(=C(C=C3C2=O)C(=O)O)N
D03902,CC(O)(P(=O)(O)O)P(=O)(O)O
D03903,COC(C(Cl)Cl)(F)F
D03904,CC1=CC(=C(C=C1)C)OCCCC(C)(C)C(=O)O
D03905,CNCCC=C1C2=CC=CC=C2CCC3=CC=CC=C31
D03906,C1CCC(C(C1)N)N.C(=O)(C(=O)O)O.[Pt+2]
D03907,CCCCC1=C(C2=C(O1)C=CC(=C2)NS(=O)(=O)C)C(=O)C3=CC=C(C=C3)OCCCN(CCCC)CCCC
D03908,C1C2=CC=CC=C2N(C3=CC=CC=C3C1=O)C(=O)N
D03909,CN(C)CCCN1C2=CC=CC=C2CCC3=CC=CC=C31
D03910,C(C(C(=O)O)N)C(=O)O
D03911,O=[As]O[As]=O
D03912,CC(=O)C(=O)O
D03913,CCC1C=C(CC(CC(C2C(CC(C(O2)(C(=O)C(=O)N3CCCCC3C(=O)OC(C(C(CC1=O)O)C)C(=CC4CCC(C(C4)OC)Cl)C)O)C)OC)OC)C)C
D03914,C1CCN(CC1)CCCC(C2=CC=CC=C2)(C3=CC=CC=C3)O
D03915,CCOP(=O)(OCC)SCC[N+](C)(C)C
D03916,CC(CN1C2=CC=CC=C2SC3=C1C=C(C=C3)OC)CN(C)C
D03917,[O-]S(=O)(=O)[O-].[Mg+2]
D03918,CC(C)(C)C(=O)OCOP(=O)(COCCN1C=NC2=C(N=CN=C21)N)OCOC(=O)C(C)(C)C
D03919,C1CCNC(C1)CNC(=O)C2=C(C=CC(=C2)OCC(F)(F)F)OCC(F)(F)F
D03920,CC1(C(=O)N2C(C(=O)N3CCCC3C2(O1)O)CC4=CC=CC=C4)NC(=O)C5CN(C6CC7=CNC8=CC=CC(=C78)C6=C5)C
D03921,CCOC(=O)C(CCC1=CC=CC=C1)NC(C)C(=O)N2CC3=CC(=C(C=C3CC2C(=O)O)OC)OC
D03922,CC[N+](C)(CC)CCOC(=O)C(C1CCCCC1)(C2=CC=CC=C2)O
D03923,C1C(C(OC1N2C=C(C(=O)NC2=O)I)CO)O
D03924,CC1(C(N2C(S1)C(C2=O)NC(=O)C(C3=CC=CC=C3)N=[N+]=[N-])C(=O)O)C
D03925,CCOC(=O)C1=C2CN(C(=O)C3=C(N2C=N1)C=CC(=C3)F)C
D03926,CN1C(=O)CN=C(C2=C1C=CC(=C2)Cl)C3=CC=CC=C3
D03927,CCN(C1=CC=CC(=C1)C2=CC=NC3=C(C=NN23)C#N)C(=O)C
D03928,COC1=C(C=C(C=C1)Cl)C(=O)NCCC2=CC=C(C=C2)S(=O)(=O)NC(=O)NC3CCCCC3
D03929,CC1=CN(C(=O)NC1=O)C2CC(C(O2)CO)N=[N+]=[N-]
D03930,CN1C(=C2C(=NC=N2)N(C1=O)C)[O-].C[N+](C)(C)CCO
D03931,CN1CCCC(CC1)N2C(=O)C3=CC=CC=C3C(=N2)CC4=CC=C(C=C4)Cl
D03932,C(CC(O)(P(=O)(O)O)P(=O)(O)O)CN
D03933,CCN1C=C(C(=O)C2=CC(=C(C=C21)N3CCN(CC3)C)F)C(=O)O
D03934,C1=CC(=CC(=C1)NC2=C(C=CC=N2)C(=O)O)C(F)(F)F
D03935,CCCCCCCN(CC)CCCC(C1=CC=C(C=C1)NS(=O)(=O)C)O
D03936,C1=CC(=C(C=C1C(CN)O)O)O
D03937,CCC(=C)C(=O)C1=C(C(=C(C=C1)OCC(=O)O)Cl)Cl
D03938,CCC1=C(NC2=C1C(=O)C(CC2)CN3CCOCC3)C
D03939,CN(CCCNC(=O)C1CCCO1)C2=NC3=CC(=C(C=C3C(=N2)N)OC)OC
D03940,C1=CC2=C(C=CC(=C2N=C1)O)[N+](=O)[O-]
D03941,C1=NC2=C(N1)C(=S)N=CN2
D03942,CC1=C(C(C(=C(N1)C)C(=O)OC)C2=CC=CC=C2[N+](=O)[O-])C(=O)OC
D03943,CN(C)CCC(C1=CC=C(C=C1)Cl)C2=CC=CC=N2
D03944,C1=CC=C(C=C1)CCNN
D03945,C(CC(O)(P(=O)(O)O)P(=O)(O)O)CN
D03946,CC(C(C1=CC=CC=C1)O)NC
D03947,CC(=O)C1CCC2C1(CCC3C2CCC4=CC(=O)CCC34C)C
D03948,C1CN(CCN1)C2=NC3=CC=CC=C3OC4=C2C=C(C=C4)Cl
D03949,CC1=C(C2=C(C1=CC3=CC=C(C=C3)S(=O)C)C=CC(=C2)F)CC(=O)O
D03950,C1CCN(CC1)C2=NC(=NC3=C2N=C(N=C3N4CCCCC4)N(CCO)CCO)N(CCO)CCO
D03951,CNCCC(C1=CC=CS1)OC2=CC=CC3=CC=CC=C32
D03952,C1=CC(=C(C=C1C(C(C(=O)O)N)O)O)O
D03953,C1CNCC(C1C2=CC=C(C=C2)F)COC3=CC4=C(C=C3)OCO4
D03954,C1=CC=C(C=C1)C2=NC(C(=O)NC3=C2C=C(C=C3)Cl)O
D03955,CCC(C)C1C(=O)NC(C(=O)NC(C(=O)NC(CSCCCC(=O)NC(C(=O)N1)CC2=CC=C(C=C2)OC)C(=O)N3CCCC3C(=O)NC(CC(C)C)C(=O)NCC(=O)N)CC(=O)N)CCC(=O)N
D03956,CN1C=NC2=C1C(=O)N(C(=O)N2C)C
D03957,C1CC(C1)(C(=O)O)C(=O)O.N.N.[Pt+2]
D03958,CC(C)NCC(COC1=CC=CC=C1CC=C)O
D03959,C(C1C(C(C(C(O1)OC2C(OC(C2O)(CO)O)CO)O)O)O)O
D03960,C1CN(CCN1)C2=NC3=CC=CC=C3OC4=C2C=C(C=C4)Cl
D03961,CCC(C)C1(C(=O)NC(=O)NC1=O)CC=C
D03962,CC(C)CC1(C(=O)NC(=O)NC1=O)CC=C
D03963,CCC(C)C1(C(=O)NC(=O)NC1=O)CC
D03964,CCC1(C(=O)NC(=O)NC1=O)C2=CCCCCC2
D03965,CC1(C(N2C(S1)C(C2=O)NC(=O)C(C3=CC=CC=C3)NC(=O)N4CCN(C4=O)S(=O)(=O)C)C(=O)O)C
D03966,CCCC(CCC)C(=O)O
D03967,CC#CCC(C)C(C=CC1C(CC2C1CC(=CCCCC(=O)O)C2)O)O
D03968,C1=CC(=C(C=C1CCN)O)O
D03969,C[N+]1(CCC2=CC(=C(C(=C2C1CC3=CC(=C(C(=C3)OC)OC)OC)OC)OC)OC)CCCOC(=O)CCC(=O)OCCC[N+]4(CCC5=CC(=C(C(=C5C4CC6=CC(=C(C(=C6)OC)OC)OC)OC)OC)OC)C
D03970,CCCN(CCC)CCC1=C2CC(=O)NC2=CC=C1
D03971,C1NC2=C(C=C(C(=C2)C(F)(F)F)S(=O)(=O)N)S(=O)(=O)N1
D03972,CC1=C(C(C(=C(N1)C)C(=O)OCCN(C)CC2=CC=CC=C2)C3=CC(=CC=C3)[N+](=O)[O-])C(=O)OC
D03973,CC1CC2C3CCC(C3(CC(C2(C4(C1=CC(=O)C=C4)C)F)O)C)(C(=O)C)O
D03974,CNC(=NC)NCC1=CC=CC=C1
D03975,CN1CC(=O)N2C(C1=O)CC3=C(C2C4=CC5=C(C=C4)OCO5)NC6=CC=CC=C36
D03976,CCC(=C(C1=CC=CC=C1)C2=CC=C(C=C2)OCCN(C)C)C3=CC=CC=C3
D03977,CC1=CN(C(=O)NC1=O)C2CC(C(O2)CO)O
D03978,C1CCC(CC1)(CC(=O)O)CN
D03979,CCC1(C(=O)NC(=O)NC1=O)C2=CC=CC=C2.COC1=CC2=C(C=CN=C2C=C1)C(C3CC4CCN3CC4C=C)O
D03980,C1CC(NC1)C(=O)O
D03981,CC(C(C1=CC=C(C=C1)O)O)NCCC2=CC=C(C=C2)O
D03982,C1CC(=O)NC2=C1C=CC(=C2)OCCCCN3CCN(CC3)C4=C(C(=CC=C4)Cl)Cl
D03983,C1=CC=C(C=C1)COC(=O)C2=CC=CC=C2
D03984,C1=NC2=C(N=C(N=C2N1C3C(C(C(O3)CO)O)O)F)N
D03985,C(C(C1C(=C(C(=O)O1)O)O)O)O
D03986,CC1=C2C(C(=O)C3(C(CC4C(C3C(C(C2(C)C)(CC1OC(=O)C(C(C5=CC=CC=C5)NC(=O)OC(C)(C)C)O)O)OC(=O)C6=CC=CC=C6)(CO4)OC(=O)C)O)C)O
D03987,CCN1C=CC(=NC1=O)NS(=O)(=O)C2=CC=C(C=C2)N
D03988,C[S+](CCC(C(=O)[O-])N)CC1C(C(C(O1)N2C=NC3=C(N=CN=C32)N)O)O
D03989,CC(CCC=C(C)C)NC
D03990,C1=CC(=C(C=C1N)C(=O)O)O
D03991,CC(=O)C1=CC2=C(C=C1)SC3=CC=CC=C3N2CCCN(C)C
D03992,C1=CC(=C(C(=C1)F)CN2C=C(N=N2)C(=O)N)F
D03993,CCN(CC)CCN1C(=O)CN=C(C2=C1C=CC(=C2)Cl)C3=CC=CC=C3F
D03994,CCC(=O)OCC(=O)C1(C(CC2C1(CC(C3(C2CCC4=CC(=O)C=CC43C)Cl)O)C)C)OC(=O)CC
D03995,CC1CC2C3CC(C4=CC(=O)C=CC4(C3(C(CC2(C1(C(=O)SCF)OC(=O)C5=CC=CO5)C)O)F)C)F
D03996,CCC(C)C(C(=O)O)N
D03997,CC1C(C(CC(O1)OC2CC(CC3=C2C(=C4C(=C3O)C(=O)C5=C(C4=O)C(=CC=C5)OC)O)(C(=O)C)O)N)O
D03998,CC12CCC(=O)C=C1CCC3C2CCC4(C3CCC4(C)O)C
D03999,CCOC(=O)C1=CN=CN1C(C)C2=CC=CC=C2
D04000,CN1C2=C(C=C(C=C2)Cl)C(=NC(C1=O)O)C3=CC=CC=C3
D04001,CC(C)NCC(COC1=CC=C(C=C1)NC(=O)C)O
D04002,C1=CC=C(C=C1)C(COC(=O)N)COC(=O)N
D04003,C1C(=O)NC2=C(C=C(C=C2)[N+](=O)[O-])C(=N1)C3=CC=CC=C3Cl
D04004,CC1=C(C(=CC=C1)Cl)NC(=O)C2=CN=C(S2)NC3=CC(=NC(=N3)C)N4CCN(CC4)CCO
D04005,CCC1=CC2=C(S1)N(C(=O)CN=C2C3=CC=CC=C3Cl)C
D04006,CCOC(=O)C(C)(C)OC1=CC=C(C=C1)Cl
D04007,CN1C=NC2=C1C(=O)N(C(=O)N2C)C
D04008,CC12CCC3C(C1CCC2=O)CCC4=C3C=CC(=C4)OS(=O)(=O)O
D04009,CC(C(C1=CC=CC=C1)O)NC
D04010,CC12CCC3C(C1CCC2O)CCC45C3(CC(=C(C4O5)O)C#N)C
D04011,CCC(CC)OC1C=C(CC(C1NC(=O)C)N)C(=O)OCC
D04012,C1CN(CCN1CCC=C2C3=CC=CC=C3SC4=C2C=C(C=C4)Cl)CCO
D04013,C1CNCC(C1C2=CC=C(C=C2)F)COC3=CC4=C(C=C3)OCO4
D04014,CNCCC(C1=CC=CS1)OC2=CC=CC3=CC=CC=C32
D04015,CC1=NC=C2N1C3=C(C=C(C=C3)Cl)C(=NC2)C4=CC=CC=C4F
D04016,C1=NC(=C2C(=N1)N(C=N2)C3C(C(C(O3)COP(=O)(O)OP(=O)(O)OP(=O)(O)O)O)O)N
D04017,CN1CCN2C(C1)C3=CC=CC=C3CC4=CC=CC=C42
D04018,C1CSSC1CCCCC(=O)O
D04019,CC(C)C1C(=O)NC(CSSCC(C(=O)NC(C(=O)NC(C(=O)NC(C(=O)N1)CCCCN)CC2=CNC3=CC=CC=C32)CC4=CC=C(C=C4)O)NC(=O)C(CC5=CC=CC=C5)N)C(=O)NC(CC6=CNC7=CC=CC=C76)C(=O)N
D04020,C1C(OC(S1)CO)N2C=CC(=NC2=O)N
D04021,C1CN(CCC1OC(C2=CC=C(C=C2)Cl)C3=CC=CC=N3)CCCC(=O)O
D04022,CN1C(=NN=N1)SCC2=C(N3C(C(C3=O)NC(=O)C(C4=CC=CC=C4)O)SC2)C(=O)O
D04023,C1C(=O)NC2=C(C=C(C=C2)[N+](=O)[O-])C(=N1)C3=CC=CC=C3
D04024,C1=CC2=C(C=CC(=C2N=C1)O)[N+](=O)[O-]
D04025,CN1CCC2=C3C1CC4=C(C3=CC=C2)C(=C(C=C4)O)O
D04026,CC(C1=NCCN1)OC2=C(C=CC=C2Cl)Cl
D04027,C1=CC(=CC2=NC3=C(C=CC(=C3)N)C=C21)N
D04028,COCCOC1=C(C=C2C(=C1)C(=NC=N2)NC3=CC=CC(=C3)C#C)OCCOC
D04029,C1=CN=CC=C1C2=CNC(=O)C(=C2)N
D04030,CCN(CC)C(=S)SSC(=S)N(CC)CC
D04031,C(CC(C(=O)O)N)CN
D04032,C(C(F)(F)F)(Cl)Br
D04033,CN=C1CN(C(=C2C=C(C=CC2=N1)Cl)C3=CC=CC=C3)O
D04034,C1CCC2C(C1)CC(N2C(=O)C3CC4=CC=CC=C4CN3C(=O)C(CO)NC(=O)C(CC5=CC=CS5)NC(=O)CNC(=O)C6CC(CN6C(=O)C7CCCN7C(=O)C(CCCN=C(N)N)NC(=O)C(CCCN=C(N)N)N)O)C(=O)NC(CCCN=C(N)N)C(=O)O
D04035,C1CN(CCN1CCC=C2C3=CC=CC=C3SC4=C2C=C(C=C4)C(F)(F)F)CCO
D04036,C1=NC(=C2C(=N1)N(C=N2)C3C(C(C(O3)COP(=O)(O)OP(=O)(O)OP(=O)(O)O)O)O)N
D04037,CC(C)NCC(C1=CC=C(C=C1)NS(=O)(=O)C)O
D04038,C1C2CC3CC(CC1N3CC2=O)OC(=O)C4=CNC5=CC=CC=C54
D04039,CC1(C(=O)N2C(C(=O)N3CCCC3C2(O1)O)CC4=CC=CC=C4)NC(=O)C5CN(C6CC7=CNC8=CC=CC(=C78)C6=C5)C
D04040,CN1C(=O)CN=C(C2=C1C=CC(=C2)[N+](=O)[O-])C3=CC=CC=C3F
D04041,C1C(=O)N(C2=C(C=C(C=C2)Cl)C(=N1)C3=CC=CC=C3)CC(F)(F)F
D04042,CC1=CC2=C(S1)NC3=CC=CC=C3N=C2N4CCN(CC4)C
D04043,C1C(=O)NC2=C(C=C(C=C2)Br)C(=N1)C3=CC=CC=N3
D04044,CCCCCCCCCCCCOS(=O)(=O)[O-].[Na+]
D04045,CN(C)CC1CCCCC1(C2=CC(=CC=C2)OC)O
D04046,[N]=O
D04047,[Li+]
D04048,CC1(C2CC3C(C(=O)C(=C(C3(C(=O)C2=C(C4=C1C=CC=C4O)O)O)O)C(=O)N)N(C)C)O
D04049,C1CC(C(OC1CN)OC2C(CC(C(C2O)OC3C(C(C(C(O3)CO)O)N)O)NC(=O)C(CCN)O)N)N
D04050,CC1=C(C(=NO1)C2=C(C=CC=C2Cl)Cl)C(=O)NC3C4N(C3=O)C(C(S4)(C)C)C(=O)O
D04051,CC1=NN=C(S1)SCC2=C(N3C(C(C3=O)NC(=O)CN4C=NN=N4)SC2)C(=O)O
D04052,C1=CC(=CC=C1C(C(CO)NC(=O)C(Cl)Cl)O)[N+](=O)[O-]
D04053,CCCCCCCN(CC)CCCC(C1=CC=C(C=C1)NS(=O)(=O)C)O
D04054,CC[PH+](CC)CC.CC(=O)OCC1C(C(C(C(O1)[S-])OC(=O)C)OC(=O)C)OC(=O)C.[Au]
D04055,CN1CCN(CC1)C2=NC3=CC=CC=C3OC4=C2C=C(C=C4)Cl
D04056,CC(C1=CC2=CC=CC=C2S1)N(C(=O)N)O
D04057,C(C1C(C(C(C(O1)OC2(C(C(C(O2)COS(=O)(=O)O[Al])OS(=O)(=O)O[Al])OS(=O)(=O)O[Al])COS(=O)(=O)O[Al])OS(=O)(=O)O[Al])OS(=O)(=O)O[Al])OS(=O)(=O)O[Al])OS(=O)(=O)O[Al].O.O.O.O.O.O.O.O.O.O.O.O.O.O.O.O.O.O.O.O.[Al]
D04058,C1C(OC(S1)CO)N2C=CC(=NC2=O)N
D04059,CC(C)C1=C(C(=CC=C1)C(C)C)O
D04060,CN(CCC1=CC=C(C=C1)NS(=O)(=O)C)CCOC2=CC=C(C=C2)NS(=O)(=O)C
D04061,CNCC(C1=CC(=C(C=C1)O)O)O
D04062,C1=CC(=CC(=C1)C(F)(F)F)C(=NOCCCCC(=O)O)C2=CN=CC=C2
D04063,CCC1(CCC(=O)NC1=O)C2=CC=CC=C2
D04064,C1CCC2(C1)CC(=O)N(C(=O)C2)CCCCN3CCN(CC3)C4=NC=CC=N4
D04065,CCN1C=C(C(=O)C2=CC(=C(C(=C21)F)N3CCNC(C3)C)F)C(=O)O
D04066,CN(C)C1=NC(=NC(=N1)N(C)C)N(C)C
D04067,CC1=C(C(CCC1)(C)C)C=CC(=CC=CC(=CCO)C)C
D04068,C1=CC(=C(C(=C1)Cl)CC(=O)N=C(N)N)Cl
D04069,CC1(C2CC3C(C(=O)C(=C(C3(C(=O)C2=C(C4=C(C=CC(=C41)Cl)O)O)O)O)C(=O)NCO)N(C)C)O
D04070,CCN1C=CC(=NC1=O)NS(=O)(=O)C2=CC=C(C=C2)N
D04071,C1=CC=C(C=C1)CC(C(=O)O)N
D04072,CC(C(C1CNC2=C(N1)C(=O)NC(=N2)N)O)O
D04073,CN1CCC23C4C(=O)CCC2(C1CC5=C3C(=C(C=C5)OC)O4)O
D04074,C(CC(=O)O)C(=O)CN
D04075,CN1CCC2=CC(=C3C=C2C1CC4=CC=C(C=C4)OC5=C6C(CC7=CC(=C(C=C7)O)O3)[N+](CCC6=CC(=C5O)OC)(C)C)OC
D04076,CC1=CC2=C(N1)C=CC=C2OCC(CNC(C)(C)C)OC(=O)C3=CC=CC=C3
D04077,CC(C1=CC=CC=N1)C2=C(CC3=CC=CC=C32)CCN(C)C
D04078,CN1CCC2=C(C1)C(C3=CC=CC=C23)C4=CC=CC=C4
D04079,CN1CCC(=C2C3=C(C(=O)CC4=CC=CC=C42)SC=C3)CC1
D04080,C(C(C(=O)O)N)SSCC(C(=O)O)N
D04081,CNCCCC12CCC(C3=CC=CC=C31)C4=CC=CC=C24
D04082,CS(=O)(=O)OCCCCOS(=O)(=O)C
D04083,CCN(CC)CCOC(=O)C1=CC=C(C=C1)N
D04084,CC1=C(C2=C(N1C(=O)C3=CC=C(C=C3)Cl)C=CC(=C2)OC)CC(=O)O
D04085,CC1C(C(=O)N1S(=O)(=O)[O-])NC(=O)C(=NOC(C)(C)C(=O)O)C2=CSC(=[NH+]2)N
D04086,CCC(C)C1C(=O)NC(C(=O)NC(C(=O)NC(CSCCCC(=O)NC(C(=O)N1)CC2=CC=C(C=C2)OC)C(=O)N3CCCC3C(=O)NC(CC(C)C)C(=O)NCC(=O)N)CC(=O)N)CCC(=O)N
D04087,CN1C2=C(C=C(C=C2)Cl)C(=NC(C1=O)O)C3=CC=CC=C3
D04088,CC1=CC2=C(C=C1C(=C)C3=CC=C(C=C3)C(=O)O)C(CCC2(C)C)(C)C
D04089,C1CC(=O)NC2=C1C=CC(=C2)OCCCCN3CCN(CC3)C4=C(C(=CC=C4)Cl)Cl
D04090,CCN1CCCC1CNC(=O)C2=C(C=CC(=C2OC)Br)OC
D04091,CCN(CC)CCN1C(=O)CN=C(C2=C1C=CC(=C2)Cl)C3=CC=CC=C3F
D04092,CC(C)(C)C(C(=O)NC(CC1=CC=CC=C1)C(CN(CC2=CC=C(C=C2)C3=CC=CC=N3)NC(=O)C(C(C)(C)C)NC(=O)OC)O)NC(=O)OC
D04093,CN1C2CC(CC1C3C2O3)OC(=O)C(CO)C4=CC=CC=C4
D04094,C1CCC2(C1)CC(=O)N(C(=O)C2)CCCCN3CCN(CC3)C4=NC=CC=N4
D04095,[C-]#N.[C-]#N.[C-]#N.[C-]#N.[C-]#N.[N-]=O.[Fe+4]
D04096,CN(C)CCC(C1=CC=CC2=CC=CC=C21)(C(C3=CC=CC=C3)C4=C(N=C5C=CC(=CC5=C4)Br)OC)O
D04097,CC(C)CC1(C(=O)NC(=O)NC1=O)CC=C
D04098,C1CC2CN(C(=O)C3=CC=CC(=C23)C1)C4CN5CCC4CC5
D04099,CC1=CC(=NO1)C(=O)NNCC2=CC=CC=C2
D04100,CC(=O)NC1=C(C(=C(C(=C1I)C(=O)O)I)NC(=O)C)I
D04101,CCN(CC)CCN1C(=O)CN=C(C2=C1C=CC(=C2)Cl)C3=CC=CC=C3F
D04102,CCC1C=C(C(CC=CC=C(C(=O)OC(CC=C(C=C(C1OC2C(C(C(C(O2)(C)C)OC(=O)C(C)C)O)O)C)C)C(C)O)COC3C(C(C(C(O3)C)OC(=O)C4=C(C(=C(C(=C4O)Cl)O)Cl)CC)O)OC)O)C
D04103,CCOC(=O)C1=C2CN(C(=O)C3=C(N2C=N1)C=CC(=C3)F)C
D04104,CC1(OC2COC3(C(C2O1)OC(O3)(C)C)COS(=O)(=O)N)C
D04105,CC1=C(C2=C(N1C(=O)C3=CC=C(C=C3)Cl)C=CC(=C2)OC)CC(=O)O
D04106,CCN(CC)C(=O)C(=CC1=CC(=C(C(=C1)O)O)[N+](=O)[O-])C#N
D04107,CC(C)C1=C(C(=CC=C1)C(C)C)O
D04108,C1C(=O)N(C2=C(C=C(C=C2)Cl)C(=N1)C3=CC=CC=C3)CC(F)(F)F
D04109,CCOC(=O)C1(CCN(CC1)C)C2=CC=CC=C2
D04110,CC1C(C(C(C(O1)OC2C(OC(C(C2O)O)OC(C(CO)O)C(C(C=O)O)O)CO)O)O)NC3C=C(C(C(C3O)O)O)CO
D04111,CC1=C(C(=O)C2=CC=CC=C2C1=O)CC=C(C)CCCC(C)CCCC(C)CCCC(C)C
D04112,C1=CC(=CC=C1N)S(=O)(=O)NC2=NC=CS2
D04113,C1CC(=O)NC(=O)C1N2C(=O)C3=C(C2=O)C(=CC=C3)N
D04114,CC1(C(C1C(=O)OCC2=CC(=CC=C2)OC3=CC=CC=C3)C=C(Cl)Cl)C
D04115,C1=CN=CC=C1N
D04116,C[N+]1(C2CCC1CC(C2)OC(=O)C(C3=CC=CC=C3)O)C.[Br-]
D04117,C(C(C(=O)O)N)SSCC(C(=O)O)N
D04118,CCCN1C2=C(C(=O)NC1=O)NC=N2
D04119,CC1=CC(=C(C=C1)Cl)OCC(CNC(C)(C)C)O
D04120,CCCCCC1=CC(=C2C3C=C(CCC3C(OC2=C1)(C)C)C)O
D04121,CN(C)CCC=C1C2=CC=CC=C2CCC3=CC=CC=C31
D04122,CN1CCC23C=CC(CC2OC4=C(C=CC(=C34)C1)OC)O
D04123,CC1=C(C(CCC1)(C)C)C=CC(=CC=CC(=CCO)C)C
D04124,C1=CC(=C(C(=C1)F)CN2C=C(N=N2)C(=O)N)F
D04125,CCN1CCN(C(=O)C1=O)C(=O)NC(C2=CC=CC=C2)C(=O)NC3C4N(C3=O)C(C(S4)(C)C)C(=O)O
D04126,CN1CCC(C1)CN2C3=CC=CC=C3SC4=CC=CC=C42
D04127,CC1=CC2=C(C=C1C)N(C3=NC(=O)NC(=O)C3=N2)CC(C(C(COP(=O)(O)OP(=O)(O)OCC4C(C(C(O4)N5C=NC6=C(N=CN=C65)N)O)O)O)O)O
D04128,C1CCC(C(C1)CN2CCN(CC2)C3=NSC4=CC=CC=C43)CN5C(=O)C6C7CCC(C7)C6C5=O
D04129,CC(CN1C2=CC=CC=C2CCC3=CC=CC=C31)CN(C)C
D04130,C1CN(CCC12CNC(=O)O2)CCC3=CC=CC=C3
D04131,C1CN(CCN1CCC=C2C3=CC=CC=C3SC4=C2C=C(C=C4)C(F)(F)F)CCO
D04132,C1=CC2=C(C=C1OC(F)(F)F)SC(=N2)N
D04133,CC(CC1=CC=C(C=C1)O)(C(=O)O)N
D04134,CC(C)(C#N)C1=CC(=CC(=C1)CN2C=NC=N2)C(C)(C)C#N
D04135,CCN(CC)C(=O)C1(CC1CN)C2=CC=CC=C2
D04136,C1CC(CCC1CN)C(=O)O
D04137,C1=NC2=C(N1)C(=S)N=CN2
D04138,CC1=C(C(CCC1)(C)C)C=CC(=CC=CC(=CCO)C)C
D04139,CN1CCC2=C3C1CC4=C(C3=CC=C2)C(=C(C=C4)O)O
D04140,C1=CC=C(C(=C1)C2=NN(C(=N2)C3=CC=CC=C3O)C4=CC=C(C=C4)C(=O)O)O
D04141,CCOC(=O)C1=C2CN(C(=O)C3=C(N2C=N1)C=CC(=C3)F)C
D04142,COC1=C(C=C2C(=C1)CC(C2=O)CC3CCN(CC3)CC4=CC=CC=C4)OC
D04143,CC1=CC=CC=C1N2CCN(CC2)CCC3=NN=C4N3CCCC4
D04144,CCN(CC)CCNC1=C2C(=C(C=C1)C)SC3=CC=CC=C3C2=O
D04145,CN(C)CCC=C1C2=CC=CC=C2COC3=CC=CC=C31
D04146,CCC(C)C(=O)OC1CC(C=C2C1C(C(C=C2)C)CCC(CC(CC(=O)O)O)O)O
D04147,CN(C)CCC=C1C2=CC=CC=C2COC3=CC=CC=C31
D04148,CCN(CCCC1=CC=CC=C1)CCCC2=CC=CC=C2
D04149,CC1(CC(=O)N(C1=O)C)C2=CC=CC=C2
D04150,C(C(C(=O)O)N)C(=O)O
D04151,CC(=O)C1CCC2C1(CCC3C2C=CC4=CC(=O)CCC34C)C
D04152,C1=CC=C(C=C1)N=NC2=C(N=C(C=C2)N)N
D04153,CCCCCOC(=O)NC1=NC(=O)N(C=C1F)C2C(C(C(O2)C)O)O
D04154,C[N+]12CCC(CC1)C(C2)OC(=O)C(C3=CC=CC=C3)(C4=CC=CC=C4)O
D04155,CC[N+](C)(CC)CCOC(=O)C1C2=CC=CC=C2OC3=CC=CC=C13
D04156,C1=CC=C(C=C1)NC(=O)CCCCCCC(=O)NO
D04157,C1=CC(=C(C=C1CCN)O)O
D04158,CC1=CC(=O)N(C(=C1)C2CCCCC2)O
D04159,CCCC(C)C1(C(=O)NC(=O)NC1=O)CC=C
D04160,CC1CCC23CCC(=O)C2C1(C(CC(C(C3C)O)(C)C=C)OC(=O)CSC4CC5CCC(C4)N5C)C
D04161,C1CN2CCC1C(C2)OC(=O)N3CCC4=CC=CC=C4C3C5=CC=CC=C5
D04162,C1=C(C(=C(C(=C1Cl)Cl)CC2=C(C(=CC(=C2Cl)Cl)Cl)O)O)Cl
D04163,C1=CC(=C(C=C1Cl)Cl)COC(CN2C=CN=C2)C3=C(C=C(C=C3)Cl)Cl
D04164,C[N+]1(CCC2=CC(=C(C=C2C1CC3=CC(=C(C(=C3)OC)OC)OC)OC)OC)CCCOC(=O)CCC=CCCC(=O)OCCC[N+]4(CCC5=CC(=C(C=C5C4CC6=CC(=C(C(=C6)OC)OC)OC)OC)OC)C
D04165,CC(=O)OC1CCC2C3CCC4(C(C3CCC2=C1)CCC4(C#C)OC(=O)C)C
D04166,CC1(C(N2C(S1)C(C2=O)NC(=O)C(C3=CC=CC=C3)N)C(=O)OCOC(=O)C(C)(C)C)C
D04167,CC1C(C(CC(O1)OC2C(OC(CC2O)OC3C(OC(CC3O)OC4CCC5(C(C4)CCC6C5CCC7(C6(CCC7C8=CC(=O)OC8)O)C)C)C)C)O)O
D04168,CCC1C(=NN=C(C2=CC(=C(C=C12)OC)OC)C3=CC(=C(C=C3)OC)OC)C
D04169,C1=CC=C(C=C1)O
D04170,CC(=O)OCC(=O)NCCCOC1=CC=CC(=C1)CN2CCCCC2
D04171,CNCCCC12CCC(C3=CC=CC=C31)C4=CC=CC=C24
D04172,CC1C(C(=O)NC(C(=O)N2CCCC2C(=O)N(CC(=O)N(C(C(=O)O1)C(C)C)C)C)C(C)C)NC(=O)C3=C4C(=C(C=C3)C)OC5=C(C(=O)C(=C(C5=N4)C(=O)NC6C(OC(=O)C(N(C(=O)CN(C(=O)C7CCCN7C(=O)C(NC6=O)C(C)C)C)C)C(C)C)C)N)C
D04173,CCC1(C2=C(COC1=O)C(=O)N3CC4=CC5=C(C=CC(=C5CN(C)C)O)N=C4C3=C2)O
D04174,CCC1(C(=O)C(CNC1=O)C)CC
D04175,CCCSC1=NC(=C2C(=N1)N(N=N2)C3CC(C(C3O)O)OCCO)NC4CC4C5=CC(=C(C=C5)F)F
D04176,CC1=NC=C(N1CCO)[N+](=O)[O-]
D04177,CC1=CN(C(=O)NC1=O)C2CC(C(O2)CO)N=[N+]=[N-]
D04178,CCCCCCCCCCCCCCCCCCCCCCO
D04179,CC12CCC(=O)C=C1CCC3C2(C(CC4(C3CCC4(C)O)C)O)F
D04180,C(CN)C(O)(P(=O)(O)O)P(=O)(O)O
D04181,CC1=CC2=C(C=C1C)N(C3=NC(=O)NC(=O)C3=N2)CC(C(C(COP(=O)(O)OP(=O)(O)OCC4C(C(C(O4)N5C=NC6=C(N=CN=C65)N)O)O)O)O)O
D04182,C1=C(C=C(C(=C1I)OC2=CC(=C(C(=C2)I)O)I)I)CC(C(=O)O)N
D04183,CCN(CC)CCOC(=O)C1=CC=C(C=C1)N
D04184,CC1(C(NC(S1)C(C(=O)NCCCCC(C(=O)O)N)NC(=O)CC2=CC=CC=C2)C(=O)O)C.C(CCN)CC(C(=O)O)N
D04185,CC1=C(SC=C1)C(=CCCN2CCCC(C2)C(=O)O)C3=C(C=CS3)C
D04186,CC(C)(C)NCC(C1=CC(=CC(=C1)OC(=O)N(C)C)OC(=O)N(C)C)O
D04187,CC(C1=NCCN1)OC2=C(C=CC=C2Cl)Cl
D04188,CC(=O)OC1C=CC2C3CC4=C5C2(C1OC5=C(C=C4)OC(=O)C)CCN3C
D04189,CC1=C2CCC(=O)N(C2=NC(=N1)C)CC3=CC=C(C=C3)C4=CC=CC=C4C5=NNN=N5
D04190,CN(C)C(=O)OC1=CC=CC(=C1)[N+](C)(C)C
D04191,COC(=O)C(C1CCCCN1)C2=CC=CC=C2
D04192,CCC1(CCC(=O)NC1=O)C2=CC=CC=C2
D04193,CCC(C=CCl)(C#C)O
D04194,C1=CC=C(C(=C1)C(=O)OCC(CO)O)NC2=C3C=CC=C(C3=NC=C2)C(F)(F)F
D04195,CCC(=O)C1=CC2=C(C=C1)SC3=CC=CC=C3N2CC(C)N(C)C
D04196,CN1C=NC(=C1SC2=NC=NC3=C2NC=N3)[N+](=O)[O-]
D04197,C(C(C1C(=C(C(=O)O1)O)O)O)O
D04198,CC[N+](CC)(CCNC(=O)C(=O)NCC[N+](CC)(CC)CC1=CC=CC=C1Cl)CC2=CC=CC=C2Cl
D04199,CCC1=C(NC2=C1C(=O)C(CC2)CN3CCOCC3)C
D04200,C1CN2C(=N1)C3=CC=CC=C3C2(C4=CC=C(C=C4)Cl)O
D04201,C1CC(=O)NC2=C1C=CC(=C2)OCCCCN3CCN(CC3)C4=C(C(=CC=C4)Cl)Cl
D04202,CS(=O)(=O)OCCCCOS(=O)(=O)C
D04203,C(CC(C(=O)O)N)CNC(=O)N
D04204,CCCCNC(=O)NS(=O)(=O)C1=CC=C(C=C1)C
D04205,CCOC(=O)C1=C(NC(=C(C1C2=C(C(=CC=C2)Cl)Cl)C(=O)OC)C)C
D04206,CNCCCC12CCC(C3=CC=CC=C31)C4=CC=CC=C24
D04207,CN1C(=O)CC(=O)N(C2=C1C=CC(=C2)Cl)C3=CC=CC=C3
D04208,CNC(=C[N+](=O)[O-])NCCSCC1=CSC(=N1)CN(C)C
D04209,C1C(=O)N(C2=C(C=C(C=C2)Cl)C(=N1)C3=CC=CC=C3)CC(F)(F)F
D04210,C(C(C(C(C(C(C(=O)[O-])O)O)O)O)O)O.C(C(C(C(C(C(C(=O)[O-])O)O)O)O)O)O.[Ca+2]
D04211,C1CC1CN2C(=O)CN=C(C3=C2C=CC(=C3)Cl)C4=CC=CC=C4
D04212,C1=CC(=C(C=C1C(C(C(=O)O)N)O)O)O
D04213,CN1CCC23C=CC(CC2OC4=C(C=CC(=C34)C1)OC)O
D04214,CC(C1=CC(=CC=C1)C(=O)C2=CC=CC=C2)C(=O)O
D04215,CC(CC1=CC=CC=C1)N(C)CC2=CC=CC=C2
D04216,CC1(C(=O)N(C(=O)O1)C)C
D04217,CCCN(CCC)CCC1=C2CC(=O)NC2=CC=C1
D04218,CC1=C(C=CN=C1CS(=O)C2=NC3=CC=CC=C3N2)OCC(F)(F)F
D04219,CCOC(=O)C1=CN=C(C=C1)C#CC2=CC3=C(C=C2)SCCC3(C)C
D04220,C(C(F)(F)F)(OC(F)F)F
D04221,C1CN(CCN1CC=CC2=CC=CC=C2)C(C3=CC=C(C=C3)F)C4=CC=C(C=C4)F
D04222,CCC1C(C(C(C(=O)C(CC(C(C(C(C(C(=O)O1)C)OC2CC(C(C(O2)C)O)(C)OC)C)OC3C(C(CC(O3)C)N(C)C)O)(C)O)C)C)O)(C)O
D04223,CC(C)C(=O)NC1=CC(=C(C=C1)[N+](=O)[O-])C(F)(F)F
D04224,CC[PH+](CC)CC.CC(=O)OCC1C(C(C(C(O1)[S-])OC(=O)C)OC(=O)C)OC(=O)C.[Au]
D04225,CN1CCN(CC1)C(=O)OC2C3=NC=CN=C3C(=O)N2C4=NC=C(C=C4)Cl
D04226,CC(C)CCCC(C)C1CCC2C1(CCCC2=CC=C3CC(CCC3=C)O)C
D04227,CC1=NC=C2N1C3=C(C=C(C=C3)Cl)C(=NC2)C4=CC=CC=C4F
D04228,CC1(C(=O)N2C(C(=O)N3CCCC3C2(O1)O)CC4=CC=CC=C4)NC(=O)C5CC6C(CC7=CNC8=CC=CC6=C78)N(C5)C
D04229,CC1CCC(C(C1)O)C(C)C
D04230,C1=CC(=C(C=C1Cl)Cl)CON=C(CN2C=CN=C2)C3=C(C=C(C=C3)Cl)Cl
D04231,C1C(=O)N(C2=C(C=C(C=C2)Cl)C(=N1)C3=CC=CC=C3)CC(F)(F)F
D04232,CC(C)(C)NC(=O)C1CN(CCN1CC(CC(CC2=CC=CC=C2)C(=O)NC3C(CC4=CC=CC=C34)O)O)CC5=CN=CC=C5
D04233,CCN(CC)CCNC(=O)C1=CC(=C(C=C1OC)N)Cl
D04234,CCCCC1=C(C2=CC=CC=C2O1)C(=O)C3=CC(=C(C(=C3)I)OCCN(CC)CC)I
D04235,CCCCS(=O)(=O)NC(CC1=CC=C(C=C1)OCCCCC2CCNCC2)C(=O)O
D04236,C1=CC(=C(C=C1Cl)Cl)CON=C(CN2C=CN=C2)C3=C(C=C(C=C3)Cl)Cl
D04237,CC(C(=O)O)N
D04238,CNC(=NC)NCC1=CC=CC=C1
D04239,C1=CC=C(C=C1)N=NC2=C(N=C(C=C2)N)N
D04240,CCS(=O)(=O)CCN1C(=NC=C1[N+](=O)[O-])C
D04241,CCOC(=O)NC1=C(C=C(C=C1)NCC2=CC=C(C=C2)F)N
D04242,C(=O)(O)P(=O)(O)O
D04243,C1CN(CCN1CCC2=C(C=C3C(=C2)CC(=O)N3)Cl)C4=NSC5=CC=CC=C54
D04244,CC(=O)OCC(CCN1C=NC2=CN=C(N=C21)N)COC(=O)C
D04245,C1CN(CCN1CCC2=C(C=C3C(=C2)CC(=O)N3)Cl)C4=NSC5=CC=CC=C54
D04246,CN1C=NC2=C1C(=O)N(C(=O)N2C)C
D04247,C1=CC=C(C(=C1)C(C2=CC=C(C=C2)Cl)C(Cl)Cl)Cl
D04248,CCCNC(=O)NS(=O)(=O)C1=CC=C(C=C1)Cl
D04249,CC(CC1=CC(=C(C=C1)O)O)(C(=O)O)N
D04250,CN1CCC23C4C1CC5=C2C(=C(C=C5)OC)OC3C(CC4)O
D04251,CN1C2=C(C(=O)N(C1=O)C)N(C=N2)CC(CO)O
D04252,CCC(CO)NC(=O)C1CN(C2CC3=CNC4=CC=CC(=C34)C2=C1)C
D04253,CC1CC(=O)C=C(C12C(=O)C3=C(O2)C(=C(C=C3OC)OC)Cl)OC
D04254,CC12CCC3C(=CCC4=C3C=CC(=C4)O)C1CCC2=O
D04255,CCC1=CC2CC(C3=C(CN(C2)C1)C4=CC=CC=C4N3)(C5=C(C=C6C(=C5)C78CCN9C7C(C=CC9)(C(C(C8N6C)(C(=O)OC)O)OC(=O)C)CC)OC)C(=O)OC
D04256,COC1C(C(C(C(O1)COS(=O)(=O)O)OC2C(C(C(C(O2)C(=O)O)OC3C(C(C(C(O3)COS(=O)(=O)O)OC4C(C(C(C(O4)C(=O)O)OC5C(C(C(C(O5)COS(=O)(=O)O)O)O)NS(=O)(=O)O)O)O)OS(=O)(=O)O)NS(=O)(=O)O)O)OS(=O)(=O)O)O)NS(=O)(=O)O
D04257,CC(=O)NC1=NN=C(S1)S(=O)(=O)N
D04258,C1=CC=C(C=C1)C(C2=CC=CC=C2)S(=O)CC(=O)N
D04259,CC1CC2C3CC(C4=CC(=O)C=CC4(C3(C(CC2(C1(C(=O)SCF)OC(=O)C5=CC=CO5)C)O)F)C)F
D04260,CN1CCC23C4C1CC5=C2C(=C(C=C5)O)OC3C(C=C4)O
D04261,CC1=C(C(CCC1)(C)C)C=CC(=CC=CC(=CC(=O)O)C)C
D04262,CC(C)NCC(COC1=CC=C(C=C1)COCCOC(C)C)O
D04263,CC(C(C1=CC=CC=C1)O)NC
D04264,CCOC1=C2C3=C(CC4C5C3(CCN4C)C(O2)C(C=C5)O)C=C1
D04265,CN1CCC23CCCCC2C1CC4=C3C=C(C=C4)OC
D04266,C1C=C(N2C(S1)C(C2=O)NC(=O)C(=CCC(=O)O)C3=CSC(=N3)N)C(=O)O
D04267,C1=CC=C2C(=C1)C(=NO2)CS(=O)(=O)N
D04268,CC1=C(C2=CC3=NC(=CC4=C(C(=C(N4)C=C5C6(C(C(=CC=C6C(=N5)C=C1N2)C(=O)OC)C(=O)OC)C)C)CCC(=O)OC)C(=C3C)CCC(=O)O)C=C
D04269,C(C(OC(F)F)(F)F)(F)Cl
D04270,C1=CN=CC=C1C2=CNC(=O)C(=C2)N
D04271,C1CN(CCN1CC=CC2=CC=CC=C2)C(C3=CC=CC=C3)C4=CC=CC=C4
D04272,C1CCC(C1)C(CC#N)N2C=C(C=N2)C3=C4C=CNC4=NC=N3
D04273,CC1=CC2=C(N1)C=CC=C2OCC(CNC(C)(C)C)OC(=O)C3=CC=CC=C3
D04274,CC12CCC3C(C1CCC2(C)O)CCC4C3(CC5=C(C4)NN=C5)C
D04275,CC1=CC2=C(S1)NC3=CC=CC=C3N=C2N4CCN(CC4)C
D04276,COC(=O)C1C(CCC2C1CC3C4=C(CCN3C2)C5=CC=CC=C5N4)O
D04277,CCOC(=O)C1=C2CN(C(=O)C3=C(N2C=N1)C=CC(=C3)F)C
D04278,CC1(C(N2C(S1)C(C2=O)NC(=O)CC3=CC=CC=C3)C(=O)O)C
D04279,C1CN=C(N1)NC2=C(C=CC=C2Cl)Cl
D04280,CN1C2CCCC1CC(C2)NC(=O)C3=NN(C4=CC=CC=C43)C
D04281,CCCN1C2=C(C(=O)NC1=O)NC=N2
D04282,COC1=CC(=CC(=C1OC)OC)CC2=CN=C(N=C2N)N
D04283,CN(C)CCC=C1C2=CC=CC=C2SC3=C1C=C(C=C3)Cl
D04284,C1=CC(=CC(=C1)C(F)(F)F)C(=NOCCCCC(=O)O)C2=CN=CC=C2
D04285,CN(C)CCCN1C2=CC=CC=C2CCC3=CC=CC=C31
D04286,C[N+](C)(C)CCOC(=O)CCC(=O)OCC[N+](C)(C)C
D04287,C(CC(=O)O)C(=O)CN
D04288,CC1OC2(CN3CCC2CC3)CS1
D04289,C(OC(C(F)(F)F)C(F)(F)F)F
D04290,C(C(=O)O)N
D04291,CN(C)CCC=C1C2=CC=CC=C2SC3=C1C=C(C=C3)Cl
D04292,C[N+]1(CCC23C4C(=O)CCC2(C1CC5=C3C(=C(C=C5)O)O4)O)CC6CC6
D04293,CC(C)NCC(COC1=CC=CC2=C1C=CN2)O
D04294,CC(=O)OCC(=O)C12C(CC3C1(CC(C4(C3CC(C5=CC(=O)C=CC54C)F)F)O)C)OC(O2)(C)C
D04295,CN1CCN(CC1)C2=NC3=C(C=CC(=C3)Cl)NC4=CC=CC=C42
D04296,CC1CCOC2N1C(=O)C3=C(C(=O)C(=CN3C2)C(=O)NCC4=C(C=C(C=C4)F)F)O
D04297,CCNC(=O)N(CCCN(C)C)C(=O)C1CC2C(CC3=CNC4=CC=CC2=C34)N(C1)CC=C
D04298,C1CN(CCN1CCOCC(=O)O)C(C2=CC=CC=C2)C3=CC=C(C=C3)Cl
D04299,CCC(=O)C(CC(C)N(C)C)(C1=CC=CC=C1)C2=CC=CC=C2
D04300,CC(=O)NC1C(C=C(OC1C(C(CO)O)O)C(=O)O)N=C(N)N
D04301,CC1=CC2=C(C=C1C)N(C3=NC(=O)NC(=O)C3=N2)CC(C(C(COP(=O)(O)OP(=O)(O)OCC4C(C(C(O4)N5C=NC6=C(N=CN=C65)N)O)O)O)O)O
D04302,CC(C)(C)OC(=O)NCCC(=O)NC(CC1=CNC2=CC=CC=C21)C(=O)NC(CCSC)C(=O)NC(CC(=O)O)C(=O)NC(CC3=CC=CC=C3)C(=O)N
D04303,CCNC(C)CC1=CC(=CC=C1)C(F)(F)F
D04304,CC(=O)OCC(=O)C12C(CC3C1(CC(C4(C3CCC5=CC(=O)C=CC54C)F)O)C)OC6(O2)CCCC6
D04305,C(CCNCCCN)CNCCCN
D04306,CC12CCC3C(C1CCC2(C)O)CCC4C3(COC(=O)C4)C
D04307,CN=C1CN(C(=C2C=C(C=CC2=N1)Cl)C3=CC=CC=C3)O
D04308,CCC1C(COC1=O)CC2=CN=CN2C
D04309,C1=CC=C(C=C1)NC(=O)CCCCCCC(=O)NO
D04310,C1C(C(OC1N2C=C(C(=O)NC2=O)I)CO)O
D04311,[O-]S(=O)(=O)[O-].[Mg+2]
D04312,CC1=NN=C(S1)NS(=O)(=O)C2=CC=C(C=C2)N
D04313,CCO
D04314,CC(C1C(=O)NC(CSSCC(C(=O)NC(C(=O)NC(C(=O)NC(C(=O)N1)CCCCN)CC2=CNC3=CC=CC=C32)CC4=CC=CC=C4)NC(=O)C(CC5=CC=CC=C5)N)C(=O)NC(CO)C(C)O)O
D04315,C1=CC=C(C(=C1)C(C2=CC=C(C=C2)Cl)C(Cl)Cl)Cl
D04316,CCN(CC)CCS(=O)(=O)C1CCN2C1C(=O)OC(C(C=CC(=O)NCC=CC(=CC(CC(=O)CC3=NC(=CO3)C2=O)O)C)C)C(C)C
D04317,CC1CC2C(CCC3(C2CCC3(C(=O)C)OC(=O)C)C)C4(C1=CC(=O)CC4)C
D04318,CCOC(=O)C=C1N(C(=O)C(S1)N2CCCCC2)C
D04319,C(C(OC(F)F)(F)F)(F)Cl
D04320,CC1C2C(C(=O)N2C(=C1SC3CC(NC3)C(=O)N(C)C)C(=O)O)C(C)O
D04321,CCOC(=O)C1=C(NC(=C(C1C2=CC=CC=C2Cl)C(=O)OC)C)COCCN
D04322,CC1=CC(=C(C=C1)O)C(CCN(C(C)C)C(C)C)C2=CC=CC=C2
D04323,C1CN=C(N1)CN(CC2=CC=CC=C2)C3=CC=CC=C3
D04324,CC(C)CC1CN2CCC3=CC(=C(C=C3C2CC1=O)OC)OC
D04325,CN(C)CCCN1C2=CC=CC=C2SC3=C1C=C(C=C3)Cl
D04326,CC1=C(C(=CC=C1)C)NC(=O)C2CCCCN2C
D04327,CC(COC1=CC=CC=C1)N(CCCl)CC2=CC=CC=C2
D04328,C1CN(CCC1NC(=O)C2=CC=CC=C2C3=CC=C(C=C3)C(F)(F)F)CCCCC4(C5=CC=CC=C5C6=CC=CC=C64)C(=O)NCC(F)(F)F
D04329,CC(=O)NC(CS)C(=O)O
D04330,CC12CCC3C(C1CCC2=O)CC(=C)C4=CC(=O)C=CC34C
D04331,CN1C(S(=O)(=O)CCC1=O)C2=CC=C(C=C2)Cl
D04332,CN1CCCC(CC1)N2C(=O)C3=CC=CC=C3C(=N2)CC4=CC=C(C=C4)Cl
D04333,CC1=CC2=C(C=C1C)N(C=N2)C3C(C(C(O3)CO)OP(=O)([O-])OC(C)CNC(=O)CCC4(C(C5C6(C(C(C(=N6)C(=C7C(C(C(=N7)C=C8C(C(C(=N8)C(=C4[N-]5)C)CCC(=O)N)(C)C)CCC(=O)N)(C)CC(=O)N)C)CCC(=O)N)(C)CC(=O)N)C)CC(=O)N)C)O.O.[Co]
D04334,CCC1C=C(C(CC=CC=C(C(=O)OC(CC=C(C=C(C1OC2C(C(C(C(O2)(C)C)OC(=O)C(C)C)O)O)C)C)C(C)O)COC3C(C(C(C(O3)C)OC(=O)C4=C(C(=C(C(=C4O)Cl)O)Cl)CC)O)OC)O)C
D04335,CC(C)CC1=CC=C(C=C1)C(C)C(=O)O
D04336,CC1=C(C=CC=C1O)C(=O)NC(CSC2=CC=CC=C2)C(CN3CC4CCCCC4CC3C(=O)NC(C)(C)C)O
D04337,CCC1NC2=CC(=C(C=C2C(=O)N1)S(=O)(=O)N)Cl
D04338,CC(C1=CC2=CC=CC=C2S1)N(C(=O)N)O
D04339,CCNC(=O)N(CCCN(C)C)C(=O)C1CC2C(CC3=CNC4=CC=CC2=C34)N(C1)CC=C
D04340,C1CC2=C(C=CC(=C2)Cl)C(=C3CCNCC3)C4=C1C=CC=N4
D04341,CC(=O)OC1C=CC2C3CC4=C5C2(C1OC5=C(C=C4)OC(=O)C)CCN3C
D04342,CCCCC(=O)N(CC1=CC=C(C=C1)C2=CC=CC=C2C3=NNN=N3)C(C(C)C)C(=O)O
D04343,C(C(F)(F)F)(OC(F)F)Cl
D04344,C1=CC(=C(C=C1N=NC2=CC(=C(C=C2)O)C(=O)O)C(=O)O)O
D04345,CCOC(=O)C1=C2CN(C(=O)C3=C(N2C=N1)C=CC(=C3)F)C
D04346,CCCNS(=O)(=O)NC1=C(C(=NC=N1)OCCOC2=NC=C(C=N2)Br)C3=CC=C(C=C3)Br
D04347,CC1(C(C1C(=O)OCC2=CC(=CC=C2)OC3=CC=CC=C3)C=C(Cl)Cl)C
D04348,CNC(=NC)NCC1=CC=CC=C1
D04349,CCC1(C(=O)NC(=O)NC1=O)C2=CC=CC=C2
D04350,CN(C)CCCN1C2=CC=CC=C2SC3=C1C=C(C=C3)C(F)(F)F
D04351,C1=CC(=C(C=C1N=NC2=CC(=C(C=C2)O)C(=O)O)C(=O)O)O
D04352,C1C(CNC1C(=O)O)O
D04353,COC(=O)C1C(CCC2C1CC3C4=C(CCN3C2)C5=CC=CC=C5N4)O
D04354,CC(C)C1=C(C(=CC=C1)C(C)C)O
D04355,C1C(=S)N(C2=C(C=C(C=C2)Cl)C(=N1)C3=CC=CC=C3F)CC(F)(F)F
D04356,C1C(C(C(C(C1N)OC2C(C(C(C(O2)CO)O)O)N)OC3C(C(C(O3)CO)OC4C(C(C(C(O4)CN)O)O)N)O)O)N
D04357,C1=NC(=O)NC(=C1F)N
D04358,CC[N+](C)(C)C1=CC(=CC=C1)O
D04359,C1C2C(C(S1)CCCCC(=O)O)NC(=O)N2
D04360,C1C2CC3CC(CC1N3CC2=O)OC(=O)C4=CNC5=CC=CC=C54
D04361,CC1=CC(=NO1)NS(=O)(=O)C2=CC=C(C=C2)N
D04362,CC1C(C(CC(O1)OC2CC(CC3=C2C(=C4C(=C3O)C(=O)C5=C(C4=O)C(=CC=C5)OC)O)(C(=O)CO)O)N)O
D04363,C1=CC=C(C=C1)C2=NC3=C(N=C(N=C3N=C2N)N)N
D04364,COC(=O)CCC(=O)CN
D04365,CC1=CC2=C(C=C1C(=C)C3=CC=C(C=C3)C(=O)O)C(CCC2(C)C)(C)C
D04366,C1=CC2=C(C(=C1)OCC(COC3=CC=CC4=C3C(=O)C=C(O4)C(=O)O)O)C(=O)C=C(O2)C(=O)O
D04367,C1=C(NC=N1)CC(C(=O)O)N
D04368,C1=CC(=C(C=C1OC2=C(C=C(C=C2I)CC(C(=O)O)N)I)I)O
D04369,C1CN(CCN1CC=CC2=CC=CC=C2)C(C3=CC=CC=C3)C4=CC=CC=C4
D04370,CC1=C(C=CN=C1CS(=O)C2=NC3=CC=CC=C3N2)OCCCOC
D04371,CCCCCC(C=CC1C(CC2C1CC(=CCCCC(=O)O)O2)O)O
D04372,CC(C)CC(C(=O)NC(CCCN=C(N)N)C(=O)N1CCCC1C(=O)NNC(=O)N)NC(=O)C(COC(C)(C)C)NC(=O)C(CC2=CC=C(C=C2)O)NC(=O)C(CO)NC(=O)C(CC3=CNC4=CC=CC=C43)NC(=O)C(CC5=CN=CN5)NC(=O)C6CCC(=O)N6
D04373,CC12CC3CC(C1)(CC(C3)(C2)N)C
D04374,CC(C)C(C(=O)OCC(CO)OCN1C=NC2=C1N=C(NC2=O)N)N
D04375,CC(C(C1=CC=CC=C1)O)NC
D04376,CCCCCCCCCCCCCCCCCC(=O)O[Al].O.O
D04377,C1CC(=O)NC2=C1C=CC(=C2)OCCCCN3CCN(CC3)C4=C(C(=CC=C4)Cl)Cl
D04378,CN1CCC23C4C1CC5=C2C(=C(C=C5)O)OC3C(=O)CC4
D04379,C1=CC=C2C(=C1)C(=NO2)CS(=O)(=O)N
D04380,C1CC(N(C1)C(=O)CNC23CC4CC(C2)CC(C4)(C3)O)C#N
D04381,CN1CC2C(C1)C3=C(C=CC(=C3)Cl)OC4=CC=CC=C24.C(=CC(=O)O)C(=O)O
D04382,CCCCCCCCCCNCCNC1(CC(OC(C1O)C)OC2C(C(C(OC2OC3=C4C=C5C=C3OC6=C(C=C(C=C6)C(C(C(=O)NC(C(=O)NC5C(=O)NC7C8=CC(=C(C=C8)O)C9=C(C(=C(C=C9C(NC(=O)C(C(C1=CC(=C(O4)C=C1)Cl)O)NC7=O)C(=O)O)O)CNCP(=O)(O)O)O)CC(=O)N)NC(=O)C(CC(C)C)NC)O)Cl)CO)O)O)C
D04383,CC(C)(CC1=CC=CC=C1)NC
D04384,C1=CN=C(C=N1)C(=O)N
D04385,CCC1=NN(C(=O)N1CCOC2=CC=CC=C2)CCCN3CCN(CC3)C4=CC(=CC=C4)Cl
D04386,CCC1C(=NN=C(C2=CC(=C(C=C12)OC)OC)C3=CC(=C(C=C3)OC)OC)C
D04387,C(C1C(C(C(C(O1)O)N)O)O)O
D04388,CCOC(=O)C1=C(NC(=C(C1C2=CC=CC=C2Cl)C(=O)OC)C)COCCN
D04389,CC1=NC=CN1CC2CCC3=C(C2=O)C4=CC=CC=C4N3C
D04390,CN(C)C1C2C(C3C(=C)C4=C(C(=CC=C4)O)C(=C3C(=O)C2(C(=C(C1=O)C(=O)N)O)O)O)O
D04391,CC(C)CC(C(C(=O)NO)O)C(=O)NC(C(=O)NC)C(C)(C)C
D04392,CC1=C(N=C(N=C1N)C(CC(=O)N)NCC(C(=O)N)N)C(=O)NC(C(C2=CN=CN2)OC3C(C(C(C(O3)CO)O)O)OC4C(C(C(C(O4)CO)O)OC(=O)N)O)C(=O)NC(C)C(C(C)C(=O)NC(C(C)O)C(=O)NCCC5=NC(=CS5)C6=NC(=CS6)C(=O)NCCC[S+](C)C)O
D04393,CCCCCC(CCC1C(CC2C1CC3=C(C2)C(=CC=C3)OCC(=O)O)O)O
D04394,CC(CCC(=O)O)C1CCC2C1(CCC3C2C(CC4C3(CCC(C4)O)C)O)C
D04395,C1=CC(=C(C=C1CCN)O)O
D04396,C[N+]1=CC=CC=C1C=NO
D04397,CN1C2CCC1CC(C2)OC(=O)C(CO)C3=CC=CC=C3
D04398,CC(C)CN(CC(C(CC1=CC=CC=C1)NC(=O)OC2COC3C2CCO3)O)S(=O)(=O)C4=CC=C(C=C4)N
D04399,CC1(C(N2C(S1(=O)=O)CC2=O)C(=O)O)CN3C=CN=N3
D04400,CCC12CC(=C)C3C(C1CCC2(C#C)O)CCC4=CC(=O)CCC34
D04401,C1=CC=C(C=C1)C(=C(C2=CC=CC=C2)C3=CC=C(C=C3)OCCO)CCCl
D04402,CNCC(C1=CC(=C(C=C1)O)O)O
D04403,CC1C2C(C(=O)N2C(=C1SC3CC(NC3)C(=O)NC4=CC=CC(=C4)C(=O)O)C(=O)O)C(C)O
D04404,CC(C)NCC(COC1=CC=CC2=CC=CC=C21)O
D04405,CN1CCN2C(C1)C3=CC=CC=C3CC4=C2N=CC=C4
D04406,C1C2C3=CC=CC=C3CC4=CC=CC=C4N2C(=N1)N
D04407,CC(C(C1=CC=CC=C1)O)NC
D04408,CC1=NC2=C(C=C(C=C2)CN(C)C3=CC=C(S3)C(=O)NC(CCC(=O)O)C(=O)O)C(=O)N1
D04409,CC(C(C1=CC(=C(C=C1)O)O)O)N
D04410,C=CCN1CCC23C4C(=O)CCC2(C1CC5=C3C(=C(C=C5)O)O4)O
D04411,C(C(=O)O)N
D04412,C1=CC(=C(C(=C1)Cl)SC(CCC2=CC=C(C=C2)Cl)CN3C=CN=C3)Cl
D04413,CN1C(=NN=N1)SCC2=C(N3C(C(C3=O)NC(=O)C(=NOC)C4=CSC(=N4)N)SC2)C(=O)O
D04414,CC1C(OCCN1C)C2=CC=CC=C2
D04415,CCOC(=O)C1=CN=CN1C(C)C2=CC=CC=C2
D04416,COC1(C2N(C1=O)C(=C(CS2)COC(=O)N)C(=O)O)NC(=O)CC3=CC=CS3
D04417,CNC(=NC)NCC1=CC=CC=C1
D04418,CC(C)(C1=CN=CC=C1)C(=O)C2=CN=CC=C2
D04419,CN(C)CCC(C1=CC=C(C=C1)Br)C2=CC=CC=N2
D04420,CCOC(=O)CCCCCCCCC(C)C1=CC=CC=C1I
D04421,CCN(CC)C(=O)C1(CC1CN)C2=CC=CC=C2
D04422,CCC(C1=CC=CC=C1)C2=C(C3=CC=CC=C3OC2=O)O
D04423,CN1C2CCC1CC(C2)OC(C3=CC=CC=C3)C4=CC=CC=C4
D04424,C1C2N(C1=O)C(C(=CCO)O2)C(=O)O
D04425,CC(=O)C1=CC2=C(C=C1)SC3=CC=CC=C3N2CCCN(C)C
D04426,CN(C)C1C2C(C3C(=C)C4=C(C(=CC=C4)O)C(=C3C(=O)C2(C(=C(C1=O)C(=O)N)O)O)O)O
D04427,CC(=O)SC1CC2=CC(=O)CCC2(C3C1C4CCC5(C4(CC3)C)CCC(=O)O5)C
D04428,CC(C)(C)NCC(C1=CC(=C(C(=C1)Cl)N)Cl)O
D04429,CC12CC3CC(C1)(CC(C3)(C2)N)C
D04430,C1=CC(=C(C(=C1)Cl)COC(CN2C=CN=C2)C3=C(C=C(C=C3)Cl)Cl)Cl
D04431,CC#CCN1C2=C(N=C1N3CCCC(C3)N)N(C(=O)N(C2=O)CC4=NC5=CC=CC=C5C(=N4)C)C
D04432,C(C(C(=O)O)N)O
D04433,CCN(CC)C(=O)NC1CN(C2CC3=CNC4=CC=CC(=C34)C2=C1)C
D04434,C(CN(CC(=O)O)CC(=O)O)N(CC(=O)O)CC(=O)O
D04435,CCCC1OC2CC3C4CCC5=CC(=O)C=CC5(C4C(CC3(C2(O1)C(=O)CO)C)O)C
D04436,COC1=C(C=C(C=C1)Cl)C(=O)NCCC2=CC=C(C=C2)S(=O)(=O)NC(=O)NC3CCCCC3
D04437,CCN(CC)CCOC(=O)C1(CCCCC1)C2CCCCC2
D04438,CCN(CC)CCNC(=O)C1=CC(=C(C=C1OC)N)Br
D04439,CC(C)C1=C(C(=CC=C1)C(C)C)O
D04440,CCCN(CCC)CCC1=C2CC(=O)NC2=CC=C1
D04441,CC(=O)SC1CC2=CC(=O)CCC2(C3C1C4CCC5(C4(CC3)C)CCC(=O)O5)C
D04442,CCC(=O)C1(C(CC2C1(CC(C3C2CCC4=CC(=O)C=CC34C)O)C)C)C
D04443,CN1CCN(CC1)C2=NC3=C(C=CC(=C3)Cl)NC4=CC=CC=C42
D04444,C1=CN=C(N=C1)NS(=O)(=O)C2=CC=C(C=C2)N
D04445,CON=C(C1=CSC(=N1)N)C(=O)NC2C3N(C2=O)C(=CCS3)C(=O)O
D04446,CC1CC(C2C(CC(C(O2)(C(=O)C(=O)N3CCCCC3C(=O)OC(C(C(CC(=O)C(C=C(C1)C)CC=C)O)C)C(=CC4CCC(C(C4)OC)O)C)O)C)OC)OC
D04447,CC(=O)C(=O)O
D04448,CN(C)CCCN1C2=CC=CC=C2SC3=CC=CC=C31
D04449,CC1=C(C2=C(C1=CC3=CC=C(C=C3)S(=O)C)C=CC(=C2)F)CC(=O)O
D04450,C1CN=C(N1)NC2=C(C=C(C=C2Cl)N)Cl
D04451,CC1=CN(C(=O)NC1=O)C2C=CC(O2)CO
D04452,CC1=C(N2C(C(C2=O)NC(=O)C(C3=CC=C(C=C3)O)N)SC1)C(=O)O
D04453,C[N+]1(CCC(=C(C2=CC=CC=C2)C3=CC=CC=C3)CC1)C.COS(=O)(=O)[O-]
D04454,CC1CC(=O)NN=C1C2=CC=C(C=C2)NN=C(C#N)C#N
D04455,C1C(C(OC1N2C=C(C(=O)NC2=O)F)CO)O
D04456,C1=CC(=C(C=C1N)O)C(=O)O
D04457,CC(C)CC(C1(CCC1)C2=CC=C(C=C2)Cl)N(C)C
D04458,CC12CCC3C(C1CCC2(C)O)CCC4C3(CC5=C(C4)NN=C5)C
D04459,C1C(C(C(C(O1)OC2COC(C(C2OS(=O)(=O)O)OS(=O)(=O)O)O)OS(=O)(=O)O)OS(=O)(=O)O)O
D04460,CN1CCC23C=CC(CC2OC4=C(C=CC(=C34)C1)OC)O
D04461,C(C(C1C(=C(C(=O)O1)O)O)O)O
D04462,C1=CC(=C(C(=C1)Cl)COC(CN2C=CN=C2)C3=C(C=C(C=C3)Cl)Cl)Cl
D04463,COC1=CC=CC=C1OCCNCC(COC2=CC=CC3=C2C4=CC=CC=C4N3)O
D04464,CC(C)NCC1CCC2=CC(=C(C=C2N1)[N+](=O)[O-])CO
D04465,C1=CC(=C(C(=C1)C(=O)C2=CC=C(C=C2)Br)N)CC(=O)O
D04466,CCCOC1=C(C=C(C=C1)C(=O)OCCN(CC)CC)N
D04467,CC1(OC2COC3(C(C2O1)OC(O3)(C)C)COS(=O)(=O)N)C
D04468,CC12CCC3C(C1CCC2(C)O)CCC4C3(CC5=C(C4)NN=C5)C
D04469,CCN1CCCC1CNC(=O)C2=CC(=C(C=C2OC)N)S(=O)(=O)CC
D04470,CC[N+](CC)(CCNC(=O)C(=O)NCC[N+](CC)(CC)CC1=CC=CC=C1Cl)CC2=CC=CC=C2Cl
D04471,C(CC(=O)O)C(=O)O
D04472,CCCCC1=C(C2=CC=CC=C2O1)C(=O)C3=CC(=C(C(=C3)I)OCCN(CC)CC)I
D04473,CCCC(C)C1(C(=O)NC(=S)NC1=O)CC
D04474,CN1CCC23C4C1CC5=C2C(=C(C=C5)OC)OC3C(C=C4)O
D04475,C1=NC(=C2C(=N1)N(C=N2)C3C(C(C(O3)COP(=O)(O)OP(=O)(O)OP(=O)(O)O)O)O)N
D04476,C=CCN1CCC23CCCCC2C1CC4=C3C=C(C=C4)O
D04477,CC(C)C(CCCN(C)CCC1=CC(=C(C=C1)OC)OC)(C#N)C2=CC(=C(C=C2)OC)OC
D04478,C1C(C(C(C(C1N)OC2C(C(C(C(O2)CO)O)N)O)O)OC3C(CC(C(O3)CN)O)N)N
D04479,CN1CCC23CCCCC2C1CC4=C3C=C(C=C4)OC
D04480,CC1=C2COC(=O)C2=C(C(=C1OC)CC=C(C)CCC(=O)OCCN3CCOCC3)O
D04481,CC(=O)SC1CC2=CC(=O)CCC2(C3C1C4CCC5(C4(CC3)C)CCC(=O)O5)C
D04482,CNCC(C1=CC(=C(C=C1)O)O)O
D04483,CN(C)CCCN1C2=CC=CC=C2SC3=CC=CC=C31
D04484,CCC1(C(=O)N(C(=O)O1)C)C
D04485,C1=CC2=C(C=C1OC(F)(F)F)SC(=N2)N
D04486,CC1=NC=C2N1C3=C(C=C(C=C3)Cl)C(=NC2)C4=CC=CC=C4F
D04487,CC1=C(C2=CC3=NC(=CC4=C(C(=C(N4)C=C5C6(C(C(=CC=C6C(=N5)C=C1N2)C(=O)OC)C(=O)OC)C)C)CCC(=O)OC)C(=C3C)CCC(=O)O)C=C
D04488,CC1OCC2C(O1)C(C(C(O2)OC3C4COC(=O)C4C(C5=CC6=C(C=C35)OCO6)C7=CC(=C(C(=C7)OC)O)OC)O)O
D04489,CC(C1=CC(=CC(=C1)C(F)(F)F)C(F)(F)F)OC2C(N(CCO2)CC3=NNC(=O)N3)C4=CC=C(C=C4)F
D04490,CC(=O)N1CCN(CC1)C2=CC=C(C=C2)OCC3COC(O3)(CN4C=CN=C4)C5=C(C=C(C=C5)Cl)Cl
D04491,CC(C)C1=C(C=C2C(=C1)CCC3C2(CCCC3(C)C(=O)O)C)S(=O)(=O)O
D04492,CC1=NN=C2N1C3=C(C=C(C=C3)Cl)C(=NC2)C4=CC=CC=C4Cl
D04493,C1CCC2(CC1)OCC(O2)CN=C(N)N
D04494,CC1=CC2=C(S1)NC3=CC=CC=C3N=C2N4CCN(CC4)C
D04495,CC1CN(CC(N1)C)C2=C(C(=C3C(=C2F)N(C=C(C3=O)C(=O)O)C4CC4)N)F
D04496,C1CN(CCN1CCC=C2C3=CC=CC=C3SC4=C2C=C(C=C4)Cl)CCO
D04497,CC1(C(N2C(S1)C(C2=O)NC(=O)CC3=CC=CC=C3)C(=O)O)C
D04498,CC1=CC2=C(C=C1C)N(C3=NC(=O)NC(=O)C3=N2)CC(C(C(COP(=O)(O)OP(=O)(O)OCC4C(C(C(O4)N5C=NC6=C(N=CN=C65)N)O)O)O)O)O
D04499,CC(C)CCCC(C)C1CCC2C1(CCCC2=CC=C3CC(CCC3=C)O)C
D04500,CCCCCC(C=CC1C(CC(=O)C1CC=CCCCC(=O)O)O)O
D04501,CC1=C(ON=C1C)NS(=O)(=O)C2=CC=C(C=C2)N
D04502,CC1=C(C(CCC1)(C)C)C=CC(=CC=CC(=CCO)C)C
D04503,CC12CCC3C(C1CCC(=O)O2)CCC4=CC(=O)C=CC34C
D04504,C1C2=NN=CN2C3=C(C=C(C=C3)Cl)C(=N1)C4=CC=CC=C4
D04505,C1C(=O)NC(=O)N1N=CC2=CC=C(O2)C3=CC=C(C=C3)[N+](=O)[O-]
D04506,CCN(CC)CCNC(=O)C1=C(NC(=C1C)C=C2C3=C(C=CC(=C3)F)NC2=O)C
D04507,CN1CCN(CC1)CCCN2C3=CC=CC=C3SC4=C2C=C(C=C4)C(F)(F)F
D04508,CCCC(CCC)C(=O)O
D04509,CCN(CC)CCCC(C)NC1=C2C=CC(=CC2=NC=C1)Cl
D04510,CCOC(=O)C1=C(NC(=C(C1C2=CC(=CC=C2)[N+](=O)[O-])C(=O)OC)C)C
D04511,CC(=O)NC(CS)C(=O)O
D04512,C1=CC(=CC=C1C(=O)NC(CCC(=O)O)C(=O)O)NCC2=CN=C3C(=N2)C(=O)NC(=N3)N
D04513,CC1=NC=C(C(=C1O)CO)CO
D04514,C1CN=C(N1)NC2=C(C=C(C=C2Cl)N)Cl
D04515,C(C(C(=O)O)N)SSCC(C(=O)O)N
D04516,C1CN=C(N1)NC2=C(C=C(C=C2Cl)N)Cl
D04517,CC1=C(N2C(C(C2=O)NC(=O)C(C3=CCC=CC3)N)SC1)C(=O)O
D04518,[O-]S(=O)(=O)[O-].[Mg+2]
D04519,C1C(N=C(NC1O)N)C2C(=O)NCC(C(=O)NC(C(=O)NC(C(=O)NC(=CNC(=O)N)C(=O)N2)CO)CO)NC(=O)CC(CCCN)N
D04520,CC(C)(C)NCC(COC1=CC=CC=C1C2CCCC2)O
D04521,CCC1=C(NC2=C1C(=O)C(CC2)CN3CCOCC3)C
D04522,C1CNCC(C1C2=CC=C(C=C2)F)COC3=CC4=C(C=C3)OCO4
D04523,CC1CC2C3CCC4=CC(=O)C=CC4(C3(C(CC2(C1C(=O)CO)C)O)F)C
D04524,CC(C)CC(C(C(=O)NO)O)C(=O)NC(C(=O)NC)C(C)(C)C
D04525,CC(C1C2CC(=C(N2C1=O)C(=O)O)SCCN=CN)O
D04526,CN(CC#C)CC1=CC=CC=C1
D04527,CC12CCC3C(C1CCC2=O)CCC4=C3C=CC(=C4)O
D04528,CC(C)(C(=O)O)ON=C(C1=CSC(=N1)N)C(=O)NC2C3N(C2=O)C(=C(CS3)C[N+]4=CC=CC=C4)C(=O)[O-]
D04529,CC(C)(C(=O)O)OC1=CC=C(C=C1)CCNC(=O)C2=CC=C(C=C2)Cl
D04530,CC(C)CC(C(=O)NC(CCCN=C(N)N)C(=O)N1CCCC1C(=O)NC(C)C(=O)N)NC(=O)C(CCCNC(=O)N)NC(=O)C(CC2=CC=C(C=C2)O)NC(=O)C(CO)NC(=O)C(CC3=CN=CC=C3)NC(=O)C(CC4=CC=C(C=C4)Cl)NC(=O)C(CC5=CC6=CC=CC=C6C=C5)NC(=O)C
D04531,C1C(=O)NC2=C(C=C(C=C2)[N+](=O)[O-])C(=N1)C3=CC=CC=C3Cl
D04532,CN1CCCC1C2=CN=CC=C2
D04533,CC1(C(N2C(S1)C(C2=O)NC(=O)COC3=CC=CC=C3)C(=O)O)C
D04534,CCCC(C)C1(C(=O)NC(=O)NC1=O)CC
D04535,C1CN=C(N1)NC2=C(C=CC3=NSN=C32)Cl
D04536,CCC(=O)C1=CC2=C(C=C1)SC3=CC=CC=C3N2CC(C)N(C)C
D04537,CC(C)(C)C1=CC(=C(C=C1NC(=O)C2=CNC3=CC=CC=C3C2=O)O)C(C)(C)C
D04538,CC(CN1C2=CC=CC=C2SC3=CC=CC=C31)N(C)C
D04539,CCOC(=O)C1C(=O)NC2=C(C=C(C=C2)Cl)C(=N1)C3=CC=CC=C3F
D04540,CN(C)CCC(C1=CC=C(C=C1)Br)C2=CC=CC=N2
D04541,C1CN2CCC1C(C2)CN3C4=CC=CC=C4SC5=CC=CC=C53
D04542,CC(C)(C)NCC(COC1=CC=CC2=C1CCCC2=O)O
D04543,CC(C)CCCC(C)C1CCC2C1(CCCC2=CC=C3CC(CCC3=C)O)C
D04544,CCCN(CCC1=CC=CS1)C2CCC3=C(C2)C=CC=C3O
D04545,CNCC(C1=CC(=C(C=C1)O)O)O
D04546,C1=CC(=CC=C1CCC2=CNC3=C2C(=O)NC(=N3)N)C(=O)NC(CCC(=O)O)C(=O)O
D04547,C1CCNC(C1)CNC(=O)C2=C(C=CC(=C2)OCC(F)(F)F)OCC(F)(F)F
D04548,CC(C)NCC(C1=CC(=C(C=C1)O)O)O
D04549,CC(=O)OCC1=C(N2C(C(C2=O)NC(=O)C(=NOC)C3=CSC(=N3)N)SC1)C(=O)O
D04550,COC1=C(C=C(C=C1)CC2=NC=CC3=CC(=C(C=C32)OC)OC)OC
D04551,C1CCC(CC1)C(CC2CCCCN2)C3CCCCC3
D04552,CN(C)C1C2CC3CC4=C(C=CC(=C4C(=C3C(=O)C2(C(=C(C1=O)C(=O)N)O)O)O)O)N(C)C
D04553,CC(=O)OC1C=CC2C3CC4=C5C2(C1OC5=C(C=C4)OC(=O)C)CCN3C
D04554,CC12CCC3C(C1CCC2O)CCC45C3(CC(=C(C4O5)O)C#N)C
D04555,CC(C(C1=CC(=CC=C1)O)O)N
D04556,COC1=C(C=C2C(=C1)C(=NC(=N2)N3CCN(CC3)C(=O)C4COC5=CC=CC=C5O4)N)OC
D04557,C1=CC=C2C(=C1)C=CC3=CC=CC=C3N2C(=O)N
D04558,C(C1C(C(C(C(O1)O)N)O)O)O
D04559,C1=CN(C=N1)CC(O)(P(=O)(O)O)P(=O)(O)O
D04560,C(CC(=O)NC(CS)C(=O)NCC(=O)O)C(C(=O)O)N
D04561,CCCCNC(=O)NS(=O)(=O)C1=CC=C(C=C1)C
D04562,CC(C)CC(C1(CCC1)C2=CC=C(C=C2)Cl)N(C)C
D04563,C1C2C3=CC=CC=C3CC4=CC=CC=C4N2C(=N1)N
D04564,CC(=O)NCCCS(=O)(=O)O
D04565,C[N+]1(CCCC1)CC2=C(N3C(C(C3=O)NC(=O)C(=NOC)C4=CSC(=N4)N)SC2)C(=O)[O-]
D04566,CN1CCC23C4C1CC5=C2C(=C(C=C5)O)OC3C(=O)CC4
D04567,CNC(=C[N+](=O)[O-])NCCSCC1=CSC(=N1)CN(C)C
D04568,C1=NC2=NC=NC(=C2N1)N
D04569,CN1CCC23C4C1CC5=C2C(=C(C=C5)OC)OC3C(C=C4)O
D04570,CCC(C)C1(C(=O)NC(=O)NC1=O)CC=C
D04571,CN1CCN(CC1)C2=NC3=C(C=CC(=C3)Cl)NC4=CC=CC=C42
D04572,C1C(C(C(C(N1CCO)CO)O)O)O
D04573,CC(C)(C)NCC(COC1=CC=CC2=C1CCC(=O)N2)O
D04574,CN1CCC(=C2C3=CC=CC=C3C=CC4=CC=CC=C42)CC1
D04575,C(CN)CNCCSP(=O)(O)O
D04576,CC(C)C(CCCN(C)CCC1=CC(=C(C=C1)OC)OC)(C#N)C2=CC(=C(C=C2)OC)OC
D04577,CC(C)(C(=O)O)OC1=CC=C(C=C1)CCNC(=O)C2=CC=C(C=C2)Cl
D04578,C1C(=O)NC2=C(C=C(C=C2)Br)C(=N1)C3=CC=CC=N3
D04579,C1=CC=C(C=C1)C2=NC(C(=O)NC3=C2C=C(C=C3)Cl)O
D04580,C1C2CNCC1C3=CC=CC(=O)N3C2
D04581,CC1=NN=C2N1C3=C(C=C(C=C3)Cl)C(=NC2)C4=CC=CC=C4Cl
D04582,CC1=CC2=C(C=C1C)N(C3=NC(=O)NC(=O)C3=N2)CC(C(C(COP(=O)(O)OP(=O)(O)OCC4C(C(C(O4)N5C=NC6=C(N=CN=C65)N)O)O)O)O)O
D04583,CC1(C(=O)N2C(C(=O)N3CCCC3C2(O1)O)CC4=CC=CC=C4)NC(=O)C5CN(C6CC7=CNC8=CC=CC(=C78)C6=C5)C
D04584,CN(C)CCCN1C2=CC=CC=C2SC3=CC=CC=C31
D04585,CC(C)NCC(COC1=CC=C(C=C1)COCCOC(C)C)O
D04586,CC(CC1=CC=CC=C1)NC
D04587,CC1=C(C(=CC=C1)NC2=CC=CC=C2C(=O)O)C
D04588,CN1CCC23CCCCC2C1CC4=C3C=C(C=C4)OC
D04589,C[N+](C)(C)CCOC(=O)N
D04590,CN1C(=O)CN=C(C2=C1C=CC(=C2)Cl)C3=CC=CC=C3
D04591,CCN1C=C(C(=O)C2=C1N=C(C=C2)C)C(=O)O
D04592,CN1CCN(CC1)C2=NC3=CC=CC=C3OC4=C2C=C(C=C4)Cl
D04593,C1=CC(=C(C(=C1)F)CN2C=C(N=N2)C(=O)N)F
D04594,CCC(=O)C(CC(C)N(C)C)(C1=CC=CC=C1)C2=CC=CC=C2
D04595,C1CCN(CC1)CCC(C2CC3CC2C=C3)(C4=CC=CC=C4)O
D04596,CN1C2=C(C(=O)N(C1=O)C)NC=N2.CN1C2=C(C(=O)N(C1=O)C)NC=N2.C(CN)N
D04597,CC(CN1C2=CC=CC=C2CCC3=CC=CC=C31)CN(C)C
D04598,C1C(=S)N(C2=C(C=C(C=C2)Cl)C(=N1)C3=CC=CC=C3F)CC(F)(F)F
D04599,CC1=CC2=C(C=C1CC(=O)C3=C(C=CS3)S(=O)(=O)NC4=C(C(=NO4)C)Cl)OCO2
D04600,C1=CC=C(C=C1)CCCCOC2=CC=C(C=C2)C(=O)NC3=CC=CC4=C3OC(=CC4=O)C5=NNN=N5
D04601,CC(C)OC(=O)OCOP(=O)(COC(C)CN1C=NC2=C(N=CN=C21)N)OCOC(=O)OC(C)C
D04602,C(C(C(=O)O)N)C(=O)O
D04603,CCC(=O)N(C1=CC=CC=C1)C2(CCN(CC2)CCC3=CC=CS3)COC
D04604,CC1=C(C(=NO1)C2=C(C=CC=C2Cl)Cl)C(=O)NC3C4N(C3=O)C(C(S4)(C)C)C(=O)O
D04605,CC1C(C(C(O1)OC2C(C(C(C(C2O)O)N=C(N)N)O)N=C(N)N)OC3C(C(C(C(O3)CO)O)O)NC)(C=O)O
D04606,CN1C(=C2C(=NC=N2)N(C1=O)C)[O-].C[N+](C)(C)CCO
D04607,CCCC(=O)OC1(CCC2C1(CC(C3(C2CC(C4=CC(=O)C=CC43C)F)F)O)C)C(=O)COC(=O)C
D04608,C1C(=O)NC2=C(C=C(C=C2)Br)C(=N1)C3=CC=CC=N3
D04609,CC(C)C(C)C=CC(C)C1CCC2C1(CCCC2=CC=C3CC(CCC3=C)O)C
D04610,CC(CC1=CC=CC=C1)NC(=O)C(CCCCN)N
D04611,CCC1=NN(C(=O)N1CCOC2=CC=CC=C2)CCCN3CCN(CC3)C4=CC(=CC=C4)Cl
D04612,CC(=O)NCCCS(=O)(=O)O
D04613,CNCC12CCC(C3=CC=CC=C31)C4=CC=CC=C24
D04614,CC(CC1=CC=C(C=C1)O)NCC(C2=CC(=CC(=C2)O)O)O
D04615,C1CC2CN(C(=O)C3=CC=CC(=C23)C1)C4CN5CCC4CC5
D04616,C1=CC(=C(C=C1C(CN)O)O)O
D04617,CN1C2=C(C(=O)N(C1=O)C)NC=N2.CN1C2=C(C(=O)N(C1=O)C)NC=N2.C(CN)N
D04618,C1CN(CCN1)C2=NC3=CC=CC=C3OC4=C2C=C(C=C4)Cl
D04619,CON=C(C1=CC=CO1)C(=O)NC2C3N(C2=O)C(=C(CS3)COC(=O)N)C(=O)O
D04620,C1CN(CCN1CC=CC2=CC=CC=C2)C(C3=CC=CC=C3)C4=CC=CC=C4
D04621,C1=CC=C2C(=C1)C(=C(C(=O)O2)CC3=C(C4=CC=CC=C4OC3=O)O)O
D04622,CC(CN1C2=CC=CC=C2CCC3=CC=CC=C31)CN(C)C
D04623,CCC(=O)OCC(=O)C1(CCC2C1(CC(C3C2CCC4=CC(=O)C=CC34C)O)C)OC(=O)OCC
D04624,CN1CCN(CC1)C(=O)OC2C3=NC=CN=C3C(=O)N2C4=NC=C(C=C4)Cl
D04625,COC1=C(C=C(C=C1)CC2=NC=CC3=CC(=C(C=C32)OC)OC)OC
D04626,C(C(C(=O)O)N)S
D04627,CCC(=C)C(=O)C1=C(C(=C(C=C1)OCC(=O)O)Cl)Cl
D04628,CN1CCC23CCCCC2C1CC4=C3C=C(C=C4)OC
D04629,C(CC(C(=O)O)N)CN
D04630,CN(C)CCC1=CNC2=C1C=C(C=C2)CS(=O)(=O)N3CCCC3
D04631,C1=CC=C(C=C1)COC2=CC=C(C=C2)O
D04632,C1CC(NC1)C(=O)O
D04633,CCC(CC)(CC(=O)NC1=CC=CC(=C1)C=CC2=NC(=CS2)C3CCC3)C(=O)O
D04634,C1=CC=C(C(=C1)CC(=O)O)NC2=C(C=CC=C2Cl)Cl
D04635,CN1CCC2=C3C1CC4=C(C3=CC=C2)C(=C(C=C4)O)O
D04636,C1=CC(=C(C=C1Cl)Cl)COC(CN2C=CN=C2)C3=C(C=C(C=C3)Cl)Cl
D04637,C1=CC=C(C=C1)COC2=CC=C(C=C2)O
D04638,C1C(=O)NC2=C(C=C(C=C2)[N+](=O)[O-])C(=N1)C3=CC=CC=C3
D04639,CC1=C(C(C(=C(N1)C)C(=O)OC)C2=CC=CC=C2[N+](=O)[O-])C(=O)OC
D04640,CC1=C(C(=O)N2CCCC(C2=N1)O)CCN3CCC(CC3)C4=NOC5=C4C=CC(=C5)F
D04641,COC1C(CC2CN3CCC4=C(C3CC2C1C(=O)OC)NC5=C4C=CC(=C5)OC)OC(=O)C=CC6=CC(=C(C(=C6)OC)OC)OC
D04642,CC(=O)CCCCN1C(=O)C2=C(N=CN2C)N(C1=O)C
D04643,CC1=CN=C(C(=C1OC)C)CS(=O)C2=NC3=C(N2)C=C(C=C3)OC
D04644,CCCN1C2=C(C(=O)NC1=O)NC=N2
D04645,C(CC(=O)N)C(C(=O)O)N
D04646,CN1CCN(CC1)C(=O)OC2C3=NC=CN=C3C(=O)N2C4=NC=C(C=C4)Cl
D04647,CC12CC(C3(C(C1CC(=C)C2(C(=O)CO)O)CCC4=CC(=O)C=CC43C)F)O
D04648,CCC1C(=O)N2CCCC2C(=O)N(C(C(=O)N3CC(C(=O)CC3C(=O)NC(C(=O)OC(C(C(=O)N1)NC(=O)C4=C(C=CC=N4)O)C)C5=CC=CC=C5)CSC6CN7CCC6CC7)CC8=CC=C(C=C8)N(C)C)C
D04649,CN(C)CCOC(C1=CC=CC=C1)C2=CC=CC=C2
D04650,C1=CC(=C(C=C1C(C(C(=O)O)N)O)O)O
D04651,C1=CC=C(C(=C1)C2=NC(C(=O)NC3=C2C=C(C=C3)Cl)O)Cl
D04652,CN(C)CCC(C1=CC=C(C=C1)Cl)C2=CC=CC=N2
D04653,CN1CCC(=C2C3=CC=CC=C3CCN4C2=NC=C4C=O)CC1
D04654,CCCC(CCC)C(=O)O
D04655,CNS(=O)(=O)CCC1=CC2=C(C=C1)NC=C2C3CCN(CC3)C
D04656,CCN(CC)CCNC(=O)C1=CC(=C(C=C1OC)N)Br
D04657,CC1OC2(CN3CCC2CC3)CS1
D04658,CCCCOC1=C(C=CC(=C1)C(=O)OCCN(CC)CC)N
D04659,CC1CC2C3CC(C4=CC(=O)C=CC4(C3(C(CC2(C1(C(=O)CCl)O)C)O)F)C)F
D04660,C(CC(=O)O)C(=O)O
D04661,C[N+]1(CCCC1)CC2=C(N3C(C(C3=O)NC(=O)C(=NOC)C4=CSC(=N4)N)SC2)C(=O)[O-]
D04662,C1C(=O)N(C2=C(C=C(C=C2)Cl)C(=N1)C3=CC=CC=C3)CC(F)(F)F
D04663,COC1C(CC2CN3CCC4=C(C3CC2C1C(=O)OC)NC5=C4C=CC(=C5)OC)OC(=O)C6=CC(=C(C(=C6)OC)OC)OC
D04664,CC1=NN=C2N1C3=C(C=C(C=C3)Cl)C(=NC2)C4=CC=CC=C4Cl
D04665,CC(=O)OC1CCC2C3CCC4(C(C3CCC2=C1)CCC4(C#C)OC(=O)C)C
D04666,CN(C)CC1=NN=C2N1C3=C(C=C(C=C3)Cl)C(=NC2)C4=CC=CC=C4
D04667,CCCC1=NC(=C(N1CC2=CC=C(C=C2)C3=CC=CC=C3C4=NNN=N4)C(=O)O)C(C)(C)O
D04668,CC(C)CC1(C(=O)NC(=O)NC1=O)CC=C
D04669,CC1C=CC=CC=CC=CC=CC=CC=CC(CC2C(C(CC(O2)(CC(CC(C(CCC(CC(CC(=O)OC(C(C1O)C)C)O)O)O)O)O)O)O)C(=O)O)OC3C(C(C(C(O3)C)O)N)O
D04670,CC(=O)C(=O)O
D04671,CC(C(C1=CC=C(C=C1)O)O)NCCC2=CC=C(C=C2)O
D04672,C1=CC=NC(=C1)NS(=O)(=O)C2=CC=C(C=C2)N=NC3=CC(=C(C=C3)O)C(=O)O
D04673,C1CCC(CC1)C(CCN2CCCC2)(C3=CC=CC=C3)O
D04674,C1CN(CCN1CCC2=C(C=C3C(=C2)CC(=O)N3)Cl)C4=NSC5=CC=CC=C54
D04675,COC1C(CC2CN3CCC4=C(C3CC2C1C(=O)OC)NC5=CC=CC=C45)OC(=O)C6=CC(=C(C(=C6)OC)OC)OC
D04676,CC(=O)SC1CC2=CC(=O)CCC2(C3C1C4CCC5(C4(CC3)C)CCC(=O)O5)C
D04677,C1=C(C(=C(C(=C1Cl)Cl)CC2=C(C(=CC(=C2Cl)Cl)Cl)O)O)Cl
D04678,CC#CCC(C)C(C=CC1C(CC2C1CC(=CCCCC(=O)O)C2)O)O
D04679,CC1=NC=C(N1CCO)[N+](=O)[O-]
D04680,CC1=CC(=O)N2CC(=O)N(C3=C(C2(O1)C4=CC=CC=C4)C=C(C=C3)Cl)C
D04681,C1=CC=C2C(=C1)C(=CN2)CC(C(=O)O)N
D04682,CC(C(C1=C(C=CC(=C1)OC)OC)O)N
D04683,CC(=O)N(CC(CN(C1=C(C(=C(C(=C1I)C(=O)NCC(CO)O)I)C(=O)NCC(CO)O)I)C(=O)C)O)C2=C(C(=C(C(=C2I)C(=O)NCC(CO)O)I)C(=O)NCC(CO)O)I
D04684,CC1=CC2=C(S1)NC3=CC=CC=C3N=C2N4CCN(CC4)C
D04685,CCN(CC)CCN1C(=O)CN=C(C2=C1C=CC(=C2)Cl)C3=CC=CC=C3F
D04686,C1(C(C(C(C(C1Cl)Cl)Cl)Cl)Cl)Cl
D04687,CC1CC=CC=CC=CC=CC(CC2C(C(CC(O2)(CC(CC3C(O3)C=CC(=O)O1)O)O)O)C(=O)O)OC4C(C(C(C(O4)C)O)N)O
D04688,CN1CCN2C(C1)C3=CC=CC=C3CC4=CC=CC=C42
D04689,COC1C(C(C(C(O1)COS(=O)(=O)O)OC2C(C(C(C(O2)C(=O)O)OC3C(C(C(C(O3)COS(=O)(=O)O)OC4C(C(C(C(O4)C(=O)O)OC5C(C(C(C(O5)COS(=O)(=O)O)O)O)NS(=O)(=O)O)O)O)OS(=O)(=O)O)NS(=O)(=O)O)O)OS(=O)(=O)O)O)NS(=O)(=O)O
D04690,C1CN2CCC1C(C2)OC(=O)N3CCC4=CC=CC=C4C3C5=CC=CC=C5
D04691,C1=CC(=C(C=C1N)C(=O)O)O
D04692,C1CC1COC2=C(C=CC(=C2)C(=O)NC3=C(C=NC=C3Cl)Cl)OC(F)F
D04693,CC(C)C1C(=O)OC(C(=O)N(C(C(=O)OC(C(=O)N(C(C(=O)OC(C(=O)N1C)C(C)C)C(C)C)C)C(C)C)C(C)C)C)C(C)C
D04694,CC1(C2=C(C=C(C=C2)OC)C(=O)N(C1=O)CCC3=CC=C(C=C3)S(=O)(=O)NC(=O)NC4CCCCC4)C
D04695,CN(C)CCC(C1=CC=CC=C1)(C2=CC=CC=C2Cl)O
D04696,CC(C)(C)S(=O)(=O)CC(CC1=CC=CC=C1)C(=O)NC(CC2=CN=CN2)C(=O)NC(CC3CCCCC3)C(C(C4CC4)O)O
D04697,C1=CC(=CC=C1COC(CN2C=CN=C2)C3=C(C=C(C=C3)Cl)Cl)Cl
D04698,CC1=CC2=C(C=C1C)N(C=N2)C3C(C(C(O3)CO)OP(=O)([O-])OC(C)CNC(=O)CCC4(C(C5C6(C(C(C(=C(C7=NC(=CC8=NC(=C(C4=N5)C)C(C8(C)C)CCC(=O)N)C(C7(C)CC(=O)N)CCC(=O)N)C)[N-]6)CCC(=O)N)(C)CC(=O)N)C)CC(=O)N)C)O.[C-]#N.[Co+3]
D04699,CC(C=CC(C1CC1)O)C2CCC3C2(CCCC3=CC=C4CC(CC(C4=C)O)O)C
D04700,C1C(=O)NC2=C(C=C(C=C2)[N+](=O)[O-])C(=N1)C3=CC=CC=C3
D04701,CN1CC(CC2(C1CC3=CN(C4=CC=CC2=C34)C)OC)COC(=O)C5=CC(=CN=C5)Br
D04702,CC1=C(C(C(=C(N1)C)C(=O)OC(C)C)C2=CC=CC3=NON=C32)C(=O)OC
D04703,"CN1C2CCC1C(C(C2)OC(=O)C3=CC=CC=C3)C(=O)OC
CCCCNC(=O)C1=CC=C(C=C1)N2CCOCC2"
D04704,CCN(CC)CCOC(=O)C1=CC=C(C=C1)N
D04705,CC1C(C(CC(O1)OC2CCC3(C(C2)CCC4C3CC(C5(C4(CCC5C6=CC(=O)OC6)O)C)O)C)O)OC7CC(C(C(O7)C)OC8CC(C(C(O8)C)OC9C(C(C(C(O9)CO)O)O)O)O)O
D04706,C1CN(CCN1CCC2=C(C=C3C(=C2)CC(=O)N3)Cl)C4=NSC5=CC=CC=C54
D04707,CC12CCC3C(C1CCC2=O)CCC4=C3C=CC(=C4)OS(=O)(=O)O
D04708,C=CCN1CCC23CCCCC2C1CC4=C3C=C(C=C4)O
D04709,C1=NC2=C(N1)C(=S)N=C(N2)N
D04710,C=CCN1CCC23C4C(=O)CCC2(C1CC5=C3C(=C(C=C5)O)O4)O
D04711,C1C(C(C(C(C1N)OC2C(C(C(C(O2)CN)O)O)O)O)OC3C(C(C(C(O3)CO)O)N)O)N
D04712,COC1=CC(=CC(=C1OC)OC)C2C3C(COC3=O)C(C4=CC5=C(C=C24)OCO5)O
D04713,C=CCN1CCC23CCCCC2C1CC4=C3C=C(C=C4)O
D04714,CC(C)C(CCCN(C)CCC1=CC(=C(C=C1)OC)OC)(C#N)C2=CC(=C(C=C2)OC)OC
D04715,CC12CC(C3C(C1CCC2(C(=O)OCCl)O)CCC4=CC(=O)C=CC34C)O
D04716,CCC1=NN(C(=O)N1CCOC2=CC=CC=C2)CCCN3CCN(CC3)C4=CC(=CC=C4)Cl
D04717,CC1C(C(CC(O1)OC2C(C(C(OC2OC3=C4C=C5C=C3OC6=C(C=C(C=C6)C(C(C(=O)NC(C(=O)NC5C(=O)NC7C8=CC(=C(C=C8)O)C9=C(C=C(C=C9O)O)C(NC(=O)C(C(C1=CC(=C(O4)C=C1)Cl)O)NC7=O)C(=O)O)CC(=O)N)NC(=O)C(CC(C)C)NC)O)Cl)CO)O)O)(C)N)O
D04718,CCCCC1C(=O)N(N(C1=O)C2=CC=CC=C2)C3=CC=CC=C3
D04719,CC1=CC(=CC(=C1NC2=NC(=NC=C2)NC3=CC=C(C=C3)C#N)C)C=CC#N
D04720,CC1(C(N2C(S1)C(C2=O)N=CN3CCCCCC3)C(=O)OCOC(=O)C(C)(C)C)C
D04721,CN1CCCC(CC1)N2C(=O)C3=CC=CC=C3C(=N2)CC4=CC=C(C=C4)Cl
D04722,CC1=C(C(C(=C(N1)C)C(=O)OCCN(C)CC2=CC=CC=C2)C3=CC(=CC=C3)[N+](=O)[O-])C(=O)OC
D04723,C1=CC=C(C(=C1)C(=O)OCC(CO)O)NC2=C3C=CC=C(C3=NC=C2)C(F)(F)F
D04724,CC1=C(N2C(C(C2=O)NC(=O)C(C3=CC=C(C=C3)O)N)SC1)C(=O)O
D04725,CC12CCC3C(C1CCC2OC(=O)CCC4=CC=CC=C4)CCC5=CC(=O)CCC35
D04726,B(C(CC(C)C)NC(=O)C(CC1=CC=CC=C1)NC(=O)C2=NC=CN=C2)(O)O
D04727,CC(C)NCC(COC1=CC=C(C=C1)CC(=O)N)O
D04728,CN(C)CCCC1(C2=C(CO1)C=C(C=C2)C#N)C3=CC=C(C=C3)F
D04729,C1CN(CCN1CCCN2C3=CC=CC=C3SC4=C2C=C(C=C4)Cl)CCO
D04730,CC(C)C(CCCN(C)CCC1=CC(=C(C=C1)OC)OC)(C#N)C2=CC(=C(C=C2)OC)OC
D04731,CC1=NN=C2N1C3=C(C=C(C=C3)Cl)C(=NC2)C4=CC=CC=C4
D04732,C1=CC(=C(C=C1Cl)Cl)COC(CN2C=CN=C2)C3=C(C=C(C=C3)Cl)Cl
D04733,COC(=O)C(C1=CC=CC=C1Cl)N2CCC3=C(C2)C=CS3
D04734,CC1=NN=C2N1C3=C(C=C(C=C3)Cl)C(=NC2)C4=CC=CC=C4Cl
D04735,C1CN(CCN1CCCN2C(=O)N3C=CC=CC3=N2)C4=CC(=CC=C4)Cl
D04736,CCCCC(=O)OCC(=O)C1(CC(C2=C(C1)C(=C3C(=C2O)C(=O)C4=C(C3=O)C=CC=C4OC)O)OC5CC(C(C(O5)C)O)NC(=O)C(F)(F)F)O
D04737,CC(C)NCC(COC1=CC=CC2=C1C=CN2)O
D04738,CN1C=NC2=C1C(=O)N(C(=O)N2C)C
D04739,[K+].[I-]
D04740,CC(CCC=C(C)C)NC
D04741,CCC1C(=O)N(CC(=O)N(C(C(=O)NC(C(=O)N(C(C(=O)NC(C(=O)NC(C(=O)N(C(C(=O)N(C(C(=O)N(C(C(=O)N(C(C(=O)N1)C(C(C)CC=CC)O)C)C(C)C)C)CC(C)C)C)CC(C)C)C)C)C)CC(C)C)C)C(C)C)CC(C)C)C)C
D04742,CC1=CC2=C(N1)C=CC=C2OCC(CNC(C)(C)C)OC(=O)C3=CC=CC=C3
D04743,CC(C)C1CCC(CC1)C(=O)NC(CC2=CC=CC=C2)C(=O)O
D04744,C1CCC2(C1)CC(=O)N(C(=O)C2)CCCCN3CCN(CC3)C4=NC=CC=N4
D04745,CC(C)(C)NCC(COC1=CC=CC2=C1CCCC2=O)O
D04746,CNCC(C1=CC(=C(C=C1)O)O)O
D04747,CC1(OC2CC3C4CC(C5=CC(=O)C=CC5(C4(C(CC3(C2(O1)C(=O)CO)C)O)F)C)F)C
D04748,C[N+]1(CCC2=CC(=C3C=C2C1CC4=CC=C(C=C4)OC5=C6C(CC7=CC(=C(C=C7)OC)O3)[N+](CCC6=CC(=C5OC)OC)(C)C)OC)C
D04749,CN1CCCCC1CCC2=CC=CC=C2NC(=O)C3=CC=C(C=C3)OC
D04750,CC1=CC(=CC(=C1CC2=NCCN2)C)C(C)(C)C
D04751,CC(C(C1=CC=C(C=C1)O)O)NCCC2=CC=C(C=C2)O
D04752,CCC1=C(C(=NC(=N1)N)N)C2=CC=C(C=C2)Cl
D04753,CC1(C(N2C(S1)C(C2=O)N3C(=O)C(NC3(C)C)C4=CC=CC=C4)C(=O)O)C
D04754,CCN(CC)CCNC1=C2C(=C(C=C1)C)SC3=CC=CC=C3C2=O
D04755,CN(C)CCN(CC1=CC=CC=C1)C2=CC=CC=N2
D04756,CC(=O)NC1=CC=C(C=C1)O
D04757,CN1CCN(CC1)CCCN2C3=CC=CC=C3SC4=C2C=C(C=C4)S(=O)(=O)N(C)C
D04758,C1CN(CCN1)C2=NC3=CC=CC=C3OC4=C2C=C(C=C4)Cl
D04759,C1CN1P(=S)(N2CC2)N3CC3
D04760,C(CS)N
D04761,CC1=C(C(C(=C(N1)C)C(=O)OC(C)(C)CN(C)CCC(C2=CC=CC=C2)C3=CC=CC=C3)C4=CC(=CC=C4)[N+](=O)[O-])C(=O)OC
D04762,CC1=CC(=O)C2=CC=CC=C2C1=O
D04763,CCC1=NN(C(=O)N1CCOC2=CC=CC=C2)CCCN3CCN(CC3)C4=CC(=CC=C4)Cl
D04764,CN1CCN2C(C1)C3=CC=CC=C3CC4=CC=CC=C42
D04765,CC(=O)NC(CS)C(=O)O
D04766,CC1=CC2=C(C=C1C)N(C3=NC(=O)NC(=O)C3=N2)CC(C(C(COP(=O)(O)OP(=O)(O)OCC4C(C(C(O4)N5C=NC6=C(N=CN=C65)N)O)O)O)O)O
D04767,CC(C(C1=CC(=C(C=C1)O)O)O)N
D04768,C1=CC=C(C=C1)CCNN
D04769,CC1=C(N2C(C(C2=O)NC(=O)C(C3=CC=CC=C3)N)SC1)C(=O)O
D04770,COC1=C2C(=CC(=C1N3CC4CCCNC4C3)F)C(=O)C(=CN2C5CC5)C(=O)O
D04771,CN(C)CCC=C1C2=CC=CC=C2CCC3=CC=CC=C31
D04772,CC1=CC2=C(C=C1C)N(C=N2)C3C(C(C(O3)CO)OP(=O)([O-])OC(C)CNC(=O)CCC4(C(C5C6(C(C(C(=N6)C(=C7C(C(C(=N7)C=C8C(C(C(=N8)C(=C4[N-]5)C)CCC(=O)N)(C)C)CCC(=O)N)(C)CC(=O)N)C)CCC(=O)N)(C)CC(=O)N)C)CC(=O)N)C)O.O.[Co]
D04773,C1CC(N(C1)C(=O)C2CSSCC(C(=O)NC(C(=O)NC(C(=O)NC(C(=O)NC(C(=O)N2)CC(=O)N)CCC(=O)N)CC3=CC=CC=C3)CC4=CC=CC=C4)N)C(=O)NC(CCCCN)C(=O)NCC(=O)N
D04774,CC(=O)OC1=CC=CC=C1C(=O)O
D04775,CCC(=O)NCCC1CCC2=C1C3=C(C=C2)OCC3
D04776,CC1COC2=C3N1C=C(C(=O)C3=CC(=C2N4CCN(CC4)C)F)C(=O)O
D04777,CC(CC1=CC=C(C=C1)O)NCC(C2=CC(=CC(=C2)O)O)O
D04778,CN1C2=C(C(=O)N(C1=O)C)N(C=N2)CC(CO)O
D04779,CCCN1CC(CC2C1CC3=CNC4=CC=CC2=C34)CSC
D04780,CNS(=O)(=O)CC1=CC2=C(C=C1)NC=C2CCN(C)C
D04781,CC1C(C(CC(O1)OC2CC(CC3=C2C(=C4C(=C3O)C(=O)C5=C(C4=O)C(=CC=C5)OC)O)(C(=O)C)O)N)O
D04782,CCN(CC)C(=O)NC1CN(C2CC3=CNC4=CC=CC(=C34)C2=C1)C
D04783,CC(=O)C1(CCC2C1(CCC3C2C=C(C4=CC(=O)C5CC5C34C)Cl)C)OC(=O)C
D04784,C1CCC(CC1)C(CCN2CCCC2)(C3=CC=CC=C3)O
D04785,CCN(CC)CC1=C(C=CC(=C1)NC2=C3C=CC(=CC3=NC=C2)Cl)O
D04786,CCC1(CC2CC(C3=C(CCN(C2)C1)C4=CC=CC=C4N3)(C5=C(C=C6C(=C5)C78CCN9C7C(C=CC9)(C(C(C8N6C=O)(C(=O)OC)O)OC(=O)C)CC)OC)C(=O)OC)O
D04787,CC(=O)OC1C=CC2C3CC4=C5C2(C1OC5=C(C=C4)OC(=O)C)CCN3C
D04788,CNCCC=C1C2=CC=CC=C2CCC3=CC=CC=C31
D04789,CC1=CC2=C(C=C1C)N(C=N2)C3C(C(C(O3)CO)OP(=O)([O-])OC(C)CNC(=O)CCC4(C(C5C6(C(C(C(=C(C7=NC(=CC8=NC(=C(C4=N5)C)C(C8(C)C)CCC(=O)N)C(C7(C)CC(=O)N)CCC(=O)N)C)[N-]6)CCC(=O)N)(C)CC(=O)N)C)CC(=O)N)C)O.[C-]#N.[Co+3]
D04790,CNC(=O)C1=NC=CC(=C1)OC2=CC(=C(C=C2)NC(=O)NC3=CC(=C(C=C3)Cl)C(F)(F)F)F
D04791,CCC1CC2CC3(C1N(C2)CCC4=C3NC5=CC(=C(C=C45)OC)C6CC7C(C(CC8=C6NC9=CC=CC=C89)N(CC7=CC)C)C(=O)OC)C(=O)OC
D04792,CC1CC(=O)C2(C(O1)OC3C(C(C(C(C3O2)NC)O)NC)O)O
D04793,CC12CCC3C(C1CCC2(C#C)O)CCC4=C3C=CC(=C4)O
D04794,CC(=O)C1=CC(=C(C=C1)OCCCN2CCC(CC2)C3=NOC4=C3C=CC(=C4)F)OC
D04795,CC1CCC2CC(C(=CC=CC=CC(CC(C(=O)C(C(C(=CC(C(=O)CC(OC(=O)C3CCCCN3C(=O)C(=O)C1(O2)O)C(C)CC4CCC(C(C4)OC)O)C)C)O)OC)C)C)C)OC
D04796,COC1=C(C=C(C=C1)C2CC(=O)C3=C(C=C(C=C3O2)O)O)O
D04797,CCCCCCCCCCCCCCCCCCCCCCO
D04798,COC1C(C(C(C(O1)COS(=O)(=O)O)OC2C(C(C(C(O2)C(=O)O)OC3C(C(C(C(O3)COS(=O)(=O)O)OC4C(C(C(C(O4)C(=O)O)OC5C(C(C(C(O5)COS(=O)(=O)O)O)O)NS(=O)(=O)O)O)O)OS(=O)(=O)O)NS(=O)(=O)O)O)OS(=O)(=O)O)O)NS(=O)(=O)O
D04799,CC12CCC(=O)C=C1CCC3C2(C(CC4(C3CCC4(C)O)C)O)F
D04800,C1=CC(=CC=C1C#N)C(C2=CC=C(C=C2)C#N)N3C=NC=N3
D04801,COC1=CC=C(C=C1)C2C(=O)C3=CC=CC=C3C2=O
D04802,CNC(=O)C1=NC=CC(=C1)OC2=CC=C(C=C2)NC(=O)NC3=CC(=C(C=C3)Cl)C(F)(F)F
D04803,CC(=O)OCC1=C(N2C(C(C2=O)NC(=O)CC3=CC=CS3)SC1)C(=O)O
D04804,CCCNC1CCC2=C(C1)SC(=N2)N
D04805,CC1CC=CC=CC(C(CC(C(C(C(CC(=O)O1)OC(=O)C)OC)OC2C(C(C(C(O2)C)OC3CC(C(C(O3)C)OC(=O)CC(C)C)(C)O)N(C)C)O)CC=O)C)O
D04806,CN(C)CC(C1=CC=C(C=C1)O)C2(CCCCC2)O
D04807,CC(C)(C)NCC(COC1=CC=CC2=C1CC(C(C2)O)O)O
D04808,CCC12CCC3C(C1CCC2(C#C)OC(=O)C)CCC4=CC(=NO)CCC34
D04809,C(CC(=O)O)C(=O)O
D04810,CC1=C(C(CCC1)(C)C)C=CC(=CC=CC(=CCO)C)C
D04811,CCC1(C2=C(COC1=O)C(=O)N3CC4=CC5=C(C=CC(=C5CN(C)C)O)N=C4C3=C2)O
D04812,C(C(C(=O)O)N)O
D04813,CCCNS(=O)(=O)NC1=C(C(=NC=N1)OCCOC2=NC=C(C=N2)Br)C3=CC=C(C=C3)Br
D04814,C1CCN(CC1)CCCC(C2=CC=CC=C2)(C3=CC=CC=C3)O
D04815,C(CS)N
D04816,C1C2=C(C=CC(=C2Cl)Cl)N=C3N1CC(=O)N3
D04817,CCCC1=CC(=O)NC(=S)N1
D04818,CC1(C(N2C(S1)C(C2=O)NC(=O)C3(CCCCC3)N)C(=O)O)C
D04819,CC1=C(C(=O)N(N1C)C2=CC=CC=C2)N(C)C
D04820,CC1=CC(=CC(=C1CC2=NCCN2)C)C(C)(C)C
D04821,CC1=C(OC2=C(C1=O)C=CC=C2C(=O)OCCN3CCCCC3)C4=CC=CC=C4
D04822,CCCC(C)C1(C(=O)NC(=O)NC1=O)CC
D04823,CC12CCC3C(C1CCC2OC(=O)CCC4=CC=CC=C4)CCC5=CC(=O)CCC35
D04824,C1=NNC2=C1C(=O)NC=N2
D04825,C1CN(CCN1CC=CC2=CC=CC=C2)C(C3=CC=C(C=C3)F)C4=CC=C(C=C4)F
D04826,CC(C)C1=C(C(=CC=C1)C(C)C)O
D04827,CC12CCC3C(C1CCC2(C#C)O)CCC4=CC(=O)CCC34
D04828,CC1C(OCCN1)C2=CC=CC=C2
D04829,CCOC(=O)NC1=C(N=C(C=C1)NCC2=CC=C(C=C2)F)N
D04830,C(P(=O)(O)O)(P(=O)(O)O)(Cl)Cl
D04831,C1C(=C(N2C(S1)C(C2=O)NC(=O)C(C3=CC=CC=C3)N)C(=O)O)Cl
D04832,CC(CN1C2=CC=CC=C2CCC3=CC=CC=C31)CN(C)C
D04833,C1=CC(=C(C=C1N=NC2=CC(=C(C=C2)O)C(=O)O)C(=O)O)O
D04834,C1=CC=C(C=C1)CC(C(=O)O)N
D04835,C1=CC2=C(C(=C1)OCC(COC3=CC=CC4=C3C(=O)C=C(O4)C(=O)O)O)C(=O)C=C(O2)C(=O)O
D04836,CC1=CC2=C(S1)NC3=CC=CC=C3N=C2N4CCN(CC4)C
D04837,CN1C(NC2=CC(=C(C=C2S1(=O)=O)S(=O)(=O)N)Cl)CSCC(F)(F)F
D04838,CC1(C(=O)NC(=O)N(C1=O)C)C2=CCCCC2
D04839,C1CN2C(=N1)C3=CC=CC=C3C2(C4=CC=C(C=C4)Cl)O
D04840,CC1=CC2=C(S1)NC3=CC=CC=C3N=C2N4CCN(CC4)C
D04841,C1=CC(=C(C=C1Cl)Cl)CON=C(CN2C=CN=C2)C3=C(C=C(C=C3)Cl)Cl
D04842,CS(=O)(=O)CCNCC1=CC=C(O1)C2=CC3=C(C=C2)N=CN=C3NC4=CC(=C(C=C4)OCC5=CC(=CC=C5)F)Cl
D04843,CCCCC1=C(C2=C(O1)C=CC(=C2)NS(=O)(=O)C)C(=O)C3=CC=C(C=C3)OCCCN(CCCC)CCCC
D04844,CC1=CC(=O)C(=CN1)C(=O)NC(C2=CC=C(C=C2)O)C(=O)NC3C4N(C3=O)C(=C(CS4)CSC5=NN=NN5C)C(=O)O
D04845,CC(=O)C(=O)O
D04846,CC1=CN=C(C=N1)C(=O)NCCC2=CC=C(C=C2)S(=O)(=O)NC(=O)NC3CCCCC3
D04847,CCN1CCN(C(=O)C1=O)C(=O)NC(C2=CC=CC=C2)C(=O)NC3C4N(C3=O)C(C(S4)(C)C)C(=O)O
D04848,C1=CC(=CC=C1CCCCNCC(C2=CC(=C(C=C2)O)O)O)O
D04849,CCCCC1C(=O)N(N(C1=O)C2=CC=CC=C2)C3=CC=CC=C3
D04850,CC(=O)OC(CC(=O)[O-])C[N+](C)(C)C
D04851,CCC(C)C1(C(=O)NC(=O)NC1=O)CC=C
D04852,C=CCNC1=NC(=NC(=N1)N2CCN(CC2)C(C3=CC=C(C=C3)F)C4=CC=C(C=C4)F)NCC=C
D04853,CC(C)(C)C1=NC(=C(S1)C2=NC(=NC=C2)N)C3=C(C(=CC=C3)NS(=O)(=O)C4=C(C=CC=C4F)F)F
D04854,[N+](=O)([O-])[O-].[N+](=O)([O-])[O-].[N+](=O)([O-])[O-].[Ga+3]
D04855,CCN(C)C(=O)OC1=CC=CC(=C1)C(C)N(C)C
D04856,C1CC(CCC1C2=CC=C(C=C2)Cl)C3=C(C4=CC=CC=C4C(=O)C3=O)O
D04857,C(C(F)(F)F)(OC(F)F)F
D04858,CC1(OC2CC3C4CC(C5=CC(=O)C=CC5(C4(C(CC3(C2(O1)C(=O)CO)C)O)F)C)F)C
D04859,C[N+]1(CCCC1)CC2=C(N3C(C(C3=O)NC(=O)C(=NOC)C4=CSC(=N4)N)SC2)C(=O)[O-]
D04860,CCN(CC)CCN1C(=O)CN=C(C2=C1C=CC(=C2)Cl)C3=CC=CC=C3F
D04861,CN(C)CCC=C1C2=CC=CC=C2COC3=CC=CC=C31
D04862,CC1C(O1)P(=O)(O)O
D04863,CC(C)CC1=CC=C(C=C1)C(C)C(=O)O
D04864,C1CCC(CC1)C(CC2CCCCN2)C3CCCCC3
D04865,CC(C)C(=O)NC1=CC(=C(C=C1)[N+](=O)[O-])C(F)(F)F
D04866,CN1C2CCCC1CC(C2)NC(=O)C3=NN(C4=CC=CC=C43)C
D04867,C[N+]1(CCC2=CC(=C(C=C2C1CC3=CC(=C(C=C3)OC)OC)OC)OC)CCC(=O)OCCCCCOC(=O)CC[N+]4(CCC5=CC(=C(C=C5C4CC6=CC(=C(C=C6)OC)OC)OC)OC)C
D04868,CCC1=C(NC2=C1C(=O)C(CC2)CN3CCOCC3)C
D04869,CCC(=C)C(=O)C1=C(C(=C(C=C1)OCC(=O)O)Cl)Cl
D04870,C[N+]1(CCCC1)CCCCC[N+]2(CCCC2)C
D04871,CC(=O)NCCCS(=O)(=O)O
D04872,CC(CS)C(=O)N1CCCC1C(=O)O
D04873,C1=CN=CC=C1N
D04874,CC(C1=CC=CC=C1)(C2=CC=CC=N2)OCCN(C)C
D04875,CCN(CC)CCN1C(=O)CN=C(C2=C1C=CC(=C2)Cl)C3=CC=CC=C3F
D04876,CC(CC1=CC=C(C=C1)O)NCC(C2=CC(=CC(=C2)O)O)O
D04877,CC1(C(=O)NC(=O)N(C1=O)C)C2=CCCCC2
D04878,CC1CCCC2(C(O2)CC(NC(=O)CC(C(C(=O)C(C1O)C)(C)C)O)C(=CC3=CSC(=N3)C)C)C
D04879,C1=CC=NC(=C1)NS(=O)(=O)C2=CC=C(C=C2)N=NC3=CC(=C(C=C3)O)C(=O)O
D04880,CC(C)C(C(=O)OCC(CO)OCN1C=NC2=C1N=C(NC2=O)N)N
D04881,CC(C)(C)C1=CC=C(C=C1)S(=O)(=O)NC2=C(C(=NC(=N2)C3=NC=CC=N3)OCCO)OC4=CC=CC=C4OC
D04882,C(C(C(C(C(CO)O)O)O)O)O
D04883,C1CN(CCN1CCOCCO)C2=NC3=CC=CC=C3SC4=CC=CC=C42
D04884,C1=CC=C2C(=C1)C(=NO2)CS(=O)(=O)N
D04885,C(C(F)(F)F)(Cl)Br
D04886,CCCNC(C)C(=O)NC1=CC=CC=C1C
D04887,CCCN1CC(CC2C1CC3=CNC4=CC=CC2=C34)CSC
D04888,N.N.Cl[Pt+2]Cl
D04889,CC1(C(N2C(S1)C(C2=O)NC(=O)C(C3=CC=CC=C3)N)C(=O)O)C
D04890,CCCNC(=O)NS(=O)(=O)C1=CC=C(C=C1)Cl
D04891,COC1=CC=CC=C1OCC(COC(=O)N)O
D04892,CCC1C=C(CC(CC(C2C(CC(C(O2)(C(=O)C(=O)N3CCCCC3C(=O)OC(C(C(CC1=O)O)C)C(=CC4CCC(C(C4)OC)Cl)C)O)C)OC)OC)C)C
D04893,C1CC1CN2C(=O)CN=C(C3=C2C=CC(=C3)Cl)C4=CC=CC=C4
D04894,C1CCC(CC1)C(CCN2CCCC2)(C3=CC=CC=C3)O
D04895,CC1=CC2=C(S1)NC3=CC=CC=C3N=C2N4CCN(CC4)C
D04896,CC(C)C1=C(C(=CC=C1)C(C)C)OCOP(=O)(O)O
D04897,C1C(C(C(C(C1N)OC2C(C(C(C(O2)CN)O)O)O)O)OC3C(C(C(C(O3)CO)O)N)O)N
D04898,CC1CN(CCC1(C)C2=CC(=CC=C2)O)CC(CC3=CC=CC=C3)C(=O)NCC(=O)O
D04899,CC1=CC(=O)C2=CC=CC=C2C1=O
D04900,CCC(C)CC(C)CCCCCCCCC(=O)NC1CC(C(NC(=O)C2C(CCN2C(=O)C(NC(=O)C(NC(=O)C3CC(CN3C(=O)C(NC1=O)C(C)O)O)C(C(C4=CC=C(C=C4)O)O)O)C(CCN)O)O)NCCN)O
D04901,CC1C(OCCN1C)C2=CC=CC=C2
D04902,CC1CC2C3CC(C4=CC(=O)C=CC4(C3C(CC2(C1(C(=O)CO)O)C)O)C)F
D04903,C1C[N+]2(CCC1C(C2)OC(=O)C(C3=CC=CS3)(C4=CC=CS4)O)CCCOC5=CC=CC=C5
D04904,COC(=O)C=CC(=O)OC
D04905,C1=CC=C2C(=C1)C=NN=C2NN
D04906,CC(C)(C)C(C(=O)NC(CC1=CC=CC=C1)C(CN(CC2=CC=C(C=C2)C3=CC=CC=N3)NC(=O)C(C(C)(C)C)NC(=O)OC)O)NC(=O)OC
D04907,CCN1C=C(C(=O)C2=CC(=C(C=C21)N3CCNCC3)F)C(=O)O
D04908,C1(C(C(C(C(C1Cl)Cl)Cl)Cl)Cl)Cl
D04909,CNCCCN1C2=CC=CC=C2CCC3=CC=CC=C31
D04910,CC1=CN=C(S1)NC(=O)C2=C(C3=CC=CC=C3S(=O)(=O)N2C)O
D04911,CCC(=C(C1=CC=CC=C1)C2=CC=C(C=C2)OCCN(C)C)C3=CC=CC=C3
D04912,CC1=NS(=O)(=O)C2=C(N1)C=CC(=C2)Cl
D04913,CC1=NN=C2N1C3=C(C=C(C=C3)Cl)C(=NC2)C4=CC=CC=C4
D04914,CC1=CC(=C(C(=C1C=CC(=CC=CC(=CC(=O)O)C)C)C)C)OC
D04915,CC1=CN(C(=O)NC1=O)C2CC(C(O2)CO)N=[N+]=[N-]
D04916,CC1=C2C(C(=O)C3(C(CC4C(C3C(C(C2(C)C)(CC1OC(=O)C(C(C5=CC=CC=C5)NC(=O)OC(C)(C)C)O)O)OC(=O)C6=CC=CC=C6)(CO4)OC(=O)C)O)C)O
D04917,[N+](=O)([O-])[O-].[N+](=O)([O-])[O-].[N+](=O)([O-])[O-].[Ga+3]
D04918,CCN(CC)C(C)C(=O)C1=CC=CC=C1
D04919,CCN(CC)C(=O)C1(CC1CN)C2=CC=CC=C2
D04920,CC1(C(N2C(S1)C(C2=O)NC(=O)C(C3=CC=CC=C3)N)C(=O)O)C
D04921,CN(C)CCCC1(C2=C(CO1)C=C(C=C2)C#N)C3=CC=C(C=C3)F
D04922,CC1=CC(=O)N2CC(=O)N(C3=C(C2(O1)C4=CC=CC=C4)C=C(C=C3)Cl)C
D04923,CC1=NC2=C(N1)CCN(C3=CC=CC=C32)C(=O)C4=CC=C(C=C4)NC(=O)C5=CC=CC=C5C6=CC=CC=C6
D04924,CC1OCC2C(O1)C(C(C(O2)OC3C4COC(=O)C4C(C5=CC6=C(C=C35)OCO6)C7=CC(=C(C(=C7)OC)O)OC)O)O
D04925,CN1CCN2C(C1)C3=CC=CC=C3CC4=CC=CC=C42
D04926,C1=CC(=CC=C1C(=N)N)OCCCCCOC2=CC=C(C=C2)C(=N)N
D04927,CC(CS(=O)(=O)C1=CC=C(C=C1)F)(C(=O)NC2=CC(=C(C=C2)C#N)C(F)(F)F)O
D04928,C1CN(CCN1CCCN2C(=O)N3C=CC=CC3=N2)C4=CC(=CC=C4)Cl
D04929,CCOC(=O)C1=CN=CN1C(C)C2=CC=CC=C2
D04930,COCC1=C(N2C(C(C2=O)NC(=O)C(=NOC)C3=CSC(=N3)N)SC1)C(=O)O
D04931,CC(C)C1=C(C(=CC=C1)C(C)C)O
D04932,CN1C=NC2=C1C(=O)N(C(=O)N2C)C
D04933,CC(CN1C2=CC=CC=C2SC3=C1C=C(C=C3)OC)CN(C)C
D04934,CC1=C(C(=NO1)C2=CC=CC=C2Cl)C(=O)NC3C4N(C3=O)C(C(S4)(C)C)C(=O)O
D04935,CC(C)CC1CN2CCC3=CC(=C(C=C3C2CC1=O)OC)OC
D04936,CN1C2=C(C(=O)N(C1=O)C)NC=N2
D04937,CCCC(C)C1(C(=O)NC(=S)NC1=O)CC
D04938,CN1CCN(CC1)CCCN2C3=CC=CC=C3SC4=C2C=C(C=C4)S(=O)(=O)N(C)C
D04939,CN(C)CCCN1C2=CC=CC=C2SC3=C1C=C(C=C3)Cl
D04940,C1CN(P(=O)(OC1)NCCCl)CCCl
D04941,CCCCCC(C=CC1C(CC(C1CC=CCCCC(=O)O)O)O)O.C(C(CO)(CO)N)O
D04942,CC1=CC(=CC(=C1NC2=NC(=NC=C2)NC3=CC=C(C=C3)C#N)C)C=CC#N
D04943,CCCN1CC(CC2C1CC3=CNC4=CC=CC2=C34)CSC
D04944,CC(=O)NC1C(C=C(OC1C(C(CO)O)O)C(=O)O)N=C(N)N
D04945,COC1=CC(=C(C=C1)OC)C(CNC(=O)CN)O
D04946,C1CN(CCC1C2=CN(C3=C2C=C(C=C3)Cl)C4=CC=C(C=C4)F)CCN5CCNC5=O
D04947,C1C(C(C(C(C1N)OC2C(C(C(C(O2)CO)O)O)N)OC3C(C(C(O3)CO)OC4C(C(C(C(O4)CN)O)O)N)O)O)N
D04948,C1=CC(=C(C=C1OC2=C(C=C(C=C2I)CC(C(=O)[O-])N)I)I)O.C1=C(C=C(C(=C1I)OC2=CC(=C(C(=C2)I)O)I)I)CC(C(=O)[O-])N.[Na+].[Na+]
D04949,CC(=O)OCC1=C(N2C(C(C2=O)NC(=O)C(=NOC)C3=CSC(=N3)N)SC1)C(=O)O
D04950,C1=CC(=CC(=C1)I)CN=C(N)N
D04951,C[N+]1(CCCC1)CCCCC[N+]2(CCCC2)C
D04952,CC1C(C(CC(O1)OC2CC(CC3=C2C(=C4C(=C3O)C(=O)C5=C(C4=O)C(=CC=C5)OC)O)(C(=O)CO)O)N)O
D04953,C1CC(NC1)C(=O)O
D04954,CN(C)CCC(C1=CC=CC=C1)(C2=CC=CC=C2Cl)O
D04955,CC1=C(C(=C(C=C1)Cl)NC2=CC=CC=C2C(=O)O)Cl
D04956,C1=CN=CC=C1C2=CNC(=O)C(=C2)N
D04957,C1(=C(N=C(C(=N1)Cl)N)N)C(=O)N=C(N)N
D04958,COCCOCC(CC1(CCCC1)C(=O)NC2CCC(CC2)C(=O)O)C(=O)OC3=CC4=C(CCC4)C=C3
D04959,CC1=NC=CN1CC2CCC3=C(C2=O)C4=CC=CC=C4N3C
D04960,CC(=O)NCCCS(=O)(=O)O
D04961,C1CCC(CC1)NC(=O)N(CCCl)N=O
D04962,CC1(C(N2C(S1)C(C2=O)NC(=O)CC3=CC=CC=C3)C(=O)O)C
D04963,CC1=CC2=C(S1)NC3=CC=CC=C3N=C2N4CCN(CC4)C
D04964,CCCC1=NC(=C(N1CC2=CC=C(C=C2)C3=CC=CC=C3C4=NNN=N4)C(=O)O)C(C)(C)O
D04965,C1NC2=CC(=C(C=C2S(=O)(=O)N1)S(=O)(=O)N)Cl
D04966,C1=CC(=C(C=C1OC2=C(C=C(C=C2I)CC(C(=O)O)N)I)I)O
D04967,C1=CC2=C(C(=C1)Cl)SC=C2COC(CN3C=CN=C3)C4=C(C=C(C=C4)Cl)Cl
D04968,CC12CCC(=O)C=C1CCC3C2CCC4(C3CCC4(C)O)C
D04969,CNC(=O)C1=NC=CC(=C1)OC2=CC(=C(C=C2)NC(=O)NC3=CC(=C(C=C3)Cl)C(F)(F)F)F
D04970,CC12CCC(=O)C=C1CC(C3C24C(O4)CC5(C3CCC56CCC(=O)O6)C)C(=O)OC
D04971,C(C(OC(F)F)(F)F)(F)Cl
D04972,CCCCCC(C=CC1C(CC2C1CC(=CCCCC(=O)O)O2)O)O
D04973,C1=NC2=NC=NC(=C2N1)N
D04974,CCOC1=C(C2=CC=CC=C2C=C1)C(=O)NC3C4N(C3=O)C(C(S4)(C)C)C(=O)O
D04975,C1=CC(=C(C=C1C(C(C(=O)O)N)O)O)O
D04976,CCN1CCN(C(=O)C1=O)C(=O)NC(C2=CC=CC=C2)C(=O)NC3C4N(C3=O)C(C(S4)(C)C)C(=O)O
D04977,C1=CC(=C(C(=C1)Cl)C=NN=C(N)N)Cl
D04978,CCN(CC)C(=O)C1(CC1CN)C2=CC=CC=C2
D04979,CCCCC1=C(C2=C(O1)C=CC(=C2)NS(=O)(=O)C)C(=O)C3=CC=C(C=C3)OCCCN(CCCC)CCCC
D04980,C1CC(N(C1)C(=O)C2CSSCC(C(=O)NC(C(=O)NC(C(=O)NC(C(=O)NC(C(=O)N2)CC(=O)N)CCC(=O)N)CC3=CC=CC=C3)CC4=CC=C(C=C4)O)NC(=O)CNC(=O)CNC(=O)CN)C(=O)NC(CCCCN)C(=O)NCC(=O)N
D04981,C(C(F)(F)F)(Cl)Br
D04982,CCN1C=C(C(=O)C2=CC(=C(C=C21)N3CCN(CC3)C)F)C(=O)O
D04983,CC1(C(N2C(S1)C(C2=O)NC(=O)C3(CCCCC3)N)C(=O)O)C
D04984,CCNC(=O)CCCC=CCC1C(CC(C1C=CC(CCC2=CC=CC=C2)O)O)O
D04985,C(C(C(=O)O)N)C(=O)O
D04986,CC(C(C1=CC=C(C=C1)O)O)NCCC2=CC=C(C=C2)O
D04987,C(OC(C(F)(F)F)C(F)(F)F)F
D04988,CC1=C(SC=[N+]1CC2=CN=C(N=C2N)C)CCO
D04989,C1=CC=C(C(=C1)C2=NC(C(=O)NC3=C2C=C(C=C3)Cl)O)Cl
D04990,C(CC(C(=O)O)N)CN=C(N)N
D04991,CC1=CC2=C(C=C1C)N(C=N2)C3C(C(C(O3)CO)OP(=O)([O-])OC(C)CNC(=O)CCC4(C(C5C6(C(C(C(=C(C7=NC(=CC8=NC(=C(C4=N5)C)C(C8(C)C)CCC(=O)N)C(C7(C)CC(=O)N)CCC(=O)N)C)[N-]6)CCC(=O)N)(C)CC(=O)N)C)CC(=O)N)C)O.[C-]#N.[Co+3]
D04992,C(P(=O)(O)O)(P(=O)(O)O)(Cl)Cl
D04993,C[N+]1(CCC2=CC(=C(C=C2C1CC3=CC(=C(C(=C3)OC)OC)OC)OC)OC)CCCOC(=O)CCC=CCCC(=O)OCCC[N+]4(CCC5=CC(=C(C=C5C4CC6=CC(=C(C(=C6)OC)OC)OC)OC)OC)C
D04994,CC(C)CC(C(=O)NC(CCCN=C(N)N)C(=O)N1CCCC1C(=O)NCC(=O)N)NC(=O)CNC(=O)C(CC2=CC=C(C=C2)O)NC(=O)C(CO)NC(=O)C(CC3=CNC4=CC=CC=C43)NC(=O)C(CC5=CN=CN5)NC(=O)C6CCC(=O)N6
D04995,CC12CCC3C(C1CCC2=O)CCC4=C3C=CC(=C4)O
D04996,CC1=CC2=C(S1)NC3=CC=CC=C3N=C2N4CCN(CC4)C
D04997,CC12CCC(=O)C=C1CC(C3C24C(O4)CC5(C3CCC56CCC(=O)O6)C)C(=O)OC
D04998,CCC1C(C(C(N(CC(CC(C(C(C(C(C(=O)O1)C)OC2CC(C(C(O2)C)O)(C)OC)C)OC3C(C(CC(O3)C)N(C)C)O)(C)O)C)C)C)O)(C)O
D04999,CC12CCC3C(C1CCC2OC(=O)CCC4=CC=CC=C4)CCC5=CC(=O)CCC35
D05000,CNC(=NC)NCC1=CC=CC=C1
D05001,[O-]S(=O)(=O)[O-].[Mg+2]
D05002,CN(C)CCCN1C2=CC=CC=C2CCC3=CC=CC=C31
D05003,CCCCC(C)(CC=CC1C(CC(=O)C1CCCCCCC(=O)OC)O)O
D05004,CCN1C=C(C(=O)C2=CC(=C(C(=C21)F)N3CCNC(C3)C)F)C(=O)O
D05005,CC1=C(C(=O)N2CCCC(C2=N1)O)CCN3CCC(CC3)C4=NOC5=C4C=CC(=C5)F
D05006,CC1=NN=C2N1C3=C(C=C(C=C3)Cl)C(=NC2)C4=CC=CC=C4
D05007,CC(C1=CC=CC=C1)(C2=CC=CC=N2)OCCN(C)C
D05008,CC(C)N=C(N)N=C(N)NC1=CC=C(C=C1)Cl
D05009,CC12CCC3C(C1CCC2=O)CCC4=C3C=CC(=C4)OS(=O)(=O)O
D05010,C1=CC=C(C=C1)C2=NC(C(=O)NC3=C2C=C(C=C3)Cl)C(=O)O
D05011,CC1CC2C3CC(C4=CC(=O)C=CC4(C3C(CC2(C1(C(=O)CO)O)C)O)C)F
D05012,C[N+](C)(C)CCOC(=O)CCC(=O)OCC[N+](C)(C)C
D05013,CCN(CC)CCOC(=O)C1=C(C=C(C=C1)N)Cl
D05014,CC1=NC=C(N1CCO)[N+](=O)[O-]
D05015,CC(C)NCC(COC1=CC=C(C=C1)CCOC)O
D05016,C1C(NC2=C(N1)N=C(NC2=O)N)CNC3=CC=C(C=C3)C(=O)NC(CCC(=O)O)C(=O)O
D05017,CCC(CC)OC1C=C(CC(C1NC(=O)C)N)C(=O)OCC
D05018,C1C(N(C2=C(N1)N=C(NC2=O)N)C=O)CNC3=CC=C(C=C3)C(=O)NC(CCC(=O)O)C(=O)O
D05019,CCOC(=O)N1CCC(=C2C3=C(CCC4=C2N=CC=C4)C=C(C=C3)Cl)CC1
D05020,C(CCNCCCN)CNCCCN
D05021,CC(C(C1=CC(=CC=C1)O)O)N
D05022,CC1=C(C(CCC1)(C)C)C=CC(=CC=CC(=CC(=O)O)C)C
D05023,C1=CC=C(C=C1)C2=C(OC(=N2)N(CCO)CCO)C3=CC=CC=C3
D05024,CN1C(=O)CN=C(C2=C1C=CC(=C2)Cl)C3=CC=CC=C3
D05025,CC(=O)CC(C1=CC=C(C=C1)[N+](=O)[O-])C2=C(C3=CC=CC=C3OC2=O)O
D05026,CC1=C(C2=C(CCC(O2)(C)CCCC(C)CCCC(C)CCCC(C)C)C(=C1O)C)C
D05027,COC1=NC(=NC2=C1N=CN2C3C(C(C(O3)CO)O)O)N
D05028,C1CN(CCN1CCCN2C3=CC=CC=C3SC4=C2C=C(C=C4)C(F)(F)F)CCO
D05029,CN1CCN(CC1)C(C2=CC=CC=C2)C3=CC=CC=C3
D05030,C1C(NC2=C(N1)N=C(NC2=O)N)CNC3=CC=C(C=C3)C(=O)NC(CCC(=O)O)C(=O)O
D05031,COC1=CC(=CC(=C1OC)OC)C2C3C(COC3=O)C(C4=CC5=C(C=C24)OCO5)O
D05032,CCN(CC)C(=O)N1CCN(CC1)C
D05033,CC(C1=CC(=CC=C1)OC2=CC=CC=C2)C(=O)O
D05034,CC(C)(C)NCC(C1=CC(=CC(=C1)OC(=O)N(C)C)OC(=O)N(C)C)O
D05035,CC1=C(C(=O)N2CCCCC2=N1)CCN3CCC(CC3)C4=NOC5=C4C=CC(=C5)F
D05036,CNC1(CCCCC1=O)C2=CC=CC=C2Cl
D05037,C1=CC(=CC=C1SC(P(=O)(O)O)P(=O)(O)O)Cl
D05038,CN(C)CCCN1C2=CC=CC=C2SC3=C1C=C(C=C3)Cl
D05039,CC[N+](C)(CC)CCOC(=O)C(C1CCCCC1)(C2=CC=CC=C2)O
D05040,CN(C)CCC=C1C2=CC=CC=C2CCC3=CC=CC=C31
D05041,CCC1=CC=C(C=C1)C(=O)C(C)CN2CCCCC2
D05042,CC=C(C1=CC=C(C=C1)O)C(=CC)C2=CC=C(C=C2)O
D05043,CN(C)CCC=C1C2=CC=CC=C2SC3=C1C=C(C=C3)Cl
D05044,CC(C)CC(C(C(=O)NO)O)C(=O)NC(C(=O)NC)C(C)(C)C
D05045,CCOC(=O)CNC(C1CCCCC1)C(=O)N2CCC2C(=O)NCC3=CC=C(C=C3)C(=NO)N
D05046,CC12CCC(=O)C=C1CCC3C2C(CC4(C3CCC4(C(=O)CO)O)C)O
D05047,CC(=O)C1CCC2C1(CCC3C2CCC4=CC(=O)CCC34C)C
D05048,CNCCCN1C2=CC=CC=C2CCC3=CC=CC=C31
D05049,C1CC(CCC1C2=CC=C(C=C2)Cl)C3=C(C4=CC=CC=C4C(=O)C3=O)O
D05050,CC(CN1C2=CC=CC=C2SC3=CC=CC=C31)N(C)C
D05051,CC1CC=CC=CC=CC=CC(CC2C(C(CC(O2)(CC(CC3C(O3)C=CC(=O)O1)O)O)O)C(=O)O)OC4C(C(C(C(O4)C)O)N)O
D05052,CN1CCN(CC1)C2=NC3=C(C=CC(=C3)Cl)NC4=CC=CC=C42
D05053,CCCSC1=CC2=C(C=C1)N=C(N2)NC(=O)OC
D05054,C1COCCN1CCNC(=O)C2=CC=C(C=C2)Cl
D05055,CC1=CC=C(C=C1)C(=O)C2=CC(=C(C(=C2)O)O)[N+](=O)[O-]
D05056,CCC(=O)C1=CC2=C(C=C1)SC3=CC=CC=C3N2CC(C)N(C)C
D05057,C1C(C(C(C(C1(CO)O)O)O)O)NC(CO)CO
D05058,CCC(C)C(C(=O)O)N
D05059,CN(C)CCN(CC1=CC=C(C=C1)Cl)C2=CC=CC=N2
D05060,CC1=C(C=CN=C1CS(=O)C2=NC3=CC=CC=C3N2)OCCCOC
D05061,C1=NC(=C2C(=N1)N(C=N2)C3C(C(C(O3)COP(=O)(O)OP(=O)(O)OP(=O)(O)O)O)O)N
D05062,C1C(=S)N(C2=C(C=C(C=C2)Cl)C(=N1)C3=CC=CC=C3F)CC(F)(F)F
D05063,C1CC2=C(C=CC(=C2)Cl)C(=C3CCNCC3)C4=C1C=CC=N4
D05064,CC1=CC2=C(S1)NC3=CC=CC=C3N=C2N4CCN(CC4)C
D05065,C[N+]1(CCC(=C(C2=CC=CC=C2)C3=CC=CC=C3)CC1)C.COS(=O)(=O)[O-]
D05066,C1CN=C(N1)CC2=CC=CC3=CC=CC=C32
D05067,CC(=O)NCCCS(=O)(=O)O
D05068,CC(=O)N=C1N(N=C(S1)S(=O)(=O)N)C
D05069,CC1=CC2=C(C=C1)N=C(N3N2C(=O)C(C3=O)CC=C)N(C)C
D05070,CC(CC1=CC=CC=C1)NC
D05071,COC1=CC=CC=C1OCC(COC(=O)N)O
D05072,CC1=NN=C2N1C3=C(C=C(C=C3)Cl)C(=NC2)C4=CC=CC=C4
D05073,[O-2].[Mg+2]
D05074,C(C(F)(F)F)(Cl)Br
D05075,CC1=CC(=NC(=N1)N2C(=CC(=N2)C)OC)OC
D05076,CN(C)CCCN1C2=CC=CC=C2SC3=CC=CC=C31
D05077,CN1C2=C(C(=O)N(C1=O)C)NC=N2
D05078,CC1=C(C(=CC=C1)Cl)NC(=O)C2=CN=C(S2)NC3=CC(=NC(=N3)C)N4CCN(CC4)CCO
D05079,C1CC1N2C=C(C(=O)C3=CC(=C(C=C32)N4CCNCC4)F)C(=O)O
D05080,CN1CCC23C4C(=O)CCC2(C1CC5=C3C(=C(C=C5)O)O4)O
D05081,CC(C)NCC(C1=CC=C(C=C1)NS(=O)(=O)C)O
D05082,CC1=CC2=C(C=C1C)N(C3=NC(=O)NC(=O)C3=N2)CC(C(C(COP(=O)(O)OP(=O)(O)OCC4C(C(C(O4)N5C=NC6=C(N=CN=C65)N)O)O)O)O)O
D05083,C1=COC(=C1)CNC2=CC(=C(C=C2C(=O)O)S(=O)(=O)N)Cl
D05084,CC(CC1=CC=CC=C1)N
D05085,C1C(=O)NC2=C(C=C(C=C2)Br)C(=N1)C3=CC=CC=N3
D05086,CN1CCC23C4C1CC5=C2C(=C(C=C5)O)OC3C(C=C4)O
D05087,CCCCCC(C=CC1C(CC(=O)C1CCCCCCC(=O)O)O)O
D05088,CCCCCC(C=CC1C(CC(=O)C1CCCCCCC(=O)O)O)O
D05089,CC1(C(=O)N2C(C(=O)N3CCCC3C2(O1)O)CC4=CC=CC=C4)NC(=O)C5CN(C6CC7=CNC8=CC=CC(=C78)C6=C5)C
D05090,C(C(F)(F)F)(Cl)Br
D05091,CC(=O)OCC1=C(N2C(C(C2=O)NC(=O)CC3=CC=CS3)SC1)C(=O)O
D05092,COC1C(CC2CN3CCC4=C(C3CC2C1C(=O)OC)NC5=C4C=CC(=C5)OC)OC(=O)C6=CC(=C(C(=C6)OC)OC)OC
D05093,COC1=CC(=CC(=C1OC)OC)C2C3C(COC3=O)C(C4=CC5=C(C=C24)OCO5)O
D05094,CC1=CC(=C(C(=C1C=CC(=CC=CC(=CC(=O)O)C)C)C)C)OC
D05095,C(=O)(O)P(=O)(O)O
D05096,CCCCC(C1(CCC2C(O1)CC(=O)C2CCCCCCC(=O)O)O)(F)F
D05097,CC12CCC3C(C1CCC2=O)CCC4=C3C=CC(=C4)O
D05098,CN(C)CC=CC(=O)NC1=C(C=C2C(=C1)C(=NC=N2)NC3=CC(=C(C=C3)F)Cl)OC4CCOC4
D05099,CC1=CC=C(C=C1)N(CC2=NCCN2)C3=CC(=CC=C3)O
D05100,CCOP(=O)(OCC)SCC[N+](C)(C)C
D05101,CCCCCCCCC=CCCCCCCCC(=O)O.C(CO)N
D05102,CC1C=CC=C(C(=O)NC2=C(C(=C3C(=C2O)C(=C(C4=C3C(=O)C(O4)(OC=CC(C(C(C(C(C(C1O)C)O)C)OC(=O)C)C)OC)C)C)O)O)C=NN5CCN(CC5)C)C
D05103,CC(C[N+](C)(C)C)OC(=O)N
D05104,CNCCC=C1C2=CC=CC=C2CCC3=CC=CC=C31
D05105,CC1=C(C(=CC=C1)C)OCC(=O)NC(CC2=CC=CC=C2)C(CC(CC3=CC=CC=C3)NC(=O)C(C(C)C)N4CCCNC4=O)O
D05106,C[N+](C)(C)CCO
D05107,CN(C)C1C2CC3CC4=C(C=CC(=C4C(=C3C(=O)C2(C(=C(C1=O)C(=O)N)O)O)O)O)N(C)C
D05108,CC1=CC(=CC=C1)OCC(CNCCC2=CC(=C(C=C2)OC)OC)O
D05109,C1=NC2=C(N=C(N=C2N1C3C(C(C(O3)CO)O)F)Cl)N
D05110,CCNC1CN(S(=O)(=O)C2=C1C=C(S2)S(=O)(=O)N)CCCOC
D05111,C[N+](C)(C)CCCCCCCCCC[N+](C)(C)C
D05112,CC1=NN=C(N1C2CC3CCC(C2)N3CCC(C4=CC=CC=C4)NC(=O)C5CCC(CC5)(F)F)C(C)C
D05113,CNC1(CCCCC1=O)C2=CC=CC=C2Cl
D05114,CC(C)CC(C(C(=O)NO)O)C(=O)NC(C(=O)NC)C(C)(C)C
D05115,CN1C=NC2=C1C(=O)N(C(=O)N2C)C
D05116,CN1CCN2C(C1)C3=CC=CC=C3CC4=CC=CC=C42
D05117,C1=CC2=C(C=CC(=C2N=C1)O)[N+](=O)[O-]
D05118,CC1(C(=O)N2C(C(=O)N3CCCC3C2(O1)O)CC4=CC=CC=C4)NC(=O)C5CN(C6CC7=CNC8=CC=CC(=C78)C6=C5)C
D05119,C1C(OC(S1)CO)N2C=C(C(=NC2=O)N)F
D05120,CNCC(C1=CC(=C(C=C1)O)O)O
D05121,[O-2].[Mg+2]
D05122,CN(C)CCC=C1C2=CC=CC=C2CCC3=CC=CC=C31
D05123,CC(C)OC(=O)CCCC=CCC1C(CC(C1CCC(CCC2=CC=CC=C2)O)O)O
D05124,CN(C)CC=CC(=O)NC1=C(C=C2C(=C1)C(=NC=N2)NC3=CC(=C(C=C3)F)Cl)OC4CCOC4
D05125,CN(C)CCC(C1=CC=C(C=C1)Cl)C2=CC=CC=N2
D05126,CNC1(CCCCC1=O)C2=CC=CC=C2Cl
D05127,C1CN1P(=S)(N2CC2)N3CC3
D05128,CC1=CC2=C(S1)NC3=CC=CC=C3N=C2N4CCN(CC4)C
D05129,CC1=NC=C(N1CCO)[N+](=O)[O-]
D05130,CCC1(C(=O)C(CNC1=O)C)CC
D05131,CC1(C2CC3C(C(=O)C(=C(C3(C(=O)C2=C(C4=C1C=CC=C4O)O)O)O)C(=O)NCNCCCCC(C(=O)O)N)N(C)C)O
D05132,C1CC(NC1)C(=O)O
D05133,CN(C)CC1=NN=C2N1C3=C(C=C(C=C3)Cl)C(=NC2)C4=CC=CC=C4
D05134,C1=CC(=C(C=C1CCN)O)O
D05135,CCOC(=O)CNC(C1CCCCC1)C(=O)N2CCC2C(=O)NCC3=CC=C(C=C3)C(=NO)N
D05136,CCC1=NN(C(=O)N1CCOC2=CC=CC=C2)CCCN3CCN(CC3)C4=CC(=CC=C4)Cl
D05137,CC1=CNN=C1
D05138,CCN(CC)CCCC(C)NC1=C2C=CC(=CC2=NC=C1)Cl
D05139,C(CCCC(=O)O)CCCC(=O)O
D05140,CC1=NN=C2N1C3=C(C=C(C=C3)Cl)C(=NC2)C4=CC=CC=C4Cl
D05141,C1=CC(=C(C=C1CCN)O)O
D05142,C(C(C1C(=C(C(=O)O1)O)O)O)O
D05143,CCCCNC(=O)NS(=O)(=O)C1=CC=C(C=C1)C
D05144,CC1=C(N2C(C(C2=O)NC(=O)C(C3=CC=CC=C3)N)SC1)C(=O)O
D05145,C1=NC(=NC(=O)N1C2C(C(C(O2)CO)O)O)N
D05146,C(C(C(=O)O)N)C(=O)N
D05147,C1C2CC2N(C1C#N)C(=O)C(C34CC5CC(C3)CC(C5)(C4)O)N
D05148,C1=CC=C(C=C1)CC2NC3=C(C=C(C(=C3)C(F)(F)F)S(=O)(=O)N)S(=O)(=O)N2
D05149,C1=CC(=C(C=C1N)C(=O)O)O
D05150,CCCC(C)(COC(=O)N)COC(=O)N
D05151,CC1=NC2=C(C=C(C=C2)CN(C)C3=CC=C(S3)C(=O)NC(CCC(=O)O)C(=O)O)C(=O)N1
D05152,COC1=CC=CC=C1OCCNCC(COC2=CC=CC3=C2C4=CC=CC=C4N3)O
D05153,C1=NC2=C(N1COC(CO)CO)N=C(NC2=O)N
D05154,CC1=CC2=C(C=C1C)N(C3=NC(=O)NC(=O)C3=N2)CC(C(C(COP(=O)(O)OP(=O)(O)OCC4C(C(C(O4)N5C=NC6=C(N=CN=C65)N)O)O)O)O)O
D05155,CC1=C(C(C(=C(N1)C)C(=O)OC)C2=CC=CC=C2[N+](=O)[O-])C(=O)OC
D05156,CC1=C(C(=CC=C1)Cl)NC(=O)C2=CN=C(S2)NC3=CC(=NC(=N3)C)N4CCN(CC4)CCO
D05157,CC1=C(C(=O)N2CCCCC2=N1)CCN3CCC(CC3)C4=NOC5=C4C=CC(=C5)F
D05158,CCC1(C(=O)NC(=O)NC1=O)C2=CC=CC=C2.COC1=CC2=C(C=CN=C2C=C1)C(C3CC4CCN3CC4C=C)O
D05159,C1C(C(OC1N2C=NC(=NC2=O)N)CO)O
D05160,C(C(=O)O)N
D05161,C1=CC(=CC=C1OCC(CO)O)Cl
D05162,CCCC(C)(COC(=O)N)COC(=O)N
D05163,CC(C)(C)C(=O)OCOP(=O)(COCCN1C=NC2=C(N=CN=C21)N)OCOC(=O)C(C)(C)C
D05164,CC(C)(C)NCC(C1=CC(=C(C(=C1)Cl)N)Cl)O
D05165,CCC1(CCC(=O)NC1=O)C2=CC=CC=C2
D05166,CC1=CC(=O)N2CC(=O)N(C3=C(C2(O1)C4=CC=CC=C4)C=C(C=C3)Cl)C
D05167,CCOC(=O)C(C)(C)OC1=CC=C(C=C1)Cl
D05168,CC1CC2C3CCC(C3(CC(C2(C4(C1=CC(=O)C=C4)C)F)O)C)(C(=O)C)O
D05169,C1=CC(=CN=C1)C(=O)O
D05170,CC1=C(C(=C(C=C1)Cl)NC2=CC=CC=C2C(=O)O)Cl
D05171,CN1CCN(CC1)C(C2=CC=CC=C2)C3=CC=C(C=C3)Cl
D05172,CNCCCC12CCC(C3=CC=CC=C31)C4=CC=CC=C24
D05173,CC(C)(C(=O)OCCOC(=O)C1=CN=CC=C1)OC2=CC=C(C=C2)Cl
D05174,CCOC(=O)C1=C(NC(=C(C1C2=C(C(=CC=C2)Cl)Cl)C(=O)OC)C)C
D05175,C[N+]1(CCCC1)CCCCC[N+]2(CCCC2)C
D05176,CN=C1CN(C(=C2C=C(C=CC2=N1)Cl)C3=CC=CC=C3)O
D05177,CC1CCN(C(C1)C(=O)O)C(=O)C(CCCN=C(N)N)NS(=O)(=O)C2=CC=CC3=C2NCC(C3)C
D05178,CN1CCC23C4C(=O)CCC2(C1CC5=C3C(=C(C=C5)OC)O4)O
D05179,CN1CCN(CC1)CCCN2C3=CC=CC=C3SC4=C2C=C(C=C4)C(F)(F)F
D05180,CC(C)(C)NCC(COC1=CC=CC2=C1CCC(=O)N2)O
D05181,COCCOC1=C(C=C2C(=C1)C(=NC=N2)NC3=CC=CC(=C3)C#C)OCCOC
D05182,C1CN(CCN1)C2=NC3=CC=CC=C3OC4=C2C=C(C=C4)Cl
D05183,CCC=CCC=CCC=CCC=CCC=CCCCC(=O)O
D05184,CCCCCC(C=CC1C(CC2C1CC(=CCCCC(=O)O)O2)O)O
D05185,CC1C(=O)NC(C(=O)NC(=CNC(=O)N)C(=O)NC(C(=O)NCC(C(=O)N1)N)C2CCNC(=N2)N)CNC(=O)CC(CCCN)N.C1CNC(=NC1C2C(=O)NCC(C(=O)NC(C(=O)NC(C(=O)NC(=CNC(=O)N)C(=O)N2)CNC(=O)CC(CCCN)N)CO)N)N
D05186,CN(C)CCC(C1=CC=C(C=C1)Br)C2=CC=CC=N2
D05187,CN(C)S(=O)(=O)C1=CC2=C(C=C1)SC3=CC=CC=C3N2CCCN4CCC(CC4)CCO
D05188,C1C(C(C(C(C1N)OC2C(C(C(C(O2)CN)O)O)N)OC3C(C(C(O3)CO)OC4C(C(C(C(O4)CN)O)O)N)O)O)N
D05189,CN1CCC2=C(C1)C(C3=CC=CC=C23)C4=CC=CC=C4
D05190,C1C(=O)NC2=C(C=C(C=C2)[N+](=O)[O-])C(=N1)C3=CC=CC=C3Cl
D05191,CC[N+](CC)(CC)CCOC1=C(C(=CC=C1)OCC[N+](CC)(CC)CC)OCC[N+](CC)(CC)CC.[I-].[I-].[I-]
D05192,CCC(C)C1(C(=O)NC(=O)NC1=O)CC
D05193,CC(C)NCC(C1=CC(=C(C=C1)O)O)O
D05194,CC(=O)NCCCS(=O)(=O)O
D05195,C(=O)(O)[O-].[Na+]
D05196,C(CC(C(=O)O)N)CNC(=O)N
D05197,CCN(CC)CCCN(C1CC2=CC=CC=C2C1)C3=CC=CC=C3
D05198,CCOC(=O)C1(CCN(CC1)C)C2=CC=CC=C2
D05199,CCCCCCCCCCCCCCCCCCCCCCO
D05200,CNC(=NC)NCC1=CC=CC=C1
D05201,CN(C1=CC=C(C=C1)O)C(=O)C(Cl)Cl
D05202,CC(C)CC1C(=O)N2CCCC2C3(N1C(=O)C(O3)(C(C)C)NC(=O)C4CN(C5CC6=C(NC7=CC=CC(=C67)C5=C4)Br)C)O
D05203,CC1=C(C=CN=C1CS(=O)C2=NC3=CC=CC=C3N2)OCC(F)(F)F
D05204,C(CC(=O)N)C(C(=O)O)N
D05205,C1=CC=C(C=C1)CSCC2=NS(=O)(=O)C3=CC(=C(C=C3N2)Cl)S(=O)(=O)N
D05206,C(CC(=O)O)CO
D05207,CCC(=O)C1(C(CC2C1(CC(C3C2CCC4=CC(=O)C=CC34C)O)C)C)C
D05208,C1CN(CCN1)C2=NC3=CC=CC=C3OC4=C2C=C(C=C4)Cl
D05209,CC1=C(C=CN=C1CS(=O)C2=NC3=CC=CC=C3N2)OCCCOC
D05210,CNCCCC12CCC(C3=CC=CC=C31)C4=CC=CC=C24
D05211,C1=CC(=CC=C1C(=O)NCC(=O)O)N
D05212,CN1C(=NN=N1)SCC2=C(N3C(C(C3=O)NC(=O)C(=NOC)C4=CSC(=N4)N)SC2)C(=O)O
D05213,C1CNCC(C2=CC(=C(C(=C21)Cl)O)O)C3=CC=C(C=C3)O
D05214,CCCCCN(C)CCC(O)(P(=O)(O)O)P(=O)(O)O
D05215,CCC(=O)OC1(C(CC2C1(CC(C3(C2CCC4=CC(=O)C=CC43C)F)O)C)C)C(=O)CCl
D05216,CC(=O)SC1CC2=CC(=O)CCC2(C3C1C4CCC5(C4(CC3)C)CCC(=O)O5)C
D05217,CC(C)NCC(COC1=CC=C(C=C1)CC(=O)N)O
D05218,CN1C=NC2=C1C(=O)N(C(=O)N2C)C
D05219,C1=CC(=C(C=C1OC2=C(C=C(C=C2I)CC(C(=O)O)N)I)I)O
D05220,COC(=O)C1C(CCC2C1CC3C4=C(CCN3C2)C5=CC=CC=C5N4)O
D05221,CN(C)CCC1=CNC2=C1C=C(C=C2)CN3C=NC=N3
D05222,CN1C2CC(CC1C3C2O3)OC(=O)C(CO)C4=CC=CC=C4
D05223,C1CC1CN2C(=O)CN=C(C3=C2C=CC(=C3)Cl)C4=CC=CC=C4
D05224,C1=NC(=C2C(=N1)N(C=N2)C3C(C(C(O3)COP(=O)(O)O)O)O)N
D05225,CCN1CCCC1CNC(=O)C2=CC(=C(C=C2OC)N)S(=O)(=O)CC
D05226,CC1CCC(C(C1)O)C(C)C
D05227,CC1=NC2=C(C=C(C=C2)CN(C)C3=CC=C(S3)C(=O)NC(CCC(=O)O)C(=O)O)C(=O)N1
D05228,CC(=O)OC1=CC=CC=C1C(=O)O
D05229,CC(=O)OCC1=C(N2C(C(C2=O)NC(=O)CC3=CC=CS3)SC1)C(=O)O
D05230,CC1=C(OC(=N1)NS(=O)(=O)C2=CC=C(C=C2)N)C
D05231,CCCCC(=O)OCC(=O)C1(CC(C2=C(C1)C(=C3C(=C2O)C(=O)C4=C(C3=O)C=CC=C4OC)O)OC5CC(C(C(O5)C)O)NC(=O)C(F)(F)F)O
D05232,CN(C)CCCN1C2=CC=CC=C2SC3=C1C=C(C=C3)C(F)(F)F
D05233,CCC(CC1=C(C(=C(C=C1I)I)N)I)C(=O)O
D05234,C1=NC2=NC=NC(=C2N1)N
D05235,CC(C)OC(=O)C(C)NP(=O)(OCC1C(C(C(O1)N2C=CC(=O)NC2=O)(C)F)O)OC3=CC=CC=C3
D05236,CN=C1CN(C(=C2C=C(C=CC2=N1)Cl)C3=CC=CC=C3)O
D05237,C1=CC=C(C=C1)N2C(=O)C(C(=O)N2C3=CC=CC=C3)CCS(=O)C4=CC=CC=C4
D05238,CC1=CC(=CC(=C1CC2=NCCN2)C)C(C)(C)C
D05239,CC1(C(N2C(S1)C(C2=O)N3C(=O)C(NC3(C)C)C4=CC=CC=C4)C(=O)O)C
D05240,C1=CC(=CC=C1NCS(=O)O)S(=O)(=O)C2=CC=C(C=C2)NCS(=O)O
D05241,C1C(=O)NC(=O)N1N=CC2=CC=C(O2)C3=CC=C(C=C3)[N+](=O)[O-]
D05242,CN1C=NC2=C1C(=O)N(C(=O)N2C)C
D05243,CCNC1CN(S(=O)(=O)C2=C1C=C(S2)S(=O)(=O)N)CCCOC
D05244,C1NC2=CC(=C(C=C2S(=O)(=O)N1)S(=O)(=O)N)Cl
D05245,[O-2].[Mg+2]
D05246,C1CCN(CC1)C2=NC(=NC3=C2N=C(N=C3N4CCCCC4)N(CCO)CCO)N(CCO)CCO
D05247,CCCC(CCC)C(=O)O
D05248,CC(=O)NC1=NN=C(S1)S(=O)(=O)N
D05249,CC12CCC3C(C1CCC2(C#C)O)CCC4=C3C=CC(=C4)OC5CCCC5
D05250,CN1CCN2C(C1)C3=CC=CC=C3CC4=CC=CC=C42
D05251,CCCCC1=NC2(CCCC2)C(=O)N1CC3=CC=C(C=C3)C4=CC=CC=C4C5=NNN=N5
D05252,CS(=O)(=O)CCNCC1=CC=C(O1)C2=CC3=C(C=C2)N=CN=C3NC4=CC(=C(C=C4)OCC5=CC(=CC=C5)F)Cl
D05253,CC(C)OC(=O)OCOP(=O)(COC(C)CN1C=NC2=C(N=CN=C21)N)OCOC(=O)OC(C)C
D05254,CN1CCN2C(C1)C3=CC=CC=C3CC4=C2N=CC=C4
D05255,C1=NNC2=C1C(=O)NC=N2
D05256,CC12CCC3C(C1CCC2=O)CCC4=C3C=CC(=C4)O
D05257,CC1=C(C(=O)C2=C(C1=O)N3CC4C(C3(C2COC(=O)N)OC)N4)N
D05258,CC(CN1C2=CC=CC=C2CCC3=CC=CC=C31)CN(C)C
D05259,CC1CCN(C(C1)C(=O)O)C(=O)C(CCCN=C(N)N)NS(=O)(=O)C2=CC=CC3=C2NCC(C3)C
D05260,CN1CCC23C4C(=O)CCC2(C1CC5=C3C(=C(C=C5)OC)O4)O
D05261,CC1C2C(C(=O)N2C(=C1SC3CC(NC3)C(=O)N(C)C)C(=O)O)C(C)O
D05262,CCN(CC)CCCC(C)NC1=C2C=CC(=CC2=NC=C1)Cl
D05263,COC1=C(C=C(C=C1)Cl)C(=O)NCCC2=CC=C(C=C2)S(=O)(=O)NC(=O)NC3CCCCC3
D05264,CCCN1CC(CC2C1CC3=CNC4=CC=CC2=C34)CSC
D05265,CCC1(C(=O)N(C(=O)O1)C)C
D05266,CC1=C(C(=CC=C1)NC2=CC=CC=C2C(=O)O)C
D05267,CC(C)C1=CC2=C(C=C1)OC3=NC(=C(C=C3C2=O)C(=O)O)N
D05268,CCCCCCCCC1=CC=C(C=C1)CCC(CO)(CO)N
D05269,COC1=C(N=CN=C1OC)NS(=O)(=O)C2=CC=C(C=C2)N
D05270,CC(=O)SC1CC2=CC(=O)CCC2(C3C1C4CCC5(C4(CC3)C)CCC(=O)O5)C
D05271,CC1=CC=CN2C1=NC=C(C2=O)C3=NNN=N3
D05272,C(C(F)(F)F)(OC(F)F)F
D05273,CCOP(=O)(OCC)SCC[N+](C)(C)C
D05274,C1=CC(=CC(=C1)NC2=C(C=CC=N2)C(=O)O)C(F)(F)F
D05275,CC1=CC(=O)N(N1C)C2=CC=CC=C2
D05276,CC1(C(N2C(S1)C(C2=O)NC(=O)C(C3=CC=CC=C3)NC(=O)N4CCN(C4=O)S(=O)(=O)C)C(=O)O)C
D05277,CC1(OC2CC3C4CCC5=CC(=O)C=CC5(C4C(CC3(C2(O1)C(=O)CO)C)O)C)C
D05278,CN(C)CCCN1C2=CC=CC=C2SC3=C1C=C(C=C3)Cl
D05279,CC(C)CN1C=NC2=C1C3=CC=CC=C3N=C2N
D05280,CN1CCCC1CC2=CNC3=C2C=C(C=C3)CCS(=O)(=O)C4=CC=CC=C4
D05281,CC1=CC(=NO1)NS(=O)(=O)C2=CC=C(C=C2)N
D05282,CC(=O)OC1=CC=CC=C1C(=O)O
D05283,CC1=CN(C(=O)NC1=O)C2C=CC(O2)CO
D05284,C1=NC2=C(N1COC(CO)CO)N=C(NC2=O)N
D05285,CCC1CC2CC3(C1N(C2)CCC4=C3NC5=CC(=C(C=C45)OC)C6CC7C(C(CC8=C6NC9=CC=CC=C89)N(CC7=CC)C)C(=O)OC)C(=O)OC
D05286,CN1CCN(CC1)C(=O)OC2C3=NC=CN=C3C(=O)N2C4=NC=C(C=C4)Cl
D05287,CC1=C(SC=N1)C=CC2=C(N3C(C(C3=O)NC(=O)C(=NOC)C4=CSC(=N4)N)SC2)C(=O)O
D05288,COC(=O)C1C(CCC2C1CC3C4=C(CCN3C2)C5=CC=CC=C5N4)O
D05289,CC1CC(CC(C1)(C)C)OC(=O)C(C2=CC=CC=C2)O
D05290,CC1=C(C(=NO1)C2=CC=CC=C2Cl)C(=O)NC3C4N(C3=O)C(C(S4)(C)C)C(=O)O
D05291,COCCNC(=O)CN(CCN(CCN(CC(=O)NCCOC)CC(=O)[O-])CC(=O)[O-])CC(=O)[O-].[Gd+3]
D05292,CN1C=NC2=C1C(=O)N(C(=O)N2C)C
D05293,C(CN(CC(=O)O)CC(=O)O)N(CC(=O)O)CC(=O)O
D05294,CC(C)C1=C(C(=CC=C1)C(C)C)O
D05295,CC1=C2C(C(=O)C3(C(CC4C(C3C(C(C2(C)C)(CC1OC(=O)C(C(C5=CC=CC=C5)NC(=O)OC(C)(C)C)O)O)OC(=O)C6=CC=CC=C6)(CO4)OC(=O)C)OC)C)OC
D05296,CN1CCC23C=CC(CC2OC4=C(C=CC(=C34)C1)OC)O
D05297,CN1CCCCC1CCC2=CC=CC=C2NC(=O)C3=CC=C(C=C3)OC
D05298,CC1=CC=CC=C1OC(CCNC)C2=CC=CC=C2
D05299,C1CNCC(C2=CC(=C(C(=C21)Cl)O)O)C3=CC=C(C=C3)O
D05300,CC(C)C(C(=O)O)N
D05301,CC(CC1=CC=CC=C1)NC(=O)C(CCCCN)N
D05302,CC1CCC2CC(C(=CC=CC=CC(CC(C(=O)C(C(C(=CC(C(=O)CC(OC(=O)C3CCCCN3C(=O)C(=O)C1(O2)O)C(C)CC4CCC(C(C4)OC)OCCO)C)C)O)OC)C)C)C)OC
D05303,C1=CN=CC=C1N
D05304,CN(C)CCC=C1C2=CC=CC=C2CCC3=CC=CC=C31
D05305,CC12CCC3C(C1CCC2C(=O)NC4=C(C=CC(=C4)C(F)(F)F)C(F)(F)F)CCC5C3(C=CC(=O)N5)C
D05306,CN1CCN2C(C1)C3=CC=CC=C3CC4=C2N=CC=C4
D05307,C(CCl)NC(=O)N(CCCl)N=O
D05308,CN1C=NC2=C1C(=O)N(C(=O)N2C)C
D05309,CC1=C(N=CN1)CSCCNC(=NC)NC#N
D05310,C(C(F)(F)F)(OC(F)F)F
D05311,CCNC(C)CC1=CC(=CC=C1)C(F)(F)F
D05312,CCCCN1CCCCC1C(=O)NC2=C(C=CC=C2C)C
D05313,CC(C(C1=CC=CC=C1)O)N
D05314,CN1C(=O)CN=C(C2=C1C=CC(=C2)Cl)C3=CC=CC=C3F
D05315,C1CC(=O)NC(=O)C1N2CC3=C(C2=O)C=CC=C3N
D05316,CCCNC1CCC2=C(C1)SC(=N2)N
D05317,C1CN(CCN1CC=CC2=CC=CC=C2)C(C3=CC=C(C=C3)F)C4=CC=C(C=C4)F
D05318,CC1CC2C3CCC4=CC(=O)C=CC4(C3(C(CC2(C1(C(=O)CO)O)C)O)F)C
D05319,CC1=CC(=CC(=C1)OCC2CNC(=O)O2)C
D05320,CC1=C(C2=C(C1=CC3=CC=C(C=C3)S(=O)C)C=CC(=C2)F)CC(=O)O
D05321,C1CC(N(C1)C(=O)C(CCCCN)NC(CCC2=CC=CC=C2)C(=O)O)C(=O)O
D05322,C(OC(C(F)(F)F)C(F)(F)F)F
D05323,CCN(CC)CC#CCOC(=O)C(C1CCCCC1)(C2=CC=CC=C2)O
D05324,C(C(OC(F)F)(F)F)(F)Cl
D05325,C1=CC2=C(C=C1Cl)NC(=O)O2
D05326,CC(C(C1=C(C=CC(=C1)OC)OC)O)N
D05327,COC1(C2N(C1=O)C(=C(CS2)COC(=O)N)C(=O)O)NC(=O)CC3=CC=CS3
D05328,CC(CS(=O)(=O)C1=CC=C(C=C1)F)(C(=O)NC2=CC(=C(C=C2)C#N)C(F)(F)F)O
D05329,C1CN(CCC1(C2=CC=C(C=C2)Cl)O)CCCC(=O)C3=CC=C(C=C3)F
D05330,CN(CCCl)CCCl
D05331,CN1CCC23CCCCC2C1CC4=C3C=C(C=C4)O
D05332,CCCC(=O)OC(COC(=O)CC)COP(=O)(O)OCC(C(=O)O)N
D05333,CCCCCC(C=CC1C(CC(=O)C1CC=CCCCC(=O)O)O)O
D05334,CC(CCCC(C)(C)O)C1CCC2C1(CCCC2=CC=C3CC(CCC3=C)O)C
D05335,C1=CC=C(C(=C1)CC(=O)O)NC2=C(C=CC=C2Cl)Cl
D05336,CCC1(CC2CC(C3=C(CCN(C2)C1)C4=CC=CC=C4N3)(C5=C(C=C6C(=C5)C78CCN9C7C(C=CC9)(C(C(C8N6C=O)(C(=O)OC)O)OC(=O)C)CC)OC)C(=O)OC)O
D05337,CN(C)CCC1=CNC2=C1C=C(C=C2)CC3COC(=O)N3
D05338,CC1=CC=CC=C1S(=O)(=O)NC(=O)C2=CC(=C(C=C2)CC3=CN(C4=C3C=C(C=C4)NC(=O)OC5CCCC5)C)OC
D05339,CC(C)C1=C(C(=CC=C1)C(C)C)O
D05340,CC1CC(=O)C=C(C12C(=O)C3=C(O2)C(=C(C=C3OC)OC)Cl)OC
D05341,CC(C)C1=C(C(=CC=C1)C(C)C)O
D05342,CCCCC1=NC(=C(N1CC2=CC=C(C=C2)C3=CC=CC=C3C4=NNN=N4)CO)Cl
D05343,C1CN(CCN1CCOCCO)C2=NC3=CC=CC=C3SC4=CC=CC=C42
D05344,CC1=CC(=O)N2CC(=O)N(C3=C(C2(O1)C4=CC=CC=C4)C=C(C=C3)Cl)C
D05345,CC1C2CC3=C(C1(CCN2CC=C(C)C)C)C=C(C=C3)O
D05346,C1=COC(=C1)CNC2=CC(=C(C=C2C(=O)O)S(=O)(=O)N)Cl
D05347,CN1CCN(CC1)C2=NC3=CC=CC=C3OC4=C2C=C(C=C4)Cl
D05348,CC(CN1C2=CC=CC=C2SC3=CC=CC=C31)CN(C)C
D05349,CN1CCN(CC1)C2=NC3=CC=CC=C3OC4=C2C=C(C=C4)Cl
D05350,CC(C)(C)NCC(C1=CC(=CC(=C1)O)O)O
D05351,CN(C)CCCN1C2=CC=CC=C2SC3=CC=CC=C31
D05352,CC(C(C1=CC(=C(C=C1)O)O)O)N
D05353,CCN1C=CC(=NC1=O)NS(=O)(=O)C2=CC=C(C=C2)N
D05354,CCN(CC)CCOC(=O)C1=CC=C(C=C1)N
D05355,CC1=C(C(=O)N(N1C)C2=CC=CC=C2)N(C)C
D05356,CC1=C(C(=O)N2CCCC(C2=N1)O)CCN3CCC(CC3)C4=NOC5=C4C=CC(=C5)F
D05357,C(=O)(N)NO
D05358,C1C(=S)N(C2=C(C=C(C=C2)Cl)C(=N1)C3=CC=CC=C3F)CC(F)(F)F
D05359,C(CS)N
D05360,CN(C)CCCN1C2=CC=CC=C2CCC3=CC=CC=C31
D05361,CNCC(C1=CC(=C(C=C1)O)O)O
D05362,C1CN(CCC1O)CCCN2C3=CC=CC=C3SC4=C2C=C(C=C4)C#N
D05363,CC1=CC(=C(C=C1)C)OCCCC(C)(C)C(=O)O
D05364,CC1(C(=O)N2C(C(=O)N3CCCC3C2(O1)O)CC4=CC=CC=C4)NC(=O)C5CN(C6CC7=CNC8=CC=CC(=C78)C6=C5)C
D05365,CCCC(C(=O)C(=O)NC1CC1)NC(=O)C2C3CCCC3CN2C(=O)C(C(C)(C)C)NC(=O)C(C4CCCCC4)NC(=O)C5=NC=CN=C5
D05366,CC1=CC2=C(C=C1C)N(C3=NC(=O)NC(=O)C3=N2)CC(C(C(COP(=O)(O)OP(=O)(O)OCC4C(C(C(O4)N5C=NC6=C(N=CN=C65)N)O)O)O)O)O
D05367,CC12CC(C3(C(C1CC(=C)C2(C(=O)CO)O)CCC4=CC(=O)C=CC43C)F)O
D05368,CCC(=O)N(C1=CC=CC=C1)C2(CCN(CC2)CCC3=CC=CS3)COC
D05369,CC1=CC=C(C=C1)S(=O)(=O)NC(=O)NN2CC3CCCC3C2
D05370,CC(CN1C2=CC=CC=C2SC3=C1N=CC=C3)N(C)C
D05371,CN1CCC23CCCCC2C1CC4=C3C=C(C=C4)OC
D05372,C1CN(CCN1)C2=NC3=CC=CC=C3OC4=C2C=C(C=C4)Cl
D05373,CC1CCOC2N1C(=O)C3=C(C(=O)C(=CN3C2)C(=O)NCC4=C(C=C(C=C4)F)F)O
D05374,CC1=NC=C2N1C3=C(C=C(C=C3)Cl)C(=NC2)C4=CC=CC=C4F
D05375,CCC1=CC2CC(C3=C(CN(C2)C1)C4=CC=CC=C4N3)(C5=C(C=C6C(=C5)C78CCN9C7C(C=CC9)(C(C(C8N6C)(C(=O)OC)O)OC(=O)C)CC)OC)C(=O)OC
D05376,CNC(=O)C1=NC=CC(=C1)OC2=CC=C(C=C2)NC(=O)NC3=CC(=C(C=C3)Cl)C(F)(F)F
D05377,CC1=NC(=NC=C1)NS(=O)(=O)C2=CC=C(C=C2)N
D05378,CN(C)CCCN1C2=CC=CC=C2CCC3=CC=CC=C31
D05379,CCOC(=O)N1C=CN(C1=S)C
D05380,CCCCNC1=C(C(=CC(=C1)C(=O)O)S(=O)(=O)N)OC2=CC=CC=C2
D05381,C1CC1N2C=C(C(=O)C3=CC(=C(C=C32)N4CCNCC4)F)C(=O)O
D05382,CCCC(C)(COC(=O)N)COC(=O)N
D05383,C[N+](C)(C)CC(CC(=O)[O-])O
D05384,CCCC(C)C1(C(=O)NC(=O)NC1=O)CC=C
D05385,CC1=NC2=C(N1)CCN(C3=CC=CC=C32)C(=O)C4=CC=C(C=C4)NC(=O)C5=CC=CC=C5C6=CC=CC=C6
D05386,CCN1C=C(C(=O)C2=CC(=C(N=C21)N3CCNCC3)F)C(=O)O
D05387,CC1=CC2=C(S1)NC3=CC=CC=C3N=C2N4CCN(CC4)C
D05388,C1=NC(=NN1C2C(C(C(O2)CO)O)O)C(=O)N
D05389,CC(C)N1CCN(CC1)C2=CC=C(C=C2)OCC3COC(O3)(CN4C=NC=N4)C5=C(C=C(C=C5)Cl)Cl
D05390,CCC1C(=NN=C(C2=CC(=C(C=C12)OC)OC)C3=CC(=C(C=C3)OC)OC)C
D05391,CCC(C(C)O)N1C(=O)N(C=N1)C2=CC=C(C=C2)N3CCN(CC3)C4=CC=C(C=C4)OCC5CC(OC5)(CN6C=NC=N6)C7=C(C=C(C=C7)F)F
D05392,CC(C(C1=CC=CC=C1)O)N
D05393,C1=NC2=C(N1COCCO)N=C(NC2=O)N
D05394,CCC(C)(C)C(=O)OC1CC(C=C2C1C(C(C=C2)C)CCC3CC(CC(=O)O3)O)C
D05395,C(P(=O)(O)O)(P(=O)(O)O)(Cl)Cl
D05396,C1=CC=C(C(=C1)C2=NC(C(=O)NC3=C2C=C(C=C3)Cl)O)Cl
D05397,COC1=C(C=CC(=C1)NS(=O)(=O)C)NC2=C3C=CC=CC3=NC4=CC=CC=C42
D05398,CC1=C(C=CC2=C1OC(=O)C(=C2O)NC(=O)C3=CC(=C(C=C3)O)CC=C(C)C)OC4C(C(C(C(O4)(C)C)OC)OC(=O)N)O
D05399,C1C2=C(C=CC(=C2Cl)Cl)N=C3N1CC(=O)N3
D05400,C1CCC2(C3CC4=C(C2(C1)CCN3CC5CCC5)C=C(C=C4)O)O
D05401,C1C2CC3CC(CC1N3CC2=O)OC(=O)C4=CNC5=CC=CC=C54
D05402,C#CC1(CCCCC1)OC(=O)N
D05403,CC(C)C(C(=O)OCC(CO)OCN1C=NC2=C1N=C(NC2=O)N)N
D05404,CC1=C(C=C(C=C1)NC2=NC=CC(=N2)N(C)C3=CC4=NN(C(=C4C=C3)C)C)S(=O)(=O)N
D05405,CC1=CN(C(=O)NC1=O)C2CC(C(O2)CO)O
D05406,CC(C)COCC(CN(CC1=CC=CC=C1)C2=CC=CC=C2)N3CCCC3
D05407,CC=CCC=CCCC(=O)C1C(O1)C(=O)N
D05408,CC1=C(C(=CC=C1)C)NC(=O)CN2CCN(CC2)CC(COC3=CC=CC=C3OC)O
D05409,CCCCCOC(=O)NC1=NC(=O)N(C=C1F)C2C(C(C(O2)C)O)O
D05410,CC1=CC(=NN=C1NCCN2CCOCC2)C3=CC=CC=C3
D05411,C1=CC(=C(C(=C1)C(=O)C2=CC=C(C=C2)Br)N)CC(=O)O
D05412,CCC(C(CC(C)N(C)C)(C1=CC=CC=C1)C2=CC=CC=C2)OC(=O)C
D05413,CN1C(NC2=CC(=C(C=C2S1(=O)=O)S(=O)(=O)N)Cl)CCl
D05414,CC(=O)SC1CC2=CC(=O)CCC2(C3C1C4CCC5(C4(CC3)C)CCC(=O)O5)C
D05415,CC1=NS(=O)(=O)C2=C(N1)C=CC(=C2)Cl
D05416,CC12CCC3C(C1CCC2C(=O)NC4=C(C=CC(=C4)C(F)(F)F)C(F)(F)F)CCC5C3(C=CC(=O)N5)C
D05417,CNCCCC12CCC(C3=CC=CC=C31)C4=CC=CC=C24
D05418,CCNC1CN(S(=O)(=O)C2=C1C=C(S2)S(=O)(=O)N)CCCOC
D05419,CC1CN(CCN1)C2=C(C=C3C(=C2OC)N(C=C(C3=O)C(=O)O)C4CC4)F
D05420,CC1=C(C(C(=C(N1)C)C(=O)OC(C)C)C2=CC=CC3=NON=C32)C(=O)OC
D05421,CC(C)C(=O)OC1=C(C=C(C=C1)CO)C(CCN(C(C)C)C(C)C)C2=CC=CC=C2
D05422,CC1=C(C(CCC1)(C)C)C=CC(=CC=CC(=CCO)C)C
D05423,C1CN(CCC1(C2=CC=CC=C2)C(=O)O)CCC(C#N)(C3=CC=CC=C3)C4=CC=CC=C4
D05424,CC1=CC2=C(C=C1C)N(C3=NC(=O)NC(=O)C3=N2)CC(C(C(COP(=O)(O)OP(=O)(O)OCC4C(C(C(O4)N5C=NC6=C(N=CN=C65)N)O)O)O)O)O
D05425,C1C(C(C(C(O1)OC2COC(C(C2OS(=O)(=O)O)OS(=O)(=O)O)O)OS(=O)(=O)O)OS(=O)(=O)O)O
D05426,CCN(CC)CCOC(=O)C1=C(C=C(C=C1)N)Cl
D05427,CN1C2=C(C(=O)N(C1=O)C)NC=N2
D05428,[O-]S(=O)(=O)[O-].[Mg+2]
D05429,CCC(C)CCCC(=O)NC(CCN)C(=O)NC(C(C)O)C(=O)NC(CCN)C(=O)NC1CCNC(=O)C(NC(=O)C(NC(=O)C(NC(=O)C(NC(=O)C(NC(=O)C(NC1=O)CCN)CC(C)C)CC(C)C)CCN)CCN)C(C)O
D05430,CC1=CC=CC=C1C(=O)NC2=CC(=C(C=C2)C(=O)N3CCCC(C4=C3C=CC(=C4)Cl)O)C
D05431,CNS(=O)(=O)CC1=CC2=C(C=C1)NC=C2CCN(C)C
D05432,CC(=O)OC1=CC=CC=C1C(=O)O
D05433,C1C(=C(N2C(S1)C(C2=O)NC(=O)CC3=CC=CC=C3CN)C(=O)O)CSC4=NN=NN4CC(=O)O
D05434,C(C(C(=O)O)N)C(=O)O
D05435,CC(=O)OCC1=C(N2C(C(C2=O)NC(=O)CC3=CC=CS3)SC1)C(=O)O
D05436,CCN(CC)CCNC(=O)C1=C(NC(=C1C)C=C2C3=C(C=CC(=C3)F)NC2=O)C
D05437,COC1=NC(=NC(=C1)NS(=O)(=O)C2=CC=C(C=C2)N)OC
D05438,CCN1CCN(C(=O)C1=O)C(=O)NC(C2=CC=C(C=C2)O)C(=O)NC3C4N(C3=O)C(=C(CS4)CSC5=NN=NN5C)C(=O)O
D05439,C1CN(CC2=C1SC=C2)CC3=CC=CC=C3Cl
D05440,CN(C)CCCN1C2=CC=CC=C2SC3=C1C=C(C=C3)Cl
D05441,CC1CCOC2N1C(=O)C3=C(C(=O)C(=CN3C2)C(=O)NCC4=C(C=C(C=C4)F)F)O
D05442,C1=CC(=CN=C1)C(=O)O
D05443,CN1CCC23C4C1CC5=C2C(=C(C=C5)OC)OC3C(=O)CC4
D05444,C#CC1(CCCCC1)OC(=O)N
D05445,CCC(C)C1(C(=O)NC(=O)NC1=O)CC
D05446,COC(=O)C(C1=CC=CC=C1Cl)N2CCC3=C(C2)C=CS3
D05447,COC1=CC=C(C=C1)CCN2CCC(CC2)NC3=NC4=CC=CC=C4N3CC5=CC=C(C=C5)F
D05448,C1=CC=C(C(=C1)C(=O)OCC(CO)O)NC2=C3C=CC=C(C3=NC=C2)C(F)(F)F
D05449,C(=O)(O)P(=O)(O)O
D05450,CCC1=NC(=C(N1CC2=CC3=C(C=C2)OC(=C3Br)C4=CC=CC=C4NS(=O)(=O)C(F)(F)F)C(=O)N)C5CC5
D05451,CCC(=O)N(C1=CC=CC=C1)C2(CCN(CC2)CCC3=CC=CS3)COC
D05452,CC(C)C(=O)OCC(=O)C12C(CC3C1(CC(C4C3CCC5=CC(=O)C=CC45C)O)C)OC(O2)C6CCCCC6
D05453,C[N+]1(C2CC(CC1C3C2O3)OC(=O)C(CO)C4=CC=CC=C4)C.[Br-]
D05454,C1CN(CCC1N2C3=CC=CC=C3NC2=O)CCCC(C4=CC=C(C=C4)F)C5=CC=C(C=C5)F
D05455,CN1C=NC2=C1C(=O)N(C(=O)N2C)C
D05456,CC(C)C(=O)OC1=C(C=C(C=C1)CO)C(CCN(C(C)C)C(C)C)C2=CC=CC=C2
D05457,CCCCNC1=C(C(=CC(=C1)C(=O)O)S(=O)(=O)N)OC2=CC=CC=C2
D05458,CC(=O)OC1CC2CCC3C(C2(CC1[N+]4(CCCCC4)C)C)CCC5(C3CC(C5OC(=O)C)[N+]6(CCCCC6)C)C
D05459,CCC(=O)OC(CC1=CC=CC=C1)(C2=CC=CC=C2)C(C)CN(C)C
D05460,CC1(C(N2C(S1)C(C2=O)NC(=O)C(C3=CC=C(C=C3)O)N)C(=O)O)C
D05461,CCC1C(C(C(C(=O)C(CC(C(C(C(C(C(=O)O1)C)OC2CC(C(C(O2)C)O)(C)OC)C)OC3C(C(CC(O3)C)N(C)C)O)(C)OC)C)C)O)(C)O
D05462,CC1=C(C(CCC1)(C)C)C=CC(=CC=CC(=CCO)C)C
D05463,CC1=NN=C(S1)SCC2=C(N3C(C(C3=O)NC(=O)CN4C=NN=N4)SC2)C(=O)O
D05464,C1=CC(=CC=C1NC(=NC(=NCCCCCCN=C(N)N=C(N)NC2=CC=C(C=C2)Cl)N)N)Cl
D05465,CC(=O)NC(C=O)C(C(C(CO)O)O)O
D05466,CC(=O)OCC(=O)C12C(CC3C1(CC(C4(C3CCC5=CC(=O)C=CC54C)F)O)C)OC6(O2)CCCC6
D05467,C1CN(CCN1CCC=C2C3=CC=CC=C3SC4=C2C=C(C=C4)Cl)CCO
D05468,COC1=CC2=C(C=CN=C2C=C1)C(C3CC4CCN3CC4C=C)O
D05469,CC1=C2COC(=O)C2=C(C(=C1OC)CC=C(C)CCC(=O)O)O
D05470,C1C2CC3CC1CC(C2)(C3)N
D05471,C[N+]1(CCCC1)CC2=C(N3C(C(C3=O)NC(=O)C(=NOC)C4=CSC(=N4)N)SC2)C(=O)[O-]
D05472,CC1CC2C3CCC4=CC(=O)C=CC4(C3(C(CC2(C1(C(=O)CO)O)C)O)F)C
D05473,CCC(C=CCl)(C#C)O
D05474,CN1CCN(CC1)CCCN2C3=CC=CC=C3SC4=C2C=C(C=C4)S(=O)(=O)N(C)C
D05475,CC(=O)OCC(=O)NCCCOC1=CC=CC(=C1)CN2CCCCC2
D05476,C[N+]1(CCC23C4C(=O)CCC2(C1CC5=C3C(=C(C=C5)O)O4)O)CC6CC6
D05477,C1=CC(=CC=C1C(=O)NC(CCC(=O)O)C(=O)O)NCC2=CN=C3C(=N2)C(=O)NC(=N3)N
D05478,CCN(CC)CCCN(C1CC2=CC=CC=C2C1)C3=CC=CC=C3
D05479,CN(C)CCC(C1=CC=C(C=C1)Cl)C2=CC=CC=N2
D05480,C(C1C(C(C(C(O1)OC2(C(C(C(O2)COS(=O)(=O)O[Al])OS(=O)(=O)O[Al])OS(=O)(=O)O[Al])COS(=O)(=O)O[Al])OS(=O)(=O)O[Al])OS(=O)(=O)O[Al])OS(=O)(=O)O[Al])OS(=O)(=O)O[Al].O.O.O.O.O.O.O.O.O.O.O.O.O.O.O.O.O.O.O.O.[Al]
D05481,C1=CC=C(C(=C1)CC(=O)O)NC2=C(C=CC=C2Cl)Cl
D05482,CC12CCC3C(=CCC4=C3C=CC(=C4)O)C1CCC2=O
D05483,CC1=CC2=C(S1)NC3=CC=CC=C3N=C2N4CCN(CC4)C
D05484,CCCCCN(C)CCC(O)(P(=O)(O)O)P(=O)(O)O
D05485,C(C(=O)O)N
D05486,CC1(C2CC3C(C(=O)C(=C(C3(C(=O)C2=C(C4=C(C=CC(=C41)Cl)O)O)O)O)C(=O)NCO)N(C)C)O
D05487,C1CCN(CC1)CCOC2=CC=C(C=C2)C(=O)C3=C(SC4=C3C=CC(=C4)O)C5=CC=C(C=C5)O
D05488,CC(CC1=CC=CC=C1)N
D05489,C1CN(CCN1CC=CC2=CC=CC=C2)C(C3=CC=CC=C3)C4=CC=CC=C4
D05490,CN1CCN2C(C1)C3=CC=CC=C3CC4=C2N=CC=C4
D05491,C1CN(CCN1)C2=NC3=CC=CC=C3OC4=C2C=C(C=C4)Cl
D05492,CCCC1=CC(=O)NC(=S)N1
D05493,CC12CCC3C(C1CCC2O)CCC4=C3C=CC(=C4)O
D05494,C1C(=O)N(C2=C(C=C(C=C2)Cl)C(=N1)C3=CC=CC=C3)CC(F)(F)F
D05495,CN1C(=C2C(=NC=N2)N(C1=O)C)[O-].C[N+](C)(C)CCO
D05496,COC1=C(C=C2C(=C1)C(=NC(=N2)N3CCN(CC3)C(=O)C4=CC=CO4)N)OC
D05497,CCCCC(=O)OCC(=O)C1(CC(C2=C(C1)C(=C3C(=C2O)C(=O)C4=C(C3=O)C=CC=C4OC)O)OC5CC(C(C(O5)C)O)NC(=O)C(F)(F)F)O
D05498,CC1=CC(=C(C(=C1C=CC(=CC=CC(=CC(=O)O)C)C)C)C)OC
D05499,CN1C(=NN=N1)SCC2=C(N3C(C(C3=O)(NC(=O)CSCC#N)OC)SC2)C(=O)O
D05500,CC(C)NCC(C1=CC(=C(C=C1)O)O)O
D05501,C1COC(=O)N1N=CC2=CC=C(O2)[N+](=O)[O-]
D05502,CCN(CC)CCCC(C)NC1=C2C=CC(=CC2=NC=C1)Cl
D05503,CN(C1=CC=C(C=C1)O)C(=O)C(Cl)Cl
D05504,C(CC(=O)O)C(=O)O
D05505,CC(C)C1C(=O)OC(C(=O)N(C(C(=O)OC(C(=O)N(C(C(=O)OC(C(=O)N1C)C(C)C)C(C)C)C)C(C)C)C(C)C)C)C(C)C
D05506,CN(C)CCC=C1C2=CC=CC=C2CCC3=CC=CC=C31
D05507,COC1=C(C=C(C=C1)C2CC(=O)C3=C(C=C(C=C3O2)O)O)O
D05508,C1C(=O)NC2=C(C=C(C=C2)[N+](=O)[O-])C(=N1)C3=CC=CC=C3Cl
D05509,C1=CC(=C(C(=C1)Cl)COC(CN2C=CN=C2)C3=C(C=C(C=C3)Cl)Cl)Cl
D05510,CCC(=O)C(CC(C)N(C)C)(C1=CC=CC=C1)C2=CC=CC=C2
D05511,CC(C=CC(C)C(C)(C)O)C1CCC2C1(CCCC2=CC=C3CC(CC(C3)O)O)C
D05512,CN1CCN2C(C1)C3=CC=CC=C3CC4=C2N=CC=C4
D05513,C(CC(=O)N)C(C(=O)O)N
D05514,C1C2=NN=CN2C3=C(C=C(C=C3)Cl)C(=N1)C4=CC=CC=C4
D05515,CCN(CC)C(C)C(=O)C1=CC=CC=C1
D05516,CN1C=NC2=C1C(=O)N(C(=O)N2C)C
D05517,CC[N+](C)(C)CC1=CC=CC=C1Br
D05518,CN1C(=O)CN=C(C2=C1C=CC(=C2)Cl)C3=CC=CC=C3
D05519,CC1C(OCCN1C)C2=CC=CC=C2
D05520,CC(C)CC(C(=O)NC(CCCCNC(C)C)C(=O)N1CCCC1C(=O)NC(C)C(=O)N)NC(=O)C(CC2=CC=C(C=C2)NC(=O)N)NC(=O)C(CC3=CC=C(C=C3)NC(=O)C4CC(=O)NC(=O)N4)NC(=O)C(CO)NC(=O)C(CC5=CN=CC=C5)NC(=O)C(CC6=CC=C(C=C6)Cl)NC(=O)C(CC7=CC8=CC=CC=C8C=C7)NC(=O)C
D05521,CN1CCCCC1CCC2=CC=CC=C2NC(=O)C3=CC=C(C=C3)OC
D05522,CC(C)C(C(=O)OCCOCN1C=NC2=C1N=C(NC2=O)N)N
D05523,C1=CC=C(C(=C1)C(=O)OCCOCCO)NC2=CC=CC(=C2)C(F)(F)F
D05524,CCC1(C(=O)NC(=O)N(C1=O)C)C2=CC=CC=C2
D05525,CC1=C(C(=O)C2=C(C1=O)N3CC4C(C3(C2COC(=O)N)OC)N4)N
D05526,CC(C)CC(C(C(=O)NO)O)C(=O)NC(C(=O)NC)C(C)(C)C
D05527,CCN1C=C(C(=O)C2=CC(=C(C=C21)N3CCNCC3)F)C(=O)O
D05528,C1CN=C(N1)CC2=CC=CC3=CC=CC=C32
D05529,C1=CC=C(C=C1)CC2NC3=C(C=C(C(=C3)C(F)(F)F)S(=O)(=O)N)S(=O)(=O)N2
D05530,COC1=CC=CC=C1OCCNCC(COC2=CC=CC3=C2C4=CC=CC=C4N3)O
D05531,CCCN1CC(CC2C1CC3=CNC4=CC=CC2=C34)CSC
D05532,CC1=C(C(C(=C(N1)C)C(=O)OCCN(C)CC2=CC=CC=C2)C3=CC(=CC=C3)[N+](=O)[O-])C(=O)OC
D05533,CN1CCN(CC1)CCCN2C3=CC=CC=C3SC4=C2C=C(C=C4)S(=O)(=O)N(C)C
D05534,CC1=C(C(C(=C(N1)C)C(=O)OCCN(C)CC2=CC=CC=C2)C3=CC(=CC=C3)[N+](=O)[O-])C(=O)OC
D05535,COC(=O)C(CC1=CC=CC=C1)NC(=O)C(CC(=O)O)N
D05536,CC1=CC2=C(C=C1C)N(C3=NC(=O)NC(=O)C3=N2)CC(C(C(COP(=O)(O)OP(=O)(O)OCC4C(C(C(O4)N5C=NC6=C(N=CN=C65)N)O)O)O)O)O
D05537,CCOC(=O)C1=C2CN(C(=O)C3=C(N2C=N1)C=CC(=C3)F)C
D05538,C1=NC2=C(N1COCCO)N=C(NC2=O)N
D05539,CCC(C)C1(C(=O)NC(=O)NC1=O)CC=C
D05540,C1CC(C1)CN2CCC34C5C(CCC3(C2CC6=C4C(=C(C=C6)O)O5)O)O
D05541,CC(CCC1=CC=CC=C1)NCC(C2=CC(=C(C=C2)O)C(=O)N)O
D05542,C1=COC(=C1)CNC2=CC(=C(C=C2C(=O)O)S(=O)(=O)N)Cl
D05543,CCC1=CN=C(C=C1)CCOC2=CC=C(C=C2)CC3C(=O)NC(=O)S3
D05544,CC(C)NCC(COC1=CC=CC=C1CC=C)O
D05545,CC1C(C(C(O1)OC2C(C(C(C(C2O)O)N=C(N)N)O)N=C(N)N)OC3C(C(C(C(O3)CO)O)O)NC)(C=O)O
D05546,C1=NC(=C2C(=N1)N(C=N2)C3C(C(C(O3)COP(=O)(O)O)O)O)N
D05547,CCN(CCCC1=CC=CC=C1)CCCC2=CC=CC=C2
D05548,CN1C(NC2=CC(=C(C=C2S1(=O)=O)S(=O)(=O)N)Cl)CCl
D05549,CC(CC1=CC=C(C=C1)O)(C(=O)O)N
D05550,CC1=C(C=CC=C1O)C(=O)NC(CSC2=CC=CC=C2)C(CN3CC4CCCCC4CC3C(=O)NC(C)(C)C)O
D05551,CC1=CC=C(C=C1)C(=O)C2=CC(=C(C(=C2)O)O)[N+](=O)[O-]
D05552,CN1CCC(=C2C3=C(C(=O)CC4=CC=CC=C42)SC=C3)CC1
D05553,CCCCCCCCCCNCCNC1(CC(OC(C1O)C)OC2C(C(C(OC2OC3=C4C=C5C=C3OC6=C(C=C(C=C6)C(C(C(=O)NC(C(=O)NC5C(=O)NC7C8=CC(=C(C=C8)O)C9=C(C(=C(C=C9C(NC(=O)C(C(C1=CC(=C(O4)C=C1)Cl)O)NC7=O)C(=O)O)O)CNCP(=O)(O)O)O)CC(=O)N)NC(=O)C(CC(C)C)NC)O)Cl)CO)O)O)C
D05554,CN1C=NC2=C1C(=O)N(C(=O)N2C)C
D05555,CCC(C)(C)C(=O)OC1CC(C=C2C1C(C(C=C2)C)CCC3CC(CC(=O)O3)O)C
D05556,CN(C)CCCN1C2=CC=CC=C2SC3=C1C=C(C=C3)Cl
D05557,CC1C(C(CC(O1)OC2C(OC(CC2O)OC3C(OC(CC3O)OC4CCC5(C(C4)CCC6C5CCC7(C6(CCC7C8=CC(=O)OC8)O)C)C)C)C)O)O
D05558,CC(C)CCCC(C)C1CCC2C1(CCCC2=CC=C3CC(CC(C3=C)O)O)C
D05559,CC1=CC=C(C=C1)C2=CC(=NN2C3=CC=C(C=C3)S(=O)(=O)N)C(F)(F)F
D05560,CN(C)C1C2CC3CC4=C(C=CC(=C4C(=C3C(=O)C2(C(=C(C1=O)C(=O)N)O)O)O)O)N(C)C
D05561,CCC(CC1=C(C(=C(C=C1I)I)N)I)C(=O)O
D05562,CC1=CC=C(C=C1)C2=C(N3C=C(C=CC3=N2)C)CC(=O)N(C)C
D05563,C1=CN=C(C=N1)C(=O)N
D05564,CN1C2=C(C=C(C=C2)Cl)C(=NC(C1=O)O)C3=CC=CC=C3
D05565,CC(C)C1=C(C(=C(N1CCC(CC(CC(=O)O)O)O)C2=CC=C(C=C2)F)C3=CC=CC=C3)C(=O)NC4=CC=CC=C4
D05566,CC1=CC(=CC=C1)NC2=C(C=NC=C2)S(=O)(=O)NC(=O)NC(C)C
D05567,CN(C)CCCN1C2=CC=CC=C2CCC3=CC=CC=C31
D05568,CCC1(CC2CC(C3=C(CCN(C2)C1)C4=CC=CC=C4N3)(C5=C(C=C6C(=C5)C78CCN9C7C(C=CC9)(C(C(C8N6C)(C(=O)N)O)O)CC)OC)C(=O)OC)O
D05569,CC(C)NCC(C1=CC=C(C=C1)NS(=O)(=O)C)O
D05570,C1=CC=C(C(=C1)C2=NC(C(=O)NC3=C2C=C(C=C3)Cl)O)Cl
D05571,CCOC(=O)CCCCCCCCC(C)C1=CC=CC=C1I
D05572,CC(=O)C1=CC(=C(C=C1)OCCCN2CCC(CC2)C3=NOC4=C3C=CC(=C4)F)OC
D05573,CC(CS)C(=O)N1CCCC1C(=O)O
D05574,CC(C1CCC(C(O1)OC2C(CC(C(C2O)OC3C(C(C(CO3)(C)O)NC)O)N)N)N)NC
D05575,CC1CC(=O)C=C(C12C(=O)C3=C(O2)C(=C(C=C3OC)OC)Cl)OC
D05576,CCOC(=O)C1=C(NC(=C(C1C2=CC=CC=C2Cl)C(=O)OC)C)COCCN
D05577,CC1=C(C(=CC=C1)C)NC(=O)C2CCCCN2C
D05578,CC1=NC=C(C=C1)C2=C(C=C(C=N2)Cl)C3=CC=C(C=C3)S(=O)(=O)C
D05579,C1C(=O)NC(=O)N1N=CC2=CC=C(O2)C3=CC=C(C=C3)[N+](=O)[O-]
D05580,C1=CC(=CC=C1C(C(CO)NC(=O)C(Cl)Cl)O)[N+](=O)[O-]
D05581,CC(=O)CC(C1=CC=CC=C1)C2=C(C3=CC=CC=C3OC2=O)O
D05582,CCC1(C(=O)N(C(=O)O1)C)C
D05583,CCCN(CCC)CCC1=C2CC(=O)NC2=CC=C1
D05584,CCCN1C2=C(C(=O)NC1=O)NC=N2
D05585,CCC(=O)N(C1=CC=CC=C1)C2(CCN(CC2)CCC(=O)OC)C(=O)OC
D05586,CCCCN1CCCCC1C(=O)NC2=C(C=CC=C2C)C
D05587,CN(C)CCN(CC1=CC=CC=C1)C2=CC=CC=N2
D05588,CN1C2=C(C(=O)N(C1=O)C)NC(=N2)Cl.CN(C)CCOC(C1=CC=CC=C1)C2=CC=CC=C2
D05589,CC(C1=CC2=CC=CC=C2S1)N(C(=O)N)O
D05590,CCOC(=O)C1(CCN(CC1)C)C2=CC=CC=C2
D05591,C1CC1NC2=C3C(=NC(=N2)N)N(C=N3)C4CC(C=C4)CO
D05592,CCN(CC)C(=O)N1CCN(CC1)C
D05593,CN(C)CCOC1=CC=C(C=C1)C(=C(CCCl)C2=CC=CC=C2)C3=CC=CC=C3
D05594,CC[N+](C)(C)C1=CC(=CC=C1)O
D05595,O.[O-]Cl=O.[O-]Cl=O.[O-]Cl=O.[O-]Cl=O.O=O
D05596,C1=CN=CC=C1N
D05597,CN1CCCCC1CCC2=CC=CC=C2NC(=O)C3=CC=C(C=C3)OC
D05598,CC(C)(C)C(C)(C1CC23CCC1(C4C25CCN(C3CC6=C5C(=C(C=C6)O)O4)CC7CC7)OC)O
D05599,CCCCC1(C(=O)NC(=O)NC1=O)CC
D05600,C1=CC(=CC=C1CCCCNCC(C2=CC(=C(C=C2)O)O)O)O
D05601,[C-]#N.[C-]#N.[C-]#N.[C-]#N.[C-]#N.[N-]=O.[Fe+4]
D05602,COCCOC1=CN=C(N=C1)NS(=O)(=O)C2=CC=CC=C2
D05603,CCC(CC1=C(C(=C(C=C1I)I)N)I)C(=O)O
D05604,CN1CCN(CC1)C2=NC3=CC=CC=C3OC4=C2C=C(C=C4)Cl
D05605,CC1C(C(CC(O1)OC2C(C(C(OC2OC3=C4C=C5C=C3OC6=C(C=C(C=C6)C(C(C(=O)NC(C(=O)NC5C(=O)NC7C8=CC(=C(C=C8)O)C9=C(C=C(C=C9O)O)C(NC(=O)C(C(C1=CC(=C(O4)C=C1)Cl)O)NC7=O)C(=O)O)CC(=O)N)NC(=O)C(CC(C)C)NC)O)Cl)CO)O)O)(C)N)O
D05606,CN1CC2C(C1)C3=C(C=CC(=C3)Cl)OC4=CC=CC=C24.C(=CC(=O)O)C(=O)O
D05607,CN(C)CCC(C1=CC=C(C=C1)Br)C2=CC=CC=N2
D05608,CCN1CCN(C(=O)C1=O)C(=O)NC(C2=CC=CC=C2)C(=O)NC3C4N(C3=O)C(C(S4)(C)C)C(=O)O
D05609,C1=CC(=CC=C1CC(C(=O)O)N)O
D05610,CCN(CC)CC(=O)NC1=C(C=CC=C1C)C
D05611,CN(C)CCN(CC1=CC=C(C=C1)Cl)C2=CC=CC=N2
D05612,CC1=NC=C2N1C3=C(C=C(C=C3)Cl)C(=NC2)C4=CC=CC=C4F
D05613,CCN(CC)C(C)C(=O)C1=CC=CC=C1
D05614,CCN(CC)CCOC(=O)C1=C(C=C(C=C1)N)Cl
D05615,CCC1C(C(C(N(CC(CC(C(C(C(C(C(=O)O1)C)OC2CC(C(C(O2)C)O)(C)OC)C)OC3C(C(CC(O3)C)N(C)C)O)(C)O)C)C)C)O)(C)O
D05616,CN1C(=NN=N1)SCC2=C(N3C(C(C3=O)(NC(=O)CSCC#N)OC)SC2)C(=O)O
D05617,C1CCN(CC1)CCCC(C2=CC=CC=C2)(C3=CC=CC=C3)O
D05618,CCOC1=CC(=C(C=C1C(=O)NC2CCN(CC2)CC3CCC=CC3)[N+](=O)[O-])N
D05619,CC(C)CCCC(C)C1CCC2C1(CCCC2=CC=C3CC(CCC3=C)O)C
D05620,C(CN(CC(=O)O)CC(=O)[O-])N(CCN(CC(=O)O)CC(=O)[O-])CC(=O)[O-].[Gd+3]
D05621,CC(=O)OC1C=CC2C3CC4=C5C2(C1OC5=C(C=C4)OC(=O)C)CCN3C
D05622,C1=CC(=CC=C1C(C(CO)NC(=O)C(Cl)Cl)O)[N+](=O)[O-]
D05623,C1C2CC3CC(CC1N3CC2=O)OC(=O)C4=CNC5=CC=CC=C54
D05624,CCC(CC)OC1C=C(CC(C1NC(=O)C)N)C(=O)OCC
D05625,C1=CC(=C(C(=C1)Cl)Cl)C2=C(N=C(N=N2)N)N
D05626,C1CN=C(N1)NC2=C(C=CC3=NSN=C32)Cl
D05627,CNCCC=C1C2=CC=CC=C2CCC3=CC=CC=C31
D05628,C1CN(CCN1)C2=NC3=CC=CC=C3OC4=C2C=C(C=C4)Cl
D05629,CCN(CC)CC(=O)OCC(=O)C1(CCC2C1(CC(C3C2CCC4=CC(=O)CCC34C)O)C)O
D05630,CC(O)(P(=O)(O)O)P(=O)(O)O
D05631,CC(=O)OCC1=C(N2C(C(C2=O)NC(=O)CC#N)SC1)C(=O)O
D05632,CC1=CC2=C(C=C1C)N(C3=NC(=O)NC(=O)C3=N2)CC(C(C(COP(=O)(O)OP(=O)(O)OCC4C(C(C(O4)N5C=NC6=C(N=CN=C65)N)O)O)O)O)O
D05633,CN1C(=NN=N1)SCC2=C(N3C(C(C3=O)(NC(=O)CSCC#N)OC)SC2)C(=O)O
D05634,CN1CCN(CC1)CCCOC2=C(C=C3C(=C2)N=CC(=C3NC4=CC(=C(C=C4Cl)Cl)OC)C#N)OC
D05635,CC1=C(C(=O)N(N1C)C2=CC=CC=C2)N(C)C
D05636,CC1CCC(CC1=CC=C2CCCC3(C2CCC3C(C)C=CC(C)C(C)C)C)O
D05637,CNCCC(C1=CC=CC=C1)OC2=CC=C(C=C2)C(F)(F)F
D05638,CN(C)CCCC1(C2=C(CO1)C=C(C=C2)C#N)C3=CC=C(C=C3)F
D05639,CC(C)OC(=O)C(C)(C)OC1=CC=C(C=C1)C(=O)C2=CC=C(C=C2)Cl
D05640,CN1C2=C(C(=O)N(C1=O)C)NC=N2.CN1C2=C(C(=O)N(C1=O)C)NC=N2.C(CN)N
D05641,CC(C)(C)C(=O)OC1=C(C=C(C=C1)C(CNC)O)OC(=O)C(C)(C)C
D05642,CC1C=CC=C(C(=O)NC2=C(C3=C(C4=C(C(=C3O)C)OC(C4=O)(OC=CC(C(C(C(C(C(C1O)C)O)C)OC(=O)C)C)OC)C)C5=C2N6C=CC(=CC6=N5)C)O)C
D05643,CN(C)CCC(C1=CC=C(C=C1)Br)C2=CC=CC=N2
D05644,CNCCCN1C2=CC=CC=C2CCC3=CC=CC=C31
D05645,CC1=CC(=CC(=C1)OCC2CNC(=O)O2)C
D05646,CCCN(CCC)CCC1=C2CC(=O)NC2=CC=C1
D05647,CC(C1=CC2=CC=CC=C2S1)N(C(=O)N)O
D05648,CCC1(C(=O)C(CNC1=O)C)CC
D05649,CN1CCC23C4C1CC5=C2C(=C(C=C5)O)OC3C(=O)CC4
D05650,C(C1C(C(C(C(O1)O)N)O)O)O
D05651,CC1(OC2CC3C4CC(C5=CC(=O)C=CC5(C4(C(CC3(C2(O1)C(=O)CO)C)O)F)C)F)C
D05652,CN1C2CCC1CC(C2)OC(C3=CC=CC=C3)C4=CC=CC=C4
D05653,CC1=CC(=O)OC2=C1C=C3C=C(OC3=C2C)C
D05654,CN1C=NC2=C1C(=O)N(C(=O)N2C)C
D05655,CCC(=O)N(C1=CC=CC=C1)C2(CCN(CC2)CCC(=O)OC)C(=O)OC
D05656,C1=CC=C(C=C1)CCCCOCCCCCCNCC(C2=CC(=C(C=C2)O)CO)O
D05657,C1CN(CC2=CC=CC=C21)C(=N)N
D05658,CCC(C(C)O)N1C(=O)N(C=N1)C2=CC=C(C=C2)N3CCN(CC3)C4=CC=C(C=C4)OCC5CC(OC5)(CN6C=NC=N6)C7=C(C=C(C=C7)F)F
D05659,CN(C)CCCC1(C2=C(CO1)C=C(C=C2)C#N)C3=CC=C(C=C3)F
D05660,CC1(CCC(C2=C1C=CC(=C2)NC(=O)C3=CC=C(C=C3)C(=O)O)(C)C)C
D05661,CCC1(C(=O)NC(=O)NC1=O)C2=CCCCCC2
D05662,C(CC(=O)NC(CS)C(=O)NCC(=O)O)C(C(=O)O)N
D05663,CCN(CC)C(=O)NC1CN(C2CC3=CNC4=CC=CC(=C34)C2=C1)C
D05664,CC1C2C(C(=O)N2C(=C1SC3CC(NC3)C(=O)NC4=CC=CC(=C4)C(=O)O)C(=O)O)C(C)O
D05665,CC(C)OC(=O)OCOP(=O)(COC(C)CN1C=NC2=C(N=CN=C21)N)OCOC(=O)OC(C)C
D05666,CC1=CC2=C(C=C1C)N(C3=NC(=O)NC(=O)C3=N2)CC(C(C(COP(=O)(O)OP(=O)(O)OCC4C(C(C(O4)N5C=NC6=C(N=CN=C65)N)O)O)O)O)O
D05667,CCCCNC1=CC=C(C=C1)C(=O)OCCOCCOCCOCCOCCOCCOCCOCCOCCOC
D05668,CC1=NN=C2N1C3=C(C=C(C=C3)Cl)C(=NC2)C4=CC=CC=C4
D05669,CN1C(=O)CC(=O)N(C2=C1C=CC(=C2)Cl)C3=CC=CC=C3
D05670,COC1=CC(=C(C=C1)OC)C(CNC(=O)CN)O
D05671,CCOC1=C2C3=C(CC4C5C3(CCN4C)C(O2)C(C=C5)O)C=C1
D05672,CC(=O)OCC(CCN1C=NC2=CN=C(N=C21)N)COC(=O)C
D05673,C1C(SC(=C(C#N)N2C=CN=C2)S1)C3=C(C=C(C=C3)Cl)Cl
D05674,C1CN(CCN1CC=CC2=CC=CC=C2)C(C3=CC=CC=C3)C4=CC=CC=C4
D05675,C1C(C(OC1N2C=C(C(=O)NC2=O)I)CO)O
D05676,CC1=C(C(C(=C(N1)C)C(=O)OCCN(C)CC2=CC=CC=C2)C3=CC(=CC=C3)[N+](=O)[O-])C(=O)OC
D05677,CC#CCN1C2=C(N=C1N3CCCC(C3)N)N(C(=O)N(C2=O)CC4=NC5=CC=CC=C5C(=N4)C)C
D05678,C1CC(NC1)C(=O)O
D05679,CC1=C(C(=NO1)C2=C(C=CC=C2Cl)F)C(=O)NC3C4N(C3=O)C(C(S4)(C)C)C(=O)O
D05680,C1CC(=O)NC2=C1C=CC(=C2)OCCCCN3CCN(CC3)C4=C(C(=CC=C4)Cl)Cl
D05681,CC(=O)OCC(=O)NCCCOC1=CC=CC(=C1)CN2CCCCC2
D05682,CC(C1=CC=C(C=C1)C(=O)C2=CC=CS2)C(=O)O
D05683,CN1CCN(CC1)CCCN2C3=CC=CC=C3SC4=C2C=C(C=C4)Cl
D05684,CC(C1C(=O)NC(CSSCC(C(=O)NC(C(=O)NC(C(=O)NC(C(=O)N1)CCCCN)CC2=CNC3=CC=CC=C32)CC4=CC=CC=C4)NC(=O)C(CC5=CC=CC=C5)N)C(=O)NC(CO)C(C)O)O
D05685,CC1(C(=O)N2C(C(=O)N3CCCC3C2(O1)O)CC4=CC=CC=C4)NC(=O)C5CN(C6CC7=CNC8=CC=CC(=C78)C6=C5)C
D05686,C1CN(CC1C(C2=CC=CC=C2)(C3=CC=CC=C3)C(=O)N)CCC4=CC5=C(C=C4)OCC5
D05687,C1=CC(=C(C=C1N)C(=O)O)O
D05688,CCCCC1(C(=O)NC(=O)NC1=O)CC
D05689,C1=CC(=C(C=C1OC2=C(C=C(C=C2I)CC(C(=O)[O-])N)I)I)O.C1=C(C=C(C(=C1I)OC2=CC(=C(C(=C2)I)O)I)I)CC(C(=O)[O-])N.[Na+].[Na+]
D05690,C1CC(=O)NC(=O)C1N2C(=O)C3=C(C2=O)C(=CC=C3)N
D05691,CC1CCC23CCC(=O)C2C1(C(CC(C(C3C)O)(C)C=C)OC(=O)CSC4CC5CCC(C4)N5C)C
D05692,C1=CC(=C(C=C1N)C(=O)O)O
D05693,COC1=C2C(=CC(=C1N3CC4CCCNC4C3)F)C(=O)C(=CN2C5CC5)C(=O)O
D05694,C1=CC=C2C(=C1)C(=NO2)CS(=O)(=O)N
D05695,C1=CC=C(C=C1)C(C2=CC=CC=C2)(C3=CC=CC=C3Cl)N4C=CN=C4
D05696,CN(C)CCC=C1C2=CC=CC=C2SC3=C1C=C(C=C3)Cl
D05697,[Li+]
D05698,COC1=C2C(=CC(=C1N3CC4CCCNC4C3)F)C(=O)C(=CN2C5CC5)C(=O)O
D05699,CCN(CC)C(=O)N1CCN(CC1)C
D05700,C1CCC(CC1)(CC(=O)O)CN
D05701,CC1CC2C3CC(C4=CC(=O)C=CC4(C3C(CC2(C1(C(=O)CO)O)C)O)C)F
D05702,CC1=CC=CC=C1OC(CCNC)C2=CC=CC=C2
D05703,CC1=CC(=NN=C1NCCN2CCOCC2)C3=CC=CC=C3
D05704,CCCC(C)C1(C(=O)NC(=O)NC1=O)CC
D05705,CC(CC1=CC=C(C=C1)O)NCC(C2=CC(=CC(=C2)O)O)O
D05706,CC12CC3CC(C1)(CC(C3)(C2)N)C
D05707,CCN1C=C(C(=O)C2=CC(=C(C=C21)N3CCNCC3)F)C(=O)O
D05708,CCCNC1CCC2=C(C1)SC(=N2)N
D05709,COC1=CC2=C(C=C1C(=O)NCC3CCCN3CC=C)NN=N2
D05710,CC1=C(C(=CC=C1)Cl)NC(=O)C2=CN=C(S2)NC3=CC(=NC(=N3)C)N4CCN(CC4)CCO
D05711,CCC1(C2=C(COC1=O)C(=O)N3CC4=CC5=C(C=CC(=C5CN(C)C)O)N=C4C3=C2)O
D05712,CCN(CC)CCN1C(=O)CN=C(C2=C1C=CC(=C2)Cl)C3=CC=CC=C3F
D05713,CCC1=C2CN3C(=CC4=C(C3=O)COC(=O)C4(CC)O)C2=NC5=C1C=C(C=C5)OC(=O)N6CCC(CC6)N7CCCCC7
D05714,CN1CCC2=C3C1CC4=C(C3=CC=C2)C(=C(C=C4)O)O
D05715,CN1C(=NN=N1)SCC2=C(N3C(C(C3=O)(NC(=O)C4SC(=C(C(=O)N)C(=O)O)S4)OC)SC2)C(=O)O
D05716,CC1OCC2C(O1)C(C(C(O2)OC3C4COC(=O)C4C(C5=CC6=C(C=C35)OCO6)C7=CC(=C(C(=C7)OC)O)OC)O)O
D05717,CC(CN1CCN(CCN(CCN(CC1)CC(=O)[O-])CC(=O)[O-])CC(=O)[O-])O.[Gd+3]
D05718,C(C(C(=O)O)N)C(=O)O
D05719,CCOC(=O)C1=CN=CN1C(C)C2=CC=CC=C2
D05720,CN1C2=C(C(=O)N(C1=O)C)NC=N2
D05721,C1CCC(CC1)NC(=O)N(CCCl)N=O
D05722,CC(CN1C2=CC=CC=C2SC3=C1C=C(C=C3)OC)CN(C)C
D05723,CC1C(C(C(C(O1)OC2C(OC(C(C2O)O)OC(C(CO)O)C(C(C=O)O)O)CO)O)O)NC3C=C(C(C(C3O)O)O)CO
D05724,CCNC(=O)CCCC=CCC1C(CC(C1C=CC(CCC2=CC=CC=C2)O)O)O
D05725,CC12CCC3C(C1CCC2OC(=O)CCC4=CC=CC=C4)CCC5=CC(=O)CCC35
D05726,CC1=CC2=C(S1)NC3=CC=CC=C3N=C2N4CCN(CC4)C
D05727,CC12CCC(=O)C=C1CCC3C2CCC4(C3CCC4(C)O)C
D05728,CC(C(=O)C1=CC(=CC=C1)Cl)NC(C)(C)C
D05729,CCN(CC)C(=O)C(=CC1=CC(=C(C(=C1)O)O)[N+](=O)[O-])C#N
D05730,C1CN(CCC1C2=CN(C3=C2C=C(C=C3)Cl)C4=CC=C(C=C4)F)CCN5CCNC5=O
D05731,CC1C(=O)NC(C(=O)NC(=CNC(=O)N)C(=O)NC(C(=O)NCC(C(=O)N1)N)C2CCNC(=N2)N)CNC(=O)CC(CCCN)N.C1CNC(=NC1C2C(=O)NCC(C(=O)NC(C(=O)NC(C(=O)NC(=CNC(=O)N)C(=O)N2)CNC(=O)CC(CCCN)N)CO)N)N
D05732,CC(=O)C(=O)O
D05733,CC12CCC(=O)C=C1CC(C3C24C(O4)CC5(C3CCC56CCC(=O)O6)C)C(=O)OC
D05734,CC1=CC2=C(C=C1C)N(C3=NC(=O)NC(=O)C3=N2)CC(C(C(COP(=O)(O)OP(=O)(O)OCC4C(C(C(O4)N5C=NC6=C(N=CN=C65)N)O)O)O)O)O
D05735,CCCSC1=NC(=C2C(=N1)N(N=N2)C3CC(C(C3O)O)OCCO)NC4CC4C5=CC(=C(C=C5)F)F
D05736,CC1(C(=O)N(C(=O)N1)C2=CC(=C(C=C2)[N+](=O)[O-])C(F)(F)F)C
D05737,C1=CC(=C(C=C1F)F)C(CN2C=NC=N2)(CN3C=NC=N3)O
D05738,C1CC2=C(C=CC(=C2)Cl)C(=C3CCNCC3)C4=C1C=CC=N4
D05739,CC(C(C(=O)O)N)O
D05740,CCCCC1=C(C2=C(O1)C=CC(=C2)NS(=O)(=O)C)C(=O)C3=CC=C(C=C3)OCCCN(CCCC)CCCC
D05741,C1=C(C(=C(C(=C1Cl)Cl)CC2=C(C(=CC(=C2Cl)Cl)Cl)O)O)Cl
D05742,CCC1(C(=O)NC(=O)NC1=O)C2=CC=CC=C2
D05743,COC1C(CC2CN3CCC4=C(C3CC2C1C(=O)OC)NC5=C4C=CC(=C5)OC)OC(=O)C6=CC(=C(C(=C6)OC)OC)OC
D05744,CC(C1=CC2=CC=CC=C2S1)N(C(=O)N)O
D05745,CCC1(CC2CC(C3=C(CCN(C2)C1)C4=CC=CC=C4N3)(C5=C(C=C6C(=C5)C78CCN9C7C(C=CC9)(C(C(C8N6C)(C(=O)N)O)O)CC)OC)C(=O)OC)O
D05746,CC(C(C1=CC=CC=C1)O)N
D05747,CN1CCC23C=CC(CC2OC4=C(C=CC(=C34)C1)OC)O
D05748,CCCCCCCCCCCCCCCCCC(=O)O[Al].O.O
D05749,CCCCOC1=NC2=CC=CC=C2C(=C1)C(=O)NCCN(CC)CC
D05750,CC12CCCCCC(C1N)CC3=C2C=C(C=C3)O
D05751,C1=CC=C(C=C1)N2C(=O)C(C(=O)N2C3=CC=CC=C3)CCS(=O)C4=CC=CC=C4
D05752,C(C(C1C(=C(C(=O)O1)O)O)O)O
D05753,C[N+]12CCC(CC1)C(C2)OC(=O)C(C3=CC=CC=C3)(C4=CC=CC=C4)O
D05754,CC1=C(C2=C(N1C(=O)C3=CC=C(C=C3)Cl)C=CC(=C2)OC)CC(=O)O
D05755,CC(C[N+](C)(C)C)OC(=O)N
D05756,C1=CC=C2C(=C1)C(=NO2)CS(=O)(=O)N
D05757,CCN(CCCC(C)NC1=C2C=CC(=CC2=NC=C1)Cl)CCO
D05758,C(CC(C(=O)O)N)CN
D05759,C1=CC(=C(C(=C1)F)CN2C=C(N=N2)C(=O)N)F
D05760,C1CC1N2C=C(C(=O)C3=CC(=C(C=C32)N4CCNCC4)F)C(=O)O
D05761,CCOC1=C(C2=CC=CC=C2C=C1)C(=O)NC3C4N(C3=O)C(C(S4)(C)C)C(=O)O
D05762,CC12CCC(=O)C=C1CCC3C2(C(CC4(C3CCC4(C(=O)CO)O)C)O)F
D05763,CC1C=CC=CCCC=CC=CC=CC=CC(CC2C(C(CC(O2)(CC(C(CCC(CC(CC(CC(=O)OC(C(C1O)C)C)O)O)O)O)O)O)O)C(=O)O)OC3C(C(C(C(O3)C)O)N)O
D05764,C1CN(CCN1CC=CC2=CC=CC=C2)C(C3=CC=C(C=C3)F)C4=CC=C(C=C4)F
D05765,CC1CCC(C(C1)O)C(C)C
D05766,C1=CC(=C(C=C1C(CN)O)O)O
D05767,C1CN(CCN1CC=CC2=CC=CC=C2)C(C3=CC=C(C=C3)F)C4=CC=C(C=C4)F
D05768,COC1=C(C=C2C(=C1)C(=NC(=N2)N3CCN(CC3)C(=O)C4=CC=CO4)N)OC
D05769,C1=NC2=NC=NC(=C2N1)N
D05770,CN1CCCC1CC2=CNC3=C2C=C(C=C3)CCS(=O)(=O)C4=CC=CC=C4
D05771,C1C(=O)NC(=O)N1N=CC2=CC=C(O2)[N+](=O)[O-]
D05772,C1CC1C#CC2(C3=C(C=CC(=C3)Cl)NC(=O)O2)C(F)(F)F
D05773,C#CCC(CC1=CN=C2C(=N1)C(=NC(=N2)N)N)C3=CC=C(C=C3)C(=O)NC(CCC(=O)O)C(=O)O
D05774,CCN(CC)C(C)CN1C2=CC=CC=C2SC3=CC=CC=C31
D05775,CC1=CC(=NO1)C(=O)NCCC2=CC=C(C=C2)S(=O)(=O)NC(=O)NN3CCCCCC3
D05776,CC(C1=CC=CC=C1)(C2=CC=C(C=C2)Cl)OCCC3CCCN3C
D05777,C1=CC(=CC=C1NC(=NC(=NCCCCCCN=C(N)N=C(N)NC2=CC=C(C=C2)Cl)N)N)Cl
D05778,CC(C)(C)C(=O)OC1=C(C=C(C=C1)C(CNC)O)OC(=O)C(C)(C)C
D05779,CNCCC=C1C2=CC=CC=C2CCC3=CC=CC=C31
D05780,CC1=CC2=C(C=C1C)N(C3=NC(=O)NC(=O)C3=N2)CC(C(C(COP(=O)(O)OP(=O)(O)OCC4C(C(C(O4)N5C=NC6=C(N=CN=C65)N)O)O)O)O)O
D05781,C1=CC(=CC=C1CC(C(=O)O)N)N(CCCl)CCCl
D05782,COC(=O)C1C(CCC2C1CC3C4=C(CCN3C2)C5=CC=CC=C5N4)O
D05783,COC1=C(N=CN=C1OC)NS(=O)(=O)C2=CC=C(C=C2)N
D05784,CC(C)CN(CC(C(CC1=CC=CC=C1)NC(=O)OC2COC3C2CCO3)O)S(=O)(=O)C4=CC=C(C=C4)N
D05785,CCC1(CC(=O)NC1=O)C
D05786,CC1=CNN=C1
D05787,C1C2C3=CC=CC=C3CC4=CC=CC=C4N2C(=N1)N
D05788,CCOC(=O)C1=C2CN(C(=O)C3=C(N2C=N1)C=CC(=C3)F)C
D05789,CC1=C(C(CCC1)(C)C)C=CC(=CC=CC(=CC(=O)O)C)C
D05790,CN1CCN(CC1)C(=O)OC2C3=NC=CN=C3C(=O)N2C4=NC=C(C=C4)Cl
D05791,CCCNS(=O)(=O)NC1=C(C(=NC=N1)OCCOC2=NC=C(C=N2)Br)C3=CC=C(C=C3)Br
D05792,CC(CC1=CC=CC=C1)N
D05793,C1C[N+]2(CCC1C(C2)OC(=O)C(C3=CC=CS3)(C4=CC=CS4)O)CCCOC5=CC=CC=C5
D05794,C1=CC(=CC(=C1)C(F)(F)F)C(=NOCCCCC(=O)O)C2=CN=CC=C2
D05795,CN1C(=O)CN=C(C2=C1C=CC(=C2)Cl)C3=CC=CC=C3
D05796,CCN(CC)C(=O)NC1CN(C2CC3=CNC4=CC=CC(=C34)C2=C1)C
D05797,CON=C1CN(CC1CN)C2=C(C=C3C(=O)C(=CN(C3=N2)C4CC4)C(=O)O)F
D05798,C(C(C(=O)O)N)SSCC(C(=O)O)N
D05799,CC1=NN=C2N1C3=C(C=C(C=C3)Cl)C(=NC2)C4=CC=CC=C4Cl
D05800,CNCCC=C1C2=CC=CC=C2CCC3=CC=CC=C31
D05801,CCC1=CC2=C(S1)N(C(=O)CN=C2C3=CC=CC=C3Cl)C
D05802,C1=CC(=CC=C1C2C(C(=O)N2C3=CC=C(C=C3)F)CCC(C4=CC=C(C=C4)F)O)O
D05803,C1C[N+]2(CCC1C(C2)OC(=O)C(C3=CC=CS3)(C4=CC=CS4)O)CCCOC5=CC=CC=C5
D05804,CC(C(=O)O)N
D05805,C1=CC2=C(C=C1OC(F)(F)F)SC(=N2)N
D05806,C[N+](C)(C)CCO.C1=CC=C(C(=C1)C(=O)O)[O-].C1=CC=C(C(=C1)C(=O)O)[O-].C1=CC=C(C(=C1)C(=O)O)[O-].[Mg+2]
D05807,C(CN(CC(=O)O)CC(=O)[O-])N(CCN(CC(=O)O)CC(=O)[O-])CC(=O)[O-].[Gd+3]
D05808,CCN1CC(C(C1=O)(C2=CC=CC=C2)C3=CC=CC=C3)CCN4CCOCC4
D05809,CC1=CC(=C(C=C1)C)OCCCC(C)(C)C(=O)O
D05810,CC1=C2C(C(=O)C3(C(CC4C(C3C(C(C2(C)C)(CC1OC(=O)C(C(C5=CC=CC=C5)NC(=O)OC(C)(C)C)O)O)OC(=O)C6=CC=CC=C6)(CO4)OC(=O)C)O)C)O
D05811,COC1=C(C=CC(=C1)NS(=O)(=O)C)NC2=C3C=CC=CC3=NC4=CC=CC=C42
D05812,CNCC(C1=CC(=C(C=C1)O)O)O
D05813,CCON=C(C1=NSC(=N1)NP(=O)(O)O)C(=O)NC2C3N(C2=O)C(=C(CS3)SC4=NC(=CS4)C5=CC=[N+](C=C5)C)C(=O)[O-]
D05814,CN1C(=O)CN=C(C2=C1C=CC(=C2)Cl)C3=CC=CC=C3
D05815,C1C(C(OC1N2C=C(C(=O)NC2=O)I)CO)O
D05816,CC1(C(N2C(S1)C(C2=O)NC(=O)C(C3=CC=CC=C3)N=[N+]=[N-])C(=O)O)C
D05817,B(C(CC(C)C)NC(=O)C(CC1=CC=CC=C1)NC(=O)C2=NC=CN=C2)(O)O
D05818,CCC(=O)C1=CC2=C(C=C1)SC3=CC=CC=C3N2CC(C)N(C)C
D05819,C1=NC(=C2C(=N1)N(C=N2)C3C(C(C(O3)COP(=O)(O)O)O)O)N
D05820,CC(=O)C(=O)O
D05821,CN(C)CCC(C1=CC=C(C=C1)Cl)C2=CC=CC=N2
D05822,CN(C)CCC=C1C2=CC=CC=C2SC3=C1C=C(C=C3)Cl
D05823,CC1=CC2=C(C=C1C(=C)C3=CC=C(C=C3)C(=O)O)C(CCC2(C)C)(C)C
D05824,CN1CC2C(C1)C3=C(C=CC(=C3)Cl)OC4=CC=CC=C24.C(=CC(=O)O)C(=O)O
D05825,CC1=C(N2C(C(C2=O)NC(=O)C(C3=CC=C(C=C3)O)N)SC1)C(=O)O
D05826,CCC1(C(=O)NCNC1=O)C2=CC=CC=C2
D05827,CC(=O)NC(CS)C(=O)O
D05828,C(C(C(=O)O)N)S
D05829,C1=CC(=CC(=C1)I)CN=C(N)N
D05830,CC(C(=O)O)N
D05831,CCOP(=O)(OCC)SCC[N+](C)(C)C
D05832,CCNC(=O)N(CCCN(C)C)C(=O)C1CC2C(CC3=CNC4=CC=CC2=C34)N(C1)CC=C
D05833,CC(CC1=CC(=C(C=C1)O)O)C(C)CC2=CC(=C(C=C2)O)O
D05834,CCN1CCCC1CNC(=O)C2=C(C=CC(=C2OC)Br)OC
D05835,CN1CCCC1C2=CN=CC=C2
D05836,CN1CCCCC1CCN2C3=CC=CC=C3SC4=C2C=C(C=C4)SC
D05837,CC(C)(C)C(=O)OCOP(=O)(COCCN1C=NC2=C(N=CN=C21)N)OCOC(=O)C(C)(C)C
D05838,CNCCC=C1C2=CC=CC=C2CCC3=CC=CC=C31
D05839,CC(C)CC1(C(=O)NC(=O)NC1=O)CC=C
D05840,CC(=O)NC(CS)C(=O)O
D05841,C1=C(C(=C(C(=C1Cl)Cl)CC2=C(C(=CC(=C2Cl)Cl)Cl)O)O)Cl
D05842,C1CC(N(C1)C(=O)C2CSSCC(C(=O)NC(C(=O)NC(C(=O)NC(C(=O)NC(C(=O)N2)CC(=O)N)CCC(=O)N)CC3=CC=CC=C3)CC4=CC=C(C=C4)O)NC(=O)CNC(=O)CNC(=O)CN)C(=O)NC(CCCCN)C(=O)NCC(=O)N
D05843,C1CN(CCC1(C2=CC=C(C=C2)Cl)O)CCCC(=O)C3=CC=C(C=C3)F
D05844,C1=CN=CC=C1N
D05845,CON=C(C1=CSC(=N1)N)C(=O)NC2C3N(C2=O)C(=CCS3)C(=O)O
D05846,CC1=NN=C2N1C3=C(C=C(C=C3)Cl)C(=NC2)C4=CC=CC=C4
D05847,C1CC(CCC1CN)C(=O)O
D05848,CN=C1CN(C(=C2C=C(C=CC2=N1)Cl)C3=CC=CC=C3)O
D05849,C1CCN(CC1)CCCC(C2=CC=CC=C2)(C3=CC=CC=C3)O
D05850,COC(C(Cl)Cl)(F)F
D05851,CC1(C(N2C(S1)C(C2=O)NC(=O)COC3=CC=CC=C3)C(=O)O)C
D05852,CC(=O)OCC1=C(N2C(C(C2=O)NC(=O)CC3=CC=CS3)SC1)C(=O)O
D05853,C1C(C(OC1N2C=C(C(=O)NC2=O)F)CO)O
D05854,CC(C)[N+]1(C2CCC1CC(C2)OC(=O)C(CO)C3=CC=CC=C3)C
D05855,CCC(C)CCCCC(=O)NC(CCN)C(=O)NC(C(C)O)C(=O)NC(CCN)C(=O)NC1CCNC(=O)C(NC(=O)C(NC(=O)C(NC(=O)C(NC(=O)C(NC(=O)C(NC1=O)CCN)CC2=CC=CC=C2)CC(C)C)CCN)CCN)C(C)O
D05856,CC(=O)NCCC1=CC=CC2=C1C=C(C=C2)OC
D05857,C1=CC=C(C=C1)CC2NC3=C(C=C(C(=C3)C(F)(F)F)S(=O)(=O)N)S(=O)(=O)N2
D05858,CNCC(C1=CC(=C(C=C1)O)O)O
D05859,C1CCC(CC1)C(CCN2CCCC2)(C3=CC=CC=C3)O
D05860,CCC(C)C(C(=O)O)N
D05861,CCCNS(=O)(=O)NC1=C(C(=NC=N1)OCCOC2=NC=C(C=N2)Br)C3=CC=C(C=C3)Br
D05862,CC(C)CC1C(=O)N2CCCC2C3(N1C(=O)C(O3)(C(C)C)NC(=O)C4CN(C5CC6=C(NC7=CC=CC(=C67)C5=C4)Br)C)O
D05863,CC(=O)OC1=CC=CC=C1C(=O)O
D05864,C1=CC(=CC=C1C2C(C(=O)N2C3=CC=C(C=C3)F)CCC(C4=CC=C(C=C4)F)O)O
D05865,CC1CC2(C(CCC3C2CCC4(C3CCC4O)C)CC1=O)C
D05866,COCCOCC(CC1(CCCC1)C(=O)NC2CCC(CC2)C(=O)O)C(=O)OC3=CC4=C(CCC4)C=C3
D05867,CC12CC3CC(C1)(CC(C3)(C2)N)C
D05868,C1=CC(=CC=C1CC(C(=O)O)N)O
D05869,CCOCCN1C2=CC=CC=C2N=C1N3CCCN(CC3)C
D05870,CC(C)(C)NCC(COC1=CC=CC2=C1CCC(=O)N2)O
D05871,CC1C=CC=C(C(=O)N=C2C(=C3C(=C4C2=NC5(N4)CCN(CC5)CC(C)C)C6=C(C(=C3O)C)OC(C6=O)(OC=CC(C(C(C(C(C(C1O)C)O)C)OC(=O)C)C)OC)C)O)C
D05872,CC1=NC=C2N1C3=C(C=C(C=C3)Cl)C(=NC2)C4=CC=CC=C4F
D05873,C(CC(=O)O)CO
D05874,C1CCC(CC1)(CC(=O)O)CN
D05875,CC(C)(C)C(=O)OC1=C(C=C(C=C1)C(CNC)O)OC(=O)C(C)(C)C
D05876,CC1=CC2=C(S1)NC3=CC=CC=C3N=C2N4CCN(CC4)C
D05877,CN1CCN2C(C1)C3=CC=CC=C3CC4=CC=CC=C42
D05878,CN1CCC23CCCCC2C1CC4=C3C=C(C=C4)OC
D05879,CC12CCC3C(C1CCC2(C#C)O)CCC4=C3C=CC(=C4)OC
D05880,CC(CC1=CC=CC=C1)N
D05881,CN(CCC1=CC=C(C=C1)NS(=O)(=O)C)CCOC2=CC=C(C=C2)NS(=O)(=O)C
D05882,CC(C)CC(C(=O)O)N
D05883,C1CC(N(C1)C(=O)C2CSSCCC(=O)NC(C(=O)NC(C(=O)NC(C(=O)NC(C(=O)N2)CC(=O)N)CCC(=O)N)CC3=CC=CC=C3)CC4=CC=C(C=C4)O)C(=O)NC(CCCN=C(N)N)C(=O)NCC(=O)N
D05884,CCC1=C(C(=NC(=N1)N)N)C2=CC=C(C=C2)Cl
D05885,CC1CC=CC=CC=CC=CC(CC2C(C(CC(O2)(CC(CC3C(O3)C=CC(=O)O1)O)O)O)C(=O)O)OC4C(C(C(C(O4)C)O)N)O
D05886,C1C(=O)NC2=C(C=C(C=C2)Br)C(=N1)C3=CC=CC=N3
D05887,C1CC(N(C1)C(=O)CNC23CC4CC(C2)CC(C4)(C3)O)C#N
D05888,C1CN(CCN1CCC2=C(C=C3C(=C2)CC(=O)N3)Cl)C4=NSC5=CC=CC=C54
D05889,CC1=CC(=C(C=C1)Cl)OCC(CNC(C)(C)C)O
D05890,CC(C)CCCC(C)C1CCC2C1(CCCC2=CC=C3CC(CCC3=C)O)C
D05891,CC12CCC(=O)C=C1C3CC3C4C2CCC5(C4C6CC6C57CCC(=O)O7)C
D05892,CN1CCCC(C1)CC2C3=CC=CC=C3SC4=CC=CC=C24
D05893,CCC1(C(=O)NC(=O)NC1=O)C2=CCCCCC2
D05894,C1CC2=C(C=CC(=C2)F)OC1C(CNCC(C3CCC4=C(O3)C=CC(=C4)F)O)O
D05895,C(C(OC(F)F)(F)F)(F)Cl
D05896,CCOC(=O)NC1=C(C=C(C=C1)NCC2=CC=C(C=C2)F)N
D05897,CN1CCC(C1)CN2C3=CC=CC=C3SC4=CC=CC=C42
D05898,CC1=C(C=CC2=C1OC(=O)C(=C2O)NC(=O)C3=CC(=C(C=C3)O)CC=C(C)C)OC4C(C(C(C(O4)(C)C)OC)OC(=O)N)O
D05899,CN1CCC(=C2C3=C(C(=O)CC4=CC=CC=C42)SC=C3)CC1
D05900,CCC(C)C1C(CCC2(O1)CC3CC(O2)CC=C(C(C(C=CC=C4COC5C4(C(C=C(C5O)C)C(=O)O3)O)C)OC6CC(C(C(O6)C)OC7CC(C(C(O7)C)O)OC)OC)C)C.CC1CCC2(CC3CC(O2)CC=C(C(C(C=CC=C4COC5C4(C(C=C(C5O)C)C(=O)O3)O)C)OC6CC(C(C(O6)C)OC7CC(C(C(O7)C)O)OC)OC)C)OC1C(C)C
D05901,CC1=CC(=CC=C1)N(C)C(=S)OC2=CC3=CC=CC=C3C=C2
D05902,CN(C)C1C2CC3CC4=C(C=CC(=C4C(=C3C(=O)C2(C(=C(C1=O)C(=O)N)O)O)O)O)N(C)C
D05903,C1CC(OC1CO)N2C=CC(=NC2=O)N
D05904,CCCCCCCCCCNCCNC1(CC(OC(C1O)C)OC2C(C(C(OC2OC3=C4C=C5C=C3OC6=C(C=C(C=C6)C(C(C(=O)NC(C(=O)NC5C(=O)NC7C8=CC(=C(C=C8)O)C9=C(C(=C(C=C9C(NC(=O)C(C(C1=CC(=C(O4)C=C1)Cl)O)NC7=O)C(=O)O)O)CNCP(=O)(O)O)O)CC(=O)N)NC(=O)C(CC(C)C)NC)O)Cl)CO)O)O)C
D05905,CC1=CC2=C(S1)NC3=CC=CC=C3N=C2N4CCN(CC4)C
D05906,CC1CC2(C(CCC3C2CCC4(C3CCC4O)C)CC1=O)C
D05907,CCN1C=C(C(=O)C2=C1C=C(C=C2)C3=CC=NC=C3)C(=O)O
D05908,CCOC(=O)C1=C(NC(=C(C1C2=CC(=CC=C2)[N+](=O)[O-])C(=O)OC)C)C
D05909,CCC1(C(=O)NCNC1=O)C2=CC=CC=C2
D05910,CCC(C(C1=C2C=CC(=O)NC2=C(C=C1)O)O)NC(C)C
D05911,C(C(=O)O)N
D05912,CC(=O)NC1C(C=C(OC1C(C(CO)O)O)C(=O)O)N=C(N)N
D05913,CCOC(=O)C(CCC1=CC=CC=C1)NC2CCC3=CC=CC=C3N(C2=O)CC(=O)O
D05914,C1C2C(C(S1)CCCCC(=O)O)NC(=O)N2
D05915,COC1=C(C=C2C(=C1)C(=NC(=N2)N3CCN(CC3)C(=O)C4=CC=CO4)N)OC
D05916,CCOC1=C2C3=C(CC4C5C3(CCN4C)C(O2)C(C=C5)O)C=C1
D05917,CNCCCN1C2=CC=CC=C2CCC3=CC=CC=C31
D05918,CC1CN(CCC1(C)C2=CC(=CC=C2)O)CC(CC3=CC=CC=C3)C(=O)NCC(=O)O
D05919,C(C(F)(F)F)(OC(F)F)F
D05920,CS(=O)(=O)C1=CC(=C(C=C1)C(=O)NC2=CC(=C(C=C2)Cl)C3=CC=CC=N3)Cl
D05921,CCN(CC1=CC=NC=C1)C(=O)C(CO)C2=CC=CC=C2
D05922,CCCCN(CCCC)CCC(C1=C2C=CC(=CC2=C3C=C(C=C(C3=C1)Cl)Cl)C(F)(F)F)O
D05923,CN1CCCC1CC2=CNC3=C2C=C(C=C3)CCS(=O)(=O)C4=CC=CC=C4
D05924,CC(CCCC(C)(C)O)C1CCC2C1(CCCC2=CC=C3CC(CC(C3=C)O)O)C
D05925,C1C2=NN=CN2C3=C(C=C(C=C3)Cl)C(=N1)C4=CC=CC=C4
D05926,CC(C)OP(=O)(OC(C)C)F
D05927,C1CN(CCN1CCC2=C(C=C3C(=C2)CC(=O)N3)Cl)C4=NSC5=CC=CC=C54
D05928,CCN1C=C(C(=O)C2=C1N=C(C=C2)C)C(=O)O
D05929,C1CCC(CC1)(CC(=O)O)CN
D05930,CCCNCC(COC1=CC=CC=C1C(=O)CCC2=CC=CC=C2)O
D05931,CCC(=O)OC(C(C)C)OP(=O)(CCCCC1=CC=CC=C1)CC(=O)N2CC(CC2C(=O)O)C3CCCCC3
D05932,CC(=O)N(CC(CO)O)C1=C(C(=C(C(=C1I)C(=O)NCC(CO)O)I)C(=O)NCC(CO)O)I
D05933,CCC(=O)N(C1=CC=CC=C1)C2(CCN(CC2)CCC(=O)OC)C(=O)OC
D05934,CC12CC3CC(C1)(CC(C3)(C2)N)C
D05935,CCC1(C(=O)NC(=O)NC1=O)C2=CC=CC=C2
D05936,CC1=CC(=CC=C1)NC2=C(C=NC=C2)S(=O)(=O)NC(=O)NC(C)C
D05937,CN1C=NC2=C1C(=O)N(C(=O)N2C)C
D05938,CC(C[N+](C)(C)C)OC(=O)C
D05939,CN1CCN(CC1)C(=O)OC2C3=NC=CN=C3C(=O)N2C4=NC=C(C=C4)Cl
D05940,CC=CCC=CCCC(=O)C1C(O1)C(=O)N
D05941,CC1=C(C(C(=C(N1)C)C(=O)OCC(C)C)C2=CC=CC=C2[N+](=O)[O-])C(=O)OC
D05942,CC(C)C1=C(C(=CC=C1)C(C)C)O
D05943,CC[PH+](CC)CC.CC(=O)OCC1C(C(C(C(O1)[S-])OC(=O)C)OC(=O)C)OC(=O)C.[Au]
D05944,C1CC(=O)NC(=O)C1N2CC3=C(C2=O)C=CC=C3N
D05945,CCC1(C(=O)C(CNC1=O)C)CC
D05946,CCOP(=O)(OCC)SCC[N+](C)(C)C
D05947,C(C(F)(F)F)(Cl)Br
D05948,C1=CC=C(C=C1)C2C(=O)C3=CC=CC=C3C2=O
D05949,C(CC(C(=O)O)N)CN=C(N)N
D05950,C1C(=O)NC2=C(C=C(C=C2)[N+](=O)[O-])C(=N1)C3=CC=CC=C3Cl
D05951,CN(C)C1C2CC3CC4=C(C=CC(=C4C(=C3C(=O)C2(C(=C(C1=O)C(=O)N)O)O)O)O)N(C)C
D05952,CN(C)CCN1C(=NN=N1)SCC2=C(N3C(C(C3=O)NC(=O)CC4=CSC(=N4)N)SC2)C(=O)O
D05953,C1=CC=C(C=C1)C2=NC(C(=O)NC3=C2C=C(C=C3)Cl)O
D05954,CC(=O)OC1C(SC2=CC=CC=C2N(C1=O)CCN(C)C)C3=CC=C(C=C3)OC
D05955,C1CN(CCC1C2=CN(C3=C2C=C(C=C3)Cl)C4=CC=C(C=C4)F)CCN5CCNC5=O
D05956,C1=CC(=C(C=C1Cl)Cl)C(CN2C=CN=C2)OCC3=C(SC=C3)Cl
D05957,CC(C(C1=CC=CC=C1)O)NC
D05958,CC1=NN=C(N1C2CC3CCC(C2)N3CCC(C4=CC=CC=C4)NC(=O)C5CCC(CC5)(F)F)C(C)C
D05959,C[N+](C)(C)CC(CC(=O)[O-])O
D05960,CCN(C1=CC=CC=C1C)C(=O)C=CC
D05961,CN1CCN(CC1)C2=NC3=CC=CC=C3OC4=C2C=C(C=C4)Cl
D05962,CC(C)C1(C(=O)NC(=O)NC1=O)CC=C
D05963,CC1C(C(C(C(O1)OC2C(OC(C(C2O)O)OC(C(CO)O)C(C(C=O)O)O)CO)O)O)NC3C=C(C(C(C3O)O)O)CO
D05964,CC1CC2=CC=CC=C2N1NC(=O)C3=CC(=C(C=C3)Cl)S(=O)(=O)N
D05965,C1=CC=C(C=C1)CCNN
D05966,CN(CCCCCCCCCCN(C)C(=O)OC1=CC=CC(=C1)[N+](C)(C)C)C(=O)OC2=CC=CC(=C2)[N+](C)(C)C
D05967,CC(CC1CCCCC1)NC
D05968,CCC12CCC3C(C1CCC2(C#C)O)CCC4=CC(=NO)CCC34
D05969,CC1=CC(=O)C2=CC=CC=C2C1=O
D05970,COC(=O)CCC(=O)CN
D05971,CC1=C(C(=NO1)C2=C(C=CC=C2Cl)Cl)C(=O)NC3C4N(C3=O)C(C(S4)(C)C)C(=O)O
D05972,CCC(=O)C1(C(CC2C1(CC(C3C2CCC4=CC(=O)C=CC34C)O)C)C)C
D05973,CN(C)CCCN1C2=CC=CC=C2CCC3=CC=CC=C31
D05974,CC(=O)OC1CC2CCC3C(C2(CC1N4CCCCC4)C)CCC5(C3CC(C5OC(=O)C)[N+]6(CCCCC6)C)C
D05975,C1=NC(=C2C(=N1)N(C=N2)C3C(C(C(O3)COP(=O)(O)O)O)O)N
D05976,CN1CCCC(C1)CC2C3=CC=CC=C3SC4=CC=CC=C24
D05977,CC(=O)OCC1=C(N2C(C(C2=O)NC(=O)C(=NOC)C3=CSC(=N3)N)SC1)C(=O)O
D05978,CCCC(C)C1(C(=O)NC(=O)NC1=O)CC
D05979,C[N+]1(CCCC1)CCCCC[N+]2(CCCC2)C
D05980,C1CN(CCC1OC(C2=CC=C(C=C2)Cl)C3=CC=CC=N3)CCCC(=O)O
D05981,CCOC(=O)C(CCC1=CC=CC=C1)NC(C)C(=O)N2CC3=CC=CC=C3CC2C(=O)O
D05982,C1C(C2C(O1)C(CO2)O[N+](=O)[O-])O
D05983,C1C(C(OC1N2C=C(C(=O)NC2=O)I)CO)O
D05984,CC1=C(SC=[N+]1CC2=CN=C(N=C2N)C)CCO
D05985,CCN(CC)CC(=O)OCC(=O)C1(CCC2C1(CC(C3C2CCC4=CC(=O)CCC34C)O)C)O
D05986,CC1C(C(CC(O1)OC2CCC3(C(C2)CCC4C3CC(C5(C4(CCC5C6=CC(=O)OC6)O)C)O)C)O)OC7CC(C(C(O7)C)OC8CC(C(C(O8)C)OC9C(C(C(C(O9)CO)O)O)O)O)O
D05987,C1CN(CCN1CCOCCO)C2=NC3=CC=CC=C3SC4=CC=CC=C42
D05988,CN(C)CCOC(C1=CC=CC=C1)C2=CC=C(C=C2)Br
D05989,C1CCC(C(C1)CN2CCN(CC2)C3=NSC4=CC=CC=C43)CN5C(=O)C6C7CCC(C7)C6C5=O
D05990,CCN(CC)CCOC(=O)C1(CCCCC1)C2CCCCC2
D05991,CN1C(=O)CN=C(C2=C1C=CC(=C2)Cl)C3=CC=CC=C3
D05992,C1CN(CCN1CCOCCO)C(C2=CC=CC=C2)C3=CC=C(C=C3)Cl
D05993,CCC1(C(=O)NC(=O)NC1=O)C2=CC=CC=C2
D05994,CC1=C(C(=O)N2CCCC(C2=N1)O)CCN3CCC(CC3)C4=NOC5=C4C=CC(=C5)F
D05995,CCOC(=O)C1=C(NC(=C(C1C2=CC=CC=C2Cl)C(=O)OC)C)COCCN
D05996,CC1=CN=C(C(=C1OC)C)CS(=O)C2=NC3=C(N2)C=C(C=C3)OC
D05997,CC1CC2C3CC(C4=CC(=O)C=CC4(C3(C(CC2(C1C(=O)CO)C)O)Cl)C)F
D05998,C1=CC2=C(C(=C1)OCC(COC3=CC=CC4=C3C(=O)C=C(O4)C(=O)O)O)C(=O)C=C(O2)C(=O)O
D05999,CN(C)CCCC1(C2=C(CO1)C=C(C=C2)C#N)C3=CC=C(C=C3)F
D06000,CN(CCCl)CCCl
D06001,CCC(=O)C1=CC2=C(C=C1)SC3=CC=CC=C3N2CC(C)N(C)C
D06002,CC12CCC3C(C1CCC2=O)CCC4=C3C=CC(=C4)OS(=O)(=O)O
D06003,CN1CCC23CCCCC2C1CC4=C3C=C(C=C4)OC
D06004,C(C(C(C(C(CO)O)O)O)O)O
D06005,C1CCC2CN(CC2C1)C(=O)CC(CC3=CC=CC=C3)C(=O)O
D06006,CN1C(=NN=N1)SCC2=C(N3C(C(C3=O)(NC(=O)CSCC#N)OC)SC2)C(=O)O
D06007,CCC12CCC3C(C1CCC2(C#C)O)CCC4=CC(=NO)CCC34
D06008,CCN1C2=CC3=C(C=C2C(=O)C(=N1)C(=O)O)OCO3
D06009,C1=CC(=CC=C1COC(CN2C=CN=C2)C3=C(C=C(C=C3)Cl)Cl)Cl
D06010,C[N+]1=CC=CC=C1C=NO
D06011,C1C(C(=O)NO1)N
D06012,C(C1C(C(C(C(O1)OC2(C(C(C(O2)CO)O)O)COC3(C(C(C(O3)CO)O)O)COC4(C(C(C(O4)CO)O)O)COC5(C(C(C(O5)CO)O)O)COC6(C(C(C(O6)CO)O)O)COC7(C(C(C(O7)CO)O)O)COC8(C(C(C(O8)CO)O)O)COC9(C(C(C(O9)CO)O)O)COC1(C(C(C(O1)CO)O)O)COC1(C(C(C(O1)CO)O)O)COC1(C(C(C(O1)CO)O)O)COC1(C(C(C(O1)CO)O)O)COC1(C(C(C(O1)CO)O)O)COC1(C(C(C(O1)CO)O)O)COC1(C(C(C(O1)CO)O)O)COC1(C(C(C(O1)CO)O)O)COC1(C(C(C(O1)CO)O)O)COC1(C(C(C(O1)CO)O)O)COC1(C(C(C(O1)CO)O)O)COC1(C(C(C(O1)CO)O)O)COC1(C(C(C(O1)CO)O)O)COC1(C(C(C(O1)CO)O)O)COC1(C(C(C(O1)CO)O)O)COC1(C(C(C(O1)CO)O)O)COC1(C(C(C(O1)CO)O)O)COC1(C(C(C(O1)CO)O)O)COC1(C(C(C(O1)CO)O)O)COC1(C(C(C(O1)CO)O)O)COC1(C(C(C(O1)CO)O)O)COC1(C(C(C(O1)CO)O)O)COC1(C(C(C(O1)CO)O)O)COC1(C(C(C(O1)CO)O)O)COC1(C(C(C(O1)CO)O)O)COC1(C(C(C(O1)CO)O)O)COC1(C(C(C(O1)CO)O)O)COC1(C(C(C(O1)CO)O)O)COC1(C(C(C(O1)CO)O)O)CO)O)O)O)O
D06013,CNCCC=C1C2=CC=CC=C2CCC3=CC=CC=C31
D06014,C1C(OC(S1)CO)N2C=C(C(=NC2=O)N)F
D06015,CN1CCN(CC1)C2=NC3=C(C=CC(=C3)Cl)NC4=CC=CC=C42
D06016,CC(C)OC(=O)C(C)NP(=O)(OCC1C(C(C(O1)N2C=CC(=O)NC2=O)(C)F)O)OC3=CC=CC=C3
D06017,C(C(C(=O)O)N)O
D06018,CC1=CC2=C(C=C1C)N(C3=NC(=O)NC(=O)C3=N2)CC(C(C(CO)O)O)O
D06019,CCOC(=O)C1=C(NC(=C(C1C2=C(C(=CC=C2)Cl)Cl)C(=O)OC)C)C
D06020,CC(C1=CC2=C(C=C1)C=C(C=C2)OC)C(=O)O
D06021,C(C(C(=O)O)N)C(=O)O
D06022,CCC(=O)N(C1=CC=CC=C1)C2(CCN(CC2)CCN3C(=O)N(N=N3)CC)COC
D06023,CCC1(C(=O)NC(=O)N(C1=O)C)C2=CC=CC=C2
D06024,C1=CC(=CC(=C1)C(F)(F)F)C(=NOCCCCC(=O)O)C2=CN=CC=C2
D06025,CN1CCC23CCCCC2C1CC4=C3C=C(C=C4)OC
D06026,C1CN(CC1C(C2=CC=CC=C2)(C3=CC=CC=C3)C(=O)N)CCC4=CC5=C(C=C4)OCC5
D06027,CCCN(CCC1=CC=CS1)C2CCC3=C(C2)C=CC=C3O
D06028,CCC(CC1=C(C(=C(C=C1I)I)N)I)C(=O)O
D06029,CCOC(=O)C1=C(NC(=C(C1C2=C(C(=CC=C2)Cl)Cl)C(=O)OC)C)C
D06030,CN(C)CCOC1=CC=C(C=C1)CNC(=O)C2=CC(=C(C(=C2)OC)OC)OC
D06031,CC1=CC2=C(S1)NC3=CC=CC=C3N=C2N4CCN(CC4)C
D06032,CCC=CCC=CCC=CCC=CCC=CCCCC(=O)OCC
D06033,CCOC(=O)C1=CN=C(C=C1)C#CC2=CC3=C(C=C2)SCCC3(C)C
D06034,C1CN(CCN1CCCN2C3=CC=CC=C3SC4=C2C=C(C=C4)Cl)CCO
D06035,CC1=CC2=C(C=C1C)N(C3=NC(=O)NC(=O)C3=N2)CC(C(C(COP(=O)(O)OP(=O)(O)OCC4C(C(C(O4)N5C=NC6=C(N=CN=C65)N)O)O)O)O)O
D06036,CN1CCC2=C(C1)C(C3=CC=CC=C23)C4=CC=CC=C4
D06037,CCCN1CC(CC2C1CC3=CNC4=CC=CC2=C34)CSC
D06038,CC(C)COCC(CN(CC1=CC=CC=C1)C2=CC=CC=C2)N3CCCC3
D06039,CC(=O)OCC1=C(N2C(C(C2=O)NC(=O)CC3=CC=CS3)SC1)C(=O)O
D06040,CN1C(=NC(=O)C(=O)N1)SCC2=C(N3C(C(C3=O)NC(=O)C(=NOC)C4=CSC(=N4)N)SC2)C(=O)O
D06041,CCC1(C(=O)NC(=O)NC1=O)C2=CC=CC=C2
D06042,C1=CC(=C(C(=C1)Cl)C=NN=C(N)N)Cl
D06043,CC1=CC2=C(C=C1C)N(C3=NC(=O)NC(=O)C3=N2)CC(C(C(COP(=O)(O)OP(=O)(O)OCC4C(C(C(O4)N5C=NC6=C(N=CN=C65)N)O)O)O)O)O
D06044,CCN1CCCC1CNC(=O)C2=C(C=CC(=C2)S(=O)(=O)N)OC
D06045,C1=NC(=NN1C2C(C(C(O2)CO)O)O)C(=O)N
D06046,CCCC1=C2C(=CC3=C1OC(=CC3=O)C(=O)O)C(=O)C=C(N2CC)C(=O)O
D06047,C1CN(CCN1CCOCCO)C2=NC3=CC=CC=C3SC4=CC=CC=C42
D06048,CC1(C(N2C(S1)C(C2=O)NC(=O)C3(CCCCC3)N)C(=O)O)C
D06049,CN(C)CCCN1C2=CC=CC=C2CCC3=C1C=C(C=C3)Cl
D06050,C1=CC=C2C(=C1)C(=C(C(=O)O2)CC3=C(C4=CC=CC=C4OC3=O)O)O
D06051,C[N+]12CCC(CC1)C(C2)OC(=O)C(C3=CC=CC=C3)(C4=CC=CC=C4)O
D06052,C1CC(N(C1)C(=O)CNC23CC4CC(C2)CC(C4)(C3)O)C#N
D06053,CNC1(CCCCC1=O)C2=CC=CC=C2Cl
D06054,C1=CC(=CC=C1SC(P(=O)(O)O)P(=O)(O)O)Cl
D06055,C1C(=C(N2C(S1)C(C2=O)NC(=O)C(C3=CC=CC=C3)O)C(=O)O)CSC4=NN=NN4CS(=O)(=O)O
D06056,CC1C(C(C(O1)OC2C(C(C(C(C2O)O)N=C(N)N)O)N=C(N)N)OC3C(C(C(C(O3)CO)O)O)NC)(C=O)O
D06057,C1CN(CCN1CCC2=C(C=C3C(=C2)CC(=O)N3)Cl)C4=NSC5=CC=CC=C54
D06058,CC(CO)NC(=O)C1CN(C2CC3=CNC4=CC=CC(=C34)C2=C1)C
D06059,CC12CCC3C(C1CCC2(CC=C)O)CCC4=CCCCC34
D06060,CC(=O)C1CCC2C1(CCC3C2CCC4=CC(=O)CCC34C)C
D06061,CN(C)CCCN1C2=CC=CC=C2SC3=CC=CC=C31
D06062,C(C1C(C(C(C(O1)O)N)O)O)O
D06063,C1CCN(CC(C1)N)C2=C(C=C3C(=C2Cl)N(C=C(C3=O)C(=O)O)C4CC4)F
D06064,C1CC(=O)C(C(=O)C1)C(=O)C2=C(C=C(C=C2)C(F)(F)F)[N+](=O)[O-]
D06065,CC1=CC2=C(S1)NC3=CC=CC=C3N=C2N4CCN(CC4)C
D06066,C1=CC=C2C(=C1)C(=C(C(=O)O2)CC3=C(C4=CC=CC=C4OC3=O)O)O
D06067,C1=CC(=C(C=C1Cl)Cl)COC(CN2C=CN=C2)C3=C(C=C(C=C3)Cl)Cl
D06068,C1CN(CCC1C2=CN(C3=C2C=C(C=C3)Cl)C4=CC=C(C=C4)F)CCN5CCNC5=O
D06069,CCC(=O)OC1(C(CC2C1(CC(C3(C2CC(C4=CC(=O)C=CC43C)F)F)O)C)C)C(=O)SCF
D06070,CCOC(=O)C1C(=O)NC2=C(C=C(C=C2)Cl)C(=N1)C3=CC=CC=C3F
D06071,CC12CCC3C(C1CCC2O)CCC45C3(CC(=C(C4O5)O)C#N)C
D06072,CC(C)CC(C1(CCC1)C2=CC=C(C=C2)Cl)N(C)C
D06073,C1C(C(OC1N2C=NC3=C(N=C(N=C32)Cl)N)CO)O
D06074,CC1=CC(=C(C=C1)C(C)C)OCC2=NCCN2
D06075,CCCN(CCC)CCC1=C2CC(=O)NC2=CC=C1
D06076,CC12CCC3C(C1CCC2O)CCC4=C3C=CC(=C4)OC(=O)N(CCCl)CCCl
D06077,CCC1(C(=O)NC(=O)NC1=O)CCC(C)C
D06078,CCN(CC)CCS(=O)(=O)C1CCN2C1C(=O)OC(C(C=CC(=O)NCC=CC(=CC(CC(=O)CC3=NC(=CO3)C2=O)O)C)C)C(C)C
D06079,CC(C)(C)NCC(C1=NC(=C(C=C1)O)CO)O
D06080,C1CN(CCN1CCCN2C(=O)N3C=CC=CC3=N2)C4=CC(=CC=C4)Cl
D06081,C1CCC2CN(CC2C1)C(=O)CC(CC3=CC=CC=C3)C(=O)O
D06082,CN1C(=NN=N1)SCC2=C(N3C(C(C3=O)(NC(=O)CSCC#N)OC)SC2)C(=O)O
D06083,CCN1CCN(C(=O)C1=O)C(=O)NC(C2=CC=C(C=C2)O)C(=O)NC3C4N(C3=O)C(=C(CS4)CSC5=NN=NN5C)C(=O)O
D06084,C(C(C(=O)O)N)S
D06085,CN1CCN(CC1)CC(=O)N2C3=CC=CC=C3C(=O)NC4=C2N=CC=C4
D06086,CC(C)CC1C(=O)N2CCCC2C3(N1C(=O)C(O3)(C(C)C)NC(=O)C4CN(C5CC6=C(NC7=CC=CC(=C67)C5=C4)Br)C)O
D06087,CCOC(=O)C(CCC1=CC=CC=C1)NC(C)C(=O)N2C3CCCCC3CC2C(=O)O
D06088,CCNC(=O)N(CCCN(C)C)C(=O)C1CC2C(CC3=CNC4=CC=CC2=C34)N(C1)CC=C
D06089,CCCC1OC2CC3C4CCC5=CC(=O)C=CC5(C4C(CC3(C2(O1)C(=O)CO)C)O)C
D06090,CCC1(C(=O)NC(=O)NC1=O)C2=CC=CC=C2.COC1=CC2=C(C=CN=C2C=C1)C(C3CC4CCN3CC4C=C)O
D06091,CN1CCC(=C2C3=CC=CC=C3CCC4=C2N=CC=C4)CC1
D06092,CCCC(CCC)C(=O)O
D06093,C1=CC(=C2C(=C1NCCNCCO)C(=O)C3=C(C=CC(=C3C2=O)O)O)NCCNCCO
D06094,C1=NC(=NN1C2C(C(C(O2)CO)O)O)C(=O)N
D06095,C1CC1CN2C(=O)CN=C(C3=C2C=CC(=C3)Cl)C4=CC=CC=C4
D06096,C1=CC=C(C=C1)O
D06097,CC1=CC(=C(C(=C1OC(=O)C)C)C)OCC(CNC(C)C)O
D06098,CCCC(=O)OCOC(=O)C1=C(NC(=C(C1C2=C(C(=CC=C2)Cl)Cl)C(=O)OC)C)C
D06099,CC(CC1CCCCC1)NC
D06100,C(CC(=O)O)C(=O)O
D06101,CC1(CC(=O)N(C1=O)C)C2=CC=CC=C2
D06102,CC1=C(C=C(C=C1)C2C(C(C(C(O2)CO)O)O)O)CC3=CC=C(S3)C4=CC=C(C=C4)F
D06103,C1CN(CCN(CCN(CCN1CC(=O)[O-])CC(=O)[O-])C(CO)C(CO)O)CC(=O)[O-].[Gd+3]
D06104,C(C(C(=O)O)N)S
D06105,CCC(=O)OC1CCC2C1(CCC3C2CCC4=CC(=O)CCC34C)C
D06106,CCC(C=CCl)(C#C)O
D06107,CC(COC1=CC=CC=C1)NC(C)C(C2=CC=C(C=C2)O)O
D06108,CCCCCC(C=CC1C(CC2C1CC(=CCCCC(=O)O)O2)O)O
D06109,CC(C)C1=CC2=C(C=C1)OC3=NC(=C(C=C3C2=O)C(=O)O)N
D06110,CCC1(CCC(=O)NC1=O)C2=CC=CC=C2
D06111,C1=CC(=C(C=C1Cl)Cl)CON=C(CN2C=CN=C2)C3=C(C=C(C=C3)Cl)Cl
D06112,O=[As]O[As]=O
D06113,CC1OCC2C(O1)C(C(C(O2)OC3C4COC(=O)C4C(C5=CC6=C(C=C35)OCO6)C7=CC(=C(C(=C7)OC)O)OC)O)O
D06114,C1CCN(CC1)CCCC(C2=CC=CC=C2)(C3=CC=CC=C3)O
D06115,C1CC(N(C1)C(=O)C(CCCCN)NC(CCC2=CC=CC=C2)C(=O)O)C(=O)O
D06116,C(C(C(=O)O)N)C(=O)O
D06117,CC12CCC3C(C1CCC2(C#C)O)CCC4=C3C=CC(=C4)OC
D06118,CS(=O)(=O)C1=CC(=C(C=C1)C(=O)NC2=CC(=C(C=C2)Cl)C3=CC=CC=N3)Cl
D06119,CC1=C(C(CCC1)(C)C)C=CC(=CC=CC(=CC(=O)O)C)C
D06120,CC(C)CCCC(C)C1CCC2C1(CCCC2=CC=C3CC(CC(C3=C)O)O)C
D06121,C1=CC=C(C=C1)CC(=O)NC(=O)N
D06122,C(C(OC(F)F)(F)F)(F)Cl
D06123,CC(C)CC(C(=O)NC(CCCN=C(N)N)C(=O)N1CCCC1C(=O)NCC(=O)N)NC(=O)C(CC2=CC3=CC=CC=C3C=C2)NC(=O)C(CC4=CC=C(C=C4)O)NC(=O)C(CO)NC(=O)C(CC5=CNC6=CC=CC=C65)NC(=O)C(CC7=CN=CN7)NC(=O)C8CCC(=O)N8
D06124,C1=CC(=C(C=C1N=NC2=CC(=C(C=C2)O)C(=O)O)C(=O)O)O
D06125,CCN(CC)C(=O)N1CCN(CC1)C
D06126,CN1CCN2C(C1)C3=CC=CC=C3CC4=C2N=CC=C4
D06127,C1CCN(CC1)CCOC(C2=CC=CC=C2)C3=CC=C(C=C3)Cl
D06128,C1C2CNCC1C3=CC4=NC=CN=C4C=C23
D06129,CNC(=O)C1=NC=CC(=C1)OC2=CC(=C(C=C2)NC(=O)NC3=CC(=C(C=C3)Cl)C(F)(F)F)F
D06130,CN(C)CC1CCCCC1(C2=CC(=CC=C2)OC)O
D06131,CCNC(=O)CCCC=CCC1C(CC(C1C=CC(CCC2=CC=CC=C2)O)O)O
D06132,CCC(CO)NC(=O)C1CN(C2CC3=CN(C4=CC=CC(=C34)C2=C1)C)C
D06133,CC1=CNN=C1
D06134,CC(C(=O)O)N
D06135,CC1=CC2C(CCC3(C2CCC3(C(=O)C)OC(=O)C)C)C4(C1=CC(=O)CC4)C
D06136,CC1=CC2=C(C=C1C)N(C3=NC(=O)NC(=O)C3=N2)CC(C(C(COP(=O)(O)OP(=O)(O)OCC4C(C(C(O4)N5C=NC6=C(N=CN=C65)N)O)O)O)O)O
D06137,C1CNCC(C2=CC(=C(C(=C21)Cl)O)O)C3=CC=C(C=C3)O
D06138,CC12CC3CC(C1)(CC(C3)(C2)N)C
D06139,CC(=O)C1=CC2=C(C=C1)SC3=CC=CC=C3N2CCCN4CCN(CC4)CCO
D06140,CC(CN1C2=CC=CC=C2SC3=C1C=C(C=C3)OC)CN(C)C
D06141,CC(C)NC(=O)C1=CC=C(C=C1)CNNC
D06142,C1C(=O)NC2=C(C=C(C=C2)[N+](=O)[O-])C(=N1)C3=CC=CC=C3Cl
D06143,CC1(OC2COC3(C(C2O1)OC(O3)(C)C)COS(=O)(=O)N)C
D06144,CC(=O)NC(CS)C(=O)O
D06145,CCCSC1=CC2=C(C=C1)N=C(N2)NC(=O)OC
D06146,CNC(=O)C1=NC=CC(=C1)OC2=CC(=C(C=C2)NC(=O)NC3=CC(=C(C=C3)Cl)C(F)(F)F)F
D06147,C1=CC2=C(C(=C1)Cl)SC=C2COC(CN3C=CN=C3)C4=C(C=C(C=C4)Cl)Cl
D06148,CC(C)NCC(COC1=CC=CC=C1OCC=C)O
D06149,CC1=CC(=NO1)C(=O)NNCC2=CC=CC=C2
D06150,C1=CC(=CC=C1N)S(=O)(=O)N
D06151,CC1=CC(=C(C=C1)C)OCCCC(C)(C)C(=O)O
D06152,CC(C(C1=CC=C(C=C1)O)O)N2CCC(CC2)CC3=CC=CC=C3
D06153,CC(C)[N+](C)(CCC(C1=CC=CC=C1)(C2=CC=CC=C2)C(=O)N)C(C)C
D06154,C1=CC=C(C=C1)C2=NC(C(=O)NC3=C2C=C(C=C3)Cl)O
D06155,CC1=NS(=O)(=O)C2=C(N1)C=CC(=C2)Cl
D06156,CC1=C(C=C(C=C1)NC(=O)C2=CC=C(C=C2)CN3CCN(CC3)C)NC4=NC=CC(=N4)C5=CN=CC=C5
D06157,C1=CC=C(C=C1)C2=NC3=C(N=C(N=C3N=C2N)N)N
D06158,CC1=C(C(CCC1)(C)C)C=CC(=CC=CC(=CCO)C)C
D06159,CCC12CCC3C(C1C=CC2(C#C)O)CCC4=CC(=O)CCC34
D06160,CN(C)CC1=NN=C2N1C3=C(C=C(C=C3)Cl)C(=NC2)C4=CC=CC=C4
D06161,CC(C)C(C(=O)OCCOCN1C=NC2=C1N=C(NC2=O)N)N
D06162,CN1C(=NN=N1)SCC2=C(N3C(C(C3=O)(NC(=O)C(C4=CC=C(C=C4)O)C(=O)O)OC)OC2)C(=O)O
D06163,[Cl-].[K+]
D06164,C1=CC=C(C=C1)C2=NC(C(=O)NC3=C2C=C(C=C3)Cl)O
D06165,C1CN(CCN1CCOCCO)C2=NC3=CC=CC=C3SC4=CC=CC=C42
D06166,CC(C)CC1=CC=C(C=C1)C(C)C(=O)O
D06167,COC(=O)C(C1=CC=CC=C1Cl)N2CCC3=C(C2)C=CS3
D06168,CN(C)CCC1=CNC2=C1C=C(C=C2)CN3C=NC=N3
D06169,CCOC(=O)C(CCC1=CC=CC=C1)NC(C)C(=O)N2C3CCCC3CC2C(=O)O
D06170,C[N+]1=CC=CC=C1C=NO
D06171,C1CN(CCN1)C2=NC3=CC=CC=C3OC4=C2C=C(C=C4)Cl
D06172,CC(C)NCC(COC1=CC=C(C=C1)COCCOC(C)C)O
D06173,CCN(CC)CCCN(C1CC2=CC=CC=C2C1)C3=CC=CC=C3
D06174,CCC1=C(CN(C1=O)C(=O)NCCC2=CC=C(C=C2)S(=O)(=O)NC(=O)NC3CCC(CC3)C)C
D06175,CC1=CC(=O)N2CC(=O)N(C3=C(C2(O1)C4=CC=CC=C4)C=C(C=C3)Cl)C
D06176,C1CN(CCN1)C2=NC3=CC=CC=C3OC4=C2C=C(C=C4)Cl
D06177,C1C(N(C2=C(N1)N=C(NC2=O)N)C=O)CNC3=CC=C(C=C3)C(=O)NC(CCC(=O)O)C(=O)O
D06178,CC1=C(C2=C(CCC(O2)(C)CCCC(C)CCCC(C)CCCC(C)C)C(=C1O)C)C
D06179,CC1=C(N2C(C(C2=O)NC(=O)C(C3=CC=C(C=C3)O)N)SC1)C(=O)O
D06180,CCC(CO)NC(=O)C1CN(C2CC3=CN(C4=CC=CC(=C34)C2=C1)C)C
D06181,C1=CC=C(C=C1)C2C(=O)C3=CC=CC=C3C2=O
D06182,C1=CC=C(C=C1)C2=NC(C(=O)NC3=C2C=C(C=C3)Cl)C(=O)O
D06183,CC1=C2COC(=O)C2=C(C(=C1OC)CC=C(C)CCC(=O)O)O
D06184,CCNC1CC(S(=O)(=O)C2=C1C=C(S2)S(=O)(=O)N)C
D06185,CCN(CCCC1=CC=CC=C1)CCCC2=CC=CC=C2
D06186,C1CC(C1)CN2CCC34C5C(CCC3(C2CC6=C4C(=C(C=C6)O)O5)O)O
D06187,C(=O)(N)NO
D06188,CN1C(=C2C(=NC=N2)N(C1=O)C)[O-].C[N+](C)(C)CCO
D06189,CN(C)C1=CC=C(C=C1)C(=C2C=CC(=[N+](C)C)C=C2)C3=CC=C(C=C3)N(C)C
D06190,CN1C=NC2=C1C(=O)N(C(=O)N2C)C
D06191,CCS(=O)(=O)CCN1C(=NC=C1[N+](=O)[O-])C
D06192,CN(C)C1C2CC3CC4=C(C=CC(=C4C(=C3C(=O)C2(C(=C(C1=O)C(=O)N)O)O)O)O)N(C)C
D06193,CC1(C(=O)NC(=O)N(C1=O)C)C2=CCCCC2
D06194,CCC(C=CCl)(C#C)O
D06195,C1=CC(=C(C=C1F)F)C(CN2C=NC=N2)(CN3C=NC=N3)O
D06196,CC(C)(C)NCC(=O)NC1=CC(=C2CC3CC4C(C(=O)C(=C(C4(C(=O)C3=C(C2=C1O)O)O)O)C(=O)N)N(C)C)N(C)C
D06197,CC(C)NCC(COC1=CC=CC=C1OCC=C)O
D06198,CN1C(=O)CC(=O)N(C2=C1C=CC(=C2)Cl)C3=CC=CC=C3
D06199,CCN(CC)CCN1C(=O)CN=C(C2=C1C=CC(=C2)Cl)C3=CC=CC=C3F
D06200,C(C1C(C(C(C(O1)OC2(C(C(C(O2)COS(=O)(=O)O[Al])OS(=O)(=O)O[Al])OS(=O)(=O)O[Al])COS(=O)(=O)O[Al])OS(=O)(=O)O[Al])OS(=O)(=O)O[Al])OS(=O)(=O)O[Al])OS(=O)(=O)O[Al].O.O.O.O.O.O.O.O.O.O.O.O.O.O.O.O.O.O.O.O.[Al]
D06201,CN(C)CCCN1C2=CC=CC=C2SC3=CC=CC=C31
D06202,CCCC(CCC)C(=O)O
D06203,CCNC1CC(S(=O)(=O)C2=C1C=C(S2)S(=O)(=O)N)C
D06204,CN1CCN(CC1)C2=NC3=CC=CC=C3OC4=C2C=C(C=C4)Cl
D06205,[Cl-].[K+]
D06206,CCCSC1=CC2=C(C=C1)N=C(N2)NC(=O)OC
D06207,CC1CC2=CC=CC=C2N1NC(=O)C3=CC(=C(C=C3)Cl)S(=O)(=O)N
D06208,CC1=C(C(C(=C(N1)C)C(=O)OCCN(C)CC2=CC=CC=C2)C3=CC(=CC=C3)[N+](=O)[O-])C(=O)OC
D06209,CC1CC2C3CCC(C3(CC(C2(C4(C1=CC(=O)C=C4)C)F)O)C)(C(=O)C)O
D06210,C1CN(CCN1CCCN2C3=CC=CC=C3SC4=C2C=C(C=C4)Cl)CCO
D06211,CC(C)(C)NC(=O)C1CN(CCN1CC(CC(CC2=CC=CC=C2)C(=O)NC3C(CC4=CC=CC=C34)O)O)CC5=CN=CC=C5
D06212,COC1C(CC2CN3CCC4=C(C3CC2C1C(=O)OC)NC5=C4C=CC(=C5)OC)OC(=O)C=CC6=CC(=C(C(=C6)OC)OC)OC
D06213,C1=COC(=C1)CNC2=CC(=C(C=C2C(=O)O)S(=O)(=O)N)Cl
D06214,CC(=O)OC1=CC=CC=C1C(=O)O
D06215,CCC(C1=CC=CC=C1)C2=C(C3=CC=CC=C3OC2=O)O
D06216,CC1(C(N2C(S1)C(C2=O)NC(=O)C(C3=CSC=C3)C(=O)O)C(=O)O)C
D06217,CC1=C(C=CC2=C1C(=NC(=N2)N)N)CNC3=CC(=C(C(=C3)OC)OC)OC
D06218,CC1=CC=C(C=C1)C(=O)C2=CC(=C(C(=C2)O)O)[N+](=O)[O-]
D06219,CC1=CC(=CC(=C1)OCC2CNC(=O)O2)C
D06220,CCCC(C)(COC(=O)N)COC(=O)N
D06221,C1=CC(=C(C=C1C(CN)O)O)O
D06222,CCCN1CC(CC2C1CC3=CNC4=CC=CC2=C34)CSC
D06223,C1=CC(=CC=C1COC(CN2C=CN=C2)C3=C(C=C(C=C3)Cl)Cl)Cl
D06224,CC(CC1=CC=CC=C1)N
D06225,CC(C)NC1=C(N=CC=C1)N2CCN(CC2)C(=O)C3=CC4=C(N3)C=CC(=C4)NS(=O)(=O)C
D06226,CCC(=O)C1(CCN(CC1)C)C2=CC(=CC=C2)O
D06227,CC(C)OC(=O)OCOP(=O)(COC(C)CN1C=NC2=C(N=CN=C21)N)OCOC(=O)OC(C)C
D06228,C1=CC(=C(C=C1Cl)Cl)COC(CN2C=CN=C2)C3=C(C=C(C=C3)Cl)Cl
D06229,C(C(C(=O)O)N)S
D06230,CC(=O)SC1CC2=CC(=O)CCC2(C3C1C4CCC5(C4(CC3)C)CCC(=O)O5)C
D06231,CCN1C=C(C(=O)C2=C1N=C(C=C2)C)C(=O)O
D06232,C1C(CN2C1C(=O)NC(C(=O)NC(C(=O)NC(C(=O)NC(C(=O)NC(C2=O)CC3=CC=CC=C3)CC4=CC=C(C=C4)OCC5=CC=CC=C5)CCCCN)CC6=CNC7=CC=CC=C76)C8=CC=CC=C8)OC(=O)NCCN
D06233,C[N+](C)(C)CCCCCCCCCC[N+](C)(C)C
D06234,C(CC(C(=O)O)N)CNC(=O)N
D06235,C1CC2=C(C=CC(=C2)Cl)C(=C3CCNCC3)C4=C1C=CC=N4
D06236,CC1=CC(=C(C(=C1C=CC(=CC=CC(=CC(=O)O)C)C)C)C)OC
D06237,CC1=C2COC(=O)C2=C(C(=C1OC)CC=C(C)CCC(=O)OCCN3CCOCC3)O
D06238,CCOC(=O)C1=C(NC(=C(C1C2=CC=CC=C2Cl)C(=O)OC)C)COCCN
D06239,CC(=O)NC1=C(C(=C(C(=C1I)C(=O)NC(C=O)C(C(C(CO)O)O)O)I)N(C)C(=O)C)I
D06240,C[N+]1(CCC2=CC(=C(C=C2C1CC3=CC(=C(C(=C3)OC)OC)OC)OC)OC)CCCOC(=O)CCC=CCCC(=O)OCCC[N+]4(CCC5=CC(=C(C=C5C4CC6=CC(=C(C(=C6)OC)OC)OC)OC)OC)C
D06241,CC1=CN=C(C=N1)C(=O)NCCC2=CC=C(C=C2)S(=O)(=O)NC(=O)NC3CCCCC3
D06242,C1=NC(=C2C(=N1)N(C=N2)C3C(C(C(O3)COP(=O)(O)OP(=O)(O)OP(=O)(O)O)O)O)N
D06243,CN1C2CCC1CC(C2)OC(C3=CC=CC=C3)C4=CC=CC=C4
D06244,CCOC(=O)C1=C(NC(=C(C1C2=CC=CC=C2Cl)C(=O)OC)C)COCCN
D06245,CON=C(C1=CSC(=N1)N)C(=O)NC2C3N(C2=O)C(=CCS3)C(=O)O
D06246,C1=NC(=NC(=O)N1C2C(C(C(O2)CO)O)O)N
D06247,CC1COC2=C3N1C=C(C(=O)C3=CC(=C2N4CCN(CC4)C)F)C(=O)O
D06248,CN1C(=O)CN=C(C2=C1C=CC(=C2)Cl)C3=CC=CC=C3F
D06249,C1=CN=C(N=C1)NS(=O)(=O)C2=CC=C(C=C2)N
D06250,C1CN(CCN1)C2=NC3=CC=CC=C3OC4=C2C=C(C=C4)Cl
D06251,CC(=O)N(CC(CO)O)C1=C(C(=C(C(=C1I)C(=O)NCC(CO)O)I)C(=O)NCC(CO)O)I
D06252,C1=CC(=CC(=C1)NC2=C(C=CC=N2)C(=O)O)C(F)(F)F
D06253,CC(CC1=CC=CC=C1)N(C)CC2=CC=CC=C2
D06254,C1=NC(=C2C(=N1)N(C=N2)C3C(C(C(O3)COP(=O)(O)O)O)O)N
D06255,C1=CC=C(C=C1)C2=NC(C(=O)NC3=C2C=C(C=C3)Cl)O
D06256,CC1=CC2=C(C=C1C)N(C3=NC(=O)NC(=O)C3=N2)CC(C(C(COP(=O)(O)OP(=O)(O)OCC4C(C(C(O4)N5C=NC6=C(N=CN=C65)N)O)O)O)O)O
D06257,C1=CC(=C(C=C1Cl)Cl)COC(CN2C=CN=C2)C3=C(C=C(C=C3)Cl)Cl
D06258,CN1C(=NC(=O)C(=O)N1)SCC2=C(N3C(C(C3=O)NC(=O)C(=NOC)C4=CSC(=N4)N)SC2)C(=O)O
D06259,CC1=C(C(C(=C(N1)C)C(=O)OC)C2=CC=CC=C2[N+](=O)[O-])C(=O)OC
D06260,CN(C)CCCN1C2=CC=CC=C2CCC3=C1C=C(C=C3)Cl
D06261,CN(C)CCCN1C2=CC=CC=C2CCC3=CC=CC=C31
D06262,CC12CCC3C(C1CCC2(C#C)O)CCC4=CC(=O)CCC34
D06263,C(C(C(=O)O)N)O
D06264,C1=CC(=CC=C1CCCCNCC(C2=CC(=C(C=C2)O)O)O)O
D06265,CCC(=O)OC1CCC2C1(CCC3C2CCC4=CC(=O)CCC34C)C
D06266,CCC12CCC3C(C1C=CC2(C#C)O)CCC4=CC(=O)CCC34
D06267,CC(CN1C2=CC=CC=C2SC3=C1C=C(C=C3)OC)CN(C)C
D06268,CC12CCC(=O)C=C1CC(C3C24C(O4)CC5(C3CCC56CCC(=O)O6)C)C(=O)OC
D06269,CN1CCCC1C2=CN=CC=C2
D06270,C1=NC2=C(N=C(N=C2N1C3C(C(C(O3)CO)O)O)F)N
D06271,CC(C)NCC(COC1=CC=C(C=C1)CCOCC2CC2)O
D06272,CC1CC(C2C(CC(C(O2)(C(=O)C(=O)N3CCCCC3C(=O)OC(C(C(CC(=O)C(C=C(C1)C)CC=C)O)C)C(=CC4CCC(C(C4)OC)O)C)O)C)OC)OC
D06273,CC12CCC3C(C1CCC2C(=O)NC4=C(C=CC(=C4)C(F)(F)F)C(F)(F)F)CCC5C3(C=CC(=O)N5)C
D06274,CC(CN1C2=CC=CC=C2SC3=C1C=C(C=C3)S(=O)(=O)N(C)C)N(C)C
D06275,C[N+]1(CCCC1)CCCCC[N+]2(CCCC2)C
D06276,CC1=C(C(C(=C(N1)C)C(=O)OC(C)C)C2=CC(=CC=C2)[N+](=O)[O-])C(=O)OCCOC
D06277,CC(C)C(=O)OC1=C(C=C(C=C1)CO)C(CCN(C(C)C)C(C)C)C2=CC=CC=C2
D06278,CCCCC1=NN(C(=N1)CCCC)CC2=CN=C(C=C2)C3=CC=CC=C3C4=NNN=N4
D06279,CC1(OC2COC3(C(C2O1)OC(O3)(C)C)COS(=O)(=O)N)C
D06280,CC[N+](C)(C)CC1=CC=CC=C1Br
D06281,CC1=C(C(C(=C(N1)C)C(=O)OC(C)C)C2=CC(=CC=C2)[N+](=O)[O-])C(=O)OCCOC
D06282,C(CCNCCCN)CNCCCN
D06283,CCC1(C(=O)NCNC1=O)C2=CC=CC=C2
D06284,CCCCNC1=CC=C(C=C1)C(=O)OCCOCCOCCOCCOCCOCCOCCOCCOCCOC
D06285,CN1CCN(CC1)CCCN2C3=CC=CC=C3SC4=C2C=C(C=C4)S(=O)(=O)N(C)C
D06286,CC(C)(C)NCC(C1=CC(=CC(=C1)O)O)O
D06287,C(OC(C(F)(F)F)C(F)(F)F)F
D06288,C1C(SC(=C(C#N)N2C=CN=C2)S1)C3=C(C=C(C=C3)Cl)Cl
D06289,CCC1(CCC(=O)NC1=O)C2=CC=CC=C2
D06290,CN1C(=O)CN=C(C2=C1C=CC(=C2)Cl)C3=CC=CC=C3
D06291,CN1C=NC2=C1C(=O)NC(=O)N2C
D06292,C[N+]1(CCC2=CC(=C3C=C2C1CC4=CC=C(C=C4)OC5=C6C(CC7=CC(=C(C=C7)OC)O3)[N+](CCC6=CC(=C5OC)OC)(C)C)OC)C
D06293,C1=CC=C(C(=C1)C(=O)O)[O-].C1=CC=C(C(=C1)C(=O)O)[O-].[Mg+2]
D06294,CCOC1=C(C=CC(=C1)CC(=O)NC(CC(C)C)C2=CC=CC=C2N3CCCCC3)C(=O)O
D06295,CN1C=NC2=C1C(=O)N(C(=O)N2C)C
D06296,CCC1C(C(C(C(=O)C(CC(C(C(C(C(C(=O)O1)C)OC2CC(C(C(O2)C)O)(C)OC)C)OC3C(C(CC(O3)C)N(C)C)O)(C)OC)C)C)O)(C)O
D06297,CCCCC(CC)CCC(CC(C)C)OS(=O)(=O)[O-].[Na+]
D06298,C(CCNCCCN)CNCCCN
D06299,C1C(C(C(C(N1CCO)CO)O)O)O
D06300,CCOC(=O)C(CCC1=CC=CC=C1)NC2CCC3=CC=CC=C3N(C2=O)CC(=O)O
D06301,CN(C)C1C2CC3CC4=C(C=CC(=C4C(=C3C(=O)C2(C(=C(C1=O)C(=O)N)O)O)O)O)N(C)C
D06302,CC(C)NCC(C1=CC(=C(C=C1)O)O)O
D06303,CC(C(C1=CC=CC=C1)O)NC
D06304,CC1(C(N2C(S1)C(C2=O)NC(=O)C(C3=CC=CC=C3)N)C(=O)O)C
D06305,CC(C)C(CCCN(C)CCC1=CC(=C(C=C1)OC)OC)(C#N)C2=CC(=C(C=C2)OC)OC
D06306,CC1(C2CC3C(C(=O)C(=C(C3(C(=O)C2=C(C4=C1C=CC=C4O)O)O)O)C(=O)N)N(C)C)O
D06307,CC1=C(N=C(N=C1N)C(CC(=O)N)NCC(C(=O)N)N)C(=O)NC(C(C2=CN=CN2)OC3C(C(C(C(O3)CO)O)O)OC4C(C(C(C(O4)CO)O)OC(=O)N)O)C(=O)NC(C)C(C(C)C(=O)NC(C(C)O)C(=O)NCCC5=NC(=CS5)C6=NC(=CS6)C(=O)NCCC[S+](C)C)O
D06308,C1=C(NC=N1)CC(C(=O)O)N
D06309,CC1=CC2=C(C=C1C)N(C3=NC(=O)NC(=O)C3=N2)CC(C(C(COP(=O)(O)OP(=O)(O)OCC4C(C(C(O4)N5C=NC6=C(N=CN=C65)N)O)O)O)O)O
D06310,CC1=C(C(=CC=C1)C)NC(=O)CN2CCN(CC2)CC(COC3=CC=CC=C3OC)O
D06311,CNCCC(C1=CC=CS1)OC2=CC=CC3=CC=CC=C32
D06312,C1C(=O)N(C2=C(C=C(C=C2)Cl)C(=N1)C3=CC=CC=C3)CC(F)(F)F
D06313,C1=CC=C(C(=C1)C(=O)OCC(CO)O)NC2=C3C=CC=C(C3=NC=C2)C(F)(F)F
D06314,[Li+]
D06315,C1=CN(C(=O)N=C1N)C2C(C(C(O2)CO)O)O
D06316,C=CC1=C(N2C(C(C2=O)NC(=O)C(=NO)C3=CSC(=N3)N)SC1)C(=O)O
D06317,CCCCCCCCCCNCCNC1(CC(OC(C1O)C)OC2C(C(C(OC2OC3=C4C=C5C=C3OC6=C(C=C(C=C6)C(C(C(=O)NC(C(=O)NC5C(=O)NC7C8=CC(=C(C=C8)O)C9=C(C(=C(C=C9C(NC(=O)C(C(C1=CC(=C(O4)C=C1)Cl)O)NC7=O)C(=O)O)O)CNCP(=O)(O)O)O)CC(=O)N)NC(=O)C(CC(C)C)NC)O)Cl)CO)O)O)C
D06318,C1CN(CCN1)C2=NC3=CC=CC=C3OC4=C2C=C(C=C4)Cl
D06319,CCC(C)C1C(=O)NC(C(=O)NC(C(=O)NC(C(=O)NC(C(=O)NCCCCC(C(=O)NC(C(=O)N1)CCCN)NC(=O)C(C(C)CC)NC(=O)C(CCC(=O)O)NC(=O)C(CC(C)C)NC(=O)C2CSC(=N2)C(C(C)CC)N)CC(=O)N)CC(=O)O)CC3=CN=CN3)CC4=CC=CC=C4
D06320,C(C(C(=O)O)N)SSCC(C(=O)O)N
D06321,CN(C)CCC1=CNC2=C1C=C(C=C2)CS(=O)(=O)N3CCCC3
D06322,CN(C)CCCN1C2=CC=CC=C2CCC3=C1C=C(C=C3)Cl
D06323,CN1CCN(CC1)CCCOC2=C(C=C3C(=C2)N=CC(=C3NC4=CC(=C(C=C4Cl)Cl)OC)C#N)OC
D06324,C1NC2=C(C=C(C(=C2)C(F)(F)F)S(=O)(=O)N)S(=O)(=O)N1
D06325,CC(C1=CC(=C(C=C1)C2=CC=CC=C2)F)C(=O)O
D06326,CC1=C2C(C(=O)C3(C(CC4C(C3C(C(C2(C)C)(CC1OC(=O)C(C(C5=CC=CC=C5)NC(=O)C6=CC=CC=C6)O)O)OC(=O)C7=CC=CC=C7)(CO4)OC(=O)C)O)C)OC(=O)C
D06327,CC(CCCC(C)(C)O)C1CCC2C1(CCCC2=CC=C3CC(CCC3=C)O)C
D06328,CN1CCN(CC1)C(=O)OC2C3=NC=CN=C3C(=O)N2C4=NC=C(C=C4)Cl
D06329,CCCC(=O)OC1(CCC2C1(CC(C3(C2CC(C4=CC(=O)C=CC43C)F)F)O)C)C(=O)COC(=O)C
D06330,C(C1C(C(C(C(O1)O)N)O)O)O
D06331,C1=NNC2=C1C(=O)NC=N2
D06332,C1C2C(C2N)CN1C3=C(C=C4C(=O)C(=CN(C4=N3)C5=C(C=C(C=C5)F)F)C(=O)O)F
D06333,COC1=C2C(=CC3=C1OC=C3)C=CC(=O)O2
D06334,CC1=CC2=C(C=C1C)N(C3=NC(=O)NC(=O)C3=N2)CC(C(C(COP(=O)(O)OP(=O)(O)OCC4C(C(C(O4)N5C=NC6=C(N=CN=C65)N)O)O)O)O)O
D06335,CN1C=NC2=C1C(=O)NC(=O)N2C
D06336,CC(C)C(C(=O)O)N
D06337,[K+].[I-]
D06338,C(C(C1C(=C(C(=O)O1)O)O)O)O
D06339,CCCS(=O)(=O)NC1=C(C(=C(C=C1)F)C(=O)C2=CNC3=C2C=C(C=N3)C4=CC=C(C=C4)Cl)F
D06340,C1CC(=O)NC(=O)C1N2C(=O)C3=CC=CC=C3C2=O
D06341,CCOC(=O)NC1=C(N=C(C=C1)NCC2=CC=C(C=C2)F)N
D06342,CC(C)(CC1=CC=CC=C1)N
D06343,CC1=CC=CC=C1N2CCN(CC2)CCC3=NN=C4N3CCCC4
D06344,CC(C)(C)NC(=O)C1CC2CCCCC2CN1CC(C(CC3=CC=CC=C3)NC(=O)C(CC(=O)N)NC(=O)C4=NC5=CC=CC=C5C=C4)O
D06345,CCS(=O)(=O)CCN1C(=NC=C1[N+](=O)[O-])C
D06346,CN(C)CCC=C1C2=CC=CC=C2COC3=CC=CC=C31
D06347,C(CC(C(=O)O)N)CN
D06348,C1C(C(OC1N2C=NC(=NC2=O)N)CO)O
D06349,CCS(=O)(=O)CCN1C(=NC=C1[N+](=O)[O-])C
D06350,CC1C(C(CC(O1)OC2CC(CC3=C2C(=C4C(=C3O)C(=O)C5=C(C4=O)C(=CC=C5)OC)O)(C(=O)CO)O)N)O
D06351,COC1=CC(=CC(=C1OC)OC)C2C3C(COC3=O)C(C4=CC5=C(C=C24)OCO5)O
D06352,C(C(=O)O)N
D06353,C1=CC(=C(C=C1C(CNCCCCCCNCC(C2=CC(=C(C=C2)O)O)O)O)O)O
D06354,CN1CCN2C(C1)C3=CC=CC=C3CC4=CC=CC=C42
D06355,CCC(C)CCCCC(=O)NC(CCN)C(=O)NC(C(C)O)C(=O)NC(CCN)C(=O)NC1CCNC(=O)C(NC(=O)C(NC(=O)C(NC(=O)C(NC(=O)C(NC(=O)C(NC1=O)CCN)CC2=CC=CC=C2)CC(C)C)CCN)CCN)C(C)O
D06356,CC(C)(CC1=CC=CC=C1)NC
D06357,CC(=O)OCC(=O)C12C(CC3C1(CC(C4(C3CCC5=CC(=O)C=CC54C)F)O)C)OC6(O2)CCCC6
D06358,C1=NC(=C2C(=N1)N(C=N2)C3C(C(C(O3)COP(=O)(O)OP(=O)(O)OP(=O)(O)O)O)O)N
D06359,CC(C1=CC(=C(C=C1)C2=CC=CC=C2)F)C(=O)O
D06360,CCNC(=O)N(CCCN(C)C)C(=O)C1CC2C(CC3=CNC4=CC=CC2=C34)N(C1)CC=C
D06361,COC1=CC=C(C=C1)N2C3=C(CCN(C3=O)C4=CC=C(C=C4)N5CCCCC5=O)C(=N2)C(=O)N
D06362,CC(CN1C2=CC=CC=C2CCC3=CC=CC=C31)CN(C)C
D06363,CC1CCC2CC(C(=CC=CC=CC(CC(C(=O)C(C(C(=CC(C(=O)CC(OC(=O)C3CCCCN3C(=O)C(=O)C1(O2)O)C(C)CC4CCC(C(C4)OC)OC(=O)C(C)(CO)CO)C)C)O)OC)C)C)C)OC
D06364,CC1=CC2=C(C=C1C)N(C3=NC(=O)NC(=O)C3=N2)CC(C(C(COP(=O)(O)OP(=O)(O)OCC4C(C(C(O4)N5C=NC6=C(N=CN=C65)N)O)O)O)O)O
D06365,CC1=C(C(=O)C=CN1C)O
D06366,CON=C1CN(CC1CN)C2=C(C=C3C(=O)C(=CN(C3=N2)C4CC4)C(=O)O)F
D06367,C1CC(=O)NC(=O)C1N2C(=O)C3=CC=CC=C3C2=O
D06368,CN=C1CN(C(=C2C=C(C=CC2=N1)Cl)C3=CC=CC=C3)O
D06369,CCCCCCCCCCCCCCCCCC(=O)O[Al].O.O
D06370,CN(CCCNC(=O)C1CCCO1)C2=NC3=CC(=C(C=C3C(=N2)N)OC)OC
D06371,C1NC2=CC(=C(C=C2S(=O)(=O)N1)S(=O)(=O)N)Cl
D06372,CCOC1=C(C2=CC=CC=C2C=C1)C(=O)NC3C4N(C3=O)C(C(S4)(C)C)C(=O)O
D06373,CC1=C(C(=CC=C1)C)NC(=O)C(C)N
D06374,CCN(CC)C(=O)C(=CC1=CC(=C(C(=C1)O)O)[N+](=O)[O-])C#N
D06375,CC(=O)OCC(CCN1C=NC2=CN=C(N=C21)N)COC(=O)C
D06376,CCC(C)C1(C(=O)NC(=O)NC1=O)CC=C
D06377,CCOC(=O)C1=C(NC(=C(C1C2=CC(=CC=C2)[N+](=O)[O-])C(=O)OC)C)C
D06378,CCOC(=O)C1=CN=CN1C(C)C2=CC=CC=C2
D06379,CC(=O)CCC1=CC2=C(C=C1)C=C(C=C2)OC
D06380,CNC1(CCCCC1=O)C2=CC=CC=C2Cl
D06381,CC(C)C1=CC2=C(C=C1)OC3=NC(=C(C=C3C2=O)C(=O)O)N
D06382,C1=CC(=C(C=C1C(C(C(=O)O)N)O)O)O
D06383,CC12CCC(=O)C=C1CCC3C2C(CC4(C3CCC4(C(=O)CO)O)C)O
D06384,CC1CC2C3CCC4=CC(=O)C=CC4(C3(C(CC2(C1C(=O)CO)C)O)F)C
D06385,C(CS)N
D06386,CCC(C)C1(C(=O)NC(=O)NC1=O)CC
D06387,C(CC(=O)O)C(=O)O
D06388,CC1CC(CC(C1)(C)C)OC(=O)C(C2=CC=CC=C2)O
D06389,CC(C)C1=C(C(=C(N1CCC(CC(CC(=O)O)O)O)C2=CC=C(C=C2)F)C3=CC=CC=C3)C(=O)NC4=CC=CC=C4
D06390,CN1C2=C(C=C(C=C2)Cl)C(=NC(C1=O)O)C3=CC=CC=C3
D06391,C1=CC(=CC=C1CN)S(=O)(=O)N
D06392,C1C(=O)NC2=C(C=C(C=C2)[N+](=O)[O-])C(=N1)C3=CC=CC=C3Cl
D06393,CC(C(C1=CC=C(C=C1)O)O)N2CCC(CC2)CC3=CC=CC=C3
D06394,CC1=CC2C(CCC3(C2CCC3(C(=O)C)OC(=O)C)C)C4(C1=CC(=O)CC4)C
D06395,CN(C)CCC=C1C2=CC=CC=C2SC3=C1C=C(C=C3)Cl
D06396,CC1C2C(C3C(C(=O)C(=C(C3(C(=O)C2=C(C4=C1C=CC=C4O)O)O)O)C(=O)N)N(C)C)O
D06397,C1CCCC(CC1)NC(P(=O)(O)O)P(=O)(O)O
D06398,CC(CC1=CC=CC=C1)N
D06399,C[N+]1(CCC2=CC(=C(C(=C2C1CC3=CC(=C(C(=C3)OC)OC)OC)OC)OC)OC)CCCOC(=O)CCC(=O)OCCC[N+]4(CCC5=CC(=C(C(=C5C4CC6=CC(=C(C(=C6)OC)OC)OC)OC)OC)OC)C
D06400,C(CC(=O)N)C(C(=O)O)N
D06401,CN1CCC2=C3C1CC4=C(C3=CC=C2)C(=C(C=C4)O)O
D06402,C1C2C(C(S1)CCCCC(=O)O)NC(=O)N2
D06403,CC1=C(C=CC2=C1N=C(C=C2OC3CC4C(C3)C(=O)N(CCCCC=CC5CC5(NC4=O)C(=O)NS(=O)(=O)C6CC6)C)C7=NC(=CS7)C(C)C)OC
D06404,CC1=CC2=C(C=C1C)N(C3=NC(=O)NC(=O)C3=N2)CC(C(C(COP(=O)(O)OP(=O)(O)OCC4C(C(C(O4)N5C=NC6=C(N=CN=C65)N)O)O)O)O)O
D06405,CC1=C(C(=NO1)C2=C(C=CC=C2Cl)Cl)C(=O)NC3C4N(C3=O)C(C(S4)(C)C)C(=O)O
D06406,CC1=CC=CC=C1C(C2=CC=CC=C2)OCCN(C)C
D06407,CN1CCN(CC1)C(=O)OC2C3=NC=CN=C3C(=O)N2C4=NC=C(C=C4)Cl
D06408,[Cl-].[K+]
D06409,CC1C=CC=C(C(=O)NC2=C(C3=C(C4=C(C(=C3O)C)OC(C4=O)(OC=CC(C(C(C(C(C(C1O)C)O)C)OC(=O)C)C)OC)C)C5=C2N6C=CC(=CC6=N5)C)O)C
D06410,CCN(CC)CCN1C(=O)CN=C(C2=C1C=CC(=C2)Cl)C3=CC=CC=C3F
D06411,CC1=C2COC(=O)C2=C(C(=C1OC)CC=C(C)CCC(=O)OCCN3CCOCC3)O
D06412,CC1=CC2=C(C=C1C)N(C3=NC(=O)NC(=O)C3=N2)CC(C(C(COP(=O)(O)OP(=O)(O)OCC4C(C(C(O4)N5C=NC6=C(N=CN=C65)N)O)O)O)O)O
D06413,CC(C1=CC(=CC(=C1)C(F)(F)F)C(F)(F)F)OC2C(N(CCO2)CC3=NN(C(=O)N3)P(=O)(O)O)C4=CC=C(C=C4)F
D06414,CCCC(C)C1(C(=O)NC(=O)NC1=O)CC
D06415,C1C(SC(=C(C#N)N2C=CN=C2)S1)C3=C(C=C(C=C3)Cl)Cl
D06416,CC1=C(C(=O)N2CCCC(C2=N1)O)CCN3CCC(CC3)C4=NOC5=C4C=CC(=C5)F
D06417,C1C2=CC=CC=C2N(C3=CC=CC=C3C1=O)C(=O)N
D06418,C1CN=C(N1)NC2=C(C=CC=C2Cl)Cl
D06419,CC1CC2C3CCC4=CC(=O)C=CC4(C3(C(CC2(C1C(=O)CO)C)O)F)C
D06420,CC1=CC=CC=C1OC(CCNC)C2=CC=CC=C2
D06421,C1=CC(=C(C=C1C(CN)O)O)O
D06422,C1=NC(=NN1C2C(C(C(O2)CO)O)O)C(=O)N
D06423,C1C2CNCC1C3=CC4=NC=CN=C4C=C23
D06424,CC1=CC2=C(C=C1C)N(C3=NC(=O)NC(=O)C3=N2)CC(C(C(COP(=O)(O)OP(=O)(O)OCC4C(C(C(O4)N5C=NC6=C(N=CN=C65)N)O)O)O)O)O
D06425,CSCCC(C(=O)O)N
D06426,CC(=O)SC1CC2=CC(=O)CCC2(C3C1C4CCC5(C4(CC3)C)CCC(=O)O5)C
D06427,CN(C)CCC(C1=CC=C(C=C1)Br)C2=CC=CC=N2
D06428,CC(C)C1=CC2=C(C=C1)OC3=NC(=C(C=C3C2=O)C(=O)O)N
D06429,CC(C)NCC(COC1=CC=C(C=C1)CC(=O)N)O
D06430,C1CC(N(C1)C(=O)C2CSSCCC(=O)NC(C(=O)NC(C(=O)NC(C(=O)NC(C(=O)N2)CC(=O)N)CCC(=O)N)CC3=CC=CC=C3)CC4=CC=C(C=C4)O)C(=O)NC(CCCN=C(N)N)C(=O)NCC(=O)N
D06431,C(CC(=O)NC(CS)C(=O)NCC(=O)O)C(C(=O)O)N
D06432,CCC1(C(=O)NCNC1=O)C2=CC=CC=C2
D06433,C(CCN)CC(C(=O)O)N
D06434,CCC1=CC2=C(S1)N(C(=O)CN=C2C3=CC=CC=C3Cl)C
D06435,CC(C)(C)C(=O)OCOP(=O)(COCCN1C=NC2=C(N=CN=C21)N)OCOC(=O)C(C)(C)C
D06436,C1=CC(=C(C=C1C(C(C(=O)O)N)O)O)O
D06437,C#CC1(CCCCC1)OC(=O)N
D06438,CC1=CC2=C(S1)NC3=CC=CC=C3N=C2N4CCN(CC4)C
D06439,C1=CC=C(C=C1)C2=C(OC(=N2)N(CCO)CCO)C3=CC=CC=C3
D06440,CC1=CC2=C(C=C1C)N(C3=NC(=O)NC(=O)C3=N2)CC(C(C(COP(=O)(O)OP(=O)(O)OCC4C(C(C(O4)N5C=NC6=C(N=CN=C65)N)O)O)O)O)O
D06441,CC1=C(NC(=O)N1)C(=O)C2=CC=C(C=C2)SC
D06442,CC1(C(N2C(S1)C(C2=O)NC(=O)C(C3=CC=CC=C3)N)C(=O)O)C
D06443,C1CNCC(C1C2=CC=C(C=C2)F)COC3=CC4=C(C=C3)OCO4
D06444,CCOC(=O)C1(CCN(CC1)C)C2=CC=CC=C2
D06445,COC1=C2C(=CC(=C1N3CC4CCCNC4C3)F)C(=O)C(=CN2C5CC5)C(=O)O
D06446,CN1CCN2C(C1)C3=CC=CC=C3CC4=CC=CC=C42
D06447,CCC(=O)OCC(=O)C1(C(CC2C1(CC(C3(C2CCC4=CC(=O)C=CC43C)Cl)O)C)C)OC(=O)CC
D06448,C1=CC(=C(C(=C1)Cl)Cl)C2=C(N=C(N=N2)N)N
D06449,CNCCC=C1C2=CC=CC=C2CCC3=CC=CC=C31
D06450,CCCCSC1=CC=C(C=C1)C(C2=CC=CC=C2)SCCN(C)C
D06451,CN1CC(CC2(C1CC3=CN(C4=CC=CC2=C34)C)OC)COC(=O)C5=CC(=CN=C5)Br
D06452,CC1=C(C=C(C=C1)C(=O)NC2=CC(=C(C=C2)CN3CCN(CC3)C)C(F)(F)F)C#CC4=CN=C5N4N=CC=C5
D06453,COC1=C2C(=CC(=C1N3CC4CCCNC4C3)F)C(=O)C(=CN2C5CC5)C(=O)O
D06454,CN(C)CCC=C1C2=CC=CC=C2CCC3=CC=CC=C31
D06455,CC1CC2C3CC(C4=CC(=O)C=CC4(C3(C(CC2(C1(C(=O)CO)O)C)O)F)C)F
D06456,CCN(CC)C(=O)C1(CC1CN)C2=CC=CC=C2
D06457,CCOP(=O)(OCC)SCC[N+](C)(C)C
D06458,CC(CN1C2=CC=CC=C2SC3=C1C=C(C=C3)OC)CN(C)C
D06459,C1=C(C=C(C(=C1I)OC2=CC(=C(C(=C2)I)O)I)I)CC(C(=O)O)N
D06460,CC1=C2C(C(=O)C3(C(CC4C(C3C(C(C2(C)C)(CC1OC(=O)C(C(C5=CC=CC=C5)NC(=O)OC(C)(C)C)O)O)OC(=O)C6=CC=CC=C6)(CO4)OC(=O)C)O)C)O
D06461,CCN(C1=CC=CC(=C1)C2=CC=NC3=C(C=NN23)C#N)C(=O)C
D06462,C1=CC=C(C(=C1)C2=NC(C(=O)NC3=C2C=C(C=C3)Cl)O)Cl
D06463,COC1=C(C=C(C=C1)C2=CC3=C(C=C2)C=C(C=C3)C(=O)O)C45CC6CC(C4)CC(C6)C5
D06464,CC1=C(C(C(=C(N1)C)C(=O)OC)C2=CC=CC=C2[N+](=O)[O-])C(=O)OC
D06465,CC(C)(CC1=CC=CC=C1)NC
D06466,CCCC(C)C1(C(=O)NC(=O)NC1=O)CC=C
D06467,CCN(CCCC(C)NC1=C2C=CC(=CC2=NC=C1)Cl)CCO
D06468,C(CC(=O)NC(CS)C(=O)NCC(=O)O)C(C(=O)O)N
D06469,CC(C(C1=CC(=C(C=C1)O)O)O)N
D06470,COC1=CC(=CC(=C1O)OC)C2C3C(COC3=O)C(C4=CC5=C(C=C24)OCO5)OC6C(C(C7C(O6)COC(O7)C8=CC=CS8)O)O
D06471,CC[N+](CC)(CC)CCOC1=C(C(=CC=C1)OCC[N+](CC)(CC)CC)OCC[N+](CC)(CC)CC.[I-].[I-].[I-]
D06472,CC1=CC2=C(S1)NC3=CC=CC=C3N=C2N4CCN(CC4)C
D06473,C1CN(CC=C1N2C3=CC=CC=C3NC2=O)CCCC(=O)C4=CC=C(C=C4)F
D06474,CNCCCN1C2=CC=CC=C2CCC3=CC=CC=C31
D06475,C1=C(NN=C1)CCN
D06476,CN1C(=O)CN=C(C2=C1C=CC(=C2)[N+](=O)[O-])C3=CC=CC=C3F
D06477,CCOC(=O)C1=CC=C(C=C1)N
D06478,CCC1(C(=O)C(CNC1=O)C)CC
D06479,CCCNS(=O)(=O)NC1=C(C(=NC=N1)OCCOC2=NC=C(C=N2)Br)C3=CC=C(C=C3)Br
D06480,CCN(CC)CCOC(=O)C1(CCCCC1)C2CCCCC2
D06481,C1CC1C2=NC3=CC=CC=C3C(=C2C=CC(CC(CC(=O)O)O)O)C4=CC=C(C=C4)F
D06482,C1C(=O)NC2=C(C=C(C=C2)[N+](=O)[O-])C(=N1)C3=CC=CC=C3Cl
D06483,CN1C(=NC(=O)C(=O)N1)SCC2=C(N3C(C(C3=O)NC(=O)C(=NOC)C4=CSC(=N4)N)SC2)C(=O)O
D06484,CCC(=O)C(CC(C)N(C)C)(C1=CC=CC=C1)C2=CC=CC=C2
D06485,CCCCC(C)(CC=CC1C(CC(=O)C1CCCCCCC(=O)OC)O)O
D06486,CCC(C)C(=O)OC1CC(C=C2C1C(C(C=C2)C)CCC3CC(CC(=O)O3)O)C
D06487,CC(C)C1=C(C(=CC=C1)C(C)C)O
D06488,C1=CC(=C(C=C1Cl)O)OC2=C(C=C(C=C2)Cl)Cl
D06489,CCCC(C(=O)OCC)NC(C)C(=O)N1C2CCCCC2CC1C(=O)O
D06490,CN(C)CCC=C1C2=CC=CC=C2CCC3=CC=CC=C31
D06491,CC1=C(C2=C(CCC(O2)(C)CCCC(C)CCCC(C)CCCC(C)C)C(=C1O)C)C
D06492,CC1=C(N=C(N=C1N)C(CC(=O)N)NCC(C(=O)N)N)C(=O)NC(C(C2=CN=CN2)OC3C(C(C(C(O3)CO)O)O)OC4C(C(C(C(O4)CO)O)OC(=O)N)O)C(=O)NC(C)C(C(C)C(=O)NC(C(C)O)C(=O)NCCC5=NC(=CS5)C6=NC(=CS6)C(=O)NCCC[S+](C)C)O
D06493,CC1=CC=CC=C1S(=O)(=O)NC(=O)C2=CC(=C(C=C2)CC3=CN(C4=C3C=C(C=C4)NC(=O)OC5CCCC5)C)OC
D06494,C1CN(CCN1CCC2=C(C=C3C(=C2)CC(=O)N3)Cl)C4=NSC5=CC=CC=C54
D06495,CC(C)C(C(=O)OCC(CO)OCN1C=NC2=C1N=C(NC2=O)N)N
D06496,CC1(C(=O)NC(=O)N(C1=O)C)C2=CCCCC2
D06497,CCOC(=O)CNC(C1CCCCC1)C(=O)N2CCC2C(=O)NCC3=CC=C(C=C3)C(=NO)N
D06498,CCC(=O)OCC(=O)C1(CCC2C1(CC(C3C2CCC4=CC(=O)C=CC34C)O)C)OC(=O)OCC
D06499,C1=CC(=CC=C1CCCC(=O)O)N(CCCl)CCCl
D06500,C1CN(CCN1CC=CC2=CC=CC=C2)C(C3=CC=CC=C3)C4=CC=CC=C4
D06501,CC1=CN(C(=O)NC1=O)C2CC(C(O2)CO)N=[N+]=[N-]
D06502,CC(C(C1=CC(=C(C=C1)O)O)O)N
D06503,C1CN2C(=N1)C3=CC=CC=C3C2(C4=CC=C(C=C4)Cl)O
D06504,CC=CCC=CCCC(=O)C1C(O1)C(=O)N
D06505,CCC(C)C1(C(=O)NC(=O)NC1=O)CC
D06506,CNCCCC12CCC(C3=CC=CC=C31)C4=CC=CC=C24
D06507,C1=CC=C(C=C1)C2C(=O)C3=CC=CC=C3C2=O
D06508,CN(C)CCC=C1C2=CC=CC=C2SC3=C1C=C(C=C3)Cl
D06509,CC(C)NCC(COC1=CC=CC2=C1C=CN2)O
D06510,CCCCCCCN(CC)CCCC(C1=CC=C(C=C1)NS(=O)(=O)C)O
D06511,CC1=CC(=CC(=C1)OCC2CNC(=O)O2)C
D06512,COC(C(Cl)Cl)(F)F
D06513,CCOC(=O)N1CCC(=C2C3=C(CCC4=C2N=CC=C4)C=C(C=C3)Cl)CC1
D06514,C(C(F)(F)F)(Cl)Br
D06515,CC1(C(N2C(S1)C(C2=O)NC(=O)C(C3=CC=CC=C3)N)C(=O)OCOC(=O)C(C)(C)C)C
D06516,C[N+]1(CCC2=CC(=C(C=C2C1CC3=CC(=C(C(=C3)OC)OC)OC)OC)OC)CCCOC(=O)CCC=CCCC(=O)OCCC[N+]4(CCC5=CC(=C(C=C5C4CC6=CC(=C(C(=C6)OC)OC)OC)OC)OC)C
D06517,CCN1C=C(C(=O)C2=C1C=C(C=C2)C3=CC=NC=C3)C(=O)O
D06518,C1=CC=C(C(=C1)C2=NC(C(=O)NC3=C2C=C(C=C3)Cl)O)Cl
D06519,CC12CC(C3C(C1CCC2(C(=O)OCCl)O)CCC4=CC(=O)C=CC34C)O
D06520,CC1COC2=C3N1C=C(C(=O)C3=CC(=C2N4CCN(CC4)C)F)C(=O)O
D06521,CCCCCCCCCCCC(CC1C(C(=O)O1)CCCCCC)OC(=O)C(CC(C)C)NC=O
D06522,CN1CCN(CC1)C2=NC3=CC=CC=C3OC4=C2C=C(C=C4)Cl
D06523,CC(C)(CC1=CC=CC=C1)N
D06524,C1C[N+]2(CCC1C(C2)OC(=O)C(C3=CC=CS3)(C4=CC=CS4)O)CCCOC5=CC=CC=C5
D06525,CCCCCCCCCCCCCCCCCCCCCCO
D06526,CC1CC(=O)C2(C(O1)OC3C(C(C(C(C3O2)NC)O)NC)O)O
D06527,CC(C)(C)C(C(=O)NC(CC1=CC=CC=C1)C(CN(CC2=CC=C(C=C2)C3=CC=CC=N3)NC(=O)C(C(C)(C)C)NC(=O)OC)O)NC(=O)OC
D06528,CCC1=CN=C(C=C1)CCOC2=CC=C(C=C2)CC3C(=O)NC(=O)S3
D06529,CC1=C(C2=C(N1C(=O)C3=CC=C(C=C3)Cl)C=CC(=C2)OC)CC(=O)O
D06530,C1CN=C(N1)CC2=CC=CC3=CC=CC=C32
D06531,CC(CC1=CC=CC=C1)N
D06532,CC(C)(C(=O)O)OC1=CC=C(C=C1)CCNC(=O)C2=CC=C(C=C2)Cl
D06533,CCN(CC)CCOC(=O)C1=CC=C(C=C1)N
D06534,CC(C)N=C(N)N=C(N)NC1=CC=C(C=C1)Cl
D06535,CC(C)CC(C1(CCC1)C2=CC=C(C=C2)Cl)N(C)C
D06536,C1CC(C1)(C(=O)O)C(=O)O.N.N.[Pt+2]
D06537,C(C(F)(F)F)(OC(F)F)Cl
D06538,CC(C)NCC(COC1=CC=CC=C1OCC=C)O
D06539,CCCNC(C)C(=O)NC1=CC=CC=C1C
D06540,CCCCC(=O)N(CC1=CC=C(C=C1)C2=CC=CC=C2C3=NNN=N3)C(C(C)C)C(=O)O
D06541,CC1=C(C(=O)N2CCCC(C2=N1)O)CCN3CCC(CC3)C4=NOC5=C4C=CC(=C5)F
D06542,CCOC(=O)N1C=CN(C1=S)C
D06543,CCC1(C(=O)NCNC1=O)C2=CC=CC=C2
D06544,CN(C)CCC(C1=CC=C(C=C1)Br)C2=CC=CC=N2
D06545,CC(CN1C2=CC=CC=C2SC3=C1C=C(C=C3)OC)CN(C)C
D06546,CC(C)(C)NCC(COC1=CC=CC2=C1CCCC2=O)O
D06547,CN1CCCCC1CCN2C3=CC=CC=C3SC4=C2C=C(C=C4)SC
D06548,CCC1NC2=CC(=C(C=C2C(=O)N1)S(=O)(=O)N)Cl
D06549,C1=CC(=C(C(=C1)C(=O)C2=CC=C(C=C2)Br)N)CC(=O)O
D06550,CCCC(CCC)C(=O)OC1CC2CCC(C1)[N+]2(C)C.[Br-]
D06551,CCN1CCN(C(=O)C1=O)C(=O)NC(C2=CC=C(C=C2)O)C(=O)NC3C4N(C3=O)C(=C(CS4)CSC5=NN=NN5C)C(=O)O
D06552,CC(C)(C1=CC=C(C=C1)C(CCCN2CCC(CC2)C(C3=CC=CC=C3)(C4=CC=CC=C4)O)O)C(=O)O
D06553,C1CN(CCN1CC=CC2=CC=CC=C2)C(C3=CC=CC=C3)C4=CC=CC=C4
D06554,CCCN(CC)C(CC)C(=O)NC1=C(C=CC=C1C)C
D06555,C1=NC2=C(N1CCC(CO)CO)N=C(NC2=O)N
D06556,CC12CCC3C(C1CCC2O)C(CC4=C3C=CC(=C4)O)CCCCCCCCCS(=O)CCCC(C(F)(F)F)(F)F
D06557,CN1CCN(CC1)C2=NC3=C(C=CC(=C3)Cl)NC4=CC=CC=C42
D06558,COC1=NC=CN=C1NS(=O)(=O)C2=CC=C(C=C2)N
D06559,CC1(C(N2C(S1)C(C2=O)N3C(=O)C(NC3(C)C)C4=CC=CC=C4)C(=O)O)C
D06560,CCOC1=CC(=C(C=C1C(=O)NC2CCN(CC2)CC3CCC=CC3)[N+](=O)[O-])N
D06561,CN1CCN(CC1)C2=NC3=CC=CC=C3OC4=C2C=C(C=C4)Cl
D06562,CC1=CC(=NC(=N1)NS(=O)(=O)C2=CC=C(C=C2)N)C
D06563,CCC1(C(=O)NC(=O)NC1=O)C2=CCCCCC2
D06564,CCCC(C)C1(C(=O)NC(=S)NC1=O)CC
D06565,CCC1(C(=O)NCNC1=O)C2=CC=CC=C2
D06566,COC1=CC=CC=C1OCC(CO)O
D06567,CC1(C(N2C(S1)C(C2=O)NC(=O)C3=C(C=CC=C3OC)OC)C(=O)O)C
D06568,CCCC(C)C1(C(=O)NC(=O)NC1=O)CC=C
D06569,CC1=C(C(C(=C(N1)C)C(=O)OC)C2=CC=CC=C2[N+](=O)[O-])C(=O)OC
D06570,CC1=CC=CC=C1C(C2=CC=CC=C2)OCCN(C)C
D06571,CC(CN1C2=CC=CC=C2SC3=CC=CC=C31)N(C)C
D06572,CC1=C(C(=NO1)C2=C(C=CC=C2Cl)F)C(=O)NC3C4N(C3=O)C(C(S4)(C)C)C(=O)O
D06573,CN(C)CCC(C1=CC=C(C=C1)Cl)C2=CC=CC=N2
D06574,C1CN2C(=NN=C2C(F)(F)F)CN1C(=O)CC(CC3=CC(=C(C=C3F)F)F)N
D06575,CC1=CC(=CC(=C1NC2=NC(=NC=C2)NC3=CC=C(C=C3)C#N)C)C=CC#N
D06576,C1CCC2(C1)CC(=O)N(C(=O)C2)CCCCN3CCN(CC3)C4=NC=CC=N4
D06577,C(CC(=O)O)C(=O)O
D06578,CN1C(=C(C2=CC=CC=C2S1(=O)=O)O)C(=O)NC3=CC=CC=N3
D06579,CC(CCC1=CC=C(C=C1)O)NCCC2=CC(=C(C=C2)O)O
D06580,C1C2C3=CC=CC=C3CC4=CC=CC=C4N2C(=N1)N
D06581,CC1OC2(CN3CCC2CC3)CS1
D06582,CC(CN1C2=CC=CC=C2SC3=C1N=CC=C3)N(C)C
D06583,CN1C=NC2=C1C(=O)N(C(=O)N2C)C
D06584,CC1C(C(C(C(O1)OC2C(OC(C(C2O)O)OC(C(CO)O)C(C(C=O)O)O)CO)O)O)NC3C=C(C(C(C3O)O)O)CO
D06585,CN1CCC2=C3C1CC4=C(C3=CC=C2)C(=C(C=C4)O)O
D06586,CCC(CC1=C(C(=C(C=C1I)I)N)I)C(=O)O
D06587,C1CCC2(C3CC4=C(C2(C1)CCN3CC5CCC5)C=C(C=C4)O)O
D06588,CS(=O)(=O)C1=CC(=C(C=C1)C(=O)NC2=CC(=C(C=C2)Cl)C3=CC=CC=N3)Cl
D06589,CN(C)CCCN1C2=CC=CC=C2SC3=CC=CC=C31
D06590,C1CN2CCC1C(C2)OC(=O)N3CCC4=CC=CC=C4C3C5=CC=CC=C5
D06591,CC1CN(CCN1)C2=C(C=C3C(=C2OC)N(C=C(C3=O)C(=O)O)C4CC4)F
D06592,C1C(C(C(C(C1NC(=O)C(CCN)O)OC2C(C(C(C(O2)CO)O)N)O)O)OC3C(C(C(C(O3)CN)O)O)O)N
D06593,CC(C)NCC(C1=CC(=C(C=C1)O)O)O
D06594,C1C(SC(=C(C#N)N2C=CN=C2)S1)C3=C(C=C(C=C3)Cl)Cl
D06595,CCOC1=C(C=CC(=C1)CC(=O)NC(CC(C)C)C2=CC=CC=C2N3CCCCC3)C(=O)O
D06596,CC1(C(N2C(S1)C(C2=O)NC(=O)C(C3=CC=CC=C3)N=[N+]=[N-])C(=O)O)C
D06597,CCC1C=C(CC(CC(C2C(CC(C(O2)(C(=O)C(=O)N3CCCCC3C(=O)OC(C(C(CC1=O)O)C)C(=CC4CCC(C(C4)OC)Cl)C)O)C)OC)OC)C)C
D06598,C1=CC=C(C(=C1)C(=O)O)[O-].C1=CC=C(C(=C1)C(=O)O)[O-].[Mg+2]
D06599,C1=CC=C(C=C1)C2(C(=O)NC(=O)N2)C3=CC=CC=C3
D06600,CC(C)CN(CC(C(CC1=CC=CC=C1)NC(=O)OC2COC3C2CCO3)O)S(=O)(=O)C4=CC=C(C=C4)N
D06601,CCC(C(=O)N)N1CCCC1=O
D06602,CC(C)CC(C1(CCC1)C2=CC=C(C=C2)Cl)N(C)C
D06603,C1=CC=C(C(=C1)C2=NC(C(=O)N(C3=C2C=C(C=C3)Cl)CCC#N)O)F
D06604,CC(C)OC(=O)C(C)(C)OC1=CC=C(C=C1)C(=O)C2=CC=C(C=C2)Cl
D06605,CC#CCC(C)C(C=CC1C(CC2C1CC(=CCCCC(=O)O)C2)O)O
D06606,C(CC(=O)NC(CS)C(=O)NCC(=O)O)C(C(=O)O)N
D06607,CC(C(C1CNC2=C(N1)C(=O)NC(=N2)N)O)O
D06608,C1C(=O)NC2=C(C=C(C=C2)Br)C(=N1)C3=CC=CC=N3
D06609,CNS(=O)(=O)CCC1=CC2=C(C=C1)NC=C2C3CCN(CC3)C
D06610,C[N+]1(CCC2=CC(=C3C=C2C1CC4=CC=C(C=C4)OC5=C6C(CC7=CC(=C(C=C7)OC)O3)[N+](CCC6=CC(=C5OC)OC)(C)C)OC)C
D06611,CN1CCN(CC1)C(=O)OC2C3=NC=CN=C3C(=O)N2C4=NC=C(C=C4)Cl
D06612,C1=CC(=CC(=C1)C(F)(F)F)C(=NOCCCCC(=O)O)C2=CN=CC=C2
D06613,CC1=C(C(C(=C(N1)C)C(=O)OCCN(C)CC2=CC=CC=C2)C3=CC(=CC=C3)[N+](=O)[O-])C(=O)OC
D06614,C1=CC=NC(=C1)NS(=O)(=O)C2=CC=C(C=C2)N
D06615,CCOC(=O)CC(C(=O)OCC)SP(=S)(OC)OC
D06616,CC1(C(N2C(S1)C(C2=O)NC(=O)C(C3=CC=CC=C3)N=[N+]=[N-])C(=O)O)C
D06617,CC(COC1=CC=CC=C1)N(CCCl)CC2=CC=CC=C2
D06618,CN1CCN(CC1)C2=NC3=C(C=CC(=C3)Cl)NC4=CC=CC=C42
D06619,CC1(C2CCC(C2)C1(C)NC)C
D06620,CC(CCC(=O)O)C1CCC2C1(CCC3C2C(CC4C3(CCC(C4)O)C)O)C
D06621,C(CC(O)(P(=O)(O)O)P(=O)(O)O)CN
D06622,CC1=CC2=C(C=C1)N=C(N3N2C(=O)C(C3=O)CC=C)N(C)C
D06623,C(CC(=O)O)C(=O)O
D06624,C1C(C(C(C(C1N)OC2C(C(C(C(O2)CO)O)O)N)OC3C(C(C(O3)CO)OC4C(C(C(C(O4)CN)O)O)N)O)O)N
D06625,C1=CC=C(C=C1)C(C2=CC=CC=C2)S(=O)CC(=O)N
D06626,CC(C)NCC(COC1=CC=CC2=CC=CC=C21)O
D06627,COC1=C(C=C2C(=C1)C(=NC(=N2)N3CCN(CC3)C(=O)C4CCCO4)N)OC
D06628,C1C(C(C(C(C1N)OC2C(C(C(C(O2)CN)O)O)N)OC3C(C(C(O3)CO)OC4C(C(C(C(O4)CN)O)O)N)O)O)N
D06629,C1C(=O)NC2=C(C=C(C=C2)[N+](=O)[O-])C(=N1)C3=CC=CC=C3
D06630,C1=CC=C(C=C1)CCCC(=O)OCC(COC(=O)CCCC2=CC=CC=C2)OC(=O)CCCC3=CC=CC=C3
D06631,CC(C(=O)O)N
D06632,[N]=O
D06633,C1C(=O)NC2=C(C=C(C=C2)Br)C(=N1)C3=CC=CC=N3
D06634,CN1CCN(CC1)C(C2=CC=CC=C2)C3=CC=C(C=C3)Cl
D06635,CC1CC(CC(C1)(C)C)OC(=O)C(C2=CC=CC=C2)O
D06636,CC(CC1=CC=CC=C1)NCCN2C=NC3=C2C(=O)N(C(=O)N3C)C
D06637,CN1CCN(CC1)C(=O)OC2C3=NC=CN=C3C(=O)N2C4=NC=C(C=C4)Cl
D06638,CCOC(=O)C1=C2CN(C(=O)C3=C(N2C=N1)C=CC(=C3)F)C
D06639,CCC(C=CCl)(C#C)O
D06640,CC1CC2C3CC(C4=CC(=O)C=CC4(C3(C(CC2(C1(C(=O)CO)O)C)O)F)C)F
D06641,CCC(=O)OC1(C(CC2C1(CC(C3(C2CCC4=CC(=O)C=CC43C)F)O)C)C)C(=O)CCl
D06642,C1CCC(C(C1)CN2CCN(CC2)C3=NSC4=CC=CC=C43)CN5C(=O)C6C7CCC(C7)C6C5=O
D06643,CCC(C(C1=CC(=C(C=C1)O)O)O)NC(C)C
D06644,CC1=CC2=C(C=C1C)N(C3=NC(=O)NC(=O)C3=N2)CC(C(C(COP(=O)(O)OP(=O)(O)OCC4C(C(C(O4)N5C=NC6=C(N=CN=C65)N)O)O)O)O)O
D06645,CC1=NN=C(S1)SCC2=C(N3C(C(C3=O)NC(=O)CN4C=NN=N4)SC2)C(=O)O
D06646,C1CCC(CC1)(CC(=O)O)CN
D06647,CN1C(=NN=N1)SCC2=C(N3C(C(C3=O)NC(=O)C(C4=CC=CC=C4)O)SC2)C(=O)O
D06648,CC(C)N=C1C=C2C(=NC3=CC=CC=C3N2C4=CC=C(C=C4)Cl)C=C1NC5=CC=C(C=C5)Cl
D06649,C1CN(CCN1CCCCC2=CNC3=C2C=C(C=C3)C#N)C4=CC5=C(C=C4)OC(=C5)C(=O)N
D06650,CC1=CC2=C(C=C1C)N(C3=NC(=O)NC(=O)C3=N2)CC(C(C(COP(=O)(O)OP(=O)(O)OCC4C(C(C(O4)N5C=NC6=C(N=CN=C65)N)O)O)O)O)O
D06651,C1=CC(=CC=C1CC(C(=O)O)N)N(CCCl)CCCl
D06652,C1C(=O)NC2=C(C=C(C=C2)Br)C(=N1)C3=CC=CC=N3
D06653,CCC1=NN(C(=O)N1CCOC2=CC=CC=C2)CCCN3CCN(CC3)C4=CC(=CC=C4)Cl
D06654,CC(C)C(C(=O)OCC(CO)OCN1C=NC2=C1N=C(NC2=O)N)N
D06655,CN1CCC23C4C1CC5=C2C(=C(C=C5)OC)OC3C(C=C4)O
D06656,C[N+]1(CCC(C1)OC(=O)C(C2CCCC2)(C3=CC=CC=C3)O)C
D06657,CC(=O)CCCCN1C(=O)C2=C(N=CN2C)N(C1=O)C
D06658,COC1=CC(=CC(=C1OC)OC)C2C3C(COC3=O)C(C4=CC5=C(C=C24)OCO5)O
D06659,CN(C)CCC=C1C2=CC=CC=C2CCC3=CC=CC=C31
D06660,CC(CN1C2=CC=CC=C2SC3=C1C=C(C=C3)C#N)CN(C)C
D06661,C1CN(CCN1CCOCCO)C2=NC3=CC=CC=C3SC4=CC=CC=C42
D06662,CN1C2=C(C(=O)N(C1=O)C)NC=N2
D06663,CNC(=O)C1=NC=CC(=C1)OC2=CC=C(C=C2)NC(=O)NC3=CC(=C(C=C3)Cl)C(F)(F)F
D06664,CN(C(=O)NC1C(C(C(OC1O)CO)O)O)N=O
D06665,CCCCCC(CCC1C(CC2C1CC3=C(C2)C(=CC=C3)OCC(=O)O)O)O
D06666,C[N+](C)(C)CC(CC(=O)[O-])O
D06667,CN1C(=O)CN=C(C2=C1C=CC(=C2)Cl)C3=CC=CC=C3
D06668,CN(C)CCCN1C2=CC=CC=C2SC3=CC=CC=C31
D06669,CC1=C(C(C(=C(N1)C)C(=O)OC)C2=CC=CC=C2[N+](=O)[O-])C(=O)OC
D06670,CCOC1=C2C3=C(CC4C5C3(CCN4C)C(O2)C(C=C5)O)C=C1
D06671,CCCCCC(C=CC1C(CC(C1CC=CCCCC(=O)O)O)O)O.C(C(CO)(CO)N)O
D06672,CCC1=C2C(=CC=C1)C3=C(N2)C(OCC3)(CC)CC(=O)O
D06673,CNCCCC1C2=CC=CC=C2C=CC3=CC=CC=C13
D06674,CON=C(C1=CC=CO1)C(=O)NC2C3N(C2=O)C(=C(CS3)COC(=O)N)C(=O)O
D06675,CC1=C(C(C(=C(N1)C)C(=O)OCC(C)C)C2=CC=CC=C2[N+](=O)[O-])C(=O)OC
D06676,C1=CC2=C(C=C1O)C(=CN2)CC(C(=O)O)N
D06677,C1CC1CN2C(=O)CN=C(C3=C2C=CC(=C3)Cl)C4=CC=CC=C4
D06678,CC(C)(C)C(C(=O)NC(CC1=CC=CC=C1)C(CN(CC2=CC=C(C=C2)C3=CC=CC=N3)NC(=O)C(C(C)(C)C)NC(=O)OC)O)NC(=O)OC
D06679,CC1=CC(=O)C(=CN1)C(=O)NC(C2=CC=C(C=C2)O)C(=O)NC3C4N(C3=O)C(=C(CS4)CSC5=NN=NN5C)C(=O)O
D06680,CCC(=O)OCC(=O)C1(CCC2C1(CC(C3C2CCC4=CC(=O)C=CC34C)O)C)OC(=O)OCC
D06681,CCCCC1=C(C2=C(O1)C=CC(=C2)NS(=O)(=O)C)C(=O)C3=CC=C(C=C3)OCCCN(CCCC)CCCC
D06682,CCCC(C(=O)C(=O)NC1CC1)NC(=O)C2C3CCCC3CN2C(=O)C(C(C)(C)C)NC(=O)C(C4CCCCC4)NC(=O)C5=NC=CN=C5
D06683,C1C(C2C(O1)C(CO2)O[N+](=O)[O-])O[N+](=O)[O-]
D06684,CCOC(=O)C1C(=O)NC2=C(C=C(C=C2)Cl)C(=N1)C3=CC=CC=C3F
D06685,CC(C)NCC(COC1=CC=C(C=C1)CCOCC2CC2)O
D06686,CC(=O)CC(C1=CC=CC=C1)C2=C(C3=CC=CC=C3OC2=O)O
D06687,CN1CCN2C(C1)C3=CC=CC=C3CC4=CC=CC=C42
D06688,C1=CC(=C(C(=C1)Cl)SC(CCC2=CC=C(C=C2)Cl)CN3C=CN=C3)Cl
D06689,CN(C)CCCC1(C2=C(CO1)C=C(C=C2)C#N)C3=CC=C(C=C3)F
D06690,C1CN=C(N1)CC2=CC=CC=C2
D06691,C1C2C3=CC=CC=C3CC4=CC=CC=C4N2C(=N1)N
D06692,COC1=C(C=C2C(=C1)C(=NC(=N2)N3CCN(CC3)C(=O)C4COC5=CC=CC=C5O4)N)OC
D06693,CCC(C)C1(C(=O)NC(=O)NC1=O)CC
D06694,C1=CC(=CC=C1CCCCNCC(C2=CC(=C(C=C2)O)O)O)O
D06695,CC(CC1=CC=CC=C1)NC
D06696,CC1=NC2=C(C=C(C=C2)CN(C)C3=CC=C(S3)C(=O)NC(CCC(=O)O)C(=O)O)C(=O)N1
D06697,C(C(=O)O)N
D06698,CC1(C(NC(S1)C(C(=O)NCCCCC(C(=O)O)N)NC(=O)CC2=CC=CC=C2)C(=O)O)C.C(CCN)CC(C(=O)O)N
D06699,C(CCCC(=O)O)CCCC(=O)O
D06700,C1=C2C(=CC(=C1Cl)S(=O)(=O)N)S(=O)(=O)N=CN2
D06701,CN1C2CCC1CC(C2)OC(=O)C(CO)C3=CC=CC=C3
D06702,C1C(=C(N2C(S1)C(C2=O)NC(=O)C(C3=CC=CC=C3)O)C(=O)O)CSC4=NN=NN4CS(=O)(=O)O
D06703,C1CCNC(C1)CNC(=O)C2=C(C=CC(=C2)OCC(F)(F)F)OCC(F)(F)F
D06704,CCN(CC)CCNC(=O)C1=CC(=C(C=C1OC)N)Br
D06705,CC1=CC=C(C=C1)N(CC2=NCCN2)C3=CC(=CC=C3)O
D06706,[Al]
D06707,CCCCNC(=O)NS(=O)(=O)C1=CC=C(C=C1)C
D06708,CCC1=NC=CC(=C1)C(=S)N
D06709,CN1CCN(CC1)C(=O)OC2C3=NC=CN=C3C(=O)N2C4=NC=C(C=C4)Cl
D06710,CC(C(C1=CC=C(C=C1)O)O)NCCC2=CC=C(C=C2)O
D06711,CC(C)(C(=O)O)ON=C(C1=CSC(=N1)N)C(=O)NC2C3N(C2=O)C(=C(CS3)C[N+]4=CC=CC=C4)C(=O)[O-]
D06712,CC(C[N+](C)(C)C)OC(=O)N
D06713,C1=NC(=C2C(=N1)N(C=N2)C3C(C(C(O3)COP(=O)(O)OP(=O)(O)OP(=O)(O)O)O)O)N
D06714,CC1=C(C(CCC1)(C)C)C=CC(=CC=CC(=CCO)C)C
D06715,C(C(C(=O)O)N)S
D06716,C1CN(CCC1C2=CN(C3=C2C=C(C=C3)Cl)C4=CC=C(C=C4)F)CCN5CCNC5=O
D06717,C1C(=O)NC2=C(C=C(C=C2)[N+](=O)[O-])C(=N1)C3=CC=CC=C3Cl
D06718,CC(C)(C)NCC(=O)NC1=CC(=C2CC3CC4C(C(=O)C(=C(C4(C(=O)C3=C(C2=C1O)O)O)O)C(=O)N)N(C)C)N(C)C
D06719,CC1=C(N2C(C(C2=O)NC(=O)C(C3=CC=CC=C3)N)SC1)C(=O)O
D06720,CN(CCOC1=CC=C(C=C1)CC2C(=O)NC(=O)S2)C3=CC=CC=N3
D06721,COC1=C(C=CC(=C1)NS(=O)(=O)C)NC2=C3C=CC=CC3=NC4=CC=CC=C42
D06722,CC1=CC=C(C=C1)C(=O)C2=CC=C(N2C)CC(=O)O
D06723,CCCC1=C2C(=CC3=C1OC(=CC3=O)C(=O)O)C(=O)C=C(N2CC)C(=O)O
D06724,CC(=O)CC(C1=CC=C(C=C1)[N+](=O)[O-])C2=C(C3=CC=CC=C3OC2=O)O
D06725,C1CN(CCN1CCC2=C(C=C3C(=C2)CC(=O)N3)Cl)C4=NSC5=CC=CC=C54
D06726,C[N+](C)(C)CCOC(=O)CCC(=O)OCC[N+](C)(C)C
D06727,CC(C)CC1C(=O)N2CCCC2C3(N1C(=O)C(O3)(C(C)C)NC(=O)C4CN(C5CC6=C(NC7=CC=CC(=C67)C5=C4)Br)C)O
D06728,CCOC1=NC2=CC=CC(=C2N1CC3=CC=C(C=C3)C4=CC=CC=C4C5=NNN=N5)C(=O)OC(C)OC(=O)OC6CCCCC6
D06729,CCN(CC)CCNC(=O)C1=C(NC(=C1C)C=C2C3=C(C=CC(=C3)F)NC2=O)C
D06730,C1=CC(=C(C=C1CC(C(=O)O)N)O)O
D06731,CC[N+](CC)(CC)CCOC1=C(C(=CC=C1)OCC[N+](CC)(CC)CC)OCC[N+](CC)(CC)CC.[I-].[I-].[I-]
D06732,CC(C)(C1=CC=C(C=C1)C(CCCN2CCC(CC2)C(C3=CC=CC=C3)(C4=CC=CC=C4)O)O)C(=O)O
D06733,CCC1(C(=O)C(CNC1=O)C)CC
D06734,CC(C)OC(=O)CCCC=CCC1C(CC(C1C=CC(COC2=CC=CC(=C2)C(F)(F)F)O)O)O
D06735,CCN(CC)CC#CCOC(=O)C(C1CCCCC1)(C2=CC=CC=C2)O
D06736,C[N+]1(CCC2=CC(=C3C=C2C1CC4=CC=C(C=C4)OC5=C6C(CC7=CC(=C(C=C7)OC)O3)[N+](CCC6=CC(=C5OC)OC)(C)C)OC)C
D06737,CC(C)CC(C(C(=O)NO)O)C(=O)NC(C(=O)NC)C(C)(C)C
D06738,C1CNCCNCCCN(CCNC1)CC2=CC=C(C=C2)CN3CCCNCCNCCCNCC3
D06739,C1=CN=CC=C1N
D06740,CC(CC1=CC=C(C=C1)OC)NCC(C2=CC(=C(C=C2)O)NC=O)O
D06741,C1CC(=O)NC2=C1C=CC(=C2)OCCCCN3CCN(CC3)C4=C(C(=CC=C4)Cl)Cl
D06742,CC1=NC=C(C(=C1O)C=O)CO
D06743,CN(C)CCOC1=CC=C(C=C1)C(=C(CCCl)C2=CC=CC=C2)C3=CC=CC=C3
D06744,CC[N+](C)(C)C1=CC(=CC=C1)O
D06745,COC1=C(C=C2C(=C1)CC(C2=O)CC3CCN(CC3)CC4=CC=CC=C4)OC
D06746,CN(C)CC1=NN=C2N1C3=C(C=C(C=C3)Cl)C(=NC2)C4=CC=CC=C4
D06747,CC(=O)OC1=CC=CC=C1C(=O)O
D06748,CCC(C)N1C(=O)N(C=N1)C2=CC=C(C=C2)N3CCN(CC3)C4=CC=C(C=C4)OCC5COC(O5)(CN6C=NC=N6)C7=C(C=C(C=C7)Cl)Cl
D06749,CCC1=NC(=C(N1CC2=CC3=C(C=C2)OC(=C3Br)C4=CC=CC=C4NS(=O)(=O)C(F)(F)F)C(=O)N)C5CC5
D06750,CC1=C(C(CCC1)(C)C)C=CC(=CC=CC(=CCO)C)C
D06751,CCOC(CN1CCN(CC1)CC(C)C(=O)C2=CC=CC=C2)C3=CC=CC=C3
D06752,CN(C)CCC=C1C2=CC=CC=C2COC3=C1C=C(C=C3)CC(=O)O
D06753,CC(C)(C)NCC(C1=CC(=C(C=C1)O)CO)O
D06754,CC1=NN=C2N1C3=C(C=C(C=C3)Cl)C(=NC2)C4=CC=CC=C4Cl
D06755,CCOC1=NC2=CC=CC(=C2N1CC3=CC=C(C=C3)C4=CC=CC=C4C5=NOC(=O)N5)C(=O)OCC6=C(OC(=O)O6)C
D06756,CC(C1=CC=CC=C1)(C2=CC=CC=N2)OCCN(C)C
D06757,CCN(C1=CC=CC=C1C)C(=O)C=CC
D06758,CC(CC1=CC=CC=C1)NC
D06759,CC1CCC2C(C(OC3C24C1CCC(O3)(OO4)C)OC)C
D06760,CC(C1C(O1)CC2COC(C(C2O)O)CC(=CC(=O)OCCCCCCCCC(=O)O)C)C(C)O
D06761,C[N+]1(CCC2=CC(=C3C=C2C1CC4=CC=C(C=C4)OC5=C6C(CC7=CC(=C(C=C7)OC)O3)[N+](CCC6=CC(=C5OC)OC)(C)C)OC)C
D06762,CC1=CC2=C(C=C1C)N(C3=NC(=O)NC(=O)C3=N2)CC(C(C(COP(=O)(O)OP(=O)(O)OCC4C(C(C(O4)N5C=NC6=C(N=CN=C65)N)O)O)O)O)O
D06763,C1=CC(=CC=C1OCC(CO)O)Cl
D06764,CN1CCC23CCCCC2C1CC4=C3C=C(C=C4)OC
D06765,CC#CCN1C2=C(N=C1N3CCCC(C3)N)N(C(=O)N(C2=O)CC4=NC5=CC=CC=C5C(=N4)C)C
D06766,CCC1(CCC(=O)NC1=O)C2=CC=CC=C2
D06767,CCC1C=C(C(CC=CC=C(C(=O)OC(CC=C(C=C(C1OC2C(C(C(C(O2)(C)C)OC(=O)C(C)C)O)O)C)C)C(C)O)COC3C(C(C(C(O3)C)OC(=O)C4=C(C(=C(C(=C4O)Cl)O)Cl)CC)O)OC)O)C
D06768,C1=CC=C(C=C1)CCCCOC2=CC=C(C=C2)C(=O)NC3=CC=CC4=C3OC(=CC4=O)C5=NNN=N5
D06769,CCOC(=O)C(CCC1=CC=CC=C1)NC(C)C(=O)N2CC3=CC(=C(C=C3CC2C(=O)O)OC)OC
D06770,C1CNCC(C2=CC(=C(C(=C21)Cl)O)O)C3=CC=C(C=C3)O
D06771,C1=CC=C(C=C1)C(=C(C2=CC=CC=C2)C3=CC=C(C=C3)OCCO)CCCl
D06772,C1=CC(=C(C=C1Cl)Cl)COC(CN2C=CN=C2)C3=C(C=C(C=C3)Cl)Cl
D06773,CCOC(=O)C(CCC1=CC=CC=C1)NC2CCCN3CCCC(N3C2=O)C(=O)O
D06774,C1CN(CCC1O)CCCN2C3=CC=CC=C3SC4=C2C=C(C=C4)C#N
D06775,C(=O)(N)NO
D06776,CN1CCC23C4C1CC5=C2C(=C(C=C5)O)OC3C(=O)CC4
D06777,CC1=CC=C(C=C1)C(=CCN2CCCC2)C3=CC=CC=N3
D06778,CC#CCC(C)C(C=CC1C(CC2C1CC(=CCCCC(=O)O)C2)O)O
D06779,CC1=C(C=C(C=C1)C(=O)NC2=C3C(=CC(=CC3=C(C=C2)S(=O)(=O)O)S(=O)(=O)O)S(=O)(=O)O)NC(=O)C4=CC(=CC=C4)NC(=O)NC5=CC=CC(=C5)C(=O)NC6=C(C=CC(=C6)C(=O)NC7=C8C(=CC(=CC8=C(C=C7)S(=O)(=O)O)S(=O)(=O)O)S(=O)(=O)O)C
D06780,C1CN(CCN1CC=CC2=CC=CC=C2)C(C3=CC=CC=C3)C4=CC=CC=C4
D06781,CNS(=O)(=O)CC1=CC2=C(C=C1)NC=C2CCN(C)C
D06782,CC1(C(=O)N(C(=O)O1)C)C
D06783,C1CC(C1)(C(=O)O)C(=O)O.N.N.[Pt+2]
D06784,C1CN(CCC1(C2=CC=C(C=C2)Cl)O)CCCC(=O)C3=CC=C(C=C3)F
D06785,C1=CC(=CC=C1C=CC2=C(C=C(C=C2)C(=N)N)O)C(=N)N.C(CS(=O)(=O)O)O.C(CS(=O)(=O)O)O
D06786,CN(C)CCC=C1C2=CC=CC=C2COC3=CC=CC=C31
D06787,CC1=C(C(=CC=C1)Cl)NC(=O)C2=CN=C(S2)NC3=CC(=NC(=N3)C)N4CCN(CC4)CCO
D06788,CN1CCN(CC1)C2=NC3=CC=CC=C3OC4=C2C=C(C=C4)Cl
D06789,CC(CCCC(C)(C)O)C1CCC2C1(CCCC2=CC=C3CC(CC(C3=C)O)O)C
D06790,CC(=O)OC1=CC=CC=C1C(=O)O
D06791,CC1=C(C(C(=C(N1)C)C(=O)OCC(C)C)C2=CC=CC=C2[N+](=O)[O-])C(=O)OC
D06792,CCCC1=NN(C2=C1N=C(NC2=O)C3=C(C=CC(=C3)S(=O)(=O)NCCC4CCCN4C)OCCC)C
D06793,CC(C)NC(=O)C1=CC=C(C=C1)CNNC
D06794,CC(C)(C)NCC(C1=CC(=C(C=C1)O)CO)O
D06795,C1CCC(C(C1)CN2CCN(CC2)C3=NSC4=CC=CC=C43)CN5C(=O)C6C7CCC(C7)C6C5=O
D06796,CN(C)CCCN1C2=CC=CC=C2SC3=C1C=C(C=C3)Cl
D06797,CC=CCC=CCCC(=O)C1C(O1)C(=O)N
D06798,CC1=C(C(C(=C(N1)C#N)C(=O)OC)C2=CC(=CC=C2)[N+](=O)[O-])C(=O)OC(C)C
D06799,CC(=O)NC1=C(C(=C(C(=C1I)C(=O)NC(C=O)C(C(C(CO)O)O)O)I)N(C)C(=O)C)I
D06800,CCCC(=O)OC(COC(=O)CC)COP(=O)(O)OCC(C(=O)O)N
D06801,CCN(CC)CCN1C(=O)CN=C(C2=C1C=CC(=C2)Cl)C3=CC=CC=C3F
D06802,C(OC(C(F)(F)F)C(F)(F)F)F
D06803,CC1=CN=C(S1)NC(=O)C2=C(C3=CC=CC=C3S(=O)(=O)N2C)O
D06804,CC(C)CC1(C(=O)NC(=O)NC1=O)CC=C
D06805,CC1C(C(CC(O1)OC2CC(CC3=C2C(=C4C(=C3O)C(=O)C5=C(C4=O)C(=CC=C5)OC)O)(C(=O)C)O)N)O
D06806,CN1CCN(CC1)CCCOC2=C(C=C3C(=C2)N=CC(=C3NC4=CC(=C(C=C4Cl)Cl)OC)C#N)OC
D06807,CC(CN1C2=CC=CC=C2SC3=C1C=C(C=C3)C(=O)C)N(C)C
D06808,CN1CCN2C(C1)C3=CC=CC=C3CC4=C2N=CC=C4
D06809,CC1C(C(CC(O1)OC2C(OC(CC2O)OC3C(OC(CC3O)OC4CCC5(C(C4)CCC6C5CCC7(C6(CCC7C8=CC(=O)OC8)O)C)C)C)C)OC(=O)C)O
D06810,CCC(C=CCl)(C#C)O
D06811,C1=C(C=C(C(=C1I)OC2=CC(=C(C(=C2)I)O)I)I)CC(C(=O)O)N
D06812,CC1=C(C=C(C=C1)C(=O)NC2=CC(=C(C=C2)CN3CCN(CC3)C)C(F)(F)F)C#CC4=CN=C5N4N=CC=C5
D06813,CCCCCC(C=CC1C(CC2C1CC(=CCCCC(=O)O)O2)O)O
D06814,CC1(C(=O)N2C(C(=O)N3CCCC3C2(O1)O)CC4=CC=CC=C4)NC(=O)C5CN(C6CC7=CNC8=CC=CC(=C78)C6=C5)C
D06815,CCN1CCCC1CNC(=O)C2=CC(=C(C=C2OC)N)S(=O)(=O)CC
D06816,CC(=O)NCCCS(=O)(=O)O
D06817,C(CN)C(O)(P(=O)(O)O)P(=O)(O)O
D06818,C1=CC(=CC(=C1)NC2=C(C=CC=N2)C(=O)O)C(F)(F)F
D06819,C1CCC2C(C1)CC(N2C(=O)C3CC4=CC=CC=C4CN3C(=O)C(CO)NC(=O)C(CC5=CC=CS5)NC(=O)CNC(=O)C6CC(CN6C(=O)C7CCCN7C(=O)C(CCCN=C(N)N)NC(=O)C(CCCN=C(N)N)N)O)C(=O)NC(CCCN=C(N)N)C(=O)O
D06820,C1CCC(C(C1)CN2CCN(CC2)C3=NSC4=CC=CC=C43)CN5C(=O)C6C7CCC(C7)C6C5=O
D06821,C1C(C2C(O1)C(CO2)O[N+](=O)[O-])O
D06822,CC1CCCC2(C(O2)CC(NC(=O)CC(C(C(=O)C(C1O)C)(C)C)O)C(=CC3=CSC(=N3)C)C)C
D06823,CN(C)CCOC1=CC=C(C=C1)C(=C(CCCl)C2=CC=CC=C2)C3=CC=CC=C3
D06824,C1=NC(=C2C(=N1)N(C=N2)C3C(C(C(O3)COP(=O)(O)OP(=O)(O)OP(=O)(O)O)O)O)N
D06825,CCC12CCC3C(C1CCC2(C#C)OC(=O)C)CCC4=CC(=NO)CCC34
D06826,C1=CC(=C(C=C1CC(C(=O)O)N)O)O
D06827,C[N+](C)(CCCCCC[N+](C)(C)C1C2=CC=CC=C2C3=CC=CC=C13)C4C5=CC=CC=C5C6=CC=CC=C46
D06828,CC(C)(C)NCC(=O)NC1=CC(=C2CC3CC4C(C(=O)C(=C(C4(C(=O)C3=C(C2=C1O)O)O)O)C(=O)N)N(C)C)N(C)C
D06829,CN1CCN(CC1)CCCN2C3=CC=CC=C3SC4=C2C=C(C=C4)S(=O)(=O)N(C)C
D06830,CN1C2=C(C(=O)N(C1=O)C)NC=N2
D06831,CC(C)(C)NCC(COC1=CC=CC2=C1CCC(=O)N2)O
D06832,CCC(=O)OC(CC1=CC=CC=C1)(C2=CC=CC=C2)C(C)CN(C)C
D06833,C1=CC=C(C=C1)NC(=O)CCCCCCC(=O)NO
D06834,CCN1CCN(C(=O)C1=O)C(=O)NC(C2=CC=C(C=C2)O)C(=O)NC3C4N(C3=O)C(=C(CS4)CSC5=NN=NN5C)C(=O)O
D06835,CC1(C(N2C(S1)C(C2=O)NC(=O)CC3=CC=CC=C3)C(=O)O)C
D06836,C1CC1CN2C(=O)CN=C(C3=C2C=CC(=C3)Cl)C4=CC=CC=C4
D06837,CC1(C2CC3C(C(=O)C(=C(C3(C(=O)C2=C(C4=C(C=CC(=C41)Cl)O)O)O)O)C(=O)NCO)N(C)C)O
D06838,CC(C)C1=C(C=C2C(=C1)CCC3C2(CCCC3(C)C(=O)O)C)S(=O)(=O)O
D06839,CNCCCN1C2=CC=CC=C2CCC3=CC=CC=C31
D06840,CCC1(C2=C(COC1=O)C(=O)N3CC4=CC5=C(C=CC(=C5CN(C)C)O)N=C4C3=C2)O
D06841,CC1CCN(C(C1)C(=O)O)C(=O)C(CCCN=C(N)N)NS(=O)(=O)C2=CC=CC3=C2NCC(C3)C
D06842,CCC=CCC=CCC=CCCCCCCCC(=O)O
D06843,C1=CC(=C2C(=C1NCCNCCO)C(=O)C3=C(C=CC(=C3C2=O)O)O)NCCNCCO
D06844,CCC1(CC2CC(C3=C(CCN(C2)C1)C4=CC=CC=C4N3)(C5=C(C=C6C(=C5)C78CCN9C7C(C=CC9)(C(C(C8N6C)(C(=O)OC)O)OC(=O)C)CC)OC)C(=O)OC)O
D06845,CC(C)(C)NCC(COC1=CC=CC2=C1CCC(=O)N2)O
D06846,C(OC(C(F)(F)F)C(F)(F)F)F
D06847,C1CC(N(C1)C(=O)C2CSSCC(C(=O)NC(C(=O)NC(C(=O)NC(C(=O)NC(C(=O)N2)CC(=O)N)CCC(=O)N)CC3=CC=CC=C3)CC4=CC=C(C=C4)O)NC(=O)CNC(=O)CNC(=O)CN)C(=O)NC(CCCCN)C(=O)NCC(=O)N
D06848,CC12CCN(C1N(C3=C2C=C(C=C3)OC(=O)NC)C)C
D06849,CCCC(CCC)C(=O)O
D06850,CCC1C(C(C(C(=O)C(CC(C(C(C(C(C(=O)O1)C)OC2CC(C(C(O2)C)O)(C)OC)C)OC3C(C(CC(O3)C)N(C)C)O)(C)OC)C)C)O)(C)O
D06851,CNC(=C[N+](=O)[O-])NCCSCC1=CC=C(O1)CN(C)C
D06852,CC(=O)OC1CC2CCC3C(C2(CC1[N+]4(CCCCC4)C)C)CCC5(C3CC(C5OC(=O)C)[N+]6(CCCCC6)C)C
D06853,CN(C)C(=O)C(CCN1CCC(CC1)(C2=CC=C(C=C2)Cl)O)(C3=CC=CC=C3)C4=CC=CC=C4
D06854,C(C(C1C(=C(C(=O)O1)O)O)O)O
D06855,CN(C)CCC=C1C2=CC=CC=C2CCC3=CC=CC=C31
D06856,CC1C(C(CC(O1)OC2CC(CC3=C2C(=C4C(=C3O)C(=O)C5=CC=CC=C5C4=O)O)(C(=O)C)O)N)O
D06857,CN1CCC23C=CC(CC2OC4=C(C=CC(=C34)C1)OC)O
D06858,CCN1C=C(C(=O)C2=CC(=C(C(=C21)F)N3CCNC(C3)C)F)C(=O)O
D06859,CC(=O)NC(C=O)C(C(C(CO)O)O)O
D06860,CN(C)CCN(CC1=CC=C(C=C1)OC)C2=CC=CC=N2
D06861,COC1CN(CCC1NC(=O)C2=CC(=C(C=C2OC)N)Cl)CCCOC3=CC=C(C=C3)F
D06862,C1=CC=C(C=C1)C2=C(OC(=N2)CCC(=O)O)C3=CC=CC=C3
D06863,CC1CN(CCC1(C)C2=CC(=CC=C2)O)CC(CC3=CC=CC=C3)C(=O)NCC(=O)O
D06864,CC(CN1C2=CC=CC=C2SC3=C1C=C(C=C3)S(=O)(=O)N(C)C)N(C)C
D06865,CC12CCC3C(C1CCC2(C#C)O)CCC4=CC5=C(CC34C)C=NO5
D06866,CCCNC(C)C(=O)NC1=CC=CC=C1C
D06867,C(CC(O)(P(=O)(O)O)P(=O)(O)O)CN
D06868,C1=NC2=C(N1COC(CO)CO)N=C(NC2=O)N
D06869,CN(C)C1C2CC3CC4=C(C=CC(=C4C(=C3C(=O)C2(C(=C(C1=O)C(=O)N)O)O)O)O)N(C)C
D06870,CNS(=O)(=O)CCC1=CC2=C(C=C1)NC=C2C3CCN(CC3)C
D06871,CN(C)C1C2CC3CC4=C(C=CC(=C4C(=C3C(=O)C2(C(=C(C1=O)C(=O)N)O)O)O)O)N(C)C
D06872,CCCN(CCC1=CC=CS1)C2CCC3=C(C2)C=CC=C3O
D06873,CC1=C(C(=C(C=C1)Cl)NC2=CC=CC=C2C(=O)O)Cl
D06874,CC(CN1C2=CC=CC=C2SC3=C1N=CC=C3)N(C)C
D06875,C1CN(CCN1)C2=NC3=CC=CC=C3OC4=C2C=C(C=C4)Cl
D06876,CC1C2CCC3(C(C2(CCC1O)C)C(CC4C3(CC(C4=C(CCC=C(C)C)C(=O)O)OC(=O)C)C)O)C
D06877,C1CSSC1CCCCC(=O)O
D06878,CC1=C(C=CC2=C1N=C(C=C2OC3CC4C(C3)C(=O)N(CCCCC=CC5CC5(NC4=O)C(=O)NS(=O)(=O)C6CC6)C)C7=NC(=CS7)C(C)C)OC
D06879,CC(C)C1(C(=O)NC(=O)NC1=O)CC=C
D06880,C1C(=C(N2C(S1)C(C2=O)NC(=O)C(C3=CC=CC=C3)O)C(=O)O)CSC4=NN=NN4CS(=O)(=O)O
D06881,C(C(F)(F)F)(Cl)Br
D06882,CC(C1=CC=CC=C1)(C2=CC=CC=N2)OCCN(C)C
D06883,CCC1=NC(=C(N1CC2=CC3=C(C=C2)OC(=C3Br)C4=CC=CC=C4NS(=O)(=O)C(F)(F)F)C(=O)N)C5CC5
D06884,COC1=NC=CN=C1NS(=O)(=O)C2=CC=C(C=C2)N
D06885,C[N+]1(CCCC1)CC2=C(N3C(C(C3=O)NC(=O)C(=NOC)C4=CSC(=N4)N)SC2)C(=O)[O-]
D06886,C1C2CC3CC1CC(C2)(C3)N
D06887,C1C2=NN=CN2C3=C(C=C(C=C3)Cl)C(=N1)C4=CC=CC=C4
D06888,CCCCS(=O)(=O)NC(CC1=CC=C(C=C1)OCCCCC2CCNCC2)C(=O)O
D06889,C1=CC=C(C=C1)C2=NC(C(=O)NC3=C2C=C(C=C3)Cl)C(=O)O
D06890,CC1=CC2=C(C=C1)N=C(N3N2C(=O)C(C3=O)CC=C)N(C)C
D06891,CC(C)NC1=C(N=CC=C1)N2CCN(CC2)C(=O)C3=CC4=C(N3)C=CC(=C4)NS(=O)(=O)C
D06892,C(CC(=O)O)C(C(=O)O)NC(=O)N
D06893,C1CCC2(C3CC4=C(C2(C1)CCN3CC5CCC5)C=C(C=C4)O)O
D06894,C1CN(P(=O)(OC1)NCCCl)CCCl
D06895,CNCCCC12CCC(C3=CC=CC=C31)C4=CC=CC=C24
D06896,CCCC(=O)NC1=CC(=C(C=C1)OCC(CNC(C)C)O)C(=O)C
D06897,CC1=CN=C(C=N1)C(=O)NCCC2=CC=C(C=C2)S(=O)(=O)NC(=O)NC3CCCCC3
D06898,C1=CC=C(C=C1)C2=CC=C(C=C2)C(C3=CC=CC=C3)N4C=CN=C4
D06899,C1=CC(=C(C=C1CC(C(=O)O)N)O)O
D06900,CC1=CN(C(=O)NC1=O)C2CC(C(O2)CO)O
D06901,CC1=CC2=C(S1)NC3=CC=CC=C3N=C2N4CCN(CC4)C
D06902,CNC(=O)C1=NC=CC(=C1)OC2=CC(=C(C=C2)NC(=O)NC3=CC(=C(C=C3)Cl)C(F)(F)F)F
D06903,C1=CC=C(C=C1)C(C2=CC=CC=C2)(C3=CC=CC=C3Cl)N4C=CN=C4
D06904,CCN1C=C(C(=O)C2=C1C=C(C=C2)C3=CC=NC=C3)C(=O)O
D06905,CN1C(=O)CN=C(C2=C1C=CC(=C2)Cl)C3=CC=CC=C3
D06906,C1C2CC3CC1CC(C2)(C3)N
D06907,C1C(OC(S1)CO)N2C=CC(=NC2=O)N
D06908,CC1CC2C3CCC(C3(CC(C2(C4(C1=CC(=O)C=C4)C)F)O)C)(C(=O)C)O
D06909,CCCCC1=C(C2=CC=CC=C2O1)C(=O)C3=CC(=C(C(=C3)I)OCCN(CC)CC)I
D06910,CC(C)[N+](C)(CCC(C1=CC=CC=C1)(C2=CC=CC=C2)C(=O)N)C(C)C
D06911,CC12CCC3C(C1CCC2(CC=C)O)CCC4=CCCCC34
D06912,CCCC1=NN(C2=C1N=C(NC2=O)C3=C(C=CC(=C3)S(=O)(=O)N4CCN(CC4)C)OCC)C
D06913,CC1C2C(C(=O)N2C(=C1SC3CC(NC3)C(=O)NC4=CC=CC(=C4)C(=O)O)C(=O)O)C(C)O
D06914,C1=CC(=C(C(=C1)Cl)CC(=O)N=C(N)N)Cl
D06915,CN1CCC23C=CC(CC2OC4=C(C=CC(=C34)C1)OC)O
D06916,C1CNCC(C1C2=CC=C(C=C2)F)COC3=CC4=C(C=C3)OCO4
D06917,C(C(C1C(=C(C(=O)O1)O)O)O)O
D06918,CCCSC1=CC2=C(C=C1)N=C(N2)NC(=O)OC
D06919,CN1C(=NN=N1)SCC2=C(N3C(C(C3=O)(NC(=O)CSCC#N)OC)SC2)C(=O)O
D06920,CC(C(C1CNC2=C(N1)C(=O)NC(=N2)N)O)O
D06921,C1=CN=CC=C1N
D06922,CC(C)NC1=C(N=CC=C1)N2CCN(CC2)C(=O)C3=CC4=C(N3)C=CC(=C4)NS(=O)(=O)C
D06923,CC(=O)OC1C(CC2C1(CCC3C2CCC4C3(CC(C(C4)O)N5CCOCC5)C)C)[N+]6(CCCC6)CC=C
D06924,C1CCN(CC1)CCOC2=CC=C(C=C2)C(=O)C3=C(SC4=C3C=CC(=C4)O)C5=CC=C(C=C5)O
D06925,CC(=O)NCCCS(=O)(=O)O
D06926,CC(=O)OC1=CC=CC=C1C(=O)O
D06927,C1=CC=C(C=C1)C2=NC(C(=O)NC3=C2C=C(C=C3)Cl)C(=O)O
D06928,CCCC(C)C1(C(=O)NC(=O)NC1=O)CC=C
D06929,C1C(=S)N(C2=C(C=C(C=C2)Cl)C(=N1)C3=CC=CC=C3F)CC(F)(F)F
D06930,CC(C)C1=C(C(=CC=C1)C(C)C)OCOP(=O)(O)O
D06931,CN(C)S(=O)(=O)C1=CC2=C(C=C1)SC3=CC=CC=C3N2CCCN4CCC(CC4)CCO
D06932,CCC1C=C(CC(CC(C2C(CC(C(O2)(C(=O)C(=O)N3CCCCC3C(=O)OC(C(C(CC1=O)O)C)C(=CC4CCC(C(C4)OC)Cl)C)O)C)OC)OC)C)C
D06933,CN1CCCC1C2=CN=CC=C2
D06934,CCOC1=C(C=CC(=C1)CC(=O)NC(CC(C)C)C2=CC=CC=C2N3CCCCC3)C(=O)O
D06935,CN1CCC(CC1)COC2=C(C=C3C(=C2)N=CN=C3NC4=C(C=C(C=C4)Br)F)OC
D06936,CC(C)(C(=O)OCCOC(=O)C1=CN=CC=C1)OC2=CC=C(C=C2)Cl
D06937,C(C(OC(F)F)(F)F)(F)Cl
D06938,CCC=CCC=CCC=CCC=CCC=CCCCC(=O)OCC
D06939,CC1=C(C(CCC1)(C)C)C=CC(=CC=CC(=CCO)C)C
D06940,CCCCCCOC(=O)NC(=N)C1=CC=C(C=C1)NCC2=NC3=C(N2C)C=CC(=C3)C(=O)N(CCC(=O)OCC)C4=CC=CC=N4
D06941,CCC1=C2C(=CC=C1)C3=C(N2)C(OCC3)(CC)CC(=O)O
D06942,CN1CCCC(CC1)N2C(=O)C3=CC=CC=C3C(=N2)CC4=CC=C(C=C4)Cl
D06943,C(CCN)CC(C(=O)O)N
D06944,CC(O)(P(=O)(O)O)P(=O)(O)O
D06945,C1=C2C(=CC(=C1Cl)S(=O)(=O)N)S(=O)(=O)N=CN2
D06946,C1C(=O)N(C2=C(C=C(C=C2)Cl)C(=N1)C3=CC=CC=C3)CC(F)(F)F
D06947,C(=N)(N)N
D06948,CC1CC2C3CC(C4=CC(=O)C=CC4(C3(C(CC2(C1(C(=O)CO)O)C)O)F)C)F
D06949,CC#CCC(C)C(C=CC1C(CC2C1CC(=CCCCC(=O)O)C2)O)O
D06950,CC1CC2C(CCC3(C2CCC3(C(=O)C)OC(=O)C)C)C4(C1=CC(=O)CC4)C
D06951,C(CCC(=O)O)CCN
D06952,CC12CCC3C(C1CCC2(C#C)O)CCC4=CC(=O)CCC34
D06953,CC12CCC(=O)C=C1CCC3C2(C(CC4(C3CCC4(C(=O)CO)O)C)O)F
D06954,CN1CCN(CC1)CC(=O)N2C3=CC=CC=C3C(=O)NC4=C2N=CC=C4
D06955,CCC12CCC3C(C1CCC2(C#C)O)CCC4=CC(=O)CCC34
D06956,CCC(=O)N(C1CCN(CC1)CCC2=CC=CC=C2)C3=CC=CC=C3
D06957,C1C(=C(N2C(S1)C(C2=O)NC(=O)CC3=CC=CC=C3CN)C(=O)O)CSC4=NN=NN4CC(=O)O
D06958,C1=CC(=CC=C1CN)S(=O)(=O)N
D06959,CN1CC(CC2(C1CC3=CN(C4=CC=CC2=C34)C)OC)COC(=O)C5=CC(=CN=C5)Br
D06960,CC(=O)NC(C=O)C(C(C(CO)O)O)O
D06961,CNS(=O)(=O)CC1=CC2=C(C=C1)NC=C2CCN(C)C
D06962,C[N+](C)(C)CCCCCCCCCC[N+](C)(C)C
D06963,CCCC(CCC)C(=O)O
D06964,CS(=O)(=O)CCNCC1=CC=C(O1)C2=CC3=C(C=C2)N=CN=C3NC4=CC(=C(C=C4)OCC5=CC(=CC=C5)F)Cl
D06965,CC1=C(N=C(N=C1N)C(CC(=O)N)NCC(C(=O)N)N)C(=O)NC(C(C2=CN=CN2)OC3C(C(C(C(O3)CO)O)O)OC4C(C(C(C(O4)CO)O)OC(=O)N)O)C(=O)NC(C)C(C(C)C(=O)NC(C(C)O)C(=O)NCCC5=NC(=CS5)C6=NC(=CS6)C(=O)NCCC[S+](C)C)O
D06966,CCN(CC)CC1=C(C=CC(=C1)NC2=C3C=CC(=CC3=NC=C2)Cl)O
D06967,C1=C(C=C(C(=C1S(=O)(=O)N)Cl)Cl)S(=O)(=O)N
D06968,CC(CC1=CC=CC=C1)N(C)CC2=CC=CC=C2
D06969,CC(C(C1CNC2=C(N1)C(=O)NC(=N2)N)O)O
D06970,CCCC1=CC(=O)NC(=S)N1
D06971,CCC(C)(C)C(=O)OC1CC(C=C2C1C(C(C=C2)C)CCC3CC(CC(=O)O3)O)C
D06972,CC1=C(C2=C(N1C(=O)C3=CC=C(C=C3)Cl)C=CC(=C2)OC)CC(=O)O
D06973,CCCC(C)(COC(=O)N)COC(=O)N
D06974,CCC1(CCC(=O)NC1=O)C2=CC=CC=C2
D06975,CC1(C(N2C(S1)C(C2=O)NC(=O)COC3=CC=CC=C3)C(=O)O)C
D06976,CC1(C(N2C(S1)C(C2=O)NC(=O)C(C3=CC=CC=C3)NC(=O)N4CCN(C4=O)S(=O)(=O)C)C(=O)O)C
D06977,C1CC(NC1)C(=O)O
D06978,CC(CCC=C(C)C)NC
D06979,C1CC1CN2CCC34C5C(=O)CCC3(C2CC6=C4C(=C(C=C6)O)O5)O
D06980,CN1C2=C(C(=O)N(C1=O)C)NC=N2
D06981,C(C(F)(F)F)(Cl)Br
D06982,CC1=CC(=NC(=N1)NS(=O)(=O)C2=CC=C(C=C2)N)C
D06983,CCC1=CC2=C(S1)N(C(=O)CN=C2C3=CC=CC=C3Cl)C
D06984,CC1(C(N2C(S1)C(C2=O)NC(=O)C(C3=CC=CC=C3)NC(=O)N4CCNC4=O)C(=O)O)C
D06985,CCC(C)C1(C(=O)NC(=O)NC1=O)CC
D06986,C1=CC(=CN=C1)CC(O)(P(=O)(O)O)P(=O)(O)O
D06987,CC(C)NCC(COC1=CC=C(C=C1)CC(=O)N)O
D06988,CC(C1=CC(=CC=C1)C(=O)C2=CC=CC=C2)C(=O)O
D06989,C1=CC(=C(C=C1Cl)Cl)COC(CN2C=CN=C2)C3=C(C=C(C=C3)Cl)Cl
D06990,CNC1(CCCCC1=O)C2=CC=CC=C2Cl
D06991,C1=NC(=C2C(=N1)N(C=N2)C3C(C(C(O3)COP(=O)(O)OP(=O)(O)OP(=O)(O)O)O)O)N
D06992,C1=NC(=NN1C2C(C(C(O2)CO)O)O)C(=O)N
D06993,CN(C)CCC=C1C2=CC=CC=C2CCC3=CC=CC=C31
D06994,CC1=C(C2=C(C1=CC3=CC=C(C=C3)S(=O)C)C=CC(=C2)F)CC(=O)O
D06995,C[N+]1(CCC2=CC(=C(C=C2C1CC3=CC(=C(C(=C3)OC)OC)OC)OC)OC)CCCOC(=O)CCC=CCCC(=O)OCCC[N+]4(CCC5=CC(=C(C=C5C4CC6=CC(=C(C(=C6)OC)OC)OC)OC)OC)C
D06996,C1=CC=C(C=C1)C2C(=O)C3=CC=CC=C3C2=O
D06997,C1=CC=C(C=C1)COC2=CC=C(C=C2)O
D06998,C1=CC=C(C=C1)N2C(=CC=N2)NS(=O)(=O)C3=CC=C(C=C3)N
D06999,CNS(=O)(=O)CCC1=CC2=C(C=C1)NC=C2C3CCN(CC3)C
D07000,CC(C1=C(C=CC(=C1Cl)F)Cl)OC2=C(N=CC(=C2)C3=CN(N=C3)C4CCNCC4)N
D07001,C1C(C(=O)NO1)N
D07002,CC1=NC=CN1CC2CCC3=C(C2=O)C4=CC=CC=C4N3C
D07003,CN1C2=C(C(=O)N(C1=O)C)NC=N2
D07004,CC(=O)OC1CC2CCC3C(C2(CC1[N+]4(CCCCC4)C)C)CCC5(C3CC(C5OC(=O)C)[N+]6(CCCCC6)C)C
D07005,COC1=C(C=C(C=C1)C2=CC3=C(C=C2)C=C(C=C3)C(=O)O)C45CC6CC(C4)CC(C6)C5
D07006,CCN(CCCC(C)NC1=C2C=CC(=CC2=NC=C1)Cl)CCO
D07007,C1CC(NC1)C(=O)O
D07008,C1=CC(=CC=C1C#N)C(C2=CC=C(C=C2)C#N)N3C=NC=N3
D07009,CN1CCC23C=CC(CC2OC4=C(C=CC(=C34)C1)OC)O
D07010,C1C(C(C(C(C1N)OC2C(C(C(C(O2)CO)O)O)N)OC3C(C(C(O3)CO)OC4C(C(C(C(O4)CN)O)O)N)O)O)N
D07011,C1CN(CCN1)C2=NC3=CC=CC=C3OC4=C2C=C(C=C4)Cl
D07012,CC1CC2C3CC(C4=CC(=O)C=CC4(C3(C(CC2(C1(C(=O)SCF)OC(=O)C5=CC=CO5)C)O)F)C)F
D07013,CCNC(=O)N(CCCN(C)C)C(=O)C1CC2C(CC3=CNC4=CC=CC2=C34)N(C1)CC=C
D07014,CC1CC(=O)C=C(C12C(=O)C3=C(O2)C(=C(C=C3OC)OC)Cl)OC
D07015,CCCN(CCC)CCC1=C2CC(=O)NC2=CC=C1
D07016,CC1(C(=O)N(C(=O)N1)C2=CC(=C(C=C2)[N+](=O)[O-])C(F)(F)F)C
D07017,CNCCCC12CCC(C3=CC=CC=C31)C4=CC=CC=C24
D07018,CC1=C(N2C(C(C2=O)NC(=O)C(C3=CC=C(C=C3)O)N)SC1)C(=O)O
D07019,CC1(OC2COC3(C(C2O1)OC(O3)(C)C)COS(=O)(=O)N)C
D07020,CN(C)CCOC(C1=CC=C(C=C1)Cl)C2=CC=CC=N2
D07021,C1(=C(N=C(C(=N1)Cl)N)N)C(=O)N=C(N)N
D07022,CC#CCN1C2=C(N=C1N3CCCC(C3)N)N(C(=O)N(C2=O)CC4=NC5=CC=CC=C5C(=N4)C)C
D07023,C1CN(CCC1N2C3=CC=CC=C3NC2=O)CCCC(C4=CC=C(C=C4)F)C5=CC=C(C=C5)F
D07024,CC1=C(C=C(C=C1)C(=O)NC2=CC(=C(C=C2)CN3CCN(CC3)C)C(F)(F)F)C#CC4=CN=C5N4N=CC=C5
D07025,CN(C)CCCN1C2=CC=CC=C2CCC3=CC=CC=C31
D07026,CC1CC=CC=CC=CC=CC(CC2C(C(CC(O2)(CC(CC3C(O3)C=CC(=O)O1)O)O)O)C(=O)O)OC4C(C(C(C(O4)C)O)N)O
D07027,CC1=CC(=O)C2=CC=CC=C2C1=O
D07028,CC1(C(N2C(S1)C(C2=O)NC(=O)C(C3=CC=CC=C3)N)C(=O)OCOC(=O)C(C)(C)C)C
D07029,CC1=C(C(=O)N2CCCC(C2=N1)O)CCN3CCC(CC3)C4=NOC5=C4C=CC(=C5)F
D07030,CN1C(=O)CC(=O)N(C2=C1C=CC(=C2)Cl)C3=CC=CC=C3
D07031,CN(C)CCC=C1C2=CC=CC=C2COC3=CC=CC=C31
D07032,CC1=CN=C(C(=C1OC)C)CS(=O)C2=NC3=C(N2)C=C(C=C3)OC
D07033,CC1=C(C(CCC1)(C)C)C=CC(=CC=CC(=CC(=O)O)C)C
D07034,COC1=C2C(=CC(=C1N3CC4CCCNC4C3)F)C(=O)C(=CN2C5CC5)C(=O)O
D07035,CC1(OC2COC3(C(C2O1)OC(O3)(C)C)COS(=O)(=O)N)C
D07036,CN1C(=NN=N1)SCC2=C(N3C(C(C3=O)NC(=O)C(C4=CC=CC=C4)O)SC2)C(=O)O
D07037,C1=NC(=C2C(=N1)N(C=N2)C3C(C(C(O3)COP(=O)(O)OP(=O)(O)OP(=O)(O)O)O)O)N
D07038,CCC(C)CCCCC(=O)NC(CCN)C(=O)NC(C(C)O)C(=O)NC(CCN)C(=O)NC1CCNC(=O)C(NC(=O)C(NC(=O)C(NC(=O)C(NC(=O)C(NC(=O)C(NC1=O)CCN)CC2=CC=CC=C2)CC(C)C)CCN)CCN)C(C)O
D07039,CCN(CC)CCN1C(=O)CN=C(C2=C1C=CC(=C2)Cl)C3=CC=CC=C3F
D07040,COC(=O)C1C2CCC(N2CCCF)CC1C3=CC=C(C=C3)I
D07041,CC1(C(NC(S1)C(C(=O)NCCCCC(C(=O)O)N)NC(=O)CC2=CC=CC=C2)C(=O)O)C.C(CCN)CC(C(=O)O)N
D07042,CC1=CC2=C(C=C1C)N(C3=NC(=O)NC(=O)C3=N2)CC(C(C(COP(=O)(O)OP(=O)(O)OCC4C(C(C(O4)N5C=NC6=C(N=CN=C65)N)O)O)O)O)O
D07043,C1=NC(=C2C(=N1)N(C=N2)C3C(C(C(O3)COP(=O)(O)O)O)O)N
D07044,CC1CN(CC(N1)C)C2=C(C(=C3C(=C2F)N(C=C(C3=O)C(=O)O)C4CC4)N)F
D07045,CC1=C2C(C(=O)C3(C(CC4C(C3C(C(C2(C)C)(CC1OC(=O)C(C(C5=CC=CC=C5)NC(=O)OC(C)(C)C)O)O)OC(=O)C6=CC=CC=C6)(CO4)OC(=O)C)OC)C)OC
D07046,CC(CC1=CC=CC=C1)N
D07047,C1=CN(C(=O)N=C1N)C2C(C(C(O2)CO)O)(F)F
D07048,CN1CCN(CC1)C2=NC3=CC=CC=C3OC4=C2C=C(C=C4)Cl
D07049,C1C(=O)NC2=C(C=C(C=C2)[N+](=O)[O-])C(=N1)C3=CC=CC=C3
D07050,CCCC(C)C1(C(=O)NC(=O)NC1=O)CC
D07051,CN(C)N=NC1=C(NC=N1)C(=O)N
D07052,C1C(=O)NC2=C(C=C(C=C2)[N+](=O)[O-])C(=N1)C3=CC=CC=C3
D07053,CCCC1=NN(C2=C1N=C(NC2=O)C3=C(C=CC(=C3)S(=O)(=O)NCCC4CCCN4C)OCCC)C
D07054,CN1C(=O)CN=C(C2=C1C=CC(=C2)Cl)C3=CC=CC=C3
D07055,CN(CC1=C(C(=CC(=C1)Br)Br)N)C2CCCCC2
D07056,CNCCCC1C2=CC=CC=C2C=CC3=CC=CC=C13
D07057,CC12CCC(=O)C=C1C3CC3C4C2CCC5(C4C6CC6C57CCC(=O)O7)C
D07058,C1=NC(=C2C(=N1)N(C=N2)C3C(C(C(O3)COP(=O)(O)O)O)O)N
D07059,CC1CC2C3CC(C4=CC(=O)C=CC4(C3(C(CC2(C1(C(=O)CO)O)C)O)F)C)F
D07060,CN1CCN2C(C1)C3=CC=CC=C3CC4=C2N=CC=C4
D07061,CCN1C=C(C(=O)C2=C1C=C(C=C2)C3=CC=NC=C3)C(=O)O
D07062,CCC1C(C(C(C(=NOCOCCOC)C(CC(C(C(C(C(C(=O)O1)C)OC2CC(C(C(O2)C)O)(C)OC)C)OC3C(C(CC(O3)C)N(C)C)O)(C)O)C)C)O)(C)O
D07063,CC(CC1=CC=CC=C1)N
D07064,C1CCNC(C1)CNC(=O)C2=C(C=CC(=C2)OCC(F)(F)F)OCC(F)(F)F
D07065,CC(C)(C)NCC(C1=CC(=C(C=C1)O)CO)O
D07066,C1=CC=C(C(=C1)C2=NC(C(=O)NC3=C2C=C(C=C3)Cl)O)Cl
D07067,CN1CCN(CC1)CCCN2C3=CC=CC=C3SC4=C2C=C(C=C4)C(F)(F)F
D07068,CN1CCN(CC1)C2=NC3=C(C=CC(=C3)Cl)NC4=CC=CC=C42
D07069,CCCC1=NN(C2=C1N=C(NC2=O)C3=C(C=CC(=C3)S(=O)(=O)N4CCN(CC4)C)OCC)C
D07070,CC1(C(=O)N2C(C(=O)N3CCCC3C2(O1)O)CC4=CC=CC=C4)NC(=O)C5CN(C6CC7=CNC8=CC=CC(=C78)C6=C5)C
D07071,COC(CNC(=O)N)C[Hg]Cl
D07072,CC1=C(C(C(=C(N1)C#N)C(=O)OC)C2=CC(=CC=C2)[N+](=O)[O-])C(=O)OC(C)C
D07073,CCCCN(CCCC)CC(C1=CC(=CC2=C1C3=C(C2=CC4=CC=C(C=C4)Cl)C=C(C=C3)Cl)Cl)O
D07074,CC(C)(C1=CC=CC=C1CCC(C2=CC=CC(=C2)C=CC3=NC4=C(C=CC(=C4)Cl)C=C3)SCC5(CC5)CC(=O)O)O
D07075,CCCC(C)C1(C(=O)NC(=O)NC1=O)CC=C
D07076,CC(C)C1C(=O)NC(CSSCC(C(=O)NC(C(=O)NC(C(=O)NC(C(=O)N1)CCCCN)CC2=CNC3=CC=CC=C32)CC4=CC=C(C=C4)O)NC(=O)C(CC5=CC=CC=C5)N)C(=O)NC(CC6=CNC7=CC=CC=C76)C(=O)N
D07077,C(CC(C(=O)O)N)CNC(=O)N
D07078,CCC1(C(=O)NCNC1=O)C2=CC=CC=C2
D07079,CC(C)(C)C1=CC=C(C=C1)S(=O)(=O)NC2=C(C(=NC(=N2)C3=NC=CC=N3)OCCO)OC4=CC=CC=C4OC
D07080,CC12CCC(=O)C=C1C3CC3C4C2CCC5(C4C6CC6C57CCC(=O)O7)C
D07081,CCC(C(C1=C2C=CC(=O)NC2=C(C=C1)O)O)NC(C)C
D07082,CN1C(=O)CN=C(C2=C1C=CC(=C2)Cl)C3=CC=CC=C3F
D07083,CC1(C(NC(S1)C(C(=O)NCCCCC(C(=O)O)N)NC(=O)CC2=CC=CC=C2)C(=O)O)C.C(CCN)CC(C(=O)O)N
D07084,CCCCC1=C(C2=C(O1)C=CC(=C2)NS(=O)(=O)C)C(=O)C3=CC=C(C=C3)OCCCN(CCCC)CCCC
D07085,CC(C1=CC(=C(C=C1)C2=CC=CC=C2)F)C(=O)O
D07086,C(CC(=O)O)C(C(=O)O)NC(=O)N
D07087,C1=NC(=C2C(=N1)N(C=N2)C3C(C(C(O3)CO)O)O)N
D07088,COC(=O)C1C(CCC2C1CC3C4=C(CCN3C2)C5=CC=CC=C5N4)O
D07089,CC(C(C(=O)O)N)O
D07090,CC1=C(C(=NO1)C2=CC=CC=C2Cl)C(=O)NC3C4N(C3=O)C(C(S4)(C)C)C(=O)O
D07091,CC(C(C1=CC=CC=C1)O)NC
D07092,CN1CCC2=C3C1CC4=C(C3=CC=C2)C(=C(C=C4)O)O
D07093,CNS(=O)(=O)CCC1=CC2=C(C=C1)NC=C2C3CCN(CC3)C
D07094,C1C2CC(C1C=C2)C3NC4=CC(=C(C=C4S(=O)(=O)N3)S(=O)(=O)N)Cl
D07095,CN1C2=C(C(=O)N(C1=O)C)N(C=N2)CC(CO)O
D07096,CN1CCN(CC1)C2=NC3=C(C=CC(=C3)Cl)NC4=CC=CC=C42
D07097,CC(C)C(=O)NC1=CC(=C(C=C1)[N+](=O)[O-])C(F)(F)F
D07098,CCNC(=O)N(CCCN(C)C)C(=O)C1CC2C(CC3=CNC4=CC=CC2=C34)N(C1)CC=C
D07099,CCCCC1=NN(C(=N1)CCCC)CC2=CN=C(C=C2)C3=CC=CC=C3C4=NNN=N4
D07100,CCOC(=O)C1=C(NC(=C(C1C2=C(C(=CC=C2)Cl)Cl)C(=O)OC)C)C
D07101,CCC12CCC3C(C1C=CC2(C#C)O)CCC4=CC(=O)CCC34
D07102,CC1=NC=C2N1C3=C(C=C(C=C3)Cl)C(=NC2)C4=CC=CC=C4F
D07103,CC1=CC2=C(C=C1C)N(C=N2)C3C(C(C(O3)CO)OP(=O)([O-])OC(C)CNC(=O)CCC4(C(C5C6(C(C(C(=C(C7=NC(=CC8=NC(=C(C4=N5)C)C(C8(C)C)CCC(=O)N)C(C7(C)CC(=O)N)CCC(=O)N)C)[N-]6)CCC(=O)N)(C)CC(=O)N)C)CC(=O)N)C)O.[C-]#N.[Co+3]
D07104,CCN(CC)C(C)CN1C2=CC=CC=C2SC3=CC=CC=C31
D07105,CC(C)(C)C(=O)OCOP(=O)(COCCN1C=NC2=C(N=CN=C21)N)OCOC(=O)C(C)(C)C
D07106,CC1(OC2COC3(C(C2O1)OC(O3)(C)C)COS(=O)(=O)N)C
D07107,C1C(=C(N2C(S1)C(C2=O)NC(=O)CC3=CC=CC=C3CN)C(=O)O)CSC4=NN=NN4CC(=O)O
D07108,C1=C(OC(=C1)[N+](=O)[O-])C=NNC(=O)N
D07109,CC1=CC(=O)N(C(=C1)C2CCCCC2)O
D07110,C(C1C(C(C(C(O1)OC2(C(C(C(O2)COS(=O)(=O)O[Al])OS(=O)(=O)O[Al])OS(=O)(=O)O[Al])COS(=O)(=O)O[Al])OS(=O)(=O)O[Al])OS(=O)(=O)O[Al])OS(=O)(=O)O[Al])OS(=O)(=O)O[Al].O.O.O.O.O.O.O.O.O.O.O.O.O.O.O.O.O.O.O.O.[Al]
D07111,C1=CC2=C(C(=C(C=C2Cl)Cl)O)N=C1
D07112,C1=CC=C(C(=C1)C2=NC(C(=O)N(C3=C2C=C(C=C3)Cl)CCC#N)O)F
D07113,C1=CC=C(C=C1)COCC(C(=O)O)N(CCN(CCN(CC(=O)[O-])CC(=O)[O-])CC(=O)[O-])CC(=O)O.[Gd+3]
D07114,CCC1(C(=O)NCNC1=O)C2=CC=CC=C2
D07115,C1CC1C#CC2(C3=C(C=CC(=C3)Cl)NC(=O)O2)C(F)(F)F
D07116,C1CN(CCN1)C2=NC3=CC=CC=C3OC4=C2C=C(C=C4)Cl
D07117,CCC1(CC2CC(C3=C(CCN(C2)C1)C4=CC=CC=C4N3)(C5=C(C=C6C(=C5)C78CCN9C7C(C=CC9)(C(C(C8N6C)(C(=O)OC)O)OC(=O)C)CC)OC)C(=O)OC)O
D07118,CCOC1=CC=CC=C1OC(C2CNCCO2)C3=CC=CC=C3
D07119,C1(=C(N=C(C(=N1)Cl)N)N)C(=O)N=C(N)N
D07120,C(C(OC(F)F)(F)F)(F)Cl
D07121,CC12CCCCCC(C1N)CC3=C2C=C(C=C3)O
D07122,CC(C)CC(C(=O)C1(CO1)C)NC(=O)C(CC2=CC=CC=C2)NC(=O)C(CC(C)C)NC(=O)C(CCC3=CC=CC=C3)NC(=O)CN4CCOCC4
D07123,CCC(=O)OC1(C(CC2C1(CC(C3(C2CC(C4=CC(=O)C=CC43C)F)F)O)C)C)C(=O)SCF
D07124,C(C(C(=O)O)N)C(=O)O
D07125,CCC1=C(C(=NC(=N1)N)N)C2=CC=C(C=C2)Cl
D07126,C1CN(CC2=CC=CC=C21)C(=N)N
D07127,CCOC(=O)C1(CCN(CC1)CCC2=CC=C(C=C2)N)C3=CC=CC=C3
D07128,CC(CN1C2=CC=CC=C2CCC3=CC=CC=C31)CN(C)C
D07129,CC(C)(C)C1=CC=C(C=C1)CN2CCN(CC2)C(C3=CC=CC=C3)C4=CC=C(C=C4)Cl
D07130,CN(C)CCCN1C2=CC=CC=C2SC3=C1C=C(C=C3)Cl
D07131,CC(C)N=C1C=C2C(=NC3=CC=CC=C3N2C4=CC=C(C=C4)Cl)C=C1NC5=CC=C(C=C5)Cl
D07132,CCC1(CCC(=O)NC1=O)C2=CC=CC=C2
D07133,CCC1C(=O)N2CCCC2C(=O)N(C(C(=O)N3CC(C(=O)CC3C(=O)NC(C(=O)OC(C(C(=O)N1)NC(=O)C4=C(C=CC=N4)O)C)C5=CC=CC=C5)CSC6CN7CCC6CC7)CC8=CC=C(C=C8)N(C)C)C
D07134,CC(C)(C#N)C1=CC(=CC(=C1)CN2C=NC=N2)C(C)(C)C#N
D07135,CN1CCC23CCCCC2C1CC4=C3C=C(C=C4)OC
D07136,CC12CCC3C(C1CCC2(C#C)O)CCC4=C3C=CC(=C4)O
D07137,CC(=O)NC(C=O)C(C(C(CO)O)O)O
D07138,CC(C)NCC(COC1=CC=CC=C1OCC=C)O
D07139,CC1=CC=CC=C1N2CCN(CC2)CCC3=NN=C4N3CCCC4
D07140,CC(C)(C)NC(=O)C1CC2CCCCC2CN1CC(C(CC3=CC=CC=C3)NC(=O)C(CC(=O)N)NC(=O)C4=NC5=CC=CC=C5C=C4)O
D07141,CC1CN(CCN1)C2=C(C=C3C(=C2OC)N(C=C(C3=O)C(=O)O)C4CC4)F
D07142,CC1=CC2=C(N1)C=CC=C2OCC(CNC(C)(C)C)OC(=O)C3=CC=CC=C3
D07143,C1C(=O)NC(=O)N1N=CC2=CC=C(O2)[N+](=O)[O-]
D07144,CCC(C)C(C(=O)O)N
D07145,C(C(F)(F)F)(OC(F)F)F
D07146,CC1(OC2CC3C4CCC5=CC(=O)C=CC5(C4C(CC3(C2(O1)C(=O)CO)C)O)C)C
D07147,CC1=C(C=C(C=C1)C(=O)NC2=CC(=C(C=C2)CN3CCN(CC3)C)C(F)(F)F)C#CC4=CN=C5N4N=CC=C5
D07148,C[N+]1(CCC2=CC(=C(C=C2C1CC3=CC(=C(C(=C3)OC)OC)OC)OC)OC)CCCOC(=O)CCC=CCCC(=O)OCCC[N+]4(CCC5=CC(=C(C=C5C4CC6=CC(=C(C(=C6)OC)OC)OC)OC)OC)C
D07149,C1=NC(=C2C(=N1)N(C=N2)C3C(C(C(O3)CO)O)O)N
D07150,CCC(C(CC(C)N(C)C)(C1=CC=CC=C1)C2=CC=CC=C2)OC(=O)C
D07151,COC1=CC(=CC(=C1OC)OC)C2C3C(COC3=O)C(C4=CC5=C(C=C24)OCO5)O
D07152,CCC1(C(=O)C(CNC1=O)C)CC
D07153,CC(=O)OC1=CC=CC=C1C(=O)NC2=NC=C(S2)[N+](=O)[O-]
D07154,C1CC(C1)CN2CCC34C5C(CCC3(C2CC6=C4C(=C(C=C6)O)O5)O)O
D07155,C1CCC2C(C1)CC(N2C(=O)C3CC4=CC=CC=C4CN3C(=O)C(CO)NC(=O)C(CC5=CC=CS5)NC(=O)CNC(=O)C6CC(CN6C(=O)C7CCCN7C(=O)C(CCCN=C(N)N)NC(=O)C(CCCN=C(N)N)N)O)C(=O)NC(CCCN=C(N)N)C(=O)O
D07156,CN1CCN(CC1)C(=O)OC2C3=NC=CN=C3C(=O)N2C4=NC=C(C=C4)Cl
D07157,CC1=CC(=O)C(=CN1)C(=O)NC(C2=CC=C(C=C2)O)C(=O)NC3C4N(C3=O)C(=C(CS4)CSC5=NN=NN5C)C(=O)O
D07158,CCCC(=O)OCOC(=O)C1=C(NC(=C(C1C2=C(C(=CC=C2)Cl)Cl)C(=O)OC)C)C
D07159,C1C(=O)NC2=C(C=C(C=C2)[N+](=O)[O-])C(=N1)C3=CC=CC=C3
D07160,CCCCC1=NC=C(N1CC2=CC=C(C=C2)C(=O)O)C=C(CC3=CC=CS3)C(=O)O
D07161,CCCC(C)C1(C(=O)NC(=O)NC1=O)CC
D07162,CC(=O)N(CC(CN(C1=C(C(=C(C(=C1I)C(=O)NCC(CO)O)I)C(=O)NCC(CO)O)I)C(=O)C)O)C2=C(C(=C(C(=C2I)C(=O)NCC(CO)O)I)C(=O)NCC(CO)O)I
D07163,CCCC(C)C1(C(=O)NC(=O)NC1=O)CC
D07164,CNCCC(C1=CC=CS1)OC2=CC=CC3=CC=CC=C32
D07165,C(CC(C(=O)O)N)CN=C(N)N
D07166,CC(C)(C1=CN=CC=C1)C(=O)C2=CN=CC=C2
D07167,CCN1CCN(C(=O)C1=O)C(=O)NC(C2=CC=C(C=C2)O)C(=O)NC3C4N(C3=O)C(=C(CS4)CSC5=NN=NN5C)C(=O)O
D07168,CC(C1=CC2=C(C=C1)C3=C(N2)C=CC(=C3)Cl)C(=O)O
D07169,CCCNC1CCC2=C(C1)SC(=N2)N
D07170,C1=CC=C2C(=C1)C(=CN2)CC(C(=O)O)N
D07171,C1=CC(=CC=C1C(CC(=O)O)CN)Cl
D07172,C[N+](C)(C)CCCCCCCCCC[N+](C)(C)C
D07173,CC=CCC=CCCC(=O)C1C(O1)C(=O)N
D07174,C1=CC(=C(C=C1N=NC2=CC(=C(C=C2)O)C(=O)O)C(=O)O)O
D07175,CC1=CC(=C(C(=C1C=CC(=CC=CC(=CC(=O)O)C)C)C)C)OC
D07176,CC(C)(C)NCC(C1=CC(=C(C=C1)O)CO)O
D07177,CCCCC(C)(CC=CC1C(CC(=O)C1CCCCCCC(=O)OC)O)O
D07178,CN1CCC23C4C1CC5=C2C(=C(C=C5)OC)OC3C(CC4)O
D07179,CC1=NN=C2N1C3=C(C=C(C=C3)Cl)C(=NC2)C4=CC=CC=C4Cl
D07180,CC1=C(N2C(C(C2=O)NC(=O)C(C3=CC=C(C=C3)O)N)SC1)C(=O)O
D07181,CNCCC=C1C2=CC=CC=C2CCC3=CC=CC=C31
D07182,C1=CC(=CC=C1C(C(CO)NC(=O)C(Cl)Cl)O)[N+](=O)[O-]
D07183,CCOC(=O)C1(CCN(CC1)C)C2=CC=CC=C2
D07184,CCC12CCC3C(C1CCC2(C#C)O)CCC4=CC(=NO)CCC34
D07185,CCC(C(CC(C)N(C)C)(C1=CC=CC=C1)C2=CC=CC=C2)OC(=O)C
D07186,CN(C)CC(C1=CC=C(C=C1)O)C2(CCCCC2)O
D07187,CC1=CC2=C(C=C1C)N(C3=NC(=O)NC(=O)C3=N2)CC(C(C(COP(=O)(O)OP(=O)(O)OCC4C(C(C(O4)N5C=NC6=C(N=CN=C65)N)O)O)O)O)O
D07188,COC1=C(C=C(C=C1)CNC2=NC(=NC=C2C(=O)NCC3=NC=CC=N3)N4CCCC4CO)Cl
D07189,COC1=C(C=C(C=C1)C2CC(=O)C3=C(C=C(C=C3O2)O)O)O
D07190,COC1CN(CCC1NC(=O)C2=CC(=C(C=C2OC)N)Cl)CCCOC3=CC=C(C=C3)F
D07191,CN1CCC23C=CC(CC2OC4=C(C=CC(=C34)C1)OC)O
D07192,C1=CC=C(C(=C1)C2=NC(C(=O)N(C3=C2C=C(C=C3)Cl)CCC#N)O)F
D07193,CC(CC1=CC=CC=C1)N=CC(Cl)(Cl)Cl
D07194,CN1C=NC2=C1C(=O)N(C(=O)N2C)C
D07195,CC(CC1=CC(=C(C=C1)O)O)C(C)CC2=CC(=C(C=C2)O)O
D07196,C(C(F)(F)F)(Cl)Br
D07197,CC1=C(C(CCC1)(C)C)C=CC(=CC=CC(=CC(=O)O)C)C
D07198,CN1C=NC2=C1C(=O)NC(=O)N2C
D07199,CC1=NC=CN1CC2CCC3=C(C2=O)C4=CC=CC=C4N3C
D07200,CN(C)CCC1=CNC2=C1C=C(C=C2)CC3COC(=O)N3
D07201,CCOC(=O)C(CCC1=CC=CC=C1)NC(C)C(=O)N2CC3=CC(=C(C=C3CC2C(=O)O)OC)OC
D07202,C1=CC=C(C=C1)C2(C(=O)NC(=O)N2)C3=CC=CC=C3
D07203,CC(C1=CC=CC2=CC=CC=C21)NCCCC3=CC(=CC=C3)C(F)(F)F
D07204,CCOC(=O)C1(CCN(CC1)CCC(C#N)(C2=CC=CC=C2)C3=CC=CC=C3)C4=CC=CC=C4
D07205,C1=NC2=C(N=C(N=C2N1C3C(C(C(O3)CO)O)O)F)N
D07206,CCOC1=NC2=CC=CC(=C2N1CC3=CC=C(C=C3)C4=CC=CC=C4C5=NOC(=O)N5)C(=O)OCC6=C(OC(=O)O6)C
D07207,CN1CCN2C(C1)C3=CC=CC=C3CC4=C2N=CC=C4
D07208,CC1=CN=C(C(=C1OC)C)CS(=O)C2=NC3=C(N2)C=C(C=C3)OC
D07209,CC(C)C(CCCN(C)CCC1=CC(=C(C=C1)OC)OC)(C#N)C2=CC(=C(C=C2)OC)OC
D07210,CC1=NN=C(S1)SCC2=C(N3C(C(C3=O)NC(=O)CN4C=NN=N4)SC2)C(=O)O
D07211,C1=CC=C(C(=C1)C(=O)O)[O-].C1=CC=C(C(=C1)C(=O)O)[O-].[Mg+2]
D07212,C[N+]1(CCC2=CC(=C(C(=C2C1CC3=CC(=C(C(=C3)OC)OC)OC)OC)OC)OC)CCCOC(=O)CCC(=O)OCCC[N+]4(CCC5=CC(=C(C(=C5C4CC6=CC(=C(C(=C6)OC)OC)OC)OC)OC)OC)C
D07213,CCC1(C(=O)NC(=O)NC1=O)CCC(C)C
D07214,COCCOCC(CC1(CCCC1)C(=O)NC2CCC(CC2)C(=O)O)C(=O)OC3=CC4=C(CCC4)C=C3
D07215,CCCCCCC(C)(C)C1=CC(=C2C3CC(=O)CCC3C(OC2=C1)(C)C)O
D07216,CN1C(=O)C=C(N(C1=O)CC2=CC=CC=C2C#N)N3CCCC(C3)N
D07217,C1C(=O)NC2=C(C=C(C=C2)[N+](=O)[O-])C(=N1)C3=CC=CC=C3
D07218,C1C(C(C(C(C1NC(=O)C(CCN)O)OC2C(C(C(C(O2)CO)O)N)O)O)OC3C(C(C(C(O3)CN)O)O)O)N
D07219,CC(C)(C(=O)O)ON=C(C1=CSC(=N1)N)C(=O)NC2C3N(C2=O)C(=C(CS3)C[N+]4=CC=CC=C4)C(=O)[O-]
D07220,CC(C)CC(C(=O)C1(CO1)C)NC(=O)C(CC2=CC=CC=C2)NC(=O)C(CC(C)C)NC(=O)C(CCC3=CC=CC=C3)NC(=O)CN4CCOCC4
D07221,CCC(=O)N(C1=CC=CC=C1)C2(CCN(CC2)CCC(=O)OC)C(=O)OC
D07222,CC1OC2(CN3CCC2CC3)CS1
D07223,C1=CC(=CN=C1)C(=O)O
D07224,CC1=NC=C(N1CCO)[N+](=O)[O-]
D07225,CC1=CC=CC=C1C(C2=CC=CC=C2)OCCN(C)C
D07226,C1CN(CCN1CCC=C2C3=CC=CC=C3SC4=C2C=C(C=C4)C(F)(F)F)CCO
D07227,CN1CCC23C4C1CC5=C2C(=C(C=C5)O)OC3C(C=C4)O
D07228,CNS(=O)(=O)CC1=CC2=C(C=C1)NC=C2CCN(C)C
D07229,CCN(CC)C(=S)SSC(=S)N(CC)CC
D07230,CC(C)[N+](C)(CCC(C1=CC=CC=C1)(C2=CC=CC=C2)C(=O)N)C(C)C
D07231,CCC(C1=CC(=CC=C1)O)C(C)CN(C)C
D07232,CC(C)CN(CC(C(CC1=CC=CC=C1)NC(=O)OC2CCOC2)O)S(=O)(=O)C3=CC=C(C=C3)N
D07233,CNCCC=C1C2=CC=CC=C2CCC3=CC=CC=C31
D07234,CC1=CC(=CC(=C1NC2=NC(=NC=C2)NC3=CC=C(C=C3)C#N)C)C=CC#N
D07235,CC(C)OC(=O)CCCC=CCC1C(CC(C1C=CC(COC2=CC=CC(=C2)C(F)(F)F)O)O)O
D07236,CC(C)(C)C1=CC(=CC(=C1O)C(C)(C)C)SC(C)(C)SC2=CC(=C(C(=C2)C(C)(C)C)O)C(C)(C)C
D07237,C(C(C(=O)O)N)C(=O)N
D07238,C1CC1CN2C(=O)CN=C(C3=C2C=CC(=C3)Cl)C4=CC=CC=C4
D07239,CCC=CCC=CCC=CCCCCCCCC(=O)O
D07240,CN1CCN(CC1)C(C2=CC=CC=C2)C3=CC=CC=C3
D07241,CC(CC1=CC=CC=C1)NC
D07242,CCCC1OC2CC3C4CCC5=CC(=O)C=CC5(C4C(CC3(C2(O1)C(=O)CO)C)O)C
D07243,C1=C(C=C(C(=C1S(=O)(=O)N)Cl)Cl)S(=O)(=O)N
D07244,CCOC1=CC=C(C=C1)CC2=C(C=CC(=C2)C3C(C(C(C(O3)CO)O)O)O)Cl
D07245,CN1CCN(CC1)C2=NC3=C(C=CC(=C3)Cl)NC4=CC=CC=C42
D07246,CC1=CC(=CC=C1)OCC(CNCCC2=CC(=C(C=C2)OC)OC)O
D07247,CN1C(=O)CC(=O)N(C2=C1C=CC(=C2)Cl)C3=CC=CC=C3
D07248,CCCCNC1=CC=C(C=C1)C(=O)OCCOCCOCCOCCOCCOCCOCCOCCOCCOC
D07249,COC(CNC(=O)N)C[Hg]Cl
D07250,CC1=C(N2C(C(C2=O)NC(=O)C(C3=CC=C(C=C3)O)N)SC1)C(=O)O
D07251,CC1(OC2COC3(C(C2O1)OC(O3)(C)C)COS(=O)(=O)N)C
D07252,CC1=C(C=CN=C1CS(=O)C2=NC3=CC=CC=C3N2)OCC(F)(F)F
D07253,C(CC(=O)NC(CS)C(=O)NCC(=O)O)C(C(=O)O)N
D07254,CCCN(CCC1=CC=CS1)C2CCC3=C(C2)C=CC=C3O
D07255,CCC1C(=O)N2CCCC2C(=O)N(C(C(=O)N3CC(C(=O)CC3C(=O)NC(C(=O)OC(C(C(=O)N1)NC(=O)C4=C(C=CC=N4)O)C)C5=CC=CC=C5)CSC6CN7CCC6CC7)CC8=CC=C(C=C8)N(C)C)C
D07256,C1CN=C(N1)CC2=CC=CC3=CC=CC=C32
D07257,C(C(C(=O)O)N)O
D07258,C=CC(CCC(=O)O)N
D07259,CC1CN(CC(N1)C)C2=C(C(=C3C(=C2F)N(C=C(C3=O)C(=O)O)C4CC4)N)F
D07260,CC(CC1=CC=CC=C1)NC(=O)C(CCCCN)N
D07261,C(C(C(=O)O)N)C(=O)O
D07262,C1C(NC2=C(N1)N=C(NC2=O)N)CNC3=CC=C(C=C3)C(=O)NC(CCC(=O)O)C(=O)O
D07263,CCN1C=C(C(=O)C2=CC(=C(C=C21)N3CCN(CC3)C)F)C(=O)O
D07264,CC12CCC3C(C1CCC2=O)CCC4=C3C=CC(=C4)OS(=O)(=O)O
D07265,C(C(F)(F)F)(OC(F)F)F
D07266,CC(C)N(CCC(C1=CC=CC=C1)(C2=CC=CC=N2)C(=O)N)C(C)C
D07267,CN1C(=C(C2=C(S1(=O)=O)C=C(S2)Cl)O)C(=O)NC3=CC=CC=N3
D07268,CC12CCC3C(=CCC4=C3C=CC(=C4)O)C1CCC2=O
D07269,CCOC(=O)C1=C(NC(=C(C1C2=C(C(=CC=C2)Cl)Cl)C(=O)OC)C)C
D07270,CC1=CC(=CC=C1)N(C)C(=S)OC2=CC3=CC=CC=C3C=C2
D07271,CCC1C(=NN=C(C2=CC(=C(C=C12)OC)OC)C3=CC(=C(C=C3)OC)OC)C
D07272,CCC(=C)C(=O)C1=C(C(=C(C=C1)OCC(=O)O)Cl)Cl
D07273,CC(C1=CC(=CC=C1)C(=O)C2=CC=CC=C2)C(=O)O
D07274,CC(C(C1=CC(=C(C=C1)O)O)O)N
D07275,C1=CC=C2C(=C1)C(=NO2)CS(=O)(=O)N
D07276,CCOC(=O)C1(CCN(CC1)C)C2=CC=CC=C2
D07277,CC(=O)OC1CCC2C3CCC4(C(C3CCC2=C1)CCC4(C#C)OC(=O)C)C
D07278,C1CCC(CC1)C(=O)N2CC3C4=CC=CC=C4CCN3C(=O)C2
D07279,C1=CC=C(C=C1)C2=NC(C(=O)NC3=C2C=C(C=C3)Cl)O
D07280,CC(=O)O
D07281,CC(=O)OCC1=C(N2C(C(C2=O)NC(=O)C(=NOC)C3=CSC(=N3)N)SC1)C(=O)O
D07282,CC(=O)OC1=CC2=C(S1)CCN(C2)C(C3=CC=CC=C3F)C(=O)C4CC4
D07283,CCC(C)N1C(=O)N(C=N1)C2=CC=C(C=C2)N3CCN(CC3)C4=CC=C(C=C4)OCC5COC(O5)(CN6C=NC=N6)C7=C(C=C(C=C7)Cl)Cl
D07284,CCOC1=CC=CC=C1OC(C2CNCCO2)C3=CC=CC=C3
D07285,C(C(C(=O)O)N)C(=O)O
D07286,CCCCCC=CCC=CCC=CCCCCCCC(=O)O
D07287,CC1=CC2=C(C=C1C)N(C3=NC(=O)NC(=O)C3=N2)CC(C(C(COP(=O)(O)OP(=O)(O)OCC4C(C(C(O4)N5C=NC6=C(N=CN=C65)N)O)O)O)O)O
D07288,CC1CC2C3CCC(C3(CC(C2(C4(C1=CC(=O)C=C4)C)F)O)C)(C(=O)C)O
D07289,CCC(C=CCl)(C#C)O
D07290,C1C2CC3CC1CC(C2)(C3)N
D07291,CCN(CC)CCOC(=O)C1=CC=C(C=C1)N
D07292,CC1=CC2=C(C=C1C)N(C=N2)C3C(C(C(O3)CO)OP(=O)([O-])OC(C)CNC(=O)CCC4(C(C5C6(C(C(C(=N6)C(=C7C(C(C(=N7)C=C8C(C(C(=N8)C(=C4[N-]5)C)CCC(=O)N)(C)C)CCC(=O)N)(C)CC(=O)N)C)CCC(=O)N)(C)CC(=O)N)C)CC(=O)N)C)O.O.[Co]
D07293,C(CC(C(=O)O)N)CNC(=O)N
D07294,CN1C(=NN=N1)SCC2=C(N3C(C(C3=O)(NC(=O)CSCC#N)OC)SC2)C(=O)O
D07295,CNC(=C[N+](=O)[O-])NCCSCC1=CC=C(O1)CN(C)C
D07296,COC1=C(C=C2C(=C1)C(=NC(=N2)N3CCN(CC3)C(=O)C4CCCO4)N)OC
D07297,CC(C1=CC=CC=C1)(C2=CC=C(C=C2)Cl)OCCC3CCCN3C
D07298,CCCCCCCN(CC)CCCC(C1=CC=C(C=C1)NS(=O)(=O)C)O
D07299,CC12CCC3C(C1CCC2O)CCC45C3(CC(=C(C4O5)O)C#N)C
D07300,CC(C)CC(C(=O)O)N
D07301,C1C(C(=O)NO1)N
D07302,CCC1(C(=O)NC(=O)N(C1=O)C)C2=CC=CC=C2
D07303,C1=NNC2=C1C(=O)NC=N2
D07304,C1=CC=C(C(=C1)C(=O)O)O
D07305,CC1=C(C2=C(C1=CC3=CC=C(C=C3)S(=O)C)C=CC(=C2)F)CC(=O)O
D07306,C1=CC=NC(=C1)NS(=O)(=O)C2=CC=C(C=C2)N=NC3=CC(=C(C=C3)O)C(=O)O
D07307,C1=CC=C(C(=C1)C2=NC(C(=O)NC3=C2C=C(C=C3)Cl)O)Cl
D07308,CCNC1CC(S(=O)(=O)C2=C1C=C(S2)S(=O)(=O)N)C
D07309,COC1=CC=C(C=C1)CCN2CCC(CC2)NC3=NC4=CC=CC=C4N3CC5=CC=C(C=C5)F
D07310,CC(CC1=CC2=C(C(=C1)C(=O)N)N(CC2)CCCO)NCCOC3=CC=CC=C3OCC(F)(F)F
D07311,C=CC(CCC(=O)O)N
D07312,CNCCCN1C2=CC=CC=C2CCC3=CC=CC=C31
D07313,CN(CC=CC1=CC=CC=C1)CC2=CC=CC3=CC=CC=C32
D07314,CC12CC(=O)C3C(C1CCC2(C(=O)CO)O)CCC4=CC(=O)C=CC34C
D07315,CN1C2=C(C(=O)N(C1=O)C)NC=N2.CN1C2=C(C(=O)N(C1=O)C)NC=N2.C(CN)N
D07316,CC12CCC3C(C1CCC2(C#C)O)CCC4=C3C=CC(=C4)O
D07317,CCCCC(C)(CC=CC1C(CC(=O)C1CCCCCCC(=O)OC)O)O
D07318,CCC(=O)C1(CCN(CC1)C)C2=CC(=CC=C2)O
D07319,CCC1=C2CN3C(=CC4=C(C3=O)COC(=O)C4(CC)O)C2=NC5=C1C=C(C=C5)OC(=O)N6CCC(CC6)N7CCCCC7
D07320,CCOC1=CC(=C(C=C1C(=O)NC2CCN(CC2)CC3CCC=CC3)[N+](=O)[O-])N
D07321,CC1=C2C(C(=O)C3(C(CC4C(C3C(C(C2(C)C)(CC1OC(=O)C(C(C5=CC=CC=C5)NC(=O)C6=CC=CC=C6)O)O)OC(=O)C7=CC=CC=C7)(CO4)OC(=O)C)O)C)OC(=O)C
D07322,CC12CCC3C(C1CC(C2O)O)CCC4=C3C=CC(=C4)O
D07323,CCC(C)C1C(=O)NC(C(=O)NC(C(=O)NC(C(=O)NC(C(=O)NCCCCC(C(=O)NC(C(=O)N1)CCCN)NC(=O)C(C(C)CC)NC(=O)C(CCC(=O)O)NC(=O)C(CC(C)C)NC(=O)C2CSC(=N2)C(C(C)CC)N)CC(=O)N)CC(=O)O)CC3=CN=CN3)CC4=CC=CC=C4
D07324,CCN1CCN(C(=O)C1=O)C(=O)NC(C2=CC=C(C=C2)O)C(=O)NC3C4N(C3=O)C(=C(CS4)CSC5=NN=NN5C)C(=O)O
D07325,C1CNC(=NC1C2C(=O)NCC(C(=O)NC(C(=O)NC(C(=O)NC(=CNC(=O)N)C(=O)N2)CO)CO)NC(=O)CC(C(CCN)O)N)N
D07326,C1CN(CCC12C(=O)NCN2C3=CC=CC=C3)CCCC(C4=CC=C(C=C4)F)C5=CC=C(C=C5)F
D07327,CCCC1=NC(=C2N1N=C(NC2=O)C3=C(C=CC(=C3)S(=O)(=O)N4CCN(CC4)CC)OCC)C
D07328,C1=NC(=O)NC(=C1F)N
D07329,CC(=O)OC1=CC=CC=C1C(=O)O
D07330,CCOC(=O)C1=CN=CN1C(C)C2=CC=CC=C2
D07331,C1=CC(=C(C=C1OC2=C(C=C(C=C2I)CC(C(=O)[O-])N)I)I)O.C1=C(C=C(C(=C1I)OC2=CC(=C(C(=C2)I)O)I)I)CC(C(=O)[O-])N.[Na+].[Na+]
D07332,COC1(C2N(C1=O)C(=C(CS2)COC(=O)N)C(=O)O)NC(=O)CC3=CC=CS3
D07333,C1=CC(=C(C=C1N)O)C(=O)O
D07334,CC1=NS(=O)(=O)C2=C(N1)C=CC(=C2)Cl
D07335,CC1=C(C(=O)C2=CC=CC=C2C1=O)CC=C(C)CCCC(C)CCCC(C)CCCC(C)C
D07336,CN(C)CCC=C1C2=CC=CC=C2CCC3=CC=CC=C31
D07337,CCC(C(C1=C2C=CC(=O)NC2=C(C=C1)O)O)NC(C)C
D07338,CC(C)(C1=CC=CC=C1CCC(C2=CC=CC(=C2)C=CC3=NC4=C(C=CC(=C4)Cl)C=C3)SCC5(CC5)CC(=O)O)O
D07339,CCC(=O)C(CC(C)N(C)C)(C1=CC=CC=C1)C2=CC=CC=C2
D07340,CN(C)CCC=C1C2=CC=CC=C2COC3=CC=CC=C31
D07341,CCN(CC)C(=O)C1(CC1CN)C2=CC=CC=C2
D07342,C(C(OC(F)F)(F)F)(F)Cl
D07343,CC1=CC(=C(C(=C1C=CC(=CC=CC(=CC(=O)O)C)C)C)C)OC
D07344,CC1=CC(=O)N(C(=C1)C2CCCCC2)O
D07345,C1C2=CC=CC=C2N(C3=CC=CC=C3C1=O)C(=O)N
D07346,CC1=CC2=C(C=C1C)N(C3=NC(=O)NC(=O)C3=N2)CC(C(C(COP(=O)(O)OP(=O)(O)OCC4C(C(C(O4)N5C=NC6=C(N=CN=C65)N)O)O)O)O)O
D07347,CN1CCN2C(C1)C3=CC=CC=C3CC4=CC=CC=C42
D07348,CC(C)NCC(C1=CC(=C(C=C1)O)O)O
D07349,CN1CCC23C4C1CC5=C2C(=C(C=C5)OC)OC3C(CC4)O
D07350,CCC1C2CC3C4C5(CC(C2C5O)N3C1O)C6=CC=CC=C6N4C
D07351,CN1CCCC1CC2=CNC3=C2C=C(C=C3)CCS(=O)(=O)C4=CC=CC=C4
D07352,COC1(C2N(C1=O)C(=C(CS2)COC(=O)N)C(=O)O)NC(=O)CC3=CC=CS3
D07353,CC(C)C(C)C=CC(C)C1CCC2C1(CCCC2=CC=C3CC(CCC3=C)O)C
D07354,CCC1C(=O)N(CC(=O)N(C(C(=O)NC(C(=O)N(C(C(=O)NC(C(=O)NC(C(=O)N(C(C(=O)N(C(C(=O)N(C(C(=O)N(C(C(=O)N1)C(C(C)CC=CC)O)C)C(C)C)C)CC(C)C)C)CC(C)C)C)C)C)CC(C)C)C)C(C)C)CC(C)C)C)C
D07355,CC(C)NCC(COC1=CC=C(C=C1)CCOC)O
D07356,CC1=C(C2=C(N1C(=O)C3=CC=C(C=C3)Cl)C=CC(=C2)OC)CC(=O)O
D07357,CCC12CCC3C(C1C=CC2(C#C)O)CCC4=CC(=O)CCC34
D07358,CCC(C)C(C(=O)O)N
D07359,CCC1=NN(C(=O)N1CCOC2=CC=CC=C2)CCCN3CCN(CC3)C4=CC(=CC=C4)Cl
D07360,C(C(C(=O)O)N)O
D07361,CCCCN(CCCC)CCC(C1=C2C=CC(=CC2=C3C=C(C=C(C3=C1)Cl)Cl)C(F)(F)F)O
D07362,C1=CC(=CC=C1CC(C(=O)O)N)O
D07363,C1C2C3=CC=CC=C3CC4=CC=CC=C4N2C(=N1)N
D07364,CC1=CC=C(C=C1)C2=C(N3C=C(C=CC3=N2)C)CC(=O)N(C)C
D07365,C1=CC=C(C=C1)C2(C(=O)N(C(=O)N2)COP(=O)(O)O)C3=CC=CC=C3
D07366,CC1=CC2=C(C=C1C)N(C=N2)C3C(C(C(O3)CO)OP(=O)([O-])OC(C)CNC(=O)CCC4(C(C5C6(C(C(C(=C(C7=NC(=CC8=NC(=C(C4=N5)C)C(C8(C)C)CCC(=O)N)C(C7(C)CC(=O)N)CCC(=O)N)C)[N-]6)CCC(=O)N)(C)CC(=O)N)C)CC(=O)N)C)O.[C-]#N.[Co+3]
D07367,CN1CCCC(C1)CC2C3=CC=CC=C3SC4=CC=CC=C24
D07368,CC(=O)NC(CS)C(=O)O
D07369,CC(C)C1=C(C(=CC=C1)C(C)C)OCOP(=O)(O)O
D07370,CCC(C1=CC(=CC=C1)O)C(C)CN(C)C
D07371,CC(C)C(=O)NC1=CC(=C(C=C1)[N+](=O)[O-])C(F)(F)F
D07372,CC(=O)C1CCC2C1(CCC3C2CCC4=CC(=O)CCC34C)C
D07373,C1=CC(=C(C=C1[N+](=O)[O-])Cl)NC(=O)C2=C(C=CC(=C2)Cl)O
D07374,CN1C(=O)CN=C(C2=C1C=CC(=C2)Cl)C3=CC=CC=C3
D07375,CC(CC1=CC=C(C=C1)OC)NCC(C2=CC(=C(C=C2)O)NC=O)O
D07376,CC1C2CCC3(C(C2(CCC1O)C)C(CC4C3(CC(C4=C(CCC=C(C)C)C(=O)O)OC(=O)C)C)O)C
D07377,CC(C)(C)C#CC=CCN(C)CC1=CC=CC2=CC=CC=C21
D07378,CNCCC(C1=CC=CC=C1)OC2=CC=C(C=C2)C(F)(F)F
D07379,CC1=CC(=CC(=C1)OCC2CNC(=O)O2)C
D07380,CC(CC1=CC=CC=C1)N
D07381,CN(C)CCC=C1C2=CC=CC=C2COC3=C1C=C(C=C3)CC(=O)O
D07382,CN1CCC23CCCCC2C1CC4=C3C=C(C=C4)OC
D07383,CC12CCC3C(C1CCC(=O)O2)CCC4=CC(=O)C=CC34C
D07384,C1C2CNCC1C3=CC=CC(=O)N3C2
D07385,C1=CC=C(C=C1)CCNN
D07386,C1CC(=O)NC(=O)C1N2C(=O)C3=CC=CC=C3C2=O
D07387,C1=CC=C2C(=C1)NC(=N2)C3=CSC=N3
D07388,CC1=C(C(=O)N2CCCC(C2=N1)O)CCN3CCC(CC3)C4=NOC5=C4C=CC(=C5)F
D07389,CN(C)CCC1=CNC2=C1C=C(C=C2)CS(=O)(=O)N3CCCC3
D07390,CC1CCN(C(C1)C(=O)O)C(=O)C(CCCN=C(N)N)NS(=O)(=O)C2=CC=CC3=C2NCC(C3)C
D07391,C(CC(=O)NC(CS)C(=O)NCC(=O)O)C(C(=O)O)N
D07392,CC(C(=O)O)N
D07393,C1CN2CCC1C(C2)OC(=O)N3CCC4=CC=CC=C4C3C5=CC=CC=C5
D07394,CN1C(=O)C=C(N(C1=O)CC2=CC=CC=C2C#N)N3CCCC(C3)N
D07395,CC1C(C(C(C(O1)OCC2C(C(C(C(O2)OC3=CC(=C4C(=C3)OC(=CC4=O)C5=CC(=C(C=C5)OC)O)O)O)O)O)O)O)O
D07396,C1=CC=C(C=C1)CC(C(=O)O)N
D07397,C[N+]1(CCCC1)CC2=C(N3C(C(C3=O)NC(=O)C(=NOC)C4=CSC(=N4)N)SC2)C(=O)[O-]
D07398,CN(CCOC1=CC=C(C=C1)CC2C(=O)NC(=O)S2)C3=CC=CC=N3
D07399,CC(=O)NC1=C(C(=C(C(=C1I)C(=O)NC(C=O)C(C(C(CO)O)O)O)I)N(C)C(=O)C)I
D07400,CC1=C(C(C(=C(N1)C)C(=O)OCCN(C)CC2=CC=CC=C2)C3=CC(=CC=C3)[N+](=O)[O-])C(=O)OC
D07401,CC(C(C1CNC2=C(N1)C(=O)NC(=N2)N)O)O
D07402,CN1C2CC(CC1C3C2O3)OC(=O)C(CO)C4=CC=CC=C4
D07403,C(CCCC(=O)O)CCCC(=O)O
D07404,CCCC(=O)NC1=CC(=C(C=C1)OCC(CNC(C)C)O)C(=O)C
D07405,CC(=O)NCCC1=CNC2=C1C=C(C=C2)OC
D07406,C[N+]1(CCC2=CC(=C3C=C2C1CC4=CC=C(C=C4)OC5=C6C(CC7=CC(=C(C=C7)OC)O3)[N+](CCC6=CC(=C5OC)OC)(C)C)OC)C
D07407,CC(C(C(=O)O)N)O
D07408,CN1CCN(CC1)C2=NC3=C(C=CC(=C3)Cl)NC4=CC=CC=C42
D07409,C1C(C(C(C(N1CCO)CO)O)O)O
D07410,CN(C)CCCN1C2=CC=CC=C2SC3=CC=CC=C31
D07411,CC(C(=O)NCC(=O)O)SC(=O)C1=CC=CS1
D07412,C(C(OC(F)F)(F)F)(F)Cl
D07413,CN1CCCCC1CCN2C3=CC=CC=C3SC4=C2C=C(C=C4)SC
D07414,C1C(=S)N(C2=C(C=C(C=C2)Cl)C(=N1)C3=CC=CC=C3F)CC(F)(F)F
D07415,CN1CCN2C(C1)C3=CC=CC=C3CC4=C2N=CC=C4
D07416,C(CCCC(=O)O)CCCC(=O)O
D07417,CN(C)CCC(C1=CC=CC=C1)C2=CC=CC=N2
D07418,C1C2=NN=CN2C3=C(C=C(C=C3)Cl)C(=N1)C4=CC=CC=C4
D07419,C(CC(=O)O)C(=O)O
D07420,CC(C1C2CC(=C(N2C1=O)C(=O)O)SCCN=CN)O
D07421,COC1=CC=CC=C1OCCNCC(COC2=CC=CC3=C2C4=CC=CC=C4N3)O
D07422,CC1CN(CC(N1)C)C2=C(C(=C3C(=C2F)N(C=C(C3=O)C(=O)O)C4CC4)N)F
D07423,CC1=C(C=C(C=C1)NC2=NC=CC(=N2)N(C)C3=CC4=NN(C(=C4C=C3)C)C)S(=O)(=O)N
D07424,CC1=CC=CN2C1=NC=C(C2=O)C3=NNN=N3
D07425,CC(=O)OCC(=O)C12C(CC3C1(CC(C4(C3CCC5=CC(=O)C=CC54C)F)O)C)OC6(O2)CCCC6
D07426,CN1C2CCCC1CC(C2)NC(=O)C3=NN(C4=CC=CC=C43)C
D07427,CN1CCN(CC1)C2=NC3=CC=CC=C3OC4=C2C=C(C=C4)Cl
D07428,CN1CCC23C4C1CC5=C2C(=C(C=C5)OC)OC3C(=O)CC4
D07429,CC12CCC3C(C1CCC2O)CCC4=C3C=CC(=C4)O
D07430,CC1=CC=CN2C1=NC=C(C2=O)C3=NNN=N3
D07431,C1CC(CCC1CN)C(=O)O
D07432,C1=CC(=CC=C1CC(C(=O)O)N)N(CCCl)CCCl
D07433,CC1(C(=O)N2C(C(=O)N3CCCC3C2(O1)O)CC4=CC=CC=C4)NC(=O)C5CN(C6CC7=CNC8=CC=CC(=C78)C6=C5)C
D07434,CC1=C(C(C(=C(N1)C)C(=O)OC(C)(C)CN(C)CCC(C2=CC=CC=C2)C3=CC=CC=C3)C4=CC(=CC=C4)[N+](=O)[O-])C(=O)OC
D07435,COC(C(Cl)Cl)(F)F
D07436,CC(C)(C)OC(=O)NCCC(=O)NC(CC1=CNC2=CC=CC=C21)C(=O)NC(CCSC)C(=O)NC(CC(=O)O)C(=O)NC(CC3=CC=CC=C3)C(=O)N
D07437,CCN(CC)CCNC(=O)C1=C(NC(=C1C)C=C2C3=C(C=CC(=C3)F)NC2=O)C
D07438,CCC1(CC(=O)NC1=O)C
D07439,CC1=C(C(CCC1)(C)C)C=CC(=CC=CC(=CCO)C)C
D07440,CC(C(C1=CC=C(C=C1)O)O)NCCC2=CC=C(C=C2)O
D07441,C1=CC=C(C=C1)NC(=O)CCCCCCC(=O)NO
D07442,CC(=O)OC(CC(=O)[O-])C[N+](C)(C)C
D07443,CC1=CC(=O)C2=CC=CC=C2C1=O
D07444,CC1COC2=C3N1C=C(C(=O)C3=CC(=C2N4CCN(CC4)C)F)C(=O)O
D07445,C1C(=S)N(C2=C(C=C(C=C2)Cl)C(=N1)C3=CC=CC=C3F)CC(F)(F)F
D07446,CN1CCC2=C3C1CC4=C(C3=CC=C2)C(=C(C=C4)O)O
D07447,C(C(OC(F)F)(F)F)(F)Cl
D07448,CCCC1=NN(C2=C1N=C(NC2=O)C3=C(C=CC(=C3)S(=O)(=O)N4CCN(CC4)C)OCC)C
D07449,CCCCCCCN(CC)CCCC(C1=CC=C(C=C1)NS(=O)(=O)C)O
D07450,C1CN(CCC1N2C3=CC=CC=C3NC2=O)CCCC(C4=CC=C(C=C4)F)C5=CC=C(C=C5)F
D07451,CN1CCN(CC1)CCCOC2=C(C=C3C(=C2)N=CC(=C3NC4=CC(=C(C=C4Cl)Cl)OC)C#N)OC
D07452,CC1=NN=C2N1C3=C(C=C(S3)Br)C(=NC2)C4=CC=CC=C4Cl
D07453,CCOC(=O)C1=CN=CN1C(C)C2=CC=CC=C2
D07454,C1=CC=C(C=C1)CCCC(=O)OCC(COC(=O)CCCC2=CC=CC=C2)OC(=O)CCCC3=CC=CC=C3
D07455,CC1=C(C=C(C=C1)NC2=NC=CC(=N2)N(C)C3=CC4=NN(C(=C4C=C3)C)C)S(=O)(=O)N
D07456,CCCC(C)C1(C(=O)NC(=O)NC1=O)CC
D07457,C1C(=C(N2C(S1)C(C2=O)NC(=O)C(C3=CC=CC=C3)O)C(=O)O)CSC4=NN=NN4CS(=O)(=O)O
D07458,C1C(=O)NC2=C(C=C(C=C2)[N+](=O)[O-])C(=N1)C3=CC=CC=C3Cl
D07459,CC(C)NCC(COC1=CC=C(C=C1)CCOCC2CC2)O
D07460,CC1(C2C1C(N(C2)C(=O)C(C(C)(C)C)NC(=O)NC(C)(C)C)C(=O)NC(CC3CCC3)C(=O)C(=O)N)C
D07461,CN1CCC2=C3C1CC4=C(C3=CC=C2)C(=C(C=C4)O)O
D07462,CCN(CC)C(=O)NC1CN(C2CC3=CNC4=CC=CC(=C34)C2=C1)C
D07463,[Cl-].[K+]
D07464,CC(C(C1=CC(=CC=C1)O)O)N
D07465,CC1=CC=CC=C1C(C2=CC=CC=C2)OCCN(C)C
D07466,CC(C)(C(=O)O)ON=C(C1=CSC(=N1)N)C(=O)NC2C3N(C2=O)C(=C(CS3)C[N+]4=CC=CC=C4)C(=O)[O-]
D07467,C1CCN(CC1)C2=NC(=N)N(C(=C2)N)O
D07468,C1CN2CCC1C(C2)CN3C4=CC=CC=C4SC5=CC=CC=C53
D07469,CC1=CC(=O)N2CC(=O)N(C3=C(C2(O1)C4=CC=CC=C4)C=C(C=C3)Cl)C
D07470,C1CNCCN1
D07471,CC1=CC2=C(C=C1C)N(C3=NC(=O)NC(=O)C3=N2)CC(C(C(COP(=O)(O)OP(=O)(O)OCC4C(C(C(O4)N5C=NC6=C(N=CN=C65)N)O)O)O)O)O
D07472,CCC(=O)OC1(C(CC2C1(CC(C3(C2CC(C4=CC(=O)C=CC43C)F)F)O)C)C)C(=O)SCF
D07473,C1=CN(C(=O)N=C1N)C2C(C(C(O2)CO)O)(F)F
D07474,C1CN(CCN1CCCCC2=CNC3=C2C=C(C=C3)C#N)C4=CC5=C(C=C4)OC(=C5)C(=O)N
D07475,CC(C)C1=NN2C=CC=CC2=C1C(=O)C(C)C
D07476,C1CCNC(C1)C(C2=CC(=NC3=C2C=CC=C3C(F)(F)F)C(F)(F)F)O
D07477,CC(C)NCC(C1=CC(=CC(=C1)O)O)O
D07478,COC1=CC(=CC(=C1O)OC)C2C3C(COC3=O)C(C4=CC5=C(C=C24)OCO5)OC6C(C(C7C(O6)COC(O7)C8=CC=CS8)O)O
D07479,C1CN(CCC1C2=CN(C3=C2C=C(C=C3)Cl)C4=CC=C(C=C4)F)CCN5CCNC5=O
D07480,C1CNCC(C1C2=CC=C(C=C2)F)COC3=CC4=C(C=C3)OCO4
D07481,CN1C2CC(CC1C3C2O3)OC(=O)C(CO)C4=CC=CC=C4
D07482,CC1(C(N2C(S1)C(C2=O)NC(=O)C3(CCCCC3)N)C(=O)O)C
D07483,CCC1(C(=O)NCNC1=O)C2=CC=CC=C2
D07484,CC1=CC(=CC=C1)OCC(CNCCC2=CC(=C(C=C2)OC)OC)O
D07485,C1=NC2=NC=NC(=C2N1)N
D07486,CC(=O)C1=CC2=C(C=C1)SC3=CC=CC=C3N2CCCN(C)C
D07487,CN(C)CC(C1=CC=C(C=C1)O)C2(CCCCC2)O
D07488,CNCCC1=CC=CC=N1
D07489,C1=CN=CC=C1N
D07490,C1CC2CN(C(=O)C3=CC=CC(=C23)C1)C4CN5CCC4CC5
D07491,C1CC(=O)NC2=C1C=CC(=C2)OCCCCN3CCN(CC3)C4=C(C(=CC=C4)Cl)Cl
D07492,CC12CC(C3(C(C1CC(C2(C(=O)CO)O)O)CCC4=CC(=O)C=CC43C)F)O
D07493,CN1C(=O)CN=C(C2=C1C=CC(=C2)Cl)C3=CC=CC=C3F
D07494,CN(C)CCC=C1C2=CC=CC=C2COC3=CC=CC=C31
D07495,CCCN(CCC1=CC=CS1)C2CCC3=C(C2)C=CC=C3O
D07496,CC1CC(=O)C=C(C12C(=O)C3=C(O2)C(=C(C=C3OC)OC)Cl)OC
D07497,C(C(F)(F)F)(OC(F)F)F
D07498,C1CN(CC2=CC=CC=C21)C(=N)N
D07499,CC1=CC2=C(C=C1C)N(C3=NC(=O)NC(=O)C3=N2)CC(C(C(CO)O)O)O
D07500,C1CN(CC2=C1SC=C2)CC3=CC=CC=C3Cl
D07501,C1CN2CCC1C(C2)OC(=O)N3CCC4=CC=CC=C4C3C5=CC=CC=C5
D07502,CCC(C)C(=O)OC1CC(C=C2C1C(C(C=C2)C)CCC3CC(CC(=O)O3)O)C
D07503,CCC(=O)C1=CC2=C(C=C1)SC3=CC=CC=C3N2CC(C)N(C)C
D07504,CC1CC2C3CCC4=CC(=O)C=CC4(C3(C(CC2(C1(C(=O)CO)O)C)O)F)C
D07505,CC(=O)NC(C=O)C(C(C(CO)O)O)O
D07506,C[N+]1(C2CC(CC1C3C2O3)OC(=O)C(CO)C4=CC=CC=C4)C.[Br-]
D07507,CNC(=O)C1=NC=CC(=C1)OC2=CC=C(C=C2)NC(=O)NC3=CC(=C(C=C3)Cl)C(F)(F)F
D07508,CN1CCC(=C2C3=CC=CC=C3CCN4C2=NC=C4C=O)CC1
D07509,CC1=CC2=C(N1)C=CC=C2OCC(CNC(C)(C)C)OC(=O)C3=CC=CC=C3
D07510,C1CNCC(C1C2=CC=C(C=C2)F)COC3=CC4=C(C=C3)OCO4
D07511,CC(=O)NC1=NN=C(S1)S(=O)(=O)N
D07512,CC(=O)C1=CC(=C(C=C1)OCCCN2CCC(CC2)C3=NOC4=C3C=CC(=C4)F)OC
D07513,C1C(C(OC1N2C=NC3=C2NC=NCC3O)CO)O
D07514,C1CNCCN1
D07515,CCC(CO)NC(=O)C1CN(C2CC3=CN(C4=CC=CC(=C34)C2=C1)C)C
D07516,CCCCC1(C(=O)NC(=O)NC1=O)CC
D07517,[Al]
D07518,[O-]S(=O)(=O)[O-].[Mg+2]
D07519,CCCC(C(=O)C(=O)NC1CC1)NC(=O)C2C3CCCC3CN2C(=O)C(C(C)(C)C)NC(=O)C(C4CCCCC4)NC(=O)C5=NC=CN=C5
D07520,CCC(C(CC(C)N(C)C)(C1=CC=CC=C1)C2=CC=CC=C2)OC(=O)C
D07521,CCOC1=NC2=CC=CC(=C2N1CC3=CC=C(C=C3)C4=CC=CC=C4C5=NNN=N5)C(=O)OC(C)OC(=O)OC6CCCCC6
D07522,CC(C)C1=C(C(=CC=C1)C(C)C)O
D07523,CC1=C2CCC(=O)N(C2=NC(=N1)C)CC3=CC=C(C=C3)C4=CC=CC=C4C5=NNN=N5
D07524,C1=CC(=C2C(=C1NCCNCCO)C(=O)C3=C(C=CC(=C3C2=O)O)O)NCCNCCO
D07525,COC1C(C(C(C(O1)COS(=O)(=O)O)OC2C(C(C(C(O2)C(=O)O)OC3C(C(C(C(O3)COS(=O)(=O)O)OC4C(C(C(C(O4)C(=O)O)OC5C(C(C(C(O5)COS(=O)(=O)O)O)O)NS(=O)(=O)O)O)O)OS(=O)(=O)O)NS(=O)(=O)O)O)OS(=O)(=O)O)O)NS(=O)(=O)O
D07526,CC(C)NCC(COC1=CC=CC=C1CC=C)O
D07527,CN(C)CC(C1=CC=C(C=C1)O)C2(CCCCC2)O
D07528,CN(C)C1C2CC3C(C4=C(C=CC(=C4C(=C3C(=O)C2(C(=C(C1=O)C(=O)N)O)O)O)O)Cl)O
D07529,CN(CC(=O)O)C(=N)N
D07530,CC1=CC(=O)N(N1C)C2=CC=CC=C2
D07531,C1=CC=C(C=C1)CCCCOCCCCCCNCC(C2=CC(=C(C=C2)O)CO)O
D07532,CCC1(C(=O)NC(=O)N(C1=O)C)C2=CC=CC=C2
D07533,C(=O)(O)P(=O)(O)O
D07534,CCC12CC(=C)C3C(C1CCC2(C#C)O)CCC4=CCCCC34
D07535,C1=CN=C(N=C1)[N-]S(=O)(=O)C2=CC=C(C=C2)N.[Ag+]
D07536,C1=CC=C(C=C1)C(=O)C2=CC=CC(=C2N)CC(=O)N
D07537,CC1=C(C(=CC=C1)Cl)NC(=O)C2=CN=C(S2)NC3=CC(=NC(=N3)C)N4CCN(CC4)CCO
D07538,CCC(=O)C1(CCN(CC1)C)C2=CC(=CC=C2)O
D07539,COCCOC1=CN=C(N=C1)NS(=O)(=O)C2=CC=CC=C2
D07540,CC1=CC(=C(C=C1)O)C(CCN(C(C)C)C(C)C)C2=CC=CC=C2
D07541,C(C(C1C(=C(C(=O)O1)O)O)O)O
D07542,C1CN(CCN1CC=CC2=CC=CC=C2)C(C3=CC=CC=C3)C4=CC=CC=C4
D07543,C1CN(CCC1NC(=O)C2=CC=CC=C2C3=CC=C(C=C3)C(F)(F)F)CCCCC4(C5=CC=CC=C5C6=CC=CC=C64)C(=O)NCC(F)(F)F
D07544,CC(C)COCC(CN(CC1=CC=CC=C1)C2=CC=CC=C2)N3CCCC3
D07545,COC1=CC(=CC(=C1OC)OC)CC2=CN=C(N=C2N)N
D07546,CN(CC(=O)O)C(=N)N
D07547,CCCCOC1=C(C=CC(=C1)C(=O)OCCN(CC)CC)N
D07548,CC12CCC3C(C1CCC2(C#C)O)CCC4=CC5=C(CC34C)C=NO5
D07549,CCCCC1=C(C2=CC=CC=C2O1)C(=O)C3=CC(=C(C(=C3)I)OCCN(CC)CC)I
D07550,C1CNCC(C1C2=CC=C(C=C2)F)COC3=CC4=C(C=C3)OCO4
D07551,C1COC(=O)N1N=CC2=CC=C(O2)[N+](=O)[O-]
D07552,CN1C(=O)CN=C(C2=C1C=CC(=C2)Cl)C3=CC=CC=C3F
D07553,CCN(CC)CCNC1=C2C(=C(C=C1)C)SC3=CC=CC=C3C2=O
D07554,CC1=CC2=C(C=C1C)N(C=N2)C3C(C(C(O3)CO)OP(=O)([O-])OC(C)CNC(=O)CCC4(C(C5C6(C(C(C(=C(C7=NC(=CC8=NC(=C(C4=N5)C)C(C8(C)C)CCC(=O)N)C(C7(C)CC(=O)N)CCC(=O)N)C)[N-]6)CCC(=O)N)(C)CC(=O)N)C)CC(=O)N)C)O.[C-]#N.[Co+3]
D07555,CCC=CCC=CCC=CCC=CCC=CCCCC(=O)O
D07556,CC1=C2COC(=O)C2=C(C(=C1OC)CC=C(C)CCC(=O)OCCN3CCOCC3)O
D07557,CCN(CC)CCS(=O)(=O)C1CCN2C1C(=O)OC(C(C=CC(=O)NCC=CC(=CC(CC(=O)CC3=NC(=CO3)C2=O)O)C)C)C(C)C
D07558,C(C(F)(F)F)(Cl)Br
D07559,CC1=C(SC=[N+]1CC2=CN=C(N=C2N)C)CCO
D07560,CN(CC(=O)O)C(=N)N
D07561,CC(C)N1C2=CC=CC=C2C(=C1C=CC(CC(CC(=O)O)O)O)C3=CC=C(C=C3)F
D07562,CC12CCC3C(C1CCC2(C#C)O)CCC4=C3C=CC(=C4)OC
D07563,CC1=C(N2C(C(C2=O)NC(=O)C(C3=CC=CC=C3)N)SC1)C(=O)O
D07564,CCCCC1(C(=O)NC(=O)NC1=O)CC
D07565,C1C(C(C(C(C1N)OC2C(C(C(C(O2)CN)O)O)O)O)OC3C(C(C(C(O3)CO)O)N)O)N
D07566,C(C(C(=O)O)N)C(=O)O
D07567,CCC1C(C(C(C(=O)C(CC(C(C(C(C(C(=O)O1)C)OC2CC(C(C(O2)C)O)(C)OC)C)OC3C(C(CC(O3)C)N(C)C)O)(C)OC)C)C)O)(C)O
D07568,CN1C2=C(C=C(C=C2)Cl)C(=NC(C1=O)O)C3=CC=CC=C3
D07569,CCC1=C2CN3C(=CC4=C(C3=O)COC(=O)C4(CC)O)C2=NC5=C1C=C(C=C5)OC(=O)N6CCC(CC6)N7CCCCC7
D07570,CC1=CC2=C(C=C1C)N(C3=NC(=O)NC(=O)C3=N2)CC(C(C(COP(=O)(O)OP(=O)(O)OCC4C(C(C(O4)N5C=NC6=C(N=CN=C65)N)O)O)O)O)O
D07571,CC1=C(SC=[N+]1CC2=CN=C(N=C2N)C)CCO
D07572,CC(C(C1=CC=C(C=C1)O)O)NCCC2=CC=C(C=C2)O
D07573,C1C(=C(N2C(S1)C(C2=O)NC(=O)C(C3=CC=CC=C3)N)C(=O)O)Cl
D07574,CC1=CC2=C(C=C1C)N(C3=NC(=O)NC(=O)C3=N2)CC(C(C(CO)O)O)O
D07575,C1C(=C(N2C(S1)C(C2=O)NC(=O)CC3=CC=CC=C3CN)C(=O)O)CSC4=NN=NN4CC(=O)O
D07576,C(C(C(=O)O)N)S
D07577,COC1=C(C=C2C(=C1)N=CN=C2NC3=CC(=C(C=C3)F)Cl)OCCCN4CCOCC4
D07578,C1CC(CCC1C2=CC=C(C=C2)Cl)C3=C(C4=CC=CC=C4C(=O)C3=O)O
D07579,CC1C=CC=CC=CC=CC=CC=CC=CC(CC2C(C(CC(O2)(CC(CC(C(CCC(CC(CC(=O)OC(C(C1O)C)C)O)O)O)O)O)O)O)C(=O)O)OC3C(C(C(C(O3)C)O)N)O
D07580,CNC1(CCCCC1=O)C2=CC=CC=C2Cl
D07581,C1CN(CCN1C(=O)CCBr)C(=O)CCBr
D07582,COC1=C(N=CN=C1OC)NS(=O)(=O)C2=CC=C(C=C2)N
D07583,CCNC(=O)CCCC=CCC1C(CC(C1C=CC(CCC2=CC=CC=C2)O)O)O
D07584,C1=CC=C(C=C1)C2=NC(C(=O)NC3=C2C=C(C=C3)Cl)C(=O)O
D07585,CCCCC1=NC2(CCCC2)C(=O)N1CC3=CC=C(C=C3)C4=CC=CC=C4C5=NNN=N5
D07586,CC(CN1CC(=O)NC(=O)C1)N2CC(=O)NC(=O)C2
D07587,C(CC(C(=O)O)N)CN
D07588,C1CC1CN2C(=O)CN=C(C3=C2C=CC(=C3)Cl)C4=CC=CC=C4
D07589,CCOC1=CC=CC=C1OC(C2CNCCO2)C3=CC=CC=C3
D07590,C1=C(NC=N1)CC(C(=O)O)N
D07591,CCNC1C2CCC(C2)C1C3=CC=CC=C3
D07592,COC(C(Cl)Cl)(F)F
D07593,CC(C1=CC2=C(C=C1)C3=C(N2)C=CC(=C3)Cl)C(=O)O
D07594,CC(C(C(=O)O)N)O
D07595,C1=NC(=C2C(=N1)N(C=N2)C3C(C(C(O3)COP(=O)(O)O)O)O)N
D07596,C1=CC(=CN=C1)C(=O)O
D07597,C(C1C(C(C(C(O1)OC2(C(C(C(O2)COS(=O)(=O)O[Al])OS(=O)(=O)O[Al])OS(=O)(=O)O[Al])COS(=O)(=O)O[Al])OS(=O)(=O)O[Al])OS(=O)(=O)O[Al])OS(=O)(=O)O[Al])OS(=O)(=O)O[Al].O.O.O.O.O.O.O.O.O.O.O.O.O.O.O.O.O.O.O.O.[Al]
D07598,C1NC2=C(C=C(C(=C2)C(F)(F)F)S(=O)(=O)N)S(=O)(=O)N1
D07599,CN1CCC23C=CC(CC2OC4=C(C=CC(=C34)C1)OC)O
D07600,C(C(C(=O)O)N)C(=O)N
D07601,C[N+](C)(C)CCO.C1=CC=C(C(=C1)C(=O)O)[O-].C1=CC=C(C(=C1)C(=O)O)[O-].C1=CC=C(C(=C1)C(=O)O)[O-].[Mg+2]
D07602,CCOC(=O)C1(CCN(CC1)C)C2=CC=CC=C2
D07603,CC1=NC=C(C(=C1O)CO)CO
D07604,CN1CCN2C(C1)C3=CC=CC=C3CC4=C2N=CC=C4
D07605,C1CN(CCN1CCOCC(=O)O)C(C2=CC=CC=C2)C3=CC=C(C=C3)Cl
D07606,CC(CC1=CC=CC=C1)N
D07607,CN1CCN(CC1)CCCN2C3=CC=CC=C3SC4=C2C=C(C=C4)C(F)(F)F
D07608,CCC1C(=O)N(CC(=O)N(C(C(=O)NC(C(=O)N(C(C(=O)NC(C(=O)NC(C(=O)N(C(C(=O)N(C(C(=O)N(C(C(=O)N(C(C(=O)N1)C(C(C)CC=CC)O)C)C(C)C)C)CC(C)C)C)CC(C)C)C)C)C)CC(C)C)C)C(C)C)CC(C)C)C)C
D07609,CC1CC2C3CCC4=CC(=O)C=CC4(C3(C(CC2(C1C(=O)CO)C)O)F)C
D07610,CCOC(=O)C1=C2CN(C(=O)C3=C(N2C=N1)C=CC(=C3)F)C
D07611,CC(C)OC(=O)CCCC=CCC1C(CC(C1CCC(CCC2=CC=CC=C2)O)O)O
D07612,C1=CC(=C(C=C1Cl)Cl)COC(CN2C=CN=C2)C3=C(C=C(C=C3)Cl)Cl
D07613,CCCCC1C(=O)N(N(C1=O)C2=CC=CC=C2)C3=CC=CC=C3
D07614,CC1=C(C(C(=C(N1)C)C(=O)OCC(C)C)C2=CC=CC=C2[N+](=O)[O-])C(=O)OC
D07615,C1C2C(C2N)CN1C3=C(C=C4C(=O)C(=CN(C4=N3)C5=C(C=C(C=C5)F)F)C(=O)O)F
D07616,CN(C)CCC=C1C2=CC=CC=C2COC3=C1C=C(C=C3)CC(=O)O
D07617,C1CNCCNCCCN(CCNC1)CC2=CC=C(C=C2)CN3CCCNCCNCCCNCC3
D07618,CC1=C(C(C(=C(N1)C)C(=O)OCCN(C)CC2=CC=CC=C2)C3=CC(=CC=C3)[N+](=O)[O-])C(=O)OC
D07619,CN1CCN(CC1)CCCOC2=C(C=C3C(=C2)N=CC(=C3NC4=CC(=C(C=C4Cl)Cl)OC)C#N)OC
D07620,C1C2=CC=CC=C2N(C3=CC=CC=C3C1=O)C(=O)N
D07621,CCC12CCC3C(C1CCC2(C#C)OC(=O)C)CCC4=CC(=NO)CCC34
D07622,C1=CC=C(C=C1)C2=NC(C(=O)NC3=C2C=C(C=C3)Cl)O
D07623,CN(C)CCOC1=CC=C(C=C1)CNC(=O)C2=CC(=C(C(=C2)OC)OC)OC
D07624,CN(C)CCCN1C2=CC=CC=C2SC3=C1C=C(C=C3)Cl
D07625,CN1C=NC2=C1C(=O)NC(=O)N2C
D07626,CC(=O)NCCCS(=O)(=O)O
D07627,CCN(C)C(=O)OC1=CC=CC(=C1)C(C)N(C)C
D07628,CCC=CCC=CCC=CCC=CCC=CCCCC(=O)O
D07629,CC1CN(CCC1(C)C2=CC(=CC=C2)O)CC(CC3=CC=CC=C3)C(=O)NCC(=O)O
D07630,CC1CCC23CCC(=O)C2C1(C(CC(C(C3C)O)(C)C=C)OC(=O)CSC4CC5CCC(C4)N5C)C
D07631,C(=N)(N)N
D07632,CCNC(=O)CCCC=CCC1C(CC(C1C=CC(CCC2=CC=CC=C2)O)O)O
D07633,CCN1C2=CC3=C(C=C2C(=O)C(=N1)C(=O)O)OCO3
D07634,CC(CC1=CC(=C(C=C1)O)O)(C(=O)O)N
D07635,CN(C)C(=O)C(CCN1CCC(CC1)(C2=CC=C(C=C2)Cl)O)(C3=CC=CC=C3)C4=CC=CC=C4
D07636,CC1=CC2=C(C=C1C)N(C3=NC(=O)NC(=O)C3=N2)CC(C(C(COP(=O)(O)OP(=O)(O)OCC4C(C(C(O4)N5C=NC6=C(N=CN=C65)N)O)O)O)O)O
D07637,C1C2=C(C=CC(=C2Cl)Cl)N=C3N1CC(=O)N3
D07638,CC1=C2C(C(=O)C3(C(CC4C(C3C(C(C2(C)C)(CC1OC(=O)C(C(C5=CC=CC=C5)NC(=O)C6=CC=CC=C6)O)O)OC(=O)C7=CC=CC=C7)(CO4)OC(=O)C)O)C)OC(=O)C
D07639,C1CN(CCN1CCCN2C3=CC=CC=C3SC4=C2C=C(C=C4)C(F)(F)F)CCO
D07640,C(CC(=O)NC(CS)C(=O)NCC(=O)O)C(C(=O)O)N
D07641,CC1CN(CC(N1)C)C2=C(C(=C3C(=C2F)N(C=C(C3=O)C(=O)O)C4CC4)N)F
D07642,CC1=CC2=C(C=C1C)N(C3=NC(=O)NC(=O)C3=N2)CC(C(C(COP(=O)(O)OP(=O)(O)OCC4C(C(C(O4)N5C=NC6=C(N=CN=C65)N)O)O)O)O)O
D07643,C1CN2C(=CC=C2C(=O)C3=CC=CC=C3)C1C(=O)O
D07644,CC1(C(N2C(S1)C(C2=O)NC(=O)C(C3=CC=CC=C3)N=[N+]=[N-])C(=O)O)C
D07645,CC1CC2=CC=CC=C2N1NC(=O)C3=CC(=C(C=C3)Cl)S(=O)(=O)N
D07646,CC[N+](CC)(CC)CCOC1=C(C(=CC=C1)OCC[N+](CC)(CC)CC)OCC[N+](CC)(CC)CC.[I-].[I-].[I-]
D07647,CCOC(=O)C1(CCN(CC1)CCC(C#N)(C2=CC=CC=C2)C3=CC=CC=C3)C4=CC=CC=C4
D07648,COC1=C(C=C2C(=C1)C(=NC(=N2)N3CCN(CC3)C(=O)C4=CC=CO4)N)OC
D07649,C1=CC=C(C=C1)C(COC(=O)N)COC(=O)N
D07650,CC(=O)OCC1=C(N2C(C(C2=O)NC(=O)CC3=CC=CS3)SC1)C(=O)O
D07651,C1C(=C(N2C(S1)C(C2=O)NC(=O)C(C3=CC=CC=C3)O)C(=O)O)CSC4=NN=NN4CS(=O)(=O)O
D07652,CCC1(CCC(=O)NC1=O)C2=CC=CC=C2
D07653,CC1C(C(CC(O1)OC2C(OC(CC2O)OC3C(OC(CC3O)OC4CCC5(C(C4)CCC6C5CCC7(C6(CCC7C8=CC(=O)OC8)O)C)C)C)C)OC(=O)C)O
D07654,C1=CC=C(C(=C1)C2=NC(C(=O)N(C3=C2C=C(C=C3)Cl)CCC#N)O)F
D07655,CC(C)(C)NCC(C1=CC(=C(C=C1)O)CO)O
D07656,CC1=C(C=CC2=C1OC(=O)C(=C2O)NC(=O)C3=CC(=C(C=C3)O)CC=C(C)C)OC4C(C(C(C(O4)(C)C)OC)OC(=O)N)O
D07657,C=CC1=C(N2C(C(C2=O)NC(=O)C(=NOCC(=O)O)C3=CSC(=N3)N)SC1)C(=O)O
D07658,CC(C)[N+](C)(CCC(C1=CC=CC=C1)(C2=CC=CC=C2)C(=O)N)C(C)C
D07659,C(CCNCCCN)CNCCCN
D07660,C1CN2C(=N1)C3=CC=CC=C3C2(C4=CC=C(C=C4)Cl)O
D07661,C1C(N(C2=C(N1)N=C(NC2=O)N)C=O)CNC3=CC=C(C=C3)C(=O)NC(CCC(=O)O)C(=O)O
D07662,CC(C)C1(C(=O)NC(=O)NC1=O)CC=C
D07663,CC(CCCN)NC1=C2C(=CC(=C1)OC)C=CC=N2
D07664,CC(=O)SC1CC2=CC(=O)CCC2(C3C1C4CCC5(C4(CC3)C)CCC(=O)O5)C
D07665,CN(CC1=C(C(=CC(=C1)Br)Br)N)C2CCCCC2
D07666,CCOC(=O)C1(CCN(CC1)C)C2=CC=CC=C2
D07667,CCOC1=NC2=CC=CC(=C2N1CC3=CC=C(C=C3)C4=CC=CC=C4C5=NNN=N5)C(=O)OC(C)OC(=O)OC6CCCCC6
D07668,C1=NC(=NN1C2C(C(C(O2)CO)O)O)C(=O)N
D07669,CCC12CC(=C)C3C(C1CCC2(C#C)O)CCC4=CCCCC34
D07670,CNC1(CCCCC1=O)C2=CC=CC=C2Cl
D07671,C1=CC(=C(C=C1[N+](=O)[O-])Cl)NC(=O)C2=C(C=CC(=C2)Cl)O
D07672,CCC12CCC3C(C1CCC2(C#C)OC(=O)C)CCC4=CC(=NO)CCC34
D07673,CC12CCC3C(C1CCC2(C#C)O)CCC4=C3C=CC(=C4)OC
D07674,C(C(C(=O)O)N)S
D07675,CC1=C(SC=C1)C(=CCCN2CCCC(C2)C(=O)O)C3=C(C=CS3)C
D07676,C1C(NC2=C(N1)N=C(NC2=O)N)CNC3=CC=C(C=C3)C(=O)NC(CCC(=O)O)C(=O)O
D07677,CC1=C2CCC(=O)N(C2=NC(=N1)C)CC3=CC=C(C=C3)C4=CC=CC=C4C5=NNN=N5
D07678,C(CC(=O)O)C(=O)O
D07679,CC#CCN1C2=C(N=C1N3CCCC(C3)N)N(C(=O)N(C2=O)CC4=NC5=CC=CC=C5C(=N4)C)C
D07680,C1=NC(=C2C(=N1)N(C=N2)C3C(C(C(O3)COP(=O)(O)OP(=O)(O)OP(=O)(O)O)O)O)N
D07681,CN1C(=NN=N1)SCC2=C(N3C(C(C3=O)NC(=O)C(C4=CC=CC=C4)O)SC2)C(=O)O
D07682,CN1CCC23CCCCC2C1CC4=C3C=C(C=C4)OC
D07683,CCC(C(CC(C)N(C)C)(C1=CC=CC=C1)C2=CC=CC=C2)OC(=O)C
D07684,C(C(F)(F)F)(Cl)Br
D07685,CC1CC2C3CC(C4=CC(=O)C=CC4(C3(C(CC2(C1(C(=O)CCl)O)C)O)F)C)F
D07686,CC1=C(C(=NO1)C2=CC=CC=C2)C(=O)NC3C4N(C3=O)C(C(S4)(C)C)C(=O)O
D07687,CN1CCCCC1CCN2C3=CC=CC=C3SC4=C2C=C(C=C4)S(=O)C
D07688,CCCC(CCC)C(=O)OC1CC2CCC(C1)[N+]2(C)C.[Br-]
D07689,CC(C)(C)NCC(C1=NC(=C(C=C1)O)CO)O
D07690,CCC(C1=CC(=CC=C1)O)C(C)CN(C)C
D07691,C[N+]12CCC(CC1)C(C2)OC(=O)C(C3=CC=CC=C3)(C4=CC=CC=C4)O
D07692,CC1=CC2=C(C=C1CC(=O)C3=C(C=CS3)S(=O)(=O)NC4=C(C(=NO4)C)Cl)OCO2
D07693,CC1CC2C3CC(C4=CC(=O)C=CC4(C3(C(CC2(C1(C(=O)CO)O)C)O)F)C)F
D07694,C(CC(C(=O)O)N)CN
D07695,CC1=C(C(C(=C(N1)C)C(=O)OCC(C)C)C2=CC=CC=C2[N+](=O)[O-])C(=O)OC
D07696,CC1=NC=C2N1C3=C(C=C(C=C3)Cl)C(=NC2)C4=CC=CC=C4F
D07697,C1CC[N+]2(C1)C3CCC2CC(C3)OC(=O)C(C4=CC=CC=C4)(C5=CC=CC=C5)O
D07698,CC1CN(CCC1(C2=CC=CC=C2)C(=O)O)C3CCC(CC3)(C#N)C4=CC=C(C=C4)F
D07699,C1C(NC2=C(N1)N=C(NC2=O)N)CNC3=CC=C(C=C3)C(=O)NC(CCC(=O)O)C(=O)O
D07700,CN1CCN2C(C1)C3=CC=CC=C3CC4=C2N=CC=C4
D07701,CC(C)NCC(COC1=CC=C(C=C1)CCOCC2CC2)O
D07702,C(C(=O)O)N
D07703,CCC1(CC(=O)NC1=O)C
D07704,CNC(=O)C1=CN(N=C1)C2=NC(=C3C(=N2)N(C=N3)C4C(C(C(O4)CO)O)O)N
D07705,CCNC(=O)CCCC=CCC1C(CC(C1C=CC(CCC2=CC=CC=C2)O)O)O
D07706,CN1CCCC1C2=CN=CC=C2
D07707,CCO
D07708,CC(CN1C2=CC=CC=C2SC3=C1C=C(C=C3)OC)CN(C)C
D07709,CC(C)C(C(=O)OCC(CO)OCN1C=NC2=C1N=C(NC2=O)N)N
D07710,CN1C(=O)CN=C(C2=C1C=CC(=C2)Cl)C3=CC=CC=C3F
D07711,CC(CC1=CC=CC=C1)NCCN2C=NC3=C2C(=O)N(C(=O)N3C)C
D07712,CCC1(C(=O)NC(=O)NC1=O)CCC(C)C
D07713,CN(C)C(=N)N=C(N)N
D07714,CC1C2C(C(=O)N2C(=C1SC3CC(NC3)C(=O)N(C)C)C(=O)O)C(C)O
D07715,CN(C)CCCC1(C2=C(CO1)C=C(C=C2)C#N)C3=CC=C(C=C3)F
D07716,CC1=CC2=C(C=C1C)N(C3=NC(=O)NC(=O)C3=N2)CC(C(C(COP(=O)(O)OP(=O)(O)OCC4C(C(C(O4)N5C=NC6=C(N=CN=C65)N)O)O)O)O)O
D07717,C1CC(CCC1CN)C(=O)O
D07718,C(C(F)(F)F)(OC(F)F)F
D07719,C1=CC(=CC=C1C2C(C(=O)N2C3=CC=C(C=C3)F)CCC(C4=CC=C(C=C4)F)O)O
D07720,CCCCOC1=NC2=CC=CC=C2C(=C1)C(=O)NCCN(CC)CC
D07721,CC(O)(P(=O)(O)O)P(=O)(O)O
D07722,CN1CCN(CC1)C(=O)OC2C3=NC=CN=C3C(=O)N2C4=NC=C(C=C4)Cl
D07723,C[N+]1(CCCC(C1)OC(=O)C(C2=CC=CC=C2)(C3=CC=CC=C3)O)C
D07724,CCOC(=O)C1=C(NC(=C(C1C2=C(C(=CC=C2)Cl)Cl)C(=O)OC)C)C
D07725,CC(CCCC(C)(C)O)C1CCC2C1(CCCC2=CC=C3CC(CC(C3=C)O)O)C
D07726,CC(=O)CCC1=CC2=C(C=C1)C=C(C=C2)OC
D07727,C1=NC(=C2C(=N1)N(C=N2)C3C(C(C(O3)CO)O)O)N
D07728,CCCC(CCC)C(=O)O
D07729,CC(C[N+](C)(C)C)OC(=O)C
D07730,CCC1=CC2=C(S1)N(C(=O)CN=C2C3=CC=CC=C3Cl)C
D07731,CC(C)CC(C(=O)C1(CO1)C)NC(=O)C(CC2=CC=CC=C2)NC(=O)C(CC(C)C)NC(=O)C(CCC3=CC=CC=C3)NC(=O)CN4CCOCC4
D07732,CC1=CC2=C(N1)C=CC=C2OCC(CNC(C)(C)C)OC(=O)C3=CC=CC=C3
D07733,CC12CC(C3(C(C1CC(=C)C2(C(=O)CO)O)CCC4=CC(=O)C=CC43C)F)O
D07734,C1=CC=C(C(=C1)C(=O)N)O
D07735,CC(=O)NCCC1=CNC2=C1C=C(C=C2)OC
D07736,C=C1C(CC(C1CO)O)N2C=NC3=C2N=C(NC3=O)N
D07737,C1C(=O)NC2=C(C=C(C=C2)Br)C(=N1)C3=CC=CC=N3
D07738,CC(=O)OC1C(SC2=CC=CC=C2N(C1=O)CCN(C)C)C3=CC=C(C=C3)OC
D07739,CC(=O)SC1CC2=CC(=O)CCC2(C3C1C4CCC5(C4(CC3)C)CCC(=O)O5)C
D07740,CCC(CO)NC(=O)C1CN(C2CC3=CN(C4=CC=CC(=C34)C2=C1)C)C
D07741,CC(=O)C1=CC2=C(C=C1)SC3=CC=CC=C3N2CCCN4CCN(CC4)CCO
D07742,CC1=C(C=C(C(=O)N1)C#N)C2=CC=NC=C2
D07743,CC(CCCN)NC1=C2C(=CC(=C1)OC)C=CC=N2
D07744,CC(C)C(C(=O)O)N
D07745,CC(C)COCC(CN(CC1=CC=CC=C1)C2=CC=CC=C2)N3CCCC3
D07746,CN(CCCl)CCCl
D07747,CC1=C(C(=O)N2CCCCC2=N1)CCN3CCC(CC3)C4=NOC5=C4C=CC(=C5)F
D07748,CN(C)CCN(CC1=CC=CC=C1)C2=CC=CC=N2
D07749,C1CCC2C(C1)CC(N2C(=O)C3CC4=CC=CC=C4CN3C(=O)C(CO)NC(=O)C(CC5=CC=CS5)NC(=O)CNC(=O)C6CC(CN6C(=O)C7CCCN7C(=O)C(CCCN=C(N)N)NC(=O)C(CCCN=C(N)N)N)O)C(=O)NC(CCCN=C(N)N)C(=O)O
D07750,CN1C2CCC1CC(C2)OC(C3=CC=CC=C3)C4=CC=CC=C4
D07751,CC(C(C1=CC=CC=C1)O)NC
D07752,CC1CC2C3CC(C4=CC(=O)C=CC4(C3(C(CC2(C1C(=O)CO)C)O)Cl)C)F
D07753,CC1=CC2=C(C=C1C)N(C3=NC(=O)NC(=O)C3=N2)CC(C(C(COP(=O)(O)OP(=O)(O)OCC4C(C(C(O4)N5C=NC6=C(N=CN=C65)N)O)O)O)O)O
D07754,C1=CC=C(C=C1)C2=C(OC(=N2)CCC(=O)O)C3=CC=CC=C3
D07755,C(C(F)(F)F)(OC(F)F)Cl
D07756,CCOC(=O)C(CCC1=CC=CC=C1)NC(C)C(=O)N2CC3=CC=CC=C3CC2C(=O)O
D07757,CC(CC1=CC=C(C=C1)OC)NCC(C2=CC(=C(C=C2)O)NC=O)O
D07758,COC1=CC(=CC(=C1OC)OC)C2C3C(COC3=O)C(C4=CC5=C(C=C24)OCO5)O
D07759,CN(C)CCCN1C2=CC=CC=C2CCC3=C1C=C(C=C3)Cl
D07760,CC(C(C1CNC2=C(N1)C(=O)NC(=N2)N)O)O
D07761,CCCC1=C2C(=CC3=C1OC(=CC3=O)C(=O)O)C(=O)C=C(N2CC)C(=O)O
D07762,CC1=CC(=CC=C1)CN2CCN(CC2)C(C3=CC=CC=C3)C4=CC=C(C=C4)Cl
D07763,CCCN1CC(CC2C1CC3=CNC4=CC=CC2=C34)CSC
D07764,CCC1=C(C=C2CC(CC2=C1)NCC(C3=C4C=CC(=O)NC4=C(C=C3)O)O)CC
D07765,C1C2C(C(S1)CCCCC(=O)O)NC(=O)N2
D07766,CC1=C(N2C(C(C2=O)NC(=O)C(C3=CC=CC=C3)N)SC1)C(=O)O
D07767,CC(C)CC1=CC=C(C=C1)C(C)C(=O)O
D07768,CNC(=NC)NCC1=CC=CC=C1
D07769,C1CN(CCN1CC=CC2=CC=CC=C2)C(C3=CC=C(C=C3)F)C4=CC=C(C=C4)F
D07770,CN(C)CCC(C1=CC=C(C=C1)Br)C2=CC=CC=N2
D07771,CC1=C(C=C(C=C1)NC(=O)C2=CC=C(C=C2)CN3CCN(CC3)C)NC4=NC=CC(=N4)C5=CN=CC=C5
D07772,CN(CCCCCCCCCCN(C)C(=O)OC1=CC=CC(=C1)[N+](C)(C)C)C(=O)OC2=CC=CC(=C2)[N+](C)(C)C
D07773,CC(C)(C)NCC(C1=CC(=C(C(=C1)Cl)N)Cl)O
D07774,CN1C(=NN=N1)SCC2=C(N3C(C(C3=O)NC(=O)C(=NOC)C4=CSC(=N4)N)SC2)C(=O)O
D07775,C1CCC(CC1)C(CCN2CCCC2)(C3=CC=CC=C3)O
D07776,CC1C(C(C(C(O1)OC2CC(C3(C4C(CCC3(C2)O)C5(CCC(C5(CC4O)C)C6=CC(=O)OC6)O)CO)O)O)O)O
D07777,CC1=CNN=C1
D07778,COC1=C(C=C(C=C1)C2CC(=O)C3=C(C=C(C=C3O2)O)O)O
D07779,C(C(C(=O)O)N)C(=O)O
D07780,CN(C)CCN(CC1=CC=C(C=C1)Cl)C2=CC=CC=N2
D07781,CN(C)CCC1=CNC2=C1C=C(C=C2)CN3C=NC=N3
D07782,C(CC(=O)O)C(=O)O
D07783,CNS(=O)(=O)CCC1=CC2=C(C=C1)NC=C2C3CCN(CC3)C
D07784,CC1=CC2=C(C=C1C)N(C3=NC(=O)NC(=O)C3=N2)CC(C(C(CO)O)O)O
D07785,CN(C)CCN(CC1=CC=C(C=C1)Cl)C2=CC=CC=N2
D07786,CNC(=C[N+](=O)[O-])NCCSCC1=CSC(=N1)CN(C)C
D07787,CC1=NC=C2N1C3=C(C=C(C=C3)Cl)C(=NC2)C4=CC=CC=C4F
D07788,C1C(CNC1C(=O)O)O
D07789,COC1=C(C=C2C(=C1)C(=NC(=N2)N3CCN(CC3)C(=O)C4CCCO4)N)OC
D07790,COC1=C(C=C2C(=C1)C(=NC(=N2)N3CCN(CC3)C(=O)C4COC5=CC=CC=C5O4)N)OC
D07791,CCC(C1=CC(=CC=C1)O)C(C)CN(C)C
D07792,CC(=O)NC1CCC2=CC(=C(C(=C2C3=CC=C(C(=O)C=C13)OC)OC)OC)OC
D07793,C1=CC(=C(C=C1C(CN)O)O)O
D07794,CCOC(=O)OC(C)OC(=O)C1C(SC2N1C(=O)C2NC(=O)C(C3=CC=CC=C3)N)(C)C
D07795,CC(C)CC(C(=O)O)N
D07796,CN1CCN(CC1)CCCN2C3=CC=CC=C3SC4=C2C=C(C=C4)C(F)(F)F
D07797,CCCC(C)C1(C(=O)NC(=O)NC1=O)CC
D07798,CC(=O)OCC1=C(N2C(C(C2=O)NC(=O)CSC3=CC=NC=C3)SC1)C(=O)O
D07799,C1C(=O)NC2=C(C=C(C=C2)Br)C(=N1)C3=CC=CC=N3
D07800,CCC12CC(=C)C3C(C1CCC2(C#C)O)CCC4=CC(=O)CCC34
D07801,C1C(=O)N(C2=C(C=C(C=C2)Cl)C(=N1)C3=CC=CC=C3)CC(F)(F)F
D07802,C1=CC=C(C(=C1)C2=NN(C(=N2)C3=CC=CC=C3O)C4=CC=C(C=C4)C(=O)O)O
D07803,CC(=O)SC1CC2=CC(=O)CCC2(C3C1C4CCC5(C4(CC3)C)CCC(=O)O5)C
D07804,CC(CC1=CC(=C(C=C1)O)O)(C(=O)O)NN
D07805,C1C(=O)NC2=C(C=C(C=C2)[N+](=O)[O-])C(=N1)C3=CC=CC=C3
D07806,CC1CCOC2N1C(=O)C3=C(C(=O)C(=CN3C2)C(=O)NCC4=C(C=C(C=C4)F)F)O
D07807,CC1=CC2=C(C=C1C)N(C3=NC(=O)NC(=O)C3=N2)CC(C(C(COP(=O)(O)OP(=O)(O)OCC4C(C(C(O4)N5C=NC6=C(N=CN=C65)N)O)O)O)O)O
D07808,CC1(C2C(C3C(C(=O)C(=C(C3(C(=O)C2=C(C4=C1C=CC=C4O)O)O)O)C(=O)N)N(C)C)O)O
D07809,[Cl-].[K+]
D07810,CC1=C2C(C(=O)C3(C(CC4C(C3C(C(C2(C)C)(CC1OC(=O)C(C(C5=CC=CC=C5)NC(=O)C6=CC=CC=C6)O)O)OC(=O)C7=CC=CC=C7)(CO4)OC(=O)C)O)C)OC(=O)C
D07811,C[N+]1(CCC2=CC(=C(C=C2C1CC3=CC(=C(C(=C3)OC)OC)OC)OC)OC)CCCOC(=O)CCC=CCCC(=O)OCCC[N+]4(CCC5=CC(=C(C=C5C4CC6=CC(=C(C(=C6)OC)OC)OC)OC)OC)C
D07812,CC1=C(C2=C(N1C(=O)C3=CC=C(C=C3)Cl)C=CC(=C2)OC)CC(=O)O
D07813,CC1C(OCCN1C)C2=CC=CC=C2
D07814,C(C(OC(F)F)(F)F)(F)Cl
D07815,CN1CCN(CC1)C2=NC3=C(C=CC(=C3)Cl)NC4=CC=CC=C42
D07816,CC1(OC2COC3(C(C2O1)OC(O3)(C)C)COS(=O)(=O)N)C
D07817,CN(CCCNC(=O)C1CCCO1)C2=NC3=CC(=C(C=C3C(=N2)N)OC)OC
D07818,CCC(C)C(=O)OC1CC(C=C2C1C(C(C=C2)C)CCC(CC(CC(=O)O)O)O)O
D07819,CC(C[N+](C)(C)C)OC(=O)C
D07820,C[N+]1(CCCC(C1)OC(=O)C(C2=CC=CC=C2)(C3=CC=CC=C3)O)C
D07821,CC1=CC(=NO1)NS(=O)(=O)C2=CC=C(C=C2)N
D07822,CC1(C(N2C(S1)C(C2=O)N3C(=O)C(NC3(C)C)C4=CC=CC=C4)C(=O)O)C
D07823,C(CN(CC(=O)O)CC(=O)[O-])N(CCN(CC(=O)O)CC(=O)[O-])CC(=O)[O-].[Gd+3]
D07824,CN1CCN(CC1)C(C2=CC=CC=C2)C3=CC=CC=C3
D07825,CN1C=NC(=C1SC2=NC=NC3=C2NC=N3)[N+](=O)[O-]
D07826,CC1(C(N2C(S1)C(C2=O)NC(=O)C(C3=CC=C(C=C3)O)N)C(=O)O)C
D07827,CCC1=NC(=C(N1CC2=CC3=C(C=C2)OC(=C3Br)C4=CC=CC=C4NS(=O)(=O)C(F)(F)F)C(=O)N)C5CC5
D07828,CN1CCCN=C1COC(=O)C(C2CCCCC2)(C3=CC=CC=C3)O
D07829,CC(C=CC(C)C(C)(C)O)C1CCC2C1(CCCC2=CC=C3CC(CC(C3)O)O)C
D07830,COCCCCC(=NOCCN)C1=CC=C(C=C1)C(F)(F)F
D07831,CN(C)C1C2CC3CC4=C(C=CC(=C4C(=C3C(=O)C2(C(=C(C1=O)C(=O)N)O)O)O)O)N(C)C
D07832,CC=CCC=CCCC(=O)C1C(O1)C(=O)N
D07833,C1C2CC2N(C1C#N)C(=O)C(C34CC5CC(C3)CC(C5)(C4)O)N
D07834,CNC(=O)C1=NC=CC(=C1)OC2=CC(=C(C=C2)NC(=O)NC3=CC(=C(C=C3)Cl)C(F)(F)F)F
D07835,CC1(C(N2C(S1)C(C2=O)NC(=O)C(C3=CC=CC=C3)NC(=O)N4CCNC4=O)C(=O)O)C
D07836,CC1=CC2=C(C=C1C)N(C3=NC(=O)NC(=O)C3=N2)CC(C(C(COP(=O)(O)OP(=O)(O)OCC4C(C(C(O4)N5C=NC6=C(N=CN=C65)N)O)O)O)O)O
D07837,CC1=C(C(=NO1)C2=C(C=CC=C2Cl)F)C(=O)NC3C4N(C3=O)C(C(S4)(C)C)C(=O)O
D07838,C1=CC=C(C(=C1)C(=O)OC2=CC=CC=C2C(=O)O)O
D07839,CN1CCC2=C3C1CC4=C(C3=CC=C2)C(=C(C=C4)O)O
D07840,CCC(C=CCl)(C#C)O
D07841,CC1=CC(=C(C=C1)C)OCCCC(C)(C)C(=O)O
D07842,CCCCCCCN(CC)CCCC(C1=CC=C(C=C1)NS(=O)(=O)C)O
D07843,CN(CC1=CN=C2C(=N1)C(=NC(=N2)N)N)C3=CC=C(C=C3)C(=O)NC(CCC(=O)O)C(=O)O
D07844,C1C2=NN=CN2C3=C(C=C(C=C3)Cl)C(=N1)C4=CC=CC=C4
D07845,CC(CC1=CC(=C(C=C1)O)O)C(C)CC2=CC(=C(C=C2)O)O
D07846,CC1(C(=O)N2C(C(=O)N3CCCC3C2(O1)O)CC4=CC=CC=C4)NC(=O)C5CN(C6CC7=CNC8=CC=CC(=C78)C6=C5)C
D07847,CC1=C(N=CN1)CN2CCC3=C(C2=O)C4=CC=CC=C4N3C
D07848,CC(C(C1=CC=CC=C1)O)NC
D07849,C1C(C(C(C(C1N)OC2C(C(C(C(O2)CO)O)O)N)OC3C(C(C(O3)CO)OC4C(C(C(C(O4)CN)O)O)N)O)O)N
D07850,CN1CCC2=C3C1CC4=C(C3=CC=C2)C(=C(C=C4)O)O
D07851,CC1=NC2=C(C=C(C=C2)CN(C)C3=CC=C(S3)C(=O)NC(CCC(=O)O)C(=O)O)C(=O)N1
D07852,COC1=CC=C(C=C1)CCN2CCC(CC2)NC3=NC4=CC=CC=C4N3CC5=CC=C(C=C5)F
D07853,CC1=C(C(C(=C(N1)C)C(=O)OC(C)C)C2=CC=CC3=NON=C32)C(=O)OC
D07854,CC1C(C(C(C(O1)OC2C(OC(C(C2O)O)OC(C(CO)O)C(C(C=O)O)O)CO)O)O)NC3C=C(C(C(C3O)O)O)CO
D07855,C1CN(CC2=CC=CC=C21)C(=N)N
D07856,CC(CCCN)NC1=C2C(=CC(=C1)OC)C=CC=N2
D07857,CCCCOC1=CC=C(C=C1)C(=O)CCN2CCCCC2
D07858,CC1=C2C(C(=O)C3(C(CC4C(C3C(C(C2(C)C)(CC1OC(=O)C(C(C5=CC=CC=C5)NC(=O)C6=CC=CC=C6)O)O)OC(=O)C7=CC=CC=C7)(CO4)OC(=O)C)O)C)OC(=O)C
D07859,CCOC(=O)C(CCC1=CC=CC=C1)NC2CCC3=CC=CC=C3N(C2=O)CC(=O)O
D07860,CC1CC(=O)NN=C1C2=CC=C(C=C2)NN=C(C#N)C#N
D07861,CN(C)CCCC1(C2=C(CO1)C=C(C=C2)C#N)C3=CC=C(C=C3)F
D07862,C(CCC(=O)O)CCN
D07863,C1CN(CCN1CCOC(=O)C2=CC=CC=C2NC3=C4C=CC(=CC4=NC=C3)C(F)(F)F)C5=CC=CC(=C5)C(F)(F)F
D07864,CN1CCN(CC1)CCCN2C3=CC=CC=C3SC4=C2C=C(C=C4)S(=O)(=O)N(C)C
D07865,CC1=CN(C(=O)NC1=O)C2C=CC(O2)CO
D07866,CC(=O)CCCCN1C(=O)C2=C(N=CN2C)N(C1=O)C
D07867,CC1=CN=C(C=N1)C(=O)NCCC2=CC=C(C=C2)S(=O)(=O)NC(=O)NC3CCCCC3
D07868,C1C(=O)NC2=C(C=C(C=C2)[N+](=O)[O-])C(=N1)C3=CC=CC=C3
D07869,CCC(C1=CC=CC=C1)C2=C(C3=CC=CC=C3OC2=O)O
D07870,CCCN(CCC)CCC1=C2CC(=O)NC2=CC=C1
D07871,CCN(CC)CC1=C(C=CC(=C1)NC2=C3C=CC(=CC3=NC=C2)Cl)O
D07872,CCOC(=O)C1(CCN(CC1)CCC(C#N)(C2=CC=CC=C2)C3=CC=CC=C3)C4=CC=CC=C4
D07873,CC(C1=CC=C(C=C1)C(=O)C2=CC=CS2)C(=O)O
D07874,C1CN=C(N1)NC2=C(C=CC3=NSN=C32)Cl
D07875,CC1C(C(CC(O1)OC2CC(CC3=C2C(=C4C(=C3O)C(=O)C5=C(C4=O)C(=CC=C5)OC)O)(C(=O)CO)O)N)O
D07876,COCC1=C(N2C(C(C2=O)NC(=O)C(=NOC)C3=CSC(=N3)N)SC1)C(=O)O
D07877,CC(C)(C)NCC(COC1=NSN=C1N2CCOCC2)O
D07878,C1=CC=C(C=C1)C(C2=CC=CC=C2)(C3=CC=CC=C3Cl)N4C=CN=C4
D07879,CC1=CC(=C(C=C1)C(C)C)OCC2=NCCN2
D07880,CCCC(C)(COC(=O)N)COC(=O)N
D07881,C1CCN(CC1)CCC(C2CCCC2)(C3=CC=CC=C3)O
D07882,CN(C)CCCN1C2=CC=CC=C2CCC3=CC=CC=C31
D07883,CC(C)OP(=O)(OC(C)C)F
D07884,C1C2=NN=CN2C3=C(C=C(C=C3)Cl)C(=N1)C4=CC=CC=C4
D07885,CCCCC1=C(C2=C(O1)C=CC(=C2)NS(=O)(=O)C)C(=O)C3=CC=C(C=C3)OCCCN(CCCC)CCCC
D07886,CC(C)(C(=O)O)ON=C(C1=CSC(=N1)N)C(=O)NC2C3N(C2=O)C(=C(CS3)C[N+]4=CC=CC=C4)C(=O)[O-]
D07887,CC1CC(=O)C2(C(O1)OC3C(C(C(C(C3O2)NC)O)NC)O)O
D07888,C1CCC(CC1)(CC(=O)O)CN
D07889,CC(CCC(=O)O)C1CCC2C1(CCC3C2C(CC4C3(CCC(C4)O)C)O)C
D07890,CC1(C2C(C3C(C(=O)C(=C(C3(C(=O)C2=C(C4=C1C=CC=C4O)O)O)O)C(=O)N)N(C)C)O)O
D07891,CC1=C(N2C(C(C2=O)NC(=O)C(C3=CC=C(C=C3)O)N)SC1)C(=O)O
D07892,CCC(C=CCl)(C#C)O
D07893,C1CCNC(C1)CNC(=O)C2=C(C=CC(=C2)OCC(F)(F)F)OCC(F)(F)F
D07894,CC(C)C1=C(C(=C(N1CCC(CC(CC(=O)O)O)O)C2=CC=C(C=C2)F)C3=CC=CC=C3)C(=O)NC4=CC=CC=C4
D07895,CC1=C(C=CC2=C1OC(=O)C(=C2O)NC(=O)C3=CC(=C(C=C3)O)CC=C(C)C)OC4C(C(C(C(O4)(C)C)OC)OC(=O)N)O
D07896,CCC(=O)C1(CCN(CC1)C)C2=CC(=CC=C2)O
D07897,C1C(=S)N(C2=C(C=C(C=C2)Cl)C(=N1)C3=CC=CC=C3F)CC(F)(F)F
D07898,COC1=CC2=C(C=CN=C2C=C1)C(C3CC4CCN3CC4C=C)O
D07899,CCOC(=O)C1=C(NC(=C(C1C2=CC=CC=C2Cl)C(=O)OC)C)COCCN
D07900,CC(=O)NC1=NN=C(S1)S(=O)(=O)N
D07901,CCN1CC(C(C1=O)(C2=CC=CC=C2)C3=CC=CC=C3)CCN4CCOCC4
D07902,[N+](=O)([O-])[O-].[N+](=O)([O-])[O-].[N+](=O)([O-])[O-].[Ga+3]
D07903,CC(C)C1CCC(CC1)C(=O)NC(CC2=CC=CC=C2)C(=O)O
D07904,COC1=CC2=C(C=CN=C2C=C1)C(C3CC4CCN3CC4C=C)O
D07905,CC(C)NCC(COC1=CC=CC=C1CC=C)O
D07906,CC1=C(C(CCC1)(C)C)C=CC(=CC=CC(=CCO)C)C
D07907,CC1NC2=CC(=C(C=C2C(=O)N1C3=CC=CC=C3C)S(=O)(=O)N)Cl
D07908,C1=CC=C(C=C1)CSCC2=NS(=O)(=O)C3=CC(=C(C=C3N2)Cl)S(=O)(=O)N
D07909,C1CN(CCN1CCCN2C3=CC=CC=C3SC4=C2C=C(C=C4)C(F)(F)F)CCO
D07910,CN1CCN(CC1)CCCN2C3=CC=CC=C3SC4=C2C=C(C=C4)S(=O)(=O)N(C)C
D07911,C(=O)(O)P(=O)(O)O
D07912,CC(=O)NS(=O)(=O)C1=CC=C(C=C1)N
D07913,CC(O)(P(=O)(O)O)P(=O)(O)O
D07914,COC1=C(C=C(C=C1)C2CC(=O)C3=C(C=C(C=C3O2)O)O)O
D07915,CC1CN(CCN1)C2=C(C=C3C(=C2OC)N(C=C(C3=O)C(=O)O)C4CC4)F
D07916,CC(C)CC(C(C(=O)NO)O)C(=O)NC(C(=O)NC)C(C)(C)C
D07917,CC1=C(C(=O)C2=C(C1=O)N3CC4C(C3(C2COC(=O)N)OC)N4)N
D07918,CC1=CC(=O)N2CC(=O)N(C3=C(C2(O1)C4=CC=CC=C4)C=C(C=C3)Cl)C
D07919,CCC(CO)NCCNC(CC)CO
D07920,C1=NC(=C2C(=N1)N(C=N2)C3C(C(C(O3)CO)O)O)N
D07921,CC1CN(CC(N1)C)C2=C(C(=C3C(=C2F)N(C=C(C3=O)C(=O)O)C4CC4)N)F
D07922,C1CNCC(C2=CC(=C(C(=C21)Cl)O)O)C3=CC=C(C=C3)O
D07923,CC(CC1=CC(=C(C=C1)O)O)C(C)CC2=CC(=C(C=C2)O)O
D07924,CC1=CC2=C(S1)NC3=CC=CC=C3N=C2N4CCN(CC4)C
D07925,CC1C(C(C(C(O1)OC2CC(C3(C4C(CCC3(C2)O)C5(CCC(C5(CC4O)C)C6=CC(=O)OC6)O)CO)O)O)O)O
D07926,CC1=C(C(=O)N2CCCCC2=N1)CCN3CCC(CC3)C4=NOC5=C4C=CC(=C5)F
D07927,CC1=CC(=C(C=C1)Cl)OCC(CNC(C)(C)C)O
D07928,CC(=O)N1CCN(CC1)C2=CC=C(C=C2)OCC3COC(O3)(CN4C=CN=C4)C5=C(C=C(C=C5)Cl)Cl
D07929,CC(=O)CCC1=CC2=C(C=C1)C=C(C=C2)OC
D07930,CCC(C)C(=O)OC1CC(C=C2C1C(C(C=C2)C)CCC3CC(CC(=O)O3)O)C
D07931,CC(C)(C)NCC(C1=CC(=C(C(=C1)Cl)N)Cl)O
D07932,CC(C1=CC(=C(C=C1)C2=CC=CC=C2)F)C(=O)O
D07933,C1CC(=O)NC(=O)C1N2C(=O)C3=C(C2=O)C(=CC=C3)N
D07934,C(CC(=O)NC(CS)C(=O)NCC(=O)O)C(C(=O)O)N
D07935,CC12CCC(CC1=CCC3C2CCC4(C3CC=C4C5=CN=CC=C5)C)O
D07936,CC(CCC1=CC=C(C=C1)O)NCCC2=CC(=C(C=C2)O)O
D07937,C1CCC(CC1)C(CCN2CCCCC2)(C3=CC=CC=C3)O
D07938,C[S+](CCC(C(=O)[O-])N)CC1C(C(C(O1)N2C=NC3=C(N=CN=C32)N)O)O
D07939,CC(=O)NC(CC(=O)NC(CCC(=O)O)C(=O)O)C(=O)O
D07940,C1=CC=C(C=C1)O
D07941,C1=NC(=C2C(=N1)N(C=N2)C3C(C(C(O3)COP(=O)(O)OP(=O)(O)OP(=O)(O)O)O)O)N
D07942,CCC(C)C1(C(=O)NC(=O)NC1=O)CC
D07943,CC1CC2C3CCC4=CC(=O)C=CC4(C3(C(CC2(C1C(=O)CO)C)O)F)C
D07944,C(C(F)(F)F)(OC(F)F)Cl
D07945,CC1(C(=O)N(C(=O)O1)C)C
D07946,C1=C(C=C(C(=C1S(=O)(=O)N)Cl)Cl)S(=O)(=O)N
D07947,C1=CC(=C(C=C1CCN)O)O
D07948,C1=CC=C(C(=C1)C2=NC(C(=O)NC3=C2C=C(C=C3)Cl)O)Cl
D07949,CCCCCCOC(=O)NC(=N)C1=CC=C(C=C1)NCC2=NC3=C(N2C)C=CC(=C3)C(=O)N(CCC(=O)OCC)C4=CC=CC=N4
D07950,CC1(OC2COC3(C(C2O1)OC(O3)(C)C)COS(=O)(=O)N)C
D07951,CCCCN1CC(C(C(C1CO)O)O)O
D07952,CN(C)CCOC(C1=CC=CC=C1)C2=CC=CC=C2
D07953,CCC(=O)N(C1=CC=CC=C1)C2(CCN(CC2)CCC3=CC=CS3)COC
D07954,C1=NC2=C(N1)C(=S)N=CN2
D07955,CN1CCC(C1)CN2C3=CC=CC=C3SC4=CC=CC=C42
D07956,CC(C)CC(C(C(=O)NO)O)C(=O)NC(C(=O)NC)C(C)(C)C
D07957,CN(C)CCC=C1C2=CC=CC=C2C=CC3=CC=CC=C31
D07958,C1CN(CCN1CCCN2C(=O)N3C=CC=CC3=N2)C4=CC(=CC=C4)Cl
D07959,CC1=C(C(C(=C(N1)C#N)C(=O)OC)C2=CC(=CC=C2)[N+](=O)[O-])C(=O)OC(C)C
D07960,C(OC(C(F)(F)F)C(F)(F)F)F
D07961,C1CNCCN1
D07962,C1CCC(CC1)C(CCN2CCCCC2)(C3=CC=CC=C3)O
D07963,CCCCC1=NC(=C(N1CC2=CC=C(C=C2)C3=CC=CC=C3C4=NNN=N4)CO)Cl
D07964,CC(=O)OCC1=C(N2C(C(C2=O)NC(=O)C(=NOC)C3=CSC(=N3)N)SC1)C(=O)O
D07965,C1CC(=O)NC(=O)C1N2CC3=C(C2=O)C=CC=C3N
D07966,C(C(F)(F)F)(OC(F)F)Cl
D07967,CC(C)CC(CC(=O)O)CN
D07968,CCC(=O)C1(C(CC2C1(CC(C3C2CCC4=CC(=O)C=CC34C)O)C)C)C
D07969,C1=CC=C(C=C1)C2(C(=O)N(C(=O)N2)COP(=O)(O)O)C3=CC=CC=C3
D07970,COC1=C(C(=NC=C1)CS(=O)C2=NC3=C(N2)C=C(C=C3)OC(F)F)OC
D07971,[K+].[I-]
D07972,CC1=CC2=C(C=C1C)N(C3=NC(=O)NC(=O)C3=N2)CC(C(C(COP(=O)(O)OP(=O)(O)OCC4C(C(C(O4)N5C=NC6=C(N=CN=C65)N)O)O)O)O)O
D07973,CON=C1CN(CC1CN)C2=C(C=C3C(=O)C(=CN(C3=N2)C4CC4)C(=O)O)F
D07974,CNC(=O)C1=NC=CC(=C1)OC2=CC(=C(C=C2)NC(=O)NC3=CC(=C(C=C3)Cl)C(F)(F)F)F
D07975,C1=CC=C(C=C1)C(C2=CC=CC=C2)(C3=CC=CC=C3Cl)N4C=CN=C4
D07976,C[N+](C)(C)CCO
D07977,CC(C)CC1CN2CCC3=CC(=C(C=C3C2CC1=O)OC)OC
D07978,C(C(F)(F)F)(OC(F)F)F
D07979,C1=NC(=C2C(=N1)N(C=N2)C3C(C(C(O3)COP(=O)(O)O)O)O)N
D07980,CCCCNC1=C(C(=CC(=C1)C(=O)O)S(=O)(=O)N)OC2=CC=CC=C2
D07981,[C-]#N.[C-]#N.[C-]#N.[C-]#N.[C-]#N.[N-]=O.[Fe+4]
D07982,C1CN(CCN1CCOCCO)C2=NC3=CC=CC=C3SC4=CC=CC=C42
D07983,CC1CCC(C(C1)O)C(C)C
D07984,CC1=C(C(C(=C(N1)C)C(=O)OC(C)C)C2=CC(=CC=C2)[N+](=O)[O-])C(=O)OCCOC
D07985,C(CCl)NC(=O)N(CCCl)N=O
D07986,COC1=C(C=C(C=C1)Cl)C(=O)NCCC2=CC=C(C=C2)S(=O)(=O)NC(=O)NC3CCCCC3
D07987,COC1=C(C=C(C=C1)CC2=NC=CC3=CC(=C(C=C32)OC)OC)OC
D07988,CCN1C=C(C(=O)C2=CC(=C(C=C21)N3CCNCC3)F)C(=O)O
D07989,CC1=NN=C2N1C3=C(C=C(C=C3)Cl)C(=NC2)C4=CC=CC=C4Cl
D07990,C1=CC=C(C(=C1)C2=NC(C(=O)N(C3=C2C=C(C=C3)Cl)CCC#N)O)F
D07991,C1=C(C(=C(C(=C1Cl)Cl)CC2=C(C(=CC(=C2Cl)Cl)Cl)O)O)Cl
D07992,CCC1(CCC(=O)NC1=O)C2=CC=CC=C2
D07993,CC(=O)OC1C(CC2C1(CCC3C2CCC4C3(CC(C(C4)O)N5CCOCC5)C)C)[N+]6(CCCC6)CC=C
D07994,CC(=O)OC1CC2CCC3C(C2(CC1N4CC[N+](CC4)(C)C)C)CCC5(C3CC(C5OC(=O)C)N6CC[N+](CC6)(C)C)C
D07995,C1CN=C(N1)NC2=C(C=CC3=NSN=C32)Cl
D07996,C(CC(=O)O)C(=O)O
D07997,CCC1C(C(C(N(CC(CC(C(C(C(C(C(=O)O1)C)OC2CC(C(C(O2)C)O)(C)OC)C)OC3C(C(CC(O3)C)N(C)C)O)(C)O)C)C)C)O)(C)O
D07998,CC(C)CC(C(=O)O)N
D07999,C1C(C2C(O1)C(CO2)O[N+](=O)[O-])O
D08000,CCC1NC2=CC(=C(C=C2C(=O)N1)S(=O)(=O)N)Cl
D08001,C1CC(=O)NC2=C1C=CC(=C2)OCCCCN3CCN(CC3)C4=C(C(=CC=C4)Cl)Cl
D08002,C1CCC(CC1)(CC(=O)O)CN
D08003,CC1C(C(CC(O1)OC2CC(CC3=C2C(=C4C(=C3O)C(=O)C5=C(C4=O)C(=CC=C5)OC)O)(C(=O)C)O)N)O
D08004,C1=CC(=C(C=C1N)O)C(=O)O
D08005,CC(C)NCC(COC1=CC=C(C=C1)CCOC)O
D08006,CC1=CC2=C(C=C1C)N(C3=NC(=O)NC(=O)C3=N2)CC(C(C(COP(=O)(O)OP(=O)(O)OCC4C(C(C(O4)N5C=NC6=C(N=CN=C65)N)O)O)O)O)O
D08007,CCN(CC)C(=S)SSC(=S)N(CC)CC
D08008,CC1(C(=O)N2C(C(=O)N3CCCC3C2(O1)O)CC4=CC=CC=C4)NC(=O)C5CN(C6CC7=CNC8=CC=CC(=C78)C6=C5)C
D08009,C1=CC=C(C=C1)C2=C(OC(=N2)CCC(=O)O)C3=CC=CC=C3
D08010,CCN1C=C(C(=O)C2=CC(=C(C=C21)N3CCN(CC3)C)F)C(=O)O
D08011,C=CCNC1=NC(=NC(=N1)N2CCN(CC2)C(C3=CC=C(C=C3)F)C4=CC=C(C=C4)F)NCC=C
D08012,C1CN2C(=NN=C2C(F)(F)F)CN1C(=O)CC(CC3=CC(=C(C=C3F)F)F)N
D08013,CC(CC1=CC=CC=C1)N
D08014,CN(C)CCCN1C2=CC=CC=C2SC3=CC=CC=C31
D08015,CCC1=CC2CC(C3=C(CN(C2)C1)C4=CC=CC=C4N3)(C5=C(C=C6C(=C5)C78CCN9C7C(C=CC9)(C(C(C8N6C)(C(=O)OC)O)OC(=O)C)CC)OC)C(=O)OC
D08016,CN1CCN2C(C1)C3=CC=CC=C3CC4=CC=CC=C42
D08017,CC12CCC3C(C1CCC2(C#C)O)CCC4=CC(=O)CCC34
D08018,C1=CC=C(C(=C1)C2=NC(C(=O)NC3=C2C=C(C=C3)Cl)O)Cl
D08019,CC12CCC3C(C1CCC2O)CCC4=CC(=O)CCC34C
D08020,CCCC1=NN(C2=C1N=C(NC2=O)C3=C(C=CC(=C3)S(=O)(=O)N4CCN(CC4)C)OCC)C
D08021,CC1=C2C(=C(N(C1=O)C)NC3=C(C=C(C=C3)I)F)C(=O)N(C(=O)N2C4=CC=CC(=C4)NC(=O)C)C5CC5
D08022,CC(C)N=C(N)N=C(N)NC1=CC=C(C=C1)Cl
D08023,CCCCC(=O)OCC(=O)C1(CC(C2=C(C1)C(=C3C(=C2O)C(=O)C4=C(C3=O)C=CC=C4OC)O)OC5CC(C(C(O5)C)O)NC(=O)C(F)(F)F)O
D08024,C1CN(CCN1CC=CC2=CC=CC=C2)C(C3=CC=CC=C3)C4=CC=CC=C4
D08025,C1=CC=C(C=C1)COCC(C(=O)O)N(CCN(CCN(CC(=O)[O-])CC(=O)[O-])CC(=O)[O-])CC(=O)O.[Gd+3]
D08026,C1=CC(=C(C(=C1)Cl)CC(=O)N=C(N)N)Cl
D08027,CN1C(=O)CC(=O)N(C2=C1C=CC(=C2)Cl)C3=CC=CC=C3
D08028,C(C(C1C(=C(C(=O)O1)O)O)O)O
D08029,CC(CC1=CC=CC=C1)N(C)CC#C
D08030,CN1C(NC2=CC(=C(C=C2S1(=O)=O)S(=O)(=O)N)Cl)CCl
D08031,CC1(C(N2C(S1)C(C2=O)NC(=O)C3=C(C=CC=C3OC)OC)C(=O)O)C
D08032,CC1CC(C2C(CC(C(O2)(C(=O)C(=O)N3CCCCC3C(=O)OC(C(C(CC(=O)C(C=C(C1)C)CC=C)O)C)C(=CC4CCC(C(C4)OC)O)C)O)C)OC)OC
D08033,C1CC2=C(C=CC(=C2)Cl)C(=C3CCNCC3)C4=C1C=CC=N4
D08034,C1CC2CN(C(=O)C3=CC=CC(=C23)C1)C4CN5CCC4CC5
D08035,CC1CC2C3CC(C4=CC(=O)C=CC4(C3C(CC2(C1(C(=O)CO)O)C)O)C)F
D08036,CCCCCCCCCCCCCCCCCC(=O)O[Al].O.O
D08037,CNC(=C[N+](=O)[O-])NCCSCC1=CC=C(O1)CN(C)C
D08038,C(C(F)(F)F)(OC(F)F)Cl
D08039,CN1C2=C(C(=O)N(C1=O)C)NC=N2.CN1C2=C(C(=O)N(C1=O)C)NC=N2.C(CN)N
D08040,CC1=C(N=CN1)CN2CCC3=C(C2=O)C4=CC=CC=C4N3C
D08041,C1=CC(=C(C=C1CC(C(=O)O)N)O)O
D08042,CCC=CCC=CCC=CCC=CCC=CCCCC(=O)O
D08043,CC12CCC(=O)C=C1C3CC3C4C2CCC5(C4C6CC6C57CCC(=O)O7)C
D08044,CC(C)(C)C(=O)OC1=C(C=C(C=C1)C(CNC)O)OC(=O)C(C)(C)C
D08045,C(CC(C(=O)O)N)CN
D08046,CC(C)OP(=O)(OC(C)C)F
D08047,CCCSC1=CC2=C(C=C1)N=C(N2)NC(=O)OC
D08048,CN1C(=O)CC(=O)N(C2=C1C=CC(=C2)Cl)C3=CC=CC=C3
D08049,CN1C(S(=O)(=O)CCC1=O)C2=CC=C(C=C2)Cl
D08050,CN1CCC23CCCCC2C1CC4=C3C=C(C=C4)OC
D08051,CC12CCC(=O)C=C1CCC3C2(C(CC4(C3CCC4(C)O)C)O)F
D08052,COC1=CC=CC=C1OCCNCC(COC2=CC=CC3=C2C4=CC=CC=C4N3)O
D08053,C1=CC(=CC=C1NC(=NC(=NCCCCCCN=C(N)N=C(N)NC2=CC=C(C=C2)Cl)N)N)Cl
D08054,C(C(C(=O)O)N)C(=O)O
D08055,C1=NC(=NC(=O)N1C2C(C(C(O2)CO)O)O)N
D08056,CN1C2=C(C(=O)N(C1=O)C)N(C=N2)CC(CO)O
D08057,CC1=CC(=O)N(N1C)C2=CC=CC=C2
D08058,CN(C)CCN(CC1=CC=CC=C1)C2=CC=CC=N2
D08059,COC1=CC2=C(C=C1C(=O)NCC3CCCN3CC=C)NN=N2
D08060,CN1CCC23CCCCC2C1CC4=C3C=C(C=C4)OC
D08061,CC(C1=CC(=C(C=C1)C2=CC=CC=C2)F)C(=O)O
D08062,CC(=O)C(=O)O
D08063,C1CN2CCC1C(C2)CN3C4=CC=CC=C4SC5=CC=CC=C53
D08064,CC1=NN=C2N1C3=C(C=C(C=C3)Cl)C(=NC2)C4=CC=CC=C4Cl
D08065,CC(CCC(=O)NCCS(=O)(=O)O)C1CCC2C1(CCC3C2C(CC4C3(CCC(C4)O)C)O)C
D08066,C1=CC=C(C(=C1)C2=NC(C(=O)NC3=C2C=C(C=C3)Cl)O)Cl
D08067,CC1=C(N2C(C(C2=O)NC(=O)C(C3=CC=C(C=C3)O)N)SC1)C(=O)O
D08068,CC(C)C(CCCN(C)CCC1=CC(=C(C=C1)OC)OC)(C#N)C2=CC(=C(C=C2)OC)OC
D08069,CN1CCCCC1CCN2C3=CC=CC=C3SC4=C2C=C(C=C4)SC
D08070,C1CCN(CC(C1)N)C2=C(C=C3C(=C2Cl)N(C=C(C3=O)C(=O)O)C4CC4)F
D08071,CC(C(C1=CC=CC=C1)O)NC
D08072,CC(=O)OC1C(CC2C1(CCC3C2CCC4C3(CC(C(C4)O)N5CCOCC5)C)C)[N+]6(CCCC6)CC=C
D08073,CC12CCC3C(C1CCC2O)CCC4=C3C=CC(=C4)OC(=O)N(CCCl)CCCl
D08074,CCC1(CCC(=O)NC1=O)C2=CC=CC=C2
D08075,CCC(=O)C1=CC2=C(C=C1)SC3=CC=CC=C3N2CC(C)N(C)C
D08076,C1=NC2=NC=NC(=C2N1)N
D08077,CC1=C(C2=CC3=NC(=CC4=C(C(=C(N4)C=C5C6(C(C(=CC=C6C(=N5)C=C1N2)C(=O)OC)C(=O)OC)C)C)CCC(=O)OC)C(=C3C)CCC(=O)O)C=C
D08078,C1=CC(=CC=C1N)S(=O)(=O)C2=CC=C(C=C2)N
D08079,CC1(CC(=O)N(C1=O)C)C2=CC=CC=C2
D08080,CC1=C(C(=CC=C1)C)OCC(C)N
D08081,CC1(CCC(C2=C1C=CC(=C2)NC(=O)C3=CC=C(C=C3)C(=O)O)(C)C)C
D08082,C1=NC(=C2C(=N1)N(C=N2)C3C(C(C(O3)COP(=O)(O)OP(=O)(O)OP(=O)(O)O)O)O)N
D08083,C1CC[N+]2(C1)C3CCC2CC(C3)OC(=O)C(C4=CC=CC=C4)(C5=CC=CC=C5)O
D08084,C1=CC=C(C(=C1)C2=NC(C(=O)NC3=C2C=C(C=C3)Cl)O)Cl
D08085,C1=CC(=C2C(=C1NCCNCCO)C(=O)C3=C(C=CC(=C3C2=O)O)O)NCCNCCO
D08086,C1CC(NC1)C(=O)O
D08087,C1=CC(=C(C=C1Cl)Cl)C(CN2C=CN=C2)OCC3=C(SC=C3)Cl
D08088,C=CC1=C(N2C(C(C2=O)NC(=O)C(=NOCC(=O)O)C3=CSC(=N3)N)SC1)C(=O)O
D08089,C1CN(CC=C1N2C3=CC=CC=C3NC2=O)CCCC(=O)C4=CC=C(C=C4)F
D08090,COC1(C2N(C1=O)C(=C(CS2)COC(=O)N)C(=O)O)NC(=O)CC3=CC=CS3
D08091,CC(C)NCC1CCC2=CC(=C(C=C2N1)[N+](=O)[O-])CO
D08092,C1C2C(C2N)CN1C3=C(C=C4C(=O)C(=CN(C4=N3)C5=C(C=C(C=C5)F)F)C(=O)O)F
D08093,CC1=C(ON=C1C)NS(=O)(=O)C2=CC=C(C=C2)N
D08094,C1C(NC2=C(N1)N=C(NC2=O)N)CNC3=CC=C(C=C3)C(=O)NC(CCC(=O)O)C(=O)O
D08095,CCC(C(C)O)N1C(=O)N(C=N1)C2=CC=C(C=C2)N3CCN(CC3)C4=CC=C(C=C4)OCC5CC(OC5)(CN6C=NC=N6)C7=C(C=C(C=C7)F)F
D08096,CCCC1=CC(=O)NC(=S)N1
D08097,CC1C(C(C(C(O1)OCC2C(C(C(C(O2)OC3=CC(=C4C(=C3)OC(=CC4=O)C5=CC(=C(C=C5)OC)O)O)O)O)O)O)O)O
D08098,CCOC(=O)C(C)(C)OC1=CC=C(C=C1)Cl
D08099,CCN(CC)CC(=O)OCC(=O)C1(CCC2C1(CC(C3C2CCC4=CC(=O)CCC34C)O)C)O
D08100,CN1CCN(CC1)CCCN2C3=CC=CC=C3SC4=C2C=C(C=C4)C(F)(F)F
D08101,CN1C2=C(C(=O)N(C1=O)C)N(C=N2)CC(CO)O
D08102,CC1=NS(=O)(=O)C2=C(N1)C=CC(=C2)Cl
D08103,CC(C)C(C)C=CC(C)C1CCC2C1(CCCC2=CC=C3CC(CCC3=C)O)C
D08104,C1=CC(=C(C=C1N)O)C(=O)O
D08105,C1=NNC2=C1C(=O)NC=N2
D08106,CN1C(=O)CN=C(C2=C1C=CC(=C2)Cl)C3=CC=CC=C3
D08107,C1=CC(=C(C=C1N=NC2=CC(=C(C=C2)O)C(=O)O)C(=O)O)O
D08108,CC1=C(C(=O)N2CCCC(C2=N1)O)CCN3CCC(CC3)C4=NOC5=C4C=CC(=C5)F
D08109,CC(C(C1=CC=CC=C1)O)NC
D08110,CC1(OC2COC3(C(C2O1)OC(O3)(C)C)COS(=O)(=O)N)C
D08111,CC12CC(C3C(C1CCC2(C(=O)CO)O)CCC4=CC(=O)C=CC34C)O
D08112,C1CCC(CC1)C(CCN2CCCC2)(C3=CC=CC=C3)O
D08113,CC1CCOC2N1C(=O)C3=C(C(=O)C(=CN3C2)C(=O)NCC4=C(C=C(C=C4)F)F)O
D08114,CC1=C(C(=O)N2CCCC(C2=N1)O)CCN3CCC(CC3)C4=NOC5=C4C=CC(=C5)F
D08115,CC(C)(C)OC(=O)NCCC(=O)NC(CC1=CNC2=CC=CC=C21)C(=O)NC(CCSC)C(=O)NC(CC(=O)O)C(=O)NC(CC3=CC=CC=C3)C(=O)N
D08116,CC(CN1C2=CC=CC=C2CCC3=CC=CC=C31)CN(C)C
D08117,CCCCOC1=CC=C(C=C1)C(=O)CCN2CCCCC2
D08118,COC1=CC=C(C=C1)C2C(=O)C3=CC=CC=C3C2=O
D08119,CN(C)CCCC1(C2=C(CO1)C=C(C=C2)C#N)C3=CC=C(C=C3)F
D08120,C(CN(CC(=O)O)CC(=O)[O-])N(CCN(CC(=O)O)CC(=O)[O-])CC(=O)[O-].[Gd+3]
D08121,CC1(C(=O)NC(=O)N(C1=O)C)C2=CCCCC2
D08122,C1=C(C(=O)NC(=O)N1)F
D08123,C1=CC(=C(C=C1C(CN)O)O)O
D08124,COC1=C(C(=NC=C1)CS(=O)C2=NC3=C(N2)C=C(C=C3)OC(F)F)OC
D08125,CN1C(=NN=N1)SCC2=C(N3C(C(C3=O)(NC(=O)CSCC#N)OC)SC2)C(=O)O
D08126,C[N+]1=CC=CC=C1C=NO
D08127,C1=CC=C(C(=C1)C2=NC(C(=O)NC3=C2C=C(C=C3)Cl)O)Cl
D08128,C1CC1N2C=C(C(=O)C3=CC(=C(C=C32)N4CCNCC4)F)C(=O)O
D08129,CC1=CC2=C(S1)NC3=CC=CC=C3N=C2N4CCN(CC4)C
D08130,CCN(CC)C(=O)C(=CC1=CC(=C(C(=C1)O)O)[N+](=O)[O-])C#N
D08131,CC(C)NCC(COC1=CC=CC2=CC=CC=C21)O
D08132,CCC1(C(=O)NCNC1=O)C2=CC=CC=C2
D08133,CN(C)CCCN1C2=CC=CC=C2CCC3=CC=CC=C31
D08134,CCOC(=O)C1=C(NC(=C(C1C2=C(C(=CC=C2)Cl)Cl)C(=O)OC)C)C
D08135,CCC(CO)NC(=O)C1CN(C2CC3=CNC4=CC=CC(=C34)C2=C1)C
D08136,C1C(=C(N2C(S1)C(C2=O)NC(=O)CC3=CC=CS3)C(=O)[O-])C[N+]4=CC=CC=C4
D08137,CCCC(C)C1(C(=O)NC(=O)NC1=O)CC
D08138,CN1CC(CC2(C1CC3=CN(C4=CC=CC2=C34)C)OC)COC(=O)C5=CC(=CN=C5)Br
D08139,CN1C(=C2C(=NC=N2)N(C1=O)C)[O-].C[N+](C)(C)CCO
D08140,CC(CS)C(=O)N1CCCC1C(=O)O
D08141,C1C(C(C(C(N1CCO)CO)O)O)O
D08142,CCC(C)C1(C(=O)NC(=O)NC1=O)CC
D08143,CN(C)CC1=NN=C2N1C3=C(C=C(C=C3)Cl)C(=NC2)C4=CC=CC=C4
D08144,CC1=C(N2C(C(C2=O)NC(=O)C(C3=CCC=CC3)N)SC1)C(=O)O
D08145,CC(C[N+](C)(C)C)OC(=O)N
D08146,C1=CC(=CC=C1CC(C(=O)O)N)N(CCCl)CCCl
D08147,CCC(C)C1(C(=O)NC(=O)NC1=O)CC=C
D08148,C1NC2=CC(=C(C=C2S(=O)(=O)N1)S(=O)(=O)N)Cl
D08149,CN1CCN(CC1)CCC=C2C3=CC=CC=C3SC4=C2C=C(C=C4)S(=O)(=O)N(C)C
D08150,CN1CCN(CC1)CCCN2C3=CC=CC=C3SC4=C2C=C(C=C4)S(=O)(=O)N(C)C
D08151,C1=CC2=C(C=C1OC(F)(F)F)SC(=N2)N
D08152,CCC1(C(=O)NC(=O)NC1=O)C2=CC=CC=C2.COC1=CC2=C(C=CN=C2C=C1)C(C3CC4CCN3CC4C=C)O
D08153,CN1CCN2C(C1)C3=CC=CC=C3CC4=C2N=CC=C4
D08154,CN1CCC(=C2C3=CC=CC=C3CCN4C2=NC=C4C=O)CC1
D08155,CCC1C(C(C(C(=NOCOCCOC)C(CC(C(C(C(C(C(=O)O1)C)OC2CC(C(C(O2)C)O)(C)OC)C)OC3C(C(CC(O3)C)N(C)C)O)(C)O)C)C)O)(C)O
D08156,C1CN(CCN1CCOCCO)C(C2=CC=CC=C2)C3=CC=C(C=C3)Cl
D08157,CC1CC2=CC=CC=C2N1NC(=O)C3=CC(=C(C=C3)Cl)S(=O)(=O)N
D08158,CCN(CC)C(=O)C1(CC1CN)C2=CC=CC=C2
D08159,C1=CC(=C(C=C1Cl)Cl)C(CN2C=CN=C2)OCC3=C(SC=C3)Cl
D08160,CC1CCC(C(C1)O)C(C)C
D08161,CC(CC1=CC=CC=C1)N
D08162,CCC(C)CCCC(=O)NC(CCN)C(=O)NC(C(C)O)C(=O)NC(CCN)C(=O)NC1CCNC(=O)C(NC(=O)C(NC(=O)C(NC(=O)C(NC(=O)C(NC(=O)C(NC1=O)CCN)CC(C)C)CC(C)C)CCN)CCN)C(C)O
D08163,C1CCN(CC1)CCC(C2CCCC2)(C3=CC=CC=C3)O
D08164,CCNC(=O)N(CCCN(C)C)C(=O)C1CC2C(CC3=CNC4=CC=CC2=C34)N(C1)CC=C
D08165,CCCC1=NN(C2=C1N=C(NC2=O)C3=C(C=CC(=C3)S(=O)(=O)N4CCN(CC4)C)OCC)C
D08166,C1CC2=C(C=CC(=C2)F)OC1C(CNCC(C3CCC4=C(O3)C=CC(=C4)F)O)O
D08167,CCCCCOC1=CC=C(C=C1)C2=CC=C(C=C2)C3=CC=C(C=C3)C(=O)NC4CC(C(NC(=O)C5C(C(CN5C(=O)C(NC(=O)C(NC(=O)C6CC(CN6C(=O)C(NC4=O)C(C)O)O)C(C(C7=CC=C(C=C7)O)O)O)C(C)O)C)O)O)O
D08168,CNCCC(C1=CC=CS1)OC2=CC=CC3=CC=CC=C32
D08169,C1=CC(=C(C=C1C2=C(C=C(C=C2)F)F)C(=O)O)O
D08170,"CN1C2CCC1C(C(C2)OC(=O)C3=CC=CC=C3)C(=O)OC
CCCCNC(=O)C1=CC=C(C=C1)N2CCOCC2"
D08171,CC(C)(C)C1=CC=C(C=C1)CN(C)CC2=CC=CC3=CC=CC=C32
D08172,CCCCN1CC(C(C(C1CO)O)O)O
D08173,CCC1(CC(=O)NC1=O)C
D08174,C1CN(CCN1)C2=NC3=CC=CC=C3OC4=C2C=C(C=C4)Cl
D08175,CCN(CC)C(C)CN1C2=CC=CC=C2SC3=CC=CC=C31
D08176,CNCCCN1C2=CC=CC=C2CCC3=CC=CC=C31
D08177,CCC1(C(=O)NC(=O)N(C1=O)C)C2=CC=CC=C2
D08178,CC(C)NCC(COC1=CC=CC2=C1C=CN2)O
D08179,CC1COC2=C3N1C=C(C(=O)C3=CC(=C2N4CCN(CC4)C)F)C(=O)O
D08180,CC(C1=CC2=C(C=C1)C3=C(N2)C=CC(=C3)Cl)C(=O)O
D08181,CC(C)NCC(COC1=CC=CC=C1CC=C)O
D08182,CNCCCC12CCC(C3=CC=CC=C31)C4=CC=CC=C24
D08183,CC(C)C1=C(C=C2C(=C1)CCC3C2(CCCC3(C)C(=O)O)C)S(=O)(=O)O
D08184,CC12CC3CC(C1)(CC(C3)(C2)N)C
D08185,C1=CC=C(C=C1)C2=CC=C(C=C2)C(=O)CCC(=O)O
D08186,CCCS(=O)(=O)NC1=C(C(=C(C=C1)F)C(=O)C2=CNC3=C2C=C(C=N3)C4=CC=C(C=C4)Cl)F
D08187,CC1(C(N2C(S1)C(C2=O)NC(=O)CC3=CC=CC=C3)C(=O)O)C
D08188,CC(=O)OC1=CC=CC=C1C(=O)O
D08189,CCC(C)CCCC(=O)NC(CCN)C(=O)NC(C(C)O)C(=O)NC(CCN)C(=O)NC1CCNC(=O)C(NC(=O)C(NC(=O)C(NC(=O)C(NC(=O)C(NC(=O)C(NC1=O)CCN)CC(C)C)CC(C)C)CCN)CCN)C(C)O
D08190,C1=C(C(=C(C(=C1Cl)Cl)CC2=C(C(=CC(=C2Cl)Cl)Cl)O)O)Cl
D08191,CCC1NC2=CC(=C(C=C2C(=O)N1)S(=O)(=O)N)Cl
D08192,CCOC(=O)C(CCC1=CC=CC=C1)NC(C)C(=O)N2CC3=CC(=C(C=C3CC2C(=O)O)OC)OC
D08193,COC1=C(C=C2C(=C1)C(=NC(=N2)N3CCN(CC3)C(=O)C4CCCO4)N)OC
D08194,CN1CCN(CC1)C(=O)OC2C3=NC=CN=C3C(=O)N2C4=NC=C(C=C4)Cl
D08195,C1=CC=C(C=C1)C2(C(=O)NC(=O)N2)C3=CC=CC=C3
D08196,CCN(CC)C(=O)NC1CN(C2CC3=CNC4=CC=CC(=C34)C2=C1)C
D08197,CC(=O)NCCC1=CNC2=C1C=C(C=C2)OC
D08198,CN1CCCC1CC2=CNC3=C2C=C(C=C3)CCS(=O)(=O)C4=CC=CC=C4
D08199,CC(C)OC(=O)CCCC=CCC1C(CC(C1C=CC(COC2=CC=CC=C2)(F)F)O)O
D08200,CCN(CC)CCCN(C1CC2=CC=CC=C2C1)C3=CC=CC=C3
D08201,CC(C)NCC(COC1=CC=C(C=C1)COCCOC(C)C)O
D08202,CN1CCN2C(C1)C3=CC=CC=C3CC4=C2N=CC=C4
D08203,CCC(CO)NCCNC(CC)CO
D08204,CCC(=C(CC)C1=CC=C(C=C1)O)C2=CC=C(C=C2)O
D08205,CCCCCCCCCC(=O)OC1CCC2C1(CCC3C2CCC4=CC(=O)CCC34)C
D08206,CCN(CC1=CC=NC=C1)C(=O)C(CO)C2=CC=CC=C2
D08207,C1=CC=C(C=C1)C(C2=CC=CC=C2)S(=O)CC(=O)N
D08208,C1C(=O)NC(=O)N1N=CC2=CC=C(O2)C3=CC=C(C=C3)[N+](=O)[O-]
D08209,CC(C(=O)[O-])O.[NH4+]
D08210,CCC(C)C1(C(=O)NC(=O)NC1=O)CC=C
D08211,CC(CN1C2=CC=CC=C2CCC3=CC=CC=C31)CN(C)C
D08212,CN1CCC(=C2C3=C(C(=O)CC4=CC=CC=C42)SC=C3)CC1
D08213,CC12CC(C3(C(C1CC(C2(C(=O)CO)O)O)CCC4=CC(=O)C=CC43C)F)O
D08214,COC1=CC=CC=C1OCCNCC(COC2=CC=CC3=C2C4=CC=CC=C4N3)O
D08215,C1=CC=C(C=C1)CCCC(=O)OCC(COC(=O)CCCC2=CC=CC=C2)OC(=O)CCCC3=CC=CC=C3
D08216,CC1=C(N=CN1)CSCCNC(=NC)NC#N
D08217,CC1CC2C3CC(C4=CC(=O)C=CC4(C3C(CC2(C1C(=O)CO)C)O)C)F
D08218,C[N+]1(C2CC(CC1C3C2O3)OC(=O)C(CO)C4=CC=CC=C4)C.[Br-]
D08219,CNC(=C[N+](=O)[O-])NCCSCC1=CSC(=N1)CN(C)C
D08220,CCOC(=O)C1=C(NC(=C(C1C2=CC(=CC=C2)[N+](=O)[O-])C(=O)OC)C)C
D08221,CCCCC1=C(C2=C(O1)C=CC(=C2)NS(=O)(=O)C)C(=O)C3=CC=C(C=C3)OCCCN(CCCC)CCCC
D08222,C1CN=C(N1)NC2=C(C=CC=C2Cl)Cl
D08223,C1CN(CCC1(C2=CC=CC=C2)C(=O)O)CCC(C#N)(C3=CC=CC=C3)C4=CC=CC=C4
D08224,CC1(C(=O)NC(=O)N(C1=O)C)C2=CCCCC2
D08225,CC1=CC2=C(C=C1)N=C(N3N2C(=O)C(C3=O)CC=C)N(C)C
D08226,CCC(C)C(C(=O)O)N
D08227,C1=C(C(=C(C(=C1I)NC(=O)CCCCC(=O)NC2=C(C=C(C(=C2I)C(=O)O)I)I)I)C(=O)O)I
D08228,C(CC(=O)NC(CS)C(=O)NCC(=O)O)C(C(=O)O)N
D08229,CCCN1C2=C(C(=O)NC1=O)NC=N2
D08230,C(CC(=O)NC(CS)C(=O)NCC(=O)O)C(C(=O)O)N
D08231,CC1=NC=C(C(=N1)N)CN(C=O)C(=C(CCO)SSCC2CCCO2)C
D08232,C1CC(=O)NC2=C1C=CC(=C2)OCCCCN3CCN(CC3)C4=C(C(=CC=C4)Cl)Cl
D08233,CN1CCC23C4C1CC5=C2C(=C(C=C5)OC)OC3C(=O)CC4
D08234,CCN(CC)C(=S)SSC(=S)N(CC)CC
D08235,CC(=O)C1CCC2C1(CCC3C2CCC4=CC(=O)CCC34C)C
D08236,CC1=CC(=C(C=C1)NC2=C(C=CC=C2Cl)F)CC(=O)O
D08237,C(C(F)(F)F)(C(F)(F)F)(F)F
D08238,CC(C)CC(C(=O)NC(CCCN=C(N)N)C(=O)N1CCCC1C(=O)NNC(=O)N)NC(=O)C(COC(C)(C)C)NC(=O)C(CC2=CC=C(C=C2)O)NC(=O)C(CO)NC(=O)C(CC3=CNC4=CC=CC=C43)NC(=O)C(CC5=CN=CN5)NC(=O)C6CCC(=O)N6
D08239,CC(=O)SC1CC2=CC(=O)CCC2(C3C1C4CCC5(C4(CC3)C)CCC(=O)O5)C
D08240,CC(C1C2CC(=C(N2C1=O)C(=O)O)SCCN=CN)O
D08241,CCCC1=NN(C2=C1N=C(NC2=O)C3=C(C=CC(=C3)S(=O)(=O)N4CCN(CC4)C)OCC)C
D08242,CC(=O)NC(COC)C(=O)NCC1=CC=CC=C1
D08243,CC1=C(N2C(C(C2=O)NC(=O)C(C3=CC=C(C=C3)O)N)SC1)C(=O)O
D08244,CN1CCCCC1CCC2=CC=CC=C2NC(=O)C3=CC=C(C=C3)OC
D08245,CC1(C(N2C(S1)C(C2=O)NC(=O)C(C3=CC=CC=C3)NC(=O)N4CCNC4=O)C(=O)O)C
D08246,CN1CCCC1C2=CN=CC=C2
D08247,CCN(CCCC1=CC=CC=C1)CCCC2=CC=CC=C2
D08248,CN(C)CCC=C1C2=CC=CC=C2SC3=C1C=C(C=C3)Cl
D08249,CN(C)CCC=C1C2=CC=CC=C2COC3=C1C=C(C=C3)CC(=O)O
D08250,CC1=C(C(=O)N2CCCC(C2=N1)O)CCN3CCC(CC3)C4=NOC5=C4C=CC(=C5)F
D08251,CC(CC1=CC=C(C=C1)O)(C(=O)O)N
D08252,CC1=CC=C(C=C1)C(=O)C2=CC=C(N2C)CC(=O)O
D08253,[N+](=O)([O-])[O-].[N+](=O)([O-])[O-].[N+](=O)([O-])[O-].[Ga+3]
D08254,CC1=CC(=C(C(=C1CC2=NCCN2)C)O)C(C)(C)C
D08255,CC(C)NCC(COC1=CC=C(C=C1)COCCOC(C)C)O
D08256,CCOC(=O)C1(CCN(CC1)C)C2=CC=CC=C2
D08257,CC1=NN=C2N1C3=C(C=C(S3)Br)C(=NC2)C4=CC=CC=C4Cl
D08258,C1=CN(C(=O)N=C1N)CC(CO)OCP(=O)(O)O
D08259,CC1=CC2=C(C=C1C)N(C3=NC(=O)NC(=O)C3=N2)CC(C(C(COP(=O)(O)OP(=O)(O)OCC4C(C(C(O4)N5C=NC6=C(N=CN=C65)N)O)O)O)O)O
D08260,CCOC(=O)C1=C2CN(C(=O)C3=C(N2C=N1)C=CC(=C3)F)C
D08261,CSCCC(C(=O)O)N
D08262,CCC(C)C1(C(=O)NC(=O)NC1=O)CC=C
D08263,CN(C)CCCN1C2=CC=CC=C2SC3=C1C=C(C=C3)Cl
D08264,COC1(C2N(C1=O)C(=C(CS2)COC(=O)N)C(=O)O)NC(=O)CC3=CC=CS3
D08265,C1=CC2=C(C=C1O)C(=CN2)CC(C(=O)O)N
D08266,C(C(=O)O)N
D08267,CCC1=CC2=C(S1)N(C(=O)CN=C2C3=CC=CC=C3Cl)C
D08268,CC(C)CC(C(=O)C1(CO1)C)NC(=O)C(CC2=CC=CC=C2)NC(=O)C(CC(C)C)NC(=O)C(CCC3=CC=CC=C3)NC(=O)CN4CCOCC4
D08269,CC(C)C(C(=O)OCC(CO)OCN1C=NC2=C1N=C(NC2=O)N)N
D08270,C1C(=O)N(C2=C(C=C(C=C2)Cl)C(=N1)C3=CC=CC=C3)CC(F)(F)F
D08271,C[N+](C)(C)CCOC(=O)CCC(=O)OCC[N+](C)(C)C
D08272,CC1CC(=O)C=C(C12C(=O)C3=C(O2)C(=C(C=C3OC)OC)Cl)OC
D08273,C1=CC=C(C=C1)C2=C(OC(=N2)CCC(=O)O)C3=CC=CC=C3
D08274,C1=CC(=C(C=C1CC(C(=O)O)N)O)O
D08275,CC1=C(C(CC(C1)O)(C)C)C=CC(=CC=CC(=CC=CC=C(C)C=CC=C(C)C=CC2C(=CC(CC2(C)C)O)C)C)C
D08276,CCN(CC)CCN1C(=O)CN=C(C2=C1C=CC(=C2)Cl)C3=CC=CC=C3F
D08277,CN(C(=O)NC1C(C(C(OC1O)CO)O)O)N=O
D08278,CN(C)CCC=C1C2=CC=CC=C2COC3=CC=CC=C31
D08279,C1=CC(=C(C=C1CC(C(=O)O)N)O)O
D08280,COC(C(Cl)Cl)(F)F
D08281,CC1(C(N2C(S1)C(C2=O)NC(=O)C(C3=CC=CC=C3)N)C(=O)O)C
D08282,CCC1(C(=O)NC(=O)N(C1=O)C)C2=CC=CC=C2
D08283,CCCNC(C)C(=O)NC1=CC=CC=C1C
D08284,CN(C)CCCC1(C2=C(CO1)C=C(C=C2)C#N)C3=CC=C(C=C3)F
D08285,CC1=C2C(C(=O)C3(C(CC4C(C3C(C(C2(C)C)(CC1OC(=O)C(C(C5=CC=CC=C5)NC(=O)C6=CC=CC=C6)O)O)OC(=O)C7=CC=CC=C7)(CO4)OC(=O)C)O)C)OC(=O)C
D08286,CC1(C(N2C(S1)C(C2=O)NC(=O)C3=C(C=CC=C3OC)OC)C(=O)O)C
D08287,C1=CC=C(C=C1)C(=C(C2=CC=CC=C2)C3=CC=C(C=C3)OCCO)CCCl
D08288,CCOC1=C(C2=CC=CC=C2C=C1)C(=O)NC3C4N(C3=O)C(C(S4)(C)C)C(=O)O
D08289,C1=CC=C(C(=C1)CC(=O)O)NC2=C(C=CC=C2Cl)Cl
D08290,C1=CC=C(C=C1)CC2NC3=C(C=C(C(=C3)C(F)(F)F)S(=O)(=O)N)S(=O)(=O)N2
D08291,CCC1=C(C(=NC(=N1)N)N)C2=CC=C(C=C2)Cl
D08292,CC1C(C(CC(O1)OC2CC(CC3=C2C(=C4C(=C3O)C(=O)C5=C(C4=O)C(=CC=C5)OC)O)(C(=O)CO)O)N)O
D08293,CC1CC2C3CCC4=CC(=O)C=CC4(C3(C(CC2(C1(C(=O)CO)O)C)O)F)C
D08294,CC(=O)OC1CC2CCC3C(C2(CC1N4CC[N+](CC4)(C)C)C)CCC5(C3CC(C5OC(=O)C)N6CC[N+](CC6)(C)C)C
D08295,CC1=NN=C2N1C3=C(C=C(C=C3)Cl)C(=NC2)C4=CC=CC=C4Cl
D08296,C1C(=O)NC2=C(C=C(C=C2)Br)C(=N1)C3=CC=CC=N3
D08297,CC(C)NCC(C1=CC(=C(C=C1)O)O)O
D08298,CC(C)NCC(C1=CC=C(C=C1)NS(=O)(=O)C)O
D08299,CN1C(=NN=N1)SCC2=C(N3C(C(C3=O)(NC(=O)CSCC#N)OC)SC2)C(=O)O
D08300,CC1=C(C=C(C=C1)NC(=O)C2=CC=C(C=C2)CN3CCN(CC3)C)NC4=NC=CC(=N4)C5=CN=CC=C5
D08301,C1CC(=O)NC2=C1C=CC(=C2)OCCCCN3CCN(CC3)C4=C(C(=CC=C4)Cl)Cl
D08302,C[N+]1=CC=CC=C1C=NO
D08303,CCN1CCCC1CNC(=O)C2=C(C=CC(=C2OC)Br)OC
D08304,CN1CCN(CC1)CCCN2C3=CC=CC=C3SC4=C2C=C(C=C4)C(F)(F)F
D08305,C1CC(CCC1OP(=O)([O-])OCC(CN(CCN(CC(=O)[O-])CC(=O)[O-])CC(=O)[O-])N(CC(=O)[O-])CC(=O)[O-])(C2=CC=CC=C2)C3=CC=CC=C3.[Na+].[Na+].[Na+].[Gd+3]
D08306,COCCOC1=CN=C(N=C1)NS(=O)(=O)C2=CC=CC=C2
D08307,CC(C(C1=CC=CC=C1)O)NC
D08308,COC1C(C(C(C(O1)COS(=O)(=O)O)OC2C(C(C(C(O2)C(=O)O)OC3C(C(C(C(O3)COS(=O)(=O)O)OC4C(C(C(C(O4)C(=O)O)OC5C(C(C(C(O5)COS(=O)(=O)O)O)O)NS(=O)(=O)O)O)O)OS(=O)(=O)O)NS(=O)(=O)O)O)OS(=O)(=O)O)O)NS(=O)(=O)O
D08309,CC(CC1=CC=CC=C1)N(C)CC2=CC=CC=C2
D08310,CC(CC1=CC=CC=C1)N
D08311,C(C(F)(F)F)(Cl)Br
D08312,CC1=NC=CN1CC2CCC3=C(C2=O)C4=CC=CC=C4N3C
D08313,CCCC(CCC)C(=O)OC1CC2CCC(C1)[N+]2(C)C.[Br-]
D08314,CC1=CC(=O)C2=CC=CC=C2C1=O
D08315,CN1CCC23C4C(=O)CCC2(C1CC5=C3C(=C(C=C5)OC)O4)O
D08316,C1CN(CCN1CCC=C2C3=CC=CC=C3SC4=C2C=C(C=C4)Cl)CCO
D08317,CCN(CC)C(=O)C1(CC1CN)C2=CC=CC=C2
D08318,CC(C)(C1=CC=C(C=C1)C(CCCN2CCC(CC2)C(C3=CC=CC=C3)(C4=CC=CC=C4)O)O)C(=O)O
D08319,C(CCNCCCN)CNCCCN
D08320,C1C(OC(S1)CO)N2C=CC(=NC2=O)N
D08321,CC1=NC=C2N1C3=C(C=C(C=C3)Cl)C(=NC2)C4=CC=CC=C4F
D08322,CC1C2C(C(=O)N2C(=C1SC3CC(NC3)C(=O)NC4=CC=CC(=C4)C(=O)O)C(=O)O)C(C)O
D08323,C1C=C(N2C(S1)C(C2=O)NC(=O)C(=CCC(=O)O)C3=CSC(=N3)N)C(=O)O
D08324,CC1CN(CCC1(C2=CC=CC=C2)C(=O)O)C3CCC(CC3)(C#N)C4=CC=C(C=C4)F
D08325,C1=NC(=C2C(=N1)N(C=N2)C3C(C(C(O3)COP(=O)(O)OP(=O)(O)OP(=O)(O)O)O)O)N
D08326,C1C[N+]2(CCC1C(C2)OC(=O)C(C3=CC=CS3)(C4=CC=CS4)O)CCCOC5=CC=CC=C5
D08327,C1C(C(OC1N2C=C(C(=O)NC2=O)C(F)(F)F)CO)O
D08328,CN(CC(=O)O)C(=N)N
D08329,CC1C(=O)NC2CSSCC3C(=O)NC(C(=O)NC(C(=O)NC(CSSCC(NC(=O)CNC(=O)C(NC2=O)C(C)O)C(=O)NC(CC4=CC=C(C=C4)O)C(=O)O)C(=O)NC(CSSCC(C(=O)N3)N)C(=O)NC(C(=O)N5CCCC5C(=O)N1)CC(=O)N)CC6=CC=C(C=C6)O)CCC(=O)O
D08330,C(OC(C(F)(F)F)C(F)(F)F)F
D08331,CN1C(=O)CC(C1=O)C2=CC=CC=C2
D08332,CCNC(=O)N(CCCN(C)C)C(=O)C1CC2C(CC3=CNC4=CC=CC2=C34)N(C1)CC=C
D08333,CC1=C(C(=C(C=C1)Cl)NC2=CC=CC=C2C(=O)O)Cl
D08334,C(CC(=O)O)CO
D08335,CC1(C(N2C(S1)C(C2=O)NC(=O)C3(CCCCC3)N)C(=O)O)C
D08336,CCN(CC)C(=O)NC1CN(C2CC3=CNC4=CC=CC(=C34)C2=C1)C
D08337,[Cl-].[K+]
D08338,CN1CCCN=C1COC(=O)C(C2CCCCC2)(C3=CC=CC=C3)O
D08339,C1CN(CCC1C2=CN(C3=C2C=C(C=C3)Cl)C4=CC=C(C=C4)F)CCN5CCNC5=O
D08340,CN=C1CN(C(=C2C=C(C=CC2=N1)Cl)C3=CC=CC=C3)O
D08341,CC(C1=CC=CC=C1)(C2=CC=CC=N2)OCCN(C)C
D08342,C1CN(CCN1CCC2=C(C=C3C(=C2)CC(=O)N3)Cl)C4=NSC5=CC=CC=C54
D08343,B(C(CC(C)C)NC(=O)C(CC1=CC=CC=C1)NC(=O)C2=NC=CN=C2)(O)O
D08344,CC(=O)OC1=CC=CC=C1C(=O)O
D08345,C1=C(C=C(C(=C1I)OC2=CC(=C(C(=C2)I)O)I)I)CC(C(=O)O)N
D08346,CC1COC2=C3N1C=C(C(=O)C3=CC(=C2N4CCN(CC4)C)F)C(=O)O
D08347,C1CCN(CC1)CCOC(C2=CC=CC=C2)C3=CC=C(C=C3)Cl
D08348,C1CC(=O)NC(=O)C1N2CC3=C(C2=O)C=CC=C3N
D08349,C1CN(CCC1OC(C2=CC=C(C=C2)Cl)C3=CC=CC=N3)CCCC(=O)O
D08350,C#CCNC1CCC2=CC=CC=C12
D08351,CC1=CC(=CC(=C1)OCC2CNC(=O)O2)C
D08352,C1C(=O)NC2=C(C=C(C=C2)Br)C(=N1)C3=CC=CC=N3
D08353,[Fe]
D08354,CCCC(C)C1(C(=O)NC(=O)NC1=O)CC
D08355,CC1=C(C(=O)C2=C(C1=O)N3CC4C(C3(C2COC(=O)N)OC)N4)N
D08356,C1CC(=O)NC(=O)C1N2CC3=C(C2=O)C=CC=C3N
D08357,COCCNC(=O)CN(CCN(CCN(CC(=O)NCCOC)CC(=O)[O-])CC(=O)[O-])CC(=O)[O-].[Gd+3]
D08358,CNC(=O)C1=NC=CC(=C1)OC2=CC(=C(C=C2)NC(=O)NC3=CC(=C(C=C3)Cl)C(F)(F)F)F
D08359,CC(CC1C2=CC=CC=C2CCC3=CC=CC=C13)CN(C)C
D08360,CN1CCN2C(C1)C3=CC=CC=C3CC4=C2N=CC=C4
D08361,C1=CC=C2C(=C1)NC(=N2)C3=CSC=N3
D08362,CC(=O)SC1CC2=CC(=O)CCC2(C3C1C4CCC5(C4(CC3)C)CCC(=O)O5)C
D08363,CC#CCN1C2=C(N=C1N3CCCC(C3)N)N(C(=O)N(C2=O)CC4=NC5=CC=CC=C5C(=N4)C)C
D08364,CC(C(C1=CC=C(C=C1)O)O)N2CCC(CC2)CC3=CC=CC=C3
D08365,CC(C(C(=O)O)N)O
D08366,CCCCC1=C(C2=C(O1)C=CC(=C2)NS(=O)(=O)C)C(=O)C3=CC=C(C=C3)OCCCN(CCCC)CCCC
D08367,CCC1(CC2CC(C3=C(CCN(C2)C1)C4=CC=CC=C4N3)(C5=C(C=C6C(=C5)C78CCN9C7C(C=CC9)(C(C(C8N6C)(C(=O)OC)O)OC(=O)C)CC)OC)C(=O)OC)O
D08368,C(CC(=O)NC(CS)C(=O)NCC(=O)O)C(C(=O)O)N
D08369,CC(C)OP(=O)(OC(C)C)F
D08370,C1CN(CCN1)C2=NC3=CC=CC=C3OC4=C2C=C(C=C4)Cl
D08371,CC12CCC(=O)C=C1CCC3C2(C(CC4(C3CCC4(C(=O)CO)O)C)O)F
D08372,CC1=CN(C(=O)NC1=O)C2CC(C(O2)CO)N=[N+]=[N-]
D08373,CC1=NC=C(C=C1)C2=C(C=C(C=N2)Cl)C3=CC=C(C=C3)S(=O)(=O)C
D08374,C1CC(N(C1)C(=O)CNC23CC4CC(C2)CC(C4)(C3)O)C#N
D08375,C1CN(CCN1)C2=NC3=CC=CC=C3OC4=C2C=C(C=C4)Cl
D08376,CN(C)CCC=C1C2=CC=CC=C2COC3=C1C=C(C=C3)CC(=O)O
D08377,CN1CCN(CC1)C(=O)OC2C3=NC=CN=C3C(=O)N2C4=NC=C(C=C4)Cl
D08378,C(CC(=O)O)C(=O)O
D08379,CC12CCC(=O)C=C1C=CC3C2CCC4(C3CCC4(CCC(=O)O)O)C
D08380,O=[As]O[As]=O
D08381,C1=CC=C(C(=C1)C(=O)OCC(CO)O)NC2=C3C=CC=C(C3=NC=C2)C(F)(F)F
D08382,C1=CC=C(C(=C1)CC(=O)O)NC2=C(C=CC=C2Cl)Cl
D08383,CC(C(=O)NC1=C(C(=C(C(=C1I)C(=O)NC(CO)CO)I)C(=O)NC(CO)CO)I)O
D08384,CC(=O)NCCC1=CNC2=C1C=C(C=C2)OC
D08385,CC(C1CCC(C(O1)OC2C(CC(C(C2O)OC3C(C(C(CO3)(C)O)NC)O)N)N)N)NC
D08386,C1=C(NN=C1)CCN
D08387,CC1C(C(=O)N1S(=O)(=O)[O-])NC(=O)C(=NOC(C)(C)C(=O)O)C2=CSC(=[NH+]2)N
D08388,C1=CC(=CC=C1C(=NCCCC(=O)N)C2=C(C=CC(=C2)F)O)Cl
D08389,CC1=CC(=C(C(=C1C=CC(=CC=CC(=CC(=O)O)C)C)C)C)OC
D08390,CCC(C)C1(C(=O)NC(=O)NC1=O)CC=C
D08391,CCCCCCCCCCCCCCCCCCCCCCO
D08392,C(C(C1C(=C(C(=O)O1)O)O)O)O
D08393,CC(C)CC(C(=O)NC(CCCN=C(N)N)C(=O)N1CCCC1C(=O)NC(C)C(=O)N)NC(=O)C(CCCNC(=O)N)NC(=O)C(CC2=CC=C(C=C2)O)NC(=O)C(CO)NC(=O)C(CC3=CN=CC=C3)NC(=O)C(CC4=CC=C(C=C4)Cl)NC(=O)C(CC5=CC6=CC=CC=C6C=C5)NC(=O)C
D08394,C1=CC(=CC=C1CC(C(=O)O)N)O
D08395,CCOC1=NC2=CC=CC(=C2N1CC3=CC=C(C=C3)C4=CC=CC=C4C5=NOC(=O)N5)C(=O)OCC6=C(OC(=O)O6)C
D08396,C1=CC=C(C=C1)C2=NC(C(=O)NC3=C2C=C(C=C3)Cl)O
D08397,CCC1(C(=O)C(CNC1=O)C)CC
D08398,C1=NC(=C2C(=N1)N(C=N2)C3C(C(C(O3)COP(=O)(O)O)O)O)N
D08399,CC1=CN(C(=O)NC1=O)C2CC(C(O2)CO)N=[N+]=[N-]
D08400,CC1CN(CCN1)C2=C(C=C3C(=C2OC)N(C=C(C3=O)C(=O)O)C4CC4)F
D08401,CC12CCC3C(=CCC4=C3C=CC(=C4)O)C1CCC2=O
D08402,CC1CC2C3CC(C4=CC(=O)C=CC4(C3(C(CC2(C1(C(=O)CO)O)C)O)F)C)F
D08403,CC(=O)N(CC(CO)O)C1=C(C(=C(C(=C1I)C(=O)NCC(CO)O)I)C(=O)NCC(CO)O)I
D08404,CC1=C(C(=NO1)C2=C(C=CC=C2Cl)Cl)C(=O)NC3C4N(C3=O)C(C(S4)(C)C)C(=O)O
D08405,CCOC(=O)CNC(C1CCCCC1)C(=O)N2CCC2C(=O)NCC3=CC=C(C=C3)C(=NO)N
D08406,CN1C(=O)CN=C(C2=C1C=CC(=C2)Cl)C3=CC=CC=C3
D08407,CC(C1=CC2=C(C=C1)C3=C(N2)C=CC(=C3)Cl)C(=O)O
D08408,CC(CN1CC(=O)NC(=O)C1)N2CC(=O)NC(=O)C2
D08409,C1=CC=C(C=C1)CC2NC3=C(C=C(C(=C3)C(F)(F)F)S(=O)(=O)N)S(=O)(=O)N2
D08410,CC1=NN=C2N1C3=C(C=C(C=C3)Cl)C(=NC2)C4=CC=CC=C4Cl
D08411,CCCC(C(=O)C(=O)NC1CC1)NC(=O)C2C3CCCC3CN2C(=O)C(C(C)(C)C)NC(=O)C(C4CCCCC4)NC(=O)C5=NC=CN=C5
D08412,CC(C)N(CCC(C1=CC=CC=C1)(C2=CC=CC=N2)C(=O)N)C(C)C
D08413,C[N+](C)(C)CC(CC(=O)[O-])O
D08414,CC1(C(N2C(S1)C(C2=O)N3C(=O)C(NC3(C)C)C4=CC=CC=C4)C(=O)O)C
D08415,CCCCCC(C=CC1C(CC(=O)C1CCCCCCC(=O)O)O)O
D08416,CN(C)CCOC(C1=CC=CC=C1)C2=CC=C(C=C2)Br
D08417,CC(=O)OCC(=O)C1(CCC2C1(CC(=O)C3C2CCC4=CC(=O)CCC34C)C)O
D08418,CC1=C(C=CC2=C1C(=NC(=N2)N)N)CNC3=CC(=C(C(=C3)OC)OC)OC
D08419,C[N+](C)(C)CCO
D08420,CC1=C(C(=CC=C1)C)OCC(C)N
D08421,CC1CN(CCC1(C)C2=CC(=CC=C2)O)CC(CC3=CC=CC=C3)C(=O)NCC(=O)O
D08422,CC(C)[N+]1(C2CCC1CC(C2)OC(=O)C(CO)C3=CC=CC=C3)C
D08423,CC1=CC(=C(C(=C1C=CC(=CC=CC(=CC(=O)O)C)C)C)C)OC
D08424,CC1C(C(CC(O1)OC2C3C(=O)NC(C4=C(C(=CC(=C4)O)O)C5=C(C=CC(=C5)C(C(=O)N3)NC(=O)C6C7=CC(=C(C(=C7)OC8=C(C=C2C=C8)Cl)OC9C(C(C(C(O9)CO)O)O)OC1CC(C(C(O1)C)O)(C)NCC1=CC=C(C=C1)C1=CC=C(C=C1)Cl)OC1=C(C=C(C=C1)C(C(C(=O)NC(C(=O)N6)CC(=O)N)NC(=O)C(CC(C)C)NC)O)Cl)O)C(=O)O)(C)N)O
D08425,C1=CC=C(C(=C1)C2=NC(C(=O)N(C3=C2C=C(C=C3)Cl)CCC#N)O)F
D08426,CC1=CC(=O)C(=CN1)C(=O)NC(C2=CC=C(C=C2)O)C(=O)NC3C4N(C3=O)C(=C(CS4)CSC5=NN=NN5C)C(=O)O
D08427,CCCC(C)C1(C(=O)NC(=S)NC1=O)CC
D08428,C1CN(CCN1C(=O)CCBr)C(=O)CCBr
D08429,CCOC1=C(C2=CC=CC=C2C=C1)C(=O)NC3C4N(C3=O)C(C(S4)(C)C)C(=O)O
D08430,CC(=O)OCC(=O)C12C(CC3C1(CC(C4(C3CC(C5=CC(=O)C=CC54C)F)F)O)C)OC(O2)(C)C
D08431,CC1=C(C=C(C=C1)NC(=O)C2=CC=C(C=C2)CN3CCN(CC3)C)NC4=NC=CC(=N4)C5=CN=CC=C5
D08432,CC1CC2C3CCC(C3(CC(C2C4(C1=CC(=O)C=C4)C)O)C)(C(=O)CO)O
D08433,CC(=O)NC(CS)C(=O)O
D08434,C[N+](C)(C)CC(CC(=O)[O-])O
D08435,C1=CC=C(C(=C1)C2=NC(C(=O)NC3=C2C=C(C=C3)Cl)O)Cl
D08436,CCNC1C2CCC(C2)C1C3=CC=CC=C3
D08437,CN(C1=CC=C(C=C1)O)C(=O)C(Cl)Cl
D08438,CC1=C(C2=C(C1=CC3=CC=C(C=C3)S(=O)C)C=CC(=C2)F)CC(=O)O
D08439,C1=CC=C(C=C1)COCC(C(=O)O)N(CCN(CCN(CC(=O)[O-])CC(=O)[O-])CC(=O)[O-])CC(=O)O.[Gd+3]
D08440,CC(C)C(CCCN(C)CCC1=CC(=C(C=C1)OC)OC)(C#N)C2=CC(=C(C=C2)OC)OC
D08441,CN1CCC2=C(C1)C(C3=CC=CC=C23)C4=CC=CC=C4
D08442,C[N+]1(C2CCC1CC(C2)OC(=O)C(C3=CC=CC=C3)O)C.[Br-]
D08443,CC(CCCC(C)(C)O)C1CCC2C1(CCCC2=CC=C3CC(CCC3=C)O)C
D08444,CC(C)C(CCCN(C)CCC1=CC(=C(C=C1)OC)OC)(C#N)C2=CC(=C(C=C2)OC)OC
D08445,C1C(C(OC1N2C=NC3=C(N=C(N=C32)Cl)N)CO)O
D08446,C1=NC2=NC=NC(=C2N1)N
D08447,C1=NC(=C2C(=N1)N(C=N2)C3C(C(C(O3)COP(=O)(O)O)O)O)N
D08448,CC(=O)NC(C=O)C(C(C(CO)O)O)O
D08449,C(CC(O)(P(=O)(O)O)P(=O)(O)O)CN
D08450,C1CN=C(N1)CC2=CC=CC=C2
D08451,CC(C)C1=C(C=C2C(=C1)CCC3C2(CCCC3(C)C(=O)O)C)S(=O)(=O)O
D08452,C(CC(C(=O)O)N)CN=C(N)N
D08453,CN(C)CC1=NN=C2N1C3=C(C=C(C=C3)Cl)C(=NC2)C4=CC=CC=C4
D08454,C[N+]1(CCCC(C1)OC(=O)C(C2=CC=CC=C2)(C3=CC=CC=C3)O)C
D08455,CCCCCON=O
D08456,CC1CC2C3C(CC4=CC(=O)C=CC4(C3C(CC2(C1(C(=O)CO)O)C)O)C)Cl
D08457,C1=C(C(=C(C(=C1Cl)Cl)CC2=C(C(=CC(=C2Cl)Cl)Cl)O)O)Cl
D08458,CC1=NN=C(S1)NS(=O)(=O)C2=CC=C(C=C2)N
D08459,C1=CC(=C(C(=C1)Cl)COC(CN2C=CN=C2)C3=C(C=C(C=C3)Cl)Cl)Cl
D08460,C1CN(CCN1CCOCCO)C2=NC3=CC=CC=C3SC4=CC=CC=C42
D08461,CC(CN1C2=CC=CC=C2SC3=C1C=C(C=C3)OC)CN(C)C
D08462,CC(C)CC1C(=O)N2CCCC2C3(N1C(=O)C(O3)(C(C)C)NC(=O)C4CN(C5CC6=C(NC7=CC=CC(=C67)C5=C4)Br)C)O
D08463,CCCC1=C2C(=CC3=C1OC(=CC3=O)C(=O)O)C(=O)C=C(N2CC)C(=O)O
D08464,CNC1(CCCCC1=O)C2=CC=CC=C2Cl
D08465,CCC(C1=CC=CC=C1)C2=C(C3=CC=CC=C3OC2=O)O
D08466,C1=C(NC=N1)CC(C(=O)O)N
D08467,C[N+]1=CC=CC=C1C=NO
D08468,C1C(=O)N(C2=C(C=C(C=C2)Cl)C(=N1)C3=CC=CC=C3)CC(F)(F)F
D08469,C[N+]1(C2CC(CC1C3C2O3)OC(=O)C(C4=CC=CS4)(C5=CC=CS5)O)C
D08470,CCN(CC)C(=O)C1(CC1CN)C2=CC=CC=C2
D08471,CCOC1=NC2=CC=CC(=C2N1CC3=CC=C(C=C3)C4=CC=CC=C4C5=NNN=N5)C(=O)OC(C)OC(=O)OC6CCCCC6
D08472,CC1=CC2=C(S1)NC3=CC=CC=C3N=C2N4CCN(CC4)C
D08473,C(CC(=O)N)C(C(=O)O)N
D08474,C(C(F)(F)F)(OC(F)F)Cl
D08475,C1=CC(=CC2=NC3=C(C=CC(=C3)N)C=C21)N
D08476,C(CC(=O)NC(CS)C(=O)NCC(=O)O)C(C(=O)O)N
D08477,CCOC(=O)NC1=C(N=C(C=C1)NCC2=CC=C(C=C2)F)N
D08478,C1=CC(=C(C=C1N)C(=O)O)O
D08479,C1CN(CCN1CCCCC2=CNC3=C2C=C(C=C3)C#N)C4=CC5=C(C=C4)OC(=C5)C(=O)N
D08480,CN(C)CCCN1C2=CC=CC=C2SC3=C1C=C(C=C3)Cl
D08481,COC1=CC=C(C=C1)C2C(=O)C3=CC=CC=C3C2=O
D08482,CC(C)CC(C(C(=O)NO)O)C(=O)NC(C(=O)NC)C(C)(C)C
D08483,CCCN1CCCCC1C(=O)NC2=C(C=CC=C2C)C
D08484,CN1C(=O)CC(=O)N(C2=C1C=CC(=C2)Cl)C3=CC=CC=C3
D08485,C1C(C(OC1N2C=NC3=C2NC=NCC3O)CO)O
D08486,CC1(C(=O)N2C(C(=O)N3CCCC3C2(O1)O)CC4=CC=CC=C4)NC(=O)C5CN(C6CC7=CNC8=CC=CC(=C78)C6=C5)C
D08487,CCC1(CCC(=O)NC1=O)C2=CC=CC=C2
D08488,C1CC(N(C1)C(=O)C2CSSCC(C(=O)NC(C(=O)NC(C(=O)NC(C(=O)NC(C(=O)N2)CC(=O)N)CCC(=O)N)CC3=CC=CC=C3)CC4=CC=CC=C4)N)C(=O)NC(CCCCN)C(=O)NCC(=O)N
D08489,C1CCNC(C1)C(C2=CC(=NC3=C2C=CC=C3C(F)(F)F)C(F)(F)F)O
D08490,CCOC(=O)C1=C2CN(C(=O)C3=C(N2C=N1)C=CC(=C3)F)C
D08491,CN1C(=O)CN=C(C2=C1C=CC(=C2)Cl)C3=CC=CC=C3F
D08492,CN(C)CCCN1C2=CC=CC=C2SC3=C1C=C(C=C3)Cl
D08493,CC1=CC2=C(C=C1)N=C(N3N2C(=O)C(C3=O)CC=C)N(C)C
D08494,CC1(C(N2C(S1)C(C2=O)NC(=O)C(C3=CC=CC=C3)N)C(=O)O)C
D08495,CC(CC1=CC=C(C=C1)OC)NCC(C2=CC(=C(C=C2)O)NC=O)O
D08496,CC1C(OCCN1C)C2=CC=CC=C2
D08497,CC1=C(SC=C1)C(=CCCN2CCCC(C2)C(=O)O)C3=C(C=CS3)C
D08498,CCCCCON=O
D08499,CCC(CC)OC1C=C(CC(C1NC(=O)C)N)C(=O)OCC
D08500,C1=NC2=NC=NC(=C2N1)N
D08501,CCN(CC)CCNC(=O)C1=CC(=C(C=C1OC)N)Cl
D08502,CC(=O)C(=O)O
D08503,CCN(C1=CC=CC=C1C)C(=O)C=CC
D08504,C1CN=C(N1)NC2=C(C3=NC=CN=C3C=C2)Br
D08505,C1=CC(=CC=C1CCCC(=O)O)N(CCCl)CCCl
D08506,CN1CCCC1C2=CN=CC=C2
D08507,CC(CN1C2=CC=CC=C2SC3=C1C=C(C=C3)C(=O)C)N(C)C
D08508,CC1=NC=C(C(=C1O)CO)CO
D08509,COC1=CC(=CC(=C1OC)OC)CC2=CN=C(N=C2N)N
D08510,C1=CC(=CC(=C1)NC2=C(C=CC=N2)C(=O)O)C(F)(F)F
D08511,CC(C)N1C2=CC=CC=C2C(=C1C=CC(CC(CC(=O)O)O)O)C3=CC=C(C=C3)F
D08512,CC1(C(=O)N2C(C(=O)N3CCCC3C2(O1)O)CC4=CC=CC=C4)NC(=O)C5CC6C(CC7=CNC8=CC=CC6=C78)N(C5)C
D08513,CN1C2CCC1CC(C2)OC(=O)C(CO)C3=CC=CC=C3
D08514,CN(C)CCN1C(=NN=N1)SCC2=C(N3C(C(C3=O)NC(=O)CC4=CSC(=N4)N)SC2)C(=O)O
D08515,CNCCC(C1=CC=CS1)OC2=CC=CC3=CC=CC=C32
D08516,CC1=CC(=C(C(=C1OC(=O)C)C)C)OCC(CNC(C)C)O
D08517,CC(C)C1=NN2C=CC=CC2=C1C(=O)C(C)C
D08518,CCC1(C(=O)NC(=O)NC1=O)C2=CCCCCC2
D08519,CN1CC(CC2(C1CC3=CN(C4=CC=CC2=C34)C)OC)COC(=O)C5=CC(=CN=C5)Br
D08520,CCC1=CC2=C(S1)N(C(=O)CN=C2C3=CC=CC=C3Cl)C
D08521,CCCCS(=O)(=O)NC(CC1=CC=C(C=C1)OCCCCC2CCNCC2)C(=O)O
D08522,CCCC(C)C1(C(=O)NC(=S)NC1=O)CC
D08523,CCC1(CCC(=O)NC1=O)C2=CC=C(C=C2)N
D08524,CN1C2=C(C=C(C=C2)Cl)C(=NC(C1=O)O)C3=CC=CC=C3
D08525,C(C(C(C(C(C(C(=O)[O-])O)O)O)O)O)O.C(C(C(C(C(C(C(=O)[O-])O)O)O)O)O)O.[Ca+2]
D08526,CC1=C(C(=O)N2CCCC(C2=N1)O)CCN3CCC(CC3)C4=NOC5=C4C=CC(=C5)F
D08527,CC(CC1=CC=CC=C1)NCCN2C=NC3=C2C(=O)N(C(=O)N3C)C
D08528,CC(=O)NC(COC)C(=O)NCC1=CC=CC=C1
D08529,C1=NC2=C(N1CCC(CO)CO)N=C(NC2=O)N
D08530,CC1CC2C3CCC(C3(CC(C2C4(C1=CC(=O)CC4)C)O)C)C(=O)C
D08531,C(C1C(C(C(C(O1)OC2(C(C(C(O2)CO)O)O)COC3(C(C(C(O3)CO)O)O)COC4(C(C(C(O4)CO)O)O)COC5(C(C(C(O5)CO)O)O)COC6(C(C(C(O6)CO)O)O)COC7(C(C(C(O7)CO)O)O)COC8(C(C(C(O8)CO)O)O)COC9(C(C(C(O9)CO)O)O)COC1(C(C(C(O1)CO)O)O)COC1(C(C(C(O1)CO)O)O)COC1(C(C(C(O1)CO)O)O)COC1(C(C(C(O1)CO)O)O)COC1(C(C(C(O1)CO)O)O)COC1(C(C(C(O1)CO)O)O)COC1(C(C(C(O1)CO)O)O)COC1(C(C(C(O1)CO)O)O)COC1(C(C(C(O1)CO)O)O)COC1(C(C(C(O1)CO)O)O)COC1(C(C(C(O1)CO)O)O)COC1(C(C(C(O1)CO)O)O)COC1(C(C(C(O1)CO)O)O)COC1(C(C(C(O1)CO)O)O)COC1(C(C(C(O1)CO)O)O)COC1(C(C(C(O1)CO)O)O)COC1(C(C(C(O1)CO)O)O)COC1(C(C(C(O1)CO)O)O)COC1(C(C(C(O1)CO)O)O)COC1(C(C(C(O1)CO)O)O)COC1(C(C(C(O1)CO)O)O)COC1(C(C(C(O1)CO)O)O)COC1(C(C(C(O1)CO)O)O)COC1(C(C(C(O1)CO)O)O)COC1(C(C(C(O1)CO)O)O)COC1(C(C(C(O1)CO)O)O)COC1(C(C(C(O1)CO)O)O)COC1(C(C(C(O1)CO)O)O)COC1(C(C(C(O1)CO)O)O)CO)O)O)O)O
D08532,CC1=CC(=O)C2=CC=CC=C2C1=O
D08533,CCOC1=CC=CC=C1OC(C2CNCCO2)C3=CC=CC=C3
D08534,CC(C)CC(C(C(=O)NO)O)C(=O)NC(C(=O)NC)C(C)(C)C
D08535,CCN(C)C(=O)OC1=CC=CC(=C1)C(C)N(C)C
D08536,CCN(CC)CCN1C(=O)CN=C(C2=C1C=CC(=C2)Cl)C3=CC=CC=C3F
D08537,C1C2N(C1=O)C(C(=CCO)O2)C(=O)O
D08538,CC12CCC3C(C1CCC2(C#C)O)CCC4=CC5=C(CC34C)C=NO5
D08539,CN1CCN2C(C1)C3=CC=CC=C3CC4=C2N=CC=C4
D08540,C1C2=NN=CN2C3=C(C=C(C=C3)Cl)C(=N1)C4=CC=CC=C4
D08541,C1CCC(CC1)C(CC2CCCCN2)C3CCCCC3
D08542,CC(CN1C2=CC=CC=C2CCC3=CC=CC=C31)CN(C)C
D08543,CCC1=C2CN3C(=CC4=C(C3=O)COC(=O)C4(CC)O)C2=NC5=C1C=C(C=C5)OC(=O)N6CCC(CC6)N7CCCCC7
D08544,CCOC(=O)C1(CCN(CC1)CCC2=CC=C(C=C2)N)C3=CC=CC=C3
D08545,CN1CCC(CC1)COC2=C(C=C3C(=C2)N=CN=C3NC4=C(C=C(C=C4)Br)F)OC
D08546,CNC1(CCCCC1=O)C2=CC=CC=C2Cl
D08547,CC1=C(C=CC2=C1N=C(C=C2OC3CC4C(C3)C(=O)N(CCCCC=CC5CC5(NC4=O)C(=O)NS(=O)(=O)C6CC6)C)C7=NC(=CS7)C(C)C)OC
D08548,CCCC(=O)OC(COC(=O)CC)COP(=O)(O)OCC(C(=O)O)N
D08549,C1CNCC(C2=CC(=C(C(=C21)Cl)O)O)C3=CC=C(C=C3)O
D08550,CC1CN(CCC1(C)C2=CC(=CC=C2)O)CC(CC3=CC=CC=C3)C(=O)NCC(=O)O
D08551,CC1=C(C=C(C=C1)C(=O)NC2=C3C(=CC(=CC3=C(C=C2)S(=O)(=O)O)S(=O)(=O)O)S(=O)(=O)O)NC(=O)C4=CC(=CC=C4)NC(=O)NC5=CC=CC(=C5)C(=O)NC6=C(C=CC(=C6)C(=O)NC7=C8C(=CC(=CC8=C(C=C7)S(=O)(=O)O)S(=O)(=O)O)S(=O)(=O)O)C
D08552,C1CN(CCN1CCCN2C(=O)N3C=CC=CC3=N2)C4=CC(=CC=C4)Cl
D08553,CCCSC1=CC2=C(C=C1)N=C(N2)NC(=O)OC
D08554,C[S+](CCC(C(=O)[O-])N)CC1C(C(C(O1)N2C=NC3=C(N=CN=C32)N)O)O
D08555,CC1=CNN=C1
D08556,CC(CN1C2=CC=CC=C2CCC3=CC=CC=C31)CN(C)C
D08557,C1C(N(C2=C(N1)N=C(NC2=O)N)C=O)CNC3=CC=C(C=C3)C(=O)NC(CCC(=O)O)C(=O)O
D08558,CC1=CC(=O)C(=CN1)C(=O)NC(C2=CC=C(C=C2)O)C(=O)NC3C4N(C3=O)C(=C(CS4)CSC5=NN=NN5C)C(=O)O
D08559,CC(CNC1CCCCC1)OC(=O)C2=CC=CC=C2
D08560,C(C(F)(F)F)(OC(F)F)F
D08561,CC1=NN=C(S1)SCC2=C(N3C(C(C3=O)NC(=O)CN4C=NN=N4)SC2)C(=O)O
D08562,C1C(C(OC1N2C=C(C(=O)NC2=O)F)CO)O
D08563,CC1CCC23CCC(=O)C2C1(C(CC(C(C3C)O)(C)C=C)OC(=O)CSC4CC5CCC(C4)N5C)C
D08564,CC1=C(C(CCC1)(C)C)C=CC(=CC=CC(=CC(=O)O)C)C
D08565,C#CCNC1CCC2=CC=CC=C12
D08566,CCCCC1=C(C2=C(O1)C=CC(=C2)NS(=O)(=O)C)C(=O)C3=CC=C(C=C3)OCCCN(CCCC)CCCC
D08567,CC12CCC3C(C1CCC2=O)CCC4=C3C=CC(=C4)O
D08568,CC(=O)NC(CS)C(=O)O
D08569,CC1CN(CCC1(C)C2=CC(=CC=C2)O)CC(CC3=CC=CC=C3)C(=O)NCC(=O)O
D08570,CCC1(C(=O)NCNC1=O)C2=CC=CC=C2
D08571,C1=CC(=CC=C1C(CC(=O)O)CN)Cl
D08572,CC(C)C1=CC2=C(C=C1)OC3=NC(=C(C=C3C2=O)C(=O)O)N
D08573,CCCC(CCC)C(=O)O
D08574,C(CC(C(=O)O)N)CN=C(N)N
D08575,CC1=C(N(N=C1C(=O)NN2CCCCC2)C3=C(C=C(C=C3)Cl)Cl)C4=CC=C(C=C4)Cl
D08576,C1=CC(=CN=C1)C(=O)O
D08577,C1=CC(=CC=C1OCC(CO)O)Cl
D08578,CCC1(CCC(=O)NC1=O)C2=CC=CC=C2
D08579,CC(C)C1=NN2C=CC=CC2=C1C(=O)C(C)C
D08580,CC(C)(C)C1=NC(=C(S1)C2=NC(=NC=C2)N)C3=C(C(=CC=C3)NS(=O)(=O)C4=C(C=CC=C4F)F)F
D08581,CN1CCC23CCCCC2C1CC4=C3C=C(C=C4)OC
D08582,C1CN(CCN1)C2=NC3=CC=CC=C3OC4=C2C=C(C=C4)Cl
D08583,CCCCOC1=CC=C(C=C1)C(=O)CCN2CCCCC2
D08584,C(CC(=O)O)C(=O)O
D08585,CCC(C)C1(C(=O)NC(=O)NC1=O)CC
D08586,C1=CC=C2C(=C1)C=CC3=CC=CC=C3N2C(=O)N
D08587,CN1C(=O)C=C(N(C1=O)CC2=CC=CC=C2C#N)N3CCCC(C3)N
D08588,C1=CC=C2C(=C1)C(=NO2)CS(=O)(=O)N
D08589,CCCC1CC(N(C1)C)C(=O)NC(C2C(C(C(C(O2)SC)O)O)O)C(C)O
D08590,CC1=C(SC=[N+]1CC2=CN=C(N=C2N)C)CCO
D08591,CN(C)CCOC(C1=CC=C(C=C1)Cl)C2=CC=CC=N2
D08592,C1=NC(=C2C(=N1)N(C=N2)C3C(C(C(O3)COP(=O)(O)O)O)O)N
D08593,CCC(=O)OCC(=O)C1(CCC2C1(CC(C3C2CCC4=CC(=O)C=CC34C)O)C)OC(=O)OCC
D08594,C1=NC2=C(N=C(N=C2N1C3C(C(C(O3)CO)O)F)Cl)N
D08595,CC(CN1C2=CC=CC=C2CCC3=CC=CC=C31)CN(C)C
D08596,CC1=C(C(C(=C(N1)C)C(=O)OC(C)C)C2=CC(=CC=C2)[N+](=O)[O-])C(=O)OCCOC
D08597,CN(C)CCCN1C2=CC=CC=C2SC3=CC=CC=C31
D08598,C1=NC(=C2C(=N1)N(C=N2)C3C(C(C(O3)CO)O)O)N
D08599,C1NC2=C(C=C(C(=C2)C(F)(F)F)S(=O)(=O)N)S(=O)(=O)N1
D08600,CCOC1=C(C=CC(=C1)CC(=O)NC(CC(C)C)C2=CC=CC=C2N3CCCCC3)C(=O)O
D08601,C1=CC(=C(C=C1C2=C(C=C(C=C2)F)F)C(=O)O)O
D08602,CNS(=O)(=O)CC1=CC2=C(C=C1)NC=C2CCN(C)C
D08603,CCCCSC1=CC=C(C=C1)C(C2=CC=CC=C2)SCCN(C)C
D08604,CC1=C(N2C(C(C2=O)NC(=O)C(C3=CC=C(C=C3)O)N)SC1)C(=O)O
D08605,CC(C)(C)NCC(C1=CC(=C(C(=C1)Cl)N)Cl)O
D08606,CN(C)CC=CC(=O)NC1=C(C=C2C(=C1)C(=NC=N2)NC3=CC(=C(C=C3)F)Cl)OC4CCOC4
D08607,CC1=C(C(=O)N2CCCCC2=N1)CCN3CCC(CC3)C4=NOC5=C4C=CC(=C5)F
D08608,CC1=CC2C(CCC3(C2CCC3(C(=O)C)OC(=O)C)C)C4(C1=CC(=O)CC4)C
D08609,CC(C)N(CCC(C1=CC=CC=C1)(C2=CC=CC=N2)C(=O)N)C(C)C
D08610,CC12CCN(C1N(C3=C2C=C(C=C3)OC(=O)NC)C)C
D08611,CC1=CC(=CC=C1)CN2CCN(CC2)C(C3=CC=CC=C3)C4=CC=C(C=C4)Cl
D08612,CC(=O)CC(C1=CC=CC=C1)C2=C(C3=CC=CC=C3OC2=O)O
D08613,C1NC2=CC(=C(C=C2S(=O)(=O)N1)S(=O)(=O)N)Cl
D08614,COC1=C(C=C2C(=C1)CC(C2=O)CC3CCN(CC3)CC4=CC=CC=C4)OC
D08615,C1=CC(=C(C=C1N)C(=O)O)O
D08616,CCC1(C(=O)NC(=O)NC1=O)CCC(C)C
D08617,C1=CC(=CC=C1CCCCNCC(C2=CC(=C(C=C2)O)O)O)O
D08618,CC(=O)C(=O)O
D08619,C1CN(CCN1CCC2=C(C=C3C(=C2)CC(=O)N3)Cl)C4=NSC5=CC=CC=C54
D08620,CC[N+](CC)(CCNC(=O)C(=O)NCC[N+](CC)(CC)CC1=CC=CC=C1Cl)CC2=CC=CC=C2Cl
D08621,CC(C)C1(C(=O)NC(=O)NC1=O)CC=C
D08622,CN1C(=NN=N1)SCC2=C(N3C(C(C3=O)NC(=O)C(=NOC)C4=CSC(=N4)N)SC2)C(=O)O
D08623,CNCCCC12CCC(C3=CC=CC=C31)C4=CC=CC=C24
D08624,C1CN2C(=N1)C3=CC=CC=C3C2(C4=CC=C(C=C4)Cl)O
D08625,C1CC1COC2=C(C=CC(=C2)C(=O)NC3=C(C=NC=C3Cl)Cl)OC(F)F
D08626,CC12CCC3C(C1CCC2=O)CCC4=C3C=CC(=C4)OS(=O)(=O)O
D08627,CC(=O)OC1=CC=CC=C1C(=O)O
D08628,CC1=C(C=CC2=C1OC(=O)C(=C2O)NC(=O)C3=CC(=C(C=C3)O)CC=C(C)C)OC4C(C(C(C(O4)(C)C)OC)OC(=O)N)O
D08629,CN(C)CCCN1C2=CC=CC=C2SC3=C1C=C(C=C3)Cl
D08630,CC1=C(NC(=O)N1)C(=O)C2=CC=C(C=C2)SC
D08631,C1CCC(CC1)(CC(=O)O)CN
D08632,CC(C(C1=CC=CC=C1)O)N
D08633,C(C(F)(F)F)(Cl)Br
D08634,C1=CC=C(C=C1)C2=NC(C(=O)NC3=C2C=C(C=C3)Cl)O
D08635,C1C2=NN=CN2C3=C(C=C(C=C3)Cl)C(=N1)C4=CC=CC=C4
D08636,COC1=C(C=C(C=C1)C2=CC3=C(C=C2)C=C(C=C3)C(=O)O)C45CC6CC(C4)CC(C6)C5
D08637,CN1CCN(CC1)CCCOC2=C(C=C3C(=C2)N=CC(=C3NC4=CC(=C(C=C4Cl)Cl)OC)C#N)OC
D08638,COCCCCC(=NOCCN)C1=CC=C(C=C1)C(F)(F)F
D08639,CCC(C)C1(C(=O)NC(=O)NC1=O)CC
D08640,CN(C)CC1=NN=C2N1C3=C(C=C(C=C3)Cl)C(=NC2)C4=CC=CC=C4
D08641,C1CNCC(C2=CC(=C(C(=C21)Cl)O)O)C3=CC=C(C=C3)O
D08642,CCC1C(=O)N2CCCC2C(=O)N(C(C(=O)N3CC(C(=O)CC3C(=O)NC(C(=O)OC(C(C(=O)N1)NC(=O)C4=C(C=CC=N4)O)C)C5=CC=CC=C5)CSC6CN7CCC6CC7)CC8=CC=C(C=C8)N(C)C)C
D08643,CN(C)CCN(CC1=CC=C(C=C1)OC)C2=CC=CC=N2
D08644,C1=C(N=C(S1)N=C(N)N)CSCCC(=NS(=O)(=O)N)N
D08645,C(C(F)(F)F)(OC(F)F)Cl
D08646,CN1C2CCC1CC(C2)OC(=O)C(CO)C3=CC=CC=C3
D08647,CN1CCN(CC1)C2=NC3=C(C=CC(=C3)Cl)NC4=CC=CC=C42
D08648,C1CC(CCC1OP(=O)([O-])OCC(CN(CCN(CC(=O)[O-])CC(=O)[O-])CC(=O)[O-])N(CC(=O)[O-])CC(=O)[O-])(C2=CC=CC=C2)C3=CC=CC=C3.[Na+].[Na+].[Na+].[Gd+3]
D08649,CCCC(C)(COC(=O)N)COC(=O)N
D08650,CC(=O)OC(CC(=O)[O-])C[N+](C)(C)C
D08651,C(C(F)(F)F)(OC(F)F)Cl
D08652,CCCC(C)C1(C(=O)NC(=O)NC1=O)CC
D08653,CCCC1=NC(=C2N1N=C(NC2=O)C3=C(C=CC(=C3)S(=O)(=O)N4CCN(CC4)CC)OCC)C
D08654,C1CCCN(CCC1)CCN=C(N)N
D08655,C1=CC=C2C(=C1)C(=NO2)CS(=O)(=O)N
D08656,C1CN(CCN1CCOC(=O)C2=CC=CC=C2NC3=C4C=CC(=CC4=NC=C3)C(F)(F)F)C5=CC=CC(=C5)C(F)(F)F
D08657,C1=CC(=C(C=C1C(C(C(=O)O)N)O)O)O
D08658,CC12CCC3C(C1CCC2O)CCC45C3(CC(=C(C4O5)O)C#N)C
D08659,"CN1C2CCC1C(C(C2)OC(=O)C3=CC=CC=C3)C(=O)OC
CCCCNC(=O)C1=CC=C(C=C1)N2CCOCC2"
D08660,C1NC2=CC(=C(C=C2S(=O)(=O)N1)S(=O)(=O)N)Cl
D08661,C(=N)(N)N
D08662,CCC1(C(=O)C(CNC1=O)C)CC
D08663,CN1C(=O)CN=C(C2=C1C=CC(=C2)[N+](=O)[O-])C3=CC=CC=C3F
D08664,CCN1C=CC(=NC1=O)NS(=O)(=O)C2=CC=C(C=C2)N
D08665,CNC(=O)C1=NC=CC(=C1)OC2=CC(=C(C=C2)NC(=O)NC3=CC(=C(C=C3)Cl)C(F)(F)F)F
D08666,CC(C)COCC(CN(CC1=CC=CC=C1)C2=CC=CC=C2)N3CCCC3
D08667,CC1(OC2CC3C4CC(C5=CC(=O)CCC5(C4C(CC3(C2(O1)C(=O)CO)C)O)C)F)C
D08668,C1CN(CCN(CCN(CCN1CC(=O)[O-])CC(=O)[O-])C(CO)C(CO)O)CC(=O)[O-].[Gd+3]
D08669,CCCC(C)C1(C(=O)NC(=O)NC1=O)CC=C
D08670,COC1=CC=C(C=C1)N2C3=C(CCN(C3=O)C4=CC=C(C=C4)N5CCCCC5=O)C(=N2)C(=O)N
D08671,C1C2C3=CC=CC=C3CC4=CC=CC=C4N2C(=N1)N
D08672,C1=NC2=NC=NC(=C2N1)N
D08673,C1C(=S)N(C2=C(C=C(C=C2)Cl)C(=N1)C3=CC=CC=C3F)CC(F)(F)F
D08674,C1=CC(=CC=C1CC(C(=O)O)N)N(CCCl)CCCl
D08675,CC12CCC(=O)C=C1CCC3C2CCC4(C3CCC4(C)O)C
D08676,CC(C)N1CCN(CC1)C2=CC=C(C=C2)OCC3COC(O3)(CN4C=NC=N4)C5=C(C=C(C=C5)Cl)Cl
D08677,CC(CC1=CC=C(C=C1)O)NCC(C2=CC(=CC(=C2)O)O)O
D08678,C1C(=O)NC(=O)N1N=CC2=CC=C(O2)[N+](=O)[O-]
D08679,CCN(CC)CCOC1=CC=C(C=C1)C(=C(C2=CC=CC=C2)Cl)C3=CC=CC=C3
D08680,C1=C(C=C(C(=C1I)OC2=CC(=C(C(=C2)I)O)I)I)CC(C(=O)O)N
D08681,CC1=CC2=C(C=C1C)N(C3=NC(=O)NC(=O)C3=N2)CC(C(C(COP(=O)(O)OP(=O)(O)OCC4C(C(C(O4)N5C=NC6=C(N=CN=C65)N)O)O)O)O)O
D08682,C[N+](C)(CCCCCC[N+](C)(C)C1C2=CC=CC=C2C3=CC=CC=C13)C4C5=CC=CC=C5C6=CC=CC=C46
D08683,C1=CC=C(C(=C1)C2=NC(C(=O)NC3=C2C=C(C=C3)Cl)O)Cl
D08684,CCOP(=O)(OCC)SCC[N+](C)(C)C
D08685,CC(CC1=CC=CC=C1)N(C)CC2=CC=CC=C2
D08686,C[N+]1(CCC2=CC(=C(C(=C2C1CC3=CC(=C(C(=C3)OC)OC)OC)OC)OC)OC)CCCOC(=O)CCC(=O)OCCC[N+]4(CCC5=CC(=C(C(=C5C4CC6=CC(=C(C(=C6)OC)OC)OC)OC)OC)OC)C
D08687,CC12CCC3C(C1CCC2(C#C)O)CCC4=CC(=O)CCC34
D08688,CNCCCN1C2=CC=CC=C2CCC3=CC=CC=C31
D08689,C1=NC(=C2C(=N1)N(C=N2)C3C(C(C(O3)COP(=O)(O)OP(=O)(O)OP(=O)(O)O)O)O)N
D08690,C1=CC(=CC=C1C(=O)NCCC(=O)O)N=NC2=CC(=C(C=C2)O)C(=O)O
D08691,C(CC(=O)NC(CS)C(=O)NCC(=O)O)C(C(=O)O)N
D08692,C1=CC(=C(C=C1N)O)C(=O)O
D08693,CCC12CC(=C)C3C(C1CCC2(C#C)O)CCC4=CC(=O)CCC34
D08694,CNS(=O)(=O)CCC1=CC2=C(C=C1)NC=C2C3CCN(CC3)C
D08695,C1CN(CCN1)C2=NC3=CC=CC=C3OC4=C2C=C(C=C4)Cl
D08696,CC(CC1=CC=CC=C1)N
D08697,CCN(CC)CCNC(=O)C1=CC=C(C=C1)N
D08698,CN1C2CCC1CC(C2)OC(C3=CC=CC=C3)C4=CC=CC=C4
D08699,C1CCC(CC1)C(CCN2CCCCC2)(C3=CC=CC=C3)O
D08700,C1=CC(=C(C(=C1)Cl)COC(CN2C=CN=C2)C3=C(C=C(C=C3)Cl)Cl)Cl
D08701,CC1(C(N2C(S1)C(C2=O)NC(=O)C3=C(C=CC=C3OC)OC)C(=O)O)C
D08702,COCCOC1=C(C=C2C(=C1)C(=NC=N2)NC3=CC=CC(=C3)C#C)OCCOC
D08703,CCC1C(C(C(C(=O)C(CC(C(C(C(C(C(=O)O1)C)OC2CC(C(C(O2)C)O)(C)OC)C)OC3C(C(CC(O3)C)N(C)C)O)(C)O)C)C)O)(C)O
D08704,CN1CCCC1C2=CN=CC=C2
D08705,C1=C(OC(=C1)[N+](=O)[O-])C=NNC(=O)N
D08706,CN1C=NC(=C1SC2=NC=NC3=C2NC=N3)[N+](=O)[O-]
D08707,C(C(C1C(=C(C(=O)O1)O)O)O)O
D08708,C1=CC(=C(C=C1CC(C(=O)O)N)O)O
D08709,CC1=NC=C2N1C3=C(C=C(C=C3)Cl)C(=NC2)C4=CC=CC=C4F
D08710,CCC(C)CCCCC(=O)NC(CCNCS(=O)(=O)[O-])C(=O)NC(C(C)O)C(=O)NC(CCNCS(=O)(=O)[O-])C(=O)NC1CCNC(=O)C(NC(=O)C(NC(=O)C(NC(=O)C(NC(=O)C(NC(=O)C(NC1=O)CCNCS(=O)(=O)[O-])CC(C)C)CC(C)C)CCNCS(=O)(=O)[O-])CCNCS(=O)(=O)[O-])C(C)O
D08711,CC#CC1(CCC2C1(CC(C3=C4CCC(=O)C=C4CCC23)C5=CC=C(C=C5)N(C)C)C)O
D08712,CN(C)C1=NC(=NC(=N1)N(C)C)N(C)C
D08713,CN1C(=O)CC(=O)N(C2=C1C=CC(=C2)Cl)C3=CC=CC=C3
D08714,CC(C)C1=C(C(=CC=C1)C(C)C)OCOP(=O)(O)O
D08715,C[N+](C)(C)CC(CC(=O)[O-])O
D08716,CCN(CC)CCN1C(=O)CN=C(C2=C1C=CC(=C2)Cl)C3=CC=CC=C3F
D08717,CC(=O)OC1=CC=CC=C1C(=O)O
D08718,C1CN(CCC1NC(=O)C2=CC=CC=C2C3=CC=C(C=C3)C(F)(F)F)CCCCC4(C5=CC=CC=C5C6=CC=CC=C64)C(=O)NCC(F)(F)F
D08719,CCOC1=CC(=C(C=C1C(=O)NC2CCN(CC2)CC3CCC=CC3)[N+](=O)[O-])N
D08720,CC(C)(C)C(C(=O)NC(CC1=CC=CC=C1)C(CN(CC2=CC=C(C=C2)C3=CC=CC=N3)NC(=O)C(C(C)(C)C)NC(=O)OC)O)NC(=O)OC
D08721,CC(C)CC(C(C(=O)NO)O)C(=O)NC(C(=O)NC)C(C)(C)C
D08722,C(C(C(C(C(CO)O)O)O)O)O
D08723,C(C(F)(F)F)(OC(F)F)Cl
D08724,C1=CC(=C(C(=C1)C(=O)C2=CC=C(C=C2)Br)N)CC(=O)O
D08725,CCCN1CC(CC2C1CC3=CNC4=CC=CC2=C34)CSC
D08726,CC(=O)NCCCS(=O)(=O)O
D08727,C(CC(C(=O)O)N)CNC(=O)N
D08728,CN(C)CCN1C(=NN=N1)SCC2=C(N3C(C(C3=O)NC(=O)CC4=CSC(=N4)N)SC2)C(=O)O
D08729,CCCCC1=NC=C(N1CC2=CC=C(C=C2)C(=O)O)C=C(CC3=CC=CS3)C(=O)O
D08730,CCN1CCCC1CNC(=O)C2=CC(=C(C=C2OC)N)S(=O)(=O)CC
D08731,CCCCCC(C=CC1C(CC(=O)C1CC=CCCCC(=O)O)O)O
D08732,CC1(C(N2C(S1)C(C2=O)NC(=O)C(C3=CC=CC=C3)NC(=O)N4CCNC4=O)C(=O)O)C
D08733,C(OC(C(F)(F)F)C(F)(F)F)F
D08734,CCCCCCCCCCCCOS(=O)(=O)[O-].[Na+]
D08735,CCCCC(CC)CCC(CC(C)C)OS(=O)(=O)[O-].[Na+]
D08736,C1C2CNCC1C3=CC=CC(=O)N3C2
D08737,[Cl-].[K+]
D08738,CCCC(=O)OC(COC(=O)CC)COP(=O)(O)OCC(C(=O)O)N
D08739,C(=N)(N)N
D08740,CNC(=C[N+](=O)[O-])NCCSCC1=CC=C(O1)CN(C)C
D08741,CN1CCN(CC1)C2=NC3=CC=CC=C3OC4=C2C=C(C=C4)Cl
D08742,CN1C=NC2=C1C(=O)NC(=O)N2C
D08743,CN1CCC23CCCCC2C1CC4=C3C=C(C=C4)OC
D08744,CCC1(CCC(=O)NC1=O)C2=CC=C(C=C2)N
D08745,CN1CCC23C=CC(CC2OC4=C(C=CC(=C34)C1)OC)O
D08746,C1CCC(C(C1)CN2CCN(CC2)C3=NSC4=CC=CC=C43)CN5C(=O)C6C7CCC(C7)C6C5=O
D08747,CC1(C(N2C(S1)C(C2=O)NC(=O)C(C3=CC=CC=C3)NC(=O)N4CCN(C4=O)S(=O)(=O)C)C(=O)O)C
D08748,[Li+]
D08749,CC1=C(C=C(C=C1)C(=O)NC2=CC(=C(C=C2)CN3CCN(CC3)C)C(F)(F)F)C#CC4=CN=C5N4N=CC=C5
D08750,CN(C)CCC(C1=CC=CC=C1)C2=CC=CC=N2
D08751,COC(=O)C(C1CCCCN1)C2=CC=CC=C2
D08752,COC1=CC=C(C=C1)CCN2CCC(CC2)NC3=NC4=CC=CC=C4N3CC5=CC=C(C=C5)F
D08753,CC1=CNN=C1
D08754,C1CNCCN1
D08755,CNC(=O)C1=NC=CC(=C1)OC2=CC=C(C=C2)NC(=O)NC3=CC(=C(C=C3)Cl)C(F)(F)F
D08756,C1C(C(C(C(C1N)OC2C(C(C(C(O2)CO)O)O)N)OC3C(C(C(O3)CO)OC4C(C(C(C(O4)CN)O)O)N)O)O)N
D08757,CC1=CC2=C(C=C1C)N(C3=NC(=O)NC(=O)C3=N2)CC(C(C(COP(=O)(O)OP(=O)(O)OCC4C(C(C(O4)N5C=NC6=C(N=CN=C65)N)O)O)O)O)O
D08758,COC1C(CC2CN3CCC4=C(C3CC2C1C(=O)OC)NC5=C4C=CC(=C5)OC)OC(=O)C=CC6=CC(=C(C(=C6)OC)OC)OC
D08759,C[N+](C)(C)CCCCCCCCCC[N+](C)(C)C
D08760,C1=CC=C(C=C1)C2=CC=C(C=C2)C(=O)CCC(=O)O
D08761,CC1(C2CC3C(C(=O)C(=C(C3(C(=O)C2=C(C4=C1C=CC=C4O)O)O)O)C(=O)N)N(C)C)O
D08762,CC(=O)NC1=C(C(=C(C(=C1I)C(=O)NC(C=O)C(C(C(CO)O)O)O)I)N(C)C(=O)C)I
D08763,C1=CC(=C(C=C1CC(C(=O)O)N)O)O
D08764,CC(C)(C(=O)OCCOC(=O)C1=CN=CC=C1)OC2=CC=C(C=C2)Cl
D08765,C1CN(CCN1CCOC(=O)C2=CC=CC=C2NC3=C4C=CC(=CC4=NC=C3)C(F)(F)F)C5=CC=CC(=C5)C(F)(F)F
D08766,O=[As]O[As]=O
D08767,C1CC1CN2CCC34C5C(=O)CCC3(C2CC6=C4C(=C(C=C6)O)O5)O
D08768,C1CNC(=NC1C2C(=O)NCC(C(=O)NC(C(=O)NC(C(=O)NC(=CNC(=O)N)C(=O)N2)CO)CO)NC(=O)CC(C(CCN)O)N)N
D08769,C1CC1CN2C(=O)CN=C(C3=C2C=CC(=C3)Cl)C4=CC=CC=C4
D08770,COC1C(CC2CN3CCC4=C(C3CC2C1C(=O)OC)NC5=C4C=CC(=C5)OC)OC(=O)C6=CC(=C(C(=C6)OC)OC)OC
D08771,CC(C)(C)NC(=O)C1CN(CCN1CC(CC(CC2=CC=CC=C2)C(=O)NC3C(CC4=CC=CC=C34)O)O)CC5=CN=CC=C5
D08772,C[N+]1(C2CCC1CC(C2)OC(=O)C(C3=CC=CC=C3)O)C.[Br-]
D08773,COC1(C2N(C1=O)C(=C(CS2)COC(=O)N)C(=O)O)NC(=O)CC3=CC=CS3
D08774,CC12CCC3C(C1CCC2=O)CC(=C)C4=CC(=O)C=CC34C
D08775,C1=NC2=C(N1)C(=S)N=CN2
D08776,CC1(C(N2C(S1)C(C2=O)NC(=O)C(C3=CC=CC=C3)NC(=O)N4CCN(C4=O)S(=O)(=O)C)C(=O)O)C
D08777,CNCC(C1=CC(=C(C=C1)O)O)O
D08778,COC1=C2C(=CC3=C1OC=C3)C=CC(=O)O2
D08779,CCOC(=O)C(CCC1=CC=CC=C1)NC(C)C(=O)N2CCCC2C(=O)O
D08780,C1=CC=C(C(=C1)C(=O)O)[O-].C1=CC=C(C(=C1)C(=O)O)[O-].[Mg+2]
D08781,"CN1C2CCC1C(C(C2)OC(=O)C3=CC=CC=C3)C(=O)OC
CCCCNC(=O)C1=CC=C(C=C1)N2CCOCC2"
D08782,C1=CC=C(C=C1)C2=CC=C(C=C2)C(C3=CC=CC=C3)N4C=CN=C4
D08783,C1=CN=CC=C1C2=CNC(=O)C(=C2)N
D08784,CCC(C(C1=CC(=C(C=C1)O)O)O)NC(C)C
D08785,CCC1(CC2CC(C3=C(CCN(C2)C1)C4=CC=CC=C4N3)(C5=C(C=C6C(=C5)C78CCN9C7C(C=CC9)(C(C(C8N6C)(C(=O)OC)O)OC(=O)C)CC)OC)C(=O)OC)O
D08786,CC(CC1=CC=CC=C1)NC
D08787,CN1C(=NN=N1)SCC2=C(N3C(C(C3=O)(NC(=O)C(C4=CC=C(C=C4)O)C(=O)O)OC)OC2)C(=O)O
D08788,CN1C(=NN=N1)SCC2=C(N3C(C(C3=O)(NC(=O)CSCC#N)OC)SC2)C(=O)O
D08789,C1CSSC1CCCCC(=O)O
D08790,CC1C(C(C(O1)OC2C(C(C(C(C2O)O)N=C(N)N)O)N=C(N)N)OC3C(C(C(C(O3)CO)O)O)NC)(C=O)O
D08791,C(=N)(N)N
D08792,CCCCC(=O)N(CC1=CC=C(C=C1)C2=CC=CC=C2C3=NNN=N3)C(C(C)C)C(=O)O
D08793,CC(=O)NO
D08794,CCCCC1=NC2(CCCC2)C(=O)N1CC3=CC=C(C=C3)C4=CC=CC=C4C5=NNN=N5
D08795,C(C(F)(F)F)(Cl)Br
D08796,CN(C)CC(C1=CC=C(C=C1)OC)C2(CCCCC2)O
D08797,C1=CC(=C(C=C1C(C(C(=O)O)N)O)O)O
D08798,CC(C)OC(=O)CCCC=CCC1C(CC(C1C=CC(COC2=CC=CC=C2)(F)F)O)O
D08799,C1=CC=C(C=C1)NC(=O)CCCCCCC(=O)NO
D08800,COC1=C(C=C2C(=C1)C(=NC(=N2)N3CCN(CC3)C(=O)C4=CC=CO4)N)OC
D08801,C1=CC(=C(C=C1CCN)O)O
D08802,CC(C)CC(C(=O)O)N
D08803,CN(C)C1=CC=C(C=C1)C(=C2C=CC(=[N+](C)C)C=C2)C3=CC=C(C=C3)N(C)C
D08804,CC(CN1C2=CC=CC=C2SC3=CC=CC=C31)N(C)C
D08805,CCC(C)(C(=O)O)OC1=CC=C(C=C1)C2(CCCCC2)C3=CC=C(C=C3)OC(C)(CC)C(=O)O
D08806,CCCCN(CCCC)CCC(C1=C2C=CC(=CC2=C3C=C(C=C(C3=C1)Cl)Cl)C(F)(F)F)O
D08807,CC1CN(CCC1(C)C2=CC(=CC=C2)O)CC(CC3=CC=CC=C3)C(=O)NCC(=O)O
D08808,CN1CCC23C=CC(CC2OC4=C(C=CC(=C34)C1)OC)O
D08809,CCCCC(C1(CCC2C(O1)CC(=O)C2CCCCCCC(=O)O)O)(F)F
D08810,CC1=C(C=C(C=C1)C(=O)NC2=CC(=C(C=C2)CN3CCN(CC3)C)C(F)(F)F)C#CC4=CN=C5N4N=CC=C5
D08811,CC12CCC3C(C1CCC2O)CCC4=C3C=CC(=C4)OC(=O)N(CCCl)CCCl
D08812,CN1C2=C(C=C(C=C2)Cl)C(=NC(C1=O)O)C3=CC=CC=C3
D08813,CCN(CC)CCS(=O)(=O)C1CCN2C1C(=O)OC(C(C=CC(=O)NCC=CC(=CC(CC(=O)CC3=NC(=CO3)C2=O)O)C)C)C(C)C
D08814,CN1CCN2C(C1)C3=CC=CC=C3CC4=CC=CC=C42
D08815,CCCC1=NN(C2=C1N=C(NC2=O)C3=C(C=CC(=C3)S(=O)(=O)NCCC4CCCN4C)OCCC)C
D08816,CCC1(C(=O)NC(=O)NC1=O)C2=CCCCCC2
D08817,C(C(=O)O)N
D08818,C1=CC=C2C(=C1)C(=NO2)CS(=O)(=O)N
D08819,C1=C(OC(=C1)[N+](=O)[O-])C=NNC(=O)N
D08820,CC(C)(C)C1=CC(=CC(=C1O)C(C)(C)C)SC(C)(C)SC2=CC(=C(C(=C2)C(C)(C)C)O)C(C)(C)C
D08821,CC1CCCC2(C(O2)CC(NC(=O)CC(C(C(=O)C(C1O)C)(C)C)O)C(=CC3=CSC(=N3)C)C)C
D08822,CCC1(C(=O)NC(=O)NC1=O)C2=CC=CC=C2
D08823,CN(C)CCC(C1=CC=CC=C1)C2=CC=CC=N2
D08824,CCC1(C(=O)C(CNC1=O)C)CC
D08825,CC1CCC2CC(C(=CC=CC=CC(CC(C(=O)C(C(C(=CC(C(=O)CC(OC(=O)C3CCCCN3C(=O)C(=O)C1(O2)O)C(C)CC4CCC(C(C4)OC)OC(=O)C(C)(CO)CO)C)C)O)OC)C)C)C)OC
D08826,CCCCC1(C(=O)NC(=O)NC1=O)CC
D08827,CNS(=O)(=O)CC1=CC2=C(C=C1)NC=C2CCN(C)C
D08828,C1CCC2(CC1)OCC(O2)CN=C(N)N
D08829,C1C(SC(=C(C#N)N2C=CN=C2)S1)C3=C(C=C(C=C3)Cl)Cl
D08830,CN1CCC23C4C1CC5=C2C(=C(C=C5)OC)OC3C(C=C4)O
D08831,C1C(=S)N(C2=C(C=C(C=C2)Cl)C(=N1)C3=CC=CC=C3F)CC(F)(F)F
D08832,COC1=C(C=C(C=C1)Cl)C(=O)NCCC2=CC=C(C=C2)S(=O)(=O)NC(=O)NC3CCCCC3
D08833,COCCNC(=O)CN(CCN(CCN(CC(=O)NCCOC)CC(=O)[O-])CC(=O)[O-])CC(=O)[O-].[Gd+3]
D08834,CCC1(C(=O)NC(=O)NC1=O)C2=CC=CC=C2
D08835,CN1C2=C(C(=O)N(C1=O)C)NC=N2
D08836,C1C(C1N)C2=CC=CC=C2
D08837,CC12CCC3C(C1CCC2(C#C)O)CCC4=C3C=CC(=C4)OC5CCCC5
D08838,C1=C(C(=O)NC(=O)N1)F
D08839,CC(=O)OCC1=C(N2C(C(C2=O)NC(=O)CSC3=CC=NC=C3)SC1)C(=O)O
D08840,C1CN(CCN1)C2=NC3=CC=CC=C3OC4=C2C=C(C=C4)Cl
D08841,CNC(=O)C1=NC=CC(=C1)OC2=CC=C(C=C2)NC(=O)NC3=CC(=C(C=C3)Cl)C(F)(F)F
D08842,C1CCC(CC1)C(CCN2CCCCC2)(C3=CC=CC=C3)O
D08843,C1=CC(=CC=C1C(=O)NCCC(=O)O)N=NC2=CC(=C(C=C2)O)C(=O)O
D08844,C1=CC=C(C(=C1)C2=NC(C(=O)N(C3=C2C=C(C=C3)Cl)CCC#N)O)F
D08845,CON=C1CN(CC1CN)C2=C(C=C3C(=O)C(=CN(C3=N2)C4CC4)C(=O)O)F
D08846,CNC(=O)C1=NC=CC(=C1)OC2=CC=C(C=C2)NC(=O)NC3=CC(=C(C=C3)Cl)C(F)(F)F
D08847,CC(=O)NS(=O)(=O)C1=CC=C(C=C1)N
D08848,CN1CCC23C=CC(CC2OC4=C(C=CC(=C34)C1)OC)O
D08849,CC(C)NCC(COC1=CC=CC=C1OCC=C)O
D08850,CNCCCC12CCC(C3=CC=CC=C31)C4=CC=CC=C24
D08851,C1CN(CCN1CC=CC2=CC=CC=C2)C(C3=CC=CC=C3)C4=CC=CC=C4
D08852,C(CC(=O)O)C(=O)O
D08853,C[N+](C)(C)CCCCCCCCCC[N+](C)(C)C
D08854,C1C(=O)NC2=C(C=C(C=C2)Br)C(=N1)C3=CC=CC=N3
D08855,CC1C(O1)P(=O)(O)O
D08856,CNCCCN1C2=CC=CC=C2CCC3=CC=CC=C31
D08857,CN1C=CNC1=S
D08858,COC1=CC=CC=C1OCCNCC(COC2=CC=CC3=C2C4=CC=CC=C4N3)O
D08859,CC1=CC2C(CCC3(C2CCC3(C(=O)C)OC(=O)C)C)C4(C1=CC(=O)CC4)C
D08860,CC1=CC2=C(C=C1C)N(C=N2)C3C(C(C(O3)CO)OP(=O)([O-])OC(C)CNC(=O)CCC4(C(C5C6(C(C(C(=C(C7=NC(=CC8=NC(=C(C4=N5)C)C(C8(C)C)CCC(=O)N)C(C7(C)CC(=O)N)CCC(=O)N)C)[N-]6)CCC(=O)N)(C)CC(=O)N)C)CC(=O)N)C)O.[C-]#N.[Co+3]
D08861,C1CC(=O)NC(=O)C1N2CC3=C(C2=O)C=CC=C3N
D08862,CC(CC1=CC=CC=C1)NC
D08863,C1=CC=C(C=C1)N2C(=O)C(C(=O)N2C3=CC=CC=C3)CCS(=O)C4=CC=CC=C4
D08864,C1=NC(=C2C(=N1)N(C=N2)C3C(C(C(O3)COP(=O)(O)OP(=O)(O)OP(=O)(O)O)O)O)N
D08865,C[N+]1=CC=CC(=C1)OC(=O)N(C)C
D08866,CC1(C2CC3C(C(=O)C(=C(C3(C(=O)C2=C(C4=C1C=CC=C4O)O)O)O)C(=O)NCN5CCCC5)N(C)C)O
D08867,C1C(C(OC1N2C=C(C(=O)NC2=O)C(F)(F)F)CO)O
D08868,CC(C1C2CC(=C(N2C1=O)C(=O)O)SCCN=CN)O
D08869,C1C2=C(C=CC(=C2Cl)Cl)N=C3N1CC(=O)N3
D08870,C1CN(CCC12C(=O)NCN2C3=CC=CC=C3)CCCC(C4=CC=C(C=C4)F)C5=CC=C(C=C5)F
D08871,CCCC(=O)OC1(CCC2C1(CC(C3(C2CC(C4=CC(=O)C=CC43C)F)F)O)C)C(=O)COC(=O)C
D08872,C1=NC2=C(N1COC(CO)CO)N=C(NC2=O)N
D08873,CN1CCN2C(C1)C3=CC=CC=C3CC4=C2N=CC=C4
D08874,CCC(=O)C1=CC2=C(C=C1)SC3=CC=CC=C3N2CC(C)N(C)C
D08875,CCC(C)C(C(=O)O)N
D08876,CN(C)CC1CCCCC1(C2=CC(=CC=C2)OC)O
D08877,CN(C)CC(C1=CC=C(C=C1)O)C2(CCCCC2)O
D08878,CC1=C(C(CCC1)(C)C)C=CC(=CC=CC(=CC(=O)O)C)C
D08879,C1=CC(=C(C=C1F)F)C(CN2C=NC=N2)(CN3C=NC=N3)O
D08880,CCC(C(=O)N)N1CCCC1=O
D08881,C[N+]1(CCCC1)CCCCC[N+]2(CCCC2)C
D08882,CC(C)(C)C(C)(C1CC23CCC1(C4C25CCN(C3CC6=C5C(=C(C=C6)O)O4)CC7CC7)OC)O
D08883,CC(C)(C)NCC(COC1=CC=CC=C1C2CCCC2)O
D08884,CN1CCN2C(C1)C3=CC=CC=C3CC4=CC=CC=C42
D08885,COC1=CC2=C(C=C1C(=O)NCC3CCCN3CC=C)NN=N2
D08886,CCC1=NN(C(=O)N1CCOC2=CC=CC=C2)CCCN3CCN(CC3)C4=CC(=CC=C4)Cl
D08887,C(C(C(CO[N+](=O)[O-])O[N+](=O)[O-])O[N+](=O)[O-])O[N+](=O)[O-]
D08888,CCC1(CCC(=O)NC1=O)C2=CC=C(C=C2)N
D08889,CN(C)CCC1=CNC2=C1C=C(C=C2)CN3C=NC=N3
D08890,C1CCC(CC1)(CC(=O)O)CN
D08891,C1=CC=C(C=C1)N=NC2=C(N=C(C=C2)N)N
D08892,C1CN(CCN1)C2=NC3=CC=CC=C3OC4=C2C=C(C=C4)Cl
D08893,C1=CC(=C(C=C1C(CNCCCCCCNCC(C2=CC(=C(C=C2)O)O)O)O)O)O
D08894,CC1=C2C(C(=O)C3(C(CC4C(C3C(C(C2(C)C)(CC1OC(=O)C(C(C5=CC=CC=C5)NC(=O)C6=CC=CC=C6)O)O)OC(=O)C7=CC=CC=C7)(CO4)OC(=O)C)O)C)OC(=O)C
D08895,C1C(=O)NC2=C(C=C(C=C2)[N+](=O)[O-])C(=N1)C3=CC=CC=C3
D08896,CCCC(C)C1(C(=O)NC(=S)NC1=O)CC=C
D08897,CC1=CN(C(=O)NC1=O)C2CC(C(O2)CO)O
D08898,CC1=C(C(=CC=C1)C)NC(=O)C2CCCCN2C
D08899,CC(CC1=CC=CC=C1)NCCN2C=NC3=C2C(=O)N(C(=O)N3C)C
D08900,C1=CC=C(C=C1)C2=NC(C(=O)NC3=C2C=C(C=C3)Cl)C(=O)O
D08901,C1=CC=C(C=C1)N=NC2=C(N=C(C=C2)N)N
D08902,C(C(F)(F)F)(OC(F)F)Cl
D08903,CN1CCCC(C1)CC2C3=CC=CC=C3SC4=CC=CC=C24
D08904,C(C(=O)O)N
D08905,CC(C)(C)NCC(C1=CC(=CC(=C1)O)O)O
D08906,CN1C2=C(C=C(C=C2)Cl)C(=NC(C1=O)O)C3=CC=CC=C3
D08907,C(C(F)(F)F)(Cl)Br
D08908,CC1=CC2=C(C=C1C)N(C3=NC(=O)NC(=O)C3=N2)CC(C(C(COP(=O)(O)OP(=O)(O)OCC4C(C(C(O4)N5C=NC6=C(N=CN=C65)N)O)O)O)O)O
D08909,CC#CCN1C2=C(N=C1N3CCCC(C3)N)N(C(=O)N(C2=O)CC4=NC5=CC=CC=C5C(=N4)C)C
D08910,C1CC(NC1)C(=O)O
D08911,C1=CC(=CC=C1NCS(=O)O)S(=O)(=O)C2=CC=C(C=C2)NCS(=O)O
D08912,C1CC(=O)NC(=O)C1N2CC3=C(C2=O)C=CC=C3N
D08913,CC(CC1=CC=CC=C1)N
D08914,CC(=O)OC1=CC=CC=C1C(=O)O
D08915,C1CN=C(N1)NC2=C(C=CC3=NSN=C32)Cl
D08916,CC1=C(NC(=O)N1)C(=O)C2=CC=C(C=C2)SC
D08917,CC1CC2C3CCC4=CC(=O)C=CC4(C3(C(CC2(C1(C(=O)CO)O)C)O)F)C
D08918,CCN(CC)CCOC(=O)C1=CC=C(C=C1)N
D08919,CC(CC1=CC=CC=C1)N
D08920,CC(C)(C)NCC(C1=CC(=CC(=C1)O)O)O
D08921,C(CN(CC(=O)O)CC(=O)O)N(CC(=O)O)CC(=O)O
D08922,CC1=C(C(=CC=C1)C)NC(=O)CN2CCN(CC2)CC(COC3=CC=CC=C3OC)O
D08923,CCN1CCN(C(=O)C1=O)C(=O)NC(C2=CC=C(C=C2)O)C(=O)NC3C4N(C3=O)C(=C(CS4)CSC5=NN=NN5C)C(=O)O
D08924,C1C(=O)NC2=C(C=C(C=C2)Br)C(=N1)C3=CC=CC=N3
D08925,CCC1(C2=C(COC1=O)C(=O)N3CC4=CC5=C(C=CC(=C5CN(C)C)O)N=C4C3=C2)O
D08926,CC(C)(C)NCC(COC1=NSN=C1N2CCOCC2)O
D08927,CC(C)(CC1=CC=CC=C1)NC
D08928,CN(C)CCC=C1C2=CC=CC=C2C=CC3=CC=CC=C31
D08929,CC(C(C(=O)NCC(=O)NC(CC1=CNC2=CC=CC=C21)C(=O)NC(CCSC)C(=O)NC(CC(=O)O)C(=O)NC(CC3=CC=CC=C3)C(=O)N)NC(=O)C(CC4=CC=C(C=C4)OS(=O)(=O)O)NC(=O)C(CC(=O)O)NC(=O)C(CCC(=O)N)NC(=O)C5CCC(=O)N5)O
D08930,CN1CCC(CC1)COC2=C(C=C3C(=C2)N=CN=C3NC4=C(C=C(C=C4)Br)F)OC
D08931,CCCN1CC(CC2C1CC3=CNC4=CC=CC2=C34)CSC
D08932,CC1=C(C(CCC1)(C)C)C=CC(=CC=CC(=CCO)C)C
D08933,CC(C)CN(CC(C(CC1=CC=CC=C1)NC(=O)OC2CCOC2)OP(=O)(O)O)S(=O)(=O)C3=CC=C(C=C3)N
D08934,CCCC1=NC2=C(N1CC3=CC=C(C=C3)C4=CC=CC=C4C(=O)O)C=C(C=C2C)C5=NC6=CC=CC=C6N5C
D08935,CN1C(=C(C2=C(S1(=O)=O)C=CS2)O)C(=O)NC3=CC=CC=N3
D08936,CN1CC(=O)N2C(C1=O)CC3=C(C2C4=CC5=C(C=C4)OCO5)NC6=CC=CC=C36
D08937,CC(C)C1=CC2=C(C=C1)OC3=NC(=C(C=C3C2=O)C(=O)O)N
D08938,COC1=C(N=CN=C1OC)NS(=O)(=O)C2=CC=C(C=C2)N
D08939,C1=NC(=C2C(=N1)N(C=N2)C3C(C(C(O3)COP(=O)(O)OP(=O)(O)OP(=O)(O)O)O)O)N
D08940,C1=CN(C(=O)N=C1N)CC(CO)OCP(=O)(O)O
D08941,C#CCNC1CCC2=CC=CC=C12
D08942,CN1CCN(CC1)C(C2=CC=CC=C2)C3=CC=CC=C3
D08943,CCCC(CCC)C(=O)O
D08944,CCOC(=O)C1(CCN(CC1)CCC(C#N)(C2=CC=CC=C2)C3=CC=CC=C3)C4=CC=CC=C4
D08945,CCCCC1(C(=O)NC(=O)NC1=O)CC
D08946,CC[N+](C)(C)CC1=CC=CC=C1Br
D08947,CCCC(C)C1(C(=O)NC(=O)NC1=O)CC=C
D08948,CCN(CC)CCOC(=O)C1=C(C=C(C=C1)N)Cl
D08949,CC12CC(C3C(C1CCC2(C(=O)OCCl)O)CCC4=CC(=O)C=CC34C)O
D08950,CC1=CC(=C(C=C1)NC2=C(C=CC=C2Cl)F)CC(=O)O
D08951,CN1C2=C(C=C(C=C2)Cl)C(=NC(C1=O)O)C3=CC=CC=C3
D08952,C1=CC=C(C=C1)CC(C(=O)O)N
D08953,C1C(=S)N(C2=C(C=C(C=C2)Cl)C(=N1)C3=CC=CC=C3F)CC(F)(F)F
D08954,CC(O)(P(=O)(O)O)P(=O)(O)O
D08955,CC1=C(SC=[N+]1CC2=CN=C(N=C2N)C)CCO
D08956,C1C(C(OC1N2C=C(C(=O)NC2=O)F)CO)O
D08957,CC(CC1=CC=C(C=C1)OC)NCC(C2=CC(=C(C=C2)O)NC=O)O
D08958,CC12CCC3C(C1CCC2OC(=O)CCC4=CC=CC=C4)CCC5=CC(=O)CCC35
D08959,C1=CC=C(C=C1)C2=NC(C(=O)NC3=C2C=C(C=C3)Cl)C(=O)O
D08960,CC(C1CCC(C(O1)OC2C(CC(C(C2O)OC3C(C(C(CO3)(C)O)NC)O)N)N)N)NC
D08961,CN1CCN(CC1)C2=NC3=CC=CC=C3OC4=C2C=C(C=C4)Cl
D08962,CC(CC1=CC=CC=C1)N(C)CC#C
D08963,C1CN(CCN1CCOCCO)C2=NC3=CC=CC=C3SC4=CC=CC=C42
D08964,CN1CCN(CC1)C(C2=CC=CC=C2)C3=CC=CC=C3
D08965,CN1CCC(CC1)OC(C2=CC=CC=C2)C3=CC=CC=C3
D08966,CC1=CC(=CC=C1)N(C)C(=S)OC2=CC3=CC=CC=C3C=C2
D08967,CN(C)CCC1=CNC2=C1C=C(C=C2)CS(=O)(=O)N3CCCC3
D08968,CC1CCC(CC1=CC=C2CCCC3(C2CCC3C(C)C=CC(C)C(C)C)C)O
D08969,CCC1(C(=O)C(CNC1=O)C)CC
D08970,CCC12CCC3C(C1CCC2(C#C)O)CCC4=CC(=O)CCC34
D08971,CC[PH+](CC)CC.CC(=O)OCC1C(C(C(C(O1)[S-])OC(=O)C)OC(=O)C)OC(=O)C.[Au]
D08972,C1CCN(CC1)CCOC2=CC=C(C=C2)C(=O)C3=C(SC4=C3C=CC(=C4)O)C5=CC=C(C=C5)O
D08973,C1CN(CCN1CCC=C2C3=CC=CC=C3SC4=C2C=C(C=C4)C(F)(F)F)CCO
D08974,CC(=O)OC1C=CC2C3CC4=C5C2(C1OC5=C(C=C4)OC(=O)C)CCN3C
D08975,C1=CC=C(C=C1)C2=NC(C(=O)NC3=C2C=C(C=C3)Cl)C(=O)O
D08976,CC(C1=CC=CC=C1)(C2=CC=CC=N2)OCCN(C)C
D08977,CC1=CC2=C(S1)NC3=CC=CC=C3N=C2N4CCN(CC4)C
D08978,C1C(CN2C1C(=O)NC(C(=O)NC(C(=O)NC(C(=O)NC(C(=O)NC(C2=O)CC3=CC=CC=C3)CC4=CC=C(C=C4)OCC5=CC=CC=C5)CCCCN)CC6=CNC7=CC=CC=C76)C8=CC=CC=C8)OC(=O)NCCN
D08979,CN1C(=O)CN=C(C2=C1C=CC(=C2)Cl)C3=CC=CC=C3
D08980,CC1=CN(C(=O)NC1=O)C2CC(C(O2)CO)N=[N+]=[N-]
D08981,C(CCN)CC(C(=O)O)N
D08982,C1C(C(C(C(C1N)OC2C(C(C(C(O2)CO)O)O)N)OC3C(C(C(O3)CO)OC4C(C(C(C(O4)CN)O)O)N)O)O)N
D08983,C(CC(=O)O)C(=O)O
D08984,C(CCC(=O)O)CCN
D08985,CC1(C(N2C(S1)C(C2=O)NC(=O)C(C3=CC=CC=C3)NC(=O)N4CCN(C4=O)S(=O)(=O)C)C(=O)O)C
D08986,CN1C=CNC1=S
D08987,CCCN1CC(CC2C1CC3=CNC4=CC=CC2=C34)CSC
D08988,C1=CC(=C(C(=C1)Cl)Cl)C2=C(N=C(N=N2)N)N
D08989,CCOC(=O)NC1=C(C=C(C=C1)NCC2=CC=C(C=C2)F)N
D08990,CC1=CC=CC=C1C(=O)NC2=CC(=C(C=C2)C(=O)N3CCCC(C4=C3C=CC(=C4)Cl)O)C
D08991,CC1=C(C=C(C=C1)NC2=NC=CC(=N2)N(C)C3=CC4=NN(C(=C4C=C3)C)C)S(=O)(=O)N
D08992,CCON=C(C1=NSC(=N1)NP(=O)(O)O)C(=O)NC2C3N(C2=O)C(=C(CS3)SC4=NC(=CS4)C5=CC=[N+](C=C5)C)C(=O)[O-]
D08993,CCCC(C)C1(C(=O)NC(=O)NC1=O)CC=C
D08994,C1CCN(CC1)C2(CCN(CC2)CCCN3C4=CC=CC=C4CCC5=C3C=C(C=C5)Cl)C(=O)N
D08995,CC(C)(C)NCC(COC1=NSN=C1N2CCOCC2)O
D08996,C[S+](CCC(C(=O)[O-])N)CC1C(C(C(O1)N2C=NC3=C(N=CN=C32)N)O)O
D08997,COC1=C(C=C2C(=C1)C(=NC(=N2)N3CCN(CC3)C(=O)C4COC5=CC=CC=C5O4)N)OC
D08998,C1=CC=C(C=C1)C(COC(=O)N)COC(=O)N
D08999,C1CC(NC1)C(=O)O
D09000,CC(C)(C)NCC(COC1=NSN=C1N2CCOCC2)O
D09001,CCCCCCCCCCCC(CC1C(C(=O)O1)CCCCCC)OC(=O)C(CC(C)C)NC=O
D09002,CCCCN1CC(C(C(C1CO)O)O)O
D09003,CCOC1=C(C=C(C=C1)C=C2C3=CC(=C(C=C3CCN2)OCC)OCC)OCC
D09004,CC(CS)C(=O)N1CCCC1C(=O)O
D09005,C1=CC=NC(=C1)NS(=O)(=O)C2=CC=C(C=C2)N=NC3=CC(=C(C=C3)O)C(=O)O
D09006,CC(=O)OC(CC(=O)[O-])C[N+](C)(C)C
D09007,CC(C)NCC(COC1=CC=C(C=C1)CCOC)O
D09008,C1C(NC2=C(N1)N=C(NC2=O)N)CNC3=CC=C(C=C3)C(=O)NC(CCC(=O)O)C(=O)O
D09009,CC(=O)SC1CC2=CC(=O)CCC2(C3C1C4CCC5(C4(CC3)C)CCC(=O)O5)C
D09010,C(C1C(C(C(C(O1)OC2(C(C(C(O2)COS(=O)(=O)O[Al])OS(=O)(=O)O[Al])OS(=O)(=O)O[Al])COS(=O)(=O)O[Al])OS(=O)(=O)O[Al])OS(=O)(=O)O[Al])OS(=O)(=O)O[Al])OS(=O)(=O)O[Al].O.O.O.O.O.O.O.O.O.O.O.O.O.O.O.O.O.O.O.O.[Al]
D09011,CCCC(=O)OC(COC(=O)CC)COP(=O)(O)OCC(C(=O)O)N
D09012,CCC1NC2=CC(=C(C=C2C(=O)N1)S(=O)(=O)N)Cl
D09013,CN1CCCC1C2=CN=CC=C2
D09014,CC1=CC=CC=C1OC(CCNC)C2=CC=CC=C2
D09015,CCCCC1=C(C2=CC=CC=C2O1)C(=O)C3=CC(=C(C(=C3)I)OCCN(CC)CC)I
D09016,C[N+]1(CCC23C4C(=O)CCC2(C1CC5=C3C(=C(C=C5)O)O4)O)CC6CC6
D09017,CCC(=O)N(C1CCN(CC1)CCC2=CC=CC=C2)C3=CC=CC=C3
D09018,CC1(C(N2C(S1)C(C2=O)NC(=O)C(C3=CC=CC=C3)N)C(=O)O)C
D09019,COC1(C2N(C1=O)C(=C(CS2)COC(=O)N)C(=O)O)NC(=O)CC3=CC=CS3
D09020,CCCCCC(CCC1C(CC2C1CC3=C(C2)C(=CC=C3)OCC(=O)O)O)O
D09021,CC12CCC3C(C1CCC2OC(=O)CCC4=CC=CC=C4)CCC5=CC(=O)CCC35
D09022,C(C(OC(F)F)(F)F)(F)Cl
D09023,CCCCCCCCCC(=O)OC1CCC2C1(CCC3C2CCC4=CC(=O)CCC34)C
D09024,CC(C)[N+]1(C2CCC1CC(C2)OC(=O)C(CO)C3=CC=CC=C3)C
D09025,CCC1CCCC(C(C(=O)C2=CC3C4CC(CC4C=CC3C2CC(=O)O1)OC5C(C(C(C(O5)C)OC)OC)OC)C)OC6CCC(C(O6)C)N(C)C.CCC1CCCC(C(C(=O)C2=CC3C4CC(CC4C(=CC3C2CC(=O)O1)C)OC5C(C(C(C(O5)C)OC)OC)OC)C)OC6CCC(C(O6)C)N(C)C
D09026,CC1=C(C(C(=C(N1)C)C(=O)OCCN(C)CC2=CC=CC=C2)C3=CC(=CC=C3)[N+](=O)[O-])C(=O)OC
D09027,CCC(C(C1=C2C=CC(=O)NC2=C(C=C1)O)O)NC(C)C
D09028,CCCC(=O)OC(COC(=O)CC)COP(=O)(O)OCC(C(=O)O)N
D09029,CC1C(=O)NC(C(=O)NC(=CNC(=O)N)C(=O)NC(C(=O)NCC(C(=O)N1)N)C2CCNC(=N2)N)CNC(=O)CC(CCCN)N.C1CNC(=NC1C2C(=O)NCC(C(=O)NC(C(=O)NC(C(=O)NC(=CNC(=O)N)C(=O)N2)CNC(=O)CC(CCCN)N)CO)N)N
D09030,CC(CN1C2=CC=CC=C2SC3=C1C=C(C=C3)OC)CN(C)C
D09031,CCCNCC(COC1=CC=CC=C1C(=O)CCC2=CC=CC=C2)O
D09032,CCC1=NN(C(=O)N1CCOC2=CC=CC=C2)CCCN3CCN(CC3)C4=CC(=CC=C4)Cl
D09033,C1=CC=C2C(=C1)C(=CN2)CC(C(=O)O)N
D09034,CON=C(C1=CSC(=N1)N)C(=O)NC2C3N(C2=O)C(=CCS3)C(=O)O
D09035,CC1=C2CCC(=O)N(C2=NC(=N1)C)CC3=CC=C(C=C3)C4=CC=CC=C4C5=NNN=N5
D09036,CN1CC2C(C1)C3=C(C=CC(=C3)Cl)OC4=CC=CC=C24.C(=CC(=O)O)C(=O)O
D09037,C1COC(=O)N1N=CC2=CC=C(O2)[N+](=O)[O-]
D09038,CCN1CCN(C(=O)C1=O)C(=O)NC(C2=CC=C(C=C2)O)C(=O)NC3C4N(C3=O)C(=C(CS4)CSC5=NN=NN5C)C(=O)O
D09039,CCOC(=O)C1=CN=C(C=C1)C#CC2=CC3=C(C=C2)SCCC3(C)C
D09040,CN1CC2C(C1)C3=C(C=CC(=C3)Cl)OC4=CC=CC=C24.C(=CC(=O)O)C(=O)O
D09041,C1=CC(=CC=C1N)S(=O)(=O)NC2=NC=CS2
D09042,C1=CC=C(C=C1)CC(C(=O)O)N
D09043,CC(C)(C)OC(=O)NCCC(=O)NC(CC1=CNC2=CC=CC=C21)C(=O)NC(CCSC)C(=O)NC(CC(=O)O)C(=O)NC(CC3=CC=CC=C3)C(=O)N
D09044,CCC1=C2C(=CC=C1)C3=C(N2)C(OCC3)(CC)CC(=O)O
D09045,C1C(C(OC1N2C=C(C(=O)NC2=O)I)CO)O
D09046,COC1=C(C=C(C=C1)CC2=NC=CC3=CC(=C(C=C32)OC)OC)OC
D09047,C(=O)(N)NO
D09048,C1=CC(=C(C=C1C(CN)O)O)O
D09049,CC(C)(C)NCC(C1=NC(=C(C=C1)O)CO)O
D09050,C1=CC=C(C=C1)CC2NC3=C(C=C(C(=C3)C(F)(F)F)S(=O)(=O)N)S(=O)(=O)N2
D09051,C1C2=CC=CC=C2N(C3=CC=CC=C3C1=O)C(=O)N
D09052,CNC1(CCCCC1=O)C2=CC=CC=C2Cl
D09053,CC(=O)OC1CC2CCC3C(C2(CC1[N+]4(CCCCC4)C)C)CCC5(C3CC(C5OC(=O)C)[N+]6(CCCCC6)C)C
D09054,C1=NC(=C2C(=N1)N(C=N2)C3C(C(C(O3)COP(=O)(O)OP(=O)(O)OP(=O)(O)O)O)O)N
D09055,CN1CCN(CC1)C2=NC3=C(C=CC(=C3)Cl)NC4=CC=CC=C42
D09056,COC(C(Cl)Cl)(F)F
D09057,CC1=C(C(=O)N2CCCCC2=N1)CCN3CCC(CC3)C4=NOC5=C4C=CC(=C5)F
D09058,CC1=CC(=O)N2CC(=O)N(C3=C(C2(O1)C4=CC=CC=C4)C=C(C=C3)Cl)C
D09059,C1CCC(CC1)NC(=O)N(CCCl)N=O
D09060,C1=C(C=C(C(=C1I)OC2=CC(=C(C(=C2)I)O)I)I)CC(C(=O)O)N
D09061,CC(C)C1=C(C=C2C(=C1)CCC3C2(CCCC3(C)C(=O)O)C)S(=O)(=O)O
D09062,CN(C)C(=N)N=C(N)N
D09063,CN1C2=C(C=C(C=C2)Cl)C(=NC(C1=O)OC(=O)N(C)C)C3=CC=CC=C3
D09064,CN1CCN(CC1)C2=NC3=C(C=CC(=C3)Cl)NC4=CC=CC=C42
D09065,CC1=C(C=CC=C1O)C(=O)NC(CSC2=CC=CC=C2)C(CN3CC4CCCCC4CC3C(=O)NC(C)(C)C)O
D09066,CC1(C(NC(S1)C(C(=O)NCCCCC(C(=O)O)N)NC(=O)CC2=CC=CC=C2)C(=O)O)C.C(CCN)CC(C(=O)O)N
D09067,CC1CCC2CC(C(=CC=CC=CC(CC(C(=O)C(C(C(=CC(C(=O)CC(OC(=O)C3CCCCN3C(=O)C(=O)C1(O2)O)C(C)CC4CCC(C(C4)OC)OCCO)C)C)O)OC)C)C)C)OC
D09068,CN1C(=O)CN=C(C2=C1C=CC(=C2)Cl)C3=CC=CC=C3F
D09069,CC12CCC3C(C1CCC2(C)O)CCC4C3(CC5=C(C4)NN=C5)C
D09070,CC1=CC2=C(S1)NC3=CC=CC=C3N=C2N4CCN(CC4)C
D09071,C(C(C(CO[N+](=O)[O-])O[N+](=O)[O-])O[N+](=O)[O-])O[N+](=O)[O-]
D09072,CN(C)C(=O)OC1=CC=CC(=C1)[N+](C)(C)C
D09073,CC=CCC=CCCC(=O)C1C(O1)C(=O)N
D09074,CC(C)CN1C=NC2=C1C3=CC=CC=C3N=C2N
D09075,C[N+](C)(C)CCO
D09076,CN1C(=O)CN=C(C2=C1C=CC(=C2)Cl)C3=CC=CC=C3F
D09077,CCC(C)C1C(=O)NC(C(=O)NC(C(=O)NC(CSCCCC(=O)NC(C(=O)N1)CC2=CC=C(C=C2)OC)C(=O)N3CCCC3C(=O)NC(CC(C)C)C(=O)NCC(=O)N)CC(=O)N)CCC(=O)N
D09078,CC1=C(C(=O)N2CCCC(C2=N1)O)CCN3CCC(CC3)C4=NOC5=C4C=CC(=C5)F
D09079,C1CC(C1)(C(=O)O)C(=O)O.N.N.[Pt+2]
D09080,C(C(C(=O)O)N)S
D09081,C1C2C(C2N)CN1C3=C(C=C4C(=O)C(=CN(C4=N3)C5=C(C=C(C=C5)F)F)C(=O)O)F
D09082,CCC1C(COC1=O)CC2=CN=CN2C
D09083,CN1CCC23C4C(=O)CCC2(C1CC5=C3C(=C(C=C5)OC)O4)O
D09084,C1=CC=C(C=C1)CCNN
D09085,CN(C)CCN(CC1=CC=C(C=C1)OC)C2=CC=CC=N2
D09086,CC(C)C1=C(C(=C(N1CCC(CC(CC(=O)O)O)O)C2=CC=C(C=C2)F)C3=CC=CC=C3)C(=O)NC4=CC=CC=C4
D09087,CC(C1=NCCN1)OC2=C(C=CC=C2Cl)Cl
D09088,CNCC(C1=CC(=CC=C1)O)O
D09089,CC(CN1C2=CC=CC=C2SC3=C1C=C(C=C3)C#N)CN(C)C
D09090,CC(=O)CCC1=CC2=C(C=C1)C=C(C=C2)OC
D09091,CCCCCC1=CC(=C2C3C=C(CCC3C(OC2=C1)(C)C)C)O
D09092,C1=CC(=CC=C1C(=O)NCCC(=O)O)N=NC2=CC(=C(C=C2)O)C(=O)O
D09093,CCN1C(=O)C(NC1=O)C2=CC=CC=C2
D09094,CCN(CC)C(=O)NC1CN(C2CC3=CNC4=CC=CC(=C34)C2=C1)C
D09095,CC1=CN=C(C(=C1OC)C)CS(=O)C2=NC3=C(N2)C=C(C=C3)OC
D09096,CC=CC1=C(N2C(C(C2=O)NC(=O)C(C3=CC=C(C=C3)O)N)SC1)C(=O)O
D09097,C1=CC(=CC=C1OCC(CO)O)Cl
D09098,C1=CC2=C(C=C1OC(F)(F)F)SC(=N2)N
D09099,C(C(=O)O)N
D09100,CCC(C)C1(C(=O)NC(=O)NC1=O)CC=C
D09101,C1C2CC3CC(CC1N3CC2=O)OC(=O)C4=CNC5=CC=CC=C54
D09102,CC(C)(C)C1=NC(=C(S1)C2=NC(=NC=C2)N)C3=C(C(=CC=C3)NS(=O)(=O)C4=C(C=CC=C4F)F)F
D09103,C1CNCC(C1C2=CC=C(C=C2)F)COC3=CC4=C(C=C3)OCO4
D09104,CCOC(=O)C1=CN=CN1C(C)C2=CC=CC=C2
D09105,CN1CCC2=C(C1)C(C3=CC=CC=C23)C4=CC=CC=C4
D09106,CN(C)CC1=NN=C2N1C3=C(C=C(C=C3)Cl)C(=NC2)C4=CC=CC=C4
D09107,CC(C)C1C(=O)NC(CSSCC(C(=O)NC(C(=O)NC(C(=O)NC(C(=O)N1)CCCCN)CC2=CNC3=CC=CC=C32)CC4=CC=C(C=C4)O)NC(=O)C(CC5=CC=CC=C5)N)C(=O)NC(CC6=CNC7=CC=CC=C76)C(=O)N
D09108,CN1CCCC(C1)CC2C3=CC=CC=C3SC4=CC=CC=C24
D09109,C1CC(N(C1)C(=O)CNC23CC4CC(C2)CC(C4)(C3)O)C#N
D09110,CN(C)CCCN1C2=CC=CC=C2SC3=C1C=C(C=C3)Cl
D09111,CCCCC(C)(CC=CC1C(CC(=O)C1CCCCCCC(=O)OC)O)O
D09112,CCCC(C)(COC(=O)N)COC(=O)N
D09113,CC(C)CC(C(=O)O)N
D09114,CC#CCC(C)C(C=CC1C(CC2C1CC(=CCCCC(=O)O)C2)O)O
D09115,CC1=C(C=CN=C1CS(=O)C2=NC3=CC=CC=C3N2)OCCCOC
D09116,CC1C(=O)NC2CSSCC3C(=O)NC(C(=O)NC(C(=O)NC(CSSCC(NC(=O)CNC(=O)C(NC2=O)C(C)O)C(=O)NC(CC4=CC=C(C=C4)O)C(=O)O)C(=O)NC(CSSCC(C(=O)N3)N)C(=O)NC(C(=O)N5CCCC5C(=O)N1)CC(=O)N)CC6=CC=C(C=C6)O)CCC(=O)O
D09117,C1=CC(=CC=C1C(C(CO)NC(=O)C(Cl)Cl)O)[N+](=O)[O-]
D09118,CCOC(=O)C1=CN=CN1C(C)C2=CC=CC=C2
D09119,CCCC(=O)OC1(CCC2C1(CC(C3(C2CC(C4=CC(=O)C=CC43C)F)F)O)C)C(=O)COC(=O)C
D09120,CN1C(=C(C2=CC=CC=C2S1(=O)=O)O)C(=O)NC3=CC=CC=N3
D09121,CCC1(CCC(=O)NC1=O)C2=CC=CC=C2
D09122,C(CC(O)(P(=O)(O)O)P(=O)(O)O)CN
D09123,CC1=C2COC(=O)C2=C(C(=C1OC)CC=C(C)CCC(=O)O)O
D09124,COC(=O)NC1=NC2=C(N1)C=C(C=C2)C(=O)C3=CC=CC=C3
D09125,C1=CC(=CC=C1SC(P(=O)(O)O)P(=O)(O)O)Cl
D09126,CCO
D09127,CCC1(C(=O)NC(=O)NC1=O)C2=CC=CC=C2.COC1=CC2=C(C=CN=C2C=C1)C(C3CC4CCN3CC4C=C)O
D09128,COC1=C(C=C2C(=C1)C(=NC(=N2)N3CCN(CC3)C(=O)C4=CC=CO4)N)OC
D09129,CC(=O)N(CC(CO)O)C1=C(C(=C(C(=C1I)C(=O)NCC(CO)O)I)C(=O)NCC(CO)O)I
D09130,CC(C)CC1(C(=O)NC(=O)NC1=O)CC=C
D09131,CNC(=C[N+](=O)[O-])NCCSCC1=CC=C(O1)CN(C)C
D09132,C1C(NC2=C(N1)N=C(NC2=O)N)CNC3=CC=C(C=C3)C(=O)NC(CCC(=O)O)C(=O)O
D09133,CC1OCC2C(O1)C(C(C(O2)OC3C4COC(=O)C4C(C5=CC6=C(C=C35)OCO6)C7=CC(=C(C(=C7)OC)O)OC)O)O
D09134,C(CC(C(=O)O)N)CN
D09135,CN1CCC2=CC(=C3C=C2C1CC4=CC=C(C=C4)OC5=C6C(CC7=CC(=C(C=C7)O)O3)[N+](CCC6=CC(=C5O)OC)(C)C)OC
D09136,CC(CN1C2=CC=CC=C2SC3=C1C=C(C=C3)OC)CN(C)C
D09137,CC1C2C(C(=O)N2C(=C1SC3CC(NC3)C(=O)NC4=CC=CC(=C4)C(=O)O)C(=O)O)C(C)O
D09138,CCC12CC(=C)C3C(C1CCC2(C#C)O)CCC4=CCCCC34
D09139,C1=CC=C(C=C1)CCNN
D09140,C1CCN(CC1)C2=NC(=NC3=C2N=C(N=C3N4CCCCC4)N(CCO)CCO)N(CCO)CCO
D09141,CCC(=O)NCCC1CCC2=C1C3=C(C=C2)OCC3
D09142,CC1(C(N2C(S1)C(C2=O)NC(=O)C3(CCCCC3)N)C(=O)O)C
D09143,CC(=O)CC(C1=CC=C(C=C1)[N+](=O)[O-])C2=C(C3=CC=CC=C3OC2=O)O
D09144,CCC1(C(=O)NC(=O)NC1=O)C2=CC=CC=C2
D09145,C=CCN.C1C(O1)CCl
D09146,CC(C)CC1C(=O)N2CCCC2C3(N1C(=O)C(O3)(C(C)C)NC(=O)C4CN(C5CC6=C(NC7=CC=CC(=C67)C5=C4)Br)C)O
D09147,COC(=O)NC1=NC2=C(N1)C=C(C=C2)C(=O)C3=CC=CC=C3
D09148,COC1=C(C=C2C(=C1)N=CN=C2NC3=CC(=C(C=C3)F)Cl)OCCCN4CCOCC4
D09149,CC[N+](CC)(CC)CCOC1=C(C(=CC=C1)OCC[N+](CC)(CC)CC)OCC[N+](CC)(CC)CC.[I-].[I-].[I-]
D09150,CN1CCN(CC1)CCCN2C3=CC=CC=C3SC4=C2C=C(C=C4)S(=O)(=O)N(C)C
D09151,C1=CC=C(C=C1)C(CNCCC2=CC=C(C=C2)NC(=O)CC3=CSC(=N3)N)O
D09152,C1CC(NC1)C(=O)O
D09153,CC(=O)C1CCC2C1(CCC3C2C=CC4=CC(=O)CCC34C)C
D09154,CN1CCCN=C1COC(=O)C(C2CCCCC2)(C3=CC=CC=C3)O
D09155,COC(=O)C(CC1=CC=CC=C1)NC(=O)C(CC(=O)O)N
D09156,CCOC1=CC=CC=C1OCCNC(C)CC2=CC(=C(C=C2)OC)S(=O)(=O)N
D09157,C[N+](C)(C)CCOC(=O)CCC(=O)OCC[N+](C)(C)C
D09158,CN(CCC1=CC=C(C=C1)NS(=O)(=O)C)CCOC2=CC=C(C=C2)NS(=O)(=O)C
D09159,CC1CC2C3CC(C4=CC(=O)C=CC4(C3C(CC2(C1(C(=O)CO)O)C)O)C)F
D09160,C(CC(C(=O)O)N)CNC(=O)N
D09161,CC1CC(C2C(CC(C(O2)(C(=O)C(=O)N3CCCCC3C(=O)OC(C(C(CC(=O)C(C=C(C1)C)CC=C)O)C)C(=CC4CCC(C(C4)OC)O)C)O)C)OC)OC
D09162,CCCC1=NN(C2=C1N=C(NC2=O)C3=C(C=CC(=C3)S(=O)(=O)N4CCN(CC4)C)OCC)C
D09163,CC(C)C1=C(C(=CC=C1)C(C)C)O
D09164,CNC(=NC)NCC1=CC=CC=C1
D09165,CC(C)(C)NC(=O)C1CN(CCN1CC(CC(CC2=CC=CC=C2)C(=O)NC3C(CC4=CC=CC=C34)O)O)CC5=CN=CC=C5
D09166,CCN1C=C(C(=O)C2=CC(=C(N=C21)N3CCNCC3)F)C(=O)O
D09167,C1=CC=C(C(=C1)C(=O)O)[O-].C1=CC=C(C(=C1)C(=O)O)[O-].[Mg+2]
D09168,CC1C(C(=O)N1S(=O)(=O)[O-])NC(=O)C(=NOC(C)(C)C(=O)O)C2=CSC(=[NH+]2)N
D09169,C1=CC=C(C(=C1)C2=NC(C(=O)NC3=C2C=C(C=C3)Cl)O)Cl
D09170,CCN1CCN(C(=O)C1=O)C(=O)NC(C2=CC=CC=C2)C(=O)NC3C4N(C3=O)C(C(S4)(C)C)C(=O)O
D09171,CC(C)OC(=O)C(C)NP(=O)(OCC1C(C(C(O1)N2C=CC(=O)NC2=O)(C)F)O)OC3=CC=CC=C3
D09172,CC(=O)SC1CC2=CC(=O)CCC2(C3C1C4CCC5(C4(CC3)C)CCC(=O)O5)C
D09173,CC=C(C1=CC=C(C=C1)O)C(=CC)C2=CC=C(C=C2)O
D09174,CC(C)(C)C1=CC=C(C=C1)S(=O)(=O)NC2=C(C(=NC(=N2)C3=NC=CC=N3)OCCO)OC4=CC=CC=C4OC
D09175,CN(C)C(=O)OC1=CC=CC(=C1)[N+](C)(C)C
D09176,CC1=CC(=CC(=C1CC2=NCCN2)C)C(C)(C)C
D09177,CN(C)CCCN1C2=CC=CC=C2SC3=CC=CC=C31
D09178,CN1C2=C(C=C(C=C2)Cl)C(=NC(C1=O)O)C3=CC=CC=C3
D09179,CC(C)[N+]1(C2CCC1CC(C2)OC(=O)C(CO)C3=CC=CC=C3)C
D09180,CCN(CC1=CC=NC=C1)C(=O)C(CO)C2=CC=CC=C2
D09181,CC1C(C(CC(O1)OC2C(OC(CC2O)OC3C(OC(CC3O)OC4CCC5(C(C4)CCC6C5CCC7(C6(CCC7C8=CC(=O)OC8)O)C)C)C)C)O)O
D09182,CN1C=NC2=C1C(=O)N(C(=O)N2C)C
D09183,CCCCN1CCCCC1C(=O)NC2=C(C=CC=C2C)C
D09184,C[N+]1(CCC(C1)OC(=O)C(C2CCCC2)(C3=CC=CC=C3)O)C
D09185,CN1CCCCC1CCN2C3=CC=CC=C3SC4=C2C=C(C=C4)SC
D09186,C1=CC(=C(C=C1C(CN)O)O)O
D09187,C1CN(CCN1CCCN2C3=CC=CC=C3SC4=C2C=C(C=C4)C(F)(F)F)CCO
D09188,C1CN(CCN1CCC2=C(C=C3C(=C2)CC(=O)N3)Cl)C4=NSC5=CC=CC=C54
D09189,CN(C)CCN(CC1=CC=CC=C1)C2=CC=CC=N2
D09190,C=CCN1CCC23C4C(=O)CCC2(C1CC5=C3C(=C(C=C5)O)O4)O
D09191,COC1=NC(=NC2=C1N=CN2C3C(C(C(O3)CO)O)O)N
D09192,CC(C1=C(C=CC(=C1Cl)F)Cl)OC2=C(N=CC(=C2)C3=CN(N=C3)C4CCNCC4)N
D09193,CC(=O)NC(C=O)C(C(C(CO)O)O)O
D09194,CC(CN1C2=CC=CC=C2CCC3=CC=CC=C31)CN(C)C
D09195,CC(=O)OC1=CC2=C(S1)CCN(C2)C(C3=CC=CC=C3F)C(=O)C4CC4
D09196,C1=NC(=C2C(=N1)N(C=N2)C3C(C(C(O3)CO)O)O)N
D09197,CC1=C(C(=O)C2=C(C1=O)N3CC4C(C3(C2COC(=O)N)OC)N4)N
D09198,CCOC(=O)C1=C(NC(=C(C1C2=CC=CC=C2Cl)C(=O)OC)C)COCCN
D09199,CCC12CC(=C)C3C(C1CCC2(C#C)O)CCC4=CC(=O)CCC34
D09200,CN(C)CCCN1C2=CC=CC=C2SC3=CC=CC=C31
D09201,CC1C(C(CC(O1)OC2C(OC(CC2O)OC3C(OC(CC3O)OC4CCC5(C(C4)CCC6C5CCC7(C6(CCC7C8=CC(=O)OC8)O)C)C)C)C)OC(=O)C)O
D09202,CC1(C(N2C(S1)C(C2=O)NC(=O)COC3=CC=CC=C3)C(=O)O)C
D09203,C(CCN)CC(C(=O)O)N
D09204,CC1C=CC=C(C(=O)N=C2C(=C3C(=C4C2=NC5(N4)CCN(CC5)CC(C)C)C6=C(C(=C3O)C)OC(C6=O)(OC=CC(C(C(C(C(C(C1O)C)O)C)OC(=O)C)C)OC)C)O)C
D09205,CCN1C=C(C(=O)C2=C1N=C(C=C2)C)C(=O)O
D09206,CN1C2=C(C=C(C=C2)Cl)C(=NC(C1=O)O)C3=CC=CC=C3
D09207,C1CC(CCC1CN)C(=O)O
D09208,COC1=C(C=C(C=C1)C2=CC3=C(C=C2)C=C(C=C3)C(=O)O)C45CC6CC(C4)CC(C6)C5
D09209,CCC(C(CC(C)N(C)C)(C1=CC=CC=C1)C2=CC=CC=C2)OC(=O)C
D09210,CC1=CC2=C(S1)NC3=CC=CC=C3N=C2N4CCN(CC4)C
D09211,CC(C)CC(CC(=O)O)CN
D09212,CCCCC1C(=O)N(N(C1=O)C2=CC=CC=C2)C3=CC=CC=C3
D09213,C1=CC(=CC=C1C(=O)NCC(=O)O)N
D09214,C1=CC=C(C=C1)CSCC2=NS(=O)(=O)C3=CC(=C(C=C3N2)Cl)S(=O)(=O)N
D09215,CN1CCCC1CC2=CNC3=C2C=C(C=C3)CCS(=O)(=O)C4=CC=CC=C4
D09216,CC1=C(C=C(C=C1)NC(=O)C2=CC=C(C=C2)CN3CCN(CC3)C)NC4=NC=CC(=N4)C5=CN=CC=C5
D09217,C1=C(C(=O)NC(=O)N1)F
D09218,CC1=NS(=O)(=O)C2=C(N1)C=CC(=C2)Cl
D09219,C1=CC(=CC=C1CCC2=CNC3=C2C(=O)NC(=N3)N)C(=O)NC(CCC(=O)O)C(=O)O
D09220,CC1=CC(=NN=C1NCCN2CCOCC2)C3=CC=CC=C3
D09221,CCC(C(=O)N)N1CCCC1=O
D09222,CCN(CC)CCOC(=O)C1=CC=C(C=C1)N
D09223,CC(C)(C(=O)O)ON=C(C1=CSC(=N1)N)C(=O)NC2C3N(C2=O)C(=C(CS3)C[N+]4=CC=CC=C4)C(=O)[O-]
D09224,CC1=C(C(=CC=C1)Cl)NC(=O)C2=CN=C(S2)NC3=CC(=NC(=N3)C)N4CCN(CC4)CCO
D09225,CCOP(=O)(OCC)SCC[N+](C)(C)C
D09226,CC(C)C1=C(C(=CC=C1)C(C)C)O
D09227,C1CCCC(CC1)NC(P(=O)(O)O)P(=O)(O)O
D09228,CC(CC1=CC=C(C=C1)O)NCC(C2=CC(=CC(=C2)O)O)O
D09229,CN1CCC23C4C(=O)CCC2(C1CC5=C3C(=C(C=C5)OC)O4)O
D09230,CCC(C)C1(C(=O)NC(=O)NC1=O)CC
D09231,C1CCC(CC1)N2C(=NN=N2)CCCCOC3=CC4=C(C=C3)NC(=O)CC4
D09232,C(C(C(=O)O)N)C(=O)O
D09233,CC1CC2C3CCC(C3(CC(C2C4(C1=CC(=O)C=C4)C)O)C)(C(=O)CO)O
D09234,CC(C)COCC(CN(CC1=CC=CC=C1)C2=CC=CC=C2)N3CCCC3
D09235,CCOC(=O)C1=C(NC(=C(C1C2=CC(=CC=C2)[N+](=O)[O-])C(=O)OC)C)C
D09236,CCN(CC)CCNC(=O)C1=C(NC(=C1C)C=C2C3=C(C=CC(=C3)F)NC2=O)C
D09237,COC1=CC2=C(C=C1C(=O)NCC3CCCN3CC=C)NN=N2
D09238,CC(C1=CC(=CC=C1)OC2=CC=CC=C2)C(=O)O
D09239,CCC1C(C(C(C(=NOCOCCOC)C(CC(C(C(C(C(C(=O)O1)C)OC2CC(C(C(O2)C)O)(C)OC)C)OC3C(C(CC(O3)C)N(C)C)O)(C)O)C)C)O)(C)O
D09240,CCN(CC)CC#CCOC(=O)C(C1CCCCC1)(C2=CC=CC=C2)O
D09241,CCCC1=NN(C2=C1N=C(NC2=O)C3=C(C=CC(=C3)S(=O)(=O)NCCC4CCCN4C)OCCC)C
D09242,C1CN(CCN1CCC2=C(C=C3C(=C2)CC(=O)N3)Cl)C4=NSC5=CC=CC=C54
D09243,CCCCCCC(C)(C)C1=CC(=C2C3CC(=O)CCC3C(OC2=C1)(C)C)O
D09244,CC(C(C1=CC=CC=C1)O)NC
D09245,C1CCN(CC1)C2=NC(=N)N(C(=C2)N)O
D09246,C1=NC(=C2C(=N1)N(C=N2)C3C(C(C(O3)COP(=O)(O)OP(=O)(O)OP(=O)(O)O)O)O)N
D09247,C1=CC(=CC=C1C(=N)N)OCCCCCOC2=CC=C(C=C2)C(=N)N
D09248,CCC1=CC2=C(S1)N(C(=O)CN=C2C3=CC=CC=C3Cl)C
D09249,C1=CC=C(C(=C1)C(C2=CC=C(C=C2)Cl)C(Cl)Cl)Cl
D09250,CN(C)CC1=NN=C2N1C3=C(C=C(C=C3)Cl)C(=NC2)C4=CC=CC=C4
D09251,N.N.Cl[Pt+2]Cl
D09252,CN1C=NC2=C1C(=O)NC(=O)N2C
D09253,CC1=C(C(C(=C(N1)C)C(=O)OC(C)(C)CN(C)CCC(C2=CC=CC=C2)C3=CC=CC=C3)C4=CC(=CC=C4)[N+](=O)[O-])C(=O)OC
D09254,COC1=CC(=CC(=C1OC)OC)CC2=CN=C(N=C2N)N
D09255,CC(C[N+](C)(C)C)OC(=O)N
D09256,CC1=C(C(CCC1)(C)C)C=CC(=CC=CC(=CC(=O)O)C)C
D09257,CC1=CC(=NN=C1NCCN2CCOCC2)C3=CC=CC=C3
D09258,CC1=C(C2=C(CCC(O2)(C)CCCC(C)CCCC(C)CCCC(C)C)C(=C1O)C)C
D09259,C1C(C(OC1N2C=C(C(=O)NC2=O)F)CO)O
D09260,CC1=CC2=C(C=C1C)N(C3=NC(=O)NC(=O)C3=N2)CC(C(C(COP(=O)(O)OP(=O)(O)OCC4C(C(C(O4)N5C=NC6=C(N=CN=C65)N)O)O)O)O)O
D09261,CN1CCC(=C2C3=CC=CC=C3CCN4C2=NC=C4C=O)CC1
D09262,CC(C)(C1=CN=CC=C1)C(=O)C2=CN=CC=C2
D09263,C1CNC(=NC1C2C(=O)NCC(C(=O)NC(C(=O)NC(C(=O)NC(=CNC(=O)N)C(=O)N2)CO)CO)NC(=O)CC(C(CCN)O)N)N
D09264,CCCSC1=NC(=C2C(=N1)N(N=N2)C3CC(C(C3O)O)OCCO)NC4CC4C5=CC(=C(C=C5)F)F
D09265,CN(C)CCC=C1C2=CC=CC=C2COC3=C1C=C(C=C3)CC(=O)O
D09266,COC(C(Cl)Cl)(F)F
D09267,CC(=O)NC1=CC=C(C=C1)O
D09268,CC1=C(C(CCC1)(C)C)C=CC(=CC=CC(=CC(=O)O)C)C
D09269,CCCC(=O)OC1(CCC2C1(CC(C3(C2CC(C4=CC(=O)C=CC43C)F)F)O)C)C(=O)COC(=O)C
D09270,C1C2C3=CC=CC=C3CC4=CC=CC=C4N2C(=N1)N
D09271,CC(=O)OC1CCC2C3CCC4(C(C3CCC2=C1)CCC4(C#C)OC(=O)C)C
D09272,CC1=C(C(=NO1)C2=C(C=CC=C2Cl)F)C(=O)NC3C4N(C3=O)C(C(S4)(C)C)C(=O)O
D09273,CCN(CCCC(C)NC1=C2C=CC(=CC2=NC=C1)Cl)CCO
D09274,CN1CCC(=C2C3=CC=CC=C3CCN4C2=NC=C4C=O)CC1
D09275,CCC(CO)NCCNC(CC)CO
D09276,CC1(C(N2C(S1)C(C2=O)NC(=O)COC3=CC=CC=C3)C(=O)O)C
D09277,CN(CC1=C(C=CC=C1Cl)NC(=O)C2=CC=CC=C2)CC(=O)N3CCOCC3
D09278,CN1CCC(=C2C3=C(C(=O)CC4=CC=CC=C42)SC=C3)CC1
D09279,CC(C)NCC(COC1=CC=CC=C1OCC=C)O
D09280,C[N+](C)(C)CCOC(=O)N
D09281,CN(C)CCOC(C1=CC=C(C=C1)Cl)C2=CC=CC=N2
D09282,C1C2C(C(S1)CCCCC(=O)O)NC(=O)N2
D09283,CN1C=NC2=C1C(=O)N(C(=O)N2C)C
D09284,COCCCCC(=NOCCN)C1=CC=C(C=C1)C(F)(F)F
D09285,C1(=C(N=C(C(=N1)Cl)N)N)C(=O)N=C(N)N
D09286,CCC(C(CC(C)N(C)C)(C1=CC=CC=C1)C2=CC=CC=C2)OC(=O)C
D09287,CCCC1=C2C(=CC3=C1OC(=CC3=O)C(=O)O)C(=O)C=C(N2CC)C(=O)O
D09288,CC1=NC=C(C(=C1O)CO)CO
D09289,COC1=C(C=C(C=C1)C2CC(=O)C3=C(C=C(C=C3O2)O)O)O
D09290,CCCC(C(=O)OCC)NC(C)C(=O)N1C2CCCCC2CC1C(=O)O
D09291,CN(C)CCCC1(C2=C(CO1)C=C(C=C2)C#N)C3=CC=C(C=C3)F
D09292,C1CN(CCC1NC(=O)C2=CC=CC=C2C3=CC=C(C=C3)C(F)(F)F)CCCCC4(C5=CC=CC=C5C6=CC=CC=C64)C(=O)NCC(F)(F)F
D09293,C(CC(=O)NC(CS)C(=O)NCC(=O)O)C(C(=O)O)N
D09294,CC1=CC2C(CCC3(C2CCC3(C(=O)C)OC(=O)C)C)C4(C1=CC(=O)CC4)C
D09295,CN1CCN2C(C1)C3=CC=CC=C3CC4=C2N=CC=C4
D09296,CN(C)C(=O)C(CCN1CCC(CC1)(C2=CC=C(C=C2)Cl)O)(C3=CC=CC=C3)C4=CC=CC=C4
D09297,CCNC1CC(C(C(C1OC2C(C(C(CO2)(C)O)NC)O)O)OC3C(CC=C(O3)CN)N)N
D09298,CC(CCC=C(C)C)NC
D09299,CN1CCC23C=CC(CC2OC4=C(C=CC(=C34)C1)OC)O
D09300,CCC1C(=NN=C(C2=CC(=C(C=C12)OC)OC)C3=CC(=C(C=C3)OC)OC)C
D09301,CC(C)CC1C(=O)N2CCCC2C3(N1C(=O)C(O3)(C(C)C)NC(=O)C4CN(C5CC6=C(NC7=CC=CC(=C67)C5=C4)Br)C)O
D09302,C1=CC=C(C(=C1)C2=NN(C(=N2)C3=CC=CC=C3O)C4=CC=C(C=C4)C(=O)O)O
D09303,CC1=NN=C2N1C3=C(C=C(C=C3)Cl)C(=NC2)C4=CC=CC=C4
D09304,CC(CS)C(=O)N1CCCC1C(=O)O
D09305,CC(C)(C)NCC(COC1=CC=CC=C1C2CCCC2)O
D09306,CC12CCC3C(=CCC4=C3C=CC(=C4)O)C1CCC2=O
D09307,COC1=C(C=C2C(=C1)C(=NC(=N2)N3CCN(CC3)C(=O)C4CCCO4)N)OC
D09308,CN(C)CCC1=CNC2=C1C=C(C=C2)CC3COC(=O)N3
D09309,CN(C)N=NC1=C(NC=N1)C(=O)N
D09310,COC(=O)NC1=NC2=C(N1)C=C(C=C2)C(=O)C3=CC=C(C=C3)F
D09311,CC(C)(CC1=CC=CC=C1)NC
D09312,C1=CC=C2C(=C1)C=NN=C2NN
D09313,CC(CCC1=CC=CC=C1)NCC(C2=CC(=C(C=C2)O)C(=O)N)O
D09314,C[N+](C)(C)CCO
D09315,CCC(C)C1C(=O)NC(C(=O)NC(C(=O)NC(CSCCCC(=O)NC(C(=O)N1)CC2=CC=C(C=C2)OC)C(=O)N3CCCC3C(=O)NC(CC(C)C)C(=O)NCC(=O)N)CC(=O)N)CCC(=O)N
D09316,CC=CC1=C(N2C(C(C2=O)NC(=O)C(C3=CC=C(C=C3)O)N)SC1)C(=O)O
D09317,C1=CC(=C(C(=C1)C(=O)C2=CC=C(C=C2)Br)N)CC(=O)O
D09318,CC(C)C1=NN2C=CC=CC2=C1C(=O)C(C)C
D09319,CC1C2CC3=C(C1(CCN2CC=C(C)C)C)C=C(C=C3)O
D09320,CC(C1=CC=CC2=CC=CC=C21)NCCCC3=CC(=CC=C3)C(F)(F)F
D09321,CC(COC1=CC=CC=C1)NC(C)C(C2=CC=C(C=C2)O)O
D09322,CN1C(=O)CC(=O)N(C2=C1C=CC(=C2)Cl)C3=CC=CC=C3
D09323,CC1(C(N2C(S1)C(C2=O)NC(=O)C(C3=CC=C(C=C3)O)N)C(=O)O)C
D09324,C1=CN=CC=C1N
D09325,COC(=O)C1C(CCC2C1CC3C4=C(CCN3C2)C5=CC=CC=C5N4)O
D09326,CC(C)(C)NCC(COC1=CC=CC=C1C2CCCC2)O
D09327,CC1C(C(CC(O1)OC2C(C(C(OC2OC3=C4C=C5C=C3OC6=C(C=C(C=C6)C(C(C(=O)NC(C(=O)NC5C(=O)NC7C8=CC(=C(C=C8)O)C9=C(C=C(C=C9O)O)C(NC(=O)C(C(C1=CC(=C(O4)C=C1)Cl)O)NC7=O)C(=O)O)CC(=O)N)NC(=O)C(CC(C)C)NC)O)Cl)CO)O)O)(C)N)O
D09328,CN1CCC23C=CC(CC2OC4=C(C=CC(=C34)C1)OC)O
D09329,C1CSSC1CCCCC(=O)O
D09330,C(OC(C(F)(F)F)C(F)(F)F)F
D09331,CC1C(C(C(C(O1)OCC2C(C(C(C(O2)OC3=CC(=C4C(=C3)OC(=CC4=O)C5=CC(=C(C=C5)OC)O)O)O)O)O)O)O)O
D09332,CCCSC1=CC2=C(C=C1)N=C(N2)NC(=O)OC
D09333,CCC(C)CC(C)CCCCCCCCC(=O)NC1CC(C(NC(=O)C2C(CCN2C(=O)C(NC(=O)C(NC(=O)C3CC(CN3C(=O)C(NC1=O)C(C)O)O)C(C(C4=CC=C(C=C4)O)O)O)C(CCN)O)O)NCCN)O
D09334,CCNC1CC(S(=O)(=O)C2=C1C=C(S2)S(=O)(=O)N)C
D09335,CCC(=O)N(C1=CC=CC=C1)C2(CCN(CC2)CCN3C(=O)N(N=N3)CC)COC
D09336,CC1=CC2=C(S1)NC3=CC=CC=C3N=C2N4CCN(CC4)C
D09337,C1=CC(=CC=C1NCS(=O)O)S(=O)(=O)C2=CC=C(C=C2)NCS(=O)O
D09338,C1=CN(C=N1)CC(O)(P(=O)(O)O)P(=O)(O)O
D09339,CCCCCON=O
D09340,CNCCC=C1C2=CC=CC=C2CCC3=CC=CC=C31
D09341,CN(CC1=CN=C2C(=N1)C(=NC(=N2)N)N)C3=CC=C(C=C3)C(=O)NC(CCC(=O)O)C(=O)O
D09342,CCCN1CC(CC2C1CC3=CNC4=CC=CC2=C34)CSC
D09343,CC[N+](C)(C)C1=CC(=CC=C1)O
D09344,CCCC(C)C1(C(=O)NC(=O)NC1=O)CC=C
D09345,CC1=CC(=C(C(=C1C=CC(=CC=CC(=CC(=O)O)C)C)C)C)OC
D09346,C[N+](C)(C)CC(CC(=O)[O-])O
D09347,COCCOC1=C(C=C2C(=C1)C(=NC=N2)NC3=CC=CC(=C3)C#C)OCCOC
D09348,CC(C)(C)NC(=O)C1CC2CCCCC2CN1CC(C(CC3=CC=CC=C3)NC(=O)C(CC(=O)N)NC(=O)C4=NC5=CC=CC=C5C=C4)O
D09349,CCCCC1=C(C2=C(O1)C=CC(=C2)NS(=O)(=O)C)C(=O)C3=CC=C(C=C3)OCCCN(CCCC)CCCC
D09350,CCC(=O)N(C1CCN(CC1)CCC2=CC=CC=C2)C3=CC=CC=C3
D09351,CCOC(=O)NC1=C(C=C(C=C1)NCC2=CC=C(C=C2)F)N
D09352,C1=CC=C(C=C1)CCN=C(N)N=C(N)N
D09353,CC1=CC2=C(S1)NC3=CC=CC=C3N=C2N4CCN(CC4)C
D09354,CCN(CC)C(C)C(=O)C1=CC=CC=C1
D09355,CC1=CC2=C(C=C1C)N(C3=NC(=O)NC(=O)C3=N2)CC(C(C(COP(=O)(O)OP(=O)(O)OCC4C(C(C(O4)N5C=NC6=C(N=CN=C65)N)O)O)O)O)O
D09356,CC(CC1C2=CC=CC=C2CCC3=CC=CC=C13)CN(C)C
D09357,C=CCN1CCC23CCCCC2C1CC4=C3C=C(C=C4)O
D09358,CC1=C(N2C(C(C2=O)NC(=O)C(C3=CC=CC=C3)N)SC1)C(=O)O
D09359,CC12CCC(=O)C=C1C3CC3C4C2CCC5(C4C6CC6C57CCC(=O)O7)C
D09360,COC1=C(C=C(C=C1)Cl)C(=O)NCCC2=CC=C(C=C2)S(=O)(=O)NC(=O)NC3CCCCC3
D09361,CCCCCCCCCCNCCNC1(CC(OC(C1O)C)OC2C(C(C(OC2OC3=C4C=C5C=C3OC6=C(C=C(C=C6)C(C(C(=O)NC(C(=O)NC5C(=O)NC7C8=CC(=C(C=C8)O)C9=C(C(=C(C=C9C(NC(=O)C(C(C1=CC(=C(O4)C=C1)Cl)O)NC7=O)C(=O)O)O)CNCP(=O)(O)O)O)CC(=O)N)NC(=O)C(CC(C)C)NC)O)Cl)CO)O)O)C
D09362,CN1C=NC2=C1C(=O)N(C(=O)N2C)C
D09363,CC(C1=CC(=CC=C1)OC2=CC=CC=C2)C(=O)O
D09364,CCC(=O)C1(CCN(CC1)C)C2=CC(=CC=C2)O
D09365,CC1CC2(C(CCC3C2CCC4(C3CCC4O)C)CC1=O)C
D09366,CC(=O)CCCCN1C(=O)C2=C(N=CN2C)N(C1=O)C
D09367,C[N+](C)(C)CCCCCCCCCC[N+](C)(C)C
D09368,CC12CCC3C(C1CCC2C(=O)NC(C)(C)C)CCC4C3(C=CC(=O)N4)C
D09369,CC(CC1=CC=C(C=C1)OC)NCC(C2=CC(=C(C=C2)O)NC=O)O
D09370,C1CN2C(=N1)C3=CC=CC=C3C2(C4=CC=C(C=C4)Cl)O
D09371,CC1CCC2CC(C(=CC=CC=CC(CC(C(=O)C(C(C(=CC(C(=O)CC(OC(=O)C3CCCCN3C(=O)C(=O)C1(O2)O)C(C)CC4CCC(C(C4)OC)OC(=O)C(C)(CO)CO)C)C)O)OC)C)C)C)OC
D09372,CC(=O)NC1CCC2=CC(=C(C(=C2C3=CC=C(C(=O)C=C13)OC)OC)OC)OC
D09373,CC1=C(C(=NO1)C2=C(C=CC=C2Cl)F)C(=O)NC3C4N(C3=O)C(C(S4)(C)C)C(=O)O
D09374,CC1CC2C3CCC4=CC(=O)C=CC4(C3(C(CC2(C1(C(=O)CCl)O)C)O)Cl)C
D09375,CCCNC(=O)NS(=O)(=O)C1=CC=C(C=C1)Cl
D09376,CCN(CC)C(=O)NC1CN(C2CC3=CNC4=CC=CC(=C34)C2=C1)C
D09377,CC1=C(C(=NO1)C2=C(C=CC=C2Cl)Cl)C(=O)NC3C4N(C3=O)C(C(S4)(C)C)C(=O)O
D09378,C1=CC=C(C=C1)C2=CC=C(C=C2)C(C3=CC=CC=C3)N4C=CN=C4
D09379,C1C(C(OC1N2C=C(C(=O)NC2=O)C(F)(F)F)CO)O
D09380,COC1C(CC2CN3CCC4=C(C3CC2C1C(=O)OC)NC5=C4C=CC(=C5)OC)OC(=O)C6=CC(=C(C(=C6)OC)OC)OC
D09381,C1=NC(=C2C(=N1)N(C=N2)C3C(C(C(O3)CO)O)O)N
D09382,C(CC(=O)NC(CS)C(=O)NCC(=O)O)C(C(=O)O)N
D09383,CC(C)C(=O)OC1=C(C=C(C=C1)CO)C(CCN(C(C)C)C(C)C)C2=CC=CC=C2
D09384,C1=CC(=C(C=C1N)C(=O)O)O
D09385,CC(=O)OC1=CC=C(C=C1)C(C2=CC=C(C=C2)OC(=O)C)C3=CC=CC=N3
D09386,CN(CCC1=CC=C(C=C1)NS(=O)(=O)C)CCOC2=CC=C(C=C2)NS(=O)(=O)C
D09387,CC1=CC(=NO1)C(=O)NCCC2=CC=C(C=C2)S(=O)(=O)NC(=O)NN3CCCCCC3
D09388,CC1=C(C(C(=C(N1)C)C(=O)OC)C2=CC=CC=C2[N+](=O)[O-])C(=O)OC
D09389,CCC1C(C2C(C(C(CC(C(C(C(C(C(=O)O1)C)OC3CC(C(C(O3)C)O)(C)OC)C)OC4C(C(CC(O4)C)N(C)C)O)(C)O)C)NC(O2)COCCOC)C)(C)O
D09390,CC1=NN=C(S1)SCC2=C(N3C(C(C3=O)NC(=O)CN4C=NN=N4)SC2)C(=O)O
D09391,CC1C(C(CC(O1)OC2CCC3(C(C2)CCC4C3CC(C5(C4(CCC5C6=CC(=O)OC6)O)C)O)C)O)OC7CC(C(C(O7)C)OC8CC(C(C(O8)C)OC9C(C(C(C(O9)CO)O)O)O)O)O
D09392,C1=NC(=C2C(=N1)N(C=N2)C3C(C(C(O3)CO)O)O)N
D09393,CCN(CC)CCNC1=C2C(=C(C=C1)C)SC3=CC=CC=C3C2=O
D09394,CC1=C(C=NO1)C(=O)NC2=CC=C(C=C2)C(F)(F)F
D09395,CN1C(NC2=CC(=C(C=C2S1(=O)=O)S(=O)(=O)N)Cl)CCl
D09396,CCCNCC(COC1=CC=CC=C1C(=O)CCC2=CC=CC=C2)O
D09397,CC(C)CC(C(=O)NC(CCCN=C(N)N)C(=O)N1CCCC1C(=O)NNC(=O)N)NC(=O)C(COC(C)(C)C)NC(=O)C(CC2=CC=C(C=C2)O)NC(=O)C(CO)NC(=O)C(CC3=CNC4=CC=CC=C43)NC(=O)C(CC5=CN=CN5)NC(=O)C6CCC(=O)N6
D09398,CC1=CC(=CC(=C1CC2=NCCN2)C)C(C)(C)C
D09399,CCC1(C(=O)NC(=O)N(C1=O)C)C2=CC=CC=C2
D09400,COC1=C(C=C2C(=C1)C(=NC(=N2)N3CCN(CC3)C(=O)C4=CC=CO4)N)OC
D09401,CC(C)CC(CC(=O)O)CN
D09402,CC(C(=O)O)N
D09403,C1CNCC(C1C2=CC=C(C=C2)F)COC3=CC4=C(C=C3)OCO4
D09404,C1CC(CCC1C2=CC=C(C=C2)Cl)C3=C(C4=CC=CC=C4C(=O)C3=O)O
D09405,CC1=CC(=CC=C1)N(C)C(=S)OC2=CC3=CC=CC=C3C=C2
D09406,C1C(C(C(C(C1(CO)O)O)O)O)NC(CO)CO
D09407,C1=NC(=C2C(=N1)N(C=N2)C3C(C(C(O3)COP(=O)(O)OP(=O)(O)OP(=O)(O)O)O)O)N
D09408,CCC1(C(=O)N(C(=O)O1)C)C
D09409,CC1=CC(=O)C(=CN1)C(=O)NC(C2=CC=C(C=C2)O)C(=O)NC3C4N(C3=O)C(=C(CS4)CSC5=NN=NN5C)C(=O)O
D09410,C1CC1COC2=C(C=CC(=C2)C(=O)NC3=C(C=NC=C3Cl)Cl)OC(F)F
D09411,CN(C)CCC=C1C2=CC=CC=C2CCC3=CC=CC=C31
D09412,CCC(C)C(C(=O)O)N
D09413,CNC1CCC2=C(C1)C3=C(N2)C=CC(=C3)C(=O)N
D09414,CC1C(C(CC(O1)OC2CC(CC3=C2C(=C4C(=C3O)C(=O)C5=C(C4=O)C(=CC=C5)OC)O)(C(=O)CO)O)N)O
D09415,C[S+](CCC(C(=O)[O-])N)CC1C(C(C(O1)N2C=NC3=C(N=CN=C32)N)O)O
D09416,CC(=O)OCC(=O)NCCCOC1=CC=CC(=C1)CN2CCCCC2
D09417,C1=CC(=C(C=C1Cl)Cl)COC(CN2C=CN=C2)C3=C(C=C(C=C3)Cl)Cl
D09418,CC1=C2C(C(=O)C3(C(CC4C(C3C(C(C2(C)C)(CC1OC(=O)C(C(C5=CC=CC=C5)NC(=O)OC(C)(C)C)O)O)OC(=O)C6=CC=CC=C6)(CO4)OC(=O)C)OC)C)OC
D09419,CC(CC1=CC=CC=C1)N
D09420,C1=CN=C(N=C1)NS(=O)(=O)C2=CC=C(C=C2)N
D09421,CCN(CC)CCN1C(=O)CN=C(C2=C1C=CC(=C2)Cl)C3=CC=CC=C3F
D09422,CC1=C(C=C(C=C1)C(=O)NC2=C3C(=CC(=CC3=C(C=C2)S(=O)(=O)O)S(=O)(=O)O)S(=O)(=O)O)NC(=O)C4=CC(=CC=C4)NC(=O)NC5=CC=CC(=C5)C(=O)NC6=C(C=CC(=C6)C(=O)NC7=C8C(=CC(=CC8=C(C=C7)S(=O)(=O)O)S(=O)(=O)O)S(=O)(=O)O)C
D09423,CCOC(=O)C1=C(NC(=C(C1C2=CC=CC=C2Cl)C(=O)OC)C)COCCN
D09424,CCCCCCCCCCCCOCCOCCOCCOCCOCCOCCOCCOCCOCCO
D09425,CCCC(C)C1(C(=O)NC(=O)NC1=O)CC=C
D09426,CC(C)CN(CC(C(CC1=CC=CC=C1)NC(=O)OC2COC3C2CCO3)O)S(=O)(=O)C4=CC=C(C=C4)N
D09427,C1=CC(=CC=C1C(C(CO)NC(=O)C(Cl)Cl)O)[N+](=O)[O-]
D09428,CCC1C(C2C(C(C(CC(C(C(C(C(C(=O)O1)C)OC3CC(C(C(O3)C)O)(C)OC)C)OC4C(C(CC(O4)C)N(C)C)O)(C)O)C)NC(O2)COCCOC)C)(C)O
D09429,CC1=CN=C(C(=C1OC)C)CS(=O)C2=NC3=C(N2)C=C(C=C3)OC
D09430,CCC12CC(=C)C3C(C1CCC2(C#C)O)CCC4=CC(=O)CCC34
D09431,COC(=O)C(C1CCCCN1)C2=CC=CC=C2
D09432,CC1=C2COC(=O)C2=C(C(=C1OC)CC=C(C)CCC(=O)OCCN3CCOCC3)O
D09433,CC1CC2C3CCC4=CC(=O)C=CC4(C3(C(CC2(C1(C(=O)CO)O)C)O)F)C
D09434,B(C(CC(C)C)NC(=O)C(CC1=CC=CC=C1)NC(=O)C2=NC=CN=C2)(O)O
D09435,CC1=CC(=CC=C1)OCC(CNCCC2=CC(=C(C=C2)OC)OC)O
D09436,CCC(=C)C(=O)C1=C(C(=C(C=C1)OCC(=O)O)Cl)Cl
D09437,CC1(OC2COC3(C(C2O1)OC(O3)(C)C)COS(=O)(=O)N)C
D09438,CCC(=O)C(CC(C)N(C)C)(C1=CC=CC=C1)C2=CC=CC=C2
D09439,CCC1(C(=O)NC(=O)NC1=O)C2=CCCCCC2
D09440,CC1=NC2=C(C=C(C=C2)CN(C)C3=CC=C(S3)C(=O)NC(CCC(=O)O)C(=O)O)C(=O)N1
D09441,CN1C(=NN=N1)SCC2=C(N3C(C(C3=O)(NC(=O)C(C4=CC=C(C=C4)O)C(=O)O)OC)OC2)C(=O)O
D09442,CCC(=O)C(CC(C)N(C)C)(C1=CC=CC=C1)C2=CC=CC=C2
D09443,CCCNC1CCC2=C(C1)SC(=N2)N
D09444,CCC1=CC2CC(C3=C(CN(C2)C1)C4=CC=CC=C4N3)(C5=C(C=C6C(=C5)C78CCN9C7C(C=CC9)(C(C(C8N6C)(C(=O)OC)O)OC(=O)C)CC)OC)C(=O)OC
D09445,C=CC(CCC(=O)O)N
D09446,CCOC(=O)C(CCC1=CC=CC=C1)NC(C)C(=O)N2CC3=CC(=C(C=C3CC2C(=O)O)OC)OC
D09447,[Cl-].[K+]
D09448,CC1=C(C(CC(C1)O)(C)C)C=CC(=CC=CC(=CC=CC=C(C)C=CC=C(C)C=CC2C(=CC(CC2(C)C)O)C)C)C
D09449,CC1=C(C(C(=C(N1)C)C(=O)OCCN(C)CC2=CC=CC=C2)C3=CC(=CC=C3)[N+](=O)[O-])C(=O)OC
D09450,C(C(OC(F)F)(F)F)(F)Cl
D09451,CN(CCC1=CC=C(C=C1)NS(=O)(=O)C)CCOC2=CC=C(C=C2)NS(=O)(=O)C
D09452,C1=CC(=CC=C1CCCC(=O)O)N(CCCl)CCCl
D09453,CCCCNC1=C(C(=CC(=C1)C(=O)O)S(=O)(=O)N)OC2=CC=CC=C2
D09454,C=CCN1CCC23CCCCC2C1CC4=C3C=C(C=C4)O
D09455,CNCCCN1C2=CC=CC=C2CCC3=CC=CC=C31
D09456,"CN1C2CCC1C(C(C2)OC(=O)C3=CC=CC=C3)C(=O)OC
CCCCNC(=O)C1=CC=C(C=C1)N2CCOCC2"
D09457,CC(CC1=CC=CC=C1)NC
D09458,C1=CC(=CC=C1C(=N)N)OCCCCCOC2=CC=C(C=C2)C(=N)N
D09459,O=[As]O[As]=O
D09460,CC(C)(C)OC(=O)NCCC(=O)NC(CC1=CNC2=CC=CC=C21)C(=O)NC(CCSC)C(=O)NC(CC(=O)O)C(=O)NC(CC3=CC=CC=C3)C(=O)N
D09461,CC1=C2C(C(=O)C3(C(CC4C(C3C(C(C2(C)C)(CC1OC(=O)C(C(C5=CC=CC=C5)NC(=O)OC(C)(C)C)O)O)OC(=O)C6=CC=CC=C6)(CO4)OC(=O)C)O)C)O
D09462,COC1=C(C=C2C(=C1)C(=NC(=N2)N3CCN(CC3)C(=O)C4CCCO4)N)OC
D09463,CN1CCCC1CC2=CNC3=C2C=C(C=C3)CCS(=O)(=O)C4=CC=CC=C4
D09464,C1CNC(=NC1C2C(=O)NCC(C(=O)NC(C(=O)NC(C(=O)NC(=CNC(=O)N)C(=O)N2)CO)CO)NC(=O)CC(C(CCN)O)N)N
D09465,CCCC1CC(N(C1)C)C(=O)NC(C2C(C(C(C(O2)SC)O)O)O)C(C)O
D09466,CC1OCC2C(O1)C(C(C(O2)OC3C4COC(=O)C4C(C5=CC6=C(C=C35)OCO6)C7=CC(=C(C(=C7)OC)O)OC)O)O
D09467,C1C(CN2C1C(=O)NC(C(=O)NC(C(=O)NC(C(=O)NC(C(=O)NC(C2=O)CC3=CC=CC=C3)CC4=CC=C(C=C4)OCC5=CC=CC=C5)CCCCN)CC6=CNC7=CC=CC=C76)C8=CC=CC=C8)OC(=O)NCCN
D09468,C1=C2C(=CC(=C1Cl)S(=O)(=O)N)S(=O)(=O)NC(N2)C(Cl)Cl
D09469,CCCOC1=C(C=C(C=C1)C(=O)OCCN(CC)CC)N
D09470,CCC=CCC=CCC=CCC=CCC=CCCCC(=O)OCC
D09471,CN1CCN2C(C1)C3=CC=CC=C3CC4=CC=CC=C42
D09472,CC(C)COCC(CN(CC1=CC=CC=C1)C2=CC=CC=C2)N3CCCC3
D09473,CN=C1CN(C(=C2C=C(C=CC2=N1)Cl)C3=CC=CC=C3)O
D09474,CCCCCCCCCC1=CC=C(C=C1)OCCOCCOCCOCCOCCOCCOCCOCCOCCO
D09475,CN(C)CCC=C1C2=CC=CC=C2CCC3=CC=CC=C31
D09476,CCC1=CC=C(C=C1)C(=O)C(C)CN2CCCCC2
D09477,C1=NC2=C(N1COCCO)N=C(NC2=O)N
D09478,CC(CCC=C(C)C)NC
D09479,CC(=O)OC1=CC=CC=C1C(=O)O
D09480,CC(CN1C2=CC=CC=C2SC3=CC=CC=C31)N(C)C
D09481,CN(C)CCCN1C2=CC=CC=C2CCC3=CC=CC=C31
D09482,C1CC1COC2=C(C=CC(=C2)C(=O)NC3=C(C=NC=C3Cl)Cl)OC(F)F
D09483,COC(=O)C(CC1=CC=CC=C1)NC(=O)C(CC(=O)O)N
D09484,CN1C2=C(C=C(C=C2)Cl)C(=NC(C1=O)O)C3=CC=CC=C3
D09485,C(C(F)(F)F)(Cl)Br
D09486,CN(C)CCCN1C2=CC=CC=C2SC3=CC=CC=C31
D09487,CCCC(C)C1(C(=O)NC(=O)NC1=O)CC
D09488,C1=CC(=C(C(=C1)Cl)CC(=O)N=C(N)N)Cl
D09489,CC(C)CC(C(C(=O)NO)O)C(=O)NC(C(=O)NC)C(C)(C)C
D09490,CC(C)N1C2=CC=CC=C2C(=C1C=CC(CC(CC(=O)O)O)O)C3=CC=C(C=C3)F
D09491,CC1=C(C2=C(CCC(O2)(C)CCCC(C)CCCC(C)CCCC(C)C)C(=C1O)C)C
D09492,C1=CC=C(C=C1)C2=CC=C(C=C2)C(C3=CC=CC=C3)N4C=CN=C4
D09493,CCOC(=O)C1=C(NC(=C(C1C2=CC(=CC=C2)[N+](=O)[O-])C(=O)OC)C)C
D09494,CCC(=O)OC1(C(CC2C1(CC(C3(C2CCC4=CC(=O)C=CC43C)F)O)C)C)C(=O)CCl
D09495,CCOC(=O)C1=CN=CN1C(C)C2=CC=CC=C2
D09496,CCOCCN1C2=CC=CC=C2N=C1N3CCCN(CC3)C
D09497,C(CC(C(=O)O)N)CN
D09498,C1COCCN1CCNC(=O)C2=CC=C(C=C2)Cl
D09499,CCC(=O)C1(CCN(CC1)C)C2=CC(=CC=C2)O
D09500,[Cl-].[K+]
D09501,C1CN(CCN1CCC2=C(C=C3C(=C2)CC(=O)N3)Cl)C4=NSC5=CC=CC=C54
D09502,CN1C(=O)CC(=O)N(C2=C1C=CC(=C2)Cl)C3=CC=CC=C3
D09503,CC1(C(=O)NC(=O)N(C1=O)C)C2=CCCCC2
D09504,CC1C=CC=C(C(=O)NC2=C(C3=C(C4=C(C(=C3O)C)OC(C4=O)(OC=CC(C(C(C(C(C(C1O)C)O)C)OC(=O)C)C)OC)C)C5=C2N6C=CC(=CC6=N5)C)O)C
D09505,C1=NC(=C2C(=N1)N(C=N2)C3C(C(C(O3)COP(=O)(O)O)O)O)N
D09506,CCC1(C(=O)NC(=O)NC1=O)C2=CCCCCC2
D09507,CCN1C=C(C(=O)C2=CC(=C(N=C21)N3CCNCC3)F)C(=O)O
D09508,CN1C(=NN=N1)SCC2=C(N3C(C(C3=O)(NC(=O)C(C4=CC=C(C=C4)O)C(=O)O)OC)OC2)C(=O)O
D09509,CCC1(C(=O)C(CNC1=O)C)CC
D09510,CC1(C2C(C3C(C(=O)C(=C(C3(C(=O)C2=C(C4=C1C=CC=C4O)O)O)O)C(=O)N)N(C)C)O)O
D09511,CNC1(CCCCC1=O)C2=CC=CC=C2Cl
D09512,C1C(OC(S1)CO)N2C=CC(=NC2=O)N
D09513,CN1C(=O)CN=C(C2=C1C=CC(=C2)[N+](=O)[O-])C3=CC=CC=C3F
D09514,CCCCCCCN(CC)CCCC(C1=CC=C(C=C1)NS(=O)(=O)C)O
D09515,CN(C(=O)NC1C(C(C(OC1O)CO)O)O)N=O
D09516,CC(CCCC(C)(C)O)C1CCC2C1(CCCC2=CC=C3CC(CCC3=C)O)C
D09517,CC1=CC2=C(C=C1C)N(C=N2)C3C(C(C(O3)CO)OP(=O)([O-])OC(C)CNC(=O)CCC4(C(C5C6(C(C(C(=N6)C(=C7C(C(C(=N7)C=C8C(C(C(=N8)C(=C4[N-]5)C)CCC(=O)N)(C)C)CCC(=O)N)(C)CC(=O)N)C)CCC(=O)N)(C)CC(=O)N)C)CC(=O)N)C)O.O.[Co]
D09518,C1CN(CCN1CC=CC2=CC=CC=C2)C(C3=CC=C(C=C3)F)C4=CC=C(C=C4)F
D09519,C1CN(CCN1)C2=NC3=CC=CC=C3OC4=C2C=C(C=C4)Cl
D09520,C1=CC=C(C=C1)N=NC2=C(N=C(C=C2)N)N
D09521,C(C(F)(F)F)(Cl)Br
D09522,CC(C)C1=C(C(=CC=C1)C(C)C)OCOP(=O)(O)O
D09523,C1NC2=C(C=C(C(=C2)C(F)(F)F)S(=O)(=O)N)S(=O)(=O)N1
D09524,C1=CC=C(C=C1)C2=CC=C(C=C2)C(C3=CC=CC=C3)N4C=CN=C4
D09525,CC1=C(C=CC2=C1N=C(C=C2OC3CC4C(C3)C(=O)N(CCCCC=CC5CC5(NC4=O)C(=O)NS(=O)(=O)C6CC6)C)C7=NC(=CS7)C(C)C)OC
D09526,CCCNC(C)C(=O)NC1=CC=CC=C1C
D09527,CC1(CCC(C2=C1C=CC(=C2)NC(=O)C3=CC=C(C=C3)C(=O)O)(C)C)C
D09528,CC12CCC3C(C1CCC2(C)O)CCC4C3(CC5=C(C4)NN=C5)C
D09529,CC1=CC2=C(C=C1C)N(C3=NC(=O)NC(=O)C3=N2)CC(C(C(COP(=O)(O)OP(=O)(O)OCC4C(C(C(O4)N5C=NC6=C(N=CN=C65)N)O)O)O)O)O
D09530,CC(CC1C2=CC=CC=C2CCC3=CC=CC=C13)CN(C)C
D09531,CC1=CN=C(S1)NC(=O)C2=C(C3=CC=CC=C3S(=O)(=O)N2C)O
D09532,CCC(CO)NC(=O)C1CN(C2CC3=CNC4=CC=CC(=C34)C2=C1)C
D09533,C1CNCC(C1C2=CC=C(C=C2)F)COC3=CC4=C(C=C3)OCO4
D09534,C1C(C(OC1N2C=C(C(=O)NC2=O)F)CO)O
D09535,C1=CC(=CC=C1CCCCNCC(C2=CC(=C(C=C2)O)O)O)O
D09536,CC(C)(C)NCC(COC1=CC=CC=C1C2CCCC2)O
D09537,C1=CC=C(C=C1)C(COC(=O)N)COC(=O)N
D09538,CCOC(=O)C1=C(NC(=C(C1C2=CC=CC=C2Cl)C(=O)OC)C)COCCN
D09539,CC1(C(N2C(S1)C(C2=O)NC(=O)C3=C(C=CC=C3OC)OC)C(=O)O)C
D09540,CC1=CN(C(=O)NC1=O)C2CC(C(O2)CO)N=[N+]=[N-]
D09541,CCCCSC1=CC=C(C=C1)C(C2=CC=CC=C2)SCCN(C)C
D09542,CC(C(C(=O)O)N)O
D09543,CCC1(CC(=O)NC1=O)C
D09544,CC(C)(C1=CC=CC=C1CCC(C2=CC=CC(=C2)C=CC3=NC4=C(C=CC(=C4)Cl)C=C3)SCC5(CC5)CC(=O)O)O
D09545,CC(C(C(=O)O)N)O
D09546,C1CC(C1)(C(=O)O)C(=O)O.N.N.[Pt+2]
D09547,CCC12CCC3C(C1CCC2(C#C)O)CCC4=CC(=O)CCC34
D09548,CCC1C=C(CC(CC(C2C(CC(C(O2)(C(=O)C(=O)N3CCCCC3C(=O)OC(C(C(CC1=O)O)C)C(=CC4CCC(C(C4)OC)Cl)C)O)C)OC)OC)C)C
D09549,CCCCCCC(C)(C)C1=CC(=C2C3CC(=O)CCC3C(OC2=C1)(C)C)O
D09550,CC(C)C1=NC(=NC(=C1C=CC(CC(CC(=O)O)O)O)C2=CC=C(C=C2)F)N(C)S(=O)(=O)C
D09551,CC1(C(N2C(S1)C(C2=O)N3C(=O)C(NC3(C)C)C4=CC=CC=C4)C(=O)O)C
D09552,CN(CCC1=CC=C(C=C1)NS(=O)(=O)C)CCOC2=CC=C(C=C2)NS(=O)(=O)C
D09553,CC(CCC(=O)O)C1CCC2C1(CCC3C2C(CC4C3(CCC(C4)O)C)O)C
D09554,C1=NC2=C(N1COC(CO)CO)N=C(NC2=O)N
D09555,CC1=NC=C2N1C3=C(C=C(C=C3)Cl)C(=NC2)C4=CC=CC=C4F
D09556,CN1C=NC(=C1SC2=NC=NC3=C2NC=N3)[N+](=O)[O-]
D09557,CC(C)C(CCCN(C)CCC1=CC(=C(C=C1)OC)OC)(C#N)C2=CC(=C(C=C2)OC)OC
D09558,C=CC(CCC(=O)O)N
D09559,C(OC(C(F)(F)F)C(F)(F)F)F
D09560,C1=CC=C(C=C1)C2(C(=O)NC(=O)N2)C3=CC=CC=C3
D09561,C1=CC(=C(C=C1OC2=C(C=C(C=C2I)CC(C(=O)[O-])N)I)I)O.C1=C(C=C(C(=C1I)OC2=CC(=C(C(=C2)I)O)I)I)CC(C(=O)[O-])N.[Na+].[Na+]
D09562,C(CC(=O)O)C(C(=O)O)NC(=O)N
D09563,C1=C2C(=CC(=C1Cl)S(=O)(=O)N)S(=O)(=O)NC(N2)C(Cl)Cl
D09564,CC1=NC=C(C(=N1)N)CN(C=O)C(=C(CCO)SSCC2CCCO2)C
D09565,C1CN(CCN1)C2=NC3=CC=CC=C3OC4=C2C=C(C=C4)Cl
D09566,COC(=O)NC1=NC2=C(N1)C=C(C=C2)C(=O)C3=CC=C(C=C3)F
D09567,C(CC(=O)O)C(=O)O
D09568,C1=C(C(=C(C(=C1Cl)Cl)CC2=C(C(=CC(=C2Cl)Cl)Cl)O)O)Cl
D09569,C1C2CC(C1C=C2)C3NC4=CC(=C(C=C4S(=O)(=O)N3)S(=O)(=O)N)Cl
D09570,B(C(CC(C)C)NC(=O)C(CC1=CC=CC=C1)NC(=O)C2=NC=CN=C2)(O)O
D09571,C1NC2=C(C=C(C(=C2)C(F)(F)F)S(=O)(=O)N)S(=O)(=O)N1
D09572,CC(=O)N(CC(CO)O)C1=C(C(=C(C(=C1I)C(=O)NCC(CO)O)I)C(=O)NCC(CO)O)I
D09573,CCCCC1=C(C2=C(O1)C=CC(=C2)NS(=O)(=O)C)C(=O)C3=CC=C(C=C3)OCCCN(CCCC)CCCC
D09574,CC1C(C(CC(O1)OC2C3C(=O)NC(C4=C(C(=CC(=C4)O)O)C5=C(C=CC(=C5)C(C(=O)N3)NC(=O)C6C7=CC(=C(C(=C7)OC8=C(C=C2C=C8)Cl)OC9C(C(C(C(O9)CO)O)O)OC1CC(C(C(O1)C)O)(C)NCC1=CC=C(C=C1)C1=CC=C(C=C1)Cl)OC1=C(C=C(C=C1)C(C(C(=O)NC(C(=O)N6)CC(=O)N)NC(=O)C(CC(C)C)NC)O)Cl)O)C(=O)O)(C)N)O
D09575,CC1=C(C2=C(C1=CC3=CC=C(C=C3)S(=O)C)C=CC(=C2)F)CC(=O)O
D09576,C[N+]1(CCCC1)CCCCC[N+]2(CCCC2)C
D09577,CN(C)CCC=C1C2=CC=CC=C2CCC3=CC=CC=C31
D09578,CC1=C(OC2=C(C1=O)C=CC=C2C(=O)OCCN3CCCCC3)C4=CC=CC=C4
D09579,CC(C)C1(C(=O)NC(=O)NC1=O)CC=C
D09580,CC(C)NCC(COC1=CC=CC=C1OCC=C)O
D09581,CCOC1=NC2=CC=CC(=C2N1CC3=CC=C(C=C3)C4=CC=CC=C4C5=NOC(=O)N5)C(=O)OCC6=C(OC(=O)O6)C
D09582,C1=CC(=C(C=C1F)F)C(CN2C=NC=N2)(CN3C=NC=N3)O
D09583,CC1=C(ON=C1C)NS(=O)(=O)C2=CC=C(C=C2)N
D09584,CC1(C(=O)NC(=O)N(C1=O)C)C2=CCCCC2
D09585,CC1(C(N2C(S1)C(C2=O)NC(=O)C(C3=CC=CC=C3)N=[N+]=[N-])C(=O)O)C
D09586,CC(C)(C)NCC(C1=CC(=CC(=C1)O)O)O
D09587,C1C2C(C(S1)CCCCC(=O)O)NC(=O)N2
D09588,CC(C)(C)NCC(C1=CC(=CC(=C1)OC(=O)N(C)C)OC(=O)N(C)C)O
D09589,C1C(=S)N(C2=C(C=C(C=C2)Cl)C(=N1)C3=CC=CC=C3F)CC(F)(F)F
D09590,C1CNC(=NC1C2C(=O)NCC(C(=O)NC(C(=O)NC(C(=O)NC(=CNC(=O)N)C(=O)N2)CO)CO)NC(=O)CC(C(CCN)O)N)N
D09591,CC(C)N(CCC(C1=CC=CC=C1)(C2=CC=CC=N2)C(=O)N)C(C)C
D09592,CCNC1CC(C(C(C1OC2C(C(C(CO2)(C)O)NC)O)O)OC3C(CC=C(O3)CN)N)N
D09593,C(C(C(CO[N+](=O)[O-])O[N+](=O)[O-])O[N+](=O)[O-])O[N+](=O)[O-]
D09594,C1=CC(=C(C(=C1)Cl)C=NN=C(N)N)Cl
D09595,CN1CC2C(C1)C3=C(C=CC(=C3)Cl)OC4=CC=CC=C24.C(=CC(=O)O)C(=O)O
D09596,CCCCC(CC)CN1CC(CN(C1)CC(CC)CCCC)(C)N
D09597,CC1=CC(=C(C=C1)Cl)OCC(CNC(C)(C)C)O
D09598,C(CN)CNCCSP(=O)(O)O
D09599,CN(C)CCC=C1C2=CC=CC=C2COC3=CC=CC=C31
D09600,C1=CC(=C(C(=C1)Cl)C=NN=C(N)N)Cl
D09601,CC1=C(C(=O)N2CCCCC2=N1)CCN3CCC(CC3)C4=NOC5=C4C=CC(=C5)F
D09602,CN1CCCC(CC1)N2C(=O)C3=CC=CC=C3C(=N2)CC4=CC=C(C=C4)Cl
D09603,CC(CCC1=CC=CC=C1)NCC(C2=CC(=C(C=C2)O)C(=O)N)O
D09604,CCC(=C(C1=CC=CC=C1)C2=CC=C(C=C2)OCCN(C)C)C3=CC=CC=C3
D09605,CC1(C(=O)N2C(C(=O)N3CCCC3C2(O1)O)CC4=CC=CC=C4)NC(=O)C5CN(C6CC7=CNC8=CC=CC(=C78)C6=C5)C
D09606,CC12CCC3C(C1CCC2O)CCC4=C3C=CC(=C4)O
D09607,CN1CCN(CC1)C2=NC3=CC=CC=C3OC4=C2C=C(C=C4)Cl
D09608,C1=C(NN=C1)CCN
D09609,C1C(=O)NC2=C(C=C(C=C2)[N+](=O)[O-])C(=N1)C3=CC=CC=C3Cl
D09610,C(CS)N
D09611,CN1CCN(CC1)C(=O)OC2C3=NC=CN=C3C(=O)N2C4=NC=C(C=C4)Cl
D09612,CN1C(=NN=N1)SCC2=C(N3C(C(C3=O)(NC(=O)C(C4=CC=C(C=C4)O)C(=O)O)OC)OC2)C(=O)O
D09613,CN1C(=C(C2=C(S1(=O)=O)C=C(S2)Cl)O)C(=O)NC3=CC=CC=N3
D09614,CC(CCCN)NC1=C2C(=CC(=C1)OC)C=CC=N2
D09615,CC(=O)OCC(=O)C12C(CC3C1(CC(C4(C3CC(C5=CC(=O)C=CC54C)F)F)O)C)OC(O2)(C)C
D09616,CCC(C)(C)C(=O)OC1CC(C=C2C1C(C(C=C2)C)CCC3CC(CC(=O)O3)O)C
D09617,C(C(OC(F)F)(F)F)(F)Cl
D09618,CC1=C(OC(=N1)NS(=O)(=O)C2=CC=C(C=C2)N)C
D09619,CC1=C(C(=O)N2CCCC(C2=N1)O)CCN3CCC(CC3)C4=NOC5=C4C=CC(=C5)F
D09620,C1=CC=C(C=C1)CC(=O)NC(=O)N
D09621,CN1C=NC2=C1C(=O)N(C(=O)N2C)C
D09622,CC(=O)NC(C=O)C(C(C(CO)O)O)O
D09623,CC(C1=CC=CC=C1)(C2=CC=CC=N2)OCCN(C)C
D09624,CCCC1=NC(=C(N1CC2=CC=C(C=C2)C3=CC=CC=C3C4=NNN=N4)C(=O)O)C(C)(C)O
D09625,CCCC(CCC)C(=O)O
D09626,C1=CC(=C(C(=C1)Cl)C=NN=C(N)N)Cl
D09627,C1=CC=C(C=C1)N2C(=O)C(C(=O)N2C3=CC=CC=C3)CCS(=O)C4=CC=CC=C4
D09628,CN(C(=O)NC1C(C(C(OC1O)CO)O)O)N=O
D09629,CC1=CC(=O)C2=CC=CC=C2C1=O
D09630,CC(C)NC(=O)C1=CC=C(C=C1)CNNC
D09631,CCCC(C)C1(C(=O)NC(=O)NC1=O)CC
D09632,C(CC(=O)O)C(=O)CN
D09633,CN(CC1=CN=C2C(=N1)C(=NC(=N2)N)N)C3=CC=C(C=C3)C(=O)NC(CCC(=O)O)C(=O)O
D09634,C1CC1COC2=C(C=CC(=C2)C(=O)NC3=C(C=NC=C3Cl)Cl)OC(F)F
D09635,C1CCC(CC1)C(CCN2CCCC2)(C3=CC=CC=C3)O
D09636,CC12CC3CC(C1)(CC(C3)(C2)N)C
D09637,CC1=CC2=C(S1)NC3=CC=CC=C3N=C2N4CCN(CC4)C
D09638,C1NC2=CC(=C(C=C2S(=O)(=O)N1)S(=O)(=O)N)Cl
D09639,CC1=C(C(C(=C(N1)C#N)C(=O)OC)C2=CC(=CC=C2)[N+](=O)[O-])C(=O)OC(C)C
D09640,CC1CN(CCC1(C)C2=CC(=CC=C2)O)CC(CC3=CC=CC=C3)C(=O)NCC(=O)O
D09641,CCC(C)C1(C(=O)NC(=O)NC1=O)CC=C
D09642,CC1=C(C(=NO1)C2=CC=CC=C2)C(=O)NC3C4N(C3=O)C(C(S4)(C)C)C(=O)O
D09643,C1CC1C2=NC3=CC=CC=C3C(=C2C=CC(CC(CC(=O)O)O)O)C4=CC=C(C=C4)F
D09644,C1=CC=C(C=C1)NC(=O)CCCCCCC(=O)NO
D09645,C(CC(=O)NC(CS)C(=O)NCC(=O)O)C(C(=O)O)N
D09646,CC(C1=CC(=CC=C1)C(=O)C2=CC=CC=C2)C(=O)O
D09647,CCCNC1CCC2=C(C1)SC(=N2)N
D09648,CCC(CC)OC1C=C(CC(C1NC(=O)C)N)C(=O)OCC
D09649,C1CC(=O)NC2=C1C=CC(=C2)OCCCCN3CCN(CC3)C4=C(C(=CC=C4)Cl)Cl
D09650,C1=C(NC=N1)CC(C(=O)O)N
D09651,CNCCC=C1C2=CC=CC=C2CCC3=CC=CC=C31
D09652,C1=C(OC(=C1)[N+](=O)[O-])C=NNC(=O)N
D09653,CC1=CC=C(C=C1)C2=CC(=NN2C3=CC=C(C=C3)S(=O)(=O)N)C(F)(F)F
D09654,CC1CC(=O)NN=C1C2=CC=C(C=C2)NN=C(C#N)C#N
D09655,CN1CC2C(C1)C3=C(C=CC(=C3)Cl)OC4=CC=CC=C24.C(=CC(=O)O)C(=O)O
D09656,CCC1(CC(=O)NC1=O)C
D09657,CCN(CC)CCCC(C)NC1=C2C=CC(=CC2=NC=C1)Cl
D09658,CCN1C=C(C(=O)C2=C1C=C(C=C2)C3=CC=NC=C3)C(=O)O
D09659,CCC(C)C1(C(=O)NC(=O)NC1=O)CC
D09660,C1=CC(=C(C(=C1)Cl)Cl)C2=C(N=C(N=N2)N)N
D09661,CCCN1CC(CC2C1CC3=CNC4=CC=CC2=C34)CSC
D09662,CN1CCC2=C3C1CC4=C(C3=CC=C2)C(=C(C=C4)O)O
D09663,C1CN(CC1C(C2=CC=CC=C2)(C3=CC=CC=C3)C(=O)N)CCC4=CC5=C(C=C4)OCC5
D09664,C1CC(CCC1C2=CC=C(C=C2)Cl)C3=C(C4=CC=CC=C4C(=O)C3=O)O
D09665,C1C2=NN=CN2C3=C(C=C(C=C3)Cl)C(=N1)C4=CC=CC=C4
D09666,CC(C=CC(C)C(C)(C)O)C1CCC2C1(CCCC2=CC=C3CC(CC(C3)O)O)C
D09667,CC(=O)OCC(=O)C12C(CC3C1(CC(C4(C3CC(C5=CC(=O)C=CC54C)F)F)O)C)OC(O2)(C)C
D09668,CC1=NN=C(S1)NS(=O)(=O)C2=CC=C(C=C2)N
D09669,C1=CC=C(C=C1)C2=C(OC(=N2)CCC(=O)O)C3=CC=CC=C3
D09670,CC1(C2C1C(N(C2)C(=O)C(C(C)(C)C)NC(=O)NC(C)(C)C)C(=O)NC(CC3CCC3)C(=O)C(=O)N)C
D09671,C1CN(CCN1CCOC(=O)C2=CC=CC=C2NC3=C4C=CC(=CC4=NC=C3)C(F)(F)F)C5=CC=CC(=C5)C(F)(F)F
D09672,CC(=O)SC1CC2=CC(=O)CCC2(C3C1C4CCC5(C4(CC3)C)CCC(=O)O5)C
D09673,CNC1CCC2=C(C1)C3=C(N2)C=CC(=C3)C(=O)N
D09674,CCN1C=C(C(=O)C2=C1C=C(C=C2)C3=CC=NC=C3)C(=O)O
D09675,CC1=CC(=C(C(=C1CC2=NCCN2)C)O)C(C)(C)C
D09676,C1=CC(=C(C=C1N)C(=O)O)O
D09677,CC(C)(CCCC(CC(=O)OC)(C(=O)OC1C2C3=CC4=C(C=C3CCN5C2(CCC5)C=C1OC)OCO4)O)O
D09678,COC1=CC(=CC(=C1O)OC)C2C3C(COC3=O)C(C4=CC5=C(C=C24)OCO5)OC6C(C(C7C(O6)COC(O7)C8=CC=CS8)O)O
D09679,C1=CC(=CC=C1C(=O)NCCC(=O)O)N=NC2=CC(=C(C=C2)O)C(=O)O
D09680,C(C(C1C2C(O[Sb](O2)(O1)O[Sb]34OC(C(O3)C(CO)O)C(O4)C(=O)[O-])C(=O)[O-])O)O.O.O.O.O.O.O.O.O.O.O.[OH-].[Na+].[Na+].[Na+]
D09681,CC1=C2CCC(=O)N(C2=NC(=N1)C)CC3=CC=C(C=C3)C4=CC=CC=C4C5=NNN=N5
D09682,[K+].[I-]
D09683,C1=CC=C2C(=C1)C(=NO2)CS(=O)(=O)N
D09684,CN(C)N=NC1=C(NC=N1)C(=O)N
D09685,CC12CCC(=O)C=C1CCC3C2(C(CC4(C3CCC4(C)O)C)O)F
D09686,CC1=CC=CC=C1S(=O)(=O)NC(=O)C2=CC(=C(C=C2)CC3=CN(C4=C3C=C(C=C4)NC(=O)OC5CCCC5)C)OC
D09687,CCOP(=O)(OCC)SCC[N+](C)(C)C
D09688,C1CNCC(C2=CC(=C(C(=C21)Cl)O)O)C3=CC=C(C=C3)O
D09689,C1CN(CC=C1N2C3=CC=CC=C3NC2=O)CCCC(=O)C4=CC=C(C=C4)F
D09690,C1=CC=C2C(=C1)C(=NO2)CS(=O)(=O)N
D09691,C1CN2C(=NN=C2C(F)(F)F)CN1C(=O)CC(CC3=CC(=C(C=C3F)F)F)N
D09692,C1CC2C3C(C[S+]2C1)N(C(=O)N3CC4=CC=CC=C4)CC5=CC=CC=C5
D09693,C1C(C(OC1N2C=NC(=NC2=O)N)CO)O
D09694,C[N+]1(C2CC(CC1C3C2O3)OC(=O)C(C4=CC=CS4)(C5=CC=CS5)O)C
D09695,CC1C(C(=O)NC(C(=O)N2CCCC2C(=O)N(CC(=O)N(C(C(=O)O1)C(C)C)C)C)C(C)C)NC(=O)C3=C4C(=C(C=C3)C)OC5=C(C(=O)C(=C(C5=N4)C(=O)NC6C(OC(=O)C(N(C(=O)CN(C(=O)C7CCCN7C(=O)C(NC6=O)C(C)C)C)C)C(C)C)C)N)C
D09696,CN(C)C1C2CC3CC4=C(C=CC(=C4C(=C3C(=O)C2(C(=C(C1=O)C(=O)N)O)O)O)O)N(C)C
D09697,CC1(C2=C(C=C(C=C2)OC)C(=O)N(C1=O)CCC3=CC=C(C=C3)S(=O)(=O)NC(=O)NC4CCCCC4)C
D09698,CC(C1=CC(=CC=C1)C(=O)C2=CC=CC=C2)C(=O)O
D09699,CCOC(=O)C1(CCN(CC1)CCC(C#N)(C2=CC=CC=C2)C3=CC=CC=C3)C4=CC=CC=C4
D09700,CN=C1CN(C(=C2C=C(C=CC2=N1)Cl)C3=CC=CC=C3)O
D09701,CN1CC2C(C1)C3=C(C=CC(=C3)Cl)OC4=CC=CC=C24.C(=CC(=O)O)C(=O)O
D09702,CC(C)C1=C(C(=CC=C1)C(C)C)OCOP(=O)(O)O
D09703,C1CC(N(C1)C(=O)C2CSSCC(C(=O)NC(C(=O)NC(C(=O)NC(C(=O)NC(C(=O)N2)CC(=O)N)CCC(=O)N)CC3=CC=CC=C3)CC4=CC=C(C=C4)O)NC(=O)CNC(=O)CNC(=O)CN)C(=O)NC(CCCCN)C(=O)NCC(=O)N
D09704,CCN(CC)C(=O)NC1CN(C2CC3=CNC4=CC=CC(=C34)C2=C1)C
D09705,CC12CCC(=O)C=C1CCC3C2(C(CC4(C3CCC4(C)O)C)O)F
D09706,CCCCCCOC(=O)NC(=N)C1=CC=C(C=C1)NCC2=NC3=C(N2C)C=CC(=C3)C(=O)N(CCC(=O)OCC)C4=CC=CC=N4
D09707,CCC(C)C1(C(=O)NC(=O)NC1=O)CC=C
D09708,CC1=NC(=NC=C1)NS(=O)(=O)C2=CC=C(C=C2)N
D09709,CCC1C(=NN=C(C2=CC(=C(C=C12)OC)OC)C3=CC(=C(C=C3)OC)OC)C
D09710,CC1=C(C(=O)N2CCCCC2=N1)CCN3CCC(CC3)C4=NOC5=C4C=CC(=C5)F
D09711,C1COCC(=O)N1C2=CC=C(C=C2)N3CC(OC3=O)CNC(=O)C4=CC=C(S4)Cl
D09712,CCOC(=O)N1CCC(=C2C3=C(CCC4=C2N=CC=C4)C=C(C=C3)Cl)CC1
D09713,CCN(CC)CCOC(=O)C1=C(C=C(C=C1)N)Cl
D09714,CC1(C2CC3C(C(=O)C(=C(C3(C(=O)C2=C(C4=C1C=CC=C4O)O)O)O)C(=O)NCNCCCCC(C(=O)O)N)N(C)C)O
D09715,CC12CCC(=O)C=C1CCC3C2(C(CC4(C3CCC4(C(=O)CO)O)C)O)F
D09716,CCCN(CC)C(CC)C(=O)NC1=C(C=CC=C1C)C
D09717,CC(C(=O)C1=CC(=CC=C1)Cl)NC(C)(C)C
D09718,CC(C)N=C1C=C2C(=NC3=CC=CC=C3N2C4=CC=C(C=C4)Cl)C=C1NC5=CC=C(C=C5)Cl
D09719,CC(=O)NCCCS(=O)(=O)O
D09720,CCOC(=O)C1=C(NC(=C(C1C2=CC=CC=C2Cl)C(=O)OC)C)COCCN
D09721,CC1=C(C(CCC1)(C)C)C=CC(=CC=CC(=CC(=O)O)C)C
D09722,CC(C(C1=CC=CC=C1)O)NC
D09723,CC1C(C(CC(O1)OC2C(C(C(OC2OC3=C4C=C5C=C3OC6=C(C=C(C=C6)C(C(C(=O)NC(C(=O)NC5C(=O)NC7C8=CC(=C(C=C8)O)C9=C(C=C(C=C9O)O)C(NC(=O)C(C(C1=CC(=C(O4)C=C1)Cl)O)NC7=O)C(=O)O)CC(=O)N)NC(=O)C(CC(C)C)NC)O)Cl)CO)O)O)(C)N)O
D09724,CC1=CC2=C(C=C1C)N(C3=NC(=O)NC(=O)C3=N2)CC(C(C(COP(=O)(O)OP(=O)(O)OCC4C(C(C(O4)N5C=NC6=C(N=CN=C65)N)O)O)O)O)O
D09725,CN(C)CCN1C(=NN=N1)SCC2=C(N3C(C(C3=O)NC(=O)CC4=CSC(=N4)N)SC2)C(=O)O
D09726,C(C(C1C(=C(C(=O)O1)O)O)O)O
D09727,C1=CC=C2C(=C1)C(=C(C(=O)O2)CC3=C(C4=CC=CC=C4OC3=O)O)O
D09728,CC1=CC2=C(C=C1C)N(C3=NC(=O)NC(=O)C3=N2)CC(C(C(COP(=O)(O)OP(=O)(O)OCC4C(C(C(O4)N5C=NC6=C(N=CN=C65)N)O)O)O)O)O
D09729,CN1C(S(=O)(=O)CCC1=O)C2=CC=C(C=C2)Cl
D09730,C(C(C1C(=C(C(=O)O1)O)O)O)O
D09731,CN1CCN(CC1)C(C2=CC=CC=C2)C3=CC=C(C=C3)Cl
D09732,CC(C)C1CCC(CC1)C(=O)NC(CC2=CC=CC=C2)C(=O)O
D09733,CC1CN(CCC1(C)C2=CC(=CC=C2)O)CC(CC3=CC=CC=C3)C(=O)NCC(=O)O
D09734,C(C(F)(F)F)(Cl)Br
D09735,CC(C)C1=C(C(=C(N1CCC(CC(CC(=O)O)O)O)C2=CC=C(C=C2)F)C3=CC=CC=C3)C(=O)NC4=CC=CC=C4
D09736,CC1=C(C=CC2=C1C(=NC(=N2)N)N)CNC3=CC(=C(C(=C3)OC)OC)OC
D09737,CC(C)(C)C1=CC(=C(C=C1NC(=O)C2=CNC3=CC=CC=C3C2=O)O)C(C)(C)C
D09738,COC1=CC=CC=C1OCCNCC(COC2=CC=CC3=C2C4=CC=CC=C4N3)O
D09739,C1CN(CCC1(C2=CC=C(C=C2)Cl)O)CCCC(=O)C3=CC=C(C=C3)F
D09740,COC1=C(C=C2C(=C1)C(=NC(=N2)N3CCN(CC3)C(=O)C4COC5=CC=CC=C5O4)N)OC
D09741,CCOC1=C2C3=C(CC4C5C3(CCN4C)C(O2)C(C=C5)O)C=C1
D09742,CCN(CC)CCOC(=O)C1=C(C=C(C=C1)N)Cl
D09743,CN(C)CCCN1C2=CC=CC=C2SC3=C1C=C(C=C3)C(F)(F)F
D09744,CN=C1CN(C(=C2C=C(C=CC2=N1)Cl)C3=CC=CC=C3)O
D09745,CCON=C(C1=NSC(=N1)NP(=O)(O)O)C(=O)NC2C3N(C2=O)C(=C(CS3)SC4=NC(=CS4)C5=CC=[N+](C=C5)C)C(=O)[O-]
D09746,CC1=NC=C2N1C3=C(C=C(C=C3)Cl)C(=NC2)C4=CC=CC=C4F
D09747,CN(CCCl)CCCl
D09748,CN1C(=O)CC(=O)N(C2=C1C=CC(=C2)Cl)C3=CC=CC=C3
D09749,C1CN(CCN1CCOCCO)C2=NC3=CC=CC=C3SC4=CC=CC=C42
D09750,CC1=C(C=C(C=C1)C(=O)NC2=C3C(=CC(=CC3=C(C=C2)S(=O)(=O)O)S(=O)(=O)O)S(=O)(=O)O)NC(=O)C4=CC(=CC=C4)NC(=O)NC5=CC=CC(=C5)C(=O)NC6=C(C=CC(=C6)C(=O)NC7=C8C(=CC(=CC8=C(C=C7)S(=O)(=O)O)S(=O)(=O)O)S(=O)(=O)O)C
D09751,C1CN(CCC1(C2=CC=CC=C2)C(=O)O)CCC(C#N)(C3=CC=CC=C3)C4=CC=CC=C4
D09752,CN1C2CCC1CC(C2)OC(=O)C(CO)C3=CC=CC=C3
D09753,CC1=C(C=NO1)C(=O)NC2=CC=C(C=C2)C(F)(F)F
D09754,CNCCCN1C2=CC=CC=C2CCC3=CC=CC=C31
D09755,C1CC(N(C1)C(=O)C(CCCCN)NC(CCC2=CC=CC=C2)C(=O)O)C(=O)O
D09756,CCN(CC)CC(=O)NC1=C(C=CC=C1C)C
D09757,[Zn]
D09758,CC(CC1=CC=CC=C1)N(C)CC#C
D09759,CCCCCC(C=CC1C(CC(=O)C1CC=CCCCC(=O)O)O)O
D09760,CCCC1(CC(=C(C(=O)O1)C(CC)C2=CC(=CC=C2)NS(=O)(=O)C3=NC=C(C=C3)C(F)(F)F)O)CCC4=CC=CC=C4
D09761,COC1=CC2=C(C=C1C(=O)NCC3CCCN3CC=C)NN=N2
D09762,C1(=C(N=C(C(=N1)Cl)N)N)C(=O)N=C(N)N
D09763,C1=C(NN=C1)CCN
D09764,C(C(=O)O)N
D09765,CNCCCC12CCC(C3=CC=CC=C31)C4=CC=CC=C24
D09766,CC1=CC=CC=C1C(C2=CC=CC=C2)OCCN(C)C
D09767,CC1=C(C(CCC1)(C)C)C=CC(=CC=CC(=CCO)C)C
D09768,CCC1C(C(C(C(=O)C(CC(C(C(C(C(C(=O)O1)C)OC2CC(C(C(O2)C)O)(C)OC)C)OC3C(C(CC(O3)C)N(C)C)O)(C)O)C)C)O)(C)O
D09769,C1CCN(CC1)C2=NC(=NC3=C2N=C(N=C3N4CCCCC4)N(CCO)CCO)N(CCO)CCO
D09770,CN1CCC(CC1)OC(C2=CC=CC=C2)C3=CC=CC=C3
D09771,CC(C[N+](C)(C)C)OC(=O)C
D09772,CC1=C(C(CCC1)(C)C)C=CC(=CC=CC(=CCO)C)C
D09773,CC(C)C(=O)OC1=C(C=C(C=C1)CO)C(CCN(C(C)C)C(C)C)C2=CC=CC=C2
D09774,CC1=CC2=C(C=C1C)N(C3=NC(=O)NC(=O)C3=N2)CC(C(C(COP(=O)(O)OP(=O)(O)OCC4C(C(C(O4)N5C=NC6=C(N=CN=C65)N)O)O)O)O)O
D09775,[Fe]
D09776,CC1(C(=O)NC(=O)N(C1=O)C)C2=CCCCC2
D09777,CCCCCC(C)(C=CC1C(CC(C1CC=CCCCC(=O)[O-])O)O)O.C(C(CO)(CO)[NH3+])O
D09778,C1CN(CCN1CCCCC2=CNC3=C2C=C(C=C3)C#N)C4=CC5=C(C=C4)OC(=C5)C(=O)N
D09779,COC(=O)C=CC(=O)OC
D09780,CC1=C(C=C(C=C1)NC2=NC=CC(=N2)N(C)C3=CC4=NN(C(=C4C=C3)C)C)S(=O)(=O)N
D09781,CCCCCCCCCCCC(CC1C(C(=O)O1)CCCCCC)OC(=O)C(CC(C)C)NC=O
D09782,CC12CCC3C(C1CCC2C(=O)NC(C)(C)C)CCC4C3(C=CC(=O)N4)C
D09783,CC(C)CC(C(=O)O)N
D09784,CN(C)CCC(C1=CC=C(C=C1)Cl)C2=CC=CC=N2
D09785,CN1C=NC2=C1C(=O)N(C(=O)N2C)C
D09786,CCCCNC(=O)NS(=O)(=O)C1=CC=C(C=C1)C
D09787,CC(CN1C2=CC=CC=C2SC3=CC=CC=C31)N(C)C
D09788,CC1=C(C(C(=C(N1)C)C(=O)OCCN(C)CC2=CC=CC=C2)C3=CC(=CC=C3)[N+](=O)[O-])C(=O)OC
D09789,COC1CN(CCC1NC(=O)C2=CC(=C(C=C2OC)N)Cl)CCCOC3=CC=C(C=C3)F
D09790,COC(CNC(=O)N)C[Hg]Cl
D09791,CN(C)CCC=C1C2=CC=CC=C2SC3=C1C=C(C=C3)Cl
D09792,C[S+](CCC(C(=O)[O-])N)CC1C(C(C(O1)N2C=NC3=C(N=CN=C32)N)O)O
D09793,CC(=O)NCCCS(=O)(=O)O
D09794,C1=CC=C(C=C1)N2C(=O)C(C(=O)N2C3=CC=CC=C3)CCS(=O)C4=CC=CC=C4
D09795,C1C(C(OC1N2C=NC3=C(N=C(N=C32)Cl)N)CO)O
D09796,CC1CCC2CC(C(=CC=CC=CC(CC(C(=O)C(C(C(=CC(C(=O)CC(OC(=O)C3CCCCN3C(=O)C(=O)C1(O2)O)C(C)CC4CCC(C(C4)OC)OCCO)C)C)O)OC)C)C)C)OC
D09797,CN=C1CN(C(=C2C=C(C=CC2=N1)Cl)C3=CC=CC=C3)O
D09798,C1CCNC(C1)C(C2=CC(=NC3=C2C=CC=C3C(F)(F)F)C(F)(F)F)O
D09799,CC1=C(C(=CC=C1)C)OCC(=O)NC(CC2=CC=CC=C2)C(CC(CC3=CC=CC=C3)NC(=O)C(C(C)C)N4CCCNC4=O)O
D09800,C1=CC(=C(C=C1F)F)C(CN2C=NC=N2)(CN3C=NC=N3)O
D09801,C(C(C1C2C(O[Sb](O2)(O1)O[Sb]34OC(C(O3)C(CO)O)C(O4)C(=O)[O-])C(=O)[O-])O)O.O.O.O.O.O.O.O.O.O.O.[OH-].[Na+].[Na+].[Na+]
D09802,CC1(C(N2C(S1)C(C2=O)NC(=O)C(C3=CSC=C3)C(=O)O)C(=O)O)C
D09803,CC(C)CC(C(C(=O)NO)O)C(=O)NC(C(=O)NC)C(C)(C)C
D09804,CC1=CC(=C(C=C1)NC2=C(C=CC=C2Cl)F)CC(=O)O
D09805,CN(C)CCC=C1C2=CC=CC=C2CCC3=CC=CC=C31
D09806,CNCCC(C1=CC=CC=C1)OC2=CC=C(C=C2)C(F)(F)F
D09807,CC(CC1=CC=CC=C1)N
D09808,CC1=C(N=C(N=C1N)C(CC(=O)N)NCC(C(=O)N)N)C(=O)NC(C(C2=CN=CN2)OC3C(C(C(C(O3)CO)O)O)OC4C(C(C(C(O4)CO)O)OC(=O)N)O)C(=O)NC(C)C(C(C)C(=O)NC(C(C)O)C(=O)NCCC5=NC(=CS5)C6=NC(=CS6)C(=O)NCCC[S+](C)C)O
D09809,CC1C(C(C(O1)OC2C(C(C(C(C2O)O)N=C(N)N)O)N=C(N)N)OC3C(C(C(C(O3)CO)O)O)NC)(C=O)O
D09810,CC1(C(N2C(S1)C(C2=O)N3C(=O)C(NC3(C)C)C4=CC=CC=C4)C(=O)O)C
D09811,CC1(C(=O)NC(=O)N(C1=O)C)C2=CCCCC2
D09812,C1C[N+]2(CCC1C(C2)OC(=O)C(C3=CC=CS3)(C4=CC=CS4)O)CCCOC5=CC=CC=C5
D09813,CN1CCN(CC1)C2=NC3=CC=CC=C3OC4=C2C=C(C=C4)Cl
D09814,CCOC(=O)C(CCC1=CC=CC=C1)NC(C)C(=O)N2C3CCCCC3CC2C(=O)O
D09815,CC1C(C(C(C(O1)OC2CC(C3(C4C(CCC3(C2)O)C5(CCC(C5(CC4O)C)C6=CC(=O)OC6)O)CO)O)O)O)O
D09816,CC(C)C1=NN2C=CC=CC2=C1C(=O)C(C)C
D09817,CCC1(C2=C(COC1=O)C(=O)N3CC4=CC5=C(C=CC(=C5CN(C)C)O)N=C4C3=C2)O
D09818,C(CN)CNCCSP(=O)(O)O
D09819,CN(CCCNC(=O)C1CCCO1)C2=NC3=CC(=C(C=C3C(=N2)N)OC)OC
D09820,CC(C(C1CNC2=C(N1)C(=O)NC(=N2)N)O)O
D09821,CCCCC(=O)OCC(=O)C1(CC(C2=C(C1)C(=C3C(=C2O)C(=O)C4=C(C3=O)C=CC=C4OC)O)OC5CC(C(C(O5)C)O)NC(=O)C(F)(F)F)O
D09822,CCN1CCCC1CNC(=O)C2=CC(=C(C=C2OC)N)S(=O)(=O)CC
D09823,CCN(CC)CC#CCOC(=O)C(C1CCCCC1)(C2=CC=CC=C2)O
D09824,C[N+](C)(C)CC(CC(=O)[O-])O
D09825,CC(C)NCC(C1=CC=C(C=C1)NS(=O)(=O)C)O
D09826,COC(=O)C(C1=CC=CC=C1Cl)N2CCC3=C(C2)C=CS3
D09827,COC(C(Cl)Cl)(F)F
D09828,CC1COC2=C3N1C=C(C(=O)C3=CC(=C2N4CCN(CC4)C)F)C(=O)O
D09829,CCCSC1=NC(=C2C(=N1)N(N=N2)C3CC(C(C3O)O)OCCO)NC4CC4C5=CC(=C(C=C5)F)F
D09830,CN(C)CCC=C1C2=CC=CC=C2COC3=CC=CC=C31
D09831,COC1=C(C=C(C=C1)C2CC(=O)C3=C(C=C(C=C3O2)O)O)O
D09832,C(C(C(=O)O)N)S
D09833,CN1C2CCCC1CC(C2)NC(=O)C3=NN(C4=CC=CC=C43)C
D09834,C1=CC=C2C(=C1)C(=NO2)CS(=O)(=O)N
D09835,CC12CCC(=O)C=C1CCC3C2(C(CC4(C3CCC4(C)O)C)O)F
D09836,CC12CCC3C(C1CCC2O)CCC4=C3C=CC(=C4)OC(=O)N(CCCl)CCCl
D09837,CC1C(C(C(O1)OC2C(C(C(C(C2O)O)N=C(N)N)O)N=C(N)N)OC3C(C(C(C(O3)CO)O)O)NC)(C=O)O
D09838,CNCCCN1C2=CC=CC=C2CCC3=CC=CC=C31
D09839,CCC1=CC=C(C=C1)C(=O)C(C)CN2CCCCC2
D09840,CN(CC(=O)O)C(=N)N
D09841,C(C(C1C(=C(C(=O)O1)O)O)O)O
D09842,CN1CCN(CC1)C(=O)OC2C3=NC=CN=C3C(=O)N2C4=NC=C(C=C4)Cl
D09843,CC(C(=O)NCC(=O)O)SC(=O)C1=CC=CS1
D09844,CC(CN1C2=CC=CC=C2SC3=C1C=C(C=C3)OC)CN(C)C
D09845,C[N+]1(CCC2=CC(=C(C=C2C1CC3=CC(=C(C=C3)OC)OC)OC)OC)CCC(=O)OCCCCCOC(=O)CC[N+]4(CCC5=CC(=C(C=C5C4CC6=CC(=C(C=C6)OC)OC)OC)OC)C.C1=CC=C(C=C1)S(=O)(=O)[O-].C1=CC=C(C=C1)S(=O)(=O)[O-]
D09846,C1C(=S)N(C2=C(C=C(C=C2)Cl)C(=N1)C3=CC=CC=C3F)CC(F)(F)F
D09847,CN(CC=CC1=CC=CC=C1)CC2=CC=CC3=CC=CC=C32
D09848,CCOC(=O)C1(CCN(CC1)C)C2=CC=CC=C2
D09849,C(C1C(C(C(C(O1)OC2(C(C(C(O2)CO)O)O)COC3(C(C(C(O3)CO)O)O)COC4(C(C(C(O4)CO)O)O)COC5(C(C(C(O5)CO)O)O)COC6(C(C(C(O6)CO)O)O)COC7(C(C(C(O7)CO)O)O)COC8(C(C(C(O8)CO)O)O)COC9(C(C(C(O9)CO)O)O)COC1(C(C(C(O1)CO)O)O)COC1(C(C(C(O1)CO)O)O)COC1(C(C(C(O1)CO)O)O)COC1(C(C(C(O1)CO)O)O)COC1(C(C(C(O1)CO)O)O)COC1(C(C(C(O1)CO)O)O)COC1(C(C(C(O1)CO)O)O)COC1(C(C(C(O1)CO)O)O)COC1(C(C(C(O1)CO)O)O)COC1(C(C(C(O1)CO)O)O)COC1(C(C(C(O1)CO)O)O)COC1(C(C(C(O1)CO)O)O)COC1(C(C(C(O1)CO)O)O)COC1(C(C(C(O1)CO)O)O)COC1(C(C(C(O1)CO)O)O)COC1(C(C(C(O1)CO)O)O)COC1(C(C(C(O1)CO)O)O)COC1(C(C(C(O1)CO)O)O)COC1(C(C(C(O1)CO)O)O)COC1(C(C(C(O1)CO)O)O)COC1(C(C(C(O1)CO)O)O)COC1(C(C(C(O1)CO)O)O)COC1(C(C(C(O1)CO)O)O)COC1(C(C(C(O1)CO)O)O)COC1(C(C(C(O1)CO)O)O)COC1(C(C(C(O1)CO)O)O)COC1(C(C(C(O1)CO)O)O)COC1(C(C(C(O1)CO)O)O)COC1(C(C(C(O1)CO)O)O)CO)O)O)O)O
D09850,CC(C)C1(C(=O)NC(=O)NC1=O)CC=C
D09851,CC1=CC=C(C=C1)C(=O)C2=CC=C(N2C)CC(=O)O
D09852,C1=CC=C(C=C1)C2=NC(C(=O)NC3=C2C=C(C=C3)Cl)O
D09853,C1CN2C(=CC=C2C(=O)C3=CC=CC=C3)C1C(=O)O
D09854,CC1=C(C(C(=C(N1)C)C(=O)OCCN(C)CC2=CC=CC=C2)C3=CC(=CC=C3)[N+](=O)[O-])C(=O)OC
D09855,CC(=O)CC(C1=CC=CC=C1)C2=C(C3=CC=CC=C3OC2=O)O
D09856,C(CC(=O)NC(CS)C(=O)NCC(=O)O)C(C(=O)O)N
D09857,CC(CS)C(=O)N1CCCC1C(=O)O
D09858,C1=CC(=CC=C1C(=O)NCCC(=O)O)N=NC2=CC(=C(C=C2)O)C(=O)O
D09859,"CN1C2CCC1C(C(C2)OC(=O)C3=CC=CC=C3)C(=O)OC
CCCCNC(=O)C1=CC=C(C=C1)N2CCOCC2"
D09860,CCC1=C2C(=CC=C1)C3=C(N2)C(OCC3)(CC)CC(=O)O
D09861,CC1(C(N2C(S1)C(C2=O)NC(=O)C(C3=CSC=C3)C(=O)O)C(=O)O)C
D09862,CC(C)NCC(COC1=CC=CC2=C1C=CN2)O
D09863,CC12CC(C3(C(C1CC(C2(C(=O)CO)O)O)CCC4=CC(=O)C=CC43C)F)O
D09864,C1CC1CN2C(=O)CN=C(C3=C2C=CC(=C3)Cl)C4=CC=CC=C4
D09865,CC1=CC=C(C=C1)C(=CCN2CCCC2)C3=CC=CC=N3
D09866,CN(C)CCC=C1C2=CC=CC=C2COC3=CC=CC=C31
D09867,CN(C)CCC=C1C2=CC=CC=C2SC3=C1C=C(C=C3)Cl
D09868,CN1CCCC(CC1)N2C(=O)C3=CC=CC=C3C(=N2)CC4=CC=C(C=C4)Cl
D09869,C1NC2=CC(=C(C=C2S(=O)(=O)N1)S(=O)(=O)N)Cl
D09870,CC(CC1=CC=CC=C1)N(C)CC2=CC=CC=C2
D09871,C1C(=O)NC2=C(C=C(C=C2)Br)C(=N1)C3=CC=CC=N3
D09872,CC1(C(=O)N(C(=S)N1C2=CC(=C(C=C2)C(=O)NC)F)C3=CC(=C(C=C3)C#N)C(F)(F)F)C
D09873,CCN1C=CC(=NC1=O)NS(=O)(=O)C2=CC=C(C=C2)N
D09874,CC1=C(N=C(N=C1N)C(CC(=O)N)NCC(C(=O)N)N)C(=O)NC(C(C2=CN=CN2)OC3C(C(C(C(O3)CO)O)O)OC4C(C(C(C(O4)CO)O)OC(=O)N)O)C(=O)NC(C)C(C(C)C(=O)NC(C(C)O)C(=O)NCCC5=NC(=CS5)C6=NC(=CS6)C(=O)NCCC[S+](C)C)O
D09875,CN1CCN2C(C1)C3=CC=CC=C3CC4=C2N=CC=C4
D09876,CC1=CC(=O)C(=CN1)C(=O)NC(C2=CC=C(C=C2)O)C(=O)NC3C4N(C3=O)C(=C(CS4)CSC5=NN=NN5C)C(=O)O
D09877,CC(C)CC1(C(=O)NC(=O)NC1=O)CC=C
D09878,C1=CC=C(C(=C1)CC(=O)O)NC2=C(C=CC=C2Cl)Cl
D09879,CC1=CC2=C(S1)NC3=CC=CC=C3N=C2N4CCN(CC4)C
D09880,COCC1=C(N2C(C(C2=O)NC(=O)C(=NOC)C3=CSC(=N3)N)SC1)C(=O)O
D09881,CC1=CC(=C(C(=C1C=CC(=CC=CC(=CC(=O)O)C)C)C)C)OC
D09882,CCN(CC)CC#CCOC(=O)C(C1CCCCC1)(C2=CC=CC=C2)O
D09883,CCCC(CCC)C(=O)O
D09884,CC(C(C(=O)O)N)O
D09885,CC=CCC=CCCC(=O)C1C(O1)C(=O)N
D09886,CC1=CC(=O)N(C(=C1)C2CCCCC2)O
D09887,C1=CC(=C(C=C1OC2=C(C=C(C=C2I)CC(C(=O)O)N)I)I)O
D09888,CN1C2CCC1CC(C2)OC(C3=CC=CC=C3)C4=CC=CC=C4
D09889,C(C(C1C(=C(C(=O)O1)O)O)O)O
D09890,CCCCC1=NC(=C(N1CC2=CC=C(C=C2)C3=CC=CC=C3C4=NNN=N4)CO)Cl
D09891,CC1(C(=O)NC(=O)N(C1=O)C)C2=CCCCC2
D09892,C1=CC=C(C(=C1)C(=O)OCC(CO)O)NC2=C3C=CC=C(C3=NC=C2)C(F)(F)F
D09893,CCC1=CC2=C(S1)N(C(=O)CN=C2C3=CC=CC=C3Cl)C
D09894,C(C(CS)S)O
D09895,CC1CC(=O)C=C(C12C(=O)C3=C(O2)C(=C(C=C3OC)OC)Cl)OC
D09896,CCC(C)C(=O)OC1CC(C=C2C1C(C(C=C2)C)CCC(CC(CC(=O)O)O)O)O
D09897,CCC1=CC2=C(S1)N(C(=O)CN=C2C3=CC=CC=C3Cl)C
D09898,CC1=C(C(CCC1)(C)C)C=CC(=CC=CC(=CC(=O)O)C)C
D09899,CCCC(C)C1(C(=O)NC(=O)NC1=O)CC
D09900,C(CS)N
D09901,CCC1(C(=O)NC(=O)N(C1=O)C)C2=CC=CC=C2
D09902,CCOC(=O)C1C(=O)NC2=C(C=C(C=C2)Cl)C(=N1)C3=CC=CC=C3F
D09903,C1NC2=C(C=C(C(=C2)C(F)(F)F)S(=O)(=O)N)S(=O)(=O)N1
D09904,CC1=C(C=C(C=C1)N2C(=O)C(=C(N2)C)N=NC3=CC=CC(=C3O)C4=CC(=CC=C4)C(=O)O)C
D09905,CN(C)CCCN1C2=CC=CC=C2CCC3=CC=CC=C31
D09906,C1=CC2=C(C(=C(C=C2Cl)Cl)O)N=C1
D09907,C1=CC=C(C=C1)C2=NC(C(=O)NC3=C2C=C(C=C3)Cl)O
D09908,CC(=O)NC(C=O)C(C(C(CO)O)O)O
D09909,CC(C)(CC1=CC=CC=C1)N
D09910,CN1CCC(=C2C3=CC=CC=C3CCC4=C2N=CC=C4)CC1
D09911,CC(=O)O
D09912,CC1CC(=O)NN=C1C2=CC=C(C=C2)NN=C(C#N)C#N
D09913,CCC(C)C(C(=O)O)N
D09914,CC(C)CC(C(=O)NC(CCCN=C(N)N)C(=O)N1CCCC1C(=O)NNC(=O)N)NC(=O)C(COC(C)(C)C)NC(=O)C(CC2=CC=C(C=C2)O)NC(=O)C(CO)NC(=O)C(CC3=CNC4=CC=CC=C43)NC(=O)C(CC5=CN=CN5)NC(=O)C6CCC(=O)N6
D09915,CN(C)CCC=C1C2=CC=CC=C2C=CC3=CC=CC=C31
D09916,CNCCC1=CC=CC=N1
D09917,CCC1C2(C(C(C(=O)C(CC(C(C(C(=O)C(C(=O)O1)C)C)OC3C(C(CC(O3)C)N(C)C)O)(C)OC)C)C)N(C(=O)O2)CCCCN4C=C(N=C4)C5=CN=CC=C5)C
D09918,CCCN1C2=C(C(=O)NC1=O)NC=N2
D09919,CC(C1=CC2=CC=CC=C2S1)N(C(=O)N)O
D09920,CC(C)CC(C(=O)C1(CO1)C)NC(=O)C(CC2=CC=CC=C2)NC(=O)C(CC(C)C)NC(=O)C(CCC3=CC=CC=C3)NC(=O)CN4CCOCC4
D09921,CN(C)CC1=NN=C2N1C3=C(C=C(C=C3)Cl)C(=NC2)C4=CC=CC=C4
D09922,CC1=C2C(=NC=C1)N(C3=C(C=CC=N3)C(=O)N2)C4CC4
D09923,CN1C2CCCC1CC(C2)NC(=O)C3=NN(C4=CC=CC=C43)C
D09924,CN1C2=C(C=C(C=C2)Cl)C(=NC(C1=O)O)C3=CC=CC=C3
D09925,C1CN(CC=C1N2C3=CC=CC=C3NC2=O)CCCC(=O)C4=CC=C(C=C4)F
D09926,CC(C)COCC(CN(CC1=CC=CC=C1)C2=CC=CC=C2)N3CCCC3
D09927,CCC(=C)C(=O)C1=C(C(=C(C=C1)OCC(=O)O)Cl)Cl
D09928,C1C(=O)N(C2=C(C=C(C=C2)Cl)C(=N1)C3=CC=CC=C3)CC(F)(F)F
D09929,CC12CCC3C(=CCC4=C3C=CC(=C4)O)C1CCC2=O
D09930,CC(C)C(CCCN(C)CCC1=CC(=C(C=C1)OC)OC)(C#N)C2=CC(=C(C=C2)OC)OC
D09931,CC(C1=CC2=CC=CC=C2S1)N(C(=O)N)O
D09932,CC1(C(=O)N(C(=S)N1C2=CC(=C(C=C2)C(=O)NC)F)C3=CC(=C(C=C3)C#N)C(F)(F)F)C
D09933,C1CCNC(C1)C(C2=CC(=NC3=C2C=CC=C3C(F)(F)F)C(F)(F)F)O
D09934,C1CC(NC1)C(=O)O
D09935,CC1=C(C=C(C=C1)NC2=NC=CC(=N2)N(C)C3=CC4=NN(C(=C4C=C3)C)C)S(=O)(=O)N
D09936,CC(C)CC(C(C(=O)NO)O)C(=O)NC(C(=O)NC)C(C)(C)C
D09937,CC(C)C1CCC(CC1)C(=O)NC(CC2=CC=CC=C2)C(=O)O
D09938,C[N+]1(CCC(C1)OC(=O)C(C2CCCC2)(C3=CC=CC=C3)O)C
D09939,C1C=C(N2C(S1)C(C2=O)NC(=O)C(=CCC(=O)O)C3=CSC(=N3)N)C(=O)O
D09940,CCC(CO)NC(=O)C1CN(C2CC3=CN(C4=CC=CC(=C34)C2=C1)C)C
D09941,C1=CC=C(C=C1)CO
D09942,C1=CN(C(=O)N=C1N)C2C(C(C(O2)CO)O)(F)F
D09943,CCCCCCCCCCCCCCCCCC(=O)O[Al].O.O
D09944,C1CN(CCN1)C2=NC3=CC=CC=C3OC4=C2C=C(C=C4)Cl
D09945,CN1C(=NC(=O)C(=O)N1)SCC2=C(N3C(C(C3=O)NC(=O)C(=NOC)C4=CSC(=N4)N)SC2)C(=O)O
D09946,CC1=CC(=NC(=N1)NS(=O)(=O)C2=CC=C(C=C2)N)C
D09947,C1C(C(OC1N2C=C(C(=O)NC2=O)C(F)(F)F)CO)O
D09948,CCC1(C(=O)C(CNC1=O)C)CC
D09949,CC1=CC(=CC=C1)NC2=C(C=NC=C2)S(=O)(=O)NC(=O)NC(C)C
D09950,CN1CCN(CC1)C(=O)OC2C3=NC=CN=C3C(=O)N2C4=NC=C(C=C4)Cl
D09951,C1CSSC1CCCCC(=O)O
D09952,C1C2CC(C1C=C2)C3NC4=CC(=C(C=C4S(=O)(=O)N3)S(=O)(=O)N)Cl
D09953,CC12CCC(=O)C=C1CC(C3C24C(O4)CC5(C3CCC56CCC(=O)O6)C)C(=O)OC
D09954,CC1=NS(=O)(=O)C2=C(N1)C=CC(=C2)Cl
D09955,COC1=C(C=CC(=C1)NS(=O)(=O)C)NC2=C3C=CC=CC3=NC4=CC=CC=C42
D09956,C(C(F)(F)F)(Cl)Br
D09957,CN(C)CC1CCCCC1(C2=CC(=CC=C2)OC)O
D09958,CNCC(C1=CC(=C(C=C1)O)O)O
D09959,C1=CC(=CC=C1C(=O)NC(CCC(=O)O)C(=O)O)NCC2=CN=C3C(=N2)C(=O)NC(=N3)N
D09960,CN1CCC(=C2C3=C(C(=O)CC4=CC=CC=C42)SC=C3)CC1
D09961,CN(C)CCC(C1=CC=CC=C1)(C2=CC=CC=C2Cl)O
D09962,CCN(CC)C(C)C(=O)C1=CC=CC=C1
D09963,C1CC(=O)NC(=O)C1N2CC3=C(C2=O)C=CC=C3N
D09964,CCOC(=O)C1(CCN(CC1)C)C2=CC=CC=C2
D09965,CC1(C2CCC(C2)C1(C)NC)C
D09966,CC1CCC2CC(C(=CC=CC=CC(CC(C(=O)C(C(C(=CC(C(=O)CC(OC(=O)C3CCCCN3C(=O)C(=O)C1(O2)O)C(C)CC4CCC(C(C4)OC)O)C)C)O)OC)C)C)C)OC
D09967,CNC1(CCCCC1=O)C2=CC=CC=C2Cl
D09968,COC1(C2N(C1=O)C(=C(CS2)COC(=O)N)C(=O)O)NC(=O)CC3=CC=CS3
D09969,CC(C)C(=O)OCC(=O)C12C(CC3C1(CC(C4C3CCC5=CC(=O)C=CC45C)O)C)OC(O2)C6CCCCC6
D09970,CC1=NN=C2N1C3=C(C=C(C=C3)Cl)C(=NC2)C4=CC=CC=C4Cl
D09971,C1CN(CC2=CC=CC=C21)C(=N)N
D09972,CC(C)C1(C(=O)NC(=O)NC1=O)CC=C
D09973,CC(=O)N1CCN(CC1)C2=CC=C(C=C2)OCC3COC(O3)(CN4C=CN=C4)C5=C(C=C(C=C5)Cl)Cl
D09974,COC1=NC=CN=C1NS(=O)(=O)C2=CC=C(C=C2)N
D09975,CCOP(=O)(OCC)SCC[N+](C)(C)C
D09976,CC1C2CC3=C(C1(CCN2CC=C(C)C)C)C=C(C=C3)O
D09977,CNCCC=C1C2=CC=CC=C2CCC3=CC=CC=C31
D09978,CCCCC1=NN(C(=N1)CCCC)CC2=CN=C(C=C2)C3=CC=CC=C3C4=NNN=N4
D09979,C[S+](CCC(C(=O)[O-])N)CC1C(C(C(O1)N2C=NC3=C(N=CN=C32)N)O)O
D09980,CC(=O)SC1CC2=CC(=O)CCC2(C3C1C4CCC5(C4(CC3)C)CCC(=O)O5)C
D09981,CC(C1=CC(=CC=C1)OC2=CC=CC=C2)C(=O)O
D09982,C1=CC(=C(C=C1C(CN)O)O)O
D09983,CCCC(C)C1(C(=O)NC(=O)NC1=O)CC
D09984,CC1=NC=C2N1C3=C(C=C(C=C3)Cl)C(=NC2)C4=CC=CC=C4F
D09985,CC1=CC(=CC(=C1NC2=NC(=NC=C2)NC3=CC=C(C=C3)C#N)C)C=CC#N
D09986,CCCC(=O)OC1(CCC2C1(CC(C3(C2CC(C4=CC(=O)C=CC43C)F)F)O)C)C(=O)COC(=O)C
D09987,C1C2CC2N(C1C#N)C(=O)C(C34CC5CC(C3)CC(C5)(C4)O)N
D09988,CCC(=C(CC)C1=CC=C(C=C1)O)C2=CC=C(C=C2)O
D09989,CN1CCN(CC1)C(=O)OC2C3=NC=CN=C3C(=O)N2C4=NC=C(C=C4)Cl
D09990,C[N+]1(C2CCC1CC(C2)OC(=O)C(C3=CC=CC=C3)O)C.[Br-]
D09991,CC1=CC=C(C=C1)C(=O)C2=CC(=C(C(=C2)O)O)[N+](=O)[O-]
D09992,CC1=CC=CC=C1N2CCN(CC2)CCC3=NN=C4N3CCCC4
D09993,CC(C1C(=O)NC(CSSCC(C(=O)NC(C(=O)NC(C(=O)NC(C(=O)N1)CCCCN)CC2=CNC3=CC=CC=C32)CC4=CC=CC=C4)NC(=O)C(CC5=CC=CC=C5)N)C(=O)NC(CO)C(C)O)O
D09994,C(CCN)CC(C(=O)O)N
D09995,C(CN(CC(=O)O)CC(=O)O)N(CC(=O)O)CC(=O)O
D09996,CC1CCC2CC(C(=CC=CC=CC(CC(C(=O)C(C(C(=CC(C(=O)CC(OC(=O)C3CCCCN3C(=O)C(=O)C1(O2)O)C(C)CC4CCC(C(C4)OC)OC(=O)C(C)(CO)CO)C)C)O)OC)C)C)C)OC
D09997,CC1CCCC2(C(O2)CC(NC(=O)CC(C(C(=O)C(C1O)C)(C)C)O)C(=CC3=CSC(=N3)C)C)C
D09998,C(=O)(O)P(=O)(O)O
D09999,CC(CN1C2=CC=CC=C2CCC3=CC=CC=C31)CN(C)C
D10000,C1=CC=C(C=C1)CCCC(=O)OCC(COC(=O)CCCC2=CC=CC=C2)OC(=O)CCCC3=CC=CC=C3
D10001,CCCC1=NC(=C(N1CC2=CC=C(C=C2)C3=CC=CC=C3C4=NNN=N4)C(=O)O)C(C)(C)O
D10002,CCC(=O)OC(CC1=CC=CC=C1)(C2=CC=CC=C2)C(C)CN(C)C
D10003,CCCC1=NC2=C(N1CC3=CC=C(C=C3)C4=CC=CC=C4C(=O)O)C=C(C=C2C)C5=NC6=CC=CC=C6N5C
D10004,C1CCCN(CCC1)CCN=C(N)N
D10005,COC(=O)C1C(CCC2C1CC3C4=C(CCN3C2)C5=CC=CC=C5N4)O
D10006,CCC(=O)C1=CC2=C(C=C1)SC3=CC=CC=C3N2CC(C)N(C)C
D10007,COC1(C2N(C1=O)C(=C(CS2)COC(=O)N)C(=O)O)NC(=O)CC3=CC=CS3
D10008,CC(C1=CC=C(S1)C(=O)C2=CC=CC=C2)C(=O)O
D10009,C1CN(CCN1CCOCCO)C2=NC3=CC=CC=C3SC4=CC=CC=C42
D10010,CC1=C(N2C(C(C2=O)NC(=O)C(C3=CC=C(C=C3)O)N)SC1)C(=O)O
D10011,CC(C)CC1(C(=O)NC(=O)NC1=O)CC=C
D10012,CNCCC(C1=CC=CC=C1)OC2=CC=C(C=C2)C(F)(F)F
D10013,C1C2=NN=CN2C3=C(C=C(C=C3)Cl)C(=N1)C4=CC=CC=C4
D10014,C[N+]1(C2CC(CC1C3C2O3)OC(=O)C(CO)C4=CC=CC=C4)C.[Br-]
D10015,C1=C(C=C(C(=C1I)OC2=CC(=C(C(=C2)I)O)I)I)CC(C(=O)O)N
D10016,CC(C1=CC2=C(C=C1)C=C(C=C2)OC)C(=O)O
D10017,CCN1C=C(C(=O)C2=C1C=C(C=C2)C3=CC=NC=C3)C(=O)O
D10018,CC1(C(NC(S1)C(C(=O)NCCCCC(C(=O)O)N)NC(=O)CC2=CC=CC=C2)C(=O)O)C.C(CCN)CC(C(=O)O)N
D10019,CCOC(=O)C1=C(NC(=C(C1C2=CC=CC=C2Cl)C(=O)OC)C)COCCN
D10020,CC(C)NCCCC1(C2=CC=CC=C2C3=CC=CC=C31)C(=O)N
D10021,CCC1C=C(C(CC=CC=C(C(=O)OC(CC=C(C=C(C1OC2C(C(C(C(O2)(C)C)OC(=O)C(C)C)O)O)C)C)C(C)O)COC3C(C(C(C(O3)C)OC(=O)C4=C(C(=C(C(=C4O)Cl)O)Cl)CC)O)OC)O)C
D10022,C1CN(CCN1CCOC(=O)C2=CC=CC=C2NC3=C4C=CC(=CC4=NC=C3)C(F)(F)F)C5=CC=CC(=C5)C(F)(F)F
D10023,CC1C2C(C(=O)N2C(=C1SC3CC(NC3)C(=O)NC4=CC=CC(=C4)C(=O)O)C(=O)O)C(C)O
D10024,CCN(CC)CCOC(=O)C1=C(C=C(C=C1)N)Cl
D10025,CC(C)C(=O)OC1=C(C=C(C=C1)CO)C(CCN(C(C)C)C(C)C)C2=CC=CC=C2
D10026,CC(C)(C)C1=CC(=C(C=C1NC(=O)C2=CNC3=CC=CC=C3C2=O)O)C(C)(C)C
D10027,CC1=CC2=C(C=C1C)N(C3=NC(=O)NC(=O)C3=N2)CC(C(C(COP(=O)(O)OP(=O)(O)OCC4C(C(C(O4)N5C=NC6=C(N=CN=C65)N)O)O)O)O)O
D10028,CCC1=C(NC2=C1C(=O)C(CC2)CN3CCOCC3)C
D10029,[Al]
D10030,CC(=O)OC1=CC=C(C=C1)C(C2=CC=C(C=C2)OC(=O)C)C3=CC=CC=N3
D10031,C1=CC=C(C=C1)C2=NC(C(=O)NC3=C2C=C(C=C3)Cl)O
D10032,C1=CC=C(C=C1)C2(C(=O)NC(=O)N2)C3=CC=CC=C3
D10033,C1=CC=C(C=C1)C2=NC(C(=O)NC3=C2C=C(C=C3)Cl)O
D10034,CN(CCOC1=CC=C(C=C1)CC2C(=O)NC(=O)S2)C3=CC=CC=N3
D10035,C1=CC=C(C=C1)CCN=C(N)N=C(N)N
D10036,C1CC(=O)NC(=O)C1N2CC3=C(C2=O)C=CC=C3N
D10037,COC(=O)C(C1CCCCN1)C2=CC=CC=C2
D10038,CC(C=CC(C1CC1)O)C2CCC3C2(CCCC3=CC=C4CC(CC(C4=C)O)O)C
D10039,COC(C(Cl)Cl)(F)F
D10040,CC(C)CC(C(C(=O)NO)O)C(=O)NC(C(=O)NC)C(C)(C)C
D10041,C(OC(C(F)(F)F)C(F)(F)F)F
D10042,CC=CC1=C(N2C(C(C2=O)NC(=O)C(C3=CC=C(C=C3)O)N)SC1)C(=O)O
D10043,CC(=O)OC1=CC=CC=C1C(=O)O
D10044,C1=CC=C(C(=C1)C2=NN(C(=N2)C3=CC=CC=C3O)C4=CC=C(C=C4)C(=O)O)O
D10045,CCC1(C(=O)NC(=O)NC1=O)CCC(C)C
D10046,COC(CNC(=O)N)C[Hg]Cl
D10047,CN1C(NC2=CC(=C(C=C2S1(=O)=O)S(=O)(=O)N)Cl)CCl
D10048,CN1C(=O)CC(=O)N(C2=C1C=CC(=C2)Cl)C3=CC=CC=C3
D10049,CC1=C(C2=C(CCC(O2)(C)CCCC(C)CCCC(C)CCCC(C)C)C(=C1O)C)C
D10050,CN=C1CN(C(=C2C=C(C=CC2=N1)Cl)C3=CC=CC=C3)O
D10051,CC1=CN=C(C=N1)C(=O)NCCC2=CC=C(C=C2)S(=O)(=O)NC(=O)NC3CCCCC3
D10052,CC(C)OC(=O)CCCC=CCC1C(CC(C1C=CC(COC2=CC=CC(=C2)C(F)(F)F)O)O)O
D10053,CN1CCC23C=CC(CC2OC4=C(C=CC(=C34)C1)OC)O
D10054,CCCS(=O)(=O)NC1=C(C(=C(C=C1)F)C(=O)C2=CNC3=C2C=C(C=N3)C4=CC=C(C=C4)Cl)F
D10055,C1CN(CCN1CCCN2C(=O)N3C=CC=CC3=N2)C4=CC(=CC=C4)Cl
D10056,CCC12CCC3C(C1CCC2(C#C)O)CCC4=CC(=NO)CCC34
D10057,CN(C)CCC=C1C2=CC=CC=C2COC3=CC=CC=C31
D10058,CC1=CC2=C(N1)C=CC=C2OCC(CNC(C)(C)C)OC(=O)C3=CC=CC=C3
D10059,CC1=C(C=C(C=C1)NC(=O)C2=CC=C(C=C2)CN3CCN(CC3)C)NC4=NC=CC(=N4)C5=CN=CC=C5
D10060,CN1CCN(CC1)CC(=O)N2C3=CC=CC=C3C(=O)NC4=C2N=CC=C4
D10061,C1=NC(=C2C(=N1)N(C=N2)C3C(C(C(O3)COP(=O)(O)O)O)O)N
D10062,C1C(=O)NC2=C(C=C(C=C2)[N+](=O)[O-])C(=N1)C3=CC=CC=C3Cl
D10063,C(C(F)(F)F)(OC(F)F)Cl
D10064,CN1C(=NN=N1)SCC2=C(N3C(C(C3=O)(NC(=O)CSCC#N)OC)SC2)C(=O)O
D10065,C1CN=C(N1)NC2=C(C=C(C=C2Cl)N)Cl
D10066,CCN(CC)CCNC1=C2C(=C(C=C1)C)SC3=CC=CC=C3C2=O
D10067,CC1=C(C2=C(C1=CC3=CC=C(C=C3)S(=O)C)C=CC(=C2)F)CC(=O)O
D10068,C1CC(N(C1)C(=O)C2CSSCC(C(=O)NC(C(=O)NC(C(=O)NC(C(=O)NC(C(=O)N2)CC(=O)N)CCC(=O)N)CC3=CC=CC=C3)CC4=CC=C(C=C4)O)NC(=O)CNC(=O)CNC(=O)CN)C(=O)NC(CCCCN)C(=O)NCC(=O)N
D10069,CC1=CC2=C(S1)NC3=CC=CC=C3N=C2N4CCN(CC4)C
D10070,CC(C)OC(=O)C(C)NP(=O)(OCC1C(C(C(O1)N2C=CC(=O)NC2=O)(C)F)O)OC3=CC=CC=C3
D10071,C1=CC=NC(=C1)NS(=O)(=O)C2=CC=C(C=C2)N=NC3=CC(=C(C=C3)O)C(=O)O
D10072,CC(C)(CC1=CC=CC=C1)N
D10073,CN1CCN(CC1)C2=NC3=CC=CC=C3OC4=C2C=C(C=C4)Cl
D10074,CN(CCCNC(=O)C1CCCO1)C2=NC3=CC(=C(C=C3C(=N2)N)OC)OC
D10075,CCN(CC)CCN1C(=O)CN=C(C2=C1C=CC(=C2)Cl)C3=CC=CC=C3F
D10076,CN1C(S(=O)(=O)CCC1=O)C2=CC=C(C=C2)Cl
D10077,CN1CC(=O)N2C(C1=O)CC3=C(C2C4=CC5=C(C=C4)OCO5)NC6=CC=CC=C36
D10078,CC(CS)C(=O)N1CCCC1C(=O)O
D10079,CC1CC2C3CC(C4=CC(=O)C=CC4(C3(C(CC2(C1(C(=O)CO)O)C)O)F)C)F
D10080,CN1C=NC2=C1C(=O)N(C(=O)N2C)C
D10081,CCCN1CCCCC1C(=O)NC2=C(C=CC=C2C)C
D10082,CCCC(CCC)C(=O)O
D10083,CCOC(=O)CC(C(=O)OCC)SP(=S)(OC)OC
D10084,CC1(CC1C(=O)NC(=CCCCCSCC(C(=O)O)N)C(=O)O)C
D10085,CC1CC2CCC3C(=C)CC(O3)CCC45CC6C(O4)C7C(O6)C(O5)C8C(O7)CCC(O8)CC(=O)CC9C(CC(C1=C)O2)OC(C9OC)CC(CN)O
D10086,CC12CCC3C(C1CCC2(C#C)O)CCC4=CC5=C(CC34C)C=NO5
D10087,CC(C)OC(=O)C(C)NP(=O)(OCC1C(C(C(O1)N2C=CC(=O)NC2=O)(C)F)O)OC3=CC=CC=C3
D10088,CC1C(C(CC(O1)OC2CC(CC3=C2C(=C4C(=C3O)C(=O)C5=C(C4=O)C(=CC=C5)OC)O)(C(=O)C)O)N)O
D10089,C1=CC(=C(C=C1F)F)C(CN2C=NC=N2)(CN3C=NC=N3)O
D10090,C(C(=O)O)N
D10091,[Fe]
D10092,CCO
D10093,C1C2=NN=CN2C3=C(C=C(C=C3)Cl)C(=N1)C4=CC=CC=C4
D10094,C1CN(CCN1CCOCCO)C2=NC3=CC=CC=C3SC4=CC=CC=C42
D10095,CC(=O)OC1CC2CCC3C(C2(CC1[N+]4(CCCCC4)C)C)CCC5(C3CC(C5OC(=O)C)[N+]6(CCCCC6)C)C
D10096,CCC1(C(=O)C(CNC1=O)C)CC
D10097,CCC(CO)NC(=O)C1CN(C2CC3=CN(C4=CC=CC(=C34)C2=C1)C)C
D10098,CN1CCN2C(C1)C3=CC=CC=C3CC4=C2N=CC=C4
D10099,COC1=C(C=C2C(=C1)C(=NC(=N2)N3CCN(CC3)C(=O)C4COC5=CC=CC=C5O4)N)OC
D10100,CN1C=CNC1=S
D10101,CC12CCC3C(C1CCC2C(=O)NC(C)(C)C)CCC4C3(C=CC(=O)N4)C
D10102,CC(CN1C2=CC=CC=C2CCC3=CC=CC=C31)CN(C)C
D10103,CC1(C(N2C(S1)C(C2=O)NC(=O)C3=C(C=CC=C3OC)OC)C(=O)O)C
D10104,CN1CCC(CC1)COC2=C(C=C3C(=C2)N=CN=C3NC4=C(C=C(C=C4)Br)F)OC
D10105,CC1=NN=C(N1C2CC3CCC(C2)N3CCC(C4=CC=CC=C4)NC(=O)C5CCC(CC5)(F)F)C(C)C
D10106,CCN(CC)CCOC(=O)C1=CC=C(C=C1)N
D10107,C1CN(CC=C1N2C3=CC=CC=C3NC2=O)CCCC(=O)C4=CC=C(C=C4)F
D10108,CC1=CC2=C(C=C1C)N(C=N2)C3C(C(C(O3)CO)OP(=O)([O-])OC(C)CNC(=O)CCC4(C(C5C6(C(C(C(=N6)C(=C7C(C(C(=N7)C=C8C(C(C(=N8)C(=C4[N-]5)C)CCC(=O)N)(C)C)CCC(=O)N)(C)CC(=O)N)C)CCC(=O)N)(C)CC(=O)N)C)CC(=O)N)C)O.O.[Co]
D10109,C1CNCC(C2=CC(=C(C(=C21)Cl)O)O)C3=CC=C(C=C3)O
D10110,CCCNC1CCC2=C(C1)SC(=N2)N
D10111,CCN(CC)C(=O)NC1CN(C2CC3=CNC4=CC=CC(=C34)C2=C1)C
D10112,C1=CN=CC=C1N
D10113,C1CN(CCN1CCOCCO)C(C2=CC=CC=C2)C3=CC=C(C=C3)Cl
D10114,CC(=O)NCCCS(=O)(=O)O
D10115,CC1(C(N2C(S1)C(C2=O)NC(=O)C(C3=CC=CC=C3)N)C(=O)OCOC(=O)C(C)(C)C)C
D10116,CC1(C2CC3C(C(=O)C(=C(C3(C(=O)C2=C(C4=C1C=CC=C4O)O)O)O)C(=O)N)N(C)C)O
D10117,CC(C)CCCC(C)C1CCC2C1(CCCC2=CC=C3CC(CC(C3=C)O)O)C
D10118,CN1C=NC2=C1C(=O)N(C(=O)N2C)C
D10119,CC1=CN=C(C(=C1OC)C)CS(=O)C2=NC3=C(N2)C=C(C=C3)OC
D10120,CC(CC1=CC=CC=C1)NC
D10121,CCNC1CC(C(C(C1OC2C(C(C(CO2)(C)O)NC)O)O)OC3C(CC=C(O3)CN)N)N
D10122,C1CC1CN2CCC34C5C(=O)CCC3(C2CC6=C4C(=C(C=C6)O)O5)O
D10123,CC1C=CC=C(C(=O)N=C2C(=C3C(=C4C2=NC5(N4)CCN(CC5)CC(C)C)C6=C(C(=C3O)C)OC(C6=O)(OC=CC(C(C(C(C(C(C1O)C)O)C)OC(=O)C)C)OC)C)O)C
D10124,CN1C2CCC1CC(C2)OC(=O)C(CO)C3=CC=CC=C3
D10125,CC(C)C(CCCN(C)CCC1=CC(=C(C=C1)OC)OC)(C#N)C2=CC(=C(C=C2)OC)OC
D10126,CNC(=O)C1=NC=CC(=C1)OC2=CC(=C(C=C2)NC(=O)NC3=CC(=C(C=C3)Cl)C(F)(F)F)F
D10127,C(C(=O)O)N
D10128,C(C(OC(F)F)(F)F)(F)Cl
D10129,CN(C)CCCN1C2=CC=CC=C2SC3=C1C=C(C=C3)Cl
D10130,CC1=CC(=C(C(=C1OC(=O)C)C)C)OCC(CNC(C)C)O
D10131,COC1=C(C=C(C=C1)Cl)C(=O)NCCC2=CC=C(C=C2)S(=O)(=O)NC(=O)NC3CCCCC3
D10132,CCN1C=C(C(=O)C2=C1N=C(C=C2)C)C(=O)O
D10133,C1=CC=C2C(=C1)C(=NO2)CS(=O)(=O)N
D10134,CC(C)CC(C(=O)O)N
D10135,CCCC(C)C1(C(=O)NC(=S)NC1=O)CC
D10136,C1C(C(C(C(C1N)OC2C(C(C(C(O2)CO)O)N)O)O)OC3C(CC(C(O3)CN)O)N)N
D10137,CN1CCC(=C2C3=C(C(=O)CC4=CC=CC=C42)SC=C3)CC1
D10138,[Fe]
D10139,C(C(C1C(=C(C(=O)O1)O)O)O)O
D10140,CC1=C(N=CN1)CN2CCC3=C(C2=O)C4=CC=CC=C4N3C
D10141,CC1=NC=CN1CC2CCC3=C(C2=O)C4=CC=CC=C4N3C
D10142,C(CN(CC(=O)O)CC(=O)O)N(CC(=O)O)CC(=O)O
D10143,CC(C)CC1(C(=O)NC(=O)NC1=O)CC=C
D10144,CC(C)(C)NCC(COC1=NSN=C1N2CCOCC2)O
D10145,CCOC(=O)C1(CCN(CC1)C)C2=CC=CC=C2
D10146,CCCCC(CC)CN1CC(CN(C1)CC(CC)CCCC)(C)N
D10147,CSCCC(C(=O)O)N
D10148,C1=CC=C2C(=C1)C=NN=C2NN
D10149,C[N+]1(C2CC(CC1C3C2O3)OC(=O)C(C4=CC=CS4)(C5=CC=CS5)O)C
D10150,C1C(C2C(O1)C(CO2)O[N+](=O)[O-])O[N+](=O)[O-]
D10151,CNCCC1=CC=CC=N1
D10152,C1=NC(=NC(=O)N1C2C(C(C(O2)CO)O)O)N
D10153,CC1C2C(C3C(C(=O)C(=C(C3(C(=O)C2=C(C4=C1C=CC=C4O)O)O)O)C(=O)N)N(C)C)O
D10154,CC1C(OCCN1C)C2=CC=CC=C2
D10155,C(C(=O)O)N
D10156,CN1CCN(CC1)CCC=C2C3=CC=CC=C3SC4=C2C=C(C=C4)S(=O)(=O)N(C)C
D10157,CCN(CC)C(C)C(=O)C1=CC=CC=C1
D10158,CC1=C(SC=N1)C=CC2=C(N3C(C(C3=O)NC(=O)C(=NOC)C4=CSC(=N4)N)SC2)C(=O)O
D10159,C1=CN(C=N1)CC(O)(P(=O)(O)O)P(=O)(O)O
D10160,CN=C1CN(C(=C2C=C(C=CC2=N1)Cl)C3=CC=CC=C3)O
D10161,CC1=CC(=O)N(N1C)C2=CC=CC=C2
D10162,CNCCCN1C2=CC=CC=C2CCC3=CC=CC=C31
D10163,C[N+](C)(C)CCOC(=O)CCC(=O)OCC[N+](C)(C)C
D10164,CN1CCC23CCCCC2C1CC4=C3C=C(C=C4)OC
D10165,CC1CC2C3C(CC4=CC(=O)C=CC4(C3C(CC2(C1(C(=O)CO)O)C)O)C)Cl
D10166,CCC=CCC=CCC=CCC=CCC=CCCCC(=O)O
D10167,C1C(CNC1C(=O)O)O
D10168,CC(C)N(CCC(C1=CC=CC=C1)(C2=CC=CC=N2)C(=O)N)C(C)C
D10169,C1=CC=C(C=C1)COC2=CC=C(C=C2)O
D10170,CCCCC1(C(=O)NC(=O)NC1=O)CC
D10171,CC(CCC(=O)O)C1CCC2C1(CCC3C2C(CC4C3(CCC(C4)O)C)O)C
D10172,CN1CCCCC1CCN2C3=CC=CC=C3SC4=C2C=C(C=C4)SC
D10173,CC12CCC3C(C1CCC2(C#C)O)CCC4=C3C=CC(=C4)OC5CCCC5
D10174,C(CC(=O)N)C(C(=O)O)N
D10175,CC1=C(C(=O)N2CCCC(C2=N1)O)CCN3CCC(CC3)C4=NOC5=C4C=CC(=C5)F
D10176,C(CC(=O)O)C(=O)O
D10177,CC1C=CC=C(C(=O)NC2=C(C(=C3C(=C2O)C(=C(C4=C3C(=O)C(O4)(OC=CC(C(C(C(C(C(C1O)C)O)C)OC(=O)C)C)OC)C)C)O)O)C=NN5CCN(CC5)C6CCCC6)C
D10178,CC1=C(C2=C(C1=CC3=CC=C(C=C3)S(=O)C)C=CC(=C2)F)CC(=O)O
D10179,CC1C(C(CC(O1)OC2CCC3(C(C2)CCC4C3CC(C5(C4(CCC5C6=CC(=O)OC6)O)C)O)C)O)OC7CC(C(C(O7)C)OC8CC(C(C(O8)C)OC9C(C(C(C(O9)CO)O)O)O)O)O
D10180,CC=C(C)C(=O)OC1C(=CC23C1(C(C(=CC(C2=O)C4C(C4(C)C)CC3C)CO)O)O)C
D10181,C1C2N(C1=O)C(C(=CCO)O2)C(=O)O
D10182,COC(=O)C1C(CCC2C1CC3C4=C(CCN3C2)C5=CC=CC=C5N4)O
D10183,C1=NC2=C(N1CCC(CO)CO)N=C(NC2=O)N
D10184,CN1C2=C(C(=O)N(C1=O)C)N(C=N2)CC(CO)O
D10185,CN(C)CCOC(C1=CC=CC=C1)C2=CC=C(C=C2)Br
D10186,C1=CC(=CC=C1CCC2=CNC3=C2C(=O)NC(=N3)N)C(=O)NC(CCC(=O)O)C(=O)O
D10187,C1CN(CCC12C(=O)NCN2C3=CC=CC=C3)CCCC(C4=CC=C(C=C4)F)C5=CC=C(C=C5)F
D10188,C1CN(CCN1CCC2=C(C=C3C(=C2)CC(=O)N3)Cl)C4=NSC5=CC=CC=C54
D10189,CCC#CC(C)C1(C(=O)NC(=O)N(C1=O)C)CC=C
D10190,CN1C2CCC1CC(C2)OC(=O)C(CO)C3=CC=CC=C3
D10191,CC1CC2C3CC(C4=CC(=O)C=CC4(C3(C(CC2(C1(C(=O)SCF)OC(=O)C5=CC=CO5)C)O)F)C)F
D10192,CNCC(C1=CC(=C(C=C1)O)O)O
D10193,CN(C)CCC1=CNC2=C1C=C(C=C2)CN3C=NC=N3
D10194,CN1C(=O)CN=C(C2=C1C=CC(=C2)Cl)C3=CC=CC=C3
D10195,CN1C2CCC1CC(C2)OC(=O)C(CO)C3=CC=CC=C3
D10196,CC(C)(C(=O)O)ON=C(C1=CSC(=N1)N)C(=O)NC2C3N(C2=O)C(=C(CS3)C[N+]4=CC=CC=C4)C(=O)[O-]
D10197,CC(CN1C2=CC=CC=C2CCC3=CC=CC=C31)CN(C)C
D10198,CN1CCCC1CC2=CNC3=C2C=C(C=C3)CCS(=O)(=O)C4=CC=CC=C4
D10199,C1=CC(=C(C(=C1)Cl)C=NN=C(N)N)Cl
D10200,C(C(F)(F)F)(OC(F)F)F
D10201,CC1=CC=CC=C1S(=O)(=O)NC(=O)C2=CC(=C(C=C2)CC3=CN(C4=C3C=C(C=C4)NC(=O)OC5CCCC5)C)OC
D10202,CC(=O)NC(C=O)C(C(C(CO)O)O)O
D10203,CCCC1(CC(=C(C(=O)O1)C(CC)C2=CC(=CC=C2)NS(=O)(=O)C3=NC=C(C=C3)C(F)(F)F)O)CCC4=CC=CC=C4
D10204,CC1=CC2=C(C=C1C)N(C3=NC(=O)NC(=O)C3=N2)CC(C(C(COP(=O)(O)OP(=O)(O)OCC4C(C(C(O4)N5C=NC6=C(N=CN=C65)N)O)O)O)O)O
D10205,C1=CC=C(C=C1)CCCC(=O)OCC(COC(=O)CCCC2=CC=CC=C2)OC(=O)CCCC3=CC=CC=C3
D10206,C(C(=O)O)N
D10207,CC12CCC3C(C1CCC2(C)O)CCC4C3(COC(=O)C4)C
D10208,CNC(=O)C1=NC=CC(=C1)OC2=CC(=C(C=C2)NC(=O)NC3=CC(=C(C=C3)Cl)C(F)(F)F)F
D10209,COC1=CC2=C(C=C1C(=O)NCC3CCCN3CC=C)NN=N2
D10210,COC1=CC=CC=C1OCCNCC(COC2=CC=CC3=C2C4=CC=CC=C4N3)O
D10211,CCCCC(C)(CC=CC1C(CC(=O)C1CCCCCCC(=O)OC)O)O
D10212,C1=CC=C2C(=C1)C(=NO2)CS(=O)(=O)N
D10213,CC1=C(C(=NO1)C2=C(C=CC=C2Cl)F)C(=O)NC3C4N(C3=O)C(C(S4)(C)C)C(=O)O
D10214,CC1=NC=C2N1C3=C(C=C(C=C3)Cl)C(=NC2)C4=CC=CC=C4F
D10215,CN(C1=CC=C(C=C1)O)C(=O)C(Cl)Cl
D10216,CC1=CC(=NO1)C(=O)NNCC2=CC=CC=C2
D10217,CC1(C(N2C(S1)C(C2=O)N=CN3CCCCCC3)C(=O)OCOC(=O)C(C)(C)C)C
D10218,C1=CC=C2C(=C1)NC(=N2)C3=CSC=N3
D10219,CC=C(C)C(=O)OC1C(=CC23C1(C(C(=CC(C2=O)C4C(C4(C)C)CC3C)CO)O)O)C
D10220,C1CC1CN2C(=O)CN=C(C3=C2C=CC(=C3)Cl)C4=CC=CC=C4
D10221,COC(=O)C(C1=CC=CC=C1Cl)N2CCC3=C(C2)C=CS3
D10222,CN1CCC2=C3C1CC4=C(C3=CC=C2)C(=C(C=C4)O)O
D10223,CCOC(=O)C1C(=O)NC2=C(C=C(C=C2)Cl)C(=N1)C3=CC=CC=C3F
D10224,CN=C1CN(C(=C2C=C(C=CC2=N1)Cl)C3=CC=CC=C3)O
D10225,CC1=CC(=NC(=N1)N2C(=CC(=N2)C)OC)OC
D10226,C(C(F)(F)F)(Cl)Br
D10227,CC(=O)OCC(CCN1C=NC2=CN=C(N=C21)N)COC(=O)C
D10228,CCOC(=O)NC1=C(N=C(C=C1)NCC2=CC=C(C=C2)F)N
D10229,C[N+](C)(C)CC(CC(=O)[O-])O
D10230,CC(=O)OC1C=CC2C3CC4=C5C2(C1OC5=C(C=C4)OC(=O)C)CCN3C
D10231,C1=COC(=C1)CNC2=CC(=C(C=C2C(=O)O)S(=O)(=O)N)Cl
D10232,C1C(=O)N(C2=C(C=C(C=C2)Cl)C(=N1)C3=CC=CC=C3)CC(F)(F)F
D10233,COC1C(CC2CN3CCC4=C(C3CC2C1C(=O)OC)NC5=CC=CC=C45)OC(=O)C6=CC(=C(C(=C6)OC)OC)OC
D10234,C1=CC=C(C=C1)CC2NC3=C(C=C(C(=C3)C(F)(F)F)S(=O)(=O)N)S(=O)(=O)N2
D10235,CC1=C(C=C(C=C1)C2C(C(C(C(O2)CO)O)O)O)CC3=CC=C(S3)C4=CC=C(C=C4)F
D10236,CC1C=CC=C(C(=O)N=C2C(=C3C(=C4C2=NC5(N4)CCN(CC5)CC(C)C)C6=C(C(=C3O)C)OC(C6=O)(OC=CC(C(C(C(C(C(C1O)C)O)C)OC(=O)C)C)OC)C)O)C
D10237,CN1C(=C2C(=NC=N2)N(C1=O)C)[O-].C[N+](C)(C)CCO
D10238,C1CN(CC=C1N2C3=CC=CC=C3NC2=O)CCCC(=O)C4=CC=C(C=C4)F
D10239,CC1=C(C(CC(C1)O)(C)C)C=CC(=CC=CC(=CC=CC=C(C)C=CC=C(C)C=CC2C(=CC(CC2(C)C)O)C)C)C
D10240,CCCC(C)C1(C(=O)NC(=O)NC1=O)CC
D10241,C1C2C3=CC=CC=C3CC4=CC=CC=C4N2C(=N1)N
D10242,CN(C)CCC=C1C2=CC=CC=C2COC3=CC=CC=C31
D10243,CC(=O)OC1CC2CCC3C(C2(CC1N4CC[N+](CC4)(C)C)C)CCC5(C3CC(C5OC(=O)C)N6CC[N+](CC6)(C)C)C
D10244,CCN(CC)CCN1C(=O)CN=C(C2=C1C=CC(=C2)Cl)C3=CC=CC=C3F
D10245,CCCC(=O)OC1(CCC2C1(CC(C3(C2CC(C4=CC(=O)C=CC43C)F)F)O)C)C(=O)COC(=O)C
D10246,CC1=C(C=C(C=C1)C(=O)NC2=CC(=CC(=C2)C(F)(F)F)N3C=C(N=C3)C)NC4=NC=CC(=N4)C5=CN=CC=C5
D10247,C1=CC(=C(C=C1Cl)Cl)COC(CN2C=CN=C2)C3=C(C=C(C=C3)Cl)Cl
D10248,CC(C(C1=CC=CC=C1)O)NC
D10249,CC1CC2C3CC(C4=CC(=O)C=CC4(C3(C(CC2(C1(C(=O)CCl)O)C)O)F)C)F
D10250,CC(CN1C2=CC=CC=C2SC3=C1C=C(C=C3)OC)CN(C)C
D10251,CN1CCCC(CC1)N2C(=O)C3=CC=CC=C3C(=N2)CC4=CC=C(C=C4)Cl
D10252,CNS(=O)(=O)CC1=CC2=C(C=C1)NC=C2CCN(C)C
D10253,[O-]S(=O)(=O)[O-].[Mg+2]
D10254,CCCNC1CCC2=C(C1)SC(=N2)N
D10255,CC1=C(C=CC2=C1OC(=O)C(=C2O)NC(=O)C3=CC(=C(C=C3)O)CC=C(C)C)OC4C(C(C(C(O4)(C)C)OC)OC(=O)N)O
D10256,CCN(CC)CC(=O)NC1=C(C=CC=C1C)C
D10257,CC(C)(C)NCC(COC1=CC=CC2=C1CCC(=O)N2)O
D10258,CC(C)(C)NCC(C1=CC(=C(C(=C1)Cl)N)Cl)O
D10259,CCOC1=CC=CC=C1OCCNC(C)CC2=CC(=C(C=C2)OC)S(=O)(=O)N
D10260,COC(C(Cl)Cl)(F)F
D10261,COC(=O)C(C1CCCCN1)C2=CC=CC=C2
D10262,CCN(CC)C(=O)NC1CN(C2CC3=CNC4=CC=CC(=C34)C2=C1)C
D10263,COC1C(CC2CN3CCC4=C(C3CC2C1C(=O)OC)NC5=C4C=CC(=C5)OC)OC(=O)C6=CC(=C(C(=C6)OC)OC)OC
D10264,CN1CCN(CC1)C(=O)OC2C3=NC=CN=C3C(=O)N2C4=NC=C(C=C4)Cl
D10265,C(CC(C(=O)O)N)CNC(=O)N
D10266,CC1=CC(=NN=C1NCCN2CCOCC2)C3=CC=CC=C3
D10267,[K+].[I-]
D10268,C(CC(=O)O)C(=O)O
D10269,CN1CCN(CC1)CC(=O)N2C3=CC=CC=C3C(=O)NC4=C2N=CC=C4
D10270,CC1=NN=C(S1)SCC2=C(N3C(C(C3=O)NC(=O)CN4C=NN=N4)SC2)C(=O)O
D10271,CN1CCC(C1)CN2C3=CC=CC=C3SC4=CC=CC=C42
D10272,C1=CC(=C(C=C1Cl)O)OC2=C(C=C(C=C2)Cl)Cl
D10273,CC1=CC(=NO1)C(=O)NNCC2=CC=CC=C2
D10274,CNC1CCC(C2=CC=CC=C12)C3=CC(=C(C=C3)Cl)Cl
D10275,CC1COC2=C3N1C=C(C(=O)C3=CC(=C2N4CCN(CC4)C)F)C(=O)O
D10276,CCNC(=O)N(CCCN(C)C)C(=O)C1CC2C(CC3=CNC4=CC=CC2=C34)N(C1)CC=C
D10277,C1=C(C=C(C(=C1I)OC2=CC(=C(C(=C2)I)O)I)I)CC(C(=O)O)N
D10278,COC(C(Cl)Cl)(F)F
D10279,CC(C)OC(=O)CCCC=CCC1C(CC(C1CCC(CCC2=CC=CC=C2)O)O)O
D10280,C1=CC=C2C(=C1)C(=O)NC2(C3=CC(=C(C=C3)Cl)S(=O)(=O)N)O
D10281,CC1C(OCCN1C)C2=CC=CC=C2
D10282,C1CCN(CC(C1)N)C2=C(C=C3C(=C2Cl)N(C=C(C3=O)C(=O)O)C4CC4)F
D10283,CN1CCCC1CC2=CNC3=C2C=C(C=C3)CCS(=O)(=O)C4=CC=CC=C4
D10284,C1CN(CCN1CCCN2C3=CC=CC=C3SC4=C2C=C(C=C4)Cl)CCO
D10285,CN1CCN(CC1)C2=NC3=CC=CC=C3OC4=C2C=C(C=C4)Cl
D10286,CC(=O)[O-].CC(=O)[O-].[Ca+2]
D10287,CC1=NN=C2N1C3=C(C=C(C=C3)Cl)C(=NC2)C4=CC=CC=C4
D10288,COC1=CC(=CC(=C1O)OC)C2C3C(COC3=O)C(C4=CC5=C(C=C24)OCO5)OC6C(C(C7C(O6)COC(O7)C8=CC=CS8)O)O
D10289,C[N+](C)(C)CCOC(=O)CCC(=O)OCC[N+](C)(C)C
D10290,CCCC(C)C1(C(=O)NC(=S)NC1=O)CC
D10291,CCOC1=NC2=CC=CC(=C2N1CC3=CC=C(C=C3)C4=CC=CC=C4C5=NNN=N5)C(=O)OC(C)OC(=O)OC6CCCCC6
D10292,CCN(CC)C(=O)C1(CC1CN)C2=CC=CC=C2
D10293,C1=CC=C(C=C1)CC(C(=O)O)N
D10294,C1=CC(=CC=C1C2C(C(=O)N2C3=CC=C(C=C3)F)CCC(C4=CC=C(C=C4)F)O)O
D10295,CC#CC1(CCC2C1(CC(C3=C4CCC(=O)C=C4CCC23)C5=CC=C(C=C5)N(C)C)C)O
D10296,CC1=CC(=NC(=N1)N2C(=CC(=N2)C)OC)OC
D10297,CC(C)(C(=O)O)OC1=CC=C(C=C1)CCNC(=O)C2=CC=C(C=C2)Cl
D10298,COCCOCC(CC1(CCCC1)C(=O)NC2CCC(CC2)C(=O)O)C(=O)OC3=CC4=C(CCC4)C=C3
D10299,C[N+]1(CCCC1)CC2=C(N3C(C(C3=O)NC(=O)C(=NOC)C4=CSC(=N4)N)SC2)C(=O)[O-]
D10300,CCN(CC)C(=O)N1CCN(CC1)C
D10301,C1=CC=C2C(=C1)C(=NO2)CS(=O)(=O)N
D10302,CCOC(=O)C(CCC1=CC=CC=C1)NC2CCC3=CC=CC=C3N(C2=O)CC(=O)O
D10303,C1CN(CCN1CCOCCO)C2=NC3=CC=CC=C3SC4=CC=CC=C42
D10304,CC1=NC=CN1CC2CCC3=C(C2=O)C4=CC=CC=C4N3C
D10305,CC1=C(N2C(C(C2=O)NC(=O)C(C3=CC=C(C=C3)O)N)SC1)C(=O)O
D10306,CC(C)C1(C(=O)NC(=O)NC1=O)CC=C
D10307,CCC1=C2CN3C(=CC4=C(C3=O)COC(=O)C4(CC)O)C2=NC5=C1C=C(C=C5)OC(=O)N6CCC(CC6)N7CCCCC7
D10308,CCCCC1(C(=O)NC(=O)NC1=O)CC
D10309,CSCCC(C(=O)O)N
D10310,CC(CC1=CC=C(C=C1)OC)NCC(C2=CC(=C(C=C2)O)NC=O)O
D10311,C=CCN1CCC23C4C(=O)CCC2(C1CC5=C3C(=C(C=C5)O)O4)O
D10312,C1CN(CCN1C(=O)CCBr)C(=O)CCBr
D10313,CC(C)(CC1=CC=CC=C1)NC
D10314,CC12CCC(=O)C=C1C3CC3C4C2CCC5(C4C6CC6C57CCC(=O)O7)C
D10315,CCN(CC)CCOC(=O)C1=CC=C(C=C1)N
D10316,CC1=CC=C(C=C1)C2=CC(=NN2C3=CC=C(C=C3)S(=O)(=O)N)C(F)(F)F
D10317,CSCCC(C(=O)O)N
D10318,C[N+]1(CCC2=CC(=C(C(=C2C1CC3=CC(=C(C(=C3)OC)OC)OC)OC)OC)OC)CCCOC(=O)CCC(=O)OCCC[N+]4(CCC5=CC(=C(C(=C5C4CC6=CC(=C(C(=C6)OC)OC)OC)OC)OC)OC)C
D10319,C1=NC2=NC=NC(=C2N1)N
D10320,CC1CC2C3CCC(C3(CC(C2C4(C1=CC(=O)CC4)C)O)C)C(=O)C
D10321,C(C(C(=O)O)N)S
D10322,CC1=C(C(=CC=C1)NC2=CC=CC=C2C(=O)O)C
D10323,CC1=CC2=C(S1)NC3=CC=CC=C3N=C2N4CCN(CC4)C
D10324,CNC(=C[N+](=O)[O-])NCCSCC1=CSC(=N1)CN(C)C
D10325,COC(C(Cl)Cl)(F)F
D10326,CC(C)CC1CN2CCC3=CC(=C(C=C3C2CC1=O)OC)OC
D10327,C1=CC2=C(C=C1O)C(=CN2)CC(C(=O)O)N
D10328,CC1(C(N2C(S1)C(C2=O)NC(=O)C(C3=CC=CC=C3)NC(=O)N4CCNC4=O)C(=O)O)C
D10329,CN1CCN2C(C1)C3=CC=CC=C3CC4=CC=CC=C42
D10330,COC(CNC(=O)N)C[Hg]Cl
D10331,CC(C)(C)OC(=O)NCCC(=O)NC(CC1=CNC2=CC=CC=C21)C(=O)NC(CCSC)C(=O)NC(CC(=O)O)C(=O)NC(CC3=CC=CC=C3)C(=O)N
D10332,CCOC(=O)C(CCC1=CC=CC=C1)NC(C)C(=O)N2CC3=CC=CC=C3CC2C(=O)O
D10333,C1=NC2=C(N1COCCO)N=C(NC2=O)N
D10334,C1=CC=C2C(=C1)C(=CN2)CC(C(=O)O)N
D10335,CC12CCC3C(C1CCC2O)CCC45C3(CC(=C(C4O5)O)C#N)C
D10336,CC(=O)CC(C1=CC=C(C=C1)[N+](=O)[O-])C2=C(C3=CC=CC=C3OC2=O)O
D10337,CC1=CC(=NN=C1NCCN2CCOCC2)C3=CC=CC=C3
D10338,CC1=C(C=C(C=C1)C(=O)NC2=CC(=C(C=C2)CN3CCN(CC3)C)C(F)(F)F)C#CC4=CN=C5N4N=CC=C5
D10339,CN1C(=O)CN=C(C2=C1C=CC(=C2)Cl)C3=CC=CC=C3F
D10340,C=CCN1CCC23CCCCC2C1CC4=C3C=C(C=C4)O
D10341,CN1C=NC2=C1C(=O)N(C(=O)N2C)C
D10342,C1C(OC(S1)CO)N2C=C(C(=NC2=O)N)F
D10343,CC1=NS(=O)(=O)C2=C(N1)C=CC(=C2)Cl
D10344,CN(C)CCC(C1=CC=C(C=C1)Cl)C2=CC=CC=N2
D10345,CN1CCN(CC1)C2=NC3=CC=CC=C3OC4=C2C=C(C=C4)Cl
D10346,CCCSC1=CC2=C(C=C1)N=C(N2)NC(=O)OC
D10347,CCC1(CCC(=O)NC1=O)C2=CC=CC=C2
D10348,C1=CC=C(C=C1)CCNN
D10349,CC1=CC(=O)C(=CN1)C(=O)NC(C2=CC=C(C=C2)O)C(=O)NC3C4N(C3=O)C(=C(CS4)CSC5=NN=NN5C)C(=O)O
D10350,CCCC(C(=O)C(=O)NC1CC1)NC(=O)C2C3CCCC3CN2C(=O)C(C(C)(C)C)NC(=O)C(C4CCCCC4)NC(=O)C5=NC=CN=C5
D10351,CC(C1=NC=NC=C1F)C(CN2C=NC=N2)(C3=C(C=C(C=C3)F)F)O
D10352,CN1C2CCC1CC(C2)OC(=O)C(CO)C3=CC=CC=C3
D10353,CC1=CC2=C(C=C1C)N(C3=NC(=O)NC(=O)C3=N2)CC(C(C(COP(=O)(O)OP(=O)(O)OCC4C(C(C(O4)N5C=NC6=C(N=CN=C65)N)O)O)O)O)O
D10354,CC(CC1=CC(=C(C=C1)O)O)C(C)CC2=CC(=C(C=C2)O)O
D10355,CC1C=CC=C(C(=O)N=C2C(=C3C(=C4C2=NC5(N4)CCN(CC5)CC(C)C)C6=C(C(=C3O)C)OC(C6=O)(OC=CC(C(C(C(C(C(C1O)C)O)C)OC(=O)C)C)OC)C)O)C
D10356,CCCC(CCC)C(=O)O
D10357,C(CC(O)(P(=O)(O)O)P(=O)(O)O)CN
D10358,C1CCN(CC1)C2=NC(=N)N(C(=C2)N)O
D10359,C1CN(CCC1(C2=CC=C(C=C2)Cl)O)CCCC(=O)C3=CC=C(C=C3)F
D10360,CC(C(C(=O)O)N)O
D10361,CCNC(=O)N(CCCN(C)C)C(=O)C1CC2C(CC3=CNC4=CC=CC2=C34)N(C1)CC=C
D10362,CC12CCC(=O)C=C1C=CC3C2CCC4(C3CCC4(CCC(=O)O)O)C
D10363,CCCC(=O)OC(COC(=O)CC)COP(=O)(O)OCC(C(=O)O)N
D10364,C1CN(CCN1CC=CC2=CC=CC=C2)C(C3=CC=CC=C3)C4=CC=CC=C4
D10365,CC(C)NCC(COC1=CC=C(C=C1)CCOCC2CC2)O
D10366,CCN1C2=CC3=C(C=C2C(=O)C(=N1)C(=O)O)OCO3
D10367,CC12CCC3C(C1CCC2(CC=C)O)CCC4=CCCCC34
D10368,CCN(CC)CCNC(=O)C1=CC(=C(C=C1OC)N)Cl
D10369,CC1=C(C(=CC=C1)C)OCC(C)N
D10370,C(CC(=O)O)C(=O)O
D10371,C(=O)(O)P(=O)(O)O
D10372,C1=CC=NC(=C1)NS(=O)(=O)C2=CC=C(C=C2)N=NC3=CC(=C(C=C3)O)C(=O)O
D10373,C1CC1C#CC2(C3=C(C=CC(=C3)Cl)NC(=O)O2)C(F)(F)F
D10374,CC(CC1=CC=CC=C1)N(C)CC2=CC=CC=C2
D10375,C1=CC(=CC(=C1)I)CN=C(N)N
D10376,CCOC(=O)C(CCC1=CC=CC=C1)NC(C)C(=O)N2CC3=CC(=C(C=C3CC2C(=O)O)OC)OC
D10377,CC(C)C1=C(C(=CC=C1)C(C)C)OCOP(=O)(O)O
D10378,C1=C2C(=CC(=C1Cl)S(=O)(=O)N)S(=O)(=O)N=CN2
D10379,C1CC(=O)NC(=O)C1N2C(=O)C3=C(C2=O)C(=CC=C3)N
D10380,CC1=CC2=C(S1)NC3=CC=CC=C3N=C2N4CCN(CC4)C
D10381,CC(C)(C)C#CC=CCN(C)CC1=CC=CC2=CC=CC=C21
D10382,C(C(C(=O)O)N)O
D10383,C(CC(=O)O)C(=O)O
D10384,CCC1(C(=O)NCNC1=O)C2=CC=CC=C2
D10385,CC(C)CC1C(=O)N2CCCC2C3(N1C(=O)C(O3)(C(C)C)NC(=O)C4CN(C5CC6=C(NC7=CC=CC(=C67)C5=C4)Br)C)O
D10386,CNCCCN1C2=CC=CC=C2CCC3=CC=CC=C31
D10387,CN(C)CCOC1=CC=C(C=C1)C(=C(CCCl)C2=CC=CC=C2)C3=CC=CC=C3
D10388,CC1=NC=C2N1C3=C(C=C(C=C3)Cl)C(=NC2)C4=CC=CC=C4F
D10389,CC(C1=CC(=CC=C1)C(=O)C2=CC=CC=C2)C(=O)O
D10390,CN1CCN(CC1)C2=NC3=C(C=CC(=C3)Cl)NC4=CC=CC=C42
D10391,CC1=C2C(C(=O)C3(C(CC4C(C3C(C(C2(C)C)(CC1OC(=O)C(C(C5=CC=CC=C5)NC(=O)OC(C)(C)C)O)O)OC(=O)C6=CC=CC=C6)(CO4)OC(=O)C)O)C)O
D10392,CCC(=O)C1=CC2=C(C=C1)SC3=CC=CC=C3N2CC(C)N(C)C
D10393,CC(C)CC(C(C(=O)NO)O)C(=O)NC(C(=O)NC)C(C)(C)C
D10394,CC12CCC(=O)C=C1C3CC3C4C2CCC5(C4C6CC6C57CCC(=O)O7)C
D10395,C1CN(CC2=C1SC=C2)CC3=CC=CC=C3Cl
D10396,C(C(C(=O)O)N)C(=O)N
D10397,C1CN(CCC12CNC(=O)O2)CCC3=CC=CC=C3
D10398,CCC1(C(=O)NC(=O)NC1=O)C2=CCCCCC2
D10399,CCC=CCC=CCC=CCCCCCCCC(=O)O
D10400,C1=CC(=C(C(=C1)F)CN2C=C(N=N2)C(=O)N)F
D10401,CC(=O)C1=CC(=C(C=C1)OCCCN2CCC(CC2)C3=NOC4=C3C=CC(=C4)F)OC
D10402,C1=CC=C(C=C1)CSCC2=NS(=O)(=O)C3=CC(=C(C=C3N2)Cl)S(=O)(=O)N
D10403,CCC1=C2CN3C(=CC4=C(C3=O)COC(=O)C4(CC)O)C2=NC5=C1C=C(C=C5)OC(=O)N6CCC(CC6)N7CCCCC7
D10404,[N+](=O)([O-])[O-].[N+](=O)([O-])[O-].[N+](=O)([O-])[O-].[Ga+3]
D10405,CC12CCC3C(C1CCC2O)C(CC4=C3C=CC(=C4)O)CCCCCCCCCS(=O)CCCC(C(F)(F)F)(F)F
D10406,C(C(C1C(=C(C(=O)O1)O)O)O)O
D10407,CC1=CC2=C(C=C1C)N(C=N2)C3C(C(C(O3)CO)OP(=O)([O-])OC(C)CNC(=O)CCC4(C(C5C6(C(C(C(=C(C7=NC(=CC8=NC(=C(C4=N5)C)C(C8(C)C)CCC(=O)N)C(C7(C)CC(=O)N)CCC(=O)N)C)[N-]6)CCC(=O)N)(C)CC(=O)N)C)CC(=O)N)C)O.[C-]#N.[Co+3]
D10408,COC(=O)NC1=NC2=C(N1)C=C(C=C2)C(=O)C3=CC=CC=C3
D10409,C[S+](CCC(C(=O)[O-])N)CC1C(C(C(O1)N2C=NC3=C(N=CN=C32)N)O)O
D10410,C1CCC(C1)C(CC#N)N2C=C(C=N2)C3=C4C=CNC4=NC=N3
D10411,COC1=CC=CC=C1OCCNCC(COC2=CC=CC3=C2C4=CC=CC=C4N3)O
D10412,COC1=CC2=C(C=C1C(=O)NCC3CCCN3CC=C)NN=N2
D10413,CC1(C2CC3C(C(=O)C(=C(C3(C(=O)C2=C(C4=C1C=CC=C4O)O)O)O)C(=O)NCNCCCCC(C(=O)O)N)N(C)C)O
D10414,CC(C)(C(C(=O)O)N)S
D10415,CN1CCN(CC1)C2=NC3=CC=CC=C3OC4=C2C=C(C=C4)Cl
D10416,CC(C)COCC(CN(CC1=CC=CC=C1)C2=CC=CC=C2)N3CCCC3
D10417,CC(CC1=CC=CC=C1)NC(=O)C(CCCCN)N
D10418,CC1(C(=O)NC(=O)N(C1=O)C)C2=CCCCC2
D10419,C[N+](C)(C)CCOC(=O)N
D10420,C1=CC(=CC=C1CCCC(=O)O)N(CCCl)CCCl
D10421,C1=CC(=C(C=C1N)O)C(=O)O
D10422,C1=C(C(=C(C(=C1Cl)Cl)CC2=C(C(=CC(=C2Cl)Cl)Cl)O)O)Cl
D10423,CC1=NN=C(S1)SCC2=C(N3C(C(C3=O)NC(=O)CN4C=NN=N4)SC2)C(=O)O
D10424,CC(C)CC(C(=O)C1(CO1)C)NC(=O)C(CC2=CC=CC=C2)NC(=O)C(CC(C)C)NC(=O)C(CCC3=CC=CC=C3)NC(=O)CN4CCOCC4
D10425,CN1CCC(=C2C3=CC=CC=C3C=CC4=CC=CC=C42)CC1
D10426,C1=CC(=CC=C1N)S(=O)(=O)C2=CC=C(C=C2)N
D10427,C1C(=O)NC2=C(C=C(C=C2)Br)C(=N1)C3=CC=CC=N3
D10428,CCOC(=O)C=C1N(C(=O)C(S1)N2CCCCC2)C
D10429,C1=CC=C2C(=C1)C(=NO2)CS(=O)(=O)N
D10430,CC1CC(=O)NN=C1C2=CC=C(C=C2)NN=C(C#N)C#N
D10431,CC1C=CC=C(C(=O)N=C2C(=C3C(=C4C2=NC5(N4)CCN(CC5)CC(C)C)C6=C(C(=C3O)C)OC(C6=O)(OC=CC(C(C(C(C(C(C1O)C)O)C)OC(=O)C)C)OC)C)O)C
D10432,CN1C2=C(C(=O)N(C1=O)C)NC=N2
D10433,CC(C1=CC(=CC=C1)OC2=CC=CC=C2)C(=O)O
D10434,CC(C)(C)C1=CC(=C(C=C1NC(=O)C2=CNC3=CC=CC=C3C2=O)O)C(C)(C)C
D10435,CN1CC2C(C1)C3=C(C=CC(=C3)Cl)OC4=CC=CC=C24.C(=CC(=O)O)C(=O)O
D10436,CC(C)OP(=O)(OC(C)C)F
D10437,CN1CCCC1C2=CN=CC=C2
D10438,CC(=O)NCCC1=CNC2=C1C=C(C=C2)OC
D10439,CC1=CC2=C(C=C1C)N(C3=NC(=O)NC(=O)C3=N2)CC(C(C(COP(=O)(O)OP(=O)(O)OCC4C(C(C(O4)N5C=NC6=C(N=CN=C65)N)O)O)O)O)O
D10440,C1CC(=O)C(C(=O)C1)C(=O)C2=C(C=C(C=C2)C(F)(F)F)[N+](=O)[O-]
D10441,CC1=CNN=C1
D10442,CCNC(=O)N(CCCN(C)C)C(=O)C1CC2C(CC3=CNC4=CC=CC2=C34)N(C1)CC=C
D10443,C1=CC(=C(C=C1C(CN)O)O)O
D10444,C1=CC(=C(C=C1C2=C(C=C(C=C2)F)F)C(=O)O)O
D10445,CC(C)NCC(C1=CC(=C(C=C1)O)O)O
D10446,C1CC(=O)C(C(=O)C1)C(=O)C2=C(C=C(C=C2)C(F)(F)F)[N+](=O)[O-]
D10447,CCOC(=O)C1=C2CN(C(=O)C3=C(N2C=N1)C=CC(=C3)F)C
D10448,[N]=O
D10449,C[N+]1(CCC(=C(C2=CC=CC=C2)C3=CC=CC=C3)CC1)C.COS(=O)(=O)[O-]
D10450,CC1(C(NC(S1)C(C(=O)NCCCCC(C(=O)O)N)NC(=O)CC2=CC=CC=C2)C(=O)O)C.C(CCN)CC(C(=O)O)N
D10451,CN1CC2C(C1)C3=C(C=CC(=C3)Cl)OC4=CC=CC=C24.C(=CC(=O)O)C(=O)O
D10452,CC12CCC3C(C1CCC2C(=O)NC(C)(C)C)CCC4C3(C=CC(=O)N4)C
D10453,CCCCC(=O)N(CC1=CC=C(C=C1)C2=CC=CC=C2C3=NNN=N3)C(C(C)C)C(=O)O
D10454,COC1(C2N(C1=O)C(=C(CS2)COC(=O)N)C(=O)O)NC(=O)CC3=CC=CS3
D10455,CN1C(=O)CC(=O)N(C2=C1C=CC(=C2)Cl)C3=CC=CC=C3
D10456,CC1(C(N2C(S1)C(C2=O)N=CN3CCCCCC3)C(=O)OCOC(=O)C(C)(C)C)C
D10457,C1=NC(=C2C(=N1)N(C=N2)C3C(C(C(O3)COP(=O)(O)OP(=O)(O)OP(=O)(O)O)O)O)N
D10458,CC1=CC=C(C=C1)S(=O)(=O)NC(=O)NN2CC3CCCC3C2
D10459,C(C(C1C(=C(C(=O)O1)O)O)O)O
D10460,CC1C2CCC3(C(C2(CCC1O)C)C(CC4C3(CC(C4=C(CCC=C(C)C)C(=O)O)OC(=O)C)C)O)C
D10461,C1CN=C(N1)NC2=C(C=CC=C2Cl)Cl
D10462,CC12CCC3C(C1CCC2(C#C)O)CCC4=CC(=O)CCC34
D10463,CCCCCC=CCC=CCC=CCCCCCCC(=O)O
D10464,C(CN)C(O)(P(=O)(O)O)P(=O)(O)O
D10465,CC(=O)NCCC1=CNC2=C1C=C(C=C2)OC
D10466,CC(C(C(=O)O)N)O
D10467,CC1=NN=C2N1C3=C(C=C(C=C3)Cl)C(=NC2)C4=CC=CC=C4Cl
D10468,CC12CCC3C(C1CCC2C(=O)NC4=C(C=CC(=C4)C(F)(F)F)C(F)(F)F)CCC5C3(C=CC(=O)N5)C
D10469,CN1C(=O)CN=C(C2=C1C=CC(=C2)Cl)C3=CC=CC=C3
D10470,CC1=C(C=C(C=C1)C2C(C(C(C(O2)CO)O)O)O)CC3=CC=C(S3)C4=CC=C(C=C4)F
D10471,C1CC1CN2C(=O)CN=C(C3=C2C=CC(=C3)Cl)C4=CC=CC=C4
D10472,CCCN(CCC)CCC1=C2CC(=O)NC2=CC=C1
D10473,C(CC(=O)NC(CS)C(=O)NCC(=O)O)C(C(=O)O)N
D10474,CN1CCN(CC1)CCCOC2=C(C=C3C(=C2)N=CC(=C3NC4=CC(=C(C=C4Cl)Cl)OC)C#N)OC
D10475,CCC(=O)N(C1CCN(CC1)CCC2=CC=CC=C2)C3=CC=CC=C3
D10476,CCC1C(C2C(C(C(CC(C(C(C(C(C(=O)O1)C)OC3CC(C(C(O3)C)O)(C)OC)C)OC4C(C(CC(O4)C)N(C)C)O)(C)O)C)NC(O2)COCCOC)C)(C)O
D10477,CN1C=NC(=C1SC2=NC=NC3=C2NC=N3)[N+](=O)[O-]
D10478,CC1=CN(C(=O)NC1=O)C2CC(C(O2)CO)O
D10479,CC12CCC3C(C1CCC2OC(=O)CCC4=CC=CC=C4)CCC5=CC(=O)CCC35
D10480,CN(C)CCC(C1=CC=C(C=C1)Br)C2=CC=CC=N2
D10481,C1=CC=C2C(=C1)C(=O)NC2(C3=CC(=C(C=C3)Cl)S(=O)(=O)N)O
D10482,CC[PH+](CC)CC.CC(=O)OCC1C(C(C(C(O1)[S-])OC(=O)C)OC(=O)C)OC(=O)C.[Au]
D10483,C1CCC(CC1)C(=O)N2CC3C4=CC=CC=C4CCN3C(=O)C2
D10484,CN(C)CCC=C1C2=CC=CC=C2CCC3=CC=CC=C31
D10485,CN(C)CCC=C1C2=CC=CC=C2COC3=CC=CC=C31
D10486,CN1CCC23CCCCC2C1CC4=C3C=C(C=C4)OC
D10487,CN1CCN(CC1)C(=O)OC2C3=NC=CN=C3C(=O)N2C4=NC=C(C=C4)Cl
D10488,CC(=O)NC1C(C=C(OC1C(C(CO)O)O)C(=O)O)N=C(N)N
D10489,CC(=O)NCCC1=CC=CC2=C1C=C(C=C2)OC
D10490,CC1=NN=C2N1C3=C(C=C(C=C3)Cl)C(=NC2)C4=CC=CC=C4
D10491,CN(C)CCC=C1C2=CC=CC=C2C=CC3=CC=CC=C31
D10492,CN1C2CCCC1CC(C2)NC(=O)C3=NN(C4=CC=CC=C43)C
D10493,C1C(C(OC1N2C=C(C(=O)NC2=O)C(F)(F)F)CO)O
D10494,C1CC1CN2C(=O)CN=C(C3=C2C=CC(=C3)Cl)C4=CC=CC=C4
D10495,CC(=O)OC1C(CC2C1(CCC3C2CCC4C3(CC(C(C4)O)N5CCOCC5)C)C)[N+]6(CCCC6)CC=C
D10496,C1=CC=C2C(=C1)C(=O)OC23C4=C(C=C(C=C4)O)OC5=C3C=CC(=C5)O
D10497,C1=CC(=C(C=C1Cl)Cl)C(CN2C=CN=C2)OCC3=C(SC=C3)Cl
D10498,CC1(OC2COC3(C(C2O1)OC(O3)(C)C)COS(=O)(=O)N)C
D10499,C(CC(C(=O)O)N)CN=C(N)N
D10500,C1=CC=C2C(=C1)C(=NO2)CS(=O)(=O)N
D10501,CC1=C(C(=O)C2=CC=CC=C2C1=O)CC=C(C)CCCC(C)CCCC(C)CCCC(C)C
D10502,CN(C)CCC=C1C2=CC=CC=C2SC3=C1C=C(C=C3)Cl
D10503,CC(=O)C(=O)O
D10504,CC(C)NCC(C1=CC(=C(C=C1)O)O)O
D10505,C1CCNC(C1)C(C2=CC(=NC3=C2C=CC=C3C(F)(F)F)C(F)(F)F)O
D10506,C1C(=C(N2C(S1)C(C2=O)NC(=O)C(C3=CC=CC=C3)N)C(=O)O)Cl
D10507,CC1=C2C(=NC=C1)N(C3=C(C=CC=N3)C(=O)N2)C4CC4
D10508,CN(C)CCCN1C2=CC=CC=C2SC3=C1C=C(C=C3)Cl
D10509,CCCCCC(C)(C=CC1C(CC(C1CC=CCCCC(=O)[O-])O)O)O.C(C(CO)(CO)[NH3+])O
D10510,CN(C)CCC(C1=CC=C(C=C1)Br)C2=CC=CC=N2
D10511,C1C(N=C(NC1O)N)C2C(=O)NCC(C(=O)NC(C(=O)NC(C(=O)NC(=CNC(=O)N)C(=O)N2)CO)CO)NC(=O)CC(CCCN)N
D10512,CC1=CC2=C(C=C1C)N(C=N2)C3C(C(C(O3)CO)OP(=O)([O-])OC(C)CNC(=O)CCC4(C(C5C6(C(C(C(=C(C7=NC(=CC8=NC(=C(C4=N5)C)C(C8(C)C)CCC(=O)N)C(C7(C)CC(=O)N)CCC(=O)N)C)[N-]6)CCC(=O)N)(C)CC(=O)N)C)CC(=O)N)C)O.[C-]#N.[Co+3]
D10513,CCOC(=O)C1C(=O)NC2=C(C=C(C=C2)Cl)C(=N1)C3=CC=CC=C3F
D10514,CC1=CC(=NN=C1NCCN2CCOCC2)C3=CC=CC=C3
D10515,CN1CCN(CC1)C(C2=CC=CC=C2)C3=CC=CC=C3
D10516,CCCC(CCC)C(=O)OC1CC2CCC(C1)[N+]2(C)C.[Br-]
D10517,CC(C)CC(C1(CCC1)C2=CC=C(C=C2)Cl)N(C)C
D10518,C1NC2=CC(=C(C=C2S(=O)(=O)N1)S(=O)(=O)N)Cl
D10519,CC(C)COCC(CN(CC1=CC=CC=C1)C2=CC=CC=C2)N3CCCC3
D10520,CCNC(=O)N(CCCN(C)C)C(=O)C1CC2C(CC3=CNC4=CC=CC2=C34)N(C1)CC=C
D10521,C1CCC2(CC1)OCC(O2)CN=C(N)N
D10522,COC(C(Cl)Cl)(F)F
D10523,CN1CCCC(C1)CC2C3=CC=CC=C3SC4=CC=CC=C24
D10524,CCOC(=O)NC1=C(C=C(C=C1)NCC2=CC=C(C=C2)F)N
D10525,C1=CC=C2C(=C1)C(=O)O[Bi]O2.O
D10526,C[N+](C)(C)CCO
D10527,C1=CC2=C(C=CC(=C2N=C1)O)[N+](=O)[O-]
D10528,CNCCCN1C2=CC=CC=C2CCC3=CC=CC=C31
D10529,CC1=C(C(=NO1)C2=CC=CC=C2Cl)C(=O)NC3C4N(C3=O)C(C(S4)(C)C)C(=O)O
D10530,C(C(F)(F)F)(OC(F)F)F
D10531,CC(C)(C)OC(=O)NCCC(=O)NC(CC1=CNC2=CC=CC=C21)C(=O)NC(CCSC)C(=O)NC(CC(=O)O)C(=O)NC(CC3=CC=CC=C3)C(=O)N
D10532,CNC1(CCCCC1=O)C2=CC=CC=C2Cl
D10533,CC(C)(C)NCC(COC1=CC=CC2=C1CC(C(C2)O)O)O
D10534,CCOC(=O)C=C1N(C(=O)C(S1)N2CCCCC2)C
D10535,CN1CCN(CC1)CCC=C2C3=CC=CC=C3SC4=C2C=C(C=C4)S(=O)(=O)N(C)C
D10536,CC(C1=CC=C(S1)C(=O)C2=CC=CC=C2)C(=O)O
D10537,CC(=O)OC1=CC=CC=C1C(=O)O
D10538,CC1CCN(C(C1)C(=O)O)C(=O)C(CCCN=C(N)N)NS(=O)(=O)C2=CC=CC3=C2NCC(C3)C
D10539,CN1CCC23C4C(=O)CCC2(C1CC5=C3C(=C(C=C5)OC)O4)O
D10540,CC1=C(C=C(C=C1)C(=O)NC2=C3C(=CC(=CC3=C(C=C2)S(=O)(=O)O)S(=O)(=O)O)S(=O)(=O)O)NC(=O)C4=CC(=CC=C4)NC(=O)NC5=CC=CC(=C5)C(=O)NC6=C(C=CC(=C6)C(=O)NC7=C8C(=CC(=CC8=C(C=C7)S(=O)(=O)O)S(=O)(=O)O)S(=O)(=O)O)C
D10541,CC1(C(=O)N2C(C(=O)N3CCCC3C2(O1)O)CC4=CC=CC=C4)NC(=O)C5CN(C6CC7=CNC8=CC=CC(=C78)C6=C5)C
D10542,[K+].[I-]
D10543,C1CCC(CC1)C(CCN2CCCCC2)(C3=CC=CC=C3)O
D10544,CN(CCCCCCCCCCN(C)C(=O)OC1=CC=CC(=C1)[N+](C)(C)C)C(=O)OC2=CC=CC(=C2)[N+](C)(C)C
D10545,CC(C)(C)C1=CC=C(C=C1)CN2CCN(CC2)C(C3=CC=CC=C3)C4=CC=C(C=C4)Cl
D10546,CC1(C2CC3C(C(=O)C(=C(C3(C(=O)C2=C(C4=C1C=CC=C4O)O)O)O)C(=O)NCNCCCCC(C(=O)O)N)N(C)C)O
D10547,CN(C)CCC=C1C2=CC=CC=C2COC3=CC=CC=C31
D10548,C[N+](C)(C)CCO
D10549,CCCCCCCCCCCCCCCCCC(=O)O[Al].O.O
D10550,CC(=O)OCC(CCN1C=NC2=CN=C(N=C21)N)COC(=O)C
D10551,CCC1(C(=O)NC(=O)NC1=O)CCC(C)C
D10552,CCN1C=CC(=NC1=O)NS(=O)(=O)C2=CC=C(C=C2)N
D10553,CC(=O)N1CCN(CC1)C2=CC=C(C=C2)OCC3COC(O3)(CN4C=CN=C4)C5=C(C=C(C=C5)Cl)Cl
D10554,CC(C1C2CC(=C(N2C1=O)C(=O)O)SCCN=CN)O
D10555,CNCC(C1=CC(=C(C=C1)O)O)O
D10556,CC(CS)C(=O)N1CCCC1C(=O)O
D10557,CC1=C(C(C(=C(N1)C)C(=O)OC(C)C)C2=CC=CC3=NON=C32)C(=O)OC
D10558,CCCCCCCCCCCCCCCCCC(=O)O[Al].O.O
D10559,C1CC(=O)NC(=O)C1N2CC3=C(C2=O)C=CC=C3N
D10560,C1CCC(CC1)N2C(=NN=N2)CCCCOC3=CC4=C(C=C3)NC(=O)CC4
D10561,C1=CC(=C(C=C1CCN)O)O
D10562,C1=CC(=CC=C1NCS(=O)O)S(=O)(=O)C2=CC=C(C=C2)NCS(=O)O
D10563,CC(CN1C2=CC=CC=C2CCC3=CC=CC=C31)CN(C)C
D10564,CCN(C1=CC=CC=C1C)C(=O)C=CC
D10565,C1=CC=C(C(=C1)C2=NC(C(=O)N(C3=C2C=C(C=C3)Cl)CCC#N)O)F
D10566,C1CC(=O)NC(=O)C1N2C(=O)C3=C(C2=O)C(=CC=C3)N
D10567,C(OC(C(F)(F)F)C(F)(F)F)F
D10568,COC(=O)NC1=NC2=C(N1)C=C(C=C2)C(=O)C3=CC=C(C=C3)F
D10569,CC#CCC(C)C(C=CC1C(CC2C1CC(=CCCCC(=O)O)C2)O)O
D10570,CC12CCC3C(C1CCC2(C)O)CCC4C3(CC5=C(C4)NN=C5)C
D10571,CN1C2=C(C=C(C=C2)Cl)C(=NC(C1=O)O)C3=CC=CC=C3
D10572,CCC(C)C1(C(=O)NC(=O)NC1=O)CC=C
D10573,CC1=C(C(CCC1)(C)C)C=CC(=CC=CC(=CC(=O)O)C)C
D10574,CCC1NC2=CC(=C(C=C2C(=O)N1)S(=O)(=O)N)Cl
D10575,C1C(NC2=C(N1)N=C(NC2=O)N)CNC3=CC=C(C=C3)C(=O)NC(CCC(=O)O)C(=O)O
D10576,COC1=C2C(=CC(=C1N3CC4CCCNC4C3)F)C(=O)C(=CN2C5CC5)C(=O)O
D10577,CC(C)COCC(CN(CC1=CC=CC=C1)C2=CC=CC=C2)N3CCCC3
D10578,COC(=O)C1C(CCC2C1CC3C4=C(CCN3C2)C5=CC=CC=C5N4)O
D10579,CN(C)CCCN1C2=CC=CC=C2CCC3=C1C=C(C=C3)Cl
D10580,CCC1=NC(=C(N1CC2=CC3=C(C=C2)OC(=C3Br)C4=CC=CC=C4NS(=O)(=O)C(F)(F)F)C(=O)N)C5CC5
D10581,CN(C)CCCN1C2=CC=CC=C2CCC3=CC=CC=C31
D10582,CC(C1C(O1)CC2COC(C(C2O)O)CC(=CC(=O)OCCCCCCCCC(=O)O)C)C(C)O
D10583,CC(C(=O)O)N
D10584,CN1CCN(CC1)C(=O)OC2C3=NC=CN=C3C(=O)N2C4=NC=C(C=C4)Cl
D10585,CC(COC1=CC=CC=C1)N(CCCl)CC2=CC=CC=C2
D10586,CC(CCC(=O)O)C1CCC2C1(CCC3C2C(CC4C3(CCC(C4)O)C)O)C
D10587,CCCN1CC(CC2C1CC3=CNC4=CC=CC2=C34)CSC
D10588,CC1=C(C=C(C=C1)N2C(=O)C(=C(N2)C)N=NC3=CC=CC(=C3O)C4=CC(=CC=C4)C(=O)O)C
D10589,CN1CCC2=CC(=C3C=C2C1CC4=CC=C(C=C4)OC5=C6C(CC7=CC(=C(C=C7)O)O3)[N+](CCC6=CC(=C5O)OC)(C)C)OC
D10590,CC(=O)NC(CC(=O)NC(CCC(=O)O)C(=O)O)C(=O)O
D10591,CCCC(CCC)C(=O)O
D10592,C1=CC(=CC=C1N)S(=O)(=O)N
D10593,CC(C)C1=C(C(=CC=C1)C(C)C)O
D10594,CC(C)(C)C1=CC(=CC(=C1O)C(C)(C)C)SC(C)(C)SC2=CC(=C(C(=C2)C(C)(C)C)O)C(C)(C)C
D10595,CCN(CC)CCOC(=O)C1=CC=C(C=C1)N
D10596,CC1C(C(C(O1)OC2C(C(C(C(C2O)O)N=C(N)N)O)N=C(N)N)OC3C(C(C(C(O3)CO)O)O)NC)(C=O)O
D10597,CC(CC1=CC=CC=C1)N
D10598,CN1C(NC2=CC(=C(C=C2S1(=O)=O)S(=O)(=O)N)Cl)CSCC(F)(F)F
D10599,C#CCC(CC1=CN=C2C(=N1)C(=NC(=N2)N)N)C3=CC=C(C=C3)C(=O)NC(CCC(=O)O)C(=O)O
D10600,C1C2C(C2N)CN1C3=C(C=C4C(=O)C(=CN(C4=N3)C5=C(C=C(C=C5)F)F)C(=O)O)F
D10601,C[N+]1(CCC2=CC(=C(C(=C2C1CC3=CC(=C(C(=C3)OC)OC)OC)OC)OC)OC)CCCOC(=O)CCC(=O)OCCC[N+]4(CCC5=CC(=C(C(=C5C4CC6=CC(=C(C(=C6)OC)OC)OC)OC)OC)OC)C
D10602,CN(C)CCOC1=CC=C(C=C1)CNC(=O)C2=CC(=C(C(=C2)OC)OC)OC
D10603,C1=CC=C(C=C1)NC(=O)CCCCCCC(=O)NO
D10604,CN1C(=NN=N1)SCC2=C(N3C(C(C3=O)(NC(=O)C4SC(=C(C(=O)N)C(=O)O)S4)OC)SC2)C(=O)O
D10605,CN1C2=C(C=C(C=C2)Cl)C(=NC(C1=O)O)C3=CC=CC=C3
D10606,CCC1=C(CN(C1=O)C(=O)NCCC2=CC=C(C=C2)S(=O)(=O)NC(=O)NC3CCC(CC3)C)C
D10607,CCCCC1(C(=O)NC(=O)NC1=O)CC
D10608,CCCCC(C1(CCC2C(O1)CC(=O)C2CCCCCCC(=O)O)O)(F)F
D10609,CC1=C(C(=O)N2CCCC(C2=N1)O)CCN3CCC(CC3)C4=NOC5=C4C=CC(=C5)F
D10610,C1=CC=C(C=C1)N2C(=CC=N2)NS(=O)(=O)C3=CC=C(C=C3)N
D10611,CCCCCCCCCCCCCCCCCCCCCCO
D10612,C1=CC=C(C=C1)N=NC2=C(N=C(C=C2)N)N
D10613,CC(=O)NCCCS(=O)(=O)O
D10614,C1=CC(=CC=C1N)S(=O)(=O)NC2=NC=CS2
D10615,CCCCOC1=CC=C(C=C1)C(=O)CCN2CCCCC2
D10616,C[N+](C)(C)CCCCCCCCCC[N+](C)(C)C
D10617,C1CN2CCC1C(C2)OC(=O)N3CCC4=CC=CC=C4C3C5=CC=CC=C5
D10618,CCC12CCC3C(C1CCC2(C#C)O)CCC4=CC(=NO)CCC34
D10619,C1CC1CN2C(=O)CN=C(C3=C2C=CC(=C3)Cl)C4=CC=CC=C4
D10620,CC(CC1CCCCC1)NC
D10621,C1CN(CCN1)C2=NC3=CC=CC=C3OC4=C2C=C(C=C4)Cl
D10622,C1CNCCNCCCN(CCNC1)CC2=CC=C(C=C2)CN3CCCNCCNCCCNCC3
D10623,CN1CC2C(C1)C3=C(C=CC(=C3)Cl)OC4=CC=CC=C24.C(=CC(=O)O)C(=O)O
D10624,CCC(=O)OC1(C(CC2C1(CC(C3(C2CC(C4=CC(=O)C=CC43C)F)F)O)C)C)C(=O)SCF
D10625,CCC(=O)C1(CCN(CC1)C)C2=CC(=CC=C2)O
D10626,C1=NC(=NN1C2C(C(C(O2)CO)O)O)C(=O)N
D10627,CCC=CCC=CCC=CCC=CCC=CCCCC(=O)O
D10628,CCN(CC)C(C)CN1C2=CC=CC=C2SC3=CC=CC=C31
D10629,CC(=O)C1CCC2C1(CCC3C2CCC4=CC(=O)CCC34C)C
D10630,C1=CC=C(C=C1)CC2NC3=C(C=C(C(=C3)C(F)(F)F)S(=O)(=O)N)S(=O)(=O)N2
D10631,C[N+](C)(C)CCOC(=O)N
D10632,CCCCC1(C(=O)NC(=O)NC1=O)CC
D10633,CCC1(C(=O)NC(=O)N(C1=O)C)C2=CC=CC=C2
D10634,C1C(C(C(C(O1)OC2COC(C(C2OS(=O)(=O)O)OS(=O)(=O)O)O)OS(=O)(=O)O)OS(=O)(=O)O)O
D10635,CCC(=O)OC1(C(CC2C1(CC(C3(C2CCC4=CC(=O)C=CC43C)F)O)C)C)C(=O)CCl
D10636,CCCC(C)C1(C(=O)NC(=O)NC1=O)CC
D10637,CC1=CC(=C(C=C1)O)C(CCN(C(C)C)C(C)C)C2=CC=CC=C2
D10638,CCC(C1=CC(=CC=C1)O)C(C)CN(C)C
D10639,C1CC(CCC1C2=CC=C(C=C2)Cl)C3=C(C4=CC=CC=C4C(=O)C3=O)O
D10640,CC1=C2C(C(=O)C3(C(CC4C(C3C(C(C2(C)C)(CC1OC(=O)C(C(C5=CC=CC=C5)NC(=O)OC(C)(C)C)O)O)OC(=O)C6=CC=CC=C6)(CO4)OC(=O)C)OC)C)OC
D10641,CC1C(OCCN1)C2=CC=CC=C2
D10642,CC1=CC=C(C=C1)N(CC2=NCCN2)C3=CC(=CC=C3)O
D10643,COC(=O)C1C(CCC2C1CC3C4=C(CCN3C2)C5=CC=CC=C5N4)O
D10644,C1CN=C(N1)NC2=C(C=CC=C2Cl)Cl
D10645,CC(C)(C)C(=O)OC1=C(C=C(C=C1)C(CNC)O)OC(=O)C(C)(C)C
D10646,CC12CCC3C(C1CCC2(C#C)O)CCC4=CC5=C(CC34C)C=NO5
D10647,CCCCC1(C(=O)NC(=O)NC1=O)CC
D10648,CCCN1CC(CC2C1CC3=CNC4=CC=CC2=C34)CSC
D10649,CN(C)CCCC1(C2=C(CO1)C=C(C=C2)C#N)C3=CC=C(C=C3)F
D10650,C1C2CNCC1C3=CC4=NC=CN=C4C=C23
D10651,C1=CC(=C(C=C1N)O)C(=O)O
D10652,CN1CCC23C4C1CC5=C2C(=C(C=C5)O)OC3C(=O)CC4
D10653,CCCCN(CCCC)CCC(C1=C2C=CC(=CC2=C3C=C(C=C(C3=C1)Cl)Cl)C(F)(F)F)O
D10654,C1C2C(C2N)CN1C3=C(C=C4C(=O)C(=CN(C4=N3)C5=C(C=C(C=C5)F)F)C(=O)O)F
D10655,CC1=CC(=C(C(=C1CC2=NCCN2)C)O)C(C)(C)C
D10656,CCCCC1=NN(C(=N1)CCCC)CC2=CN=C(C=C2)C3=CC=CC=C3C4=NNN=N4
D10657,CC1C=CC=C(C(=O)NC2=C(C3=C(C4=C(C(=C3O)C)OC(C4=O)(OC=CC(C(C(C(C(C(C1O)C)O)C)OC(=O)C)C)OC)C)C5=C2N6C=CC(=CC6=N5)C)O)C
D10658,C1CC(=O)C(C(=O)C1)C(=O)C2=C(C=C(C=C2)C(F)(F)F)[N+](=O)[O-]
D10659,C(C(C(=O)O)N)C(=O)O
D10660,CC(C(=O)NC1=C(C(=C(C(=C1I)C(=O)NC(CO)CO)I)C(=O)NC(CO)CO)I)O
D10661,CC(C)C(C)C=CC(C)C1CCC2C1(CCCC2=CC=C3CC(CCC3=C)O)C
D10662,CC1=NC=C(C=C1)C2=C(C=C(C=N2)Cl)C3=CC=C(C=C3)S(=O)(=O)C
D10663,CC(=O)C1=CC2=C(C=C1)SC3=CC=CC=C3N2CCCN(C)C
D10664,CCCCN1CC(C(C(C1CO)O)O)O
D10665,C1CN(CCN1)C2=NC3=CC=CC=C3OC4=C2C=C(C=C4)Cl
D10666,CCCC1=CC(=O)NC(=S)N1
D10667,C=CCNC1=NC(=NC(=N1)N2CCN(CC2)C(C3=CC=C(C=C3)F)C4=CC=C(C=C4)F)NCC=C
D10668,CCC1CCCC(C(C(=O)C2=CC3C4CC(CC4C=CC3C2CC(=O)O1)OC5C(C(C(C(O5)C)OC)OC)OC)C)OC6CCC(C(O6)C)N(C)C.CCC1CCCC(C(C(=O)C2=CC3C4CC(CC4C(=CC3C2CC(=O)O1)C)OC5C(C(C(C(O5)C)OC)OC)OC)C)OC6CCC(C(O6)C)N(C)C
D10669,CN1CCN2C(C1)C3=CC=CC=C3CC4=C2N=CC=C4
D10670,CC(C1=CC(=CC=C1)OC2=CC=CC=C2)C(=O)O
D10671,CN1CCN(CC1)C2=NC3=CC=CC=C3OC4=C2C=C(C=C4)Cl
D10672,CCC1=C(C(=NC(=N1)N)N)C2=CC=C(C=C2)Cl
D10673,CN(C)CCC(C1=CC=C(C=C1)Br)C2=CC=CC=N2
D10674,CC(=O)OC1=CC=CC=C1C(=O)NC2=NC=C(S2)[N+](=O)[O-]
D10675,CCC(C=CCl)(C#C)O
D10676,CN(CC#C)CC1=CC=CC=C1
D10677,CCCNCC(COC1=CC=CC=C1C(=O)CCC2=CC=CC=C2)O
D10678,CC(C1C(=O)NC(CSSCC(C(=O)NC(C(=O)NC(C(=O)NC(C(=O)N1)CCCCN)CC2=CNC3=CC=CC=C32)CC4=CC=CC=C4)NC(=O)C(CC5=CC=CC=C5)N)C(=O)NC(CO)C(C)O)O
D10679,CCC=CCC=CCC=CCC=CCC=CCCCC(=O)O
D10680,C1=CC=C(C=C1)C2=C(OC(=N2)CCC(=O)O)C3=CC=CC=C3
D10681,CCN(CC)CCNC(=O)C1=C(NC(=C1C)C=C2C3=C(C=CC(=C3)F)NC2=O)C
D10682,C1=CC2=C(C=CC(=C2N=C1)O)[N+](=O)[O-]
D10683,C1CN(CCN1CCOCCO)C2=NC3=CC=CC=C3SC4=CC=CC=C42
D10684,CCCCN1CC(C(C(C1CO)O)O)O
D10685,C1=CC=C(C=C1)C2=NC(C(=O)NC3=C2C=C(C=C3)Cl)O
D10686,CCCN(CCC)CCC1=C2CC(=O)NC2=CC=C1
D10687,CC1=CC(=O)C(=CN1)C(=O)NC(C2=CC=C(C=C2)O)C(=O)NC3C4N(C3=O)C(=C(CS4)CSC5=NN=NN5C)C(=O)O
D10688,CC(C)C(CCCN(C)CCC1=CC(=C(C=C1)OC)OC)(C#N)C2=CC(=C(C=C2)OC)OC
D10689,CCN(CC)CCN1C(=O)CN=C(C2=C1C=CC(=C2)Cl)C3=CC=CC=C3F
D10690,C[N+]1(CCC(C1)OC(=O)C(C2CCCC2)(C3=CC=CC=C3)O)C
D10691,CN(C)CC1CCCCC1(C2=CC(=CC=C2)OC)O
D10692,CCCCCC1=CC(=C2C3C=C(CCC3C(OC2=C1)(C)C)C)O
D10693,CCC(C=CCl)(C#C)O
D10694,CCCC(=O)NC1=CC(=C(C=C1)OCC(CNC(C)C)O)C(=O)C
D10695,CC1(C(=O)N2C(C(=O)N3CCCC3C2(O1)O)CC4=CC=CC=C4)NC(=O)C5CC6C(CC7=CNC8=CC=CC6=C78)N(C5)C
D10696,CNCCON=C1C2=CC=CC=C2C=CC3=CC=CC=C31
D10697,CC(CN1C2=CC=CC=C2CCC3=CC=CC=C31)CN(C)C
D10698,CC(=O)O
D10699,C(CC(C(=O)O)N)CN
D10700,CC1(C(=O)NC(=O)N(C1=O)C)C2=CCCCC2
D10701,C1CC(=O)NC2=C1C=CC(=C2)OCCCCN3CCN(CC3)C4=C(C(=CC=C4)Cl)Cl
D10702,CC(CS)C(=O)N1CCCC1C(=O)O
D10703,C1C(=O)NC2=C(C=C(C=C2)Br)C(=N1)C3=CC=CC=N3
D10704,CCC(=O)N(C1CCN(CC1)CCC2=CC=CC=C2)C3=CC=CC=C3
D10705,C1=CC=C(C=C1)CCNN
D10706,CN(CC1=C(C=CC=C1Cl)NC(=O)C2=CC=CC=C2)CC(=O)N3CCOCC3
D10707,C(C(C1C(=C(C(=O)O1)O)O)O)O
D10708,C(C(C(C(C(C(C(=O)[O-])O)O)O)O)O)O.C(C(C(C(C(C(C(=O)[O-])O)O)O)O)O)O.[Ca+2]
D10709,C1=CC(=C(C=C1C(CN)O)O)O
D10710,CC1CCC2CC(C(=CC=CC=CC(CC(C(=O)C(C(C(=CC(C(=O)CC(OC(=O)C3CCCCN3C(=O)C(=O)C1(O2)O)C(C)CC4CCC(C(C4)OC)OCCO)C)C)O)OC)C)C)C)OC
D10711,CC(C)CC1C(=O)N2CCCC2C3(N1C(=O)C(O3)(C(C)C)NC(=O)C4CN(C5CC6=C(NC7=CC=CC(=C67)C5=C4)Br)C)O
D10712,C1CCN(CC(C1)N)C2=C(C=C3C(=C2Cl)N(C=C(C3=O)C(=O)O)C4CC4)F
D10713,CCC(C=CCl)(C#C)O
D10714,CC(CC1=CC(=C(C=C1)O)O)(C(=O)O)N
D10715,C(=N)(N)N
D10716,CCCCC1=NC(=C(N1CC2=CC=C(C=C2)C3=CC=CC=C3C4=NNN=N4)CO)Cl
D10717,CCCN(CCC1=CC=CS1)C2CCC3=C(C2)C=CC=C3O
D10718,C1=CC=C(C=C1)O
D10719,C1CN=C(N1)CC2=CC=CC=C2
D10720,CN(C)CCC1=CNC2=C1C=C(C=C2)CC3COC(=O)N3
D10721,CNCCC=C1C2=CC=CC=C2CCC3=CC=CC=C31
D10722,CC(C(C1=CC=CC=C1)O)N
D10723,C1CC(=O)NC2=C1C=CC(=C2)OCCCCN3CCN(CC3)C4=C(C(=CC=C4)Cl)Cl
D10724,CCCCCCCCCC1=CC=C(C=C1)OCCOCCOCCOCCOCCOCCOCCOCCOCCO
D10725,CC1=C(C(C(=C(N1)C#N)C(=O)OC)C2=CC(=CC=C2)[N+](=O)[O-])C(=O)OC(C)C
D10726,C1C2C(C(S1)CCCCC(=O)O)NC(=O)N2
D10727,COC1=CC=CC=C1OCCNCC(COC2=CC=CC3=C2C4=CC=CC=C4N3)O
D10728,C1CN=C(N1)NC2=C(C=CC3=NSN=C32)Cl
D10729,CN1CCC23C4C(=O)CCC2(C1CC5=C3C(=C(C=C5)O)O4)O
D10730,CC1(CC1C(=O)NC(=CCCCCSCC(C(=O)O)N)C(=O)O)C
D10731,CCCCCCCCCCCC(CC1C(C(=O)O1)CCCCCC)OC(=O)C(CC(C)C)NC=O
D10732,CC(=O)NC1=C(C(=C(C(=C1I)C(=O)NC(C=O)C(C(C(CO)O)O)O)I)N(C)C(=O)C)I
D10733,C1CN(CCN1CCOCCO)C2=NC3=CC=CC=C3SC4=CC=CC=C42
D10734,C1CN(CC2=CC=CC=C21)C(=N)N
D10735,C1CC(=O)NC(=O)C1N2C(=O)C3=CC=CC=C3C2=O
D10736,C1=CC(=C(C=C1C(C(C(=O)O)N)O)O)O
D10737,[Al]
D10738,CCCCC1=NC2(CCCC2)C(=O)N1CC3=CC=C(C=C3)C4=CC=CC=C4C5=NNN=N5
D10739,C(C(C(=O)O)N)C(=O)O
D10740,COC1=CC=C(C=C1)CCN2CCC(CC2)NC3=NC4=CC=CC=C4N3CC5=CC=C(C=C5)F
D10741,[K+].[I-]
D10742,CC(=O)SC1CC2=CC(=O)CCC2(C3C1C4CCC5(C4(CC3)C)CCC(=O)O5)C
D10743,C1=CN(C(=O)N=C1N)C2C(C(C(O2)CO)O)(F)F
D10744,CC(CN1C2=CC=CC=C2SC3=CC=CC=C31)N(C)C
D10745,CC1=CC(=CC=C1)N(C)C(=S)OC2=CC3=CC=CC=C3C=C2
D10746,CCNC(=O)N(CCCN(C)C)C(=O)C1CC2C(CC3=CNC4=CC=CC2=C34)N(C1)CC=C
D10747,CC(=O)OC1=CC=C(C=C1)C(C2=CC=C(C=C2)OC(=O)C)C3=CC=CC=N3
D10748,CN1CCC(=C2C3=CC=CC=C3C=CC4=CC=CC=C42)CC1
D10749,C1CNCCNCCCN(CCNC1)CC2=CC=C(C=C2)CN3CCCNCCNCCCNCC3
D10750,CC1=C(ON=C1C)NS(=O)(=O)C2=CC=C(C=C2)N
D10751,CC(=O)NCCCS(=O)(=O)O
D10752,CCON=C(C1=NSC(=N1)NP(=O)(O)O)C(=O)NC2C3N(C2=O)C(=C(CS3)SC4=NC(=CS4)C5=CC=[N+](C=C5)C)C(=O)[O-]
D10753,CN1CCC2=C3C1CC4=C(C3=CC=C2)C(=C(C=C4)O)O
D10754,C1=C(C(=O)NC(=O)N1)N(CCCl)CCCl
D10755,CC1(C2CC3C(C(=O)C(=C(C3(C(=O)C2=C(C4=C1C=CC=C4O)O)O)O)C(=O)N)N(C)C)O
D10756,CC(C(C1=CC=CC=C1)O)NC
D10757,C1=CC=C2C(=C1)C(=NO2)CS(=O)(=O)N
D10758,COC1=C(C=C(C=C1)Cl)C(=O)NCCC2=CC=C(C=C2)S(=O)(=O)NC(=O)NC3CCCCC3
D10759,C(CN)C(O)(P(=O)(O)O)P(=O)(O)O
D10760,CN(C)C1=NC(=NC(=N1)N(C)C)N(C)C
D10761,C1CN(CCN1CCC=C2C3=CC=CC=C3SC4=C2C=C(C=C4)Cl)CCO
D10762,CC(C(C1=CC=C(C=C1)O)O)N2CCC(CC2)CC3=CC=CC=C3
D10763,C1CC(=O)NC2=C1C=CC(=C2)OCCCCN3CCN(CC3)C4=C(C(=CC=C4)Cl)Cl
D10764,CN(C)CC1=NN=C2N1C3=C(C=C(C=C3)Cl)C(=NC2)C4=CC=CC=C4
D10765,CC(C(C1=CC=CC=C1)O)NC
D10766,CC12CCC(CC1=CCC3C2CCC4(C3CC=C4C5=CN=CC=C5)C)O
D10767,CC1=CC(=NN=C1NCCN2CCOCC2)C3=CC=CC=C3
D10768,CC1=NC=C(C(=N1)N)CN(C=O)C(=C(CCO)SSCC2CCCO2)C
D10769,CCOC(=O)C1=C2CN(C(=O)C3=C(N2C=N1)C=CC(=C3)F)C
D10770,CCN1C=CC(=NC1=O)NS(=O)(=O)C2=CC=C(C=C2)N
D10771,C(C(C1C(=C(C(=O)O1)O)O)O)O
D10772,C1=CC(=C(C(=C1)F)CN2C=C(N=N2)C(=O)N)F
D10773,CC(C)C(CCCN(C)CCC1=CC(=C(C=C1)OC)OC)(C#N)C2=CC(=C(C=C2)OC)OC
D10774,CCC1=C(CN(C1=O)C(=O)NCCC2=CC=C(C=C2)S(=O)(=O)NC(=O)NC3CCC(CC3)C)C
D10775,CCC1(C(=O)C(CNC1=O)C)CC
D10776,C1=CC=C2C(=C1)C(=NO2)CS(=O)(=O)N
D10777,CCN(CC)C(=O)C1(CC1CN)C2=CC=CC=C2
D10778,CC(=O)C1=CC(=C(C=C1)OCCCN2CCC(CC2)C3=NOC4=C3C=CC(=C4)F)OC
D10779,CN(C)CCC=C1C2=CC=CC=C2SC3=C1C=C(C=C3)Cl
D10780,CC(C)(C)C1=CC=C(C=C1)CN2CCN(CC2)C(C3=CC=CC=C3)C4=CC=C(C=C4)Cl
D10781,CC(C)(C)NCC(C1=CC(=CC(=C1)OC(=O)N(C)C)OC(=O)N(C)C)O
D10782,CCN1CCCC1CNC(=O)C2=C(C=CC(=C2)S(=O)(=O)N)OC
D10783,CC#CC1(CCC2C1(CC(C3=C4CCC(=O)C=C4CCC23)C5=CC=C(C=C5)N(C)C)C)O
D10784,C[N+](C)(C)CCO
D10785,CC1=CC(=C(C(=C1C=CC(=CC=CC(=CC(=O)O)C)C)C)C)OC
D10786,CCC(=O)C1=CC2=C(C=C1)SC3=CC=CC=C3N2CC(C)N(C)C
D10787,CCC1C(C(C(C(=O)C(CC(C(C(C(C(C(=O)O1)C)OC2CC(C(C(O2)C)O)(C)OC)C)OC3C(C(CC(O3)C)N(C)C)O)(C)OC)C)C)O)(C)O
D10788,C1(=C(N=C(C(=N1)Cl)N)N)C(=O)N=C(N)N
D10789,C1CN(CCN1CCCCC2=CNC3=C2C=C(C=C3)C#N)C4=CC5=C(C=C4)OC(=C5)C(=O)N
D10790,CC1=C(C=C(C=C1)C(=O)NC2=C3C(=CC(=CC3=C(C=C2)S(=O)(=O)O)S(=O)(=O)O)S(=O)(=O)O)NC(=O)C4=CC(=CC=C4)NC(=O)NC5=CC=CC(=C5)C(=O)NC6=C(C=CC(=C6)C(=O)NC7=C8C(=CC(=CC8=C(C=C7)S(=O)(=O)O)S(=O)(=O)O)S(=O)(=O)O)C
D10791,C1CCC(C1)C(CC#N)N2C=C(C=N2)C3=C4C=CNC4=NC=N3
D10792,CC1=CC=C(C=C1)N(CC2=NCCN2)C3=CC(=CC=C3)O
D10793,CC(C)NCC1CCC2=CC(=C(C=C2N1)[N+](=O)[O-])CO
D10794,CN(C)C(=O)C(CCN1CCC(CC1)(C2=CC=C(C=C2)Cl)O)(C3=CC=CC=C3)C4=CC=CC=C4
D10795,C[N+]1=CC=CC=C1C=NO
D10796,C1CN(CCN1CCOCCO)C2=NC3=CC=CC=C3SC4=CC=CC=C42
D10797,C1C2CC3CC1CC(C2)(C3)N
D10798,CC(C)N(CCC(C1=CC=CC=C1)(C2=CC=CC=N2)C(=O)N)C(C)C
D10799,CC1NC2=CC(=C(C=C2C(=O)N1C3=CC=CC=C3C)S(=O)(=O)N)Cl
D10800,CC1(C(=O)N2C(C(=O)N3CCCC3C2(O1)O)CC4=CC=CC=C4)NC(=O)C5CC6C(CC7=CNC8=CC=CC6=C78)N(C5)C
D10801,CCN(CC)CCN1C(=O)CN=C(C2=C1C=CC(=C2)Cl)C3=CC=CC=C3F
D10802,CC(C1C(=O)NC(CSSCC(C(=O)NC(C(=O)NC(C(=O)NC(C(=O)N1)CCCCN)CC2=CNC3=CC=CC=C32)CC4=CC=CC=C4)NC(=O)C(CC5=CC=CC=C5)N)C(=O)NC(CO)C(C)O)O
D10803,CC1OC2(CN3CCC2CC3)CS1
D10804,[Cl-].[K+]
D10805,CN(C)CCC1=CNC2=C1C=C(C=C2)CS(=O)(=O)N3CCCC3
D10806,CC1C(C(CC(O1)OC2CC(CC3=C2C(=C4C(=C3O)C(=O)C5=CC=CC=C5C4=O)O)(C(=O)C)O)N)O
D10807,C1C(OC(S1)CO)N2C=C(C(=NC2=O)N)F
D10808,CCN(CC)CCOC(=O)C1=CC=C(C=C1)N
D10809,COC(=O)C(C1CCCCN1)C2=CC=CC=C2
D10810,CC(=O)SC1CC2=CC(=O)CCC2(C3C1C4CCC5(C4(CC3)C)CCC(=O)O5)C
D10811,COC1=CC(=C(C=C1)C(=O)C2=CC=CC=C2)O
D10812,CCC1C(COC1=O)CC2=CN=CN2C
D10813,CCC1(CC2CC(C3=C(CCN(C2)C1)C4=CC=CC=C4N3)(C5=C(C=C6C(=C5)C78CCN9C7C(C=CC9)(C(C(C8N6C)(C(=O)OC)O)OC(=O)C)CC)OC)C(=O)OC)O
D10814,CNCCCN1C2=CC=CC=C2CCC3=CC=CC=C31
D10815,CC(C)(C)OC(=O)NCCC(=O)NC(CC1=CNC2=CC=CC=C21)C(=O)NC(CCSC)C(=O)NC(CC(=O)O)C(=O)NC(CC3=CC=CC=C3)C(=O)N
D10816,COC1=C(C=C2C(=C1)C(=NC(=N2)N3CCN(CC3)C(=O)C4COC5=CC=CC=C5O4)N)OC
D10817,CCC1C(=NN=C(C2=CC(=C(C=C12)OC)OC)C3=CC(=C(C=C3)OC)OC)C
D10818,CN1CC2C(C1)C3=C(C=CC(=C3)Cl)OC4=CC=CC=C24.C(=CC(=O)O)C(=O)O
D10819,CNCCC(C1=CC=CS1)OC2=CC=CC3=CC=CC=C32
D10820,COC(C(Cl)Cl)(F)F
D10821,CCCC(=O)OC(COC(=O)CC)COP(=O)(O)OCC(C(=O)O)N
D10822,C1=CC=C(C(=C1)C2=NC(C(=O)N(C3=C2C=C(C=C3)Cl)CCC#N)O)F
D10823,[N]=O
D10824,C1C2=NN=CN2C3=C(C=C(C=C3)Cl)C(=N1)C4=CC=CC=C4
D10825,CCC(C(CC(C)N(C)C)(C1=CC=CC=C1)C2=CC=CC=C2)OC(=O)C
D10826,CN(C)CCC=C1C2=CC=CC=C2COC3=CC=CC=C31
D10827,CCN(C)C(=O)OC1=CC=CC(=C1)C(C)N(C)C
D10828,C1CC(N(C1)C(=O)C(CCCCN)NC(CCC2=CC=CC=C2)C(=O)O)C(=O)O
D10829,CN(C)CCC(C1=CC=CC2=CC=CC=C21)(C(C3=CC=CC=C3)C4=C(N=C5C=CC(=CC5=C4)Br)OC)O
D10830,C(C(OC(F)F)(F)F)(F)Cl
D10831,CC(=O)NC1=NN=C(S1)S(=O)(=O)N
D10832,CNCCC=C1C2=CC=CC=C2CCC3=CC=CC=C31
D10833,CC1CC=CC=CC=CC=CC(CC2C(C(CC(O2)(CC(CC3C(O3)C=CC(=O)O1)O)O)O)C(=O)O)OC4C(C(C(C(O4)C)O)N)O
D10834,C1=CC=C(C=C1)C2=NC(C(=O)NC3=C2C=C(C=C3)Cl)C(=O)O
D10835,CCN1CCN(C(=O)C1=O)C(=O)NC(C2=CC=C(C=C2)O)C(=O)NC3C4N(C3=O)C(=C(CS4)CSC5=NN=NN5C)C(=O)O
D10836,CC(C)C1(C(=O)NC(=O)NC1=O)CC=C
D10837,CCC(CC1=C(C(=C(C=C1I)I)N)I)C(=O)O
D10838,CC1=C(C(C(=C(N1)C)C(=O)OC(C)C)C2=CC=CC3=NON=C32)C(=O)OC
D10839,CC1CC(=O)C=C(C12C(=O)C3=C(O2)C(=C(C=C3OC)OC)Cl)OC
D10840,C1NC2=C(C=C(C(=C2)C(F)(F)F)S(=O)(=O)N)S(=O)(=O)N1
D10841,C1CCN(CC1)CCOC2=CC=C(C=C2)C(=O)C3=C(SC4=C3C=CC(=C4)O)C5=CC=C(C=C5)O
D10842,CC1=NN=C2N1C3=C(C=C(C=C3)Cl)C(=NC2)C4=CC=CC=C4Cl
D10843,CCCCC1=NC2(CCCC2)C(=O)N1CC3=CC=C(C=C3)C4=CC=CC=C4C5=NNN=N5
D10844,CN1CCC23C4C1CC5=C2C(=C(C=C5)O)OC3C(C=C4)O
D10845,CC(C)CN(CC(C(CC1=CC=CC=C1)NC(=O)OC2CCOC2)OP(=O)(O)O)S(=O)(=O)C3=CC=C(C=C3)N
D10846,C1CC(NC1)C(=O)O
D10847,C#CCC(CC1=CN=C2C(=N1)C(=NC(=N2)N)N)C3=CC=C(C=C3)C(=O)NC(CCC(=O)O)C(=O)O
D10848,CN(C)CCOC1=CC=C(C=C1)C(=C(CCCl)C2=CC=CC=C2)C3=CC=CC=C3
D10849,CC1=CC(=NN=C1NCCN2CCOCC2)C3=CC=CC=C3
D10850,CNC(=O)C1=NC=CC(=C1)OC2=CC(=C(C=C2)NC(=O)NC3=CC(=C(C=C3)Cl)C(F)(F)F)F
D10851,N.N.Cl[Pt+2]Cl
D10852,C1=NC2=C(N=C(N=C2N1C3C(C(C(O3)CO)O)O)F)N
D10853,COC1=CC2=C(C=C1C(=O)NCC3CCCN3CC=C)NN=N2
D10854,CC(C)NCC(COC1=CC=CC2=CC=CC=C21)O
D10855,CC(C1=CC=C(C=C1)C(=O)C2=CC=CS2)C(=O)O
D10856,CC1=C(C(=O)N2CCCCC2=N1)CCN3CCC(CC3)C4=NOC5=C4C=CC(=C5)F
D10857,C1=CC=C(C=C1)C2=CC=C(C=C2)C(C3=CC=CC=C3)N4C=CN=C4
D10858,CC1=CC=CC=C1OC(CCNC)C2=CC=CC=C2
D10859,C1CC1C2=NC3=CC=CC=C3C(=C2C=CC(CC(CC(=O)O)O)O)C4=CC=C(C=C4)F
D10860,CC1C(C(CC(O1)OC2C(C(C(OC2OC3=C4C=C5C=C3OC6=C(C=C(C=C6)C(C(C(=O)NC(C(=O)NC5C(=O)NC7C8=CC(=C(C=C8)O)C9=C(C=C(C=C9O)O)C(NC(=O)C(C(C1=CC(=C(O4)C=C1)Cl)O)NC7=O)C(=O)O)CC(=O)N)NC(=O)C(CC(C)C)NC)O)Cl)CO)O)O)(C)N)O
D10861,C1C(C(OC1N2C=NC3=C2NC=NCC3O)CO)O
D10862,C1=C2C(=CC(=C1Cl)S(=O)(=O)N)S(=O)(=O)N=CN2
D10863,C1CN(CCC12CNC(=O)O2)CCC3=CC=CC=C3
D10864,C1C(C(OC1N2C=NC3=C(N=C(N=C32)Cl)N)CO)O
D10865,C1=CC=C(C=C1)CCN=C(N)N=C(N)N
D10866,CC(=O)N=C1N(N=C(S1)S(=O)(=O)N)C
D10867,C[N+]1=CC=CC=C1C=NO
D10868,CC1=C(C=NO1)C(=O)NC2=CC=C(C=C2)C(F)(F)F
D10869,CN1CCN(CC1)CCCN2C3=CC=CC=C3SC4=C2C=C(C=C4)C(F)(F)F
D10870,CC(=O)OC1=CC=CC=C1C(=O)O
D10871,CC1C(C(C(C(O1)OC2CC(C3(C4C(CCC3(C2)O)C5(CCC(C5(CC4O)C)C6=CC(=O)OC6)O)CO)O)O)O)O
D10872,C(C(=O)O)N
D10873,C1=CC(=CC=C1CCCC(=O)O)N(CCCl)CCCl
D10874,CC1=CC2=C(S1)NC3=CC=CC=C3N=C2N4CCN(CC4)C
D10875,C(C(F)(F)F)(Cl)Br
D10876,CCC(C)C(=O)OC1CC(C=C2C1C(C(C=C2)C)CCC3CC(CC(=O)O3)O)C
D10877,COC1=C2C(=CC(=C1N3CC4CCCNC4C3)F)C(=O)C(=CN2C5CC5)C(=O)O
D10878,CC(CC1=CC=CC=C1)NC
D10879,CC(C1=CC(=CC=C1)C(=O)C2=CC=CC=C2)C(=O)O
D10880,CC(C)(C)C1=NC(=C(S1)C2=NC(=NC=C2)N)C3=C(C(=CC=C3)NS(=O)(=O)C4=C(C=CC=C4F)F)F
D10881,CN(C(=O)NC1C(C(C(OC1O)CO)O)O)N=O
D10882,CCCN1CC(CC2C1CC3=CNC4=CC=CC2=C34)CSC
D10883,CC1NC2=CC(=C(C=C2C(=O)N1C3=CC=CC=C3C)S(=O)(=O)N)Cl
D10884,CCCC(C)C1(C(=O)NC(=O)NC1=O)CC
D10885,COC(CNC(=O)N)C[Hg]Cl
D10886,C1CC2=C(C=CC(=C2)F)OC1C(CNCC(C3CCC4=C(O3)C=CC(=C4)F)O)O
D10887,CC(C)CC(C1(CCC1)C2=CC=C(C=C2)Cl)N(C)C
D10888,CNCCCC12CCC(C3=CC=CC=C31)C4=CC=CC=C24
D10889,CCOC(=O)C(CCC1=CC=CC=C1)NC(C)C(=O)N2C3CCCC3CC2C(=O)O
D10890,CC(CC1=CC=CC=C1)N
D10891,C1CCC(CC1)NC(=O)N(CCCl)N=O
D10892,CC(C1=CC=C(S1)C(=O)C2=CC=CC=C2)C(=O)O
D10893,C1CC1N2C=C(C(=O)C3=CC(=C(C=C32)N4CCNCC4)F)C(=O)O
D10894,CC1(C2CC3C(C(=O)C(=C(C3(C(=O)C2=C(C4=C1C=CC=C4O)O)O)O)C(=O)N)N(C)C)O
D10895,COC1=C(C=C2C(=C1)C(=NC(=N2)N3CCN(CC3)C(=O)C4CCCO4)N)OC
D10896,C(C(=O)O)N
D10897,CCOC(CN1CCN(CC1)CC(C)C(=O)C2=CC=CC=C2)C3=CC=CC=C3
D10898,CC1=NN=C2N1C3=C(C=C(C=C3)Cl)C(=NC2)C4=CC=CC=C4
D10899,CC1=C(C(CCC1)(C)C)C=CC(=CC=CC(=CCO)C)C
D10900,CC1=C(C(=O)N2CCCC(C2=N1)O)CCN3CCC(CC3)C4=NOC5=C4C=CC(=C5)F
D10901,CC(C)CN(CC(C(CC1=CC=CC=C1)NC(=O)OC2CCOC2)O)S(=O)(=O)C3=CC=C(C=C3)N
D10902,C1=CC=C(C=C1)C2=NC(C(=O)NC3=C2C=C(C=C3)Cl)O
D10903,CN1C(=O)CC(C1=O)C2=CC=CC=C2
D10904,CCCN1C2=C(C(=O)NC1=O)NC=N2
D10905,CC(CN1C2=CC=CC=C2SC3=C1C=C(C=C3)C#N)CN(C)C
D10906,CN(C)CCC(C1=CC=CC=C1)(C2=CC=CC=C2Cl)O
D10907,CCCC(=O)OC1(CCC2C1(CC(C3(C2CC(C4=CC(=O)C=CC43C)F)F)O)C)C(=O)COC(=O)C
D10908,C1=CN=CC=C1N
D10909,CCC#CC(C)C1(C(=O)NC(=O)N(C1=O)C)CC=C
D10910,CC1=CC2=C(S1)NC3=CC=CC=C3N=C2N4CCN(CC4)C
D10911,CC1(C(N2C(S1)C(C2=O)NC(=O)C(C3=CC=CC=C3)NC(=O)N4CCNC4=O)C(=O)O)C
D10912,C1C(=O)NC2=C(C=C(C=C2)[N+](=O)[O-])C(=N1)C3=CC=CC=C3
D10913,CCCCCC(C=CC1C(CC(=O)C1CC=CCCCC(=O)O)O)O
D10914,CC1CCOC2N1C(=O)C3=C(C(=O)C(=CN3C2)C(=O)NCC4=C(C=C(C=C4)F)F)O
D10915,CN(CCCl)CCCl
D10916,CN(C)CC1CCCCC1(C2=CC(=CC=C2)OC)O
D10917,CN1C(=O)CN=C(C2=C1C=CC(=C2)Cl)C3=CC=CC=C3
D10918,CC12CCC(=O)C=C1CCC3C2C(CC4(C3CCC4(C(=O)CO)O)C)O
D10919,CC(=O)SC1CC2=CC(=O)CCC2(C3C1C4CCC5(C4(CC3)C)CCC(=O)O5)C
D10920,"CN1C2CCC1C(C(C2)OC(=O)C3=CC=CC=C3)C(=O)OC
CCCCNC(=O)C1=CC=C(C=C1)N2CCOCC2"
D10921,CC(C1=CC=C(C=C1)C(=O)C2=CC=CS2)C(=O)O
D10922,CCC(C)CC(C)CCCCCCCCC(=O)NC1CC(C(NC(=O)C2C(CCN2C(=O)C(NC(=O)C(NC(=O)C3CC(CN3C(=O)C(NC1=O)C(C)O)O)C(C(C4=CC=C(C=C4)O)O)O)C(CCN)O)O)NCCN)O
D10923,C1C(=C(N2C(S1)C(C2=O)NC(=O)CC3=CC=CC=C3CN)C(=O)O)CSC4=NN=NN4CC(=O)O
D10924,CC1(C2C(C3C(C(=O)C(=C(C3(C(=O)C2=C(C4=C1C=CC=C4O)O)O)O)C(=O)N)N(C)C)O)O
D10925,C1CCCC(CC1)NC(P(=O)(O)O)P(=O)(O)O
D10926,CC1=C(C(CCC1)(C)C)C=CC(=CC=CC(=CCO)C)C
D10927,CCC(C)C(=O)OC1CC(C=C2C1C(C(C=C2)C)CCC(CC(CC(=O)O)O)O)O
D10928,C[N+]1=CC=CC(=C1)OC(=O)N(C)C
D10929,CC(CC1=CC=CC=C1)N
D10930,C1C=C(N2C(S1)C(C2=O)NC(=O)C(=CCC(=O)O)C3=CSC(=N3)N)C(=O)O
D10931,CC1(CC1C(=O)NC(=CCCCCSCC(C(=O)O)N)C(=O)O)C
D10932,CN(C)CCCN1C2=CC=CC=C2CCC3=CC=CC=C31
D10933,[Al]
D10934,CC(C1=CC2=C(C=C1)C=C(C=C2)OC)C(=O)O
D10935,CC1=NC=C(C(=C1O)CO)CO
D10936,CCC1(CC2CC(C3=C(CCN(C2)C1)C4=CC=CC=C4N3)(C5=C(C=C6C(=C5)C78CCN9C7C(C=CC9)(C(C(C8N6C)(C(=O)OC)O)OC(=O)C)CC)OC)C(=O)OC)O
D10937,C[N+]1(CCC2=CC(=C(C=C2C1CC3=CC(=C(C=C3)OC)OC)OC)OC)CCC(=O)OCCCCCOC(=O)CC[N+]4(CCC5=CC(=C(C=C5C4CC6=CC(=C(C=C6)OC)OC)OC)OC)C
D10938,CC(=O)NCCCS(=O)(=O)O
D10939,CC1=CC(=C(C(=C1C=CC(=CC=CC(=CC(=O)O)C)C)C)C)OC
D10940,C1CN(CCC1O)CCCN2C3=CC=CC=C3SC4=C2C=C(C=C4)C#N
D10941,CCC1(CCC(=O)NC1=O)C2=CC=CC=C2
D10942,CC1=CC=C(C=C1)C2=C(N3C=C(C=CC3=N2)C)CC(=O)N(C)C
D10943,CC1=CC2=C(C=C1C)N(C=N2)C3C(C(C(O3)CO)OP(=O)([O-])OC(C)CNC(=O)CCC4(C(C5C6(C(C(C(=N6)C(=C7C(C(C(=N7)C=C8C(C(C(=N8)C(=C4[N-]5)C)CCC(=O)N)(C)C)CCC(=O)N)(C)CC(=O)N)C)CCC(=O)N)(C)CC(=O)N)C)CC(=O)N)C)O.O.[Co]
D10944,C1=C(N=C(S1)N=C(N)N)CSCCC(=NS(=O)(=O)N)N
D10945,CC1=NN=C2N1C3=C(C=C(C=C3)Cl)C(=NC2)C4=CC=CC=C4
D10946,C1=CN(C(=O)N=C1N)C2C(C(C(O2)CO)O)O
D10947,CC(=O)OCC1=C(N2C(C(C2=O)NC(=O)CC3=CC=CS3)SC1)C(=O)O
D10948,CCCCN1CCCCC1C(=O)NC2=C(C=CC=C2C)C
D10949,CC1=C(C(CCC1)(C)C)C=CC(=CC=CC(=CCO)C)C
D10950,C(CCC(=O)O)CCN
D10951,C(C(C(=O)O)N)C(=O)O
D10952,C1=CC=C(C=C1)COCC(C(=O)O)N(CCN(CCN(CC(=O)[O-])CC(=O)[O-])CC(=O)[O-])CC(=O)O.[Gd+3]
D10953,CC(=O)C(=O)O
D10954,CC(C=CC(C1CC1)O)C2CCC3C2(CCCC3=CC=C4CC(CC(C4=C)O)O)C
D10955,CN1CCN2C(C1)C3=CC=CC=C3CC4=CC=CC=C42
D10956,C1CC(C1)(C(=O)O)C(=O)O.N.N.[Pt+2]
D10957,CCOC(=O)C1=CN=CN1C(C)C2=CC=CC=C2
D10958,CC1CC2C3C(CC4=CC(=O)C=CC4(C3C(CC2(C1(C(=O)CO)O)C)O)C)Cl
D10959,CC1=CC2=C(C=C1C)N(C3=NC(=O)NC(=O)C3=N2)CC(C(C(COP(=O)(O)OP(=O)(O)OCC4C(C(C(O4)N5C=NC6=C(N=CN=C65)N)O)O)O)O)O
D10960,CN1CCN(CC1)C(=O)OC2C3=NC=CN=C3C(=O)N2C4=NC=C(C=C4)Cl
D10961,COC1=C(C=C2C(=C1)C(=NC(=N2)N3CCN(CC3)C(=O)C4COC5=CC=CC=C5O4)N)OC
D10962,C1CN(CCC12CNC(=O)O2)CCC3=CC=CC=C3
D10963,CN1C(=O)CN=C(C2=C1C=CC(=C2)Cl)C3=CC=CC=C3F
D10964,CN1C=NC2=C1C(=O)NC(=O)N2C
D10965,C1=CC(=CC=C1N)S(=O)(=O)NC2=NC=CS2
D10966,C1CCCN(CCC1)CCN=C(N)N
D10967,C1=CC=C(C=C1)C2=NC(C(=O)NC3=C2C=C(C=C3)Cl)C(=O)O
D10968,CC1CCCC2(C(O2)CC(NC(=O)CC(C(C(=O)C(C1O)C)(C)C)O)C(=CC3=CSC(=N3)C)C)C
D10969,C1=CC=C2C(=C1)C(=NO2)CS(=O)(=O)N
D10970,CCC1(CCC(=O)NC1=O)C2=CC=C(C=C2)N
D10971,CC(CC1=CC=CC=C1)NC
D10972,CC(C)NCC(COC1=CC=CC2=C1C=CN2)O
D10973,CC(C)C1=C(C(=CC=C1)C(C)C)OCOP(=O)(O)O
D10974,CC(C(C1=CC=CC=C1)O)NC
D10975,C(C(C(=O)O)N)O
D10976,COC1=CC=CC=C1OCCNCC(COC2=CC=CC3=C2C4=CC=CC=C4N3)O
D10977,C#CCC(CC1=CN=C2C(=N1)C(=NC(=N2)N)N)C3=CC=C(C=C3)C(=O)NC(CCC(=O)O)C(=O)O
D10978,C(C(C1C(=C(C(=O)O1)O)O)O)O
D10979,C1=NC2=C(N1CCC(CO)CO)N=C(NC2=O)N
D10980,CCC(CC)OC1C=C(CC(C1NC(=O)C)N)C(=O)OCC
D10981,CN1CCN(CC1)C2=NC3=C(C=CC(=C3)Cl)NC4=CC=CC=C42
D10982,C1C(C2C(O1)C(CO2)O[N+](=O)[O-])O[N+](=O)[O-]
D10983,CC(C)(C)C1=CC(=CC(=C1O)C(C)(C)C)SC(C)(C)SC2=CC(=C(C(=C2)C(C)(C)C)O)C(C)(C)C
D10984,COC(=O)C1C(CCC2C1CC3C4=C(CCN3C2)C5=CC=CC=C5N4)O
D10985,C(C(F)(F)F)(OC(F)F)F
D10986,CC(=O)NC(C=O)C(C(C(CO)O)O)O
D10987,C1=CC(=C(C=C1CCN)O)O
D10988,C1=CC=C(C=C1)C2=CC=C(C=C2)C(=O)CCC(=O)O
D10989,CN(CCOC1=CC=C(C=C1)CC2C(=O)NC(=O)S2)C3=CC=CC=N3
D10990,CCOC(=O)C(C)(C)OC1=CC=C(C=C1)Cl
D10991,C1=CN=CC=C1N
D10992,COCCNC(=O)CN(CCN(CCN(CC(=O)NCCOC)CC(=O)[O-])CC(=O)[O-])CC(=O)[O-].[Gd+3]
D10993,C[N+](C)(C)CCCCCCCCCC[N+](C)(C)C
D10994,CCCC(=O)OC1(CCC2C1(CC(C3(C2CC(C4=CC(=O)C=CC43C)F)F)O)C)C(=O)COC(=O)C
D10995,CCC1(C(=O)NC(=O)NC1=O)C2=CC=CC=C2.COC1=CC2=C(C=CN=C2C=C1)C(C3CC4CCN3CC4C=C)O
D10996,CN1CCCC(C1)CC2C3=CC=CC=C3SC4=CC=CC=C24
D10997,C(C(F)(F)F)(OC(F)F)Cl
D10998,CCCCN1CCCCC1C(=O)NC2=C(C=CC=C2C)C
D10999,CCC1(C(=O)NCNC1=O)C2=CC=CC=C2
D11000,CC(C)N(CCC(C1=CC=CC=C1)(C2=CC=CC=N2)C(=O)N)C(C)C
D11001,C1=CC(=C(C=C1CC(C(=O)O)N)O)O
D11002,CN1CCC23C4C(=O)CCC2(C1CC5=C3C(=C(C=C5)OC)O4)O
D11003,CCCCC1=NC2(CCCC2)C(=O)N1CC3=CC=C(C=C3)C4=CC=CC=C4C5=NNN=N5
D11004,CC(=O)NC1CCC2=CC(=C(C(=C2C3=CC=C(C(=O)C=C13)OC)OC)OC)OC
D11005,CC(=O)NCCCS(=O)(=O)O
D11006,CC12CCC3C(C1CCC2=O)CCC4=C3C=CC(=C4)O
D11007,CCC(CO)NC(=O)C1CN(C2CC3=CN(C4=CC=CC(=C34)C2=C1)C)C
D11008,C1=CC=C(C=C1)CC2NC3=C(C=C(C(=C3)C(F)(F)F)S(=O)(=O)N)S(=O)(=O)N2
D11009,C(C(F)(F)F)(OC(F)F)F
D11010,CCCCC1=NC2(CCCC2)C(=O)N1CC3=CC=C(C=C3)C4=CC=CC=C4C5=NNN=N5
D11011,CC1=CC2=C(C=C1C)N(C3=NC(=O)NC(=O)C3=N2)CC(C(C(COP(=O)(O)OP(=O)(O)OCC4C(C(C(O4)N5C=NC6=C(N=CN=C65)N)O)O)O)O)O
D11012,CCCC(CCC)C(=O)O
D11013,CN1C(=O)CN=C(C2=C1C=CC(=C2)Cl)C3=CC=CC=C3
D11014,CCCC(C)(COC(=O)N)COC(=O)N
D11015,CC(C)C1=CC2=C(C=C1)OC3=NC(=C(C=C3C2=O)C(=O)O)N
D11016,CN1CC2C(C1)C3=C(C=CC(=C3)Cl)OC4=CC=CC=C24.C(=CC(=O)O)C(=O)O
D11017,CC1=C2C(=C(N(C1=O)C)NC3=C(C=C(C=C3)I)F)C(=O)N(C(=O)N2C4=CC=CC(=C4)NC(=O)C)C5CC5
D11018,C1CN(CCN1CCOCCO)C2=NC3=CC=CC=C3SC4=CC=CC=C42
D11019,CC1(C(N2C(S1)C(C2=O)NC(=O)C(C3=CSC=C3)C(=O)O)C(=O)O)C
D11020,CC(C)N(CCC(C1=CC=CC=C1)(C2=CC=CC=N2)C(=O)N)C(C)C
D11021,C1NC2=CC(=C(C=C2S(=O)(=O)N1)S(=O)(=O)N)Cl
D11022,CC(C)(C)NCC(C1=CC(=C(C=C1)O)CO)O
D11023,C1CC(N(C1)C(=O)C(CCCCN)NC(CCC2=CC=CC=C2)C(=O)O)C(=O)O
D11024,C1CC1CN2C(=O)CN=C(C3=C2C=CC(=C3)Cl)C4=CC=CC=C4
D11025,COC1=C(C=C(C=C1)CNC2=NC(=NC=C2C(=O)NCC3=NC=CC=N3)N4CCCC4CO)Cl
D11026,CC1=C(C=C(C=C1)C(=O)NC2=C3C(=CC(=CC3=C(C=C2)S(=O)(=O)O)S(=O)(=O)O)S(=O)(=O)O)NC(=O)C4=CC(=CC=C4)NC(=O)NC5=CC=CC(=C5)C(=O)NC6=C(C=CC(=C6)C(=O)NC7=C8C(=CC(=CC8=C(C=C7)S(=O)(=O)O)S(=O)(=O)O)S(=O)(=O)O)C
D11027,CN1CCCC1CC2=CNC3=C2C=C(C=C3)CCS(=O)(=O)C4=CC=CC=C4
D11028,C1CN(CCN1CC=CC2=CC=CC=C2)C(C3=CC=CC=C3)C4=CC=CC=C4
D11029,CC#CC1(CCC2C1(CC(C3=C4CCC(=O)C=C4CCC23)C5=CC=C(C=C5)N(C)C)C)O
D11030,CC(=O)NCCC1=CNC2=C1C=C(C=C2)OC
D11031,CCOC(=O)C1=C2CN(C(=O)C3=C(N2C=N1)C=CC(=C3)F)C
D11032,B(C(CC(C)C)NC(=O)C(CC1=CC=CC=C1)NC(=O)C2=NC=CN=C2)(O)O
D11033,C1CC1C2=NC3=CC=CC=C3C(=C2C=CC(CC(CC(=O)O)O)O)C4=CC=C(C=C4)F
D11034,CCCCOC1=NC2=CC=CC=C2C(=C1)C(=O)NCCN(CC)CC
D11035,C1CCC(C(C1)CN2CCN(CC2)C3=NSC4=CC=CC=C43)CN5C(=O)C6C7CCC(C7)C6C5=O
D11036,CCC(C)C1(C(=O)NC(=O)NC1=O)CC=C
D11037,CCC#CC(C)C1(C(=O)NC(=O)N(C1=O)C)CC=C
D11038,CC1(C(=O)NC(=O)N(C1=O)C)C2=CCCCC2
D11039,CCCCCCCCCCCCOCCOCCOCCOCCOCCOCCOCCOCCOCCO
D11040,C1CN(CC=C1N2C3=CC=CC=C3NC2=O)CCCC(=O)C4=CC=C(C=C4)F
D11041,CC1=NC=CN1CC2CCC3=C(C2=O)C4=CC=CC=C4N3C
D11042,CN1CCN(CC1)CCCN2C3=CC=CC=C3SC4=C2C=C(C=C4)Cl
D11043,CCC#CC(C)C1(C(=O)NC(=O)N(C1=O)C)CC=C
D11044,C1=CC=C2C(=C1)C(=NO2)CS(=O)(=O)N
D11045,CCC1(C(=O)NC(=O)NC1=O)C2=CC=CC=C2.COC1=CC2=C(C=CN=C2C=C1)C(C3CC4CCN3CC4C=C)O
D11046,CCC1(CC2CC(C3=C(CCN(C2)C1)C4=CC=CC=C4N3)(C5=C(C=C6C(=C5)C78CCN9C7C(C=CC9)(C(C(C8N6C)(C(=O)OC)O)OC(=O)C)CC)OC)C(=O)OC)O
D11047,CC1=C(C=CN=C1CS(=O)C2=NC3=CC=CC=C3N2)OCC(F)(F)F
D11048,CC(=O)NCCCS(=O)(=O)O
D11049,C1CN(P(=O)(OC1)NCCCl)CCCl
D11050,C1CN(CCN1)C2=NC3=CC=CC=C3OC4=C2C=C(C=C4)Cl
D11051,CC1(C2CC3C(C(=O)C(=C(C3(C(=O)C2=C(C4=C(C=CC(=C41)Cl)O)O)O)O)C(=O)NCO)N(C)C)O
D11052,CCCCCCCCCCCC(CC1C(C(=O)O1)CCCCCC)OC(=O)C(CC(C)C)NC=O
D11053,CC(=O)O
D11054,CC1(OC2COC3(C(C2O1)OC(O3)(C)C)COS(=O)(=O)N)C
D11055,CC1CC2(C(CCC3C2CCC4(C3CCC4O)C)CC1=O)C
D11056,CCN1CC(C(C1=O)(C2=CC=CC=C2)C3=CC=CC=C3)CCN4CCOCC4
D11057,C1=CC(=C(C(=C1)Cl)C=NN=C(N)N)Cl
D11058,CC(=O)NCCCS(=O)(=O)O
D11059,CN(C)CCOC(C1=CC=C(C=C1)Cl)C2=CC=CC=N2
D11060,C1C2C(C2N)CN1C3=C(C=C4C(=O)C(=CN(C4=N3)C5=C(C=C(C=C5)F)F)C(=O)O)F
D11061,CC1CCC2CC(C(=CC=CC=CC(CC(C(=O)C(C(C(=CC(C(=O)CC(OC(=O)C3CCCCN3C(=O)C(=O)C1(O2)O)C(C)CC4CCC(C(C4)OC)OC(=O)C(C)(CO)CO)C)C)O)OC)C)C)C)OC
D11062,CN1CCCC(C1)CC2C3=CC=CC=C3SC4=CC=CC=C24
D11063,C[N+]1(CCCC1)CCCCC[N+]2(CCCC2)C
D11064,CC1=NC=C2N1C3=C(C=C(C=C3)Cl)C(=NC2)C4=CC=CC=C4F
D11065,C1=CC(=CC=C1C(=O)NC(CCC(=O)O)C(=O)O)NCC2=CN=C3C(=N2)C(=O)NC(=N3)N
D11066,C(C(F)(F)F)(OC(F)F)F
D11067,CC(C)NC(=O)C1=CC=C(C=C1)CNNC
D11068,CCCC(C)(COC(=O)N)COC(=O)N
D11069,CC1(C(=O)N(C(=O)O1)C)C
D11070,C1=CC=C(C=C1)CSCC2=NS(=O)(=O)C3=CC(=C(C=C3N2)Cl)S(=O)(=O)N
D11071,CC(C)C1=C(C=C2C(=C1)CCC3C2(CCCC3(C)C(=O)O)C)S(=O)(=O)O
D11072,CC1=CC(=NO1)NS(=O)(=O)C2=CC=C(C=C2)N
D11073,CC(C)NC(=O)C1=CC=C(C=C1)CNNC
D11074,C1CNCC(C1C2=CC=C(C=C2)F)COC3=CC4=C(C=C3)OCO4
D11075,CC(C)C(C(=O)OCC(CO)OCN1C=NC2=C1N=C(NC2=O)N)N
D11076,C(C(F)(F)F)(OC(F)F)Cl
D11077,CC=C(C1=CC=C(C=C1)O)C(=CC)C2=CC=C(C=C2)O
D11078,CC(=O)NC(CS)C(=O)O
D11079,CC(C)(C)C1=CC=C(C=C1)CN2CCN(CC2)C(C3=CC=CC=C3)C4=CC=C(C=C4)Cl
D11080,CC(CN1C2=CC=CC=C2SC3=C1C=C(C=C3)OC)CN(C)C
D11081,C1=CC(=CC2=NC3=C(C=CC(=C3)N)C=C21)N
D11082,CC1(C(=O)N2C(C(=O)N3CCCC3C2(O1)O)CC4=CC=CC=C4)NC(=O)C5CN(C6CC7=CNC8=CC=CC(=C78)C6=C5)C
D11083,C1=CC(=C(C=C1OC2=C(C=C(C=C2I)CC(C(=O)O)N)I)I)O
D11084,CCC1(C(=O)NC(=O)NC1=O)C2=CCCCCC2
D11085,CC(=O)NC1=NN=C(S1)S(=O)(=O)N
D11086,CC1=NN=C(S1)SCC2=C(N3C(C(C3=O)NC(=O)CN4C=NN=N4)SC2)C(=O)O
D11087,CC1=CC(=NN=C1NCCN2CCOCC2)C3=CC=CC=C3
D11088,C1=CC=C2C(=C1)C(=NO2)CS(=O)(=O)N
D11089,CC1=C2CCC(=O)N(C2=NC(=N1)C)CC3=CC=C(C=C3)C4=CC=CC=C4C5=NNN=N5
D11090,C1=CC=C2C(=C1)C(=CN2)CC(C(=O)O)N
D11091,CC1=C(C=C(C(=O)N1)C#N)C2=CC=NC=C2
D11092,CC1=CC=CC=C1OC(CCNC)C2=CC=CC=C2
D11093,C[N+]1(CCCC(C1)OC(=O)C(C2=CC=CC=C2)(C3=CC=CC=C3)O)C
D11094,C(C(=O)O)N
D11095,C[N+](C)(CCCCCC[N+](C)(C)C1C2=CC=CC=C2C3=CC=CC=C13)C4C5=CC=CC=C5C6=CC=CC=C46
D11096,C(CC(C(=O)O)N)CN=C(N)N
D11097,C1=CC(=C(C=C1OC2=C(C=C(C=C2I)CC(C(=O)O)N)I)I)O
D11098,CN1CCC(=C2C3=CC=CC=C3C=CC4=CC=CC=C42)CC1
D11099,CC1=CN(C(=O)NC1=O)C2C=CC(O2)CO
D11100,C(CCNCCCN)CNCCCN
D11101,C1CC(N(C1)C(=O)C2CSSCCC(=O)NC(C(=O)NC(C(=O)NC(C(=O)NC(C(=O)N2)CC(=O)N)CCC(=O)N)CC3=CC=CC=C3)CC4=CC=C(C=C4)O)C(=O)NC(CCCN=C(N)N)C(=O)NCC(=O)N
D11102,CN(C)CCC=C1C2=CC=CC=C2COC3=CC=CC=C31
D11103,CCOC(=O)C1=C(NC(=C(C1C2=C(C(=CC=C2)Cl)Cl)C(=O)OC)C)C
D11104,CCCCCC=CCC=CCC=CCCCCCCC(=O)O
D11105,C1CC(=O)NC(=O)C1N2C(=O)C3=CC=CC=C3C2=O
D11106,C1=NC(=C2C(=N1)N(C=N2)C3C(C(C(O3)CO)O)O)N
D11107,C1=CC=C(C(=C1)C2=NC(C(=O)N(C3=C2C=C(C=C3)Cl)CCC#N)O)F
D11108,CC1C=CC=CCCC=CC=CC=CC=CC(CC2C(C(CC(O2)(CC(C(CCC(CC(CC(CC(=O)OC(C(C1O)C)C)O)O)O)O)O)O)O)C(=O)O)OC3C(C(C(C(O3)C)O)N)O
D11109,CC1=C(C(CCC1)(C)C)C=CC(=CC=CC(=CC(=O)O)C)C
D11110,C1=CC(=CC(=C1)I)CN=C(N)N
D11111,CC12CCC3C(C1CCC2O)CCC4=CC(=O)CCC34C
D11112,C1C(=C(N2C(S1)C(C2=O)NC(=O)CC3=CC=CC=C3CN)C(=O)O)CSC4=NN=NN4CC(=O)O
D11113,CCN(CCCC1=CC=CC=C1)CCCC2=CC=CC=C2
D11114,CCC(C(CC(C)N(C)C)(C1=CC=CC=C1)C2=CC=CC=C2)OC(=O)C
D11115,CC(C)C1(C(=O)NC(=O)NC1=O)CC=C
D11116,CC1=C(C(=CC=C1)C(C)C2=CN=CN2)C
D11117,CCCC(C)C1(C(=O)NC(=O)NC1=O)CC
D11118,CC(C)CCCC(C)C1CCC2C1(CCCC2=CC=C3CC(CCC3=C)O)C
D11119,C1=CC=C(C=C1)CC2NC3=C(C=C(C(=C3)C(F)(F)F)S(=O)(=O)N)S(=O)(=O)N2
D11120,C1NC2=CC(=C(C=C2S(=O)(=O)N1)S(=O)(=O)N)Cl
D11121,CN1CCN2C(C1)C3=CC=CC=C3CC4=CC=CC=C42
D11122,C1CN(CCC1(C2=CC=C(C=C2)Cl)O)CCCC(=O)C3=CC=C(C=C3)F
D11123,CN(C)CCC=C1C2=CC=CC=C2CCC3=CC=CC=C31
D11124,CCCC1CC(N(C1)C)C(=O)NC(C2C(C(C(C(O2)SC)O)O)O)C(C)Cl
D11125,CC(C)(C)NCC(COC1=CC=CC2=C1CCCC2=O)O
D11126,CCCC1(CC(=C(C(=O)O1)C(CC)C2=CC(=CC=C2)NS(=O)(=O)C3=NC=C(C=C3)C(F)(F)F)O)CCC4=CC=CC=C4
D11127,C1CCC(C(C1)CN2CCN(CC2)C3=NSC4=CC=CC=C43)CN5C(=O)C6C7CCC(C7)C6C5=O
D11128,C1CC(N(C1)C(=O)CNC23CC4CC(C2)CC(C4)(C3)O)C#N
D11129,CCC(C)C1(C(=O)NC(=O)NC1=O)CC
D11130,CC(C)(C)NCC(COC1=CC=CC2=C1CCCC2=O)O
D11131,C1CN(CCN1)C2=NC3=CC=CC=C3OC4=C2C=C(C=C4)Cl
D11132,C1=C2C(=CC(=C1Cl)S(=O)(=O)N)S(=O)(=O)N=CN2
D11133,COC1=CC=C(C=C1)N2C3=C(CCN(C3=O)C4=CC=C(C=C4)N5CCCCC5=O)C(=N2)C(=O)N
D11134,C(=O)(O)P(=O)(O)O
D11135,CC(=O)NC1CCC2=CC(=C(C(=C2C3=CC=C(C(=O)C=C13)OC)OC)OC)OC
D11136,C1CC(=O)NC(=O)C1N2C(=O)C3=CC=CC=C3C2=O
D11137,CCC(=O)NCCC1CCC2=C1C3=C(C=C2)OCC3
D11138,CC1=NC2=C(N1)CCN(C3=CC=CC=C32)C(=O)C4=CC=C(C=C4)NC(=O)C5=CC=CC=C5C6=CC=CC=C6
D11139,C[N+]1(C2CC(CC1C3C2O3)OC(=O)C(CO)C4=CC=CC=C4)C.[Br-]
D11140,CN1C2=C(C(=O)N(C1=O)C)NC(=N2)Cl.CN(C)CCOC(C1=CC=CC=C1)C2=CC=CC=C2
D11141,CC1=CC2=C(S1)NC3=CC=CC=C3N=C2N4CCN(CC4)C
D11142,C1=CC(=CC=C1C(=O)NC(CCC(=O)O)C(=O)O)NCC2=CN=C3C(=N2)C(=O)NC(=N3)N
D11143,CC(=O)N=C1N(N=C(S1)S(=O)(=O)N)C
D11144,CCCC(C(=O)OCC)NC(C)C(=O)N1C2CCCCC2CC1C(=O)O
D11145,CN1C2CCC1CC(C2)OC(=O)C(CO)C3=CC=CC=C3
D11146,CCC(=O)C1=CC2=C(C=C1)SC3=CC=CC=C3N2CC(C)N(C)C
D11147,CC(C(C1=C(C=CC(=C1)OC)OC)O)N
D11148,CN1CCN(CC1)C2=NC3=C(C=CC(=C3)Cl)NC4=CC=CC=C42
D11149,C1=CN(C=C(C1=O)O)CC(C(=O)O)N
D11150,CCC1C=C(C(CC=CC=C(C(=O)OC(CC=C(C=C(C1OC2C(C(C(C(O2)(C)C)OC(=O)C(C)C)O)O)C)C)C(C)O)COC3C(C(C(C(O3)C)OC(=O)C4=C(C(=C(C(=C4O)Cl)O)Cl)CC)O)OC)O)C
D11151,CC1=CC2=C(C=C1C)N(C3=NC(=O)NC(=O)C3=N2)CC(C(C(CO)O)O)O
D11152,CC1C(C(CC(O1)OC2C(C(C(OC2OC3=C4C=C5C=C3OC6=C(C=C(C=C6)C(C(C(=O)NC(C(=O)NC5C(=O)NC7C8=CC(=C(C=C8)O)C9=C(C=C(C=C9O)O)C(NC(=O)C(C(C1=CC(=C(O4)C=C1)Cl)O)NC7=O)C(=O)O)CC(=O)N)NC(=O)C(CC(C)C)NC)O)Cl)CO)O)O)(C)N)O
D11153,CC1=CC=CC=C1OC(CCNC)C2=CC=CC=C2
D11154,CC1C2CC3=C(C1(CCN2CC=C(C)C)C)C=C(C=C3)O
D11155,CN1CCN(CC1)C(=O)OC2C3=NC=CN=C3C(=O)N2C4=NC=C(C=C4)Cl
D11156,CCOC(=O)C1=CN=CN1C(C)C2=CC=CC=C2
D11157,C1=CC(=CC2=NC3=C(C=CC(=C3)N)C=C21)N
D11158,CC1CCN(C(C1)C(=O)O)C(=O)C(CCCN=C(N)N)NS(=O)(=O)C2=CC=CC3=C2NCC(C3)C
D11159,CC(C)C1=C(C(=CC=C1)C(C)C)O
D11160,CCC(=C)C(=O)C1=C(C(=C(C=C1)OCC(=O)O)Cl)Cl
D11161,CC(CC1=CC2=C(C(=C1)C(=O)N)N(CC2)CCCO)NCCOC3=CC=CC=C3OCC(F)(F)F
D11162,C[N+]1(CCC2=CC(=C(C=C2C1CC3=CC(=C(C=C3)OC)OC)OC)OC)CCC(=O)OCCCCCOC(=O)CC[N+]4(CCC5=CC(=C(C=C5C4CC6=CC(=C(C=C6)OC)OC)OC)OC)C
D11163,CN1C2=C(C(=O)N(C1=O)C)N(C=N2)CC(CO)O
D11164,CC(=O)NCC1CN(C(=O)O1)C2=CC(=C(C=C2)N3CCOCC3)F
D11165,CC12CCC3C(C1CCC2(C#C)O)CCC4=CC5=C(CC34C)C=NO5
D11166,CC1CC2(C(CCC3C2CCC4(C3CCC4O)C)CC1=O)C
D11167,C1=NC(=C2C(=N1)N(C=N2)C3C(C(C(O3)COP(=O)(O)OP(=O)(O)OP(=O)(O)O)O)O)N
D11168,CC1=C(C=CC2=C1OC(=O)C(=C2O)NC(=O)C3=CC(=C(C=C3)O)CC=C(C)C)OC4C(C(C(C(O4)(C)C)OC)OC(=O)N)O
D11169,CC12CCC(CC1=CCC3C2CCC4(C3CC=C4C5=CN=CC=C5)C)O
D11170,CC1CC2C3CC(C4=CC(=O)C=CC4(C3C(CC2(C1(C(=O)CO)O)C)O)C)F
D11171,C1=CC=C(C=C1)C2=NC(C(=O)NC3=C2C=C(C=C3)Cl)C(=O)O
D11172,CCN1C2=CC3=C(C=C2C(=O)C(=N1)C(=O)O)OCO3
D11173,CC(CC1=CC=CC=C1)N
D11174,C1CN(P(=O)(OC1)NCCCl)CCCl
D11175,C(C(OC(F)F)(F)F)(F)Cl
D11176,CC(CCC(=O)NCCS(=O)(=O)O)C1CCC2C1(CCC3C2C(CC4C3(CCC(C4)O)C)O)C
D11177,C1=CC=C(C=C1)CC(=O)NC(=O)N
D11178,C1C[N+]2(CCC1C(C2)OC(=O)C(C3=CC=CS3)(C4=CC=CS4)O)CCCOC5=CC=CC=C5
D11179,CCCCN1CCCCC1C(=O)NC2=C(C=CC=C2C)C
D11180,CC(C)C1=NC(=NC(=C1C=CC(CC(CC(=O)O)O)O)C2=CC=C(C=C2)F)N(C)S(=O)(=O)C
D11181,CC1=NN=C2N1C3=C(C=C(C=C3)Cl)C(=NC2)C4=CC=CC=C4Cl
D11182,CC1CCC2C(C(OC3C24C1CCC(O3)(OO4)C)OC)C
D11183,C1CN(CCN1CCCN2C(=O)N3C=CC=CC3=N2)C4=CC(=CC=C4)Cl
D11184,CC(C(C(=O)O)N)O
D11185,CN(C)CC1=NN=C2N1C3=C(C=C(C=C3)Cl)C(=NC2)C4=CC=CC=C4
D11186,CCN(CC)CCNC1=C2C(=C(C=C1)C)SC3=CC=CC=C3C2=O
D11187,CCCC(C)C1(C(=O)NC(=O)NC1=O)CC=C
D11188,C(C(C1C2C(O[Sb](O2)(O1)O[Sb]34OC(C(O3)C(CO)O)C(O4)C(=O)[O-])C(=O)[O-])O)O.O.O.O.O.O.O.O.O.O.O.[OH-].[Na+].[Na+].[Na+]
D11189,C(C(F)(F)F)(OC(F)F)Cl
D11190,CC(C1C2CC(=C(N2C1=O)C(=O)O)SCCN=CN)O
D11191,CN1CCN2C(C1)C3=CC=CC=C3CC4=CC=CC=C42
D11192,C1CN2C(=N1)C3=CC=CC=C3C2(C4=CC=C(C=C4)Cl)O
D11193,C1=CC=C(C=C1)C(CNCCC2=CC=C(C=C2)NC(=O)CC3=CSC(=N3)N)O
D11194,CC(CN1C2=CC=CC=C2SC3=C1N=CC=C3)N(C)C
D11195,CCCC(C)C1(C(=O)NC(=O)NC1=O)CC=C
D11196,CC(C)CN(CC(C(CC1=CC=CC=C1)NC(=O)OC2CCOC2)OP(=O)(O)O)S(=O)(=O)C3=CC=C(C=C3)N
D11197,CC1=C(C(CCC1)(C)C)C=CC(=CC=CC(=CC(=O)O)C)C
D11198,CC(C)[N+](C)(CCC(C1=CC=CC=C1)(C2=CC=CC=C2)C(=O)N)C(C)C
D11199,CC1=NC(=NC=C1)NS(=O)(=O)C2=CC=C(C=C2)N
D11200,S=[Se]=S
D11201,CCOC(=O)C1=C2CN(C(=O)C3=C(N2C=N1)C=CC(=C3)F)C
D11202,CCN(CC)C(C)CN1C2=CC=CC=C2SC3=CC=CC=C31
D11203,CCN(CC)CCNC1=C2C(=C(C=C1)C)SC3=CC=CC=C3C2=O
D11204,CCOC(=O)C1=C(NC(=C(C1C2=CC=CC=C2Cl)C(=O)OC)C)COCCN
D11205,CCC(CC)OC1C=C(CC(C1NC(=O)C)N)C(=O)OCC
D11206,CCCC1=NC2=C(N1CC3=CC=C(C=C3)C4=CC=CC=C4C(=O)O)C=C(C=C2C)C5=NC6=CC=CC=C6N5C
D11207,CC1=C(C=NO1)C(=O)NC2=CC=C(C=C2)C(F)(F)F
D11208,CC1=C(C(=NO1)C2=CC=CC=C2)C(=O)NC3C4N(C3=O)C(C(S4)(C)C)C(=O)O
D11209,CC1=C(C=C(C=C1)N2C(=O)C(=C(N2)C)N=NC3=CC=CC(=C3O)C4=CC(=CC=C4)C(=O)O)C
D11210,CC(C(C1=CC=CC=C1)O)N
D11211,CC1=NC=C2N1C3=C(C=C(C=C3)Cl)C(=NC2)C4=CC=CC=C4F
D11212,C#CCC(CC1=CN=C2C(=N1)C(=NC(=N2)N)N)C3=CC=C(C=C3)C(=O)NC(CCC(=O)O)C(=O)O
D11213,CCCC(C)(COC(=O)N)COC(=O)N
D11214,CC1=CC2=C(N1)C=CC=C2OCC(CNC(C)(C)C)OC(=O)C3=CC=CC=C3
D11215,C1CCC2CN(CC2C1)C(=O)CC(CC3=CC=CC=C3)C(=O)O
D11216,CCCN(CCC)S(=O)(=O)C1=CC=C(C=C1)C(=O)O
D11217,C[N+](C)(C)CCOC(=O)N
D11218,C1=CC=C2C(=C1)C(=NO2)CS(=O)(=O)N
D11219,CCCCCC=CCC=CCC=CCCCCCCC(=O)O
D11220,CN(C)CCC=C1C2=CC=CC=C2CCC3=CC=CC=C31
D11221,CC1=C(C(=C(C=C1)Cl)NC2=CC=CC=C2C(=O)O)Cl
D11222,C1=C2C(=CC(=C1Cl)S(=O)(=O)N)S(=O)(=O)NC(N2)C(Cl)Cl
D11223,C1=CC=C2C(=C1)C(=O)OC23C4=C(C=C(C=C4)O)OC5=C3C=CC(=C5)O
D11224,CN1CCN(CC1)C2=NC3=C(C=CC(=C3)Cl)NC4=CC=CC=C42
D11225,CN1C(=O)CN=C(C2=C1C=CC(=C2)[N+](=O)[O-])C3=CC=CC=C3F
D11226,COC(=O)C1C(CCC2C1CC3C4=C(CCN3C2)C5=CC=CC=C5N4)O
D11227,CC1=CC(=CC=C1)NC2=C(C=NC=C2)S(=O)(=O)NC(=O)NC(C)C
D11228,CN1C(=O)CN=C(C2=C1C=CC(=C2)Cl)C3=CC=CC=C3F
D11229,CC(C)C1=NC(=CS1)CN(C)C(=O)NC(C(C)C)C(=O)NC(CC2=CC=CC=C2)CC(C(CC3=CC=CC=C3)NC(=O)OCC4=CN=CS4)O
D11230,CC1(OC2CC3C4CC(C5=CC(=O)C=CC5(C4C(CC3(C2(O1)C(=O)CO)C)O)C)F)C
D11231,CCN(CC1=CC=NC=C1)C(=O)C(CO)C2=CC=CC=C2
D11232,CCC1(C(=O)NC(=O)NC1=O)C2=CC=CC=C2.COC1=CC2=C(C=CN=C2C=C1)C(C3CC4CCN3CC4C=C)O
D11233,CC(=O)NCC1CN(C(=O)O1)C2=CC(=C(C=C2)N3CCOCC3)F
D11234,CN1CCC23CCCCC2C1CC4=C3C=C(C=C4)OC
D11235,C1=CC=C2C(=C1)C(=NO2)CS(=O)(=O)N
D11236,COC(=O)C(C1CCCCN1)C2=CC=CC=C2
D11237,CC(C)CN1C=NC2=C1C3=CC=CC=C3N=C2N
D11238,CC(CN1C2=CC=CC=C2SC3=CC=CC=C31)N(C)C
D11239,CC1=CC=CC=C1C(C2=CC=CC=C2)OCCN(C)C
D11240,CCCN(CCC)CCC1=C2CC(=O)NC2=CC=C1
D11241,CN(C)CCOC1=CC=C(C=C1)C(=C(CCCl)C2=CC=CC=C2)C3=CC=CC=C3
D11242,CCC(=O)OCC(=O)C1(C(CC2C1(CC(C3(C2CCC4=CC(=O)C=CC43C)Cl)O)C)C)OC(=O)CC
D11243,CC1=C(C=C(C=C1)C(=O)NC2=CC(=C(C=C2)CN3CCN(CC3)C)C(F)(F)F)C#CC4=CN=C5N4N=CC=C5
D11244,COCC1=C(N2C(C(C2=O)NC(=O)C(=NOC)C3=CSC(=N3)N)SC1)C(=O)O
D11245,CCC(C)C1(C(=O)NC(=O)NC1=O)CC
D11246,CC(C)(C1=CC=CC=C1CCC(C2=CC=CC(=C2)C=CC3=NC4=C(C=CC(=C4)Cl)C=C3)SCC5(CC5)CC(=O)O)O
D11247,COC(C(Cl)Cl)(F)F
D11248,C1=CC=C(C=C1)C2=CC=C(C=C2)C(C3=CC=CC=C3)N4C=CN=C4
D11249,C1CN(CCN1)C2=NC3=CC=CC=C3OC4=C2C=C(C=C4)Cl
D11250,CC1=C(C(=O)C2=CC=CC=C2C1=O)CC=C(C)CCCC(C)CCCC(C)CCCC(C)C
D11251,CCCCNC(=O)NS(=O)(=O)C1=CC=C(C=C1)C
D11252,CCC=CCC=CCC=CCCCCCCCC(=O)O
D11253,C(CC(=O)NC(CS)C(=O)NCC(=O)O)C(C(=O)O)N
D11254,C1COCC(=O)N1C2=CC=C(C=C2)N3CC(OC3=O)CNC(=O)C4=CC=C(S4)Cl
D11255,CC=CC1=C(N2C(C(C2=O)NC(=O)C(C3=CC=C(C=C3)O)N)SC1)C(=O)O
D11256,CCN(CC)CC(=O)NC1=C(C=CC=C1C)C
D11257,C1C[N+]2(CCC1C(C2)OC(=O)C(C3=CC=CS3)(C4=CC=CS4)O)CCCOC5=CC=CC=C5
D11258,C1CN2CCC1C(C2)CN3C4=CC=CC=C4SC5=CC=CC=C53
D11259,C1=CC(=C(C=C1Cl)Cl)CON=C(CN2C=CN=C2)C3=C(C=C(C=C3)Cl)Cl
D11260,CCC1=C2C(=CC=C1)C3=C(N2)C(OCC3)(CC)CC(=O)O
D11261,CN1CCN(CC1)C2=NC3=C(C=CC(=C3)Cl)NC4=CC=CC=C42
D11262,C1=CC=NC(=C1)NS(=O)(=O)C2=CC=C(C=C2)N
D11263,C1=CC=C(C=C1)C2C(=O)C3=CC=CC=C3C2=O
D11264,CC(C1=CC=CC=N1)C2=C(CC3=CC=CC=C32)CCN(C)C
D11265,CC(C(=O)O)N
D11266,C1=CN=CC=C1C(=O)NN
D11267,COC1=C(C=CC(=C1)NS(=O)(=O)C)NC2=C3C=CC=CC3=NC4=CC=CC=C42
D11268,C1=CC(=CC=C1CC(C(=O)O)N)N(CCCl)CCCl
D11269,C1=CC=C2C(=C1)C(=NO2)CS(=O)(=O)N
D11270,C1=CC(=CC=C1C#N)C(C2=CC=C(C=C2)C#N)N3C=NC=N3
D11271,CNCCCN1C2=CC=CC=C2CCC3=CC=CC=C31
D11272,C1=NC(=O)NC(=C1F)N
D11273,CC1=C(C=C(C=C1)NC2=NC=CC(=N2)N(C)C3=CC4=NN(C(=C4C=C3)C)C)S(=O)(=O)N
D11274,CCN(CC)CCOC(=O)C1=C(C=C(C=C1)N)Cl
D11275,CNC1(CCCCC1=O)C2=CC=CC=C2Cl
D11276,C1CN=C(N1)NC2=C(C=C(C=C2Cl)N)Cl
D11277,CC(C)CC1(C(=O)NC(=O)NC1=O)CC=C
D11278,CCC(C)CCCC(=O)NC(CCN)C(=O)NC(C(C)O)C(=O)NC(CCN)C(=O)NC1CCNC(=O)C(NC(=O)C(NC(=O)C(NC(=O)C(NC(=O)C(NC(=O)C(NC1=O)CCN)CC(C)C)CC(C)C)CCN)CCN)C(C)O
D11279,CCCCC1=C(C2=C(O1)C=CC(=C2)NS(=O)(=O)C)C(=O)C3=CC=C(C=C3)OCCCN(CCCC)CCCC
D11280,CC1=CC=C(C=C1)C(=O)C2=CC=C(N2C)CC(=O)O
D11281,CCOC(=O)C1(CCN(CC1)C)C2=CC=CC=C2
D11282,C1C(OC(S1)CO)N2C=CC(=NC2=O)N
D11283,CN(C)CCCN1C2=CC=CC=C2SC3=C1C=C(C=C3)Cl
D11284,CC12CCC3C(C1CCC2(CC=C)O)CCC4=CCCCC34
D11285,COC1=C(C=C2C(=C1)C(=NC(=N2)N3CCN(CC3)C(=O)C4COC5=CC=CC=C5O4)N)OC
D11286,CN(CC1=C(C(=CC(=C1)Br)Br)N)C2CCCCC2
D11287,C(CC(C(=O)O)N)CNC(=O)N
D11288,C(=O)(N)NO
D11289,COC1=C(C=C(C=C1)C2=CC3=C(C=C2)C=C(C=C3)C(=O)O)C45CC6CC(C4)CC(C6)C5
D11290,COC1=C(C=C(C=C1)CNC2=NC(=NC=C2C(=O)NCC3=NC=CC=N3)N4CCCC4CO)Cl
D11291,CN(C)CCCN1C2=CC=CC=C2CCC3=CC=CC=C31
D11292,CCCCC1=C(C2=CC=CC=C2O1)C(=O)C3=CC(=C(C(=C3)I)OCCN(CC)CC)I
D11293,CN(C)S(=O)(=O)C1=CC2=C(C=C1)SC3=CC=CC=C3N2CCCN4CCC(CC4)CCO
D11294,CC1=C2C(=C(N(C1=O)C)NC3=C(C=C(C=C3)I)F)C(=O)N(C(=O)N2C4=CC=CC(=C4)NC(=O)C)C5CC5
D11295,CCCC(CCC)C(=O)O
D11296,CC1=NC2=C(N1)CCN(C3=CC=CC=C32)C(=O)C4=CC=C(C=C4)NC(=O)C5=CC=CC=C5C6=CC=CC=C6
D11297,CC(C)C1=NN2C=CC=CC2=C1C(=O)C(C)C
D11298,CNC1CCC(C2=CC=CC=C12)C3=CC(=C(C=C3)Cl)Cl
D11299,C(CC(=O)NC(CS)C(=O)NCC(=O)O)C(C(=O)O)N
D11300,C(CN)CNCCSP(=O)(O)O
D11301,C1=CC(=C(C=C1Cl)O)OC2=C(C=C(C=C2)Cl)Cl
D11302,CCCCCC(C=CC1C(CC2C1CC(=CCCCC(=O)O)O2)O)O
D11303,COC(=O)C=CC(=O)OC
D11304,CC#CCN1C2=C(N=C1N3CCCC(C3)N)N(C(=O)N(C2=O)CC4=NC5=CC=CC=C5C(=N4)C)C
D11305,CC(C)C(CCCN(C)CCC1=CC(=C(C=C1)OC)OC)(C#N)C2=CC(=C(C=C2)OC)OC
D11306,CN1C=NC2=C1C(=O)N(C(=O)N2C)C
D11307,CN1C(=O)CN=C(C2=C1C=CC(=C2)Cl)C3=CC=CC=C3F
D11308,CCCSC1=CC2=C(C=C1)N=C(N2)NC(=O)OC
D11309,C1C2CC(C1C=C2)C3NC4=CC(=C(C=C4S(=O)(=O)N3)S(=O)(=O)N)Cl
D11310,CN1CCCCC1CCN2C3=CC=CC=C3SC4=C2C=C(C=C4)SC
D11311,C1CN(CCN1CCC2=C(C=C3C(=C2)CC(=O)N3)Cl)C4=NSC5=CC=CC=C54
D11312,CC1CCC23CCC(=O)C2C1(C(CC(C(C3C)O)(C)C=C)OC(=O)CSC4CC5CCC(C4)N5C)C
D11313,CN(C)CCCN1C2=CC=CC=C2CCC3=CC=CC=C31
D11314,C[N+](C)(C)CCCCCCCCCC[N+](C)(C)C
D11315,CC1=C(N2C(C(C2=O)NC(=O)C(C3=CC=CC=C3)N)SC1)C(=O)O
D11316,CC(=O)N(CC(CO)O)C1=C(C(=C(C(=C1I)C(=O)NCC(CO)O)I)C(=O)NCC(CO)O)I
D11317,CCCNC1CCC2=C(C1)SC(=N2)N
D11318,CSCCC(C(=O)O)N
D11319,CN1CCN2C(C1)C3=CC=CC=C3CC4=CC=CC=C42
D11320,CC1=C(C=CC2=C1OC(=O)C(=C2O)NC(=O)C3=CC(=C(C=C3)O)CC=C(C)C)OC4C(C(C(C(O4)(C)C)OC)OC(=O)N)O
D11321,CCC1(C(=O)C(CNC1=O)C)CC
D11322,CCC(C)CCCCC(=O)NC(CCN)C(=O)NC(C(C)O)C(=O)NC(CCN)C(=O)NC1CCNC(=O)C(NC(=O)C(NC(=O)C(NC(=O)C(NC(=O)C(NC(=O)C(NC1=O)CCN)CC2=CC=CC=C2)CC(C)C)CCN)CCN)C(C)O
D11323,CCC1(CCC(=O)NC1=O)C2=CC=CC=C2
D11324,CC(C(C1=CC=C(C=C1)O)O)N2CCC(CC2)CC3=CC=CC=C3
D11325,CN1C(=NN=N1)SCC2=C(N3C(C(C3=O)(NC(=O)C4SC(=C(C(=O)N)C(=O)O)S4)OC)SC2)C(=O)O
D11326,CN1C(=NN=N1)SCC2=C(N3C(C(C3=O)(NC(=O)CSCC#N)OC)SC2)C(=O)O
D11327,CC12CCC(=O)C=C1C3CC3C4C2CCC5(C4C6CC6C57CCC(=O)O7)C
D11328,C1=CC(=CC=C1C(=N)N)OCCCCCOC2=CC=C(C=C2)C(=N)N
D11329,CCCCCCCN(CC)CCCC(C1=CC=C(C=C1)NS(=O)(=O)C)O
D11330,COC1=CC2=C(C=CN=C2C=C1)C(C3CC4CCN3CC4C=C)O
D11331,CC(C)C1(C(=O)NC(=O)NC1=O)CC=C
D11332,CCC1=NC(=C(N1CC2=CC3=C(C=C2)OC(=C3Br)C4=CC=CC=C4NS(=O)(=O)C(F)(F)F)C(=O)N)C5CC5
D11333,C(OC(C(F)(F)F)C(F)(F)F)F
D11334,C1C(=O)NC2=C(C=C(C=C2)Cl)C(=N1)C3=CC=CC=C3Cl
D11335,CC(CN1C2=CC=CC=C2CCC3=CC=CC=C31)CN(C)C
D11336,C1=CC=C(C=C1)COC(=O)C2=CC=CC=C2
D11337,C1=CC=C(C=C1)CCCCOC2=CC=C(C=C2)C(=O)NC3=CC=CC4=C3OC(=CC4=O)C5=NNN=N5
D11338,CN1C(=C(C2=C(S1(=O)=O)C=CS2)O)C(=O)NC3=CC=CC=N3
D11339,CC(C)CC1(C(=O)NC(=O)NC1=O)CC=C
D11340,CCCCCC1=CC(=C2C3C=C(CCC3C(OC2=C1)(C)C)C)O
D11341,C(P(=O)(O)O)(P(=O)(O)O)(Cl)Cl
D11342,C1=CC(=C(C=C1CCN)O)O
D11343,CN1C=NC2=C1C(=O)NC(=O)N2C
D11344,CNCCCN1C2=CC=CC=C2CCC3=CC=CC=C31
D11345,CC1=C(C(=CC=C1)NC2=CC=CC=C2C(=O)O)C
D11346,CC1=C(C(=NO1)C2=CC=CC=C2Cl)C(=O)NC3C4N(C3=O)C(C(S4)(C)C)C(=O)O
D11347,C(CC(O)(P(=O)(O)O)P(=O)(O)O)CN
D11348,CN1CCC23C=CC(CC2OC4=C(C=CC(=C34)C1)OC)O
D11349,C1CC(C1)(C(=O)O)C(=O)O.N.N.[Pt+2]
D11350,C[N+](C)(CCCCCC[N+](C)(C)C1C2=CC=CC=C2C3=CC=CC=C13)C4C5=CC=CC=C5C6=CC=CC=C46
D11351,"CN1C2CCC1C(C(C2)OC(=O)C3=CC=CC=C3)C(=O)OC
CCCCNC(=O)C1=CC=C(C=C1)N2CCOCC2"
D11352,CC1=C(C(=CC=C1)Cl)NC(=O)C2=CN=C(S2)NC3=CC(=NC(=N3)C)N4CCN(CC4)CCO
D11353,C1=NC2=C(N1)C(=S)N=C(N2)N
D11354,CCC(=C(C1=CC=CC=C1)C2=CC=C(C=C2)OCCN(C)C)C3=CC=CC=C3
D11355,C1CC(N(C1)C(=O)C2CSSCC(C(=O)NC(C(=O)NC(C(=O)NC(C(=O)NC(C(=O)N2)CC(=O)N)CCC(=O)N)CC3=CC=CC=C3)CC4=CC=CC=C4)N)C(=O)NC(CCCCN)C(=O)NCC(=O)N
D11356,CCC(C)C1(C(=O)NC(=O)NC1=O)CC=C
D11357,C1=CC(=CC=C1COC(CN2C=CN=C2)C3=C(C=C(C=C3)Cl)Cl)Cl
D11358,CC(=O)C(=O)O
D11359,CC(CC1=CC=CC=C1)NC(=O)C(CCCCN)N
D11360,CCC(C)C1(C(=O)NC(=O)NC1=O)CC=C
D11361,C1=CC(=C(C=C1N)O)C(=O)O
D11362,CCC1C(=O)N(CC(=O)N(C(C(=O)NC(C(=O)N(C(C(=O)NC(C(=O)NC(C(=O)N(C(C(=O)N(C(C(=O)N(C(C(=O)N(C(C(=O)N1)C(C(C)CC=CC)O)C)C(C)C)C)CC(C)C)C)CC(C)C)C)C)C)CC(C)C)C)C(C)C)CC(C)C)C)C
D11363,CC(=O)CC(C1=CC=C(C=C1)[N+](=O)[O-])C2=C(C3=CC=CC=C3OC2=O)O
D11364,CC1=C(C(C(=C(N1)C)C(=O)OC(C)C)C2=CC(=CC=C2)[N+](=O)[O-])C(=O)OCCOC
D11365,CC1C(OCCN1)C2=CC=CC=C2
D11366,CC(C)CC(C(=O)O)N
D11367,CCCCC1=C(C2=C(O1)C=CC(=C2)NS(=O)(=O)C)C(=O)C3=CC=C(C=C3)OCCCN(CCCC)CCCC
D11368,CC1C2CCC3(C(C2(CCC1O)C)C(CC4C3(CC(C4=C(CCC=C(C)C)C(=O)O)OC(=O)C)C)O)C
D11369,C1C(OC(S1)CO)N2C=C(C(=NC2=O)N)F
D11370,CCC1(C(=O)NCNC1=O)C2=CC=CC=C2
D11371,C1=C(NC=N1)CC(C(=O)O)N
D11372,C(CC(C(=O)O)N)CNC(=O)N
D11373,CN1C(=C(C2=C(S1(=O)=O)C=CS2)O)C(=O)NC3=CC=CC=N3
D11374,CCC(C1=CC=CC=C1)C2=C(C3=CC=CC=C3OC2=O)O
D11375,CN(C)CCC=C1C2=CC=CC=C2COC3=CC=CC=C31
D11376,CCCN1CCCCC1C(=O)NC2=C(C=CC=C2C)C
D11377,CC(C)(C)NCC(C1=CC(=C(C(=C1)Cl)N)Cl)O
D11378,CCC1C=C(CC(CC(C2C(CC(C(O2)(C(=O)C(=O)N3CCCCC3C(=O)OC(C(C(CC1=O)O)C)C(=CC4CCC(C(C4)OC)Cl)C)O)C)OC)OC)C)C
D11379,C1CCN(CC1)C2=NC(=NC3=C2N=C(N=C3N4CCCCC4)N(CCO)CCO)N(CCO)CCO
D11380,CCC(=O)OC1(C(CC2C1(CC(C3(C2CC(C4=CC(=O)C=CC43C)F)F)O)C)C)C(=O)SCF
D11381,CCOC1=C(C=CC(=C1)CC(=O)NC(CC(C)C)C2=CC=CC=C2N3CCCCC3)C(=O)O
D11382,COC1=C(C=C2C(=C1)CC(C2=O)CC3CCN(CC3)CC4=CC=CC=C4)OC
D11383,C1CN(CCN1CCC2=C(C=C3C(=C2)CC(=O)N3)Cl)C4=NSC5=CC=CC=C54
D11384,C1C[N+]2(CCC1C(C2)OC(=O)C(C3=CC=CS3)(C4=CC=CS4)O)CCCOC5=CC=CC=C5
D11385,CCN(CC)CCNC(=O)C1=CC(=C(C=C1OC)N)Cl
D11386,CCOC(=O)C1=C(NC(=C(C1C2=CC(=CC=C2)[N+](=O)[O-])C(=O)OC)C)C
D11387,CC(C(C1=CC=CC=C1)O)NC
D11388,CC(=O)OCC1=C(N2C(C(C2=O)NC(=O)C(=NOC)C3=CSC(=N3)N)SC1)C(=O)O
D11389,C1CCN(CC(C1)N)C2=C(C=C3C(=C2Cl)N(C=C(C3=O)C(=O)O)C4CC4)F
D11390,CN(CC1=C(C(=CC(=C1)Br)Br)N)C2CCCCC2
D11391,CC1(C(N2C(S1)C(C2=O)NC(=O)C(C3=CC=CC=C3)N=[N+]=[N-])C(=O)O)C
D11392,C(C1C(C(C(C(O1)OC2C(OC(C2O)(CO)O)CO)O)O)O)O
D11393,CCC(C)C1C(CCC2(O1)CC3CC(O2)CC=C(C(C(C=CC=C4COC5C4(C(C=C(C5O)C)C(=O)O3)O)C)OC6CC(C(C(O6)C)OC7CC(C(C(O7)C)O)OC)OC)C)C.CC1CCC2(CC3CC(O2)CC=C(C(C(C=CC=C4COC5C4(C(C=C(C5O)C)C(=O)O3)O)C)OC6CC(C(C(O6)C)OC7CC(C(C(O7)C)O)OC)OC)C)OC1C(C)C
D11394,CCN1C=C(C(=O)C2=CC(=C(C(=C21)F)N3CCNC(C3)C)F)C(=O)O
D11395,CC(C1=C(C=CC(=C1Cl)F)Cl)OC2=C(N=CC(=C2)C3=CN(N=C3)C4CCNCC4)N
D11396,C1C2=C(C=CC(=C2Cl)Cl)N=C3N1CC(=O)N3
D11397,C1=CC2=C(C(=C1)OCC(COC3=CC=CC4=C3C(=O)C=C(O4)C(=O)O)O)C(=O)C=C(O2)C(=O)O
D11398,C1CCC(CC1)N2C(=NN=N2)CCCCOC3=CC4=C(C=C3)NC(=O)CC4
D11399,C1CC(=O)NC2=C1C=CC(=C2)OCCCCN3CCN(CC3)C4=C(C(=CC=C4)Cl)Cl
D11400,CC(=O)OC(CC(=O)[O-])C[N+](C)(C)C
D11401,C(C(F)(F)F)(Cl)Br
D11402,CC1CN(CCN1)C2=C(C=C3C(=C2OC)N(C=C(C3=O)C(=O)O)C4CC4)F
D11403,C1CN(CCN1CC=CC2=CC=CC=C2)C(C3=CC=CC=C3)C4=CC=CC=C4
D11404,C(CC(=O)O)C(C(=O)O)NC(=O)N
D11405,C1=CC=C(C=C1)C(COC(=O)N)COC(=O)N
D11406,CC1=CC(=CC(=C1CC2=NCCN2)C)C(C)(C)C
D11407,CC(CN1C2=CC=CC=C2SC3=CC=CC=C31)CN(C)C
D11408,CCOC(=O)C(CCC1=CC=CC=C1)NC(C)C(=O)N2CC3=CC=CC=C3CC2C(=O)O
D11409,CC1CC2(C(CCC3C2CCC4(C3CCC4O)C)CC1=O)C
D11410,C1C(=O)N(C2=C(C=C(C=C2)Cl)C(=N1)C3=CC=CC=C3)CC(F)(F)F
D11411,C1CN(CCN1)C2=NC3=CC=CC=C3OC4=C2C=C(C=C4)Cl
D11412,C1=CC(=C(C=C1CC(C(=O)O)N)O)O
D11413,CN1C(=O)CC(=O)N(C2=C1C=CC(=C2)Cl)C3=CC=CC=C3
D11414,CC1C(C(CC(O1)OC2C(OC(CC2O)OC3C(OC(CC3O)OC4CCC5(C(C4)CCC6C5CC(C7(C6(CCC7C8=CC(=O)OC8)O)C)O)C)C)C)O)O
D11415,C(C(F)(F)F)(OC(F)F)Cl
D11416,C1=CC(=C(C=C1C(C(C(=O)O)N)O)O)O
D11417,C1=NC(=C2C(=N1)N(C=N2)C3C(C(C(O3)COP(=O)(O)O)O)O)N
D11418,CCCC(=O)OC1(CCC2C1(CC(C3(C2CC(C4=CC(=O)C=CC43C)F)F)O)C)C(=O)COC(=O)C
D11419,C(CCN)CC(C(=O)O)N
D11420,CC(=O)N=C1N(N=C(S1)S(=O)(=O)N)C
D11421,CC1=C(C(C(=C(N1)C)C(=O)OC(C)C)C2=CC(=CC=C2)[N+](=O)[O-])C(=O)OCCOC
D11422,CC(=O)OC1CC2CCC3C(C2(CC1N4CCCCC4)C)CCC5(C3CC(C5OC(=O)C)[N+]6(CCCCC6)C)C
D11423,CC1=NN=C(O1)C(=O)NC(C)(C)C2=NC(=C(C(=O)N2C)O)C(=O)NCC3=CC=C(C=C3)F
D11424,CC(C1=CC2=C(C=C1)C=C(C=C2)OC)C(=O)O
D11425,C1CN(CCN1CC=CC2=CC=CC=C2)C(C3=CC=CC=C3)C4=CC=CC=C4
D11426,CC1=CC2=C(S1)NC3=CC=CC=C3N=C2N4CCN(CC4)C
D11427,CC(C=CC(C)C(C)(C)O)C1CCC2C1(CCCC2=CC=C3CC(CC(C3)O)O)C
D11428,CN1CCCC1CC2=CNC3=C2C=C(C=C3)CCS(=O)(=O)C4=CC=CC=C4
D11429,CC(C1=CC(=CC=C1)C(=O)C2=CC=CC=C2)C(=O)O
D11430,CN1C(=O)CC(C1=O)C2=CC=CC=C2
D11431,CCN(CC)CCOC(=O)C1=CC=C(C=C1)N
D11432,CN1CCN(CC1)C2=NC3=C(C=CC(=C3)Cl)NC4=CC=CC=C42
D11433,CCOC(=O)C(CCC1=CC=CC=C1)NC(C)C(=O)N2C3CCCCC3CC2C(=O)O
D11434,CC1C(=O)NC2CSSCC3C(=O)NC(C(=O)NC(C(=O)NC(CSSCC(NC(=O)CNC(=O)C(NC2=O)C(C)O)C(=O)NC(CC4=CC=C(C=C4)O)C(=O)O)C(=O)NC(CSSCC(C(=O)N3)N)C(=O)NC(C(=O)N5CCCC5C(=O)N1)CC(=O)N)CC6=CC=C(C=C6)O)CCC(=O)O
D11435,CN(C)CCC=C1C2=CC=CC=C2CCC3=CC=CC=C31
D11436,CCN(CC)CCNC(=O)C1=CC(=C(C=C1OC)N)Cl
D11437,CC(=O)C1=CC2=C(C=C1)SC3=CC=CC=C3N2CCCN(C)C
D11438,CCC1(CC2CC(C3=C(CCN(C2)C1)C4=CC=CC=C4N3)(C5=C(C=C6C(=C5)C78CCN9C7C(C=CC9)(C(C(C8N6C)(C(=O)OC)O)OC(=O)C)CC)OC)C(=O)OC)O
D11439,CON=C(C1=CSC(=N1)N)C(=O)NC2C3N(C2=O)C(=CCS3)C(=O)O
D11440,CCC(=O)C1=CC2=C(C=C1)SC3=CC=CC=C3N2CC(C)N(C)C
D11441,CC1=CC2=C(S1)NC3=CC=CC=C3N=C2N4CCN(CC4)C
D11442,C1=CC(=C(C=C1Cl)Cl)COC(CN2C=CN=C2)C3=C(C=C(C=C3)Cl)Cl
D11443,C(CC(=O)O)C(=O)O
D11444,COC1=CC=CC=C1OCC(CO)O
D11445,CCCN1CC(CC2C1CC3=CNC4=CC=CC2=C34)CSC
D11446,CC1=NC=C2N1C3=C(C=C(C=C3)Cl)C(=NC2)C4=CC=CC=C4F
D11447,CN(C)CC1=NN=C2N1C3=C(C=C(C=C3)Cl)C(=NC2)C4=CC=CC=C4
D11448,C1CN(CCN1CCC=C2C3=CC=CC=C3SC4=C2C=C(C=C4)C(F)(F)F)CCO
D11449,CCNC(=O)CCCC=CCC1C(CC(C1C=CC(CCC2=CC=CC=C2)O)O)O
D11450,CC1=C(C=CC2=C1OC(=O)C(=C2O)NC(=O)C3=CC(=C(C=C3)O)CC=C(C)C)OC4C(C(C(C(O4)(C)C)OC)OC(=O)N)O
D11451,CCC(C)C1(C(=O)NC(=O)NC1=O)CC=C
D11452,C#CCC(CC1=CN=C2C(=N1)C(=NC(=N2)N)N)C3=CC=C(C=C3)C(=O)NC(CCC(=O)O)C(=O)O
D11453,C1=NC(=C2C(=N1)N(C=N2)C3C(C(C(O3)COP(=O)(O)OP(=O)(O)OP(=O)(O)O)O)O)N
D11454,C1CCC(CC1)(CC(=O)O)CN
D11455,C1CCN(CC1)CCOC2=CC=C(C=C2)C(=O)C3=C(SC4=C3C=CC(=C4)O)C5=CC=C(C=C5)O
D11456,C1=CC=C(C=C1)C(=C(C2=CC=CC=C2)C3=CC=C(C=C3)OCCO)CCCl
D11457,CN1CCN(CC1)CCCOC2=C(C=C3C(=C2)N=CC(=C3NC4=CC(=C(C=C4Cl)Cl)OC)C#N)OC
D11458,CN(C)CCC1=CNC2=C1C=C(C=C2)CN3C=NC=N3
D11459,CNC(=O)C1=NC=CC(=C1)OC2=CC(=C(C=C2)NC(=O)NC3=CC(=C(C=C3)Cl)C(F)(F)F)F
D11460,COC(=O)CCC(=O)CN
D11461,C1=CC=C(C=C1)CCNN
D11462,C1=CN=CC=C1N
D11463,C1=CC(=CC=C1C#N)C(C2=CC=C(C=C2)C#N)N3C=NC=N3
D11464,C1=C2C(=CC(=C1Cl)S(=O)(=O)N)S(=O)(=O)NC(N2)C(Cl)Cl
D11465,CN1C2=C(C=C(C=C2)Cl)C(=NC(C1=O)OC(=O)N(C)C)C3=CC=CC=C3
D11466,CCC1(CCC(=O)NC1=O)C2=CC=CC=C2
D11467,C(C(OC(F)F)(F)F)(F)Cl
D11468,CC1=CC(=CC(=C1CC2=NCCN2)C)C(C)(C)C
D11469,C1COC(=O)N1N=CC2=CC=C(O2)[N+](=O)[O-]
D11470,C1=CC=C(C=C1)N2C(=O)C(C(=O)N2C3=CC=CC=C3)CCS(=O)C4=CC=CC=C4
D11471,CC1=CC2=C(C=C1)N=C(N3N2C(=O)C(C3=O)CC=C)N(C)C
D11472,CC1=C(C(=NO1)C2=CC=CC=C2)C(=O)NC3C4N(C3=O)C(C(S4)(C)C)C(=O)O
D11473,CC(C)CC1CN2CCC3=CC(=C(C=C3C2CC1=O)OC)OC
D11474,COC1=C(C=C(C=C1)Cl)C(=O)NCCC2=CC=C(C=C2)S(=O)(=O)NC(=O)NC3CCCCC3
D11475,C1C=C(N2C(S1)C(C2=O)NC(=O)C(=CCC(=O)O)C3=CSC(=N3)N)C(=O)O
D11476,CCC(=O)C1=CC2=C(C=C1)SC3=CC=CC=C3N2CC(C)N(C)C
D11477,CC1=CC(=O)C(=CN1)C(=O)NC(C2=CC=C(C=C2)O)C(=O)NC3C4N(C3=O)C(=C(CS4)CSC5=NN=NN5C)C(=O)O
D11478,COC1=C(C=C(C=C1)Cl)C(=O)NCCC2=CC=C(C=C2)S(=O)(=O)NC(=O)NC3CCCCC3
D11479,CC[N+](C)(C)C1=CC(=CC=C1)O
D11480,CC(CC1C2=CC=CC=C2CCC3=CC=CC=C13)CN(C)C
D11481,C1C2CNCC1C3=CC=CC(=O)N3C2
D11482,CN1CCN(CC1)CCC=C2C3=CC=CC=C3SC4=C2C=C(C=C4)S(=O)(=O)N(C)C
D11483,CNCCCC1C2=CC=CC=C2C=CC3=CC=CC=C13
D11484,C1=NC(=C2C(=N1)N(C=N2)C3C(C(C(O3)COP(=O)(O)OP(=O)(O)OP(=O)(O)O)O)O)N
D11485,CC12CCC(=O)C=C1C=CC3C2CCC4(C3CCC4(CCC(=O)O)O)C
D11486,C(C(F)(F)F)(OC(F)F)F
D11487,C1=C(OC(=C1)[N+](=O)[O-])C=NNC(=O)N
D11488,CCCN(CCC)S(=O)(=O)C1=CC=C(C=C1)C(=O)O
D11489,CC1C(C(C(C(O1)OCC2C(C(C(C(O2)OC3=CC(=C4C(=C3)OC(=CC4=O)C5=CC(=C(C=C5)OC)O)O)O)O)O)O)O)O
D11490,C1C(C(C(C(C1NC(=O)C(CCN)O)OC2C(C(C(C(O2)CO)O)N)O)O)OC3C(C(C(C(O3)CN)O)O)O)N
D11491,C1=CC=C(C(=C1)C(=O)OC2=CC=CC=C2C(=O)O)O
D11492,C1CC1CN2C(=O)CN=C(C3=C2C=CC(=C3)Cl)C4=CC=CC=C4
D11493,CCOC(=O)C1(CCN(CC1)C)C2=CC=CC=C2
D11494,CCOC1=CC=C(C=C1)CC2=C(C=CC(=C2)C3C(C(C(C(O3)CO)O)O)O)Cl
D11495,C1=CC=C(C=C1)N=NC2=C(N=C(C=C2)N)N
D11496,CN1CCN(CC1)CCCN2C3=CC=CC=C3SC4=C2C=C(C=C4)S(=O)(=O)N(C)C
D11497,CCOC(=O)C1=CC=C(C=C1)N
D11498,CCN(CC)CCNC(=O)C1=CC(=C(C=C1OC)N)Cl
D11499,CN(C)CCCC1(C2=C(CO1)C=C(C=C2)C#N)C3=CC=C(C=C3)F
D11500,CC(CN1C2=CC=CC=C2CCC3=CC=CC=C31)CN(C)C
D11501,C1=C(C(=O)NC(=O)N1)F
D11502,CC1=CC(=C(C=C1)C)OCCCC(C)(C)C(=O)O
D11503,CCC(CO)NCCNC(CC)CO
D11504,[Li+]
D11505,CC(=O)CCCCN1C(=O)C2=C(N=CN2C)N(C1=O)C
D11506,CNS(=O)(=O)CC1=CC2=C(C=C1)NC=C2CCN(C)C
D11507,CC1CC2C3CCC(C3(CC(C2C4(C1=CC(=O)C=C4)C)O)C)(C(=O)CO)O
D11508,CCOC(=O)C(CCC1=CC=CC=C1)NC(C)C(=O)N2CC3(CC2C(=O)O)SCCS3
D11509,COC1=CC=C(C=C1)CCN2CCC(CC2)NC3=NC4=CC=CC=C4N3CC5=CC=C(C=C5)F
D11510,CCC1(C(=O)NC(=O)NC1=O)CCC(C)C
D11511,C1NC2=C(C=C(C(=C2)C(F)(F)F)S(=O)(=O)N)S(=O)(=O)N1
D11512,C(OC(C(F)(F)F)C(F)(F)F)F
D11513,CNC(=O)C1=NC=CC(=C1)OC2=CC=C(C=C2)NC(=O)NC3=CC(=C(C=C3)Cl)C(F)(F)F
D11514,CC(=O)OC1=CC=CC=C1C(=O)O
D11515,CCN(CC)CCOC(=O)C1(CCCCC1)C2CCCCC2
D11516,[O-]S(=O)(=O)[O-].[Mg+2]
D11517,CN(C)CCC1=CNC2=C1C=C(C=C2)CS(=O)(=O)N3CCCC3
D11518,CC(=O)SC1CC2=CC(=O)CCC2(C3C1C4CCC5(C4(CC3)C)CCC(=O)O5)C
D11519,CC(C)(C)C1=CC=C(C=C1)CN2CCN(CC2)C(C3=CC=CC=C3)C4=CC=C(C=C4)Cl
D11520,CC1C=CC=C(C(=O)N=C2C(=C3C(=C4C2=NC5(N4)CCN(CC5)CC(C)C)C6=C(C(=C3O)C)OC(C6=O)(OC=CC(C(C(C(C(C(C1O)C)O)C)OC(=O)C)C)OC)C)O)C
D11521,C1=CC(=CC=C1C(C(CO)NC(=O)C(Cl)Cl)O)[N+](=O)[O-]
D11522,CC1=CC2=C(C=C1CC(=O)C3=C(C=CS3)S(=O)(=O)NC4=C(C(=NO4)C)Cl)OCO2
D11523,C1CN2CCC1C(C2)CN3C4=CC=CC=C4SC5=CC=CC=C53
D11524,CC1=C(SC=N1)C=CC2=C(N3C(C(C3=O)NC(=O)C(=NOC)C4=CSC(=N4)N)SC2)C(=O)O
D11525,O.[O-]Cl=O.[O-]Cl=O.[O-]Cl=O.[O-]Cl=O.O=O
D11526,C[N+]1(C2CCC1CC(C2)OC(=O)C(C3=CC=CC=C3)O)C.[Br-]
D11527,CN(C)C(=O)OC1=CC=CC(=C1)[N+](C)(C)C
D11528,C1CC(N(C1)C(=O)C2CSSCCC(=O)NC(C(=O)NC(C(=O)NC(C(=O)NC(C(=O)N2)CC(=O)N)CCC(=O)N)CC3=CC=CC=C3)CC4=CC=C(C=C4)O)C(=O)NC(CCCN=C(N)N)C(=O)NCC(=O)N
D11529,CC(CC1CCCCC1)NC
D11530,C(CC(=O)NC(CS)C(=O)NCC(=O)O)C(C(=O)O)N
D11531,CC1=C(C(=CC=C1)C)NC(=O)CN2CCN(CC2)CC(COC3=CC=CC=C3OC)O
D11532,CN1CCCC(C1)CC2C3=CC=CC=C3SC4=CC=CC=C24
D11533,CN1C=NC2=C1C(=O)NC(=O)N2C
D11534,CCOC(=O)C(CCC1=CC=CC=C1)NC(C)C(=O)N2C3CCCC3CC2C(=O)O
D11535,CC1=CC=CC=C1N2CCN(CC2)CCC3=NN=C4N3CCCC4
D11536,[Cl-].[Cl-].[223Ra++]
D11537,[Cl-].[Cl-].[223Ra++]
D11538,CO[C@H]1C[C@H](O[C@H]2[C@H](C)[C@@H](O[C@@H]3O[C@H](C)C[C@@H]([C@H]3OC(C)=O)N(C)C)[C@@H](C)C[C@@]3(CO3)C(=O)[C@H](C)[C@@H](OC(C)=O)[C@@H](C)[C@@H](C)OC(=O)[C@@H]2C)O[C@@H](C)[C@@H]1OC(C)=O
D11539,C[C@]12CCC3C(C1CCC2=O)CCC4=C3C=CC(=C4)OS(=O)(=O)[O-].[Na+]
D11540,NCCC1=CNC=N1
D11541,O.O=[Al]O[Al]=O.O=[Si]=O
D11542,C[C@]12CCC3C(C1CCC2=O)CCC4=C3C=CC(=C4)OS(=O)(=O)[O-].[Na+]
D11543,O.O=[Al]O[Al]=O.O=[Si]=O
D11544,C1C(O1)CCl.C(CNCCNCCNCCN)N
D11545,OC(=O)C1=CC=CC=C1O
D11546,C[C@]12CCC3C(C1CCC2=O)CCC4=C3C=CC(=C4)OS(=O)(=O)[O-].[Na+]
D11547,NCCC1=CNC=N1
D11548,NCCC1=CNC=N1
D11549,C1C(O1)CCl.C(CNCCNCCNCCN)N
D11550,O.O=[Al]O[Al]=O.O=[Si]=O
D11551,NCCC1=CNC=N1
D11552,OC(=O)C1=CC=CC=C1O
D11553,OC(=O)C1=CC=CC=C1O
D11554,C[C@]12CCC3C(C1CCC2=O)CCC4=C3C=CC(=C4)OS(=O)(=O)[O-].[Na+]
D11555,[Cl-].[Cl-].[223Ra++]
D11556,OC(=O)C1=CC=CC=C1O
D11557,NCCC1=CNC=N1
D11558,C1C(O1)CCl.C(CNCCNCCNCCN)N
D11559,CO[C@H]1C[C@H](O[C@H]2[C@H](C)[C@@H](O[C@@H]3O[C@H](C)C[C@@H]([C@H]3OC(C)=O)N(C)C)[C@@H](C)C[C@@]3(CO3)C(=O)[C@H](C)[C@@H](OC(C)=O)[C@@H](C)[C@@H](C)OC(=O)[C@@H]2C)O[C@@H](C)[C@@H]1OC(C)=O
D11560,OC(=O)C1=CC=CC=C1O
D11561,CO[C@H]1C[C@H](O[C@H]2[C@H](C)[C@@H](O[C@@H]3O[C@H](C)C[C@@H]([C@H]3OC(C)=O)N(C)C)[C@@H](C)C[C@@]3(CO3)C(=O)[C@H](C)[C@@H](OC(C)=O)[C@@H](C)[C@@H](C)OC(=O)[C@@H]2C)O[C@@H](C)[C@@H]1OC(C)=O
D11562,OC(=O)C1=CC=CC=C1O
D11563,C[C@]12CCC3C(C1CCC2=O)CCC4=C3C=CC(=C4)OS(=O)(=O)[O-].[Na+]
D11564,C1C(O1)CCl.C(CNCCNCCNCCN)N
D11565,CO[C@H]1C[C@H](O[C@H]2[C@H](C)[C@@H](O[C@@H]3O[C@H](C)C[C@@H]([C@H]3OC(C)=O)N(C)C)[C@@H](C)C[C@@]3(CO3)C(=O)[C@H](C)[C@@H](OC(C)=O)[C@@H](C)[C@@H](C)OC(=O)[C@@H]2C)O[C@@H](C)[C@@H]1OC(C)=O
D11566,NCCC1=CNC=N1
D11567,C[C@]12CCC3C(C1CCC2=O)CCC4=C3C=CC(=C4)OS(=O)(=O)[O-].[Na+]
D11568,O.O=[Al]O[Al]=O.O=[Si]=O
D11569,[Cl-].[Cl-].[223Ra++]
D11570,NCCC1=CNC=N1
D11571,O.O=[Al]O[Al]=O.O=[Si]=O
D11572,[Cl-].[Cl-].[223Ra++]
D11573,NCCC1=CNC=N1
D11574,CO[C@H]1C[C@H](O[C@H]2[C@H](C)[C@@H](O[C@@H]3O[C@H](C)C[C@@H]([C@H]3OC(C)=O)N(C)C)[C@@H](C)C[C@@]3(CO3)C(=O)[C@H](C)[C@@H](OC(C)=O)[C@@H](C)[C@@H](C)OC(=O)[C@@H]2C)O[C@@H](C)[C@@H]1OC(C)=O
D11575,OC(=O)C1=CC=CC=C1O
D11576,O.O=[Al]O[Al]=O.O=[Si]=O
D11577,OC(=O)C1=CC=CC=C1O
D11578,O.O=[Al]O[Al]=O.O=[Si]=O
