drug_id,protein_id,interaction
D00000,P00000,1
D00001,P00001,0
D00002,P00002,1
D00003,P00003,0
D00004,P00004,1
D00005,P00005,0
D00006,P00006,1
D00007,P00007,0
D00008,P00008,1
D00009,P00009,0
D00010,P00010,1
D00011,P00011,0
D00012,P00012,1
D00013,P00013,0
D00014,P00014,1
D00015,P00015,0
D00016,P00016,1
D00017,P00017,0
D00018,P00018,1
D00019,P00019,0
D00020,P00020,1
D00021,P00021,0
D00022,P00022,1
D00023,P00023,0
D00024,P00024,1
D00025,P00025,0
D00026,P00026,1
D00027,P00027,0
D00028,P00028,1
D00029,P00029,0
D00030,P00030,1
D00031,P00031,0
D00032,P00032,1
D00033,P00033,0
D00034,P00034,1
D00035,P00035,0
D00036,P00036,1
D00037,P00037,0
D00038,P00038,1
D00039,P00039,0
D00040,P00040,1
D00041,P00041,0
D00042,P00042,1
D00043,P00043,0
D00044,P00044,1
D00045,P00045,0
D00046,P00046,1
D00047,P00047,0
D00048,P00048,1
D00049,P00049,0
D00050,P00050,1
D00051,P00051,0
D00052,P00052,1
D00053,P00053,0
D00054,P00054,1
D00055,P00055,0
D00056,P00056,1
D00057,P00057,0
D00058,P00058,1
D00059,P00059,0
D00060,P00060,1
D00061,P00061,0
D00062,P00062,1
D00063,P00063,0
D00064,P00064,1
D00065,P00065,0
D00066,P00066,1
D00067,P00067,0
D00068,P00068,1
D00069,P00069,0
D00070,P00070,1
D00071,P00071,0
D00072,P00072,1
D00073,P00073,0
D00074,P00074,1
D00075,P00075,0
D00076,P00076,1
D00077,P00077,0
D00078,P00078,1
D00079,P00079,0
D00080,P00080,1
D00081,P00081,0
D00082,P00082,1
D00083,P00083,0
D00084,P00084,1
D00085,P00085,0
D00086,P00086,1
D00087,P00087,0
D00088,P00088,1
D00089,P00089,0
D00090,P00090,1
D00091,P00091,0
D00092,P00092,1
D00093,P00093,0
D00094,P00094,1
D00095,P00095,0
D00096,P00096,1
D00097,P00097,0
D00098,P00098,1
D00099,P00099,0
D00100,P00100,1
D00101,P00101,0
D00102,P00102,1
D00103,P00103,0
D00104,P00104,1
D00105,P00105,0
D00106,P00106,1
D00107,P00107,0
D00108,P00108,1
D00109,P00109,0
D00110,P00110,1
D00111,P00111,0
D00112,P00112,1
D00113,P00113,0
D00114,P00114,1
D00115,P00115,0
D00116,P00116,1
D00117,P00117,0
D00118,P00118,1
D00119,P00119,0
D00120,P00120,1
D00121,P00121,0
D00122,P00122,1
D00123,P00123,0
D00124,P00124,1
D00125,P00125,0
D00126,P00126,1
D00127,P00127,0
D00128,P00128,1
D00129,P00129,0
D00130,P00130,1
D00131,P00131,0
D00132,P00132,1
D00133,P00133,0
D00134,P00134,1
D00135,P00135,0
D00136,P00136,1
D00137,P00137,0
D00138,P00138,1
D00139,P00139,0
D00140,P00140,1
D00141,P00141,0
D00142,P00142,1
D00143,P00143,0
D00144,P00144,1
D00145,P00145,0
D00146,P00146,1
D00147,P00147,0
D00148,P00148,1
D00149,P00149,0
D00150,P00150,1
D00151,P00151,0
D00152,P00152,1
D00153,P00153,0
D00154,P00154,1
D00155,P00155,0
D00156,P00156,1
D00157,P00157,0
D00158,P00158,1
D00159,P00159,0
D00160,P00160,1
D00161,P00161,0
D00162,P00162,1
D00163,P00163,0
D00164,P00164,1
D00165,P00165,0
D00166,P00166,1
D00167,P00167,0
D00168,P00168,1
D00169,P00169,0
D00170,P00170,1
D00171,P00171,0
D00172,P00172,1
D00173,P00173,0
D00174,P00174,1
D00175,P00175,0
D00176,P00176,1
D00177,P00177,0
D00178,P00178,1
D00179,P00179,0
D00180,P00180,1
D00181,P00181,0
D00182,P00182,1
D00183,P00183,0
D00184,P00184,1
D00185,P00185,0
D00186,P00186,1
D00187,P00187,0
D00188,P00188,1
D00189,P00189,0
D00190,P00190,1
D00191,P00191,0
D00192,P00192,1
D00193,P00193,0
D00194,P00194,1
D00195,P00195,0
D00196,P00196,1
D00197,P00197,0
D00198,P00198,1
D00199,P00199,0
D00200,P00200,1
D00201,P00201,0
D00202,P00202,1
D00203,P00203,0
D00204,P00204,1
D00205,P00205,0
D00206,P00206,1
D00207,P00207,0
D00208,P00208,1
D00209,P00209,0
D00210,P00210,1
D00211,P00211,0
D00212,P00212,1
D00213,P00213,0
D00214,P00214,1
D00215,P00215,0
D00216,P00216,1
D00217,P00217,0
D00218,P00218,1
D00219,P00219,0
D00220,P00220,1
D00221,P00221,0
D00222,P00222,1
D00223,P00223,0
D00224,P00224,1
D00225,P00225,0
D00226,P00226,1
D00227,P00227,0
D00228,P00228,1
D00229,P00229,0
D00230,P00230,1
D00231,P00231,0
D00232,P00232,1
D00233,P00233,0
D00234,P00234,1
D00235,P00235,0
D00236,P00236,1
D00237,P00237,0
D00238,P00238,1
D00239,P00239,0
D00240,P00240,1
D00241,P00241,0
D00242,P00242,1
D00243,P00243,0
D00244,P00244,1
D00245,P00245,1
D00246,P00246,0
D00247,P00247,1
D00248,P00248,0
D00249,P00249,1
D00250,P00250,0
D00251,P00251,1
D00252,P00252,0
D00253,P00253,1
D00254,P00254,0
D00255,P00255,1
D00256,P00256,0
D00257,P00257,1
D00258,P00258,0
D00259,P00259,1
D00260,P00260,0
D00261,P00261,1
D00262,P00262,0
D00263,P00263,1
D00264,P00264,0
D00265,P00265,1
D00266,P00266,0
D00267,P00267,1
D00268,P00268,0
D00269,P00269,1
D00270,P00270,0
D00271,P00271,1
D00272,P00272,0
D00273,P00273,1
D00274,P00274,0
D00275,P00275,1
D00276,P00276,0
D00277,P00277,1
D00278,P00278,0
D00279,P00279,1
D00280,P00280,0
D00281,P00281,1
D00282,P00282,0
D00283,P00283,1
D00284,P00284,0
D00285,P00285,1
D00286,P00286,0
D00287,P00287,1
D00288,P00288,0
D00289,P00289,1
D00290,P00290,0
D00291,P00291,1
D00292,P00292,0
D00293,P00293,1
D00294,P00294,0
D00295,P00295,1
D00296,P00296,0
D00297,P00297,1
D00298,P00298,0
D00299,P00299,1
D00300,P00300,0
D00301,P00301,1
D00302,P00302,0
D00303,P00303,1
D00304,P00304,0
D00305,P00305,1
D00306,P00306,0
D00307,P00307,1
D00308,P00308,0
D00309,P00309,1
D00310,P00310,0
D00311,P00311,1
D00312,P00312,0
D00313,P00313,1
D00314,P00314,0
D00315,P00315,1
D00316,P00316,0
D00317,P00317,1
D00318,P00318,0
D00319,P00319,1
D00320,P00320,0
D00321,P00321,1
D00322,P00322,0
D00323,P00323,1
D00324,P00324,0
D00325,P00325,1
D00326,P00326,0
D00327,P00327,1
D00328,P00328,0
D00329,P00329,1
D00330,P00330,0
D00331,P00331,1
D00332,P00332,0
D00333,P00333,1
D00334,P00334,0
D00335,P00335,1
D00336,P00336,0
D00337,P00337,1
D00338,P00338,0
D00339,P00339,1
D00340,P00340,0
D00341,P00341,1
D00342,P00342,0
D00343,P00343,1
D00344,P00344,0
D00345,P00345,1
D00346,P00346,0
D00347,P00347,1
D00348,P00348,0
D00349,P00349,1
D00350,P00350,0
D00351,P00351,1
D00352,P00352,0
D00353,P00353,1
D00354,P00354,0
D00355,P00355,1
D00356,P00356,0
D00357,P00357,1
D00358,P00358,0
D00359,P00359,1
D00360,P00360,0
D00361,P00361,1
D00362,P00362,0
D00363,P00363,1
D00364,P00364,0
D00365,P00365,1
D00366,P00366,0
D00367,P00367,1
D00368,P00368,0
D00369,P00369,1
D00370,P00370,1
D00371,P00371,0
D00372,P00372,1
D00373,P00373,0
D00374,P00374,1
D00375,P00375,0
D00376,P00376,1
D00377,P00377,0
D00378,P00378,1
D00379,P00379,0
D00380,P00380,1
D00381,P00381,0
D00382,P00382,1
D00383,P00383,0
D00384,P00384,1
D00385,P00385,0
D00386,P00386,1
D00387,P00387,0
D00388,P00388,1
D00389,P00389,0
D00390,P00390,1
D00391,P00391,0
D00392,P00392,1
D00393,P00393,0
D00394,P00394,1
D00395,P00395,0
D00396,P00396,1
D00397,P00397,0
D00398,P00398,1
D00399,P00399,0
D00400,P00400,1
D00401,P00401,0
D00402,P00402,1
D00403,P00403,0
D00404,P00404,1
D00405,P00405,0
D00406,P00406,1
D00407,P00407,0
D00408,P00408,1
D00409,P00409,0
D00410,P00410,1
D00411,P00411,0
D00412,P00412,1
D00413,P00413,0
D00414,P00414,1
D00415,P00415,0
D00416,P00416,1
D00417,P00417,0
D00418,P00418,1
D00419,P00419,0
D00420,P00420,1
D00421,P00421,0
D00422,P00422,1
D00423,P00423,0
D00424,P00424,1
D00425,P00425,0
D00426,P00426,1
D00427,P00427,0
D00428,P00428,1
D00429,P00429,0
D00430,P00430,1
D00431,P00431,0
D00432,P00432,1
D00433,P00433,0
D00434,P00434,1
D00435,P00435,0
D00436,P00436,1
D00437,P00437,0
D00438,P00438,1
D00439,P00439,0
D00440,P00440,1
D00441,P00441,0
D00442,P00442,1
D00443,P00443,0
D00444,P00444,1
D00445,P00445,0
D00446,P00446,1
D00447,P00447,0
D00448,P00448,1
D00449,P00449,0
D00450,P00450,1
D00451,P00451,0
D00452,P00452,1
D00453,P00453,0
D00454,P00454,1
D00455,P00455,0
D00456,P00456,1
D00457,P00457,0
D00458,P00458,1
D00459,P00459,0
D00460,P00460,1
D00461,P00461,0
D00462,P00462,1
D00463,P00463,0
D00464,P00464,1
D00465,P00465,0
D00466,P00466,1
D00467,P00467,0
D00468,P00468,1
D00469,P00469,0
D00470,P00470,1
D00471,P00471,0
D00472,P00472,1
D00473,P00473,0
D00474,P00474,1
D00475,P00475,0
D00476,P00476,1
D00477,P00477,0
D00478,P00478,1
D00479,P00479,0
D00480,P00480,1
D00481,P00481,0
D00482,P00482,1
D00483,P00483,0
D00484,P00484,1
D00485,P00485,0
D00486,P00486,1
D00487,P00487,0
D00488,P00488,1
D00489,P00489,0
D00490,P00490,1
D00491,P00491,0
D00492,P00492,1
D00493,P00493,0
D00494,P00494,1
D00495,P00495,0
D00496,P00496,1
D00497,P00497,0
D00498,P00498,1
D00499,P00499,0
D00500,P00500,1
D00501,P00501,0
D00502,P00502,1
D00503,P00503,0
D00504,P00504,1
D00505,P00505,0
D00506,P00506,1
D00507,P00507,0
D00508,P00508,1
D00509,P00509,0
D00510,P00510,1
D00511,P00511,0
D00512,P00512,1
D00513,P00513,0
D00514,P00514,1
D00515,P00515,0
D00516,P00516,1
D00517,P00517,0
D00518,P00518,1
D00519,P00519,0
D00520,P00520,1
D00521,P00521,0
D00522,P00522,1
D00523,P00523,0
D00524,P00524,1
D00525,P00525,0
D00526,P00526,1
D00527,P00527,0
D00528,P00528,1
D00529,P00529,0
D00530,P00530,1
D00531,P00531,0
D00532,P00532,1
D00533,P00533,0
D00534,P00534,1
D00535,P00535,0
D00536,P00536,1
D00537,P00537,0
D00538,P00538,1
D00539,P00539,0
D00540,P00540,1
D00541,P00541,0
D00542,P00542,1
D00543,P00543,0
D00544,P00544,1
D00545,P00545,0
D00546,P00546,1
D00547,P00547,0
D00548,P00548,1
D00549,P00549,0
D00550,P00550,1
D00551,P00551,0
D00552,P00552,1
D00553,P00553,0
D00554,P00554,1
D00555,P00555,0
D00556,P00556,1
D00557,P00557,0
D00558,P00558,1
D00559,P00559,0
D00560,P00560,1
D00561,P00561,0
D00562,P00562,1
D00563,P00563,0
D00564,P00564,1
D00565,P00565,0
D00566,P00566,1
D00567,P00567,0
D00568,P00568,1
D00569,P00569,0
D00570,P00570,1
D00571,P00571,0
D00572,P00572,1
D00573,P00573,0
D00574,P00574,1
D00575,P00575,0
D00576,P00576,1
D00577,P00577,0
D00578,P00578,1
D00579,P00579,0
D00580,P00580,1
D00581,P00581,0
D00582,P00582,1
D00583,P00583,1
D00584,P00584,0
D00585,P00585,1
D00586,P00586,0
D00587,P00587,1
D00588,P00588,0
D00589,P00589,1
D00590,P00590,0
D00591,P00591,1
D00592,P00592,0
D00593,P00593,1
D00594,P00594,0
D00595,P00595,1
D00596,P00596,0
D00597,P00597,1
D00598,P00598,0
D00599,P00599,1
D00600,P00600,0
D00601,P00601,1
D00602,P00602,0
D00603,P00603,1
D00604,P00604,0
D00605,P00605,1
D00606,P00606,0
D00607,P00607,1
D00608,P00608,0
D00609,P00609,1
D00610,P00610,0
D00611,P00611,1
D00612,P00612,0
D00613,P00613,1
D00614,P00614,0
D00615,P00615,1
D00616,P00616,0
D00617,P00617,1
D00618,P00618,0
D00619,P00619,1
D00620,P00620,0
D00621,P00621,1
D00622,P00622,0
D00623,P00623,1
D00624,P00624,0
D00625,P00625,1
D00626,P00626,0
D00627,P00627,1
D00628,P00628,0
D00629,P00629,1
D00630,P00630,0
D00631,P00631,1
D00632,P00632,0
D00633,P00633,1
D00634,P00634,0
D00635,P00635,1
D00636,P00636,0
D00637,P00637,1
D00638,P00638,0
D00639,P00639,1
D00640,P00640,0
D00641,P00641,1
D00642,P00642,0
D00643,P00643,1
D00644,P00644,0
D00645,P00645,1
D00646,P00646,0
D00647,P00647,1
D00648,P00648,0
D00649,P00649,1
D00650,P00650,0
D00651,P00651,1
D00652,P00652,0
D00653,P00653,1
D00654,P00654,0
D00655,P00655,1
D00656,P00656,0
D00657,P00657,1
D00658,P00658,0
D00659,P00659,1
D00660,P00660,0
D00661,P00661,1
D00662,P00662,0
D00663,P00663,1
D00664,P00664,0
D00665,P00665,1
D00666,P00666,0
D00667,P00667,1
D00668,P00668,0
D00669,P00669,1
D00670,P00670,0
D00671,P00671,1
D00672,P00672,0
D00673,P00673,1
D00674,P00674,0
D00675,P00675,1
D00676,P00676,0
D00677,P00677,1
D00678,P00678,0
D00679,P00679,1
D00680,P00680,0
D00681,P00681,1
D00682,P00682,0
D00683,P00683,1
D00684,P00684,0
D00685,P00685,1
D00686,P00686,1
D00687,P00687,0
D00688,P00688,1
D00689,P00689,0
D00690,P00690,1
D00691,P00691,0
D00692,P00692,1
D00693,P00693,1
D00694,P00694,0
D00695,P00695,1
D00696,P00696,0
D00697,P00697,1
D00698,P00698,0
D00699,P00699,1
D00700,P00700,0
D00701,P00701,1
D00702,P00702,0
D00703,P00703,1
D00704,P00704,0
D00705,P00705,1
D00706,P00706,0
D00707,P00707,1
D00708,P00708,0
D00709,P00709,1
D00710,P00710,0
D00711,P00711,1
D00712,P00712,0
D00713,P00713,1
D00714,P00714,0
D00715,P00715,1
D00716,P00716,0
D00717,P00717,1
D00718,P00718,0
D00719,P00719,1
D00720,P00720,0
D00721,P00721,1
D00722,P00722,0
D00723,P00723,1
D00724,P00724,0
D00725,P00725,1
D00726,P00726,0
D00727,P00727,1
D00728,P00728,0
D00729,P00729,1
D00730,P00730,0
D00731,P00731,1
D00732,P00732,0
D00733,P00733,1
D00734,P00734,0
D00735,P00735,1
D00736,P00736,0
D00737,P00737,1
D00738,P00738,0
D00739,P00739,1
D00740,P00740,0
D00741,P00741,1
D00742,P00742,0
D00743,P00743,1
D00744,P00744,0
D00745,P00745,1
D00746,P00746,0
D00747,P00747,1
D00748,P00748,0
D00749,P00749,1
D00750,P00750,1
D00751,P00751,0
D00752,P00752,1
D00753,P00753,0
D00754,P00754,1
D00755,P00755,0
D00756,P00756,1
D00757,P00757,0
D00758,P00758,1
D00759,P00759,0
D00760,P00760,1
D00761,P00761,0
D00762,P00762,1
D00763,P00763,0
D00764,P00764,1
D00765,P00765,0
D00766,P00766,1
D00767,P00767,0
D00768,P00768,1
D00769,P00769,0
D00770,P00770,1
D00771,P00771,0
D00772,P00772,1
D00773,P00773,0
D00774,P00774,1
D00775,P00775,0
D00776,P00776,1
D00777,P00777,0
D00778,P00778,1
D00779,P00779,0
D00780,P00780,1
D00781,P00781,0
D00782,P00782,1
D00783,P00783,0
D00784,P00784,1
D00785,P00785,0
D00786,P00786,1
D00787,P00787,0
D00788,P00788,1
D00789,P00789,0
D00790,P00790,1
D00791,P00791,0
D00792,P00792,1
D00793,P00793,0
D00794,P00794,1
D00795,P00795,0
D00796,P00796,1
D00797,P00797,0
D00798,P00798,1
D00799,P00799,0
D00800,P00800,1
D00801,P00801,0
D00802,P00802,1
D00803,P00803,1
D00804,P00804,0
D00805,P00805,1
D00806,P00806,0
D00807,P00807,1
D00808,P00808,0
D00809,P00809,1
D00810,P00810,0
D00811,P00811,1
D00812,P00812,0
D00813,P00813,1
D00814,P00814,0
D00815,P00815,1
D00816,P00816,0
D00817,P00817,1
D00818,P00818,0
D00819,P00819,1
D00820,P00820,0
D00821,P00821,1
D00822,P00822,0
D00823,P00823,1
D00824,P00824,0
D00825,P00825,1
D00826,P00826,0
D00827,P00827,1
D00828,P00828,0
D00829,P00829,1
D00830,P00830,0
D00831,P00831,1
D00832,P00832,0
D00833,P00833,1
D00834,P00834,0
D00835,P00835,1
D00836,P00836,0
D00837,P00837,1
D00838,P00838,0
D00839,P00839,1
D00840,P00840,0
D00841,P00841,1
D00842,P00842,0
D00843,P00843,1
D00844,P00844,0
D00845,P00845,1
D00846,P00846,0
D00847,P00847,1
D00848,P00848,0
D00849,P00849,1
D00850,P00850,0
D00851,P00851,1
D00852,P00852,0
D00853,P00853,1
D00854,P00854,0
D00855,P00855,1
D00856,P00856,0
D00857,P00857,1
D00858,P00858,0
D00859,P00859,1
D00860,P00860,0
D00861,P00861,1
D00862,P00862,0
D00863,P00863,1
D00864,P00864,0
D00865,P00865,1
D00866,P00866,0
D00867,P00867,1
D00868,P00868,0
D00869,P00869,1
D00870,P00870,0
D00871,P00871,1
D00872,P00872,0
D00873,P00873,1
D00874,P00874,0
D00875,P00875,1
D00876,P00876,0
D00877,P00877,1
D00878,P00878,0
D00879,P00879,1
D00880,P00880,0
D00881,P00881,1
D00882,P00882,0
D00883,P00883,1
D00884,P00884,0
D00885,P00885,1
D00886,P00886,0
D00887,P00887,1
D00888,P00888,0
D00889,P00889,1
D00890,P00890,0
D00891,P00891,1
D00892,P00892,0
D00893,P00893,1
D00894,P00894,0
D00895,P00895,1
D00896,P00896,0
D00897,P00897,1
D00898,P00898,0
D00899,P00899,1
D00900,P00900,0
D00901,P00901,1
D00902,P00902,0
D00903,P00903,1
D00904,P00904,0
D00905,P00905,1
D00906,P00906,0
D00907,P00907,1
D00908,P00908,0
D00909,P00909,1
D00910,P00910,0
D00911,P00911,1
D00912,P00912,0
D00913,P00913,1
D00914,P00914,0
D00915,P00915,1
D00916,P00916,0
D00917,P00917,1
D00918,P00918,0
D00919,P00919,1
D00920,P00920,0
D00921,P00921,1
D00922,P00922,0
D00923,P00923,1
D00924,P00924,0
D00925,P00925,0
D00926,P00926,1
D00927,P00927,0
D00928,P00928,1
D00929,P00929,0
D00930,P00930,1
D00931,P00931,0
D00932,P00932,1
D00933,P00933,0
D00934,P00934,1
D00935,P00935,0
D00936,P00936,1
D00937,P00937,0
D00938,P00938,1
D00939,P00939,0
D00940,P00940,1
D00941,P00941,0
D00942,P00942,1
D00943,P00943,0
D00944,P00944,1
D00945,P00945,0
D00946,P00946,1
D00947,P00947,0
D00948,P00948,1
D00949,P00949,0
D00950,P00950,1
D00951,P00951,0
D00952,P00952,1
D00953,P00953,0
D00954,P00954,1
D00955,P00955,1
D00956,P00956,0
D00957,P00957,1
D00958,P00958,0
D00959,P00959,1
D00960,P00960,0
D00961,P00961,1
D00962,P00962,0
D00963,P00963,1
D00964,P00964,0
D00965,P00965,1
D00966,P00966,0
D00967,P00967,1
D00968,P00968,0
D00969,P00969,1
D00970,P00970,0
D00971,P00971,1
D00972,P00972,0
D00973,P00973,1
D00974,P00974,0
D00975,P00975,1
D00976,P00976,0
D00977,P00977,1
D00978,P00978,0
D00979,P00979,1
D00980,P00980,0
D00981,P00981,1
D00982,P00982,0
D00983,P00983,0
D00984,P00984,1
D00985,P00985,0
D00986,P00986,1
D00987,P00987,0
D00988,P00988,1
D00989,P00989,0
D00990,P00990,0
D00991,P00991,1
D00992,P00992,0
D00993,P00993,1
D00994,P00994,0
D00995,P00995,1
D00996,P00996,0
D00997,P00997,1
D00998,P00998,0
D00999,P00999,1
D01000,P01000,0
D01001,P01001,1
D01002,P01002,0
D01003,P01003,1
D01004,P01004,0
D01005,P01005,1
D01006,P01006,0
D01007,P01007,1
D01008,P01008,0
D01009,P01009,1
D01010,P01010,0
D01011,P01011,1
D01012,P01012,0
D01013,P01013,1
D01014,P01014,0
D01015,P01015,1
D01016,P01016,0
D01017,P01017,1
D01018,P01018,0
D01019,P01019,1
D01020,P01020,0
D01021,P01021,1
D01022,P01022,0
D01023,P01023,1
D01024,P01024,0
D01025,P01025,1
D01026,P01026,0
D01027,P01027,1
D01028,P01028,0
D01029,P01029,1
D01030,P01030,0
D01031,P01031,1
D01032,P01032,0
D01033,P01033,1
D01034,P01034,0
D01035,P01035,1
D01036,P01036,0
D01037,P01037,1
D01038,P01038,0
D01039,P01039,1
D01040,P01040,0
D01041,P01041,1
D01042,P01042,0
D01043,P01043,1
D01044,P01044,0
D01045,P01045,1
D01046,P01046,0
D01047,P01047,1
D01048,P01048,0
D01049,P01049,1
D01050,P01050,0
D01051,P01051,1
D01052,P01052,0
D01053,P01053,1
D01054,P01054,0
D01055,P01055,1
D01056,P01056,0
D01057,P01057,1
D01058,P01058,0
D01059,P01059,1
D01060,P01060,0
D01061,P01061,1
D01062,P01062,0
D01063,P01063,1
D01064,P01064,0
D01065,P01065,1
D01066,P01066,0
D01067,P01067,1
D01068,P01068,0
D01069,P01069,1
D01070,P01070,0
D01071,P01071,1
D01072,P01072,0
D01073,P01073,1
D01074,P01074,0
D01075,P01075,1
D01076,P01076,0
D01077,P01077,1
D01078,P01078,0
D01079,P01079,1
D01080,P01080,0
D01081,P01081,1
D01082,P01082,0
D01083,P01083,1
D01084,P01084,0
D01085,P01085,1
D01086,P01086,0
D01087,P01087,1
D01088,P01088,0
D01089,P01089,1
D01090,P01090,0
D01091,P01091,1
D01092,P01092,0
D01093,P01093,1
D01094,P01094,0
D01095,P01095,1
D01096,P01096,0
D01097,P01097,1
D01098,P01098,0
D01099,P01099,1
D01100,P01100,0
D01101,P01101,1
D01102,P01102,0
D01103,P01103,1
D01104,P01104,0
D01105,P01105,1
D01106,P01106,0
D01107,P01107,1
D01108,P01108,0
D01109,P01109,1
D01110,P01110,0
D01111,P01111,1
D01112,P01112,1
D01113,P01113,0
D01114,P01114,1
D01115,P01115,0
D01116,P01116,1
D01117,P01117,0
D01118,P01118,0
D01119,P01119,1
D01120,P01120,0
D01121,P01121,1
D01122,P01122,0
D01123,P01123,1
D01124,P01124,0
D01125,P01125,1
D01126,P01126,0
D01127,P01127,1
D01128,P01128,0
D01129,P01129,1
D01130,P01130,0
D01131,P01131,1
D01132,P01132,0
D01133,P01133,1
D01134,P01134,0
D01135,P01135,1
D01136,P01136,0
D01137,P01137,1
D01138,P01138,0
D01139,P01139,1
D01140,P01140,0
D01141,P01141,1
D01142,P01142,0
D01143,P01143,1
D01144,P01144,0
D01145,P01145,1
D01146,P01146,0
D01147,P01147,1
D01148,P01148,0
D01149,P01149,1
D01150,P01150,0
D01151,P01151,1
D01152,P01152,0
D01153,P01153,1
D01154,P01154,0
D01155,P01155,1
D01156,P01156,0
D01157,P01157,1
D01158,P01158,0
D01159,P01159,1
D01160,P01160,0
D01161,P01161,1
D01162,P01162,0
D01163,P01163,1
D01164,P01164,0
D01165,P01165,1
D01166,P01166,0
D01167,P01167,1
D01168,P01168,0
D01169,P01169,0
D01170,P01170,1
D01171,P01171,0
D01172,P01172,1
D01173,P01173,0
D01174,P01174,1
D01175,P01175,0
D01176,P01176,1
D01177,P01177,0
D01178,P01178,1
D01179,P01179,0
D01180,P01180,1
D01181,P01181,0
D01182,P01182,1
D01183,P01183,0
D01184,P01184,1
D01185,P01185,0
D01186,P01186,1
D01187,P01187,0
D01188,P01188,1
D01189,P01189,0
D01190,P01190,1
D01191,P01191,0
D01192,P01192,1
D01193,P01193,0
D01194,P01194,1
D01195,P01195,0
D01196,P01196,1
D01197,P01197,0
D01198,P01198,1
D01199,P01199,0
D01200,P01200,1
D01201,P01201,0
D01202,P01202,1
D01203,P01203,0
D01204,P01204,1
D01205,P01205,0
D01206,P01206,1
D01207,P01207,0
D01208,P01208,1
D01209,P01209,0
D01210,P01210,1
D01211,P01211,0
D01212,P01212,1
D01213,P01213,0
D01214,P01214,1
D01215,P01215,0
D01216,P01216,1
D01217,P01217,0
D01218,P01218,1
D01219,P01219,0
D01220,P01220,1
D01221,P01221,0
D01222,P01222,1
D01223,P01223,0
D01224,P01224,1
D01225,P01225,0
D01226,P01226,1
D01227,P01227,0
D01228,P01228,1
D01229,P01229,0
D01230,P01230,1
D01231,P01231,0
D01232,P01232,1
D01233,P01233,0
D01234,P01234,1
D01235,P01235,0
D01236,P01236,1
D01237,P01237,0
D01238,P01238,1
D01239,P01239,0
D01240,P01240,1
D01241,P01241,0
D01242,P01242,1
D01243,P01243,0
D01244,P01244,1
D01245,P01245,0
D01246,P01246,1
D01247,P01247,0
D01248,P01248,1
D01249,P01249,0
D01250,P01250,1
D01251,P01251,0
D01252,P01252,1
D01253,P01253,0
D01254,P01254,1
D01255,P01255,0
D01256,P01256,1
D01257,P01257,0
D01258,P01258,1
D01259,P01259,0
D01260,P01260,1
D01261,P01261,0
D01262,P01262,1
D01263,P01263,0
D01264,P01264,1
D01265,P01265,0
D01266,P01266,1
D01267,P01267,0
D01268,P01268,1
D01269,P01269,0
D01270,P01270,1
D01271,P01271,0
D01272,P01272,1
D01273,P01273,0
D01274,P01274,1
D01275,P01275,0
D01276,P01276,1
D01277,P01277,0
D01278,P01278,1
D01279,P01279,0
D01280,P01280,1
D01281,P01281,0
D01282,P01282,1
D01283,P01283,0
D01284,P01284,1
D01285,P01285,0
D01286,P01286,1
D01287,P01287,0
D01288,P01288,1
D01289,P01289,0
D01290,P01290,1
D01291,P01291,0
D01292,P01292,1
D01293,P01293,0
D01294,P01294,0
D01295,P01295,1
D01296,P01296,0
D01297,P01297,1
D01298,P01298,0
D01299,P01299,1
D01300,P01300,0
D01301,P01301,1
D01302,P01302,1
D01303,P01303,0
D01304,P01304,1
D01305,P01305,0
D01306,P01306,1
D01307,P01307,0
D01308,P01308,1
D01309,P01309,0
D01310,P01310,1
D01311,P01311,0
D01312,P01312,1
D01313,P01313,0
D01314,P01314,1
D01315,P01315,0
D01316,P01316,1
D01317,P01317,0
D01318,P01318,1
D01319,P01319,0
D01320,P01320,1
D01321,P01321,0
D01322,P01322,1
D01323,P01323,0
D01324,P01324,1
D01325,P01325,0
D01326,P01326,1
D01327,P01327,0
D01328,P01328,1
D01329,P01329,0
D01330,P01330,1
D01331,P01331,0
D01332,P01332,1
D01333,P01333,0
D01334,P01334,1
D01335,P01335,0
D01336,P01336,1
D01337,P01337,0
D01338,P01338,1
D01339,P01339,0
D01340,P01340,1
D01341,P01341,0
D01342,P01342,1
D01343,P01343,0
D01344,P01344,1
D01345,P01345,0
D01346,P01346,1
D01347,P01347,0
D01348,P01348,1
D01349,P01349,0
D01350,P01350,1
D01351,P01351,0
D01352,P01352,1
D01353,P01353,0
D01354,P01354,1
D01355,P01355,0
D01356,P01356,1
D01357,P01357,0
D01358,P01358,1
D01359,P01359,0
D01360,P01360,1
D01361,P01361,0
D01362,P01362,1
D01363,P01363,0
D01364,P01364,1
D01365,P01365,0
D01366,P01366,1
D01367,P01367,0
D01368,P01368,1
D01369,P01369,0
D01370,P01370,1
D01371,P01371,0
D01372,P01372,1
D01373,P01373,0
D01374,P01374,1
D01375,P01375,0
D01376,P01376,1
D01377,P01377,0
D01378,P01378,1
D01379,P01379,0
D01380,P01380,1
D01381,P01381,0
D01382,P01382,1
D01383,P01383,0
D01384,P01384,1
D01385,P01385,0
D01386,P01386,1
D01387,P01387,0
D01388,P01388,1
D01389,P01389,0
D01390,P01390,1
D01391,P01391,0
D01392,P01392,1
D01393,P01393,0
D01394,P01394,1
D01395,P01395,0
D01396,P01396,1
D01397,P01397,0
D01398,P01398,1
D01399,P01399,0
D01400,P01400,1
D01401,P01401,0
D01402,P01402,1
D01403,P01403,0
D01404,P01404,1
D01405,P01405,0
D01406,P01406,1
D01407,P01407,0
D01408,P01408,1
D01409,P01409,0
D01410,P01410,1
D01411,P01411,0
D01412,P01412,1
D01413,P01413,0
D01414,P01414,1
D01415,P01415,0
D01416,P01416,1
D01417,P01417,0
D01418,P01418,1
D01419,P01419,0
D01420,P01420,1
D01421,P01421,0
D01422,P01422,1
D01423,P01423,0
D01424,P01424,1
D01425,P01425,0
D01426,P01426,1
D01427,P01427,0
D01428,P01428,1
D01429,P01429,0
D01430,P01430,1
D01431,P01431,0
D01432,P01432,1
D01433,P01433,0
D01434,P01434,1
D01435,P01435,0
D01436,P01436,1
D01437,P01437,0
D01438,P01438,1
D01439,P01439,0
D01440,P01440,1
D01441,P01441,0
D01442,P01442,1
D01443,P01443,0
D01444,P01444,1
D01445,P01445,0
D01446,P01446,1
D01447,P01447,0
D01448,P01448,1
D01449,P01449,0
D01450,P01450,1
D01451,P01451,0
D01452,P01452,1
D01453,P01453,0
D01454,P01454,1
D01455,P01455,0
D01456,P01456,1
D01457,P01457,0
D01458,P01458,1
D01459,P01459,0
D01460,P01460,1
D01461,P01461,0
D01462,P01462,1
D01463,P01463,0
D01464,P01464,1
D01465,P01465,0
D01466,P01466,1
D01467,P01467,0
D01468,P01468,1
D01469,P01469,0
D01470,P01470,1
D01471,P01471,0
D01472,P01472,1
D01473,P01473,1
D01474,P01474,0
D01475,P01475,1
D01476,P01476,0
D01477,P01477,1
D01478,P01478,0
D01479,P01479,1
D01480,P01480,0
D01481,P01481,1
D01482,P01482,0
D01483,P01483,1
D01484,P01484,0
D01485,P01485,1
D01486,P01486,0
D01487,P01487,1
D01488,P01488,0
D01489,P01489,1
D01490,P01490,0
D01491,P01491,1
D01492,P01492,0
D01493,P01493,1
D01494,P01494,0
D01495,P01495,1
D01496,P01496,0
D01497,P01497,1
D01498,P01498,0
D01499,P01499,0
D01500,P01500,1
D01501,P01501,0
D01502,P01502,1
D01503,P01503,0
D01504,P01504,1
D01505,P01505,0
D01506,P01506,1
D01507,P01507,0
D01508,P01508,1
D01509,P01509,0
D01510,P01510,1
D01511,P01511,0
D01512,P01512,1
D01513,P01513,0
D01514,P01514,1
D01515,P01515,0
D01516,P01516,1
D01517,P01517,0
D01518,P01518,1
D01519,P01519,0
D01520,P01520,1
D01521,P01521,0
D01522,P01522,1
D01523,P01523,0
D01524,P01524,1
D01525,P01525,0
D01526,P01526,1
D01527,P01527,0
D01528,P01528,1
D01529,P01529,0
D01530,P01530,1
D01531,P01531,0
D01532,P01532,1
D01533,P01533,0
D01534,P01534,1
D01535,P01535,0
D01536,P01536,1
D01537,P01537,0
D01538,P01538,1
D01539,P01539,0
D01540,P01540,1
D01541,P01541,0
D01542,P01542,1
D01543,P01543,0
D01544,P01544,1
D01545,P01545,0
D01546,P01546,1
D01547,P01547,0
D01548,P01548,1
D01549,P01549,0
D01550,P01550,1
D01551,P01551,0
D01552,P01552,1
D01553,P01553,0
D01554,P01554,1
D01555,P01555,0
D01556,P01556,1
D01557,P01557,0
D01558,P01558,1
D01559,P01559,0
D01560,P01560,1
D01561,P01561,0
D01562,P01562,1
D01563,P01563,0
D01564,P01564,1
D01565,P01565,0
D01566,P01566,1
D01567,P01567,0
D01568,P01568,1
D01569,P01569,0
D01570,P01570,1
D01571,P01571,0
D01572,P01572,1
D01573,P01573,0
D01574,P01574,1
D01575,P01575,0
D01576,P01576,1
D01577,P01577,0
D01578,P01578,1
D01579,P01579,0
D01580,P01580,1
D01581,P01581,0
D01582,P01582,1
D01583,P01583,0
D01584,P01584,1
D01585,P01585,0
D01586,P01586,1
D01587,P01587,0
D01588,P01588,1
D01589,P01589,0
D01590,P01590,1
D01591,P01591,0
D01592,P01592,1
D01593,P01593,0
D01594,P01594,1
D01595,P01595,0
D01596,P01596,1
D01597,P01597,0
D01598,P01598,1
D01599,P01599,0
D01600,P01600,1
D01601,P01601,0
D01602,P01602,1
D01603,P01603,0
D01604,P01604,1
D01605,P01605,0
D01606,P01606,1
D01607,P01607,0
D01608,P01608,1
D01609,P01609,0
D01610,P01610,1
D01611,P01611,0
D01612,P01612,1
D01613,P01613,0
D01614,P01614,1
D01615,P01615,0
D01616,P01616,1
D01617,P01617,0
D01618,P01618,1
D01619,P01619,0
D01620,P01620,1
D01621,P01621,0
D01622,P01622,1
D01623,P01623,0
D01624,P01624,1
D01625,P01625,0
D01626,P01626,1
D01627,P01627,0
D01628,P01628,1
D01629,P01629,0
D01630,P01630,1
D01631,P01631,0
D01632,P01632,1
D01633,P01633,0
D01634,P01634,1
D01635,P01635,0
D01636,P01636,1
D01637,P01637,0
D01638,P01638,1
D01639,P01639,1
D01640,P01640,0
D01641,P01641,1
D01642,P01642,0
D01643,P01643,1
D01644,P01644,0
D01645,P01645,1
D01646,P01646,0
D01647,P01647,1
D01648,P01648,0
D01649,P01649,1
D01650,P01650,0
D01651,P01651,1
D01652,P01652,0
D01653,P01653,1
D01654,P01654,0
D01655,P01655,1
D01656,P01656,0
D01657,P01657,1
D01658,P01658,0
D01659,P01659,1
D01660,P01660,0
D01661,P01661,1
D01662,P01662,0
D01663,P01663,1
D01664,P01664,0
D01665,P01665,1
D01666,P01666,0
D01667,P01667,1
D01668,P01668,0
D01669,P01669,1
D01670,P01670,0
D01671,P01671,1
D01672,P01672,0
D01673,P01673,1
D01674,P01674,0
D01675,P01675,1
D01676,P01676,0
D01677,P01677,1
D01678,P01678,0
D01679,P01679,1
D01680,P01680,0
D01681,P01681,1
D01682,P01682,0
D01683,P01683,1
D01684,P01684,0
D01685,P01685,1
D01686,P01686,0
D01687,P01687,1
D01688,P01688,0
D01689,P01689,1
D01690,P01690,0
D01691,P01691,1
D01692,P01692,0
D01693,P01693,1
D01694,P01694,0
D01695,P01695,1
D01696,P01696,0
D01697,P01697,1
D01698,P01698,0
D01699,P01699,1
D01700,P01700,0
D01701,P01701,1
D01702,P01702,0
D01703,P01703,1
D01704,P01704,0
D01705,P01705,1
D01706,P01706,0
D01707,P01707,1
D01708,P01708,0
D01709,P01709,1
D01710,P01710,0
D01711,P01711,1
D01712,P01712,0
D01713,P01713,1
D01714,P01714,0
D01715,P01715,1
D01716,P01716,0
D01717,P01717,1
D01718,P01718,0
D01719,P01719,1
D01720,P01720,0
D01721,P01721,1
D01722,P01722,0
D01723,P01723,1
D01724,P01724,0
D01725,P01725,1
D01726,P01726,0
D01727,P01727,1
D01728,P01728,0
D01729,P01729,1
D01730,P01730,0
D01731,P01731,1
D01732,P01732,0
D01733,P01733,1
D01734,P01734,0
D01735,P01735,1
D01736,P01736,0
D01737,P01737,1
D01738,P01738,0
D01739,P01739,1
D01740,P01740,0
D01741,P01741,1
D01742,P01742,0
D01743,P01743,1
D01744,P01744,0
D01745,P01745,1
D01746,P01746,0
D01747,P01747,1
D01748,P01748,0
D01749,P01749,1
D01750,P01750,0
D01751,P01751,1
D01752,P01752,0
D01753,P01753,1
D01754,P01754,0
D01755,P01755,1
D01756,P01756,0
D01757,P01757,1
D01758,P01758,0
D01759,P01759,1
D01760,P01760,0
D01761,P01761,1
D01762,P01762,0
D01763,P01763,1
D01764,P01764,0
D01765,P01765,1
D01766,P01766,0
D01767,P01767,1
D01768,P01768,0
D01769,P01769,1
D01770,P01770,0
D01771,P01771,1
D01772,P01772,0
D01773,P01773,1
D01774,P01774,0
D01775,P01775,1
D01776,P01776,0
D01777,P01777,1
D01778,P01778,0
D01779,P01779,1
D01780,P01780,0
D01781,P01781,1
D01782,P01782,0
D01783,P01783,1
D01784,P01784,1
D01785,P01785,0
D01786,P01786,1
D01787,P01787,0
D01788,P01788,1
D01789,P01789,0
D01790,P01790,1
D01791,P01791,0
D01792,P01792,1
D01793,P01793,0
D01794,P01794,1
D01795,P01795,0
D01796,P01796,1
D01797,P01797,0
D01798,P01798,1
D01799,P01799,0
D01800,P01800,1
D01801,P01801,0
D01802,P01802,1
D01803,P01803,0
D01804,P01804,1
D01805,P01805,0
D01806,P01806,1
D01807,P01807,0
D01808,P01808,1
D01809,P01809,0
D01810,P01810,1
D01811,P01811,0
D01812,P01812,1
D01813,P01813,0
D01814,P01814,1
D01815,P01815,0
D01816,P01816,1
D01817,P01817,0
D01818,P01818,1
D01819,P01819,0
D01820,P01820,1
D01821,P01821,0
D01822,P01822,1
D01823,P01823,0
D01824,P01824,1
D01825,P01825,0
D01826,P01826,1
D01827,P01827,0
D01828,P01828,1
D01829,P01829,0
D01830,P01830,1
D01831,P01831,0
D01832,P01832,1
D01833,P01833,0
D01834,P01834,1
D01835,P01835,0
D01836,P01836,1
D01837,P01837,0
D01838,P01838,1
D01839,P01839,0
D01840,P01840,1
D01841,P01841,0
D01842,P01842,1
D01843,P01843,0
D01844,P01844,1
D01845,P01845,0
D01846,P01846,1
D01847,P01847,0
D01848,P01848,1
D01849,P01849,0
D01850,P01850,1
D01851,P01851,0
D01852,P01852,1
D01853,P01853,0
D01854,P01854,1
D01855,P01855,0
D01856,P01856,1
D01857,P01857,0
D01858,P01858,1
D01859,P01859,0
D01860,P01860,1
D01861,P01861,0
D01862,P01862,1
D01863,P01863,0
D01864,P01864,1
D01865,P01865,0
D01866,P01866,1
D01867,P01867,0
D01868,P01868,1
D01869,P01869,0
D01870,P01870,1
D01871,P01871,0
D01872,P01872,1
D01873,P01873,0
D01874,P01874,1
D01875,P01875,0
D01876,P01876,1
D01877,P01877,0
D01878,P01878,1
D01879,P01879,0
D01880,P01880,1
D01881,P01881,0
D01882,P01882,1
D01883,P01883,0
D01884,P01884,1
D01885,P01885,0
D01886,P01886,1
D01887,P01887,0
D01888,P01888,1
D01889,P01889,0
D01890,P01890,1
D01891,P01891,0
D01892,P01892,1
D01893,P01893,0
D01894,P01894,1
D01895,P01895,0
D01896,P01896,1
D01897,P01897,0
D01898,P01898,1
D01899,P01899,0
D01900,P01900,1
D01901,P01901,0
D01902,P01902,1
D01903,P01903,0
D01904,P01904,1
D01905,P01905,0
D01906,P01906,1
D01907,P01907,0
D01908,P01908,1
D01909,P01909,0
D01910,P01910,1
D01911,P01911,0
D01912,P01912,1
D01913,P01913,1
D01914,P01914,0
D01915,P01915,1
D01916,P01916,0
D01917,P01917,1
D01918,P01918,0
D01919,P01919,1
D01920,P01920,0
D01921,P01921,1
D01922,P01922,1
D01923,P01923,0
D01924,P01924,1
D01925,P01925,0
D01926,P01926,1
D01927,P01927,0
D01928,P01928,1
D01929,P01929,0
D01930,P01930,1
D01931,P01931,0
D01932,P01932,1
D01933,P01933,0
D01934,P01934,1
D01935,P01935,0
D01936,P01936,1
D01937,P01937,0
D01938,P01938,1
D01939,P01939,0
D01940,P01940,1
D01941,P01941,0
D01942,P01942,1
D01943,P01943,0
D01944,P01944,1
D01945,P01945,0
D01946,P01946,1
D01947,P01947,0
D01948,P01948,1
D01949,P01949,0
D01950,P01950,1
D01951,P01951,0
D01952,P01952,1
D01953,P01953,0
D01954,P01954,1
D01955,P01955,0
D01956,P01956,1
D01957,P01957,0
D01958,P01958,1
D01959,P01959,0
D01960,P01960,1
D01961,P01961,0
D01962,P01962,1
D01963,P01963,0
D01964,P01964,1
D01965,P01965,0
D01966,P01966,1
D01967,P01967,0
D01968,P01968,1
D01969,P01969,0
D01970,P01970,1
D01971,P01971,0
D01972,P01972,1
D01973,P01973,0
D01974,P01974,1
D01975,P01975,0
D01976,P01976,1
D01977,P01977,0
D01978,P01978,1
D01979,P01979,0
D01980,P01980,1
D01981,P01981,0
D01982,P01982,1
D01983,P01983,0
D01984,P01984,1
D01985,P01985,0
D01986,P01986,1
D01987,P01987,0
D01988,P01988,1
D01989,P01989,0
D01990,P01990,1
D01991,P01991,0
D01992,P01992,1
D01993,P01993,0
D01994,P01994,1
D01995,P01995,0
D01996,P01996,1
D01997,P01997,0
D01998,P01998,1
D01999,P01999,0
D02000,P02000,1
D02001,P02001,0
D02002,P02002,1
D02003,P02003,0
D02004,P02004,1
D02005,P02005,0
D02006,P02006,1
D02007,P02007,0
D02008,P02008,1
D02009,P02009,0
D02010,P02010,1
D02011,P02011,0
D02012,P02012,1
D02013,P02013,1
D02014,P02014,0
D02015,P02015,1
D02016,P02016,0
D02017,P02017,1
D02018,P02018,0
D02019,P02019,1
D02020,P02020,0
D02021,P02021,1
D02022,P02022,0
D02023,P02023,1
D02024,P02024,0
D02025,P02025,1
D02026,P02026,0
D02027,P02027,1
D02028,P02028,0
D02029,P02029,1
D02030,P02030,0
D02031,P02031,0
D02032,P02032,1
D02033,P02033,0
D02034,P02034,0
D02035,P02035,1
D02036,P02036,0
D02037,P02037,1
D02038,P02038,0
D02039,P02039,1
D02040,P02040,0
D02041,P02041,1
D02042,P02042,0
D02043,P02043,1
D02044,P02044,0
D02045,P02045,1
D02046,P02046,0
D02047,P02047,1
D02048,P02048,0
D02049,P02049,1
D02050,P02050,0
D02051,P02051,1
D02052,P02052,0
D02053,P02053,1
D02054,P02054,0
D02055,P02055,1
D02056,P02056,0
D02057,P02057,1
D02058,P02058,0
D02059,P02059,1
D02060,P02060,0
D02061,P02061,1
D02062,P02062,0
D02063,P02063,1
D02064,P02064,0
D02065,P02065,1
D02066,P02066,0
D02067,P02067,1
D02068,P02068,0
D02069,P02069,1
D02070,P02070,0
D02071,P02071,1
D02072,P02072,0
D02073,P02073,1
D02074,P02074,0
D02075,P02075,1
D02076,P02076,0
D02077,P02077,1
D02078,P02078,0
D02079,P02079,1
D02080,P02080,0
D02081,P02081,1
D02082,P02082,0
D02083,P02083,0
D02084,P02084,1
D02085,P02085,0
D02086,P02086,1
D02087,P02087,0
D02088,P02088,1
D02089,P02089,0
D02090,P02090,1
D02091,P02091,0
D02092,P02092,1
D02093,P02093,0
D02094,P02094,1
D02095,P02095,0
D02096,P02096,1
D02097,P02097,0
D02098,P02098,1
D02099,P02099,0
D02100,P02100,1
D02101,P02101,0
D02102,P02102,1
D02103,P02103,0
D02104,P02104,1
D02105,P02105,0
D02106,P02106,1
D02107,P02107,0
D02108,P02108,1
D02109,P02109,0
D02110,P02110,1
D02111,P02111,0
D02112,P02112,1
D02113,P02113,0
D02114,P02114,1
D02115,P02115,0
D02116,P02116,1
D02117,P02117,0
D02118,P02118,1
D02119,P02119,0
D02120,P02120,1
D02121,P02121,0
D02122,P02122,1
D02123,P02123,0
D02124,P02124,1
D02125,P02125,0
D02126,P02126,1
D02127,P02127,0
D02128,P02128,1
D02129,P02129,0
D02130,P02130,1
D02131,P02131,0
D02132,P02132,1
D02133,P02133,0
D02134,P02134,1
D02135,P02135,0
D02136,P02136,1
D02137,P02137,0
D02138,P02138,1
D02139,P02139,0
D02140,P02140,1
D02141,P02141,0
D02142,P02142,1
D02143,P02143,0
D02144,P02144,1
D02145,P02145,0
D02146,P02146,1
D02147,P02147,0
D02148,P02148,1
D02149,P02149,0
D02150,P02150,1
D02151,P02151,0
D02152,P02152,1
D02153,P02153,0
D02154,P02154,1
D02155,P02155,0
D02156,P02156,1
D02157,P02157,0
D02158,P02158,1
D02159,P02159,1
D02160,P02160,0
D02161,P02161,1
D02162,P02162,0
D02163,P02163,1
D02164,P02164,0
D02165,P02165,1
D02166,P02166,0
D02167,P02167,1
D02168,P02168,0
D02169,P02169,1
D02170,P02170,0
D02171,P02171,1
D02172,P02172,0
D02173,P02173,1
D02174,P02174,0
D02175,P02175,1
D02176,P02176,0
D02177,P02177,1
D02178,P02178,0
D02179,P02179,1
D02180,P02180,0
D02181,P02181,1
D02182,P02182,0
D02183,P02183,1
D02184,P02184,0
D02185,P02185,1
D02186,P02186,0
D02187,P02187,1
D02188,P02188,0
D02189,P02189,1
D02190,P02190,0
D02191,P02191,1
D02192,P02192,0
D02193,P02193,1
D02194,P02194,0
D02195,P02195,1
D02196,P02196,0
D02197,P02197,1
D02198,P02198,0
D02199,P02199,1
D02200,P02200,0
D02201,P02201,1
D02202,P02202,0
D02203,P02203,1
D02204,P02204,0
D02205,P02205,1
D02206,P02206,0
D02207,P02207,1
D02208,P02208,0
D02209,P02209,1
D02210,P02210,0
D02211,P02211,1
D02212,P02212,0
D02213,P02213,1
D02214,P02214,0
D02215,P02215,1
D02216,P02216,0
D02217,P02217,1
D02218,P02218,0
D02219,P02219,1
D02220,P02220,0
D02221,P02221,1
D02222,P02222,0
D02223,P02223,1
D02224,P02224,0
D02225,P02225,1
D02226,P02226,0
D02227,P02227,1
D02228,P02228,0
D02229,P02229,1
D02230,P02230,0
D02231,P02231,1
D02232,P02232,0
D02233,P02233,1
D02234,P02234,0
D02235,P02235,1
D02236,P02236,0
D02237,P02237,1
D02238,P02238,0
D02239,P02239,1
D02240,P02240,0
D02241,P02241,1
D02242,P02242,0
D02243,P02243,1
D02244,P02244,0
D02245,P02245,1
D02246,P02246,0
D02247,P02247,1
D02248,P02248,0
D02249,P02249,1
D02250,P02250,0
D02251,P02251,1
D02252,P02252,0
D02253,P02253,1
D02254,P02254,1
D02255,P02255,0
D02256,P02256,1
D02257,P02257,0
D02258,P02258,1
D02259,P02259,0
D02260,P02260,1
D02261,P02261,0
D02262,P02262,1
D02263,P02263,0
D02264,P02264,1
D02265,P02265,0
D02266,P02266,1
D02267,P02267,0
D02268,P02268,1
D02269,P02269,0
D02270,P02270,1
D02271,P02271,0
D02272,P02272,1
D02273,P02273,0
D02274,P02274,1
D02275,P02275,0
D02276,P02276,1
D02277,P02277,0
D02278,P02278,1
D02279,P02279,0
D02280,P02280,1
D02281,P02281,0
D02282,P02282,1
D02283,P02283,0
D02284,P02284,1
D02285,P02285,0
D02286,P02286,1
D02287,P02287,0
D02288,P02288,1
D02289,P02289,0
D02290,P02290,1
D02291,P02291,0
D02292,P02292,1
D02293,P02293,0
D02294,P02294,1
D02295,P02295,0
D02296,P02296,1
D02297,P02297,0
D02298,P02298,1
D02299,P02299,0
D02300,P02300,1
D02301,P02301,0
D02302,P02302,1
D02303,P02303,0
D02304,P02304,1
D02305,P02305,0
D02306,P02306,1
D02307,P02307,0
D02308,P02308,1
D02309,P02309,0
D02310,P02310,1
D02311,P02311,0
D02312,P02312,1
D02313,P02313,0
D02314,P02314,1
D02315,P02315,0
D02316,P02316,1
D02317,P02317,0
D02318,P02318,1
D02319,P02319,0
D02320,P02320,1
D02321,P02321,0
D02322,P02322,1
D02323,P02323,0
D02324,P02324,1
D02325,P02325,0
D02326,P02326,1
D02327,P02327,0
D02328,P02328,1
D02329,P02329,0
D02330,P02330,1
D02331,P02331,0
D02332,P02332,1
D02333,P02333,0
D02334,P02334,1
D02335,P02335,0
D02336,P02336,1
D02337,P02337,0
D02338,P02338,1
D02339,P02339,0
D02340,P02340,1
D02341,P02341,0
D02342,P02342,1
D02343,P02343,0
D02344,P02344,1
D02345,P02345,0
D02346,P02346,1
D02347,P02347,0
D02348,P02348,1
D02349,P02349,0
D02350,P02350,1
D02351,P02351,0
D02352,P02352,1
D02353,P02353,0
D02354,P02354,1
D02355,P02355,0
D02356,P02356,1
D02357,P02357,0
D02358,P02358,1
D02359,P02359,0
D02360,P02360,1
D02361,P02361,0
D02362,P02362,1
D02363,P02363,0
D02364,P02364,1
D02365,P02365,0
D02366,P02366,1
D02367,P02367,0
D02368,P02368,1
D02369,P02369,0
D02370,P02370,1
D02371,P02371,0
D02372,P02372,1
D02373,P02373,0
D02374,P02374,1
D02375,P02375,0
D02376,P02376,1
D02377,P02377,0
D02378,P02378,1
D02379,P02379,0
D02380,P02380,1
D02381,P02381,0
D02382,P02382,1
D02383,P02383,0
D02384,P02384,1
D02385,P02385,0
D02386,P02386,1
D02387,P02387,0
D02388,P02388,1
D02389,P02389,0
D02390,P02390,1
D02391,P02391,0
D02392,P02392,1
D02393,P02393,1
D02394,P02394,0
D02395,P02395,1
D02396,P02396,0
D02397,P02397,1
D02398,P02398,0
D02399,P02399,1
D02400,P02400,0
D02401,P02401,1
D02402,P02402,0
D02403,P02403,1
D02404,P02404,0
D02405,P02405,1
D02406,P02406,0
D02407,P02407,1
D02408,P02408,0
D02409,P02409,1
D02410,P02410,0
D02411,P02411,1
D02412,P02412,0
D02413,P02413,1
D02414,P02414,0
D02415,P02415,1
D02416,P02416,0
D02417,P02417,1
D02418,P02418,0
D02419,P02419,1
D02420,P02420,0
D02421,P02421,1
D02422,P02422,0
D02423,P02423,0
D02424,P02424,1
D02425,P02425,0
D02426,P02426,1
D02427,P02427,0
D02428,P02428,1
D02429,P02429,0
D02430,P02430,1
D02431,P02431,0
D02432,P02432,1
D02433,P02433,0
D02434,P02434,1
D02435,P02435,0
D02436,P02436,1
D02437,P02437,0
D02438,P02438,1
D02439,P02439,0
D02440,P02440,1
D02441,P02441,0
D02442,P02442,1
D02443,P02443,0
D02444,P02444,1
D02445,P02445,0
D02446,P02446,1
D02447,P02447,0
D02448,P02448,1
D02449,P02449,1
D02450,P02450,0
D02451,P02451,1
D02452,P02452,0
D02453,P02453,1
D02454,P02454,0
D02455,P02455,1
D02456,P02456,0
D02457,P02457,1
D02458,P02458,0
D02459,P02459,1
D02460,P02460,0
D02461,P02461,1
D02462,P02462,0
D02463,P02463,1
D02464,P02464,0
D02465,P02465,1
D02466,P02466,0
D02467,P02467,1
D02468,P02468,0
D02469,P02469,1
D02470,P02470,0
D02471,P02471,0
D02472,P02472,1
D02473,P02473,0
D02474,P02474,1
D02475,P02475,0
D02476,P02476,1
D02477,P02477,0
D02478,P02478,1
D02479,P02479,0
D02480,P02480,1
D02481,P02481,0
D02482,P02482,1
D02483,P02483,0
D02484,P02484,1
D02485,P02485,0
D02486,P02486,1
D02487,P02487,0
D02488,P02488,1
D02489,P02489,0
D02490,P02490,1
D02491,P02491,0
D02492,P02492,1
D02493,P02493,0
D02494,P02494,1
D02495,P02495,0
D02496,P02496,1
D02497,P02497,0
D02498,P02498,1
D02499,P02499,0
D02500,P02500,1
D02501,P02501,0
D02502,P02502,1
D02503,P02503,0
D02504,P02504,1
D02505,P02505,0
D02506,P02506,1
D02507,P02507,0
D02508,P02508,1
D02509,P02509,0
D02510,P02510,1
D02511,P02511,0
D02512,P02512,1
D02513,P02513,0
D02514,P02514,1
D02515,P02515,0
D02516,P02516,1
D02517,P02517,0
D02518,P02518,1
D02519,P02519,0
D02520,P02520,1
D02521,P02521,0
D02522,P02522,1
D02523,P02523,0
D02524,P02524,1
D02525,P02525,0
D02526,P02526,1
D02527,P02527,0
D02528,P02528,1
D02529,P02529,0
D02530,P02530,1
D02531,P02531,0
D02532,P02532,1
D02533,P02533,0
D02534,P02534,1
D02535,P02535,0
D02536,P02536,1
D02537,P02537,0
D02538,P02538,1
D02539,P02539,0
D02540,P02540,1
D02541,P02541,0
D02542,P02542,1
D02543,P02543,0
D02544,P02544,1
D02545,P02545,0
D02546,P02546,1
D02547,P02547,0
D02548,P02548,1
D02549,P02549,0
D02550,P02550,1
D02551,P02551,0
D02552,P02552,1
D02553,P02553,0
D02554,P02554,1
D02555,P02555,0
D02556,P02556,1
D02557,P02557,0
D02558,P02558,1
D02559,P02559,0
D02560,P02560,1
D02561,P02561,0
D02562,P02562,1
D02563,P02563,0
D02564,P02564,1
D02565,P02565,0
D02566,P02566,1
D02567,P02567,0
D02568,P02568,1
D02569,P02569,0
D02570,P02570,1
D02571,P02571,0
D02572,P02572,1
D02573,P02573,0
D02574,P02574,1
D02575,P02575,0
D02576,P02576,1
D02577,P02577,0
D02578,P02578,1
D02579,P02579,0
D02580,P02580,1
D02581,P02581,0
D02582,P02582,1
D02583,P02583,0
D02584,P02584,1
D02585,P02585,0
D02586,P02586,1
D02587,P02587,0
D02588,P02588,1
D02589,P02589,0
D02590,P02590,1
D02591,P02591,0
D02592,P02592,1
D02593,P02593,0
D02594,P02594,1
D02595,P02595,0
D02596,P02596,1
D02597,P02597,0
D02598,P02598,1
D02599,P02599,0
D02600,P02600,1
D02601,P02601,0
D02602,P02602,1
D02603,P02603,0
D02604,P02604,1
D02605,P02605,0
D02606,P02606,1
D02607,P02607,0
D02608,P02608,1
D02609,P02609,0
D02610,P02610,1
D02611,P02611,0
D02612,P02612,1
D02613,P02613,0
D02614,P02614,1
D02615,P02615,0
D02616,P02616,1
D02617,P02617,0
D02618,P02618,1
D02619,P02619,0
D02620,P02620,1
D02621,P02621,0
D02622,P02622,1
D02623,P02623,0
D02624,P02624,1
D02625,P02625,0
D02626,P02626,1
D02627,P02627,0
D02628,P02628,1
D02629,P02629,0
D02630,P02630,1
D02631,P02631,0
D02632,P02632,1
D02633,P02633,0
D02634,P02634,1
D02635,P02635,0
D02636,P02636,1
D02637,P02637,0
D02638,P02638,1
D02639,P02639,0
D02640,P02640,1
D02641,P02641,0
D02642,P02642,1
D02643,P02643,0
D02644,P02644,1
D02645,P02645,0
D02646,P02646,1
D02647,P02647,0
D02648,P02648,1
D02649,P02649,0
D02650,P02650,1
D02651,P02651,0
D02652,P02652,0
D02653,P02653,1
D02654,P02654,0
D02655,P02655,1
D02656,P02656,0
D02657,P02657,0
D02658,P02658,1
D02659,P02659,0
D02660,P02660,1
D02661,P02661,0
D02662,P02662,1
D02663,P02663,0
D02664,P02664,1
D02665,P02665,0
D02666,P02666,1
D02667,P02667,0
D02668,P02668,1
D02669,P02669,0
D02670,P02670,1
D02671,P02671,0
D02672,P02672,1
D02673,P02673,0
D02674,P02674,1
D02675,P02675,0
D02676,P02676,1
D02677,P02677,0
D02678,P02678,1
D02679,P02679,0
D02680,P02680,1
D02681,P02681,0
D02682,P02682,1
D02683,P02683,0
D02684,P02684,1
D02685,P02685,0
D02686,P02686,1
D02687,P02687,0
D02688,P02688,1
D02689,P02689,0
D02690,P02690,1
D02691,P02691,0
D02692,P02692,1
D02693,P02693,0
D02694,P02694,1
D02695,P02695,0
D02696,P02696,1
D02697,P02697,0
D02698,P02698,1
D02699,P02699,0
D02700,P02700,1
D02701,P02701,0
D02702,P02702,1
D02703,P02703,0
D02704,P02704,1
D02705,P02705,0
D02706,P02706,0
D02707,P02707,1
D02708,P02708,1
D02709,P02709,0
D02710,P02710,1
D02711,P02711,0
D02712,P02712,1
D02713,P02713,0
D02714,P02714,1
D02715,P02715,0
D02716,P02716,1
D02717,P02717,0
D02718,P02718,1
D02719,P02719,0
D02720,P02720,1
D02721,P02721,0
D02722,P02722,1
D02723,P02723,0
D02724,P02724,1
D02725,P02725,0
D02726,P02726,1
D02727,P02727,0
D02728,P02728,1
D02729,P02729,0
D02730,P02730,1
D02731,P02731,0
D02732,P02732,1
D02733,P02733,0
D02734,P02734,1
D02735,P02735,0
D02736,P02736,1
D02737,P02737,0
D02738,P02738,1
D02739,P02739,0
D02740,P02740,1
D02741,P02741,0
D02742,P02742,1
D02743,P02743,0
D02744,P02744,1
D02745,P02745,0
D02746,P02746,1
D02747,P02747,0
D02748,P02748,1
D02749,P02749,0
D02750,P02750,1
D02751,P02751,0
D02752,P02752,1
D02753,P02753,0
D02754,P02754,1
D02755,P02755,0
D02756,P02756,1
D02757,P02757,0
D02758,P02758,1
D02759,P02759,0
D02760,P02760,1
D02761,P02761,0
D02762,P02762,1
D02763,P02763,0
D02764,P02764,1
D02765,P02765,0
D02766,P02766,1
D02767,P02767,0
D02768,P02768,1
D02769,P02769,0
D02770,P02770,1
D02771,P02771,0
D02772,P02772,1
D02773,P02773,0
D02774,P02774,1
D02775,P02775,0
D02776,P02776,1
D02777,P02777,0
D02778,P02778,1
D02779,P02779,0
D02780,P02780,1
D02781,P02781,0
D02782,P02782,1
D02783,P02783,0
D02784,P02784,1
D02785,P02785,0
D02786,P02786,1
D02787,P02787,0
D02788,P02788,1
D02789,P02789,0
D02790,P02790,1
D02791,P02791,0
D02792,P02792,1
D02793,P02793,0
D02794,P02794,1
D02795,P02795,0
D02796,P02796,1
D02797,P02797,0
D02798,P02798,1
D02799,P02799,0
D02800,P02800,1
D02801,P02801,0
D02802,P02802,1
D02803,P02803,0
D02804,P02804,1
D02805,P02805,0
D02806,P02806,1
D02807,P02807,0
D02808,P02808,1
D02809,P02809,0
D02810,P02810,1
D02811,P02811,0
D02812,P02812,1
D02813,P02813,0
D02814,P02814,1
D02815,P02815,0
D02816,P02816,1
D02817,P02817,0
D02818,P02818,1
D02819,P02819,0
D02820,P02820,1
D02821,P02821,0
D02822,P02822,1
D02823,P02823,1
D02824,P02824,0
D02825,P02825,1
D02826,P02826,0
D02827,P02827,1
D02828,P02828,0
D02829,P02829,1
D02830,P02830,0
D02831,P02831,1
D02832,P02832,0
D02833,P02833,1
D02834,P02834,0
D02835,P02835,1
D02836,P02836,0
D02837,P02837,1
D02838,P02838,0
D02839,P02839,1
D02840,P02840,0
D02841,P02841,1
D02842,P02842,0
D02843,P02843,1
D02844,P02844,0
D02845,P02845,1
D02846,P02846,0
D02847,P02847,1
D02848,P02848,0
D02849,P02849,1
D02850,P02850,0
D02851,P02851,1
D02852,P02852,0
D02853,P02853,1
D02854,P02854,0
D02855,P02855,1
D02856,P02856,0
D02857,P02857,1
D02858,P02858,0
D02859,P02859,1
D02860,P02860,0
D02861,P02861,1
D02862,P02862,0
D02863,P02863,1
D02864,P02864,0
D02865,P02865,1
D02866,P02866,0
D02867,P02867,1
D02868,P02868,0
D02869,P02869,1
D02870,P02870,0
D02871,P02871,1
D02872,P02872,0
D02873,P02873,1
D02874,P02874,0
D02875,P02875,1
D02876,P02876,0
D02877,P02877,1
D02878,P02878,0
D02879,P02879,1
D02880,P02880,0
D02881,P02881,1
D02882,P02882,0
D02883,P02883,1
D02884,P02884,0
D02885,P02885,1
D02886,P02886,0
D02887,P02887,1
D02888,P02888,0
D02889,P02889,1
D02890,P02890,0
D02891,P02891,1
D02892,P02892,0
D02893,P02893,1
D02894,P02894,0
D02895,P02895,1
D02896,P02896,0
D02897,P02897,1
D02898,P02898,0
D02899,P02899,1
D02900,P02900,0
D02901,P02901,1
D02902,P02902,0
D02903,P02903,1
D02904,P02904,0
D02905,P02905,1
D02906,P02906,0
D02907,P02907,1
D02908,P02908,0
D02909,P02909,1
D02910,P02910,0
D02911,P02911,1
D02912,P02912,0
D02913,P02913,1
D02914,P02914,0
D02915,P02915,1
D02916,P02916,0
D02917,P02917,1
D02918,P02918,0
D02919,P02919,1
D02920,P02920,0
D02921,P02921,1
D02922,P02922,0
D02923,P02923,1
D02924,P02924,0
D02925,P02925,1
D02926,P02926,0
D02927,P02927,1
D02928,P02928,0
D02929,P02929,0
D02930,P02930,1
D02931,P02931,0
D02932,P02932,1
D02933,P02933,0
D02934,P02934,1
D02935,P02935,0
D02936,P02936,1
D02937,P02937,0
D02938,P02938,1
D02939,P02939,0
D02940,P02940,1
D02941,P02941,0
D02942,P02942,1
D02943,P02943,0
D02944,P02944,1
D02945,P02945,1
D02946,P02946,0
D02947,P02947,1
D02948,P02948,0
D02949,P02949,1
D02950,P02950,0
D02951,P02951,1
D02952,P02952,0
D02953,P02953,1
D02954,P02954,0
D02955,P02955,1
D02956,P02956,0
D02957,P02957,1
D02958,P02958,0
D02959,P02959,1
D02960,P02960,0
D02961,P02961,1
D02962,P02962,0
D02963,P02963,1
D02964,P02964,0
D02965,P02965,1
D02966,P02966,0
D02967,P02967,1
D02968,P02968,0
D02969,P02969,1
D02970,P02970,0
D02971,P02971,1
D02972,P02972,0
D02973,P02973,1
D02974,P02974,0
D02975,P02975,1
D02976,P02976,0
D02977,P02977,1
D02978,P02978,0
D02979,P02979,1
D02980,P02980,0
D02981,P02981,1
D02982,P02982,0
D02983,P02983,1
D02984,P02984,0
D02985,P02985,1
D02986,P02986,1
D02987,P02987,0
D02988,P02988,1
D02989,P02989,0
D02990,P02990,1
D02991,P02991,0
D02992,P02992,1
D02993,P02993,0
D02994,P02994,1
D02995,P02995,0
D02996,P02996,1
D02997,P02997,0
D02998,P02998,1
D02999,P02999,0
D03000,P03000,1
D03001,P03001,0
D03002,P03002,1
D03003,P03003,0
D03004,P03004,1
D03005,P03005,0
D03006,P03006,1
D03007,P03007,0
D03008,P03008,1
D03009,P03009,0
D03010,P03010,1
D03011,P03011,0
D03012,P03012,1
D03013,P03013,0
D03014,P03014,1
D03015,P03015,0
D03016,P03016,1
D03017,P03017,0
D03018,P03018,1
D03019,P03019,0
D03020,P03020,1
D03021,P03021,0
D03022,P03022,1
D03023,P03023,0
D03024,P03024,1
D03025,P03025,0
D03026,P03026,1
D03027,P03027,0
D03028,P03028,1
D03029,P03029,0
D03030,P03030,1
D03031,P03031,0
D03032,P03032,1
D03033,P03033,0
D03034,P03034,1
D03035,P03035,0
D03036,P03036,1
D03037,P03037,0
D03038,P03038,1
D03039,P03039,0
D03040,P03040,1
D03041,P03041,0
D03042,P03042,1
D03043,P03043,0
D03044,P03044,1
D03045,P03045,0
D03046,P03046,1
D03047,P03047,0
D03048,P03048,1
D03049,P03049,0
D03050,P03050,1
D03051,P03051,0
D03052,P03052,1
D03053,P03053,0
D03054,P03054,1
D03055,P03055,0
D03056,P03056,1
D03057,P03057,0
D03058,P03058,1
D03059,P03059,0
D03060,P03060,1
D03061,P03061,0
D03062,P03062,1
D03063,P03063,0
D03064,P03064,1
D03065,P03065,0
D03066,P03066,1
D03067,P03067,0
D03068,P03068,1
D03069,P03069,0
D03070,P03070,1
D03071,P03071,0
D03072,P03072,1
D03073,P03073,0
D03074,P03074,1
D03075,P03075,0
D03076,P03076,1
D03077,P03077,1
D03078,P03078,0
D03079,P03079,1
D03080,P03080,0
D03081,P03081,1
D03082,P03082,0
D03083,P03083,1
D03084,P03084,0
D03085,P03085,1
D03086,P03086,0
D03087,P03087,1
D03088,P03088,0
D03089,P03089,1
D03090,P03090,0
D03091,P03091,1
D03092,P03092,0
D03093,P03093,1
D03094,P03094,0
D03095,P03095,1
D03096,P03096,0
D03097,P03097,1
D03098,P03098,0
D03099,P03099,1
D03100,P03100,0
D03101,P03101,1
D03102,P03102,0
D03103,P03103,1
D03104,P03104,0
D03105,P03105,1
D03106,P03106,0
D03107,P03107,1
D03108,P03108,0
D03109,P03109,1
D03110,P03110,0
D03111,P03111,1
D03112,P03112,0
D03113,P03113,1
D03114,P03114,0
D03115,P03115,0
D03116,P03116,1
D03117,P03117,0
D03118,P03118,1
D03119,P03119,0
D03120,P03120,1
D03121,P03121,0
D03122,P03122,1
D03123,P03123,0
D03124,P03124,1
D03125,P03125,0
D03126,P03126,1
D03127,P03127,0
D03128,P03128,1
D03129,P03129,0
D03130,P03130,1
D03131,P03131,0
D03132,P03132,1
D03133,P03133,0
D03134,P03134,1
D03135,P03135,0
D03136,P03136,1
D03137,P03137,0
D03138,P03138,1
D03139,P03139,0
D03140,P03140,1
D03141,P03141,0
D03142,P03142,1
D03143,P03143,0
D03144,P03144,1
D03145,P03145,0
D03146,P03146,1
D03147,P03147,0
D03148,P03148,1
D03149,P03149,0
D03150,P03150,1
D03151,P03151,0
D03152,P03152,1
D03153,P03153,0
D03154,P03154,1
D03155,P03155,0
D03156,P03156,1
D03157,P03157,0
D03158,P03158,1
D03159,P03159,0
D03160,P03160,1
D03161,P03161,0
D03162,P03162,1
D03163,P03163,0
D03164,P03164,1
D03165,P03165,0
D03166,P03166,1
D03167,P03167,0
D03168,P03168,1
D03169,P03169,0
D03170,P03170,1
D03171,P03171,0
D03172,P03172,1
D03173,P03173,0
D03174,P03174,1
D03175,P03175,0
D03176,P03176,1
D03177,P03177,0
D03178,P03178,1
D03179,P03179,0
D03180,P03180,1
D03181,P03181,0
D03182,P03182,1
D03183,P03183,0
D03184,P03184,1
D03185,P03185,0
D03186,P03186,1
D03187,P03187,0
D03188,P03188,1
D03189,P03189,0
D03190,P03190,1
D03191,P03191,0
D03192,P03192,1
D03193,P03193,0
D03194,P03194,1
D03195,P03195,0
D03196,P03196,1
D03197,P03197,0
D03198,P03198,1
D03199,P03199,0
D03200,P03200,1
D03201,P03201,0
D03202,P03202,1
D03203,P03203,0
D03204,P03204,1
D03205,P03205,0
D03206,P03206,1
D03207,P03207,1
D03208,P03208,0
D03209,P03209,1
D03210,P03210,0
D03211,P03211,1
D03212,P03212,0
D03213,P03213,1
D03214,P03214,0
D03215,P03215,1
D03216,P03216,0
D03217,P03217,1
D03218,P03218,0
D03219,P03219,1
D03220,P03220,0
D03221,P03221,1
D03222,P03222,0
D03223,P03223,1
D03224,P03224,0
D03225,P03225,1
D03226,P03226,0
D03227,P03227,1
D03228,P03228,0
D03229,P03229,1
D03230,P03230,0
D03231,P03231,1
D03232,P03232,0
D03233,P03233,1
D03234,P03234,1
D03235,P03235,0
D03236,P03236,1
D03237,P03237,0
D03238,P03238,1
D03239,P03239,0
D03240,P03240,0
D03241,P03241,1
D03242,P03242,0
D03243,P03243,1
D03244,P03244,0
D03245,P03245,1
D03246,P03246,0
D03247,P03247,1
D03248,P03248,0
D03249,P03249,1
D03250,P03250,0
D03251,P03251,1
D03252,P03252,0
D03253,P03253,1
D03254,P03254,0
D03255,P03255,1
D03256,P03256,0
D03257,P03257,1
D03258,P03258,0
D03259,P03259,1
D03260,P03260,0
D03261,P03261,1
D03262,P03262,0
D03263,P03263,1
D03264,P03264,0
D03265,P03265,1
D03266,P03266,0
D03267,P03267,1
D03268,P03268,0
D03269,P03269,1
D03270,P03270,0
D03271,P03271,1
D03272,P03272,0
D03273,P03273,1
D03274,P03274,0
D03275,P03275,1
D03276,P03276,0
D03277,P03277,1
D03278,P03278,0
D03279,P03279,1
D03280,P03280,0
D03281,P03281,1
D03282,P03282,0
D03283,P03283,1
D03284,P03284,0
D03285,P03285,1
D03286,P03286,0
D03287,P03287,1
D03288,P03288,0
D03289,P03289,1
D03290,P03290,0
D03291,P03291,1
D03292,P03292,0
D03293,P03293,1
D03294,P03294,0
D03295,P03295,1
D03296,P03296,0
D03297,P03297,1
D03298,P03298,0
D03299,P03299,1
D03300,P03300,0
D03301,P03301,1
D03302,P03302,0
D03303,P03303,1
D03304,P03304,0
D03305,P03305,1
D03306,P03306,0
D03307,P03307,1
D03308,P03308,0
D03309,P03309,1
D03310,P03310,0
D03311,P03311,1
D03312,P03312,0
D03313,P03313,1
D03314,P03314,0
D03315,P03315,1
D03316,P03316,0
D03317,P03317,1
D03318,P03318,0
D03319,P03319,1
D03320,P03320,0
D03321,P03321,1
D03322,P03322,0
D03323,P03323,1
D03324,P03324,0
D03325,P03325,1
D03326,P03326,0
D03327,P03327,1
D03328,P03328,0
D03329,P03329,1
D03330,P03330,0
D03331,P03331,1
D03332,P03332,0
D03333,P03333,1
D03334,P03334,0
D03335,P03335,1
D03336,P03336,0
D03337,P03337,1
D03338,P03338,0
D03339,P03339,1
D03340,P03340,0
D03341,P03341,1
D03342,P03342,0
D03343,P03343,1
D03344,P03344,0
D03345,P03345,1
D03346,P03346,0
D03347,P03347,1
D03348,P03348,0
D03349,P03349,1
D03350,P03350,0
D03351,P03351,1
D03352,P03352,0
D03353,P03353,1
D03354,P03354,0
D03355,P03355,1
D03356,P03356,0
D03357,P03357,1
D03358,P03358,0
D03359,P03359,1
D03360,P03360,0
D03361,P03361,1
D03362,P03362,0
D03363,P03363,1
D03364,P03364,0
D03365,P03365,1
D03366,P03366,0
D03367,P03367,1
D03368,P03368,0
D03369,P03369,1
D03370,P03370,0
D03371,P03371,1
D03372,P03372,0
D03373,P03373,1
D03374,P03374,0
D03375,P03375,1
D03376,P03376,1
D03377,P03377,0
D03378,P03378,1
D03379,P03379,0
D03380,P03380,1
D03381,P03381,0
D03382,P03382,1
D03383,P03383,0
D03384,P03384,1
D03385,P03385,0
D03386,P03386,1
D03387,P03387,0
D03388,P03388,1
D03389,P03389,0
D03390,P03390,1
D03391,P03391,0
D03392,P03392,1
D03393,P03393,0
D03394,P03394,1
D03395,P03395,0
D03396,P03396,1
D03397,P03397,0
D03398,P03398,1
D03399,P03399,0
D03400,P03400,1
D03401,P03401,0
D03402,P03402,1
D03403,P03403,0
D03404,P03404,1
D03405,P03405,0
D03406,P03406,1
D03407,P03407,0
D03408,P03408,1
D03409,P03409,0
D03410,P03410,1
D03411,P03411,0
D03412,P03412,1
D03413,P03413,0
D03414,P03414,1
D03415,P03415,0
D03416,P03416,1
D03417,P03417,0
D03418,P03418,1
D03419,P03419,0
D03420,P03420,1
D03421,P03421,0
D03422,P03422,1
D03423,P03423,0
D03424,P03424,1
D03425,P03425,0
D03426,P03426,1
D03427,P03427,0
D03428,P03428,1
D03429,P03429,0
D03430,P03430,1
D03431,P03431,0
D03432,P03432,0
D03433,P03433,1
D03434,P03434,0
D03435,P03435,0
D03436,P03436,1
D03437,P03437,0
D03438,P03438,0
D03439,P03439,1
D03440,P03440,0
D03441,P03441,1
D03442,P03442,0
D03443,P03443,1
D03444,P03444,0
D03445,P03445,0
D03446,P03446,1
D03447,P03447,0
D03448,P03448,1
D03449,P03449,0
D03450,P03450,1
D03451,P03451,0
D03452,P03452,1
D03453,P03453,0
D03454,P03454,1
D03455,P03455,0
D03456,P03456,1
D03457,P03457,0
D03458,P03458,1
D03459,P03459,0
D03460,P03460,1
D03461,P03461,0
D03462,P03462,1
D03463,P03463,0
D03464,P03464,1
D03465,P03465,0
D03466,P03466,1
D03467,P03467,0
D03468,P03468,1
D03469,P03469,0
D03470,P03470,1
D03471,P03471,0
D03472,P03472,1
D03473,P03473,0
D03474,P03474,1
D03475,P03475,1
D03476,P03476,0
D03477,P03477,1
D03478,P03478,0
D03479,P03479,1
D03480,P03480,0
D03481,P03481,1
D03482,P03482,0
D03483,P03483,1
D03484,P03484,0
D03485,P03485,1
D03486,P03486,0
D03487,P03487,1
D03488,P03488,0
D03489,P03489,1
D03490,P03490,0
D03491,P03491,1
D03492,P03492,0
D03493,P03493,1
D03494,P03494,0
D03495,P03495,1
D03496,P03496,0
D03497,P03497,1
D03498,P03498,0
D03499,P03499,1
D03500,P03500,0
D03501,P03501,1
D03502,P03502,0
D03503,P03503,1
D03504,P03504,0
D03505,P03505,1
D03506,P03506,0
D03507,P03507,1
D03508,P03508,0
D03509,P03509,1
D03510,P03510,0
D03511,P03511,1
D03512,P03512,0
D03513,P03513,1
D03514,P03514,0
D03515,P03515,1
D03516,P03516,0
D03517,P03517,1
D03518,P03518,0
D03519,P03519,1
D03520,P03520,0
D03521,P03521,1
D03522,P03522,0
D03523,P03523,1
D03524,P03524,0
D03525,P03525,1
D03526,P03526,0
D03527,P03527,1
D03528,P03528,0
D03529,P03529,1
D03530,P03530,0
D03531,P03531,1
D03532,P03532,0
D03533,P03533,1
D03534,P03534,0
D03535,P03535,1
D03536,P03536,0
D03537,P03537,1
D03538,P03538,0
D03539,P03539,1
D03540,P03540,0
D03541,P03541,1
D03542,P03542,0
D03543,P03543,1
D03544,P03544,0
D03545,P03545,1
D03546,P03546,0
D03547,P03547,1
D03548,P03548,0
D03549,P03549,1
D03550,P03550,0
D03551,P03551,1
D03552,P03552,0
D03553,P03553,1
D03554,P03554,0
D03555,P03555,1
D03556,P03556,0
D03557,P03557,1
D03558,P03558,0
D03559,P03559,1
D03560,P03560,0
D03561,P03561,1
D03562,P03562,0
D03563,P03563,1
D03564,P03564,0
D03565,P03565,1
D03566,P03566,0
D03567,P03567,1
D03568,P03568,0
D03569,P03569,1
D03570,P03570,0
D03571,P03571,1
D03572,P03572,0
D03573,P03573,1
D03574,P03574,0
D03575,P03575,1
D03576,P03576,0
D03577,P03577,1
D03578,P03578,0
D03579,P03579,1
D03580,P03580,0
D03581,P03581,1
D03582,P03582,0
D03583,P03583,1
D03584,P03584,0
D03585,P03585,1
D03586,P03586,0
D03587,P03587,1
D03588,P03588,0
D03589,P03589,1
D03590,P03590,0
D03591,P03591,1
D03592,P03592,0
D03593,P03593,1
D03594,P03594,0
D03595,P03595,1
D03596,P03596,0
D03597,P03597,1
D03598,P03598,1
D03599,P03599,0
D03600,P03600,1
D03601,P03601,0
D03602,P03602,1
D03603,P03603,0
D03604,P03604,1
D03605,P03605,0
D03606,P03606,1
D03607,P03607,0
D03608,P03608,1
D03609,P03609,0
D03610,P03610,1
D03611,P03611,0
D03612,P03612,1
D03613,P03613,0
D03614,P03614,1
D03615,P03615,0
D03616,P03616,1
D03617,P03617,0
D03618,P03618,1
D03619,P03619,0
D03620,P03620,1
D03621,P03621,0
D03622,P03622,1
D03623,P03623,0
D03624,P03624,1
D03625,P03625,0
D03626,P03626,1
D03627,P03627,0
D03628,P03628,1
D03629,P03629,0
D03630,P03630,1
D03631,P03631,0
D03632,P03632,1
D03633,P03633,0
D03634,P03634,1
D03635,P03635,0
D03636,P03636,1
D03637,P03637,0
D03638,P03638,1
D03639,P03639,0
D03640,P03640,1
D03641,P03641,0
D03642,P03642,1
D03643,P03643,0
D03644,P03644,1
D03645,P03645,0
D03646,P03646,1
D03647,P03647,0
D03648,P03648,1
D03649,P03649,0
D03650,P03650,1
D03651,P03651,0
D03652,P03652,1
D03653,P03653,0
D03654,P03654,1
D03655,P03655,0
D03656,P03656,1
D03657,P03657,0
D03658,P03658,1
D03659,P03659,0
D03660,P03660,1
D03661,P03661,0
D03662,P03662,1
D03663,P03663,0
D03664,P03664,1
D03665,P03665,0
D03666,P03666,1
D03667,P03667,0
D03668,P03668,1
D03669,P03669,0
D03670,P03670,1
D03671,P03671,0
D03672,P03672,1
D03673,P03673,0
D03674,P03674,1
D03675,P03675,0
D03676,P03676,1
D03677,P03677,0
D03678,P03678,1
D03679,P03679,0
D03680,P03680,1
D03681,P03681,0
D03682,P03682,1
D03683,P03683,0
D03684,P03684,1
D03685,P03685,0
D03686,P03686,1
D03687,P03687,0
D03688,P03688,1
D03689,P03689,0
D03690,P03690,1
D03691,P03691,0
D03692,P03692,1
D03693,P03693,0
D03694,P03694,1
D03695,P03695,0
D03696,P03696,1
D03697,P03697,0
D03698,P03698,1
D03699,P03699,0
D03700,P03700,1
D03701,P03701,0
D03702,P03702,1
D03703,P03703,0
D03704,P03704,1
D03705,P03705,0
D03706,P03706,1
D03707,P03707,0
D03708,P03708,1
D03709,P03709,0
D03710,P03710,1
D03711,P03711,0
D03712,P03712,1
D03713,P03713,0
D03714,P03714,1
D03715,P03715,0
D03716,P03716,1
D03717,P03717,0
D03718,P03718,1
D03719,P03719,0
D03720,P03720,1
D03721,P03721,0
D03722,P03722,1
D03723,P03723,0
D03724,P03724,1
D03725,P03725,0
D03726,P03726,1
D03727,P03727,0
D03728,P03728,1
D03729,P03729,0
D03730,P03730,1
D03731,P03731,0
D03732,P03732,1
D03733,P03733,0
D03734,P03734,1
D03735,P03735,0
D03736,P03736,1
D03737,P03737,0
D03738,P03738,1
D03739,P03739,0
D03740,P03740,1
D03741,P03741,0
D03742,P03742,1
D03743,P03743,0
D03744,P03744,1
D03745,P03745,0
D03746,P03746,1
D03747,P03747,0
D03748,P03748,1
D03749,P03749,0
D03750,P03750,1
D03751,P03751,0
D03752,P03752,1
D03753,P03753,0
D03754,P03754,1
D03755,P03755,0
D03756,P03756,1
D03757,P03757,0
D03758,P03758,1
D03759,P03759,0
D03760,P03760,1
D03761,P03761,0
D03762,P03762,1
D03763,P03763,0
D03764,P03764,1
D03765,P03765,0
D03766,P03766,1
D03767,P03767,0
D03768,P03768,1
D03769,P03769,0
D03770,P03770,1
D03771,P03771,0
D03772,P03772,1
D03773,P03773,0
D03774,P03774,1
D03775,P03775,0
D03776,P03776,1
D03777,P03777,0
D03778,P03778,1
D03779,P03779,0
D03780,P03780,1
D03781,P03781,0
D03782,P03782,1
D03783,P03783,0
D03784,P03784,1
D03785,P03785,0
D03786,P03786,1
D03787,P03787,0
D03788,P03788,1
D03789,P03789,0
D03790,P03790,1
D03791,P03791,0
D03792,P03792,1
D03793,P03793,0
D03794,P03794,1
D03795,P03795,0
D03796,P03796,1
D03797,P03797,0
D03798,P03798,1
D03799,P03799,0
D03800,P03800,1
D03801,P03801,0
D03802,P03802,1
D03803,P03803,0
D03804,P03804,1
D03805,P03805,0
D03806,P03806,1
D03807,P03807,0
D03808,P03808,1
D03809,P03809,0
D03810,P03810,1
D03811,P03811,0
D03812,P03812,1
D03813,P03813,0
D03814,P03814,1
D03815,P03815,0
D03816,P03816,1
D03817,P03817,0
D03818,P03818,1
D03819,P03819,0
D03820,P03820,1
D03821,P03821,0
D03822,P03822,1
D03823,P03823,0
D03824,P03824,1
D03825,P03825,0
D03826,P03826,1
D03827,P03827,0
D03828,P03828,1
D03829,P03829,0
D03830,P03830,1
D03831,P03831,0
D03832,P03832,1
D03833,P03833,0
D03834,P03834,1
D03835,P03835,0
D03836,P03836,1
D03837,P03837,0
D03838,P03838,1
D03839,P03839,0
D03840,P03840,1
D03841,P03841,0
D03842,P03842,0
D03843,P03843,1
D03844,P03844,0
D03845,P03845,1
D03846,P03846,0
D03847,P03847,1
D03848,P03848,0
D03849,P03849,1
D03850,P03850,0
D03851,P03851,1
D03852,P03852,0
D03853,P03853,1
D03854,P03854,0
D03855,P03855,1
D03856,P03856,0
D03857,P03857,1
D03858,P03858,0
D03859,P03859,1
D03860,P03860,0
D03861,P03861,1
D03862,P03862,0
D03863,P03863,1
D03864,P03864,0
D03865,P03865,1
D03866,P03866,0
D03867,P03867,1
D03868,P03868,0
D03869,P03869,1
D03870,P03870,0
D03871,P03871,1
D03872,P03872,0
D03873,P03873,1
D03874,P03874,0
D03875,P03875,1
D03876,P03876,0
D03877,P03877,1
D03878,P03878,0
D03879,P03879,1
D03880,P03880,0
D03881,P03881,1
D03882,P03882,0
D03883,P03883,1
D03884,P03884,0
D03885,P03885,1
D03886,P03886,0
D03887,P03887,1
D03888,P03888,0
D03889,P03889,1
D03890,P03890,1
D03891,P03891,1
D03892,P03892,0
D03893,P03893,1
D03894,P03894,0
D03895,P03895,1
D03896,P03896,0
D03897,P03897,1
D03898,P03898,0
D03899,P03899,1
D03900,P03900,0
D03901,P03901,1
D03902,P03902,0
D03903,P03903,1
D03904,P03904,0
D03905,P03905,1
D03906,P03906,0
D03907,P03907,1
D03908,P03908,0
D03909,P03909,1
D03910,P03910,0
D03911,P03911,1
D03912,P03912,1
D03913,P03913,0
D03914,P03914,1
D03915,P03915,0
D03916,P03916,1
D03917,P03917,0
D03918,P03918,1
D03919,P03919,0
D03920,P03920,1
D03921,P03921,0
D03922,P03922,1
D03923,P03923,0
D03924,P03924,1
D03925,P03925,0
D03926,P03926,1
D03927,P03927,0
D03928,P03928,1
D03929,P03929,0
D03930,P03930,1
D03931,P03931,0
D03932,P03932,1
D03933,P03933,0
D03934,P03934,1
D03935,P03935,0
D03936,P03936,1
D03937,P03937,0
D03938,P03938,1
D03939,P03939,0
D03940,P03940,1
D03941,P03941,0
D03942,P03942,1
D03943,P03943,0
D03944,P03944,1
D03945,P03945,0
D03946,P03946,1
D03947,P03947,0
D03948,P03948,1
D03949,P03949,0
D03950,P03950,1
D03951,P03951,0
D03952,P03952,1
D03953,P03953,0
D03954,P03954,1
D03955,P03955,0
D03956,P03956,1
D03957,P03957,0
D03958,P03958,1
D03959,P03959,0
D03960,P03960,1
D03961,P03961,0
D03962,P03962,1
D03963,P03963,0
D03964,P03964,1
D03965,P03965,0
D03966,P03966,1
D03967,P03967,0
D03968,P03968,1
D03969,P03969,0
D03970,P03970,1
D03971,P03971,0
D03972,P03972,1
D03973,P03973,0
D03974,P03974,1
D03975,P03975,0
D03976,P03976,1
D03977,P03977,0
D03978,P03978,1
D03979,P03979,0
D03980,P03980,1
D03981,P03981,0
D03982,P03982,1
D03983,P03983,0
D03984,P03984,1
D03985,P03985,0
D03986,P03986,1
D03987,P03987,0
D03988,P03988,1
D03989,P03989,0
D03990,P03990,1
D03991,P03991,0
D03992,P03992,1
D03993,P03993,0
D03994,P03994,1
D03995,P03995,0
D03996,P03996,1
D03997,P03997,1
D03998,P03998,0
D03999,P03999,1
D04000,P04000,0
D04001,P04001,1
D04002,P04002,0
D04003,P04003,1
D04004,P04004,0
D04005,P04005,1
D04006,P04006,0
D04007,P04007,1
D04008,P04008,0
D04009,P04009,1
D04010,P04010,0
D04011,P04011,1
D04012,P04012,0
D04013,P04013,1
D04014,P04014,0
D04015,P04015,1
D04016,P04016,0
D04017,P04017,1
D04018,P04018,0
D04019,P04019,1
D04020,P04020,0
D04021,P04021,1
D04022,P04022,0
D04023,P04023,1
D04024,P04024,0
D04025,P04025,1
D04026,P04026,0
D04027,P04027,1
D04028,P04028,0
D04029,P04029,1
D04030,P04030,0
D04031,P04031,1
D04032,P04032,0
D04033,P04033,1
D04034,P04034,0
D04035,P04035,1
D04036,P04036,0
D04037,P04037,1
D04038,P04038,0
D04039,P04039,1
D04040,P04040,0
D04041,P04041,1
D04042,P04042,0
D04043,P04043,1
D04044,P04044,0
D04045,P04045,1
D04046,P04046,0
D04047,P04047,1
D04048,P04048,0
D04049,P04049,0
D04050,P04050,0
D04051,P04051,1
D04052,P04052,0
D04053,P04053,1
D04054,P04054,0
D04055,P04055,1
D04056,P04056,0
D04057,P04057,1
D04058,P04058,0
D04059,P04059,1
D04060,P04060,0
D04061,P04061,1
D04062,P04062,0
D04063,P04063,1
D04064,P04064,0
D04065,P04065,1
D04066,P04066,0
D04067,P04067,1
D04068,P04068,0
D04069,P04069,1
D04070,P04070,0
D04071,P04071,1
D04072,P04072,0
D04073,P04073,1
D04074,P04074,0
D04075,P04075,1
D04076,P04076,0
D04077,P04077,1
D04078,P04078,0
D04079,P04079,1
D04080,P04080,0
D04081,P04081,1
D04082,P04082,0
D04083,P04083,1
D04084,P04084,0
D04085,P04085,1
D04086,P04086,0
D04087,P04087,1
D04088,P04088,0
D04089,P04089,1
D04090,P04090,0
D04091,P04091,1
D04092,P04092,0
D04093,P04093,1
D04094,P04094,0
D04095,P04095,1
D04096,P04096,0
D04097,P04097,1
D04098,P04098,0
D04099,P04099,1
D04100,P04100,0
D04101,P04101,1
D04102,P04102,0
D04103,P04103,1
D04104,P04104,0
D04105,P04105,1
D04106,P04106,0
D04107,P04107,1
D04108,P04108,0
D04109,P04109,1
D04110,P04110,0
D04111,P04111,1
D04112,P04112,0
D04113,P04113,1
D04114,P04114,0
D04115,P04115,1
D04116,P04116,0
D04117,P04117,1
D04118,P04118,0
D04119,P04119,1
D04120,P04120,0
D04121,P04121,1
D04122,P04122,0
D04123,P04123,1
D04124,P04124,0
D04125,P04125,1
D04126,P04126,0
D04127,P04127,1
D04128,P04128,0
D04129,P04129,1
D04130,P04130,0
D04131,P04131,1
D04132,P04132,0
D04133,P04133,1
D04134,P04134,0
D04135,P04135,1
D04136,P04136,0
D04137,P04137,1
D04138,P04138,0
D04139,P04139,1
D04140,P04140,0
D04141,P04141,1
D04142,P04142,0
D04143,P04143,1
D04144,P04144,0
D04145,P04145,1
D04146,P04146,0
D04147,P04147,1
D04148,P04148,0
D04149,P04149,1
D04150,P04150,0
D04151,P04151,1
D04152,P04152,0
D04153,P04153,1
D04154,P04154,0
D04155,P04155,1
D04156,P04156,0
D04157,P04157,1
D04158,P04158,0
D04159,P04159,1
D04160,P04160,0
D04161,P04161,1
D04162,P04162,0
D04163,P04163,1
D04164,P04164,0
D04165,P04165,1
D04166,P04166,0
D04167,P04167,1
D04168,P04168,0
D04169,P04169,1
D04170,P04170,0
D04171,P04171,1
D04172,P04172,1
D04173,P04173,0
D04174,P04174,1
D04175,P04175,0
D04176,P04176,1
D04177,P04177,0
D04178,P04178,0
D04179,P04179,1
D04180,P04180,0
D04181,P04181,1
D04182,P04182,0
D04183,P04183,1
D04184,P04184,0
D04185,P04185,1
D04186,P04186,0
D04187,P04187,1
D04188,P04188,0
D04189,P04189,1
D04190,P04190,0
D04191,P04191,1
D04192,P04192,0
D04193,P04193,1
D04194,P04194,0
D04195,P04195,1
D04196,P04196,0
D04197,P04197,1
D04198,P04198,0
D04199,P04199,1
D04200,P04200,0
D04201,P04201,1
D04202,P04202,0
D04203,P04203,1
D04204,P04204,0
D04205,P04205,1
D04206,P04206,0
D04207,P04207,1
D04208,P04208,0
D04209,P04209,1
D04210,P04210,0
D04211,P04211,1
D04212,P04212,0
D04213,P04213,1
D04214,P04214,0
D04215,P04215,1
D04216,P04216,0
D04217,P04217,1
D04218,P04218,0
D04219,P04219,1
D04220,P04220,0
D04221,P04221,1
D04222,P04222,0
D04223,P04223,1
D04224,P04224,0
D04225,P04225,1
D04226,P04226,0
D04227,P04227,1
D04228,P04228,0
D04229,P04229,1
D04230,P04230,0
D04231,P04231,1
D04232,P04232,0
D04233,P04233,1
D04234,P04234,0
D04235,P04235,1
D04236,P04236,0
D04237,P04237,1
D04238,P04238,0
D04239,P04239,1
D04240,P04240,0
D04241,P04241,1
D04242,P04242,0
D04243,P04243,1
D04244,P04244,0
D04245,P04245,1
D04246,P04246,0
D04247,P04247,1
D04248,P04248,0
D04249,P04249,1
D04250,P04250,0
D04251,P04251,1
D04252,P04252,0
D04253,P04253,1
D04254,P04254,0
D04255,P04255,1
D04256,P04256,0
D04257,P04257,1
D04258,P04258,0
D04259,P04259,1
D04260,P04260,0
D04261,P04261,1
D04262,P04262,0
D04263,P04263,1
D04264,P04264,0
D04265,P04265,1
D04266,P04266,0
D04267,P04267,1
D04268,P04268,0
D04269,P04269,1
D04270,P04270,0
D04271,P04271,1
D04272,P04272,0
D04273,P04273,1
D04274,P04274,0
D04275,P04275,1
D04276,P04276,0
D04277,P04277,1
D04278,P04278,0
D04279,P04279,1
D04280,P04280,0
D04281,P04281,1
D04282,P04282,0
D04283,P04283,1
D04284,P04284,0
D04285,P04285,1
D04286,P04286,0
D04287,P04287,1
D04288,P04288,0
D04289,P04289,1
D04290,P04290,0
D04291,P04291,1
D04292,P04292,0
D04293,P04293,1
D04294,P04294,0
D04295,P04295,1
D04296,P04296,0
D04297,P04297,1
D04298,P04298,0
D04299,P04299,1
D04300,P04300,0
D04301,P04301,1
D04302,P04302,0
D04303,P04303,1
D04304,P04304,0
D04305,P04305,1
D04306,P04306,0
D04307,P04307,1
D04308,P04308,0
D04309,P04309,1
D04310,P04310,0
D04311,P04311,1
D04312,P04312,0
D04313,P04313,1
D04314,P04314,0
D04315,P04315,1
D04316,P04316,0
D04317,P04317,1
D04318,P04318,0
D04319,P04319,1
D04320,P04320,0
D04321,P04321,1
D04322,P04322,0
D04323,P04323,1
D04324,P04324,0
D04325,P04325,1
D04326,P04326,0
D04327,P04327,1
D04328,P04328,0
D04329,P04329,1
D04330,P04330,0
D04331,P04331,1
D04332,P04332,0
D04333,P04333,1
D04334,P04334,0
D04335,P04335,1
D04336,P04336,0
D04337,P04337,1
D04338,P04338,0
D04339,P04339,1
D04340,P04340,0
D04341,P04341,1
D04342,P04342,0
D04343,P04343,1
D04344,P04344,0
D04345,P04345,1
D04346,P04346,0
D04347,P04347,1
D04348,P04348,0
D04349,P04349,1
D04350,P04350,0
D04351,P04351,1
D04352,P04352,0
D04353,P04353,1
D04354,P04354,0
D04355,P04355,1
D04356,P04356,0
D04357,P04357,1
D04358,P04358,0
D04359,P04359,1
D04360,P04360,0
D04361,P04361,1
D04362,P04362,0
D04363,P04363,1
D04364,P04364,0
D04365,P04365,1
D04366,P04366,0
D04367,P04367,1
D04368,P04368,0
D04369,P04369,1
D04370,P04370,0
D04371,P04371,1
D04372,P04372,0
D04373,P04373,1
D04374,P04374,0
D04375,P04375,1
D04376,P04376,0
D04377,P04377,1
D04378,P04378,0
D04379,P04379,1
D04380,P04380,0
D04381,P04381,1
D04382,P04382,0
D04383,P04383,1
D04384,P04384,0
D04385,P04385,1
D04386,P04386,0
D04387,P04387,1
D04388,P04388,0
D04389,P04389,1
D04390,P04390,0
D04391,P04391,1
D04392,P04392,0
D04393,P04393,1
D04394,P04394,0
D04395,P04395,1
D04396,P04396,0
D04397,P04397,1
D04398,P04398,0
D04399,P04399,1
D04400,P04400,0
D04401,P04401,1
D04402,P04402,0
D04403,P04403,1
D04404,P04404,0
D04405,P04405,1
D04406,P04406,0
D04407,P04407,1
D04408,P04408,0
D04409,P04409,1
D04410,P04410,0
D04411,P04411,1
D04412,P04412,0
D04413,P04413,1
D04414,P04414,0
D04415,P04415,1
D04416,P04416,0
D04417,P04417,1
D04418,P04418,0
D04419,P04419,1
D04420,P04420,0
D04421,P04421,1
D04422,P04422,0
D04423,P04423,1
D04424,P04424,0
D04425,P04425,1
D04426,P04426,0
D04427,P04427,1
D04428,P04428,0
D04429,P04429,1
D04430,P04430,0
D04431,P04431,1
D04432,P04432,0
D04433,P04433,1
D04434,P04434,0
D04435,P04435,1
D04436,P04436,0
D04437,P04437,1
D04438,P04438,0
D04439,P04439,1
D04440,P04440,0
D04441,P04441,1
D04442,P04442,0
D04443,P04443,1
D04444,P04444,0
D04445,P04445,1
D04446,P04446,0
D04447,P04447,1
D04448,P04448,0
D04449,P04449,1
D04450,P04450,0
D04451,P04451,0
D04452,P04452,1
D04453,P04453,0
D04454,P04454,1
D04455,P04455,0
D04456,P04456,0
D04457,P04457,1
D04458,P04458,0
D04459,P04459,1
D04460,P04460,0
D04461,P04461,1
D04462,P04462,0
D04463,P04463,1
D04464,P04464,0
D04465,P04465,1
D04466,P04466,0
D04467,P04467,1
D04468,P04468,0
D04469,P04469,1
D04470,P04470,0
D04471,P04471,1
D04472,P04472,0
D04473,P04473,1
D04474,P04474,0
D04475,P04475,1
D04476,P04476,0
D04477,P04477,1
D04478,P04478,0
D04479,P04479,1
D04480,P04480,0
D04481,P04481,1
D04482,P04482,0
D04483,P04483,1
D04484,P04484,0
D04485,P04485,0
D04486,P04486,1
D04487,P04487,0
D04488,P04488,1
D04489,P04489,0
D04490,P04490,1
D04491,P04491,0
D04492,P04492,1
D04493,P04493,0
D04494,P04494,1
D04495,P04495,0
D04496,P04496,1
D04497,P04497,0
D04498,P04498,1
D04499,P04499,0
D04500,P04500,1
D04501,P04501,0
D04502,P04502,1
D04503,P04503,0
D04504,P04504,1
D04505,P04505,0
D04506,P04506,1
D04507,P04507,0
D04508,P04508,1
D04509,P04509,0
D04510,P04510,1
D04511,P04511,0
D04512,P04512,1
D04513,P04513,0
D04514,P04514,1
D04515,P04515,0
D04516,P04516,1
D04517,P04517,0
D04518,P04518,1
D04519,P04519,0
D04520,P04520,1
D04521,P04521,0
D04522,P04522,1
D04523,P04523,0
D04524,P04524,1
D04525,P04525,0
D04526,P04526,1
D04527,P04527,0
D04528,P04528,1
D04529,P04529,0
D04530,P04530,1
D04531,P04531,0
D04532,P04532,1
D04533,P04533,0
D04534,P04534,1
D04535,P04535,0
D04536,P04536,1
D04537,P04537,0
D04538,P04538,1
D04539,P04539,0
D04540,P04540,1
D04541,P04541,0
D04542,P04542,1
D04543,P04543,0
D04544,P04544,1
D04545,P04545,0
D04546,P04546,1
D04547,P04547,0
D04548,P04548,1
D04549,P04549,0
D04550,P04550,1
D04551,P04551,0
D04552,P04552,1
D04553,P04553,0
D04554,P04554,1
D04555,P04555,0
D04556,P04556,1
D04557,P04557,0
D04558,P04558,1
D04559,P04559,0
D04560,P04560,1
D04561,P04561,0
D04562,P04562,1
D04563,P04563,0
D04564,P04564,1
D04565,P04565,0
D04566,P04566,1
D04567,P04567,0
D04568,P04568,1
D04569,P04569,0
D04570,P04570,1
D04571,P04571,0
D04572,P04572,1
D04573,P04573,0
D04574,P04574,1
D04575,P04575,0
D04576,P04576,1
D04577,P04577,0
D04578,P04578,1
D04579,P04579,0
D04580,P04580,1
D04581,P04581,0
D04582,P04582,1
D04583,P04583,0
D04584,P04584,1
D04585,P04585,0
D04586,P04586,1
D04587,P04587,0
D04588,P04588,1
D04589,P04589,0
D04590,P04590,1
D04591,P04591,0
D04592,P04592,1
D04593,P04593,0
D04594,P04594,1
D04595,P04595,0
D04596,P04596,1
D04597,P04597,0
D04598,P04598,1
D04599,P04599,0
D04600,P04600,1
D04601,P04601,0
D04602,P04602,1
D04603,P04603,0
D04604,P04604,1
D04605,P04605,0
D04606,P04606,1
D04607,P04607,0
D04608,P04608,1
D04609,P04609,0
D04610,P04610,1
D04611,P04611,0
D04612,P04612,1
D04613,P04613,0
D04614,P04614,1
D04615,P04615,0
D04616,P04616,1
D04617,P04617,0
D04618,P04618,1
D04619,P04619,0
D04620,P04620,1
D04621,P04621,0
D04622,P04622,1
D04623,P04623,0
D04624,P04624,1
D04625,P04625,0
D04626,P04626,1
D04627,P04627,0
D04628,P04628,1
D04629,P04629,0
D04630,P04630,1
D04631,P04631,0
D04632,P04632,1
D04633,P04633,0
D04634,P04634,1
D04635,P04635,0
D04636,P04636,1
D04637,P04637,0
D04638,P04638,1
D04639,P04639,0
D04640,P04640,1
D04641,P04641,0
D04642,P04642,1
D04643,P04643,0
D04644,P04644,1
D04645,P04645,0
D04646,P04646,1
D04647,P04647,0
D04648,P04648,1
D04649,P04649,0
D04650,P04650,1
D04651,P04651,0
D04652,P04652,1
D04653,P04653,0
D04654,P04654,1
D04655,P04655,0
D04656,P04656,1
D04657,P04657,0
D04658,P04658,1
D04659,P04659,0
D04660,P04660,1
D04661,P04661,0
D04662,P04662,1
D04663,P04663,0
D04664,P04664,1
D04665,P04665,0
D04666,P04666,1
D04667,P04667,0
D04668,P04668,1
D04669,P04669,0
D04670,P04670,1
D04671,P04671,0
D04672,P04672,1
D04673,P04673,0
D04674,P04674,1
D04675,P04675,0
D04676,P04676,1
D04677,P04677,0
D04678,P04678,1
D04679,P04679,0
D04680,P04680,1
D04681,P04681,0
D04682,P04682,1
D04683,P04683,0
D04684,P04684,1
D04685,P04685,0
D04686,P04686,1
D04687,P04687,0
D04688,P04688,1
D04689,P04689,0
D04690,P04690,1
D04691,P04691,0
D04692,P04692,1
D04693,P04693,0
D04694,P04694,1
D04695,P04695,0
D04696,P04696,1
D04697,P04697,0
D04698,P04698,1
D04699,P04699,0
D04700,P04700,1
D04701,P04701,0
D04702,P04702,1
D04703,P04703,0
D04704,P04704,1
D04705,P04705,0
D04706,P04706,1
D04707,P04707,0
D04708,P04708,1
D04709,P04709,0
D04710,P04710,1
D04711,P04711,0
D04712,P04712,1
D04713,P04713,0
D04714,P04714,1
D04715,P04715,0
D04716,P04716,1
D04717,P04717,0
D04718,P04718,1
D04719,P04719,0
D04720,P04720,1
D04721,P04721,0
D04722,P04722,1
D04723,P04723,0
D04724,P04724,1
D04725,P04725,0
D04726,P04726,1
D04727,P04727,0
D04728,P04728,1
D04729,P04729,0
D04730,P04730,1
D04731,P04731,0
D04732,P04732,1
D04733,P04733,0
D04734,P04734,1
D04735,P04735,0
D04736,P04736,1
D04737,P04737,0
D04738,P04738,1
D04739,P04739,0
D04740,P04740,1
D04741,P04741,0
D04742,P04742,1
D04743,P04743,0
D04744,P04744,1
D04745,P04745,0
D04746,P04746,1
D04747,P04747,0
D04748,P04748,1
D04749,P04749,0
D04750,P04750,1
D04751,P04751,0
D04752,P04752,1
D04753,P04753,0
D04754,P04754,1
D04755,P04755,0
D04756,P04756,1
D04757,P04757,0
D04758,P04758,1
D04759,P04759,0
D04760,P04760,1
D04761,P04761,0
D04762,P04762,1
D04763,P04763,0
D04764,P04764,1
D04765,P04765,0
D04766,P04766,1
D04767,P04767,0
D04768,P04768,1
D04769,P04769,0
D04770,P04770,1
D04771,P04771,0
D04772,P04772,1
D04773,P04773,0
D04774,P04774,1
D04775,P04775,0
D04776,P04776,1
D04777,P04777,0
D04778,P04778,1
D04779,P04779,0
D04780,P04780,1
D04781,P04781,0
D04782,P04782,1
D04783,P04783,0
D04784,P04784,1
D04785,P04785,0
D04786,P04786,1
D04787,P04787,0
D04788,P04788,1
D04789,P04789,0
D04790,P04790,1
D04791,P04791,0
D04792,P04792,1
D04793,P04793,0
D04794,P04794,1
D04795,P04795,0
D04796,P04796,1
D04797,P04797,0
D04798,P04798,1
D04799,P04799,0
D04800,P04800,1
D04801,P04801,0
D04802,P04802,1
D04803,P04803,0
D04804,P04804,1
D04805,P04805,0
D04806,P04806,1
D04807,P04807,0
D04808,P04808,1
D04809,P04809,0
D04810,P04810,1
D04811,P04811,0
D04812,P04812,1
D04813,P04813,0
D04814,P04814,1
D04815,P04815,0
D04816,P04816,1
D04817,P04817,0
D04818,P04818,1
D04819,P04819,0
D04820,P04820,1
D04821,P04821,0
D04822,P04822,1
D04823,P04823,0
D04824,P04824,1
D04825,P04825,0
D04826,P04826,1
D04827,P04827,0
D04828,P04828,1
D04829,P04829,0
D04830,P04830,1
D04831,P04831,0
D04832,P04832,1
D04833,P04833,0
D04834,P04834,1
D04835,P04835,0
D04836,P04836,1
D04837,P04837,0
D04838,P04838,1
D04839,P04839,0
D04840,P04840,1
D04841,P04841,0
D04842,P04842,1
D04843,P04843,1
D04844,P04844,0
D04845,P04845,1
D04846,P04846,0
D04847,P04847,1
D04848,P04848,0
D04849,P04849,1
D04850,P04850,0
D04851,P04851,1
D04852,P04852,0
D04853,P04853,1
D04854,P04854,0
D04855,P04855,1
D04856,P04856,0
D04857,P04857,1
D04858,P04858,0
D04859,P04859,1
D04860,P04860,0
D04861,P04861,1
D04862,P04862,0
D04863,P04863,1
D04864,P04864,0
D04865,P04865,1
D04866,P04866,0
D04867,P04867,1
D04868,P04868,0
D04869,P04869,1
D04870,P04870,0
D04871,P04871,1
D04872,P04872,0
D04873,P04873,1
D04874,P04874,0
D04875,P04875,1
D04876,P04876,0
D04877,P04877,1
D04878,P04878,0
D04879,P04879,1
D04880,P04880,0
D04881,P04881,1
D04882,P04882,0
D04883,P04883,1
D04884,P04884,0
D04885,P04885,1
D04886,P04886,0
D04887,P04887,1
D04888,P04888,0
D04889,P04889,1
D04890,P04890,0
D04891,P04891,1
D04892,P04892,0
D04893,P04893,1
D04894,P04894,0
D04895,P04895,1
D04896,P04896,0
D04897,P04897,1
D04898,P04898,0
D04899,P04899,1
D04900,P04900,0
D04901,P04901,1
D04902,P04902,0
D04903,P04903,1
D04904,P04904,0
D04905,P04905,1
D04906,P04906,0
D04907,P04907,1
D04908,P04908,0
D04909,P04909,1
D04910,P04910,0
D04911,P04911,1
D04912,P04912,0
D04913,P04913,1
D04914,P04914,0
D04915,P04915,1
D04916,P04916,0
D04917,P04917,1
D04918,P04918,0
D04919,P04919,1
D04920,P04920,0
D04921,P04921,1
D04922,P04922,0
D04923,P04923,1
D04924,P04924,0
D04925,P04925,1
D04926,P04926,0
D04927,P04927,1
D04928,P04928,0
D04929,P04929,1
D04930,P04930,0
D04931,P04931,1
D04932,P04932,0
D04933,P04933,1
D04934,P04934,0
D04935,P04935,1
D04936,P04936,0
D04937,P04937,1
D04938,P04938,0
D04939,P04939,1
D04940,P04940,0
D04941,P04941,1
D04942,P04942,0
D04943,P04943,1
D04944,P04944,0
D04945,P04945,1
D04946,P04946,0
D04947,P04947,1
D04948,P04948,0
D04949,P04949,1
D04950,P04950,0
D04951,P04951,1
D04952,P04952,0
D04953,P04953,1
D04954,P04954,0
D04955,P04955,1
D04956,P04956,0
D04957,P04957,1
D04958,P04958,0
D04959,P04959,1
D04960,P04960,0
D04961,P04961,1
D04962,P04962,0
D04963,P04963,1
D04964,P04964,0
D04965,P04965,1
D04966,P04966,0
D04967,P04967,1
D04968,P04968,0
D04969,P04969,1
D04970,P04970,0
D04971,P04971,1
D04972,P04972,0
D04973,P04973,1
D04974,P04974,0
D04975,P04975,1
D04976,P04976,0
D04977,P04977,1
D04978,P04978,0
D04979,P04979,1
D04980,P04980,0
D04981,P04981,1
D04982,P04982,0
D04983,P04983,1
D04984,P04984,0
D04985,P04985,1
D04986,P04986,0
D04987,P04987,1
D04988,P04988,0
D04989,P04989,1
D04990,P04990,1
D04991,P04991,0
D04992,P04992,1
D04993,P04993,0
D04994,P04994,1
D04995,P04995,0
D04996,P04996,1
D04997,P04997,0
D04998,P04998,1
D04999,P04999,0
D05000,P05000,1
D05001,P05001,0
D05002,P05002,1
D05003,P05003,0
D05004,P05004,1
D05005,P05005,0
D05006,P05006,1
D05007,P05007,0
D05008,P05008,1
D05009,P05009,0
D05010,P05010,1
D05011,P05011,0
D05012,P05012,1
D05013,P05013,0
D05014,P05014,1
D05015,P05015,0
D05016,P05016,1
D05017,P05017,0
D05018,P05018,1
D05019,P05019,0
D05020,P05020,1
D05021,P05021,0
D05022,P05022,1
D05023,P05023,0
D05024,P05024,1
D05025,P05025,0
D05026,P05026,1
D05027,P05027,0
D05028,P05028,1
D05029,P05029,0
D05030,P05030,1
D05031,P05031,0
D05032,P05032,1
D05033,P05033,0
D05034,P05034,1
D05035,P05035,0
D05036,P05036,1
D05037,P05037,0
D05038,P05038,1
D05039,P05039,0
D05040,P05040,1
D05041,P05041,0
D05042,P05042,1
D05043,P05043,0
D05044,P05044,1
D05045,P05045,0
D05046,P05046,1
D05047,P05047,0
D05048,P05048,1
D05049,P05049,0
D05050,P05050,1
D05051,P05051,0
D05052,P05052,1
D05053,P05053,0
D05054,P05054,1
D05055,P05055,0
D05056,P05056,1
D05057,P05057,0
D05058,P05058,1
D05059,P05059,0
D05060,P05060,1
D05061,P05061,0
D05062,P05062,1
D05063,P05063,0
D05064,P05064,1
D05065,P05065,0
D05066,P05066,1
D05067,P05067,0
D05068,P05068,1
D05069,P05069,0
D05070,P05070,1
D05071,P05071,0
D05072,P05072,1
D05073,P05073,0
D05074,P05074,1
D05075,P05075,0
D05076,P05076,1
D05077,P05077,0
D05078,P05078,1
D05079,P05079,0
D05080,P05080,1
D05081,P05081,0
D05082,P05082,1
D05083,P05083,0
D05084,P05084,1
D05085,P05085,0
D05086,P05086,1
D05087,P05087,0
D05088,P05088,1
D05089,P05089,0
D05090,P05090,1
D05091,P05091,0
D05092,P05092,1
D05093,P05093,0
D05094,P05094,1
D05095,P05095,0
D05096,P05096,1
D05097,P05097,0
D05098,P05098,1
D05099,P05099,0
D05100,P05100,1
D05101,P05101,0
D05102,P05102,1
D05103,P05103,0
D05104,P05104,1
D05105,P05105,0
D05106,P05106,1
D05107,P05107,0
D05108,P05108,1
D05109,P05109,0
D05110,P05110,1
D05111,P05111,0
D05112,P05112,1
D05113,P05113,0
D05114,P05114,1
D05115,P05115,0
D05116,P05116,1
D05117,P05117,0
D05118,P05118,1
D05119,P05119,0
D05120,P05120,1
D05121,P05121,0
D05122,P05122,1
D05123,P05123,0
D05124,P05124,1
D05125,P05125,0
D05126,P05126,1
D05127,P05127,0
D05128,P05128,1
D05129,P05129,0
D05130,P05130,1
D05131,P05131,0
D05132,P05132,1
D05133,P05133,0
D05134,P05134,1
D05135,P05135,0
D05136,P05136,1
D05137,P05137,0
D05138,P05138,1
D05139,P05139,0
D05140,P05140,1
D05141,P05141,0
D05142,P05142,1
D05143,P05143,0
D05144,P05144,1
D05145,P05145,0
D05146,P05146,1
D05147,P05147,0
D05148,P05148,1
D05149,P05149,0
D05150,P05150,1
D05151,P05151,0
D05152,P05152,1
D05153,P05153,0
D05154,P05154,1
D05155,P05155,0
D05156,P05156,1
D05157,P05157,0
D05158,P05158,1
D05159,P05159,0
D05160,P05160,1
D05161,P05161,0
D05162,P05162,1
D05163,P05163,0
D05164,P05164,1
D05165,P05165,0
D05166,P05166,1
D05167,P05167,0
D05168,P05168,1
D05169,P05169,0
D05170,P05170,1
D05171,P05171,0
D05172,P05172,1
D05173,P05173,0
D05174,P05174,1
D05175,P05175,0
D05176,P05176,1
D05177,P05177,0
D05178,P05178,1
D05179,P05179,0
D05180,P05180,1
D05181,P05181,0
D05182,P05182,1
D05183,P05183,0
D05184,P05184,1
D05185,P05185,0
D05186,P05186,1
D05187,P05187,0
D05188,P05188,1
D05189,P05189,0
D05190,P05190,1
D05191,P05191,0
D05192,P05192,1
D05193,P05193,0
D05194,P05194,1
D05195,P05195,0
D05196,P05196,1
D05197,P05197,0
D05198,P05198,1
D05199,P05199,0
D05200,P05200,1
D05201,P05201,0
D05202,P05202,1
D05203,P05203,0
D05204,P05204,1
D05205,P05205,0
D05206,P05206,1
D05207,P05207,0
D05208,P05208,1
D05209,P05209,0
D05210,P05210,1
D05211,P05211,0
D05212,P05212,1
D05213,P05213,0
D05214,P05214,1
D05215,P05215,0
D05216,P05216,1
D05217,P05217,0
D05218,P05218,1
D05219,P05219,0
D05220,P05220,1
D05221,P05221,0
D05222,P05222,1
D05223,P05223,0
D05224,P05224,1
D05225,P05225,0
D05226,P05226,1
D05227,P05227,0
D05228,P05228,1
D05229,P05229,0
D05230,P05230,1
D05231,P05231,0
D05232,P05232,1
D05233,P05233,0
D05234,P05234,1
D05235,P05235,0
D05236,P05236,1
D05237,P05237,0
D05238,P05238,1
D05239,P05239,0
D05240,P05240,1
D05241,P05241,0
D05242,P05242,1
D05243,P05243,0
D05244,P05244,1
D05245,P05245,0
D05246,P05246,1
D05247,P05247,0
D05248,P05248,1
D05249,P05249,0
D05250,P05250,1
D05251,P05251,0
D05252,P05252,1
D05253,P05253,0
D05254,P05254,1
D05255,P05255,0
D05256,P05256,1
D05257,P05257,0
D05258,P05258,1
D05259,P05259,0
D05260,P05260,1
D05261,P05261,0
D05262,P05262,1
D05263,P05263,0
D05264,P05264,1
D05265,P05265,0
D05266,P05266,1
D05267,P05267,0
D05268,P05268,1
D05269,P05269,0
D05270,P05270,1
D05271,P05271,0
D05272,P05272,1
D05273,P05273,0
D05274,P05274,0
D05275,P05275,1
D05276,P05276,1
D05277,P05277,0
D05278,P05278,1
D05279,P05279,0
D05280,P05280,1
D05281,P05281,0
D05282,P05282,1
D05283,P05283,0
D05284,P05284,1
D05285,P05285,0
D05286,P05286,1
D05287,P05287,0
D05288,P05288,1
D05289,P05289,0
D05290,P05290,1
D05291,P05291,0
D05292,P05292,1
D05293,P05293,0
D05294,P05294,1
D05295,P05295,0
D05296,P05296,1
D05297,P05297,0
D05298,P05298,1
D05299,P05299,0
D05300,P05300,1
D05301,P05301,0
D05302,P05302,1
D05303,P05303,0
D05304,P05304,1
D05305,P05305,0
D05306,P05306,1
D05307,P05307,0
D05308,P05308,1
D05309,P05309,0
D05310,P05310,1
D05311,P05311,0
D05312,P05312,1
D05313,P05313,0
D05314,P05314,1
D05315,P05315,0
D05316,P05316,1
D05317,P05317,0
D05318,P05318,1
D05319,P05319,0
D05320,P05320,1
D05321,P05321,0
D05322,P05322,1
D05323,P05323,0
D05324,P05324,1
D05325,P05325,0
D05326,P05326,0
D05327,P05327,1
D05328,P05328,0
D05329,P05329,1
D05330,P05330,0
D05331,P05331,1
D05332,P05332,0
D05333,P05333,1
D05334,P05334,0
D05335,P05335,1
D05336,P05336,0
D05337,P05337,1
D05338,P05338,0
D05339,P05339,1
D05340,P05340,0
D05341,P05341,1
D05342,P05342,0
D05343,P05343,1
D05344,P05344,0
D05345,P05345,1
D05346,P05346,0
D05347,P05347,1
D05348,P05348,0
D05349,P05349,1
D05350,P05350,0
D05351,P05351,1
D05352,P05352,0
D05353,P05353,0
D05354,P05354,1
D05355,P05355,0
D05356,P05356,1
D05357,P05357,0
D05358,P05358,1
D05359,P05359,0
D05360,P05360,1
D05361,P05361,0
D05362,P05362,1
D05363,P05363,0
D05364,P05364,1
D05365,P05365,0
D05366,P05366,1
D05367,P05367,0
D05368,P05368,1
D05369,P05369,0
D05370,P05370,1
D05371,P05371,0
D05372,P05372,1
D05373,P05373,0
D05374,P05374,1
D05375,P05375,0
D05376,P05376,1
D05377,P05377,0
D05378,P05378,1
D05379,P05379,0
D05380,P05380,1
D05381,P05381,0
D05382,P05382,1
D05383,P05383,0
D05384,P05384,1
D05385,P05385,0
D05386,P05386,1
D05387,P05387,0
D05388,P05388,1
D05389,P05389,0
D05390,P05390,1
D05391,P05391,0
D05392,P05392,1
D05393,P05393,0
D05394,P05394,1
D05395,P05395,0
D05396,P05396,1
D05397,P05397,0
D05398,P05398,1
D05399,P05399,0
D05400,P05400,1
D05401,P05401,0
D05402,P05402,1
D05403,P05403,0
D05404,P05404,1
D05405,P05405,0
D05406,P05406,1
D05407,P05407,0
D05408,P05408,1
D05409,P05409,0
D05410,P05410,1
D05411,P05411,0
D05412,P05412,1
D05413,P05413,0
D05414,P05414,1
D05415,P05415,0
D05416,P05416,1
D05417,P05417,0
D05418,P05418,1
D05419,P05419,0
D05420,P05420,1
D05421,P05421,0
D05422,P05422,1
D05423,P05423,0
D05424,P05424,1
D05425,P05425,0
D05426,P05426,1
D05427,P05427,0
D05428,P05428,1
D05429,P05429,0
D05430,P05430,1
D05431,P05431,0
D05432,P05432,1
D05433,P05433,0
D05434,P05434,1
D05435,P05435,0
D05436,P05436,1
D05437,P05437,0
D05438,P05438,1
D05439,P05439,0
D05440,P05440,1
D05441,P05441,0
D05442,P05442,1
D05443,P05443,0
D05444,P05444,0
D05445,P05445,1
D05446,P05446,0
D05447,P05447,1
D05448,P05448,0
D05449,P05449,1
D05450,P05450,0
D05451,P05451,1
D05452,P05452,0
D05453,P05453,1
D05454,P05454,0
D05455,P05455,1
D05456,P05456,0
D05457,P05457,1
D05458,P05458,0
D05459,P05459,1
D05460,P05460,0
D05461,P05461,1
D05462,P05462,0
D05463,P05463,1
D05464,P05464,0
D05465,P05465,1
D05466,P05466,0
D05467,P05467,1
D05468,P05468,0
D05469,P05469,1
D05470,P05470,0
D05471,P05471,1
D05472,P05472,0
D05473,P05473,1
D05474,P05474,0
D05475,P05475,1
D05476,P05476,0
D05477,P05477,1
D05478,P05478,0
D05479,P05479,1
D05480,P05480,0
D05481,P05481,1
D05482,P05482,0
D05483,P05483,1
D05484,P05484,0
D05485,P05485,1
D05486,P05486,0
D05487,P05487,1
D05488,P05488,0
D05489,P05489,1
D05490,P05490,0
D05491,P05491,1
D05492,P05492,0
D05493,P05493,0
D05494,P05494,1
D05495,P05495,0
D05496,P05496,1
D05497,P05497,0
D05498,P05498,1
D05499,P05499,0
D05500,P05500,1
D05501,P05501,0
D05502,P05502,1
D05503,P05503,0
D05504,P05504,1
D05505,P05505,0
D05506,P05506,1
D05507,P05507,0
D05508,P05508,1
D05509,P05509,0
D05510,P05510,1
D05511,P05511,0
D05512,P05512,1
D05513,P05513,0
D05514,P05514,1
D05515,P05515,0
D05516,P05516,1
D05517,P05517,0
D05518,P05518,1
D05519,P05519,0
D05520,P05520,1
D05521,P05521,0
D05522,P05522,1
D05523,P05523,0
D05524,P05524,1
D05525,P05525,0
D05526,P05526,1
D05527,P05527,0
D05528,P05528,1
D05529,P05529,0
D05530,P05530,1
D05531,P05531,0
D05532,P05532,1
D05533,P05533,0
D05534,P05534,1
D05535,P05535,0
D05536,P05536,1
D05537,P05537,0
D05538,P05538,1
D05539,P05539,0
D05540,P05540,1
D05541,P05541,0
D05542,P05542,1
D05543,P05543,0
D05544,P05544,1
D05545,P05545,0
D05546,P05546,1
D05547,P05547,0
D05548,P05548,1
D05549,P05549,0
D05550,P05550,1
D05551,P05551,0
D05552,P05552,1
D05553,P05553,0
D05554,P05554,1
D05555,P05555,0
D05556,P05556,1
D05557,P05557,0
D05558,P05558,1
D05559,P05559,0
D05560,P05560,1
D05561,P05561,0
D05562,P05562,1
D05563,P05563,0
D05564,P05564,1
D05565,P05565,0
D05566,P05566,1
D05567,P05567,0
D05568,P05568,1
D05569,P05569,0
D05570,P05570,1
D05571,P05571,0
D05572,P05572,1
D05573,P05573,0
D05574,P05574,1
D05575,P05575,0
D05576,P05576,1
D05577,P05577,0
D05578,P05578,1
D05579,P05579,0
D05580,P05580,1
D05581,P05581,0
D05582,P05582,1
D05583,P05583,0
D05584,P05584,1
D05585,P05585,0
D05586,P05586,1
D05587,P05587,0
D05588,P05588,1
D05589,P05589,0
D05590,P05590,1
D05591,P05591,0
D05592,P05592,1
D05593,P05593,0
D05594,P05594,1
D05595,P05595,0
D05596,P05596,1
D05597,P05597,0
D05598,P05598,1
D05599,P05599,0
D05600,P05600,1
D05601,P05601,0
D05602,P05602,1
D05603,P05603,0
D05604,P05604,1
D05605,P05605,0
D05606,P05606,1
D05607,P05607,0
D05608,P05608,1
D05609,P05609,0
D05610,P05610,1
D05611,P05611,0
D05612,P05612,1
D05613,P05613,0
D05614,P05614,1
D05615,P05615,0
D05616,P05616,1
D05617,P05617,0
D05618,P05618,1
D05619,P05619,0
D05620,P05620,1
D05621,P05621,0
D05622,P05622,1
D05623,P05623,0
D05624,P05624,1
D05625,P05625,0
D05626,P05626,1
D05627,P05627,0
D05628,P05628,1
D05629,P05629,0
D05630,P05630,1
D05631,P05631,0
D05632,P05632,1
D05633,P05633,0
D05634,P05634,1
D05635,P05635,0
D05636,P05636,1
D05637,P05637,0
D05638,P05638,1
D05639,P05639,0
D05640,P05640,1
D05641,P05641,0
D05642,P05642,1
D05643,P05643,0
D05644,P05644,1
D05645,P05645,0
D05646,P05646,1
D05647,P05647,0
D05648,P05648,1
D05649,P05649,0
D05650,P05650,1
D05651,P05651,0
D05652,P05652,1
D05653,P05653,0
D05654,P05654,1
D05655,P05655,0
D05656,P05656,1
D05657,P05657,0
D05658,P05658,1
D05659,P05659,0
D05660,P05660,1
D05661,P05661,0
D05662,P05662,1
D05663,P05663,0
D05664,P05664,1
D05665,P05665,0
D05666,P05666,1
D05667,P05667,0
D05668,P05668,1
D05669,P05669,0
D05670,P05670,1
D05671,P05671,0
D05672,P05672,1
D05673,P05673,0
D05674,P05674,1
D05675,P05675,0
D05676,P05676,1
D05677,P05677,0
D05678,P05678,1
D05679,P05679,0
D05680,P05680,1
D05681,P05681,0
D05682,P05682,1
D05683,P05683,0
D05684,P05684,1
D05685,P05685,0
D05686,P05686,1
D05687,P05687,0
D05688,P05688,1
D05689,P05689,0
D05690,P05690,1
D05691,P05691,0
D05692,P05692,1
D05693,P05693,0
D05694,P05694,1
D05695,P05695,0
D05696,P05696,1
D05697,P05697,0
D05698,P05698,1
D05699,P05699,0
D05700,P05700,1
D05701,P05701,0
D05702,P05702,1
D05703,P05703,0
D05704,P05704,1
D05705,P05705,0
D05706,P05706,1
D05707,P05707,0
D05708,P05708,1
D05709,P05709,0
D05710,P05710,1
D05711,P05711,0
D05712,P05712,1
D05713,P05713,0
D05714,P05714,1
D05715,P05715,0
D05716,P05716,1
D05717,P05717,0
D05718,P05718,1
D05719,P05719,0
D05720,P05720,1
D05721,P05721,0
D05722,P05722,1
D05723,P05723,0
D05724,P05724,1
D05725,P05725,0
D05726,P05726,1
D05727,P05727,0
D05728,P05728,1
D05729,P05729,0
D05730,P05730,1
D05731,P05731,0
D05732,P05732,1
D05733,P05733,0
D05734,P05734,1
D05735,P05735,0
D05736,P05736,1
D05737,P05737,0
D05738,P05738,1
D05739,P05739,0
D05740,P05740,1
D05741,P05741,0
D05742,P05742,1
D05743,P05743,0
D05744,P05744,1
D05745,P05745,0
D05746,P05746,1
D05747,P05747,0
D05748,P05748,1
D05749,P05749,0
D05750,P05750,1
D05751,P05751,0
D05752,P05752,1
D05753,P05753,0
D05754,P05754,1
D05755,P05755,0
D05756,P05756,1
D05757,P05757,0
D05758,P05758,1
D05759,P05759,0
D05760,P05760,1
D05761,P05761,0
D05762,P05762,1
D05763,P05763,0
D05764,P05764,1
D05765,P05765,0
D05766,P05766,1
D05767,P05767,0
D05768,P05768,1
D05769,P05769,0
D05770,P05770,1
D05771,P05771,0
D05772,P05772,1
D05773,P05773,0
D05774,P05774,1
D05775,P05775,0
D05776,P05776,1
D05777,P05777,0
D05778,P05778,1
D05779,P05779,0
D05780,P05780,1
D05781,P05781,0
D05782,P05782,1
D05783,P05783,0
D05784,P05784,1
D05785,P05785,0
D05786,P05786,1
D05787,P05787,0
D05788,P05788,1
D05789,P05789,0
D05790,P05790,1
D05791,P05791,0
D05792,P05792,1
D05793,P05793,0
D05794,P05794,1
D05795,P05795,0
D05796,P05796,1
D05797,P05797,0
D05798,P05798,1
D05799,P05799,0
D05800,P05800,1
D05801,P05801,0
D05802,P05802,1
D05803,P05803,0
D05804,P05804,1
D05805,P05805,0
D05806,P05806,1
D05807,P05807,0
D05808,P05808,1
D05809,P05809,0
D05810,P05810,1
D05811,P05811,0
D05812,P05812,1
D05813,P05813,0
D05814,P05814,1
D05815,P05815,0
D05816,P05816,1
D05817,P05817,0
D05818,P05818,1
D05819,P05819,0
D05820,P05820,1
D05821,P05821,0
D05822,P05822,1
D05823,P05823,0
D05824,P05824,1
D05825,P05825,0
D05826,P05826,1
D05827,P05827,0
D05828,P05828,1
D05829,P05829,0
D05830,P05830,1
D05831,P05831,0
D05832,P05832,1
D05833,P05833,0
D05834,P05834,1
D05835,P05835,0
D05836,P05836,1
D05837,P05837,0
D05838,P05838,1
D05839,P05839,0
D05840,P05840,1
D05841,P05841,0
D05842,P05842,1
D05843,P05843,0
D05844,P05844,1
D05845,P05845,0
D05846,P05846,1
D05847,P05847,0
D05848,P05848,1
D05849,P05849,0
D05850,P05850,1
D05851,P05851,0
D05852,P05852,1
D05853,P05853,0
D05854,P05854,1
D05855,P05855,0
D05856,P05856,1
D05857,P05857,0
D05858,P05858,1
D05859,P05859,0
D05860,P05860,1
D05861,P05861,0
D05862,P05862,1
D05863,P05863,0
D05864,P05864,1
D05865,P05865,0
D05866,P05866,1
D05867,P05867,0
D05868,P05868,1
D05869,P05869,0
D05870,P05870,1
D05871,P05871,0
D05872,P05872,1
D05873,P05873,0
D05874,P05874,1
D05875,P05875,0
D05876,P05876,1
D05877,P05877,0
D05878,P05878,1
D05879,P05879,0
D05880,P05880,1
D05881,P05881,0
D05882,P05882,1
D05883,P05883,0
D05884,P05884,1
D05885,P05885,0
D05886,P05886,1
D05887,P05887,0
D05888,P05888,1
D05889,P05889,0
D05890,P05890,1
D05891,P05891,0
D05892,P05892,1
D05893,P05893,1
D05894,P05894,0
D05895,P05895,1
D05896,P05896,0
D05897,P05897,1
D05898,P05898,0
D05899,P05899,1
D05900,P05900,0
D05901,P05901,1
D05902,P05902,0
D05903,P05903,1
D05904,P05904,0
D05905,P05905,1
D05906,P05906,0
D05907,P05907,1
D05908,P05908,0
D05909,P05909,1
D05910,P05910,0
D05911,P05911,1
D05912,P05912,0
D05913,P05913,1
D05914,P05914,0
D05915,P05915,1
D05916,P05916,0
D05917,P05917,1
D05918,P05918,0
D05919,P05919,1
D05920,P05920,0
D05921,P05921,1
D05922,P05922,0
D05923,P05923,1
D05924,P05924,0
D05925,P05925,1
D05926,P05926,0
D05927,P05927,1
D05928,P05928,0
D05929,P05929,1
D05930,P05930,0
D05931,P05931,1
D05932,P05932,0
D05933,P05933,1
D05934,P05934,0
D05935,P05935,1
D05936,P05936,0
D05937,P05937,1
D05938,P05938,0
D05939,P05939,1
D05940,P05940,0
D05941,P05941,1
D05942,P05942,0
D05943,P05943,1
D05944,P05944,0
D05945,P05945,1
D05946,P05946,0
D05947,P05947,1
D05948,P05948,0
D05949,P05949,1
D05950,P05950,0
D05951,P05951,1
D05952,P05952,0
D05953,P05953,1
D05954,P05954,0
D05955,P05955,1
D05956,P05956,0
D05957,P05957,1
D05958,P05958,0
D05959,P05959,1
D05960,P05960,0
D05961,P05961,1
D05962,P05962,0
D05963,P05963,1
D05964,P05964,0
D05965,P05965,1
D05966,P05966,0
D05967,P05967,1
D05968,P05968,0
D05969,P05969,1
D05970,P05970,0
D05971,P05971,1
D05972,P05972,0
D05973,P05973,1
D05974,P05974,0
D05975,P05975,1
D05976,P05976,0
D05977,P05977,1
D05978,P05978,0
D05979,P05979,1
D05980,P05980,0
D05981,P05981,1
D05982,P05982,0
D05983,P05983,1
D05984,P05984,0
D05985,P05985,1
D05986,P05986,0
D05987,P05987,1
D05988,P05988,0
D05989,P05989,1
D05990,P05990,0
D05991,P05991,1
D05992,P05992,0
D05993,P05993,1
D05994,P05994,0
D05995,P05995,1
D05996,P05996,0
D05997,P05997,1
D05998,P05998,0
D05999,P05999,1
D06000,P06000,0
D06001,P06001,1
D06002,P06002,0
D06003,P06003,1
D06004,P06004,0
D06005,P06005,1
D06006,P06006,0
D06007,P06007,1
D06008,P06008,0
D06009,P06009,1
D06010,P06010,0
D06011,P06011,1
D06012,P06012,0
D06013,P06013,1
D06014,P06014,0
D06015,P06015,1
D06016,P06016,0
D06017,P06017,1
D06018,P06018,0
D06019,P06019,1
D06020,P06020,0
D06021,P06021,1
D06022,P06022,0
D06023,P06023,1
D06024,P06024,0
D06025,P06025,1
D06026,P06026,0
D06027,P06027,1
D06028,P06028,0
D06029,P06029,1
D06030,P06030,0
D06031,P06031,1
D06032,P06032,0
D06033,P06033,1
D06034,P06034,0
D06035,P06035,1
D06036,P06036,0
D06037,P06037,1
D06038,P06038,0
D06039,P06039,1
D06040,P06040,0
D06041,P06041,1
D06042,P06042,0
D06043,P06043,1
D06044,P06044,0
D06045,P06045,1
D06046,P06046,0
D06047,P06047,1
D06048,P06048,0
D06049,P06049,1
D06050,P06050,0
D06051,P06051,1
D06052,P06052,0
D06053,P06053,1
D06054,P06054,0
D06055,P06055,1
D06056,P06056,0
D06057,P06057,1
D06058,P06058,0
D06059,P06059,1
D06060,P06060,0
D06061,P06061,1
D06062,P06062,0
D06063,P06063,1
D06064,P06064,0
D06065,P06065,1
D06066,P06066,0
D06067,P06067,1
D06068,P06068,0
D06069,P06069,1
D06070,P06070,0
D06071,P06071,1
D06072,P06072,0
D06073,P06073,1
D06074,P06074,0
D06075,P06075,1
D06076,P06076,0
D06077,P06077,1
D06078,P06078,0
D06079,P06079,1
D06080,P06080,1
D06081,P06081,0
D06082,P06082,1
D06083,P06083,0
D06084,P06084,1
D06085,P06085,0
D06086,P06086,1
D06087,P06087,0
D06088,P06088,1
D06089,P06089,0
D06090,P06090,1
D06091,P06091,0
D06092,P06092,1
D06093,P06093,0
D06094,P06094,1
D06095,P06095,0
D06096,P06096,1
D06097,P06097,0
D06098,P06098,1
D06099,P06099,0
D06100,P06100,1
D06101,P06101,0
D06102,P06102,1
D06103,P06103,0
D06104,P06104,1
D06105,P06105,0
D06106,P06106,1
D06107,P06107,0
D06108,P06108,1
D06109,P06109,0
D06110,P06110,1
D06111,P06111,0
D06112,P06112,1
D06113,P06113,0
D06114,P06114,1
D06115,P06115,0
D06116,P06116,1
D06117,P06117,0
D06118,P06118,1
D06119,P06119,0
D06120,P06120,1
D06121,P06121,0
D06122,P06122,1
D06123,P06123,0
D06124,P06124,1
D06125,P06125,0
D06126,P06126,1
D06127,P06127,0
D06128,P06128,1
D06129,P06129,0
D06130,P06130,1
D06131,P06131,0
D06132,P06132,1
D06133,P06133,0
D06134,P06134,1
D06135,P06135,0
D06136,P06136,1
D06137,P06137,0
D06138,P06138,1
D06139,P06139,0
D06140,P06140,1
D06141,P06141,0
D06142,P06142,1
D06143,P06143,0
D06144,P06144,1
D06145,P06145,0
D06146,P06146,1
D06147,P06147,0
D06148,P06148,1
D06149,P06149,0
D06150,P06150,1
D06151,P06151,0
D06152,P06152,1
D06153,P06153,0
D06154,P06154,1
D06155,P06155,0
D06156,P06156,1
D06157,P06157,0
D06158,P06158,1
D06159,P06159,0
D06160,P06160,1
D06161,P06161,0
D06162,P06162,1
D06163,P06163,0
D06164,P06164,1
D06165,P06165,0
D06166,P06166,1
D06167,P06167,0
D06168,P06168,1
D06169,P06169,0
D06170,P06170,1
D06171,P06171,0
D06172,P06172,1
D06173,P06173,0
D06174,P06174,1
D06175,P06175,0
D06176,P06176,1
D06177,P06177,0
D06178,P06178,1
D06179,P06179,0
D06180,P06180,1
D06181,P06181,0
D06182,P06182,1
D06183,P06183,0
D06184,P06184,1
D06185,P06185,0
D06186,P06186,1
D06187,P06187,0
D06188,P06188,1
D06189,P06189,0
D06190,P06190,1
D06191,P06191,0
D06192,P06192,1
D06193,P06193,0
D06194,P06194,1
D06195,P06195,0
D06196,P06196,1
D06197,P06197,0
D06198,P06198,1
D06199,P06199,0
D06200,P06200,1
D06201,P06201,0
D06202,P06202,1
D06203,P06203,0
D06204,P06204,1
D06205,P06205,0
D06206,P06206,1
D06207,P06207,0
D06208,P06208,1
D06209,P06209,0
D06210,P06210,1
D06211,P06211,0
D06212,P06212,1
D06213,P06213,0
D06214,P06214,1
D06215,P06215,0
D06216,P06216,1
D06217,P06217,0
D06218,P06218,1
D06219,P06219,0
D06220,P06220,1
D06221,P06221,0
D06222,P06222,1
D06223,P06223,0
D06224,P06224,1
D06225,P06225,0
D06226,P06226,1
D06227,P06227,0
D06228,P06228,1
D06229,P06229,0
D06230,P06230,1
D06231,P06231,0
D06232,P06232,1
D06233,P06233,0
D06234,P06234,1
D06235,P06235,0
D06236,P06236,1
D06237,P06237,0
D06238,P06238,1
D06239,P06239,0
D06240,P06240,1
D06241,P06241,0
D06242,P06242,1
D06243,P06243,0
D06244,P06244,1
D06245,P06245,0
D06246,P06246,1
D06247,P06247,0
D06248,P06248,1
D06249,P06249,0
D06250,P06250,1
D06251,P06251,0
D06252,P06252,1
D06253,P06253,0
D06254,P06254,1
D06255,P06255,0
D06256,P06256,1
D06257,P06257,0
D06258,P06258,1
D06259,P06259,1
D06260,P06260,0
D06261,P06261,1
D06262,P06262,0
D06263,P06263,1
D06264,P06264,0
D06265,P06265,1
D06266,P06266,0
D06267,P06267,1
D06268,P06268,0
D06269,P06269,1
D06270,P06270,0
D06271,P06271,1
D06272,P06272,0
D06273,P06273,1
D06274,P06274,0
D06275,P06275,1
D06276,P06276,0
D06277,P06277,1
D06278,P06278,0
D06279,P06279,1
D06280,P06280,0
D06281,P06281,1
D06282,P06282,0
D06283,P06283,1
D06284,P06284,0
D06285,P06285,1
D06286,P06286,0
D06287,P06287,1
D06288,P06288,0
D06289,P06289,1
D06290,P06290,0
D06291,P06291,1
D06292,P06292,0
D06293,P06293,1
D06294,P06294,0
D06295,P06295,1
D06296,P06296,0
D06297,P06297,1
D06298,P06298,0
D06299,P06299,1
D06300,P06300,0
D06301,P06301,1
D06302,P06302,0
D06303,P06303,0
D06304,P06304,1
D06305,P06305,0
D06306,P06306,1
D06307,P06307,0
D06308,P06308,1
D06309,P06309,0
D06310,P06310,1
D06311,P06311,0
D06312,P06312,1
D06313,P06313,0
D06314,P06314,1
D06315,P06315,0
D06316,P06316,1
D06317,P06317,0
D06318,P06318,1
D06319,P06319,0
D06320,P06320,1
D06321,P06321,0
D06322,P06322,1
D06323,P06323,0
D06324,P06324,1
D06325,P06325,0
D06326,P06326,1
D06327,P06327,0
D06328,P06328,1
D06329,P06329,0
D06330,P06330,1
D06331,P06331,0
D06332,P06332,1
D06333,P06333,0
D06334,P06334,1
D06335,P06335,0
D06336,P06336,1
D06337,P06337,0
D06338,P06338,1
D06339,P06339,0
D06340,P06340,1
D06341,P06341,0
D06342,P06342,1
D06343,P06343,0
D06344,P06344,1
D06345,P06345,0
D06346,P06346,1
D06347,P06347,0
D06348,P06348,1
D06349,P06349,0
D06350,P06350,1
D06351,P06351,0
D06352,P06352,1
D06353,P06353,0
D06354,P06354,1
D06355,P06355,0
D06356,P06356,1
D06357,P06357,0
D06358,P06358,1
D06359,P06359,0
D06360,P06360,1
D06361,P06361,0
D06362,P06362,1
D06363,P06363,0
D06364,P06364,1
D06365,P06365,0
D06366,P06366,1
D06367,P06367,0
D06368,P06368,1
D06369,P06369,0
D06370,P06370,1
D06371,P06371,0
D06372,P06372,1
D06373,P06373,0
D06374,P06374,1
D06375,P06375,0
D06376,P06376,1
D06377,P06377,0
D06378,P06378,1
D06379,P06379,0
D06380,P06380,1
D06381,P06381,0
D06382,P06382,1
D06383,P06383,0
D06384,P06384,1
D06385,P06385,0
D06386,P06386,1
D06387,P06387,0
D06388,P06388,1
D06389,P06389,0
D06390,P06390,1
D06391,P06391,0
D06392,P06392,1
D06393,P06393,0
D06394,P06394,1
D06395,P06395,0
D06396,P06396,1
D06397,P06397,0
D06398,P06398,1
D06399,P06399,0
D06400,P06400,1
D06401,P06401,0
D06402,P06402,1
D06403,P06403,0
D06404,P06404,1
D06405,P06405,0
D06406,P06406,1
D06407,P06407,0
D06408,P06408,1
D06409,P06409,0
D06410,P06410,1
D06411,P06411,0
D06412,P06412,1
D06413,P06413,0
D06414,P06414,1
D06415,P06415,0
D06416,P06416,1
D06417,P06417,0
D06418,P06418,1
D06419,P06419,0
D06420,P06420,1
D06421,P06421,0
D06422,P06422,1
D06423,P06423,0
D06424,P06424,1
D06425,P06425,0
D06426,P06426,1
D06427,P06427,0
D06428,P06428,1
D06429,P06429,0
D06430,P06430,1
D06431,P06431,0
D06432,P06432,1
D06433,P06433,0
D06434,P06434,1
D06435,P06435,0
D06436,P06436,1
D06437,P06437,0
D06438,P06438,1
D06439,P06439,0
D06440,P06440,1
D06441,P06441,0
D06442,P06442,1
D06443,P06443,0
D06444,P06444,1
D06445,P06445,0
D06446,P06446,1
D06447,P06447,0
D06448,P06448,1
D06449,P06449,0
D06450,P06450,1
D06451,P06451,0
D06452,P06452,1
D06453,P06453,0
D06454,P06454,1
D06455,P06455,0
D06456,P06456,1
D06457,P06457,0
D06458,P06458,1
D06459,P06459,0
D06460,P06460,1
D06461,P06461,0
D06462,P06462,1
D06463,P06463,0
D06464,P06464,1
D06465,P06465,0
D06466,P06466,1
D06467,P06467,0
D06468,P06468,1
D06469,P06469,0
D06470,P06470,1
D06471,P06471,0
D06472,P06472,1
D06473,P06473,0
D06474,P06474,1
D06475,P06475,0
D06476,P06476,1
D06477,P06477,0
D06478,P06478,1
D06479,P06479,0
D06480,P06480,1
D06481,P06481,0
D06482,P06482,1
D06483,P06483,0
D06484,P06484,1
D06485,P06485,0
D06486,P06486,1
D06487,P06487,0
D06488,P06488,1
D06489,P06489,0
D06490,P06490,1
D06491,P06491,0
D06492,P06492,1
D06493,P06493,0
D06494,P06494,1
D06495,P06495,0
D06496,P06496,1
D06497,P06497,0
D06498,P06498,1
D06499,P06499,0
D06500,P06500,1
D06501,P06501,0
D06502,P06502,1
D06503,P06503,0
D06504,P06504,1
D06505,P06505,0
D06506,P06506,1
D06507,P06507,0
D06508,P06508,1
D06509,P06509,0
D06510,P06510,1
D06511,P06511,0
D06512,P06512,1
D06513,P06513,0
D06514,P06514,1
D06515,P06515,0
D06516,P06516,1
D06517,P06517,0
D06518,P06518,1
D06519,P06519,0
D06520,P06520,1
D06521,P06521,0
D06522,P06522,1
D06523,P06523,0
D06524,P06524,1
D06525,P06525,1
D06526,P06526,0
D06527,P06527,1
D06528,P06528,0
D06529,P06529,1
D06530,P06530,0
D06531,P06531,1
D06532,P06532,0
D06533,P06533,1
D06534,P06534,0
D06535,P06535,1
D06536,P06536,0
D06537,P06537,1
D06538,P06538,0
D06539,P06539,1
D06540,P06540,0
D06541,P06541,1
D06542,P06542,0
D06543,P06543,1
D06544,P06544,0
D06545,P06545,1
D06546,P06546,0
D06547,P06547,1
D06548,P06548,0
D06549,P06549,1
D06550,P06550,0
D06551,P06551,1
D06552,P06552,0
D06553,P06553,1
D06554,P06554,0
D06555,P06555,1
D06556,P06556,0
D06557,P06557,1
D06558,P06558,0
D06559,P06559,1
D06560,P06560,0
D06561,P06561,1
D06562,P06562,0
D06563,P06563,1
D06564,P06564,0
D06565,P06565,1
D06566,P06566,0
D06567,P06567,1
D06568,P06568,0
D06569,P06569,1
D06570,P06570,0
D06571,P06571,1
D06572,P06572,0
D06573,P06573,1
D06574,P06574,0
D06575,P06575,1
D06576,P06576,0
D06577,P06577,1
D06578,P06578,0
D06579,P06579,1
D06580,P06580,0
D06581,P06581,1
D06582,P06582,0
D06583,P06583,1
D06584,P06584,0
D06585,P06585,1
D06586,P06586,0
D06587,P06587,1
D06588,P06588,0
D06589,P06589,1
D06590,P06590,0
D06591,P06591,1
D06592,P06592,0
D06593,P06593,1
D06594,P06594,0
D06595,P06595,1
D06596,P06596,0
D06597,P06597,1
D06598,P06598,0
D06599,P06599,1
D06600,P06600,0
D06601,P06601,1
D06602,P06602,0
D06603,P06603,1
D06604,P06604,0
D06605,P06605,1
D06606,P06606,0
D06607,P06607,1
D06608,P06608,0
D06609,P06609,1
D06610,P06610,0
D06611,P06611,1
D06612,P06612,0
D06613,P06613,1
D06614,P06614,0
D06615,P06615,1
D06616,P06616,0
D06617,P06617,1
D06618,P06618,0
D06619,P06619,1
D06620,P06620,0
D06621,P06621,1
D06622,P06622,0
D06623,P06623,1
D06624,P06624,0
D06625,P06625,1
D06626,P06626,0
D06627,P06627,1
D06628,P06628,0
D06629,P06629,1
D06630,P06630,0
D06631,P06631,1
D06632,P06632,0
D06633,P06633,1
D06634,P06634,0
D06635,P06635,1
D06636,P06636,0
D06637,P06637,1
D06638,P06638,1
D06639,P06639,0
D06640,P06640,1
D06641,P06641,0
D06642,P06642,1
D06643,P06643,0
D06644,P06644,1
D06645,P06645,0
D06646,P06646,1
D06647,P06647,0
D06648,P06648,1
D06649,P06649,0
D06650,P06650,1
D06651,P06651,0
D06652,P06652,1
D06653,P06653,1
D06654,P06654,0
D06655,P06655,1
D06656,P06656,0
D06657,P06657,1
D06658,P06658,0
D06659,P06659,1
D06660,P06660,0
D06661,P06661,1
D06662,P06662,0
D06663,P06663,1
D06664,P06664,0
D06665,P06665,1
D06666,P06666,0
D06667,P06667,1
D06668,P06668,0
D06669,P06669,1
D06670,P06670,0
D06671,P06671,1
D06672,P06672,0
D06673,P06673,1
D06674,P06674,0
D06675,P06675,1
D06676,P06676,0
D06677,P06677,1
D06678,P06678,0
D06679,P06679,1
D06680,P06680,0
D06681,P06681,1
D06682,P06682,0
D06683,P06683,1
D06684,P06684,0
D06685,P06685,1
D06686,P06686,0
D06687,P06687,1
D06688,P06688,0
D06689,P06689,1
D06690,P06690,0
D06691,P06691,1
D06692,P06692,0
D06693,P06693,1
D06694,P06694,0
D06695,P06695,1
D06696,P06696,0
D06697,P06697,1
D06698,P06698,0
D06699,P06699,1
D06700,P06700,0
D06701,P06701,1
D06702,P06702,0
D06703,P06703,1
D06704,P06704,0
D06705,P06705,1
D06706,P06706,0
D06707,P06707,1
D06708,P06708,0
D06709,P06709,1
D06710,P06710,0
D06711,P06711,1
D06712,P06712,0
D06713,P06713,1
D06714,P06714,0
D06715,P06715,1
D06716,P06716,0
D06717,P06717,1
D06718,P06718,0
D06719,P06719,1
D06720,P06720,0
D06721,P06721,1
D06722,P06722,0
D06723,P06723,1
D06724,P06724,0
D06725,P06725,1
D06726,P06726,0
D06727,P06727,1
D06728,P06728,0
D06729,P06729,1
D06730,P06730,0
D06731,P06731,1
D06732,P06732,0
D06733,P06733,1
D06734,P06734,0
D06735,P06735,1
D06736,P06736,0
D06737,P06737,1
D06738,P06738,0
D06739,P06739,1
D06740,P06740,0
D06741,P06741,1
D06742,P06742,1
D06743,P06743,0
D06744,P06744,1
D06745,P06745,0
D06746,P06746,1
D06747,P06747,0
D06748,P06748,1
D06749,P06749,0
D06750,P06750,1
D06751,P06751,0
D06752,P06752,1
D06753,P06753,0
D06754,P06754,1
D06755,P06755,0
D06756,P06756,1
D06757,P06757,0
D06758,P06758,1
D06759,P06759,0
D06760,P06760,1
D06761,P06761,0
D06762,P06762,1
D06763,P06763,0
D06764,P06764,1
D06765,P06765,0
D06766,P06766,1
D06767,P06767,0
D06768,P06768,1
D06769,P06769,0
D06770,P06770,1
D06771,P06771,0
D06772,P06772,1
D06773,P06773,0
D06774,P06774,1
D06775,P06775,0
D06776,P06776,1
D06777,P06777,0
D06778,P06778,1
D06779,P06779,0
D06780,P06780,1
D06781,P06781,0
D06782,P06782,1
D06783,P06783,0
D06784,P06784,1
D06785,P06785,0
D06786,P06786,1
D06787,P06787,0
D06788,P06788,1
D06789,P06789,0
D06790,P06790,1
D06791,P06791,0
D06792,P06792,1
D06793,P06793,0
D06794,P06794,1
D06795,P06795,0
D06796,P06796,1
D06797,P06797,0
D06798,P06798,1
D06799,P06799,0
D06800,P06800,1
D06801,P06801,0
D06802,P06802,1
D06803,P06803,0
D06804,P06804,1
D06805,P06805,0
D06806,P06806,1
D06807,P06807,0
D06808,P06808,1
D06809,P06809,0
D06810,P06810,1
D06811,P06811,0
D06812,P06812,1
D06813,P06813,0
D06814,P06814,1
D06815,P06815,0
D06816,P06816,1
D06817,P06817,0
D06818,P06818,1
D06819,P06819,0
D06820,P06820,1
D06821,P06821,0
D06822,P06822,1
D06823,P06823,0
D06824,P06824,1
D06825,P06825,0
D06826,P06826,1
D06827,P06827,0
D06828,P06828,1
D06829,P06829,0
D06830,P06830,1
D06831,P06831,0
D06832,P06832,1
D06833,P06833,0
D06834,P06834,1
D06835,P06835,0
D06836,P06836,1
D06837,P06837,0
D06838,P06838,1
D06839,P06839,0
D06840,P06840,1
D06841,P06841,0
D06842,P06842,1
D06843,P06843,0
D06844,P06844,1
D06845,P06845,0
D06846,P06846,1
D06847,P06847,0
D06848,P06848,0
D06849,P06849,1
D06850,P06850,0
D06851,P06851,1
D06852,P06852,0
D06853,P06853,1
D06854,P06854,0
D06855,P06855,1
D06856,P06856,0
D06857,P06857,1
D06858,P06858,0
D06859,P06859,1
D06860,P06860,0
D06861,P06861,1
D06862,P06862,0
D06863,P06863,1
D06864,P06864,0
D06865,P06865,1
D06866,P06866,0
D06867,P06867,1
D06868,P06868,0
D06869,P06869,1
D06870,P06870,0
D06871,P06871,1
D06872,P06872,0
D06873,P06873,1
D06874,P06874,0
D06875,P06875,1
D06876,P06876,0
D06877,P06877,1
D06878,P06878,0
D06879,P06879,1
D06880,P06880,0
D06881,P06881,1
D06882,P06882,0
D06883,P06883,1
D06884,P06884,0
D06885,P06885,1
D06886,P06886,0
D06887,P06887,1
D06888,P06888,0
D06889,P06889,1
D06890,P06890,0
D06891,P06891,1
D06892,P06892,0
D06893,P06893,1
D06894,P06894,0
D06895,P06895,1
D06896,P06896,0
D06897,P06897,1
D06898,P06898,0
D06899,P06899,1
D06900,P06900,0
D06901,P06901,1
D06902,P06902,0
D06903,P06903,1
D06904,P06904,0
D06905,P06905,1
D06906,P06906,0
D06907,P06907,1
D06908,P06908,0
D06909,P06909,1
D06910,P06910,0
D06911,P06911,1
D06912,P06912,0
D06913,P06913,1
D06914,P06914,0
D06915,P06915,1
D06916,P06916,0
D06917,P06917,1
D06918,P06918,0
D06919,P06919,1
D06920,P06920,0
D06921,P06921,1
D06922,P06922,0
D06923,P06923,1
D06924,P06924,0
D06925,P06925,1
D06926,P06926,0
D06927,P06927,1
D06928,P06928,0
D06929,P06929,1
D06930,P06930,0
D06931,P06931,1
D06932,P06932,0
D06933,P06933,1
D06934,P06934,0
D06935,P06935,1
D06936,P06936,0
D06937,P06937,1
D06938,P06938,0
D06939,P06939,1
D06940,P06940,0
D06941,P06941,1
D06942,P06942,0
D06943,P06943,1
D06944,P06944,0
D06945,P06945,1
D06946,P06946,0
D06947,P06947,1
D06948,P06948,0
D06949,P06949,1
D06950,P06950,0
D06951,P06951,1
D06952,P06952,0
D06953,P06953,1
D06954,P06954,0
D06955,P06955,1
D06956,P06956,0
D06957,P06957,1
D06958,P06958,0
D06959,P06959,1
D06960,P06960,0
D06961,P06961,1
D06962,P06962,0
D06963,P06963,1
D06964,P06964,0
D06965,P06965,1
D06966,P06966,0
D06967,P06967,1
D06968,P06968,0
D06969,P06969,1
D06970,P06970,0
D06971,P06971,1
D06972,P06972,0
D06973,P06973,1
D06974,P06974,0
D06975,P06975,1
D06976,P06976,0
D06977,P06977,1
D06978,P06978,0
D06979,P06979,1
D06980,P06980,0
D06981,P06981,1
D06982,P06982,0
D06983,P06983,1
D06984,P06984,0
D06985,P06985,1
D06986,P06986,0
D06987,P06987,1
D06988,P06988,0
D06989,P06989,1
D06990,P06990,0
D06991,P06991,1
D06992,P06992,0
D06993,P06993,1
D06994,P06994,0
D06995,P06995,1
D06996,P06996,0
D06997,P06997,1
D06998,P06998,0
D06999,P06999,1
D07000,P07000,0
D07001,P07001,1
D07002,P07002,0
D07003,P07003,1
D07004,P07004,0
D07005,P07005,1
D07006,P07006,0
D07007,P07007,1
D07008,P07008,0
D07009,P07009,1
D07010,P07010,0
D07011,P07011,1
D07012,P07012,0
D07013,P07013,1
D07014,P07014,0
D07015,P07015,1
D07016,P07016,0
D07017,P07017,1
D07018,P07018,0
D07019,P07019,1
D07020,P07020,0
D07021,P07021,1
D07022,P07022,0
D07023,P07023,1
D07024,P07024,0
D07025,P07025,1
D07026,P07026,0
D07027,P07027,1
D07028,P07028,0
D07029,P07029,1
D07030,P07030,0
D07031,P07031,1
D07032,P07032,0
D07033,P07033,1
D07034,P07034,0
D07035,P07035,1
D07036,P07036,0
D07037,P07037,1
D07038,P07038,0
D07039,P07039,1
D07040,P07040,0
D07041,P07041,1
D07042,P07042,0
D07043,P07043,1
D07044,P07044,1
D07045,P07045,0
D07046,P07046,1
D07047,P07047,0
D07048,P07048,1
D07049,P07049,0
D07050,P07050,1
D07051,P07051,0
D07052,P07052,1
D07053,P07053,0
D07054,P07054,1
D07055,P07055,0
D07056,P07056,1
D07057,P07057,0
D07058,P07058,1
D07059,P07059,0
D07060,P07060,1
D07061,P07061,0
D07062,P07062,1
D07063,P07063,0
D07064,P07064,1
D07065,P07065,0
D07066,P07066,1
D07067,P07067,0
D07068,P07068,1
D07069,P07069,0
D07070,P07070,1
D07071,P07071,0
D07072,P07072,1
D07073,P07073,0
D07074,P07074,1
D07075,P07075,0
D07076,P07076,1
D07077,P07077,0
D07078,P07078,1
D07079,P07079,0
D07080,P07080,1
D07081,P07081,0
D07082,P07082,1
D07083,P07083,0
D07084,P07084,1
D07085,P07085,0
D07086,P07086,1
D07087,P07087,0
D07088,P07088,1
D07089,P07089,0
D07090,P07090,1
D07091,P07091,0
D07092,P07092,1
D07093,P07093,0
D07094,P07094,1
D07095,P07095,0
D07096,P07096,1
D07097,P07097,0
D07098,P07098,1
D07099,P07099,0
D07100,P07100,1
D07101,P07101,0
D07102,P07102,1
D07103,P07103,0
D07104,P07104,1
D07105,P07105,0
D07106,P07106,1
D07107,P07107,0
D07108,P07108,1
D07109,P07109,0
D07110,P07110,1
D07111,P07111,0
D07112,P07112,1
D07113,P07113,0
D07114,P07114,1
D07115,P07115,0
D07116,P07116,1
D07117,P07117,0
D07118,P07118,1
D07119,P07119,0
D07120,P07120,1
D07121,P07121,0
D07122,P07122,1
D07123,P07123,0
D07124,P07124,1
D07125,P07125,0
D07126,P07126,1
D07127,P07127,0
D07128,P07128,1
D07129,P07129,0
D07130,P07130,1
D07131,P07131,0
D07132,P07132,1
D07133,P07133,0
D07134,P07134,1
D07135,P07135,0
D07136,P07136,1
D07137,P07137,1
D07138,P07138,0
D07139,P07139,1
D07140,P07140,0
D07141,P07141,1
D07142,P07142,0
D07143,P07143,1
D07144,P07144,0
D07145,P07145,1
D07146,P07146,0
D07147,P07147,1
D07148,P07148,0
D07149,P07149,1
D07150,P07150,0
D07151,P07151,1
D07152,P07152,0
D07153,P07153,1
D07154,P07154,0
D07155,P07155,1
D07156,P07156,0
D07157,P07157,1
D07158,P07158,0
D07159,P07159,1
D07160,P07160,0
D07161,P07161,1
D07162,P07162,0
D07163,P07163,1
D07164,P07164,0
D07165,P07165,1
D07166,P07166,0
D07167,P07167,1
D07168,P07168,0
D07169,P07169,1
D07170,P07170,0
D07171,P07171,1
D07172,P07172,0
D07173,P07173,1
D07174,P07174,0
D07175,P07175,1
D07176,P07176,0
D07177,P07177,1
D07178,P07178,0
D07179,P07179,1
D07180,P07180,0
D07181,P07181,1
D07182,P07182,0
D07183,P07183,1
D07184,P07184,0
D07185,P07185,1
D07186,P07186,0
D07187,P07187,1
D07188,P07188,1
D07189,P07189,0
D07190,P07190,1
D07191,P07191,0
D07192,P07192,1
D07193,P07193,0
D07194,P07194,1
D07195,P07195,0
D07196,P07196,1
D07197,P07197,0
D07198,P07198,1
D07199,P07199,0
D07200,P07200,1
D07201,P07201,0
D07202,P07202,1
D07203,P07203,0
D07204,P07204,1
D07205,P07205,0
D07206,P07206,0
D07207,P07207,1
D07208,P07208,0
D07209,P07209,1
D07210,P07210,0
D07211,P07211,1
D07212,P07212,0
D07213,P07213,1
D07214,P07214,0
D07215,P07215,1
D07216,P07216,0
D07217,P07217,1
D07218,P07218,0
D07219,P07219,1
D07220,P07220,0
D07221,P07221,1
D07222,P07222,0
D07223,P07223,1
D07224,P07224,0
D07225,P07225,1
D07226,P07226,0
D07227,P07227,1
D07228,P07228,0
D07229,P07229,1
D07230,P07230,0
D07231,P07231,1
D07232,P07232,0
D07233,P07233,1
D07234,P07234,0
D07235,P07235,1
D07236,P07236,0
D07237,P07237,1
D07238,P07238,0
D07239,P07239,1
D07240,P07240,0
D07241,P07241,1
D07242,P07242,0
D07243,P07243,1
D07244,P07244,0
D07245,P07245,1
D07246,P07246,0
D07247,P07247,1
D07248,P07248,0
D07249,P07249,1
D07250,P07250,0
D07251,P07251,1
D07252,P07252,0
D07253,P07253,1
D07254,P07254,0
D07255,P07255,1
D07256,P07256,0
D07257,P07257,1
D07258,P07258,0
D07259,P07259,1
D07260,P07260,0
D07261,P07261,1
D07262,P07262,0
D07263,P07263,1
D07264,P07264,0
D07265,P07265,1
D07266,P07266,0
D07267,P07267,1
D07268,P07268,0
D07269,P07269,1
D07270,P07270,0
D07271,P07271,1
D07272,P07272,0
D07273,P07273,1
D07274,P07274,0
D07275,P07275,1
D07276,P07276,0
D07277,P07277,1
D07278,P07278,0
D07279,P07279,1
D07280,P07280,0
D07281,P07281,1
D07282,P07282,0
D07283,P07283,1
D07284,P07284,0
D07285,P07285,1
D07286,P07286,0
D07287,P07287,1
D07288,P07288,0
D07289,P07289,1
D07290,P07290,0
D07291,P07291,1
D07292,P07292,1
D07293,P07293,0
D07294,P07294,1
D07295,P07295,0
D07296,P07296,1
D07297,P07297,0
D07298,P07298,1
D07299,P07299,0
D07300,P07300,1
D07301,P07301,0
D07302,P07302,1
D07303,P07303,0
D07304,P07304,1
D07305,P07305,0
D07306,P07306,1
D07307,P07307,0
D07308,P07308,1
D07309,P07309,0
D07310,P07310,1
D07311,P07311,0
D07312,P07312,1
D07313,P07313,0
D07314,P07314,1
D07315,P07315,0
D07316,P07316,1
D07317,P07317,0
D07318,P07318,1
D07319,P07319,0
D07320,P07320,1
D07321,P07321,0
D07322,P07322,1
D07323,P07323,0
D07324,P07324,1
D07325,P07325,0
D07326,P07326,1
D07327,P07327,0
D07328,P07328,1
D07329,P07329,0
D07330,P07330,1
D07331,P07331,0
D07332,P07332,1
D07333,P07333,0
D07334,P07334,1
D07335,P07335,0
D07336,P07336,1
D07337,P07337,0
D07338,P07338,1
D07339,P07339,0
D07340,P07340,1
D07341,P07341,0
D07342,P07342,1
D07343,P07343,0
D07344,P07344,1
D07345,P07345,0
D07346,P07346,1
D07347,P07347,0
D07348,P07348,1
D07349,P07349,0
D07350,P07350,1
D07351,P07351,0
D07352,P07352,1
D07353,P07353,0
D07354,P07354,1
D07355,P07355,0
D07356,P07356,1
D07357,P07357,0
D07358,P07358,1
D07359,P07359,0
D07360,P07360,1
D07361,P07361,0
D07362,P07362,1
D07363,P07363,0
D07364,P07364,1
D07365,P07365,0
D07366,P07366,1
D07367,P07367,0
D07368,P07368,1
D07369,P07369,0
D07370,P07370,1
D07371,P07371,0
D07372,P07372,1
D07373,P07373,0
D07374,P07374,1
D07375,P07375,0
D07376,P07376,1
D07377,P07377,0
D07378,P07378,1
D07379,P07379,0
D07380,P07380,1
D07381,P07381,0
D07382,P07382,1
D07383,P07383,0
D07384,P07384,1
D07385,P07385,0
D07386,P07386,1
D07387,P07387,0
D07388,P07388,1
D07389,P07389,0
D07390,P07390,1
D07391,P07391,0
D07392,P07392,1
D07393,P07393,0
D07394,P07394,1
D07395,P07395,0
D07396,P07396,1
D07397,P07397,0
D07398,P07398,1
D07399,P07399,0
D07400,P07400,1
D07401,P07401,0
D07402,P07402,1
D07403,P07403,0
D07404,P07404,1
D07405,P07405,0
D07406,P07406,1
D07407,P07407,0
D07408,P07408,1
D07409,P07409,0
D07410,P07410,1
D07411,P07411,0
D07412,P07412,1
D07413,P07413,0
D07414,P07414,1
D07415,P07415,0
D07416,P07416,1
D07417,P07417,1
D07418,P07418,0
D07419,P07419,1
D07420,P07420,0
D07421,P07421,1
D07422,P07422,0
D07423,P07423,1
D07424,P07424,0
D07425,P07425,1
D07426,P07426,0
D07427,P07427,1
D07428,P07428,0
D07429,P07429,1
D07430,P07430,0
D07431,P07431,1
D07432,P07432,0
D07433,P07433,1
D07434,P07434,0
D07435,P07435,1
D07436,P07436,0
D07437,P07437,1
D07438,P07438,0
D07439,P07439,1
D07440,P07440,0
D07441,P07441,1
D07442,P07442,0
D07443,P07443,1
D07444,P07444,0
D07445,P07445,1
D07446,P07446,0
D07447,P07447,1
D07448,P07448,0
D07449,P07449,1
D07450,P07450,0
D07451,P07451,1
D07452,P07452,0
D07453,P07453,1
D07454,P07454,0
D07455,P07455,1
D07456,P07456,1
D07457,P07457,0
D07458,P07458,1
D07459,P07459,0
D07460,P07460,0
D07461,P07461,1
D07462,P07462,0
D07463,P07463,1
D07464,P07464,0
D07465,P07465,1
D07466,P07466,0
D07467,P07467,1
D07468,P07468,0
D07469,P07469,1
D07470,P07470,0
D07471,P07471,1
D07472,P07472,0
D07473,P07473,1
D07474,P07474,0
D07475,P07475,1
D07476,P07476,0
D07477,P07477,1
D07478,P07478,0
D07479,P07479,1
D07480,P07480,0
D07481,P07481,1
D07482,P07482,0
D07483,P07483,1
D07484,P07484,0
D07485,P07485,1
D07486,P07486,0
D07487,P07487,1
D07488,P07488,0
D07489,P07489,1
D07490,P07490,0
D07491,P07491,1
D07492,P07492,0
D07493,P07493,1
D07494,P07494,0
D07495,P07495,1
D07496,P07496,0
D07497,P07497,1
D07498,P07498,0
D07499,P07499,1
D07500,P07500,0
D07501,P07501,1
D07502,P07502,0
D07503,P07503,1
D07504,P07504,0
D07505,P07505,1
D07506,P07506,0
D07507,P07507,1
D07508,P07508,0
D07509,P07509,0
D07510,P07510,1
D07511,P07511,0
D07512,P07512,1
D07513,P07513,0
D07514,P07514,1
D07515,P07515,0
D07516,P07516,1
D07517,P07517,0
D07518,P07518,1
D07519,P07519,0
D07520,P07520,1
D07521,P07521,0
D07522,P07522,1
D07523,P07523,0
D07524,P07524,1
D07525,P07525,0
D07526,P07526,1
D07527,P07527,0
D07528,P07528,1
D07529,P07529,0
D07530,P07530,1
D07531,P07531,0
D07532,P07532,1
D07533,P07533,0
D07534,P07534,1
D07535,P07535,0
D07536,P07536,1
D07537,P07537,0
D07538,P07538,1
D07539,P07539,0
D07540,P07540,1
D07541,P07541,0
D07542,P07542,1
D07543,P07543,0
D07544,P07544,1
D07545,P07545,0
D07546,P07546,1
D07547,P07547,0
D07548,P07548,1
D07549,P07549,0
D07550,P07550,1
D07551,P07551,0
D07552,P07552,1
D07553,P07553,0
D07554,P07554,1
D07555,P07555,0
D07556,P07556,1
D07557,P07557,0
D07558,P07558,1
D07559,P07559,0
D07560,P07560,1
D07561,P07561,0
D07562,P07562,1
D07563,P07563,0
D07564,P07564,1
D07565,P07565,0
D07566,P07566,1
D07567,P07567,0
D07568,P07568,1
D07569,P07569,0
D07570,P07570,1
D07571,P07571,0
D07572,P07572,1
D07573,P07573,0
D07574,P07574,1
D07575,P07575,0
D07576,P07576,1
D07577,P07577,0
D07578,P07578,1
D07579,P07579,0
D07580,P07580,1
D07581,P07581,0
D07582,P07582,1
D07583,P07583,0
D07584,P07584,1
D07585,P07585,0
D07586,P07586,1
D07587,P07587,0
D07588,P07588,1
D07589,P07589,0
D07590,P07590,1
D07591,P07591,0
D07592,P07592,1
D07593,P07593,0
D07594,P07594,1
D07595,P07595,0
D07596,P07596,1
D07597,P07597,0
D07598,P07598,1
D07599,P07599,0
D07600,P07600,1
D07601,P07601,0
D07602,P07602,1
D07603,P07603,0
D07604,P07604,1
D07605,P07605,0
D07606,P07606,1
D07607,P07607,0
D07608,P07608,1
D07609,P07609,0
D07610,P07610,1
D07611,P07611,0
D07612,P07612,1
D07613,P07613,0
D07614,P07614,1
D07615,P07615,0
D07616,P07616,1
D07617,P07617,0
D07618,P07618,1
D07619,P07619,0
D07620,P07620,1
D07621,P07621,0
D07622,P07622,1
D07623,P07623,0
D07624,P07624,1
D07625,P07625,0
D07626,P07626,1
D07627,P07627,0
D07628,P07628,1
D07629,P07629,0
D07630,P07630,1
D07631,P07631,0
D07632,P07632,1
D07633,P07633,0
D07634,P07634,1
D07635,P07635,0
D07636,P07636,1
D07637,P07637,0
D07638,P07638,1
D07639,P07639,0
D07640,P07640,1
D07641,P07641,0
D07642,P07642,1
D07643,P07643,0
D07644,P07644,1
D07645,P07645,0
D07646,P07646,1
D07647,P07647,0
D07648,P07648,1
D07649,P07649,0
D07650,P07650,1
D07651,P07651,0
D07652,P07652,1
D07653,P07653,0
D07654,P07654,1
D07655,P07655,0
D07656,P07656,1
D07657,P07657,0
D07658,P07658,1
D07659,P07659,0
D07660,P07660,1
D07661,P07661,0
D07662,P07662,1
D07663,P07663,0
D07664,P07664,1
D07665,P07665,0
D07666,P07666,1
D07667,P07667,0
D07668,P07668,1
D07669,P07669,0
D07670,P07670,1
D07671,P07671,0
D07672,P07672,1
D07673,P07673,0
D07674,P07674,1
D07675,P07675,0
D07676,P07676,1
D07677,P07677,0
D07678,P07678,1
D07679,P07679,0
D07680,P07680,1
D07681,P07681,0
D07682,P07682,1
D07683,P07683,0
D07684,P07684,1
D07685,P07685,0
D07686,P07686,1
D07687,P07687,0
D07688,P07688,1
D07689,P07689,0
D07690,P07690,1
D07691,P07691,0
D07692,P07692,1
D07693,P07693,0
D07694,P07694,1
D07695,P07695,0
D07696,P07696,1
D07697,P07697,0
D07698,P07698,1
D07699,P07699,0
D07700,P07700,1
D07701,P07701,0
D07702,P07702,1
D07703,P07703,0
D07704,P07704,1
D07705,P07705,0
D07706,P07706,1
D07707,P07707,0
D07708,P07708,1
D07709,P07709,0
D07710,P07710,1
D07711,P07711,0
D07712,P07712,1
D07713,P07713,0
D07714,P07714,1
D07715,P07715,0
D07716,P07716,1
D07717,P07717,0
D07718,P07718,1
D07719,P07719,0
D07720,P07720,1
D07721,P07721,0
D07722,P07722,1
D07723,P07723,0
D07724,P07724,1
D07725,P07725,0
D07726,P07726,1
D07727,P07727,0
D07728,P07728,1
D07729,P07729,0
D07730,P07730,1
D07731,P07731,0
D07732,P07732,1
D07733,P07733,0
D07734,P07734,0
D07735,P07735,1
D07736,P07736,0
D07737,P07737,1
D07738,P07738,0
D07739,P07739,1
D07740,P07740,0
D07741,P07741,1
D07742,P07742,0
D07743,P07743,1
D07744,P07744,0
D07745,P07745,1
D07746,P07746,0
D07747,P07747,1
D07748,P07748,0
D07749,P07749,1
D07750,P07750,0
D07751,P07751,1
D07752,P07752,0
D07753,P07753,1
D07754,P07754,0
D07755,P07755,1
D07756,P07756,0
D07757,P07757,1
D07758,P07758,0
D07759,P07759,1
D07760,P07760,0
D07761,P07761,1
D07762,P07762,0
D07763,P07763,1
D07764,P07764,0
D07765,P07765,1
D07766,P07766,0
D07767,P07767,1
D07768,P07768,0
D07769,P07769,1
D07770,P07770,0
D07771,P07771,1
D07772,P07772,0
D07773,P07773,1
D07774,P07774,0
D07775,P07775,1
D07776,P07776,0
D07777,P07777,1
D07778,P07778,0
D07779,P07779,1
D07780,P07780,0
D07781,P07781,1
D07782,P07782,0
D07783,P07783,1
D07784,P07784,0
D07785,P07785,1
D07786,P07786,0
D07787,P07787,1
D07788,P07788,0
D07789,P07789,1
D07790,P07790,0
D07791,P07791,1
D07792,P07792,0
D07793,P07793,1
D07794,P07794,0
D07795,P07795,1
D07796,P07796,0
D07797,P07797,1
D07798,P07798,0
D07799,P07799,1
D07800,P07800,0
D07801,P07801,1
D07802,P07802,0
D07803,P07803,1
D07804,P07804,0
D07805,P07805,1
D07806,P07806,0
D07807,P07807,1
D07808,P07808,0
D07809,P07809,1
D07810,P07810,0
D07811,P07811,0
D07812,P07812,1
D07813,P07813,0
D07814,P07814,1
D07815,P07815,0
D07816,P07816,1
D07817,P07817,0
D07818,P07818,1
D07819,P07819,0
D07820,P07820,1
D07821,P07821,0
D07822,P07822,1
D07823,P07823,0
D07824,P07824,1
D07825,P07825,0
D07826,P07826,1
D07827,P07827,0
D07828,P07828,1
D07829,P07829,0
D07830,P07830,1
D07831,P07831,0
D07832,P07832,1
D07833,P07833,0
D07834,P07834,1
D07835,P07835,0
D07836,P07836,1
D07837,P07837,0
D07838,P07838,1
D07839,P07839,0
D07840,P07840,1
D07841,P07841,0
D07842,P07842,1
D07843,P07843,0
D07844,P07844,1
D07845,P07845,0
D07846,P07846,1
D07847,P07847,0
D07848,P07848,1
D07849,P07849,0
D07850,P07850,1
D07851,P07851,0
D07852,P07852,1
D07853,P07853,0
D07854,P07854,1
D07855,P07855,0
D07856,P07856,1
D07857,P07857,0
D07858,P07858,1
D07859,P07859,0
D07860,P07860,1
D07861,P07861,0
D07862,P07862,1
D07863,P07863,0
D07864,P07864,1
D07865,P07865,0
D07866,P07866,1
D07867,P07867,0
D07868,P07868,1
D07869,P07869,0
D07870,P07870,1
D07871,P07871,0
D07872,P07872,1
D07873,P07873,0
D07874,P07874,1
D07875,P07875,0
D07876,P07876,1
D07877,P07877,0
D07878,P07878,1
D07879,P07879,0
D07880,P07880,1
D07881,P07881,0
D07882,P07882,1
D07883,P07883,0
D07884,P07884,1
D07885,P07885,0
D07886,P07886,1
D07887,P07887,0
D07888,P07888,1
D07889,P07889,0
D07890,P07890,1
D07891,P07891,0
D07892,P07892,1
D07893,P07893,0
D07894,P07894,1
D07895,P07895,0
D07896,P07896,1
D07897,P07897,0
D07898,P07898,1
D07899,P07899,0
D07900,P07900,1
D07901,P07901,0
D07902,P07902,1
D07903,P07903,0
D07904,P07904,1
D07905,P07905,0
D07906,P07906,1
D07907,P07907,0
D07908,P07908,1
D07909,P07909,0
D07910,P07910,1
D07911,P07911,0
D07912,P07912,1
D07913,P07913,0
D07914,P07914,1
D07915,P07915,0
D07916,P07916,1
D07917,P07917,0
D07918,P07918,1
D07919,P07919,0
D07920,P07920,1
D07921,P07921,0
D07922,P07922,1
D07923,P07923,0
D07924,P07924,1
D07925,P07925,0
D07926,P07926,1
D07927,P07927,0
D07928,P07928,1
D07929,P07929,0
D07930,P07930,1
D07931,P07931,0
D07932,P07932,1
D07933,P07933,0
D07934,P07934,1
D07935,P07935,0
D07936,P07936,1
D07937,P07937,0
D07938,P07938,1
D07939,P07939,0
D07940,P07940,1
D07941,P07941,0
D07942,P07942,1
D07943,P07943,0
D07944,P07944,1
D07945,P07945,0
D07946,P07946,1
D07947,P07947,0
D07948,P07948,1
D07949,P07949,0
D07950,P07950,1
D07951,P07951,0
D07952,P07952,1
D07953,P07953,0
D07954,P07954,1
D07955,P07955,0
D07956,P07956,1
D07957,P07957,0
D07958,P07958,1
D07959,P07959,0
D07960,P07960,1
D07961,P07961,0
D07962,P07962,1
D07963,P07963,0
D07964,P07964,1
D07965,P07965,0
D07966,P07966,1
D07967,P07967,0
D07968,P07968,1
D07969,P07969,0
D07970,P07970,1
D07971,P07971,0
D07972,P07972,1
D07973,P07973,0
D07974,P07974,1
D07975,P07975,0
D07976,P07976,1
D07977,P07977,0
D07978,P07978,1
D07979,P07979,0
D07980,P07980,1
D07981,P07981,0
D07982,P07982,1
D07983,P07983,0
D07984,P07984,1
D07985,P07985,0
D07986,P07986,1
D07987,P07987,0
D07988,P07988,1
D07989,P07989,0
D07990,P07990,1
D07991,P07991,0
D07992,P07992,1
D07993,P07993,0
D07994,P07994,1
D07995,P07995,0
D07996,P07996,1
D07997,P07997,0
D07998,P07998,1
D07999,P07999,0
D08000,P08000,1
D08001,P08001,0
D08002,P08002,1
D08003,P08003,0
D08004,P08004,1
D08005,P08005,0
D08006,P08006,1
D08007,P08007,0
D08008,P08008,1
D08009,P08009,0
D08010,P08010,1
D08011,P08011,0
D08012,P08012,1
D08013,P08013,0
D08014,P08014,1
D08015,P08015,0
D08016,P08016,1
D08017,P08017,0
D08018,P08018,1
D08019,P08019,0
D08020,P08020,1
D08021,P08021,0
D08022,P08022,1
D08023,P08023,0
D08024,P08024,1
D08025,P08025,0
D08026,P08026,1
D08027,P08027,0
D08028,P08028,1
D08029,P08029,0
D08030,P08030,1
D08031,P08031,0
D08032,P08032,1
D08033,P08033,0
D08034,P08034,1
D08035,P08035,0
D08036,P08036,1
D08037,P08037,0
D08038,P08038,1
D08039,P08039,0
D08040,P08040,1
D08041,P08041,0
D08042,P08042,1
D08043,P08043,0
D08044,P08044,1
D08045,P08045,0
D08046,P08046,1
D08047,P08047,0
D08048,P08048,1
D08049,P08049,0
D08050,P08050,1
D08051,P08051,0
D08052,P08052,1
D08053,P08053,0
D08054,P08054,1
D08055,P08055,0
D08056,P08056,1
D08057,P08057,0
D08058,P08058,1
D08059,P08059,0
D08060,P08060,1
D08061,P08061,0
D08062,P08062,1
D08063,P08063,0
D08064,P08064,1
D08065,P08065,0
D08066,P08066,1
D08067,P08067,0
D08068,P08068,1
D08069,P08069,0
D08070,P08070,1
D08071,P08071,0
D08072,P08072,1
D08073,P08073,0
D08074,P08074,1
D08075,P08075,0
D08076,P08076,1
D08077,P08077,0
D08078,P08078,1
D08079,P08079,0
D08080,P08080,1
D08081,P08081,0
D08082,P08082,1
D08083,P08083,0
D08084,P08084,1
D08085,P08085,0
D08086,P08086,1
D08087,P08087,0
D08088,P08088,1
D08089,P08089,0
D08090,P08090,1
D08091,P08091,0
D08092,P08092,1
D08093,P08093,0
D08094,P08094,1
D08095,P08095,0
D08096,P08096,1
D08097,P08097,0
D08098,P08098,1
D08099,P08099,0
D08100,P08100,1
D08101,P08101,0
D08102,P08102,1
D08103,P08103,0
D08104,P08104,1
D08105,P08105,0
D08106,P08106,1
D08107,P08107,0
D08108,P08108,1
D08109,P08109,0
D08110,P08110,1
D08111,P08111,0
D08112,P08112,1
D08113,P08113,0
D08114,P08114,1
D08115,P08115,0
D08116,P08116,1
D08117,P08117,0
D08118,P08118,1
D08119,P08119,1
D08120,P08120,0
D08121,P08121,1
D08122,P08122,0
D08123,P08123,1
D08124,P08124,0
D08125,P08125,1
D08126,P08126,0
D08127,P08127,1
D08128,P08128,0
D08129,P08129,1
D08130,P08130,0
D08131,P08131,1
D08132,P08132,0
D08133,P08133,1
D08134,P08134,0
D08135,P08135,1
D08136,P08136,0
D08137,P08137,1
D08138,P08138,0
D08139,P08139,1
D08140,P08140,0
D08141,P08141,1
D08142,P08142,0
D08143,P08143,1
D08144,P08144,0
D08145,P08145,1
D08146,P08146,0
D08147,P08147,1
D08148,P08148,0
D08149,P08149,1
D08150,P08150,0
D08151,P08151,1
D08152,P08152,0
D08153,P08153,1
D08154,P08154,0
D08155,P08155,1
D08156,P08156,0
D08157,P08157,1
D08158,P08158,0
D08159,P08159,1
D08160,P08160,0
D08161,P08161,1
D08162,P08162,0
D08163,P08163,1
D08164,P08164,0
D08165,P08165,1
D08166,P08166,0
D08167,P08167,1
D08168,P08168,1
D08169,P08169,0
D08170,P08170,1
D08171,P08171,0
D08172,P08172,1
D08173,P08173,0
D08174,P08174,1
D08175,P08175,0
D08176,P08176,1
D08177,P08177,0
D08178,P08178,1
D08179,P08179,0
D08180,P08180,1
D08181,P08181,0
D08182,P08182,1
D08183,P08183,0
D08184,P08184,1
D08185,P08185,0
D08186,P08186,1
D08187,P08187,0
D08188,P08188,1
D08189,P08189,0
D08190,P08190,1
D08191,P08191,0
D08192,P08192,1
D08193,P08193,0
D08194,P08194,1
D08195,P08195,0
D08196,P08196,1
D08197,P08197,0
D08198,P08198,1
D08199,P08199,0
D08200,P08200,1
D08201,P08201,0
D08202,P08202,1
D08203,P08203,0
D08204,P08204,1
D08205,P08205,0
D08206,P08206,1
D08207,P08207,0
D08208,P08208,1
D08209,P08209,0
D08210,P08210,1
D08211,P08211,0
D08212,P08212,1
D08213,P08213,0
D08214,P08214,1
D08215,P08215,0
D08216,P08216,1
D08217,P08217,0
D08218,P08218,1
D08219,P08219,0
D08220,P08220,1
D08221,P08221,0
D08222,P08222,1
D08223,P08223,0
D08224,P08224,1
D08225,P08225,0
D08226,P08226,1
D08227,P08227,0
D08228,P08228,1
D08229,P08229,0
D08230,P08230,1
D08231,P08231,0
D08232,P08232,1
D08233,P08233,0
D08234,P08234,1
D08235,P08235,0
D08236,P08236,1
D08237,P08237,0
D08238,P08238,1
D08239,P08239,0
D08240,P08240,1
D08241,P08241,0
D08242,P08242,1
D08243,P08243,0
D08244,P08244,1
D08245,P08245,0
D08246,P08246,1
D08247,P08247,0
D08248,P08248,1
D08249,P08249,0
D08250,P08250,1
D08251,P08251,0
D08252,P08252,1
D08253,P08253,0
D08254,P08254,1
D08255,P08255,0
D08256,P08256,1
D08257,P08257,0
D08258,P08258,1
D08259,P08259,0
D08260,P08260,1
D08261,P08261,0
D08262,P08262,1
D08263,P08263,0
D08264,P08264,1
D08265,P08265,0
D08266,P08266,1
D08267,P08267,0
D08268,P08268,1
D08269,P08269,0
D08270,P08270,1
D08271,P08271,0
D08272,P08272,1
D08273,P08273,0
D08274,P08274,1
D08275,P08275,0
D08276,P08276,1
D08277,P08277,0
D08278,P08278,1
D08279,P08279,0
D08280,P08280,1
D08281,P08281,0
D08282,P08282,1
D08283,P08283,0
D08284,P08284,1
D08285,P08285,0
D08286,P08286,1
D08287,P08287,0
D08288,P08288,1
D08289,P08289,0
D08290,P08290,1
D08291,P08291,0
D08292,P08292,1
D08293,P08293,0
D08294,P08294,0
D08295,P08295,1
D08296,P08296,0
D08297,P08297,1
D08298,P08298,0
D08299,P08299,1
D08300,P08300,0
D08301,P08301,1
D08302,P08302,0
D08303,P08303,1
D08304,P08304,1
D08305,P08305,0
D08306,P08306,1
D08307,P08307,0
D08308,P08308,1
D08309,P08309,0
D08310,P08310,1
D08311,P08311,0
D08312,P08312,1
D08313,P08313,0
D08314,P08314,1
D08315,P08315,0
D08316,P08316,1
D08317,P08317,0
D08318,P08318,1
D08319,P08319,0
D08320,P08320,1
D08321,P08321,0
D08322,P08322,1
D08323,P08323,0
D08324,P08324,1
D08325,P08325,0
D08326,P08326,1
D08327,P08327,0
D08328,P08328,1
D08329,P08329,0
D08330,P08330,1
D08331,P08331,0
D08332,P08332,1
D08333,P08333,0
D08334,P08334,1
D08335,P08335,0
D08336,P08336,1
D08337,P08337,0
D08338,P08338,1
D08339,P08339,0
D08340,P08340,1
D08341,P08341,0
D08342,P08342,1
D08343,P08343,0
D08344,P08344,1
D08345,P08345,0
D08346,P08346,1
D08347,P08347,0
D08348,P08348,1
D08349,P08349,0
D08350,P08350,1
D08351,P08351,0
D08352,P08352,1
D08353,P08353,0
D08354,P08354,1
D08355,P08355,0
D08356,P08356,1
D08357,P08357,0
D08358,P08358,1
D08359,P08359,0
D08360,P08360,1
D08361,P08361,0
D08362,P08362,1
D08363,P08363,0
D08364,P08364,1
D08365,P08365,0
D08366,P08366,1
D08367,P08367,0
D08368,P08368,1
D08369,P08369,0
D08370,P08370,1
D08371,P08371,0
D08372,P08372,1
D08373,P08373,0
D08374,P08374,1
D08375,P08375,0
D08376,P08376,1
D08377,P08377,0
D08378,P08378,1
D08379,P08379,0
D08380,P08380,1
D08381,P08381,0
D08382,P08382,1
D08383,P08383,0
D08384,P08384,1
D08385,P08385,0
D08386,P08386,1
D08387,P08387,0
D08388,P08388,1
D08389,P08389,0
D08390,P08390,1
D08391,P08391,0
D08392,P08392,1
D08393,P08393,0
D08394,P08394,1
D08395,P08395,0
D08396,P08396,1
D08397,P08397,0
D08398,P08398,1
D08399,P08399,0
D08400,P08400,1
D08401,P08401,0
D08402,P08402,1
D08403,P08403,0
D08404,P08404,1
D08405,P08405,0
D08406,P08406,1
D08407,P08407,0
D08408,P08408,1
D08409,P08409,0
D08410,P08410,1
D08411,P08411,1
D08412,P08412,0
D08413,P08413,1
D08414,P08414,0
D08415,P08415,1
D08416,P08416,0
D08417,P08417,1
D08418,P08418,0
D08419,P08419,1
D08420,P08420,0
D08421,P08421,1
D08422,P08422,0
D08423,P08423,1
D08424,P08424,0
D08425,P08425,1
D08426,P08426,0
D08427,P08427,1
D08428,P08428,0
D08429,P08429,1
D08430,P08430,0
D08431,P08431,1
D08432,P08432,0
D08433,P08433,1
D08434,P08434,1
D08435,P08435,0
D08436,P08436,1
D08437,P08437,0
D08438,P08438,1
D08439,P08439,0
D08440,P08440,1
D08441,P08441,0
D08442,P08442,1
D08443,P08443,0
D08444,P08444,1
D08445,P08445,0
D08446,P08446,1
D08447,P08447,0
D08448,P08448,1
D08449,P08449,0
D08450,P08450,1
D08451,P08451,0
D08452,P08452,1
D08453,P08453,0
D08454,P08454,1
D08455,P08455,0
D08456,P08456,1
D08457,P08457,0
D08458,P08458,1
D08459,P08459,0
D08460,P08460,1
D08461,P08461,0
D08462,P08462,1
D08463,P08463,0
D08464,P08464,1
D08465,P08465,0
D08466,P08466,1
D08467,P08467,0
D08468,P08468,1
D08469,P08469,0
D08470,P08470,1
D08471,P08471,0
D08472,P08472,1
D08473,P08473,0
D08474,P08474,1
D08475,P08475,0
D08476,P08476,1
D08477,P08477,0
D08478,P08478,1
D08479,P08479,0
D08480,P08480,1
D08481,P08481,0
D08482,P08482,1
D08483,P08483,0
D08484,P08484,1
D08485,P08485,0
D08486,P08486,1
D08487,P08487,0
D08488,P08488,1
D08489,P08489,0
D08490,P08490,1
D08491,P08491,0
D08492,P08492,1
D08493,P08493,0
D08494,P08494,1
D08495,P08495,0
D08496,P08496,1
D08497,P08497,0
D08498,P08498,1
D08499,P08499,0
D08500,P08500,1
D08501,P08501,0
D08502,P08502,1
D08503,P08503,0
D08504,P08504,1
D08505,P08505,0
D08506,P08506,1
D08507,P08507,0
D08508,P08508,1
D08509,P08509,0
D08510,P08510,1
D08511,P08511,0
D08512,P08512,1
D08513,P08513,0
D08514,P08514,1
D08515,P08515,0
D08516,P08516,1
D08517,P08517,0
D08518,P08518,1
D08519,P08519,0
D08520,P08520,1
D08521,P08521,0
D08522,P08522,1
D08523,P08523,0
D08524,P08524,1
D08525,P08525,0
D08526,P08526,1
D08527,P08527,0
D08528,P08528,1
D08529,P08529,0
D08530,P08530,1
D08531,P08531,0
D08532,P08532,1
D08533,P08533,0
D08534,P08534,1
D08535,P08535,0
D08536,P08536,1
D08537,P08537,0
D08538,P08538,1
D08539,P08539,0
D08540,P08540,1
D08541,P08541,0
D08542,P08542,1
D08543,P08543,0
D08544,P08544,1
D08545,P08545,0
D08546,P08546,1
D08547,P08547,0
D08548,P08548,1
D08549,P08549,0
D08550,P08550,1
D08551,P08551,0
D08552,P08552,1
D08553,P08553,0
D08554,P08554,1
D08555,P08555,0
D08556,P08556,1
D08557,P08557,0
D08558,P08558,1
D08559,P08559,0
D08560,P08560,1
D08561,P08561,0
D08562,P08562,1
D08563,P08563,0
D08564,P08564,1
D08565,P08565,0
D08566,P08566,1
D08567,P08567,0
D08568,P08568,1
D08569,P08569,0
D08570,P08570,1
D08571,P08571,0
D08572,P08572,1
D08573,P08573,0
D08574,P08574,1
D08575,P08575,0
D08576,P08576,1
D08577,P08577,0
D08578,P08578,1
D08579,P08579,0
D08580,P08580,1
D08581,P08581,0
D08582,P08582,1
D08583,P08583,0
D08584,P08584,1
D08585,P08585,0
D08586,P08586,1
D08587,P08587,0
D08588,P08588,1
D08589,P08589,0
D08590,P08590,1
D08591,P08591,0
D08592,P08592,1
D08593,P08593,0
D08594,P08594,0
D08595,P08595,1
D08596,P08596,0
D08597,P08597,1
D08598,P08598,0
D08599,P08599,1
D08600,P08600,0
D08601,P08601,1
D08602,P08602,0
D08603,P08603,1
D08604,P08604,0
D08605,P08605,1
D08606,P08606,0
D08607,P08607,1
D08608,P08608,0
D08609,P08609,1
D08610,P08610,0
D08611,P08611,1
D08612,P08612,0
D08613,P08613,1
D08614,P08614,0
D08615,P08615,1
D08616,P08616,0
D08617,P08617,1
D08618,P08618,0
D08619,P08619,1
D08620,P08620,0
D08621,P08621,1
D08622,P08622,0
D08623,P08623,1
D08624,P08624,0
D08625,P08625,1
D08626,P08626,0
D08627,P08627,1
D08628,P08628,0
D08629,P08629,1
D08630,P08630,0
D08631,P08631,1
D08632,P08632,0
D08633,P08633,1
D08634,P08634,0
D08635,P08635,1
D08636,P08636,0
D08637,P08637,1
D08638,P08638,0
D08639,P08639,1
D08640,P08640,0
D08641,P08641,1
D08642,P08642,0
D08643,P08643,1
D08644,P08644,0
D08645,P08645,1
D08646,P08646,0
D08647,P08647,1
D08648,P08648,0
D08649,P08649,1
D08650,P08650,0
D08651,P08651,1
D08652,P08652,0
D08653,P08653,1
D08654,P08654,0
D08655,P08655,1
D08656,P08656,0
D08657,P08657,1
D08658,P08658,0
D08659,P08659,1
D08660,P08660,0
D08661,P08661,1
D08662,P08662,0
D08663,P08663,1
D08664,P08664,0
D08665,P08665,1
D08666,P08666,0
D08667,P08667,1
D08668,P08668,0
D08669,P08669,1
D08670,P08670,0
D08671,P08671,1
D08672,P08672,0
D08673,P08673,1
D08674,P08674,0
D08675,P08675,1
D08676,P08676,0
D08677,P08677,1
D08678,P08678,0
D08679,P08679,1
D08680,P08680,0
D08681,P08681,1
D08682,P08682,0
D08683,P08683,1
D08684,P08684,0
D08685,P08685,1
D08686,P08686,0
D08687,P08687,1
D08688,P08688,0
D08689,P08689,1
D08690,P08690,0
D08691,P08691,1
D08692,P08692,0
D08693,P08693,1
D08694,P08694,0
D08695,P08695,1
D08696,P08696,0
D08697,P08697,1
D08698,P08698,0
D08699,P08699,1
D08700,P08700,0
D08701,P08701,1
D08702,P08702,0
D08703,P08703,1
D08704,P08704,0
D08705,P08705,1
D08706,P08706,0
D08707,P08707,1
D08708,P08708,0
D08709,P08709,1
D08710,P08710,0
D08711,P08711,1
D08712,P08712,0
D08713,P08713,1
D08714,P08714,0
D08715,P08715,1
D08716,P08716,0
D08717,P08717,1
D08718,P08718,0
D08719,P08719,1
D08720,P08720,0
D08721,P08721,1
D08722,P08722,0
D08723,P08723,1
D08724,P08724,0
D08725,P08725,1
D08726,P08726,0
D08727,P08727,1
D08728,P08728,0
D08729,P08729,1
D08730,P08730,0
D08731,P08731,1
D08732,P08732,0
D08733,P08733,1
D08734,P08734,0
D08735,P08735,1
D08736,P08736,0
D08737,P08737,1
D08738,P08738,0
D08739,P08739,1
D08740,P08740,0
D08741,P08741,1
D08742,P08742,0
D08743,P08743,1
D08744,P08744,0
D08745,P08745,1
D08746,P08746,0
D08747,P08747,1
D08748,P08748,0
D08749,P08749,1
D08750,P08750,0
D08751,P08751,1
D08752,P08752,0
D08753,P08753,1
D08754,P08754,0
D08755,P08755,1
D08756,P08756,0
D08757,P08757,1
D08758,P08758,0
D08759,P08759,1
D08760,P08760,0
D08761,P08761,1
D08762,P08762,0
D08763,P08763,1
D08764,P08764,0
D08765,P08765,1
D08766,P08766,0
D08767,P08767,1
D08768,P08768,0
D08769,P08769,1
D08770,P08770,0
D08771,P08771,1
D08772,P08772,0
D08773,P08773,1
D08774,P08774,0
D08775,P08775,1
D08776,P08776,0
D08777,P08777,1
D08778,P08778,0
D08779,P08779,1
D08780,P08780,0
D08781,P08781,1
D08782,P08782,0
D08783,P08783,1
D08784,P08784,0
D08785,P08785,1
D08786,P08786,0
D08787,P08787,1
D08788,P08788,0
D08789,P08789,1
D08790,P08790,0
D08791,P08791,1
D08792,P08792,0
D08793,P08793,1
D08794,P08794,0
D08795,P08795,1
D08796,P08796,0
D08797,P08797,1
D08798,P08798,0
D08799,P08799,1
D08800,P08800,0
D08801,P08801,0
D08802,P08802,1
D08803,P08803,0
D08804,P08804,1
D08805,P08805,0
D08806,P08806,1
D08807,P08807,0
D08808,P08808,1
D08809,P08809,0
D08810,P08810,1
D08811,P08811,0
D08812,P08812,1
D08813,P08813,0
D08814,P08814,1
D08815,P08815,0
D08816,P08816,1
D08817,P08817,0
D08818,P08818,1
D08819,P08819,0
D08820,P08820,1
D08821,P08821,0
D08822,P08822,1
D08823,P08823,0
D08824,P08824,1
D08825,P08825,0
D08826,P08826,1
D08827,P08827,0
D08828,P08828,1
D08829,P08829,0
D08830,P08830,1
D08831,P08831,0
D08832,P08832,1
D08833,P08833,0
D08834,P08834,1
D08835,P08835,0
D08836,P08836,1
D08837,P08837,0
D08838,P08838,1
D08839,P08839,0
D08840,P08840,1
D08841,P08841,0
D08842,P08842,1
D08843,P08843,0
D08844,P08844,1
D08845,P08845,0
D08846,P08846,1
D08847,P08847,0
D08848,P08848,1
D08849,P08849,0
D08850,P08850,1
D08851,P08851,0
D08852,P08852,1
D08853,P08853,0
D08854,P08854,1
D08855,P08855,0
D08856,P08856,1
D08857,P08857,0
D08858,P08858,1
D08859,P08859,0
D08860,P08860,1
D08861,P08861,0
D08862,P08862,1
D08863,P08863,0
D08864,P08864,1
D08865,P08865,0
D08866,P08866,1
D08867,P08867,0
D08868,P08868,1
D08869,P08869,0
D08870,P08870,1
D08871,P08871,0
D08872,P08872,1
D08873,P08873,0
D08874,P08874,1
D08875,P08875,0
D08876,P08876,1
D08877,P08877,0
D08878,P08878,1
D08879,P08879,0
D08880,P08880,1
D08881,P08881,0
D08882,P08882,1
D08883,P08883,0
D08884,P08884,1
D08885,P08885,0
D08886,P08886,1
D08887,P08887,0
D08888,P08888,1
D08889,P08889,0
D08890,P08890,1
D08891,P08891,0
D08892,P08892,1
D08893,P08893,0
D08894,P08894,1
D08895,P08895,0
D08896,P08896,1
D08897,P08897,0
D08898,P08898,1
D08899,P08899,0
D08900,P08900,1
D08901,P08901,0
D08902,P08902,1
D08903,P08903,0
D08904,P08904,1
D08905,P08905,0
D08906,P08906,1
D08907,P08907,0
D08908,P08908,1
D08909,P08909,0
D08910,P08910,1
D08911,P08911,0
D08912,P08912,1
D08913,P08913,0
D08914,P08914,1
D08915,P08915,0
D08916,P08916,1
D08917,P08917,0
D08918,P08918,1
D08919,P08919,0
D08920,P08920,1
D08921,P08921,0
D08922,P08922,0
D08923,P08923,1
D08924,P08924,0
D08925,P08925,1
D08926,P08926,0
D08927,P08927,1
D08928,P08928,0
D08929,P08929,1
D08930,P08930,0
D08931,P08931,1
D08932,P08932,0
D08933,P08933,1
D08934,P08934,0
D08935,P08935,1
D08936,P08936,0
D08937,P08937,1
D08938,P08938,0
D08939,P08939,1
D08940,P08940,0
D08941,P08941,1
D08942,P08942,0
D08943,P08943,1
D08944,P08944,0
D08945,P08945,1
D08946,P08946,0
D08947,P08947,1
D08948,P08948,0
D08949,P08949,1
D08950,P08950,0
D08951,P08951,1
D08952,P08952,0
D08953,P08953,1
D08954,P08954,0
D08955,P08955,1
D08956,P08956,0
D08957,P08957,1
D08958,P08958,0
D08959,P08959,1
D08960,P08960,0
D08961,P08961,1
D08962,P08962,0
D08963,P08963,1
D08964,P08964,0
D08965,P08965,1
D08966,P08966,0
D08967,P08967,1
D08968,P08968,0
D08969,P08969,1
D08970,P08970,0
D08971,P08971,1
D08972,P08972,0
D08973,P08973,1
D08974,P08974,0
D08975,P08975,1
D08976,P08976,0
D08977,P08977,1
D08978,P08978,0
D08979,P08979,1
D08980,P08980,0
D08981,P08981,1
D08982,P08982,0
D08983,P08983,1
D08984,P08984,0
D08985,P08985,1
D08986,P08986,0
D08987,P08987,1
D08988,P08988,0
D08989,P08989,1
D08990,P08990,0
D08991,P08991,1
D08992,P08992,0
D08993,P08993,1
D08994,P08994,0
D08995,P08995,1
D08996,P08996,0
D08997,P08997,1
D08998,P08998,0
D08999,P08999,1
D09000,P09000,0
D09001,P09001,1
D09002,P09002,0
D09003,P09003,1
D09004,P09004,0
D09005,P09005,1
D09006,P09006,0
D09007,P09007,1
D09008,P09008,0
D09009,P09009,1
D09010,P09010,0
D09011,P09011,1
D09012,P09012,0
D09013,P09013,1
D09014,P09014,0
D09015,P09015,1
D09016,P09016,1
D09017,P09017,0
D09018,P09018,1
D09019,P09019,0
D09020,P09020,1
D09021,P09021,0
D09022,P09022,1
D09023,P09023,0
D09024,P09024,1
D09025,P09025,0
D09026,P09026,1
D09027,P09027,0
D09028,P09028,1
D09029,P09029,0
D09030,P09030,1
D09031,P09031,0
D09032,P09032,1
D09033,P09033,0
D09034,P09034,1
D09035,P09035,0
D09036,P09036,1
D09037,P09037,0
D09038,P09038,1
D09039,P09039,0
D09040,P09040,1
D09041,P09041,0
D09042,P09042,1
D09043,P09043,0
D09044,P09044,1
D09045,P09045,0
D09046,P09046,1
D09047,P09047,0
D09048,P09048,1
D09049,P09049,0
D09050,P09050,1
D09051,P09051,0
D09052,P09052,1
D09053,P09053,0
D09054,P09054,1
D09055,P09055,0
D09056,P09056,1
D09057,P09057,0
D09058,P09058,1
D09059,P09059,0
D09060,P09060,1
D09061,P09061,0
D09062,P09062,1
D09063,P09063,0
D09064,P09064,1
D09065,P09065,0
D09066,P09066,1
D09067,P09067,0
D09068,P09068,1
D09069,P09069,0
D09070,P09070,1
D09071,P09071,0
D09072,P09072,1
D09073,P09073,0
D09074,P09074,1
D09075,P09075,0
D09076,P09076,1
D09077,P09077,0
D09078,P09078,1
D09079,P09079,0
D09080,P09080,1
D09081,P09081,0
D09082,P09082,1
D09083,P09083,0
D09084,P09084,1
D09085,P09085,0
D09086,P09086,1
D09087,P09087,0
D09088,P09088,1
D09089,P09089,0
D09090,P09090,1
D09091,P09091,0
D09092,P09092,1
D09093,P09093,0
D09094,P09094,1
D09095,P09095,0
D09096,P09096,1
D09097,P09097,0
D09098,P09098,1
D09099,P09099,0
D09100,P09100,1
D09101,P09101,0
D09102,P09102,1
D09103,P09103,0
D09104,P09104,1
D09105,P09105,0
D09106,P09106,1
D09107,P09107,0
D09108,P09108,1
D09109,P09109,0
D09110,P09110,1
D09111,P09111,0
D09112,P09112,1
D09113,P09113,0
D09114,P09114,1
D09115,P09115,0
D09116,P09116,1
D09117,P09117,0
D09118,P09118,1
D09119,P09119,0
D09120,P09120,1
D09121,P09121,0
D09122,P09122,1
D09123,P09123,0
D09124,P09124,1
D09125,P09125,0
D09126,P09126,1
D09127,P09127,0
D09128,P09128,1
D09129,P09129,0
D09130,P09130,1
D09131,P09131,0
D09132,P09132,1
D09133,P09133,0
D09134,P09134,1
D09135,P09135,0
D09136,P09136,1
D09137,P09137,0
D09138,P09138,1
D09139,P09139,0
D09140,P09140,1
D09141,P09141,0
D09142,P09142,1
D09143,P09143,0
D09144,P09144,1
D09145,P09145,0
D09146,P09146,1
D09147,P09147,0
D09148,P09148,1
D09149,P09149,0
D09150,P09150,1
D09151,P09151,0
D09152,P09152,1
D09153,P09153,0
D09154,P09154,1
D09155,P09155,0
D09156,P09156,1
D09157,P09157,0
D09158,P09158,1
D09159,P09159,0
D09160,P09160,1
D09161,P09161,0
D09162,P09162,1
D09163,P09163,0
D09164,P09164,1
D09165,P09165,0
D09166,P09166,1
D09167,P09167,0
D09168,P09168,1
D09169,P09169,0
D09170,P09170,1
D09171,P09171,0
D09172,P09172,1
D09173,P09173,0
D09174,P09174,1
D09175,P09175,0
D09176,P09176,1
D09177,P09177,0
D09178,P09178,1
D09179,P09179,0
D09180,P09180,1
D09181,P09181,0
D09182,P09182,1
D09183,P09183,0
D09184,P09184,1
D09185,P09185,0
D09186,P09186,1
D09187,P09187,0
D09188,P09188,1
D09189,P09189,0
D09190,P09190,1
D09191,P09191,0
D09192,P09192,1
D09193,P09193,0
D09194,P09194,1
D09195,P09195,0
D09196,P09196,1
D09197,P09197,0
D09198,P09198,1
D09199,P09199,0
D09200,P09200,1
D09201,P09201,0
D09202,P09202,1
D09203,P09203,0
D09204,P09204,1
D09205,P09205,0
D09206,P09206,1
D09207,P09207,0
D09208,P09208,1
D09209,P09209,0
D09210,P09210,1
D09211,P09211,0
D09212,P09212,1
D09213,P09213,0
D09214,P09214,1
D09215,P09215,0
D09216,P09216,1
D09217,P09217,0
D09218,P09218,1
D09219,P09219,0
D09220,P09220,1
D09221,P09221,0
D09222,P09222,1
D09223,P09223,0
D09224,P09224,1
D09225,P09225,0
D09226,P09226,1
D09227,P09227,0
D09228,P09228,1
D09229,P09229,0
D09230,P09230,1
D09231,P09231,0
D09232,P09232,1
D09233,P09233,0
D09234,P09234,1
D09235,P09235,0
D09236,P09236,1
D09237,P09237,0
D09238,P09238,1
D09239,P09239,0
D09240,P09240,1
D09241,P09241,0
D09242,P09242,1
D09243,P09243,0
D09244,P09244,1
D09245,P09245,0
D09246,P09246,1
D09247,P09247,0
D09248,P09248,1
D09249,P09249,0
D09250,P09250,1
D09251,P09251,0
D09252,P09252,1
D09253,P09253,0
D09254,P09254,1
D09255,P09255,0
D09256,P09256,1
D09257,P09257,0
D09258,P09258,1
D09259,P09259,0
D09260,P09260,1
D09261,P09261,0
D09262,P09262,1
D09263,P09263,0
D09264,P09264,1
D09265,P09265,0
D09266,P09266,1
D09267,P09267,0
D09268,P09268,1
D09269,P09269,0
D09270,P09270,1
D09271,P09271,0
D09272,P09272,1
D09273,P09273,0
D09274,P09274,1
D09275,P09275,0
D09276,P09276,1
D09277,P09277,0
D09278,P09278,1
D09279,P09279,0
D09280,P09280,1
D09281,P09281,0
D09282,P09282,1
D09283,P09283,0
D09284,P09284,0
D09285,P09285,1
D09286,P09286,0
D09287,P09287,1
D09288,P09288,0
D09289,P09289,1
D09290,P09290,0
D09291,P09291,1
D09292,P09292,0
D09293,P09293,1
D09294,P09294,0
D09295,P09295,1
D09296,P09296,0
D09297,P09297,1
D09298,P09298,0
D09299,P09299,1
D09300,P09300,0
D09301,P09301,1
D09302,P09302,0
D09303,P09303,1
D09304,P09304,0
D09305,P09305,1
D09306,P09306,0
D09307,P09307,1
D09308,P09308,0
D09309,P09309,1
D09310,P09310,0
D09311,P09311,1
D09312,P09312,0
D09313,P09313,1
D09314,P09314,1
D09315,P09315,0
D09316,P09316,1
D09317,P09317,0
D09318,P09318,1
D09319,P09319,0
D09320,P09320,1
D09321,P09321,0
D09322,P09322,1
D09323,P09323,0
D09324,P09324,1
D09325,P09325,0
D09326,P09326,1
D09327,P09327,0
D09328,P09328,1
D09329,P09329,0
D09330,P09330,1
D09331,P09331,0
D09332,P09332,1
D09333,P09333,0
D09334,P09334,1
D09335,P09335,0
D09336,P09336,1
D09337,P09337,0
D09338,P09338,1
D09339,P09339,0
D09340,P09340,1
D09341,P09341,0
D09342,P09342,1
D09343,P09343,0
D09344,P09344,1
D09345,P09345,0
D09346,P09346,1
D09347,P09347,1
D09348,P09348,0
D09349,P09349,1
D09350,P09350,0
D09351,P09351,0
D09352,P09352,1
D09353,P09353,0
D09354,P09354,1
D09355,P09355,0
D09356,P09356,1
D09357,P09357,0
D09358,P09358,1
D09359,P09359,0
D09360,P09360,1
D09361,P09361,0
D09362,P09362,1
D09363,P09363,0
D09364,P09364,1
D09365,P09365,0
D09366,P09366,1
D09367,P09367,0
D09368,P09368,1
D09369,P09369,0
D09370,P09370,1
D09371,P09371,0
D09372,P09372,1
D09373,P09373,0
D09374,P09374,1
D09375,P09375,0
D09376,P09376,1
D09377,P09377,0
D09378,P09378,1
D09379,P09379,0
D09380,P09380,1
D09381,P09381,0
D09382,P09382,1
D09383,P09383,0
D09384,P09384,1
D09385,P09385,0
D09386,P09386,1
D09387,P09387,0
D09388,P09388,1
D09389,P09389,0
D09390,P09390,1
D09391,P09391,0
D09392,P09392,1
D09393,P09393,0
D09394,P09394,1
D09395,P09395,0
D09396,P09396,1
D09397,P09397,0
D09398,P09398,1
D09399,P09399,0
D09400,P09400,1
D09401,P09401,0
D09402,P09402,1
D09403,P09403,0
D09404,P09404,1
D09405,P09405,0
D09406,P09406,1
D09407,P09407,1
D09408,P09408,0
D09409,P09409,1
D09410,P09410,0
D09411,P09411,1
D09412,P09412,0
D09413,P09413,1
D09414,P09414,0
D09415,P09415,1
D09416,P09416,0
D09417,P09417,1
D09418,P09418,0
D09419,P09419,1
D09420,P09420,0
D09421,P09421,1
D09422,P09422,0
D09423,P09423,1
D09424,P09424,0
D09425,P09425,1
D09426,P09426,0
D09427,P09427,1
D09428,P09428,0
D09429,P09429,1
D09430,P09430,0
D09431,P09431,1
D09432,P09432,0
D09433,P09433,1
D09434,P09434,0
D09435,P09435,1
D09436,P09436,0
D09437,P09437,1
D09438,P09438,0
D09439,P09439,1
D09440,P09440,0
D09441,P09441,1
D09442,P09442,0
D09443,P09443,1
D09444,P09444,0
D09445,P09445,1
D09446,P09446,0
D09447,P09447,1
D09448,P09448,0
D09449,P09449,1
D09450,P09450,0
D09451,P09451,1
D09452,P09452,0
D09453,P09453,1
D09454,P09454,0
D09455,P09455,1
D09456,P09456,0
D09457,P09457,1
D09458,P09458,0
D09459,P09459,1
D09460,P09460,0
D09461,P09461,1
D09462,P09462,0
D09463,P09463,1
D09464,P09464,0
D09465,P09465,1
D09466,P09466,0
D09467,P09467,1
D09468,P09468,0
D09469,P09469,1
D09470,P09470,0
D09471,P09471,1
D09472,P09472,0
D09473,P09473,1
D09474,P09474,0
D09475,P09475,1
D09476,P09476,0
D09477,P09477,1
D09478,P09478,0
D09479,P09479,1
D09480,P09480,0
D09481,P09481,1
D09482,P09482,0
D09483,P09483,1
D09484,P09484,0
D09485,P09485,1
D09486,P09486,0
D09487,P09487,1
D09488,P09488,0
D09489,P09489,1
D09490,P09490,0
D09491,P09491,1
D09492,P09492,0
D09493,P09493,1
D09494,P09494,0
D09495,P09495,1
D09496,P09496,0
D09497,P09497,1
D09498,P09498,0
D09499,P09499,1
D09500,P09500,0
D09501,P09501,1
D09502,P09502,0
D09503,P09503,1
D09504,P09504,0
D09505,P09505,1
D09506,P09506,0
D09507,P09507,1
D09508,P09508,0
D09509,P09509,1
D09510,P09510,0
D09511,P09511,1
D09512,P09512,0
D09513,P09513,1
D09514,P09514,0
D09515,P09515,1
D09516,P09516,0
D09517,P09517,1
D09518,P09518,0
D09519,P09519,1
D09520,P09520,0
D09521,P09521,1
D09522,P09522,0
D09523,P09523,1
D09524,P09524,0
D09525,P09525,1
D09526,P09526,0
D09527,P09527,1
D09528,P09528,0
D09529,P09529,1
D09530,P09530,0
D09531,P09531,1
D09532,P09532,0
D09533,P09533,1
D09534,P09534,0
D09535,P09535,1
D09536,P09536,0
D09537,P09537,1
D09538,P09538,0
D09539,P09539,1
D09540,P09540,0
D09541,P09541,1
D09542,P09542,0
D09543,P09543,1
D09544,P09544,0
D09545,P09545,1
D09546,P09546,0
D09547,P09547,1
D09548,P09548,0
D09549,P09549,1
D09550,P09550,0
D09551,P09551,1
D09552,P09552,0
D09553,P09553,1
D09554,P09554,0
D09555,P09555,1
D09556,P09556,0
D09557,P09557,1
D09558,P09558,0
D09559,P09559,1
D09560,P09560,0
D09561,P09561,1
D09562,P09562,0
D09563,P09563,1
D09564,P09564,0
D09565,P09565,1
D09566,P09566,0
D09567,P09567,1
D09568,P09568,0
D09569,P09569,1
D09570,P09570,0
D09571,P09571,1
D09572,P09572,0
D09573,P09573,1
D09574,P09574,0
D09575,P09575,1
D09576,P09576,0
D09577,P09577,1
D09578,P09578,0
D09579,P09579,1
D09580,P09580,0
D09581,P09581,1
D09582,P09582,0
D09583,P09583,1
D09584,P09584,0
D09585,P09585,1
D09586,P09586,0
D09587,P09587,1
D09588,P09588,0
D09589,P09589,1
D09590,P09590,0
D09591,P09591,1
D09592,P09592,0
D09593,P09593,1
D09594,P09594,0
D09595,P09595,1
D09596,P09596,0
D09597,P09597,1
D09598,P09598,0
D09599,P09599,1
D09600,P09600,0
D09601,P09601,1
D09602,P09602,0
D09603,P09603,1
D09604,P09604,0
D09605,P09605,1
D09606,P09606,0
D09607,P09607,1
D09608,P09608,0
D09609,P09609,1
D09610,P09610,0
D09611,P09611,1
D09612,P09612,0
D09613,P09613,1
D09614,P09614,0
D09615,P09615,1
D09616,P09616,0
D09617,P09617,1
D09618,P09618,0
D09619,P09619,1
D09620,P09620,0
D09621,P09621,1
D09622,P09622,0
D09623,P09623,1
D09624,P09624,0
D09625,P09625,1
D09626,P09626,0
D09627,P09627,1
D09628,P09628,0
D09629,P09629,1
D09630,P09630,0
D09631,P09631,1
D09632,P09632,0
D09633,P09633,1
D09634,P09634,0
D09635,P09635,1
D09636,P09636,0
D09637,P09637,1
D09638,P09638,0
D09639,P09639,1
D09640,P09640,0
D09641,P09641,1
D09642,P09642,0
D09643,P09643,1
D09644,P09644,0
D09645,P09645,1
D09646,P09646,0
D09647,P09647,1
D09648,P09648,0
D09649,P09649,1
D09650,P09650,0
D09651,P09651,1
D09652,P09652,0
D09653,P09653,1
D09654,P09654,0
D09655,P09655,1
D09656,P09656,0
D09657,P09657,1
D09658,P09658,0
D09659,P09659,1
D09660,P09660,0
D09661,P09661,1
D09662,P09662,0
D09663,P09663,1
D09664,P09664,0
D09665,P09665,1
D09666,P09666,0
D09667,P09667,1
D09668,P09668,0
D09669,P09669,1
D09670,P09670,0
D09671,P09671,1
D09672,P09672,0
D09673,P09673,1
D09674,P09674,0
D09675,P09675,1
D09676,P09676,0
D09677,P09677,1
D09678,P09678,0
D09679,P09679,1
D09680,P09680,0
D09681,P09681,1
D09682,P09682,0
D09683,P09683,1
D09684,P09684,1
D09685,P09685,0
D09686,P09686,1
D09687,P09687,0
D09688,P09688,1
D09689,P09689,0
D09690,P09690,1
D09691,P09691,0
D09692,P09692,1
D09693,P09693,0
D09694,P09694,1
D09695,P09695,0
D09696,P09696,1
D09697,P09697,0
D09698,P09698,1
D09699,P09699,0
D09700,P09700,1
D09701,P09701,1
D09702,P09702,0
D09703,P09703,1
D09704,P09704,0
D09705,P09705,1
D09706,P09706,0
D09707,P09707,1
D09708,P09708,0
D09709,P09709,1
D09710,P09710,0
D09711,P09711,1
D09712,P09712,0
D09713,P09713,1
D09714,P09714,0
D09715,P09715,1
D09716,P09716,0
D09717,P09717,1
D09718,P09718,0
D09719,P09719,1
D09720,P09720,0
D09721,P09721,1
D09722,P09722,1
D09723,P09723,0
D09724,P09724,1
D09725,P09725,0
D09726,P09726,1
D09727,P09727,0
D09728,P09728,1
D09729,P09729,0
D09730,P09730,1
D09731,P09731,0
D09732,P09732,1
D09733,P09733,0
D09734,P09734,1
D09735,P09735,0
D09736,P09736,1
D09737,P09737,0
D09738,P09738,1
D09739,P09739,0
D09740,P09740,1
D09741,P09741,0
D09742,P09742,1
D09743,P09743,0
D09744,P09744,1
D09745,P09745,0
D09746,P09746,1
D09747,P09747,0
D09748,P09748,1
D09749,P09749,0
D09750,P09750,1
D09751,P09751,0
D09752,P09752,1
D09753,P09753,0
D09754,P09754,1
D09755,P09755,0
D09756,P09756,1
D09757,P09757,0
D09758,P09758,1
D09759,P09759,0
D09760,P09760,1
D09761,P09761,0
D09762,P09762,1
D09763,P09763,0
D09764,P09764,1
D09765,P09765,0
D09766,P09766,1
D09767,P09767,0
D09768,P09768,1
D09769,P09769,0
D09770,P09770,1
D09771,P09771,0
D09772,P09772,1
D09773,P09773,0
D09774,P09774,1
D09775,P09775,0
D09776,P09776,1
D09777,P09777,0
D09778,P09778,1
D09779,P09779,0
D09780,P09780,1
D09781,P09781,0
D09782,P09782,1
D09783,P09783,0
D09784,P09784,1
D09785,P09785,1
D09786,P09786,0
D09787,P09787,1
D09788,P09788,0
D09789,P09789,1
D09790,P09790,0
D09791,P09791,1
D09792,P09792,0
D09793,P09793,1
D09794,P09794,0
D09795,P09795,1
D09796,P09796,0
D09797,P09797,1
D09798,P09798,0
D09799,P09799,1
D09800,P09800,0
D09801,P09801,1
D09802,P09802,0
D09803,P09803,1
D09804,P09804,0
D09805,P09805,1
D09806,P09806,0
D09807,P09807,1
D09808,P09808,0
D09809,P09809,1
D09810,P09810,0
D09811,P09811,1
D09812,P09812,0
D09813,P09813,1
D09814,P09814,0
D09815,P09815,0
D09816,P09816,1
D09817,P09817,0
D09818,P09818,1
D09819,P09819,0
D09820,P09820,1
D09821,P09821,0
D09822,P09822,1
D09823,P09823,0
D09824,P09824,1
D09825,P09825,0
D09826,P09826,1
D09827,P09827,0
D09828,P09828,1
D09829,P09829,0
D09830,P09830,1
D09831,P09831,0
D09832,P09832,1
D09833,P09833,0
D09834,P09834,1
D09835,P09835,0
D09836,P09836,1
D09837,P09837,0
D09838,P09838,1
D09839,P09839,0
D09840,P09840,1
D09841,P09841,0
D09842,P09842,1
D09843,P09843,0
D09844,P09844,1
D09845,P09845,0
D09846,P09846,1
D09847,P09847,0
D09848,P09848,1
D09849,P09849,0
D09850,P09850,1
D09851,P09851,0
D09852,P09852,1
D09853,P09853,0
D09854,P09854,1
D09855,P09855,0
D09856,P09856,1
D09857,P09857,0
D09858,P09858,1
D09859,P09859,0
D09860,P09860,1
D09861,P09861,0
D09862,P09862,1
D09863,P09863,0
D09864,P09864,1
D09865,P09865,0
D09866,P09866,1
D09867,P09867,0
D09868,P09868,0
D09869,P09869,1
D09870,P09870,0
D09871,P09871,1
D09872,P09872,0
D09873,P09873,1
D09874,P09874,0
D09875,P09875,1
D09876,P09876,0
D09877,P09877,1
D09878,P09878,0
D09879,P09879,1
D09880,P09880,0
D09881,P09881,1
D09882,P09882,0
D09883,P09883,1
D09884,P09884,0
D09885,P09885,1
D09886,P09886,0
D09887,P09887,1
D09888,P09888,0
D09889,P09889,1
D09890,P09890,0
D09891,P09891,1
D09892,P09892,0
D09893,P09893,1
D09894,P09894,0
D09895,P09895,1
D09896,P09896,0
D09897,P09897,1
D09898,P09898,0
D09899,P09899,1
D09900,P09900,0
D09901,P09901,1
D09902,P09902,0
D09903,P09903,1
D09904,P09904,0
D09905,P09905,1
D09906,P09906,0
D09907,P09907,1
D09908,P09908,0
D09909,P09909,1
D09910,P09910,1
D09911,P09911,0
D09912,P09912,1
D09913,P09913,0
D09914,P09914,1
D09915,P09915,0
D09916,P09916,1
D09917,P09917,0
D09918,P09918,1
D09919,P09919,0
D09920,P09920,1
D09921,P09921,0
D09922,P09922,1
D09923,P09923,0
D09924,P09924,1
D09925,P09925,0
D09926,P09926,1
D09927,P09927,0
D09928,P09928,1
D09929,P09929,0
D09930,P09930,1
D09931,P09931,0
D09932,P09932,1
D09933,P09933,0
D09934,P09934,1
D09935,P09935,0
D09936,P09936,1
D09937,P09937,0
D09938,P09938,1
D09939,P09939,0
D09940,P09940,1
D09941,P09941,0
D09942,P09942,1
D09943,P09943,0
D09944,P09944,1
D09945,P09945,0
D09946,P09946,1
D09947,P09947,0
D09948,P09948,1
D09949,P09949,0
D09950,P09950,1
D09951,P09951,0
D09952,P09952,1
D09953,P09953,0
D09954,P09954,1
D09955,P09955,0
D09956,P09956,1
D09957,P09957,0
D09958,P09958,1
D09959,P09959,0
D09960,P09960,1
D09961,P09961,0
D09962,P09962,1
D09963,P09963,0
D09964,P09964,1
D09965,P09965,0
D09966,P09966,1
D09967,P09967,0
D09968,P09968,1
D09969,P09969,0
D09970,P09970,1
D09971,P09971,0
D09972,P09972,1
D09973,P09973,0
D09974,P09974,1
D09975,P09975,0
D09976,P09976,1
D09977,P09977,0
D09978,P09978,1
D09979,P09979,0
D09980,P09980,1
D09981,P09981,0
D09982,P09982,1
D09983,P09983,0
D09984,P09984,1
D09985,P09985,0
D09986,P09986,1
D09987,P09987,0
D09988,P09988,1
D09989,P09989,0
D09990,P09990,1
D09991,P09991,0
D09992,P09992,1
D09993,P09993,0
D09994,P09994,1
D09995,P09995,0
D09996,P09996,1
D09997,P09997,0
D09998,P09998,0
D09999,P09999,1
D10000,P10000,0
D10001,P10001,1
D10002,P10002,0
D10003,P10003,1
D10004,P10004,0
D10005,P10005,1
D10006,P10006,0
D10007,P10007,1
D10008,P10008,0
D10009,P10009,1
D10010,P10010,0
D10011,P10011,1
D10012,P10012,0
D10013,P10013,1
D10014,P10014,0
D10015,P10015,1
D10016,P10016,0
D10017,P10017,1
D10018,P10018,0
D10019,P10019,1
D10020,P10020,0
D10021,P10021,1
D10022,P10022,0
D10023,P10023,1
D10024,P10024,0
D10025,P10025,1
D10026,P10026,0
D10027,P10027,1
D10028,P10028,0
D10029,P10029,1
D10030,P10030,0
D10031,P10031,1
D10032,P10032,0
D10033,P10033,1
D10034,P10034,0
D10035,P10035,1
D10036,P10036,0
D10037,P10037,1
D10038,P10038,0
D10039,P10039,1
D10040,P10040,0
D10041,P10041,1
D10042,P10042,0
D10043,P10043,1
D10044,P10044,0
D10045,P10045,1
D10046,P10046,0
D10047,P10047,1
D10048,P10048,0
D10049,P10049,1
D10050,P10050,0
D10051,P10051,1
D10052,P10052,0
D10053,P10053,1
D10054,P10054,0
D10055,P10055,1
D10056,P10056,0
D10057,P10057,1
D10058,P10058,0
D10059,P10059,1
D10060,P10060,0
D10061,P10061,1
D10062,P10062,0
D10063,P10063,1
D10064,P10064,0
D10065,P10065,1
D10066,P10066,0
D10067,P10067,1
D10068,P10068,0
D10069,P10069,1
D10070,P10070,0
D10071,P10071,1
D10072,P10072,0
D10073,P10073,1
D10074,P10074,0
D10075,P10075,1
D10076,P10076,0
D10077,P10077,1
D10078,P10078,0
D10079,P10079,0
D10080,P10080,1
D10081,P10081,0
D10082,P10082,1
D10083,P10083,0
D10084,P10084,1
D10085,P10085,0
D10086,P10086,1
D10087,P10087,0
D10088,P10088,1
D10089,P10089,0
D10090,P10090,1
D10091,P10091,0
D10092,P10092,1
D10093,P10093,0
D10094,P10094,1
D10095,P10095,0
D10096,P10096,1
D10097,P10097,0
D10098,P10098,1
D10099,P10099,0
D10100,P10100,1
D10101,P10101,0
D10102,P10102,1
D10103,P10103,0
D10104,P10104,1
D10105,P10105,0
D10106,P10106,1
D10107,P10107,0
D10108,P10108,1
D10109,P10109,0
D10110,P10110,1
D10111,P10111,0
D10112,P10112,1
D10113,P10113,0
D10114,P10114,1
D10115,P10115,0
D10116,P10116,1
D10117,P10117,0
D10118,P10118,1
D10119,P10119,0
D10120,P10120,1
D10121,P10121,0
D10122,P10122,1
D10123,P10123,0
D10124,P10124,0
D10125,P10125,1
D10126,P10126,0
D10127,P10127,1
D10128,P10128,0
D10129,P10129,1
D10130,P10130,0
D10131,P10131,1
D10132,P10132,0
D10133,P10133,1
D10134,P10134,0
D10135,P10135,1
D10136,P10136,0
D10137,P10137,1
D10138,P10138,0
D10139,P10139,1
D10140,P10140,0
D10141,P10141,1
D10142,P10142,0
D10143,P10143,1
D10144,P10144,0
D10145,P10145,1
D10146,P10146,0
D10147,P10147,1
D10148,P10148,0
D10149,P10149,1
D10150,P10150,0
D10151,P10151,1
D10152,P10152,0
D10153,P10153,1
D10154,P10154,0
D10155,P10155,1
D10156,P10156,0
D10157,P10157,0
D10158,P10158,1
D10159,P10159,0
D10160,P10160,1
D10161,P10161,0
D10162,P10162,1
D10163,P10163,1
D10164,P10164,0
D10165,P10165,0
D10166,P10166,1
D10167,P10167,0
D10168,P10168,1
D10169,P10169,0
D10170,P10170,1
D10171,P10171,0
D10172,P10172,1
D10173,P10173,0
D10174,P10174,1
D10175,P10175,0
D10176,P10176,1
D10177,P10177,0
D10178,P10178,1
D10179,P10179,0
D10180,P10180,1
D10181,P10181,0
D10182,P10182,1
D10183,P10183,0
D10184,P10184,1
D10185,P10185,0
D10186,P10186,1
D10187,P10187,0
D10188,P10188,1
D10189,P10189,0
D10190,P10190,1
D10191,P10191,0
D10192,P10192,1
D10193,P10193,0
D10194,P10194,1
D10195,P10195,0
D10196,P10196,1
D10197,P10197,0
D10198,P10198,1
D10199,P10199,0
D10200,P10200,1
D10201,P10201,0
D10202,P10202,1
D10203,P10203,0
D10204,P10204,1
D10205,P10205,0
D10206,P10206,1
D10207,P10207,0
D10208,P10208,1
D10209,P10209,0
D10210,P10210,1
D10211,P10211,0
D10212,P10212,1
D10213,P10213,0
D10214,P10214,1
D10215,P10215,0
D10216,P10216,1
D10217,P10217,0
D10218,P10218,1
D10219,P10219,0
D10220,P10220,1
D10221,P10221,0
D10222,P10222,1
D10223,P10223,0
D10224,P10224,1
D10225,P10225,0
D10226,P10226,1
D10227,P10227,0
D10228,P10228,1
D10229,P10229,0
D10230,P10230,1
D10231,P10231,0
D10232,P10232,1
D10233,P10233,0
D10234,P10234,1
D10235,P10235,0
D10236,P10236,1
D10237,P10237,0
D10238,P10238,1
D10239,P10239,0
D10240,P10240,1
D10241,P10241,0
D10242,P10242,1
D10243,P10243,0
D10244,P10244,1
D10245,P10245,0
D10246,P10246,1
D10247,P10247,0
D10248,P10248,1
D10249,P10249,0
D10250,P10250,1
D10251,P10251,0
D10252,P10252,1
D10253,P10253,0
D10254,P10254,1
D10255,P10255,0
D10256,P10256,1
D10257,P10257,0
D10258,P10258,1
D10259,P10259,0
D10260,P10260,1
D10261,P10261,0
D10262,P10262,1
D10263,P10263,0
D10264,P10264,1
D10265,P10265,0
D10266,P10266,1
D10267,P10267,0
D10268,P10268,1
D10269,P10269,0
D10270,P10270,1
D10271,P10271,0
D10272,P10272,1
D10273,P10273,0
D10274,P10274,1
D10275,P10275,0
D10276,P10276,1
D10277,P10277,0
D10278,P10278,1
D10279,P10279,1
D10280,P10280,0
D10281,P10281,1
D10282,P10282,0
D10283,P10283,1
D10284,P10284,0
D10285,P10285,1
D10286,P10286,0
D10287,P10287,1
D10288,P10288,0
D10289,P10289,1
D10290,P10290,0
D10291,P10291,1
D10292,P10292,0
D10293,P10293,1
D10294,P10294,0
D10295,P10295,1
D10296,P10296,0
D10297,P10297,1
D10298,P10298,0
D10299,P10299,1
D10300,P10300,0
D10301,P10301,1
D10302,P10302,0
D10303,P10303,1
D10304,P10304,0
D10305,P10305,1
D10306,P10306,0
D10307,P10307,1
D10308,P10308,0
D10309,P10309,1
D10310,P10310,0
D10311,P10311,1
D10312,P10312,0
D10313,P10313,1
D10314,P10314,0
D10315,P10315,1
D10316,P10316,0
D10317,P10317,1
D10318,P10318,0
D10319,P10319,1
D10320,P10320,0
D10321,P10321,1
D10322,P10322,0
D10323,P10323,1
D10324,P10324,0
D10325,P10325,1
D10326,P10326,0
D10327,P10327,1
D10328,P10328,0
D10329,P10329,1
D10330,P10330,0
D10331,P10331,1
D10332,P10332,0
D10333,P10333,1
D10334,P10334,0
D10335,P10335,1
D10336,P10336,0
D10337,P10337,1
D10338,P10338,0
D10339,P10339,1
D10340,P10340,0
D10341,P10341,1
D10342,P10342,0
D10343,P10343,1
D10344,P10344,0
D10345,P10345,1
D10346,P10346,0
D10347,P10347,1
D10348,P10348,0
D10349,P10349,1
D10350,P10350,0
D10351,P10351,1
D10352,P10352,0
D10353,P10353,1
D10354,P10354,0
D10355,P10355,1
D10356,P10356,0
D10357,P10357,1
D10358,P10358,0
D10359,P10359,1
D10360,P10360,0
D10361,P10361,1
D10362,P10362,0
D10363,P10363,1
D10364,P10364,1
D10365,P10365,0
D10366,P10366,1
D10367,P10367,0
D10368,P10368,1
D10369,P10369,0
D10370,P10370,1
D10371,P10371,0
D10372,P10372,1
D10373,P10373,0
D10374,P10374,1
D10375,P10375,0
D10376,P10376,1
D10377,P10377,0
D10378,P10378,1
D10379,P10379,0
D10380,P10380,1
D10381,P10381,0
D10382,P10382,1
D10383,P10383,0
D10384,P10384,1
D10385,P10385,0
D10386,P10386,1
D10387,P10387,0
D10388,P10388,1
D10389,P10389,0
D10390,P10390,1
D10391,P10391,0
D10392,P10392,1
D10393,P10393,0
D10394,P10394,1
D10395,P10395,0
D10396,P10396,1
D10397,P10397,0
D10398,P10398,1
D10399,P10399,0
D10400,P10400,1
D10401,P10401,0
D10402,P10402,1
D10403,P10403,0
D10404,P10404,1
D10405,P10405,0
D10406,P10406,1
D10407,P10407,1
D10408,P10408,0
D10409,P10409,1
D10410,P10410,0
D10411,P10411,1
D10412,P10412,0
D10413,P10413,1
D10414,P10414,0
D10415,P10415,1
D10416,P10416,0
D10417,P10417,1
D10418,P10418,0
D10419,P10419,1
D10420,P10420,0
D10421,P10421,1
D10422,P10422,0
D10423,P10423,1
D10424,P10424,0
D10425,P10425,1
D10426,P10426,0
D10427,P10427,1
D10428,P10428,0
D10429,P10429,1
D10430,P10430,0
D10431,P10431,1
D10432,P10432,0
D10433,P10433,1
D10434,P10434,0
D10435,P10435,1
D10436,P10436,0
D10437,P10437,1
D10438,P10438,0
D10439,P10439,1
D10440,P10440,0
D10441,P10441,1
D10442,P10442,0
D10443,P10443,1
D10444,P10444,0
D10445,P10445,1
D10446,P10446,0
D10447,P10447,1
D10448,P10448,0
D10449,P10449,1
D10450,P10450,0
D10451,P10451,1
D10452,P10452,0
D10453,P10453,1
D10454,P10454,0
D10455,P10455,1
D10456,P10456,0
D10457,P10457,1
D10458,P10458,0
D10459,P10459,1
D10460,P10460,0
D10461,P10461,1
D10462,P10462,0
D10463,P10463,1
D10464,P10464,0
D10465,P10465,1
D10466,P10466,0
D10467,P10467,1
D10468,P10468,0
D10469,P10469,1
D10470,P10470,0
D10471,P10471,1
D10472,P10472,0
D10473,P10473,1
D10474,P10474,0
D10475,P10475,1
D10476,P10476,0
D10477,P10477,1
D10478,P10478,0
D10479,P10479,1
D10480,P10480,0
D10481,P10481,1
D10482,P10482,0
D10483,P10483,0
D10484,P10484,1
D10485,P10485,0
D10486,P10486,1
D10487,P10487,0
D10488,P10488,1
D10489,P10489,0
D10490,P10490,1
D10491,P10491,0
D10492,P10492,1
D10493,P10493,0
D10494,P10494,1
D10495,P10495,0
D10496,P10496,1
D10497,P10497,0
D10498,P10498,1
D10499,P10499,0
D10500,P10500,1
D10501,P10501,0
D10502,P10502,1
D10503,P10503,0
D10504,P10504,1
D10505,P10505,0
D10506,P10506,1
D10507,P10507,0
D10508,P10508,1
D10509,P10509,0
D10510,P10510,1
D10511,P10511,0
D10512,P10512,1
D10513,P10513,0
D10514,P10514,1
D10515,P10515,0
D10516,P10516,1
D10517,P10517,0
D10518,P10518,1
D10519,P10519,0
D10520,P10520,1
D10521,P10521,0
D10522,P10522,1
D10523,P10523,0
D10524,P10524,1
D10525,P10525,0
D10526,P10526,1
D10527,P10527,0
D10528,P10528,1
D10529,P10529,0
D10530,P10530,1
D10531,P10531,0
D10532,P10532,1
D10533,P10533,1
D10534,P10534,0
D10535,P10535,1
D10536,P10536,0
D10537,P10537,1
D10538,P10538,0
D10539,P10539,1
D10540,P10540,0
D10541,P10541,1
D10542,P10542,0
D10543,P10543,1
D10544,P10544,0
D10545,P10545,1
D10546,P10546,0
D10547,P10547,1
D10548,P10548,0
D10549,P10549,1
D10550,P10550,0
D10551,P10551,1
D10552,P10552,0
D10553,P10553,1
D10554,P10554,0
D10555,P10555,1
D10556,P10556,0
D10557,P10557,1
D10558,P10558,0
D10559,P10559,1
D10560,P10560,0
D10561,P10561,1
D10562,P10562,0
D10563,P10563,1
D10564,P10564,0
D10565,P10565,1
D10566,P10566,0
D10567,P10567,1
D10568,P10568,0
D10569,P10569,1
D10570,P10570,0
D10571,P10571,1
D10572,P10572,0
D10573,P10573,1
D10574,P10574,0
D10575,P10575,1
D10576,P10576,0
D10577,P10577,1
D10578,P10578,0
D10579,P10579,1
D10580,P10580,0
D10581,P10581,1
D10582,P10582,0
D10583,P10583,1
D10584,P10584,0
D10585,P10585,1
D10586,P10586,0
D10587,P10587,1
D10588,P10588,0
D10589,P10589,1
D10590,P10590,0
D10591,P10591,1
D10592,P10592,0
D10593,P10593,1
D10594,P10594,0
D10595,P10595,1
D10596,P10596,0
D10597,P10597,1
D10598,P10598,0
D10599,P10599,1
D10600,P10600,0
D10601,P10601,1
D10602,P10602,0
D10603,P10603,1
D10604,P10604,0
D10605,P10605,1
D10606,P10606,0
D10607,P10607,1
D10608,P10608,0
D10609,P10609,1
D10610,P10610,0
D10611,P10611,1
D10612,P10612,0
D10613,P10613,1
D10614,P10614,0
D10615,P10615,1
D10616,P10616,0
D10617,P10617,1
D10618,P10618,0
D10619,P10619,1
D10620,P10620,0
D10621,P10621,1
D10622,P10622,0
D10623,P10623,1
D10624,P10624,0
D10625,P10625,1
D10626,P10626,0
D10627,P10627,1
D10628,P10628,0
D10629,P10629,1
D10630,P10630,0
D10631,P10631,1
D10632,P10632,0
D10633,P10633,1
D10634,P10634,0
D10635,P10635,1
D10636,P10636,0
D10637,P10637,1
D10638,P10638,0
D10639,P10639,1
D10640,P10640,0
D10641,P10641,1
D10642,P10642,0
D10643,P10643,1
D10644,P10644,0
D10645,P10645,1
D10646,P10646,0
D10647,P10647,1
D10648,P10648,0
D10649,P10649,1
D10650,P10650,0
D10651,P10651,1
D10652,P10652,0
D10653,P10653,1
D10654,P10654,0
D10655,P10655,1
D10656,P10656,0
D10657,P10657,1
D10658,P10658,0
D10659,P10659,1
D10660,P10660,0
D10661,P10661,1
D10662,P10662,0
D10663,P10663,1
D10664,P10664,0
D10665,P10665,1
D10666,P10666,0
D10667,P10667,1
D10668,P10668,0
D10669,P10669,1
D10670,P10670,0
D10671,P10671,1
D10672,P10672,0
D10673,P10673,1
D10674,P10674,0
D10675,P10675,1
D10676,P10676,0
D10677,P10677,1
D10678,P10678,0
D10679,P10679,1
D10680,P10680,0
D10681,P10681,1
D10682,P10682,0
D10683,P10683,1
D10684,P10684,0
D10685,P10685,1
D10686,P10686,0
D10687,P10687,1
D10688,P10688,0
D10689,P10689,1
D10690,P10690,0
D10691,P10691,1
D10692,P10692,0
D10693,P10693,1
D10694,P10694,0
D10695,P10695,1
D10696,P10696,0
D10697,P10697,1
D10698,P10698,0
D10699,P10699,1
D10700,P10700,0
D10701,P10701,1
D10702,P10702,0
D10703,P10703,1
D10704,P10704,0
D10705,P10705,1
D10706,P10706,0
D10707,P10707,1
D10708,P10708,0
D10709,P10709,1
D10710,P10710,0
D10711,P10711,1
D10712,P10712,0
D10713,P10713,1
D10714,P10714,0
D10715,P10715,1
D10716,P10716,0
D10717,P10717,1
D10718,P10718,0
D10719,P10719,1
D10720,P10720,0
D10721,P10721,1
D10722,P10722,0
D10723,P10723,1
D10724,P10724,0
D10725,P10725,1
D10726,P10726,0
D10727,P10727,1
D10728,P10728,0
D10729,P10729,1
D10730,P10730,0
D10731,P10731,1
D10732,P10732,0
D10733,P10733,1
D10734,P10734,0
D10735,P10735,1
D10736,P10736,0
D10737,P10737,1
D10738,P10738,0
D10739,P10739,1
D10740,P10740,0
D10741,P10741,0
D10742,P10742,1
D10743,P10743,0
D10744,P10744,1
D10745,P10745,0
D10746,P10746,1
D10747,P10747,0
D10748,P10748,1
D10749,P10749,1
D10750,P10750,0
D10751,P10751,1
D10752,P10752,0
D10753,P10753,1
D10754,P10754,0
D10755,P10755,1
D10756,P10756,0
D10757,P10757,1
D10758,P10758,0
D10759,P10759,1
D10760,P10760,0
D10761,P10761,1
D10762,P10762,0
D10763,P10763,1
D10764,P10764,0
D10765,P10765,1
D10766,P10766,0
D10767,P10767,1
D10768,P10768,0
D10769,P10769,1
D10770,P10770,0
D10771,P10771,1
D10772,P10772,0
D10773,P10773,1
D10774,P10774,0
D10775,P10775,1
D10776,P10776,0
D10777,P10777,1
D10778,P10778,0
D10779,P10779,1
D10780,P10780,1
D10781,P10781,0
D10782,P10782,1
D10783,P10783,0
D10784,P10784,1
D10785,P10785,0
D10786,P10786,1
D10787,P10787,0
D10788,P10788,1
D10789,P10789,0
D10790,P10790,1
D10791,P10791,0
D10792,P10792,1
D10793,P10793,0
D10794,P10794,1
D10795,P10795,0
D10796,P10796,1
D10797,P10797,0
D10798,P10798,1
D10799,P10799,0
D10800,P10800,1
D10801,P10801,0
D10802,P10802,1
D10803,P10803,0
D10804,P10804,1
D10805,P10805,0
D10806,P10806,1
D10807,P10807,0
D10808,P10808,1
D10809,P10809,0
D10810,P10810,1
D10811,P10811,0
D10812,P10812,1
D10813,P10813,0
D10814,P10814,1
D10815,P10815,0
D10816,P10816,1
D10817,P10817,0
D10818,P10818,1
D10819,P10819,0
D10820,P10820,1
D10821,P10821,0
D10822,P10822,1
D10823,P10823,0
D10824,P10824,1
D10825,P10825,0
D10826,P10826,1
D10827,P10827,0
D10828,P10828,1
D10829,P10829,0
D10830,P10830,1
D10831,P10831,0
D10832,P10832,1
D10833,P10833,0
D10834,P10834,1
D10835,P10835,0
D10836,P10836,1
D10837,P10837,0
D10838,P10838,1
D10839,P10839,0
D10840,P10840,1
D10841,P10841,0
D10842,P10842,1
D10843,P10843,0
D10844,P10844,1
D10845,P10845,0
D10846,P10846,1
D10847,P10847,0
D10848,P10848,1
D10849,P10849,0
D10850,P10850,1
D10851,P10851,0
D10852,P10852,1
D10853,P10853,0
D10854,P10854,1
D10855,P10855,0
D10856,P10856,1
D10857,P10857,0
D10858,P10858,1
D10859,P10859,0
D10860,P10860,1
D10861,P10861,0
D10862,P10862,1
D10863,P10863,0
D10864,P10864,1
D10865,P10865,0
D10866,P10866,1
D10867,P10867,0
D10868,P10868,1
D10869,P10869,0
D10870,P10870,1
D10871,P10871,0
D10872,P10872,1
D10873,P10873,0
D10874,P10874,1
D10875,P10875,0
D10876,P10876,1
D10877,P10877,0
D10878,P10878,1
D10879,P10879,0
D10880,P10880,1
D10881,P10881,0
D10882,P10882,1
D10883,P10883,0
D10884,P10884,1
D10885,P10885,0
D10886,P10886,1
D10887,P10887,0
D10888,P10888,1
D10889,P10889,0
D10890,P10890,1
D10891,P10891,0
D10892,P10892,1
D10893,P10893,0
D10894,P10894,1
D10895,P10895,0
D10896,P10896,1
D10897,P10897,0
D10898,P10898,1
D10899,P10899,0
D10900,P10900,1
D10901,P10901,0
D10902,P10902,1
D10903,P10903,0
D10904,P10904,1
D10905,P10905,0
D10906,P10906,1
D10907,P10907,0
D10908,P10908,1
D10909,P10909,0
D10910,P10910,1
D10911,P10911,0
D10912,P10912,1
D10913,P10913,0
D10914,P10914,1
D10915,P10915,0
D10916,P10916,1
D10917,P10917,0
D10918,P10918,1
D10919,P10919,0
D10920,P10920,1
D10921,P10921,0
D10922,P10922,1
D10923,P10923,0
D10924,P10924,1
D10925,P10925,0
D10926,P10926,1
D10927,P10927,0
D10928,P10928,1
D10929,P10929,0
D10930,P10930,1
D10931,P10931,0
D10932,P10932,1
D10933,P10933,0
D10934,P10934,1
D10935,P10935,0
D10936,P10936,1
D10937,P10937,0
D10938,P10938,1
D10939,P10939,0
D10940,P10940,1
D10941,P10941,1
D10942,P10942,0
D10943,P10943,1
D10944,P10944,0
D10945,P10945,1
D10946,P10946,0
D10947,P10947,1
D10948,P10948,0
D10949,P10949,1
D10950,P10950,0
D10951,P10951,1
D10952,P10952,0
D10953,P10953,1
D10954,P10954,0
D10955,P10955,1
D10956,P10956,0
D10957,P10957,1
D10958,P10958,0
D10959,P10959,1
D10960,P10960,0
D10961,P10961,1
D10962,P10962,0
D10963,P10963,1
D10964,P10964,0
D10965,P10965,1
D10966,P10966,0
D10967,P10967,1
D10968,P10968,0
D10969,P10969,1
D10970,P10970,0
D10971,P10971,1
D10972,P10972,0
D10973,P10973,1
D10974,P10974,0
D10975,P10975,1
D10976,P10976,0
D10977,P10977,1
D10978,P10978,0
D10979,P10979,1
D10980,P10980,0
D10981,P10981,1
D10982,P10982,0
D10983,P10983,1
D10984,P10984,0
D10985,P10985,1
D10986,P10986,0
D10987,P10987,1
D10988,P10988,0
D10989,P10989,1
D10990,P10990,0
D10991,P10991,1
D10992,P10992,0
D10993,P10993,1
D10994,P10994,0
D10995,P10995,1
D10996,P10996,0
D10997,P10997,1
D10998,P10998,0
D10999,P10999,1
D11000,P11000,0
D11001,P11001,1
D11002,P11002,0
D11003,P11003,1
D11004,P11004,0
D11005,P11005,1
D11006,P11006,0
D11007,P11007,1
D11008,P11008,0
D11009,P11009,1
D11010,P11010,0
D11011,P11011,1
D11012,P11012,0
D11013,P11013,1
D11014,P11014,1
D11015,P11015,0
D11016,P11016,1
D11017,P11017,0
D11018,P11018,1
D11019,P11019,0
D11020,P11020,1
D11021,P11021,0
D11022,P11022,1
D11023,P11023,0
D11024,P11024,1
D11025,P11025,0
D11026,P11026,1
D11027,P11027,0
D11028,P11028,1
D11029,P11029,0
D11030,P11030,1
D11031,P11031,0
D11032,P11032,1
D11033,P11033,0
D11034,P11034,1
D11035,P11035,0
D11036,P11036,1
D11037,P11037,0
D11038,P11038,1
D11039,P11039,0
D11040,P11040,1
D11041,P11041,0
D11042,P11042,1
D11043,P11043,0
D11044,P11044,1
D11045,P11045,0
D11046,P11046,1
D11047,P11047,0
D11048,P11048,1
D11049,P11049,0
D11050,P11050,1
D11051,P11051,0
D11052,P11052,1
D11053,P11053,0
D11054,P11054,1
D11055,P11055,0
D11056,P11056,1
D11057,P11057,0
D11058,P11058,1
D11059,P11059,0
D11060,P11060,1
D11061,P11061,0
D11062,P11062,1
D11063,P11063,0
D11064,P11064,1
D11065,P11065,0
D11066,P11066,1
D11067,P11067,0
D11068,P11068,1
D11069,P11069,0
D11070,P11070,1
D11071,P11071,0
D11072,P11072,1
D11073,P11073,0
D11074,P11074,1
D11075,P11075,0
D11076,P11076,1
D11077,P11077,0
D11078,P11078,1
D11079,P11079,0
D11080,P11080,1
D11081,P11081,0
D11082,P11082,1
D11083,P11083,0
D11084,P11084,1
D11085,P11085,0
D11086,P11086,1
D11087,P11087,0
D11088,P11088,1
D11089,P11089,0
D11090,P11090,1
D11091,P11091,0
D11092,P11092,1
D11093,P11093,0
D11094,P11094,1
D11095,P11095,0
D11096,P11096,1
D11097,P11097,0
D11098,P11098,1
D11099,P11099,0
D11100,P11100,1
D11101,P11101,0
D11102,P11102,1
D11103,P11103,1
D11104,P11104,0
D11105,P11105,1
D11106,P11106,0
D11107,P11107,1
D11108,P11108,0
D11109,P11109,1
D11110,P11110,0
D11111,P11111,1
D11112,P11112,0
D11113,P11113,1
D11114,P11114,0
D11115,P11115,1
D11116,P11116,0
D11117,P11117,1
D11118,P11118,0
D11119,P11119,1
D11120,P11120,0
D11121,P11121,1
D11122,P11122,0
D11123,P11123,1
D11124,P11124,0
D11125,P11125,1
D11126,P11126,0
D11127,P11127,1
D11128,P11128,0
D11129,P11129,1
D11130,P11130,0
D11131,P11131,1
D11132,P11132,0
D11133,P11133,1
D11134,P11134,0
D11135,P11135,1
D11136,P11136,0
D11137,P11137,1
D11138,P11138,0
D11139,P11139,1
D11140,P11140,0
D11141,P11141,1
D11142,P11142,0
D11143,P11143,1
D11144,P11144,0
D11145,P11145,1
D11146,P11146,0
D11147,P11147,1
D11148,P11148,0
D11149,P11149,1
D11150,P11150,0
D11151,P11151,1
D11152,P11152,0
D11153,P11153,1
D11154,P11154,0
D11155,P11155,1
D11156,P11156,0
D11157,P11157,1
D11158,P11158,0
D11159,P11159,1
D11160,P11160,0
D11161,P11161,1
D11162,P11162,0
D11163,P11163,1
D11164,P11164,0
D11165,P11165,1
D11166,P11166,0
D11167,P11167,1
D11168,P11168,0
D11169,P11169,1
D11170,P11170,0
D11171,P11171,1
D11172,P11172,0
D11173,P11173,1
D11174,P11174,0
D11175,P11175,1
D11176,P11176,0
D11177,P11177,1
D11178,P11178,0
D11179,P11179,1
D11180,P11180,0
D11181,P11181,1
D11182,P11182,0
D11183,P11183,1
D11184,P11184,0
D11185,P11185,1
D11186,P11186,0
D11187,P11187,1
D11188,P11188,0
D11189,P11189,1
D11190,P11190,0
D11191,P11191,1
D11192,P11192,0
D11193,P11193,1
D11194,P11194,0
D11195,P11195,1
D11196,P11196,0
D11197,P11197,1
D11198,P11198,0
D11199,P11199,1
D11200,P11200,0
D11201,P11201,1
D11202,P11202,0
D11203,P11203,1
D11204,P11204,0
D11205,P11205,1
D11206,P11206,0
D11207,P11207,1
D11208,P11208,0
D11209,P11209,1
D11210,P11210,0
D11211,P11211,1
D11212,P11212,0
D11213,P11213,1
D11214,P11214,0
D11215,P11215,0
D11216,P11216,1
D11217,P11217,0
D11218,P11218,1
D11219,P11219,0
D11220,P11220,1
D11221,P11221,0
D11222,P11222,1
D11223,P11223,0
D11224,P11224,1
D11225,P11225,0
D11226,P11226,1
D11227,P11227,0
D11228,P11228,1
D11229,P11229,0
D11230,P11230,1
D11231,P11231,0
D11232,P11232,1
D11233,P11233,0
D11234,P11234,1
D11235,P11235,0
D11236,P11236,1
D11237,P11237,0
D11238,P11238,1
D11239,P11239,0
D11240,P11240,1
D11241,P11241,0
D11242,P11242,0
D11243,P11243,1
D11244,P11244,0
D11245,P11245,1
D11246,P11246,0
D11247,P11247,1
D11248,P11248,0
D11249,P11249,1
D11250,P11250,0
D11251,P11251,1
D11252,P11252,0
D11253,P11253,1
D11254,P11254,0
D11255,P11255,1
D11256,P11256,0
D11257,P11257,1
D11258,P11258,0
D11259,P11259,1
D11260,P11260,0
D11261,P11261,1
D11262,P11262,0
D11263,P11263,1
D11264,P11264,0
D11265,P11265,1
D11266,P11266,0
D11267,P11267,1
D11268,P11268,0
D11269,P11269,1
D11270,P11270,0
D11271,P11271,1
D11272,P11272,0
D11273,P11273,1
D11274,P11274,0
D11275,P11275,1
D11276,P11276,0
D11277,P11277,1
D11278,P11278,0
D11279,P11279,1
D11280,P11280,0
D11281,P11281,1
D11282,P11282,0
D11283,P11283,1
D11284,P11284,0
D11285,P11285,1
D11286,P11286,0
D11287,P11287,1
D11288,P11288,0
D11289,P11289,1
D11290,P11290,0
D11291,P11291,1
D11292,P11292,0
D11293,P11293,1
D11294,P11294,0
D11295,P11295,1
D11296,P11296,0
D11297,P11297,1
D11298,P11298,0
D11299,P11299,1
D11300,P11300,0
D11301,P11301,1
D11302,P11302,0
D11303,P11303,1
D11304,P11304,0
D11305,P11305,1
D11306,P11306,0
D11307,P11307,1
D11308,P11308,0
D11309,P11309,1
D11310,P11310,0
D11311,P11311,1
D11312,P11312,0
D11313,P11313,1
D11314,P11314,0
D11315,P11315,1
D11316,P11316,0
D11317,P11317,1
D11318,P11318,0
D11319,P11319,1
D11320,P11320,0
D11321,P11321,1
D11322,P11322,0
D11323,P11323,1
D11324,P11324,0
D11325,P11325,1
D11326,P11326,0
D11327,P11327,1
D11328,P11328,0
D11329,P11329,1
D11330,P11330,0
D11331,P11331,1
D11332,P11332,0
D11333,P11333,1
D11334,P11334,0
D11335,P11335,1
D11336,P11336,0
D11337,P11337,1
D11338,P11338,0
D11339,P11339,1
D11340,P11340,1
D11341,P11341,0
D11342,P11342,1
D11343,P11343,0
D11344,P11344,1
D11345,P11345,0
D11346,P11346,1
D11347,P11347,0
D11348,P11348,1
D11349,P11349,0
D11350,P11350,1
D11351,P11351,0
D11352,P11352,1
D11353,P11353,0
D11354,P11354,1
D11355,P11355,0
D11356,P11356,1
D11357,P11357,0
D11358,P11358,1
D11359,P11359,0
D11360,P11360,1
D11361,P11361,0
D11362,P11362,1
D11363,P11363,0
D11364,P11364,1
D11365,P11365,0
D11366,P11366,1
D11367,P11367,0
D11368,P11368,1
D11369,P11369,0
D11370,P11370,1
D11371,P11371,0
D11372,P11372,1
D11373,P11373,0
D11374,P11374,1
D11375,P11375,0
D11376,P11376,1
D11377,P11377,0
D11378,P11378,1
D11379,P11379,0
D11380,P11380,1
D11381,P11381,0
D11382,P11382,1
D11383,P11383,1
D11384,P11384,0
D11385,P11385,1
D11386,P11386,0
D11387,P11387,1
D11388,P11388,0
D11389,P11389,1
D11390,P11390,0
D11391,P11391,1
D11392,P11392,0
D11393,P11393,1
D11394,P11394,0
D11395,P11395,1
D11396,P11396,0
D11397,P11397,1
D11398,P11398,0
D11399,P11399,1
D11400,P11400,0
D11401,P11401,1
D11402,P11402,0
D11403,P11403,1
D11404,P11404,0
D11405,P11405,1
D11406,P11406,0
D11407,P11407,1
D11408,P11408,0
D11409,P11409,1
D11410,P11410,0
D11411,P11411,1
D11412,P11412,0
D11413,P11413,1
D11414,P11414,0
D11415,P11415,1
D11416,P11416,0
D11417,P11417,1
D11418,P11418,0
D11419,P11419,1
D11420,P11420,0
D11421,P11421,1
D11422,P11422,0
D11423,P11423,1
D11424,P11424,0
D11425,P11425,1
D11426,P11426,0
D11427,P11427,1
D11428,P11428,0
D11429,P11429,1
D11430,P11430,0
D11431,P11431,1
D11432,P11432,0
D11433,P11433,1
D11434,P11434,0
D11435,P11435,1
D11436,P11436,0
D11437,P11437,1
D11438,P11438,0
D11439,P11439,1
D11440,P11440,0
D11441,P11441,1
D11442,P11442,0
D11443,P11443,1
D11444,P11444,0
D11445,P11445,1
D11446,P11446,0
D11447,P11447,1
D11448,P11448,0
D11449,P11449,1
D11450,P11450,0
D11451,P11451,1
D11452,P11452,0
D11453,P11453,1
D11454,P11454,0
D11455,P11455,1
D11456,P11456,0
D11457,P11457,1
D11458,P11458,0
D11459,P11459,1
D11460,P11460,0
D11461,P11461,1
D11462,P11462,1
D11463,P11463,0
D11464,P11464,1
D11465,P11465,0
D11466,P11466,1
D11467,P11467,0
D11468,P11468,1
D11469,P11469,0
D11470,P11470,1
D11471,P11471,0
D11472,P11472,1
D11473,P11473,0
D11474,P11474,1
D11475,P11475,0
D11476,P11476,1
D11477,P11477,0
D11478,P11478,1
D11479,P11479,0
D11480,P11480,1
D11481,P11481,0
D11482,P11482,1
D11483,P11483,0
D11484,P11484,1
D11485,P11485,0
D11486,P11486,1
D11487,P11487,0
D11488,P11488,1
D11489,P11489,0
D11490,P11490,1
D11491,P11491,0
D11492,P11492,1
D11493,P11493,0
D11494,P11494,1
D11495,P11495,0
D11496,P11496,1
D11497,P11497,0
D11498,P11498,1
D11499,P11499,0
D11500,P11500,1
D11501,P11501,0
D11502,P11502,1
D11503,P11503,0
D11504,P11504,1
D11505,P11505,0
D11506,P11506,1
D11507,P11507,0
D11508,P11508,1
D11509,P11509,0
D11510,P11510,1
D11511,P11511,0
D11512,P11512,1
D11513,P11513,0
D11514,P11514,1
D11515,P11515,0
D11516,P11516,1
D11517,P11517,0
D11518,P11518,1
D11519,P11519,0
D11520,P11520,1
D11521,P11521,0
D11522,P11522,1
D11523,P11523,0
D11524,P11524,1
D11525,P11525,0
D11526,P11526,1
D11527,P11527,0
D11528,P11528,1
D11529,P11529,0
D11530,P11530,1
D11531,P11531,0
D11532,P11532,1
D11533,P11533,0
D11534,P11534,1
D11535,P11535,0
D11536,P11536,0
D11537,P11537,0
D11538,P11538,0
D11539,P11539,0
D11540,P11540,0
D11541,P11541,0
D11542,P11542,0
D11543,P11543,0
D11544,P11544,0
D11545,P11545,1
D11546,P11546,0
D11547,P11547,1
D11548,P11548,1
D11549,P11549,0
D11550,P11550,0
D11551,P11551,0
D11552,P11552,0
D11553,P11553,0
D11554,P11554,0
D11555,P11555,0
D11556,P11556,0
D11557,P11557,0
D11558,P11558,0
D11559,P11559,1
D11560,P11560,1
D11561,P11561,0
D11562,P11562,0
D11563,P11563,1
D11564,P11564,0
D11565,P11565,0
D11566,P11566,1
D11567,P11567,0
D11568,P11568,0
D11569,P11569,0
D11570,P11570,1
D11571,P11571,0
D11572,P11572,0
D11573,P11573,0
D11574,P11574,1
D11575,P11575,0
D11576,P11576,0
D11577,P11577,0
D11578,P11578,0
