drug_id,smiles
D00001,O=C1NC2=CC=CC=C2\C1=C\NC1=CC=C(C=C1)S(=O)(=O)NC1=NC=CS1
D00002,N1C=CC(=N1)C1=CN=C(S1)C1=CC=CC=C1
D00003,CC(C)[C@@H](NC(=O)CN1C(=O)C(N)=CN=C1C1=CC=CC=C1)[C@@H](O)C1=NN=C(O1)C(C)(C)C
D00004,CC1=NC(C)=C(S1)C1=CC=NC(N\C=N/O)=N1
D00005,[H][C@](CC([O-])=O)(C(O)=O)C1=CC(=C([O-])C(=C1)C1=NC2=C(N1)C=C(C=C2)C(N)=N)C1=CC=CC=C1OC
D00006,OCC(=O)N1CCC(CC1)C1=NNC(=C1C1=NC=NC=C1)C1=CC=C(Cl)C=C1
D00007,[H][C@@]1(CCCC[C@@]1([H])NC(=O)C1=NC2=C(CN(C)CC2)S1)NC(=O)C1=CC2=C(N1)C=CC(Cl)=C2
D00008,CCOC(=O)C1=C2CN(C)C(=O)C3=C(C=CC(F)=C3)N2C=N1
D00009,[H][C@](N)(C[C@@]1([H])CO1)C(O)=O
D00010,OC1=CC2=C(OC(=N2)C2=CC=C(O)C(F)=C2)C(C=C)=C1
D00011,NC1=NC2=C(N=CN2CCCCC(F)(F)P(O)(O)=O)C(=O)N1
D00012,CN1CCN(CCCCN2C(=O)CN(N=CC3=CC=C(O3)C3=CC=C(Cl)C=C3)C2=O)CC1
D00013,NC1=NC=NC2=C1N=CN2[C@@H]1O[C@H](COP(O)(O)=O)[C@@H](OP(O)(O)=O)[C@H]1O
D00014,NC(=O)C1=CN(C=CC1)[C@@H]1O[C@H](CO[P@](O)(=O)O[P@](O)(=O)OC[C@H]2O[C@H]([C@H](O)[C@@H]2O)N2C=NC3=C(N)N=CN=C23)[C@@H](O)[C@H]1O
D00015,CCC(=O)N(C1=CC=CC=C1)C1(COC)CCN(CCC2=CC=CS2)CC1
D00016,CO[C@H]1CN(CCCOC2=CC=C(F)C=C2)CC[C@H]1NC(=O)C1=CC(Cl)=C(N)C=C1OC
D00017,O[C@@H]1CO[C@@H](O[C@@H]2CO[C@@H](O)[C@H](OS(O)(=O)=O)[C@H]2OS(O)(=O)=O)[C@H](OS(O)(=O)=O)[C@H]1OS(O)(=O)=O
D00018,[H][C@]1(C)CNC(=O)C2=C1C1=CC(=CC=C1N2)C(=O)NC1=NC(=CS1)C(=O)NCCN(C)C
D00019,CN1C=NC2=C1C(=O)N(C)C(=O)N2C
D00020,NC(=[NH2+])C1=CC2=C(S1)C=CC=C2
D00021,O[C@@H](COP(O)(O)=O)[C@@H](O)C(O)=O
D00022,CC\C(=C(/C1=CC=CC=C1)C1=CC=C(OCCN(C)C)C=C1)C1=CC=CC=C1
D00023,CCC(=O)O[C@@](CC1=CC=CC=C1)([C@H](C)CN(C)C)C1=CC=CC=C1
D00024,[H][C@@]1(O)O[C@@]([H])(C(O)=O)[C@@]([H])(O)[C@]([H])(O)[C@@]1([H])OS(O)(=O)=O
D00025,CN1N=C(C)C2=C1N(O)C1=C(C=C(Cl)C=C1)C2=O
D00026,OC1=CC(O)=C(Cl)C=C1C1=C(C=NN1)N1CCNCC1
D00027,NC1=NC(=O)C2=C(N1)N(C=N2)[C@@H]1O[C@H](CO)[C@H]2O[C@@H](O[C@@H]12)P(O)(O)=O
D00028,[H][C@]1(O)CN(CC2=CC=CS2)S(=O)(=O)C2=C1C=C(S2)S(N)(=O)=O
D00029,[H][C@]1(COP(O)(=O)OP(O)(=O)OC[C@@]2([H])O[C@@]([H])(C3=CC(=CN=C3)C(O)=N)[C@]([H])(O)[C@]2([H])O)O[C@@]([H])(N2C=NC3=C(N)N=CN=C23)[C@]([H])(O)[C@]1([H])O
D00030,NC(=N)C1=CC=C(N\N=N\C2=CC=C(C=C2)C(N)=N)C=C1
D00031,CC1(C)C(C=C(Cl)Cl)C1C(=O)OCC1=CC(OC2=CC=CC=C2)=CC=C1
D00032,CC1=C(CCNC(=O)C2=CC=CS2)C2=CC=CC=C2N1
D00033,C[C@@H]1CC[C@H]([C@@H](O)C(F)(F)F)N1C1=CC2=C(NC(=O)C=C2C(F)(F)F)C=C1
D00034,NS(=O)(=O)C1=CC(=C(Cl)C(Cl)=C1)S(N)(=O)=O
D00035,CC(C)C[C@H](NC(=O)[C@H](CC1=CC=CC=C1)NC(=O)C1=CN=CC=N1)B(O)O
D00036,[H]\C(C([O-])=O)=C(/C([O-])=O)[C@@]([H])(O)C([O-])=O
D00037,OC(=O)C(=O)C(O)=O
D00038,[H][C@@]12CC=C[C@@]1(C)CC[C@@]1([H])[C@@]2([H])CC[C@@]2([H])C[C@]([H])(O)CC[C@]12C
D00039,CCN(CC)CCOC(=O)C1=C(Cl)C=C(N)C=C1
D00040,CCCCOC1=NC2=CC=CC=C2C(=C1)C(=O)NCCN(CC)CC
D00041,CN1C2=C(C3=CC=CC=C13)C(=O)C(CN1C=CN=C1C)CC2
D00042,CC(=O)N1CCN(CC1)C1=CC=C(OCC2COC(CN3C=CN=C3)(O2)C2=CC=C(Cl)C=C2Cl)C=C1
D00043,CCC1(C(=O)NCNC1=O)C1=CC=CC=C1
D00044,O[C@@H]([C@H](CC(O)=O)C(O)=O)C(O)=O
D00045,CC[C@H]1OC(=O)[C@H](C)[C@@H](O[C@H]2C[C@@](C)(OC)[C@@H](O)[C@H](C)O2)[C@H](C)[C@@H](O[C@@H]2O[C@H](C)C[C@@H]([C@H]2O)N(C)C)[C@](C)(O)C[C@@H](C)C(=NOCOCCOC)[C@H](C)[C@@H](O)[C@]1(C)O
D00046,CC(C)CCC[C@@H](C)CCC[C@@H](C)CCC\C(C)=C\CC1=C(C)C(=O)C2=C(C=CC=C2)C1=O
D00047,[H][C@](O)(CCC(O)=O)NC1=CC=C(C=C1)N1C(=O)CCC1=O
D00048,ClC1=CC=C(C=C1)C1(CCNCC1)C1=CC=C(C=C1)C1=C2N=CNC2=NC=N1
D00049,[H][C@@]1(O)C[C@@]([H])(O[C@]2([H])O[C@@]([H])(C)[C@@]([H])(O)[C@@]([H])(O)[C@]2([H])O)[C@]([H])(OCCCCCCCC)O[C@]1([H])CO
D00050,OCC1=C(O)C=CC(=C1)C(O)CNCCCCCCOCCCCC1=CC=CC=C1
D00051,NC1=NC=NC2=C1N=CN2[C@@H]1O[C@H](COP(O)(=O)OP(O)(=O)OP(O)(O)=O)[C@@H](O)[C@H]1O
D00052,CN(C(=O)C(C)(C)C1=CC(=CC(=C1)C(F)(F)F)C(F)(F)F)C1=CN=C(C=C1C1=CC=CC=C1C)N1CCN(C)CC1
D00053,CC1=CC=C(CNS(=O)(=O)C2=CC=C(S2)S(N)(=O)=O)C=C1
D00054,CCCCC\C=C/C\C=C/CCCCCCCC(=O)OC[C@]([H])(COP([O-])(=O)OCC[N+](C)(C)C)OC(=O)CCCCCCC\C=C/C\C=C/CCCCC
D00055,NCCCC1=CC=CC=C1
D00056,OCC[C@@H](O)[C@H](O)[C@H](O)\C=C\P(O)(O)=O
D00057,COC1=C(OC)C=C(CCN(C)CCCC(C#N)(C(C)C)C2=CC(OC)=C(OC)C=C2)C=C1
D00058,[H][C@@]1(CS(=O)(=O)C2=CC=C(OC)C=C2)CCCC[C@@]1([H])C(=O)NCCN
D00059,CCCCCCCCCC(=O)O[C@H]1CC[C@H]2[C@@H]3CCC4=CC(=O)CC[C@@H]4[C@H]3CC[C@]12C
D00060,N[C@@H](CSO)C(O)=O
D00061,[H][C@@](C)(CCC(O)=O)[C@@]1([H])CC[C@@]2([H])[C@]3([H])[C@]([H])(O)C[C@]4([H])C[C@]([H])(O)CC[C@]4(C)[C@@]3([H])C[C@]([H])(O)[C@]12C
D00062,CC(C)(C1=CC=C(O)C=C1)C1=CC=C(O)C=C1
D00063,CCC(CC)(CC(=O)NC1=CC(\C=C\C2=NC(=CS2)C2CCC2)=CC=C1)C(O)=O
D00064,NC1=NC(N)=C(C=C1)\N=N\C1=CC=CC=C1
D00065,FC1=CC(=CC(=C1)C(=O)NC1=CC=C2NC=C(CCC3=CC=NC=C3)C2=C1)N1CCOCC1
D00066,NCCCC[C@H](N[C@@H](CCC1=CC=CC=C1)C(O)=O)C(=O)N1CCC[C@H]1C(O)=O
D00067,BrC1=C(NC2=NCCN2)C=CC2=NC=CN=C12
D00068,NC1=NNC2=C1C=C(N=N2)C1=C2C=CC=CN2N=C1C1=CC=CC=C1
D00069,NS(=O)(=O)C1=CC=C(C=C1)C(=O)NCC1=C(F)C(F)=C(F)C=C1
D00070,CC(C)N1C(\C=C\[C@H](O)C[C@H](O)CC(O)=O)=C(C2=CC=C(F)C=C2)C2=CC=CC=C12
D00071,CC1=CC=C(C=C1F)C1=NC(=CC=C1)C(=O)N1CCCC(C)(C)C1
D00072,CCCC(C)C1(CC=C)C(=O)NC(=O)NC1=O
D00073,[H][C@](CC1=CC=CC=C1)(NC)C(=O)N1CCC[C@@]1([H])C(O)=NC[C@@]1([H])CC[C@]([H])(N)CC1
D00074,CC(N)CC1=CC=CC=C1
D00075,CC(CN1C2=CC=CC=C2SC2=C1N=CC=C2)N(C)C
D00076,CC1(C)CCC(C)(C)C2=C1C=CC(NC(=O)C1=CC=C(C=C1)C(O)=O)=C2
D00077,NCCN1CCOCC1
D00078,[H][C@](N)(CC1=CC=C(C=C1)C(=O)C1=CC=CC=C1)C(O)=O
D00079,COC(=O)N[C@@H](C(C)C)C(=O)N1CCC[C@H]1C1=NC=C(N1)C1=CC=C(C=C1)C1=CC=C(C=C1)C1=CN=C(N1)[C@@H]1CCCN1C(=O)[C@@H](NC(=O)OC)C(C)C
D00080,[H][C@@]1(C[C@@H](C)[C@]2([H])CC(=O)[C@H](C)\C=C(C)\[C@@H](O)[C@@H](OC)C(=O)[C@H](C)C[C@H](C)\C=C\C=C\C=C(C)\[C@H](C[C@]3([H])CC[C@@H](C)[C@@](O)(O3)C(=O)C(=O)N3CCCC[C@@]3([H])C(=O)O2)OC)CC[C@@H](O)[C@@H](C1)OC
D00081,CN(C1=CC2=NN(C)C(C)=C2C=C1)C1=CC=NC(NC2=CC=C(C)C(=C2)S(N)(=O)=O)=N1
D00082,C[C@](O)(COC1=C(F)C(F)=C(F)C(F)=C1F)C(=O)NC1=CC=C(C(=C1)C(F)(F)F)[N+]([O-])=O
D00083,[H][C@]1(CC2=CC=C(C=C2)C(F)(F)F)SC(S)=NC1=O
D00084,COC1=C(OC)C(OC)=C(Cl)C(CC2=NC3=C(N)N=C(F)N=C3N2CCCC#C)=C1
D00085,[H]N([H])CCCCC1N([H])C(=O)C(CC2=CN([H])C3=CC=CC=C23)N([H])C(=O)C(CC2=CC=C(O)C=C2)N([H])C(=O)C(CSSCC(N([H])C(=O)C(N([H])C1=O)C(C)C)C(=O)N([H])C(C(C)O)C(=O)N([H])[H])N([H])C(=O)C(CC1=CC2=CC=CC=C2C=C1)N([H])[H]
D00086,C[C@H]1O[C@H](O)[C@H](O)[C@@H](O)[C@H]1O
D00087,CC1=NC(C)=C(S1)C1=CC=NC(NC2=CC=C(C=C2)C(F)(F)F)=N1
D00088,[H][C@](CC1=CC=CC=C1)(NC(=O)CCCC(O)=O)[P@](O)(=O)OCC(=O)NCCC1=CC=CC=C1
D00089,OC[C@@H]1O[C@@](O)(CO)[C@H](O)[C@H]1O
D00090,O=C1C(C(=O)C2=CC=CC=C12)C1=CC=CC=C1
D00091,NC(=[NH2+])N1C=NC=N1
D00092,CN(C)CCC=C1C2=CC=CC=C2CCC2=CC=CC=C12
D00093,[NH3+]CCCCCCCCNC1=C2CCCCC2=[NH+]C2=CC=CC=C12
D00094,CC(CCC1=CC=CC=C1)NCC(O)C1=CC(C(N)=O)=C(O)C=C1
D00095,CC1=CN([C@H]2C[C@H](O)[C@@H](COP(O)(=O)OP(O)(=O)OP(O)(O)=O)O2)C(=O)NC1=O
D00096,[H][C@@]12CC[C@H](O)[C@@]1(C)CC[C@]1([H])C3=CC=C(OC(=O)N(CCCl)CCCl)C=C3CC[C@@]21[H]
D00097,N[C@@H](CSCC(N)=O)C(O)=O
D00098,[H][C@@]12CCCCN1C(=O)C(=O)C(C)(C)COC(=O)CCCCCCCCCCCOC2=O
D00099,[H][C@@]12CC[C@](O)(C(=O)CO)[C@@]1(C)C[C@H](O)[C@@]1([H])[C@@]2([H])CCC2=CC(=O)CC[C@]12C
D00100,[H][C@@](CC(C)C)(CC(=O)NO)C(=O)N[C@@]([H])(CC1=CC=CC=C1)C(=O)NC
D00101,COC1=CC2=C(SC3=C(C=CC=C3)N2C[C@H](C)CN(C)C)C=C1
D00102,NC1=NC(N)=C2N=C(C(N)=NC2=N1)C1=CC=CC=C1
D00103,[H][C@@]12CC[C@@]3(CCC(=O)O3)[C@@]1(C)CC[C@@]1([H])[C@@]2([H])[C@@]([H])(CC2=CC(=O)CC[C@]12C)SC(C)=O
D00104,[H][C@]1(CCCN1)C(O)=NS(=O)(=O)OC[C@@]1([H])O[C@@]([H])(N2C=NC3=C(N)N=CN=C23)[C@]([H])(O)[C@]1([H])O
D00105,N[C@@H](CCC(=O)N[C@@H](CS)C(=O)NCC(O)=O)C(O)=O
D00106,[H]\C(=C1\CCCN=C1C1=CN=CC=C1)C1=C(OC)C=C(OC)C=C1
D00107,ClC1=CC(Cl)=C(COC(CN2C=CN=C2)C2=C(Cl)C=C(Cl)C=C2)C=C1
D00108,OC(=O)CC1=CC=CC=C1NC1=C(Cl)C=CC=C1Cl
D00109,CCCCCCC#CC1=CC=CC=C1\C=C\C(O)=O
D00110,COC1=C(OC)C(=O)C(C\C=C(/C)CCC=C(C)C)=C(C)C1=O
D00111,CN(C\C=C\C#CC(C)(C)C)CC1=CC=CC2=CC=CC=C12
D00112,[H][C@@]1(C[C@]([H])(N=[N+]=[N-])[C@@]([H])(COP([O-])(=O)OP([O-])(=O)OP(O)(=O)OP([O-])(=O)OP([O-])(=O)OC[C@@]2([H])O[C@@]([H])(N3C=NC4=C(N)N=CN=C34)[C@]([H])(O)[C@]2([H])O)O1)N1C=C(C)C([O-])=NC1=O
D00113,CCOC(=O)C(C1=C(O)C2=CC=CC=C2OC1=O)C1=C(O)C2=CC=CC=C2OC1=O
D00114,[H][C@@](COCCCCCCCC)(COP(O)(=O)OCCN)OP(O)(=O)CCCCCCC
D00115,CN1CCN(CC1)C(C1=CC=CC=C1)C1=CC=C(Cl)C=C1
D00116,CC[C@H]1OC(=O)[C@H](C)[C@@H](O[C@H]2C[C@@](C)(OC)[C@@H](O)[C@H](C)O2)[C@H](C)[C@@H](O[C@@H]2O[C@H](C)C[C@@H]([C@H]2O)N(C)C)[C@](C)(O)C[C@@H](C)CN(C)[C@H](C)[C@@H](O)[C@]1(C)O
D00117,COCCOC1=CC2=C(C=C1OCCOC)C(NC1=CC(=CC=C1)C#C)=NC=N2
D00118,COC1=NC(C)=NC(Cl)=C1NC1=NCCN1
D00119,CN(C)S(=O)(=O)C1=CC2=C(SC3=CC=CC=C3\C2=C\CCN2CCN(C)CC2)C=C1
D00120,[H][C@@]12CC3=CC=C(OC4=C5C(CC[N+](C)(C)[C@]5([H])CC5=CC(OC6=C(OC)C=C(CC[N+]1(C)C)C2=C6)=C(OC)C=C5)=CC(OC)=C4OC)C=C3
D00121,CCCOC1=C2C(NC=C2C2=NC(N)=NC=C2)=NC=C1
D00122,[H][C@](O)(CC(O)=O)C(=O)N[C@@]([H])(CCC1=CC=CC=C1)C(=O)NCCC(C)C
D00123,NC1=CC(C=O)=C(CC(=O)OCCBr)C=C1
D00124,COC1=C(OCC2=NC=CC=C2)C=C(C)C=C1
D00125,CC(C(O)=O)C1=CC(=CC=C1)C(=O)C1=CC=CC=C1
D00126,CCCCNC1=CC=C(C=C1)C(=O)OCCOCCOCCOCCOCCOCCOCCOCCOCCOC
D00127,CC(C)C1=NN=C(C)N1[C@H]1C[C@@H]2CC[C@H](C1)N2CC[C@H](NC(=O)C1CCC(F)(F)CC1)C1=CC=CC=C1
D00128,COC1=CC=CC2=C1CCC(=O)N2CCCN1CCN(CC1)C1=CC=CC(Cl)=C1
D00129,[H][C@@]1(C[C@@H](C)[C@]2([H])CC(=O)[C@H](C)\C=C(C)\[C@@H](O)[C@@H](OC)C(=O)[C@H](C)C[C@H](C)\C=C\C=C\C=C(C)\[C@H](C[C@]3([H])CC[C@@H](C)[C@@](O)(O3)C(=O)C(=O)N3CCCC[C@@]3([H])C(=O)O2)OC)CC[C@@H](OCCO)[C@@H](C1)OC
D00130,COC1=C(C=C2C(OC3=CC(Cl)=C(NC(O)=NC4CC4)C=C3)=CC=NC2=C1)C(O)=N
D00131,[H][C@]1(CO)O[C@@]([H])(C2=C3N=CN=C(N)C3=NN2)[C@]([H])(O)[C@]1([H])O
D00132,CSC1=CC(\N=C(/N)N(C)C2=CC(SC)=CC=C2)=C(Cl)C=C1
D00133,[H][C@@]12C[C@@H](C)[C@](O)(C(=O)CO)[C@@]1(C)C[C@H](O)[C@@]1(F)[C@@]2([H])CCC2=CC(=O)C=C[C@]12C
D00134,[H][C@](N)(CC1=CC=CC=C1)C(=O)OC
D00135,CN1CCC(CN2C3=CC=CC=C3SC3=CC=CC=C23)C1
D00136,[H][C@@]12CC3=CNC4=CC=CC(=C34)[C@@]1([H])C[C@@H](CSC)CN2CCC
D00137,[O-][N+](=O)C1=CC2=C(NC(=O)CN=C2C2=CC=CC=C2)C=C1
D00138,CC(=O)NCCCS(O)(=O)=O
D00139,CCCC(C)C1(CC)C(=O)NC(=O)NC1=O
D00140,FCOC(C(F)(F)F)C(F)(F)F
D00141,CCN(CC)CCNC(=O)C1=CC(Cl)=C(N)C=C1OC
D00142,C[P@](O)(=O)OC1=CC=C(C=C1)[N+]([O-])=O
D00143,CCCCC(C)(O)C\C=C\[C@H]1[C@H](O)CC(=O)[C@@H]1CCCCCCC(=O)OC
D00144,CC=C(C(=CC)C1=CC=C(O)C=C1)C1=CC=C(O)C=C1
D00145,N[C@@H](CCC(N)=O)C(O)=O
D00146,NC(=N)SCCC1=CC=C(CCSC(N)=N)C=C1
D00147,NS(=O)(=O)C1=CC=C(NC2=CN3C=C(C=CC3=N2)C(=O)C2=C(Cl)C=CC=C2Cl)C=C1
D00148,COC(=O)NC1=NC2=C(N1)C=C(C=C2)C(=O)C1=CC=CC=C1
D00149,CC1=C2N=C(NC3=CC=C(OCCN4CCCC4)C=C3)N=NC2=CC(=C1)C1=CC(OC(=O)C2=CC=CC=C2)=CC=C1Cl
D00150,CC(C)(COP(O)(=O)OP(O)(=O)OC[C@H]1O[C@H]([C@H](O)[C@@H]1OP(O)(O)=O)N1C=NC2=C1N=CN=C2N)[C@@H](O)C(=O)NCCC(=O)NCCS
D00151,[H]C(Cl)(Br)C(F)(F)F
D00152,CN1N=C(C2=C(N)N=CN=C12)C1=CC2=CC=CC=C2C=C1
D00153,[H][C@]1(CCN(C1)C1=NC=NC2=CC(OC)=C(OC)C=C12)OC1=NC2=CC=CC=C2N=C1
D00154,OC(=O)CCCCN(CC1=CC=C(C=C1)[N+]([O-])=O)CP(O)(O)=O
D00155,COC1=CC=CC=C1C1=CC2=C(C3=C(C=CC(O)=C3)N2CCCO)C2=C1C(=O)NC2=O
D00156,[H][C@](N)(C1CCCC1)C(=O)N1[C@]([H])(CN)CC[C@]1([H])C#C
D00157,N#CC1=CC=C(C=C1)C(N1C=NC=N1)C1=CC=C(C=C1)C#N
D00158,[H][C@]12COC(=O)[C@]1([H])[C@]([H])(C1=CC(OC)=C(O)C(OC)=C1)C1=CC3=C(OCO3)C=C1[C@@]2([H])O[C@]1([H])O[C@]2([H])CO[C@]([H])(O[C@@]2([H])[C@]([H])(O)[C@@]1([H])O)C1=CC=CS1
D00159,CC1=NOC(NS(=O)(=O)C2=C(SC=C2)C(=O)CC2=CC3=C(OCO3)C=C2C)=C1Cl
D00160,COC1=C(OC)C=C2C(N)=NC(=NC2=C1)N1CCN(CC1)C(=O)C1CCCO1
D00161,[H][C@](O)(C(O)=NCCC(O)=NCCSCC(=O)C(F)(F)F)C(C)(C)COP(O)(=O)OP(O)(=O)OC[C@@]1([H])O[C@@]([H])(N2C=NC3=C(N)N=CN=C23)[C@]([H])(O)[C@]1([H])OP(O)(O)=O
D00162,FC(F)OC(F)C(F)(F)F
D00163,CC(C)[C@H](N1CCCNC1=O)C(=O)N[C@H](C[C@H](O)[C@H](CC1=CC=CC=C1)NC(=O)COC1=C(C)C=CC=C1C)CC1=CC=CC=C1
D00164,CC[C@@]1(O)C(=O)OCC2=C1C=C1N(CC3=CC4=CC=CC=C4N=C13)C2=O
D00165,IC1=CNC(=O)NC1=O
D00166,CCOC(=O)C1=CN=CN1[C@H](C)C1=CC=CC=C1
D00167,CN(C)CCCN1C2=CC=CC=C2SC2=CC=CC=C12
D00168,OC1=CC2=C(C=C1)C(=O)C(O)=C(O2)C1=CC=C(O)C(O)=C1
D00169,NC(=N)NNC(=O)N(C1=CC=CC=C1)C1=CC=CC=C1
D00170,CCCCCCCC1=C(O)C(=O)C2=C(N=CS2)C1=O
D00171,[H][C@](O)(CO)COC1=CC(=CC=C1)C(=O)C1=C(N)N(N=C1)C1=CC=C(F)C=C1
D00172,[H][C@@](O)(COC1=C(C)C=CC(C)=C1)CN1CCOCC1
D00173,NC(=O)C[S@@](=O)C(C1=CC=CC=C1)C1=CC=CC=C1
D00174,CC(C)CC1=CC=C(C=C1)C(C)C(O)=O
D00175,CC(C)(C)CC(=O)O\N=C\C1=CC=C(O)C=C1
D00176,CSC1=NC2=CC=CC=C2C(=O)N1C1=C(F)C=CC=C1F
D00177,NC1=CC=C(C=C1)S(=O)(=O)NC1=CC=CC=N1
D00178,CNCCCN1C2=CC=CC=C2CCC2=CC=CC=C12
D00179,[H][C@@]12CO[C@@]3(COS(N)(=O)=O)OC(C)(C)O[C@@]3([H])[C@]1([H])OC(C)(C)O2
D00180,NC(=N)C1=CC2=C(C=C1)N=C(N2)C(=O)C1=NC2=C(N1)C=CC(=C2)C(N)=N
D00181,CC(=N)N1CCC(CC1)OC1=CC=C2C(=C1)N(CC1=CC=C3C=CC(=CC3=C1)C(N)=N)C1=C2C=CC=C1
D00182,CCOC(=O)C1=C(C)NC(C)=C(C1C1=CC(=CC=C1)[N+]([O-])=O)C(=O)OC
D00183,NC(=O)C1=CC=C[N+](=C1)[C@@H]1O[C@@H](COP(O)(O)=O)[C@H](O)[C@H]1O
D00184,[H][C@@]1(CC2=CC=C(C=C2)C(N)=N)CCCC[C@@]([H])(CC2=CC=C(C=C2)C(N)=N)C1=O
D00185,[H][C@]1(CC)O[C@]2(C)[C@]([H])(OC(C)=O)[C@@]1(C)O[C@@]([H])(\C=C\C=C\C=C\C1=C(C)C(OC)=CC(=O)O1)[C@]2([H])O
D00186,ClC1=CC=C2OC(NS(=O)(=O)C3=CC(Cl)=CC=C3Cl)=NC2=C1
D00187,ClC1=CC=C(S1)\C=C\S(=O)(=O)N1CCN(CC2=CC3=C(N2)C=CN=C3)C(=O)C1
D00188,NS(=O)(=O)C1=C(Cl)C=C2NCNS(=O)(=O)C2=C1
D00189,[H][C@@](C)(O)[C@@]([H])(CCOC1=CC2=C(C=CC=C2)C=C1)N1C=NC(=C1)C(N)=O
D00190,CC1=CC(I)=C(O)C(=C1)C(=O)NC1=CC(Cl)=C(C=C1)C(N)=N
D00191,NC1=CC=C(C=C1)S(=O)(=O)C1=CC=C(N)C=C1
D00192,OCCN(CCO)C1=NC2=C(N=C(N=C2N2CCCCC2)N(CCO)CCO)C(=N1)N1CCCCC1
D00193,CSCCNC1=C2N=CN([C@@H]3O[C@H](COP(O)(=O)OP(O)(=O)C(Cl)(Cl)P(O)(O)=O)[C@@H](O)[C@H]3O)C2=NC(SCCC(F)(F)F)=N1
D00194,CC(C)N(CCC(C(N)=O)(C1=CC=CC=C1)C1=NC=CC=C1)C(C)C
D00195,COC(=O)C1=C(C)NC(C)=C(C1C1=CC=CC=C1[N+]([O-])=O)C(=O)OCC(C)C
D00196,CN1C(=O)CC(C)(C1=O)C1=CC=CC=C1
D00197,N[C@](CS(=O)(=O)C1=CC=C(OC2=CC=CC=C2)C=C1)(C(=O)NO)C(F)(F)F
D00198,[H]\C(=N/CCCC[C@]([H])(N)C(O)=O)C1=C(COP(O)(O)=O)C=NC(C)=C1O
D00199,COC1=C(OCC(O)COC(N)=O)C=CC=C1
D00200,CC1=CC=C(C=C1C1=CC=C(C=C1)C(=O)NCC1CC1)C(=O)NC1CC1
D00201,CSC[S@](C)=O
D00202,CC1CCN(CC1)C1=CC=C(CO)C=C1NC(=O)C1=CC=C(O1)C#N
D00203,CN(C)CCCC1(OCC2=C1C=CC(=C2)C#N)C1=CC=C(F)C=C1
D00204,CN(C)CCCN1C2=CC=CC=C2SC2=C1C=C(Cl)C=C2
D00205,[H][C@@]1(CC2=C(C=CC=C2)N(CC(=O)NCCO)C1=O)NC(=O)C1=CC2=C(N1)SC(Cl)=C2
D00206,C[C@H](N)[C@H](O)C1=CC(O)=C(O)C=C1
D00207,CSC1=CC=C(C=C1)C(=O)C1=C(C)NC(=O)N1
D00208,CN1CCN(CC1)C1=NC2=CC(Cl)=CC=C2NC2=CC=CC=C12
D00209,CNCC(O)C1=CC(OC(=O)C(C)(C)C)=C(OC(=O)C(C)(C)C)C=C1
D00210,C[C@@H]1CN(CC[C@]1(C(O)=O)C1=CC=CC=C1)[C@H]1CC[C@](CC1)(C#N)C1=CC=C(F)C=C1
D00211,NC1=NC2=C(N=CN2[C@@H]2O[C@H](COP(O)(=O)OP(O)(=O)OP(O)(O)=O)[C@@H](O)[C@H]2O)C(=O)N1
D00212,CCOC(=O)C(CC1=CC2=C(C=C1)C=CC(=C2)C(N)N)C1=CC=C(OC2CCNC2)C=C1
D00213,CC(C)NCC(O)COC1=C(C)C(C)=C(OC(C)=O)C(C)=C1
D00214,NC1=NC=CC(=N1)C1=C2C=CN=C(N)N2C2=NC=CC(O)=C12
D00215,CC[C@H]1[C@@H](CC2=CN=CN2C)COC1=O
D00216,CCCN(CCC1=CC=CS1)[C@H]1CCC2=C(O)C=CC=C2C1
D00217,COC1=CC(NC2=NC=C(F)C(NC3=CC=C4OC(C)(C)C(=O)NC4=N3)=N2)=CC(OC)=C1OC
D00218,NC1=NC=CC=C1NCC1=CC=CC=C1
D00219,NC1=NC(=O)N(C=C1F)[C@@H]1CS[C@H](CO)O1
D00220,CN1CCN(CCCN2C3=CC=CC=C3SC3=C2C=C(Cl)C=C3)CC1
D00221,ClC1=CC=CC(N2CCN(CCCCOC3=CC4=C(CCC(=O)N4)C=C3)CC2)=C1Cl
D00222,CC1=CC=C(SC2=CC=CC=C2N2CCNCC2)C(C)=C1
D00223,NC(=[NH2+])C1=C(Cl)C=C2NC(=CC2=C1)C1=CC=CC(OC2CCCC2)=C1[O-]
D00224,O=C(CC1=CC2=C(C=CC=C2)C=C1)NC1=CC(=NN1)C1CC1
D00225,COC1=CC2=C(C(OC)=C1OC)C1=CC=C(OC)C(=O)C=C1C(CC2)NC(C)=O
D00226,O[C@H]1[C@H](O)[C@@H](O)[C@H](O)[C@@H](O)[C@@H]1O
D00227,NC(=O)C1=CC=C(NC2=NC(OCC3CCCCC3)=C3N=CNC3=N2)C=C1
D00228,NCCC[C@H](N)C(O)=O
D00229,NC1=NC(=O)N(C=C1)[C@@H]1O[C@H](CO)[C@@H](O)C1(F)F
D00230,[H][C@@](COC(=O)CCCCCCCCCCCCCCCCC)(COP(O)(=O)OCC[N+](C)(C)C)OC(=O)CCCCCCCCCCCCCCCCC
D00231,CCCCCCCCCCC[C@@H](C[C@@H]1OC(=O)[C@H]1CCCCCC)OC(=O)[C@H](CC(C)C)NC=O
D00232,CCCC1=C2N(CC)C(=CC(=O)C2=CC2=C1OC(=CC2=O)C(O)=O)C(O)=O
D00233,[H][C@]1(C)CC[C@@]([H])(CC1)N=C(O)NS(=O)(=O)C1=CC=C(CCN=C(O)N2CC(C)=C(CC)C2=O)C=C1
D00234,COC1=CC2=C(C=C1OC)[C@@H](CC1=CC(OC)=C(OC)C=C1)[N@@+](C)(CCC(=O)OCCCCCOC(=O)CC[N@@+]1(C)CCC3=C(C=C(OC)C(OC)=C3)[C@H]1CC1=CC(OC)=C(OC)C=C1)CC2
D00235,CC1=CC(NC2=NC(NC3=CC=C(CC(O)=O)C=C3)=NC=C2C(N)=O)=CC=C1
D00236,CN(C)C\C=C(\C1=CC=C(Br)C=C1)C1=CC=CN=C1
D00237,CS(O)(=O)=O.NC1=C2N=CN(CCOC[P@@]3(=O)OCC[C@H](O3)C3=CC(Cl)=CC=C3)C2=NC=N1
D00238,CC1=CC2=C(C=C1C(=C)C1=CC=C(C=C1)C(O)=O)C(C)(C)CCC2(C)C
D00239,CO[C@H]1\C=C\C=C(C)\C[C@H](C)[C@H](O)[C@H](C)\C=C(/C)\C=C(OC)\C(=O)O[C@@H]1[C@@H](C)[C@@H](O)[C@H](C)[C@@]1(O)C[C@@H](O)[C@H](C)[C@H](O1)C(C)C
D00240,CCCN[C@H]1CCC2=C(C1)SC(N)=N2
D00241,CC=CCC=CCCC(=O)[C@H]1O[C@H]1C(N)=O
D00242,OCCCCC(O)=O
D00243,OP(O)(=O)OC1=C(C=C2C=CC=CC2=C1)C(=O)NC1=CC=C(Cl)C=C1
D00244,COC1=CC(=O)C2=C(C(COC3=CC=C(C=C3)[N+]([O-])=O)=C(C)N2C)C1=O
D00245,CC1=CC(N2CCCS2(=O)=O)=C2OC(=C(O)C(=O)C2=C1)C1=CC=C(O)C(O)=C1
D00246,[H][C@]1(N(CCSC1(C)C)S(=O)(=O)C1=CC=C(OCC#CCN)C=C1)C(=O)NO
D00247,CCC1=C2NC3=C(CCOC3(CC)CC(O)=O)C2=CC=C1
D00248,CCC1(C)OC(=O)N(C)C1=O
D00249,[H][C@@]12CC[C@](OC(C)=O)(C(C)=O)[C@@]1(C)CC[C@@]1([H])[C@@]2([H])C[C@H](C)C2=CC(=O)CC[C@]12C
D00250,CCOC1=C(NC(=O)C2=CC(C)=C(OCCN)C(C)=C2)C=C(C=C1Cl)N1CCCCC1
D00251,CC1=CC(OCC(O)CNC(C)(C)C)=C(Cl)C=C1
D00252,[H][C@]1(CSCN1)C(O)=O
D00253,[H][C@](C)(C1=CC=CN1)C1=C2C=C(NC(N)=O)C=CC2=NC1=O
D00254,[H][C@@]1(CC[C@@]2([H])[C@]3([H])CC=C4C[C@H](CC[C@]4(C)[C@@]3([H])CC[C@]12C)OS(O)(=O)=O)[C@H](C)CCCC(C)C
D00255,CN1CCN(CC1)C1=NC2=CC=CC=C2NC2=C1C=C(C)S2
D00256,[H][C@@]1(C)CCC2=C(C1)C(C(=O)N(CC)CC)=C(NC(=O)C1=CC=CS1)S2
D00257,O=C1CC2(CCCC2)CC(=O)N1CCCCN1CCN(CC1)C1=NC=CC=N1
D00258,CC1=CC=C(C=C1)S(=O)(=O)NC(=O)NN1CCCCCC1
D00259,CCOC1=CC=C(NC(C)=O)C=C1
D00260,[H][C@@]12CCCN1C(=O)[C@H](CC1=CC=CC=C1)N1C(=O)[C@](C)(NC(=O)[C@H]3CN(C)[C@]4([H])CC5=CNC6=CC=CC(=C56)C4=C3)O[C@@]21O
D00261,C[N+](C)(C)C[C@H](O)CC([O-])=O
D00262,OCC1=CC=C(Br)C=C1
D00263,[H][C@]1(O)CC[C@@]2([H])[C@]3([H])CC[C@@]4([H])CC(=O)CC[C@]4(C)[C@@]3([H])CC[C@]12CCOCC1=CC(F)=CC(F)=C1
D00264,O[C@H]1CC[C@@]2(O)[C@H]3CC4=CC=C(O)C5=C4[C@@]2(CCN3CC2CCC2)[C@H]1O5
D00265,CN1C(CCl)NC2=CC(Cl)=C(C=C2S1(=O)=O)S(N)(=O)=O
D00266,[H][C@@]12C[C@]3([H])O[C@]4([H])C\C=C/[C@]([H])(O)[C@@]([H])(CO)O[C@@]4([H])C=C[C@@]3([H])O[C@@]1([H])[C@]([H])(O)[C@@]1([H])OCC=CC[C@]1([H])O2
D00267,CN1CCC2=C(C1)C(C1=CC=CC=C21)C1=CC=CC=C1
D00268,C[C@@H](OC[C@]1(CC[C@]2(CCC(=O)N2)CN1)C1=CC=CC=C1)C1=CC(=CC(=C1)C(F)(F)F)C(F)(F)F
D00269,CCCC[C@@H](NC(=O)[C@@H](CC1=CC=CC=C1)NC(=O)[C@H](N)CC1=CC=CC=C1)C(=O)N[C@H](CCCNC(N)=N)C(=O)NCC1=CC=NC=C1
D00270,CSCC[C@H](NC(=O)[C@H](CC1=CNC2=C1C=CC=C2)NC(=O)CCNC(=O)OC(C)(C)C)C(=O)N[C@@H](CC(O)=O)C(=O)N[C@@H](CC1=CC=CC=C1)C(N)=O
D00271,COC1=CC=C(C=C1)N1N=C(C(N)=O)C2=C1C(=O)N(CC2)C1=CC=C(C=C1)N1CCCCC1=O
D00272,COC1=C(OCCCN2CCCCC2)C=C2N=CN=C(N3CCN(CC3)C(=O)NC3=CC=C(OC(C)C)C=C3)C2=C1
D00273,[H][C@@]12CC[C@@](O)(C#C)[C@@]1(CC)CC[C@]1([H])[C@@]3([H])CCC(C=C3CC[C@@]21[H])=NO
D00274,CCOC(=O)C(C)(C)OC1=CC=C(Cl)C=C1
D00275,O=C1C2=CC=CC3=C2C(=NN3)C2=C1C=CC=C2
D00276,CCCC(C)(COC(N)=O)COC(N)=O
D00277,OC(=O)CC1=CC(I)=C(OC2=CC=C(O)C(I)=C2)C(I)=C1
D00278,[H][C@]1(O)O[C@]([H])(CO)[C@@]([H])(SC)[C@]([H])(O)[C@@]1([H])O
D00279,CC1=CN(C=N1)C1=CC(NC(=O)C2=CC=C(C)C(NC3=NC=CC(=N3)C3=CN=CC=C3)=C2)=CC(=C1)C(F)(F)F
D00280,CS(C)=O
D00281,CN1CCN(CC1)C(=O)O[C@@H]1N(C(=O)C2=NC=CN=C12)C1=NC=C(Cl)C=C1
D00282,C[C@H](CC1=CC=CC=C1)N(C)CC#C
D00283,CCNC(=O)C1=NOC(=C1C1=CC=C(OC)C=C1)C1=C(O)C=C(O)C(Cl)=C1
D00284,COC1=CC=C(O)C(=C1)C1=NC2=C(N1)C=CC(=C2)C(N)=[NH2+]
D00285,NC1=NC=NC2=C1N=CN2[C@@H]1O[C@@H](CO[P@](O)(=O)OP(O)(O)=O)[C@H]2O[V](=O)(=O)O[C@H]12
D00286,CN1C(=O)C(=CC2=CN=C(NC3=CC(CO)=CC=C3)N=C12)C1=C(Cl)C=CC=C1Cl
D00287,COC1=CC=C(CC(C)NCC(O)C2=CC(NC=O)=C(O)C=C2)C=C1
D00288,[H][C@@]12CCC(=O)[C@@]1(C)CC[C@@]1([H])[C@@]2([H])CC=C2C[C@@]([H])(O)CC[C@]12C
D00289,[H][C@@]12CC[C@@](O)(CC)[C@@]1(CC)C=CC1=C3CCC(=O)C=C3CC[C@@]21[H]
D00290,CN1CCC[C@@H]1CC1=CNC2=C1C=C(CCS(=O)(=O)C1=CC=CC=C1)C=C2
D00291,CCC1=CN=C(CCOC2=CC=C(CC3SC(=O)NC3=O)C=C2)C=C1
D00292,COC(=O)C(C1CCCCN1)C1=CC=CC=C1
D00293,N[C@@H](CN1C=CC(=O)NC1=O)C(O)=O
D00294,[H][C@@]12CC[C@]3(O)C[C@]1(CC3=C)[C@@H](C(O)=O)[C@]1([H])[C@@]3(C)[C@@H](O)C=C[C@@]21OC3=O
D00295,[H][C@@](N)(C(O)=O)[C@@]([H])(O)OP(O)(O)=O
D00296,[H][C@]1(C)O[C@]([H])(O)[C@]([H])(O)[C@@]([H])(O)[C@]1([H])N[C@@]1([H])C=C(CO)[C@@]([H])(O)[C@]([H])(O)[C@@]1([H])O
D00297,CO[C@H]1\C=C\O[C@@]2(C)OC3=C(C)C(O)=C4C(O)=C(NC(=O)\C(C)=C/C=C/[C@H](C)[C@H](O)[C@@H](C)[C@@H](O)[C@@H](C)[C@H](OC(C)=O)[C@@H]1C)C1=C(N=C5C=C(C)C=CN15)C4=C3C2=O
D00298,[H]N=C(N([H])[H])C1=CC=C(O[C@@H]2CO[C@]3([H])[C@H](CO[C@]23[H])OC2=CC=CC(=C2)C(=N[H])N([H])[H])C=C1
D00299,CC(C)(N)C(O)=O
D00300,CCO
D00301,CC(=O)N[C@@H]1[C@@H](O)[C@H](O)[C@@H](CO)O[C@@H]1OP(O)(=O)OP(O)(=O)OC[C@H]1O[C@H]([C@H](O)[C@@H]1O)N1C=CC(=O)NC1=O
D00302,NCCC1=CC(O)=C(O)C=C1
D00303,NC1=NC2=C(N=CN2[C@@H]2O[C@H](COP(O)(O)=O)[C@@H](O)[C@H]2O)C(=O)N1
D00304,[H][C@@]1(CCCN1C(=O)C1=C(O)C=C(O)C=C1)C1=CC=CC=C1C
D00305,ClC1=CC2=C(OC3=CC=CC=C3N=C2N2CCNCC2)C=C1
D00306,COC(F)(F)C(Cl)Cl
D00307,[H][C@@]12O[C@]1(C)CC[C@]1([H])[C@]2(C)CCC[N@+]1([O-])CC(=O)NC1=CC=C(NC(=O)CCCC(O)=O)C=C1
D00308,[H][C@@]1(CCCNC1)NC(=O)C1=NNC=C1NC(=O)C1=C(F)C=CC=C1F
D00309,O[C@@H](CC[C@@H]1[C@H](N(C1=O)C1=CC=C(F)C=C1)C1=CC=C(O)C=C1)C1=CC=C(F)C=C1
D00310,NC(=O)OCC(COC(N)=O)C1=CC=CC=C1
D00311,N[C@@H](CCSC[C@H]1O[C@H]([C@H](O)[C@@H]1O)N1C=NC2=C(N)N=CN=C12)C(O)=O
D00312,CC(=O)OC1=CC=CC=C1C(O)=O
D00313,CCC1(C(=O)NC(=O)NC1=O)C1=CC=CC=C1
D00314,CCCC(=O)O[C@H](COC(=O)CC)COP(O)(=O)OC[C@H](N)C(O)=O
D00315,[H][C@@](N)(COC1=CN=CC(=C1)C1=CC=C2NN=C(C)C2=C1)CC1=CNC2=CC=CC=C12
D00316,CCCCCCC(O)=O
D00317,C[N+](C)(C)CCO.CN1C2=C([N-]C=N2)C(=O)N(C)C1=O
D00318,CNC1(CCCCC1=O)C1=CC=CC=C1Cl
D00319,CC(C)C1=CC=C(CNNC(=O)C2=CC=C(O)C=C2)C=C1
D00320,[H][C@@]1(CC[C@@]([H])(CC1)C(=O)NC1=CC(=CC=N1)C1=CC(NC2=CC=C(F)C=C2)=NC=C1)OC
D00321,CN[C@@H](C)[C@@H](O)C1=CC=CC=C1
D00322,CN1C2=C(C(Br)=C1C(=O)NCCO)C1=C(C(=O)NC1=O)C(=C2)C1=C(Cl)C=CC=C1
D00323,CC(C)(C)C(=O)OCOP(=O)(COCCN1C=NC2=C(N)N=CN=C12)OCOC(=O)C(C)(C)C
D00324,CC(CN(C)C)CN1C2=CC=CC=C2CCC2=CC=CC=C12
D00325,NC1=NC2=C(N[C@@H]3[C@H](N2)O[C@@H](COP(O)(O)=O)C2=C3S[Mo](S)(=O)(=O)S2)C(=O)N1
D00326,CC1COC2=C3N1C=C(C(O)=O)C(=O)C3=CC(F)=C2N1CCN(C)CC1
D00327,CNCCCC12CCC(C3=CC=CC=C13)C1=CC=CC=C21
D00328,[H][C@]1(CN(C)CCCCON)O[C@@]([H])(N2C(C=C)=NC3=C(N)N=CN=C23)[C@]([H])(O)[C@]1([H])O
D00329,[H][C@]12[C@H](C[C@@H](C)C=C1C=C[C@H](C)[C@@H]2CC[C@@H]1C[C@@H](O)CC(=O)O1)OC(=O)[C@@H](C)CC
D00330,CCC(=O)C1(CCN(C)CC1)C1=CC(O)=CC=C1
D00331,ONC(=O)C1=CC=C(S1)C(=O)N1CCN2C(C1)=NC=C2C1=CC=CC=C1
D00332,CN(C)CCC=C1C2=CC=CC=C2COC2=CC=CC=C12
D00333,COC1=CC(N)=C(OC)C(CCOC(=O)C2=C(O)C=C(O)C(Cl)=C2)=C1OC
D00334,COC1=CC=CC2=C1C(=O)C1=C(O)C3=C(C[C@](O)(C[C@@H]3O[C@H]3C[C@H](N)[C@H](O)[C@H](C)O3)C(=O)CO)C(O)=C1C2=O
D00335,[H]\C1=C(\[H])/C(/C)=C([H])/[C@@]([H])(O)CC(=O)CC2=NC(=CO2)C(=O)N2CC[C@]([H])([C@]2([H])C(=O)O[C@]([H])(C(C)C)[C@]([H])(C)\C([H])=C([H])\C(O)=NC1)S(=O)(=O)CCN(CC)CC
D00336,[H][C@@](O)(CC1=CC=C(O)C=C1)C(O)=N[C@@]([H])(C(=O)N1[C@@]([H])(C[C@]2([H])CC[C@]([H])(C[C@]12[H])OS(O)(=O)=O)C(O)=NCCCCNC(N)=N)[C@]([H])(C)CC
D00337,C1=CC2=CC3=CC=C4C=C5C=CC6=CC7=CC=C8C=C1N2[Fe](N78)(N34)N56
D00338,CC(C)(C)N1N=C(CC2=CC(O)=CC=C2)C2=C1N=CN=C2N
D00339,CO[C@H]1\C=C\O[C@@]2(C)OC3=C(C2=O)C2=C(O)C(\C=N\N4CCN(C)CC4)=C(NC(=O)\C(C)=C/C=C/[C@H](C)[C@H](O)[C@@H](C)[C@@H](O)[C@@H](C)[C@H](OC(C)=O)[C@@H]1C)C(O)=C2C(O)=C3C
D00340,[H][C@](S)(CCS)CCCCC(O)=O
D00341,CN1C2=C(C=C(Cl)C=C2)N(C2=CC=CC=C2)C(=O)CC1=O
D00342,CNS(=O)(=O)C1=CC=C(N\C=C2/C(=O)NC3=C2C=CC=C3)C=C1
D00343,OC1=CC2=C(C=C1)C(=NO2)C1=C(O)C=C(O)C=C1
D00344,O=NC(=O)CNS(=O)(=O)C1=CC=CC=C1
D00345,CCOC1=CC([C@@H](NC2=CC=C(C=C2)C(N)=N)C(O)=O)=C(F)C(O[C@@H]2CCOC2)=C1
D00346,CN(C)C1=CC2=[S+]C3=CC(=CC=C3N=C2C=C1)N(C)C
D00347,C1CCN(CC1)C1(CCCCC1)C1=CC=CC=C1
D00348,[H][C@@]1(NC2=CC(C)=C(C=C2S(=O)(=O)N1)S(=O)(=O)N1CCN(C)CC1)C1CCCC1
D00349,CN(C)CCC(C1=CC=C(Br)C=C1)C1=CC=CC=N1
D00350,CCCCCCCCOCCOCCOCCOCCO
D00351,OC(=O)CCCC[C@@H]1CCSS1
D00352,OC(=O)CNC(=O)C1=CC(O)=CC=C1
D00353,OB(O)CCC1=CC=CC=C1
D00354,[H][C@@](CC(O)=O)(C[N+](C)(C)C)OC(=O)CCCCCCC
D00355,CN\C(NCCSCC1=CC=C(CN(C)C)O1)=C/[N+]([O-])=O
D00356,[H][C@](CC)(CC1=CC(CNC(=O)C2=C(F)C=C(C=C2)C(F)(F)F)=C(OC)C=C1)C(O)=O
D00357,CC1=CN=C(NCC(F)(F)C2=CC=CC=N2)C(=O)N1CC(=O)NCC1=C(F)C=CC=N1
D00358,[H][C@](C)(CC)[C@]([H])(NC(=O)[C@@]([H])(NC(=O)[C@@]1([H])O[C@]1([H])C(=O)OCC)[C@@]([H])(C)CC)C(O)=O
D00359,OC(CCN1CCCC1)(C1CCCCC1)C1=CC=CC=C1
D00360,CCN(CC)CCCN(C1CC2=CC=CC=C2C1)C1=CC=CC=C1
D00361,FC(F)OC1=C(OCC2CC2)C=C(C=C1)C(=O)NC1=C(Cl)C=NC=C1Cl
D00362,CCCCC1C(=O)N(N(C1=O)C1=CC=CC=C1)C1=CC=CC=C1
D00363,[H][C@]12[C@]3([H])C=C(CO)C[C@]4(O)C(=O)C(C)=C[C@@]4([H])[C@@]3(O)[C@]([H])(C)[C@@]([H])(O)[C@@]1(OC(C)=O)C2(C)C
D00364,COC(=O)C1=C(C)NC(C)=C(C1C1=CC=CC=C1[N+]([O-])=O)C(=O)OC
D00365,CCC(=O)CCC(C)(C)O
D00366,[O-][N+](=O)C1=CC=C(C=C1)C1=NNC=C1
D00367,CC1=CC=C(C=C1)S(=O)(=O)NC(=O)NN1CC2CCCC2C1
D00368,CN1C=NN=C1SC1=NC(C(=O)NC2=NC(C)=CS2)=C(SC2=CC=C(F)C=C2)C=C1
D00369,CN1CCN(CC2=CC=C(C=C2)C(=O)NC2=CC=CC(NC3=NC=CC(=N3)C3=CN=CC=C3)=C2)CC1
D00370,O=C1NC(=O)C(N1)(C1=CC=CC=C1)C1=CC=CC=C1
D00371,[H]C(CCN(C)C)=C1C2=CC(Cl)=CC=C2SC2=C1C=CC=C2
D00372,O[C@@H]([C@@H](O)C(O)=O)C(O)=O
D00373,CC1=C(O)C=CC=C1C(=O)NC1=C2C=C(C=CC2=CC=C1)C(N)=N
D00374,N[C@H]1C(O)O[C@H](CO)[C@@H](O)[C@@H]1O
D00375,CCN(CC)CCOC1=CC=C(C=C1)C(=C(Cl)C1=CC=CC=C1)C1=CC=CC=C1
D00376,OS(=O)(=O)CCCSC1=NC2=C(S1)C=CC=C2
D00377,N[C@@H](CCCNC(=N)N[N+]([O-])=O)C(O)=O
D00378,[H][C@](N)(CSC(=O)CCCCCCCCCCCCCCC)C(O)=O
D00379,CN(C)C=O
D00380,CS\C(N)=N\CCCCCCCCCCCCCC\N=C(/N)SC
D00381,[H][C@@]12CC[C@H](O)[C@@]1(C)CC[C@@]1([H])[C@@]2([H])CC[C@@]2([H])CC(=O)CC[C@]12C
D00382,NCC1(CC2=CC=C(Cl)C=C2)CCN(CC1)C1=C2C=CNC2=NC=N1
D00383,[H][C@]1(O)[C@@]([H])(O)[C@]([H])(O)[C@](F)(CO)OC1([H])F
D00384,[H][C@@]12CC[C@H](O)[C@@]1(C)CC[C@]1([H])C3=C(CC[C@@]21[H])C=C(O)C=C3
D00385,NS(=O)(=O)CC1=NOC2=CC=CC=C12
D00386,ONC(=O)CC1(CCOCC1)S(=O)(=O)C1=CC=C(OC2=CC=CC=C2)C=C1
D00387,COC1=CC(CC2=C[NH+]=C(N)N=C2N)=CC(OC)=C1OC
D00388,[H][C@@](O)(CNC(=O)C1=CC2=CC(Cl)=CC=C2N1)N(CCO)C1CCCC1
D00389,[H][C@@]1(C)O[C@@]([H])(O[C@@]2([H])[C@]([H])(O[C@@]3([H])[C@]([H])(O)[C@@]([H])(CO)O[C@@]([H])(O)[C@]3([H])N=C(C)O)O[C@]([H])(CO)[C@]([H])(O)[C@]2([H])O)[C@@]([H])(O)[C@]([H])(O)[C@]1([H])O
D00390,[H][C@]1(C[C@@]1([H])C1=CC2=CC=C(C=C2C=C1)C(N)=N)C1=CC=CC=C1
D00391,NC1=NC(CC(=O)NC2=CC=C(CCNC[C@H](O)C3=CC=CC=C3)C=C2)=CS1
D00392,OCC(CO)(CO)NCCCNC(CO)(CO)CO
D00393,COC1=CC(=CC(OC)=C1OC)C(=O)C(=O)N1CCCC[C@H]1C(=O)OC(CCCC1=CN=CC=C1)CCCC1=CN=CC=C1
D00394,[H][C@]12CC[C@]([H])(O1)N1C3=C(C=CC=C3)C3=C4C(=O)NC(=O)C4=C4C5=C(C=CC=C5)N2C4=C13
D00395,NC(N)=NC1=NC(=CS1)C1=CC=C(CNC2=NC3=C(N2)C=CC=C3)S1
D00396,CC1=CC(=CC=C1O)C1=NC(=O)N=C(C1)C1=CC=CC=C1
D00397,C(OC1=C2NC=NC2=NC(NC2=CC=CC=C2)=N1)C1CCCCC1
D00398,COC1=CC(CC(C)N)=CC2=C1OCO2
D00399,ClC1=CC=C(C=C1)C1=CN=CN1
D00400,COC1=CC=C(C=C1)S(=O)(=O)N1C=C(CCC(O)=O)C2=CC(OC)=CC=C12
D00401,[NH3+]CCCCC(O)=O
D00402,[Br-].CCCC(CCC)C(=O)O[C@H]1CC2CCC(C1)[N+]2(C)C
D00403,[H][C@](O)(CCCCCCCC(O)=O)\C=C\C=C/CCCCC
D00404,OC(=O)CCCOC1=CC=C(NC(=O)NC(=O)C2=CC=C(Cl)C=C2Cl)C(Cl)=C1
D00405,CCOP(=O)(OCC)SCC[N+](C)(C)C
D00406,[H][C@@]12C[C@@H](O)[C@@H](O)[C@@]1(C)CC[C@]1([H])C3=C(CC[C@@]21[H])C=C(O)C=C3
D00407,IC1=CC=C(NC(=O)NC2CCCCC2)C=C1
D00408,OC1=C(O)C2=C(C=C1)C(=O)C1=C(O)C=CC(O)=C1C2=O
D00409,[H][C@@]12C[C@H](N(C(=O)[C@H](C)N[C@@H](CCC3=CC=CC=C3)C(=O)OCC)[C@@]1([H])CCCC2)C(O)=O
D00410,CCOC1=CC=CC=C1OCCN[C@H](C)CC1=CC(=C(OC)C=C1)S(N)(=O)=O
D00411,OC1=CC=C(\C=N\OC(=O)C2CCCCC2)C=C1F
D00412,[H][C@]12CC3=C(C=C(OC)C=C3)[C@@]3(CCCC[C@]13[H])CCN2C
D00413,NCCC1=CC=NN1
D00414,[H][C@]1(O)CC[C@@]2([H])[C@]3([H])CC[C@@]4([H])C[C@@]([H])(O)CC[C@]4(C)[C@@]3([H])CC[C@]12C
D00415,CC(C)C[C@H](NS(=O)(=O)CC1=CC=CC=C1)C(=O)N1CCC[C@H]1C(=O)NCCCCN=C(N)N
D00416,CC1=C(CCN2CCC(CC2)C2=NOC3=C2C=CC(F)=C3)C(=O)N2CCCCC2=N1
D00417,[H]\C(=C(\[H])C1=CC=C(CNCCC2=C(C)NC3=CC=CC=C23)C=C1)C(O)=NO
D00418,[H][C@@](CC1=CC=CC=C1)(NC(=O)NC1=NN=C(S)S1)C(=O)NC
D00419,[H][C@@]1(CNC2=C(N1)C(=O)NC(N)=N2)[C@@H](O)[C@H](C)O
D00420,OCC1=CC=CC=C1
D00421,[H][C@@](CC1=CC=CC=C1)(NS(N)(=O)=O)C(O)=O
D00422,OC(=O)C1N=C(C2=CC=CC=C2)C2=C(NC1=O)C=CC(Cl)=C2
D00423,NC1=C(C=NN1C1=CC=C(F)C=C1)C(=O)C1=CC(OC2CCNCC2)=CC=C1
D00424,[H][C@](NC(=O)OCC1=CC=CC=C1)(C(C)C)[P@@](O)(=O)O[C@]([H])(C(O)=O)C1=CC(CN)=CC=C1
D00425,[H][C@@]12CC3=CNC4=CC=CC(=C34)[C@@]1([H])C[C@H](CN2CC=C)C(=O)N(CCCN(C)C)C(=O)NCC
D00426,[H][C@@]12CC3=C(C=C(O)C=C3)[C@]3(CCCC[C@@]13O)CCN2CC1CCC1
D00427,[H][C@@]1(C[C@]([H])(N=[N+]=[N-])[C@@]([H])(COP(O)(O)=O)O1)N1C=C(C)C(O)=NC1=O
D00428,[H][C@@]12CC3=CNC4=CC=CC(=C34)C1=C[C@@H](CN2C)NC(=O)N(CC)CC
D00429,FC1=CC=C(NC(=O)C2=NNC=C2NC(=O)C2=C(F)C=CC=C2F)C=C1
D00430,COC(=O)C1=C(NC(C)=C(C1C1=CC(=CC=C1)[N+]([O-])=O)C(=O)OC(C)C)C#N
D00431,NC1=NNC2=CC=C(C=C12)C1=CC=CC=C1
D00432,COC1=CC2=C(C=C1)N(C(=O)C1=CC=C(Cl)C=C1)C(C)=C2CC(O)=O
D00433,I[Hg]I
D00434,NCCCCNC(N)=N
D00435,CC(CN(C)C)CN1C2=CC=CC=C2SC2=CC=CC=C12
D00436,OCCN1CCN(CC\C=C2\C3=CC=CC=C3SC3=C2C=C(Cl)C=C3)CC1
D00437,CN\C(NCC1=CC=CC=C1)=N/C
D00438,CN(C)C1=C(C)N(C)N(C1=O)C1=CC=CC=C1
D00439,NC1=CC2=NC3=C(C=CC(N)=C3)C=C2C=C1
D00440,CCCCCNC(=N)N\N=C\C1=CNC2=C1C=C(OC)C=C2
D00441,N1N=C(C2=NC3=CC=CC=C3N2)C2=C1C=CC=C2
D00442,N[C@@H](CN1C=C(I)C(=O)NC1=O)C(O)=O
D00443,O[C@@H]1[C@H](O)[C@@H](OP(O)(O)=O)[C@H](OP(O)(O)=O)[C@@H](O)[C@@H]1OP(O)(O)=O
D00444,[H][C@@]1(CC[C@@]2([H])[C@]3([H])CC[C@@]4([H])NC(=O)C=C[C@]4(C)[C@@]3([H])CC[C@]12C)C(=O)NC1=CC(=CC=C1C(F)(F)F)C(F)(F)F
D00445,FC1=CC=C(C=C1)C(=O)CCCN1CCC(=CC1)N1C(=O)NC2=CC=CC=C12
D00446,[H][C@]1(COP(O)(O)=O)O[C@@]([H])(N2C=NC3=C(N)N=CN=C23)[C@]([H])(OP(O)(O)=O)[C@]1([H])O
D00447,OC1=CC=C(C=C1)C1=CC2=C(C=CC3=C2C=NC=C3)N=C1
D00448,CCCNC(=O)NS(=O)(=O)C1=CC=C(Cl)C=C1
D00449,[H][C@]1(O)[C@@]([H])(O)[C@@]([H])(CO)O[C@@]([H])(OCCCCCC)[C@]1([H])O
D00450,C[C@@H](O)[C@H](C)O
D00451,ClC1=CC=CC(Cl)=C1NC1=NCCN1
D00452,CN(C)\N=N\C1=C(N=CN1)C(N)=O
D00453,CC1=C(C=CC=C1)C1=CC2=C(N1)C=CC(=C2)C(N)=N
D00454,CC(O)CO
D00455,ClC1=C(CCN2CCN(CC2)C2=NSC3=CC=CC=C23)C=C2CC(=O)NC2=C1
D00456,CC(C)(C)NC(=O)[C@@H]1CN(CC2=CN=CC=C2)CCN1C[C@@H](O)C[C@@H](CC1=CC=CC=C1)C(=O)N[C@@H]1[C@H](O)CC2=CC=CC=C12
D00457,OC(=O)C1=C(CCC1)C(=O)NC1=C(F)C=C(C=C1F)C1=CC=CC(OC(F)(F)F)=C1
D00458,CC1=NC=C(CO)C(C=O)=C1O
D00459,C[C@@H](C1=NC=NC=C1F)[C@](O)(CN1C=NC=N1)C1=C(F)C=C(F)C=C1
D00460,[H][C@@]12CC[C@H](O)[C@H](C(=O)OC)[C@@]1([H])C[C@]1([H])N(CCC3=C1NC1=CC=CC=C31)C2
D00461,FC1=CC=C(CC(=O)NC(=O)NC2=CC(F)=C(OC3=CC=NC4=C3C=CN4)C=C2)C=C1
D00462,CC(C)(OC1=CC=C(CCNC(=O)C2=CC=C(Cl)C=C2)C=C1)C(O)=O
D00463,OC(=O)C1=CC=CC=C1OC(=O)C1=CC=CC=C1O
D00464,[H][C@@]12CCC(=O)[C@@]1(C)CC[C@]1([H])C3=C(CC[C@@]21[H])C=C(O)C=C3
D00465,COC(=O)[C@H](CC1=CC=CC=C1)NC(=O)[C@@H](N)CC(O)=O
D00466,CC(C)C1=C(C(=O)NC2=CC=CC=C2)C(=C(N1CC[C@@H](O)C[C@@H](O)CC(O)=O)C1=CC=C(F)C=C1)C1=CC=CC=C1
D00467,CC(C)OC(=O)CCC\C=C/C[C@H]1[C@@H](O)C[C@@H](O)[C@@H]1\C=C\[C@@H](O)COC1=CC=CC(=C1)C(F)(F)F
D00468,NC(=N)C1=CC2=C(C=C1)N=C(N2)C1=CC(CC[NH3+])=CC(=C1O)C1=CC=CC=C1
D00469,OC(=O)CCCNC=C1N=C(OC1=O)C1=CC=CC=C1
D00470,[H][C@]1(CN(CC2=CC=C(F)C=C2)CCN1)C(=O)NCCS
D00471,N[C@@H](C[S@@](O)=O)C(O)=O
D00472,OC(=O)CCCC(=O)NC1=CC=C(CC[N+]2([O-])CCCCC2)C=C1
D00473,CN1CCCC(CC1)N1N=C(CC2=CC=C(Cl)C=C2)C2=CC=CC=C2C1=O
D00474,CCN(CC)CCN1C2=C(C=C(Cl)C=C2)C(=NCC1=O)C1=CC=CC=C1F
D00475,[H][C@]1(COP(O)(=O)OP(O)(=O)OP(O)(O)=S)O[C@@]([H])(N2C=NC3=C2NC(=N)N=C3O)[C@]([H])(O)[C@]1([H])O
D00476,CC1=NC(N)=NC2=C1CSCC2
D00477,NCC1CCN(CC(=O)NC2=CC=CC3=C2C(=O)C2=C(NN=C32)C2CCCCC2)CC1
D00478,OC(=O)CC1(CC1)CS[C@H](CCC1=CC=CC=C1C(O)(C)C)C1=CC=CC(\C=C\C2=NC3=C(C=CC(Cl)=C3)C=C2)=C1
D00479,CCN(CC)CCOC1=CC=C(CC2=CC=CC=C2)C=C1
D00480,ON(CCP(O)(O)=O)C=O
D00481,[H][C@](CC1=CC(Br)=C(C=C1)C(F)(F)P(O)(O)=O)(C(=O)C1=CC=CC=C1)C1=CC=CC=C1
D00482,[H][C@@](C)(NC1=CC2=C(C=N1)C(C)=NN2C1=CC=CC(CCC(N)=O)=C1)C1=CC=CC=C1
D00483,C[C@@H](NCCCC1=CC(=CC=C1)C(F)(F)F)C1=CC=CC2=CC=CC=C12
D00484,[H][C@]1(C)CCCC[C@]1([H])OC1=CC=CC(C2=NC3=C(N2)C=C(F)C(=C3)C(N)=N)=C1O
D00485,C[C@H]1[C@H]2CC3=CC=C(O)C=C3[C@]1(C)CCN2CC=C(C)C
D00486,COCCC1=CC=C(OCC(O)CNC(C)C)C=C1
D00487,NCCCNCCSP(O)(O)=O
D00488,N[C@@H](CSSCCO)C(O)=O
D00489,C#CCN[C@@H]1CCC2=CC=CC=C12
D00490,N[C@@H](CCCNC(N)=O)C(O)=O
D00491,ClC1=CC2=C(C=C1)N(C1CCN(CCCN3C(=O)NC4=CC=CC=C34)CC1)C(=O)N2
D00492,[H][C@]1(CO)O[C@@]([H])(SC2=CC=C(C=C2)[N+]([O-])=O)[C@]([H])(O)[C@@]([H])(O)[C@]1([H])O
D00493,OC(=O)C1=CC(=CC=C1O)\N=N\C1=CC=C(C=C1)S(=O)(=O)NC1=NC=CC=C1
D00494,OC(=O)COC1=CC(F)=CC=C1C(=S)NCC1=CC=C(Br)C=C1F
D00495,CC1C(C=C)C2=CC3=C(C)C(CCC(O)=O)=C4C=C5N6C(=CC7=C(C)C(C=C)=C8N7[Fe++]6(N34)N2C1=C8C1=CC=CC=C1)C(C)=C5CCC(O)=O
D00496,CCCCN(CCCC)CCCOC1=CC=C(C=C1)C(=O)C1=C(CCCC)OC2=C1C=C(NS(C)(=O)=O)C=C2
D00497,NC1=NC=NC2=C1N=CN2[C@H]1CC[C@@H](CO[P@@](O)(=O)O[P@](O)(=O)OP(O)(O)=O)O1
D00498,COC1=CC=C2C=CC(=CC2=C1C1=CN(N=C1)S(C)(=O)=O)C(N)=N
D00499,CN1CCCC(CC2C3=CC=CC=C3SC3=CC=CC=C23)C1
D00500,CCCCN1CCCCC1C(=O)NC1=C(C)C=CC=C1C
D00501,N1C=CC(=N1)C1=NC2=CC=CC=C2N1
D00502,NCCS
D00503,CC(C)C1=CC=CC(C(C)C)=C1OCOP(O)(O)=O
D00504,[H][C@@](N1CCC2=C(C1)C=CS2)(C(=O)OC)C1=CC=CC=C1Cl
D00505,CN1CCN2C(C1)C1=CC=CC=C1CC1=C2N=CC=C1
D00506,[H][C@](O)(C(O)=NCCC(O)=NCCSS)C(C)(C)COP(O)(=O)OP(O)(=O)OC[C@@]1([H])O[C@@]([H])(N2C=NC3=C(N)N=CN=C23)[C@]([H])(O)[C@]1([H])OP(O)(O)=O
D00507,[H][C@]1(CO)O[C@@]([H])(N2C=NC3=C(N)C=CN=C23)[C@]([H])(O)[C@]1([H])O
D00508,CCCC(CCC)C(O)=O
D00509,BrC1=CC=C(\C=C\CNCCNS(=O)(=O)C2=CC=CC3=C2C=CN=C3)C=C1
D00510,[H][C@@]1(CC[C@@]2([H])\C(CCC[C@]12C)=C\C=C1C[C@@H](O)C[C@H](O)C1)[C@H](C)\C=C\[C@H](C)C(C)(C)O
D00511,CC1=CC2=C(C=C1C)N(C[C@H](O)[C@H](O)[C@H](O)COP(O)(O)=O)C1=NC(=O)NC(=O)C1=N2
D00512,[O-][N+](=O)C1=CC2=C(NC(=O)CN=C2C2=CC=CC=C2Cl)C=C1
D00513,NCCCC(O)(P(O)(O)=O)P(O)(O)=O
D00514,CC(CN1C2=CC=CC=C2SC2=CC=CC=C12)N(C)C
D00515,CC1=CC=C(C=C1)S(=O)(=O)NC(=O)NC1=CC=C(C=C1)S(N)(=O)=O
D00516,NCC1=CC=C(C=C1)C(=O)N1CCC2(CC1)NC1=CC=CC(F)=C1C(N)=N2
D00517,[H][C@@](CC1=CC=CC=C1)(NC(C)=O)C(O)(O)C(F)(F)F
D00518,[H][C@]1(O)[C@]([H])(O)[C@@]([H])(O)[C@@](O)(O[C@]1([H])CO)C(O)=N
D00519,[H][C@@]12CC3=CC=C(O)C=C3[C@@](C)(CCCCC1)[C@H]2N
D00520,CCC1=C(C(N)=NC(N)=N1)C1=CC=C(NCC2=CC(F)=CC(F)=C2)C=C1
D00521,CC1=CC=C(C=C1)C1=CC(=NN1C1=CC=C(C=C1)S(N)(=O)=O)C(F)(F)F
D00522,[H][C@@](C)(CC1=CC=CC=C1O)C(O)=O
D00523,COC(=O)C1=C(C)NC(C)=C(C1C1=CC=CC2=NON=C12)C(=O)OC(C)C
D00524,OC(=O)CCC(O)=O
D00525,O=C1NC2=C(O1)C(=CC=C2)N1CCN(CC2=CC(=CC=C2)C2=CC=CC=C2)CC1
D00526,CCOC1=CC=C(OCC)C(NC(=O)C2=CC(C)=C(OCCN)C(C)=C2)=C1
D00527,OC1=CC2=C(C=C1)C(=NO2)C1=CC2=C(C=C1)C=C(O)C=C2
D00528,CCOP(=O)(OCC)C(=CC1=CC(=C(O)C(=C1)C(C)(C)C)C(C)(C)C)P(=O)(OCC)OCC
D00529,N[C@@H](CCC(O)=O)C(O)=O
D00530,OC1=CC=C2C[C@H]3N(CC=C)CC[C@@]45[C@@H](OC1=C24)C(=O)CC[C@@]35O
D00531,[H][C@@]12CCCN1C(=O)[C@@H](CC)NC(=O)[C@@H](NC(=O)C1=NC=CC=C1O)[C@@H](C)OC(=O)[C@@H](NC(=O)[C@]1([H])CC(=O)[C@]([H])(CS[C@@H]3CN4CCC3CC4)CN1C(=O)[C@H](CC1=CC=C(C=C1)N(C)C)N(C)C2=O)C1=CC=CC=C1
D00532,[H][C@@](CC(=O)OC)(NC(=O)OC(C)(C)C)C(C)=O
D00533,OC(=O)C(=O)CC([O-])=O
D00534,[H][C@@]12CCC(=O)[C@@]1(C)CC[C@@]1([H])[C@@]2([H])CC(=C)C2=CC(=O)C=C[C@]12C
D00535,CCC[C@H](NC(=O)[C@@H](NC(=O)[C@H](NC(=O)[C@@H](NC(=O)CNC(=O)CN(C)C(C)=O)C(C)C)[C@@H](C)CC)[C@@H](C)O)C(=O)N[C@@H]([C@@H](C)CC)C(=O)N[C@@H](CCCN=C(N)N)C(=O)N1CCC[C@H]1C(=O)NCC
D00536,[H][C@@]12CN(C[C@]1([H])[C@H]2N)C1=NC2=C(C=C1F)C(=O)C(=CN2C1=C(F)C=C(F)C=C1)C(O)=O
D00537,OC(=O)CC1=CC=C(C=C1)C1=CNC2=NC=C(C=C12)C1=CC=C2C=CC=CC2=C1
D00538,NC1=NC2=C(N=C(CN3C4=CC=CC=C4C=CC4=CC=CC=C34)C=N2)C(N)=N1
D00539,NC1=C2N=CN([C@@H]3O[C@H](CO)[C@@H](O)[C@H]3O)C2=NC=N1
D00540,N[C@@H](CCC(=O)N[C@@H](C[S@](O)=O)C(=O)NCC(O)=O)C(O)=O
D00541,[H][C@@]1(CC[C@]2([H])\C(CCC[C@]12C)=C\C=C1C[C@@H](O)C[C@H](O)C1)[C@H](C)CC#CC(C)(C)O
D00542,COC1=CC(CC2=C(C)C3=C(N=C2)N=C(N)N=C3N)=C(OC)C=C1
D00543,COC1=C(OC)C=C(C=C1)C1=NN(C2CCC2)C2=NC=NC(N)=C12
D00544,ClC1=C(COC(CN2C=CN=C2)C2=C(Cl)C=C(Cl)C=C2)C=CS1
D00545,CCN(CC)CCOC(=O)C1=CC=C(N)C=C1
D00546,FC1=CC=C(C(F)=C1)C1=C2CNC(=O)N(C2=CC(=C1)N1CCNCC1)C1=C(Cl)C=CC=C1Cl
D00547,COC1=CC=C(C=C1)C1C(=O)C2=CC=CC=C2C1=O
D00548,NCCCC[C@H](N)C(O)=O
D00549,NCCCCCCNS(=O)(=O)C1=CC=CC2=C1C=CC=C2Cl
D00550,IC1=CC=CC(CNC2=C3CCCCC3=NC3=C2C=CC=C3)=C1
D00551,CSC1=CC=C(C=C1)C(=O)\C=C\C1=CC(C)=C(OC(C)(C)C(O)=O)C(C)=C1
D00552,OP(O)(=O)OC1=CC=C(C=C1)[N+]([O-])=O
D00553,CN(C)C1=NC=NC2=C1N=CN2[C@@H]1O[C@H](COP(O)(O)=O)[C@@H](N)[C@H]1O
D00554,[H][C@]([NH3+])(CC1=C(SN=C1[O-])C(C)(C)C)C(O)=O
D00555,[H][C@@](CO)(NC1=NC2=C(N=CN2C(C)C)C(NC2=CC=C(C(O)=O)C(Cl)=C2)=N1)C(C)C
D00556,[H][C@@](CO)(C(C)C)N1C=C(C(O)=O)C(=O)C2=C1C=C(OC)C(CC1=C(F)C(Cl)=CC=C1)=C2
D00557,OC(=O)C(=O)N(C1=CC=CC=C1C(O)=O)C1=CC=CC2=C1C=CC=C2
D00558,CC\C(=C(/C1=CC=C(O)C=C1)C1=CC=C(OCCN(C)C)C=C1)C1=CC=CC=C1
D00559,OCCOCN1C=C(CC2=CC=CC=C2)C(=O)NC1=O
D00560,OC(=O)C1=C(NC(=O)C2=CC=CC(=C2)S(=O)(=O)N2CCC3=CC=CC=C3C2)C=CC=C1
D00561,Cl.CCOC(=O)N1CCN(CC1)C(=O)[C@H](CC1=CC=CC(=C1)C(N)=N)NS(=O)(=O)C1=C(C=C(C=C1C(C)C)C(C)C)C(C)C
D00562,[H][C@]12O[C@@]1([H])[C@]1([H])C[C@@]([H])(C[C@@]2([H])[N+]1(C)C)OC(=O)C(O)(C1=CC=CS1)C1=CC=CS1
D00563,CC(C)(C)NCC(O)C1=CC(Cl)=C(N)C(Cl)=C1
D00564,[H][C@]1(CCCN1C(=O)CNC1CCCCCC1)C(=O)NCC1=CC=C(C=C1)C(N)=N
D00565,CC(=O)[C@@H](N)COCC1=CC=CC=C1
D00566,NNC(N)=N
D00567,CNC1=NC(NC2=CC=C(CC#N)C=C2)=NC(NC2=NNC(=C2)C2CC2)=C1
D00568,CCC1=CC=C(NS(O)(=O)=O)C=C1
D00569,CCOC1=NC(NC(=O)CC2=CC(OC)=C(Br)C=C2OC)=CC(N)=C1C#N
D00570,[H][C@]1(COP(O)(=O)OP(O)(=O)OP(O)(=O)OP(O)(=O)OP(O)(=O)OC[C@@]2([H])O[C@@]([H])(N3C=NC4=C(N)N=CN=C34)[C@]([H])(O)[C@]2([H])O)O[C@@]([H])(N2C=NC3=C(N)N=CN=C23)[C@]([H])(O)[C@]1([H])O
D00571,[H][C@@](CC(C)C)(N[C@@]([H])(C1=CC=C(C=C1)C1=CC=C(C=C1)S(N)(=O)=O)C(F)(F)F)C(=O)NCCN
D00572,CC1=NC(=NN1C1=CC(Cl)=CC(Cl)=C1)C(O)=O
D00573,CSC[C@H](NC(=O)CC[C@H](N)C(O)=O)C(=O)NCC(O)=O
D00574,CCOC(=O)C1=CN=C(C=C1)C#CC1=CC2=C(SCCC2(C)C)C=C1
D00575,OC(=O)CCCCCC(=O)CCC(O)=O
D00576,[H][C@](CC(C)C)(N(CC1=CC=CC=C1)[P@](C)(=O)C1=CC=CC=C1)C(=O)NO
D00577,[H][C@]1(O[C@](O)(C[C@H](O)[C@H]1NC(C)=O)C(O)=O)[C@H](O)[C@H](O)CO
D00578,CCCC1=CC(=O)NC(=S)N1
D00579,CCOC(=O)C(=O)N1CCCCC1
D00580,CCC1=CC=C(NS(=O)(=O)C2=CC=C(F)C=C2)C(C(O)=O)=C1C
D00581,[H][C@](CC1=CC=CC=C1)(N=C(O)[C@@]1([H])CC[C@@]([H])(CC1)C(C)C)C(O)=O
D00582,CC1=CC=C(C=C1C1=CC2=C(C=C1)N=C(NCCN1CCOCC1)N=C2)C(=O)NC1CC1
D00583,COC1=CC2=C(C=C1)N=C(N2)S(=O)CC1=NC=C(C)C(OC)=C1C
D00584,NS(=O)(=O)C1=CC=C(C=C1)N1CCCCS1(=O)=O
D00585,CN(C)S(=O)(=O)C1=CC2=C(SC3=CC=CC=C3N2CCCN2CCN(C)CC2)C=C1
D00586,CC1=CC=C(NC(=O)C2(CC2)C2=CC=C3OC(F)(F)OC3=C2)N=C1C1=CC(=CC=C1)C(O)=O
D00587,COC1=CC(OC)=C(Cl)C2=C1C(=O)[C@]1(O2)[C@H](C)CC(=O)C=C1OC
D00588,OP(O)(=O)OCN1C(=O)NC(C1=O)(C1=CC=CC=C1)C1=CC=CC=C1
D00589,[H][C@]1(CCCN1C(=O)C(=O)C(C)(C)CC)C(=O)OCCCC1=CN=CC=C1
D00590,ClC1=CC=CC=C1C(N1C=CN=C1)(C1=CC=CC=C1)C1=CC=CC=C1
D00591,OC1N=C(C2=CC=CC=C2Cl)C2=C(NC1=O)C=CC(Cl)=C2
D00592,[H][C@@](CC)(C1=CC(NS(=O)(=O)C2=NC=C(C=C2)C(F)(F)F)=CC=C1)C1=C(O)C[C@@](CCC)(CCC2=CC=CC=C2)OC1=O
D00593,CC1=NC(C)=C2CCC(=O)N(CC3=CC=C(C=C3)C3=CC=CC=C3C3=NNN=N3)C2=N1
D00594,CCOC1=CC(N)=C(C=C1C(=O)NC1CCN(CC2CCC=CC2)CC1)[N+]([O-])=O
D00595,[H][C@]1(CO)O[C@](N=C(O)OC)(C(O)=N)[C@]([H])(O)[C@@]([H])(O)[C@]1([H])O
D00596,COC1=CC=C(C=C1)C(CN(C)C)C1(O)CCCCC1
D00597,O=C(O[C@H]1CN2CCC1CC2)N1CCC2=CC=CC=C2[C@@H]1C1=CC=CC=C1
D00598,CCC1(CC)C(=O)NC(=O)N(C)C1=O
D00599,COC1=CC(=CC=C1CC1=CN(C)C2=C1C=C(NC(=O)OC1CCCC1)C=C2)C(=O)NS(=O)(=O)C1=CC=CC=C1C
D00600,[H][C@]12CC[C@]([H])(C3=C(C=CC=C13)C(F)(F)F)[C@@]2([H])N
D00601,OC(=O)C1=CC=CC=C1O
D00602,CC(C)N=C1C=C2N(C3=CC=C(Cl)C=C3)C3=C(C=CC=C3)N=C2C=C1NC1=CC=C(Cl)C=C1
D00603,Cl[C@H]1[C@H](Cl)[C@@H](Cl)[C@@H](Cl)[C@H](Cl)[C@H]1Cl
D00604,OS(=O)(=O)CC1=CC=CC=C1
D00605,OC(=O)C1=CCCNC1
D00606,FC1=CC=C(C=C1)N1C=C(C2CCN(CCN3CCNC3=O)CC2)C2=C1C=CC(Cl)=C2
D00607,OCCOCCN1CCN(CC1)C1=NC2=CC=CC=C2SC2=CC=CC=C12
D00608,CCCC(C)C1(CC)C(=O)NC(=S)NC1=O
D00609,CC1=CC=C2N=C3N(CC[C@@]3(O)C(=O)C2=C1)C1=CC=CC=C1
D00610,C[C@H](CCCC(C)(C)O)[C@@]1([H])CC[C@@]2([H])\C(CCC[C@]12C)=C\C=C1\C[C@@H](O)C[C@H](O)C1=C
D00611,[H][C@@]12CC[C@@](O)(C#CC)[C@@]1(C)C[C@H](C1=CC=C(C=C1)N(C)C)C1=C3CCC(=O)C=C3CC[C@@]21[H]
D00612,CC1=C(C)C=C2N(C[C@H](O)[C@H](O)[C@H](O)CO)C3=NC(=O)NC(=O)C3=NC2=C1
D00613,NC(=N)NS(=O)(=O)C1=CC=C(N\C=C2/C(=O)NC3=C2C=CC=C3)C=C1
D00614,[H][C@@]1(OC(=O)C(O)=C1O)[C@@H](O)CO
D00615,CC(C)C1=CC=CC(C(C)C)=C1O
D00616,[H]C(Cl)=CC(O)(CC)C#C
D00617,[H][C@@]1(CC[C@]2(O)[C@]3([H])CC[C@]4([H])C[C@H](CC[C@]4(C)[C@@]3([H])CC[C@]12C)O[C@H]1C[C@H](O)[C@H](O[C@H]2C[C@H](O)[C@H](O[C@H]3C[C@H](O)[C@H](O)[C@@H](C)O3)[C@@H](C)O2)[C@@H](C)O1)C1=CC(=O)OC1
D00618,CN1C2=C(C=C(Cl)C=C2)C(=NC(O)C1=O)C1=CC=CC=C1
D00619,CO\C=C(\C(=O)OC)C1=CC=CC=C1OC1=NC=NC(OC2=CC=CC=C2C#N)=C1
D00620,N[C@@H](CSS)C(O)=O
D00621,CCCCN(CCCC)CCC(O)C1=C2C=CC(=CC2=C2C=C(Cl)C=C(Cl)C2=C1)C(F)(F)F
D00622,[H][C@]1(CCCCN1C(C)=O)C(O)=O
D00623,NC1=NC(=O)N(C=C1)[C@@H]1O[C@H](CO)[C@@H](O)[C@@H]1O
D00624,CCCOC1=CC=C(C=C1)C1=CSC(=C1CC(=O)NC(N)=N)C1=CC=CC=C1Cl
D00625,CC1=CC(=O)C2=CC=CC=C2C1=O
D00626,CN(C)CCCN1C2=CC=CC=C2CCC2=CC=CC=C12
D00627,CCOC(=O)C1=C(C)NN=C1C
D00628,[H][C@@](CC)(CO)NC1=NC2=C(N=CN2C(C)C)C(NCC2=CC=C(C=C2)C2=CC=CC=N2)=N1
D00629,C[As](C)(O)=O
D00630,CN1C2=C(NC=N2)C(=O)N(C)C1=O
D00631,CC(=O)N[C@@H]1[C@@H](O)[C@H](O)[C@@H](CO)OC1=O
D00632,[H][C@]1(N)C[C@@]([H])(O[C@]1([H])COP(O)(O)=O)N1C=C(C)C(O)=NC1=O
D00633,CN(C)CCCOC1=CC(=O)SC2=CC=CC=C12
D00634,CN[C@@H](C)CC1=CC=CC=C1
D00635,NS(=O)(=O)C1=CC=C(NC2=CC(OCC3CCCCC3)=NC3=NC=NN23)C=C1
D00636,OC1N=C(C2=CC=CC=C2F)C2=C(C=CC(Cl)=C2)N(CCC#N)C1=O
D00637,COC1=C(OCCCN2CCOCC2)C=C2C(NC3=CC(Cl)=C(F)C=C3)=NC=NC2=C1
D00638,OC1=C(Cl)C=C(C=C1Cl)C1=CC(Cl)=C(O)C(Cl)=C1
D00639,[H][C@](C)(C#CC1=C(C)N=C(N)N=C1N)C1=CC(OC)=CC(=C1)C1=CC=C(C)C=C1
D00640,[H][C@@](OC(C)=O)(C(=O)NC1=CC=CC2=C1C(=O)C(=O)NC2=O)C1=CC=CC(Cl)=C1
D00641,NS(=O)(=O)C1=CC(F)=CC(F)=C1
D00642,COC1=C(C\C=C(/C)CCC(O)=O)C(O)=C2C(=O)OCC2=C1C
D00643,NCCCNCCCCNCCCN
D00644,[H][C@@]12C[C@@H]([C@H](OC(C)=O)[C@@]1(C)CC[C@@]1([H])[C@@]2([H])CC[C@@]2([H])C[C@H](OC(C)=O)[C@H](C[C@]12C)N1CC[N+](C)(C)CC1)N1CC[N+](C)(C)CC1
D00645,[H]N([H])C(=O)C1=C(OCC2CCCCC2)C=CC(=C1)[C@H](C)N([H])C(=O)[C@H](CC1=CC(=C(OCC(O)=O)C=C1)P(O)(O)=O)N([H])C(C)=O
D00646,CCC1(CC)C(=O)NCC(C)C1=O
D00647,OC1=C(C=C(CC(=O)NCCCCCC([O-])=O)C=C1I)[N+]([O-])=O
D00648,CC1=CN([C@H]2CC[C@@H](COP(O)(O)=O)O2)C(=O)NC1=O
D00649,[H][C@]12SC(C)(C)[C@@H](N1C(=O)[C@H]2NC(=O)C1=C(C)ON=C1C1=C(F)C=CC=C1Cl)C(O)=O
D00650,CC(C)C1(CC=C)C(=O)NC(=O)NC1=O
D00651,CCN1CCN(CC1)C1=NC2=C(C=NN2C(NC2=CC=CC=C2)=N1)C#N
D00652,C[N@+]1(CC2CC2)CC[C@]23[C@H]4OC5=C(O)C=CC(C[C@@H]1[C@]2(O)CCC4=O)=C35
D00653,C[N+](C)(C)[C@@H](CCC1=NC(C[C@H](N)C(O)=O)=CN1)C(N)=O
D00654,[H][C@@]1(C[C@@]2([H])C[C@]3([H])C[C@@]([H])(C1)N2CC3=O)OC(=O)C1=CNC2=C1C=CC=C2
D00655,CN[C@@H](C)[C@H](O)C1=CC=CC=C1
D00656,CCC1NC(=O)C2=CC(=C(Cl)C=C2N1)S(N)(=O)=O
D00657,ClC1=CC=C(NC(=O)C2=C(NCC3=CC=NC=C3)C=CC=C2)C=C1
D00658,NCC1=CC=C(C=C1)C1=CC=CS1
D00659,[H][C@@]12CCCN1C(=O)[C@H](CC(C)C)N1C(=O)[C@](NC(=O)[C@H]3CN(C)[C@]4([H])CC5=C(Br)NC6=CC=CC(=C56)C4=C3)(O[C@@]21O)C(C)C
D00660,[H][C@]1(CO)OC[C@]([H])(O1)N1C=CC(=N)N=C1O
D00661,CC1=CC(=NO1)C(=O)NNCC1=CC=CC=C1
D00662,NCCNS(=O)(=O)C1=CC=C(Cl)C2=C1C=NC=C2
D00663,CC1=NC2=C(C=CC=C2O)C(=O)N1
D00664,CN1C(=O)CC(C1=O)C1=CC=CC=C1
D00665,[H][C@@]12C[C@H](C)[C@](O)(C(=O)CO)[C@@]1(C)C[C@H](O)[C@@]1(F)[C@@]2([H])CCC2=CC(=O)C=C[C@]12C
D00666,NC(=[NH2+])C1=CC2=C(C=C1)N=C(N2)C1=CC=CC=C1O
D00667,CCC1=NC(N)=NC(N)=C1C1=CC=C2SC(C)(C)C(=O)N(CCNC(C)=O)C2=C1
D00668,[H]\C(=C(\C)[C@]1([H])C\C([H])=C(C)/CCC[C@]([H])(C)[C@]([H])(O)[C@@]([H])(C)C(=O)C(C)(C)[C@@]([H])(O)CC(=O)O1)C1=CSC(C)=N1
D00669,CCCCC1(CC)C(=O)NC(=O)NC1=O
D00670,CNC1=NC2=C(C=C(Cl)C=C2)C(C2=CC=CC=C2)=[N+]([O-])C1
D00671,[H][C@@]12C[C@@]3([H])C(C(=O)C4=C(O)C=CC=C4[C@@]3(C)O)=C(O)[C@]1(O)C(=O)C(C(=O)NCN1CCCC1)=C(O)[C@H]2N(C)C
D00672,COC1=C(OC)C=C2C(N)=NC(=NC2=C1)N1CCN(CC1)C(=O)C1=CC=CO1
D00673,OC(=O)COC1=CC(Cl)=CC=C1C(=O)NCC1=CC(=CC=C1)[N+]([O-])=O
D00674,[H]\C(=C(\C)[C@@]1([H])OC(=O)[C@]2([H])CCCCN2C(=O)C(=O)[C@]2(O)O[C@@]([H])([C@]([H])(C[C@@]2([H])C)OC)[C@]([H])(C[C@@]([H])(C)[C@]([H])(O)\C(C)=C([H])\[C@@]([H])(CC)C(=O)C[C@]([H])(O)[C@@]1([H])C)OC)[C@]1([H])CC[C@@]([H])(OC2=CC=C3N(C)C=CC3=C2)[C@@]([H])(C1)OC
D00675,[H]C1(CC#N)C=CC(C=C1)=NC1=NC2=CC=CC=C2C(N=C2NNC(=C2)C2CC2)=N1
D00676,[H][C@]1(O)CN[C@]([H])(CC2=CC=C(OC)C=C2)[C@]1([H])OC(C)=O
D00677,NS(=O)(=O)OC1=CC=C(CN(N2C=NN=C2)C2=CC=C(C=C2)C#N)C=C1Br
D00678,CC1(C)CCC(C)(C)C2=CC(=CC=C12)C(=O)\C=C\C1=CC=C(C=C1)C(O)=O
D00679,[H][C@@]12CC[C@@H](C)[C@]3([H])CC[C@@]4(C)OO[C@@]13[C@]([H])(O[C@H](OC)[C@@H]2C)O4
D00680,OC1=CC(\C=C\C2=CC=C(O)C(O)=C2)=CC(O)=C1
D00681,NC(=[NH2+])C1=CC=C2NC(=NC2=C1)C1=CC(=CC(=C1[O-])C1=C(F)C=CC=C1)[C@@H](CC([O-])=O)C([O-])=O
D00682,OC(=O)CCCC[P@]([O-])(=O)OC1=CC=C(C=C1)[N+]([O-])=O
D00683,[O-][N+](=O)C1=C(C=CC(=C1)C(F)(F)F)C(=O)C1C(=O)CCCC1=O
D00684,COC[C@H](N(C)C)C(=O)O[C@@H]1C\C=C\C=C\C(=O)O[C@@H](C\C=C\[C@H](OC)C[C@H](C)C\C=C(C)\[C@@H](OC)CC[C@@H](C)[C@@H](O)[C@@H]1C)[C@@H](C)[C@@H](O)[C@@H](C)CC[C@@H](OC(=O)[C@H](C)N(C)C)[C@H](C)[C@H](OC(C)=O)[C@H](C)\C=C\N(C)C=O
D00685,O=C1NNC(=O)C2=CC(=CC=C12)[N+]1=NC(\C=C\C2=CC=CC=C2)=NN1C1=NC2=C(S1)C=CC=C2
D00686,CC(N(O)C(N)=O)C1=CC2=CC=CC=C2S1
D00687,OC(=O)CCC1=C(NC2=C1C(Cl)=CC(Cl)=C2)C(O)=O
D00688,O\N=C1\C(\NC2=C\1C=CC=C2)=C1\C(=O)NC2=C1C=CC(Br)=C2
D00689,CCCCSC1=CC=C(C=C1)C(SCCN(C)C)C1=CC=CC=C1
D00690,ClC1=CC=C(CSC(CN2C=CN=C2)C2=C(Cl)C=C(Cl)C=C2)C=C1
D00691,CCC1(CCC(=O)NC1=O)C1=CC=CC=C1
D00692,[H][C@](CCC(O)=O)(CC1=CC=C(OCC2=CC=CC=C2)C=C1)N=C(O)CCCCCCC1=CC=CC=C1
D00693,OC1=CC=C(C=C1)[N+]([O-])=O
D00694,[H][C@@]12OC3=C(O)C=CC4=C3[C@@]11CCN(C)[C@]([H])(C4)[C@]1(O)CCC2=O
D00695,[H][C@]12[C@H](OC(=O)C3=CC=CC=C3)[C@]3(O)C[C@H](OC(=O)[C@H](O)[C@@H](NC(=O)OC(C)(C)C)C4=CC=CC=C4)C(C)=C([C@@H](OC)C(=O)[C@]1(C)[C@H](C[C@H]1OC[C@@]21OC(C)=O)OC)C3(C)C
D00696,OC(=O)C(=C)OP(O)(O)=O
D00697,COC1=C(NC2=C3C=CC=CC3=NC3=CC=CC=C23)C=CC(NS(C)(=O)=O)=C1
D00698,NC(=N)NC1=CC=C(CC(=O)C2=CC=CC=C2)C=C1
D00699,CCN(CC)CCNC(=O)C1=C(C)NC(\C=C2/C(=O)NC3=C2C=C(Cl)C=C3)=C1C
D00700,CC[C@H]1OC(=O)[C@H](C)[C@@H](O[C@H]2C[C@@](C)(OC)[C@@H](O)[C@H](C)O2)[C@H](C)[C@@H](O[C@@H]2O[C@H](C)C[C@@H]([C@H]2O)N(C)C)[C@](C)(O)C[C@@H](C)C(=O)[C@H](C)[C@@H](O)[C@]1(C)O
D00701,CC(O)CC(=O)SCCNC(=O)CCNC(=O)[C@H](O)C(C)(C)COP(O)(=O)OP(O)(=O)OC[C@H]1O[C@H]([C@H](O)[C@@H]1OP(O)(O)=O)N1C=NC2=C1N=CN=C2N
D00702,CC(=O)NC1=CC=C(O)C=C1
D00703,NC(=N)NC1=CC=C(C=C1)C(O)=O
D00704,[H][C@]12CC3=C(C(O)=C(O)C=C3)C3=CC=CC(CCN1C)=C23
D00705,CC1=NC(NC2=NC=C(S2)C(=O)NC2=C(C)C=CC=C2Cl)=CC(=N1)N1CCN(CCO)CC1
D00706,FC1=CC=CC=C1C(=O)NC1=C(C#N)C2=C(CCCC2)S1
D00707,NC1=NC(=O)N(C=N1)[C@H]1C[C@H](O)[C@@H](CO)O1
D00708,COC1=C(OC)C=C2C3=C([NH+]=CC2=C1)C1=C(C3)C=C2OCOC2=C1
D00709,CCOC(=O)NC1=C(N)N=C(NCC2=CC=C(F)C=C2)C=C1
D00710,[H][C@]1(SCC(=O)N1C1=CC(Cl)=CC=C1O)C1=CC=CC(Br)=C1
D00711,[H][C@@](C)(NC(=O)OCC1=CC=CC=C1)C(=O)N[C@@]([H])(C)[P@](O)(=O)O[C@@]([H])(CC1=CC=CC=C1)C(O)=O
D00712,OS(=O)(=O)C1=CC=C([Hg])C=C1
D00713,CCSC(N)=N
D00714,C1CN2C[C@@H](N=C2S1)C1=CC=CC=C1
D00715,[H][C@@](C)(N1CC[C@]([H])(NS(=O)(=O)C2=CC3=C(S2)C=C(Cl)C=C3)C1=O)C(=O)N1CCOCC1
D00716,CC(=C)C(=O)SCCNC(=O)CCNC(=O)[C@H](O)C(C)(C)COP(O)(=O)OP(O)(=O)OC[C@H]1O[C@H]([C@H](O)[C@@H]1OP(O)(O)=O)N1C=NC2=C1N=CN=C2N
D00717,O[C@H](COP(O)(O)=O)[C@@H](O)C=O
D00718,[H][C@@]12CC3=CN(C)C4=C3C(=CC=C4)C1=C[C@H](CN2C)C(=O)NC(CC)CO
D00719,NC(=N)NCC(O)=O
D00720,OC[C@H]1O[C@H]([C@H](O)[C@@H]1O)N1C=NC2=C1NC=NC2=O
D00721,[H][C@@]1(O)CN(C)C2=CC(=O)C(=O)C=C12
D00722,CN1CCC(CC1)=C1C2=NC=C(C=O)N2CCC2=CC=CC=C12
D00723,[H][C@](N)(CCC(O)=N[C@@]([H])(CS(O)(=O)=O)C(O)=NCC(O)=O)C(O)=O
D00724,[H]N1CCN=C1COC1=CC=CC=C1C1CC1
D00725,COC(=O)C1CCN(CC1)C(=O)[C@H](CC1=CC=CC(=C1)C(N)=N)NS(=O)(=O)C1=CC=C2C=CC=CC2=C1
D00726,CO[C@]12CC[C@@]3(C[C@@H]1[C@](C)(O)C(C)(C)C)[C@H]1CC4=C5C(O[C@@H]2[C@@]35CCN1CC1CC1)=C(O)C=C4
D00727,CNCCC(OC1=CC=C(C=C1)C(F)(F)F)C1=CC=CC=C1
D00728,OC1CCN(CC1)S(=O)(=O)C1=CC2=C(C=C1)NC(=O)\C2=C1/NC2=C(C=CC=C2)[C@]1(C)O
D00729,CN1C2=C(C=C(Cl)C=C2)C(=NCC1=O)C1=CC=CC=C1F
D00730,[H][C@@]1(CC[C@@]2([H])[C@]3([H])CCC4=CC(=O)CC[C@]4(C)[C@@]3([H])[C@@H](O)C[C@]12C=O)C(=O)CO
D00731,[H][C@]1(COP([O-])(=O)OP(O)(=O)OC[C@@]2([H])O[C@@]([H])([N+]3=CC=CC(=C3)C(O)=N)[C@]([H])(O)[C@]2([H])O)O[C@@]([H])(N2C=NC3=C(N)N=CN=C23)[C@]([H])(OP(O)(O)=O)[C@]1([H])O
D00732,CN1C2=C(C=C(Cl)C=C2)C(=NCC1=O)C1=CC=CC=C1
D00733,CC1=C(C=CC=C1)C1=NC2=C(Br)C=NN2C(NCC2=C[N+]([O-])=CC=C2)=C1
D00734,OC[C@H]1O[C@H](C[C@@H]1O)N1C=NC2=C1N=CNC[C@H]2O
D00735,COC(=O)C1=C(O)C=CC=C1OC\C=C\C1=CC(=CC=C1)C1=C(CO)C(=NO1)C(O)=O
D00736,C[C@H](C1=CNC=N1)C1=C(C)C(C)=CC=C1
D00737,CC(C)OP(O)(O)=O
D00738,[H][C@]1(O)O[C@]([H])(COP(O)(O)=O)[C@@]([H])(O)[C@]([H])(O)[C@]1([H])O
D00739,[H][C@@]1(C)O[C@@]([H])(OC)[C@@]([H])(O)[C@]([H])(O)[C@]1([H])O
D00740,[H][C@@]1(CNS(=O)(=O)C2=CC=CC3=CN=CC=C23)C[C@]([H])(CN1)OCC1=CC=C(Cl)C=C1
D00741,CN1CC[C@@H]([C@H](O)C1)C1=C(O)C=C(O)C2=C1OC(=CC2=O)C1=CC=CC=C1Cl
D00742,[H][C@]12[C@H](C[C@H](O)C=C1C=C[C@H](C)[C@@H]2CC[C@@H](O)C[C@@H](O)CC(O)=O)OC(=O)[C@@H](C)CC
D00743,[H][C@]12C(=O)N(C(=O)[C@@]1([H])[C@@]1(CC[C@@]2([H])CC1)NC(=O)OCC(O)=O)C1=CC=C(NC(C)=O)C=C1
D00744,[H][C@]1(CCC[C@]1([H])NC(=O)C1=CC=C(C=C1)N1C=CC=CC1=O)NC(=O)C1=CC=C(Cl)S1
D00745,[H][C@]1(N)CN(C[C@]1([H])C1=CC(F)=C(F)C=C1F)C1=CC(=NC=N1)C1=CC(=CC=C1)S(C)(=O)=O
D00746,CC(C)(C)NCC(O)C1=CC(CO)=C(O)C=C1
D00747,OC(=O)CN1C(=O)N(CC2=C(F)C=C(Br)C=C2)C(=O)C2=C1C=C(Cl)C=C2
D00748,FC1=CC=C(NC(=O)C2=NNC=C2NC(=O)C2=CC=CC=C2)C=C1
D00749,CCCNS(=O)(=O)NC1=C(C(OCCOC2=NC=C(Br)C=N2)=NC=N1)C1=CC=C(Br)C=C1
D00750,CC1CN(CCN1)C1=C(F)C=C2C(=O)C(=CN(C2=C1)C1=C(F)C=C(F)C=C1)C(O)=O
D00751,[H][C@]12SC(C)(C)[C@@H](N1C(=O)[C@H]2NC(=O)CC1=CC=CC=C1)C(O)=O
D00752,COCCNC1=CC(=CC=C1C(N)=O)N1C2=C(C3=CC=CC=C13)C(=O)CCC2
D00753,NCCCCN
D00754,[H][C@@]12[C@H]3CC[C@H](C3)[C@]1([H])C(=O)N(C[C@@H]1CCCC[C@H]1CN1CCN(CC1)C1=NSC3=CC=CC=C13)C2=O
D00755,NC(N)=NC1=NC(CSCCC(N)=NS(N)(=O)=O)=CS1
D00756,[H][C@]12CC[C@]3([H])[C@]([H])(C[C@@H](O)[C@]4(C)[C@H](CC[C@]34O)C3=CC(=O)OC3)[C@@]1(C)CC[C@@H](C2)O[C@H]1C[C@H](O)[C@H](O[C@H]2C[C@H](O)[C@H](O[C@H]3C[C@H](O)[C@H](O)[C@@H](C)O3)[C@@H](C)O2)[C@@H](C)O1
D00757,CCCCCC\C=C/CCCCCCCCCC(O)=O
D00758,CC1=C(C=C(C#N)C(=O)N1)C1=CC=NC=C1
D00759,COC1=CC(=CC=C1)C1=CC(CC[C@]2(C)CC(=O)N(C)C(N)=N2)=CC=C1
D00760,CCCCC#CC1=CC=C(O1)C(=O)NNC(=S)NC
D00761,CCN(CC)CCNC(=O)C1=CC=C(N)C=C1
D00762,OC[C@H]1O[C@]2(NC(=O)NC2=O)[C@H](O)[C@@H](O)[C@@H]1O
D00763,[H][C@]1(CO)O[C@@]([H])(N2C=CC(O)=NC2=O)[C@]([H])(F)[C@]1([H])OP(O)(O)=O
D00764,CCC\C(=C\C1=CC=C(O1)C1=CC(=CC=C1)C(O)=O)[N+]([O-])=O
D00765,CC1=CC2=C(N1)C=CC=C2OCC(CNC(C)(C)C)OC(=O)C1=CC=CC=C1
D00766,CC(C)N1N=C(C2=C(N)N=CN=C12)C1=CC2=CC=CN=C2C=C1
D00767,CC(C)NC1=NC2=C(S1)C=C(C=C2)C1=C(N=CO1)C1=CC=CC=C1F
D00768,[H][C@]1(C)CN(CCCCCCCCNC=O)C[C@@]([H])(C)O1
D00769,ClC1=CC2=C(C=C1)N(CC1CC1)C(=O)CN=C2C1=CC=CC=C1
D00770,CC1=CC2=C(C=C1C1(CC1)C1=CC=C(C=N1)C(O)=O)C(C)(C)CCC2(C)C
D00771,[H][C@@](C(=O)OC)(C1=CC=CC=C1)[C@@]1([H])CCCCN1
D00772,CC1=CC(=CC(C)=C1CC1=NCCN1)C(C)(C)C
D00773,[H][C@]1(CC2=CC=C(OC[C@@]3(C)CCC4=C(C)C(O)=C(C)C(C)=C4O3)C=C2)SC(=O)NC1=O
D00774,NC1CC1C1=CC=CC=C1
D00775,CC[C@@H]1SC2(CCN(C)CC2)NC1=O
D00776,[H][C@]12C[C@@H](O)[C@H](\C=C\[C@@H](O)C(C)CC#CC)[C@@]1([H])C\C(C2)=C\CCCC(O)=O
D00777,CNC(=O)C1=C(SC2=CC=C3C(NN=C3\C=C\C3=CC=CC=N3)=C2)C=CC=C1
D00778,NC(=[NH2+])C1=CC2=C(NC(=C2)C2=CC=CC(=C2O)C2=CC=CC=C2)C=C1Cl
D00779,[H][C@](CO)(COC1=CC=C(C=C1)N(=O)=O)SC[C@]([H])(N=C(O)CC[C@]([H])(N)C(O)=O)C(O)=NCC(O)=O
D00780,OC(=O)C(=O)NC1=CC2=C(C=CN2)C=C1C(O)=O
D00781,NC1=NC2=C(N=CN2[C@@H]2O[C@@H]3COP(O)(=O)O[C@H]3[C@H]2O)C(=O)N1
D00782,C[N+](C)(CCCCCC[N+](C)(C)C1C2=C(C=CC=C2)C2=C1C=CC=C2)C1C2=C(C=CC=C2)C2=C1C=CC=C2
D00783,[H][C@]1(CCCN1C(=O)CCC1CCCCC1)C(=O)NCC1=CC=C(C=C1)C(N)=N
D00784,CCCCCCCCCCCCCC(=O)SCCNC(=O)CCNC(=O)[C@H](O)C(C)(C)COP(O)(=O)OP(O)(=O)OC[C@H]1O[C@H]([C@H](O)[C@@H]1OP(O)(O)=O)N1C=NC2=C1N=CN=C2N
D00785,[H][C@@](C)(CC1=CC=CC=C1)N(C)CC=C
D00786,[H][C@](O)(CN=[N+]=[N-])C1=CC=C(C=C1)[N+]([O-])=O
D00787,NC1=CC(C(O)=O)=C(O)C=C1
D00788,OC(=O)CCCCCCCCC(O)=O
D00789,CN1N=C(C(O)=O)C2=C1C1=NC(NC3=CC=CC=C3)=NC=C1CC2
D00790,[H]\C(CC\C(C)=C(/[H])CSP(O)(=O)OP(O)(O)=O)=C(\C)CCC=C(C)C
D00791,NC1=NC(N)=C(N=N1)C1=C(Cl)C(Cl)=CC=C1
D00792,ClCCN(N=O)C(=O)NC1CCCCC1
D00793,CCCCCN
D00794,CN(NC(=O)OC(C)(C)C)C#N
D00795,CCCC1=NC(C)=C2N1NC(=NC2=O)C1=C(OCC)C=CC(=C1)S(=O)(=O)N1CCN(CC)CC1
D00796,OC1=CC(=CC=C1)C1=CC(=O)NS1(=O)=O
D00797,CC(C)(C)OC(=O)[C@@H](N)CCC(N)=O
D00798,CC(C)OC(=O)CCC\C=C/C[C@H]1[C@@H](O)C[C@@H](O)[C@@H]1\C=C\C(F)(F)COC1=CC=CC=C1
D00799,CC[N+](C)(CC)CCOC(=O)C1C2=CC=CC=C2OC2=CC=CC=C12
D00800,[H][C@](N)(CCC(O)=N[C@@]([H])(CS[C@@]1([H])C[C@]([H])(O)O[C@]1([H])CCCCC)C(O)=NCC(O)=O)C(O)=O
D00801,NC(=O)C1=CN=C2C=CN(C2=C1)S(=O)(=O)C1=CC=CC=C1[N+]([O-])=O
D00802,CC(C)(N)CC1=CC=CC=C1
D00803,COC1=CC(=CC=C1O)C1=CC2=C(C=C1)C(=NN2)C1=NC2=CC=CC=C2N1
D00804,CNC(C)(C)CC1=CC=CC=C1
D00805,NC[C@H](O)C1=CC(O)=C(O)C=C1
D00806,NC(=N)C1=CC2=C(NC(=N2)C2=CC=CC(C3=CC=CC=C3)=C2O)C=C1
D00807,ClC1=CC2=C(OCCCCCOC3=CN=CC(NC(=O)N2)=N3)C=C1
D00808,[H][C@@](O)(N[C@@]([H])(CC1=CC=CC=C1)[C@]([H])(O)N[C@@]([H])(CC1=CC(C(O)=O)=C(OCC(O)=O)C=C1)[C@@]([H])(O)NCCCCC)OC(C)(C)C
D00809,C[C@@H]1CCN([C@H](C1)C(O)=O)C(=O)[C@H](CCCNC(N)=N)NS(=O)(=O)C1=CC=CC2=C1NCC(C)C2
D00810,CCCCN1C(CC2=CC=C(OC)C=C2)=NC2=C(N)N=CN=C12
D00811,CN1CCN(CC1)C1=CC=C(C=C1)C1=CC2=C(NC=C2NC(=O)C2=CN=CC=C2)N=C1
D00812,[H][C@@]1(O)C[C@@]([H])(O)[C@]([H])(OCCCCCC)O[C@]1([H])CO
D00813,[H][C@]1(CO)O[C@@]([H])(C2=CNC3=C2N=CN=C3O)[C@]([H])(O)[C@]1([H])O
D00814,CC1=CC=CN=C1
D00815,C[C@@H]1O[C@@H](O)[C@@H](O)[C@H](O)[C@@H]1O
D00816,[H][C@@]1(CCCCC=O)SC[C@]2([H])NC(=O)N[C@]12[H]
D00817,[Ga+3].CC1=C([O-])C(=O)C=CO1.CC1=C([O-])C(=O)C=CO1.CC1=C([O-])C(=O)C=CO1
D00818,O=C1N(C2CCC(=O)NC2=O)C(=O)C2=CC=CC=C12
D00819,CCC1=NC(N)=NC(N)=C1C#CCC1=CC(OC)=CC=C1OC
D00820,[H][C@]1(O)[C@]([H])(O)[C@]([H])(COP(O)(O)=O)O[C@]1([H])COP(O)(O)=O
D00821,[H][C@@](N)(CC1=CC=CC=C1)C(O)=N[C@@]1([H])CSSC[C@]([H])(N=C(O)[C@@]([H])(N=C(O)[C@]([H])(CCCCN)N=C(O)[C@@]([H])(CC2=CNC3=CC=CC=C23)N=C(O)[C@]([H])(CC2=CC=C(O)C=C2)N=C1O)C(C)C)C(O)=N[C@@]([H])(CC1=CNC2=CC=CC=C12)C(O)=N
D00822,OC(=O)CN1C=CC(=O)N(CC2=NC3=CC(Cl)=CC=C3S2)C1=O
D00823,[H][C@@]1(CCNC1=O)NC(=O)CC(=O)CCCCCCCCC
D00824,CCCCC1=NC2(CCCC2)C(=O)N1CC1=CC=C(C=C1)C1=CC=CC=C1C1=NNN=N1
D00825,CC(C)C1=C2N=C(N[C@H]3CC[C@H](N)CC3)C=C(NC3=CC=C(C=C3)S(=O)(=O)N(C)C)N2N=C1
D00826,CCC(=O)O[C@@H](O[P@](=O)(CCCCC1=CC=CC=C1)CC(=O)N1C[C@@H](C[C@H]1C(O)=O)C1CCCCC1)C(C)C
D00827,[H][C@@](CC1=CC=CC=C1)(OC1=CC=C(CC)C=C1)C(O)=O
D00828,COC1=CC=CC=C1OCCNCC(O)COC1=CC=CC2=C1C1=CC=CC=C1N2
D00829,OC(=O)C(=O)NC1=C(C(O)=O)C2=C(CNCC2)S1
D00830,[I-].[I-].[H][C@@]12CC3=CC=C(OC4=C5C(CC[N+](C)(C)[C@]5([H])CC5=CC(OC6=C(OC)C=C(CC[N+]1(C)C)C2=C6)=C(OC)C=C5)=CC(OC)=C4OC)C=C3
D00831,FC1=C(Cl)C=C(NC2=NC=NC3=CC(OCCCN4CCOCC4)=C(NC(=O)C=C)C=C23)C=C1
D00832,[H][C@]12C[C@](O)(C(=O)OC)[C@](C)(O1)N1C3=C(C=CC=C3)C3=C4CNC(=O)C4=C4C5=CC=CC=C5N2C4=C13
D00833,NCCCSC[C@H](N)CO
D00834,COC1=CC(NC2=NC=NC(NC3=CC(Cl)=C(OC)C=C3)=N2)=CC(OC)=C1OC
D00835,[H][C@@]1(CC[N@@+](C)([O-])CC1)[Si](C)(C)C1=CC=CC=C1
D00836,OP(O)(=O)C(F)(F)C1=CC=C(CC(CC2=CC=C(C=C2)C(F)(F)P(O)(O)=O)(N2N=NC3=C2C=CC=C3)C2=CC=C(F)C(F)=C2)C=C1
D00837,OCC1=C2N=C(C=C(NCC3=CN=CC=C3)N2N=C1)C1=CC=CC=C1
D00838,[H][C@@]12[C@@H](C)C(=O)[C@H](C)C[C@@](C)(OC)[C@H](O[C@@H]3O[C@H](C)C[C@@H]([C@H]3O)N(C)C)[C@@H](C)C(=O)[C@@H](C)C(=O)O[C@H](CC)[C@@]1(C)OC(=O)N2CCCCN1C=NC(=C1)C1=CC=CN=C1
D00839,[H][C@@]1(O)O[C@]([H])(CO)[C@@]([H])(O)[C@]([H])(O)[C@@]1([H])OCCCCCCCC
D00840,CC1=NN(C(=O)\C1=N/NC1=C(O)C(=CC=C1)C1=CC=CC(=C1)C(O)=O)C1=CC=C(C)C(C)=C1
D00841,O=C(NCC1=CC=CN=C1)C1=CC(=NC=N1)C(=O)NCC1=CN=CC=C1
D00842,[H][C@@]1(CC[C@@]2([H])[C@]3([H])CC=C4C[C@@H](O)CC[C@]4(C)[C@@]3([H])CC[C@]12C)[C@H](C)CCCC(C)C
D00843,[H][C@@]1(O[C@@H]2[C@@H](O)[C@H](N)C[C@H](N)[C@H]2O[C@H]2O[C@H](CN)[C@@H](O)[C@H](O)[C@H]2N)O[C@H](CO)[C@@H](O)[C@H]1O
D00844,OC[C@H]1O[C@@H](O[C@H]2[C@H](O)[C@@H](O)C(O)O[C@@H]2CO)[C@H](O)[C@@H](O)[C@H]1O
D00845,CN(CCN(C)C1=CC=C(C2=NON=C12)[N+]([O-])=O)C(C)=O
D00846,[H]\C(=C(\[H])[C@@]1([H])CC[C@@]2(CC[C@@]3([H])O[C@@]([H])(C(=C)[C@@]([H])(O)[C@]3([H])O2)[C@@]([H])(O)C[C@]([H])(C)[C@@]2([H])O[C@@]3(CCCCO3)CC[C@@]2([H])C)O1)[C@@]([H])(C)[C@]1([H])CC(C)=C[C@@]2(O[C@]([H])(C[C@@](C)(O)C(O)=O)CC[C@@]2([H])O)O1
D00847,CCN(CC)CCCC(C)NC1=C2C=CC(Cl)=CC2=NC=C1
D00848,NC(=O)N1C2=CC=CC=C2C=CC2=CC=CC=C12
D00849,CSC1=NC(O)=C(CC2=CC=CS2)N1
D00850,[H][C@@](CCC(O)=O)(NC(=O)C1=CC=C(C=C1)N(CC#C)CC1=CC=C2NC(N)=NC(=O)C2=C1)C(O)=O
D00851,[H][C@@](O)(CO)CONC(=O)C1=CC=C(F)C(F)=C1NC1=CC=C(I)C=C1Cl
D00852,[H][C@]12CC[C@]([H])([C@H]([C@H](C1)OC(=O)C1=CC=CC=C1)C(=O)OC)N2C
D00853,CCCS(=O)(=O)N[C@H]([C@H](C)O)C(=O)N[C@@H](CCSC)C(=O)NCC1=CC=C(C=C1)C(N)=N
D00854,OC[C@H]1O[C@@](CO)(O[C@H]2O[C@H](CO)[C@@H](O)[C@H](O)[C@H]2O)[C@@H](O)[C@@H]1O
D00855,CC1O[C@@]2(CS1)CN1CCC2CC1
D00856,CN(C)C(=O)C1=CC(=CN1)C1=NNC=C1C1=CC=CC=C1
D00857,COC1=C(OC)C(OC)=C(Cl)C(CC2=NC3=C(N)N=CN=C3N2CCCC#C)=C1
D00858,CCCCCCCCCCCCCCCCCCOC[C@@H](O)CO[P@@](O)(=O)OCC[N+](C)(C)C
D00859,CC1=C(CCCCCC(O)=O)C(=O)C2=CC=CC=C2C1=O
D00860,C[C@H](OP(O)(O)=O)[C@@H](N)C(O)=O
D00861,CCN1C(NC2=CC=CC=C2Cl)=NC2=C1N=C(NC1=C(F)C=CC=C1F)N=C2
D00862,[H][C@]1(O)[C@]([H])(O)[C@@]([H])(CO)O[C@@]([H])(OCCCCCCC)[C@]1([H])O
D00863,CCCCCCCCCCCCCCCC(O)=O
D00864,FC(F)OC(Cl)C(F)(F)F
D00865,[H][C@]12C[C@]([H])(CNC1)C1=CC3=NC=CN=C3C=C21
D00866,CC1=CNC(\C=C2/C(=O)NC3=CC=CC=C23)=C1CCC(O)=O
D00867,[H][C@](C)(CC1=CSC(N)=N1)C=O
D00868,ONC(=O)CCOC1=CC=C(C=C1)C1=CC=C(C=C1)C#N
D00869,COC1=CC(NC(C)CCCN)=C2N=CC=CC2=C1
D00870,OC1=C(O)C2=C3C(=C1)C(=O)OC1=C3C(=CC(O)=C1O)C(=O)O2
D00871,C1CCC2=C(P(C(=C2C1)C1=NC=CC=C1)C1=CC=CC=C1)C1=NC=CC=C1
D00872,NC1=C(OCC2=CC=CC3=CC=CC=C23)C=CC=N1
D00873,[H][C@](CCNC1=CC=[NH+]C=C1)(NC(=O)CNS(=O)(=O)C1CCCCC1)C(=O)N1CCCCC1
D00874,CCCCN1CCC(CNC(=O)C2=C3OCCCN3C3=CC=CC=C23)CC1
D00875,[H][C@](CO)(NC(=O)C1=CC(=CN1)C1=NNC=C1C1=CC=CC(Cl)=C1)C1=CC(Cl)=C(F)C=C1
D00876,[H][C@@]12CC3=C(C(O)=CC=C3N(C)C)C(=O)C1=C(O)[C@]1(O)C(=O)C(C(N)=O)=C(O)[C@@H](N(C)C)[C@]1([H])C2
D00877,CC[C@@H](C)C1=NC=CS1
D00878,C(OC1=CC=C(C=C1)C1=NNC=C1CC1=CC=NC=C1)C1=NC2=CC=CC=C2C=C1
D00879,N[C@@H](CCCNC(N)=N)C(O)=O
D00880,[O-]S(=O)(=O)CC[NH+]1CCOCC1
D00881,[H][C@@](O)(C(=O)NO)[C@@]([H])(CC(C)C)C=O
D00882,[H][C@]1(C)CN(C(=O)C2=C(Cl)C=C3N(C)C=C(C(=O)C(=O)N(C)C)C3=C2)[C@]([H])(C)CN1CC1=CC=C(F)C=C1
D00883,[H][C@@]12C=C[C@H](OC(C)=O)[C@@H]3OC4=C(OC(C)=O)C=CC5=C4[C@]13CCN(C)[C@@H]2C5
D00884,[H][C@](N)(CC(C)C)CN1CCC[N@@]2CCC[C@@]12[H]
D00885,[H][C@@]12C=C(Br)N=C1C(=O)NCC[C@]2([H])C1=NC(N)=NC1=O
D00886,[H][C@@]12OC3=C(O)C=CC4=C3[C@@]11CCN(C)[C@]([H])(C4)[C@]1([H])CCC2=O
D00887,O[Hg]C1=CC=C(C=C1)C(O)=O
D00888,C1C2=C(C=CC=C2)C2=NNC(=C12)C1=CC=NC=C1
D00889,[H][C@@](C)(NC(=O)[C@]([H])(CC1=CC=CC=C1)NC(=O)[C@@]([H])(S)CCCCC)C(O)=O
D00890,CC1=NC(C)=C(S1)C1=NC(NC2=CC=CC(O)=C2)=NC=C1
D00891,OC1=CC=CC2=C1C(=O)C1=C(O)C=CC(=C1C2=O)[N+]([O-])=O
D00892,CNCCC=C1C2=CC=CC=C2CCC2=CC=CC=C12
D00893,CCCCCCCCCCCC1=C(O)C(=O)C2=C(N=CS2)C1=O
D00894,S=C1N=CNC2=C1NC=N2
D00895,FC(F)(F)C1=CC(=CC=C1)N1CCN(CCOC(=O)C2=CC=CC=C2NC2=C3C=CC(=CC3=NC=C2)C(F)(F)F)CC1
D00896,CC(C)(C)CC(C)(C)C1=CC=C(OCCOCCOCCOCCOCCOCCOCCOCCOCCOCCOCCOCCOCCOCCOCCOCCOCCOCCOCCOCCOCCOCCOCCOCCOCCOCCOCCOCCOCCOCCO)C=C1
D00897,IC1=CC2=C(CCNC2)C=C1
D00898,[H][C@@]12CC[C@H](O)[C@@]1(C)CC[C@@]1([H])[C@@]2([H])CCC2=CC(=O)C=C[C@]12C
D00899,O=C1C=C(OC2=C1C1=CC=CC=C1C=C2)C1=CC=CC=C1
D00900,CC(=O)C1=CC=C(C=C1)S(=O)(=O)NC(=O)NC1CCCCC1
D00901,CN1CCCN=C1COC(=O)C(O)(C1CCCCC1)C1=CC=CC=C1
D00902,C[C@](N)(CC1=CC=C(O)C(O)=C1)C(O)=O
D00903,O=C1N=C2C=CC3=C(SC=N3)C2=C1CNC1=CC=C(C=C1)S(=O)(=O)NC1=CC=CC=N1
D00904,NC(=O)N[C@@H](CCC(O)=O)C(O)=O
D00905,[H]N(CC)C(=O)N1CCN(CCCC(C2=CC=C(F)C=C2)C2=CC=C(F)C=C2)CC1
D00906,[H][C@]1(C)C=C(C)[C@]2([H])[C@]([H])(C)[C@@]1(CO)CO[C@]2([H])C1=CC=C(O)C=C1
D00907,CC1=C(CC(N)=O)C2=C(C=CC(OCCCP(O)(O)=O)=C2)N1CC1=CC=CC=C1
D00908,[H][C@@](CCC(O)=O)(NC(=O)C1=CC=C(NC(O)=NC2=C(N)C(O)=NC(=N)N2)C=C1)C(O)=O
D00909,CCCCCCCCCC1=[N+]([O-])C2=CC=CC=C2C(O)=C1
D00910,OB1OCC2=C1C=CC(OC1=CC=C(C=C1)C#N)=C2
D00911,CO[C@H](C\C=C\N(C)C=O)[C@@H](C)C(=O)CC[C@H](C)[C@H](OC)[C@H](C)[C@H]1OC(=O)\C=C\C=C(C)\C[C@H](CC2=CC(=O)O[C@H](C2)[C@H](C)[C@H](C[C@H](OC)\C=C\[C@H](C)[C@H](C[C@@H](OC)\C=C\[C@@H]1C)OC)OC)OC
D00912,[H][C@@]1(O)O[C@]([H])(CO)[C@]([H])(O)[C@]([H])(OS(O)(=O)=O)[C@@]1([H])O
D00913,C[C@H](NC(=O)C(=O)NC1=CC=CC=C1C(C)(C)C)C(=O)N[C@@H](CC(O)=O)C(=O)COC1=C(F)C(F)=CC(F)=C1F
D00914,[H][C@](S)(CC1=CC=C(I)C=C1)C(O)=O
D00915,NC1=CC=C(C=C1)S(=O)(=O)NC1=NC=CS1
D00916,OC1=NC(=N)NC2=C1NC=C2
D00917,[H][C@](N)(COP(O)(=O)OC(C)C)C(O)=O
D00918,NC(=N)C1=CC=C2C=C(C=CC2=C1)C(=O)NC1=CC=CC=C1
D00919,[H]N([C@@H](CC(C)C)C(=O)N([H])[C@@H]1CN(CC1=O)C(=O)[C@H](CC(C)C)N([H])C(=O)OCC1=CC=CC=C1)C(=O)OCC1=CC=CC=C1
D00920,[H][C@@]12CC[C@H](O)[C@@]1(C)CC[C@@]1([H])[C@@]2([H])CCC2=CC(=O)CC[C@]12C
D00921,NC(=O)CS(=O)C(C1=CC=CC=C1)C1=CC=CC=C1
D00922,[H][C@@](N)(CC)CCC(O)=O
D00923,[H][C@]1(COP(O)(=O)CP(O)(=O)O[P@](O)(=S)OC[C@@]2([H])O[C@@]([H])(N3C=NC4=C(N)N=CN=C34)[C@]([H])(O)[C@]2([H])O)O[C@@]([H])(N2C=NC3=C(N)N=CN=C23)[C@]([H])(O)[C@]1([H])O
D00924,CC1=C(C)C(OCCCC(O)=O)=CC=C1NC(=O)NC(=O)C1=CC=C(Cl)C=C1Cl
D00925,NNCCC1=CC=CC=C1
D00926,CCOC(=O)C1=C[C@@H](OC(CC)CC)[C@H](NC(C)=O)[C@@H](N)C1
D00927,CC[N+](C)(C)C1=CC(O)=CC=C1
D00928,CC1=CN=C2C(=C1)C(C)=C(C)C1=C2[N+](C)=CC(C)=C1
D00929,NC1=C(N2C=C(C=CC2=N1)C(=O)C1=C(F)C=CC=C1F)C(=O)C1=CC=CC=C1
D00930,CC1=CC=C(C)C(CC2=NN(C3=C2C(N)=NC=N3)C(C)(C)C)=C1
D00931,COC1=C(C=C(Cl)C=C1)C(=O)NCCC1=CC=C(C=C1)S(=O)(=O)NC(=O)NC1CCCCC1
D00932,[H][C@@](O)(CCCCCCC)C[C@@]1([H])O[C@@](CO)(O[C@@]2([H])O[C@]([H])(CO)[C@@]([H])(O)[C@]([H])(O)[C@@]2([H])O)[C@@]([H])(O)[C@]1([H])O
D00933,[H][C@@](CC(C)C)(NC(=O)OCC1=CC=CC=C1)C(=O)N[C@]1([H])CCN(C1)C#N
D00934,CCC1C2=CC(OC)=C(OC)C=C2C(=NN=C1C)C1=CC(OC)=C(OC)C=C1
D00935,COC1=C(C\C=C(/C)CCC(=O)OCCN2CCOCC2)C(O)=C2C(=O)OCC2=C1C
D00936,O=C(NC1=CNN=C1C1=NC2=C(N1)C=CC=C2)C1=CC=CC=C1
D00937,O=N(=O)C1=CC2=NNC=C2C=C1
D00938,CC(C)CN1C=NC2=C1C1=CC=CC=C1N=C2N
D00939,CC(C)C[C@H](N)C(O)=O
D00940,CS(=O)(=O)C1=CC(NC2=NC(NC3=C(Cl)C=CC4=C3OCO4)=CC=N2)=CC=C1
D00941,CC1=NN=C(N1)C1=CC=CC=C1NC1=NC=NC2=C1C=CN2
D00942,ClC1=CC=C(S1)C(=O)NC[C@H]1CN(C(=O)O1)C1=CC=C(C=C1)N1CCOCC1=O
D00943,[H][C@]1(COP(O)(=O)OP(O)(=O)OP(O)(O)=S)O[C@@]([H])(N2C=NC3=C(N)N=CN=C23)[C@]([H])(O)[C@]1([H])O
D00944,CC1=NN=C2CN=C(C3=CC=CC=C3Cl)C3=C(C=CC(Cl)=C3)N12
D00945,COCCOCCOCCOCCOCCOCCOCCO[C@H]1CC[C@@]2(O)[C@H]3CC4=CC=C(O)C5=C4[C@@]2(CCN3CC=C)[C@H]1O5
D00946,OC(=O)C1=CN(C2CC2)C2=CC(N3CCNCC3)=C(F)C=C2C1=O
D00947,CCCNCC(O)COC1=C(C=CC=C1)C(=O)CCC1=CC=CC=C1
D00948,IC1=CNN=C1
D00949,CC(NC(C)(C)C)C(=O)C1=CC(Cl)=CC=C1
D00950,CCOC(=O)C1=C(C)NC(C)=C(C1C1=C(Cl)C(Cl)=CC=C1)C(=O)OC
D00951,C[C@H]1COC2=C3N1C=C(C(O)=O)C(=O)C3=CC(F)=C2N1CCN(C)CC1
D00952,[Mg++].OC1=CC=CC=C1C([O-])=O.OC1=CC=CC=C1C([O-])=O
D00953,CCCCCCCN(CC)CCCC(O)C1=CC=C(NS(C)(=O)=O)C=C1
D00954,C(N1C=CN=C1)C1=CC=C(C=C1)C1=CC=CC=C1
D00955,CC1=CC(O)=C2C(=O)C3=C(C=C(O)C=C3O)C(=O)C2=C1
D00956,CC(C)(C)C1=NN(C(NC(=O)NC2=C3C=CC=CC3=CC=C2)=C1)C1=CC=CC(N)=C1
D00957,[H][C@@]12CC[C@](C)(O)[C@@]1(C)C[C@H](O)[C@@]1(F)[C@@]2([H])CCC2=CC(=O)CC[C@]12C
D00958,NS(=O)(=O)C1=CC=C(C=C1)C(=O)NCC1=CC=CC(F)=C1F
D00959,NC1=NC2=C(N=CN2[C@@H]2O[C@H](COP(O)(=O)OP(O)(O)=O)[C@@H](O)[C@H]2O)C(=O)N1
D00960,[H][C@]1(CO)O[C@@]([H])(O[C@]2([H])[C@@]([H])(CO)O[C@@]([H])(OC3=CC4=C(C=C3)C(C)=CC(=O)O4)[C@]([H])(N=C(C)O)[C@@]2([H])O)[C@]([H])(N=C(C)O)[C@@]([H])(O)[C@]1([H])O
D00961,CN1[C@H]2C[C@@H](C[C@@H]1[C@H]1O[C@@H]21)OC(=O)[C@H](CO)C1=CC=CC=C1
D00962,[H][C@@]12C[C@@H](C)[C@](O)(C(=O)CO)[C@@]1(C)C[C@H](O)[C@@]1([H])[C@@]2([H])C[C@H](F)C2=CC(=O)C=C[C@]12C
D00963,ClC1=C(NC2=NC(NC3=CC(=CC=C3)N3CCOCC3)=NC=C2)C2=C(OCO2)C=C1
D00964,NC1=NC(=O)C2=C(N1)C(CC1=CN=CC=C1)=CN2
D00965,[H]C(=O)[C@H](NC(C)=O)[C@@H](O)[C@H](O)[C@H](O)CO
D00966,CNC(=S)NCCSCC1=C(C)NC=N1
D00967,[H][C@]12[C@@H](C)C(S[C@]3([H])CN[C@H](CNS(N)(=O)=O)C3)=C(N1C(=O)[C@]2([H])[C@@H](C)O)C(O)=O
D00968,CCC(C)C1(CC)C(=O)NC(=O)NC1=O
D00969,OC1=NC(=N)N\C1=C1\CCN=C(O)C2=C1C=CN2
D00970,CO[C@@H]1C[C@@H](CC[C@H]1O)\C=C(/C)[C@H]1OC(=O)[C@@H]2CCCCN2C(=O)C(=O)[C@]2(O)O[C@@H]([C@H](C[C@H]2C)OC)[C@H](C[C@@H](C)C\C(C)=C\[C@@H](CC=C)C(=O)C[C@H](O)[C@H]1C)OC
D00971,COC1=CC(CC2=CN=C(N)N=C2N)=CC(OC)=C1OC
D00972,[H][C@](N)(CSCC[B-](O)(O)O)C(O)=O
D00973,COC1=CC(NC2=C(C=NC3=CC(OCCCN4CCN(C)CC4)=C(OC)C=C23)C#N)=C(Cl)C=C1Cl
D00974,CC(=O)N1C2=CC=CC=C2C2=C1C(=O)CCC2
D00975,NC(=O)NO
D00976,O[C@H]1[C@@H](O)[C@@H](O[C@@H]1COP(O)(=O)OP(O)(O)=O)N1C=CC(=O)NC1=O
D00977,N[C@@H](COS(=O)(=O)CC1=CC=CC=C1)C(O)=O
D00978,COC1=C(OC)C=C2[C@@H](CN(C)CCCN3CCC4=CC(OC)=C(OC)C=C4CC3=O)CC2=C1
D00979,CCC1=NC(C2CC2)=C(N1CC1=CC2=C(OC(=C2Br)C2=CC=CC=C2NS(=O)(=O)C(F)(F)F)C=C1)C(N)=O
D00980,O=C1NC=CC(=O)N1
D00981,[Na+].[H][C@]12C[C@@H](O)[C@H](\C=C\[C@@H](O)C(C)CC#CC)[C@@]1([H])C1=CC=CC(CCCC([O-])=O)=C1O2
D00982,OC(=O)C\N=C(\NC(C1=CC=CC=C1)C1=CC=CC=C1)NC1=CC=C(C=C1)C#N
D00983,CCCCOC1=CC=C(C=C1)S(=O)(=O)N1C[C@H](C[C@@H]1C(=O)NO)NS(C)(=O)=O
D00984,CC(C)CN1C2=C(N=CN2)C(=O)N(C)C1=O
D00985,NC(CCO)(CCO)CCO
D00986,[H][C@]1(CC2=C(O1)C=C1OC(=O)C(=CC1=C2)C(C)(C)C=C)C(C)(C)O
D00987,CC(C)CCC[C@@H](C)CCC[C@@H](C)CCC[C@]1(C)CCC2=C(O1)C(C)=C(C)C(O)=C2C
D00988,C(CN1CCC(CC1)OC(C1=CC=CC=C1)C1=CC=CC=C1)CC1=NN=NN1
D00989,CC1=CC=C(C=C1)N(CC1=NCCN1)C1=CC(O)=CC=C1
D00990,CCOCCO
D00991,[H][C@](O)(CC1=CC=CC=C1)C(O)=O
D00992,CC[C@@]1(O)C(=O)OCC2=C1C=C1N(CC3=CC4=C(C=CC(O)=C4CN(C)C)N=C13)C2=O
D00993,CN1CCC[C@H]1C1=CN=CC=C1
D00994,CN1CCN(CC2=CC=C(C=C2)C(=O)NC2=CC(NC3=NC=CC(=N3)C3=CN=CC=C3)=C(C)C=C2)CC1
D00995,[H][C@@](CC1=CC(C(=O)OC)=C(C=C1)C(F)(C(O)=O)C(O)=O)(N=C(C)O)C(O)=N[C@@]1([H])CCCCN(CC2=CC=C(C=C2)C2=CC=CC=C2)C1=O
D00996,[H][C@@]12CC3=CNC4=CC=CC(=C34)C1=C[C@H](CN2C)C(=O)N(CC)CC
D00997,[H][C@@](C)(CC)NC1=NC=C(S1)C(=O)NC1=C(C)C=CC(=C1)C(=O)NC
D00998,NC(=[NH2+])C1=CC2=C(S1)C=CC=C2I
D00999,CN1CCN(CC2=CC=C(NC(=O)C3=CC(C#CC4=CN=C5C=CC=NN45)=C(C)C=C3)C=C2C(F)(F)F)CC1
D01000,[H][C@@](C)(N)[C@]([H])(O)C1=CC=CC=C1
D01001,CN1C(C(=O)NC2=NC=CC=C2)=C(O)C2=C(C=CC=C2)S1(=O)=O
D01002,CN(C)C(=O)C1=CC(=CC(NC(=O)C2=CC=C(C)C=C2)=C1)C1=CC=C(C=C1)C(=O)NO
D01003,OC(=O)\C=C/C(O)=O
D01004,CC(C)C1=CC=C(N)C=C1
D01005,NS(=O)(=O)C1=CC=C2NC(=NC2=C1)C1=CSC=N1
D01006,C1CCC(CC1)NC1=C2N=CNC2=NC(NC2=CC=C(C=C2)N2CCOCC2)=N1
D01007,[H][C@@](CC(C)C)(NC(=O)[C@]1([H])CSCCN1S(=O)(=O)C1=CC=C(C)C=C1)C(O)=O
D01008,OC(=O)CCCCCCCCCCCBr
D01009,NC1=NC=NC2=C1N=CN2[C@@H]1O[C@@H](CO[P@](O)(=O)O[P@@](O)(=O)NP(O)(O)=O)[C@H](O)[C@H]1O
D01010,CC1=CC(=CC(C)=C1OC1=C(Br)C(N)=NC(NC2=CC=C(C=C2)C#N)=N1)C#N
D01011,CNC(=O)[C@@H](N)C(C)(C)C
D01012,CCCNCCCNCCCNCC
D01013,C(N(CC1=CC=CC=C1)C1=CC=CC=C1)C1=NCCN1
D01014,[H][C@@](CC1=CC=CC=C1)(NC(=O)C(=O)CC(=O)NCCC1=NC=CC=C1)C(=O)N(C)C
D01015,[H][C@@]1(O)C[C@]([H])(O[C@@]1([H])CN1CCCC1)N1C=C(C)C(=O)NC1=O
D01016,OC(C1CCCCN1)C1=CC(=NC2=C1C=CC=C2C(F)(F)F)C(F)(F)F
D01017,CNC(=O)C1=NC=CC(OC2=CC=C(NC(=O)NC3=CC(=C(Cl)C=C3)C(F)(F)F)C=C2)=C1
D01018,COC1=CC=C(C=C1)[C@@H]1SC2=C(C=CC=C2)N(CCN(C)C)C(=O)[C@@H]1OC(C)=O
D01019,NC(=N)C1=CC=C(NC(=O)NC2=CC=C(Cl)C=C2)C=C1
D01020,CN(C1CCCCC1)C(=O)CCN1CC2=CC(=CC=C2N=C1N)C(=O)C1=CC=CC=C1
D01021,OCCCO
D01022,[H][C@]12CS[C@@H](CCCCC(O)=O)[C@@]1([H])NC(=O)N2
D01023,[H][C@](N)(O)CC[C@@]([H])(N)CC1=CC=C(O)C=C1
D01024,[H][C@@]1(COC2=CC=C(F)C=C2)CC[C@]([H])(O1)C#CCCN(O)C(O)=N
D01025,[H][C@](CC)(C(O)=O)[C@]([H])(NS(=O)(=O)C1=CC=C(C)C=C1)C(O)=O
D01026,CC\C=C/C\C=C/C\C=C/C\C=C/C\C=C/CCCC(O)=O
D01027,NC1=CC=C(C=C1)S(=O)(=O)NC1=NC=CC=N1
D01028,[O-][N+](=O)C1=CC(=CC=C1)C1=CC2=C(S1)C=C1N2C(=S)N(CCCN2CCOCC2)C1=O
D01029,ClCCNP1(=O)OCCCN1CCCl
D01030,[H][C@]1(C)C[C@]([H])(NC)C2=C(SC(=C2)S(N)(=O)=O)S1(=O)=O
D01031,[H][C@]1(C)O[C@]([H])(O[C@]2([H])[C@@]([H])(CO)O[C@]([H])(OC[C@@]3([H])O[C@@]([H])(O)[C@]([H])(O)[C@@]([H])(O)[C@]3([H])O)[C@]([H])(O)[C@@]2([H])O)[C@]([H])(O)[C@@]([H])(O)[C@]1([H])N[C@@]1([H])C=C(CO)[C@@]([H])(O[C@@]2([H])O[C@]([H])(CO)[C@@]([H])(O[C@@]3([H])O[C@]([H])(CO)[C@@]([H])(O)[C@]([H])(O)[C@@]3([H])O)[C@]([H])(O)[C@@]2([H])O)[C@]([H])(O)[C@@]1([H])O
D01032,COC1=CC=C(NC2=C(C(=O)N(CC3=CC=CC=C3)C2=O)C2=CC=CC=C2)C=C1
D01033,CC1=C2NC(=O)C3=C(N=CC=C3)N(C3CC3)C2=NC=C1
D01034,[H][C@@]1(O)CC[C@@]2([H])[C@]3([H])CCC4=CC(=O)CC[C@]4(C)[C@@]3([H])CC[C@]12C
D01035,FC(F)(F)C1=CC=CC(=C1)C1=NN=C2C=CC(NC3CCCCC3)=NN12
D01036,CNCC[C@H](OC1=CC=CC2=CC=CC=C12)C1=CC=CS1
D01037,[H][C@@]12C[C@@H](C)[C@H](C(=O)CO)[C@@]1(C)C[C@H](O)[C@@]1(Cl)[C@@]2([H])C[C@H](F)C2=CC(=O)C=C[C@]12C
D01038,C1=CN(C=N1)C(C1=CC=CC=C1)C1=CC=C(C=C1)C1=CC=CC=C1
D01039,[H][C@](N)(CCC(O)=N[C@@]([H])(CSCCCCCC)C(O)=NCC(O)=O)C(O)=O
D01040,OC(CN1C=NC=N1)(CN1C=NC=N1)C1=C(F)C=C(F)C=C1
D01041,C\C(O)=C(/C#N)C(=O)NC1=CC=C(C=C1)C1=CC=CC=C1
D01042,C(C1=NCCN1)C1=CC=CC2=CC=CC=C12
D01043,[H][C@@]1(CCCN1C1=NC(=NC(C)=C1)N1C=CN=C1)C(=O)NCCC1=CC2=C(OCO2)C=C1
D01044,CC1=NC2=C(CSCC2)C(=O)N1
D01045,CC(C)C[C@H](NC(=O)C1=CC=C(C=C1)[N+]([O-])=O)C(=O)N1CCC[C@H]1C(=O)NCCCCN=C(N)N
D01046,CNC1=C(C=C(SC2=NN=CN2C)C=C1)C(=O)NC1=NC(C)=CS1
D01047,[H][C@@]12C[C@@H](C)[C@]34C=C(C)[C@H](OC(=O)C(\C)=C/C)[C@@]3(O)[C@H](O)C(CO)=C[C@@]([H])(C4=O)[C@]1([H])C2(C)C
D01048,[H][C@]12CN3C=C(C(=O)NCC4=CC=C(F)C=C4F)C(=O)C(O)=C3C(=O)N1[C@H](C)CCO2
D01049,CCS(=O)(=O)NC1=CC=C(F)C(C(=O)C2=CNC3=NC=C(C=C23)C2=CN=CC=C2)=C1F
D01050,[H][C@@]12CC[C@@](O)(C#C)[C@@]1(CC)CC(=C)[C@]1([H])[C@@]3([H])CCC(=O)C=C3CC[C@@]21[H]
D01051,CCCC1=CC=C(NC(=O)C2=CC=CC=C2NCC2=CNC(=O)C=C2)C=C1C(F)(F)F
D01052,[H][C@@](CN)(CC(O)=O)C1=CC=C(Cl)C=C1
D01053,CCN[C@H]1C[C@H](C)S(=O)(=O)C2=C1C=C(S2)S(N)(=O)=O
D01054,NC(=O)C(O)=O
D01055,[H][C@](O)(CNC(C)(C)C)COC1=NSN=C1N1CCOCC1
D01056,[H][C@@]12CC[C@H](C(C)=O)[C@@]1(C)CC[C@@]1([H])[C@@]2([H])CC[C@@]2([H])C[C@](C)(O)CC[C@]12C
D01057,NC1=NC=CC=C1OCC1=CC=CC=C1
D01058,OCCC1CCN(CC1)[C@@]1(C(=O)NC(O)=NC1=O)C1=CC=CC=C1
D01059,N1C=CC(=N1)C1=CC(=NO1)C1=CC=CC=C1
D01060,CCCCC1=NN(CC2=CN=C(C=C2)C2=CC=CC=C2C2=NNN=N2)C(CCCC)=N1
D01061,CC1=C(SC=C1)C(=CCCN1CCC[C@H](C1)C(O)=O)C1=C(C)C=CS1
D01062,OP(O)(=O)C(F)(F)C1=CC=C(CCCCC2=CC=C(C=C2)C(F)(F)P(O)(O)=O)C=C1
D01063,N[C@@H](COP(O)(O)=O)C(O)=O
D01064,[H][C@]1(COP(O)(O)=O)O[C@@]([H])(N2C=[NH+]C3=C2N=C(O)N=C3O)[C@]([H])(O)[C@]1([H])O
D01065,[H][C@@]12C[C@H]3OC(CCC)O[C@@]3(C(=O)CO)[C@@]1(C)C[C@H](O)[C@@]1([H])[C@@]2([H])CCC2=CC(=O)C=C[C@]12C
D01066,CCN(CC)CCCC(C)NC1=C2C=C(OC)C=CC2=NC2=C1C=CC(Cl)=C2
D01067,[H][C@](N)(CC(=O)N1CCCNC(=O)[C@@]1([H])C)CC1=C(F)C=C(F)C(F)=C1
D01068,CN1CCN(CCCN2C3=CC=CC=C3SC3=C2C=C(C=C3)C(F)(F)F)CC1
D01069,[H][C@@]12CC=C(C3=CC=CN=C3)[C@@]1(C)CC[C@@]1([H])[C@@]2([H])CC=C2C[C@@H](O)CC[C@]12C
D01070,[H][C@]1(C)O[C@]([H])(O)[C@]([H])(O)[C@@]([H])(O)[C@]1([H])O
D01071,CN1C=C(C2=CC3=CC=CN=C3N2)C2=CC(=CC=C12)C(=O)NC(C)(C)CO
D01072,CC(C)N(CC[C@H](C1=CC=CC=C1)C1=C(O)C=CC(C)=C1)C(C)C
D01073,CNCC\C=C\C1=CN=CC=C1
D01074,OC(=O)CCCCCCCC(O)=O
D01075,CCC1=C2CN3C(=CC4=C(COC(=O)[C@]4(O)CC)C3=O)C2=NC2=CC=C(OC(=O)N3CCC(CC3)N3CCCCC3)C=C12
D01076,[H][C@@](C)(NC1=NC(=O)[C@@](C)(S1)C(C)(C)O)C1=CC=C(F)C=C1
D01077,CSC1=C2C=CC=CC2=C(S1)C(=O)N1CCC2(COC3=C2C=C(CN)C=C3)CC1
D01078,OC(=O)N1CCC(CC2=CC(OC3=NC=C(C=C3)C(F)(F)F)=CC=C2)CC1
D01079,OC(=O)[C@@H]1CCCN1
D01080,NCCCC[C@@H]1NC(=O)[C@@H](CC2=CNC3=C2C=CC=C3)NC(=O)[C@@H](NC(=O)[C@@H]2C[C@H](CN2C(=O)[C@H](CC2=CC=CC=C2)NC(=O)[C@H](CC2=CC=C(OCC3=CC=CC=C3)C=C2)NC1=O)OC(=O)NCCN)C1=CC=CC=C1
D01081,[H][C@@]12[C@@H]3SC[C@]4(NCCC5=C4C=C(OC)C(O)=C5)C(=O)OC[C@H](N1[C@@H](O)[C@@H]1CC4=CC(C)=C(OC)C(O)=C4[C@H]2N1C)C1=C2OCOC2=C(C)C(OC(C)=O)=C31
D01082,COCCOCCOCCOC
D01083,NC1=C(Br)C=C(Br)C=C1CN[C@H]1CC[C@H](O)CC1
D01084,ClC1=CC=CC(=C1Cl)C1=NC2=CC=NN2C(NCC2=CC=NC=C2)=C1
D01085,CN(C)CCOC(=O)C(C1=CC=CC=C1)C1(O)CCCC1
D01086,[H][C@]1(O)O[C@]([H])(CO)[C@@]([H])(O)[C@]([H])(O[C@@]2([H])O[C@]([H])(CO)[C@@]([H])(O)[C@]([H])(O[C@@]3([H])O[C@]([H])(COP(O)(O)=O)[C@@]([H])(O)[C@]([H])(O)[C@]3([H])O)[C@]2([H])O)[C@]1([H])O
D01087,[H][C@@]12CCN(C1=O)C1=C3C=C(OC4=C(C=CC(CN5C=NC=C5CN2)=C4)C#N)C=CC3=CC=C1
D01088,[H][C@](C)(N)[C@@]1([H])CC[C@@]([H])(CC1)C(=O)NC1=CC=NC=C1
D01089,CO[C@H]1\C=C\O[C@@]2(C)OC3=C(C2=O)C2=C(C(O)=C3C)C(=O)C(NC(=O)\C(C)=C/C=C/[C@H](C)[C@H](O)[C@@H](C)[C@@H](O)[C@@H](C)[C@H](OC(C)=O)[C@@H]1C)=C1NC3(CCN(CC3)CC(C)C)N=C21
D01090,[H][C@@](N)(COC1=CN=CC(=C1)C1=CC2=CNN=C2C=C1)CC1=C2C=CC=CC2([H])N=C1
D01091,[Gd+3].CC([O-])=O.CC([O-])=O.CCC1=C(CC)/C2=C/C3=N/C(=C\N=C4/C=C(OCCOCCOCCOC)C(OCCOCCOCCOC)=C/C/4=N\C=C4/N=C(/C=C\1\[N-]\2)C(CCCO)=C4C)/C(C)=C3CCCO
D01092,[H]C(=C([H])C([H])(C)C([H])(OC(C)=O)[C@]([H])(C)C(=O)CC[C@]([H])(C)[C@]([H])(C[C@]1([H])OC(=O)C[C@@]([H])(O)CCCC(=O)C[C@]([H])(C)C2=COC(=N2)C2=COC(=N2)C2=COC(=N2)\C([H])=C([H])\C[C@]([H])(OC)[C@@]1([H])C)OC)N(C)CO
D01093,CCC1=C2N=C(C=C(NCC3=CN=C(N)N=C3)N2N=C1)C1=C(F)C=CC=C1F
D01094,COC1=CC2=C(C=CC=C2CCNC(C)=O)C=C1
D01095,OP(O)(=O)OC1=C2NCCCC2=CC=C1
D01096,[H][C@@]1(CO)COB(O1)C1=CC=C(CCNC(N)=N)C=C1
D01097,CC[C@H](N1CCCC1=O)C(N)=O
D01098,CNC(=O)[C@@H](NC(=O)[C@H](CC(C)C)[C@H](O)C(=O)NO)C(C)(C)C
D01099,C[C@](O)(C1=CC=C(C=C1)C(=O)N(C1CC1)C1CCN(CC2(CC2)C(N)=O)CC1)C(F)(F)F
D01100,[H][C@@]1(C[C@]([H])(N=[N+]=[N-])[C@@]([H])(COP(O)(=O)OP(O)(O)=O)O1)N1C=C(C)C(O)=NC1=O
D01101,CN(C)CCOC1=CC=C(C=C1)C(=C(\CCCl)C1=CC=CC=C1)\C1=CC=CC=C1
D01102,CCCCCCCCCCCCCCCCOC[C@H](CO[P@@]([O-])(=O)OCC[N+](C)(C)C)OC(C)=O
D01103,COC1=CC2=C(OC(NS(=O)(=O)C3=CC(Cl)=CC=C3Cl)=N2)C(=C1)C1=CN=C(OC)C=C1
D01104,CN1C2=CC=CC=C2C(C#N)(C(=O)NCCC(O)=O)C2=C1C=CC=C2
D01105,O\N=C(/N)N1CCC(CC1)CNC(=O)[C@@H]1CC[C@H]2CN(CC(=O)N12)S(=O)(=O)CC1=CC=CC=C1
D01106,CN1C(C(=O)NC2=CC=CC=N2)=C(O)C2=C(C=C(Cl)S2)S1(=O)=O
D01107,CCN(CC)CC1=C(O)C=CC(NC2=C3C=CC(Cl)=CC3=NC=C2)=C1
D01108,NC1=CC=NC=C1
D01109,CN[C@H]1[C@H](O)[C@@H](O)[C@H](CO)O[C@H]1O[C@H]1[C@H](O[C@H]2[C@H](O)[C@@H](O)[C@H](NC(N)=N)[C@@H](O)[C@@H]2NC(N)=N)O[C@@H](C)[C@]1(O)C=O
D01110,CN(C)S(=O)(=O)C1=CC=C2NC(=O)\C(=C/C3=CC4=C(CCCC4)N3)C2=C1
D01111,[H][C@@]1(CCC2=C(C(OC)=C(OC)C(OC)=C2)C2=CC=C(OC)C(=O)C=C12)NC(=O)CS
D01112,COC1=CC=C(CC(C)N)C=C1
D01113,CC(C)CC1(CC=C)C(=O)NC(=O)NC1=O
D01114,CCCCCC(=O)CP(O)(O)=O
D01115,[H]\C1=C([H])/[C@@]([H])(OC)[C@]([H])(CCCC[C@]([H])(OC(=O)[C@@]([H])(C)[C@@]2(O)O[C@]([H])([C@@]([H])(C)[C@]([H])(O)[C@@]2([H])OC)[C@@]1([H])C)C1=CC=CC=C1)OC
D01116,[H][C@](N)(CC1=CC=CC=C1)C(=O)NCCOCCOCCNC(=O)C1=CC=C(C=C1)S(N)(=O)=O
D01117,CCC(=O)N(C1=CC=CC=C1)C1(CCN(CCC2=CC=CC=C2)CC1)C(=O)OC
D01118,[H][C@@](C)(O)[C@]([H])(CCC1=CC=CC2=C1OC(=N2)C1=CC=C(Cl)C=C1)N1C=NC(=C1)C(N)=O
D01119,CC1=NC=C(C[N+]2=CC=CC(CCO[P@](O)(=O)OP(O)(O)=O)=C2C)C(N)=N1
D01120,CC1=CC(Br)=C([O-])C(=C1)C1=NC2=CC(=CC=C2N1)C(N)=[NH2+]
D01121,[H][C@](N)(CS=O)C(O)=O
D01122,[H][C@](C)(O)[C@@]([H])(O)[C@@]1([H])CNC2=C(N1)C(O)=NC(=N)N2
D01123,N1N=C(C2=C1C=CC=C2)C1=CC=NC=C1
D01124,CC(C)(C)N1N=C(C2=C(N)N=CN=C12)C1=CC=CC(O)=C1
D01125,CC(C=C(C1=CC=CS1)C1=CC=CS1)N(C)C
D01126,CCC1=CC2=C(C=C1N1CCC(CC1)N1CCOCC1)C(C)(C)C1=C(C3=C(N1)C=C(C=C3)C#N)C2=O
D01127,OCC1=C(O)C=CC(=C1)[C@@H](O)CNCCCCCCOCCOCC1=C(Cl)C=CC=C1Cl
D01128,[H][C@@]12CC[C@@](O)(C#C)[C@@]1(C)CC[C@]1([H])C3=C(CC[C@@]21[H])C=C(OC)C=C3
D01129,COCC1=C(C2=CC=C(F)C=C2)C(\C=C\[C@@H](O)C[C@@H](O)CC(O)=O)=C(C(C)C)N=C1C(C)C
D01130,[H][C@@]1(CC[C@@]2(C)C3=C(CC[C@]12C)[C@@]1(C)CC[C@H](O)C(C)(C)[C@]1([H])CC3)[C@H](C)CCC=C(C)C
D01131,NC1=NC(=O)N(C=C1)[C@@H]1O[C@H](COP(O)(O)=O)[C@@H](O)[C@H]1O
D01132,CCCCCOC1=CC=C(C=C1)C1=CC(=NO1)C1=CC=C(C=C1)C(=O)N[C@H]1C[C@@H](O)[C@@H](O)NC(=O)[C@@H]2[C@@H](O)[C@@H](C)CN2C(=O)[C@@H](NC(=O)[C@@H](NC(=O)[C@@H]2C[C@@H](O)CN2C(=O)[C@@H](NC1=O)[C@@H](C)O)[C@H](O)[C@@H](O)C1=CC(OS(O)(=O)=O)=C(O)C=C1)[C@H](O)CC(N)=O
D01133,[H][C@@]12CCCC[C@]1([H])CN(C[C@@H](O)[C@H](CC1=CC=CC=C1)NC(=O)[C@H](CC(N)=O)NC(=O)C1=NC3=C(C=CC=C3)C=C1)[C@@H](C2)C(=O)NC(C)(C)C
D01134,[H][C@@](CC(C)C)(N=C(O)OCC1=CC=CC=C1)C(O)=N[C@@]([H])(CC(C)C)C(O)=N[C@@]([H])(CC1=CC=C(O)C=C1)C(=O)CF
D01135,OC1=CC2=C(C=C1)C(=NO2)C1=CC(Br)=C(O)C=C1O
D01136,CN(CC(O)=O)C(N)N
D01137,[H][C@@](CC1=CC=CC=C1)(NC(=O)[C@]([H])(CC(C)C)[C@]([H])(CSC1=CC=CS1)C(=O)NO)C(=O)NC
D01138,[H][C@]1(CCCN1C(=O)COC1CCCCC1)C(=O)NCC1=CC=C(C=C1)C(N)=N
D01139,CC[N+]#C
D01140,FC1=CC=C(C=C1)[C@@H]1CCNC[C@H]1COC1=CC2=C(OCO2)C=C1
D01141,COC1=CC(=CC(OC)=C1OC)[C@@H](O)CC1=CC(O)=C(OC)C=C1
D01142,[H][C@]1(CC(=O)OC)CC(=NO1)C1=CC=C(O)C=C1
D01143,OCCN1C[C@H](O)[C@@H](O)[C@H](O)[C@H]1CO
D01144,NC1=NC(NC2=CC=C(C=C2)S(N)(=O)=O)=NN1C(=S)NC1=C(F)C=CC=C1F
D01145,OC1(CN(C1)C(=O)C1=C(NC2=C(F)C=C(I)C=C2)C(F)=C(F)C=C1)[C@@H]1CCCCN1
D01146,CNC(NCCSCC1=CSC(CN(C)C)=N1)=C[N+]([O-])=O
D01147,CN1C2=C(C=C(Cl)C=C2)C2(OC(C)=CC(=O)N2CC1=O)C1=CC=CC=C1
D01148,COC1=C(C(=O)C2=CN=C(NC3CCN(CC3)S(C)(=O)=O)N=C2N)C(F)=C(F)C=C1
D01149,CN(C)C1=C2C=CC=C(C2=CC=C1)S(N)(=O)=O
D01150,COC1=CC=C(CC(C)(C)NC[C@H](O)C2=C3OCC(=O)NC3=CC(O)=C2)C=C1
D01151,[H][C@@]1(C[C@@](O)(CC2=C(O)C3=C(C(O)=C12)C(=O)C1=C(OC)C=CC=C1C3=O)C(=O)COC(=O)CCCC)O[C@H]1C[C@H](NC(=O)C(F)(F)F)[C@H](O)[C@H](C)O1
D01152,CC(N)COC1=C(C)C=CC=C1C
D01153,N[C@@H](CC(N)=O)C(O)=O
D01154,CCC1(C(=O)NC(=O)N(C)C1=O)C1=CC=CC=C1
D01155,ClC1=CC=C(S1)C(=O)NCCNC(=O)C1=CC=C(C=C1)N1C=CC=CC1=O
D01156,CCCCC[C@H](O)\C=C\[C@H]1[C@H](O)CC(=O)[C@@H]1C\C=C/CCCC(O)=O
D01157,COC1=C(OC)C(=O)C(CC=C(C)C)=C(C)C1=O
D01158,CN1C2=C(N(CC(O)CO)C=N2)C(=O)N(C)C1=O
D01159,CCCCCCCCC(=O)OC
D01160,CCN(C(C)=O)C1=CC=CC(=C1)C1=CC=NC2=C(C=NN12)C#N
D01161,CCCCC1=C(C(=O)C2=CC(I)=C(OCCN(CC)CC)C(I)=C2)C2=C(O1)C=CC=C2
D01162,CCN(CC)C(=O)C1(CC1CN)C1=CC=CC=C1
D01163,OC1=CC(O)=C(C=C1)C1=NN(CC=C)C2=C1C=CC=C2C(F)(F)F
D01164,CN1N=NC2=C(N=CN2C1=O)C(N)=O
D01165,CC(C)CN(C[C@@H](O)[C@H](CC1=CC=CC=C1)NC(=O)O[C@H]1CCOC1)S(=O)(=O)C1=CC=C(N)C=C1
D01166,CCOC1=CC(=CC=C1)C1=CC=C(NC(=O)C(\C#N)=C(\C)O)C=C1
D01167,C\C(\C=C\C1=C(C)CCCC1(C)C)=C/C=C/C(/C)=C/C(O)=O
D01168,COC1=CC=C(CNS(=O)(=O)C2=CC=C(S2)S(N)(=O)=O)C=C1
D01169,CCN(CC)C(C)CN1C2=CC=CC=C2SC2=CC=CC=C12
D01170,COC1=C(C)C(C)=C(\C=C\C(\C)=C\C=C\C(\C)=C\C(O)=O)C(C)=C1
D01171,[H][C@@](CC1=CC=CC=C1)(CC(O)(O)C[N+]([O-])=O)C(O)=O
D01172,CCOC(=O)C1=C(C)N(N=C1C)C1=CC(=CC=C1)[N+]([O-])=O
D01173,FC1=CC=CC(F)=C1S(=O)(=O)N1CCN(CC1)S(=O)(=O)C1=CC=C2OCCOC2=C1
D01174,CCOC(=O)NC1=C(N)C=C(NCC2=CC=C(F)C=C2)C=C1
D01175,[H][C@@]12CC[C@H](C(C)=O)[C@@]1(C)CC[C@@]1([H])[C@@]2([H])CC=C2C[C@@H](O)CC[C@]12C
D01176,[Br-].C[N+]1(C)C2CCC1CC(C2)OC(=O)C(O)C1=CC=CC=C1
D01177,CC(C)=CCCC(C)=CCCC(C)=CCCC(C)=CCOP(O)(=O)OP(O)(O)=O
D01178,CC1=C(C(=NO1)C1=CC=CC=C1)C1=CC=C(C=C1)S(N)(=O)=O
D01179,[H][C@](C)(CC)[C@]([H])(NC(=O)[C@@]1([H])O[C@]1([H])C(=O)NCCC)C(=O)N1CCC[C@@]1([H])C(=O)OCC1=CC=CC=C1
D01180,[H][C@@]1(O)O[C@]([H])(CO)[C@]([H])(OS(O)(=O)=O)[C@]([H])(O)[C@@]1([H])O
D01181,C(CN1CCNCC1)NC1=CC=NC2=C1C(=C(O2)C1=CC=CC=C1)C1=CC=CC=C1
D01182,CC1=CC(=NN=C1NCCN1CCOCC1)C1=CC=CC=C1
D01183,[H][C@]1(N)CC[C@@]([H])(CC1)NC1=NC2=C(C=NN2C(NC(C)C)=C1)C#N
D01184,[H][C@@](CCCN)(NC(=O)[C@]1([H])CCCN1C(=O)[C@@]([H])(CC1=CC=CC=C1)NC(C)=O)B(O)O
D01185,CC1=CC(N)=NC(CCNC(=O)C2=CC=C(C=C2)C#N)=C1
D01186,CC1=NC2=C(CCN(C(=O)C3=CC=C(NC(=O)C4=CC=CC=C4C4=CC=CC=C4)C=C3)C3=CC=CC=C23)N1
D01187,CN1C(=O)C=C(N2CCC[C@@H](N)C2)N(CC2=C(C=CC=C2)C#N)C1=O
D01188,[H][C@@]12C[C@@H]([C@H](OC(C)=O)[C@@]1(C)CC[C@@]1([H])[C@@]2([H])CC[C@@]2([H])C[C@H](OC(C)=O)[C@H](C[C@]12C)[N+]1(C)CCCCC1)[N+]1(C)CCCCC1
D01189,C[C@@H](O)[C@H](NC(=O)[C@@H](C)[C@H](O)[C@@H](C)NC(=O)[C@@H](NC(=O)C1=C(C)C(N)=NC(=N1)[C@H](CC(N)=O)NC[C@H](N)C(N)=O)[C@@H](OC1OC(CO)C(O)C(O)C1OC1OC(CO)C(O)C(OC(N)=O)C1O)C1=CN=CN1)C(=O)NCCC1=NC(=CS1)C1=NC(=CS1)C(=O)NCCC[S+](C)C
D01190,NCC1=CC=C(NC(=O)C2=CC=C3C=C(C=CC3=C2)C(N)=N)C=C1
D01191,CC1(C)CN2C(CC(O)=O)=C(C(=C2C1)C1=CC=CC=C1)C1=CC=C(Cl)C=C1
D01192,OC1=C(O)C=C2C=CNC2=C1
D01193,OP(O)(=O)OC1=CC=CC2=CC=C(N=C12)C#N
D01194,ClC1=CC=CC=C1CN1CCC2=C(C1)C=CS2
D01195,O[C@H]1[C@@H](O)[C@@H](OP(O)(=O)OP(O)(O)=O)O[C@@H]1COP(O)(O)=O
D01196,CCCC(=O)OCOC(=O)C1=C(C)NC(C)=C(C1C1=CC=CC(Cl)=C1Cl)C(=O)OC
D01197,[C@H]1([C@@H]2[C@H]([C@@H](N3C4=CC(=C(C)C=C4[N+]([Co-3]456(N7C8=C(C9=[N+]4C(C([C@@H]9CCC(N)=O)(C)C)=CC4=[N+]5C(=C(C5=[N+]6[C@@]([C@]7([C@@H]([C@@]8(C)CCC(=O)NC[C@@]([H])(C)OP([O-])(=O)O2)CC(N)=O)[H])([C@@]([C@@H]5CCC(N)=O)(C)CC(N)=O)C)C)[C@@]([C@@H]4CCC(N)=O)(C)CC(N)=O)C)C#N)=C3)C)O1)O)CO
D01198,N[C@@H](CC1=CNC2=CC=CC=C12)C(=O)OP(O)(=O)OC[C@H]1O[C@H]([C@H](O)[C@@H]1O)N1C=NC2=C(N)N=CN=C12
D01199,NC(=O)C1=NN(C2=C1C=CC1=C2C=NN1)C1=CC=C(C=C1)S(N)(=O)=O
D01200,[H][C@]1(CCCC)CC[S@](=O)C1
D01201,[H][C@@]1(C[C@@]2([H])C(=O)OC3=C(C=CC=C3)C2=O)C(=O)OC2=CC=CC=C2C1=O
D01202,CNC(C)CC1=CC2=C(OCO2)C=C1
D01203,NS(=O)(=O)C1=CC2=C(CCNC2)C=C1
D01204,[H][C@@](CC1=CC=CC=C1)(NC(=O)[C@]([H])(CC(C)C)NC(C)=O)C=O
D01205,[H][C@]1(CO)O[C@@]2(N=C(O)N(C)C2=O)[C@]([H])(O)[C@@]([H])(O)[C@]1([H])O
D01206,N[C@@H](CCCN\C(N)=[NH+]\CC=C)C(O)=O
D01207,CCC1=C(C(=O)C2=CC(Br)=C(O)C(Br)=C2)C2=C(O1)C=C(C=C2)S(=O)(=O)N(C)C
D01208,COC1=CC(NCC2=C(C)C3=C(C=C2)N=C(N)N=C3N)=CC(OC)=C1OC
D01209,NCCCC[C@H](NC(=O)[C@@H]1CCCN1C(=O)[C@@H]1CSSC[C@H](NC(=O)CNC(=O)CNC(=O)CN)C(=O)N[C@@H](CC2=CC=C(O)C=C2)C(=O)N[C@@H](CC2=CC=CC=C2)C(=O)N[C@@H](CCC(N)=O)C(=O)N[C@@H](CC(N)=O)C(=O)N1)C(=O)NCC(N)=O
D01210,C[C@H]1CNCCC2=CC=C(Cl)C=C12
D01211,CO[C@H]1\C=C\O[C@@]2(C)OC3=C(C2=O)C2=C(C(O)=C3C)C(O)=C(NC(=O)\C(C)=C/C=C/[C@H](C)[C@H](O)[C@@H](C)[C@@H](O)[C@@H](C)[C@H](OC(C)=O)[C@@H]1C)C(\C=N\N1CCN(CC1)C1CCCC1)=C2O
D01212,OC(=O)CNC(=O)CCC[P@@](O)(=O)OCC1=CC=C(C=C1)[N+]([O-])=O
D01213,[H][C@]12[C@H](C[C@@H](C)C=C1C=C[C@H](C)[C@@H]2CC[C@@H]1C[C@@H](O)CC(=O)O1)OC(=O)C(C)(C)CC
D01214,O=C1NC2=CC=C(C=C2\C1=C\NC1=CC2=C(CS(=O)(=O)C2)C=C1)C1=CN=CO1
D01215,[H]\C(CCCCCC)=C(/[H])CCCCCCCCCC(O)=N[C@@]1([H])[C@]([H])(OC[C@@]2([H])O[C@]([H])(OP(O)(O)=O)[C@]([H])(N=C(O)CC(=O)CCCCCCCCCCC)[C@@]([H])(OCCCCCCCCCC)[C@]2([H])O)O[C@]([H])(COC)[C@@]([H])(OP(O)(O)=O)[C@]1([H])OCC[C@@]([H])(CCCCCCC)OC
D01216,COC1=CC=C(C=C1OC1CCCC1)C(=O)NC1=C(Cl)C=NC=C1Cl
D01217,[H][C@@](CCCCC)(OO)\C=C\[C@@]1([H])[C@@]2([H])C[C@]([H])(OO2)[C@]1([H])C\C=C/CCCC(O)=O
D01218,CC(C)(C(=O)C1=CN=CC=C1)C1=CC=CN=C1
D01219,[H][C@]12OC[C@@H](O[N+]([O-])=O)[C@@]1([H])OC[C@@H]2O
D01220,[H][C@@]1(CC[C@@]2([H])[C@]3([H])[C@H](O)C[C@]4([H])C[C@H](O)CC[C@]4(C)[C@@]3([H])CC[C@]12C)[C@H](C)CCC(O)=O
D01221,[H][C@@]12CO[C@@]3(COS(N)(=O)=O)OC(C)(C)O[C@@]3([H])[C@]1([H])OS(=O)(=O)O2
D01222,CN1SC(=O)C2=CC(=CC=C12)S(N)(=O)=O
D01223,[H][C@@]1(CN=C2NC(N)=NC(=O)C2=N1)[C@@H](O)[C@H](C)O
D01224,COC1=C(OCCCN2CCC(CC2)C2=NOC3=C2C=CC(F)=C3)C=CC(=C1)C(C)=O
D01225,[H][C@@](O)(COC)[C@]([H])(CC(C)C)NC(=O)[C@]([H])(CC(C)C)NC(=O)OCC1=CC=CC=C1
D01226,CN1C(=O)C(C)=C2N(C(=O)N(C3CC3)C(=O)C2=C1NC1=CC=C(I)C=C1F)C1=CC(NC(C)=O)=CC=C1
D01227,[H][C@@]1(O)C(CO)=C[C@@]([H])(NCCCCCCCC)[C@]([H])(O)[C@@]1([H])O
D01228,NC(=O)C1=CC=CN=C1
D01229,[Mg++].[O-]S([O-])(=O)=O
D01230,CC(C)NCC(O)COC1=CC=CC=C1CC=C
D01231,ClCCN(CCCl)P1(=O)NCCCO1
D01232,CCCCCCOC(=O)\N=C(\N)C1=CC=C(NCC2=NC3=C(C=CC(=C3)C(=O)N(CCC(=O)OCC)C3=NC=CC=C3)N2C)C=C1
D01233,[H][C@](N)(CC1=CC(I)=C(O)C(I)=C1)C(O)=O
D01234,COCCOC[C@H](CC1(CCCC1)C(=O)N[C@H]1CC[C@H](CC1)C(O)=O)C(=O)OC1=CC2=C(CCC2)C=C1
D01235,OC1=CC=C(C=C1)C1=COC2=C(C(O)=CC(O)=C2)C1=O
D01236,COC1=CC2=C(NC=C2CCNC(C)=O)C=C1
D01237,CC1=NC=C2CN=C(C3=CC=CC=C3F)C3=C(C=CC(Cl)=C3)N12
D01238,C[C@H](CC1=CC2=C(N(CCCO)CC2)C(=C1)C(N)=O)NCCOC1=CC=CC=C1OCC(F)(F)F
D01239,OC1=CC=C(C=C1)C1CNCCC2=C(Cl)C(O)=C(O)C=C12
D01240,CCN(CC)CC(=O)NC1=C(C)C=CC=C1C
D01241,[H][C@]1(COP(O)(O)=O)O[C@@]([H])(N2C=NC3=C(Cl)[NH+]=CN=C23)[C@]([H])(O)[C@]1([H])O
D01242,CC(C(O)=O)C1=CC2=C(C=C1)C1=C(N2)C=CC(Cl)=C1
D01243,CC1=C(NC(=O)C2=CC(NC(=O)NC3=CC=CC(=C3)C(=O)NC3=C(C)C=CC(=C3)C(=O)NC3=C4C(C=C(C=C4S(O)(=O)=O)S(O)(=O)=O)=C(C=C3)S(O)(=O)=O)=CC=C2)C=C(C=C1)C(=O)NC1=C2C(C=C(C=C2S(O)(=O)=O)S(O)(=O)=O)=C(C=C1)S(O)(=O)=O
D01244,[H][C@@](CC1=CC=CC=C1)(C[P@](O)(=O)[C@]([H])(N)CCC1=CC=CC=C1)C(O)=O
D01245,CC1=CC=CC=C1CC(=O)NC1=CC(C)=C(C(C)=C1)S(=O)(=O)NCC(O)=O
D01246,C[C@H](NC(C)=O)C(O)=O
D01247,CCN1C2=C(F)C=CC(F)=C2C(N)=NC11CCN(CC1)C(=O)C1=CN=C(CC1)C#N
D01248,N[C@@H](CC\C=C\[B-](O)(O)O)C(O)=O
D01249,[H][C@@]12C=C(C)CC[C@@]1([H])C(C)(C)OC1=C2C(O)=CC(CCCCC)=C1
D01250,[H][C@@]1(C)CN(C(=O)[C@@](C)(O)C(F)(F)F)[C@@]([H])(C)CN1C(=O)C1=CC=C(C=C1)C#N
D01251,OC(=O)COCCN1CCN(CC1)C(C1=CC=CC=C1)C1=CC=C(Cl)C=C1
D01252,OC(CCN1CCCCC1)(C1CCCCC1)C1=CC=CC=C1
D01253,C[C@H](CS)C(=O)N1CCC[C@H]1C(O)=O
D01254,[H][C@]1(O)C[C@@]([H])(O[C@]1([H])CN1CCCCC1)N1C=C(C)C(=O)NC1=O
D01255,[H][C@]12SC(C)(C)[C@@H](N1C(=O)[C@H]2NC(=O)[C@H](N)C1=CC=C(O)C=C1)C(O)=O
D01256,[H][C@@]12C[C@@](CO)(CO[C@]1([H])C1=CC=C(O)C=C1)CC=C2C
D01257,OC(=O)CC1=CC(=O)NC(=O)N1
D01258,NC1=C2N=CN([C@H]3C[C@H](O)[C@@H](CO)O3)C2=NC(Cl)=N1
D01259,[H][C@]1(O)C[C@@]([H])(CO)O[C@]([H])(O)[C@]1([H])O
D01260,C[N+](C)(C)CCOC(N)=O
D01261,COC1=CC2=C(C=C1)C=C(CCC(C)=O)C=C2
D01262,[O-][N+](=O)C1=CC2=C(NC3=C2CC(=O)NC2=C3C=CC=C2)C=C1
D01263,COC1=CC(NC2=NC=C3CN=C(C4=C(C=CC(Cl)=C4)C3=N2)C2=C(F)C=CC=C2OC)=CC=C1C(O)=O
D01264,NCC(O)=O
D01265,ClC1=CC=C(C(Cl)=C1)S(=O)(=O)NC1=CC(Cl)=C(OC2=CN=C3C=CC=CC3=C2)C(Cl)=C1
D01266,OC[C@H]1O[C@H](O[C@H]2[C@H](O)[C@@H](O)[C@H](OCCCCCC3CCCCC3)O[C@@H]2CO)[C@H](O)[C@@H](O)[C@@H]1O
D01267,OC[C@@H](O)CC1=CC=CC=C1
D01268,[H]N(C1=CC=C(OC[C@@H](O)CN(C)C)C=C1)C1=NC=CC(=N1)N([H])C1=C(Cl)C=CC(Cl)=C1
D01269,NC1=NC(=O)N(C=C1)[C@@H]1CS[C@H](CO)O1
D01270,CC#CCNC1=CC=C(C=C1)S(=O)(=O)CC1(CCN(CC1)C(=O)OC(C)(C)C)C(=O)NO
D01271,[H][C@@]12CC[C@](C)(O)[C@@]1(C)CC[C@@]1([H])[C@@]2([H])CC[C@@]2([H])CC(=O)\C(C[C@]12C)=C/O
D01272,FC1=CC2=C(NC(=C2)C(=O)NCCS)C=C1
D01273,[H][C@]1(C[C@]2([H])O[C@@](OC[C@]2([H])O1)(C1=CC=CC=C1)P(O)(O)=O)N1C=C(C)C(=O)NC1=O
D01274,C[C@](O)(CS(=O)(=O)C1=CC=C(F)C=C1)C(=O)NC1=CC(=C(C=C1)C#N)C(F)(F)F
D01275,NS(=O)(=O)C1=CC2=C(NC(CC3=CC=CC=C3)NS2(=O)=O)C=C1C(F)(F)F
D01276,[H][C@@]12CC[C@@]([H])(N1)[C@]([H])(C2)C1=CC=C(Cl)N=C1
D01277,CC1=CC=CC=C1N1C(C)=NC2=CC=CC=C2C1=O
D01278,C1CC1NC1=NC(=CC=N1)C1=C2C=CC=NN2N=C1
D01279,C[C@@H](CC1=CC(O)=C(O)C=C1)[C@H](C)CC1=CC(O)=C(O)C=C1
D01280,CN(CC(O)=O)C(N)=N
D01281,[H][C@@](CC1=CC=C(NC(N)=N)C=C1)(NC(=O)CSC1=CC=C(Cl)C=C1)C(N)=O
D01282,CNC(=O)C1=CC(OC2=CC(F)=C(NC(=O)NC3=CC=C(Cl)C(=C3)C(F)(F)F)C=C2)=CC=N1
D01283,CCOC1=CC=C(CC2=C(Cl)C=CC(=C2)[C@@H]2O[C@H](CO)[C@@H](O)[C@H](O)[C@H]2O)C=C1
D01284,N[C@@H](CC1=CC=C(OP(O)(O)=O)C=C1)C(O)=O
D01285,COC1=C(OC)C(CS(=O)C2=NC3=C(N2)C=C(OC(F)F)C=C3)=NC=C1
D01286,CC1=NOC(NS(=O)(=O)C2=CC=C(N)C=C2)=C1C
D01287,CNCC[C@@H](OC1=CC=CC=C1C)C1=CC=CC=C1
D01288,[H][C@]1(N)CCC2=CC=CC=C2[C@@]1([H])O
D01289,COC1=CC2=C(C=C1OC)C(OC1=CC=C(NC(=O)C3(CC3)C(=O)NC3=CC=C(F)C=C3)C=C1)=CC=N2
D01290,CC(C)O
D01291,NC1=NC(=O)N(C=C1)[C@H]1CC[C@@H](CO)O1
D01292,[H][C@@]1([C@H](OC)[C@@H](CC[C@]11CO1)OC(=O)N[C@H](C(C)C)C(N)=O)[C@@]1(C)O[C@@H]1CC=C(C)C
D01293,CC(C)CCO
D01294,[H][C@@]12C[C@@H](O)[C@](O)(C(=O)CO)[C@@]1(C)C[C@H](O)[C@@]1(F)[C@@]2([H])CCC2=CC(=O)C=C[C@]12C
D01295,NC(=O)N1C2=CC=CC=C2CC(=O)C2=C1C=CC=C2
D01296,[H][C@]12CCN(CCCC(=O)C3=CC=C(F)C=C3)C[C@@]1([H])C1=CC=CC3=C1N2CCN3C
D01297,NC1=NC(=O)N(C=N1)[C@@H]1O[C@H](CO)[C@@H](O)[C@H]1O
D01298,O=CN1CCCCC1
D01299,CC1=NN=C(O1)C1=CC=C(C(C)=C1)C1=CC(=CC=C1C)C(=O)NC1CC1
D01300,NC(CO)(CO)CO
D01301,CC1=CC(=C(O)C(C)=C1CC1=NCCN1)C(C)(C)C
D01302,CN(C)C(=O)CC1=C(N=C2C=CC(C)=CN12)C1=CC=C(C)C=C1
D01303,COC(=O)NC1=NC2=CC=C(C=C2N1)C(=O)C1=CC=CS1
D01304,[H]N1C=C(C2=CC=CC=C12)C1=C(C(=O)N([H])C1=O)C1=CN(CC[C@H]2CCCN2C)C2=CC=CC=C12
D01305,[H][C@@](CC)(CO)NC1=NC2=C(N=CN2C(C)C)C(NCC2=CC=CC=C2O)=N1
D01306,OC1=CC(O)=C2C(OC(=C(O)C2=O)C2=CC(O)=C(O)C(O)=C2)=C1
D01307,[H][C@](C)(OC1=CC=C(OC2=NC=C(C=C2Cl)C(F)(F)F)C=C1)C(O)=O
D01308,O=C1N=CN=C2NNC=C12
D01309,OC1=CC=C(C(=O)C2=CC=CC=C2)C(=C1O)[N+]([O-])=O
D01310,[H][C@]12COC(=O)[C@]1([H])[C@H](C1=CC(OC)=C(O)C(OC)=C1)C1=CC3=C(OCO3)C=C1[C@H]2O[C@@H]1O[C@]2([H])CO[C@@H](C)O[C@@]2([H])[C@H](O)[C@H]1O
D01311,OC[C@H]1O[C@H](OP(O)(O)=O)[C@H](O)[C@@H](O)[C@@H]1O
D01312,CNC(=O)[C@@H]1CC2=CC=C(NS(O)(=O)=O)C=C2CN1C(=O)OC(C)(C)C
D01313,[H][C@@](O)(CN1C[C@@]([H])(O)[C@]([H])(O)[C@@]1([H])CO)C([H])(CO)OS([O-])([O-])[O-]
D01314,COC1=CC(OC)=C(NC(=O)NC2=NC=C(N=C2)C#N)C=C1Cl
D01315,[H][C@](C)(CS)C(=O)N1CCC[C@@]1([H])C(O)=O
D01316,O=C1NC(=O)\C(S1)=C\C1=CC2=C(C=C1)N=CC=N2
D01317,O=C1C=C(OC2=C1C=CC=C2C1=CC=CC=C1)N1CCOCC1
D01318,[H][C@]12C[C@H](N(C(=O)[C@H](C)N[C@@H](CCC)C(=O)OCC)[C@@]1([H])CCCC2)C(O)=O
D01319,[H][C@@]12CC[C@@]3(CCC(=O)O3)[C@@]1(C)C[C@H]1O[C@@]11[C@@]2([H])[C@@H](CC2=CC(=O)CC[C@]12C)C(=O)OC
D01320,O=C1NC2=CC=CC=C2C1=O
D01321,CCOC(=O)C1=C(C)N(N=C1C)C1=C(Cl)C=CC=C1
D01322,[H]\C(=C(\[H])C1=CC(OC)=C(O)C(OC)=C1)C(=O)SCCN=C(O)CCN=C(O)C1(O)[C@]([H])(OP(O)(=O)OP(O)(=O)OC[C@@]2([H])O[C@@]([H])(N3C=NC4=C(N)N=CN=C34)[C@@]([H])(O)[C@]2([H])OP(O)(O)=O)C1(C)C
D01323,CCN(CC)C(=O)[C@]1(C[C@H]1CN)C1=CC=CC=C1
D01324,OC1=CC=C(C2=C1C(=O)C1=C(O)C=CC=C1O2)[N+]([O-])=O
D01325,CCOC(=O)C1=C(COCCN)NC(C)=C(C1C1=CC=CC=C1Cl)C(=O)OC
D01326,CN(C)CCCN1C2=CC=CC=C2SC2=C1C=C(C=C2)C(F)(F)F
D01327,[H][C@]1(C[C@@]2([H])O[C@](C)(N3C4=CC=CC=C4C4=C5CNC(=O)C5=C5C6=CC=CC=C6N2C5=C34)[C@]1([H])OC)NC
D01328,[H][C@@]12OC3=C(OC)C=CC4=C3[C@@]11CCN(C)[C@]([H])(C4)[C@]1(O)CCC2=O
D01329,CCN(CCO)CCCC(C)NC1=C2C=CC(Cl)=CC2=NC=C1
D01330,C1CC1C1=NNC(NC2=CC=NC(NC3=CC4=C(NC=N4)C=C3)=N2)=C1
D01331,OC1=CC=C(C=C1)\N=C1/C(=O)NC2=CC=CC=C12
D01332,OC(C1=CC=C(NCC(F)(F)F)C=C1)(C(F)(F)F)C(F)(F)F
D01333,CN(C1CCCCC1)C1=NC(=CC=N1)C1=CN=C2C=CC=CN12
D01334,CCCCCN(C)CCC(O)(P(O)(O)=O)P(O)(O)=O
D01335,CC1=CC(=C(NCCCN)C=C1)[N+]([O-])=O
D01336,COC1=CC=C(C=C1)N1C=NC2=C1C=C(C=C2)C1=NNC(=S)O1
D01337,CC(C)[C@@H]1CC[C@@H](C)C[C@H]1O
D01338,[H]N(C1=CC=C(OC[C@H](O)CN(C)C)C=C1)C1=NC=C(Br)C(=N1)N([H])C1=CC=CC=C1
D01339,CO[C@H]1\C=C\O[C@@]2(C)OC3=C(C)C(O)=C4C(=O)C(NC(=O)\C(C)=C/C=C/[C@H](C)[C@H](O)[C@@H](C)[C@@H](O)[C@@H](C)[C@H](OC(C)=O)[C@@H]1C)=C1OC5=C(N=C1C4=C3C2=O)C(O)=CC(=C5)N1CCN(CC(C)C)CC1
D01340,CO[C@@H]1O[C@H](CO)[C@@H](O[C@@H]2O[C@H](CO)[C@H](O)[C@H](O)[C@H]2O)[C@H](O)[C@H]1O
D01341,[H][C@@]1(CC[C@]([H])(CC1)C(O)=NCCSSCCN=C(C)O)N=C(O)C1=C(N=CC=N1)C(O)=O
D01342,OC1=CC=C2C=C(C=C(C#N)C2=C1)C1=CC=C(O)C(F)=C1
D01343,[H][C@@]12C[C@@H](C)[C@](O)(C(=O)CO)[C@@]1(C)C[C@H](O)[C@@]1([H])[C@@]2([H])[C@H](Cl)CC2=CC(=O)C=C[C@]12C
D01344,[H]N(C1=CC=C(OC[C@@H](O)CN(C)C)C=C1)C1=NC=CC(=N1)C1=C(C)N=C2C=CC=CN12
D01345,O[C@H](\C=C\[C@@H](C)[C@@]1([H])CC[C@@]2([H])\C(CCC[C@]12C)=C\C=C1\C[C@@H](O)C[C@H](O)C1=C)C1CC1
D01346,CCCCCCCCCCCC[N+](C)(C)[O-]
D01347,CCOC1=C(OCC)C=C(C=C1)C1=NC(=CS1)C1=NC(=CC=C1)C(O)=O
D01348,O.Cl.CCC(=O)NC1=C(C)C=C(C=C1C)C(=O)N1CCC(CC1)N(C)CCC1=CC=CC=C1
D01349,[H][C@@]12C[C@@]3([H])C[C@@](C1)(C[C@@]([H])(C2)[C@@]3([H])NC(=O)C(C)(C)OC1=C(Cl)C=C(F)C=C1)S(C)(=O)=O
D01350,OC(=O)CCNC(=O)C1=CC=C(C=C1)\N=N\C1=CC=C(O)C(=C1)C(O)=O
D01351,CC1=CC=C(C=C1)C(=C/CN1CCCC1)\C1=CC=CC=N1
D01352,C(C=CC1=CC=CC=C1)N1CCN(CC1)C(C1=CC=CC=C1)C1=CC=CC=C1
D01353,[H][C@@]12OC3=C(OCC)C=CC4=C3[C@@]11CCN(C)[C@]([H])(C4)[C@]1([H])C=C[C@@H]2O
D01354,O=C1NC=C(C#C)C(=O)N1
D01355,COC([C@H](OC1=NC(C)=CC(C)=N1)C(O)=O)(C1=CC=CC=C1)C1=CC=CC=C1
D01356,COC1=CC=C(C[C@@H](C)NC[C@H](O)C2=CC(NC=O)=C(O)C=C2)C=C1
D01357,CC[C@H](C)[C@@H]1NC(=O)[C@H](CCCNC(N)=N)NC(=O)[C@H](CC(O)=O)NC(=O)[C@H](CCSC)NC(=O)[C@H](CCCNC(N)=N)NC(=O)CNC(=O)CNC(=O)[C@H](CC2=CC=CC=C2)NC(=O)[C@H](CSSC[C@H](NC(=O)CNC(=O)[C@H](CC(C)C)NC(=O)CNC(=O)[C@H](CO)NC(=O)[C@H](CCC(N)=O)NC(=O)[C@H](C)NC(=O)CNC1=O)C(=O)N[C@@H](CC(N)=O)C(=O)N[C@@H](CO)C(=O)N[C@@H](CC1=CC=CC=C1)C(=O)N[C@@H](CCCNC(N)=N)C(=O)N[C@@H](CC1=CC=C(O)C=C1)C(O)=O)NC(=O)[C@H](CO)NC(=O)[C@H](CO)NC(=O)[C@H](CCCNC(N)=N)NC(=O)[C@H](CCCNC(N)=N)NC(=O)[C@H](CC(C)C)NC(=O)[C@H](CO)NC(=O)[C@H](CCCNC(N)=N)NC(=O)[C@@H]1CCCN1C(=O)[C@H](C)NC(=O)[C@@H](N)[C@@H](C)O
D01358,OC(=O)\C=C\C(O)=O
D01359,[H][C@@]12CC[C@H](C(=O)NC(C)(C)C)[C@@]1(C)CC[C@@]1([H])[C@@]2([H])CC[C@@]2([H])NC(=O)C=C[C@]12C
D01360,[H][C@@](N)(C(=O)N1CC[C@]([H])(F)C1)[C@@]([H])(C(=O)N(C)C)[C@@]1([H])CC[C@@]([H])(CC1)C1=CC=CC2=NC=NN12
D01361,NCCO.CCCCCCCC\C=C/CCCCCCCC(O)=O
D01362,CN(C)CCC1=CNC2=C1C=C(CS(=O)(=O)N1CCCC1)C=C2
D01363,[H][C@](N)(CSCCCCCCCCC)C(O)=O
D01364,[Br-].[H][C@]12C[C@@H](C[C@@]([H])(C3OC13)[N+]2(C)C)OC(=O)[C@H](CO)C1=CC=CC=C1
D01365,C[C@@H]1O[C@@H](OC[C@H]2O[C@@H](OC3=C(OC4=CC(O)=CC(O)=C4C3=O)C3=CC(O)=C(O)C=C3)[C@H](O)[C@@H](O)[C@@H]2O)[C@H](O)[C@H](O)[C@H]1O
D01366,[H][C@]1(CO)O[C@@]([H])(C2=NN=C(C)O2)[C@]([H])(O)[C@@]([H])(O)[C@]1([H])O
D01367,CCS\C(N)=N\C1=CC=CC=C1
D01368,[H][C@@]12CC[C@](O)(C(=O)COC(C)=O)[C@@]1(C)CC(=O)[C@@]1([H])[C@@]2([H])CCC2=CC(=O)CC[C@]12C
D01369,[H][C@@](C)(NC(=O)[C@]([H])(CC1=CC=CC=C1)NC(=O)[C@]([H])(S)CC1=CC=CC=C1)C(O)=O
D01370,[H][C@](OCC[As+](C)(C)C)(C1=CC=CC=C1[N+](O)=O)C(F)(F)F
D01371,CCCCCCCCC1=CC=C(CCC(N)(CO)CO)C=C1
D01372,CC(C)[C@H](N)C(O)=O
D01373,C[N+]1=CN([C@@H]2O[C@H](COP(O)(O)=O)[C@@H](O)[C@H]2O)C2=C1C(O)=NC(=N)N2
D01374,NC1=NC(=O)N(C=C1)[C@H]1C[C@H](O)[C@@H](CO)O1
D01375,[H][C@](N)(CCC(O)=N[C@@]([H])(CS[C@]([H])(O)N(O)C1=CC=C(Br)C=C1)C(O)=NCC(O)=O)C(O)=O
D01376,COC1=CC=CC2=C1C(=O)C1=C(O)C3=C(C[C@](O)(C[C@@H]3O[C@H]3C[C@H](N)[C@H](O)[C@H](C)O3)C(C)=O)C(O)=C1C2=O
D01377,CN(C)CCOC(C1=CC=CC=C1)C1=CC=CC=C1
D01378,[H][C@](CN1C=CN=C1)(OCC1=CC=C(Cl)C=C1)C1=C(Cl)C=C(Cl)C=C1
D01379,COC1=CC(NC2=NC=C3C=CN(C3=N2)C2=CC=CC=N2)=CC(OC)=C1OC
D01380,[H][C@]1(CO)O[C@@]([H])(N2C(NCC3=CC=C(Cl)C(Cl)=C3)=NC3=C(N)N=CN=C23)[C@]([H])(O)[C@]1([H])O
D01381,COC1=CC=CC(=C1)C1=NC2=C(N1)C=CC=C2C(N)=O
D01382,OC(=O)C1=C(NC2=CC=C(Cl)C=C2)N=CC=C1
D01383,[H][C@@](O)(CO)CCONC1=C(NC2=CC=CC=C12)C1=C2C=CC=CC2=NC1=O
D01384,ClC1=C(SC=C1N1CC(=O)NS1(=O)=O)C1=CC=CC=C1
D01385,OC(=O)C(=O)N(C1=CC=CC=C1C(O)=O)C1=CC=CC2=CC=C(O)C=C12
D01386,OP(O)(=O)C(Cl)(Cl)P(O)(O)=O
D01387,[H][C@](N)(CC1=CN(C=N1)C1=NNN=N1)C=O
D01388,CC(C)C[C@@H](C)N
D01389,[H]C(=O)N1C(CNC2=CC=C(C=C2)C(=O)N[C@@H](CCC(O)=O)C(O)=O)CNC2=C1C(=O)NC(N)=N2
D01390,[H][C@@]12C[C@H](C)[C@](O)(C(=O)CO)[C@@]1(C)C[C@H](O)[C@@]1(F)[C@@]2([H])C[C@H](F)C2=CC(=O)C=C[C@]12C
D01391,NCCCC[C@H](NC(=O)[C@@H]1CCCN1C(=O)[C@@H]1CSSC[C@H](N)C(=O)N[C@@H](CC2=CC=CC=C2)C(=O)N[C@@H](CC2=CC=CC=C2)C(=O)N[C@@H](CCC(N)=O)C(=O)N[C@@H](CC(N)=O)C(=O)N1)C(=O)NCC(N)=O
D01392,CC(C)(C)C1=CC=C(C=C1)C(O)CCCN1CCC(CC1)C(O)(C1=CC=CC=C1)C1=CC=CC=C1
D01393,[H][C@@](O)(CCCC(O)=O)\C=C\C=C/C\C=C/C\C=C/C\C=C/CC
D01394,C[C@]1(OC(=O)N(NC2=CC=CC=C2)C1=O)C1=CC=C(F)C=C1F
D01395,CCCCCN(CCCOC)C(=O)[C@@H](CCC(O)=O)NC(=O)C1=CC(Cl)=C(Cl)C=C1
D01396,[K+]
D01397,[O-][N+](=O)OCC(CO[N+]([O-])=O)O[N+]([O-])=O
D01398,[H][C@]1(COP(O)(=O)OP(O)(=O)OP(O)(O)=O)O[C@@]([H])(N2C=[N+](C)C3=C2NC(=N)N=C3O)[C@]([H])(O)[C@]1([H])O
D01399,CCN1C(=O)CCC1=O
D01400,CS(=O)(=O)C1=CC(Cl)=C(C=C1Cl)C1=C(Cl)C=C(C(Cl)=C1)S(C)(=O)=O
D01401,CN1CCN(CC1)C1=NC2=CC=CC=C2OC2=C1C=C(Cl)C=C2
D01402,[H]\C(CC[C@]([H])(C)[C@@]([H])(O)C[C@]1([H])O[C@@]2(N=C(O)[C@@]([H])(CC)C[C@]2([H])C)[C@@]([H])(C)[C@@]([H])(O)[C@@]1([H])C)=C(\[H])/C(/[H])=C(\C)[C@]1([H])C\C([H])=C(/[H])\C(\[H])=C([H])\[C@]([H])(O)[C@]([H])(C)[C@@]([H])(O)[C@@]([H])(CCC(C)=O)C(O)=N[C@@]([H])(C(C)C)C(O)=N[C@@]([H])(CC2=CC(O)=CC=C2)C(=O)N2CCC[C@]([H])(N2)C(=O)O1
D01403,[H][C@@]12CCCN1C(=O)[C@H](NC(=O)[C@@H](NC(=O)C1=C3N=C4C(OC3=C(C)C=C1)=C(C)C(=O)C(N)=C4C(=O)N[C@H]1[C@@H](C)OC(=O)[C@H](C(C)C)N(C)C(=O)CN(C)C(=O)[C@]3([H])CCCN3C(=O)[C@H](NC1=O)C(C)C)[C@@H](C)OC(=O)[C@H](C(C)C)N(C)C(=O)CN(C)C2=O)C(C)C
D01404,CN(C)CCOC(C1=CC=CC=C1)C1=CC=CC=C1C
D01405,COCCOCCOCCOCCOCCOC
D01406,NC1=NC(=O)N(C[C@@H](CO)OCP(O)(O)=O)C=C1
D01407,NNC1=NN=CC2=CC=CC=C12
D01408,NCC1=CC=C(C=C1)S(N)(=O)=O
D01409,OC1=CC=C(OCC2=CC=CC=C2)C=C1
D01410,[H][C@@](CCCC)(NC(=O)[C@]([H])(CC(C)C)NC(=O)OCC1=CC=C(Br)C=C1)C=O
D01411,NC1=CC=CC=C1C(O)=O
D01412,BrC1=CC2=C(NC(=O)CN=C2C2=CC=CC=N2)C=C1
D01413,CN(C)C(=O)N[C@H]1CC[C@H](CCN2CCN(CC2)C2=C(Cl)C(Cl)=CC=C2)CC1
D01414,CC(C)(C)COC1=C(C=C(C=C1)N1C=C(C=N1)C(O)=O)C#N
D01415,CN1C2=C(C=C(C=C2)[N+]([O-])=O)C(=NCC1=O)C1=CC=CC=C1F
D01416,COC(=O)C1=C(C)NC(C)=C(C1C1=CC(=CC=C1)[N+]([O-])=O)C(=O)OC(C)(C)CN(C)CCC(C1=CC=CC=C1)C1=CC=CC=C1
D01417,[H][C@@]12CC[C@H](C(C)=O)[C@@]1(C)CC[C@@]1([H])[C@@]2([H])CCC2=CC(=O)CC[C@]12C
D01418,C[N+]1(C)CCCC(C1)OC(=O)C(O)(C1=CC=CC=C1)C1=CC=CC=C1
D01419,C1CN(CCO1)C1=C2N=CNC2=NC=N1
D01420,O[Al](O)OS(=O)(=O)OC[C@H]1O[C@@H](O[C@]2(COS(=O)(=O)O[Al](O)O)O[C@H](OS(=O)(=O)O[Al](O)O)[C@@H](OS(=O)(=O)O[Al](O)O)[C@@H]2OS(=O)(=O)O[Al](O)O)[C@H](OS(=O)(=O)O[Al](O)O)[C@@H](OS(=O)(=O)O[Al](O)O)[C@@H]1OS(=O)(=O)O[Al](O)O
D01421,CCN1C=C(C(O)=O)C(=O)C2=CC(F)=C(N=C12)N1CCNCC1
D01422,CC1=C(CCC(O)=O)C2=CC3=C(CCC(O)=O)C(C)=C4C=C5N6C(=CC7=C(C=C)C(C)=C8C=C1N2[Co]6(N34)N78)C(C)=C5C=C
D01423,COC1=CC(=CC=C1)C1=CC(=CC=C1)[C@]1(C)CC(=O)N(C)C(N)=N1
D01424,CCCC1=NN(C)C2=C1NC(=NC2=O)C1=C(OCC)C=CC(=C1)S(=O)(=O)N1CCN(C)CC1
D01425,OCCOCCN1CCN(CC1)C(C1=CC=CC=C1)C1=CC=C(Cl)C=C1
D01426,CC1=C(CC(O)=O)C2=CC(F)=CC=C2\C1=C/C1=CC=C(C=C1)S(C)=O
D01427,COC1=CC(=CC=C1OC(F)F)C1=NNC(=O)C=C1
D01428,[H][C@]1(COP([O-])(=O)OP(O)(=O)OC[C@@]2([H])O[C@@]([H])([N+]3=CC=CC(=C3)C(O)=N)[C@]([H])(O)[C@]2([H])O)O[C@@]([H])(N2C=NC3=C2N=CN2C=CN=C32)[C@]([H])(O)[C@]1([H])O
D01429,CC(C(O)=O)C1=CC=C(S1)C(=O)C1=CC=CC=C1
D01430,COCC(=O)O[C@]1(CCN(C)CCCC2=NC3=CC=CC=C3N2)CCC2=C(C=CC(F)=C2)[C@@H]1C(C)C
D01431,COC1=C(Cl)C=C(CNC2=C(C=NC(=N2)N2CCC[C@H]2CO)C(=O)NCC2=NC=CC=N2)C=C1
D01432,OC(=O)C1=C(O)C=CC(=C1)C1=C(F)C=C(F)C=C1
D01433,NNC(=O)C1=C(C2=C(N1)C=CC(=C2)S(N)(=O)=O)C1=CC=CC=C1
D01434,[H][C@](C)(CC)C(=O)O[C@@]1([H])C[C@@]([H])(C)C=C2C=C[C@]([H])(C)[C@]([H])(CC[C@@]3([H])C[C@@]([H])(O)CC(=O)N3CC3=CC4=C(C=C3)C(CO)=C(OC)C=C4)[C@@]12[H]
D01435,OC[C@@H](O)CS
D01436,[H][C@](O)(C([O-])=NCCC([O-])=NCCSC(=O)C[C@@](C)(O)CC([O-])=O)C(C)(C)COP(O)(=O)OP(O)(=O)OC[C@@]1([H])O[C@@]([H])(N2C=NC3=C(N)N=CN=C23)[C@]([H])(O)[C@]1([H])OP([O-])([O-])=O
D01437,OC(=O)C1CCN2C1=CC=C2C(=O)C1=CC=CC=C1
D01438,OC1=CC=C(C=C1)C1=C(O)C(=O)C2=C(O1)C=C(O)C=C2O
D01439,CC1=CC=CC=C1C(=O)NC1=CC(C)=C(C=C1)C(=O)N1CCC[C@@H](O)C2=C1C=CC(Cl)=C2
D01440,OC(=O)C1=CC=C([Hg])C=C1
D01441,CN1C=CNC1=S
D01442,OC1=CC=C(C=C1)C1=CC2=C(O1)C=CC(O)=C2
D01443,ClC1=CC=C2CCCNCC2=C1Cl
D01444,[Ga+3].[O-][N+]([O-])=O.[O-][N+]([O-])=O.[O-][N+]([O-])=O
D01445,CC1=CC(C)=[N+](CCC2=CC=C(C=C2)S(N)(=O)=O)C(C)=C1
D01446,N[C@@H](CCCC[NH3+])C(N)=O
D01447,C1CCN(CC1)C1CCNCC1
D01448,O=C1NCCC2=C1C=C(N2)C1=CC(=NC=C1)C1=CC2=C(C=CC=C2)N=C1
D01449,[H][C@@](C)(N1CC[C@]([H])(NS(=O)(=O)C2=CC3=C(S2)C=CC(Cl)=C3)C1=O)C(=O)N1CCOCC1
D01450,NC1=C(Br)C(C(O)=O)=C(Br)C(C(O)=O)=C1Br
D01451,[H][C@@](C)(NC(=O)CCC[P@](O)(=O)OC1=CC=C(C=C1)[N+]([O-])=O)C(O)=O
D01452,CC(C)NCC(O)COC1=CC=CC2=C1C=CC=C2
D01453,[H][C@]1(O)O[C@]([H])(COP(O)(=O)OP(O)(=O)OC[C@@]2([H])O[C@@]([H])(N3C=NC4=C(N)N=CN=C34)[C@]([H])(O)[C@]2([H])O)[C@@]([H])(O)[C@@]1([H])OC(C)=O
D01454,[H][C@@]12CC[C@H](O)[C@@]1(C)CC[C@]1([H])C3=C(CC[C@@]21[H])C=C(O)C(OC)=C3
D01455,CC(C)NC(=N)NC(=N)NC1=CC=C(Cl)C=C1
D01456,CC1=CC(=NC(N)=N1)C#CC1=C(CNN2C=COC2=O)C=CC=C1
D01457,CC(C)=CCC\C(C)=C\CC\C(C)=C\CONC(=O)CP(O)(O)=O
D01458,[H][C@]1(CO)O[C@@]2(N=C(O)N(O)C2=O)[C@]([H])(O)[C@@]([H])(O)[C@]1([H])O
D01459,[H][C@]12OC[C@H](O[N+]([O-])=O)[C@@]1([H])OC[C@H]2O[N+]([O-])=O
D01460,C[C@@H]1O[C@H](O)[C@@H](O)[C@H](O)[C@@H]1O
D01461,[H][C@@]12C[C@H](C)[C@](O)(C(=O)CCl)[C@@]1(C)C[C@H](O)[C@@]1(F)[C@@]2([H])C[C@H](F)C2=CC(=O)C=C[C@]12C
D01462,CCC(C)N1N=CN(C1=O)C1=CC=C(C=C1)N1CCN(CC1)C1=CC=C(OC[C@H]2CO[C@@](CN3C=NC=N3)(O2)C2=CC=C(Cl)C=C2Cl)C=C1
D01463,[H][C@](O)(CNC1CCCCC1)CN1C2=C(CCCC2)C2=C1C=CC(C)=C2
D01464,OCCN1CCN(CCCN2C3=CC=CC=C3SC3=C2C=C(Cl)C=C3)CC1
D01465,OC1CCN(CCCN2C3=CC=CC=C3SC3=C2C=C(C=C3)C#N)CC1
D01466,[H][C@](N)(CCC(=O)N[C@@]([H])(CSC1=C(C=C(C=C1)N(=O)=O)N(=O)=O)C(=O)NCC(O)=O)C(O)=O
D01467,CCC(=O)C1=CC2=C(SC3=CC=CC=C3N2CC(C)N(C)C)C=C1
D01468,CC1=NC=C(COP(O)(O)=O)C(C=O)=C1O
D01469,CN[C@@H]1CN(C2=CC(OC)=CC=C2)S(=O)(=O)C2=C1C=C(S2)S(N)(=O)=O
D01470,COC1=C(OC)C=C2C3CC(=O)C(CC(C)C)CN3CCC2=C1
D01471,OC(=O)[C@@H]1CCC(=O)N1
D01472,O[C@H]1[C@@H](O)[C@@H](O[C@@H]1COP(O)(O)=O)N1C=CC(=O)NC1=O
D01473,O[C@H]1[C@@H](OP(O)(O)=O)[C@H](O)[C@@H](OP(O)(O)=O)[C@H](OP(O)(O)=O)[C@H]1OP(O)(O)=O
D01474,O[C@H]1[C@H](O)[C@@H](OP(O)(O)=O)[C@H](OP(O)(O)=O)[C@@H](O)[C@H]1OP(O)(O)=O
D01475,FC1=CC=C(C=C1)C1=C(N(CC2CC2)C=N1)C1=CC=NC=C1
D01476,[H][C@@](CCCCC)(CC(=O)NO)C(=O)N[C@@]([H])(C(C)C)C(=O)N1CCC[C@@]1([H])CO
D01477,[H][C@@]12CCCC[C@]1([H])CN(C[C@@H](O)[C@H](CSC1=CC=CC=C1)NC(=O)C1=C(C)C(O)=CC=C1)[C@@H](C2)C(=O)NC(C)(C)C
D01478,COC1=CC=C(C=C1)C(Cl)=C(C1=CC=C(OC)C=C1)C1=CC=C(OC)C=C1
D01479,[H][C@]1(NC(=O)[C@H](CCCCN)NC(=O)[C@@H](CC2=CNC3=C2C=CC=C3)NC(=O)[C@H](CC2=CC=CC=C2)NC(=O)[C@H](CSSC[C@H](NC1=O)C(=O)N[C@H](CO)[C@@H](C)O)NC(=O)[C@H](N)CC1=CC=CC=C1)[C@@H](C)O
D01480,[H][C@@]1(C)CC(O)=NN=C1C1=CC=C(NC2=C(CC3=CC(I)=CC=C3)C(=O)CCC2)C=C1
D01481,[H][C@]12C[C@@H](O)[C@H](\C=C\[C@@H](O)CCCCC)[C@@]1([H])C\C(O2)=C\CCCC(O)=O
D01482,[H][C@@]12CC[C@](OC(=O)C(Cl)Cl)(C(=O)OCC)[C@@]1(C)C[C@H](O)[C@@]1([H])[C@@]2([H])CCC2=CC(=O)C=C[C@]12C
D01483,ONC(=O)CCCCCCC(=O)NC1=CC=CC=C1
D01484,CC1=NC=C(C=C1)C1=C(C=C(Cl)C=N1)C1=CC=C(C=C1)S(C)(=O)=O
D01485,[H][C@]1(N=C(N(C(=O)N2CCN(CCO)CC2)[C@]1([H])C1=CC=C(Br)C=C1)C1=C(OCC)C=C(OC)C=C1)C1=CC=C(Br)C=C1
D01486,CC1=C(CCN2CCC(CC2)C2=NOC3=C2C=CC(F)=C3)C(=O)N2CCCC(O)C2=N1
D01487,CN1CCN(CC1)C1=C(F)C=C2C(=O)C(=CN(CCF)C2=C1F)C(O)=O
D01488,CCCCNC(=O)C1=CC=CC(NC(=O)CCCCCNC2=C3N=CNC3=NC=N2)=C1
D01489,[H][C@@](CCCCCN)(NC(=O)[C@]1([H])CCCN1C(=O)[C@@]([H])(CC1=CC=CC=C1)NC(C)=O)B(O)O
D01490,N1C=NC=N1
D01491,[H][C@@](CCN)(C(=O)NC1=CC=C2NN=C(NC(=O)C3=CC=CC=C3)C2=C1)C1=CC(Cl)=CC=C1
D01492,CCCC1=C(OCCCOC2=CC=C(OCC(O)=O)C=C2)C=CC(C(C)=O)=C1O
D01493,[H][C@]1(F)CN(CC(=O)NC2=CC=C(C=C2F)N2C=CC=CC2=O)C[C@]1([H])NC(=O)C1=CC=C(Cl)S1
D01494,[H][C@@](CCC(O)=O)(NC(=O)C1=CC=C(CC[C@]2([H])CNC3=C(C2)C(O)=NC(=N)N3)C=C1)C(O)=O
D01495,CNNCC1=CC=C(C=C1)C(=O)NC(C)C
D01496,ClC1=CC=C(\C=C\S(=O)(=O)N2CCN(CC3CCN(CC3)C3=CC=NC=C3)C(=O)C2)C=C1
D01497,[H]\C(CCCCCCCCCCCCC)=C(\[H])[C@@]([H])(O)[C@@]([H])(N)CO
D01498,OC(=O)C(O)=O
D01499,[H][C@@]12CC[C@H](O)[C@@]1(C)CC[C@@]1([H])[C@@]2([H])CC[C@@]23O[C@@H]2C(O)=C(C[C@]13C)C#N
D01500,[H][C@@]12C[C@@H](C)[C@](OC(=O)CC)(C(=O)SCF)[C@@]1(C)C[C@H](O)[C@@]1(F)[C@@]2([H])C[C@H](F)C2=CC(=O)C=C[C@]12C
D01501,[H][C@@]12[C@@H](C)C3=C(C(O)=CC=C3)C(=O)C1=C(O)[C@]1(O)C(=O)C(C(N)=O)=C(O)[C@@H](N(C)C)[C@]1([H])[C@H]2O
D01502,CCCCCC[C@@H](CCC)C(O)=O
D01503,OC[C@H]1O[C@@H](O)[C@H](O)[C@@H](O)[C@@H]1O
D01504,N[C@@H]([C@H](O)C1=CC(O)=C(O)C=C1)C(O)=O
D01505,COC1=CC(=CC=C1)C(\O)=C1/C=NC2=NC=CC(=C12)C1=CC(F)=CC(F)=C1
D01506,COC1=C(OC)C=C2C(OC3=CC4=CC=CC(C(=O)NC5CC5)=C4C=C3)=CC=NC2=C1
D01507,FC(F)(F)CN1C2=C(C=C(Cl)C=C2)C(=NCC1=O)C1=CC=CC=C1
D01508,CCC1(C(=O)NC(=O)NC1=O)C1=CC=CC=C1.COC1=CC2=C(C=CN=C2C=C1)C(O)C1CC2CCN1CC2C=C
D01509,CC[C@H](C)[C@H](N)C(O)=O
D01510,[H][C@@]12CC[C@@](O)(CC=C)[C@@]1(C)CC[C@]1([H])[C@@]3([H])CCCC=C3CC[C@@]21[H]
D01511,CS(=O)(=O)C1=CC=C(C=C1)C1=C(C(=O)OC1)C1=CC=CC=C1
D01512,[H][C@]1(CCCN1C(=O)CCN1C(=O)C(=NC2=CC=CC=C12)C1=CC=CC=C1)C(=O)N1CCCC1
D01513,ClC1=C(Cl)C2=CC=CC=C2C(=O)O1
D01514,CC(=O)N[C@H]1[C@H](O)O[C@H](CO)[C@@H](O)C1O[C@@H]1O[C@@H]([C@@H](O[C@@H]2O[C@H](CO)[C@@H](O)C(O[C@@H]3O[C@@H]([C@@H](O)[C@H](O)[C@H]3O)C(O)=O)[C@H]2NC(C)=O)[C@H](O)[C@H]1O)C(O)=O
D01515,CN1C(=O)OC(C)(C)C1=O
D01516,[H]N(CCO)S(=O)(=O)C1=C(Cl)C=CC(=C1)C1=C(C)N=C(S1)N([H])C(C)=O
D01517,[H]N(O)C(=O)N([H])[C@@H](CC1=CC=CC=C1)C(O)=O
D01518,[H][C@@](CO)(NC(=O)C1=C(O)C(O)=CC=C1)C(O)=O
D01519,CCN(CC1=CC=NC=C1)C(=O)C(CO)C1=CC=CC=C1
D01520,OCC([NH3+])(CO)CO.CCCCC[C@@](O)(C)\C=C\[C@H]1[C@@H](O)C[C@H](O)[C@@H]1C\C=C/CCCC(=O)[O-]
D01521,CCCN1CCCC[C@H]1C(=O)NC1=C(C)C=CC=C1C
D01522,[H][C@@](CC1=CC=C(F)C=C1)(NC(=O)C1=CC2=C(N1)C=CC(Cl)=C2)C(=O)N1CCC(O)CC1
D01523,CC12CC3CC(C)(C1)CC(N)(C3)C2
D01524,CC(C)C[C@@H](N=C(N)N)C(=O)NCC(=O)N1CCC(CC1)C1=CC(=NN1C)C1=C(Cl)C(Cl)=C(OCC2=CC=C(NC(C)=O)C=C2)C=C1
D01525,OC[C@H]1O[C@H](C[C@@H]1O)N1C=C(C(=O)NC1=O)C(F)(F)F
D01526,[H]N([H])S(=O)(=O)C1=CC=C(C=C1)C(=O)N([H])C[C@@H](C)CN1C=CC2=CC=CC=C12
D01527,FC(F)OC(F)(F)C(F)Cl
D01528,OC1=CC(O)=C2C(CC(=O)CCCCC\C=C\CCOC2=O)=C1Cl
D01529,CC1=CC=C(SC2=CC=CC3=C2C(N)=NC(N)=N3)C=C1
D01530,OC(=O)C1=CC=C(C=C1)N1N=C(N=C1C1=CC=CC=C1O)C1=CC=CC=C1O
D01531,[H][C@@]12CC(F)(F)C[C@]1([H])[C@@]([H])(OC1=C2C=C(O)C=C1)C1=CC=C(O)C=C1
D01532,[H][C@@]12CC[C@@](OC(C)=O)(C#C)[C@@]1(CC)CC[C@]1([H])[C@@]3([H])CC\C(C=C3CC[C@@]21[H])=N/O
D01533,N[C@@H](CCC\N=C(/N)N(C)C)C(O)=O
D01534,COC1=C2OC(=O)C=CC2=CC2=C1OC=C2
D01535,OC1=C2N=CC=CC2=C(C=C1)[N+]([O-])=O
D01536,CCCOC1=CC(=CC=C1OC)[C@]1(C)CNC(=O)O1
D01537,FC1=CC=C(C=C1)C(CCCN1CCC(CC1)N1C(=O)NC2=CC=CC=C12)C1=CC=C(F)C=C1
D01538,ClC1=CC2=C(C=C1)N1C=NN=C1CN=C2C1=CC=CC=C1
D01539,CN(CCCOC1=CC=C(Cl)C=C1Cl)CC#C
D01540,[H][C@@]12CC[C@](O)(C(=O)COC(=O)CN(CC)CC)[C@@]1(C)C[C@H](O)[C@@]1([H])[C@@]2([H])CCC2=CC(=O)CC[C@]12C
D01541,CCN1N=NN(CCN2CCC(COC)(CC2)N(C(=O)CC)C2=CC=CC=C2)C1=O
D01542,[H]/C1=C([H])/[C@]([H])(OC)[C@@]([H])(OC(O)=N)C(C)=C([H])[C@]([H])(C)[C@@]([H])(O)[C@]([H])(C[C@]([H])(C)CC2=C(NCC=C)C(=O)C=C(N=C(O)\C(C)=C\1/[H])C2=O)OC
D01543,CCCCCCCCCCCCOS(O)(=O)=O
D01544,CC[C@H]1[C@@H]2C[C@H]3[C@@H]4N(C)C5=CC=CC=C5[C@]44C[C@@H](C2[C@H]4O)N3[C@@H]1O
D01545,FC(F)(F)C1=CC(NC2=NOC3=C(C(=O)NC4=CN=CN=C4)C(Cl)=CC=C23)=CC=C1
D01546,NCCC1=CC=C(O)C(=C1)C1CCCCC1
D01547,[H][C@@]1(CC[C@]2(O)[C@]3([H])CC[C@]4([H])C[C@H](CC[C@]4(C)[C@@]3([H])CC[C@]12C)O[C@H]1C[C@H](O)[C@H](O[C@H]2C[C@H](O)[C@H](O[C@H]3C[C@H](OC(C)=O)[C@H](O)[C@@H](C)O3)[C@@H](C)O2)[C@@H](C)O1)C1=CC(=O)OC1
D01548,[H][C@]1(CCCN1C(=O)CCC(C)C)C(=O)NCC1=CC=C(C=C1)C(N)=N
D01549,COC(=O)CCC1=C(C)C2=CC3=C(C=C)C(C)=C4C=C5N6C(=CC7=C(C)C(CCC(=O)OC)=C8C=C1N2[Fe@@]6(N78)N34)C(C)=C5C=C
D01550,OC1=NN=C(CC2=CC(C(=O)N3CCN(CC3)C(=O)C3CC3)=C(F)C=C2)C2=CC=CC=C12
D01551,[H][C@@](CCCNC(N)N)(NC(=O)[C@@]([H])(NC(=O)CCC(C)C)C(C)C)C(=O)C1=NC=CS1
D01552,ClC1=CC=C2CCNCC2=C1Cl
D01553,[H][C@]1(C\C=C\CCCC(O)=O)C=CC(=O)\C1=C/C=C/CCCCC
D01554,CCOC(=O)C1(CCN(C)CC1)C1=CC=CC=C1
D01555,CCN(C)C(=O)OC1=CC=CC(=C1)[C@H](C)N(C)C
D01556,[H][C@](N)(CC1=CC=CC=C1)C(=O)CCl
D01557,[H][C@](C)(\C=C(/C)\C=C\[C@]([H])(N)[C@]([H])(C)C(O)=O)[C@]([H])(CC1=CC=CC=C1)OC
D01558,[H][C@@]1(NC(=S)N(C)C(C)=C1C(=O)C1=CC=CC=C1)C1=CC(O)=CC=C1
D01559,[H][C@]12CC[C@]([H])([C@H]([C@H](C1)C1=CC=C(F)C=C1)C(=O)OC)N2C\C=C\I
D01560,CNC(=O)[C@H]1O[C@H]([C@H](O)[C@@H]1O)N1C=NC2=C(NCC3=CC(I)=CC=C3)N=CN=C12
D01561,[H][C@]1(COC2=CC=C(C=C2)C(=O)C2=CC=C(C=C2)C2=CSC=C2)CCCN1
D01562,CC(O)(CS(=O)(=O)C1=CC=C(F)C=C1)C(=O)NC1=CC(=C(C=C1)C#N)C(F)(F)F
D01563,[H][C@@](C)(C(O)=O)C1=CC=C(C=C1)C1=CC=CC=C1
D01564,CCC1(C(=O)NC(=O)NC1=O)C1=CCCCCC1
D01565,NC1=NC2=CC=CC(OCC3CCN(CC4=CC=CC=C4F)CC3)=C2C(N)=N1
D01566,[H]\C(CP(O)(O)=O)=C(\[H])/C(=N\CC1=C(COP(O)(O)=O)C=NC(C)=C1O)/C(O)=O
D01567,[H][C@]1(O)C[C@@]([H])(O[C@]1([H])COP(O)(=O)OP(O)(=O)OP(O)(=O)OP(O)(=O)OP(O)(=O)OC[C@@]1([H])O[C@@]([H])(N2C=NC3=C(N)N=CN=C23)[C@]([H])(O)[C@]1([H])O)N1C=C(C)C(O)=NC1=O
D01568,[H][C@@](C)(NC(=O)[C@@]([H])(CC(=O)NO)CC1=CC=CC=C1)C(O)=O
D01569,N[C@@H](CCCC[B-](O)(O)O)C(O)=O
D01570,CC1=CC=CC(=C1)C1=CC2=C(N1)C=CC(=C2)C(N)=N
D01571,CCCCNC1=C(OC2=CC=CC=C2)C(=CC(=C1)C(O)=O)S(N)(=O)=O
D01572,[H][C@@]12CCC[C@]1([H])[C@@]([H])(OC1=C2C=C(O)C=C1)C1=CC=C(O)C=C1
D01573,[H][C@](N)(CC(=O)N1CCC[C@@]1([H])CNC(=O)C1=CC=CC(=C1)S(C)(=O)=O)CC1=CC(Cl)=CC=C1
D01574,[H][C@@]1(CC[C@@]2([H])[C@]3([H])[C@@H](O)C[C@]4([H])C[C@H](O)CC[C@]4(C)[C@@]3([H])CC[C@]12C)[C@H](C)CCC(O)=O
D01575,OC(=O)C(=O)NC1=CC2=C(C=CC=C2)C=C1C(O)=O
D01576,COC(=O)C1=C(C)NC(C)=C(C1C1=CC(=CC=C1)[N+]([O-])=O)C(=O)OCCN(C)CC1=CC=CC=C1
D01577,[H][C@@](O)(CO)[C@@]([H])(O)[C@]1([H])OC(=C[C@]([H])(O)[C@@]1([H])N=C(C)O)C(O)=O
D01578,[H][C@@](CCSC)(NC=O)C(O)=O
D01579,[I-].[I-].[I-].CC[N+](CC)(CC)CCOC1=CC=CC(OCC[N+](CC)(CC)CC)=C1OCC[N+](CC)(CC)CC
D01580,CC(C)(C)C(=O)NC1=C(N=CC=C1)C(=O)NC1=NC=CS1
D01581,N[C@@H](CC1=CC(I)=C(OC2=CC(I)=C(O)C(I)=C2)C(I)=C1)C(O)=O
D01582,CC(C)[C@H](NC(=O)N(C)CC1=CSC(=N1)C(C)C)C(=O)N[C@H](C[C@H](O)[C@H](CC1=CC=CC=C1)NC(=O)OCC1=CN=CS1)CC1=CC=CC=C1
D01583,[H][C@@](C)(O)[C@@]([H])(CCC1=CC=CC(Cl)=C1Cl)N1C=NC(=C1)C(N)=O
D01584,NC1=CC=C(C=C1)S(=O)(=O)NC1=CC=NN1C1=CC=CC=C1
D01585,CS(=O)(=O)NC1=CC(NC2=NC(NC3=C(Cl)C=CC4=C3OCO4)=CC=N2)=CC=C1
D01586,OC=O
D01587,OC(=O)C1=C(NC(=O)C2=C(Cl)C=C(Cl)C=C2)C=CC(OC2=NC=CC=N2)=C1
D01588,NC1=NC(NCCC2=CC=C(O)C=C2)=NC2=NC(=NN12)C1=CC=CO1
D01589,NC(=N)NOCCCOC1=CC(Cl)=CC(=C1)C(=O)N(CC=C)C1CCCC1
D01590,[H]\C1=C(\[H])/C(/[H])=C([H])\[C@@]([H])(C)CC[C@]2([H])C[C@]([H])(C[C@@](O)(O2)[C@]2([H])CSC(O)=N2)OC(=O)\C([H])=C(C)/CC1
D01591,OC(=O)CC(O)(CC(O)=O)C(O)=O
D01592,COC1=CC(O)=C(C=C1CC=C(C)C)C(=O)\C=C\C1=CC=C(O)C=C1
D01593,OC(=O)COCCN1CCN(CC1)[C@H](C1=CC=CC=C1)C1=CC=C(Cl)C=C1
D01594,C[C@@H](CN1CC(=O)NC(=O)C1)N1CC(=O)NC(=O)C1
D01595,CC(C)NNC(=O)C1=CC=NC=C1
D01596,[H][C@](O)(C1=CC=NC=C1)C1=CC=C(OCCN2CCCC2)C=C1
D01597,[H][C@@]12CCC(=O)[C@@]1(C)CC[C@@]1([H])[C@@]2([H])CC[C@]2([H])CC(=O)CC[C@]12C
D01598,[H]C12CC3([H])CC([H])(C1)CC(C2)(C3)NC(=O)NCC1=CC=C(NC(N)=N)C=C1
D01599,[H][C@@]1(O)CN[C@]([H])(CO)[C@@]([H])(O)[C@]1([H])O
D01600,[H][C@@](CCC(O)=O)(NC(=O)C1=CC=C(C=C1)[C@@]([H])(CCCC1([H])C(O)=N[C@]([H])(N)N[C@]1([H])N)C(O)(O)C(F)(F)F)C(O)=O
D01601,[H][C@]1(CCCN1C(=O)CCC)C(=O)NCC1=CC=C(C=C1)C(N)=N
D01602,[H][C@]1(C)N=C(O)C[C@]([H])(N=C(O)C[C@]([H])(N=C(O)[C@]([H])(CC2=CC=CC=C2)N(C)C(=O)[C@]([H])(CCCNC(=N)NC(O)=NC)N=C1O)C(O)=O)C(O)=O
D01603,CCCCP(O)(=O)CCCN
D01604,[H][C@](N)(CSC(C)=O)C(O)=O
D01605,CC(C)(C)C1=CC=C(CN2CCN(CC2)C(C2=CC=CC=C2)C2=CC=C(Cl)C=C2)C=C1
D01606,COC1=C(OCC2CCN(C)CC2)C=C2N=CN=C(NC3=C(F)C=C(Br)C=C3)C2=C1
D01607,[H][C@]1(C)O[C@]([H])(O[C@]2([H])[C@@]([H])(CO)O[C@]([H])(O)[C@]([H])(O)[C@@]2([H])O)[C@]([H])(O)[C@@]([H])(O)[C@]1([H])N[C@@]1([H])C=C(CO)[C@@]([H])(O)[C@]([H])(O)[C@@]1([H])O
D01608,[H][C@@]12CC[C@](O)(C(=O)CO)[C@@]1(C)C[C@H](O)[C@@]1(F)[C@@]2([H])CCC2=CC(=O)CC[C@]12C
D01609,NC1=C2N=CN([C@@H]3O[C@H](COP(O)(O)=O)[C@@H](O)[C@H]3O)C2=NC=N1
D01610,CCC1=CC2=C(S1)N(C)C(=O)CN=C2C1=CC=CC=C1Cl
D01611,OC(=O)C1=CC2=CC=C(C=C2C=C1)C(O)=O
D01612,[H][C@@](CCCC)(CN(O)C=O)C(=O)N[C@]([H])(C(=O)N(C)C)C(C)(C)C
D01613,ONC(=N)NC1=CC=C(Cl)C=C1
D01614,[H][C@@]12N(C)C3=CC(OC)=C(C=C3[C@@]11CCN3CC=C[C@](CC)([C@@]13[H])[C@@]([H])(OC(C)=O)[C@]2(O)C(=O)OC)[C@]1(C[C@@]2([H])CN(C[C@](O)(CC)C2)CCC2=C1NC1=CC=CC=C21)C(=O)OC
D01615,C(N1CCCNCCNCCCNCC1)C1=CC=C(CN2CCCNCCNCCCNCC2)C=C1
D01616,CCCCCCCCCCC1=C(O)C(=O)NC1=O
D01617,[H][C@]1(CSC(=O)N1)[C@@]1(O)C[C@@]2([H])C[C@@]([H])(CC[C@]([H])(C)\C=C/CC\C(C)=C/C(=O)O2)O1
D01618,[H][C@@]1(CC2=CC(OCCCC)=C(OC)C=C2)CNC(=O)N1
D01619,[H][C@@](CC1=CC2=C(C=C1)N(CC1=C(C)OC(=N1)C1=C(Cl)C=CC=C1)C=C2)(OCC)C(O)=O
D01620,[H][C@](O)(CN(C)C)CN1C2=CC=C(Br)C=C2C2=C1C=CC(Br)=C2
D01621,CC1=C(OCC(F)(F)F)C=CN=C1CS(=O)C1=NC2=CC=CC=C2N1
D01622,ONC(=O)CC1(CCOCC1)S(=O)(=O)C1=CC=C(OC2=CC=C(Cl)C=C2)C=C1
D01623,[H][C@](O)(C(=O)O[C@@]1([H])C[C@]2([H])CC[C@]([H])(C1)N2C)C1=CC=CC=C1
D01624,CN(CC1=CC=C(C=C1)C(C)(C)C)CC1=CC=CC2=CC=CC=C12
D01625,[H][C@@]12CC[C@@](O)(C#C)[C@@]1(C)CC[C@]1([H])[C@@]3([H])CCC(=O)C=C3CC[C@@]21[H]
D01626,CN[C@H](CC(C)C)C(=O)N[C@@H]1[C@H](O)C2=CC=C(OC3=C(O[C@@H]4O[C@H](CO)[C@@H](O)[C@H](O)[C@H]4O[C@H]4C[C@](C)(N)[C@H](O)[C@H](C)O4)C4=CC(=C3)[C@@H](NC(=O)[C@H](CC(N)=O)NC1=O)C(=O)N[C@@H]1C3=CC(=C(O)C=C3)C3=C(O)C=C(O)C=C3[C@H](NC(=O)[C@@H](NC1=O)[C@H](O)C1=CC(Cl)=C(O4)C=C1)C(O)=O)C(Cl)=C2
D01627,NCCOCCOCCNC(=O)C1=CC=C(C=C1)S(N)(=O)=O
D01628,FC(F)(F)C(=O)CC(=O)C1=CC=CS1
D01629,[H][C@@](O)(CO)[C@]([H])(O)CCCC
D01630,OC(=O)C1=CC=CC=C1NC1CCCCC1
D01631,CN(CCCCCCCCCCN(C)C(=O)OC1=CC=CC(=C1)[N+](C)(C)C)C(=O)OC1=CC=CC(=C1)[N+](C)(C)C
D01632,[H][C@]1(CSSC[C@]2([H])NC(=O)[C@H](CC3=CC=C(O)C=C3)NC(=O)[C@H](CCC(O)=O)NC(=O)[C@@H]3CSSC[C@H](NC(=O)[C@H](C)NC(=O)[C@@H]4CCCN4C(=O)[C@H](CC(N)=O)NC(=O)[C@H](CSSC[C@H](N)C(=O)N3)NC2=O)C(=O)N[C@@]([H])([C@@H](C)O)C(=O)NCC(=O)N1)C(=O)N[C@@H](CC1=CC=C(O)C=C1)C(O)=O
D01633,CC(C)C[C@H](NC(=O)[C@@H](CCCNC(N)=O)NC(=O)[C@H](CC1=CC=C(O)C=C1)NC(=O)[C@H](CO)NC(=O)[C@@H](CC1=CN=CC=C1)NC(=O)[C@@H](CC1=CC=C(Cl)C=C1)NC(=O)[C@@H](CC1=CC2=CC=CC=C2C=C1)NC(C)=O)C(=O)N[C@@H](CCCNC(N)=N)C(=O)N1CCC[C@H]1C(=O)N[C@H](C)C(N)=O
D01634,OC(CCCN1CCCCC1)(C1=CC=CC=C1)C1=CC=CC=C1
D01635,[H][C@@](CCC(O)=O)(NC(=O)C1=CC2=C(C=C1)C=C(C=C2)C(F)(F)P(O)(O)=O)C(N)=O
D01636,CN(CC1=CN=C2N=C(N)N=C(N)C2=N1)C1=CC=C(C=C1)C(=O)N[C@@H](CCC(O)=O)C(O)=O
D01637,[H][C@@](CC(C)C)(N=C(O)CN=C(O)C1=C(Cl)C=CC(Cl)=C1)B(O)O
D01638,[H][C@@](CCCNC(N)=N)(N=C(O)[C@]1([H])C[C@@]([H])(O)CN1C(C)=O)C(=O)C1=NC2=CC=CC=C2S1
D01639,N[C@@H](CSCC(O)=O)C(O)=O
D01640,CCCC(C)(COC(N)=O)COC(=O)NC(C)C
D01641,CC(C)=CCC\C(C)=C\CO[P@@](=O)(O)OP(=O)(O)O
D01642,[H][C@](N)(CC(=O)N1CC2=CC=CC=C2C[C@@]1([H])C(N)=O)CC1=CC=CC=C1F
D01643,CO[C@@H]1[C@@H](N)[C@@H](O[C@H]2[C@H](OC3=CC=CC4=C3C3=C5C(C(=O)OC6=C5C(=C(C)C=C6)C(=O)O3)=C4O)O[C@H](C)[C@H](O)[C@]2(C)O)O[C@H](C)[C@@H]1O
D01644,COC1=C(OCCCN2CCCCC2)C=C2N=CN=C(NC3=C(Cl)C=CC4=C3OCO4)C2=C1
D01645,CN1C=C[NH+]=C1
D01646,OC(=O)COC1=CC(Cl)=CC=C1C(=O)NCC1=C(F)C=C(Br)C=C1
D01647,CNCC1=CC=CC=C1C1=CC=CS1
D01648,OC(=O)CCCCCCNC(=O)NC1CCCCC1
D01649,COC(=O)\C=C\C1=CC(=CC=C1)N(CC1=CC=C(C=C1)C1=CC=C(C=C1)N(C)C)C(=O)C1CCCCC1
D01650,OC(=O)C1=NC2=CC(Cl)=CC(Cl)=C2C(O)=C1
D01651,COC1=CC2=NC=NC(NC3=CC(O)=CC=C3)=C2C=C1OC
D01652,CC(C)(C)NS(=O)(=O)C1=CC=C(C=C1)C1=CC2=C(NN=C2N)C=C1
D01653,CCC(=O)NS(=O)(=O)C1=CC=C(C=C1)C1=C(C)ON=C1C1=CC=CC=C1
D01654,[H][C@@]12C[C@@]3([H])[C@]4([H])CCC5=CC(=O)C=C[C@]5(C)[C@@]4([H])[C@@H](O)C[C@]3(C)[C@@]1(O[C@@H](O2)C1CCCCC1)C(=O)COC(=O)C(C)C
D01655,[H][C@]1(O)CCCN[C@]1([H])CC(=O)CN1C=NC2=C(C=C(Cl)C(Br)=C2)C1=O
D01656,C\C(=C/C1=CC=C(C=C1)C(O)=O)C1=CC=C2C(=C1)C(C)(C)CCC2(C)C
D01657,[H][C@@]12C[C@@]3([H])C[C@@](C1)(C[C@@]([H])(C2)[C@@]3([H])NC(=O)C(C)(C)OC1=CC=C(OC)C=C1)C(N)=O
D01658,CCN1C2=CC=C(CNC)C=C2C2=C1C=CC=C2
D01659,[Gd+3].OC(=O)CN(CCN(CCN(CC(O)=O)CC([O-])=O)CC([O-])=O)CC([O-])=O
D01660,OC(=O)\C=C/C(O)=O.CN1CC2C(C1)C1=C(OC3=CC=CC=C23)C=CC(Cl)=C1
D01661,COCCOC(=O)C1=C(C)NC(C)=C(C1C1=CC(=CC=C1)[N+]([O-])=O)C(=O)OC(C)C
D01662,CC1(C)NC(=O)N(C1=O)C1=CC(=C(C=C1)[N+]([O-])=O)C(F)(F)F
D01663,OC(=O)C(=O)NC1=C(C(O)=O)C2=C(COCC2)S1
D01664,CC1=C(CCO)C(=O)OC2=CC(O)=CC=C12
D01665,[H][C@@]12CC[C@@](O)(C#C)[C@@]1(C)CC[C@]1([H])C3=C(CC[C@@]21[H])C=C(O)C=C3
D01666,NS(=O)(=O)C1=CC(=CC=C1Cl)[C@@]1(O)NC(=O)C2=CC=CC=C12
D01667,CN1N=C(C=C1NS(O)(=O)=O)C1=CC=CC=C1
D01668,[H][C@]1(CO)O[C@]([H])(OC)[C@@]([H])(S[C@@]2([H])O[C@]([H])(CO)[C@@]([H])(O)[C@]([H])(O)[C@]2([H])O)[C@@]([H])(O)[C@]1([H])O
D01669,CNCC1=CC=C(O1)C1=CC=CN=C1
D01670,CN1CCC[C@@H]1CCO[C@](C)(C1=CC=CC=C1)C1=CC=C(Cl)C=C1
D01671,OC(=O)C1=C(\C=C\C(=O)NC2=CC=CC=C2)C2=C(Cl)C=C(Cl)C=C2N1
D01672,CCN(CC)CCNC(=O)C1=C(C)NC(\C=C2/C(=O)NC3=C2C=C(F)C=C3)=C1C
D01673,CN(C1=CC=C(C=C1)C(=O)NO)S(=O)(=O)C1=CC=C(S1)C1=NC=CC=C1
D01674,[H][C@@](OC(C)=O)(C(=O)NC1=CC=CC2=C1C(=O)C(=O)NC2=O)C1=CC=CC=C1
D01675,CC(C)[N+](C)(CCOC(=O)C1C2=CC=CC=C2OC2=CC=CC=C12)C(C)C
D01676,[H][C@@]12C[C@@H](Br)C(=O)[C@@]1(C)CC[C@@]1([H])[C@@]2([H])CC[C@@]2([H])C[C@@H](O)CC[C@]12C
D01677,[H][C@@](N)(CC1=CC=CC=C1)C(=O)N1CCC[C@@]1([H])C(=O)NCC1=CC(C)=CC=C1
D01678,CN[C@@H](C)C(=O)N[C@H](C(=O)N1C[C@H](C[C@H]1C(=O)N[C@@H]1CCCC2=CC=CC=C12)OC1=CC=CC=C1)C(C)(C)C
D01679,CN(C)CCC1=CNC2=CC=CC=C12
D01680,[H][C@@]1(CC[C@@]2([H])[C@]3([H])CCC4=CC(=O)CC[C@]4(C)[C@@]3([H])[C@@]([H])(O)C[C@]12C)C(=O)CO
D01681,[H][C@@]12CCC[N@@]1[C@@]([H])(C1=CC=C(C=C1)C(N)N)[C@@]1([H])C(=O)N(CC3=CC=C(F)C=C3)[C@]([H])(C(F)F)[C@@]21[H]
D01682,CCCOC1=CC2=C(C=C1)N=C(NC(=O)OC)N2
D01683,CC(C1=C(CCN(C)C)CC2=CC=CC=C12)C1=CC=CC=N1
D01684,COC1=CC(=O)C2=C(C(COC3=CC=CC=C3)=C(C)N2C)C1=O
D01685,O.O.O.O.O.O.O.O.O.[Na+].[Na+].[Na+].[H][C@@]1(O[Sb]2(O)(O[Sb]34([O-])O[C@@H](C([O-])=O)[C@@]([H])(O3)[C@]([H])(O4)[C@H](O)CO)O[C@@H](C([O-])=O)[C@@]1([H])O2)[C@H](O)CO
D01686,CCC(C)C1(CC=C)C(=O)NC(=O)NC1=O
D01687,[H][C@](C)(CN(C)C)OC1=CN=CC(NC(=O)NC2=C(OC)C=CC(Cl)=C2)=N1
D01688,NC1=CC=CC(=C1)C(O)=O
D01689,CC1(C)OC(=O)C(OCC2CC2)=C1C1=CC=C(C=C1)S(C)(=O)=O
D01690,[H][C@]1(CSC)N[C@@]([H])(C2=C[NH2+]C3=C2N=CN=C3O)[C@]([H])(O)[C@]1([H])O
D01691,[H][C@]12CC[C@]([H])(C1)[C@](N)(C(=O)C1=CC=CC=C1)[C@]2([H])C1=CC=CC=C1
D01692,CC(C)C(=O)NC1=CC(=C(C=C1)[N+]([O-])=O)C(F)(F)F
D01693,[H][C@](O)(CNC(C)C)COC1=CC=CC2=C1C1=C(N2)C=CC=C1
D01694,[H][C@]1(C)CNCCCN1S(=O)(=O)C1=C2C(C)=CN=CC2=CC=C1
D01695,CN1CCN(CC1)C1=CC=C(CC2=CC3=CN=C(CN)N=C3N2C2CCCCC2)C=C1
D01696,CN1C2=C(C3=CC=CC=C13)C(=O)N(CC1=C(C)NC=N1)CC2
D01697,COC1=C2N(C)C(=O)C=C(C)C2=C(OC)C=C1
D01698,O=C(OCC1=CC=CC=C1)C1=CN2C(S1)=CC(=O)N(CC1=CC=CC=C1)C2=O
D01699,CN(C)CC1=NN=C2CN=C(C3=CC=CC=C3)C3=C(C=CC(Cl)=C3)N12
D01700,[H][C@@]12OC3=C(O)C=CC4=C3[C@@]11CCN(C)[C@]([H])(C4)[C@]1([H])C=C[C@@H]2O
D01701,[H][C@@]1(F)CN(C(=O)CNC23CCC(CC2)(CC3)C(=O)OCC)[C@@]([H])(C1)C#N
D01702,[Ca]
D01703,ClC1=C(NC2=NCCN2)C2=NSN=C2C=C1
D01704,OC(=O)\C=C\C1=CC=C(O)C=C1
D01705,[H][C@@](N)(C(=O)N1CCCC1)[C@]([H])(C)C1=NC(=NO1)C1=CC=C(C=C1)S(C)(=O)=O
D01706,[H][C@]12C[C@@H](O)C=C[C@]11CCN(C)CC3=C1C(O2)=C(OC)C=C3
D01707,CCN1C=C(C(O)=O)C(=O)C2=CC(F)=C(C=C12)N1CCNCC1
D01708,NC(=N)SCCC1=CC(CCSC(N)=N)=CC=C1
D01709,CCC(OC(C)=O)C(CC(C)N(C)C)(C1=CC=CC=C1)C1=CC=CC=C1
D01710,CCCCCCC(O)(P(O)(O)=O)P(O)(O)=O
D01711,CCC1=CC=CC2=C1OC(=C2)C(O)CNC(C)(C)C
D01712,OC(C1=CC=C(C=C1)N(CC(F)(F)F)S(=O)(=O)C1=CC=CC=C1)(C(F)(F)F)C(F)(F)F
D01713,OC(CC1=CN=CC=C1)(P(O)(O)=O)P(O)(O)=O
D01714,FC(F)(F)C1=CC=CC(NC(=O)NC2=NC=C(CCNC3=NC=NC4=C3SC=C4)S2)=C1
D01715,CCCCN1C(CC2=CC(OC)=C(OC)C(OC)=C2)=NC2=C(N)N=CN=C12
D01716,[H][C@@](CC1=CC(=CC=C1)C(N)=N)(NS(=O)(=O)C1=C(C=C(C=C1C(C)C)C(C)C)C(C)C)C(=O)N1CCN(CC1)C(=O)CCN
D01717,[H][C@@]1(CO)CC[C@@]([H])(O1)N1C=NC2=C1N=C(Cl)N=C2N
D01718,NOCC[C@H](N)C(O)=O
D01719,COC1=C(C=CC(N)=C1Cl)C(=O)NC1CCN2CCCC1C2
D01720,ClC1=CC=C(CNC2=NC3=C(C=NN3C(NC3=CC=CC=C3)=N2)C#N)C=C1
D01721,[H][C@]1(F)C[C@@]([H])(O[C@]1([H])COP(O)(O)=O)N1C=C(C)C(=O)NC1=O
D01722,[H][C@]1(O)[C@]([H])(O)[C@]([H])(O)[C@]([H])(OP([O-])([O-])=O)[C@@]([H])(O)[C@]1([H])O
D01723,[H][C@]1(COP(O)(=O)OP(N)(O)=O)O[C@@]([H])(N2C=NC3=C2NC(=N)N=C3O)[C@]([H])(O)[C@]1([H])O
D01724,CN(C)CCC1=CNC2=CC=C(C[C@H]3COC(=O)N3)C=C12
D01725,CN[C@H]1CC[C@@H](C2=CC(Cl)=C(Cl)C=C2)C2=CC=CC=C12
D01726,[H][C@]1(CC2=C(NC1=O)C=CC=C2)NC(=O)C1=CC2=C(N1)SC(Cl)=C2
D01727,[O-]S(=O)(=O)C1=CC2=C(C=C1)C(=CC(=C2)S([O-])(=O)=O)S([O-])(=O)=O
D01728,NC(=[NH2+])C1=CC=C2NC(=NC2=C1)C1=CC(OC(F)(F)F)=CC=C1[O-]
D01729,CC(=O)N[C@@H](CS)C(O)=O
D01730,N[C@@H](CCC(=O)N[C@@H](CSCO)C(=O)NCC(O)=O)C(O)=O
D01731,[H]\C(CCCCCC)=C(/[H])CCCCCCCC(=O)O[C@@]([H])(COC(=O)CCCCCCC\C([H])=C(\[H])CCCCCCCC)COP(O)(=O)OCCO
D01732,OCCNC1=NC=NC2=C1C(=C(N2)C1=CC=CC=C1)C1=CC=CC=C1
D01733,CC(C)(C)O
D01734,FC1=CC=C(C=C1)C(N1CCN(C\C=C\C2=CC=CC=C2)CC1)C1=CC=C(F)C=C1
D01735,OC(=O)CN(CCN(CC(O)=O)CC(O)=O)CC(O)=O
D01736,[H][C@@]1(O)O[C@]([H])(COP(O)(O)=O)[C@@]([H])(O)[C@@]1([H])O
D01737,CN1C=NN=C1SC1=CC=C(N)C(=C1)C(=O)NC1=NC(C)=CS1
D01738,CO[C@H]1[C@@H](CC(=O)O[C@H](C)C\C=C\C=C\[C@H](O)[C@H](C)C[C@H](CC=O)[C@@H]1O[C@@H]1O[C@H](C)[C@@H](O[C@H]2C[C@@](C)(O)[C@@H](OC(=O)CC(C)C)[C@H](C)O2)[C@@H]([C@H]1O)N(C)C)OC(C)=O
D01739,[H][C@@](O)(CO)COP(O)(=O)OC[C@]([H])(N)C(O)=O
D01740,OCCN1CCN(CCCN2C3=CC=CC=C3SC3=C2C=C(C=C3)C(F)(F)F)CC1
D01741,[H][C@]1(F)C[C@@]([H])(O[C@]1([H])COC(C1=CC=CC=C1)(C1=CC=CC=C1)C1=CC=CC=C1)N1C=CC(=O)NC1=O
D01742,COC1=CC=CC=C1OC1=C(NS(=O)(=O)C2=CC=C(C=C2)C(C)(C)C)N=C(N=C1OCCO)C1=NC=CC=N1
D01743,[H][C@]1(C=CC2=C(Cl)N=C(OCC3=CC=C(F)C=C3)C(=O)N12)C(=O)N1CCCC1
D01744,NC1=CC=C(C=C1)[As](O)(O)=O
D01745,[H][C@]12SC(C)(C)[C@@H](N1C(=O)[C@H]2NC(=O)C1=C(OCC)C=CC2=CC=CC=C12)C(O)=O
D01746,CN(C1=CC=NN1C1=CC=CC=C1)S(=O)(=O)C1=CC=C(C)C=C1
D01747,[H][C@](C)(C[C@]([H])(C[C@@]([H])(CCC(O)=O)C(O)=O)C(O)=O)C(O)=O
D01748,[H][C@@]12C[C@@]3([H])[C@]4([H])C[C@]([H])(F)C5=CC(=O)C=C[C@]5(C)[C@@]4(F)[C@@H](O)C[C@]3(C)[C@@]1(OC(C)(C)O2)C(=O)COC(C)=O
D01749,CC1=CC=C(C=C1)C(=O)OC1=C(OC(=O)C2=CC=C(C)C=C2)C=C(C=C1)C(O)CNC(C)(C)C
D01750,CN(C)CC[C@@H](C1=CC=C(Br)C=C1)C1=CC=CC=N1
D01751,CCCCN1C[C@H](O)[C@@H](O)[C@H](O)[C@H]1CO
D01752,CCC1=C(C(N)=NC(N)=N1)C1=CC=C(Cl)C=C1
D01753,NC(=[NH2+])C1=CC=C2NC(=NC2=C1)C1=CC(F)=CC=C1[O-]
D01754,OC1N=C(C2=CC=CC=C2)C2=C(NC1=O)C=CC(Cl)=C2
D01755,[H][C@@](N)(CC)C(=O)N1CCC[C@@]1([H])C(=O)NCC1=CC=C(C=C1)C(N)=N
D01756,[H][C@]12N=C(O)O[C@]1(C)[C@@]([H])(CC)OC(=O)[C@]([H])(C)C(=O)[C@]([H])(C)[C@@]([H])(O[C@]1([H])O[C@]([H])(C)C[C@]([H])(N(C)C)[C@@]1([H])O)[C@@](C)(C[C@@]([H])(C)C(=O)[C@]2([H])C)OCC=CC1=CC2=CC=CC=C2N=C1
D01757,NC1=NC(N)=C(N=O)C(OCC2CCCCC2)=N1
D01758,CN1C(CSCC(F)(F)F)NC2=CC(Cl)=C(C=C2S1(=O)=O)S(N)(=O)=O
D01759,C\C(\C=C\C1=C(C)CCCC1(C)C)=C\C=C\C(\C)=C\C(O)=O
D01760,C[C@@H](O[C@H]1OCCN(CC2=NNC(=O)N2)[C@H]1C1=CC=C(F)C=C1)C1=CC(=CC(=C1)C(F)(F)F)C(F)(F)F
D01761,CC(C)CCC[C@@H](C)[C@@]1([H])CC[C@@]2([H])\C(CCC[C@]12C)=C\C=C1\C[C@@H](O)CCC1=C
D01762,OC(=O)CN1C=C(CC2=NC3=C(S2)C(F)=CC(F)=C3F)C2=CC=CN=C12
D01763,OP(O)(=O)C(C1=CC=CC=C1)P(O)(O)=O
D01764,OCCCCC(CCO)CCCCO
D01765,N[C@@H](CN1OC(=O)NC1=O)C(O)=O
D01766,COC(=O)C1=CC=C2C(NC(=O)\C2=C(/NC2=CC=C(C=C2)N(C)C(=O)CN2CCN(C)CC2)C2=CC=CC=C2)=C1
D01767,[H][C@]1(CCCN1C(=O)[C@]1([H])CCCN1)B(O)O
D01768,OC1=CC(O)=C2C(CC(=O)CCC\C=C/CCOC2=O)=C1Cl
D01769,NS(=O)(=O)C1=C(Cl)C=C2NC(NS(=O)(=O)C2=C1)C1CC2CC1C=C2
D01770,C[C@H]1CN(C[C@@H](C)N1)C1=C(F)C(N)=C2C(=O)C(=CN(C3CC3)C2=C1F)C(O)=O
D01771,[H][C@@](COCC1=CC=CC=C1)(NC(=O)[C@]([H])(CC(C)C)NC(=O)N1CCOCC1)C#N
D01772,NC1=C2NC=NC2=NC=N1
D01773,[H][C@@](CC1CCCCC1)(NC(=O)N1CCOCC1)C(=O)N[C@@](C)(COCC1=CC=CC=C1)C#N
D01774,OC1=CC=C(\C=C\C2=CC(O)=CC(O)=C2)C=C1
D01775,BrC1=NNC2=C1C=CC=C2N(=O)=O
D01776,COC1=CC=C(CNC(=O)NC2=NC=C(S2)[N+]([O-])=O)C=C1
D01777,[H][C@@](CC1CCCCC1)(NC(=O)N1CCOCC1)C(=O)NC1(CCN(C)CC1)C#N
D01778,ClC1=CC=CC(=C1)N1CCN(CCCN2N=C3C=CC=CN3C2=O)CC1
D01779,FC1=CC=CC=C1C1=CN2C=CN=C2C(NCC2=CC=CN=C2)=N1
D01780,CCN(CC)C(=O)CC1=CC=CC(NS(=O)(=O)C2=C(C)C(Cl)=CC=C2)=N1
D01781,NNC(=O)C1=CC=NC=C1
D01782,OC(=O)CNC(=O)NC1CCCCC1
D01783,CC(C)OC(=O)CCC\C=C/C[C@H]1[C@@H](O)C[C@@H](O)[C@@H]1CC[C@@H](O)CCC1=CC=CC=C1
D01784,OCC(=O)COP(O)(=O)OC1[C@H](O)[C@H](O)[C@@H](OP(O)(O)=O)[C@H](OP(O)(O)=O)[C@H]1O
D01785,[H][C@]1(CO)O[C@@]([H])(SCCCCCCCC)[C@]([H])(O)[C@@]([H])(O)[C@]1([H])O
D01786,[H][C@@]1(O)[C@@]([H])(O)[C@]([H])(S)[C@@]([H])(CO)O[C@]1([H])S
D01787,[H][C@@](CC(=O)N1C[C@@]2([H])CCCC[C@@]2([H])C1)(CC1=CC=CC=C1)C(O)=O
D01788,NC(=O)C1=CN(CC2=C(F)C=CC=C2F)N=N1
D01789,NC1N=C2C=CC=CC2=N1
D01790,NC(=[NH2+])C1=CC=CC=C1
D01791,NCCNC1=CC(C2=CC=CN2)=C2C(=O)NC3=CC=C(F)C1=C23
D01792,OC(=O)CNC(=O)CCC[P@](O)(=O)OC1=CC=C(C=C1)[N+]([O-])=O
D01793,CC(C)OC(=O)C(C)(C)OC1=CC=C(C=C1)C(=O)C1=CC=C(Cl)C=C1
D01794,OC1=CC=C2C(NN=C2C2=CC=C(O)C=C2O)=C1
D01795,CCCOC1=C(N)C=C(C=C1)C(=O)OCCN(CC)CC
D01796,NC1=NC2=C(N=CN2[C@H]2C[C@H](O)[C@@H](COP(O)(=O)OP(O)(=O)OP(O)(O)=O)O2)C(=O)N1
D01797,COC1=CC=CC(=C1)C(N)=O
D01798,[H][C@](O)(C(O)=NCCC(O)=NCCSC(=O)CCCN(=O)=O)C(C)(C)COP(O)(=O)OP(O)(=O)OC[C@@]1([H])O[C@@]([H])(N2C=NC3=C(N)N=CN=C23)[C@]([H])(O)[C@]1([H])OP(O)(O)=O
D01799,CC(C)[C@@H](C)\C=C\[C@@H](C)[C@@]1([H])CC[C@@]2([H])\C(CCC[C@]12C)=C\C=C1\C[C@@H](O)CCC1=C
D01800,CC(N)C(=O)NC1=C(C)C=CC=C1C
D01801,[H][C@]1(COP(O)(O)=O)O[C@@]([H])(N2C=NC3=C2N=CN=C3NCCC(C)C)[C@]([H])(O)[C@]1([H])O
D01802,[H][C@@]1(CO)COB(O1)C1=CC=C(NC(N)=N)C=C1
D01803,COCCCC\C(=N/OCCN)C1=CC=C(C=C1)C(F)(F)F
D01804,CSC[C@H]1O[C@H]([C@H](O)[C@@H]1O)N1C=NC2=C1N=CN=C2N
D01805,CC(C)SC(N)=N
D01806,N[C@@H](CC(O)=O)C(O)=O
D01807,CN1CCN(CC1)C(C1=CC=CC=C1)C1=CC=CC=C1
D01808,[H][C@](N)(CCC(O)=N[C@@]([H])(CS[C@@]([H])(O)N(O)C1=CC=C(I)C=C1)C(O)=NCC(O)=O)C(O)=O
D01809,CC1=C2C(=CC=C1)N=C1N(CC[C@@]1(O)C2=O)C1=CC=CC=C1
D01810,CCCCCCCCCCCCCCCCCC(=O)OC[C@@H](CO[P@](O)(=O)OCC[NH3+])OC(=O)CCCCCCCCCCCCCCCCC
D01811,N[C@@H](C=C)C(O)=O
D01812,OCCCCO
D01813,CCC1(C)CC(=O)NC1=O
D01814,OCCSSCCO
D01815,CNS(=O)(=O)CC1=CC2=C(NC=C2CCN(C)C)C=C1
D01816,CN(C)C\C=C\C(=O)NC1=CC=C2N=CN=C(NC3=CC(Br)=CC=C3)C2=C1
D01817,NC1=NC=NC2=C1C(=NN2[C@@H]1CCCN(C1)C(=O)C=C)C1=CC=C(OC2=CC=CC=C2)C=C1
D01818,[H][C@](CCCCC(N)=N)(C(O)=O)[C@@]1([H])C2=C(C[C@]1([H])O)C=CC(=C2)C1=CC=C(O)C=C1
D01819,C(CN1CCCCC1)OC1=CC=C(C=C1)C1=CN2N=CC(=C2N=C1)C1=CC=NC=C1
D01820,[H][C@@](CC(O)=O)(NS(=O)(=O)C1=C(C)C=C(OC)C(C)=C1C)C(O)=N[C@]([H])(CC1=CC=C(C=C1)C(N)=N)C(=O)N1CCCCC1
D01821,[H][C@](CC(C)C)(NS(=O)(=O)C1=CC=C(C=C1)C1=CC=CC=C1)C(O)=O
D01822,CC(=O)CC(C1=CC=CC=C1)C1=C(O)C2=C(OC1=O)C=CC=C2
D01823,OC(=O)C1=CC=C(\C=N\OCCO\N=C\C2=CC(=O)NC(=O)N2)C=C1
D01824,NC1=NC=NC2=C1N=CN2[C@@H]1O[C@H](COP(O)(=O)OS(O)(=O)=O)[C@@H](O)[C@H]1O
D01825,CN(C)C(=O)OC1=CC(=CC(OC(=O)N(C)C)=C1)C(O)CNC(C)(C)C
D01826,CC1CNCCN1S(=O)(=O)C1=C2C=CN=CC2=CC=C1
D01827,CNS(=O)(=O)CCC1=CC2=C(NC=C2C2CCN(C)CC2)C=C1
D01828,CCCCCCCCCCCCCCCCCC(O)=O
D01829,OC(=O)CCCC(=O)NC1=CC=C(\C=C\C2=CC=CC=C2)C=C1
D01830,FC1=CC=CC=C1C1=NCC(=S)N(CC(F)(F)F)C2=C1C=C(Cl)C=C2
D01831,[H][C@]1(C[C@]2(N=C(O)N=C2O)C2=C(O1)C=CC(F)=C2)C(O)=N
D01832,C[N+]1=C(\C=N\O)C=CC=C1
D01833,COC1=C(OC)C=C(CC2=NC=CC3=CC(OC)=C(OC)C=C23)C=C1
D01834,COC1=NC=CN=C1C(C)C
D01835,NCC1(CCCC1)C1=CC=CC=C1
D01836,CC(C)NCC(O)COC1=CC=C(COCCOC(C)C)C=C1
D01837,CC[C@@H](N)C(O)=O
D01838,[H][C@@]12CC[C@@](O)(C#C)[C@@]1(CC)CC[C@]1([H])[C@@]3([H])CCC(=O)C=C3CC[C@@]21[H]
D01839,NCCO
D01840,CNS(=O)(=O)CC1=CC=C(N\N=C2/C(=O)NC3=C2C2=C(C=C3)N=CS2)C=C1
D01841,CCN(CC)CC#CCOC(=O)C(O)(C1CCCCC1)C1=CC=CC=C1
D01842,[H][C@](N)(CCC(O)=N[C@@]([H])(CS[C@@]1([H])C2=CC=CC=C2C2=CC=CC=C2[C@]1([H])O)C(O)=NCC(O)=O)C(O)=O
D01843,OC(=O)CCCCO\N=C(\C1=CN=CC=C1)C1=CC(=CC=C1)C(F)(F)F
D01844,CCCO
D01845,[H][C@]1(N)CCC([H])(CNCCN2C(Cl)=CN=C(NCC(F)(F)C3=CC=CC=N3)C2([H])O)C([H])(C)N1
D01846,[H][C@]12CC[C@]([H])(C[C@@H](C1)OC(=O)C(CO)C1=CC=CC=C1)[N+]2(C)C(C)C
D01847,CO\C=C(\C(=O)OC)C1=C(\C=C\C2=CC=CC=C2)C=CC=C1
D01848,NC(=O)CC[C@@H]1NC(=O)[C@H](CC2=CC=CC=C2)NC(=O)[C@H](CC2=CC=C(O)C=C2)NC(=O)CCSSC[C@H](NC(=O)[C@H](CC(N)=O)NC1=O)C(=O)N1CCC[C@H]1C(=O)N[C@@H](CCCNC(N)=N)C(=O)NCC(N)=O
D01849,CC1CC2=CC=CC=C2N1NC(=O)C1=CC(=C(Cl)C=C1)S(N)(=O)=O
D01850,[H]\C(OC)=C(/[H])[C@]([H])(N)C(O)=O
D01851,CN(C)CCCN1C2=CC=CC=C2CCC2=C1C=C(Cl)C=C2
D01852,CSC1=CC2=C(SC3=CC=CC=C3N2CCC2CCCCN2C)C=C1
D01853,[H][C@]1(N)CN2C(C[C@]1([H])C1=CC(F)=C(F)C=C1F)=NC1=C2C=CN=C1
D01854,NS(=O)(=O)C1=CC=C(C=C1)C(=O)NCCCCNCS
D01855,NC(=O)C([C@@H]1CCN(CCC2=CC3=C(OCC3)C=C2)C1)(C1=CC=CC=C1)C1=CC=CC=C1
D01856,[H][C@]([NH3+])(CCCNC(=N)CCC)C(O)=O
D01857,OC1=CC=C(C=C1)C1=CC2=C(O1)C(=CC(O)=C2)C#N
D01858,CCCCC=O
D01859,O=C(C1CCCCC1)N1CC2N(CCC3=CC=CC=C23)C(=O)C1
D01860,NC1=NCC2N1C1=CC=CC=C1CC1=CC=CC=C21
D01861,ClC1=CC2=C(C=C1)C(=C1CCNCC1)C1=C(CC2)C=CC=N1
D01862,[H][C@@](COCCCCCCCCCCCCCCCCCC)(COP(O)(=O)OCCSC)N=C(C)O
D01863,[H][C@@](C[P@](O)(=O)[C@@]([H])(NC(=O)OCC1=CC=CC=C1)C(C)C)(C(O)=O)C1=CC(CN)=CC=C1
D01864,OCC(CO)NN1C(=O)C2=C3C(NC4=C3C=CC(O)=C4)=C3N([C@@H]4O[C@H](CO)[C@@H](O)[C@H](O)[C@H]4O)C4=C(C=CC(O)=C4)C3=C2C1=O
D01865,CCCCC[C@H](C)NC=O
D01866,[H][C@]1(CCCN1C(=O)[C@]1([H])CCCN1C(=O)OCC1=CC=CC=C1)C=O
D01867,[H][C@@]1(C)O[C@]([H])(OC)[C@@]([H])(O)[C@]([H])(O)[C@]1([H])O
D01868,CCOC(=O)C(CCNC(=O)OC(C)(C)C)(CC1=CC=C(NS(O)(=O)=O)C=C1)C(=O)OCC
D01869,CN(CCOC1=CC=C(CC2SC(=O)NC2=O)C=C1)C1=CC=CC=N1
D01870,CS(=O)(=O)NC1=C(OC2=CC=CC=C2)C=C(C=C1)[N+]([O-])=O
D01871,CN1CCN2C(C1)C1=CC=CC=C1CC1=CC=CC=C21
D01872,NS(=O)(=O)C1=NC2=C(S1)C=C(O)C=C2
D01873,O[C@H]1[C@@H](O)[C@@H](OP(O)(O)=O)[C@H](O)[C@@H](O)[C@@H]1OP(O)(O)=O
D01874,COC1=CC(C[C@@H]2C3=CC(OC)=C(OC)C=C3CC[N+]2(C)CCCOC(=O)CC\C=C\CCC(=O)OCCC[N+]2(C)CCC3=CC(OC)=C(OC)C=C3[C@H]2CC2=CC(OC)=C(OC)C(OC)=C2)=CC(OC)=C1OC
D01875,CCCOC1=CC2=C(NC=C2C[C@@H](NS(=O)(=O)CC)C(=O)N[C@@H](CCC(N)=O)C(=O)NCC2=CC=C(C=C2)C(N)=N)C=C1
D01876,CC(C)[C@@H](NC(=O)C1=CC=C(C=C1)C(=O)N1CCOCC1)C(=O)N1CCC[C@@H]1C(=O)N[C@H](C(C)C)C(=O)C(F)(F)C(F)(F)F
D01877,CC[C@@H]1NC(=O)[C@H]([C@H](O)[C@H](C)C\C=C\C)N(C)C(=O)[C@H](C(C)C)N(C)C(=O)[C@H](CC(C)C)N(C)C(=O)[C@H](CC(C)C)N(C)C(=O)[C@@H](C)NC(=O)[C@H](C)NC(=O)[C@H](CC(C)C)N(C)C(=O)[C@@H](NC(=O)[C@H](CC(C)C)N(C)C(=O)CN(C)C1=O)C(C)C
D01878,CC(C)[N+](C)(CCC(C(N)=O)(C1=CC=CC=C1)C1=CC=CC=C1)C(C)C
D01879,[H][C@@](CC1=C(F)C(F)=C(F)C(F)=C1F)(NC(=O)NC1=NN=C(S)S1)C(=O)NC
D01880,CN(C)CCC(C1=CC=C(Cl)C=C1)C1=CC=CC=N1
D01881,OCC1=C(F)C(F)=C(F)C(F)=C1F
D01882,CN(C)S(=O)(=O)C1=CC2=C(SC3=CC=CC=C3N2CCCN2CCC(CCO)CC2)C=C1
D01883,[H][C@@]12CC[C@](O)(C(C)=O)[C@@]1(C)C[C@H](O)[C@@]1(F)[C@@]2([H])C[C@H](C)C2=CC(=O)C=C[C@]12C
D01884,CCOC(=O)[C@H](CCC1=CC=CC=C1)N[C@@H](C)C(=O)N1CC2=CC=CC=C2C[C@H]1C(O)=O
D01885,CN1C(=O)NC(=O)C(C)(C1=O)C1=CCCCC1
D01886,[H][C@]1(O)[C@@]([H])(O)[C@@]([H])(O[C@]1([H])COP(O)(=O)OP(O)(O)=O)N1CN(C)C2=C1NC(=N)N=C2O
D01887,[H][C@@](CS(=O)(=O)CC1=CC=CC=C1)(N[C@@]([H])(C1=CC=C(O)C=C1)C(F)(F)F)C(=O)NC1(CN)CC1
D01888,OC[C@H]1NC[C@H](O)[C@@H](O)[C@H]1O
D01889,[H][C@@]12CC[N@@](CC1)C[C@@]2([H])NC1=C(C2=NC3=CC=CC=C3N2)C(=O)NC2=C1C=C(Cl)C=C2
D01890,CC(=O)NC1=CC=CC(NC2=NC3=C(C=NN3C(NC3=CC=CC=C3)=N2)C#N)=C1
D01891,N[C@@H](CCCNC(=N)NO)C(O)=O
D01892,[H][C@@](CCC(O)=O)(NC(=O)C1=CC=C(NC[C@@]2([H])C=NC3=C(N2CO)C(O)=NC(=N)N3)C=C1)C(O)=O
D01893,[Li+]
D01894,[H][C@@](CSCC1=CC=C(OC)C=C1)(N=C(O)CCCN)C(O)=NCC(O)=O
D01895,[H][C@@](C)(OC1=C2C(N)=NC(N)=NC2=CC=C1)C1=CC(Cl)=CC=C1
D01896,OCC(=O)COP(O)(O)=O
D01897,ClC1=CC=C(COCCNCCNS(=O)(=O)C2=CC=CC3=CN=CC=C23)C=C1
D01898,OS(=O)(=O)CCNC1CCCCC1
D01899,CC1=CC(CC2=NN(C3=C2C(N)=NC=N3)C(C)(C)C)=CC=C1
D01900,C\C(C1=CC=C(O1)C1=CC=C(C=C1)S(N)(=O)=O)=C1\SC(=N)NC1=O
D01901,[Cl-].[K+]
D01902,[H][C@]1(C)CCCC[C@]1([H])OC1=C(O)C(=CC=C1)C1=CC2=CC(C(N)=N)=C(F)C=C2N1
D01903,COC1=CC=C(CN([C@@H](C)C2=NC(=CN2)C2=CC=CC=C2)C(=O)[C@@H](N)CC2=C(C)C=C(C=C2C)C(N)=O)C=C1C(O)=O
D01904,FC1=CC=C(C=C1)C(=O)C1=CC=NC=C1
D01905,OC(=O)CO\N=C1/C2=CC=CCC2=N/C/1=C1\C(=O)N=C2CC=CC=C12
D01906,CCC(=O)N(C1CCN(CCC2=CC=CC=C2)CC1C)C1=CC=CC=C1
D01907,C[C@@]12OO[C@@](CCC(O)=O)(C3=C1C=CC=C3)C1=C2C=CC=C1
D01908,[H][C@]1(N)CC[C@@]([H])(CC1)NC1=NC2=NC=NN2C(NC2=CC=C(C=C2)S(N)(=O)=O)=C1
D01909,[H][C@]1(C)CC[C@]([H])(CC1)NCC1=CC2=C(C=C1)C1=C(C2)C(=NN1)C1=CC=C(C=C1)C(O)=O
D01910,CS(=O)(=O)CCNCC1=CC=C(O1)C1=CC2=C(C=C1)N=CN=C2NC1=CC(Cl)=C(OCC2=CC(F)=CC=C2)C=C1
D01911,N[C@@H](CN1C=CC(=O)C(O)=C1)C(O)=O
D01912,NC1=NC2=NC=C(CC(CC#C)C3=CC=C(C=C3)C(=O)N[C@@H](CCC(O)=O)C(O)=O)N=C2C(N)=N1
D01913,CC(C)COC1=C(C=C(C=C1)C1=NC(C)=C(S1)C(O)=O)C#N
D01914,[H][C@@]12CC[C@](C)(O)[C@@]1(C)C=CC1=C3CCC(=O)C=C3CC[C@@]21[H]
D01915,CCCCCCC1=CC=C(C=C1)C(=O)C=C
D01916,[H][C@@](CCC(O)=O)(N=C(O)C1=CC=CC=C1)C(O)=N[C@@]([H])(CC1=CC=C(C=C1)C(F)(F)P(O)(O)=O)C(O)=N[C@@]([H])(CC1=CC=C(C=C1)C(F)(F)P(O)(O)=O)C(O)=N
D01917,[H][C@]1(OC(=C[C@H](N=C(N)N)[C@H]1NC(C)=O)C(O)=O)[C@H](O)[C@H](O)CO
D01918,[H][C@@]1(CC[C@](CC1)(C#N)C1=CC(OC2CCCC2)=C(OC)C=C1)C(O)=O
D01919,NC(=N)NOCCNC(=O)CC1=C(C=CC(NCC(F)(F)C2=NC=CC=C2)=C1F)C#N
D01920,CN(C)CCC(C1=CC=CC=C1)C1=CC=CC=N1
D01921,[H][C@@]12CC[C@](C)(O)[C@@]1(C)CC[C@@]1([H])[C@@]2([H])CCC2=CC(=O)CC[C@]12C
D01922,O[C@H]1[C@H](O)[C@@H](OP(O)(O)=O)[C@@H](O)[C@@H](OP(O)(O)=O)[C@@H]1O
D01923,[H][C@]1(COP(O)(=O)OP(O)(O)=O)O[C@@]([H])(N2C=NC3=C(NCC4=CC=CC=C4)N=CN=C23)[C@]([H])(O)[C@]1([H])O
D01924,CC1=NC(OC2=CC=C(C=C2)N2C=CN=C2)=NC(OC2=CC3=C(OCO3)C=C2)=C1
D01925,N[C@@H](CO)C(O)=O
D01926,COC1=CC=C(OC2=CC=CC3=NC(N)=NC(N)=C23)C=C1
D01927,CN(N=O)C(=O)N[C@H]1[C@@H](O)O[C@H](CO)[C@@H](O)[C@@H]1O
D01928,OC(COC1=CC=CC2=C1C(=O)C=C(O2)C(O)=O)COC1=CC=CC2=C1C(=O)C=C(O2)C(O)=O
D01929,[H][C@@](O)(CO[C@@]([H])(O)CCCCCCCCCCCCCC)COP(O)(=O)OC[C@]([H])(N)C(O)=O
D01930,[H][C@@](N)(COC1=CN=CC(=C1)C1=NCC2=NN=CC2=C1)CC1=C2C=CCC=C2N=C1
D01931,COC(=O)CCC1=CC=C(OCC(O)CNC(C)C)C=C1
D01932,O=NC(=O)CNS(=O)(=O)C1=CC=C(C=C1)C1=CC=CC=C1
D01933,CC(C)(C(O)=O)C1=CC=C(C=C1)C(O)CCCN1CCC(CC1)C(O)(C1=CC=CC=C1)C1=CC=CC=C1
D01934,OC(=O)C1=CC=C(NC(=O)[C@H](CC2=CC=C(O)C=C2)NC(=O)C2=CC=CC=C2)C=C1
D01935,[H][C@@]12CCCN1C(=O)[C@H](CC1=CC=CC=C1)N1C(=O)[C@](C)(NC(=O)[C@H]3CN(C)[C@]4([H])CC5=CNC6=CC=CC(=C56)[C@@]4([H])C3)O[C@@]21O
D01936,CCOC1=NC2=C(N1CC1=CC=C(C=C1)C1=CC=CC=C1C1=NOC(=O)N1)C(=CC=C2)C(=O)OCC1=C(C)OC(=O)O1
D01937,CN1CCC(CC1)=C1C2=C(SC=C2)C(=O)CC2=CC=CC=C12
D01938,[N+]1=2[Co-3]345([N+]6=C7[C@H]([C@@](CC(=O)N)(C)[C@@]6([C@@]6(N3C(=C(C)C3=[N+]4C(C(C)(C)[C@@H]3CCC(=O)N)=CC3=[N+]5C(=C7C)[C@@](CC(=O)N)([C@@H]3CCC(=O)N)C)[C@@](C)([C@H]6CC(=O)N)CCC(NC[C@@H](C)OP(=O)(O[C@@H]3[C@H](O[C@H](N(C4=CC(=C(C=C14)C)C)C=2)[C@@H]3O)CO)[O-])=O)[H])C)CCC(=O)N)O[H]
D01939,[H]N([H])S(=O)(=O)C1=CC=C(C=C1)C(=O)N([H])C[C@H](C)CN1C=CC2=CC=CC=C12
D01940,OC1=CC2=C(C=C1)N=C(S2)C1=NC(=O)CS1
D01941,[H][C@]12CC[C@]([H])(C[C@@H](C1)OC(=O)C(O)(C1=CC=CC=C1)C1=CC=CC=C1)[N+]21CCCC1
D01942,CN1C=[N+]([C@@H]2O[C@H](CO[P@](O)(=O)O[P@](O)(=O)O[P@](O)(=O)OC[C@H]3O[C@H]([C@H](O)[C@@H]3O)N3C=NC4=C(N)N=CN=C34)[C@@H](O)[C@H]2O)C2=C1C(=O)N=C(N)N2
D01943,[H][C@](N)(CCC(O)=N[C@@]([H])(CSCC1=CC=CC=C1I)C(O)=NCC(O)=O)C(O)=O
D01944,[H][C@](N)(CC1=CNC2=C1C=CC=C2)C(N)=O
D01945,[H][C@@](C)(N=C(O)[C@]([H])(C)N=C(O)OC(C)(C)C)C(O)=N
D01946,CC(=O)OCC[N+](C)(C)C
D01947,[H][C@@](N)(CC1=CC=CC=C1)[C@]([H])(O)C(O)=N[C@@]([H])(CC(C)C)C(O)=O
D01948,[H][C@@](N)(C(=O)N1CC[C@]([H])(F)C1)[C@@]([H])(C)[C@@]1([H])CC[C@@]([H])(CC1)N(C)C(C)=O
D01949,[H][C@]1(O)[C@]([H])(O)[C@@]([H])(CO)O[C@@]([H])(NP(=O)(OC)OC)[C@]1([H])O
D01950,[H][C@](C)(CO)NC(=O)C1=C(C)N=C(S1)C1=NC(NC2=CC(C)=CC(C)=C2)=NC=C1
D01951,CC1=C(C)C2=C(CCC(C)(COC3=CC=C(CC4SC(=O)NC4=O)C=C3)O2)C(C)=C1O
D01952,COC1=CC(CN(C)C2=CC=C3N=C(N)N=C(N)C3=C2)=C(OC)C=C1
D01953,CN1C(=O)CCC1(C)C
D01954,FC1=CC=C(C=C1)C(OCCN1CCN(CCCC2=CC=CC=C2)CC1)C1=CC=C(F)C=C1
D01955,CN(C)C(=O)[C@H]1CC[C@H](NC(=O)C(=O)NC2=NC=C(Cl)C=C2)[C@@H](C1)NC(=O)C1=NC2=C(CN(C)CC2)S1
D01956,CCCC(C)C1(CC=C)C(=O)NC(=S)NC1=O
D01957,CC[N+](CC)(CCNC(=O)C(=O)NCC[N+](CC)(CC)CC1=CC=CC=C1Cl)CC1=CC=CC=C1Cl
D01958,NC(N)=NC(=O)C1=C(N)N=C(N)C(Cl)=N1
D01959,NCC[C@H](OC1=CC=C(C=C1)C(F)(F)F)C1=CC=CC=C1
D01960,CCN(CC)CCNC1=C2C(=O)C3=CC=CC=C3SC2=C(C)C=C1
D01961,CC(C)(C)NC1=NC(=NC2=C1C=C(C=C2)C1=CC=CC(N)=C1)C(F)(F)F
D01962,COC1=CC2=C(C=C1)C(C)(C)C(=O)N(CCC1=CC=C(C=C1)S(=O)(=O)NC(=O)NC1CCCCC1)C2=O
D01963,NCC1CCN(CC2=CC3=C(NC(=C3)C3=NNC4=C3C=CC(=C4)C#N)C=C2)CC1
D01964,[Mg++]
D01965,CCP(CC)(CC)=[Au]S[C@@H]1O[C@H](COC(C)=O)[C@@H](OC(C)=O)[C@H](OC(C)=O)[C@H]1OC(C)=O
D01966,CC[C@H](OC(C)=O)C(C[C@H](C)N(C)C)(C1=CC=CC=C1)C1=CC=CC=C1
D01967,CCC(CC)N1C=CC2=C1C=CC1=C2C(N)=NC(N)=N1
D01968,[H][C@@]12CC[C@](OC(=O)OCC)(C(=O)COC(=O)CC)[C@@]1(C)C[C@H](O)[C@@]1([H])[C@@]2([H])CCC2=CC(=O)C=C[C@]12C
D01969,[H][C@]1(O)O[C@@]([H])(C(O)=O)[C@]([H])(O)[C@]([H])(O)[C@@]1([H])OS(O)(=O)=O
D01970,[H][C@](O)(CS)[C@]([H])(O)CS
D01971,NC1=NC(OCC2CCCCC2)=C2N=CNC2=N1
D01972,CCN(CC)C(=O)N1CCN(C)CC1
D01973,CCCCN1C(CC2=CC(OC)=CC=C2OC)=NC2=C(N)N=CN=C12
D01974,CCCCCC(CCCCC)SC1=C(N=NN1)C(O)=O
D01975,CN1C(CCCO)=C(CO)C2=C1C(=O)C=C(N1CC1)C2=O
D01976,CCCCCCCCCCCC[N+](C)(C)[O-].CCCCCCCCCCCC[N+](C)(C)CC([O-])=O
D01977,[H][C@@]12CC[C@](OC(=O)CCC)(C(=O)COC(C)=O)[C@@]1(C)C[C@H](O)[C@@]1(F)[C@@]2([H])C[C@H](F)C2=CC(=O)C=C[C@]12C
D01978,NS(=O)(=O)C1=CC=C(C=C1)C(=O)NCC1=CC(F)=C(F)C(F)=C1
D01979,CN(C)CCCN1C2=CC=CC=C2C(C)(C)C2=CC=CC=C12
D01980,CCCCCCCCCCCC(O)(P(O)(O)=O)P(O)(O)=O
D01981,OC1=CC2=C(NC(=N)N2)C=C1
D01982,NS(=O)(=O)C1=CC=C(C=C1)N1N=C(C=C1C1=CC=C(Br)C=C1)C(F)(F)F
D01983,CN1C(CC(O)=O)=CC(C)=C1C(=O)C1=CC=C(Cl)C=C1
D01984,OC[C@@H](NC(=O)C(Cl)Cl)[C@H](O)C1=CC=C(C=C1)[N+]([O-])=O
D01985,CNC(C)C1CCC(N)C(OC2C(N)CC(N)C(OC3OCC(C)(O)C(NC)C3O)C2O)O1
D01986,NC(=O)C1=NC=CN=C1
D01987,CN(C)C(=O)C(CCN1CCC(O)(CC1)C1=CC=C(Cl)C=C1)(C1=CC=CC=C1)C1=CC=CC=C1
D01988,[H][C@@](C)(CCCCCC)N=CO
D01989,CN1CCN(CC1)C(=O)OC1N(C(=O)C2=NC=CN=C12)C1=NC=C(Cl)C=C1
D01990,[H][C@]1(CC2=C(CN1)C=CC=C2)C1=NC(C(O)=O)=C(S1)C(C)C
D01991,NS(=O)(=O)C1=CC(NC2=NC(NC3=C(Cl)C=CC4=C3OCO4)=CC=N2)=CC=C1
D01992,[H][C@]1(CF)CC2=CC=C(C=C2CN1)S(=O)(=O)NCCC(F)(F)F
D01993,OC[C@H]1O[C@H](OP(O)(O)=O)[C@H](O)[C@@H]1O
D01994,O=C(NC1=C2OC(=CC(=O)C2=CC=C1)C1=NNN=N1)C1=CC=C(OCCCCC2=CC=CC=C2)C=C1
D01995,[H][C@@](C)(NP(O)(=O)[C@]([H])(CC1=CC=CC=C1)N=C(O)[C@]([H])(CCCC[NH3+])N=C(O)[C@]1([H])CCCN1C(=O)OCC1=CC=CC=C1)C(=O)N1CCC[C@@]1([H])C(=O)OC
D01996,CCCCCCCCCCCC[N+](C)(C)CCCS(O)(=O)=O
D01997,CNC(=O)C1=C(F)C=C(C=C1)N1C(=S)N(C(=O)C1(C)C)C1=CC=C(C#N)C(=C1)C(F)(F)F
D01998,N[C@@H](CC1=CC=CC=C1)C(O)=O
D01999,CN(C)CC1=CNC2=C1C=CC=C2CCCO
D02000,OC(=O)C1=CC=C(C=C1)C1=CC=C(F)C=C1
D02001,CC1=CC(NC2=C3C=CC=CC3=NC(=N2)C2=CC=CC=C2)=NN1
D02002,CCC1=C2C=C(O)C=CC2=NN1C1=CC=C(O)C=C1
D02003,ClC1=CC(Cl)=C(C=C1)C(CN1C=CN=C1)OCC1=CSC2=C1C=CC=C2Cl
D02004,[H][C@@]12CC[C@@](O)(C#C)[C@@]1(C)CC[C@@]1([H])[C@@]2([H])CCC2=CC3=C(C[C@]12C)C=NO3
D02005,[O-]C(=O)C\C(=C\C([O-])=O)C([O-])=O
D02006,CCCC(=O)NC1=CC(C(C)=O)=C(OCC(O)CNC(C)C)C=C1
D02007,OC(=O)CCCN1C2=C(C(=O)C3=CC=CC=C23)C2=CC=CC=C2C1=O
D02008,NC1=CC=C2NC(=CC2=N1)C1=CC(CC(O)=O)=CC(=C1O)C1=CC=CC(=C1)[N+]([O-])=O
D02009,C[C@]1(OP(O)(O)=O)O[C@H](CO)[C@@H](O)[C@H](O)[C@H]1O
D02010,[H][C@]1(O)[C@]([H])(O)[C@@]([H])(CO)O[C@]([H])(C(O)=N)[C@]1([H])O
D02011,COC(=O)CCC(=O)CN
D02012,[H][C@]1(N)CC(=CC[C@]1([H])C1=CC(F)=C(F)C=C1F)C(=O)N1CCN2C(C1)=NN=C2C(F)(F)F
D02013,CCSC1=CC2=C(SC3=CC=CC=C3N2CCCN2CCN(C)CC2)C=C1
D02014,OC(=O)CCCC1=CNC2=C1C=CC=C2
D02015,CC1=NN=C(NS(=O)(=O)C2=CC=C(N)C=C2)S1
D02016,CN(C1CCN(CC1)C(=O)C1=CC2=CC=CC=C2C=C1)C(=O)C1=CC2=CC=CC=C2C=C1C(=O)[C@@H](C1=CC=CC2=CC=CC=C12)P(O)(O)=O
D02017,[H][C@]1(O)CC(=O)O[C@@]([H])(CC[C@@]2([H])[C@@]([H])(C)C=CC3=CCC[C@]([H])(O)[C@]23[H])C1
D02018,CSC1=NC2=C(N1)C(Br)=C(Br)C(Br)=C2Br
D02019,[H][C@@](N)(CC(C)C)C(=O)N1CCC[C@@]1([H])C(=O)NCC1=CC=C(C=C1)C(N)=N
D02020,[H][C@]1(CCCN1C(=O)CNC1CCCC1)C(=O)NCC1=CC=C(C=C1)C(N)=N
D02021,CCN1C=C(C(O)=O)C(=O)C2=CC(F)=C(N3CCNC(C)C3)C(F)=C12
D02022,CCN1C(=O)NC(C1=O)C1=CC=CC=C1
D02023,CC(C)=CCC\C(C)=C\CC\C(C)=C\COP(O)(=O)OP(O)(O)=O
D02024,CNCCC1=CC=CC=N1
D02025,[H][C@]1(O)CC[C@@]2([H])[C@]3([H])CC[C@]4([H])CC(=O)CC[C@]4(C)[C@@]3([H])CC[C@]12C
D02026,OC(=O)CNC(=O)C1=C(O)C2=CC=CC=C2C(Cl)=N1
D02027,N[C@H](CC1=CC(I)=C(OC2=CC(I)=C(O)C(I)=C2)C(I)=C1)C(O)=O
D02028,[H][C@]1(O)O[C@]([H])(CO)[C@@]([H])(O[C@]2([H])OC(=C[C@]([H])(O)[C@@]2([H])OS([O-])(=O)=O)C([O-])=O)[C@]([H])(O)[C@@]1([H])NS([O-])(=O)=O
D02029,N[C@@H](CSCC1=CC=CC=C1)C(O)=O
D02030,OC(=O)C1=C(O)C=CC(=C1)S(=O)(=O)NCCS
D02031,C[N+](C)(C)CCO
D02032,[H][C@](CCCCC(O)=O)(CCSCN)SSCCO
D02033,[H][C@]1(N)[C@@]([H])(O)[C@@]([H])(CO)O[C@@]([H])(OCCCCCC)[C@]1([H])O
D02034,CC(C)(C)C1=C\C(=N/C(=O)NC2=CC=C(Cl)C=C2)N(N1)C1=CC=CC=C1
D02035,C1CCN(CC1)C1(CCCCC1)C1=CC=CS1
D02036,OC(=O)CCCCCNC(=O)CCC[P@](O)(=O)OC1=CC=C(C=C1)[N+]([O-])=O
D02037,[H][C@@](C(=O)NC1=CC=C2C=CC=CC2=C1)(C1=CSC2=C1C=C(Cl)C=C2)P(O)(O)=O
D02038,ClC1=CC=C(NC2=NN=C(CC3=CC=NC=C3)C3=CC=CC=C23)C=C1
D02039,NC(=N)C1=CC2=C(C=C1)N=C(N2)C(O)(O)C1=NC2=C(N1)C=C(C=C2)C([NH3+])=[NH2+]
D02040,CP([O-])=O
D02041,[H][C@](C#N)(C1=NC2=C(S1)C=CC=C2)C1=NC(NCCC2=CC=CN=C2)=NC=C1
D02042,[H][C@]1(N)CN2C(C[C@]1([H])C1=C(F)C=C(F)C(F)=C1)=NC1=CC(=CC=C21)S(C)(=O)=O
D02043,C[C@H](NC1=NC=CC(=N1)C1=C(N=C(C2CCNCC2)N1C)C1=CC(=CC=C1)C(F)(F)F)C1=CC=CC=C1
D02044,OCC1=CC=C(F)C=C1F
D02045,[H][C@](C)(O)[C@]([H])(N=C(O)[C@@]1([H])O[C@]1([H])C(=O)OCC)C(O)=N[C@]([H])(C(O)=O)[C@@]([H])(C)CC
D02046,[H][C@@]12CC[C@@](O)(C#C)[C@@]1(CC)CC(=C)[C@]1([H])[C@@]3([H])CCCC=C3CC[C@@]21[H]
D02047,[H][C@]1(CO)O[C@@]([H])(N2C=CC(O)=NC2=O)[C@]([H])(OP(O)(=O)OC[C@@]2([H])O[C@@]([H])(N3C=NC4=C(N)N=CN=C34)[C@]([H])(O)[C@]2([H])O)[C@]1([H])O
D02048,O\N=C\C1=C2C=CC=CC2=C(C=C1)C1=CC=C(O)C=C1
D02049,CCC1=C(CC)C=C2CC(CC2=C1)NC[C@H](O)C1=C2C=CC(=O)NC2=C(O)C=C1
D02050,[H][C@]1(CC(=NN1C(C)=O)C1=C(Cl)C=CC=C1)C1=CC=CC(O)=C1
D02051,[H]\C(CC)=C(/[H])C1=C(O)C=C2CC[C@@]3([H])[C@]4([H])CC[C@]([H])(O)[C@@]4(C)CC[C@]3([H])C2=C1
D02052,OC[C@H]1O[C@H]([C@H](O)[C@@H]1O)N1C=NC2=C(N[C@@H]3CCOC3)N=CN=C12
D02053,[H][C@@]1(CC[C@@]2([H])[C@]3([H])CC[C@]4([H])CC(=O)CC[C@]4(C)[C@@]3([H])CC[C@]12C)C(C)=O
D02054,[H][C@@](CCCC)(NC(=O)OC1(CC2=CC=CC=C2)CCCC1)C=O
D02055,COC1=CC=CC2=C1C(=O)C1=C(O)C3=C(C[C@](O)(C[C@@H]3O[C@H]3C[C@H](N)[C@@H](O)[C@H](C)O3)C(=O)CO)C(O)=C1C2=O
D02056,[H][C@](N)(C(C)C)C(=O)N1CCCC1
D02057,[H]\C(CCCC(O)=O)=C(/[H])C[C@@]1([H])[C@]2([H])C[C@@]([H])(N=N2)[C@]1([H])C(\[H])=C(/[H])CCCCCC
D02058,NS(=O)(=O)C1=CC=C(CCC(O)=O)C=C1
D02059,[H][C@]1(C)O[C@]([H])(O[C@]2([H])[C@@]([H])(CO)O[C@]([H])(O)[C@]([H])(O)[C@@]2([H])O)[C@]([H])(O)[C@@]([H])(O)[C@]1([H])N[C@@]1([H])C=C(CO)[C@@]([H])(O[C@@]2([H])O[C@]([H])(CO)[C@@]([H])(O[C@@]3([H])O[C@]([H])(CO)[C@@]([H])(O)[C@]([H])(O)[C@@]3([H])O)[C@]([H])(O)[C@@]2([H])O)[C@]([H])(O)[C@@]1([H])O
D02060,[H][C@]1(CO)N[C@@]([H])(C2=CNC3=C2NC(=N)N=C3O)[C@]([H])(O)[C@]1([H])O
D02061,CCC1=C(C(=O)C2=CC(Br)=C(O)C(Br)=C2)C2=C(O1)C=C(C=C2)S(=O)(=O)NC1=CC=C(C=C1)S(=O)(=O)NC1=NC=CS1
D02062,[H][C@]12N(C)CC[C@@]1(C)C1=C(C=CC(OC(=O)NC)=C1)N2C
D02063,NS(=O)(=O)OC1=CC=C2C=C(CC3CCCCCC3)S(=O)(=O)C2=C1
D02064,COC[C@@H](NC(C)=O)C(=O)NCC1=CC=CC=C1
D02065,C=CC(=O)NC1=CC=C2N=CN=C(NC3=CC=CC=C3)C2=C1
D02066,CC[Se]C(N)=N
D02067,CCCCCCCCCCCC[N+](C)(C)C
D02068,[H][C@](CCC1=CC=C(C=C1)C(N)=N)(CC(=O)OC)C1=CC=CC(=C1)C(N)=N
D02069,CCOC1=NC(=CC=C1C#N)C(=O)NCC1=CC(OC)=CC=C1OC
D02070,[H][C@@]1(CC[C@@]2(C)[C@@]([H])(CC[C@]3(C)[C@]2([H])C(=O)C=C2[C@]4([H])C[C@](C)(CC[C@]4(C)CC[C@@]32C)C(O)=O)C1(C)C)OC(=O)CCC(O)=O
D02071,[H]/C1=C([H])\C(=O)O[C@]([H])([C@@]([H])(C)[C@@]([H])(OC)[C@@]([H])(C)CCC(=O)[C@]([H])(C)[C@@]([H])(CCC(O)=O)OC)[C@@]([H])(C)\C([H])=C([H])\[C@@]([H])(C[C@]([H])(OC)[C@@]([H])(C)\C([H])=C([H])\[C@]([H])(C[C@]([H])(OC)[C@@]([H])(C)[C@@]2([H])CC(C[C@@]([H])(C\C(C)=C\1/[H])OC)=CC(=O)O2)OC)OC
D02072,OC(=O)C1=NON=C1O
D02073,CC(C)[C@H](OC(=O)NC[C@H](CC(O)=O)C1=CC=C(Cl)C=C1)OC(=O)C(C)C
D02074,CCO[P@](O)(=O)N(CC)CC
D02075,CCCCS(=O)(=O)N[C@@H](CC1=CC=C(OCCCCC2CCNCC2)C=C1)C(O)=O
D02076,CN1N=C(C2=C1SC(=C2)C(=O)NCCS)C(F)(F)F
D02077,COCCCOC1=C(C)C(CS(=O)C2=NC3=CC=CC=C3N2)=NC=C1
D02078,COC(=O)C(CC1=CC=CC=C1)(CC1=CC=C(NS(O)(=O)=O)C=C1)C(=O)OC
D02079,CC1=C(CC(N)=O)C2=C(C=CC(OCCCC(O)=O)=C2)N1CC1=CC=CC=C1
D02080,O\N=C1\C(\NC2=C\1C=CC=C2)=C1\C(=O)NC2=C1C=CC=C2
D02081,CCN=O
D02082,CCN1N=CC2=C1N=CC(C(=O)NCC1=CC=CC=C1)=C2NC1CCOCC1
D02083,CC(C)CC(NC(=O)CNC(=O)C(CC1=CC=C(O)C=C1)NC(=O)C(CO)NC(=O)C(CC1=CNC2=CC=CC=C12)NC(=O)C(CC1=CN=CN1)NC(=O)C1CCC(=O)N1)C(=O)NC(CCCN=C(N)N)C(=O)N1CCCC1C(=O)NCC(N)=O
D02084,CC(S)C(O)=NCC(O)=O
D02085,CC1=CC(OCCNC2=CC=[NH+]C=C2)=CC(NS(=O)(=O)C2=CC=CC=C2)=C1
D02086,OC(=O)CSCC(=O)NC1CCSC1=O
D02087,CN(CC1=CC2=C(NC(C)=NC2=O)C=C1)C1=CC=C(S1)C(=O)N[C@@H](CCC(O)=O)C(O)=O
D02088,CCOP(=O)(OCC)[C@@H](C)NC(=O)N(CCCl)N=O
D02089,OC(=O)C1=CC=C(OCCN2C=CN=C2)C=C1
D02090,[H][C@@]1(OC(=O)[C@@](O)(CCCC(C)(C)O)CC(=O)OC)C(OC)=C[C@]23CCCN2CCC2=CC4=C(OCO4)C=C2[C@]13[H]
D02091,COC1=CC(=CC=C1)N1CCC2=C(SC(=C2)S(N)(=O)=O)S1(=O)=O
D02092,N1C=CC=N1
D02093,C[N+](C)(C)CCOP(O)(O)=O
D02094,FC(F)(F)CNC(=O)C1(CCCCN2CCC(CC2)NC(=O)C2=C(C=CC=C2)C2=CC=C(C=C2)C(F)(F)F)C2=CC=CC=C2C2=CC=CC=C12
D02095,[H][C@]12CN(C[C@@]1([H])NCCC2)C1=C(F)C=C2C(=O)C(=CN(C3CC3)C2=C1OC)C(O)=O
D02096,CCC1=CC(CCN)=CC=C1O
D02097,COC1=CC=CC2=C1NC1=C(C=CC=C1C(=O)NC1=CC=C(CCN3CCC4=CC(OC)=C(OC)C=C4C3)C=C1)C2=O
D02098,NCCCCN(CC1=NC2=CC=CC=C2N1)[C@H]1CCCC2=C1N=CC=C2
D02099,[H][C@](CCC)(C=CS(=O)(=O)C1=CC=CC=C1)N=C(O)[C@]([H])(CC1=CC=CC=C1)N=C(O)N1CCC(CC1)N1CCOCC1
D02100,[H][C@]12SCC(COC(C)=O)=C(N1C(=O)[C@H]2NC(=O)C(=N/OC)\C1=CSC(N)=N1)C(O)=O
D02101,[H][C@@]12C[C@H](O)[C@@]3(C)C(=O)[C@H](O)C4=C(C)[C@H](C[C@@](O)([C@@H](OC(=O)C5=CC=CC=C5)[C@]3([H])[C@@]1(CO2)OC(C)=O)C4(C)C)OC(=O)[C@H](O)[C@@H](NC(=O)OC(C)(C)C)C1=CC=CC=C1
D02102,[H][C@]1(CO)O[C@@]2(N=C(O)N(N)C2=O)[C@]([H])(O)[C@@]([H])(O)[C@]1([H])O
D02103,[H][C@@]12CCC[C@]1([H])[C@@]([H])(OC1=C2C=C(O)C=C1COC)C1=CC=C(O)C=C1
D02104,CC(C)NC1=CC(Cl)=NC2=C(C=NN12)C#N
D02105,ONC(=O)C1(CCOCC1)S(=O)(=O)C1=CC=C(OC2=CC=C(C=C2)C(F)(F)F)C=C1
D02106,C\C(\C=C\C1=C(C)CCCC1(C)C)=C/C=C/C(/C)=C\C(O)=O
D02107,CCC1=C(O)C=C(O)C(=C1)C1=NNC=C1C1=CNC=N1
D02108,FCCOC1=CC=CC(NC(=O)CCC(=O)NC2=CC=C3C(=O)NC(=O)C(=O)C3=C2)=C1
D02109,CC(C)(C)NC1=NC(N)=C(S1)C(=O)C1=CC=CC=C1
D02110,N[C@H](CS)C(O)=O
D02111,CC(O)(P(O)(O)=O)P(O)(O)=O
D02112,[H][C@@](N)(CC)C(=O)N1CCC[C@@]1([H])C(=O)NCC1=CC=CC(Cl)=C1
D02113,CC(C)C1=CC2=C(OC3=NC(N)=C(C=C3C2=O)C(O)=O)C=C1
D02114,[H][C@](CN)(CCC(O)=O)[C@]([H])(CCN)CC(O)=O
D02115,CC(C)(C)C1=NC2=C3C=CC(F)=CC3=C3C(=O)NC=CC3=C2N1
D02116,NC1=CC=C(C=C1)S(N)(=O)=O
D02117,[H][C@](CC1=CNC2=C1C=C(C)C=C2)(NS(=O)(=O)C1=CC=C(OCC#CC)C=C1)C(O)=O
D02118,OC(=O)COC1=CC(F)=CC=C1C(=O)NCC1=NC2=C(S1)C(F)=CC(F)=C2F
D02119,[H][C@@](CC)(C=O)[C@@]([H])(CNS(=O)(=O)C1=CC=C(C)C=C1)C(O)=O
D02120,[H][C@]1(C[C@@H]2CC[N@]1C[C@@H]2C=C)[C@H](O)C1=CC=NC2=CC=C(OC)C=C12
D02121,NS(=O)(=O)C1=CC=C(C=C1)\N=N\C1=C2C=C(Br)C=CC2=NC1=O
D02122,C[C@H](CCCC(C)(C)O)[C@@]1([H])CC[C@@]2([H])\C(CCC[C@]12C)=C\C=C1\C[C@@H](O)CCC1=C
D02123,NCCCCCCCNC(N)N
D02124,[H]N(C)C(=O)[C@H]1CC2=C(CN1C(=O)OC(C)(C)C)C=C(C=C2)N([H])S(O)(=O)=O
D02125,OC(O)CC1=CC(Br)=C(OC2=CC(C(O)NCCC3=CC=CC=C3)=C(O)C=C2)C(Br)=C1
D02126,[H][C@]1(N)[C@@]([H])(O)[C@@]([H])(CO)O[C@@]([H])(OCCCCCCCC)[C@]1([H])O
D02127,OC1=C(C=C(CC(=O)NCCCCCC([O-])=O)C=C1)[N+]([O-])=O
D02128,CCOC(=O)C1(CCN(CCC(C#N)(C2=CC=CC=C2)C2=CC=CC=C2)CC1)C1=CC=CC=C1
D02129,OC1=CC(=CC(=C1O)[N+]([O-])=O)[N+]([O-])=O
D02130,CN1CCC(CC1)=C1C2=CC=CC=C2C=CC2=CC=CC=C12
D02131,NC1=CC=CC2=C1C(=O)N(C1CCC(=O)NC1=O)C2=O
D02132,[H][C@@]12CCC[N@@]1[C@@]([H])(C1=CC=C(C=C1)C(N)=[NH2+])[C@@]1([H])C(=O)N(CC3=CC=C(F)C=C3)C(=O)[C@@]21[H]
D02133,[H][C@]12CC[C@]([H])(C[C@@]([H])(C1)OC(=O)C1=CNC3=C1C=CC=N3)N2C
D02134,[H][C@@]12N(C)C3=CC(OC)=C(C=C3[C@@]11CCN3CC=C[C@](CC)([C@@]13[H])[C@@]([H])(OC(C)=O)[C@]2(O)C(=O)OC)[C@]1(C[C@@]2([H])CN(CC(CC)=C2)CC2=C1NC1=CC=CC=C21)C(=O)OC
D02135,CC(CC1=CC=CC=C1)NCCC(C1=CC=CC=C1)C1=CC=CC=C1
D02136,CCCN1C(=NC(=C1C1=CC=NC(NC2CCCCC2)=N1)C1=CC=C(Cl)C(Cl)=C1)C1CCNCC1
D02137,[H][C@@](CCC(O)=O)(NC(=O)C1=CC=C(CCC2=CNC3=C2C(O)=NC(=N)N3)C=C1)C(O)=O
D02138,CCOC(=O)C(C)(C)NP(=O)(NC(C)(C)C(=O)OCC)C1=CC=C(O1)C1=C(SC(N)=N1)C(=O)C(C)(C)C
D02139,CN(C)C1=CC=C(C=C1)C1=C(N=CN=C1N)C#CC1=CC=C(N=C1)N1CCOCC1
D02140,OCC(O)COC1=CC=C(Cl)C=C1
D02141,CCCCCCCCCCCCCCCCCC(=O)O[Al](O)O
D02142,N[C@H](CCCNC(N)=N)C(O)=O
D02143,[H][C@]1(C)SC(=O)NN=C1C1=CC2=C(C=C1)N(CCC2)C(=O)C1=CC(OC)=C(OC)C=C1
D02144,[H][C@](CC(=O)NO)(CC1=CC(O)=CC=C1)C(=O)N[C@@]1([H])C2=C(C[C@@]1([H])O)C=CC=C2
D02145,[H][C@@]12CCC[C@]1([H])N([C@@H](C2)C(O)=O)C(=O)[C@H](C)N[C@@H](CCC1=CC=CC=C1)C(=O)OCC
D02146,OC1=CC=C(C=C1)C1=CC2=C(OC1)C=C(O)C=C2
D02147,NCCCC(=O)NC1=CC=C(OCC2=CC=CC=C2)C=C1
D02148,OC[C@H](O)[C@@H](O)[C@H](O)[C@H](O)COP(O)(O)=O
D02149,NS(=O)(=O)C1=C(F)C=CC=C1F
D02150,[H][C@]1(F)C[C@@]([H])(O[C@]1([H])COP(O)(=O)OP(O)(O)=O)N1C=CC(O)=NC1=O
D02151,CCNC(=O)N1N=C(C[C@@]1(CCCN)C1=CC=CC=C1)C1=C(F)C=CC(F)=C1
D02152,NC1=NC(=O)C2=C(NCC(CNC3=CC=C(C=C3)C(=O)N[C@@H](CCC(O)=O)C(O)=O)N2)N1
D02153,[H][C@](COCCCCCCCCCC)(COCC(F)(F)F)O[P@](O)(=O)OC
D02154,CN1C=NC2=C1C(=O)NC(=O)N2C
D02155,[H][C@]12COC(=O)[C@]1([H])[C@H](C1=CC(OC)=C(OC)C(OC)=C1)C1=CC3=C(OCO3)C=C1[C@@H]2O
D02156,[H][C@@](C)(CN1C=NC2=C(N)N=CN=C12)OCP(=O)(OCOC(=O)OC(C)C)OCOC(=O)OC(C)C
D02157,O[C@@H](CNCCCCC1=CC=C(O)C=C1)C1=CC(O)=C(O)C=C1
D02158,CC(=O)C(O)=O
D02159,[H][C@@]1(O)CC2=C(C=CC3=C2C2=C(C=CC=C2)C=C3)[C@@]([H])(O)[C@]1([H])O
D02160,COC1=C(OC)C=C2C(=O)C(CC3CCN(CC4=CC=CC=C4)CC3)CC2=C1
D02161,[H][C@@]12CC[C@H](C(C)=O)[C@@]1(C)CC[C@]1([H])[C@@]2([H])C=CC2=CC(=O)CC[C@@]12C
D02162,CC1=C(C2=CC3=C(C=C2)N=C(N)N=C3)C(=O)N(C=C1)C1=CC(=CC=C1)C(F)(F)F
D02163,[H][C@]1(CO)O[C@@]([H])(N=C(C)O)[C@]([H])(O)[C@@]([H])(O)[C@]1([H])O
D02164,CC1=CC(=CC(C)=C1)C(=O)N(NC(=O)C1=C(C)C2=C(OCCO2)C=C1)C(C)(C)C
D02165,NC(=O)C1=CC(=CC(=C1)C1=CC=C(C=C1)C1=CC=CC=C1)C(O)=O
D02166,[H][C@@]1(F)C(F)=CC=C(C(=O)NOCCO)\C1=N\C1=C(F)C=C(I)C=C1
D02167,CN1[C@H]2CC[C@@H]1C[C@@H](C2)OC(=O)C(CO)C1=CC=CC=C1
D02168,[H][C@@]12C[C@H](C)[C@](OC(=O)CC)(C(=O)COC(=O)CC)[C@@]1(C)C[C@H](O)[C@@]1(Cl)[C@@]2([H])CCC2=CC(=O)C=C[C@]12C
D02169,[H][C@](N)(CSCCS(N)(=O)=O)C(O)=O
D02170,[H][C@@](CCC(O)=O)(C[P@](O)(=O)CC1=CC=C(I)C=C1)C(O)=O
D02171,CC1=C2C=CC=CC2=C(CCC(O)=O)C2=C1C=CC=C2
D02172,[H][C@]1(O)N=C(O)C2=C3C4=CC=CC=C4N4C3=C3N(C5=CC=CC=C5C3=C12)[C@@]1(C)O[C@]4([H])C[C@@]([H])(NC)[C@@]1([H])OC
D02173,O=C1NC=NC2=C1C1=C(CCCC1)S2
D02174,[H][C@@](CCCCN)(NC(=O)[C@]1([H])CCCN1C(=O)[C@@]([H])(CC1=CC=CC=C1)NC(C)=O)B(O)O
D02175,FC(F)(F)C1=CC=CC=C1C1=CC=C(CC2C(=O)NC(=S)NC2=O)O1
D02176,CC1=NN=C2CN=C(C3=CC=CC=C3)C3=C(C=CC(Cl)=C3)N12
D02177,[H][C@](N)(CC1=CC=C(OC)C=C1)C(=O)N[C@]1([H])[C@@]([H])(CO)O[C@@]([H])(N2C=NC3=C(N=CN=C23)N(C)C)[C@]1([H])O
D02178,CC(=O)NC1=CC=C(OC[C@](C)(O)C(=O)NC2=CC(=C(C=C2)[N+]([O-])=O)C(F)(F)F)C=C1
D02179,CC1=CC(=O)N(O)C(=C1)C1CCCCC1
D02180,ClC1=CC=C(C=C1)C(=O)NCCN1CCOCC1
D02181,CC(=O)ONC(=O)C1=C(O)C=CC=C1
D02182,COC1=CC=NC(NC2CCN(CC2)C(=O)C2=CC=C(C=C2)C#N)=C1
D02183,[H]C(=O)[C@H](CCCC)NC(=O)[C@H](CC(C)C)NC(=O)[C@H](CC(C)C)NC(C)=O
D02184,[H][C@@](CC)(CO)NC1=NC2=C(N=CN2C(C)C)C(=N1)N(C)CC1=CC=CC=C1
D02185,[H][C@]12O[C@]([H])(C(=C1C1=CC=C(O)C=C1)C1=CC=C(O)C=C1)[C@]([H])(C(=O)OCC)[C@]2([H])C(=O)OCC
D02186,[H][C@]1(O)O[C@]([H])(COS([O-])(=O)=O)[C@@]([H])(O[C@]2([H])OC(=C[C@]([H])(O)[C@@]2([H])OS([O-])(=O)=O)C([O-])=O)[C@]([H])(O)[C@@]1([H])NS([O-])(=O)=O
D02187,N=C1NC(=O)\C(S1)=C/C1=CC=CC=N1
D02188,[H][C@]1(C\C(=N/O)C2=C(C1)N=C(N)N=C2C)C1=CC=C(F)C=C1C1=CC=CN=C1
D02189,O[C@H](COP(O)(O)=O)[C@H](O)[C@H](O)C(=O)COP(O)(O)=O
D02190,C[N@@+]12CC[C@@H](CC1)C(C2)OC(=O)C(O)(C1=CC=CC=C1)C1=CC=CC=C1
D02191,NC(=N)C1=CC2=C(NC(=O)C3=CC=CC(=C3)S(=O)(=O)OCCCO)C=CC=C2C=C1
D02192,[H][C@]1(CO)O[C@@]([H])(S[C@]2([H])O[C@]([H])(CO)[C@]([H])(O)[C@]([H])(O)[C@@]2([H])O)[C@]([H])(O)[C@@]([H])(O)[C@@]1([H])O
D02193,C([C@H]1CN(CCN1)C1=NN=C(C2=CC3=CC=CC=C3C=C2)C(=C1)C1=CC=NC=C1)C1=CC=CC=C1
D02194,CN(CC#C)CC1=CC=CC=C1
D02195,[H][C@@]12CCC3=CC(C(C)C)=C(C=C3[C@@]1(C)CCC[C@@]2(C)C(O)=O)S(O)(=O)=O
D02196,CCOC(=O)[C@H](CCC1=CC=CC=C1)N[C@H]1CS[C@@H](CN(CC(O)=O)C1=O)C1=CC=CS1
D02197,CCOC(=O)N1C=CN(C)C1=S
D02198,C\C(=C/S(=O)(=O)N[C@@]1([H])CCN([C@](C)([H])C(=O)N2CCOCC2)C1=O)C1=CC=C(Cl)S1
D02199,CC(=N)NCC[C@@H](F)C[C@H](N)C(O)=O
D02200,OC1=CC2=C(C(O)=C1)C(=O)C=C(O2)C1=CC(O)=C(O)C(O)=C1
D02201,N[C@@H](CC(C(O)=O)C(O)=O)C(O)=O
D02202,OC(=O)C1=CC=CC=C1NC1=CC(=CC=C1)C(F)(F)F
D02203,CN(CCO)C1=NC=NC2=C1C(=C(O2)C1=CC=CC=C1)C1=CC=CC=C1
D02204,[H][C@@](C)(N(C)C)C1=CC(O)=CC=C1
D02205,CCCCCCCCCCCCC\C=C\[C@@H](O)[C@H](CO[C@@H]1O[C@H](CO)[C@H](O)[C@H](OS(O)(=O)=O)[C@H]1O)NC(=O)CCCCCCCCCCCCC\C=C/CCCCCCCC
D02206,[H][C@@](N1C=NC2=NN(C=C2C1=S)[C@@]1([H])C=CN(C=C1C([O-])=N)[C@]1([H])O[C@]([H])(COP([O-])(=O)OP(O)(=O)OC[C@@]2([H])O[C@@]([H])(N3C=NC4=C(N)N=CN=C34)[C@]([H])([O-])[C@]2([H])[O-])[C@@]([H])(O)[C@@]1([H])O)(C(=O)N1CCCCCC1)C1=CC=CC=C1
D02207,CC(C)C[C@H](CN)CC(O)=O
D02208,CN1C(CC2=CC=C(C=C2)C(N)=N)=NC2=C1C=CC(NS(=O)(=O)C1=CC=CC=C1)=C2
D02209,[H][C@@]1(O)CC2=C3C=CC4=CC=CC5=CC=C(C=C2[C@@]([H])(O)[C@]1([H])O)C3=C45
D02210,[H][C@@](O)(COP(O)(=O)OP(O)(=O)OC[C@@]1([H])O[C@@]([H])([N+]2=CN=C3C2=NC=NC3=N)[C@]([H])(O)[C@]1([H])O)[C@@]([H])(O)[C@@]([H])(O)CN1C2=C(C=C(C)C(C)=C2)N(C(=O)C(C)C)C2=C1N=C(O)N=C2[O-]
D02211,NC1=C2N=CN([C@@H]3O[C@@H]4COP(O)(=O)O[C@H]4[C@H]3O)C2=NC=N1
D02212,CC1=C(SC(N)=N1)C1=NC(NC2=CC=CC(=C2)[N+]([O-])=O)=NC=C1
D02213,OC(=O)CCCCCCNC1C2=CC=CC=C2CCC2=CC=CC=C12
D02214,[H][C@]1(OC2=C(C=C(C=C2)C2=C(N)N=C(N)N=C2CC)N(CCCOC)C1=O)C1=CC(F)=CC(F)=C1
D02215,[H][C@@]12CC[C@](C)(O)[C@@]1(C)CC[C@@]1([H])[C@@]2([H])[C@@H](C)CC2=CC(=O)CC[C@]12C
D02216,NC(=O)OC1(CCCCC1)C#C
D02217,CC(C)NC[C@@H](O)COC1=CC=C(CC(N)=O)C=C1
D02218,CN1N=C(SC1=NC(C)=O)S(N)(=O)=O
D02219,FC1(F)OC2=C(O1)C=C(\C=C1/SC(=O)NC1=O)C=C2
D02220,COC1=CC=C(CCN2CCC(CC2)NC2=NC3=CC=CC=C3N2CC2=CC=C(F)C=C2)C=C1
D02221,[H][C@@]12CO[P@@](O)(=S)O[C@@]1([H])[C@@]([H])(O)[C@@]([H])(O2)N1C=NC2=C(N)N=CN=C12
D02222,CCCCCCCCCCCC[P+](C)(C)CC(P(O)(O)=O)P(O)(O)=O
D02223,BrC1=C2N=C(C=C(NCC3=CC=NC=C3)N2N=C1)C1=CC=CC=C1
D02224,N[C@@H](CC1=CC=CS1)C(O)=O
D02225,COC(=O)[C@@H](C)C1=CC=C(C(F)=C1)C1=CC=CC=C1
D02226,C[C@@H](O)[C@H](N)C(O)=O
D02227,O=N[Fe--](C#N)(C#N)(C#N)(C#N)C#N
D02228,COC1=CC(=O)N(C)C2=C1C=CC1=C2OCO1
D02229,[H][C@@](CC(C)C)(CC(=O)NO)C(=O)N[C@@]([H])(CC1=CC=C(OC)C=C1)C(=O)NC
D02230,[H][C@@](CO)(NC1=NC(NC2=CC=CC(Cl)=C2)=C2N=CN(C(C)C)C2=N1)C(C)C
D02231,[H][C@@](CCC(O)=O)(NC(=O)C1=CC=C(NC[C@]2([H])CNC3=C(N2C=O)C(O)=NC(=N)N3)C=C1)C(O)=O
D02232,NC1=NC2=C(N3[C@@H](COC3=O)CN2)C(=O)N1
D02233,CCCC1=NN(C)C2=C1N=C(NC2=O)C1=C(OCC)SC(=C1)S(N)(=O)=O
D02234,COC1=CC=C(C=C1)C1=CC=C(C=C1)S(=O)(=O)N[C@@H](C(C)C)P(O)(O)=O
D02235,[H][C@]1(CN[C@@]([H])(C1)C(=O)N1CCC(F)(F)C1)N1CCN(CC1)C1=NC=CC=N1
D02236,[H][C@](N)(CC1=CC=C(O)C=C1)C=O
D02237,CC[N+](C)(CC)CCC[N+]1=C(C2=CC=CC=C2)C2=C(C=CC(N)=C2)C2=C1C=C(N)C=C2
D02238,O=C(NC1=CC=C(OC2=CC=CC=C2)C=C1)C1=C(NCC2=CC=NC=C2)N=CC=C1
D02239,[H][C@@]1(CO)COB(O1)C1=CC=C(CNC(N)=N)C=C1
D02240,CC1=CC2=C(C=C1C)N(C[C@H](O)[C@H](O)[C@H](O)CO[P@](O)(=O)O[P@@](O)(=O)OC[C@H]1O[C@H]([C@H](O)[C@@H]1O)N1C=NC3=C1N=CN=C3N)C1=NC(=O)NC(=O)C1=N2
D02241,N#CC1=NC=CC(=C1)C1=NNC(=N1)C1=CC=NC=C1
D02242,ONC(=O)C1(CS(=O)(=O)C2=CC=C(OC3=CC=C(Cl)C=C3)C=C2)CCOCC1
D02243,OC1=CC=C(C=C1)C1=C(Br)C2=C(C=C(O)C=C2)C1=O
D02244,CC1=CC=CC=C1N1CCN(CCC2=NN=C3CCCCN23)CC1
D02245,[H][C@](O)(NC1=CC(=C(C=C1)C#N)C(F)(F)F)[C@@](C)(O)COC1=CC=C(C=C1)[N+]([O-])=O
D02246,CC(C)(SC1=CC(=C(O)C(=C1)C(C)(C)C)C(C)(C)C)SC1=CC(=C(O)C(=C1)C(C)(C)C)C(C)(C)C
D02247,[H][C@@](O)(CCCCCCCCCCC)CC(O)=O
D02248,CC1=C(CCC(O)=O)/C2=C/C3=N/C(=C\C4=C(C)C(CCC(O)=O)=C(N4)/C=C4\N=C(\C=C\1/N\2)C(CCC(O)=O)=C4C)/C(CCC(O)=O)=C3C
D02249,[H][C@](CCC(O)=O)(CCC1=CC=CC=C1)N=C(O)CCCCCCC1=CC=CC=C1
D02250,[H]N[C@@H](CCCCN)C(=O)N[C@H]1CSSC[C@H](NC(=O)[C@@]([H])(NC(=O)[C@H](C)NC(=O)[C@@]([H])(NC(=O)[C@H](CC(N)=O)NC1=O)[C@@H](C)O)[C@@H](C)O)C(=O)N[C@@H](C)C(=O)N[C@@]([H])([C@@H](C)O)C(=O)N[C@@H](CCC(N)=O)C(=O)N[C@@H](CCCNC(N)=N)C(=O)N[C@@H](CC(C)C)C(=O)N[C@@H](C)C(=O)N[C@@H](CC(N)=O)C(=O)N[C@@H](CC1=CC=CC=C1)C(=O)N[C@@H](CC(C)C)C(=O)N[C@@H](C(C)C)C(=O)N[C@@H](CC1=CN=CN1)C(=O)N[C@@H](CO)C(=O)N[C@@H](CO)C(=O)N[C@@H](CC(N)=O)C(=O)N[C@@H](CC(N)=O)C(=O)N[C@@H](CC1=CC=CC=C1)C(=O)NCC(=O)N1CCC[C@H]1C(=O)N[C@@]([H])([C@@H](C)CC)C(=O)N[C@@H](CC(C)C)C(=O)N1CCC[C@H]1C(=O)N1CCC[C@H]1C(=O)N[C@@]([H])([C@@H](C)O)C(=O)N[C@@H](CC(N)=O)C(=O)N[C@@H](C(C)C)C(=O)NCC(=O)N[C@@H](CO)C(=O)N[C@@H](CC(N)=O)C(=O)N[C@@]([H])([C@@H](C)O)C(=O)N[C@@H](CC1=CC=C(O)C=C1)C(N)=O
D02251,COC1=CC2=C(C=C1)C=C(C=C2)[C@H](C)C(O)=O
D02252,NS(=O)(=O)C1=C(Cl)C=C2NC(NS(=O)(=O)C2=C1)C(Cl)Cl
D02253,[H][C@]1(CCC2=CC=C(O)C=C12)NCC#C
D02254,CCC(=O)N(C1CCN(CCC2=CC=CC=C2)CC1)C1=CC=CC=C1
D02255,C(CN1CCNCC1)NC1=C2C(OC(=C2C2=CC=CC=C2)C2=CC=CC=C2)=NC=N1
D02256,BrC1=CC=CC(NC2=C3C=C(NC(=O)C=C)C=CC3=NC=N2)=C1
D02257,NC1=NC(=O)C2=C(N1)N=CN2
D02258,[H][C@]1(CCCN1C(=O)CNC1CCCCCCC1)C(=O)NCC1=CC=C(C=C1)C(N)=N
D02259,[H][C@](O)(CC1=CNC2=C1C=CC=C2)C(O)=O
D02260,ClC1=C(N2CCN(CC#C)CC2)C(NC(=O)C2=CC=C(Br)O2)=CC=C1
D02261,OC1=C([C@H]2CC[C@@H](CC2)C2=CC=C(Cl)C=C2)C(=O)C2=CC=CC=C2C1=O
D02262,COC(=O)C1=C(C)C=C(OC2=C(O)C(O)=CC(C)=C2)C=C1O
D02263,CN1C(=O)C(C)=CC(C(=O)NOCCO)=C1NC1=CC=C(I)C=C1F
D02264,C[C@H](N)C(O)=O
D02265,CC(S)C1=C2C=C3C(C)=C(C(C)S)C4=[N+]3[Fe--]35N6C(=C4)C(C)=C(CCC(O)=O)C6=CC4=[N+]3C(=CC(N25)=C1C)C(C)=C4CCC(O)=O
D02266,CC(C)C(=O)[C@@]12C(O)=C(CC=C(C)C)C(=O)[C@@](CC=C(C)C)(C[C@H](CC=C(C)C)[C@@]1(C)CCC=C(C)C)C2=O
D02267,[H][C@]1(OC2=C(S[C@]1([H])C1=CC=C(O)C=C1)C=C(O)C=C2)C1=CC=C(OCCN2CCCCC2)C=C1
D02268,[H][C@@]12CCC(=O)[C@@]1(C)CC[C@@]1([H])[C@@]2([H])CCC2=CC(=O)CC[C@]12C
D02269,CC(C)(C)NCC(O)C1=CC(O)=CC(O)=C1
D02270,[H][C@@]1(C)C[N@@]1C1=CC(=O)C2=C(C(CO)=C(N2C)C2=CC=CC=C2)C1=O
D02271,[Na+].CCCCC(CC)CCC(CC(C)C)OS([O-])(=O)=O
D02272,[H][C@]12SCC(CSC3=NN=C(C)S3)=C(N1C(=O)[C@H]2NC(=O)CN1C=NN=N1)C(O)=O
D02273,[H][C@@]1(CC2=C(CN1S(=O)(=O)C1=CC=C(C=C1)C1=CC=CC=C1)C=CC=C2)C(O)=O
D02274,[H][C@](C)(COC1=CC=C(C=C1)[C@]1([H])OC2=C(S[C@]1([H])C1=CC=C(O)C=C1)C=C(O)C=C2)N1CCCC1
D02275,S(SC1=CC=NC=C1)C1=CC=NC=C1
D02276,CC(C)C1=CC(OC2=C(Br)C=C(NC(=O)CC(O)=O)C=C2Br)=CC=C1O
D02277,CCOC(=O)C=C(C)C=CC=C(C)C=CC1=C(C)C(C)=C(OC)C=C1C
D02278,CN1C2=C(N(CC3=CC=CC=C3)C(=N2)N2CC[NH2+]CC2)C(=O)N(C)C1=O
D02279,CS(=O)(=O)OCCCCOS(C)(=O)=O
D02280,CCCCCCCCCCCCCCCC=O
D02281,CC(C)(C)C1=CC=C(SC2=CC=CC3=C2C(N)=NC(N)=N3)C=C1
D02282,OC(=O)C1CCN(CC1)C1=C(NC(=O)NC(=O)C2=CC(F)=C(F)C=C2Cl)C=C(F)C=C1
D02283,[H][C@@]1(C[C@@]11C[C@]([H])(NC1=O)C1=CC=C(OCC2=CC(=NC3=C2C=CC=C3)C2=CC=CC=C2)C=C1)C(O)=O
D02284,[NH3+]CC1=CC=C(F)C=C1
D02285,CCCCCCCCCCCCCC(O)=O
D02286,[H][C@@]12OC3=C(O)C=CC4=C3[C@@]11CCN(CC3CC3)[C@]([H])(C4)[C@]1(O)CCC2=O
D02287,N[C@@H](CC1=CC(O)=C(O)C=C1)C(O)=O
D02288,[H]\C(CN=C(O)C1=C(O)C(O)=CC(=C1)N(=O)=O)=C(\[H])[C@@]1([H])O[C@@]([H])(N2C=NC3=C(N)N=CN=C23)[C@]([H])(O)[C@]1([H])O
D02289,C(OC1=CC=C(C=C1)C1=NNC=C1C1=CC=NC=C1)C1=CC=C2C=CC=CC2=N1
D02290,O=C(CC1=CC=C(C=C1)N1CCCCC1)NC1=NNC2=C1C=C(C=C2)N1CCCS1(=O)=O
D02291,COCCOCCOC
D02292,C[N+]1(C)CCC(C1)OC(=O)C(O)(C1CCCC1)C1=CC=CC=C1
D02293,CCN[C@H]1CN(CCCOC)S(=O)(=O)C2=C1C=C(S2)S(N)(=O)=O
D02294,CC(C)(C)N1[NH+]=C(C2=C1N=CN=C2N)C1=CC=C(Cl)C=C1
D02295,[H]N([H])C(=O)[C@H](CC1=CN([H])C2=CC=CC=C12)N([H])C(=O)[C@H](CCCC1=CC=CC=C1)CP(O)(=O)[C@@H](CC1=CC=CC=C1)N([H])C(=O)OCC1=CC=CC=C1
D02296,CC(C(O)C1=CC=C(O)C=C1)N1CCC(CC2=CC=CC=C2)CC1
D02297,[H][C@@]1(COC2=CC=C3CCNCC3=C2)COC2=C(SC=C2)C(N)=N1
D02298,OCCCCCCCCCCCC(O)=O
D02299,[H][C@]1(C)CNC2=C(C1)C=CC=C2S(=O)=O
D02300,CC(C)C(=O)C1=C2C=CC=CN2N=C1C(C)C
D02301,COC1=C2C(NC=C2C2=NC(N)=NC=C2)=NC=C1
D02302,C(NC1=CC=CC=C1)C1=CC=CN=C1
D02303,[H][C@](O)(CCCCC)\C=C\[C@@]1([H])C(=O)C[C@]([H])(O)[C@]1([H])C\C=C/CCCC(O)=O
D02304,COC1=CC2=C(C=C1)N(CC1=CC=CC=C1)C(C)=C2CC(O)=O
D02305,OC1=CC=C(NC2=NC(OCC3CCCCC3)=C3N=CNC3=N2)C=C1
D02306,CC1=CC=CC=C1C1=NN=CC2=C1C=CC(=C2)C1=C(C)C=CC(=C1)C(=O)NC1CC1
D02307,[H][C@@]12CCC(=O)[C@@]1(C)CC[C@@]1([H])[C@@]2([H])CC[C@@]2([H])CC(=O)CC[C@]12C
D02308,NC1=CC=C2C(=O)NC(=O)C3=CC=CC1=C23
D02309,[H][C@]12CN([C@H](C(=O)NC(CC3CCC3)C(=O)C(N)=O)[C@@]1([H])C2(C)C)C(=O)[C@@H](NC(=O)NC(C)(C)C)C(C)(C)C
D02310,O[C@H]1O[C@H](COP(O)(O)=O)[C@@H](O)[C@H](O)[C@H]1O
D02311,[H][C@@](CC1=CC(=C(OCC(O)=O)C=C1)P(O)(O)=O)(N=C(C)O)C(O)=N[C@@]1([H])CCCCN(CC2=CC=C(C=C2)C2=CC=CC=C2)C1=O
D02312,O=C(CCNNC(=O)C1=CC=NC=C1)NCC1=CC=CC=C1
D02313,CC(C)N1N=C(C2=C1N=CN=C2N)C1=CC=CC(O)=C1
D02314,[H][C@@]12CC[C@@](OC(C)=O)(C#C)[C@@]1(C)CC[C@]1([H])[C@@]3([H])CC[C@H](OC(C)=O)C=C3CC[C@@]21[H]
D02315,[H][C@]1(N(CCC2=CC(O)=C(OC)C=C12)S(=O)(=O)C1=CC=C(OC)C=C1)C(=O)NO
D02316,CO[C@@H]1[C@@H](CC[C@]2(CO2)[C@H]1[C@@]1(C)O[C@@H]1CC=C(C)C)OC(=O)\C=C\C=C\C=C\C=C\C(O)=O
D02317,CC1=CN([C@H]2C[C@H](O)[C@@H](CO)O2)C(=O)NC1=O
D02318,[H][C@@]1(CN)CNC2=C(SC3=C2C=C(OC)C=C3)C(=O)N1
D02319,CC1=C(C=C)C2=CC3=[N+]4C(=CC5=C(C)C(CCC(O)=O)=C6N5[Fe]44N2C1=CC1=[N+]4C(C(CCC(O)=O)=C1C)=C6C1=CC=CC=C1)C(C=C)=C3C
D02320,CCC[C@]1(C)SC(NC2CCCCCCC2)=NC1=O
D02321,[H][C@]1(COP(O)(=O)OP(O)(O)=O)O[C@@]([H])(N2C=NC3=C2NC(=N)N=C3O)[C@]([H])(O)[C@]1([H])OP(O)(O)=O
D02322,C[C@](N)(CC1=CC=C(O)C=C1)C(O)=O
D02323,SCCCC(=O)NC1CCN(CC2=CC=CC=C2)CC1
D02324,O\N=C1\C(=O)N(CC2=C3OCOCC3=CC(F)=C2)C2=CC=C(F)C=C12
D02325,[H][C@@]12OC3=C(OC)C=CC4=C3[C@@]11CCN(C)[C@]([H])(C4)[C@]1([H])CC[C@@H]2O
D02326,CCCNC(=[NH2+])NCCC[C@H](N)C(O)=O
D02327,NC(=O)C1=CC=CC2=NC=C(N=C12)C1=CC=C(Cl)C=C1
D02328,C(CCCCNC1=C2CCCCC2=NC2=CC=CC=C12)CCCNC1=CC=NC2=CC=CC=C12
D02329,[H][C@](C)(NC(=O)CC1=[N+]([O-])C(NCC(F)(F)C2=[N+]([O-])C=CC=C2)=CC=C1Cl)C1=CC=CC(Cl)=C1
D02330,CC(C)COCC(CN(CC1=CC=CC=C1)C1=CC=CC=C1)N1CCCC1
D02331,O=C(N1CCOCC1)C1=CC2=NON=C2C=C1
D02332,COC1=C(OC)C=C2C(N)=NC(=NC2=C1)N1CCN(CC1)C(=O)C1COC2=CC=CC=C2O1
D02333,C[C@@H](NC(=O)[C@H](CCC[C@@H](N)C(O)=O)NC(=O)CC[C@@H](NC(=O)[C@H](C)NC(=O)[C@@H](C)O[C@@H]1[C@@H](NC(C)=O)[C@@H]2OC[C@@H](O2)[C@H]1O[C@@H]1O[C@H](CO)[C@@H](O)[C@H](O)[C@H]1NC(C)=O)C(O)=O)C(O)=O
D02334,[H][C@](C)(CC)[C@]([H])(NC(=O)[C@@]1([H])O[C@]1([H])C(=O)NCC1=CC=CC=C1)C(=O)N1CCC[C@@]1([H])C(O)=O
D02335,NCCCCNCCCN
D02336,NCC1(CC(O)=O)CCCCC1
D02337,CC(CC1=CC=C(O)C=C1)NCC(O)C1=CC(O)=CC(O)=C1
D02338,[H][C@@]12N3CC[C@@]11C4=C(C=C(OC)C(=C4)[C@]4(C[C@@H]5C[N@@](C[C@](O)(CC)C5)CCC5=C4NC4=CC=CC=C54)C(=O)OC)N(C)[C@@]1([H])[C@](O)([C@H](O)[C@]2(CC)C=CC3)C(N)=O
D02339,NC1=NC=NC2=C1N=CN2[C@@H]1O[C@H](COP(O)(=O)OS(O)(=O)=O)[C@@H](OP(O)(O)=O)[C@H]1O
D02340,CCS(=O)(=O)CCN1C(C)=NC=C1[N+]([O-])=O
D02341,CCCC1=C(OCCCOC2=CC3=C(C=C2)N(CC(O)=O)C=C3)C=CC2=C1C=CC(=C2)C(=O)C1=CC=CC=C1
D02342,CCCCN1C(CC2=CC3=C(OCO3)C=C2)=NC2=C(N)N=CN=C12
D02343,[H][C@@]12C[C@]1([H])[C@@]1(C)C(=CC2=O)C(Cl)=C[C@@]2([H])[C@]3([H])CC[C@](OC(C)=O)(C(C)=O)[C@@]3(C)CC[C@]12[H]
D02344,[H][C@](O)([C@@]1([H])CCCC=C1)[C@]1(NC(=O)[C@]2([H])CCO[C@]12C)C=O
D02345,CCCN1C2=C(NC=N2)C(=O)NC1=O
D02346,[H][C@]1(COC(=O)CP(O)(O)=O)O[C@@]([H])(N2C=NC3=C(N)N=CN=C23)[C@]([H])(O)[C@]1([H])O
D02347,NC1=C(CC(O)=O)C=CC=C1C(=O)C1=CC=C(Br)C=C1
D02348,OC[C@H]1O[C@H](OP(O)(=O)OP(O)(=O)OC[C@H]2O[C@H]([C@H](O)[C@@H]2O)N2C=CC(=O)NC2=O)[C@H](O)[C@@H](O)[C@@H]1O
D02349,COC1=CC=C2N(C(=O)C3=CC=C(I)C=C3)C(C)=C(CC(O)=O)C2=C1
D02350,CC1=C(NC(=O)NC(=O)C2=CC=C(Cl)C=C2Cl)C=CC=C1OCCCCC(O)=O
D02351,CCCCN1C2=C(NC(CC3=CC=C(NC(C)=O)C=C3)=N2)C(=O)N(CC=C)C1=O
D02352,ONC(=O)\C=C\C(\C)=C\[C@](C)([H])C(=O)C1=CC=C(N(C)C)C=C1
D02353,[H][C@]1(CCC[C@@]1([H])N(C)C)NC1=NC(NC2=CC=C(C=C2)S(=O)(=O)NC)=NC=C1C(F)(F)F
D02354,NCCCCCC(O)=O
D02355,O[C@H](COP(O)(O)=O)[C@H](O)[C@H](O)[C@@H](O)C=O
D02356,COC1=CC=CC(C=O)=C1OP(O)(O)=O
D02357,[H][C@@]12OC3=C(OC)C=CC4=C3[C@@]11CCN(C)[C@]([H])(C4)[C@]1([H])CCC2=O
D02358,CC1=CN([C@@H]2O[C@H](CO[P@@](O)(=O)O[P@](O)(=O)OP(O)(O)=O)C=C2)C(=O)NC1=O
D02359,[H][C@@](C)(CC[C@]([H])(N)[C@]([H])(C)C(O)=O)C[C@]([H])(C)[C@]([H])(CC1=CC=CC=C1)OC
D02360,CCOC1=CC=CC=C1SC1=C(C=C(C=C1)C1=CC(=NC=C1)N1CCN(CC1)C(C)=O)N(=O)=O
D02361,CC1=CC=C(C=C1)C(=O)C1=CC(=C(O)C(O)=C1)[N+]([O-])=O
D02362,NC(=[NH2+])C1=CC=C2NC(=NC2=C1)C1=CC=CC(OC2CCCC2)=C1[O-]
D02363,NS(=O)(=O)C1=C(Cl)C=C(NCC2=CC=CO2)C(=C1)C(O)=O
D02364,[H][C@@](CC(C)C)(NC(=O)C1=CC=CO1)C(=O)N[C@@]([H])(CC1=CNC2=C1C=CC=C2)P(O)(O)=O
D02365,CN1N(C(=O)C=C1C)C1=CC=CC=C1
D02366,[H][C@]1(C)CC2=CC=CC=C2N1NC(=O)C1=CC=C(Cl)C(=C1)S(N)(=O)=O
D02367,OC[C@H]1OC(=O)[C@H](O)[C@@H](O)[C@@H]1O
D02368,[H][C@@](CCCC)(CO[P@](O)(=O)OCCO)NC(=O)CCCCCCCCCCC
D02369,CC1=CC=C(NC2=CC(=NC=N2)C2=CC=CC=C2)C=C1NS(C)(=O)=O
D02370,NC(=[NH2+])NCCCOB1OCCO1
D02371,C[N+](C)(C)C1=CC=CC(=C1)C(O)(O)C(F)(F)F
D02372,[H][C@]12C[C@@H](OC(=O)C=CC3=CC(OC)=C(OC)C(OC)=C3)[C@H](OC)[C@@H](C(=O)OC)[C@@]1([H])C[C@@]1([H])N(CCC3=C1NC1=C3C=CC(OC)=C1)C2
D02373,CCCCN1C(CC2=CC=CC(OC)=C2)=NC2=C(N)N=CN=C12
D02374,NC(=N)N1CCC2=CC=CC=C2C1
D02375,CCC1=NN(CCCN2CCN(CC2)C2=CC(Cl)=CC=C2)C(=O)N1CCOC1=CC=CC=C1
D02376,OC1=C2C=CC=C(C2=CC=N1)S(=O)(=O)N1CCCNCC1
D02377,CN(C)CC(=O)NC1=CC2=C(NC(=O)C3=CC=CC=C23)C=C1
D02378,O=C(CCCC1=CC=CC=C1)OCC(COC(=O)CCCC1=CC=CC=C1)OC(=O)CCCC1=CC=CC=C1
D02379,[H][C@]12[C@H](OC(=O)C3=CC=CC=C3)[C@]3(O)C[C@H](OC(=O)[C@H](O)[C@@H](NC(=O)C4=CC=CC=C4)C4=CC=CC=C4)C(C)=C([C@@H](OC(C)=O)C(=O)[C@]1(C)[C@@H](O)C[C@H]1OC[C@@]21OC(C)=O)C3(C)C
D02380,NC(=[NH2+])C1=CC2=C(S1)N=CC=C2
D02381,ClC1=CC=CC(NC2=NC(OCC3CCCCC3)=C3NC=NC3=N2)=C1
D02382,COC1=C(O)C=CC(CNC(=O)CCCC\C=C\C(C)C)=C1
D02383,[H][C@](CO)(CCN1C=CC2=C1C=C(NC(=O)CCC1=CC=CC=C1)C=C2)N1C=NC(=C1)C(N)=O
D02384,NC1=CC(=CNC1=O)C1=CC=NC=C1
D02385,CC(C(O)=O)C1=CC=C(C=C1)C(=O)C1=CC=CS1
D02386,OC1=CC=C(C=C1)N1N=C2C=CC(O)=CC2=C1Cl
D02387,COC1=C(C=C(C=C1)C1=CC2=C(C=C1)C=C(C=C2)C(O)=O)C12CC3CC(CC(C3)C1)C2
D02388,[H][C@]1(C)O[C@]([H])(O)[C@]([H])(O)[C@@]([H])(O)[C@]1([H])N
D02389,NC1=CC(=NC(N)=[N+]1[O-])N1CCCCC1
D02390,CC(C)COC1=CC=C(CNC(=O)N(CC2=CC=C(F)C=C2)C2CCN(C)CC2)C=C1
D02391,[H][C@@](O)(CC(=O)CCCCC(O)=O)\C=C/C\C=C/CCCCC
D02392,OC1=CC(O)=C2C(CC(=O)CCC\C=C\CCOC2=O)=C1Cl
D02393,CCN1C=C(C(O)=O)C(=O)C2=CC(F)=C(C=C12)N1CCN(C)CC1
D02394,[H][C@@]12CCCN1C(=O)[C@H](CC(C)C)NC(=O)[C@@H](C)C(=O)[C@@H](OC(=O)C[C@H](O)[C@]([H])(NC(=O)[C@@H](NC(=O)[C@@H](CC(C)C)N(C)C(=O)[C@@H]1CCCN1C(=O)C(C)=O)[C@@H](C)OC(=O)[C@H](CC1=CC=C(OC)C=C1)N(C)C2=O)[C@@H](C)CC)C(C)C
D02395,CN(C)C1=CC=C(C=C1)[C@H]1C[C@@]2(C)[C@@H](CC[C@]2(O)C(C)=O)[C@@H]2CCC3=CC(=O)CCC3=C12
D02396,CC1=CC=C2C(=C1)N=C1N(CC[C@@]1(O)C2=O)C1=CC=CC=C1
D02397,CN1C=C(\C=C\C(C)=O)C2=CC=CC=C12
D02398,CN(C)CCOC(C)(C1=CC=CC=C1)C1=CC=CC=N1
D02399,[H][C@](C)(C1=CC=CN1)C1=C2C=C(O)C=CC2=NC1=O
D02400,[H][C@]1(C=C(CN1C(=O)N(C)C1CCNCC1)C1=CC(F)=CC=C1F)C1=CC=CC=C1
D02401,CN1C=NC2=C1N=C(NCCO)N=C2NCC1=CC=CC=C1
D02402,CC(C)[C@@H](C)\C=C\[C@@H](C)[C@@]1([H])CC[C@@]2([H])\C(CCC[C@]12C)=C\C=C1/C[C@@H](O)CC[C@@H]1C
D02403,C[C@](O)(COC1=CC=C(F)C=C1)C(=O)NC1=CC(=C(C=C1)[N+]([O-])=O)C(F)(F)F
D02404,NC1=NC=NC2=C1N=CN2[C@@H]1C=C[C@H](O)[C@H]1O
D02405,COC1=CC=CC(=C1)[C@@]1(O)CCCC[C@@H]1CN(C)C
D02406,C[N+](C)(C)CCOC(=O)CCC(=O)OCC[N+](C)(C)C
D02407,N#CC1=C2N=C(NC3=CC=CC=C3)N=C(NCCC3=CN=CN3)N2N=C1
D02408,CN(C)S(=O)(=O)N1CCN(CC1)C1=CC=NC(CO)=N1
D02409,CCCCOC1=CC=C(C=C1)C(=O)CCN1CCCCC1
D02410,N[C@@H](CC1=CONC1=O)C(O)=O
D02411,CC\C=C/C\C=C/C\C=C/CCCCCCCC(O)=O
D02412,NC(=N)C1=CC=C(OCCCCCOC2=CC=C(C=C2)C(N)=N)C=C1
D02413,NC1=NC2=C(N=CN2[C@H]2C[C@H](O)[C@@H](COP(O)(=O)OP(O)(O)=O)O2)C(=O)N1
D02414,NC1=CC2=C(C=C1)C1=CC=C(N)C=C1C(C1=CC=CC=C1)=[N+]2CCCCCCC1=CN=NN1CCNC1=C2CCCCC2=NC2=C1C=CC=C2
D02415,[H][C@@](CC)(CNC(=O)C1=CC=C(C=C1)S(N)(=O)=O)C1=CC2=C(NC=C2)C=C1
D02416,CCNC(=O)C1=NOC(=C1C1=CC=C(CN2CCOCC2)C=C1)C1=C(O)C=C(O)C(Cl)=C1
D02417,FC1=CC=CC=C1C1=NC2=CC=NN2C(NCC2=CC=NC=C2)=C1
D02418,CO[C@@H]1O[C@@H]2CO[C@](C)(O[C@@H]2[C@H](O)[C@H]1O)C(O)=O
D02419,CC[N+]1=C(C)C(C(=O)OC(C)C)=C(C2=CC=CC=C2Cl)C(C(O)=O)=C1C(O)=O
D02420,OC1CCCCC1
D02421,NC(=O)N\N=C\C1=CC=C(O1)[N+]([O-])=O
D02422,ClC1=CC=C(\C=C\S(=O)(=O)N2CCN(CC3CCN(CC3)C3=CC=NC=C3)CC2)C=C1
D02423,[H][C@]1(COP(O)(O)=O)O[C@@]([H])(N2C=NC3=CN=CN=C23)[C@]([H])(O)[C@]1([H])O
D02424,COC(=O)C[C@@H]1C[C@@H](COC2=CC=C(C=C2)C2=CC=C(C=C2)C(\N)=N\C(=O)OC)NC1=O
D02425,CN1C=C(CCO)C2=C1C=C(C1=C2C(=O)NC1=O)C1=CC=CC=C1Cl
D02426,OCCS
D02427,[H]N(C)C1=C(Br)C=C(C(=O)N([H])[C@@H]2CN(C)CCN(CC)C2)C(OC)=C1
D02428,CCS\C(CC1=CC=CC=C1)=N/OS(O)(=O)=O
D02429,CC(C)(C)NS(=O)(=O)C1=CC=C(C=C1)C1=CN=C2C=CC=C(NC3=CC=CC=N3)C2=C1
D02430,[H][C@]1(O)[C@@]([H])(O)[C@@]([H])(CO)O[C@@]([H])(OCCCCCCCCC(=O)OC)[C@]1([H])O
D02431,[H][C@]1(CC[C@H](Cl)[C@@H](C1)OC)\C=C(/C)[C@@]1([H])OC(=O)[C@]2([H])CCCCN2C(=O)C(=O)[C@]2(O)O[C@@]([H])([C@H](C[C@H]2C)OC)[C@H](C[C@@H](C)C\C(C)=C\[C@@H](CC)C(=O)C[C@H](O)[C@H]1C)OC
D02432,O[C@H]1[C@@H](O)[C@@H](O[C@@H]1COP(O)(=O)OP(O)(=O)OP(O)(O)=O)N1C=CC(=O)NC1=O
D02433,[H][C@@](C)(NC1=NC(=O)[C@](C)(S1)C(F)(F)F)C1=C(F)C=CC=C1
D02434,[H][C@]1(CCC2=CC=C(C=C2N1CCCOC)C1=C(N)N=C(N)N=C1CC)C1=CC=CC=C1
D02435,OC(=O)CCC1=CNC2=CC=CC=C12
D02436,C=C1\C(=C/C=C2\CCC[C@]3(C)[C@]([H])(CC[C@@]23[H])C#CC#CC(C)(O)C)C[C@](O)([H])C[C@@]1(O)[H]
D02437,NS(=O)(=O)C1=CC2=C(C=C1Cl)N=C(CSCC1=CC=CC=C1)NS2(=O)=O
D02438,NS(=O)(=O)C1=CC2=C(S1)S(=O)(=O)N(C(CN1CCOCC1)=C2)C1=CC(O)=CC=C1
D02439,NCCNC1=NN=C(O1)C1=C(NC2=CC=C(I)C=C2F)C(F)=C(F)C=C1
D02440,[H][C@](N)(CCC(O)=N[C@@]([H])(CSCC1=CC=C(C=C1)N(=O)=O)C(O)=NCC(O)=O)C(O)=O
D02441,[H][C@]12O[C@]([H])(C(C(=O)OC)=C1C(=O)OC)C(=C2C1=CC=C(O)C=C1)C1=CC=C(O)C=C1
D02442,[H][C@](N)(CCC(O)=N[C@@]([H])(CSCC1=CC=CC=C1)C(O)=NCC(O)=O)C(O)=O
D02443,CC(C)C[C@H](NC(=O)[C@@H](COC(C)(C)C)NC(=O)[C@H](CC1=CC=C(O)C=C1)NC(=O)[C@H](CO)NC(=O)[C@H](CC1=CNC2=CC=CC=C12)NC(=O)[C@H](CC1=CN=CN1)NC(=O)[C@@H]1CCC(=O)N1)C(=O)N[C@@H](CCCN=C(N)N)C(=O)N1CCC[C@H]1C(=O)NNC(N)=O
D02444,CCCN(CCC)S(=O)(=O)C1=CC=C(C=C1)C(O)=O
D02445,[H][C@](CCC1=CC(OC)=C(OC)C=C1)(OC(=O)[C@]1([H])CCCCN1C(=O)[C@@]([H])(CC)C1=CC(OC)=C(OC)C(OC)=C1)C1=CC(OCC(O)=O)=CC=C1
D02446,CN(C)C1=CCC2=C(C3=CC=C(C=C3OC2=C1)N(C)C)C1=CC=C(C=C1C(O)=O)N1C(=O)C=CC1=O
D02447,COC1=CC(\C=C/C2=C(C)C3=C(N)N=C(N)N=C3N=C2)=C(OC)C=C1
D02448,CC1=CN([C@H]2C[C@H](O)[C@@H](COP(O)(=O)OP(O)(O)=O)O2)C(=O)NC1=O
D02449,OS(=O)(=O)CCCN1CCOCC1
D02450,CSCC[C@@H](N)C(O)=O
D02451,C(C(C1CCCCC1)C1CCCCC1)C1CCCCN1
D02452,[H][C@]1(COP(O)(=O)OP(O)(=O)NP(O)(O)=O)O[C@@]([H])(N2C=NC3=C2NC(=N)N=C3O)[C@]([H])(O)[C@]1([H])O
D02453,O=C(NCCCC1=CC=CC=C1)NC1CCCCC1
D02454,[H][C@@]1(CN(C(=O)NC2=CC=C(Cl)C=C2)[C@]([H])(C1)C(=O)NC1=CC=C(C=C1F)N1C=CC=CC1=O)OC
D02455,CCN1CCCC1CNC(=O)C1=CC(=C(N)C=C1OC)S(=O)(=O)CC
D02456,[H][C@@](CCCC)(NC(=O)OCC1(CC2=CC=C(F)C=C2)CCC1)C(=O)C(=O)NC1=CC=NN1
D02457,[H][C@@]12C[C@@]3([H])C(=C(O)[C@]1(O)C(=O)C(C(N)=O)=C(O)[C@H]2N(C)C)C(=O)C1=C(O)C=CC=C1[C@@]3(C)O
D02458,[H][C@@]1(C)CCN(CCN1C(=O)C1=C(C=CC(C)=C1)N1N=CC=N1)C1=NC2=C(O1)C=CC(Cl)=C2
D02459,N[C@@H](CN1C2=C(CCC2)C(=O)NC1=O)C(O)=O
D02460,CC[C@]1(O)C[C@@H]2CN(C1)CCC1=C(NC3=CC=CC=C13)[C@@](C2)(C(=O)OC)C1=C(OC)C=C2N(C=O)[C@@H]3[C@]4(CCN5CC=C[C@](CC)([C@@H]45)[C@@H](OC(C)=O)[C@]3(O)C(=O)OC)C2=C1
D02461,[H]\C(\C(\[H])=C1/CCC[C@@]2(C)[C@@]1([H])CC[C@]2([H])[C@@]([H])(C)OCCCC(O)(CC)CC)=C1/C[C@@]([H])(O)C[C@]([H])(O)C1=C
D02462,CCCCC[C@H](O)\C=C\[C@H]1[C@H](O)CC(=O)[C@@H]1CCCCCCC(O)=O
D02463,CC(=O)N[C@@H](CC1=CC=C(OP(O)(O)=O)C(C=O)=C1)C(=O)N[C@H]1CCCCN(CC2=CC=C(C=C2)C2=CC=CC=C2)C1=O
D02464,[H][C@](N)(CC1=CC=C(O)C=C1)C(N)=O
D02465,NC1=CN=CC(Cl)=N1
D02466,COC1=CC(OC)=CC(NC(=N)NC(N)=N)=C1
D02467,NC(=O)C1=CC2=CC(=CC=C2O1)N1CCN(CCCCC2=CNC3=C2C=C(C=C3)C#N)CC1
D02468,[H][C@]1(CO)O[C@@]([H])(N2C=CC(O)=NC2=O)[C@]([H])(OP(O)(=O)OC[C@@]2([H])O[C@@]([H])(N3C=NC4=C3NC(=N)N=C4O)[C@]([H])(O)[C@]2([H])O)[C@]1([H])O
D02469,CC(=O)NO
D02470,OC(=O)C1=CC2=C(C=C1)C=C(C=C2)C(F)(F)P(O)(O)=O
D02471,[H][C@]1(COP(O)(=O)CP(O)(=O)OP(O)(O)=O)O[C@@]([H])(N2C=NC3=C(N)N=CN=C23)[C@]([H])(O)[C@]1([H])O
D02472,CC(C)(C)C1=CC(SC(C)(C)SC2=CC(=C(OC(=O)CCC(O)=O)C(=C2)C(C)(C)C)C(C)(C)C)=CC(=C1O)C(C)(C)C
D02473,CC1=CC=C(C=C1)C12CC1CNC2
D02474,CC(=O)OCC(=O)NCCCOC1=CC=CC(CN2CCCCC2)=C1
D02475,[H]\C(=C(\[H])C1=C(N=CN1[C@]1([H])O[C@]([H])(COP(O)(O)=O)[C@@]([H])(O)[C@@]1([H])O)C(O)=N)C(=O)N(CC1=NC2=C(NC(=N)N=C2O)C=C1)C1=CC=C(C=C1)C(=O)N[C@@]([H])(CCC(O)=O)C(O)=O
D02476,[H][C@]1(CC2=C(C1)C=C(C=C2)S(N)(=O)=O)NC(=O)C(CCC)CCC
D02477,NCC1CCN(CC2=CC3=C(NC(=C3)C3=CC4=CC=CC=C4NC3=O)C=C2)CC1
D02478,[H]N(O)C(=O)N([H])[C@H](CC1=CC=CC=C1)C(O)=O
D02479,CC1=NC=C(COP(O)(O)=O)C(CNOCC(O)=O)=C1O
D02480,[H][C@]12CC[C@]([H])(C[C@]([H])(C1)OC1C3=CC=CC=C3CCC3=C1C=CC=C3)[N+]2(C)C
D02481,ONC(=O)CCCP([O-])([O-])=O
D02482,[H][C@@]1(O)CN(CCCC2=CC=CC=C2)C[C@]([H])(CO)[C@@]1([H])O
D02483,FC1=CC=C(CC2CCNCC2)C=C1
D02484,[H][C@](N)(CCCNC(C)=N)C(O)=O
D02485,[H][C@@]12OC3=C(OC)C=CC4=C3[C@@]11CCN(C)[C@]([H])(C4)[C@]1([H])C=C[C@@H]2O
D02486,COC1=CC2=C(OC(NS(=O)(=O)C3=CC(Cl)=CC=C3Cl)=N2)C(=C1)C1=CC(N)=CC=C1
D02487,[H][C@](CC1=CC=CC=C1)(NC(=O)OCC)C(=O)N1CCC[C@@]1([H])C(=O)NNCCCCN
D02488,C1COCCO1
D02489,[H][C@@](N)(C(C1=CC=CC=C1)C1=CC=CC=C1)C(=O)N1CCC[C@@]1([H])C(=O)NCCC
D02490,[H][C@@](N)(COC1=CN=CC(\C=C\C2=CC=NC=C2)=C1)CC1=CNC2=C1C=CC=C2
D02491,COC1=CC=C2C(NC3=C2C=CN=C3C)=C1
D02492,NC[C@@H]1CCCN1
D02493,[H][C@](O)(CO)C1=CC=C(NC(=O)C2=CC3=CC(Cl)=CC=C3N2)C=C1
D02494,COC1=CC=C(C=C1)C(=O)NC1=CC=CC=C1CCC1CCCCN1C
D02495,[H][C@@](CC1=CC=C(N(C(=O)C(O)=O)C2=CC=CC=C2C(O)=O)C2=CC=CC=C12)(N=C(C)O)C(O)=NCCCCC
D02496,CC1=C(C(=O)N(C=C1)C1=CC=C2C(NCC2(C)C)=C1)C1=CC2=CN=C(N)N=C2C=C1
D02497,CC1=C(N(CC2=CC=C(OCCN3CCCCCC3)C=C2)C2=C1C=C(O)C=C2)C1=CC=C(O)C=C1
D02498,CC(C)(C)NCC(O)COC1=CC=CC2=C1C[C@H](O)[C@H](O)C2
D02499,N#CC1=C2N=C(NCC3CCCCC3)N=C(NC3=CC=CC=C3)N2N=C1
D02500,CN1C=C(C2=CC=CC=C12)C1=C(C(=O)NC1=O)C1=CN(CCCN)C2=C1C=CC=C2
D02501,CN(C)C(=O)C1=CC=C(C=C1)S(=O)(=O)C1=CC=C(NC(=O)[C@@](C)(O)C(F)(F)F)C(Cl)=C1
D02502,CN(CCO[P@@](O)(=O)OP(O)(O)=O)CC\C=C(/C)CC\C=C(/C)CCC=C(C)C
D02503,COC1=CC=C(C=C1)C(O)=O
D02504,OC(=O)C1=C(C=C(OC2=C(NC(=O)C3=CC(=CC=C3)[N+]([O-])=O)C=C(NC(=O)C3=CC(=CC=C3)[N+]([O-])=O)C=C2)C=C1)C(O)=O
D02505,FC(F)(F)C1=CC(=CC=C1)N1CCN(CCN2C(=O)NC3=CC=CC=C23)CC1
D02506,C(C1CN2CCC1CC2)N1C2=CC=CC=C2SC2=CC=CC=C12
D02507,[H][C@@]1(CCNC(=O)C2=COC=C2)NC2=C(F)C=CC(F)=C2C(N)=N1
D02508,COC1=CC(CN(C)C2=CC3=C(N=C2)N=C(N)N=C3N)=C(OC)C=C1
D02509,NC(CCC(O)=O)C=C
D02510,CN1C(=O)N(CC2=CC=C(C=C2)C(O)=O)C(=O)C2=C1C=CC(=C2)C#CCC1=CC=CC=C1
D02511,[H][C@@]12C[C@@H](C)[C@](OC(=O)C3=CC=CO3)(C(=O)SCF)[C@@]1(C)C[C@H](O)[C@@]1(F)[C@@]2([H])C[C@H](F)C2=CC(=O)C=C[C@]12C
D02512,[H]N([H])[C@H](COC1=CN=CC(=C1)C1=CC2=C(C=C1)C=NC=C2)CC1C=NC2=CC=CC=C12
D02513,[H][C@@]1(CCN(C1)C(=O)C1=CC=C(NC2=NC(C3=CN=C(C)N3C(C)C)=C(F)C=N2)C=C1)N(C)C
D02514,CN1CCN(CCN2C=NC3=C(NC4CCCCC4)N=C(N=C23)C#N)CC1
D02515,CC(C)C(=O)C(O)=O
D02516,CCC1(CCC(=O)NC1=O)C1=CC=C(N)C=C1
D02517,CN(C)CCC1=CNC2=C1C=C(O)C=C2
D02518,CCCCCCCC\C=C\CCCCCCCC(O)=O
D02519,OC(=O)C(=O)CC1=CC=CC=C1
D02520,[H][C@]1(O)CCC(C)(C)[C@]2([H])[C@]([H])(O)[C@]([H])(OC(C)=O)[C@@]3(C)O[C@](C)(CC(=O)[C@]3(O)[C@@]12C)C=C
D02521,[H][C@](NC(=O)OCC1=CC=CC=C1)(C1=CC=C(C=C1)C(N)=N)P(O)(O)=O
D02522,SC1=CC=CC=N1
D02523,COC1=CC2=C(SCCN(C2)C(=O)CCN2CCC(CC3=CC=CC=C3)CC2)C=C1
D02524,NC1=C2CCCCC2=NC2=CC=CC=C12
D02525,[H][C@](N)(CSCCC(=O)NC1=CC2=C(C=C1)N=CN=C2NC1=CC=CC=C1)C(O)=O
D02526,[H][C@@]12CC[C@](O)(C(=O)CO)[C@@]1(C)C[C@H](O)[C@@]1([H])[C@@]2([H])CCC2=CC(=O)C=C[C@]12C
D02527,CC1=NC=C(COP(O)(O)=O)C(CO)=C1O
D02528,[H]\C(=C(\C)[C@]1([H])C[C@]2([H])O[C@]2(C)CCC[C@]([H])(C)[C@]([H])(O)[C@@]([H])(C)C(=O)C(C)(C)[C@@]([H])(O)CC(=O)O1)C1=CSC(C)=N1
D02529,[H][C@@]1(COC2=CC=CC=C2)CCCN1S(=O)(=O)C1=CC2=C(C=C1)N(C)C(=O)C2=O
D02530,CCOC(=O)N1CCC(CC1)=C1C2=C(CCC3=C1N=CC=C3)C=C(Cl)C=C2
D02531,CN1[C@H]2CC[C@@H]1C[C@@H](C2)OC(=O)[C@H](CO)C1=CC=CC=C1
D02532,CCCCCCCNC=O
D02533,CN[C@H](CC(C)C)C(O)=O
D02534,CCCCCCP(O)(=O)O[C@H]1C[C@@H](C)CC[C@@H]1C(C)C
D02535,C[C@](O)(COC1=CC=C(C=C1)C#N)C(=O)NC1=CC=C(C#N)C(I)=C1
D02536,CC(CNC1CCCCC1)OC(=O)C1=CC=CC=C1
D02537,CC[C@H](CO)NC(=O)CC1=C(C)N(C(=O)C2=CC=C(Cl)C=C2)C2=CC=C(OC)C=C12
D02538,OCCCC(O)=O
D02539,COC1=NC(N)=NC2=C1N=CN2[C@@H]1O[C@H](CO)[C@@H](O)[C@@H]1O
D02540,N[C@@H](CCC(=O)N[C@@H](CSSC[C@H](NC(=O)CC[C@H](N)C(O)=O)C(=O)NCC(O)=O)C(=O)NCC(O)=O)C(O)=O
D02541,[H][C@@](CN)(C1=CC=CC=C1)C1=CC=C(Cl)C=C1
D02542,CC1=CC(\C=C\C#N)=CC(C)=C1NC1=CC=NC(NC2=CC=C(C=C2)C#N)=N1
D02543,O=C1CN(C2=CC=CC=C2)S(=O)(=O)N1
D02544,[H][C@]1(COP([O-])(=O)OP(O)(=O)OC[C@@]2([H])O[C@@]([H])([N+]3=CC=CC(=C3)C(O)=N)[C@]([H])(O)[C@]2([H])O)O[C@@]([H])(N2C(Br)=NC3=C(N)N=CN=C23)[C@]([H])(OP(O)(O)=O)[C@]1([H])O
D02545,OC(=O)C1=CC(=CC(=C1)C(O)=O)C(O)=O
D02546,[H][C@@]1(O)O[C@]([H])(CO)[C@@]([H])(O[C@]2([H])O[C@]([H])(CO)[C@@]([H])(O[C@]3([H])O[C@]([H])(CO)[C@@]([H])(O)[C@]([H])(O)[C@@]3([H])N=C(C)O)[C@]([H])(O)[C@@]2([H])N=C(C)O)[C@]([H])(O)[C@@]1([H])N=C(C)O
D02547,[H][C@]12CCCC3=C1C(=CC=C3)C(=O)N(C2)[C@@H]1CN2CCC1CC2
D02548,[H][C@@](N)(CC1CCCCC1)C(=O)N1CCC[C@@]1([H])C(=O)NCC1=CC(Cl)=CC=C1
D02549,CCN1CCC[C@H]1CNC(=O)C1=C(OC)C=CC(Br)=C1OC
D02550,[H][C@@]1(COP(O)(=O)OP(O)(=O)OP(O)(O)=O)C[C@@]([H])(O)[C@@]([H])(O1)N1C=NC2=C(N)N=CN=C12
D02551,ClC1=CC=CC(=C1)N1CCN(CC2=CN=CN2CC2=CC=C(C=C2)C#N)CC1=O
D02552,OC(=N)CCC\N=C(\C1=CC=C(Cl)C=C1)C1=C(O)C=CC(F)=C1
D02553,CN1C2=C(C=NN2C2=C(F)C=C(F)C=C2)C(NC2=C(C)C=CC(=C2)C(=O)NC2CC2)=CC1=O
D02554,COC1=CC=C(\C=C\C(=O)NC2=CC=CC=C2C(O)=O)C=C1OC
D02555,O=C(NC1=CC(=CC=C1)C1=NNC2=CC=C(C=C12)C1=NNC=N1)C1=CC=CO1
D02556,[H][C@@](C)(O)[C@]([H])(O)C1=NC2=C(NC1)NC(=N)N=C2O
D02557,[H][C@]1(CCC2=C1C=CC=C2)N(C)CC#C
D02558,CCC1(NC(=O)N(C)C1=O)C1=CC=CC=C1
D02559,N[C@@H](CS)C(O)=O
D02560,CC1=NC(C)=C(S1)C1=NC(N)=NC=C1
D02561,C\C=C\C=O
D02562,CC1=C(F)C=CC(CNC(=O)C2=CC(=NC=N2)C(=O)NCC2=CC(C)=C(F)C=C2)=C1
D02563,COC1=CC(C(O)CNC(=O)CN)=C(OC)C=C1
D02564,[H][C@](CC(O)=O)(CC1=CC=CC=C1)C(O)=O
D02565,[H][C@@]1(O)O[C@]([H])(CO)[C@@]([H])(O)[C@@]([H])(O)[C@@]1([H])N=C(C)O
D02566,CCC(C1=CC=CC=C1)C1=C(O)C2=C(OC1=O)C=CC=C2
D02567,CS(=O)(=O)C1=CC=C(CN2CCN(CC2)C2=C(NN=C2)C2=CC(Cl)=C(O)C=C2O)C=C1
D02568,CCCOC1=C(C=C(C=C1)S(=O)(=O)NCCC1CCCN1C)C1=NC(=O)C2=C(N1)C(CCC)=NN2C
D02569,CCO[C@@H]1OC(=O)C[C@@H]1NC(=O)[C@@H]1CCCN2N1C(=O)[C@H](CCC2=O)NC(=O)C1=NC=CC2=CC=CC=C12
D02570,OC(CC1=CC(=CC=C1)C1=CC=CC2=C1OC1=C2C=CC=C1)(P(O)(O)=O)P(O)(O)=O
D02571,[H][C@]12CN(C)CCN1C1=C(CC3=CC=CC=C23)C=CC=N1
D02572,CCOC(=O)N1CCC(CC1)NC1=NC=CC(C)=C1
D02573,CC(C)NCCCN1C(SC2=C(Br)C=C3OCOC3=C2)=NC2=C1N=CN=C2N
D02574,Cl.C(CNC[C@H]1COC2=CC=CC=C2O1)COC1=CC2=C(OCO2)C=C1
D02575,CCN(CC)C(C)C(=O)C1=CC=CC=C1
D02576,C[C@H]1CN(C[C@H](CC2=CC=CC=C2)C(=O)NCC(O)=O)CC[C@@]1(C)C1=CC(O)=CC=C1
D02577,CCC(=C)C(=O)C1=C(Cl)C(Cl)=C(OCC(O)=O)C=C1
D02578,[H][C@@](CC1=CC=CC=C1)(CS(=O)(=O)C(C)(C)C)C(O)=N[C@@]([H])(CC1=CN=CN1)C(O)=N[C@@]([H])(CC1CCCCC1)[C@@]([H])(O)[C@@]([H])(O)C1CC1
D02579,[H][C@@]1(CC2CCN(CC3=CC=CC=C3)CC2)CC2=CC(OC)=C(OC)C=C2C1=O
D02580,COCCOCCOCCOC1=CC=C(C=C1)C(C)(C)CC(C)(C)C
D02581,[H][C@]1(CCCN1)C1=CC(NC(=O)NC2=CC=CC3=C2[C@]2([H])CCCN2C3=O)=NN1
D02582,[H][C@@](C)(N=C(O)[C@]([H])(CCCNC(N)N)N=C(O)OCC1=CC=CC=C1)C(=O)CF
D02583,CC1=C(SC(=N)N1)C1=N\C(=N/C2=CC=C(C=C2)N2CCOCC2)N=CC1
D02584,[H][C@](CC1=CC=CC=C1)(NC(=O)C(O)=O)C(O)=O
D02585,[H]N1C=C(C[N+]2([H])C[C@H](O)[C@@H](CO)C2)C2N=CN([H])C(=O)C12
D02586,O=C[C@@]([H])(C(C)C)[C@]1([H])N(CC[C@@]1([H])NS(=O)(=O)C)C(=O)\C=C\CN1CCCCC1
D02587,[H][C@@]1(F)CN(C)CC[C@]1([H])N(C)C(=O)N1CC(=C[C@@]1(CO)C1=CC=CC=C1)C1=CC(F)=CC=C1F
D02588,[H][C@](N)(CS[As](C)C)C(O)=O
D02589,OC(=O)C1=CC(=O)NC(=O)N1
D02590,[H][C@]1(O)O[C@]([H])(CO)[C@@]([H])(O)[C@]([H])(O)[C@@]1([H])N=C(C)O
D02591,[H][C@@](CC(C)C)(NC(=S)NC1=CC=CC=C1)C(=O)N[C@]1([H])CO[C@]([H])(O)C1
D02592,NC(=N)C1=CC=C(CN2CCN(CC2=O)S(=O)(=O)C2=CC3=C(S2)C=C(Cl)C=C3)C=C1
D02593,[H][C@@]12CCCN1C(=O)C1=C(O2)C=C2OCCOC2=C1
D02594,[H][C@@](N)(CC1=CC=CC=C1)C(=O)N1CCC[C@@]1([H])C(=O)NCC1=CC(Cl)=CC=C1
D02595,[H][C@](CC([O-])=O)(C(O)=O)C1=CC(C2=NC3=C(N2)C=C(C=C3)C(N)=N)=C([O-])C(Br)=C1
D02596,NCCO[P@@](O)(=O)OC[C@@H](O)CO
D02597,CCCCCCCCCC(O)=O
D02598,ONC(=O)CP(O)(O)=O
D02599,CC(C)=CCO[P@](O)(=O)OP(O)(O)=O
D02600,CN\C(NCCSCC1=C(C)NC=N1)=N\C#N
D02601,[H][C@](CCCCC(N)=N)(C=O)[C@@]1([H])CCC[C@]1([H])O
D02602,[H][C@]12SC(C)(C)[C@@H](N1C(=O)[C@H]2NC(=O)C(C(O)=O)C1=CC=CC=C1)C(O)=O
D02603,[H][C@@]1(C)CCN(C[C@]1([H])N(C)C1=NC=NC2=C1C=CN2)C(=O)CC#N
D02604,C[C@@H]1O[C@H](C[C@H](N)[C@@H]1O)O[C@H]1C[C@@](O)(CC2=C1C(O)=C1C(=O)C3=CC=CC=C3C(=O)C1=C2O)C(C)=O
D02605,CC(C)NCC(O)COC1=CC=CC2=C1C=CN2
D02606,CCCC[C@H](NC(=O)[C@H](CO)NC(=O)[C@H](CC1=CC=C(O)C=C1)NC(=O)[C@H](CO)NC(C)=O)C(=O)N[C@@H](CCC(O)=O)C(=O)N[C@@H](CC1=CN=CN1)C(=O)N[C@H](CC1=CC=CC=C1)C(=O)N[C@@H](CCCNC(N)=N)C(=O)N[C@@H](CC1=CNC2=CC=CC=C12)C(=O)NCC(=O)N[C@@H](CCCCN)C(=O)N1CCC[C@H]1C(=O)N[C@@H](C(C)C)C(N)=O
D02607,CC(C)C1=CC(OC2=C(C)C=C(C=C2C)N2N=CC(=O)NC2=O)=CC=C1O
D02608,[H][C@@]1(Cl)SC2=NC(=CC2=C1)C(=O)N[C@@]1([H])CC2=C(C=CC=C2)N(CC(N)=O)C1=O
D02609,CCCCCON=O
D02610,CC(C)NCC(O)C1=CC(O)=C(O)C=C1
D02611,FC(F)(F)C1=CC=CC=C1S(=O)(=O)NNC(=O)C1=CC2=CC(Cl)=CC=C2O1
D02612,CC1=CC=CC(C)=C1NC1=NC=C(N2C=NC=C12)C1=CC=CC=C1
D02613,O=C1CCC2=C(N1)C=CC(OCCCCC1=NN=NN1C1CCCCC1)=C2
D02614,NC1=CC=CC2=C1CN(C1CCC(=O)NC1=O)C2=O
D02615,OC1=CC2=C(C(O)=C1)C(=O)C(O)=C(O2)C1=CC=C(O)C(O)=C1
D02616,[H][C@@](COC(=O)CCCCCCCCCCCCCCC)(COP(O)(=O)OCCN)OC(=O)CCCCCCCCCCCCCCC
D02617,NC(=[NH2+])C1=CC2=C(C=C1)N=C(CC1=NC3=C(N1)C=C(C=C3)C([NH3+])=[NH2+])N2
D02618,NC1=NC(=O)C2=NC(CNC3=CC=C(C=C3)C(=O)N[C@@H](CCC(O)=O)C(O)=O)=CN=C2N1
D02619,CN1C(CNC2=CC=C(C=C2)C(N)=N)=NC2=C1C=CC(CN1C(C)=NC3=C1C=CC=C3)=C2
D02620,[H]\C(C[C@]1([H])C(=C)CC[C@]2([H])[C@](C)(CO)[C@]([H])(O)CC[C@@]12C)=C1/C(=O)OC[C@@]1([H])O
D02621,[H][C@@]1(O)OC(=C[C@]([H])(O)[C@@]1([H])OS(O)(=O)=O)C(O)=O
D02622,[H][C@]12SCC(CSC3=NC(=O)C(=O)NN3C)=C(N1C(=O)[C@H]2NC(=O)C(=N/OC)\C1=CSC(N)=N1)C(O)=O
D02623,O[C@@H]1[C@@H](COP(O)(O)=O)O[C@H]([C@@H]1O)N1C=NC2=C1N=CNC2=O
D02624,CO[C@@H](CC1=CC=C(OCCC2=C(C)OC(=N2)C2=CC=CC=C2)C2=C1SC=C2)C(O)=O
D02625,[H][C@](C(=O)C1=CC2=CC=CC=C2C=C1)(C1=CC=CC2=CC=CC=C12)P(O)(O)=O
D02626,[H]N([H])C1=NC(=O)N(C=C1)[C@H]1C[C@H](O)[C@@H](COP(O)(=O)OP(O)(=O)OP(O)(=O)OP(O)(=O)OC[C@H]2O[C@H]([C@H](O)[C@@H]2O)N2C=CC(=O)N([H])C2=O)O1
D02627,[H][C@@]12C[C@@H](C)[C@](O)(C(=O)CO)[C@@]1(C)C[C@H](O)[C@@]1(F)[C@@]2([H])C[C@H](F)C2=CC(=O)C=C[C@]12C
D02628,[H][C@]1(O)[C@]([H])(O)[C@]([H])(CP(O)(O)=O)O[C@]1([H])COP(O)(O)=O
D02629,[H][C@]1(C)CN(CCN1)C1=CC=C2N=C(NC3=C(C)C=CC=C3Cl)C3=CN=CN3C2=C1
D02630,OC1=CC=C(C=C1)C1=CC2=C(S1)C=C(O)C=C2
D02631,ClC1=C(Cl)C(=CC=C1)C1=NC2=C(SC#N)C=NN2C(NCC2=CC=NC=C2)=C1
D02632,CCC(C)CC(C)CCCCCCCCC(=O)N[C@H]1C[C@@H](O)[C@@H](NCCN)NC(=O)[C@@H]2[C@@H](O)CCN2C(=O)[C@@H](NC(=O)[C@@H](NC(=O)[C@@H]2C[C@@H](O)CN2C(=O)[C@@H](NC1=O)[C@@H](C)O)[C@H](O)[C@@H](O)C1=CC=C(O)C=C1)[C@H](O)CCN
D02633,[H][C@](O)(COC1=CC=C(NC2=NC=NC(NC3=C(F)C=CC(=C3)C(F)(F)F)=C2)C=C1)CN(C)C
D02634,CC1=NS(=O)(=O)C2=C(N1)C=CC(Cl)=C2
D02635,CC1=CC=CC(C[C@H](N)C(O)=O)=C1
D02636,[H][C@]12C[C@@H](OC(=O)C3=CC(OC)=C(OC)C(OC)=C3)[C@H](OC)[C@@H](C(=O)OC)[C@@]1([H])C[C@@]1([H])N(CCC3=C1NC1=CC=CC=C31)C2
D02637,[H][C@@](N)(COC1=CN=CC(=C1)C1=CC2=C(NN=C2C)C=C1)CC1=CC=C(Br)C=C1
D02638,[H][C@@]12CC[C@@]([H])(N1C)[C@@]([H])(C(=O)OC)[C@@]([H])(O)C2
D02639,CC1=C(OCC(F)(F)F)C=CN=C1C[S@@](=O)C1=NC2=CC=CC=C2N1
D02640,[H][C@@](O)(CO)CNC1=CC=CC(=C1)C1=C(C(=O)NC1=O)C1=CN(C)C2=CC=C(F)C=C12
D02641,CC(C)C1=NC(=NC(C2=CC=C(F)C=C2)=C1\C=C\[C@@H](O)C[C@@H](O)CC(=O)O)N(C)S(C)(=O)=O
D02642,O[C@@]12CCN(C1=NC1=C(C=CC=C1)C2=O)C1=CC=CC=C1
D02643,[H][C@]1(O)CN(C2=CC=C(OC)C=C2)S(=O)(=O)C2=C1C=C(S2)S(N)(=O)=O
D02644,[H][C@](CCCCC(N)=N)(C(O)=O)[C@@]1([H])C2=C(C[C@]1([H])O)C=C(C=C2)C1=CC(OC)=CC=C1
D02645,NC(=N)C1=CC2=C(C=C1)N=C(N2)C1=C(O)C=CC=N1
D02646,NC(=N)NC(=O)CN1C(=CC=C1C1=CC=CC=C1)C1=CC=CC=C1
D02647,CC(=O)OC1=C(C=CC(=C1)C(F)(F)F)C(O)=O
D02648,CC1=CC=C(NS(=O)(=O)C2=CC=CC=C2)C(=C1)C(O)=O
D02649,CC(=O)CC(C1=CC=C(C=C1)[N+]([O-])=O)C1=C(O)C2=CC=CC=C2OC1=O
D02650,C\C(=C/CO)\C=C\C=C(/C)\C=C\C1=C(C)CCCC1(C)C
D02651,CCOC(=O)NC1=CC2=C(SC3=CC=CC=C3N2C(=O)CCN2CCOCC2)C=C1
D02652,CN(C)C(=O)OC1=CC(=CC=C1)[N+](C)(C)C
D02653,[H][C@](C)(O)[C@@]1([H])O[C@]([H])(O[C@]2([H])[C@@]([H])(N)C[C@@]([H])(N)[C@]([H])(O[C@@]3([H])OC[C@](C)(O)[C@]([H])(NC)[C@@]3([H])O)[C@@]2([H])O)[C@]([H])(N)[C@@]([H])(O)[C@]1([H])O
D02654,CN(CC1=CC=C(Cl)C=C1)S(=O)(=O)C1=CC=C(C=C1)S(N)(=O)=O
D02655,[H][C@@]1(CCC2=CC=CC=C2N(CC(O)=O)C1=O)N[C@@H](CCC1=CC=CC=C1)C(=O)OCC
D02656,C[N+]#[C-]
D02657,[H][C@]1(CCCN1C(=O)CCC1=CC=CC=C1)C(=O)NCC1=CC=C(C=C1)C(N)=N
D02658,[H][C@@](N)(C(O)=O)[C@@]([H])(O)OS(O)(=O)=O
D02659,CN(C)C1=C2C=CC=C(C2=CC=C1)S(O)(=O)=O
D02660,C[S@@](=O)C1=CC=C(C=C1)C1=NC(=C(N1)C1=CC=NC=C1)C1=CC=C(F)C=C1
D02661,CCOCCC1(OC2=CC=C(OC3=CC=C(F)C=C3)C=C2)C(=O)NC(=O)NC1=O
D02662,CC(=N)NCC1=CC=CC(CN)=C1
D02663,CCCCCCCCCCCCCCCCCC(=O)OC[C@H](CO[P@@](O)(=O)OCC(O)CO[P@](O)(=O)OC[C@@H](COC(=O)CCCCCCCCCCCCCCCCC)OC(=O)CCCCCCCCCCCCCCCCC)OC(=O)CCCCCCCCCCCCCCCCC
D02664,CN1C(=O)C(O)=C(N=C1C(C)(C)NC(=O)C1=NN=C(C)O1)C(=O)NCC1=CC=C(F)C=C1
D02665,NC1=NC(=O)N(C=C1)[C@@H]1O[C@H](CO)[C@@H](O)[C@H]1O
D02666,CC[C@H]([C@@H](C)CN(C)C)C1=CC(O)=CC=C1
D02667,[H]C(N)(O)[C@]1(O[C@]([H])(CO)[C@@]([H])(O)[C@]([H])(O)[C@@]1([H])O)N=[N+]=[N-]
D02668,[H][C@@]12CCC(=O)[C@@]1(C)CC[C@@]1([H])[C@@]2([H])CC=C2C[C@H](CC[C@]12C)OS(O)(=O)=O
D02669,CCC#CC(C)C1(CC=C)C(=O)NC(=O)N(C)C1=O
D02670,C[C@@](CC1=CC(O)=C(O)C=C1)(NN)C(O)=O
D02671,CCN1C(=O)C(C)(C)C2=CC3=C(C=C12)C1=C(N3)C2=C(CCC1)C(C)=NN2
D02672,[H][C@](NOCCS)(C(O)=O)C1=CNC2=C1C=CC=C2
D02673,OC1=CC=C(C=C1)C1=C(C(=O)C2=CC=C(OCCN3CCCCC3)C=C2)C2=C(S1)C=C(O)C=C2
D02674,[H]C(C)=C1N(C)C(=O)CC[C@@]([H])(N=C(O)[C@@]([H])(C)[C@@]([H])(N=C(O)[C@@]([H])(N=C(O)[C@@]([H])(C)[C@@]([H])(N=C1O)C(O)=O)C(C)C)C([H])=C([H])C(\C)=C(/[H])[C@]([H])(C)[C@]([H])(CC1=CC=CC=C1)OC)C(O)=O
D02675,[H][C@@]12CCO[C@]1([H])OC[C@@H]2OC(=O)N[C@@H](CC1=CC=CC=C1)[C@H](O)CN(CC(C)C)S(=O)(=O)C1=CC=C(N)C=C1
D02676,CCCC(=O)SCC[N+](C)(C)C
D02677,COC1=CC=C(C=C1)C1=C(C2=C(NCCO)N=CN=C2O1)C1=CC=C(OC)C=C1
D02678,C[C@H]1O[C@H](OP(O)(=O)OP(O)(=O)OC[C@H]2O[C@H]([C@H](O)[C@@H]2O)N2C=NC3=C2NC(N)=NC3=O)[C@@H](O)[C@@H](O)[C@@H]1O
D02679,[H][C@@]12OC(=O)[C@@]34OC3C[C@@](O)(C3[C@@H](C1OC3=O)C(C)=C)[C@@]24C.[H][C@@]12C[C@@]3(O)C4[C@@H](C(OC4=O)[C@@]4([H])OC(=O)[C@]1(O2)[C@@]34C)C(C)(C)O
D02680,CCNC(=O)N1CCC(CC1)NC1=NC(C2=CNC3=CC=CC=C23)=C(Cl)C=N1
D02681,[H][C@](N)(CC[S+](C)C[C@@]1([H])O[C@@]([H])(N2C=NC3=C(N)N=CN=C23)[C@]([H])(O)[C@]1([H])O)C([O-])=O
D02682,C1CCN2C[C@@H]3C[C@@H](CN4CCCC[C@@H]34)[C@@H]2C1
D02683,CC(C)CC(N(C)C)C1(CCC1)C1=CC=C(Cl)C=C1
D02684,CCOC(=O)CC(SP(=S)(OC)OC)C(=O)OCC
D02685,NC1=NC2=C(S1)C=C(OC(F)(F)F)C=C2
D02686,CCCC1=NC2=C(C=C(C=C2C)C2=NC3=CC=CC=C3N2C)N1CC1=CC=C(C=C1)C1=CC=CC=C1C(O)=O
D02687,NC(=N)NCCS[C@@H](CC(O)=O)C(O)=O
D02688,ClC1=CC=C(C=C1)C1(CCNCC1)C1=CC=C(C=C1)C1=CNN=C1
D02689,[H][C@]1(N)CC[C@@]([H])(CC1)NC1=NC(NCC2=CC=CC=C2)=C2N=CN(C3CCCC3)C2=N1
D02690,CNCC1=CC(=O)OC2=C1C=CC(OCC1=CC=CC(Cl)=C1)=C2
D02691,[H][C@@](C)(N=C(O)CN=C(O)[C@]([H])(NC(N)=N)C1CCCCC1)C(O)=NCCCS
D02692,CC(=O)OCC(CCN1C=NC2=CN=C(N)N=C12)COC(C)=O
D02693,[H][C@@](C)(N1CC[C@]([H])(NS(=O)(=O)C2=CC3=CC=C(Cl)C=C3C=C2)C1=O)C(=O)N1CCOCC1
D02694,CSCC[C@H](N)C(O)=O
D02695,OC1(CCN(CCCC(=O)C2=CC=C(F)C=C2)CC1)C1=CC=C(Cl)C=C1
D02696,NC1=CC(Cl)=C(NC2=NCCN2)C(Cl)=C1
D02697,[H][C@](CN1CCCC1)(N=C(O)CCCCCCC)[C@]([H])(O)C1=CC2=C(OCCO2)C=C1
D02698,[H]N(C1=CC=C(OC[C@H](O)CN(C)C)C=C1)C1=CC(=NC=N1)N([H])C1=C(F)C=CC=C1F
D02699,CCCCC1=NC=C(\C=C(/CC2=CC=CS2)C(O)=O)N1CC1=CC=C(C=C1)C(O)=O
D02700,CC1=NC=C(N=C1)C(=O)NCCC1=CC=C(C=C1)S(=O)(=O)NC(=O)NC1CCCCC1
D02701,[H][C@@]12CC3=CC=C(OC4=C5C(CC[N+](C)(C)[C@]5([H])CC5=CC(OC6=C(OC)C=C(CCN1C)C2=C6)=C(O)C=C5)=CC(OC)=C4O)C=C3
D02702,OC(=O)COP(O)(O)=O
D02703,[H][C@]12SCC(C=C)=C(N1C(=O)[C@H]2NC(=O)C(=N/O)\C1=CSC(N)=N1)C(O)=O
D02704,[H][C@@](C)(NC1=NC=CC(=N1)N(C(=O)NC1=CC=CC=C1Cl)C1=CC=C(OC)C=C1)C(C)(C)O
D02705,[H][C@]1(CNC(=O)C1)C1=CC(OC2CCCC2)=C(OC)C=C1
D02706,[H][C@@]1(CCN(CC2=CC3=C(N2)C=NC=C3)C1=O)NS(=O)(=O)C1=CC2=C(S1)C=CC=N2
D02707,OC(=O)\C=C\C1=CC=C(C=C1)C(O)=O
D02708,[H][C@]1(N)S[C@]([H])(CO)[C@@]([H])(O)[C@]([H])(O)[C@]1([H])O
D02709,C\C=C1/NC(=O)[C@H]2CSSCC\C=C\[C@H](CC(=O)N[C@H](C(C)C)C(=O)N2)OC(=O)[C@@H](NC1=O)C(C)C
D02710,CCNC(=O)C1=CN2N=CN=C(NC3=CC(=CC=C3C)C(=O)NOC)C2=C1C
D02711,[H][C@@](C)(O)[C@]([H])(CC)N1N=CN(C1=O)C1=CC=C(C=C1)N1CCN(CC1)C1=CC=C(OC[C@]2([H])CO[C@](CN3C=NC=N3)(C2)C2=C(F)C=C(F)C=C2)C=C1
D02712,OP(O)(=O)OC1=C(C=O)C=CC=C1
D02713,[H][C@]1(O)C2=NN=NN2[C@]([H])(CO)[C@@]([H])(O)[C@]1([H])O
D02714,C[C@@H](CC1=CC=CC=C1)N(C)CC1=CC=CC=C1
D02715,NC1=NC(=CC=N1)C1=C(N=CN1CC1CC1)C1=CC=C(F)C=C1
D02716,CS(=O)(=O)C1=CC(Cl)=C(C=C1)C(=O)NC1=CC=C(Cl)C(=C1)C1=CC=CC=N1
D02717,COC1=CC(=CC=C1O)C1=CC2=C(C=C1)\C(=C\C1=CC=CN1)C(=O)N2
D02718,NC1=NC=CC=C1NCC1=CC=CC(=C1)C1=CC2=C(C=CN2)C=C1
D02719,COC(=O)[C@H](C)NP(=O)(OC[C@H]1O[C@H](C[C@@H]1O)N1C=C(\C=C\Br)C(=O)NC1=O)OC1=CC=CC=C1
D02720,N[C@@H](CN1C=C(F)C(=O)NC1=O)C(O)=O
D02721,CCN(CC)CCN=C(O)C1=C(OC)C=C(N)C(Br)=C1
D02722,CC\C(=C(\CC)C1=CC=C(O)C=C1)C1=CC=C(O)C=C1
D02723,OS(=O)(=O)C1=CC=C2NC(=O)\C(=C3/NC4=CC=CC=C4C3=O)C2=C1
D02724,CCCCN1CCCC[C@H]1C(=O)NC1=C(C)C=CC=C1C
D02725,COC1=CC=C(C=C1N1CC(=O)NS1(=O)=O)C1=CC=CC=C1
D02726,CC1(C)N=C(N)N=C(N)N1OCCCOC1=CC(Cl)=C(Cl)C=C1Cl
D02727,[H][C@]1(CO)O[C@@]([H])(C2=NC3=CC(C)=CC=C3S2)[C@]([H])(O)[C@@]([H])(O)[C@]1([H])O
D02728,[H][C@@]1(C#N)C2=C(N(C)C3=C(Cl)C(Cl)=CC=C23)C(=O)NC11CCN(C)CC1
D02729,CC1CC(CC(C)(C)C1)OC(=O)C(O)C1=CC=CC=C1
D02730,COC(=O)C1=CC2=CC=C(C=C2C(NC(=O)C2=CC=CC(O)=C2C)=C1)C(N)=N
D02731,[H][C@@](C)(N=C(O)[C@]([H])(CC1=CC=C(O)C=C1)N=C(O)OCC1=CC=CC=C1)C(=O)CF
D02732,NC1=CC=C(N)C2=C1C(=O)C1=C(O)C=CC(O)=C1C2=O
D02733,CC(C)N1C(C)=NC=C1C1=NC(NC2=CC=C(C=C2)N2CCN(CC2)C(=O)CO)=NC=C1
D02734,CC#C[C@]1(O)CC[C@H]2[C@@H]3CCC4=CC(=O)CCC4=C3[C@H](C[C@]12C)C1=CC=C2OCOC2=C1
D02735,OC(O)(C1=CC=C(S1)C(=O)N1CCN2C(C1)=NC=C2C1=CC=CC=C1)C(F)(F)F
D02736,ON=C1C2=CC(OCC(O)=O)=CC=C2C2=C1C=C(OCC(O)=O)C=C2
D02737,BrC1=CC=C2C(=O)NC(=O)\C(=C/NC3=CC=C(CN4CCCC4)C=C3)C2=C1
D02738,[H]\C(CCCCCCCC)=C(\[H])CCCCCCCC(=O)OC[C@@]1([H])O[C@@]([H])(N2C=CC(=N)N=C2O)[C@@]([H])(O)[C@]1([H])O
D02739,[H][C@](CC(C)=O)(C1=CC=CC=C1)C1=C(O)C2=CC=CC=C2OC1=O
D02740,C[C@@H]1CC(=O)NN=C1C1=CC=C(NN=C(C#N)C#N)C=C1
D02741,CCOC(=O)C1=C(C)N([NH+]=C1C)C1=CC=CC=C1
D02742,OC(=O)C1=CN=CC=C1
D02743,CC1=NC=C(COP(O)(O)=O)C(CN)=C1O
D02744,N[C@H](CC1=CNC2=CC=CC=C12)C(O)=O
D02745,CCOP(O)(O)=O
D02746,O=N(=O)C1=CC=CC(=C1)\N=C1\N=CCC(=N1)C1=CC=CC(CN2C=NC=N2)=C1
D02747,OC(CNCC(O)C1CCC2=C(O1)C=CC(F)=C2)C1CCC2=C(O1)C=CC(F)=C2
D02748,[H][C@]1(COP(O)(=O)OP(O)(=O)OC[C@@]2([H])O[C@@]([H])([N+]3=CC=CC(=C3)C([S-])=N)[C@]([H])(O)[C@]2([H])O)O[C@@]([H])(N2C=NC3=C(N)N=CN=C23)[C@]([H])(OP(O)(O)=O)[C@]1([H])O
D02749,FC(F)(F)C1=CC(NC(=O)NC2=CC=C(OC3=CC=NC=C3)C=C2)=CC=C1
D02750,[H][C@@]12C[C@H](C)[C@](OC(=O)CC)(C(=O)CCl)[C@@]1(C)C[C@H](O)[C@@]1(F)[C@@]2([H])CCC2=CC(=O)C=C[C@]12C
D02751,C(NC1=C2C=CC=CC2=NC2=C1CCCC2)C1=CC=CC=C1
D02752,C[P@@](O)(=O)CC(=O)CC(O)=O
D02753,COC(CNC(N)=O)C[Hg]Cl
D02754,CCC(=O)C(CC(C)N(C)C)(C1=CC=CC=C1)C1=CC=CC=C1
D02755,CN1C=NC2=C1C(=O)N(CCCCC(C)=O)C(=O)N2C
D02756,CNC(=O)C1=C(NC2=NC(NC3=CC=C(C=C3OC)N3CCOCC3)=NC=C2Cl)C=CC=C1
D02757,OP(O)(=O)C(SC1=CC=C(Cl)C=C1)P(O)(O)=O
D02758,O[P@@](=O)(OCC1CCCCC1)OC1=C(C=O)C=CC=C1
D02759,N[C@@H](C#C)C(O)=O
D02760,[H][C@@](CC1=CC=C(C=C1)C#CC1=CC=CC=C1)(N=C(O)C[C@@]1([H])CCCN(C1)C(N)=N)C(=O)OC
D02761,NC(CO)(CO)CO.CCCCC[C@H](O)\C=C\[C@H]1[C@H](O)C[C@H](O)[C@@H]1C\C=C/CCCC(O)=O
D02762,CC(C)C1=NC(CN(C)C(=O)N[C@@H](CCN2CCOCC2)C(=O)N[C@H](CC[C@H](CC2=CC=CC=C2)NC(=O)OCC2=CN=CS2)CC2=CC=CC=C2)=CS1
D02763,[H][C@](N)(CC1=CC=CC=C1)[C@]([H])(O)CNS(=O)(=O)C1=CC=C2C=CC=CC2=C1
D02764,O=C1C=C(OC2=C1C=CC1=CC=CC=C21)C1=CC=CC=C1
D02765,[H][C@@](O)(COP(O)(O)=O)[C@@]([H])(O)[C@@]([H])(O)CN1C2=C(C=C(C)C(C)=C2)[N+](=C2C(O)=NC(=O)N=C12)S([O-])(=O)=O
D02766,[H][C@](C)(O)[C@]([H])(N)[C@]([H])(O)C#CC1=C(F)C=CC2=C1\C(=C\C1=C(OC)C=CN1)C(=O)N2
D02767,CC(C)N(CCCCOCC(=O)NS(C)(=O)=O)C1=NC(C2=CC=CC=C2)=C(N=C1)C1=CC=CC=C1
D02768,COC1=C(F)C=C(CSC2=NN=C(O2)C2=CC3=C(OCO3)C=C2)C=C1
D02769,CC1=CC(CNC(=O)C2=CC(=NC=N2)C(=O)NCC2=CC=CC(C)=C2)=CC=C1
D02770,[H][C@@](N)(CC(C)C)C(=O)N1CCC[C@@]1([H])C(=O)NCC1=CC(Cl)=CC=C1
D02771,OC1=CC=C2C(OC(=O)C=C2C2=CC=CC=C2)=C1O
D02772,[H][C@]1(CCN=C2NC[C@]([H])(Cl)N(CCNCC3=CSC4=C3C=C(Cl)C=C4)C2([H])O)CCCCN1
D02773,O[C@@H](CON=C(Cl)C1=C[N+]([O-])=CC=C1)CN1CCCCC1
D02774,CC1=NN(C(O)=C1\N=N\C1=CC(=CC=C1C(O)=O)S(O)(=O)=O)C1=CC=C(C=C1C)S(O)(=O)=O
D02775,BrC1=CC2=C(NC(=O)\C2=C2/NC3=C(C=CC=C3)C2=O)C=C1
D02776,[H][C@@]12CC[C@H](OC(=O)CC)[C@@]1(C)CC[C@@]1([H])[C@@]2([H])CCC2=CC(=O)CC[C@]12C
D02777,NCCN.CN1C2=C(NC=N2)C(=O)N(C)C1=O.CN1C2=C(NC=N2)C(=O)N(C)C1=O
D02778,NS(=O)(=O)C1=CC=C(F)C=C1
D02779,COC1=CC2=C(C=C1OC)C(N)=NC(=N2)N(C)CCCNC(=O)C1CCCO1
D02780,N[C@@H](CC1=CC=C(O)C(=C1)[N+]([O-])=O)C(O)=O
D02781,O[C@@H](CS)[C@@H](O)CS
D02782,[H]N(C1=CC=C(OC[C@@H](O)CN(C)C)C=C1)C1=NC=C(Br)C(=N1)N([H])C1=CC=CC=C1
D02783,[H][C@@](N)(CC1CCCCC1)[C@]([H])(O)C(=O)NNC1=CC=C(C)C=C1
D02784,NCC1=CC2=C(OCC22CCN(CC2)C(=O)\C=C\C2=CC=CC=C2)C=C1
D02785,[H][C@@]12CCN(C[C@@]3([H])CC[C@]4([H])N[C@@]([H])(N)N[C@@]([H])(N)[C@]4([H])C3)[C@@]1([H])CCCC2
D02786,CN1CCCCC1CCN1C2=C(SC3=C1C=C(C=C3)S(C)=O)C=CC=C2
D02787,OC(=O)CCC1=CC=C(S1)C1=CC(=CC=C1)[N+]([O-])=O
D02788,[H][C@](C)(N1CC[C@](C)(C1=O)C1=CC=C(OCC2=CC(C)=NC3=CC=CC=C23)C=C1)C(=O)NO
D02789,[H]N(C(=O)C(C)(O)C(F)(F)F)C1=C(C)C=C(C=C1)S(=O)(=O)N(CC)C1=CC=CC=C1
D02790,OCCNC1=NC=NC2=C1C(=C(O2)C1=CC=CC=C1)C1=CC=CC=C1
D02791,[H][C@](O)(C\C=C/CCCCC)\C=C\CC(=O)CCCCC(O)=O
D02792,OC(=O)COC1=C(SC2=NC=CC=C12)C(O)=O
D02793,NC(=O)C1=CC=CC(O)=C1O
D02794,NC1=NC(CCC2=CC3=C(C=CN3)C=C2)=CC(=O)N1
D02795,NS(=O)(=O)C1=CC=C(NC(=O)C2=NNC3=C2C=CC=C3)C=C1
D02796,O=S(=O)(N1CCCNCC1)C1=CC=CC2=C1C=CN=C2
D02797,O[C@H]1C[C@@H](O[C@@H]1COP(O)(=O)OP(O)(O)=O)N1C=CC(=O)NC1=O
D02798,CCCCC1=NC2=CC(\C=C\C(=O)NO)=CC=C2N1CCN(CC)CC
D02799,O\N=C1/C(=O)N(CC2=C3OCOCC3=CC(F)=C2)C2=CC=CC(\C=C\C3=CC=CC=C3)=C12
D02800,[H][C@]1(CCCCCCCCC(=O)OC[C@@]2([H])O[C@@]([H])(N3C=NC4=C(N)N=CN=C34)[C@]([H])(O)[C@]2([H])O)C[C@@]2([H])[C@]3([H])CCC4=CC(O)=CC=C4[C@@]3([H])CC[C@]2(C)[C@@]1([H])O
D02801,OCCOC1=C(C=CC=C1)C1=C(F)C(F)=C(F)C=C1
D02802,OC(=O)COC1=C(SC(=C1Br)C1=CC=CC(NC2CCCCC2)=C1)C(O)=O
D02803,N[C@@H]([C@H](O)C(N)=O)C(O)=O
D02804,[H][C@]1(I)CN=C(O)N=C1O
D02805,NC1=[N+]([O-])C2=C(C=CC=C2)[N+]([O-])=N1
D02806,CC1(C)C[C@@H]1C(=O)N\C(=C/CCCCSC[C@H](N)C(O)=O)C(O)=O
D02807,CO[C@]12[C@H]3N[C@H]3CN1C1=C([C@H]2COC(N)=O)C(=O)C(N)=C(C)C1=O
D02808,[H][C@@](C)(N(C)C=O)C1=CC=CC=C1
D02809,[H][C@]1(C[C@]2(ON1)O[C@]([H])(CO)[C@@]([H])(O)[C@]([H])(O)[C@@]2([H])O)C1=CC=C(C)C=C1
D02810,CCCCCCCCC1=CC=C2C=C3C=CC(CCCCC(O)=O)=[N+]3[B-](F)(F)N12
D02811,[H][C@]12CC(N(C(=O)C3CC4=CC=CC=C4CN3C(=O)[C@H](CO)NC(=O)[C@H](CC3=CC=CS3)NC(=O)CNC(=O)C3C[C@@H](O)CN3C(=O)C3CCCN3C(=O)C(CCCN=C(N)N)NC(=O)[C@H](N)CCCN=C(N)N)[C@@]1([H])CCCC2)C(=O)N[C@@H](CCCN=C(N)N)C(O)=O
D02812,CC1=NOC(=C1)C1=C(C2=CC=CC=C2)C2=C(NC1=O)C=CC(Cl)=C2
D02813,CCN(CC)C(=O)C1=C(NC(=O)C2=CC=CS2)SC2=C1CCCC2
D02814,[O-][V](=O)[O+]([V](=O)O[V](=O)(=O)O[V](=O)(=O)[O+]([V]([O-])=O)[V](=O)(=O)=O)[V](=O)(=O)=O
D02815,[H][C@]12N(C)CC[C@@]1(C)C1=C(C=CC(OC(=O)NC3=CC=CC=C3)=C1)N2C
D02816,[H][C@](C)(C#CC1=C(C)N=C(N)N=C1N)C1=CC(OC)=CC(=C1)C1=CC=CC=C1
D02817,NCC1=CC=CC(=C1)C1CCN(CC1)C(=O)C1=CC(CCC2=CC=CC=C2)=CN=C1
D02818,NC1=NC(=O)N2CC12
D02819,[H][C@](O)(CN)C1=CC=CC(=C1)C(F)(F)F
D02820,CCCCCCCCCC1=CC=C(OCCOCCOCCOCCOCCOCCOCCOCCOCCO)C=C1
D02821,[H][C@@]1(C[C@]([H])(OP(O)(=O)OP(O)(=O)OC[C@@]2([H])O[C@@]([H])(N3C=NC4=C(N)N=CN=C34)[C@]([H])(O)[C@]2([H])OP(O)(O)=O)[C@@]([H])(COP(O)(O)=O)O1)N1C=CC(O)=NC1=O
D02822,CCOC(=O)COC1=CC=C2CC[C@@H](CC2=C1)NC[C@H](O)C1=CC=CC(Cl)=C1
D02823,CS(=O)(=O)C1=CC=C(NC2=CC(Cl)=NC3=CC=NN23)C=C1
D02824,[H][C@]1(O)CC[C@@]2([H])[C@]3([H])CCC4=CC(O)=CC=C4[C@@]3([H])[C@@]([H])(COC)C[C@]12C
D02825,[H]\C(C[C@](CC1=CC=C(C=C1)C(F)(F)P(O)(O)=O)(N1N=NC2=CC=CC=C12)C1=NC2=CC=CC=C2S1)=C(\[H])C1=CC=CC=C1
D02826,CN(C)CCOC(C1=CC=C(Cl)C=C1)C1=CC=CC=N1
D02827,COC1=CC=C(C[C@H](NC(=O)CC(C)(C)N)C(=O)N[C@@H](CC2=CN=CN2)C(=O)N[C@@H](CC2CCCCC2)[C@@H](O)[C@@H](O)CC(C)C)C=C1
D02828,CCOC(=O)CN[C@@H](C(=O)N1CC[C@H]1C(=O)NCC1=CC=C(C=C1)C(\N)=N\O)C1CCCCC1
D02829,CC1=CC(NS(=O)(=O)C2=CC=C(N)C=C2)=NO1
D02830,NS(=O)(=O)C1=CC=C(C=C1)C(=O)NCC1=CC=CC=C1F
D02831,NC(=O)C1=CC=C(NC2=NC(OCC3CCCCC3)=C(N=O)C(N)=N2)C=C1
D02832,[H][C@@](CC1=CC=CC=C1)(NC(N)=O)C(O)=O
D02833,CC(C)(C)C1=NC(=C(S1)C1=NC(N)=NC=C1)C1=C(F)C(NS(=O)(=O)C2=C(F)C=CC=C2F)=CC=C1
D02834,N[C@H](CC1=CC=CC=C1)C(O)=O
D02835,OP(O)(=O)OP(O)(=O)OP(O)(O)=O
D02836,[H][C@]1(CCN(CC(=O)NC2=C(F)C=C(C=C2)N2C=CC=CC2=O)C1)NC(=O)C1=CC=C(Cl)S1
D02837,ClC1=CC=CC(CNCCC2=CC=C(NC(=N)C3=CC=CS3)C=C2)=C1
D02838,[H][C@](CO)(NC1=NN2C(C=C1)=NC=C2C1=CC(N)=CC=C1)C(C)C
D02839,[H]N(C1=CC=C(OC[C@@H](O)CN(C)C)C=C1)C1=CC(=NC=N1)N([H])C1=C(F)C=CC=C1F
D02840,CCCCCOC(=O)NC1=NC(=O)N(C=C1F)[C@@H]1O[C@H](C)[C@@H](O)[C@H]1O
D02841,[H][C@]1(CCCN1C(=O)OCC1=CC=CC=C1)C(=O)NNCCCCN
D02842,NC(=O)C1=CN(C=CC1)[C@@H]1O[C@H](COP(O)(=O)OP(O)(=O)OC[C@H]2O[C@H]([C@H](OP(O)(O)=O)[C@@H]2O)N2C=NC3=C2N=CN=C3N)[C@@H](O)[C@H]1O
D02843,CCCCC\C=C/C\C=C/C\C=C/C\C=C/CCCC(O)=O
D02844,OC(=O)CCCCCC\C=C/[C@@H]1O[Fe@]23ON1CCCC[C@@H](NC(=O)[C@@H]1CO[C@H](N1)C1=CC=CC=C1O2)C(=O)OCCC(=O)N[C@@H]1CCCCN(O3)C1=O
D02845,[H][C@@]12CCCN1C(=O)[C@@H](CC)NC(=O)[C@@H](NC(=O)C1=NC=CC=C1O)[C@@H](C)OC(=O)[C@@H](NC(=O)[C@]1([H])CC(=O)CCN1C(=O)[C@]([H])(CC1=CC=CC=C1)N(C)C2=O)C1=CC=CC=C1
D02846,OC1=CC=C(C=C1)N1C=CN=C1
D02847,[H]\C(S)=C(/[H])N=C(O)CCN=C(O)[C@]([H])(O)C(C)(C)CO
D02848,OCC(CO)N[C@H]1C[C@](O)(CO)[C@@H](O)[C@H](O)[C@H]1O
D02849,CC1=CC=CC2=C1CCNC2=O
D02850,NC(=O)NCC1=CC(=CC=C1)C1=C(O)C(=CC=C1)C1=CC2=C(N1)C=CN=C2
D02851,OCCCCCCO
D02852,[H][C@]12C[C@@H](O)[C@H](CC[C@@H](O)CCCCC)[C@@]1([H])CC1=C(C2)C(OCC(O)=O)=CC=C1
D02853,CCN(CC)C(=S)SSC(=S)N(CC)CC
D02854,COCCOC1=CN=C(NS(=O)(=O)C2=CC=CC=C2)N=C1
D02855,NC1=CC=CC(SC2=CC=C(\C=C\C(=O)N3CCOCC3)C(=C2C(F)(F)F)C(F)(F)F)=C1
D02856,[H][C@]12CC[C@]([H])(C[C@@]([H])(C1)OC(C1=CC=CC=C1)C1=CC=CC=C1)N2C
D02857,OC[C@H]1O[C@H](C[C@@H]1OP(O)(O)=O)N1C=CC(=O)NC1=O
D02858,CN(C)C\C=C\C(=O)NC1=C(O[C@H]2CCOC2)C=C2N=CN=C(NC3=CC(Cl)=C(F)C=C3)C2=C1
D02859,[H][C@]12SCC(C)=C(N1C(=O)[C@H]2NC(=O)[C@H](N)C1=CCC=CC1)C(O)=O
D02860,ClC1=NC=C(CN2CCS\C2=N/C#N)C=C1
D02861,N[C@@H](CCCCN[C@@H](CCC(O)=O)C(O)=O)C(O)=O
D02862,CC(=O)N[C@@H]1[C@@H](O)[C@@H](O)[C@@H](CO)O[C@@H]1O[P@](O)(=O)O[P@](O)(=O)OC[C@H]1O[C@H]([C@H](O)[C@@H]1O)N1C=CC(=O)NC1=O
D02863,[H]N([H])C1=C(SC(N([H])C2=CC(Cl)=CC=C2)=[N+]1[H])C(=O)C1=CC=C(F)C=C1
D02864,CCC(NC(C)C)C(O)C1=CC(O)=C(O)C=C1
D02865,CCCCCCCCCCC[P@@](O)(=O)OC
D02866,CCCCCCCCCCCCCCCCS(F)(=O)=O
D02867,CC1=CC(=CC=C1F)C1=CSC(NC2=CC=C(C(O)=O)C(O)=C2)=N1
D02868,[H][C@@]12CC[C@@]([H])(N1C)[C@]([H])(\C=N\OC)[C@H](C2)C1=CC(Cl)=C(Cl)C=C1
D02869,OC[C@@H](O)CSO
D02870,COC1=C(OC)C=C(CCNCC(O)COC2=CC=CC(C)=C2)C=C1
D02871,COC(=O)C1CCN(CC1)C(=O)C1=CC=C(C=C1)N(C)CC1=NC2=C(N)N=C(N)N=C2N=C1
D02872,[H]\C1=C2/[C@@]([H])(COC)CC[C@@]2([H])[C@@]([H])(C)[C@@]([H])(O)[C@]([H])(O[C@@]2([H])O[C@]([H])(COC(C)(C)C=C)[C@@]([H])(O)[C@]([H])(OC(C)=O)[C@@]2([H])O)C2=C(C[C@]([H])(O)[C@]12C)[C@]([H])(C)COC(C)=O
D02873,OCCNCCNC1=CC=C(NCCNCCO)C2=C1C(=O)C1=C(C(O)=CC=C1O)C2=O
D02874,CCOC(=O)C(C)OC1=CC=C(OC2=NC3=C(O2)C=C(Cl)C=C3)C=C1
D02875,FC1=C(C=CC=C1)C1=CC(=CC=N1)C1=CC2=C(CCNC2=O)N1
D02876,CC1=NN=C(O1)C1=CC=C(C)C(=C1)C1=CC=C(C=C1)C(=O)NCC1CC1
D02877,OC(=O)C1=CC=C(NC(=O)NC(=O)C2=CC(F)=C(F)C=C2Cl)C(OC(F)(F)F)=C1
D02878,[H][C@@](CCCCN)(N=C(O)[C@@]([H])(CC1=CC(Br)=C(O)C(Br)=C1)N=C(O)N1CCC(CC1)N1CC2=CC=CC=C2N=C1O)C(=O)N1CCN(CC1)C1=CC=NC=C1
D02879,[H][C@@]12OC3=C(O)C=CC4=C3[C@@]11CCN(C)[C@]([H])(C4)[C@]1([H])CC[C@@H]2O
D02880,[H][C@]1(CO)O[C@@]([H])(OC2=CC=C3C(=O)C(=COC3=C2)C2=CC=C(O)C=C2)[C@]([H])(O)[C@@]([H])(O)[C@]1([H])O
D02881,NS(=O)(=O)C1=CC=C(C=C1)C(=O)NCC1=CC(F)=CC=C1F
D02882,[H][C@@](C)(NC1=CC2=C(ON=C2C2=CC(Cl)=CC(CCCO)=C2)C=N1)C1=CC=CC=C1
D02883,CCN(CC)C(=O)NC1=CC=C(OCC(O)CNC(C)(C)C)C(=C1)C(C)=O
D02884,O[C@H]1C[C@@H](O[C@@H]1COP(O)(O)=O)N1C=CC(=O)NC1=O
D02885,NC12CC3CC(CC(C3)C1)C2
D02886,[H][C@@]1(CCN(CC2=CC3=C(C=CN=C3N)C=C2)C1=O)NS(=O)(=O)C1=CC2=C(S1)C=CC=N2
D02887,N[C@@H](CC1=CC=C(O)C=C1)C(O)=O
D02888,CC(C)NCC(O)C1=CC(O)=CC(O)=C1
D02889,C[N+](C)(C)C[C@H](O)CC(O)=O
D02890,CCOC(=O)C1=CC2=CC=C(O)C=C2OC1=O
D02891,CCCC[N+](CCCC)(CCCC)CCCC
D02892,[H][C@@](CNC(=O)C1=NC=CS1)(C(=O)NO)[C@@]([H])(CC(C)C)C(=O)N[C@]([H])(C(=O)NC)C(C)(C)C
D02893,CCC(=O)NCC[C@@H]1CCC2=C1C1=C(OCC1)C=C2
D02894,[H][C@@](CC1=CC=C(OCCN2C3=C(OC4=C2C=CC=C4)C=CC=C3)C=C1)(OCC)C(O)=O
D02895,[H][C@]1(O)C[C@]([H])(O[C@]2([H])[C@@]([H])(N)[C@@]([H])(O)[C@@]([H])(CO)O[C@@]2([H])OCCCCCCCC)O[C@@]([H])(C)[C@@]1([H])O
D02896,FC1=CC=C(C=C1)N1C=CC=C(C(=O)NC2=CC=C(OC3=CC=NC4=C3C=CN4)C(F)=C2)C1=O
D02897,C[C@@H](CN1C=NC2=C1N=C(N)N=C2N)OCP([O-])([O-])=O
D02898,CC1=CC2=CC3=[N+]4C(=CC5=C(C=C)C(C)=C6OC7=C(C=C)C(C)=C8C=C1N2[Fe]4(N56)N78)C(C)=C3CCC(O)=O
D02899,[H][C@@](O)(CO)COP([O-])(=O)OCC[N+](C)(C)C
D02900,[H][C@]1(O)C[C@@]([H])(O[C@]1([H])COP(O)(=O)O[C@@]1([H])C[C@@]([H])(O[C@]1([H])CO)N1C=CC(=N)N=C1O)N1C=NC2=C(N)N=CN=C12
D02901,CC(=O)OC[C@H](N)C(O)=O
D02902,[H][C@@](C[P@](O)(=O)[C@@]([H])(NS(=O)(=O)CCCC1=CC=CC=C1)C(C)C)(C(O)=O)C1=CC(CN)=CC=C1
D02903,CC(C)N1C(NC2=CC=CC=C2F)=NC2=CN=C(OC3=C(F)C=CC=C3F)N=C12
D02904,OCC(CO)(CO)NCCS(O)(=O)=O
D02905,COC1=CC=CC(=C1)C1=CC(CCC2=CC=CC(N)=N2)=CC=C1
D02906,[H][C@]1(CO)CC2=CC=C(C=C2CN1)[N+]([O-])=O
D02907,CC(COC1=CC=CC=C1)N(CCCl)CC1=CC=CC=C1
D02908,NC(=N)C1=CC=C(CC(=O)C(O)=O)C=C1
D02909,CC1=C(CSCC2=CC(=CC=C2)C(O)(O)C(F)(F)F)C(N)=C2C(F)=CC=CC2=N1
D02910,[H]N(C1=CC=C(OC[C@H](O)CN(C)C)C=C1)C1=NC=CC(=N1)N([H])C1=C(Cl)C=CC(Cl)=C1
D02911,N[C@@H](CCSCCCCC(O)=O)C(O)=O
D02912,CN1CCN(CC(=O)N2C3=CC=CC=C3C(=O)NC3=C2N=CC=C3)CC1
D02913,O=C([C@@](C)([H])N1CC[C@]([H])(NS(=O)(=O)\C=C\C2=CC=C(Cl)S2)C1=O)N1CCOCC1
D02914,NCC(CC(O)=O)C1=CC=C(Cl)C=C1
D02915,[H][C@]1(O)C[C@@]([H])(O[C@]1([H])COP(O)(=O)OC1([H])CC([H])(OC1([H])CO)N1C=CC(=N)N=C1O)N1C=NC2=C1NC(=N)N=C2O
D02916,N[C@@H](CCCNC(=O)CP(O)(O)=O)C(O)=O
D02917,O=C1NC2=CC(OCCCCN3CCN(CC3)C3=C4C=CSC4=CC=C3)=CC=C2C=C1
D02918,CC(C)OC1=CC=C2C(CCC3=C2C2=C(C=NC2=O)C2=C3N(CCO)C3=CC=CC=C23)=C1
D02919,[H][C@]1(N)CCN(C[C@@]1([H])C1=CC(C)=CC=C1)C1=CC(OC)=C(OC)C=C1
D02920,CC(=O)N[C@@H](CC1=CC(I)=C(O)C(I)=C1)C(=O)NCC(O)=O
D02921,[H][C@@]12C[C@]([H])(O)[C@]([H])(O)C(=O)C=CC[C@]([H])(C)OC(=O)C3=C(C=C(OC)C=C3O)[C@@]1([H])O2
D02922,[H][C@@]12CCC(=O)[C@@]1(C)CC[C@@]1([H])[C@@]2([H])CC[C@]2([H])C[C@]([H])(O)CC[C@]12C
D02923,CCCC[Sn](CCCC)CCCC
D02924,COC(=O)C1=C(O)C=CC=C1OC\C=C\C1=CC(C2=CC(=NO2)C(O)=O)=C(F)C=C1
D02925,CCOC(=O)CCC1=CC=C(C=C1)S(N)(=O)=O
D02926,CC1(C)CCC(C)(C)C2=C1C=CC(=C2)[C@@H](O)C(=O)NC1=C(F)C=C(C=C1)C(O)=O
D02927,CN1CCCCC1C(=O)NC1=C(C)C=CC=C1C
D02928,OC(CCN1CCCCC1)(C1CC2CC1C=C2)C1=CC=CC=C1
D02929,NC(=[NH2+])C1=CC2=C(C=C1)N=CN2
D02930,OC(=O)CC1=CC(=C(O)C=C1)[N+]([O-])=O
D02931,COC1=CC=C(C=C1)S(=O)=O
D02932,[H]N1C=C(C2=CC=CC=C12)C1=C(C(=O)N([H])C1=O)C1=CN(CC[C@@H]2CCCN2C)C2=CC=CC=C12
D02933,[H][C@]1(O)O[C@]([H])(COS(O)(=O)=O)[C@@]([H])(O)[C@]([H])(O)[C@@]1([H])NS(O)(=O)=O
D02934,CC(=O)NC1=NN=C(S1)S(N)(=O)=O
D02935,[H][C@]12CCC[C@H](N1C(=O)[C@H](CCS2)NC(=O)[C@@H](S)CC1=CC=CC=C1)C(O)=O
D02936,CC(=O)CC(O)=O
D02937,NS(=O)(=O)C1=CC=C(C=C1C(F)(F)F)C1=CC=C(O1)\C=C1/SC(=N)NC1=O
D02938,[H][C@@](CC1=CC=CC=C1)(N=C(O)CCC(O)=O)C(O)=N[C@@]([H])(CC1=CC(C(O)=O)=C(OCC(O)=O)C=C1)C(O)=NCCCCC
D02939,CC1=NC=C(COP(O)(O)=O)C(CNCC(O)=O)=C1O
D02940,OC(=O)C(=O)CC1=CC=C(O)C=C1
D02941,CC(=C)CCO[P@](O)(=O)OP(O)(O)=O
D02942,[H][C@]12SCC(C)=C(N1C(=O)[C@H]2NC(=O)[C@H](N)C1=CC=CC=C1)C(O)=O
D02943,[H][C@]1(COP(O)(O)=O)O[C@@]([H])(N2C=NC3=C2N=CN=C3OP(O)(O)=O)[C@]([H])(O)[C@]1([H])O
D02944,FC1=CC=C(C=C1)S(=O)(=O)NCC(=O)N=O
D02945,CN(C)CC1=CC=C(O1)C1=CC=CN=C1
D02946,[H][C@@]1(CC(C)C)CN(CCN1C(=O)C1=NC=C(C=N1)C1=CC=NC=C1)S(=O)(=O)C1=CC2=CC(Cl)=CC=C2N1
D02947,OC1(N2CCN=C2C2=CC=CC=C12)C1=CC=C(Cl)C=C1
D02948,CN(C)CCC1=CNC2=C1C=C(CN1C=NC=N1)C=C2
D02949,CCCC[C@]12CC3=CC(O)=CC=C3C1=C(Br)C(=O)CC2
D02950,[H][C@]12CCCN1C(=O)C1=C2C(NC(=O)NC2=CC=CC=N2)=CC=C1
D02951,[H]\C(C[C@@]([H])(OC)[C@@]([H])(C)C(=O)CC[C@]([H])(C)[C@]([H])(C[C@]1([H])OC(=O)C[C@@]([H])(O)C[C@]([H])(O)CC(=O)[C@]([H])(C)[C@]([H])(OC)C2=COC(=N2)C2=COC(=N2)C2=COC(=N2)\C([H])=C([H])\CC[C@@]1([H])C)OC)=C(\[H])N(C)CO
D02952,CC1=CC=C(C=C1)S(O)(=O)=O
D02953,N[C@@H](CCNC(=N)NO)C(O)=O
D02954,[H]C(CS)(N=C(O)CCCCCN=C(O)[C@]([H])(CC1=CC=C(C=C1)C(F)(F)P(O)(O)=O)N=C(O)C([H])(CC(O)=O)N=C(O)CC1=CC=C(C=C1)C(F)(F)P(O)(O)=O)C(O)=N
D02955,[H][C@](N)(CCCNC(N)=N)C(=O)C1=NC2=CC=CC=C2S1
D02956,NC(=N)NC(=N)NCCC1=CC=CC=C1
D02957,NCC1=CC=C(NC(=O)C(O)=O)C=C1
D02958,NC(N)C1=CC2=C(C=C1)[N+]1=C(N2)C(=O)C2=[N+]([Zn]1)C1=C(N2)C=C(C=C1)C(N)N
D02959,CC(=O)N[C@H]1C(O)O[C@H](COP(O)(O)=O)[C@@H](O)[C@@H]1O
D02960,[H][C@]1(CCF)CNC(=O)C2=C1NC(=C2)C1=NC(N)=NC=C1
D02961,CC(C)NC(=O)NS(=O)(=O)C1=C(NC2=CC=CC(C)=C2)C=CN=C1
D02962,[NH3+]C1(CC2=CC=C(Cl)C=C2)CCN(CC1)C1=C2C=CNC2=NC=N1
D02963,[H][C@](C)(COC1=CC(=CC(C)=C1)C(=O)N(CC)C(C)C)NC1=CC=NC=C1
D02964,[H][C@@]12CC[C@@](C)(O)[C@@]1(C)CCC1=C2C=CC2=CC(O)=CC=C12
D02965,C(C1=NCCN1)C1=CC=CC=C1
D02966,CC1=CC2=NC3=C(N=C2C=C1C)C(=O)NC(=O)N3
D02967,C[N@@+]1(CC=C)CC[C@]23[C@H]4OC5=C(O)C=CC(C[C@@H]1[C@]2(O)CCC4=O)=C35
D02968,CNC[C@H](O)C1=CC(O)=C(O)C=C1
D02969,[H][C@@]1(CCCCN1)C(F)(F)CNC1=NC=CC2=C1N=C(CC1=CC=CC=C1N1C=NC=N1)O2
D02970,FC(F)(F)OC1=CC=C(NC(=O)C2=C(NCC3=CC=NC4=CC=CC=C34)C=CS2)C=C1
D02971,[H][C@]1(NC2=CC(Cl)=C(C=C2S(=O)(=O)N1)S(N)(=O)=O)C(Cl)Cl
D02972,[H][C@@]1(CC[C@@]2([H])[C@]3([H])CC[C@@]4([H])C[C@]([H])(CC[C@]4(C)[C@@]3([H])CC[C@]12C)OC(=O)CCC(O)=O)C(C)=O
D02973,COCCOC1=NC(N)=NC(C)=C1
D02974,NS(=O)(=O)C1=CC=C(C=C1)C(=O)NCC1=C(F)C=C(F)C=C1F
D02975,O=C1N(C=C(C=C1C1=CC=CC=C1C#N)C1=NC=CC=C1)C1=CC=CC=C1
D02976,[H][C@@]12N3CC[C@@]11C4=CC(=C(OC)C=C4N(C)[C@@]1([H])[C@](O)([C@H](O)[C@]2(CC)C=CC3)C(=O)NNC(=O)OCCSSC[C@H](NC(=O)[C@H](CC(O)=O)NC(=O)[C@H](CC(O)=O)NC(=O)[C@H](CCCNC(N)=N)NC(=O)[C@H](CC(O)=O)NC(=O)CC[C@H](NC(=O)C1=CC=C(NCC2=CNC3=NC(N)=NC(=O)C3=N2)C=C1)C(O)=O)C(O)=O)[C@]1(C[C@@]2([H])C[N@](C[C@](O)(CC)C2)CCC2=C1NC1=CC=CC=C21)C(=O)OC
D02977,ClC1=CC=CC=C1C1=CC2=C(C3=C(N2)C=CC(NC=O)=C3)C2=C1C(=O)NC2=O
D02978,[H][C@@](N)(C(=O)N1CCC(F)(F)C1)[C@@]([H])(C(=O)N(C)C)[C@@]1([H])CC[C@@]([H])(CC1)C1=CN2N=CN=C2C=C1
D02979,CC1=CC=C(C=C1C(=O)NC1=CN=C(N)C=C1)C(=O)NCCC1CCCC1
D02980,[H][C@](N)(C1CC1)C(=O)N1CC(=C[C@@]1([H])C1=CC=CC=C1)C1=CC(F)=CC=C1F
D02981,CC1=CC=C(C=C1)S(O)(=O)=O.[H]C1(CC2=C(C1)C(=CC=C2)S(=O)(=O)N1[C@@]([H])(C)CN(C[C@@]1([H])C)C1=CC=C(OC(F)(F)F)C=C1)C(O)=O
D02982,[H][C@](N)(CCC1=CC=CC=C1)C=CS(=O)(=O)C1=CC=CC=C1
D02983,BrC1=C2C=C(C=C(NCC3=CN=CN=C3)N2N=C1)C1=CC=CC=C1
D02984,[H][C@@]12CC[C@H](OC(=O)CCC3=CC=CC=C3)[C@@]1(C)CC[C@]1([H])[C@@]3([H])CCC(=O)C=C3CC[C@@]21[H]
D02985,CN1C=CN=C1C(=O)C1=C(C)C2=C(O1)C=CC=C2OCCCNCC1=CN=CC=C1
D02986,CCCC1=CC2=C(NC(CC(N)=O)=C2)C(CC(O)=O)=C1
D02987,[H][C@@]12C[C@@H](C)[C@](O)(C(=O)CCl)[C@@]1(C)C[C@H](O)[C@@]1(Cl)[C@@]2([H])CCC2=CC(=O)C=C[C@]12C
D02988,ClC1=CC2=C(NC(=C2)C(=O)NCCOCCOCCNC(=O)C2=CC3=C(N2)C=CC(Cl)=C3)C=C1
D02989,CCCS(=O)(=O)NC1=C(F)C(C(=O)C2=CNC3=NC=C(Cl)C=C23)=C(F)C=C1
D02990,[H][C@]12C=CCC=C1C=CC1=CC(O)=CC=C1N2CC1=NC2=C(N)N=C(N)N=C2N=C1
D02991,CC[N+](C)(C)CC1=CC=CC=C1Br
D02992,CCCCC1=NC(Cl)=C(CO)N1CC1=CC=C(C=C1)C1=CC=CC=C1C1=NNN=N1
D02993,CC(C[N+](C)(C)C)OC(N)=O
D02994,CC1=NC(C(=O)NCC(O)=O)=C(O)C2=CC=C(OC3=CC=CC=C3)C=C12
D02995,O[C@H](COP(O)(O)=O)[C@@H](O)[C@H](O)[C@H](O)COP(O)(O)=O
D02996,[H][C@]1(CO)O[C@](N=C(C)O)(C(O)=N)[C@]([H])(O)[C@@]([H])(O)[C@]1([H])O
D02997,CNC(=O)CN1CCC(CC1)NC1=NC(=CC=N1)C1=CN=C2C=CC=CN12
D02998,NCCCC(O)=O
D02999,[H][C@]1(NCCC2=C1C=C(NC(=O)C1=CC=C3C=C(C=CC3=C1)C(N)=N)C=C2)C(C)C
D03000,ClC1=CN(CCCCN2CCN(CC2)C2=NC=CC=N2)N=C1
D03001,[H][C@@]12CC(F)(F)C[C@]1([H])[C@@]([H])(OC1=C2C=C(O)C=C1COC)C1=CC=C(O)C=C1
D03002,[H][C@](O)(CO)CCO\N=C1\C(\NC2=CC=CC=C\12)=C1\C(=O)NC2=C1C=CC=C2
D03003,N[C@@H](CC1=CC=CC(O)=C1)C(O)=O
D03004,COCC(COC)N1C=CC2=C1C=CC1=NC(N)=NC(N)=C21
D03005,CC1=CN([C@@H]2O[C@H](CO[P@@](O)(=O)OP(O)(O)=O)C=C2)C(=O)NC1=O
D03006,[H][C@@](CC1=CC=CC=C1)(NC(C)=O)C(=O)C(F)(F)F
D03007,CSCC[C@H](NC(=O)[C@H](CO)NC(=O)[C@H](CC1=CC=C(O)C=C1)NC(=O)[C@H](CO)NC(C)=O)C(=O)N[C@@H](CCC(O)=O)C(=O)NC(CC1=CN=CN1)C(=O)N[C@@H](CC1=CC=CC=C1)C(=O)N[C@@H](CCCNC(N)=N)C(=O)N[C@@H](CC1=CNC2=CC=CC=C12)C(=O)NCC(=O)N[C@@H](CCCCN)C(=O)N1CCC[C@H]1C(=O)N[C@@H](C(C)C)C(N)=O
D03008,OC(=O)C1=C(O)C(I)=CC(I)=C1
D03009,[H][C@]1(O)[C@]([H])(O)[C@@]([H])(CO)O[C@]([H])(O[C@@]2([H])[C@]([H])(O)[C@@]([H])(O)[C@@]([H])(OCCCCCCCCCCCC)O[C@]2([H])CO)[C@]1([H])O
D03010,[H][C@@]1(C[C@@](C)(OC)[C@@H](O)[C@H](C)O1)O[C@H]1[C@H](C)[C@@H](O[C@]2([H])O[C@H](C)C[C@@H]([C@H]2O)N(C)C)[C@@](C)(C[C@@H](C)C(=O)[C@H](C)[C@@H](O)[C@](C)(O)[C@@H](CC)OC(=O)[C@@H]1C)OC
D03011,CCCCCCCC(=O)SCCNC(=O)CCNC(=O)[C@H](O)C(C)(C)COP(O)(=O)OP(O)(=O)OC[C@H]1O[C@H]([C@H](O)[C@@H]1OP(O)(O)=O)N1C=NC2=C1N=CN=C2N
D03012,[H][C@]12CC[C@]([H])(C[C@]([H])(C1)SCC(=O)O[C@]1([H])C[C@@](C)(C=C)[C@@]([H])(O)[C@]([H])(C)[C@]34CCC(=O)[C@@]3([H])[C@@]1(C)[C@]([H])(C)CC4)N2C
D03013,[H][C@]1(CCCN1C(=O)CCC(C)C)C(=O)NCC1=CC(Cl)=CC=C1
D03014,[H][C@]1(CO)O[C@@]([H])(N2C=NC3=C(N[C@]4([H])CCCC5=CC=CC=C45)N=CN=C23)[C@]([H])(N=C(O)C2=CC(OC)=CC(OC)=C2)[C@]1([H])O
D03015,[H][C@]1(O[C@H](CO)[C@@H](O)[C@H](O)[C@H]1O)C1=CC=C(C)C(CC2=CC=C(S2)C2=CC=C(F)C=C2)=C1
D03016,C[C@@]1(CCCN1)C1=NC2=CC=CC(C(N)=O)=C2N1
D03017,CC1=C(C)C(NC2=CC=CC=C2C(O)=O)=CC=C1
D03018,OCC(F)(F)F
D03019,OC(=O)C1=C(C=CS1)C(=O)NC1=C(F)C=C(C=C1F)C1=CC(OC(F)(F)F)=CC=C1
D03020,[H][C@](N)(CC1=CC=C(C=C1)C1=CC=CC=C1)C(O)=O
D03021,OC(=O)C1=CC=C(C=C1)C1=CC=C(O1)\C=C1/SC(=N)NC1=O
D03022,[H][C@@]1(O)CN2CCC[C@@]([H])(O)[C@]2([H])[C@]1([H])O
D03023,[H][C@]1(C)O[C@]([H])(O[C@]2([H])[C@@]([H])(CO)O[C@]([H])(OC[C@@]3([H])O[C@@]([H])(O)[C@]([H])(O)[C@@]([H])(O)[C@]3([H])O)[C@]([H])(O)[C@@]2([H])O)[C@]([H])(O)[C@@]([H])(O)[C@]1([H])N[C@@]1([H])C=C(CO)[C@@]([H])(O)[C@]([H])(O)[C@@]1([H])O
D03024,OC(=O)C1=CC=C(C=C1)C1=NC(C2=CC=CC(=C2)[N+]([O-])=O)=C2N=CC=CC2=C1
D03025,[H][C@](N)(CC1=CC=C(C=C1)C1=CC=CC=C1)C(=O)N1CCC[C@@]1([H])CN
D03026,CN1C(C(=O)NC2=CC=CC=N2)=C(O)C2=C(C=CS2)S1(=O)=O
D03027,[H]N(C)C(=O)C1=C(C)N([H])C(\C=C2/C(=O)N([H])C3=C2C=C(Cl)C=C3)=C1C
D03028,N[C@@H](CS(O)(=O)=O)C(O)=O
D03029,NC(=[NH2+])C1=CC=C2NC(=CC2=C1)C1=CC=CC(=C1[O-])C1=CC=CC=C1
D03030,[H]N(CCCCOC1=CC=CC(O)=C1C(=O)OC)C(=O)[C@H](CC1=CC=C(C=C1)N(C(=O)C(O)=O)C1=CC=CC=C1C(O)=O)N([H])C(=O)OCC=C
D03031,OC1=NC=NC2=C1NC=N2
D03032,CC(=O)NC[C@H]1CN(C(=O)O1)C1=CC(F)=C(C=C1)N1CCOCC1
D03033,[H][C@@](CC1=CC=C(C=C1)C(F)(F)P(O)(O)=O)(NC(=O)[C@]([H])(CC1=CC=CC=C1)NC(C)=O)C(N)=O
D03034,COC1=CC=CC(=C1)N1C(CN2CCOCC2)=CC2=C(SC(=C2)S(N)(=O)=O)S1(=O)=O
D03035,CCNC(=O)[C@@H]1O[C@H]([C@H](O)[C@H]1O)N1C=NC2=C1N=CN=C2N
D03036,CCCC[N+]#[C-]
D03037,CCCCOC1=C(N)C=CC(=C1)C(=O)OCCN(CC)CC
D03038,COC1=CC=C(C=C1O)[C@@H]1CC(=O)C2=C(O1)C=C(O[C@@H]1O[C@H](CO[C@@H]3O[C@@H](C)[C@H](O)[C@@H](O)[C@H]3O)[C@@H](O)[C@H](O)[C@H]1O)C=C2O
D03039,[H][C@]12SC(C)(C)[C@@H](N1C(=O)[C@H]2NC(=O)C1=C(C)ON=C1C1=C(Cl)C=CC=C1Cl)C(O)=O
D03040,[Na+].[Na+].N[C@@H](CC1=CC(I)=C(OC2=CC(I)=C(O)C=C2)C(I)=C1)C([O-])=O.N[C@@H](CC1=CC(I)=C(OC2=CC(I)=C(O)C(I)=C2)C(I)=C1)C([O-])=O
D03041,CCOC(=O)[C@H](CCC1=CC=CC=C1)N[C@@H](C)C(=O)N1CC2(C[C@H]1C(O)=O)SCCS2
D03042,[H][C@@](CCC(O)=N[C@@]([H])(CCC(O)=N[C@@]([H])(CCC(O)=O)C(O)=O)C(O)=O)(NC(=O)C1=CC=C(NC[C@@]2([H])CNC3=C(N2C=O)C(O)=NC(=N)N3)C=C1)C(O)=O
D03043,CC1=C(C=C)\C(NC1=O)=C\C1=C(C)C(CCC(O)=O)=C(N1)\C=C1/N=C(/C=C2\NC(=O)C(C=C)=C2C)C(C)=C1CCC(O)=O
D03044,[H][C@]1(CNC2=C(N1)C(N)=NC(N)=N2)C1=CC=CC=C1
D03045,[H][C@]1(COP(O)(=O)OP(O)(=O)OC[C@@]2([H])O[C@@]([H])([N+]3=CC=CC(=C3)C([S-])=N)[C@]([H])(O)[C@]2([H])O)O[C@@]([H])(N2C=NC3=C(N)N=CN=C23)[C@]([H])(O)[C@]1([H])O
D03046,NC1=NC(=O)N(C=C1)[C@@H]1O[C@H](COP(O)(=O)OP(O)(=O)OP(O)(O)=O)[C@@H](O)[C@H]1O
D03047,CN1C=NC2=CC(C#N)=C(C(CN)=C12)C1=C(Cl)C=CC=C1
D03048,N[C@@H](CC1=CN=CN1)C(O)=O
D03049,[H][C@]12CC=C(C)[C@]([H])(C1)[C@@]([H])(OC2(C)C)C1=CC=C(O)C=C1
D03050,COC(=O)C1CCN(CC1)C(=O)C1=CC=C(NCC2=NC3=C(N=C2)N=C(N)N=C3N)C=C1
D03051,CC(C)N1CCC(CC1)NC(=O)C1=CC2=C(C=CC=C2)N1CC(=O)NC1=CC=C(Cl)C=C1
D03052,CCC1(CCC(C)C)C(=O)NC(=O)NC1=O
D03053,NC[C@H](C1=CC=C(Cl)C=C1)C1=CC=C(C=C1)C1=CNN=C1
D03054,[H][C@@]1(O)O[C@]([H])(CO)[C@@]([H])(O[C@]2([H])O[C@]([H])(CO)[C@@]([H])(O)[C@]([H])(O)[C@@]2([H])N=C(C)O)[C@]([H])(O)[C@@]1([H])N=C(C)O
D03055,FC(F)(F)COC1=CC(C(=O)NCC2CCCCN2)=C(OCC(F)(F)F)C=C1
D03056,CCN(CC)C(=O)C1CN2CCC3=CC(OC)=C(OC)C=C3C2CC1OC(C)=O
D03057,N[C@@H](CC1=CC(I)=C(OC2=CC(I)=C(O)C=C2)C(I)=C1)C(O)=O
D03058,COC1=CC=CC=C1C1=CNC2=C1C=C(C=N2)C1=CC(=CN=C1)C(=O)N(C)C
D03059,CC(C)(C)OC(=O)NC1=C(N=CC=C1)C(=O)NC1=NC=CS1
D03060,[H][C@]1(F)[C@H](O)[C@@H](CO)O[C@H]1N1C=NC2=C(N)N=C(Cl)N=C12
D03061,[H][C@@](CC(O)=O)(N=C(O)CP(O)(O)=O)C(O)=O
D03062,C[C@@H]1CC2=CC3=C(OCO3)C=C2C(=NN1C(C)=O)C1=CC=C(N)C=C1
D03063,CCCCCCCCCCNC(=O)NC1CCCCC1
D03064,ClC1=CC=C(C=C1)C1=NNC(=C1)C1CCNCC1
D03065,NC(=O)C1=C(N)N(C=N1)[C@@H]1O[C@H](COP(O)(O)=O)[C@@H](O)[C@H]1O
D03066,[H][C@@]1(CO)C[C@@]([H])(O)[C@@]([H])(O1)N1C=NC2=C1NC(=N)N=C2O
D03067,O=C1C=CC=C2[C@H]3CNC[C@H](C3)CN12
D03068,CCN1CCCC1CNC(=O)C1=C(OC)C=CC(=C1)S(N)(=O)=O
D03069,[H][C@](NCC1=CC=CC=C1)(C1=CC=CC=C1)P(O)(O)=O
D03070,[H][C@@](CC1=CNC2=CC=CC=C12)(NS(=O)(=O)C1=CC=C(C=C1)N1CCC(CC1)C1=CC=CC=C1)C(O)=O
D03071,[H][C@](C)(OC1=CC=C(OC2=CC=C(Cl)C=C2Cl)C=C1)C(O)=O
D03072,[H][C@@](CC(C)C)(NP(O)(=O)O[C@]1([H])O[C@@]([H])(C)[C@]([H])(O)[C@@]([H])(O)[C@@]1([H])O)C(O)=N[C@@]([H])(CC1=CNC2=CC=CC=C12)C(O)=O
D03073,CCCCC\C=C/C\C=C/C\C=C/CCCCCCC(O)=O
D03074,[H][C@](N)(CC1=CC=C2C=CC=CC2=C1)C(O)=O
D03075,[H]\C(CCN1CCN(CCO)CC1)=C1/C2=CC=CC=C2SC2=C1C=C(C=C2)C(F)(F)F
D03076,O[C@H]1[C@H](O)[C@@H](COP(O)(O)=O)O[C@H](OP(O)(O)=O)[C@@H]1O
D03077,CN(C)[C@@H](CCOC1=CC=CC2=CC=CC=C12)C1=CC=CC=C1
D03078,CC(C)NC1=C(N=CC=C1)N1CCN(CC1)C(=O)C1=CC2=C(N1)C=CC(NS(C)(=O)=O)=C2
D03079,N[C@@H](CSSC[C@H](N)C(O)=O)C(O)=O
D03080,CC(C)COC1=C(O)C(=CC=C1)C1=NC2=CC(C(N)=N)=C(F)C=C2N1
D03081,[H][C@](C)(O)CNC1=C2C(NC(=C2C2=CC=CC=C2)C2=CC=CC=C2)=NC=N1
D03082,C[C@]1(OC(=O)N(NC2=CC=CC=C2)C1=O)C1=CC=C(OC2=CC=CC=C2)C=C1
D03083,[H][C@](CC#CCOC)(NS(=O)(=O)C1=CC=C(C=C1)C1=CC=C(OC)C=C1)C(O)=O
D03084,O[C@H]1[C@H](O)[C@@](O)(COP(O)(O)=O)O[C@@H]1COP(O)(O)=O
D03085,C[C@H]1[C@@H](OCCN1C)C1=CC=CC=C1
D03086,NC1=C(C=C(NC2=CC=C(NC3=NC(Cl)=NC(NC4=CC=CC=C4S(O)(=O)=O)=N3)C(=C2)S(O)(=O)=O)C2=C1C(=O)C1=CC=CC=C1C2=O)S(O)(=O)=O
D03087,OC(=O)C1=CN(N=C1)C1=CC=CC=C1
D03088,NS(=O)(=O)C1=CC=C(NC(=S)OCCC2=CSC=C2)C=C1
D03089,NC1=NC=CC(=N1)C1=C(N=CN1C1CCNCC1)C1=CC=C(F)C=C1
D03090,CC(C)(C)NCC(O)COC1=CC=CC2=C1CCC(=O)N2
D03091,COC1=CC=C2NC(I)=C(CCNC(C)=O)C2=C1
D03092,CN1C(=O)C(O)=C(O)C2=CC=CC=C12
D03093,[H][C@]12CC3=C(NC4=CC=CC=C34)[C@H](N1C(=O)CN(C)C2=O)C1=CC2=C(OCO2)C=C1
D03094,O=C1NC2=C(C=C1)[C@H](CCC2)NCCCCCCCCCCNC1=C2CCCCC2=NC2=CC=CC=C12
D03095,[H][C@@]12CC3=CNC4=CC=CC(=C34)C1=C[C@H](CN2C)C(=O)N[C@@H](CC)CO
D03096,[H][C@@]1(O)CCN2C(=O)N(C(=O)[C@]12[H])C1=CC=C(C#N)C2=CC=CC=C12
D03097,OC(=O)C1=CC=CC=C1C1C2=CC=C(O)C=C2OC2=C1C=CC(O)=C2
D03098,[H][C@@]1(N)CCCN(C1)C1=NC2=C(N1CC1=CC=CC=C1C#N)C(=O)N(C)C(=O)N2C
D03099,OS(=O)(=O)C1=C2C(NC3=CC=CC=C3)=CC=CC2=CC=C1
D03100,[H][C@](C)(CNS(C)(=O)=O)C1=CC=C(C=C1)C1=CC=C(C=C1)[C@@]([H])(C)CNS(C)(=O)=O
D03101,COC1=CC=CC=C1N1C(=O)C2=C(Cl)C=CC=C2N=C1CSC1=C2N=CNC2=NC=N1
D03102,[H][C@@](NC(=O)OC(C)(C)C)(C=O)C1CCCCC1
D03103,CCOC1=CC2=C(C=C1)N=C(S2)S(N)(=O)=O
D03104,[H][C@]1(CN(C)C2=CC(OC)=C(OC)C(OC)=C2)CCC2=C(C1)C(N)=N[C@]([H])(N)N2
D03105,COC1=CC=CC=C1C1=CC(Cl)=C(NC(=O)C(\C#N)=C(\C)O)C=C1
D03106,[Al]
D03107,[H][C@@]12C[C@@H]([C@H](OC(C)=O)[C@@]1(C)CC[C@@]1([H])[C@@]2([H])CC[C@@]2([H])C[C@H](O)[C@H](C[C@]12C)N1CCOCC1)[N+]1(CC=C)CCCC1
D03108,BrC1=C2NCCCNS(=O)(=O)C3=CC=CC(NC(N=C1)=N2)=C3
D03109,CC1=NNC=C1C1=CC=C(CCN)C=C1
D03110,CC1=C(C=NO1)C(=O)NC1=CC=C(C=C1)C(F)(F)F
D03111,CC(=O)NCCC1=CNC2=C1C=C(O)C=C2
D03112,[Mg++].C[N+](C)(C)CCO.OC1=CC=CC=C1C([O-])=O.OC1=CC=CC=C1C([O-])=O.OC1=CC=CC=C1C([O-])=O
D03113,OC(=O)CCCC1=NC(=NO1)C1=CC(=CC=C1)[N+]([O-])=O
D03114,[H][C@@]1(CO[C@](C)(OC1)C(O)=O)OC(=O)N1CCN(CC1)C(=O)O[C@@]1([H])CO[C@](C)(OC1)C(O)=O
D03115,[H]/C1=C([H])\C(=O)CC2=C(C(O)=CC(O)=C2Cl)C(=O)O[C@]([H])(C)C[C@@]2([H])O[C@]2([H])/C([H])=C\1/[H]
D03116,CC1=CC=CC(O)=C1
D03117,[O-]S(=O)(=O)C1=CC=CC=C1.[O-]S(=O)(=O)C1=CC=CC=C1.COC1=CC2=C(C=C1OC)C(CC1=CC(OC)=C(OC)C=C1)[N+](C)(CCC(=O)OCCCCCOC(=O)CC[N+]1(C)CCC3=C(C=C(OC)C(OC)=C3)C1CC1=CC(OC)=C(OC)C=C1)CC2
D03118,NC1=CC(O)=C(C=C1)C(O)=O
D03119,OC(=O)C1=C(C=C(OC2=C(NC(=O)C3=CC(=CC=C3)[N+]([O-])=O)C=CC=C2)C=C1)C(O)=O
D03120,II
D03121,CC1=CC(OCC(O)=O)=CC(C)=C1CC1=CC=C(O)C(CC2=CC=CC=C2)=C1
D03122,COC1=CC(=CC(OC)=C1OC)N(C)CC1=C(C)C2=C(N)N=C(N)N=C2N=C1
D03123,[H][C@](N)(CC1CCCCC1)[C@@]([H])(O)[C@@]([H])(O)CC(C)C
D03124,CN1CCC(CC1)N1CCN(CC1)C(=O)[C@H](NC(=O)C1=CC=C2C=CNC2=C1)C1=CC=CC=C1
D03125,N[C@@H](CCC\N=C(/N)S)C(O)=O
D03126,COC1=CC2=C(NC(=N2)[S@@](=O)CC2=NC=C(C)C(OC)=C2C)C=C1
D03127,[H][C@](N)(CC(=O)N1CCCCCN1C(=O)C1=CC=CC=C1)CC1=C(F)C=C(F)C(F)=C1
D03128,CCC1=NC(N)=NC(N)=C1C1=CC2=C(OC(C)(C)C(=O)N2CCNC(C)=O)C=C1
D03129,NC1=NC(=S)C2=C(N1)N=CN2
D03130,CC1=C(NC2=CC(=CN=C2)C(N)=O)C=C(C=C1)C(=O)NC1=CC=CC(=C1)C(F)(F)F
D03131,N[C@@H](CC1=CNC2=CC=CC=C12)C(O)=O
D03132,[H][C@](C)(NS(=O)(=O)C1=CC=C(OC)C=C1)C(O)=O
D03133,[H][C@]1(COC2=CC=C(NCC3=CC=CC=C3)C=C2)CCCN1
D03134,CN(C)CCOC(C1=CC=CC=C1)C1=CC=C(Br)C=C1
D03135,[H][C@]1(COP(O)(=O)OP(O)(=O)OP(O)(=O)OC[C@@]2([H])O[C@@]([H])(N3C=[N+](C)C4=C3NC(=N)N=C4O)[C@]([H])(O)[C@]2([H])O)O[C@@]([H])(N2C=NC3=C2NC(=N)N=C3O)[C@]([H])(O)[C@]1([H])O
D03136,O=C(NC1CC1)NC1=CNN=C1C1=NC2=CC=C(C[NH+]3CCOCC3)C=C2N1
D03137,[H][C@](C)(OC1=C(SC(=C1)N1C=NC2=CC(OC)=C(OC)C=C12)C(N)=O)C1=CC=CC=C1Cl
D03138,CN1N=C(C=C1NC(=O)NC1=CC=C(Cl)C=C1)C(C)(C)C
D03139,[H][C@]12SC(C)(C)[C@@H](N1C(=O)[C@H]2NC(=O)[C@H](N)C1=CC=CC=C1)C(O)=O
D03140,N[C@@H](C[SeH])C(O)=O
D03141,[H][C@@]12C[C@]3([H])C[C@@H](CC[C@@]3([H])[C@H](\C=C\C3=CC=C(C=N3)C3=CC(F)=CC=C3)[C@]1([H])[C@@H](C)OC2=O)NC(=O)OCC
D03142,CC(C)(N)C1=CC=C(C=C1)C1=NC(NC2=CC=C(CCN3CCOCC3)C=C2)=NC=C1Cl
D03143,CCNC(=O)[C@H]1O[C@H]([C@H](O)[C@@H]1O)N1C=NC2=C1N=C(N=C2N)C#CC[C@H]1CC[C@@H](CC1)C(=O)OC
D03144,[N]=O
D03145,COC1=C(OC2CCCC2)C=C(C=C1)C1CN=C(O)C1
D03146,NC(=N)NC(=N)NC1=C(Cl)C=CC(=C1)C(F)(F)F
D03147,CSCC[C@H](NC(=O)[C@H](CO)NC(=O)[C@H](CC1=CC=C(O)C=C1)NC(=O)[C@@H](N)CO)C(=O)N[C@@H](CCC(O)=O)C(=O)N[C@@H](CC1=CN=CN1)C(=O)N[C@@H](CC1=CC=CC=C1)C(=O)N[C@@H](CCCNC(N)=N)C(=O)N[C@@H](CC1=CNC2=C1C=CC=C2)C(=O)NCC(=O)N[C@@H](CCCCN)C(=O)N1CCC[C@H]1C(=O)N[C@@H](C(C)C)C(=O)NCC(=O)N[C@@H](CCCCN)C(=O)N[C@@H](CCCCN)C(=O)N[C@@H](CCCNC(N)=N)C(=O)N[C@@H](CCCNC(N)=N)C(=O)N1CCC[C@H]1C(=O)N[C@@H](C(C)C)C(=O)N[C@@H](CCCCN)C(=O)N[C@@H](C(C)C)C(=O)N[C@@H](CC1=CC=C(O)C=C1)C(=O)N1CCC[C@H]1C(O)=O
D03148,[H][C@@](CC1=CC=CC=C1)(C[N+]([O-])=O)C(O)=O
D03149,[H][C@](CC(O)=O)(NC(=O)C1=CC(=CS1)C1=CC=C(C=C1)C1=CC=NC=C1)C1=CC=CC=C1
D03150,[H][C@](N)(CC1=CC=CC=C1)[C@]([H])(O)CNS(=O)(=O)C1=C(C)C=C(OC)C(C)=C1C
D03151,C[C@@H]1CCCN(C1)C(C)=O
D03152,[H][C@](O)(CC(=O)N[C@]([H])(C(=O)N1CCC[C@@]1([H])C(O)=O)[C@@]([H])(C)CC)C(=O)NCCC
D03153,CSC[C@H](N)C(O)=O
D03154,[H][C@]1(O)C=C(O[C@@]([H])(OCC(C)C)[C@]1([H])NC(C)=O)C(O)=O
D03155,[H]C1(CCC(CC1)=C1C(O)=C(O)C2=CC=CC=C2C1=O)C1=CC=C(Cl)C=C1
D03156,NC(N)=NCCN1CCCCCCC1
D03157,NS(=O)(=O)C1=CC=C(CNC(=O)C2=C(NN=C2)C2=CC(Cl)=C(O)C=C2O)C=C1
D03158,CCCC1=C2ON=C(C2=CC=C1OCCCOC1=CC2=C(C=C1)N(CC(O)=O)C=C2)C(F)(F)F
D03159,CC1(C)CCC(C)(C)C2=C1C=CC(=C2)[C@H](O)C(=O)NC1=C(F)C=C(C=C1)C(O)=O
D03160,[H][C@](C)(CC)C1=C(O)C=CC(=C1)C(O)=N[C@]1([H])CNCCC[C@@]1([H])OC(=O)C1=CC=C(C=C1)C(=O)C1=C(O)C=CC(OC)=C1
D03161,[H][C@]1(CC(F)(F)CN1C(=O)CCN1C(=O)C2=C(C=CC=C2)C1=O)C(=O)N1CCCC1
D03162,CCOCCOCCOCCOCCOCCO
D03163,[H][C@](CS)(CC1=CC=CC=C1)C1=NC2=C(N1)C=C[NH+]=C2
D03164,CC1=CC=CC(=N1)C1=NC(NC2=CC=C3NN=CC3=C2)=C2C=CC=CC2=N1
D03165,NC1=NC(=CS1)C1=CC=C(O)C=C1
D03166,CC(=O)N\C(N)=N\CCC[C@@H]1NC(=O)[C@H](CCCC(O)=O)NC(=O)[C@H](CC2=CN=CN2)N2[C@H](O)C[C@H](NC(=O)[C@H]3CCCN3C1=O)C2=O
D03167,FC1=CNC(=O)NC1=O
D03168,NCCC1=CC=CC=C1
D03169,CCC1=NN(C2=C1C(=O)NC(CC1=CC(O)=C(O)C=C1)=N2)C1=C(Cl)C=C(Cl)C=C1Cl
D03170,[H][C@](O)(CCCCCC)C(O)=O
D03171,[O-][N+](=O)OC[C@@H](O[N+]([O-])=O)[C@H](CO[N+]([O-])=O)O[N+]([O-])=O
D03172,N[C@H](CO)C(O)=O
D03173,[H][C@]1(C[C@@]2(N=C(O)N=C2O)C2=C(O1)C=CC(F)=C2)C(O)=N
D03174,OC(C1=CC=CC=C1)(C1=CC=CC=C1)C12CC[N+](CCOCC3=CC=CC=C3)(CC1)CC2
D03175,[H][C@@](C)(C(=O)\N=C1/C=C(N=N1)C1CC1)C1=CC=C(C=C1)N1CCN=C1O
D03176,NC(=N)C1=CC2=C(C=C1)N=C(N2)C(=O)C1=NC2=C(N1)C=CC(=C2)C([NH3+])=[NH2+]
D03177,[H][C@@](C[P@](O)(=O)[C@@]([H])(NS(=O)(=O)C1=CC=CC=C1)C(C)C)(C(O)=O)C1=CC(CN)=CC=C1
D03178,CC(C)(CC1CC2=C(C1)C=CC=C2)NC[C@@H](O)COC1=CC(CCC(O)=O)=CC(F)=C1F
D03179,CCCNC(C)C(=O)NC1=CC=CC=C1C
D03180,NC[C@@H]1O[C@H](O[C@@H]2[C@@H](CO)O[C@@H](O[C@@H]3[C@@H](O)[C@H](N)C[C@H](N)[C@H]3O[C@H]3O[C@H](CN)[C@@H](O)[C@H](O)[C@H]3N)[C@@H]2O)[C@H](N)[C@@H](O)[C@@H]1O
D03181,COC1=NC=CN=C1CC(C)C
D03182,[H][C@]1(COP(O)(=O)OP(O)(=O)OC[C@@]2([H])O[C@@]([H])(N3C=NC4=C(N)N=CN=C34)[C@]([H])(O)[C@]2([H])O)C[C@@]([H])([N+]2=CC=CC(=C2)C(O)=N)[C@]([H])(O)[C@]1([H])O
D03183,[H][C@]1(CC2=NC(N)=CC(C)=C2)CNC[C@@]1([H])NCCNCC1=CC=C(Cl)C=C1
D03184,[H][C@@]1(O)CCN2C(=O)N(C(=O)[C@]12[H])C1=C(C)C(Cl)=C(C=C1)C#N
D03185,[H][C@](N)(CCC(O)=N[C@@]([H])(CSCCCCCCCC)C(O)=NCC(O)=O)C(O)=O
D03186,CC[N+](CC)(CC)CCC(O)(C1CCCCC1)C1=CC=CC=C1
D03187,ClC1=CC=C(NS(=O)(=O)C2=CC=C3CCNCC3=C2)C=C1
D03188,[H][C@@](O)(CNC(=O)NCC1=CC=CC=C1)C(O)=O
D03189,[H][C@@](O)(COP(O)(O)=O)[C@@]([H])(O)[C@]([H])(O)C(O)=O
D03190,FC1=CC=C(C=C1)C1=NNC=C1C1=CC=NC=C1
D03191,[H][C@]1(CC#N)CC[C@@]2([H])[C@]3([H])CCC4=CC(OS(N)(=O)=O)=C(OC)C=C4[C@@]3([H])CC[C@]12C
D03192,[H][C@](N)(CCCC[N+](C)(C)C)C(O)=O
D03193,OCCOC1=CC=C(C=C1)C(=C(\CCCl)C1=CC=CC=C1)\C1=CC=CC=C1
D03194,[H][C@]12NC(=O)C(=O)N1[C@]([H])(CO)[C@@]([H])(O)[C@]([H])(O)[C@]2([H])O
D03195,[H][C@@]1(N(CCCSC1(C)C)S(=O)(=O)C1=CC=C(OC)C=C1)C(=O)NO
D03196,[H][C@]1(O)CN[C@]([H])(CO)[C@@]([H])(O)[C@]1([H])O
D03197,CC1=NC(=NO1)C(CC1=CC=CC=C1)(CC1=CC=C(NS(O)(=O)=O)C=C1)C1=NOC(C)=N1
D03198,CC[C@]12CC[C@H]3[C@@H](CCC4=CC(=O)CC[C@H]34)[C@@H]1C=C[C@@]2(O)C#C
D03199,OC(=O)CCCNC(=O)NC1CCCCC1
D03200,COC1=CC(CN(C)C2=CN=C3N=C(N)N=C(N)C3=C2)=CC(OC)=C1OC
D03201,[H][C@](CC(=O)NC1=NN=C(S)S1)(NC(=O)OCC1=CC=CC=C1)C1=CC=CC=C1
D03202,CCCCCCCC\C=C/CCCCCCCC(=O)OC[C@H](CO[P@](O)(=O)OC[C@H](O)CO)OC(=O)CCCCCCC\C=C/CCCCCC
D03203,[H][C@@](CC1=CC=C(OP(O)(O)=O)C=C1)(N=C(C)O)C(O)=N[C@@]1([H])CCCCN(CC2=CC=C(C=C2)C2=CC=CC=C2)C1=O
D03204,OC(=O)CC(O)=O
D03205,[H][C@@]1(C[C@]1(CC1=CC=C(OCC2=CC(C)=NC3=C2C=CC=C3)C=C1)C(=O)OC)C(=O)NO
D03206,CN1N=C(C(=O)N[C@@H]2C[C@@H]3CCC[C@H](C2)N3C)C2=C1C=CC=C2
D03207,O=C1OC2=CC=CC=C2C=C1
D03208,CN1C2=C([N-]C(Cl)=N2)C(=O)N(C)C1=O.C[NH+](C)CCOC(C1=CC=CC=C1)C1=CC=CC=C1
D03209,[H][C@]1(CO)O[C@@]([H])(OC)[C@]([H])(NC(C)=O)[C@@]([H])(O)[C@]1([H])O
D03210,NC1=NC2=C(C(N)=N1)C(SC1=CC=C(C=C1)N1CCOCC1)=CC=C2
D03211,CC1=C(CNC2=CC=CC3=NC=CC=C23)C=NC2=NC(N)=NC(N)=C12
D03212,COC1=CC=C2NC(=O)\C(=C/C3=CN=CN3)C2=C1
D03213,[O-]C(=O)CC([O-])=O
D03214,CN1C(C(=O)NC2=NC=C(C)S2)=C(O)C2=C(C=CC=C2)S1(=O)=O
D03215,NCCCNC1=CC=CC=C1[N+]([O-])=O
D03216,CC(C)NC(=O)C[C@H]1CCCN(C(=O)C2=C(Cl)C=C(C=C2)N2CCCC2)C2=CC=CC=C12
D03217,CN(C)CCCN1C2=CC=CC=C2SC2=C1C=C(C=C2)C(C)=O
D03218,[H][C@]1(CO)O[C@@]([H])(N2C=CC(O)=NC2=O)[C@@]([H])(O)[C@]1([H])OP(O)(O)=O
D03219,S\C=C\C[S@](=O)CC=C
D03220,CC1=CNN=C1
D03221,ClC1=CC2=C(OC(=O)N2)C=C1
D03222,CCC(O)=O
D03223,CN1C=NC(=C1SC1=NC=NC2=C1NC=N2)[N+]([O-])=O
D03224,CC(C)N1C=NC2=C1NC(NCCO)=N\C2=N/C1=CC=CC(Cl)=C1
D03225,[H][C@@](CC1=CC=CC(=C1)C(N)=N)(NC(=O)CNS(=O)(=O)C1=CC=C(C)C=C1)C(=O)OC
D03226,OC[C@H]1O[C@H]([C@@H]2O[C@H](CP(O)(O)=O)O[C@H]12)C1=CNC2=C1NC=NC2=O
D03227,CNCCNS(=O)(=O)C1=CC=CC2=C1C=CN=C2
D03228,N[C@@H](CCCNC(=N)N[C@H](CC(O)=O)C(O)=O)C(O)=O
D03229,NC1=C2N=CN([C@@H]3O[C@H](CO[P@@](O)(=O)O[P@@](O)(=O)OC[C@H]4O[C@H](O)[C@H](O)[C@@H]4O)[C@@H](O)[C@H]3O)C2=NC=N1
D03230,CCCCC1=C(NC2=NC=CN=C12)C1=CC=C(O)C=C1
D03231,[H][C@]1(COP(O)(=O)OP(O)(=O)CP(O)(O)=O)O[C@@]([H])(N2C=NC3=C(N)N=CN=C23)[C@]([H])(O)[C@]1([H])O
D03232,CC(C)(C#N)C1=CC(=CC(CN2C=NC=N2)=C1)C(C)(C)C#N
D03233,NC1=CC2=C(C=C1)C1=CC=C(N)C=C1C(C1=CC=CC=C1)=[N+]2CCCCCCC1=CN(CCNC2=C3CCCCC3=NC3=C2C=CC=C3)N=N1
D03234,COC1=CC=CC(=C1)C1=CC=C(NC(=O)C2=C(SC=C2)C(O)=O)C(F)=C1
D03235,CCN(CCCC1=CC=CC=C1)CCCC1=CC=CC=C1
D03236,C[N+](C)(C)CCCCCCCCCC[N+](C)(C)C
D03237,[H][C@](CCN1C(=O)C2=CC=CC=C2C1=O)(CC(=O)C1=CC=C(C=C1)C1=CC=C(OCC)C=C1)C(O)=O
D03238,O=C(NCC1=NC=CC=C1)C1=CC=C(OC2=CC=CC=C2)C=C1
D03239,CN[C@H]1CN(C2=CC(OC)=CC=C2)S(=O)(=O)C2=C1C=C(S2)S(N)(=O)=O
D03240,N[C@@H](CC1=CC(F)=C(O)C=C1)C(O)=O
D03241,CCC1=C(C)NC2=C1C(=O)C(CN1CCOCC1)CC2
D03242,[O-][N+](=O)C1=C(C=C2NC(=O)C(=O)NC2=C1)[N+]([O-])=O
D03243,CP(O)=O
D03244,[H][C@@](N)(C(F)=C1CCCC1)[C@]([H])(CC1CC1)C1=NC(=NO1)C1=CC=C(C=C1Cl)S(C)(=O)=O
D03245,Br.Br.Br.Br.Br.Br.Br.Br.Br.Br.Br.[Br-].[Ta].[Ta].[Ta].[Ta].[Ta].[Ta+]
D03246,CC(C)(C)NCC(O)C1=NC(CO)=C(O)C=C1
D03247,CN(C)CCC[C@]1(OCC2=C1C=CC(=C2)C#N)C1=CC=C(F)C=C1
D03248,NCC1=CC=C2OCC3(CCN(CC3)C(=O)C3=CC=C(O3)C#CC3=CC=CC=C3)C2=C1
D03249,CN(C)C1=NC2=C(Br)C(Br)=C(Br)C(Br)=C2N1
D03250,NCCCOC1=CC=C(C=C1)C1=C(NN=C1)C1=CC(Cl)=C(O)C=C1O
D03251,[H][C@@]1(CC[C@@]2([H])[C@]3([H])CCC4=C(C=C(OC)C(OS(N)(=O)=O)=C4)[C@@]3([H])CC[C@]12C)OS(N)(=O)=O
D03252,C[N+](C)(C)C1=CC=C(CNC(=O)C2=CC3=C(C=CC(OCC4=CC=CC=C4)=C3)N2CC2=CC=CC(=C2)C(N)=N)C=C1
D03253,OC(=O)CCCCCCOC1=C(Cl)C=C(NC(=O)NC(=O)C2=CC=CC=C2Cl)C=C1Cl
D03254,O[C@@H]1CO[C@H](O)[C@H](O)[C@H]1O
D03255,[H][C@@]12CC[C@@]3(CCC(C)(C)C(=O)O3)[C@@]1(C)CC[C@]1([H])C3=CC=C(C=C3CC[C@@]21[H])C(N)=O
D03256,[H][C@@](CC)(C=O)[C@@]([H])(CNS(=O)(=O)C1=CC=C(C=C1)[N+]([O-])=O)C(O)=O
D03257,OC(=O)CCC1C2=CC=C(O)C=C2OC2=C1C=CC(O)=C2
D03258,CC1=C(F)C(OC2=CC(=CC=C2)C(N)=N)=[NH+]C(OC2=CC=CC(=C2)C(N)=N)=C1F
D03259,NS(=O)(=O)C1=CC=C(NC2=NC(=CC=N2)C2=CN=C3C=CC=CN23)C=C1
D03260,[H][C@]1(CO)O[C@@]([H])(SCCCCCCC)[C@]([H])(O)[C@@]([H])(O)[C@]1([H])O
D03261,[H][C@]1(COP(O)(=O)OP(O)(O)=O)O[C@@]([H])(N2C=NC3=C(N)N=CN=C23)[C@]([H])(O)[C@]1([H])OP(O)(O)=O
D03262,[H][C@@]12C[C@H](C(=O)OOC)[C@](C)(O1)N1C3=C(C=C(CSCC)C=C3)C3=C4CNC(=O)C4=C4C5=C(C=CC(CSCC)=C5)N2C4=C13
D03263,[H][C@](C)(NC1=C(NC2=CC=NC=C2)C(=O)C1=O)C1=CC=CC=C1
D03264,[H]\C(C1=CC(OC)=C(C=C1)N1C=NC(C)=C1)=C1\CCCN(C1=O)[C@@]([H])(C)C1=CC=C(F)C=C1
D03265,[H][C@@]1(O)[C@]([H])(O)[C@]([H])(NCC2=CC=CC=C2)[C@@]([H])(SC)[C@]1([H])O
D03266,[H][C@]1(CN(CC2=CC=C(F)C=C2)CCN1)C(=O)NCCCS
D03267,CC1=C(CO)C2=C(C)C3(CC3)[C@@](C)(O)C(=O)C2=C1
D03268,CCCCNC(=N)NO
D03269,CC1=CC(Br)=C([O-])C(=C1)C1=CC2=CC(=CC=C2N1)C(N)=[NH2+]
D03270,[H][C@](C)(CC)[C@]([H])(NC(=O)[C@@]1([H])O[C@]1([H])C(=O)OCC)C(O)=O
D03271,[H][C@@](C)(NC(=O)OCC1=CC=CC=C1)C(=O)NC[P@](O)(=O)O[C@@]([H])(CC1=CC=CC=C1)C(O)=O
D03272,OS(=O)(=O)C1=CC2=C(C=CC=C2)C=C1
D03273,[H][C@@]12CC3=CNC4=CC=CC(=C34)C1=C[C@H](CN2C)C(=O)N[C@@H](C)CO
D03274,C(NC1=CC(=NC2=C(C=NN12)C1CC1)C1=CC=CC=C1)C1=CN=CC=C1
D03275,CCCCN1C2=C(NC(CC3=CC=C(NC(C)=O)C=C3)=N2)C(=O)N(CC2=CC=CC=C2F)C1=O
D03276,[H][C@@]12CCCC[C@@]11CCN(C)[C@@H]2CC2=C1C=C(O)C=C2
D03277,[H][C@@]1(CC[C@]([H])(C2=C(F)C=C(F)C(F)=C2)[C@@]([H])(N)C1)N1CCN2C(C1)=NN=C2C(F)(F)F
D03278,COC1=CC=C(C=C1)S(=O)(=O)N1CCN(CC1)S(=O)(=O)C1=CC=C2OCCOC2=C1
D03279,OC(=O)\C=C\C1=C(O)C=C(O)C=C1
D03280,[H][C@]1(N)CCC2=CC=CC=C2[C@]1([H])O
D03281,[H][C@]12CC3=C4C(OC5[C@@]4(CCN1C)[C@]21CC(C(C)(O)CCC)C5(OC)C=C1)=C(O)C=C3
D03282,[H][C@](O)(CO)[C@]([H])(O)[C@]([H])(O)[C@]([H])(O)CN(CCO)C(=O)CCCCCCCC
D03283,FC1=CC(=CC(=C1)C(=O)NC1=CC=C2NC=CC2=C1)N1CCOCC1
D03284,C[C@H](N)CC1=CC=CC=C1
D03285,[H][C@](N)(CCCNC(=N)NN(=O)=O)C(O)=N[C@@]([H])(CCN)C(O)=N
D03286,[H][C@](C)(CC1CC1)C=O
D03287,CN1CCC(CC1)=C1C2=CC=CC=C2CCC2=C1N=CC=C2
D03288,CCS(=O)(=O)N[C@H](CC1=CNC2=CC=CC=C12)C(=O)N[C@@H](CCC(N)=O)C(=O)NCC1=CC=C(C=C1)C(N)=N
D03289,CC1=C(NC2=CC=NC3=CC(=CC=C23)C2=CSC(C=O)=N2)C=C(O)C=C1
D03290,CC1(C)CCC(C)(C)C2=C1C=CC(=C2)C(=O)C1=CC2=C(C=C1)C=C(C=C2)C(O)=O
D03291,CC(C)C1=CC=C(COC2=C(Cl)C=C(CC(=O)NCCN)C=C2)C=C1
D03292,[H][C@](CS(C)(=O)=O)(N1C(=O)C2=C(C1=O)C(=CC=C2)N=C(C)O)C1=CC(OCC)=C(OC)C=C1
D03293,N[C@@H](CCC(=O)N[C@@H](CS)C(O)=O)C(O)=O
D03294,COC1=C(NC2=NC3=C(C=CN3)C(NC3=CC=CC(F)=C3C(N)=O)=N2)C=CC(CS(C)(=O)=O)=C1
D03295,[H][C@@]12CC[C@]3(O)C[C@H](C[C@@H](O)[C@]3(CO)[C@@]1([H])[C@H](O)C[C@]1(C)[C@H](CC[C@]21O)C1=CC(=O)OC1)O[C@@H]1O[C@@H](C)[C@H](O)[C@@H](O)[C@H]1O
D03296,OC(=O)C(C1=CC=CC=C1)C1=CC=CC=C1
D03297,[H][C@@](O)(CO)CONC(=O)C1=C(NC2=CC=C(I)C=C2F)C(F)=C(F)C=C1
D03298,[H][C@](N)(CC1=CC=C(CC(F)(F)F)C=C1)C(O)=O
D03299,CCCCNC(=O)NS(=O)(=O)C1=CC=C(C)C=C1
D03300,OC(=O)C1=CC(NC2=C(C(=O)NC2=O)C2=CC(Cl)=CC=C2)=CC=C1Cl
D03301,CC1=CC=CC(=C1)C(=O)C1=CC=NC(NCC2=CC=C(C=C2)C(N)=N)=C1
D03302,CCC1=C(O)C=C(O)C(=C1)C1=C(C(C)=NN1)C1=CC=C2OCCOC2=C1
D03303,COC1=CC2=NC=C3C(N)=NC4=C(C)C(N)=CC=C4C3=C2C=C1OC
D03304,[H][C@@](C)(COC1=CC=C(C=C1)[C@]1([H])OC2=C(S[C@]1([H])C1=CC=C(O)C=C1)C=C(O)C=C2)N1CCCC1
D03305,C[C@](O)(CBr)C(=O)NC1=CC(=C(C=C1)[N+]([O-])=O)C(F)(F)F
D03306,CCNC(=O)C1=NNC(=C1N1CCNCC1)C1=CC(Cl)=C(O)C=C1O
D03307,OP(O)(=O)OC1=CC=C(CC2=CC=C(OP(O)(O)=O)C=C2)C=C1
D03308,ClC1=CC=C2C=C(C=CC2=C1)S(=O)(=O)N1CCN(CC1)C(=O)C1CCN(CC1)C1=CC=NC=C1
D03309,[H][C@]1(O)CN(CCCCCCCCC)[C@]([H])(CO)[C@@]([H])(O)[C@]1([H])O
D03310,CC1=C(Cl)C(NC2=CC=CC=C2C(O)=O)=C(Cl)C=C1
D03311,[H][C@@]1(O)OC2=C(C=CC(OC)=C2)N(O)C1=O
D03312,CNCCCC1C2=CC=CC=C2C=CC2=CC=CC=C12
D03313,[O-][N+](=O)C1=CC=C(C=C1)C1=CC=C(O1)C=NN1CC(=O)NC1=O
D03314,CCOC(=O)[C@H](CCC1=CC=CC=C1)N[C@H]1CCCN2CCC[C@H](N2C1=O)C(O)=O
D03315,CN(C)CC(C1=CC=C(O)C=C1)C1(O)CCCCC1
D03316,[H][C@@]12CC3=C(C=CC(O)=N3)[C@]3(CC(C)=C1)NCCC[C@]23[H]
D03317,CCOC(=O)[C@H](CCC1=CC=CC=C1)N[C@@H](C)C(=O)N1CC2=CC(OC)=C(OC)C=C2C[C@H]1C(O)=O
D03318,CC(C)C1=CN\C(S1)=N\C(=O)CC1=CC=CN=C1
D03319,OC(CCN1CCCCC1)(C1CCCC1)C1=CC=CC=C1
D03320,[H][C@]1(CO)CN[C@]([H])(N=C(C)O)[C@@]([H])(O)[C@@]1([H])O
D03321,NC(=O)C1=CC(NC2=NC(NC3=C(Cl)C=CC4=C3OCO4)=CC=N2)=CC=C1
D03322,CCCN(CCC)CCC1=C2CC(=O)NC2=CC=C1
D03323,[H][C@@]12C[C@@]3([H])[C@]4([H])C[C@H](F)C5=CC(=O)C=C[C@]5(C)[C@@]4(F)[C@@H](O)C[C@]3(C)[C@@]1(OC(C)(C)O2)C(=O)CO
D03324,[H][C@@]1(Cl)CN=C(NCCC2=NC=CC=C2)[C@]([H])(O)N1CC(=O)NCC1=CSC2=CC=C(Cl)C=C12
D03325,[H][C@]1(N(CCSC1(C)C)S(=O)(=O)C1=CC=C(OCC#CC)C=C1)C(=O)NO
D03326,C1OC2=C(O1)C=C(OC1=CC=NC(OC3=CC=C(C=C3)N3C=CN=C3)=N1)C=C2
D03327,CCOCCOCCOCC
D03328,[H][C@](O)(C(O)=NCCC(O)=NCCCN(=O)=O)C(C)(C)COP(O)(=O)OP(O)(=O)OC[C@@]1([H])O[C@@]([H])(N2C=NC3=C(N)N=CN=C23)[C@]([H])(O)[C@]1([H])OP(O)(O)=O
D03329,NC(=N)NC(=O)CC1=C(Cl)C=CC=C1Cl
D03330,CO[C@@H](\C=C\C1=CSC(=N1)C1=CSC(=N1)[C@@H](C)\C=C\C=C\C(C)C)[C@@H](C)C(\OC)=C/C(N)=O
D03331,COC1=CC=C(C=C1)S(=O)(=O)N(CC1=CC=CN=C1)C1=C(C=CC=C1C)C(=O)NO
D03332,CCC[C@@H]1C[C@H](N(C)C1)C(=O)NC(C(C)Cl)[C@H]1O[C@H](SC)[C@H](O)[C@@H](O)[C@H]1O
D03333,[H][C@@](CCCO)(C(=O)NO)[C@@]([H])(CC(C)C)C(=O)N[C@@]1([H])CCCCN(CCOC)C1=O
D03334,CNC(C)CCC=C(C)C
D03335,[H][C@]1(NC(=O)[C@H](CC2=CC=C(OC)C=C2)NC(=O)CCCSC[C@H](NC(=O)[C@H](CC(N)=O)NC(=O)[C@H](CCC(N)=O)NC1=O)C(=O)N1CCC[C@H]1C(=O)N[C@@H](CC(C)C)C(=O)NCC(N)=O)[C@@H](C)CC
D03336,CN1CCN(CC1)NC(=O)NC1=CC=CC2=C1C(=O)C1=C(NN=C21)C1=C(C)N=C(C)S1
D03337,CCOC(=O)CO\N=C(\C1=CC=CC=N1)C1(CC1)C1=CC=C2N(C)C(CNC3=CC=C(C=C3)C(N)=N)=NC2=C1
D03338,OC(=O)C1=C(C(O)=O)C(C(O)=O)=C(C(O)=O)C(C(O)=O)=C1C(O)=O
D03339,CCC1=C(C(N)=NC(N)=N1)C1=CC=C2OC(C)(C)C(=O)N(CCCOC)C2=C1
D03340,[H]\C(=C(\[H])[C@@]([H])(C)[C@@]([H])(OC)[C@@]([H])(C)C(=O)CC[C@]([H])(C)[C@]([H])(C[C@]1([H])OC(=O)C[C@]([H])(C[C@]([H])(C)C[C@]([H])(O)[C@]([H])(C)[C@@]([H])(OC)C2=COC(=N2)C2=COC(=N2)C2=COC(=N2)\C([H])=C([H])\C[C@]([H])(OC)[C@@]1([H])C)O[C@]([H])(N)O)OC)N(C)CO
D03341,NCC(=O)NC1=CC=C(OCC2=CC=CC=C2)C=C1
D03342,FC1=CC=C(C=C1)C1=CNN=C1C1=CC(F)=NC=C1
D03343,[H][C@](N)(CCC(=O)N[C@@]([H])(CS[C@]1([H])C2=CC=CC=C2C2=CC=CC=C2[C@@]1([H])O)C(=O)NCC(O)=O)C(O)=O
D03344,NC(=[NH2+])NCCCO
D03345,[H]\C(\C(\[H])=C(/[H])C(O)(CC)CC)=C(\[H])[C@@]([H])(C)[C@@]1([H])CC[C@@]2([H])\C(CCC[C@]12C)=C(/[H])\C(\[H])=C1\C[C@@]([H])(O)C[C@]([H])(O)C1=C
D03346,OCC(=O)[C@@H](O)[C@H](O)[C@H](O)COP(O)(O)=O
D03347,[H]\C1=C([H])/[C@]([H])(CC2=CC=C(O)C=C2)N=C(O)[C@@]([H])(CC2=CC=CC=C2)NC(=O)C(=O)[C@]([H])(CCCNC(N)=N)N=C(O)[C@]2([H])CCCN2C(=O)[C@]([H])(CN=C1O)N=CO
D03348,N[C@@H](CCCNC(=N)N[N+]([O-])=O)C(=O)N[C@H]1CN[C@@H](C1)C(N)=O
D03349,CCCC1=CC(=O)OC2=C1C1=C(C=CC(C)(C)O1)C1=C2[C@@H](O)[C@H](C)[C@@H](C)O1
D03350,CC1CN(CCN1)C1=C(F)C(C)=C2C(=O)C(=CN(C3CC3)C2=C1)C(O)=O
D03351,CCCN1C(=NC(=C1C1=CC=NC(NC2CC2)=N1)C1=CC=C(Cl)C(Cl)=C1)C1CCN(C)CC1
D03352,[H][C@@]12CC[C@@]([H])(N1C)[C@@]([H])(C(=O)OC)[C@]([H])(C2)O[P@](O)(=O)C1=CC=CC=C1
D03353,[H][C@]1(C)[C@]([H])(C(C)C)C2=C(C=C(C)C(=C2)C(=O)CCC(O)=O)C1(C)C
D03354,[H][C@@]12CC[C@](OC(C)=O)(C(=O)COC)[C@@]1(C)C[C@H](C1=CC=C(C=C1)N(C)C)C1=C3CCC(=O)C=C3CC[C@@]21[H]
D03355,CCC1(CC)C(=O)NC(=O)NC1=O
D03356,CC(=O)C1=CC=CC(=C1)C1=CN=C2C=CC(NCC3CC3)=NN12
D03357,O=C1OCC\C1=C/NC1=CC=CC=C1
D03358,NC1=CC=CC=C1C(=O)CCC(O)=O
D03359,[H][C@]1(CN)CN(CCO1)C1=C(C=NC2=C1C=NN2)C1=CC=CC=C1
D03360,CC(C)C[C@@H](NC(N)=N)C(=O)NCC(=O)N1CCC(CC1)C1=CC(=NN1C)C1=CC=C(OCC2=CC=C(O2)C(O)=O)C(Cl)=C1Cl
D03361,CC1=CC=C(NC(=O)C2=CC=CN=C2)C=C1NC1=NC=CC(=N1)C1=CC=CN=C1
D03362,[H][C@]12C[C@H](NC(=O)C[C@H](O)C(C)(C)C(=O)[C@H](C)[C@@H](O)[C@@H](C)CCC[C@@]1(C)O2)C(\C)=C\C1=CSC(C)=N1
D03363,NS(=O)(=O)C1=CC=C(C=C1)C1=CC=C(O1)\C=C1/SC(=O)NC1=O
D03364,OC1=NC2=CC=CC=C2C1CC1=CC=C(C=C1)N1CCN(CC1)C=O
D03365,CCCSC1=CC2=C(C=C1)N=C(NC(=O)OC)N2
D03366,[H][C@](C(C)C)(N(CC1=CC=CN=C1)S(=O)(=O)C1=CC=C(OC)C=C1)C(=O)NO
D03367,CCCCCCCCCCCCCCCCCC(=O)OC[C@@H](CO[P@](O)(=O)OCCN)OC(=O)CCCCCCCCCCCCCCCCC
D03368,CCC1=C(C(=O)C2=CC(Br)=C(O)C(Br)=C2)C2=C(O1)C=C(C=C2)S(=O)(=O)NC1=CC=C(C=C1)S(N)(=O)=O
D03369,[H][C@@](CC1=CC=CC=C1)(OC1=CC=C(Cl)C=C1)C(O)=O
D03370,[H][C@@]12CCC[C@]1([H])[C@H](N(C2)C(=O)[C@@H](NC(=O)[C@@H](NC(=O)C1=NC=CN=C1)C1CCCCC1)C(C)(C)C)C(=O)N[C@@H](CCC)C(=O)C(=O)NC1CC1
D03371,[H][C@]12CN(C[C@]1([H])OCCN2)C1=C(F)C=C2C(=O)C(=CN(C3CC3)C2=C1C#N)C(O)=O
D03372,CN(C)C(=O)OC1=C[N+](C)=CC=C1
D03373,CCCCCCCCCCP(C)(C)=O
D03374,[H][C@@](O)(CN1C=NC2=C(N)N=CN=C12)[C@@]([H])(O)C(O)=O
D03375,[H][C@@]1(C[C@]([H])(OC(=O)C2=CC=CC=C2NC)[C@@]([H])(COP(O)(=O)OP(O)(O)=O)O1)N1C=NC2=C(N)N=CN=C12
D03376,OC(=O)C(C(O)=O)C1=CC=CC=C1
D03377,C[C@@H](OP(O)(O)=O)C(O)=O
D03378,NC(=O)CC1=CC=CC(C(=O)C2=CC=CC=C2)=C1N
D03379,[H]C(C(O)=O)=C(C)C(\[H])=C(/C)C[C@]([H])(C)CCCC[C@@]([H])(O)[C@@]([H])(CO)C=O
D03380,OC1=CC=C(C=C1)C1=CC2=C(O1)C(CC#N)=CC(O)=C2
D03381,OC(=O)CCC(=O)CCC(=O)CCC(O)=O
D03382,[H][C@](NC(=O)CN1C(=O)C(NS(=O)(=O)NC)=CC=C1C1=CC=CC=C1)(C(C)C)C(=O)C(F)(F)F
D03383,C[C@]12CC[C@H]3[C@@H](CCC4=C3C=CC(OS(O)(=O)=O)=C4)[C@@H]1CCC2=O
D03384,[H][C@]1(O)[C@]([H])(O)[C@@]2([H])N=C(O[C@@]2([H])[C@]1([H])CO)N(C)C
D03385,C[C@H]1O[C@H](C[C@H](O)[C@@H]1O[C@H]1C[C@H](O)[C@H](O[C@H]2C[C@H](O)[C@H](O[C@@H]3O[C@H](CO)[C@@H](O)[C@H](O)[C@H]3O)[C@@H](C)O2)[C@@H](C)O1)O[C@H]1CC[C@@]2(C)[C@H](CC[C@@H]3[C@@H]2C[C@@H](O)[C@]2(C)[C@H](CC[C@]32O)C2=CC(=O)OC2)C1
D03386,[H][C@@](NC(N)=N)(C1CCCCC1)C(O)=NCC(=O)N1CCC(CC1)C1=CC(=NN1)C1=C(Cl)C(Cl)=CC=C1
D03387,[H][C@](N)(CC1=CC=C(I)C=C1)C(O)=O
D03388,CC(C)C[C@@H](C(O)=O)C(=O)NO
D03389,[H][C@@](O)(CO)[C@@]([H])(O[C@@]1([H])O[C@]([H])(CO)[C@@]([H])(O[C@@]2([H])O[C@]([H])(C)[C@@]([H])(N[C@@]3([H])C=C(CO)[C@@]([H])(O)[C@]([H])(O)[C@@]3([H])O)[C@]([H])(O)[C@@]2([H])O)[C@]([H])(O)[C@@]1([H])O)[C@]([H])(O)[C@@]([H])(O)C=O
D03390,[H][C@@](CCCC)(NC(=O)CCC(O)=O)[P@](O)(=O)OC1=CC=CC=C1
D03391,[H][C@]1(CO)O[C@@]([H])(N2C=NC3=C2[NH+]=CN[C@@]3([H])O)[C@]([H])(O)[C@]1([H])O
D03392,[H][C@](C)(C#CC1=C(N)N=C(N)N=C1C)C1=CC(OC)=CC(=C1)C1=C(C)C=CC=C1C
D03393,OC[C@H]1C[C@@H](S\C(=N/OS(O)(=O)=O)CC2=CC=CC=C2)[C@H](O)[C@@H](O)[C@@H]1O
D03394,[H][C@]1(N)CC(O)=NC1=O
D03395,[H][C@@](C)(N=C(O)[C@@]([H])(N=C(O)OCC1=CC=CC=C1)C(C)C)C(O)=N[C@@]([H])(CC(O)=O)C(=O)CF
D03396,[H][C@@]12C[C@@H](C)[C@](C)(C(=O)CC)[C@@]1(C)C[C@H](O)[C@@]1([H])[C@@]2([H])CCC2=CC(=O)C=C[C@]12C
D03397,[H][C@]1(COC2=NC(=N)NC3=C2N=CN3)CCC(O)=N1
D03398,COC1=C(F)C(F)=C(C(N)=O)C(F)=C1F
D03399,C[C@@](O)([C@H](CC(O)=O)C(O)=O)C(O)=O
D03400,[H][C@@](CN)(CC1=C(Cl)C=C(Cl)C=C1)NC(=O)C1=CC=C(S1)C1=CC=NC(NC)=N1
D03401,O=N(=O)C1=CC=C2NN=CC2=C1
D03402,C[N+]1(CCCCC[N+]2(C)CCCC2)CCCC1
D03403,COC1=CC=C(C=C1)\N=C1\NC(N)=C(S1)C(=O)C1=CC=C(OC)C=C1
D03404,CC(C)C1=NN=C2C=CC(=CN12)C1=C(N=CO1)C1=CC=C(F)C=C1
D03405,ClC1=CC=C(COC(CN2C=CN=C2)C2=C(Cl)C=C(Cl)C=C2)C=C1
D03406,[H][C@@](CC)(NC1=NC=NC2=C1N=CN2)C1=NC2=CC=CC(F)=C2C(=O)N1C1=CC=CC=C1
D03407,CN1C=NC(C[C@H](N)C(O)=O)=C1
D03408,O.O=O.[O-][Cl]=O.[O-][Cl]=O.[O-][Cl]=O.[O-][Cl]=O
D03409,CC(C)C[C@H](NC(=O)[C@H](CCC1=CC=CC=C1)NC(=O)CN1CCOCC1)C(=O)N[C@@H](CC1=CC=CC=C1)C(=O)N[C@@H](CC(C)C)C(=O)[C@@]1(C)CO1
D03410,CN1C=C(C(=N1)C1=CC=C(OCC2=NC3=CC=CC=C3C=C2)C=C1)C1=CC=NC=C1
D03411,[H][C@@]12CC[C@](O)(C(=O)CO)[C@@]1(C)CC(=O)[C@@]1([H])[C@@]2([H])CCC2=CC(=O)C=C[C@]12C
D03412,N(C1=CC=CC=C1)C1=NC2=CC=NN2C(NC2=CC=CC=C2)=N1
D03413,CC(C)(C)C1=CC(=C(O)C=C1NC(=O)C1=CNC2=CC=CC=C2C1=O)C(C)(C)C
D03414,NC(=[NH2+])C1=CC=C2NC(=NC2=C1)C1=CC=CC=C1[O-]
D03415,[H][C@](N)(C1=CC=CC=C1)C1=CC=C(C=C1)C1=C2N=CNC2=NC=N1
D03416,OC(=O)C1=CC(S)=CC=C1[N+]([O-])=O
D03417,CCN(CC)CCOC(=O)C1(CCCCC1)C1CCCCC1
D03418,[H][C@]1(O)C[N@]2[C@@]([H])(C1)[C@]1([H])C(=O)N(CC3=CC=C4OCOC4=C3)C(=O)[C@]1([H])[C@]2([H])C1=CC=C(C=C1)C(N)=N
D03419,[H][C@]1(NC(=S)NC(C)=C1C(=O)OCC)C1=CC=CC(O)=C1
D03420,COC1=CC(CC2C3=C(OC)C(OC)=C(OC)C=C3CC[N+]2(C)CCCOC(=O)CCC(=O)OCCC[N+]2(C)CCC3=CC(OC)=C(OC)C(OC)=C3C2CC2=CC(OC)=C(OC)C(OC)=C2)=CC(OC)=C1OC
D03421,CO[C@H]1O[C@H](CO)[C@@H](O)[C@H](O)[C@@H]1O
D03422,[H][C@](O)(C(O)=O)[C@@]([H])(O)C(O)=NCCC
D03423,NC(=[NH2+])C1=CC=C(COB2OCCO2)C=C1
D03424,OC(=O)\C=C\C1=CC(O)=C(O)C=C1
D03425,CC1=CN([C@H]2C[C@H](O)[C@@H](COP(O)(O)=O)O2)C(=O)NC1=O
D03426,CC(C)=CCC\C(C)=C/CC\C(C)=C/CO
D03427,ClC1=CC(Cl)=C(CO\N=C(/CN2C=CN=C2)C2=CC=C(Cl)C=C2Cl)C=C1
D03428,CCCCCCCCCCCCS([O-])(=O)=O
D03429,[H][C@@](N)(COC1=CC(=CN=C1)C1=CC=C2NN=C(C)C2=C1)CC1=CC=CC=C1
D03430,NC(=O)C1=CN=CC(Br)=C1
D03431,[H][C@@]1(C)CN(CCN1S(=O)(=O)C1=CC=C(C=C1)C(C)(C)C)C1=CC=C(C=C1)[N+]([O-])=O
D03432,NC1=C2N=CN([C@@H]3O[C@H](COP(O)(=O)OP(O)(=O)OC[C@H]4O[C@H]([C@H](O)[C@@H]4O)[N+]4=CC=CC(=C4)C(O)=O)[C@@H](O)[C@H]3O)C2=NC=N1
D03433,CC(=O)N1CCN(CC1)C(=O)[C@H](CC1=CC=CC(=C1)C(N)=N)NS(=O)(=O)C1=CC=C2C=CC=CC2=C1
D03434,CC(C)CCC[C@@H](C)[C@@]1([H])CC[C@@]2([H])\C(CCC[C@]12C)=C\C=C1\C[C@@H](O)C[C@H](O)C1=C
D03435,[H][C@]1(N)CN(C[C@]1([H])C1=C(F)C=C(F)C(F)=C1)C1=CC(=NC=N1)C1=CC=C(OC)N=C1
D03436,C[C@@](N)(C(O)=O)C1=CC=C(C=C1)C(O)=O
D03437,OC(=O)C1=CC=CC(O)=C1O
D03438,OCCONC(=O)C1=CC=C(F)C(F)=C1NC1=CC=C(C=C1F)C#C
D03439,[H][C@@](N)(CP(O)(O)=O)C(O)=O
D03440,NC1=NC=NC(NC2=CC=C(C=C2)S(N)(=O)=O)=C1
D03441,C[N+](C)([O-])CCNC1=CC=C(NCC[N+](C)(C)[O-])C2=C1C(=O)C1=C(O)C=CC(O)=C1C2=O
D03442,C[S@@](=O)C1=CC=C(C=C1)C1=NC(=C(N1)C1=CC(I)=CC=C1)C1=CC=NC=C1
D03443,CC(C)C[C@H](NC(=O)[C@@H](CC(N)=O)NC(=O)[C@H](CC1=CC=C(O)C=C1)N(C)C(=O)[C@H](CO)NC(=O)[C@@H](CC1=CN=CC=C1)NC(=O)[C@@H](CC1=CC=C(Cl)C=C1)NC(=O)[C@@H](CC1=CC2=C(C=CC=C2)C=C1)NC(C)=O)C(=O)N[C@@H](CCCCNC(C)C)C(=O)N1CCC[C@H]1C(=O)N[C@H](C)C(N)=O
D03444,OC(=O)COC1=C(SC(=C1Br)C1=CC=C(O)C=C1)C(O)=O
D03445,NS(=O)(=O)C1=CC=C(C=C1)C1=CC=C(O1)\C=C1/SC(=N)NC1=O
D03446,[H][C@]1(CC=C(C)C)O[C@]1(C)[C@@]1([H])[C@]([H])(OC)[C@@]([H])(CC[C@]11CO1)OC(=O)NC(=O)CCl
D03447,N#CC1=NC2=C(N=CN2C2CCCC2)C(NC2=CC=CC=C2OCCCN2C=CN=C2)=N1
D03448,CN(CCOC1=CC=C(NS(C)(=O)=O)C=C1)CCC1=CC=C(NS(C)(=O)=O)C=C1
D03449,OC(CN1C=CN=C1)(P(O)(O)=O)P(O)(O)=O
D03450,[H][C@@]12CCN(C[C@@H]1C=C)[C@]([H])(C2)[C@@H](O)C1=C2C=C(OC)C=CC2=NC=C1
D03451,NC1=CC=CC=C1CO
D03452,CCCCCCCC\C=C/CCCCCCCC(=O)OC[C@H](COP(=O)(O)OCC[N+](C)(C)C)OC(=O)CCCCCCC\C=C/CCCCCCCC
D03453,[H][C@@](C)(CCC1=CC=C(O)C=C1)NC(=O)CC1=C(NC2=C1C=CC=C2)C1=CC=CC=C1
D03454,NC(N)=N
D03455,S=P(N1CC1)(N1CC1)N1CC1
D03456,COC(=O)C1=CCCN(C)C1
D03457,[H][C@@](CS(=O)(=O)CC1=C(OC(F)F)C=CC=C1)(OC(=O)N1CCOCC1)C(=O)NCC#N
D03458,[H]N(C(C)=O)[C@]([H])(CC1=C2C=CC=CC2=CC=C1)[B-](O)(O)O
D03459,[H][C@](NC(=O)CN1C(=O)C(NS(C)(=O)=O)=CN=C1C1=CC=C(N)C=C1)(C(C)C)C(=O)C(F)(F)F
D03460,CN(CC=CC1=CC=CC=C1)CC1=CC=CC2=CC=CC=C12
D03461,O[C@H](C[C@H](O)\C=C\C1=C(N=C2C=CC=CC2=C1C1=CC=C(F)C=C1)C1CC1)CC(O)=O
D03462,NS(=O)(=O)C1=CC2=C(NCNS2(=O)=O)C=C1C(F)(F)F
D03463,N[C@H]1[C@H](O)O[C@H](CO)[C@H](O)[C@@H]1O
D03464,[H][C@]1(CO)O[C@@]([H])(N2C=CC(O)=NC2=O)[C@]([H])(O)[C@]1([H])OP(O)(O)=O
D03465,COC1=CC2=C(C=C1Cl)C(=NCC2)C1=CC=CC(Br)=C1
D03466,CC(=O)OC1=CC2=C(CCN(C2)C(C(=O)C2CC2)C2=CC=CC=C2F)S1
D03467,CC(C)N(CC[C@H](C1=CC=CC=C1)C1=C(OC(=O)C(C)C)C=CC(CO)=C1)C(C)C
D03468,NC(=O)C1=CC=CC=C1NC1=NC(NC2=CC(O)=CC=C2)=NC=C1
D03469,OC1=CC=C(C=C1)C1=CC=C2C(C=CC(O)=C2Cl)=C1
D03470,NC(=[NH2+])C1=CC=C2NC(=CC2=C1)C1=CC=CC(OC2CCCC2)=C1[O-]
D03471,CCCS(=O)(=O)NC1=C(F)C(C(=O)C2=CNC3=NC=C(C=C23)C2=CC=C(Cl)C=C2)=C(F)C=C1
D03472,[H][C@@]1(CO[C@](C)(OC1)C(O)=O)OC(O)=NCCN=C(O)O[C@@]1([H])CO[C@](C)(OC1)C(O)=O
D03473,COC1=CC=CC=C1OCC(O)CN1CCN(CC(=O)NC2=C(C)C=CC=C2C)CC1
D03474,CCCCCCCCCCCCC(O)=O
D03475,CCOC(=O)C(C)=O
D03476,NS(=O)(=O)C1=CC=C(N2CCCC2=O)C(=C1)[N+]([O-])=O
D03477,[H][C@](O)(CN)CNC1=C2N=CC=CC2=C(C=C1)[N+]([O-])=O
D03478,CN1CCC(CC1)OC(C1=CC=CC=C1)C1=CC=CC=C1
D03479,OCC(C)(CO)C(=O)O[C@@H]1CC[C@@H](C[C@@H](C)[C@]2([H])CC(=O)[C@H](C)\C=C(C)\[C@@H](O)[C@@H](OC)C(=O)[C@H](C)C[C@H](C)\C=C\C=C\C=C(C)\[C@@H](OC)C[C@]3([H])CC[C@@H](C)[C@@](O)(O3)C(=O)C(=O)N3CCCC[C@H]3C(=O)O2)C[C@H]1OC
D03480,OC(=O)C(=O)CC(=O)C1=CC=CC(=C1)N(CC1=CC=CC=C1)CC1=CC=CC=C1
D03481,CC(C)CN(C[C@@H](OP(O)(O)=O)[C@H](CC1=CC=CC=C1)NC(=O)O[C@H]1CCOC1)S(=O)(=O)C1=CC=C(N)C=C1
D03482,CC1=CC(CN2CCN(CC2)C(C2=CC=CC=C2)C2=CC=C(Cl)C=C2)=CC=C1
D03483,OB1OCCO1
D03484,CC[C@H](C)[C@H](N)C1=N[C@@H](CS1)C(=O)N[C@@H](CC(C)C)C(=O)N[C@H](CCC(O)=O)C(=O)N[C@@H]([C@@H](C)CC)C(=O)N[C@H]1CCCCNC(=O)[C@H](CC(N)=O)NC(=O)[C@@H](CC(O)=O)NC(=O)[C@H](CC2=CNC=N2)NC(=O)[C@@H](CC2=CC=CC=C2)NC(=O)[C@@H](NC(=O)[C@@H](CCCN)NC1=O)[C@@H](C)CC
D03485,[H]N=C(N)C1=CC2=C(C=C1)N1[Zn]N3C(CC1=[NH+]2)=[NH+]C1=C3C=CC(=C1)C(N)=N[H]
D03486,[H]N=C(CC1=CNC2=CC=CC=C12)C(O)=O
D03487,[H][C@](CC=C)(C=O)[C@@]1([H])CCC[C@]1([H])O
D03488,[Mn++]
D03489,CN1C=C(C=N1)C1=NN2C(SC3=CC=C4N=CC=CC4=C3)=NN=C2C=C1
D03490,[H][C@]1(CO)O[C@@]([H])(N2C=CC(=N)N=C2O)[C@]([H])(OP(O)(O)=O)[C@]1([H])O
D03491,[H]C(=NN1CCOC1=O)C1=CC=C(O1)[N+]([O-])=O
D03492,CC\C=C/C\C=C/C\C=C/C\C=C/C\C=C/C\C=C/CCC(=O)O[C@@H](C(=O)O[C@H]1C[C@@]2(O)[C@@H](OC(=O)C3=CC=CC=C3)[C@@]3([H])[C@@](C)([C@@H](O)C[C@@]4([H])OC[C@@]34OC(=O)C)C(=O)[C@H](OC(=O)C)C(=C1C)C2(C)C)[C@@H](NC(=O)C1=CC=CC=C1)C1=CC=CC=C1
D03493,[H][C@]1(N)CN(C[C@@]1([H])C(=O)N1CCCC1)C(=O)C1=CN=C2C=CC=CC2=N1
D03494,CC(C)(C)C1=NN(C(NC(=O)NC2=CC=CC=C2)=C1)C1=CC=CC(N)=C1
D03495,[H][C@](N)(CSCC1=CC=C(Br)C=C1)C(O)=O
D03496,CCN(CC)C1=CC(O)=C(\C=C(/C)C(O)=O)C=C1
D03497,NS(=O)(=O)C1=NN=C(S1)C1=CC=CC=C1Cl
D03498,[H][C@]1(O)C[C@@]([H])(O[C@]1([H])COP(O)(O)=O)N1C=CC2=C(C)C=CC=C12
D03499,[H][C@]12SC(C)(C)[C@@H](N1C(=O)[C@H]2NC(=O)C1=C(C)ON=C1C1=CC=CC=C1)C(O)=O
D03500,[H][C@]1(CO)O[C@@]([H])(N2C=NC3=CN=CN=C23)[C@]([H])(O)[C@]1([H])O
D03501,NC1=NC=CC=C1NCC1=CC=CC(=C1)C1=CN=CC=C1
D03502,COCCCOC1=C(OC)C=CC(C[C@@H](C[C@H](N)[C@@H](O)C[C@@H](C(C)C)C(=O)NCC(C)(C)C(N)=O)C(C)C)=C1
D03503,[H][C@@](CC(C)C)(NC(=O)C1=CC=CO1)C(O)=O
D03504,[H]N([H])C1=NC=NC2=C1N=CN2[C@@H]1O[C@H](CO[W](O)(=O)O[W](O)(O)=O)[C@@H](O)[C@H]1O
D03505,[H][C@]1(C)CN(C[C@@]([H])(C)O1)C1=CC=C(NC(=O)C2=CC=CC(=C2C)C2=CC=C(OC(F)(F)F)C=C2)C=N1
D03506,O=CCCCC1CCNCC1
D03507,OCCN(CC(=O)NO)S(=O)(=O)C1=CC=C(C=C1)C1=CC=CC=C1
D03508,COC1=CC(CC2=NC3=C(N)N=C(F)N=C3N2CCCC#C)=C(OC)C=C1
D03509,NC1=C(F)C=NC(=O)N1
D03510,[H]\C(=C(\[H])C(C)(C)C)[C@@]([H])(O)[C@]([H])(O)[C@@]([H])(O)[C@@]([H])(OC)C(O)=N[C@@]1([H])CC[C@@]([H])(O)CN=C1O
D03511,[Zn+4].[H]\C(C)=C1\C(C)=C2[N-]\C\1=C([H])/C1=C(C)C(=C([H])C)\C([N-]1)=C([H])\C1=C(C)C(CCC(O)=O)=C([N-]1)\C([H])=C1/[N-]\C(=C/2\[H])C(C)=C1CCC(O)=O
D03512,CC1=NC=C(N1CCO)[N+]([O-])=O
D03513,N[C@H](CCC(=O)N[C@@H](CC1=CNC2=CC=CC=C12)C(O)=O)C(O)=O
D03514,CC(C)C[C@H](NC(=O)[C@@H](O)CC(O)=O)C(=O)NCCCCNC(N)=[NH2+]
D03515,[H][C@@]([NH3+])(CC1=CC=CC=C1)C(=O)N1CCC[C@@]1([H])C(O)=N[C@@]([H])(CCCNC(N)=N)[C@]([H])(O)CCl
D03516,CCCCCCCCCCCCO
D03517,CC[C@@H](CO)NC(=O)CC1=C(C)N(C(=O)C2=CC=C(Cl)C=C2)C2=C1C=C(OC)C=C2
D03518,O=C1C(CCS(=O)C2=CC=CC=C2)C(=O)N(N1C1=CC=CC=C1)C1=CC=CC=C1
D03519,CC1=CN(C(=O)C=C1)C1=CC=CC=C1
D03520,[H][C@]1(COP(O)(O)=O)O[C@@]([H])(N2C(O)=CC(O)=NC2=O)[C@]([H])(O)[C@]1([H])O
D03521,O=CN(C1CCC1)C1CCCC1
D03522,CC1=CC(OCCCC(C)(C)C(O)=O)=C(C)C=C1
D03523,[H][C@@]12CCCC[C@@]11CCN(CC=C)[C@@H]2CC2=C1C=C(O)C=C2
D03524,NCCCC(N)(C(F)F)C(O)=O
D03525,ClC1=CC=C(CCC2(CN3C=CN=C3)OCCO2)C=C1
D03526,OC1=CC2=C(C=C1)N=C(O2)C1=C2C=CC=C(O)C2=CC=C1
D03527,[H][C@@](CC1CCCCC1)(NC1=NC2=CC=CC=C2O1)C(=O)NCCNC1=CC=C(OC)C=C1
D03528,CC(=O)NCCC1=CN=CN1
D03529,OC1=CC=C(\C=N\OC(=O)C2CCCCC2)C=C1
D03530,CC1=CC=C(C=C1)C1=NN(C2=C1C(N)=NC=N2)C(C)(C)C
D03531,[H]\C1=C([H])\[C@]2([H])C[C@]2(N=C(O)[C@]2([H])C[C@]([H])(C[C@@]2([H])C(=O)N(C)CCCC1)OC1=C2C=CC(OC)=C(C)C2=NC(=C1)C1=NC(=CS1)C(C)C)C(O)=NS(=O)(=O)C1CC1
D03532,[H][C@](O)(CO)CON=C(O)C1=CC(Br)=C(F)C(F)=C1NC1=C(F)C=C(I)C=C1
D03533,[H][C@@]1(CC[C@@]2([H])\C(CCC[C@]12C)=C\C=C1\C[C@@H](O)[C@@H](OCCCO)[C@H](O)C1=C)[C@H](C)CCCC(C)(C)O
D03534,NC(=N)NC1=CC=C(CO)C=C1
D03535,NC1=NN=C2C(CCC3=CC=CC=C23)=C1
D03536,N#CC1=CC=C(\N=C2/O[C@@]([H])(C(F)(F)F)[C@]3([H])[C@](O)([H])CCN23)C(C)=C1Cl
D03537,NC1=NC=CC(OC2=C(F)C=C(NC(=O)NC(=O)CC3=CC=C(F)C=C3)C=C2)=C1
D03538,CN1C(CC(O)=O)=CC=C1C(=O)C1=CC=C(C)C=C1
D03539,COC1=CC=C(O)C=C1NC(=O)NC(=O)C1=CC=C(F)C=C1Cl
D03540,NC1=CC=CC(=C1)C1=C2N=C(NC3=CC=CC(Cl)=C3)C=CN2N=C1
D03541,NC1=NC2=C(C(N)=N1)C(OCC1CCN(CC3=C(Cl)C(Cl)=CC=C3)CC1)=CC=C2
D03542,N[C@H](CO)CC1CCCCC1
D03543,CC(=O)CC(=O)SCCNC(=O)CCNC(=O)[C@H](O)C(C)(C)COP(O)(=O)OP(O)(=O)OC[C@H]1O[C@H]([C@H](O)[C@@H]1OP(O)(O)=O)N1C=NC2=C1N=CN=C2N
D03544,OC(=O)COC(=O)C1=C2C(C(=O)N(CC(O)=O)S2(=O)=O)=C2C=CC=CC2=C1
D03545,NC1=NCCS1
D03546,COC(=O)[C@H](CC1=CC=CC(=C1)C(N)=N)[C@@H](C)NC(=O)C1=CC=C(C=C1)C1=CC=CC(CN)=C1
D03547,NCCNC[C@@H](N)CCCNC(=N)N[N+]([O-])=O
D03548,OCC1=CC=CC(F)=C1F
D03549,CNS(=O)(=O)C1=CC=C(NC2=NC(=CC=N2)C2=CN=C(C)N2C2CC2)C=C1
D03550,[H]N=C([H])C(=C)CCC1=CC=C(F)C=C1
D03551,[H][C@@](C)(NC)C(=O)N[C@]([H])(C(=O)N1CCC[C@@]1([H])C(=O)N[C@]1([H])CCCC2=C1C=CC=C2)C(C)(C)C
D03552,[H][C@](C)(CC)[C@]([H])(NC(=O)[C@@]1([H])O[C@]1([H])C(=O)NCCC)C(=O)N1CCC[C@@]1([H])C(=O)OC
D03553,CN1C=CC(=O)C(O)=C1C
D03554,CCOC(=O)C1=C(\C(=C/N)C#N)C2=C(N1C)C(Cl)=C(Cl)C=C2
D03555,C[C@@H](OC1=CC(=CN=C1N)C1=CN(N=C1)C1CCNCC1)C1=C(Cl)C=CC(F)=C1Cl
D03556,[H]\C(C1=C(C)C(CCC(O)=O)=C(N1)C(\[H])=C1/N=C(O)C(C)=C1CC)=C1\N=C(\C(\[H])=C2/N=C(O)C(C)=C2CC)C(CCC(O)=O)=C1C
D03557,OC(=O)CC1=CC=C(C=C1)C1=CC=CC=C1
D03558,[H][C@](CC)(C1=CC=C(O)C=C1)[C@]([H])(CC)C1=CC=C(O)C=C1
D03559,NS(=O)(=O)C1=C(Cl)C=CC(=C1)C1(O)NC(=O)C2=CC=CC=C12
D03560,[H][C@](N)(CCC1=CC=CC=C1)C(C)=O
D03561,OC(=O)CCP(O)(O)=O
D03562,OC(=O)CCCCCNC(=O)NC1CCCCC1
D03563,[H][C@]1(N)CN(CC[C@]1([H])C1=CC(F)=C(F)C=C1F)C1=NC=NC(=C1)C1=CC=CC(=C1)S(C)(=O)=O
D03564,CCNC
D03565,[H][C@@](C)(C[C@]([H])(N)C(O)=O)C([O-])=O
D03566,CN(CS(O)(=O)=O)C1=C(C)N(C)N(C1=O)C1=CC=CC=C1
D03567,CC(C)NCC(O)COC1=CC=C(NC(C)=O)C=C1
D03568,CCCSC1=NC2=C(N=NN2[C@@H]2C[C@H](OCCO)[C@@H](O)[C@H]2O)C(N[C@@H]2C[C@H]2C2=CC(F)=C(F)C=C2)=N1
D03569,[H][C@@](CC1=CC=CC=C1)(OC1=CC=C(C=C1)C1=CC=CC=C1)C(O)=O
D03570,C[C@@H](O)[C@@H](O)C1=CN=C2N=C(N)NC(=O)C2=N1
D03571,[H][C@@](C)(CCC(=O)N(CCCN=C(O)[C@]([H])(O)[C@@]([H])(O)[C@]([H])(O)[C@]([H])(O)CO)CCCN=C(O)[C@]([H])(O)[C@@]([H])(O)[C@]([H])(O)[C@]([H])(O)CO)[C@@]1([H])CC[C@@]2([H])[C@]3([H])CC[C@]4([H])C[C@]([H])(O)CC[C@]4(C)[C@@]3([H])C[C@]([H])(O)[C@]12C
D03572,COC1=CC=C(C=C1OC)C(=O)NCC1=CC=C(OCCN(C)C)C=C1
D03573,O[Zn-](O)O
D03574,[H][C@@](C)(N)[P@](O)(=O)C[C@@]([H])(CC1=CC=C(C=C1)C1=CC=CC=C1)C(=O)N[C@@]([H])(C)C(O)=O
D03575,[H][C@@]12C[C@@H](O)[C@H](O)[C@@]1(C)CC[C@]1([H])C3=C(CC[C@@]21[H])C=C(O)C=C3
D03576,[H][C@@](CC(C)C)(CC(=O)NO)C(=O)N[C@@]([H])(CC1=CNC2=CC=CC=C12)C(=O)NC
D03577,[H][C@@]12CC[C@](C)(O)[C@@]1(C)CC[C@@]1([H])[C@@]2([H])CC[C@@]2([H])CC(=O)OC[C@]12C
D03578,CC(C)(C)C(=O)OC1=CC=C2N(CCCO)C(NC(=O)C3=CC(=CC=C3)[N+]([O-])=O)=NC2=C1
D03579,[H][C@@]12C[C@H]3OC4(CCCC4)O[C@@]3(C(=O)COC(C)=O)[C@@]1(C)C[C@H](O)[C@@]1(F)[C@@]2([H])CCC2=CC(=O)C=C[C@]12C
D03580,COC1=CC(=CC(OC)=C1)C1=NC(=C(CN)C(N)=N1)C1=CC=C(Cl)C=C1Cl
D03581,[H][C@@](C)(NC(=O)[C@]([H])(CC(C)C)NC(=O)[C@]([H])(CC(C)C)CC(=O)NO)C(=O)OCC
D03582,[H][C@@](CC(C)C)(N=C(O)C1=CC2=CC=CC=C2O1)C(O)=N[C@@]1([H])CCCN(CC1=O)S(=O)(=O)C1=CC=CC=N1
D03583,NCCC1=CC=C(C=C1)S(F)(=O)=O
D03584,C[C@H]1O[C@H](O[C@@H]2[C@@H](CO)O[C@H](O[C@@H]3[C@@H](CO)O[C@H](O)[C@H](O)[C@H]3O)[C@H](O)[C@H]2O)[C@H](O)[C@@H](O)[C@@H]1N[C@H]1C=C(CO)[C@@H](O[C@H]2O[C@H](CO)[C@@H](O[C@H]3O[C@H](CO)[C@@H](O)[C@H](O)[C@H]3O)[C@H](O)[C@H]2O)[C@H](O)[C@H]1O
D03585,[H][C@@](C)(O)[C@@]([H])(CCC1=CC=CC2=C1C=CC=C2)N1C=NC(=C1)C(N)=O
D03586,CN(CCCCC(O)=O)C1=CC=C(\C=C\C2=CC=C(C=C2)[N+]([O-])=O)C=C1
D03587,N[C@@H](CC(=O)N1CCCNC(=O)C1CC(F)(F)F)CC1=C(F)C=C(F)C(F)=C1
D03588,OC(=O)C1=CC=CC(\C=N\OCCO\N=C\C2=CC(=O)NC(=O)N2)=C1
D03589,CC[C@@H](C)[C@@H](NS(=O)(=O)CC1=CC(=CC=C1)C(O)=O)C(=O)N[C@@H](CCC(N)=N)C(=O)NCC1=CC=C(C=C1)C(N)=N
D03590,CC1=CC(=O)OC2=C1C=CC(N)=C2
D03591,FC1=CC(=CC(=C1)C(=O)NC1=CC=C2C=CN(CCC3=CC=NC=C3)C2=C1)N1CCOCC1
D03592,NS(=O)(=O)C1=CC=C(S1)S(=O)(=O)NCC1=CC=CS1
D03593,CON[C@H]1C[C@@H](N(C1)S(=O)(=O)C1=CC=C(OC)C=C1)C(=O)NO
D03594,[H][C@@]12CC(=O)[C@H](CCCCCCC(O)=O)[C@@]1([H])CC[C@@](O)(O2)C(F)(F)CCCC
D03595,ClC1=CC=C(C=C1)C1=NN\C(SC1)=N\CCC=C
D03596,[H][C@]1(CC[C@](C)(CCC#CC(O)(C(F)(F)F)C(F)(F)F)C1(C)C)\C=C\C=C1C[C@](O)([H])C[C@@](O)([H])C1
D03597,CN(CCCCCCOC1=CC=C(C(=O)C2=CC=C(Br)C=C2)C(F)=C1)CC=C
D03598,[H][C@@]12CC(=O)CC[C@@]1([H])C(C)(C)OC1=CC(=CC(O)=C21)C(C)(C)CCCCCC
D03599,N=C1NC=NC2=C1NC=C2
D03600,NCCC1=CNC=N1
D03601,[H][C@]1(COP(O)(=O)OP(O)(=O)CP(O)(O)=O)O[C@@]([H])(N2C=NC3=C2NC(=N)N=C3O)[C@]([H])(O)[C@]1([H])O
D03602,COC1=CC(=C([O-])C(=C1)C1=CC2=CC(=CC=C2N1)C(N)=[NH2+])C1=CC=CC=C1
D03603,NC1=NC(=O)C2=C(N1)N(C=N2)[C@@H]1O[C@H](CO)[C@H]2O[C@@H](CP(O)(O)=O)O[C@@H]12
D03604,NC(=O)C1=NC(=CC=C1)[C@@H]1O[C@H](COP(O)(=O)OP(O)(=O)OC[C@H]2O[C@H]([C@H](O)[C@@H]2O)N2C=NC3=C2N=CN=C3N)[C@@H](O)[C@H]1O
D03605,OC1=CC=C2[C@H](N(CCC2=C1)C1=CC=CC=C1)C1=CC=C(OCCN2CCCCC2)C=C1
D03606,[H][C@](N)(CCSCC)[C@]([H])(O)C(=O)N[C@@]([H])(C)C1=C2C=CC=CC2=CC=C1
D03607,CNCC1=CC=C(C=C1)C1=NC=NC2=C1N=CN2
D03608,OC1=C(CC2=C(O)C(Cl)=CC(Cl)=C2Cl)C(Cl)=C(Cl)C=C1Cl
D03609,[H][C@]1(COP(O)(=O)OP(O)(=O)OC[C@@]2([H])O[C@@]([H])(C3=NC(=C[Se]3)C(O)=N)[C@]([H])(O)[C@]2([H])O)O[C@@]([H])(N2C=NC3=C(N)N=CN=C23)[C@]([H])(O)[C@]1([H])O
D03610,[H][C@]1(O)CN(CC(=O)NC2=C(F)C=C(C=C2)N2C=CC=CC2=O)C[C@]1([H])NC(=O)C1=CC=C(Cl)S1
D03611,[H][C@]12[C@H](CCC=C1C=C[C@H](C)[C@@H]2CC[C@@H]1C[C@@H](O)CC(=O)O1)OC(=O)[C@@H](C)CC
D03612,COC1=CC=C(C=C1)C1=C(C=CC(C(=O)C2=C(O)N(N=C2)C(C)(C)C)=C1C)S(C)(=O)=O
D03613,[H][C@@](CC1=CC(C(O)=O)=C(CC(O)=O)C=C1)(N=C(C)O)C(O)=N[C@@]1([H])CCCCN(CC2=CC=C(C=C2)C2=CC=CC=C2)C1=O
D03614,[H]\C(=C(\[H])C(=O)OC)C(=O)OC
D03615,[H][C@@](CC1=CC=CC=C1)(NC(O)=N[C@@]([H])(CC1=CC=C(OC(C(O)=O)C(O)=O)C=C1)C(O)=NCCCCC)C(O)=O
D03616,CC(C(O)=O)C1=CC(F)=C(C=C1)C1=CC=CC=C1
D03617,BrC1=C2N=C(C=C(NCC3=CC=CN=C3)N2N=C1)C1=CC=CC=C1
D03618,C[C@H](CS)C(=O)N1C[C@H](C[C@H]1C(O)=O)SC1=CC=CC=C1
D03619,CC(C)=CCOC1=CC=C(\C=C\C(=O)C2=C(OCC(O)=O)C=C(OCC=C(C)C)C=C2)C=C1
D03620,OC(=O)CBr
D03621,[H][C@@](C)(N1CC[C@]([H])(NS(=O)(=O)CCC2=CC=C(Cl)S2)C1=O)C(=O)N1CCOCC1
D03622,CC1=CC2=C(C=C1)N(CCCN)C1=C2C2=C(C(=O)NC2=O)C(C)=C1
D03623,CCN1CC(CCN2CCOCC2)C(C1=O)(C1=CC=CC=C1)C1=CC=CC=C1
D03624,CCN(CC)C(=O)C(=C\C1=CC(=C(O)C(O)=C1)[N+]([O-])=O)\C#N
D03625,[H][C@@]12CC[C@H](O)[C@@]1(C)CC[C@]1([H])C3=CC=C(O)C=C3C[C@@H](CCCCCCCCCS(=O)CCCC(F)(F)C(F)(F)F)[C@@]21[H]
D03626,CN(CCOC1=CC=C(C=C1)C1=CC=C(C=C1)C#N)C(=O)NO
D03627,CC(=O)NCCC1=CC=C(C=C1)S(N)(=O)=O
D03628,OS(=O)(=O)OC[C@H]1O[C@@](COS(O)(=O)=O)(O[C@H]2O[C@H](COS(O)(=O)=O)[C@@H](OS(O)(=O)=O)[C@H](OS(O)(=O)=O)[C@H]2OS(O)(=O)=O)[C@@H](OS(O)(=O)=O)[C@@H]1OS(O)(=O)=O
D03629,[H]C12CC3([H])CC([H])(C1)CC(C2)(C3)C(=O)CN1C=CN=C1
D03630,CC1=CC(C=O)=C(OP(O)(O)=O)C(C=O)=C1
D03631,NS(=O)(=O)C1=C(Cl)C=C2NC=NS(=O)(=O)C2=C1
D03632,NC1=NC2=C(N=CN2[C@@H]2O[C@H](CO)[C@@H](O)[C@H]2O)C(=O)N1
D03633,O=[As]O[As]=O
D03634,CC[C@@]1(O)C(=O)OCC2=C1C=C1N(CC3=C(CC[Si](C)(C)C)C4=CC=CC=C4N=C13)C2=O
D03635,CN1C=NC=C1[C@@](N)(C1=CC=C(Cl)C=C1)C1=CC2=C(C=C1)N(C)C(=O)C=C2C1=CC(Cl)=CC=C1
D03636,CC(C)C1=CN=C(NC2=CC=C(C=C2)S(N)(=O)=O)S1
D03637,[H][C@]1(CCC)COC2=C(SC=C2)C(=N)N1
D03638,NS(=O)(=O)C1=C2C=CC=C(O)C2=CC=C1
D03639,[H][C@](N)(CS)C(O)=NS(=O)(=O)OC[C@@]1([H])O[C@@]([H])(N2C=NC3=C(N)N=CN=C23)[C@]([H])(O)[C@]1([H])O
D03640,[H][C@](O)(CC(=O)N(N)CC(O)=O)C(=O)N(CC1=CC=CC=C1)CC1=CC=CC=C1
D03641,CCCOC1=CC=C(CC(O)=O)C=C1Cl
D03642,NC(=N)C1=CC=C(O)C(CN2CC[C@H](NS(=O)(=O)C3=CC4=C(S3)C=CC=N4)C2=O)=C1
D03643,BrC1=CN=C2N1C=C(C=C2NCC1=CN=CN=C1)C1=CC=CC=C1
D03644,CC(C)NCC(O)C1=CC=C(NS(C)(=O)=O)C=C1
D03645,CCCCS(=O)(=O)CCC(O)=O
D03646,CC(C)OP(=O)OC(C)C
D03647,[NH3+]CCCCO
D03648,[H][C@]12CC[C@]3(C)C(=O)N(CC4=CC=CN=C4)C(=O)C[C@@]3([H])[C@]1([H])CCC1=C2C=CC(OS(N)(=O)=O)=C1
D03649,CC1=C(OC2=CC=C(Cl)C=C12)S(=O)(=O)C1=NNC(=O)C=C1
D03650,CN(C)CCC=C1C2=CC=CC=C2C=CC2=CC=CC=C12
D03651,OC1=CC(O)=C(Cl)C=C1C1=NOC2=C1C=C(NCCN1CCOCC1)C=C2
D03652,OC(=O)C1=C(NC2=CC=CC(=C2)C(F)(F)F)N=CC=C1
D03653,COC1=CC2=NNN=C2C=C1C(=O)NCC1CCCN1CC=C
D03654,CO[C@H](C\C=C\N(C)C=O)[C@@H](C)C(=O)CC[C@H](C)[C@H](OC)[C@H](C)[C@H]1OC(=O)\C=C\C=C(C)/C[C@H](CC2=CC(=O)O[C@H]([C@H]2O)[C@H](C)[C@H](C[C@H](OC)\C=C\[C@H](C)[C@@H](O)C[C@@H](OC)\C=C\[C@@H]1C)OC)OC
D03655,[H]C(C)(OC(=O)N(C)C1=C(COC(=O)CNC)C=CC=N1)[N+]1=CN(C[C@](O)(C2=C(F)C=CC(F)=C2)[C@@]([H])(C)C2=NC(=CS2)C2=CC=C(C=C2)C#N)N=C1
D03656,NC1=NC2=C(N(CCNC(CO)CO)C=N2)C(=O)N1
D03657,NS(=O)(=O)C1=CC=C(NC2=NC(Cl)=CN=C2)C=C1
D03658,CCOC1=C(C=CC(CC(=O)N[C@@H](CC(C)C)C2=CC=CC=C2N2CCCCC2)=C1)C(O)=O
D03659,[H][C@]1(CO[C@]2([H])[C@]([H])(CO[C@]12[H])OC1=CC=CC(=C1)C(N)=N)OC1=CC(=CC=C1)C(N)=N
D03660,[H][C@@]1(C)C2=CC(O)=CC=C2O[C@@]([H])(C2=CC=C(OCCN3CCCC3)C=C2)[C@@]1([H])C1=CC=C(O)C=C1
D03661,[H][C@@](CO)(N=C(O)CCN=C(O)CBr)C(O)=NCCC1=CC=C(C=C1)N=C(O)C(O)=O
D03662,COC1=CC=CC(OC)=C1CN1CCC(CC1)NC(=O)CCCS
D03663,OCCCNCCS(=O)(=O)C1=CC=C(NC2=NC(OCC3CCCCC3)=C3N=CNC3=N2)C=C1
D03664,OC(=O)CNC(=O)C1=C(O)C2=CC=CC(I)=C2C=N1
D03665,[H]N=C(C)N1CCC(CC1)OC1=CC2=C(C=C1)N=C(C)N2CC1=CC2=C(C=C1)C=CC(=C2)C(N)=[NH2+]
D03666,CN(C)CCCN1C=C(C2=C1C=CC=C2)C1=C(C(=O)NC1=O)C1=CNC2=C1C=CC=C2
D03667,CC(=O)NC1=NC(=C(N1)C1=CC=C2N=CC=NC2=C1)C1=NC(C)=C(F)C=C1
D03668,NS(=O)(=O)C1=CC=C(C=C1)C(=O)NCC1=C(F)C=C(F)C=C1
D03669,CNC(C)CC1CCCCC1
D03670,FC(F)(F)[C@]1(OC(=O)NC2=C1C=C(Cl)C=C2)C#CC1CC1
D03671,COC1=CC=C(C=C1OC1CCCC1)C(\C)=N\OC(N)=O
D03672,CC(C)OC1=CC(NC(=O)C2=CC(Cl)=C(OCCN)C(Cl)=C2)=CC=C1
D03673,CC1(C(=O)NC(=O)NC1=O)C1=CC=C(OC2=CC=CC=C2)C=C1
D03674,OP(O)(=O)C(F)(F)C1=CC2=CC(=CC=C2C=C1)C(F)(F)P(O)(O)=O
D03675,OC(=O)CSC1=NN=C(O1)C1=CC=C(O1)[N+]([O-])=O
D03676,[H][C@]1(N)CN(CCC2=CC=C3OCOC3=C2)C(=O)C[C@]1([H])C1=CC(F)=C(F)C=C1F
D03677,OC[C@H]1O[C@H](C[C@@H]1O)N1C=C(F)C(=O)NC1=O
D03678,CN(C(C)=O)C1(CCN(CCC[C@@]2(CCCN(C2)C(=O)C2=CC=CC=C2)C2=CC(Cl)=C(Cl)C=C2)CC1)C1=CC=CC=C1
D03679,NC[C@@H](C1=CC=C(Cl)C=C1)C1=CC=C(C=C1)C1=CNN=C1
D03680,C\C(O)=C(/C#N)C(=O)NC1=CC(Cl)=C(C=C1)C1=CC=CC=C1Cl
D03681,NC(=N)C1=CC2=C(C=CC=C2NC2=NC=CC=N2)C=C1
D03682,CCCCCC1=CC=C(C=C1)C(=O)NC1=CC=C(C=C1)S(=O)(=O)N(CCN1CCOCC1)[C@H](C(C)C)C(=O)NO
D03683,OP(O)(=O)OC1=CC=CC=C1
D03684,CC1=C(OC[C@@H]2CCCN2)C=CC=N1
D03685,[H][C@@](C[P@](O)(=O)CCCC1=CC=CC=C1)(C(O)=O)C1=CC(NC(N)=N)=CC=C1
D03686,OC(=O)C1=NC2=CC=CC=C2N1
D03687,NC1=CC=C(C=C1)S(=O)(=O)NC(=O)NCCS
D03688,NCCC(O)(P(O)(O)=O)P(O)(O)=O
D03689,OCCN(CCO)CC(O)=O
D03690,CCOC(=O)[C@@H](N)CCC(=O)N[C@@H](CSCC1=CC=CC=C1)C(=O)N[C@@H](C(=O)OCC)C1=CC=CC=C1
D03691,[H][C@@]12C[C@@]3(CC1=C)[C@@]([H])(CC2)[C@@]12CC[C@]([H])(O)[C@@](C)(C(=O)O1)[C@@]2([H])[C@]3([H])C(O)=O
D03692,OC[C@H]1O[C@H]([C@H](O)[C@@H]1O)N1C=NC2=C(N)N=C(N\N=C\C3CCCCC3)N=C12
D03693,[H][C@@](CC1=CC=CC=C1)(NC(=O)[C@]([H])(CC1=CC=CC=C1)NC(=O)OCC1=CC=CC=C1)C(=O)CO
D03694,CCCCCCCCCCCC(=O)NCCC[N+](C)(C)[O-]
D03695,CCCCC(=O)N(CC1=CC=C(C=C1)C1=CC=CC=C1C1=NNN=N1)[C@@H](C(C)C)C(O)=O
D03696,ClC1=CC(Cl)=C(C=C1)[C@@H]1CS\C(S1)=C(\C#N)N1C=CN=C1
D03697,COC1=CC=C(C=C1)C(=O)N1CCCC1=O
D03698,[H][C@]1(O)[C@]([H])(OP(O)(O)=O)[C@@]([H])(OP(O)(O)=O)[C@@]([H])(OP(O)(O)=O)[C@]([H])(OP(O)(O)=O)[C@@]1([H])OP(O)(O)=O
D03699,N[C@@H](CC1=CNC2=C1C=C(F)C=C2)C(O)=O
D03700,N1C=C(C(=N1)C1=NC=CC=C1)C1=C2C=CC=CC2=NC=C1
D03701,[H][C@]1(CNCCC[C@@]1([H])OC(=O)C1=CC=C(O)C=C1)NC(=O)C1=CC=C(O)C=C1
D03702,[H][C@@]1(COC(=O)CC2=CC(Cl)=CC=C2)CCCN1C(=O)CNC(=O)OC(C)(C)C
D03703,COC1=CC(=CC=C1)N1C=CC2=C(SC(=C2)S(N)(=O)=O)S1(=O)=O
D03704,CN(C)C\C=C/C1=CC(F)=CC=C1S(=O)(=O)NC1=CC=C2CCCCC2=C1C(O)=O
D03705,[H][C@@]1(CC[C@@]2([H])[C@]3([H])CCC4=CC(=O)CC[C@]4(C)[C@@]3([H])CC[C@]12C)C(=O)COC(=O)C(C)(C)C
D03706,N[C@@H]1CCOC1=O
D03707,C[C@@H]1O[C@@H](O[C@@H]2[C@@H](O)[C@@H](O)[C@@H](CO)O[C@H]2O[C@H]2[C@H](O)[C@@H](NC(C)=O)[C@H](O)O[C@@H]2CO)[C@@H](O)[C@H](O)[C@@H]1O
D03708,[H][C@@](O)(C1=CC=CC2=CC=CC=C12)P(O)(O)=O
D03709,[H][C@]12C(=O)N(C(=O)[C@@]1([H])[C@]1([H])CC[C@@]2([H])CC1)C1=CC=C(C2=CC=CC=C12)[N+]([O-])=O
D03710,OC(=O)COC1=C(SC(=C1Br)C1=CC=CC(NCC2=CC=CC=C2)=C1)C(O)=O
D03711,CCCS(=O)(=O)N1N=CC2=C(C=C(C)S2)B1O
D03712,CCCCC\C=C\CC(C\C=C\CCCCC)(P(O)(O)=O)P(O)(O)=O
D03713,CC1=C(CCC(O)=O)/C2=C/C3=N/C(=C\C4=C(C)C(C=C)=C(N4)/C=C4\N=C(\C=C\1/N\2)C(C=C)=C4C)/C(C)=C3CCC(O)=O
D03714,ClCCNC(=O)N(CCCl)N=O
D03715,CN(C)C1=CC=C(C=C1)C1=[N+](C)C2=CC=C(O)C=C2S1
D03716,[H][C@](NC(=O)OC(C)(C)C)(C(C)C)C(=O)NC1=CC=CC(Cl)=C1C=O
D03717,[H]\C(C)=C(/N)CCC(O)=O
D03718,CCOC1=NC2=C(N1CC1=CC=C(C=C1)C1=CC=CC=C1C1=NN=NN1)C(=CC=C2)C(=O)OC(C)OC(=O)OC1CCCCC1
D03719,OC(=O)CC1=C2NC(=O)C3=CC=CC=C3N2C2=C1C=CC=C2
D03720,C[N+](C)(C)C
D03721,CC1=C(CCO)SC=[N+]1CC1=CN=C(C)N=C1N
D03722,COC1=C(C2=CC=CC(C(=S)N(C)CC(O)=O)=C2C=C1)C(F)(F)F
D03723,CCCN1CCC(CC1)C1=NC2=C(N1)C(=CC=C2)C(N)=O
D03724,C[C@H]1C[C@H](O)N[C@@H]2CCCCN(O[Fe@@]34O[C@@H](\C=C\CCCCCCC(O)=O)[N@](CCCC[C@H](NC(=O)[C@H]5COC(=N5)C5=CC=CC=C5O3)C(=O)O1)O4)C2=O
D03725,OC1=CC=C(C=C1)C1(CCCCC1)C1=CC=C(O)C=C1
D03726,[H][C@@]1(CC(N)=O)CCCC2=C1C1=C(S2)N=C(NC1=O)C(=O)NCC1=CC=C2OCC(=O)NC2=C1
D03727,CC(C)C[C@H](NC(=O)[C@@H](CC1=CC2=CC=CC=C2C=C1)NC(=O)[C@H](CC1=CC=C(O)C=C1)NC(=O)[C@H](CO)NC(=O)[C@H](CC1=CNC2=CC=CC=C12)NC(=O)[C@H](CC1=CN=CN1)NC(=O)[C@@H]1CCC(=O)N1)C(=O)N[C@@H](CCCN=C(N)N)C(=O)N1CCC[C@H]1C(=O)NCC(N)=O
D03728,CN1C2=C(SC(C)=C2)C2=C1C(=O)N(CC1=CC=CC=C1F)N=C2
D03729,CC1=CN([C@H]2C[C@H](N=[N+]=[N-])[C@@H](CO)O2)C(=O)NC1=O
D03730,COC1=C(NC2=NC=CC(=N2)C2=CN(C)C3=C2C=CC=C3)C=C(NC(=O)C=C)C(=C1)N(C)CCN(C)C
D03731,OC(=O)C1=CC=CC2=C1NC(=C2C1=CC=CC=C1)C1=CC=CC=C1
D03732,[NH3+]CC1CCCCC1
D03733,NCC1=C(C=CC=C1)C1=CC=CC=C1
D03734,NC(=O)C1=CC(N2CC2)=C(C=C1[N+]([O-])=O)[N+]([O-])=O
D03735,[NH3+]CCCCOB1OCCO1
D03736,CC(=O)CCO
D03737,[H][C@]1(C)O[C@]([H])(C[C@]1([H])OP(O)(O)=O)N1C=NC2=C1N=CN=C2N
D03738,OC(=O)C1=CC=C(C=C1)C1=CNC2=C1C=C(C=N2)C1=CC=CC=C1
D03739,CC(C)NCCCC1(C(N)=O)C2=CC=CC=C2C2=CC=CC=C12
D03740,[H][C@](NC(=O)C1=CC=C(C=C1)C(=O)NCC(O)=O)(C(C)C)C(=O)N1CCC[C@@]1([H])C(O)=N[C@@]([H])(C(C)C)C(=O)C(F)(F)F
D03741,CN(C1=CC(Cl)=CC=C1)S(=O)(=O)C1=CC2=C(CC3=C(C)C(C)=C(C)N3)C(=O)N=C2C=C1
D03742,NC(=N)C1=CC(CN2CCN(CC2=O)S(=O)(=O)C2=CC3=C(S2)C=C(Cl)C=C3)=CC=C1
D03743,OCCNC(=O)C1=CC=C(Cl)C=C1
D03744,CCN1C(=O)C2=C(NN=C2C)C2=C1C=CC=C2
D03745,COCCOC1=C(OC)C=C2C(=C1)N=CC1=C(N)N=C(C=C21)N1C=CN=C1
D03746,[H][C@](N)(CCC(O)=N[C@@]([H])(CS(=O)(=O)CCOP(=O)(N(CCCl)CCCl)N(CCCl)CCCl)C(O)=N[C@@]([H])(C(O)=O)C1=CC=CC=C1)C(O)=O
D03747,CCN[C@@H](C)CC1=CC=CC(=C1)C(F)(F)F
D03748,[H][C@]1(O)C=C(CO)[C@@]([H])(O)[C@]([H])(O)[C@@]1([H])O
D03749,CCNC(=O)C1=CC2=C(N=C(N)N=C2S1)C1=C(Cl)C=C(Cl)C=C1
D03750,NC1=NC(CCC2=CC=C3C=CNC3=C2)=CC=C1
D03751,[H][C@@](CC(C)C)(N=C(O)OCC1=CC=CC=C1)C(O)=NNC(O)=NN=C(O)[C@]([H])(CC(C)C)N=C(O)OCC1=CC=CC=C1
D03752,[H][C@]1(CCC2=C1C=CC=C2O)\N=C\C=C
D03753,[H][C@]1(CO)O[C@@]2(CC(=NO2)C2=CC=CC=C2)[C@]([H])(O)[C@@]([H])(O)[C@]1([H])O
D03754,[H][C@@]12CC[C@H](O)[C@@]1(C)CC[C@@]1([H])[C@@]2([H])CC[C@@]2([H])CC(=O)C=C[C@]12C
D03755,[H][C@@](CS(=O)(=O)N1CCOCC1)(N[C@@]([H])(C1=CC=C(F)C=C1)C(F)(F)F)C(=O)NC1(CN)CC1
D03756,[H][C@@]1(CC[C@@]2([H])[C@]3([H])[C@H](O)C[C@]4([H])C[C@H](O)CC[C@]4(C)[C@@]3([H])C[C@H](O)[C@]12C)[C@H](C)CCC(=O)NCCS(O)(=O)=O
D03757,[H][C@@]12CC3=CN(C)C4=CC=CC(=C34)[C@]1(C[C@@H](COC(=O)C1=CN=CC(Br)=C1)CN2C)OC
D03758,[H]OP([O-])(=O)O[H]
D03759,CNC(=O)C1=CN(N=C1)C1=NC2=C(N=CN2[C@@H]2O[C@H](CO)[C@@H](O)[C@H]2O)C(N)=N1
D03760,[Cu].C1CNCCNCCCNCCNC1
D03761,OC(=O)CN1C(=O)C2=C(C(=CC3=CC=CC=C23)C(O)=O)S1(=O)=O
D03762,[H][C@@](N)(CC1=CC(F)=CC=C1F)C1=CC=C(C=C1)C1=CC=CC(=C1)C(N)=O
D03763,[H]\C(CCCCC)=C(/[H])C\C([H])=C(\[H])C\C([H])=C(\[H])C\C([H])=C(\[H])CCCC[P@](F)(=O)OC
D03764,COC1=C(O)C=CC2=C1C=C(C1=C2C2=C(OCO2)C=C1C(O)=O)[N+]([O-])=O
D03765,CN(C)C1=CC=C(NC2=NC(=CC=N2)C2=C(C)N=C(C)S2)C=C1
D03766,[H][C@@](C)(CCC1=CC=C(C=C1)C(N)=O)NCC(=O)C1=CC=C(F)C=C1
D03767,CN1N=CC2=C1C(NCCC1=CN=C(NC(=O)NC3=CC=CC(=C3)C(F)(F)F)S1)=NC=N2
D03768,[H][C@@](CC(O)=O)(NC(=O)[C@@]([H])(CCCCNC(=O)C1=NC2=C(C=CC=C2O)C=C1)C1=CC=CS1)C=O
D03769,NC1=NC(=NC(N)=N1)C1=CC2=CC=CC=C2C=C1Br
D03770,[H][C@@]12C[C@@]3([H])[C@]4([H])C[C@H](F)C5=CC(=O)C=C[C@]5(C)[C@@]4([H])[C@@H](O)C[C@]3(C)[C@@]1(OC(C)(C)O2)C(=O)CO
D03771,FC1=CC=C(CC2=NNC(=O)C3=CC=CC=C23)C=C1C(=O)N1CCCNCC1
D03772,N[C@@H](CCCNC(N)=[NH2+])C(N)=O
D03773,[H][C@@](C)(CCCC(C)C)CCC[C@@]([H])(C)C[C@@]([H])(O)P(O)(O)=O
D03774,COC(=O)N[C@H](C(=O)N[C@@H](CC1=CC=CC=C1)[C@@H](O)CN(CC1=CC=C(C=C1)C1=CC=CC=N1)NC(=O)[C@@H](NC(=O)OC)C(C)(C)C)C(C)(C)C
D03775,CC(C)(C)C1=C(C[C@H](N)C(O)=O)C(OCP(O)(O)=O)=NO1
D03776,[H]N(C(C)=O)[C@]([H])(CC1=CC=C(Cl)C=C1)[B-](O)(O)O
D03777,[H][C@@](O)(C(O)=NCCC(O)=NCCSCC(=O)CCCCCCCCCCCCC)C(C)(C)COP(O)(=O)OP(O)(=O)OC[C@@]1([H])O[C@@]([H])(N2C=NC3=C(N)N=CN=C23)[C@]([H])(O)[C@]1([H])OP(O)(O)=O
D03778,CC1=CC=C(C=C1C1=CC=C2N=C(N)N=CC2=C1)C(=O)NC1=CC=CC(=C1)C(F)(F)F
D03779,CCNC(=O)CCC\C=C/C[C@H]1[C@@H](O)C[C@@H](O)[C@@H]1\C=C\[C@@H](O)CCC1=CC=CC=C1
D03780,OC1=CC=C(CCNC2=NC(SCCCC3=CC=C(Cl)C=C3)=NC(=N2)N2CCNCC2)C=C1
D03781,[H][C@@](O)(CCO)[C@]([H])(O)[C@]([H])(O)COP(O)(O)=O
D03782,CCN1C(=O)C=CC1=O
D03783,OC[C@H]1O[C@H](O[C@H]2[C@H](O)[C@@H](O)C(O)O[C@@H]2CO)[C@H](O)[C@@H](O)[C@@H]1O
D03784,CCOP(=O)OCC
D03785,O=CCCCC=C(CCC=C(CCC=O)C=O)C=O
D03786,[H][C@](O)(CC(O)=O)C(=O)N[C@@]([H])(CC(C)C)C(=O)NCCC(C)C
D03787,N[C@@H](CC(=O)N1CCN2C(C1)=NN=C2C(F)(F)F)CC1=CC(F)=C(F)C=C1F
D03788,OC(=O)C1=CC=CC=C1
D03789,[H][C@]1(O)C[C@@]2([H])\C=C\CCC[C@]([H])(C)OC(=O)\C=C\[C@@]([H])(O)[C@]2([H])C1
D03790,[H][C@](C)(N=C(O)CCCP(O)(=O)OC1=CC=C(C=C1)N(=O)=O)C(O)=O
D03791,CN(C)CC\C=C1\C2=CC=CC=C2COC2=C1C=C(CC(O)=O)C=C2
D03792,SCCC(=O)N1CCC2=C(C1)NC1=C2C=CC=C1
D03793,CC(C)COC1=CC=CC(C2=NC3=C(N2)C=C(Cl)C(=C3)C(N)=N)=C1O
D03794,CC1=CC(=NO1)C(=O)NCCC1=CC=C(C=C1)S(=O)(=O)NC(=O)NN1CCCCCC1
D03795,NCCC[C@@](N)(C(F)F)C(O)=O
D03796,CC1(C)CCC(C)(C)C2=C1C=CC(=C2)[C@@H](O)C1=CC2=C(C=C1)C=C(C=C2)C(O)=O
D03797,OC(=O)CNS(=O)(=O)C1=CC=C(C=C1)N1CCC(CC1)C1=CC=CC=C1
D03798,OC1=CC=C2C(OC3=CC(O)=CC=C3C22OC(=O)C3=C2C=CC=C3)=C1
D03799,[H][C@](O)(C(O)=NCCC(O)=NCCSCC(O)=NCCC1=CNC2=CC=CC=C12)C(C)(C)COP(O)(=O)OP(O)(=O)OC[C@@]1([H])O[C@@]([H])(N2C=NC3=C(N)N=CN=C23)[C@]([H])(O)[C@]1([H])OP(O)(O)=O
D03800,[H][C@@]12CCC(=O)[C@@]1(C)C[C@@H](OC(C)=O)C1=C2C(=O)C2=C3C(=CO2)C(=O)O[C@H](COC)[C@]13C
D03801,COC1=CC(OC)=C(\C=C2\C(=O)NC3=CC=CC=C23)C(OC)=C1
D03802,CC(C)C[C@H](NC(=O)[C@@H](CC1=CC=C(NC(N)=O)C=C1)NC(=O)[C@H](CC1=CC=C(NC(=O)[C@@H]2CC(=O)NC(=O)N2)C=C1)NC(=O)[C@H](CO)NC(=O)[C@@H](CC1=CC=CN=C1)NC(=O)[C@@H](CC1=CC=C(Cl)C=C1)NC(=O)[C@@H](CC1=CC=C2C=CC=CC2=C1)NC(C)=O)C(=O)N[C@@H](CCCCNC(C)C)C(=O)N1CCC[C@H]1C(=O)N[C@H](C)C(N)=O
D03803,O[C@@H]1[C@@H](O)[C@H](CO[V](O)(=O)=O)O[C@H](OP(O)(O)=O)[C@H]1O
D03804,OC[C@H](O)C(=O)N1CCC(=CC1)C1=C(F)C=C(C=C1F)N1C[C@H](COC2=NOC=C2)OC1=O
D03805,N(C1=CNC2=NC=CC=C12)C1=CC=CC=C1
D03806,NC(=O)N(C1=CC=C(C(N)=O)C(=N1)C1=CC=C(F)C=C1F)C1=C(F)C=CC=C1F
D03807,OC(=O)C1=C2CCCCC2=CC=C1NS(=O)(=O)C1=CC=CC=C1
D03808,OC(=O)N1CCC(CC2=CN=C3C=CC=CC3=C2)CC1
D03809,O\N=C1/C(=O)N(CC2=CC(F)=CC3=C2OCOC3)C2=CC=CC(=C12)C1=CC=CC=C1
D03810,NC(N)=NN=CC1=C(Cl)C=CC=C1Cl
D03811,CC1=CC(NC(=O)\N=C2\NC=C(CCNC3=NC=NC(NC4=NNC=N4)=C3)S2)=C(O1)C(F)(F)F
D03812,OC(C([O-])=O)C([O-])=O
D03813,[H][C@@](N)(C(=O)N1CC[C@]([H])(F)C1)[C@@]([H])(C(=O)N(C)C)C1=CC=C(C=C1)C1=CN2N=CN=C2C=C1
D03814,CC#CCOC1=CC=C(C=C1)S(=O)(=O)CCCS
D03815,[H][C@](CO)(CCN1C=CC2=C1C=C(NC(=O)NCC1=CC=CC=C1)C=C2)N1C=NC(=C1)C(N)=O
D03816,CCCCNC1=CC(C)=NC2=NC(NC3=CC(Cl)=CC=C3C)=NN12
D03817,NC1=NC=CC(=N1)C1=CC2=C(ON=C2C=C1)C1=CC=C(Cl)C=C1
D03818,[H][C@]1(COP(O)(=O)OP(O)(O)=O)O[C@@]([H])(N2C=NC3=C(N)N=CN=C23)[C@]([H])(OP(O)(O)=O)[C@]1([H])O
D03819,NC[C@H]1CC[C@@H](CC1)C(O)=O
D03820,CC[Hg]SC1=CC=CC=C1C(O)=O
D03821,[H][C@@]1(CN=C(O)CC)C[C@@]1([H])C1=C2CCOC2=CC=C1
D03822,CC(C)NCC(O)COC1=CC=CC=C1OCC=C
D03823,[H][C@]12CN(C[C@]([H])(O1)[C@@]([H])(O2)C(=O)NCC1=CC=C(C=C1)C1=CC=CC=C1)C(=O)NO
D03824,C[C@@H](NC(N)=O)C(O)=O
D03825,CCCCN1C(CC2=C(OC)C=CC(OC)=C2)=NC2=C(N)N=C(F)N=C12
D03826,CC1=C(Cl)C(NCCC2=CC=CC=C2)=NC(=N1)C1=NC=CC=C1
D03827,[H][C@]1(COP(O)(O)=O)O[C@]([H])(C=C1)N1C=C(C)C(=O)NC1=O
D03828,CCNC(=O)C1=NNC(=C1C1=CC=C(OC)C=C1)C1=CC(Cl)=C(O)C=C1O
D03829,OC1=C(C=C(Br)C=C1)C1=CC(C2=CC=CC=C2)=C(C#N)C(=O)N1
D03830,NS(=O)(=O)C1=CC=C(C=C1)C(=O)NCC1=CC=CC=C1
D03831,O=N(=O)C1=CC=CC2=CNN=C12
D03832,[H][C@@]12CC[C@](O)(C(=O)CO)[C@@]1(C)C[C@H](O)[C@@]1([H])[C@@]2([H])C[C@H](C)C2=CC(=O)C=C[C@]12C
D03833,OC(=O)CNC(=O)CCCC(=O)NCC1=CC=C(C=C1)[N+]([O-])=O
D03834,NCC1=CC=C(O1)C1=CC=CN=C1
D03835,COC(=O)C1=C(CCC(=O)NC2=C(O)C=C(OC)C(O)=C2)C(Cl)=C(O)C=C1O
D03836,[H][C@@](N)(CC1=CC=CC=C1)C(=O)N1CCC[C@@]1([H])C(=O)N[C@@]([H])(CC1=CC(=CC=C1)C#N)B(O)O
D03837,CSC1=NN=C(N1)C1=CC=C(Cl)C=C1
D03838,[H][C@@]1(O)O[C@]([H])(COP(O)(=O)OP(O)(=O)OC[C@@]2([H])O[C@@]([H])(N3C=NC4=C3N=CN3C=CN=C43)[C@]([H])(OP(O)(O)=O)[C@]2([H])O)[C@@]([H])(O)[C@@]1([H])O
D03839,CNC(=O)C1=NC=CC(OC2=CC3=C(C=C2)N=C(NC2=CC(=C(Cl)C=C2)C(F)(F)F)N3)=C1
D03840,CC1=NN=C(O1)C1=CC=C(C)C(=C1)C1=CC=C(C=C1)C(=O)NC1=CC(=CC=C1)C#N
D03841,[H][C@@]1(CC[C@@]2([H])[C@]3([H])CCC4=CC(=O)CC[C@]4(C)[C@@]3([H])[C@@]([H])(C[C@]12C)OC(=O)CCC(O)=O)C(C)=O
D03842,FC(F)(F)C1=CC=CC(NC2=NC(NC3=CC(NC(=O)C4CC4)=CC=C3)=NC=C2)=C1
D03843,CCCCCCCC\C=C\CCCCCCCC(N)=O
D03844,NC(=N)C1=CC=C(CO)C=C1
D03845,NC(=N)C1=CC2=C(NC(=C2)C2=C(O)C(Br)=CC(CC([O-])=O)=C2)C=C1
D03846,[H][C@@](N)(CC1=CC=CC=C1)C(=O)N1CCC[C@@]1([H])C(=O)NCC1=CC=CC=C1
D03847,[H][C@]12SC(C)(C)[C@@H](N1C(=O)[C@H]2NC(=O)COC1=CC=CC=C1)C(O)=O
D03848,[H][C@]1(CC2=C(CN1C(=O)OCC1=CC=CC=C1)C=C(NS(O)(=O)=O)C=C2)C(=O)NC
D03849,O[C@@H]1[C@@H](COP(O)(=O)OP(O)(=O)O[C@H]2O[C@@H]([C@@H](O)[C@H](O)[C@H]2O)C(O)=O)O[C@H]([C@@H]1O)N1C=CC(=O)NC1=O
D03850,CC1NCCOC1C1=CC=CC=C1
D03851,CC(C)(OC1=CC=C(NC(=O)NC2=CC(Cl)=CC(Cl)=C2)C=C1)C(O)=O
D03852,[H][C@@]12CC3=C(C=CC(=O)N3)[C@@](N)(CC(C)=C1)\C2=C\C
D03853,CC1=CN=CN1
D03854,[H][C@@](C)(C[C@]([H])(O)[C@]([H])(CC(C)C)N=C(O)[C@]1([H])CC(O)=NCCCCCCOC(O)=N[C@@]([H])(C(C)C)C(O)=N1)C(O)=N[C@@]([H])(C(C)C)C(O)=NCC1=CC=CC=C1
D03855,NC1=NC2=C(N=CN2[C@@H]2C[C@H](CO)C=C2)C(NC2CC2)=N1
D03856,COC1=C(OC)C(CN2CCC(CC2)NC(=O)CCCS)=CC(Br)=C1
D03857,OC12CC3CC(C1)CC(C3)(C2)NCC(=O)N1CCC[C@H]1C#N
D03858,CC1(C)CCC(C)(C)C2=CC(=CC=C12)C(=N/O)\C1=CC=C2C=C(C=CC2=C1)C(O)=O
D03859,[H][C@@]1(CC2=C(C=C(C=C2)S(=O)(=O)N2CCN(C)CC2)S(=O)(=O)N1)C1CCCC1
D03860,COC1=CC=C(C=C1)S(=O)(=O)N(CC(C)C)CC(=O)NO
D03861,COC1=CC(NC2=NC(=CC=N2)N(C)C2=CC3=C(C=C2)C(C)=NN3)=CC(OC)=C1OC
D03862,OC1=CC(=CC(=C1O)[N+]([O-])=O)C(=O)CCN1CCN(CC1)C1=CC(=CC=C1)C(F)(F)F
D03863,NC(N)=O
D03864,CC1(C)O[C@@H]2C[C@H]3[C@@H]4C[C@H](F)C5=CC(=O)CC[C@]5(C)[C@H]4[C@@H](O)C[C@]3(C)[C@@]2(O1)C(=O)CO
D03865,CC1=C(N2CC2)C(=O)C(CO)=C(N2CC2)C1=O
D03866,CN(C)C1=CC=C(C=C1)C(=O)NCCCCCCC(O)=NO
D03867,BrC1=CC=CC(=C1)C1=NC2=[N+](NC=N2)C(NCC2=CC=NC=C2)=C1
D03868,NC1(CCCC1)C(O)=O
D03869,O=C(CCC1CCN(CC2=CC=CC=C2)CC1)C1=CC2=C(CCCCN2)C=C1
D03870,O\N=C1/CCC2=CC(=CC=C12)C1=CN(N=C1C1=CC=NC=C1)C1CCNCC1
D03871,[H][C@](F)(CCN=C(O)CCN=C(O)[C@]([H])(O)C(C)(C)COP(O)(=O)OP(O)(=O)OC[C@@]1([H])O[C@@]([H])(N2C=NC3=C(N)N=CN=C23)[C@]([H])(O)[C@]1([H])OP(O)(O)=O)C(O)=O
D03872,NC1=C(F)C=C(C=C1Cl)S(=O)(=O)NC1=NN=C(S1)S(N)(=O)=O
D03873,[H][C@]1(O)C(NO)=N[C@]([H])(CO)[C@@]([H])(O)[C@]1([H])O
D03874,OC(=O)C(=O)NC1=C(C=C(I)C=C1)C(O)=O
D03875,CC1=CC=CC(=N1)C1=C(CNN1)C1=CC=C2N=CC=CC2=N1
D03876,N[C@@H](CCCCNC(N)=N)C(O)=O
D03877,CC(C)(C)C1=NNC(NC(=O)NC2=CC=C(Cl)C(COC3=CC=CN=C3)=C2)=C1
D03878,C1CCN(C1)C1(CCCCC1)C1=CC=CC=C1
D03879,[H][C@]1(CC2=CC=C(O)C(OC)=C2)COC(=O)[C@]1([H])CC1=CC=C(O)C(OC)=C1
D03880,CC1=NC(=CC=C1)C1=NN2CCCC2=C1C1=CC=C(F)C=C1
D03881,[Cl-].[Cl-].[Sn+4].CCC1=C2[N-]C(\C=C3/N=C(/C=C4\[N-]\C(=C/C5=N/C(=C\2)/C(C)=C5CC)C(C)=C4CCC(O)=O)C(CCC(O)=O)=C3C)=C1C
D03882,CCOCCOCCOCCOCCOCCOCC
D03883,CO[C@H]1O[C@H](COS(O)(=O)=O)[C@@H](O[C@@H]2O[C@H]([C@@H](O[C@H]3O[C@H](COS(O)(=O)=O)[C@@H](O[C@@H]4O[C@@H]([C@@H](O[C@H]5O[C@H](COS(O)(=O)=O)[C@@H](O)[C@H](O)[C@H]5NS(O)(=O)=O)[C@H](O)[C@H]4O)C(O)=O)[C@H](OS(O)(=O)=O)[C@H]3NS(O)(=O)=O)[C@H](O)[C@H]2OS(O)(=O)=O)C(O)=O)[C@H](O)[C@H]1NS(O)(=O)=O
D03884,COC1=CC(OCC2=CC=NC=C2)=C(C)C=C1
D03885,CN(C)CCN(CC1=CC=C(Cl)C=C1)C1=CC=CC=N1
D03886,NS(=O)(=O)OC1=CC=C(CN(N2C=NN=C2)C2=CC=C(C=C2)C#N)C=C1
D03887,[H][C@](N)(CO)[C@@]([H])(O)[C@]([H])(O)[C@]([H])(O)COP(O)(O)=O
D03888,[H][C@](N)(CC1=C(ON=C1[O-])C(C)(C)C)C(O)=O
D03889,CN1C(C2=CC=C(Cl)C=C2)S(=O)(=O)CCC1=O
D03890,CC(C)OP(F)(=O)OC(C)C
D03891,CN1[C@H](C[C@H](O)C2=CC=CC=C2)CCC[C@@H]1CC(=O)C1=CC=CC=C1
D03892,[H][C@@](CC1=CC=CC=C1)(NC(=O)C1=CC2=C(N1)C=CC(Cl)=C2)C(=O)N1CC(C1)C(O)=O
D03893,COC1=CC=C(C=C1)C1=C(N=C(N1)C1=CC=CS1)C1=CC=C(OC)C=C1
D03894,N#CCC1=CC=C(NC2=NC3=CC=CC=C3C(NC3=NNC(=C3)C3CC3)=N2)C=C1
D03895,CN1CC(C2=CC=CC=C2)C2=C(C1)C(N)=CC=C2
D03896,OC[C@@H]1O[C@H]([C@H]2O[V](O)(O)(=O)O[C@H]12)N1C=CC(=O)NC1=O
D03897,[H][C@@]12CC[C@](OC(C)=O)(C(C)=O)[C@@]1(C)CC[C@@]1([H])[C@@]2([H])C=C(C)C2=CC(=O)CC[C@]12C
D03898,[H][C@@](N)(COC1=C2C=CC(=NC2=CN=C1)C1=CC=NC=C1)CC1=CNC2=C1C=CC=C2
D03899,C1CNCCN1
D03900,[H][C@]1(COP(O)(O)=O)O[C@@]([H])(N2C(Br)=NC3=C(N)N=CN=C23)[C@]([H])(O)[C@]1([H])O
D03901,COC1=C(OC)C(OC)=C(CN2CCNCC2)C=C1
D03902,C[C@]12CC[C@H]3[C@H]([C@@H]1CC[C@@]2(O)C#C)[C@@H](O)C=C1C[C@@H](O)CC[C@]31C
D03903,CCCCCCCCCCCCCCCCOP([O-])(=O)OCC[N+](C)(C)C
D03904,O[P@@](=O)(OCC1=CC=CC=C1)OC1=C(C=O)C=CC=C1
D03905,NCCCCNC(=O)C1=CC=C(C=C1)S(N)(=O)=O
D03906,FC1=CC=C(C(F)=C1)C1=CC(=CC2=C1CCC(=O)N2C1=C(Cl)C=CC=C1Cl)C1CCNCC1
D03907,[H]N=C([H])CN
D03908,NC(=N)C1=CC2=C(NC(=N2)C2=CC=CC(C3=CC=CC=C3)=C2O)C=C1Cl
D03909,OC(=O)CC1=CNC2=CC=CC=C12
D03910,[H][C@@](CC1=CC(=CC=C1OC)[N+]([O-])=O)(C1=CNC(N)=N1)C1=CC=C(OC)C(F)=C1
D03911,NC1=NC2=C(N=C(CNC3=CC=C(C=C3)C(=O)N[C@@H](CCC(O)=O)C(O)=O)C=N2)C(N)=N1
D03912,[H][C@@]1(CN(CCOC)S(=O)(=O)C2=C1C=C(S2)S(N)(=O)=O)NCC
D03913,[H][C@]1(CO)O[C@@]2(N=C(S)N=C2O)[C@]([H])(O)[C@@]([H])(O)[C@]1([H])O
D03914,[H]N1C(=O)C[C@@]2(C1=O)C(=O)N(CC1=C(F)C=C(Br)C=C1)C(=O)C1=C2C=C(F)C=C1
D03915,C\C=C\C[C@]([H])(C(C)=O)N1N=NC(=C1)[C@](C)(C(C)C)NC(=O)C1=CC=CC=C1
D03916,CCOCCOCCOCCOCCOCC
D03917,[H]\C(=C(\N=C(C)O)C(O)=N[C@@]1([H])CCCCN(CC2=CC=C(C=C2)C2=CC=CC=C2)C1=O)C1=CC(C=O)=C(CC(O)=O)C=C1
D03918,N#CC[C@H](C1CCCC1)N1C=C(C=N1)C1=C2C=CNC2=NC=N1
D03919,OC(C(=O)O[C@H]1C[N+]2(CCCOC3=CC=CC=C3)CCC1CC2)(C1=CC=CS1)C1=CC=CS1
D03920,[H][C@](O)(C(O)=NCCC(O)=NCCSCCCCC(O)=NCCC1=CNC2=CC=CC=C12)C(C)(C)COP(O)(=O)OP(O)(=O)OC[C@@]1([H])O[C@@]([H])(N2C=NC3=C(N)N=CN=C23)[C@]([H])(O)[C@]1([H])OP(O)(O)=O
D03921,NC1=C2C(=NC=N1)N(N=C2C1=CC2=C(NC=C2)N=C1)C1CCCC1
D03922,[H][C@@]12C[C@H]3OC(C)(C)O[C@@]3(C(=O)CO)[C@@]1(C)C[C@H](O)[C@@]1([H])[C@@]2([H])CCC2=CC(=O)C=C[C@]12C
D03923,NC(=N)N1C=C2C=CC=C(C2=N1)[N+]([O-])=O
D03924,NC(=O)C1=NN(C=N1)[C@@H]1O[C@H](CO)[C@@H](O)[C@H]1O
D03925,NS(=O)(=O)OC1=CC=C2C3=C(CCCCC3)C(=O)OC2=C1
D03926,[H][C@]1(COS(=O)(=O)NCC)O[C@@]([H])(N2C=NC3=C(N)N=CN=C23)[C@]([H])(O)[C@]1([H])O
D03927,CCC(C)(C)C(=O)C(=O)N1CCC[C@H]1C(O)=O
D03928,[H][C@]1(C2CCN(CC2)S(C)(=O)=O)C2=C(C=C(Cl)C=C2)C(=CC2=C1N=CC=C2)N1CCNCC1
D03929,NC1=NC(F)=NC2=C1N=CN2[C@@H]1O[C@H](CO)[C@@H](O)[C@@H]1O
D03930,[H][C@]1(CO[C@]2([H])[C@]([H])(CO[C@]12[H])OC1=CC=C(C=C1)C(N)=N)OC1=CC=C(C=C1)C(N)=N
D03931,[H][C@@]1(C#N)C2=C(N(C)C3=CC(Cl)=CC=C23)C(=O)NC11CCNCC1
D03932,NC1=NC=CC=C1NCC1=C(OCC2=NC=CC=C2)C=CC(=C1)C1=CC2=C(C=CN2)C=C1
D03933,OCC1=NNN=C1C1=CC2=C(C=C1)C(=NN2)C1=CC2=C(N1)C=CC(CN1CCCCC1)=C2
D03934,[H][C@]1(COP(O)(=O)OP(O)(=O)OCCCCCCN)O[C@@]([H])(N2C=CC(O)=NC2=O)[C@]([H])(O)[C@]1([H])O
D03935,[H]N=C(CC1=CC(O)=C(O)C=C1)C(O)=O
D03936,ClC1=CN=C(NS(=O)(=O)C2=C(NC(=O)C3=CC=C(C=C3)N3C=CC=CC3=O)C=CC=C2)C=C1
D03937,ClC1=CC(=CC(Cl)=C1)C1=C(C#N)[C@@]2(CC3=CC=C(C=C3)C#N)CCCN2C1=O
D03938,COC1=CC(OC)=NC(O[C@H](C(O)=O)C(OC)(C2=CC=CC=C2)C2=CC=CC=C2)=N1
D03939,[H][C@](CCCNC(N)=N)(C=O)[C@]([H])(N=C(O)N1CCN(CC1)C(O)=NC(C)(C)C)C(O)=O
D03940,CCNC(=O)C1=CC2=C(N=C(N)N=C2S1)C1=C(Cl)C=C(Cl)C(OCCN2CCCC2)=C1
D03941,BrC1=CC=CC(=C1)C1=NC2=[N+](NC=C2)C(NCC2=CC=NC=C2)=C1
D03942,[H][C@@](CC1=CC(=CC=C1)C(N)=N)(NS(=O)(=O)C1=CC2=CC=CC=C2C=C1)C(=O)N1CCCC[C@]1([H])C(O)=O
D03943,[H][C@]1(CC=C(C)C)O[C@]1(C)[C@@]1(O)[C@]([H])(OC)C(=O)CC[C@@]1(C)O
D03944,[H][C@@]1(O[C@]2(C[C@@H](O)[C@H](C)[C@H](C\C=C\C3=COC(=N3)[C@@H](C)CCNC(=O)[C@@H](O)[C@@H](O)[C@H](COC)N(C)C)O2)C(C)(C)[C@H]1OP(O)(O)=O)[C@H](C[C@H](O)[C@H](C)[C@H](O)[C@H](C)\C=C(/C)\C(\C)=C\C=C\C(\C)=C/C#N)OC
D03945,[O-]C(=O)C1=[NH+]CCC1
D03946,O[C@H]1C[C@@H](O)[C@H](O)[C@@H](COP(O)(O)=O)O1
D03947,[H][C@]12C[C@@H](OC(=O)C3=CC(OC)=C(OC)C(OC)=C3)[C@H](OC)[C@@H](C(=O)OC)[C@@]1([H])C[C@@]1([H])N(CCC3=C1NC1=C3C=CC(OC)=C1)C2
D03948,CC(C)NCC(O)COC1=CC=C(CC(N)=O)C=C1
D03949,CNC(=O)C1=CC=C(C)C(=C1)N1C(C)=CC(OCC2=C(F)C=C(F)C=C2)=C(Br)C1=O
D03950,[H][C@@]1(F)C[C@]([H])(CC(=C1)C(=O)NC1=CC=C(Cl)C(COC2=CN=CC=C2)=C1)N1CCOCC1
D03951,NCC(N)=O
D03952,[H][C@](C)(C#CC1=C(C)N=C(N)N=C1N)C1=CC(OC)=CC(=C1)C1=CC(C)=CC(C)=C1
D03953,CC1(C)C=C(CSS(C)(=O)=O)C(C)(C)N1O
D03954,COC1=CC=C(CN(CCN(C)C)C2=NC=CC=C2)C=C1
D03955,[H][C@]12OC3([O-])OC(C4C(O)[NH+]=C(N)NC4(C1O)[C@@H]3O)C2(O)CO
D03956,OCC(O)=O
D03957,[H][C@](OC(C)=O)(C(=O)OC)C1=CC=C(N)C=C1C(O)=O
D03958,CCC(C)SSC1=NC=CN1
D03959,NC1=NC=NC2=C1N=CN2[C@@H]1O[C@H](CO)[C@@H](O)[C@@H]1O
D03960,CC(C)C1=NC2=C(OCC3CCCCC3)N=C(N)N=C2N1
D03961,NS(=O)(=O)C1=CC=C(NC2=NC(OCC3CCCCC3)=C3N=CNC3=N2)C=C1
D03962,CC(C)C1=C(O)C=CC(CC2=C(C)C=C(OCC(O)=O)C=C2C)=C1
D03963,CCCCCCCCOCCOCCOCCOCCOCCO
D03964,[H][C@@](CCCNC(N)=N)(NC(=O)C1CCCC1)C(=O)C1=NC2=C(S1)C=CC=C2
D03965,CC1=CC=C(C=C1)N1C=C(CNCC2CCCCC2)C2=CC=CC=C12
D03966,CC(C)COC1=C([O-])C(=CC=C1)C1=NC2=CC(=CC=C2N1)C(N)=[NH2+]
D03967,[H][C@]1(CO)O[C@@]([H])(C2=NC3=C(N2)C=C(C)C=C3)[C@]([H])(O)[C@@]([H])(O)[C@]1([H])O
D03968,[H][C@@](C)(N1CC[C@]([H])(NS(=O)(=O)C2=NNC(=N2)C2=CC=C(Cl)S2)C1=O)C(=O)N1CCOCC1
D03969,CC1=CC(NC(=O)CC2=CC=C(OC(C)(C)C(O)=O)C=C2)=CC(C)=C1
D03970,[H][C@@]12OC3=C(O)C=CC4=C3[C@@]11CCN(CC3CC3)[C@]([H])(C4)[C@]11CC[C@@]2(OC)[C@H](C1)C(C)(C)O
D03971,[H][C@]1(CO)O[C@@]([H])(O[C@]2([H])[C@@]([H])(CO)O[C@@]([H])(O[C@]3([H])[C@@]([H])(CO)O[C@]([H])(OC4=CC5=C(C=C4)C(C)=CC(=O)O5)[C@]([H])(N=C(C)O)[C@@]3([H])O)[C@]([H])(N=C(C)O)[C@@]2([H])O)[C@]([H])(N=C(C)O)[C@@]([H])(O)[C@]1([H])O
D03972,CC1=C(C(N)=NC(N)=N1)C1=CC(Cl)=C(Cl)C=C1
D03973,CCOC(=O)C1=C(C)N(N=C1C)C1=CC=C(N)C=C1
D03974,[H][C@](C(O)=O)(C1=CC=CC=C1)S(O)(=O)=O
D03975,[H]N([H])[C@@H](CCC(=O)N([H])[C@@H](CSC(O)OCC1=CC=C(C=C1)[N+]([O-])=O)C(=O)N([H])CC(O)=O)C(O)=O
D03976,CC(=O)N(O)CCCCCNC(=O)CCC(=O)N(O)CCCCCNC(=O)CCC(=O)N(O)CCCCCN
D03977,NC(=O)C[C@@H]1NC(=O)C2(CCCCC2)NC(=O)C[C@H](\C=C\C[C@H](CNC1=O)CC1=CC=CC2=CC=CC=C12)C1=CC=C(C=C1)CP(O)(O)=O
D03978,CC(CN1C2=CC=CC=C2SC2=C1C=C(C=C2)C(C)=O)N(C)C
D03979,OC(=O)CC(CC(O)=O)C(O)=O
D03980,O=CNC1CCCCC1
D03981,[H][C@@](O)(CCCCCCCCC)CC(O)=O
D03982,CC(=O)C1=C(C)C2=CN=C(NC3=NC=C(C=C3)N3CCNCC3)N=C2N(C2CCCC2)C1=O
D03983,CCOCCOCCOCCOCCOCCOCCOCCOCCO
D03984,[H][C@@](CC)(CO)NC1=NC2=C(N=CN2C(C)C)C(OCC2=CC=CC=C2)=N1
D03985,COCCCN1CCC(CC1)NC(=O)C1=C2OCCC2=C(N)C(Cl)=C1
D03986,[H][C@](CS)(CC1=CC=CC=C1)C(=O)NCC(O)=O
D03987,OC1=CC=CC2=C1C(=O)C1=C(C=CC=C1O)C2=O
D03988,CC1=C(N=C2C=CC(F)=CC2=C1C(O)=O)C1=CC=C(C=C1)C1=CC=CC=C1F
D03989,CC(C)(C1=CC=CC=C1)C1=CC=C(O)C=C1
D03990,CN(C)C1=CC=CC2=C1C=CC=C2S(=O)(=O)NCCCC[C@H](N)C(O)=O
D03991,NC1=NC2=C(NN=N2)C(O)=N1
D03992,[H][C@]1(N=C(N(C(=O)N2CCNCC2)[C@]1([H])C1=CC=C(Cl)C=C1)C1=C(OC(C)C)C=C(OC)C=C1)C1=CC=C(Cl)C=C1
D03993,C[C@H](NCCC1=CC=C(O)C=C1)[C@H](O)C1=CC=C(O)C=C1
D03994,[H][C@@]1(SC(NC2=C(F)C=CC=C2)=NC1=O)C(C)C
D03995,CC1=CC=C(NC2=C(Cl)C=CC=C2F)C(CC(O)=O)=C1
D03996,CCCCCCCCCCCCCCCC(=O)OC[C@]([H])(COP([O-])(=O)OCC[N+](C)(C)C)OC(=O)CCCCCCC\C=C/C\C=C/CCCCC
D03997,OC(=O)CNC1=NC=NC2=C1C(=C(O2)C1=CC=CC=C1)C1=CC=CC=C1
D03998,[H][C@]1(O)C[C@]([H])(CC[C@]1([H])C1=CC=C(C=C1)C(=O)NCCCC(O)=O)C1=CC=CC=C1
D03999,NC(=O)NC(=O)CC1=CC=CC=C1
D04000,COC1=CC(=CC(OC)=C1OC)C(F)(F)C(=O)N1CCCC[C@H]1C(=O)O[C@@H](CCCC1=CC=CC=C1)CCCC1=CN=CC=C1
D04001,ON(CC(O)=O)C=O
D04002,[H][C@@](CCCNC(C)=N)(NC(=O)C1=CC=CC=C1)C(N)=O
D04003,[H][C@]1(C)O[C@@]([H])(N2C=C(I)C3=C(N)N=CN=C23)[C@]([H])(O)[C@]1([H])O
D04004,[H][C@]1(CC)CNCC2=C1C=C(NC(=O)C1=CC=C3C=C(C=CC3=C1)C(N)=N)C=C2
D04005,[H][C@@]12CC[C@H](O)[C@@]1(C)CC[C@@]1([H])[C@@]2([H])CC[C@@]2([H])CC(=O)[C@H](C)C[C@]12C
D04006,CN(C)CCC(O)(C1=CC=CC=C1)C1=CC=CC=C1Cl
D04007,NS(=O)(=O)C1=CC=C(NC(=O)C2=CC=CC=C2S)C=C1
D04008,[H][C@]12SCC(Cl)=C(N1C(=O)[C@H]2NC(=O)[C@H](N)C1=CC=CC=C1)C(O)=O
D04009,CC1=CN=C2N1C=CN=C2NCC1=CC=NC=C1
D04010,[H]C([H])([H])[S@](=O)C([H])([H])C([H])([H])[C@@]([H])(C([O-])=O)[N+]([H])([H])[H]
D04011,[H]C(CCCC(O)=O)=C([H])CC1C(\C([H])=C(/[H])C(=O)CCCCC)C(O)CC1=O
D04012,COC1=CC(CN2C(=CC3=C2C=CC=C3)C(=O)NC2CCN(CC2)C(C)C)=CC=C1
D04013,NC#N
D04014,NC1=CC=C(C=C1[Hg])S(N)(=O)=O
D04015,[H]N([C@@H](CC1=CC=C(Cl)C=C1)[B-](O)(O)O)C(C)=O
D04016,OC1=CC=C(C=C1)C1(OC(=O)C2=CC=CC=C12)C1=CC=C(O)C=C1
D04017,CN1C(=CC=C1C1=CC=C2NC(=S)OC(C)(C)C2=C1)C#N
D04018,NCC1(CCN(CC1)C1=C2C=CNC2=NC=N1)C1=CC=C(Cl)C=C1
D04019,CCC[N+]#[C-]
D04020,CN1C(CNC2=CC=C(C=C2)C(=O)N[C@@H](CCC(O)=O)C(O)=O)CNC2=C1C(=O)N=C(N)N2
D04021,O[C@H](COP(O)(O)=O)C(O)=O
D04022,CC1(C)CC(C)(C)CC(C)(N)C1
D04023,OC(=O)CSC1=NC(=NO1)C1=CC=CC(Cl)=C1
D04024,[H][C@@]1(CNC(=O)C1)C1=CC=C(OC)C(OC2CCCC2)=C1
D04025,[H][C@]12C[C@@]([H])(O)C=C[C@]11CCN(CCCCCCCCN3C(=O)C4=CC=CC=C4C3=O)C=C3C=CC(=[O+]C)C(O2)=C13
D04026,[H][C@@](CC)(CO)NC1=NN2C(C=C1)=NC=C2C1=CC=C(C=C1)C(O)=O
D04027,NS(=O)(=O)C1=CC=C(NC2=CC(NC3CCCCC3)=NC3=NC=NN23)C=C1
D04028,CN1C=C(C=C1\C=C\C(=O)NO)C(=O)CC1=CC=CC=C1
D04029,[H][C@@](C)(O)[C@@]([H])(CCCCCC)N1C=NC2=C(N)N=CN=C12
D04030,C(CC1=CC=NC=C1)C1=CNC2=CC=CC=C12
D04031,FC1=CC(F)=C(SC2=NN3C=NC(=O)C(=C3C=C2)C2=C(Cl)C=CC=C2Cl)C=C1
D04032,OC(=O)C1=CC(=CC=C1O)\N=N\C1=CC=C(O)C(=C1)C(O)=O
D04033,[H][C@@](C)(NC(=O)[C@@]([H])(NC(=O)[C@@]1([H])O[C@]1([H])C(=O)OCC)[C@@]([H])(C)CC)C(O)=O
D04034,CNC1(C)C2CCC(C2)C1(C)C
D04035,FC1=CC=C(C=C1)C(CCCN1CCC2(CC1)N(CNC2=O)C1=CC=CC=C1)C1=CC=C(F)C=C1
D04036,CN[C@@H]1CCC2=C(C1)C1=C(N2)C=CC(=C1)C(N)=O
D04037,[H][C@](N)(CCCCN)B(OCC)OCC
D04038,COC1=CC2=NC=NC(NC3=CC(SC)=CC=C3)=C2C=C1OC
D04039,[H][C@@]12C[C@@H]([C@H](OC(C)=O)[C@@]1(C)CC[C@@]1([H])[C@@]2([H])CC[C@@]2([H])C[C@H](OC(C)=O)[C@H](C[C@]12C)N1CCCCC1)[N+]1(C)CCCCC1
D04040,CCCCCCCCCC[N+](C)(C)[O-]
D04041,[H][C@@](CCCC)(C(O)=O)C1=CNC2=C1C=CC=C2
D04042,CN1CCN(CC1)C1=NC2=C(C=C(C=C2N=C1)C(F)(F)F)C1=CC(O)=CC=C1
D04043,CN(C)C(=N)NC(N)=N
D04044,[H][C@](C)(O[P@]([H])(C)=O)C(C)(C)C
D04045,NCC(=O)NC1O[C@H](COP(O)(O)=O)[C@@H](O)[C@H]1O
D04046,FC1=CC=C(C=C1)C(N1CCN(CC1)C1=NC(NCC=C)=NC(NCC=C)=N1)C1=CC=C(F)C=C1
D04047,[H][C@@](C)(NC(=O)[C@@]([H])(CC1=CC=CC=C1)NC(=O)OCC1=CC=CC=C1)\C=C\C(=O)C=O
D04048,OC1=CC(O)=C(C(=O)N2C=CC=C2)C(O)=C1
D04049,OC(=O)C(=O)C1=CC=CC=C1
D04050,C[N+](C)(C)CC([O-])=O
D04051,C(CN1C=CC=C1)OC1=CC2=C(NC=C2)C=C1
D04052,CNC[C@H](O)C1=CC(O)=CC=C1
D04053,[H][C@]1(CC2=NC(N)=CC(C)=C2)CNC[C@]1([H])NCCNCC1=CC(Cl)=CC=C1
D04054,CC(C)C[C@H](N)P(O)(O)=O
D04055,NC1=C(\N=N\C2=CC=C(O)C=C2)C(N)=NN1
D04056,NCC1=CC=C(NC(=O)C2=CC(NC3=NC=CC=N3)=C3C=C(C=CC3=C2)C(N)=N)C=C1
D04057,C1CN=C(N1)C1CCCC2=CC=CC=C12
D04058,[H][C@](C)(NC=O)NC(=O)[C@]([H])(C)NC(=O)OC(C)(C)C
D04059,CC(C)CC(=O)O[C@H]1[C@@H](O[C@@H]2C[C@]3(C)[C@H]4CC[C@@H]5C[C@@]4(CC[C@H]3C(C2)(C(O)=O)C(O)=O)[C@@H](O)C5=C)O[C@@H](COO)[C@H](OS(O)(=O)=O)[C@@H]1OS(O)(=O)=O
D04060,[H][C@](C)(N)COC1=C(C)C=CC=C1C
D04061,CN1CCN(CC1)C1=C(C\N=N/C(N)=S)C=CC=C1
D04062,FC1=C2C(=O)NC(=O)N(CCCCN3CCC(=CC3)C3=CC=CC=C3)C2=CC=C1
D04063,[H][C@]1(C)CN=C(N)C2=C(O1)C=CS2
D04064,[H][C@@](N)(CC1=CC=CC=C1)C(=O)N1CCC[C@@]1([H])C(=O)NCCNC1=CC=NC=C1
D04065,CCCC1=NC(=C(N1CC1=CC=C(C=C1)C1=C(C=CC=C1)C1=NN=NN1)C(O)=O)C(C)(C)O
D04066,[H][C@@](CC)(CO)NC1=NC2=C(C=NN2C(NCC2=CC=CC=C2)=N1)C(C)C
D04067,NCCCCC1=CC=CC=C1
D04068,CN1C(N)=NC2=C1C=C(C=N2)C1=CC=C(O)C=C1
D04069,O[C@H](COP(O)(O)=O)[C@@H](O)[C@H](O)[C@@H](O)C(O)=O
D04070,CCOC1=C(OCC)C=C2C(NC3=CC=CC(=C3)C3=CSC(CO)=N3)=NC=NC2=C1
D04071,NC(=[NH2+])C1=CC2=C(NC(=N2)C2=C(O)N=CC=C2)C=C1
D04072,[H][C@@](C)(N)C(=O)N[C@@]([H])(C)C(=O)N[C@@]([H])(CC1=CC=CC=C1)[C@@]([H])(C)O
D04073,OC1=C(\C=C2/SC(=S)N(CC3=CC=CC=C3)C2=O)C=CC=C1[N+]([O-])=O
D04074,[H][C@]1(CO)O[C@@]([H])(N2C=CC(=N)N=C2O)[C@]([H])(O)[C@]1([H])OP(O)(O)=O
D04075,[H]N([H])C1=C2N=CN([C@@H]3O[C@H](COP(O)(=O)OP(O)(=O)OP(O)(=O)OP(O)(=O)OP(O)(=O)OC[C@H]4O[C@H]([C@H](O)[C@@H]4O)N4C=CC(=O)N([H])C4=O)[C@@H](O)[C@H]3O)C2=NC=N1
D04076,C\C(O)=C(/C#N)C(=O)NC1=CC=C(C=C1)C(F)(F)F
D04077,[H][C@]12O[C@]([H])(CO)[C@@]([H])(O)[C@]([H])(O)[C@@]1([H])N=C(C)S2
D04078,CC1=C(Br)C(=O)OC2=C(Br)C(O)=CC=C12
D04079,[H][C@@](N)(C(=O)N1CC[C@]([H])(F)C1)[C@]([H])(CC1CC1)C1([H])N[C@]([H])(NO1)C1=C(F)C=C(C=C1)S(C)(=O)=O
D04080,OC(CC(O)=O)CC(O)=O
D04081,CC1=NC(N)=NC(CNS(=O)(=O)C2=CC(N\C=C3/CCOC3=O)=CC=C2)=C1
D04082,CC(OC1=C(Cl)C=CC=C1Cl)C1=NCCN1
D04083,CCOC1=CC=C(C=C1)C1=C(C#N)C(N)=NC2=C1C(N)=C(S2)C(N)=O
D04084,[H][C@]1(CO)O[C@@]([H])(N=C(O)N=C(O)C2=CC=CC=C2)[C@]([H])(O)[C@@]([H])(O)[C@]1([H])O
D04085,[H][C@]1(CO)O[C@@]([H])(N2C=C(I)C3=C(N)N=CN=C23)[C@]([H])(O)[C@]1([H])O
D04086,[H][C@@]1(CN(CCN1S(=O)(=O)C1=CC=C(OC)C=C1)C(=O)OCC1=CC=CC=C1)C(=O)NO
D04087,O\C(C1CC1)=C(\C#N)C(=O)NC1=CC=C(C=C1)C1=CC=CC=C1
D04088,ClC1=CC=CC(COC2=CC=C3C(OC(=O)C=C3C=O)=C2)=C1
D04089,CCS(=O)(=O)C1=CC=C(OC)C(NC2=NC=C(O2)C2=CC=CC(=C2)C2=CC=CC=N2)=C1
D04090,FC1=C(CN2C(=O)C3=CC=CN3[C@@]3(CC(=O)NC3=O)C2=O)C=CC(Br)=C1
D04091,[H]N1N=C2C(=N1)C(Br)=C(Br)C(Br)=C2Br
D04092,N[C@@H](CCONC(N)=N)C(O)=O
D04093,[H][C@]1(COP(O)(=O)OP(O)(O)=O)O[C@@]([H])(N2C=NC3=C(N)N=CN=C23)[C@]([H])(O)[C@]1([H])N
D04094,NS(=O)(=O)C1=CC=C2CCCC2=C1
D04095,[H][C@@](CC1=CC=C(OCCN2C3=C(C=CC=C3)C3=C2C=CC=C3)C=C1)(OCC)C(O)=O
D04096,[H][C@](N)(CC1=CC(Br)=C(O)C(Br)=C1)C(O)=O
D04097,CC1=CC=CC2=C1N=C(CCCN1CCC(=CC1)C1=CC=C(F)C=C1)NC2=O
D04098,[H][C@@]1(CO[C@]2([H])[C@@]([H])(CO[C@]12[H])OC1=CC=CC(=C1)C(N)=N)OC1=CC=C(C=C1)C(N)=N
D04099,[H][C@]12CC3=C(C(N)=C4C=CC(Cl)=CC4=N3)[C@]([H])(CC(CC)=C1)C2
D04100,[H][C@]1(O)O[C@]([H])(CO)[C@@]([H])(O)[C@]([H])(O)[C@@]1([H])F
D04101,ONC(=O)COP(O)(O)=O
D04102,[H]N(C[C@@H](O)CN([H])S(=O)(=O)C1=CC=CC=N1)C(=O)[C@H](CC(C)C)C1=CC=CC(=C1)C1=CC=CC=C1
D04103,COC1=C(O)C=C(C=C1)[C@@H]1CC(=O)C2=C(O)C=C(O)C=C2O1
D04104,[H][C@]1(CO)O[C@@]([H])(N2C=NC3=C(NCC4=CC=CC5=CC=CC=C45)N=CN=C23)[C@]([H])(N=C(O)C2=CC(OC)=CC(OC)=C2)[C@]1([H])O
D04105,COC1=C(F)C=C(C=C1)C1=C(Cl)N=CN1C1=CC=C(C=C1)S(N)(=O)=O
D04106,CNS(=O)(=O)C1=CC=C(C=C1)C1=CC=C(O1)\C=C1/SC(=N)NC1=O
D04107,NS(=O)(=O)C1=CC=C(NC2=CC(OC3CCCCC3)=NC3=NC=NN23)C=C1
D04108,CCNC(C)CC1=CC(=CC=C1)C(F)(F)F
D04109,[H][C@@]12C[C@@H](C)[C@H](C(=O)CO)[C@@]1(C)C[C@H](O)[C@@]1(F)[C@@]2([H])CCC2=CC(=O)C=C[C@]12C
D04110,N[C@@H](CC1=CCCCC2=C1C(=O)NO2)C(O)=O
D04111,[H][C@@](CC1=CC=CC=C1)(NC(=O)[C@]1([H])CSCCN1S(=O)(=O)C1=CC=C(C)C=C1)C(=O)OCC
D04112,OC(=O)CN1C=C(CC2=NC3=C(S2)C(F)=CC(F)=C3F)C2=C1C=CC=C2
D04113,[H][C@@]12CCC3=CC(=O)C=C[C@]3(C)[C@@]1([H])CC[C@]1(C)OC(=O)CC[C@@]21[H]
D04114,[H][C@](C)(CC)[C@@]([H])(NCC1=C(COP(O)(O)=O)C=NC(C)=C1O)C(O)=O
D04115,CC(CCC1=CC=C(O)C=C1)NCCC1=CC(O)=C(O)C=C1
D04116,OC(=O)C(=O)NC1=C(C(O)=O)C2=C(CSCC2)S1
D04117,CC(C)C(=O)COC1=NC(N)=NC2=C1NC=N2
D04118,OC[C@@H]1CC[C@@H](O1)N1C=NC2=C1NC=NC2=O
D04119,COC1=CC=C(C=C1)C1=CC=C(C=C1)S(=O)(=O)N[C@H](C(C)C)P(O)(O)=O
D04120,[H][C@]1(S)C[C@@]([H])(O[C@]1([H])COP(O)(O)=O)N1C=C(C)C(=O)NC1=O
D04121,O[S@@](=O)C1=CC=CC=C1
D04122,[H][C@@]1(CC[C@@]2([H])[C@]3([H])[C@H](O)C[C@]4([H])C[C@H](O)CC[C@]4(C)[C@@]3([H])C[C@H](O)[C@]12C)[C@H](C)CCC(=O)NCC([O-])=O
D04123,[H][C@@]12CCC(=O)[C@@]1(C)CC[C@]1([H])C3=C(CC=C21)C=C(O)C=C3
D04124,[H][C@]1(N)CCCC[C@@]1([H])NC1=NC(NC2=CC=CC(C)=C2)=C(C=N1)C(N)=O
D04125,CCOC(=O)C1(CCN(CCC2=CC=C(N)C=C2)CC1)C1=CC=CC=C1
D04126,[H][C@](O)(C(O)=NCCC(O)=NCCSC(=O)CSCCCCC)C(C)(C)COP(O)(=O)OP(O)(=O)OC[C@@]1([H])O[C@@]([H])(N2C=NC3=C(N)N=CN=C23)[C@]([H])(O)[C@]1([H])OP(O)(O)=O
D04127,OC1=CC=C(CCC2=CC(O)=CC(O)=C2)C=C1
D04128,[H][C@]1(C=C(CN1C(=O)N(C)C)C1=CC(F)=CC=C1F)C1=CC=CC=C1
D04129,ClC1=CNC2=C1C(=NC=N2)N1CCC2=C(C1)N=CN2
D04130,N[C@H](C(=O)N1[C@H]2C[C@H]2C[C@H]1C#N)C12CC3CC(CC(O)(C3)C1)C2
D04131,FC(F)(F)CN(CC(F)(F)F)C1=CC2=C(NC(=O)C=C2C(F)(F)F)C=C1
D04132,CC(=O)CCC(O)=O
D04133,OC(=O)CC1=NN(CC2=NC3=C(S2)C=CC(=C3)C(F)(F)F)C(=O)C2=C1C=CC=C2
D04134,[H][P@@](=O)(CCCCCCCCCCC)OCCCC
D04135,CC(C)C1=CC(OC2=C(Cl)C=C(CC(O)=O)C=C2Cl)=CC=C1O
D04136,[H][C@](CS)(CC(C)C)C(O)=O
D04137,[H][C@@]12CC[C@](O)(C(=O)OCCl)[C@@]1(C)C[C@H](O)[C@@]1([H])[C@@]2([H])CCC2=CC(=O)C=C[C@]12C
D04138,[H][C@@]1(CN(CC2=CC=CC=C2)C(=O)CO1)C1=CC2=C(C=C1)N(C)S(=O)(=O)C2
D04139,[H][C@]1(O)[C@]([H])(O)[C@@]([H])(CO)OC([H])(F)[C@@]1([H])F
D04140,OC1=C(CC2=C(O)C3=C(OC2=O)C=CC=C3)C(=O)OC2=C1C=CC=C2
D04141,CC(O)(CC(O)=O)CC(O)=O
D04142,COC1=CC=C(C=C1)C1=C(C2=C(N)N=CN=C2O1)C1=CC=C(NC(O)=NC2=C(F)C=CC(=C2)C(F)(F)F)C=C1
D04143,[H][C@]1(CF)CC2=CC=C(C=C2CN1)S(=O)(=O)N1CCSCC1
D04144,CCOC1=C(OCC)C=C(\C=C2/NCCC3=CC(OCC)=C(OCC)C=C23)C=C1
D04145,NC1=NC2=C(C(N)=N1)C(SC1=CC=CC=C1)=CC=C2
D04146,[O-][N+]1=CC=CC=C1C(F)(F)CNC1=NC=C(Cl)N(CC(=O)NCC2=C(F)C=CC=C2)C1=O
D04147,CC1=NC=CN1C[C@H]1CCC2=C(C3=CC=CC4=C3N2CCC4)C1=O
D04148,CC1=C(SCCO1)C(=O)NC1=CC=CC=C1
D04149,OC1=C(CNC2CCN(CC2)S(=O)(=O)NC2=CC(OC3=CC=C(F)C=C3)=CC=C2)C=CC=C1
D04150,FC1=CC=C2OCC[C@]3(NC(=O)NC3=O)C2=C1
D04151,[H][C@]1(CO)O[C@]([H])(O[C@]2([H])[C@@]([H])(CO)O[C@]([H])(O[C@]3([H])[C@@]([H])(CO)N=C(NO)[C@]([H])(O)[C@@]3([H])O)[C@]([H])(O)[C@@]2([H])O)[C@]([H])(O)[C@@]([H])(O)[C@]1([H])O
D04152,[H][C@]1(O)[C@]([H])(O)[C@@]2([H])N=C(O[C@@]2([H])[C@]1([H])CO)N=C
D04153,CCOC(=O)C1=CC=C(N)C=C1
D04154,[H][C@@]12C[C@]1([H])[C@@]1([H])[C@]3([H])[C@]4([H])C[C@]4([H])[C@@]4(CCC(=O)O4)[C@@]3(C)CC[C@]1([H])[C@@]1(C)CCC(=O)C=C21
D04155,[H][C@](N)(CCC(=O)NC1=CC=C(OCC2=CC=CC=C2)C=C1)C(O)=O
D04156,[H][C@]12CC[C@]([H])([C@H]([C@@H](O)C1)C(O)=O)N2C
D04157,NC1=NC=CC(=N1)C1=C(Cl)SC(Cl)=C1
D04158,[H][C@]1(OS(O)(=O)=O)[C@]([H])(OS(O)(=O)=O)[C@@]([H])(OS(O)(=O)=O)[C@]([H])(OS(O)(=O)=O)[C@]([H])(OS(O)(=O)=O)[C@]1([H])OS(O)(=O)=O
D04159,[H][C@@]1(CCC2=C1C=CC=C2)NCC#C
D04160,CCCCN1C(CC2=CC(OC)=C(OC)C(OC)=C2Cl)=NC2=C(N)N=CN=C12
D04161,C[C@H](N)[C@H](O)C1=CC(O)=CC=C1
D04162,[H][C@]1(O)C[C@@]([H])(O[C@]1([H])COP(O)(O)=O)N1C=NC2=C1N=C(NCC1=CC=CC3=C1C=CC=C3)NC2=O
D04163,COC1=CC(C(O)C(C)N)=C(OC)C=C1
D04164,OC(=O)CN1C(=CC2=CC=CC=C12)C(=O)NC1=NC(=CS1)C1=CC=CC=C1Cl
D04165,[H][C@@]12CCCCN1CCN(C2)C1=CC=C(C=C1)[C@@]1([H])N(CCC2=CC(O)=CC=C12)C1=CC=CC=C1
D04166,CC(C)(C)C1=CC(O)=C(C=C1O)C(C)(C)C
D04167,CC(C)CCC(=O)CC1N(C(=O)C2=CC=CC=C12)C1=NC2=C(C=CC(Cl)=N2)C=C1
D04168,[H][C@@](CC(O)=O)(NC(=O)C1=CN=CC(=C1)C1=CC=C(C=C1)C(O)=O)C=O
D04169,NC1=CC=CC2=CC(=CC=C12)S(O)(=O)=O
D04170,OC1=CC=CC=C1Cl
D04171,OC[C@H]1O[C@H]([C@H](O)[C@@H]1O)N1C=CC(=O)NC1=O
D04172,O[C@H](C#N)C1=CC=C(O)C=C1
D04173,CCC1=C(O)C=C(O)C(=C1)C1=NNC(C(O)=O)=C1C1=CC=C2OCOC2=C1
D04174,CC1=CC(=CC(C)=C1OCCN)C(=O)NC1=CC(Cl)=CC(=C1)N1CCCCC1
D04175,CN(C)CCN(CC1=CC=CC=C1)C1=CC=CC=N1
D04176,CCCCN(CCCC)CC(O)C1=C2C(=CC(Cl)=C1)\C(=C/C1=CC=C(Cl)C=C1)C1=C2C=CC(Cl)=C1
D04177,CC(C)NCC(O)COC1=CC=C(CCOCC2CC2)C=C1
D04178,CC(=O)NC1=NC(=CC=N1)C1=C(C)N=C2C=CC=CN12
D04179,[H][C@@]1(CC[C@@]([H])(CC1)C1=CC=CN=C1)N(C1CC1)C(=O)C1=CC=C(C=C1)[C@](C)(O)C(F)(F)F
D04180,CC1=CC=C(C=C1)N1N=C(C=C1NC(=O)NC1=CC=C(OCCN2CCOCC2)C2=C1C=CC=C2)C(C)(C)C
D04181,CC(=O)C=O
D04182,CCCCCCCCSCC(=O)C(F)(F)F
D04183,CC1=C(CCOC2=CC=C(CC3C(=O)NOC3=O)C=C2)N=C(O1)C1=CC=CC=C1
D04184,O=C1N(CC2=CC=CC=C2)C2C[S+]3CCCC3C2N1CC1=CC=CC=C1
D04185,[H][C@@](CC(C)C)(CN(O)C=O)C(O)=O
D04186,O=C1NC2=C(C=C1)[C@@H](CCC2)NCCCCCCCCCCNC1=C2CCCCC2=NC2=CC=CC=C12
D04187,CCCCC1C(=O)N(N(C1=O)C1=CC=C(O)C=C1)C1=CC=CC=C1
D04188,S[Mo](=O)=O
D04189,CCC[C@H](N)C(O)=O
D04190,NC1=CC=CC=C1
D04191,[H][C@@](C)(N)C(O)=NS(=O)(=O)OC[C@@]1([H])O[C@@]([H])(N2C=NC3=C(N)N=CN=C23)[C@]([H])(O)[C@]1([H])O
D04192,OC(=O)CN1C(=O)C2=CC=CC3=CC=CC(C1=O)=C23
D04193,CC[N+](CC)(CC)CC
D04194,[H][C@@]12C[C@H](CC)[C@]3([H])N(C1)CCC1=C(NC4=CC(=C(OC)C=C14)[C@@]1([H])C[C@]4([H])C(C(=O)OC)[C@@]([H])(CC5=C1NC1=CC=CC=C51)N(C)C\C4=C\C)[C@@]3(C2)C(=O)OC
D04195,OC(=O)COC1=C(Cl)C(Cl)=C(C=C1)C(=O)C1=CC=CS1
D04196,OCCCCCCCCNCO
D04197,CC(C)C1=NCCC2=C1C=C(NC(=O)C1=CC=C3C=C(C=CC3=C1)C(N)=N)C=C2
D04198,NC1=NC(=O)C2=C(N1)N([C@@H]1O[C@H](CO)[C@@H](O)[C@H]1O)C(=O)S2
D04199,CCC(=O)N(C1CCN(CCC2=CC=CS2)CC1C)C1=CC=CC=C1
D04200,CCC1=CC=CC=C1N=C(O)OC1=CC2=C(C=C1)N(C)C1C2(C)CCN1(C)=O
D04201,OC1=NC=NC2=C1N=NC2
D04202,C(N1C=CN=C1)C1=CC=CC=C1
D04203,C(C)(C)C[C@H](C(=O)N[C@H](CCC1=CC=CC=C1)\C=C\S(=O)(=O)C1=CC=CC=C1)NC(=O)N1CCOCC1
D04204,[H][C@]1(CO)O[C@@]([H])(N2CNC3=C2N=CN=C3O)[C@]([H])(O)[C@]1([H])O
D04205,CC[N+](C)(CC)CCOC(=O)C(O)(C1CCCCC1)C1=CC=CC=C1
D04206,NC1=NC=C(CC2=CC=CC=C2)S1
D04207,OC(=O)CN(CC(O)=O)CC(O)=O
D04208,CC1=NC2=NC=NN2C(NC2=CC3=CC4=CC=CC=C4C=C3C=C2)=C1
D04209,[H][C@@]1(N)CCCN(C1)C1=NC2=C(C=CC=C2)C(=O)N1CC1=C(C=CC=C1)C#N
D04210,CCOCN1OC(=O)C(=C1C1=CC=NC(OC2=CC=CC=C2O)=N1)C1=CC=C(F)C=C1
D04211,[H][C@@](CC(O)=O)(C(F)F)S(=O)(=O)C1=CC=C(OC)C=C1
D04212,CC1(C)CC2=C(C(=NN2C2=CC(N[C@H]3CC[C@@H](CC3)OC(=O)CN)=C(C=C2)C(N)=O)C(F)(F)F)C(=O)C1
D04213,O[C@H](CC(O)=O)C(O)=O
D04214,CC1=C(N(N=C1C(=O)NN1CCCCC1)C1=C(Cl)C=C(Cl)C=C1)C1=CC=C(Cl)C=C1
D04215,CC(=C)[C@@H]1CC[C@@]2(C)O[C@H]2C1
D04216,FC1=CC=C(C=C1)N1N=C(C=C1NS(=O)(=O)C1=CC=CC(F)=C1)C1=CC=CS1
D04217,[H][C@](N)(CC(=O)N1CCC[C@@]1([H])CNC(=O)C1=CC=CC=C1)CC1=C(F)C=CC=C1
D04218,O=C1NC2=C(N1)C(=O)NC(=O)N2
D04219,CCC(=O)N(C1=CC=CC=C1)C1(CCN(CCC(=O)OC)CC1)C(=O)OC
D04220,CC(C)NC1=CC2=C(C=NN2C2=NC(=CN=C2)N2C=CC(CC(O)=O)=C2)C=C1
D04221,[H][C@]12CN(CCN3NC4=C(C=CC=C4C3=O)C3=NC4=C(NC3=O)C=CC=C4O1)[C@]([H])(C)C2
D04222,CNC1=NC(C)=C(S1)C1=CC=NC(NC2=CC=C(O)C=C2)=N1
D04223,CC1=C(OC2=C(C=CC=C2C(=O)OCCN2CCCCC2)C1=O)C1=CC=CC=C1
D04224,O=CNCC1=CC=CC=C1
D04225,[H][C@]1(CCCN1C(=O)CNC1CCCCC1)C(=O)NCC1=CC=C(C=C1)C(N)=N
D04226,CCOC(=O)[C@H](CCC1=CC=CC=C1)N[C@@H](C)C(=O)N1CCC[C@H]1C(O)=O
D04227,OCCOCCOCCOCCOCCOCCOCCS
D04228,CCCCCCCCC(O)(P(O)(O)=O)P(O)(O)=O
D04229,[H][C@@](CCCC)(NC(=O)O[C@]([H])(CC1=CC=CC=C1)C(C)C)C=O
D04230,[H][C@@](C[P@@](O)(=O)[C@@]([H])(NS(=O)(=O)CCC1=CC=CC=C1)C(C)C)(C(O)=O)C1=CC=CC(CN)=C1
D04231,CC#CCN1C(=NC2=C1C(=O)N(CC1=NC3=C(C=CC=C3)C(C)=N1)C(=O)N2C)N1CCC[C@@H](N)C1
D04232,[H][C@]1(CCCC[C@@]1([H])NC(=O)C1=NC2=C(CN(C)CC2)S1)NC(=O)C1=CC2=C(N1)C=CC(Cl)=C2
D04233,[H][C@](NS(=O)(=O)C1=CC2=C(C=C1)C1=CC=CC=C1S2)(C(C)C)C(O)=O
D04234,N1C2=CC=CC=C2N=C1C1=CSC=N1
D04235,CC1=C(C)C(=O)C(C)=C(C)C1=O
D04236,N[C@@H](CCCCNC(O)=O)C(O)=O
D04237,[H][C@]1(CO)O[C@@]([H])(N=C(O)N=C(C)O)[C@]([H])(O)[C@@]([H])(O)[C@]1([H])O
D04238,CCC1=NC(N)=NC(N)=C1C1=CC=CC=C1
D04239,O=C1NC(=O)C2=CNNC2=N1
D04240,NC1=CNC(=O)NC1=O
D04241,N[C@@H]1CONC1=O
D04242,[H][C@]1(C[C@]2(ON1)O[C@]([H])(CO)[C@@]([H])(O)[C@]([H])(O)[C@@]2([H])O)C1=CC2=CC=CC=C2C=C1
D04243,CC(C)[C@@H](N)C(=O)NO
D04244,NS(=O)(=O)C1=CC=CC(NC2=NC(OCC3CCCCC3)=C3N=CNC3=N2)=C1
D04245,CC1=CC=C(NC(=O)C2=CC=CC(=C2)C(F)(F)F)C=C1NC1=NC=CC=C1C1=CC=NC=N1
D04246,[H][C@@]1(CN(CC2=C1C=CC(C)=C2C)C(=O)N(C)C)C1=CC(O)=CC=C1
D04247,CN1C(N)=NC2=NC=C(C=C12)C1=CC=CC=C1
D04248,NC(=N)C1=CC=C(NC(=O)NC2=CC=C(OC3=CC=CC=C3)C=C2)C=C1
D04249,[H][C@@](CC1=CC=C(C=C1)C1=CC=CC=C1)(C[C@@]([H])(C)C(=O)OCC)NC(=O)CCC(O)=O
D04250,NC(=N)C1=CC=C2NC(=NC2=C1)C1=NNC(=C1O)C1=CC=CC=C1
D04251,[H][C@@]1(COC2=NS(=O)(=O)C3=C2C=CC=C3)OCCC2=C1SC(NC(=O)C(O)=O)=C2C(O)=O
D04252,ClC1=C(NC2=NC=C(N3C=NC=C23)C2=CC=CC=C2)C=CC=C1
D04253,CCCCCCP(O)(=O)O[C@@H]1C[C@H](C)CC[C@H]1C(C)C
D04254,[H][C@@](CC1=CC(=C(C=C1)P(O)(O)=O)P(O)(O)=O)(N=C(C)O)C(O)=N[C@@]1([H])CCCCN(CC2=CC=C(C=C2)C2=CC=CC=C2)C1=O
D04255,NC(=N)NOCCNC(=O)CC1=C(Cl)C=CC(NCC(F)(F)C2=CC=CC=C2)=C1F
D04256,CCOC(N)=O
D04257,CCCCN1C(CC2=CC3=C(OCO3)C=C2)=NC2=C(N)N=C(F)N=C12
D04258,CCCC(O)=O
D04259,N[C@@H](CN1C=C(Br)C(=O)NC1=O)C(O)=O
D04260,[H][C@@](N)(CCSC(C)C)[C@]([H])(O)C(=O)NNC(=O)C1=CC(Cl)=CC=C1
D04261,C[Hg]SC[C@@H](N)C(O)=O
D04262,CC(C)NCC1CCC2=CC(CO)=C(C=C2N1)[N+]([O-])=O
D04263,[H][C@@](O)(CCCCCCC)CC(=O)SCCN=C(O)CCN=C(O)[C@]([H])(O)C(C)(C)COP(O)(=O)OP(O)(=O)OC[C@@]1([H])O[C@@]([H])(N2C=NC3=C(N)N=CN=C23)[C@]([H])(O)[C@]1([H])OP(O)(O)=O
D04264,NS(=O)(=O)C1=CC=C(C=C1)C(=O)NCC1=CC=C(F)C=C1
D04265,N[C@@H](CC1=CC(=O)C(O)=CC1=O)C(O)=O
D04266,CC1=C(O)C(CO)=C(CO)C=N1
D04267,CC(C)(C)NC[C@H](O)COC1=CC=CC2=C1CCCC2=O
D04268,[H][C@@]1(CC[C@@]2([H])[C@]3([H])CC=C4C=C(CC[C@]4(C)[C@@]3([H])CC[C@]12C)C(O)=O)C(=O)C1=CC=C(O)C=C1
D04269,[H][C@](N)(CC1CCCCC1)[C@@]([H])(O)C[C@@]([H])(CC(C)C)C(O)=O
D04270,[H][C@]1(O)C[C@@]([H])(O[C@]1([H])COP(O)(O)=O)C1=CC(C)=C(F)C=C1F
D04271,CC(C)(C)NC[C@H](O)COC1=CC=CC=C1C1CCCC1
D04272,[H][C@](CO)(CCC1=CC=CC=C1)N1C=NC(=C1)C(N)=O
D04273,[H]N([C@@H](CC1=CC=CC2=CC=CC=C12)[B-](O)(O)O)C(C)=O
D04274,CC(=O)C1=CC=C(NC(=O)C2=C(NN=C2)C2=CC(Cl)=C(O)C=C2O)C=C1
D04275,OC(=O)C1=C(NS(=O)(=O)C2=CC=C(Cl)C=C2)C=CC(Br)=C1
D04276,OC(=O)C(Cl)Cl
D04277,[H][C@@](CS(=O)(=O)C[C@]1([H])CCC(=O)N1)(N[C@@]([H])(C1=CC=C(F)C=C1)C(F)(F)F)C(=O)NC1(CC1)C#N
D04278,CC(C)(C)NC[C@H](O)COC1=CC=CC2=C1CC(=N2)C#N
D04279,COC1=CC=C(OC(F)(F)F)C=C1CN[C@H]1CCCN[C@H]1C1=CC=CC=C1
D04280,CC1=NC2=NC=NN2C(NC2=CC=C(C=C2)C(F)(F)F)=C1
D04281,[H][C@](O)(CCCCC)\C=C\C=C/CCCCCCCC(O)=O
D04282,COC1=CC=CC(CC2=CNC3=C2C=CC=N3)=C1
D04283,OC(=O)CCC1=NC(=C(O1)C1=CC=CC=C1)C1=CC=CC=C1
D04284,CCN1N=CC=C1C1=CNC2=NC=C(C=C12)C1=CC(C(=O)N(C)C)=C(N)C=C1
D04285,CN([C@H](CN1CC[C@H](O)C1)C1=CC=CC=C1)C(=O)C(C1=CC=CC=C1)C1=CC=CC=C1
D04286,[H][C@@](CC1=CC(C=O)=C(C=C1)C(O)=O)(N=C(C)O)C(O)=N[C@@]1([H])CCCCN(CC2=CC=C(C=C2)C2=CC=CC=C2)C1=O
D04287,[H][C@]1(O[C@](C[C@H](O)[C@H]1NC(C)=O)(OP(O)(=O)OC[C@H]1O[C@H]([C@H](O)[C@@H]1O)N1C=CC(N)=NC1=O)C(O)=O)[C@H](O)[C@H](O)CO
D04288,CC[C@H](NC(C)C)[C@H](O)C1=C2C=CC(=O)NC2=C(O)C=C1
D04289,CCCCCCCCCC(C)=O
D04290,N\C(NO)=N/CCC[NH3+]
D04291,NC1=CC=C2N=C(N)N=C(N)C2=C1
D04292,[H][C@](O)(CCC(O)=O)\C=C\C=C/C\C=C/C\C=C/C\C=C/C\C=C/CC
D04293,CC1=C[NH+]=C(NCC(F)(F)C2=[NH+]C=CC=C2)C(=O)N1CC(=O)NCC1=C(F)C(C)=CC=N1
D04294,N[C@@H](C\N=C(/N)NO)C(O)=O
D04295,[H][C@]1(CO)O[C@@]([H])(N=C(O)OC)[C@]([H])(O)[C@@]([H])(O)[C@]1([H])O
D04296,CC1=CC=CC=C1C1=CC2=C(N1)C=C(C=C2)C(N)=N
D04297,CSCC[C@H](NC(C)=O)C(O)=O
D04298,C[C@](O)(COC1=CC=C(Cl)C(F)=C1)C(=O)NC1=CC(=C(C=C1)C#N)C(F)(F)F
D04299,CCCC[C@@H](N)C(O)=O
D04300,ON1C2=CC=CN=C2C(=C1C1=CC=NC=C1)C1=CC=C(F)C=C1
D04301,[H][C@@](CC(O)=O)(NC(=O)C1=CC=C(CNS(=O)(=O)C2=CC(C(O)=O)=C(O)C=C2)C=C1)C(C)=O
D04302,[H][C@@]1(C)CN(CC2(CC2)C(N)=O)CCN1S(=O)(=O)C1=CC=C(C=C1)[C@](C)(O)C(F)(F)F
D04303,CN(C)C1=C2C=CC(=CC2=CC=C1)S(O)(=O)=O
D04304,[H][C@]1(CO)O[C@@]([H])(N2C=NC3=C(N)N=CN=C23)[C@]([H])(O)C1=O
D04305,CN1CCN(CC1)NC(=S)NC1=CC=C(C=C1)S(N)(=O)=O
D04306,NS(=O)(=O)C1=CC(=CC(N2CCCC2)=C1OC1=CC=CC=C1)C(O)=O
D04307,NCCOP(O)(O)=O
D04308,OC[C@H]1O[C@H](O[P@@](O)(=O)O[P@@](O)(=O)OC[C@H]2O[C@H]([C@H](O)[C@@H]2O)N2C=CC(=O)NC2=O)[C@H](O)[C@@H](O)[C@H]1O
D04309,[H][C@@](CCC)(C(O)=O)C1=CNC2=CC=CC=C12
D04310,[H][C@]1(O)O[C@]([H])(CO)[C@@]([H])(O[C@@]2([H])O[C@]([H])(CO)[C@@]([H])(O[C@@]3([H])O[C@]([H])(CO)[C@@]([H])(O)[C@]([H])(O)[C@@]3([H])O)[C@]([H])(O)[C@@]2([H])O)[C@]([H])(O)[C@@]1([H])O
D04311,CC(C)OC1=C(NC2=NC=C(Cl)C(N2)=NC2=CC=CC=C2S(=O)(=O)C(C)C)C=C(C)C(=C1)C1CCNCC1
D04312,CC(C(O)=O)C1=CC(OC2=CC=CC=C2)=CC=C1
D04313,[H][C@]1(CN)CN(CCO1)C1=C(Br)C=NC2=C1C=NN2
D04314,O=C1CCCCC2=C3N=C(NC4=CC(N1)=CC=C4)N=C(NC1CC1)N3N=C2
D04315,[H][C@]1(CC2=C(C=CC=C2)[C@@]1([H])O)NC(=O)C1=CC2=C(N1)SC(Cl)=C2
D04316,CCNC(NCC)=NCCCC[C@@H](NC(=O)[C@H](CC1=CC=C(O)C=C1)NC(=O)[C@H](CO)NC(=O)[C@@H](CC1=CC=CN=C1)NC(=O)[C@@H](CC1=CC=C(Cl)C=C1)NC(=O)[C@@H](CC1=CC2=CC=CC=C2C=C1)NC(C)=O)C(=O)N[C@@H](CC(C)C)C(=O)N[C@@H](CCCCN=C(NCC)NCC)C(=O)N1CCC[C@H]1C(=O)N[C@H](C)C(N)=O
D04317,CC(C)CCO[P@](O)(=O)OP(O)(O)=O
D04318,[H][C@]1(O)CC[C@@]2([H])[C@]3([H])[C@]([H])(CCCCCCCCCCC(=O)N(C)CCCC)CC4=CC(O)=CC=C4[C@@]3([H])CC[C@]12C
D04319,CO[C@H]1C[C@@H](O[C@@H](C)[C@@H]1O)O[C@H]1[C@H](C)O[C@H](C[C@@H]1OC)O[C@H]1[C@@H](C)\C=C\C=C2/CO[C@@H]3[C@H](O)C(C)=C[C@@H](C(=O)O[C@H]4C[C@@H](C\C=C1/C)O[C@@]1(CC[C@H](C)[C@@H](C(C)C)O1)C4)[C@]23O.CC[C@@H](C)[C@H]1O[C@@]2(CC[C@@H]1C)O[C@@H]1C\C=C(C)\[C@@H](O[C@@H]3O[C@@H](C)[C@H](O[C@@H]4O[C@@H](C)[C@H](O)[C@@H](OC)C4)[C@@H](OC)C3)[C@@H](C)\C=C\C=C3/CO[C@@H]4[C@H](O)C(C)=C[C@@H](C(=O)O[C@@H](C1)C2)[C@]34O
D04320,CC1=CC(=CC2=C1N=C(N2)C1=C(NCC2=NC=CC=C2)C=CNC1=O)N1C=CN=C1
D04321,[O-][N+]1=CC=CC2=C1C=C(S2)C(=O)N1CCN(CC1)S(=O)(=O)C1=CC2=CC(Cl)=CC=C2N1
D04322,OC(=O)C(=O)NC1=C(C=CC=C1)C(O)=O
D04323,[H][C@@](N)(CC1=CC=CC=C1)C(=O)N1CCC[C@@]1([H])C(=O)NCC1=CC=C(C=C1)C(N)=[NH2+]
D04324,CCC1=C2C=C(O)C=CC2=NC2=C1CN1C2=CC2=C(COC(=O)[C@]2(O)CC)C1=O
D04325,NC1=NC=NC2=C1N=CN2[C@H]1C[C@H](O)[C@@H](COP(O)(=O)OP(O)(=O)OP(O)(O)=O)O1
D04326,[H][C@]1(CCN2CC[C@@](N)(CC3=CC=CC=C3)C(=O)N12)C=O
D04327,[H][C@@](C)(C(O)=O)C1=CC=C(C=C1)C(=O)C1=CC=C(I)S1
D04328,[H][C@]1(C)CC[C@]2(CO)CO[C@]([H])(C3=CC=C(O)C=C3)[C@@]1([H])[C@@]2([H])C
D04329,[H][C@@](N)(CCC(O)=N[C@@]([H])(CSSC[C@]([H])(N=C(O)CC[C@@]([H])(N)C(O)=O)C(O)=NCC(O)=NCCCNCCCCN)C(O)=NCC(O)=NCCCNCCCCN)C(O)=O
D04330,CC1NC2=CC(Cl)=C(C=C2C(=O)N1C1=CC=CC=C1C)S(N)(=O)=O
D04331,CCCCCCCCCCCCSC1=C(N=NN1)C(O)=O
D04332,COC1=CN=CC(=C1)C1=CC(CNC2=CC=CN=C2N)=CC=C1
D04333,[H][C@@](CCCCCCNC(=O)OC(C)(C)C)(C(O)=O)C1=CNC2=C1C=CC=C2
D04334,[H]\C(=C(\[H])C1=CC=C(C=C1)N(C)C)C(=O)SCCN=C(O)CCN=C(O)[C@]([H])(O)C(C)(C)COP(O)(=O)OP(O)(=O)OC[C@@]1([H])O[C@@]([H])(N2C=NC3=C(N)N=CN=C23)[C@]([H])(O)[C@]1([H])OP(O)(O)=O
D04335,[O-][N+](=O)C1=CC=C(Cl)C(=C1)C(=O)NC1=CC=CC=C1
D04336,[H][C@]1(CO)O[C@@]([H])(N2C=NC3=CC(Cl)=C(Cl)C=C23)[C@]([H])(O)[C@]1([H])O
D04337,[H][C@]1(CCN(C1)C1=NC=NC2=CC(OC)=C(OC)C=C12)OC1=CC2=CC=CC=C2C=C1
D04338,[H][C@@]12N(C)C3=CC(OC)=C(C=C3[C@@]11CCN3CC=C[C@@](CC)(C[C@@]22OC(=O)N(CCCl)C2=O)[C@@]13[H])[C@]1(C[C@@]2([H])CN(C[C@](O)(CC)C2)CCC2=C1NC1=CC=CC=C21)C(=O)OC
D04339,CCC1=NC(N)=NC(N)=C1C1=CC2=C(C=C1)C1=CC=CC=C1N2CCCOC
D04340,[H][C@](CN)(NC(=O)C1=CC=C(S1)C1=C2C=CNC2=NC=C1)C1=CC=CC=C1
D04341,[H][C@](CS)(CC1=CC=CC=C1)C(O)=O
D04342,CN1CCN2C1=NC1=C(Br)C(Br)=C(Br)C(Br)=C21
D04343,OC1=CC=C(C=C1OS(O)(=O)=O)[N+]([O-])=O
D04344,[H][C@](OCC1=NC(Cl)=C(C=C1C1=CC(Cl)=CC=C1)C#N)(C1=CN=CN1C)C1=CC=C(C=C1)C#N
D04345,CN1CCN(CC1)C1=CC=C(C=C1)C(=O)NC1=NNC2=CN(C=C12)C(=O)CC1=CC=CS1
D04346,[H][C@@]1(CC(=O)N(CC2=CC=CC=C2)CN1S(=O)(=O)C1=CC=C(OC)C=C1)C(=O)NO
D04347,[H][C@@]1(C)CNC2=C(SC3=C2C2=C(C=C3)N=C(C=C2)C2=CN=C(C)C=C2)C(=O)N1
D04348,[H][C@@](CC1=CC(=C(C=C1)P(O)(O)=O)P(O)(O)=O)(N=C(C)O)C(O)=N[C@@]1([H])CCCCC2=CC(OCC3CCCCC3)=C(C=C12)C(O)=N
D04349,NCCC1=CC=C(C=C1)S(N)(=O)=O
D04350,NS(=O)(=O)C1=NN=C(NS(=O)(=O)C2=CC=CC=C2)S1
D04351,ClC1=CC=CC(Cl)=C1C(=O)NC1=CNN=C1C(=O)NC1CCNCC1
D04352,[H][C@@]12CCC[C@]1([H])[C@@]([H])(OC1=CC=CC(O)=C21)C1=CC=C(O)C=C1
D04353,[H][C@]1(CNC(=O)NC2=CC=C(C=C2)C(=O)OC)CC[C@]([H])(N1)C(=O)N1CCC[C@@]1([H])CN
D04354,[H]/C1=C([H])/[C@]([H])(OC)[C@@]([H])(OC(O)=N)\C(C)=C([H])\[C@]([H])(C)[C@@]([H])(O)[C@]([H])(C[C@]([H])(C)CC2=C(OC)C(=O)C=C(N=C(O)\C(C)=C\1/[H])C2=O)OC
D04355,[H][C@](O)(CO)CNC1=C2C(NC(=C2C2=CC=CC=C2)C2=CC=CC=C2)=NC=N1
D04356,CC1=C(N=C2C=CC(F)=CC2=C1C(O)=O)C1=CC=C(C=C1)C1=CC=CC=C1
D04357,[Cl-].CC(C)OC1=CC=CC(CC(=O)N2CCC[C@](CC[N+]34CCC(CC3)(CC4)C3=CC=CC=C3)(C2)C2=CC(Cl)=C(Cl)C=C2)=C1
D04358,[H][C@@](CC(O)=O)(OC(=O)\C=C\C1=CC=C(O)C=C1)[C@@]([H])(OC(=O)\C=C\C1=CC=C(O)C=C1)C(O)=O
D04359,CC[C@H](C)[C@H](NC(=O)[C@H](CCC(O)=O)NC(=O)[C@H](CCC(O)=O)NC(=O)[C@H](CC1=CC=CC=C1)NC(=O)[C@H](CC(O)=O)NC(=O)CNC(=O)[C@H](CC(N)=O)NC(=O)CNC(=O)CNC(=O)CNC(=O)CNC(=O)[C@@H]1CCCN1C(=O)[C@H](CCCNC(N)=N)NC(=O)[C@@H]1CCCN1C(=O)[C@H](N)CC1=CC=CC=C1)C(=O)N1CCC[C@H]1C(=O)N[C@@H](CCC(O)=O)C(=O)N[C@@H](CCC(O)=O)C(=O)N[C@@H](CC1=CC=C(O)C=C1)C(=O)N[C@@H](CC(C)C)C(O)=O
D04360,CC(=O)NN1C(=O)N[C@@]2(O[C@H](CO)[C@@H](O)[C@H](O)[C@H]2O)C1=O
D04361,[H][C@]1(CSC)O[C@@]([H])(N2C=CC3=C(N)N=CN=C23)[C@]([H])(O)[C@]1([H])O
D04362,[H][C@]1(CCCN1C(=O)COC1CCCC1)C(=O)NCC1=CC=C(C=C1)C(N)=N
D04363,[H][C@@](CC1=CC=C(C[Se](O)=O)C=C1)(NC(=O)OC(C)(C)C)C(=O)OC
D04364,CCN1C=C(C(O)=O)C(=O)C2=C1N=C(C)C=C2
D04365,CCCCCCCCCCC[N+](C)(C)[O-]
D04366,NCCCN1C=C(C2=C1C=CC=C2)C1=C(C(=O)NC1=O)C1=CNC2=C1C=CC=C2
D04367,ClC1=CC(=CC=C1)C1=CNN=C1C1=CNC(=C1)C(=O)NCC1=CC=CC=C1
D04368,[H][C@@](OC1=CC=CC=C1OCC)(C1=CC=CC=C1)[C@@]1([H])CNCCO1
D04369,[H][C@@](C)(NC(C)=O)C(=O)N[C@@]([H])(CC1=CC=CC=C1)C(=O)CCCl
D04370,[H][C@@](CC(C)C)(NC(C)=O)C(=O)N[C@@]([H])(CC1=CC=CC=C1)C(=O)C(F)(F)F
D04371,OC1=C(C=C(Cl)C=C1)C(=O)NC1=C(Cl)C=C(C=C1)[N+]([O-])=O
D04372,ClC(Cl)C(C1=CC=C(Cl)C=C1)C1=CC=CC=C1Cl
D04373,[H][C@@](CSCC1=CC=CC=C1)(NC(=O)[C@]([H])(CC1=CC=CC=C1)NC(=O)N1CCOCC1)C=O
D04374,[H][C@@](N)(CC1=CC=CC=C1)C(=O)N1CCC[C@@]1([H])C(=O)NCC1=CC=CC(F)=C1
D04375,NC1=NC=NC2=C1N=CN2[C@@H]1O[C@@H](CO[W](O)(O)=O)[C@H](O)[C@H]1O
D04376,CCOCCN1C(=NC2=CC=CC=C12)N1CCCN(C)CC1
D04377,OC(=O)CCCN1CCC(CC1)OC(C1=CC=C(Cl)C=C1)C1=CC=CC=N1
D04378,[H][C@@](CC1=CC=C(C=C1)C(F)(F)P(O)(O)=O)(N=C(C)O)C(O)=N[C@@]1([H])CCCCN(CC2=CC=C(C=C2)C2=CC=CC=C2)C1=O
D04379,COC1=NC2=C(C=C(Br)C=C2)C=C1[C@@H](C1=CC=CC=C1)[C@@](O)(CCN(C)C)C1=CC=CC2=C1C=CC=C2
D04380,CC(C)=CCNC1=C2N=CNC2=NC=N1
D04381,NC1=NC(=C(C=N1)\N=N\C1=CC=CC=C1)C1=C(Cl)C=C(Cl)C=C1
D04382,[H][C@@](O)(COP(O)(O)=O)[C@@]([H])(O)[C@]([H])(O)C(O)=NO
D04383,C[C@@H](CC1=CC=CC=C1)NC(=O)[C@@H](N)CCCCN
D04384,CCC(=O)C1=CC=C2SC3=C(C=CC=C3)N(CCCN3CCN(CCO)CC3)C2=C1
D04385,NC(=N)C1=CC2=C(NC(CC3=NC4=C(N3)C=CC=C4)=N2)C=C1
D04386,[H][C@@](CNC(N)=N)(OC(=O)C1=CC=CN=C1)C1=CC=C(C=C1)B1OC[C@@]([H])(CO)O1
D04387,NC1=NC2(CCN(CC2)C(=O)C2=CC=C(N=C2)C#N)NC2=C(F)C=CC(F)=C12
D04388,CC(=O)OC1(CCN(CCC2=CC=CC=C2)CC1)C1=CC=CC=C1
D04389,[H][C@](CO)(COC(=O)CCCCCCCC)OC(=O)CCC
D04390,COC1=CC(NC2=NC=CC(NC3=CC=C4C(C)=NNC4=C3)=N2)=CC(OC)=C1OC
D04391,[H][C@]1(CO)CC2=CC=C(C=C2CN1)S(=O)(=O)NC1=CC=C(Cl)C=C1
D04392,[H][C@]1(N)CCCCCCCCCCNC1=O
D04393,[H][C@]12CCN(C1=O)C1=CC=CC3=C1C=C(OC1([H])CC(CN4C=NC=C4CCN2)=CC[C@]1([H])C#N)C=C3
D04394,CN(C)CCCCSC(N)=N
D04395,NCC1=CC=CC=C1
D04396,[H][C@]1(CCCN1C(=O)CCC1CCCC1)C(=O)NCC1=CC=C(C=C1)C(N)=N
D04397,[H][C@@]1(CCCN(CC2=CC3=C(OCO3)C=C2)C1)OC1=CC=C(C=C1)N1C=CN=C1
D04398,[H][C@@](CCC(O)=O)(NC(=O)N[C@@]([H])(CSCC1=CC=C(F)C=C1)C(O)=O)C(O)=O
D04399,OC(=O)CC1=C2C=CC=CC2=CC=C1
D04400,NC1=NC(OCC2CCCCC2)=C2N=CNC2=C1
D04401,OC(=O)CCN1C2=C(C=C(O)C=C2)C2=C1C=C(C1=C2C(=O)NC1=O)C1=CC=CC=C1
D04402,COC1=CC2=C(C=C1OCCCN1CCCC1)N=CN=C2OC1=C(F)C2=C(NC(C)=C2)C=C1
D04403,[H][C@](O)(C(O)=NCCC(O)=NCCSCC(O)=NCCC1=CNC2=C1C=C(Br)C=C2)C(C)(C)COP(O)(=O)OP(O)(=O)OC[C@@]1([H])O[C@@]([H])(N2C=NC3=C(N)N=CN=C23)[C@]([H])(O)[C@]1([H])OP(O)(O)=O
D04404,COCCNS(=O)(=O)C1=CC=C(NC2=NC(=CC=N2)C2=CN=C(C)N2C(C)C)C=C1
D04405,CNC(=O)C1=CC(NC2=C3C=NN(C3=NC=N2)C2=CC=CC=C2)=C(C)C=C1
D04406,NS(=O)(=O)C1=CC=C(C=C1)C(=O)NCC1=C(F)C(F)=C(F)C(F)=C1F
D04407,CCOC(=O)C1=C(C)N(N=C1C)C1=CC=C(OC)C=C1
D04408,NCC1=CC=C(S1)C1=CC=CS1
D04409,[H]\C1=C([H])/C2=CC(OC)=CC(O)=C2C(=O)O[C@]([H])(C)C\C([H])=C([H])/C(=O)[C@@]([H])(O)[C@@]([H])(O)C1
D04410,NC(N)=NC1=CC=CC(=C1)[C@@H](CS)C(O)=O
D04411,CC1=NC2=C(C3=CC=CC=C3N2CC2=CC(=CC=C2)[C@H](C2CCCC2)C(=O)N[C@@H](CO)C2=CC=CC=C2)C(C)=C1
D04412,[H][C@]1(CNCCC[C@@]1([H])OC(=O)C1=CC=C(C=C1)C(=O)C1=CC=CC=C1O)NC(=O)C1=CC=C(O)C=C1
D04413,N[C@@H](CC1CCCCC1)C(O)=O
D04414,C[S@@](=O)CC[C@H](N)C(O)=O
D04415,COC1=CC(NC2=NC(NC3=C(Cl)C=CC4=C3OCO4)=CC=N2)=CC(OC)=C1OC
D04416,COC1=CC(CC2=NC3=NC(F)=NC(N)=C3N2)=C(OC)C=C1
D04417,CC1=C2CC3=C(C)C(CCC(O)=O)=C(CC4=C(CCC(O)=O)C(C)=C(CC5=C(CCC(O)=O)C(C)=C(CC(N2)=C1CCC(O)=O)N5)N4)N3
D04418,[H][C@@](CI)(CC1=CC=CC=C1)C(O)=O
D04419,CCOC(=O)[C@H](CCC1=CC=CC=C1)CC1(CCCC1)C(=O)N[C@H]1CCC2=CC=CC=C2N(CC(O)=O)C1=O
D04420,CCCCCC(=O)SCCNC(=O)CCNC(=O)[C@H](O)C(C)(C)COP(O)(=O)OP(O)(=O)OC[C@H]1O[C@H]([C@H](O)[C@@H]1OP(O)(O)=O)N1C=NC2=C1N=CN=C2N
D04421,[H][C@]1(COP(O)(=O)CP(O)(O)=O)O[C@@]([H])(N2C=NC3=C2NC(=N)N=C3O)[C@]([H])(O)[C@]1([H])O
D04422,CCNC1C2CCC(C2)C1C1=CC=CC=C1
D04423,CC(C[N+](C)(C)C)OC(C)=O
D04424,[O-][N+](=O)C1=CC=C(O1)\C=N\N1CC(=O)NC1=O
D04425,NC(N)=NCCCC[C@H](NC(=O)[C@@H](CC1=CC=C(O)C=C1)NC(=O)[C@@H]1CCN1C(=O)[C@@H](CC1CCCCC1)NC(=O)[C@@H]1CC[C@H](CN=C(N)N)CC1)C(N)=O
D04426,CC1=C(SC(=N1)C1=CC=C(C=C1)C(F)(F)F)C(=O)NCC1=CC=C(OC(C)(C)C(O)=O)C=C1
D04427,OC(=O)CC1=CC(OCCCN(CC(C2=CC=CC=C2)C2=CC=CC=C2)CC2=C(Cl)C(=CC=C2)C(F)(F)F)=CC=C1
D04428,OC1=CC(O)=C2C(CC(=O)CCCC\C=C\CCOC2=O)=C1Cl
D04429,[O-]P([O-])(F)=O
D04430,CN(C)CCN1C(=O)C2=CC=CC3=CC(N)=CC(C1=O)=C23
D04431,[H][C@](CO)(NC1=NC2=C(N=CN2C(C)C)C(NC2=CC(Cl)=CC(N)=C2)=N1)C(C)C
D04432,COC1=CC=C2NC=C(CCC(O)=O)C2=C1
D04433,COC1=CC=C(C=C1NC1=NC=C(O1)C1=CC(=CC=C1)C1=CN=CC=C1)S(=O)(=O)NCC1CC1
D04434,CC1=CC=CC(=N1)C1=NC(NC2=CC=NC=C2)=C2C=CC=CC2=N1
D04435,CC(=O)C1=CC=C2SC3=C(C=CC=C3)N(CCCN3CCN(CCO)CC3)C2=C1
D04436,[H][C@](N)(CC(=O)N1CCN2N=C(N=C2[C@@]1([H])C)C(F)(F)F)CC1=C(F)C=C(F)C(F)=C1
D04437,OC1=CC2=C(NC3=CC(=C4C(=O)NC(=O)C4=C23)C2=CC=CC=C2)C=C1
D04438,COC(C)(C)CCC[C@@](C)([H])C\C=C\C(\C)=C\C(O)=O
D04439,[H][C@]1(CO)O[C@@]([H])(N2C=CC=CNC2=O)[C@]([H])(O)[C@]1([H])O
D04440,OC(=O)C1=C(C=CC1)C(=O)NC1=C(F)C(F)=C(C(F)=C1F)C1=CC(OC(F)(F)F)=CC=C1
D04441,CC(=O)N[C@@H](CO)C(O)=O
D04442,CN1C=CN=C1SC1=CC(C(=O)NC2=NC=CS2)=C(N)C=C1F
D04443,[H]\C(\C(\[H])=C(\C)[C@@]1([H])CN[C@]([H])(C(O)=O)[C@@]1([H])CC(O)=O)=C(\[H])[C@@]([H])(C)C(O)=O
D04444,[H][C@]1(CSC)N[C@@]([H])(C2=CNC3=C2N=CNC3([H])N)[C@]([H])(O)[C@]1([H])O
D04445,[H][C@@](CC(C)C)(CC(O)=O)C(=O)N[C@@]1([H])CC2=CN(CCCCCCNC1=O)C1=C2C=CC=C1
D04446,ClC1=CC=C(NC(=N)NC(=N)NCCCCCCNC(=N)NC(=N)NC2=CC=C(Cl)C=C2)C=C1
D04447,COC1=CC(OC)=CC(CN(C)C2=CN=C3N=C(N)N=C(N)C3=C2)=C1
D04448,COC1=CC(\C=C\C(=O)SCCNC(=O)CCNC(=O)[C@H](O)C(C)(C)CO[P@@](=O)(O)O[P@](O)(=O)OC[C@H]2O[C@H]([C@H](O)[C@@H]2OP(O)(O)=O)N2C=NC3=C(N)N=CN=C23)=CC(O)=C1O
D04449,C[C@H](N1CC[C@H](NS(=O)(=O)C2=CC3=C(N2)C=CC(Cl)=C3)C1=O)C(=O)N1CCOCC1
D04450,[H][C@@](CC1=CC=C(C=C1)[C@]1([H])CC(=O)NS1(=O)=O)(NC(=O)[C@]([H])(CC1=CC=CC=C1)NC(C)=O)C(N)=O
D04451,CCC1=CC=C(NC(=O)P(O)(O)=O)C=C1
D04452,O=C(NC1=CC=CC=C1)C1=NNC=C1
D04453,CCOC(=O)N1CCC(CC1)NC1=NC=CC(Cl)=C1
D04454,COC1=CC=C(C=C1)C1=C(C)NN=C1C1=C(O)C=C(O)C=C1
D04455,NS(=O)(=O)C1=CC=C(C=C1)C(=O)NCC1=C(F)C=CC=C1F
D04456,CC(=O)NC1=NC2=C(S1)C(=O)NCCC2
D04457,[H][C@@](C)(\N=C\C1=CC=C(OCC2=CC(F)=CC=C2)C=C1)C(N)=O
D04458,[H][C@](CO)(CCC1=CC=CC2=C1C=CC=C2)N1C=NC(=C1)C(N)=O
D04459,[H][C@](O)(CC(O)=O)C(=O)N[C@]([H])(CCC1=CC=CC=C1)C(=O)NCCC(C)C
D04460,[NH3+][C@@H]1C[C@H]1C1=CC=CC=C1
D04461,NOCC(O)=O
D04462,NCC(=O)CCC(O)=O
D04463,O[C@@H]1[C@@H](COP(O)(O)=O)O[C@H]([C@@H]1O)N1C=NC2=C(N[C@@H](CC(O)=O)C(O)=O)N=CN=C12
D04464,NC(CCC(=O)NC(CSCO)C(=O)NCC(O)=O)C(O)=O
D04465,OC(=O)C1=CC=CC(O)=C1C(=O)C1=C(O)C=C(C=C1O)C(=O)O[C@@H]1CCCNC[C@@H]1NC(=O)C1=CC=C(O)C=C1
D04466,[H][C@](NC(=O)[C@H](CC1=CC=C(OS(O)(=O)=O)C=C1)NC(=O)[C@H](CC(O)=O)NC(=O)[C@H](CCC(N)=O)NC(=O)[C@@H]1CCC(=O)N1)([C@@H](C)O)C(=O)NCC(=O)N[C@@H](CC1=CNC2=CC=CC=C12)C(=O)N[C@@H](CCSC)C(=O)N[C@@H](CC(O)=O)C(=O)N[C@@H](CC1=CC=CC=C1)C(N)=O
D04467,OC[C@@H](O)COP(O)(O)=O
D04468,O=C1NC(=O)C(N2CCN(CC2)C2=NC=CC=N2)(C(=O)N1)C1=CC=C(OC2=CC=CC=C2)C=C1
D04469,ClC1=CC=C2N=C3NC(=O)CN3CC2=C1Cl
D04470,CC1(C)CC2=C(SC(=N2)N2CCOCC2)C(=O)C1
D04471,CS(=O)(=O)C1=CC=C(C=C1)C(N)=N
D04472,NCC1=C(CC(O)=O)C(CCC(O)=O)=CN1
D04473,[H][C@](C)(O)[C@@]([H])(N=C(O)[C@]([H])(CC1=CC(I)=C(O)C(I)=C1)N=C(C)O)C(O)=O
D04474,OC(=O)CCCC1=CC=C(C=C1)N(CCCl)CCCl
D04475,NC(=N)C1=CC2=CC=C(C=C2C=C1)C(=O)NC1=CC=CC(OC2CCCC2)=C1
D04476,[H][C@](N)(C1CCCC1)C(=O)N1[C@]([H])(CN)CC[C@]1([H])C#CC
D04477,[H][C@@]1(C)CCC2=CC(C[C@@](C)(N)C(=O)OCC3=CC(CC1)=NC(=C3)N(C)S(C)(=O)=O)=CC=C2
D04478,[H][C@]1(S)CCN(C1)S(=O)(=O)C1=CC=C(OCC#CC)C=C1
D04479,[H][C@@](CC(C)C)(CC(=O)NO)C(=O)N[C@@]1([H])CC2=CN(CCCCCCNC1=O)C1=C2C=CC=C1
D04480,[H][C@@](N)(C(=O)N1[C@@]2([H])C[C@@]2([H])C[C@@]1([H])C#N)[C@]12C[C@@]3([H])C[C@]([H])(C[C@](O)(C3)C1)C2
D04481,CC(=O)NC1=CNN=C1C(=O)NC1=CC=C(F)C=C1
D04482,[H][C@@](CC1=CC2=CC=CC=C2C=C1)(N1CCC(=O)N(CC2=CC3=CC=CC=C3N=C2)[C@@]([H])(CC(C)C)C1=O)C(O)=NC
D04483,[H][C@@](CS)(NCC1=CC=C(C=C1)C1=CC=CC=C1)C(=O)NCC(=O)N[C@@]([H])(C(C)C)C(=O)OC
D04484,[H][C@@]1(CCOC1)OC1=CC=C(CC2=C(Cl)C=CC(=C2)[C@]2([H])O[C@]([H])(CO)[C@@]([H])(O)[C@]([H])(O)[C@@]2([H])O)C=C1
D04485,CC(C)C[C@H](NC(=O)[C@@H](CC1=CNC2=CC=CC=C12)NC(=O)[C@H](CC1=CC=C(O)C=C1)NC(=O)[C@H](CO)NC(=O)[C@H](CC1=CNC2=C1C=CC=C2)NC(=O)[C@H](CC1=CNC=N1)NC(=O)[C@@H]1CCC(=O)N1)C(=O)N[C@@H](CCCNC(N)=N)C(=O)N1CCC[C@H]1C(=O)NCC(N)=O
D04486,[H][C@@]12CC[C@@](O)(C#C)[C@@]1(C)CC[C@]1([H])C3=C(CC[C@@]21[H])C=C(OC1CCCC1)C=C3
D04487,O=C(NC1=CC(=NN1)C1CC1)C1=CC=CC=C1
D04488,[H][C@@](N)(C1CCCCC1)C(=O)N1CCC[C@@]1([H])C(=O)NCC1=C(OCC(=O)NCC)C=CC(Cl)=C1
D04489,[H][C@@]12CC[C@H](C(C)=O)[C@@]1(C)C[C@H](O)[C@@]1([H])[C@@]2([H])C[C@H](C)C2=CC(=O)CC[C@]12C
D04490,CC(C)NC(=N)NO
D04491,[H][C@@]1(CC2=CC(C)=C(C=C2S(=O)(=O)N1)S(=O)(=O)N1CCN(C)CC1)C1CCCC1
D04492,CCS(O)(=O)=O
D04493,OC(=O)COC1=C(SC(=C1Br)C1=CC=CC=C1)C(O)=O
D04494,CC1=C(C[C@H](N)C(O)=O)C(O)=NO1
D04495,CN1CCN(CC1)C(O)=O
D04496,CCS\C(N)=N\C1=CC=C(C=C1)C(F)(F)F
D04497,[H]\C(CCCCCCCC)=C(\[H])CCCCCCCC(=O)O[C@]([H])(COC(=O)CCCCCCCCCCCCCCC)COP([O-])(=O)O[C@@]1([H])[C@]([H])(O)[C@@]([H])(O)[C@]([H])(O)[C@@]([H])(O)[C@@]1([H])O
D04498,NC(=[NH2+])C1=CC2=C(NC(=C2)C2=CC=CC=C2O)C=C1
D04499,C[C@@H](C(O)=O)C1=CC(F)=C(C=C1)C1=CC=CC=C1
D04500,COC1=NC(OC)=NC(NS(=O)(=O)C2=CC=C(N)C=C2)=C1
D04501,CC1=C(C)N=C(NS(=O)(=O)C2=CC=C(N)C=C2)O1
D04502,CC(C)(C)C1=CC=C(C=C1)S(O)(=O)=O
D04503,NC(N)=NCC1COC2(CCCCC2)O1
D04504,[H][C@@]12CC3=C4C(NC=C4[C@]1([H])[C@]1([H])N(C(O)=C(C(C)=O)C1=O)C2(C)C)=CC=C3
D04505,C[C@H](CF)C[C@H](N)C(O)=O
