drug_id,protein_id,interaction,split
D00001,P00001,0,train
D00002,P00002,0,train
D00003,P00003,1,train
D00004,P00004,0,train
D00005,P00005,0,train
D00006,P00006,0,train
D00007,P00007,1,train
D00008,P00008,1,train
D00009,P00009,0,train
D00010,P00010,0,train
D00011,P00011,0,train
D00012,P00012,1,train
D00013,P00013,1,train
D00014,P00014,1,train
D00015,P00015,0,train
D00016,P00016,1,train
D00017,P00017,1,train
D00018,P00018,1,train
D00019,P00019,1,train
D00020,P00020,0,train
D00021,P00021,0,train
D00022,P00022,1,train
D00023,P00023,0,train
D00024,P00024,1,train
D00025,P00025,0,train
D00026,P00026,0,train
D00027,P00027,0,train
D00028,P00028,0,train
D00029,P00029,1,train
D00030,P00030,1,train
D00031,P00031,0,train
D00032,P00032,1,train
D00033,P00033,0,train
D00034,P00034,1,train
D00035,P00035,1,train
D00036,P00036,0,train
D00037,P00037,0,train
D00038,P00038,0,train
D00039,P00039,1,train
D00040,P00040,1,train
D00041,P00041,0,train
D00042,P00012,1,train
D00043,P00042,1,train
D00044,P00043,0,train
D00045,P00044,1,train
D00046,P00045,1,train
D00047,P00046,1,train
D00048,P00047,1,train
D00049,P00048,0,train
D00050,P00049,1,train
D00051,P00050,1,train
D00052,P00051,1,train
D00053,P00052,0,train
D00054,P00053,0,train
D00055,P00054,1,train
D00056,P00055,0,train
D00057,P00056,1,train
D00058,P00057,0,train
D00059,P00058,0,train
D00060,P00059,0,train
D00061,P00060,1,train
D00062,P00061,0,train
D00063,P00062,0,train
D00057,P00063,1,train
D00064,P00064,0,train
D00065,P00065,0,train
D00066,P00066,1,train
D00067,P00067,0,train
D00068,P00029,0,train
D00069,P00068,0,train
D00070,P00012,1,train
D00071,P00069,0,train
D00072,P00070,1,train
D00073,P00071,0,train
D00074,P00072,1,train
D00075,P00073,0,train
D00076,P00074,0,train
D00077,P00075,0,train
D00078,P00076,0,train
D00079,P00077,0,train
D00080,P00078,1,train
D00081,P00079,1,train
D00082,P00080,0,train
D00083,P00081,0,train
D00084,P00082,0,train
D00085,P00083,0,train
D00086,P00084,0,train
D00087,P00085,1,train
D00088,P00086,0,train
D00089,P00087,1,train
D00090,P00088,0,train
D00091,P00089,0,train
D00092,P00090,1,train
D00093,P00091,0,train
D00094,P00092,1,train
D00095,P00093,0,train
D00096,P00022,1,train
D00097,P00094,1,train
D00098,P00095,0,train
D00099,P00096,0,train
D00100,P00097,0,train
D00101,P00056,1,train
D00102,P00098,0,train
D00103,P00099,1,train
D00104,P00100,1,train
D00105,P00101,1,train
D00106,P00102,0,train
D00107,P00103,1,train
D00108,P00104,1,train
D00109,P00105,0,train
D00110,P00106,0,train
D00111,P00049,1,train
D00112,P00107,0,train
D00113,P00108,0,train
D00114,P00109,0,train
D00115,P00110,0,train
D00097,P00111,1,train
D00116,P00112,1,train
D00117,P00113,0,train
D00118,P00114,0,train
D00119,P00115,0,train
D00120,P00116,0,train
D00121,P00117,0,train
D00122,P00118,0,train
D00123,P00119,0,train
D00124,P00120,1,train
D00125,P00049,1,train
D00126,P00121,0,train
D00127,P00122,0,train
D00128,P00123,0,train
D00129,P00124,1,train
D00130,P00125,1,train
D00131,P00126,0,train
D00132,P00127,0,train
D00133,P00128,1,train
D00134,P00129,0,train
D00135,P00130,1,train
D00136,P00131,1,train
D00137,P00132,0,train
D00138,P00133,1,train
D00139,P00134,1,train
D00140,P00135,1,train
D00141,P00136,0,train
D00142,P00137,1,train
D00143,P00138,1,train
D00144,P00139,0,train
D00145,P00140,0,train
D00146,P00141,0,train
D00147,P00142,1,train
D00148,P00143,1,train
D00149,P00144,0,train
D00150,P00145,0,train
D00151,P00146,1,train
D00152,P00147,0,train
D00141,P00148,1,train
D00153,P00149,0,train
D00154,P00150,0,train
D00067,P00072,1,train
D00155,P00151,0,train
D00156,P00152,1,train
D00157,P00153,0,train
D00158,P00154,0,train
D00159,P00155,1,train
D00160,P00156,1,train
D00161,P00157,0,train
D00162,P00158,1,train
D00133,P00115,1,train
D00163,P00044,1,train
D00164,P00159,0,train
D00165,P00160,0,train
D00166,P00161,1,train
D00167,P00044,1,train
D00168,P00162,0,train
D00169,P00155,0,train
D00170,P00163,0,train
D00171,P00164,0,train
D00172,P00165,0,train
D00173,P00124,1,train
D00174,P00166,1,train
D00175,P00167,0,train
D00176,P00168,0,train
D00177,P00169,1,train
D00178,P00170,1,train
D00179,P00171,1,train
D00180,P00172,0,train
D00181,P00173,0,train
D00182,P00174,1,train
D00183,P00175,1,train
D00184,P00176,0,train
D00185,P00177,1,train
D00186,P00178,0,train
D00187,P00179,0,train
D00188,P00180,1,train
D00189,P00169,0,train
D00190,P00181,1,train
D00191,P00124,1,train
D00092,P00182,1,train
D00192,P00183,1,train
D00193,P00184,0,train
D00130,P00185,1,train
D00194,P00186,0,train
D00195,P00174,1,train
D00196,P00187,0,train
D00197,P00188,1,train
D00198,P00189,1,train
D00199,P00190,0,train
D00200,P00191,0,train
D00201,P00192,0,train
D00202,P00193,0,train
D00203,P00194,0,train
D00204,P00195,0,train
D00205,P00196,0,train
D00206,P00197,0,train
D00207,P00197,0,train
D00208,P00198,1,train
D00209,P00199,1,train
D00210,P00130,1,train
D00211,P00200,0,train
D00212,P00201,0,train
D00213,P00202,0,train
D00214,P00142,1,train
D00215,P00115,1,train
D00216,P00203,1,train
D00217,P00204,0,train
D00218,P00205,0,train
D00219,P00206,0,train
D00220,P00056,1,train
D00221,P00207,0,train
D00222,P00208,1,train
D00223,P00209,0,train
D00224,P00210,0,train
D00225,P00124,1,train
D00226,P00211,1,train
D00227,P00142,1,train
D00228,P00212,1,train
D00229,P00213,1,train
D00230,P00111,0,train
D00231,P00214,1,train
D00232,P00215,0,train
D00233,P00209,0,train
D00234,P00216,0,train
D00235,P00217,0,train
D00236,P00218,0,train
D00237,P00219,0,train
D00238,P00124,1,train
D00239,P00220,0,train
D00240,P00203,1,train
D00241,P00221,1,train
D00242,P00222,0,train
D00243,P00223,0,train
D00244,P00224,0,train
D00245,P00225,0,train
D00246,P00226,1,train
D00247,P00166,1,train
D00248,P00049,1,train
D00043,P00227,1,train
D00249,P00228,0,train
D00250,P00181,1,train
D00251,P00229,1,train
D00252,P00230,1,train
D00253,P00231,0,train
D00254,P00031,0,train
D00255,P00232,1,train
D00256,P00233,0,train
D00257,P00234,1,train
D00258,P00235,1,train
D00259,P00169,1,train
D00260,P00234,1,train
D00261,P00236,1,train
D00262,P00237,0,train
D00263,P00238,0,train
D00264,P00239,0,train
D00265,P00240,1,train
D00266,P00241,1,train
D00267,P00242,0,train
D00268,P00056,1,train
D00269,P00243,0,train
D00270,P00244,1,train
D00271,P00245,1,train
D00014,P00246,1,train
D00272,P00247,0,train
D00273,P00248,1,train
D00274,P00124,1,train
D00275,P00249,1,train
D00276,P00135,1,train
D00277,P00250,1,train
D00278,P00251,0,train
D00279,P00252,0,train
D00280,P00253,0,train
D00281,P00158,1,train
D00282,P00056,1,train
D00283,P00254,0,train
D00284,P00255,0,train
D00285,P00256,1,train
D00286,P00257,0,train
D00287,P00258,1,train
D00288,P00121,1,train
D00289,P00259,1,train
D00290,P00260,1,train
D00291,P00056,1,train
D00041,P00261,1,train
D00292,P00262,1,train
D00293,P00263,0,train
D00294,P00264,0,train
D00295,P00167,0,train
D00296,P00265,1,train
D00297,P00124,1,train
D00244,P00266,0,train
D00298,P00054,1,train
D00299,P00267,0,train
D00300,P00012,1,train
D00301,P00268,1,train
D00302,P00262,1,train
D00288,P00269,1,train
D00303,P00270,1,train
D00304,P00271,0,train
D00305,P00198,1,train
D00306,P00063,1,train
D00307,P00272,0,train
D00022,P00273,1,train
D00308,P00274,0,train
D00309,P00275,0,train
D00310,P00276,0,train
D00311,P00277,1,train
D00312,P00278,1,train
D00313,P00279,1,train
D00314,P00280,0,train
D00315,P00281,1,train
D00316,P00282,0,train
D00317,P00283,1,train
D00318,P00264,1,train
D00319,P00284,0,train
D00320,P00160,0,train
D00321,P00285,1,train
D00322,P00286,1,train
D00323,P00287,1,train
D00324,P00131,1,train
D00325,P00288,0,train
D00326,P00289,1,train
D00099,P00290,0,train
D00327,P00234,1,train
D00328,P00291,0,train
D00221,P00131,1,train
D00329,P00292,0,train
D00330,P00293,1,train
D00331,P00058,1,train
D00332,P00294,1,train
D00333,P00206,1,train
D00334,P00295,1,train
D00335,P00124,1,train
D00336,P00296,0,train
D00337,P00297,1,train
D00338,P00298,0,train
D00339,P00051,1,train
D00340,P00299,0,train
D00341,P00300,0,train
D00342,P00301,0,train
D00216,P00131,1,train
D00343,P00207,0,train
D00114,P00302,0,train
D00344,P00303,0,train
D00345,P00304,1,train
D00346,P00305,0,train
D00347,P00134,1,train
D00348,P00306,0,train
D00349,P00049,1,train
D00350,P00307,1,train
D00351,P00308,0,train
D00140,P00309,1,train
D00352,P00310,0,train
D00353,P00311,0,train
D00354,P00245,0,train
D00355,P00056,1,train
D00356,P00165,0,train
D00357,P00312,0,train
D00358,P00313,0,train
D00359,P00314,1,train
D00360,P00056,1,train
D00361,P00315,1,train
D00362,P00316,1,train
D00363,P00317,1,train
D00364,P00063,1,train
D00365,P00318,0,train
D00366,P00319,1,train
D00367,P00320,0,train
D00368,P00321,0,train
D00369,P00322,0,train
D00370,P00323,1,train
D00371,P00324,1,train
D00372,P00325,1,train
D00364,P00326,1,train
D00274,P00327,1,train
D00373,P00328,0,train
D00160,P00329,1,train
D00374,P00330,1,train
D00375,P00022,1,train
D00376,P00331,0,train
D00377,P00332,0,train
D00378,P00333,1,train
D00379,P00003,1,train
D00380,P00334,1,train
D00381,P00121,1,train
D00382,P00047,1,train
D00323,P00335,0,train
D00383,P00336,0,train
D00384,P00337,1,train
D00385,P00338,1,train
D00386,P00339,1,train
D00387,P00340,0,train
D00388,P00341,0,train
D00081,P00049,1,train
D00389,P00342,0,train
D00390,P00343,0,train
D00391,P00344,0,train
D00392,P00345,0,train
D00393,P00346,0,train
D00394,P00347,0,train
D00395,P00134,0,train
D00020,P00054,1,train
D00396,P00348,0,train
D00397,P00349,0,train
D00229,P00350,1,train
D00398,P00351,1,train
D00399,P00352,0,train
D00400,P00353,0,train
D00363,P00354,0,train
D00401,P00355,0,train
D00402,P00314,1,train
D00255,P00356,1,train
D00403,P00229,0,train
D00404,P00357,0,train
D00405,P00040,1,train
D00406,P00358,1,train
D00407,P00011,0,train
D00408,P00359,0,train
D00409,P00360,0,train
D00410,P00361,0,train
D00411,P00362,0,train
D00412,P00155,1,train
D00288,P00363,1,train
D00413,P00364,0,train
D00414,P00365,0,train
D00415,P00366,0,train
D00416,P00130,1,train
D00417,P00124,1,train
D00418,P00025,1,train
D00419,P00367,1,train
D00420,P00056,1,train
D00204,P00294,1,train
D00221,P00368,0,train
D00421,P00369,0,train
D00422,P00008,1,train
D00423,P00370,1,train
D00424,P00371,0,train
D00425,P00372,0,train
D00426,P00373,1,train
D00427,P00374,0,train
D00428,P00375,1,train
D00429,P00376,0,train
D00430,P00155,1,train
D00431,P00377,0,train
D00432,P00316,1,train
D00433,P00378,0,train
D00434,P00379,0,train
D00435,P00130,1,train
D00436,P00234,1,train
D00437,P00380,1,train
D00438,P00274,0,train
D00439,P00381,0,train
D00440,P00044,1,train
D00441,P00382,1,train
D00442,P00383,0,train
D00443,P00384,1,train
D00340,P00385,0,train
D00239,P00386,0,train
D00444,P00387,0,train
D00445,P00156,1,train
D00446,P00388,0,train
D00247,P00389,1,train
D00447,P00249,1,train
D00105,P00390,0,train
D00448,P00391,1,train
D00162,P00146,1,train
D00449,P00392,0,train
D00450,P00393,0,train
D00451,P00294,1,train
D00452,P00394,1,train
D00434,P00395,0,train
D00453,P00396,0,train
D00454,P00397,0,train
D00455,P00260,1,train
D00456,P00398,0,train
D00457,P00399,0,train
D00458,P00400,0,train
D00459,P00169,1,train
D00460,P00401,1,train
D00461,P00402,0,train
D00178,P00198,1,train
D00462,P00403,1,train
D00463,P00404,0,train
D00464,P00078,1,train
D00465,P00405,0,train
D00466,P00152,1,train
D00467,P00406,0,train
D00468,P00054,1,train
D00469,P00407,0,train
D00380,P00408,0,train
D00470,P00409,0,train
D00471,P00410,0,train
D00014,P00411,1,train
D00472,P00412,0,train
D00473,P00115,1,train
D00474,P00115,1,train
D00475,P00413,1,train
D00476,P00414,1,train
D00477,P00415,0,train
D00260,P00044,1,train
D00478,P00049,1,train
D00479,P00416,0,train
D00480,P00417,0,train
D00481,P00418,1,train
D00482,P00221,0,train
D00483,P00419,1,train
D00130,P00420,1,train
D00484,P00421,0,train
D00485,P00422,1,train
D00486,P00258,1,train
D00487,P00423,1,train
D00488,P00424,1,train
D00489,P00425,1,train
D00490,P00426,1,train
D00491,P00044,1,train
D00492,P00427,0,train
D00493,P00428,1,train
D00494,P00429,0,train
D00288,P00220,1,train
D00495,P00225,0,train
D00496,P00430,0,train
D00349,P00115,1,train
D00033,P00431,0,train
D00497,P00432,0,train
D00498,P00433,0,train
D00499,P00170,1,train
D00500,P00056,1,train
D00464,P00012,1,train
D00501,P00434,0,train
D00502,P00435,1,train
D00503,P00436,0,train
D00504,P00044,1,train
D00505,P00351,1,train
D00506,P00066,0,train
D00507,P00437,0,train
D00508,P00438,1,train
D00411,P00439,0,train
D00509,P00300,0,train
D00510,P00440,1,train
D00191,P00169,1,train
D00300,P00441,1,train
D00511,P00442,1,train
D00512,P00309,1,train
D00513,P00443,1,train
D00514,P00234,1,train
D00004,P00138,0,train
D00515,P00444,0,train
D00516,P00128,1,train
D00517,P00445,0,train
D00228,P00446,1,train
D00518,P00416,0,train
D00519,P00447,0,train
D00520,P00448,0,train
D00521,P00056,1,train
D00522,P00449,0,train
D00523,P00350,0,train
D00524,P00450,1,train
D00525,P00451,0,train
D00341,P00008,1,train
D00526,P00389,0,train
D00527,P00452,0,train
D00446,P00453,0,train
D00528,P00159,0,train
D00290,P00454,1,train
D00529,P00455,1,train
D00530,P00291,1,train
D00385,P00456,1,train
D00531,P00376,0,train
D00425,P00457,0,train
D00371,P00458,0,train
D00532,P00459,0,train
D00533,P00460,0,train
D00133,P00461,1,train
D00166,P00148,1,train
D00534,P00460,0,train
D00535,P00462,1,train
D00407,P00127,0,train
D00536,P00289,1,train
D00106,P00463,1,train
D00537,P00464,0,train
D00538,P00465,0,train
D00539,P00466,1,train
D00540,P00467,0,train
D00541,P00468,0,train
D00542,P00469,1,train
D00543,P00470,0,train
D00544,P00169,1,train
D00545,P00197,1,train
D00014,P00471,0,train
D00546,P00472,0,train
D00547,P00473,0,train
D00548,P00474,0,train
D00549,P00475,1,train
D00008,P00476,0,train
D00550,P00477,0,train
D00551,P00403,1,train
D00552,P00478,1,train
D00553,P00104,0,train
D00554,P00479,1,train
D00555,P00480,0,train
D00556,P00481,0,train
D00119,P00234,1,train
D00355,P00078,1,train
D00557,P00068,0,train
D00558,P00060,1,train
D00559,P00482,1,train
D00560,P00403,1,train
D00561,P00483,0,train
D00430,P00484,0,train
D00562,P00485,0,train
D00092,P00380,1,train
D00563,P00012,1,train
D00564,P00486,0,train
D00565,P00487,1,train
D00566,P00488,1,train
D00567,P00489,0,train
D00568,P00490,0,train
D00569,P00491,0,train
D00570,P00492,0,train
D00108,P00272,0,train
D00359,P00170,1,train
D00571,P00493,1,train
D00572,P00085,1,train
D00573,P00494,0,train
D00574,P00495,0,train
D00575,P00147,0,train
D00576,P00496,0,train
D00577,P00497,1,train
D00578,P00064,1,train
D00579,P00498,0,train
D00580,P00499,1,train
D00581,P00391,1,train
D00582,P00500,0,train
D00430,P00065,1,train
D00583,P00169,1,train
D00584,P00501,0,train
D00585,P00502,1,train
D00586,P00155,1,train
D00587,P00503,1,train
D00318,P00279,0,train
D00588,P00504,1,train
D00318,P00401,1,train
D00589,P00505,0,train
D00590,P00155,1,train
D00591,P00506,1,train
D00592,P00155,1,train
D00593,P00124,1,train
D00594,P00507,0,train
D00595,P00189,1,train
D00596,P00351,1,train
D00597,P00314,1,train
D00598,P00508,0,train
D00599,P00124,1,train
D00600,P00359,1,train
D00601,P00509,1,train
D00438,P00443,0,train
D00602,P00124,1,train
D00603,P00510,0,train
D00604,P00511,1,train
D00605,P00512,0,train
D00014,P00513,1,train
D00606,P00347,1,train
D00043,P00479,1,train
D00607,P00198,1,train
D00022,P00358,1,train
D00608,P00158,1,train
D00490,P00514,1,train
D00207,P00515,0,train
D00609,P00516,0,train
D00479,P00012,1,train
D00610,P00517,0,train
D00611,P00518,0,train
D00311,P00359,1,train
D00206,P00351,1,train
D00612,P00519,1,train
D00613,P00520,0,train
D00614,P00521,1,train
D00615,P00385,1,train
D00616,P00356,1,train
D00617,P00522,1,train
D00618,P00008,1,train
D00619,P00444,1,train
D00620,P00523,1,train
D00621,P00124,1,train
D00622,P00168,0,train
D00623,P00524,1,train
D00624,P00525,0,train
D00625,P00526,1,train
D00179,P00527,1,train
D00626,P00063,1,train
D00627,P00315,1,train
D00628,P00085,1,train
D00629,P00334,1,train
D00630,P00528,1,train
D00631,P00529,1,train
D00632,P00041,0,train
D00633,P00530,0,train
D00627,P00438,0,train
D00222,P00056,1,train
D00634,P00056,1,train
D00635,P00196,0,train
D00636,P00146,1,train
D00637,P00078,1,train
D00638,P00531,0,train
D00639,P00532,0,train
D00640,P00533,0,train
D00641,P00534,0,train
D00642,P00535,0,train
D00643,P00536,1,train
D00644,P00040,1,train
D00645,P00537,0,train
D00646,P00227,1,train
D00647,P00538,1,train
D00287,P00155,1,train
D00513,P00539,1,train
D00648,P00540,0,train
D00649,P00124,1,train
D00650,P00463,1,train
D00651,P00541,1,train
D00652,P00542,0,train
D00653,P00543,1,train
D00654,P00420,0,train
D00655,P00040,1,train
D00656,P00544,1,train
D00603,P00268,0,train
D00657,P00545,0,train
D00014,P00546,1,train
D00314,P00547,1,train
D00658,P00548,1,train
D00592,P00124,1,train
D00659,P00124,1,train
D00660,P00045,0,train
D00661,P00549,0,train
D00662,P00550,0,train
D00663,P00551,0,train
D00664,P00552,0,train
D00665,P00553,0,train
D00666,P00054,1,train
D00667,P00554,1,train
D00668,P00555,1,train
D00669,P00220,1,train
D00670,P00363,1,train
D00671,P00556,0,train
D00204,P00092,1,train
D00672,P00557,1,train
D00350,P00558,0,train
D00673,P00559,0,train
D00674,P00560,0,train
D00675,P00561,1,train
D00676,P00061,1,train
D00300,P00309,1,train
D00677,P00562,0,train
D00678,P00169,0,train
D00679,P00063,1,train
D00680,P00563,0,train
D00681,P00564,0,train
D00682,P00565,1,train
D00683,P00566,0,train
D00684,P00548,0,train
D00685,P00012,0,train
D00686,P00124,1,train
D00007,P00567,0,train
D00687,P00568,1,train
D00688,P00569,0,train
D00689,P00570,0,train
D00690,P00044,1,train
D00691,P00135,1,train
D00692,P00449,1,train
D00693,P00013,1,train
D00694,P00571,0,train
D00695,P00124,1,train
D00696,P00572,0,train
D00223,P00573,0,train
D00697,P00574,0,train
D00380,P00575,0,train
D00698,P00576,0,train
D00699,P00577,1,train
D00700,P00329,1,train
D00701,P00578,1,train
D00702,P00124,1,train
D00276,P00220,1,train
D00703,P00579,0,train
D00008,P00377,1,train
D00704,P00264,1,train
D00705,P00412,0,train
D00706,P00580,0,train
D00707,P00581,1,train
D00708,P00582,1,train
D00453,P00583,0,train
D00105,P00584,1,train
D00709,P00585,0,train
D00710,P00586,1,train
D00302,P00587,0,train
D00711,P00588,0,train
D00191,P00448,1,train
D00712,P00589,1,train
D00713,P00590,0,train
D00714,P00169,0,train
D00715,P00285,0,train
D00510,P00591,1,train
D00716,P00397,1,train
D00620,P00592,0,train
D00717,P00593,0,train
D00370,P00124,1,train
D00401,P00594,0,train
D00718,P00203,1,train
D00719,P00595,0,train
D00305,P00314,1,train
D00720,P00596,1,train
D00721,P00597,0,train
D00722,P00598,0,train
D00723,P00599,1,train
D00051,P00600,1,train
D00724,P00601,1,train
D00725,P00602,0,train
D00726,P00078,1,train
D00727,P00056,1,train
D00728,P00142,1,train
D00729,P00309,1,train
D00730,P00603,1,train
D00412,P00604,1,train
D00731,P00605,1,train
D00732,P00063,1,train
D00733,P00549,0,train
D00734,P00378,0,train
D00735,P00418,1,train
D00014,P00606,1,train
D00736,P00044,1,train
D00443,P00607,1,train
D00737,P00054,1,train
D00738,P00608,1,train
D00739,P00609,0,train
D00740,P00047,1,train
D00741,P00093,1,train
D00221,P00502,1,train
D00742,P00610,0,train
D00743,P00241,1,train
D00744,P00007,1,train
D00745,P00611,0,train
D00746,P00612,0,train
D00107,P00613,1,train
D00747,P00488,1,train
D00748,P00614,0,train
D00178,P00044,1,train
D00749,P00615,0,train
D00173,P00020,0,train
D00750,P00616,0,train
D00751,P00617,1,train
D00752,P00618,0,train
D00753,P00619,0,train
D00754,P00620,0,train
D00636,P00161,1,train
D00755,P00182,1,train
D00756,P00522,1,train
D00757,P00403,1,train
D00758,P00621,0,train
D00539,P00622,1,train
D00759,P00623,1,train
D00760,P00624,1,train
D00761,P00504,1,train
D00674,P00625,0,train
D00762,P00626,0,train
D00763,P00008,0,train
D00764,P00133,0,train
D00228,P00627,1,train
D00300,P00506,1,train
D00765,P00258,1,train
D00766,P00040,0,train
D00255,P00628,0,train
D00767,P00629,0,train
D00768,P00340,0,train
D00769,P00363,1,train
D00770,P00630,0,train
D00771,P00351,1,train
D00326,P00631,0,train
D00772,P00092,1,train
D00387,P00632,0,train
D00773,P00086,0,train
D00774,P00044,1,train
D00775,P00170,1,train
D00776,P00633,0,train
D00012,P00634,0,train
D00777,P00112,0,train
D00778,P00635,0,train
D00779,P00599,1,train
D00780,P00418,1,train
D00781,P00636,0,train
D00094,P00557,1,train
D00782,P00637,0,train
D00783,P00054,1,train
D00784,P00638,1,train
D00785,P00484,0,train
D00786,P00639,0,train
D00787,P00640,1,train
D00788,P00120,1,train
D00625,P00474,0,train
D00789,P00641,0,train
D00790,P00082,0,train
D00791,P00331,1,train
D00792,P00263,1,train
D00793,P00642,0,train
D00794,P00229,0,train
D00795,P00643,1,train
D00796,P00418,1,train
D00797,P00079,0,train
D00798,P00644,0,train
D00737,P00172,0,train
D00799,P00170,1,train
D00800,P00645,0,train
D00801,P00646,1,train
D00802,P00105,0,train
D00803,P00647,0,train
D00804,P00229,1,train
D00805,P00156,1,train
D00806,P00437,0,train
D00807,P00382,1,train
D00808,P00445,0,train
D00809,P00025,0,train
D00810,P00080,0,train
D00811,P00382,1,train
D00812,P00648,0,train
D00813,P00649,0,train
D00814,P00650,1,train
D00815,P00565,1,train
D00816,P00651,0,train
D00817,P00652,0,train
D00314,P00653,0,train
D00818,P00654,1,train
D00819,P00655,0,train
D00820,P00656,0,train
D00821,P00657,0,train
D00822,P00362,0,train
D00823,P00633,0,train
D00824,P00485,0,train
D00398,P00208,1,train
D00825,P00658,0,train
D00826,P00659,0,train
D00827,P00660,0,train
D00828,P00229,1,train
D00829,P00661,0,train
D00830,P00231,0,train
D00831,P00662,0,train
D00133,P00663,1,train
D00832,P00664,0,train
D00833,P00069,0,train
D00181,P00099,0,train
D00834,P00665,0,train
D00835,P00666,0,train
D00836,P00418,1,train
D00646,P00269,1,train
D00837,P00667,0,train
D00490,P00334,1,train
D00736,P00668,0,train
D00721,P00669,1,train
D00838,P00670,0,train
D00839,P00671,1,train
D00840,P00166,1,train
D00262,P00672,0,train
D00841,P00673,0,train
D00842,P00674,1,train
D00843,P00675,0,train
D00844,P00676,0,train
D00845,P00677,0,train
D00846,P00678,1,train
D00847,P00679,1,train
D00848,P00155,1,train
D00849,P00382,1,train
D00850,P00560,1,train
D00799,P00278,0,train
D00851,P00680,0,train
D00852,P00208,1,train
D00732,P00681,1,train
D00853,P00682,0,train
D00016,P00049,1,train
D00854,P00683,0,train
D00855,P00170,1,train
D00560,P00684,0,train
D00535,P00626,1,train
D00856,P00685,0,train
D00857,P00414,1,train
D00858,P00686,0,train
D00840,P00049,1,train
D00567,P00687,0,train
D00859,P00688,0,train
D00860,P00689,1,train
D00300,P00690,1,train
D00861,P00691,0,train
D00723,P00692,0,train
D00862,P00693,0,train
D00014,P00694,1,train
D00863,P00695,1,train
D00864,P00395,0,train
D00334,P00696,1,train
D00865,P00463,1,train
D00866,P00177,0,train
D00867,P00697,0,train
D00868,P00698,0,train
D00044,P00699,0,train
D00869,P00700,1,train
D00870,P00544,1,train
D00416,P00056,1,train
D00871,P00701,0,train
D00872,P00702,0,train
D00553,P00703,0,train
D00873,P00378,1,train
D00874,P00704,0,train
D00875,P00705,0,train
D00876,P00706,1,train
D00281,P00135,1,train
D00640,P00707,0,train
D00877,P00708,0,train
D00133,P00063,1,train
D00005,P00709,0,train
D00391,P00380,1,train
D00878,P00183,1,train
D00879,P00710,1,train
D00880,P00199,1,train
D00828,P00044,1,train
D00185,P00711,0,train
D00881,P00330,0,train
D00882,P00482,0,train
D00883,P00154,0,train
D00884,P00441,0,train
D00879,P00712,1,train
D00422,P00636,0,train
D00885,P00713,0,train
D00305,P00072,1,train
D00886,P00714,0,train
D00887,P00171,1,train
D00888,P00715,0,train
D00889,P00716,1,train
D00890,P00142,1,train
D00891,P00305,0,train
D00892,P00294,1,train
D00893,P00452,1,train
D00894,P00717,1,train
D00895,P00718,0,train
D00896,P00408,1,train
D00282,P00124,1,train
D00897,P00719,0,train
D00593,P00282,0,train
D00669,P00607,0,train
D00608,P00220,1,train
D00898,P00720,0,train
D00899,P00400,0,train
D00206,P00156,1,train
D00900,P00721,0,train
D00901,P00722,0,train
D00902,P00723,1,train
D00325,P00724,1,train
D00903,P00142,1,train
D00248,P00124,1,train
D00904,P00231,0,train
D00905,P00725,0,train
D00906,P00726,0,train
D00762,P00314,0,train
D00907,P00090,0,train
D00211,P00727,1,train
D00908,P00728,0,train
D00909,P00729,1,train
D00910,P00596,0,train
D00911,P00067,0,train
D00912,P00730,0,train
D00913,P00731,1,train
D00074,P00407,0,train
D00645,P00732,0,train
D00914,P00632,1,train
D00083,P00733,0,train
D00206,P00734,0,train
D00216,P00232,1,train
D00125,P00735,0,train
D00915,P00736,0,train
D00916,P00737,0,train
D00917,P00738,1,train
D00799,P00739,0,train
D00918,P00181,1,train
D00919,P00740,0,train
D00276,P00158,1,train
D00920,P00051,1,train
D00921,P00741,0,train
D00318,P00742,1,train
D00922,P00743,0,train
D00923,P00744,0,train
D00924,P00745,0,train
D00925,P00115,1,train
D00926,P00746,1,train
D00927,P00040,1,train
D00928,P00747,0,train
D00236,P00748,0,train
D00929,P00705,0,train
D00930,P00749,0,train
D00079,P00750,0,train
D00693,P00751,0,train
D00255,P00586,0,train
D00931,P00752,0,train
D00385,P00196,1,train
D00706,P00753,0,train
D00932,P00754,0,train
D00933,P00755,0,train
D00934,P00135,0,train
D00831,P00756,1,train
D00935,P00078,1,train
D00936,P00142,1,train
D00864,P00146,1,train
D00422,P00135,1,train
D00937,P00757,0,train
D00938,P00758,1,train
D00939,P00759,1,train
D00940,P00439,0,train
D00659,P00156,1,train
D00941,P00760,0,train
D00942,P00007,1,train
D00943,P00761,1,train
D00944,P00448,1,train
D00014,P00762,1,train
D00945,P00604,1,train
D00590,P00124,1,train
D00753,P00763,0,train
D00946,P00764,0,train
D00947,P00056,1,train
D00312,P00765,0,train
D00948,P00029,1,train
D00949,P00049,1,train
D00950,P00766,1,train
D00951,P00289,1,train
D00027,P00576,0,train
D00952,P00509,1,train
D00953,P00326,1,train
D00954,P00767,0,train
D00955,P00768,0,train
D00956,P00019,0,train
D00957,P00663,1,train
D00550,P00672,0,train
D00958,P00769,0,train
D00959,P00770,1,train
D00960,P00771,1,train
D00731,P00772,1,train
D00961,P00324,1,train
D00962,P00663,1,train
D00963,P00773,0,train
D00964,P00168,0,train
D00965,P00088,1,train
D00966,P00774,0,train
D00967,P00732,0,train
D00449,P00775,0,train
D00968,P00356,1,train
D00969,P00776,1,train
D00970,P00124,1,train
D00971,P00180,0,train
D00972,P00777,0,train
D00512,P00220,1,train
D00473,P00130,1,train
D00973,P00778,0,train
D00107,P00148,1,train
D00974,P00779,0,train
D00281,P00146,1,train
D00975,P00780,0,train
D00976,P00781,1,train
D00977,P00738,1,train
D00742,P00124,1,train
D00978,P00782,0,train
D00979,P00783,0,train
D00980,P00784,0,train
D00981,P00785,1,train
D00982,P00786,0,train
D00983,P00787,0,train
D00984,P00643,1,train
D00985,P00666,0,train
D00986,P00303,1,train
D00987,P00337,1,train
D00988,P00319,1,train
D00989,P00156,1,train
D00990,P00453,0,train
D00991,P00020,0,train
D00992,P00742,0,train
D00993,P00042,1,train
D00994,P00788,1,train
D00995,P00789,0,train
D00996,P00790,0,train
D00997,P00791,0,train
D00767,P00792,0,train
D00991,P00793,1,train
D00998,P00054,1,train
D00473,P00012,1,train
D00999,P00794,1,train
D01000,P00258,1,train
D00321,P00351,1,train
D01001,P00316,1,train
D00107,P00795,1,train
D00170,P00796,1,train
D01002,P00797,1,train
D01003,P00721,0,train
D00885,P00798,0,train
D01004,P00799,0,train
D00104,P00800,0,train
D01005,P00171,1,train
D00456,P00801,0,train
D00079,P00051,1,train
D01006,P00313,1,train
D01007,P00214,0,train
D01008,P00802,0,train
D01009,P00803,1,train
D01010,P00155,1,train
D01011,P00804,0,train
D00695,P00049,1,train
D01012,P00805,0,train
D01013,P00806,0,train
D00428,P00807,1,train
D01014,P00808,1,train
D00179,P00809,1,train
D01015,P00111,1,train
D00995,P00810,0,train
D01016,P00120,1,train
D01017,P00044,1,train
D01018,P00169,1,train
D01019,P00054,1,train
D01020,P00811,0,train
D00001,P00812,0,train
D00945,P00697,0,train
D01021,P00795,0,train
D01022,P00813,1,train
D01023,P00814,0,train
D01024,P00815,0,train
D00402,P00324,1,train
D01025,P00816,0,train
D00987,P00817,1,train
D00188,P00818,0,train
D01026,P00819,1,train
D01027,P00124,1,train
D01028,P00126,1,train
D01029,P00155,1,train
D01030,P00820,0,train
D01031,P00821,0,train
D01032,P00214,0,train
D00014,P00822,1,train
D01033,P00016,0,train
D00245,P00823,0,train
D01034,P00824,0,train
D01035,P00825,0,train
D00535,P00826,1,train
D01036,P00827,0,train
D01012,P00828,1,train
D01037,P00829,0,train
D00022,P00613,0,train
D01038,P00439,0,train
D01039,P00830,1,train
D01040,P00078,1,train
D01041,P00831,1,train
D00615,P00220,1,train
D00987,P00701,1,train
D01042,P00832,0,train
D01043,P00833,0,train
D00312,P00683,1,train
D01044,P00834,0,train
D01045,P00435,0,train
D01046,P00835,1,train
D01047,P00317,1,train
D00088,P00565,1,train
D01048,P00836,0,train
D01049,P00593,0,train
D01050,P00837,1,train
D01051,P00838,0,train
D01052,P00839,1,train
D00833,P00424,1,train
D01053,P00124,1,train
D01054,P00489,1,train
D01055,P00229,1,train
D01056,P00158,1,train
D01057,P00548,1,train
D01058,P00840,0,train
D01059,P00724,0,train
D00385,P00841,1,train
D01060,P00842,0,train
D01061,P00124,1,train
D00336,P00843,0,train
D01062,P00418,1,train
D01063,P00189,1,train
D01064,P00844,0,train
D01065,P00663,1,train
D00180,P00378,0,train
D01066,P00703,1,train
D00321,P00056,1,train
D01067,P00012,0,train
D01068,P00787,0,train
D01069,P00845,0,train
D01070,P00402,0,train
D01071,P00846,0,train
D01072,P00847,1,train
D01073,P00848,0,train
D01074,P00849,0,train
D01075,P00078,1,train
D00358,P00850,0,train
D00282,P00713,0,train
D00111,P00160,0,train
D01076,P00851,1,train
D01077,P00852,0,train
D00246,P00853,0,train
D01078,P00110,0,train
D01079,P00854,1,train
D00014,P00855,1,train
D01080,P00790,1,train
D01081,P00169,1,train
D01082,P00856,0,train
D01083,P00857,0,train
D01084,P00858,0,train
D01029,P00063,1,train
D00300,P00859,1,train
D00358,P00487,1,train
D01085,P00860,0,train
D01086,P00063,0,train
D01087,P00861,0,train
D01088,P00862,0,train
D01089,P00206,1,train
D00105,P00500,1,train
D00727,P00078,1,train
D01090,P00863,0,train
D01091,P00743,1,train
D01092,P00036,0,train
D01093,P00864,0,train
D01094,P00169,1,train
D00741,P00447,1,train
D01095,P00865,1,train
D01096,P00866,0,train
D01097,P00867,1,train
D01098,P00598,1,train
D01099,P00868,0,train
D01100,P00869,0,train
D00080,P00870,0,train
D01101,P00022,1,train
D01102,P00240,0,train
D00892,P00198,1,train
D01103,P00568,1,train
D00140,P00871,1,train
D01104,P00872,0,train
D01105,P00277,0,train
D00227,P00873,0,train
D01106,P00874,0,train
D01107,P00056,1,train
D01108,P00875,0,train
D01109,P00876,0,train
D01110,P00573,1,train
D01111,P00263,1,train
D01112,P00601,1,train
D00324,P00170,1,train
D00042,P00877,1,train
D00425,P00454,1,train
D01113,P00135,1,train
D00588,P00878,0,train
D00766,P00747,0,train
D00374,P00879,0,train
D01114,P00880,0,train
D01115,P00233,0,train
D00140,P00115,1,train
D00281,P00363,1,train
D00288,P00871,1,train
D01116,P00881,0,train
D01117,P00604,1,train
D01118,P00776,0,train
D01119,P00557,0,train
D01120,P00882,0,train
D01121,P00883,1,train
D01122,P00334,1,train
D00715,P00884,0,train
D00994,P00316,1,train
D01123,P00652,0,train
D01124,P00885,0,train
D01125,P00886,0,train
D01126,P00887,1,train
D01048,P00051,1,train
D01127,P00703,0,train
D01128,P00568,0,train
D01129,P00888,0,train
D01130,P00798,0,train
D00213,P00889,0,train
D01131,P00890,0,train
D00204,P00502,1,train
D01132,P00891,0,train
D01133,P00288,0,train
D01134,P00806,0,train
D01135,P00321,0,train
D00780,P00255,0,train
D01136,P00571,0,train
D00449,P00892,1,train
D00646,P00377,1,train
D01137,P00307,0,train
D01138,P00893,0,train
D01139,P00894,0,train
D00965,P00290,1,train
D01140,P00049,1,train
D01141,P00895,1,train
D00828,P00706,1,train
D00402,P00896,0,train
D01142,P00432,0,train
D00732,P00153,1,train
D01143,P00107,1,train
D00541,P00591,1,train
D00249,P00897,0,train
D00893,P00898,0,train
D01144,P00899,1,train
D01145,P00900,0,train
D01146,P00082,0,train
D01147,P00025,0,train
D01148,P00142,1,train
D01149,P00901,0,train
D01150,P00258,1,train
D01151,P00902,0,train
D01152,P00063,1,train
D00154,P00903,0,train
D00103,P00837,1,train
D01153,P00904,1,train
D01154,P00905,1,train
D01155,P00906,0,train
D01156,P00907,1,train
D00536,P00300,0,train
D00635,P00908,0,train
D01157,P00909,1,train
D01158,P00910,1,train
D00267,P00130,1,train
D00306,P00056,1,train
D00066,P00911,1,train
D01159,P00565,1,train
D01160,P00912,1,train
D01161,P00124,1,train
D01162,P00913,0,train
D00718,P00260,1,train
D00201,P00914,1,train
D00879,P00446,1,train
D00033,P00915,0,train
D01163,P00215,0,train
D01164,P00438,0,train
D01165,P00916,0,train
D01166,P00917,0,train
D00816,P00918,0,train
D00931,P00235,1,train
D00103,P00919,1,train
D00691,P00146,1,train
D01167,P00063,1,train
D01168,P00920,0,train
D00274,P00115,1,train
D01169,P00134,1,train
D01170,P00921,0,train
D01140,P00255,0,train
D00318,P00324,1,train
D01171,P00922,0,train
D00013,P00923,1,train
D00804,P00557,1,train
D01172,P00528,1,train
D01173,P00924,0,train
D00178,P00156,1,train
D00566,P00925,0,train
D00143,P00166,0,train
D01174,P00926,1,train
D01175,P00458,1,train
D00072,P00042,1,train
D00306,P00065,1,train
D01176,P00170,1,train
D01177,P00406,1,train
D01178,P00124,1,train
D01179,P00927,0,train
D00332,P00557,1,train
D01180,P00149,0,train
D01181,P00928,1,train
D01182,P00208,1,train
D00657,P00420,1,train
D01183,P00142,1,train
D01184,P00929,0,train
D01185,P00128,1,train
D01186,P00930,1,train
D00672,P00072,1,train
D01187,P00931,0,train
D00287,P00169,1,train
D01188,P00314,1,train
D00587,P00932,0,train
D01189,P00933,0,train
D01190,P00934,0,train
D00154,P00863,0,train
D00178,P00375,1,train
D00092,P00935,1,train
D01191,P00245,1,train
D01192,P00936,0,train
D00735,P00635,0,train
D01193,P00865,1,train
D01194,P00640,1,train
D01195,P00800,0,train
D01196,P00937,1,train
D01197,P00938,0,train
D00729,P00269,1,train
D01198,P00832,0,train
D01183,P00249,0,train
D01178,P00509,1,train
D01199,P00142,1,train
D01200,P00939,0,train
D00500,P00122,0,train
D01201,P00940,0,train
D01202,P00262,1,train
D01203,P00654,0,train
D01204,P00941,0,train
D00490,P00942,1,train
D01205,P00523,0,train
D00103,P00943,1,train
D01206,P00944,1,train
D01207,P00407,0,train
D00274,P00553,1,train
D00191,P00115,1,train
D01208,P00469,1,train
D01209,P00945,1,train
D01210,P00044,1,train
D01211,P00448,1,train
D01212,P00817,0,train
D01213,P00056,1,train
D01214,P00946,0,train
D00991,P00947,1,train
D00416,P00502,1,train
D01215,P00291,1,train
D01216,P00948,0,train
D01217,P00949,0,train
D00511,P00579,1,train
D01218,P00950,0,train
D01219,P00951,0,train
D01220,P00952,1,train
D01221,P00171,1,train
D01222,P00953,0,train
D00529,P00954,1,train
D00703,P00955,0,train
D01223,P00956,1,train
D01224,P00115,1,train
D01225,P00957,0,train
D01226,P00049,1,train
D00778,P00378,1,train
D01227,P00624,0,train
D01228,P00056,1,train
D01229,P00958,0,train
D01230,P00203,1,train
D01231,P00828,0,train
D01232,P00249,0,train
D01232,P00959,1,train
D00530,P00022,1,train
D00618,P00363,1,train
D00386,P00960,0,train
D01233,P00054,1,train
D01234,P00678,0,train
D01235,P00358,1,train
D01236,P00640,1,train
D01237,P00153,1,train
D00572,P00121,0,train
D01238,P00557,1,train
D01239,P00131,1,train
D01240,P00448,1,train
D01241,P00196,0,train
D01242,P00961,0,train
D01243,P00689,0,train
D01244,P00962,0,train
D01245,P00200,0,train
D01246,P00488,1,train
D00935,P00963,1,train
D01247,P00964,0,train
D01248,P00308,0,train
D01249,P00787,0,train
D01250,P00149,1,train
D00830,P00965,0,train
D00860,P00036,1,train
D01251,P00130,1,train
D01252,P00099,0,train
D00014,P00966,1,train
D00668,P00967,1,train
D01253,P00687,0,train
D01254,P00111,1,train
D01255,P00968,0,train
D01256,P00969,1,train
D00724,P00092,1,train
D01257,P00970,0,train
D01258,P00971,1,train
D01259,P00746,0,train
D00464,P00044,1,train
D00369,P00865,1,train
D00002,P00319,1,train
D01260,P00314,1,train
D01261,P00316,1,train
D01262,P00972,0,train
D01122,P00973,0,train
D01263,P00974,0,train
D01264,P00975,1,train
D00387,P00976,0,train
D01265,P00668,0,train
D00151,P00377,1,train
D01266,P00063,1,train
D01267,P00977,0,train
D00668,P00978,0,train
D01268,P00979,0,train
D01269,P00980,1,train
D01270,P00952,0,train
D01271,P00627,0,train
D01272,P00981,0,train
D01273,P00196,0,train
D01106,P00169,1,train
D00242,P00982,0,train
D00321,P00983,1,train
D00137,P00363,1,train
D01274,P00259,1,train
D00037,P00984,0,train
D01275,P00240,1,train
D01264,P00985,1,train
D01276,P00986,0,train
D01277,P00987,0,train
D00211,P00415,1,train
D00892,P00072,1,train
D00968,P00161,1,train
D01278,P00447,0,train
D00111,P00593,0,train
D01279,P00988,0,train
D01280,P00335,0,train
D01174,P00989,1,train
D01202,P00072,0,train
D01281,P00194,0,train
D00622,P00990,0,train
D00013,P00024,1,train
D01282,P00665,0,train
D01283,P00385,1,train
D01284,P00991,1,train
D01285,P00169,1,train
D01286,P00992,0,train
D01287,P00975,1,train
D00133,P00049,1,train
D00849,P00993,0,train
D01288,P00994,0,train
D01283,P00065,1,train
D01289,P00995,0,train
D01290,P00111,1,train
D01291,P00078,1,train
D01292,P00886,0,train
D01162,P00807,0,train
D01293,P00554,1,train
D01294,P00509,1,train
D00324,P00314,1,train
D01295,P00161,0,train
D01296,P00996,0,train
D01297,P00997,0,train
D01298,P00162,0,train
D01299,P00998,0,train
D01300,P00999,0,train
D01301,P00092,1,train
D01302,P00309,1,train
D01303,P01000,0,train
D01304,P00868,0,train
D01305,P00831,0,train
D01064,P00717,1,train
D01306,P01001,0,train
D01307,P01002,0,train
D00389,P00372,0,train
D01308,P01003,0,train
D01290,P01004,1,train
D01309,P01005,0,train
D01310,P01006,1,train
D00924,P01007,0,train
D01021,P00187,0,train
D00876,P00188,1,train
D00092,P00229,1,train
D01311,P00189,1,train
D01312,P01008,0,train
D01313,P00734,1,train
D01314,P00382,1,train
D00062,P01009,0,train
D01315,P00036,0,train
D01316,P00034,0,train
D01317,P01010,0,train
D01213,P00078,1,train
D00016,P00169,1,train
D01318,P00911,1,train
D01319,P00099,1,train
D01320,P01011,0,train
D00416,P00557,1,train
D01321,P01012,0,train
D00659,P00401,1,train
D01069,P00302,1,train
D01322,P01013,0,train
D01323,P01014,0,train
D01324,P00541,1,train
D01325,P00169,1,train
D00831,P01015,0,train
D01253,P00548,1,train
D01326,P00170,1,train
D01327,P01016,1,train
D01328,P00293,1,train
D00228,P00770,0,train
D01329,P00679,1,train
D01330,P01017,0,train
D01331,P01018,1,train
D01332,P01019,1,train
D01104,P01020,0,train
D01333,P00249,1,train
D00136,P00968,0,train
D01334,P00737,0,train
D01335,P00092,1,train
D00224,P00618,0,train
D01336,P00281,1,train
D01337,P00177,0,train
D01338,P01021,0,train
D00756,P01022,0,train
D01339,P01023,0,train
D01340,P00782,1,train
D01341,P00103,0,train
D01342,P00546,0,train
D01063,P01024,1,train
D00778,P00476,0,train
D01343,P00915,0,train
D01344,P00108,0,train
D01345,P00640,1,train
D00426,P00293,1,train
D01346,P01025,0,train
D01347,P00560,0,train
D01348,P00114,0,train
D01349,P00851,1,train
D00350,P00034,0,train
D01350,P01026,0,train
D01351,P00130,1,train
D00014,P00806,1,train
D00313,P00479,1,train
D01352,P00169,1,train
D01353,P00448,1,train
D00626,P00056,1,train
D01354,P01027,1,train
D00139,P00161,1,train
D01355,P00124,1,train
D01294,P01028,0,train
D00772,P00601,1,train
D01356,P00065,1,train
D01357,P00376,1,train
D01358,P01029,1,train
D01359,P00124,1,train
D01360,P00339,0,train
D00014,P01030,1,train
D01361,P00464,0,train
D01362,P01031,0,train
D01363,P01032,0,train
D01364,P00314,1,train
D01043,P01033,0,train
D01365,P00169,1,train
D00184,P01034,0,train
D01366,P01035,0,train
D00435,P01036,0,train
D01367,P00334,1,train
D01156,P00596,0,train
D01368,P01037,0,train
D00305,P00347,1,train
D01369,P01038,0,train
D01370,P00199,1,train
D01371,P00124,1,train
D00364,P00115,1,train
D01372,P01039,1,train
D01113,P00008,1,train
D00430,P00174,1,train
D01373,P00168,0,train
D00707,P01040,0,train
D01374,P01041,0,train
D01375,P01042,0,train
D01376,P01043,0,train
D01377,P01044,0,train
D01378,P00172,0,train
D01379,P01045,0,train
D01380,P01046,0,train
D01381,P01047,0,train
D01382,P01048,0,train
D01383,P00911,0,train
D00429,P00333,0,train
D00597,P00124,1,train
D01384,P01049,0,train
D00559,P01050,0,train
D01385,P00418,1,train
D00597,P00919,0,train
D00724,P01051,0,train
D01386,P01052,1,train
D01387,P00449,0,train
D00390,P00181,1,train
D01388,P00040,0,train
D01389,P00257,0,train
D00022,P01053,1,train
D00535,P00030,0,train
D00618,P00169,1,train
D00098,P00729,0,train
D01390,P00663,1,train
D00392,P01054,0,train
D01391,P01055,0,train
D00874,P00226,0,train
D01392,P00448,1,train
D01393,P01056,1,train
D01394,P00444,1,train
D01150,P00547,0,train
D01395,P00147,0,train
D00161,P00714,1,train
D00157,P01057,0,train
D00411,P00572,0,train
D01396,P01058,0,train
D01397,P00376,1,train
D01398,P01059,0,train
D01399,P01060,1,train
D01400,P00937,0,train
D00831,P01061,0,train
D01200,P01062,0,train
D00202,P00545,0,train
D00022,P01063,1,train
D00691,P00056,1,train
D01401,P00436,1,train
D00356,P00403,1,train
D01402,P01064,1,train
D01403,P01065,1,train
D00712,P01066,0,train
D01404,P00279,1,train
D01405,P01067,0,train
D00428,P00232,1,train
D01406,P00598,0,train
D00108,P00063,1,train
D00642,P01006,1,train
D00750,P01068,0,train
D00014,P00751,1,train
D01407,P00854,1,train
D01408,P00322,0,train
D01409,P00527,0,train
D01410,P01069,0,train
D01143,P00512,1,train
D01411,P00531,1,train
D01412,P00220,1,train
D01413,P01070,0,train
D00204,P00209,1,train
D01414,P00596,1,train
D00139,P00309,1,train
D00337,P01071,0,train
D00711,P01072,0,train
D01415,P00124,1,train
D01013,P00130,1,train
D00030,P01067,0,train
D00805,P00557,1,train
D01416,P00056,1,train
D00907,P01073,0,train
D00290,P00124,1,train
D01417,P00022,1,train
D01418,P00621,0,train
D01419,P01074,0,train
D01253,P00056,1,train
D01420,P01075,0,train
D01421,P00289,1,train
D00576,P00705,0,train
D00377,P01076,0,train
D01422,P01077,0,train
D00588,P00169,1,train
D01423,P00092,0,train
D00410,P00092,1,train
D01424,P01078,1,train
D01425,P01079,0,train
D01426,P00403,1,train
D00387,P01080,0,train
D00103,P01081,1,train
D01427,P00010,0,train
D01428,P00960,0,train
D01043,P01082,0,train
D01429,P01083,0,train
D01430,P00943,1,train
D01431,P00890,0,train
D01432,P00707,1,train
D01433,P00196,0,train
D00652,P00604,1,train
D00014,P01079,1,train
D00349,P00198,1,train
D00119,P00262,0,train
D01434,P01084,0,train
D01435,P00566,1,train
D00542,P00614,0,train
D00080,P01085,0,train
D01436,P01086,1,train
D01437,P01087,0,train
D01075,P01088,0,train
D01438,P01089,1,train
D01439,P00124,1,train
D00362,P00124,1,train
D01440,P00518,0,train
D01441,P00063,1,train
D01281,P00378,1,train
D01442,P00358,1,train
D01443,P00616,0,train
D00385,P00919,1,train
D01444,P00045,1,train
D01445,P00171,1,train
D01446,P01090,0,train
D01447,P01091,0,train
D00244,P01092,1,train
D01448,P00249,0,train
D01449,P01093,0,train
D01450,P00054,1,train
D00959,P01094,1,train
D01451,P00565,1,train
D01452,P01095,0,train
D01453,P01096,0,train
D01454,P00012,1,train
D01455,P00056,1,train
D01085,P00105,0,train
D01218,P00603,1,train
D01456,P00921,0,train
D01457,P01097,1,train
D00004,P00142,1,train
D01122,P00856,0,train
D01458,P00459,0,train
D00480,P00694,0,train
D01153,P01098,1,train
D01459,P00115,1,train
D01460,P00199,1,train
D01461,P01099,0,train
D00399,P00042,0,train
D01462,P00078,1,train
D00417,P00056,1,train
D00326,P01100,0,train
D01463,P01101,0,train
D01464,P01076,1,train
D01465,P00557,1,train
D00136,P00264,1,train
D01466,P00500,1,train
D01467,P00557,1,train
D00014,P00578,1,train
D01468,P00710,1,train
D01469,P01102,0,train
D01470,P00412,1,train
D01471,P01103,0,train
D00358,P01104,0,train
D01472,P01105,1,train
D00702,P00013,1,train
D01473,P00657,1,train
D00566,P01106,0,train
D01214,P00847,0,train
D01474,P00480,0,train
D01475,P01107,0,train
D00599,P00091,0,train
D00141,P00234,1,train
D01476,P01108,1,train
D01477,P00030,0,train
D00939,P01109,1,train
D00908,P00218,1,train
D01478,P00461,1,train
D01479,P01110,0,train
D00774,P00155,1,train
D01480,P00830,0,train
D01481,P00348,1,train
D01482,P01111,0,train
D00108,P00155,1,train
D01483,P01112,1,train
D00440,P00049,1,train
D01484,P00115,1,train
D01485,P00858,0,train
D00255,P01076,1,train
D01486,P00264,1,train
D01487,P00289,1,train
D01488,P00780,0,train
D00151,P00642,1,train
D01113,P00042,1,train
D01489,P00755,0,train
D01490,P00171,1,train
D01182,P00234,1,train
D00935,P01113,1,train
D01491,P01114,0,train
D01492,P00403,1,train
D01414,P01115,0,train
D01493,P00760,0,train
D00548,P00446,1,train
D01494,P01116,0,train
D01143,P01117,1,train
D00475,P00340,0,train
D01495,P01048,0,train
D01496,P00007,1,train
D00095,P01118,1,train
D01497,P01114,0,train
D01498,P01119,0,train
D01081,P01120,0,train
D01282,P01081,0,train
D00855,P00969,0,train
D01457,P00453,1,train
D00038,P00064,0,train
D01499,P00868,0,train
D00443,P00979,1,train
D01500,P00124,1,train
D01501,P00528,0,train
D01502,P01121,0,train
D01503,P01122,1,train
D00852,P00946,1,train
D01431,P00643,1,train
D01143,P01123,0,train
D01504,P00854,0,train
D01505,P00968,0,train
D01506,P00083,1,train
D01507,P00871,1,train
D01508,P00504,1,train
D01509,P01124,0,train
D01510,P00247,0,train
D01511,P00044,1,train
D01512,P00220,0,train
D00466,P01125,1,train
D01513,P01034,1,train
D00103,P00859,1,train
D01514,P00883,0,train
D01515,P00169,1,train
D01516,P01126,1,train
D01517,P01127,0,train
D01518,P00419,0,train
D00092,P00604,1,train
D01382,P01020,0,train
D01169,P00967,0,train
D01079,P00900,0,train
D00448,P00198,0,train
D00756,P01128,0,train
D00968,P00146,1,train
D01519,P00198,1,train
D00455,P00264,1,train
D01520,P01129,0,train
D01521,P00124,1,train
D01522,P01130,0,train
D00490,P01131,1,train
D01483,P00610,1,train
D01523,P00133,1,train
D01524,P01132,1,train
D00435,P00124,1,train
D01525,P01133,1,train
D00408,P01134,0,train
D00434,P00279,1,train
D01526,P01135,0,train
D01527,P00681,1,train
D01528,P00077,0,train
D00535,P00415,0,train
D01529,P01088,0,train
D01530,P01136,0,train
D00934,P00183,1,train
D01531,P01137,0,train
D01532,P00391,0,train
D00008,P00681,1,train
D00222,P00203,1,train
D00514,P00156,1,train
D00474,P00065,1,train
D00832,P01138,0,train
D01533,P01139,0,train
D00428,P00203,1,train
D01534,P01106,0,train
D00590,P01140,0,train
D00656,P00995,1,train
D01535,P00499,1,train
D00783,P01141,0,train
D01536,P01142,0,train
D01537,P00124,1,train
D01538,P00298,0,train
D01401,P00270,0,train
D00255,P00294,1,train
D01539,P00197,1,train
D01540,P00663,1,train
D01541,P00078,1,train
D01259,P00258,0,train
D01542,P00414,1,train
D01543,P00733,0,train
D00429,P01143,0,train
D01544,P00504,1,train
D01545,P01144,0,train
D00130,P01145,1,train
D00691,P00363,1,train
D01358,P00811,1,train
D01546,P01146,0,train
D01547,P01041,1,train
D01514,P00484,1,train
D01548,P00731,0,train
D00012,P01147,1,train
D00109,P00667,0,train
D01549,P00081,0,train
D01550,P00124,1,train
D01377,P00169,1,train
D01551,P00467,0,train
D00545,P00428,0,train
D01552,P00359,1,train
D01553,P01056,1,train
D01554,P01148,1,train
D01555,P01149,0,train
D00349,P00155,1,train
D01463,P01150,0,train
D01556,P01151,0,train
D01557,P01152,1,train
D01558,P00951,0,train
D00061,P01153,0,train
D01559,P00108,0,train
D01560,P00913,0,train
D01561,P01154,0,train
D01562,P00124,1,train
D01563,P01155,0,train
D01564,P00042,1,train
D01040,P00449,0,train
D01565,P01028,0,train
D01566,P01156,0,train
D01567,P00476,1,train
D01044,P00751,0,train
D01568,P00673,0,train
D01569,P01157,0,train
D01236,P01158,1,train
D01570,P00024,0,train
D01571,P00543,0,train
D00731,P01159,1,train
D01572,P00662,0,train
D01573,P00152,1,train
D00925,P00425,1,train
D00959,P01160,1,train
D01574,P00496,0,train
D00178,P00351,1,train
D00614,P00022,0,train
D01575,P00314,0,train
D01576,P00557,1,train
D00174,P00389,1,train
D00151,P00809,1,train
D00246,P01010,0,train
D01577,P01161,0,train
D00650,P00905,1,train
D01578,P01162,1,train
D01579,P00314,1,train
D01580,P00717,0,train
D01581,P00105,1,train
D01182,P00401,1,train
D01582,P00044,1,train
D01583,P01163,1,train
D01302,P00056,1,train
D00159,P01094,0,train
D00385,P01164,0,train
D01584,P00511,0,train
D01585,P01165,0,train
D01586,P00864,0,train
D01587,P00291,0,train
D01588,P01166,0,train
D00103,P01167,1,train
D01589,P01168,0,train
D00643,P01169,1,train
D00290,P01170,0,train
D01521,P00063,1,train
D01590,P00065,0,train
D01591,P01171,1,train
D01592,P01172,0,train
D01593,P00130,1,train
D01594,P00289,1,train
D01159,P00001,0,train
D01595,P00268,0,train
D01596,P01173,0,train
D00809,P01112,0,train
D01597,P00241,1,train
D00383,P00182,0,train
D00417,P01174,1,train
D01598,P01175,0,train
D01599,P00425,0,train
D01600,P01176,0,train
D01446,P00205,0,train
D01601,P01177,0,train
D01602,P01178,1,train
D01603,P01179,0,train
D00636,P00871,1,train
D00270,P01027,0,train
D01474,P00770,0,train
D01254,P01180,0,train
D01604,P00428,0,train
D00627,P01181,0,train
D01605,P00063,0,train
D01606,P00298,1,train
D01607,P00360,0,train
D01608,P00993,0,train
D01609,P00562,1,train
D00722,P00982,0,train
D01610,P00309,1,train
D01048,P00078,1,train
D00848,P01182,0,train
D01611,P00666,1,train
D00290,P00169,1,train
D01612,P00870,0,train
D01613,P00747,0,train
D01614,P00768,1,train
D01615,P00044,0,train
D01616,P01183,0,train
D01617,P00474,1,train
D01576,P00124,1,train
D01618,P01125,0,train
D01619,P01184,1,train
D01620,P00981,0,train
D01621,P00155,1,train
D00532,P00739,0,train
D00478,P00124,1,train
D01622,P01185,0,train
D01623,P00733,0,train
D01624,P01186,0,train
D00340,P00614,1,train
D01625,P00155,1,train
D01626,P00594,0,train
D01627,P00171,1,train
D00603,P00354,1,train
D01628,P01187,0,train
D01629,P01066,0,train
D01137,P01188,0,train
D01630,P00382,1,train
D01631,P01189,0,train
D01632,P01190,0,train
D00944,P00124,1,train
D00620,P00159,0,train
D01633,P01191,0,train
D00758,P01192,0,train
D00033,P00444,0,train
D01634,P00324,1,train
D01635,P01193,0,train
D01129,P01086,1,train
D00208,P00124,1,train
D00560,P01194,0,train
D01636,P01195,0,train
D00179,P00506,1,train
D01270,P01196,0,train
D01637,P00063,1,train
D01264,P00635,1,train
D01638,P01197,0,train
D01639,P01198,0,train
D01640,P01199,0,train
D01641,P01200,0,train
D01642,P01201,0,train
D01643,P00582,1,train
D01644,P01202,1,train
D01630,P01191,0,train
D01645,P00297,1,train
D00219,P01203,0,train
D01646,P00921,0,train
D01647,P00548,1,train
D01648,P01000,0,train
D01101,P00012,1,train
D01649,P01204,0,train
D01650,P01205,0,train
D01651,P01206,0,train
D01652,P00306,0,train
D01653,P01207,0,train
D00824,P00157,1,train
D01654,P00959,1,train
D01655,P01208,1,train
D01656,P00178,0,train
D01017,P00078,1,train
D00597,P00847,1,train
D01657,P01209,0,train
D01411,P00965,0,train
D01658,P00058,0,train
D01659,P00150,0,train
D00546,P01210,0,train
D01660,P00234,1,train
D01661,P01171,0,train
D01649,P00762,0,train
D00816,P00260,0,train
D00222,P01211,1,train
D01662,P01212,0,train
D01663,P00418,1,train
D00993,P01080,1,train
D01213,P00169,1,train
D00828,P00316,1,train
D01664,P00665,0,train
D00959,P00287,1,train
D01665,P00049,1,train
D01666,P00171,1,train
D00014,P00634,1,train
D01667,P01213,0,train
D01055,P00155,1,train
D00146,P01214,0,train
D01668,P00095,0,train
D01669,P00065,1,train
D01009,P00928,1,train
D01430,P01215,0,train
D00838,P01216,0,train
D01670,P00237,0,train
D01671,P00975,1,train
D01672,P00055,1,train
D01673,P00940,0,train
D00103,P00663,1,train
D01674,P01217,0,train
D00691,P00227,1,train
D00184,P00710,0,train
D01419,P01218,0,train
D01675,P00455,0,train
D01676,P01219,0,train
D00925,P00124,1,train
D00208,P00502,1,train
D00655,P00156,1,train
D01677,P00378,1,train
D01428,P00489,1,train
D01678,P01220,1,train
D01679,P00422,1,train
D01680,P00851,1,train
D01061,P01221,0,train
D00008,P00227,1,train
D01681,P00221,0,train
D00300,P00155,1,train
D01682,P00633,0,train
D01287,P00262,1,train
D01683,P01222,0,train
D01684,P01092,1,train
D00993,P00974,0,train
D01685,P00114,0,train
D01686,P00905,1,train
D01687,P01223,0,train
D00145,P00583,1,train
D00532,P00731,1,train
D01065,P00124,1,train
D01063,P01224,1,train
D00025,P01225,1,train
D00777,P01226,0,train
D01688,P00248,0,train
D01689,P00509,1,train
D01690,P01227,0,train
D01691,P00152,0,train
D00214,P00085,1,train
D00741,P01228,1,train
D00457,P01229,0,train
D00769,P00227,1,train
D01692,P00124,1,train
D01450,P00292,0,train
D00636,P00789,0,train
D01693,P01230,0,train
D01694,P00502,0,train
D01695,P00985,0,train
D01133,P00522,1,train
D00875,P00689,1,train
D01696,P00115,1,train
D01697,P00042,0,train
D01698,P01231,0,train
D01699,P00809,1,train
D00411,P00389,0,train
D01400,P00121,0,train
D01700,P00049,1,train
D01281,P00786,0,train
D00705,P00263,0,train
D01701,P00141,0,train
D01702,P00938,1,train
D01703,P00960,0,train
D00103,P01232,1,train
D01704,P00812,0,train
D01329,P00665,0,train
D01705,P00152,1,train
D00456,P00124,1,train
D01706,P01233,1,train
D00263,P01185,0,train
D00306,P01234,0,train
D00398,P01235,1,train
D00305,P00356,1,train
D01707,P01225,0,train
D01264,P01236,1,train
D01708,P00334,1,train
D01709,P00604,1,train
D01710,P01237,0,train
D01711,P00056,1,train
D00063,P01092,0,train
D01374,P01118,1,train
D01712,P00854,0,train
D01713,P01191,0,train
D01714,P00931,0,train
D01064,P00124,0,train
D01140,P00063,1,train
D01715,P00702,1,train
D01716,P01238,0,train
D00291,P01239,0,train
D01717,P01240,0,train
D00545,P00016,1,train
D00455,P00454,1,train
D01718,P01075,1,train
D00100,P00552,1,train
D01719,P01024,0,train
D01720,P01118,0,train
D00169,P00378,1,train
D00878,P00259,0,train
D00607,P00072,1,train
D00385,P00124,1,train
D01721,P01241,0,train
D01722,P01242,0,train
D01723,P01243,1,train
D01724,P01244,0,train
D01486,P00203,1,train
D01725,P00425,1,train
D01726,P01245,0,train
D01727,P00057,0,train
D01728,P01227,0,train
D01729,P01246,0,train
D01730,P00568,0,train
D00950,P00099,1,train
D01731,P01247,0,train
D01732,P00382,1,train
D01455,P00469,1,train
D00385,P00197,1,train
D01310,P00316,1,train
D01733,P01248,0,train
D01734,P00065,1,train
D01735,P01163,1,train
D00417,P00921,0,train
D01736,P00957,1,train
D01201,P01092,1,train
D00344,P01249,1,train
D00871,P01250,1,train
D00879,P01251,0,train
D01737,P00835,1,train
D01738,P00124,1,train
D00987,P01252,1,train
D01739,P00454,0,train
D01740,P01076,1,train
D01741,P01253,0,train
D01742,P00575,1,train
D00035,P01254,1,train
D01743,P00566,1,train
D00432,P00509,1,train
D01744,P00664,0,train
D00985,P01255,0,train
D00022,P00044,1,train
D01745,P00124,1,train
D01079,P00113,1,train
D00290,P01211,1,train
D01746,P01256,0,train
D01747,P01257,1,train
D01468,P01258,1,train
D01748,P00679,0,train
D01749,P00258,1,train
D01750,P01134,0,train
D01378,P01231,0,train
D01105,P00378,1,train
D00014,P00630,1,train
D01751,P01259,0,train
D00339,P00703,0,train
D01534,P00044,1,train
D00626,P00156,1,train
D01327,P00283,0,train
D00247,P01260,1,train
D00254,P01261,0,train
D00425,P00092,1,train
D01699,P01241,1,train
D01752,P00049,1,train
D01753,P01023,0,train
D00022,P00049,1,train
D01754,P00506,1,train
D00284,P01262,0,train
D00318,P00375,1,train
D01755,P00306,0,train
D00041,P00056,1,train
D01756,P00028,0,train
D01162,P00351,1,train
D01757,P01263,0,train
D01758,P00483,1,train
D01607,P01044,0,train
D01759,P01264,1,train
D01760,P00169,1,train
D00324,P00258,1,train
D01761,P00591,1,train
D01762,P00488,1,train
D01763,P01203,0,train
D01764,P01265,1,train
D01765,P01266,0,train
D01766,P00006,0,train
D00591,P00681,1,train
D01527,P00115,1,train
D00130,P00912,1,train
D01767,P00152,1,train
D00950,P00169,1,train
D01768,P00702,1,train
D00141,P00302,1,train
D01769,P00600,0,train
D01770,P00886,0,train
D01771,P00023,1,train
D00434,P01267,1,train
D00007,P01268,0,train
D01772,P00626,0,train
D01773,P01269,0,train
D00863,P01270,1,train
D01660,P00601,1,train
D01285,P00438,0,train
D01774,P01037,0,train
D01170,P00468,1,train
D01775,P00334,1,train
D01776,P00002,0,train
D01777,P00974,0,train
D01740,P00234,1,train
D01249,P00065,1,train
D00385,P00171,1,train
D01778,P00503,0,train
D01779,P00615,0,train
D00691,P00161,1,train
D01780,P01271,0,train
D01781,P00065,1,train
D01302,P01272,0,train
D01782,P00121,0,train
D01783,P01219,0,train
D00470,P00440,0,train
D01784,P00131,0,train
D01315,P00400,0,train
D01601,P00378,1,train
D01260,P01080,1,train
D01785,P00229,1,train
D01079,P00340,1,train
D01786,P00955,0,train
D01787,P00735,0,train
D00365,P01273,0,train
D01252,P00847,1,train
D00869,P00669,1,train
D00671,P00623,0,train
D01788,P01274,0,train
D01789,P01275,0,train
D01790,P01088,1,train
D00670,P01173,0,train
D01301,P00129,0,train
D01791,P01276,0,train
D01792,P00295,0,train
D01793,P00124,1,train
D00917,P00199,1,train
D01016,P00461,1,train
D01794,P00969,1,train
D01795,P00946,1,train
D01777,P01277,0,train
D01796,P01146,0,train
D01797,P01278,0,train
D01417,P00078,1,train
D00662,P00156,0,train
D01798,P01279,1,train
D00425,P00401,1,train
D01799,P00124,1,train
D01173,P01264,0,train
D01800,P00369,0,train
D01067,P01174,0,train
D01167,P00049,1,train
D01801,P00227,0,train
D00524,P01280,1,train
D01802,P00366,0,train
D01586,P01281,1,train
D00464,P00235,0,train
D01803,P00208,1,train
D00689,P00232,1,train
D01191,P00166,1,train
D00228,P01015,1,train
D01804,P00904,0,train
D01805,P01282,0,train
D01806,P01283,1,train
D00504,P00155,1,train
D01807,P00405,0,train
D00815,P01284,0,train
D01808,P00830,1,train
D00648,P01285,0,train
D01809,P01286,1,train
D01810,P01287,0,train
D01466,P01288,1,train
D01811,P00531,1,train
D01528,P01242,0,train
D01812,P01289,1,train
D01813,P01081,1,train
D01132,P00723,1,train
D01814,P00612,0,train
D01815,P00203,1,train
D01816,P01135,0,train
D01817,P00840,0,train
D01359,P00740,1,train
D01818,P00378,1,train
D01819,P01290,0,train
D00618,P00158,1,train
D01582,P00448,1,train
D01820,P01090,0,train
D01821,P01291,0,train
D01217,P01292,0,train
D00577,P01293,1,train
D01822,P00951,0,train
D01823,P01294,0,train
D01824,P00218,0,train
D00539,P01295,1,train
D00136,P00375,1,train
D01825,P01296,0,train
D00590,P00049,1,train
D01826,P01250,0,train
D01827,P00197,1,train
D00876,P00265,0,train
D00416,P00078,1,train
D00645,P01297,0,train
D00452,P00640,0,train
D01828,P00424,0,train
D01829,P01298,1,train
D01468,P01075,1,train
D00730,P00148,1,train
D01830,P00158,1,train
D01831,P00461,0,train
D01832,P00199,1,train
D00616,P00220,1,train
D01833,P00233,0,train
D00043,P00049,1,train
D00349,P00324,1,train
D01834,P01003,0,train
D01835,P00152,1,train
D01836,P00198,0,train
D01837,P01299,0,train
D01838,P00866,0,train
D00132,P01300,0,train
D00216,P00807,1,train
D00863,P00333,1,train
D01830,P00506,1,train
D00718,P01211,1,train
D01839,P00858,1,train
D01840,P00434,0,train
D01822,P00526,1,train
D01841,P00314,1,train
D01842,P00296,0,train
D01843,P01036,1,train
D01844,P00771,1,train
D01845,P00967,0,train
D01846,P00170,1,train
D01847,P00614,0,train
D01247,P01301,0,train
D01471,P01302,1,train
D01848,P00945,1,train
D00539,P01028,0,train
D01849,P01147,1,train
D01850,P01303,1,train
D00291,P00169,1,train
D00033,P00390,0,train
D00894,P01304,1,train
D01851,P01305,0,train
D01529,P00243,1,train
D00460,P00124,1,train
D01852,P00156,1,train
D01853,P00129,0,train
D00720,P01306,0,train
D01854,P00171,1,train
D01855,P00314,1,train
D01856,P01259,0,train
D01857,P00241,0,train
D01858,P00862,0,train
D01329,P01307,0,train
D01830,P00377,1,train
D01859,P00056,1,train
D01617,P01262,1,train
D01860,P00502,1,train
D00514,P00063,1,train
D00332,P00155,1,train
D01499,P00022,1,train
D01861,P01308,0,train
D00482,P01309,1,train
D00300,P00174,1,train
D01862,P00758,0,train
D01863,P00923,0,train
D00341,P00951,0,train
D01864,P00582,1,train
D01700,P01310,0,train
D01865,P01311,0,train
D00385,P00912,1,train
D00260,P00072,1,train
D01866,P00733,0,train
D01867,P01312,0,train
D00505,P00232,1,train
D01868,P00410,0,train
D00300,P00985,1,train
D01869,P00056,1,train
D00142,P01313,0,train
D01870,P01314,0,train
D00920,P00448,1,train
D00136,P00072,1,train
D01871,P00209,1,train
D01754,P00385,1,train
D00822,P00488,1,train
D01872,P00210,1,train
D01873,P01279,0,train
D01233,P01315,1,train
D01874,P00324,1,train
D01875,P00304,1,train
D01876,P00003,1,train
D01877,P00757,0,train
D01878,P01316,0,train
D01579,P01317,0,train
D01879,P01318,0,train
D01880,P00078,1,train
D01056,P00356,1,train
D01881,P01319,0,train
D01408,P01071,0,train
D01882,P01275,0,train
D00105,P01320,1,train
D00944,P00871,1,train
D00014,P00371,1,train
D01883,P00428,0,train
D01884,P01030,0,train
D01885,P00115,1,train
D01886,P01321,0,train
D01887,P00023,1,train
D01888,P01322,0,train
D01889,P01180,0,train
D00330,P00070,1,train
D01468,P00593,1,train
D01890,P01323,0,train
D01891,P00635,0,train
D00918,P00249,0,train
D01892,P00048,0,train
D00416,P00072,1,train
D00670,P00269,1,train
D01790,P01324,0,train
D01893,P01325,1,train
D01894,P01326,1,train
D00508,P00794,0,train
D00072,P00377,1,train
D01895,P01327,1,train
D01486,P00557,1,train
D01896,P00431,1,train
D00255,P00131,1,train
D01897,P00047,1,train
D01898,P01328,1,train
D00288,P00146,1,train
D00099,P01329,0,train
D00618,P01330,0,train
D01899,P01331,1,train
D01527,P00158,1,train
D01283,P00886,0,train
D00679,P01332,0,train
D00665,P00663,1,train
D01841,P00049,1,train
D01399,P01333,1,train
D01900,P01101,0,train
D01378,P00175,0,train
D00726,P01177,0,train
D01901,P00995,1,train
D00524,P01334,1,train
D01902,P00181,1,train
D01903,P01335,0,train
D01904,P01336,0,train
D00818,P01337,0,train
D00890,P01338,0,train
D01412,P00146,1,train
D01677,P01185,0,train
D00255,P00056,1,train
D01905,P00189,1,train
D00534,P00461,1,train
D00858,P00517,1,train
D01906,P00373,1,train
D00412,P01339,1,train
D00304,P01340,0,train
D01907,P00565,1,train
D01908,P01341,0,train
D00910,P00315,1,train
D01237,P00227,1,train
D01909,P01342,0,train
D01910,P00124,1,train
D01289,P00169,1,train
D01464,P00049,1,train
D01911,P01343,1,train
D01912,P00560,1,train
D01913,P00232,0,train
D01914,P00969,1,train
D01063,P01315,1,train
D00459,P01344,0,train
D01915,P00575,0,train
D01916,P01345,0,train
D01001,P01311,0,train
D00222,P00412,0,train
D01917,P01346,0,train
D01918,P00528,1,train
D01919,P01004,0,train
D01920,P00130,1,train
D01921,P00063,1,train
D01922,P01347,0,train
D01923,P00865,1,train
D01924,P01348,0,train
D00057,P00323,1,train
D01660,P00347,1,train
D01925,P00850,1,train
D01926,P00726,0,train
D00105,P00005,1,train
D01927,P00115,1,train
D01928,P01349,0,train
D01929,P01313,0,train
D00148,P00342,0,train
D01930,P00871,0,train
D01931,P00044,0,train
D00204,P00324,1,train
D00457,P01103,0,train
D00811,P01350,0,train
D00330,P01281,0,train
D01932,P01351,0,train
D00910,P00151,0,train
D01933,P00056,1,train
D01934,P01352,1,train
D01781,P00169,1,train
D00288,P00134,1,train
D01351,P00090,0,train
D00550,P00804,0,train
D01935,P00401,1,train
D01936,P00417,0,train
D01937,P00894,1,train
D01938,P01353,1,train
D00566,P01244,0,train
D00968,P00905,1,train
D01827,P00264,1,train
D01939,P01354,0,train
D00855,P00124,1,train
D01940,P01156,1,train
D01426,P00509,1,train
D01941,P00170,1,train
D01942,P01008,0,train
D01943,P00019,1,train
D01944,P00567,1,train
D01945,P01355,0,train
D00754,P00124,1,train
D00306,P00871,1,train
D01946,P01356,0,train
D01947,P01074,0,train
D00921,P00314,0,train
D01948,P00447,0,train
D01949,P00305,0,train
D00879,P00334,1,train
D01950,P00651,0,train
D01917,P00889,0,train
D00598,P00146,1,train
D01734,P00012,1,train
D00043,P00377,1,train
D00034,P00169,1,train
D01951,P01056,1,train
D01952,P01020,0,train
D01953,P01357,0,train
D01389,P01358,0,train
D00341,P00056,1,train
D00892,P00169,1,train
D01954,P00124,1,train
D01578,P00231,0,train
D01871,P00131,1,train
D01079,P01359,1,train
D00528,P01360,0,train
D01699,P00309,1,train
D01955,P01361,0,train
D01956,P00341,0,train
D01738,P00292,0,train
D01957,P00040,1,train
D01958,P01362,1,train
D01959,P01363,0,train
D01960,P00465,1,train
D01572,P00022,1,train
D01452,P00229,1,train
D01961,P00919,0,train
D01962,P01272,0,train
D01963,P01183,0,train
D00102,P00044,1,train
D00288,P01364,1,train
D00944,P00049,1,train
D01964,P00711,0,train
D00795,P00078,1,train
D00718,P01244,0,train
D01238,P01129,0,train
D01965,P01365,1,train
D00127,P01366,0,train
D01966,P00461,1,train
D01967,P00688,0,train
D01735,P00461,1,train
D01968,P00939,0,train
D01969,P01367,0,train
D01885,P01368,0,train
D01970,P01133,1,train
D01971,P00694,0,train
D01972,P00040,1,train
D01973,P01369,0,train
D01974,P00579,1,train
D00315,P01370,0,train
D01394,P00472,0,train
D01975,P01243,0,train
D00935,P00124,1,train
D01976,P01360,0,train
D01376,P00748,1,train
D01776,P01121,0,train
D01977,P01363,0,train
D01929,P00023,0,train
D01282,P01371,1,train
D01544,P01372,0,train
D01978,P01373,0,train
D00592,P01170,0,train
D00512,P00146,1,train
D01979,P01374,0,train
D01980,P01375,0,train
D01981,P00181,1,train
D01462,P00063,1,train
D01982,P01342,0,train
D00260,P00124,1,train
D01706,P00040,1,train
D00726,P00837,0,train
D01227,P00734,1,train
D00204,P00040,1,train
D01983,P01376,0,train
D01984,P00155,1,train
D01985,P00139,0,train
D00140,P00065,1,train
D01069,P00793,0,train
D00761,P00040,1,train
D00572,P00142,1,train
D01986,P01181,0,train
D00668,P00787,1,train
D00121,P00085,1,train
D01987,P01199,0,train
D01988,P00707,0,train
D00276,P00155,1,train
D00850,P01377,1,train
D01933,P00789,0,train
D01712,P01019,1,train
D01989,P01378,1,train
D01990,P01379,0,train
D01991,P01202,1,train
D01992,P00359,1,train
D01052,P01380,0,train
D01993,P01381,0,train
D01994,P01382,0,train
D01995,P00833,0,train
D00973,P01383,1,train
D01996,P00425,1,train
D00110,P00021,1,train
D01997,P00155,1,train
D01998,P00726,1,train
D00378,P01384,1,train
D00364,P00304,0,train
D00502,P00831,0,train
D01999,P01385,0,train
D00874,P00261,1,train
D01955,P01260,0,train
D00051,P01203,1,train
D01878,P01386,0,train
D01775,P00944,1,train
D00879,P00426,1,train
D00828,P01387,1,train
D02000,P01388,0,train
D02001,P01104,0,train
D00505,P00092,1,train
D02002,P00383,0,train
D00288,P00358,1,train
D00949,P00063,1,train
D01352,P01081,1,train
D00622,P01389,1,train
D01792,P01390,0,train
D00790,P00332,1,train
D02003,P00808,0,train
D02004,P00613,0,train
D02005,P01240,1,train
D02006,P00887,0,train
D00731,P01391,1,train
D02007,P00544,0,train
D01855,P00056,1,train
D02008,P00768,0,train
D01075,P01006,1,train
D02009,P00033,0,train
D00023,P00169,1,train
D01468,P00705,1,train
D02010,P00189,1,train
D00892,P00229,1,train
D01288,P01392,0,train
D02011,P00886,1,train
D02012,P00152,1,train
D02013,P01393,0,train
D02014,P00223,0,train
D02015,P01394,0,train
D00432,P00933,1,train
D00568,P01395,1,train
D02016,P01396,0,train
D02017,P00394,0,train
D02018,P01053,0,train
D00249,P00169,1,train
D02019,P00378,1,train
D00771,P00982,0,train
D02020,P00054,1,train
D02021,P00289,1,train
D01880,P00484,0,train
D00430,P01397,1,train
D02022,P00692,0,train
D00051,P00776,1,train
D01518,P00791,0,train
D02023,P00406,1,train
D00305,P00943,0,train
D01717,P00206,1,train
D00428,P00502,1,train
D01469,P00171,1,train
D01202,P00375,1,train
D02024,P00930,0,train
D00991,P01280,0,train
D01140,P00208,1,train
D00722,P01396,0,train
D01113,P00871,1,train
D02025,P01398,0,train
D02026,P01399,0,train
D02027,P01400,1,train
D01431,P01401,0,train
D02028,P00088,0,train
D02029,P00980,0,train
D00508,P00065,1,train
D00019,P00115,1,train
D00341,P00269,1,train
D00394,P00728,0,train
D02030,P00046,0,train
D02031,P01402,0,train
D00021,P00929,0,train
D00208,P00807,1,train
D00216,P01303,0,train
D01365,P00049,1,train
D02032,P00550,0,train
D00508,P00456,1,train
D02033,P01403,0,train
D02034,P01404,0,train
D01780,P00851,1,train
D01609,P01203,1,train
D01326,P00234,1,train
D01272,P01228,0,train
D02035,P00070,1,train
D00473,P00169,1,train
D00274,P00012,1,train
D01511,P01206,1,train
D00305,P00807,1,train
D02036,P01284,0,train
D00548,P01405,0,train
D02037,P01406,0,train
D00060,P01358,0,train
D00204,P00329,1,train
D02038,P00083,1,train
D01362,P00155,1,train
D02039,P00385,0,train
D02040,P00199,1,train
D00092,P00155,1,train
D00324,P00375,1,train
D00732,P00135,1,train
D02041,P01407,0,train
D02042,P00817,0,train
D02043,P00370,1,train
D00191,P00049,1,train
D02044,P00029,1,train
D02045,P00662,0,train
D00376,P01321,1,train
D02046,P01408,0,train
D02047,P00111,1,train
D01557,P00738,0,train
D02048,P01409,0,train
D00023,P00373,1,train
D00781,P01410,0,train
D02049,P00258,1,train
D00626,P00557,1,train
D02050,P00692,0,train
D00166,P00603,1,train
D02051,P00022,1,train
D01958,P01411,1,train
D02052,P00283,1,train
D00140,P00146,1,train
D00660,P00521,0,train
D02053,P01364,1,train
D00178,P00072,1,train
D02054,P01097,0,train
D01617,P01412,1,train
D02055,P00289,1,train
D00308,P01092,0,train
D00178,P00229,1,train
D02056,P00964,0,train
D02057,P00083,0,train
D02058,P01042,0,train
D02059,P00107,1,train
D02060,P00971,1,train
D02061,P01413,0,train
D02062,P01414,0,train
D02063,P00261,0,train
D00313,P01415,1,train
D02064,P01416,0,train
D01297,P00213,1,train
D02065,P01366,0,train
D00505,P01116,1,train
D02066,P00334,1,train
D02067,P01417,1,train
D01142,P00210,1,train
D00745,P00597,0,train
D00676,P00863,1,train
D02068,P00054,1,train
D01424,P00115,1,train
D01486,P00124,1,train
D02069,P01418,1,train
D02070,P01419,0,train
D00375,P00065,1,train
D00750,P01420,0,train
D02071,P01421,0,train
D01793,P00049,1,train
D01541,P01422,0,train
D00329,P01423,0,train
D02072,P01424,0,train
D02073,P00839,1,train
D00883,P00373,1,train
D02074,P00575,0,train
D01846,P00314,1,train
D02075,P01266,0,train
D02076,P00211,0,train
D02077,P00124,1,train
D01084,P00605,0,train
D02078,P01425,0,train
D02079,P00449,1,train
D02080,P00380,0,train
D02081,P01065,0,train
D00083,P01251,0,train
D01554,P00056,1,train
D00805,P00258,1,train
D01886,P01426,0,train
D02082,P01040,0,train
D02083,P01427,1,train
D01264,P00341,1,train
D02084,P00640,1,train
D02085,P00425,0,train
D00598,P00377,1,train
D01417,P00155,1,train
D02086,P00153,0,train
D02087,P00821,1,train
D00140,P00158,1,train
D00334,P01428,0,train
D02066,P00414,0,train
D02088,P00743,1,train
D01574,P01429,1,train
D02089,P00256,0,train
D02090,P00710,0,train
D01144,P01120,1,train
D01448,P01430,1,train
D02091,P00604,0,train
D00182,P00326,1,train
D02092,P00806,0,train
D00939,P01039,1,train
D01009,P00249,1,train
D02093,P01431,0,train
D01029,P00316,1,train
D00212,P01432,0,train
D02094,P01433,1,train
D02095,P01434,0,train
D02050,P01302,0,train
D02096,P00623,1,train
D01937,P00818,1,train
D02097,P01435,1,train
D02098,P01436,0,train
D01044,P01437,1,train
D02099,P01342,0,train
D01236,P00461,1,train
D02100,P00379,1,train
D02101,P00692,1,train
D02102,P01180,0,train
D01194,P00348,1,train
D01158,P00283,1,train
D02103,P00022,1,train
D01504,P00072,1,train
D02104,P00793,0,train
D01702,P00326,1,train
D02105,P00652,1,train
D00944,P00809,1,train
D02106,P01438,0,train
D02107,P00414,1,train
D00591,P00008,1,train
D00852,P00170,1,train
D01308,P00556,0,train
D02108,P00731,1,train
D00577,P01222,1,train
D02109,P00382,1,train
D00769,P00871,1,train
D02110,P00962,0,train
D02111,P00646,0,train
D01154,P00042,1,train
D02014,P01439,0,train
D02112,P01440,0,train
D02113,P00017,1,train
D01152,P00535,0,train
D02114,P01441,0,train
D02115,P00998,1,train
D00264,P00604,1,train
D02116,P00056,1,train
D02117,P01442,0,train
D01823,P01443,0,train
D01593,P01444,0,train
D01483,P01425,1,train
D01334,P00173,0,train
D02118,P00488,1,train
D02119,P01321,0,train
D02120,P00012,1,train
D00483,P00056,1,train
D00220,P01445,0,train
D02121,P00142,1,train
D00607,P00155,1,train
D01236,P01446,1,train
D02122,P00591,1,train
D01627,P01198,0,train
D02123,P01447,1,train
D00167,P01448,0,train
D00969,P00486,0,train
D00150,P01449,1,train
D02106,P00113,0,train
D01932,P01291,0,train
D02124,P01450,0,train
D02125,P00250,1,train
D00641,P00136,0,train
D02126,P00909,0,train
D01927,P00499,0,train
D00607,P00016,1,train
D00520,P01451,0,train
D01218,P00124,1,train
D02127,P01452,1,train
D00970,P00185,0,train
D00451,P00370,0,train
D01754,P00220,1,train
D02116,P00155,1,train
D02128,P00604,1,train
D01851,P00056,1,train
D02129,P00723,1,train
D02130,P00324,1,train
D00756,P01453,0,train
D02131,P00654,1,train
D00689,P01080,0,train
D01768,P01454,0,train
D02132,P01255,0,train
D01311,P01455,0,train
D02133,P01258,0,train
D00870,P01421,0,train
D01878,P00324,1,train
D02134,P00124,1,train
D01936,P01456,0,train
D00013,P01457,0,train
D01063,P01053,1,train
D02135,P01342,0,train
D02136,P00249,1,train
D02137,P00469,1,train
D02138,P00540,0,train
D02139,P01295,1,train
D02140,P01411,0,train
D02141,P01148,0,train
D01861,P00363,0,train
D00958,P00870,0,train
D00449,P01458,1,train
D01196,P01459,0,train
D02142,P01072,0,train
D02143,P01460,0,train
D00417,P00797,1,train
D02144,P01461,0,train
D02145,P00314,0,train
D02146,P00952,0,train
D01888,P00721,1,train
D01479,P01462,1,train
D01092,P01463,0,train
D01538,P00809,1,train
D02147,P00626,0,train
D02148,P00655,1,train
D01325,P00078,1,train
D01481,P01464,0,train
D01729,P01365,1,train
D00949,P00065,1,train
D00647,P01465,0,train
D01344,P00371,0,train
D02149,P00171,1,train
D02150,P00250,0,train
D02151,P01087,1,train
D02152,P00098,0,train
D02153,P00256,0,train
D00731,P01143,1,train
D00248,P00323,0,train
D02154,P00528,1,train
D00508,P00169,1,train
D00384,P00448,1,train
D01405,P01466,0,train
D00949,P00044,1,train
D01249,P00012,1,train
D01624,P01450,0,train
D01985,P00997,1,train
D02155,P01467,1,train
D00925,P00448,1,train
D02156,P01172,1,train
D01337,P00783,1,train
D01934,P00988,0,train
D01001,P00509,1,train
D02157,P01468,0,train
D00327,P00156,1,train
D02158,P01045,1,train
D00560,P01162,0,train
D00251,P00258,1,train
D02159,P01395,0,train
D00728,P01149,0,train
D02160,P00124,1,train
D02161,P01469,0,train
D02162,P00083,1,train
D02163,P01470,0,train
D02164,P01264,1,train
D02165,P00831,1,train
D00174,P00155,1,train
D01803,P00063,1,train
D00419,P00334,1,train
D00992,P01471,0,train
D01484,P00044,1,train
D00163,P00063,1,train
D01022,P01472,1,train
D00729,P00146,1,train
D02166,P01043,0,train
D02167,P00847,1,train
D00993,P00441,1,train
D00737,P00817,0,train
D02168,P01473,0,train
D00973,P01331,1,train
D02169,P00424,1,train
D00398,P00425,1,train
D02170,P00256,0,train
D01178,P00385,1,train
D02171,P01474,0,train
D02172,P01024,1,train
D02173,P00382,1,train
D02174,P00513,0,train
D02020,P01475,0,train
D00377,P00944,1,train
D02175,P00377,1,train
D01378,P01476,0,train
D02128,P00293,1,train
D02176,P00448,1,train
D00133,P00155,1,train
D00182,P01477,0,train
D00126,P00274,0,train
D00564,P01478,0,train
D02177,P01479,1,train
D02178,P00817,0,train
D01662,P00259,1,train
D00642,P00385,1,train
D02179,P00113,0,train
D01641,P01330,1,train
D02180,P00169,1,train
D02002,P00644,0,train
D00731,P01377,1,train
D01048,P01006,1,train
D00911,P01262,1,train
D01452,P00448,1,train
D02181,P00394,0,train
D01078,P00206,0,train
D02182,P00128,1,train
D00984,P00002,1,train
D00208,P01480,1,train
D02183,P00853,0,train
D00170,P01274,0,train
D01807,P00176,0,train
D02184,P01481,0,train
D02185,P01298,0,train
D02186,P00052,1,train
D02187,P01442,0,train
D00396,P01482,0,train
D00570,P00744,1,train
D00599,P01230,1,train
D01574,P01483,0,train
D02188,P00311,0,train
D00549,P01484,0,train
D02189,P00552,0,train
D02190,P01485,0,train
D02191,P01486,0,train
D00316,P01487,0,train
D00774,P00065,1,train
D00822,P00470,0,train
D02192,P01056,0,train
D02193,P00370,1,train
D00111,P00461,1,train
D01264,P01488,1,train
D02194,P01489,0,train
D01585,P00710,0,train
D01009,P01262,1,train
D02195,P01339,0,train
D02196,P00911,1,train
D00589,P00399,0,train
D00173,P00169,1,train
D00509,P00900,1,train
D01861,P00130,1,train
D00591,P00871,1,train
D02197,P01247,0,train
D00229,P00109,1,train
D00360,P01490,0,train
D02198,P00378,1,train
D00291,P01056,1,train
D01661,P01125,1,train
D02199,P00784,0,train
D02200,P01018,1,train
D02201,P00007,1,train
D02202,P00316,1,train
D00984,P01491,1,train
D00848,P00827,0,train
D02203,P00878,0,train
D00110,P00936,1,train
D02204,P01492,0,train
D02205,P00283,0,train
D01472,P00970,0,train
D02206,P00860,0,train
D02207,P00889,0,train
D00014,P00284,1,train
D02208,P01312,0,train
D02209,P01493,1,train
D02210,P00912,0,train
D01921,P00890,0,train
D02211,P00184,1,train
D02212,P00034,0,train
D02213,P01093,0,train
D02214,P01106,0,train
D01507,P01494,0,train
D01049,P01495,1,train
D01697,P01065,0,train
D01910,P00078,1,train
D01507,P00161,1,train
D01468,P00306,1,train
D02215,P01336,0,train
D00504,P00348,1,train
D02216,P01496,0,train
D02217,P01282,0,train
D02215,P00259,1,train
D02218,P00034,1,train
D01919,P01014,0,train
D01465,P00601,1,train
D00586,P00049,1,train
D02219,P00535,0,train
D00083,P01497,0,train
D02041,P01498,0,train
D00565,P01227,0,train
D01177,P01330,1,train
D01046,P00975,0,train
D01085,P01499,0,train
D00133,P00012,1,train
D02220,P00078,1,train
D01561,P00548,1,train
D02221,P01500,0,train
D02222,P01350,0,train
D00181,P00626,0,train
D02223,P00142,1,train
D01158,P00532,1,train
D01346,P01501,1,train
D02224,P00058,0,train
D02225,P00316,1,train
D00665,P01359,0,train
D00035,P00141,1,train
D00255,P00227,1,train
D02226,P00356,0,train
D02227,P01502,0,train
D00752,P01503,0,train
D02220,P00130,1,train
D02228,P00669,1,train
D00664,P00155,1,train
D02229,P00695,0,train
D02230,P00865,1,train
D00618,P01241,1,train
D01792,P00565,1,train
D00042,P00808,0,train
D02231,P00569,1,train
D00449,P01215,1,train
D01140,P00351,1,train
D01176,P00314,1,train
D01700,P00849,0,train
D00105,P01504,1,train
D01284,P00788,1,train
D01830,P00008,1,train
D01356,P00258,1,train
D02232,P00609,0,train
D02233,P01429,0,train
D02234,P01316,0,train
D00072,P00975,1,train
D02235,P00101,0,train
D02236,P00728,0,train
D02237,P00259,0,train
D00419,P01375,0,train
D02238,P00558,0,train
D02239,P00643,0,train
D00513,P01297,0,train
D02240,P00944,1,train
D02241,P00412,0,train
D02242,P01505,0,train
D00054,P01403,1,train
D02243,P00358,1,train
D02081,P00947,0,train
D00237,P00163,0,train
D02244,P01368,0,train
D00614,P00217,1,train
D01982,P00075,0,train
D02245,P01139,0,train
D00430,P00124,1,train
D00460,P01420,1,train
D00726,P00124,1,train
D01938,P00779,1,train
D02246,P00959,1,train
D02247,P01506,0,train
D02248,P00041,0,train
D01951,P00389,1,train
D01464,P00044,1,train
D01444,P01507,1,train
D02112,P01508,0,train
D00559,P01509,0,train
D00019,P00737,1,train
D00508,P00946,1,train
D02249,P01016,0,train
D00166,P00363,1,train
D02250,P01321,0,train
D01004,P00751,0,train
D02251,P00044,1,train
D00512,P00363,1,train
D00863,P00049,1,train
D01634,P01165,0,train
D02252,P00171,1,train
D02253,P00425,1,train
D02254,P00993,0,train
D00870,P00739,1,train
D02023,P01330,1,train
D00774,P00056,1,train
D02255,P01303,0,train
D00971,P00469,1,train
D00598,P00008,1,train
D00621,P00049,1,train
D02113,P01510,1,train
D00566,P01511,0,train
D00746,P01318,0,train
D02256,P00528,0,train
D00306,P00158,1,train
D00108,P00316,1,train
D00570,P00885,0,train
D01469,P01017,0,train
D01851,P00208,1,train
D02023,P01283,0,train
D01522,P00189,1,train
D01330,P01512,1,train
D02257,P01070,0,train
D02258,P00507,0,train
D00099,P00448,1,train
D00959,P01461,1,train
D02259,P00579,1,train
D02187,P00142,1,train
D00864,P00642,1,train
D00187,P01084,0,train
D01285,P00124,1,train
D01106,P00684,0,train
D00327,P00324,1,train
D02260,P01513,0,train
D01352,P00847,1,train
D02261,P00169,1,train
D00202,P00584,0,train
D02262,P01514,0,train
D02197,P01400,1,train
D00581,P00124,1,train
D00865,P00537,0,train
D02263,P00129,1,train
D01401,P00072,1,train
D01725,P00063,1,train
D02009,P01163,0,train
D00993,P00115,1,train
D01040,P00124,1,train
D02004,P00685,0,train
D00978,P00124,1,train
D00681,P00054,1,train
D00487,P00230,0,train
D00306,P00161,1,train
D02264,P00688,0,train
D02265,P00070,0,train
D00409,P01216,0,train
D02266,P00337,1,train
D02267,P01253,0,train
D02268,P01515,0,train
D00101,P00130,1,train
D00290,P00600,0,train
D02269,P00040,1,train
D00864,P00985,1,train
D02270,P01516,0,train
D02271,P01517,0,train
D00324,P00351,1,train
D02272,P01005,1,train
D02273,P00552,1,train
D02274,P01518,0,train
D02275,P00065,1,train
D02276,P00347,0,train
D02277,P01519,1,train
D00411,P01297,0,train
D01468,P00850,1,train
D01016,P01150,0,train
D02278,P01520,0,train
D02279,P00124,1,train
D02222,P01330,1,train
D02280,P01521,0,train
D01339,P00577,0,train
D02281,P00243,1,train
D02282,P01522,0,train
D00582,P00485,0,train
D02272,P00910,0,train
D02283,P00226,1,train
D01790,P01523,1,train
D00643,P00828,1,train
D02284,P00540,0,train
D00139,P00479,1,train
D02285,P00485,1,train
D00404,P00043,0,train
D00409,P00911,1,train
D02286,P00293,1,train
D01305,P00142,1,train
D00261,P00794,0,train
D01610,P00506,1,train
D00388,P00163,0,train
D01811,P01524,1,train
D02260,P01340,0,train
D02287,P00131,1,train
D00548,P01525,0,train
D00305,P00220,1,train
D02288,P00723,1,train
D00195,P00078,1,train
D00321,P01516,1,train
D00059,P00461,1,train
D02207,P01526,0,train
D00100,P00290,0,train
D02289,P00420,0,train
D00167,P01527,0,train
D02130,P00502,1,train
D02290,P00142,1,train
D02291,P01528,0,train
D02292,P01529,0,train
D02293,P00240,1,train
D00899,P01530,0,train
D01282,P00049,1,train
D02294,P01531,0,train
D00102,P00274,1,train
D00014,P00228,1,train
D02295,P01532,1,train
D02296,P00736,0,train
D01501,P00313,0,train
D00462,P00124,1,train
D00092,P00373,1,train
D00997,P00640,0,train
D01726,P00220,0,train
D02297,P01533,0,train
D01729,P01522,1,train
D00614,P01002,1,train
D00313,P00049,1,train
D02298,P01534,1,train
D00066,P01535,0,train
D02299,P00378,1,train
D02300,P00932,0,train
D00312,P01536,1,train
D02301,P00381,0,train
D02176,P00309,1,train
D02302,P01537,0,train
D01652,P01538,1,train
D02303,P01539,0,train
D00346,P00199,1,train
D00927,P00620,0,train
D02304,P00073,0,train
D02305,P01114,0,train
D02306,P01160,0,train
D00913,P01540,1,train
D01652,P01541,0,train
D00305,P00208,1,train
D00029,P01542,0,train
D02307,P01543,0,train
D01464,P01544,0,train
D01197,P00644,1,train
D00524,P01545,1,train
D01264,P01014,1,train
D01230,P01546,0,train
D02308,P00998,0,train
D00485,P00505,0,train
D00215,P00400,0,train
D02309,P01547,0,train
D02310,P01548,0,train
D00006,P01549,0,train
D02311,P00650,0,train
D00524,P01550,1,train
D01335,P00146,0,train
D00300,P00115,1,train
D02312,P00723,1,train
D02313,P01551,0,train
D00186,P01552,0,train
D02305,P00085,1,train
D00655,P01175,0,train
D02314,P01553,0,train
D01991,P01419,0,train
D02315,P00349,0,train
D02316,P00181,0,train
D02317,P01554,0,train
D01129,P00078,1,train
D01231,P00323,1,train
D01119,P01043,0,train
D00512,P00008,1,train
D00309,P01555,0,train
D01586,P01556,1,train
D02318,P00142,1,train
D02319,P01335,0,train
D01721,P00026,0,train
D02221,P01517,0,train
D02320,P00448,0,train
D00771,P00208,1,train
D00603,P00664,1,train
D02321,P00727,1,train
D02322,P00367,1,train
D02323,P01557,0,train
D02324,P01146,0,train
D00051,P00391,1,train
D01503,P00107,1,train
D00324,P00601,1,train
D02325,P00787,0,train
D01500,P00448,1,train
D02145,P00040,1,train
D02326,P00128,1,train
D00618,P00049,1,train
D00973,P00794,1,train
D02327,P00955,0,train
D00183,P01558,0,train
D02328,P00687,0,train
D02329,P00378,1,train
D02330,P01559,0,train
D00302,P00723,1,train
D02331,P01560,1,train
D00984,P00532,1,train
D02070,P01561,0,train
D02332,P00237,0,train
D02333,P01236,0,train
D02334,P01415,0,train
D02335,P01562,0,train
D02336,P00147,1,train
D02337,P00258,1,train
D02338,P01563,0,train
D02339,P00687,1,train
D02340,P00263,0,train
D01563,P01450,0,train
D02341,P01561,0,train
D01730,P00905,0,train
D02342,P01564,0,train
D02194,P00425,1,train
D00636,P00135,1,train
D02250,P01518,1,train
D00460,P00601,1,train
D00694,P00604,1,train
D01953,P00901,0,train
D02115,P01565,1,train
D00050,P00648,0,train
D01269,P00581,1,train
D02343,P00112,0,train
D01401,P00324,1,train
D01859,P00078,1,train
D02344,P01254,1,train
D01091,P00860,0,train
D02122,P01566,0,train
D02345,P00283,1,train
D02346,P00287,1,train
D00167,P00130,1,train
D00547,P00685,0,train
D02347,P00008,0,train
D00059,P00525,0,train
D02348,P00969,0,train
D02349,P01497,0,train
D01414,P01567,0,train
D00327,P00092,1,train
D00548,P01015,1,train
D01439,P00811,0,train
D01210,P00375,1,train
D00295,P01568,0,train
D02350,P00552,0,train
D01082,P01569,1,train
D02351,P01570,0,train
D01871,P01079,0,train
D02352,P01322,0,train
D00412,P00056,1,train
D02353,P00088,0,train
D01806,P01571,1,train
D00179,P00008,1,train
D00477,P01572,0,train
D00124,P00666,1,train
D00590,P00063,1,train
D02354,P01084,1,train
D02355,P00375,0,train
D02356,P00865,1,train
D01452,P00454,1,train
D02357,P00293,1,train
D02237,P00199,1,train
D00556,P00841,0,train
D02358,P01095,0,train
D02359,P01152,1,train
D00343,P00205,0,train
D02005,P01111,0,train
D00089,P01447,0,train
D02360,P00452,0,train
D02361,P00688,0,train
D00020,P00904,0,train
D02362,P00265,0,train
D02295,P00248,0,train
D00950,P00147,1,train
D02363,P00171,1,train
D01062,P00386,0,train
D00412,P00063,1,train
D02364,P01573,1,train
D00944,P00161,1,train
D02365,P00056,1,train
D02366,P00605,0,train
D02367,P01574,1,train
D02368,P00517,1,train
D02369,P00851,0,train
D01102,P01251,0,train
D00443,P00838,0,train
D01795,P01575,0,train
D00818,P00155,1,train
D00709,P00057,0,train
D00105,P00553,1,train
D02370,P01079,0,train
D00870,P00399,1,train
D02371,P01576,0,train
D02180,P00044,1,train
D02372,P01518,0,train
D02373,P00263,0,train
D00590,P00115,1,train
D00935,P00661,1,train
D02374,P00351,1,train
D02375,P00262,1,train
D00891,P00643,0,train
D00179,P00269,1,train
D00145,P01304,1,train
D00874,P00501,0,train
D02376,P00047,1,train
D02221,P00602,0,train
D00466,P00155,1,train
D00562,P00052,0,train
D01927,P00306,0,train
D01591,P01577,1,train
D02377,P01437,1,train
D02378,P00585,0,train
D00080,P00462,1,train
D00455,P00502,1,train
D02379,P01480,1,train
D02380,P00054,1,train
D02381,P00085,1,train
D01017,P01578,0,train
D00676,P01462,0,train
D01186,P01151,0,train
D00455,P00156,1,train
D00676,P00551,1,train
D00145,P00413,1,train
D02382,P00115,1,train
D01283,P00335,1,train
D02383,P01163,1,train
D00187,P00062,0,train
D02138,P00568,1,train
D01674,P00731,1,train
D02384,P00002,0,train
D00173,P00103,0,train
D01127,P01579,0,train
D01842,P01288,1,train
D02385,P01006,1,train
D02386,P01385,0,train
D02387,P00298,0,train
D02388,P01580,0,train
D01174,P01581,1,train
D02389,P00350,0,train
D02390,P01582,0,train
D02391,P00605,0,train
D02392,P00854,0,train
D01186,P00166,0,train
D00959,P01583,1,train
D01500,P00099,1,train
D02393,P00289,1,train
D02394,P00038,0,train
D00240,P00131,1,train
D02395,P00124,1,train
D01582,P00155,1,train
D02396,P01452,0,train
D00854,P00271,0,train
D02397,P00436,0,train
D00482,P01392,0,train
D02398,P00130,1,train
D02033,P00585,0,train
D02399,P00178,0,train
D02400,P01584,0,train
D02401,P00447,1,train
D02402,P00827,0,train
D00271,P00007,1,train
D00191,P00316,1,train
D00014,P00870,1,train
D00306,P00363,1,train
D00951,P00124,1,train
D02403,P01078,0,train
D02404,P01406,1,train
D00308,P01018,0,train
D00061,P01585,1,train
D00915,P00461,1,train
D01913,P01586,0,train
D02405,P00208,1,train
D01081,P00411,0,train
D02406,P00039,1,train
D02407,P00860,0,train
D01938,P01291,1,train
D02408,P00641,1,train
D02409,P00036,0,train
D00035,P00873,1,train
D02410,P01587,0,train
D02411,P01588,1,train
D02412,P00049,1,train
D00179,P00965,0,train
D00139,P00133,1,train
D01196,P00139,0,train
D01692,P01125,1,train
D01081,P00056,1,train
D00288,P00158,1,train
D02413,P00769,0,train
D00999,P00928,1,train
D01881,P00029,1,train
D01937,P00910,1,train
D02312,P00306,0,train
D02414,P00199,1,train
D00094,P01589,0,train
D02062,P00461,0,train
D02415,P00171,1,train
D01580,P01590,0,train
D00284,P00901,0,train
D02416,P00741,0,train
D02417,P00142,1,train
D01958,P01239,1,train
D00579,P01591,0,train
D00796,P00369,0,train
D01574,P00739,0,train
D00074,P00208,1,train
D02418,P00400,0,train
D02419,P00189,1,train
D02420,P00507,0,train
D00566,P01592,1,train
D02421,P00056,1,train
D00056,P01125,0,train
D02422,P01593,0,train
D00937,P01190,0,train
D01014,P01594,0,train
D02423,P00988,0,train
D02424,P01595,1,train
D02425,P00929,0,train
D02426,P01256,1,train
D02427,P01060,0,train
D01514,P01596,1,train
D02428,P00205,0,train
D01380,P00619,0,train
D02429,P00723,0,train
D02430,P01066,0,train
D02431,P00124,1,train
D00395,P00970,0,train
D00330,P00385,1,train
D00924,P01056,0,train
D00318,P00134,1,train
D00063,P01597,0,train
D01264,P00354,1,train
D02246,P01598,1,train
D01514,P01599,1,train
D00089,P01600,0,train
D02082,P01601,0,train
D02432,P01171,1,train
D02171,P01602,0,train
D02433,P00851,1,train
D00341,P00155,1,train
D02434,P00554,1,train
D01112,P00425,1,train
D02435,P01373,1,train
D00103,P00603,1,train
D00019,P01480,1,train
D02436,P00817,0,train
D00191,P01581,1,train
D01194,P00063,1,train
D00804,P00294,1,train
D02437,P00483,1,train
D02265,P01603,0,train
D01282,P01604,1,train
D02438,P00171,1,train
D02439,P00145,0,train
D02440,P00701,1,train
D02441,P01605,0,train
D00045,P01606,0,train
D00595,P00486,0,train
D02442,P01054,0,train
D02443,P00195,1,train
D02444,P00261,0,train
D02445,P00914,1,train
D02074,P01607,0,train
D00493,P00517,1,train
D01371,P00647,1,train
D02446,P00337,0,train
D01554,P00063,1,train
D01098,P01608,1,train
D02447,P00469,1,train
D02448,P01609,0,train
D02449,P01341,1,train
D02450,P00499,1,train
D02230,P01610,1,train
D02451,P01183,0,train
D00356,P01518,0,train
D01847,P01502,0,train
D01650,P00279,1,train
D02452,P00826,0,train
D00313,P00070,1,train
D01536,P01611,0,train
D02453,P01612,0,train
D01712,P00969,1,train
D00525,P00663,0,train
D00968,P00681,1,train
D00650,P00479,1,train
D00952,P00478,0,train
D02454,P00007,1,train
D02455,P01211,1,train
D00140,P00363,1,train
D01972,P01613,0,train
D02456,P00493,1,train
D00776,P00883,0,train
D01581,P00124,1,train
D00019,P01614,1,train
D02450,P01485,0,train
D00506,P01537,1,train
D02457,P01615,0,train
D02458,P01042,1,train
D01138,P01616,0,train
D02459,P00266,0,train
D02460,P00078,1,train
D02461,P00054,0,train
D00311,P00682,1,train
D00529,P01148,1,train
D01614,P00967,1,train
D02141,P01617,0,train
D00288,P00681,1,train
D02462,P00211,0,train
D01560,P01618,0,train
D01877,P00078,1,train
D00254,P00126,0,train
D01038,P00063,1,train
D02463,P00311,0,train
D00983,P01619,0,train
D01743,P00796,0,train
D02464,P01471,0,train
D01603,P01564,0,train
D01417,P00012,1,train
D02465,P01077,0,train
D02466,P00919,0,train
D00207,P00072,0,train
D00650,P00309,1,train
D01565,P00117,0,train
D00886,P00316,1,train
D00756,P01041,1,train
D02382,P00197,1,train
D02467,P01123,0,train
D01958,P01620,0,train
D01417,P00065,1,train
D02468,P00383,0,train
D00466,P00166,1,train
D01825,P00471,0,train
D01467,P00807,1,train
D02469,P00362,0,train
D00215,P00324,1,train
D02470,P00335,0,train
D02471,P00155,0,train
D02472,P00616,0,train
D00699,P01040,0,train
D01257,P01621,0,train
D00704,P00601,1,train
D02473,P00425,1,train
D02474,P00182,1,train
D02475,P01622,0,train
D01107,P00049,1,train
D02476,P01623,0,train
D02477,P01624,0,train
D00251,P01385,0,train
D01011,P00894,0,train
D02478,P00058,0,train
D00435,P01119,0,train
D02479,P01295,0,train
D02480,P00643,0,train
D01365,P00644,0,train
D02481,P01452,0,train
D00843,P00135,0,train
D02482,P01344,0,train
D00993,P01366,1,train
D01235,P01625,0,train
D00384,P00022,1,train
D00173,P00262,1,train
D00460,P00502,1,train
D02483,P00312,0,train
D02484,P01626,0,train
D02485,P00389,1,train
D02486,P01466,0,train
D02487,P00477,0,train
D00043,P00063,1,train
D00151,P00761,0,train
D01379,P01627,0,train
D00321,P00229,1,train
D02104,P00142,1,train
D02488,P01357,0,train
D02489,P00281,0,train
D01590,P01140,0,train
D00019,P00122,0,train
D00495,P00262,0,train
D02490,P01315,1,train
D00224,P01479,0,train
D02491,P01151,0,train
D02261,P00831,1,train
D02492,P00111,0,train
D00491,P00056,1,train
D01859,P01628,0,train
D02493,P00177,0,train
D02494,P00504,1,train
D00221,P00347,1,train
D02276,P01101,0,train
D00391,P00056,1,train
D02495,P00227,0,train
D01458,P01494,0,train
D01703,P00294,1,train
D00019,P00119,1,train
D00762,P00154,0,train
D02496,P00083,1,train
D02497,P01069,0,train
D02498,P00228,0,train
D00109,P01629,0,train
D02499,P00579,0,train
D02500,P01024,1,train
D00767,P01630,0,train
D00729,P00871,1,train
D02501,P00467,0,train
D01029,P00065,1,train
D01532,P00837,1,train
D01096,P01514,0,train
D00224,P00085,1,train
D02502,P01558,0,train
D00572,P00104,0,train
D00014,P00469,1,train
D01806,P00771,1,train
D02503,P00517,1,train
D02504,P01631,0,train
D00438,P00448,1,train
D01160,P01378,1,train
D00417,P01632,0,train
D02505,P00203,1,train
D01113,P00309,1,train
D02506,P00056,1,train
D02335,P00568,0,train
D00452,P01633,1,train
D02507,P01634,0,train
D02508,P01486,0,train
D01965,P01515,0,train
D01280,P01419,1,train
D02450,P01635,0,train
D02412,P00044,1,train
D02509,P00712,0,train
D00333,P00270,0,train
D02510,P00466,0,train
D02511,P00706,0,train
D00777,P01417,0,train
D02512,P01636,0,train
D02513,P00891,0,train
D00987,P01164,1,train
D02514,P00982,0,train
D02515,P01574,0,train
D02516,P00155,1,train
D02517,P00425,1,train
D01781,P01637,0,train
D01238,P00156,1,train
D02518,P01638,0,train
D00924,P00189,1,train
D02382,P00037,0,train
D00229,P01639,0,train
D00067,P00601,1,train
D01423,P01007,0,train
D00014,P00029,1,train
D02519,P01639,0,train
D01154,P00363,1,train
D02520,P00587,1,train
D02521,P01640,0,train
D02522,P01641,0,train
D01852,P01642,0,train
D02523,P01643,0,train
D01352,P00174,1,train
D00313,P00448,1,train
D02524,P00199,1,train
D00304,P00283,0,train
D02525,P00178,0,train
D02526,P00065,1,train
D02527,P01291,0,train
D00545,P00103,1,train
D00583,P01364,0,train
D01148,P01362,0,train
D02528,P00715,1,train
D02529,P00903,0,train
D01771,P00958,0,train
D02530,P00822,0,train
D01783,P00572,1,train
D00255,P00454,1,train
D00471,P01250,1,train
D02531,P00198,1,train
D01912,P00821,1,train
D00957,P01077,0,train
D01960,P00582,1,train
D02039,P00875,0,train
D00615,P00506,1,train
D00769,P00153,1,train
D02532,P00336,0,train
D00931,P01644,0,train
D00663,P01533,1,train
D02031,P01158,0,train
D01467,P00375,1,train
D00863,P01068,1,train
D02332,P00092,1,train
D02533,P00229,0,train
D01053,P00544,1,train
D02534,P01645,0,train
D01099,P00738,0,train
D00751,P00735,1,train
D00860,P01053,1,train
D02535,P01349,0,train
D01050,P01646,0,train
D02536,P01647,0,train
D02537,P00999,0,train
D02538,P01648,1,train
D02539,P01649,1,train
D02540,P01250,1,train
D00442,P00402,0,train
D00203,P00044,1,train
D02055,P00389,1,train
D00014,P00851,1,train
D00524,P00381,1,train
D02194,P00756,0,train
D00006,P00709,0,train
D01462,P00448,1,train
D01895,P01571,0,train
D00598,P01156,0,train
D02541,P01650,0,train
D02542,P01325,0,train
D02543,P00418,1,train
D02220,P00245,1,train
D00091,P01430,0,train
D02544,P00394,1,train
D02124,P00418,1,train
D02545,P00120,1,train
D02415,P01562,0,train
D02546,P00816,0,train
D02547,P00056,1,train
D02548,P00378,1,train
D01129,P00124,1,train
D01836,P00056,1,train
D02549,P00807,1,train
D02550,P00205,0,train
D00778,P00808,0,train
D02551,P01097,1,train
D00329,P00389,1,train
D00364,P01495,0,train
D02552,P00309,1,train
D00948,P01425,0,train
D00529,P00927,1,train
D00105,P01651,1,train
D00255,P00809,1,train
D01754,P00269,1,train
D02514,P00032,0,train
D00019,P01491,1,train
D00179,P00363,1,train
D02212,P00142,1,train
D02224,P00956,1,train
D02553,P00370,1,train
D01878,P00198,1,train
D00993,P00124,1,train
D02554,P00114,0,train
D00495,P01652,0,train
D01432,P00509,1,train
D01287,P00124,1,train
D01329,P00758,1,train
D02555,P00684,1,train
D00342,P00142,1,train
D00334,P00056,1,train
D00332,P00234,1,train
D00732,P00363,1,train
D02556,P00956,1,train
D01531,P00022,1,train
D02557,P00425,1,train
D00560,P01596,0,train
D02558,P00206,0,train
D01807,P00130,1,train
D02285,P01561,1,train
D01570,P01653,0,train
D02559,P01654,0,train
D01672,P01655,1,train
D00248,P00776,0,train
D02560,P00613,0,train
D00166,P00135,1,train
D01059,P00319,1,train
D02561,P01474,1,train
D01507,P00377,1,train
D01932,P01242,0,train
D00178,P00130,1,train
D02562,P01330,0,train
D02563,P00557,1,train
D01282,P00788,1,train
D02564,P01656,1,train
D02565,P00048,0,train
D00691,P00681,1,train
D01401,P00264,1,train
D00032,P00697,1,train
D01008,P01342,0,train
D02566,P00986,0,train
D02567,P00414,1,train
D02568,P01357,0,train
D00944,P00356,1,train
D00959,P01243,1,train
D02360,P01627,0,train
D02569,P00059,0,train
D02375,P00351,1,train
D00491,P00608,0,train
D01301,P00294,1,train
D02570,P01657,0,train
D02571,P00294,1,train
D02572,P00334,1,train
D02573,P01658,0,train
D02574,P00351,0,train
D01838,P00124,1,train
D02575,P01659,0,train
D00092,P01211,1,train
D02576,P00373,1,train
D02577,P01041,1,train
D00669,P00158,1,train
D02578,P00215,0,train
D00264,P01633,0,train
D02556,P01547,0,train
D00843,P01660,0,train
D00776,P01244,1,train
D01686,P00377,1,train
D02579,P00991,0,train
D01304,P01171,0,train
D02580,P01468,0,train
D01166,P00831,1,train
D01527,P00161,1,train
D01662,P00748,1,train
D00474,P00309,1,train
D00140,P01560,1,train
D02581,P00210,0,train
D00853,P01661,0,train
D00162,P00090,1,train
D01918,P01662,0,train
D00108,P00115,1,train
D02582,P01663,0,train
D01857,P01184,1,train
D02583,P00381,0,train
D00410,P00001,0,train
D02584,P01325,0,train
D01624,P01664,1,train
D01176,P01004,0,train
D00424,P00869,0,train
D02585,P01373,0,train
D01525,P00133,0,train
D02586,P01665,0,train
D01310,P00044,1,train
D02587,P01487,0,train
D01392,P00329,1,train
D02528,P01666,1,train
D00591,P00158,1,train
D02588,P00571,0,train
D00488,P01018,1,train
D01505,P00956,0,train
D02589,P01667,0,train
D02590,P00565,1,train
D02591,P00392,1,train
D01638,P01668,0,train
D02592,P00484,0,train
D00100,P01343,0,train
D02593,P00479,1,train
D00618,P00356,1,train
D02594,P01183,0,train
D00234,P01080,1,train
D02595,P01669,0,train
D01118,P01670,0,train
D00981,P01199,0,train
D01098,P00650,1,train
D00999,P01080,0,train
D00636,P01241,1,train
D00500,P00058,0,train
D02596,P01083,0,train
D00412,P01103,1,train
D02597,P00282,1,train
D02598,P00226,0,train
D00083,P00941,0,train
D02426,P01671,1,train
D00050,P01672,0,train
D00051,P01673,1,train
D02332,P01312,0,train
D00777,P00078,1,train
D02599,P00426,0,train
D02600,P00078,1,train
D02601,P00492,0,train
D00639,P01237,0,train
D02602,P01674,0,train
D01520,P01238,0,train
D02603,P00155,1,train
D02604,P00289,1,train
D01413,P00234,1,train
D02605,P00229,1,train
D02606,P00246,0,train
D02607,P00250,1,train
D00037,P00010,0,train
D00435,P00685,0,train
D01194,P00277,0,train
D01421,P00263,0,train
D00758,P01675,0,train
D02608,P01211,0,train
D02609,P00376,1,train
D02610,P00406,0,train
D02524,P00040,1,train
D00805,P01235,1,train
D02611,P00039,0,train
D02612,P01155,0,train
D02613,P00155,1,train
D02614,P00718,1,train
D01009,P00593,0,train
D02615,P01168,0,train
D01712,P00252,0,train
D01283,P00012,1,train
D00292,P00056,1,train
D02616,P00671,1,train
D01851,P00044,1,train
D01975,P01239,0,train
D01182,P00056,1,train
D00060,P00701,1,train
D01734,P01081,1,train
D02617,P00054,1,train
D00550,P01676,0,train
D02618,P00661,0,train
D02386,P01677,0,train
D02464,P01035,1,train
D02619,P01678,0,train
D02620,P00654,1,train
D01431,P01118,0,train
D00505,P00375,1,train
D02621,P00230,1,train
D00014,P01422,1,train
D02622,P01431,0,train
D02623,P01233,0,train
D00331,P00375,0,train
D02624,P01679,0,train
D01117,P00293,1,train
D01367,P00819,0,train
D01223,P01261,0,train
D01372,P00995,0,train
D02625,P01680,0,train
D02626,P01449,0,train
D00529,P00100,1,train
D01182,P00502,1,train
D02627,P00663,1,train
D02628,P00761,1,train
D01830,P00809,1,train
D02521,P00515,0,train
D00584,P01681,0,train
D02629,P01128,0,train
D00474,P00871,1,train
D01239,P00092,1,train
D00472,P01682,0,train
D02401,P00689,1,train
D01213,P00049,1,train
D02453,P01683,0,train
D02630,P00969,1,train
D01000,P01076,1,train
D02631,P00142,1,train
D00909,P00796,1,train
D00774,P01684,0,train
D02632,P00124,1,train
D00031,P00511,0,train
D02633,P01497,0,train
D02207,P00608,0,train
D01450,P01352,0,train
D02634,P01685,1,train
D02115,P01686,1,train
D02635,P01687,0,train
D02387,P01111,0,train
D00906,P01688,0,train
D00117,P00044,1,train
D02636,P00162,0,train
D00290,P01602,0,train
D02637,P00081,0,train
D02638,P01551,0,train
D00721,P00431,0,train
D01392,P00078,1,train
D00880,P01689,1,train
D01835,P01472,0,train
D02639,P01690,1,train
D01605,P00130,1,train
D00548,P01154,1,train
D02217,P00185,0,train
D01483,P00797,1,train
D02277,P01417,0,train
D02233,P00737,0,train
D00618,P00377,1,train
D00385,P01691,1,train
D02640,P00634,0,train
D01871,P00063,1,train
D00039,P00262,1,train
D01655,P01692,0,train
D02641,P01279,0,train
D02642,P00971,0,train
D00117,P00056,1,train
D02643,P00171,1,train
D00758,P00689,0,train
D00035,P00866,1,train
D02251,P00169,1,train
D00021,P01693,0,train
D01391,P01694,0,train
D02644,P00909,0,train
D00072,P00905,1,train
D00313,P01637,0,train
D00075,P00150,0,train
D02406,P00170,1,train
D02645,P00360,0,train
D01928,P00806,0,train
D00077,P01695,0,train
D01622,P00650,1,train
D00290,P00056,1,train
D02646,P01444,0,train
D02647,P00183,1,train
D00257,P01436,0,train
D00208,P00810,0,train
D01191,P01569,0,train
D00583,P00124,1,train
D00759,P00323,0,train
D01412,P00227,1,train
D00944,P00220,1,train
D02648,P00238,0,train
D00892,P00180,0,train
D02649,P01696,0,train
D02607,P00355,0,train
D01424,P01559,1,train
D02650,P00075,1,train
D00070,P00389,1,train
D00216,P00124,1,train
D01516,P00393,0,train
D00840,P01652,0,train
D02651,P01626,0,train
D02652,P00040,1,train
D00529,P00279,1,train
D00524,P01135,1,train
D02566,P00049,1,train
D00133,P00051,1,train
D02653,P00346,0,train
D00092,P00044,1,train
D00780,P00344,0,train
D02654,P00219,1,train
D02655,P01224,0,train
D01629,P00826,0,train
D02185,P01117,0,train
D02656,P00297,1,train
D02657,P01653,0,train
D01161,P00147,1,train
D02658,P00248,1,train
D02659,P00378,1,train
D00827,P01056,1,train
D01316,P01126,1,train
D01168,P00426,0,train
D02660,P00689,1,train
D02661,P01261,0,train
D02634,P00501,0,train
D02662,P00128,1,train
D00608,P01136,0,train
D02663,P01001,0,train
D01796,P01188,0,train
D02664,P01006,1,train
D01778,P00124,1,train
D02161,P00942,0,train
D02006,P01043,0,train
D01215,P01444,0,train
D02665,P01171,1,train
D01660,P00056,1,train
D01213,P00155,1,train
D02666,P00389,1,train
D02667,P00189,1,train
D02668,P00461,1,train
D02669,P00017,0,train
D02459,P00479,1,train
D02670,P00204,1,train
D02671,P01038,0,train
D00230,P00593,0,train
D01346,P00831,1,train
D00596,P00063,1,train
D01551,P00715,0,train
D01989,P01256,0,train
D01312,P00418,1,train
D02347,P00316,1,train
D02672,P00252,0,train
D02673,P00364,0,train
D02674,P01146,0,train
D00138,P00269,1,train
D02675,P01693,0,train
D00204,P00234,1,train
D00139,P00975,1,train
D00617,P00276,0,train
D01841,P00078,1,train
D02275,P01697,0,train
D01869,P00044,1,train
D02676,P01317,0,train
D00965,P01217,0,train
D02677,P01489,0,train
D01652,P00835,0,train
D02678,P01004,0,train
D01046,P01028,0,train
D01625,P00837,1,train
D00146,P01698,0,train
D02018,P01699,0,train
D00505,P01020,0,train
D00496,P00557,1,train
D02679,P01700,0,train
D02680,P01701,0,train
D02681,P01101,0,train
D02682,P01418,0,train
D00092,P00454,1,train
D01505,P01302,0,train
D02683,P00170,0,train
D02514,P00211,0,train
D02684,P01071,0,train
D02685,P00504,1,train
D00209,P00601,1,train
D01882,P00056,1,train
D01754,P00871,1,train
D02302,P00548,1,train
D02395,P00259,1,train
D01503,P00838,1,train
D00827,P01683,0,train
D01807,P00493,0,train
D01161,P00943,1,train
D01610,P00809,1,train
D02580,P01384,0,train
D00994,P00056,1,train
D02686,P00164,0,train
D02648,P01100,0,train
D02175,P00479,1,train
D01700,P00373,1,train
D02687,P01163,0,train
D01147,P00124,1,train
D02688,P01702,0,train
D01707,P00012,1,train
D02689,P00142,1,train
D00800,P01504,0,train
D02690,P01019,0,train
D02217,P01703,1,train
D01147,P01378,1,train
D02098,P00253,1,train
D01008,P01480,0,train
D02410,P00479,1,train
D01203,P01704,0,train
D02691,P01132,1,train
D01527,P01705,1,train
D00639,P01706,0,train
D00477,P01578,0,train
D00153,P01373,0,train
D00732,P00161,1,train
D00811,P01342,0,train
D01527,P00506,1,train
D00702,P00879,0,train
D02395,P00044,1,train
D01090,P01315,1,train
D02296,P01019,0,train
D00189,P01707,0,train
D01786,P00437,0,train
D00455,P00294,1,train
D01537,P01708,0,train
D02692,P00053,0,train
D02377,P01709,1,train
D02035,P01428,0,train
D02693,P00637,0,train
D02694,P01710,1,train
D00561,P01711,0,train
D02695,P00412,1,train
D02696,P00156,1,train
D00014,P00641,1,train
D02677,P00933,0,train
D02697,P00124,1,train
D01441,P00129,0,train
D00035,P00155,1,train
D02698,P00142,1,train
D02699,P01663,1,train
D02379,P00889,1,train
D02700,P01056,1,train
D01142,P01260,0,train
D02701,P01616,0,train
D02702,P00332,0,train
D00338,P00196,0,train
D00630,P00622,1,train
D00959,P01712,1,train
D02025,P00952,0,train
D00432,P00389,1,train
D01453,P00593,0,train
D01287,P01713,1,train
D00064,P00456,1,train
D02703,P01444,0,train
D00602,P01714,1,train
D02085,P01190,0,train
D01697,P00669,1,train
D02704,P00149,0,train
D01439,P01033,0,train
D01725,P00124,1,train
D02705,P01547,0,train
D01937,P00532,1,train
D00014,P00343,1,train
D02706,P01163,0,train
D02576,P01531,0,train
D00428,P00056,1,train
D00630,P01163,1,train
D01871,P00373,1,train
D02707,P00435,0,train
D00061,P01715,1,train
D02208,P00356,0,train
D02708,P01001,0,train
D01527,P01716,0,train
D02433,P00485,0,train
D02709,P00155,1,train
D01168,P01450,0,train
D00422,P00809,1,train
D02710,P00717,0,train
D02711,P00582,0,train
D00013,P00687,1,train
D00014,P00121,1,train
D00260,P00601,1,train
D01302,P00514,0,train
D01814,P01178,0,train
D01725,P00208,1,train
D02712,P00865,1,train
D02713,P01717,0,train
D00002,P00224,0,train
D00167,P00092,1,train
D00302,P00203,1,train
D02022,P00155,1,train
D02508,P00900,0,train
D00872,P01598,0,train
D00159,P00575,1,train
D00211,P01718,1,train
D01998,P00367,1,train
D02313,P00865,1,train
D02617,P00204,0,train
D02714,P00748,1,train
D01098,P01719,1,train
D02715,P01720,0,train
D02158,P00813,1,train
D02716,P00534,0,train
D00255,P00264,1,train
D01649,P00283,0,train
D02717,P01721,0,train
D02718,P01722,0,train
D00279,P00024,0,train
D00255,P01723,0,train
D02719,P01509,0,train
D02720,P01596,0,train
D00950,P01416,1,train
D01467,P00130,1,train
D02721,P00030,0,train
D01549,P01724,1,train
D00426,P01435,0,train
D02722,P00115,1,train
D01436,P01128,0,train
D00373,P01142,1,train
D01575,P00418,1,train
D01016,P00040,1,train
D00892,P00155,1,train
D02723,P00806,0,train
D01129,P00049,1,train
D01241,P00913,1,train
D01725,P00169,1,train
D02724,P00191,0,train
D00548,P01695,0,train
D02725,P00039,0,train
D00166,P00158,1,train
D00233,P00235,1,train
D01797,P01725,0,train
D02726,P00560,1,train
D01687,P01351,0,train
D02727,P01726,0,train
D01098,P01249,1,train
D02728,P01216,0,train
D02729,P01727,0,train
D02730,P01142,1,train
D00248,P00141,0,train
D02731,P01728,0,train
D01122,P01729,0,train
D02337,P01730,0,train
D02732,P00541,1,train
D00014,P01534,1,train
D02123,P00814,0,train
D01169,P00170,1,train
D00959,P00124,0,train
D00529,P01731,1,train
D00330,P00049,1,train
D00351,P01434,1,train
D00139,P00269,1,train
D02733,P01406,0,train
D00697,P00329,1,train
D00830,P00189,0,train
D02620,P01700,1,train
D02734,P00932,0,train
D02735,P01732,0,train
D00014,P00489,1,train
D01347,P00112,0,train
D01418,P00324,1,train
D02736,P01121,0,train
D00391,P00124,1,train
D00341,P00279,0,train
D02737,P00243,0,train
D01595,P00425,1,train
D02738,P00091,0,train
D01081,P00124,1,train
D02739,P00569,0,train
D02084,P01733,0,train
D00327,P00198,1,train
D02740,P00766,1,train
D02741,P00464,0,train
D00864,P01484,0,train
D01311,P01734,0,train
D00111,P00308,0,train
D02742,P00077,1,train
D01772,P01155,1,train
D02743,P01092,0,train
D02378,P01677,0,train
D02744,P01735,1,train
D02745,P00440,0,train
D02746,P01278,0,train
D02234,P01575,0,train
D00689,P01637,0,train
D00999,P00078,1,train
D02294,P00843,0,train
D00750,P00044,1,train
D01841,P00170,1,train
D02649,P01411,0,train
D02624,P00643,0,train
D01285,P01690,1,train
D00351,P01175,1,train
D01763,P01298,0,train
D01098,P00339,1,train
D00390,P00712,0,train
D02747,P01574,0,train
D01661,P00815,0,train
D00305,P00269,1,train
D02684,P01450,0,train
D00614,P01001,1,train
D02426,P01736,1,train
D00255,P00146,1,train
D00812,P00307,0,train
D02748,P00684,0,train
D02749,P01098,0,train
D02750,P01328,0,train
D01416,P00448,1,train
D02639,P01477,0,train
D01678,P01737,0,train
D00746,P00124,1,train
D02751,P00040,1,train
D02752,P01029,1,train
D01893,P01306,0,train
D00355,P00549,0,train
D02753,P01135,1,train
D02630,P00613,0,train
D02754,P00049,1,train
D02755,P00643,1,train
D02474,P01738,0,train
D02756,P01669,0,train
D02757,P00538,0,train
D00451,P01739,0,train
D00523,P01740,0,train
D01372,P01237,1,train
D02758,P01741,0,train
D00370,P00504,1,train
D01306,P00531,0,train
D01158,P00528,1,train
D01161,P00056,1,train
D00520,P00554,1,train
D02338,P00124,1,train
D02759,P01281,0,train
D02760,P01589,0,train
D00365,P01474,0,train
D01595,P00531,0,train
D02761,P00468,0,train
D02762,P00224,0,train
D02479,P00321,0,train
D01775,P00128,1,train
D01594,P01065,1,train
D02763,P00545,0,train
D00712,P00358,1,train
D01167,P00323,1,train
D00315,P00939,1,train
D01442,P00036,0,train
D00086,P01703,1,train
D00736,P00601,1,train
D00224,P00142,1,train
D01063,P00472,1,train
D00644,P00990,0,train
D02764,P01183,0,train
D02765,P01742,0,train
D02766,P01730,0,train
D02767,P00959,1,train
D02768,P00504,0,train
D01899,P00227,0,train
D00040,P00946,1,train
D00626,P00122,0,train
D02769,P01077,0,train
D01487,P00760,0,train
D02770,P00917,0,train
D01188,P01080,1,train
D01718,P00663,0,train
D00541,P01056,0,train
D02771,P00324,0,train
D02772,P00588,0,train
D02719,P01098,0,train
D00105,P00686,1,train
D02773,P01743,0,train
D00196,P00155,1,train
D01760,P00078,1,train
D01797,P00547,0,train
D01635,P00418,1,train
D02774,P01692,0,train
D01110,P01744,0,train
D01240,P00169,1,train
D02775,P00142,1,train
D02776,P00285,0,train
D00769,P01333,0,train
D02777,P00283,1,train
D00508,P00323,1,train
D02778,P00171,1,train
D02779,P00156,1,train
D02268,P01439,1,train
D00470,P01673,0,train
D02695,P00448,1,train
D01441,P01400,1,train
D02780,P01745,0,train
D01079,P01587,1,train
D00792,P00056,1,train
D00508,P01113,1,train
D00482,P01746,0,train
D02454,P01445,0,train
D02412,P00124,1,train
D02781,P01321,1,train
D02041,P00054,0,train
D02782,P00142,1,train
D00345,P01747,0,train
D02037,P00944,0,train
D01215,P00825,0,train
D02357,P00056,1,train
D01685,P00319,0,train
D02783,P01048,0,train
D01621,P01690,1,train
D01289,P00646,1,train
D02784,P00074,0,train
D00824,P00049,1,train
D01124,P00088,0,train
D02632,P01748,0,train
D01189,P00798,1,train
D01600,P01749,0,train
D02785,P01750,0,train
D00282,P00987,0,train
D01960,P00289,1,train
D00178,P00314,1,train
D00772,P00156,1,train
D00092,P00063,1,train
D02110,P01257,1,train
D00121,P00334,0,train
D02786,P00056,1,train
D02787,P00375,0,train
D02788,P00486,0,train
D02789,P01147,0,train
D02454,P01249,0,train
D02790,P00038,0,train
D00954,P01260,0,train
D01165,P00078,1,train
D01725,P00056,1,train
D02498,P01632,0,train
D02791,P01751,0,train
D01919,P00378,1,train
D02792,P01400,0,train
D02793,P01123,0,train
D02794,P01278,0,train
D01757,P01752,0,train
D01972,P01347,0,train
D01195,P00151,1,train
D02175,P00363,1,train
D01211,P00049,1,train
D02795,P00142,1,train
D01605,P01333,0,train
D00014,P01654,1,train
D02796,P00038,0,train
D02510,P00294,0,train
D02797,P01040,1,train
D01756,P01753,0,train
D02798,P01112,1,train
D02799,P00147,0,train
D01641,P01754,0,train
D02800,P00121,1,train
D00596,P00539,0,train
D00999,P00485,1,train
D01781,P01581,1,train
D02801,P00023,1,train
D00276,P00079,0,train
D01013,P01755,0,train
D02802,P00993,0,train
D02803,P00999,0,train
D02381,P00142,1,train
D00133,P00065,1,train
D01951,P00063,1,train
D02804,P00709,0,train
D01391,P00599,0,train
D00998,P01728,0,train
D02551,P01374,1,train
D02116,P00828,0,train
D00868,P01239,0,train
D01706,P00441,1,train
D02805,P00115,1,train
D02806,P01658,0,train
D00716,P01256,0,train
D02807,P00232,0,train
D02608,P01756,0,train
D00340,P00341,1,train
D02808,P00554,1,train
D02809,P00189,1,train
D00907,P01034,0,train
D02810,P01056,1,train
D00753,P01701,0,train
D02289,P00183,1,train
D02811,P01757,1,train
D01009,P00472,1,train
D02251,P00163,0,train
D02812,P00001,1,train
D02540,P00277,0,train
D02813,P00371,0,train
D02377,P00543,1,train
D00157,P00124,1,train
D00309,P01758,0,train
D02559,P00467,1,train
D00637,P00012,1,train
D02814,P00041,0,train
D01699,P00227,1,train
D02815,P00800,0,train
D02416,P00414,1,train
D00318,P00293,1,train
D01799,P00591,1,train
D00672,P00795,1,train
D01514,P01418,0,train
D02311,P00865,1,train
D00014,P01701,1,train
D02816,P00469,1,train
D02817,P01296,0,train
D00105,P01082,1,train
D01582,P00169,1,train
D01468,P01759,1,train
D02133,P01158,0,train
D02797,P00380,0,train
D02818,P01507,1,train
D01338,P01418,0,train
D02819,P00428,0,train
D02820,P00509,1,train
D01780,P01760,0,train
D02821,P00356,0,train
D00355,P01610,0,train
D00355,P01537,0,train
D00204,P00156,1,train
D00191,P01389,0,train
D00528,P00337,1,train
D00853,P00740,0,train
D01089,P00414,1,train
D00897,P01174,0,train
D00590,P00448,1,train
D01925,P00024,0,train
D00867,P00554,1,train
D02822,P00047,0,train
D02823,P01499,0,train
D00945,P01530,0,train
D02824,P01411,0,train
D02825,P00082,0,train
D02048,P00358,1,train
D02826,P00056,1,train
D00035,P00108,1,train
D02827,P00541,0,train
D00166,P00809,1,train
D01440,P01132,0,train
D00334,P00412,1,train
D00661,P00425,1,train
D00283,P00093,0,train
D02828,P00249,0,train
D02829,P00385,1,train
D02830,P00575,0,train
D00907,P01187,0,train
D02405,P00450,0,train
D01586,P00163,1,train
D01851,P00401,1,train
D02099,P01761,0,train
D02831,P00500,0,train
D02832,P01762,0,train
D00749,P00124,1,train
D02198,P00007,1,train
D02833,P01763,0,train
D00330,P00604,1,train
D02834,P00305,1,train
D02835,P00934,0,train
D02836,P00007,1,train
D02837,P00128,1,train
D02838,P00161,0,train
D02383,P00108,0,train
D00137,P00135,1,train
D02676,P00842,0,train
D02839,P00142,1,train
D02840,P00838,0,train
D02274,P01351,0,train
D00464,P00169,1,train
D02299,P00962,0,train
D02841,P00378,1,train
D00477,P01764,0,train
D02595,P00655,0,train
D02842,P01499,1,train
D01660,P00502,1,train
D00103,P01765,0,train
D02843,P01766,0,train
D02844,P00445,0,train
D01846,P00124,1,train
D01891,P01602,0,train
D01243,P00457,1,train
D02845,P00551,1,train
D02846,P01447,0,train
D01252,P00198,1,train
D01034,P00857,0,train
D01033,P00622,0,train
D02847,P00290,0,train
D00705,P00078,1,train
D02848,P01430,0,train
D00510,P00273,1,train
D02849,P01593,0,train
D00342,P00190,0,train
D00500,P00946,1,train
D01187,P00124,1,train
D02850,P00304,1,train
D02851,P00547,0,train
D02852,P00169,1,train
D00107,P01767,1,train
D02542,P01736,0,train
D01053,P01348,0,train
D02549,P00502,1,train
D02853,P00169,1,train
D02159,P00212,0,train
D02854,P00235,1,train
D02855,P01768,1,train
D02856,P00056,1,train
D01098,P00535,1,train
D00216,P01076,1,train
D02857,P01294,0,train
D00211,P00761,1,train
D00343,P00300,0,train
D00742,P01442,0,train
D02444,P00049,1,train
D02858,P01769,1,train
D01298,P01770,0,train
D01929,P00062,0,train
D01578,P01168,0,train
D01778,P00601,1,train
D01806,P00636,1,train
D02859,P00394,0,train
D00715,P00342,0,train
D00300,P00327,1,train
D02860,P01711,0,train
D02861,P01499,1,train
D01586,P01444,1,train
D00166,P00072,1,train
D00305,P00016,1,train
D01458,P01771,0,train
D02318,P00489,0,train
D01441,P01258,0,train
D02717,P00382,1,train
D00310,P00115,1,train
D02862,P00994,0,train
D02768,P00281,1,train
D02863,P00963,0,train
D00893,P01772,0,train
D02864,P01773,0,train
D00494,P01774,0,train
D01243,P00916,1,train
D02110,P00357,0,train
D02865,P00307,1,train
D02866,P00968,0,train
D01344,P00142,1,train
D00232,P00414,1,train
D00986,P00779,0,train
D02867,P01775,0,train
D02395,P00663,1,train
D02314,P00435,0,train
D01787,P00266,0,train
D02868,P00234,1,train
D00370,P00456,1,train
D02869,P01387,0,train
D02870,P00258,1,train
D02769,P00819,0,train
D01073,P00626,1,train
D00993,P01776,1,train
D00160,P00367,0,train
D00160,P01777,0,train
D02871,P00169,0,train
D01696,P01778,0,train
D01886,P00233,0,train
D02872,P00994,0,train
D02779,P00092,1,train
D02873,P01194,0,train
D02874,P00523,0,train
D02008,P01779,0,train
D00016,P00065,1,train
D02875,P00869,0,train
D00081,P01361,1,train
D02417,P01544,0,train
D02080,P00293,0,train
D01672,P00420,1,train
D00085,P01780,1,train
D01671,P00166,1,train
D00070,P00056,1,train
D02876,P00370,1,train
D00917,P01615,0,train
D00733,P01781,0,train
D02877,P01224,1,train
D00618,P00506,1,train
D01411,P01735,1,train
D02878,P00460,1,train
D02059,P01429,0,train
D01448,P00330,0,train
D00155,P01782,0,train
D01272,P00950,0,train
D00208,P00056,1,train
D02817,P01158,0,train
D01195,P01613,1,train
D02008,P00304,1,train
D02102,P00384,0,train
D00485,P00604,1,train
D00417,P01196,1,train
D02879,P00604,1,train
D02880,P00327,0,train
D02881,P00171,1,train
D01526,P00171,1,train
D00726,P00155,1,train
D01508,P00309,1,train
D00804,P00380,1,train
D02882,P01309,1,train
D00607,P01783,0,train
D02883,P00703,0,train
D01291,P00448,1,train
D00529,P01784,1,train
D02638,P00241,1,train
D02640,P01785,0,train
D00166,P00377,1,train
D02884,P00560,1,train
D01751,P00018,0,train
D00524,P01786,1,train
D00587,P00642,0,train
D01467,P00156,1,train
D02530,P00049,1,train
D01264,P01284,1,train
D01861,P00075,0,train
D02885,P00482,0,train
D01299,P00370,1,train
D02886,P00007,1,train
D01880,P00130,1,train
D00586,P00063,1,train
D02444,P00155,1,train
D00045,P00045,0,train
D02887,P01632,0,train
D02437,P01346,1,train
D02530,P00124,1,train
D00875,P00897,0,train
D02888,P01787,0,train
D02695,P00234,1,train
D00094,P00229,1,train
D01431,P00219,0,train
D01006,P00500,0,train
D02095,P00289,1,train
D00084,P01546,0,train
D01092,P00677,0,train
D00437,P01333,0,train
D01337,P00427,0,train
D01256,P01501,0,train
D00184,P01379,0,train
D01823,P01788,0,train
D02889,P01409,0,train
D02698,P01154,0,train
D01603,P00839,1,train
D02240,P00630,1,train
D01026,P01056,1,train
D02890,P00210,1,train
D02891,P00416,0,train
D02613,P01614,1,train
D00339,P00337,1,train
D01262,P00707,0,train
D00109,P01543,1,train
D02325,P00747,0,train
D00883,P00293,1,train
D02625,P01284,0,train
D01921,P01324,0,train
D02892,P01361,0,train
D02893,P00155,1,train
D02894,P01056,1,train
D02411,P01789,0,train
D02895,P01790,0,train
D00231,P00124,1,train
D00622,P00325,0,train
D01212,P01675,1,train
D02896,P00646,1,train
D01355,P00575,1,train
D00085,P01462,1,train
D00615,P00044,1,train
D02029,P01742,0,train
D01891,P00128,1,train
D00432,P01457,0,train
D00072,P00356,1,train
D01392,P00198,1,train
D00182,P01397,1,train
D02897,P01500,0,train
D01150,P00049,1,train
D02898,P01443,0,train
D00702,P01791,1,train
D01773,P00642,0,train
D01994,P00654,1,train
D00591,P00161,1,train
D00870,P01664,1,train
D00160,P01066,0,train
D01937,P00471,0,train
D01550,P00063,1,train
D00588,P01717,0,train
D00588,P00124,1,train
D02899,P01792,1,train
D02900,P00111,1,train
D02164,P00008,0,train
D00412,P00124,1,train
D00327,P00314,1,train
D01893,P00281,1,train
D00587,P00729,0,train
D01038,P00487,0,train
D00426,P00604,1,train
D00095,P01026,0,train
D00255,P00170,1,train
D02379,P00078,1,train
D00101,P01653,0,train
D01643,P00326,0,train
D00145,P00300,1,train
D02541,P00551,0,train
D02851,P00517,1,train
D02901,P00558,0,train
D01349,P00097,0,train
D01401,P00262,1,train
D01192,P01121,0,train
D01218,P00065,1,train
D01325,P01793,1,train
D01528,P00702,1,train
D00159,P00124,1,train
D02373,P00142,0,train
D02897,P01341,0,train
D02103,P00358,1,train
D01858,P01794,0,train
D00598,P01012,0,train
D00194,P00935,1,train
D02902,P00881,0,train
D01578,P00111,1,train
D01948,P00152,1,train
D00797,P01795,1,train
D01099,P00008,0,train
D00151,P00653,1,train
D01998,P01674,0,train
D02903,P00894,0,train
D01509,P01005,0,train
D02904,P01073,1,train
D02502,P01097,1,train
D00697,P00569,0,train
D01113,P00220,1,train
D01897,P01315,1,train
D00281,P00049,1,train
D02702,P01751,0,train
D02905,P00623,1,train
D00897,P00488,0,train
D00270,P00040,1,train
D00523,P00147,1,train
D00705,P00044,1,train
D02906,P00883,0,train
D02907,P00124,1,train
D02908,P00179,1,train
D01156,P01146,0,train
D01069,P00334,0,train
D02909,P01121,0,train
D02910,P00562,0,train
D02911,P01051,1,train
D02292,P01796,0,train
D02912,P00839,0,train
D02519,P00171,0,train
D01504,P01797,0,train
D02913,P00208,0,train
D02914,P00992,1,train
D00696,P01798,0,train
D01361,P00970,1,train
D01530,P00124,1,train
D02915,P01799,0,train
D00742,P01086,1,train
D01686,P00220,1,train
D01197,P01095,1,train
D02382,P00124,1,train
D02062,P00465,0,train
D00847,P00835,0,train
D01509,P01800,0,train
D01762,P00697,0,train
D02916,P01801,0,train
D01008,P01068,1,train
D00421,P01257,1,train
D02330,P01735,0,train
D00164,P01802,0,train
D02917,P00203,1,train
D00637,P00475,0,train
D00684,P00708,0,train
D02918,P01803,1,train
D01419,P00514,0,train
D00847,P00078,1,train
D00035,P00012,1,train
D02919,P00152,1,train
D00612,P01804,0,train
D00676,P00793,1,train
D00937,P01176,0,train
D00362,P00394,0,train
D00993,P01547,1,train
D02889,P00869,1,train
D02566,P00526,1,train
D02614,P01511,0,train
D00227,P00496,0,train
D00143,P00907,1,train
D01321,P01068,0,train
D02920,P00682,0,train
D02921,P00328,0,train
D02141,P01278,1,train
D02922,P01791,1,train
D02923,P00999,0,train
D00472,P00241,1,train
D01373,P00548,0,train
D02924,P00418,1,train
D02163,P01145,0,train
D02925,P00171,1,train
D01482,P00470,0,train
D02926,P01519,1,train
D02563,P00056,1,train
D00451,P01065,0,train
D02240,P01805,1,train
D01589,P00890,0,train
D00921,P00063,1,train
D01832,P00579,0,train
D02070,P00851,1,train
D02927,P01806,0,train
D02771,P01807,0,train
D02928,P01080,1,train
D01881,P01475,0,train
D01538,P00269,1,train
D00133,P00260,0,train
D02929,P01808,0,train
D01394,P01458,1,train
D02284,P01308,0,train
D02180,P01809,0,train
D00300,P00161,1,train
D00460,P00072,1,train
D01630,P01810,0,train
D00531,P01783,0,train
D00099,P01726,1,train
D00117,P00124,1,train
D02930,P00565,1,train
D00221,P00601,1,train
D02931,P00650,1,train
D00145,P01811,1,train
D00946,P00449,0,train
D00499,P01812,0,train
D00260,P00203,1,train
D00561,P00110,1,train
D00306,P00681,1,train
D02932,P01813,0,train
D02741,P00315,1,train
D02933,P00230,1,train
D00151,P00124,1,train
D02934,P00240,1,train
D02355,P00655,1,train
D02935,P00671,0,train
D02560,P00085,1,train
D02426,P01814,0,train
D01401,P00314,1,train
D01746,P00553,0,train
D02936,P00364,0,train
D00508,P00385,1,train
D02635,P01815,0,train
D02888,P00258,1,train
D00511,P00096,1,train
D01290,P00847,0,train
D00232,P01386,1,train
D02937,P01816,0,train
D02390,P01817,0,train
D01243,P01607,0,train
D00508,P00389,1,train
D01469,P00459,0,train
D02407,P00663,0,train
D00766,P00180,0,train
D02938,P00830,0,train
D00179,P00309,1,train
D02939,P00461,0,train
D01939,P01011,0,train
D02702,P01740,1,train
D01764,P01731,0,train
D02436,P00591,1,train
D02359,P01818,1,train
D00944,P00153,1,train
D00162,P01560,1,train
D00175,P01768,0,train
D02134,P00895,1,train
D01177,P00976,1,train
D02940,P00102,0,train
D02941,P01662,0,train
D02942,P00863,0,train
D02943,P01079,0,train
D02944,P01249,1,train
D02945,P01537,0,train
D00014,P00533,1,train
D02946,P01196,0,train
D00529,P01771,1,train
D00864,P00506,1,train
D02947,P00208,1,train
D02788,P01819,0,train
D02948,P01259,0,train
D00496,P00859,1,train
D00278,P00265,1,train
D01830,P00312,1,train
D02622,P00219,0,train
D02714,P00461,0,train
D02045,P01347,0,train
D00014,P01083,1,train
D02724,P00124,1,train
D02141,P01820,0,train
D02949,P01483,0,train
D02950,P00900,0,train
D02635,P00487,1,train
D02415,P00516,0,train
D01614,P00895,1,train
D00869,P00056,1,train
D00503,P00135,1,train
D02951,P00994,0,train
D02952,P00808,1,train
D00482,P01467,0,train
D01633,P01181,1,train
D01441,P00169,1,train
D01780,P01693,0,train
D00213,P00258,1,train
D02953,P00880,0,train
D02954,P01651,0,train
D02955,P00378,1,train
D01455,P00147,0,train
D01606,P00294,0,train
D01470,P00056,1,train
D02956,P01420,1,train
D00605,P01821,1,train
D00416,P00124,1,train
D00061,P01342,1,train
D00733,P00983,0,train
D02957,P00316,0,train
D01371,P00056,1,train
D00138,P00506,1,train
D00704,P00401,1,train
D01240,P00124,1,train
D01515,P00155,1,train
D02958,P00054,1,train
D02959,P01822,1,train
D02818,P00163,0,train
D02226,P00929,1,train
D02960,P00902,0,train
D01865,P01130,0,train
D01751,P01823,1,train
D01401,P00557,1,train
D02961,P00049,1,train
D00992,P00124,1,train
D02937,P01444,0,train
D00014,P01558,1,train
D02471,P00872,1,train
D02962,P01338,0,train
D02683,P00351,1,train
D02963,P01824,0,train
D02393,P01619,0,train
D01803,P00124,1,train
D00563,P00380,1,train
D02964,P01057,0,train
D02965,P01301,0,train
D01729,P00898,1,train
D02966,P01015,0,train
D01347,P00315,1,train
D02967,P00078,0,train
D02968,P00156,1,train
D00223,P00509,0,train
D02969,P00378,1,train
D01355,P01825,0,train
D02970,P01093,0,train
D02971,P01522,0,train
D02178,P00776,0,train
D02972,P00179,0,train
D01565,P01703,0,train
D02973,P00165,0,train
D02974,P01826,0,train
D02975,P00422,0,train
D02976,P01827,0,train
D00726,P00049,1,train
D02977,P01506,0,train
D02978,P00152,1,train
D01328,P00124,1,train
D01177,P01097,1,train
D02979,P01275,0,train
D02413,P00020,0,train
D01538,P00356,1,train
D00405,P01561,0,train
D00043,P00146,1,train
D02980,P01828,0,train
D02981,P00985,0,train
D02060,P01384,0,train
D02982,P01015,0,train
D02719,P00468,0,train
D01383,P01829,0,train
D01564,P00363,1,train
D00493,P01522,1,train
D02710,P01566,0,train
D00044,P01287,1,train
D02983,P00142,1,train
D00225,P00895,1,train
D00583,P00056,1,train
D01388,P01122,0,train
D00232,P01830,1,train
D02984,P00461,1,train
D01154,P00063,1,train
D01852,P00155,1,train
D01327,P00928,1,train
D02985,P00138,0,train
D00459,P00155,1,train
D00288,P00448,1,train
D00591,P00227,1,train
D00414,P00579,0,train
D02986,P01091,0,train
D00607,P00294,1,train
D02485,P00078,1,train
D01514,P00480,0,train
D00889,P01831,0,train
D02987,P00663,1,train
D00014,P01832,1,train
D02988,P01143,0,train
D02989,P01495,1,train
D02990,P00901,0,train
D02991,P01137,0,train
D02900,P01833,0,train
D02348,P01456,1,train
D02448,P00390,0,train
D02992,P00044,1,train
D00505,P01211,1,train
D02993,P00631,0,train
D01036,P00950,0,train
D00194,P01834,0,train
D01593,P00124,1,train
D00607,P01076,1,train
D01819,P01526,0,train
D02994,P00655,0,train
D02308,P01533,1,train
D00474,P00681,1,train
D00432,P00155,1,train
D00731,P00469,1,train
D00867,P01010,0,train
D01231,P00056,1,train
D00449,P01349,0,train
D00499,P00198,1,train
D02345,P00737,1,train
D01571,P00158,0,train
D02965,P00130,1,train
D02995,P00397,0,train
D02534,P01579,0,train
D01325,P00174,1,train
D02996,P00189,1,train
D02884,P00518,0,train
D02997,P00277,0,train
D00946,P00124,1,train
D02998,P00604,0,train
D00603,P01366,0,train
D02101,P01835,1,train
D02099,P01188,0,train
D02999,P00181,1,train
D00714,P01776,1,train
D01380,P01312,1,train
D03000,P00203,1,train
D00506,P01836,0,train
D01439,P00615,0,train
D01543,P00771,1,train
D00737,P01837,0,train
D00044,P01240,1,train
D03001,P00346,0,train
D03002,P01376,1,train
D03003,P00367,1,train
D00341,P00377,1,train
D02153,P00517,1,train
D03004,P01361,0,train
D00014,P01838,1,train
D03005,P00797,0,train
D02796,P00626,0,train
D00070,P00078,1,train
D02292,P00463,0,train
D01742,P00169,1,train
D01534,P01839,1,train
D00108,P00338,1,train
D00944,P00146,1,train
D00505,P00401,1,train
D03006,P00067,1,train
D00317,P00044,1,train
D02650,P01300,1,train
D00892,P00092,1,train
D03007,P01655,0,train
D02300,P01370,0,train
D02773,P01840,0,train
D00062,P00060,1,train
D00523,P00853,1,train
D00024,P00017,1,train
D00335,P01841,0,train
D03008,P01842,0,train
D02854,P00391,1,train
D01361,P00590,0,train
D01523,P00279,1,train
D00768,P00511,0,train
D03009,P01681,0,train
D00614,P01626,1,train
D01379,P01843,0,train
D02775,P00419,0,train
D02008,P01282,0,train
D03010,P00124,1,train
D00529,P01258,1,train
D03011,P01523,1,train
D01919,P00371,0,train
D01224,P00294,1,train
D00125,P01141,0,train
D03012,P00124,1,train
D02328,P00086,0,train
D00886,P00461,0,train
D00093,P00081,0,train
D02452,P00977,0,train
D00545,P01798,1,train
D00694,P00056,1,train
D02150,P01446,0,train
D00067,P01197,0,train
D03013,P01510,0,train
D02501,P00596,0,train
D02130,P00130,1,train
D02401,P00142,1,train
D03014,P01629,0,train
D01098,P01532,1,train
D03015,P00124,1,train
D02672,P00884,0,train
D02087,P00800,0,train
D02566,P00124,1,train
D03016,P01533,1,train
D01959,P00078,1,train
D00512,P00135,1,train
D02558,P00056,1,train
D02329,P00185,0,train
D03017,P00169,1,train
D03018,P01820,0,train
D01671,P00385,1,train
D02162,P01800,0,train
D00705,P00928,1,train
D00078,P01187,0,train
D01580,P01790,0,train
D02224,P01124,0,train
D02336,P00046,0,train
D03019,P00698,0,train
D00465,P00897,1,train
D01904,P00548,1,train
D01521,P00551,0,train
D02395,P00837,1,train
D02100,P01465,1,train
D03020,P01256,0,train
D02157,P00652,0,train
D02023,P00035,0,train
D01412,P00124,1,train
D02315,P01844,1,train
D00333,P01734,0,train
D00615,P00076,1,train
D00088,P00711,0,train
D01412,P00269,1,train
D00071,P01647,0,train
D03021,P00142,1,train
D03022,P00734,1,train
D02694,P00499,1,train
D02988,P00422,0,train
D00695,P00078,1,train
D02863,P01640,0,train
D00625,P00115,1,train
D00103,P00586,0,train
D01752,P00469,1,train
D03023,P01845,0,train
D00455,P01523,0,train
D03024,P01571,0,train
D02177,P01445,1,train
D01777,P01113,0,train
D01377,P00373,0,train
D00959,P00340,0,train
D01978,P00171,1,train
D02897,P00971,1,train
D01609,P00861,1,train
D03025,P01785,0,train
D03026,P00055,0,train
D02966,P00484,0,train
D01091,P01507,1,train
D00459,P00078,1,train
D03027,P01151,1,train
D01711,P00229,1,train
D01534,P00370,0,train
D00659,P00092,1,train
D03028,P01292,0,train
D01610,P00377,1,train
D02477,P00041,0,train
D01193,P00053,0,train
D00828,P00169,1,train
D02581,P00349,0,train
D01340,P01290,0,train
D01508,P00377,1,train
D02759,P01548,0,train
D03029,P00378,1,train
D03030,P00418,1,train
D00257,P01673,0,train
D02345,P00528,1,train
D03017,P00509,1,train
D02240,P00738,0,train
D00079,P00078,1,train
D00654,P00056,1,train
D01285,P01846,0,train
D02755,P01847,0,train
D02557,P00467,0,train
D00607,P00347,1,train
D01045,P01269,0,train
D01290,P01335,1,train
D02673,P00461,1,train
D03031,P00971,1,train
D01819,P01673,1,train
D01108,P01168,1,train
D01422,P00152,0,train
D03032,P00197,1,train
D03033,P01310,0,train
D01739,P00230,1,train
D02522,P00487,1,train
D03034,P00171,1,train
D03035,P01848,0,train
D02298,P01167,0,train
D03036,P00154,0,train
D03037,P00946,1,train
D02189,P00431,1,train
D03035,P00649,0,train
D02585,P00971,1,train
D03038,P01554,0,train
D02511,P00986,0,train
D00141,P00889,0,train
D00982,P01849,0,train
D00961,P00847,1,train
D03039,P00903,0,train
D00279,P01850,0,train
D00208,P00347,1,train
D03040,P00250,1,train
D02616,P01074,0,train
D03041,P00911,1,train
D01576,P00049,1,train
D03042,P00593,1,train
D02493,P00813,0,train
D02350,P00314,0,train
D03043,P00401,0,train
D00255,P00309,1,train
D00152,P01126,1,train
D00463,P01122,0,train
D01649,P00516,0,train
D00339,P00689,0,train
D03044,P00334,1,train
D03045,P01806,0,train
D00659,P00375,1,train
D01852,P00502,1,train
D03046,P01171,1,train
D02738,P01117,0,train
D02271,P00419,0,train
D02009,P01851,0,train
D00178,P00294,1,train
D03047,P01852,0,train
D00524,P00081,1,train
D02781,P01086,1,train
D02602,P01122,0,train
D00498,P01500,0,train
D00646,P00491,0,train
D02344,P00839,0,train
D00070,P00166,1,train
D00341,P00363,1,train
D00014,P00302,1,train
D01636,P00560,1,train
D00509,P01853,0,train
D02980,P00418,0,train
D01150,P01602,0,train
D00512,P00317,0,train
D02728,P00558,0,train
D02779,P00787,0,train
D03048,P01032,1,train
D03049,P00022,1,train
D00667,P01294,0,train
D00103,P01207,0,train
D03050,P01377,1,train
D03051,P01476,0,train
D01920,P01854,0,train
D01446,P00273,0,train
D03052,P00697,0,train
D02409,P00948,0,train
D03053,P01855,0,train
D02276,P00105,1,train
D02072,P00284,1,train
D02681,P00115,1,train
D00669,P00905,1,train
D03054,P00088,1,train
D03055,P00674,0,train
D01368,P00663,1,train
D03056,P00130,1,train
D03057,P00105,1,train
D00874,P01633,0,train
D02420,P01285,0,train
D01196,P00115,1,train
D03058,P01215,0,train
D02718,P00506,0,train
D00230,P01585,0,train
D01189,P01021,1,train
D03059,P01763,0,train
D01707,P00124,1,train
D00158,P00124,1,train
D01299,P01762,0,train
D01838,P00112,0,train
D01454,P00575,0,train
D00133,P01726,1,train
D02741,P01190,0,train
D00018,P00535,0,train
D02680,P01725,0,train
D02061,P00602,0,train
D02004,P00195,1,train
D01891,P00424,1,train
D03060,P00581,1,train
D02538,P01856,0,train
D03061,P01857,0,train
D03062,P00479,1,train
D01701,P00550,0,train
D01813,P00115,1,train
D03063,P00056,0,train
D00671,P00688,0,train
D00162,P00985,1,train
D03064,P01059,0,train
D00614,P01747,1,train
D03065,P01746,0,train
D02426,P01505,1,train
D02511,P01487,0,train
D02345,P00466,1,train
D00741,P01858,1,train
D02735,P00386,0,train
D01291,P01484,0,train
D01702,P00624,1,train
D00303,P01792,0,train
D03066,P01485,0,train
D02117,P00692,0,train
D00686,P00858,0,train
D00383,P00734,1,train
D03067,P00042,1,train
D02379,P00124,1,train
D02218,P01859,0,train
D01993,P01586,0,train
D00139,P00871,1,train
D03068,P00040,1,train
D01454,P00355,1,train
D02360,P00064,0,train
D00162,P00377,1,train
D03069,P01845,0,train
D01290,P00764,1,train
D03070,P00025,1,train
D00910,P00737,1,train
D03071,P00779,0,train
D02398,P00315,0,train
D01578,P00336,1,train
D01209,P01860,0,train
D00305,P00056,1,train
D01507,P00506,1,train
D00688,P00657,0,train
D00318,P00260,1,train
D01544,P00056,1,train
D00425,P00264,1,train
D00008,P00146,1,train
D00646,P00135,1,train
D01621,P00044,1,train
D03072,P00716,1,train
D00927,P00268,0,train
D01017,P00788,1,train
D00101,P00044,1,train
D03073,P00509,1,train
D00688,P00146,0,train
D01660,P00072,1,train
D01739,P01057,0,train
D01796,P00287,1,train
D01401,P00198,1,train
D01838,P00925,1,train
D00318,P01722,1,train
D00555,P00239,1,train
D02905,P01198,0,train
D00598,P00302,0,train
D00668,P01666,1,train
D02625,P00547,0,train
D02240,P00531,1,train
D01135,P00414,1,train
D02572,P00128,1,train
D01356,P00155,1,train
D01671,P00133,1,train
D03074,P01861,0,train
D00245,P01862,0,train
D00603,P00146,1,train
D00656,P01863,0,train
D03075,P00423,0,train
D00984,P00009,0,train
D01883,P01640,0,train
D03076,P01864,1,train
D03077,P00282,0,train
D00139,P00377,1,train
D01166,P01865,0,train
D00339,P01500,1,train
D03078,P00169,1,train
D02965,P00651,0,train
D00959,P01144,1,train
D02625,P00691,1,train
D00349,P00124,1,train
D01355,P00952,0,train
D02140,P01098,0,train
D01450,P01179,0,train
D02783,P00458,0,train
D03079,P00862,0,train
D03080,P01038,0,train
D00602,P01298,0,train
D02839,P00679,0,train
D02853,P01866,0,train
D00478,P00300,0,train
D03081,P00563,0,train
D03082,P00021,1,train
D01412,P00377,1,train
D00092,P00422,1,train
D02176,P00146,1,train
D01521,P00351,0,train
D03083,P01867,0,train
D00167,P00314,1,train
D03084,P00193,0,train
D03085,P00557,1,train
D01713,P01088,0,train
D00235,P00689,1,train
D02516,P00044,1,train
D00626,P00448,1,train
D01392,P00056,1,train
D01833,P01868,0,train
D00312,P00169,1,train
D03086,P00159,0,train
D02758,P00865,1,train
D02038,P00420,1,train
D01559,P01343,0,train
D03087,P00279,0,train
D01954,P00300,0,train
D03088,P01103,0,train
D03089,P00663,0,train
D01677,P00152,0,train
D03090,P00258,1,train
D03091,P00089,0,train
D02158,P00555,0,train
D02397,P01221,0,train
D03092,P00365,0,train
D03093,P01685,0,train
D02704,P00370,1,train
D00092,P00258,1,train
D00686,P01452,0,train
D01236,P01734,1,train
D02764,P00044,1,train
D01759,P00299,0,train
D03094,P00955,0,train
D03057,P00250,1,train
D02382,P01644,1,train
D01284,P00865,1,train
D00549,P00766,1,train
D03095,P01667,0,train
D00014,P01869,1,train
D02158,P01488,1,train
D01387,P00297,1,train
D03096,P01870,0,train
D01701,P00152,1,train
D01578,P01715,1,train
D03027,P01045,0,train
D00019,P00044,1,train
D03097,P00032,0,train
D02005,P00601,0,train
D00530,P00254,0,train
D01983,P00956,0,train
D01706,P00039,1,train
D02081,P00628,0,train
D01509,P01114,1,train
D03098,P01384,0,train
D00740,P01336,0,train
D03099,P01437,0,train
D03100,P01871,0,train
D00383,P00664,0,train
D01800,P00504,1,train
D01145,P00124,1,train
D00273,P01066,0,train
D03101,P01872,0,train
D01353,P00729,0,train
D00149,P01873,0,train
D01471,P01662,1,train
D01000,P00229,1,train
D02518,P00585,1,train
D02648,P00557,0,train
D02555,P00245,0,train
D01742,P00104,0,train
D00162,P00135,1,train
D01459,P00277,0,train
D02850,P01138,0,train
D03102,P00493,1,train
D00598,P00656,0,train
D01471,P00265,1,train
D01806,P01777,1,train
D00849,P01271,0,train
D02584,P01645,0,train
D03024,P00386,0,train
D00732,P00155,1,train
D01873,P01768,0,train
D01912,P01874,0,train
D03103,P00240,1,train
D03104,P01813,0,train
D00364,P00090,1,train
D00944,P00227,1,train
D00312,P01700,1,train
D00262,P01440,0,train
D02209,P01022,0,train
D02817,P01875,0,train
D00953,P00859,1,train
D00312,P00316,1,train
D00606,P00156,1,train
D02600,P00182,1,train
D03105,P01599,0,train
D03106,P01467,0,train
D00195,P00044,1,train
D03107,P01167,0,train
D02583,P00142,1,train
D00008,P00809,1,train
D01486,P00072,1,train
D01619,P01721,0,train
D02354,P00912,1,train
D03040,P01451,0,train
D01452,P00319,0,train
D03108,P00527,0,train
D02445,P01273,0,train
D00332,P00156,1,train
D01286,P00169,1,train
D00598,P01608,0,train
D00993,P01839,1,train
D02702,P01243,0,train
D01745,P00044,1,train
D01008,P00619,0,train
D00656,P01598,0,train
D03109,P01315,1,train
D02751,P01404,0,train
D01224,P00550,0,train
D01453,P00457,1,train
D02228,P00361,0,train
D00038,P01876,0,train
D01140,P00169,1,train
D01575,P00158,0,train
D01009,P01738,1,train
D00001,P00588,0,train
D01880,P00722,0,train
D02907,P00258,1,train
D01044,P00020,0,train
D01931,P01118,0,train
D02156,P01049,1,train
D00949,P00262,1,train
D00618,P00153,1,train
D02055,P01842,0,train
D00012,P00906,0,train
D02893,P01734,1,train
D03110,P00169,1,train
D03011,P01805,1,train
D00698,P00181,1,train
D03111,P00984,0,train
D00539,P00045,0,train
D01436,P01877,0,train
D00773,P00498,0,train
D00101,P00557,1,train
D01915,P00110,0,train
D03112,P00386,0,train
D03113,P01030,0,train
D03114,P00849,0,train
D00865,P01366,1,train
D03115,P00046,0,train
D03116,P00610,0,train
D00952,P01434,0,train
D03117,P00522,0,train
D00950,P00853,1,train
D03118,P00749,0,train
D02840,P01878,0,train
D03119,P01638,0,train
D01842,P01879,0,train
D00014,P00811,1,train
D02212,P01728,0,train
D00035,P01432,0,train
D00777,P00125,1,train
D01237,P00871,1,train
D02120,P00056,1,train
D00610,P00440,1,train
D02344,P01854,1,train
D02186,P01390,0,train
D01170,P01809,1,train
D01036,P01111,0,train
D02215,P01439,0,train
D00060,P00554,0,train
D03120,P01221,0,train
D02624,P00999,0,train
D03121,P00273,0,train
D02886,P00512,0,train
D00508,P01598,0,train
D00495,P01880,1,train
D01143,P00445,0,train
D02382,P00064,1,train
D00913,P00073,1,train
D02423,P00111,1,train
D03122,P01611,0,train
D03094,P00385,0,train
D01362,P00115,1,train
D03052,P00158,1,train
D01454,P00461,1,train
D01757,P00260,0,train
D03123,P01807,1,train
D02975,P00124,1,train
D00249,P01096,1,train
D03099,P01881,1,train
D00232,P00284,0,train
D02145,P01130,0,train
D00953,P01167,1,train
D00892,P00347,1,train
D02993,P00729,0,train
D02137,P01478,0,train
D01580,P01694,0,train
D00103,P01440,1,train
D00940,P01202,1,train
D02965,P00156,1,train
D01944,P01774,0,train
D03124,P00007,1,train
D00280,P01045,0,train
D00880,P01461,1,train
D00255,P00156,1,train
D03125,P00919,0,train
D03126,P01798,0,train
D03127,P00252,0,train
D02077,P00056,1,train
D00570,P01710,0,train
D01904,P01192,0,train
D00570,P01049,1,train
D03128,P00045,0,train
D03129,P01882,0,train
D01503,P00265,1,train
D00014,P01387,1,train
D03130,P01270,0,train
D02749,P00485,1,train
D02550,P00014,0,train
D02447,P01883,0,train
D03131,P00266,0,train
D03132,P00893,0,train
D00238,P01884,1,train
D01761,P00919,0,train
D00254,P00031,0,train
D03133,P00548,1,train
D00474,P00809,1,train
D00014,P00400,1,train
D01685,P00656,0,train
D01108,P01189,1,train
D01191,P00509,1,train
D03134,P00595,0,train
D00019,P00078,1,train
D02044,P00341,0,train
D01584,P00580,0,train
D01898,P00237,0,train
D00590,P00056,1,train
D00452,P00046,0,train
D01175,P00176,0,train
D00408,P00015,0,train
D00060,P01476,1,train
D00277,P01600,0,train
D01022,P00167,1,train
D00314,P01140,1,train
D00034,P00911,0,train
D00682,P01210,0,train
D01503,P01043,1,train
D01317,P01532,0,train
D00529,P00765,1,train
D01482,P01450,0,train
D01454,P01683,0,train
D03135,P00934,0,train
D00179,P00158,1,train
D01121,P01885,0,train
D00317,P00610,1,train
D01871,P00742,1,train
D03136,P01538,1,train
D00741,P01886,1,train
D03137,P00085,1,train
D03138,P01887,0,train
D00582,P01397,0,train
D03139,P00735,1,train
D00753,P00588,1,train
D03140,P00203,0,train
D01264,P01672,0,train
D00240,P00264,1,train
D00580,P00530,0,train
D03141,P01888,1,train
D03142,P00185,1,train
D03143,P01701,0,train
D01070,P01633,0,train
D01146,P00040,1,train
D03144,P01474,1,train
D00410,P00156,1,train
D00255,P00074,0,train
D03145,P00125,0,train
D01965,P01148,0,train
D00260,P00742,1,train
D00544,P00498,1,train
D01503,P01470,0,train
D01337,P01628,1,train
D02830,P01117,0,train
D02505,P00124,1,train
D03146,P01286,0,train
D03147,P00810,0,train
D00741,P00142,1,train
D03148,P00788,0,train
D00035,P01066,0,train
D01408,P00817,0,train
D01017,P00420,1,train
D02705,P00528,1,train
D02267,P01857,0,train
D01793,P00378,0,train
D02363,P01501,0,train
D03149,P01889,0,train
D03150,P00378,1,train
D01043,P01751,0,train
D02180,P01582,0,train
D02767,P00124,1,train
D03151,P01505,0,train
D00195,P00124,1,train
D01288,P00359,1,train
D02337,P00527,0,train
D03152,P00487,1,train
D01891,P00984,0,train
D00139,P00279,1,train
D00432,P00959,1,train
D03153,P01807,1,train
D00344,P01505,0,train
D02746,P00142,1,train
D03154,P00633,0,train
D01017,P00083,1,train
D03155,P00138,0,train
D01393,P01290,0,train
D01401,P00234,1,train
D00670,P00220,1,train
D03156,P01782,0,train
D03157,P00496,0,train
D01166,P00952,0,train
D01196,P00174,1,train
D03158,P01056,1,train
D03159,P00685,0,train
D03160,P01315,1,train
D00329,P00155,1,train
D01094,P01446,1,train
D03161,P01859,0,train
D02047,P00041,0,train
D00180,P01023,0,train
D00167,P00198,1,train
D02641,P00124,1,train
D00500,P01378,0,train
D03162,P00971,0,train
D00178,P00203,1,train
D00993,P01890,1,train
D00518,P00189,1,train
D02650,P01885,1,train
D03163,P00716,1,train
D02331,P01393,1,train
D01228,P00489,1,train
D00300,P00039,1,train
D03164,P00750,0,train
D03165,P00548,1,train
D00296,P00340,0,train
D00765,P00454,1,train
D00178,P00155,1,train
D00609,P01676,0,train
D02154,P00044,1,train
D03166,P01708,0,train
D01706,P01355,1,train
D03167,P00049,1,train
D01236,P00044,1,train
D00757,P01819,0,train
D03168,P00054,1,train
D02129,P00935,0,train
D00733,P00142,1,train
D01685,P00582,1,train
D03169,P00142,1,train
D02353,P00959,0,train
D00626,P00323,1,train
D00182,P01394,0,train
D03170,P01128,0,train
D01699,P00158,1,train
D00505,P00229,1,train
D00334,P01480,1,train
D03171,P00949,1,train
D00665,P00461,1,train
D00075,P00961,0,train
D02022,P01891,0,train
D01034,P01429,1,train
D03172,P01151,0,train
D03173,P00488,1,train
D03174,P00170,1,train
D01468,P00915,1,train
D03175,P00085,1,train
D03176,P00383,0,train
D03177,P00993,0,train
D00565,P00528,0,train
D02994,P00581,0,train
D00424,P01668,0,train
D00775,P01508,0,train
D03096,P01819,0,train
D00149,P00420,1,train
D01108,P00365,1,train
D03178,P00051,0,train
D03179,P00504,1,train
D03180,P01785,0,train
D00999,P00629,1,train
D03181,P01261,0,train
D03182,P01533,1,train
D03183,P00334,1,train
D02437,P00792,0,train
D02600,P01016,0,train
D02619,P00054,1,train
D00559,P01223,0,train
D00105,P00145,1,train
D00953,P00297,0,train
D03184,P00711,0,train
D00455,P00234,1,train
D03185,P00488,0,train
D02857,P00757,0,train
D03186,P01659,0,train
D02692,P01633,0,train
D01613,P00334,1,train
D02012,P00728,0,train
D00902,P01584,0,train
D02405,P00604,1,train
D03187,P01546,0,train
D03082,P00796,1,train
D03188,P00003,1,train
D02061,P00418,1,train
D03189,P00489,0,train
D02964,P01892,0,train
D02493,P01165,0,train
D00864,P00505,1,train
D01672,P00125,1,train
D01138,P01159,0,train
D03190,P01302,0,train
D01765,P00479,1,train
D01990,P00180,0,train
D02271,P01758,1,train
D00707,P01893,1,train
D02034,P01894,0,train
D01500,P00837,1,train
D00438,P00302,1,train
D03062,P01393,1,train
D03191,P00494,0,train
D03072,P00242,0,train
D01598,P00181,1,train
D00533,P00714,1,train
D03192,P01895,1,train
D03193,P00063,1,train
D03194,P00927,0,train
D01270,P01023,0,train
D00151,P00220,1,train
D00327,P00294,1,train
D00208,P00375,1,train
D01125,P00604,1,train
D02366,P01101,0,train
D03195,P00210,0,train
D02695,P00124,1,train
D01782,P01432,1,train
D00105,P01896,1,train
D02546,P01189,0,train
D01418,P00170,1,train
D02362,P01897,0,train
D01783,P01057,0,train
D01317,P00143,0,train
D03196,P00380,0,train
D00211,P00006,1,train
D00058,P00819,0,train
D03197,P01532,0,train
D02761,P00572,1,train
D00092,P00347,1,train
D03198,P00078,1,train
D03199,P01055,0,train
D01939,P01125,0,train
D00776,P00737,1,train
D00903,P00829,0,train
D02305,P00142,1,train
D01416,P01167,1,train
D03200,P01898,0,train
D00014,P01642,1,train
D00337,P00813,0,train
D01467,P01676,0,train
D02939,P00593,1,train
D02593,P01592,0,train
D02939,P00019,0,train
D03201,P01128,0,train
D03202,P01050,0,train
D02694,P00519,1,train
D00096,P00685,1,train
D00019,P00818,1,train
D03079,P01553,0,train
D02813,P00077,0,train
D00331,P01308,0,train
D02182,P01565,0,train
D01323,P00056,1,train
D00302,P00197,1,train
D03203,P00865,1,train
D03204,P00027,0,train
D00140,P01516,0,train
D01457,P00381,0,train
D03205,P00721,0,train
D00211,P00151,1,train
D00280,P00056,1,train
D01892,P00416,0,train
D03206,P00078,1,train
D02042,P00152,1,train
D01122,P01789,0,train
D00642,P00254,0,train
D00470,P01698,0,train
D00709,P01292,0,train
D01301,P00091,0,train
D02936,P01380,0,train
D02386,P01378,0,train
D00578,P01400,1,train
D01556,P00067,1,train
D03207,P00891,0,train
D03130,P00451,0,train
D03208,P00130,1,train
D01646,P00255,0,train
D00266,P00435,0,train
D00014,P01499,1,train
D03209,P01565,0,train
D02709,P01899,0,train
D03201,P00140,0,train
D00546,P00370,1,train
D03210,P00140,0,train
D02511,P01066,0,train
D03211,P00159,0,train
D03212,P01225,0,train
D01591,P00111,1,train
D03213,P01900,0,train
D03214,P00169,1,train
D02617,P00856,0,train
D01264,P00352,1,train
D02767,P00049,1,train
D01255,P00155,1,train
D03215,P01752,1,train
D03216,P01432,0,train
D03217,P00966,0,train
D01292,P01722,0,train
D00108,P00169,1,train
D02642,P00709,0,train
D02623,P00319,0,train
D00150,P01801,1,train
D02810,P00326,0,train
D00329,P01712,0,train
D00300,P00063,1,train
D02386,P00969,1,train
D02168,P00663,1,train
D03218,P01420,0,train
D03219,P00526,0,train
D03209,P01502,0,train
D02887,P01901,0,train
D02284,P00735,0,train
D03065,P00270,1,train
D03220,P00029,1,train
D02232,P00256,0,train
D01124,P00604,0,train
D02487,P00378,1,train
D03221,P00585,0,train
D03150,P00391,0,train
D02759,P00962,0,train
D00797,P00456,0,train
D00659,P00454,1,train
D01365,P00126,0,train
D03078,P00044,1,train
D00023,P01431,0,train
D01309,P00723,1,train
D00992,P00582,1,train
D00189,P01163,1,train
D01661,P00078,1,train
D00852,P00056,1,train
D01196,P00820,1,train
D00654,P00912,0,train
D03222,P01639,0,train
D01722,P01607,0,train
D02047,P01885,0,train
D00749,P00575,1,train
D01146,P00182,1,train
D00085,P00563,0,train
D03223,P01288,1,train
D00626,P00365,1,train
D00922,P01902,0,train
D00113,P01644,1,train
D03224,P01853,1,train
D00619,P01732,1,train
D01133,P01903,0,train
D00679,P01825,0,train
D00507,P01588,0,train
D01194,P00056,1,train
D03225,P00054,1,train
D01841,P00858,0,train
D02976,P00190,1,train
D02094,P00124,1,train
D01093,P01749,0,train
D00105,P01883,1,train
D01276,P01160,0,train
D00614,P01786,1,train
D00514,P00847,1,train
D00468,P01169,0,train
D01576,P00853,1,train
D01931,P01052,0,train
D01243,P00703,1,train
D00385,P00069,1,train
D02344,P01815,1,train
D02988,P01816,0,train
D00305,P00232,1,train
D03226,P01389,0,train
D00215,P00170,1,train
D03227,P01315,1,train
D01979,P00627,0,train
D03228,P01519,0,train
D00865,P00042,1,train
D03229,P00543,1,train
D00273,P00618,0,train
D03211,P00148,0,train
D01908,P00459,0,train
D03230,P01641,1,train
D00140,P01166,0,train
D01039,P00599,1,train
D03231,P00980,1,train
D03232,P00044,1,train
D03233,P00199,1,train
D03234,P00831,1,train
D00975,P00109,1,train
D03235,P00203,1,train
D00953,P00190,0,train
D01458,P01904,0,train
D03107,P01080,1,train
D00815,P00668,0,train
D00456,P00448,1,train
D03236,P01905,0,train
D02625,P01241,0,train
D01543,P01620,0,train
D02384,P00654,1,train
D01773,P00023,1,train
D01081,P00555,0,train
D02319,P01625,0,train
D02120,P00448,1,train
D00080,P00914,1,train
D00416,P00601,1,train
D00716,P01906,0,train
D00901,P00314,1,train
D03103,P00544,1,train
D01450,P01907,0,train
D00480,P01138,0,train
D03237,P01249,1,train
D01317,P00279,0,train
D01880,P00830,0,train
D01537,P00056,1,train
D00512,P00227,1,train
D00199,P00544,1,train
D01538,P00762,0,train
D00413,P00182,1,train
D00339,P01006,1,train
D01112,P01235,1,train
D01521,P00946,1,train
D01885,P00158,1,train
D03238,P00370,1,train
D03239,P00242,0,train
D01564,P00905,1,train
D01210,P00155,1,train
D00128,P00208,1,train
D03240,P00700,0,train
D00917,P00106,0,train
D02388,P01908,1,train
D00491,P00947,0,train
D01366,P00189,1,train
D00325,P01773,0,train
D01953,P00554,1,train
D00314,P00385,0,train
D01772,P00692,0,train
D01300,P00588,1,train
D01554,P00604,1,train
D02226,P00046,0,train
D01154,P00463,1,train
D03241,P00203,1,train
D00151,P00681,1,train
D03242,P01857,0,train
D01113,P00905,1,train
D02800,P00703,0,train
D03243,P01748,0,train
D00324,P00262,1,train
D00178,P00258,1,train
D01366,P00968,0,train
D00701,P01608,0,train
D00014,P00445,1,train
D01885,P00242,0,train
D00960,P00344,0,train
D01591,P00865,1,train
D01759,P00468,1,train
D03244,P00735,0,train
D03245,P01376,1,train
D03246,P00258,1,train
D03247,P00262,1,train
D01242,P01627,0,train
D00676,P00852,0,train
D00455,P00324,1,train
D01674,P01909,0,train
D01080,P01269,1,train
D03248,P01787,0,train
D00061,P00336,1,train
D02030,P00630,0,train
D03249,P00693,0,train
D01261,P00640,1,train
D03250,P01343,0,train
D02907,P00557,1,train
D01140,P00324,1,train
D02697,P01823,1,train
D03075,P01441,0,train
D01126,P00226,0,train
D00907,P00449,1,train
D03251,P00606,0,train
D00814,P00025,1,train
D03252,P01767,0,train
D03253,P01867,0,train
D00203,P00170,1,train
D01282,P00298,1,train
D01264,P00611,1,train
D00378,P00890,1,train
D03254,P01574,1,train
D00151,P00056,1,train
D00868,P01105,0,train
D03255,P01439,1,train
D01508,P00298,0,train
D03256,P00003,1,train
D01033,P01399,0,train
D02175,P00042,1,train
D01644,P01910,0,train
D01061,P01204,0,train
D01550,P00602,1,train
D00991,P01911,1,train
D02697,P00078,0,train
D01871,P00203,1,train
D01233,P00047,1,train
D01174,P00065,1,train
D01528,P01251,0,train
D00313,P00078,1,train
D00428,P00601,1,train
D01790,P00054,1,train
D00809,P00078,1,train
D00151,P01603,0,train
D03257,P01912,0,train
D01328,P00078,1,train
D03174,P00056,1,train
D02946,P01782,0,train
D02131,P01913,1,train
D01935,P00601,1,train
D01120,P00398,0,train
D03101,P01139,1,train
D00473,P00065,1,train
D01280,P01905,1,train
D02683,P00262,1,train
D00684,P01506,0,train
D01008,P00767,0,train
D00975,P01565,0,train
D00696,P01500,0,train
D03258,P00054,1,train
D00891,P01822,0,train
D03259,P01914,0,train
D01972,P01457,0,train
D03122,P00469,1,train
D01554,P00155,1,train
D00606,P00092,1,train
D02319,P01568,0,train
D03260,P00671,1,train
D03261,P00111,1,train
D01845,P00378,1,train
D02573,P01830,0,train
D00787,P00103,0,train
D00919,P00182,0,train
D01817,P01730,0,train
D01030,P00171,1,train
D00895,P00316,1,train
D01606,P00706,1,train
D00276,P00356,1,train
D02963,P00956,0,train
D00221,P00078,1,train
D00762,P01881,0,train
D00329,P00078,1,train
D03262,P01657,1,train
D02610,P00689,1,train
D02588,P00334,1,train
D03263,P00018,1,train
D02665,P00581,0,train
D00538,P00469,1,train
D02224,P01915,0,train
D03264,P00816,0,train
D00626,P00130,1,train
D01349,P01411,0,train
D02183,P00827,0,train
D03265,P01916,0,train
D03266,P00623,1,train
D03267,P00127,1,train
D03268,P01214,0,train
D02558,P00049,1,train
D01754,P00681,1,train
D01670,P00130,1,train
D00099,P00645,0,train
D03269,P01286,0,train
D01430,P01634,0,train
D02544,P01917,0,train
D03270,P00842,0,train
D03004,P00242,0,train
D00564,P00378,1,train
D00864,P00809,1,train
D03271,P01628,0,train
D02923,P00835,0,train
D00523,P00174,1,train
D02357,P00124,1,train
D00245,P01317,0,train
D03272,P00054,1,train
D00162,P00809,1,train
D02683,P00208,1,train
D02935,P00911,1,train
D03273,P01918,0,train
D00103,P00925,1,train
D02731,P01287,0,train
D03274,P00142,1,train
D03010,P00044,1,train
D01025,P01076,0,train
D03275,P01467,0,train
D01401,P00130,1,train
D02749,P01919,0,train
D00692,P01129,0,train
D00618,P00269,1,train
D03276,P00293,1,train
D03277,P00053,0,train
D01031,P00083,0,train
D03278,P01920,0,train
D03279,P00515,0,train
D01330,P01126,0,train
D01723,P01059,0,train
D03280,P01892,0,train
D03281,P01921,1,train
D03282,P01036,0,train
D03283,P00092,0,train
D01197,P01737,0,train
D03131,P00550,1,train
D00606,P01891,0,train
D02017,P00764,0,train
D03284,P00156,1,train
D01214,P01138,0,train
D03285,P01559,0,train
D01576,P00847,1,train
D02599,P00539,1,train
D00486,P00155,1,train
D01523,P00016,1,train
D03286,P01571,0,train
D01309,P00004,0,train
D00574,P01519,1,train
D01899,P01120,0,train
D03287,P00130,1,train
D01862,P00845,0,train
D02018,P00197,0,train
D02659,P00304,1,train
D00425,P00234,1,train
D01258,P01020,0,train
D01935,P00264,1,train
D00332,P00182,1,train
D01699,P00146,1,train
D00452,P00115,1,train
D01841,P01421,0,train
D02396,P01238,0,train
D00353,P01922,0,train
D00906,P00787,0,train
D02201,P00645,0,train
D00858,P01792,1,train
D03288,P00302,0,train
D03180,P01305,1,train
D00589,P00563,0,train
D00875,P00205,0,train
D03289,P00370,1,train
D00321,P01185,1,train
D01609,P01424,1,train
D01158,P00737,1,train
D01400,P01741,0,train
D02134,P01923,0,train
D00531,P00124,1,train
D03290,P00249,0,train
D03291,P00149,1,train
D03292,P01132,1,train
D03293,P01182,0,train
D01195,P00717,1,train
D03294,P01418,1,train
D02648,P00109,0,train
D00827,P00582,0,train
D02833,P01874,0,train
D01417,P01480,1,train
D03295,P01765,0,train
D03296,P00127,0,train
D00810,P00414,1,train
D00864,P00681,1,train
D03297,P00023,0,train
D00208,P00232,1,train
D01486,P01076,1,train
D03298,P01924,0,train
D03299,P00155,1,train
D00991,P00551,1,train
D01358,P01925,0,train
D03300,P00529,0,train
D03301,P01926,0,train
D03041,P01927,0,train
D01910,P00155,1,train
D00195,P00326,1,train
D03302,P00827,0,train
D00381,P01928,0,train
D03303,P01024,1,train
D00616,P00269,1,train
D01098,P01047,1,train
D03304,P00418,1,train
D02314,P00290,0,train
D00618,P01372,0,train
D01264,P01200,1,train
D00973,P00865,1,train
D00068,P00689,1,train
D03305,P00259,1,train
D00630,P00056,1,train
D03306,P00674,0,train
D01760,P01745,0,train
D00614,P00292,1,train
D00804,P01800,0,train
D03307,P00418,1,train
D00340,P01037,0,train
D00436,P01276,0,train
D01724,P00384,0,train
D01716,P01169,0,train
D01276,P00919,0,train
D01649,P00301,0,train
D01984,P00448,1,train
D03308,P00680,0,train
D01430,P00448,1,train
D01587,P01056,1,train
D00083,P00946,0,train
D02411,P00195,0,train
D02234,P00740,0,train
D01136,P00884,0,train
D01222,P00171,1,train
D02988,P01224,1,train
D03247,P00124,1,train
D02613,P00078,1,train
D00981,P00049,1,train
D01302,P00316,1,train
D03309,P00211,1,train
D03310,P01333,0,train
D01951,P00078,1,train
D00609,P00975,0,train
D00321,P00208,1,train
D03311,P01144,0,train
D01168,P00171,1,train
D00870,P00541,1,train
D02968,P00294,1,train
D01871,P00601,1,train
D02047,P01397,0,train
D02685,P00012,1,train
D03312,P01869,0,train
D00544,P00911,0,train
D00984,P01333,0,train
D00898,P01851,0,train
D03313,P00389,0,train
D01239,P01076,1,train
D01727,P00786,0,train
D01900,P00147,0,train
D00451,P00557,1,train
D00037,P01160,0,train
D01504,P00229,1,train
D02324,P00249,1,train
D01692,P01883,0,train
D00058,P00052,0,train
D00970,P00078,1,train
D02776,P01006,1,train
D00598,P00309,1,train
D03181,P00428,0,train
D03314,P01032,0,train
D00700,P01465,1,train
D01825,P00875,0,train
D01641,P01643,0,train
D01242,P00721,0,train
D00533,P00868,0,train
D00221,P00156,1,train
D00107,P01503,1,train
D03315,P01786,0,train
D01075,P00448,1,train
D00349,P00130,1,train
D00196,P01081,1,train
D03316,P00331,0,train
D03052,P00309,1,train
D00991,P01646,1,train
D01289,P00083,1,train
D01733,P00499,1,train
D00282,P00197,1,train
D00416,P00264,1,train
D02297,P01021,0,train
D02998,P00085,0,train
D00510,P00124,1,train
D00264,P00293,1,train
D01187,P00510,0,train
D00937,P00128,1,train
D01063,P00678,0,train
D00857,P00866,0,train
D02772,P01404,0,train
D01710,P00285,0,train
D02500,P01346,0,train
D02959,P01515,0,train
D01841,P00324,1,train
D02293,P00171,1,train
D03317,P01640,0,train
D03318,P00308,0,train
D03052,P00220,1,train
D03319,P01929,0,train
D03320,P00103,1,train
D02650,P00530,1,train
D02643,P01706,0,train
D00074,P00601,1,train
D03200,P01337,0,train
D01238,P00389,1,train
D03321,P00606,0,train
D01237,P00161,1,train
D02336,P00134,1,train
D03322,P00044,1,train
D00878,P01930,0,train
D03323,P00703,1,train
D00754,P00203,1,train
D03324,P00378,1,train
D03325,P00726,0,train
D02826,P00063,1,train
D00002,P01876,0,train
D00385,P00219,1,train
D02451,P00063,1,train
D01368,P00124,1,train
D01790,P00181,1,train
D00724,P00072,1,train
D03207,P00643,0,train
D03326,P00128,1,train
D03327,P00716,0,train
D00166,P00227,1,train
D00324,P00264,1,train
D00621,P00329,1,train
D00512,P00115,1,train
D00058,P00493,1,train
D03328,P01211,0,train
D00646,P00309,1,train
D01971,P00085,1,train
D03329,P00072,1,train
D00015,P00293,1,train
D02622,P00739,0,train
D00451,P00078,1,train
D02483,P01237,0,train
D01393,P00047,0,train
D00691,P01759,0,train
D03330,P01346,0,train
D03331,P01816,0,train
D01501,P00366,1,train
D00745,P01436,0,train
D00476,P00096,0,train
D02644,P01036,0,train
D00544,P01868,0,train
D03332,P01927,0,train
D00264,P00045,0,train
D01343,P01033,0,train
D03333,P01381,0,train
D03131,P00204,1,train
D01098,P01261,0,train
D00092,P00209,1,train
D01425,P00308,0,train
D02516,P00124,1,train
D03334,P01089,0,train
D00384,P00155,1,train
D00255,P00258,1,train
D03335,P00249,0,train
D00607,P00156,1,train
D03049,P01562,0,train
D01538,P00158,1,train
D02262,P01931,0,train
D02121,P01279,0,train
D00313,P00044,1,train
D03317,P01150,0,train
D03336,P01932,0,train
D02218,P00124,1,train
D00656,P00171,1,train
D01293,P01668,0,train
D00364,P00937,1,train
D00010,P00358,1,train
D00166,P00681,1,train
D03337,P00054,1,train
D01664,P01933,1,train
D00563,P01878,0,train
D00530,P00293,1,train
D00974,P01934,1,train
D02211,P01935,1,train
D02468,P00111,1,train
D02281,P00656,0,train
D02326,P01087,0,train
D00739,P00249,0,train
D03338,P00231,0,train
D00010,P01936,0,train
D01440,P00450,0,train
D00648,P00064,0,train
D00288,P00506,1,train
D00258,P01701,0,train
D01108,P01929,1,train
D03339,P00037,0,train
D00490,P00645,1,train
D00529,P01564,1,train
D01241,P00249,0,train
D00822,P00694,0,train
D02188,P00414,1,train
D01072,P00314,1,train
D01610,P00331,0,train
D03052,P00042,1,train
D01591,P00201,0,train
D03340,P00052,0,train
D03341,P00548,1,train
D02352,P01174,1,train
D00313,P01480,1,train
D03342,P01937,0,train
D02203,P00573,0,train
D03343,P01922,0,train
D03344,P01088,1,train
D00824,P01873,0,train
D03100,P01177,0,train
D03345,P01938,0,train
D00824,P00124,1,train
D00012,P00932,0,train
D00012,P01215,0,train
D01943,P00643,1,train
D01246,P00340,0,train
D01924,P00128,1,train
D00615,P00049,1,train
D00737,P01939,0,train
D01137,P00552,1,train
D01051,P00485,1,train
D01258,P00672,1,train
D02740,P01940,0,train
D02129,P00448,0,train
D02411,P01085,0,train
D02647,P00128,1,train
D00151,P00070,1,train
D03067,P01776,1,train
D03346,P00655,1,train
D02525,P01941,0,train
D01407,P00124,1,train
D02558,P00155,1,train
D03037,P00040,1,train
D01398,P01790,1,train
D00456,P00078,1,train
D02028,P00504,0,train
D00222,P01616,0,train
D03347,P00833,0,train
D00165,P01027,1,train
D03149,P01104,0,train
D00139,P00999,0,train
D03348,P00334,1,train
D03349,P00124,1,train
D00470,P00686,0,train
D03350,P01805,0,train
D01830,P00146,1,train
D03351,P00249,1,train
D00276,P00363,1,train
D02034,P01942,0,train
D03267,P00172,0,train
D00422,P00220,1,train
D00166,P00506,1,train
D01901,P01597,0,train
D03352,P01675,1,train
D03010,P00155,1,train
D00292,P00208,1,train
D03060,P00874,0,train
D02840,P00169,1,train
D00973,P00386,1,train
D03353,P00241,1,train
D01790,P00738,1,train
D03354,P01943,0,train
D00107,P00461,1,train
D01228,P01533,1,train
D00160,P01104,0,train
D02613,P00124,1,train
D03116,P01310,0,train
D03355,P00363,1,train
D02379,P01097,0,train
D00401,P00123,0,train
D00281,P00309,1,train
D00921,P00124,1,train
D03148,P00082,0,train
D01091,P00230,0,train
D02575,P00262,1,train
D00378,P01124,1,train
D00892,P01530,0,train
D00557,P00516,0,train
D03295,P01325,0,train
D03356,P01018,1,train
D02299,P01152,0,train
D03357,P00414,1,train
D03358,P01118,0,train
D03359,P00141,0,train
D03360,P00524,0,train
D03160,P01532,0,train
D03361,P01434,0,train
D03362,P00728,0,train
D00479,P00124,1,train
D02152,P01329,1,train
D01621,P00327,1,train
D01966,P01706,0,train
D02245,P00259,1,train
D03217,P01272,0,train
D01098,P01844,1,train
D00008,P00269,1,train
D02371,P00961,0,train
D00956,P00370,1,train
D03363,P00142,1,train
D03079,P01519,0,train
D00133,P00327,1,train
D00967,P01248,0,train
D01417,P00632,0,train
D01994,P00648,0,train
D00471,P00628,0,train
D01498,P01741,0,train
D01511,P01879,0,train
D00971,P01078,0,train
D03364,P00406,0,train
D01301,P00072,1,train
D00888,P00142,1,train
D01295,P00078,1,train
D00430,P01022,0,train
D00137,P00161,1,train
D03365,P00043,0,train
D03034,P01108,0,train
D03366,P01944,0,train
D03367,P01756,0,train
D01966,P00078,1,train
D03368,P01311,0,train
D03369,P01747,0,train
D03370,P00283,0,train
D00432,P00558,0,train
D00329,P01086,1,train
D03371,P01153,0,train
D00346,P00167,0,train
D00880,P00701,1,train
D00169,P01945,0,train
D01597,P01675,1,train
D00075,P00267,0,train
D03372,P00199,1,train
D03373,P00781,0,train
D00514,P00324,1,train
D03374,P01130,0,train
D03357,P01946,0,train
D01323,P00245,1,train
D00113,P00356,0,train
D00829,P00418,1,train
D02519,P00579,1,train
D02031,P01547,1,train
D00225,P00115,1,train
D00300,P01046,1,train
D03375,P01470,0,train
D03109,P01566,0,train
D02676,P01045,0,train
D00092,P00375,1,train
D02621,P00462,1,train
D02316,P00282,0,train
D00014,P01107,1,train
D00607,P00847,1,train
D00276,P00506,1,train
D02205,P00202,1,train
D01507,P00356,1,train
D00339,P00329,0,train
D02013,P01076,1,train
D03376,P01947,0,train
D03377,P00670,0,train
D00590,P00065,1,train
D03378,P00509,1,train
D02006,P00518,0,train
D01026,P01948,1,train
D00577,P01223,1,train
D03056,P00314,1,train
D02589,P00831,1,train
D02117,P00226,1,train
D02838,P00057,0,train
D00964,P01851,0,train
D03010,P00763,0,train
D03379,P01742,1,train
D01326,P00314,1,train
D00362,P01684,1,train
D03380,P01184,1,train
D03381,P01949,0,train
D03049,P01950,0,train
D00103,P00937,1,train
D00892,P00422,1,train
D00332,P00056,1,train
D03204,P00865,1,train
D03084,P01360,0,train
D02117,P00564,0,train
D02623,P00979,0,train
D03382,P00435,0,train
D01565,P00791,0,train
D02958,P01328,0,train
D03383,P00124,1,train
D00122,P00900,0,train
D03082,P01277,0,train
D02694,P01951,1,train
D00208,P00847,1,train
D01852,P01474,0,train
D03384,P01178,1,train
D03322,P00916,0,train
D01703,P00701,0,train
D03385,P01044,0,train
D02344,P00035,1,train
D01721,P01936,0,train
D03247,P01191,0,train
D00607,P00314,1,train
D00255,P00363,1,train
D01863,P01952,0,train
D00968,P00309,1,train
D01627,P00818,0,train
D00087,P00192,0,train
D01404,P00130,1,train
D00108,P00044,1,train
D03386,P01132,1,train
D01043,P01357,0,train
D02526,P00113,0,train
D02666,P00208,1,train
D00609,P01286,1,train
D00959,P01339,1,train
D03284,P01235,1,train
D00162,P01402,1,train
D03387,P00152,1,train
D00324,P00155,1,train
D03388,P00940,0,train
D03389,P00512,1,train
D00455,P00078,1,train
D02297,P00128,1,train
D03390,P00717,0,train
D00925,P01490,0,train
D03391,P00274,0,train
D01157,P00784,0,train
D03392,P00723,0,train
D01417,P00837,1,train
D00381,P00259,1,train
D02155,P00155,1,train
D03031,P00615,0,train
D00901,P00186,0,train
D01882,P00234,1,train
D01475,P01924,0,train
D01699,P00363,1,train
D00416,P00232,1,train
D01328,P00931,0,train
D03393,P01667,0,train
D03394,P00096,0,train
D03363,P01952,0,train
D01211,P00169,1,train
D00924,P00255,0,train
D01430,P00044,1,train
D03070,P01741,0,train
D01401,P00208,1,train
D01208,P01362,0,train
D01749,P00965,0,train
D03395,P00408,0,train
D03362,P00124,1,train
D02231,P01857,0,train
D00074,P00229,1,train
D03396,P00963,0,train
D02467,P00220,0,train
D03082,P00936,1,train
D03397,P01424,0,train
D00916,P00429,0,train
D03398,P01707,0,train
D02721,P01953,0,train
D01737,P01582,0,train
D01032,P01742,0,train
D01951,P00699,0,train
D02533,P00698,1,train
D00691,P00096,0,train
D01650,P01584,0,train
D03348,P00922,0,train
D02125,P00798,0,train
D02869,P01649,0,train
D00417,P00038,1,train
D00668,P00232,0,train
D02376,P00094,0,train
D02414,P00608,0,train
D03399,P01658,0,train
D00403,P00242,0,train
D00211,P01583,1,train
D01394,P01215,1,train
D02623,P01365,0,train
D02419,P01607,0,train
D00620,P01701,0,train
D03104,P01173,0,train
D01269,P00350,1,train
D00964,P00799,0,train
D00491,P00234,1,train
D01655,P01178,0,train
D02251,P01006,1,train
D00884,P00177,1,train
D00258,P01189,0,train
D00050,P01298,0,train
D01468,P00204,1,train
D03400,P00511,0,train
D02363,P00298,0,train
D03401,P01071,0,train
D02713,P01455,0,train
D01133,P00169,1,train
D02365,P00049,1,train
D00014,P01130,1,train
D00023,P01456,0,train
D00361,P00528,1,train
D03070,P01954,0,train
D03402,P01945,0,train
D00297,P00695,0,train
D00007,P01897,0,train
D02361,P01099,0,train
D02267,P00338,0,train
D01173,P00234,0,train
D03403,P00361,0,train
D00732,P00316,1,train
D00886,P00293,1,train
D01452,P00577,0,train
D02375,P00056,1,train
D00044,P01916,0,train
D00407,P01432,1,train
D01762,P00752,0,train
D01871,P00262,1,train
D01379,P00233,1,train
D03404,P00157,0,train
D03405,P00115,1,train
D02166,P01277,0,train
D02794,P00457,0,train
D00364,P00906,0,train
D02836,P00537,0,train
D02203,P01270,0,train
D02117,P01319,0,train
D02964,P00987,0,train
D00341,P00356,1,train
D00163,P00155,1,train
D01194,P00806,0,train
D02490,P00047,1,train
D00529,P01813,1,train
D00367,P00706,1,train
D03107,P00040,0,train
D03389,P00319,0,train
D00796,P00557,0,train
D01784,P00546,0,train
D01849,P00341,0,train
D00378,P01939,1,train
D00299,P00094,0,train
D00365,P00326,0,train
D02843,P00253,0,train
D03406,P00049,1,train
D01619,P01056,1,train
D00368,P01775,0,train
D02148,P01643,0,train
D01860,P00601,1,train
D01216,P00894,1,train
D03407,P01262,1,train
D01452,P00380,1,train
D01196,P00056,1,train
D01537,P00448,1,train
D03408,P00238,0,train
D00492,P01323,0,train
D03388,P00106,0,train
D01082,P00187,1,train
D02807,P00818,0,train
D02823,P00600,0,train
D02382,P01702,0,train
D01729,P00033,0,train
D03338,P01755,0,train
D02155,P00895,1,train
D00634,P00262,1,train
D01237,P00273,1,train
D03004,P00243,1,train
D00802,P00151,0,train
D03409,P01297,1,train
D03410,P00976,0,train
D00110,P01696,0,train
D03411,P00124,1,train
D01228,P00912,0,train
D02122,P00440,1,train
D02962,P01955,0,train
D02955,P00533,0,train
D00155,P00269,0,train
D02407,P00063,0,train
D00377,P01040,0,train
D03412,P01416,0,train
D03413,P00124,1,train
D00777,P00083,1,train
D02814,P01536,0,train
D02352,P00797,1,train
D00182,P01097,0,train
D03414,P00838,0,train
D03415,P00259,0,train
D00993,P01956,0,train
D02240,P01537,1,train
D01799,P01738,0,train
D03416,P01544,1,train
D02564,P01904,0,train
D02810,P00450,0,train
D03364,P00219,0,train
D01640,P00155,1,train
D00019,P00894,1,train
D02313,P00847,0,train
D03417,P00314,1,train
D03357,P01567,0,train
D03223,P01252,0,train
D01316,P01014,0,train
D02214,P00554,1,train
D01555,P00056,1,train
D01699,P00155,1,train
D01150,P01303,0,train
D00622,P01645,0,train
D01979,P01733,0,train
D02813,P00828,0,train
D00334,P01092,1,train
D01392,P01213,0,train
D01454,P01480,1,train
D01379,P00180,0,train
D00321,P01747,0,train
D01077,P00033,0,train
D03418,P01957,0,train
D03419,P00667,0,train
D01790,P01339,0,train
D00306,P00124,1,train
D00864,P00227,1,train
D03019,P00831,1,train
D01075,P00385,1,train
D00904,P01151,0,train
D03181,P00902,1,train
D00272,P01766,1,train
D03420,P01958,0,train
D01800,P00044,1,train
D00299,P00305,1,train
D03421,P01293,1,train
D00081,P01145,1,train
D01687,P00639,0,train
D01733,P00111,1,train
D00864,P01402,1,train
D02468,P01959,0,train
D02593,P00835,0,train
D03355,P00042,1,train
D00059,P01399,0,train
D00527,P01960,0,train
D03051,P01641,0,train
D00112,P00808,0,train
D00732,P00448,1,train
D02877,P01847,0,train
D00545,P00425,1,train
D03141,P00668,0,train
D01036,P00056,1,train
D01748,P00663,1,train
D03422,P01907,0,train
D00192,P00737,1,train
D02511,P00663,1,train
D03423,P01088,1,train
D02572,P00471,0,train
D02600,P01063,1,train
D01156,P00044,1,train
D02916,P00360,1,train
D00993,P01961,1,train
D02184,P01962,1,train
D00103,P00853,1,train
D01098,P01799,1,train
D01587,P01202,0,train
D03424,P01963,0,train
D02318,P00465,0,train
D03322,P00056,1,train
D01042,P00281,0,train
D03425,P00476,1,train
D01129,P00938,0,train
D02013,P00531,0,train
D01196,P01516,0,train
D01616,P00977,0,train
D01069,P00049,1,train
D02814,P00383,0,train
D03426,P01239,0,train
D00127,P01950,0,train
D00057,P00208,1,train
D01899,P01627,0,train
D01415,P01378,1,train
D02646,P01835,0,train
D01169,P01964,0,train
D00686,P00321,0,train
D00273,P00837,1,train
D02650,P01100,1,train
D01088,P00047,1,train
D00043,P00161,1,train
D02551,P01563,0,train
D00646,P00344,0,train
D00176,P00532,1,train
D02041,P00252,0,train
D01671,P00169,1,train
D03127,P00869,0,train
D03427,P01737,0,train
D02907,P00092,1,train
D01467,P00170,1,train
D01367,P01904,0,train
D03428,P00954,0,train
D01165,P00169,1,train
D03397,P01965,0,train
D00167,P00155,1,train
D00781,P00184,1,train
D01700,P00707,1,train
D00151,P01814,1,train
D02881,P01966,0,train
D02189,P00791,0,train
D02605,P01595,0,train
D00215,P00124,1,train
D00610,P01147,0,train
D00238,P00169,1,train
D02101,P00795,0,train
D00056,P00588,0,train
D00293,P00341,0,train
D00266,P01733,0,train
D01122,P01063,0,train
D01743,P00140,0,train
D02868,P00749,0,train
D03429,P01315,1,train
D00060,P01801,1,train
D02817,P00875,0,train
D02122,P00869,0,train
D00852,P00049,1,train
D01141,P01967,0,train
D00993,P00063,1,train
D03430,P00774,0,train
D03431,P00046,0,train
D03432,P01401,0,train
D02089,P00207,0,train
D00980,P00426,0,train
D01982,P00521,0,train
D03433,P01728,0,train
D00461,P00044,0,train
D03221,P00184,0,train
D00798,P00572,1,train
D03277,P00169,0,train
D03434,P00591,1,train
D03435,P00152,1,train
D00607,P00260,1,train
D00496,P00329,1,train
D01262,P01915,1,train
D01179,P01309,0,train
D00611,P00663,1,train
D03436,P00186,1,train
D03437,P01968,1,train
D00061,P00390,1,train
D00726,P00065,1,train
D03438,P01647,0,train
D02360,P01768,1,train
D03439,P01530,1,train
D03440,P00142,1,train
D01149,P00858,0,train
D00378,P00704,1,train
D03441,P00643,0,train
D00150,P00142,0,train
D02116,P00124,1,train
D03442,P00630,0,train
D03407,P00636,0,train
D01270,P00328,0,train
D03093,P00562,0,train
D00880,P00712,1,train
D00427,P01969,0,train
D00178,P00207,0,train
D01828,P00235,0,train
D02426,P00830,1,train
D03160,P00212,0,train
D03443,P01970,0,train
D02723,P00189,1,train
D02587,P01087,1,train
D01790,P00541,1,train
D02819,P01576,0,train
D00232,P01230,1,train
D03284,P00351,1,train
D02093,P01056,0,train
D00160,P01767,1,train
D00316,P00517,1,train
D00860,P01515,1,train
D01224,P00347,1,train
D03444,P00539,0,train
D00210,P01605,1,train
D03445,P00142,1,train
D01541,P00448,1,train
D00546,P01864,0,train
D01123,P00613,0,train
D00615,P00809,1,train
D02774,P00167,0,train
D00730,P01440,0,train
D02953,P01708,0,train
D03145,P00315,1,train
D02286,P01006,1,train
D03446,P01341,0,train
D00042,P01260,0,train
D00195,P00853,1,train
D03447,P00493,1,train
D02850,P01719,0,train
D03066,P00797,0,train
D03448,P00124,1,train
D00650,P00356,1,train
D01581,P01865,0,train
D03449,P00985,0,train
D00954,P00063,1,train
D00859,P00642,0,train
D02473,P00056,1,train
D03104,P00046,0,train
D03450,P00056,1,train
D02327,P01240,0,train
D03374,P01971,0,train
D02038,P00652,0,train
D03451,P01034,1,train
D02264,P01509,1,train
D01327,P01018,1,train
D01526,P00153,0,train
D03452,P00208,0,train
D00087,P01134,0,train
D03232,P01690,0,train
D03453,P00022,1,train
D00521,P00509,1,train
D00009,P01972,0,train
D00523,P00943,1,train
D03454,P00111,1,train
D00255,P01307,0,train
D03455,P00124,1,train
D00102,P01973,1,train
D00042,P00498,1,train
D01354,P01000,0,train
D02765,P00370,0,train
D03420,P00040,1,train
D03456,P01428,0,train
D03263,P00408,0,train
D01291,P00124,1,train
D03198,P00409,0,train
D01352,P00234,1,train
D02201,P00620,0,train
D00641,P00171,1,train
D01954,P01667,0,train
D02645,P01123,0,train
D02917,P01749,0,train
D02946,P00082,0,train
D03203,P01974,0,train
D00733,P01871,0,train
D02788,P00208,0,train
D03427,P01147,0,train
D00817,P00109,1,train
D01902,P01376,0,train
D02058,P00189,0,train
D00619,P01215,1,train
D00931,P01598,1,train
D03457,P00899,0,train
D03458,P00067,1,train
D01901,P01199,1,train
D00909,P01458,1,train
D01294,P00040,1,train
D02476,P00171,1,train
D02097,P01975,0,train
D00334,P00128,1,train
D00302,P00169,1,train
D03459,P00429,0,train
D00491,P00232,1,train
D00968,P00913,0,train
D01196,P01012,0,train
D01116,P00171,1,train
D00169,P00079,0,train
D01120,P01741,0,train
D00493,P01056,1,train
D03460,P01283,0,train
D02214,P00937,0,train
D01471,P01450,1,train
D02993,P01235,0,train
D03461,P01169,0,train
D03161,P01175,0,train
D01070,P01468,0,train
D02961,P01234,0,train
D00626,P00131,1,train
D01560,P00453,0,train
D00432,P00917,1,train
D03221,P00124,1,train
D00941,P01686,0,train
D00583,P01690,1,train
D03462,P00180,1,train
D00804,P00601,1,train
D01606,P00124,1,train
D03071,P00578,0,train
D03052,P00479,1,train
D01935,P00124,1,train
D03463,P01007,0,train
D03464,P00111,1,train
D01578,P01650,1,train
D03465,P01208,0,train
D01631,P00069,0,train
D00484,P00174,0,train
D01261,P00509,1,train
D02318,P01326,0,train
D01847,P00729,1,train
D03466,P00063,1,train
D02902,P01326,0,train
D03285,P01639,0,train
D00770,P00098,0,train
D01364,P01471,0,train
D02277,P00461,1,train
D03467,P00170,1,train
D03468,P01976,0,train
D03211,P00469,1,train
D01694,P01315,1,train
D00014,P00102,1,train
D01179,P00487,1,train
D03469,P00167,0,train
D03470,P00054,1,train
D03006,P01977,0,train
D03470,P01751,0,train
D00771,P00280,0,train
D02405,P00375,1,train
D02455,P00232,1,train
D03007,P01978,0,train
D00135,P01979,0,train
D02876,P01956,0,train
D01527,P00220,1,train
D01415,P00044,1,train
D03103,P00034,1,train
D03471,P00044,1,train
D01847,P01591,0,train
D00329,P01768,1,train
D01501,P01413,0,train
D01133,P00448,1,train
D00051,P00362,1,train
D02024,P01919,0,train
D01538,P00135,1,train
D01723,P01387,0,train
D00215,P01980,0,train
D01625,P00124,1,train
D03472,P01981,1,train
D03473,P00124,1,train
D00030,P01126,0,train
D01699,P00871,1,train
D03474,P01373,1,train
D02288,P00797,0,train
D02089,P00960,0,train
D03283,P00370,1,train
D02688,P00715,0,train
D03475,P00656,1,train
D03476,P00171,1,train
D00438,P00124,1,train
D01774,P00124,1,train
D01218,P01600,0,train
D02306,P01458,0,train
D01503,P00957,1,train
D01025,P00003,1,train
D00077,P01807,1,train
D02091,P00071,0,train
D01582,P00124,1,train
D00626,P00847,1,train
D00022,P01396,1,train
D00057,P00057,1,train
D01328,P01576,1,train
D03477,P00382,1,train
D03478,P00262,1,train
D00546,P00855,0,train
D02184,P01518,0,train
D00630,P00643,1,train
D03479,P00448,1,train
D00933,P01649,0,train
D03157,P00414,1,train
D03480,P00418,1,train
D02254,P00373,1,train
D02092,P01961,0,train
D01412,P00155,1,train
D03442,P01663,0,train
D00321,P01033,1,train
D03481,P00124,1,train
D00014,P00441,0,train
D01239,P00156,1,train
D02527,P01736,1,train
D01400,P01469,1,train
D00840,P00044,1,train
D02734,P00663,1,train
D01235,P00022,1,train
D01065,P01859,0,train
D00040,P01217,0,train
D00804,P00156,1,train
D00474,P00220,1,train
D01609,P01295,1,train
D00488,P00924,1,train
D03482,P00044,1,train
D00311,P00118,1,train
D02879,P00216,0,train
D00646,P00010,0,train
D00815,P00615,0,train
D02718,P01529,0,train
D03146,P01948,0,train
D00192,P00906,0,train
D01255,P01064,0,train
D03483,P01088,1,train
D02375,P00124,1,train
D02884,P01072,0,train
D03052,P01619,0,train
D01125,P00293,1,train
D02405,P00134,1,train
D02363,P00809,0,train
D02859,P00124,1,train
D00194,P00314,1,train
D01362,P01582,0,train
D02634,P00483,1,train
D01055,P00258,1,train
D00625,P00280,1,train
D03484,P01982,1,train
D01564,P00541,0,train
D01849,P01549,0,train
D01803,P00115,1,train
D03485,P01166,0,train
D00539,P00283,1,train
D03486,P01007,0,train
D02993,P01983,0,train
D03487,P01330,0,train
D01754,P00356,1,train
D00137,P00115,1,train
D01394,P01975,1,train
D00208,P00450,0,train
D00994,P00055,1,train
D01467,P00198,1,train
D00944,P00269,1,train
D00610,P00907,0,train
D00968,P01984,0,train
D03056,P01899,0,train
D02515,P01109,1,train
D00162,P00871,1,train
D00162,P00227,1,train
D03488,P01985,0,train
D01747,P00813,0,train
D00604,P01986,0,train
D00221,P01205,0,train
D03489,P00047,0,train
D01395,P00078,1,train
D01300,P01251,1,train
D03056,P01510,0,train
D00436,P00130,1,train
D02116,P00414,0,train
D03490,P01538,0,train
D03491,P00840,0,train
D02089,P01693,0,train
D01477,P00823,0,train
D01527,P01560,1,train
D01840,P00142,1,train
D03237,P01756,0,train
D00302,P00232,1,train
D01578,P00091,1,train
D03408,P00695,0,train
D01761,P00859,0,train
D02826,P00169,1,train
D00439,P01447,0,train
D03152,P01719,0,train
D02540,P00500,1,train
D03492,P00841,0,train
D00152,P01455,0,train
D00117,P01480,1,train
D01607,P00107,1,train
D03493,P00152,1,train
D03494,P00865,1,train
D01106,P00902,0,train
D00922,P01759,1,train
D03495,P00315,0,train
D00446,P01987,1,train
D02879,P00434,0,train
D01579,P01080,1,train
D03496,P00508,0,train
D03497,P00171,1,train
D00306,P00008,1,train
D02195,P00601,0,train
D00140,P01215,0,train
D02559,P01535,0,train
D03498,P01988,0,train
D01556,P01989,0,train
D01069,P00044,1,train
D01565,P00597,0,train
D03235,P00035,0,train
D00680,P00205,0,train
D03419,P01346,0,train
D02376,P00256,0,train
D01950,P01990,0,train
D00845,P01794,0,train
D01235,P01926,1,train
D00683,P00057,0,train
D03499,P00735,1,train
D00332,P00847,1,train
D03407,P01819,0,train
D00212,P01591,0,train
D02831,P00085,1,train
D03500,P00975,0,train
D03501,P00388,0,train
D02782,P01332,0,train
D00874,P01857,0,train
D03502,P00124,1,train
D00019,P00002,1,train
D00770,P01264,1,train
D03467,P00124,1,train
D00704,P01622,1,train
D03409,P00035,1,train
D03503,P01863,0,train
D02192,P01217,0,train
D03393,P00247,0,train
D00353,P00067,1,train
D01436,P01677,0,train
D00529,P00564,1,train
D00339,P00169,1,train
D00509,P00594,0,train
D03504,P00028,0,train
D00356,P00010,0,train
D03505,P00124,1,train
D01503,P00141,0,train
D00765,P00229,1,train
D03394,P00771,1,train
D01148,P00355,0,train
D03401,P01178,0,train
D01006,P01838,0,train
D00428,P00234,1,train
D01906,P00551,0,train
D03079,P01162,0,train
D00824,P00044,1,train
D03506,P01409,0,train
D03091,P00308,0,train
D03507,P01597,0,train
D03233,P01625,0,train
D01468,P00010,1,train
D00232,P00160,0,train
D03508,P00414,1,train
D02384,P00528,1,train
D01069,P00056,1,train
D00371,P00232,1,train
D01812,P01373,1,train
D03509,P00963,0,train
D03122,P01222,0,train
D03167,P01375,1,train
D01242,P01632,0,train
D00255,P01223,0,train
D02723,P01397,0,train
D02780,P00083,0,train
D00811,P00056,0,train
D00056,P01129,1,train
D01311,P01072,0,train
D02666,P00385,1,train
D03078,P00155,1,train
D00050,P00124,1,train
D03510,P00513,0,train
D03511,P01991,0,train
D01796,P00866,0,train
D01611,P00120,1,train
D03512,P01418,0,train
D00625,P00912,1,train
D03513,P00291,1,train
D02426,P00646,0,train
D02285,P01203,0,train
D00670,P00769,0,train
D02158,P01300,0,train
D00421,P00567,0,train
D02035,P00134,1,train
D00655,P00199,1,train
D00385,P00945,0,train
D01783,P00831,0,train
D03514,P01992,0,train
D00567,P01420,0,train
D03515,P00460,0,train
D02595,P00039,0,train
D00778,P00054,1,train
D00197,P00551,0,train
D02967,P00959,1,train
D00672,P01527,0,train
D01122,P00826,0,train
D03516,P00476,0,train
D03517,P00316,1,train
D03083,P01993,0,train
D00681,P01582,0,train
D03033,P01994,0,train
D01780,P01909,0,train
D03004,P00977,0,train
D00375,P00115,1,train
D03518,P00860,0,train
D03172,P01574,0,train
D00870,P00372,1,train
D00097,P01546,0,train
D01401,P00351,1,train
D02856,P00326,0,train
D02240,P00932,1,train
D03519,P01898,0,train
D00619,P01667,0,train
D00042,P00044,1,train
D00718,P00502,1,train
D02405,P00056,1,train
D00505,P00502,1,train
D03520,P01894,0,train
D00496,P00174,1,train
D00332,P00198,1,train
D03521,P00920,1,train
D01650,P01995,0,train
D03522,P00169,1,train
D01876,P01928,1,train
D03523,P00820,0,train
D03383,P00335,0,train
D01606,P00362,0,train
D02581,P00142,1,train
D01488,P01996,1,train
D02467,P00323,1,train
D01410,P00493,1,train
D02546,P00698,0,train
D02969,P00495,0,train
D01140,P01289,0,train
D01712,P01264,1,train
D03404,P01813,0,train
D01937,P00528,1,train
D03377,P01997,1,train
D01196,P00326,1,train
D01248,P00161,0,train
D02618,P00519,1,train
D00615,P00269,1,train
D01371,P01998,1,train
D03524,P01169,1,train
D03000,P01632,0,train
D02328,P01333,0,train
D03525,P01999,0,train
D01951,P00448,1,train
D01787,P01056,1,train
D03100,P00479,1,train
D01787,P00098,0,train
D01169,P00115,0,train
D01282,P02000,1,train
D03526,P00358,1,train
D01477,P00169,1,train
D00529,P02001,1,train
D01133,P01977,0,train
D01394,P01604,0,train
D00056,P02002,0,train
D00397,P01972,0,train
D00419,P00570,0,train
D03527,P00177,0,train
D03528,P01795,1,train
D01296,P00502,1,train
D00023,P00808,0,train
D03184,P00259,1,train
D00731,P00944,1,train
D03529,P00073,0,train
D01107,P00169,1,train
D03530,P01877,0,train
D01760,P00448,1,train
D02860,P01004,0,train
D03531,P00124,1,train
D02212,P00716,0,train
D01066,P01984,1,train
D02294,P00865,1,train
D02668,P01214,0,train
D02694,P01058,1,train
D00732,P00506,1,train
D00890,P01596,0,train
D00800,P00293,0,train
D03532,P00386,1,train
D00666,P00225,0,train
D02736,P00382,1,train
D00320,P02003,0,train
D03533,P00591,1,train
D02688,P01928,0,train
D02202,P01870,0,train
D01170,P01885,1,train
D03534,P01207,1,train
D02033,P00515,0,train
D00870,P01346,1,train
D03050,P01464,0,train
D02409,P00346,0,train
D00456,P01860,0,train
D02752,P00748,0,train
D03051,P00007,1,train
D00625,P00378,1,train
D01576,P00198,1,train
D03535,P00689,0,train
D03134,P01113,0,train
D03101,P01126,1,train
D00167,P00234,1,train
D00197,P00358,0,train
D03474,P00517,1,train
D03081,P00734,0,train
D02087,P00560,1,train
D02681,P00850,1,train
D01564,P00158,1,train
D02183,P01148,0,train
D03229,P00176,0,train
D03536,P00216,0,train
D00324,P00072,1,train
D01911,P00961,1,train
D00293,P00436,0,train
D01422,P01968,0,train
D03537,P00557,0,train
D00139,P01148,1,train
D03538,P00642,0,train
D01941,P01652,0,train
D00876,P00731,1,train
D02564,P00255,0,train
D00041,P00115,1,train
D03172,P00279,1,train
D02158,P01153,1,train
D02749,P00915,0,train
D00347,P00422,1,train
D01727,P01586,0,train
D03539,P01271,0,train
D01434,P02004,0,train
D01044,P02005,0,train
D00473,P00155,1,train
D03485,P00623,0,train
D00279,P00757,0,train
D00163,P00124,1,train
D02920,P00285,0,train
D03540,P00807,0,train
D00226,P00390,0,train
D00236,P01568,0,train
D03541,P00140,0,train
D01793,P01978,1,train
D00961,P00314,1,train
D01121,P01925,0,train
D01045,P01590,0,train
D00014,P01294,1,train
D00434,P00910,0,train
D00151,P00363,1,train
D03542,P00745,0,train
D00063,P00743,0,train
D01386,P00509,1,train
D01501,P00112,1,train
D01754,P00377,1,train
D03322,P01196,0,train
D01754,P01752,0,train
D03543,P00630,1,train
D03213,P00213,0,train
D00872,P01284,0,train
D02103,P00751,0,train
D03259,P00142,1,train
D01327,P00142,1,train
D00043,P00309,1,train
D01636,P00912,1,train
D03544,P00488,1,train
D01620,P01983,0,train
D02739,P00425,0,train
D00816,P01524,0,train
D02359,P01727,1,train
D00174,P00169,1,train
D01064,P01615,0,train
D00654,P00169,1,train
D03465,P01527,0,train
D00315,P01315,1,train
D00138,P00681,1,train
D03545,P01155,0,train
D01634,P00314,1,train
D01286,P01118,0,train
D01665,P00337,1,train
D00601,P00169,1,train
D02479,P00982,0,train
D00776,P00528,1,train
D02862,P00602,0,train
D00785,P01516,0,train
D02463,P00499,0,train
D00145,P01667,1,train
D00057,P00859,1,train
D02774,P00270,1,train
D03073,P00281,0,train
D03530,P00758,0,train
D03091,P00069,0,train
D03546,P00798,0,train
D03547,P01896,0,train
D01752,P00169,1,train
D01951,P00166,1,train
D01352,P00937,1,train
D00998,P00332,0,train
D02673,P00912,1,train
D02362,P00593,0,train
D01699,P00377,1,train
D02398,P01571,0,train
D00771,P00056,1,train
D00731,P00068,1,train
D02801,P00830,0,train
D02708,P01276,0,train
D03355,P00356,1,train
D02106,P01279,0,train
D00691,P00220,1,train
D01015,P00809,0,train
D00589,P01633,0,train
D00022,P00169,1,train
D02665,P01826,0,train
D02595,P00837,0,train
D00102,P01411,1,train
D01846,P02006,0,train
D01708,P00404,0,train
D00449,P02007,0,train
D00950,P00937,1,train
D00035,P01941,1,train
D03548,P00312,0,train
D02544,P00717,0,train
D00575,P00116,1,train
D00760,P01150,0,train
D03549,P00481,0,train
D02294,P01969,0,train
D00305,P00234,1,train
D00209,P00912,0,train
D00367,P00829,0,train
D02960,P01029,0,train
D03072,P00834,0,train
D03550,P00425,1,train
D01162,P00279,1,train
D02121,P01555,0,train
D02484,P00334,1,train
D01623,P02008,0,train
D03551,P01201,0,train
D03552,P00170,0,train
D03553,P01678,0,train
D00459,P01266,0,train
D03554,P02009,0,train
D03389,P00107,1,train
D02303,P01666,0,train
D00358,P00878,0,train
D03095,P01774,0,train
D00306,P00506,1,train
D00305,P00363,1,train
D00300,P02010,1,train
D00185,P00473,0,train
D00305,P00601,1,train
D03555,P00646,1,train
D00111,P00044,1,train
D00527,P00924,0,train
D03556,P01280,0,train
D02464,P00102,0,train
D03284,P00056,1,train
D01660,P00454,1,train
D00995,P01021,0,train
D00412,P00293,1,train
D03557,P00266,1,train
D03060,P00845,0,train
D01264,P00593,1,train
D00481,P01519,0,train
D03318,P00142,1,train
D01468,P01316,1,train
D03558,P01477,0,train
D00014,P01852,1,train
D02660,P00370,1,train
D02411,P00814,0,train
D00901,P00324,1,train
D03559,P00562,0,train
D00048,P01003,0,train
D03081,P00382,1,train
D00916,P02008,0,train
D00612,P00197,1,train
D01381,P01369,0,train
D03560,P00210,0,train
D03561,P01015,0,train
D03213,P01129,0,train
D02826,P02011,0,train
D01375,P00742,0,train
D02959,P00704,0,train
D01998,P00122,0,train
D00419,P00634,0,train
D00281,P00169,1,train
D00587,P00124,1,train
D01262,P00088,0,train
D01616,P02012,0,train
D03322,P00203,1,train
D00707,P01150,0,train
D01798,P01443,0,train
D03562,P01201,0,train
D02559,P02013,1,train
D03563,P00152,1,train
D03564,P01024,0,train
D01230,P01741,0,train
D01399,P01034,0,train
D02615,P01126,1,train
D02387,P01884,1,train
D03565,P00905,1,train
D00364,P01397,1,train
D03083,P00511,0,train
D00815,P01830,0,train
D03566,P00698,0,train
D01071,P00199,0,train
D02238,P01879,0,train
D03292,P00737,1,train
D01686,P00681,1,train
D02757,P01123,0,train
D03567,P00229,1,train
D02575,P00351,1,train
D00307,P00241,1,train
D00633,P02014,0,train
D03568,P00348,1,train
D00296,P00107,1,train
D00605,P00633,1,train
D02962,P00642,0,train
D03226,P00526,0,train
D01764,P01373,0,train
D01918,P01123,0,train
D02212,P01420,0,train
D02529,P00731,1,train
D02390,P00234,1,train
D00212,P00075,0,train
D03569,P00823,0,train
D03570,P01932,1,train
D01156,P01819,1,train
D00993,P00169,1,train
D02508,P00749,0,train
D03496,P00067,1,train
D00260,P00264,1,train
D03571,P01473,0,train
D01146,P00179,0,train
D02538,P00146,1,train
D01873,P01389,0,train
D01576,P00324,1,train
D03572,P00324,1,train
D03538,P01298,0,train
D03237,P01054,0,train
D02666,P00056,1,train
D01586,P01958,0,train
D03151,P00272,0,train
D03573,P00639,0,train
D03574,P01509,0,train
D02112,P00378,1,train
D03085,P00222,0,train
D01988,P00029,1,train
D01121,P00566,1,train
D03575,P00291,0,train
D01526,P01958,0,train
D03576,P01602,0,train
D00800,P02015,1,train
D00300,P00545,1,train
D00306,P00985,1,train
D01066,P00777,1,train
D00140,P00505,1,train
D02004,P00837,1,train
D03577,P00259,1,train
D00864,P00063,1,train
D00714,P02003,0,train
D01700,P00604,1,train
D02771,P00723,1,train
D02509,P01604,0,train
D03172,P00985,1,train
D03578,P01620,1,train
D01926,P00243,1,train
D00700,P00124,1,train
D00618,P00809,1,train
D03579,P00486,0,train
D02285,P00047,1,train
D00022,P00078,1,train
D01494,P00218,1,train
D03211,P01736,0,train
D00997,P01390,0,train
D01877,P01711,1,train
D03580,P02016,0,train
D03170,P00967,0,train
D00697,P00289,1,train
D01702,P01114,0,train
D03581,P01783,0,train
D02615,P01090,1,train
D00955,P01927,0,train
D00597,P00324,1,train
D01004,P01081,0,train
D03582,P00126,0,train
D00035,P02017,1,train
D00191,P00328,1,train
D02382,P00509,1,train
D02610,P02018,1,train
D01950,P00008,0,train
D01789,P00192,0,train
D03583,P00347,0,train
D03530,P00991,1,train
D03322,P00401,1,train
D03344,P00436,0,train
D00443,P01553,1,train
D00730,P01579,0,train
D01302,P00078,1,train
D03584,P01209,0,train
D01787,P00391,1,train
D03585,P00088,0,train
D03586,P01791,0,train
D00900,P00475,0,train
D03140,P00540,1,train
D01410,P00056,0,train
D00974,P00246,0,train
D00074,P00569,0,train
D02200,P00160,0,train
D00959,P02019,1,train
D00137,P00220,1,train
D00870,P00115,1,train
D01787,P00166,1,train
D03587,P01004,0,train
D01822,P00012,1,train
D03588,P02020,0,train
D01846,P00056,1,train
D03589,P01234,0,train
D01079,P00100,1,train
D03590,P00187,1,train
D00496,P01848,0,train
D03281,P00191,0,train
D02285,P00727,1,train
D03186,P00170,1,train
D03591,P00370,1,train
D03077,P00454,1,train
D02866,P00330,0,train
D00276,P00008,1,train
D01152,P00115,1,train
D00318,P00454,1,train
D00679,P00155,1,train
D03592,P00686,0,train
D01285,P01150,0,train
D02666,P01814,0,train
D01009,P02021,1,train
D00904,P00453,0,train
D02854,P01855,0,train
D02176,P01648,0,train
D03467,P01075,0,train
D00240,P00807,1,train
D00132,P01476,0,train
D00598,P01093,0,train
D03593,P01718,0,train
D00305,P00209,1,train
D00012,P00329,1,train
D00173,P01546,0,train
D03594,P02022,1,train
D00586,P00472,1,train
D00793,P00847,0,train
D02963,P01674,0,train
D02754,P01546,0,train
D03206,P00012,1,train
D01229,P01397,1,train
D00626,P01076,1,train
D00453,P00436,0,train
D00508,P00076,1,train
D01376,P00044,1,train
D03393,P00162,0,train
D00594,P00203,1,train
D02663,P02023,0,train
D03536,P01355,0,train
D02559,P00898,1,train
D02365,P00509,1,train
D01277,P00124,1,train
D00022,P00124,1,train
D02285,P01332,0,train
D00696,P00953,1,train
D03595,P00552,1,train
D03596,P00206,0,train
D02240,P01701,1,train
D03039,P01946,0,train
D00314,P00570,1,train
D03001,P02024,0,train
D02232,P01541,0,train
D03597,P01057,1,train
D01232,P00385,1,train
D02357,P01166,0,train
D00105,P00451,1,train
D03409,P01917,1,train
D00385,P01468,1,train
D01282,P00631,1,train
D02033,P00593,0,train
D02439,P00738,0,train
D00155,P00286,1,train
D02982,P01506,0,train
D03598,P00315,0,train
D00139,P00463,1,train
D00828,P00254,0,train
D00884,P00948,0,train
D01822,P00044,1,train
D01668,P02025,0,train
D00727,P00063,1,train
D01192,P00324,0,train
D02050,P01087,1,train
D03108,P01944,0,train
D03599,P00828,0,train
D03504,P01798,0,train
D00395,P00645,0,train
D01325,P01232,1,train
D01452,P01012,0,train
D03600,P01092,0,train
D02207,P00496,1,train
D02341,P01709,0,train
D00148,P00967,1,train
D03601,P00728,0,train
D01394,P00796,1,train
D00259,P00065,1,train
D03368,P01633,0,train
D03602,P00054,1,train
D02731,P01418,0,train
D00732,P00309,1,train
D03450,P00012,1,train
D01220,P00389,1,train
D00014,P00891,1,train
D01486,P00807,1,train
D01998,P00927,1,train
D03603,P00014,0,train
D01112,P00056,1,train
D01866,P01730,0,train
D00309,P00592,0,train
D01512,P00566,1,train
D03322,P00232,1,train
D02827,P00858,0,train
D03365,P00124,1,train
D02120,P02026,0,train
D00178,P00234,1,train
D01105,P00064,0,train
D03604,P00711,0,train
D03150,P00794,0,train
D00237,P00572,0,train
D01740,P00056,1,train
D01582,P00063,1,train
D02188,P01658,0,train
D01099,P01347,0,train
D00430,P00853,1,train
D00723,P01860,0,train
D00371,P02027,0,train
D02785,P00469,1,train
D00366,P00823,0,train
D00579,P01064,1,train
D01704,P02028,1,train
D01559,P00262,1,train
D01472,P00088,1,train
D00138,P00356,1,train
D01162,P01618,0,train
D02518,P01800,0,train
D01471,P01573,1,train
D02036,P02029,0,train
D03244,P01651,0,train
D00264,P01774,0,train
D01238,P02030,0,train
D01035,P00455,0,train
D03160,P01103,0,train
D01098,P00025,1,train
D02962,P01315,1,train
D03605,P00355,0,train
D00742,P00056,1,train
D00505,P00117,0,train
D02916,P01425,0,train
D02100,P00641,0,train
D03323,P00972,0,train
D00311,P02031,1,train
D03606,P00039,0,train
D00733,P00072,0,train
D03607,P01315,1,train
D00221,P00056,1,train
D02006,P01147,0,train
D03426,P00425,1,train
D02382,P00819,1,train
D03608,P01179,0,train
D02822,P01566,0,train
D00057,P00044,1,train
D01814,P01326,1,train
D00459,P01063,1,train
D00636,P00377,1,train
D00946,P00289,1,train
D01774,P01480,1,train
D02636,P00785,0,train
D01760,P00799,0,train
D01907,P00918,0,train
D03497,P00448,0,train
D02746,P00085,1,train
D00536,P01010,0,train
D02702,P01997,1,train
D00787,P01850,0,train
D00574,P01264,1,train
D03609,P02021,0,train
D03610,P01937,0,train
D03611,P00209,0,train
D02167,P02032,0,train
D00255,P00072,1,train
D00140,P00356,1,train
D01608,P00099,1,train
D00355,P00044,1,train
D00148,P00757,0,train
D02442,P00433,0,train
D03612,P01685,0,train
D01986,P00912,1,train
D02352,P01087,0,train
D02474,P00118,0,train
D01094,P00375,1,train
D02003,P00999,0,train
D00564,P01854,0,train
D00047,P01453,1,train
D00505,P00262,1,train
D01011,P01152,0,train
D03164,P01034,0,train
D00442,P01747,0,train
D03220,P01048,0,train
D02814,P01931,0,train
D00778,P01511,0,train
D01000,P00601,1,train
D02177,P00736,1,train
D00203,P00130,1,train
D02433,P00557,0,train
D02625,P01314,0,train
D02912,P00998,0,train
D03564,P01145,0,train
D00719,P01517,0,train
D00650,P01126,0,train
D03583,P02033,1,train
D02873,P00124,1,train
D02131,P00509,1,train
D02762,P00056,1,train
D03463,P00820,0,train
D00723,P01326,1,train
D02864,P00961,0,train
D03613,P00461,0,train
D02186,P01154,0,train
D00032,P01884,0,train
D03226,P01710,0,train
D02798,P01043,0,train
D00385,P01848,1,train
D00742,P02034,0,train
D03086,P00701,1,train
D02800,P00146,0,train
D01637,P00155,1,train
D01710,P01330,1,train
D03107,P01403,0,train
D00217,P00357,1,train
D02345,P00622,1,train
D00347,P00063,1,train
D03614,P01032,0,train
D03615,P00418,1,train
D02498,P00229,1,train
D01258,P00109,1,train
D01475,P01347,0,train
D01708,P02035,0,train
D03616,P00166,1,train
D00913,P01862,0,train
D02502,P02036,0,train
D00505,P00294,1,train
D03617,P02037,0,train
D03547,P00334,1,train
D02681,P01027,0,train
D02355,P00293,0,train
D00998,P00871,0,train
D03618,P01382,0,train
D02466,P01235,0,train
D03619,P00886,0,train
D03199,P00989,0,train
D02722,P01587,0,train
D00149,P00004,0,train
D03620,P00139,0,train
D03329,P00169,1,train
D03621,P00007,1,train
D02163,P00189,1,train
D01468,P01488,1,train
D00292,P02038,0,train
D03622,P00451,0,train
D00568,P00221,0,train
D01407,P01720,1,train
D01017,P01006,1,train
D00330,P01148,1,train
D00300,P01167,1,train
D01415,P00166,1,train
D01087,P00831,0,train
D01621,P01480,1,train
D03623,P00901,1,train
D02123,P01959,0,train
D03624,P00723,1,train
D00913,P00142,0,train
D00577,P01569,0,train
D00330,P00316,1,train
D01537,P00329,1,train
D00014,P01217,1,train
D02414,P01427,0,train
D00142,P00241,1,train
D03625,P01777,0,train
D00645,P00928,1,train
D02856,P00155,1,train
D01376,P00012,1,train
D03227,P00047,1,train
D01595,P01111,0,train
D00592,P00508,0,train
D03626,P00552,1,train
D01928,P01413,1,train
D00827,P00935,0,train
D03029,P00327,0,train
D03167,P01979,1,train
D00735,P00158,0,train
D00463,P02039,0,train
D03393,P00612,0,train
D02901,P00316,1,train
D01901,P00843,1,train
D00949,P01055,0,train
D01987,P01528,0,train
D01352,P00056,1,train
D01803,P00155,1,train
D03627,P01492,0,train
D02696,P00072,1,train
D00107,P00128,1,train
D03628,P01879,0,train
D03629,P01487,0,train
D01551,P01793,0,train
D03350,P01849,0,train
D01580,P00038,0,train
D03003,P00702,0,train
D01079,P01857,1,train
D03520,P00338,0,train
D02853,P01474,1,train
D02721,P00114,0,train
D00021,P01792,0,train
D01424,P00078,1,train
D01591,P00751,1,train
D03630,P00865,1,train
D01839,P01887,0,train
D00729,P00312,1,train
D03255,P00638,0,train
D00804,P02040,0,train
D01375,P01902,1,train
D03631,P00483,1,train
D01152,P00671,0,train
D03632,P02041,0,train
D00818,P00115,1,train
D03633,P01365,1,train
D01686,P00135,1,train
D01282,P00063,1,train
D00917,P00054,1,train
D02822,P00165,0,train
D01610,P00871,1,train
D01951,P00661,1,train
D00862,P00914,1,train
D00665,P00124,1,train
D03634,P00286,0,train
D03635,P01374,1,train
D00437,P00229,1,train
D00670,P00124,1,train
D03636,P00732,0,train
D00508,P00769,1,train
D01527,P00008,1,train
D01882,P00203,1,train
D02461,P00115,0,train
D00839,P01425,0,train
D01459,P00376,1,train
D01236,P00012,1,train
D00301,P01050,1,train
D03637,P01809,0,train
D00227,P01987,0,train
D03638,P00673,0,train
D02135,P00388,1,train
D03461,P00166,1,train
D01158,P00315,1,train
D01009,P01382,0,train
D03217,P00895,0,train
D03075,P01076,1,train
D03639,P01872,0,train
D02987,P00049,1,train
D00432,P01412,0,train
D01165,P00056,1,train
D00108,P00449,1,train
D01352,P00065,1,train
D02781,P00005,1,train
D03640,P01015,0,train
D03299,P00391,1,train
D00618,P00220,1,train
D03641,P02037,0,train
D02134,P00056,1,train
D01362,P00124,1,train
D00647,P01312,0,train
D02826,P00130,1,train
D01412,P00153,1,train
D03642,P00054,1,train
D00488,P02042,1,train
D02455,P00234,1,train
D01386,P02043,0,train
D03643,P00920,0,train
D01484,P00658,0,train
D01507,P01241,1,train
D03582,P01253,0,train
D01424,P00155,1,train
D01004,P00003,1,train
D00178,P00063,1,train
D03644,P01983,0,train
D03519,P02044,0,train
D03083,P00184,0,train
D01053,P01781,0,train
D02695,P00155,1,train
D00621,P00078,1,train
D03645,P00834,0,train
D00583,P00155,1,train
D00146,P01866,0,train
D03646,P01735,0,train
D00993,P00145,0,train
D03647,P01088,1,train
D01318,P00425,0,train
D01568,P00875,0,train
D01994,P00124,1,train
D01033,P00078,1,train
D00630,P01614,1,train
D01759,P01172,0,train
D02608,P01316,0,train
D03153,P01813,0,train
D03648,P00171,1,train
D02922,P02005,0,train
D00014,P00874,1,train
D01240,P00056,1,train
D00025,P02045,0,train
D02863,P01859,1,train
D00424,P02046,0,train
D03045,P02047,0,train
D03215,P00470,0,train
D00275,P01225,1,train
D00136,P00401,1,train
D00670,P00309,1,train
D00625,P00012,1,train
D03484,P00953,0,train
D01285,P00155,1,train
D00019,P00318,1,train
D02691,P00545,0,train
D00623,P00581,1,train
D02933,P00462,1,train
D02559,P01880,0,train
D03373,P00386,0,train
D02271,P01504,0,train
D01994,P00169,1,train
D02086,P01386,0,train
D00372,P01201,0,train
D00614,P01511,1,train
D00802,P00169,1,train
D03448,P00329,1,train
D00529,P02048,1,train
D03649,P00263,0,train
D02655,P00519,1,train
D02757,P00233,0,train
D03650,P00044,1,train
D01455,P00881,0,train
D01157,P00718,0,train
D00801,P01807,0,train
D00393,P00080,1,train
D02300,P01614,1,train
D01026,P00509,1,train
D01634,P00170,1,train
D00264,P00373,1,train
D00989,P01903,0,train
D03651,P01687,0,train
D01578,P01677,1,train
D02658,P01739,0,train
D02594,P00378,1,train
D03652,P00517,1,train
D00250,P00780,0,train
D00795,P01360,0,train
D01738,P00452,0,train
D03653,P01484,0,train
D00332,P00347,1,train
D00143,P00505,0,train
D00825,P00142,1,train
D01509,P02049,1,train
D03047,P00152,1,train
D02534,P00711,0,train
D03425,P02050,0,train
D00731,P00609,0,train
D01129,P00448,1,train
D01226,P01598,0,train
D03654,P01417,0,train
D00892,P00351,1,train
D00930,P00748,0,train
D03655,P00124,1,train
D01325,P00056,1,train
D00810,P00617,0,train
D00166,P00220,1,train
D00982,P00735,0,train
D00960,P01153,0,train
D01279,P00729,0,train
D03656,P02005,0,train
D01634,P01243,0,train
D00105,P01191,1,train
D03038,P00921,1,train
D03657,P00504,0,train
D03658,P00124,1,train
D02590,P00211,1,train
D03659,P00562,0,train
D03660,P01673,0,train
D01609,P01829,1,train
D00573,P00500,1,train
D01938,P01651,0,train
D00155,P01222,0,train
D03661,P00418,1,train
D03662,P00214,0,train
D02679,P01644,1,train
D00395,P00762,0,train
D00543,P01024,0,train
D03189,P02051,0,train
D02177,P01911,1,train
D01694,P01109,0,train
D01218,P00148,1,train
D01524,P01303,0,train
D03325,P00854,0,train
D00523,P01053,0,train
D01182,P00197,1,train
D02798,P00610,1,train
D00028,P00623,0,train
D02992,P00078,1,train
D01346,P00425,1,train
D03663,P01155,0,train
D00879,P00231,0,train
D03664,P01451,0,train
D03319,P01305,0,train
D03665,P00633,0,train
D03666,P01024,1,train
D01734,P00310,0,train
D02023,P00976,1,train
D01569,P00522,0,train
D03667,P00968,0,train
D03668,P01271,0,train
D01562,P00169,1,train
D00901,P01582,0,train
D03669,P01781,0,train
D00032,P00048,0,train
D00749,P01218,0,train
D02707,P00120,1,train
D01833,P00183,1,train
D00702,P00687,1,train
D00133,P00522,1,train
D00255,P00234,1,train
D03670,P01576,0,train
D00984,P01078,1,train
D03083,P00424,0,train
D03063,P02052,0,train
D01232,P00207,1,train
D03671,P02053,0,train
D00191,P01708,0,train
D00151,P00506,1,train
D00473,P00063,1,train
D00876,P00073,1,train
D01328,P01701,0,train
D01419,P00044,0,train
D01213,P01006,1,train
D03672,P02054,0,train
D03178,P00206,0,train
D00116,P00124,1,train
D00015,P01718,0,train
D02726,P00477,0,train
D02312,P00197,1,train
D01538,P00220,1,train
D02685,P00044,1,train
D01609,P01356,1,train
D01414,P00875,0,train
D03673,P00025,1,train
D03478,P00958,0,train
D02159,P01820,1,train
D01460,P02055,0,train
D02437,P00171,1,train
D01070,P00978,0,train
D00256,P00718,0,train
D01194,P00044,1,train
D01401,P01211,1,train
D02405,P00373,1,train
D00455,P01826,0,train
D03002,P01653,0,train
D01033,P00044,1,train
D02982,P01408,1,train
D02695,P00426,0,train
D03674,P00934,0,train
D01251,P02018,0,train
D00856,P00689,1,train
D02836,P00360,0,train
D00925,P01986,1,train
D00167,P00807,1,train
D00828,P00056,1,train
D02256,P01571,0,train
D01537,P00234,1,train
D03121,P00250,1,train
D02037,P00790,0,train
D02771,P01947,0,train
D03675,P02056,0,train
D03676,P01960,0,train
D00014,P02011,1,train
D02264,P01773,1,train
D02978,P00808,0,train
D01550,P00594,0,train
D00014,P02057,1,train
D00669,P00356,1,train
D00309,P01205,1,train
D03364,P01284,0,train
D03677,P00813,0,train
D00002,P01972,0,train
D00591,P00356,1,train
D00593,P01663,1,train
D01415,P00377,1,train
D03429,P00047,1,train
D00524,P00950,1,train
D03678,P01624,0,train
D01578,P00390,1,train
D01838,P00022,1,train
D03565,P01575,0,train
D02172,P01278,0,train
D00570,P01947,0,train
D03078,P00448,1,train
D02893,P01030,0,train
D02869,P00566,1,train
D03679,P01471,0,train
D01017,P01766,1,train
D00616,P00363,1,train
D00612,P01061,1,train
D00705,P01234,1,train
D00524,P01332,1,train
D00466,P00448,1,train
D03680,P01059,0,train
D02342,P00586,0,train
D00607,P01211,1,train
D02653,P01164,0,train
D02907,P00072,1,train
D01167,P00078,1,train
D00342,P00872,0,train
D01206,P01653,0,train
D01511,P00169,1,train
D03681,P01464,0,train
D03193,P00481,0,train
D03100,P02018,0,train
D03682,P01722,0,train
D02747,P00056,1,train
D01393,P00068,0,train
D03683,P00718,0,train
D03684,P01103,1,train
D00291,P01980,0,train
D00530,P00028,0,train
D01883,P00124,1,train
D00081,P00124,1,train
D01323,P00155,1,train
D02812,P00857,0,train
D03685,P02058,0,train
D00724,P00294,1,train
D01397,P01304,0,train
D02622,P01644,1,train
D03686,P01788,0,train
D03043,P00717,0,train
D03573,P00055,0,train
D03687,P00242,0,train
D00792,P01350,0,train
D02680,P01415,0,train
D01654,P00124,1,train
D02470,P01897,0,train
D01984,P01325,0,train
D00181,P01960,0,train
D01424,P00056,1,train
D03094,P00287,0,train
D03688,P01275,0,train
D00866,P02059,0,train
D01319,P00078,1,train
D00096,P00977,1,train
D00166,P00871,1,train
D03373,P00094,0,train
D01335,P00375,1,train
D02065,P00865,1,train
D02120,P00044,1,train
D02480,P01774,0,train
D00508,P02055,1,train
D03689,P00981,0,train
D02286,P00604,1,train
D03690,P01611,0,train
D02472,P02060,0,train
D00092,P00314,1,train
D01431,P02061,0,train
D03461,P01086,1,train
D00731,P00488,1,train
D03691,P01429,0,train
D00650,P00158,1,train
D02210,P01735,1,train
D02607,P01412,0,train
D03377,P02062,0,train
D03131,P01025,0,train
D02686,P00499,0,train
D03692,P00622,1,train
D00139,P00135,1,train
D02992,P00155,1,train
D01729,P01005,0,train
D03244,P00867,0,train
D01609,P01800,1,train
D01468,P01224,1,train
D00019,P01390,1,train
D01124,P00758,0,train
D02616,P01323,0,train
D01401,P01068,0,train
D02129,P01537,0,train
D00614,P00522,0,train
D00537,P00513,0,train
D03693,P01862,0,train
D00157,P02051,0,train
D00324,P00229,1,train
D02709,P00487,0,train
D03694,P00707,0,train
D00300,P00135,1,train
D00218,P00623,1,train
D00234,P00404,0,train
D02492,P01233,0,train
D00305,P00809,1,train
D03223,P01326,1,train
D02579,P00199,1,train
D01415,P00063,1,train
D00013,P01436,1,train
D02234,P01751,0,train
D00014,P01348,1,train
D00271,P00124,1,train
D01346,P02006,1,train
D00615,P00008,1,train
D00053,P00171,1,train
D01113,P00681,1,train
D01113,P00146,1,train
D01055,P00056,1,train
D01564,P00347,0,train
D01419,P00631,0,train
D01148,P01609,0,train
D03695,P01438,0,train
D01256,P00022,1,train
D01706,P00463,1,train
D03696,P00960,0,train
D00956,P00841,0,train
D00520,P01293,0,train
D02055,P02063,0,train
D02277,P01095,0,train
D02862,P00088,0,train
D02029,P01672,0,train
D01392,P00847,1,train
D01502,P01135,0,train
D03280,P00360,0,train
D01582,P00056,1,train
D01824,P00256,1,train
D03697,P00234,1,train
D02556,P00128,1,train
D02734,P00790,0,train
D00488,P01812,1,train
D03697,P00060,0,train
D00321,P00654,1,train
D01012,P01342,0,train
D01511,P00735,0,train
D00702,P00012,1,train
D01165,P01279,0,train
D02714,P01235,1,train
D02009,P01346,0,train
D03698,P00392,0,train
D01486,P00234,1,train
D03699,P02010,0,train
D02034,P01325,0,train
D02311,P01593,0,train
D02488,P00979,1,train
D03700,P01066,0,train
D00305,P00351,1,train
D01067,P02064,0,train
D03701,P01911,0,train
D01754,P00312,1,train
D03702,P00800,0,train
D02911,P00274,0,train
D01127,P00258,1,train
D00230,P00271,0,train
D02036,P00565,1,train
D01910,P00268,0,train
D02176,P00220,1,train
D02238,P01449,0,train
D00581,P00385,1,train
D03703,P00171,1,train
D00133,P01480,1,train
D03704,P01737,0,train
D03487,P01382,1,train
D00014,P00920,1,train
D00980,P01027,1,train
D00637,P00124,1,train
D02801,P00096,0,train
D00499,P00847,1,train
D02714,P00427,0,train
D03705,P00099,1,train
D00243,P00304,0,train
D00666,P00482,0,train
D00049,P01481,0,train
D00745,P00227,0,train
D00003,P01881,0,train
D02927,P00071,0,train
D03526,P00257,0,train
D00804,P00072,1,train
D03298,P00173,1,train
D00105,P00319,1,train
D01419,P00807,0,train
D03706,P00287,0,train
D00988,P01356,0,train
D01943,P00599,1,train
D01707,P00202,0,train
D01350,P00316,1,train
D03707,P00782,1,train
D01266,P00091,0,train
D03708,P01994,0,train
D02840,P01082,0,train
D01119,P00326,0,train
D00485,P01935,0,train
D03709,P02034,0,train
D02516,P01657,0,train
D01038,P00461,1,train
D02531,P00314,1,train
D00547,P02065,0,train
D00732,P00124,1,train
D01408,P01567,0,train
D01806,P01562,1,train
D01614,P01481,0,train
D03710,P01763,0,train
D03661,P00873,0,train
D00398,P00243,0,train
D00457,P01500,0,train
D01308,P00157,0,train
D01455,P00169,1,train
D00024,P00327,0,train
D00524,P01483,1,train
D02414,P00230,0,train
D00081,P00056,1,train
D03018,P00006,1,train
D01420,P00462,1,train
D01758,P01877,0,train
D00642,P00389,1,train
D00704,P00234,1,train
D01430,P00124,1,train
D03711,P02066,1,train
D01869,P00106,1,train
D00854,P00646,0,train
D03712,P01492,0,train
D02130,P00314,1,train
D00944,P01378,1,train
D00063,P00792,0,train
D02410,P00816,0,train
D03713,P00804,0,train
D02941,P01005,0,train
D03714,P00044,1,train
D02045,P00487,1,train
D00930,P00259,1,train
D00991,P00165,1,train
D02796,P02067,0,train
D00769,P00008,1,train
D00412,P00351,1,train
D00616,P00161,1,train
D00011,P01301,0,train
D00428,P00401,1,train
D01110,P01656,0,train
D03446,P01442,0,train
D02419,P02021,0,train
D03699,P01321,1,train
D01242,P00509,1,train
D03692,P01922,0,train
D03616,P00169,1,train
D02763,P00413,0,train
D00137,P00146,1,train
D00410,P00557,1,train
D01820,P00498,0,train
D01586,P02042,1,train
D01183,P01583,0,train
D00522,P01769,0,train
D02069,P01225,1,train
D02823,P01365,0,train
D03715,P00199,1,train
D03716,P00003,1,train
D01932,P00002,0,train
D02902,P00028,1,train
D00937,P00334,1,train
D02549,P00232,1,train
D02177,P01646,1,train
D00656,P00506,0,train
D00828,P02068,0,train
D03717,P00718,0,train
D02917,P00557,1,train
D03718,P00166,1,train
D03719,P00090,0,train
D01845,P00994,0,train
D00289,P01682,0,train
D00203,P00155,1,train
D02826,P00155,1,train
D03720,P01456,1,train
D01881,P00848,0,train
D02947,P00262,1,train
D01511,P00124,1,train
D02293,P00399,1,train
D01287,P00279,1,train
D01355,P00166,1,train
D01156,P00461,1,train
D00445,P00820,0,train
D01091,P00482,0,train
D02600,P01678,0,train
D03721,P00098,0,train
D02156,P01223,0,train
D03722,P01923,1,train
D02064,P00946,1,train
D02152,P00026,1,train
D02828,P01025,0,train
D03723,P01490,0,train
D00668,P00763,1,train
D02202,P00485,0,train
D01145,P00078,1,train
D03724,P02069,0,train
D03725,P01568,0,train
D00351,P01611,0,train
D03726,P01790,0,train
D02370,P00592,0,train
D02694,P00224,1,train
D02048,P01179,0,train
D00445,P01322,0,train
D02379,P00685,1,train
D02840,P01617,0,train
D01486,P00130,1,train
D02957,P01695,0,train
D01031,P00665,0,train
D02070,P00582,0,train
D01766,P01501,0,train
D03727,P01427,1,train
D00666,P00959,0,train
D02240,P02070,0,train
D01989,P00158,1,train
D01297,P01893,1,train
D00240,P01924,0,train
D01026,P00316,1,train
D01009,P01110,1,train
D01517,P01257,1,train
D00973,P00356,0,train
D00552,P00073,0,train
D03728,P00993,0,train
D02828,P01406,0,train
D03729,P00155,1,train
D03730,P00287,0,train
D01021,P00464,0,train
D02282,P01995,0,train
D03731,P01018,1,train
D03230,P01915,1,train
D00920,P00522,1,train
D00136,P00092,1,train
D03732,P00997,0,train
D01573,P00906,0,train
D00991,P00583,0,train
D02180,P00155,1,train
D00160,P01101,0,train
D03733,P00570,0,train
D00570,P01121,1,train
D03734,P00201,0,train
D00622,P00430,1,train
D02158,P01922,1,train
D02268,P01254,0,train
D01568,P00548,1,train
D00032,P02071,1,train
D03735,P00307,0,train
D02437,P00180,1,train
D03736,P00183,0,train
D03737,P00552,0,train
D01240,P00336,0,train
D01993,P02072,0,train
D01706,P00199,1,train
D00718,P00375,1,train
D00844,P01240,0,train
D01211,P00056,1,train
D02964,P00180,0,train
D00512,P00158,1,train
D01206,P00537,0,train
D03738,P00090,0,train
D03672,P01147,0,train
D00131,P00202,0,train
D01614,P00124,1,train
D03428,P00040,1,train
D03739,P00923,0,train
D00240,P00454,1,train
D02661,P00650,1,train
D02722,P00049,1,train
D01423,P00516,0,train
D02512,P00421,0,train
D03281,P00447,0,train
D00190,P01516,0,train
D00966,P00182,1,train
D02255,P01314,0,train
D03571,P00936,0,train
D00550,P02030,0,train
D00458,P00967,0,train
D02517,P00623,0,train
D00504,P00049,1,train
D00282,P00044,1,train
D02863,P00008,0,train
D02829,P00169,1,train
D02673,P00124,1,train
D03646,P01397,0,train
D01548,P00378,1,train
D03740,P01960,0,train
D00618,P00309,1,train
D03741,P00522,0,train
D03742,P01876,0,train
D00604,P01301,0,train
D02523,P00230,1,train
D02407,P00750,0,train
D03285,P00944,1,train
D02086,P00322,0,train
D01191,P00049,1,train
D02175,P00381,0,train
D00139,P00613,0,train
D03056,P01374,0,train
D01826,P00047,1,train
D03368,P00418,1,train
D01479,P01908,0,train
D02249,P00197,0,train
D00935,P00812,0,train
D02337,P01271,0,train
D03743,P00425,1,train
D03744,P00498,0,train
D02807,P00654,0,train
D00652,P02067,0,train
D03078,P00056,1,train
D00013,P00111,1,train
D03710,P00846,0,train
D02956,P00056,1,train
D01223,P01832,0,train
D00261,P00387,1,train
D00621,P00053,0,train
D03096,P00259,1,train
D03745,P00105,0,train
D02641,P00169,1,train
D02166,P01994,0,train
D02548,P00367,0,train
D01821,P01249,1,train
D03406,P01825,0,train
D01903,P00073,0,train
D00067,P00912,1,train
D00834,P01647,0,train
D03746,P00244,0,train
D01352,P00010,0,train
D01412,P00681,1,train
D03747,P01718,0,train
D00553,P00551,1,train
D01754,P00161,1,train
D03384,P00567,0,train
D03695,P00406,0,train
D00505,P00557,1,train
D03469,P00200,0,train
D03748,P00154,0,train
D02375,P00859,0,train
D00715,P00007,1,train
D00953,P00667,1,train
D03749,P01160,0,train
D03052,P00065,1,train
D00130,P00788,1,train
D00466,P00078,1,train
D03750,P00237,0,train
D03751,P01772,0,train
D01848,P00930,1,train
D03136,P02073,0,train
D02993,P01829,0,train
D02542,P00321,0,train
D01140,P00056,1,train
D02499,P00541,1,train
D00449,P01185,0,train
D03752,P00425,1,train
D00598,P00356,1,train
D02992,P01006,1,train
D00876,P01634,0,train
D00523,P00950,0,train
D03753,P00189,1,train
D03754,P01170,0,train
D00512,P01223,0,train
D03755,P00023,1,train
D00485,P01266,0,train
D01661,P01978,0,train
D01766,P00083,1,train
D02633,P00179,0,train
D03756,P02068,1,train
D01308,P02039,0,train
D03618,P00506,0,train
D01614,P00383,1,train
D00461,P00311,0,train
D01188,P01592,0,train
D03559,P00995,1,train
D02253,P01527,0,train
D03415,P00942,0,train
D00046,P01564,1,train
D00208,P00170,1,train
D00414,P00502,0,train
D01754,P01241,1,train
D00496,P00853,1,train
D00734,P00317,0,train
D02654,P01726,0,train
D03757,P00056,1,train
D03758,P02024,0,train
D01167,P00448,1,train
D03373,P00478,0,train
D01571,P01488,0,train
D03295,P01332,0,train
D01486,P00375,1,train
D00653,P00857,0,train
D03200,P01525,0,train
D00721,P00564,0,train
D03759,P01621,0,train
D00952,P00226,0,train
D00915,P01705,0,train
D00035,P00316,1,train
D00892,P00170,1,train
D03760,P01061,0,train
D00896,P01556,0,train
D01851,P00375,1,train
D00110,P00729,1,train
D00557,P00092,0,train
D02887,P01307,0,train
D01577,P01306,0,train
D03651,P00160,0,train
D00022,P01970,1,train
D00166,P00309,1,train
D02992,P00049,1,train
D03761,P00748,0,train
D01147,P00134,0,train
D03762,P02074,0,train
D02280,P00558,0,train
D01487,P01067,0,train
D03763,P01770,1,train
D02516,P00293,0,train
D01686,P00309,1,train
D01136,P01647,0,train
D01860,P00063,1,train
D01966,P00847,0,train
D01823,P00619,1,train
D00148,P02010,0,train
D03524,P00021,0,train
D03427,P00604,0,train
D03651,P00414,1,train
D02399,P01841,0,train
D02853,P02009,0,train
D03764,P00221,0,train
D00008,P00309,1,train
D02454,P01777,0,train
D00777,P00155,1,train
D01016,P00199,1,train
D01980,P01672,0,train
D03475,P00473,0,train
D01472,P02070,0,train
D03391,P01847,0,train
D02509,P00803,0,train
D00844,P02056,1,train
D01254,P00184,0,train
D00569,P00080,0,train
D02330,P01041,1,train
D03398,P00639,1,train
D03765,P00812,0,train
D02362,P01520,0,train
D01346,P00671,1,train
D02971,P00171,1,train
D00014,P01157,1,train
D00327,P01428,0,train
D03748,P01072,0,train
D03221,P00065,1,train
D02729,P01585,0,train
D00385,P00438,1,train
D03142,P00042,0,train
D03766,P00836,0,train
D00957,P00022,1,train
D03767,P01271,0,train
D00137,P00377,1,train
D01533,P01481,0,train
D01353,P00063,1,train
D00152,P02009,0,train
D00809,P01085,0,train
D01009,P01038,1,train
D02747,P00258,1,train
D03243,P00199,1,train
D01519,P00170,1,train
D01449,P00405,0,train
D01766,P01115,0,train
D03768,P01626,0,train
D02877,P01370,0,train
D02478,P00918,0,train
D00022,P01935,0,train
D01912,P00482,0,train
D03769,P00414,1,train
D01484,P00100,0,train
D03518,P02003,1,train
D03631,P00544,1,train
D01063,P01018,1,train
D02570,P01461,0,train
D00646,P00008,1,train
D02340,P00063,0,train
D03094,P00563,0,train
D03770,P00124,1,train
D02355,P00711,0,train
D00618,P00155,1,train
D00422,P00161,1,train
D02567,P01669,0,train
D03155,P00831,1,train
D03771,P00658,0,train
D00636,P00506,1,train
D03002,P01837,1,train
D02471,P02075,0,train
D03204,P00459,0,train
D00949,P00124,1,train
D01029,P00730,0,train
D00370,P01585,0,train
D00613,P02076,0,train
D00107,P00329,1,train
D01835,P01066,0,train
D00340,P00682,0,train
D00211,P00198,0,train
D03772,P00276,0,train
D02562,P01469,0,train
D02175,P00158,1,train
D00235,P01441,1,train
D02481,P01321,1,train
D00449,P01732,1,train
D00379,P00554,1,train
D03773,P01097,1,train
D01084,P00142,1,train
D03261,P00943,0,train
D03541,P01611,0,train
D03035,P01354,0,train
D00194,P01716,0,train
D01891,P00334,1,train
D02049,P01006,1,train
D02833,P01460,1,train
D01010,P00169,1,train
D01920,P00309,0,train
D00192,P00643,1,train
D02961,P01353,0,train
D02956,P00600,1,train
D00248,P00919,1,train
D02838,P00938,0,train
D03774,P01083,0,train
D01237,P00008,1,train
D00482,P00103,0,train
D01830,P00135,1,train
D03138,P01839,0,train
D02194,P02077,0,train
D02676,P00265,0,train
D02904,P00562,0,train
D02379,P00692,1,train
D00052,P01722,1,train
D03516,P01830,0,train
D00815,P01216,0,train
D00314,P01643,1,train
D02815,P00040,1,train
D00363,P00315,0,train
D03629,P01880,1,train
D00330,P01713,1,train
D02271,P00609,0,train
D03775,P00863,0,train
D03776,P01935,0,train
D01241,P01207,0,train
D03397,P00191,0,train
D01701,P01754,0,train
D00965,P01121,0,train
D02095,P01678,0,train
D00954,P00818,0,train
D00305,P01559,0,train
D03777,P02078,0,train
D02467,P00124,1,train
D00659,P00502,1,train
D00668,P00715,1,train
D01127,P00974,0,train
D03778,P02037,0,train
D03779,P01172,0,train
D00705,P00012,1,train
D01467,P00314,1,train
D03021,P01311,0,train
D00285,P00702,0,train
D02942,P00124,1,train
D03780,P00358,1,train
D03213,P01447,0,train
D01503,P00484,1,train
D03343,P00967,0,train
D03748,P00480,0,train
D01350,P02004,0,train
D00562,P00124,1,train
D00534,P00124,1,train
D02317,P01759,0,train
D01545,P01139,0,train
D00633,P01569,0,train
D01009,P00062,1,train
D02873,P01820,0,train
D00838,P01581,0,train
D00504,P01666,0,train
D02968,P00169,1,train
D02016,P00691,1,train
D01525,P00560,1,train
D01055,P02068,0,train
D02176,P00135,1,train
D00980,P00151,1,train
D03781,P00777,0,train
D00307,P01710,0,train
D03270,P00487,1,train
D00616,P02079,0,train
D02657,P00378,1,train
D00393,P00817,0,train
D03442,P01253,0,train
D02837,P00485,0,train
D00377,P00433,0,train
D03136,P00971,0,train
D01588,P00544,0,train
D01085,P00532,0,train
D01240,P00049,1,train
D00973,P00594,1,train
D01428,P01168,0,train
D00830,P01080,1,train
D02232,P01880,0,train
D01108,P01301,1,train
D03782,P00878,0,train
D00595,P02080,0,train
D01644,P00542,0,train
D00503,P00361,1,train
D00986,P00469,0,train
D00864,P00090,1,train
D03635,P01154,0,train
D00006,P01138,0,train
D03067,P01559,0,train
D01827,P00454,1,train
D02137,P00250,0,train
D02076,P00073,1,train
D01202,P00351,1,train
D02688,P00281,1,train
D00436,P00056,1,train
D01038,P00155,1,train
D02120,P00078,1,train
D02535,P00635,0,train
D02486,P00607,0,train
D03131,P01000,1,train
D01264,P02081,1,train
D00191,P00323,1,train
D00527,P00358,1,train
D03783,P02082,0,train
D03784,P00553,0,train
D03469,P00358,1,train
D01133,P00049,1,train
D00429,P02002,0,train
D01890,P01818,0,train
D01720,P00541,1,train
D03785,P01896,0,train
D00092,P00658,0,train
D00534,P01713,0,train
D00834,P01202,1,train
D00545,P00379,0,train
D03450,P00448,1,train
D03049,P00406,0,train
D01130,P01057,1,train
D00782,P00157,0,train
D03633,P00012,1,train
D02614,P01367,1,train
D01467,P01076,1,train
D01122,P00121,0,train
D00903,P01107,0,train
D00288,P00008,1,train
D00009,P01152,0,train
D00162,P00269,1,train
D00179,P00456,1,train
D03786,P00808,1,train
D02253,P00065,0,train
D00282,P00115,1,train
D01921,P00259,1,train
D03787,P01938,0,train
D02130,P00375,1,train
D01610,P00063,1,train
D00610,P01915,0,train
D03104,P00469,1,train
D02498,P01307,0,train
D01615,P00218,0,train
D03747,P00115,1,train
D03788,P01077,1,train
D03789,P00807,0,train
D03502,P01449,0,train
D00920,P00049,1,train
D03006,P02083,0,train
D01867,P00295,0,train
D03790,P01330,0,train
D01597,P02084,1,train
D00953,P01767,1,train
D03791,P01470,1,train
D03791,P00164,0,train
D01158,P01507,0,train
D03400,P00859,0,train
D03582,P00493,1,train
D01351,P01979,0,train
D00529,P02085,1,train
D00118,P00957,0,train
D01578,P00624,1,train
D00731,P01439,1,train
D00105,P01252,1,train
D02384,P01614,1,train
D00993,P00155,1,train
D03792,P01132,1,train
D01910,P00756,1,train
D02152,P01875,0,train
D01500,P00078,1,train
D02479,P00348,0,train
D00855,P00324,1,train
D02934,P00124,1,train
D00305,P00502,1,train
D02480,P00637,1,train
D03793,P00741,0,train
D03183,P00944,1,train
D03794,P01420,1,train
D00185,P01627,0,train
D02699,P00169,1,train
D03078,P00996,0,train
D00255,P00155,1,train
D00339,P00708,1,train
D00832,P00646,1,train
D03795,P01169,1,train
D02177,P00061,1,train
D03054,P01250,0,train
D03150,P01020,0,train
D03632,P01071,0,train
D00145,P00649,1,train
D02059,P00803,0,train
D03775,P00380,0,train
D00870,P01370,1,train
D03658,P00391,1,train
D01801,P02070,0,train
D01675,P00188,0,train
D02203,P00960,0,train
D01424,P01943,0,train
D00833,P00265,0,train
D00906,P00691,0,train
D02950,P00142,1,train
D03450,P00049,1,train
D01981,P01223,0,train
D03796,P01519,1,train
D00291,P00316,1,train
D01203,P01591,0,train
D00300,P00809,1,train
D00274,P01953,0,train
D03193,P00155,1,train
D00454,P01667,1,train
D03797,P00025,1,train
D01291,P00581,1,train
D03798,P02052,0,train
D03156,P00124,1,train
D00514,P01442,0,train
D01833,P00560,0,train
D00225,P00169,1,train
D02269,P01463,0,train
D03799,P00417,1,train
D00341,P00220,1,train
D01113,P00463,1,train
D03220,P00065,1,train
D03800,P01126,1,train
D00014,P00931,1,train
D02613,P00044,1,train
D01110,P00595,0,train
D01147,P00701,0,train
D01827,P00378,0,train
D00070,P00155,1,train
D01468,P00252,1,train
D03801,P01682,0,train
D03802,P02086,0,train
D00072,P01537,0,train
D03108,P02087,0,train
D00841,P00650,1,train
D02268,P01552,1,train
D01514,P01927,1,train
D02040,P00110,0,train
D02406,P00324,1,train
D01893,P01899,1,train
D00741,P00756,1,train
D00551,P01374,0,train
D03803,P01864,1,train
D02997,P01902,0,train
D03056,P00847,1,train
D03804,P02042,0,train
D03805,P02018,0,train
D03806,P00654,1,train
D02753,P00995,1,train
D03807,P00983,0,train
D03808,P01770,1,train
D01503,P01956,1,train
D02341,P00183,0,train
D03809,P01774,0,train
D01660,P00229,1,train
D00047,P01580,0,train
D02562,P00520,0,train
D03810,P00601,1,train
D03811,P00078,0,train
D03259,P01247,0,train
D01100,P01872,0,train
D02126,P00782,1,train
D01728,P00273,0,train
D02035,P00975,1,train
D00279,P00063,1,train
D02443,P00335,0,train
D01170,P01260,1,train
D03609,P00634,1,train
D01477,P00044,1,train
D01342,P00288,0,train
D00460,P01879,1,train
D03812,P00811,1,train
D03221,P02088,0,train
D00099,P00663,1,train
D02529,P00912,0,train
D00148,P00012,1,train
D02757,P00076,0,train
D02002,P00969,1,train
D03244,P00152,1,train
D03241,P01174,0,train
D01061,P01637,0,train
D00524,P01587,1,train
D03813,P01144,0,train
D03814,P00226,1,train
D02161,P00837,1,train
D03393,P00538,0,train
D03471,P00056,1,train
D02243,P00914,0,train
D03086,P01092,1,train
D03815,P01163,1,train
D00613,P00142,1,train
D02921,P01763,0,train
D03415,P01278,0,train
D01874,P01080,1,train
D01447,P02089,0,train
D01349,P02090,0,train
D03633,P01112,0,train
D01514,P01725,1,train
D00902,P00601,1,train
D03816,P00378,1,train
D01259,P01638,1,train
D00551,P01683,0,train
D01679,P00502,1,train
D00366,P01316,0,train
D03817,P01018,1,train
D02556,P01134,0,train
D03818,P01186,0,train
D02093,P02091,1,train
D02164,P01338,1,train
D01507,P00153,1,train
D03819,P01777,0,train
D02842,P01027,1,train
D02158,P00404,1,train
D02879,P00373,1,train
D03820,P00662,0,train
D01822,P00155,1,train
D01527,P00146,1,train
D03167,P01027,1,train
D02507,P01229,0,train
D00014,P00696,1,train
D01230,P00229,1,train
D03696,P00155,1,train
D01258,P01507,1,train
D03120,P01983,1,train
D00816,P00082,0,train
D00676,P01961,0,train
D00606,P00502,1,train
D02793,P01968,1,train
D00394,P01571,0,train
D03694,P01321,0,train
D01816,P01746,0,train
D02871,P01377,1,train
D00808,P02092,0,train
D00446,P00111,1,train
D02226,P02077,1,train
D03821,P01798,0,train
D02977,P01039,0,train
D02822,P00962,0,train
D00516,P00141,0,train
D00093,P01954,0,train
D00221,P00383,0,train
D02622,P00317,0,train
D01728,P00054,1,train
D00416,P01289,0,train
D03364,P01868,1,train
D03822,P01641,0,train
D02875,P00018,1,train
D00635,P00142,1,train
D03823,P01249,1,train
D00492,P01311,0,train
D01885,P00316,1,train
D01415,P00169,1,train
D01093,P01367,0,train
D01769,P00240,1,train
D02669,P01271,0,train
D02201,P00632,0,train
D01830,P00309,1,train
D02202,P01439,1,train
D00691,P01317,0,train
D03320,P00529,1,train
D01468,P01804,1,train
D03281,P00379,0,train
D00732,P00078,1,train
D00170,P00936,1,train
D00070,P00124,1,train
D03444,P00418,1,train
D01325,P00044,1,train
D02571,P00601,1,train
D03585,P00155,0,train
D03824,P00753,0,train
D00043,P00463,1,train
D01889,P00382,1,train
D03818,P01701,0,train
D03825,P00414,1,train
D02298,P01423,0,train
D01802,P00668,0,train
D02013,P00858,0,train
D03826,P01093,1,train
D00719,P02093,0,train
D01930,P01315,1,train
D03827,P01367,0,train
D01546,P00623,1,train
D00650,P02042,0,train
D00222,P00229,1,train
D03828,P00311,0,train
D01167,P00762,1,train
D00212,P00378,1,train
D01483,P00038,1,train
D03106,P01938,0,train
D03595,P00557,0,train
D02129,P02043,0,train
D00092,P00601,1,train
D00519,P02094,0,train
D01778,P00078,1,train
D00729,P01062,0,train
D01655,P00012,0,train
D01661,P00326,1,train
D03342,P00556,0,train
D01851,P00502,1,train
D01161,P00229,1,train
D03829,P01812,0,train
D02100,P00617,1,train
D01229,P00326,1,train
D01674,P00024,0,train
D00721,P01188,0,train
D01404,P00070,1,train
D00720,P00971,1,train
D03189,P00655,1,train
D02247,P00278,0,train
D03830,P01390,0,train
D00014,P01692,1,train
D01114,P01602,0,train
D00193,P01080,0,train
D02238,P00387,0,train
D03051,P02005,0,train
D00919,P00493,1,train
D01369,P00716,1,train
D03372,P00304,0,train
D01507,P00363,1,train
D03831,P01277,0,train
D01161,P00065,1,train
D03174,P00847,1,train
D03032,P00386,0,train
D00334,P01439,1,train
D00320,P00138,0,train
D00971,P01911,0,train
D03400,P01097,0,train
D01415,P00065,1,train
D01560,P00466,1,train
D02229,P01129,0,train
D03619,P00412,1,train
D01273,P00670,0,train
D03220,P00068,1,train
D03566,P00124,1,train
D01569,P01283,0,train
D00092,P00092,1,train
D00412,P00999,0,train
D03832,P01012,0,train
D01334,P01855,0,train
D00432,P01006,1,train
D01847,P01458,1,train
D00091,P01498,0,train
D00993,P00461,1,train
D02141,P02070,0,train
D00927,P01279,0,train
D00676,P01431,0,train
D01987,P00049,1,train
D00229,P00581,1,train
D00754,P00294,1,train
D01355,P00389,1,train
D00352,P01773,1,train
D03741,P00964,0,train
D02185,P00022,1,train
D01785,P01574,1,train
D03381,P01301,0,train
D01444,P00020,0,train
D03833,P00969,0,train
D00108,P00926,1,train
D01591,P00714,1,train
D00014,P01439,1,train
D02367,P01215,0,train
D00805,P00636,0,train
D00460,P00454,1,train
D02387,P01809,1,train
D03834,P00791,0,train
D00637,P00169,1,train
D02285,P01243,0,train
D03835,P01836,0,train
D02610,P00154,1,train
D03718,P00316,1,train
D01951,P01197,0,train
D03191,P00171,1,train
D00529,P00613,0,train
D03836,P01990,0,train
D00493,P00078,1,train
D00505,P01607,0,train
D01369,P00206,0,train
D02293,P00124,1,train
D00026,P00414,1,train
D02553,P00959,0,train
D00321,P00507,1,train
D02626,P00089,0,train
D00401,P01468,0,train
D00783,P01521,0,train
D02132,P00378,1,train
D01759,P01809,1,train
D02838,P00105,0,train
D01770,P00897,0,train
D03785,P00771,1,train
D01527,P00269,1,train
D00224,P01249,0,train
D01989,P00316,1,train
D01366,P00078,0,train
D02843,P00169,1,train
D01825,P01112,0,train
D01516,P01415,0,train
D02720,P00714,0,train
D00011,P00971,1,train
D00939,P00149,0,train
D00216,P00056,1,train
D00428,P00072,1,train
D03049,P00969,1,train
D01825,P02050,0,train
D03547,P00117,0,train
D00288,P01148,1,train
D02702,P01013,1,train
D02785,P01369,0,train
D03162,P01642,0,train
D02174,P00787,0,train
D00399,P01577,0,train
D00731,P02066,1,train
D00150,P01086,1,train
D01660,P00203,1,train
D00904,P01128,1,train
D00276,P00309,1,train
D02671,P01996,1,train
D03306,P00414,1,train
D00726,P00056,1,train
D02436,P01887,0,train
D00072,P00158,1,train
D01503,P01319,1,train
D02872,P01187,1,train
D03837,P00311,0,train
D03677,P00560,1,train
D03674,P00676,0,train
D03258,P00127,0,train
D03322,P00375,1,train
D01614,P02095,1,train
D00634,P01802,0,train
D00858,P00942,0,train
D00343,P01575,0,train
D00094,P00391,0,train
D00150,P00714,1,train
D01868,P01395,1,train
D00558,P00022,1,train
D01502,P00624,1,train
D02349,P00316,1,train
D00968,P00506,1,train
D03838,P00175,1,train
D03839,P02096,0,train
D02190,P00023,0,train
D02366,P00171,1,train
D01503,P00297,1,train
D01880,P00229,0,train
D01431,P00124,1,train
D00749,P01673,0,train
D01906,P00604,1,train
D02480,P01223,0,train
D03160,P01593,0,train
D00371,P00198,1,train
D00931,P00472,1,train
D01620,P00978,0,train
D01106,P00628,0,train
D03840,P00833,0,train
D03841,P01675,1,train
D03039,P00124,1,train
D00754,P00699,0,train
D02452,P00836,1,train
D03842,P01657,0,train
D03126,P01690,1,train
D01040,P00148,1,train
D00116,P01096,0,train
D00197,P00695,0,train
D02330,P00766,1,train
D02274,P00027,0,train
D03843,P00449,1,train
D00567,P00397,0,train
D01679,P01501,0,train
D01160,P00309,1,train
D03844,P01088,1,train
D03491,P00727,0,train
D00327,P00044,1,train
D00636,P00309,1,train
D03113,P00488,1,train
D01430,P01502,1,train
D01826,P00432,0,train
D02883,P00124,1,train
D00255,P00229,1,train
D00436,P00601,1,train
D03845,P00263,0,train
D02449,P00023,0,train
D02327,P00010,0,train
D03560,P02073,0,train
D00385,P00425,1,train
D03846,P01542,0,train
D03847,P01146,0,train
D01472,P02097,1,train
D03336,P00142,1,train
D01430,P00056,1,train
D01518,P01968,1,train
D00439,P00123,0,train
D03022,P00104,0,train
D03626,P01987,0,train
D01535,P01507,0,train
D01860,P00156,1,train
D02770,P00378,1,train
D03848,P00830,0,train
D01016,P00622,1,train
D03849,P00781,1,train
D01842,P00714,0,train
D02237,P00267,0,train
D03850,P00262,1,train
D02116,P00877,0,train
D02367,P00428,0,train
D01921,P00461,1,train
D01105,P00081,0,train
D01319,P00614,0,train
D01236,P00784,1,train
D00193,P00348,1,train
D03851,P00120,1,train
D03741,P01907,0,train
D03062,P02098,0,train
D02062,P00199,1,train
D03852,P00417,0,train
D01699,P00135,1,train
D00614,P01779,1,train
D00870,P00531,0,train
D00049,P00342,0,train
D02681,P00215,1,train
D00203,P00063,1,train
D01185,P01542,0,train
D01957,P00199,1,train
D00182,P00448,1,train
D03727,P00922,0,train
D03610,P00751,0,train
D03853,P00297,1,train
D00687,P00247,0,train
D03834,P00065,1,train
D01239,P00532,0,train
D03831,P00508,0,train
D00675,P01119,1,train
D01860,P00124,1,train
D02431,P00914,1,train
D01029,P01485,0,train
D03302,P00709,0,train
D00847,P01762,0,train
D01167,P00552,0,train
D00949,P00351,1,train
D01063,P01871,0,train
D03730,P00756,1,train
D00184,P01284,0,train
D03171,P00376,1,train
D03854,P00333,0,train
D02469,P02004,0,train
D00251,P00221,0,train
D03855,P01295,1,train
D02086,P01163,1,train
D00467,P00505,0,train
D01415,P00158,1,train
D00200,P00522,0,train
D02359,P01538,0,train
D01188,P00324,1,train
D02372,P00911,1,train
D02961,P00316,1,train
D00378,P01442,0,train
D00961,P00307,0,train
D00737,P00807,0,train
D01282,P01868,1,train
D03284,P02068,0,train
D03856,P00623,1,train
D00623,P01820,1,train
D03493,P00361,0,train
D02815,P00199,1,train
D01740,P01989,0,train
D00549,P00079,0,train
D00318,P00373,1,train
D03857,P01370,0,train
D03652,P01272,1,train
D01937,P00394,1,train
D01378,P01204,0,train
D00257,P01867,0,train
D02177,P02099,1,train
D01415,P00363,1,train
D00670,P00681,1,train
D03104,P01867,0,train
D01157,P00892,1,train
D01776,P00397,0,train
D01691,P00565,1,train
D01507,P00269,1,train
D03858,P02100,0,train
D01874,P00314,1,train
D01770,P02033,0,train
D02917,P00124,1,train
D01756,P02099,0,train
D01513,P00063,0,train
D01616,P00704,0,train
D02692,P01807,0,train
D01385,P00979,0,train
D00984,P00019,1,train
D03581,P01651,0,train
D02067,P00629,0,train
D00057,P01502,1,train
D03859,P00479,1,train
D02191,P01161,0,train
D00425,P00156,1,train
D01832,P00822,0,train
D03860,P00025,1,train
D02821,P00111,1,train
D00938,P02088,1,train
D02315,P00148,0,train
D01794,P01156,0,train
D00023,P00049,1,train
D00389,P00782,1,train
D00950,P00379,0,train
D00513,P00081,0,train
D00282,P00155,1,train
D01566,P00306,1,train
D03162,P02101,1,train
D03369,P00015,0,train
D00260,P00557,1,train
D03861,P01289,0,train
D00338,P00259,1,train
D03732,P00006,0,train
D01468,P01481,1,train
D03862,P00723,1,train
D00601,P00750,1,train
D03863,P00027,1,train
D00430,P00115,1,train
D03864,P00413,0,train
D03865,P00182,0,train
D02948,P00044,1,train
D00366,P00617,0,train
D03462,P00052,0,train
D00313,P00012,1,train
D01207,P02035,0,train
D02382,P00640,1,train
D03866,P00797,1,train
D02443,P00268,0,train
D02056,P00152,1,train
D02413,P00276,0,train
D01161,P00701,0,train
D03830,P01005,0,train
D01213,P00124,1,train
D03467,P00198,1,train
D03867,P00271,0,train
D03868,P00279,1,train
D01039,P00773,0,train
D01108,P02007,1,train
D00802,P00262,1,train
D00524,P00747,1,train
D02997,P01438,0,train
D03127,P00152,1,train
D01414,P00952,0,train
D00137,P00506,1,train
D03593,P01617,0,train
D03315,P00124,1,train
D00705,P00310,1,train
D03869,P00199,1,train
D03870,P00239,0,train
D03259,P01591,0,train
D03871,P00714,1,train
D00178,P00557,1,train
D01825,P00258,1,train
D02029,P00808,0,train
D03861,P00083,1,train
D00588,P01866,0,train
D03750,P00842,0,train
D00787,P01056,1,train
D00022,P00012,1,train
D03872,P00171,1,train
D01820,P00959,0,train
D03873,P01122,0,train
D02781,P01256,1,train
D02296,P00211,0,train
D00300,P00008,1,train
D03744,P01560,0,train
D00529,P02102,1,train
D03874,P00418,1,train
D02429,P00405,0,train
D00241,P02085,0,train
D03875,P01670,0,train
D03055,P00169,1,train
D01504,P00204,1,train
D03876,P00175,0,train
D00505,P00234,1,train
D01531,P00358,1,train
D00886,P00373,1,train
D00415,P00143,0,train
D01098,P01009,1,train
D03183,P00674,0,train
D02603,P00503,0,train
D03460,P01664,1,train
D02694,P01051,1,train
D01228,P01121,0,train
D02203,P01206,0,train
D02603,P01222,0,train
D00174,P01244,1,train
D03877,P00947,0,train
D03878,P00234,1,train
D02824,P00605,0,train
D01075,P00450,0,train
D00430,P01204,0,train
D00920,P00169,1,train
D03879,P01543,0,train
D02716,P00049,1,train
D01080,P00611,0,train
D01301,P00062,0,train
D03880,P01202,0,train
D00780,P01478,0,train
D01456,P00414,1,train
D01468,P01900,1,train
D01468,P02081,1,train
D01554,P00847,1,train
D03881,P01092,0,train
D02027,P00413,0,train
D01931,P01218,0,train
D01121,P01473,0,train
D01657,P01743,0,train
D00046,P01356,0,train
D00208,P00234,1,train
D03651,P00301,0,train
D00824,P00275,0,train
D01302,P00155,1,train
D00305,P00324,1,train
D03252,P01175,0,train
D03882,P01415,0,train
D01353,P02103,0,train
D03883,P01830,0,train
D00088,P01886,0,train
D01328,P00604,1,train
D01578,P00878,1,train
D01852,P01076,1,train
D03322,P00867,0,train
D00322,P00708,0,train
D00135,P00755,0,train
D01826,P00781,0,train
D01413,P00232,1,train
D03733,P01757,0,train
D00032,P00845,1,train
D02240,P00748,1,train
D01576,P01416,1,train
D00337,P01290,0,train
D02889,P00833,0,train
D01802,P00498,0,train
D03884,P00120,1,train
D01389,P00560,1,train
D02512,P01048,0,train
D00044,P01391,1,train
D00204,P00601,1,train
D00860,P01996,1,train
D00352,P00530,0,train
D00614,P01471,1,train
D02386,P00022,1,train
D00137,P00681,1,train
D02204,P02104,0,train
D02568,P00643,1,train
D03479,P00124,1,train
D00886,P02025,0,train
D01210,P00056,1,train
D03885,P00130,1,train
D00024,P00826,1,train
D02412,P00118,1,train
D01220,P01273,1,train
D03886,P00171,1,train
D02360,P01702,0,train
D00212,P02083,0,train
D03357,P01954,0,train
D03887,P01822,1,train
D00637,P00756,1,train
D02740,P02105,1,train
D03010,P00329,1,train
D00496,P01502,1,train
D00987,P00695,1,train
D02714,P00601,1,train
D01248,P01424,0,train
D01147,P00809,1,train
D00228,P00773,1,train
D01575,P00153,0,train
D03734,P00005,0,train
D03598,P00386,0,train
D01325,P00544,1,train
D01707,P00078,1,train
D03197,P01185,0,train
D00643,P00596,1,train
D00998,P00790,0,train
D00982,P00565,1,train
D03538,P00640,1,train
D00525,P01876,0,train
D02120,P00049,1,train
D03888,P01459,0,train
D00958,P01188,0,train
D01084,P00513,0,train
D02382,P00044,1,train
D00211,P01737,0,train
D03038,P01431,0,train
D00625,P00007,1,train
D00092,P00156,1,train
D00496,P01440,1,train
D02352,P01369,0,train
D01713,P00539,1,train
D02270,P01822,0,train
D00247,P00432,0,train
D00014,P01765,1,train
D00602,P00878,0,train
D01274,P01528,0,train
D03033,P00394,0,train
D02359,P01856,0,train
D03024,P00528,1,train
D03494,P01334,0,train
D02280,P00908,1,train
D01872,P00171,1,train
D03889,P00831,0,train
D01271,P01372,0,train
D03633,P00157,1,train
D03890,P00265,0,train
D03616,P00275,0,train
D00115,P00566,0,train
D02296,P00336,0,train
D01194,P00312,0,train
D00255,P00158,1,train
D00119,P01076,1,train
D03596,P01332,0,train
D01568,P01272,0,train
D02410,P00641,0,train
D01992,P01415,0,train
D00931,P01420,1,train
D00014,P00068,1,train
D02548,P00022,0,train
D01569,P00611,0,train
D03417,P00010,0,train
D01068,P00766,1,train
D03312,P00056,1,train
D02337,P00380,1,train
D00042,P01263,0,train
D01323,P00351,1,train
D03599,P00811,0,train
D01570,P01842,0,train
D01703,P01887,1,train
D00107,P00063,1,train
D00017,P00129,0,train
D02666,P00515,0,train
D03361,P00485,1,train
D00529,P00542,1,train
D02528,P00787,1,train
D00344,P00219,0,train
D02374,P00056,1,train
D00646,P00356,1,train
D02354,P00979,0,train
D01686,P00930,0,train
D03891,P01105,0,train
D00312,P00509,1,train
D00906,P00969,1,train
D03730,P00124,1,train
D03137,P00842,0,train
D01441,P00115,1,train
D03134,P01550,0,train
D00042,P01003,0,train
D00436,P01106,0,train
D00564,P00054,1,train
D01326,P00040,1,train
D00136,P00639,0,train
D03572,P02020,0,train
D03467,P00723,0,train
D02701,P01197,0,train
D03518,P00169,1,train
D01056,P00220,1,train
D03514,P00546,0,train
D02994,P02106,1,train
D01229,P00859,1,train
D02427,P00234,1,train
D02962,P00815,0,train
D02641,P01150,0,train
D01684,P00312,0,train
D01554,P01486,0,train
D02644,P01269,0,train
D02858,P00756,1,train
D03126,P00155,1,train
D00014,P00750,1,train
D00422,P00356,1,train
D03539,P00951,0,train
D03811,P01509,0,train
D01926,P00979,0,train
D03892,P01670,0,train
D03233,P01228,0,train
D01470,P00234,1,train
D02422,P01919,0,train
D03823,P01203,0,train
D03676,P00152,1,train
D00939,P01827,1,train
D01699,P01371,0,train
D01895,P01373,0,train
D02593,P00899,0,train
D00137,P00356,1,train
D01467,P00847,1,train
D00987,P01138,1,train
D02867,P01591,0,train
D03645,P00070,0,train
D03728,P00823,0,train
D03183,P00923,0,train
D03893,P00985,0,train
D02757,P01401,1,train
D01756,P00078,1,train
D00883,P02055,0,train
D03894,P00865,1,train
D03895,P00351,1,train
D03611,P01249,0,train
D02536,P00504,1,train
D00965,P01775,1,train
D02105,P01372,0,train
D02542,P00102,0,train
D03337,P00996,0,train
D00448,P00155,1,train
D03896,P00111,1,train
D03897,P01417,0,train
D00946,P00329,1,train
D00012,P01576,0,train
D00014,P00342,1,train
D03346,P00948,0,train
D02924,P01287,0,train
D02622,P02100,1,train
D03898,P00068,0,train
D02304,P00449,1,train
D03889,P02107,0,train
D01328,P00868,0,train
D01958,P01615,1,train
D02573,P00702,1,train
D03334,P01235,1,train
D00787,P01532,0,train
D00474,P01768,0,train
D03899,P00227,1,train
D00529,P01986,1,train
D03883,P01636,0,train
D00731,P01004,1,train
D01880,P00351,1,train
D03697,P00479,1,train
D02813,P01087,1,train
D03794,P00793,0,train
D03243,P01841,0,train
D03110,P00044,1,train
D02024,P00490,0,train
D02176,P00227,1,train
D03750,P00623,1,train
D03850,P00726,0,train
D00578,P00640,1,train
D00017,P00462,1,train
D00827,P00335,0,train
D03192,P00156,0,train
D03411,P00266,0,train
D00148,P01859,0,train
D03900,P02108,1,train
D00092,P00115,1,train
D01965,P01077,1,train
D01240,P00063,1,train
D03901,P01989,0,train
D03066,P01354,0,train
D02562,P01274,0,train
D01272,P02085,0,train
D02553,P01574,0,train
D00388,P01224,1,train
D00191,P00155,1,train
D01224,P00156,1,train
D03654,P01744,0,train
D01247,P00078,0,train
D03495,P00372,0,train
D00672,P00601,1,train
D03898,P00549,0,train
D03863,P00309,0,train
D03902,P01700,1,train
D00605,P02109,0,train
D00535,P00706,1,train
D00650,P01558,0,train
D02701,P01080,1,train
D01547,P00839,0,train
D01882,P00044,1,train
D00381,P01983,0,train
D00306,P00135,1,train
D00074,P00156,1,train
D01504,P00258,1,train
D01706,P01103,1,train
D02812,P00343,0,train
D00408,P01416,0,train
D00108,P00049,1,train
D00234,P01556,0,train
D02630,P00022,1,train
D00643,P00236,0,train
D02522,P01116,0,train
D02850,P01887,0,train
D00545,P00040,1,train
D03576,P02110,0,train
D00622,P00624,0,train
D01581,P01786,0,train
D03903,P01999,0,train
D01451,P02016,0,train
D03758,P00549,0,train
D01864,P00400,0,train
D01729,P00279,1,train
D01877,P00440,0,train
D03223,P00717,1,train
D03513,P00758,1,train
D00916,P00717,1,train
D02479,P01512,0,train
D00623,P00837,0,train
D00573,P00606,0,train
D03904,P00611,0,train
D00609,P00632,0,train
D03890,P01493,0,train
D03905,P00171,1,train
D01081,P00115,1,train
D03151,P01064,1,train
D01373,P01033,0,train
D01982,P00509,1,train
D00305,P00506,1,train
D01162,P00208,1,train
D02857,P00111,1,train
D01263,P01996,1,train
D00260,P00502,1,train
D03380,P01665,0,train
D03747,P00375,1,train
D00949,P01027,0,train
D01310,P00289,1,train
D00182,P00853,1,train
D03277,P01399,0,train
D01431,P00552,0,train
D00377,P00931,0,train
D01443,P00359,1,train
D00257,P01193,0,train
D02880,P01212,0,train
D03086,P00828,0,train
D01209,P02066,0,train
D00551,P00828,0,train
D02236,P00173,1,train
D02416,P00092,0,train
D03906,P01276,0,train
D00892,P00060,0,train
D03690,P00701,1,train
D00329,P00905,0,train
D03215,P01701,0,train
D00305,P00092,1,train
D03907,P01463,0,train
D02444,P01645,1,train
D00741,P00164,1,train
D00228,P01936,0,train
D03908,P02062,0,train
D00101,P01076,1,train
D02997,P01154,0,train
D03909,P01373,1,train
D03192,P00851,0,train
D01372,P01785,0,train
D01591,P01617,1,train
D02559,P00850,1,train
D00754,P01211,1,train
D03337,P01463,0,train
D03910,P00543,0,train
D03640,P00731,1,train
D00140,P00377,1,train
D01359,P00021,0,train
D00288,P00135,1,train
D02650,P01513,0,train
D01538,P00312,1,train
D00634,P01687,1,train
D00499,P01433,0,train
D01677,P00189,0,train
D02824,P01350,0,train
D03911,P01954,0,train
D02520,P00364,1,train
D01956,P00169,1,train
D00306,P02090,0,train
D02715,P00370,1,train
D03848,P00345,0,train
D00947,P00049,1,train
D03084,P01013,1,train
D02434,P00283,0,train
D03075,P01593,0,train
D01961,P00142,1,train
D02710,P01790,0,train
D00042,P00448,1,train
D01716,P01490,0,train
D03385,P02004,0,train
D01283,P00056,1,train
D01900,P00428,0,train
D00580,P01593,0,train
D01216,P00737,1,train
D00167,P00324,1,train
D03748,P00217,0,train
D03912,P00171,1,train
D02786,P00234,1,train
D02225,P01702,0,train
D01653,P00124,1,train
D03091,P00057,0,train
D00455,P00601,1,train
D03913,P00189,1,train
D02794,P00623,1,train
D03914,P00692,0,train
D03176,P01794,0,train
D00702,P00065,1,train
D01179,P00562,0,train
D00864,P00356,1,train
D02444,P02100,1,train
D01282,P00185,1,train
D00463,P00316,1,train
D02350,P00790,0,train
D00138,P00008,1,train
D03010,P01435,1,train
D02252,P00240,1,train
D00360,P01014,0,train
D02182,P00404,0,train
D01324,P01740,0,train
D03915,P01474,0,train
D01806,P01718,1,train
D00061,P01360,0,train
D02219,P01524,0,train
D00885,P00142,1,train
D03062,P01899,1,train
D02612,P01530,0,train
D01258,P00410,0,train
D02485,P00335,1,train
D00976,P00782,1,train
D00702,P00076,1,train
D02012,P01011,0,train
D00983,P00025,1,train
D01473,P01255,1,train
D03650,P00124,1,train
D00769,P01241,1,train
D03273,P00981,0,train
D01503,P01822,1,train
D03178,P00566,0,train
D01860,P01211,1,train
D01131,P00350,1,train
D02743,P01109,1,train
D01412,P01241,1,train
D02423,P01435,0,train
D00626,P00208,1,train
D01702,P01723,1,train
D02829,P00124,1,train
D02933,P00017,1,train
D00260,P01076,1,train
D00136,P00294,1,train
D03224,P00892,0,train
D00943,P00733,1,train
D00659,P00232,1,train
D01240,P00065,1,train
D02066,P00361,0,train
D01079,P00732,1,train
D01734,P00169,1,train
D03599,P01613,1,train
D00726,P00293,1,train
D01882,P00874,0,train
D02784,P00179,1,train
D03631,P00171,1,train
D03916,P01039,0,train
D02796,P01315,1,train
D00068,P00113,0,train
D03740,P01743,0,train
D00787,P00509,1,train
D03266,P01858,0,train
D00845,P02038,0,train
D02994,P01001,1,train
D01503,P00189,1,train
D00997,P00061,0,train
D03917,P00695,0,train
D00599,P01456,0,train
D00151,P00158,1,train
D00332,P00601,1,train
D02792,P00139,0,train
D03328,P01720,0,train
D00763,P00718,0,train
D02431,P00773,0,train
D00670,P00227,1,train
D00139,P00124,1,train
D00672,P01776,0,train
D03730,P00598,0,train
D03918,P00124,1,train
D00646,P00158,1,train
D03573,P01200,0,train
D01282,P01988,1,train
D03746,P01089,0,train
D03794,P01270,0,train
D00474,P00356,1,train
D00417,P00993,1,train
D03326,P00864,0,train
D00508,P00273,1,train
D00618,P00312,1,train
D03827,P01151,0,train
D00014,P00974,1,train
D02949,P00358,1,train
D02500,P02111,0,train
D00051,P00485,1,train
D01026,P01588,1,train
D03919,P00020,0,train
D00754,P00601,1,train
D03916,P00199,1,train
D01284,P01112,0,train
D02277,P01260,1,train
D01275,P01685,1,train
D02863,P00022,0,train
D03883,P01862,1,train
D00080,P02051,0,train
D00615,P00155,1,train
D00777,P00124,1,train
D00632,P01548,0,train
D01996,P01526,0,train
D01289,P00124,1,train
D01962,P01026,0,train
D01039,P02112,1,train
D03162,P01787,0,train
D00027,P00971,1,train
D02762,P02113,0,train
D00400,P01056,1,train
D03920,P00417,1,train
D03921,P00865,1,train
D03636,P01672,0,train
D03292,P00315,1,train
D01693,P01455,0,train
D00031,P00784,0,train
D03922,P00663,1,train
D01603,P00100,0,train
D00940,P02114,0,train
D00117,P00337,1,train
D03366,P00339,1,train
D01975,P00907,0,train
D02549,P00693,0,train
D01290,P01597,0,train
D00204,P00401,1,train
D02701,P01362,0,train
D01554,P00198,1,train
D01446,P01187,0,train
D01464,P00056,1,train
D03724,P00968,0,train
D00105,P01902,1,train
D00261,P01652,1,train
D01111,P01666,1,train
D01877,P01615,0,train
D02021,P00044,1,train
D03617,P00142,1,train
D03285,P01815,0,train
D01925,P00918,1,train
D01740,P00044,1,train
D01401,P00454,1,train
D00410,P00850,0,train
D03923,P00334,1,train
D03107,P00016,1,train
D00466,P00169,1,train
D03360,P01132,1,train
D01017,P00385,1,train
D00897,P00033,0,train
D00200,P00871,0,train
D03924,P02008,1,train
D01111,P00441,0,train
D03925,P01652,0,train
D03926,P00221,0,train
D01205,P00189,1,train
D03927,P00597,0,train
D00137,P00008,1,train
D03928,P01497,0,train
D03776,P01379,0,train
D01847,P01975,1,train
D03015,P01324,1,train
D01554,P00262,1,train
D02570,P01330,1,train
D03762,P00325,0,train
D00032,P01234,0,train
D03099,P00911,0,train
D01417,P00373,1,train
D03805,P01018,1,train
D03837,P01370,0,train
D03496,P01054,0,train
D03389,P01117,1,train
D03929,P00577,0,train
D01621,P00056,1,train
D00280,P02098,0,train
D03930,P00054,1,train
D00530,P00049,1,train
D03931,P01259,0,train
D00794,P00827,0,train
D01534,P00065,1,train
D01423,P00446,0,train
D01863,P00028,1,train
D01245,P01056,0,train
D02121,P01899,0,train
D02747,P00837,0,train
D00600,P01791,0,train
D02197,P00461,1,train
D02703,P00640,1,train
D03891,P00303,0,train
D03415,P00047,1,train
D02681,P01303,1,train
D03124,P00559,0,train
D01772,P01006,1,train
D01581,P00250,1,train
D03932,P00623,1,train
D01267,P00970,0,train
D00704,P00375,1,train
D02765,P01236,0,train
D00999,P00185,1,train
D00014,P01748,1,train
D00436,P01076,1,train
D03933,P01632,0,train
D00417,P00610,1,train
D00186,P01030,0,train
D00928,P00880,0,train
D03467,P00056,1,train
D01862,P01302,0,train
D03253,P01225,0,train
D02915,P00100,0,train
D03934,P00288,0,train
D02869,P01377,0,train
D01766,P01868,1,train
D03752,P01854,0,train
D01018,P00124,1,train
D01454,P00723,1,train
D00765,P02070,0,train
D02085,P00948,0,train
D00276,P00809,1,train
D02327,P00750,0,train
D00061,P00959,1,train
D03935,P01735,1,train
D03936,P01269,0,train
D03350,P00124,1,train
D03586,P00455,0,train
D02875,P01049,0,train
D02067,P01588,0,train
D03100,P00429,0,train
D02473,P00208,1,train
D02375,P00557,1,train
D03937,P00114,0,train
D02955,P00181,0,train
D01745,P00192,0,train
D01340,P01571,0,train
D02227,P00044,1,train
D00434,P01037,1,train
D03938,P01345,1,train
D01998,P01850,1,train
D02479,P01254,0,train
D01089,P00893,0,train
D00099,P00078,1,train
D03188,P00319,0,train
D00014,P01329,1,train
D03939,P01503,0,train
D00767,P01364,0,train
D00009,P01663,0,train
D00880,P01706,1,train
D03940,P00352,0,train
D02495,P00273,0,train
D03852,P01594,0,train
D00205,P00189,1,train
D01112,P00197,1,train
D00035,P00124,1,train
D02807,P00748,1,train
D02649,P00124,1,train
D03405,P00773,0,train
D00375,P00522,1,train
D02982,P00825,0,train
D01254,P00207,0,train
D00401,P00116,1,train
D00849,P00250,0,train
D00262,P01900,0,train
D01177,P01859,0,train
D03083,P01553,0,train
D00204,P01576,1,train
D01297,P00074,0,train
D03028,P01606,1,train
D02556,P00350,0,train
D01325,P00326,1,train
D01152,P00056,1,train
D00731,P00750,1,train
D00347,P01928,0,train
D00727,P01262,0,train
D02228,P00619,0,train
D03629,P00201,0,train
D00460,P02083,0,train
D00445,P01601,0,train
D00944,P00008,1,train
D01213,P00389,1,train
D00332,P00351,1,train
D00332,P00092,1,train
D00392,P00188,0,train
D03463,P01319,1,train
D03941,P00955,0,train
D01319,P01843,0,train
D01591,P01966,1,train
D02624,P01745,0,train
D00437,P01490,0,train
D03942,P00096,0,train
D01165,P00155,1,train
D00821,P00703,0,train
D00105,P01924,1,train
D00892,P00203,1,train
D03722,P00295,1,train
D01252,P00170,1,train
D00014,P00912,1,train
D01224,P00807,1,train
D02335,P00743,1,train
D03661,P00144,0,train
D00705,P01265,0,train
D01576,P00170,1,train
D03028,P00763,0,train
D02689,P00291,0,train
D02246,P00151,0,train
D02213,P00670,0,train
D00967,P01326,0,train
D00319,P01284,0,train
D03454,P01905,1,train
D03943,P01093,1,train
D03143,P00558,0,train
D01750,P00754,0,train
D03895,P00262,1,train
D03462,P01685,1,train
D01079,P00823,1,train
D03881,P00453,0,train
D00426,P01483,0,train
D03944,P00007,0,train
D00895,P00509,1,train
D02088,P01485,0,train
D03945,P02009,0,train
D02276,P00250,1,train
D01302,P01421,0,train
D03334,P01830,0,train
D00410,P00056,1,train
D00496,P00456,1,train
D00074,P00234,1,train
D00052,P00752,0,train
D00879,P01851,1,train
D00458,P01962,1,train
D02087,P00641,0,train
D03946,P00234,0,train
D01998,P00956,1,train
D00463,P00509,1,train
D01152,P00044,1,train
D00619,P01458,1,train
D00403,P00355,0,train
D00563,P02059,0,train
D03947,P00078,1,train
D01841,P00056,1,train
D02838,P01943,0,train
D01315,P01781,0,train
D00106,P00115,1,train
D03281,P00298,0,train
D03948,P00229,1,train
D00035,P00339,0,train
D02586,P01890,0,train
D01809,P01565,0,train
D01965,P01688,0,train
D02940,P00378,1,train
D03391,P01163,1,train
D03949,P00683,0,train
D02279,P01896,1,train
D02851,P00006,1,train
D03932,P01536,0,train
D00222,P01471,0,train
D00344,P00829,0,train
D01520,P01470,0,train
D00140,P00161,1,train
D03034,P01083,0,train
D00921,P00557,1,train
D01778,P01233,0,train
D00341,P00309,1,train
D00210,P00667,0,train
D03232,P00461,1,train
D01569,P00424,1,train
D00305,P02110,0,train
D03447,P01464,0,train
D00732,P00008,1,train
D01215,P01270,0,train
D02586,P01779,0,train
D00079,P00448,1,train
D03043,P01962,0,train
D02563,P00156,1,train
D01764,P00298,0,train
D00774,P00425,1,train
D03132,P01288,0,train
D01377,P00849,0,train
D00529,P01750,1,train
D03950,P01838,0,train
D03118,P00786,0,train
D03905,P00136,0,train
D02450,P00858,0,train
D00828,P00092,1,train
D01578,P00491,0,train
D02247,P00291,1,train
D00367,P00247,0,train
D00303,P00980,0,train
D03008,P01414,0,train
D00318,P00063,1,train
D03874,P01720,0,train
D02502,P01551,1,train
D02624,P00824,0,train
D00103,P01317,1,train
D02875,P01430,1,train
D03951,P00775,0,train
D02067,P01084,0,train
D00127,P01626,0,train
D03952,P00469,1,train
D01102,P01792,1,train
D03953,P00435,0,train
D03266,P01480,0,train
D00145,P01644,1,train
D00704,P00179,0,train
D03330,P00829,0,train
D02354,P01244,1,train
D00305,P00375,1,train
D00959,P00543,1,train
D02829,P00316,1,train
D03954,P01465,0,train
D01603,P00832,0,train
D01009,P00486,1,train
D00108,P00509,1,train
D01475,P01411,0,train
D03168,P00113,0,train
D03658,P02115,0,train
D03955,P01468,1,train
D03956,P00416,0,train
D03957,P01469,0,train
D02000,P00057,0,train
D00040,P00504,1,train
D02205,P02116,0,train
D03958,P00990,0,train
D03648,P01502,0,train
D02002,P00914,0,train
D01230,P01606,0,train
D00629,P00488,1,train
D01264,P01481,1,train
D02441,P01318,0,train
D00761,P01893,1,train
D03613,P01199,0,train
D00734,P01163,1,train
D02686,P00155,1,train
D00280,P00980,0,train
D01362,P00056,1,train
D00208,P00156,1,train
D03645,P00857,0,train
D01017,P00063,1,train
D00430,P00937,1,train
D02721,P00234,1,train
D00618,P00135,1,train
D03959,P01877,0,train
D00984,P00377,0,train
D01586,P01960,1,train
D02406,P00669,0,train
D00265,P01611,0,train
D03342,P00708,0,train
D00300,P01961,1,train
D02741,P00607,0,train
D01044,P00942,0,train
D03960,P00656,0,train
D00965,P00101,0,train
D00509,P01119,0,train
D02756,P02062,0,train
D02150,P00287,1,train
D02874,P00128,1,train
D01880,P00124,1,train
D03961,P01295,0,train
D02623,P01114,0,train
D01098,P00188,1,train
D02346,P01266,0,train
D01019,P00489,0,train
D03962,P01770,0,train
D03420,P01217,0,train
D02575,P01788,0,train
D00990,P00637,0,train
D00642,P00913,1,train
D00625,P00596,1,train
D00450,P00651,0,train
D02359,P02054,1,train
D00959,P00006,1,train
D03259,P01196,0,train
D01017,P00155,1,train
D03963,P01700,0,train
D00145,P02117,1,train
D00217,P01524,0,train
D02031,P02118,1,train
D01567,P01542,0,train
D01591,P01229,1,train
D01166,P01697,0,train
D03964,P00948,0,train
D03965,P00451,0,train
D01653,P01704,0,train
D03376,P00986,0,train
D00140,P00269,1,train
D01461,P00663,1,train
D02241,P00596,1,train
D01175,P01947,0,train
D00796,P00557,0,train
D03551,P00232,0,train
D03966,P01765,0,train
D00682,P01857,0,train
D03867,P01602,0,train
D00794,P00252,0,train
D03628,P01066,0,train
D02711,P00737,0,train
D01910,P01317,0,train
D02349,P01498,0,train
D02641,P01086,1,train
D00909,P00936,1,train
D00654,P00016,1,train
D03167,P00519,1,train
D02654,P01598,0,train
D02051,P00969,1,train
D02741,P00472,0,train
D03895,P01201,0,train
D01145,P00386,1,train
D03967,P01622,0,train
D01806,P00559,1,train
D02231,P01085,0,train
D01508,P00479,1,train
D00167,P00847,1,train
D00634,P00324,0,train
D02288,P02029,0,train
D00658,P01454,0,train
D02441,P00177,0,train
D02375,P00375,1,train
D01395,P01871,1,train
D02826,P00049,1,train
D02648,P00499,1,train
D02582,P01755,1,train
D00615,P00871,1,train
D01874,P01042,0,train
D00606,P01686,0,train
D00136,P00234,1,train
D00948,P00068,1,train
D01871,P00351,1,train
D00559,P01766,0,train
D03968,P00889,0,train
D03969,P00666,1,train
D00204,P00124,1,train
D02571,P00072,1,train
D03766,P00733,0,train
D02045,P01254,0,train
D02375,P00156,1,train
D01867,P01293,1,train
D01337,P00160,1,train
D03574,P01701,0,train
D01726,P00189,1,train
D00362,P00509,1,train
D03112,P00509,1,train
D00245,P00388,0,train
D00137,P00158,1,train
D03970,P00293,1,train
D03971,P00364,0,train
D01673,P02062,0,train
D01053,P00171,1,train
D00081,P00055,1,train
D00445,P00618,0,train
D00860,P00084,0,train
D02618,P00190,1,train
D02530,P00845,0,train
D01059,P01996,0,train
D02472,P00476,0,train
D00999,P01604,1,train
D02017,P00959,1,train
D03093,P01907,1,train
D03531,P00713,0,train
D00151,P00134,1,train
D01176,P01835,0,train
D01011,P01963,0,train
D03496,P01192,0,train
D02243,P00788,0,train
D00815,P00087,0,train
D00674,P01006,0,train
D03972,P00751,0,train
D03973,P00315,1,train
D02976,P00857,1,train
D03279,P02119,0,train
D02004,P00461,1,train
D01714,P01885,0,train
D01145,P01435,1,train
D00257,P01074,0,train
D02980,P01208,0,train
D02006,P00229,1,train
D02605,P00537,0,train
D00417,P01765,0,train
D01173,P01185,0,train
D02650,P01007,1,train
D01430,P00853,1,train
D02862,P00217,0,train
D03974,P00865,1,train
D03975,P01206,0,train
D00386,P00643,0,train
D00010,P01184,1,train
D00272,P00032,0,train
D00359,P00324,1,train
D01992,P01641,0,train
D01321,P00099,0,train
D03702,P01119,0,train
D01922,P00877,0,train
D00385,P01370,1,train
D03834,P00258,0,train
D02507,P00128,1,train
D02934,P00902,0,train
D00509,P00047,1,train
D02853,P01042,0,train
D03976,P01653,0,train
D00162,P00356,1,train
D02919,P00868,0,train
D02692,P00912,1,train
D03977,P01554,0,train
D03936,P01195,0,train
D01974,P00280,0,train
D00731,P00218,1,train
D01290,P00628,0,train
D00136,P00124,1,train
D03978,P00130,1,train
D01440,P00171,1,train
D01578,P02076,1,train
D03321,P01638,0,train
D03247,P02096,0,train
D02418,P01562,0,train
D01560,P01400,0,train
D02993,P00012,0,train
D00105,P00592,1,train
D03192,P00413,0,train
D00422,P00309,1,train
D02720,P01818,0,train
D02878,P01753,0,train
D01237,P00078,1,train
D01591,P00028,1,train
D03278,P01997,1,train
D03520,P01373,0,train
D02317,P01721,0,train
D00457,P01023,0,train
D03505,P00113,0,train
D01791,P00142,1,train
D01785,P01026,0,train
D01301,P00601,1,train
D03979,P00388,0,train
D02541,P00047,1,train
D02785,P01788,0,train
D02101,P00685,1,train
D00420,P00300,0,train
D01327,P01024,1,train
D02233,P00643,1,train
D01019,P00638,0,train
D03980,P00501,0,train
D00057,P00937,1,train
D02332,P00329,1,train
D00144,P00022,1,train
D02449,P00039,0,train
D02160,P00502,1,train
D01509,P01039,1,train
D03247,P00130,1,train
D03981,P02073,1,train
D03982,P00770,0,train
D01300,P00706,1,train
D00390,P01164,0,train
D01936,P01663,1,train
D02827,P00756,0,train
D02649,P01910,0,train
D01075,P00124,1,train
D03014,P01949,0,train
D03919,P00314,1,train
D02329,P00146,0,train
D01562,P01541,0,train
D02821,P00946,0,train
D01943,P02073,0,train
D01461,P00196,0,train
D02296,P00133,1,train
D02556,P01242,1,train
D01434,P01011,0,train
D01674,P00691,0,train
D01808,P01066,0,train
D02663,P00870,0,train
D01161,P00169,1,train
D02387,P01260,1,train
D00351,P01020,0,train
D01565,P01327,1,train
D00341,P00146,1,train
D00616,P00227,1,train
D03167,P00560,1,train
D00685,P00319,1,train
D01591,P00024,1,train
D02143,P01369,0,train
D03302,P00702,1,train
D03539,P01224,1,train
D03462,P00544,1,train
D03983,P00933,0,train
D01483,P00306,0,train
D01222,P02020,0,train
D01003,P00174,0,train
D01009,P01018,1,train
D02180,P00197,1,train
D02573,P01345,0,train
D03899,P00056,1,train
D00220,P00864,0,train
D03984,P01980,0,train
D03902,P01442,1,train
D03283,P01133,0,train
D03411,P00663,1,train
D03985,P00261,1,train
D01891,P00944,1,train
D02846,P00311,0,train
D00512,P00356,1,train
D00163,P01226,0,train
D00016,P00078,1,train
D03729,P00389,1,train
D00092,P00847,1,train
D03986,P00716,1,train
D00809,P00124,1,train
D03294,P01101,0,train
D03987,P00044,1,train
D00105,P01179,1,train
D02149,P00484,0,train
D01182,P00375,1,train
D01319,P00491,0,train
D03988,P00759,0,train
D02027,P00761,0,train
D02181,P00687,0,train
D00253,P01024,1,train
D00548,P01423,0,train
D00892,P00044,1,train
D00805,P00601,1,train
D00669,P00363,1,train
D01026,P00106,1,train
D02666,P00373,1,train
D01261,P00044,1,train
D00863,P00671,1,train
D00255,P00601,1,train
D01068,P00372,0,train
D01937,P00130,1,train
D01114,P02039,0,train
D01120,P00054,1,train
D01609,P00568,1,train
D03004,P00164,0,train
D03422,P01185,0,train
D03537,P00947,0,train
D00912,P01293,1,train
D02759,P00002,0,train
D00250,P00910,0,train
D00645,P00651,0,train
D03667,P00998,0,train
D02392,P00702,1,train
D00824,P00056,1,train
D03767,P01850,0,train
D02528,P01272,0,train
D01631,P01294,0,train
D01880,P01880,0,train
D03106,P00123,0,train
D03989,P00060,1,train
D01290,P01479,0,train
D03388,P00552,1,train
D01951,P01113,1,train
D03990,P00031,1,train
D03515,P00378,1,train
D02002,P01279,0,train
D00412,P00373,1,train
D01173,P01997,1,train
D01591,P02120,1,train
D01818,P01025,0,train
D02433,P00414,0,train
D03991,P01972,0,train
D00625,P00065,1,train
D01159,P00936,0,train
D03822,P00386,0,train
D03906,P01629,0,train
D01913,P00053,0,train
D03697,P01899,1,train
D01499,P01673,0,train
D03851,P01877,0,train
D03507,P01588,0,train
D01639,P00701,1,train
D03425,P01141,0,train
D01014,P01374,0,train
D01951,P01006,1,train
D02941,P00539,1,train
D03992,P01400,0,train
D03471,P01397,0,train
D00416,P00234,1,train
D00609,P00358,0,train
D03693,P01410,0,train
D00339,P00498,1,train
D00435,P00794,0,train
D02344,P01958,1,train
D00614,P00064,1,train
D03256,P00225,0,train
D03548,P00029,1,train
D02924,P00584,0,train
D03228,P01421,0,train
D00491,P00448,1,train
D02334,P02053,0,train
D03993,P00394,1,train
D02726,P01939,0,train
D01660,P00156,1,train
D00202,P02121,0,train
D02733,P01302,0,train
D03573,P01288,1,train
D00645,P00143,0,train
D01837,P00340,0,train
D03588,P00619,1,train
D01963,P00891,0,train
D00776,P01291,0,train
D02931,P01788,0,train
D01887,P01252,0,train
D00306,P00505,1,train
D01774,P00904,0,train
D03994,P00101,0,train
D00485,P00150,0,train
D00436,P01791,0,train
D03378,P00316,1,train
D00754,P00848,0,train
D02196,P01325,0,train
D03918,P01403,0,train
D01660,P00044,1,train
D01576,P00063,1,train
D03995,P01902,0,train
D03905,P01187,0,train
D02176,P00809,1,train
D00730,P01867,0,train
D02660,P00950,0,train
D03779,P01216,0,train
D00341,P00323,1,train
D03995,P00155,1,train
D00152,P01139,0,train
D01576,P00115,1,train
D01980,P01330,1,train
D03741,P01879,0,train
D03103,P01960,0,train
D00223,P01316,0,train
D02541,P01315,1,train
D00604,P01352,1,train
D01644,P01464,0,train
D00576,P01414,0,train
D00648,P00375,0,train
D03820,P00395,0,train
D01430,P01081,1,train
D00582,P00487,0,train
D01959,P00448,1,train
D02883,P00258,1,train
D00727,P00169,1,train
D03518,P01276,0,train
D03996,P01243,0,train
D00704,P00807,1,train
D01412,P00809,1,train
D00182,P02034,0,train
D00019,P00643,1,train
D03997,P00382,1,train
D00422,P01595,0,train
D03953,P01790,1,train
D01123,P00047,1,train
D03998,P00390,0,train
D03351,P01245,0,train
D00860,P01657,1,train
D03196,P01332,0,train
D00210,P00821,0,train
D01734,P00943,1,train
D01636,P01459,0,train
D00588,P00063,1,train
D02629,P00928,1,train
D03097,P00565,1,train
D03999,P00456,1,train
D02504,P00512,0,train
D00233,P01863,0,train
D01338,P00759,0,train
D03028,P02069,1,train
D03583,P01959,1,train
D00368,P02121,0,train
D01933,P01093,0,train
D01719,P01982,0,train
D03015,P01694,1,train
D00719,P01791,0,train
D00221,P00203,1,train
D01174,P00311,0,train
D00444,P00078,1,train
D02615,P00430,1,train
D00018,P00936,0,train
D00281,P00316,1,train
D01038,P00115,1,train
D02758,P00921,0,train
D00039,P00040,1,train
D01144,P01386,0,train
D01886,P01327,1,train
D03880,P01737,0,train
D00952,P00581,0,train
D01391,P00941,0,train
D00675,P00927,0,train
D04000,P00914,1,train
D00408,P01029,0,train
D03704,P00499,1,train
D03416,P01946,0,train
D00295,P00395,0,train
D04001,P01678,0,train
D02653,P02093,0,train
D03368,P01138,0,train
D02694,P01609,1,train
D01706,P00668,1,train
D01584,P00065,1,train
D02779,P00557,1,train
D02240,P01159,1,train
D00727,P00541,0,train
D00305,P00262,1,train
D04002,P00112,1,train
D02143,P00766,1,train
D01152,P01125,1,train
D02238,P01661,0,train
D03433,P00768,0,train
D01063,P00375,0,train
D02673,P00049,1,train
D01637,P00125,0,train
D00529,P00814,1,train
D00437,P01505,0,train
D02570,P00013,0,train
D01293,P00133,0,train
D01785,P00125,0,train
D03828,P00071,0,train
D02330,P01416,1,train
D01282,P00055,1,train
D00646,P01386,0,train
D01711,P00258,1,train
D00702,P00169,1,train
D00103,P00489,0,train
D00208,P00130,1,train
D00686,P01138,1,train
D01951,P00207,1,train
D01156,P00609,1,train
D00191,P00078,1,train
D00771,P00262,1,train
D00178,P00056,1,train
D01555,P00199,1,train
D00420,P00124,1,train
D01689,P00209,0,train
D02236,P01232,0,train
D03067,P00463,1,train
D01516,P00437,1,train
D00457,P00831,1,train
D00309,P00221,0,train
D02228,P01511,0,train
D01115,P00721,0,train
D00274,P00065,1,train
D01482,P01107,0,train
D04003,P00237,0,train
D00237,P02053,0,train
D00203,P00115,1,train
D01822,P00124,1,train
D03791,P00624,1,train
D00014,P01250,1,train
D03196,P01607,0,train
D01801,P00173,1,train
D00051,P01435,1,train
D03311,P00193,1,train
D03820,P00811,0,train
D01578,P00037,1,train
D02649,P00044,1,train
D02485,P00124,1,train
D00080,P00448,1,train
D01960,P00279,0,train
D02405,P00351,1,train
D02922,P01675,1,train
D00324,P00234,1,train
D02666,P01630,0,train
D00969,P02038,1,train
D04004,P00181,1,train
D01609,P00600,1,train
D00300,P01899,1,train
D00269,P00373,1,train
D02001,P01290,1,train
D04005,P00459,0,train
D03155,P00540,0,train
D02666,P00351,1,train
D00562,P00991,0,train
D00670,P00056,1,train
D03941,P00142,1,train
D01477,P00063,1,train
D02615,P01089,1,train
D01766,P00185,1,train
D00105,P00701,1,train
D00129,P01666,0,train
D01313,P00651,0,train
D00505,P00044,1,train
D01681,P00577,0,train
D04006,P00130,1,train
D03059,P01093,1,train
D03196,P01289,1,train
D00516,P00657,0,train
D01396,P01668,0,train
D03784,P00601,0,train
D01321,P00528,1,train
D01162,P01713,1,train
D00341,P00478,0,train
D01725,P00197,1,train
D04007,P01856,0,train
D00309,P00207,1,train
D00329,P00610,1,train
D00151,P01685,1,train
D00879,P00154,0,train
D03566,P01092,0,train
D00279,P00049,1,train
D00816,P01931,0,train
D02833,P00049,1,train
D03183,P00396,0,train
D03802,P00195,1,train
D01503,P01589,1,train
D03040,P00049,1,train
D04008,P01183,0,train
D00042,P00155,1,train
D00400,P00231,0,train
D00608,P01770,1,train
D01526,P01184,0,train
D01564,P00220,1,train
D03697,P00862,0,train
D04009,P02082,0,train
D04010,P00301,0,train
D01079,P01688,1,train
D00728,P00743,0,train
D00263,P01434,0,train
D02809,P01035,0,train
D03167,P00065,1,train
D00996,P00203,1,train
D01660,P00807,1,train
D03920,P00478,0,train
D00917,P02047,0,train
D01822,P00169,1,train
D03355,P01706,0,train
D03450,P00124,1,train
D01376,P01480,1,train
D03293,P00898,1,train
D03212,P01915,1,train
D03603,P00971,1,train
D00668,P00385,0,train
D04011,P02028,1,train
D02106,P00574,0,train
D01183,P01945,0,train
D03131,P01781,1,train
D01151,P00700,0,train
D03767,P01996,1,train
D00385,P00034,1,train
D02310,P01681,1,train
D03336,P00617,0,train
D01505,P00462,0,train
D00292,P00756,0,train
D03470,P00293,0,train
D00802,P01155,0,train
D01886,P00572,0,train
D02653,P01445,0,train
D00348,P00479,1,train
D01066,P00956,0,train
D00327,P00601,1,train
D04012,P00583,0,train
D00906,P02078,0,train
D03167,P00482,1,train
D03149,P00768,0,train
D02755,P00528,1,train
D01554,P00208,1,train
D00583,P00012,1,train
D03022,P00541,0,train
D00525,P00295,0,train
D00666,P01839,0,train
D01295,P00504,1,train
D00271,P00078,1,train
D00134,P00378,1,train
D04013,P01705,0,train
D00212,P01025,0,train
D03312,P00525,0,train
D00968,P00809,1,train
D01416,P00124,1,train
D03534,P00393,0,train
D00095,P01133,1,train
D02434,P00951,0,train
D00166,P00146,1,train
D02361,P01942,0,train
D00151,P00901,1,train
D03348,P00524,0,train
D03153,P01329,0,train
D00527,P00851,0,train
D00339,P00327,1,train
D02027,P00250,1,train
D03669,P01235,1,train
D01400,P00625,0,train
D00475,P01355,0,train
D01208,P00367,0,train
D01564,P01717,0,train
D00838,P00078,1,train
D02779,P01903,0,train
D03312,P01528,0,train
D02038,P00125,1,train
D00897,P00359,1,train
D03029,P00054,1,train
D01254,P00885,0,train
D02967,P00888,0,train
D02954,P01113,0,train
D01160,P00124,1,train
D01797,P01533,1,train
D00389,P01538,0,train
D00051,P01424,1,train
D00683,P02020,0,train
D00157,P00461,1,train
D00385,P00943,1,train
D02119,P01843,0,train
D00302,P00056,1,train
D00767,P01740,0,train
D02624,P01184,1,train
D01090,P01287,0,train
D03668,P00206,0,train
D02442,P02088,0,train
D00184,P00853,0,train
D02604,P00169,1,train
D04014,P00063,0,train
D00763,P01723,0,train
D00208,P00169,1,train
D00606,P00124,1,train
D01467,P01182,0,train
D02975,P00078,1,train
D00979,P01494,0,train
D01197,P01951,1,train
D02026,P00217,1,train
D02386,P00582,0,train
D00051,P00562,1,train
D00675,P02009,0,train
D01071,P01368,0,train
D00499,P01522,0,train
D00832,P01676,0,train
D02862,P01456,1,train
D01534,P00012,1,train
D01471,P00754,1,train
D02614,P01859,0,train
D00802,P00044,1,train
D02936,P01029,1,train
D03483,P01070,0,train
D04015,P00067,1,train
D02698,P02040,0,train
D02375,P01097,0,train
D00545,P01080,1,train
D01847,P00936,1,train
D02610,P01906,1,train
D00045,P00383,0,train
D01282,P01006,1,train
D02997,P00249,1,train
D03777,P01258,0,train
D02453,P02082,0,train
D02695,P01076,1,train
D01761,P00056,1,train
D02716,P00169,1,train
D01332,P00621,0,train
D04016,P00218,0,train
D02293,P02122,0,train
D01747,P00730,0,train
D00412,P01861,1,train
D02961,P01665,0,train
D00438,P00056,1,train
D00451,P00601,1,train
D00456,P01328,0,train
D02481,P01400,0,train
D00673,P01427,0,train
D04017,P01727,0,train
D04018,P00047,1,train
D00276,P00161,1,train
D03983,P00412,1,train
D00697,P00056,1,train
D03225,P00107,0,train
D02854,P00444,0,train
D00950,P00078,1,train
D02798,P01425,1,train
D02846,P01309,0,train
D02505,P00807,1,train
D01535,P00986,0,train
D01603,P00992,1,train
D02176,P00506,1,train
D00339,P00078,1,train
D03901,P01338,0,train
D00598,P00905,1,train
D01144,P01859,1,train
D00260,P01494,0,train
D02605,P01954,0,train
D01370,P01914,0,train
D02634,P00171,1,train
D01578,P01342,1,train
D00432,P01069,0,train
D00226,P00409,1,train
D00920,P00078,1,train
D02381,P01389,0,train
D03424,P02092,0,train
D01284,P01822,0,train
D03400,P01315,1,train
D01426,P00044,1,train
D03765,P01452,0,train
D01725,P00044,1,train
D01637,P00169,1,train
D03318,P00151,0,train
D02650,P01484,1,train
D01276,P00637,1,train
D02555,P01180,0,train
D01576,P00092,1,train
D00590,P00522,1,train
D00611,P00056,1,train
D01542,P01767,0,train
D00646,P00506,1,train
D01113,P00506,1,train
D00432,P00819,0,train
D02568,P00124,1,train
D01157,P01584,0,train
D00794,P00493,1,train
D00341,P00506,1,train
D00461,P01148,0,train
D02047,P00876,0,train
D00864,P00309,1,train
D01329,P00056,1,train
D03673,P01106,0,train
D02227,P00012,1,train
D02161,P01686,0,train
D02217,P01658,0,train
D01351,P00069,0,train
D00870,P00012,1,train
D00855,P01063,1,train
D01015,P02123,0,train
D04019,P00224,0,train
D00260,P00131,1,train
D01243,P00378,1,train
D01880,P00127,0,train
D04020,P01811,0,train
D00920,P00259,1,train
D01806,P01570,1,train
D02270,P01092,1,train
D03075,P00204,1,train
D04021,P01713,0,train
D00167,P01076,1,train
D00107,P00155,1,train
D00866,P01868,1,train
D03087,P00872,0,train
D02332,P00795,1,train
D04022,P00134,1,train
D00591,P00207,1,train
D03646,P01314,1,train
D03970,P00604,1,train
D01412,P00363,1,train
D01069,P01791,1,train
D01089,P00124,1,train
D03313,P00406,0,train
D03437,P02124,0,train
D01638,P00054,1,train
D03550,P01209,0,train
D02230,P01859,1,train
D00299,P01891,0,train
D02563,P00092,1,train
D00780,P00883,0,train
D01571,P00995,1,train
D03159,P01716,0,train
D03875,P00745,0,train
D04023,P00306,1,train
D04024,P00315,1,train
D00027,P00230,0,train
D01343,P00663,1,train
D03458,P01438,0,train
D03983,P00695,0,train
D03278,P01463,0,train
D02478,P01517,0,train
D00014,P00303,1,train
D01700,P02023,0,train
D00920,P01839,1,train
D01122,P00604,0,train
D02820,P00057,0,train
D01754,P00227,1,train
D00854,P00771,1,train
D01682,P02125,0,train
D01194,P00124,1,train
D03609,P00549,0,train
D00529,P01039,1,train
D01021,P00878,0,train
D00403,P01651,0,train
D00222,P01907,0,train
D01890,P01545,0,train
D01770,P00289,1,train
D04025,P00031,0,train
D03177,P01452,0,train
D00661,P00566,0,train
D02244,P00557,1,train
D01590,P01262,1,train
D00170,P01458,1,train
D03513,P00888,0,train
D01213,P01728,0,train
D00996,P01932,0,train
D00626,P00324,1,train
D00252,P00939,0,train
D03756,P01717,0,train
D03651,P01760,0,train
D01262,P01929,0,train
D00911,P00354,0,train
D00464,P01480,1,train
D00019,P00124,1,train
D00339,P00065,1,train
D02885,P00425,1,train
D04026,P01898,1,train
D04027,P00142,1,train
D01438,P01619,0,train
D00545,P00262,1,train
D02745,P00040,1,train
D00074,P00167,0,train
D02546,P00771,1,train
D04028,P02126,0,train
D04029,P00526,0,train
D03875,P00976,0,train
D00979,P00624,0,train
D03139,P00439,0,train
D02600,P00328,1,train
D01108,P01870,1,train
D03212,P00447,1,train
D00206,P01831,0,train
D04030,P00768,0,train
D03625,P00124,1,train
D02336,P01713,1,train
D01389,P02021,0,train
D00732,P00158,1,train
D04031,P00370,1,train
D01760,P00044,1,train
D01517,P01691,0,train
D02842,P01952,0,train
D00216,P00234,1,train
D01563,P00923,0,train
D01295,P00124,1,train
D00776,P01819,1,train
D02835,P01765,0,train
D02375,P02021,0,train
D02634,P01041,1,train
D02610,P00380,1,train
D00117,P00756,1,train
D02484,P00037,0,train
D02230,P00245,0,train
D01834,P00902,1,train
D00949,P01498,0,train
D00437,P00601,1,train
D03319,P00901,0,train
D01535,P00648,0,train
D01907,P00209,0,train
D03822,P00056,1,train
D01286,P01258,0,train
D00106,P00631,0,train
D04032,P01985,0,train
D00529,P01899,1,train
D00869,P01235,0,train
D01316,P01902,0,train
D01809,P01152,0,train
D04033,P00487,1,train
D01202,P00401,1,train
D01186,P00124,1,train
D01522,P01832,0,train
D00938,P00124,1,train
D01657,P00851,1,train
D01531,P02096,0,train
D00854,P00123,1,train
D03886,P00353,0,train
D03781,P00330,0,train
D00825,P01106,0,train
D01072,P00124,1,train
D00590,P00222,1,train
D02899,P01572,0,train
D02867,P01886,0,train
D01415,P01006,1,train
D01845,P01729,0,train
D01656,P00602,0,train
D00529,P00569,1,train
D00208,P00115,1,train
D03796,P00634,0,train
D04034,P00660,0,train
D02139,P00900,0,train
D03307,P00728,0,train
D01527,P00871,1,train
D00603,P00939,0,train
D02722,P00017,0,train
D01188,P02103,0,train
D00138,P00158,1,train
D02567,P00370,0,train
D00478,P01138,1,train
D04035,P01167,1,train
D00272,P00172,0,train
D02650,P00625,1,train
D04036,P00044,1,train
D01330,P00152,0,train
D00555,P01886,1,train
D00339,P01979,0,train
D02408,P01986,0,train
D01236,P00669,1,train
D00544,P00461,1,train
D00870,P01230,0,train
D03017,P00316,1,train
D01163,P00845,0,train
D03772,P00681,0,train
D00372,P01585,0,train
D03841,P01360,0,train
D02212,P00085,1,train
D00531,P01698,0,train
D00061,P00033,1,train
D04037,P00054,1,train
D04038,P00370,1,train
D03221,P00012,1,train
D02557,P01534,0,train
D00702,P01113,1,train
D00071,P01191,0,train
D00431,P02036,0,train
D00764,P01056,1,train
D03013,P01100,0,train
D01772,P01306,1,train
D02083,P00195,1,train
D03897,P00411,0,train
D03468,P01454,0,train
D02953,P00424,1,train
D01538,P00871,1,train
D00820,P01220,0,train
D01444,P00205,1,train
D01266,P00478,0,train
D00529,P01653,1,train
D02081,P01850,0,train
D04030,P00647,0,train
D04039,P01134,0,train
D00141,P00261,1,train
D04040,P01204,0,train
D01699,P00506,1,train
D03386,P01731,0,train
D00320,P00249,1,train
D00455,P00807,1,train
D01143,P00806,0,train
D00705,P00521,0,train
D00561,P01283,0,train
D02805,P00834,0,train
D04041,P00349,0,train
D03093,P00643,1,train
D01244,P00760,1,train
D04042,P00646,1,train
D02469,P01249,1,train
D01769,P02127,0,train
D01775,P00118,0,train
D01273,P00054,0,train
D00065,P01037,0,train
D01448,P00506,0,train
D00105,P01250,1,train
D02796,P01051,0,train
D02128,P01162,0,train
D00608,P01243,0,train
D00073,P02096,0,train
D04043,P00043,0,train
D02991,P00705,0,train
D00305,P00161,1,train
D01878,P00729,0,train
D00625,P01758,1,train
D01810,P00660,1,train
D00255,P00557,1,train
D04044,P01005,0,train
D00592,P01228,0,train
D03950,P00370,1,train
D02756,P00804,0,train
D01318,P02020,0,train
D00321,P01299,0,train
D04045,P01919,0,train
D00493,P00316,1,train
D00151,P00985,1,train
D00931,P02105,1,train
D00327,P00130,1,train
D04010,P01096,0,train
D01806,P00111,1,train
D02252,P01041,1,train
D02142,P01496,1,train
D00016,P00044,1,train
D01042,P00601,1,train
D03083,P01020,0,train
D03544,P01496,0,train
D01787,P00389,1,train
D00276,P00871,1,train
D02791,P00461,0,train
D01621,P01165,0,train
D02953,P01320,0,train
D03763,P01412,0,train
D01066,P02031,1,train
D04046,P01041,1,train
D03995,P00169,1,train
D02958,P01583,0,train
D01445,P00763,0,train
D01774,P00012,1,train
D00965,P00139,1,train
D00968,P00008,1,train
D01155,P00007,1,train
D00035,P01942,1,train
D00238,P01264,1,train
D00686,P00316,1,train
D01088,P01583,0,train
D04047,P01755,1,train
D02186,P00815,0,train
D03675,P00488,1,train
D02750,P01854,0,train
D03984,P01222,0,train
D02717,P00515,0,train
D03686,P01807,1,train
D02394,P00065,1,train
D01591,P00643,1,train
D01833,P00886,0,train
D02812,P01357,0,train
D00145,P02072,0,train
D00355,P00220,0,train
D02719,P00560,1,train
D02787,P01916,0,train
D03065,P00904,0,train
D01550,P01437,1,train
D00996,P00066,0,train
D00425,P01076,1,train
D00149,P01520,0,train
D02461,P00704,0,train
D00288,P00337,1,train
D00988,P01105,0,train
D02889,P00434,0,train
D02139,P01459,0,train
D03919,P00324,1,train
D00162,P00309,1,train
D04028,P00797,1,train
D01325,P01397,1,train
D01135,P01396,0,train
D03784,P00715,0,train
D01860,P00521,0,train
D01248,P00424,1,train
D02907,P00294,1,train
D01477,P00078,1,train
D02701,P00179,0,train
D01018,P00056,1,train
D03897,P01654,0,train
D02912,P00251,0,train
D03555,P00657,0,train
D02937,P00142,1,train
D02637,P00497,0,train
D01761,P00063,1,train
D03417,P01653,0,train
D01160,P00448,1,train
D00727,P00124,1,train
D01830,P01052,0,train
D02160,P01874,0,train
D01474,P00443,0,train
D00771,P01751,0,train
D01789,P00321,0,train
D02285,P00333,1,train
D02031,P01629,1,train
D00625,P00519,1,train
D02213,P00351,1,train
D03695,P01643,0,train
D03988,P00179,0,train
D04048,P00414,1,train
D01514,P01817,1,train
D00726,P00044,1,train
D01992,P00341,0,train
D00412,P01699,1,train
D03822,P00229,1,train
D00009,P00200,0,train
D04049,P01591,0,train
D00300,P00681,1,train
D01686,P00146,1,train
D02852,P00785,1,train
D01954,P00771,0,train
D01339,P02083,0,train
D01591,P00237,1,train
D00014,P00074,1,train
D02789,P00149,1,train
D03083,P00937,0,train
D02961,P00995,1,train
D02345,P01134,0,train
D02120,P00169,1,train
D01003,P01763,0,train
D02650,P02035,1,train
D03666,P01970,1,train
D03982,P02128,0,train
D04050,P02127,1,train
D00645,P00253,0,train
D03975,P00796,0,train
D00664,P01452,0,train
D02297,P00613,0,train
D02411,P00321,1,train
D01258,P00368,0,train
D02314,P00837,1,train
D00014,P00690,1,train
D02130,P00166,1,train
D04051,P02116,0,train
D00848,P01677,0,train
D00764,P01325,0,train
D01226,P01365,0,train
D00742,P00049,1,train
D00078,P00677,0,train
D02549,P00234,1,train
D01536,P00194,0,train
D00385,P00948,0,train
D01740,P01400,0,train
D01951,P00169,1,train
D00215,P00314,1,train
D03993,P00747,0,train
D03964,P00054,1,train
D03904,P01752,0,train
D03138,P01223,0,train
D04052,P00044,1,train
D02965,P00294,1,train
D01228,P00810,0,train
D04053,P01803,0,train
D02711,P00124,1,train
D00961,P01478,1,train
D00019,P00275,0,train
D04054,P00517,0,train
D00524,P01640,1,train
D01406,P00218,0,train
D03823,P01259,0,train
D03627,P00544,1,train
D02229,P00339,1,train
D03245,P01221,0,train
D04055,P00932,0,train
D00387,P01758,0,train
D00852,P00262,1,train
D00710,P02071,1,train
D01384,P00418,1,train
D00754,P00002,0,train
D00994,P00485,1,train
D01113,P00356,1,train
D02576,P00293,1,train
D02026,P00355,1,train
D00019,P00910,1,train
D01389,P01638,0,train
D00012,P00124,1,train
D03843,P01132,0,train
D00699,P00397,0,train
D01830,P00161,1,train
D00466,P00049,1,train
D01180,P01946,0,train
D03394,P01318,0,train
D01538,P01411,0,train
D03363,P00144,0,train
D02470,P01322,0,train
D02413,P01098,0,train
D01213,P00166,1,train
D00302,P00131,1,train
D02934,P01091,0,train
D02626,P00916,1,train
D00125,P00316,1,train
D00729,P00377,1,train
D01467,P01600,0,train
D02604,P00026,0,train
D03171,P02070,0,train
D00806,P00282,0,train
D01229,P00831,0,train
D00953,P01397,1,train
D01700,P00056,1,train
D00598,P00282,0,train
D04056,P00181,1,train
D04057,P00156,1,train
D03406,P00124,1,train
D00059,P00197,1,train
D02373,P00414,1,train
D01692,P00044,1,train
D00521,P00124,1,train
D00076,P00282,0,train
D01661,P01440,1,train
D00151,P01025,0,train
D01475,P00370,1,train
D01085,P02021,0,train
D00120,P01774,0,train
D03991,P00028,0,train
D01014,P01893,0,train
D01408,P00372,1,train
D01938,P00644,1,train
D00728,P01739,0,train
D00119,P00044,1,train
D00968,P00227,1,train
D02970,P00420,1,train
D01665,P00124,1,train
D00511,P00831,1,train
D01819,P01786,0,train
D03250,P00003,0,train
D00384,P00124,1,train
D00266,P01770,0,train
D01116,P00243,0,train
D03256,P01050,0,train
D00426,P01254,0,train
D02537,P00316,1,train
D04058,P01004,0,train
D03701,P01364,0,train
D04059,P01681,0,train
D00959,P00114,1,train
D01503,P02056,1,train
D02447,P01007,0,train
D00927,P00199,1,train
D00034,P00240,1,train
D01692,P01716,0,train
D01068,P00273,1,train
D04060,P02048,0,train
D03461,P00389,1,train
D02304,P00279,0,train
D00959,P01718,1,train
D04061,P01339,0,train
D02931,P00295,0,train
D01497,P01267,0,train
D01503,P01164,0,train
D04062,P00435,0,train
D01492,P00055,0,train
D00300,P00920,1,train
D00846,P00613,0,train
D03367,P01757,0,train
D04063,P00540,0,train
D03438,P00386,1,train
D01426,P00488,1,train
D03917,P01961,0,train
D02048,P01184,1,train
D02147,P00412,0,train
D04064,P00378,1,train
D03980,P01823,0,train
D01742,P02129,0,train
D00685,P00935,0,train
D00041,P00448,1,train
D00336,P00622,0,train
D00705,P00124,1,train
D03334,P00768,0,train
D01419,P00357,0,train
D00045,P01435,1,train
D01027,P00115,1,train
D02879,P01867,0,train
D03191,P00305,0,train
D01239,P00294,1,train
D00816,P01414,0,train
D02862,P00782,1,train
D00769,P00135,1,train
D01464,P00124,1,train
D00078,P01253,0,train
D00059,P00425,1,train
D03826,P00020,0,train
D00387,P00469,1,train
D02305,P01420,0,train
D00206,P01789,0,train
D00455,P00130,1,train
D03427,P00630,0,train
D00592,P00056,1,train
D01328,P00056,1,train
D00140,P01402,1,train
D01996,P01669,0,train
D03924,P01295,1,train
D01293,P01149,0,train
D00668,P00143,1,train
D01038,P00732,0,train
D02826,P01578,0,train
D03390,P00241,1,train
D00311,P02065,1,train
D01302,P00044,1,train
D02362,P00181,1,train
D04065,P01024,0,train
D02603,P01565,1,train
D04066,P01772,0,train
D01542,P00702,1,train
D00959,P00834,1,train
D01557,P02054,1,train
D02593,P00350,0,train
D02344,P01379,1,train
D01222,P00408,0,train
D00194,P00504,1,train
D02176,P00008,1,train
D03907,P00487,1,train
D02615,P00049,1,train
D03573,P01396,0,train
D00075,P00130,1,train
D03406,P00063,1,train
D04067,P00704,0,train
D00136,P00203,1,train
D04063,P01940,0,train
D01306,P01126,1,train
D01599,P01125,0,train
D00138,P00279,1,train
D03670,P00063,1,train
D00818,P00316,1,train
D02894,P00314,0,train
D03482,P00130,1,train
D01703,P01165,0,train
D03820,P00444,0,train
D01785,P01392,0,train
D03257,P00907,0,train
D01177,P01551,1,train
D03131,P02130,1,train
D04016,P00829,0,train
D00393,P00429,1,train
D00318,P00234,1,train
D04068,P00780,0,train
D04069,P00394,1,train
D01871,P00234,1,train
D01927,P01231,0,train
D02706,P00325,0,train
D00030,P01614,0,train
D02451,P02131,1,train
D01036,P00208,1,train
D01846,P02118,0,train
D00105,P02027,1,train
D02131,P01914,0,train
D01360,P00473,0,train
D01341,P00418,1,train
D00098,P00914,1,train
D00898,P01861,0,train
D01790,P02062,1,train
D03711,P00607,0,train
D03292,P01719,0,train
D04070,P01335,0,train
D02218,P00171,1,train
D01732,P00150,0,train
D01060,P01116,0,train
D01885,P00124,1,train
D03541,P00353,0,train
D02154,P00115,1,train
D01890,P01231,0,train
D01901,P00597,0,train
D03343,P01288,1,train
D02951,P01421,0,train
D04071,P00054,1,train
D02055,P02132,1,train
D01429,P00365,0,train
D00139,P00146,1,train
D02735,P00058,1,train
D02491,P00197,1,train
D03389,P01118,0,train
D01046,P01607,0,train
D00026,P00287,0,train
D04072,P00595,0,train
D04073,P00638,1,train
D00057,P00078,1,train
D03421,P00079,0,train
D00170,P00444,1,train
D03574,P00548,1,train
D00931,P01714,1,train
D00534,P00708,0,train
D04074,P01991,0,train
D01549,P01864,0,train
D00672,P00156,1,train
D01516,P01953,0,train
D02514,P01856,0,train
D00769,P01606,0,train
D02235,P00787,0,train
D02562,P00823,0,train
D00462,P00012,1,train
D04045,P00607,0,train
D00027,P01721,0,train
D03832,P00124,1,train
D01480,P00487,0,train
D03773,P01374,1,train
D01160,P00525,0,train
D00314,P00964,1,train
D03865,P00854,0,train
D02213,P00208,1,train
D03512,P00169,1,train
D00909,P01732,1,train
D00789,P00142,1,train
D01057,P01707,0,train
D02316,P01865,0,train
D04049,P01128,0,train
D02893,P01446,1,train
D00405,P00137,0,train
D02063,P01749,0,train
D02604,P00056,1,train
D02898,P00684,0,train
D00559,P00928,0,train
D04075,P00350,1,train
D01932,P00792,0,train
D03917,P02116,0,train
D04076,P01379,0,train
D01376,P01442,0,train
D00427,P00078,0,train
D02549,P00422,1,train
D02177,P00793,1,train
D00950,P00390,0,train
D01855,P00847,1,train
D00208,P00601,1,train
D01820,P00054,1,train
D00029,P01845,0,train
D02210,P00022,0,train
D03084,P01014,0,train
D00371,P01076,1,train
D00449,P00833,1,train
D03015,P00385,1,train
D01208,P00460,0,train
D00076,P00468,1,train
D00366,P02108,0,train
D00852,P00438,1,train
D02326,P00944,1,train
D01034,P01662,0,train
D01836,P00726,0,train
D03951,P00533,0,train
D00563,P00654,1,train
D01538,P01241,1,train
D01540,P00124,1,train
D03026,P00169,1,train
D04077,P00376,0,train
D03536,P01412,0,train
D02925,P00654,0,train
D04078,P00269,0,train
D00959,P00415,1,train
D03973,P00094,0,train
D04079,P00152,1,train
D02025,P02078,0,train
D02221,P01152,0,train
D02031,P01198,1,train
D00265,P00171,1,train
D04080,P00533,0,train
D02792,P00418,1,train
D01372,P00167,1,train
D00300,P01890,1,train
D04081,P01773,0,train
D01323,P00124,1,train
D02558,P00504,1,train
D03287,P00536,0,train
D01188,P00550,0,train
D01541,P00124,1,train
D00965,P01475,1,train
D00167,P00557,1,train
D03167,P00169,1,train
D02536,P00912,0,train
D00055,P01877,0,train
D04082,P01589,0,train
D03886,P02133,0,train
D02927,P00946,1,train
D01453,P01576,0,train
D00662,P00043,1,train
D03770,P01740,0,train
D00936,P01049,0,train
D02251,P00049,1,train
D02412,P00327,1,train
D03650,P00954,0,train
D02559,P01313,1,train
D00935,P00389,1,train
D03200,P02097,0,train
D01647,P01909,0,train
D01188,P01832,0,train
D01686,P00506,1,train
D01979,P01089,0,train
D02081,P00297,1,train
D03073,P01061,0,train
D01386,P01695,1,train
D02319,P01670,0,train
D01170,P01519,1,train
D01464,P00234,1,train
D01067,P00816,0,train
D04083,P00414,1,train
D03682,P01858,0,train
D00892,P00375,1,train
D00970,P00895,0,train
D04010,P01150,0,train
D00851,P00295,0,train
D03847,P01628,0,train
D04084,P00840,0,train
D04085,P01974,0,train
D01322,P00517,0,train
D02634,P00544,1,train
D02171,P00565,1,train
D00303,P01618,1,train
D00838,P00124,1,train
D00898,P01363,0,train
D00522,P00067,1,train
D02727,P01116,0,train
D02945,P01210,0,train
D03269,P01021,0,train
D03044,P00113,0,train
D01819,P00914,1,train
D00103,P00496,1,train
D00255,P00502,1,train
D00300,P00068,1,train
D00946,P00448,1,train
D01154,P00220,1,train
D00035,P01806,1,train
D00458,P01544,0,train
D01290,P01178,1,train
D00228,P01863,0,train
D00972,P00424,1,train
D02404,P01582,0,train
D00694,P00456,0,train
D01392,P00170,1,train
D03222,P01281,1,train
D00901,P01859,0,train
D00512,P00681,1,train
D03737,P01413,0,train
D03403,P01163,0,train
D03174,P00324,1,train
D01747,P01677,0,train
D02498,P01693,0,train
D01871,P00375,1,train
D00043,P00008,1,train
D00844,P00896,1,train
D03404,P01276,0,train
D01231,P00448,1,train
D03963,P00831,1,train
D01377,P01396,0,train
D03839,P00692,0,train
D00799,P00268,0,train
D02948,P00742,1,train
D00222,P00169,1,train
D02512,P01315,1,train
D02239,P01545,0,train
D00474,P01241,1,train
D03402,P01961,1,train
D00729,P00038,0,train
D01835,P00129,0,train
D03067,P00719,0,train
D01213,P00063,1,train
D00731,P01061,1,train
D02258,P00714,0,train
D03592,P00015,0,train
D00631,P00092,0,train
D03121,P02017,0,train
D04086,P00690,0,train
D00390,P00191,0,train
D01072,P00198,1,train
D00041,P00203,1,train
D00108,P00857,0,train
D00162,P00008,1,train
D02896,P00862,0,train
D02444,P00169,1,train
D02114,P00515,0,train
D03875,P01664,0,train
D01339,P00124,1,train
D00544,P00155,1,train
D02351,P00953,1,train
D00508,P00707,1,train
D04087,P00831,1,train
D03560,P01755,1,train
D01577,P00627,0,train
D02879,P00553,0,train
D02920,P01471,1,train
D00425,P00601,1,train
D00107,P00222,1,train
D01661,P01057,0,train
D01968,P01647,0,train
D03756,P02134,1,train
D01016,P00051,0,train
D03007,P01904,0,train
D00610,P00591,1,train
D03044,P01720,0,train
D02332,P00155,1,train
D00651,P02057,0,train
D03836,P00493,0,train
D00434,P01502,0,train
D00108,P00264,0,train
D00081,P00420,1,train
D01774,P00669,1,train
D03928,P01502,0,train
D01565,P00219,0,train
D00236,P01825,0,train
D00374,P00115,1,train
D00731,P01923,1,train
D04088,P02050,0,train
D01994,P01554,1,train
D03633,P01337,1,train
D04089,P00507,0,train
D01242,P00316,1,train
D02438,P01092,0,train
D02455,P00353,0,train
D03778,P01542,0,train
D02562,P01935,0,train
D01297,P01857,0,train
D04003,P00243,0,train
D00816,P01735,0,train
D01095,P01634,0,train
D00193,P02069,0,train
D03345,P01860,0,train
D03941,P01827,0,train
D02156,P00713,1,train
D03576,P01573,1,train
D02353,P01926,1,train
D02823,P01563,0,train
D00670,P00506,1,train
D01576,P00326,1,train
D04090,P00488,1,train
D03661,P00655,0,train
D01196,P01254,0,train
D03448,P01025,1,train
D03623,P00914,0,train
D04091,P00541,1,train
D00035,P00049,1,train
D00630,P00610,1,train
D03451,P01831,0,train
D00131,P00133,0,train
D00727,P00208,1,train
D02545,P01649,0,train
D03006,P01087,0,train
D03766,P00152,1,train
D01902,P00018,0,train
D01997,P00063,1,train
D00944,P00309,1,train
D00136,P00601,1,train
D00438,P00049,1,train
D04092,P00851,0,train
D01862,P02023,0,train
D02285,P01792,1,train
D03787,P00152,1,train
D02856,P00262,1,train
D02190,P01809,0,train
D04093,P01634,0,train
D01221,P00939,0,train
D02240,P00743,1,train
D01279,P01714,0,train
D00725,P00463,0,train
D00741,P01819,0,train
D00529,P00133,1,train
D04094,P00171,1,train
D02695,P00078,1,train
D00385,P01154,0,train
D04095,P00746,0,train
D03461,P00169,1,train
D01468,P01169,1,train
D00696,P00769,0,train
D01595,P00051,0,train
D01610,P01241,1,train
D02085,P01156,0,train
D03602,P00614,0,train
D02216,P00171,1,train
D02221,P01064,0,train
D04096,P00259,0,train
D00592,P01840,0,train
D00107,P01947,0,train
D02064,P02055,1,train
D00864,P00135,1,train
D00993,P00425,1,train
D03741,P01758,0,train
D00459,P01144,0,train
D00493,P01138,1,train
D04043,P01486,0,train
D00732,P00269,1,train
D01240,P00504,1,train
D01350,P01138,1,train
D04097,P01533,1,train
D00246,P00314,0,train
D01729,P01573,0,train
D01364,P01994,0,train
D01976,P02029,1,train
D01383,P00281,1,train
D03530,P00611,0,train
D03048,P00471,1,train
D02765,P01657,0,train
D01257,P00771,0,train
D03945,P00059,0,train
D04098,P00054,1,train
D00300,P01969,1,train
D03577,P01059,0,train
D04099,P00524,0,train
D01430,P01440,1,train
D00870,P00171,1,train
D00334,P00596,1,train
D00938,P00044,1,train
D00543,P01643,0,train
D02792,P01434,0,train
D01491,P00171,0,train
D00074,P00425,1,train
D00995,P00865,1,train
D00611,P00448,1,train
D00338,P01240,0,train
D03610,P00007,1,train
D03067,P01866,0,train
D04100,P01052,0,train
D02636,P01750,0,train
D00152,P01027,0,train
D00228,P02133,1,train
D00734,P00510,0,train
D02837,P00944,1,train
D04101,P01321,1,train
D02363,P00995,1,train
D01457,P01233,0,train
D00259,P00155,1,train
D02277,P00468,1,train
D02755,P00205,0,train
D01538,P00008,1,train
D04102,P00493,1,train
D03021,P01069,0,train
D01908,P01308,0,train
D04103,P01640,0,train
D01209,P01039,0,train
D00385,P01955,1,train
D00818,P01913,1,train
D01958,P00649,0,train
D00474,P00135,1,train
D00103,P00148,1,train
D02701,P00199,1,train
D04104,P00303,1,train
D00019,P00315,1,train
D00050,P00258,1,train
D04105,P01496,0,train
D02113,P01514,0,train
D02472,P01188,0,train
D03615,P00978,0,train
D01464,P00467,0,train
D04106,P01710,0,train
D01877,P01704,1,train
D00416,P00034,0,train
D03818,P00111,1,train
D01901,P01296,1,train
D01871,P00092,1,train
D00326,P02074,0,train
D00034,P00544,1,train
D04107,P01833,0,train
D02316,P00499,1,train
D00636,P00809,1,train
D01132,P01787,0,train
D00636,P00008,1,train
D01893,P00838,0,train
D01320,P02108,0,train
D02755,P00635,0,train
D00406,P02119,1,train
D00634,P01235,1,train
D01047,P00959,0,train
D01966,P00984,0,train
D02441,P00969,1,train
D01936,P01240,0,train
D03396,P00663,1,train
D00014,P01548,1,train
D01711,P00380,1,train
D00625,P02135,1,train
D02115,P01898,1,train
D04013,P01637,0,train
D00330,P00063,1,train
D01951,P00049,1,train
D02340,P01533,0,train
D01779,P00142,1,train
D03154,P00746,1,train
D00386,P01802,0,train
D02524,P02136,0,train
D04108,P00208,1,train
D00729,P00730,0,train
D01164,P01651,0,train
D00225,P00049,1,train
D01240,P01360,0,train
D03149,P01249,1,train
D02876,P01759,0,train
D01671,P01006,1,train
D03752,P00679,0,train
D00126,P00103,0,train
D04080,P01216,0,train
D04109,P00037,0,train
D02435,P01534,0,train
D01622,P01476,0,train
D00590,P00461,1,train
D00041,P00124,1,train
D02473,P01097,0,train
D02950,P02137,0,train
D01391,P00301,0,train
D00709,P00393,0,train
D01817,P01255,1,train
D02141,P00632,0,train
D00014,P01983,1,train
D00139,P00905,1,train
D00527,P01675,0,train
D03110,P00831,1,train
D01977,P01944,0,train
D00935,P00385,1,train
D00456,P01564,0,train
D01930,P01654,0,train
D00630,P00283,1,train
D00926,P00552,0,train
D03643,P00142,1,train
D03723,P00689,0,train
D00755,P00155,1,train
D00290,P00203,1,train
D03498,P00527,0,train
D03545,P00334,1,train
D02363,P00823,0,train
D03095,P01672,0,train
D02710,P00370,1,train
D00582,P00370,1,train
D01660,P00232,1,train
D02508,P00469,1,train
D02358,P00287,1,train
D00490,P00360,1,train
D01919,P01963,0,train
D02590,P00911,1,train
D00102,P01663,0,train
D01314,P01287,0,train
D01506,P01370,0,train
D00163,P01234,0,train
D00395,P01037,0,train
D04110,P00327,0,train
D04111,P00469,0,train
D00125,P00169,1,train
D02176,P00363,1,train
D01204,P01888,0,train
D01735,P00089,1,train
D02792,P01261,0,train
D00451,P00156,1,train
D00313,P01148,1,train
D02562,P01942,0,train
D00444,P01457,0,train
D00200,P00370,1,train
D01054,P00284,1,train
D00973,P00124,1,train
D01237,P00681,1,train
D01282,P00169,1,train
D00014,P00295,1,train
D01846,P00324,1,train
D00923,P01933,0,train
D01235,P00289,1,train
D02164,P00325,0,train
D00749,P00155,1,train
D01729,P00134,1,train
D02942,P00826,0,train
D02486,P01015,0,train
D02716,P00124,1,train
D04112,P01818,0,train
D00137,P00111,0,train
D00999,P00338,0,train
D02212,P00632,0,train
D03977,P01976,0,train
D04113,P00461,1,train
D00032,P01204,0,train
D00875,P00518,0,train
D01024,P01830,0,train
D00828,P00156,1,train
D04106,P00085,1,train
D04114,P00151,0,train
D03649,P01541,0,train
D00460,P00235,1,train
D01158,P00622,1,train
D00774,P00169,1,train
D01515,P01507,0,train
D02097,P00441,0,train
D00502,P00640,1,train
D01267,P00554,1,train
D01068,P00596,1,train
D02119,P01007,0,train
D00529,P01882,1,train
D01271,P00630,0,train
D03452,P01787,1,train
D01248,P00292,0,train
D04115,P00723,1,train
D01412,P01676,0,train
D00642,P00911,0,train
D01724,P00454,1,train
D03349,P01721,0,train
D00483,P00432,0,train
D01508,P00792,0,train
D04116,P00418,1,train
D00408,P01076,0,train
D01474,P01810,1,train
D00014,P00427,1,train
D00096,P00124,1,train
D04117,P00067,0,train
D03687,P00568,1,train
D00804,P01602,0,train
D02734,P00655,0,train
D02023,P00539,1,train
D04118,P01165,0,train
D00411,P00033,0,train
D00138,P00429,0,train
D01063,P00800,1,train
D00300,P02063,1,train
D01335,P00502,1,train
D02172,P01716,0,train
D04021,P00980,1,train
D01416,P01687,0,train
D01569,P01356,0,train
D00329,P00169,1,train
D02811,P02138,1,train
D01287,P00938,0,train
D04119,P02082,0,train
D01964,P02080,0,train
D00092,P00104,1,train
D03078,P01600,0,train
D00265,P00336,0,train
D00138,P00227,1,train
D03281,P00373,1,train
D00372,P00856,1,train
D01352,P00314,1,train
D01157,P00070,0,train
D03916,P00244,0,train
D03459,P00003,1,train
D01754,P00146,1,train
D01180,P01293,1,train
D01296,P01695,0,train
D02895,P00782,1,train
D02621,P02139,0,train
D03278,P01528,0,train
D01467,P00324,1,train
D01685,P00938,0,train
D00130,P00083,1,train
D00670,P00871,1,train
D02077,P00130,0,train
D02866,P01002,0,train
D02925,P00544,1,train
D02718,P00623,1,train
D02310,P02140,0,train
D03665,P00306,0,train
D03462,P00240,1,train
D02804,P00561,0,train
D00288,P00309,1,train
D01989,P00377,1,train
D00475,P01030,0,train
D01480,P01491,1,train
D00111,P00316,1,train
D02247,P00552,0,train
D01378,P01653,0,train
D01896,P01321,1,train
D00117,P01413,0,train
D00701,P01243,0,train
D01211,P00078,1,train
D03052,P00463,1,train
D03970,P01554,0,train
D00533,P01932,1,train
D03373,P00362,0,train
D02748,P00459,0,train
D01729,P00975,1,train
D02285,P00168,1,train
D01827,P00203,1,train
D01805,P01290,0,train
D00297,P00337,1,train
D02340,P01990,0,train
D03296,P00247,0,train
D01676,P01883,0,train
D03758,P01719,0,train
D00306,P00269,1,train
D02127,P00538,1,train
D00020,P01827,0,train
D00830,P00435,0,train
D03408,P01195,1,train
D01673,P00797,1,train
D04120,P01006,0,train
D01806,P00765,1,train
D01984,P00078,1,train
D00042,P01480,1,train
D03510,P01224,0,train
D01668,P02104,0,train
D00873,P00124,0,train
D04121,P01019,1,train
D01724,P00742,1,train
D02075,P01967,1,train
D00369,P01247,0,train
D00492,P01568,0,train
D01435,P01134,0,train
D02059,P01802,0,train
D02601,P00183,0,train
D01686,P00356,1,train
D03637,P02020,0,train
D00304,P00676,0,train
D00031,P00456,1,train
D02900,P00865,0,train
D04122,P02068,1,train
D00430,P01793,1,train
D03430,P02054,0,train
D04123,P00604,0,train
D02500,P00023,0,train
D03478,P00130,1,train
D02779,P01935,0,train
D00620,P01142,0,train
D00111,P01664,1,train
D00178,P00124,1,train
D00300,P00937,1,train
D00599,P00613,0,train
D01198,P00567,1,train
D04124,P01203,0,train
D02141,P00766,1,train
D02169,P01674,0,train
D01355,P01345,1,train
D01225,P01490,0,train
D00443,P02025,1,train
D01939,P00410,0,train
D00722,P00130,1,train
D00008,P00871,1,train
D02887,P00367,1,train
D00108,P00323,1,train
D01515,P00115,1,train
D00319,P00060,1,train
D02515,P02045,0,train
D01858,P01315,1,train
D01230,P02103,0,train
D02866,P01270,1,train
D02571,P00502,1,train
D02998,P00275,0,train
D04125,P01505,0,train
D01468,P01773,1,train
D00419,P01061,0,train
D01869,P00065,1,train
D00318,P00169,1,train
D00019,P00283,1,train
D00332,P00401,1,train
D02913,P00007,1,train
D03801,P00043,1,train
D02986,P01465,0,train
D02402,P00591,1,train
D02934,P01370,1,train
D00124,P02111,0,train
D03595,P00785,0,train
D01343,P00124,1,train
D04126,P01805,1,train
D00430,P00326,1,train
D04127,P00896,0,train
D03641,P00316,1,train
D02702,P01099,1,train
D00805,P01042,0,train
D03664,P00217,1,train
D00524,P01747,1,train
D04128,P02013,0,train
D00772,P00557,1,train
D02364,P00816,0,train
D01766,P00125,1,train
D00061,P00029,1,train
D02285,P01855,1,train
D01224,P00448,1,train
D00177,P02141,0,train
D02754,P02142,0,train
D02240,P01279,1,train
D02684,P00248,0,train
D01348,P00401,1,train
D04129,P00281,1,train
D00070,P01006,1,train
D03963,P01005,0,train
D00288,P01791,1,train
D02839,P01573,0,train
D01757,P00955,0,train
D01754,P00207,1,train
D00719,P01536,0,train
D00312,P00155,1,train
D00211,P01348,1,train
D00798,P00465,0,train
D02625,P00236,0,train
D04130,P00152,1,train
D03637,P01717,0,train
D02525,P02074,0,train
D03063,P00971,0,train
D00778,P00181,1,train
D01857,P01023,0,train
D00274,P02050,1,train
D03701,P01240,0,train
D03403,P01859,1,train
D02514,P00862,0,train
D04131,P00514,0,train
D01214,P00085,0,train
D00204,P00557,1,train
D00051,P01800,1,train
D01345,P01858,0,train
D03791,P00492,0,train
D03889,P01981,0,train
D01477,P00492,0,train
D04132,P00116,1,train
D03467,P00847,1,train
D01496,P01454,0,train
D00061,P02068,1,train
D00594,P00502,1,train
D04131,P00259,1,train
D01328,P02037,0,train
D01914,P01906,0,train
D01056,P00363,1,train
D03244,P00115,0,train
D04133,P00488,1,train
D01156,P00138,1,train
D01704,P02143,0,train
D04134,P02144,0,train
D03117,P01080,1,train
D02936,P01667,0,train
D02571,P00307,0,train
D03718,P00049,1,train
D03551,P02063,0,train
D04135,P00683,0,train
D01596,P00548,1,train
D02421,P00596,1,train
D00969,P01283,0,train
D00809,P00378,1,train
D00174,P01006,1,train
D03772,P01992,0,train
D01668,P01289,1,train
D03569,P02139,0,train
D04136,P01573,1,train
D02970,P00902,0,train
D02019,P00705,0,train
D03638,P00142,1,train
D02469,P01085,0,train
D00936,P00394,0,train
D04009,P00775,0,train
D01056,P01982,0,train
D01989,P01206,0,train
D03525,P01691,0,train
D04137,P01070,0,train
D02559,P00792,1,train
D01766,P01145,1,train
D00368,P01411,0,train
D03508,P01876,0,train
D03509,P01893,1,train
D03128,P00554,1,train
D02723,P01711,0,train
D01578,P01585,1,train
D03598,P01597,1,train
D02553,P01027,0,train
D02743,P02117,1,train
D02089,P01735,0,train
D01217,P00509,1,train
D01154,P00158,1,train
D01600,P02145,1,train
D00438,P00044,1,train
D00502,P01023,1,train
D00776,P00315,1,train
D04138,P01172,0,train
D02616,P00186,0,train
D00391,P00816,0,train
D03513,P01300,0,train
D00329,P00166,1,train
D01875,P02089,0,train
D00023,P00293,1,train
D00208,P00016,1,train
D00714,P01474,0,train
D00300,P02116,1,train
D00339,P01222,0,train
D02767,P00564,0,train
D03573,P01647,0,train
D01156,P00771,0,train
D01984,P01620,0,train
D02405,P00324,1,train
D03220,P01481,0,train
D02226,P01344,0,train
D02211,P00864,1,train
D02171,P01249,0,train
D01280,P02146,1,train
D00335,P00585,0,train
D00287,P00207,0,train
D02695,P01626,0,train
D01098,P00549,1,train
D00361,P00894,1,train
D03878,P00134,1,train
D01394,P00729,1,train
D00052,P01837,0,train
D03479,P01055,1,train
D00089,P01325,0,train
D03061,P01010,0,train
D01468,P00852,1,train
D00438,P00155,1,train
D02873,P00289,1,train
D00306,P00594,0,train
D00640,P00078,0,train
D02938,P00418,1,train
D00612,P01083,0,train
D02142,P01580,0,train
D01018,P00078,1,train
D02031,P01238,1,train
D02559,P01731,1,train
D01735,P00044,1,train
D00295,P00625,0,train
D01468,P00792,1,train
D02181,P00316,1,train
D02128,P01960,0,train
D00400,P01184,1,train
D04139,P00783,0,train
D02365,P00124,1,train
D01629,P00671,1,train
D03173,P01719,0,train
D04140,P00604,0,train
D00652,P02017,0,train
D02285,P01012,1,train
D00223,P01671,0,train
D03775,P02007,0,train
D00605,P00661,0,train
D04141,P01086,1,train
D00303,P02108,1,train
D02539,P00212,0,train
D01607,P01763,0,train
D00736,P00115,1,train
D02600,P00318,0,train
D03499,P01095,0,train
D03791,P00130,1,train
D02824,P00086,0,train
D03799,P01113,0,train
D00167,P00170,1,train
D00019,P00098,1,train
D02969,P02147,0,train
D03776,P00067,1,train
D00101,P00115,1,train
D03887,P01879,0,train
D03350,P00044,1,train
D04142,P01138,0,train
D01262,P00447,1,train
D01181,P01904,0,train
D04143,P00359,1,train
D02385,P00169,1,train
D03869,P02091,0,train
D00293,P00927,0,train
D04144,P00326,1,train
D04145,P00243,1,train
D02617,P00388,0,train
D00103,P01489,1,train
D02610,P01132,0,train
D01335,P00294,1,train
D00928,P01992,0,train
D02163,P01930,0,train
D03847,P00608,0,train
D04138,P02031,0,train
D03008,P01345,1,train
D01769,P01115,1,train
D00563,P00044,1,train
D01636,P00821,1,train
D04146,P01465,0,train
D00284,P00578,0,train
D00815,P01551,0,train
D03643,P01616,0,train
D01683,P01395,0,train
D00550,P01609,0,train
D02556,P00367,1,train
D00415,P00836,0,train
D01707,P00448,1,train
D01352,P00646,0,train
D02145,P00911,1,train
D04147,P00457,0,train
D00401,P00536,0,train
D00701,P01411,0,train
D03434,P01332,0,train
D04081,P00003,0,train
D00271,P00176,0,train
D03596,P01990,0,train
D00385,P00155,1,train
D01452,P00155,1,train
D01402,P00554,0,train
D01124,P01662,0,train
D04148,P01590,0,train
D02984,P01561,0,train
D02452,P00890,0,train
D00801,P00366,0,train
D02180,P00056,1,train
D03962,P02070,0,train
D01315,P00911,1,train
D02425,P00286,1,train
D02201,P00378,1,train
D00821,P01722,1,train
D00225,P01660,0,train
D04036,P00454,1,train
D02079,P01620,0,train
D00013,P00458,1,train
D00097,P01942,0,train
D01938,P00280,0,train
D00019,P01907,1,train
D01162,P01077,0,train
D00056,P02013,0,train
D01871,P00130,1,train
D02569,P01010,0,train
D00082,P00373,0,train
D03897,P01313,0,train
D01471,P00107,1,train
D02254,P00604,1,train
D00729,P00161,1,train
D01576,P00314,1,train
D04149,P00370,1,train
D03115,P00027,0,train
D03806,P00205,1,train
D00384,P00012,1,train
D04147,P01525,0,train
D01264,P00950,0,train
D02947,P00351,1,train
D02263,P01084,0,train
D00106,P00352,0,train
D02347,P01637,0,train
D04150,P00488,1,train
D01459,P02003,0,train
D00041,P00078,1,train
D02327,P01512,0,train
D00818,P00893,1,train
D03647,P01427,0,train
D00318,P00351,1,train
D02510,P01960,0,train
D00585,P01076,1,train
D00204,P01076,1,train
D04151,P00081,0,train
D01260,P01821,0,train
D03594,P00412,1,train
D00208,P00264,1,train
D01340,P01995,0,train
D04152,P01178,1,train
D00999,P00298,1,train
D02621,P00336,0,train
D00365,P00833,0,train
D03408,P01635,0,train
D00654,P01498,0,train
D03161,P00622,0,train
D02833,P00722,1,train
D01229,P00238,0,train
D02323,P01319,0,train
D01579,P01233,0,train
D00318,P00124,1,train
D00306,P00809,1,train
D00965,P01308,1,train
D01426,P00316,1,train
D02042,P00947,0,train
D00669,P00309,1,train
D00545,P00946,1,train
D03420,P00117,0,train
D01574,P02120,0,train
D00160,P00259,0,train
D03839,P00083,1,train
D00316,P01831,0,train
D00019,P00056,1,train
D02160,P00169,1,train
D03791,P01623,1,train
D03672,P01206,0,train
D01869,P00810,0,train
D02934,P00544,1,train
D01027,P01947,0,train
D00449,P00452,1,train
D00016,P00155,1,train
D01712,P01184,1,train
D02294,P00629,1,train
D02656,P00496,0,train
D03882,P01669,1,train
D00672,P00092,1,train
D00931,P00124,1,train
D02817,P00179,1,train
D04153,P00507,0,train
D02879,P00428,0,train
D04154,P01254,0,train
D01164,P02148,0,train
D03618,P01892,0,train
D03450,P00169,1,train
D03471,P00024,0,train
D02430,P00782,1,train
D02650,P01294,1,train
D02696,P01034,0,train
D02688,P00047,1,train
D03334,P00156,1,train
D01637,P00643,0,train
D02460,P00124,1,train
D00485,P00708,0,train
D02047,P01415,0,train
D01613,P00922,0,train
D01401,P00807,1,train
D03219,P01250,1,train
D00148,P01910,0,train
D00139,P00042,1,train
D03663,P00085,1,train
D00448,P00316,1,train
D03123,P00616,0,train
D01291,P00169,1,train
D00684,P00473,0,train
D02287,P01537,0,train
D04044,P01904,1,train
D00016,P00261,1,train
D04155,P02113,0,train
D00602,P00414,0,train
D03312,P00208,1,train
D00393,P02115,1,train
D02252,P00995,1,train
D04156,P01660,0,train
D03984,P01898,0,train
D00428,P00264,1,train
D00300,P00597,1,train
D00998,P00329,0,train
D02773,P01931,0,train
D00174,P01056,1,train
D01514,P00215,0,train
D00208,P01622,1,train
D01593,P01554,0,train
D02236,P01238,0,train
D01716,P01036,0,train
D00987,P01525,1,train
D03255,P01452,0,train
D03029,P00022,0,train
D04157,P00522,0,train
D00231,P00788,0,train
D00529,P00368,1,train
D00016,P00329,1,train
D02317,P01118,1,train
D00833,P00132,0,train
D00659,P00131,1,train
D02175,P01941,0,train
D03302,P00559,0,train
D01613,P00809,0,train
D04158,P02140,0,train
D01007,P01002,0,train
D03466,P00169,1,train
D02378,P00307,1,train
D00793,P01236,0,train
D03306,P00479,0,train
D02602,P00703,1,train
D01672,P01766,1,train
D01598,P02006,0,train
D01361,P00115,1,train
D03737,P00587,1,train
D00370,P00049,1,train
D03879,P00002,0,train
D00869,P01480,1,train
D02081,P00466,0,train
D03616,P00385,1,train
D03716,P01861,0,train
D03103,P00171,1,train
D04079,P01008,0,train
D00312,P00750,1,train
D00769,P01808,0,train
D04113,P01764,0,train
D01128,P02042,0,train
D02880,P00875,0,train
D00052,P00056,1,train
D00704,P01076,1,train
D02728,P01898,1,train
D04030,P01314,0,train
D01442,P00691,0,train
D03954,P00970,0,train
D00133,P00078,1,train
D04159,P00425,1,train
D02222,P01298,0,train
D02860,P01083,0,train
D01473,P00618,1,train
D00902,P00866,0,train
D00574,P00049,1,train
D00099,P00603,1,train
D04160,P00415,0,train
D00043,P00135,1,train
D03425,P02108,0,train
D00101,P00092,1,train
D02686,P01056,1,train
D01098,P00492,1,train
D02448,P00634,0,train
D01161,P00329,1,train
D01866,P00636,0,train
D01918,P01674,0,train
D03839,P02036,0,train
D01620,P01003,1,train
D00135,P00706,0,train
D02441,P00814,0,train
D02963,P01018,0,train
D04124,P00357,1,train
D01323,P00049,1,train
D02907,P01032,0,train
D03379,P00897,0,train
D00428,P00294,1,train
D00645,P00795,0,train
D02623,P00348,0,train
D01870,P00509,1,train
D01852,P00056,1,train
D03585,P01140,0,train
D02375,P00502,1,train
D02088,P01565,0,train
D02467,P00056,1,train
D03995,P00316,1,train
D00014,P00958,1,train
D00524,P02052,1,train
D04161,P00290,0,train
D04162,P01493,1,train
D00755,P00706,0,train
D03652,P00509,1,train
D00544,P00049,1,train
D01519,P00314,1,train
D00893,P01458,1,train
D00989,P00601,1,train
D03040,P00508,0,train
D01590,P01903,0,train
D03819,P01127,1,train
D00303,P00643,1,train
D02345,P01023,0,train
D03431,P00851,1,train
D00014,P01952,1,train
D02380,P00140,0,train
D01852,P00234,1,train
D03008,P00750,1,train
D00676,P00736,1,train
D00324,P00847,1,train
D04163,P00621,0,train
D02740,P01420,1,train
D03717,P00722,0,train
D04164,P01720,0,train
D01781,P00115,1,train
D00465,P00819,1,train
D03163,P01647,0,train
D00427,P01118,0,train
D01140,P00198,1,train
D03556,P01061,1,train
D00253,P00586,0,train
D01377,P00323,1,train
D02520,P01949,1,train
D03611,P00080,0,train
D01401,P00131,1,train
D02554,P00319,1,train
D01630,P00843,0,train
D00061,P00878,1,train
D01624,P00223,0,train
D03793,P00054,1,train
D01108,P00090,1,train
D03669,P00481,1,train
D01564,P00309,1,train
D00257,P00495,0,train
D04165,P02149,0,train
D01514,P00510,1,train
D04139,P00994,0,train
D00896,P01728,0,train
D00100,P00511,0,train
D00927,P00476,0,train
D03261,P00380,0,train
D01059,P01970,0,train
D02601,P01164,0,train
D02333,P01088,0,train
D03033,P00330,0,train
D00635,P01759,0,train
D02149,P01524,0,train
D00283,P02150,0,train
D00724,P00849,0,train
D01352,P01076,1,train
D03540,P00900,1,train
D04166,P01797,1,train
D04167,P00377,1,train
D00346,P00604,0,train
D00042,P00522,1,train
D02285,P00971,0,train
D03736,P01781,0,train
D00661,P00197,1,train
D00203,P00208,1,train
D01562,P00155,1,train
D03116,P01219,1,train
D02979,P00097,0,train
D02365,P00169,1,train
D02994,P00217,1,train
D02776,P00723,1,train
D04168,P01300,0,train
D03532,P00486,0,train
D03190,P00370,1,train
D01746,P00856,0,train
D00892,P00601,1,train
D00014,P01526,1,train
D00108,P01138,1,train
D00990,P00029,1,train
D03830,P01830,0,train
D03338,P00931,0,train
D01282,P01738,1,train
D03236,P01080,1,train
D00385,P01217,0,train
D03275,P00373,0,train
D00029,P02111,0,train
D04169,P00017,1,train
D00142,P00071,0,train
D00019,P01139,1,train
D02709,P00063,1,train
D04170,P00370,1,train
D03106,P00051,0,train
D02475,P00908,0,train
D00410,P00124,1,train
D01250,P01941,0,train
D01253,P01492,1,train
D03751,P00664,0,train
D02600,P00148,1,train
D01533,P00334,1,train
D00323,P01172,1,train
D00700,P00448,1,train
D02449,P00085,0,train
D02743,P00901,0,train
D00188,P00430,0,train
D01422,P01355,0,train
D02673,P00358,1,train
D01439,P00930,1,train
D03256,P00831,0,train
D01561,P00301,0,train
D01529,P01430,0,train
D02002,P00022,1,train
D04171,P01105,1,train
D01562,P00259,1,train
D03292,P00334,1,train
D04100,P00242,0,train
D03354,P01292,0,train
D00068,P00862,0,train
D02423,P01217,0,train
D00673,P00488,1,train
D03283,P02151,0,train
D02722,P01773,0,train
D00339,P00155,1,train
D02360,P00775,0,train
D01282,P00485,1,train
D02936,P00655,0,train
D01515,P00049,1,train
D01472,P00151,1,train
D01802,P00306,0,train
D00036,P01056,0,train
D01633,P00687,0,train
D01660,P00182,1,train
D00700,P01682,0,train
D01423,P02061,0,train
D00422,P01378,1,train
D02347,P00509,1,train
D01610,P00124,1,train
D02531,P00324,1,train
D02872,P00913,0,train
D00019,P00532,1,train
D00798,P02146,0,train
D01108,P01486,1,train
D00061,P02076,1,train
D00457,P01767,0,train
D01167,P01692,1,train
D00210,P02152,0,train
D03696,P00124,1,train
D00529,P00071,1,train
D02550,P00849,1,train
D00314,P00177,0,train
D01725,P00155,1,train
D00626,P00203,1,train
D01692,P00768,0,train
D01922,P01065,0,train
D00851,P00386,1,train
D03261,P00787,0,train
D03415,P01315,1,train
D01651,P01620,0,train
D03338,P01945,0,train
D00087,P00931,0,train
D00260,P00454,1,train
D04147,P00016,1,train
D03247,P00351,1,train
D00508,P01468,1,train
D00174,P00335,1,train
D02992,P01600,1,train
D00656,P00843,1,train
D00412,P02149,1,train
D02154,P00622,1,train
D00221,P01076,1,train
D01977,P00428,0,train
D01742,P00124,1,train
D01374,P01111,0,train
D04172,P00193,1,train
D02743,P00583,0,train
D01724,P02094,0,train
D04173,P00395,0,train
D02125,P00834,0,train
D02430,P01276,0,train
D03366,P01249,1,train
D04174,P01385,0,train
D01910,P02018,0,train
D03215,P01784,0,train
D03863,P01133,0,train
D00741,P01915,1,train
D02032,P01317,0,train
D04175,P00130,1,train
D02824,P00022,1,train
D01987,P00124,1,train
D00999,P01655,1,train
D00572,P01579,0,train
D03633,P00296,1,train
D02688,P01033,0,train
D01207,P00418,1,train
D01729,P00133,1,train
D00411,P01380,0,train
D03347,P01613,0,train
D00599,P00169,1,train
D00178,P00502,1,train
D02417,P00432,0,train
D03335,P00371,0,train
D00460,P00375,1,train
D02836,P00575,0,train
D01661,P00099,1,train
D00045,P00063,1,train
D02672,P01132,1,train
D03417,P00923,0,train
D03329,P00155,1,train
D00221,P00454,1,train
D00563,P00258,1,train
D04168,P00733,0,train
D01283,P00169,1,train
D01993,P00971,1,train
D01837,P00352,1,train
D02031,P01027,0,train
D00659,P00807,1,train
D02254,P00448,1,train
D00493,P00509,1,train
D01530,P01684,0,train
D00781,P02005,0,train
D02590,P00199,1,train
D04176,P00056,1,train
D02517,P00559,0,train
D04065,P01150,0,train
D03693,P01755,1,train
D01625,P00078,1,train
D02831,P00142,1,train
D01828,P00720,1,train
D04093,P01979,0,train
D01455,P02063,0,train
D03534,P00779,0,train
D00478,P00118,0,train
D00067,P00294,1,train
D02334,P00487,1,train
D02984,P00259,1,train
D03138,P00332,0,train
D03900,P00528,1,train
D03840,P01589,0,train
D03867,P01634,0,train
D02769,P00724,0,train
D02635,P01149,0,train
D01301,P00791,0,train
D04177,P00056,1,train
D01781,P00044,1,train
D01392,P00324,1,train
D03075,P00982,0,train
D00328,P00588,1,train
D04178,P00435,0,train
D01397,P00581,0,train
D04179,P00214,0,train
D03966,P00054,1,train
D03714,P01250,1,train
D01774,P00316,1,train
D01473,P02025,1,train
D03302,P00414,1,train
D00764,P00861,0,train
D01081,P00155,1,train
D00617,P00455,0,train
D00713,P01450,0,train
D01234,P00716,1,train
D01696,P00756,0,train
D00514,P00198,1,train
D00324,P00198,1,train
D04180,P00370,1,train
D03047,P01539,0,train
D00014,P01552,1,train
D04181,P00452,0,train
D00247,P00385,1,train
D03730,P00044,1,train
D02633,P00729,0,train
D00364,P00448,1,train
D03329,P00124,1,train
D01817,P01593,0,train
D02251,P00509,1,train
D00909,P01975,1,train
D02285,P01101,1,train
D01586,P00944,1,train
D00820,P00179,0,train
D01216,P00528,1,train
D00051,P01714,1,train
D02649,P01396,0,train
D00340,P00074,1,train
D04182,P00810,1,train
D03405,P00461,1,train
D02618,P02109,1,train
D04013,P01276,0,train
D01172,P01616,0,train
D03556,P02016,0,train
D02271,P00155,0,train
D03748,P00265,1,train
D04135,P01279,0,train
D01781,P01241,0,train
D00505,P00124,1,train
D01137,P00427,0,train
D03420,P00314,1,train
D02356,P00315,0,train
D03052,P00363,1,train
D00653,P00507,0,train
D01161,P01635,0,train
D01892,P00593,1,train
D03800,P01309,1,train
D00392,P00187,0,train
D01880,P01553,0,train
D00160,P00557,1,train
D01262,P00259,0,train
D01696,P00124,1,train
D03255,P00555,0,train
D01578,P00103,0,train
D00393,P01897,0,train
D00088,P01069,0,train
D03361,P01167,0,train
D01057,P00370,1,train
D01477,P00124,1,train
D01232,P00963,1,train
D03351,P01724,0,train
D00288,P00422,1,train
D03192,P01562,0,train
D00959,P01529,1,train
D00281,P01123,0,train
D01511,P00509,1,train
D01672,P00078,1,train
D00131,P00786,0,train
D00288,P02050,1,train
D00332,P00203,1,train
D04183,P01056,1,train
D02001,P02027,0,train
D00140,P00985,1,train
D04009,P01746,0,train
D02349,P00135,0,train
D03005,P00594,0,train
D04184,P00040,1,train
D02998,P00352,1,train
D03122,P02018,0,train
D00583,P00522,1,train
D01712,P01338,1,train
D03141,P01580,0,train
D02912,P00170,1,train
D01264,P00664,1,train
D01661,P00174,1,train
D03846,P00915,0,train
D03414,P01051,0,train
D01417,P00056,1,train
D00925,P01258,1,train
D02975,P01560,1,train
D01016,P00056,1,train
D03894,P00589,0,train
D01462,P00492,0,train
D01883,P01538,0,train
D00991,P00061,1,train
D00180,P00054,1,train
D02935,P00716,1,train
D02829,P02153,1,train
D00304,P01997,0,train
D00505,P00156,1,train
D02490,P01701,0,train
D01781,P00124,1,train
D03512,P00498,1,train
D02101,P01480,1,train
D01113,P00363,1,train
D02310,P01246,0,train
D00051,P02003,1,train
D01989,P00342,0,train
D01871,P00502,1,train
D00014,P02036,1,train
D03043,P02002,0,train
D01545,P01433,0,train
D04185,P00407,0,train
D02596,P01152,0,train
D01481,P00785,1,train
D04186,P01092,0,train
D02725,P00418,1,train
D02653,P01169,1,train
D01441,P01168,0,train
D01272,P00537,0,train
D02835,P00849,1,train
D01392,P00169,1,train
D01113,P00227,1,train
D00312,P00480,0,train
D00462,P00049,1,train
D00278,P00701,0,train
D00014,P00218,1,train
D00197,P02063,0,train
D02580,P00449,1,train
D00246,P02154,0,train
D01422,P01731,0,train
D02699,P00940,0,train
D01193,P00228,0,train
D03299,P00323,1,train
D02802,P00418,1,train
D00619,P01529,0,train
D00067,P00476,0,train
D00133,P00791,0,train
D02799,P00853,0,train
D02889,P00378,0,train
D01189,P02078,1,train
D02945,P00612,0,train
D00008,P00158,1,train
D00513,P02086,0,train
D00398,P00502,1,train
D00042,P00124,1,train
D00102,P01912,0,train
D00870,P00180,1,train
D00263,P00127,0,train
D02827,P00946,0,train
D01264,P01269,0,train
D04177,P00044,1,train
D02226,P01282,1,train
D04187,P01373,1,train
D02266,P00316,1,train
D00683,P00396,1,train
D02666,P00293,1,train
D01442,P01214,0,train
D01441,P00124,1,train
D00545,P00134,1,train
D01325,P00065,1,train
D02319,P01682,0,train
D00008,P00161,1,train
D00593,P00589,0,train
D00630,P00124,1,train
D00169,P00771,0,train
D02618,P00115,1,train
D04085,P00043,1,train
D00077,P00707,0,train
D04163,P00684,0,train
D01388,P02155,1,train
D00192,P02051,0,train
D01587,P01260,1,train
D00220,P00163,0,train
D03770,P00238,0,train
D00283,P00854,0,train
D04188,P00596,1,train
D00092,P00056,1,train
D04045,P02145,1,train
D02250,P01357,1,train
D01193,P00860,0,train
D00255,P00260,1,train
D03909,P01682,1,train
D00451,P00012,1,train
D00022,P00317,1,train
D02740,P01614,1,train
D03297,P00386,1,train
D03958,P02129,0,train
D01554,P00314,1,train
D02783,P00499,1,train
D01144,P01638,0,train
D02614,P01913,1,train
D04189,P00360,1,train
D00724,P00156,1,train
D01468,P01846,1,train
D02361,P00169,1,train
D01114,P01915,0,train
D02742,P00276,0,train
D01230,P00406,0,train
D01194,P00155,1,train
D01043,P01567,0,train
D04085,P00257,0,train
D00955,P00620,0,train
D00563,P00363,0,train
D02524,P01384,0,train
D00108,P00124,1,train
D00250,P00565,0,train
D02004,P00124,1,train
D03618,P00354,0,train
D02012,P01665,0,train
D02194,P02143,0,train
D04190,P00347,0,train
D00718,P00742,1,train
D03613,P00865,1,train
D02458,P01249,0,train
D00702,P00509,1,train
D02874,P00749,0,train
D00371,P00368,0,train
D04191,P00100,1,train
D03890,P01273,0,train
D01312,P01891,0,train
D01585,P01202,1,train
D00223,P00054,1,train
D02294,P00977,0,train
D01582,P01513,0,train
D01208,P00394,0,train
D00259,P01920,0,train
D01016,P00124,1,train
D03079,P01428,1,train
D00242,P00116,1,train
D01724,P00264,1,train
D01138,P02073,0,train
D01463,P01706,0,train
D02114,P00116,1,train
D02968,P00092,1,train
D01599,P00734,1,train
D03835,P00702,1,train
D02466,P00560,1,train
D00318,P00198,1,train
D01224,P01211,1,train
D01210,P00012,1,train
D00277,P01958,0,train
D01011,P01213,0,train
D04154,P00040,1,train
D00349,P00258,0,train
D01543,P01558,0,train
D03736,P00914,1,train
D03202,P00812,0,train
D00930,P01042,0,train
D01352,P00919,1,train
D02144,P01833,0,train
D03392,P00469,1,train
D01981,P02154,0,train
D01183,P00995,0,train
D00221,P00260,1,train
D01591,P00760,0,train
D00196,P01513,0,train
D00606,P00557,1,train
D04192,P01141,0,train
D03043,P00297,1,train
D03402,P00039,1,train
D00909,P00853,0,train
D02230,P00425,0,train
D02923,P01260,1,train
D03757,P00156,1,train
D02980,P00129,0,train
D03683,P00052,0,train
D00087,P00367,0,train
D02175,P00325,0,train
D04193,P00441,1,train
D00412,P00115,1,train
D01569,P01470,0,train
D00153,P01315,0,train
D01957,P01227,0,train
D01848,P00316,1,train
D02175,P00905,1,train
D01023,P00378,1,train
D00334,P00063,1,train
D00311,P01020,1,train
D04068,P00023,0,train
D02472,P01478,0,train
D02673,P01426,0,train
D00674,P01157,0,train
D02804,P01027,1,train
D02208,P00991,0,train
D03100,P02113,0,train
D01951,P00273,1,train
D01430,P00012,1,train
D02161,P00226,0,train
D01908,P00142,1,train
D03965,P01297,0,train
D01832,P00040,1,train
D02292,P00170,1,train
D02012,P00077,0,train
D03533,P00110,0,train
D00603,P00949,0,train
D03048,P00705,1,train
D00605,P01534,0,train
D03928,P01097,1,train
D04093,P00287,1,train
D03898,P00047,1,train
D00179,P00227,1,train
D03156,P01707,0,train
D02023,P01374,1,train
D00950,P00174,1,train
D00829,P01353,0,train
D03752,P02009,0,train
D01731,P00320,1,train
D02552,P00992,1,train
D01374,P00581,1,train
D00100,P00369,0,train
D00016,P00124,1,train
D01961,P01407,0,train
D03109,P00047,1,train
D02458,P01789,0,train
D02202,P00235,0,train
D00999,P00614,0,train
D03165,P01458,0,train
D00581,P00169,1,train
D00074,P00275,1,train
D00088,P01464,0,train
D03220,P00115,1,train
D03803,P00018,0,train
D04034,P01777,0,train
D00529,P01263,1,train
D01966,P00604,1,train
D02528,P00245,0,train
D02632,P00179,0,train
D00640,P00407,0,train
D01088,P01275,1,train
D00459,P00448,1,train
D03459,P01910,0,train
D00111,P00155,1,train
D01610,P00008,1,train
D01229,P00853,1,train
D03089,P00370,1,train
D02385,P00389,1,train
D00037,P01293,0,train
D03779,P01819,1,train
D04194,P01503,0,train
D02719,P00162,0,train
D01877,P00448,1,train
D00475,P01144,1,train
D03317,P00911,1,train
D03696,P01896,0,train
D04195,P00169,1,train
D01243,P02156,1,train
D02090,P01479,1,train
D00477,P00568,0,train
D01420,P00606,0,train
D04196,P01426,0,train
D01259,P01071,0,train
D01503,P01862,0,train
D00556,P00124,1,train
D01302,P01976,0,train
D02755,P00283,1,train
D02716,P01746,1,train
D04141,P00320,0,train
D00014,P00505,1,train
D01376,P01912,0,train
D00913,P00765,0,train
D02205,P00959,0,train
D02634,P01644,1,train
D00688,P00818,0,train
D02498,P00258,1,train
D00965,P00315,0,train
D00035,P00571,1,train
D00893,P02045,0,train
D01754,P00153,1,train
D01300,P00860,1,train
D04197,P00769,0,train
D02968,P00654,1,train
D02391,P01270,0,train
D03094,P00199,1,train
D00318,P00502,1,train
D03341,P00370,0,train
D03971,P00930,0,train
D04198,P00758,1,train
D03672,P01865,0,train
D00848,P00078,1,train
D03625,P00022,1,train
D03912,P00963,0,train
D01231,P00155,1,train
D00987,P00883,1,train
D02216,P02157,0,train
D01589,P00304,0,train
D02418,P01941,0,train
D01666,P01763,0,train
D04199,P01536,0,train
D00118,P01887,1,train
D03250,P00702,1,train
D03937,P01768,1,train
D03118,P01373,1,train
D02249,P00045,0,train
D00261,P00640,1,train
D01139,P00433,0,train
D04124,P01203,0,train
D02840,P00560,1,train
D00138,P00134,1,train
D00606,P00056,1,train
D00025,P01801,0,train
D00822,P00441,0,train
D04200,P00577,0,train
D01402,P01685,0,train
D00014,P01539,0,train
D04201,P01016,0,train
D02029,P00039,0,train
D03701,P01649,0,train
D03682,P00470,0,train
D01307,P00179,0,train
D00659,P00264,1,train
D01484,P01474,0,train
D00070,P01155,0,train
D02641,P00078,1,train
D04202,P01266,0,train
D02374,P00012,1,train
D03014,P00303,1,train
D01413,P00124,1,train
D02571,P00130,1,train
D02439,P00899,0,train
D04203,P01155,0,train
D01951,P00461,1,train
D00172,P01133,0,train
D04204,P01163,1,train
D00368,P00835,1,train
D04180,P00989,0,train
D00738,P01528,0,train
D00228,P01851,1,train
D03404,P01514,0,train
D03713,P01969,0,train
D04205,P00829,0,train
D04206,P00154,0,train
D02862,P01991,0,train
D00630,P00115,1,train
D02887,P00173,1,train
D03491,P00197,1,train
D02892,P01573,1,train
D01702,P01402,1,train
D01801,P00172,0,train
D03392,P00812,0,train
D01552,P00996,0,train
D02202,P00509,1,train
D03348,P00822,0,train
D01656,P01714,0,train
D00709,P00601,1,train
D02240,P02073,1,train
D04207,P00246,0,train
D02131,P00124,1,train
D02666,P00169,1,train
D01404,P00134,1,train
D04058,P00003,1,train
D02495,P02047,0,train
D00879,P01303,0,train
D01624,P00910,0,train
D04208,P01115,0,train
D02963,P01478,0,train
D00626,P00329,1,train
D00257,P00078,1,train
D03052,P00905,1,train
D00300,P01366,1,train
D01350,P01056,1,train
D00925,P00049,1,train
D04209,P01361,0,train
D00908,P01804,0,train
D04210,P00874,0,train
D02365,P00065,1,train
D02291,P00206,1,train
D04211,P00188,1,train
D01693,P00008,0,train
D04092,P00334,1,train
D00502,P00064,0,train
D01734,P00063,1,train
D00305,P01211,1,train
D01257,P02098,0,train
D01764,P00258,0,train
D00324,P00016,1,train
D00638,P00877,0,train
D00474,P00124,1,train
D01780,P00443,0,train
D01448,P00018,1,train
D01371,P02005,0,train
D00487,P00200,1,train
D01371,P00095,1,train
D01609,P01018,1,train
D04212,P00922,0,train
D00452,P00044,1,train
D02006,P01536,0,train
D01971,P00142,1,train
D00563,P00229,1,train
D00954,P00614,0,train
D04213,P00811,1,train
D02615,P01010,0,train
D04214,P01597,1,train
D01755,P00378,1,train
D01650,P01229,0,train
D03121,P02086,0,train
D00149,P00125,1,train
D03327,P01003,0,train
D00206,P00808,0,train
D02342,P00532,0,train
D02007,P00392,0,train
D01742,P02136,0,train
D00833,P01901,0,train
D03160,P00473,0,train
D02917,P00502,1,train
D00127,P00124,1,train
D01235,P00044,1,train
D00160,P00795,1,train
D02710,P01045,0,train
D03020,P00565,1,train
D00101,P00375,1,train
D03518,P00049,1,train
D01424,P00124,1,train
D00496,P00156,1,train
D01346,P00585,1,train
D01464,P00063,1,train
D04215,P00902,1,train
D00204,P00170,1,train
D00946,P01845,0,train
D03510,P01982,0,train
D01698,P00650,1,train
D00282,P00399,0,train
D00092,P00293,1,train
D03699,P00845,0,train
D01165,P00124,1,train
D03123,P00750,0,train
D00443,P01810,1,train
D01671,P00335,1,train
D02375,P00203,1,train
D03109,P01146,0,train
D00505,P00373,1,train
D02688,P00805,0,train
D00035,P01958,1,train
D00101,P00982,0,train
D03875,P01760,0,train
D00828,P00876,1,train
D03600,P00182,1,train
D01967,P01918,0,train
D00384,P00049,1,train
D01367,P00944,1,train
D01564,P00463,1,train
D01078,P01770,1,train
D02742,P00546,0,train
D00302,P01211,1,train
D03918,P01399,0,train
D00953,P00919,0,train
D03823,P01211,0,train
D00626,P00170,1,train
D00039,P00946,1,train
D03238,P00063,0,train
D04184,P00039,1,train
D01557,P01785,1,train
D03820,P01976,0,train
D00426,P01572,0,train
D02187,P01946,0,train
D00420,P00063,1,train
D01173,P00524,0,train
D01778,P00334,0,train
D04164,P00720,0,train
D01392,P00245,1,train
D00691,P00341,0,train
D00198,P01169,1,train
D02666,P00016,1,train
D00025,P01418,1,train
D01576,P00169,1,train
D00014,P01980,1,train
D00524,P01364,0,train
D00287,P00468,0,train
D00672,P01767,1,train
D04213,P00714,1,train
D00782,P01615,0,train
D02709,P00124,1,train
D02832,P01331,0,train
D00020,P00273,0,train
D01236,P01475,0,train
D03039,P01135,0,train
D00181,P01009,0,train
D00732,P00356,1,train
D00417,P01813,0,train
D03954,P00130,1,train
D01036,P00351,1,train
D03685,P00028,1,train
D00460,P00056,1,train
D03214,P00049,1,train
D04216,P00510,0,train
D02285,P00291,1,train
D03231,P01962,1,train
D03456,P00170,1,train
D02976,P01266,1,train
D03633,P00988,0,train
D00288,P01975,0,train
D02132,P01428,0,train
D00313,P00063,1,train
D00852,P00078,1,train
D01986,P00804,0,train
D00676,P00046,0,train
D01112,P00208,1,train
D01610,P00155,1,train
D01462,P00124,1,train
D00270,P01448,0,train
D02606,P00351,0,train
D03598,P00847,0,train
D00652,P00373,1,train
D04217,P00751,0,train
D02183,P01958,1,train
D04218,P01224,1,train
D01256,P01233,0,train
D00014,P00755,1,train
D02994,P01068,0,train
D03871,P00457,0,train
D01673,P01030,0,train
D02840,P00213,1,train
D00371,P00130,1,train
D02501,P00734,0,train
D02825,P01489,0,train
D03898,P00658,0,train
D00477,P00347,0,train
D00742,P00169,1,train
D02141,P01192,1,train
D00306,P00642,1,train
D02306,P00370,1,train
D00659,P00294,1,train
D00051,P00491,1,train
D00133,P01108,0,train
D00668,P01872,0,train
D01772,P01613,1,train
D00248,P00169,1,train
D04081,P00756,0,train
D01269,P01582,1,train
D04106,P00142,1,train
D01313,P01092,0,train
D04219,P00373,1,train
D01900,P00142,1,train
D00811,P01501,0,train
D02250,P01897,1,train
D00973,P00485,1,train
D00529,P00186,1,train
D01167,P00169,1,train
D01421,P00044,1,train
D02012,P01144,0,train
D00514,P00359,0,train
D02367,P00689,0,train
D00829,P01108,0,train
D02977,P00286,1,train
D03373,P00197,1,train
D00606,P00517,0,train
D01704,P01005,0,train
D03643,P02153,0,train
D01468,P02110,1,train
D01603,P01422,0,train
D02320,P00851,1,train
D04220,P02084,0,train
D03090,P00179,0,train
D01043,P00128,1,train
D01752,P00056,1,train
D02140,P00509,1,train
D03322,P01076,1,train
D00864,P00008,1,train
D00072,P01148,1,train
D03774,P00169,1,train
D02318,P01844,0,train
D00800,P02065,0,train
D01919,P01924,0,train
D02198,P00396,0,train
D02673,P00140,0,train
D01514,P00434,1,train
D00351,P01366,0,train
D03910,P00623,1,train
D02584,P00325,1,train
D00746,P00824,0,train
D01848,P00429,0,train
D03145,P01693,0,train
D02152,P00778,1,train
D00428,P00445,0,train
D00120,P02110,0,train
D00136,P00454,1,train
D02477,P01359,0,train
D02971,P00184,0,train
D01508,P01485,1,train
D00168,P01214,0,train
D03466,P00963,1,train
D01931,P00229,1,train
D00920,P00197,1,train
D03616,P00509,1,train
D01525,P01375,1,train
D01192,P01703,1,train
D03206,P00124,1,train
D00779,P01344,0,train
D02828,P00378,1,train
D01258,P01972,1,train
D00175,P00210,1,train
D01636,P00519,1,train
D01430,P00859,1,train
D02330,P00147,1,train
D00171,P01116,0,train
D00179,P00161,1,train
D01943,P00503,0,train
D01672,P00788,1,train
D03973,P02082,0,train
D04213,P01390,0,train
D01501,P00124,1,train
D03987,P00503,0,train
D00740,P01315,1,train
D02584,P01443,0,train
D01884,P00911,1,train
D01365,P00124,1,train
D04221,P00521,0,train
D04222,P01229,0,train
D00615,P01770,1,train
D02235,P00152,1,train
D00495,P00078,0,train
D00014,P01484,1,train
D03364,P01598,0,train
D00234,P00059,0,train
D03319,P00170,1,train
D02493,P01224,1,train
D00071,P00216,0,train
D00645,P00966,0,train
D01127,P00124,1,train
D03115,P00702,1,train
D00014,P02158,1,train
D01430,P00603,1,train
D01660,P01211,1,train
D01884,P00023,0,train
D03242,P00479,1,train
D00719,P01193,0,train
D04223,P00779,0,train
D02285,P01184,1,train
D00461,P00646,1,train
D04053,P00334,1,train
D01566,P01821,0,train
D02309,P00078,1,train
D01999,P01423,0,train
D03800,P00182,0,train
D00886,P01896,0,train
D01113,P00377,1,train
D01987,P00604,1,train
D02650,P01692,1,train
D01490,P00893,0,train
D02835,P00716,0,train
D01554,P00975,1,train
D00306,P00115,1,train
D01517,P02079,0,train
D01209,P01504,0,train
D03523,P00604,1,train
D00847,P00012,1,train
D00969,P01516,0,train
D01712,P01173,0,train
D01325,P00853,1,train
D01757,P01668,0,train
D00136,P00807,1,train
D02991,P01041,1,train
D01420,P01423,1,train
D02257,P01294,0,train
D03091,P00669,1,train
D01722,P01454,1,train
D00312,P01829,1,train
D04005,P00235,0,train
D03343,P02086,0,train
D00969,P00276,0,train
D01033,P00065,1,train
D04102,P00730,0,train
D01500,P00663,1,train
D03757,P01881,0,train
D00511,P01061,1,train
D00984,P01748,0,train
D03406,P00912,1,train
D02535,P01202,0,train
D00282,P00425,1,train
D00330,P00279,1,train
D00194,P00324,1,train
D00419,P00509,1,train
D03179,P00985,0,train
D02166,P00386,1,train
D00489,P00889,1,train
D01381,P01533,1,train
D03777,P00638,1,train
D02027,P00105,1,train
D03724,P00218,0,train
D01830,P00681,1,train
D04224,P01418,0,train
D00807,P01494,0,train
D00167,P00331,0,train
D02777,P00466,1,train
D03948,P00258,1,train
D00944,P00377,1,train
D00604,P00685,0,train
D03408,P00921,0,train
D02848,P00461,0,train
D01651,P01896,0,train
D04225,P01321,0,train
D00137,P00269,1,train
D03043,P01880,1,train
D00965,P00061,0,train
D02039,P00054,1,train
D03596,P00591,1,train
D03732,P02070,0,train
D01291,P00056,1,train
D00542,P01055,0,train
D03148,P00487,0,train
D00777,P01990,0,train
D04226,P00463,0,train
D01576,P00174,1,train
D03520,P00853,0,train
D01462,P01583,0,train
D01086,P01164,0,train
D02891,P00974,0,train
D03895,P00425,1,train
D01075,P00326,0,train
D01425,P00130,1,train
D00245,P00142,1,train
D02781,P00618,0,train
D00732,P01241,1,train
D00939,P02072,1,train
D00749,P01345,1,train
D03858,P00017,0,train
D00508,P00316,1,train
D03958,P01664,0,train
D03454,P00651,0,train
D03450,P00044,1,train
D04227,P00199,1,train
D01225,P00819,0,train
D04138,P01249,1,train
D00276,P01110,0,train
D02615,P01018,1,train
D01754,P00051,1,train
D00630,P00973,1,train
D00088,P01322,0,train
D00659,P00200,0,train
D00255,P00135,1,train
D02879,P01310,1,train
D00764,P01237,0,train
D03316,P00300,0,train
D03375,P00160,0,train
D03332,P00124,1,train
D02442,P00323,0,train
D00370,P00155,1,train
D03606,P00556,0,train
D03518,P00063,1,train
D01608,P01118,0,train
D00219,P00581,1,train
D03125,P00482,0,train
D02990,P00469,1,train
D04032,P02062,0,train
D00646,P00809,1,train
D02930,P00538,1,train
D04228,P01330,1,train
D01938,P01459,1,train
D00372,P00515,1,train
D00014,P01990,1,train
D00105,P02157,1,train
D02714,P00262,1,train
D01830,P00220,1,train
D01877,P00190,0,train
D01559,P00037,0,train
D03744,P00772,0,train
D00072,P00363,1,train
D00432,P00449,1,train
D03029,P00181,1,train
D04229,P00467,0,train
D03185,P00599,1,train
D02840,P00959,1,train
D01397,P01581,0,train
D00630,P00737,1,train
D02020,P00701,0,train
D00497,P02152,1,train
D00143,P00207,0,train
D02729,P00830,0,train
D00023,P01797,0,train
D03171,P01514,0,train
D04005,P00259,1,train
D02293,P00544,1,train
D04230,P00028,1,train
D03907,P02159,0,train
D01988,P00639,0,train
D02338,P00341,0,train
D02928,P00170,1,train
D00677,P01570,0,train
D03852,P00199,1,train
D02925,P02093,0,train
D00276,P00583,0,train
D04231,P00935,0,train
D01171,P01591,0,train
D01967,P01713,0,train
D02152,P00569,1,train
D00138,P00070,1,train
D01133,P00124,1,train
D04027,P00803,0,train
D02851,P00922,0,train
D03082,P00444,1,train
D00529,P01560,1,train
D03518,P02095,0,train
D02466,P00754,0,train
D00108,P01006,1,train
D03729,P00169,1,train
D03393,P01631,0,train
D03778,P00928,1,train
D04091,P02142,0,train
D03933,P00382,1,train
D03247,P01690,0,train
D02250,P01193,0,train
D03640,P00645,0,train
D02979,P00083,1,train
D01777,P00023,1,train
D01020,P00623,1,train
D03871,P01933,0,train
D04232,P00007,1,train
D01426,P00012,1,train
D02992,P00166,1,train
D00194,P00170,1,train
D00993,P00049,1,train
D01068,P00156,1,train
D01258,P00574,1,train
D00381,P02124,0,train
D00395,P01163,1,train
D02410,P01741,0,train
D00730,P00302,1,train
D00396,P01018,1,train
D02568,P00078,1,train
D02296,P00124,0,train
D00491,P00148,0,train
D02907,P02049,0,train
D02268,P00121,1,train
D02402,P01762,0,train
D01973,P00414,1,train
D00947,P00329,1,train
D03657,P00142,1,train
D03839,P00744,0,train
D04233,P02049,0,train
D04234,P00492,0,train
D02917,P00294,1,train
D04235,P00964,0,train
D00704,P00232,1,train
D00425,P00258,1,train
D02259,P02055,0,train
D01653,P01703,1,train
D04153,P00946,1,train
D03216,P00717,0,train
D01391,P02110,0,train
D01754,P00135,1,train
D04236,P00233,0,train
D03186,P00324,1,train
D01374,P00029,0,train
D00660,P00581,1,train
D01210,P00615,0,train
D03548,P00786,0,train
D01290,P01792,1,train
D00581,P01056,1,train
D02791,P01225,0,train
D04081,P02053,0,train
D04108,P01598,0,train
D00959,P00786,1,train
D01849,P00124,1,train
D04237,P00142,0,train
D01571,P01409,1,train
D03214,P00394,1,train
D02406,P00894,0,train
D00672,P00012,1,train
D03633,P00743,1,train
D01925,P01828,0,train
D02761,P00499,0,train
D00691,P00158,1,train
D03522,P00155,1,train
D00078,P00902,0,train
D01744,P00771,1,train
D03187,P00359,1,train
D01715,P00414,1,train
D02972,P01675,1,train
D02632,P01232,0,train
D00700,P00044,1,train
D03201,P00025,1,train
D01111,P02094,1,train
D00138,P00309,1,train
D03782,P00589,1,train
D00195,P00232,0,train
D02282,P01224,1,train
D04238,P02160,0,train
D02049,P00124,1,train
D00080,P00124,1,train
D02003,P00498,1,train
D04231,P01732,0,train
D02806,P00096,0,train
D00819,P00469,1,train
D00864,P00161,1,train
D03721,P01360,1,train
D00022,P00155,1,train
D01671,P00134,1,train
D00529,P00070,1,train
D01507,P00809,1,train
D00466,P00063,1,train
D00625,P01092,1,train
D00107,P00044,1,train
D01064,P00270,1,train
D03968,P00007,1,train
D01514,P02051,1,train
D01003,P01965,1,train
D00491,P00124,1,train
D00051,P01209,1,train
D01302,P00169,1,train
D02003,P00083,0,train
D01231,P00124,1,train
D03441,P00289,1,train
D04235,P01092,1,train
D00911,P00622,0,train
D02464,P00740,0,train
D01677,P00527,0,train
D00710,P00162,1,train
D01817,P01474,0,train
D03898,P00825,0,train
D00095,P00106,0,train
D01637,P00124,1,train
D03506,P00179,1,train
D00281,P00220,1,train
D01180,P01989,0,train
D00576,P01426,0,train
D00384,P00169,1,train
D01728,P00432,0,train
D00474,P00146,1,train
D00220,P00118,0,train
D02530,P00130,1,train
D00221,P01211,1,train
D03592,P00171,1,train
D00770,P00257,0,train
D00139,P00070,1,train
D01860,P00182,1,train
D01571,P01296,1,train
D00240,P00294,1,train
D00848,P00124,1,train
D01751,P01769,0,train
D00863,P01856,1,train
D03091,P01143,0,train
D02191,P00644,0,train
D01938,P02161,1,train
D04009,P02079,0,train
D00013,P01791,1,train
D03374,P01406,1,train
D00531,P00569,0,train
D00925,P00155,1,train
D04081,P00414,1,train
D00077,P00110,0,train
D01706,P01969,1,train
D00377,P01263,0,train
D01026,P00590,0,train
D01285,P00044,1,train
D00583,P00323,1,train
D03806,P00110,0,train
D04221,P00197,0,train
D02701,P00082,0,train
D03466,P01402,0,train
D00183,P00872,1,train
D03394,P00734,0,train
D02168,P00078,1,train
D03846,P00378,1,train
D00694,P00293,1,train
D00092,P00365,1,train
D02781,P01688,1,train
D00514,P00314,1,train
D01983,P00709,0,train
D02400,P00779,0,train
D03201,P01032,0,train
D01959,P00497,0,train
D01086,P00608,1,train
D00144,P01106,0,train
D01027,P00043,0,train
D01495,P01480,1,train
D04236,P01719,0,train
D01310,P00078,1,train
D04239,P01399,0,train
D01079,P01064,1,train
D02646,P00623,1,train
D03217,P00234,1,train
D00704,P00294,1,train
D03372,P01735,0,train
D03082,P01215,1,train
D01412,P00356,1,train
D00937,P01864,0,train
D03979,P00252,0,train
D01857,P00358,1,train
D00024,P01191,0,train
D00953,P00329,1,train
D03684,P00718,0,train
D03911,P00560,0,train
D01459,P00124,1,train
D00386,P00721,0,train
D00625,P00015,0,train
D00455,P00016,1,train
D02709,P00012,1,train
D02038,P00806,0,train
D00690,P00210,0,train
D03658,P00866,0,train
D02175,P00356,1,train
D00646,P00871,1,train
D00290,P00065,1,train
D01618,P00737,1,train
D02995,P00125,0,train
D01392,P00130,1,train
D01871,P01076,1,train
D02894,P00206,0,train
D02444,P00263,0,train
D02290,P01355,0,train
D02576,P00604,1,train
D02828,P00828,0,train
D04154,P00509,1,train
D03079,P01494,1,train
D01987,P00063,1,train
D01962,P00477,0,train
D00074,P00380,1,train
D00309,P00389,1,train
D00221,P00324,1,train
D00455,P00347,1,train
D00460,P02114,1,train
D00691,P00309,1,train
D00300,P01930,1,train
D00051,P02162,1,train
D00092,P00264,1,train
D03713,P01071,1,train
D01237,P00063,1,train
D00981,P02026,0,train
D01700,P00503,0,train
D01914,P01642,0,train
D00676,P01479,1,train
D02952,P00825,0,train
D01490,P01055,0,train
D02158,P01739,1,train
D00944,P00135,1,train
D03336,P00400,0,train
D00221,P00130,1,train
D04117,P01660,0,train
D00811,P01281,0,train
D00968,P00192,0,train
D04240,P00111,1,train
D01069,P01916,0,train
D01778,P00203,1,train
D01281,P02082,0,train
D03409,P00355,0,train
D00647,P01452,1,train
D00947,P00124,1,train
D01671,P01148,1,train
D01545,P00083,1,train
D02192,P00133,0,train
D03283,P00798,0,train
D03844,P01683,0,train
D00517,P00221,0,train
D02019,P01181,0,train
D03738,P01873,1,train
D02992,P00124,1,train
D02465,P01170,0,train
D00382,P00626,0,train
D00156,P01478,0,train
D00156,P00842,0,train
D04241,P01307,0,train
D01651,P01668,0,train
D03384,P01388,0,train
D03308,P00054,1,train
D01232,P00389,1,train
D03624,P00385,1,train
D03938,P00366,0,train
D02085,P00066,0,train
D03179,P01888,0,train
D02728,P01018,1,train
D01554,P00324,1,train
D04242,P01489,0,train
D00432,P00169,1,train
D00994,P01218,1,train
D01572,P00408,0,train
D01488,P00550,0,train
D00414,P00358,1,train
D04103,P01713,0,train
D00741,P01523,0,train
D00968,P00269,1,train
D01293,P00337,0,train
D04243,P01098,0,train
D02558,P00063,1,train
D01187,P01996,0,train
D01851,P00124,1,train
D01987,P01765,0,train
D01790,P00943,0,train
D02429,P00249,1,train
D03479,P00056,1,train
D00332,P00208,1,train
D00061,P01305,0,train
D00464,P00327,1,train
D00619,P00050,0,train
D00208,P01316,0,train
D00378,P00606,0,train
D00659,P00641,0,train
D02158,P01782,1,train
D01385,P00055,0,train
D02309,P00124,1,train
D03043,P00751,0,train
D00330,P00134,1,train
D01031,P02163,0,train
D03320,P01948,0,train
D04244,P00801,0,train
D01873,P01188,0,train
D02671,P01858,0,train
D03653,P02164,0,train
D03727,P01231,0,train
D00471,P02165,1,train
D04025,P00269,0,train
D03384,P01676,0,train
D02625,P00860,0,train
D02376,P01315,1,train
D04070,P00779,0,train
D02159,P00698,0,train
D04245,P00298,1,train
D02025,P01719,0,train
D00731,P00349,1,train
D01190,P00181,1,train
D00478,P01904,0,train
D00757,P01772,0,train
D01667,P00418,1,train
D00416,P01076,1,train
D00508,P00804,1,train
D01686,P00463,1,train
D00678,P01519,1,train
D04010,P01529,1,train
D02964,P00022,1,train
D01692,P01480,1,train
D03569,P01056,1,train
D00762,P00189,1,train
D03677,P01375,1,train
D01338,P00142,1,train
D02176,P01596,0,train
D01983,P00435,0,train
D04246,P01087,1,train
D01359,P00078,1,train
D00228,P00424,1,train
D04176,P00861,0,train
D00846,P01149,0,train
D00729,P00506,1,train
D03540,P02166,0,train
D03566,P00063,1,train
D02906,P00359,1,train
D02179,P00991,0,train
D00670,P00008,1,train
D01877,P00155,1,train
D01319,P00448,1,train
D00486,P00056,1,train
D00256,P00539,0,train
D00680,P00689,0,train
D01083,P00124,1,train
D02814,P00251,1,train
D02041,P01018,1,train
D04108,P00056,1,train
D01559,P00760,0,train
D02127,P01610,0,train
D03706,P01362,1,train
D01950,P00996,0,train
D00305,P00130,1,train
D02796,P00047,1,train
D01734,P00919,1,train
D01437,P00316,1,train
D04007,P00171,1,train
D00078,P01379,0,train
D00014,P00590,1,train
D04243,P01484,0,train
D03779,P00907,1,train
D02204,P00556,0,train
D02851,P00782,0,train
D02926,P00651,0,train
D00425,P00232,1,train
D01683,P00130,1,train
D04247,P00022,1,train
D03955,P00456,1,train
D02375,P00961,0,train
D03826,P01983,0,train
D02500,P00789,0,train
D02536,P00946,1,train
D00455,P00203,1,train
D02547,P00016,1,train
D00204,P00347,1,train
D00041,P00044,1,train
D00422,P02109,0,train
D01414,P01019,0,train
D02527,P00505,0,train
D00428,P02167,0,train
D03966,P01773,0,train
D03011,P00802,1,train
D00451,P00044,1,train
D03652,P00030,0,train
D01880,P00056,1,train
D03010,P00448,1,train
D00030,P00054,1,train
D04036,P01545,0,train
D00771,P01590,0,train
D01841,P00169,0,train
D03660,P00074,0,train
D01805,P00689,0,train
D00524,P01002,1,train
D03677,P00096,0,train
D01730,P01534,1,train
D00680,P00177,1,train
D01167,P01264,1,train
D00111,P00056,1,train
D01446,P01611,1,train
D00676,P02099,1,train
D02821,P01822,0,train
D02411,P01743,1,train
D01915,P00349,0,train
D00597,P02022,0,train
D02328,P00199,1,train
D00012,P00078,1,train
D00567,P00930,0,train
D00339,P00049,1,train
D02995,P00431,1,train
D02120,P00155,1,train
D03163,P00020,0,train
D01371,P01552,0,train
D04140,P01513,1,train
D02921,P01160,0,train
D01313,P01538,0,train
D00137,P00809,1,train
D00680,P00430,1,train
D02847,P00096,1,train
D01734,P00056,1,train
D02111,P00962,1,train
D00151,P00671,1,train
D00493,P01469,0,train
D01043,P01036,0,train
D04248,P01116,0,train
D01914,P00837,1,train
D00941,P00657,1,train
D02864,P00258,1,train
D00195,P00937,1,train
D02240,P01092,1,train
D03739,P00504,1,train
D02359,P01785,1,train
D01509,P00463,0,train
D00440,P00169,1,train
D00474,P00158,1,train
D01827,P00742,1,train
D00643,P01845,1,train
D01573,P02073,0,train
D03385,P01041,1,train
D04249,P01349,0,train
D02363,P00394,1,train
D00504,P00169,1,train
D02046,P00060,0,train
D00097,P00329,0,train
D00318,P00049,1,train
D01610,P00161,1,train
D03060,P01870,0,train
D00014,P01584,1,train
D01994,P01442,1,train
D00449,P01280,1,train
D02238,P01698,0,train
D00157,P00065,1,train
D00736,P00012,1,train
D02137,P00270,1,train
D01951,P00076,1,train
D02481,P01927,0,train
D02745,P00321,0,train
D00194,P00124,1,train
D00029,P00984,0,train
D01053,P01964,0,train
D00615,P00115,1,train
D04250,P00304,1,train
D01750,P00574,0,train
D00607,P01236,0,train
D03244,P01737,0,train
D01817,P00124,1,train
D04213,P00788,0,train
D00151,P02016,1,train
D00334,P02062,0,train
D03195,P00025,1,train
D04251,P01331,0,train
D01504,P02040,0,train
D03822,P00258,1,train
D00101,P00232,1,train
D01578,P02107,1,train
D01576,P01158,0,train
D02696,P00934,0,train
D00057,P00448,1,train
D02337,P00229,1,train
D00130,P00124,1,train
D01700,P00335,1,train
D02154,P01126,0,train
D02934,P00171,1,train
D03104,P00017,0,train
D00094,P00156,1,train
D00203,P00156,1,train
D03011,P01042,0,train
D02720,P01318,0,train
D03982,P00164,1,train
D02509,P01759,1,train
D00433,P01454,0,train
D00019,P02136,1,train
D01238,P00124,1,train
D03221,P00861,0,train
D03397,P00142,1,train
D03399,P00514,0,train
D04199,P00293,1,train
D00385,P00240,1,train
D02000,P00617,0,train
D00138,P00377,1,train
D03747,P00065,1,train
D04005,P00461,1,train
D02798,P00038,1,train
D03596,P01905,0,train
D02254,P00293,1,train
D01196,P00155,1,train
D00233,P00169,1,train
D03988,P01713,0,train
D04252,P00001,0,train
D00977,P00698,0,train
D00615,P00323,1,train
D00737,P01048,0,train
D01845,P01771,0,train
D02603,P01538,1,train
D03472,P01312,0,train
D01063,P01457,1,train
D03535,P01391,0,train
D04253,P00814,0,train
D04212,P01173,0,train
D03678,P00158,0,train
D02612,P00928,1,train
D00989,P02004,0,train
D01376,P00124,1,train
D01443,P01917,0,train
D02891,P00198,0,train
D02332,P00156,1,train
D01635,P00209,0,train
D01477,P00448,1,train
D03959,P01027,0,train
D03258,P01162,0,train
D04254,P01816,0,train
D04255,P00044,0,train
D01766,P00928,1,train
D03305,P01225,0,train
D01337,P02120,0,train
D04256,P00912,1,train
D02970,P01732,0,train
D00968,P00479,1,train
D00493,P01276,1,train
D01067,P02160,0,train
D04026,P00200,0,train
D01401,P00016,1,train
D02969,P01974,0,train
D02680,P01064,0,train
D01488,P01754,0,train
D00144,P01655,0,train
D00556,P00417,0,train
D02141,P01993,0,train
D01897,P00754,0,train
D02365,P00155,1,train
D04208,P00847,0,train
D04257,P00414,1,train
D00339,P00448,1,train
D01679,P00582,0,train
D02684,P00040,1,train
D04258,P01783,0,train
D04259,P00479,1,train
D01044,P00280,0,train
D00504,P00124,1,train
D01079,P00415,0,train
D00141,P00056,1,train
D00945,P00155,1,train
D02042,P01407,0,train
D00572,P01424,0,train
D00364,P00012,1,train
D00991,P00801,1,train
D00558,P00358,1,train
D03751,P01697,0,train
D01212,P00071,0,train
D03805,P01291,0,train
D00702,P00316,1,train
D01504,P00005,0,train
D03078,P00124,1,train
D04226,P00124,1,train
D00893,P01732,1,train
D03576,P01367,0,train
D01868,P01507,0,train
D00072,P00134,1,train
D03338,P01028,0,train
D00063,P01230,1,train
D02000,P02023,1,train
D00998,P01260,0,train
D01236,P02130,1,train
D00185,P00430,1,train
D03660,P02165,0,train
D00151,P00008,1,train
D03856,P01237,0,train
D04259,P00669,0,train
D00372,P01464,0,train
D01486,P00294,1,train
D02829,P00049,1,train
D03565,P01508,0,train
D04126,P00855,0,train
D01313,P02011,0,train
D00619,P00452,1,train
D00497,P01090,0,train
D02429,P02037,0,train
D03154,P01186,0,train
D02798,P00896,0,train
D04260,P00287,0,train
D04261,P01985,1,train
D00151,P00065,1,train
D00323,P00713,1,train
D00231,P00307,1,train
D04262,P01612,0,train
D01018,P01167,1,train
D03176,P01360,0,train
D00332,P00130,1,train
D02779,P00329,1,train
D00005,P00054,1,train
D02455,P00502,1,train
D00051,P00500,0,train
D02714,P00124,1,train
D02235,P01645,0,train
D00051,P00885,1,train
D02230,P01673,0,train
D00666,P00853,0,train
D02662,P00944,1,train
D03538,P00509,1,train
D01885,P00479,1,train
D02953,P01818,0,train
D01251,P00024,0,train
D03756,P00098,0,train
D01646,P00699,0,train
D00321,P01322,1,train
D03706,P00732,0,train
D00768,P01179,0,train
D01703,P00072,1,train
D04263,P01692,0,train
D03341,P00381,0,train
D01617,P01522,0,train
D01482,P00377,0,train
D00389,P01268,0,train
D03978,P00536,0,train
D04264,P01907,0,train
D01007,P01171,0,train
D00705,P01868,0,train
D02984,P00913,0,train
D03810,P00044,1,train
D03325,P01118,0,train
D04235,P00724,0,train
D02182,P00277,0,train
D02551,P00784,0,train
D00547,P00188,0,train
D03410,P01802,0,train
D03010,P02050,0,train
D02968,P00380,1,train
D00110,P00444,1,train
D04090,P00239,0,train
D02482,P00189,1,train
D03468,P00119,0,train
D00035,P01379,1,train
D01731,P01218,0,train
D03444,P01924,0,train
D03199,P01432,1,train
D03665,P00054,1,train
D00484,P00054,1,train
D03271,P01583,0,train
D01793,P01727,0,train
D02160,P01634,0,train
D03172,P01974,0,train
D03190,P00726,0,train
D01811,P00217,0,train
D02152,P02081,1,train
D03484,P00011,1,train
D02509,P00992,1,train
D02852,P02000,0,train
D00257,P00203,1,train
D00270,P02168,0,train
D04128,P01087,1,train
D02482,P00514,0,train
D00692,P01659,0,train
D01966,P01961,1,train
D03423,P02116,0,train
D02597,P01796,0,train
D00524,P00892,1,train
D00139,P00008,1,train
D01224,P00203,1,train
D03456,P01061,0,train
D04265,P01720,1,train
D01239,P01041,0,train
D03975,P00531,0,train
D00177,P01762,0,train
D04266,P00012,1,train
D02020,P00289,0,train
D01224,P00044,1,train
D00101,P01986,0,train
D03934,P00787,0,train
D00633,P00128,1,train
D02965,P00601,1,train
D01479,P00351,0,train
D03404,P01486,0,train
D00910,P00894,1,train
D02735,P00325,0,train
D02354,P01127,1,train
D01094,P00544,0,train
D03225,P01209,0,train
D03663,P00483,0,train
D00637,P00056,1,train
D01345,P01853,0,train
D04072,P02079,1,train
D01176,P00847,1,train
D00913,P01207,0,train
D00740,P00265,0,train
D00941,P01507,0,train
D03149,P01344,0,train
D01898,P00458,1,train
D03879,P00846,1,train
D03209,P00931,0,train
D02034,P00264,0,train
D01415,P00708,0,train
D04267,P01966,0,train
D02582,P02169,0,train
D04268,P01184,1,train
D00312,P00049,1,train
D01148,P00414,0,train
D03071,P00223,1,train
D02408,P00074,0,train
D01532,P01338,0,train
D03194,P02140,0,train
D01382,P00441,0,train
D00321,P00262,1,train
D00330,P00975,1,train
D03855,P01555,0,train
D01495,P00010,0,train
D01323,P00208,1,train
D01503,P00316,1,train
D03251,P01755,0,train
D00676,P00947,1,train
D00313,P00905,1,train
D01532,P02156,0,train
D01927,P01358,1,train
D02281,P01181,0,train
D00866,P01152,0,train
D01636,P01067,0,train
D00702,P00385,1,train
D03157,P02035,0,train
D02722,P00022,1,train
D03223,P00596,1,train
D02510,P00426,0,train
D04115,P00258,1,train
D00529,P01562,1,train
D00920,P00155,1,train
D01499,P01552,1,train
D00598,P00681,1,train
D00375,P00012,1,train
D03699,P01288,1,train
D03997,P00521,0,train
D03141,P00056,0,train
D03588,P00472,0,train
D00923,P00087,1,train
D04269,P01108,0,train
D02177,P00801,1,train
D01117,P00490,0,train
D02262,P01978,0,train
D04270,P01493,1,train
D03502,P00554,1,train
D00394,P00382,1,train
D00731,P00295,1,train
D01140,P00847,1,train
D00520,P00334,1,train
D01207,P01222,0,train
D01021,P00727,1,train
D03346,P02170,0,train
D03365,P00012,1,train
D01057,P01892,0,train
D03790,P01681,0,train
D03706,P00956,0,train
D00644,P00283,0,train
D01759,P01260,1,train
D02463,P00865,1,train
D02302,P01917,0,train
D02322,P00365,0,train
D02437,P00544,1,train
D00731,P00121,1,train
D02666,P00298,0,train
D03383,P00169,1,train
D04149,P00292,0,train
D03597,P01745,0,train
D02625,P01965,0,train
D00001,P01364,0,train
D02508,P01868,0,train
D01071,P02018,0,train
D02150,P00490,0,train
D01887,P02049,0,train
D03050,P02094,0,train
D01918,P00375,0,train
D00428,P01759,0,train
D04014,P00171,1,train
D00276,P00681,1,train
D01033,P00063,1,train
D03333,P00350,0,train
D01082,P01980,0,train
D04082,P01883,0,train
D02492,P01274,0,train
D01901,P00187,0,train
D02286,P01311,0,train
D01743,P00026,0,train
D03239,P00171,1,train
D01507,P00158,1,train
D02009,P00189,1,train
D00585,P00156,1,train
D00688,P00640,0,train
D01682,P00143,1,train
D02382,P00931,0,train
D02199,P00128,1,train
D04111,P01985,0,train
D04271,P00985,0,train
D01072,P00155,1,train
D02403,P01373,0,train
D03620,P00316,1,train
D02031,P00711,1,train
D03172,P01313,0,train
D04033,P00665,0,train
D01234,P00479,0,train
D01891,P00137,0,train
D03373,P01909,0,train
D00323,P00539,0,train
D02045,P00395,0,train
D02035,P01148,1,train
D03020,P01512,0,train
D04272,P01163,1,train
D02073,P00992,1,train
D00061,P00517,1,train
D01806,P01971,1,train
D01273,P01381,1,train
D02900,P00532,0,train
D00108,P00389,1,train
D02420,P00068,1,train
D00221,P00232,1,train
D04273,P01638,0,train
D03712,P01290,0,train
D00608,P00124,1,train
D00302,P00208,1,train
D04274,P00004,0,train
D03328,P00403,0,train
D00332,P00314,1,train
D03178,P00419,1,train
D01500,P00235,0,train
D01958,P00181,1,train
D02531,P00170,1,train
D00544,P00189,0,train
D02279,P01326,1,train
D02422,P00007,1,train
D03207,P00065,1,train
D01722,P01225,0,train
D02533,P00253,0,train
D00183,P01914,0,train
D03918,P01538,1,train
D03449,P01330,1,train
D00893,P01975,1,train
D01633,P00195,1,train
D00766,P00796,0,train
D02913,P00378,1,train
D01942,P01919,0,train
D03797,P01616,0,train
D00598,P00220,1,train
D00659,P00557,1,train
D02019,P00094,0,train
D00220,P00322,0,train
D02460,P00448,1,train
D00105,P00898,1,train
D00178,P00601,1,train
D01625,P00448,1,train
D02670,P01586,0,train
D01527,P01268,0,train
D00791,P00273,1,train
D03506,P00087,0,train
D04275,P00416,0,train
D04044,P00959,1,train
D00529,P02059,1,train
D01216,P01511,0,train
D04107,P00085,1,train
D02260,P00162,0,train
D00140,P00008,1,train
D00051,P00879,1,train
D00576,P02041,0,train
D00934,P00124,1,train
D00425,P01464,0,train
D00614,P01574,1,train
D00163,P00169,1,train
D02157,P00258,1,train
D02852,P00403,1,train
D03924,P00515,0,train
D02272,P00395,1,train
D00262,P00029,1,train
D00158,P00169,1,train
D02750,P01982,0,train
D00508,P01955,1,train
D01772,P01994,1,train
D01988,P01519,0,train
D03918,P01584,0,train
D01860,P00130,1,train
D02176,P00269,1,train
D03277,P00152,1,train
D01115,P02062,0,train
D01331,P00504,0,train
D00014,P00778,1,train
D00176,P01507,0,train
D01762,P00127,0,train
D02042,P00596,0,train
D00946,P00078,1,train
D00092,P00078,1,train
D01772,P00223,1,train
D03424,P01224,0,train
D02421,P01559,0,train
D02694,P01836,1,train
D01609,P01750,0,train
D01282,P00998,0,train
D01097,P00747,0,train
D01000,P00197,1,train
D02320,P00995,0,train
D01468,P00688,1,train
D00860,P00702,0,train
D02023,P01772,0,train
D02558,P00169,1,train
D00313,P00323,1,train
D03464,P00549,0,train
D00529,P00134,1,train
D04256,P00640,1,train
D02849,P00311,0,train
D00154,P02141,0,train
D00529,P01846,1,train
D03809,P00249,1,train
D01413,P00130,1,train
D01911,P00593,1,train
D00919,P00201,0,train
D03243,P00619,0,train
D01167,P01702,1,train
D02314,P01272,0,train
D01290,P01224,0,train
D00893,P01215,1,train
D00419,P01000,1,train
D03773,P01067,0,train
D00174,P00665,1,train
D00892,P00324,1,train
D00163,P01527,0,train
D03112,P00316,1,train
D03979,P01027,0,train
D02833,P01495,1,train
D00442,P00479,1,train
D03596,P00291,0,train
D00204,P00203,1,train
D01170,P01264,1,train
D03707,P00670,0,train
D03775,P01624,0,train
D02085,P00021,0,train
D00521,P01024,1,train
D01758,P00244,0,train
D01265,P01056,1,train
D00204,P00072,1,train
D02361,P00723,1,train
D03196,P00094,0,train
D01706,P01776,1,train
D02474,P02068,0,train
D01335,P00401,1,train
D01904,P01165,0,train
D01009,P00254,1,train
D01480,P01895,0,train
D00313,P00463,1,train
D00271,P00044,1,train
D02470,P00418,1,train
D00281,P00227,1,train
D00022,P00461,1,train
D04276,P00784,0,train
D02755,P00044,1,train
D00616,P00146,1,train
D01412,P00135,1,train
D01687,P01727,0,train
D02498,P01265,0,train
D04277,P00163,0,train
D03903,P00576,1,train
D00950,P01812,1,train
D01936,P02153,0,train
D00774,P00124,1,train
D04278,P00229,1,train
D00971,P01233,0,train
D02937,P00619,0,train
D02588,P01424,0,train
D03947,P01235,1,train
D03601,P00814,0,train
D03071,P01247,0,train
D00765,P00380,1,train
D03241,P00423,0,train
D01149,P00224,0,train
D02463,P01987,0,train
D00520,P01659,0,train
D03853,P00857,0,train
D00314,P01936,1,train
D00300,P00016,1,train
D03290,P00803,0,train
D01153,P01989,1,train
D01678,P00756,0,train
D00157,P00327,0,train
D01745,P01976,0,train
D04279,P00923,0,train
D00789,P00385,0,train
D03383,P00044,1,train
D04263,P01054,1,train
D01152,P00831,0,train
D01063,P00671,1,train
D00599,P00044,1,train
D00314,P00922,1,train
D01204,P00067,1,train
D01224,P00124,1,train
D00942,P00245,1,train
D01426,P01037,0,train
D01328,P00448,1,train
D01088,P01315,1,train
D01477,P00155,1,train
D01791,P00810,0,train
D01512,P01833,0,train
D04280,P00001,0,train
D00111,P00169,1,train
D00511,P01873,1,train
D03362,P00763,1,train
D02447,P00887,0,train
D04182,P00369,0,train
D00508,P00504,1,train
D01300,P01016,0,train
D02098,P01971,0,train
D01143,P02151,1,train
D01169,P00336,0,train
D00300,P01560,1,train
D00514,P00056,1,train
D00971,P00049,1,train
D02156,P02003,0,train
D02033,P00896,0,train
D00823,P01184,0,train
D01084,P00974,0,train
D00900,P01931,0,train
D03424,P00154,0,train
D00999,P01223,0,train
D00485,P00981,0,train
D01504,P00557,1,train
D02004,P00022,1,train
D01428,P00175,1,train
D01218,P00115,1,train
D03834,P01024,0,train
D01318,P01057,0,train
D03802,P02063,0,train
D02982,P00493,1,train
D01788,P02055,1,train
D00853,P00273,0,train
D03695,P01663,1,train
D03672,P00181,1,train
D04281,P01473,0,train
D01066,P00124,1,train
D03915,P00023,1,train
D00870,P01140,1,train
D00192,P01163,1,train
D02857,P01026,1,train
D01081,P00814,0,train
D04282,P01868,1,train
D00608,P00905,1,train
D00830,P02171,0,train
D02406,P00314,1,train
D00229,P00345,0,train
D00591,P01016,0,train
D00695,P00243,0,train
D03650,P01749,0,train
D04283,P00169,1,train
D01755,P02065,0,train
D00987,P01730,1,train
D03115,P00206,1,train
D00508,P00155,1,train
D03500,P01163,1,train
D00999,P00056,1,train
D02948,P00537,0,train
D02344,P01941,1,train
D00498,P00181,1,train
D03563,P00130,0,train
D01514,P00984,1,train
D01404,P00124,1,train
D02559,P01658,0,train
D00395,P01194,0,train
D00286,P00485,1,train
D01573,P01084,0,train
D01852,P00557,1,train
D04246,P01204,0,train
D04008,P00160,0,train
D01813,P00503,0,train
D02709,P00078,1,train
D00920,P00124,1,train
D04167,P00158,1,train
D01592,P01485,0,train
D00334,P00124,1,train
D00468,P00263,0,train
D03292,P00654,1,train
D02141,P00809,0,train
D04284,P01359,0,train
D01430,P00078,1,train
D00944,P00681,1,train
D01144,P01939,0,train
D03273,P01432,0,train
D00377,P00334,1,train
D00686,P00044,1,train
D02254,P01856,0,train
D03665,P01780,0,train
D02570,P01155,0,train
D01856,P01677,0,train
D00881,P01200,0,train
D00495,P01087,0,train
D03784,P02145,0,train
D03416,P01853,0,train
D03505,P01746,1,train
D03381,P00116,1,train
D01006,P01519,0,train
D02649,P00695,0,train
D00057,P00169,1,train
D00602,P01435,1,train
D04035,P00502,1,train
D00433,P01024,0,train
D03269,P00054,1,train
D00153,P00105,0,train
D00136,P00557,1,train
D00241,P01922,0,train
D00079,P00172,0,train
D01507,P00681,1,train
D01537,P00078,1,train
D04010,P00183,0,train
D00762,P02172,0,train
D00303,P01592,0,train
D01982,P00443,0,train
D00103,P00980,0,train
D02068,P01368,0,train
D01914,P00259,1,train
D01170,P01884,1,train
D03220,P01156,0,train
D00616,P00809,1,train
D04124,P01591,0,train
D01240,P00323,1,train
D03411,P01074,0,train
D00208,P00324,1,train
D04285,P00373,1,train
D01130,P00750,0,train
D00022,P00996,0,train
D00041,P00604,1,train
D00305,P00135,1,train
D00452,P01141,0,train
D04021,P01321,1,train
D01799,P01107,0,train
D01422,P02171,0,train
D00512,P00506,1,train
D03369,P00564,0,train
D04095,P00302,0,train
D00603,P00319,0,train
D00982,P00752,0,train
D01554,P00279,1,train
D01612,P01742,0,train
D02289,P00708,0,train
D02217,P01408,0,train
D00847,P00553,1,train
D01452,P00124,1,train
D01455,P00912,0,train
D03526,P01184,1,train
D01297,P01492,0,train
D00313,P00124,1,train
D01507,P00146,1,train
D02310,P00151,0,train
D03653,P00866,0,train
D03248,P01664,0,train
D03314,P00475,0,train
D00702,P00049,1,train
D01132,P02156,1,train
D03731,P00523,0,train
D00670,P00146,1,train
D04054,P00760,1,train
D00691,P00506,1,train
D01988,P02104,0,train
D03650,P00056,1,train
D00022,P01140,1,train
D00629,P00848,0,train
D02140,P00124,1,train
D01989,P00363,1,train
D04059,P00885,1,train
D02842,P00743,1,train
D01177,P01208,0,train
D00319,P01776,0,train
D03923,P01983,0,train
D03953,P01688,0,train
D00860,P01315,1,train
D03216,P00945,1,train
D03595,P00911,0,train
D01164,P01619,0,train
D00416,P01653,0,train
D01724,P00203,1,train
D02650,P01579,1,train
D01395,P00124,1,train
D00139,P01498,0,train
D02243,P02091,0,train
D03504,P02108,1,train
D01352,P00324,1,train
D00523,P00124,1,train
D00334,P00944,1,train
D02780,P01250,1,train
D00828,P00258,1,train
D00211,P00271,1,train
D03554,P02038,1,train
D00521,P01588,0,train
D01341,P00577,0,train
D00059,P00527,0,train
D01226,P00832,0,train
D00221,P00170,1,train
D02633,P00142,1,train
D01871,P00347,1,train
D01882,P01162,0,train
D00341,P00063,1,train
D00233,P02105,1,train
D02507,P00679,0,train
D03977,P01808,1,train
D00014,P01834,1,train
D02754,P00448,1,train
D02457,P00794,0,train
D03256,P00105,0,train
D04092,P00273,0,train
D01571,P00843,1,train
D00042,P00049,1,train
D01163,P00854,0,train
D01017,P00124,1,train
D01914,P01057,0,train
D01527,P00363,1,train
D02954,P00295,0,train
D03512,P00124,1,train
D00255,P00161,1,train
D04286,P00865,1,train
D01195,P01814,0,train
D00294,P02125,1,train
D03993,P00258,1,train
D01382,P01903,1,train
D00544,P00191,0,train
D00869,P01089,0,train
D03287,P01250,0,train
D00860,P00819,0,train
D03292,P00330,1,train
D02933,P01775,0,train
D02453,P01432,1,train
D02795,P01023,0,train
D00031,P00124,1,train
D01099,P00745,0,train
D00763,P00111,1,train
D02845,P00882,0,train
D00695,P00009,0,train
D00391,P00040,1,train
D03662,P00623,1,train
D00901,P00492,0,train
D02998,P01663,0,train
D03971,P00771,1,train
D01353,P01712,0,train
D02947,P01090,0,train
D00192,P01175,0,train
D03082,P01975,1,train
D02516,P00461,1,train
D01036,P00133,0,train
D04217,P00152,1,train
D00019,P01416,1,train
D03646,P01096,0,train
D03572,P00234,1,train
D02649,P00169,1,train
D00496,P01025,1,train
D03063,P01432,1,train
D02158,P01013,1,train
D00455,P00131,1,train
D01915,P00528,0,train
D02888,P00482,0,train
D04130,P00124,1,train
D03830,P00171,1,train
D00401,P00352,1,train
D01220,P01560,0,train
D01663,P02065,0,train
D02250,P01463,0,train
D01856,P00944,1,train
D00341,P00558,0,train
D03078,P00078,1,train
D00668,P01467,1,train
D04197,P00181,1,train
D01896,P00978,1,train
D00045,P00084,0,train
D02398,P00610,0,train
D00504,P00063,1,train
D02722,P00065,1,train
D00620,P00167,0,train
D01430,P00326,1,train
D00151,P00871,1,train
D00751,P01820,0,train
D04287,P01981,0,train
D02865,P01703,0,train
D00463,P00674,0,train
D00917,P00579,0,train
D03879,P00207,0,train
D01940,P00576,0,train
D01495,P00596,1,train
D02888,P01814,0,train
D01582,P01475,0,train
D02527,P01942,0,train
D01938,P01095,1,train
D00400,P02050,1,train
D00240,P00502,1,train
D01988,P01233,0,train
D04288,P01058,0,train
D04173,P02099,0,train
D03737,P01594,0,train
D00965,P00940,1,train
D04274,P00949,0,train
D01144,P02126,0,train
D03933,P01113,0,train
D03443,P00325,0,train
D01498,P01158,0,train
D02760,P01923,0,train
D03510,P00499,1,train
D00164,P02121,0,train
D00994,P00155,1,train
D00852,P00448,1,train
D00826,P00911,1,train
D00249,P00022,1,train
D03376,P01759,0,train
D03600,P01797,0,train
D00285,P01209,0,train
D00166,P00008,1,train
D00165,P02013,0,train
D01422,P01966,0,train
D01239,P00557,1,train
D00014,P01066,1,train
D04044,P01841,1,train
D04289,P02150,1,train
D03576,P01697,1,train
D00909,P00452,1,train
D00092,P00198,1,train
D00508,P01759,1,train
D01230,P00056,1,train
D04290,P00424,1,train
D00779,P01263,0,train
D01591,P00488,1,train
D01161,P00155,1,train
D01693,P00258,1,train
D00208,P00260,1,train
D03281,P00604,1,train
D01346,P00741,1,train
D00769,P00220,1,train
D00355,P00182,1,train
D01167,P02009,1,train
D02274,P00022,1,train
D01733,P01321,1,train
D00317,P00622,1,train
D04059,P01237,0,train
D02133,P00382,1,train
D02914,P00839,1,train
D01362,P00049,1,train
D01224,P00591,0,train
D01237,P00363,1,train
D00650,P00363,1,train
D04291,P01377,1,train
D00412,P01866,1,train
D00178,P00092,1,train
D03854,P00623,1,train
D01071,P02050,0,train
D01342,P00673,0,train
D01940,P00654,0,train
D02750,P00012,1,train
D03960,P01954,0,train
D03592,P00707,0,train
D00039,P00016,1,train
D03106,P00868,0,train
D03830,P00232,0,train
D00500,P00848,0,train
D00824,P00316,1,train
D02993,P00314,1,train
D01907,P02035,0,train
D03953,P01235,0,train
D00057,P00049,1,train
D01616,P00579,1,train
D02747,P00229,1,train
D01360,P00047,0,train
D01036,P00044,1,train
D03682,P00637,0,train
D03587,P00152,1,train
D04292,P01056,1,train
D04268,P01273,1,train
D03784,P00534,0,train
D02984,P01969,0,train
D04293,P00465,0,train
D01319,P01540,0,train
D00207,P01614,1,train
D01022,P00223,1,train
D00945,P01265,0,train
D00751,P00379,1,train
D01714,P01996,1,train
D02330,P01665,1,train
D00653,P01751,0,train
D01818,P01643,0,train
D03288,P00304,1,train
D03151,P01483,0,train
D02992,P00169,1,train
D02441,P01682,0,train
D01621,P00049,1,train
D01879,P00269,0,train
D03842,P01361,0,train
D00598,P00135,1,train
D00052,P00169,1,train
D04294,P00424,1,train
D02839,P02106,0,train
D00500,P00124,1,train
D04295,P01012,0,train
D03382,P00426,0,train
D01455,P00115,1,train
D01022,P02147,1,train
D03271,P01257,1,train
D04296,P01758,0,train
D02312,P01159,0,train
D00608,P00363,1,train
D03153,P01849,1,train
D04135,P00481,0,train
D04099,P01540,0,train
D03810,P00072,1,train
D03056,P00198,1,train
D00412,P01149,1,train
D01614,P00157,1,train
D00247,P00509,1,train
D03068,P00232,1,train
D03029,P00677,0,train
D01385,P01133,0,train
D03938,P01609,0,train
D03421,P00793,0,train
D03148,P01123,0,train
D02102,P00189,1,train
D02075,P01595,1,train
D03876,P00334,1,train
D00442,P00032,0,train
D00836,P00262,0,train
D00364,P01085,0,train
D00511,P01136,1,train
D01472,P02056,1,train
D00078,P00173,1,train
D02100,P00735,1,train
D00313,P00327,1,train
D02851,P01399,0,train
D04175,P00056,1,train
D02729,P00438,0,train
D00787,P01522,1,train
D03417,P00012,1,train
D00662,P01347,0,train
D01715,P00885,0,train
D02955,P01099,0,train
D01844,P01889,0,train
D01540,P02122,0,train
D01643,P01051,0,train
D00763,P00925,0,train
D00667,P00986,0,train
D02852,P00348,1,train
D00074,P00065,1,train
D03501,P00623,1,train
D03696,P00121,0,train
D02627,P00301,0,train
D02442,P01326,1,train
D00300,P01776,1,train
D01659,P01247,0,train
D02600,P00056,1,train
D03310,P00104,1,train
D01677,P00172,0,train
D03056,P00170,1,train
D02530,P00056,1,train
D01272,P01865,0,train
D03192,P00839,0,train
D04108,P01185,0,train
D03395,P00155,0,train
D04208,P00831,1,train
D02105,P01689,0,train
D00634,P00072,1,train
D02240,P00840,1,train
D01119,P01994,0,train
D01713,P00509,1,train
D01454,P01671,0,train
D02716,P00480,0,train
D00374,P01027,0,train
D03555,P00124,1,train
D04297,P00671,1,train
D00023,P00056,1,train
D03074,P00378,1,train
D00708,P01746,0,train
D04154,P00837,1,train
D01945,P00970,0,train
D00539,P00973,1,train
D03419,P01087,1,train
D03329,P01701,0,train
D00107,P01685,1,train
D01430,P00919,1,train
D04298,P00954,0,train
D02814,P01976,0,train
D01326,P00505,0,train
D02660,P01274,0,train
D00505,P00130,1,train
D03520,P00407,0,train
D01353,P00748,1,train
D02091,P01714,0,train
D00892,P00234,1,train
D04070,P01831,0,train
D03738,P01950,0,train
D00512,P00124,1,train
D00630,P00851,0,train
D02739,P00169,1,train
D00120,P01080,1,train
D00512,P00269,1,train
D00237,P01193,0,train
D01190,P01294,0,train
D03632,P00837,0,train
D03241,P02171,0,train
D01167,P01656,0,train
D01484,P00056,1,train
D03592,P01622,0,train
D01864,P02022,0,train
D02278,P00152,1,train
D00370,P00448,1,train
D03001,P01857,0,train
D01711,P01551,0,train
D00880,P01914,1,train
D03636,P00142,1,train
D02140,P00461,1,train
D00726,P00169,1,train
D01897,P00939,1,train
D01177,P00539,1,train
D02100,P02100,1,train
D00750,P01430,0,train
D03990,P00026,0,train
D01445,P02074,0,train
D01178,P00155,1,train
D03571,P02050,1,train
D02452,P01104,0,train
D01706,P00042,1,train
D02310,P00189,1,train
D04253,P00040,1,train
D00615,P00065,1,train
D04073,P01795,0,train
D03671,P00528,1,train
D01553,P01567,0,train
D03813,P01794,0,train
D01992,P00531,0,train
D00691,P00356,1,train
D02904,P02083,0,train
D00249,P00124,1,train
D01139,P01375,0,train
D04299,P01889,1,train
D00928,P00179,0,train
D00134,P01974,0,train
D04300,P00370,1,train
D00408,P00309,0,train
D00892,P00208,1,train
D00591,P00809,1,train
D03150,P02090,0,train
D03226,P00971,1,train
D00973,P00991,1,train
D01100,P00336,0,train
D01888,P00021,0,train
D01735,P00771,0,train
D03474,P02050,0,train
D00942,P00730,0,train
D03732,P00054,1,train
D01766,P00420,1,train
D01849,P01665,1,train
D02868,P00630,0,train
D03462,P00171,1,train
D00164,P00582,1,train
D03817,P00538,0,train
D02273,P00098,0,train
D00005,P00051,0,train
D03165,P00185,0,train
D01527,P00809,1,train
D01921,P01102,0,train
D01582,P00078,1,train
D02217,P01373,1,train
D02281,P01791,0,train
D02431,P01055,1,train
D04301,P00980,0,train
D00255,P00871,1,train
D00118,P00294,0,train
D00474,P00227,1,train
D01774,P00541,1,train
D01897,P00281,1,train
D00022,P01330,0,train
D00355,P00124,1,train
D00880,P00040,1,train
D04266,P01962,1,train
D03690,P01683,0,train
D04216,P01056,1,train
D02283,P01748,0,train
D02937,P00085,1,train
D04062,P01643,0,train
D00732,P00312,1,train
D02838,P00900,1,train
D00327,P00375,1,train
D04121,P00139,0,train
D01605,P00170,1,train
D00276,P00269,1,train
D02004,P01427,1,train
D04108,P00375,1,train
D00508,P00338,1,train
D00019,P00322,1,train
D00429,P02053,0,train
D02093,P02087,0,train
D02696,P02171,0,train
D02366,P00323,0,train
D01533,P00128,1,train
D01750,P00130,1,train
D01098,P01749,1,train
D01697,P00217,0,train
D00265,P00544,1,train
D02336,P00279,1,train
D02424,P01082,0,train
D00102,P00477,0,train
D03881,P01880,1,train
D03059,P00231,0,train
D01617,P02097,0,train
D03680,P00067,0,train
D02565,P01432,0,train
D00154,P01675,1,train
D00464,P00124,1,train
D03850,P00351,1,train
D00397,P01602,0,train
D00795,P01559,1,train
D02548,P00870,0,train
D03355,P00479,1,train
D03875,P01285,1,train
D02565,P01178,1,train
D02500,P01619,0,train
D04302,P00505,0,train
D02005,P01079,0,train
D02720,P01497,0,train
D02793,P01128,0,train
D04303,P01244,1,train
D02321,P01303,0,train
D02167,P00044,1,train
D00071,P01880,0,train
D02284,P00054,1,train
D00467,P02036,0,train
D03032,P00425,1,train
D02559,P00311,1,train
D01700,P01006,1,train
D03634,P00582,1,train
D01925,P01481,1,train
D03453,P02092,0,train
D03735,P01628,0,train
D04304,P00998,0,train
D00145,P01028,1,train
D02344,P00159,0,train
D04305,P00171,1,train
D02600,P00044,1,train
D00677,P00967,0,train
D00546,P01405,0,train
D00210,P02073,0,train
D04177,P00258,1,train
D03658,P00049,1,train
D03791,P01596,0,train
D00225,P01314,0,train
D03441,P00124,1,train
D02880,P01474,1,train
D03340,P01262,1,train
D00457,P00995,0,train
D01293,P01500,0,train
D00720,P01803,0,train
D00508,P02049,1,train
D04306,P01522,0,train
D03982,P01886,1,train
D00455,P00375,1,train
D02343,P00259,1,train
D04307,P01164,1,train
D00869,P00044,1,train
D03055,P00338,1,train
D04308,P00782,1,train
D01353,P00124,1,train
D04086,P00162,0,train
D02013,P01953,0,train
D04309,P01382,0,train
D02585,P01785,0,train
D00726,P00373,1,train
D01683,P01183,0,train
D04310,P01451,0,train
D00920,P00461,1,train
D03649,P01157,0,train
D00376,P00058,0,train
D01760,P01750,0,train
D02178,P00259,1,train
D00117,P00078,1,train
D02909,P00220,0,train
D01578,P01862,1,train
D03610,P02033,0,train
D00615,P01006,1,train
D01280,P00745,1,train
D03259,P00961,0,train
D01029,P00323,1,train
D02257,P01396,0,train
D01822,P00049,1,train
D00412,P01261,1,train
D02137,P02145,1,train
D00313,P01713,1,train
D00725,P00054,1,train
D01555,P00124,1,train
D03179,P00322,0,train
D01095,P01564,0,train
D03074,P01669,1,train
D04311,P00887,1,train
D01799,P01204,1,train
D01556,P01848,0,train
D00622,P01297,0,train
D01813,P01789,0,train
D00014,P01054,1,train
D03501,P01925,0,train
D02453,P00674,0,train
D00016,P00056,1,train
D02488,P02120,1,train
D03183,P00381,0,train
D02623,P00189,1,train
D00920,P00063,1,train
D04156,P01962,0,train
D01962,P00769,0,train
D01037,P00663,1,train
D01087,P01097,1,train
D00642,P00661,1,train
D01786,P00265,1,train
D02559,P00564,1,train
D00015,P01179,0,train
D00339,P00044,1,train
D02941,P00507,0,train
D03116,P01670,0,train
D00909,P01215,1,train
D03628,P00017,1,train
D02936,P02170,0,train
D00416,P00448,1,train
D03689,P01303,0,train
D02606,P01180,1,train
D04312,P00539,0,train
D00512,P01604,0,train
D03450,P00329,1,train
D03365,P01011,0,train
D00486,P00668,0,train
D04313,P00099,0,train
D03681,P02167,0,train
D02981,P00403,1,train
D01497,P00433,1,train
D03897,P01973,0,train
D00141,P00170,1,train
D04314,P02044,0,train
D01800,P00447,0,train
D01692,P00155,1,train
D04315,P02173,0,train
D00331,P00368,0,train
D00864,P00377,1,train
D04120,P01839,0,train
D03885,P01365,0,train
D03806,P00370,1,train
D03787,P01081,0,train
D01671,P01713,1,train
D03454,P01132,0,train
D00208,P01076,1,train
D00019,P00418,0,train
D02028,P00052,1,train
D01927,P00012,1,train
D03588,P00795,0,train
D00575,P00884,0,train
D03650,P00502,1,train
D00466,P00389,1,train
D00921,P00078,1,train
D01127,P01444,0,train
D03992,P00787,0,train
D02822,P00380,1,train
D02104,P00880,0,train
D03323,P00663,1,train
D04220,P00611,0,train
D00047,P02110,0,train
D01327,P01661,1,train
D00318,P00604,1,train
D03349,P00954,0,train
D02129,P01107,0,train
D00123,P00003,1,train
D03644,P00258,1,train
D00476,P00349,0,train
D00769,P00809,1,train
D00103,P00820,1,train
D00204,P00115,1,train
D03024,P01389,0,train
D00607,P00131,1,train
D01290,P00654,1,train
D01147,P00309,1,train
D00315,P01564,0,train
D03729,P00065,1,train
D03223,P00033,0,train
D02876,P01387,0,train
D03554,P02098,0,train
D02300,P00737,1,train
D01580,P01093,1,train
D00852,P01774,0,train
D03313,P00124,1,train
D01186,P00945,1,train
D03789,P01419,0,train
D00051,P00934,1,train
D01880,P00448,1,train
D00191,P00509,1,train
D03137,P00056,0,train
D01100,P00287,1,train
D02296,P00279,1,train
D04316,P00747,0,train
D00563,P00960,0,train
D04317,P00427,0,train
D03670,P00056,1,train
D00544,P00044,1,train
D00760,P01335,0,train
D03579,P00663,1,train
D02683,P01385,0,train
D00826,P01254,0,train
D03204,P00503,0,train
D02254,P00392,0,train
D02018,P00541,1,train
D03247,P00056,1,train
D01686,P00161,1,train
D00409,P00455,0,train
D00133,P00056,1,train
D01806,P01028,1,train
D00847,P01089,0,train
D02284,P00609,0,train
D03137,P00142,1,train
D01864,P00869,0,train
D02942,P00359,0,train
D01799,P00693,1,train
D00290,P01074,0,train
D00276,P00227,1,train
D01401,P00502,1,train
D04074,P00111,1,train
D03459,P00321,0,train
D02810,P00897,0,train
D00649,P01320,0,train
D04104,P00150,0,train
D02885,P00236,0,train
D00746,P00229,1,train
D01945,P01863,0,train
D03263,P00887,0,train
D02167,P00198,1,train
D03194,P01522,0,train
D01182,P01890,0,train
D00014,P00669,1,train
D02146,P01399,1,train
D00772,P00294,1,train
D00732,P00377,1,train
D01294,P00964,0,train
D01473,P01635,1,train
D03351,P00205,0,train
D01118,P01163,1,train
D03389,P01478,1,train
D00480,P01321,1,train
D00415,P02073,0,train
D01969,P01675,0,train
D00342,P01971,0,train
D01401,P00203,1,train
D02743,P00930,0,train
D00567,P01853,0,train
D01403,P00939,0,train
D00115,P00130,1,train
D01219,P01870,0,train
D03804,P00176,0,train
D00057,P01081,1,train
D03606,P00098,0,train
D01103,P00219,0,train
D01079,P00010,1,train
D00893,P00729,1,train
D00474,P00377,1,train
D04045,P02080,0,train
D03231,P01630,1,train
D03819,P02084,0,train
D00950,P00501,0,train
D01848,P00839,0,train
D00530,P00604,1,train
D03514,P00832,0,train
D04318,P00358,1,train
D04089,P00083,1,train
D00166,P00356,1,train
D03334,P00730,0,train
D03697,P00502,1,train
D00162,P00220,1,train
D00964,P00971,1,train
D00131,P01358,0,train
D00120,P00314,1,train
D02440,P00932,0,train
D03406,P00155,1,train
D03485,P00054,1,train
D02666,P00604,1,train
D01220,P00124,1,train
D04319,P00175,0,train
D00105,P01542,1,train
D01909,P00382,1,train
D01914,P00267,0,train
D03356,P01446,0,train
D03567,P00848,0,train
D00467,P00572,1,train
D01007,P00962,0,train
D02292,P00351,0,train
D00430,P00181,0,train
D01404,P00351,1,train
D04214,P01897,0,train
D00051,P01925,1,train
D04178,P00823,0,train
D01861,P00056,1,train
D00745,P00385,0,train
D03738,P00997,0,train
D00424,P00351,0,train
D01799,P00440,1,train
D04074,P00254,0,train
D04202,P01795,1,train
D02595,P01304,0,train
D02179,P01041,1,train
D00488,P01315,1,train
D03469,P01820,0,train
D03026,P01575,0,train
D00143,P00276,0,train
D03759,P00475,0,train
D00228,P00369,1,train
D00818,P00044,1,train
D02672,P01887,0,train
D00589,P01961,0,train
D02442,P01907,0,train
D01108,P01292,1,train
D04320,P00506,0,train
D01302,P00471,0,train
D02754,P00169,1,train
D01451,P00510,0,train
D02594,P01132,0,train
D00705,P00788,1,train
D00490,P00112,1,train
D01716,P02084,0,train
D04069,P00397,0,train
D03652,P01820,0,train
D01672,P00124,1,train
D00998,P00181,1,train
D03346,P00062,1,train
D00567,P01833,1,train
D01112,P00262,1,train
D02461,P00004,0,train
D01621,P00323,1,train
D04275,P00499,1,train
D02239,P02110,0,train
D00420,P01474,1,train
D03771,P00733,0,train
D00984,P00392,0,train
D00339,P01756,0,train
D02202,P01961,0,train
D00039,P00134,1,train
D04251,P00418,1,train
D03409,P01591,1,train
D02694,P00501,1,train
D01192,P02094,0,train
D02388,P00107,1,train
D02547,P00124,1,train
D00308,P00627,0,train
D03432,P00470,1,train
D01243,P00449,1,train
D02477,P00106,0,train
D00051,P00657,1,train
D01599,P00316,0,train
D01029,P00078,1,train
D00261,P00596,1,train
D00525,P00203,1,train
D00705,P00328,1,train
D04321,P00520,0,train
D00151,P00975,1,train
D01520,P00389,0,train
D03280,P00359,1,train
D03257,P00846,0,train
D00932,P01881,0,train
D03751,P00493,1,train
D00315,P01492,0,train
D03670,P01707,0,train
D01290,P00449,1,train
D02391,P00407,0,train
D01077,P00179,1,train
D03107,P00329,0,train
D00987,P01880,1,train
D04316,P00195,1,train
D02710,P01963,0,train
D00563,P00730,1,train
D02264,P01488,1,train
D04322,P00418,1,train
D00049,P00782,1,train
D00179,P00377,1,train
D00116,P00044,1,train
D04020,P01823,0,train
D02640,P01868,0,train
D00768,P01320,0,train
D00173,P00155,1,train
D00151,P00135,1,train
D03809,P00868,0,train
D01595,P01292,0,train
D02927,P00717,0,train
D00138,P00363,1,train
D00384,P00078,1,train
D03021,P00307,0,train
D03842,P01996,1,train
D00505,P00208,1,train
D01538,P00681,1,train
D02557,P00973,0,train
D03208,P00182,0,train
D00416,P00428,0,train
D03944,P00817,0,train
D00216,P00072,1,train
D04258,P00040,1,train
D02948,P00454,1,train
D00014,P01096,1,train
D00174,P00472,1,train
D03276,P00382,0,train
D04231,P01716,0,train
D01956,P00309,1,train
D01087,P01374,1,train
D01296,P00850,0,train
D01668,P01356,0,train
D00370,P00169,1,train
D04271,P00258,1,train
D00718,P00454,1,train
D04127,P00548,1,train
D01099,P01513,0,train
D03331,P00650,1,train
D03297,P00058,0,train
D03395,P00056,0,train
D03620,P00240,0,train
D01068,P00044,1,train
D00644,P01080,1,train
D02729,P00081,0,train
D01164,P01447,0,train
D02240,P01250,1,train
D01590,P00740,0,train
D02485,P00373,1,train
D01743,P01305,0,train
D03381,P01720,0,train
D01845,P00341,0,train
D00099,P01392,0,train
D01534,P01299,0,train
D00668,P01274,1,train
D01794,P00395,0,train
D03918,P00998,1,train
D01417,P00448,1,train
D00497,P01644,0,train
D00310,P00155,1,train
D02826,P00115,1,train
D00991,P00736,1,train
D01830,P00356,1,train
D01058,P00552,1,train
D03512,P00049,1,train
D00349,P00847,1,train
D02789,P01663,0,train
D00213,P01688,0,train
D00167,P00156,1,train
D01135,P00128,0,train
D01249,P00169,1,train
D00893,P00021,1,train
D02774,P01185,0,train
D03738,P00044,0,train
D01893,P01770,0,train
D03410,P00183,1,train
D04240,P00968,0,train
D02840,P01375,1,train
D00364,P00853,1,train
D02640,P00281,1,train
D04323,P00927,0,train
D00221,P00124,1,train
D00385,P00180,1,train
D03310,P00509,1,train
D04324,P00914,0,train
D01776,P00307,0,train
D02559,P00306,1,train
D02237,P00123,0,train
D01174,P00273,1,train
D00570,P01385,0,train
D02713,P01574,1,train
D03241,P00086,0,train
D01299,P00433,0,train
D04325,P01820,1,train
D03908,P00054,1,train
D02524,P01514,0,train
D04207,P00617,0,train
D00305,P01076,1,train
D02123,P00117,0,train
D00261,P01602,0,train
D03604,P00029,1,train
D00991,P02099,1,train
D03661,P00996,0,train
D02673,P01717,0,train
D01816,P00865,1,train
D02932,P01315,1,train
D03990,P01189,0,train
D04176,P00124,1,train
D01813,P00124,1,train
D01979,P01976,0,train
D00524,P00833,1,train
D00596,P00056,1,train
D01820,P00535,0,train
D02077,P00012,1,train
D02748,P01347,0,train
D02155,P00028,0,train
D00549,P00273,0,train
D00174,P00509,1,train
D01814,P01125,0,train
D00455,P00557,1,train
D00236,P00197,1,train
D00598,P00871,1,train
D01994,P00955,1,train
D00731,P00851,1,train
D02052,P01932,0,train
D01984,P00049,1,train
D02116,P00794,0,train
D01282,P00385,1,train
D01033,P00056,1,train
D02012,P00291,0,train
D00603,P01741,0,train
D02115,P00714,0,train
D01541,P01639,0,train
D01268,P00142,1,train
D01035,P01436,0,train
D04009,P00707,0,train
D01973,P01336,0,train
D00935,P00634,1,train
D04104,P00876,0,train
D02449,P00789,0,train
D02303,P00418,0,train
D00051,P01498,1,train
D02155,P01636,0,train
D02702,P01321,1,train
D04059,P02036,0,train
D04057,P01768,0,train
D00968,P00220,1,train
D01462,P00463,0,train
D04326,P00378,1,train
D03042,P00987,0,train
D01526,P00417,0,train
D00748,P00601,0,train
D03638,P00031,0,train
D01194,P00169,1,train
D04223,P01089,0,train
D00456,P00169,1,train
D02622,P01174,0,train
D00215,P01190,0,train
D03461,P00049,1,train
D01413,P01639,0,train
D01161,P02158,0,train
D00658,P00172,0,train
D02449,P01565,0,train
D04327,P00982,0,train
D02412,P00012,1,train
D04222,P00142,1,train
D02901,P02097,0,train
D04328,P00022,1,train
D03638,P00250,0,train
D03412,P00169,0,train
D01885,P00363,1,train
D02635,P01690,0,train
D02638,P01675,1,train
D01636,P00004,0,train
D00805,P00567,0,train
D04329,P01250,1,train
D03617,P00374,0,train
D02632,P01528,0,train
D04093,P01997,0,train
D04330,P00483,1,train
D00395,P00517,0,train
D01107,P02031,1,train
D00110,P01215,1,train
D04323,P00477,0,train
D02382,P00040,1,train
D01044,P00387,0,train
D04167,P01462,0,train
D03217,P00502,1,train
D03590,P01166,0,train
D02175,P00463,1,train
D03511,P01784,0,train
D03818,P01232,0,train
D01402,P00441,0,train
D00274,P01637,0,train
D00305,P00454,1,train
D01994,P01230,1,train
D02441,P00022,1,train
D00742,P00648,0,train
D00659,P00601,1,train
D01362,P00197,1,train
D04068,P01575,0,train
D04112,P01232,0,train
D03445,P01657,0,train
D03861,P01398,0,train
D00256,P01087,1,train
D03466,P00348,1,train
D03471,P00124,1,train
D01815,P00197,1,train
D00017,P01548,0,train
D01194,P00012,1,train
D01486,P00156,1,train
D01845,P01617,0,train
D00947,P00472,0,train
D03960,P00189,0,train
D02906,P00158,0,train
D02650,P00039,0,train
D00861,P00370,1,train
D01584,P00169,1,train
D03058,P00485,1,train
D00324,P01737,0,train
D03571,P02130,0,train
D03232,P00151,0,train
D00221,P00448,1,train
D01481,P01409,0,train
D01636,P00469,1,train
D02191,P02053,0,train
D04331,P00579,1,train
D00797,P00634,0,train
D00588,P00155,1,train
D00396,P00825,0,train
D00545,P00882,1,train
D00014,P01061,1,train
D02969,P00703,0,train
D00746,P02049,0,train
D01470,P00922,0,train
D01211,P00051,1,train
D00756,P00645,0,train
D01481,P00641,0,train
D01540,P00312,0,train
D04332,P00623,1,train
D01062,P00397,0,train
D02635,P01729,0,train
D03590,P00597,0,train
D04121,P00783,0,train
D00636,P01020,0,train
D04333,P01362,0,train
D01381,P00322,0,train
D00101,P00502,1,train
D01871,P00232,1,train
D03017,P00049,1,train
D00992,P01064,0,train
D03623,P00653,1,train
D02897,P01442,0,train
D02777,P00115,1,train
D04079,P00145,0,train
D02387,P01264,1,train
D00608,P00042,1,train
D00529,P02032,1,train
D04049,P00579,1,train
D02542,P00044,1,train
D04334,P01539,0,train
D00451,P00056,1,train
D02077,P00169,1,train
D00338,P01648,0,train
D03670,P00124,1,train
D02053,P01260,1,train
D00259,P01390,0,train
D04117,P00142,1,train
D04335,P01722,0,train
D04076,P00831,1,train
D02620,P01580,1,train
D01618,P00720,0,train
D01690,P01348,0,train
D00092,P00203,1,train
D00994,P01655,1,train
D00994,P02041,1,train
D00105,P00599,1,train
D01503,P01681,1,train
D03435,P00971,0,train
D03383,P00022,1,train
D00852,P00169,1,train
D03051,P00506,0,train
D00614,P01334,1,train
D00416,P00203,1,train
D03855,P01006,1,train
D02963,P00378,1,train
D00605,P01766,0,train
D01144,P01885,0,train
D04233,P01249,1,train
D00644,P00969,0,train
D02908,P01653,0,train
D03949,P00370,1,train
D00279,P00485,1,train
D00610,P02113,0,train
D02951,P01454,0,train
D00460,P00264,1,train
D02673,P00063,1,train
D02365,P00115,1,train
D01602,P01165,0,train
D03982,P00352,0,train
D03585,P01163,1,train
D00057,P00326,1,train
D02986,P01373,1,train
D02467,P00203,1,train
D01933,P00130,1,train
D01589,P00378,1,train
D00052,P01408,0,train
D00529,P00805,1,train
D00388,P00468,0,train
D01974,P00199,0,train
D00455,P00056,1,train
D00850,P00669,1,train
D04230,P01331,0,train
D00043,P00220,1,train
D00371,P00401,1,train
D00947,P00044,1,train
D03026,P00828,0,train
D00802,P00351,1,train
D02300,P00429,0,train
D03816,P00467,0,train
D00361,P01473,0,train
D01854,P00964,0,train
D01042,P00156,1,train
D01039,P00701,1,train
D01422,P00316,1,train
D03870,P01821,0,train
D00735,P00156,0,train
D02188,P00908,0,train
D00044,P01185,0,train
D00283,P00414,1,train
D02034,P00370,1,train
D00920,P01605,0,train
D04111,P01886,0,train
D00397,P00812,0,train
D02265,P00009,0,train
D02365,P00963,0,train
D00611,P00124,1,train
D04336,P01303,0,train
D00848,P00044,1,train
D00364,P00044,1,train
D00364,P00943,1,train
D03746,P00701,1,train
D01068,P01622,1,train
D00041,P00169,1,train
D00425,P00294,1,train
D00432,P00385,1,train
D00659,P00072,1,train
D03850,P01833,0,train
D00925,P00197,1,train
D01377,P00155,1,train
D01300,P00848,1,train
D03998,P01947,0,train
D00959,P00621,1,train
D01310,P00701,1,train
D03983,P01678,0,train
D00412,P01080,1,train
D02596,P00230,1,train
D02680,P00249,1,train
D02634,P02105,1,train
D04337,P01856,0,train
D01009,P00898,1,train
D03745,P01024,1,train
D02177,P00165,1,train
D00789,P01214,0,train
D00079,P00124,1,train
D01151,P00289,1,train
D01766,P00081,0,train
D01641,P00240,0,train
D01114,P00673,1,train
D03010,P00708,1,train
D03348,P00944,1,train
D01624,P01869,0,train
D01644,P02150,0,train
D02821,P01721,0,train
D00249,P00837,1,train
D04141,P00775,0,train
D01781,P00155,1,train
D02472,P00534,1,train
D01692,P00012,1,train
D00761,P00056,1,train
D01327,P00357,1,train
D03704,P01304,0,train
D01633,P01260,0,train
D00014,P01607,1,train
D02389,P00452,0,train
D00690,P00193,0,train
D00486,P00785,0,train
D04188,P01656,0,train
D00476,P02004,0,train
D00514,P00130,1,train
D02681,P00588,1,train
D04282,P01379,0,train
D03969,P00627,0,train
D02344,P00571,1,train
D02528,P01467,1,train
D03349,P01653,0,train
D00434,P00057,1,train
D01328,P01210,0,train
D00112,P01734,0,train
D00323,P00578,0,train
D01029,P00448,1,train
D02629,P00711,0,train
D00902,P00204,1,train
D02344,P01806,1,train
D01098,P01920,1,train
D01235,P01184,1,train
D01017,P00055,1,train
D02536,P01999,0,train
D02662,P00248,0,train
D00224,P00071,0,train
D01362,P00328,1,train
D04051,P01492,0,train
D00547,P01857,0,train
D01177,P01681,0,train
D00291,P00124,1,train
D01484,P00169,1,train
D00074,P00481,1,train
D03085,P00351,1,train
D02358,P00403,0,train
D00185,P00497,0,train
D01872,P00019,0,train
D04338,P00053,0,train
D00997,P00370,1,train
D00057,P00124,1,train
D04272,P01501,0,train
D04339,P00554,1,train
D01182,P01076,1,train
D01803,P00724,0,train
D02872,P01091,0,train
D03248,P02148,0,train
D00665,P01016,0,train
D02802,P02121,0,train
D00328,P01304,0,train
D01334,P00539,1,train
D04108,P00401,1,train
D00745,P00588,0,train
D00314,P01431,1,train
D03858,P01187,0,train
D03520,P00235,0,train
D00555,P00142,1,train
D01290,P00738,1,train
D02532,P01704,0,train
D04009,P01812,0,train
D00332,P00170,1,train
D01953,P00565,0,train
D00014,P01123,1,train
D04340,P00939,1,train
D01660,P00401,1,train
D00671,P00485,0,train
D02468,P00510,0,train
D02907,P00156,1,train
D01018,P00049,1,train
D04341,P01114,0,train
D04342,P01565,0,train
D00374,P00654,1,train
D03522,P00049,1,train
D04244,P00085,1,train
D03982,P00525,0,train
D02119,P00969,0,train
D01759,P01519,1,train
D03474,P00449,1,train
D04323,P00378,1,train
D03955,P00769,1,train
D01851,P00155,1,train
D01951,P02044,1,train
D00944,P01241,1,train
D01611,P00581,0,train
D00162,P00642,1,train
D01848,P00509,1,train
D01759,P00400,0,train
D03843,P01243,0,train
D01845,P00418,0,train
D03919,P00040,1,train
D00793,P00054,1,train
D00738,P01824,1,train
D01869,P00698,0,train
D01636,P02109,1,train
D02113,P01033,0,train
D00680,P01389,1,train
D02158,P00322,0,train
D04343,P00511,0,train
D03506,P00054,1,train
D01718,P00587,0,train
D00499,P00324,1,train
D01504,P00156,1,train
D01079,P01747,1,train
D00791,P00166,1,train
D00892,P01149,1,train
D00012,P00851,0,train
D02331,P01392,1,train
D03286,P00554,1,train
D03090,P00056,1,train
D01098,P00117,1,train
D03049,P01721,0,train
D04096,P01699,0,train
D00057,P01451,0,train
D03381,P00746,0,train
D03296,P00487,1,train
D00935,P00707,1,train
D04196,P01013,0,train
D02074,P02063,0,train
D00742,P01406,0,train
D00991,P01479,1,train
D01376,P00596,1,train
D02777,P01699,0,train
D00713,P00950,0,train
D03994,P01313,0,train
D01648,P01806,0,train
D01209,P01171,0,train
D02557,P00659,0,train
D03414,P00864,0,train
D02192,P00484,1,train
D02021,P01609,0,train
D02663,P00048,0,train
D00968,P00177,0,train
D02777,P01614,1,train
D00540,P00686,1,train
D04115,P00229,1,train
D02053,P01184,1,train
D03099,P02100,0,train
D00031,P00158,0,train
D01616,P02135,0,train
D01605,P02023,0,train
D02032,P00341,1,train
D00882,P00654,1,train
D03694,P00602,0,train
D01445,P00016,0,train
D01514,P01318,1,train
D00731,P01932,1,train
D02046,P00611,0,train
D01759,P00044,1,train
D04071,P00137,0,train
D03119,P00189,1,train
D01278,P00569,0,train
D04231,P00152,1,train
D02407,P01560,0,train
D01092,P01262,1,train
D03953,P01493,0,train
D01994,P01012,0,train
D00928,P00499,1,train
D00232,P01967,0,train
D00737,P00067,1,train
D00247,P01113,1,train
D03108,P01136,0,train
D02694,P00779,1,train
D00385,P02055,1,train
D02278,P00992,0,train
D03023,P01615,0,train
D01264,P00898,1,train
D03437,P01886,0,train
D04344,P00380,0,train
D01695,P01135,0,train
D00535,P00497,0,train
D00393,P00800,0,train
D03279,P00761,0,train
D02765,P01948,0,train
D03547,P01553,0,train
D01118,P00427,0,train
D03085,P01926,0,train
D00885,P00347,0,train
D02646,P00508,0,train
D03024,P00737,1,train
D01143,P00331,0,train
D03461,P01544,0,train
D01699,P02036,0,train
D00455,P00124,1,train
D00138,P01148,1,train
D00724,P00758,0,train
D00145,P01971,1,train
D04061,P01394,0,train
D04345,P01996,1,train
D00971,P00169,1,train
D02118,P01838,0,train
D01089,P00876,0,train
D02327,P00122,0,train
D00670,P01124,0,train
D04346,P01587,0,train
D00036,P01929,0,train
D01353,P00056,1,train
D02668,P00630,0,train
D03509,P01445,0,train
D00921,P00155,1,train
D03697,P00039,0,train
D01433,P00779,0,train
D01187,P00541,0,train
D02023,P01097,1,train
D00008,P00363,1,train
D03114,P01981,1,train
D01961,P00098,0,train
D01894,P01553,0,train
D00679,P00124,1,train
D02624,P02050,1,train
D01576,P00384,0,train
D01554,P00170,1,train
D00466,P00056,1,train
D02319,P01880,1,train
D01216,P01882,0,train
D03295,P00012,1,train
D03248,P00484,0,train
D03928,P01374,1,train
D03353,P01401,0,train
D00854,P01477,1,train
D00466,P00124,1,train
D04156,P01827,0,train
D02754,P00044,1,train
D00674,P00914,1,train
D01392,P00466,0,train
D00632,P01334,0,train
D04132,P00729,0,train
D04347,P02138,0,train
D01117,P00373,1,train
D00395,P01506,0,train
D02344,P00873,1,train
D00740,P02136,0,train
D04348,P00035,0,train
D00729,P01241,1,train
D03936,P00007,1,train
D03858,P01713,0,train
D03264,P01379,0,train
D01554,P01869,0,train
D02063,P00171,1,train
D01047,P01140,1,train
D03996,P01403,1,train
D01461,P01316,0,train
D04349,P00171,1,train
D02625,P01006,0,train
D02824,P00969,1,train
D02577,P00995,1,train
D00507,P00474,0,train
D04196,P00334,0,train
D03606,P01427,0,train
D01576,P01712,0,train
D02234,P00552,1,train
D01850,P00525,0,train
D00300,P00525,1,train
D02254,P00941,0,train
D03909,P02117,1,train
D01831,P01947,0,train
D02203,P00382,1,train
D01681,P01533,0,train
D03964,P02070,0,train
D02310,P00488,1,train
D00729,P00153,1,train
D02054,P00493,1,train
D00235,P01630,1,train
D02513,P00608,0,train
D02633,P01411,0,train
D02733,P00690,0,train
D01228,P01579,0,train
D01815,P00381,0,train
D03768,P00073,1,train
D00329,P00448,1,train
D04018,P00871,0,train
D02189,P01713,0,train
D03785,P01269,0,train
D00902,P01067,0,train
D01906,P00293,1,train
D03299,P00169,1,train
D00393,P00669,0,train
D02370,P02039,0,train
D00328,P00416,0,train
D02175,P00220,1,train
D02597,P01930,0,train
D00615,P00012,1,train
D01174,P00720,0,train
D02900,P01355,0,train
D01531,P00373,0,train
D02469,P01730,0,train
D04086,P02165,0,train
D00975,P01033,0,train
D02571,P00056,1,train
D00451,P00092,1,train
D00318,P00847,1,train
D02767,P00785,1,train
D02612,P00012,0,train
D01538,P00227,1,train
D00030,P00617,0,train
D04128,P00955,0,train
D02862,P00268,1,train
D00367,P00315,0,train
D03608,P01348,1,train
D02860,P01111,0,train
D00598,P00227,1,train
D01567,P00964,0,train
D01768,P00866,0,train
D02394,P00115,1,train
D00216,P00211,0,train
D03220,P00920,1,train
D04151,P00107,1,train
D01362,P00264,1,train
D00034,P00171,1,train
D01906,P01114,0,train
D00221,P00557,1,train
D03911,P00147,0,train
D02521,P00054,1,train
D02549,P00056,1,train
D01990,P00865,1,train
D02192,P01256,1,train
D03846,P00127,0,train
D00032,P01728,1,train
D03906,P00370,1,train
D01093,P00142,1,train
D00449,P00045,0,train
D01213,P01032,0,train
D03854,P00949,0,train
D03355,P00220,1,train
D04350,P01580,0,train
D03848,P01925,0,train
D00300,P01393,1,train
D00179,P00356,1,train
D00220,P01077,0,train
D03107,P01428,0,train
D01955,P00007,1,train
D03299,P00235,1,train
D03138,P02037,0,train
D01337,P00373,1,train
D04103,P00044,1,train
D01128,P00022,1,train
D01068,P00234,1,train
D00529,P01487,1,train
D02264,P00792,1,train
D00780,P00864,0,train
D04107,P00142,1,train
D04351,P00142,1,train
D00596,P01825,0,train
D00019,P00049,1,train
D03223,P01005,1,train
D00668,P01341,0,train
D01258,P01918,1,train
D00625,P00045,1,train
D01776,P01475,0,train
D00406,P00761,0,train
D00425,P00072,1,train
D02058,P00961,0,train
D00293,P00479,1,train
D02185,P01156,0,train
D00016,P00042,0,train
D02889,P00236,1,train
D01456,P00350,0,train
D01446,P00059,0,train
D02641,P00155,1,train
D02176,P00681,1,train
D00637,P01831,0,train
D00490,P00128,1,train
D00779,P01635,0,train
D02571,P00401,1,train
D01065,P01797,0,train
D01429,P00345,0,train
D03324,P00737,0,train
D01383,P02009,0,train
D00950,P00408,1,train
D01069,P00401,0,train
D00490,P00518,0,train
D00672,P00329,1,train
D03980,P00690,1,train
D02621,P00927,0,train
D00139,P00065,1,train
D00527,P01135,0,train
D02668,P00511,0,train
D01278,P01936,0,train
D00663,P01030,0,train
D03808,P00487,0,train
D01894,P00163,0,train
D00530,P00124,1,train
D00815,P00112,0,train
D00204,P01274,0,train
D03919,P00198,1,train
D03622,P00150,0,train
D04085,P01135,0,train
D04352,P00022,1,train
D04300,P01878,0,train
D01661,P00937,1,train
D01115,P00116,0,train
D00569,P01225,1,train
D00925,P01720,1,train
D01761,P00693,1,train
D03700,P01285,1,train
D02564,P00198,0,train
D02046,P00224,0,train
D04353,P00152,1,train
D02590,P01954,1,train
D00373,P01486,0,train
D01538,P00153,1,train
D00979,P01398,0,train
D00731,P01899,0,train
D03287,P01521,0,train
D03070,P01855,0,train
D01654,P00056,1,train
D01258,P01721,1,train
D03112,P01430,0,train
D03878,P01125,0,train
D03747,P00044,1,train
D00096,P02015,0,train
D00124,P02053,0,train
D00279,P00788,1,train
D02968,P00124,1,train
D01452,P00078,1,train
D01097,P00998,0,train
D04139,P00734,1,train
D00237,P01376,0,train
D00884,P00430,1,train
D02412,P00056,1,train
D01529,P00299,0,train
D00137,P01241,1,train
D01484,P00155,1,train
D01338,P00231,0,train
D00139,P00506,1,train
D00074,P00294,1,train
D00041,P00016,1,train
D02854,P01225,0,train
D00014,P00596,1,train
D02513,P00142,1,train
D03293,P00775,0,train
D00910,P01977,0,train
D02194,P00197,1,train
D01219,P00124,1,train
D00288,P01498,0,train
D02585,P00129,0,train
D00257,P01680,0,train
D01026,P01660,1,train
D01609,P00278,1,train
D00718,P00342,0,train
D00281,P00347,0,train
D02218,P00169,1,train
D01610,P00312,1,train
D03421,P00848,0,train
D01113,P00479,1,train
D00133,P01840,1,train
D02394,P02153,0,train
D02949,P01837,0,train
D01523,P00134,1,train
D02818,P00109,1,train
D03197,P01395,1,train
D00489,P00582,0,train
D00140,P00124,1,train
D00611,P01065,0,train
D00334,P01017,1,train
D01167,P00327,1,train
D00619,P01975,1,train
D01985,P00469,1,train
D04354,P00414,1,train
D01732,P00818,0,train
D00051,P00887,1,train
D02055,P00703,1,train
D03399,P00103,0,train
D02471,P02054,0,train
D02617,P02005,0,train
D02481,P02158,0,train
D01468,P01271,1,train
D03724,P01968,1,train
D00599,P00049,1,train
D00618,P00227,1,train
D04355,P01430,0,train
D03682,P01911,0,train
D02264,P02163,1,train
D00077,P01830,0,train
D00109,P01645,0,train
D02966,P01061,1,train
D02868,P00374,0,train
D00508,P00344,0,train
D04356,P00831,1,train
D03130,P00345,1,train
D01327,P01126,1,train
D02433,P00640,0,train
D01637,P00044,1,train
D01161,P00078,1,train
D00340,P01085,0,train
D02845,P00422,0,train
D01382,P00975,0,train
D03469,P01184,1,train
D02610,P00258,1,train
D03965,P02044,1,train
D02701,P00016,1,train
D00999,P01766,1,train
D00999,P00238,1,train
D03616,P02038,0,train
D01537,P00155,1,train
D01478,P01803,0,train
D00171,P00370,1,train
D01560,P00554,0,train
D01586,P00111,1,train
D00312,P02140,1,train
D01894,P01026,0,train
D00288,P00070,1,train
D04357,P01722,1,train
D04301,P00731,1,train
D00893,P00444,1,train
D04146,P01123,0,train
D02757,P00418,1,train
D04358,P01956,0,train
D01216,P00334,0,train
D03533,P02126,0,train
D01140,P00314,1,train
D00619,P00796,1,train
D00758,P01614,1,train
D01746,P01845,0,train
D04077,P01518,0,train
D00239,P00433,0,train
D00014,P01756,1,train
D03350,P01754,0,train
D00879,P02061,1,train
D00662,P00971,0,train
D02806,P01957,0,train
D03780,P01561,0,train
D00599,P00115,1,train
D00019,P00384,1,train
D00977,P00439,0,train
D03253,P00189,1,train
D03279,P00196,0,train
D00856,P02150,0,train
D00789,P00214,0,train
D04160,P00414,1,train
D00479,P00607,0,train
D01645,P01316,0,train
D03139,P00298,1,train
D02537,P01564,0,train
D02511,P00431,0,train
D01420,P01764,1,train
D03944,P01945,0,train
D03563,P00381,0,train
D04321,P00007,1,train
D01330,P00727,0,train
D03691,P01444,0,train
D02273,P00545,0,train
D02629,P00659,0,train
D01148,P01404,0,train
D00475,P00580,1,train
D04359,P00640,1,train
D00622,P01533,0,train
D01521,P00740,0,train
D04360,P00656,0,train
D01106,P01080,0,train
D02093,P01698,1,train
D03417,P01187,0,train
D00672,P01540,0,train
D04361,P00922,0,train
D00705,P01729,1,train
D02623,P00634,1,train
D02217,P00753,0,train
D03101,P00818,0,train
D03980,P00215,0,train
D01619,P01454,0,train
D01164,P00239,0,train
D02396,P01286,1,train
D02853,P00115,1,train
D02008,P01035,0,train
D00485,P00212,0,train
D01724,P00175,0,train
D00138,P00146,1,train
D02101,P00337,1,train
D01787,P00998,0,train
D01468,P01774,1,train
D00524,P00854,1,train
D03338,P00185,0,train
D00618,P01641,0,train
D00614,P01905,0,train
D01371,P00654,0,train
D00243,P00431,1,train
D03128,P00008,0,train
D02684,P01982,0,train
D00732,P00220,1,train
D04156,P00040,1,train
D00702,P00936,0,train
D00618,P00871,1,train
D02681,P01616,1,train
D03105,P00831,1,train
D01225,P00808,1,train
D00696,P00309,0,train
D00975,P00801,0,train
D04166,P00529,0,train
D04017,P00084,0,train
D01538,P00161,1,train
D04362,P00006,0,train
D01024,P00350,0,train
D01527,P00642,1,train
D01969,P00230,1,train
D03633,P00689,1,train
D00042,P00461,1,train
D01711,P00109,0,train
D01842,P00174,0,train
D03118,P00509,1,train
D03209,P01381,0,train
D02107,P01409,0,train
D03236,P00040,1,train
D02492,P02107,0,train
D00341,P00681,1,train
D01337,P01926,0,train
D00412,P00448,1,train
D02954,P00418,1,train
D03588,P01695,0,train
D01535,P01020,0,train
D01310,P00693,0,train
D03174,P01190,0,train
D00381,P00522,1,train
D01009,P02025,1,train
D00746,P00806,0,train
D02004,P02089,0,train
D00999,P01820,0,train
D00987,P01092,1,train
D00137,P00871,1,train
D01985,P01227,0,train
D03059,P00328,0,train
D04218,P00176,0,train
D02126,P01200,0,train
D02661,P01319,0,train
D00197,P01923,0,train
D02803,P01716,1,train
D03488,P01111,1,train
D03450,P00667,1,train
D02125,P02165,0,train
D01282,P00125,1,train
D00114,P01820,0,train
D03146,P00651,0,train
D00279,P02160,0,train
D02880,P01901,0,train
D03130,P01343,0,train
D01415,P00220,1,train
D00949,P00169,1,train
D02303,P01439,1,train
D01109,P00112,1,train
D02405,P00124,1,train
D00259,P00124,1,train
D02264,P01759,1,train
D03269,P01339,0,train
D02238,P01279,0,train
D00156,P01490,0,train
D00593,P00464,1,train
D00676,P01445,1,train
D00123,P00801,0,train
D04219,P01718,0,train
D01288,P00844,0,train
D01009,P01878,1,train
D02695,P00133,1,train
D02244,P00092,1,train
D02053,P01085,0,train
D00548,P02133,1,train
D00341,P00161,1,train
D03244,P01270,0,train
D00149,P01661,1,train
D03863,P01101,0,train
D00440,P00375,1,train
D00461,P02079,0,train
D00425,P00557,1,train
D00802,P01805,0,train
D00300,P01080,1,train
D03338,P00047,0,train
D04095,P01056,1,train
D03923,P00081,0,train
D01610,P00363,1,train
D04363,P01616,0,train
D01847,P00452,1,train
D04364,P00550,1,train
D00312,P00600,1,train
D02724,P00044,1,train
D01512,P01940,0,train
D01527,P00135,1,train
D01859,P00155,1,train
D00074,P00262,1,train
D01381,P01706,0,train
D01853,P00776,0,train
D00417,P02039,1,train
D04365,P00773,0,train
D00059,P01466,0,train
D01790,P00722,0,train
D03884,P01231,0,train
D00028,P00171,1,train
D04163,P00156,1,train
D03737,P01949,1,train
D00971,P01263,0,train
D03310,P00926,1,train
D03370,P00124,1,train
D02850,P00721,0,train
D01249,P00124,1,train
D02506,P00157,0,train
D02648,P00928,0,train
D03564,P00297,1,train
D00143,P00609,1,train
D04337,P00183,1,train
D01645,P01704,0,train
D04231,P00217,0,train
D03245,P00799,1,train
D00216,P00395,0,train
D01591,P00210,1,train
D02598,P00793,0,train
D00959,P00713,1,train
D03364,P00185,1,train
D01962,P01420,1,train
D04366,P01024,1,train
D02542,P01231,0,train
D02371,P00416,0,train
D00087,P00799,0,train
D04211,P01052,0,train
D00636,P00415,0,train
D02623,P01761,0,train
D02760,P01132,1,train
D03951,P00552,1,train
D02242,P00650,1,train
D03284,P00481,1,train
D01754,P00309,1,train
D00634,P00294,1,train
D01153,P01494,0,train
D01410,P01783,0,train
D04136,P00985,0,train
D00834,P01872,0,train
D02898,P01880,1,train
D00019,P00183,1,train
D02296,P00755,0,train
D00230,P00757,1,train
D00121,P00262,0,train
D04367,P00973,0,train
D00998,P01240,0,train
D00101,P00156,1,train
D04316,P02110,0,train
D00802,P00208,1,train
D00550,P02109,0,train
D01504,P00294,1,train
D01098,P00159,1,train
D00140,P00681,1,train
D00828,P00115,1,train
D02362,P00796,0,train
D00742,P01097,0,train
D02258,P00378,1,train
D00634,P00208,1,train
D03102,P01420,0,train
D01257,P00686,0,train
D01745,P01853,0,train
D04368,P00056,1,train
D02029,P01849,1,train
D00818,P00169,1,train
D00432,P01056,1,train
D02258,P00054,1,train
D02598,P01099,1,train
D00446,P00693,0,train
D03996,P01870,0,train
D01079,P01642,1,train
D01503,P01638,1,train
D03734,P00669,1,train
D04369,P00067,1,train
D04052,P00156,1,train
D04350,P01725,0,train
D00918,P01090,0,train
D02423,P00437,0,train
D01018,P00155,1,train
D04370,P00067,1,train
D00959,P01943,1,train
D03827,P00859,0,train
D01788,P00959,1,train
D03232,P00664,0,train
D00092,P00169,1,train
D01456,P00597,0,train
D00087,P00142,1,train
D03354,P02028,0,train
D03347,P01389,0,train
D02378,P01822,0,train
D01446,P01399,0,train
D02253,P01449,0,train
D00868,P00025,1,train
D01359,P00659,1,train
D01729,P01067,1,train
D01441,P00056,1,train
D01079,P01576,0,train
D00108,P00012,1,train
D02277,P01884,1,train
D00462,P01056,1,train
D01505,P01868,1,train
D03859,P02005,0,train
D02332,P00557,1,train
D01852,P01683,0,train
D03998,P00565,1,train
D01351,P00056,1,train
D02101,P00889,1,train
D00381,P00966,0,train
D03272,P00378,1,train
D02435,P00308,0,train
D00341,P00871,1,train
D04371,P00044,1,train
D01905,P00625,0,train
D00151,P02071,0,train
D01220,P01940,0,train
D00868,P00553,0,train
D02491,P01059,0,train
D02457,P00391,0,train
D01578,P00366,1,train
D03494,P01446,0,train
D03297,P00512,0,train
D03912,P01758,0,train
D00043,P00044,1,train
D02796,P01275,1,train
D04002,P01693,0,train
D02600,P00671,0,train
D01139,P01636,0,train
D00593,P00016,0,train
D00580,P01528,0,train
D01997,P01053,0,train
D03895,P00197,1,train
D00385,P01231,1,train
D03457,P00023,1,train
D03617,P02077,0,train
D01348,P00294,1,train
D04372,P01197,1,train
D02518,P00896,1,train
D03241,P02114,0,train
D03295,P01935,0,train
D03513,P00299,1,train
D02478,P01257,1,train
D00508,P01141,0,train
D00178,P00065,1,train
D03798,P00379,0,train
D04295,P00189,1,train
D02886,P01218,0,train
D04243,P00464,0,train
D04280,P00831,1,train
D03764,P01296,0,train
D03405,P00663,0,train
D00942,P01546,0,train
D00111,P00124,1,train
D01486,P00232,1,train
D04313,P00174,0,train
D01851,P00701,1,train
D02457,P00124,1,train
D04373,P00901,0,train
D03729,P01133,1,train
D04374,P00378,1,train
D00139,P00809,1,train
D02764,P01398,0,train
D01709,P01936,0,train
D01985,P01631,0,train
D02127,P01284,0,train
D02852,P00143,0,train
D02246,P01570,0,train
D03633,P00124,1,train
D01481,P01616,0,train
D02678,P00834,1,train
D02889,P01905,0,train
D02340,P01136,0,train
D00040,P01557,0,train
D01325,P00057,1,train
D01214,P00142,1,train
D03606,P00499,1,train
D00655,P01235,1,train
D01660,P00294,1,train
D03796,P00605,0,train
D00828,P00124,1,train
D02750,P00044,1,train
D02506,P00650,0,train
D00162,P00161,1,train
D00456,P00459,0,train
D01113,P00161,1,train
D02005,P00066,0,train
D02674,P00194,0,train
D04139,P00980,0,train
D00019,P00169,1,train
D01610,P00323,1,train
D02282,P01582,0,train
D04375,P00087,1,train
D01863,P00070,0,train
D03818,P01070,0,train
D01169,P00314,1,train
D02922,P01185,0,train
D01764,P01249,0,train
D03198,P01346,0,train
D00222,P00049,1,train
D00601,P02086,0,train
D03627,P00171,1,train
D01086,P01333,0,train
D00255,P00182,1,train
D00313,P00134,1,train
D02740,P01158,0,train
D00292,P00351,1,train
D00952,P00316,1,train
D01042,P00953,0,train
D03956,P00772,1,train
D04242,P00189,1,train
D01094,P00044,1,train
D02078,P01395,1,train
D00324,P00324,1,train
D04158,P01253,1,train
D01412,P00115,1,train
D01867,P01857,0,train
D00334,P00342,1,train
D00927,P00405,0,train
D01934,P01575,0,train
D03285,P01518,0,train
D02598,P02159,0,train
D00996,P02104,0,train
D03016,P00602,1,train
D04276,P01977,1,train
D00198,P02117,1,train
D00051,P02008,1,train
D02917,P00234,1,train
D02791,P01056,1,train
D00985,P01908,1,train
D00634,P00425,1,train
D00008,P00135,1,train
D00818,P01442,1,train
D03789,P00727,1,train
D00022,P01010,1,train
D00070,P00961,0,train
D02386,P01976,0,train
D00204,P01535,1,train
D04016,P02013,0,train
D01665,P00537,0,train
D04362,P00378,1,train
D00228,P01075,1,train
D01753,P00054,1,train
D01628,P00959,1,train
D03765,P01905,0,train
D04376,P01282,0,train
D00140,P00063,1,train
D03200,P00620,0,train
D00486,P02078,0,train
D01240,P00044,1,train
D02159,P01842,0,train
D03599,P00793,0,train
D00551,P01056,1,train
D03488,P01090,0,train
D01075,P00959,1,train
D03541,P01327,1,train
D03639,P01267,0,train
D01791,P00174,0,train
D04356,P00308,0,train
D00630,P00012,1,train
D02756,P01806,0,train
D03323,P00050,0,train
D01645,P00954,0,train
D02334,P02022,0,train
D00043,P00269,1,train
D01159,P01968,1,train
D03085,P00156,1,train
D01424,P00012,1,train
D03247,P00208,1,train
D02473,P00351,1,train
D01847,P01215,1,train
D00023,P00448,1,train
D04103,P01753,1,train
D00221,P00847,1,train
D04135,P00250,1,train
D00476,P01653,0,train
D01063,P00330,0,train
D03954,P00056,1,train
D00169,P01153,0,train
D01585,P01971,0,train
D03033,P00418,1,train
D03343,P00881,0,train
D04066,P00142,1,train
D01778,P00156,1,train
D00921,P00262,1,train
D02097,P01355,0,train
D03347,P00270,0,train
D02149,P00777,0,train
D01202,P01235,1,train
D01269,P01629,1,train
D03159,P01486,0,train
D00436,P00502,1,train
D03600,P01650,0,train
D04340,P00281,1,train
D02037,P00055,0,train
D03471,P01561,0,train
D01108,P01816,1,train
D04066,P00085,1,train
D00042,P02035,1,train
D02162,P00405,0,train
D04223,P00007,0,train
D00788,P00666,1,train
D00212,P00346,0,train
D00090,P00121,0,train
D03867,P02095,0,train
D04037,P01076,0,train
D00774,P00197,1,train
D00704,P00203,1,train
D01814,P00523,0,train
D03603,P00718,0,train
D01808,P01052,0,train
D00508,P00610,1,train
D01986,P02009,0,train
D00581,P00056,1,train
D03721,P01927,0,train
D03555,P00078,1,train
D02499,P01896,0,train
D00023,P01915,0,train
D00148,P00825,0,train
D01859,P00124,1,train
D00341,P00809,1,train
D02716,P00155,1,train
D03759,P00237,0,train
D01009,P00821,0,train
D02215,P00073,0,train
D00707,P00743,0,train
D04170,P01809,0,train
D00462,P01391,0,train
D01766,P00462,0,train
D01479,P00910,0,train
D00730,P00895,0,train
D02232,P01807,0,train
D02343,P00461,1,train
D02633,P00595,0,train
D01161,P00044,1,train
D03143,P00622,1,train
D01351,P00011,0,train
D04296,P00054,1,train
D01483,P01968,0,train
D01833,P00619,0,train
D01773,P00536,0,train
D00959,P01914,1,train
D01802,P02060,0,train
D01134,P00819,0,train
D00092,P00324,1,train
D04203,P00196,0,train
D04377,P01761,0,train
D01505,P00603,0,train
D00580,P01626,0,train
D01504,P00092,1,train
D04227,P01369,0,train
D03701,P01315,1,train
D03039,P00103,0,train
D01469,P01715,0,train
D01851,P01612,0,train
D02144,P00184,0,train
D00019,P00528,1,train
D03674,P00418,1,train
D04378,P00888,0,train
D04220,P01700,0,train
D01604,P01658,1,train
D03712,P00722,0,train
D00562,P00324,1,train
D04379,P01875,0,train
D01112,P01483,0,train
D00387,P00735,0,train
D00628,P00142,1,train
D00620,P01807,0,train
D04380,P01958,0,train
D00313,P00065,1,train
D02100,P00421,1,train
D01617,P01790,0,train
D02204,P00772,0,train
D01194,P00049,1,train
D00748,P00142,1,train
D00626,P01211,1,train
D00030,P00534,0,train
D03446,P00499,1,train
D01482,P00704,0,train
D04381,P00765,0,train
D00339,P02083,1,train
D03052,P00356,1,train
D04098,P01286,0,train
D01815,P00742,1,train
D01048,P00448,1,train
D01755,P00852,0,train
D00607,P00448,1,train
D02985,P00881,1,train
D00646,P00363,1,train
D03726,P00552,1,train
D00818,P01576,1,train
D03346,P00303,0,train
D01706,P01961,1,train
D01534,P02023,0,train
D04382,P00544,0,train
D00979,P01663,1,train
D02289,P00975,0,train
D03073,P00316,1,train
D00972,P01532,0,train
D01471,P00658,1,train
D03060,P00109,1,train
D00805,P00072,1,train
D00523,P00937,1,train
D04002,P00190,0,train
D03931,P01575,0,train
D04123,P00121,1,train
D00334,P00334,1,train
D01734,P00044,1,train
D00864,P00269,1,train
D03646,P00152,1,train
D02731,P00801,0,train
D01485,P01751,1,train
D00127,P00226,0,train
D01846,P00996,0,train
D02679,P00309,1,train
D04177,P00229,1,train
D04383,P00262,1,train
D00237,P00124,1,train
D01197,P01291,1,train
D04384,P00234,1,train
D02540,P00950,0,train
D00670,P02075,0,train
D04385,P00054,1,train
D02080,P01915,1,train
D01601,P00263,0,train
D00437,P01367,0,train
D04371,P00169,1,train
D02238,P00675,0,train
D03259,P00911,0,train
D01515,P00124,1,train
D00470,P01708,0,train
D04386,P01142,1,train
D00489,P01148,0,train
D02222,P00920,0,train
D00139,P00363,1,train
D02693,P00639,0,train
D00505,P00131,1,train
D03361,P01757,0,train
D02634,P00986,0,train
D01115,P01731,0,train
D01264,P01713,1,train
D04056,P00378,0,train
D00576,P00452,0,train
D00713,P00334,1,train
D03172,P00800,1,train
D04061,P00624,1,train
D01852,P00329,1,train
D04387,P00128,1,train
D00807,P01090,0,train
D04277,P00023,1,train
D03278,P00661,0,train
D00204,P01211,1,train
D03271,P01616,0,train
D01430,P00937,1,train
D04308,P01584,0,train
D00459,P00316,1,train
D00416,P00732,0,train
D03569,P01145,0,train
D00508,P00063,1,train
D00107,P01793,0,train
D02853,P00064,1,train
D00659,P01076,1,train
D01239,P00697,0,train
D00014,P01323,1,train
D02420,P00244,0,train
D02980,P01087,1,train
D00529,P01062,1,train
D00117,P00049,1,train
D00497,P02010,0,train
D03359,P00186,0,train
D00912,P00982,0,train
D02285,P00914,1,train
D03278,P01902,0,train
D01612,P01108,1,train
D03438,P01439,0,train
D02829,P01581,1,train
D00335,P01263,0,train
D03061,P01971,1,train
D02835,P00759,0,train
D01179,P01773,0,train
D03256,P00844,0,train
D01388,P01927,0,train
D00412,P00422,1,train
D03232,P00124,1,train
D03409,P01873,0,train
D00033,P00259,1,train
D04292,P00258,0,train
D01541,P01136,0,train
D00715,P01735,0,train
D00090,P00526,1,train
D01199,P00783,0,train
D02599,P02160,1,train
D00455,P00448,1,train
D01591,P01105,1,train
D00124,P02018,0,train
D00222,P00124,1,train
D00296,P00722,0,train
D00679,P00612,0,train
D04252,P00928,1,train
D03383,P01368,0,train
D02332,P00056,1,train
D03207,P01474,0,train
D03788,P00770,1,train
D00508,P00841,1,train
D02244,P01591,0,train
D00099,P00148,1,train
D04388,P00056,1,train
D02871,P00418,0,train
D00022,P01179,0,train
D04167,P01193,0,train
D03110,P01926,1,train
D04389,P00097,0,train
D00630,P00049,1,train
D01029,P00169,1,train
D04160,P01611,0,train
D01481,P01684,1,train
D02158,P00790,0,train
D02470,P00157,0,train
D01269,P00586,0,train
D01803,P00056,1,train
D03210,P01759,0,train
D01172,P01417,0,train
D03043,P00344,0,train
D03846,P00328,0,train
D01258,P01311,1,train
D01929,P00022,0,train
D03942,P00365,0,train
D01606,P00328,1,train
D01269,P00713,1,train
D02613,P00056,1,train
D00305,P00170,1,train
D00073,P00679,0,train
D03041,P01122,0,train
D03040,P00105,1,train
D02163,P01224,1,train
D00999,P00083,1,train
D00529,P01348,1,train
D03992,P00075,0,train
D01424,P01412,0,train
D00414,P01876,0,train
D00895,P01092,0,train
D00550,P01571,0,train
D02240,P00669,1,train
D02529,P01065,0,train
D01779,P00292,0,train
D00227,P00992,0,train
D00341,P00124,1,train
D00820,P01297,0,train
D03627,P00216,0,train
D01861,P00169,1,train
D01869,P00169,1,train
D03043,P01061,1,train
D00491,P00063,1,train
D02379,P00461,1,train
D02330,P00943,1,train
D01352,P00130,1,train
D02454,P01951,0,train
D04032,P01005,1,train
D03426,P01833,0,train
D03013,P02174,0,train
D02690,P00425,1,train
D01869,P00230,0,train
D00999,P01145,1,train
D00538,P00897,0,train
D00902,P01372,0,train
D00060,P00585,1,train
D00043,P00681,1,train
D00935,P00959,1,train
D03093,P01600,0,train
D01256,P00272,0,train
D00125,P00509,1,train
D01877,P00187,1,train
D02469,P02051,0,train
D01224,P00130,1,train
D01557,P00641,0,train
D01085,P00040,1,train
D02929,P00054,1,train
D03291,P00858,0,train
D00499,P00314,1,train
D02729,P01397,1,train
D02068,P00037,0,train
D03314,P00221,0,train
D01009,P00281,1,train
D02791,P00301,0,train
D00290,P00742,1,train
D00178,P00391,0,train
D02436,P01184,1,train
D01095,P00713,0,train
D01262,P00281,1,train
D02819,P00359,1,train
D01366,P00622,0,train
D00327,P00170,1,train
D03148,P00916,0,train
D04303,P01089,0,train
D03892,P01711,0,train
D00529,P02058,1,train
D02256,P00756,1,train
D02885,P01039,0,train
D04212,P00712,0,train
D02253,P01851,0,train
D01998,P01085,1,train
D04358,P00790,0,train
D00019,P01812,1,train
D00276,P00377,1,train
D03805,P00865,0,train
D02742,P00056,1,train
D04390,P01309,0,train
D02113,P01872,1,train
D02853,P00078,1,train
D00261,P01843,1,train
D03763,P02158,0,train
D01674,P01004,0,train
D03005,P00230,0,train
D02325,P00534,0,train
D02173,P01141,0,train
D00159,P01045,0,train
D02365,P00063,1,train
D00306,P00090,1,train
D02008,P00122,1,train
D02585,P01490,0,train
D03313,P00829,1,train
D01291,P01238,0,train
D02164,P00644,0,train
D02134,P00115,0,train
D01951,P00012,1,train
D00607,P00203,1,train
D04391,P00359,1,train
D03653,P00234,1,train
D03823,P02013,0,train
D01622,P01857,0,train
D03131,P02067,1,train
D01212,P00565,1,train
D00233,P00391,1,train
D00301,P01456,1,train
D00324,P01860,0,train
D00376,P01698,0,train
D01706,P01366,1,train
D01997,P00078,1,train
D03392,P00299,0,train
D00533,P01449,0,train
D01934,P01205,0,train
D01781,P00056,1,train
D01257,P00257,0,train
D01928,P01685,1,train
D01582,P00963,0,train
D03303,P00484,0,train
D01807,P00169,1,train
D03716,P00004,0,train
D04274,P00414,1,train
D03555,P01508,0,train
D01482,P01837,0,train
D02620,P00205,1,train
D03703,P01340,0,train
D00641,P00230,0,train
D03252,P00054,1,train
D03773,P02047,0,train
D00070,P00397,0,train
D02295,P01452,0,train
D00473,P00566,0,train
D02754,P00124,1,train
D00364,P00049,1,train
D04273,P01145,0,train
D00500,P00191,0,train
D00104,P01088,0,train
D02071,P01262,1,train
D03249,P00541,1,train
D00204,P00130,1,train
D00479,P00130,1,train
D04392,P01300,0,train
D01333,P01224,0,train
D01152,P00124,1,train
D01606,P01063,1,train
D01119,P00037,0,train
D02619,P00229,0,train
D00892,P00847,1,train
D04381,P02020,0,train
D03499,P00617,1,train
D00135,P01712,0,train
D01947,P00548,1,train
D01538,P00240,0,train
D01468,P00615,1,train
D02017,P02135,0,train
D00184,P01687,0,train
D04393,P01587,0,train
D04349,P00247,0,train
D00964,P01145,0,train
D03961,P00085,1,train
D02131,P01894,0,train
D04394,P02031,1,train
D01860,P01979,0,train
D02754,P00016,1,train
D00894,P00024,0,train
D00648,P02027,0,train
D01732,P00252,0,train
D03361,P00624,0,train
D01355,P00385,1,train
D00804,P00258,1,train
D02009,P01300,0,train
D02363,P01818,0,train
D03570,P01936,0,train
D00965,P01327,0,train
D02664,P01600,0,train
D03555,P00887,1,train
D03414,P00054,1,train
D03135,P01327,1,train
D00870,P00196,1,train
D04012,P00542,0,train
D01247,P00128,1,train
D03197,P01516,0,train
D00255,P00125,0,train
D00539,P01163,1,train
D03021,P00085,1,train
D00524,P02002,1,train
D02676,P00040,1,train
D00138,P00220,1,train
D03512,P02173,0,train
D01028,P00596,0,train
D01555,P01930,0,train
D01882,P00155,1,train
D00618,P00063,1,train
D02610,P00229,1,train
D01007,P00914,1,train
D01655,P01492,1,train
D03315,P01201,0,train
D04319,P00664,1,train
D03329,P00601,1,train
D01760,P00155,1,train
D00667,P00879,0,train
D00065,P00370,1,train
D02451,P00655,0,train
D00614,P00732,1,train
D00731,P02028,1,train
D01987,P00056,1,train
D03891,P00441,1,train
D01956,P02105,1,train
D00119,P00684,0,train
D02676,P01489,0,train
D01519,P02114,0,train
D03499,P00603,0,train
D01429,P00166,0,train
D02135,P00845,0,train
D00101,P00601,1,train
D00615,P00056,1,train
D00221,P00294,1,train
D01830,P00153,1,train
D00240,P00072,1,train
D02876,P01041,0,train
D03285,P00886,0,train
D00440,P00056,1,train
D03367,P00252,0,train
D03721,P01415,1,train
D00180,P00958,0,train
D01722,P01212,0,train
D01085,P00170,1,train
D00221,P00807,1,train
D00630,P00044,1,train
D00720,P00941,0,train
D02642,P00867,0,train
D01371,P00556,1,train
D00502,P01085,0,train
D03275,P00953,1,train
D02146,P00358,0,train
D01202,P00208,1,train
D00455,P00198,1,train
D00057,P00820,1,train
D03030,P00423,0,train
D01462,P00498,1,train
D01886,P01790,1,train
D03462,P00995,1,train
D01700,P00293,1,train
D00107,P00169,1,train
D00594,P00261,1,train
D00736,P00056,1,train
D01567,P01116,0,train
D01918,P00315,1,train
D03876,P01089,0,train
D03679,P00969,0,train
D00970,P00448,1,train
D01404,P01371,0,train
D00101,P00847,1,train
D00869,P00012,1,train
D02017,P00200,0,train
D01162,P00070,1,train
D00877,P00902,1,train
D00814,P01857,0,train
D01092,P01683,0,train
D03102,P01930,0,train
D00229,P01078,0,train
D02155,P00441,0,train
D01572,P00358,1,train
D01538,P00363,1,train
D04395,P00738,1,train
D00591,P00220,1,train
D01069,P02175,0,train
D00577,P00959,1,train
D03115,P00614,1,train
D01992,P01023,0,train
D01570,P00054,1,train
D04394,P00347,0,train
D02968,P00258,1,train
D03450,P00446,0,train
D03947,P01742,0,train
D02988,P02093,0,train
D02190,P00170,1,train
D01836,P00124,1,train
D03772,P00852,0,train
D03122,P00605,0,train
D02488,P01953,1,train
D01643,P00289,1,train
D02492,P02121,0,train
D01153,P01028,1,train
D02791,P01867,0,train
D00959,P00580,1,train
D02257,P01084,0,train
D04035,P00234,1,train
D03161,P01407,0,train
D04358,P00843,0,train
D02228,P00784,0,train
D02111,P01504,0,train
D00202,P00001,1,train
D00364,P00078,1,train
D01686,P00042,1,train
D02788,P00226,1,train
D00583,P00044,1,train
D00773,P01074,0,train
D02561,P02157,0,train
D01129,P00155,1,train
D01231,P00169,1,train
D04396,P00054,1,train
D00508,P00124,1,train
D00598,P00161,1,train
D03502,P00532,0,train
D00172,P01291,0,train
D04336,P00541,1,train
D03746,P00008,0,train
D03236,P00199,1,train
D01001,P00169,1,train
D02139,P01631,0,train
D01024,P00871,0,train
D00488,P00560,1,train
D00464,P00022,1,train
D03075,P00170,1,train
D01275,P01689,0,train
D04051,P00548,1,train
D01840,P01385,0,train
D00288,P00279,1,train
D01631,P00040,1,train
D02696,P00035,0,train
D03895,P00640,1,train
D00488,P02141,0,train
D04220,P00812,1,train
D01245,P00488,1,train
D01072,P00324,1,train
D03411,P00155,1,train
D02700,P01566,0,train
D02458,P00307,0,train
D04388,P00317,0,train
D00466,P01086,1,train
D00759,P01006,0,train
D02286,P00373,1,train
D02738,P00581,1,train
D03108,P00142,1,train
D00300,P00534,1,train
D02087,P01080,0,train
D01199,P01917,0,train
D00935,P00049,1,train
D02681,P00723,1,train
D01074,P00740,1,train
D03712,P01911,0,train
D01880,P00535,0,train
D03274,P01588,0,train
D00093,P00199,1,train
D04267,P00258,1,train
D00676,P01646,1,train
D00374,P01700,1,train
D00616,P00008,1,train
D02336,P00283,1,train
D00355,P00155,1,train
D00425,P00124,1,train
D00300,P00356,1,train
D00577,P01945,0,train
D04397,P00128,1,train
D00062,P02176,0,train
D04398,P00267,1,train
D01778,P00375,1,train
D02722,P00169,1,train
D02995,P01772,0,train
D03145,P00528,1,train
D00971,P00124,1,train
D00949,P01776,1,train
D02152,P00593,1,train
D02832,P00422,0,train
D01169,P01684,0,train
D01921,P00124,1,train
D04301,P01588,0,train
D04203,P00023,1,train
D03064,P00378,1,train
D00009,P01303,1,train
D02267,P00022,1,train
D02579,P00446,0,train
D00271,P00169,1,train
D03454,P01474,1,train
D02316,P00727,0,train
D02520,P00878,0,train
D01505,P01614,0,train
D01226,P00124,1,train
D03729,P00124,1,train
D01378,P00910,0,train
D01452,P00056,1,train
D00151,P00169,1,train
D02879,P01921,1,train
D04202,P01731,0,train
D03082,P00452,1,train
D04382,P01203,0,train
D01184,P01875,0,train
D04294,P01576,0,train
D01667,P01135,0,train
D01068,P01277,1,train
D04030,P00370,1,train
D04143,P00232,0,train
D02365,P00323,1,train
D00392,P00315,1,train
D02976,P00737,0,train
D01391,P00930,1,train
D01477,P00056,1,train
D03075,P00234,1,train
D03788,P00497,0,train
D00306,P00146,1,train
D01108,P00935,1,train
D01913,P01754,0,train
D00753,P01169,1,train
D00072,P00892,0,train
D01201,P01099,0,train
D00300,P00377,1,train
D03182,P01693,0,train
D00136,P01734,0,train
D02218,P01723,0,train
D00639,P00469,1,train
D02113,P00981,1,train
D01328,P00373,1,train
D01114,P01312,0,train
D00689,P01724,0,train
D02198,P00054,0,train
D04399,P00793,0,train
D03200,P00469,1,train
D01196,P00040,1,train
D00138,P00975,1,train
D00189,P01759,0,train
D04236,P00423,0,train
D03322,P00234,1,train
D01215,P01406,0,train
D02444,P00124,1,train
D00310,P00134,1,train
D00607,P00324,1,train
D02641,P01828,0,train
D02115,P00577,0,train
D02883,P00229,1,train
D03571,P00670,1,train
D00505,P00016,1,train
D01080,P01462,1,train
D01657,P01548,0,train
D00659,P00044,1,train
D02054,P01367,0,train
D01350,P00923,0,train
D00828,P00329,1,train
D03051,P02126,0,train
D04307,P00366,0,train
D01684,P02017,0,train
D01726,P01537,0,train
D01358,P01487,0,train
D03874,P01879,0,train
D03215,P01369,0,train
D00208,P00546,0,train
D01972,P00316,1,train
D03898,P00514,0,train
D00926,P00959,1,train
D00848,P00169,1,train
D01417,P00124,1,train
D00862,P00403,1,train
D03570,P01602,1,train
D03383,P00358,1,train
D04201,P00717,1,train
D01467,P00718,0,train
D00057,P00155,1,train
D04212,P00702,1,train
D02846,P00128,1,train
D00583,P00110,0,train
D01213,P01507,0,train
D00101,P01153,0,train
D00610,P00124,1,train
D00224,P00570,0,train
D02562,P00650,1,train
D02027,P01112,0,train
D02815,P00519,0,train
D00716,P01415,0,train
D03105,P00637,0,train
D02852,P01863,0,train
D02534,P00975,0,train
D00320,P01165,0,train
D00136,P00056,1,train
D02031,P00040,1,train
D00782,P00040,1,train
D03218,P00531,0,train
D02292,P00731,0,train
D02503,P01373,1,train
D02871,P00925,0,train
D03851,P01995,0,train
D04400,P00142,1,train
D01031,P00107,1,train
D03322,P00294,1,train
D00250,P00115,0,train
D01308,P00596,1,train
D01797,P00485,0,train
D01042,P00925,0,train
D02406,P00168,0,train
D00733,P00373,0,train
D03223,P00553,1,train
D02156,P01024,0,train
D00719,P01905,1,train
D01429,P00509,1,train
D02917,P00056,1,train
D02057,P01684,1,train
D00449,P00936,1,train
D03668,P00171,1,train
D02660,P01425,0,train
D03269,P01953,0,train
D00166,P00461,1,train
D01546,P00306,0,train
D03684,P01226,0,train
D03787,P01345,0,train
D04068,P00022,1,train
D04157,P01052,0,train
D01468,P02117,1,train
D01282,P00420,1,train
D00627,P01922,0,train
D02549,P01579,0,train
D01494,P01160,0,train
D03387,P01376,0,train
D00460,P01594,1,train
D01760,P01722,1,train
D01851,P00351,1,train
D03893,P00183,1,train
D00682,P00271,0,train
D03190,P02108,0,train
D01653,P01250,0,train
D01072,P00170,1,train
D00324,P00156,1,train
D03328,P00714,1,train
D00057,P00174,1,train
D00846,P00349,0,train
D00148,P00124,1,train
D00051,P02055,0,train
D04401,P00286,1,train
D00259,P00044,1,train
D02599,P00025,0,train
D02799,P00249,1,train
D02462,P01819,1,train
D04385,P00378,1,train
D03461,P01869,0,train
D01041,P01842,0,train
D03575,P00022,1,train
D01583,P01319,0,train
D03116,P01158,0,train
D04055,P00142,1,train
D00382,P00046,0,train
D00022,P00448,1,train
D03471,P01485,0,train
D03911,P00469,1,train
D00103,P00174,1,train
D01462,P00012,1,train
D02727,P00189,1,train
D00906,P00022,1,train
D00460,P00234,1,train
D03616,P00335,1,train
D00543,P00226,0,train
D03654,P01262,1,train
D00398,P01248,0,train
D03800,P01983,0,train
D01257,P01435,0,train
D01648,P01432,1,train
D01407,P01972,0,train
D01021,P00072,0,train
D01104,P00955,0,train
D00513,P00962,1,train
D00769,P00146,1,train
D02707,P00666,1,train
D00280,P00150,0,train
D03603,P00788,0,train
D01325,P00049,1,train
D03820,P00450,1,train
D04236,P00313,0,train
D04151,P01458,0,train
D01853,P00152,1,train
D02686,P01663,1,train
D00225,P00063,1,train
D04252,P01616,0,train
D00208,P00273,1,train
D02754,P00323,1,train
D00121,P00873,0,train
D02734,P00727,0,train
D01534,P00880,0,train
D00465,P01685,0,train
D01486,P00502,1,train
D00139,P01946,0,train
D00039,P01068,0,train
D01605,P02173,0,train
D01754,P00363,1,train
D01482,P02161,0,train
D03214,P00316,1,train
D02797,P00341,0,train
D03547,P00721,0,train
D00290,P01696,0,train
D03343,P00701,1,train
D00402,P00170,1,train
D02658,P00182,0,train
D02238,P01838,0,train
D01455,P00044,1,train
D01792,P00186,0,train
D04402,P00083,1,train
D01099,P00851,1,train
D04369,P00993,0,train
D00753,P01352,0,train
D03369,P01056,1,train
D02597,P00896,1,train
D00255,P00324,1,train
D04276,P02103,0,train
D00485,P01911,0,train
D01661,P00124,1,train
D01213,P02174,1,train
D00349,P00063,1,train
D00362,P01910,0,train
D03520,P00102,0,train
D03848,P01202,0,train
D03243,P01108,0,train
D01597,P01290,0,train
D03372,P00040,1,train
D01517,P01739,0,train
D00706,P00682,0,train
D00802,P00425,1,train
D01149,P00401,0,train
D03556,P00821,0,train
D00796,P00698,0,train
D01155,P00197,0,train
D01450,P01224,0,train
D02101,P00448,1,train
D02013,P00807,1,train
D04403,P00417,1,train
D00632,P00584,0,train
D03741,P00794,0,train
D02639,P00099,0,train
D02790,P00382,1,train
D02004,P00259,1,train
D00138,P00871,1,train
D02119,P00195,0,train
D02308,P00051,0,train
D02302,P00264,0,train
D00248,P01793,0,train
D00626,P00502,1,train
D00092,P00502,1,train
D03333,P02045,0,train
D01174,P00104,1,train
D00458,P00590,0,train
D00430,P00169,1,train
D00412,P00134,1,train
D02685,P00542,0,train
D02437,P01801,0,train
D02910,P01318,0,train
D02821,P02056,0,train
D01290,P01398,1,train
D03247,P00156,1,train
D00228,P01947,1,train
D00882,P00878,1,train
D00369,P00804,0,train
D00879,P01015,1,train
D02796,P00709,1,train
D04368,P00525,0,train
D00349,P00056,1,train
D00302,P01076,1,train
D01017,P01604,1,train
D00084,P00706,0,train
D02637,P01315,1,train
D01769,P00171,1,train
D02437,P00240,1,train
D01665,P00022,1,train
D00140,P00220,1,train
D01054,P00408,0,train
D03365,P00044,1,train
D00626,P00351,1,train
D03062,P01560,1,train
D03442,P02123,0,train
D00833,P00449,0,train
D03943,P00499,1,train
D04053,P00638,0,train
D03581,P00339,1,train
D01302,P00158,1,train
D02113,P00527,0,train
D02387,P01519,1,train
D01428,P01026,0,train
D03358,P00043,0,train
D00964,P00756,0,train
D03410,P01068,0,train
D01951,P00060,1,train
D04029,P01163,1,train
D01813,P00051,1,train
D00408,P00837,0,train
D00968,P00158,1,train
D02605,P00454,1,train
D03558,P00750,1,train
D04404,P00142,1,train
D03462,P02176,0,train
D00741,P00189,1,train
D01984,P01351,1,train
D02978,P01271,0,train
D03214,P00124,1,train
D02220,P00056,1,train
D03229,P00457,1,train
D01108,P01031,0,train
D00281,P00161,1,train
D02733,P01060,0,train
D00624,P00623,1,train
D00880,P02148,1,train
D03491,P00425,1,train
D04109,P00949,0,train
D00517,P00828,0,train
D04308,P00589,0,train
D01838,P00461,1,train
D04405,P00370,1,train
D01966,P00448,1,train
D03241,P00405,0,train
D04146,P00378,1,train
D02559,P00502,0,train
D00182,P00124,1,train
D04406,P00691,0,train
D04407,P00060,0,train
D02303,P01262,0,train
D00585,P00203,1,train
D00139,P00220,1,train
D01917,P01802,0,train
D01766,P00865,1,train
D04408,P00548,1,train
D02881,P02068,0,train
D02121,P01819,0,train
D02545,P02038,0,train
D03519,P00282,1,train
D02668,P00509,1,train
D01310,P02176,1,train
D00474,P00153,1,train
D01532,P00022,1,train
D01157,P02092,0,train
D00634,P00351,1,train
D01164,P00124,1,train
D01342,P01184,1,train
D00603,P01705,1,train
D00852,P00504,1,train
D03542,P00554,1,train
D02833,P02034,1,train
D03207,P00927,0,train
D03403,P01123,0,train
D04361,P00536,0,train
D00272,P01548,0,train
D00284,P00181,1,train
D02779,P01937,0,train
D00249,P01379,0,train
D00934,P00737,1,train
D00684,P00951,0,train
D00127,P00185,0,train
D00107,P00115,1,valid
D00188,P01346,1,valid
D01275,P01005,1,valid
D00495,P00907,0,valid
D03800,P00154,1,valid
D00453,P01233,0,valid
D02926,P00564,0,valid
D03522,P00124,1,valid
D01830,P00169,1,valid
D00179,P00155,1,valid
D03787,P00124,1,valid
D00360,P00504,1,valid
D00103,P01502,1,valid
D00605,P00691,0,valid
D01110,P00486,0,valid
D01073,P00531,0,valid
D00188,P00171,1,valid
D00326,P00044,1,valid
D03003,P00897,0,valid
D01043,P00078,0,valid
D01761,P00012,1,valid
D04218,P01126,0,valid
D03166,P01178,1,valid
D00522,P01016,0,valid
D00300,P00124,1,valid
D00973,P00142,1,valid
D03313,P00555,0,valid
D02389,P00316,1,valid
D04275,P01804,0,valid
D01181,P00134,0,valid
D03788,P00097,1,valid
D00903,P00761,0,valid
D00137,P00124,1,valid
D00743,P02063,0,valid
D04221,P00142,1,valid
D03853,P00472,0,valid
D00272,P01455,0,valid
D00537,P00169,0,valid
D00618,P00124,1,valid
D01470,P01235,1,valid
D01578,P00505,1,valid
D01935,P01609,0,valid
D01211,P00472,0,valid
D03847,P00617,1,valid
D04409,P00689,1,valid
D04324,P00500,0,valid
D00797,P01459,0,valid
D03138,P00370,1,valid
D03045,P01893,0,valid
D02457,P00112,1,valid
D00370,P00148,1,valid
D02107,P01681,0,valid
D00066,P00805,0,valid
D00453,P01972,0,valid
D00324,P00557,1,valid
D02201,P01620,0,valid
D00602,P01390,0,valid
D01056,P00596,0,valid
D01188,P00040,1,valid
D01539,P00247,0,valid
D00518,P01729,0,valid
D03080,P01563,0,valid
D00162,P00382,0,valid
D04181,P00515,0,valid
D04410,P00028,1,valid
D00013,P02138,0,valid
D03211,P01843,0,valid
D00863,P00585,1,valid
D03670,P00169,1,valid
D03569,P00353,0,valid
D00568,P00020,0,valid
D00944,P00363,1,valid
D02444,P01783,1,valid
D02994,P01203,0,valid
D03384,P01085,0,valid
D01335,P00156,1,valid
D00340,P01048,0,valid
D02850,P00122,1,valid
D01905,P01054,0,valid
D01520,P01819,1,valid
D01264,P01616,1,valid
D00971,P00560,1,valid
D04173,P00414,1,valid
D00577,P00354,0,valid
D01226,P00386,1,valid
D01348,P00072,1,valid
D01340,P01442,0,valid
D01413,P00502,1,valid
D03467,P00018,0,valid
D02341,P01056,1,valid
D03901,P01015,0,valid
D04326,P00087,0,valid
D04316,P00970,0,valid
D02251,P00316,1,valid
D00617,P01041,1,valid
D00854,P01262,1,valid
D01260,P00709,0,valid
D00501,P01996,1,valid
D01632,P01176,1,valid
D01515,P01081,1,valid
D01817,P00056,1,valid
D03800,P00522,0,valid
D00545,P02128,1,valid
D02860,P00637,1,valid
D00864,P00876,0,valid
D02093,P02075,0,valid
D00146,P02137,0,valid
D03228,P00712,1,valid
D00963,P01202,1,valid
D02483,P00623,1,valid
D03281,P01099,0,valid
D00705,P00485,1,valid
D00136,P00156,1,valid
D03900,P00664,0,valid
D02100,P00257,0,valid
D01536,P01078,0,valid
D01414,P00703,0,valid
D03987,P01265,0,valid
D01927,P01411,0,valid
D00181,P00054,1,valid
D00944,P00158,1,valid
D01718,P00553,0,valid
D02955,P01763,0,valid
D04034,P00403,0,valid
D00306,P00227,1,valid
D00451,P00124,1,valid
D04011,P00917,1,valid
D00769,P00158,1,valid
D01517,P00113,0,valid
D01783,P01678,0,valid
D00997,P00641,0,valid
D00615,P00227,1,valid
D03890,P01666,0,valid
D00434,P01582,0,valid
D00607,P00232,1,valid
D04082,P00601,1,valid
D03848,P00418,1,valid
D03719,P01102,0,valid
D03132,P01738,0,valid
D00678,P01105,0,valid
D02055,P01588,0,valid
D03103,P01616,0,valid
D00061,P01568,1,valid
D00327,P00557,1,valid
D01428,P01319,0,valid
D03490,P00111,1,valid
D04100,P00746,0,valid
D02870,P00156,1,valid
D00167,P00124,1,valid
D02152,P00270,1,valid
D04093,P00132,0,valid
D02308,P00699,0,valid
D03541,P00688,0,valid
D03961,P00142,1,valid
D03629,P02042,0,valid
D00902,P01313,0,valid
D00808,P00852,0,valid
D01754,P00124,1,valid
D02539,P01163,1,valid
D00075,P02147,0,valid
D02968,P00601,1,valid
D02808,P00069,0,valid
D01738,P01481,0,valid
D00126,P00504,1,valid
D01871,P00072,1,valid
D03239,P01526,0,valid
D02078,P01679,0,valid
D00310,P00806,0,valid
D00262,P02064,0,valid
D01742,P01918,0,valid
D03430,P01816,0,valid
D00374,P00188,1,valid
D01699,P00161,1,valid
D04121,P01882,0,valid
D01523,P00065,1,valid
D00054,P01368,0,valid
D04411,P01433,1,valid
D01033,P00415,0,valid
D04290,P00975,0,valid
D04308,P01456,1,valid
D02601,P00378,1,valid
D02453,P00541,0,valid
D01984,P00169,1,valid
D02821,P01329,0,valid
D03921,P01011,0,valid
D01897,P00041,0,valid
D00892,P00380,1,valid
D01468,P00494,1,valid
D03892,P01224,1,valid
D00330,P00169,1,valid
D03784,P02021,0,valid
D02251,P00389,1,valid
D00907,P00434,0,valid
D01290,P00595,1,valid
D01133,P00155,1,valid
D04252,P00273,0,valid
D03503,P01708,0,valid
D01392,P00314,1,valid
D03391,P01487,0,valid
D00065,P00915,0,valid
D03865,P01930,0,valid
D00222,P00454,1,valid
D00513,P01578,1,valid
D02428,P01560,0,valid
D02344,P00108,1,valid
D04264,P00171,1,valid
D02687,P00142,0,valid
D03687,P00004,0,valid
D01848,P02012,1,valid
D04412,P01315,1,valid
D03658,P00309,0,valid
D00270,P00820,0,valid
D00051,P01120,1,valid
D03341,P01847,0,valid
D01727,P00017,1,valid
D01951,P00106,1,valid
D02808,P01043,0,valid
D04111,P01962,0,valid
D03976,P00879,0,valid
D04100,P01574,1,valid
D02929,P01934,0,valid
D00598,P00108,0,valid
D02240,P00197,1,valid
D00747,P01043,0,valid
D01742,P01345,1,valid
D01167,P00164,0,valid
D02344,P01410,1,valid
D03718,P01935,0,valid
D01942,P01790,1,valid
D01672,P00001,1,valid
D01672,P00083,1,valid
D03802,P02109,0,valid
D01512,P00001,0,valid
D01097,P00302,0,valid
D03184,P01836,0,valid
D03088,P00171,1,valid
D01866,P00566,1,valid
D03311,P01105,0,valid
D00500,P00044,1,valid
D03809,P01612,0,valid
D01706,P00056,1,valid
D03265,P00734,1,valid
D00305,P00871,1,valid
D02230,P01948,0,valid
D00085,P00230,0,valid
D01857,P01456,0,valid
D03653,P00806,0,valid
D04413,P00480,0,valid
D01291,P01066,0,valid
D01830,P00227,1,valid
D00523,P01215,0,valid
D02779,P00124,1,valid
D01772,P00239,1,valid
D00623,P00124,1,valid
D01877,P00169,1,valid
D02689,P01733,0,valid
D00803,P00616,0,valid
D03634,P01383,0,valid
D01952,P00469,1,valid
D00863,P01469,0,valid
D00190,P00071,0,valid
D02636,P02071,0,valid
D01696,P00169,1,valid
D03836,P01196,0,valid
D02826,P00124,1,valid
D01882,P00124,1,valid
D02749,P01324,0,valid
D00017,P02043,0,valid
D00332,P00044,1,valid
D00163,P00056,1,valid
D01479,P01780,1,valid
D03002,P01213,0,valid
D01072,P01571,0,valid
D00340,P02140,0,valid
D03382,P00003,1,valid
D00859,P00350,0,valid
D03919,P01684,0,valid
D04337,P02099,0,valid
D03249,P01870,0,valid
D02060,P01467,0,valid
D03059,P01102,0,valid
D00695,P01467,1,valid
D03717,P00289,0,valid
D02968,P00956,1,valid
D00221,P00375,1,valid
D00399,P00063,1,valid
D00300,P01892,1,valid
D03083,P01070,0,valid
D00380,P00785,0,valid
D01674,P00678,0,valid
D02708,P00734,1,valid
D02920,P00711,0,valid
D03430,P00994,1,valid
D00260,P00092,1,valid
D03382,P02135,0,valid
D00300,P00558,1,valid
D00839,P00413,1,valid
D01696,P00016,1,valid
D00101,P00314,1,valid
D04414,P01241,0,valid
D03849,P00367,0,valid
D00955,P01545,0,valid
D00598,P00269,1,valid
D00611,P00083,0,valid
D03635,P01761,0,valid
D00988,P01762,0,valid
D01418,P01391,0,valid
D04308,P01191,0,valid
D03927,P00914,1,valid
D01468,P01464,1,valid
D00615,P00681,1,valid
D03316,P01863,0,valid
D03759,P00527,0,valid
D02076,P01591,0,valid
D02804,P01213,0,valid
D04367,P00689,1,valid
D04344,P01097,1,valid
D02605,P00056,1,valid
D03079,P01263,1,valid
D01771,P01869,0,valid
D00243,P00819,0,valid
D01274,P00772,0,valid
D02038,P01093,0,valid
D03079,P00951,1,valid
D04415,P01202,1,valid
D03370,P01998,0,valid
D02175,P01379,0,valid
D03941,P01267,0,valid
D02174,P01613,0,valid
D01672,P00915,0,valid
D01301,P00557,1,valid
D03679,P00047,1,valid
D00404,P00189,1,valid
D01925,P02110,1,valid
D03858,P01519,1,valid
D00523,P00104,0,valid
D02663,P01403,0,valid
D02507,P00385,0,valid
D01396,P01041,1,valid
D00886,P00124,1,valid
D01885,P00155,1,valid
D03798,P02054,0,valid
D03010,P00078,1,valid
D03804,P01790,0,valid
D03292,P00528,1,valid
D03729,P00049,1,valid
D01148,P00214,0,valid
D00529,P01546,1,valid
D02814,P00563,0,valid
D01892,P01484,0,valid
D02499,P00783,0,valid
D00434,P00235,1,valid
D00309,P00124,1,valid
D03131,P01936,0,valid
D00656,P00483,1,valid
D02156,P00287,1,valid
D01524,P00562,0,valid
D02871,P01463,0,valid
D00704,P00454,1,valid
D01700,P00166,1,valid
D01457,P01374,1,valid
D02561,P00564,0,valid
D03400,P00709,0,valid
D01026,P00172,1,valid
D00729,P00809,1,valid
D01113,P00809,1,valid
D03467,P00663,0,valid
D00846,P00223,0,valid
D03779,P01439,1,valid
D00967,P01372,1,valid
D00300,P00295,1,valid
D02413,P00287,1,valid
D02670,P00674,0,valid
D00573,P00140,0,valid
D00402,P01556,0,valid
D01365,P01439,1,valid
D00526,P00936,0,valid
D00145,P01750,1,valid
D02633,P01477,0,valid
D00886,P00604,1,valid
D00354,P00236,1,valid
D00209,P00156,1,valid
D02650,P00012,1,valid
D01883,P01432,0,valid
D00035,P00559,0,valid
D02692,P00124,1,valid
D02753,P01053,0,valid
D01374,P00398,0,valid
D03439,P01061,0,valid
D00121,P02018,0,valid
D00385,P01081,1,valid
D04416,P02100,0,valid
D01897,P00460,0,valid
D01253,P00188,1,valid
D02679,P00312,1,valid
D03243,P00303,0,valid
D01386,P00885,1,valid
D01294,P00663,1,valid
D01186,P00344,0,valid
D02686,P02116,0,valid
D00870,P00357,1,valid
D00748,P00861,0,valid
D02121,P00847,0,valid
D03314,P00911,1,valid
D01754,P00644,0,valid
D02301,P00842,0,valid
D03127,P01310,0,valid
D00045,P00124,1,valid
D01628,P01627,0,valid
D03132,P01249,1,valid
D00311,P02070,1,valid
D01203,P02091,0,valid
D03248,P01866,0,valid
D03806,P01580,1,valid
D01415,P00155,1,valid
D03414,P01352,1,valid
D01699,P00124,1,valid
D00607,P00130,1,valid
D00121,P00142,1,valid
D00614,P02141,1,valid
D00174,P00889,1,valid
D04163,P00092,1,valid
D00136,P00232,1,valid
D01417,P00049,1,valid
D02566,P01419,0,valid
D01966,P00156,0,valid
D01189,P02153,0,valid
D03970,P01921,1,valid
D03667,P01285,1,valid
D00501,P01997,0,valid
D00313,P00309,1,valid
D02277,P02035,1,valid
D03868,P00930,0,valid
D02218,P00056,1,valid
D00838,P00448,1,valid
D00993,P01103,1,valid
D03897,P00837,1,valid
D01679,P00641,0,valid
D00274,P00063,1,valid
D00865,P01776,1,valid
D03345,P00952,0,valid
D02879,P00293,1,valid
D01468,P00569,1,valid
D04110,P00782,0,valid
D01467,P00502,1,valid
D02058,P00171,1,valid
D00852,P00351,1,valid
D00139,P00158,1,valid
D03109,P01974,0,valid
D02375,P00078,1,valid
D03095,P00717,0,valid
D00178,P00115,1,valid
D01578,P00990,1,valid
D03855,P01035,0,valid
D00615,P00161,1,valid
D03003,P01006,0,valid
D03080,P00181,1,valid
D03443,P00195,1,valid
D00994,P00448,1,valid
D02738,P00610,0,valid
D03055,P00504,1,valid
D01232,P00378,1,valid
D03468,P01418,1,valid
D03220,P01364,0,valid
D01777,P00986,0,valid
D00882,P00205,1,valid
D01425,P00818,0,valid
D01188,P00384,0,valid
D00999,P00865,1,valid
D00646,P00681,1,valid
D00615,P00124,1,valid
D00898,P00259,1,valid
D03543,P00802,1,valid
D01113,P00158,1,valid
D00999,P00220,0,valid
D02380,P00233,0,valid
D00385,P00544,1,valid
D02609,P00131,0,valid
D01871,P00294,1,valid
D00281,P00681,1,valid
D04348,P00928,1,valid
D03788,P01735,1,valid
D04417,P01619,1,valid
D00931,P01874,1,valid
D01422,P01949,0,valid
D00994,P00124,1,valid
D01925,P01030,0,valid
D03118,P00640,1,valid
D01468,P00765,1,valid
D03550,P02097,0,valid
D02464,P00338,0,valid
D04418,P01257,1,valid
D01917,P00746,1,valid
D01282,P01495,1,valid
D00261,P01874,1,valid
D04372,P01196,0,valid
D00709,P01803,0,valid
D02853,P00124,1,valid
D00428,P00124,1,valid
D02465,P00760,0,valid
D00240,P01964,0,valid
D03940,P00054,0,valid
D01916,P00418,1,valid
D03217,P02055,0,valid
D01204,P00836,0,valid
D01962,P00436,0,valid
D02240,P00596,1,valid
D02737,P00591,0,valid
D00257,P00124,1,valid
D04419,P00716,1,valid
D00729,P00008,1,valid
D02921,P00689,1,valid
D01104,P01491,0,valid
D01039,P01326,1,valid
D04231,P01774,0,valid
D04165,P00022,1,valid
D01721,P01562,0,valid
D02705,P00315,1,valid
D00106,P01844,0,valid
D02614,P00509,1,valid
D02364,P02125,0,valid
D02962,P00047,1,valid
D00474,P00312,1,valid
D01687,P00382,1,valid
D04257,P01225,0,valid
D04420,P00682,0,valid
D02230,P01877,0,valid
D03269,P01987,0,valid
D03857,P00152,1,valid
D02435,P01839,0,valid
D01271,P00197,1,valid
D00777,P00420,1,valid
D03806,P00887,0,valid
D01218,P01312,0,valid
D02647,P00316,1,valid
D00405,P02029,0,valid
D01879,P00025,1,valid
D01249,P01597,1,valid
D04322,P01023,0,valid
D00557,P00418,1,valid
D00179,P00146,1,valid
D01278,P00085,1,valid
D03743,P01876,0,valid
D00300,P00169,1,valid
D03603,P01443,0,valid
D00994,P00001,1,valid
D00085,P01920,0,valid
D00508,P01133,0,valid
D04213,P00552,0,valid
D01444,P00905,0,valid
D02257,P01257,0,valid
D03633,P00571,0,valid
D01029,P00924,0,valid
D01434,P00751,0,valid
D03712,P00203,0,valid
D01853,P01277,0,valid
D00496,P01346,0,valid
D00150,P00908,1,valid
D03600,P00975,0,valid
D03174,P00198,1,valid
D03166,P00013,0,valid
D01922,P02093,1,valid
D02716,P00902,0,valid
D02249,P00449,1,valid
D02399,P01024,1,valid
D03462,P00970,0,valid
D01089,P01238,0,valid
D02304,P01811,0,valid
D03055,P00056,1,valid
D03494,P00817,0,valid
D04041,P01682,1,valid
D01563,P01547,0,valid
D03721,P01490,1,valid
D00072,P00220,1,valid
D02938,P00701,0,valid
D00327,P01211,1,valid
D03103,P00937,0,valid
D01290,P02123,1,valid
D02492,P00810,0,valid
D00255,P00269,1,valid
D00910,P00528,1,valid
D02564,P00832,0,valid
D02216,P00104,0,valid
D04421,P00848,1,valid
D00776,P00785,1,valid
D01053,P02040,0,valid
D00998,P00789,0,valid
D01237,P00309,1,valid
D04308,P02008,0,valid
D04422,P00262,1,valid
D00384,P00358,1,valid
D04423,P00766,0,valid
D02924,P01662,0,valid
D01631,P00199,1,valid
D01060,P00120,0,valid
D00886,P00385,1,valid
D01275,P00483,1,valid
D03001,P00358,1,valid
D02243,P01184,1,valid
D01153,P01247,1,valid
D03851,P00666,1,valid
D01999,P01373,1,valid
D01253,P00911,1,valid
D00946,P00044,1,valid
D00958,P01238,0,valid
D01703,P02106,0,valid
D03247,P00705,0,valid
D03391,P00429,0,valid
D00158,P00289,1,valid
D02304,P02137,0,valid
D00410,P01964,0,valid
D02708,P01426,0,valid
D04421,P00902,0,valid
D01237,P01415,1,valid
D00076,P02105,0,valid
D03428,P00250,0,valid
D02830,P00171,1,valid
D03308,P01594,0,valid
D01356,P00056,1,valid
D00473,P00078,1,valid
D00945,P00890,0,valid
D02473,P00234,1,valid
D01610,P00073,0,valid
D00103,P01586,0,valid
D01869,P00452,0,valid
D01337,P00962,0,valid
D01503,P00083,0,valid
D00732,P00227,1,valid
D02558,P00044,1,valid
D02675,P00124,1,valid
D00766,P00865,1,valid
D00909,P01862,0,valid
D02191,P01142,1,valid
D01972,P01138,1,valid
D03418,P01515,0,valid
D03095,P01076,1,valid
D00119,P01138,0,valid
D03339,P00554,1,valid
D00508,P00400,1,valid
D02786,P00502,1,valid
D03722,P00488,1,valid
D00460,P00232,1,valid
D03323,P01324,0,valid
D00140,P00227,1,valid
D00351,P00815,1,valid
D02852,P00021,0,valid
D01293,P00319,0,valid
D02668,P00448,1,valid
D02617,P00900,0,valid
D01964,P01878,0,valid
D01837,P01763,1,valid
D00615,P00338,1,valid
D04016,P00242,0,valid
D02926,P01077,0,valid
D02254,P00078,1,valid
D00174,P00316,1,valid
D03140,P00287,1,valid
D01550,P01533,1,valid
D03623,P01579,0,valid
D01237,P00269,1,valid
D00636,P00153,1,valid
D01208,P01687,0,valid
D04375,P01228,0,valid
D01311,P00681,0,valid
D03317,P00066,1,valid
D01449,P00139,0,valid
D00956,P00148,0,valid
D03943,P01354,0,valid
D00529,P00905,1,valid
D00870,P02002,0,valid
D01271,P00082,1,valid
D04313,P00382,1,valid
D00306,P00044,1,valid
D03147,P01369,0,valid
D02115,P01538,1,valid
D01219,P01350,1,valid
D00607,P00264,1,valid
D01040,P01615,0,valid
D00559,P00026,0,valid
D01180,P01663,0,valid
D00598,P00479,1,valid
D03779,P00572,1,valid
D04101,P01556,0,valid
D00968,P00363,1,valid
D01724,P00044,1,valid
D00864,P00363,1,valid
D03376,P00708,0,valid
D00375,P00044,1,valid
D02007,P01302,0,valid
D02475,P00270,1,valid
D04140,P01092,1,valid
D01056,P00309,1,valid
D01711,P00179,0,valid
D04355,P00868,0,valid
D02101,P00124,1,valid
D01957,P00248,0,valid
D00886,P00169,1,valid
D03566,P00316,1,valid
D02170,P00267,1,valid
D00529,P00975,1,valid
D02055,P00380,0,valid
D01945,P00203,0,valid
D00929,P00788,0,valid
D04156,P01607,0,valid
D01291,P01895,0,valid
D04424,P00748,1,valid
D01009,P01070,1,valid
D00329,P00124,1,valid
D01075,P00063,1,valid
D01568,P01419,0,valid
D00330,P00373,1,valid
D03034,P00487,0,valid
D00459,P00328,1,valid
D02330,P01350,0,valid
D03626,P00633,0,valid
D03358,P01481,1,valid
D03149,P00389,0,valid
D02486,P00568,1,valid
D02889,P01392,0,valid
D03456,P00459,0,valid
D03189,P01910,0,valid
D00417,P00058,1,valid
D04110,P00479,1,valid
D00464,P00115,1,valid
D03531,P01382,0,valid
D01626,P01465,1,valid
D02221,P00184,1,valid
D03744,P00382,1,valid
D01176,P00641,0,valid
D03475,P00133,0,valid
D00958,P00171,1,valid
D00597,P00170,1,valid
D03659,P00054,1,valid
D02677,P00382,1,valid
D02975,P00007,0,valid
D02489,P00931,0,valid
D00100,P00339,1,valid
D03373,P00354,0,valid
D00306,P00309,1,valid
D00281,P00269,1,valid
D00353,P01405,0,valid
D03544,P01948,0,valid
D04191,P00744,0,valid
D02189,P01218,0,valid
D04335,P00949,0,valid
D03255,P00541,0,valid
D00691,P00809,1,valid
D00754,P00502,1,valid
D00679,P00056,1,valid
D03007,P01194,0,valid
D02323,P01057,0,valid
D03147,P01612,1,valid
D04405,P01190,0,valid
D04271,P00203,1,valid
D03165,P00387,0,valid
D02252,P01611,0,valid
D00125,P00677,1,valid
D01922,P01684,0,valid
D03648,P02013,0,valid
D03670,P00044,1,valid
D00953,P01485,1,valid
D03348,P01315,0,valid
D00279,P00958,0,valid
D01479,P01267,0,valid
D00938,P00403,0,valid
D00255,P00506,1,valid
D01008,P01587,0,valid
D02353,P00876,0,valid
D03266,P00973,0,valid
D03652,P00316,1,valid
D00991,P01445,1,valid
D04425,P00378,1,valid
D02649,P00155,1,valid
D04030,P01610,0,valid
D04426,P02050,1,valid
D00008,P00220,1,valid
D02893,P00630,0,valid
D01258,P00581,1,valid
D04427,P00256,0,valid
D03450,P00504,1,valid
D03931,P01267,0,valid
D00023,P00604,1,valid
D04396,P00378,1,valid
D00780,P00705,0,valid
D03765,P01025,0,valid
D03884,P00331,0,valid
D02220,P00448,1,valid
D04428,P00702,1,valid
D03695,P00169,1,valid
D01603,P00990,0,valid
D01633,P00296,0,valid
D01628,P00909,1,valid
D03205,P01170,0,valid
D00925,P01759,1,valid
D02327,P01533,1,valid
D00014,P00459,1,valid
D00948,P00203,0,valid
D00795,P01078,1,valid
D03111,P00172,0,valid
D01359,P00871,0,valid
D00022,P01527,1,valid
D02483,P00370,0,valid
D00175,P00531,0,valid
D03265,P01723,0,valid
D00616,P00871,1,valid
D02512,P00047,1,valid
D02841,P01967,0,valid
D00222,P00063,1,valid
D02769,P00650,1,valid
D00261,P00869,1,valid
D03831,P00128,1,valid
D02696,P00601,1,valid
D04285,P01862,0,valid
D00092,P00124,1,valid
D00141,P00016,1,valid
D00746,P00826,0,valid
D04429,P00189,1,valid
D00122,P01755,1,valid
D03837,P00678,0,valid
D00682,P02002,0,valid
D01354,P00995,0,valid
D00167,P00169,1,valid
D04333,P01682,1,valid
D04430,P01065,1,valid
D03071,P00892,0,valid
D00623,P00213,1,valid
D04314,P00541,1,valid
D02912,P00520,0,valid
D02499,P01340,0,valid
D00832,P00262,0,valid
D04431,P00164,1,valid
D02621,P00024,1,valid
D01079,P00187,1,valid
D00107,P02128,1,valid
D02264,P00178,1,valid
D01009,P02143,1,valid
D01618,P00705,0,valid
D01966,P00124,1,valid
D02862,P00019,0,valid
D00170,P00452,1,valid
D01283,P00044,1,valid
D04275,P00166,0,valid
D01295,P00155,1,valid
D03202,P00320,1,valid
D01592,P00940,0,valid
D00903,P00790,0,valid
D01145,P00861,0,valid
D01997,P00259,1,valid
D00499,P01174,0,valid
D02687,P01860,1,valid
D02626,P00379,0,valid
D00021,P01471,0,valid
D03473,P02055,1,valid
D02360,P00203,0,valid
D00307,P00330,0,valid
D04055,P00802,0,valid
D03549,P00142,1,valid
D02783,P00767,0,valid
D00859,P00502,0,valid
D00885,P00447,1,valid
D03365,P00143,1,valid
D01009,P02168,1,valid
D03374,P01821,0,valid
D04154,P00099,1,valid
D00300,P00146,1,valid
D00244,P00874,0,valid
D01536,P00528,1,valid
D01615,P01305,1,valid
D00072,P00133,1,valid
D01249,P01448,1,valid
D00096,P00027,0,valid
D03411,P00851,1,valid
D00444,P00740,1,valid
D02865,P01894,1,valid
D01430,P01874,0,valid
D02944,P01071,0,valid
D03991,P00077,0,valid
D00962,P00124,1,valid
D03076,P01978,0,valid
D03984,P01962,1,valid
D02777,P00124,1,valid
D03484,P01446,0,valid
D03279,P00067,1,valid
D01781,P00049,1,valid
D03311,P00399,0,valid
D01352,P00044,1,valid
D04364,P00472,0,valid
D02190,P01786,0,valid
D00402,P00091,0,valid
D03783,P00265,1,valid
D00312,P01919,1,valid
D00993,P00012,1,valid
D04087,P00415,0,valid
D00057,P00240,0,valid
D04328,P00725,0,valid
D03168,P00738,1,valid
D03030,P00444,0,valid
D00591,P00146,1,valid
D00438,P01164,0,valid
D03708,P00556,0,valid
D00867,P02047,0,valid
D00103,P00147,1,valid
D01404,P00063,1,valid
D01688,P01075,1,valid
D00626,P00044,1,valid
D00971,P01826,0,valid
D00137,P00751,0,valid
D00787,P01138,1,valid
D03998,P00139,0,valid
D03528,P01185,0,valid
D01656,P00468,1,valid
D04294,P02044,0,valid
D00300,P00158,1,valid
D01215,P00935,0,valid
D01706,P01080,1,valid
D00042,P00065,1,valid
D02714,P01040,0,valid
D00382,P01315,1,valid
D01235,P00969,1,valid
D00607,P00234,1,valid
D03346,P02148,0,valid
D03942,P00054,1,valid
D01419,P00382,1,valid
D01025,P00128,0,valid
D00769,P00312,1,valid
D01294,P00124,1,valid
D01920,P01461,0,valid
D02240,P01027,1,valid
D01867,P00199,0,valid
D02560,P01408,0,valid
D01995,P01950,1,valid
D03111,P00672,0,valid
D01212,P02100,0,valid
D00384,P00883,0,valid
D02224,P00782,0,valid
D00746,P00258,1,valid
D02218,P00155,1,valid
D00480,P00967,0,valid
D04185,P00585,0,valid
D00598,P00042,1,valid
D00920,P00012,1,valid
D00838,P01713,0,valid
D00742,P00920,0,valid
D00081,P00125,1,valid
D03223,P01510,0,valid
D01499,P00835,0,valid
D03866,P01734,0,valid
D01972,P00332,0,valid
D03813,P00152,1,valid
D00597,P01351,0,valid
D03887,P01536,0,valid
D04125,P01607,0,valid
D02431,P01250,0,valid
D02504,P00189,1,valid
D04260,P00499,1,valid
D02899,P00363,0,valid
D01412,P00871,1,valid
D01892,P01142,0,valid
D01368,P01610,0,valid
D03405,P00551,0,valid
D01614,P00056,1,valid
D02506,P00130,1,valid
D00349,P00170,1,valid
D02407,P00587,0,valid
D03991,P00743,0,valid
D03122,P01063,0,valid
D02283,P00571,0,valid
D01510,P00124,1,valid
D01287,P00133,1,valid
D02158,P00619,0,valid
D02138,P00138,0,valid
D00183,P00819,0,valid
D04432,P01056,1,valid
D01367,P01655,0,valid
D02238,P00083,1,valid
D00144,P01549,0,valid
D02496,P00981,0,valid
D01340,P01298,0,valid
D01291,P00051,1,valid
D03802,P00120,0,valid
D03601,P00953,1,valid
D00240,P00234,1,valid
D03939,P00054,1,valid
D01986,P00124,1,valid
D03068,P00234,1,valid
D00602,P00541,0,valid
D01662,P00169,1,valid
D03414,P02092,0,valid
D02684,P00044,1,valid
D04125,P00604,1,valid
D01401,P00170,1,valid
D00317,P00737,1,valid
D03958,P01068,0,valid
D02327,P02163,0,valid
D00204,P00131,1,valid
D03146,P00560,1,valid
D00106,P01519,0,valid
D00993,P00044,1,valid
D02901,P00020,0,valid
D03617,P01021,0,valid
D01234,P00911,1,valid
D01282,P01655,1,valid
D04433,P00083,1,valid
D01931,P01291,0,valid
D00872,P01163,0,valid
D04434,P01285,1,valid
D01975,P01222,0,valid
D04387,P00357,0,valid
D00860,P01858,1,valid
D00947,P00504,1,valid
D00911,P01422,0,valid
D03300,P01699,0,valid
D02605,P00258,1,valid
D02338,P00147,0,valid
D03082,P00729,1,valid
D02522,P00764,0,valid
D00422,P00363,1,valid
D01174,P00166,1,valid
D01292,P00499,1,valid
D01748,P01167,0,valid
D00424,P00288,0,valid
D00008,P00506,1,valid
D01211,P00124,1,valid
D01275,P00815,0,valid
D04053,P00944,1,valid
D04093,P00855,0,valid
D00876,P00205,1,valid
D02125,P00940,0,valid
D00261,P02131,1,valid
D02348,P00277,0,valid
D03513,P01929,0,valid
D02176,P00871,1,valid
D01063,P01575,1,valid
D00906,P00714,0,valid
D02146,P00766,0,valid
D02153,P02085,0,valid
D03652,P00735,0,valid
D03718,P01663,1,valid
D01855,P00324,1,valid
D00057,P00329,1,valid
D03987,P01384,0,valid
D01871,P01270,0,valid
D00253,P00652,0,valid
D02620,P00229,0,valid
D03614,P02045,1,valid
D02624,P01507,0,valid
D00896,P01561,0,valid
D01127,P00508,0,valid
D02222,P01358,0,valid
D00455,P00847,1,valid
D00437,P00294,1,valid
D01493,P00630,0,valid
D01210,P00063,1,valid
D03348,P01735,0,valid
D01871,P00056,1,valid
D03329,P01139,0,valid
D03010,P02083,1,valid
D00691,P00377,1,valid
D02683,P02088,0,valid
D01560,P00903,0,valid
D00460,P00203,1,valid
D02065,P01306,0,valid
D04435,P01076,1,valid
D02255,P01473,0,valid
D00931,P00155,1,valid
D03754,P00259,1,valid
D00213,P00229,1,valid
D03054,P00771,1,valid
D04287,P00750,0,valid
D00449,P00444,1,valid
D00529,P00862,1,valid
D03409,P01228,0,valid
D03669,P01002,0,valid
D01401,P00232,1,valid
D03741,P01360,0,valid
D00864,P00871,1,valid
D02874,P01285,0,valid
D01078,P01171,0,valid
D01405,P01569,1,valid
D04436,P00743,0,valid
D00828,P00072,1,valid
D00046,P00066,0,valid
D01318,P00040,1,valid
D03246,P00229,1,valid
D00083,P01245,1,valid
D00630,P00225,0,valid
D01249,P00316,1,valid
D04437,P00286,1,valid
D00025,P00192,0,valid
D00727,P00155,1,valid
D04120,P01065,1,valid
D01081,P00764,0,valid
D01511,P00316,1,valid
D00615,P00377,1,valid
D00420,P00044,1,valid
D02271,P01261,0,valid
D02960,P01315,0,valid
D04438,P00161,0,valid
D01537,P00115,1,valid
D03500,P01919,0,valid
D01660,P01076,1,valid
D02411,P01660,1,valid
D01871,P00401,1,valid
D03906,P01022,0,valid
D00359,P00198,1,valid
D00184,P00419,0,valid
D03697,P01225,0,valid
D00968,P00042,1,valid
D01558,P01087,1,valid
D03938,P00564,0,valid
D04379,P00124,1,valid
D02147,P01965,0,valid
D02458,P01193,0,valid
D03294,P01782,0,valid
D01121,P01185,0,valid
D00116,P02096,0,valid
D00606,P00234,1,valid
D01505,P00507,0,valid
D04439,P01602,0,valid
D03176,P00054,1,valid
D02516,P00522,1,valid
D00332,P00324,1,valid
D02752,P01797,0,valid
D02101,P00078,1,valid
D01889,P00659,0,valid
D00070,P00044,1,valid
D02391,P01056,1,valid
D00993,P01969,1,valid
D03824,P01453,0,valid
D03410,P01466,0,valid
D00101,P00807,1,valid
D00984,P00315,1,valid
D03144,P00063,1,valid
D03285,P00609,0,valid
D00239,P01401,1,valid
D03565,P00764,0,valid
D01722,P02084,0,valid
D04440,P01960,0,valid
D00529,P01499,1,valid
D02453,P01949,0,valid
D04065,P01663,1,valid
D01368,P01754,0,valid
D02806,P01372,1,valid
D00070,P00049,1,valid
D00605,P01991,1,valid
D01686,P00227,1,valid
D03439,P01952,0,valid
D00524,P01421,1,valid
D03167,P00586,0,valid
D00309,P02138,1,valid
D03821,P01734,1,valid
D03284,P00557,1,valid
D00942,P00132,0,valid
D03890,P00040,1,valid
D03491,P02121,0,valid
D00303,P00413,1,valid
D02134,P00807,0,valid
D02729,P00959,1,valid
D02251,P00350,0,valid
D00032,P00162,1,valid
D03824,P02165,1,valid
D00853,P00304,1,valid
D02187,P00174,0,valid
D02202,P00259,1,valid
D02965,P01666,0,valid
D04139,P01730,0,valid
D00872,P01532,0,valid
D03198,P01906,0,valid
D01242,P01162,0,valid
D01158,P00894,1,valid
D02120,P01407,1,valid
D01302,P00124,1,valid
D02864,P01044,0,valid
D00389,P02015,0,valid
D00529,P01183,1,valid
D04143,P01615,0,valid
D04368,P00124,1,valid
D04365,P02103,0,valid
D00486,P00229,1,valid
D02063,P01851,0,valid
D01065,P00935,0,valid
D04224,P00068,1,valid
D03910,P02155,0,valid
D02600,P00194,0,valid
D01586,P01679,1,valid
D00870,P00034,1,valid
D02113,P01737,0,valid
D00256,P02158,0,valid
D03221,P00044,1,valid
D02176,P00078,1,valid
D02034,P01684,0,valid
D02811,P01106,0,valid
D03127,P00804,0,valid
D03547,P00944,1,valid
D01562,P00370,0,valid
D02394,P00327,1,valid
D04441,P01667,1,valid
D02457,P02108,0,valid
D00349,P00314,1,valid
D04294,P00817,0,valid
D02203,P00361,0,valid
D03786,P02024,0,valid
D02365,P00316,1,valid
D01227,P00145,0,valid
D04442,P00835,1,valid
D02386,P01213,0,valid
D00060,P00837,0,valid
D04327,P01443,0,valid
D03860,P01749,1,valid
D00284,P01844,0,valid
D00321,P01566,1,valid
D02569,P00257,0,valid
D01873,P00190,0,valid
D01590,P00357,0,valid
D02179,P02168,0,valid
D01503,P01450,1,valid
D01293,P01614,0,valid
D04229,P02069,0,valid
D03811,P01628,0,valid
D01989,P00049,1,valid
D02317,P00128,0,valid
D01124,P00412,1,valid
D03417,P01090,0,valid
D03790,P00514,0,valid
D00412,P00169,1,valid
D01357,P00393,0,valid
D03735,P01088,1,valid
D01166,P01231,0,valid
D04443,P00905,1,valid
D03007,P00960,0,valid
D01256,P01484,0,valid
D03282,P01491,1,valid
D01467,P00092,1,valid
D01610,P00227,1,valid
D02135,P01655,0,valid
D00055,P00738,1,valid
D00330,P00155,1,valid
D02279,P00701,1,valid
D02279,P00553,1,valid
D00548,P02061,1,valid
D01506,P00290,0,valid
D03584,P01358,0,valid
D00777,P01223,0,valid
D01958,P00416,1,valid
D01507,P00312,1,valid
D01156,P00522,1,valid
D02463,P01160,0,valid
D03285,P00943,0,valid
D00973,P00179,0,valid
D04078,P00541,1,valid
D01853,P02076,0,valid
D01111,P00967,1,valid
D01264,P01601,1,valid
D01236,P01480,1,valid
D00371,P00314,1,valid
D01910,P00049,1,valid
D02524,P00725,0,valid
D04109,P00663,1,valid
D00702,P00115,1,valid
D04393,P00091,0,valid
D01045,P00083,0,valid
D02254,P00124,1,valid
D02564,P01257,1,valid
D01386,P00615,0,valid
D01591,P01987,1,valid
D01938,P00086,1,valid
D01009,P00476,1,valid
D00463,P00826,0,valid
D01046,P01723,0,valid
D01066,P00078,1,valid
D00997,P01052,0,valid
D00511,P00748,1,valid
D04308,P00088,1,valid
D00647,P01922,0,valid
D03342,P00370,1,valid
D00959,P01388,1,valid
D00019,P00622,1,valid
D00364,P00056,1,valid
D00702,P00207,1,valid
D00160,P00092,1,valid
D00931,P00912,0,valid
D03156,P00351,1,valid
D02822,P01408,0,valid
D02024,P00130,1,valid
D01861,P01933,0,valid
D01724,P00197,1,valid
D02297,P02030,0,valid
D01243,P00829,1,valid
D01287,P00070,1,valid
D00204,P00893,1,valid
D00240,P00232,1,valid
D00145,P00987,1,valid
D02953,P01507,0,valid
D00942,P00078,1,valid
D00371,P00502,1,valid
D00061,P01510,0,valid
D02668,P02102,0,valid
D00208,P00155,1,valid
D04264,P02059,0,valid
D03359,P00382,1,valid
D02412,P00078,1,valid
D00572,P00603,0,valid
D02620,P00733,0,valid
D00455,P00072,1,valid
D01780,P01862,0,valid
D01038,P00586,0,valid
D02292,P00314,1,valid
D03694,P00728,0,valid
D02856,P00130,1,valid
D00598,P00363,1,valid
D03228,P01185,0,valid
D00196,P01096,0,valid
D00053,P00995,0,valid
D02722,P02104,0,valid
D03911,P01326,0,valid
D00702,P01581,1,valid
D02648,P01107,0,valid
D01766,P01766,1,valid
D01481,P00169,1,valid
D02455,P00143,0,valid
D02523,P00384,0,valid
D01404,P00946,1,valid
D00094,P00056,1,valid
D00799,P00182,1,valid
D00655,P00351,1,valid
D04175,P00827,0,valid
D01541,P00986,0,valid
D01417,P00099,1,valid
D00151,P00356,1,valid
D04254,P00865,1,valid
D00145,P00542,1,valid
D00092,P00208,1,valid
D02065,P01546,0,valid
D01422,P01201,0,valid
D00425,P01994,0,valid
D00210,P01691,0,valid
D00543,P00865,1,valid
D03691,P00586,0,valid
D04444,P01155,1,valid
D01484,P00124,1,valid
D00529,P01713,1,valid
D03415,P00396,0,valid
D01017,P01754,0,valid
D01582,P00686,0,valid
D01716,P00181,1,valid
D02679,P00012,1,valid
D00440,P00261,1,valid
D04041,P00535,0,valid
D02514,P00493,1,valid
D04009,P00226,0,valid
D01462,P00973,0,valid
D03450,P01504,0,valid
D00694,P01778,0,valid
D01165,P01289,0,valid
D02684,P00063,1,valid
D00637,P00155,1,valid
D02722,P00358,1,valid
D04445,P00581,0,valid
D02755,P00622,1,valid
D01483,P00163,0,valid
D03401,P00780,0,valid
D01022,P01011,1,valid
D00596,P00208,1,valid
D04148,P00792,0,valid
D00736,P00726,0,valid
D01577,P00746,1,valid
D01270,P02106,0,valid
D02991,P00390,0,valid
D00755,P01694,0,valid
D01558,P00513,0,valid
D03741,P00646,1,valid
D03403,P01986,0,valid
D01326,P01076,1,valid
D01316,P01774,0,valid
D01210,P01039,0,valid
D01137,P00652,1,valid
D00829,P00046,0,valid
D00804,P01220,0,valid
D00203,P00056,1,valid
D04172,P02175,0,valid
D00934,P01136,0,valid
D02549,P00515,0,valid
D02050,P01986,0,valid
D01209,P00930,1,valid
D04446,P02031,1,valid
D04012,P00007,1,valid
D00539,P00380,0,valid
D00332,P00375,1,valid
D02713,P00189,1,valid
D00343,P00358,1,valid
D01154,P00377,1,valid
D04186,P00199,1,valid
D01124,P00571,0,valid
D01930,P02057,0,valid
D00726,P00323,1,valid
D00101,P00131,1,valid
D02152,P02104,1,valid
D00702,P01006,1,valid
D03534,P00891,0,valid
D02603,P00765,0,valid
D03758,P01004,1,valid
D01237,P00655,0,valid
D03833,P00565,1,valid
D01923,P00294,0,valid
D01906,P00859,0,valid
D01117,P01307,0,valid
D00014,P01474,1,valid
D01514,P02036,0,valid
D02497,P00022,1,valid
D00705,P01738,1,valid
D01975,P01092,1,valid
D00474,P00363,1,valid
D02485,P00293,1,valid
D00290,P00264,1,valid
D02147,P00024,0,valid
D02636,P01235,1,valid
D02833,P02000,1,valid
D01527,P00377,1,valid
D00837,P00142,1,valid
D03229,P02033,1,valid
D01015,P00791,0,valid
D01681,P00541,0,valid
D02221,P01012,0,valid
D00885,P01915,1,valid
D02297,P01466,0,valid
D02287,P00807,1,valid
D03691,P01329,0,valid
D00704,P00122,0,valid
D02424,P01967,1,valid
D00072,P01420,0,valid
D00224,P01363,0,valid
D02257,P02111,0,valid
D01634,P00521,0,valid
D01579,P00817,0,valid
D03786,P00487,1,valid
D02379,P00448,1,valid
D03959,P01412,0,valid
D02742,P01354,1,valid
D01955,P01282,0,valid
D01997,P00056,1,valid
D00139,P00356,1,valid
D02691,P01864,0,valid
D00020,P00844,0,valid
D04283,P00316,1,valid
D02790,P00866,0,valid
D01554,P00499,0,valid
D02428,P00641,0,valid
D01352,P00012,1,valid
D03228,P00527,0,valid
D01579,P02144,0,valid
D00562,P00056,1,valid
D00732,P00169,1,valid
D02313,P02159,0,valid
D01017,P02000,1,valid
D02885,P00234,1,valid
D01426,P01937,0,valid
D00730,P00942,0,valid
D01052,P01193,0,valid
D00350,P01894,1,valid
D00689,P00422,1,valid
D01626,P01521,0,valid
D03867,P00319,0,valid
D01167,P01840,1,valid
D03316,P00199,1,valid
D02509,P02041,0,valid
D01380,P02087,1,valid
D02196,P02011,0,valid
D00602,P00880,0,valid
D01521,P00828,0,valid
D03411,P01291,0,valid
D01554,P00124,1,valid
D04384,P00131,1,valid
D00562,P00170,1,valid
D03726,P00056,0,valid
D00398,P00262,1,valid
D02357,P00604,1,valid
D01720,P01163,0,valid
D03144,P00044,1,valid
D00303,P00279,0,valid
D02130,P00046,0,valid
D02091,P00171,1,valid
D03053,P00047,1,valid
D04381,P01245,0,valid
D00174,P00049,1,valid
D04217,P00645,0,valid
D02336,P00133,1,valid
D03348,P01446,0,valid
D00043,P00169,1,valid
D01272,P01608,0,valid
D04447,P00469,1,valid
D01935,P00011,0,valid
D00935,P00913,1,valid
D02480,P00370,0,valid
D00185,P00517,0,valid
D00436,P00156,1,valid
D02697,P00056,1,valid
D02772,P00829,0,valid
D03707,P01206,0,valid
D04448,P02065,1,valid
D00700,P01659,1,valid
D01424,P00448,1,valid
D01847,P00244,0,valid
D01377,P00004,0,valid
D01374,P00058,0,valid
D00398,P01687,1,valid
D00105,P00614,0,valid
D01157,P00833,1,valid
D01869,P00316,1,valid
D01507,P01372,0,valid
D00019,P00829,1,valid
D00184,P00054,1,valid
D03060,P00672,1,valid
D00769,P00974,0,valid
D00619,P01559,0,valid
D02667,P00004,0,valid
D00019,P01877,1,valid
D00772,P00072,1,valid
D01925,P01804,1,valid
D00965,P01142,0,valid
D02798,P01838,0,valid
D00512,P01581,1,valid
D02031,P01466,1,valid
D00846,P00688,0,valid
D02609,P01935,0,valid
D04054,P01693,0,valid
D02113,P01030,0,valid
D01880,P00208,1,valid
D03563,P02023,0,valid
D01468,P00918,1,valid
D04449,P00007,1,valid
D02757,P00959,0,valid
D00208,P00296,0,valid
D00014,P01770,0,valid
D02603,P00921,0,valid
D01699,P00153,1,valid
D02310,P01324,0,valid
D04168,P01550,0,valid
D03375,P00738,0,valid
D00136,P00651,0,valid
D01116,P01025,0,valid
D02085,P00378,1,valid
D03084,P00090,0,valid
D00469,P01259,1,valid
D02108,P00279,0,valid
D00385,P00739,1,valid
D01188,P00235,0,valid
D04095,P02159,0,valid
D01324,P00515,0,valid
D00705,P01480,1,valid
D01226,P01383,1,valid
D02832,P01257,1,valid
D01564,P00356,1,valid
D03484,P02138,0,valid
D00840,P00405,1,valid
D04450,P01432,0,valid
D04434,P01154,0,valid
D02856,P00170,1,valid
D04229,P00493,1,valid
D03355,P00158,1,valid
D00151,P00525,1,valid
D01360,P00152,1,valid
D01231,P00063,1,valid
D04378,P01649,0,valid
D00892,P00258,1,valid
D03616,P00316,1,valid
D00151,P00161,1,valid
D03748,P01374,0,valid
D04451,P00865,1,valid
D02961,P00527,0,valid
D00505,P00169,1,valid
D01391,P02128,0,valid
D02379,P00337,1,valid
D00318,P00203,1,valid
D04226,P00911,1,valid
D02216,P01138,0,valid
D04338,P00939,0,valid
D03072,P01919,0,valid
D02248,P01619,1,valid
D01660,P00258,1,valid
D00615,P00146,1,valid
D03580,P01724,0,valid
D00944,P00169,1,valid
D02336,P00416,0,valid
D03402,P01455,0,valid
D01992,P00098,0,valid
D04438,P01338,1,valid
D02471,P02050,0,valid
D02116,P00628,0,valid
D00884,P01389,1,valid
D01513,P01002,0,valid
D02036,P01963,0,valid
D01924,P01019,0,valid
D01473,P01024,1,valid
D03747,P00665,0,valid
D02220,P00698,0,valid
D00478,P01230,1,valid
D01163,P00969,1,valid
D00370,P00063,1,valid
D03266,P01366,0,valid
D00591,P01378,1,valid
D03656,P00971,1,valid
D02071,P01732,0,valid
D00614,P01587,1,valid
D00324,P00380,1,valid
D02772,P00378,1,valid
D01452,P00203,1,valid
D02976,P00163,0,valid
D02909,P01152,0,valid
D04066,P00562,0,valid
D04452,P00142,1,valid
D04312,P00996,0,valid
D03424,P01638,0,valid
D01606,P02170,1,valid
D00179,P00135,1,valid
D01772,P01265,0,valid
D01468,P00927,1,valid
D03873,P01574,1,valid
D02688,P01076,0,valid
D03796,P01505,0,valid
D01362,P01542,0,valid
D01240,P00946,1,valid
D01754,P01341,0,valid
D03395,P01207,0,valid
D03945,P01735,1,valid
D03835,P01324,0,valid
D02195,P01593,1,valid
D03097,P01856,0,valid
D00159,P00169,1,valid
D00339,P01465,1,valid
D01269,P00291,0,valid
D03616,P01006,1,valid
D01904,P01828,0,valid
D01514,P01438,1,valid
D03303,P00933,0,valid
D02904,P01835,0,valid
D01968,P00663,1,valid
D02576,P02095,0,valid
D03509,P01544,0,valid
D01584,P00056,1,valid
D00074,P00557,1,valid
D01686,P00363,1,valid
D02849,P01533,1,valid
D00260,P00375,1,valid
D03947,P01938,0,valid
D00149,P00083,1,valid
D01985,P01585,0,valid
D01754,P00158,1,valid
D01912,P00469,1,valid
D02922,P01202,0,valid
D00544,P00115,1,valid
D00463,P01460,0,valid
D01830,P01511,0,valid
D01870,P01703,1,valid
D00018,P01021,0,valid
D02945,P01851,0,valid
D03514,P00392,1,valid
D02016,P01753,0,valid
D01107,P01480,1,valid
D00329,P01006,1,valid
D00598,P00506,1,valid
D01905,P00310,0,valid
D02495,P00591,0,valid
D00733,P01068,0,valid
D01660,P00375,1,valid
D00667,P02152,0,valid
D03160,P00274,0,valid
D00221,P00234,1,valid
D01017,P00125,1,valid
D02968,P00557,1,valid
D03804,P00197,1,valid
D01586,P01880,1,valid
D00209,P00258,1,valid
D00789,P00085,1,valid
D00598,P00809,1,valid
D01735,P02044,0,valid
D00756,P00133,0,valid
D01865,P00472,0,valid
D04451,P01628,0,valid
D02252,P01005,1,valid
D00606,P00329,1,valid
D00667,P01141,0,valid
D02259,P00019,0,valid
D00615,P00363,1,valid
D00714,P00553,0,valid
D02537,P00608,0,valid
D00225,P01274,1,valid
D01383,P00899,1,valid
D02903,P00370,1,valid
D04097,P00096,0,valid
D01335,P00130,1,valid
D02943,P01718,1,valid
D04335,P00397,0,valid
D02349,P01239,0,valid
D00916,P00277,0,valid
D02492,P00152,1,valid
D00255,P00209,1,valid
D01806,P01067,1,valid
D00589,P01568,0,valid
D01507,P00227,1,valid
D03995,P00385,1,valid
D02770,P01625,0,valid
D00412,P01961,1,valid
D03748,P00107,1,valid
D01012,P00058,0,valid
D02387,P00468,1,valid
D02264,P00247,1,valid
D01713,P01065,0,valid
D01447,P00959,1,valid
D01037,P00091,0,valid
D03760,P00720,0,valid
D03784,P00040,1,valid
D00547,P01564,1,valid
D00412,P01776,1,valid
D00842,P00287,0,valid
D00934,P00294,0,valid
D00024,P01510,0,valid
D03684,P01324,0,valid
D03995,P00044,1,valid
D02637,P00047,1,valid
D02110,P00456,0,valid
D00871,P00497,0,valid
D03007,P00203,0,valid
D00616,P00377,1,valid
D01145,P00977,0,valid
D01310,P00509,1,valid
D03535,P02021,1,valid
D00446,P00312,0,valid
D03608,P01010,0,valid
D02262,P00830,1,valid
D02914,P01886,0,valid
D04453,P01017,0,valid
D00107,P00242,1,valid
D04392,P00552,1,valid
D01316,P00027,0,valid
D00139,P00681,1,valid
D00508,P00207,1,valid
D01479,P00640,1,valid
D02622,P00220,0,valid
D03355,P00309,1,valid
D02572,P00597,0,valid
D02343,P00168,0,valid
D01468,P00192,1,valid
D00925,P00490,0,valid
D01987,P01310,1,valid
D00305,P00158,1,valid
D01085,P01660,0,valid
D01462,P00056,1,valid
D04454,P01248,1,valid
D00099,P00124,1,valid
D00215,P00216,0,valid
D00092,P00170,1,valid
D02192,P00960,0,valid
D03543,P00578,1,valid
D00704,P00666,0,valid
D00422,P00146,1,valid
D02625,P00921,0,valid
D00247,P00316,1,valid
D02077,P00155,1,valid
D00999,P00623,0,valid
D04012,P01575,0,valid
D00321,P00601,1,valid
D01125,P00105,0,valid
D00714,P00423,1,valid
D03288,P01012,0,valid
D01446,P00382,0,valid
D02262,P01095,0,valid
D00599,P01004,0,valid
D02652,P00199,1,valid
D00968,P00871,1,valid
D00496,P00820,1,valid
D01390,P01295,0,valid
D01037,P00156,0,valid
D00847,P00049,1,valid
D00524,P00732,1,valid
D04223,P00170,1,valid
D04358,P01978,0,valid
D00430,P00044,1,valid
D02428,P01574,1,valid
D01778,P00208,1,valid
D01609,P00315,1,valid
D01441,P00155,1,valid
D02216,P00064,0,valid
D01806,P00747,1,valid
D01919,P00443,0,valid
D00520,P01520,0,valid
D01682,P02067,0,valid
D02873,P00115,1,valid
D03551,P01525,0,valid
D00615,P00135,1,valid
D03106,P00568,0,valid
D00347,P01352,0,valid
D01032,P01338,1,valid
D03246,P01246,0,valid
D00363,P00308,0,valid
D00686,P00385,1,valid
D03602,P00074,0,valid
D02811,P01238,0,valid
D00422,P00681,1,valid
D00119,P01687,0,valid
D03346,P00761,1,valid
D03208,P00238,0,valid
D02578,P00554,1,valid
D03383,P00201,0,valid
D04341,P00476,0,valid
D02255,P00610,0,valid
D03665,P01512,0,valid
D00802,P00056,1,valid
D01298,P00017,0,valid
D03680,P00831,1,valid
D02147,P02091,0,valid
D01637,P00049,1,valid
D02657,P01981,0,valid
D04450,P01468,0,valid
D00616,P00681,1,valid
D01002,P00599,0,valid
D00634,P00601,1,valid
D01831,P02051,0,valid
D01019,P01285,0,valid
D00153,P00183,1,valid
D03292,P00124,1,valid
D00629,P01388,1,valid
D04054,P00974,0,valid
D00555,P00296,1,valid
D00687,P00100,0,valid
D03003,P01394,0,valid
D01191,P01373,1,valid
D01942,P01280,0,valid
D04099,P00199,1,valid
D04077,P00965,0,valid
D00371,P00847,1,valid
D00896,P01784,0,valid
D02147,P00548,1,valid
D00676,P01348,0,valid
D03181,P01183,0,valid
D01342,P00358,1,valid
D00070,P01086,1,valid
D01395,P00169,1,valid
D01048,P02046,1,valid
D00271,P00049,1,valid
D01301,P00156,1,valid
D00824,P00169,1,valid
D00231,P00221,1,valid
D02129,P00235,0,valid
D00014,P02026,1,valid
D03399,P01240,1,valid
D01302,P00448,1,valid
D00014,P01831,1,valid
D00717,P02150,0,valid
D04016,P00385,1,valid
D03723,P01191,0,valid
D00361,P00737,1,valid
D03661,P00862,0,valid
D03170,P00600,0,valid
D02862,P00399,0,valid
D00564,P00646,0,valid
D04127,P00874,0,valid
D03595,P01132,0,valid
D03603,P00668,0,valid
D00147,P01673,0,valid
D04098,P00476,0,valid
D02668,P00371,0,valid
D01591,P01613,1,valid
D03975,P00830,1,valid
D02638,P01493,0,valid
D01020,P02109,0,valid
D01098,P00552,1,valid
D00495,P01661,0,valid
D01826,P01903,0,valid
D02080,P00281,1,valid
D01994,P01987,1,valid
D00145,P00954,1,valid
D02451,P00124,1,valid
D03498,P00703,0,valid
D03471,P02072,0,valid
D02284,P00588,0,valid
D00465,P01699,0,valid
D00268,P00124,1,valid
D00729,P00135,1,valid
D00959,P01137,1,valid
D04114,P01888,0,valid
D04304,P01406,1,valid
D03247,P00155,1,valid
D00490,P00944,1,valid
D02863,P01331,0,valid
D01966,P00389,0,valid
D00718,P00401,1,valid
D02893,P01110,0,valid
D00746,P01230,0,valid
D02769,P01951,0,valid
D02519,P01202,0,valid
D00366,P02116,0,valid
D00920,P01480,1,valid
D00288,P00975,1,valid
D00921,P00169,1,valid
D01290,P01406,1,valid
D03453,P00711,0,valid
D04455,P00171,1,valid
D04118,P00971,1,valid
D02301,P00085,1,valid
D01446,P00363,0,valid
D01865,P00739,0,valid
D03702,P00378,1,valid
D01063,P00497,1,valid
D01738,P01320,0,valid
D01308,P00912,1,valid
D00208,P00314,1,valid
D00385,P00331,1,valid
D03157,P00413,0,valid
D02675,P01953,0,valid
D03605,P00022,1,valid
D02672,P00132,0,valid
D00117,P01006,1,valid
D01805,P01736,0,valid
D01680,P00099,1,valid
D03140,P01958,0,valid
D02694,P01644,1,valid
D01670,P01322,0,valid
D03048,P00904,1,valid
D02300,P00315,1,valid
D01464,P00323,1,valid
D02779,P02135,0,valid
D04106,P00711,0,valid
D04299,P00360,0,valid
D00805,P00956,1,valid
D02244,P00416,0,valid
D01517,P01769,0,valid
D03107,P00314,1,valid
D03992,P01751,1,valid
D01237,P00135,1,valid
D01572,P00537,0,valid
D02973,P00414,1,valid
D03989,P01568,0,valid
D01774,P00509,1,valid
D00300,P00354,1,valid
D01017,P00056,1,valid
D03960,P00142,1,valid
D01292,P01194,0,valid
D00508,P01135,1,valid
D02292,P00324,1,valid
D03708,P00775,0,valid
D03066,P00971,1,valid
D03581,P02103,0,valid
D00747,P00157,0,valid
D01679,P00347,1,valid
D00021,P01912,0,valid
D01778,P00448,1,valid
D01533,P00717,0,valid
D00456,P00155,1,valid
D02167,P00314,1,valid
D01538,P00377,1,valid
D04060,P00181,1,valid
D00149,P01851,0,valid
D00035,P01854,1,valid
D03836,P01887,0,valid
D04443,P00286,0,valid
D02290,P01293,0,valid
D02021,P01349,0,valid
D01661,P00859,1,valid
D00071,P00048,0,valid
D00302,P00425,1,valid
D01420,P00617,0,valid
D00625,P00201,1,valid
D00894,P00554,0,valid
D03849,P01398,0,valid
D01672,P00448,1,valid
D01958,P00274,1,valid
D03792,P01550,0,valid
D01040,P00155,1,valid
D01307,P00223,1,valid
D00691,P00871,1,valid
D02031,P01514,1,valid
D00846,P01840,0,valid
D02143,P00171,0,valid
D00905,P01192,0,valid
D01417,P00169,1,valid
D03325,P00226,1,valid
D04043,P01177,0,valid
D02604,P00080,0,valid
D00781,P01935,1,valid
D03433,P00654,0,valid
D02221,P00560,0,valid
D02601,P01681,0,valid
D02611,P01039,1,valid
D01901,P01350,0,valid
D00295,P01686,0,valid
D02944,P01235,0,valid
D03663,P00142,1,valid
D00129,P00941,0,valid
D04241,P00204,1,valid
D01517,P01781,0,valid
D03050,P01087,0,valid
D01335,P00604,1,valid
D01197,P00779,1,valid
D01364,P00170,1,valid
D01989,P00115,1,valid
D00941,P00281,1,valid
D03437,P01215,0,valid
D01862,P00929,0,valid
D02242,P00550,0,valid
D02695,P00044,1,valid
D02158,P00522,0,valid
D00824,P01706,0,valid
D00976,P00268,1,valid
D00222,P00065,1,valid
D03747,P00056,1,valid
D03380,P00777,0,valid
D01499,P01997,0,valid
D03351,P00710,0,valid
D02988,P00276,0,valid
D02330,P01812,1,valid
D04456,P00382,1,valid
D00564,P01197,0,valid
D01017,P00169,1,valid
D00589,P00914,1,valid
D00130,P01868,1,valid
D02750,P00663,1,valid
D00288,P00133,1,valid
D00857,P01444,0,valid
D03634,P01580,0,valid
D04365,P00831,1,valid
D01346,P01214,0,valid
D03528,P02146,0,valid
D03402,P00418,0,valid
D00035,P01410,1,valid
D00030,P01077,1,valid
D00790,P01486,0,valid
D04140,P00169,1,valid
D00929,P01186,0,valid
D03382,P01852,0,valid
D02545,P00666,1,valid
D02541,P00792,0,valid
D00838,P00620,0,valid
D02751,P00497,0,valid
D04457,P00425,1,valid
D00255,P00681,1,valid
D03263,P01074,0,valid
D00306,P01402,1,valid
D00860,P01795,0,valid
D03062,P01685,0,valid
D02189,P02165,0,valid
D03082,P01458,1,valid
D03264,P01048,0,valid
D00432,P02050,1,valid
D00186,P00568,1,valid
D02718,P00434,0,valid
D02208,P02062,0,valid
D03863,P00367,0,valid
D00291,P00155,1,valid
D01187,P00152,1,valid
D01350,P01249,0,valid
D01455,P00124,1,valid
D00844,P01726,0,valid
D04283,P02008,0,valid
D03284,P00262,1,valid
D03591,P00545,0,valid
D00710,P00697,1,valid
D03684,P00042,1,valid
D02783,P01869,0,valid
D04401,P01206,0,valid
D01091,P01618,0,valid
D01790,P01122,0,valid
D02245,P00471,0,valid
D04076,P01231,0,valid
D04016,P00284,0,valid
D00572,P02013,0,valid
D04175,P01561,0,valid
D00939,P02164,1,valid
D01394,P00452,1,valid
D03792,P00659,0,valid
D00828,P01222,1,valid
D02720,P00479,1,valid
D00936,P00943,0,valid
D01143,P01800,0,valid
D00959,P00836,1,valid
D03847,P00482,0,valid
D03287,P00124,1,valid
D01264,P00276,1,valid
D01750,P01761,0,valid
D03760,P00771,1,valid
D01258,P00203,0,valid
D02225,P00594,0,valid
D01788,P00115,1,valid
D00110,P01975,1,valid
D04175,P01563,0,valid
D02046,P00837,1,valid
D00785,P00425,1,valid
D03296,P00416,0,valid
D02174,P00378,1,valid
D04416,P00834,0,valid
D02693,P00007,1,valid
D03691,P02125,1,valid
D04001,P01718,1,valid
D04407,P02089,0,valid
D01880,P00262,1,valid
D00057,P00504,1,valid
D01699,P01749,0,valid
D02934,P01728,0,valid
D00043,P00155,1,valid
D01372,P01415,0,valid
D02695,P00517,0,valid
D03556,P00122,0,valid
D00851,P02129,0,valid
D00260,P02156,0,valid
D02481,P01053,0,valid
D01696,P01948,0,valid
D02641,P01365,0,valid
D02256,P00865,1,valid
D01128,P02053,0,valid
D01401,P00294,1,valid
D02791,P01076,0,valid
D00173,P01625,0,valid
D00455,P01076,1,valid
D01595,P01358,0,valid
D00508,P00069,1,valid
D02961,P00155,1,valid
D03377,P02082,0,valid
D02106,P01138,0,valid
D00141,P00603,1,valid
D00178,P00486,0,valid
D00273,P00748,0,valid
D01032,P01260,1,valid
D04343,P02156,1,valid
D02007,P00582,1,valid
D00511,P01451,0,valid
D00800,P00481,0,valid
D03146,P01065,0,valid
D00380,P00982,0,valid
D00991,P00308,0,valid
D00440,P00401,1,valid
D01674,P01664,0,valid
D01377,P00063,1,valid
D02777,P00610,1,valid
D01541,P01817,0,valid
D02965,P00072,1,valid
D02334,P01844,0,valid
D01917,P01966,0,valid
D01895,P00293,0,valid
D00240,P01076,1,valid
D02559,P01965,1,valid
D03612,P00079,0,valid
D01755,P00056,0,valid
D00670,P00356,1,valid
D02375,P00208,1,valid
D01852,P00044,1,valid
D02465,P01230,0,valid
D00042,P00063,1,valid
D00690,P00976,0,valid
D00151,P00505,1,valid
D02893,P00124,1,valid
D01853,P01890,0,valid
D03924,P00200,1,valid
D00173,P00044,1,valid
D02828,P00046,0,valid
D02647,P01442,1,valid
D03390,P00562,0,valid
D00255,P00328,1,valid
D01061,P00293,0,valid
D03381,P00261,0,valid
D02154,P00717,0,valid
D01830,P00363,1,valid
D03820,P01847,0,valid
D01075,P00040,1,valid
D00323,P02060,0,valid
D01588,P01663,0,valid
D03467,P00314,1,valid
D01167,P00012,1,valid
D01468,P01970,0,valid
D03700,P00015,0,valid
D00228,P02061,1,valid
D02360,P00863,0,valid
D00022,P01164,1,valid
D01080,P00775,0,valid
D02823,P00142,1,valid
D00449,P01134,1,valid
D01661,P00820,1,valid
D00929,P00151,0,valid
D00364,P00169,1,valid
D00362,P00169,1,valid
D04111,P00914,1,valid
D03150,P00418,0,valid
D04140,P00526,1,valid
D00503,P00524,0,valid
D01424,P00169,1,valid
D03993,P01650,0,valid
D04362,P00446,0,valid
D02931,P01686,0,valid
D02176,P00169,1,valid
D00300,P00029,1,valid
D00101,P00170,1,valid
D01073,P01103,1,valid
D01112,P00883,0,valid
D02218,P00240,1,valid
D00341,P01437,0,valid
D00434,P00509,0,valid
D03484,P00981,0,valid
D00950,P00326,1,valid
D02469,P02074,0,valid
D01905,P00226,0,valid
D04036,P00264,1,valid
D02234,P02003,0,valid
D01473,P02042,1,valid
D02014,P01940,1,valid
D01537,P00044,1,valid
D02302,P00913,0,valid
D02426,P01840,0,valid
D01920,P00921,0,valid
D00473,P01725,0,valid
D01537,P00232,1,valid
D03511,P01895,1,valid
D02869,P02164,0,valid
D01282,P00155,1,valid
D00948,P00920,1,valid
D00813,P00971,1,valid
D00229,P00560,1,valid
D00043,P00158,1,valid
D04458,P01897,0,valid
D03295,P01041,1,valid
D04459,P01755,1,valid
D00305,P00008,1,valid
D03937,P01032,0,valid
D01306,P01741,0,valid
D00902,P00200,0,valid
D03973,P00010,0,valid
D00161,P01245,0,valid
D02142,P01241,0,valid
D01497,P01924,0,valid
D00139,P00227,1,valid
D02235,P00996,0,valid
D01486,P01462,0,valid
D00624,P00636,0,valid
D04135,P01136,0,valid
D04325,P00809,0,valid
D03315,P00208,1,valid
D00014,P00004,1,valid
D00189,P00568,0,valid
D01104,P00241,1,valid
D00051,P00426,1,valid
D01061,P02009,0,valid
D02207,P01593,0,valid
D03058,P00258,0,valid
D00108,P01239,1,valid
D01007,P00479,0,valid
D00824,P00166,1,valid
D03453,P00180,0,valid
D01893,P01454,1,valid
D04460,P02137,0,valid
D00821,P00675,0,valid
D01106,P00316,1,valid
D00842,P00906,0,valid
D00626,P00155,1,valid
D03473,P00504,1,valid
D01174,P01228,0,valid
D03561,P01117,0,valid
D00376,P00065,0,valid
D04403,P01889,0,valid
D04022,P02071,0,valid
D01079,P00381,1,valid
D00313,P00169,1,valid
D01377,P00316,1,valid
D01662,P00049,1,valid
D03662,P00004,0,valid
D02722,P00124,1,valid
D00529,P01170,1,valid
D03732,P00349,0,valid
D00312,P01345,1,valid
D03534,P00993,0,valid
D03772,P01486,1,valid
D00251,P00380,1,valid
D00081,P00017,1,valid
D02904,P01415,0,valid
D01442,P00288,0,valid
D04437,P00148,0,valid
D01394,P00936,1,valid
D01757,P00142,1,valid
D03897,P00663,1,valid
D00327,P00072,1,valid
D00255,P01840,0,valid
D01883,P00663,1,valid
D02785,P02133,0,valid
D02385,P00509,1,valid
D02784,P01726,0,valid
D00306,P00220,1,valid
D01153,P01343,0,valid
D01096,P01142,1,valid
D00167,P00375,1,valid
D01327,P01053,1,valid
D03191,P00847,0,valid
D02541,P00430,0,valid
D02880,P00095,0,valid
D04461,P01481,1,valid
D00446,P00923,1,valid
D00019,P00374,1,valid
D02057,P00551,0,valid
D00321,P00156,1,valid
D01700,P00124,1,valid
D01335,P00557,1,valid
D01824,P01702,0,valid
D03610,P01248,0,valid
D00334,P00289,1,valid
D03149,P01814,0,valid
D00014,P01772,1,valid
D03971,P00222,0,valid
D00022,P00056,1,valid
D00199,P00465,0,valid
D00995,P01133,0,valid
D01080,P01334,0,valid
D02265,P01895,1,valid
D02615,P00991,1,valid
D00321,P01132,1,valid
D01139,P00297,1,valid
D02379,P00243,0,valid
D01578,P01568,1,valid
D02562,P00813,0,valid
D00585,P00608,0,valid
D03807,P01238,0,valid
D03637,P00239,0,valid
D02752,P00822,0,valid
D01636,P00394,1,valid
D01471,P01617,1,valid
D01468,P00467,1,valid
D03470,P01188,0,valid
D03192,P01644,0,valid
D02923,P01534,0,valid
D01484,P00509,1,valid
D03090,P00229,1,valid
D03061,P00513,0,valid
D00587,P00044,1,valid
D02296,P00038,0,valid
D02525,P00756,1,valid
D01963,P00382,1,valid
D03533,P00037,0,valid
D00618,P00161,1,valid
D02864,P00229,1,valid
D00959,P00727,1,valid
D03074,P00173,1,valid
D02077,P01690,1,valid
D01188,P01621,0,valid
D00324,P01076,1,valid
D03929,P00581,1,valid
D00461,P00251,0,valid
D02978,P02027,0,valid
D00019,P01048,1,valid
D03761,P00488,1,valid
D00991,P00863,1,valid
D04244,P00142,1,valid
D00162,P01787,0,valid
D03026,P00509,1,valid
D02592,P01295,0,valid
D02250,P02005,1,valid
D01074,P00961,1,valid
D00349,P00613,0,valid
D01687,P00728,0,valid
D01861,P00044,1,valid
D01122,P02101,0,valid
D00415,P00378,1,valid
D01214,P00625,0,valid
D00383,P02112,0,valid
D00249,P00049,1,valid
D00691,P01750,0,valid
D01305,P02152,0,valid
D04398,P01336,0,valid
D00508,P00078,1,valid
D02230,P00368,0,valid
D01686,P00479,1,valid
D00420,P00012,1,valid
D00255,P00347,1,valid
D04155,P00715,0,valid
D00288,P00356,1,valid
D04103,P01205,1,valid
D02121,P01286,0,valid
D03838,P01296,0,valid
D01815,P00878,0,valid
D04279,P01722,1,valid
D02266,P01217,0,valid
D01188,P01180,0,valid
D01920,P00994,0,valid
D03078,P00049,1,valid
D03150,P00706,0,valid
D04205,P00170,1,valid
D03168,P00809,0,valid
D01228,P00457,1,valid
D00639,P02147,0,valid
D01157,P01280,1,valid
D02530,P00169,1,valid
D04462,P00116,1,valid
D00046,P00437,0,valid
D00529,P01644,1,valid
D01452,P00012,1,valid
D04283,P00509,1,valid
D01901,P01409,1,valid
D00014,P01634,1,valid
D04463,P01718,1,valid
D01527,P01402,1,valid
D02174,P00370,0,valid
D02379,P00169,1,valid
D04014,P00437,0,valid
D00150,P01024,0,valid
D04416,P00414,1,valid
D02120,P00115,1,valid
D01145,P00051,1,valid
D03158,P00430,0,valid
D00255,P00044,1,valid
D03727,P00195,1,valid
D03747,P00208,1,valid
D01534,P02088,0,valid
D00426,P00753,0,valid
D00133,P00302,1,valid
D02552,P00851,0,valid
D03101,P00645,0,valid
D03998,P00570,0,valid
D04263,P00073,0,valid
D00498,P00930,0,valid
D02581,P01810,0,valid
D00488,P01910,1,valid
D00301,P01992,1,valid
D00599,P00155,1,valid
D03529,P01480,0,valid
D00251,P01558,0,valid
D00529,P00267,1,valid
D03841,P00224,0,valid
D01969,P01105,0,valid
D01013,P01771,0,valid
D00464,P00063,1,valid
D00105,P02015,1,valid
D01686,P00871,1,valid
D04310,P00265,1,valid
D00150,P01658,1,valid
D02700,P00124,1,valid
D03093,P00124,1,valid
D03712,P01330,1,valid
D01191,P00169,1,valid
D01310,P00124,1,valid
D00636,P00363,1,valid
D00466,P01153,0,valid
D02934,P00739,1,valid
D03633,P00657,1,valid
D04367,P01738,0,valid
D01969,P00130,0,valid
D01576,P00078,1,valid
D01401,P00375,1,valid
D03614,P00737,0,valid
D00071,P00851,1,valid
D01140,P00502,1,valid
D02013,P00234,1,valid
D00022,P00115,1,valid
D00073,P00378,1,valid
D01377,P00044,1,valid
D02587,P00010,0,valid
D01599,P00017,0,valid
D01033,P01173,0,valid
D01829,P00565,1,valid
D01231,P00049,1,valid
D03196,P01679,0,valid
D04004,P00699,0,valid
D02560,P00502,0,valid
D00363,P01767,0,valid
D00372,P01102,1,valid
D03232,P00169,1,valid
D00061,P01672,1,valid
D03719,P00541,1,valid
D01869,P00606,0,valid
D01009,P00117,0,valid
D00133,P00124,1,valid
D00294,P00711,0,valid
D03138,P00428,0,valid
D02138,P01387,0,valid
D01348,P02061,0,valid
D04144,P02153,0,valid
D02787,P00488,1,valid
D00530,P00861,1,valid
D00596,P00124,1,valid
D00175,P01971,0,valid
D02665,P00921,0,valid
D03106,P01041,1,valid
D00870,P00240,1,valid
D00641,P01659,0,valid
D02491,P02149,0,valid
D01239,P00601,1,valid
D00626,P00092,1,valid
D00173,P00063,1,valid
D00014,P01086,1,valid
D01793,P00169,1,valid
D03089,P00123,0,valid
D04376,P01839,0,valid
D00496,P00601,1,valid
D02100,P01783,1,valid
D00300,P00363,1,valid
D04013,P00171,1,valid
D04464,P02177,1,valid
D03682,P01492,1,valid
D03585,P00706,0,valid
D01680,P01184,1,valid
D01287,P00056,1,valid
D04161,P01367,0,valid
D01514,P02122,1,valid
D02612,P00921,0,valid
D01001,P00049,1,valid
D03465,P00249,1,valid
D00600,P01442,0,valid
D01108,P00115,1,valid
D01161,P00012,1,valid
D00420,P00115,1,valid
D00371,P00170,1,valid
D00642,P00634,1,valid
D01551,P01142,1,valid
D03726,P00115,0,valid
D01736,P01617,0,valid
D00993,P00039,1,valid
D02342,P00414,1,valid
D03095,P01689,0,valid
D03028,P00136,0,valid
D00462,P02050,1,valid
D03804,P00265,0,valid
D04262,P00056,1,valid
D01467,P01618,0,valid
D03640,P01298,0,valid
D00014,P01708,1,valid
D04465,P01315,1,valid
D01831,P00488,1,valid
D01017,P00049,1,valid
D01618,P01036,0,valid
D01468,P01965,1,valid
D00525,P00234,1,valid
D02784,P00009,0,valid
D03112,P00564,0,valid
D01591,P02123,0,valid
D01644,P01756,0,valid
D00471,P00849,1,valid
D01784,P02175,1,valid
D02639,P00330,0,valid
D01288,P01283,0,valid
D02777,P00044,1,valid
D03994,P01632,0,valid
D03813,P00764,0,valid
D03465,P02147,0,valid
D01847,P00796,1,valid
D00051,P01938,1,valid
D00712,P00018,0,valid
D03608,P00852,0,valid
D04399,P00803,0,valid
D01837,P01326,0,valid
D03472,P01837,0,valid
D03285,P00334,1,valid
D00704,P00237,0,valid
D00037,P02003,0,valid
D03061,P00443,0,valid
D00051,P01028,1,valid
D04006,P00698,0,valid
D03695,P00975,0,valid
D01527,P00222,1,valid
D02849,P00762,0,valid
D01712,P00337,1,valid
D01335,P02100,0,valid
D00735,P01304,0,valid
D04212,P00414,1,valid
D01729,P01148,1,valid
D00429,P00142,1,valid
D02016,P00441,0,valid
D01731,P01906,0,valid
D02896,P00881,0,valid
D01298,P00424,0,valid
D03126,P01967,0,valid
D04148,P00909,1,valid
D02650,P01825,1,valid
D00548,P00872,0,valid
D03680,P02153,0,valid
D00389,P01390,0,valid
D01214,P01324,0,valid
D00544,P00459,0,valid
D01610,P00269,1,valid
D01464,P00155,1,valid
D03946,P00189,1,valid
D04361,P01155,1,valid
D03926,P02108,1,valid
D00022,P00065,1,valid
D02477,P00382,1,valid
D04153,P01795,0,valid
D01752,P01060,0,valid
D00255,P00169,1,valid
D02251,P01379,0,valid
D02022,P00504,1,valid
D01009,P01065,1,valid
D02375,P00601,1,valid
D00014,P01945,1,valid
D00773,P00049,1,valid
D03761,P00708,0,valid
D01362,P00044,1,valid
D04210,P00370,1,valid
D01162,P00133,1,valid
D01401,P01076,1,valid
D03509,P00062,0,valid
D00578,P00851,0,valid
D03369,P01350,0,valid
D04345,P01309,1,valid
D03536,P00055,0,valid
D00257,P02020,0,valid
D01848,P01157,0,valid
D01527,P00985,1,valid
D00158,P00168,0,valid
D04006,P01121,0,valid
D03700,P01669,0,valid
D00180,P01638,0,valid
D00671,P00124,1,valid
D01951,P00385,1,valid
D00630,P00169,1,valid
D01997,P01664,0,valid
D04062,P01533,1,valid
D02785,P00720,0,valid
D03198,P01713,0,valid
D00263,P00259,1,valid
D01089,P00044,1,valid
D03648,P00702,0,valid
D00361,P01434,0,valid
D00382,P01270,0,valid
D01508,P01353,0,valid
D01822,P00323,1,valid
D00511,P01336,1,valid
D01665,P00036,0,valid
D04428,P01988,0,valid
D00178,P00323,1,valid
D00548,P00449,0,valid
D01264,P00393,0,valid
D04361,P00151,0,valid
D03765,P00142,1,valid
D00638,P00687,1,valid
D03096,P00344,0,valid
D03609,P00774,0,valid
D03156,P01985,0,valid
D01937,P00002,1,valid
D01847,P00021,1,valid
D02942,P00056,1,valid
D01081,P00316,1,valid
D02264,P01258,1,valid
D04122,P01907,0,valid
D00512,P01573,0,valid
D04466,P01871,1,valid
D03908,P01494,0,valid
D01293,P00095,0,valid
D00145,P01784,1,valid
D03196,P01260,0,valid
D02394,P00124,1,valid
D04435,P00778,0,valid
D01937,P00737,1,valid
D00949,P00056,1,valid
D04301,P01905,0,valid
D03751,P01819,0,valid
D03357,P00306,0,valid
D01154,P00556,0,valid
D01325,P00124,1,valid
D02348,P00042,0,valid
D01941,P00056,1,valid
D01129,P00056,1,valid
D00959,P01369,1,valid
D02126,P00501,0,valid
D00493,P01263,1,valid
D01282,P00124,1,valid
D00969,P02130,0,valid
D04226,P01673,0,valid
D02352,P00971,0,valid
D01108,P02178,1,valid
D01022,P01480,1,valid
D00321,P00157,1,valid
D01900,P00921,0,valid
D04402,P00714,0,valid
D00608,P00027,0,valid
D01519,P00324,1,valid
D03706,P00878,0,valid
D00976,P00673,0,valid
D00828,P00596,1,valid
D01877,P00879,0,valid
D01259,P00078,0,valid
D02048,P01891,0,valid
D00935,P00076,1,valid
D03691,P01633,0,valid
D03272,P00301,0,valid
D01571,P00509,1,valid
D01885,P00220,1,valid
D01224,P01292,0,valid
D03085,P00601,0,valid
D03684,P00913,0,valid
D00636,P01453,0,valid
D00138,P00809,1,valid
D00140,P00642,1,valid
D00238,P01260,1,valid
D01732,P01073,0,valid
D02047,P01058,0,valid
D03131,P00772,0,valid
D04334,P00802,1,valid
D00769,P00356,1,valid
D00945,P00056,1,valid
D02732,P00393,0,valid
D00105,P01733,1,valid
D01517,P00396,0,valid
D04427,P01019,1,valid
D03853,P01433,0,valid
D01190,P00393,0,valid
D01908,P01338,0,valid
D00960,P00058,0,valid
D01430,P00174,1,valid
D01603,P00480,0,valid
D03552,P00487,1,valid
D01403,P00289,1,valid
D00717,P00655,1,valid
D02132,P01554,0,valid
D00650,P00042,1,valid
D02227,P00376,1,valid
D04211,P00011,0,valid
D01864,P00587,0,valid
D04181,P00364,0,valid
D01697,P01470,0,valid
D00632,P00240,0,valid
D03131,P00567,1,valid
D00428,P01076,1,valid
D00014,P01761,1,valid
D01855,P00198,1,valid
D02141,P01575,0,valid
D00827,P00541,0,valid
D00550,P00040,1,valid
D04106,P01202,0,valid
D00133,P00448,1,valid
D02644,P00378,1,valid
D01652,P01912,0,valid
D03217,P01076,1,valid
D03837,P00378,1,valid
D00179,P00124,1,valid
D01345,P01575,0,valid
D00150,P00869,1,valid
D00318,P00316,1,valid
D03791,P01872,1,valid
D04394,P00998,0,valid
D01040,P00169,1,valid
D00679,P00078,1,valid
D00835,P02108,0,valid
D01058,P00992,0,valid
D02531,P00102,0,valid
D03732,P00624,0,valid
D01548,P01492,0,valid
D02251,P01976,0,valid
D02022,P01232,0,valid
D02750,P01259,0,valid
D02931,P00025,1,valid
D00253,P01965,0,valid
D01499,P01096,1,valid
D00131,P01296,0,valid
D00993,P00463,1,valid
D01270,P00459,0,valid
D01212,P00784,0,valid
D00114,P00517,1,test
D00014,P00176,1,test
D02603,P00998,1,test
D00950,P00124,1,test
D02031,P01867,1,test
D00654,P00124,1,test
D04467,P00712,0,test
D04281,P01056,1,test
D04366,P01256,0,test
D03463,P00783,0,test
D04468,P00577,0,test
D04176,P02092,0,test
D00422,P00269,1,test
D01249,P02078,0,test
D01994,P00271,0,test
D00998,P00783,0,test
D00052,P00091,0,test
D02798,P00461,0,test
D01319,P00124,1,test
D00993,P00932,0,test
D02759,P00306,1,test
D03631,P00240,1,test
D02955,P00504,0,test
D02973,P00901,0,test
D03789,P01423,0,test
D00279,P00124,1,test
D00191,P00640,1,test
D02790,P01433,0,test
D00555,P00689,1,test
D02627,P01923,0,test
D02989,P00037,0,test
D03067,P01366,1,test
D00909,P01341,0,test
D03693,P00457,0,test
D03655,P00370,0,test
D00882,P00291,0,test
D01079,P00884,1,test
D01507,P00220,1,test
D04080,P01476,0,test
D01725,P00262,1,test
D01317,P01018,1,test
D02871,P00843,0,test
D01164,P00930,0,test
D04015,P01205,0,test
D00154,P02074,0,test
D00491,P00049,1,test
D02312,P00425,1,test
D00194,P00365,1,test
D02331,P01655,0,test
D01934,P01001,0,test
D01949,P00189,1,test
D02135,P00744,0,test
D03106,P01053,0,test
D00788,P01773,0,test
D00835,P00565,1,test
D02423,P01435,0,test
D02304,P00569,0,test
D03585,P01704,0,test
D03193,P00124,1,test
D04395,P00054,1,test
D00880,P00513,1,test
D01165,P00049,1,test
D01378,P00498,1,test
D03209,P01293,1,test
D00282,P00169,1,test
D01167,P01519,1,test
D02992,P00389,1,test
D00271,P00155,1,test
D00767,P00370,1,test
D00659,P00203,1,test
D03376,P00865,1,test
D03090,P01716,0,test
D02858,P01563,1,test
D03394,P00220,0,test
D00740,P01791,0,test
D01835,P01384,0,test
D02896,P00263,0,test
D01009,P01681,1,test
D01153,P00431,0,test
D00043,P01521,0,test
D03205,P00226,1,test
D02080,P01224,0,test
D02840,P01027,1,test
D03520,P00546,0,test
D01035,P00253,0,test
D01500,P00898,0,test
D00630,P00992,0,test
D00777,P00044,1,test
D00987,P00584,1,test
D02101,P01274,1,test
D02194,P00557,0,test
D04029,P02149,0,test
D00014,P00662,1,test
D04335,P00969,1,test
D02643,P00266,0,test
D00936,P01599,0,test
D00313,P00975,1,test
D00234,P00985,0,test
D04119,P00552,1,test
D03153,P01249,0,test
D01774,P00121,0,test
D00125,P00634,0,test
D04105,P00720,0,test
D03453,P01921,0,test
D03425,P00560,1,test
D02155,P00289,1,test
D01287,P00351,1,test
D00159,P01345,1,test
D03492,P00889,1,test
D02743,P00954,0,test
D01864,P01111,0,test
D00588,P00049,1,test
D03209,P01207,0,test
D00107,P00334,1,test
D00376,P00315,0,test
D03044,P01252,0,test
D00961,P00819,0,test
D03745,P00147,0,test
D00460,P02020,1,test
D04249,P00879,0,test
D01147,P00008,1,test
D02881,P00566,0,test
D01523,P00234,1,test
D00016,P00419,0,test
D01763,P00865,1,test
D03176,P00841,0,test
D03814,P01092,0,test
D01686,P00008,1,test
D00968,P00135,1,test
D01912,P01914,0,test
D02144,P00652,1,test
D04317,P01298,0,test
D00182,P00147,1,test
D04469,P00501,0,test
D00384,P00044,1,test
D03518,P01022,0,test
D01578,P01672,1,test
D03972,P02031,1,test
D01996,P00670,1,test
D00792,P00124,1,test
D02610,P00012,1,test
D04161,P00156,1,test
D02370,P01064,0,test
D01052,P00992,1,test
D03028,P01242,0,test
D00976,P00856,1,test
D01475,P00724,0,test
D01870,P00551,0,test
D00758,P00868,0,test
D02070,P01452,0,test
D01075,P01603,1,test
D01694,P01275,1,test
D00725,P00753,0,test
D00101,P02009,0,test
D00204,P00375,1,test
D01441,P00065,1,test
D02379,P01274,1,test
D03624,P00264,0,test
D00038,P01364,1,test
D00881,P00552,1,test
D01502,P00734,0,test
D01761,P00245,1,test
D01287,P01148,1,test
D01080,P01780,1,test
D03618,P00760,1,test
D01494,P00800,0,test
D01322,P00902,0,test
D04363,P01549,0,test
D00187,P00150,0,test
D01161,P00448,1,test
D02528,P00143,1,test
D03701,P02029,0,test
D03275,P01343,0,test
D01312,P01246,0,test
D04225,P00054,1,test
D02025,P00659,1,test
D03167,P01353,0,test
D02717,P00632,0,test
D01167,P00124,1,test
D02547,P00044,1,test
D00385,P00113,0,test
D02011,P01025,0,test
D03971,P02178,0,test
D02934,P00269,0,test
D00014,P01813,1,test
D03903,P01616,0,test
D01882,P00673,0,test
D02517,P00197,1,test
D01160,P01316,0,test
D00424,P00028,1,test
D02379,P00049,1,test
D02128,P00478,0,test
D02156,P00044,1,test
D03747,P00169,1,test
D03206,P00016,1,test
D02781,P00803,1,test
D03377,P01470,0,test
D00076,P01809,1,test
D00625,P00304,1,test
D01692,P00259,1,test
D00777,P01006,1,test
D01885,P00309,1,test
D00607,P00454,1,test
D03368,P00723,0,test
D04039,P01080,1,test
D01587,P00969,1,test
D03758,P01312,0,test
D04398,P00055,0,test
D04381,P01549,0,test
D02160,P00199,1,test
D00864,P00158,1,test
D02827,P00554,1,test
D02957,P01639,0,test
D02969,P00048,0,test
D02236,P01042,0,test
D01590,P00999,1,test
D02224,P01161,0,test
D00622,P00177,1,test
D00032,P00800,0,test
D00305,P01215,0,test
D00367,P00155,1,test
D03696,P00807,0,test
D02650,P00762,1,test
D02253,P00411,0,test
D01169,P00040,1,test
D04112,P00488,1,test
D01403,P02091,0,test
D00309,P00699,1,test
D01768,P01862,0,test
D00487,P00578,0,test
D03238,P01396,0,test
D00526,P00113,0,test
D03628,P01634,0,test
D00195,P01397,1,test
D03196,P00451,0,test
D03574,P00716,1,test
D00072,P00309,1,test
D02307,P00121,1,test
D00179,P00240,1,test
D01654,P00319,0,test
D04406,P01563,0,test
D04006,P00043,0,test
D01610,P00153,1,test
D01306,P00462,0,test
D03009,P01519,1,test
D00221,P01909,0,test
D00012,P01665,1,test
D00064,P01528,0,test
D00883,P00604,1,test
D01258,P01902,0,test
D00892,P00156,1,test
D01016,P00086,0,test
D00821,P01628,0,test
D00921,P00044,1,test
D03522,P00044,1,test
D02264,P01405,1,test
D00455,P00044,1,test
D02968,P00044,1,test
D01885,P00356,1,test
D01307,P01329,0,test
D04048,P01100,0,test
D01319,P01066,0,test
D00059,P00259,1,test
D00591,P00377,1,test
D01468,P01986,1,test
D00949,P00076,0,test
D03229,P01531,1,test
D01967,P00243,1,test
D03490,P01887,0,test
D00043,P00809,1,test
D03917,P00635,0,test
D02539,P01294,0,test
D00601,P00316,1,test
D00302,P00807,1,test
D04335,P01260,1,test
D03012,P01941,0,test
D00617,P00124,1,test
D00334,P01865,1,test
D02621,P01672,0,test
D03683,P00865,1,test
D03327,P01040,0,test
D01165,P00063,1,test
D01897,P01026,0,test
D00611,P01384,0,test
D00764,P00918,0,test
D01023,P02103,0,test
D01401,P00260,1,test
D02323,P00623,1,test
D01405,P01221,0,test
D02595,P00054,1,test
D00508,P00020,1,test
D01335,P02086,1,test
D02800,P01716,0,test
D02861,P01214,0,test
D02672,P02044,0,test
D02707,P01081,0,test
D03562,P01432,1,test
D03286,P01961,0,test
D01232,P00669,1,test
D01887,P00883,0,test
D04167,P00326,0,test
D03811,P01451,0,test
D02874,P00071,0,test
D01238,P00092,1,test
D02216,P00544,1,test
D03922,P00951,0,test
D02608,P02076,0,test
D01830,P01241,1,test
D00409,P00959,1,test
D01287,P00134,1,test
D01670,P00056,1,test
D02535,P00259,1,test
D00014,P01639,1,test
D00014,P00349,1,test
D03322,P02095,0,test
D02162,P00694,0,test
D02926,P01972,0,test
D02734,P01575,0,test
D00414,P00793,0,test
D01270,P00650,1,test
D00976,P00520,1,test
D04470,P01126,1,test
D03778,P00227,0,test
D01632,P00762,0,test
D01237,P00312,1,test
D03193,P00022,1,test
D00530,P00373,1,test
D02626,P00779,0,test
D02272,P01546,0,test
D04435,P01787,0,test
D02824,P01634,0,test
D03721,P00187,0,test
D00150,P01752,1,test
D00885,P00592,0,test
D00892,P00130,1,test
D02526,P01844,0,test
D00364,P01268,0,test
D01237,P00377,1,test
D02049,P01810,0,test
D02666,P00155,1,test
D01069,P00727,0,test
D00730,P00099,1,test
D02382,P00626,0,test
D02033,P00782,1,test
D00512,P01378,1,test
D02748,P01143,1,test
D02264,P01674,1,test
D03479,P00926,0,test
D03586,P00169,0,test
D00901,P00170,1,test
D03276,P00373,1,test
D00103,P01977,0,test
D03470,P00657,0,test
D03873,P00640,0,test
D01084,P00553,0,test
D04302,P00672,0,test
D00312,P01637,1,test
D00478,P00316,1,test
D02549,P00795,0,test
D02146,P01146,0,test
D01187,P00630,0,test
D01241,P00634,1,test
D00492,P00193,1,test
D04043,P00551,0,test
D03077,P00220,0,test
D01713,P00724,0,test
D00444,P00925,1,test
D03887,P00557,0,test
D04320,P01353,0,test
D01926,P01022,0,test
D01029,P00124,1,test
D02779,P02065,0,test
D00281,P00124,1,test
D02201,P00045,1,test
D00179,P00220,1,test
D00204,P00056,1,test
D01304,P00711,0,test
D01437,P00509,1,test
D00313,P00042,1,test
D03542,P00315,0,test
D02694,P01627,1,test
D00289,P00460,0,test
D00629,P01581,0,test
D00523,P00326,1,test
D00749,P01565,0,test
D00128,P01277,0,test
D04030,P00936,0,test
D03433,P00054,1,test
D04469,P01466,0,test
D01668,P01053,0,test
D00370,P01452,0,test
D01287,P00783,0,test
D00074,P01235,1,test
D04471,P00054,1,test
D01514,P01467,0,test
D00485,P00373,1,test
D02883,P00227,0,test
D01466,P01322,0,test
D01660,P00130,1,test
D01685,P00193,0,test
D00521,P02009,0,test
D00339,P00063,1,test
D00873,P01626,0,test
D03720,P00208,0,test
D03807,P00569,0,test
D02864,P00649,0,test
D01292,P01785,0,test
D01564,P00377,1,test
D02079,P00004,0,test
D00614,P00827,1,test
D01236,P00216,1,test
D00508,P01116,0,test
D01317,P00064,0,test
D04432,P01800,0,test
D00805,P00294,1,test
D01740,P00115,1,test
D00416,P01157,0,test
D00324,P00502,1,test
D04052,P01905,0,test
D00731,P01429,1,test
D03009,P00591,0,test
D03523,P01499,0,test
D04185,P02174,0,test
D03889,P01378,1,test
D01527,P00090,1,test
D01493,P00647,0,test
D02895,P01845,0,test
D02600,P00124,1,test
D01918,P02153,0,test
D00136,P01830,0,test
D01216,P01870,0,test
D02429,P00007,0,test
D03999,P01726,0,test
D00014,P00961,1,test
D02756,P00233,1,test
D00008,P00087,0,test
D04377,P00130,1,test
D00324,P00208,1,test
D00626,P00314,1,test
D04363,P01576,0,test
D03717,P01759,1,test
D04376,P01392,0,test
D02774,P01351,0,test
D02051,P00811,0,test
D02250,P00219,0,test
D03790,P01257,0,test
D02539,P00672,1,test
D03867,P00477,0,test
D03752,P01468,0,test
D01516,P01111,0,test
D00881,P00973,0,test
D02227,P01485,0,test
D00313,P00155,1,test
D03263,P01680,0,test
D03175,P00142,1,test
D03045,P00234,0,test
D02615,P00177,1,test
D00083,P01370,0,test
D00996,P00946,0,test
D03116,P00378,0,test
D00354,P01880,0,test
D00840,P01006,1,test
D03849,P01772,0,test
D03026,P00316,1,test
D01836,P00229,1,test
D01503,P01224,1,test
D01409,P00033,0,test
D01213,P00150,0,test
D00957,P00480,1,test
D02752,P01651,0,test
D03798,P02084,1,test
D04070,P00568,1,test
D03791,P00124,1,test
D01260,P00170,1,test
D01951,P01426,1,test
D00729,P00158,1,test
D00232,P00965,1,test
D00905,P00502,1,test
D01780,P00574,0,test
D00633,P00935,0,test
D02220,P00124,1,test
D02084,P00293,0,test
D04225,P00758,0,test
D00138,P00135,1,test
D03522,P02050,1,test
D01115,P00763,0,test
D03518,P00119,0,test
D00014,P00432,1,test
D03280,P01186,0,test
D00324,P00203,1,test
D04261,P00026,0,test
D01009,P00869,0,test
D00876,P01138,1,test
D03453,P00522,0,test
D03405,P00124,1,test
D00321,P00197,1,test
D02342,P01882,0,test
D01134,P00392,1,test
D02260,P01043,0,test
D01761,P00954,0,test
D01734,P00130,1,test
D04472,P00694,0,test
D04403,P01242,0,test
D04473,P01471,1,test
D01523,P01345,0,test
D00281,P00008,1,test
D01935,P00454,1,test
D03669,P00573,0,test
D01346,P00051,0,test
D00035,P00044,1,test
D02695,P00056,1,test
D01871,P00156,1,test
D01642,P02049,0,test
D02630,P01797,0,test
D04368,P01449,0,test
D00317,P01156,0,test
D00525,P01254,0,test
D00014,P02033,1,test
D00894,P00912,1,test
D00014,P01135,1,test
D00255,P00130,1,test
D02651,P00504,1,test
D01544,P02086,0,test
D03238,P00900,0,test
D00680,P01875,0,test
D04293,P00378,1,test
D03451,P01901,0,test
D00574,P01809,1,test
D01679,P01346,0,test
D04034,P00045,0,test
D02501,P01977,1,test
D04288,P00258,1,test
D00302,P00155,1,test
D02722,P01799,0,test
D04474,P00701,1,test
D04300,P00306,0,test
D03999,P01656,0,test
D04462,P00343,0,test
D01384,P00499,0,test
D04085,P01907,0,test
D00140,P00506,1,test
D04281,P01439,0,test
D02338,P01274,1,test
D03309,P00478,0,test
D01869,P01056,1,test
D01737,P01961,0,test
D03168,P01986,0,test
D03098,P01716,0,test
D03444,P01091,0,test
D04232,P00635,0,test
D03988,P00831,1,test
D00437,P00187,0,test
D03762,P00152,1,test
D01012,P00584,0,test
D03344,P00027,0,test
D01688,P01908,0,test
D02754,P00056,1,test
D03049,P01831,0,test
D00255,P00674,0,test
D00416,P00294,1,test
D03987,P01206,0,test
D00806,P00054,1,test
D01236,P00022,1,test
D02285,P01957,1,test
D00800,P00973,0,test
D00827,P01532,0,test
D02695,P00232,1,test
D02526,P00663,1,test
D01108,P01993,0,test
D03327,P00199,1,test
D01694,P00025,0,test
D04414,P02014,1,test
D00305,P00681,1,test
D04305,P00302,0,test
D00770,P01873,0,test
D01290,P02166,1,test
D02842,P00117,0,test
D00808,P00254,0,test
D00183,P02165,0,test
D00302,P00234,1,test
D01407,P00692,0,test
D00208,P00328,1,test
D01261,P02109,0,test
D04176,P00844,0,test
D00529,P01774,1,test
D00155,P01592,0,test
D02424,P00687,0,test
D03669,P01714,0,test
D02518,P01790,0,test
D03354,P00857,0,test
D03729,P01008,1,test
D03450,P00115,1,test
D01873,P01304,0,test
D02300,P00528,1,test
D01958,P00030,1,test
D00778,P01352,1,test
D00340,P00176,0,test
D00321,P00258,1,test
D03537,P02052,0,test
D01024,P01138,1,test
D02909,P00522,0,test
D02941,P01330,1,test
D00107,P00162,0,test
D04199,P00604,1,test
D00453,P00018,0,test
D01900,P00327,0,test
D03835,P00206,1,test
D03114,P00689,0,test
D01097,P00036,0,test
D04271,P00454,1,test
D00330,P00124,1,test
D00416,P00375,1,test
D00332,P00072,1,test
D03608,P01801,0,test
D02285,P01778,1,test
D03681,P00062,0,test
D01527,P00309,1,test
D00703,P01314,1,test
D01655,P00579,0,test
D00082,P02080,0,test
D02836,P01434,0,test
D01881,P01771,0,test
D04475,P00181,1,test
D02268,P00958,0,test
D04202,P00381,0,test
D02758,P02164,0,test
D00408,P00541,1,test
D03518,P00124,1,test
D03613,P01773,0,test
D01187,P00069,0,test
D00621,P00891,0,test
D00280,P00155,1,test
D01399,P00340,0,test
D00001,P00142,1,test
D02909,P01427,0,test
D00272,P01636,1,test
D02923,P00969,1,test
D04359,P00378,1,test
D02277,P01809,1,test
D03271,P00915,0,test
D02600,P00049,1,test
D02693,P01127,0,test
D03401,P00334,1,test
D03223,P01710,0,test
D03065,P00041,0,test
D01280,P01895,0,test
D03454,P01536,0,test
D02909,P00199,1,test
D03955,P00331,1,test
D00105,P01326,1,test
D03087,P00319,1,test
D02613,P00448,1,test
D00847,P00124,1,test
D00528,P02004,0,test
D03052,P00377,1,test
D00126,P00536,0,test
D02087,P00145,0,test
D01956,P01420,1,test
D01204,P01145,0,test
D02733,P01251,0,test
D00732,P01378,1,test
D01200,P00029,1,test
D02504,P00945,0,test
D00222,P00078,1,test
D01542,P00997,0,test
D02188,P02135,0,test
D03355,P00905,1,test
D00496,P00326,1,test
D01229,P01328,0,test
D00521,P00169,1,test
D01601,P00165,0,test
D00911,P00747,0,test
D00154,P01836,0,test
D00375,P00749,0,test
D04363,P00418,1,test
D01675,P00559,0,test
D00997,P01535,0,test
D03958,P00743,1,test
D04312,P00316,1,test
D01367,P01436,0,test
D01309,P01281,0,test
D00959,P01985,1,test
D04085,P00128,0,test
D01228,P00175,1,test
D02460,P00912,0,test
D02668,P01591,0,test
D01778,P00502,1,test
D03167,P01304,1,test
D03802,P01700,0,test
D03925,P00171,1,test
D02488,P00622,0,test
D00092,P00351,1,test
D01467,P01992,0,test
D03881,P01952,1,test
D00848,P00389,1,test
D01219,P01323,0,test
D00332,P00209,1,test
D00157,P01656,0,test
D02074,P00040,1,test
D00870,P01315,1,test
D01621,P00169,1,test
D02336,P01039,1,test
D00054,P00948,0,test
D02961,P00169,1,test
D01129,P00169,1,test
D00581,P00448,1,test
D04302,P01945,0,test
D02220,P00329,1,test
D02723,P01767,0,test
D01144,P01119,1,test
D00118,P01676,0,test
D00050,P00448,1,test
D02695,P00385,1,test
D00897,P00710,0,test
D01806,P01059,1,test
D03710,P00418,1,test
D03561,P00264,0,test
D00616,P00309,1,test
D01101,P00124,1,test
D01210,P01063,1,test
D02461,P01153,0,test
D00428,P00453,0,test
D00720,P00035,0,test
D03551,P00736,0,test
D02483,P00099,0,test
D02376,P01275,1,test
D03348,P01705,0,test
D03931,P00586,0,test
D00524,P01995,0,test
D02761,P00785,1,test
D01355,P00078,1,test
D00425,P00229,1,test
D00377,P00695,0,test
D00412,P00078,1,test
D01006,P00921,1,test
D01397,P01474,1,test
D00218,P00723,0,test
D03565,P01707,0,test
D00675,P00573,1,test
D03273,P00124,1,test
D01460,P02021,0,test
D00630,P01480,1,test
D02318,P01310,0,test
D01147,P01168,0,test
D03598,P00194,0,test
D01699,P00008,1,test
D00591,P00309,1,test
D01479,P00132,0,test
D03230,P01857,0,test
D01321,P01338,0,test
D00042,P00056,1,test
D00403,P01056,1,test
D03234,P01487,0,test
D03118,P01522,1,test
D01425,P00056,1,test
D02734,P01365,0,test
D00976,P00350,1,test
D03888,P00686,0,test
D02127,P01548,0,test
D01768,P01203,0,test
D01430,P00148,1,test
D02265,P00169,1,test
D04261,P01437,0,test
D00423,P01427,0,test
D00657,P00470,0,test
D02395,P01379,0,test
D01610,P00158,1,test
D04476,P00152,1,test
D00630,P00621,0,test
D00387,P01101,0,test
D04246,P00723,0,test
D02286,P00688,0,test
D01251,P00711,0,test
D02693,P00240,0,test
D01530,P00639,0,test
D04085,P00296,1,test
D02016,P00864,0,test
D01184,P00378,1,test
D03895,P01073,0,test
D02458,P01624,1,test
D03013,P00241,0,test
D00327,P00056,1,test
D02048,P01484,0,test
D02199,P02069,0,test
D01401,P00209,1,test
D04477,P00623,1,test
D00820,P00568,1,test
D04039,P01816,0,test
D01241,P01193,0,test
D00353,P01530,0,test
D01538,P00146,1,test
D01938,P01951,1,test
D00836,P00667,0,test
D02571,P01972,0,test
D01294,P00251,0,test
D00140,P00090,1,test
D00412,P00208,1,test
D02681,P01618,0,test
D00882,P00370,1,test
D00310,P00975,1,test
D00297,P01833,0,test
D02365,P00685,0,test
D00779,P02128,0,test
D02230,P01850,0,test
D01154,P00356,1,test
D04478,P00852,0,test
D01379,P00669,0,test
D00106,P02002,0,test
D00072,P00479,1,test
D03453,P00502,0,test
D00514,P00170,1,test
D00717,P00155,0,test
D01154,P00479,1,test
D03206,P00056,1,test
D03350,P01188,0,test
D02792,P01598,0,test
D02043,P00306,0,test
D03177,P00028,1,test
D02588,P01937,1,test
D00288,P00022,1,test
D00220,P00234,1,test
D01493,P00007,1,test
D00626,P00935,1,test
D02754,P00063,1,test
D01158,P00483,0,test
D03221,P01263,0,test
D01715,P02017,0,test
D02790,P01637,0,test
D03740,P01223,0,test
D02336,P01656,0,test
D02401,P01550,0,test
D03440,P01021,0,test
D01365,P00056,1,test
D01358,P01782,0,test
D02493,P00209,0,test
D00839,P00383,0,test
D00691,P00269,1,test
D03905,P00761,0,test
D00088,P01052,0,test
D01401,P01855,0,test
D00101,P00234,1,test
D03831,P01360,0,test
D01055,P01130,0,test
D03980,P01037,0,test
D01703,P00686,0,test
D03269,P00010,0,test
D03599,P01240,0,test
D01597,P00565,1,test
D02607,P01842,0,test
D00365,P00508,0,test
D02886,P01363,0,test
D01174,P00357,0,test
D02737,P02168,1,test
D01413,P00056,1,test
D02605,P02130,0,test
D01122,P01976,0,test
D00871,P00708,0,test
D01233,P00144,1,test
D01681,P00930,0,test
D02956,P02087,0,test
D03630,P01882,0,test
D02649,P00526,1,test
D04247,P01867,0,test
D00397,P00142,1,test
D03322,P00601,1,test
D01412,P00506,1,test
D01931,P00433,0,test
D01062,P00476,0,test
D00619,P00484,0,test
D00084,P00414,1,test
D00137,P00153,1,test
D00105,P01605,0,test
D00436,P00131,1,test
D00556,P02073,0,test
D04153,P00959,1,test
D01243,P01443,1,test
D04383,P01213,0,test
D00260,P00156,1,test
D00279,P01767,0,test
D03865,P02018,0,test
D01649,P01273,1,test
D03210,P00243,1,test
D01236,P00155,1,test
D03380,P00022,1,test
D03602,P01344,0,test
D00158,P00332,0,test
D03740,P00953,0,test
D00379,P00279,0,test
D00092,P02041,1,test
D01660,P00682,0,test
D03395,P00073,1,test
D04350,P01363,0,test
D02511,P00161,0,test
D02479,P00528,0,test
D03111,P01932,1,test
D00529,P01363,1,test
D01822,P01422,0,test
D00204,P00232,1,test
D00519,P00604,1,test
D00255,P00436,1,test
D03505,P01043,0,test
D00072,P01713,1,test
D00473,P00056,1,test
D03769,P01895,0,test
D01793,P02050,1,test
D02350,P00189,1,test
D00738,P01115,0,test
D03935,P01248,0,test
D02082,P00528,1,test
D01871,P01211,1,test
D00596,P01696,0,test
D03998,P01055,0,test
D03774,P01422,0,test
D02532,P01432,0,test
D02891,P00241,1,test
D01820,P00903,0,test
D00216,P00044,1,test
D01489,P00378,1,test
D00444,P00124,1,test
D03013,P01861,0,test
D01283,P01324,1,test
D02006,P00056,1,test
D04219,P00604,1,test
D01237,P00146,1,test
D03425,P00587,0,test
D02313,P01807,0,test
D01061,P00040,0,test
D02855,P02099,0,test
D00508,P00166,1,test
D02257,P02123,1,test
D01011,P00188,1,test
D02907,P00601,1,test
D01655,P00333,0,test
D00302,P00351,1,test
D00643,P00825,1,test
D04372,P00148,1,test
D02951,P01262,1,test
D02923,P01165,0,test
D01903,P00293,1,test
D00521,P02141,0,test
D00876,P01363,0,test
D03219,P00511,0,test
D03355,P00377,1,test
D00282,P00063,1,test
D01877,P00049,1,test
D03964,P01474,0,test
D00929,P00142,1,test
D04160,P01854,0,test
D01820,P00222,0,test
D01468,P02102,1,test
D00783,P00378,1,test
D00471,P00502,0,test
D00309,P01006,1,test
D00700,P00616,1,test
D01968,P00314,0,test
D00603,P00985,1,test
D01424,P00643,1,test
D04373,P00023,1,test
D02873,P01480,1,test
D03500,P02020,0,test
D01139,P01155,0,test
D00121,P00235,0,test
D00754,P00651,0,test
D01537,P00548,0,test
D02196,P02150,0,test
D00636,P00269,1,test
D01803,P00012,1,test
D01015,P00229,0,test
D02004,P02154,0,test
D04008,P01374,0,test
D03362,P00556,0,test
D01275,P00544,1,test
D00934,P01614,1,test
D00195,P00448,1,test
D02733,P00208,0,test
D00411,P00569,0,test
D00124,P00955,0,test
D00455,P00170,1,test
D01760,P00124,1,test
D01645,P01057,0,test
D00496,P00294,1,test
D00377,P01171,0,test
D02409,P00946,1,test
D02382,P00903,0,test
D03035,P00206,1,test
D01507,P00589,0,test
D00255,P00375,1,test
D00062,P02043,0,test
D01821,P01808,0,test
D01767,P02024,0,test
D01950,P00789,0,test
D03377,P01781,0,test
D02375,P00448,1,test
D00490,P01541,1,test
D01486,P00601,1,test
D00042,P00259,1,test
D00255,P00847,1,test
D03804,P01163,0,test
D03239,P01802,0,test
D01135,P01152,0,test
D04442,P01084,0,test
D01859,P00044,1,test
D00114,P00531,0,test
D03076,P00994,0,test
D00370,P00078,1,test
D03390,P02006,0,test
D02817,P00058,0,test
D01045,P00850,0,test
D01809,P00902,0,test
D03080,P01834,0,test
D02774,P01129,0,test
D00151,P02010,1,test
D04255,P00378,1,test
D03069,P01891,1,test
D01997,P00124,1,test
D02330,P00056,1,test
D02920,P00978,0,test
D01310,P00049,1,test
D01230,P00258,1,test
D00051,P00719,1,test
D03375,P01286,1,test
D00220,P00124,1,test
D01833,P01847,0,test
D01194,P00753,0,test
D03845,P00054,1,test
D00769,P00377,1,test
D00669,P01636,0,test
D01761,P00169,1,test
D03531,P00044,1,test
D00014,P00053,0,test
D04229,P00337,0,test
D00630,P00718,0,test
D03802,P00659,0,test
D04087,P00712,0,test
D03723,P00398,0,test
D04479,P01966,0,test
D00262,P01917,0,test
D01108,P02179,1,test
D04105,P00451,0,test
D00496,P00124,1,test
D01265,P01210,0,test
D02586,P00003,1,test
D01587,P00007,0,test
D01590,P01125,0,test
D03828,P01692,0,test
D01983,P00124,1,test
D01485,P00882,0,test
D01930,P01188,0,test
D03980,P00029,1,test
D01996,P01199,0,test
D00138,P01234,0,test
D00377,P01004,0,test
D01098,P01791,0,test
D02134,P01647,0,test
D01032,P00085,0,test
D04440,P00831,1,test
D00324,P00124,1,test
D00343,P00145,0,test
D01523,P00155,1,test
D03619,P00341,0,test
D04354,P00702,1,test
D02933,P00024,1,test
D01413,P00080,0,test
D01491,P01210,0,test
D02479,P00765,1,test
D01871,P00124,1,test
D01702,P00408,1,test
D02158,P01213,1,test
D00412,P00049,1,test
D00308,P00142,1,test
D00014,P01782,1,test
D04355,P00382,1,test
D04050,P00040,1,test
D00835,P01149,0,test
D02260,P01193,0,test
D00845,P01961,0,test
D02857,P00891,0,test
D02474,P00203,0,test
D02152,P00519,1,test
D03026,P00320,0,test
D03533,P00287,0,test
D03665,P00419,0,test
D04160,P01553,0,test
D02240,P01735,1,test
D00187,P00007,1,test
D03909,P00517,0,test
D03360,P01321,0,test
D02315,P00104,0,test
D01582,P00115,1,test
D04368,P00351,1,test
D00182,P00937,1,test
D00500,P00155,1,test
D03148,P01257,1,test
D01404,P00592,0,test
D00302,P00064,1,test
D00608,P00356,1,test
D01133,P02111,0,test
D01978,P01654,0,test
D01743,P01602,0,test
D03224,P01135,0,test
D00705,P00865,1,test
D04413,P00194,1,test
D01986,P00044,1,test
D01661,P00853,1,test
D00625,P01564,1,test
D01578,P00976,1,test
D03028,P00418,1,test
D03221,P00056,1,test
D04200,P00199,1,test
D02890,P01948,0,test
D00700,P00078,1,test
D03175,P01694,0,test
D00705,P01120,1,test
D04027,P00205,0,test
D01754,P00389,1,test
D00008,P00875,0,test
D00340,P01799,0,test
D04480,P00152,1,test
D00162,P00505,1,test
D00151,P00269,1,test
D00091,P00334,1,test
D01175,P01218,0,test
D04282,P00867,0,test
D00745,P00152,1,test
D02543,P01264,0,test
D00037,P00811,1,test
D01576,P00056,1,test
D00222,P00016,1,test
D00300,P00269,1,test
D00208,P00072,1,test
D01700,P00389,1,test
D00151,P00309,1,test
D01468,P01236,1,test
D00607,P00375,1,test
D03521,P01386,0,test
D01210,P00065,1,test
D00185,P01389,1,test
D01133,P00056,1,test
D02274,P01948,0,test
D00894,P01413,0,test
D00669,P00463,1,test
D00140,P00653,0,test
D01465,P01076,1,test
D02963,P00221,0,test
D02014,P00780,1,test
D01946,P00056,1,test
D02885,P00204,1,test
D04367,P00249,1,test
D02167,P00170,1,test
D04468,P02133,0,test
D01609,P02108,1,test
D00714,P01038,0,test
D00539,P00161,0,test
D02603,P00124,1,test
D00783,P00967,0,test
D03148,P01010,0,test
D00268,P01109,0,test
D01365,P00738,0,test
D01740,P01368,0,test
D01282,P02041,1,test
D00275,P01146,1,test
D01154,P00155,1,test
D00425,P00375,1,test
D03492,P02009,0,test
D00416,P00156,1,test
D01843,P00428,1,test
D01808,P01457,0,test
D04040,P00831,1,test
D00506,P00912,0,test
D02255,P00928,1,test
D02559,P01999,1,test
D01228,P00124,1,test
D00847,P02025,0,test
D00490,P00648,1,test
D01984,P00124,1,test
D00803,P00140,0,test
D03740,P00587,0,test
D00244,P00332,0,test
D04018,P02058,0,test
D02137,P01930,1,test
D01574,P00115,1,test
D02743,P01861,0,test
D02007,P00989,0,test
D00306,P00356,1,test
D02850,P01589,0,test
D00188,P01700,0,test
D00551,P01569,0,test
D02446,P00775,0,test
D03214,P01162,0,test
D00713,P01563,0,test
D00732,P01189,0,test
D04315,P00318,0,test
D00614,P00854,1,test
D00339,P00115,1,test
D04445,P01844,1,test
D03832,P00959,0,test
D00615,P00169,1,test
D03232,P00534,0,test
D01352,P00820,1,test
D01655,P01737,0,test
D03525,P01880,1,test
D02458,P00521,0,test
D00010,P00604,0,test
D02351,P01941,0,test
D01471,P01908,1,test
D00227,P00085,1,test
D02562,P01892,0,test
D01317,P01126,1,test
D01847,P00444,1,test
D01905,P01265,0,test
D03691,P00364,0,test
D01165,P02058,0,test
D00776,P00894,1,test
D01807,P00411,0,test
D00074,P00258,1,test
D02393,P00044,1,test
D01659,P00323,0,test
D00959,P02080,1,test
D01341,P01059,0,test
D02441,P01690,0,test
D00051,P02142,1,test
D01556,P01765,0,test
D02784,P00003,0,test
D01037,P00934,0,test
D02793,P00832,0,test
D04144,P00737,1,test
D01990,P00493,0,test
D03611,P00959,1,test
D00796,P00824,0,test
D00279,P01628,0,test
D04250,P01848,0,test
D03231,P01797,1,test
D04418,P00744,0,test
D01290,P01683,1,test
D00470,P00623,1,test
D02954,P00028,0,test
D01373,P01327,1,test
D01432,P00316,1,test
D02442,P00830,1,test
D00786,P00728,1,test
D03746,P01121,0,test
D01612,P01692,0,test
D00312,P01789,1,test
D00060,P01326,1,test
D01197,P02161,1,test
D02064,P01468,1,test
D00329,P00049,1,test
D04070,P00600,0,test
D02373,P00061,0,test
D04481,P00142,1,test
D03579,P01374,0,test
D00823,P01675,1,test
D03256,P01308,0,test
D04161,P01455,0,test
D01555,P01961,0,test
D00606,P00211,0,test
D00512,P00871,1,test
D01857,P02169,0,test
D00208,P00046,0,test
D00949,P01876,0,test
D00696,P00413,0,test
D01022,P00982,1,test
D03455,P00063,1,test
D02467,P01802,0,test
D01514,P01340,1,test
D00112,P00476,1,test
D02609,P00016,0,test
D00457,P01758,0,test
D03498,P00619,1,test
D01468,P01109,1,test
D00934,P00581,0,test
D03825,P00379,0,test
D02152,P01951,1,test
D01056,P00377,1,test
D00159,P01412,0,test
D01507,P00226,0,test
D03302,P00602,0,test
D01443,P01413,0,test
D00987,P01140,1,test
D02040,P02176,0,test
D01224,P00078,1,test
D00473,P00049,1,test
D00290,P00316,1,test
D00950,P00056,1,test
D03384,P00985,0,test
D00323,P01049,1,test
D00549,P01392,0,test
D00931,P00169,1,test
D03178,P01204,0,test
D00228,P00352,1,test
D03693,P01143,0,test
D02609,P01474,1,test
D01527,P00692,0,test
D00014,P00490,1,test
D03371,P00289,1,test
D00936,P01996,1,test
D00611,P00837,1,test
D00925,P00078,1,test
D00762,P00817,0,test
D04132,P00145,0,test
D00413,P01611,0,test
D01111,P00787,1,test
D03953,P00660,0,test
D00311,P01905,1,test
D00616,P00158,1,test
D00652,P00911,0,test
D02315,P01919,0,test
D04284,P02031,0,test
D00105,P00344,1,test
D01280,P01976,1,test
D04399,P01682,1,test
D02456,P01340,0,test
D00446,P01846,0,test
D04482,P01768,1,test
D01719,P01006,0,test
D03150,P00074,0,test
D00364,P00174,1,test
D00659,P01211,1,test
D03924,P00913,1,test
D00208,P00044,1,test
D01229,P01535,0,test
D03354,P00837,1,test
D02767,P01678,0,test
D02704,P00260,0,test
D02385,P00316,1,test
D00519,P00373,1,test
D00371,P00725,0,test
D00001,P00999,0,test
D01690,P00907,0,test
D00959,P01439,0,test
D02483,P01176,0,test
D00132,P00279,1,test
D02271,P00201,1,test
D03702,P00824,0,test
D04264,P01127,0,test
D00465,P01829,0,test
D01417,P00302,1,test
D03562,P00225,0,test
D00279,P00169,1,test
D00526,P00181,1,test
D00750,P00260,0,test
D00959,P02074,1,test
D03525,P00827,0,test
D01589,P01381,0,test
D02439,P00386,1,test
D01009,P00239,1,test
D00903,P00624,0,test
D02116,P00169,1,test
D03702,P00331,0,test
D02731,P01755,1,test
D01337,P01711,0,test
D02405,P00063,1,test
D04474,P00182,0,test
D01925,P01998,0,test
D00240,P00401,1,test
D00925,P01345,0,test
D03095,P00124,1,test
D00976,P00718,0,test
D00417,P01112,1,test
D03709,P00259,1,test
D01108,P00449,0,test
D03518,P02048,0,test
D01841,P00124,1,test
D01962,P00391,1,test
D00496,P00092,1,test
D03494,P01189,0,test
D03247,P00170,1,test
D00312,P01365,1,test
D00385,P00020,1,test
D01156,P01558,0,test
D00140,P00809,1,test
D02667,P01418,0,test
D00852,P00314,1,test
D00422,P00227,1,test
D03659,P01272,0,test
D02681,P01627,1,test
D02024,P01116,1,test
D00919,P02166,0,test
D01355,P00155,1,test
D03137,P01487,0,test
D02434,P00472,0,test
D01804,P01155,1,test
D02092,P00029,1,test
D00329,P00089,1,test
D04328,P00969,1,test
D02265,P00376,0,test
D03772,P01041,0,test
D01504,P00601,1,test
D00082,P00259,1,test
D01063,P00129,0,test
D02389,P01310,0,test
D02082,P01412,0,test
D02293,P01925,0,test
D04004,P02145,0,test
D00304,P00963,0,test
D03319,P00595,0,test
D02674,P00678,1,test
D00732,P00871,1,test
D00508,P00049,1,test
D00564,P00464,0,test
D00014,P01847,1,test
D01458,P00010,0,test
D00642,P00076,1,test
D04445,P00079,0,test
D00726,P00604,1,test
D02934,P00034,1,test
D01033,P00124,1,test
D01686,P01311,0,test
D01295,P02143,0,test
D04074,P01458,0,test
D04080,P01385,1,test
D02292,P00678,0,test
D02742,P01567,1,test
D00092,P00049,1,test
D00611,P01854,0,test
D02408,P02028,0,test
D01377,P00056,1,test
D03944,P00678,1,test
D00831,P00521,0,test
D01762,P01354,0,test
D03248,P01735,0,test
D04008,P00429,0,test
D03616,P00389,1,test
D03380,P00358,1,test
D02720,P00503,0,test
D02071,P00214,0,test
D00221,P00314,1,test
D01859,P00051,1,test
D01969,P00462,1,test
D00409,P01225,0,test
D00008,P00356,1,test
D02973,P01832,0,test
D00443,P01978,0,test
D02550,P00428,0,test
D00848,P00504,1,test
D02814,P01980,0,test
D03139,P00617,1,test
D00057,P02105,1,test
D02700,P00391,1,test
D00062,P00855,0,test
D00496,P01828,0,test
D00417,P01425,1,test
D01855,P00159,0,test
D00765,P00046,0,test
D00460,P02105,1,test
D01945,P00003,1,test
D02893,P01041,0,test
D03783,P01078,0,test
D02528,P00763,1,test
D00830,P00522,0,test
D03798,P00401,0,test
D01034,P00750,1,test
D01290,P02047,1,test
D02608,P02067,0,test
D01578,P02113,1,test
D00416,P00807,1,test
D04008,P00640,1,test
D03473,P00056,1,test
D00596,P00155,1,test
D00318,P00170,1,test
D00324,P01406,0,test
D03159,P00885,0,test
D02629,P00198,0,test
D04118,P01421,0,test
D00243,P00126,0,test
D00999,P00124,1,test
D03831,P00334,1,test
D02791,P00862,0,test
D03914,P00488,1,test
D01138,P00378,1,test
D00837,P00645,0,test
D01984,P01075,0,test
D03770,P00663,1,test
D01521,P00159,0,test
D04018,P01315,1,test
D01104,P01888,0,test
D01641,P00313,0,test
D02066,P00487,0,test
D01707,P00289,1,test
D00208,P01211,1,test
D01542,P01696,0,test
D04115,P01717,0,test
D03463,P00189,0,test
D00506,P02171,0,test
D03448,P02114,1,test
D03281,P01310,1,test
D00236,P00425,1,test
D02456,P00979,0,test
D02362,P00652,0,test
D00698,P00040,0,test
D04320,P02168,1,test
D01069,P00124,1,test
D01182,P00170,1,test
D01430,P00820,1,test
D01063,P00789,1,test
D04055,P01873,0,test
D04024,P00528,1,test
D03987,P02004,0,test
D03198,P00448,1,test
D01560,P00263,0,test
D00616,P00135,1,test
D00297,P00616,0,test
D04206,P01315,1,test
D00507,P01163,1,test
D00294,P00707,0,test
D03101,P01216,0,test
D00505,P00258,1,test
D00281,P00871,1,test
D01939,P00171,1,test
D01653,P00169,1,test
D03632,P00971,1,test
D01725,P01634,0,test
D02805,P00984,0,test
D00437,P00258,1,test
D01927,P00044,1,test
D03953,P00384,0,test
D01138,P02091,0,test
D02453,P01624,0,test
D01279,P01138,1,test
D01719,P00261,1,test
D00537,P01873,1,test
D04229,P00538,0,test
D00119,P00056,1,test
D01838,P00837,1,test
D00131,P01106,0,test
D03155,P00247,0,test
D03075,P00156,1,test
D01675,P00170,1,test
D02241,P01199,0,test
D04315,P02057,0,test
D00213,P00547,0,test
D02993,P00542,0,test
D00607,P00078,1,test
D00370,P00295,0,test
D03301,P01740,0,test
D01479,P00790,1,test
D04154,P00210,0,test
D03129,P00717,1,test
D01885,P00169,1,test
D01468,P00508,1,test
D02922,P02180,1,test
D03437,P01328,0,test
D02516,P01030,0,test
D02223,P01658,0,test
D00029,P00787,0,test
D04390,P00083,1,test
D00621,P00056,1,test
D02533,P01993,0,test
D03025,P00152,1,test
D00895,P02034,0,test
D00313,P01630,0,test
D00385,P00372,1,test
D00208,P00065,1,test
D01029,P00049,1,test
D01116,P00962,0,test
D02851,P00663,1,test
D02624,P01056,1,test
D01439,P00945,1,test
D01103,P01546,0,test
D03516,P02181,0,test
D04183,P02050,1,test
D00327,P00847,1,test
D02751,P01515,0,test
D02511,P00124,1,test
D01267,P00850,0,test
D01027,P01739,0,test
D00408,P00994,0,test
D04007,P01021,0,test
D02436,P00612,0,test
D02444,P00379,1,test
D00953,P02105,1,test
D04477,P02123,0,test
D01815,P00454,1,test
D01802,P01142,1,test
D04260,P00562,0,test
D02012,P00057,0,test
D00255,P00380,1,test
D01648,P01784,0,test
D01072,P00056,1,test
D03269,P01907,0,test
D03513,P00679,1,test
D01592,P01373,1,test
D01283,P00389,1,test
D00872,P00370,1,test
D00892,P00115,1,test
D00869,P00124,1,test
D01706,P01668,1,test
D00486,P00698,0,test
D00416,P01957,0,test
D01885,P00377,1,test
D00034,P00392,0,test
D00848,P00049,1,test
D00255,P00124,1,test
D03527,P00023,1,test
D04229,P00202,0,test
D03500,P00111,0,test
D04078,P00004,0,test
D02855,P01501,0,test
D03441,P00012,1,test
D03876,P01387,0,test
D00304,P00414,1,test
D02714,P00156,1,test
D02333,P00844,1,test
D01713,P00677,0,test
D00400,P00654,0,test
D01412,P00044,1,test
D02063,P00792,0,test
D00927,P00906,0,test
D04412,P01329,0,test
D01700,P00207,1,test
D03311,P00614,0,test
D04075,P00530,0,test
D01412,P00309,1,test
D03929,P00672,1,test
D03840,P00370,1,test
D02916,P00785,0,test
D01925,P01150,1,test
D00729,P00363,1,test
D00565,P01700,0,test
D00724,P00557,1,test
D02963,P00416,0,test
D01554,P00351,1,test
D01987,P01567,0,test
D02141,P01640,0,test
D03586,P01259,1,test
D02631,P00706,0,test
D03723,P01533,1,test
D04234,P00044,1,test
D00910,P01425,0,test
D01803,P00044,1,test
D03224,P01188,1,test
D02325,P02132,0,test
D01079,P01876,1,test
D01986,P00596,1,test
D02239,P01142,1,test
D03503,P01573,1,test
D00381,P00461,1,test
D03464,P01880,0,test
D04109,P01194,0,test
D04175,P01332,0,test
D01496,P01004,0,test
D00619,P00729,1,test
D04376,P00130,1,test
D02760,P02131,0,test
D02471,P01191,0,test
D00650,P00377,1,test
D00341,P00158,1,test
D03520,P01979,1,test
D00652,P00728,0,test
D02247,P01101,1,test
D00848,P00063,1,test
D00669,P00042,1,test
D00312,P01557,1,test
D03561,P01321,1,test
D03853,P00399,1,test
D02730,P00568,0,test
D00838,P00056,1,test
D00848,P00448,1,test
D04214,P00124,1,test
D03334,P02028,0,test
D03905,P00749,0,test
D02985,P01701,0,test
D04040,P00941,1,test
D02670,P00315,0,test
D02240,P00425,1,test
D01210,P00124,1,test
D04259,P01586,0,test
D00255,P00377,1,test
D02027,P01659,0,test
D00590,P00044,1,test
D02765,P01001,0,test
D01819,P00266,0,test
D04171,P00632,0,test
D03649,P00488,1,test
D00614,P00308,1,test
D03926,P01036,0,test
D00305,P00309,1,test
D02681,P01790,0,test
D01209,P01334,0,test
D03622,P00314,0,test
D00072,P00044,1,test
D02997,P00631,0,test
D00876,P00545,0,test
D01354,P00912,1,test
D04078,P02052,0,test
D00192,P01135,0,test
D03853,P00171,1,test
D01203,P00359,1,test
D00604,P02148,1,test
D02695,P00012,1,test
D00953,P01075,0,test
D01153,P01546,0,test
D02828,P00169,1,test
D04086,P00600,0,test
D04426,P00411,0,test
D02334,P00040,0,test
D03220,P00775,1,test
D01283,P00124,1,test
D00527,P01184,1,test
D03186,P00352,0,test
D02538,P01621,0,test
D01245,P01253,0,test
D04406,P00171,1,test
D03775,P00479,1,test
D03462,P01041,1,test
D01352,P00198,1,test
D00013,P02169,1,test
D02032,P01860,0,test
D01468,P00189,1,test
D00968,P00377,1,test
D01359,P00448,1,test
D00061,P01650,1,test
D01827,P00428,0,test
D02507,P00319,0,test
D00626,P00234,1,test
D03580,P00152,1,test
D01686,P00269,1,test
D00182,P00078,1,test
D04287,P00960,1,test
D02714,P00063,1,test
D01591,P01616,1,test
D01998,P00247,1,test
D01694,P00373,0,test
D03248,P00179,1,test
D00529,P01028,1,test
D00339,P02040,1,test
D01932,P01249,1,test
D00657,P01282,0,test
D03275,P01466,0,test
D03748,P01908,1,test
D00968,P00463,1,test
D03815,P02141,0,test
D04163,P00557,1,test
D03681,P00181,1,test
D02154,P00283,1,test
D03518,P00080,1,test
D00489,P00044,1,test
D01236,P01361,0,test
D01584,P00049,1,test
D03836,P01864,0,test
D04284,P00485,1,test
D03790,P00565,1,test
D04082,P01849,0,test
D01790,P00123,1,test
D01809,P01532,0,test
D00133,P00169,1,test
D01148,P01845,0,test
D00374,P00875,0,test
D03612,P00396,1,test
D03621,P00378,1,test
D00414,P01965,0,test
D03401,P00128,1,test
D01504,P00956,1,test
D02866,P01686,0,test
D04207,P01703,1,test
D01310,P01065,1,test
D00290,P00234,0,test
D01663,P01683,0,test
D01612,P01337,0,test
D02853,P02005,0,test
D02604,P01960,0,test
D03257,P01672,0,test
D00474,P00506,1,test
D00019,P00059,1,test
D03390,P01749,0,test
D00810,P00872,0,test
D01491,P01186,1,test
D01636,P02170,0,test
D01621,P00124,1,test
D02933,P00826,1,test
D02683,P00124,1,test
D00422,P00377,1,test
D03924,P01856,0,test
D02204,P00199,1,test
D00732,P00044,1,test
D02084,P01876,0,test
D00552,P01994,1,test
D01547,P00028,0,test
D04483,P00025,1,test
D04347,P00449,0,test
D01748,P00539,0,test
D00662,P00787,0,test
D01576,P00156,1,test
D02815,P00316,0,test
D03882,P01076,0,test
D01807,P00392,0,test
D02902,P00042,0,test
D00944,P00506,1,test
D01304,P01024,1,test
D00940,P02072,0,test
D01401,P00229,1,test
D02330,P00794,0,test
D00652,P00332,0,test
D00427,P00826,0,test
D01586,P00171,1,test
D01255,P02178,0,test
D00422,P00871,1,test
D01268,P00981,0,test
D04382,P00655,1,test
D01212,P00076,0,test
D02094,P01456,0,test
D02130,P00170,1,test
D02911,P00825,0,test
D04206,P00047,1,test
D01064,P01018,0,test
D01853,P00299,0,test
D03666,P01018,1,test
D04484,P01324,1,test
D01609,P01224,1,test
D02014,P01368,1,test
D02327,P00930,0,test
D01192,P01682,0,test
D01083,P01274,0,test
D01269,P00287,1,test
D01666,P02053,0,test
D01401,P00347,1,test
D00529,P00268,0,test
D01103,P01868,0,test
D02446,P01262,1,test
D01382,P01710,0,test
D01799,P00952,1,test
D00332,P00169,1,test
D02380,P00892,0,test
D04252,P01270,0,test
D01772,P01441,0,test
D03684,P00382,0,test
D04360,P00189,1,test
D03281,P00293,1,test
D00042,P01017,0,test
D03082,P01732,1,test
D02432,P00424,0,test
D00014,P01429,1,test
D01196,P00169,1,test
D03238,P00914,0,test
D01362,P01846,0,test
D02654,P00918,0,test
D01227,P00711,0,test
D01522,P00319,0,test
D01453,P00721,0,test
D02158,P01347,1,test
D00438,P00323,1,test
D03476,P02044,0,test
D00434,P00989,0,test
D04485,P00195,1,test
D02579,P01715,0,test
D01975,P00293,0,test
D02613,P01064,0,test
D02272,P00858,0,test
D00784,P01795,0,test
D01043,P01324,0,test
D02592,P01491,0,test
D02099,P01755,1,test
D00300,P00227,1,test
D00217,P00340,0,test
D00003,P01928,1,test
D00014,P01842,1,test
D02560,P00331,0,test
D00704,P00502,1,test
D00607,P00601,1,test
D02484,P01732,0,test
D02561,P01768,0,test
D01847,P00110,0,test
D02597,P02076,0,test
D01195,P01981,0,test
D02902,P01441,0,test
D02500,P02053,1,test
D00734,P00342,0,test
D03654,P01296,0,test
D01504,P00380,1,test
D04253,P00842,0,test
D00339,P01452,0,test
D03798,P00012,1,test
D01229,P01167,1,test
D02605,P00873,0,test
D02332,P01767,1,test
D01707,P00044,1,test
D00606,P01680,0,test
D03841,P00985,0,test
D00230,P00885,1,test
D00336,P01958,0,test
D01510,P00022,1,test
D02283,P00778,0,test
D03462,P01122,0,test
D00706,P00249,1,test
D00856,P01199,0,test
D00961,P00198,1,test
D01278,P00142,1,test
D00732,P00809,1,test
D00895,P00700,0,test
D00524,P01794,1,test
D00220,P01893,0,test
D02981,P00192,0,test
D02040,P01492,0,test
D01514,P00791,1,test
D00137,P00312,1,test
D00804,P00092,1,test
D04103,P01433,1,test
D03892,P00084,0,test
D00014,P00488,1,test
D00014,P01182,1,test
D03627,P01283,0,test
D00529,P00988,1,test
D01566,P00939,0,test
D03733,P00152,1,test
D03860,P01216,1,test
D01388,P01208,0,test
D01967,P00297,0,test
D00465,P01004,0,test
D00138,P01108,0,test
D00437,P00235,1,test
D00339,P00124,1,test
D00312,P00398,1,test
D00474,P00161,1,test
D03618,P00217,0,test
D00593,P00473,0,test
D00993,P00065,1,test
D03551,P01220,1,test
D04324,P00582,1,test
D01761,P00049,1,test
D02176,P01650,0,test
D04302,P00851,1,test
D01987,P00373,1,test
D00072,P00049,1,test
D03639,P01429,0,test
D04168,P00731,1,test
D04073,P01804,0,test
D01581,P01435,0,test
D00821,P01780,1,test
D01484,P00676,0,test
D00591,P00269,1,test
D01926,P00256,0,test
D01088,P00709,1,test
D00737,P00877,0,test
D01489,P01536,0,test
D00990,P00355,0,test
D02767,P00949,0,test
D03125,P00128,1,test
D01422,P01895,1,test
D03036,P00297,1,test
D01468,P01039,1,test
D02167,P00324,1,test
D02706,P00007,1,test
D00805,P00092,1,test
D04186,P01999,0,test
D00397,P00085,1,test
D01471,P02172,1,test
D03027,P01724,0,test
D01191,P01138,1,test
D01690,P00971,1,test
D00208,P00209,1,test
D01507,P00309,1,test
D03614,P00628,0,test
D02398,P00170,1,test
D01567,P01641,0,test
D00514,P00502,1,test
D01467,P00234,1,test
D01837,P00406,0,test
D00931,P00391,1,test
D01809,P01096,0,test
D03445,P00085,1,test
D02152,P01902,0,test
D04105,P00509,1,test
D01319,P00603,1,test
D01707,P00065,1,test
D01789,P01157,0,test
D00228,P00360,1,test
D01488,P01591,0,test
D02280,P00671,1,test
D01119,P01360,1,test
D00300,P00134,1,test
D01137,P01719,1,test
D01701,P00813,0,test
D02146,P00578,0,test
D02692,P01242,0,test
D03368,P01380,0,test
D03668,P00918,0,test
D00612,P00199,0,test
D04219,P01154,0,test
D00042,P00148,1,test
D02503,P01390,0,test
D02123,P00198,0,test
D00607,P00502,1,test
D00079,P00696,0,test
D00560,P00171,0,test
D03839,P00843,0,test
D01833,P00528,1,test
D00704,P00131,1,test
D01038,P00930,0,test
D00157,P00512,0,test
D02266,P01074,0,test
D03194,P00734,1,test
D00016,P00448,1,test
D00300,P00479,1,test
D00713,P00128,1,test
D00857,P01591,0,test
D01215,P00213,0,test
D02655,P00911,1,test
D00504,P00078,1,test
D00116,P00065,1,test
D02428,P00810,0,test
D01164,P01317,0,test
D00224,P01544,0,test
D01475,P02145,0,test
D01289,P01604,1,test
D00419,P00956,1,test
D02974,P00171,1,test
D00970,P00965,0,test
D02559,P01849,1,test
D03137,P00555,0,test
D04006,P00860,0,test
D03909,P01040,0,test
D01106,P00509,1,test
D00585,P00234,1,test
D02098,P01305,1,test
D00048,P01315,1,test
D01910,P01563,1,test
D01050,P00124,1,test
D01832,P00013,0,test
D01761,P00522,1,test
D00014,P00913,1,test
D02752,P01453,0,test
D00444,P00594,0,test
D03780,P01192,0,test
D03257,P00237,0,test
D01339,P01055,0,test
D03538,P00316,1,test
D01666,P01184,0,test
D00702,P00056,1,test
D01212,P00742,0,test
D02336,P00975,1,test
D02380,P00181,1,test
D00618,P00146,1,test
D04096,P02092,1,test
D00057,P00853,1,test
D00420,P02061,0,test
D01554,P00403,0,test
D00607,P00807,1,test
D04305,P00138,0,test
D04181,P00942,0,test
D00350,P00671,1,test
D01203,P02121,0,test
D03035,P01861,0,test
D00103,P00326,1,test
D00963,P00997,0,test
D03379,P01952,0,test
D01231,P00078,1,test
D02073,P00520,0,test
D00208,P00294,1,test
D02111,P01401,1,test
D03301,P00378,1,test
D03450,P00112,0,test
D00863,P00288,1,test
D03570,P00469,1,test
D00852,P01239,0,test
D03475,P00654,1,test
D00425,P00203,1,test
D01111,P00906,0,test
D00445,P00234,1,test
D01412,P00312,1,test
D01188,P00946,0,test
D03718,P00169,1,test
D00659,P00234,1,test
D00828,P00601,1,test
D00474,P00008,1,test
D00107,P01798,1,test
D00108,P00193,0,test
D01751,P00153,0,test
D03898,P01315,1,test
D01108,P02090,1,test
D00583,P00049,1,test
D02728,P00001,0,test
D00103,P00057,1,test
D00448,P01380,0,test
D01685,P01408,0,test
D02992,P01113,1,test
D02691,P00280,0,test
D00540,P00288,0,test
D03789,P02042,1,test
D00425,P00502,1,test
D03150,P01006,0,test
D01434,P01768,1,test
D01420,P00130,0,test
D00092,P00557,1,test
D01765,P00905,1,test
D03313,P00687,0,test
D01791,P00572,0,test
D01260,P00703,1,test
D03296,P00433,0,test
D01641,P00539,1,test
D02424,P00174,0,test
D00808,P00418,1,test
D00802,P00197,1,test
D00917,P01796,0,test
D02730,P01013,0,test
D02370,P01088,1,test
D01111,P00825,0,test
D01401,P00847,1,test
D03150,P01153,0,test
D02079,P00926,0,test
D02692,P01148,0,test
D04347,P00018,1,test
D02663,P00885,1,test
D00290,P00155,1,test
D00314,P01453,0,test
D02456,P00667,0,test
D03467,P00324,1,test
D00583,P01480,1,test
D02497,P01427,0,test
D00178,P01535,1,test
D03416,P00566,0,test
D04063,P00128,1,test
D04319,P00124,1,test
D02829,P01313,0,test
D00894,P00596,1,test
D03012,P00522,0,test
D02754,P00155,1,test
D00646,P00220,1,test
D00482,P01613,0,test
D02895,P01663,0,test
D01419,P01925,0,test
D03420,P01080,1,test
D00412,P00675,1,test
D01989,P00309,1,test
D02773,P01308,0,test
D04472,P00116,1,test
D00133,P01407,0,test
D03593,P00025,1,test
D00257,P00448,1,test
D00730,P01607,0,test
D00043,P00506,1,test
D01839,P00077,0,test
D04165,P00204,0,test
D00449,P00782,1,test
D00580,P00399,0,test
D00105,P01404,1,test
D00513,P01401,1,test
D02495,P00418,1,test
D01404,P01998,0,test
D01228,P00115,1,test
D00713,P01487,0,test
D03875,P01188,0,test
D03184,P01978,0,test
D00022,P00328,1,test
D03462,P01346,1,test
D00014,P01194,1,test
D04394,P01223,0,test
D00260,P00351,1,test
D00425,P00131,1,test
D02551,P01551,1,test
D02412,P01595,0,test
D00648,P02056,0,test
D02800,P01462,0,test
D00208,P00049,1,test
D04155,P00548,1,test
D03089,P00689,1,test
D00412,P00463,1,test
D00384,P01480,1,test
D01364,P00324,1,test
D00072,P00169,1,test
D04278,P01027,0,test
D01240,P00078,1,test
D02940,P00210,1,test
D04309,P01682,1,test
D03793,P01484,0,test
D03144,P01839,0,test
D01642,P00152,1,test
D02126,P01272,0,test
D01272,P01540,1,test
D00372,P02082,1,test
D04420,P01625,0,test
D00072,P00463,1,test
D04435,P00234,1,test
D02650,P02139,1,test
D01137,P01249,1,test
D01997,P00169,1,test
D03193,P00699,0,test
D00469,P00542,0,test
D01193,P01572,0,test
D03542,P02171,0,test
D00626,P00124,1,test
D02600,P00169,1,test
D01258,P00223,0,test
D03363,P01742,0,test
D04279,P01600,0,test
D03025,P00318,0,test
D01805,P00572,0,test
D03383,P00452,0,test
D03493,P02142,0,test
D00933,P00493,1,test
D00813,P01209,0,test
D00240,P00601,1,test
D01237,P00506,1,test
D03322,P00131,1,test
D03126,P00909,0,test
D02026,P01562,0,test
D03892,P00085,0,test
D03529,P00210,1,test
D03553,P00076,1,test
D01322,P02065,1,test
D03969,P00120,1,test
D00105,P02176,1,test
D02678,P01267,0,test
D00248,P01343,0,test
D02119,P02077,0,test
D04243,P00025,1,test
D04439,P00213,1,test
D00415,P01622,0,test
D01530,P00085,0,test
D04196,P00378,1,test
D00961,P00170,1,test
D03333,P00025,1,test
D00959,P00628,1,test
D02960,P00281,1,test
D00581,P00316,1,test
D01905,P01478,0,test
D01035,P01018,1,test
D00979,P01801,0,test
D03856,P00193,0,test
D04130,P01734,0,test
D02915,P00111,1,test
D02887,P01625,1,test
D00070,P00169,1,test
D03284,P00886,0,test
D00140,P01541,0,test
D01495,P01903,0,test
D01717,P01023,0,test
D00318,P00314,1,test
D01381,P01075,0,test
D01806,P00426,1,test
D02608,P00189,1,test
D00453,P00402,0,test
D02542,P01533,0,test
D00188,P01734,0,test
D02016,P02148,1,test
D03083,P00025,1,test
D01759,P01884,1,test
D03818,P01731,0,test
D02364,P02044,0,test
D00299,P01301,0,test
D03684,P02076,0,test
D01392,P00049,1,test
D03970,P00373,1,test
D01412,P00158,1,test
D01441,P01362,0,test
D00949,P00115,1,test
D01028,P00800,0,test
D00101,P00294,1,test
D01021,P00938,0,test
D01325,P00012,1,test
D01169,P01903,0,test
D01951,P00124,1,test
D01790,P00665,0,test
D01622,P00584,0,test
D02545,P01955,0,test
D03290,P01519,1,test
D00726,P00385,1,test
D01861,P00155,1,test
D01310,P00115,1,test
D02556,P01649,0,test
D01189,P01439,0,test
D03780,P01640,0,test
D02285,P00433,1,test
D01376,P00289,1,test
D03889,P00551,0,test
D02986,P01804,0,test
D03579,P01726,1,test
D01144,P02004,1,test
D01943,P02041,0,test
D02169,P00640,0,test
D00061,P01162,1,test
D00648,P01024,0,test
D04414,P01346,0,test
D00178,P00324,1,test
D04001,P00954,0,test
D03864,P01491,0,test
D02673,P00022,1,test
D00805,P01261,0,test
D00422,P00158,1,test
D00755,P01343,0,test
D01637,P00056,1,test
D01497,P00896,1,test
D01518,P00061,0,test
D01761,P00952,1,test
D01017,P01868,1,test
D02713,P00193,1,test
D01264,P00537,1,test
D01786,P01911,0,test
D03832,P00663,1,test
D01264,P00252,1,test
D00398,P00197,1,test
D00901,P00889,0,test
D01512,P01601,0,test
D00526,P00873,0,test
D04383,P00557,1,test
D01353,P00740,0,test
D01912,P01825,0,test
D03382,P02155,0,test
D04145,P00563,0,test
D00805,P00229,1,test
D00959,P00413,1,test
D01033,P00169,1,test
D00051,P01598,1,test
D02347,P00561,0,test
D02318,P00018,1,test
D04486,P01959,0,test
D00881,P00001,0,test
D02418,P01981,1,test
D03891,P00765,0,test
D03863,P00424,1,test
D01063,P00886,0,test
D00998,P00378,1,test
D00427,P00476,1,test
D01391,P00489,0,test
D00987,P01785,1,test
D03554,P02004,1,test
D01061,P00633,1,test
D01177,P01374,1,test
D00182,P00943,1,test
D03924,P00721,0,test
D01014,P01499,0,test
D01508,P00856,0,test
D01987,P00293,1,test
D01916,P00330,0,test
D00450,P00742,0,test
D03929,P00109,1,test
D04114,P01109,1,test
D00769,P00309,1,test
D02773,P00027,0,test
D04423,P00553,0,test
D01240,P02055,1,test
D01282,P00083,1,test
D03039,P01060,0,test
D01581,P00718,0,test
D01748,P01746,1,test
D03694,P00885,1,test
D03336,P01642,0,test
D01162,P00975,1,test
D03463,P00915,0,test
D01486,P00078,1,test
D02524,P00152,0,test
D00820,P01700,0,test
D03216,P02067,0,test
D01631,P01733,0,test
D00353,P00619,0,test
D02956,P00035,0,test
D01685,P00054,0,test
D02190,P00479,0,test
D00574,P00468,1,test
D01523,P00975,1,test
D00157,P01965,0,test
D03165,P00899,0,test
D01441,P00044,1,test
D01929,P00378,1,test
D00425,P00651,0,test
D01124,P01201,0,test
D02340,P00124,1,test
D00976,P02056,1,test
D03665,P01664,0,test
D02688,P00939,1,test
D01224,P00502,1,test
D02131,P00044,1,test
D00036,P01240,1,test
D02044,P00532,0,test
D00486,P00731,0,test
D01352,P00326,1,test
D04034,P00200,0,test
D00400,P00403,1,test
D00505,P00056,1,test
D02229,P00804,0,test
D03418,P00378,1,test
D00756,P00124,1,test
D03113,P00642,0,test
D01140,P00170,1,test
D01074,P01138,0,test
D04256,P00703,1,test
D01017,P00448,1,test
D02620,P01442,1,test
D01584,P00063,1,test
D03639,P00100,1,test
D02465,P00142,1,test
D01490,P01439,0,test
D01533,P01980,0,test
D03264,P00518,1,test
D03857,P02127,0,test
D00175,P00155,0,test
D00248,P00115,1,test
D00858,P00095,0,test
D00019,P00012,1,test
D01401,P00156,1,test
D03618,P00874,0,test
D00857,P01665,0,test
D01538,P00506,1,test
D00281,P00506,1,test
D00670,P00158,1,test
D02682,P00933,0,test
D02493,P00209,0,test
D00188,P01838,0,test
D03933,P01328,0,test
D04247,P00969,1,test
D00679,P00169,1,test
D00265,P00995,1,test
D03510,P00839,0,test
D01852,P01692,0,test
D01094,P01734,1,test
D01198,P01535,0,test
D03241,P00170,1,test
D01020,P01212,0,test
D01325,P00937,1,test
D01825,P00040,1,test
D02967,P00718,0,test
D03755,P00074,0,test
D04418,P01653,0,test
D00481,P01732,0,test
D03063,P01721,0,test
D04273,P00530,0,test
D00925,P00051,1,test
D01948,P00523,0,test
D00385,P01346,1,test
D02704,P01861,0,test
D01936,P01708,0,test
D02464,P00868,1,test
D01984,P00341,0,test
D02923,P00062,0,test
D00552,P01585,0,test
D01019,P01359,0,test
D01209,P01679,0,test
D02846,P00206,0,test
D02023,P00453,1,test
D01053,P00240,1,test
D02084,P00596,0,test
D01128,P00169,1,test
D04122,P01970,0,test
D01079,P02127,1,test
D02904,P00327,0,test
D01327,P00018,1,test
D03620,P00024,0,test
D00001,P00155,0,test
D03422,P01891,1,test
D00433,P01791,1,test
D03638,P01957,0,test
D00681,P01533,0,test
D03217,P00557,1,test
D04069,P01097,0,test
D01079,P01548,1,test
D01123,P01262,0,test
D03688,P00109,0,test
D04342,P00541,1,test
D04306,P00995,1,test
D00330,P00133,1,test
D03703,P01178,0,test
D04124,P01217,0,test
D01813,P00078,1,test
D04047,P01343,0,test
D02485,P00448,1,test
D02941,P00650,0,test
D02285,P01219,1,test
D01346,P01161,1,test
D02884,P00595,0,test
D03340,P01526,0,test
D00111,P00522,1,test
D00088,P00247,0,test
D04438,P00969,1,test
D04254,P01825,0,test
D02336,P00057,1,test
D01876,P00013,0,test
D01264,P01678,1,test
D04487,P00142,1,test
D02089,P00428,1,test
D04422,P02056,0,test
D01562,P01029,0,test
D01871,P00208,1,test
D02474,P02166,0,test
D00963,P01916,0,test
D00313,P00133,1,test
D00284,P00054,1,test
D02448,P00287,1,test
D03078,P01206,0,test
D01429,P00316,1,test
D00710,P01728,1,test
D00255,P00198,1,test
D04440,P01633,0,test
D00505,P01995,0,test
D01696,P01428,0,test
D03409,P00866,1,test
D01401,P00182,1,test
D00057,P01440,1,test
D03486,P01735,1,test
D02158,P00191,1,test
D01254,P01380,0,test
D04135,P00793,0,test
D03836,P00054,1,test
D01951,P00707,1,test
D03960,P01956,0,test
D02390,P00502,1,test
D03432,P00534,0,test
D02539,P00188,0,test
D00855,P01624,0,test
D03015,P00335,1,test
D03590,P00797,1,test
D04488,P00378,1,test
D04001,P00003,0,test
D01610,P00135,1,test
D01446,P00156,0,test
D00103,P00049,1,test
D03881,P00846,0,test
D01847,P01732,1,test
D01753,P01000,0,test
D03152,P00031,0,test
D00892,P00316,1,test
D04174,P01090,0,test
D00327,P00351,1,test
D03614,P00893,0,test
D02329,P01936,0,test
D00509,P00709,0,test
D00694,P00124,1,test
D04217,P00328,0,test
D01370,P01498,0,test
D01825,P01456,0,test
D00188,P01685,1,test
D00614,P01909,1,test
D00970,P00914,1,test
D00934,P01877,1,test
D03161,P01346,0,test
D00661,P02114,0,test
D00406,P01603,0,test
D03498,P01975,0,test
D04019,P00297,1,test
D04322,P02004,0,test
D03310,P00316,1,test
D01264,P01674,1,test
D00987,P00353,1,test
D01087,P00130,0,test
D03867,P00142,1,test
D02232,P00901,0,test
D01852,P00049,1,test
D00455,P00314,1,test
D00304,P01097,0,test
D00669,P00377,1,test
D00479,P00056,1,test
D03118,P01138,1,test
D00255,P00008,1,test
D02688,P01315,1,test
D00999,P00049,1,test
D01692,P00078,1,test
D02116,P00115,1,test
D04267,P00229,1,test
D00445,P02006,0,test
D02094,P01160,0,test
D01352,P00063,1,test
D02204,P00059,0,test
D00014,P01143,1,test
D00892,P00124,1,test
D02343,P01911,0,test
D00573,P01762,0,test
D01789,P00054,1,test
D03102,P01760,0,test
D02442,P00961,0,test
D00314,P01520,1,test
D01104,P00565,1,test
D04034,P01080,1,test
D00849,P01299,0,test
D03564,P00070,0,test
D03205,P01298,0,test
D01182,P00199,1,test
D04489,P00337,0,test
D04190,P00115,1,test
D04333,P00228,0,test
D01721,P00476,1,test
D01698,P01121,0,test
D03785,P02079,0,test
D00598,P00463,1,test
D00991,P00439,0,test
D02941,P00385,0,test
D01009,P00541,1,test
D02753,P00159,0,test
D01666,P01469,0,test
D03398,P02160,0,test
D01412,P00161,1,test
D00650,P00220,1,test
D01272,P01673,0,test
D02815,P01426,0,test
D01137,P01573,1,test
D01813,P00448,1,test
D00183,P00470,1,test
D04137,P00663,1,test
D03611,P01086,1,test
D02750,P01868,0,test
D03538,P00550,1,test
D01022,P01964,1,test
D00769,P00161,1,test
D00259,P00012,1,test
D03449,P00539,1,test
D03276,P00604,1,test
D02081,P00920,0,test
D02285,P01315,1,test
D03360,P02111,0,test
D01376,P01065,1,test
D04490,P00944,1,test
D00850,P01506,0,test
D01806,P01212,1,test
D03392,P00395,0,test
D01761,P00124,1,test
D01980,P01928,0,test
D01840,P01385,0,test
D00894,P00634,1,test
D04225,P00378,1,test
D01264,P00070,1,test
D00179,P00871,1,test
D00684,P01262,1,test
D04000,P02146,0,test
D01342,P01454,0,test
D00355,P01155,0,test
D03322,P00264,1,test
D00892,P00056,1,test
D04244,P02080,0,test
D02853,P00860,0,test
D02626,P00006,0,test
D03543,P00725,0,test
D01327,P00281,1,test
D00140,P01651,0,test
D04179,P00851,1,test
D00505,P00601,1,test
D01345,P00440,1,test
D00178,P00847,1,test
D01074,P00659,1,test
D02400,P00181,0,test
D02737,P00044,0,test
D03671,P01880,0,test
D00880,P00595,1,test
D01196,P00044,1,test
D01287,P00155,1,test
D00452,P00012,1,test
D01378,P00616,0,test
D00288,P00124,1,test
D02177,P00551,1,test
D02366,P00433,0,test
D02939,P01169,1,test
D02794,P00453,0,test
D01581,P00049,1,test
D04070,P01074,0,test
D01151,P01548,0,test
D02872,P00136,0,test
D00145,P01246,1,test
D04233,P00801,0,test
D00044,P00140,0,test
D03877,P00370,1,test
D01714,P00137,0,test
D03356,P00964,0,test
D01208,P01260,0,test
D01850,P01568,0,test
D01355,P00551,0,test
D02321,P00755,0,test
D00905,P01277,0,test
D00953,P00795,1,test
D02330,P01519,0,test
D04393,P01097,1,test
D01500,P00703,1,test
D03162,P00651,0,test
D01280,P01496,1,test
D04317,P00539,1,test
D03334,P00424,0,test
D03621,P01270,0,test
D03243,P00778,0,test
D01246,P01223,0,test
D00305,P00227,1,test
D04063,P00991,0,test
D00096,P00358,1,test
D04426,P01184,1,test
D02120,P00124,1,test
D03417,P01531,0,test
D03051,P01911,0,test
D01625,P01395,0,test
D02754,P00293,1,test
D00293,P01043,0,test
D02140,P00596,1,test
D04194,P02159,0,test
D04273,P01849,0,test
D01302,P00377,1,test
D01194,P00115,1,test
D04009,P00142,1,test
D02755,P00737,1,test
D01950,P00357,1,test
D00255,P00016,1,test
D00491,P00078,1,test
D00636,P00312,1,test
D00203,P00124,1,test
D00982,P00213,0,test
D00542,P00183,0,test
D00644,P00791,0,test
D03287,P02091,0,test
D01320,P00425,1,test
D04444,P00101,0,test
D01806,P02096,1,test
D04107,P01834,0,test
D04479,P01844,1,test
D03659,P00116,0,test
D02893,P00228,0,test
D03742,P00007,1,test
D00680,P00871,0,test
D02457,P01656,0,test
D04461,P00828,0,test
D00422,P01091,0,test
D01822,P01304,0,test
D03672,P01572,0,test
D02176,P00161,1,test
D00499,P00084,0,test
D03282,P00962,0,test
D03723,P01073,0,test
D03355,P02063,0,test
D02622,P00379,1,test
D01700,P00392,0,test
D00305,P00377,1,test
D04194,P01435,1,test
D02031,P00199,1,test
D01458,P00189,1,test
D03854,P01398,0,test
D01040,P00448,1,test
D01964,P01041,1,test
D02175,P00309,1,test
D03438,P01305,0,test
D00357,P00378,1,test
D00509,P01315,1,test
D03353,P00170,0,test
D02551,P00148,0,test
D01300,P00645,0,test
D03007,P01561,0,test
D03882,P00005,0,test
D04273,P00067,1,test
D00449,P00729,1,test
D01112,P00156,1,test
D04387,P00811,0,test
D03045,P00762,0,test
D01623,P00493,0,test
D01298,P00029,1,test
D00273,P02092,0,test
D03377,P00292,0,test
D00659,P00260,0,test
D03289,P01433,0,test
D01328,P00893,1,test
D03653,P01066,0,test
D00031,P00063,1,test
D01404,P00115,1,test
D01686,P00809,1,test
D00829,P01780,0,test
D00428,P00131,1,test
D00349,P00169,1,test
D01022,P01175,1,test
D01407,P01051,0,test
D03791,P00981,1,test
D01671,P00279,1,test
D02594,P00456,0,test
D00280,P00905,0,test
D00680,P01337,0,test
D03421,P01223,0,test
D03972,P00064,0,test
D00041,P00454,1,test
D01826,P01315,1,test
D01449,P00007,1,test
D02054,P00440,0,test
D04133,P01923,1,test
D04467,P00978,1,test
D00635,P00131,0,test
D04396,P00346,0,test
D00893,P00936,1,test
D00978,P00248,0,test
D01790,P00272,1,test
D03402,P01776,1,test
D00059,P00757,0,test
D02158,P01759,1,test
D01618,P00315,1,test
D02325,P00124,1,test
D02633,P00918,0,test
D01441,P00235,0,test
D01528,P01152,0,test
D00275,P02054,0,test
D00654,P00021,0,test
D00069,P00171,1,test
D00074,P00092,1,test
D03855,P02063,1,test
D01996,P01702,0,test
D01477,P01967,0,test
D02065,P01254,0,test
D00992,P01603,1,test
D01385,P00008,0,test
D02701,P00911,0,test
D04126,P01002,0,test
D01415,P00356,1,test
D00684,P01087,0,test
D01554,P00133,1,test
D03763,P00647,0,test
D02621,P01666,0,test
D00864,P01560,1,test
D02528,P00967,1,test
D00689,P00375,1,test
D02722,P00060,1,test
D01343,P00298,0,test
D03393,P00665,0,test
D02177,P00863,1,test
D01399,P01247,0,test
D03991,P00971,1,test
D01651,P01429,0,test
D02336,P00070,1,test
D02063,P00839,0,test
D00608,P00479,1,test
D03404,P00370,1,test
D03379,P01344,0,test
D02153,P00088,0,test
D02343,P00737,0,test
D01826,P00623,0,test
D01901,P00257,1,test
D00312,P02112,0,test
D00545,P00222,1,test
D02752,P00279,0,test
D02574,P01753,0,test
D01457,P01672,0,test
D00960,P01408,0,test
D03167,P01106,1,test
D01158,P01337,0,test
D03595,P01739,0,test
D04055,P00552,0,test
D02587,P01759,0,test
D03704,P02133,0,test
D02358,P01235,0,test
D04291,P01085,0,test
D02872,P01379,0,test
D01274,P00566,0,test
D00626,P00375,1,test
D03416,P00158,0,test
D01047,P00213,0,test
D01527,P00227,1,test
D03736,P01336,0,test
D00999,P01868,1,test
D00058,P00618,0,test
D00345,P00926,0,test
D04319,P00227,1,test
D04491,P01710,0,test
D03159,P01519,1,test
D02781,P01376,1,test
D02013,P00071,0,test
D01877,P00056,1,test
D00529,P01717,1,test
D01951,P01930,1,test
D04057,P01048,0,test
D03736,P01806,0,test
D00385,P01217,0,test
D03797,P02094,0,test
D03904,P00865,1,test
D00201,P00798,0,test
D03074,P01826,0,test
D01761,P00533,0,test
D04214,P01539,0,test
D01712,P01961,0,test
D04492,P00774,1,test
D00313,P00115,1,test
D03300,P00281,1,test
D00953,P01636,0,test
D00153,P01450,0,test
D02495,P01376,0,test
D00425,P00807,1,test
D01162,P01148,1,test
D00155,P00584,0,test
D04382,P01016,0,test
D01679,P01410,0,test
D04180,P00386,0,test
D02694,P00842,1,test
D03449,P00622,0,test
D01992,P02145,0,test
D00899,P00044,1,test
D00434,P00294,1,test
D03644,P00229,1,test
D03601,P01285,0,test
D01978,P00671,0,test
D00151,P00227,1,test
D00768,P00955,0,test
D03652,P00385,1,test
D00017,P01696,1,test
D00851,P01430,0,test
D00973,P00629,1,test
D02885,P00134,1,test
D02754,P00604,1,test
D03440,P02062,0,test
D03259,P00265,0,test
D01079,P00850,0,test
D03101,P01771,0,test
D03546,P00531,0,test
D00221,P00198,1,test
D00061,P02113,1,test
D02648,P00574,0,test
D03322,P00124,1,test
D02462,P01191,0,test
D03214,P00509,1,test
D00912,P00095,0,test
D04052,P00092,1,test
D02330,P00496,1,test
D00818,P00881,0,test
D02902,P00756,0,test
D01642,P01339,0,test
D03453,P02098,0,test
D01271,P00259,1,test
D01498,P00865,1,test
D00894,P00913,1,test
D02968,P00852,0,test
D04374,P00336,0,test
D01843,P01175,0,test
D02137,P00581,1,test
D01890,P00541,1,test
D00081,P00044,1,test
D00292,P01991,0,test
D01828,P00868,0,test
D02063,P00893,0,test
D02388,P00209,0,test
D01473,P00231,1,test
D03310,P01138,1,test
D04188,P01083,0,test
D00879,P00128,1,test
D01438,P00103,0,test
D01865,P00029,1,test
D03795,P02080,0,test
D03603,P00582,0,test
D01989,P00169,1,test
D00468,P00701,0,test
D00216,P01201,0,test
D01706,P01037,1,test
D00642,P01761,0,test
D02083,P00929,0,test
D00311,P01616,1,test
D01420,P00053,1,test
D00364,P00065,1,test
D01138,P00054,1,test
D01714,P00395,0,test
D00137,P00227,1,test
D03637,P00824,0,test
D00902,P02109,0,test
D00870,P01164,1,test
D00634,P00481,1,test
D02389,P01622,0,test
D04237,P00189,1,test
D00397,P01801,0,test
D01579,P00199,1,test
D02460,P00895,1,test
D03730,P01041,0,test
D01108,P01226,1,test
D00137,P00309,1,test
D00632,P00508,0,test
D03896,P00708,0,test
D01862,P00449,1,test
D02566,P00169,1,test
D00843,P01707,1,test
D02303,P01271,0,test
D03728,P01997,1,test
D00608,P00309,1,test
D02961,P01393,0,test
D00304,P01021,0,test
D02808,P01738,0,test
D02363,P01436,0,test
D03304,P00022,1,test
D00172,P00623,1,test
D02933,P00020,0,test
D02400,P01087,1,test
D04242,P00912,0,test
D01745,P01061,0,test
D02571,P00819,0,test
D00964,P01921,0,test
D02240,P00747,0,test
D04156,P01402,0,test
D02213,P01138,0,test
D00015,P00604,1,test
D00039,P01347,0,test
D03860,P01249,1,test
D02867,P00319,1,test
D01075,P00582,1,test
D03202,P01365,0,test
D00288,P00227,1,test
D00405,P00997,0,test
D00529,P00821,1,test
D01352,P00170,1,test
D04348,P00442,0,test
D03092,P01536,0,test
D02307,P00137,0,test
D01051,P00827,0,test
D02742,P01720,0,test
D04380,P01671,0,test
D02462,P00527,0,test
D03956,P02033,0,test
D01563,P00316,1,test
D00892,P00078,1,test
D02777,P00355,0,test
D02325,P00056,1,test
D03633,P01480,1,test
D03982,P01108,0,test
D00900,P00235,1,test
D00081,P00083,1,test
D01174,P00385,1,test
D02990,P01193,0,test
D01997,P00049,1,test
D01114,P01550,0,test
D02968,P00229,1,test
D02462,P00138,1,test
D03652,P00703,1,test
D02269,P00258,1,test
D00101,P00198,1,test
D01754,P00078,1,test
D02678,P01604,0,test
D00774,P00115,1,test
D00375,P00124,1,test
D01915,P00250,1,test
D04068,P00969,1,test
D00994,P00078,1,test
D03372,P00124,1,test
D00130,P01628,0,test
D01786,P01745,0,test
D00386,P02011,0,test
D04199,P00373,1,test
D01671,P00070,1,test
D03633,P00349,0,test
D04219,P00293,1,test
D03167,P00044,1,test
D02308,P00667,0,test
D03537,P00646,1,test
D00449,P00909,1,test
D02352,P00784,0,test
D00623,P01349,1,test
D02301,P00142,1,test
D02287,P00056,1,test
D02650,P01632,1,test
D02159,P02147,0,test
D00625,P00044,1,test
D04393,P01374,1,test
D02781,P00762,1,test
D04008,P00355,0,test
D00625,P00193,0,test
D00700,P00063,1,test
D00812,P00782,1,test
D00324,P00169,1,test
D03290,P01013,0,test
D01873,P00041,1,test
D00710,P00845,1,test
D03664,P00542,0,test
D00845,P00006,1,test
D02726,P00693,0,test
D00690,P00169,1,test
D02615,P01389,1,test
D01072,P01431,0,test
D00257,P00483,0,test
D00131,P01155,1,test
D01163,P00022,1,test
D01509,P01109,1,test
D00969,P00739,0,test
D02378,P01920,0,test
D00107,P00056,1,test
D01101,P00044,1,test
D00284,P01596,0,test
D01237,P01241,1,test
D04324,P01953,0,test
D01549,P01278,0,test
D00926,P01463,1,test
D01709,P01474,0,test
D00832,P00386,1,test
D00051,P01295,1,test
D02989,P01448,0,test
D00204,P00807,1,test
D04364,P01842,0,test
D00828,P00012,1,test
D03215,P01579,0,test
D02679,P00354,1,test
D00281,P00809,1,test
D03749,P00414,1,test
D03241,P00502,1,test
D02367,P01648,0,test
D03024,P00315,1,test
D00993,P00056,1,test
D04052,P00557,1,test
D03524,P01067,0,test
D00603,P01813,0,test
D00310,P00124,1,test
D00412,P00042,1,test
D01164,P01685,0,test
D04181,P00517,1,test
D03138,P01815,0,test
D02880,P01914,0,test
D02928,P00056,1,test
D00597,P00198,1,test
D00765,P00203,1,test
D01115,P00223,1,test
D02140,P00040,1,test
D04140,P00015,0,test
D01478,P00022,1,test
D03194,P01289,1,test
D03947,P01687,1,test
D02685,P01354,0,test
D00696,P01099,1,test
D00438,P00169,1,test
D01803,P00448,1,test
D03516,P02012,0,test
D00408,P01710,0,test
D02613,P01192,0,test
D01963,P01432,0,test
D04378,P00514,0,test
D01213,P01086,1,test
D00092,P00130,1,test
D00892,P00557,1,test
D03534,P00454,0,test
D00145,P02085,1,test
D01913,P00596,1,test
D04493,P00418,1,test
D01499,P00358,1,test
D00178,P00804,0,test
D04183,P01795,0,test
D02645,P00054,1,test
D02658,P01498,0,test
D02120,P00222,1,test
D02266,P01899,0,test
D02724,P00946,1,test
D01177,P00427,0,test
D03777,P00139,0,test
D04370,P00626,0,test
D01494,P00903,0,test
D01735,P01032,0,test
D01156,P00601,0,test
D03265,P01345,0,test
D04377,P00247,0,test
D00894,P01664,0,test
D02569,P00073,1,test
D02409,P01113,0,test
D00261,P01995,1,test
D03800,P00318,1,test
D02635,P00097,0,test
D00931,P01892,1,test
D01855,P00559,0,test
D01694,P00047,1,test
D01376,P00078,1,test
D01054,P00484,0,test
D02035,P00133,1,test
D03144,P00124,1,test
D00014,P01091,1,test
D00975,P01632,0,test
D04378,P00865,1,test
D00607,P00170,1,test
D00332,P00502,1,test
D03863,P00171,1,test
D00254,P00674,1,test
D02524,P00044,1,test
D02277,P01264,1,test
D00612,P00442,1,test
D01017,P01495,1,test
D02598,P01544,0,test
D02988,P01462,0,test
D03998,P00241,1,test
D03708,P00865,1,test
D00859,P01250,1,test
D03928,P00232,0,test
D00508,P00993,1,test
D04383,P00577,0,test
D03264,P02154,1,test
D04298,P00259,1,test
D00151,P00063,1,test
D00956,P00865,1,test
D01538,P00309,1,test
D03450,P00063,1,test
D01197,P02079,0,test
D00615,P01480,1,test
D01282,P01239,0,test
D00726,P00448,1,test
D01831,P01437,0,test
D02014,P00366,1,test
D04335,P01056,1,test
D01618,P01512,0,test
D01080,P00176,0,test
D04154,P00259,1,test
D00334,P00748,1,test
D04430,P00289,1,test
D00607,P00056,1,test
D00255,P00401,1,test
D02234,P01034,0,test
D01720,P01299,0,test
D01170,P02014,0,test
D02605,P00203,1,test
D01307,P00059,0,test
D03821,P01446,1,test
D00942,P00124,1,test
D02491,P01990,0,test
D01882,P01076,1,test
D03923,P00350,0,test
D02527,P01169,1,test
D00697,P01777,0,test
D01589,P01500,0,test
D00384,P00181,0,test
D00539,P00691,0,test
D02119,P00003,1,test
D04299,P01621,1,test
D00992,P00575,0,test
D00300,P00407,1,test
D01113,P00269,1,test
D00562,P00314,1,test
D01554,P01713,1,test
D00615,P00309,1,test
D00317,P01614,1,test
D01231,P00065,1,test
D03302,P01200,0,test
D00615,P00356,1,test
D03005,P00697,0,test
D03658,P01056,1,test
D01668,P01185,0,test
D03615,P00885,0,test
D00305,P00401,1,test
D03855,P00470,0,test
D02455,P01492,0,test
D01190,P00592,0,test
D02754,P00078,1,test
D03611,P00166,0,test
D02267,P00180,0,test
D02880,P00734,0,test
D00907,P01457,0,test
D01644,P00870,0,test
D01388,P01688,0,test
D01940,P01328,0,test
D00431,P01538,1,test
D02461,P01428,0,test
D01468,P01405,1,test
D00259,P00316,1,test
D00087,P01475,0,test
D00873,P01109,0,test
D02155,P00124,1,test
D02844,P01968,1,test
D00494,P00488,1,test
D02161,P01183,0,test
D00255,P00203,1,test
D03449,P01272,0,test
D00934,P00668,0,test
D00035,P00169,1,test
D02266,P01138,1,test
D03575,P00358,1,test
D00158,P00155,1,test
D00581,P00078,1,test
D00044,P01463,0,test
D01177,P01432,0,test
D00198,P01481,1,test
D04357,P01432,0,test
D02893,P01354,0,test
D00440,P00502,1,test
D02494,P00600,0,test
D01571,P00472,1,test
D00185,P01991,0,test
D04423,P00324,1,test
D03013,P00378,1,test
D02868,P01505,0,test
D01882,P00502,1,test
D02563,P00138,0,test
D03966,P02098,0,test
D01004,P01877,0,test
D00011,P00374,0,test
D03798,P02096,0,test
D02722,P00723,1,test
D00129,P01249,0,test
D02834,P02117,1,test
D01392,P00282,0,test
D02152,P00218,1,test
D00459,P00124,1,test
D01055,P00736,0,test
D00336,P00054,1,test
D01830,P00871,1,test
D01852,P00115,1,test
D00590,P00169,1,test
D00769,P00681,1,test
D01295,P00515,0,test
D01772,P01934,0,test
D03795,P01928,0,test
D02004,P01343,1,test
D01399,P01418,0,test
D00669,P00479,1,test
D00438,P01599,0,test
D03964,P00691,0,test
D01509,P00439,1,test
D00873,P00054,0,test
D03430,P00222,0,test
D00198,P01324,0,test
D00014,P00327,1,test
D03346,P00568,1,test
D00384,P01006,1,test
D01818,P00486,0,test
D03472,P02054,0,test
D01754,P00809,1,test
D00618,P01378,1,test
D01392,P00124,1,test
D04143,P00306,0,test
D00524,P00909,1,test
D02398,P01428,0,test
D03402,P01418,0,test
D01222,P01726,0,test
D02803,P01616,0,test
D03546,P00054,1,test
D03114,P00707,0,test
D00043,P00124,1,test
D01249,P00155,1,test
D01084,P01905,0,test
D04494,P00479,1,test
D00471,P01854,0,test
D04361,P01787,0,test
D00281,P00356,1,test
D04084,P00189,1,test
D02058,P00544,1,test
D03530,P01604,1,test
D03841,P01592,0,test
D00022,P00013,1,test
D00893,P00796,1,test
D00119,P00949,0,test
D00449,P00021,1,test
D00787,P01429,0,test
D00880,P00851,1,test
D01778,P00056,1,test
D00460,P01514,0,test
D02044,P01314,0,test
D00014,P01451,1,test
D01468,P01736,1,test
D02979,P00394,0,test
D00878,P00284,0,test
D00155,P01894,0,test
D04067,P00054,1,test
D01086,P00031,0,test
D02176,P00124,1,test
D02015,P00169,1,test
D00167,P00502,1,test
D00795,P00124,1,test
D04393,P00047,0,test
D00752,P00414,1,test
D00828,P00294,1,test
D03990,P00734,0,test
D02705,P00904,0,test
D00814,P00188,0,test
D02041,P01382,0,test
D04303,P00881,0,test
D02513,P00511,0,test
D03981,P01978,0,test
D02600,P00448,1,test
D02431,P01822,0,test
D01946,P00199,1,test
D02360,P01078,0,test
D02542,P00124,1,test
D01885,P00463,1,test
D01702,P00766,1,test
D03241,P00234,1,test
D02009,P01730,0,test
D04167,P01675,0,test
D00801,P01482,0,test
D04469,P01614,1,test
D01107,P00898,0,test
D01503,P00193,1,test
D01098,P01216,1,test
D00965,P01307,1,test
D03011,P02085,0,test
D02695,P00502,1,test
D01426,P00637,0,test
D01865,P01225,0,test
D02581,P02034,0,test
D03293,P01348,0,test
D03901,P01481,0,test
D02331,P00479,1,test
D00590,P00148,1,test
D04243,P00650,1,test
D01676,P00772,1,test
D00616,P00506,1,test
D02365,P00044,1,test
D00364,P00124,1,test
D02401,P00041,0,test
D04293,P00647,0,test
D01686,P00158,1,test
D01786,P01116,0,test
D03147,P00730,0,test
D02685,P01263,1,test
D04466,P00522,0,test
D00426,P01961,0,test
D02068,P02051,0,test
D00182,P01167,1,test
D02006,P00258,1,test
D00326,P00867,0,test
D03674,P01828,0,test
D03243,P00040,1,test
D01364,P02099,0,test
D03942,P01628,0,test
D00950,P01397,1,test
D02037,P01075,0,test
D02323,P00905,0,test
D03582,P00120,0,test
D01152,P00504,1,test
D01377,P00130,1,test
D00987,P01731,1,test
D01989,P00254,0,test
D00479,P01435,1,test
D00749,P00363,0,test
D00268,P00682,0,test
D00461,P00772,0,test
D01817,P00078,1,test
D00503,P00227,1,test
D00290,P00759,0,test
D01566,P00251,0,test
D00061,P02107,1,test
D02485,P00056,1,test
D01651,P00142,1,test
D03747,P00155,1,test
D02673,P00001,0,test
D00979,P00368,0,test
D03384,P01231,0,test
D03089,P01173,0,test
D01179,P01786,0,test
D00585,P02160,0,test
D01067,P00152,1,test
D03427,P01487,0,test
D01077,P01373,0,test
D04454,P01277,0,test
D00739,P01293,1,test
D01468,P01473,1,test
D01538,P00124,1,test
D02306,P02145,0,test
D01868,P00417,0,test
D00626,P00115,1,test
D03571,P00248,0,test
D04025,P00199,1,test
D04491,P00479,1,test
D00529,P01965,1,test
D01856,P00912,0,test
D01416,P00078,1,test
D00051,P00516,1,test
D00640,P01961,0,test
D02948,P00197,1,test
D01788,P00477,1,test
D00377,P01825,0,test
D03506,P02108,0,test
D01468,P01506,1,test
D01145,P00448,1,test
D00959,P00972,1,test
D00276,P00146,1,test
D02137,P00560,1,test
D01761,P00155,1,test
D02959,P01946,0,test
D00426,P00531,0,test
D01659,P00394,1,test
D04362,P00054,1,test
D03330,P00729,1,test
D03217,P00203,1,test
D04077,P00529,1,test
D04311,P01675,0,test
D04087,P01906,0,test
D00169,P01112,0,test
D00798,P00244,0,test
D00120,P01009,0,test
D01905,P01233,0,test
D00358,P02002,0,test
D01409,P00961,1,test
D01951,P00155,1,test
D00110,P01732,1,test
D03640,P01320,0,test
D01018,P00448,1,test
D03432,P00872,1,test
D00621,P02036,0,test
D02030,P00731,1,test
D00670,P00809,1,test
D00315,P01991,0,test
D00240,P00375,1,test
D01259,P00446,0,test
D01070,P00107,1,test
D04122,P00841,0,test
D04154,P01605,0,test
D02506,P01369,0,test
D00105,P01221,1,test
D00464,P01738,0,test
D01857,P00599,0,test
D00234,P00706,0,test
D01613,P00615,0,test
D03026,P00697,0,test
D03298,P01733,0,test
D01463,P00638,1,test
D00608,P00377,1,test
D00670,P01628,0,test
D00106,P00044,1,test
D00551,P02050,1,test
D00252,P00254,0,test
D02640,P00246,0,test
D00365,P01917,0,test
D01860,P00056,1,test
D00103,P01397,1,test
D00074,P00351,1,test
D01143,P01863,1,test
D03883,P00007,1,test
D00769,P00269,1,test
D02622,P00617,1,test
D02362,P00054,1,test
D00545,P00242,1,test
D00950,P00943,1,test
D02325,P01799,0,test
D01229,P00497,0,test
D00221,P00072,1,test
D04389,P00241,1,test
D02645,P02115,0,test
D02600,P00217,0,test
D03632,P02073,0,test
D03827,P01381,1,test
D04115,P01592,0,test
D01172,P00315,1,test
D01903,P00373,1,test
D01252,P00314,1,test
D03462,P00741,0,test
D02035,P01713,1,test
D00014,P01177,1,test
D02601,P01120,0,test
D00982,P01733,0,test
D00991,P01257,1,test
D04183,P02179,0,test
D01656,P00092,0,test
D02862,P01050,1,test
D01712,P00067,0,test
D03774,P00124,1,test
D03394,P00290,0,test
D00102,P01615,1,test
D03568,P00124,1,test
D01702,P01553,1,test
D01027,P00049,1,test
D04495,P01408,1,test
D00972,P01851,1,test
D04038,P01381,0,test
D01527,P00356,1,test
D02707,P00514,0,test
D02650,P01138,0,test
D01363,P00295,0,test
D03288,P01412,0,test
D03616,P00359,0,test
D00299,P00868,1,test
D03006,P00198,0,test
D03853,P00017,0,test
D04290,P00833,0,test
D01145,P01962,0,test
D04351,P00972,0,test
D00897,P01360,0,test
D00280,P00124,1,test
D01035,P00889,0,test
D03023,P00830,0,test
D02746,P01246,0,test
D04404,P01772,0,test
D00723,P00701,1,test
D01306,P00904,0,test
D00892,P00314,1,test
D01214,P01398,0,test
D01541,P00604,1,test
D01131,P01171,1,test
D04123,P00588,0,test
D00018,P01088,0,test
D03710,P01831,0,test
D04310,P00646,0,test
D04380,P00142,1,test
D00503,P00602,0,test
D03241,P01295,0,test
D02054,P00190,0,test
D01359,P00925,1,test
D04158,P01171,0,test
D01695,P00493,1,test
D02294,P00928,1,test
D02132,P00933,0,test
D03704,P02031,0,test
D00221,P01380,0,test
D01492,P01737,0,test
D01071,P00357,1,test
D01050,P00022,1,test
D03840,P01207,0,test
D00103,P00259,1,test
D00342,P01588,0,test
D02287,P00234,1,test
D01604,P01054,0,test
D00225,P01222,0,test
D03097,P01472,0,test
D01010,P00124,1,test
D00439,P00378,1,test
D00496,P00229,1,test
D00273,P01952,0,test
D03434,P01659,0,test
D02763,P00378,1,test
D03811,P01309,1,test
D04086,P00025,1,test
D04429,P00951,0,test
D02189,P00978,1,test
D04368,P00666,0,test
D04138,P00536,0,test
D01974,P01275,0,test
D02279,P01288,1,test
D02101,P01504,0,test
D03030,P00746,0,test
D03858,P01075,0,test
D03134,P00773,0,test
D00281,P01378,1,test
D02176,P00158,1,test
D00568,P00008,0,test
D02542,P00063,1,test
D00640,P00731,1,test
D04299,P00956,1,test
D00505,P00049,1,test
D01176,P00198,1,test
D04203,P01223,0,test
D00644,P00324,1,test
D03179,P01662,0,test
D01269,P01555,1,test
D02816,P00313,0,test
D03411,P00596,0,test
D01947,P01983,0,test
D03777,P01160,0,test
D00179,P01523,0,test
D01636,P00270,1,test
D03953,P00084,1,test
D02401,P01915,1,test
D02041,P01822,0,test
D01598,P00554,0,test
D02788,P01771,0,test
D00606,P00375,1,test
D00451,P00072,1,test
D01264,P00906,1,test
D02538,P00942,0,test
D01327,P01361,1,test
D00057,P00564,0,test
D03803,P01152,0,test
D02451,P00056,1,test
D02443,P01181,1,test
D02505,P00502,1,test
D00052,P00367,0,test
D00300,P00044,1,test
D00319,P00015,1,test
D04112,P00752,0,test
D02948,P00901,0,test
D02371,P00199,1,test
D00709,P01657,0,test
D03702,P00687,0,test
D01055,P01857,0,test
D02145,P00422,0,test
D00136,P01076,1,test
D00773,P00183,0,test
D00288,P00458,1,test
D00788,P01851,0,test
D00473,P00044,1,test
D04297,P02017,0,test
D01668,P00874,0,test
D00477,P00142,1,test
D02528,P00555,1,test
D02721,P00559,0,test
D01171,P01257,1,test
D02405,P00293,1,test
D00851,P01654,0,test
D03740,P00003,1,test
D02272,P01019,0,test
D02887,P00927,1,test
D02528,P00340,0,test
D01471,P00706,1,test
D03239,P00317,0,test
D02710,P00527,0,test
D00411,P00210,1,test
D01216,P00315,1,test
D00577,P01802,1,test
D01805,P00334,1,test
D01269,P00592,0,test
D02473,P01937,0,test
D00312,P01063,0,test
D04473,P01012,0,test
D00300,P01103,1,test
D02530,P00155,1,test
D02965,P01239,0,test
D02769,P01869,0,test
D04315,P00189,1,test
D01021,P01951,0,test
D03218,P00111,1,test
D00691,P01007,0,test
D03499,P01880,0,test
D00065,P00644,0,test
D03663,P01539,0,test
D02210,P01518,0,test
D00174,P01826,1,test
D01610,P00146,1,test
D03164,P01285,1,test
D02818,P00042,0,test
D00255,P00807,1,test
D03798,P02050,0,test
D04121,P01489,0,test
D01903,P00604,1,test
D00439,P01109,0,test
D04108,P00718,0,test
D01875,P02148,0,test
D01327,P01994,0,test
D02240,P01030,1,test
D01246,P00375,0,test
D00951,P00044,1,test
D01510,P00837,1,test
D03596,P01184,1,test
D00931,P01925,1,test
D01683,P00314,1,test
D00009,P01270,0,test
D00329,P00056,1,test
D01966,P02055,0,test
D00070,P00063,1,test
D01401,P00601,1,test
D01983,P01088,0,test
D03236,P01197,0,test
D00067,P01815,0,test
D01167,P00065,1,test
D03441,P00063,1,test
D00092,P01744,1,test
D00496,P00937,1,test
D04051,P02126,0,test
D00805,P00044,1,test
D01979,P00199,1,test
D03273,P00156,1,test
D04250,P00122,1,test
D03644,P00329,1,test
D03801,P00324,0,test
D00385,P00399,1,test
D01851,P00251,0,test
D00440,P00115,1,test
D01159,P01729,0,test
D04381,P00414,1,test
D03767,P00966,0,test
D02302,P01013,0,test
D01133,P00078,1,test
D00219,P01040,0,test
D03024,P00882,0,test
D03262,P00386,0,test
D03622,P00772,0,test
D02822,P00127,0,test
D02826,P01754,0,test
D00732,P00323,1,test
D01660,P00436,1,test
D00101,P00072,1,test
D04341,P01821,0,test
D01071,P00019,0,test
D02893,P00044,1,test
D03434,P01204,1,test
D04458,P01163,1,test
D00593,P00407,0,test
D01426,P00933,1,test
D04238,P00560,1,test
D04069,P00655,1,test
D00162,P00506,1,test
D01237,P00809,1,test
D00693,P00265,1,test
D03092,P01018,1,test
D04496,P00734,0,test
D03888,P01856,0,test
D02592,P00007,1,test
D03879,P01054,0,test
D04271,P00229,1,test
D00781,P01877,1,test
D01138,P01376,0,test
D02494,P00056,1,test
D00092,P00926,1,test
D04218,P01457,0,test
D01061,P00203,0,test
D00470,P01232,0,test
D04266,P00712,0,test
D00559,P00398,0,test
D00187,P01285,0,test
D03106,P00048,1,test
D03126,P00124,1,test
D02608,P01503,0,test
D01350,P00509,1,test
D01147,P00269,1,test
D00321,P02111,1,test
D02046,P00022,1,test
D02202,P01475,0,test
D01157,P00434,0,test
D01591,P01051,1,test
D02754,P00039,1,test
D00971,P01856,0,test
D00529,P00688,1,test
D04294,P01213,0,test
D02400,P00655,0,test
D03980,P01329,0,test
D04350,P00171,1,test
D00478,P00169,1,test
D00288,P01713,1,test
D03926,P00016,0,test
D00151,P01402,1,test
D00957,P00259,1,test
D00790,P01330,1,test
D01503,P01908,1,test
D04085,P00900,1,test
D00130,P00238,1,test
D00466,P01181,0,test
D02914,P01897,0,test
D00428,P00454,1,test
D03608,P00833,1,test
D00894,P01005,1,test
D03427,P00030,0,test
D02534,P00040,1,test
D03919,P00170,1,test
D00179,P01820,0,test
D00306,P00377,1,test
D00727,P00044,1,test
D04390,P00753,0,test
D02618,P01266,1,test
D00816,P00813,1,test
D04437,P02037,0,test
D03972,P00822,0,test
D00529,P01393,1,test
D04420,P00802,1,test
D00255,P00314,1,test
D03409,P00108,1,test
D00145,P01771,1,test
D00731,P01772,1,test
D02154,P00509,0,test
D01293,P01051,0,test
D01805,P01850,0,test
D00146,P00334,1,test
D00145,P00346,1,test
D00311,P01153,0,test
D00107,P00124,1,test
D00288,P00161,1,test
D02180,P01016,0,test
D02539,P00581,1,test
D01708,P02095,0,test
D01137,P00752,0,test
D02394,P01585,0,test
D00702,P00044,1,test
D01224,P00232,1,test
D00632,P00476,1,test
D01552,P01966,0,test
D01178,P00169,1,test
D02934,P00402,1,test
D03759,P00622,1,test
D00818,P00185,1,test
D01660,P00273,1,test
D00005,P01627,0,test
D00818,P00078,1,test
D00677,P00007,0,test
D01095,P01595,0,test
D00864,P00590,0,test
D00769,P00506,1,test
D03512,P01937,0,test
D01838,P02011,0,test
D00512,P00161,1,test
D03212,P00142,1,test
D02816,P00597,0,test
D03479,P00078,1,test
D01793,P00196,0,test
D04209,P00152,1,test
D04052,P00197,1,test
D02403,P00259,1,test
D02024,P00183,0,test
D00788,P00713,0,test
D00670,P00161,1,test
D00321,P01173,1,test
D00769,P00124,1,test
D00259,P01839,1,test
D00371,P00234,1,test
D01533,P00537,0,test
D02040,P01922,0,test
D01012,P01074,0,test
D00628,P00658,0,test
D00286,P00553,0,test
D02369,P00623,1,test
D02195,P00192,0,test
D03517,P02143,0,test
D00425,P01211,1,test
D00277,P01560,0,test
D03787,P01258,0,test
D01589,P01749,0,test
D04173,P00407,0,test
D00947,P00169,1,test
D00704,P00072,1,test
D03509,P01051,0,test
D02300,P00894,1,test
D00010,P02181,0,test
D01769,P00544,1,test
D01708,P02039,0,test
D00942,P01625,0,test
D03643,P01200,0,test
D01352,P00131,1,test
D00950,P01318,0,test
D02560,P00142,1,test
D00311,P01072,1,test
D01521,P00056,1,test
D00014,P02129,1,test
D02591,P00165,0,test
D03268,P00944,1,test
D00567,P01049,0,test
D03489,P00646,1,test
D04094,P02162,0,test
D01412,P00008,1,test
D01132,P02029,0,test
D00702,P00073,0,test
D01869,P00155,1,test
D00051,P01791,0,test
D02863,P01857,0,test
D03107,P01749,0,test
D00511,P00944,1,test
D01821,P01826,0,test
D02240,P01333,1,test
D01325,P01535,1,test
D00244,P00181,0,test
D00448,P00169,1,test
D00367,P00169,1,test
D01038,P00124,1,test
D00162,P00363,1,test
D00626,P00347,1,test
D01352,P00943,1,test
D01671,P01518,0,test
D03110,P01125,1,test
D03367,P00651,1,test
D01772,P01034,0,test
D02870,P00229,1,test
D00611,P00078,1,test
D01027,P00169,1,test
D00059,P00268,0,test
D00876,P01895,1,test
D02650,P01539,1,test
D04171,P01171,0,test
D04440,P00339,0,test
D03221,P00115,1,test
D03471,P01495,1,test
D01803,P00169,1,test
D00972,P00113,0,test
D04438,P01264,1,test
D01409,P01974,0,test
D01730,P00647,0,test
D04341,P00552,1,test
D00453,P00054,1,test
D02420,P01301,0,test
D01765,P00150,0,test
D02733,P00142,1,test
D04021,P01268,1,test
D04248,P00054,1,test
D02403,P00062,0,test
D00754,P00234,1,test
D03056,P00324,1,test
D01000,P00044,1,test
D00670,P00135,1,test
D01746,P00323,1,test
D01292,P01523,0,test
D02658,P01205,0,test
D00650,P01023,0,test
D03585,P01845,0,test
D02528,P00895,1,test
D00646,P00146,1,test
D01588,P00622,1,test
D04457,P00087,0,test
D02407,P01304,0,test
D00310,P00133,1,test
D03756,P00324,0,test
D00022,P00063,1,test
D04180,P01874,0,test
D03829,P01018,1,test
D02353,P01944,0,test
D02327,P00709,0,test
D00455,P00232,1,test
D02979,P01108,0,test
D01521,P00044,1,test
D00886,P00056,1,test
D00261,P01975,0,test
D02501,P00062,0,test
D01366,P01530,0,test
D02525,P02029,0,test
D02170,P01642,0,test
D00994,P00169,1,test
D01296,P00234,1,test
D02176,P00377,1,test
D01153,P01570,1,test
D01161,P00049,1,test
D03905,P00581,0,test
D03186,P00314,1,test
D01803,P00078,1,test
D00615,P00158,1,test
D01621,P00012,1,test
D03931,P00341,0,test
D03452,P01792,0,test
D04003,P01295,1,test
D03417,P00170,1,test
D02992,P01663,1,test
D03691,P00864,0,test
D02766,P00142,1,test
D00566,P00606,0,test
D00625,P01796,1,test
D01557,P01742,0,test
D03279,P00702,0,test
D02180,P00425,1,test
D00182,P02180,0,test
D02948,P00264,1,test
D03880,P01285,1,test
D00043,P00905,1,test
D03578,P01831,0,test
D02606,P00178,0,test
D00220,P01114,0,test
D01439,P01096,0,test
D00798,P00509,1,test
D03255,P02063,0,test
D00508,P00044,1,test
D04312,P00509,1,test
D00755,P00170,0,test
D00487,P00361,1,test
D00600,P00055,0,test
D03233,P00157,0,test
D04220,P00412,0,test
D00695,P01274,1,test
D00511,P01736,1,test
D01623,P00959,1,test
D00603,P01586,0,test
D03457,P00270,0,test
D00483,P00044,1,test
D01562,P00056,1,test
D03068,P01133,0,test
D00668,P00895,1,test
D01491,P01747,0,test
D01424,P00400,0,test
D02682,P00056,1,test
D04232,P01955,0,test
D04367,P00392,0,test
D01394,P00718,0,test
D04119,P01558,0,test
D00042,P00078,1,test
D01788,P00124,1,test
D01464,P00169,1,test
D01911,P00942,0,test
D01560,P01985,0,test
D00712,P01229,0,test
D00677,P00171,1,test
D00732,P00146,1,test
D03150,P00241,0,test
D01457,P01141,0,test
D02112,P00845,0,test
D01337,P01253,0,test
D02867,P00036,0,test
D04136,P01319,0,test
D03596,P00949,0,test
D03196,P01262,0,test
D00944,P00078,1,test
D03182,P00255,0,test
D01223,P01780,0,test
D00365,P00902,1,test
D03522,P00171,0,test
D01958,P01174,0,test
D02544,P01546,0,test
D04301,P00352,0,test
D03160,P01712,0,test
D02583,P00085,1,test
D03053,P01315,1,test
D00615,P00707,1,test
D00044,P00155,0,test
D00387,P00142,0,test
D00493,P01365,1,test
D01879,P00142,0,test
D01356,P00169,1,test
D03814,P01176,0,test
D00022,P01670,1,test
D02331,P01899,1,test
D02848,P01117,1,test
D01567,P01205,0,test
D01310,P01623,0,test
D03919,P00847,1,test
D03412,P02156,0,test
D02037,P02148,1,test
D00783,P00949,0,test
D01654,P00663,1,test
D01224,P01076,1,test
D00306,P01560,1,test
D00449,P00796,1,test
D04033,P00154,0,test
D03464,P01955,0,test
D01504,P00927,0,test
D02463,P00490,0,test
D00327,P00502,1,test
D03345,P00591,1,test
D02188,P01397,0,test
D00151,P00115,1,test
D03470,P00360,0,test
D00239,P01462,0,test
D04489,P00663,1,test
D00984,P01336,0,test
D00304,P00157,0,test
D03023,P00107,1,test
D00300,P01534,1,test
D01363,P00996,0,test
D01468,P01282,1,test
D03495,P00701,1,test
D01971,P00240,0,test
D02797,P00034,0,test
D00231,P00703,1,test
D00956,P00422,0,test
D03679,P01315,1,test
D01057,P00372,0,test
D02185,P00969,1,test
D00161,P00664,0,test
D03119,P00983,0,test
D01687,P00015,0,test
D01362,P00454,1,test
D01394,P00021,1,test
D03473,P01674,0,test
D01511,P00049,1,test
D02120,P00123,0,test
D03037,P01225,0,test
D00013,P00824,1,test
D00562,P02092,0,test
D00312,P01442,1,test
D02389,P00235,1,test
D00152,P01690,0,test
D01420,P01763,1,test
D02812,P00925,0,test
D00015,P00373,1,test
D03963,P02017,0,test
D00282,P00065,1,test
D01721,P01279,0,test
D02613,P00731,0,test
D01857,P02132,0,test
D00267,P00603,0,test
D01799,P00575,0,test
D00241,P02134,0,test
D02252,P00544,1,test
D00959,P02173,1,test
D00861,P01116,0,test
D01423,P00600,0,test
D04486,P00022,1,test
D02166,P01879,0,test
D04000,P00384,0,test
D02362,P00957,0,test
D02852,P01438,0,test
D01607,P01031,0,test
D00315,P00047,1,test
D03427,P00124,1,test
D00971,P01023,0,test
D02540,P01931,0,test
D00628,P00422,0,test
D00586,P00169,1,test
D00466,P01006,1,test
D01646,P00488,1,test
D03607,P00047,1,test
D00162,P00681,1,test
D03254,P01915,0,test
D01452,P00258,1,test
D01459,P00352,0,test
D01703,P00044,1,test
D01609,P00528,1,test
D03004,P00158,0,test
D00596,P00169,1,test
D03415,P00456,0,test
D00014,P01017,1,test
D04236,P00142,1,test
D00372,P00101,0,test
D04327,P00316,1,test
D04269,P01807,1,test
D02244,P00156,1,test
D01233,P00806,0,test
D02775,P00568,0,test
D00545,P01503,1,test
D00434,P01887,1,test
D03622,P02021,1,test
D00828,P00534,1,test
D01855,P00124,1,test
D03170,P00579,1,test
D02590,P01625,0,test
D03335,P01788,1,test
D00200,P00078,0,test
D03660,P00022,1,test
D02960,P00196,0,test
D01836,P00652,0,test
D01147,P00146,1,test
D00051,P00528,0,test
D00138,P01713,1,test
D04272,P00105,0,test
D02669,P00309,1,test
D03853,P01667,0,test
D00821,P01462,1,test
D00529,P00527,1,test
D03637,P00334,1,test
D00686,P00169,1,test
D01248,P00269,0,test
D02133,P01554,0,test
D03405,P00819,0,test
D00603,P01463,0,test
D02415,P00015,0,test
D02157,P00380,1,test
D04131,P00071,0,test
D00870,P01901,0,test
D03161,P00566,1,test
D03322,P00807,1,test
D03023,P00881,0,test
D03948,P02130,0,test
D00711,P01257,1,test
D01160,P00078,1,test
D01380,P01504,0,test
D01332,P01099,0,test
D00975,P00056,1,test
D00828,P00082,1,test
D04436,P00152,1,test
D03126,P00923,0,test
D03144,P01350,1,test
D03958,P02143,0,test
D00014,P02063,1,test
D01149,P00171,1,test
D03905,P00580,0,test
D02106,P00143,0,test
D00043,P00363,1,test
D04198,P00480,0,test
D03625,P00362,0,test
D01217,P00866,0,test
D02736,P02024,0,test
D00670,P00377,1,test
D00209,P00040,1,test
D01729,P01263,1,test
D00117,P00012,1,test
D01874,P00040,1,test
D01877,P01064,1,test
D02230,P01941,0,test
D01441,P01317,0,test
D00444,P00284,0,test
D03888,P00479,1,test
D00511,P01027,1,test
D00880,P00088,1,test
D01279,P00245,1,test
D00139,P00155,1,test
D00236,P00208,1,test
D02612,P00941,0,test
D01636,P00977,0,test
D03156,P01069,0,test
D01327,P00318,0,test
D00635,P01783,0,test
D02141,P01482,1,test
D03612,P02051,0,test
D03387,P01657,0,test
D02314,P00022,1,test
D03472,P01138,0,test
D01444,P01959,1,test
D04134,P00214,1,test
D01640,P00945,0,test
D03077,P00375,1,test
D00305,P00847,1,test
D00591,P00363,1,test
D01845,P01235,0,test
D04450,P00418,1,test
D01741,P01040,1,test
D01782,P01683,0,test
D00611,P00298,0,test
D02784,P01533,0,test
D00081,P01655,1,test
D01133,P01503,0,test
D03231,P01038,1,test
D01523,P00063,1,test
D00679,P01530,0,test
D04055,P01879,0,test
D00094,P01340,0,test
D00220,P00075,0,test
D00496,P00056,1,test
D04279,P00479,0,test
D02700,P00169,1,test
D00705,P00055,1,test
D04029,P01656,0,test
D00993,P00197,1,test
D03465,P01882,0,test
D03914,P02048,0,test
D03890,P00199,1,test
D01049,P01630,0,test
D00035,P00056,1,test
D02524,P00590,0,test
D00847,P00056,1,test
D01691,P01185,0,test
D03797,P00989,0,test
D01275,P00008,0,test
D00474,P00269,1,test
D00019,P00225,1,test
D02240,P01647,1,test
D03670,P00155,1,test
D00188,P00544,1,test
D03535,P01385,0,test
D03013,P00611,0,test
D03122,P01209,0,test
D00139,P01713,1,test
D00987,P00553,1,test
D02526,P00367,0,test
D01591,P00948,1,test
D00529,P01109,1,test
D01102,P00523,0,test
D03299,P00049,1,test
D01534,P00124,1,test
D02970,P01596,0,test
D04468,P00188,1,test
D03395,P01286,0,test
D00950,P00049,1,test
D04108,P02032,0,test
D00523,P01397,1,test
D01000,P00127,0,test
D03642,P00943,0,test
D01324,P01149,0,test
D03934,P00088,1,test
D00838,P00044,1,test
D01576,P01812,1,test
D02106,P01809,1,test
D01275,P00171,1,test
D02496,P01680,0,test
D02957,P00418,1,test
D01776,P00281,1,test
D02921,P02150,0,test
D03858,P01397,0,test
D03315,P00351,1,test
D00787,P00316,1,test
D00305,P00156,1,test
D02312,P01717,0,test
D00768,P00199,1,test
D00173,P00551,0,test
D04497,P01787,1,test
D02484,P01891,0,test
D02169,P01678,0,test
D01484,P00840,0,test
D00279,P00056,1,test
D00422,P00124,1,test
D04079,P01012,0,test
D00208,P00012,1,test
D01697,P01859,0,test
D00259,P00056,1,test
D04348,P00919,0,test
D01427,P00315,1,test
D02354,P00168,0,test
D01415,P00389,1,test
D01085,P01044,0,test
D04496,P00944,1,test
D02335,P01454,0,test
D00869,P02037,0,test
D02773,P00883,1,test
D02842,P00790,0,test
D04053,P01750,0,test
D03887,P02124,0,test
D00891,P00541,1,test
D01983,P00933,1,test
D03929,P00259,0,test
D00225,P01410,0,test
D03625,P00264,0,test
D01274,P01805,0,test
D04249,P00716,1,test
D04222,P00353,0,test
D02910,P01995,0,test
D02324,P00090,0,test
D01807,P00687,1,test
D02781,P01737,1,test
D04411,P00367,0,test
D01197,P00519,1,test
D00080,P01055,1,test
D01829,P00241,1,test
D00575,P01819,0,test
D02694,P01303,1,test
D00731,P00748,1,test
D00255,P00220,1,test
D01957,P01563,0,test
D01462,P00115,1,test
D03878,P01852,0,test
D03865,P01092,1,test
D03683,P00073,0,test
D04192,P00488,1,test
D01937,P00315,1,test
D00252,P01405,0,test
D03440,P00746,0,test
D00537,P01242,0,test
D04145,P00107,0,test
D00047,P01963,1,test
D00984,P01877,1,test
D03309,P00566,0,test
D03264,P00112,0,test
D03193,P00169,1,test
D00028,P01491,0,test
D00408,P00274,0,test
D04142,P00083,1,test
D01513,P02082,0,test
D03967,P00513,0,test
D04407,P00315,1,test
D02221,P01326,0,test
D00700,P01739,0,test
D00107,P00882,1,test
D04311,P02052,0,test
D00543,P01405,0,test
D03427,P00155,1,test
D01129,P00063,1,test
D00591,P00135,1,test
D04017,P00837,1,test
D02946,P00007,1,test
D03931,P01018,1,test
D02492,P01597,0,test
D04223,P00828,0,test
D01103,P01437,0,test
D00577,P01043,1,test
D03959,P01163,1,test
D01592,P01069,0,test
D00548,P00579,0,test
D00288,P00809,1,test
D00303,P01521,1,test
D00371,P00375,1,test
D00103,P01793,1,test
D02533,P02150,0,test
D02460,P01467,1,test
D01097,P00057,1,test
D00529,P00563,1,test
D03252,P00367,0,test
D03508,P00787,0,test
D03107,P01780,0,test
D01236,P00169,1,test
D01332,P01609,0,test
D00163,P00660,0,test
D00032,P00586,1,test
D02526,P00124,1,test
D03174,P00314,1,test
D04218,P01598,0,test
D04188,P01045,0,test
D00634,P00197,1,test
D00204,P00044,1,test
D01975,P01997,0,test
D00994,P00771,0,test
D02965,P00182,1,test
D02284,P01710,0,test
D00016,P00502,1,test
D01871,P00044,1,test
D00208,P00203,1,test
D00050,P00078,1,test
D01123,P01315,1,test
D02311,P00612,0,test
D00473,P00124,1,test
D00945,P00124,1,test
D04427,P00941,0,test
D01658,P00683,1,test
D02839,P00731,0,test
D00909,P00021,1,test
D03894,P00039,0,test
D00828,P00557,1,test
D03217,P00156,1,test
D01754,P00448,1,test
D01490,P01140,0,test
D03771,P01437,1,test
D01396,P00303,0,test
D01468,P01754,1,test
D00006,P00370,1,test
D02542,P00155,1,test
D01706,P01890,1,test
D00110,P01458,1,test
D02355,P00905,0,test
D02454,P00567,0,test
D04157,P00142,1,test
D00737,P00738,1,test
D02945,P00263,0,test
D01852,P00169,1,test
D00676,P01911,1,test
D03994,P00851,1,test
D01883,P01803,0,test
D01079,P01944,1,test
D02611,P00816,0,test
D02178,P00481,0,test
D04234,P00012,1,test
D01154,P00309,1,test
D02123,P00037,0,test
D00303,P01193,1,test
D02778,P01162,0,test
D00305,P00557,1,test
D02369,P00343,0,test
D01482,P00205,1,test
D04408,P01443,0,test
D01696,P00044,1,test
D00676,P00165,1,test
D00502,P00270,0,test
D01554,P00373,1,test
D01031,P00625,0,test
D00021,P01521,0,test
D02117,P00122,0,test
D00302,P00044,1,test
D04324,P00380,0,test
D01660,P00124,1,test
D00221,P00264,1,test
D04374,P01449,0,test
D01062,P01623,0,test
D03077,P00203,1,test
D03816,P00604,0,test
D02255,P01584,0,test
D00518,P00777,0,test
D00124,P01635,0,test
D02754,P00461,1,test
D02687,P00179,0,test
D04178,P00142,1,test
D02091,P00409,0,test
D01381,P01779,0,test
D01654,P01616,0,test
D00512,P00809,1,test
D01091,P01497,1,test
D01433,P00171,1,test
D00475,P00010,0,test
D00471,P00651,0,test
D04358,P00189,1,test
D02896,P02076,0,test
D01662,P00155,1,test
D00742,P00078,1,test
D01628,P00491,0,test
D02431,P01750,0,test
D00693,P01074,0,test
D03545,P00469,0,test
D04445,P00179,0,test
D04416,P01643,0,test
D01795,P01991,0,test
D02923,P01698,0,test
D00971,P02026,0,test
D04421,P00808,0,test
D03554,P00211,0,test
D02954,P00194,0,test
D03632,P01988,0,test
D04129,P00657,1,test
D01404,P01148,1,test
D03967,P00189,1,test
D00335,P00059,0,test
D00585,P00557,1,test
D03454,P01193,1,test
D01224,P00234,1,test
D02360,P01909,0,test
D03764,P01373,1,test
D02764,P01241,0,test
D00350,P00679,0,test
D01303,P00319,1,test
D01719,P00016,1,test
D00935,P01006,1,test
D00719,P00856,0,test
D04085,P00784,0,test
D00029,P00967,0,test
D00258,P01068,0,test
D00123,P00852,0,test
D02911,P01249,0,test
D01102,P00004,0,test
D00450,P00132,1,test
D00105,P00830,1,test
D00577,P01245,0,test
D03940,P00534,0,test
D00014,P02013,1,test
D00300,P00343,1,test
D01325,P00448,1,test
D00132,P00193,0,test
D03917,P00865,1,test
D00812,P00282,0,test
D00305,P00294,1,test
D01950,P01652,0,test
D00094,P00258,1,test
D01569,P00813,0,test
D01564,P00479,1,test
D04088,P00425,1,test
D01606,P00756,1,test
D04135,P00105,1,test
D02451,P01874,1,test
D01113,P00531,0,test
D01046,P00043,0,test
D04088,P00472,0,test
D01456,P01771,0,test
D02006,P01482,0,test
D01174,P01006,1,test
D04342,P01874,0,test
D00856,P00601,0,test
D02219,P01126,1,test
D02265,P00924,0,test
D01867,P01393,0,test
D01187,P00056,1,test
D02098,P00899,0,test
D03645,P01321,1,test
D00618,P00681,1,test
D01460,P01345,0,test
D04239,P00596,1,test
D01925,P01316,1,test
D00027,P02119,0,test
D03281,P02086,1,test
D01328,P01959,0,test
D00529,P00479,1,test
D04174,P00181,1,test
D02870,P00945,0,test
D01608,P00663,1,test
D00042,P00632,0,test
D03962,P00250,1,test
D00351,P00748,1,test
D00215,P00741,0,test
D02054,P01783,0,test
D00437,P00279,0,test
D01203,P00642,0,test
D02445,P00824,0,test
D01757,P01915,0,test
D03122,P01442,0,test
D00314,P01916,1,test
D00300,P00326,1,test
D00854,P01644,0,test
D00952,P01750,0,test
D01815,P00264,1,test
D00500,P01819,1,test
D00137,P00456,1,test
D01812,P00449,1,test
D02267,P02126,0,test
D03870,P01495,1,test
D00607,P00557,1,test
D00993,P00671,0,test
D03980,P00940,0,test
D01393,P01814,0,test
D00649,P00148,0,test
D01576,P00155,1,test
D00994,P00044,1,test
D01994,P00628,0,test
D00731,P01513,1,test
D00828,P00569,0,test
D01708,P01097,0,test
D00290,P00401,1,test
D01989,P00124,1,test
D04453,P00259,0,test
D01855,P00170,1,test
D03375,P00346,0,test
D00731,P00806,1,test
D01664,P01874,0,test
D00043,P00356,1,test
D01689,P01670,0,test
D04130,P00078,1,test
D00042,P00169,1,test
D00318,P01020,0,test
D04126,P00620,0,test
D01669,P00050,0,test
D02264,P01481,1,test
D02754,P00134,1,test
D01958,P01973,1,test
D01237,P00158,1,test
D00226,P00504,0,test
D03884,P00666,1,test
D02573,P02128,0,test
D00057,P00919,1,test
D04032,P02097,0,test
D02679,P01452,0,test
D03345,P00756,0,test
D03450,P01485,1,test
D03565,P00604,0,test
D03763,P02078,0,test
D01830,P00155,1,test
D02528,P01274,1,test
D02658,P01372,0,test
D03466,P00155,1,test
D01506,P00812,0,test
D01380,P00536,0,test
D02263,P01951,0,test
D03551,P00015,0,test
D03806,P00680,0,test
D01166,P01868,0,test
D02599,P01519,0,test
D00508,P00331,1,test
D00515,P00171,1,test
D00037,P00540,0,test
D02921,P01434,0,test
D01510,P01364,0,test
D03257,P01250,1,test
D00013,P00794,0,test
D03806,P01839,0,test
D03953,P00723,0,test
D02548,P01545,0,test
D00700,P00498,1,test
D01977,P00933,0,test
D03013,P01837,0,test
D00751,P00781,0,test
D00457,P00628,0,test
D03412,P00541,1,test
D03063,P01859,0,test
D00598,P00158,1,test
D03012,P00194,0,test
D02218,P00115,1,test
D00983,P00414,0,test
D00364,P02164,0,test
D00732,P00115,1,test
D02345,P00973,1,test
D03801,P02136,0,test
D00864,P00220,1,test
D01966,P01776,1,test
D03289,P00608,0,test
D00363,P01451,0,test
D00221,P00016,1,test
D01248,P00798,0,test
D01237,P00124,1,test
D00847,P00654,1,test
D03408,P00140,1,test
D03566,P00105,0,test
D03668,P01378,0,test
D03203,P01408,0,test
D02336,P01397,1,test
D00640,P01089,0,test
D01316,P00739,0,test
D01326,P00401,1,test
D02731,P01816,0,test
D02743,P01032,0,test
D02510,P00650,1,test
D01631,P01441,0,test
D00656,P01320,0,test
D03584,P00107,1,test
D00582,P01213,0,test
D02704,P00986,0,test
D01486,P00056,1,test
D03792,P00901,0,test
D03322,P00454,1,test
D00619,P00021,1,test
D03750,P01268,0,test
D01959,P00272,0,test
D01237,P00448,1,test
D02206,P00014,1,test
D00383,P01543,0,test
D00826,P02148,0,test
D03369,P00662,0,test
D00105,P00136,1,test
D02705,P01644,0,test
D02549,P01420,0,test
D00700,P01435,1,test
D02765,P00579,1,test
D01699,P00312,1,test
D03365,P00967,1,test
D00787,P01365,1,test
D03338,P01352,0,test
D01403,P01563,0,test
D02755,P01349,1,test
D03678,P02098,1,test
D01830,P00124,1,test
D04177,P00591,0,test
D00505,P01076,1,test
D00422,P00506,1,test
D03045,P02033,1,test
D03976,P00596,1,test
D00341,P00135,1,test
D01264,P00996,1,test
D01931,P01634,0,test
D03279,P01527,0,test
D00205,P01117,0,test
D03860,P00993,0,test
D03989,P01153,0,test
D02336,P01148,1,test
D02590,P01748,0,test
D04413,P00507,0,test
D00381,P00302,1,test
D00950,P00448,1,test
D01591,P00531,1,test
D03216,P02149,0,test
D02588,P01166,1,test
D00337,P00310,0,test
D03007,P01180,1,test
D01174,P00081,0,test
D02687,P00762,0,test
D00456,P00056,1,test
D02379,P01835,1,test
D01399,P00193,0,test
D02411,P00818,0,test
D03462,P00786,0,test
D01555,P00040,1,test
D01136,P01496,1,test
D02457,P00393,1,test
D00367,P00391,1,test
D04050,P01156,0,test
D00326,P01173,0,test
D04164,P00851,0,test
D01452,P00044,1,test
D00997,P00255,0,test
D01499,P01893,0,test
D01885,P00905,1,test
D04480,P01506,0,test
D02840,P00799,0,test
D04498,P00054,1,test
D01345,P00591,1,test
D01993,P00464,0,test
D00291,P01793,0,test
D01224,P00056,1,test
D01753,P01334,0,test
D03828,P00414,1,test
D00820,P01854,0,test
D03134,P00130,1,test
D03812,P00176,1,test
D00533,P00757,0,test
D01482,P01344,0,test
D03393,P01574,1,test
D00731,P01086,1,test
D01237,P00220,1,test
D03689,P01127,1,test
D00625,P02100,0,test
D00999,P00788,1,test
D03321,P01202,1,test
D00622,P01375,0,test
D02485,P00604,1,test
D04185,P00188,1,test
D03413,P00472,1,test
D01150,P00169,1,test
D02076,P02158,0,test
D00250,P00715,0,test
D00341,P00227,1,test
D02288,P01117,0,test
D00058,P02045,0,test
D01994,P00423,0,test
D01857,P01773,0,test
D02757,P01853,0,test
D03429,P01106,0,test
D01239,P00072,1,test
D03787,P00049,1,test
D03759,P01954,0,test
D00824,P01663,1,test
D01353,P00604,1,test
D02424,P01627,0,test
D00275,P02089,0,test
D00305,P00203,1,test
D00024,P01886,0,test
D02257,P00971,1,test
D03860,P00357,0,test
D03671,P00073,0,test
D00107,P00065,1,test
D03329,P00360,0,test
D00300,P02089,1,test
D01229,P00937,1,test
D00514,P00990,0,test
D04368,P01293,0,test
D02039,P00217,0,test
D00818,P00012,1,test
D01804,P01983,0,test
D00001,P00566,0,test
D00014,P00301,1,test
D02161,P00889,0,test
D00022,P01480,1,test
D00022,P00959,1,test
D02575,P01441,0,test
D02945,P00065,1,test
D00590,P01610,0,test
D02798,P00755,0,test
D00103,P01954,0,test
D01548,P01954,0,test
D01629,P02123,0,test
D01427,P00783,0,test
D04205,P01432,0,test
D01699,P00269,1,test
D03688,P00539,1,test
D02080,P00142,1,test
D00625,P00669,1,test
D00208,P00557,1,test
D04149,P00750,0,test
D01977,P00663,1,test
D01670,P00124,1,test
D02776,P00259,1,test
D04344,P01374,1,test
D02313,P01126,1,test
D00287,P00056,1,test
D00332,P00687,0,test
D01122,P00825,0,test
D02422,P01458,0,test
D03158,P01022,0,test
D01426,P00296,1,test
D03204,P00009,1,test
D00644,P00314,1,test
D00420,P00049,1,test
D02411,P00819,1,test
D00646,P00161,1,test
D02776,P00451,0,test
D02080,P01641,1,test
D00504,P00959,1,test
D03467,P01121,0,test
D02825,P00418,1,test
D01382,P01613,0,test
D00074,P00056,1,test
D03979,P01240,1,test
D00673,P01798,0,test
D01458,P01740,0,test
D03612,P01051,0,test
D03442,P00370,1,test
D02552,P02017,0,test
D02970,P00788,1,test
D02260,P01919,0,test
D02344,P00866,1,test
D00690,P00919,0,test
D00305,P00146,1,test
D00732,P00049,1,test
D03061,P02012,0,test
D02160,P00056,1,test
D00771,P01517,0,test
D01088,P01981,0,test
D00015,P00124,1,test
D02843,P00316,1,test
D02260,P00249,1,test
D02127,P01750,0,test
D00805,P01687,1,test
D00517,P00067,1,test
D04112,P00668,0,test
D00374,P00155,1,test
D01455,P00155,1,test
D03679,P01825,0,test
D01637,P00770,0,test
D03958,P01975,0,test
D04499,P00753,1,test
D01045,P00378,1,test
D03566,P02092,0,test
D01397,P00945,0,test
D01838,P00259,1,test
D02351,P00057,0,test
D01754,P00008,1,test
D00114,P00114,0,test
D01363,P00701,1,test
D02622,P01783,1,test
D01415,P00115,1,test
D01703,P00601,1,test
D01705,P01425,0,test
D02122,P01204,1,test
D00129,P01055,1,test
D01564,P00301,0,test
D02077,P00044,1,test
D04477,P00367,0,test
D01661,P01502,1,test
D01507,P00135,1,test
D02240,P00397,1,test
D01879,P01185,0,test
D03507,P00025,1,test
D00607,P00124,1,test
D02040,P01252,0,test
D00305,P01997,0,test
D04223,P00314,1,test
D03751,P01623,0,test
D03303,P02023,0,test
D01082,P01729,1,test
D01974,P00478,0,test
D01706,P00124,1,test
D03762,P00905,0,test
D01443,P00597,0,test
D01802,P01727,0,test
D02588,P00299,1,test
D01181,P01460,0,test
D01346,P01741,1,test
D02361,P01645,0,test
D01653,P00703,0,test
D03765,P00085,1,test
D01280,P01146,0,test
D01252,P00324,1,test
D00667,P00345,0,test
D00208,P00454,1,test
D00333,P00702,1,test
D02007,P00575,0,test
D02176,P00356,1,test
D01565,P01477,0,test
D03003,P01816,0,test
D00429,P00698,0,test
D02158,P01997,1,test
D00599,P00056,1,test
D04500,P01602,0,test
D00072,P00546,0,test
D04307,P00835,0,test
D01859,P00448,1,test
D04219,P00500,0,test
D01734,P00496,0,test
D00478,P00065,1,test
D00614,P02106,1,test
D02968,P00072,1,test
D03220,P00026,0,test
D02080,P00447,1,test
D01244,P01241,0,test
D00636,P00227,1,test
D01666,P00594,0,test
D00545,P00613,1,test
D00110,P00452,1,test
D01595,P01188,0,test
D01413,P00203,1,test
D04467,P00761,1,test
D00247,P00169,1,test
D02600,P00115,1,test
D01963,P01011,0,test
D02846,P01604,0,test
D01000,P00156,1,test
D00971,P01839,0,test
D04501,P00169,1,test
D01578,P00406,1,test
D01848,P01331,0,test
D00849,P01714,0,test
D04470,P02044,0,test
D04225,P00496,0,test
D00648,P00476,1,test
D01716,P00719,0,test
D03604,P00053,0,test
D00014,P02043,1,test
D00014,P01299,1,test
D00863,P01026,0,test
D02633,P00482,0,test
D00404,P00336,0,test
D00168,P00164,1,test
D02020,P00378,1,test
D04453,P00128,1,test
D00719,P01879,0,test
D04460,P00054,1,test
D02397,P00375,0,test
D00710,P00032,1,test
D00944,P00312,1,test
D03338,P01268,1,test
D00281,P00377,1,test
D03201,P00117,0,test
D02152,P00171,0,test
D04213,P00275,0,test
D00035,P01815,1,test
D04178,P01778,0,test
D02221,P01204,0,test
D03424,P00210,1,test
D01697,P00251,0,test
D03018,P00029,1,test
D02736,P00209,0,test
D01209,P02012,1,test
D03280,P00894,0,test
D04120,P00210,0,test
D02157,P00229,1,test
D03536,P00259,1,test
D00276,P00115,1,test
D03052,P01018,0,test
D01766,P00629,1,test
D02225,P00698,0,test
D00300,P00042,1,test
D04164,P01871,1,test
D01654,P00859,0,test
D02329,P00514,0,test
D03960,P01786,0,test
D03247,P00984,0,test
D02155,P01409,0,test
D01176,P00897,0,test
D00614,P01640,1,test
D03995,P00509,1,test
D04394,P01371,0,test
D03562,P01050,0,test
D04384,P01076,1,test
D00141,P01862,0,test
D00586,P01418,0,test
D02964,P00969,1,test
D04111,P01995,0,test
D00145,P02075,1,test
D03635,P01433,0,test
D00057,P00496,1,test
D02567,P01902,0,test
D02313,P00027,0,test
D02344,P01942,1,test
D00927,P01301,0,test
D01116,P00403,0,test
D01325,P00063,1,test
D00138,P00477,1,test
D03742,P01885,0,test
D00105,P01288,1,test
D04024,P00525,0,test
D02980,P01720,0,test
D02952,P00771,1,test
D04502,P00378,1,test
D02933,P00645,0,test
D01423,P00623,1,test
D03391,P01948,0,test
D01794,P00022,1,test
D00433,P01938,0,test
D01514,P02162,0,test
D00529,P01759,1,test
D02600,P00155,1,test
D01330,P01052,0,test
D04181,P01475,0,test
D03516,P01770,1,test
D01176,P00324,1,test
D00298,P01615,0,test
D02685,P00317,0,test
D00259,P00115,1,test
D03453,P01815,0,test
D04503,P00351,1,test
D00188,P00240,1,test
D02791,P01140,0,test
D00385,P00504,1,test
D00081,P00788,1,test
D02334,P00911,0,test
D00892,P00502,1,test
D02232,P00334,1,test
D00875,P01104,0,test
D02053,P00659,1,test
D00136,P00502,1,test
D03972,P00158,0,test
D00828,P00355,1,test
D04138,P01419,0,test
D01904,P01626,0,test
D00178,P00208,1,test
D01082,P00219,0,test
D01576,P01397,1,test
D03598,P01448,1,test
D04504,P00655,0,test
D03315,P01263,0,test
D00477,P00217,0,test
D03929,P01422,0,test
D02287,P00286,0,test
D00739,P01449,0,test
D00213,P02011,0,test
D02287,P00232,1,test
D00300,P00463,1,test
D00864,P00115,1,test
D02298,P01322,0,test
D01575,P01288,0,test
D01645,P01982,0,test
D00400,P01754,0,test
D00529,P01517,1,test
D03221,P01685,1,test
D01462,P01659,0,test
D01048,P00124,1,test
D02542,P00337,1,test
D04478,P00226,1,test
D01991,P01825,0,test
D01871,P00557,1,test
D02264,P01986,1,test
D02967,P01483,0,test
D00443,P02042,1,test
D01026,P00403,1,test
D01778,P00130,1,test
D00615,P00331,1,test
D03483,P01561,0,test
D01436,P01409,0,test
D03825,P00550,0,test
D04119,P00357,0,test
D01268,P02141,0,test
D01075,P00963,1,test
D01870,P01373,1,test
D03812,P01650,0,test
D00455,P01211,1,test
D01666,P00058,0,test
D01413,P00401,1,test
D00222,P00155,1,test
D00145,P01160,1,test
D00608,P00463,1,test
D02287,P00204,1,test
D01036,P00262,1,test
D01830,P00269,1,test
D01796,P00700,0,test
D04045,P00287,0,test
D00154,P00405,0,test
D01053,P00169,1,test
D00036,P00193,0,test
D01196,P00124,1,test
D03364,P02009,0,test
D01136,P00391,0,test
D02456,P01115,0,test
D03562,P00891,0,test
D01529,P00179,0,test
D01098,P01492,1,test
D01885,P00044,1,test
D02581,P00883,0,test
D00745,P01918,0,test
D03737,P00364,1,test
D02489,P00378,1,test
D01584,P00124,0,test
D01313,P02064,0,test
D00361,P00996,0,test
D02287,P01076,1,test
D01072,P00169,1,test
D03847,P00123,0,test
D04043,P01829,1,test
D03901,P01344,1,test
D00016,P00063,1,test
D00021,P01549,1,test
D00019,P00448,1,test
D03698,P00231,1,test
D01488,P01192,0,test
D00158,P00078,1,test
D01228,P00217,0,test
D00576,P00025,1,test
D01237,P00115,1,test
D00255,P01211,1,test
D03589,P00304,1,test
D00514,P00169,1,test
D01167,P01884,1,test
D00529,P00608,0,test
D02253,P00033,0,test
D01002,P01557,0,test
D02406,P00040,1,test
D00803,P00382,1,test
D04287,P01374,0,test
D00909,P00444,1,test
D01563,P00186,0,test
D03631,P01119,0,test
D01257,P01027,1,test
D01719,P02049,0,test
D00429,P01981,0,test
D00596,P00262,1,test
D00646,P00056,1,test
D00287,P00065,1,test
D01170,P02035,1,test
D03538,P01040,0,test
D00488,P00528,1,test
D00110,P00796,1,test
D03891,P00039,1,test
D02506,P01252,0,test
D01786,P00229,0,test
D00724,P01302,0,test
D04085,P01528,0,test
D00884,P00882,0,test
D00643,P00285,0,test
D00103,P00740,1,test
D03553,P01301,0,test
D00584,P00171,1,test
D01199,P00085,1,test
D01636,P01966,0,test
D00441,P00476,0,test
D01447,P00976,0,test
D00615,P00063,1,test
D00619,P00936,1,test
D01335,P00601,1,test
D03967,P01891,0,test
D04189,P00352,1,test
D02412,P00155,1,test
D00295,P02156,1,test
D02062,P00807,0,test
D00667,P02179,0,test
D02407,P00541,1,test
D02083,P01134,0,test
D03247,P01580,0,test
D01784,P01289,0,test
D00099,P00049,1,test
D00803,P00139,0,test
D02387,P01939,0,test
D02609,P01698,0,test
D02096,P01004,0,test
D00432,P00830,1,test
D02156,P00777,0,test
D00309,P00166,1,test
D02986,P01312,0,test
D01885,P00042,1,test
D01050,P01269,0,test
D03312,P00351,1,test
D00394,P01236,0,test
D02411,P01028,0,test
D00626,P00198,1,test
D00856,P00359,0,test
D03102,P01567,0,test
D00900,P00412,1,test
D02566,P00731,0,test
D03239,P01245,0,test
D02434,P01521,0,test
D01162,P00134,1,test
D01000,P00424,0,test
D01987,P00496,1,test
D02849,P00853,0,test
D03075,P00502,1,test
D03937,P00303,0,test
D03849,P00582,0,test
D00282,P00049,1,test
D02662,P00334,1,test
D01646,P00085,0,test
D00599,P00316,1,test
D04505,P02121,1,test
D00460,P00294,1,test
D00910,P00952,0,test
D00729,P00227,1,test
D00818,P00509,1,test
D02506,P00367,0,test
D00608,P00115,1,test
D02489,P00850,0,test
D01586,P00017,1,test
D02679,P00664,1,test
D00600,P00471,0,test
D00112,P01264,0,test
D03251,P00171,1,test
D04432,P01517,0,test
D04173,P00812,0,test
D03767,P02143,0,test
D02912,P00304,0,test
D02615,P00880,1,test
D00680,P01523,0,test
D04346,P00025,1,test
D01161,P02180,0,test
D01354,P00596,1,test
D01942,P01327,1,test
D01923,P00664,0,test
D00437,P00072,1,test
D02618,P00912,0,test
D00109,P00710,0,test
D04469,P00044,1,test
D04226,P01249,0,test
D00569,P01418,1,test
D00119,P00502,1,test
D02574,P00203,1,test
D00014,P00616,0,test
D00500,P00114,0,test
D01285,P00374,0,test
D01681,P00378,1,test
D00871,P00750,0,test
D03115,P00074,1,test
D00676,P00801,1,test
D03219,P00701,0,test
D03466,P00124,1,test
D01087,P00255,0,test
D03619,P00811,0,test
D01567,P01255,0,test
D00126,P00229,0,test
D02742,P00612,1,test
D00101,P00324,1,test
D02086,P01962,0,test
D01009,P01657,1,test
D00293,P01042,0,test
D04032,P00330,1,test
D02208,P00378,1,test
D04020,P00778,1,test
D00329,P01835,0,test
D01661,P00066,0,test
D01612,P01150,0,test
D00896,P01052,0,test
D02456,P00522,0,test
D03999,P00379,0,test
D01202,P00502,1,test
D00211,P01529,1,test
D01609,P01613,1,test
D02427,P00232,1,test
D03213,P02181,1,test
D01619,P02119,0,test
D03897,P01124,0,test
D03064,P02103,0,test
D01283,P01905,0,test
D00512,P00377,1,test
D00568,P00982,0,test
D01451,P00625,0,test
D00241,P00995,0,test
D00748,P01431,0,test
D03664,P02012,0,test
D00257,P00056,1,test
D04312,P01549,0,test
D04244,P01160,0,test
D01440,P01884,0,test
D00652,P00056,1,test
D00332,P00124,1,test
D03178,P00875,1,test
D03337,P01231,0,test
D02712,P02150,0,test
D02754,P00054,0,test
D00459,P02163,0,test
D01503,P00835,1,test
D01702,P01271,0,test
D02839,P00835,0,test
D01840,P00075,0,test
D01394,P01732,1,test
D02845,P01138,0,test
D02397,P01752,1,test
D00691,P00522,1,test
D00483,P00124,1,test
D03044,P01792,0,test
D02577,P00553,1,test
D00291,P00049,1,test
D04382,P00828,0,test
D02571,P00375,1,test
D01371,P00115,1,test
D03028,P00266,1,test
D02722,P00461,1,test
D01236,P01676,1,test
D03622,P01889,0,test
D03988,P02030,0,test
D03363,P01327,0,test
D00853,P00189,0,test
D01237,P00356,1,test
D03725,P00060,1,test
D02744,P01752,0,test
D01836,P00258,1,test
D01140,P02074,0,test
D00780,P02003,0,test
D01564,P01492,0,test
D04504,P01797,1,test
D00300,P00220,1,test
D00774,P01381,0,test
D02573,P00414,1,test
D00852,P00124,1,test
D01080,P00687,0,test
D00805,P00380,1,test
D01642,P00418,0,test
D01505,P00574,0,test
D04174,P01547,0,test
D00691,P00008,1,test
D01417,P00044,1,test
D00605,P00473,1,test
D00955,P00541,1,test
D00607,P00092,1,test
D04283,P01456,0,test
D03982,P00124,1,test
D00023,P00124,1,test
D03484,P00575,0,test
D04011,P01913,0,test
D03240,P00511,1,test
D03998,P01673,0,test
D01254,P00808,0,test
D02019,P00524,0,test
D00636,P00158,1,test
D00043,P00871,1,test
D01147,P01133,0,test
D00306,P00169,1,test
D00254,P01033,0,test
D03807,P00499,1,test
D03956,P01055,0,test
D02203,P00177,0,test
D00939,P01420,0,test
D03449,P01718,0,test
D03365,P01394,0,test
D01599,P00265,0,test
D02586,P00584,0,test
D03322,P00502,1,test
D01264,P01900,1,test
D00855,P00056,1,test
D01353,P00830,0,test
D00579,P01794,0,test
D04346,P00634,0,test
D02910,P00142,1,test
D02872,P01893,0,test
D00275,P01418,1,test
D03957,P00003,1,test
D01312,P00433,0,test
D01240,P00756,1,test
D00430,P00049,1,test
D03005,P00287,1,test
D02612,P00398,0,test
D02461,P00591,1,test
D01507,P00008,1,test
D04333,P00402,0,test
D03166,P01862,0,test
D00375,P00461,1,test
D00273,P00378,0,test
D00288,P00377,1,test
D03888,P00739,0,test
D01869,P00049,1,test
D02532,P00068,1,test
D01334,P01845,0,test
D00151,P00222,1,test
D01747,P00971,0,test
D01653,P00509,1,test
D03940,P00414,1,test
D00958,P00027,0,test
D00719,P01740,0,test
D04500,P00169,1,test
D00626,P00262,1,test
D02853,P01094,0,test
D02322,P00967,0,test
D03533,P00664,0,test
D01919,P00008,0,test
D04231,P00124,1,test
D02623,P01718,1,test
D00544,P00124,1,test
D00138,P00161,1,test
D02285,P01144,1,test
D00078,P00418,1,test
D03355,P00463,1,test
D00332,P00329,1,test
D00784,P00609,0,test
D02695,P00169,1,test
D04332,P01813,0,test
D01774,P00044,1,test
D03506,P00724,0,test
D03347,P00054,1,test
D01335,P00072,1,test
D02218,P00544,1,test
D00187,P01032,0,test
D01287,P00208,1,test
D02732,P00742,0,test
D03098,P00152,1,test
D00261,P00959,1,test
D01174,P01104,1,test
D03212,P02109,0,test
D03864,P00663,1,test
D02781,P01609,1,test
D03781,P01129,1,test
D00014,P01880,1,test
D00324,P00056,1,test
D04376,P01174,0,test
D01608,P00259,1,test
D00932,P01671,1,test
D01773,P00492,0,test
D02812,P00160,0,test
D03390,P01482,0,test
D00149,P02011,0,test
D02278,P01673,0,test
D02029,P01379,0,test
D03039,P00806,0,test
D00226,P00007,0,test
D01905,P00004,0,test
D03322,P00072,1,test
D00324,P00130,1,test
D01264,P01705,1,test
D01060,P01663,1,test
D02222,P00196,0,test
D01877,P00124,1,test
D02310,P00655,1,test
D01957,P01440,0,test
D01099,P01845,0,test
D03823,P00961,0,test
D01384,P00951,0,test
D01592,P00799,0,test
D00545,P01685,1,test
D00127,P00253,1,test
D04257,P00083,0,test
D02833,P00124,1,test
D01107,P00012,1,test
D01914,P00164,0,test
D00215,P00065,1,test
D02658,P01650,0,test
D01806,P01965,1,test
D00166,P00269,1,test
D00496,P00072,1,test
D01213,P00448,1,test
D00903,P00085,1,test
D01582,P00049,1,test
D00688,P00281,1,test
D02031,P00576,1,test
D02960,P01134,0,test
D00665,P00738,0,test
D00072,P00279,1,test
D02642,P01286,1,test
D03108,P00777,0,test
D04387,P01727,0,test
D03974,P00873,0,test
D00179,P00681,1,test
D00174,P00385,1,test
D00173,P00078,1,test
D00674,P00150,0,test
D01080,P01965,0,test
D03346,P01191,0,test
D01406,P01375,1,test
D02506,P00124,1,test
D00188,P00483,1,test
D00860,P00671,1,test
