drug_id,protein_id,interaction,split
D00000,P00000,smiles,train
D00001,P00001,0,train
D00002,P00002,1,train
D00003,P00003,2,train
D00004,P00004,3,train
D00005,P00005,4,train
D00006,P00006,5,train
D00007,P00007,6,train
D00008,P00008,7,train
D00009,P00009,8,train
D00010,P00010,9,train
D00011,P00011,2,train
D00012,P00012,10,train
D00013,P00013,11,train
D00014,P00014,12,train
D00015,P00015,13,train
D00016,P00016,14,train
D00017,P00017,15,train
D00018,P00018,16,train
D00019,P00019,17,train
D00020,P00020,18,train
D00021,P00021,19,train
D00022,P00022,20,train
D00023,P00023,21,train
D00024,P00024,22,train
D00025,P00025,23,train
D00026,P00026,24,train
D00027,P00027,25,train
D00028,P00028,26,train
D00029,P00029,27,train
D00030,P00030,28,train
D00031,P00031,29,train
D00032,P00032,30,train
D00033,P00033,31,train
D00034,P00034,32,train
D00035,P00035,33,train
D00036,P00036,34,train
D00037,P00037,35,train
D00038,P00038,36,train
D00039,P00039,25,train
D00040,P00040,37,train
D00041,P00041,38,train
D00042,P00042,2,train
D00043,P00043,39,train
D00044,P00044,40,train
D00045,P00045,41,train
D00046,P00046,42,train
D00047,P00047,43,train
D00048,P00048,44,train
D00049,P00049,45,train
D00050,P00050,46,train
D00051,P00051,47,train
D00052,P00052,48,train
D00053,P00053,49,train
D00054,P00054,50,train
D00055,P00055,51,train
D00056,P00056,52,train
D00057,P00057,5,train
D00058,P00058,53,train
D00059,P00059,54,train
D00060,P00060,55,train
D00061,P00061,56,train
D00062,P00062,57,train
D00063,P00063,58,train
D00064,P00064,59,train
D00065,P00065,42,train
D00066,P00066,28,train
D00067,P00067,60,train
D00068,P00068,61,train
D00069,P00069,62,train
D00070,P00070,19,train
D00071,P00071,63,train
D00072,P00072,64,train
D00073,P00073,42,train
D00074,P00074,65,train
D00075,P00075,66,train
D00076,P00076,67,train
D00077,P00077,68,train
D00078,P00078,69,train
D00079,P00079,70,train
D00080,P00080,71,train
D00081,P00081,72,train
D00082,P00082,73,train
D00083,P00083,74,train
D00084,P00084,75,train
D00085,P00085,76,train
D00086,P00086,77,train
D00087,P00087,78,train
D00088,P00088,79,train
D00089,P00089,80,train
D00090,P00090,81,train
D00091,P00091,81,train
D00092,P00092,82,train
D00093,P00093,83,train
D00094,P00094,84,train
D00095,P00095,85,train
D00096,P00096,81,train
D00097,P00097,86,train
D00098,P00098,35,train
D00099,P00099,87,train
D00100,P00100,88,train
D00101,P00101,89,train
D00102,P00102,90,train
D00103,P00103,91,train
D00104,P00104,92,train
D00105,P00105,93,train
D00106,P00106,94,train
D00107,P00107,95,train
D00108,P00108,96,train
D00109,P00109,42,train
D00110,P00110,97,train
D00111,P00111,98,train
D00112,P00112,99,train
D00113,P00113,100,train
D00114,P00114,101,train
D00115,P00115,102,train
D00116,P00116,103,train
D00117,P00117,104,train
D00118,P00118,105,train
D00119,P00119,106,train
D00120,P00120,76,train
D00121,P00121,93,train
D00122,P00122,107,train
D00123,P00123,108,train
D00124,P00124,109,train
D00125,P00125,110,train
D00126,P00126,2,train
D00127,P00127,111,train
D00128,P00128,35,train
D00129,P00129,112,train
D00130,P00130,113,train
D00131,P00131,114,train
D00132,P00132,115,train
D00133,P00133,116,train
D00134,P00134,2,train
D00135,P00135,117,train
D00136,P00136,118,train
D00137,P00137,119,train
D00138,P00138,120,train
D00139,P00139,121,train
D00140,P00140,122,train
D00141,P00141,35,train
D00142,P00142,123,train
D00143,P00143,124,train
D00144,P00144,125,train
D00145,P00145,126,train
D00146,P00146,127,train
D00147,P00147,128,train
D00148,P00148,129,train
D00149,P00149,130,train
D00150,P00150,131,train
D00151,P00151,132,train
D00152,P00152,133,train
D00153,P00153,134,train
D00154,P00154,135,train
D00155,P00155,136,train
D00156,P00156,81,train
D00157,P00157,35,train
D00158,P00158,2,train
D00159,P00159,137,train
D00160,P00160,138,train
D00161,P00161,16,train
D00162,P00162,139,train
D00163,P00163,140,train
D00164,P00164,141,train
D00165,P00165,142,train
D00166,P00166,143,train
D00167,P00167,144,train
D00168,P00168,145,train
D00169,P00169,146,train
D00170,P00170,147,train
D00171,P00171,148,train
D00172,P00172,35,train
D00173,P00173,149,train
D00174,P00174,150,train
D00175,P00175,151,train
D00176,P00176,152,train
D00177,P00177,153,train
D00178,P00178,154,train
D00179,P00179,155,train
D00180,P00180,156,train
D00181,P00181,157,train
D00182,P00182,158,train
D00183,P00183,159,train
D00184,P00184,160,train
D00185,P00185,161,train
D00186,P00186,162,train
D00187,P00187,25,train
D00188,P00188,163,train
D00189,P00189,164,train
D00190,P00190,165,train
D00191,P00191,166,train
D00192,P00192,167,train
D00193,P00193,168,train
D00194,P00194,169,train
D00195,P00195,170,train
D00196,P00196,171,train
D00197,P00197,81,train
D00198,P00198,172,train
D00199,P00199,62,train
D00200,P00200,107,train
D00201,P00201,173,train
D00202,P00202,174,train
D00203,P00203,114,train
D00204,P00204,175,train
D00205,P00205,176,train
D00206,P00206,177,train
D00207,P00207,178,train
D00208,P00208,179,train
D00209,P00209,180,train
D00210,P00210,181,train
D00211,P00211,182,train
D00212,P00212,2,train
D00213,P00213,183,train
D00214,P00214,184,train
D00215,P00215,172,train
D00216,P00216,185,train
D00217,P00217,186,train
D00218,P00218,187,train
D00219,P00219,188,train
D00220,P00220,189,train
D00221,P00221,190,train
D00222,P00222,191,train
D00223,P00223,192,train
D00224,P00224,193,train
D00225,P00225,194,train
D00226,P00226,195,train
D00227,P00227,196,train
D00228,P00228,197,train
D00229,P00229,198,train
D00230,P00230,199,train
D00231,P00231,81,train
D00232,P00232,200,train
D00233,P00233,201,train
D00234,P00234,117,train
D00235,P00235,202,train
D00236,P00236,203,train
D00237,P00237,204,train
D00238,P00238,205,train
D00239,P00239,206,train
D00240,P00240,207,train
D00241,P00241,208,train
D00242,P00242,107,train
D00243,P00243,209,train
D00244,P00244,210,train
D00245,P00245,211,train
D00246,P00246,212,train
D00247,P00247,213,train
D00248,P00248,214,train
D00249,P00249,215,train
D00250,P00250,216,train
D00251,P00251,217,train
D00252,P00252,218,train
D00253,P00253,2,train
D00254,P00254,66,train
D00255,P00255,19,train
D00256,P00256,2,train
D00257,P00257,219,train
D00258,P00258,220,train
D00259,P00259,66,train
D00260,P00260,221,train
D00261,P00261,222,train
D00262,P00262,223,train
D00263,P00263,107,train
D00264,P00264,224,train
D00265,P00265,113,train
D00266,P00266,225,train
D00267,P00267,129,train
D00268,P00268,226,train
D00269,P00269,227,train
D00270,P00270,81,train
D00271,P00271,228,train
D00272,P00272,229,train
D00273,P00273,230,train
D00274,P00274,35,train
D00275,P00275,231,train
D00276,P00276,232,train
D00277,P00277,233,train
D00278,P00278,234,train
D00279,P00279,62,train
D00280,P00280,235,train
D00281,P00281,156,train
D00282,P00282,236,train
D00283,P00283,237,train
D00284,P00284,238,train
D00285,P00285,239,train
D00286,P00286,240,train
D00287,P00287,241,train
D00288,P00288,242,train
D00289,P00289,243,train
D00290,P00290,244,train
D00291,P00291,245,train
D00292,P00292,246,train
D00293,P00293,247,train
D00294,P00294,19,train
D00295,P00295,248,train
D00296,P00296,136,train
D00297,P00297,129,train
D00298,P00298,35,train
D00299,P00299,249,train
D00300,P00300,172,train
D00301,P00301,250,train
D00302,P00302,107,train
D00303,P00303,251,train
D00304,P00304,252,train
D00305,P00305,253,train
D00306,P00306,254,train
D00307,P00307,255,train
D00308,P00308,256,train
D00309,P00309,257,train
D00310,P00310,42,train
D00311,P00311,258,train
D00312,P00312,259,train
D00313,P00313,260,train
D00314,P00314,261,train
D00315,P00315,262,train
D00316,P00316,263,train
D00317,P00317,55,train
D00318,P00318,264,train
D00319,P00319,265,train
D00320,P00320,266,train
D00321,P00321,267,train
D00322,P00322,268,train
D00323,P00323,269,train
D00324,P00324,270,train
D00325,P00325,271,train
D00326,P00326,272,train
D00327,P00327,273,train
D00328,P00328,274,train
D00329,P00329,98,train
D00330,P00330,275,train
D00331,P00331,276,train
D00332,P00332,277,train
D00333,P00333,278,train
D00334,P00334,279,train
D00335,P00335,280,train
D00336,P00336,281,train
D00337,P00337,282,train
D00338,P00338,283,train
D00339,P00339,284,train
D00340,P00340,285,train
D00341,P00341,286,train
D00342,P00342,130,train
D00343,P00343,287,train
D00344,P00344,288,train
D00345,P00345,218,train
D00346,P00346,289,train
D00347,P00347,290,train
D00348,P00348,93,train
D00349,P00349,291,train
D00350,P00350,145,train
D00351,P00351,292,train
D00352,P00352,293,train
D00353,P00353,294,train
D00354,P00354,295,train
D00355,P00355,296,train
D00356,P00356,297,train
D00357,P00357,298,train
D00358,P00358,81,train
D00359,P00359,299,train
D00360,P00360,300,train
D00361,P00361,301,train
D00362,P00362,302,train
D00363,P00363,303,train
D00364,P00364,2,train
D00365,P00365,304,train
D00366,P00366,305,train
D00367,P00367,306,train
D00368,P00368,81,train
D00369,P00369,171,train
D00370,P00370,307,train
D00371,P00371,19,train
D00372,P00372,308,train
D00373,P00373,309,train
D00374,P00374,310,train
D00375,P00375,311,train
D00376,P00376,312,train
D00377,P00377,93,train
D00378,P00378,313,train
D00379,P00379,145,train
D00380,P00380,314,train
D00381,P00381,315,train
D00382,P00382,316,train
D00383,P00383,317,train
D00384,P00384,318,train
D00385,P00385,14,train
D00386,P00386,319,train
D00387,P00387,6,train
D00388,P00388,320,train
D00389,P00389,321,train
D00390,P00390,322,train
D00391,P00391,323,train
D00392,P00392,324,train
D00393,P00393,35,train
D00394,P00394,19,train
D00395,P00395,325,train
D00396,P00396,326,train
D00397,P00397,327,train
D00398,P00398,328,train
D00399,P00399,329,train
D00400,P00400,330,train
D00401,P00401,331,train
D00402,P00402,332,train
D00403,P00403,333,train
D00404,P00404,35,train
D00405,P00405,334,train
D00406,P00406,335,train
D00407,P00407,336,train
D00408,P00408,337,train
D00409,P00409,338,train
D00410,P00410,111,train
D00411,P00411,117,train
D00412,P00412,339,train
D00413,P00413,340,train
D00414,P00414,95,train
D00415,P00415,341,train
D00416,P00416,2,train
D00417,P00417,342,train
D00418,P00418,343,train
D00419,P00419,344,train
D00420,P00420,83,train
D00421,P00421,345,train
D00422,P00422,123,train
D00423,P00423,346,train
D00424,P00424,347,train
D00425,P00425,348,train
D00426,P00426,349,train
D00427,P00427,350,train
D00428,P00428,258,train
D00429,P00429,183,train
D00430,P00430,351,train
D00431,P00431,352,train
D00432,P00432,353,train
D00433,P00433,170,train
D00434,P00434,354,train
D00435,P00435,111,train
D00436,P00436,129,train
D00437,P00437,355,train
D00438,P00438,356,train
D00439,P00439,357,train
D00440,P00440,358,train
D00441,P00441,42,train
D00442,P00442,35,train
D00443,P00443,359,train
D00444,P00444,360,train
D00445,P00445,361,train
D00446,P00446,362,train
D00447,P00447,363,train
D00448,P00448,364,train
D00449,P00449,339,train
D00450,P00450,106,train
D00451,P00451,344,train
D00452,P00452,35,train
D00453,P00453,330,train
D00454,P00454,180,train
D00455,P00455,365,train
D00456,P00456,99,train
D00457,P00457,366,train
D00458,P00458,367,train
D00459,P00459,368,train
D00460,P00460,81,train
D00461,P00461,369,train
D00462,P00462,370,train
D00463,P00463,371,train
D00464,P00464,372,train
D00465,P00465,373,train
D00466,P00466,374,train
D00467,P00467,375,train
D00468,P00468,376,train
D00469,P00469,377,train
D00470,P00470,378,train
D00471,P00471,379,train
D00472,P00472,380,train
D00473,P00473,381,train
D00474,P00474,382,train
D00475,P00475,383,train
D00476,P00476,384,train
D00477,P00477,385,train
D00478,P00478,386,train
D00479,P00479,387,train
D00480,P00480,342,train
D00481,P00481,136,train
D00482,P00482,388,train
D00483,P00483,158,train
D00484,P00484,389,train
D00485,P00485,390,train
D00486,P00486,391,train
D00487,P00487,392,train
D00488,P00488,2,train
D00489,P00489,393,train
D00490,P00490,394,train
D00491,P00491,395,train
D00492,P00492,396,train
D00493,P00493,397,train
D00494,P00494,398,train
D00495,P00495,356,train
D00496,P00496,399,train
D00497,P00497,400,train
D00498,P00498,401,train
D00499,P00499,402,train
D00500,P00500,403,train
D00501,P00501,2,train
D00502,P00502,404,train
D00503,P00503,106,train
D00504,P00504,405,train
D00505,P00505,406,train
D00506,P00506,310,train
D00507,P00507,57,train
D00508,P00508,81,train
D00509,P00509,407,train
D00510,P00510,408,train
D00511,P00511,409,train
D00512,P00512,410,train
D00513,P00513,411,train
D00514,P00514,307,train
D00515,P00515,412,train
D00516,P00516,413,train
D00517,P00517,414,train
D00518,P00518,415,train
D00519,P00519,416,train
D00520,P00520,417,train
D00521,P00521,35,train
D00522,P00522,35,train
D00523,P00523,418,train
D00524,P00524,2,train
D00525,P00525,35,train
D00526,P00526,35,train
D00527,P00527,419,train
D00528,P00528,342,train
D00529,P00529,107,train
D00530,P00530,420,train
D00531,P00531,421,train
D00532,P00532,422,train
D00533,P00533,423,train
D00534,P00534,424,train
D00535,P00535,425,train
D00536,P00536,161,train
D00537,P00537,426,train
D00538,P00538,81,train
D00539,P00539,427,train
D00540,P00540,428,train
D00541,P00541,35,train
D00542,P00542,429,train
D00543,P00543,430,train
D00544,P00544,218,train
D00545,P00545,431,train
D00546,P00546,432,train
D00547,P00547,433,train
D00548,P00548,434,train
D00549,P00549,435,train
D00550,P00550,436,train
D00551,P00551,437,train
D00552,P00552,2,train
D00553,P00553,438,train
D00554,P00554,439,train
D00555,P00555,440,train
D00556,P00556,441,train
D00557,P00557,442,train
D00558,P00558,107,train
D00559,P00559,311,train
D00560,P00560,138,train
D00561,P00561,443,train
D00562,P00562,444,train
D00563,P00563,91,train
D00564,P00564,445,train
D00565,P00565,446,train
D00566,P00566,156,train
D00567,P00567,447,train
D00568,P00568,448,train
D00569,P00569,93,train
D00570,P00570,449,train
D00571,P00571,450,train
D00572,P00572,451,train
D00573,P00573,452,train
D00574,P00574,453,train
D00575,P00575,35,train
D00576,P00576,19,train
D00577,P00577,454,train
D00578,P00578,455,train
D00579,P00579,456,train
D00580,P00580,457,train
D00581,P00581,458,train
D00582,P00582,459,train
D00583,P00583,460,train
D00584,P00584,461,train
D00585,P00585,462,train
D00586,P00586,463,train
D00587,P00587,464,train
D00588,P00588,81,train
D00589,P00589,465,train
D00590,P00590,35,train
D00591,P00591,81,train
D00592,P00592,161,train
D00593,P00593,447,train
D00594,P00594,264,train
D00595,P00595,466,train
D00596,P00596,35,train
D00597,P00597,467,train
D00598,P00598,81,train
D00599,P00599,112,train
D00600,P00600,468,train
D00601,P00601,469,train
D00602,P00602,429,train
D00603,P00603,37,train
D00604,P00604,2,train
D00605,P00605,2,train
D00606,P00606,470,train
D00607,P00607,471,train
D00608,P00608,472,train
D00609,P00609,473,train
D00610,P00610,59,train
D00611,P00611,474,train
D00612,P00612,475,train
D00613,P00613,476,train
D00614,P00614,477,train
D00615,P00615,478,train
D00616,P00616,479,train
D00617,P00617,480,train
D00618,P00618,481,train
D00619,P00619,81,train
D00620,P00620,482,train
D00621,P00621,81,train
D00622,P00622,117,train
D00623,P00623,483,train
D00624,P00624,484,train
D00625,P00625,99,train
D00626,P00626,485,train
D00627,P00627,486,train
D00628,P00628,339,train
D00629,P00629,487,train
D00630,P00630,69,train
D00631,P00631,28,train
D00632,P00632,76,train
D00633,P00633,488,train
D00634,P00634,489,train
D00635,P00635,490,train
D00636,P00636,491,train
D00637,P00637,492,train
D00638,P00638,126,train
D00639,P00639,493,train
D00640,P00640,494,train
D00641,P00641,81,train
D00642,P00642,495,train
D00643,P00643,496,train
D00644,P00644,497,train
D00645,P00645,106,train
D00646,P00646,269,train
D00647,P00647,498,train
D00648,P00648,499,train
D00649,P00649,500,train
D00650,P00650,81,train
D00651,P00651,501,train
D00652,P00652,502,train
D00653,P00653,503,train
D00654,P00654,504,train
D00655,P00655,505,train
D00656,P00656,506,train
D00657,P00657,507,train
D00658,P00658,508,train
D00659,P00659,306,train
D00660,P00660,509,train
D00661,P00661,107,train
D00662,P00662,510,train
D00663,P00663,511,train
D00664,P00664,512,train
D00665,P00665,80,train
D00666,P00666,513,train
D00667,P00667,514,train
D00668,P00668,515,train
D00669,P00669,516,train
D00670,P00670,517,train
D00671,P00671,518,train
D00672,P00672,519,train
D00673,P00673,193,train
D00674,P00674,520,train
D00675,P00675,521,train
D00676,P00676,522,train
D00677,P00677,502,train
D00678,P00678,388,train
D00679,P00679,523,train
D00680,P00680,524,train
D00681,P00681,525,train
D00682,P00682,526,train
D00683,P00683,527,train
D00684,P00684,35,train
D00685,P00685,528,train
D00686,P00686,529,train
D00687,P00687,530,train
D00688,P00688,531,train
D00689,P00689,532,train
D00690,P00690,533,train
D00691,P00691,534,train
D00692,P00692,35,train
D00693,P00693,535,train
D00694,P00694,536,train
D00695,P00695,464,train
D00696,P00696,537,train
D00697,P00697,538,train
D00698,P00698,539,train
D00699,P00699,540,train
D00700,P00700,541,train
D00701,P00701,122,train
D00702,P00702,542,train
D00703,P00703,68,train
D00704,P00704,77,train
D00705,P00705,2,train
D00706,P00706,543,train
D00707,P00707,544,train
D00708,P00708,121,train
D00709,P00709,545,train
D00710,P00710,171,train
D00711,P00711,81,train
D00712,P00712,546,train
D00713,P00713,81,train
D00714,P00714,547,train
D00715,P00715,485,train
D00716,P00716,37,train
D00717,P00717,548,train
D00718,P00718,2,train
D00719,P00719,549,train
D00720,P00720,550,train
D00721,P00721,129,train
D00722,P00722,551,train
D00723,P00723,552,train
D00724,P00724,509,train
D00725,P00725,553,train
D00726,P00726,554,train
D00727,P00727,555,train
D00728,P00728,35,train
D00729,P00729,308,train
D00730,P00730,556,train
D00731,P00731,557,train
D00732,P00732,25,train
D00733,P00733,73,train
D00734,P00734,90,train
D00735,P00735,558,train
D00736,P00736,339,train
D00737,P00737,559,train
D00738,P00738,2,train
D00739,P00739,560,train
D00740,P00740,561,train
D00741,P00741,562,train
D00742,P00742,506,train
D00743,P00743,563,train
D00744,P00744,35,train
D00745,P00745,564,train
D00746,P00746,107,train
D00747,P00747,355,train
D00748,P00748,565,train
D00749,P00749,566,train
D00750,P00750,77,train
D00751,P00751,81,train
D00752,P00752,567,train
D00753,P00753,202,train
D00754,P00754,568,train
D00755,P00755,81,train
D00756,P00756,35,train
D00757,P00757,490,train
D00758,P00758,569,train
D00759,P00759,570,train
D00760,P00760,571,train
D00761,P00761,572,train
D00762,P00762,573,train
D00763,P00763,574,train
D00764,P00764,575,train
D00765,P00765,576,train
D00766,P00766,577,train
D00767,P00767,578,train
D00768,P00768,579,train
D00769,P00769,580,train
D00770,P00770,581,train
D00771,P00771,582,train
D00772,P00772,204,train
D00773,P00773,583,train
D00774,P00774,128,train
D00775,P00775,584,train
D00776,P00776,585,train
D00777,P00777,586,train
D00778,P00778,587,train
D00779,P00779,448,train
D00780,P00780,480,train
D00781,P00781,588,train
D00782,P00782,589,train
D00783,P00783,590,train
D00784,P00784,591,train
D00785,P00785,35,train
D00786,P00786,299,train
D00787,P00787,592,train
D00788,P00788,81,train
D00789,P00789,593,train
D00790,P00790,25,train
D00791,P00791,594,train
D00792,P00792,355,train
D00793,P00793,595,train
D00794,P00794,596,train
D00795,P00795,597,train
D00796,P00796,598,train
D00797,P00797,599,train
D00798,P00798,600,train
D00799,P00799,82,train
D00800,P00800,35,train
D00801,P00801,601,train
D00802,P00802,81,train
D00803,P00803,602,train
D00804,P00804,330,train
D00805,P00805,603,train
D00806,P00806,604,train
D00807,P00807,222,train
D00808,P00808,605,train
D00809,P00809,606,train
D00810,P00810,88,train
D00811,P00811,392,train
D00812,P00812,607,train
D00813,P00813,330,train
D00814,P00814,608,train
D00815,P00815,2,train
D00816,P00816,609,train
D00817,P00817,610,train
D00818,P00818,611,train
D00819,P00819,612,train
D00820,P00820,43,train
D00821,P00821,613,train
D00822,P00822,614,train
D00823,P00823,81,train
D00824,P00824,6,train
D00825,P00825,339,train
D00826,P00826,130,train
D00827,P00827,615,train
D00828,P00828,517,train
D00829,P00829,616,train
D00830,P00830,373,train
D00831,P00831,8,train
D00832,P00832,617,train
D00833,P00833,618,train
D00834,P00834,619,train
D00835,P00835,264,train
D00836,P00836,620,train
D00837,P00837,621,train
D00838,P00838,622,train
D00839,P00839,35,train
D00840,P00840,623,train
D00841,P00841,35,train
D00842,P00842,624,train
D00843,P00843,625,train
D00844,P00844,493,train
D00845,P00845,171,train
D00846,P00846,626,train
D00847,P00847,402,train
D00848,P00848,627,train
D00849,P00849,628,train
D00850,P00850,629,train
D00851,P00851,2,train
D00852,P00852,630,train
D00853,P00853,631,train
D00854,P00854,101,train
D00855,P00855,632,train
D00856,P00856,633,train
D00857,P00857,634,train
D00858,P00858,635,train
D00859,P00859,463,train
D00860,P00860,300,train
D00861,P00861,509,train
D00862,P00862,35,train
D00863,P00863,636,train
D00864,P00864,637,train
D00865,P00865,638,train
D00866,P00866,412,train
D00867,P00867,639,train
D00868,P00868,640,train
D00869,P00869,641,train
D00870,P00870,642,train
D00871,P00871,643,train
D00872,P00872,644,train
D00873,P00873,645,train
D00874,P00874,646,train
D00875,P00875,81,train
D00876,P00876,129,train
D00877,P00877,2,train
D00878,P00878,647,train
D00879,P00879,648,train
D00880,P00880,2,train
D00881,P00881,649,train
D00882,P00882,650,train
D00883,P00883,651,train
D00884,P00884,652,train
D00885,P00885,653,train
D00886,P00886,654,train
D00887,P00887,655,train
D00888,P00888,656,train
D00889,P00889,657,train
D00890,P00890,99,train
D00891,P00891,2,train
D00892,P00892,145,train
D00893,P00893,658,train
D00894,P00894,659,train
D00895,P00895,660,train
D00896,P00896,596,train
D00897,P00897,437,train
D00898,P00898,81,train
D00899,P00899,437,train
D00900,P00900,661,train
D00901,P00901,662,train
D00902,P00902,239,train
D00903,P00903,6,train
D00904,P00904,663,train
D00905,P00905,664,train
D00906,P00906,665,train
D00907,P00907,597,train
D00908,P00908,666,train
D00909,P00909,261,train
D00910,P00910,515,train
D00911,P00911,667,train
D00912,P00912,668,train
D00913,P00913,669,train
D00914,P00914,670,train
D00915,P00915,391,train
D00916,P00916,671,train
D00917,P00917,276,train
D00918,P00918,672,train
D00919,P00919,673,train
D00920,P00920,35,train
D00921,P00921,674,train
D00922,P00922,2,train
D00923,P00923,202,train
D00924,P00924,675,train
D00925,P00925,676,train
D00926,P00926,99,train
D00927,P00927,81,train
D00928,P00928,677,train
D00929,P00929,678,train
D00930,P00930,2,train
D00931,P00931,679,train
D00932,P00932,114,train
D00933,P00933,673,train
D00934,P00934,597,train
D00935,P00935,680,train
D00936,P00936,681,train
D00937,P00937,682,train
D00938,P00938,683,train
D00939,P00939,35,train
D00940,P00940,684,train
D00941,P00941,442,train
D00942,P00942,685,train
D00943,P00943,479,train
D00944,P00944,329,train
D00945,P00945,276,train
D00946,P00946,449,train
D00947,P00947,686,train
D00948,P00948,687,train
D00949,P00949,688,train
D00950,P00950,689,train
D00951,P00951,159,train
D00952,P00952,690,train
D00953,P00953,166,train
D00954,P00954,691,train
D00955,P00955,651,train
D00956,P00956,692,train
D00957,P00957,223,train
D00958,P00958,640,train
D00959,P00959,129,train
D00960,P00960,81,train
D00961,P00961,693,train
D00962,P00962,694,train
D00963,P00963,674,train
D00964,P00964,81,train
D00965,P00965,85,train
D00966,P00966,695,train
D00967,P00967,696,train
D00968,P00968,697,train
D00969,P00969,698,train
D00970,P00970,597,train
D00971,P00971,699,train
D00972,P00972,81,train
D00973,P00973,700,train
D00974,P00974,325,train
D00975,P00975,701,train
D00976,P00976,702,train
D00977,P00977,387,train
D00978,P00978,333,train
D00979,P00979,703,train
D00980,P00980,22,train
D00981,P00981,704,train
D00982,P00982,705,train
D00983,P00983,706,train
D00984,P00984,35,train
D00985,P00985,707,train
D00986,P00986,708,train
D00987,P00987,709,train
D00988,P00988,44,train
D00989,P00989,710,train
D00990,P00990,2,train
D00991,P00991,711,train
D00992,P00992,712,train
D00993,P00993,646,train
D00994,P00994,713,train
D00995,P00995,714,train
D00996,P00996,715,train
D00997,P00997,716,train
D00998,P00998,518,train
D00999,P00999,35,train
D01000,P01000,405,train
D01001,P01001,717,train
D01002,P01002,81,train
D01003,P01003,2,train
D01004,P01004,718,train
D01005,P01005,719,train
D01006,P01006,720,train
D01007,P01007,61,train
D01008,P01008,721,train
D01009,P01009,722,train
D01010,P01010,723,train
D01011,P01011,81,train
D01012,P01012,724,train
D01013,P01013,725,train
D01014,P01014,726,train
D01015,P01015,727,train
D01016,P01016,69,train
D01017,P01017,190,train
D01018,P01018,728,train
D01019,P01019,729,train
D01020,P01020,730,train
D01021,P01021,35,train
D01022,P01022,81,train
D01023,P01023,731,train
D01024,P01024,581,train
D01025,P01025,732,train
D01026,P01026,123,train
D01027,P01027,733,train
D01028,P01028,734,train
D01029,P01029,36,train
D01030,P01030,2,train
D01031,P01031,735,train
D01032,P01032,231,train
D01033,P01033,42,train
D01034,P01034,35,train
D01035,P01035,80,train
D01036,P01036,59,train
D01037,P01037,736,train
D01038,P01038,2,train
D01039,P01039,737,train
D01040,P01040,738,train
D01041,P01041,547,train
D01042,P01042,739,train
D01043,P01043,554,train
D01044,P01044,2,train
D01045,P01045,493,train
D01046,P01046,35,train
D01047,P01047,740,train
D01048,P01048,373,train
D01049,P01049,741,train
D01050,P01050,491,train
D01051,P01051,742,train
D01052,P01052,743,train
D01053,P01053,744,train
D01054,P01054,42,train
D01055,P01055,745,train
D01056,P01056,739,train
D01057,P01057,746,train
D01058,P01058,700,train
D01059,P01059,556,train
D01060,P01060,493,train
D01061,P01061,119,train
D01062,P01062,747,train
D01063,P01063,369,train
D01064,P01064,366,train
D01065,P01065,674,train
D01066,P01066,163,train
D01067,P01067,748,train
D01068,P01068,749,train
D01069,P01069,35,train
D01070,P01070,454,train
D01071,P01071,750,train
D01072,P01072,751,train
D01073,P01073,752,train
D01074,P01074,753,train
D01075,P01075,754,train
D01076,P01076,114,train
D01077,P01077,579,train
D01078,P01078,755,train
D01079,P01079,756,train
D01080,P01080,670,train
D01081,P01081,546,train
D01082,P01082,757,train
D01083,P01083,745,train
D01084,P01084,441,train
D01085,P01085,758,train
D01086,P01086,448,train
D01087,P01087,88,train
D01088,P01088,759,train
D01089,P01089,760,train
D01090,P01090,42,train
D01091,P01091,130,train
D01092,P01092,761,train
D01093,P01093,762,train
D01094,P01094,763,train
D01095,P01095,35,train
D01096,P01096,764,train
D01097,P01097,447,train
D01098,P01098,765,train
D01099,P01099,766,train
D01100,P01100,147,train
D01101,P01101,81,train
D01102,P01102,767,train
D01103,P01103,768,train
D01104,P01104,769,train
D01105,P01105,90,train
D01106,P01106,770,train
D01107,P01107,771,train
D01108,P01108,2,train
D01109,P01109,695,train
D01110,P01110,679,train
D01111,P01111,81,train
D01112,P01112,391,train
D01113,P01113,2,train
D01114,P01114,772,train
D01115,P01115,145,train
D01116,P01116,773,train
D01117,P01117,774,train
D01118,P01118,277,train
D01119,P01119,775,train
D01120,P01120,776,train
D01121,P01121,777,train
D01122,P01122,563,train
D01123,P01123,778,train
D01124,P01124,624,train
D01125,P01125,447,train
D01126,P01126,735,train
D01127,P01127,779,train
D01128,P01128,391,train
D01129,P01129,780,train
D01130,P01130,781,train
D01131,P01131,145,train
D01132,P01132,782,train
D01133,P01133,474,train
D01134,P01134,427,train
D01135,P01135,783,train
D01136,P01136,784,train
D01137,P01137,465,train
D01138,P01138,785,train
D01139,P01139,786,train
D01140,P01140,787,train
D01141,P01141,788,train
D01142,P01142,789,train
D01143,P01143,468,train
D01144,P01144,35,train
D01145,P01145,28,train
D01146,P01146,790,train
D01147,P01147,791,train
D01148,P01148,792,train
D01149,P01149,793,train
D01150,P01150,794,train
D01151,P01151,795,train
D01152,P01152,796,train
D01153,P01153,797,train
D01154,P01154,35,train
D01155,P01155,798,train
D01156,P01156,799,train
D01157,P01157,800,train
D01158,P01158,801,train
D01159,P01159,802,train
D01160,P01160,803,train
D01161,P01161,804,train
D01162,P01162,35,train
D01163,P01163,81,train
D01164,P01164,251,train
D01165,P01165,805,train
D01166,P01166,806,train
D01167,P01167,807,train
D01168,P01168,808,train
D01169,P01169,809,train
D01170,P01170,35,train
D01171,P01171,810,train
D01172,P01172,811,train
D01173,P01173,812,train
D01174,P01174,401,train
D01175,P01175,124,train
D01176,P01176,813,train
D01177,P01177,814,train
D01178,P01178,713,train
D01179,P01179,815,train
D01180,P01180,816,train
D01181,P01181,35,train
D01182,P01182,107,train
D01183,P01183,42,train
D01184,P01184,817,train
D01185,P01185,818,train
D01186,P01186,147,train
D01187,P01187,127,train
D01188,P01188,819,train
D01189,P01189,820,train
D01190,P01190,821,train
D01191,P01191,822,train
D01192,P01192,19,train
D01193,P01193,823,train
D01194,P01194,114,train
D01195,P01195,824,train
D01196,P01196,696,train
D01197,P01197,825,train
D01198,P01198,35,train
D01199,P01199,826,train
D01200,P01200,93,train
D01201,P01201,148,train
D01202,P01202,563,train
D01203,P01203,42,train
D01204,P01204,264,train
D01205,P01205,827,train
D01206,P01206,828,train
D01207,P01207,829,train
D01208,P01208,830,train
D01209,P01209,831,train
D01210,P01210,258,train
D01211,P01211,276,train
D01212,P01212,137,train
D01213,P01213,2,train
D01214,P01214,832,train
D01215,P01215,833,train
D01216,P01216,834,train
D01217,P01217,835,train
D01218,P01218,836,train
D01219,P01219,19,train
D01220,P01220,2,train
D01221,P01221,837,train
D01222,P01222,2,train
D01223,P01223,106,train
D01224,P01224,838,train
D01225,P01225,139,train
D01226,P01226,839,train
D01227,P01227,840,train
D01228,P01228,841,train
D01229,P01229,264,train
D01230,P01230,0,train
D01231,P01231,319,train
D01232,P01232,678,train
D01233,P01233,556,train
D01234,P01234,842,train
D01235,P01235,106,train
D01236,P01236,843,train
D01237,P01237,35,train
D01238,P01238,844,train
D01239,P01239,815,train
D01240,P01240,845,train
D01241,P01241,846,train
D01242,P01242,156,train
D01243,P01243,847,train
D01244,P01244,35,train
D01245,P01245,848,train
D01246,P01246,627,train
D01247,P01247,849,train
D01248,P01248,579,train
D01249,P01249,850,train
D01250,P01250,80,train
D01251,P01251,851,train
D01252,P01252,172,train
D01253,P01253,77,train
D01254,P01254,852,train
D01255,P01255,853,train
D01256,P01256,28,train
D01257,P01257,854,train
D01258,P01258,855,train
D01259,P01259,856,train
D01260,P01260,857,train
D01261,P01261,858,train
D01262,P01262,859,train
D01263,P01263,44,train
D01264,P01264,860,train
D01265,P01265,861,train
D01266,P01266,862,train
D01267,P01267,581,train
D01268,P01268,573,train
D01269,P01269,863,train
D01270,P01270,864,train
D01271,P01271,865,train
D01272,P01272,166,train
D01273,P01273,110,train
D01274,P01274,866,train
D01275,P01275,867,train
D01276,P01276,868,train
D01277,P01277,604,train
D01278,P01278,869,train
D01279,P01279,870,train
D01280,P01280,373,train
D01281,P01281,4,train
D01282,P01282,871,train
D01283,P01283,231,train
D01284,P01284,4,train
D01285,P01285,872,train
D01286,P01286,873,train
D01287,P01287,172,train
D01288,P01288,874,train
D01289,P01289,93,train
D01290,P01290,875,train
D01291,P01291,180,train
D01292,P01292,876,train
D01293,P01293,877,train
D01294,P01294,878,train
D01295,P01295,16,train
D01296,P01296,2,train
D01297,P01297,595,train
D01298,P01298,879,train
D01299,P01299,2,train
D01300,P01300,880,train
D01301,P01301,881,train
D01302,P01302,882,train
D01303,P01303,883,train
D01304,P01304,884,train
D01305,P01305,624,train
D01306,P01306,885,train
D01307,P01307,886,train
D01308,P01308,887,train
D01309,P01309,888,train
D01310,P01310,889,train
D01311,P01311,35,train
D01312,P01312,890,train
D01313,P01313,472,train
D01314,P01314,112,train
D01315,P01315,891,train
D01316,P01316,383,train
D01317,P01317,765,train
D01318,P01318,81,train
D01319,P01319,62,train
D01320,P01320,892,train
D01321,P01321,893,train
D01322,P01322,93,train
D01323,P01323,515,train
D01324,P01324,340,train
D01325,P01325,161,train
D01326,P01326,81,train
D01327,P01327,81,train
D01328,P01328,531,train
D01329,P01329,894,train
D01330,P01330,81,train
D01331,P01331,895,train
D01332,P01332,896,train
D01333,P01333,897,train
D01334,P01334,740,train
D01335,P01335,898,train
D01336,P01336,899,train
D01337,P01337,591,train
D01338,P01338,900,train
D01339,P01339,42,train
D01340,P01340,901,train
D01341,P01341,284,train
D01342,P01342,902,train
D01343,P01343,903,train
D01344,P01344,556,train
D01345,P01345,904,train
D01346,P01346,905,train
D01347,P01347,2,train
D01348,P01348,391,train
D01349,P01349,883,train
D01350,P01350,292,train
D01351,P01351,860,train
D01352,P01352,906,train
D01353,P01353,907,train
D01354,P01354,908,train
D01355,P01355,395,train
D01356,P01356,81,train
D01357,P01357,671,train
D01358,P01358,70,train
D01359,P01359,909,train
D01360,P01360,910,train
D01361,P01361,911,train
D01362,P01362,81,train
D01363,P01363,35,train
D01364,P01364,442,train
D01365,P01365,363,train
D01366,P01366,912,train
D01367,P01367,172,train
D01368,P01368,913,train
D01369,P01369,914,train
D01370,P01370,915,train
D01371,P01371,916,train
D01372,P01372,190,train
D01373,P01373,917,train
D01374,P01374,918,train
D01375,P01375,919,train
D01376,P01376,920,train
D01377,P01377,921,train
D01378,P01378,922,train
D01379,P01379,923,train
D01380,P01380,924,train
D01381,P01381,925,train
D01382,P01382,926,train
D01383,P01383,927,train
D01384,P01384,928,train
D01385,P01385,913,train
D01386,P01386,407,train
D01387,P01387,929,train
D01388,P01388,391,train
D01389,P01389,930,train
D01390,P01390,896,train
D01391,P01391,931,train
D01392,P01392,23,train
D01393,P01393,932,train
D01394,P01394,19,train
D01395,P01395,147,train
D01396,P01396,698,train
D01397,P01397,933,train
D01398,P01398,934,train
D01399,P01399,35,train
D01400,P01400,130,train
D01401,P01401,258,train
D01402,P01402,705,train
D01403,P01403,6,train
D01404,P01404,145,train
D01405,P01405,106,train
D01406,P01406,2,train
D01407,P01407,935,train
D01408,P01408,936,train
D01409,P01409,937,train
D01410,P01410,938,train
D01411,P01411,939,train
D01412,P01412,307,train
D01413,P01413,940,train
D01414,P01414,66,train
D01415,P01415,328,train
D01416,P01416,93,train
D01417,P01417,2,train
D01418,P01418,941,train
D01419,P01419,942,train
D01420,P01420,680,train
D01421,P01421,943,train
D01422,P01422,35,train
D01423,P01423,944,train
D01424,P01424,945,train
D01425,P01425,946,train
D01426,P01426,947,train
D01427,P01427,442,train
D01428,P01428,412,train
D01429,P01429,19,train
D01430,P01430,517,train
D01431,P01431,112,train
D01432,P01432,896,train
D01433,P01433,646,train
D01434,P01434,519,train
D01435,P01435,81,train
D01436,P01436,948,train
D01437,P01437,949,train
D01438,P01438,950,train
D01439,P01439,951,train
D01440,P01440,48,train
D01441,P01441,2,train
D01442,P01442,35,train
D01443,P01443,952,train
D01444,P01444,953,train
D01445,P01445,954,train
D01446,P01446,412,train
D01447,P01447,405,train
D01448,P01448,204,train
D01449,P01449,955,train
D01450,P01450,81,train
D01451,P01451,608,train
D01452,P01452,127,train
D01453,P01453,956,train
D01454,P01454,957,train
D01455,P01455,958,train
D01456,P01456,959,train
D01457,P01457,652,train
D01458,P01458,960,train
D01459,P01459,961,train
D01460,P01460,2,train
D01461,P01461,962,train
D01462,P01462,99,train
D01463,P01463,963,train
D01464,P01464,552,train
D01465,P01465,964,train
D01466,P01466,130,train
D01467,P01467,19,train
D01468,P01468,965,train
D01469,P01469,574,train
D01470,P01470,966,train
D01471,P01471,967,train
D01472,P01472,968,train
D01473,P01473,42,train
D01474,P01474,658,train
D01475,P01475,969,train
D01476,P01476,437,train
D01477,P01477,817,train
D01478,P01478,442,train
D01479,P01479,820,train
D01480,P01480,970,train
D01481,P01481,971,train
D01482,P01482,167,train
D01483,P01483,35,train
D01484,P01484,972,train
D01485,P01485,973,train
D01486,P01486,974,train
D01487,P01487,975,train
D01488,P01488,673,train
D01489,P01489,2,train
D01490,P01490,275,train
D01491,P01491,865,train
D01492,P01492,579,train
D01493,P01493,579,train
D01494,P01494,35,train
D01495,P01495,976,train
D01496,P01496,81,train
D01497,P01497,402,train
D01498,P01498,977,train
D01499,P01499,978,train
D01500,P01500,962,train
D01501,P01501,979,train
D01502,P01502,980,train
D01503,P01503,981,train
D01504,P01504,982,train
D01505,P01505,107,train
D01506,P01506,81,train
D01507,P01507,6,train
D01508,P01508,2,train
D01509,P01509,983,train
D01510,P01510,81,train
D01511,P01511,984,train
D01512,P01512,985,train
D01513,P01513,2,train
D01514,P01514,55,train
D01515,P01515,81,train
D01516,P01516,787,train
D01517,P01517,986,train
D01518,P01518,19,train
D01519,P01519,987,train
D01520,P01520,204,train
D01521,P01521,792,train
D01522,P01522,988,train
D01523,P01523,83,train
D01524,P01524,379,train
D01525,P01525,54,train
D01526,P01526,485,train
D01527,P01527,989,train
D01528,P01528,990,train
D01529,P01529,659,train
D01530,P01530,815,train
D01531,P01531,991,train
D01532,P01532,607,train
D01533,P01533,992,train
D01534,P01534,993,train
D01535,P01535,994,train
D01536,P01536,995,train
D01537,P01537,996,train
D01538,P01538,997,train
D01539,P01539,275,train
D01540,P01540,19,train
D01541,P01541,998,train
D01542,P01542,999,train
D01543,P01543,1000,train
D01544,P01544,1001,train
D01545,P01545,1002,train
D01546,P01546,851,train
D01547,P01547,1003,train
D01548,P01548,1004,train
D01549,P01549,1005,train
D01550,P01550,35,train
D01551,P01551,1006,train
D01552,P01552,391,train
D01553,P01553,156,train
D01554,P01554,1007,train
D01555,P01555,1008,train
D01556,P01556,1009,train
D01557,P01557,1010,train
D01558,P01558,1011,train
D01559,P01559,1012,train
D01560,P01560,982,train
D01561,P01561,957,train
D01562,P01562,35,train
D01563,P01563,173,train
D01564,P01564,1013,train
D01565,P01565,1014,train
D01566,P01566,1015,train
D01567,P01567,1016,train
D01568,P01568,1017,train
D01569,P01569,896,train
D01570,P01570,231,train
D01571,P01571,1018,train
D01572,P01572,80,train
D01573,P01573,1019,train
D01574,P01574,35,train
D01575,P01575,607,train
D01576,P01576,1020,train
D01577,P01577,889,train
D01578,P01578,81,train
D01579,P01579,485,train
D01580,P01580,145,train
D01581,P01581,107,train
D01582,P01582,93,train
D01583,P01583,1021,train
D01584,P01584,948,train
D01585,P01585,1022,train
D01586,P01586,1023,train
D01587,P01587,976,train
D01588,P01588,428,train
D01589,P01589,81,train
D01590,P01590,560,train
D01591,P01591,557,train
D01592,P01592,765,train
D01593,P01593,966,train
D01594,P01594,95,train
D01595,P01595,1024,train
D01596,P01596,1025,train
D01597,P01597,1026,train
D01598,P01598,856,train
D01599,P01599,1027,train
D01600,P01600,1028,train
D01601,P01601,1029,train
D01602,P01602,1030,train
D01603,P01603,1031,train
D01604,P01604,1032,train
D01605,P01605,145,train
D01606,P01606,98,train
D01607,P01607,114,train
D01608,P01608,390,train
D01609,P01609,750,train
D01610,P01610,1033,train
D01611,P01611,1034,train
D01612,P01612,1035,train
D01613,P01613,608,train
D01614,P01614,107,train
D01615,P01615,1036,train
D01616,P01616,90,train
D01617,P01617,1037,train
D01618,P01618,980,train
D01619,P01619,1038,train
D01620,P01620,137,train
D01621,P01621,106,train
D01622,P01622,1039,train
D01623,P01623,204,train
D01624,P01624,81,train
D01625,P01625,120,train
D01626,P01626,1040,train
D01627,P01627,81,train
D01628,P01628,81,train
D01629,P01629,1041,train
D01630,P01630,127,train
D01631,P01631,613,train
D01632,P01632,348,train
D01633,P01633,93,train
D01634,P01634,468,train
D01635,P01635,358,train
D01636,P01636,1042,train
D01637,P01637,468,train
D01638,P01638,1043,train
D01639,P01639,455,train
D01640,P01640,167,train
D01641,P01641,1044,train
D01642,P01642,339,train
D01643,P01643,1045,train
D01644,P01644,1046,train
D01645,P01645,618,train
D01646,P01646,579,train
D01647,P01647,1047,train
D01648,P01648,502,train
D01649,P01649,347,train
D01650,P01650,62,train
D01651,P01651,123,train
D01652,P01652,547,train
D01653,P01653,305,train
D01654,P01654,1048,train
D01655,P01655,1049,train
D01656,P01656,1050,train
D01657,P01657,145,train
D01658,P01658,936,train
D01659,P01659,42,train
D01660,P01660,1051,train
D01661,P01661,311,train
D01662,P01662,1052,train
D01663,P01663,1053,train
D01664,P01664,1054,train
D01665,P01665,412,train
D01666,P01666,982,train
D01667,P01667,114,train
D01668,P01668,1055,train
D01669,P01669,1056,train
D01670,P01670,728,train
D01671,P01671,1057,train
D01672,P01672,830,train
D01673,P01673,431,train
D01674,P01674,1058,train
D01675,P01675,1059,train
D01676,P01676,1060,train
D01677,P01677,1061,train
D01678,P01678,1062,train
D01679,P01679,284,train
D01680,P01680,35,train
D01681,P01681,117,train
D01682,P01682,172,train
D01683,P01683,35,train
D01684,P01684,81,train
D01685,P01685,93,train
D01686,P01686,604,train
D01687,P01687,748,train
D01688,P01688,531,train
D01689,P01689,35,train
D01690,P01690,1063,train
D01691,P01691,1064,train
D01692,P01692,1065,train
D01693,P01693,1066,train
D01694,P01694,747,train
D01695,P01695,19,train
D01696,P01696,1067,train
D01697,P01697,204,train
D01698,P01698,81,train
D01699,P01699,1068,train
D01700,P01700,447,train
D01701,P01701,107,train
D01702,P01702,264,train
D01703,P01703,952,train
D01704,P01704,673,train
D01705,P01705,1069,train
D01706,P01706,1070,train
D01707,P01707,722,train
D01708,P01708,42,train
D01709,P01709,99,train
D01710,P01710,442,train
D01711,P01711,1071,train
D01712,P01712,889,train
D01713,P01713,356,train
D01714,P01714,1072,train
D01715,P01715,1073,train
D01716,P01716,498,train
D01717,P01717,35,train
D01718,P01718,62,train
D01719,P01719,1074,train
D01720,P01720,1075,train
D01721,P01721,2,train
D01722,P01722,127,train
D01723,P01723,985,train
D01724,P01724,1076,train
D01725,P01725,27,train
D01726,P01726,1077,train
D01727,P01727,606,train
D01728,P01728,621,train
D01729,P01729,1078,train
D01730,P01730,398,train
D01731,P01731,1079,train
D01732,P01732,297,train
D01733,P01733,106,train
D01734,P01734,569,train
D01735,P01735,1080,train
D01736,P01736,1000,train
D01737,P01737,681,train
D01738,P01738,1081,train
D01739,P01739,599,train
D01740,P01740,1082,train
D01741,P01741,754,train
D01742,P01742,851,train
D01743,P01743,117,train
D01744,P01744,93,train
D01745,P01745,722,train
D01746,P01746,658,train
D01747,P01747,129,train
D01748,P01748,1083,train
D01749,P01749,1051,train
D01750,P01750,1084,train
D01751,P01751,646,train
D01752,P01752,354,train
D01753,P01753,483,train
D01754,P01754,1085,train
D01755,P01755,358,train
D01756,P01756,1086,train
D01757,P01757,712,train
D01758,P01758,1087,train
D01759,P01759,1088,train
D01760,P01760,23,train
D01761,P01761,1089,train
D01762,P01762,1090,train
D01763,P01763,107,train
D01764,P01764,1091,train
D01765,P01765,1092,train
D01766,P01766,2,train
D01767,P01767,289,train
D01768,P01768,1093,train
D01769,P01769,138,train
D01770,P01770,2,train
D01771,P01771,231,train
D01772,P01772,1094,train
D01773,P01773,1095,train
D01774,P01774,621,train
D01775,P01775,1096,train
D01776,P01776,1097,train
D01777,P01777,1098,train
D01778,P01778,35,train
D01779,P01779,555,train
D01780,P01780,720,train
D01781,P01781,1099,train
D01782,P01782,1100,train
D01783,P01783,688,train
D01784,P01784,556,train
D01785,P01785,1101,train
D01786,P01786,599,train
D01787,P01787,1102,train
D01788,P01788,1103,train
D01789,P01789,557,train
D01790,P01790,136,train
D01791,P01791,529,train
D01792,P01792,1066,train
D01793,P01793,277,train
D01794,P01794,718,train
D01795,P01795,5,train
D01796,P01796,1104,train
D01797,P01797,81,train
D01798,P01798,1105,train
D01799,P01799,1106,train
D01800,P01800,276,train
D01801,P01801,196,train
D01802,P01802,145,train
D01803,P01803,558,train
D01804,P01804,81,train
D01805,P01805,1107,train
D01806,P01806,42,train
D01807,P01807,35,train
D01808,P01808,1108,train
D01809,P01809,166,train
D01810,P01810,890,train
D01811,P01811,579,train
D01812,P01812,1109,train
D01813,P01813,1110,train
D01814,P01814,1111,train
D01815,P01815,1112,train
D01816,P01816,1113,train
D01817,P01817,81,train
D01818,P01818,19,train
D01819,P01819,2,train
D01820,P01820,81,train
D01821,P01821,244,train
D01822,P01822,1114,train
D01823,P01823,197,train
D01824,P01824,1115,train
D01825,P01825,629,train
D01826,P01826,1116,train
D01827,P01827,1117,train
D01828,P01828,73,train
D01829,P01829,1118,train
D01830,P01830,145,train
D01831,P01831,44,train
D01832,P01832,1119,train
D01833,P01833,1120,train
D01834,P01834,1121,train
D01835,P01835,728,train
D01836,P01836,1122,train
D01837,P01837,2,train
D01838,P01838,365,train
D01839,P01839,81,train
D01840,P01840,579,train
D01841,P01841,1123,train
D01842,P01842,100,train
D01843,P01843,1124,train
D01844,P01844,35,train
D01845,P01845,1125,train
D01846,P01846,424,train
D01847,P01847,1126,train
D01848,P01848,465,train
D01849,P01849,394,train
D01850,P01850,80,train
D01851,P01851,1127,train
D01852,P01852,1128,train
D01853,P01853,624,train
D01854,P01854,1129,train
D01855,P01855,1130,train
D01856,P01856,1131,train
D01857,P01857,743,train
D01858,P01858,1132,train
D01859,P01859,1133,train
D01860,P01860,1097,train
D01861,P01861,1134,train
D01862,P01862,275,train
D01863,P01863,1135,train
D01864,P01864,1136,train
D01865,P01865,1022,train
D01866,P01866,1137,train
D01867,P01867,748,train
D01868,P01868,337,train
D01869,P01869,301,train
D01870,P01870,1138,train
D01871,P01871,1139,train
D01872,P01872,172,train
D01873,P01873,1140,train
D01874,P01874,1141,train
D01875,P01875,1142,train
D01876,P01876,1143,train
D01877,P01877,295,train
D01878,P01878,2,train
D01879,P01879,363,train
D01880,P01880,277,train
D01881,P01881,895,train
D01882,P01882,1144,train
D01883,P01883,2,train
D01884,P01884,81,train
D01885,P01885,1145,train
D01886,P01886,1146,train
D01887,P01887,2,train
D01888,P01888,1147,train
D01889,P01889,35,train
D01890,P01890,1148,train
D01891,P01891,1149,train
D01892,P01892,983,train
D01893,P01893,1150,train
D01894,P01894,5,train
D01895,P01895,1151,train
D01896,P01896,244,train
D01897,P01897,1152,train
D01898,P01898,2,train
D01899,P01899,839,train
D01900,P01900,35,train
D01901,P01901,1153,train
D01902,P01902,1154,train
D01903,P01903,1155,train
D01904,P01904,851,train
D01905,P01905,1156,train
D01906,P01906,1157,train
D01907,P01907,1158,train
D01908,P01908,750,train
D01909,P01909,1159,train
D01910,P01910,987,train
D01911,P01911,1160,train
D01912,P01912,127,train
D01913,P01913,1161,train
D01914,P01914,1162,train
D01915,P01915,1163,train
D01916,P01916,1164,train
D01917,P01917,1165,train
D01918,P01918,773,train
D01919,P01919,1166,train
D01920,P01920,556,train
D01921,P01921,634,train
D01922,P01922,1167,train
D01923,P01923,35,train
D01924,P01924,199,train
D01925,P01925,81,train
D01926,P01926,1168,train
D01927,P01927,1169,train
D01928,P01928,1170,train
D01929,P01929,218,train
D01930,P01930,1171,train
D01931,P01931,276,train
D01932,P01932,98,train
D01933,P01933,1172,train
D01934,P01934,1173,train
D01935,P01935,1174,train
D01936,P01936,114,train
D01937,P01937,820,train
D01938,P01938,1175,train
D01939,P01939,1176,train
D01940,P01940,1117,train
D01941,P01941,400,train
D01942,P01942,107,train
D01943,P01943,547,train
D01944,P01944,1177,train
D01945,P01945,412,train
D01946,P01946,2,train
D01947,P01947,1178,train
D01948,P01948,1179,train
D01949,P01949,1180,train
D01950,P01950,1181,train
D01951,P01951,409,train
D01952,P01952,1048,train
D01953,P01953,508,train
D01954,P01954,2,train
D01955,P01955,19,train
D01956,P01956,1182,train
D01957,P01957,290,train
D01958,P01958,1183,train
D01959,P01959,628,train
D01960,P01960,1184,train
D01961,P01961,2,train
D01962,P01962,35,train
D01963,P01963,1185,train
D01964,P01964,31,train
D01965,P01965,515,train
D01966,P01966,81,train
D01967,P01967,106,train
D01968,P01968,1014,train
D01969,P01969,1186,train
D01970,P01970,1187,train
D01971,P01971,804,train
D01972,P01972,802,train
D01973,P01973,1188,train
D01974,P01974,35,train
D01975,P01975,1189,train
D01976,P01976,93,train
D01977,P01977,81,train
D01978,P01978,1001,train
D01979,P01979,379,train
D01980,P01980,477,train
D01981,P01981,875,train
D01982,P01982,792,train
D01983,P01983,1190,train
D01984,P01984,421,train
D01985,P01985,2,train
D01986,P01986,590,train
D01987,P01987,442,train
D01988,P01988,1191,train
D01989,P01989,424,train
D01990,P01990,35,train
D01991,P01991,198,train
D01992,P01992,1192,train
D01993,P01993,109,train
D01994,P01994,1193,train
D01995,P01995,821,train
D01996,P01996,387,train
D01997,P01997,75,train
D01998,P01998,1194,train
D01999,P01999,81,train
D02000,P02000,1195,train
D02001,P02001,797,train
D02002,P02002,2,train
D02003,P02003,1196,train
D02004,P02004,35,train
D02005,P02005,515,train
D02006,P02006,80,train
D02007,P02007,171,train
D02008,P02008,1197,train
D02009,P02009,107,train
D02010,P02010,385,train
D02011,P02011,720,train
D02012,P02012,447,train
D02013,P02013,1198,train
D02014,P02014,81,train
D02015,P02015,109,train
D02016,P02016,1003,train
D02017,P02017,659,train
D02018,P02018,1199,train
D02019,P02019,1139,train
D02020,P02020,1200,train
D02021,P02021,81,train
D02022,P02022,787,train
D02023,P02023,1201,train
D02024,P02024,1200,train
D02025,P02025,1187,train
D02026,P02026,718,train
D02027,P02027,952,train
D02028,P02028,2,train
D02029,P02029,1202,train
D02030,P02030,1192,train
D02031,P02031,35,train
D02032,P02032,1203,train
D02033,P02033,1204,train
D02034,P02034,1205,train
D02035,P02035,1206,train
D02036,P02036,1207,train
D02037,P02037,1208,train
D02038,P02038,258,train
D02039,P02039,493,train
D02040,P02040,81,train
D02041,P02041,2,train
D02042,P02042,1209,train
D02043,P02043,35,train
D02044,P02044,1210,train
D02045,P02045,59,train
D02046,P02046,1211,train
D02047,P02047,1066,train
D02048,P02048,93,train
D02049,P02049,2,train
D02050,P02050,382,train
D02051,P02051,369,train
D02052,P02052,1212,train
D02053,P02053,81,train
D02054,P02054,73,train
D02055,P02055,32,train
D02056,P02056,1213,train
D02057,P02057,1214,train
D02058,P02058,2,train
D02059,P02059,1215,train
D02060,P02060,1216,train
D02061,P02061,69,train
D02062,P02062,1217,train
D02063,P02063,1218,train
D02064,P02064,114,train
D02065,P02065,382,train
D02066,P02066,35,train
D02067,P02067,1219,train
D02068,P02068,530,train
D02069,P02069,1220,train
D02070,P02070,1221,train
D02071,P02071,424,train
D02072,P02072,251,train
D02073,P02073,728,train
D02074,P02074,1222,train
D02075,P02075,299,train
D02076,P02076,132,train
D02077,P02077,1223,train
D02078,P02078,35,train
D02079,P02079,180,train
D02080,P02080,1224,train
D02081,P02081,1129,train
D02082,P02082,1225,train
D02083,P02083,321,train
D02084,P02084,81,train
D02085,P02085,81,train
D02086,P02086,1226,train
D02087,P02087,676,train
D02088,P02088,1227,train
D02089,P02089,324,train
D02090,P02090,471,train
D02091,P02091,1228,train
D02092,P02092,624,train
D02093,P02093,1229,train
D02094,P02094,1230,train
D02095,P02095,1231,train
D02096,P02096,35,train
D02097,P02097,1232,train
D02098,P02098,938,train
D02099,P02099,1233,train
D02100,P02100,1234,train
D02101,P02101,2,train
D02102,P02102,1235,train
D02103,P02103,1210,train
D02104,P02104,81,train
D02105,P02105,657,train
D02106,P02106,1236,train
D02107,P02107,1237,train
D02108,P02108,348,train
D02109,P02109,35,train
D02110,P02110,145,train
D02111,P02111,81,train
D02112,P02112,856,train
D02113,P02113,409,train
D02114,P02114,1238,train
D02115,P02115,1239,train
D02116,P02116,1240,train
D02117,P02117,375,train
D02118,P02118,319,train
D02119,P02119,1241,train
D02120,P02120,508,train
D02121,P02121,480,train
D02122,P02122,636,train
D02123,P02123,324,train
D02124,P02124,1242,train
D02125,P02125,508,train
D02126,P02126,860,train
D02127,P02127,415,train
D02128,P02128,35,train
D02129,P02129,1243,train
D02130,P02130,1244,train
D02131,P02131,1245,train
D02132,P02132,489,train
D02133,P02133,1223,train
D02134,P02134,1246,train
D02135,P02135,2,train
D02136,P02136,385,train
D02137,P02137,81,train
D02138,P02138,1247,train
D02139,P02139,1248,train
D02140,P02140,1249,train
D02141,P02141,1250,train
D02142,P02142,735,train
D02143,P02143,1251,train
D02144,P02144,1252,train
D02145,P02145,742,train
D02146,P02146,1253,train
D02147,P02147,845,train
D02148,P02148,1218,train
D02149,P02149,982,train
D02150,P02150,827,train
D02151,P02151,1254,train
D02152,P02152,1255,train
D02153,P02153,748,train
D02154,P02154,856,train
D02155,P02155,35,train
D02156,P02156,1256,train
D02157,P02157,1257,train
D02158,P02158,1258,train
D02159,P02159,1259,train
D02160,P02160,705,train
D02161,P02161,1260,train
D02162,P02162,242,train
D02163,P02163,19,train
D02164,P02164,302,train
D02165,P02165,1261,train
D02166,P02166,35,train
D02167,P02167,696,train
D02168,P02168,144,train
D02169,P02169,1262,train
D02170,P02170,649,train
D02171,P02171,825,train
D02172,P02172,2,train
D02173,P02173,274,train
D02174,P02174,81,train
D02175,P02175,1263,train
D02176,P02176,1264,train
D02177,P02177,32,train
D02178,P02178,35,train
D02179,P02179,1265,train
D02180,P02180,186,train
D02181,P02181,1073,train
D02182,P02182,595,train
D02183,P02183,1266,train
D02184,P02184,1267,train
D02185,P02185,1268,train
D02186,P02186,239,train
D02187,P02187,778,train
D02188,P02188,2,train
D02189,P02189,25,train
D02190,P02190,1269,train
D02191,P02191,1270,train
D02192,P02192,289,train
D02193,P02193,809,train
D02194,P02194,1271,train
D02195,P02195,172,train
D02196,P02196,628,train
D02197,P02197,1272,train
D02198,P02198,1273,train
D02199,P02199,878,train
D02200,P02200,1274,train
D02201,P02201,1275,train
D02202,P02202,1276,train
D02203,P02203,35,train
D02204,P02204,111,train
D02205,P02205,1277,train
D02206,P02206,35,train
D02207,P02207,1278,train
D02208,P02208,35,train
D02209,P02209,1279,train
D02210,P02210,35,train
D02211,P02211,463,train
D02212,P02212,586,train
D02213,P02213,35,train
D02214,P02214,1280,train
D02215,P02215,1281,train
D02216,P02216,1280,train
D02217,P02217,679,train
D02218,P02218,498,train
D02219,P02219,274,train
D02220,P02220,2,train
D02221,P02221,1282,train
D02222,P02222,1283,train
D02223,P02223,1284,train
D02224,P02224,1285,train
D02225,P02225,2,train
D02226,P02226,91,train
D02227,P02227,35,train
D02228,P02228,1286,train
D02229,P02229,137,train
D02230,P02230,1287,train
D02231,P02231,1288,train
D02232,P02232,1289,train
D02233,P02233,1290,train
D02234,P02234,1291,train
D02235,P02235,1292,train
D02236,P02236,1293,train
D02237,P02237,81,train
D02238,P02238,556,train
D02239,P02239,54,train
D02240,P02240,1294,train
D02241,P02241,1245,train
D02242,P02242,272,train
D02243,P02243,1295,train
D02244,P02244,1183,train
D02245,P02245,702,train
D02246,P02246,1296,train
D02247,P02247,176,train
D02248,P02248,515,train
D02249,P02249,1297,train
D02250,P02250,1298,train
D02251,P02251,1299,train
D02252,P02252,1248,train
D02253,P02253,1300,train
D02254,P02254,2,train
D02255,P02255,35,train
D02256,P02256,945,train
D02257,P02257,1163,train
D02258,P02258,117,train
D02259,P02259,1301,train
D02260,P02260,700,train
D02261,P02261,945,train
D02262,P02262,2,train
D02263,P02263,947,train
D02264,P02264,156,train
D02265,P02265,405,train
D02266,P02266,1302,train
D02267,P02267,382,train
D02268,P02268,1303,train
D02269,P02269,851,train
D02270,P02270,1210,train
D02271,P02271,502,train
D02272,P02272,324,train
D02273,P02273,1304,train
D02274,P02274,1305,train
D02275,P02275,1306,train
D02276,P02276,702,train
D02277,P02277,746,train
D02278,P02278,35,train
D02279,P02279,1307,train
D02280,P02280,171,train
D02281,P02281,1308,train
D02282,P02282,627,train
D02283,P02283,1309,train
D02284,P02284,1310,train
D02285,P02285,1311,train
D02286,P02286,1312,train
D02287,P02287,1313,train
D02288,P02288,732,train
D02289,P02289,1314,train
D02290,P02290,1315,train
D02291,P02291,1316,train
D02292,P02292,2,train
D02293,P02293,1317,train
D02294,P02294,1318,train
D02295,P02295,1319,train
D02296,P02296,1320,train
D02297,P02297,1066,train
D02298,P02298,1321,train
D02299,P02299,1322,train
D02300,P02300,405,train
D02301,P02301,1323,train
D02302,P02302,412,train
D02303,P02303,1324,train
D02304,P02304,1325,train
D02305,P02305,1326,train
D02306,P02306,1327,train
D02307,P02307,878,train
D02308,P02308,35,train
D02309,P02309,35,train
D02310,P02310,1328,train
D02311,P02311,42,train
D02312,P02312,1029,train
D02313,P02313,81,train
D02314,P02314,493,train
D02315,P02315,1329,train
D02316,P02316,62,train
D02317,P02317,165,train
D02318,P02318,35,train
D02319,P02319,1330,train
D02320,P02320,1331,train
D02321,P02321,1332,train
D02322,P02322,81,train
D02323,P02323,1333,train
D02324,P02324,648,train
D02325,P02325,1334,train
D02326,P02326,694,train
D02327,P02327,2,train
D02328,P02328,276,train
D02329,P02329,35,train
D02330,P02330,875,train
D02331,P02331,1335,train
D02332,P02332,81,train
D02333,P02333,448,train
D02334,P02334,1336,train
D02335,P02335,394,train
D02336,P02336,94,train
D02337,P02337,748,train
D02338,P02338,1337,train
D02339,P02339,1338,train
D02340,P02340,1339,train
D02341,P02341,1340,train
D02342,P02342,1341,train
D02343,P02343,1342,train
D02344,P02344,728,train
D02345,P02345,109,train
D02346,P02346,197,train
D02347,P02347,1343,train
D02348,P02348,471,train
D02349,P02349,1344,train
D02350,P02350,1345,train
D02351,P02351,447,train
D02352,P02352,1346,train
D02353,P02353,2,train
D02354,P02354,1347,train
D02355,P02355,442,train
D02356,P02356,2,train
D02357,P02357,1348,train
D02358,P02358,1349,train
D02359,P02359,342,train
D02360,P02360,85,train
D02361,P02361,136,train
D02362,P02362,54,train
D02363,P02363,884,train
D02364,P02364,825,train
D02365,P02365,368,train
D02366,P02366,180,train
D02367,P02367,1350,train
D02368,P02368,80,train
D02369,P02369,1089,train
D02370,P02370,35,train
D02371,P02371,35,train
D02372,P02372,1351,train
D02373,P02373,81,train
D02374,P02374,1352,train
D02375,P02375,68,train
D02376,P02376,1353,train
D02377,P02377,93,train
D02378,P02378,238,train
D02379,P02379,927,train
D02380,P02380,1059,train
D02381,P02381,1029,train
D02382,P02382,1354,train
D02383,P02383,1355,train
D02384,P02384,462,train
D02385,P02385,474,train
D02386,P02386,42,train
D02387,P02387,2,train
D02388,P02388,1356,train
D02389,P02389,1357,train
D02390,P02390,640,train
D02391,P02391,1358,train
D02392,P02392,1359,train
D02393,P02393,1360,train
D02394,P02394,42,train
D02395,P02395,272,train
D02396,P02396,78,train
D02397,P02397,493,train
D02398,P02398,780,train
D02399,P02399,1361,train
D02400,P02400,1167,train
D02401,P02401,370,train
D02402,P02402,1362,train
D02403,P02403,35,train
D02404,P02404,1363,train
D02405,P02405,1364,train
D02406,P02406,1021,train
D02407,P02407,35,train
D02408,P02408,225,train
D02409,P02409,520,train
D02410,P02410,628,train
D02411,P02411,35,train
D02412,P02412,99,train
D02413,P02413,2,train
D02414,P02414,2,train
D02415,P02415,1365,train
D02416,P02416,1366,train
D02417,P02417,1367,train
D02418,P02418,1017,train
D02419,P02419,1368,train
D02420,P02420,1369,train
D02421,P02421,1370,train
D02422,P02422,1371,train
D02423,P02423,1372,train
D02424,P02424,1373,train
D02425,P02425,1374,train
D02426,P02426,479,train
D02427,P02427,1321,train
D02428,P02428,1375,train
D02429,P02429,1376,train
D02430,P02430,1377,train
D02431,P02431,1113,train
D02432,P02432,132,train
D02433,P02433,1378,train
D02434,P02434,827,train
D02435,P02435,1019,train
D02436,P02436,1349,train
D02437,P02437,558,train
D02438,P02438,1379,train
D02439,P02439,19,train
D02440,P02440,1380,train
D02441,P02441,1381,train
D02442,P02442,1086,train
D02443,P02443,42,train
D02444,P02444,1382,train
D02445,P02445,1383,train
D02446,P02446,35,train
D02447,P02447,1384,train
D02448,P02448,462,train
D02449,P02449,2,train
D02450,P02450,1385,train
D02451,P02451,1386,train
D02452,P02452,1387,train
D02453,P02453,1388,train
D02454,P02454,1389,train
D02455,P02455,597,train
D02456,P02456,81,train
D02457,P02457,1269,train
D02458,P02458,882,train
D02459,P02459,55,train
D02460,P02460,19,train
D02461,P02461,171,train
D02462,P02462,1390,train
D02463,P02463,1391,train
D02464,P02464,166,train
D02465,P02465,535,train
D02466,P02466,928,train
D02467,P02467,2,train
D02468,P02468,1392,train
D02469,P02469,1393,train
D02470,P02470,1394,train
D02471,P02471,1395,train
D02472,P02472,312,train
D02473,P02473,1396,train
D02474,P02474,2,train
D02475,P02475,167,train
D02476,P02476,1397,train
D02477,P02477,1224,train
D02478,P02478,914,train
D02479,P02479,883,train
D02480,P02480,212,train
D02481,P02481,2,train
D02482,P02482,1045,train
D02483,P02483,81,train
D02484,P02484,81,train
D02485,P02485,1398,train
D02486,P02486,107,train
D02487,P02487,1399,train
D02488,P02488,1400,train
D02489,P02489,1401,train
D02490,P02490,1402,train
D02491,P02491,35,train
D02492,P02492,1403,train
D02493,P02493,777,train
D02494,P02494,641,train
D02495,P02495,261,train
D02496,P02496,1404,train
D02497,P02497,748,train
D02498,P02498,809,train
D02499,P02499,1405,train
D02500,P02500,1406,train
D02501,P02501,1407,train
D02502,P02502,312,train
D02503,P02503,567,train
D02504,P02504,878,train
D02505,P02505,1408,train
D02506,P02506,695,train
D02507,P02507,60,train
D02508,P02508,81,train
D02509,P02509,1373,train
D02510,P02510,1409,train
D02511,P02511,431,train
D02512,P02512,579,train
D02513,P02513,1410,train
D02514,P02514,1019,train
D02515,P02515,35,train
D02516,P02516,256,train
D02517,P02517,1411,train
D02518,P02518,676,train
D02519,P02519,1412,train
D02520,P02520,419,train
D02521,P02521,748,train
D02522,P02522,1368,train
D02523,P02523,1413,train
D02524,P02524,1414,train
D02525,P02525,1415,train
D02526,P02526,1416,train
D02527,P02527,495,train
D02528,P02528,46,train
D02529,P02529,136,train
D02530,P02530,2,train
D02531,P02531,1360,train
D02532,P02532,40,train
D02533,P02533,1126,train
D02534,P02534,728,train
D02535,P02535,1417,train
D02536,P02536,1418,train
D02537,P02537,1419,train
D02538,P02538,114,train
D02539,P02539,11,train
D02540,P02540,81,train
D02541,P02541,1420,train
D02542,P02542,1421,train
D02543,P02543,1422,train
D02544,P02544,1423,train
D02545,P02545,1424,train
D02546,P02546,1425,train
D02547,P02547,451,train
D02548,P02548,1426,train
D02549,P02549,1427,train
D02550,P02550,1428,train
D02551,P02551,308,train
D02552,P02552,1347,train
D02553,P02553,1429,train
D02554,P02554,1430,train
D02555,P02555,1431,train
D02556,P02556,137,train
D02557,P02557,732,train
D02558,P02558,508,train
D02559,P02559,137,train
D02560,P02560,211,train
D02561,P02561,982,train
D02562,P02562,1432,train
D02563,P02563,276,train
D02564,P02564,1433,train
D02565,P02565,106,train
D02566,P02566,272,train
D02567,P02567,1434,train
D02568,P02568,1435,train
D02569,P02569,728,train
D02570,P02570,106,train
D02571,P02571,628,train
D02572,P02572,466,train
D02573,P02573,1436,train
D02574,P02574,976,train
D02575,P02575,765,train
D02576,P02576,1403,train
D02577,P02577,1437,train
D02578,P02578,81,train
D02579,P02579,329,train
D02580,P02580,1438,train
D02581,P02581,1439,train
D02582,P02582,81,train
D02583,P02583,1316,train
D02584,P02584,1384,train
D02585,P02585,714,train
D02586,P02586,1440,train
D02587,P02587,1110,train
D02588,P02588,42,train
D02589,P02589,40,train
D02590,P02590,1441,train
D02591,P02591,1442,train
D02592,P02592,1443,train
D02593,P02593,61,train
D02594,P02594,676,train
D02595,P02595,1104,train
D02596,P02596,1444,train
D02597,P02597,592,train
D02598,P02598,225,train
D02599,P02599,454,train
D02600,P02600,466,train
D02601,P02601,1445,train
D02602,P02602,748,train
D02603,P02603,1015,train
D02604,P02604,172,train
D02605,P02605,81,train
D02606,P02606,93,train
D02607,P02607,697,train
D02608,P02608,1119,train
D02609,P02609,865,train
D02610,P02610,1446,train
D02611,P02611,1447,train
D02612,P02612,1448,train
D02613,P02613,493,train
D02614,P02614,802,train
D02615,P02615,1449,train
D02616,P02616,1450,train
D02617,P02617,679,train
D02618,P02618,167,train
D02619,P02619,765,train
D02620,P02620,913,train
D02621,P02621,518,train
D02622,P02622,137,train
D02623,P02623,825,train
D02624,P02624,442,train
D02625,P02625,1451,train
D02626,P02626,597,train
D02627,P02627,1452,train
D02628,P02628,1453,train
D02629,P02629,1454,train
D02630,P02630,1455,train
D02631,P02631,1456,train
D02632,P02632,35,train
D02633,P02633,312,train
D02634,P02634,569,train
D02635,P02635,1371,train
D02636,P02636,106,train
D02637,P02637,1457,train
D02638,P02638,35,train
D02639,P02639,658,train
D02640,P02640,1057,train
D02641,P02641,69,train
D02642,P02642,1458,train
D02643,P02643,1066,train
D02644,P02644,1459,train
D02645,P02645,914,train
D02646,P02646,391,train
D02647,P02647,1460,train
D02648,P02648,1461,train
D02649,P02649,204,train
D02650,P02650,59,train
D02651,P02651,324,train
D02652,P02652,1462,train
D02653,P02653,1463,train
D02654,P02654,66,train
D02655,P02655,1464,train
D02656,P02656,272,train
D02657,P02657,5,train
D02658,P02658,1395,train
D02659,P02659,1465,train
D02660,P02660,1466,train
D02661,P02661,608,train
D02662,P02662,1467,train
D02663,P02663,927,train
D02664,P02664,1468,train
D02665,P02665,54,train
D02666,P02666,1104,train
D02667,P02667,1469,train
D02668,P02668,509,train
D02669,P02669,1470,train
D02670,P02670,172,train
D02671,P02671,35,train
D02672,P02672,204,train
D02673,P02673,114,train
D02674,P02674,982,train
D02675,P02675,433,train
D02676,P02676,1471,train
D02677,P02677,1472,train
D02678,P02678,1473,train
D02679,P02679,1474,train
D02680,P02680,42,train
D02681,P02681,1475,train
D02682,P02682,204,train
D02683,P02683,1410,train
D02684,P02684,670,train
D02685,P02685,130,train
D02686,P02686,1476,train
D02687,P02687,1477,train
D02688,P02688,183,train
D02689,P02689,146,train
D02690,P02690,954,train
D02691,P02691,1478,train
D02692,P02692,1352,train
D02693,P02693,639,train
D02694,P02694,1479,train
D02695,P02695,2,train
D02696,P02696,156,train
D02697,P02697,901,train
D02698,P02698,597,train
D02699,P02699,1480,train
D02700,P02700,1481,train
D02701,P02701,508,train
D02702,P02702,183,train
D02703,P02703,437,train
D02704,P02704,261,train
D02705,P02705,1482,train
D02706,P02706,1483,train
D02707,P02707,277,train
D02708,P02708,1484,train
D02709,P02709,2,train
D02710,P02710,1156,train
D02711,P02711,1485,train
D02712,P02712,1015,train
D02713,P02713,1486,train
D02714,P02714,1487,train
D02715,P02715,35,train
D02716,P02716,81,train
D02717,P02717,634,train
D02718,P02718,2,train
D02719,P02719,2,train
D02720,P02720,281,train
D02721,P02721,387,train
D02722,P02722,1488,train
D02723,P02723,1489,train
D02724,P02724,708,train
D02725,P02725,35,train
D02726,P02726,706,train
D02727,P02727,412,train
D02728,P02728,878,train
D02729,P02729,1490,train
D02730,P02730,272,train
D02731,P02731,375,train
D02732,P02732,19,train
D02733,P02733,896,train
D02734,P02734,1491,train
D02735,P02735,1492,train
D02736,P02736,1493,train
D02737,P02737,35,train
D02738,P02738,1494,train
D02739,P02739,1372,train
D02740,P02740,2,train
D02741,P02741,1495,train
D02742,P02742,80,train
D02743,P02743,1496,train
D02744,P02744,1022,train
D02745,P02745,1497,train
D02746,P02746,803,train
D02747,P02747,35,train
D02748,P02748,341,train
D02749,P02749,1210,train
D02750,P02750,1498,train
D02751,P02751,1499,train
D02752,P02752,1500,train
D02753,P02753,1501,train
D02754,P02754,1502,train
D02755,P02755,2,train
D02756,P02756,1503,train
D02757,P02757,272,train
D02758,P02758,424,train
D02759,P02759,1504,train
D02760,P02760,360,train
D02761,P02761,483,train
D02762,P02762,2,train
D02763,P02763,1505,train
D02764,P02764,1506,train
D02765,P02765,252,train
D02766,P02766,2,train
D02767,P02767,1507,train
D02768,P02768,81,train
D02769,P02769,1508,train
D02770,P02770,147,train
D02771,P02771,106,train
D02772,P02772,804,train
D02773,P02773,888,train
D02774,P02774,1004,train
D02775,P02775,35,train
D02776,P02776,700,train
D02777,P02777,204,train
D02778,P02778,679,train
D02779,P02779,624,train
D02780,P02780,464,train
D02781,P02781,1509,train
D02782,P02782,1510,train
D02783,P02783,215,train
D02784,P02784,1511,train
D02785,P02785,165,train
D02786,P02786,511,train
D02787,P02787,1512,train
D02788,P02788,1513,train
D02789,P02789,1514,train
D02790,P02790,1515,train
D02791,P02791,1516,train
D02792,P02792,35,train
D02793,P02793,1517,train
D02794,P02794,1394,train
D02795,P02795,2,train
D02796,P02796,1518,train
D02797,P02797,1519,train
D02798,P02798,342,train
D02799,P02799,544,train
D02800,P02800,1263,train
D02801,P02801,1520,train
D02802,P02802,1247,train
D02803,P02803,35,train
D02804,P02804,1521,train
D02805,P02805,804,train
D02806,P02806,81,train
D02807,P02807,1522,train
D02808,P02808,1523,train
D02809,P02809,1524,train
D02810,P02810,1525,train
D02811,P02811,606,train
D02812,P02812,825,train
D02813,P02813,2,train
D02814,P02814,896,train
D02815,P02815,1526,train
D02816,P02816,1527,train
D02817,P02817,2,train
D02818,P02818,1528,train
D02819,P02819,2,train
D02820,P02820,1529,train
D02821,P02821,1530,train
D02822,P02822,81,train
D02823,P02823,412,train
D02824,P02824,1311,train
D02825,P02825,1531,train
D02826,P02826,1532,train
D02827,P02827,81,train
D02828,P02828,671,train
D02829,P02829,1533,train
D02830,P02830,1534,train
D02831,P02831,1535,train
D02832,P02832,1536,train
D02833,P02833,1537,train
D02834,P02834,81,train
D02835,P02835,1538,train
D02836,P02836,1539,train
D02837,P02837,23,train
D02838,P02838,474,train
D02839,P02839,1540,train
D02840,P02840,1541,train
D02841,P02841,967,train
D02842,P02842,1542,train
D02843,P02843,81,train
D02844,P02844,1543,train
D02845,P02845,1544,train
D02846,P02846,1545,train
D02847,P02847,147,train
D02848,P02848,556,train
D02849,P02849,392,train
D02850,P02850,579,train
D02851,P02851,1546,train
D02852,P02852,1547,train
D02853,P02853,194,train
D02854,P02854,346,train
D02855,P02855,117,train
D02856,P02856,81,train
D02857,P02857,1548,train
D02858,P02858,1549,train
D02859,P02859,81,train
D02860,P02860,1215,train
D02861,P02861,199,train
D02862,P02862,35,train
D02863,P02863,1550,train
D02864,P02864,1551,train
D02865,P02865,624,train
D02866,P02866,1552,train
D02867,P02867,1553,train
D02868,P02868,896,train
D02869,P02869,1554,train
D02870,P02870,1555,train
D02871,P02871,15,train
D02872,P02872,483,train
D02873,P02873,1534,train
D02874,P02874,613,train
D02875,P02875,1556,train
D02876,P02876,860,train
D02877,P02877,1557,train
D02878,P02878,1558,train
D02879,P02879,35,train
D02880,P02880,422,train
D02881,P02881,1559,train
D02882,P02882,1560,train
D02883,P02883,1561,train
D02884,P02884,1562,train
D02885,P02885,402,train
D02886,P02886,1563,train
D02887,P02887,35,train
D02888,P02888,630,train
D02889,P02889,56,train
D02890,P02890,748,train
D02891,P02891,1165,train
D02892,P02892,1564,train
D02893,P02893,354,train
D02894,P02894,129,train
D02895,P02895,439,train
D02896,P02896,299,train
D02897,P02897,822,train
D02898,P02898,1565,train
D02899,P02899,1566,train
D02900,P02900,163,train
D02901,P02901,1165,train
D02902,P02902,1567,train
D02903,P02903,113,train
D02904,P02904,81,train
D02905,P02905,1568,train
D02906,P02906,390,train
D02907,P02907,1569,train
D02908,P02908,1570,train
D02909,P02909,419,train
D02910,P02910,851,train
D02911,P02911,1479,train
D02912,P02912,1166,train
D02913,P02913,683,train
D02914,P02914,825,train
D02915,P02915,441,train
D02916,P02916,1571,train
D02917,P02917,1572,train
D02918,P02918,35,train
D02919,P02919,1573,train
D02920,P02920,878,train
D02921,P02921,1382,train
D02922,P02922,1168,train
D02923,P02923,93,train
D02924,P02924,496,train
D02925,P02925,35,train
D02926,P02926,700,train
D02927,P02927,1574,train
D02928,P02928,1575,train
D02929,P02929,1576,train
D02930,P02930,1577,train
D02931,P02931,1578,train
D02932,P02932,1579,train
D02933,P02933,742,train
D02934,P02934,748,train
D02935,P02935,81,train
D02936,P02936,107,train
D02937,P02937,1580,train
D02938,P02938,508,train
D02939,P02939,1581,train
D02940,P02940,1582,train
D02941,P02941,1233,train
D02942,P02942,1583,train
D02943,P02943,1584,train
D02944,P02944,714,train
D02945,P02945,1577,train
D02946,P02946,35,train
D02947,P02947,1585,train
D02948,P02948,1586,train
D02949,P02949,412,train
D02950,P02950,1587,train
D02951,P02951,330,train
D02952,P02952,894,train
D02953,P02953,684,train
D02954,P02954,1588,train
D02955,P02955,1589,train
D02956,P02956,1590,train
D02957,P02957,354,train
D02958,P02958,1591,train
D02959,P02959,1504,train
D02960,P02960,1592,train
D02961,P02961,402,train
D02962,P02962,931,train
D02963,P02963,579,train
D02964,P02964,1593,train
D02965,P02965,1594,train
D02966,P02966,546,train
D02967,P02967,748,train
D02968,P02968,1595,train
D02969,P02969,1367,train
D02970,P02970,639,train
D02971,P02971,137,train
D02972,P02972,1151,train
D02973,P02973,1596,train
D02974,P02974,1368,train
D02975,P02975,1392,train
D02976,P02976,317,train
D02977,P02977,1597,train
D02978,P02978,385,train
D02979,P02979,1598,train
D02980,P02980,1599,train
D02981,P02981,673,train
D02982,P02982,1600,train
D02983,P02983,349,train
D02984,P02984,1493,train
D02985,P02985,1444,train
D02986,P02986,466,train
D02987,P02987,827,train
D02988,P02988,14,train
D02989,P02989,1601,train
D02990,P02990,983,train
D02991,P02991,1602,train
D02992,P02992,80,train
D02993,P02993,35,train
D02994,P02994,1603,train
D02995,P02995,1604,train
D02996,P02996,1605,train
D02997,P02997,77,train
D02998,P02998,1606,train
D02999,P02999,1607,train
D03000,P03000,888,train
D03001,P03001,81,train
D03002,P03002,1137,train
D03003,P03003,1415,train
D03004,P03004,47,train
D03005,P03005,107,train
D03006,P03006,129,train
D03007,P03007,1608,train
D03008,P03008,1609,train
D03009,P03009,1062,train
D03010,P03010,1610,train
D03011,P03011,1611,train
D03012,P03012,1612,train
D03013,P03013,1613,train
D03014,P03014,1614,train
D03015,P03015,1517,train
D03016,P03016,1113,train
D03017,P03017,1615,train
D03018,P03018,1616,train
D03019,P03019,137,train
D03020,P03020,1617,train
D03021,P03021,468,train
D03022,P03022,136,train
D03023,P03023,637,train
D03024,P03024,1618,train
D03025,P03025,272,train
D03026,P03026,586,train
D03027,P03027,1619,train
D03028,P03028,80,train
D03029,P03029,1620,train
D03030,P03030,2,train
D03031,P03031,281,train
D03032,P03032,1345,train
D03033,P03033,1621,train
D03034,P03034,1622,train
D03035,P03035,178,train
D03036,P03036,963,train
D03037,P03037,1623,train
D03038,P03038,311,train
D03039,P03039,1624,train
D03040,P03040,81,train
D03041,P03041,1625,train
D03042,P03042,1626,train
D03043,P03043,1627,train
D03044,P03044,1628,train
D03045,P03045,875,train
D03046,P03046,1345,train
D03047,P03047,1629,train
D03048,P03048,1592,train
D03049,P03049,1479,train
D03050,P03050,502,train
D03051,P03051,1630,train
D03052,P03052,1631,train
D03053,P03053,1289,train
D03054,P03054,745,train
D03055,P03055,680,train
D03056,P03056,2,train
D03057,P03057,897,train
D03058,P03058,508,train
D03059,P03059,1632,train
D03060,P03060,556,train
D03061,P03061,1633,train
D03062,P03062,954,train
D03063,P03063,1271,train
D03064,P03064,1634,train
D03065,P03065,390,train
D03066,P03066,107,train
D03067,P03067,728,train
D03068,P03068,1635,train
D03069,P03069,1636,train
D03070,P03070,628,train
D03071,P03071,37,train
D03072,P03072,1443,train
D03073,P03073,35,train
D03074,P03074,193,train
D03075,P03075,11,train
D03076,P03076,1223,train
D03077,P03077,1637,train
D03078,P03078,1638,train
D03079,P03079,1639,train
D03080,P03080,215,train
D03081,P03081,8,train
D03082,P03082,61,train
D03083,P03083,1640,train
D03084,P03084,15,train
D03085,P03085,1641,train
D03086,P03086,1642,train
D03087,P03087,1072,train
D03088,P03088,1643,train
D03089,P03089,73,train
D03090,P03090,80,train
D03091,P03091,35,train
D03092,P03092,963,train
D03093,P03093,2,train
D03094,P03094,495,train
D03095,P03095,1301,train
D03096,P03096,1151,train
D03097,P03097,1644,train
D03098,P03098,557,train
D03099,P03099,81,train
D03100,P03100,1645,train
D03101,P03101,793,train
D03102,P03102,1646,train
D03103,P03103,81,train
D03104,P03104,1647,train
D03105,P03105,2,train
D03106,P03106,1648,train
D03107,P03107,1649,train
D03108,P03108,91,train
D03109,P03109,1650,train
D03110,P03110,1135,train
D03111,P03111,1651,train
D03112,P03112,338,train
D03113,P03113,35,train
D03114,P03114,1652,train
D03115,P03115,1415,train
D03116,P03116,127,train
D03117,P03117,2,train
D03118,P03118,432,train
D03119,P03119,19,train
D03120,P03120,66,train
D03121,P03121,340,train
D03122,P03122,1653,train
D03123,P03123,330,train
D03124,P03124,1654,train
D03125,P03125,1276,train
D03126,P03126,1642,train
D03127,P03127,1655,train
D03128,P03128,286,train
D03129,P03129,2,train
D03130,P03130,307,train
D03131,P03131,114,train
D03132,P03132,307,train
D03133,P03133,130,train
D03134,P03134,1656,train
D03135,P03135,172,train
D03136,P03136,1657,train
D03137,P03137,81,train
D03138,P03138,379,train
D03139,P03139,35,train
D03140,P03140,1390,train
D03141,P03141,55,train
D03142,P03142,597,train
D03143,P03143,1658,train
D03144,P03144,955,train
D03145,P03145,1659,train
D03146,P03146,1660,train
D03147,P03147,809,train
D03148,P03148,264,train
D03149,P03149,1238,train
D03150,P03150,1661,train
D03151,P03151,1662,train
D03152,P03152,1663,train
D03153,P03153,1664,train
D03154,P03154,442,train
D03155,P03155,2,train
D03156,P03156,129,train
D03157,P03157,423,train
D03158,P03158,526,train
D03159,P03159,792,train
D03160,P03160,2,train
D03161,P03161,1665,train
D03162,P03162,392,train
D03163,P03163,32,train
D03164,P03164,7,train
D03165,P03165,172,train
D03166,P03166,453,train
D03167,P03167,46,train
D03168,P03168,1156,train
D03169,P03169,655,train
D03170,P03170,2,train
D03171,P03171,1666,train
D03172,P03172,137,train
D03173,P03173,81,train
D03174,P03174,670,train
D03175,P03175,679,train
D03176,P03176,1266,train
D03177,P03177,1637,train
D03178,P03178,969,train
D03179,P03179,1667,train
D03180,P03180,1371,train
D03181,P03181,225,train
D03182,P03182,1668,train
D03183,P03183,2,train
D03184,P03184,231,train
D03185,P03185,406,train
D03186,P03186,1669,train
D03187,P03187,1670,train
D03188,P03188,1671,train
D03189,P03189,586,train
D03190,P03190,1672,train
D03191,P03191,1673,train
D03192,P03192,1674,train
D03193,P03193,261,train
D03194,P03194,1536,train
D03195,P03195,1174,train
D03196,P03196,37,train
D03197,P03197,1675,train
D03198,P03198,1595,train
D03199,P03199,106,train
D03200,P03200,137,train
D03201,P03201,1072,train
D03202,P03202,1676,train
D03203,P03203,515,train
D03204,P03204,19,train
D03205,P03205,689,train
D03206,P03206,1677,train
D03207,P03207,1459,train
D03208,P03208,204,train
D03209,P03209,1678,train
D03210,P03210,1679,train
D03211,P03211,2,train
D03212,P03212,1680,train
D03213,P03213,746,train
D03214,P03214,827,train
D03215,P03215,710,train
D03216,P03216,1313,train
D03217,P03217,35,train
D03218,P03218,1681,train
D03219,P03219,825,train
D03220,P03220,626,train
D03221,P03221,1682,train
D03222,P03222,591,train
D03223,P03223,982,train
D03224,P03224,1683,train
D03225,P03225,1320,train
D03226,P03226,1029,train
D03227,P03227,1684,train
D03228,P03228,1685,train
D03229,P03229,1686,train
D03230,P03230,1687,train
D03231,P03231,276,train
D03232,P03232,625,train
D03233,P03233,330,train
D03234,P03234,2,train
D03235,P03235,1688,train
D03236,P03236,1104,train
D03237,P03237,81,train
D03238,P03238,261,train
D03239,P03239,1570,train
D03240,P03240,1183,train
D03241,P03241,81,train
D03242,P03242,1689,train
D03243,P03243,237,train
D03244,P03244,1168,train
D03245,P03245,1687,train
D03246,P03246,1690,train
D03247,P03247,1691,train
D03248,P03248,1692,train
D03249,P03249,637,train
D03250,P03250,106,train
D03251,P03251,2,train
D03252,P03252,1693,train
D03253,P03253,1694,train
D03254,P03254,1269,train
D03255,P03255,556,train
D03256,P03256,538,train
D03257,P03257,1695,train
D03258,P03258,1696,train
D03259,P03259,1697,train
D03260,P03260,767,train
D03261,P03261,1698,train
D03262,P03262,1699,train
D03263,P03263,35,train
D03264,P03264,1700,train
D03265,P03265,1558,train
D03266,P03266,172,train
D03267,P03267,358,train
D03268,P03268,499,train
D03269,P03269,1701,train
D03270,P03270,1702,train
D03271,P03271,1703,train
D03272,P03272,696,train
D03273,P03273,261,train
D03274,P03274,130,train
D03275,P03275,555,train
D03276,P03276,509,train
D03277,P03277,1704,train
D03278,P03278,448,train
D03279,P03279,218,train
D03280,P03280,1007,train
D03281,P03281,428,train
D03282,P03282,989,train
D03283,P03283,1705,train
D03284,P03284,330,train
D03285,P03285,81,train
D03286,P03286,658,train
D03287,P03287,1706,train
D03288,P03288,1707,train
D03289,P03289,1708,train
D03290,P03290,778,train
D03291,P03291,81,train
D03292,P03292,1590,train
D03293,P03293,644,train
D03294,P03294,1709,train
D03295,P03295,802,train
D03296,P03296,282,train
D03297,P03297,1710,train
D03298,P03298,1545,train
D03299,P03299,2,train
D03300,P03300,1711,train
D03301,P03301,474,train
D03302,P03302,347,train
D03303,P03303,130,train
D03304,P03304,2,train
D03305,P03305,1712,train
D03306,P03306,138,train
D03307,P03307,1477,train
D03308,P03308,552,train
D03309,P03309,19,train
D03310,P03310,890,train
D03311,P03311,1713,train
D03312,P03312,878,train
D03313,P03313,35,train
D03314,P03314,172,train
D03315,P03315,954,train
D03316,P03316,765,train
D03317,P03317,148,train
D03318,P03318,297,train
D03319,P03319,1248,train
D03320,P03320,107,train
D03321,P03321,1714,train
D03322,P03322,1715,train
D03323,P03323,1716,train
D03324,P03324,1270,train
D03325,P03325,805,train
D03326,P03326,35,train
D03327,P03327,1717,train
D03328,P03328,1718,train
D03329,P03329,1672,train
D03330,P03330,1719,train
D03331,P03331,1720,train
D03332,P03332,1721,train
D03333,P03333,93,train
D03334,P03334,1722,train
D03335,P03335,2,train
D03336,P03336,1019,train
D03337,P03337,1723,train
D03338,P03338,696,train
D03339,P03339,303,train
D03340,P03340,1724,train
D03341,P03341,1403,train
D03342,P03342,1725,train
D03343,P03343,1460,train
D03344,P03344,1726,train
D03345,P03345,258,train
D03346,P03346,650,train
D03347,P03347,463,train
D03348,P03348,98,train
D03349,P03349,1161,train
D03350,P03350,1483,train
D03351,P03351,518,train
D03352,P03352,524,train
D03353,P03353,201,train
D03354,P03354,19,train
D03355,P03355,81,train
D03356,P03356,1135,train
D03357,P03357,1727,train
D03358,P03358,728,train
D03359,P03359,35,train
D03360,P03360,451,train
D03361,P03361,81,train
D03362,P03362,1728,train
D03363,P03363,1304,train
D03364,P03364,301,train
D03365,P03365,1729,train
D03366,P03366,1730,train
D03367,P03367,648,train
D03368,P03368,1731,train
D03369,P03369,1732,train
D03370,P03370,93,train
D03371,P03371,1733,train
D03372,P03372,1734,train
D03373,P03373,1477,train
D03374,P03374,225,train
D03375,P03375,106,train
D03376,P03376,1735,train
D03377,P03377,1736,train
D03378,P03378,1737,train
D03379,P03379,339,train
D03380,P03380,669,train
D03381,P03381,380,train
D03382,P03382,93,train
D03383,P03383,1738,train
D03384,P03384,529,train
D03385,P03385,495,train
D03386,P03386,1677,train
D03387,P03387,1441,train
D03388,P03388,35,train
D03389,P03389,1739,train
D03390,P03390,81,train
D03391,P03391,1740,train
D03392,P03392,196,train
D03393,P03393,172,train
D03394,P03394,1741,train
D03395,P03395,329,train
D03396,P03396,1742,train
D03397,P03397,337,train
D03398,P03398,508,train
D03399,P03399,1743,train
D03400,P03400,797,train
D03401,P03401,1263,train
D03402,P03402,1744,train
D03403,P03403,1745,train
D03404,P03404,81,train
D03405,P03405,930,train
D03406,P03406,606,train
D03407,P03407,1746,train
D03408,P03408,914,train
D03409,P03409,93,train
D03410,P03410,1747,train
D03411,P03411,1168,train
D03412,P03412,1298,train
D03413,P03413,1253,train
D03414,P03414,621,train
D03415,P03415,2,train
D03416,P03416,1199,train
D03417,P03417,1748,train
D03418,P03418,488,train
D03419,P03419,81,train
D03420,P03420,1348,train
D03421,P03421,1749,train
D03422,P03422,2,train
D03423,P03423,81,train
D03424,P03424,1750,train
D03425,P03425,1135,train
D03426,P03426,1388,train
D03427,P03427,1403,train
D03428,P03428,1751,train
D03429,P03429,2,train
D03430,P03430,910,train
D03431,P03431,35,train
D03432,P03432,2,train
D03433,P03433,1197,train
D03434,P03434,81,train
D03435,P03435,860,train
D03436,P03436,1752,train
D03437,P03437,1753,train
D03438,P03438,548,train
D03439,P03439,1754,train
D03440,P03440,982,train
D03441,P03441,1755,train
D03442,P03442,1756,train
D03443,P03443,627,train
D03444,P03444,1757,train
D03445,P03445,35,train
D03446,P03446,1758,train
D03447,P03447,1759,train
D03448,P03448,35,train
D03449,P03449,1760,train
D03450,P03450,107,train
D03451,P03451,502,train
D03452,P03452,508,train
D03453,P03453,1150,train
D03454,P03454,81,train
D03455,P03455,1761,train
D03456,P03456,1762,train
D03457,P03457,1058,train
D03458,P03458,950,train
D03459,P03459,35,train
D03460,P03460,745,train
D03461,P03461,379,train
D03462,P03462,483,train
D03463,P03463,1763,train
D03464,P03464,652,train
D03465,P03465,560,train
D03466,P03466,748,train
D03467,P03467,81,train
D03468,P03468,323,train
D03469,P03469,1764,train
D03470,P03470,912,train
D03471,P03471,1233,train
D03472,P03472,1765,train
D03473,P03473,106,train
D03474,P03474,821,train
D03475,P03475,94,train
D03476,P03476,16,train
D03477,P03477,1766,train
D03478,P03478,1598,train
D03479,P03479,198,train
D03480,P03480,1206,train
D03481,P03481,1238,train
D03482,P03482,327,train
D03483,P03483,1057,train
D03484,P03484,1767,train
D03485,P03485,1768,train
D03486,P03486,1769,train
D03487,P03487,646,train
D03488,P03488,1770,train
D03489,P03489,915,train
D03490,P03490,1771,train
D03491,P03491,107,train
D03492,P03492,81,train
D03493,P03493,621,train
D03494,P03494,1772,train
D03495,P03495,1182,train
D03496,P03496,194,train
D03497,P03497,35,train
D03498,P03498,481,train
D03499,P03499,194,train
D03500,P03500,35,train
D03501,P03501,1773,train
D03502,P03502,225,train
D03503,P03503,1774,train
D03504,P03504,1775,train
D03505,P03505,172,train
D03506,P03506,1776,train
D03507,P03507,1438,train
D03508,P03508,1777,train
D03509,P03509,7,train
D03510,P03510,1778,train
D03511,P03511,1668,train
D03512,P03512,1779,train
D03513,P03513,1623,train
D03514,P03514,1444,train
D03515,P03515,1780,train
D03516,P03516,1781,train
D03517,P03517,56,train
D03518,P03518,625,train
D03519,P03519,291,train
D03520,P03520,147,train
D03521,P03521,1782,train
D03522,P03522,1783,train
D03523,P03523,518,train
D03524,P03524,1784,train
D03525,P03525,172,train
D03526,P03526,1785,train
D03527,P03527,35,train
D03528,P03528,1786,train
D03529,P03529,1787,train
D03530,P03530,558,train
D03531,P03531,1788,train
D03532,P03532,1789,train
D03533,P03533,81,train
D03534,P03534,383,train
D03535,P03535,1790,train
D03536,P03536,93,train
D03537,P03537,1791,train
D03538,P03538,1792,train
D03539,P03539,60,train
D03540,P03540,1793,train
D03541,P03541,19,train
D03542,P03542,130,train
D03543,P03543,1794,train
D03544,P03544,1793,train
D03545,P03545,130,train
D03546,P03546,1310,train
D03547,P03547,928,train
D03548,P03548,1795,train
D03549,P03549,1796,train
D03550,P03550,307,train
D03551,P03551,1470,train
D03552,P03552,228,train
D03553,P03553,1415,train
D03554,P03554,130,train
D03555,P03555,1797,train
D03556,P03556,1798,train
D03557,P03557,35,train
D03558,P03558,896,train
D03559,P03559,196,train
D03560,P03560,1238,train
D03561,P03561,165,train
D03562,P03562,35,train
D03563,P03563,1799,train
D03564,P03564,412,train
D03565,P03565,1800,train
D03566,P03566,307,train
D03567,P03567,1801,train
D03568,P03568,19,train
D03569,P03569,276,train
D03570,P03570,19,train
D03571,P03571,1802,train
D03572,P03572,1803,train
D03573,P03573,1804,train
D03574,P03574,1805,train
D03575,P03575,32,train
D03576,P03576,1806,train
D03577,P03577,1807,train
D03578,P03578,1808,train
D03579,P03579,1809,train
D03580,P03580,148,train
D03581,P03581,1810,train
D03582,P03582,55,train
D03583,P03583,291,train
D03584,P03584,80,train
D03585,P03585,777,train
D03586,P03586,1337,train
D03587,P03587,1811,train
D03588,P03588,197,train
D03589,P03589,80,train
D03590,P03590,1812,train
D03591,P03591,1813,train
D03592,P03592,1051,train
D03593,P03593,983,train
D03594,P03594,1814,train
D03595,P03595,1783,train
D03596,P03596,508,train
D03597,P03597,1815,train
D03598,P03598,1816,train
D03599,P03599,1817,train
D03600,P03600,1818,train
D03601,P03601,556,train
D03602,P03602,331,train
D03603,P03603,1819,train
D03604,P03604,171,train
D03605,P03605,373,train
D03606,P03606,202,train
D03607,P03607,1742,train
D03608,P03608,1820,train
D03609,P03609,1821,train
D03610,P03610,1822,train
D03611,P03611,264,train
D03612,P03612,35,train
D03613,P03613,950,train
D03614,P03614,1823,train
D03615,P03615,749,train
D03616,P03616,189,train
D03617,P03617,1824,train
D03618,P03618,114,train
D03619,P03619,1825,train
D03620,P03620,156,train
D03621,P03621,787,train
D03622,P03622,311,train
D03623,P03623,1826,train
D03624,P03624,1827,train
D03625,P03625,574,train
D03626,P03626,35,train
D03627,P03627,1828,train
D03628,P03628,645,train
D03629,P03629,1829,train
D03630,P03630,1830,train
D03631,P03631,81,train
D03632,P03632,258,train
D03633,P03633,107,train
D03634,P03634,1456,train
D03635,P03635,171,train
D03636,P03636,464,train
D03637,P03637,1022,train
D03638,P03638,83,train
D03639,P03639,888,train
D03640,P03640,1673,train
D03641,P03641,19,train
D03642,P03642,1211,train
D03643,P03643,1349,train
D03644,P03644,412,train
D03645,P03645,1831,train
D03646,P03646,2,train
D03647,P03647,1410,train
D03648,P03648,547,train
D03649,P03649,19,train
D03650,P03650,1832,train
D03651,P03651,1007,train
D03652,P03652,1833,train
D03653,P03653,81,train
D03654,P03654,930,train
D03655,P03655,671,train
D03656,P03656,241,train
D03657,P03657,1834,train
D03658,P03658,1835,train
D03659,P03659,2,train
D03660,P03660,35,train
D03661,P03661,1836,train
D03662,P03662,1378,train
D03663,P03663,428,train
D03664,P03664,2,train
D03665,P03665,397,train
D03666,P03666,579,train
D03667,P03667,1837,train
D03668,P03668,1838,train
D03669,P03669,878,train
D03670,P03670,1223,train
D03671,P03671,35,train
D03672,P03672,1839,train
D03673,P03673,1840,train
D03674,P03674,1841,train
D03675,P03675,1538,train
D03676,P03676,1842,train
D03677,P03677,1843,train
D03678,P03678,81,train
D03679,P03679,1844,train
D03680,P03680,1125,train
D03681,P03681,129,train
D03682,P03682,19,train
D03683,P03683,81,train
D03684,P03684,903,train
D03685,P03685,55,train
D03686,P03686,478,train
D03687,P03687,157,train
D03688,P03688,625,train
D03689,P03689,1466,train
D03690,P03690,37,train
D03691,P03691,1168,train
D03692,P03692,35,train
D03693,P03693,945,train
D03694,P03694,1311,train
D03695,P03695,2,train
D03696,P03696,77,train
D03697,P03697,493,train
D03698,P03698,251,train
D03699,P03699,767,train
D03700,P03700,1845,train
D03701,P03701,1846,train
D03702,P03702,1847,train
D03703,P03703,107,train
D03704,P03704,1848,train
D03705,P03705,172,train
D03706,P03706,2,train
D03707,P03707,35,train
D03708,P03708,924,train
D03709,P03709,1849,train
D03710,P03710,145,train
D03711,P03711,35,train
D03712,P03712,950,train
D03713,P03713,1850,train
D03714,P03714,1851,train
D03715,P03715,1852,train
D03716,P03716,575,train
D03717,P03717,1853,train
D03718,P03718,1129,train
D03719,P03719,1853,train
D03720,P03720,1773,train
D03721,P03721,1664,train
D03722,P03722,93,train
D03723,P03723,1854,train
D03724,P03724,1855,train
D03725,P03725,81,train
D03726,P03726,339,train
D03727,P03727,11,train
D03728,P03728,1856,train
D03729,P03729,640,train
D03730,P03730,1857,train
D03731,P03731,81,train
D03732,P03732,896,train
D03733,P03733,1858,train
D03734,P03734,35,train
D03735,P03735,93,train
D03736,P03736,748,train
D03737,P03737,2,train
D03738,P03738,1859,train
D03739,P03739,1860,train
D03740,P03740,1861,train
D03741,P03741,2,train
D03742,P03742,1862,train
D03743,P03743,705,train
D03744,P03744,1863,train
D03745,P03745,954,train
D03746,P03746,1864,train
D03747,P03747,518,train
D03748,P03748,1235,train
D03749,P03749,1311,train
D03750,P03750,1273,train
D03751,P03751,1865,train
D03752,P03752,93,train
D03753,P03753,1866,train
D03754,P03754,1867,train
D03755,P03755,616,train
D03756,P03756,155,train
D03757,P03757,1135,train
D03758,P03758,1868,train
D03759,P03759,1869,train
D03760,P03760,1352,train
D03761,P03761,1079,train
D03762,P03762,921,train
D03763,P03763,617,train
D03764,P03764,1048,train
D03765,P03765,845,train
D03766,P03766,817,train
D03767,P03767,1870,train
D03768,P03768,127,train
D03769,P03769,114,train
D03770,P03770,1642,train
D03771,P03771,789,train
D03772,P03772,107,train
D03773,P03773,218,train
D03774,P03774,1871,train
D03775,P03775,1872,train
D03776,P03776,1873,train
D03777,P03777,1825,train
D03778,P03778,1770,train
D03779,P03779,513,train
D03780,P03780,2,train
D03781,P03781,259,train
D03782,P03782,1874,train
D03783,P03783,172,train
D03784,P03784,1875,train
D03785,P03785,1876,train
D03786,P03786,93,train
D03787,P03787,431,train
D03788,P03788,2,train
D03789,P03789,708,train
D03790,P03790,1877,train
D03791,P03791,1040,train
D03792,P03792,2,train
D03793,P03793,1112,train
D03794,P03794,1878,train
D03795,P03795,81,train
D03796,P03796,303,train
D03797,P03797,1213,train
D03798,P03798,311,train
D03799,P03799,1105,train
D03800,P03800,1879,train
D03801,P03801,249,train
D03802,P03802,590,train
D03803,P03803,1880,train
D03804,P03804,1881,train
D03805,P03805,1882,train
D03806,P03806,1883,train
D03807,P03807,471,train
D03808,P03808,1233,train
D03809,P03809,1160,train
D03810,P03810,91,train
D03811,P03811,1348,train
D03812,P03812,1536,train
D03813,P03813,210,train
D03814,P03814,748,train
D03815,P03815,1884,train
D03816,P03816,35,train
D03817,P03817,35,train
D03818,P03818,35,train
D03819,P03819,1022,train
D03820,P03820,1662,train
D03821,P03821,35,train
D03822,P03822,1211,train
D03823,P03823,218,train
D03824,P03824,1834,train
D03825,P03825,750,train
D03826,P03826,515,train
D03827,P03827,35,train
D03828,P03828,386,train
D03829,P03829,1885,train
D03830,P03830,600,train
D03831,P03831,0,train
D03832,P03832,1135,train
D03833,P03833,35,train
D03834,P03834,1429,train
D03835,P03835,495,train
D03836,P03836,1048,train
D03837,P03837,205,train
D03838,P03838,1886,train
D03839,P03839,1887,train
D03840,P03840,785,train
D03841,P03841,1316,train
D03842,P03842,37,train
D03843,P03843,1829,train
D03844,P03844,1015,train
D03845,P03845,35,train
D03846,P03846,145,train
D03847,P03847,1888,train
D03848,P03848,1803,train
D03849,P03849,597,train
D03850,P03850,106,train
D03851,P03851,25,train
D03852,P03852,35,train
D03853,P03853,1889,train
D03854,P03854,1890,train
D03855,P03855,493,train
D03856,P03856,1891,train
D03857,P03857,1892,train
D03858,P03858,463,train
D03859,P03859,1701,train
D03860,P03860,1893,train
D03861,P03861,495,train
D03862,P03862,1813,train
D03863,P03863,37,train
D03864,P03864,42,train
D03865,P03865,1894,train
D03866,P03866,117,train
D03867,P03867,1018,train
D03868,P03868,194,train
D03869,P03869,534,train
D03870,P03870,62,train
D03871,P03871,556,train
D03872,P03872,1895,train
D03873,P03873,1896,train
D03874,P03874,1897,train
D03875,P03875,35,train
D03876,P03876,1898,train
D03877,P03877,981,train
D03878,P03878,890,train
D03879,P03879,716,train
D03880,P03880,1899,train
D03881,P03881,6,train
D03882,P03882,989,train
D03883,P03883,1900,train
D03884,P03884,35,train
D03885,P03885,1901,train
D03886,P03886,1004,train
D03887,P03887,1902,train
D03888,P03888,1054,train
D03889,P03889,76,train
D03890,P03890,749,train
D03891,P03891,157,train
D03892,P03892,860,train
D03893,P03893,1903,train
D03894,P03894,1809,train
D03895,P03895,694,train
D03896,P03896,586,train
D03897,P03897,1904,train
D03898,P03898,186,train
D03899,P03899,8,train
D03900,P03900,1905,train
D03901,P03901,950,train
D03902,P03902,700,train
D03903,P03903,272,train
D03904,P03904,35,train
D03905,P03905,947,train
D03906,P03906,1906,train
D03907,P03907,1127,train
D03908,P03908,983,train
D03909,P03909,357,train
D03910,P03910,1907,train
D03911,P03911,1908,train
D03912,P03912,1090,train
D03913,P03913,960,train
D03914,P03914,976,train
D03915,P03915,1478,train
D03916,P03916,1909,train
D03917,P03917,81,train
D03918,P03918,574,train
D03919,P03919,1910,train
D03920,P03920,1911,train
D03921,P03921,107,train
D03922,P03922,560,train
D03923,P03923,1912,train
D03924,P03924,517,train
D03925,P03925,1458,train
D03926,P03926,289,train
D03927,P03927,19,train
D03928,P03928,1623,train
D03929,P03929,172,train
D03930,P03930,1522,train
D03931,P03931,624,train
D03932,P03932,1886,train
D03933,P03933,557,train
D03934,P03934,932,train
D03935,P03935,2,train
D03936,P03936,44,train
D03937,P03937,954,train
D03938,P03938,1913,train
D03939,P03939,43,train
D03940,P03940,1764,train
D03941,P03941,1914,train
D03942,P03942,366,train
D03943,P03943,217,train
D03944,P03944,1840,train
D03945,P03945,860,train
D03946,P03946,2,train
D03947,P03947,809,train
D03948,P03948,35,train
D03949,P03949,421,train
D03950,P03950,624,train
D03951,P03951,1781,train
D03952,P03952,1915,train
D03953,P03953,1800,train
D03954,P03954,81,train
D03955,P03955,62,train
D03956,P03956,1916,train
D03957,P03957,894,train
D03958,P03958,1066,train
D03959,P03959,35,train
D03960,P03960,1797,train
D03961,P03961,1917,train
D03962,P03962,1112,train
D03963,P03963,1918,train
D03964,P03964,1919,train
D03965,P03965,1920,train
D03966,P03966,81,train
D03967,P03967,93,train
D03968,P03968,1730,train
D03969,P03969,733,train
D03970,P03970,765,train
D03971,P03971,1531,train
D03972,P03972,883,train
D03973,P03973,300,train
D03974,P03974,35,train
D03975,P03975,617,train
D03976,P03976,630,train
D03977,P03977,1058,train
D03978,P03978,130,train
D03979,P03979,1233,train
D03980,P03980,1662,train
D03981,P03981,217,train
D03982,P03982,1206,train
D03983,P03983,1855,train
D03984,P03984,1921,train
D03985,P03985,1922,train
D03986,P03986,1923,train
D03987,P03987,2,train
D03988,P03988,825,train
D03989,P03989,1214,train
D03990,P03990,81,train
D03991,P03991,1924,train
D03992,P03992,103,train
D03993,P03993,1925,train
D03994,P03994,1606,train
D03995,P03995,1338,train
D03996,P03996,35,train
D03997,P03997,1661,train
D03998,P03998,728,train
D03999,P03999,1926,train
D04000,P04000,1123,train
D04001,P04001,972,train
D04002,P04002,35,train
D04003,P04003,1349,train
D04004,P04004,217,train
D04005,P04005,1187,train
D04006,P04006,81,train
D04007,P04007,887,train
D04008,P04008,1758,train
D04009,P04009,570,train
D04010,P04010,93,train
D04011,P04011,1027,train
D04012,P04012,129,train
D04013,P04013,1927,train
D04014,P04014,1928,train
D04015,P04015,1036,train
D04016,P04016,1929,train
D04017,P04017,1592,train
D04018,P04018,1930,train
D04019,P04019,371,train
D04020,P04020,860,train
D04021,P04021,1931,train
D04022,P04022,183,train
D04023,P04023,1263,train
D04024,P04024,1825,train
D04025,P04025,1932,train
D04026,P04026,825,train
D04027,P04027,1878,train
D04028,P04028,1359,train
D04029,P04029,1933,train
D04030,P04030,1934,train
D04031,P04031,742,train
D04032,P04032,171,train
D04033,P04033,2,train
D04034,P04034,1935,train
D04035,P04035,1263,train
D04036,P04036,146,train
D04037,P04037,1936,train
D04038,P04038,1937,train
D04039,P04039,1938,train
D04040,P04040,574,train
D04041,P04041,1939,train
D04042,P04042,32,train
D04043,P04043,1940,train
D04044,P04044,81,train
D04045,P04045,474,train
D04046,P04046,1004,train
D04047,P04047,1941,train
D04048,P04048,1942,train
D04049,P04049,134,train
D04050,P04050,1943,train
D04051,P04051,1944,train
D04052,P04052,35,train
D04053,P04053,1008,train
D04054,P04054,2,train
D04055,P04055,1945,train
D04056,P04056,107,train
D04057,P04057,1836,train
D04058,P04058,1544,train
D04059,P04059,1313,train
D04060,P04060,1246,train
D04061,P04061,1946,train
D04062,P04062,1947,train
D04063,P04063,130,train
D04064,P04064,1948,train
D04065,P04065,1949,train
D04066,P04066,883,train
D04067,P04067,81,train
D04068,P04068,1950,train
D04069,P04069,1187,train
D04070,P04070,1706,train
D04071,P04071,1951,train
D04072,P04072,636,train
D04073,P04073,81,train
D04074,P04074,729,train
D04075,P04075,212,train
D04076,P04076,1952,train
D04077,P04077,2,train
D04078,P04078,114,train
D04079,P04079,1953,train
D04080,P04080,1954,train
D04081,P04081,1955,train
D04082,P04082,81,train
D04083,P04083,1956,train
D04084,P04084,93,train
D04085,P04085,35,train
D04086,P04086,328,train
D04087,P04087,616,train
D04088,P04088,81,train
D04089,P04089,1957,train
D04090,P04090,1958,train
D04091,P04091,354,train
D04092,P04092,1959,train
D04093,P04093,1960,train
D04094,P04094,81,train
D04095,P04095,574,train
D04096,P04096,548,train
D04097,P04097,1961,train
D04098,P04098,1962,train
D04099,P04099,1963,train
D04100,P04100,339,train
D04101,P04101,1964,train
D04102,P04102,1965,train
D04103,P04103,797,train
D04104,P04104,511,train
D04105,P04105,1003,train
D04106,P04106,832,train
D04107,P04107,1966,train
D04108,P04108,442,train
D04109,P04109,244,train
D04110,P04110,137,train
D04111,P04111,1967,train
D04112,P04112,1960,train
D04113,P04113,4,train
D04114,P04114,1673,train
D04115,P04115,35,train
D04116,P04116,1968,train
D04117,P04117,1969,train
D04118,P04118,521,train
D04119,P04119,930,train
D04120,P04120,8,train
D04121,P04121,1649,train
D04122,P04122,589,train
D04123,P04123,1534,train
D04124,P04124,1085,train
D04125,P04125,1022,train
D04126,P04126,1970,train
D04127,P04127,292,train
D04128,P04128,1971,train
D04129,P04129,81,train
D04130,P04130,1972,train
D04131,P04131,1973,train
D04132,P04132,471,train
D04133,P04133,35,train
D04134,P04134,1187,train
D04135,P04135,106,train
D04136,P04136,396,train
D04137,P04137,1974,train
D04138,P04138,80,train
D04139,P04139,549,train
D04140,P04140,962,train
D04141,P04141,1975,train
D04142,P04142,1531,train
D04143,P04143,820,train
D04144,P04144,81,train
D04145,P04145,172,train
D04146,P04146,1976,train
D04147,P04147,888,train
D04148,P04148,1429,train
D04149,P04149,339,train
D04150,P04150,312,train
D04151,P04151,1977,train
D04152,P04152,35,train
D04153,P04153,81,train
D04154,P04154,1978,train
D04155,P04155,466,train
D04156,P04156,586,train
D04157,P04157,677,train
D04158,P04158,1979,train
D04159,P04159,1980,train
D04160,P04160,81,train
D04161,P04161,1981,train
D04162,P04162,93,train
D04163,P04163,1982,train
D04164,P04164,1983,train
D04165,P04165,1626,train
D04166,P04166,249,train
D04167,P04167,1984,train
D04168,P04168,303,train
D04169,P04169,1985,train
D04170,P04170,1915,train
D04171,P04171,1986,train
D04172,P04172,44,train
D04173,P04173,93,train
D04174,P04174,1025,train
D04175,P04175,825,train
D04176,P04176,106,train
D04177,P04177,1987,train
D04178,P04178,1988,train
D04179,P04179,1989,train
D04180,P04180,1990,train
D04181,P04181,1991,train
D04182,P04182,521,train
D04183,P04183,8,train
D04184,P04184,137,train
D04185,P04185,1992,train
D04186,P04186,225,train
D04187,P04187,435,train
D04188,P04188,1993,train
D04189,P04189,93,train
D04190,P04190,37,train
D04191,P04191,1994,train
D04192,P04192,259,train
D04193,P04193,802,train
D04194,P04194,35,train
D04195,P04195,1489,train
D04196,P04196,1390,train
D04197,P04197,1023,train
D04198,P04198,1040,train
D04199,P04199,1995,train
D04200,P04200,242,train
D04201,P04201,780,train
D04202,P04202,2,train
D04203,P04203,1643,train
D04204,P04204,1996,train
D04205,P04205,2,train
D04206,P04206,1997,train
D04207,P04207,714,train
D04208,P04208,563,train
D04209,P04209,726,train
D04210,P04210,926,train
D04211,P04211,1998,train
D04212,P04212,1999,train
D04213,P04213,799,train
D04214,P04214,2000,train
D04215,P04215,2001,train
D04216,P04216,2,train
D04217,P04217,2002,train
D04218,P04218,35,train
D04219,P04219,1248,train
D04220,P04220,1145,train
D04221,P04221,2003,train
D04222,P04222,2,train
D04223,P04223,728,train
D04224,P04224,272,train
D04225,P04225,2,train
D04226,P04226,825,train
D04227,P04227,757,train
D04228,P04228,525,train
D04229,P04229,2004,train
D04230,P04230,515,train
D04231,P04231,97,train
D04232,P04232,2005,train
D04233,P04233,447,train
D04234,P04234,1412,train
D04235,P04235,422,train
D04236,P04236,2006,train
D04237,P04237,422,train
D04238,P04238,2007,train
D04239,P04239,962,train
D04240,P04240,2008,train
D04241,P04241,297,train
D04242,P04242,1922,train
D04243,P04243,81,train
D04244,P04244,2009,train
D04245,P04245,201,train
D04246,P04246,171,train
D04247,P04247,137,train
D04248,P04248,2010,train
D04249,P04249,875,train
D04250,P04250,2011,train
D04251,P04251,2012,train
D04252,P04252,1793,train
D04253,P04253,1374,train
D04254,P04254,2013,train
D04255,P04255,261,train
D04256,P04256,2014,train
D04257,P04257,2015,train
D04258,P04258,1057,train
D04259,P04259,171,train
D04260,P04260,35,train
D04261,P04261,107,train
D04262,P04262,2016,train
D04263,P04263,223,train
D04264,P04264,2,train
D04265,P04265,2,train
D04266,P04266,81,train
D04267,P04267,608,train
D04268,P04268,146,train
D04269,P04269,2017,train
D04270,P04270,1293,train
D04271,P04271,2018,train
D04272,P04272,81,train
D04273,P04273,81,train
D04274,P04274,556,train
D04275,P04275,390,train
D04276,P04276,790,train
D04277,P04277,1605,train
D04278,P04278,2019,train
D04279,P04279,904,train
D04280,P04280,424,train
D04281,P04281,2020,train
D04282,P04282,14,train
D04283,P04283,2021,train
D04284,P04284,81,train
D04285,P04285,2022,train
D04286,P04286,2023,train
D04287,P04287,921,train
D04288,P04288,733,train
D04289,P04289,2,train
D04290,P04290,684,train
D04291,P04291,2024,train
D04292,P04292,515,train
D04293,P04293,2025,train
D04294,P04294,493,train
D04295,P04295,696,train
D04296,P04296,2026,train
D04297,P04297,2027,train
D04298,P04298,2028,train
D04299,P04299,1371,train
D04300,P04300,35,train
D04301,P04301,2,train
D04302,P04302,2029,train
D04303,P04303,746,train
D04304,P04304,508,train
D04305,P04305,258,train
D04306,P04306,337,train
D04307,P04307,90,train
D04308,P04308,147,train
D04309,P04309,99,train
D04310,P04310,1637,train
D04311,P04311,2030,train
D04312,P04312,1861,train
D04313,P04313,838,train
D04314,P04314,300,train
D04315,P04315,2011,train
D04316,P04316,2031,train
D04317,P04317,948,train
D04318,P04318,1335,train
D04319,P04319,783,train
D04320,P04320,1048,train
D04321,P04321,2032,train
D04322,P04322,2033,train
D04323,P04323,1058,train
D04324,P04324,2034,train
D04325,P04325,1503,train
D04326,P04326,713,train
D04327,P04327,1085,train
D04328,P04328,1106,train
D04329,P04329,130,train
D04330,P04330,127,train
D04331,P04331,2035,train
D04332,P04332,405,train
D04333,P04333,2036,train
D04334,P04334,423,train
D04335,P04335,1323,train
D04336,P04336,1233,train
D04337,P04337,2037,train
D04338,P04338,546,train
D04339,P04339,2038,train
D04340,P04340,2039,train
D04341,P04341,2040,train
D04342,P04342,81,train
D04343,P04343,2041,train
D04344,P04344,2042,train
D04345,P04345,2043,train
D04346,P04346,2,train
D04347,P04347,2015,train
D04348,P04348,551,train
D04349,P04349,710,train
D04350,P04350,190,train
D04351,P04351,2044,train
D04352,P04352,961,train
D04353,P04353,834,train
D04354,P04354,2045,train
D04355,P04355,2046,train
D04356,P04356,471,train
D04357,P04357,2047,train
D04358,P04358,2048,train
D04359,P04359,35,train
D04360,P04360,2049,train
D04361,P04361,62,train
D04362,P04362,8,train
D04363,P04363,883,train
D04364,P04364,2,train
D04365,P04365,2050,train
D04366,P04366,563,train
D04367,P04367,93,train
D04368,P04368,2,train
D04369,P04369,712,train
D04370,P04370,1896,train
D04371,P04371,2051,train
D04372,P04372,1878,train
D04373,P04373,2052,train
D04374,P04374,2053,train
D04375,P04375,2054,train
D04376,P04376,2055,train
D04377,P04377,1224,train
D04378,P04378,81,train
D04379,P04379,2056,train
D04380,P04380,2057,train
D04381,P04381,105,train
D04382,P04382,2058,train
D04383,P04383,2059,train
D04384,P04384,2060,train
D04385,P04385,1583,train
D04386,P04386,19,train
D04387,P04387,2061,train
D04388,P04388,2062,train
D04389,P04389,2063,train
D04390,P04390,317,train
D04391,P04391,447,train
D04392,P04392,1077,train
D04393,P04393,137,train
D04394,P04394,447,train
D04395,P04395,35,train
D04396,P04396,140,train
D04397,P04397,399,train
D04398,P04398,557,train
D04399,P04399,658,train
D04400,P04400,2064,train
D04401,P04401,2065,train
D04402,P04402,81,train
D04403,P04403,761,train
D04404,P04404,2066,train
D04405,P04405,312,train
D04406,P04406,2067,train
D04407,P04407,1444,train
D04408,P04408,2068,train
D04409,P04409,107,train
D04410,P04410,2069,train
D04411,P04411,2070,train
D04412,P04412,273,train
D04413,P04413,1880,train
D04414,P04414,35,train
D04415,P04415,59,train
D04416,P04416,349,train
D04417,P04417,163,train
D04418,P04418,1902,train
D04419,P04419,1825,train
D04420,P04420,322,train
D04421,P04421,2071,train
D04422,P04422,2072,train
D04423,P04423,1218,train
D04424,P04424,348,train
D04425,P04425,1493,train
D04426,P04426,839,train
D04427,P04427,106,train
D04428,P04428,1076,train
D04429,P04429,35,train
D04430,P04430,81,train
D04431,P04431,2,train
D04432,P04432,132,train
D04433,P04433,848,train
D04434,P04434,556,train
D04435,P04435,2073,train
D04436,P04436,1665,train
D04437,P04437,2074,train
D04438,P04438,579,train
D04439,P04439,188,train
D04440,P04440,1114,train
D04441,P04441,107,train
D04442,P04442,945,train
D04443,P04443,488,train
D04444,P04444,114,train
D04445,P04445,2075,train
D04446,P04446,474,train
D04447,P04447,745,train
D04448,P04448,967,train
D04449,P04449,1115,train
D04450,P04450,679,train
D04451,P04451,1768,train
D04452,P04452,35,train
D04453,P04453,2076,train
D04454,P04454,2077,train
D04455,P04455,404,train
D04456,P04456,1233,train
D04457,P04457,2,train
D04458,P04458,2,train
D04459,P04459,518,train
D04460,P04460,81,train
D04461,P04461,2,train
D04462,P04462,615,train
D04463,P04463,1460,train
D04464,P04464,137,train
D04465,P04465,1902,train
D04466,P04466,2078,train
D04467,P04467,2079,train
D04468,P04468,25,train
D04469,P04469,2080,train
D04470,P04470,300,train
D04471,P04471,369,train
D04472,P04472,433,train
D04473,P04473,2081,train
D04474,P04474,1487,train
D04475,P04475,716,train
D04476,P04476,1062,train
D04477,P04477,145,train
D04478,P04478,1838,train
D04479,P04479,81,train
D04480,P04480,2082,train
D04481,P04481,1456,train
D04482,P04482,138,train
D04483,P04483,856,train
D04484,P04484,1161,train
D04485,P04485,324,train
D04486,P04486,383,train
D04487,P04487,878,train
D04488,P04488,2083,train
D04489,P04489,2084,train
D04490,P04490,2085,train
D04491,P04491,1222,train
D04492,P04492,714,train
D04493,P04493,59,train
D04494,P04494,680,train
D04495,P04495,2086,train
D04496,P04496,1659,train
D04497,P04497,2,train
D04498,P04498,81,train
D04499,P04499,1187,train
D04500,P04500,35,train
D04501,P04501,2087,train
D04502,P04502,410,train
D04503,P04503,579,train
D04504,P04504,1696,train
D04505,P04505,2088,train
D04506,P04506,834,train
D04507,P04507,1372,train
D04508,P04508,2089,train
D04509,P04509,2090,train
D04510,P04510,2091,train
D04511,P04511,105,train
D04512,P04512,778,train
D04513,P04513,2083,train
D04514,P04514,81,train
D04515,P04515,2092,train
D04516,P04516,427,train
D04517,P04517,832,train
D04518,P04518,1867,train
D04519,P04519,2093,train
D04520,P04520,1421,train
D04521,P04521,130,train
D04522,P04522,515,train
D04523,P04523,2094,train
D04524,P04524,2095,train
D04525,P04525,1114,train
D04526,P04526,1066,train
D04527,P04527,2096,train
D04528,P04528,493,train
D04529,P04529,1815,train
D04530,P04530,2097,train
D04531,P04531,2098,train
D04532,P04532,2099,train
D04533,P04533,2100,train
D04534,P04534,501,train
D04535,P04535,2101,train
D04536,P04536,2102,train
D04537,P04537,2103,train
D04538,P04538,217,train
D04539,P04539,1200,train
D04540,P04540,2104,train
D04541,P04541,789,train
D04542,P04542,194,train
D04543,P04543,261,train
D04544,P04544,501,train
D04545,P04545,2105,train
D04546,P04546,911,train
D04547,P04547,66,train
D04548,P04548,2106,train
D04549,P04549,757,train
D04550,P04550,803,train
D04551,P04551,2107,train
D04552,P04552,679,train
D04553,P04553,35,train
D04554,P04554,2108,train
D04555,P04555,44,train
D04556,P04556,569,train
D04557,P04557,113,train
D04558,P04558,2109,train
D04559,P04559,2110,train
D04560,P04560,93,train
D04561,P04561,2111,train
D04562,P04562,2112,train
D04563,P04563,2113,train
D04564,P04564,2114,train
D04565,P04565,700,train
D04566,P04566,54,train
D04567,P04567,1672,train
D04568,P04568,1177,train
D04569,P04569,2115,train
D04570,P04570,2093,train
D04571,P04571,2116,train
D04572,P04572,1575,train
D04573,P04573,1240,train
D04574,P04574,2117,train
D04575,P04575,1395,train
D04576,P04576,106,train
D04577,P04577,2118,train
D04578,P04578,91,train
D04579,P04579,81,train
D04580,P04580,130,train
D04581,P04581,19,train
D04582,P04582,2119,train
D04583,P04583,888,train
D04584,P04584,2120,train
D04585,P04585,2121,train
D04586,P04586,2122,train
D04587,P04587,1912,train
D04588,P04588,2,train
D04589,P04589,2123,train
D04590,P04590,15,train
D04591,P04591,35,train
D04592,P04592,106,train
D04593,P04593,1479,train
D04594,P04594,2124,train
D04595,P04595,498,train
D04596,P04596,2,train
D04597,P04597,921,train
D04598,P04598,1031,train
D04599,P04599,1429,train
D04600,P04600,2125,train
D04601,P04601,2126,train
D04602,P04602,70,train
D04603,P04603,2127,train
D04604,P04604,896,train
D04605,P04605,2,train
D04606,P04606,35,train
D04607,P04607,312,train
D04608,P04608,2128,train
D04609,P04609,1447,train
D04610,P04610,261,train
D04611,P04611,1592,train
D04612,P04612,106,train
D04613,P04613,2129,train
D04614,P04614,2,train
D04615,P04615,81,train
D04616,P04616,1015,train
D04617,P04617,2130,train
D04618,P04618,1732,train
D04619,P04619,93,train
D04620,P04620,963,train
D04621,P04621,2131,train
D04622,P04622,2132,train
D04623,P04623,2133,train
D04624,P04624,2134,train
D04625,P04625,2,train
D04626,P04626,2135,train
D04627,P04627,2136,train
D04628,P04628,1559,train
D04629,P04629,1947,train
D04630,P04630,73,train
D04631,P04631,2137,train
D04632,P04632,2138,train
D04633,P04633,2139,train
D04634,P04634,803,train
D04635,P04635,2140,train
D04636,P04636,634,train
D04637,P04637,2141,train
D04638,P04638,2142,train
D04639,P04639,81,train
D04640,P04640,2143,train
D04641,P04641,2144,train
D04642,P04642,2145,train
D04643,P04643,566,train
D04644,P04644,35,train
D04645,P04645,259,train
D04646,P04646,204,train
D04647,P04647,650,train
D04648,P04648,35,train
D04649,P04649,930,train
D04650,P04650,2146,train
D04651,P04651,2147,train
D04652,P04652,28,train
D04653,P04653,1085,train
D04654,P04654,42,train
D04655,P04655,422,train
D04656,P04656,2148,train
D04657,P04657,2149,train
D04658,P04658,437,train
D04659,P04659,2150,train
D04660,P04660,1015,train
D04661,P04661,81,train
D04662,P04662,2151,train
D04663,P04663,2152,train
D04664,P04664,1807,train
D04665,P04665,276,train
D04666,P04666,1310,train
D04667,P04667,670,train
D04668,P04668,53,train
D04669,P04669,35,train
D04670,P04670,130,train
D04671,P04671,136,train
D04672,P04672,962,train
D04673,P04673,2153,train
D04674,P04674,439,train
D04675,P04675,1577,train
D04676,P04676,2154,train
D04677,P04677,989,train
D04678,P04678,1667,train
D04679,P04679,2155,train
D04680,P04680,1337,train
D04681,P04681,2156,train
D04682,P04682,1316,train
D04683,P04683,1878,train
D04684,P04684,1200,train
D04685,P04685,2,train
D04686,P04686,822,train
D04687,P04687,2157,train
D04688,P04688,856,train
D04689,P04689,718,train
D04690,P04690,35,train
D04691,P04691,820,train
D04692,P04692,2133,train
D04693,P04693,81,train
D04694,P04694,1089,train
D04695,P04695,137,train
D04696,P04696,2,train
D04697,P04697,1126,train
D04698,P04698,969,train
D04699,P04699,1218,train
D04700,P04700,2158,train
D04701,P04701,2159,train
D04702,P04702,1981,train
D04703,P04703,347,train
D04704,P04704,2160,train
D04705,P04705,1625,train
D04706,P04706,249,train
D04707,P04707,2,train
D04708,P04708,2,train
D04709,P04709,921,train
D04710,P04710,1467,train
D04711,P04711,2013,train
D04712,P04712,165,train
D04713,P04713,963,train
D04714,P04714,1825,train
D04715,P04715,35,train
D04716,P04716,1388,train
D04717,P04717,2161,train
D04718,P04718,1427,train
D04719,P04719,462,train
D04720,P04720,2,train
D04721,P04721,2,train
D04722,P04722,2162,train
D04723,P04723,2163,train
D04724,P04724,81,train
D04725,P04725,2164,train
D04726,P04726,2165,train
D04727,P04727,225,train
D04728,P04728,1613,train
D04729,P04729,677,train
D04730,P04730,35,train
D04731,P04731,474,train
D04732,P04732,1560,train
D04733,P04733,2166,train
D04734,P04734,2167,train
D04735,P04735,16,train
D04736,P04736,556,train
D04737,P04737,680,train
D04738,P04738,2168,train
D04739,P04739,81,train
D04740,P04740,2169,train
D04741,P04741,718,train
D04742,P04742,85,train
D04743,P04743,2170,train
D04744,P04744,2171,train
D04745,P04745,983,train
D04746,P04746,35,train
D04747,P04747,2172,train
D04748,P04748,2173,train
D04749,P04749,757,train
D04750,P04750,966,train
D04751,P04751,2174,train
D04752,P04752,35,train
D04753,P04753,495,train
D04754,P04754,896,train
D04755,P04755,2175,train
D04756,P04756,2176,train
D04757,P04757,1558,train
D04758,P04758,114,train
D04759,P04759,114,train
D04760,P04760,2177,train
D04761,P04761,547,train
D04762,P04762,2178,train
D04763,P04763,1758,train
D04764,P04764,2058,train
D04765,P04765,81,train
D04766,P04766,93,train
D04767,P04767,2179,train
D04768,P04768,928,train
D04769,P04769,1166,train
D04770,P04770,23,train
D04771,P04771,306,train
D04772,P04772,2180,train
D04773,P04773,2181,train
D04774,P04774,2182,train
D04775,P04775,449,train
D04776,P04776,2,train
D04777,P04777,35,train
D04778,P04778,442,train
D04779,P04779,1151,train
D04780,P04780,1048,train
D04781,P04781,815,train
D04782,P04782,987,train
D04783,P04783,820,train
D04784,P04784,73,train
D04785,P04785,188,train
D04786,P04786,706,train
D04787,P04787,449,train
D04788,P04788,2183,train
D04789,P04789,946,train
D04790,P04790,839,train
D04791,P04791,207,train
D04792,P04792,2184,train
D04793,P04793,2185,train
D04794,P04794,767,train
D04795,P04795,498,train
D04796,P04796,1408,train
D04797,P04797,106,train
D04798,P04798,2186,train
D04799,P04799,679,train
D04800,P04800,2187,train
D04801,P04801,1051,train
D04802,P04802,1285,train
D04803,P04803,35,train
D04804,P04804,81,train
D04805,P04805,251,train
D04806,P04806,81,train
D04807,P04807,509,train
D04808,P04808,324,train
D04809,P04809,535,train
D04810,P04810,423,train
D04811,P04811,748,train
D04812,P04812,2188,train
D04813,P04813,81,train
D04814,P04814,66,train
D04815,P04815,2189,train
D04816,P04816,81,train
D04817,P04817,68,train
D04818,P04818,2190,train
D04819,P04819,405,train
D04820,P04820,261,train
D04821,P04821,681,train
D04822,P04822,2191,train
D04823,P04823,916,train
D04824,P04824,1439,train
D04825,P04825,693,train
D04826,P04826,1612,train
D04827,P04827,144,train
D04828,P04828,2,train
D04829,P04829,2192,train
D04830,P04830,1472,train
D04831,P04831,714,train
D04832,P04832,1603,train
D04833,P04833,85,train
D04834,P04834,2193,train
D04835,P04835,2,train
D04836,P04836,656,train
D04837,P04837,1550,train
D04838,P04838,2194,train
D04839,P04839,718,train
D04840,P04840,2195,train
D04841,P04841,1442,train
D04842,P04842,567,train
D04843,P04843,2133,train
D04844,P04844,624,train
D04845,P04845,35,train
D04846,P04846,2196,train
D04847,P04847,726,train
D04848,P04848,2197,train
D04849,P04849,91,train
D04850,P04850,81,train
D04851,P04851,2198,train
D04852,P04852,2199,train
D04853,P04853,2200,train
D04854,P04854,107,train
D04855,P04855,623,train
D04856,P04856,2023,train
D04857,P04857,35,train
D04858,P04858,1114,train
D04859,P04859,700,train
D04860,P04860,2201,train
D04861,P04861,699,train
D04862,P04862,340,train
D04863,P04863,1457,train
D04864,P04864,743,train
D04865,P04865,2202,train
D04866,P04866,1755,train
D04867,P04867,2203,train
D04868,P04868,2204,train
D04869,P04869,2205,train
D04870,P04870,2206,train
D04871,P04871,130,train
D04872,P04872,1411,train
D04873,P04873,1136,train
D04874,P04874,2207,train
D04875,P04875,577,train
D04876,P04876,387,train
D04877,P04877,2208,train
D04878,P04878,1298,train
D04879,P04879,710,train
D04880,P04880,919,train
D04881,P04881,33,train
D04882,P04882,1052,train
D04883,P04883,1421,train
D04884,P04884,2209,train
D04885,P04885,2210,train
D04886,P04886,930,train
D04887,P04887,93,train
D04888,P04888,606,train
D04889,P04889,2211,train
D04890,P04890,579,train
D04891,P04891,93,train
D04892,P04892,2212,train
D04893,P04893,1546,train
D04894,P04894,845,train
D04895,P04895,2213,train
D04896,P04896,2214,train
D04897,P04897,19,train
D04898,P04898,1245,train
D04899,P04899,2215,train
D04900,P04900,42,train
D04901,P04901,2216,train
D04902,P04902,1531,train
D04903,P04903,1151,train
D04904,P04904,2093,train
D04905,P04905,2,train
D04906,P04906,1066,train
D04907,P04907,23,train
D04908,P04908,825,train
D04909,P04909,1605,train
D04910,P04910,2217,train
D04911,P04911,322,train
D04912,P04912,659,train
D04913,P04913,1395,train
D04914,P04914,896,train
D04915,P04915,81,train
D04916,P04916,2218,train
D04917,P04917,117,train
D04918,P04918,981,train
D04919,P04919,81,train
D04920,P04920,19,train
D04921,P04921,2219,train
D04922,P04922,238,train
D04923,P04923,417,train
D04924,P04924,81,train
D04925,P04925,1151,train
D04926,P04926,2220,train
D04927,P04927,535,train
D04928,P04928,2221,train
D04929,P04929,1216,train
D04930,P04930,519,train
D04931,P04931,106,train
D04932,P04932,2222,train
D04933,P04933,42,train
D04934,P04934,258,train
D04935,P04935,748,train
D04936,P04936,2223,train
D04937,P04937,276,train
D04938,P04938,2224,train
D04939,P04939,35,train
D04940,P04940,2057,train
D04941,P04941,2135,train
D04942,P04942,2225,train
D04943,P04943,2226,train
D04944,P04944,2227,train
D04945,P04945,2,train
D04946,P04946,2228,train
D04947,P04947,42,train
D04948,P04948,35,train
D04949,P04949,738,train
D04950,P04950,2229,train
D04951,P04951,676,train
D04952,P04952,258,train
D04953,P04953,81,train
D04954,P04954,69,train
D04955,P04955,1867,train
D04956,P04956,1182,train
D04957,P04957,2230,train
D04958,P04958,1768,train
D04959,P04959,355,train
D04960,P04960,2231,train
D04961,P04961,264,train
D04962,P04962,860,train
D04963,P04963,982,train
D04964,P04964,35,train
D04965,P04965,171,train
D04966,P04966,171,train
D04967,P04967,2232,train
D04968,P04968,474,train
D04969,P04969,2233,train
D04970,P04970,2234,train
D04971,P04971,285,train
D04972,P04972,167,train
D04973,P04973,1320,train
D04974,P04974,2235,train
D04975,P04975,860,train
D04976,P04976,945,train
D04977,P04977,25,train
D04978,P04978,2236,train
D04979,P04979,2,train
D04980,P04980,904,train
D04981,P04981,328,train
D04982,P04982,2237,train
D04983,P04983,1151,train
D04984,P04984,2238,train
D04985,P04985,2239,train
D04986,P04986,2240,train
D04987,P04987,2241,train
D04988,P04988,464,train
D04989,P04989,2202,train
D04990,P04990,487,train
D04991,P04991,35,train
D04992,P04992,1187,train
D04993,P04993,2242,train
D04994,P04994,35,train
D04995,P04995,2,train
D04996,P04996,324,train
D04997,P04997,1403,train
D04998,P04998,684,train
D04999,P04999,1705,train
D05000,P05000,2243,train
D05001,P05001,1134,train
D05002,P05002,2244,train
D05003,P05003,81,train
D05004,P05004,1211,train
D05005,P05005,679,train
D05006,P05006,553,train
D05007,P05007,106,train
D05008,P05008,28,train
D05009,P05009,129,train
D05010,P05010,698,train
D05011,P05011,615,train
D05012,P05012,2,train
D05013,P05013,931,train
D05014,P05014,1052,train
D05015,P05015,867,train
D05016,P05016,1411,train
D05017,P05017,1706,train
D05018,P05018,2245,train
D05019,P05019,1403,train
D05020,P05020,574,train
D05021,P05021,2246,train
D05022,P05022,962,train
D05023,P05023,146,train
D05024,P05024,2247,train
D05025,P05025,2248,train
D05026,P05026,2249,train
D05027,P05027,472,train
D05028,P05028,2250,train
D05029,P05029,2251,train
D05030,P05030,1517,train
D05031,P05031,825,train
D05032,P05032,35,train
D05033,P05033,2252,train
D05034,P05034,2253,train
D05035,P05035,2254,train
D05036,P05036,1838,train
D05037,P05037,1029,train
D05038,P05038,1296,train
D05039,P05039,1986,train
D05040,P05040,430,train
D05041,P05041,1472,train
D05042,P05042,883,train
D05043,P05043,241,train
D05044,P05044,574,train
D05045,P05045,2255,train
D05046,P05046,328,train
D05047,P05047,628,train
D05048,P05048,1138,train
D05049,P05049,81,train
D05050,P05050,284,train
D05051,P05051,231,train
D05052,P05052,81,train
D05053,P05053,129,train
D05054,P05054,953,train
D05055,P05055,1188,train
D05056,P05056,2256,train
D05057,P05057,825,train
D05058,P05058,613,train
D05059,P05059,1546,train
D05060,P05060,1151,train
D05061,P05061,35,train
D05062,P05062,2257,train
D05063,P05063,2258,train
D05064,P05064,2259,train
D05065,P05065,2260,train
D05066,P05066,273,train
D05067,P05067,2261,train
D05068,P05068,2262,train
D05069,P05069,2263,train
D05070,P05070,2264,train
D05071,P05071,1552,train
D05072,P05072,2265,train
D05073,P05073,1525,train
D05074,P05074,2266,train
D05075,P05075,435,train
D05076,P05076,2267,train
D05077,P05077,463,train
D05078,P05078,2,train
D05079,P05079,105,train
D05080,P05080,2268,train
D05081,P05081,114,train
D05082,P05082,2269,train
D05083,P05083,2270,train
D05084,P05084,1359,train
D05085,P05085,1001,train
D05086,P05086,2140,train
D05087,P05087,2271,train
D05088,P05088,2272,train
D05089,P05089,2086,train
D05090,P05090,2273,train
D05091,P05091,402,train
D05092,P05092,674,train
D05093,P05093,2274,train
D05094,P05094,16,train
D05095,P05095,2275,train
D05096,P05096,2276,train
D05097,P05097,2277,train
D05098,P05098,579,train
D05099,P05099,1347,train
D05100,P05100,204,train
D05101,P05101,2278,train
D05102,P05102,897,train
D05103,P05103,2279,train
D05104,P05104,626,train
D05105,P05105,2,train
D05106,P05106,2280,train
D05107,P05107,35,train
D05108,P05108,15,train
D05109,P05109,657,train
D05110,P05110,1073,train
D05111,P05111,137,train
D05112,P05112,1048,train
D05113,P05113,966,train
D05114,P05114,1870,train
D05115,P05115,1753,train
D05116,P05116,815,train
D05117,P05117,129,train
D05118,P05118,75,train
D05119,P05119,2281,train
D05120,P05120,2282,train
D05121,P05121,2283,train
D05122,P05122,728,train
D05123,P05123,106,train
D05124,P05124,388,train
D05125,P05125,2284,train
D05126,P05126,2,train
D05127,P05127,1639,train
D05128,P05128,44,train
D05129,P05129,2285,train
D05130,P05130,2286,train
D05131,P05131,1840,train
D05132,P05132,2287,train
D05133,P05133,1334,train
D05134,P05134,483,train
D05135,P05135,1839,train
D05136,P05136,1951,train
D05137,P05137,700,train
D05138,P05138,680,train
D05139,P05139,1701,train
D05140,P05140,2288,train
D05141,P05141,274,train
D05142,P05142,43,train
D05143,P05143,68,train
D05144,P05144,1317,train
D05145,P05145,35,train
D05146,P05146,35,train
D05147,P05147,748,train
D05148,P05148,2289,train
D05149,P05149,962,train
D05150,P05150,2,train
D05151,P05151,327,train
D05152,P05152,877,train
D05153,P05153,2290,train
D05154,P05154,98,train
D05155,P05155,1083,train
D05156,P05156,463,train
D05157,P05157,35,train
D05158,P05158,2291,train
D05159,P05159,637,train
D05160,P05160,15,train
D05161,P05161,107,train
D05162,P05162,1388,train
D05163,P05163,1233,train
D05164,P05164,2292,train
D05165,P05165,1902,train
D05166,P05166,2293,train
D05167,P05167,1687,train
D05168,P05168,35,train
D05169,P05169,2294,train
D05170,P05170,2295,train
D05171,P05171,1062,train
D05172,P05172,2296,train
D05173,P05173,1240,train
D05174,P05174,391,train
D05175,P05175,368,train
D05176,P05176,2297,train
D05177,P05177,35,train
D05178,P05178,35,train
D05179,P05179,125,train
D05180,P05180,624,train
D05181,P05181,139,train
D05182,P05182,1079,train
D05183,P05183,622,train
D05184,P05184,1241,train
D05185,P05185,625,train
D05186,P05186,405,train
D05187,P05187,405,train
D05188,P05188,349,train
D05189,P05189,2298,train
D05190,P05190,172,train
D05191,P05191,2299,train
D05192,P05192,0,train
D05193,P05193,2300,train
D05194,P05194,324,train
D05195,P05195,107,train
D05196,P05196,825,train
D05197,P05197,534,train
D05198,P05198,2301,train
D05199,P05199,2302,train
D05200,P05200,2303,train
D05201,P05201,1114,train
D05202,P05202,860,train
D05203,P05203,2,train
D05204,P05204,474,train
D05205,P05205,2304,train
D05206,P05206,2305,train
D05207,P05207,35,train
D05208,P05208,281,train
D05209,P05209,2306,train
D05210,P05210,35,train
D05211,P05211,2307,train
D05212,P05212,30,train
D05213,P05213,2308,train
D05214,P05214,1764,train
D05215,P05215,575,train
D05216,P05216,1764,train
D05217,P05217,61,train
D05218,P05218,2309,train
D05219,P05219,2310,train
D05220,P05220,1335,train
D05221,P05221,947,train
D05222,P05222,2311,train
D05223,P05223,423,train
D05224,P05224,597,train
D05225,P05225,2312,train
D05226,P05226,960,train
D05227,P05227,731,train
D05228,P05228,2109,train
D05229,P05229,35,train
D05230,P05230,81,train
D05231,P05231,589,train
D05232,P05232,657,train
D05233,P05233,2,train
D05234,P05234,2313,train
D05235,P05235,579,train
D05236,P05236,2,train
D05237,P05237,129,train
D05238,P05238,25,train
D05239,P05239,81,train
D05240,P05240,2314,train
D05241,P05241,2315,train
D05242,P05242,23,train
D05243,P05243,1047,train
D05244,P05244,456,train
D05245,P05245,2316,train
D05246,P05246,2317,train
D05247,P05247,2318,train
D05248,P05248,2319,train
D05249,P05249,2320,train
D05250,P05250,746,train
D05251,P05251,643,train
D05252,P05252,2321,train
D05253,P05253,2091,train
D05254,P05254,378,train
D05255,P05255,2322,train
D05256,P05256,823,train
D05257,P05257,616,train
D05258,P05258,2323,train
D05259,P05259,2324,train
D05260,P05260,2325,train
D05261,P05261,579,train
D05262,P05262,544,train
D05263,P05263,967,train
D05264,P05264,2326,train
D05265,P05265,622,train
D05266,P05266,258,train
D05267,P05267,15,train
D05268,P05268,427,train
D05269,P05269,2000,train
D05270,P05270,176,train
D05271,P05271,81,train
D05272,P05272,2327,train
D05273,P05273,307,train
D05274,P05274,2060,train
D05275,P05275,538,train
D05276,P05276,361,train
D05277,P05277,1311,train
D05278,P05278,987,train
D05279,P05279,2328,train
D05280,P05280,616,train
D05281,P05281,597,train
D05282,P05282,508,train
D05283,P05283,1902,train
D05284,P05284,81,train
D05285,P05285,448,train
D05286,P05286,2,train
D05287,P05287,1962,train
D05288,P05288,137,train
D05289,P05289,35,train
D05290,P05290,2329,train
D05291,P05291,194,train
D05292,P05292,447,train
D05293,P05293,903,train
D05294,P05294,517,train
D05295,P05295,272,train
D05296,P05296,42,train
D05297,P05297,464,train
D05298,P05298,2330,train
D05299,P05299,35,train
D05300,P05300,2263,train
D05301,P05301,1349,train
D05302,P05302,2,train
D05303,P05303,1531,train
D05304,P05304,2331,train
D05305,P05305,2332,train
D05306,P05306,35,train
D05307,P05307,81,train
D05308,P05308,1347,train
D05309,P05309,1672,train
D05310,P05310,2333,train
D05311,P05311,2334,train
D05312,P05312,950,train
D05313,P05313,145,train
D05314,P05314,81,train
D05315,P05315,2283,train
D05316,P05316,1402,train
D05317,P05317,35,train
D05318,P05318,35,train
D05319,P05319,958,train
D05320,P05320,627,train
D05321,P05321,2335,train
D05322,P05322,2336,train
D05323,P05323,1310,train
D05324,P05324,2337,train
D05325,P05325,913,train
D05326,P05326,825,train
D05327,P05327,35,train
D05328,P05328,2185,train
D05329,P05329,1730,train
D05330,P05330,2338,train
D05331,P05331,145,train
D05332,P05332,1825,train
D05333,P05333,2339,train
D05334,P05334,35,train
D05335,P05335,679,train
D05336,P05336,272,train
D05337,P05337,1923,train
D05338,P05338,463,train
D05339,P05339,1605,train
D05340,P05340,718,train
D05341,P05341,2340,train
D05342,P05342,2115,train
D05343,P05343,2341,train
D05344,P05344,1552,train
D05345,P05345,107,train
D05346,P05346,35,train
D05347,P05347,2199,train
D05348,P05348,1246,train
D05349,P05349,2342,train
D05350,P05350,35,train
D05351,P05351,1785,train
D05352,P05352,35,train
D05353,P05353,1572,train
D05354,P05354,2343,train
D05355,P05355,860,train
D05356,P05356,172,train
D05357,P05357,496,train
D05358,P05358,2344,train
D05359,P05359,1097,train
D05360,P05360,90,train
D05361,P05361,950,train
D05362,P05362,1902,train
D05363,P05363,2345,train
D05364,P05364,2346,train
D05365,P05365,2347,train
D05366,P05366,2348,train
D05367,P05367,2349,train
D05368,P05368,91,train
D05369,P05369,2350,train
D05370,P05370,81,train
D05371,P05371,2351,train
D05372,P05372,2352,train
D05373,P05373,2353,train
D05374,P05374,963,train
D05375,P05375,2354,train
D05376,P05376,1232,train
D05377,P05377,2137,train
D05378,P05378,2355,train
D05379,P05379,483,train
D05380,P05380,546,train
D05381,P05381,61,train
D05382,P05382,70,train
D05383,P05383,smiles,test
D05384,P05384,0,test
D05385,P05385,1,test
D05386,P05386,2,test
D05387,P05387,3,test
D05388,P05388,4,test
D05389,P05389,5,test
D05390,P05390,6,test
D05391,P05391,7,test
D05392,P05392,8,test
D05393,P05393,9,test
D05394,P05394,10,test
D05395,P05395,11,test
D05396,P05396,12,test
D05397,P05397,13,test
D05398,P05398,14,test
D05399,P05399,15,test
D05400,P05400,16,test
D05401,P05401,17,test
D05402,P05402,18,test
D05403,P05403,19,test
D05404,P05404,20,test
D05405,P05405,21,test
D05406,P05406,13,test
D05407,P05407,13,test
D05408,P05408,22,test
D05409,P05409,23,test
D05410,P05410,24,test
D05411,P05411,25,test
D05412,P05412,26,test
D05413,P05413,13,test
D05414,P05414,27,test
D05415,P05415,10,test
D05416,P05416,28,test
D05417,P05417,29,test
D05418,P05418,30,test
D05419,P05419,31,test
D05420,P05420,32,test
D05421,P05421,13,test
D05422,P05422,33,test
D05423,P05423,34,test
D05424,P05424,35,test
D05425,P05425,36,test
D05426,P05426,37,test
D05427,P05427,10,test
D05428,P05428,38,test
D05429,P05429,39,test
D05430,P05430,40,test
D05431,P05431,13,test
D05432,P05432,41,test
D05433,P05433,42,test
D05434,P05434,43,test
D05435,P05435,44,test
D05436,P05436,45,test
D05437,P05437,46,test
D05438,P05438,47,test
D05439,P05439,48,test
D05440,P05440,49,test
D05441,P05441,50,test
D05442,P05442,51,test
D05443,P05443,52,test
D05444,P05444,53,test
D05445,P05445,54,test
D05446,P05446,55,test
D05447,P05447,56,test
D05448,P05448,57,test
D05449,P05449,58,test
D05450,P05450,59,test
D05451,P05451,60,test
D05452,P05452,61,test
D05453,P05453,62,test
D05454,P05454,63,test
D05455,P05455,64,test
D05456,P05456,65,test
D05457,P05457,66,test
D05458,P05458,67,test
D05459,P05459,68,test
D05460,P05460,69,test
D05461,P05461,70,test
D05462,P05462,64,test
D05463,P05463,71,test
D05464,P05464,72,test
D05465,P05465,73,test
D05466,P05466,74,test
D05467,P05467,75,test
D05468,P05468,76,test
D05469,P05469,77,test
D05470,P05470,78,test
D05471,P05471,79,test
D05472,P05472,80,test
D05473,P05473,81,test
D05474,P05474,82,test
D05475,P05475,83,test
D05476,P05476,84,test
D05477,P05477,85,test
D05478,P05478,86,test
D05479,P05479,87,test
D05480,P05480,88,test
D05481,P05481,89,test
D05482,P05482,13,test
D05483,P05483,90,test
D05484,P05484,91,test
D05485,P05485,92,test
D05486,P05486,65,test
D05487,P05487,93,test
D05488,P05488,94,test
D05489,P05489,95,test
D05490,P05490,10,test
D05491,P05491,96,test
D05492,P05492,97,test
D05493,P05493,98,test
D05494,P05494,99,test
D05495,P05495,100,test
D05496,P05496,101,test
D05497,P05497,102,test
D05498,P05498,103,test
D05499,P05499,104,test
D05500,P05500,105,test
D05501,P05501,106,test
D05502,P05502,13,test
D05503,P05503,107,test
D05504,P05504,108,test
D05505,P05505,109,test
D05506,P05506,110,test
D05507,P05507,111,test
D05508,P05508,9,test
D05509,P05509,112,test
D05510,P05510,75,test
D05511,P05511,113,test
D05512,P05512,114,test
D05513,P05513,115,test
D05514,P05514,116,test
D05515,P05515,117,test
D05516,P05516,29,test
D05517,P05517,118,test
D05518,P05518,119,test
D05519,P05519,120,test
D05520,P05520,92,test
D05521,P05521,121,test
D05522,P05522,122,test
D05523,P05523,123,test
D05524,P05524,124,test
D05525,P05525,125,test
D05526,P05526,126,test
D05527,P05527,127,test
D05528,P05528,128,test
D05529,P05529,129,test
D05530,P05530,130,test
D05531,P05531,131,test
D05532,P05532,132,test
D05533,P05533,107,test
D05534,P05534,133,test
D05535,P05535,134,test
D05536,P05536,135,test
D05537,P05537,136,test
D05538,P05538,42,test
D05539,P05539,13,test
D05540,P05540,137,test
D05541,P05541,138,test
D05542,P05542,139,test
D05543,P05543,140,test
D05544,P05544,141,test
D05545,P05545,10,test
D05546,P05546,142,test
D05547,P05547,143,test
D05548,P05548,144,test
D05549,P05549,145,test
D05550,P05550,146,test
D05551,P05551,147,test
D05552,P05552,148,test
D05553,P05553,6,test
D05554,P05554,128,test
D05555,P05555,65,test
D05556,P05556,149,test
D05557,P05557,13,test
D05558,P05558,150,test
D05559,P05559,151,test
D05560,P05560,152,test
D05561,P05561,153,test
D05562,P05562,154,test
D05563,P05563,155,test
D05564,P05564,156,test
D05565,P05565,157,test
D05566,P05566,158,test
D05567,P05567,82,test
D05568,P05568,159,test
D05569,P05569,160,test
D05570,P05570,27,test
D05571,P05571,161,test
D05572,P05572,162,test
D05573,P05573,13,test
D05574,P05574,163,test
D05575,P05575,164,test
D05576,P05576,165,test
D05577,P05577,166,test
D05578,P05578,167,test
D05579,P05579,168,test
D05580,P05580,13,test
D05581,P05581,169,test
D05582,P05582,170,test
D05583,P05583,171,test
D05584,P05584,64,test
D05585,P05585,172,test
D05586,P05586,173,test
D05587,P05587,174,test
D05588,P05588,57,test
D05589,P05589,175,test
D05590,P05590,1,test
D05591,P05591,176,test
D05592,P05592,41,test
D05593,P05593,177,test
D05594,P05594,178,test
D05595,P05595,179,test
D05596,P05596,13,test
D05597,P05597,180,test
D05598,P05598,181,test
D05599,P05599,182,test
D05600,P05600,183,test
D05601,P05601,184,test
D05602,P05602,185,test
D05603,P05603,186,test
D05604,P05604,187,test
D05605,P05605,188,test
D05606,P05606,189,test
D05607,P05607,190,test
D05608,P05608,191,test
D05609,P05609,192,test
D05610,P05610,193,test
D05611,P05611,194,test
D05612,P05612,195,test
D05613,P05613,196,test
D05614,P05614,197,test
D05615,P05615,198,test
D05616,P05616,199,test
D05617,P05617,200,test
D05618,P05618,10,test
D05619,P05619,201,test
D05620,P05620,202,test
D05621,P05621,203,test
D05622,P05622,204,test
D05623,P05623,205,test
D05624,P05624,13,test
D05625,P05625,110,test
D05626,P05626,206,test
D05627,P05627,207,test
D05628,P05628,208,test
D05629,P05629,209,test
D05630,P05630,7,test
D05631,P05631,210,test
D05632,P05632,211,test
D05633,P05633,212,test
D05634,P05634,213,test
D05635,P05635,214,test
D05636,P05636,215,test
D05637,P05637,10,test
D05638,P05638,216,test
D05639,P05639,217,test
D05640,P05640,218,test
D05641,P05641,219,test
D05642,P05642,220,test
D05643,P05643,9,test
D05644,P05644,221,test
D05645,P05645,222,test
D05646,P05646,223,test
D05647,P05647,224,test
D05648,P05648,65,test
D05649,P05649,225,test
D05650,P05650,226,test
D05651,P05651,227,test
D05652,P05652,228,test
D05653,P05653,229,test
D05654,P05654,230,test
D05655,P05655,231,test
D05656,P05656,232,test
D05657,P05657,233,test
D05658,P05658,234,test
D05659,P05659,235,test
D05660,P05660,236,test
D05661,P05661,237,test
D05662,P05662,238,test
D05663,P05663,239,test
D05664,P05664,240,test
D05665,P05665,241,test
D05666,P05666,242,test
D05667,P05667,243,test
D05668,P05668,244,test
D05669,P05669,245,test
D05670,P05670,246,test
D05671,P05671,247,test
D05672,P05672,248,test
D05673,P05673,249,test
D05674,P05674,250,test
D05675,P05675,13,test
D05676,P05676,251,test
D05677,P05677,252,test
D05678,P05678,10,test
D05679,P05679,253,test
D05680,P05680,10,test
D05681,P05681,254,test
D05682,P05682,255,test
D05683,P05683,256,test
D05684,P05684,9,test
D05685,P05685,257,test
D05686,P05686,258,test
D05687,P05687,259,test
D05688,P05688,260,test
D05689,P05689,261,test
D05690,P05690,80,test
D05691,P05691,262,test
D05692,P05692,263,test
D05693,P05693,264,test
D05694,P05694,265,test
D05695,P05695,266,test
D05696,P05696,267,test
D05697,P05697,268,test
D05698,P05698,232,test
D05699,P05699,269,test
D05700,P05700,270,test
D05701,P05701,271,test
D05702,P05702,254,test
D05703,P05703,272,test
D05704,P05704,273,test
D05705,P05705,10,test
D05706,P05706,19,test
D05707,P05707,274,test
D05708,P05708,275,test
D05709,P05709,276,test
D05710,P05710,277,test
D05711,P05711,278,test
D05712,P05712,98,test
D05713,P05713,279,test
D05714,P05714,128,test
D05715,P05715,280,test
D05716,P05716,167,test
D05717,P05717,281,test
D05718,P05718,282,test
D05719,P05719,283,test
D05720,P05720,284,test
D05721,P05721,9,test
D05722,P05722,285,test
D05723,P05723,286,test
D05724,P05724,287,test
D05725,P05725,288,test
D05726,P05726,289,test
D05727,P05727,290,test
D05728,P05728,10,test
D05729,P05729,291,test
D05730,P05730,292,test
D05731,P05731,293,test
D05732,P05732,294,test
D05733,P05733,295,test
D05734,P05734,296,test
D05735,P05735,297,test
D05736,P05736,298,test
D05737,P05737,299,test
D05738,P05738,300,test
D05739,P05739,301,test
D05740,P05740,9,test
D05741,P05741,302,test
D05742,P05742,303,test
D05743,P05743,304,test
D05744,P05744,305,test
D05745,P05745,306,test
D05746,P05746,307,test
D05747,P05747,308,test
D05748,P05748,309,test
D05749,P05749,310,test
D05750,P05750,311,test
D05751,P05751,312,test
D05752,P05752,313,test
D05753,P05753,314,test
D05754,P05754,315,test
D05755,P05755,65,test
D05756,P05756,316,test
D05757,P05757,317,test
D05758,P05758,318,test
D05759,P05759,13,test
D05760,P05760,319,test
D05761,P05761,203,test
D05762,P05762,320,test
D05763,P05763,321,test
D05764,P05764,52,test
D05765,P05765,322,test
D05766,P05766,323,test
D05767,P05767,324,test
D05768,P05768,325,test
D05769,P05769,104,test
D05770,P05770,326,test
D05771,P05771,9,test
D05772,P05772,235,test
D05773,P05773,327,test
D05774,P05774,328,test
D05775,P05775,287,test
D05776,P05776,329,test
D05777,P05777,330,test
D05778,P05778,10,test
D05779,P05779,331,test
D05780,P05780,332,test
D05781,P05781,333,test
D05782,P05782,334,test
D05783,P05783,107,test
D05784,P05784,333,test
D05785,P05785,335,test
D05786,P05786,336,test
D05787,P05787,337,test
D05788,P05788,338,test
D05789,P05789,113,test
D05790,P05790,339,test
D05791,P05791,340,test
D05792,P05792,341,test
D05793,P05793,342,test
D05794,P05794,343,test
D05795,P05795,344,test
D05796,P05796,9,test
D05797,P05797,222,test
D05798,P05798,345,test
D05799,P05799,13,test
D05800,P05800,346,test
D05801,P05801,347,test
D05802,P05802,348,test
D05803,P05803,349,test
D05804,P05804,350,test
D05805,P05805,47,test
D05806,P05806,351,test
D05807,P05807,333,test
D05808,P05808,352,test
D05809,P05809,241,test
D05810,P05810,9,test
D05811,P05811,353,test
D05812,P05812,296,test
D05813,P05813,354,test
D05814,P05814,13,test
D05815,P05815,355,test
D05816,P05816,328,test
D05817,P05817,13,test
D05818,P05818,356,test
D05819,P05819,142,test
D05820,P05820,341,test
D05821,P05821,357,test
D05822,P05822,358,test
D05823,P05823,359,test
D05824,P05824,156,test
D05825,P05825,360,test
D05826,P05826,361,test
D05827,P05827,57,test
D05828,P05828,362,test
D05829,P05829,363,test
D05830,P05830,364,test
D05831,P05831,365,test
D05832,P05832,366,test
D05833,P05833,367,test
D05834,P05834,368,test
D05835,P05835,369,test
D05836,P05836,370,test
D05837,P05837,371,test
D05838,P05838,372,test
D05839,P05839,75,test
D05840,P05840,92,test
D05841,P05841,373,test
D05842,P05842,374,test
D05843,P05843,375,test
D05844,P05844,376,test
D05845,P05845,377,test
D05846,P05846,9,test
D05847,P05847,378,test
D05848,P05848,145,test
D05849,P05849,379,test
D05850,P05850,380,test
D05851,P05851,308,test
D05852,P05852,334,test
D05853,P05853,381,test
D05854,P05854,158,test
D05855,P05855,287,test
D05856,P05856,382,test
D05857,P05857,10,test
D05858,P05858,383,test
D05859,P05859,384,test
D05860,P05860,385,test
D05861,P05861,386,test
D05862,P05862,387,test
D05863,P05863,388,test
D05864,P05864,389,test
D05865,P05865,390,test
D05866,P05866,10,test
D05867,P05867,391,test
D05868,P05868,217,test
D05869,P05869,392,test
D05870,P05870,161,test
D05871,P05871,10,test
D05872,P05872,393,test
D05873,P05873,394,test
D05874,P05874,10,test
D05875,P05875,10,test
D05876,P05876,395,test
D05877,P05877,396,test
D05878,P05878,397,test
D05879,P05879,398,test
D05880,P05880,399,test
D05881,P05881,400,test
D05882,P05882,323,test
D05883,P05883,401,test
D05884,P05884,254,test
D05885,P05885,402,test
D05886,P05886,403,test
D05887,P05887,404,test
D05888,P05888,151,test
D05889,P05889,405,test
D05890,P05890,406,test
D05891,P05891,407,test
D05892,P05892,408,test
D05893,P05893,409,test
D05894,P05894,410,test
D05895,P05895,132,test
D05896,P05896,411,test
D05897,P05897,412,test
D05898,P05898,413,test
D05899,P05899,414,test
D05900,P05900,102,test
D05901,P05901,351,test
D05902,P05902,13,test
D05903,P05903,415,test
D05904,P05904,29,test
D05905,P05905,416,test
D05906,P05906,6,test
D05907,P05907,417,test
D05908,P05908,418,test
D05909,P05909,419,test
D05910,P05910,420,test
D05911,P05911,421,test
D05912,P05912,422,test
D05913,P05913,423,test
D05914,P05914,424,test
D05915,P05915,425,test
D05916,P05916,426,test
D05917,P05917,427,test
D05918,P05918,287,test
D05919,P05919,428,test
D05920,P05920,429,test
D05921,P05921,430,test
D05922,P05922,310,test
D05923,P05923,196,test
D05924,P05924,419,test
D05925,P05925,431,test
D05926,P05926,175,test
D05927,P05927,13,test
D05928,P05928,432,test
D05929,P05929,433,test
D05930,P05930,13,test
D05931,P05931,434,test
D05932,P05932,61,test
D05933,P05933,365,test
D05934,P05934,435,test
D05935,P05935,436,test
D05936,P05936,437,test
D05937,P05937,78,test
D05938,P05938,82,test
D05939,P05939,438,test
D05940,P05940,439,test
D05941,P05941,440,test
D05942,P05942,441,test
D05943,P05943,13,test
D05944,P05944,442,test
D05945,P05945,443,test
D05946,P05946,367,test
D05947,P05947,444,test
D05948,P05948,445,test
D05949,P05949,446,test
D05950,P05950,447,test
D05951,P05951,448,test
D05952,P05952,449,test
D05953,P05953,65,test
D05954,P05954,74,test
D05955,P05955,148,test
D05956,P05956,161,test
D05957,P05957,29,test
D05958,P05958,450,test
D05959,P05959,392,test
D05960,P05960,451,test
D05961,P05961,13,test
D05962,P05962,452,test
D05963,P05963,453,test
D05964,P05964,241,test
D05965,P05965,454,test
D05966,P05966,455,test
D05967,P05967,456,test
D05968,P05968,457,test
D05969,P05969,458,test
D05970,P05970,459,test
D05971,P05971,460,test
D05972,P05972,461,test
D05973,P05973,23,test
D05974,P05974,462,test
D05975,P05975,463,test
D05976,P05976,464,test
D05977,P05977,141,test
D05978,P05978,465,test
D05979,P05979,9,test
D05980,P05980,466,test
D05981,P05981,467,test
D05982,P05982,468,test
D05983,P05983,469,test
D05984,P05984,470,test
D05985,P05985,373,test
D05986,P05986,10,test
D05987,P05987,326,test
D05988,P05988,471,test
D05989,P05989,472,test
D05990,P05990,10,test
D05991,P05991,473,test
D05992,P05992,474,test
D05993,P05993,158,test
D05994,P05994,475,test
D05995,P05995,476,test
D05996,P05996,224,test
D05997,P05997,477,test
D05998,P05998,10,test
D05999,P05999,478,test
D06000,P06000,479,test
D06001,P06001,480,test
D06002,P06002,481,test
D06003,P06003,9,test
D06004,P06004,10,test
D06005,P06005,482,test
D06006,P06006,483,test
D06007,P06007,107,test
D06008,P06008,484,test
D06009,P06009,485,test
D06010,P06010,82,test
D06011,P06011,486,test
D06012,P06012,487,test
D06013,P06013,488,test
D06014,P06014,489,test
D06015,P06015,490,test
D06016,P06016,491,test
D06017,P06017,492,test
D06018,P06018,13,test
D06019,P06019,411,test
D06020,P06020,493,test
D06021,P06021,352,test
D06022,P06022,494,test
D06023,P06023,495,test
D06024,P06024,496,test
D06025,P06025,497,test
D06026,P06026,345,test
D06027,P06027,498,test
D06028,P06028,499,test
D06029,P06029,500,test
D06030,P06030,436,test
D06031,P06031,232,test
D06032,P06032,501,test
D06033,P06033,10,test
D06034,P06034,502,test
D06035,P06035,503,test
D06036,P06036,504,test
D06037,P06037,75,test
D06038,P06038,159,test
D06039,P06039,505,test
D06040,P06040,506,test
D06041,P06041,507,test
D06042,P06042,508,test
D06043,P06043,509,test
D06044,P06044,510,test
D06045,P06045,10,test
D06046,P06046,511,test
D06047,P06047,512,test
D06048,P06048,513,test
D06049,P06049,514,test
D06050,P06050,515,test
D06051,P06051,516,test
D06052,P06052,517,test
D06053,P06053,518,test
D06054,P06054,519,test
D06055,P06055,520,test
D06056,P06056,9,test
D06057,P06057,smiles,val
D06058,P06058,0,val
D06059,P06059,1,val
D06060,P06060,2,val
D06061,P06061,3,val
D06062,P06062,4,val
D06063,P06063,5,val
D06064,P06064,6,val
D06065,P06065,7,val
D06066,P06066,8,val
D06067,P06067,9,val
D06068,P06068,10,val
D06069,P06069,11,val
D06070,P06070,12,val
D06071,P06071,13,val
D06072,P06072,14,val
D06073,P06073,15,val
D06074,P06074,16,val
D06075,P06075,17,val
D06076,P06076,18,val
D06077,P06077,19,val
D06078,P06078,20,val
D06079,P06079,21,val
D06080,P06080,22,val
D06081,P06081,23,val
D06082,P06082,24,val
D06083,P06083,25,val
D06084,P06084,26,val
D06085,P06085,27,val
D06086,P06086,6,val
D06087,P06087,28,val
D06088,P06088,29,val
D06089,P06089,30,val
D06090,P06090,31,val
D06091,P06091,32,val
D06092,P06092,33,val
D06093,P06093,34,val
D06094,P06094,35,val
D06095,P06095,36,val
D06096,P06096,37,val
D06097,P06097,38,val
D06098,P06098,39,val
D06099,P06099,40,val
D06100,P06100,34,val
D06101,P06101,41,val
D06102,P06102,42,val
D06103,P06103,43,val
D06104,P06104,44,val
D06105,P06105,45,val
D06106,P06106,46,val
D06107,P06107,47,val
D06108,P06108,16,val
D06109,P06109,48,val
D06110,P06110,49,val
D06111,P06111,50,val
D06112,P06112,51,val
D06113,P06113,52,val
D06114,P06114,53,val
D06115,P06115,54,val
D06116,P06116,55,val
D06117,P06117,56,val
D06118,P06118,57,val
D06119,P06119,33,val
D06120,P06120,58,val
D06121,P06121,59,val
D06122,P06122,60,val
D06123,P06123,61,val
D06124,P06124,62,val
D06125,P06125,63,val
D06126,P06126,64,val
D06127,P06127,65,val
D06128,P06128,66,val
D06129,P06129,67,val
D06130,P06130,68,val
D06131,P06131,69,val
D06132,P06132,70,val
D06133,P06133,71,val
D06134,P06134,72,val
D06135,P06135,73,val
D06136,P06136,74,val
D06137,P06137,75,val
D06138,P06138,76,val
D06139,P06139,77,val
D06140,P06140,78,val
D06141,P06141,79,val
D06142,P06142,80,val
D06143,P06143,72,val
D06144,P06144,81,val
D06145,P06145,82,val
D06146,P06146,83,val
D06147,P06147,84,val
D06148,P06148,85,val
D06149,P06149,86,val
D06150,P06150,87,val
D06151,P06151,63,val
D06152,P06152,88,val
D06153,P06153,89,val
D06154,P06154,33,val
D06155,P06155,90,val
D06156,P06156,91,val
D06157,P06157,92,val
D06158,P06158,93,val
D06159,P06159,94,val
D06160,P06160,95,val
D06161,P06161,96,val
D06162,P06162,29,val
D06163,P06163,97,val
D06164,P06164,98,val
D06165,P06165,16,val
D06166,P06166,99,val
D06167,P06167,100,val
D06168,P06168,101,val
D06169,P06169,102,val
D06170,P06170,103,val
D06171,P06171,104,val
D06172,P06172,105,val
D06173,P06173,106,val
D06174,P06174,107,val
D06175,P06175,108,val
D06176,P06176,109,val
D06177,P06177,110,val
D06178,P06178,111,val
D06179,P06179,112,val
D06180,P06180,113,val
D06181,P06181,114,val
D06182,P06182,115,val
D06183,P06183,116,val
D06184,P06184,33,val
D06185,P06185,6,val
D06186,P06186,117,val
D06187,P06187,118,val
D06188,P06188,119,val
D06189,P06189,120,val
D06190,P06190,121,val
D06191,P06191,122,val
D06192,P06192,123,val
D06193,P06193,124,val
D06194,P06194,125,val
D06195,P06195,6,val
D06196,P06196,126,val
D06197,P06197,110,val
D06198,P06198,87,val
D06199,P06199,127,val
D06200,P06200,128,val
D06201,P06201,129,val
D06202,P06202,130,val
D06203,P06203,131,val
D06204,P06204,132,val
D06205,P06205,133,val
D06206,P06206,134,val
D06207,P06207,34,val
D06208,P06208,135,val
D06209,P06209,136,val
D06210,P06210,137,val
D06211,P06211,138,val
D06212,P06212,139,val
D06213,P06213,140,val
D06214,P06214,141,val
D06215,P06215,142,val
D06216,P06216,33,val
D06217,P06217,143,val
D06218,P06218,144,val
D06219,P06219,145,val
D06220,P06220,146,val
D06221,P06221,147,val
D06222,P06222,148,val
D06223,P06223,6,val
D06224,P06224,149,val
D06225,P06225,33,val
D06226,P06226,150,val
D06227,P06227,151,val
D06228,P06228,152,val
D06229,P06229,153,val
D06230,P06230,154,val
D06231,P06231,155,val
D06232,P06232,156,val
D06233,P06233,29,val
D06234,P06234,157,val
D06235,P06235,158,val
D06236,P06236,159,val
D06237,P06237,160,val
D06238,P06238,161,val
D06239,P06239,162,val
D06240,P06240,163,val
D06241,P06241,12,val
D06242,P06242,164,val
D06243,P06243,165,val
D06244,P06244,166,val
D06245,P06245,107,val
D06246,P06246,167,val
D06247,P06247,168,val
D06248,P06248,169,val
D06249,P06249,170,val
D06250,P06250,171,val
D06251,P06251,172,val
D06252,P06252,148,val
D06253,P06253,173,val
D06254,P06254,174,val
D06255,P06255,175,val
D06256,P06256,137,val
D06257,P06257,86,val
D06258,P06258,137,val
D06259,P06259,176,val
D06260,P06260,177,val
D06261,P06261,26,val
D06262,P06262,178,val
D06263,P06263,12,val
D06264,P06264,179,val
D06265,P06265,180,val
D06266,P06266,33,val
D06267,P06267,181,val
D06268,P06268,182,val
D06269,P06269,183,val
D06270,P06270,184,val
D06271,P06271,185,val
D06272,P06272,33,val
D06273,P06273,186,val
D06274,P06274,6,val
D06275,P06275,187,val
D06276,P06276,188,val
D06277,P06277,189,val
D06278,P06278,190,val
D06279,P06279,169,val
D06280,P06280,191,val
D06281,P06281,192,val
D06282,P06282,193,val
D06283,P06283,194,val
D06284,P06284,195,val
D06285,P06285,196,val
D06286,P06286,197,val
D06287,P06287,198,val
D06288,P06288,199,val
D06289,P06289,34,val
D06290,P06290,200,val
D06291,P06291,201,val
D06292,P06292,202,val
D06293,P06293,148,val
D06294,P06294,203,val
D06295,P06295,204,val
D06296,P06296,205,val
D06297,P06297,206,val
D06298,P06298,207,val
D06299,P06299,208,val
D06300,P06300,209,val
D06301,P06301,210,val
D06302,P06302,211,val
D06303,P06303,72,val
D06304,P06304,49,val
D06305,P06305,212,val
D06306,P06306,135,val
D06307,P06307,213,val
D06308,P06308,214,val
D06309,P06309,215,val
D06310,P06310,216,val
D06311,P06311,217,val
D06312,P06312,218,val
D06313,P06313,6,val
D06314,P06314,219,val
D06315,P06315,220,val
D06316,P06316,221,val
D06317,P06317,222,val
D06318,P06318,223,val
D06319,P06319,224,val
D06320,P06320,225,val
D06321,P06321,226,val
D06322,P06322,227,val
D06323,P06323,228,val
D06324,P06324,229,val
D06325,P06325,230,val
D06326,P06326,231,val
D06327,P06327,232,val
D06328,P06328,233,val
D06329,P06329,234,val
D06330,P06330,235,val
D06331,P06331,236,val
D06332,P06332,10,val
D06333,P06333,237,val
D06334,P06334,238,val
D06335,P06335,239,val
D06336,P06336,240,val
D06337,P06337,241,val
D06338,P06338,242,val
D06339,P06339,243,val
D06340,P06340,244,val
D06341,P06341,245,val
D06342,P06342,34,val
D06343,P06343,6,val
D06344,P06344,246,val
D06345,P06345,247,val
D06346,P06346,248,val
D06347,P06347,249,val
D06348,P06348,250,val
D06349,P06349,251,val
D06350,P06350,252,val
D06351,P06351,253,val
D06352,P06352,34,val
D06353,P06353,254,val
D06354,P06354,160,val
D06355,P06355,89,val
D06356,P06356,34,val
D06357,P06357,6,val
D06358,P06358,255,val
D06359,P06359,256,val
D06360,P06360,257,val
D06361,P06361,258,val
D06362,P06362,259,val
D06363,P06363,260,val
D06364,P06364,29,val
D06365,P06365,261,val
D06366,P06366,216,val
D06367,P06367,262,val
D06368,P06368,263,val
D06369,P06369,264,val
D06370,P06370,72,val
D06371,P06371,265,val
D06372,P06372,258,val
D06373,P06373,266,val
D06374,P06374,248,val
D06375,P06375,267,val
D06376,P06376,151,val
D06377,P06377,134,val
D06378,P06378,268,val
D06379,P06379,100,val
D06380,P06380,269,val
D06381,P06381,270,val
D06382,P06382,271,val
D06383,P06383,272,val
D06384,P06384,239,val
D06385,P06385,273,val
D06386,P06386,34,val
D06387,P06387,6,val
D06388,P06388,274,val
D06389,P06389,275,val
D06390,P06390,34,val
D06391,P06391,34,val
D06392,P06392,276,val
D06393,P06393,239,val
D06394,P06394,277,val
D06395,P06395,278,val
D06396,P06396,279,val
D06397,P06397,280,val
D06398,P06398,51,val
D06399,P06399,281,val
D06400,P06400,282,val
D06401,P06401,283,val
D06402,P06402,110,val
D06403,P06403,284,val
D06404,P06404,33,val
D06405,P06405,285,val
D06406,P06406,286,val
D06407,P06407,287,val
D06408,P06408,288,val
D06409,P06409,289,val
D06410,P06410,290,val
D06411,P06411,6,val
D06412,P06412,291,val
D06413,P06413,292,val
D06414,P06414,34,val
D06415,P06415,293,val
D06416,P06416,98,val
D06417,P06417,294,val
D06418,P06418,295,val
D06419,P06419,296,val
D06420,P06420,297,val
D06421,P06421,298,val
D06422,P06422,299,val
D06423,P06423,300,val
D06424,P06424,301,val
D06425,P06425,223,val
D06426,P06426,302,val
D06427,P06427,303,val
D06428,P06428,304,val
D06429,P06429,305,val
D06430,P06430,163,val
D06431,P06431,306,val
D06432,P06432,307,val
D06433,P06433,308,val
D06434,P06434,309,val
D06435,P06435,34,val
D06436,P06436,310,val
D06437,P06437,311,val
D06438,P06438,312,val
D06439,P06439,313,val
D06440,P06440,314,val
D06441,P06441,33,val
D06442,P06442,172,val
D06443,P06443,6,val
D06444,P06444,128,val
D06445,P06445,193,val
D06446,P06446,77,val
D06447,P06447,34,val
D06448,P06448,315,val
D06449,P06449,316,val
D06450,P06450,317,val
D06451,P06451,318,val
D06452,P06452,319,val
D06453,P06453,168,val
D06454,P06454,320,val
D06455,P06455,321,val
D06456,P06456,4,val
D06457,P06457,322,val
D06458,P06458,323,val
D06459,P06459,324,val
D06460,P06460,325,val
D06461,P06461,41,val
D06462,P06462,34,val
D06463,P06463,266,val
D06464,P06464,326,val
D06465,P06465,327,val
D06466,P06466,328,val
D06467,P06467,329,val
D06468,P06468,330,val
D06469,P06469,331,val
D06470,P06470,332,val
D06471,P06471,333,val
D06472,P06472,334,val
D06473,P06473,335,val
D06474,P06474,336,val
D06475,P06475,337,val
D06476,P06476,338,val
D06477,P06477,113,val
D06478,P06478,339,val
D06479,P06479,340,val
D06480,P06480,341,val
D06481,P06481,342,val
D06482,P06482,343,val
D06483,P06483,287,val
D06484,P06484,344,val
D06485,P06485,345,val
D06486,P06486,346,val
D06487,P06487,11,val
D06488,P06488,6,val
D06489,P06489,16,val
D06490,P06490,309,val
D06491,P06491,347,val
D06492,P06492,348,val
D06493,P06493,349,val
D06494,P06494,350,val
D06495,P06495,128,val
D06496,P06496,351,val
D06497,P06497,128,val
D06498,P06498,352,val
D06499,P06499,6,val
D06500,P06500,264,val
D06501,P06501,353,val
D06502,P06502,354,val
D06503,P06503,29,val
D06504,P06504,355,val
D06505,P06505,6,val
D06506,P06506,6,val
D06507,P06507,137,val
D06508,P06508,356,val
D06509,P06509,321,val
D06510,P06510,357,val
D06511,P06511,55,val
D06512,P06512,358,val
D06513,P06513,10,val
D06514,P06514,359,val
D06515,P06515,360,val
D06516,P06516,201,val
D06517,P06517,161,val
D06518,P06518,361,val
D06519,P06519,362,val
D06520,P06520,33,val
D06521,P06521,363,val
D06522,P06522,128,val
D06523,P06523,112,val
D06524,P06524,364,val
D06525,P06525,363,val
D06526,P06526,29,val
D06527,P06527,314,val
D06528,P06528,365,val
D06529,P06529,150,val
D06530,P06530,366,val
D06531,P06531,34,val
D06532,P06532,367,val
D06533,P06533,368,val
D06534,P06534,369,val
D06535,P06535,370,val
D06536,P06536,371,val
D06537,P06537,372,val
D06538,P06538,373,val
D06539,P06539,374,val
D06540,P06540,287,val
D06541,P06541,375,val
D06542,P06542,376,val
D06543,P06543,29,val
D06544,P06544,377,val
D06545,P06545,378,val
D06546,P06546,379,val
D06547,P06547,380,val
D06548,P06548,34,val
D06549,P06549,381,val
D06550,P06550,382,val
D06551,P06551,98,val
D06552,P06552,383,val
D06553,P06553,384,val
D06554,P06554,385,val
D06555,P06555,6,val
D06556,P06556,386,val
D06557,P06557,100,val
D06558,P06558,387,val
D06559,P06559,388,val
D06560,P06560,389,val
D06561,P06561,390,val
D06562,P06562,391,val
D06563,P06563,34,val
D06564,P06564,392,val
D06565,P06565,393,val
D06566,P06566,394,val
D06567,P06567,395,val
D06568,P06568,0,val
D06569,P06569,396,val
D06570,P06570,6,val
D06571,P06571,397,val
D06572,P06572,398,val
D06573,P06573,399,val
D06574,P06574,400,val
D06575,P06575,128,val
D06576,P06576,197,val
D06577,P06577,401,val
D06578,P06578,402,val
D06579,P06579,403,val
D06580,P06580,6,val
D06581,P06581,404,val
D06582,P06582,405,val
D06583,P06583,406,val
D06584,P06584,407,val
D06585,P06585,408,val
D06586,P06586,371,val
D06587,P06587,409,val
D06588,P06588,410,val
D06589,P06589,46,val
D06590,P06590,411,val
D06591,P06591,128,val
D06592,P06592,412,val
D06593,P06593,413,val
D06594,P06594,414,val
D06595,P06595,415,val
D06596,P06596,33,val
D06597,P06597,137,val
D06598,P06598,416,val
D06599,P06599,417,val
D06600,P06600,418,val
D06601,P06601,419,val
D06602,P06602,420,val
D06603,P06603,421,val
D06604,P06604,90,val
D06605,P06605,422,val
D06606,P06606,423,val
D06607,P06607,33,val
D06608,P06608,424,val
D06609,P06609,425,val
D06610,P06610,426,val
D06611,P06611,427,val
D06612,P06612,428,val
D06613,P06613,266,val
D06614,P06614,429,val
D06615,P06615,430,val
D06616,P06616,34,val
D06617,P06617,431,val
D06618,P06618,432,val
D06619,P06619,433,val
D06620,P06620,434,val
D06621,P06621,407,val
D06622,P06622,435,val
D06623,P06623,436,val
D06624,P06624,437,val
D06625,P06625,438,val
D06626,P06626,33,val
D06627,P06627,439,val
D06628,P06628,287,val
D06629,P06629,440,val
D06630,P06630,89,val
D06631,P06631,441,val
D06632,P06632,320,val
D06633,P06633,442,val
D06634,P06634,320,val
D06635,P06635,6,val
D06636,P06636,443,val
D06637,P06637,311,val
D06638,P06638,444,val
D06639,P06639,445,val
D06640,P06640,446,val
D06641,P06641,433,val
D06642,P06642,447,val
D06643,P06643,448,val
D06644,P06644,449,val
D06645,P06645,450,val
D06646,P06646,451,val
D06647,P06647,34,val
D06648,P06648,452,val
D06649,P06649,453,val
D06650,P06650,454,val
D06651,P06651,33,val
D06652,P06652,455,val
D06653,P06653,456,val
D06654,P06654,29,val
D06655,P06655,457,val
D06656,P06656,458,val
D06657,P06657,459,val
D06658,P06658,460,val
D06659,P06659,461,val
D06660,P06660,162,val
D06661,P06661,378,val
D06662,P06662,462,val
D06663,P06663,463,val
D06664,P06664,464,val
D06665,P06665,465,val
D06666,P06666,466,val
D06667,P06667,211,val
D06668,P06668,467,val
D06669,P06669,34,val
D06670,P06670,422,val
D06671,P06671,16,val
D06672,P06672,264,val
D06673,P06673,55,val
D06674,P06674,468,val
D06675,P06675,6,val
D06676,P06676,469,val
D06677,P06677,470,val
D06678,P06678,236,val
D06679,P06679,33,val
D06680,P06680,471,val
D06681,P06681,388,val
D06682,P06682,472,val
D06683,P06683,89,val
D06684,P06684,473,val
D06685,P06685,6,val
D06686,P06686,474,val
D06687,P06687,475,val
D06688,P06688,476,val
D06689,P06689,477,val
D06690,P06690,478,val
D06691,P06691,479,val
D06692,P06692,480,val
D06693,P06693,481,val
D06694,P06694,482,val
D06695,P06695,483,val
D06696,P06696,484,val
D06697,P06697,52,val
D06698,P06698,485,val
D06699,P06699,486,val
D06700,P06700,180,val
D06701,P06701,487,val
D06702,P06702,28,val
D06703,P06703,488,val
D06704,P06704,489,val
D06705,P06705,490,val
D06706,P06706,491,val
D06707,P06707,33,val
D06708,P06708,492,val
D06709,P06709,493,val
D06710,P06710,282,val
D06711,P06711,494,val
D06712,P06712,98,val
D06713,P06713,495,val
D06714,P06714,496,val
D06715,P06715,497,val
D06716,P06716,498,val
D06717,P06717,499,val
D06718,P06718,6,val
D06719,P06719,500,val
D06720,P06720,298,val
D06721,P06721,501,val
D06722,P06722,502,val
D06723,P06723,503,val
D06724,P06724,6,val
D06725,P06725,504,val
D06726,P06726,505,val
D06727,P06727,506,val
D06728,P06728,507,val
D06729,P06729,508,val
D06730,P06730,34,val
