drug_id,smiles
D00000,CCCCC[C@@H](/C=C/[C@H]1[C@H]2C[C@@H]([C@@H]1C/C=C\CCCC(=O)O)OO2)OO
D00001,C1CCN(CC1)CCOC2=CC=C(C=C2)C3=CN4C(=C(C=N4)C5=CC=NC=C5)N=C3
D00002,C1=CC2=C(NOC2=CC1=O)C3=CC(=C(C=C3O)O)Br
D00003,CCCCCCCC/C=C\CCCCCCCC(=O)OC[C@H](COP(=O)(O)OCCN)OC(=O)CCCCCCC/C=C\CCCCCCCC
D00004,C[C@]12C[C@@H]([C@H]3[C@H]([C@@H]1C[C@@H]4[C@]2(OC(O4)(C)C)C(=O)CO)C[C@@H](C5=CC(=O)C=C[C@]35C)F)O
D00005,C#C[C@H]1CC[C@H](N1C(=O)[C@H](C2CCCC2)N)CN
D00006,C(CC(=O)N[C@@H](CS)C(=O)NCC(=O)O)[C@@H](C(=O)O)N
D00007,CC\1CCC(C/C1=C/C=C/2\CCCC3(C2CCC3C(C)/C=C/C(C)C(C)C)C)O
D00008,CCCN1C(=NC(=C1C2=NC(=NC=C2)NC3CCCCC3)C4=CC(=C(C=C4)Cl)Cl)C5CCNCC5
D00009,[Zn]
D00010,[Mg+2]
D00011,C1=CC(=C[N+](=C1)C2C(C(C(O2)COP(=O)([O-])OP(=O)(O)OCC3C(C(C(O3)N4C=NC5=C4N=CN=C5N)O)O)O)O)C(=O)N
D00012,C1=CC(=C(C=C1[C@@H]([C@H](C(=O)O)N)O)O)O
D00013,C(C(CO)O)O
D00014,C[NH2+]CC[C@@H](C1=CC=CC=C1)OC2=CC=C(C=C2)C(F)(F)F
D00015,CCC[C@@H](C)[C@H]1CC[C@@H]2[C@@]1([C@H](C[C@H]3[C@H]2[C@@H](C[C@H]4[C@@]3(CC[C@H](C4)OCCO[C@H]5[C@@H]([C@H]([C@@H]([C@H](O5)CO)O[C@@H]6[C@@H]([C@H]([C@@H]([C@H](O6)CO)O)O)O)O)O)C)OCCO[C@H]7[C@@H]([C@H]([C@@H]([C@H](O7)CO)O)O)O)OCCO[C@H]8[C@@H]([C@H]([C@@H]([C@H](O8)CO)O)O)O)C
D00016,CCCC1=NC2=C(C=C(C=C2N1CC3=CC=C(C=C3)C4=CC=CC=C4C(=O)O)C5=NC6=CC=CC=C6N5C)C
D00017,C1=CC(=CC=C1C[C@@H](C(=O)NS(=O)(=O)OC[C@@H]2[C@H]([C@H]([C@@H](O2)N3C=NC4=C3N=CN=C4N)O)O)N)O
D00018,C1=CC=C(C=C1)CNC2=C(N=CC=C2)N
D00019,C=O.C(=O)(N)N
D00020,C(C(C(=O)O)F)[NH3+].[Cl-]
D00021,C1=CC=C(C=C1)CNC2=NC=NC3=C2N=CN3C4C(C(C(O4)CO)O)O
D00022,C1=NC2=C(N1)C(N=CN2)S.C1=NC2=C(N1)C(N=CN2)S.C1=NC2=C(N1)C(N=CN2)S.[Pd]
D00023,CC1C(C(C(C(O1)CO)OC2C(C(C(C(O2)COC3C(C(C(C(O3)CO)OC)O)O)OC4C(C(C(C(O4)CO)OC)O)OCC(C)(CO)O)O)O)O)O
D00024,CC(C)COP(=O)(O)OP(=O)(O)OC[C@@H]1[C@H]([C@H]([C@@H](O1)N2C=NC3=C2N=CN=C3N)O)OP(=O)(O)O
D00025,OP([O-])[O-].[Zn+2]
D00026,CCC(C)C(C(=O)NC(CC1=CNC2=CC=CC=C21)C(=O)O)NC(=O)C(C(C)C)NC(=O)C(CC(=O)O)NC(=O)C(CCC(=O)N)NC(=O)C(CC3=CN=CN3)NC(=O)C4CSSCC(C(=O)NC(C(=O)NC5CSSCC(C(=O)NC(C(=O)NC(C(=O)NC(C(=O)N4)CC6=CC=CC=C6)CC(=O)N)CC(C)C)NC(=O)C(NC(=O)C(NC(=O)C(NC(=O)C(NC(=O)C(NC(=O)C(NC(=O)C(NC5=O)CC(=O)N)CC(=O)O)CCSC)C(C)O)CC(=O)O)CCC(=O)O)CCC(=O)O)C(C)O)N
D00027,CCN(CC)C(=O)N[C@@H]1CN([C@@H]2CC3=CNC4=CC=CC(=C34)C2=C1)C
D00028,[78Se]
D00029,CN1C2=NC(=NC=C2C=C(C1=O)C3=C(C=CC=C3Cl)Cl)NC4=CC(=CC=C4)SC
D00030,C[C@H](C1=CC(=NO1)[O-])[NH3+]
D00031,CCN1CCC[C@H]1CNC(=O)C2=C(C=CC(=C2OC)Br)OC
D00032,CC(=O)[C@H]1CCC2[C@@]1(CCC3C2CC[C@@H]4[C@@]3(CC[C@@](C4)(CC#C)O)C)C
D00033,CC(=O)[O-].CC(=O)[O-].O.O.O.[Pb+2]
D00034,CC1=C(C(=O)N2CCCCC2=N1)CCN3CCC(CC3)C4=NOC5=C4C=CC(=C5)F
D00035,C[C@]12CC[C@H]3[C@H]([C@@H]1CC[C@@H]2O)CCC4=CC(=O)CC[C@H]34
D00036,C[C@@H]([C@H]1CCC2[C@@]1(CC[C@H]3[C@H]2CC(=O)[C@@H]4[C@@]3(C[C@H]([C@H](C4)O)O)C)C)[C@H]([C@@H]([C@@H](C)C(C)C)O)O
D00037,CCCN1C[C@@H](C[C@H]2[C@H]1CC3=CNC4=CC=CC2=C34)CSC
D00038,C1=COC(=C1)CNC2=NC=NC3=C2N=CN3C4[C@@H]([C@@H]([C@H](O4)CO)O)O
D00039,C1=CC=C(C=C1)CNC2=CC=CC(=C2)C3=C(C(=C(S3)C(=O)O)OCC(=O)O)Br
D00040,C[S+](C)CCC(C(=O)O)N
D00041,CN(C)CCCN1C2=CC=CC=C2SC3=CC=CC=C31
D00042,COC1=CC\2=C(C=C1)NC(=O)/C2=C\C3=CN=CN3
D00043,C(=O)=O.N#N.O=O.[Ar]
D00044,CCOC1=NC2=CC=CC(=C2N1CC3=CC=C(C=C3)C4=CC=CC=C4C5=NNN=N5)C(=O)O
D00045,C1[C@H](O[C@H]([C@H]1F)N2C=NC3=C2N=CN=C3N)CO
D00046,CN1C2=C(N=CC(=C2)C3=CC=CC=C3)N=C1N
D00047,C[C@@]12CCC[C@@]([C@H]1CC[C@]34[C@H]2CC[C@](C3)(C(=C)C4)O[C@H]5[C@@H]([C@H]([C@@H]([C@H](O5)CO)O)O)O[C@H]6[C@@H]([C@H]([C@@H]([C@H](O6)CO)O)O)O)(C)C(=O)O[C@H]7[C@@H]([C@H]([C@@H]([C@H](O7)CO)O)O)O
D00048,C(CN)C(C(=O)O)N
D00049,CCCCCCCCCCCCCCCCCC(=O)OC[C@H](COP(=O)(O)OCC(COP(=O)(O)OC[C@@H](COC(=O)CCCCCCCCCCCCCCCCC)OC(=O)CCCCCCCCCCCCCCCCC)O)OC(=O)CCCCCCCCCCCCCCCCC
D00050,CC(=CCC/C(=C\CC/C(=C\CO)/C)/C)C
D00051,C(=O)([O-])[O-].[Ag+].[Ag+]
D00052,CN1CCN(CC1)C2=NC3=CC=CC=C3OC4=C2C=C(C=C4)Cl
D00053,CC1=CC(=O)C[C@H]2[C@]1([C@H]3CC[C@]4([C@H]([C@@H]3CC2)CC[C@@H]4O)C)C
D00054,C1=CC(=CC(=C1)Cl)CNCCC2=CC=C(C=C2)N=C(C3=CC=CS3)N
D00055,CC(C)NCC(COC1=CC=CC2=CC=CC=C21)O
D00056,C1=NC2=C(C(=N1)N)N=CN2[C@H]3[C@@H]([C@@H]([C@H](O3)COP(=O)(O)OP(=O)(O)OP(=O)(O)OP(=O)(O)O)O)O
D00057,C(CC(=O)O)C(C(=O)O)N
D00058,[113In]
D00059,CC(C)[C@@H](C(=O)NS(=O)(=O)OC[C@@H]1[C@H]([C@H]([C@@H](O1)N2C=NC3=C2N=CN=C3N)O)O)N
D00060,C1[C@@H]([C@H]([C@@H]([C@@H](N1)CO)O)O)O
D00061,CC1=C(C(=CC=C1)Cl)NC(=O)C2=CN=C(S2)NC3=NC(=NC(=C3)N4CCN(CC4)CCO)C
D00062,C1CCC(C1)NC2=NC=NC3=C2N=CN3[C@H]4C([C@H]([C@H](O4)CO)O)O
D00063,C[C@@H](CO)O
D00064,[56Fe]
D00065,C1=NC2=C(C(=N1)N)N=CN2[C@H]3[C@@H]([C@@H]([C@H](O3)COP(=O)(O)OP(=O)(O)OP(=O)(O)O)O)O
D00066,C[N+](C)(C)CCOC(=O)CCC(=O)OCC[N+](C)(C)C
D00067,CN(C)C1=CC=C(C=C1)C2=C(N=CN=C2N)C#CC3=CN=C(C=C3)N4CCOCC4
D00068,CN(C)C=O
D00069,CSCCC(N)[P+](=O)O
D00070,C1=NC2=C(C(=N1)N)N=CN2[C@H]3[C@@H]([C@@H]([C@H](O3)CO)O)O
D00071,C[C@@H]([C@H]1CC[C@@H]2[C@@]1(CC[C@H]3[C@H]2CCC4=CC(=O)CC[C@]34C)C)O
D00072,C([C@@H]1[C@H]([C@@H]([C@H]([C@@H](O1)OC[C@@H]2[C@H]([C@@H]([C@H]([C@@H](O2)OC[C@@H]3[C@H]([C@@H]([C@H]([C@@H](O3)O)O)O)O)O)O)O)O)O)O)O
D00073,C1=CC=C(C=C1)C(=O)NC2=NNC3=C2C=C(C=C3)NC(=O)[C@@H](CCN)C4=CC(=CC=C4)Cl
D00074,CC1=CC2=C(C=C1C)N(C3=NC(=O)NC(=O)C3=N2)C[C@@H]([C@@H]([C@@H](COP(=O)(O)OP(=O)(O)OC[C@@H]4[C@H]([C@H]([C@@H](O4)N5C=NC6=C5N=CN=C6N)O)O)O)O)O
D00075,C1=CC(=CC=C1C[C@@H](C(=O)O)N)OP(=O)(O)O
D00076,CC#CCOC1=CC=C(C=C1)S(=O)(=O)CCCS
D00077,[O-2].[O-2].[O-2].[In+3].[In+3]
D00078,CC(C)CN(CC(=O)NO)S(=O)(=O)C1=CC=C(C=C1)OC
D00079,C[C@]12CCC(=O)C=C1CC[C@@H]3[C@@H]2[C@H](C[C@]4([C@H]3CC[C@@H]4C(=O)CO)C)O
D00080,C[C@@H]1C/C=C/C=C/[C@@H]([C@@H](C[C@@H]([C@@H]([C@H]([C@@H](CC(=O)O1)OC(=O)C)OC)O[C@H]2[C@@H]([C@H]([C@@H]([C@H](O2)C)O[C@H]3C[C@@]([C@H]([C@@H](O3)C)OC(=O)CC(C)C)(C)O)N(C)C)O)CC=O)C)O
D00081,[16OH2]
D00082,C[C@]12CC[C@H]3[C@@H]([C@@H]1CC[C@@H]2O)CCC4=C3C=CC(=C4)O
D00083,CCC1=C(C(=NC(=N1)N)N)C2=CC3=C(CC[C@H](N3CCCOC)C4=CC=CC=C4)C=C2
D00084,CC[C@H]([C@@H]1[C@H](C[C@H]([C@@]2(O1)C=C[C@H]([C@]3(O2)CC[C@@](O3)(C)[C@H]4CC[C@@]([C@@H](O4)C)(CC)O)O)C)C)C(=O)[C@@H](C)[C@H]([C@H](C)[C@H]5[C@H](CCC(O5)[C@@H](CC)C(=O)O)C)O
D00085,C([C@@H]1[C@H]([C@@H]([C@H]([C@H](O1)O[C@H]([C@@H](CO)O)[C@@H]([C@H](C=O)O)O)O)O)O)O
D00086,CCC1C[C@H]2C3CCC4=CC(=O)CCC4[C@H]3CCC2([C@H]1O)C
D00087,C1[C@@H]([C@H]([C@@H](CN1)O)O)CO
D00088,CC(C)(C)C(C)([C@H]1C[C@@]23CC[C@]1(C4[C@@]25CCN([C@@H]3CC6=C5C(=C(C=C6)O)O4)CC7CC7)OC)O.C=CCN1CC[C@]23[C@@H]4C(=O)CC[C@]2([C@H]1CC5=C3C(=C(C=C5)O)O4)O
D00089,CC(C)N1CCC(CC1)NC(=O)C2=CC3=CC=CC=C3N2CC(=O)NC4=CC=C(C=C4)Cl
D00090,C[C@H](/C=C/C=C(\C)/[C@H]1CN[C@@H]([C@H]1CC(=O)O)C(=O)O)C(=O)O
D00091,C[C@@H](C(=O)O)NC(=O)[C@H](CC1=CC=CC=C1)CC(=O)NO
D00092,C/C(=C\CCC1[C@]2(CCCC(C2CC[C@@]1(C)O)(C)C)C)/CC[C@@H]3C(=C)CCCC3(C)C
D00093,CCCCC1=NC(=C(N1CC2=CC=C(C=C2)C3=CC=CC=C3C4=NNN=N4)CO)Cl
D00094,[F]
D00095,C1=NC2=C(N1[C@H]3[C@@H]([C@@H]([C@H](O3)CO)O)O)N=C(N=C2N)F
D00096,CC(C)N1C=NC2=C1N=C(N=C2NC3=CC(=CC=C3)Cl)NCCO
D00097,[43K]
D00098,CS(=O)C
D00099,CCN(CC)C(=O)[C@H]1CN([C@@H]2CC3=CNC4=CC=CC(=C34)C2=C1)C
D00100,C[C@H]1[C@@H]([C@H]([C@H]([C@H](O1)OP(=O)(N[C@H](CC(C)C)C(=O)N[C@@H](CC2=CNC3=CC=CC=C32)C(=O)O)O)O)O)O
D00101,[C@@H]([C@H](C(=O)[O-])O)(C(=O)[O-])O.[K+].[K+]
D00102,C(C(=O)O)C(=O)O
D00103,C[C@]12CC[C@H]3[C@H]([C@@H]1CC=C2)CCC4=CC(=O)CC[C@]34C
D00104,C[C@H]1[C@H]([C@H]([C@@H]([C@@H](O1)OC)O)O)O
D00105,CN1C(=NC(=O)C(=O)N1)SCC2=C(N3[C@@H]([C@@H](C3=O)NC(=O)/C(=N\OC)/C4=CSC(=N4)N)SC2)C(=O)O
D00106,CCC#N
D00107,C1=CC(=C(C(=C1)F)NC(=S)N2C(=NC(=N2)NC3=CC=C(C=C3)S(=O)(=O)N)N)F
D00108,CC[C@@H]1[C@@]([C@@H]([C@H](C(=O)[C@@H](C[C@@]([C@@H]([C@H]([C@@H]([C@H](C(=O)O1)C)O[C@H]2C[C@@]([C@H]([C@@H](O2)C)O)(C)OC)C)O[C@H]3[C@@H]([C@H](C[C@H](O3)C)N(C)C)OC(=O)CCC(=O)OCC)(C)O)C)C)O)(C)O
D00109,CCC1=CN=C(C(=C1)C(=O)O)C2=NC(C(=O)N2)(C)C(C)C
D00110,CC(CCC(C)O)O
D00111,C[C@H](CC1=CC=CC=C1)NC2=NC=NC3=C2N=CN3C4[C@H]([C@H]([C@H](O4)CO)O)O
D00112,CC(=O)[C@H]1CC[C@@H]2[C@@]1(CC[C@H]3[C@H]2CCC4=CC(=O)CC[C@H]34)C
D00113,[Fe]
D00114,C1CC(=O)N[C@@H]1C(=O)N2CSC[C@H]2C(=O)O
D00115,C[C@]12CCC3C(C1CC[C@]2(C#C)O)CCC4=CC(=C(C=C34)O)O
D00116,CCCCC[C@@H](/C=C/[C@H]1[C@@H](C[C@H]2[C@@H]1CC(=CCCCC(=O)O)O2)O)O
D00117,COC1[C@H]([C@H]([C@@H]([C@H](O1)CO)O)O)O
D00118,CC(C(=O)[O-])[O-].[Na+].[Na+]
D00119,[11B]
D00120,CCCCCC(=O)O[C@@]1(CC[C@@H]2C1(CC[C@H]3C2CCC4=CC(=O)CCC34C)C)C(=O)C
D00121,C[C@@H]1C=C2CC(=O)CC[C@@]2([C@@H]3[C@@H]1[C@@H]4CC[C@@H]([C@]4(CC3)C)O)C
D00122,C[C@H]([C@H](CCC(=O)O)N)O
D00123,C1CC(NC1)C(=O)O
D00124,CC(C)CN1C=NC2=C1C(=O)N(C(=O)N2C)C
D00125,CC1=NC(=NO1)C(CC2=CC=CC=C2)(CC3=CC=C(C=C3)NS(=O)(=O)O)C4=NOC(=N4)C
D00126,C[C@]12CC[C@H]3[C@H]([C@@H]1CC[C@]2(C)O)CCC4=CC(=O)C=C[C@]34C
D00127,CN1C(=O)C=CN(C1=O)[C@H]2[C@@H]([C@@H]([C@H](O2)CO)O)O
D00128,CC(C)(C)C1=NC2=C(N1)C3=C(C=C(C=C3)F)C4=C2C=CNC4=O
D00129,C1=CC=C(C=C1)NC2=NC(=O)C3=C(N2)N(C=N3)CCCCO
D00130,CC(=O)N[C@@H]1[C@H]([C@@H]([C@H](OC1=O)CO)O)O
D00131,CC(C(=O)C1=CC=CC=C1)N
D00132,C1C2=C(C3=CC=CC=C3NC1=O)NC4=C2C=C(C=C4)[N+](=O)[O-]
D00133,CC[C@H](C)[C@@H](C(=O)N1CCC[C@H]1C(=O)O)NC(=O)[C@@H]2[C@H](O2)C(=O)NCC3=CC=CC=C3
D00134,C/C(=C\C=C\C=C(/C)\C=C\C=C(\C)/C=C/C(=O)OC)/C=C/C=C(\C)/C=C/C(=O)O
D00135,C1CN(CCC1N2C3=C(C=C(C=C3)Cl)NC2=O)CCCN4C5=CC=CC=C5NC4=O
D00136,C(CC(=O)N)C(=O)N
D00137,CC/C=C\C/C=C\C/C=C\CCCCCCCCCC(=O)O
D00138,[H-].[Na+]
D00139,CCC(C)C(C(=O)NC(CC1=CN=CN1)C(=O)N2CCCC2C(=O)NC(CC3=CC=CC=C3)C(=O)O)NC(=O)C(CC4=CC=C(C=C4)O)NC(=O)C(C(C)C)NC(=O)C(CCCN=C(N)N)NC(=O)C(CC(=O)O)N
D00140,C1=CC(=CC=C1/C=C/C(=O)O)O
D00141,C(CO)N(CCO)CCS(=O)(=O)O
D00142,CN1CC[C@@H]([C@@H](C1)O)C2=C(C=C(C3=C2OC(=CC3=O)C4=CC=CC=C4Cl)O)O
D00143,C([C@@H]1[C@@H]([C@@H]([C@H]([C@@H](O1)O[C@@H]2[C@H](O[C@@]([C@H]2O)(CO)O)CO)O)O)O)O
D00144,CNS(=O)(=O)C1=CC=C(C=C1)C2=CC=C(O2)/C=C\3/C(=O)N=C(S3)N
D00145,CSCC[C@@H](C(=O)O)NC=O
D00146,C(CC=O)CC=O
D00147,C[C@H]1CC[C@]2(C[C@@H]3C[C@H](O2)C/C=C(/C[C@H](/C=C/C=C/4\CO[C@H]5[C@@]4([C@@H](C=C([C@H]5O)C)C(=O)O3)O)C)\C)O[C@@H]1C(C)C
D00148,CN1C2=C(C(=O)N(C1=O)C)NC(=N2)C(CN)N
D00149,C[N+](C)(C)C.OP(=O)(O)[O-]
D00150,[125Sb]
D00151,CC/C(=C(/C1=CC=CC=C1)\C2=CC=C(C=C2)OCCN(C)C)/C3=CC=CC=C3
D00152,C([C@H]([C@H]([C@@H]([C@H](C=O)N)O)O)O)O.Cl
D00153,CCCCCCCCCCCCCCCCO
D00154,C1=CC=C(C=C1)N2C(=CC=N2)NS(=O)(=O)C3=CC=C(C=C3)N
D00155,C1=C2C(=CC(=C1Cl)S(=O)(=O)N)S(=O)(=O)N[C@@H](N2)C(Cl)Cl
D00156,CC(C)C[C@@](C)(C(=O)O)N
D00157,CN1CCN(CC1)CCCN2C3=CC=CC=C3SC4=C2C=C(C=C4)Cl
D00158,C1CN(CCC1(C2=CC=C(C=C2)Cl)O)CCCC(=O)C3=CC=C(C=C3)F
D00159,C1CN(CCN1CCCN2C3=CC=CC=C3SC4=C2C=C(C=C4)Cl)CCO
D00160,C1[C@H]([C@H](C2=CC=CC=C21)NC(=O)[C@H](CC3=CC(=CC=C3)O)CC(=O)NO)O
D00161,CC(CCO)O
D00162,CC1=C(C(=O)C2=CC=CC=C2C1=O)CCCCCC(=O)O
D00163,CC(C)CN1C2=C(C(=O)N(C1=O)C)NC=N2
D00164,CCCCCCCCCCCCCCCCCC(=O)O.CC[C@@H]1[C@@]([C@@H]([C@H](C(=O)[C@@H](C[C@@]([C@@H]([C@H]([C@@H]([C@H](C(=O)O1)C)O[C@H]2C[C@@]([C@H]([C@@H](O2)C)O)(C)OC)C)O[C@H]3[C@@H]([C@H](C[C@H](O3)C)N(C)C)O)(C)O)C)C)O)(C)O
D00165,CCCCCCC#CC1=CC=CC=C1/C=C/C(=O)O
D00166,CC(C)CC(C(=O)NC(CCCN=C(N)N)C(=O)N1CCCC1C(=O)NCC(=O)N)NC(=O)CNC(=O)C(CC2=CC=C(C=C2)O)NC(=O)C(CO)NC(=O)C(CC3=CNC4=CC=CC=C43)NC(=O)C(CC5=CN=CN5)NC(=O)C6CCC(=O)N6
D00167,O[P+](=O)O[P+](=O)O
D00168,C=CCN(C1CCCCC1)C2=NC=NC3=C2N=CN3[C@H]4[C@@H]([C@@H]([C@H](O4)CO)O)O
D00169,C1CN(CCN1)C2=NC3=CC=CC=C3OC4=C2C=C(C=C4)Cl
D00170,C[C@@H](C(=O)O)N
D00171,CC[C@H](CO)NC1=NC2=C(C(=N1)NCC3=CC=C(C=C3)C4=CC=CC=N4)N=CN2C(C)C
D00172,C[C@H](CCCC(C)C)[C@H]1CC[C@@H]\2[C@@]1(CCC/C2=C\C=C/3\C[C@@H](CCC3=C)OS(=O)(=O)O)C
D00173,CC(C)[C@@H](C(=O)OC)NC(=O)CNC(=O)[C@H](CS)NCC1=CC=C(C=C1)C2=CC=CC=C2
D00174,CC(C)[C@@H](C(=O)O)N
D00175,CCCCCCCCCCCCCCCC(=O)O[C@H]1CC[C@@]2([C@H]3CC[C@]4([C@H]([C@@H]3CC=C2C1)CC[C@@H]4[C@H](C)CCCC(C)C)C)C
D00176,[178W]
D00177,CCCCCCCCCCCCCCCCCCOC[C@H](COC(=O)OC1C(C(C(C(C1O)O)O)CO)O)OC
D00178,C(C(=O)[O-])F
D00179,CC1=C[C@@H]2[C@](CC1)([C@]3([C@@H]([C@H]([C@H]([C@]34CO4)O2)O)OC(=O)C)C)COC(=O)C
D00180,CCC1=CNC(=O)NC1=O
D00181,C1=CC=C2C(=C1)C=CC(=O)N2
D00182,CC(CC1=CC2=C(C=C1)OCO2)NC
D00183,CC1=C(C=C(C=C1)C(=O)NC2CC2)C3=CC=C(C=C3)C(=O)NCC4CC4
D00184,[2H]N=O
D00185,CN1C2=C(C=N1)N=CN=C2NCCC3=CN=C(S3)NC(=O)NC4=CC=CC(=C4)C(F)(F)F
D00186,CC(CCC(=O)O)C1CCC2C1(CCC3C2C[C@@H](C4C3(CC[C@H](C4)O)C)O)C
D00187,O[SiH3]
D00188,C(=O)(C(=O)O)C(=O)O
D00189,CCN(CC1=CC=NC=C1)C(=O)C(CO)C2=CC=CC=C2
D00190,CC1=CC2=C(C=C1)SC(=N2)[C@H]3[C@@H]([C@H]([C@@H]([C@H](O3)CO)O)O)O
D00191,C[N+](C)(C)CCO
D00192,CC1([C@@H](N[C@H](S1)[C@@H](C(=O)O)NC(=O)[C@@H](C2=CC=CC=C2)N)C(=O)O)C
D00193,C1C[C@@H](O[C@@H]1CO)N2C=NC3=C2N=C(N=C3N)Cl
D00194,CC1=CC(=CC(=C1)NC2=NC=CC(=N2)C3=NC(=C(S3)C(=O)N[C@@H](C)CO)C)C
D00195,O.O.O.O.O.[O-]S(=O)(=S)[O-].[Na+].[Na+]
D00196,CN(C)S(=O)(=O)C1=CC\2=C(C=C1)NC(=O)/C2=C\C3=CC4=C(N3)CCCC4
D00197,CC(C)(C(C)(C)O)O
D00198,C1=CC=C(C=C1)C2=C(C(=CC=C2)C3=CC4=CC(=C(C=C4N3)Cl)C(=[NH2+])N)O
D00199,C(CN)CO
D00200,COC1=C(C(=C(C(=C1Cl)Cl)Cl)Cl)O
D00201,CN1CCN2C(C1)C3=CC=CC=C3CC4=CC=CC=C42
D00202,CC(C)[C@H](C(=O)NS(=O)(=O)OC[C@@H]1[C@H]([C@H]([C@@H](O1)N2C=NC3=C2N=CN=C3N)O)O)N
D00203,CC1=CC=C(C=C1)C2=NN(C3=C2C(=NC=N3)N)C(C)(C)C
D00204,C[C@@H](C1=CC2=C(C=C1)C=C(C=C2)OC)C(=O)O
D00205,[17NH3]
D00206,[Be+2].[O-]S(=O)(=O)[O-]
D00207,C[C@@H](C1=CC=CC=C1)NC2=NC=CC(=N2)C3=C(N=C(N3C)C4CCNCC4)C5=CC(=CC=C5)C(F)(F)F
D00208,CCCCCCC=CCCCCCCCC(=O)O
D00209,[H-].[Al+3]
D00210,C[C@]12CCCC(=C)[C@@H]1C[C@@H](CC2)C(C)(C)O
D00211,C1=NC2=C(N1CC(CO)OCP(=O)(O)O)N=C(N=C2N)N
D00212,CC(=CCCC(C)([C@H]1CC[C@@]2([C@@H]1[C@@H](C[C@H]3[C@]2(CC[C@@H]4[C@@]3(CC[C@@H](C4(C)C)O[C@H]5[C@@H]([C@H]([C@@H]([C@H](O5)CO)O)O)O[C@H]6[C@@H]([C@H]([C@@H]([C@H](O6)CO)O)O)O)C)C)O)C)O[C@H]7[C@@H]([C@H]([C@@H]([C@H](O7)COC8[C@@H]([C@H]([C@@H]([C@H](O8)CO)O)O)O)O)O)O)C
D00213,CCCC1=NN(C2=C1NC(=NC2=O)C3=C(C=CC(=C3)S(=O)(=O)N4CCN(CC4)C)OCC)C
D00214,C[C@H](C(=O)O)[C@](CC(=O)O)(C(=O)O)O
D00215,[O-2].[O-2].[O-2].[O-2].[O-2].[Al+3].[Al+3].[Ca+2].[Ca+2]
D00216,C1=NC2=C(C(=N1)N)N=CN2[C@H]3C([C@H]([C@H](O3)CO)O)O
D00217,C[C@@]1(C(=O)N2[C@H](C(=O)N3CCC[C@H]3[C@@]2(O1)O)CC4=CC=CC=C4)NC(=O)[C@@H]5C[C@H]6[C@@H](CC7=CNC8=CC=CC6=C78)N(C5)C
D00218,CCN(CC)CCN1C2=C(C=C(C=C2)[N+](=O)[O-])N=C1CC3=CC=C(C=C3)OCC
D00219,C(CCO)CC(CCCCO)CCO
D00220,C1=CC(=CC(=C1)NC2=NOC3=C2C=CC(=C3C(=O)NC4=CN=CN=C4)Cl)C(F)(F)F
D00221,CCN[C@H]1CO[C@H](C[C@@H]1OC)O[C@@H]2[C@H]([C@@H]([C@H](OC2O[C@H]3C#C/C=C\C#C[C@]\4(CC(=O)C(=C3/C4=C\CSSSC)NC(=O)OC)O)C)NO[C@H]5C[C@@H]([C@@H]([C@H](O5)C)SC(=O)C6=C(C(=C(C(=C6OC)OC)O[C@H]7[C@@H]([C@@H]([C@H]([C@@H](O7)C)O)OC)O)I)C)O)O
D00222,[Li+].[AlH4-]
D00223,CCSC(=N)N
D00224,F[Al]
D00225,CC(C)C[C@H](CC(=O)NO)C(=O)N[C@@H](CC1=CC=C(C=C1)OC)C(=O)NC
D00226,C[C@]12CC[C@@H](C[C@@H]1CC[C@@H]3[C@@H]2CC[C@]4([C@H]3CCC4=O)C)O
D00227,C1C[C@@H](O[C@@H]1COP(=O)(O)O)N2C=CC(=NC2=O)N
D00228,C[C@@]1(CO[C@@H]([C@@H]([C@H]1NC)O)O[C@H]2[C@@H](C[C@@H]([C@H]([C@@H]2O)O[C@@H]3[C@@H](CC[C@H](O3)CN)N)N)N)O
D00229,C([C@@H](C(=O)O)N)SO
D00230,CCC(CC)N1C=CC2=C1C=CC3=C2C(=NC(=N3)N)N
D00231,O.O.O.O.[V]
D00232,C[C@@H](CC(C)(C)O)O
D00233,C1C=NC2=C1C(=O)N=C(N2)N
D00234,C1[C@@H]([C@H](O[C@H]1N2C=CC(=O)NC2=O)COP(=O)(O)O)O
D00235,CCCCCCCCCCCCCCCC(=O)O
D00236,[3He]
D00237,C=CC(=O)N
D00238,[68Ge]
D00239,CC(C(=O)O)NC(=O)CN
D00240,C(CCCO)CCO
D00241,C#CC(CCC(=O)O)N
D00242,C1[C@@H]([C@H](CSS1)O)O
D00243,CN(C)C1=CC=C(C=C1)C(=C2C=CC(=[N+](C)C)C=C2)C3=CC=C(C=C3)N(C)C
D00244,CC(C)C1=CC(=C(C)C)CCC1O
D00245,C(=O)Cl
D00246,C1=CC(=C(C=C1[N+](=O)[O-])[N+](=O)[O-])SCC(C(=O)NCC(=O)O)NC(=O)CCC(C(=O)O)N
D00247,C1=C(C=C2C(=C1Cl)C(=C(N2)C(=O)O)CCC(=O)O)Cl
D00248,S.[As]
D00249,C[C@]12CC[C@@H]3[C@H]([C@@H]1CC[C@@H]2OP(=O)([O-])[O-])CCC4=C3C=CC(=C4)O
D00250,CCCCC(C)(C/C=C/[C@H]1[C@@H](CC(=O)[C@@H]1CC/C=C\CCC(=O)OC)O)O
D00251,C1=CC=C(C=C1)CCCCOCCCCCCNCC(C2=CC(=C(C=C2)O)CO)O
D00252,C1=CC=C2C(=C1)C3=C4C5=C2C6=CC=CC=C6C7=C5C8=C(C9=CC=CC=C97)C1=CC=CC=C1C1=C8C4=C(C2=CC=CC=C23)C2=CC=CC=C21
D00253,CC1=CC=C(N1)C(=O)OC2C(C(OC(C2OC)(C)C)OC3=C(C4=C(C=C3)C(=O)C(=C(O4)O)NC(=O)C5=CC(=C(C=C5)O)CC=C(C)C)Cl)O
D00254,C[C@H](CCC(=O)O)[C@H]1CC[C@@H]2[C@@]1([C@H](C[C@H]3[C@H]2[C@@H](C[C@H]4[C@@]3(CC[C@H](C4)O)C)O)O)C
D00255,CC(C)(C)NC[C@@H](COC1=CC=CC=C1C2CCCC2)O
D00256,B#B
D00257,CC1=C2C=C(C=CC2=NN1)C3=CC(=CN=C3)OC[C@H](CC4=CC=C(C=C4)Br)N
D00258,[75Se]
D00259,CCN[C@H]1CN(S(=O)(=O)C2=C1C=C(S2)S(=O)(=O)N)CCCOC
D00260,C([C@H]([C@H]([C@@H]([C@@H]([13CH]=O)[15NH2])O)O)O)O
D00261,[Na+].[Ag+]
D00262,CCCCCC(/C=C/[C@H]1[C@@H](C[C@@H]([C@@H]1CC(=O)CCCCC(=O)O)O)O)O
D00263,C(=O)(N)[O-]
D00264,CC1=CC(=CC=C1)O
D00265,C1CCC(CC1)COC2=NC(=NC(=C2N=O)N)N
D00266,C[C@@H](C(=O)N1CCOCC1)N2CC[C@@H](C2=O)NS(=O)(=O)C3=CC4=C(S3)C=CC(=C4)Cl
D00267,CC(=O)[O-].CC(=O)[O-].[Pd+2]
D00268,CC(C(C)O)O
D00269,COC1C(C(C(C(O1)COS(=O)(=O)[O-])OC2C(C(C(C(O2)C(=O)[O-])OC3C(C(C(C(O3)COS(=O)(=O)[O-])OC4C(C(C(C(O4)C(=O)[O-])OC5C(C(C(C(O5)COS(=O)(=O)[O-])O)O)NS(=O)(=O)[O-])O)O)OS(=O)(=O)[O-])NS(=O)(=O)[O-])O)OS(=O)(=O)[O-])O)NS(=O)(=O)[O-].[Na+].[Na+].[Na+].[Na+].[Na+].[Na+].[Na+].[Na+].[Na+].[Na+]
D00270,C[C@]12CC[C@H]3C([C@@H]1CCC2=O)CCC4=CC(=O)CC[C@]34CC#C
D00271,C1=CC(=C(C(=C1)Cl)Cl)C2=NC3=C(C=NN3C(=C2)NCC4=CC=NC=C4)SC#N
D00272,C[NH2+]CC[C@H](C1=CC=CC=C1)OC2=CC=C(C=C2)C(F)(F)F
D00273,[210Tl]
D00274,CN[C@@H](CCC(=O)N)C(=O)O
D00275,[33SH2]
D00276,C[C@H]1[C@H]2[C@H](C[C@@]3([C@@]2(CC[C@]45[C@H]3CC[C@@H]6[C@]4(C5)CC[C@@H](C6(C)C)O)C)C)O[C@]7([C@@H]1OC([C@H]7O)(C)C)O
D00277,[OH-].[OH-].[OH-].[OH-].[Ir]
D00278,CC(C)(CC(=O)O)O
D00279,C/C=C\C1=C(N2[C@@H]([C@@H](C2=O)NC(=O)[C@@H](C3=CC=C(C=C3)O)N)SC1)C(=O)O
D00280,C1C=CC=C2[C@H]1N(C3=C(C=C2)C=C(C=C3)O)CC4=CN=C5C(=N4)C(=NC(=N5)N)N
D00281,CC1=C(C(=CC=C1)NC2=CC=CC=C2C(=O)O)C
D00282,CCN(CC)CC#CCOC(=O)C(C1CCCCC1)(C2=CC=CC=C2)O
D00283,[45Ca+2]
D00284,C([C@@H](C(=O)O)N)S
D00285,CC(C)I
D00286,C(=O)(C(Br)(Br)Br)[O-]
D00287,CCN(CC)CCNC(=O)C1=C(NC(=C1C)/C=C\2/C3=C(C=CC(=C3)Cl)NC2=O)C
D00288,CC(C)(C(C(=O)O)N)S
D00289,C1=C(C=C(C(=C1Cl)N)F)S(=O)(=O)NC2=NN=C(S2)S(=O)(=O)N
D00290,C1=CC(=C(C=C1[C@H](CN)O)O)O
D00291,CC(C)C1=NCCC2=C1C=C(C=C2)NC(=O)C3=CC4=C(C=C3)C=C(C=C4)C(=N)N
D00292,CN1C(=O)CN=C(C2=C1C=CC(=C2)Cl)C3=CC=CC=C3
D00293,CN1CCN(CC1)C2=C3C=CC=CC3=NC4=C(N2)C=C(C=C4)Cl
D00294,COC1C(OC(C(C1O)O)OC2C(OC(C(C2O)O)OC3C(OC(C(C3O)O)OC)CO)CO)CO
D00295,C([C@@H]1[C@@H]2[C@@H]([C@H]([C@H](O1)O[C@@H]3[C@H](O[C@@H]([C@@H]([C@H]3O)O)O[C@@H]4[C@H](O[C@@H]([C@@H]([C@H]4O)O)O[C@@H]5[C@H](O[C@@H]([C@@H]([C@H]5O)O)O[C@@H]6[C@H](O[C@@H]([C@@H]([C@H]6O)O)O[C@@H]7[C@H](O[C@@H]([C@@H]([C@H]7O)O)O[C@@H]8[C@H](O[C@@H]([C@@H]([C@H]8O)O)O[C@@H]9[C@H](O[C@H](O2)[C@@H]([C@H]9O)O)CO)CO)CO)CO)CO)CO)CO)O)O)O
D00296,C1CC(C1)O
D00297,CC(C)(C)O.[K+]
D00298,C1=CC(=NC(=C1)[C@H]2[C@@H]([C@@H]([C@H](O2)COP(=O)(O)OP(=O)(O)OC[C@@H]3[C@H]([C@H](C(O3)N4C=NC5=C4N=CN=C5N)O)O)O)O)C(=O)N
D00299,CC(=O)OCC(=O)[C@]1(CC[C@@H]2[C@@]1(C[C@@H]([C@]3([C@H]2CCC4=CC(=O)CC[C@@]43C)F)O)C)O
D00300,C[C@]1([C@H]2CC3(C1CC[C@H]3C(=O)O)[C@H](C=C2C(=O)O)O)CO.C(CCCC(C(CCCCCO)O)O)CCCC(=O)O
D00301,C(CCCCC(=O)O)CCCC(=O)O
D00302,C/C=C(\C)/C(=O)O
D00303,C1COCCO1
D00304,[2H]C1=C(C(=C2C(=C(C(=C(C2=C1[2H])[2H])[2H])[2H])[2H])[2H])[2H]
D00305,C1CCC2=NC3=CC=CC=C3C(=C2C1)N
D00306,COC1=C(C=C(C=C1O)C(=O)O)O
D00307,CN[C@H]1[C@H]([C@@H]2[C@H](C[C@H](C(O2)O[C@@H]3[C@H](C[C@H]([C@@H]([C@H]3O)O)N)N)N)O[C@@H]1O[C@@H]4[C@@H]([C@H]([C@@H]([C@H](O4)CO)N)O)O)O
D00308,C1CCC(CC1)C(CCN2CCCC2)(C3=CC=CC=C3)O
D00309,CC(=O)[O-].CC(=O)[O-].[Mg+2]
D00310,[127IH]
D00311,[Rb+].[I-]
D00312,C(C(=O)C(=O)O)S(=O)(=O)O
D00313,CC1=C(C=C(C=C1)C(=O)NC2=CC=CC(=C2)C(F)(F)F)C3=CC4=CN=C(N=C4C=C3)N
D00314,CCCC/C=C/CCCCCCCCCCC(=O)OCC(COP(=O)(O)OCCN)O[C@@H]1[C@H](O1)CCCCCCCCC/C=C/CCCC
D00315,[F-].[F-].[Ca+2]
D00316,C[C@@H]1CC[C@@]2(CC[C@@]3(C(=CC[C@H]4[C@]3(CCC5[C@@]4(C[C@H]([C@H](C5(C)C)O)O)C)C)[C@H]2[C@]1(C)O)C)C(=O)O
D00317,C(COCCOCCO)O
D00318,[Br-].[Rb+]
D00319,C1=CC2=C3C(=C1)C=CC4=C3C(=CC5=C4[C@@H]6[C@@H](O6)[C@@H]([C@H]5O)O)C=C2
D00320,C[C@@H]1C[C@H]2CN1CCN3C(=O)C4=C(N3)C(=CC=C4)C5=NC6=C(C=CC=C6O2)NC5=O
D00321,C1=CC=C(C=C1)[C@H](C(=O)O)S(=O)(=O)O
D00322,C1=NC2=C(C(=N1)N)N=CN2[C@H]3[C@@H]([C@@H]([C@H](O3)COP(=O)(O)OP(=O)(O)OP(=O)(O)O[C@@H]4[C@H](O[C@H]([C@@H]4O)N5C=NC6=C5N=CN=C6N)CO)O)O
D00323,C1=NC2=C(C(=N1)N)N=CN2[C@H]3[C@@H]([C@@H]([C@H](O3)COP(=O)(O)O)O)O
D00324,CCC1=CN(C(=O)NC1=O)[C@H]2C[C@@H]([C@H](O2)CO)O
D00325,C[C@]12CC[C@H]3[C@H]([C@@H]1CCC2=O)CCC4=CC(=O)CC[C@H]34
D00326,CC[C@@]1(CC[C@@H]2[C@@]1(CC[C@H]3[C@H]2CCC4=CC(=O)CC[C@H]34)C)O
D00327,C1=NC2=C(C(=N1)N)N=CN2[C@H]3[C@@H]([C@H](O3)CO)CO
D00328,C1=NC2=C(C(=N1)N)N=CN2C3C(C(C(O3)COP(=O)(O)OP(=O)(O)OCC4C(C(C(O4)O)O)O)O)O
D00329,C([C@H](C(=O)[O-])N)C(=O)O.C([C@@H](C(=O)[O-])N)C(=O)O.[Zn+2]
D00330,CCCCCCCCCCCCCCCC(=O)OC[C@H](COP(=O)([O-])OC[C@@H](C(=O)O)N)OC(=O)CCCCCCC/C=C\CCCCCCCC.[NH4+]
D00331,CCNC(=O)C1C(C(C(O1)N2C=NC3=C2N=CN=C3N(C(=O)NC4=NC=C(C=C4)Cl)C(=O)NC5=NC=C(C=C5)Cl)O)O
D00332,CC(=O)[O-].CC(=O)[O-].[Ca+2]
D00333,CC(=O)OCC(=O)[C@]1(CC[C@@H]2[C@@]1(C[C@@H]([C@]3([C@H]2CCC4=CC(=O)C=C[C@@]43C)F)O)C)O
D00334,CCO
D00335,[Br]
D00336,C[C@@H]1C[C@@H]([C@H]([C@@H](O1)O[C@H]2[C@H](C[C@@]3(CO3)C(=O)[C@@H]([C@H]([C@H]([C@H](OC(=O)[C@@H]([C@H]([C@@H]2C)O[C@H]4C[C@@H]([C@H]([C@@H](O4)C)O)OC)C)C)C)O)C)C)O)N(C)C.OP(=O)(O)O
D00337,CC1=NC=C(C(=C1O)C=O)COP(=O)(O)O
D00338,COC1=C(C=C(C=C1)/C=C/C2=CC(=CC(=C2)O)O)O
D00339,C1CN(CCN1C/C=C/C2=CC=CC=C2)C(C3=CC=C(C=C3)F)C4=CC=C(C=C4)F
D00340,CC(=O)OC1=CC=CC=C1C(=O)O
D00341,CC1=C2C=C(C=CC2=NN1)C3=CC(=CN=C3)OC[C@H](CC4=CC=CC=C4)N
D00342,C[C@@]1(C(=O)N(C(=O)O1)NC2=CC=CC=C2)C3=C(C=C(C=C3)F)F
D00343,C1COCC(=O)N1C2=CC=C(C=C2)N3C[C@@H](OC3=O)CNC(=O)C4=CC=C(S4)Cl
D00344,C[N+](C)(C)CCOP(=O)(O)OC[C@@H](COC(=O)CCCCCCCCCCCOC)OC(=O)CCCCCCCCCCCOC
D00345,CC1=C2C=C(C=CC2=NN1)C3=CC(=CN=C3)OC[C@H](CC4=CNC5=CC=CC=C54)N
D00346,CCCCCCO[C@H]1[C@@H]([C@H]([C@H]([C@H](O1)CO)O)O)O
D00347,CC1=NC(=NN1C2=CC(=CC(=C2)Cl)Cl)C(=O)O
D00348,C[C@H](CC(=O)SCCNC(=O)CCNC(=O)C(C(C)(C)COP(=O)(O)OP(=O)(O)OC[C@@H]1[C@H]([C@H]([C@@H](O1)N2C=NC3=C2N=CN=C3N)O)OP(=O)(O)O)O)O
D00349,C1C2=CC(=C(C=C2C3C1(COC4=C3C=CC(=C4O)O)O)O)O
D00350,CCNC(=O)[C@@H]1[C@@H]([C@@H](C(O1)N2C=NC3=C2N=C(N=C3N)NCCC4=CC=C(C=C4)CCC(=O)O)O)O
D00351,C[C@]12CC[C@H]3[C@@]4(CCC[C@@]([C@H]4CC[C@@]3(C1)CC2=O)(C)C(=O)O)C
D00352,CC(=O)N[C@@H](CO)C(=O)O
D00353,CCCCC(CC)C(=O)O
D00354,CC1=CC=CC(=C1O)C(=O)O
D00355,C1=CC(=CC=C1C(=N)N)OCCCCCOC2=CC=C(C=C2)C(=N)N
D00356,COC1=C(C2=C(C=CC(=C2)C(=N)N)C=C1)C3=CN(N=C3)S(=O)(=O)C
D00357,C[C@@]1(CC[C@@H]2[C@@]1(C=CC3=C4CCC(=O)C=C4CC[C@@H]23)C)O
D00358,CNCCCN1C2=CC=CC=C2CCC3=CC=CC=C31
D00359,C1=CC(=CC=C1C[C@H](C(=O)O)N)Cl
D00360,C1CCC(C1)N2C3=C(C(=N2)C4=CN=C5C(=C4)C=CN5)C(=NC=N3)N
D00361,C[C@@H]1O[C@@H](CS1)C[N+](C)(C)C
D00362,C[C@@H]1C2[C@H](C3[C@@H](C(=O)/C(=C(\N)/O)/C(=O)[C@]3(C(=O)C2=C(C4=C1C=CC=C4O)O)O)N(C)C)O
D00363,CC(=O)[C@H]1CC[C@@H]2[C@@]1(CC[C@H]3[C@H]2C=CC4[C@@]3(CC[C@@H](C4)O)C)C
D00364,CC1=C(C=C(C=C1)C(=O)NC2=CC(=CC(=C2)N3C=C(N=C3)C)C(F)(F)F)NC4=NC=CC(=N4)C5=CN=CC=C5
D00365,C(CCNCCCN)CNCCCN
D00366,CC(C(=O)O)C(=O)O
D00367,CNC(=O)C1=CC=CC=C1NC2=NC(=NC=C2Cl)NC3=C(C=C(C=C3)N4CCOCC4)OC
D00368,CCC1=CN=C(C=C1)CCOC2=CC=C(C=C2)CC3C(=O)NC(=O)S3
D00369,CCCCCCCCC.CCCCCCCCCCC
D00370,C[C@H](CCC(=O)NCC(=O)O)C1CCC2[C@@]1(CCC3C2[C@@H](CC4[C@@]3(CC[C@H](C4)O)C)O)C
D00371,CCOCCOCCOCCOCCOCCOCC
D00372,C=CCCCCCCCCC(=O)O
D00373,CCN(CC)CCNC(=O)C1=C(NC(=C1C)/C=C\2/C3=C(C=CC(=C3)F)NC2=O)C
D00374,CCCCCCC(C)(C)C1=CC(=C(C=C1)C2CC(CC[C@H]2CCCO)O)O
D00375,[90Sr+2]
D00376,CC[C@H](C)[C@@H](C(=O)N[C@@H](CC1=CC=CC=C1)C(=O)N[C@@H]([C@@H](C)CC)C(=O)N[C@@H](CC(=O)N)C(=O)N[C@@H](CS)C(=O)N2CCC[C@H]2C(=O)N[C@@H](CCCN=C(N)N)C(=O)NCC(=O)N)NC(=O)CC3(CCCCC3)S
D00377,CC(=O)N[C@@H]1[C@H]([C@H]([C@H](O[C@H]1O)CO)O)O
D00378,CC1CC2C(CC3(C(O2)CC4C(O3)C(=CC(=O)O4)C)C)OC5C1OC6CC7C(CC8C(O7)(C/C=C\C9C(O8)CC1C(O9)CC2C(O1)(C(CC(O2)CC(=C)C=O)O)C)C)(OC6(CC5)C)C
D00379,[129IH]
D00380,C[C@]12CCC3C(C1CCC2(C(=O)CO)O)CCC4=CC(=O)CCC34C
D00381,C(=O)(C(=O)O)N
D00382,C1COCC(=O)N1C2=CC=C(C=C2)N3C[C@H](OC3=O)CNC(=O)C4=CC=C(S4)Cl
D00383,CC1=CN(C(=O)NC1=O)C2CC(C(O2)COP(=O)(O)OP(=O)(O)O)N=[N+]=[N-]
D00384,O[32P](=O)([O-])[O-].[Na+].[Na+]
D00385,CN1CCCCC1CCN2C3=CC=CC=C3SC4=C2C=C(C=C4)S(=O)C
D00386,C([C@H]([C@@H](C(=O)CO)O)O)OP(=O)(O)O
D00387,C[C@H]1C[C@H]2[C@@H]3CC[C@@H]([C@]3(C[C@@H]([C@@H]2[C@@]4(C1=CC(=O)CC4)C)O)C)C(=O)C
D00388,C[C@]12CCC(=O)C=C1CC[C@@H]3[C@@H]2C(=O)C[C@]4([C@H]3CCC4=O)C
D00389,CC(C)(C(=O)O)OC1=CC=C(C=C1)NC(=O)NC2=CC(=CC(=C2)Cl)Cl
D00390,CCCCC(C)(C)[C@@H](/C=C/[C@H]1[C@@H](CC(=O)[C@@H]1C/C=C\CCCC(=O)O)C)O
D00391,CS(=O)(=O)CCNCC1=CC=C(O1)C2=CC3=C(C=C2)N=CN=C3NC4=CC(=C(C=C4)OCC5=CC(=CC=C5)F)Cl
D00392,CCCCCCCCOC1C(C(C(C(O1)CO)O)O)O
D00393,C([C@@H](C(=O)O)N)S(=O)(=O)O
D00394,C[C@@]12CC[C@@]3([C@@H]([C@@H]1CC(CC2)(C)C)CC[C@H]4[C@]3(CC[C@@H]5[C@@]4(CCCC5(C)C)C)C)C
D00395,CCCCCC(=O)OCC(COP(=O)([O-])OCC[N+](C)(C)C)OC(=O)CCCCC
D00396,[2H]C1=C(C(=C(C(=C1[2H])[2H])[C]([2H])[2H])[2H])[2H]
D00397,C(CCCCC/C=C/C=C/C=C/C=C/C(=O)O)CCCCCO
D00398,[209Pb]
D00399,C1CNCCN(C1)S(=O)(=O)C2=CC=CC3=C2C=CNC3=O
D00400,CCNC(=O)N(CCCN(C)C)C(=O)[C@@H]1C[C@H]2[C@@H](CC3=CNC4=CC=CC2=C34)N(C1)CC=C
D00401,CCCCCCCC/C=C\CCCCCCCC(=O)OCC(CO)OC(=O)CCCCCCC/C=C\CCCCCCCC
D00402,CC(=O)[O-].CC(=O)[O-].[Co+2]
D00403,C1[C@@H](C2=C(C=C(N2)C3=NC(=NC=C3)N)C(=O)N1)CCF
D00404,CC(C)(C)N1C2=C(C(=N1)C3=CC(=CC=C3)O)C(=NC=N2)N
D00405,[3H]O
D00406,C[C@@H]1CC2([C@@H]3[C@@](O3)(C(O2)O)C)O[C@@H]4[C@H]1[C@]5(CC[C@@]67C[C@@]68CCC(C([C@@H]8CC[C@H]7[C@@]5(C4)C)(C)C)O[C@H]9[C@@H]([C@H]([C@@H](CO9)O)O)O)C
D00407,CC(C)NCC(C1=CC(=C(C=C1)O)OC)O
D00408,C1=NC2=C(C(=N1)N)N=CN2[C@H]3[C@@H]([C@@H]([C@H](O3)COP(=O)(O)O[C@@H]4[C@@H]([C@H](O[C@H]4N5C=NC6=C5N=CN=C6N)COP(=O)(O)O[C@@H]7[C@@H]([C@H](O[C@H]7N8C=NC9=C8N=CN=C9N)COP(=O)(O)O)O)O)O)O
D00409,CC(=O)[C@H]1CC[C@@H]2[C@@]1(CC[C@H]3[C@H]2CCC4=CC(=O)CC[C@]34C)C
D00410,[Li+].CC(=O)[O-]
D00411,C[As](=O)(C)O
D00412,COC1=C(C=C(C=C1)C2=NN(C3=C2C(=NC=N3)N)C4CCC4)OC
D00413,C([C@@H]1[C@H]([C@@H]([C@H]([C@H](O1)O[C@@H]2[C@H](OC([C@@H]([C@H]2O)O)O)CO)O)O)O)O
D00414,CC1C(C(C(C(O1)O[C@@H]2[C@H](C3=C(C4=C(C(=C(C=C24)C)C(=O)NC(C)C(=O)O)OC)C(=C5C(=C3)C(=O)C6=C(C(=C(C=C6C5=O)OC)C)O)O)O)O)OC7C(C(C(CO7)O)O)O)N(C)C
D00415,CC(C(C1=CC=CC=C1)O)N(C)C
D00416,C[C@]12CCC(=O)C=C1C=C[C@@H]3[C@@H]2CC[C@]4([C@H]3CC[C@]4(CCC(=O)O)O)C
D00417,CSC[C@@H](C(=O)O)N
D00418,C(C1C(C(C(C(O1)OC2C(OC(C(C2O)O)OC3C(OC(C(C3O)O)O)CO)CO)O)O)O)O
D00419,CN(C)C1=NC=NC2=C1NC=[N+]2[C@H]3[C@@H]([C@@H]([C@H](O3)CO)O)O
D00420,CS(=O)(=O)NC1=CC=CC(=C1)NC2=NC=CC(=N2)NC3=C(C=CC4=C3OCO4)Cl
D00421,C1=CC(=CC=C1[C@@H](CN)O)O
D00422,OO.OS(=O)(=O)O.[Fe+2]
D00423,CC12C3=CC=CC=C3C[C@@H](N1)C4=CC=CC=C24
D00424,C[C@]12CC[C@H](C[C@H]1CCC3C2CC[C@@]45C3CC[C@@H]4CC=CC5=O)O
D00425,C1=CC(=C[N+](=C1)[C@H]2[C@@H]([C@@H]([C@H](O2)COP(=O)(O)OP(=O)(O)OC[C@@H]3[C@H]([C@H]([C@@H](O3)N4C=NC5=C4N=CN=C5N)O)O)O)O)C(O)OP(=O)(O)OC[C@@H]6[C@H]([C@H]([C@@H](O6)N7C=NC8=C7N=CN=C8N)O)O
D00426,CC1=CC(=C(C=C1Cl)S(=O)(=O)[O-])NN=C2C(=O)C=CC3=CC=CC=C32.CC1=CC(=C(C=C1Cl)S(=O)(=O)[O-])NN=C2C(=O)C=CC3=CC=CC=C32.[Ba+2]
D00427,CC(C)(C)OC=O
D00428,CCCCCCCC/C=C\CCCCCCCCCCCCCC(=O)O
D00429,C1=C(C=C(C(=C1S(=O)(=O)N)Cl)Cl)S(=O)(=O)N
D00430,CC12CCC3C(C1CCC2=O)CCC4=CC(=C(C=C34)O)O
D00431,CC(C)COC1=CC=C/C(=C\2/NC3=C(N2)C=C(C(=C3)C(=N)N)F)/C1=O
D00432,CCCCC[C@@H](/C=C/[C@H]1[C@@H](CC(=O)[C@@H]1CC(=O)CCCCC(=O)O)O)O
D00433,CCCCC(=O)OC[C@H](COP(=O)(O)O)OC=O
D00434,CC(=O)[C@]1(CC[C@@H]2C1(CC[C@H]3C2CCC4=CC(=O)CCC34C)C)OC(=O)C
D00435,C([C@@H](C(=O)O)N)O
D00436,C([C@@H](C(=O)O)N)OP(=O)(O)O
D00437,C1C2[C@@H]([C@@H](C(O2)N3C=NC4=C3N=CN=C4N)O)OP(=S)(O1)O
D00438,C1=CC\2=C(C=C1O)ON/C2=C\3/C=CC(=O)C=C3O
D00439,C1=C(NC=N1)C[C@@H](C(=O)O)N
D00440,C(=O)(C(=O)[O-])[O-].[NH4+].[NH4+]
D00441,O.[Ag].[Ag]
D00442,C#[C]
D00443,COC1=CC=C(C=C1)S(=O)(=O)C[C@@H]2CCCC[C@H]2C(=O)NCCN
D00444,CCCCCCCC(=O)OCC
D00445,C1=CC2=C(N=C1)SC(=C2)C(=[NH2+])N
D00446,CC[C@@H]1[C@]2([C@H]([C@@](O1)([C@H]([C@@H](O2)/C=C/C=C/C=C/C3=C(C(=CC(=O)O3)OC)C)O)C)OC(=O)C)C
D00447,CN1C2=C(C(=O)N(C1=O)C)NC=N2
D00448,C1=CC2=C(/C(=C/3\C4=C(C=C(C=C4)Br)NC3=O)/N=C2C=C1)NO
D00449,CCCCCC[C@@H](C(=O)[O-])O
D00450,CC(C(=O)O)O.CC(C(=O)O)O.[Zn]
D00451,COC1=C(C=C(C=C1)CCN)OC
D00452,CC(C)(C)C1CCC(CC1)CC2=C(C3=CC=CC=C3C(=O)C2=O)O
D00453,CCC1=NN(C(=O)N1CCOC2=CC=CC=C2)CCCN3CCN(CC3)C4=CC(=CC=C4)Cl
D00454,CCCCC/C=C\CC(=O)C(CCCCCCCC(=O)[O-])O
D00455,CCCCCCCC/C=C\CCCCCCCC(=O)OC[C@H](COP(=O)(O)OC[C@@H](CO)O)OC(=O)CCCCCCC/C=C\CCCCCC
D00456,CC(C)C[C@H]([C@H](CSC1=CC=CS1)C(=O)NO)C(=O)N[C@@H](CC2=CC=CC=C2)C(=O)NC
D00457,CC[C@H]1CN2CC[C@@]3([C@@H]2C[C@@H]1/C(=C\OC)/C(=O)OC)C4=CC=CC=C4NC3=O
D00458,CC1=C(C2=C(N1C(=O)C3=CC=C(C=C3)Cl)C=CC(=C2)OC)CC(=O)O
D00459,CC(C)[C@@H]1CC[C@]2([C@H]1[C@H]3CC[C@@H]4[C@]5(CCCC([C@@H]5CC[C@]4([C@@]3(CC2)C)C)(C)C)C)C
D00460,CCC(=O)C1=CC=CC=C1
D00461,C(CS)O
D00462,C[C@]12CCC(=O)C=C1CC[C@@H]3[C@@H]2CC[C@]4([C@H]3CCC4=O)C
D00463,C1=CC(=CC=C1CN)NC(=O)C(=O)O
D00464,C[C@H]1CC[C@]2(C(C1(C)C)CCC3=C2CC[C@]4([C@]3(CC[C@@H]4[C@H](C)CCC(=C)C(C)C)C)C)C
D00465,CCCCCCCC(=O)OC[C@@H]1[C@H]([C@@H]([C@](O1)(CO)O[C@@H]2[C@@H]([C@H]([C@@H]([C@H](O2)CO)O)O)O)O)O
D00466,CCN(CC)C1=CC2=C(C=C1)N=C3C4=CC=CC=C4C(=[NH2+])C=C3O2.[Cl-]
D00467,C(CC(=O)O)CN=C(N)N
D00468,C([C@@H]([C@H]([C@H]([C@@H]([C@@H](C=O)O)O)O)O)O)O
D00469,CN1CCC2(CC1)[C@@H](C3=C(C(=O)N2)N(C4=C3C=CC(=C4Cl)Cl)C)C#N
D00470,C1CCN(CC1)C=O
D00471,CCOC(=O)C1=CC2=C(C=C(C=C2)O)OC1=O
D00472,C1OC2=C(O1)C(=C(C=C2)Cl)NC3=NC(=NC=C3)NC4=CC(=CC=C4)S(=O)(=O)N
D00473,[OH3+].O.O.O.O.O.O.O.O.O.O.OP(=O)(O)O.[Zr].[Zr].[Zr]
D00474,C1CCC(CC1)C[C@@H](C(=O)O)N
D00475,C([C@H]([C@@H](CS)O)O)S
D00476,C1=CC(=C(C=C1C2=CC=C(O2)/C=C\3/C(=O)N=C(S3)N)C(F)(F)F)S(=O)(=O)N
D00477,C1CNCCC1C2=CC3=C(CCC(=O)N3C4=C(C=CC=C4Cl)Cl)C(=C2)C5=C(C=C(C=C5)F)F
D00478,CCC(C)(C)C(=O)C(=O)N1CCC[C@H]1C(=O)OCCCC2=CN=CC=C2
D00479,C[N+]1(C2CC(CC1[C@@H]3[C@H]2O3)OC(=O)[C@H](CO)C4=CC=CC=C4)C.[N+](=O)([O-])[O-]
D00480,CC(=O)OC1=CC=CC(=C1)O
D00481,CCCCCC(=O)CC[C@H]1[C@@H](CC(=O)[C@@H]1C/C=C\CCCC(=O)O)O
D00482,CNC(=O)C1=NC=CC(=C1)OC2=CC=C(C=C2)NC(=O)NC3=CC(=C(C=C3)Cl)C(F)(F)F
D00483,C([C@H]([C@H](C=O)O)O)O
D00484,C1=CC=C2C(=C1)C(=O)N[C@@]2(C3=CC(=C(C=C3)Cl)S(=O)(=O)N)O
D00485,CNS(=O)(=O)CC1=CC2=C(C=C1)NC=C2CCN(C)C
D00486,CC1[C@@H]2CC[C@]3(C([C@]2(CC[C@H]1O)C)[C@@H](C[C@H]\4[C@@]3(C[C@@H](/C4=C(/CCC=C(C)C)\C(=O)O)OC(=O)C)C)O)C
D00487,CC12CCC(=O)C=C1CCC3C2C(=O)CC4(C3CCC4C(=O)CO)C
D00488,C([C@H]([C@@H]([C@@H]([C@H](C=O)N)O)O)O)O.Cl
D00489,C1=CC(=CC=C1COC(CN2C=CN=C2)C3=C(C=C(C=C3)Cl)Cl)Cl
D00490,CC(C)[C@H](C(=O)NO)N(CC1=CN=CC=C1)S(=O)(=O)C2=CC=C(C=C2)OC
D00491,C(CSSC[C@@H](C(=O)O)N)O
D00492,CN(C)C[C@@H](COC1=CC=C(C=C1)NC2=NC=C(C(=N2)NC3=CC=CC=C3)Br)O
D00493,[45K]
D00494,O.O.O.[Co]
D00495,[C]
D00496,C[C@]12CC[C@H](C[C@H]1CC[C@@H]3[C@@H]2CC[C@]4([C@H]3CCC4=O)C)O
D00497,C1CNC(=O)C2=C1NC(=C2)C3=CC(=NC=C3)C4=CC=CC=C4F
D00498,[80Se]
D00499,[O-]S(=O)(=S)[O-].[Na+].[Na+]
D00500,C[C@H]1CNCCN1S(=O)(=O)C2=CC=CC3=C2C=CN=C3
D00501,C1=CC=C(C=C1)OC2=CC=C(C=C2)NC(=O)NC3=CC=C(C=C3)C(=N)N
D00502,C1=CC=C(C(=C1)C(=O)O)NC2=CC=CC(=C2)C(F)(F)F
D00503,[O-]P(=O)([O-])[O-].[O-]P(=O)([O-])[O-].[Sr+2].[Sr+2].[Sr+2]
D00504,CC1=C(OC2=C(C1=O)C=C(C=C2)O)C3=CC(=C(C(=C3)Br)O)Br
D00505,CN(C)CCCN1C=C(C2=CC=CC=C21)C3=C(C(=O)NC3=O)C4=CNC5=CC=CC=C54
D00506,CC(CCC(=O)NCCS(=O)(=O)O)[C@H]1CC[C@@H]2[C@@]1(CC[C@H]3[C@H]2[C@@H](C[C@H]4[C@@]3(CC[C@H](C4)O)C)O)C
D00507,CC1=CC=CC2=CC=CC=C12
D00508,C(C1C2C(C(C(O1)OC3C(OC(C(C3O)O)OC4C(OC(C(C4O)O)OC5C(OC(C(C5O)O)OC6C(OC(C(C6O)O)OC7C(OC(C(C7O)O)OC8C(OC(C(C8O)O)OC9C(OC(O2)C(C9O)O)CO)CO)CO)CO)CO)CO)CO)O)O)O
D00509,CO/C=C(\C1=CC=CC=C1OC2=NC=NC(=C2)OC3=CC=CC=C3C#N)/C(=O)OC
D00510,C/C(=C\C=C\C=C(\C=C\C=C(\C(=O)O[C@@H]1O[C@@H]([C@H]([C@@H]([C@H]1O)O)O)CO[C@@H]2O[C@@H]([C@H]([C@@H]([C@H]2O)O)O)CO)/C)/C)/C=C/C=C(/C(=O)O[C@@H]3O[C@@H]([C@H]([C@@H]([C@H]3O)O)O)CO[C@@H]4O[C@@H]([C@H]([C@@H]([C@H]4O)O)O)CO)\C
D00511,CC/C=C\C/C=C\C/C=C\C/C=C\C=C\[C@@H](CCCC(=O)O)O
D00512,CC1(CCC2(CCC3(C(=CCC4C3(CCC5C4(CCCC5(C)C)C)C)C2C1)C)C)C
D00513,CC1=CC2=C(C=C1C(=C)C3=CC=C(C=C3)C(=O)O)C(CCC2(C)C)(C)C
D00514,C1=C([C@H]([C@@H]([C@H](O1)CO)O)O)O
D00515,CCCCN(CCCC)CC(C1=C2C3=C(C=C(C=C3)Cl)/C(=C\C4=CC=C(C=C4)Cl)/C2=CC(=C1)Cl)O
D00516,CCC(=O)[C@]1([C@@H](C[C@@H]2[C@@]1(C[C@@H]([C@H]3[C@H]2CCC4=CC(=O)C=C[C@]34C)O)C)C)C
D00517,CC1=CC=C(C=C1)N2C(=CC(=N2)C(C)(C)C)NC(=O)NC3=CC=C(C4=CC=CC=C43)OCCN5CCOCC5
D00518,CC(C)(C)NC1=NC(=NC2=C1C=C(C=C2)C3=CC(=CC=C3)N)C(F)(F)F
D00519,CC[C@@]1(CC[C@@H]2[C@@]1(CC[C@H]3[C@H]2CCC4=CCCC[C@H]34)C)O
D00520,[2H]C([2H])([2H])O
D00521,CNCCC(C1=CC=CC=C1)OC2=CC=C(C=C2)C(F)(F)F
D00522,CC1=C(C(CCC1)(C)C)/C=C/C(=C/C=C/C(=C/CO)/C)/C
D00523,C[C@H]1[C@H]([C@H]([C@@H]([C@@H](O1)O[C@@H]2[C@H](O[C@@H]([C@@H]([C@H]2O[C@H]3[C@@H]([C@H]([C@H]([C@H](O3)CO)O)O)O[C@H]4[C@H]([C@@H]([C@@H]([C@@H](O4)C)O)O)O)NC(=O)C)O)CO)O)O)O
D00524,C[C@@H]1[C@H](C[C@@H](O1)N2C=NC3=C2N=CN=C3N)OP(=O)(O)O
D00525,CC(C)NCC(COC1=CC=CC=C1CC=C)O
D00526,CCCCC[C@@H](CCCCCCCCCCCC(=O)O)O
D00527,CCCCC/C=C\C/C=C\CCCCCCCC(=O)O[C@H]1CC[C@@]2([C@H]3CC[C@]4([C@H]([C@@H]3CC=C2C1)CC[C@@H]4[C@H](C)CCCC(C)C)C)C
D00528,COC1=CC(=CC(=C1OC)OC)[C@H]2CC[C@@H](O2)C3=CC(=C(C(=C3)OC)OC)OC
D00529,CC1=C(SC(=N1)N)C2=NC(=NC=C2)NC3=CC(=CC=C3)[N+](=O)[O-]
D00530,C[C@H](CCCC(C)C)[C@H]1CC[C@@H]2[C@@]1(CC[C@H]3[C@H]2CC=C4[C@@]3(CC[C@@H](C4)O)C[125I])C
D00531,CCCCCCCC/C=C/C/C=C/C/C=C/CCCC(=O)O
D00532,[Al].[Si]
D00533,CCOC1=NC2=CC=CC(=C2N1CC3=CC=C(C=C3)C4=CC=CC=C4C5=NNN=N5)C(=O)O
D00534,C1=CC(=CC=C1CCNC2=NC=NC3=C2N=CN3[C@H]4[C@@H]([C@@H]([C@H](O4)CO)O)O)N
D00535,C1=CC=C(C(=C1)C(=O)O)N
D00536,C1=CC(=CC=C1CNC(=O)C2=CC=C(C=C2)S(=O)(=O)N)F
D00537,CC1=C(C=CN=C1CS(=O)C2=NC3=CC=CC=C3N2)OCC(F)(F)F
D00538,C[C@H]1[C@@]([C@H]([C@@H](O1)O[C@@H]2[C@H]([C@@H]([C@H]([C@@H]([C@H]2O)O)N=C(N)N)O)N=C(N)N)O[C@H]3[C@H]([C@@H]([C@H]([C@@H](O3)CO)O)O)NC)(CO)O.C[C@H]1[C@@]([C@H]([C@@H](O1)O[C@@H]2[C@H]([C@@H]([C@H]([C@@H]([C@H]2O)O)N=C(N)N)O)N=C(N)N)O[C@H]3[C@H]([C@@H]([C@H]([C@@H](O3)CO)O)O)NC)(CO)O.OS(=O)(=O)O.OS(=O)(=O)O.OS(=O)(=O)O
D00539,CCC(CC)(CC(=O)NC1=CC=CC(=C1)/C=C/C2=NC(=CS2)C3CCC3)C(=O)O
D00540,CN1C=NC2=C1C(=O)N(C(=O)N2C)C
D00541,C1=CC(=CC=C1C[C@@H](C(=O)O)N)I
D00542,[3H]O[3H]
D00543,C(C1[C@H](C([C@@H]([C@@H](O1)O)[18F])O)O)O
D00544,CC(C)[C@H](NS(=O)(=O)C1=CC=C(C=C1)C2=CC=C(C=C2)OC)P(=O)(O)O
D00545,CS(=O)(=O)C1=CC(=C(C=C1)C2=NOC(=N2)[C@@H](CC3CC3)[C@@H](C(=C4CCCC4)F)N)Cl
D00546,CC[C@@]1(CC2C[C@@](C3=C(CCN(C2)C1)C4=CC=CC=C4N3)(C5=C(C=C6C(=C5)C78CCN9[C@H]7[C@@](C=CC9)(C([C@@](C8N6C=O)(C(=O)OC)O)OC(=O)C)CC)OC)C(=O)OC)O
D00547,C([C@@H]1[C@H]([C@@H]([C@H]([C@H](O1)O[C@@H]2[C@H](O[C@@H]([C@@H]([C@H]2O)O)OC[C@@H]3[C@H]([C@@H]([C@H]([C@H](O3)O[C@@H]4[C@H](O[C@@H]([C@@H]([C@H]4O)O)O)CO)O)O)O[C@@H]5[C@@H]([C@H]([C@@H]([C@H](O5)CO)O)O)O)CO)O)O)O)O
D00548,CC(=O)OCC1=C(N2[C@@H]([C@@H](C2=O)NC(=O)CC3=CC=CS3)SC1)C(=O)O
D00549,CC(C)C1=C(C=CC2=C1CC[C@@H]3[C@@]2(CCCC3(C)C)C)O
D00550,C1=CC=C(C=C1)CCCP(=O)(C[C@@H](C2=CC(=CC=C2)N=C(N)N)C(=O)O)O
D00551,CC(C)CN1C=NC2=C1C(=O)N(C(=O)N2C)C
D00552,C(C(C(C(C(C=O)N)O)O)O)O
D00553,C1=CC(=CC=C1C(=O)O)[Hg]
D00554,C1=CC=C2C(=C1)C=CC(=C2O)C(=O)O
D00555,C#[C]
D00556,CC[C@@]1(CC[C@@H]2[C@@]1(CC[C@H]3[C@H]2CCC4=CCCC[C@H]34)C)O
D00557,COC1=CC=CC=C1OCCNCC(COC2=CC=CC3=C2C4=CC=CC=C4N3)O
D00558,CN1CCN(CC1)CCCN2C3=CC=CC=C3SC4=C2C=C(C=C4)C(F)(F)F
D00559,C1=NC2=C(N1[C@H]3[C@H]([C@@H]([C@H](O3)COP(=O)(O)OP(=O)(O)OP(=O)(O)O)O)O)NC(=NC2=O)N
D00560,C[C@@H]1CCO[C@H](/C=C/C=C\C(=O)O[C@@H]2C[C@@H]3[C@]4([C@]2([C@]5(CCC(=C[C@H]5O3)C)COC(=O)[C@H]1O)C)CO4)[C@@H](C)O
D00561,CCOC(=O)C1=CN=CN1[C@H](C)C2=CC=CC=C2.Cl
D00562,C[NH2+]CC[C@@H](C1=CC=CC=C1)OC2=CC=C(C=C2)C(F)(F)F
D00563,C#C[C@]1([C@H](C[C@@H](O1)N2C=NC3=C2N=C(N=C3N)F)O)CO
D00564,OI
D00565,CCC1=C(C(=NC(=N1)N)N)C2=CC3=C(C=C2)OC(C(=O)N3CCCOC)(C)C
D00566,CN1CCN(CC1)CC2=CC=C(C=C2)C(=O)NC3=CC=CC(=C3)NC4=NC=CC(=N4)C5=CN=CC=C5
D00567,CC(=C)C(=O)[O-].[Na+]
D00568,C1CCC(C1)OCC(=O)N2CCC[C@H]2C(=O)NCC3=CC=C(C=C3)C(=N)N
D00569,C1=CC=C(C(=C1)C2=NN=C(S2)S(=O)(=O)N)Cl
D00570,C1=NC2=C(C(=N1)N)N=CN2C3C(C(C(O3)COP(=O)(O)OP(=O)(O)O)O)O
D00571,C([C@@H]1[C@@H]([C@@H]([C@H]([C@@H](O1)O[C@H]([C@@H](CO)O)[C@@H]([C@H](CO)O)O)O)O)O)O.O.O
D00572,C1CC(CCC1CN)C(=O)O
D00573,[3H]O
D00574,CC1=CC=C(C=C1)C2=NN(C3=C2C(=NC=N3)N)C(C)(C)C
D00575,CC1=CC(=NC(=N1)NC(=O)NS(=O)(=O)C2=CC=CC=C2C(=O)OC3COC3)C
D00576,C1CC=C(C2=C(C1)ONC2=O)C[C@@H](C(=O)O)N
D00577,C(=N)(N)N
D00578,C1=CC=C2C(=C1)C(=CN2)CC(C(=O)O)N
D00579,C1=NC2=C(C(=N1)N)N=CN2[C@H]3[C@@H]([C@@H]([C@H](O3)COP(=O)(O)OP(=O)(O)OP(=O)(O)O)O)O
D00580,CC1[C@H](C([C@@H](C(O1)O[C@H]2[C@@H]([C@@H](OC(C2OC3C(C([C@H](C(O3)CO)O)OC4(CC([C@H](C(O4)[C@@H]([C@@H](CO)O)O)NC(=O)C)O)C(=O)O)O)CO)O)NC(=O)C)O)O)O
D00581,C1C2=CC(=C(C=C2C3C1(COC4=C3C=CC(=C4O)O)O)O)O
D00582,CCC1=CN=C(C=C1)CCOC2=CC=C(C=C2)CC3C(=O)NC(=O)S3
D00583,[OH]
D00584,CC(=O)NC1=CC=C(C=C1)N
D00585,CCCCCCC[N+](CC)(CC)CCCCC1=CC=C(C=C1)Cl
D00586,C[C@H]1C[C@H]2[C@@H]3CC[C@@H]([C@]3(C[C@@H]([C@@H]2[C@@]4(C1=CC(=O)CC4)C)O)C)C(=O)C
D00587,CC(C)OC(=O)CCC/C=C\C[C@H]1[C@H](C[C@H]([C@@H]1/C=C/[C@H](COC2=CC=CC(=C2)C(F)(F)F)O)O)O
D00588,C1=CC=C2C(=C1)C3=CC=CC=C3N2
D00589,CC(C)C[C@H]([C@@H](C(=O)NO)O)C(=O)N[C@H](C(=O)NC)C(C)(C)C
D00590,C[C@@]1(CO[C@@H]([C@@H]([C@H]1NC)O)O[C@H]2[C@@H](C[C@@H]([C@H]([C@@H]2O)O[C@@H]3[C@@H](CC[C@H](O3)CN)N)N)N)O
D00591,CCCCCCCCCCCCCCCCCCO.CCCCCCCCCCCCCCCCO
D00592,CC(=O)N[C@@H](CCSC)C(=O)O
D00593,C([C@@H]1[C@H]([C@@H]([C@H]([C@H](O1)OC[C@@H]2[C@H]([C@@H]([C@H]([C@H](O2)O[C@@H]3[C@H](OC([C@@H]([C@H]3O)O)O)CO)O)O)O)O)O)O)O
D00594,C1=CC2=C(C=CC(=C2)C(F)(F)P(=O)(O)O)C=C1C(=O)O
D00595,COCCOCCOCCOCCO
D00596,CC1=CN(C(=O)NC1=O)[C@H]2C[C@@H]([C@H](O2)CO)N=[N+]=[N-]
D00597,CC(=O)[O-].CC(=O)[O-].O.O.O.[Pb+2]
D00598,C1=C2C(=CC(=C1Cl)Cl)N(C=N2)[C@H]3[C@@H]([C@@H]([C@H](O3)CO)O)O
D00599,CCCCCCCCCCC[C@@H](C[C@H]1[C@@H](C(=O)O1)CCCCCC)OC(=O)[C@H](CC(C)C)NC=O
D00600,CN(C)C(=O)OC1=CC=CC(=C1)[N+](C)(C)C
D00601,CN1C=C(C2=CC=CC=C21)CC(C(=O)O)N
D00602,C(C[C@@H](C(=O)O)N)CNC(=S)N
D00603,CCNCCCC(C)NC1=C2C=CC(=CC2=NC=C1)Cl
D00604,[Li+].[AlH4-]
D00605,C[C@@H](CCC[C@@H](C)CCCC(C)C)CCC[C@@H](C)CC(=O)[O-]
D00606,CN1CCC(=C2C3=CC=CC=C3C=CC4=CC=CC=C42)CC1
D00607,C1CN(CCC1(C2=CC=C(C=C2)Cl)O)CCCC(=O)C3=CC=C(C=C3)F
D00608,CCC1=C(NC2=C1C(=O)C(CC2)CN3CCOCC3)C
D00609,C#CCN(CC1=CC2=C(C=C1)NC(=NC2=O)N)C3=CC=C(C=C3)C(=O)N[C@@H](CCC(=O)O)C(=O)O
D00610,C1CCC(CC1)NC(=O)NCCCCCCC(=O)O
D00611,C1=CC=C(C=C1)COC2=CC=C(C=C2)NC(=O)CN
D00612,CNCC(C1=CC=C(C=C1)O)O
D00613,C1CCC(CC1)NCCCS(=O)(=O)O
D00614,CC1=CC[C@@H](C=C1)[C@@H](C)CCC=C(C)C
D00615,CC(C(=O)O)NC(=O)CN
D00616,CCCCCCCCCCCCCCCCCC(=O)OC[C@H](COP(=O)(O)OCC(COP(=O)(O)OC[C@@H](COC(=O)CCCCCCCCCCCCCCCCC)OC(=O)CCCCCCCCCCCCCCCCC)O)OC(=O)CCCCCCCCCCCCCCCCC
D00617,C1CN(CC2=C1SC=C2)CC3=CC=CC=C3Cl
D00618,C1=CC=C2C(=C1)C=CC3=C2C4=C(N3)C=CC5=CC=CC=C54
D00619,CS(=O)(=O)CCNCC1=CC=C(O1)C2=CC3=C(C=C2)N=CN=C3NC4=CC(=C(C=C4)OCC5=CC(=CC=C5)F)Cl
D00620,C=C1CC[C@@H]2[C@@H]([C@@H]3[C@H]1CCC3=C)OC(=O)C2=C
D00621,O[P+](=O)O[P+](=O)O
D00622,C1CNC(=O)C2=C1NC(=C2)C3=CC(=NC=C3)C4=CC=CC=C4F
D00623,C(CC(=O)O)CN
D00624,OP([O-])[O-].[Zn+2]
D00625,COCC1C(C(C(C(O1)OC)OC)OC)OC2C(C(C(C(O2)CO)OC)O)O
D00626,C[C@]1([C@H]2CC3(C1CC[C@H]3C(=O)O)[C@H](C=C2C(=O)O)O)CO.C(CCCC(C(CCCCCO)O)O)CCCC(=O)O
D00627,C[C@H]([C@H](CCC(=O)O)N)O
D00628,C1=CC=C2C=C3C=C4C=C5C=CC=CC5=CC4=CC3=CC2=C1
D00629,CN1CCC(=C2C3=C(C(=O)CC4=CC=CC=C42)SC=C3)CC1
D00630,CN(C)CCCN1C2=CC=CC=C2CCC3=CC=CC=C31
D00631,CN1CCN(CC1)C(=O)O[C@H]2C3=NC=CN=C3C(=O)N2C4=NC=C(C=C4)Cl
D00632,CCCNCCCNCCCNCC
D00633,CCN1CCN(C(=O)C1=O)C(=O)N[C@H](C2=CC=C(C=C2)O)C(=O)N[C@H]3[C@@H]4N(C3=O)C(=C(CS4)CSC5=NN=NN5C)C(=O)O
D00634,C/C=C(\C)/C(=O)O
D00635,CC1=CN(C(=O)NC1=O)[C@H]2C=C[C@H](O2)COP(=O)(O)O
D00636,CC(=O)[O-].CC(=O)[O-].[O-][As]=O.[O-][As]=O.[O-][As]=O.[O-][As]=O.[O-][As]=O.[O-][As]=O.[Cu+2].[Cu+2].[Cu+2].[Cu+2]
D00637,CNC(=NC)NCCC[C@@H](C(=O)O)N
D00638,C1CC2=C(C1)C=C(C=C2)S(=O)(=O)N
D00639,C1C(C(OC2=CC(=CC(=C21)O)O)C3=CC(=C(C=C3)O)O)OC(=O)C4=CC(=C(C(=C4)O)O)O
D00640,C[C@@H](C(=O)O)N
D00641,CCCCC[C@@H](/C=C/C=C\CCCCCCCC(=O)O)O
D00642,C1CCC(CC1)NC2=NC=NC3=C2N=CN3[C@H]4[C@@H]([C@@H]([C@H](O4)CO)O)O
D00643,C(CC(CC(=O)O)N)CN
D00644,C([14C](=O)O)N
D00645,CC(C)COP(=O)(O)OP(=O)(O)OC[C@@H]1[C@H]([C@H]([C@@H](O1)N2C=NC3=C2N=CN=C3N)O)OP(=O)(O)O
D00646,CC1=CC=CC=C1C(C2=CC=CC=C2)OCCN(C)C
D00647,C1C[C@@H]2N(C1)C(=O)C3=CC4=C(C=C3O2)OCCO4
D00648,C(CO)C(CCO)(CCO)N
D00649,C[C@]12CC[C@H]3[C@@]4(CCC[C@@]([C@H]4CC[C@@]3(C1)CC2=O)(C)C(=O)O)C
D00650,CC(C)N1C=NC2=C1N=C(N=C2NC3=CC(=CC=C3)Cl)NCCO
D00651,C(C1C2C(C(C(O1)OC3C(OC(C(C3OS(=O)(=O)O)OS(=O)(=O)O)OC4C(OC(C(C4OS(=O)(=O)O)OS(=O)(=O)O)OC5C(OC(C(C5OS(=O)(=O)O)OS(=O)(=O)O)OC6C(OC(C(C6OS(=O)(=O)O)OS(=O)(=O)O)OC7C(OC(C(C7OS(=O)(=O)O)OS(=O)(=O)O)OC8C(OC(C(C8OS(=O)(=O)O)OS(=O)(=O)O)OC9C(OC(O2)C(C9OS(=O)(=O)O)OS(=O)(=O)O)COS(=O)(=O)O)COS(=O)(=O)O)COS(=O)(=O)O)COS(=O)(=O)O)COS(=O)(=O)O)COS(=O)(=O)O)COS(=O)(=O)O)OS(=O)(=O)O)OS(=O)(=O)O)OS(=O)(=O)O
D00652,C[C@H]1CNCCN1S(=O)(=O)C2=CC=CC3=C2C=CN=C3
D00653,C1=CC=C(C=C1)COC=O
D00654,C[C@]12CC[C@H](C[C@@H]1CCC3C2CC[C@@]45C3CC[C@@H]4CC=CC5=O)O
D00655,C[C@H](/C=C/C(=O)C(=O)O)C(=O)CC[C@@H]1[C@H]2CCC(=O)[C@]2(CCC1=O)C
D00656,C1[C@@H]([C@@H]([C@H](C1=O)CCC(=O)CCC(=O)O)C/C=C\CC(=O)O)O
D00657,C([C@@H](C(=O)O)N)S
D00658,C1=C(C(=C(C(=C1Cl)Cl)CC2=C(C(=CC(=C2Cl)Cl)Cl)O)O)Cl
D00659,OS(=O)(=S)O.[Ag+].[Ag+]
D00660,[Li+].CC(=O)[O-]
D00661,C1=CC=C(C=C1)C(CCN)OC2=CC=C(C=C2)C(F)(F)F
D00662,C(CC(=O)O)CN=C(N)N
D00663,CN1CCCC1C2=CN=CC=C2
D00664,CC[C@H](C(=O)O)NCC1=C(C(=NC=C1COP(=O)(O)O)C)O
D00665,C(=C/C(=O)O)\C(=O)O
D00666,CC1=CN(C(=O)NC1=O)[C@H]2C[C@@H]([C@H](O2)COP(=O)(O)O)OP(=O)(O)O
D00667,C1C2=C(CS1(=O)=O)C=C(C=C2)N/C=C\3/C4=C(C=CC(=C4)C5=CN=CO5)NC3=O
D00668,C1C[C@@H](O[C@@H]1CO)N2C=CC(=NC2=O)N
D00669,C1=CC(=C[N+](=C1)[C@H]2[C@@H]([C@@H]([C@H](O2)COP(=O)(O)OP(=O)(O)OC[C@@H]3[C@H]([C@H]([C@@H](O3)[N+]4=CNC5=C4N=CN=C5N)O)O)O)O)C(=O)N
D00670,CC(=O)[O-].CC(=O)[O-].[Cu+2]
D00671,CC1=C2C=C(C=CC2=NN1)C3=CC(=CN=C3)OC[C@H](CC4=CC=CC=C4)N
D00672,CC1CCC2(C3(CC4(C5(C(C(C3(C5(C2(C1O)O4)O)O)OC(=O)C6=CC=CN6)(C(C)C)O)C)O)C)O
D00673,COC1=C(C(=C(C(=C1Cl)Cl)Cl)Cl)O
D00674,C([C@@H]1[C@H]([C@@H]([C@](O1)(CO)OC[C@@H]2[C@H]([C@@H]([C@](O2)(CO)OC[C@@H]3[C@H]([C@@H]([C@](O3)(CO)O)O)O)O)O)O)O)O
D00675,C1=CC=C(C=C1)C2=C(C(=C(S2)C(=O)O)OCC(=O)O)Br
D00676,CSCC[C@@H](C(=O)O)NC=O
D00677,CC1=C(SC(=N1)C)C2=NC(=NC=C2)NC3=CC=C(C=C3)N(C)C
D00678,C1=NC2=C(C(=N1)N)N=CN2C3C(C(C(O3)COP(=O)(CP(=O)(O)OCC4C(C(C(O4)O)O)O)O)O)O
D00679,CN(C)S(=O)(=O)C1=CC\2=C(C=C1)NC(=O)/C2=C\C3=CC4=C(N3)CCCC4
D00680,C1CCC(CC1)C(CCN2CCCCC2)(C3=CC=CC=C3)O
D00681,CN(C)CCOC(C1=CC=CC=C1)C2=CC=CC=C2
D00682,B1(OCCO1)OCCCC[NH3+]
D00683,C[N+]1(CCCC1C(=O)[O-])C
D00684,C1=NC2=C(C(=N1)N)N=CN2[C@H]3[C@@H]([C@@H]([C@H](O3)CO)O)O
D00685,CC(C)([C@@H](C(=O)O)N)S
D00686,CCC1C(C2=NC1=CC3=C(C4=C(N3)C(=C5[C@H]([C@@H](C(=N5)C=C6C(=C(C(=C2)N6)C(=O)C)C)C)CCC(=O)O)[C@H](C4=O)C(=O)OC)C)C
D00687,CC(=C)[C@@H]1CC[C@]2([C@H]1[C@H]3CC[C@@H]4[C@]5(CC[C@@H](C([C@@H]5CC[C@]4([C@@]3(CC2)C)C)(C)C)O)C)CO
D00688,C[C@]12CC[C@H]3C([C@@H]1CCC2=O)CCC4=CC(=O)CC[C@]34CC#C
D00689,CC[C@H](C)C(=O)O[C@H]1C[C@H](C=C2[C@H]1[C@H]([C@H](C=C2)C)CC[C@H](C[C@H](CC(=O)O)O)O)C
D00690,CCCCCC
D00691,CC(=O)[C@H]1CCC2[C@@]1(CCC3C2CC[C@@H]4[C@@]3(CC[C@@](C4)(COC)O)C)C
D00692,CC(C)NCC(COC1=CC=CC2=C1C3=CC=CC=C3N2)O
D00693,CCCCC/C=C\C/C=C\C/C=C\C/C=C\CCCC(=O)OCC
D00694,C[C@@H](/C=C(\C)/C=C/[C@@H]([C@H](C)C(=O)O)N)[C@H](CC1=CC=CC=C1)OC
D00695,CCCCC1=C2C(=NC=CN2)NC1=C3C=CC(=O)C=C3
D00696,OS(=O)(=O)O.O=S(=O)=O
D00697,CC(C)(COP(=O)(O)OP(=O)(O)OC[C@@H]1[C@H]([C@H]([C@@H](O1)N2C=NC3=C2N=CN=C3N)O)OP(=O)(O)O)C(C(=O)NCCC(=O)NCCSC(=O)CCCC(=O)O)O
D00698,C1=NC2=C(C(=N1)N)N=CN2[C@H]3[C@@H]([C@@H]([C@H](O3)COP(=S)(O)O)O)O
D00699,CCCCCCCCCCCCCCCC(=O)OCC(=O)[C@]1([C@@H](C[C@@H]2[C@@]1(C[C@@H]([C@]3([C@H]2CCC4=CC(=O)C=C[C@@]43C)F)O)C)C)O
D00700,C(C(=O)O)C(=O)O
D00701,CNS(=O)(=O)C1=CC=C(C=C1)C2=CC=C(O2)/C=C\3/C(=O)N=C(S3)N
D00702,C[C@H]1C[C@H]2[C@@H]3CCC4=CC(=O)C=C[C@@]4([C@]3([C@H](C[C@@]2([C@]1(C(=O)CO)O)C)O)Cl)C
D00703,CC(C)C1=CN(C(=O)NC1=O)C2CC(C(O2)CO)O
D00704,[OH3+].[OH3+].O.O.O.O.O.O.O.O.O.O.O.[OH2+]O.OO.OO.[V].[V].[V].[V].[V].[V].[V]
D00705,CC1(C(=O)N(C(=O)O1)C)C
D00706,C1CC1(C(=O)O)N
D00707,C1=CC=C(C=C1)CCCCOCCCCCCNCC(C2=CC(=C(C=C2)O)CO)O
D00708,[Cl]
D00709,CC1=CC2=C(C=C1)N=C(N3N2C(=O)[C@@H](C3=O)CC=C)N(C)C
D00710,C1=CC2=C3C(=C1)C=CC4=C3C(=CC5=C4C6C(O6)[C@H]([C@H]5O)O)C=C2
D00711,CCCCCCCCCCCCCCCCCCCCCCCCCC(=O)O
D00712,CC/C=C\C/C=C\C/C=C\CCCCCCCCCC(=O)O
D00713,CC1=C(C(=O)N2CCCCC2=N1)CCN3CCC(CC3)C4=NOC5=C4C=CC(=C5)F
D00714,CC1[C@@H](CC(=C/C=C/2\CCC[C@]3(C2CCC3[C@H](C)CCCC(C)(C)O)C)C[C@H]1O)O
D00715,C1C(=O)NC(=O)[C@]12C3=C(C=CC(=C3)F)C(=O)N(C2=O)CC4=C(C=C(C=C4)Br)F
D00716,CC1=CC=C(C=C1)C2=CC(=NN2C3=CC=C(C=C3)S(=O)(=O)N)C(F)(F)F
D00717,C1=CC2=C(C=C1F)C(=CN2)CC(C(=O)O)N
D00718,C(C1C([C@H]([C@@H]([C@H](O1)O)O)O)O)O.OS(=O)(=O)O
D00719,[12CH4]
D00720,C1CCS(=O)(=O)N(C1)C2=CC=C(C=C2)S(=O)(=O)N
D00721,C=C1[C@H]([C@H]([C@](O1)(CO)N2C=NC3=C2N=CN=C3N)O)O
D00722,CC(=O)[C@H]1CC[C@@H]2[C@@]1(CC[C@H]3[C@H]2CCC4=CC(=O)CC[C@H]34)C
D00723,[173Ta]
D00724,C1=C(C=C2C(=C1Cl)C(=C(N2)C(=O)O)CCC(=O)O)Cl
D00725,CC(=C)[C@@H]1CC[C@]2([C@H]1[C@H]3CC[C@@H]4[C@]5(CC[C@@H](C([C@@H]5CC[C@]4([C@@]3(CC2)C)C)(C)C)O)C)C(=O)O
D00726,[C]
D00727,CN(C)C1=CC=CC2=C1C=CC=C2S(=O)(=O)O
D00728,CN1C2=NC(=NC=C2C=C(C1=O)C3=C(C=CC=C3Cl)Cl)NC4=CC(=CC=C4)SC
D00729,C1CNCCN1
D00730,CCCOC1=C(C=CC(=C1)[C@@]2(CNC(=O)O2)C)OC
D00731,[SiH2]
D00732,C(C1C(C(C(C(O1)OC2C(OC(C(C2O)O)OC3C(OC(C(C3O)O)O)CO)CO)O)O)O)O
D00733,C(C#N)C(C(=O)O)N
D00734,CCCCCC(=O)O[C@@]1(CC[C@@H]2[C@@]1(CC[C@H]3[C@H]2CCC4=CC(=O)CC[C@]34C)C)C(=O)C
D00735,CC(C)[C@H](C(=O)NO)N(CC1=CN=CC=C1)S(=O)(=O)C2=CC=C(C=C2)OC
D00736,C[N+](C)(C)CCOC(=O)CBr
D00737,C([C@H](CN)O)C(=O)O
D00738,CC[C@@H]1[C@@]([C@@H]([C@H](C(=O)[C@@H](C[C@@]([C@@H]([C@H]([C@@H]([C@H](C(=O)O1)C)O[C@H]2C[C@@]([C@H]([C@@H](O2)C)O)(C)OC)C)O[C@H]3[C@@H]([C@H](C[C@H](O3)C)N(C)C)O)(C)O)C)C)O)(C)O
D00739,CCC1=NN(C(=O)N1CCOC2=CC=CC=C2)CCCN3CCN(CC3)C4=CC(=CC=C4)Cl
D00740,[O-]S(=O)(=O)[O-].[Ba+2]
D00741,CC(CC=O)O
D00742,C1CN[C@@H]1C(=O)O
D00743,C1=CC(=C(C(=C1)Cl)CC(=O)N=C(N)N)Cl
D00744,CCNC1=NC(=NC(=N1)Cl)NC(C)(C)C
D00745,CC(=O)OC(C)(C)/C=C/C(=O)[C@@](C)([C@H]1[C@@H](C[C@@]2([C@@]1(CC(=O)[C@@]3([C@H]2CC=C4[C@H]3C[C@@H](C(=O)C4(C)C)O)C)C)C)O)O
D00746,CC(=O)CC(=O)CCC(=O)O
D00747,C[C@]12CCC(=O)C=C1CC[C@@H]3[C@@H]2[C@H](C[C@]4([C@H]3CC[C@@]4(C(=O)COP(=O)([O-])[O-])O)C)O.[Na+].[Na+]
D00748,C1=CC(=CC=C1C[C@@H](C(=O)O)N)OP(=O)(O)O
D00749,CC(=O)[O-].CC(=O)[O-].[Ni+2]
D00750,CC(=O)N1CCN(CC1)C2=CC=C(C=C2)OC[C@H]3CO[C@@](O3)(CN4C=CN=C4)C5=C(C=C(C=C5)Cl)Cl
D00751,CC(C)C[C@H](C(=O)NO)N(CC1=CC=CC=C1)[P@@](=O)(C)C2=CC=CC=C2
D00752,C1=CC=C(C=C1)C(C#N)O[C@H]2[C@@H]([C@H]([C@@H]([C@H](O2)CO[C@H]3[C@@H]([C@H]([C@@H]([C@H](O3)CO)O)O)O)O)O)O
D00753,C[C@H](CCC(=O)O)[C@H]1CC[C@@H]2[C@@]1(CC[C@H]3[C@H]2C[C@H]([C@H]4[C@@]3(CC[C@H](C4)O)C)O)C
D00754,CC(C)C[C@H](CC(=O)O)C(=O)N[C@H]1CC2=CN(CCCCCCNC1=O)C3=CC=CC=C23
D00755,C1=CN(C2=C1C(=NC=N2)N)[C@H]3[C@@H]([C@@H]([C@H](O3)CO)O)O
D00756,COC1=CC(=C(C=C1CCN)OC)Br
D00757,CC12CCC3C(C1CCC2=O)CCC4=CC(=O)CCC34CO
D00758,CCCCCCCCCCCCCC(=O)SCCNC(=O)CCNC(=O)[C@H](C(C)(C)COP(=O)(O)OP(=O)(O)OC[C@@H]1[C@H]([C@H]([C@@H](O1)N2C=NC3=C2N=CN=C3N)O)OP(=O)(O)O)O
D00759,C1[C@@H](N(CC2=CC=CC=C21)S(=O)(=O)C3=CC=C(C=C3)C4=CC=CC=C4)C(=O)O
D00760,C(C(=O)[O-])C(CC(=O)[O-])(C(=O)[O-])O.O.[K+].[K+].[K+]
D00761,CC(=O)CC(=O)OC
D00762,[O-]S(=O)(=O)[O-].[Co+2]
D00763,C(C[C@H](C(=O)O)N)CN=C(N)N.C(C(C(=O)O)N)C(=O)O
D00764,COC1=C(C=CC(=C1)[C@@H]2[C@@H](OC3=C(O2)C=C(C=C3)[C@H]4C(C(=O)C5=C(C=C(C=C5O4)O)O)O)CO)O
D00765,C(CSSC[C@@H](C(=O)O)N)O
D00766,COC1=CC=C(C=C1)S(=O)(=O)N2CCN(CC2)S(=O)(=O)C3=CC4=C(C=C3)OCCO4
D00767,COC1=CC=C(C=C1)CCN2CCC(CC2)NC3=NC4=CC=CC=C4N3CC5=CC=C(C=C5)F
D00768,CCCCCCCCCCCCCCCC=O
D00769,C[C@H]1CC(=O)C[C@H]2[C@]1([C@H]3CC[C@]4([C@H]([C@@H]3CC2)CC[C@@H]4O)C)C
D00770,C(F)(F)Cl
D00771,C1=CC=C(C=C1)C2=CN3C(=CN=C3C(=C2)NCC4=CN=CN=C4)Br
D00772,C(=O)=S
D00773,C1=CC=C2C(=C1)C=C(N2)O
D00774,C1=NC2=C(C(=N1)N)N=CN2C3[C@H]([C@H]([C@H](O3)CC(CC[C@@H](C(=O)O)N)N)O)O
D00775,C(I)(I)I
D00776,CC1=CC=C(C=C1)N(CC2=NCCN2)C3=CC(=CC=C3)O
D00777,CS(=O)(=O)C1=CC=CC(=C1)NC2=NC=CC(=N2)NC3=C(C=CC4=C3OCO4)Cl
D00778,CC(C)NCC(C1=CC(=C(C=C1)O)OC)O
D00779,CC(C[N+](C)(C)C)OC(=O)C
D00780,CCCC(=O)C1=CN=CC=C1
D00781,C1=CC=C(C=C1)CN(CC2=CC=CC=C2)C(=O)[C@H](CC(=O)N(CC(=O)O)N)O
D00782,COC1=C(C=C2C(=C1)C(=NC=N2)N3CC[C@H](C3)OC4=NC5=CC=CC=C5N=C4)OC
D00783,C1=CC(=CN=C1)C(=O)N
D00784,CC#C[C@H]1CC[C@H](N1C(=O)[C@H](C2CCCC2)N)CN
D00785,CC1C\2CCC(/C2=C/C3(C(CC(=C3C(C1O)OC4C(C(C(C(O4)COC(C)(C)C=C)O)OC(=O)C)O)C(C)COC(=O)C)O)C)COC
D00786,CC(C)OC(=O)C(C)(C)OC1=CC=C(C=C1)C(=O)C2=CC=C(C=C2)Cl
D00787,C1CCC2=C(CC1)C(=O)OC3=C2C=CC(=C3)OS(=O)(=O)N
D00788,[78Se]
D00789,CN1CCN(CC1)CC(=O)N2C3=CC=CC=C3C(=O)NC4=C2N=CC=C4
D00790,C1CN2CCC1C(C2)CN3C4=CC=CC=C4SC5=CC=CC=C53
D00791,COC(=O)/C=C/C1=C(C=CC(=C1)O)O
D00792,C1=NC2=C(C(=N1)N)N=CN2[C@H]3[C@@H]([C@@H]([C@H](O3)COP(=O)(O)OP(=O)(O)OC[C@@H]4[C@H]([C@@H]5[C@H](O4)OP(=O)(O5)O)O)O)O
D00793,CC(=O)[C@H]1CCC2[C@@]1(CCC3C2CC[C@@H]4[C@@]3(CC[C@@](C4)(C=C)O)C)C
D00794,C1=CC=C2C(=C1)C(=O)C=CO2
D00795,CC(C)CCC(=O)O
D00796,CN(CCCCCCOC1=CC2=C(C=C1)C(=NS2)C3=CC=C(C=C3)Br)CC=C
D00797,C1=CC=C2C(=C1)C=CC(=O)N2
D00798,C(CN)CSC[C@@H](CO)N
D00799,C12C3C(=O)O[Sb-]4(O3)OC(C5C(=O)O[Sb-](O1)(O5)OC2=O)C(=O)O4.[Na+].[Na+]
D00800,CC(=O)[C@H]1CC[C@@H]2[C@@]1(CC[C@@H]3[C@H]2C=CC4=CC(=O)CC[C@@]34C)C
D00801,C[C@]12CC[C@](C[C@@H]1C3=CC(=O)[C@@H]4[C@]5(CC[C@@H](C([C@@H]5CC[C@]4([C@@]3(CC2)C)C)(C)C)O)C)(C)C(=O)O
D00802,C1CCC2CCCCC2C1
D00803,C(CNC(CO)(CO)CO)CNC(CO)(CO)CO
D00804,[C@@H]1([C@H]([C@H](O[C@@H]([C@@H]1O)O[C@@H]2[C@@H]([C@H]([C@H](O[C@@H]2C(=O)O)O[C@@H]3[C@@H]([C@H](C(O[C@@H]3C(=O)O)O)O)O)O)O)C(=O)O)O)O
D00805,CC1(CCC2(CCC3(C(=CCC4C3(CCC5C4(CC(C(C5(C)C(=O)OC6C(C(C(C(O6)CO)O)O)O)O)O)C)C)C2C1)CO)C(=O)OC7C(C(C(C(O7)CO)O)O)O)C
D00806,C[N+]1(CCC(C1)OC(=O)C(C2CCCC2)(C3=CC=CC=C3)O)C
D00807,CC(C)C[C@H](C(=O)O)N
D00808,CCC(C)(C)C(=O)OC
D00809,[Mg+2].[Br-].[Br-]
D00810,[B-](CCCC[C@@H](C(=O)O)N)(O)(O)O
D00811,COC1=CC(=CC(=C1OC)OC)CC2=CN=C(N=C2N)N
D00812,C1C[C@H](N(C1)C(=O)[C@@H](CC2=CC=CC=C2)N)C(=O)NCC3=CC=CC=C3
D00813,C1CC(=O)O[C@H]1[C@H]2C3=CC=CC=C3CCN2C(=O)OCC4=CC=CC=C4
D00814,[O-]P(=O)([O-])[O-].[Mn+2]
D00815,C[C@@H]1C[C@H]2[C@@H]3C[C@@H](C4=CC(=O)C=C[C@@]4([C@H]3[C@H](C[C@@]2([C@H]1C(=O)CO)C)O)C)F
D00816,CN1C=C(C=N1)C2=NN3C(=NN=C3SC4=CC5=C(C=C4)N=CC=C5)C=C2
D00817,NS(=O)O
D00818,CCOC1=CC=CC=C1C[C@@H](C2=CC=CC=C2)N3CCNCC3.[Cl-]
D00819,CCCCOCCO
D00820,CC1(CCC2(CCC3(C(=CCC4C3(CCC5C4(CCCC5(C)C)C)C)C2C1)C)C)C
D00821,F[Cu]
D00822,CC(=C)[C@@H]1CC[C@]2([C@H]1[C@H]3CC[C@@H]4[C@]5(CC[C@@H](C([C@@H]5CC[C@]4(C3(CC2)C)C)(C)C)O)C)C
D00823,C1OC2=C(O1)C=C(C=C2)CCN
D00824,CCC1=CC=C(C=C1)NC(=O)P(=O)(O)O
D00825,CC(C)(C)C1=NC2=C(N1)C3=C(C=C(C=C3)F)C4=C2C=CNC4=O
D00826,CC1=CC(=C(C=C1Cl)S(=O)(=O)[O-])NN=C2C(=O)C=CC3=CC=CC=C32.CC1=CC(=C(C=C1Cl)S(=O)(=O)[O-])NN=C2C(=O)C=CC3=CC=CC=C32.[Ba+2]
D00827,C[C@H]1[C@H]([C@H](CC(O1)O[C@H]2C[C@@](CC3=C(C4=C(C(=C23)O)C(=O)C5=C(C4=O)C=CC=C5O)O)(C(=O)C)O)N)O.Cl
D00828,C=[CH]
D00829,CCCCN(CCCC)C1=CC=CC2=C1C=CC=C2S(=O)(=O)Cl
D00830,CC(=CCC[C@@](C)([C@H]1CC[C@@]2([C@@H]1[C@@H](C[C@H]3[C@]2(C[C@@H]([C@@H]4[C@@]3(CC[C@@H](C4(C)C)O)C)O[C@H]5[C@@H]([C@H]([C@@H]([C@H](O5)CO)O)O)O)C)O)C)O[C@H]6[C@@H]([C@H]([C@@H]([C@H](O6)CO)O)O)O)C
D00831,C1=CC=C2C(=C1)C3=CC=CC=C3C2=NOCCC(=O)O
D00832,CC(C)C[C@H](CC(=O)NO)C(=O)N[C@@H](CC1=CNC2=CC=CC=C21)C(=O)NC
D00833,C1=C(C=C(C(=C1Br)O)Br)C[C@@H](C(=O)O)N
D00834,CC(=CCC/C(=C/CC/C(=C/C=O)/C)/C)C
D00835,C1=CC(=C(C(=C1)Cl)C2=C3C=CC(=NN3C=NC2=O)SC4=C(C=C(C=C4)F)F)Cl
D00836,CC(=C)C1CCC(=CC1)C(=O)O
D00837,C1CNCCC1N2C=NC(=C2C3=NC(=NC=C3)N)C4=CC=C(C=C4)F
D00838,[125IH]
D00839,CC1=CC(=C(C(=C1CC2=NCCN2)C)O)C(C)(C)C
D00840,C1CN(CCC1C(=O)N2CCN(CC2)S(=O)(=O)C3=CC4=C(C=C3)C=C(C=C4)Cl)C5=CC=NC=C5
D00841,C/C(=N\OC(=O)N)/C1=CC(=C(C=C1)OC)OC2CCCC2
D00842,CCCCCN
D00843,C(CS)C(=O)O
D00844,CN1C2CCCC1CC(C2)NC(=O)C3=NN(C4=CC=CC=C43)C
D00845,C1CNCCC1NC(=O)C2=C(C=NN2)NC(=O)C3=C(C=CC=C3Cl)Cl
D00846,C1=CC=NC(=C1)COC2=C(C=C(C=C2)C3=CC4=C(C=C3)C=CN4)CNC5=C(N=CC=C5)N
D00847,C1=CC(=C(C=C1F)OCC(=O)O)C(=S)NCC2=C(C=C(C=C2)Br)F
D00848,C[C@]12CCCC=C1CC[C@@H]3[C@@H]2CC[C@]4([C@H]3CC[C@]4(C#C)O)C.C[C@]12CC[C@H]3[C@H]([C@@H]1CC[C@]2(C#C)O)CCC4=C3C=CC(=C4)O
D00849,CN(C)C1=NC=NC2=C1NC=[N+]2[C@H]3[C@@H]([C@@H]([C@H](O3)CO)O)O
D00850,C([C@@H](C(=O)[O-])O)[NH3+]
D00851,C1CC(C1)O
D00852,[O-]S(=O)(=O)[O-].[O-]S(=O)(=O)[O-].[O-]S(=O)(=O)[O-].[Al+3].[Al+3]
D00853,CC(C)C[C@H](CC(=O)NO)C(=O)N[C@H]1CC2=CN(CCCCCCNC1=O)C3=CC=CC=C23
D00854,CCCC[N+]#[C-]
D00855,C1=CC=C(C(=C1)C(=O)O)O
D00856,CC(C)C(C(=O)O)N
D00857,C1C=C[C@H]2C(=C1)C=CC3=C(N2CC4=CN=C5C(=N4)C(=NC(=N5)N)N)C=CC(=C3)O
D00858,CC1C(C(CC(O1)OC2CC(CC3=C(C4=C(C(=C23)O)C(=O)C5=C(C4=O)C=CC=C5OC)O)(C(=O)CO)O)NCC6=CN=CC=C6)O
D00859,C[C@]12C[C@@H]([C@]3([C@H]([C@@H]1C[C@H]([C@@]2(C(=O)CO)O)O)CCC4=CC(=O)C=C[C@@]43C)F)O
D00860,C[C@]12CC[C@H]3[C@H]([C@@H]1CC[C@]2(C)O)CCC4=CC(=O)C=C[C@]34C
D00861,CCCC(=O)SCC[N+](C)(C)C
D00862,C1=CC2=C(C=CC(=C2)C(=O)O)C=C1C(=O)O
D00863,CC[C@]12CC(=C)[C@H]3[C@H]([C@@H]1CC[C@]2(C#C)O)CCC4=CC(=O)CC[C@H]34
D00864,CCC(=O)O[C@@]1([C@H](CC2[C@@]1(C[C@@H]([C@]3(C2CCC4=CC(=O)C=C[C@@]43C)F)O)C)C)C(=O)CCl
D00865,CC(=CCC[C@](C)(C1CC[C@@]2([C@@H]1[C@@H](CC3[C@]2(CC[C@@H]4[C@@]3(CC[C@@H](C4(C)C)O)C)C)O)C)O)C
D00866,CCCCCCCCCCCCCCCCCC(=O)OCC(COP(=O)(O)OCCO)OC(=O)CCCCCCCC=CCCCCCCCC
D00867,C[C@]12CC[C@H]3[C@H]([C@@H]1CCC2=O)CCC4=CC(=O)C=C[C@]34C
D00868,CC(C)(CC(=O)O)O
D00869,C1CCC2(CC1)CC(=O)NC(C(=O)NC(C(=O)NC(C(=O)NC(C(=O)NC(CSS2)C(=O)N3CCCC3C(=O)NC(CCCN=C(N)N)C(=O)NCC(=O)N)CC(=O)N)CCC(=O)N)CC4=CC=CC=C4)CC5=CC=C(C=C5)O
D00870,C(CC(C(=O)O)N)CC(C(=O)O)N
D00871,C1=CN(C(=O)N=C1N)[C@@H]2[C@@H]([C@@H]([C@@H](O2)CO)OP(=O)([O-])[O-])O
D00872,C1=C/C(=C/N=O)/NC=C1
D00873,[O-]S(=O)(=O)[O-].[Ni+2]
D00874,CC1=C(C(=O)NO1)C[C@@H](C(=O)O)N
D00875,C1CCC(C1)N2C3=C(C(=N2)C4=CN=C5C(=C4)C=CN5)C(=NC=N3)N
D00876,CCCNC(=O)[C@@H]1[C@H](O1)C(=O)N[C@@H]([C@@H](C)CC)C(=O)N2CCC[C@H]2C(=O)OC
D00877,CC(C)[C@@H](C(=O)NS(=O)(=O)OC[C@@H]1[C@H]([C@H]([C@@H](O1)N2C=NC3=C2N=CN=C3N)O)O)N
D00878,CCCCCCCCCCC(=O)O[C@H]1CC[C@@H]2[C@@]1(CC[C@H]3[C@H]2CCC4=CC(=O)CC[C@]34C)C
D00879,CC1(C2CC=C(C1C2)CCO)C
D00880,N.N.N.N.N.N.O.O.O.O.O.O.O.O.O.O.O.O.O.O.O.O.O.O.O.O.O.O.O.O.[Mo].[Mo].[Mo].[Mo].[Mo].[Mo].[Mo]
D00881,C1CC(N(C1)C(=O)[C@H](CC2=CC=CC=C2)NC(=O)[C@H](CC(=O)O)NC(=O)CNC(=O)C(CCCN=C(N)N)NC(=O)[C@H](CO)NC(=O)C3=CC=CC=C3N=C(N)N)C(=O)C(CCCCN)NC(=O)C4CCCN4C(=O)[C@H](CC5=CC=CC=C5)NC(=O)[C@H](CC(=O)O)NC(=O)CNC(=O)C(CCCN=C(N)N)NC(=O)[C@H](CO)NC(=O)C6=CC=CC=C6N=C(N)N
D00882,CC(C)CN(CC(=O)NO)S(=O)(=O)C1=CC=C(C=C1)OC
D00883,[129IH]
D00884,CCCCCCCCCCCCCCCC(=O)OC
D00885,CC[C@@]1(CC[C@H]2[C@H](C1)CC[C@@H]3[C@@]2(CCCC3(C)C)C)C
D00886,CC(C)N
D00887,C1=CC2=C(C=C1S(=O)(=O)N)NC(=N2)C3=CSC=N3
D00888,[11B]
D00889,[99Mo]
D00890,CCN1C2=CC3=C4CCCC5=C(NNC5=C4N=C3C=C2C(C1=O)(C)C)C
D00891,CC(C)CC(C1(CCC1)C2=CC=C(C=C2)Cl)N(C)C
D00892,CN1C2=C(C=C(C=C2)NS(=O)(=O)C3=CC=CC=C3)N=C1CC4=CC=C(C=C4)C(=N)N
D00893,C1C(C[C@@H](C([C@H]1OC(=O)/C=C/C2=CC(=C(C=C2)O)O)O)OC(=O)/C=C/C3=CC(=C(C=C3)O)O)(O)C(=O)O
D00894,CC(=O)N[C@@H]1[C@H]([C@@H]([C@H](O[C@@H]1OP(=O)(O)OP(=O)(O)OC[C@@H]2[C@H]([C@H](C(O2)N3C=CC(=O)NC3=O)O)O)CO)O)O
D00895,C[C@@H]1CC[C@H](C2=C(CC[C@H]12)C)/C=C(\C)/C(=O)O
D00896,C1=CC=C2C(=C1)C3=NNC4=CC=CC(=C43)C2=O
D00897,C[C@H](CCC(=O)O)[C@H]1CC[C@@H]2[C@@]1([C@H](C[C@H]3[C@H]2[C@@H](C[C@H]4[C@@]3(CC[C@H](C4)O)C)O)O)C
D00898,C[N+](C)(C)C1=CC=CC(=C1)C(C(F)(F)F)(O)O
D00899,C1=CC2=C(C=C1C(=[NH2+])N)NC(=N2)C(=O)C3=NC4=C(N3)C=C(C=C4)C(=[NH2+])N
D00900,CCOC(=O)[C@@H]1[C@@H]([C@@H]2C(=C([C@H]1O2)C3=CC=C(C=C3)O)C4=CC=C(C=C4)O)C(=O)OCC
D00901,CCCC[C@@H](C(=O)C(=O)NC1=CC=NN1)NC(=O)OCC2(CCC2)CC3=CC=C(C=C3)F
D00902,CC(C)[C@H](NS(=O)(=O)CCC1=CC=CC=C1)P(=O)(C[C@@H](C2=CC=CC(=C2)CN)C(=O)O)O
D00903,C1=CC2=C3C(=C1)C=CC4=C3C(=CC5=C4[C@H]6[C@H](O6)[C@@H]([C@H]5O)O)C=C2
D00904,C1CN(CCN1C/C=C/C2=CC=CC=C2)C(C3=CC=C(C=C3)F)C4=CC=C(C=C4)F
D00905,CC1=C(C=C(C=C1)C(=O)NC2CC2)C3=CC=C(C=C3)C(=O)NCC4CC4
D00906,C1C[C@@H](NC1)COC2=CC=C(C=C2)C(=O)C3=CC=C(C=C3)C4=CSC=C4
D00907,CC(C)CCC(C(C)C1CCC2C1(CCC3C2CC=C4C3(CCC(C4)O)C)C)O
D00908,CCN(CC)CCOC(=O)[C@H]1C(S[C@H]2N1C(=O)[C@H]2NC(=O)CC3=CC=CC=C3)(C)C.I
D00909,COC1=CC(=CC(=C1OC)OC)[C@H]2[C@H]3[C@H](COC3=O)[C@H](C4=CC5=C(C=C24)OCO5)O
D00910,[2H]C(=O)[2H]
D00911,[H+].[H+].[H+].[OH-]
D00912,C[C@]12CC[C@H]3[C@H]([C@@H]1CC[C@@H]2OS(=O)(=O)N)CCC4=CC(=C(C=C34)OC)OS(=O)(=O)N
D00913,O.[Ag].[Ag]
D00914,CC(C)[C@H](CO)NC1=NC2=C(C(=N1)NC3=CC(=CC=C3)Cl)N=CN2C(C)C
D00915,CCCCCCCCCCCCCC(=O)OC1C(C2(C(C=C(CC3(C2C=C(C3=O)C)O)CO)C4C1(C4(C)C)OC(=O)C)O)C
D00916,CC1=CC(=CC(=C1)O)C
D00917,C[C@@H]([C@H](C(=O)O)N)OP(=O)(O)O
D00918,CC([C@@H]1CC[C@H]([C@H](O1)O[C@@H]2[C@H]([C@@H]([C@@H]([C@H]([C@H]2O)N(C)C(=O)CN)OC)O)N)N)N.OS(=O)(=O)O.OS(=O)(=O)O
D00919,C=CC(=O)NC1=CC2=C(C=C1)N=CN=C2NC3=CC(=CC=C3)Br
D00920,CCCCCCCC/C=C\CCCCCCCC(=O)OCC(CO)OC(=O)CCCCCCC/C=C\CCCCCCCC
D00921,C1CC(NC1)C(=O)O
D00922,CC12CC[C@H](C[C@@H]1CCC3C2CCC4(C3CCC4C(=O)CO)C)O
D00923,CC(C)NCC(COC1=CC=C(C=C1)CC(=O)N)O
D00924,CCCCCCO[C@H]1[C@@H]([C@H]([C@H]([C@H](O1)CO)O)O)O
D00925,CCCCN=C(N)N=C(N)N
D00926,C(C(C(C(=O)O)O)O)(C(C(=O)O)O)O
D00927,CC1=C(C(=O)N2CCCC(C2=N1)O)CCN3CCC(CC3)C4=NOC5=C4C=CC(=C5)F
D00928,C([C@H]([C@@H]([C@H]([C@H](C(=O)O)O)O)O)O)O
D00929,CC1=CC(=O)OC2=C1C=CC(=C2)O[C@@H]3[C@@H]([C@H]([C@H]([C@H](O3)CO)O)O)O
D00930,CC1=NC=C(C(=C1O)C=O)COP(=O)(O)O
D00931,[Li+].[Li+].[Li+].[Li+].[CH3-]
D00932,C/C(=C\CNC1=NC=NC2=C1N=CN2[C@H]3[C@@H]([C@@H]([C@H](O3)CO)O)O)/CO
D00933,CCCCCCCCCC1=CC=C(C=C1)O
D00934,C1CC1COC2=C(C=CC(=C2)C(=O)NC3=C(C=NC=C3Cl)Cl)OC(F)F
D00935,C[C@H]/1CC[C@@H]2C[C@H](C[C@@](O2)([C@@H]3CSC(=O)N3)O)OC(=O)/C=C(\CC/C=C1)/C
D00936,C/C=C(\CC[C@@H](C)[C@H]1CC[C@@H]2[C@@]1(CC[C@H]3[C@H]2CC=C4[C@@]3(CC[C@@H](C4)O)C)C)/C(C)C
D00937,CC1=NC2=C(N1)CCN(C3=CC=CC=C32)C(=O)C4=CC=C(C=C4)NC(=O)C5=CC=CC=C5C6=CC=CC=C6
D00938,C1[C@H](CO[C@@H]1CO)O
D00939,C([C@@H](C(=O)O)N)SS(=O)(=O)O
D00940,C1=CC=C(C=C1)CC(C(=O)O)NC(=O)C2=CC=CC=C2
D00941,C1=CC=C2C(=C1)NC=N2
D00942,C1[C@H]([C@@H]1C2=CC3=C(C=C2)C=C(C=C3)C(=N)N)C4=CC=CC=C4
D00943,CCS(=O)(=O)O
D00944,CC(=O)N[C@H]1[C@@H]([C@H]([C@@H](O[C@H]1O)CO)O)O
D00945,CCC(C)C(C(=O)NC(CC1=CN=CN1)C(=O)N2CCCC2C(=O)NC(CC3=CC=CC=C3)C(=O)O)NC(=O)C(CC4=CC=C(C=C4)O)NC(=O)C(C(C)C)NC(=O)C(CCCN=C(N)N)NC(=O)C(CC(=O)O)N
D00946,CCC(C)[C@@H](C(=O)N[C@@H](C(C)O)C(=O)N[C@@H](CC(C)C)C(=O)N[C@@H](CC1=CNC2=CC=CC=C21)C(=O)O)NC(=O)[C@H](CCC(=O)N)NC(=O)C3CCCN3C(=O)CCCCCCCCCCCCCCC(=O)N[C@@H](CO)C(=O)N[C@@H](C(C)O)C(=O)N[C@@H](CC(C)C)C(=O)N[C@@H](CC(=O)N)C(=O)N[C@@H](CSSC4=CC(=C(C=C4)[N+](=O)[O-])C(=O)O)C(=O)O
D00947,C1=CC(=CC=C1C[C@H](C(=O)O)N)Cl
D00948,CC(=O)[C@H]1CC[C@@H]2[C@@]1(CC(=O)[C@H]3[C@H]2CC[C@@H]4[C@@]3(CC[C@H](C4)O)C)C
D00949,C1C[C@H]([C@@H](CNC1)NC(=O)C2=CC=C(C=C2)O)OC(=O)C3=CC=C(C=C3)O
D00950,CN1C2=C(C(=O)N(C1=O)C)NC(=N2)C(CN)N
D00951,C1=NC2=C(N1)C(=O)NC(=O)N2
D00952,CC1=C(C2=C(N1C(=O)C3=CC=C(C=C3)Cl)C=CC(=C2)OC)CC(=O)O
D00953,C([C@H](C(=O)O)OP(=O)(O)O)O
D00954,C(C(=O)O)N
D00955,CCCC/C=C\CCCCCCCC(=O)O
D00956,C[C@]12CCC(=O)C=C1C=C[C@@H]3[C@@H]2CC[C@]4([C@H]3CC[C@@]45CCC(=O)O5)C
D00957,C[C@@]1(C(=O)N2[C@H](C(=O)N3CCC[C@H]3[C@@]2(O1)O)CC4=CC=CC=C4)NC(=O)[C@@H]5C[C@H]6[C@@H](CC7=CNC8=CC=CC6=C78)N(C5)C
D00958,CC(C(=O)O)C(=O)O
D00959,C1CC1C(=O)NC2=CC=CC(=C2)NC3=NC=CC(=N3)NC4=CC=CC(=C4)C(F)(F)F
D00960,[O-2].[O-2].[O-2].[O-2].[O-2].[O-2].[O-2].[O-2].[O-2].[O-2].[O-2].[O-2].[O-2].[O-2].[O-2].[O-2].[O-2].[O-2].[O-2].[O-2].[O-2].[O-2].[O-2].[O-2].[O-2].[O-2].[O-2].[O-2].[O-2].[O-2].[O-2].[O-2].[O-2].[O-2].[Na+].[Na+].[Na+].[Na+].[Na+].[Na+].[Na+].[Na+].[Na+].[Si+4].[W].[W].[W].[W].[W].[W].[W].[W].[W]
D00961,CCC(=O)[C@]1([C@@H](C[C@@H]2[C@@]1(C[C@@H]([C@H]3[C@H]2CCC4=CC(=O)C=C[C@]34C)O)C)C)C
D00962,C(CN)CO
D00963,CN1CCCCC1CCN2C3=CC=CC=C3SC4=C2C=C(C=C4)SC
D00964,CC(=O)N[C@@H](CC1=CC=CC=C1)C(=O)N[C@@H](CC2=CC=C(C=C2)C(F)(F)P(=O)(O)O)C(=O)N
D00965,C(C(CN)O)C(=O)O
D00966,CC(CCO)O
D00967,CC12CCC(=O)C=C1CCC3C2C(=O)CC4(C3CCC4C(=O)CO)C
D00968,[SiH3][SiH3]
D00969,C([C@H](C(=O)[O-])N)C(=O)O.C([C@@H](C(=O)[O-])N)C(=O)O.[Zn+2]
D00970,C1CCC(CC1)C(=O)O
D00971,COCCCCCCCCCCCC(=O)OC[C@@H](COP(=O)(O)OC[C@@H](C(=O)O)N)OC(=O)CCCCCCCCCCCOC
D00972,CC12CC(C3C(C1CCC2(C(=O)COP(=O)(O)O)O)CCC4=CC(=O)C=CC34C)O
D00973,CCCCCCCCCCCCCC(=O)OC[C@H](COP(=O)([O-])OCC[N+](C)(C)C)OC(=O)CCCCCCCCCCCNC1=C(C=C(C=C1)[N+](=O)[O-])N=[N+]=[N-]
D00974,C1[C@H](C[C@@H]([C@H]1CO)O)N2C=NC3=C2NC(=NC3=O)N
D00975,C1CN(CCC1NCC2=CC=CC=C2O)S(=O)(=O)NC3=CC(=CC=C3)OC4=CC=C(C=C4)F
D00976,CCCCC/C=C/CC/C=C/CCCCCCC(=O)O
D00977,CC(CC1=CC=CC=C1)NC2=NC=NC3=C2N=CN3[C@H]4[C@@H]([C@@H]([C@H](O4)CO)O)O
D00978,CC(C)OC1=CC=CC(=C1)NC(=O)C2=CC(=C(C(=C2)Cl)OCCN)Cl
D00979,CC[C@H](/C=C/[C@@H](C)[C@H]1CC[C@@H]2[C@@]1(CC[C@H]3C2=CC[C@@H]4[C@@]3(CC[C@@H](C4)O)C)C)C(C)C
D00980,CCN(CC)CC(=O)NC1=C(C=CC=C1C)C
D00981,CC(C)CN1C2=C(C(=O)N(C1=O)C)NC=N2
D00982,C1=CC=C2C(=C1)C(=C(N2)C3=C4C=CC=CC4=NC3=O)NO
D00983,C[C@H]1[C@H]2[C@H](C[C@@]3([C@@]2(CC[C@]45[C@H]3CC[C@@H]6[C@]4(C5)CC[C@@H](C6(C)C)O)C)C)O[C@]7([C@@H]1OC([C@H]7O)(C)C)O
D00984,C1CN=C(N1)NC2=C(C=CC=C2Cl)Cl
D00985,O.[Cu].[Cu]
D00986,CC(C)(C1=CC=C(C=C1)C(CCCN2CCC(CC2)C(C3=CC=CC=C3)(C4=CC=CC=C4)O)O)C(=O)O
D00987,CC(=O)NC1=NN=C(S1)S(=O)(=O)N
D00988,CC1CCCO1
D00989,[Ho]
D00990,C[C@H](CC1=CC2=C(C(=C1)C(=O)N)N(CC2)CCCO)NCCOC3=CC=CC=C3OCC(F)(F)F
D00991,CC[C@H]1CCCCN1CCC(=O)NC2=CC3=C(C=C2)C=C4C=CC(=CC4=N3)NC(=O)CCN5CCCC[C@H]5CC
D00992,CC1=C(C2=CC3=C(C(=C(N3)C=C4C(=C(C(=N4)C=C5C(=C(C(=N5)C=C1N2)C)CCC(=O)OC)CCC(=O)OC)C)C=C)C)C=C
D00993,CC1(C2=C(C=CC(=C2)C3=CC=C(N3C)C#N)NC(=S)O1)C
D00994,[O-]S(=O)(=O)[S-].[O-]S(=O)(=O)[S-].[Na+].[Na+].[Na+].[Au+]
D00995,C([C@@H]1[C@H]([C@@H]([C@H]([C@H](O1)OC[C@H]([C@H]([C@@H](C(=O)CO)O)O)O)O)O)O)O
D00996,C([C@H](COP(=O)(O)OCC(COP(=O)(O)OC[C@@H](COC=O)OC=O)O)OC=O)OC=O
D00997,C[N+](C)(C)CCCCCCCCCC[N+](C)(C)C
D00998,CCCCCCCCCCCCCC(=O)O[C@@H](CO)COC(=O)CCCCCCCC
D00999,CN1C(=C(C2=C1C(=O)C=C(C2=O)N3CC3)CO)CCCO
D01000,C(CCN)C[C@@H](C(=O)O)N
D01001,N.N.N.N.N.N.[Cl-].[Cl-].[Cl-].[Co+3]
D01002,C1=CC=C(C=C1)CSC[C@@H](C(=O)O)N
D01003,CN(C)C(=NCCC[C@@H](C(=O)O)N)N
D01004,C1CCCC(CC1)CC2=CC3=C(S2(=O)=O)C=C(C=C3)OS(=O)(=O)N
D01005,COCCOC1=C(C=C2C(=C1)C(=NC=N2)NC3=CC=CC(=C3)C#C)OCCOC
D01006,COC1=CC(=CC(=C1)C2=NC(=C(C(=N2)N)CN)C3=C(C=C(C=C3)Cl)Cl)OC
D01007,C[C@@H]1C[C@@H]([C@@H]2[C@H]([C@H](C=CC2=C1)C)CC[C@H](C[C@H](CC(=O)O)O)O)O
D01008,C12=C(NC(=O)N1)NC(=O)NC2=O
D01009,CCCCCCCCCCCCCCCC(=O)O[C@H]1CC[C@@]2([C@H]3CC[C@]4([C@H]([C@@H]3CC=C2C1)CC[C@@H]4[C@H](C)CCCC(C)C)C)C
D01010,C1[C@@H]([C@H]([C@@H](N1)CO)O)O
D01011,CCCCCCCCCC(=O)O[C@H]1CC[C@@H]2[C@@]1(CC[C@H]3[C@H]2CCC4=CC(=O)CC[C@H]34)C
D01012,CCOCCOCCOCCOCCOCCOCC
D01013,C1[C@@H]([C@H](O[C@H]1N2C=NC3=C2NC=NC3=O)COP(=O)(O)OP(=O)(O)OP(=O)(O)O)O
D01014,CC(C)C1=CC(=C(C)C)CCC1O
D01015,CC1=CC(=O)C[C@H]2[C@]1([C@H]3CC[C@]4([C@H]([C@@H]3CC2)CC[C@@H]4O)C)C
D01016,CC1=CC(=C(C=C1)C(=O)OC)C2=NC(C(=O)N2)(C)C(C)C
D01017,C[Si]C
D01018,C[C@@H](/C=C/C=C/C(C)C)C1=NC(=CS1)C2=NC(=CS2)/C=C/[C@@H]([C@@H](C)/C(=C\C(=O)N)/OC)OC
D01019,C1=CC2=C3C(=C1)C=CC4=C3C(=CC5=C4[C@@H]6[C@@H](O6)[C@@H]([C@H]5O)O)C=C2
D01020,CC(C)C[C@H](CC(=O)NO)C(=O)N[C@@H](CC1=CC=C(C=C1)OC)C(=O)NC
D01021,O=[V]=O
D01022,CCCCC/C(=C/C/C=C\CCCCCCCC(=O)O)/O
D01023,CCC(C)C(=O)O
D01024,C[C@H]([C@@H]1CC[C@H]([C@H](O1)O[C@@H]2[C@H](C[C@H]([C@@H]([C@H]2O)O[C@@H]3[C@@H]([C@H]([C@@](CO3)(C)O)NC)O)N)N)N)NC
D01025,CC1=CN(C(=O)NC1=O)[C@H]2[C@@H]([C@@H]([C@H](O2)CO)O)O
D01026,CCCCCOC1=CC=C(C=C1)C2=CC(=NO2)C3=CC=C(C=C3)C(=O)NC4C[C@@H]([C@H](NC(=O)[C@H]5[C@@H]([C@@H](CN5C(=O)[C@H](NC(=O)[C@H](NC(=O)[C@H]6C[C@@H](CN6C(=O)[C@H](NC4=O)[C@@H](C)O)O)C([C@H](C7=CC(=C(C=C7)O)OS(=O)(=O)O)O)O)[C@H](CC(=O)N)O)C)O)O)O
D01027,[Li+].[O-]P(=O)=O
D01028,C1CCC(CC1)O
D01029,CN1CC[C@]23[C@@H]4[C@@H](CC[C@]2([C@H]1CC5=C3C(=C(C=C5)O)O4)O)F
D01030,C1=CC=C2C(=C1)NC(=N2)C3=CSC=N3
D01031,C1C[C@H](NC1)C(=O)O
D01032,CCN(C1=CC=CC=C1)S(=O)(=O)C2=CC(=C(C=C2)NC(=O)[C@](C)(C(F)(F)F)O)C
D01033,CC1=C2C(=NC(=NC2=NC=C1/C=C\C3=C(C=CC(=C3)OC)OC)N)N
D01034,CCCC[C@@H](C=O)NC(=O)O[C@H](CC1=CC=CC=C1)C(C)C
D01035,[43Ca]
D01036,C1CN(CCN1C/C=C/C2=CC=CC=C2)C(C3=CC=CC=C3)C4=CC=CC=C4
D01037,C(C(=O)O)(F)F
D01038,COC(=O)CN[C@H]1C(=O)NC2=C(C=C(C=C2)Cl)C(=N1)C3=CC=CC=C3Cl
D01039,C1=CC=C2C(=C1)C(=O)C(=O)N2
D01040,CN(C)C(=O)C(CC[N+]1(CCC(CC1)(C2=CC=C(C=C2)Cl)O)[O-])(C3=CC=CC=C3)C4=CC=CC=C4
D01041,CC[C@H](C=O)[C@@H](CNS(=O)(=O)C1=CC=C(C=C1)C)C(=O)O
D01042,C1[C@@H](NCC2=C1C=CC(=C2)S(=O)(=O)NC3=CC=C(C=C3)Cl)CO
D01043,CCCCCCC(C)(C)C1=CC2=C([C@@H]3CC(=O)CC[C@H]3C(O2)(C)C)C(=C1)O
D01044,CCC(C(=O)O)C(=O)O
D01045,C1[C@H]([C@@H](C(=O)C[C@]1(C(=O)O)O)O)O
D01046,C1=CC(=CC(=C1)Br)C2=CC(=[N+]3C(=N2)C=CN3)NCC4=CC=NC=C4
D01047,CC(=CCC[C@@](C)([C@H]1CC[C@@]2([C@@H]1[C@@H](C[C@H]3[C@]2(CC[C@@H]4[C@@]3(CC[C@@H](C4(C)C)O)C)C)O)C)O)C
D01048,C(CC(=O)O)C(=O)C(=O)O
D01049,[B-](/C=C/CC[C@@H](C(=O)O)N)(O)(O)O
D01050,CC(=O)N1CCC[C@H]1C(=O)N[C@@H](CCCN=C([NH3+])N)C(=O)C2=NC3=CC=CC=C3S2.C(=O)(C(F)(F)F)[O-]
D01051,CN1CCN2C(C1)C3=CC=CC=C3CC4=CC=CC=C42
D01052,CCCCCCCC/C=C\CCCCCCCCOCC(CO)O
D01053,CCC1C(=O)N(CC(=O)N([C@@H](C(=O)N[C@@H](C(=O)N([C@@H](C(=O)N[C@@H](C(=O)N[C@@H](C(=O)N([C@H](C(=O)N([C@H](C(=O)N([C@H](C(=O)N([C@H](C(=O)N1)[C@@H]([C@H](C)C/C=C/C)O)C)C(C)C)C)CC(C)C)C)CC(C)C)C)C)C)CC(C)C)C)C(C)C)CC(C)C)C)C
D01054,CC(C(=O)O)O.CC(C(=O)O)O.[Zn]
D01055,C1=CC(=C2C(=C1N)C(=O)C3=C(C=CC(=C3C2=O)O)O)N
D01056,CC(C)C(C1=CC=C(C=C1)Cl)C(=O)OC(C#N)C2=CC(=CC=C2)OC3=CC=CC=C3
D01057,Cl[Hg+]
D01058,C1=NC2=C(N1)C(=NC=N2)N
D01059,CCCCCCC/C=C/C=C/C(=O)N[C@@H]([C@@H](C)O)C(=O)N[C@H]1C[C@H](CCNC(=O)/C=C\[C@@H](NC1=O)C)O
D01060,COC1C(OC(C(C1O)O)OC2C(OC(C(C2O)O)OC3C(OC(C(C3O)O)OC)CO)CO)CO
D01061,C1=CC=C2C(=C1)C(=O)N[C@@]2(C3=CC(=C(C=C3)Cl)S(=O)(=O)N)O
D01062,CC[C@H]1CN2CCC1C[C@@H]2[C@H](C3=C4C=C(C=CC4=NC=C3)OC)O
D01063,CC1=C(C=NN1)C2=CC=C(C=C2)CCN
D01064,CCCCCCCCCC=O
D01065,C[C@@H]1CCN([C@H](C1)C(=O)O)C(=O)[C@H](CCCN=C(N)N)NS(=O)(=O)C2=CC=CC3=C2NC[C@@H](C3)C
D01066,CCO
D01067,CCCCC1=C(ONC1=O)C[C@H](C(=O)O)N
D01068,CC1=CC=CC=C1CNC2=NC=NC3=C2N=CN3C4[C@@H]([C@@H]([C@H](O4)CO)O)O
D01069,C[N+](C)(C)C1=CC=C(C=C1)CNC(=O)C2=CC3=C(N2CC4=CC=CC(=C4)C(=N)N)C=CC(=C3)OCC5=CC=CC=C5
D01070,CC[C@@H](C)C(=O)O[C@H]1C[C@H](C=C2[C@H]1[C@H]([C@H](C=C2)C)CC[C@H](C[C@H](CC(=O)[O-])O)O)C
D01071,C=CC(=O)NC1=CC2=C(C=C1)N=CN=C2NC3=CC=CC=C3
D01072,CCCCCCC(C)(C)C1=CC(=C(C=C1)C2CC(CC[C@H]2CCCO)O)O
D01073,C1=CC(=C(C=C1[C@H](CN)O)O)O
D01074,C1=CC2=C(C=C1[N+](=O)[O-])NN=C2
D01075,C[C@H](CCC(=O)OC)[C@H]1CC[C@@]2([C@@]1(CC(=O)[C@H]3[C@H]2C(=O)C[C@@H]4[C@@]3(CC[C@@H](C4(C)C)OC(=O)C)C)C)C
D01076,C[C@@H]([C@H](C(=O)O)N)C(=O)O
D01077,C1COC(=O)N1
D01078,CC(C)(C(Cl)(Cl)Cl)O
D01079,CC(C)(C)NCC(C1=CC=CC=C1Cl)O
D01080,CC(=O)[C@H]1CCC2[C@@]1(CCC3C2CC[C@H]4[C@@]3(CC[C@@](C4)(C=C)O)C)C
D01081,C1[C@@H]([C@H](O[C@H]1N2C=C(C(=O)NC2=O)I)CN)O
D01082,CC[C@H](CO)NC1=NC2=C(C=NN2C(=N1)NCC3=CC=CC=C3)C(C)C
D01083,CCCCCCCCCCCCCCCC(=O)OC[C@H](COP(=O)(O)O)OC(=O)CCCCCCC[C@H]1C[C@H]1CCCCCC
D01084,C1C(C(CSS1)O)O
D01085,C[C@@H]1C/C=C/C=C/[C@@H]([C@@H](C[C@@H]([C@@H]([C@H]([C@@H](CC(=O)O1)OC(=O)C)OC)O[C@H]2[C@@H]([C@H]([C@@H]([C@H](O2)C)O[C@H]3C[C@@]([C@H]([C@@H](O3)C)OC(=O)CC(C)C)(C)O)N(C)C)O)CC=O)C)O
D01086,CSCC[C@@H](C(=O)NCC(=O)N[C@@H](CC1=CNC2=CC=CC=C21)C(=O)N[C@@H](CCSC)C(=O)N[C@@H](CC(=O)O)C(=O)N[C@@H](CC3=CC=CC=C3)C(=O)N)NC(=O)[C@H](CC4=CC=C(C=C4)OS(=O)(=O)O)N
D01087,C1[C@H](O[C@@](O1)(CCC2=CC=C(C=C2)Cl)CN3C=CN=C3)CSC4=CC=CC(=C4)N
D01088,CC1=CC(=C(C=C1)C)OC[C@H](CN2CCOCC2)O
D01089,CC(C)N1CCN(CC1)C2=CC=C(C=C2)OC[C@H]3CO[C@](O3)(CN4C=NC=N4)C5=C(C=C(C=C5)Cl)Cl
D01090,C1=NC2=C(N1C3C(C(C(O3)COP(=O)(O)O)O)O)NC(=NC2=O)N
D01091,C1=CC(=CC=C1/C=C/C(=O)O)C(=O)O
D01092,C1CC[N+]2(C1)C3CCC2CC(C3)OC(=O)C(C4=CC=CC=C4)(C5=CC=CC=C5)O
D01093,CC1CC2C(C(C3(C1C=CC3=O)C)OC(=O)CC(=O)OC4C5C(CC(C6C4(C(=O)C=C6)C)C)OC(=O)C5=C)C(=C)C(=O)O2
D01094,COC1=CC=CC(=C1)N2C=CC3=C(S2(=O)=O)SC(=C3)S(=O)(=O)N
D01095,CC(=CCC/C(=C/CC/C(=C/CCN(C)CCOP(=O)(O)OP(=O)(O)O)/C)/C)C
D01096,C[C@@H]1[C@@H](C(=O)N[C@@H](C(=O)N2CCC[C@H]2C(=O)N(CC(=O)N([C@H](C(=O)O1)C(C)C)C)C)C(C)C)NC(=O)C3=C4C(=C(C=C3)C)OC5=C(C(=O)C(=C(C5=N4)C(=O)N[C@H]6[C@H](OC(=O)[C@@H](N(C(=O)CN(C(=O)[C@@H]7CCCN7C(=O)[C@H](NC6=O)C(C)C)C)C)C(C)C)C)N)C
D01097,C(CCC(=O)O)CC(=O)O
D01098,CCCCCCCC/C=C\CCCCCCCCO
D01099,C1=CC=C(C=C1)NC(=O)C2=C(C=CC(=C2)[N+](=O)[O-])Cl
D01100,CCC#N
D01101,C1=CC(=C2C(=C1NCCNCCO)C(=O)C3=C(C=CC(=C3C2=O)O)O)NCCNCCO
D01102,CC(=O)NCCC1=CNC2=C1C=C(C=C2)O
D01103,C1=CC2=C(C(=C(C=C2Cl)I)O)N=C1
D01104,CC1=CN(C(=S)NC1=O)[C@H]2[C@@H]([C@@H]([C@H](O2)CO)O)O
D01105,CCCCCCCC/C=C/CCCCCCCCCCCC(=O)O
D01106,CC/C(=C(/CC)\C1=CC=C(C=C1)O)/C2=CC=C(C=C2)O
D01107,C[C@@H]1C[C@@H]([C@H]([C@@H](O1)O)O)N(C)C
D01108,[188W]
D01109,CCCCC(C)(C)[C@@H](/C=C\[C@@H]1[C@H](CC(=O)[C@H]1CCCC/C=C/C(=O)OC)O)O
D01110,CN1C[C@H]2CCCC[C@H]2C[C@H]1C(=O)O
D01111,C1=C(C=C(C(=C1Cl)O)Cl)C2=CC(=C(C(=C2)Cl)O)Cl
D01112,C1=COC(=C1)CNC2=NC=NC3=C2N=CN3C4[C@@H]([C@@H]([C@H](O4)CO)O)O
D01113,CCCCCC(/C=C/[C@H]1[C@@H](C[C@@H]([C@@H]1CC(=O)CCCCC(=O)O)O)O)O
D01114,CC12C3=CC=CC=C3C[C@@H](N1)C4=CC=CC=C24
D01115,CC1=CN(C(=O)NC1=O)[C@@H]2C[C@H]([C@@H](O2)[C@H](C)O)N
D01116,CC(C)CCOP(=O)(O)OP(=O)(O)O
D01117,COP(=O)(OC)OC
D01118,C1=CC(=C(C2=C1C(=O)C3=C(C=CC(=C3C2=O)O)O)O)O
D01119,[C@H]([C@@H]([C@H](C(=O)O)O)O)([C@H](C(=O)O)O)O
D01120,C1[C@@H]([C@H](O[C@H]1N2C=CC(=O)NC2=O)COP(=O)(NP(=O)(O)O)O)O
D01121,C1[C@@H]([C@H](CSS1)O)O
D01122,C[C@]12CC[C@H](C[C@@H]1CCC3C2CC[C@]4(C3CC[C@@H]4C(=O)CO)C)O
D01123,CC(C(=O)O)C(=O)SCCNC(=O)CCNC(=O)C(C(C)(C)COP(=O)(O)OP(=O)(O)OC[C@@H]1[C@H]([C@H]([C@@H](O1)N2C=NC3=C2N=CN=C3N)O)OP(=O)(O)O)O
D01124,[O-]P(=O)([O-])OP(=O)([O-])[O-].[K+].[K+].[K+].[K+]
D01125,C[C@@]1(C(=O)N(C(=O)O1)NC2=CC=CC=C2)C3=C(C=C(C=C3)F)F
D01126,CN1[C@H]2CC(C[C@H]1[C@H]3[C@H]2O3)OC(=O)[C@H](CO)C4=CC=CC=C4
D01127,CC(CN1C2=CC=CC=C2SC3=CC=CC=C31)N(C)C
D01128,CC1=C(C2=C(C3(CC3)[C@](C(=O)C2=C1)(C)O)C)CO
D01129,C[C@]12CC[C@H]3[C@H]([C@@H]1CCC2=O)CC[C@@H]4[C@@]3(C=CC(=O)C4)C
D01130,CN1CCOCC1
D01131,C[C@@]1([C@H]2C[C@H]3[C@H](C(=O)/C(=C(\N)/O)/C(=O)[C@]3(C(=O)C2=C(C4=C1C=CC=C4O)O)O)N(C)C)O.Cl
D01132,CC1=CC(=CC=C1)OC(=O)CC2=C(N(C3=C2C=C(C=C3)OC)C(=O)C4=CC=C(C=C4)Cl)C
D01133,CCN(CC)C(=S)SSC(=S)N(CC)CC
D01134,CCCCCC(=O)CC[C@H]1[C@@H](CC(=O)[C@@H]1C/C=C\CCCC(=O)O)O
D01135,[44Ca]
D01136,[OH-].[OH-].[OH-].[OH-].[Ir]
D01137,C(C(C(=O)[O-])[O-])(C(=O)[O-])[O-].C(C(C(=O)[O-])[O-])(C(=O)[O-])[O-].[K+].[K+].[Sb+3].[Sb+3]
D01138,C(CCNCCCN)CNCCCN
D01139,CNCCC1=CC=C(C=C1)O
D01140,C([C@H]([C@@H]([C@@H](C(=O)CO)O)O)O)O
D01141,CCCCN1C(=NC2=C1N=C(N=C2N)F)CC3=CC4=C(C=C3)OCO4
D01142,C1=CC=C(C=C1)CCC2=CC=CC=C2
D01143,C1=CC(=C(C(=C1)F)S(=O)(=O)N)F
D01144,C1=CC=C(C=C1)C(=O)NO
D01145,CCCCCCCC/C=C\CCCCCCCCCCCC(=O)O
D01146,CN(C)CCC1=CC=C(C=C1)O
D01147,C1=CNC2=CC(=C(C=C21)O)O
D01148,CCCCCCCCCCCCCCCCCCO
D01149,C1=NC2=C(C(=N1)N)N=CN2C3C(C(C(O3)COP(=O)(O)OP(=O)(O)OP(=O)(O)O)O)O
D01150,C[C@@H]([C@H](C1=CC=CC=C1)O)NC
D01151,CCCCCCCCCCCCCCCCCC(=O)OC[C@H](COP(=O)(O)O[C@@H]1[C@@H]([C@@H]([C@H]([C@@H]([C@H]1O)OP(=O)(O)O)OP(=O)(O)O)O)O)OC(=O)CCC/C=C\C/C=C\C/C=C\C/C=C\CCCCC
D01152,C[C@@H]1C[C@@H]2[C@@H](C2(C)C)[C@H]3C=C([C@H]([C@]4([C@@]1(C3=O)C=C([C@@H]4O)C)O)O)CO
D01153,C1CC[C@@H]([C@@H](C1)CCP(=O)(O)O)C[C@H](C(=O)O)N
D01154,CCCCN1C[C@@H]([C@H]([C@@H]([C@H]1CO)O)O)O
D01155,C(CC(=O)O)[C@H](C(=O)O)O
D01156,CC(=O)C1CCC2[C@@]1(CC(C3C2CCC4=CC(=O)CC[C@]34C)O)C
D01157,[O-][33P](=O)([O-])[O-]
D01158,C[C@H]1C[C@H]2[C@@H]3CCC4=CC(=O)C=C[C@@]4([C@H]3C(=O)C[C@@]2([C@]1(C(=O)CO)O)C)C
D01159,[C-]#[NH+]
D01160,CCCCC[C@@H](/C=C/[C@H]1[C@@H](C[C@@H]([C@@H]1CCCCCCC(=O)O)O)O)O
D01161,CC1=C[C@@H]2[C@](CC1)([C@]3([C@@H]([C@H]([C@H]([C@]34CO4)O2)O)OC(=O)C)C)COC(=O)C
D01162,CCCCCCCCCCCCCC(=O)OC[C@H](COP(=O)(O)OCCN)OC(=O)CCCCCCCCCCCCC
D01163,C1=CC=C(C(=C1)C=O)C=O
D01164,CCCCCO
D01165,C[C@@H]1CC[C@@]2(CC[C@@]3(C(=CC(=O)[C@H]4[C@]3(CC[C@@H]5[C@@]4(CC[C@H]([C@]5(C)C(=O)O)OC(=O)C)C)C)[C@@H]2[C@H]1C)C)C
D01166,C[C@]12CC[C@H]3[C@H]([C@@H]1CC[C@]2(C#C)O)CCC4=CC(=O)CC[C@H]34
D01167,C[C@]12CC[C@H]3[C@H]([C@@H]1CC[C@@H]2C(=O)O)CCC4=CC(=O)CC[C@]34C
D01168,C[C@H](CCC(=O)NCCS(=O)(=O)O)C1CCC2[C@@]1(CCC3C2[C@@H](CC4[C@@]3(CC[C@H](C4)O)C)O)C
D01169,CCCC1=NN(C2=C1NC(=NC2=O)C3=C(C=CC(=C3)S(=O)(=O)N4CCN(CC4)C)OCC)C
D01170,C1CN=C(N1)CC2=CC=CC3=CC=CC=C32
D01171,CCC1=C(C=CC(=C1)CCN)O
D01172,CC1C(C(CC(O1)OC2CCC3(C(C2)CCC4C3CC(C5(C4(CCC5C6=CC(=O)OC6)O)C)O)C)O)OC7CC(C(C(O7)C)OC8CC(C(C(O8)C)OC9C(C(C(C(O9)CO)O)O)O)OC(=O)C)O
D01173,COC1=CC(=CC(=C1OC)OC)NC2=NC=C3C=CN(C3=N2)C4=CC=CC=N4
D01174,C[C@H]1[C@@H]([C@H]([C@H]([C@H](O1)OP(=O)(N[C@H](CC(C)C)C(=O)N[C@@H](CC2=CNC3=CC=CC=C32)C(=O)O)O)O)O)O
D01175,[O-]S(=O)(=O)[O-].[Zn+2]
D01176,C[C@]12CC[C@](C[C@H]1C3=CC(=O)[C@@H]4[C@]5(CC[C@@H](C(C5CC[C@]4([C@@]3(CC2)C)C)(C)C)O)C)(C)C(=O)O
D01177,C1=COC(=C1)CNC2=CC(=C(C=C2C(=O)O)S(=O)(=O)N)Cl
D01178,CC(=O)CC(=O)C
D01179,CC[C@H](C)[C@@H](C(=O)N[C@@H](C)C(=O)O)NC(=O)[C@@H]1[C@H](O1)C(=O)OCC
D01180,C1=CC=C(C=C1)COC2=CC=C(C=C2)NC(=O)CC[C@@H](C(=O)O)N
D01181,C1=CC(=CC=C1CCN)S(=O)(=O)F
D01182,[125Sb]
D01183,C1[C@H]([C@@H]([C@H]([C@@H]([C@H]1N)O[C@@H]2[C@@H]([C@H]([C@@H]([C@H](O2)CN)O)O)N)O[C@H]3[C@@H]([C@@H]([C@H](O3)CO)OC4[C@@H]([C@H]([C@@H]([C@@H](O4)CN)O)O)N)O)O)N.OS(=O)(=O)O
D01184,CCCCCC1=CC2=C([C@@H]3C=C(CC[C@H]3C(O2)(C)C)C)C(=C1)O
D01185,COC1=C(C=C2C(=C1)C(=NC(=N2)N3CCN(CC3)C(=O)C4CCCO4)N)OC
D01186,C([C@H]([C@@H]([C@@H]([C@H](C=O)N)O)O)O)O.Cl
D01187,CC(=O)O[C@]1(CC[C@@H]2[C@@]1(CC[C@H]3[C@H]2CCC4=CC(=O)CCC34)C)C#C.C[C@]12CC[C@H]3[C@H]([C@@H]1CC[C@]2(C#C)O)CCC4=C3C=CC(=C4)O
D01188,C[C@H]1[C@@H]2CCC3=C([C@]2(CC[C@@H]1O)C)CC[C@]4([C@]3(CC[C@@H]4[C@H](C)CCC(=C)C(C)C)C)C
D01189,O.O.[Zn]
D01190,CCCCCCCC/C=C\CCCCCCCC(=O)SCCNC(=O)CCNC(=O)[C@@H](C(C)(C)COP(=O)(O)OP(=O)(O)OC[C@@H]1[C@H]([C@H]([C@@H](O1)N2C=NC3=C2N=CN=C3N)O)OP(=O)(O)O)O
D01191,CCCCCCCC(=O)OC[C@@H]1[C@H]([C@@H]([C@](O1)(CO)O[C@@H]2[C@@H]([C@H]([C@@H]([C@H](O2)CO)O)O)O)O)O
D01192,CCNC(=O)[C@@H]1[C@H]([C@H](C(O1)N2C=NC3=C2N=C(N=C3N)NCCC4=CC=C(C=C4)CCC(=O)O)O)O
D01193,C1C[C@](C[C@H]1C(=O)O)(C(=O)O)N
D01194,CC(=O)[C@H]1CC[C@@H]2[C@@]1(CC[C@@H]3[C@H]2CCC4=CC(=O)CC[C@@]34C)C
D01195,CCCN(CCC)CCC1=C2CC(=O)NC2=CC=C1
D01196,C[C@@H](CC1=CC2=C(C=C1)OCO2)NC
D01197,CC#CC1=CN(C(=O)NC1=O)[C@H]2C[C@@H]([C@H](O2)CO)O
D01198,CC(=O)CC(=O)CC(=O)O
D01199,CC1=C(C=C(C=C1)C(=O)NC2CC2)C3=CC4=CN=C(N=C4C=C3)NCCN5CCOCC5
D01200,[F-].[F-].[Ca+2]
D01201,CN1C=C(C2=C1C=CC(=C2)F)C3=C(C(=O)NC3=O)C4=CC(=CC=C4)NC[C@@H](CO)O
D01202,C1COCCN1C2=CC(=O)C3=C(O2)C(=CC=C3)C4=CC=CC=C4
D01203,C=CCCNC1=NN=C(CS1)C2=CC=C(C=C2)Cl
D01204,C([C@@H](C(=O)O)N=C(N)N)C(=O)O
D01205,C1[C@@H](CN[C@@H]1C(=O)O)O
D01206,CC(=O)[C@H]1CC[C@@H]2[C@@]1(CC[C@H]3[C@H]2CCC4=CC(=O)CC[C@]34C)C
D01207,C(C(C(=O)O)F)[NH3+].[Cl-]
D01208,C1=NC2=C(C(=N1)N)N=CN2[C@H]3[C@@H]([C@@H]([C@@H](O3)CN)O)O
D01209,CC1=CC=CC(=N1)C2=NC3=CC=CC=C3C(=N2)NC4=CC5=C(C=C4)NN=C5
D01210,C[C@]12CCC(=O)C=C1CC[C@@H]3[C@@H]2CC[C@]4([C@H]3CC[C@@H]4C(=O)CO)CO
D01211,C#CC(CCC(=O)O)N
D01212,C[C@@H]1[C@H]([C@H](O[C@@H]1C2=CC(=C(C=C2)OC(C)C(C3=CC(=C(C=C3)OC)OC)O)OC)C4=CC(=C(C=C4)OC(C)C(C5=CC(=C(C=C5)OC)OC)O)OC)C
D01213,C1CCC(CC1)NC2=NC=NC3=C2N=CN3C4[C@@H]([C@@H](C(O4)CO)O)O
D01214,C1CCC(C1)NC2=NC=NC3=C2N=CN3[C@H]4C([C@H]([C@H](O4)CO)O)O
D01215,CC(C)CC(C(=O)O)N
D01216,CC1=C(C=C(C=C1)O)NC2=C3C=CC(=CC3=NC=C2)C4=CSC(=N4)C=O
D01217,C1[C@@H]([C@H](O[C@H]1N2C=CC(=O)NC2=O)COP(=O)(O)O)O
D01218,CC(=O)N=C1N(N=C(S1)S(=O)(=O)N)C
D01219,C[C@H]1/C=C/C=C/C=C/C=C/C=C/C=C/C=C/[C@@H](C[C@@H]2[C@@H]([C@H](C[C@](O2)(C[C@H](C[C@H]([C@@H](CC[C@H](C[C@H](CC(=O)O[C@H]([C@@H]([C@@H]1O)C)C)O)O)O)O)O)O)O)C(=O)O)O[C@H]3[C@H]([C@H]([C@@H]([C@H](O3)C)O)N)O
D01220,CCC(=O)O[C@@]1(CC[C@@H]2[C@@]1(C[C@@H]([C@H]3[C@H]2C[C@@H](C4=CC(=O)C=C[C@]34C)C)O)C)C(=O)COC(=O)C
D01221,C[C@@H]1C[C@H]2[C@@H]3CCC4=CC(=O)C=C[C@@]4([C@]3([C@H](C[C@@]2([C@H]1C(=O)CO)C)O)F)C
D01222,C[C@]12CC[C@H](C[C@H]1CC[C@@H]3[C@@H]2CC[C@]4([C@H]3CCC4=O)C)O
D01223,COC1=C(C=C2C(=C1)C(=NC(=N2)N3CCN(CC3)C(=O)C4COC5=CC=CC=C5O4)N)OC
D01224,C1CC[C@H]([C@H](C1)CCP(=O)(O)O)C[C@@H](C(=O)O)N
D01225,COC1=CC=CC(=C1)C(=O)N
D01226,CC(=O)CC(=O)O
D01227,CC1=NC(=O)C2=C(N1)CCSC2
D01228,C[C@H]1CC[C@]2(C(C1(C)C)CCC3=C2CC[C@]4([C@]3(CC[C@@H]4[C@H](C)CCC(=C)C(C)C)C)C)C
D01229,C1=CC(=C(C=C1C2=C(C=C(C=C2)Cl)Cl)C(=O)O)O
D01230,[205Pb]
D01231,C1CCC(C1)NC2=NC=NC3=C2N=CN3C4[C@H]([C@H]([C@H](O4)CO)O)O
D01232,[O-]S(=O)(=O)[O-].[Tl+].[Tl+]
D01233,CC(=O)OCC(=O)[C@]1([C@@H](C[C@@H]2[C@@]1(C[C@@H]([C@]3([C@H]2CCC4=CC(=O)C=C[C@@]43C)F)O)C)OC(=O)C)O
D01234,CCCCCC1=CC=C(C=C1)C(=O)NC2=CC=C(C=C2)S(=O)(=O)N(CCN3CCOCC3)[C@H](C(C)C)C(=O)NO
D01235,C[C@]12CC[C@H]3[C@H]([C@@H]1CC[C@@H]2O)CCC4=CC(=O)CC[C@]34C
D01236,CCCC1(CCC1)[C@@H](C/C=C/[C@H]2[C@@H](CC(=O)[C@@H]2CCCCCCC(=O)OC)O)O
D01237,C[C@@H]1O[C@@H](CS1)C[N+](C)(C)C
D01238,C1=C(C(=O)NC(=O)N1[C@H]2[C@H]([C@@H]([C@H](O2)CO)O)F)I
D01239,C[C@]12CCC3=C([C@@H]1CC[C@@]2(C)O)C=CC4=C3C=CC(=C4)O
D01240,C/C=C/C1=CC=C(C=C1)OC.C[C@H]1[C@@H]([C@H]([C@H]([C@@H](O1)OCC2[C@H]([C@@H]([C@@H]([C@@H](O2)O)O)O)O)O)O)O.C1=CC=C2C(=C1)C=CC(=O)O2.C1=CC(=C(C=C1C2=C(C(=O)C3=C(C=C(C=C3O2)O)O)O)O)O
D01241,C.C.C.C.C.C.O.O.O.O.O.O.O
D01242,CC(C1C(C(C(C(O1)OC2C(CC(C(C2O)OC3C(C(C(CO3)O)NC)O)N)N)N)O)O)O
D01243,CC(=O)O[C@@H]1[C@@H](SC2=CC=CC=C2N(C1=O)CCN(C)C)C3=CC=C(C=C3)OC
D01244,C(=O)C(=O)O
D01245,[2H]C([2H])[2H]
D01246,CC(C)C[C@@H](C(=O)O)NC(=O)[C@H]([C@H](CC1=CC=CC=C1)N)O
D01247,C1=CC=C(C=C1)O
D01248,C1=C(C2=C(N1[C@H]3[C@@H]([C@@H]([C@H](O3)CO)O)O)N=CN=C2N)I
D01249,C1=CC2=C(NOC2=CC1=O)C3=CC(=C(C=C3O)O)Br
D01250,CC1=CC=CC(=C1N(CC2=CN=CC=C2)S(=O)(=O)C3=CC=C(C=C3)OC)C(=O)NO
D01251,CC[C@H](C)C(=O)O[C@H]1C[C@H](C=C2[C@H]1[C@H]([C@H](C=C2)C)CC[C@@H]3C[C@H](CC(=O)O3)O)C
D01252,C1CCC(CC1)C[C@H](C(=O)N2CCC[C@H]2C(=O)NCC3=CC(=CC=C3)Cl)N
D01253,C[N+](C)(C)C.OP(=O)(O)[O-]
D01254,CC/C(=C(/C1=CC=CC=C1)\C2=CC=C(C=C2)OCCN(C)C)/C3=CC=CC=C3
D01255,CC1=CC=C(C=C1)C(=O)NC2=CC(=CC(=C2)C(=O)N(C)C)C3=CC=C(C=C3)C(=O)NO
D01256,[23Na]
D01257,CC(C1=CC=CC=C1)O
D01258,CNC[C@H](C1=CC(=C(C=C1)O)O)O
D01259,C[C@H]1[C@@H]([C@@H](CC(O1)O)O)O
D01260,CC(C)(C)C1=C(C(=NS1)[O-])C[C@@H](C(=O)O)[NH3+]
D01261,C1C(=O)NS(=O)(=O)N1C2=CC=CC=C2
D01262,C1C2C(C(C(O2)N3C=NC4=C3N=CN(C4=N)O)O)OP(=O)(O1)[O-]
D01263,C[C@H](CCCC(C)C)[C@H]1CC[C@@H]2[C@@]1(CC[C@H]3[C@H]2C(=O)C=C4[C@@]3(CC[C@@H](C4)O)C)C
D01264,O.O.O.[Co]
D01265,C1CCC(CC1)NC(=O)NC2=CC=C(C=C2)I
D01266,C1=CC=C(C=C1)C2=NN3C=CC=CC3=C2C4=CC5=C(NN=C5N=N4)N
D01267,CC(C)(C)C1=CC(=NN1)NC(=O)NC2=CC(=C(C=C2)Cl)COC3=CN=CC=C3
D01268,CN1C2=C(C(=N1)C3=CC4=CC=CC=C4C=C3)C(=NC=N2)N
D01269,C([C@@H]1[C@H]([C@@H]([C@H]([C@@H](O1)O[C@@H]2[C@H](O[C@H]([C@@H]([C@H]2O)O)O[C@@H]3[C@H](OC([C@@H]([C@H]3O)F)[O-])CO)CO)O)O)O)O
D01270,CCC(=O)C(CC(C)N(C)C)(C1=CC=CC=C1)C2=CC=CC=C2
D01271,CCCCCCCCCCCO
D01272,CN(CC1=C(C=CC(=C1)OC)OC)C2=CN=C3C(=C2)C(=NC(=N3)N)N
D01273,C1C2=CC(=CC(=C2OCO1)CN3C4=CC=CC(=C4/C(=N/O)/C3=O)C5=CC=CC=C5)F
D01274,CC1([C@H]([C@H]1C(=O)OC(C#N)C2=CC(=CC=C2)OC3=CC=CC=C3)C=C(Cl)Cl)C
D01275,C1=CC2=C(C=C1C(=[NH2+])N)NC(=N2)CC3=NC4=C(N3)C=C(C=C4)C(=[NH2+])N
D01276,C[C@H](CCC(=O)NCC(=O)O)C1CCC2[C@@]1(CCC3C2[C@@H](CC4[C@@]3(CC[C@H](C4)O)C)O)C
D01277,C[C@H](C(C)(C)C)O[P@H](=O)C
D01278,CN(C)CCC1=CC(=C(C2=C1C=CC3=CC=CC=C32)OC)OC
D01279,C[C@@H]1C[C@@H]2[C@H]([C@@H]([C@]3([C@H]1C=CC3=O)C)OC(=O)C)C(=C)C(=O)O2
D01280,CC(=O)[O-].CC(=O)[O-].[Co+2]
D01281,CC1=C(SC(=N1)C)C2=NC(=NC=C2)NC3=CC=C(C=C3)C(F)(F)F
D01282,CC(C)(C(=O)O)NC
D01283,CCCCC(C(=O)NC1CC(=O)NCCCCC(NC(=O)C(NC(=O)C(NC(=O)C(NC(=O)C(NC1=O)CC2=CN=CN2)CC3=CC=CC=C3)CCCN=C(N)N)CC4=CNC5=CC=CC=C54)C(=O)N)NC(=O)C
D01284,CC1=CC(=CC(=C1CC2=NCCN2)C)C(C)(C)C
D01285,C1=CC=C2C(=C1)C(=CN2)C[C@@H](C(=O)O)N
D01286,C1=C([C@H]([C@@H]([C@H](O1)CO)O)O)O
D01287,C.[Ti]
D01288,CC(OC(=O)C)OC(=O)C1=C(CS[C@H]2N1C(=O)[C@H]2NC(=O)/C(=N\OC)/C3=CC=CO3)COC(=O)N
D01289,C1CC(=O)C[C@H]1O
D01290,C1CC1CN2CC[C@]34[C@@H]5C(=O)CC[C@]3([C@H]2CC6=C4C(=C(C=C6)O)O5)O
D01291,CCCC1=C(C=C(C=C1)NC(=O)C2=CC=CC=C2NCC3=CNC(=O)C=C3)C(F)(F)F
D01292,CC1=CN(C(=O)NC1=O)[C@H]2C[C@@H]([C@H](O2)CO)N=[N+]=[N-].C1[C@H](O[C@H](S1)CO)N2C=CC(=NC2=O)N
D01293,CCCCCCCCO[C@H]1[C@H](C([C@@H](C(O1)CO)O)O)O
D01294,C(C[NH+]=C(N)N)CO
D01295,CCC(=O)N(C1=CC=CC=C1)C2(CCN(CC2)CCC3=CC=CS3)COC
D01296,CC(=C)[C@@H]1CC[C@]2([C@H]1[C@H]3CC[C@@H]4[C@]5(CC[C@@H](C([C@@H]5CC[C@]4([C@@]3(CC2)C)C)(C)C)O)C)C
D01297,CC(C)C(=O)OC[C@@H]1[C@H]([C@@H]([C@](O1)(COC(=O)C)O[C@@H]2[C@@H]([C@H]([C@@H]([C@H](O2)COC(=O)C)OC(=O)C(C)C)OC(=O)C(C)C)OC(=O)C(C)C)OC(=O)C(C)C)OC(=O)C(C)C
D01298,CNCCC=C1C2=CC=CC=C2CCC3=CC=CC=C31
D01299,C(C(C(=O)[O-])[O-])(C(=O)[O-])[O-].C(C(C(=O)[O-])[O-])(C(=O)[O-])[O-].[Sb+3].[Sb+3]
D01300,CC1=CC(=C(C=C1)O)O
D01301,CCN(CC)CCC1=CNC2=CC=CC=C21
D01302,CC1=NC2=CC=CC=C2C(=C1)COC3=CC=C(C=C3)[C@@]4(CCN(C4=O)[C@H](C)C(=O)NO)C
D01303,[H-].[Li+]
D01304,CC1=C(C(=CC=C1)C)NC2=NC=C(N3C2=CN=C3)C4=CC=CC=C4
D01305,CC1C2(C(=O)OC3(C(C4=C(C5(CCC4(C2(C3=C)C(=O)O1)C)C=CC(=O)OC5(C)C)C)OC(=O)C)C)O
D01306,CN(C1CCC(CC1)C2=CC=C(C=C2)CN3CCCCC3)C(=O)OC4=CC=C(C=C4)Cl
D01307,CC(C)(C1=CC=CC=C1CC[C@H](C2=CC=CC(=C2)/C=C/C3=NC4=C(C=CC(=C4)Cl)C=C3)SCC5(CC5)CC(=O)O)O
D01308,C1=CC2=C(N=C1)SC(=C2OCC(=O)O)C(=O)O
D01309,CNCC(=O)C1=CC(=C(C=C1)O)O
D01310,CCCCC(C)(C/C=C/[C@H]1[C@@H](CC(=O)[C@@H]1CC/C=C\CCC(=O)OC)O)O
D01311,[60Fe]
D01312,C[C@H](CC1=C(C=CC(=C1)OC)OC)N
D01313,CCN(CC)C(C)OC(=O)C1=CC=CC=C1OC(=O)C
D01314,C1CCCC(CCC1)NCC(=O)N2CCC[C@H]2C(=O)NCC3=CC=C(C=C3)C(=N)N
D01315,C1=C(C(=C(C(=C1I)NC(=O)CCCCC(=O)NC2=C(C=C(C(=C2I)C(=O)O)I)I)I)C(=O)O)I
D01316,CCN(CC)CCOC(=O)C1(CCCCC1)C2CCCCC2
D01317,CC(C)[C@@H]1CC[C@]2([C@H]1[C@H]3CC[C@@H]4[C@]5(CCCC([C@@H]5CC[C@]4([C@@]3(CC2)C)C)(C)C)C)C
D01318,CC(=O)N[C@@H]1[C@H]([C@@H]([C@H](OC1=O)CO)O)O
D01319,CCCCCCC(C/C=C\CCCCCCCC(=O)[O-])O
D01320,C1=CC(=CC=C1[C@@H](CN)O)O
D01321,CO/C=C(\C1=CC=CC=C1/C=C/C2=CC=CC=C2)/C(=O)OC
D01322,CN1[C@@H]2CCC[C@H]1CC2
D01323,C1=CC(=CC(=C1)Cl)C(=O)O
D01324,CC1=CCC(C=C1)C(C)C
D01325,CC(C(=O)NCC(=O)N(C)C(CC1=CC=CC=C1)C(=O)NCCO)NC(=O)C(CC2=CC=C(C=C2)O)N
D01326,C(CCCN)CCCNC(N)N
D01327,C([C@@H]1[C@@H]([C@@H]([C@H]([C@@H](O1)O[C@H]([C@@H](CO)O)[C@@H]([C@H](C(=O)O)O)O)O)O)O)O
D01328,C[C@H](CCCCN1C(=O)C2=C(N=CN2C)N(C1=O)C)O
D01329,C[C@H]([C@@H](C(=O)N[C@@H](CC(C)C)C(=O)N[C@@H](CC(=O)N)C(=O)N[C@@H](CO)C(=O)N[C@@H](C)C(=O)NCC(=O)N[C@@H](CC1=CC=C(C=C1)O)C(=O)N[C@@H](CC(C)C)C(=O)N[C@@H](CC(C)C)C(=O)NCC(=O)N2CCC[C@H]2C(=O)N[C@@H](CCC(=O)N)C(=O)N[C@@H](CCC(=O)N)C(=O)N[C@@H](CC3=CC=CC=C3)C(=O)N[C@@H](CC4=CC=CC=C4)C(=O)NCC(=O)N[C@@H](CC(C)C)C(=O)N[C@@H](CCSC)C(=O)N)NC(=O)[C@H](CC5=CNC6=CC=CC=C65)NC(=O)CN)O
D01330,C[C@@]12CCC[C@@]([C@H]1CC[C@]34[C@H]2CC[C@H](C3)C(=C)C4)(C)C(=O)O
D01331,CC1([C@@H](N2[C@H](S1(=O)=O)CC2=O)C(=O)O)C
D01332,CC[C@]1(CC[C@@H](O1)[C@@]2(CC[C@@]3(O2)C[C@@H]([C@H]([C@H](O3)[C@@H](C)[C@H]([C@H](C)C(=O)O)OC)C)O)C)[C@H]4[C@H](C[C@@H](O4)[C@@H]5[C@H](C[C@H]([C@@](O5)(CO)O)C)C)C
D01333,C1=CC=C(C(=C1)O)O
D01334,O.O.[O-]S(=O)(=O)[O-].[Ca+2]
D01335,CC(C(C(C(C=O)O)O)O)O
D01336,CCCCCCCC/C=C\CCCCCCCC(=O)OC[C@@H](CO)O
D01337,B([C@H](CC(C)C)NC(=O)[C@H](CC1=CC=CC=C1)NC(=O)C2=NC=CN=C2)(O)O
D01338,C1C[C@@H]2[C@H](C[C@H]1N2)C3=CN=C(C=C3)Cl
D01339,CN1CCC[C@H]1CCN2C=C(C3=CC=CC=C32)C4=C(C(=O)NC4=O)C5=CNC6=CC=CC=C65
D01340,C/C=C(/C(=O)O)\N
D01341,CC(=C)[C@@H]1[C@@H]2[C@@H]3[C@@]4([C@]([C@H]1C(=O)O2)(C[C@@H]5[C@]4(O5)C(=O)O3)O)C
D01342,C1=CC2=C(C(=C1)OP(=O)(O)O)N=C(C=C2)C#N
D01343,CC[C@@]1(CC2=CC=CC=C2O1)C3=NCCN3
D01344,C[C@H]([C@@H](C1=NC=C(C=C1)O)O)[C@@H](C(=O)N[C@@H]([C@@H]2[C@H]([C@H]([C@@H](O2)N3C=CC(=O)NC3=O)O)O)C(=O)O)N
D01345,COC1=CC=C(C=C1)S(=O)(=O)N2CN(C(=O)C[C@@H]2C(=O)NO)CC3=CC=CC=C3
D01346,CC(C)(C)CN
D01347,CC(C)N1C2=C(C(=N1)C3=CC4=C(C=C3)N=CC=C4)C(=NC=N2)N
D01348,C(C(C(=O)O)S)(C(=O)O)S
D01349,C[C@@H]1C2[C@H](C3[C@@H](C(=O)/C(=C(\N)/O)/C(=O)[C@]3(C(=O)C2=C(C4=C1C=CC=C4O)O)O)N(C)C)O
D01350,CCCCCCCCCCCCCCCCCCCCCC(=O)O
D01351,C1=CC(=CC=C1C(C(F)(F)F)(C(F)(F)F)O)NCC(F)(F)F
D01352,C1CN(CCN1CCCN2C3=CC=CC=C3C=CC4=CC=CC=C42)CCO
D01353,C([C@@H]1[C@H]([C@@H]([C@H]([C@H](O1)OC[C@H]([C@H]([C@@H](C(CO)O)O)O)O)O)O)O)O
D01354,CN(C)CC(C1=CC=C(C=C1)OC)C2(CCCCC2)O
D01355,CC1=C(C=C(C(=O)N1)C#N)C2=CC=NC=C2
D01356,C(CCN)C[C@@H](C(=O)N[C@@H](CCCCN)C(=O)O)N
D01357,CC(CC1=CC=CC=C1)N(C)CC2=CC=CC=C2
D01358,CCC[C@@H](C(=O)C(=O)NC1CC1)NC(=O)[C@@H]2[C@H]3CCC[C@H]3CN2C(=O)[C@H](C(C)(C)C)NC(=O)[C@H](C4CCCCC4)NC(=O)C5=NC=CN=C5
D01359,CCC1=CNC(=O)NC1=O
D01360,CC/C=C\C/C=C\C/C=C\C/C=C\CCCCCCC(=O)O
D01361,C[C@]12CC[C@H]3[C@H]([C@@H]1CCC2=O)CC(=C)C4=CC(=O)C=C[C@]34C
D01362,C1=NC2=C(C(=N1)N)N=CN2[C@H]3[C@@H]([C@@H]([C@H](O3)COP(=O)([O-])OP(=O)([O-])OC4[C@@H]([C@H]([C@@H]([C@H](O4)CO)O)O)O)O)O.[Na+].[Na+]
D01363,CC(C)(CC1=CC=C(C=C1)Cl)N
D01364,C(C[C@@H](C(=O)O)N)CN
D01365,C(=O)([O-])[O-].[Ag+].[Ag+]
D01366,C(CSSCCO)O
D01367,CC1=C(N(C(=C1)CC(=O)O)C)C(=O)C2=CC=C(C=C2)Cl
D01368,CC(=O)N[C@@H]1[C@H]([C@@H]([C@H](O[C@H]1O[C@@H]2[C@H](OC([C@@H]([C@H]2O)NC(=O)C)O)CO)CO)O[C@H]3[C@H]([C@H]([C@@H]([C@H](O3)CO[C@@H]4[C@H]([C@H]([C@@H]([C@H](O4)CO)O)O)O)O)O[C@@H]5[C@H]([C@H]([C@@H]([C@H](O5)CO)O)O)O[C@H]6[C@@H]([C@H]([C@@H](CO6)O)O)O)O)O
D01369,CC1=C(C=CN=C1CS(=O)C2=NC3=CC=CC=C3N2)OCCCOC
D01370,C(COP(=O)(O)OCC(CO)O)N
D01371,[NH4+].F.[F-]
D01372,CCCN1CCC[C@H]2C1CC3=C(C2)NN=C3.Cl
D01373,[C@H]([C@@H](C(=O)N)O)(C(=O)O)N
D01374,C1=CC=C2C(=C1)/C(=C/C3=CC=C(C=C3)O)/C(=O)N2
D01375,CC1([C@@H](N(CCS1)S(=O)(=O)C2=CC=C(C=C2)OCC#CCN)C(=O)NO)C
D01376,C[C@@H](C(=O)O)NC(=O)OCC1=CC=CC=C1
D01377,C[C@@]1(CCC2C1(CCC3C2CC=C4C3(CCC(C4)O)C)C)O
D01378,C1=CC=C(C=C1)C2=C(C(=CC=C2)C3=CC4=CC(=C(C=C4N3)Cl)C(=[NH2+])N)O
D01379,COC1=CC=CC=C1N2CCN(CC2)CC(COC3=CC=CC4=CC=CC=C43)O
D01380,CCOC(=O)[C@H](CCC1=CC=CC=C1)N[C@@H](C)C(=O)N2[C@H]3CCCC[C@@H]3C[C@H]2C(=O)O
D01381,C1=CC(=CC=C1N=C(N)NO)Cl
D01382,C1C[C@@H]2CN[C@H](C[C@@H]2C[C@@H]1CCC3=NNN=N3)C(=O)O
D01383,[O-][Si]([O-])([O-])[O-].[Zr+4]
D01384,CC(=O)NCCC1=CC=CC2=C1C=C(C=C2)OC
D01385,CC1=CNC(=C1CCC(=O)O)/C=C\2/C3=CC=CC=C3NC2=O
D01386,CNCC1=CC=C(C=C1)C2=C3C(=NC=N2)N=CN3
D01387,C(CC(=O)O)[C@@H](C(=O)N)N
D01388,C#C
D01389,CCCC/C=C\C/C=C\CCCCCCCC(=O)O
D01390,CC(C)(C)C1=CC=C(C=C1)C(CCCN2CCC(CC2)C(C3=CC=CC=C3)(C4=CC=CC=C4)O)O
D01391,COC1=C(C=C(C=C1)C2(CCC(CC2)C(=O)O)C#N)OC3CCCC3
D01392,C1CCC(CC1)CCCCCO[C@H]2[C@@H]([C@H]([C@@H]([C@H](O2)CO)O[C@@H]3[C@@H]([C@H]([C@@H]([C@H](O3)CO)O)O)O)O)O
D01393,CC(=CCC[C@@](C)([C@H]1CC[C@@]2(C1[C@@H](CC3[C@]2(CCC4[C@@]3(CC[C@@H](C4(C)C)OC5C(C(C(C(O5)CO)O)O)O)C)C)O)C)O)C
D01394,CCOC(=O)N1CCC(CC1)NC2=NC=CC(=C2)C
D01395,CCCNCC(COC1=CC=CC=C1C(=O)CCC2=CC=CC=C2)O
D01396,C1=C[C@@H]([C@H]([C@@H]1N2C=NC3=C2N=CN=C3N)O)O
D01397,CC[C@H](C)[C@@H](C(=O)O)NC
D01398,CC(CO)N
D01399,CCCCC/C=C\C/C=C\CCCCCCCC(=O)SCCNC(=O)CCNC(=O)C(C(C)(C)COP(=O)(O)OP(=O)(O)OC[C@@H]1[C@H]([C@H]([C@@H](O1)N2C=NC3=C2N=CN=C3N)O)OP(=O)(O)O)O
D01400,CC1=C(C(=NC(=N1)N)N)C2=CC(=C(C=C2)Cl)Cl
D01401,C(C(=O)[O-])Br
D01402,C1[C@@H]([C@H](O[C@H]1N2C=NC3=C2NC(=NC3=O)N)COP(=O)(O)O[C@H]4C[C@@H](O[C@@H]4CO)N5C=NC6=C5N=CN=C6N)O
D01403,CC1CC2C3CCC4=CC(=O)C=CC4(C3C(=O)CC2([C@]1(C(=O)CO)O)C)C
D01404,C1=CC=C(C=C1)CCC(=O)NC2=CC3=C(C=C2)C=CN3CC[C@H](CO)N4C=C(N=C4)C(=O)N
D01405,CC(C)(C)C(C(CC1=C(C=C(C=C1)Cl)Cl)N2C=NC=N2)O
D01406,C[C@H](CCC(=O)O)[C@H]1CC[C@@H]2[C@@]1(C(=O)C[C@H]3[C@H]2C(=O)C[C@H]4[C@@]3(CCC(=O)C4)C)C
D01407,CC1(C([C@H](C2=C(O1)C=CC(=C2)OCCCC(F)(F)F)N(C)S(=O)(=O)C)O)C
D01408,C[C@]12[C@H]([C@H](C[C@H](O1)N3C4=CC=CC=C4C5=C6C(=C7C8=CC=CC=C8N2C7=C53)CNC6=O)NC)OC
D01409,C/C(=C\C=C\C(=C\C=C\C(=C\C=C\C=C(/C)\C=C\C=C(\C)/C=C/C=C(\C)/C=C/CC(C)(C)OC)\C)\C)/C=C/CC(C)(C)OC
D01410,CC1=C(C(=NO1)C2=CC=CC=C2)C3=CC=C(C=C3)S(=O)(=O)N
D01411,C(C(F)(F)F)O
D01412,C(=O)[O-].[K+]
D01413,C1=CC(=CC=C1C2=C(C(=O)C3=C(C=C(C=C3O2)O)O)OC4[C@@H]([C@H]([C@H]([C@H](O4)CO)O)O)O)O
D01414,CC1=CC(=C(C=C1)NC2=C(C=CC=C2Cl)F)CC(=O)O
D01415,CCCC(=O)O[C@@]1(CC[C@@H]2[C@@]1(C[C@@H]([C@H]3[C@H]2CCC4=CC(=O)CC[C@]34C)O)C)C(=O)CO
D01416,CC(C)CC(C(=O)N)N
D01417,C1COCCN1C(=O)N[C@@H](CC2=CC=CC=C2)C(=O)N[C@@H](CSCC3=CC=CC=C3)C=O
D01418,C[C@]12CC[C@H](C[C@H]1CCC3C2CC[C@]4(C3CC[C@@H]4C(=O)CO)C)O
D01419,CC1=CC(=O)OC2=C1C=CC(=C2)O[C@H]3[C@@H]([C@H]([C@@H]([C@H](O3)CO)O)O)O
D01420,C1C(=O)NC=N1
D01421,C1CN(CC=C1N2C3=CC=CC=C3NC2=O)CCCC(=O)C4=CC=C(C=C4)F
D01422,C[N+](C)(C)C[C@@H](CC(=O)[O-])N
D01423,CC1=CC(=CC(=C1CC2=CC(=C(C=C2)O)CC3=CC=CC=C3)C)OCC(=O)O
D01424,C[As+](C)(C)CC(=O)[O-]
D01425,CC(=CCC[C@@]1(C=CC2=C(O1)C(=C3C(=C2O)C(=O)C4=C[C@H]5CC6[C@]4(O3)[C@@](C5=O)(OC6(C)C)C/C=C(/C)\C(=O)O)CC=C(C)C)C)C
D01426,C1CN=C(N1)NC2=C(C=CC3=NSN=C32)Cl
D01427,C(=O)(C(=O)O)O
D01428,C(C(CC(=O)O)C(=O)O)C(=O)O
D01429,CO/C=C(\C1=CC=CC=C1OC2=NC=NC(=C2)OC3=CC=CC=C3C#N)/C(=O)OC
D01430,C1CN(C[C@@H](N1)CC2=CC=CC=C2)C3=NN=C(C(=C3)C4=CC=NC=C4)C5=CC6=CC=CC=C6C=C5
D01431,CS(=O)(=O)C1=CC=CC(=C1)C2=CC(=NC=N2)N3C[C@@H]([C@H](C3)N)C4=CC(=C(C=C4F)F)F
D01432,COC1=CC(=C(C=C1C(=O)NC[C@H]2CCN3[C@@H]2CCC3)Cl)N
D01433,CC1=C(SCCO1)C(=O)NC2=CC=CC=C2
D01434,C1[C@@H]([C@H](O[C@H]1N2C=C(C(=O)NC2=O)/C=C/Br)CO)O
D01435,C1CN2CCC1[C@@H](C2)OC(=O)N3CCC4=CC=CC=C4[C@H]3C5=CC=CC=C5
D01436,CN1C2=C(N=CC(=C2)C3=CC=C(C=C3)O)N=C1N
D01437,CC(C)(C)NC[C@@H](C1=CC(=C(C=C1)O)CO)O
D01438,C[C@@H]1CCN(C[C@@H]1N(C)C2=NC=NC3=C2C=CN3)C(=O)CC#N
D01439,C1=CC(=CC(=C1)[N+](=O)[O-])C(=O)NC2=CC(=C(C=C2)OC3=CC(=C(C=C3)C(=O)O)C(=O)O)NC(=O)C4=CC(=CC=C4)[N+](=O)[O-]
D01440,C[C@H]([C@@H](C(=O)NS(=O)(=O)OC[C@@H]1[C@H]([C@H]([C@@H](O1)N2C=NC3=C2N=CN=C3N)O)O)N)O
D01441,CC(=O)[C@H]1CC[C@@H]2[C@@]1(CC[C@H]3[C@H]2CC[C@@H]4[C@@]3(CCC(=O)C4)C)C
D01442,C(CCN)C[C@H](C(=O)O)N
D01443,CN(C)C[C@@H](COC1=CC=C(C=C1)NC2=NC=CC(=N2)NC3=C(C=CC(=C3)Cl)Cl)O
D01444,CC1=C(C=C(C=C1)NC(=O)C2=CC=C(C=C2)CN3CCN(CC3)C)NC4=NC=CC(=N4)C5=CN=CC=C5
D01445,CCCCCCCCCCCCCCCCCC(=O)OCC(COC(=O)CCCCCCCCCCCCCCCCC)OC(=O)CCCCCCCCCCCCCCCCC
D01446,C1=CC(=C(C=C1Cl)Cl)COC(CN2C=CN=C2)C3=C(C=C(C=C3)Cl)Cl
D01447,C1CN(CCC1(CN)C2=CC=C(C=C2)Cl)C3=NC=NC4=C3C=CN4
D01448,CC1=C(N2C=CC=CC2=N1)C3=NC(=NC=C3)NC(=O)C
D01449,CC(C)[C@@H](C(=O)C(F)(F)F)NC(=O)CN1C(=CC=C(C1=O)NS(=O)(=O)NC)C2=CC=CC=C2
D01450,C1CCNC(=O)C1
D01451,C1=C(NC=N1)C[C@@H](C(=O)O)N
D01452,C1=CC(=C(C=C1[C@@H]2C(C(=O)C3=C(C=C(C=C3O2)O)O)O)O)O
D01453,CC(CCCN)NC1=C2C(=CC(=C1)OC)C=CC=N2
D01454,C1=CC=C(C=C1)OC(=O)C2=CC=CC=C2O
D01455,C(C1C(C(C(O1)O)O)O)O
D01456,C[C@H]1[C@H]([C@H]([C@@H]([C@@H](O1)OC)O)O)O
D01457,C1CCC(CC1)OC2=NC3=NC=NN3C(=C2)NC4=CC=C(C=C4)S(=O)(=O)N
D01458,C1C(C(OC1N2C3=C(C(=O)N=C(N3)N)NC2=O)COP(=O)(O)OP(=O)(O)OP(=O)(O)O)O
D01459,CC(=O)OC1=CC2=CC=CC=C2C=C1
D01460,C(CC(=O)N)C(=O)N
D01461,CC[C@@H]1[C@@]([C@@H]([C@H](N(C[C@@H](C[C@@]([C@@H](C([C@@H]([C@H](C(=O)O1)C)O[C@H]2C[C@@]([C@H]([C@@H](O2)C)O)(C)OC)C)O[C@H]3[C@@H]([C@H](C[C@H](O3)C)N(C)C)O)(C)O)C)C)C)O)(C)O
D01462,CCCCC(C)(C/C=C/[C@H]1[C@@H](CC(=O)[C@@H]1CCCCCCCO)O)O
D01463,C1=CC(=CC=C1CCCC(=O)O)N(CCCl)CCCl
D01464,C1=CC(=CC=C1C2=C(C=NN2)C3=CC=NC=C3)F
D01465,[Li+].CCCC(=O)O.[OH-]
D01466,CC1([C@@H](N[C@H](S1)[C@@H](C(=O)O)NC(=O)[C@@H](C2=CC=CC=C2)N)C(=O)O)C
D01467,C(C(=O)[O-])F
D01468,CCC[N+]#[C-]
D01469,CC1=CN(C(=O)NC1=O)C2CC(C(O2)COP(=O)(O)OP(=O)(O)O)N=[N+]=[N-]
D01470,C[C@]12CC[C@H](C[C@H]1CCC3C2CC[C@]4([C@@]3(CC[C@@H]4C5=CC(=O)OC5)O)C)O
D01471,CCCCO
D01472,O.O.O.O.O.O.O.O.O.O.O.O.O.O.O.O.O.O.O.O.O.O.O.O.O.O.O.O.O.O.O.O.O.O.O.O.O.O.O.O.O.[Si].[K].[K].[K].[K].[K].[Cu].[W].[W].[W].[W].[W].[W].[W].[W].[W].[W].[W]
D01473,C1=CC(=C[N+](=C1)[C@H]2[C@@H]([C@@H]([C@H](O2)COP(=O)(O)OP(=O)(O)OC[C@@H]3[C@H]([C@H]([C@@H](O3)N4C=NC5=C4N=CN=C5N)O)O)O)[O-])C(=S)N
D01474,CN1CCC2=C(C1)SC(=N2)C(=O)N[C@@H]3CCCC[C@H]3NC(=O)C4=CC5=C(N4)C=CC(=C5)Cl
D01475,C1C[C@H](NC1)CN
D01476,C[C@H](CO)O
D01477,C=C.C=C.[Na+].[Na+]
D01478,C1CN(CCC1N2C3=C(C=C(C=C3)Cl)NC2=O)CCCN4C5=CC=CC=C5NC4=O
D01479,C1CCC2=NC3=CC=CC=C3C(=C2C1)N
D01480,C1=CC(=CC(=C1)[N+](=O)[O-])C2=NOC(=N2)CCCC(=O)O
D01481,CN(C)CC(COC1=CC=C(C=C1)NC2=CC(=NC=N2)NC3=C(C=CC=C3F)F)O
D01482,CC1=C(C2=CC3=NC(=CC4=C(C(=C([N-]4)C=C5C(=C(C(=N5)C=C1[N-]2)C)CCC(=O)O)C)CCC(=O)O)C(=C3CCC(=O)O)C)CCC(=O)O.[Fe+2]
D01483,CC(C)N1C2=C(C(=N1)C3=CC(=CC=C3)O)C(=NC=N2)N
D01484,CC1C(C(C(C(O1)OP(=O)(O)OP(=O)(O)OCC2C(C(C(O2)N3C=NC4=C3NC(=NC4=O)N)O)O)O)O)O
D01485,[183W]
D01486,CCN(CC)C1=CC=CC=C1
D01487,C([C@@H]([C@H]([C@@H](C(=O)CO)O)O)O)O
D01488,[127IH]
D01489,C/C=C(\C)/CC/C=C(\C)/CCC=C(C)C
D01490,C1=NC2=C(N1CC(CO)OCP(=O)(O)O)N=C(N=C2N)N
D01491,CC1=N/C(=N\NC2=C(C=C(C=C2)S(=O)(=O)O)S(=O)(=O)O)/C(=C(C1=O)C=O)COP(=O)(O)O
D01492,CC(=O)OCC1=C(N2[C@@H]([C@@H](C2=O)NC(=O)CCC[C@H](C(=O)O)N)SC1)C(=O)O
D01493,COC1=C(C=CC(=C1)/C=C/C=O)O
D01494,CCOC1=CC=CC=C1OCCN[C@H](C)CC2=CC(=C(C=C2)OC)S(=O)(=O)N
D01495,CC1=C(C(=O)OC2=C1C=CC(=C2)O)CCO
D01496,CC(C)NNC(=O)C1=CC=NC=C1
D01497,CC(C1=CC=CC(=C1)C(=O)C2=CC=CC=C2)C(=O)O
D01498,CC/C=C\C=C\C=C\CCCCCCCCCC(=O)O
D01499,C(CCCCC(=O)O)CCCC(=O)O
D01500,CCC(=O)N(C1CCN(CC1)CCC2=CC=CC=C2)C3=CC=CC=C3
D01501,C1=NC2=C(C(=N1)N)N=CN2C3[C@@H]([C@@H](/C(=C\F)/O3)O)O
D01502,C1=CC=C(C=C1)C2=CC3=C(C=C2)NN=C3N
D01503,C1=CN=C(N=C1)NC2=C3C=C(C=CC3=CC(=C2)C(=O)NC4=CC=C(C=C4)CN)C(=N)N
D01504,CC(C)NCCO
D01505,CN(C1CCNCC1)C(=O)N2CC(=C[C@H]2C3=CC=CC=C3)C4=C(C=CC(=C4)F)F
D01506,C[C@@]12CC[C@@]3([C@@H]([C@@H]1CC(CC2)(C)C)CC[C@H]4[C@]3(CC[C@@H]5[C@@]4(CCCC5(C)C)C)C)C
D01507,CC1=CC(=O)C2=CC=CC=C2C1=O
D01508,COC1=CC=CC(=C1)C2=CC(=CC=C2)CCC3=NC(=CC=C3)N
D01509,C(=O)([O-])[O-].[Ba+2]
D01510,CCCO.CCCO.CCCO.CCCO.C(C1C2C(C(C(O1)OC3C(OC(C(C3O)O)OC4C(OC(C(C4O)O)OC5C(OC(C(C5O)O)OC6C(OC(C(C6O)O)OC7C(OC(C(C7O)O)OC8C(OC(O2)C(C8O)O)CO)CO)CO)CO)CO)CO)O)O)O
D01511,CCCCC=O
D01512,CCCCCCCCCCCCCCCCCCCCCCCCCC(C(CCCCCCCCCCC1CC1CCCCCCCCCCCCCCCCCC)C(=O)OCC2C(C(C(C(O2)OC3C(C(C(C(O3)COC(=O)C(CCCCCCCCCCCCCCCCCCCCCCCC)C(CCCCCCCCCCCC4CC4CCCCCCCCCCCCCCCCCC)O)O)O)O)O)O)O)O
D01513,CC(C)C[C@@H](C(=O)N[C@@H]1CCN(C1)C#N)NC(=O)OCC2=CC=CC=C2
D01514,C1=CC=C(C=C1)C(=O)CC2=CC=C(C=C2)N=C(N)N
D01515,C1=CC=C(C=C1)CNC=O
D01516,C1=C(C=C(C(=C1O)O)O)C2=C(C(=O)C3=C(C=C(C=C3O2)O)O)O
D01517,C#CCO
D01518,CC(C)[C@H](C[C@@H]([C@H](CC1CCCCC1)N)O)C(=O)O
D01519,C1=CC=C2C(=C1)C(=C3N2C4=CC=CC=C4C(=O)N3)CC(=O)O
D01520,C1CCC(CC1)NC2=NC=NC3=C2N=CN3C4[C@@H]([C@@H]([C@H](O4)CO)O)O
D01521,CN(CCOC1=CC=C(C=C1)C2=CC=C(C=C2)C#N)C(=O)NO
D01522,CC(=O)[O-].CC(=O)[O-].CC(=O)[O-].[Cr+3]
D01523,C1=CC=C(C=C1)C2=CC=C(C=C2)CN3C=CN=C3
D01524,C1=CC=C(C(=C1)NC(=O)C2=CC=C(C=C2)N3C=CC=CC3=O)S(=O)(=O)NC4=NC=C(C=C4)Cl
D01525,[NH2-].[Cl-].[Hg+2]
D01526,Cl[Co]Cl
D01527,C([C@@H]1[C@H]([C@@H]([C@H]([C@H](O1)OC[C@@H]2[C@H]([C@@H]([C@H]([C@H](O2)OC[C@@H]3[C@H]([C@@H]([C@H](C(O3)O)O)O)O)O)O)O)O)O)O)O
D01528,C1=CC(=CC=C1CSC[C@@H](C(=O)O)NC(=O)N[C@@H](CCC(=O)O)C(=O)O)F
D01529,CC1=CC[C@]2(C[C@@H]1[C@H](OC2)C3=CC=C(C=C3)O)CO
D01530,CCCCCCCC(=O)OCC
D01531,C=CC(=O)[O-].[Na+]
D01532,C[C@H](CCC1=CC=C(C=C1)O)NC(=O)CC2=C(NC3=CC=CC=C32)C4=CC=CC=C4
D01533,CC1=C(C2=C(N1C)C(=O)C=C(C2=O)OC)COC3=CC=CC=C3
D01534,CNC1=NC=NC2=C1N=CN2[C@H]3CC[C@H](O3)CO
D01535,CC(C)(C)OC(=O)N1CC2=C(C[C@@H]1C(=O)NC)C=CC(=C2)NS(=O)(=O)O
D01536,CCC(C1=CC=CC=C1)C(=O)O
D01537,CC(=O)[C@H]1CCC2[C@@]1(CCC3C2CC[C@H]4[C@@]3(CC[C@@](C4)(CC#C)O)C)C
D01538,[Si+4]
D01539,CC(=O)N[C@@H]1[C@H]([C@@H]([C@H](OC1OP(=O)(O)O)CO)O)O
D01540,C([C@H]([C@H]([C@H]([C@H](C=O)O)O)O)O)O
D01541,COC(=O)CC(=O)OC
D01542,C1[C@H](N[C@@H]1C(=O)O)C(=O)O
D01543,C1CCC(CC1)OCC(=O)N2CCC[C@H]2C(=O)NCC3=CC=C(C=C3)C(=N)N
D01544,C(C1C(C(C(C(O1)OC2C(OC(C(C2O)O)OC(C(CO)O)C(C(CO)O)O)CO)O)O)O)O
D01545,C1=CC(=CC=C1CBr)CBr
D01546,CCCCCCCCCCCCCCO
D01547,CCC1=C(C(=CC=C1)CC)O
D01548,CN1C2=C(C=CC(=C2)Cl)C3=C1C(=O)NC4([C@@H]3C#N)CCNCC4
D01549,O=[V]
D01550,CCN(CC)CCNC(=O)C1=CC(=C(C=C1OC)N)Cl
D01551,C[C@H](CO)C(=O)O
D01552,C([C@@H]1[C@H]([C@@H]([C@@H]([C@H](O1)O[C@H](C=O)[C@H]([C@@H]([C@@H](CO)O)O)O[C@@H]2[C@H]([C@H]([C@@H]([C@H](O2)CO)O)O)O)O)O)O)O
D01553,CS(=O)(=O)C1=CC=C(C=C1)NC2=CC(=NC3=CC=NN32)Cl
D01554,CN1CC[C@@H]([C@@H](C1)F)N(C)C(=O)N2CC(=C[C@@]2(CO)C3=CC=CC=C3)C4=C(C=CC(=C4)F)F
D01555,C(C[C@@H](C(=O)N)N)C[NH+]=C(N)N
D01556,C[C@@H](CC1=CC=C(C=C1)O)NC[C@H](C2=CC(=CC(=C2)O)O)O
D01557,CC(C)N=C(N)NO
D01558,[C@@H]([C@H](C(=O)[O-])O)(C(=O)[O-])O.[K+].[K+]
D01559,C1=NC2=C(N1[C@H]3[C@@H]([C@@H]([C@H](O3)CO)O)O)N=C(N=C2N)F
D01560,CC(C)CC[C@H]([C@@](C)(C1CC[C@@]2([C@@]1(C[C@H](C3C2=CC(=O)[C@]4([C@@]3(C[C@@H]([C@@H](C4)O)O)C)O)O)C)O)O)O
D01561,[109Cd]
D01562,CC(C)(C1=CN=CC=C1)C(=O)C2=CN=CC=C2
D01563,C[C@@H]1C[C@@H]([C@@H]([C@H](/C=C(/[C@H]([C@@H](/C=C/C=C(\C(=O)NC2=CC(=O)C(=C(C1)C2=O)NCC=C)/C)OC)OC(=O)N)\C)C)O)OC
D01564,CN1CCN(CC1)CC/C=C\2/C3=CC=CC=C3SC4=C2C=C(C=C4)S(=O)(=O)N(C)C
D01565,C1=CC(=C(C=C1C(=O)O)OC(F)(F)F)NC(=O)NC(=O)C2=CC(=C(C=C2Cl)F)F
D01566,CCN1CCCC1CNC(=O)C2=CC(=C(C=C2OC)N)S(=O)(=O)CC
D01567,CCCCCCCCCC[N+](C)(C)[O-]
D01568,C[C@@H]1[C@H]([C@@H]2[C@H](OC1O[C@@H]3[C@H](O[C@@H]([C@@H]([C@H]3O)O)O[C@@H]4[C@H](O[C@@H]([C@@H]([C@H]4O)O)O[C@@H]5[C@H](OC(O2)[C@@H]([C@H]5O)O)CO)CO)CO)OO)O
D01569,CC(C)SC(=N)N
D01570,CC(C)(C)C(C)([C@H]1C[C@@]23CC[C@]1(C4[C@@]25CCN([C@@H]3CC6=C5C(=C(C=C6)O)O4)CC7CC7)OC)O.C=CCN1CC[C@]23[C@@H]4C(=O)CC[C@]2([C@H]1CC5=C3C(=C(C=C5)O)O4)O
D01571,CCCS(=O)(=O)N[C@H]([C@H](C)O)C(=O)N[C@@H](CCSC)C(=O)NCC1=CC=C(C=C1)C(=N)N
D01572,C1C(C(OC1N2C=NC3=C2N=CN=C3N)COP(=O)(O)OC4CC(OC4COP(=O)(O)O)N5C=NC6=C5N=CN=C6N)O
D01573,CC(=O)O[C@@H](CC(=O)[O-])C[N+](C)(C)C
D01574,C[C@H]1[C@@H]([C@H]([C@H]([C@@H](O1)O[C@H]2C[C@H]([C@@]3([C@@H]4[C@@H](CC[C@@]3(C2)O)[C@]5(CC[C@@H]([C@]5(C[C@H]4O)C)C6=CC(=O)OC6)O)CO)O)O)O)O
D01575,[F]
D01576,CC(C)NCC(COC1=CC=C(C=C1)CCOCC2CC2)O
D01577,C1=CC(=CC=C1C(=O)NCC2=CC(=C(C(=C2)F)F)F)S(=O)(=O)N
D01578,C1CNCCN(C1)S(=O)(=O)C2=CC=CC3=C2C=CNC3=O
D01579,COC1=C(C=CC(=C1)C(C(=O)O)O)O
D01580,C1CCC2=NC3=CC=CC=C3C(=C2C1)NCCCCCCCCNC4=CC=NC5=CC=CC=C54
D01581,CC1=CC(=O)OC2=C1C=CC(=C2)OC3[C@@H]([C@H]([C@@H]([C@H](O3)CO)O)O)O
D01582,CC(=O)N[C@@H](CC1=CC=CC=C1)C(=O)N[C@@H](CC2=CC=C(C=C2)[C@@H]3CC(=O)NS3(=O)=O)C(=O)N
D01583,C1=CC=C(C=C1)C(C2=CC=CC=C2)(C3=CC=CC=C3Cl)N4C=CN=C4
D01584,C1[C@H]([C@@H]([C@H](C([C@H]1N)O[C@@H]2[C@@H]([C@H]([C@@H]([C@H](O2)CO)O)O)N)OC3[C@@H]([C@@H]([C@H](O3)CO)O[C@@H]4[C@@H]([C@H]([C@@H]([C@@H](O4)CN)O)O)N)O)O)N
D01585,CCCC1=NC(=C2N1NC(=NC2=O)C3=C(C=CC(=C3)S(=O)(=O)N4CCN(CC4)CC)OCC)C
D01586,C[C@H](C1=CC=CC=C1Cl)OC2=C(SC(=C2)N3C=NC4=CC(=C(C=C43)OC)OC)C(=O)N
D01587,C.OS(=O)(=O)O
D01588,CCCC[C@@H](C=O)NC(=O)[C@H](CC(C)C)NC(=O)[C@H](CC(C)C)NC(=O)C
D01589,C1=C(C(=CC(=C1Cl)Cl)Cl)OCC#CI
D01590,CNC=O
D01591,CC[C@@H]1[C@@]([C@@H]([C@H](/C(=N\OCOCCOC)/[C@@H](C[C@@]([C@@H]([C@H]([C@@H]([C@H](C(=O)O1)C)O[C@H]2C[C@@]([C@H]([C@@H](O2)C)O)(C)OC)C)O[C@H]3[C@@H]([C@H](C[C@H](O3)C)N(C)C)O)(C)O)C)C)O)(C)O
D01592,CC(C)(COP(=O)(O)OP(=O)(O)OC[C@@H]1[C@H]([C@H]([C@@H](O1)N2C=NC3=C2N=CN=C3N)O)OP(=O)(O)O)[C@@H](C(=O)NCCC(=O)NCCS)O
D01593,C[C@H](CCC(=O)O)N
D01594,CC(C(=O)O)NC(=O)C1CCCN1C(=O)CN
D01595,C([C@@H]([C@H]([C@@H]([C@H](C=O)O)O)O)O)O
D01596,C1=CC(=O)N(C=C1)C2=CC=C(C=C2)C(=O)NCCNC(=O)C3=CC=C(S3)Cl
D01597,C1=CC(=NC(=C1)C(=O)O)C(=O)O
D01598,C1=C2C(=CC(=C1O)O)OC3=CC(=C(C(=C3C2=O)O)C4[C@@H]([C@H]([C@@H]([C@H](O4)CO)O)O)O)O
D01599,C1=CNC(=O)NC1=O
D01600,C(CC(CO)(O)O)[C@@H](C(=O)O)N
D01601,C1=CC(=CC(=C1)N)N
D01602,CS(=O)(=O)NC1=CC=C(C=C1)OC[C@@H](CNCCC2=CC(=C(C=C2)Cl)Cl)O
D01603,CC(C(C(=O)O)N)O
D01604,CC(=O)[C@]1(CC[C@@H]2[C@@]1(CC[C@H]3[C@H]2C=C(C4=CC(=O)CC[C@]34C)Cl)C)OC(=O)C
D01605,CCNC(C)CC1=CC(=CC=C1)C(F)(F)F
D01606,CC(C)NCC(C1=CC2=CC=CC=C2C=C1)O
D01607,C1COCCC1(C(=O)NO)S(=O)(=O)C2=CC=C(C=C2)OC3=CC=C(C=C3)C(F)(F)F
D01608,COC1=CC=C(C=C1)C[C@@H](C(=O)O)N
D01609,C[C@@H]([C@H]1CC[C@@H]2[C@@]1(CC[C@H]3[C@H]2CC[C@H]4[C@@]3(CC[C@H](C4)O)C)C)O
D01610,C(C(C(C(=O)CO)O)O)O
D01611,C[C@H](N)P(=O)(C[C@H](CC(=O)O)C(=O)O)O
D01612,C(C(=O)COP(=O)(O)O)O
D01613,CC(=O)NC(C(CC(=O)C(=O)O)O)C(C(C(CO)O)O)O.C(C(C(C(C(C(CO)O)O)O)N)O)C(=O)C(=O)O
D01614,C1=CC(=CC(=C1)Cl)COC2=CC3=C(C=C2)C(=CC(=O)O3)C=O
D01615,C1=C(C=C(C2=C1O[Bi]O2)O)C(=O)O.O
D01616,C[C@]12CC[C@H](C[C@@H]1CC[C@@H]3[C@@H]2CC[C@]4([C@H]3CCC4=O)C)O
D01617,C([C@@H]([C@@H]([C@H]([C@H](C(=O)O)O)O)O)O)O.C([C@@H]([C@@H]([C@H]([C@H](C(=O)O)O)O)O)O)O.[Fe]
D01618,C1[C@@H]([C@@H]([C@H]([C@@H]([C@]1(CO)O)O)O)O)NC(CO)CO
D01619,CC12CCC(=O)CC1CCC3C2C(CC4(C3CC[C@@]4(C(=O)CO)O)C)O
D01620,CN(CC1=CN=C2C(=N1)C(=NC(=N2)N)N)C3=CC=C(C=C3)C(=O)N[C@@H](CCC(=O)O)C(=O)O
D01621,CCCCCCCO[C@H]1[C@@H]([C@H]([C@@H]([C@H](O1)CO)O)O)O
D01622,C1=C(C=C(C(=C1I)O)I)C[C@@H](C(=O)O)N
D01623,C1=CC=C(C=C1)C2=CC(=O)C3=C(O2)C4=CC=CC=C4C=C3
D01624,CC1(O[C@@H]2CO[C@@]3([C@H]([C@@H]2O1)OC(O3)(C)C)COS(=O)(=O)N)C
D01625,CC1C(C(C(C(O1)OC2C#C/C=C\C#CC\3(C(C(=O)C(=C2/C3=C\CSSSC)NC(=O)OC)OC4CC(C(C(O4)C)O)OC(=O)C5=CC(=C(C=C5NC(=O)C(=C)OC)OC)OC)O)OC6CC(C(CO6)NC(C)C)OC)O)NOC7CC(C(C(O7)C)SC)O
D01626,[OH3+].[OH3+].O.[OH2+]O.[Ca].[Mn].[Mn].[Mn].[Mn]
D01627,[252Cf]
D01628,CC#CCOC1=CC=C(C=C1)S(=O)(=O)N2CCSC([C@@H]2C(=O)NO)(C)C
D01629,C[C@H]1C(=O)N2CCC[C@@H]2C(=O)N[C@H](CC(=O)NCC(=O)N[C@@H](C(=O)N[C@H](C(=O)N[C@@H](C(=O)NCC(=O)N[C@@H](C(=O)N1)[C@@H](C)O)CC3=CNC=N3)CC4=CNC5=CC=CC=C54)CC(=O)N)C(=O)N[C@@H](CC6=CNC7=CC=CC=C76)C(=O)N[C@@H](CC8=CC=CC=C8)C(=O)N[C@@H](CC9=CC=CC=C9)C(=O)N[C@@H](CC(=O)N)C(=O)N[C@@H](CC1=CC=C(C=C1)O)C(=O)N[C@@H](CC1=CC=C(C=C1)O)C(=O)N[C@H](CC1=CNC2=CC=CC=C21)C(=O)O
D01630,C[C@]1(CC(=O)N(C(=N1)N)C)C2=CC=CC(=C2)C3=CC(=CC=C3)OC
D01631,CCCCC/C=C\C/C=C\C/C=C\CCCCCCC(=O)O
D01632,C[C@H]1[C@@H]([C@@](C[C@@H](O1)O)(C)O)OC(=O)C
D01633,CC(C)C[C@H](C(=O)O)O
D01634,C1=CC(=CC=C1C(=O)O)N=[N+]=[N-]
D01635,C[C@]12CC[C@@H](C[C@H]1CCC3C2CC[C@]4([C@@]3(CCC4C5=CC(=O)OC5)O)C)O
D01636,C[N@+]1(CC[C@]23[C@@H]4C(=O)CC[C@]2([C@H]1CC5=C3C(=C(C=C5)O)O4)O)CC=C
D01637,C1C(=C(N2[C@H](S1)[C@@H](C2=O)NC(=O)C(C3=CC=CC=C3)N)C(=O)O)Cl
D01638,C1=CC(=CC=C1C(=N)N)NC(=O)NC2=CC=C(C=C2)Cl
D01639,CC(C)(C(C)(C)O)O
D01640,C[C@H](CC=O)O
D01641,CC1=CC=CC=C1N2CCN(CC2)CCC3=NN=C4N3CCCC4
D01642,C(C[C@@H](C(=O)O)N)CNC(=O)N
D01643,C1=CC2=C(C=CN=C2)C(=C1)S(=O)(=O)NCCNC/C=C/C3=CC=C(C=C3)Br
D01644,C1=CC=C(C=C1)NC(=O)C2=CC=NN2
D01645,C1CCC(CC1)(CC(=O)O)CN
D01646,CNC(=O)OC1=CC=CC2=CC=CC=C21
D01647,C[C@H]([C@@H]([C@@H](C#CC1=C(C=CC2=C1/C(=C/C3=C(C=CN3)OC)/C(=O)N2)F)O)N)O
D01648,CC(=O)[C@H]1CC[C@@H]2[C@@]1(CC[C@H]3[C@H]2CC[C@H]4[C@@]3(CCC(=O)C4)C)C
D01649,CCCCN(CCCC)C(=O)CN1C[C@@H]([C@H]([C@H]1C2=CC=C(C=C2)OC)C(=O)O)C3=CC4=C(C=C3)OCO4
D01650,C1=CC(=CC=C1C2=CC3=C(C=C2)C(=C(C=C3)O)Cl)O
D01651,C[C@]12CC[C@H]3[C@H]([C@@H]1CCC2=O)CCC4=C3C=CC(=C4)O
D01652,C1CC1N2C=C(C(=O)C3=CC(=C(C=C32)N4CCNCC4)F)C(=O)O
D01653,C[C@H](CCCC(C)C)[C@H]1CC[C@@H]2[C@@]1(CC[C@H]3[C@H]2CCC4=CC(=O)CC[C@]34C)C
D01654,C[C@@H]1C[C@@H]([C@@H]([C@H](/C=C(/[C@@H]([C@H](/C=C\C=C(\C(=O)NC2=CC(=O)C(=C(C1)C2=O)OC)/C)OC)OC(=O)N)\C)C)O)OC
D01655,CCC/C(=C/C1=CC=C(O1)C2=CC(=CC=C2)C(=O)O)/[N+](=O)[O-]
D01656,CC1=C(C(CCC1)(C)C)/C=C/C(=C/C=C/C(=C\C(=O)O)/C)/C
D01657,C[C@H](CCCC(C)C)[C@H]1CC[C@@H]2[C@@]1(C=CC[C@H]2C/C=C/3\C[C@H](CCC3=C)O)C
D01658,C1=CC=C(C=C1)OP(=O)(O)O
D01659,C1=CC(=C(C=C1C2=C(C(=O)C3=C(C=C(C=C3O2)O)O)O)O)O
D01660,C1[C@H](N([C@H](C(=N1)NCCC2=CC=CC=N2)O)CC(=O)NCC3=CSC4=C3C=C(C=C4)Cl)Cl
D01661,CCOS(=O)(=O)CC
D01662,[121Sn]
D01663,CCOC(=O)C1=CC=CC=C1
D01664,C[C@@H]1[C@H]([C@@H]([C@@H]([C@H](O1)O)O)O)O
D01665,C1[C@H]([C@H](C(O1)(CO)O)O)O
D01666,C[C@H]([C@H]1C(=O)N[C@@H](CSSC[C@H](C(=O)N[C@H](C(=O)N[C@H](C(=O)N[C@H](C(=O)N1)CCCCN)CC2=CNC3=CC=CC=C32)CC4=CC=CC=C4)NC(=O)[C@@H](CC5=CC=C(C=C5)O)NC)C(=O)N[C@@H]([C@@H](C)O)C(=O)N)O
D01667,CC(=C)C(=O)N
D01668,CCCCCCCCC[C@H](CC(=O)O)O
D01669,C1CO[C@H](C2=C1C(=C(S2)NC(=O)C(=O)O)C(=O)O)COC3=NS(=O)(=O)C4=CC=CC=C43
D01670,C[N+]1([C@@H]2CC(CC1[C@H]3[C@@H]2O3)OC(=O)[C@H](CO)C4=CC=CC=C4)C.[Br-]
D01671,CC[C@H](CO)NC1=NN2C(=NC=C2C3=CC=C(C=C3)C(=O)O)C=C1
D01672,CN1C=C(C2=CC=CC=C21)C3=C(C(=O)NC3=O)C4=C5C[C@@H](CCN5C6=CC=CC=C64)CN(C)C
D01673,O.OP(=O)(O)O.O=[W](=O)=O.O=[W](=O)=O.O=[W](=O)=O.O=[W](=O)=O.O=[W](=O)=O.O=[W](=O)=O.O=[W](=O)=O.O=[W](=O)=O.O=[W](=O)=O.O=[W](=O)=O.O=[W](=O)=O.O=[W](=O)=O
D01674,C1=NC2=C(C(=N1)N)N=CN2[C@@H]3C([C@@H]([C@@H](O3)COP(=O)(O)OP(=O)([O-])OP(=O)([O-])OP(=O)([O-])OC[C@@H]4[C@@H](C([C@@H](O4)N5C=NC6=C5N=CN=C6N)O)O)O)O.[NH4+].[NH4+].[NH4+]
D01675,C1[C@H](C(=O)NC2=CC=CC=C21)NC(=O)C3=CC4=C(N3)SC(=C4)Cl
D01676,CC(=O)[C@H]1CCC2[C@@]1(CCC3C2CC[C@H]4[C@@]3(CC[C@@](C4)(COC)O)C)C
D01677,CC(=O)O.CC(=O)O.CC(=O)O.CC(=O)O.CC(=O)O.CC(=O)O.O.[Zn].[Zn].[Zn].[Zn]
D01678,C1=CC=C(C=C1)C(C(=O)O)N
D01679,CN1CCC([C@H](C1)O)C2=C(C=C(C3=C2OC(=CC3=O)C4=CC=CC=C4Cl)O)O
D01680,CC(=O)N[C@@H]1[C@H]([C@H]([C@H](O[C@@H]1OP(=O)(O)OP(=O)(O)OC[C@@H]2[C@H]([C@H]([C@@H](O2)N3C=CC(=O)NC3=O)O)O)CO)O)O
D01681,C1=NC2=C(C(=N1)N)N=CN2[C@H]3[C@@H]([C@@H]([C@H](O3)COP(=O)(O)O[C@@H]4[C@@H]([C@H](O[C@H]4N5C=NC6=C5N=CN=C6N)COP(=O)(O)O[C@@H]7[C@@H]([C@H](O[C@H]7N8C=NC9=C8N=CN=C9N)COP(=O)(O)O)O)O)O)O
D01682,C[C@@H](CCC(=O)O)N
D01683,C[C@H](CC1=CC=CC=C1)NC2=NC=NC3=C2N=CN3C4C([C@H](C(O4)CO)O)O
D01684,CCCCCCCCCC1=CC=C(C=C1)OCCOCCO
D01685,C[C@@H](C1=CC=CN1)C2=C3C=C(C=CC3=NC2=O)NC(=O)N
D01686,[C@@H]1([C@H]([C@H](O[C@@H]([C@@H]1O)O[C@@H]2[C@@H]([C@H](C(O[C@@H]2C(=O)O)O)O)O)C(=O)O)O)O
D01687,C1C(C(C(N1)CO)O)O
D01688,C1CCC2(C1)CC(=O)N(C(=O)C2)CCCCN3CCN(CC3)C4=NC=CC=N4
D01689,C[C@]12CC[C@H]3[C@H]([C@@H]1CC[C@@H]2OC(=O)CCC4CCCC4)CCC5=CC(=O)CC[C@]35C
D01690,C1CCC(CC1)NC(=O)NCC(=O)O
D01691,C([C@@H]1[C@H]([C@@H]([C@H]([C@H](O1)O[C@@H]2[C@H](O[C@@H]([C@@H]([C@H]2O)O)O[C@@H]3[C@H](O[C@@H]([C@@H]([C@H]3O)O)O[C@@H]4[C@H](O[C@@H]([C@@H]([C@H]4O)O)O[C@@H]5[C@H](O[C@@H]([C@@H]([C@H]5O)O)O[C@@H]6[C@H](OC([C@@H]([C@H]6O)O)O)CO)CO)CO)CO)CO)O)O)O)O
D01692,C1[C@@H]([C@H](O[C@H]1N2C=NC3=C2NC=NC[C@H]3O)CO)O
D01693,C1COCCC1(CS(=O)(=O)C2=CC=C(C=C2)OC3=CC=C(C=C3)Cl)C(=O)NO
D01694,O=S=O
D01695,C([C@@H](C(=O)O)N)C(=O)OP(=O)(O)O
D01696,C1=C(C=C(C(=C1Cl)O)SC2=CC(=CC(=C2O)Cl)Cl)Cl
D01697,CCCC1=C(C=CC2=C1ON=C2C(F)(F)F)OCCCOC3=CC4=C(C=C3)N(C=C4)CC(=O)O
D01698,C[C@@H](CC1=CC=CC=C1)NC2=NC=NC3=C2N=CN3[C@H]4[C@@H]([C@@H]([C@H](O4)CO)O)O
D01699,C1=CC(=C(C=C1[C@@H](CN)O)O)O
D01700,CC1(C(=O)NC(=O)NC1=O)C2=CC=C(C=C2)OC3=CC=CC=C3
D01701,CC1=CNC2=CC=CC=C12
D01702,CCCCC1C(=O)NC(=O)N(C1=O)C2CCCCC2
D01703,CCN[C@@H]1C[C@@H]([C@H]([C@@H]([C@H]1O[C@@H]2[C@@H]([C@H]([C@@](CO2)(C)O)NC)O)O)O[C@@H]3[C@@H](CC=C(O3)CN)N)N.CCN[C@@H]1C[C@@H]([C@H]([C@@H]([C@H]1O[C@@H]2[C@@H]([C@H]([C@@](CO2)(C)O)NC)O)O)O[C@@H]3[C@@H](CC=C(O3)CN)N)N.OS(=O)(=O)O.OS(=O)(=O)O.OS(=O)(=O)O.OS(=O)(=O)O.OS(=O)(=O)O
D01704,C1CCC(C1)[C@@H](/C=C/[C@H]2[C@@H](C[C@H]3[C@@H]2C/C(=C/CCCC(=O)O)/C3)O)O
D01705,CC(C)C[C@@H](C(=O)O)N
D01706,CC(C(=O)OC)N
D01707,C1=NC2=C(C(=N1)N)N=CN2[C@H]3[C@H]([C@@H]([C@H](O3)COP(=O)(O)O)O)O
D01708,C1=CC=C(C(=C1)C(=O)O)NC2=CC=CC(=C2)C(F)(F)F
D01709,[O-2].[O-2].[O-2].[Y+3].[Y+3]
D01710,CC(=O)[C@H]1CCC2[C@@]1(CCC3C2CC[C@H]4[C@@]3(CC[C@@](C4)(CCl)O)C)C
D01711,C([C@@H]1[C@H]([C@@H]([C@H]([C@H](O1)OP(=O)(O)O)F)O)O)O
D01712,C[C@]12CC[C@H]3[C@H]([C@@H]1CC=C2)CCC4=CC(=O)CC[C@]34C
D01713,C[C@@]1(CCCN1)C2=NC3=C(C=CC=C3N2)C(=O)N
D01714,C(C1=C(C(=C(C(=C1F)F)F)F)F)O
D01715,C1=CC(=CC=C1CCC2=CC(=CC(=C2)O)O)O
D01716,CCCCCCCCCCC[14CH2]O[C@H]1[C@@H]([C@H]([C@@H]([C@H](O1)CO)O[C@@H]2[C@@H]([C@H]([C@@H]([C@H](O2)CO)O)O)O)O)O
D01717,CC(CC1=CC=C(C=C1)O)(C(=O)O)N
D01718,C1=CC=C2C(=C1)C(=C(OC2=O)Cl)Cl
D01719,CC(=O)[C@H]1CCC2[C@@]1(CCC3C2CC[C@@H]4[C@@]3(CC[C@@](C4)(C#C)O)C)C
D01720,C1[C@H]([C@@H]([C@H]([C@@H](O1)O)O)O)O
D01721,C[C@H](C(=O)O)NC(=O)N
D01722,C([C@@H](C(=O)O)N)SCC(=O)N
D01723,[33SH2]
D01724,C1=CC=C2C(=C1)C=CC=C2N(C3=CC=CC=C3C(=O)O)C(=O)C(=O)O
D01725,CC1=CC(=C2C(=C1)C(=O)C3=CC(=CC(=C3C2=O)O)O)O
D01726,C[C@]12CC[C@H]3[C@H]([C@@H]1CCC2(C#C)O)CCC4=C3C=CC(=C4O)O
D01727,[C@H]([C@@H]([C@@H](C(=O)O)O)O)([C@H](C(=O)O)O)O
D01728,CCCCC/C=C\C/C=C\CCCCC[C@H](CCCC(=O)O)O
D01729,C(CO)N(CCO)CC(=O)O
D01730,C(C1C2C(C(C(O1)OC3C(OC(C(C3O)O)OC4C(OC(C(C4O)O)OC5C(OC(C(C5O)O)OC6C(OC(C(C6O)O)OC7C(OC(C(C7O)O)OC8C(OC(C(C8O)O)OC9C(OC(O2)C(C9O)O)CO)CO)CO)CO)CO)CO)CO)O)O)O
D01731,CC1=C(C=CC(=C1)C2=CC(=C(C=C2)N/N=C/3\C=CC4=C(C3=O)C(=C(C=C4S(=O)(=O)O)S(=O)(=O)O)N)C)NN=C5C=CC6=C(C5=O)C(=C(C=C6S(=O)(=O)O)S(=O)(=O)O)N.[Na+]
D01732,C[C@]12CCC(=O)C=C1CC[C@@H]3[C@@H]2[C@H](C[C@]4([C@H]3CC[C@@]4(C(=O)COC(=O)CCC(=O)O)O)C)O
D01733,C1=NC2=C(N1C3[C@@H]([C@@H]([C@H](O3)CO)O)OP(=O)(O)O)NC(=NC2=O)N
D01734,C1=CC=C(C=C1)C(=O)CO
D01735,C[C@@H]1C([C@@H](C[C@@H](O1)OC2CCC3(C4CCC5(C(CC[C@]5(C4CCC3(C2)O)O)C6=CC(=O)OC6)C)C=O)OC)O[C@H]7C[C@H]([C@@H]([C@H]([C@@H]7O)O)O)CO
D01736,CC(COCC1C(C(C(C(O1)OC)OCC(C)O)OCC(C)O)OC2C(C(C(C(O2)COC)OC3C(C(C(C(O3)CO)OC)O)O)OC)OC)O
D01737,C[C@]12CC[C@](C[C@@H]1C3=CC(=O)[C@@H]4[C@]5(CC[C@@H](C(C5CC[C@]4([C@@]3(CC2)C)C)(C)C)O)C)(C)C(=O)O
D01738,C1=CC(=CC=C1C2=C(C3=C(C2=O)C=C(C=C3)O)Br)O
D01739,C(C(=O)[O-])C(CC(=O)[O-])(C(=O)[O-])O.N.[Fe+3]
D01740,C1CCC2=C(C1)C(=C(S2)NC(=O)C3=CC=CC=C3F)C#N
D01741,CC12CC(C3C(C1CCC2(C(=O)COC(=O)CCC(=O)O)O)CCC4=CC(=O)C=CC34C)O
D01742,C[C@]12CC[C@@H](C[C@@H]1CC[C@@H]3[C@@H]2CC[C@]4([C@H]3CCC4=O)C)O
D01743,CC(CN1C2=CC=CC=C2CCC3=CC=CC=C31)CN(C)C
D01744,C(=O)Cl
D01745,CN(C)C1=CC2=C(C=C1)C(=C3C=CC(=[N+](C)C)C=C3O2)C4=C(C=C(C=C4)SC#N)C(=O)O.[Cl-]
D01746,CC1=NC2=CC=CC=C2C=C1
D01747,CCNC(=O)/C=C(\C)/C=C/C=C(\C)/C=C/C1=C(CCCC1(C)C)C
D01748,C1CC2CNC(CC2CC1CP(=O)(O)O)C(=O)O
D01749,C=C1CC1CC(C(=O)O)N
D01750,C1=CC(=CC=C1CN)NC(=O)C2=CC3=C(C=C2)C=C(C=C3)C(=N)N
D01751,C1CN(CCC1C2CCN(CC2)CCCl)CCCl
D01752,CC(=C)[C@@H]1CC[C@]2(C1C3CCC4[C@]5(CC[C@@H](C(C5CC[C@]4([C@@]3(CC2)C)C)(C)C)OC(=O)CN(C6[C@@H]([C@H]([C@H]([C@H](O6)CO)O)O)O)OC)C)C(=O)O
D01753,[2H]
D01754,CC(=O)O.C[Hg]
D01755,[O-][Se](=O)(=O)[O-].[Na+].[Na+]
D01756,CC(C)OP(=O)(O)O
D01757,CCC1=CN=C(C(=C1)C(=O)O)C2=NC(C(=O)N2)(C)C(C)C
D01758,CC(=O)OCC[N+](C)(C)C
D01759,C(=NN)(N)N
D01760,CN(C)S(=O)(=O)C1=CC2=C(C=C1)SC3=CC=CC=C3N2CCCN4CCC(CC4)CCO
D01761,C(=O)([O-])[O-].[OH-].[OH-].[Cu+2].[Cu+2]
D01762,CCNC(=O)C1C(C(C(O1)N2C=NC3=C2N=CN=C3N(C(=O)NC4=NC=C(C=C4)Cl)C(=O)NC5=NC=C(C=C5)Cl)O)O
D01763,CC(COC[C@@H]1[C@@H]2[C@@H]([C@H]([C@H](O1)O[C@@H]3[C@H](O[C@@H]([C@@H]([C@H]3O)O)O[C@@H]4[C@H](O[C@@H]([C@@H]([C@H]4O)O)O[C@@H]5[C@H](O[C@@H]([C@@H]([C@H]5O)O)O[C@@H]6[C@H](O[C@@H]([C@@H]([C@H]6O)O)O[C@@H]7[C@H](O[C@@H]([C@@H]([C@H]7O)O)O[C@@H]8[C@H](O[C@H](O2)[C@@H]([C@H]8O)O)COCC(C)O)COCC(C)O)COCC(C)O)COCC(C)O)COCC(C)O)COCC(C)O)O)O)O
D01764,C([C@@H]1[C@@H]([C@@H]([C@H]([C@H](O1)O[C@H]2[C@H](O[C@@H]([C@@H]([C@H]2O)O)O[C@@H]3[C@H](O[C@H]([C@@H]([C@H]3O)O)O)CO)CO)O)O)O)O
D01765,CC(=C)C(=O)O
D01766,CCCC(=O)O[C@H](COC(=O)CC)COP(=O)(O)OC[C@H](C(=O)O)N
D01767,C1=C(N(C(=O)NC1=O)[C@H]2[C@@H]([C@@H]([C@H](O2)CO)O)O)C(=O)O
D01768,O[32P](=O)([O-])[O-].[Na+].[Na+]
D01769,CC(=O)N[C@@H](CC1=CC(=C(C(=C1)I)O)I)C(=O)NCC(=O)O
D01770,CC1=CC=CC=C1
D01771,CCCCCCCCCCCCCCCCCC(=O)OC[C@@H](COP(=O)(O)OCC[N+](C)(C)C)OC(=O)CCCCCCCCCCCCCCCCC
D01772,C[C@]12CC[C@@H](C([C@@H]1CC[C@@]3([C@@H]2CC=C4[C@]3(CC[C@@]5([C@H]4CC(CC5)(C)C)C(=O)O)C)C)(C)C)O
D01773,[13NH3]
D01774,C1CC[N+]2(C1)[C@@H]3CC[C@H]2CC(C3)OC(=O)C(C4=CC=CC=C4)(C5=CC=CC=C5)O.[Cl-]
D01775,CC(=O)[O-].[K+]
D01776,CC(C)CC(C)CC(C)C1=CC=C(C=C1)O
D01777,CC1=C(C=CC(=C1)C2=CC(=C(C=C2)N/N=C\3/C=CC4=C(C3=O)C(=C(C=C4S(=O)(=O)[O-])S(=O)(=O)[O-])N)C)N/N=C/5\C=CC6=C(C5=O)C(=C(C=C6S(=O)(=O)[O-])S(=O)(=O)[O-])N.[Na+].[Na+].[Na+].[Na+]
D01778,C1[C@@H]([C@H](O[C@H]1N2C=NC3=C2N=C(N=C3N)Cl)CO)O
D01779,C1[C@H]([C@@H]([C@H]([C@@H]([C@H]1N)O[C@@H]2[C@@H]([C@H]([C@@H]([C@H](O2)CN)O)O)N)O[C@H]3[C@@H]([C@@H]([C@H](O3)CO)O)O)O)N
D01780,C1=C([C@H]([C@@H]([C@H]([C@H]1N)O)O)O)CO
D01781,C[C@H](CCCC(C)C)[C@H]1CC[C@@H]2[C@@]1(CC[C@H]3[C@H]2CC=C4[C@@]3(CC[C@@H](C4)O[C@H]5[C@@H]([C@H]([C@@H]([C@H](O5)CO)O)O)O)C)C
D01782,CCCCCCCCCCCCCC(CC(=O)O)O
D01783,C(C(C(C(C(C(=O)O)O)O)O)O)O
D01784,C1=CC=C(C=C1)COC2=C(N=CC=C2)N
D01785,CCCCC(=O)OCC(=O)[C@]1(C[C@@H](C2=C(C3=C(C(=C2C1)O)C(=O)C4=C(C3=O)C(=CC=C4)OC)O)O[C@H]5C[C@@H]([C@@H]([C@@H](O5)C)O)NC(=O)C(F)(F)F)O
D01786,CCN1C2=NC=C(C(=C2C=N1)NC3CCOCC3)C(=O)NCC4=CC=CC=C4
D01787,CC(C)(C1=CC=CC=C1)OO
D01788,CC1=CC(=C(C(=C1S(=O)(=O)NC[C@H]([C@H](CC2=CC=CC=C2)N)O)C)C)OC
D01789,CCCCCC(=O)OC1C2C(=C(C1OC(=O)/C(=C/C)/C)C)C3C(C(CC2(C)OC(=O)C)OC(=O)CCC)(C(C(=O)O3)(C)O)O
D01790,C[C@@H]1CN(C(=O)[C@@H]1N)O
D01791,C[C@@H](C(=O)O)NC
D01792,C1CCC(C1)OC2=CC=C/C(=C/3\NC4=C(N3)C=C(C=C4)C(=N)N)/C2=O
D01793,[Br]
D01794,CSC[C@@H](C(=O)O)N
D01795,C(CCN)CN
D01796,CC(=O)N
D01797,[Ge].[Fr]
D01798,C1=CC=[NH+]C=C1.[Cl-]
D01799,C(CO)C(C(=O)O)N
D01800,CC(C)CC1=CC=C(C=C1)C(C)C(=O)O
D01801,C1C[C@H]([C@H](CNC1)NC(=O)C2=CC=C(C=C2)O)OC(=O)C3=CC(=C(C(=C3)O)C(=O)C4=C(C=CC=C4O)C(=O)O)O
D01802,C=CCN1CC[C@]23[C@@H]4C(=O)CC[C@]2([C@H]1CC5=C3C(=C(C=C5)O)O4)O
D01803,C1=CC(=CC=C1C2=COC3=CC(=CC(=C3C2=O)O)O)O
D01804,CC(C)C[C@H](N)P(=O)(O)O
D01805,C1=CC=C(C=C1)C[C@@H](C(=O)O)O
D01806,CCCCCCCCCCCCCCCC(=O)OCC(CO)OC(=O)CCCCCCC/C=C\CCCCCCCC
D01807,C[C@]12CC[C@H]3[C@H]([C@@H]1CC[C@@H]2CC#N)CCC4=CC(=C(C=C34)OC)OS(=O)(=O)N
D01808,C(C(=O)O)O.[NH2-].[NH2-].[Pt+2]
D01809,CCCCCCCCCCCCCCCCCC(=O)OC
D01810,C([C@@H](C(=O)[O-])N)[Se-]
D01811,CC1(C2CCC(O1)(CC2)C)C
D01812,CC1=NC=C(C(=C1O)C=O)CO
D01813,CC1=CC(=C(C=C1)OC)OCC2=CC=CC=N2
D01814,C/C=C/C(=O)O
D01815,CN1CC[C@@H]([C@@H](C1)O)C2=C(C=C(C3=C2OC(=CC3=O)C4=CC=CC=C4Cl)O)O
D01816,CCCCCCCCCCCCCCCCCC(=O)OC[C@H](COP(=O)(O)OC[C@@H](C(=O)O)N)OC(=O)CCCCCCC/C=C\CCCCCCCC
D01817,CCCCC(C(=O)O)N
D01818,C1C(C(C(C1O)O)O)N
D01819,C1=CC(=CC=C1C2=CC3=C(O2)C(=CC(=C3)O)C#N)O
D01820,C1CC(=O)N[C@@H]1CS(=O)(=O)C[C@@H](C(=O)NC2(CC2)C#N)N[C@@H](C3=CC=C(C=C3)F)C(F)(F)F
D01821,C[C@@H]([C@@H](CCC1=C(C(=CC=C1)Cl)Cl)N2C=C(N=C2)C(=O)N)O
D01822,CCO[C@@H](CC1=CC=C(C=C1)OCCN2C3=CC=CC=C3C4=CC=CC=C42)C(=O)O
D01823,C1=CN(C=C(C1=O)C(=O)N)[C@H]2[C@@H]([C@@H]([C@H](O2)COP(=O)(O)OP(=O)(O)OC[C@@H]3[C@H]([C@H]([C@@H](O3)N4C=NC5=C4N=CN=C5N)OP(=O)(O)O)O)O)O
D01824,CCCCCCCCCCCCCCCCCCCCCCCCCCCCO
D01825,[B]=O
D01826,C1=CC2=C(C=C1/C=C\3/C(=O)NC(=O)S3)OC(O2)(F)F
D01827,C[C@H](CCC(=O)O)[C@H]1CC[C@@H]2[C@@]1(CC[C@H]3[C@H]2[C@@H](C[C@@H]4[C@@]3(CC[C@H](C4)O)C)O)C
D01828,CC1=CC(=NO1)NS(=O)(=O)C2=CC=C(C=C2)N
D01829,C[C@@H]1CC[C@@]2(CC[C@@]3(C(=CC[C@H]4[C@]3(CCC5[C@@]4(C[C@H]([C@H](C5(C)C)O)O)C)C)[C@H]2[C@]1(C)O)C)C(=O)O
D01830,CCCCCCCCCCCCCCCC(C(CCCCCCCCCCCCCC)C(=O)OC[C@@H]1[C@H]([C@@H]([C@H]([C@@H](O1)OC2[C@@H]([C@H]([C@@H]([C@H](O2)COC(=O)C(CCCCCCCCCCCCCC)C(CCCCCCCCCCCCCCC)O)O)O)O)O)O)O)O
D01831,CC1COC2=C3N1C=C(C(=O)C3=CC(=C2N4CCN(CC4)C)F)C(=O)O
D01832,C[C@@]12CC[C@@]3(C(=CC[C@H]4[C@]3(CC[C@@H]5[C@@]4(CC[C@@H](C5(C)C)O)C)C)[C@@H]1CC(CC2)(C)C)C
D01833,CCCCCCCC/C=C\CCCCCCCC(=O)OC[C@H](COP(=O)(O)OCCN)OC(=O)CCCCCCC/C=C\CCCCCCCC
D01834,CCCCCCC(=O)O
D01835,CC(C)C(CCCN(C)CCC1=CC(=C(C=C1)OC)OC)(C#N)C2=CC(=C(C=C2)OC)OC
D01836,C(C(=O)N)N
D01837,OS(=O)(=O)OS(=O)(=O)O
D01838,CCCCC/C=C/C/C=C/CCCCCCCC(=O)O
D01839,CC1=C(C[C@H](CC1)O)/C=C\C2=CCCC3(C2CCC3[C@H](C)CCCC(C)C)C
D01840,CC#C[C@@]1(CC[C@@H]2[C@@]1(C[C@@H](C3=C4CCC(=O)C=C4CC[C@@H]23)C5=CC=C(C=C5)N(C)C)C)O
D01841,C1C[C@@H](NC1)C(=O)O
D01842,CC(C)C(=O)COC1=NC(=NC2=C1NC=N2)N
D01843,C1=CC2=NC(N=C2C=C1)N
D01844,[2H]C1=C(C(=C2C(=C(C(=C(C2=C1[2H])[2H])[2H])[2H])[2H])[2H])[2H]
D01845,C[C@@H]1C(=O)O[C@@H]2[C@]1([C@@]34C(=O)O[C@H]5[C@]3([C@H]2O)[C@@]6([C@@H](C5)C(C)(C)C)[C@H](C(=O)O[C@H]6O4)O)O
D01846,C(CC(=O)O)C(C(=O)O)N
D01847,C1CCN(CC1)CCC(C2CC3CC2C=C3)(C4=CC=CC=C4)O
D01848,C1=CC(=CC=C1[C@H](CO)O)NC(=O)C2=CC3=C(N2)C=CC(=C3)Cl
D01849,C1CCN(C1)C(=O)[C@@H]2CN(C[C@@H]2N)C(=O)C3=NC4=CC=CC=C4N=C3
D01850,C1CCC(CC1)CCCCCCO[C@H]2[C@@H]([C@H]([C@@H]([C@H](O2)CO)O[C@@H]3[C@@H]([C@H]([C@@H]([C@H](O3)CO)O)O)O)O)O
D01851,CC(C)(C)O
D01852,CC(CC1=CC=C(C=C1)OC)N
D01853,C[C@H](CCCC(C)(C)O)[C@H]1CC[C@@H]2[C@@]1(CC[C@H]3[C@H]2CC=C4[C@@]3(CC[C@@H](C4)O)C)C
D01854,COC(=O)CCC(=O)OC
D01855,CC(C)(C)C1=NN(C(=C1)NC(=O)NC2=CC=CC3=CC=CC=C32)C4=CC(=CC=C4)N
D01856,C1=C(N=C([Se]1)C2[C@H]([C@H]([C@@H](O2)COP(=O)(O)OP(=O)(O)OC[C@@H]3[C@H]([C@H](C(O3)N4C=NC5=C4N=CN=C5N)O)O)O)O)C(=O)N
D01857,C1=CC=C2C(=C1)C(=O)OC23C4=CC(=C(C(=C4OC5=C(C(=C(C=C35)[N+](=O)[O-])O)Br)Br)O)[N+](=O)[O-]
D01858,C1=CC=C2C(=C1)C(=CN2)CCN
D01859,C1=CC=C(C=C1)C2=CC3=C(C4=C(N3CCC(=O)O)C=CC(=C4)O)C5=C2C(=O)NC5=O
D01860,C1[C@@H](O[C@@H](C2=C1C(=C(C=C2)O)O)CN)C3=CC=CC=C3
D01861,C[C@]12CCC(=O)C=C1CC[C@@H]3[C@@H]2[C@H](C[C@]4([C@H]3CC[C@@H]4C(=O)CO)C)O
D01862,C1=CC(=CC=C1CCNC2=NC=NC3=C2N=CN3C4C(C(C(O4)CO)O)O)N
D01863,C[C@H](C[C@@H]([C@@H]1C(O1)(C)C)OC(=O)C)C2=C3C[C@@H](C4[C@]5(CCC(=O)C(C5CC[C@@]4([C@]3(CC2)C)C)(C)C)C)O.CC(=O)[O-]
D01864,CC(=O)C1[C@@H](C[C@@H]2[C@@]1(CC[C@H]3[C@H]2CCC4=CC(=O)CC[C@]34C)C)O
D01865,C=C(C(=O)O)OP(=O)(O)O
D01866,C[C@@H]1CC([C@]2([C@@H](O1)O[C@@H]3[C@H]([C@@H]([C@@H]([C@@H]([C@H]3O2)NC)O)NC)O)O)(O)O
D01867,C1=CC(=CC=C1/C=C/C2=CC(=CC(=C2)O)O)O
D01868,C([C@H](C(=O)O)N)C(=O)O
D01869,O.O.O.O.[V]
D01870,CN1C=NC=C1[C@@H](C2=CC=C(C=C2)C#N)OCC3=C(C=C(C(=N3)Cl)C#N)C4=CC(=CC=C4)Cl
D01871,C[C@@H]1C(=O)N[C@H](C(=O)N2CCC[C@@H]2C(=O)N[C@H](C(=O)N1)C)CCCCCC(=O)[C@@H]3CO3
D01872,CC(C)[C@H](C=O)[C@H]1[C@@H](CCN1C(=O)/C=C/CN2CCCCC2)NS(=O)(=O)C
D01873,CC(C)(C)NC[C@@H](COC1=CC=CC2=C1CCCC2=O)O
D01874,C1CC1(CN)NC(=O)[C@H](CS(=O)(=O)CC2=CC=CC=C2)N[C@@H](C3=CC=C(C=C3)O)C(F)(F)F
D01875,C(C1C(C(C(C(O1)OCC(C(C(C(C=O)O)O)O)O)O)O)O)O
D01876,CN1C[C@H](C2=CC(=O)C(=O)C=C21)O
D01877,C[C@]12CCC(=O)C=C1C=C[C@@H]3[C@@H]2CC[C@]4([C@H]3CC[C@]4(CCC(=O)O)O)C
D01878,CCCCCCCC/C=C\CCCCCCCC(=O)OCC(CO)OC(=O)C
D01879,CC1=CC=CC=C1O
D01880,CCCCCC(=O)C
D01881,C1CCC2=NC3=CC=CC=C3C(=C2C1)NCCN4C(=CN=N4)CCCCCC[N+]5=C6C=C(C=CC6=C7C=CC(=CC7=C5C8=CC=CC=C8)N)N
D01882,C1[C@@H]([C@H](O[C@H]1N2C=CC(=O)NC2=O)COP(=O)(O)OP(=O)(O)O)F
D01883,C1(=C(C2=NNN=C2C(=C1Br)Br)Br)Br
D01884,C1CC1
D01885,CS(=O)(=O)C1=CC=C(C=C1)C2=C(C(=O)OC2)C3=CC=CC=C3
D01886,CC(CCCCN1C(=O)C2=C(N=CN2C)N(C1=O)C)O
D01887,CC1=CN(C(=O)NC1=O)[C@@H]2C[C@H]([C@@H](O2)CO)O
D01888,B1(OCCO1)OCC2=CC=C(C=C2)C(=[NH2+])N
D01889,C[C@H](CC1=CC=CC=C1)NC2=NC=NC3=C2N=CN3[C@H]4C([C@H]([C@H](O4)CO)O)O
D01890,CC#C[C@@]1(CC[C@@H]2[C@]1(C[C@@H](C3=C4CCC(=O)C=C4CC[C@@H]23)C5=CC=C(C=C5)N(C)C)C)O
D01891,C1=CC(=C(C=C1C[C@@H](C(=O)O)N)[N+](=O)[O-])O
D01892,CC1=C2[C@H](C(=O)[C@@]3([C@H](C[C@@H]4[C@]([C@H]3[C@@H]([C@@](C2(C)C)(C[C@@H]1OC(=O)[C@@H]([C@H](C5=CC=CC=C5)NC(=O)C6=CC=CC=C6)O)O)OC(=O)C7=CC=CC=C7)(CO4)OC(=O)C)O)C)OC(=O)C
D01893,C[C@]12CC[C@H]3[C@H]([C@@H]1CC[C@@H]2C(=O)CO)CCC4=CC(=O)CC[C@H]34
D01894,C1=CC2=C(C=CC(=C2N=C1)O)[N+](=O)[O-]
D01895,CCCCCC=CCC=CCCCCCCCC(=O)O
D01896,C1=NC2=C(C(=N1)N)N=CN2[C@H]3[C@@H]([C@@H]([C@H](O3)COP(=O)(O)OP(=O)(O)O[32P](=O)(O)O)O)O
D01897,CC(C)NCC(C1=CC=C(C=C1)NS(=O)(=O)C)O
D01898,C([C@@H]1[C@H]([C@@H]([C@H]([C@H](O1)O)O)O[C@H]2[C@@H]([C@H]([C@@H]([C@H](O2)CO)O)O[C@H]3[C@@H]([C@H]([C@@H]([C@H](O3)CO)O)O)O)O)O)O
D01899,O=P
D01900,CNCCNS(=O)(=O)C1=CC=CC2=C1C=CN=C2
D01901,C1(C(C(C2C(C1O)O2)O)O)O
D01902,C([C@@H]1[C@@H]([C@@H]([C@@H]([C@H](O1)O)O)O)O)O
D01903,C1=CC(=CC=C1C(=N)N)OCCCCCOC2=CC=C(C=C2)C(=N)N
D01904,C[C@H](C1=CC=CC=C1)NC2=C(C(=O)C2=O)NC3=CC=NC=C3
D01905,C1=CC=C(C=C1)CN2C=CN=C2
D01906,[C@H]1([C@H]([C@@H]([C@H]([C@H]([C@H]1OP(=O)(O)O)O)OP(=O)(O)O)OP(=O)(O)O)O)O
D01907,C[C@@H](C(=O)N[C@@H](C)NC=O)NC(=O)OC(C)(C)C
D01908,C1=CC=C2C(=C1)C3=C4C5=C2C6=CC=CC=C6C7=C5C8=C(C9=CC=CC=C97)C1=CC=CC=C1C1=C8C4=C(C2=CC=CC=C23)C2=CC=CC=C21
D01909,CC1=C(C2=C(N1CC3=CC=CC=C3)C=CC(=C2)OC)CC(=O)O
D01910,[77BrH]
D01911,CC(=O)NCCC1=CNC2=C1C=C(C=C2)OC
D01912,CC1([C@@H]([C@@H]1C(=O)OC(C#N)C2=CC(=CC=C2)OC3=CC=CC=C3)/C=C(/C(F)(F)F)\Cl)C
D01913,CC(C)C[C@@H](C(=O)N[C@@H](COCC1=CC=CC=C1)C#N)NC(=O)N2CCOCC2
D01914,C1=CC(=CC=C1C2=CC(=O)C3=C(C(=C(C=C3O2)O)C4=C(C=CC(=C4)C5=CC(=O)C6=C(C=C(C=C6O5)O)O)O)O)O
D01915,CCCCCCCC/C=C\CCCCCCC(CO)(C(=O)[O-])[NH3+]
D01916,C1=CC=C2C=C(C(=CC2=C1)C(=O)O)NC(=O)C(=O)O
D01917,C1=CC(=NC(=C1)N)CCC2=CC3=C(C=C2)C=CN3
D01918,CC12CCC(=O)C=C1CCC3C2CCC4(C3CC[C@@]4(C(=O)CO)O)C
D01919,C1=CC(=C(C=C1[N+](=O)[O-])Cl)NC(=O)C2=C(C=CC(=C2)Cl)O
D01920,CCOC(=O)[C@H](C)NC(=O)[C@H](CC(C)C)NC(=O)[C@H](CC(C)C)CC(=O)NO
D01921,C1CNCC2=CC=CC=C21
D01922,C1=CC(=C(C=C1N)O)C(=O)O
D01923,C(C(=O)O)NC(CO)(CO)CO
D01924,CC1=CC(=NC(=N1)OC2=CC=C(C=C2)N3C=CN=C3)OC4=CC5=C(C=C4)OCO5
D01925,C1NC2=C(C=C(C(=C2)C(F)(F)F)S(=O)(=O)N)S(=O)(=O)N1
D01926,[C@H](C(F)(F)F)(Cl)Br
D01927,C1=CC=C(C=C1)C(CNC2=C(C(=C(C=C2)Cl)CC(=O)NCCON=C(N)N)F)(F)F
D01928,CCOCCOCCOC
D01929,CCNC(=O)COC1=C(C=C(C=C1)Cl)CNC(=O)[C@@H]2CCCN2C(=O)[C@@H](C3CCCCC3)N
D01930,[Be+2].[O-]S(=O)(=O)[O-]
D01931,CN(C)C(=O)[C@H]([C@H](CC1=CC=CC=C1)NC(=O)C2=CC3=C(N2)C=CC(=C3)Cl)O
D01932,C(CN)CNCCSP(=O)(O)O
D01933,CC1=CC(=NC(=C1)N)C[C@H]2CNC[C@@H]2NCCNCC3=CC(=CC=C3)Cl
D01934,CC(=O)O[C@H]1CC[C@@H]2[C@H]3CC[C@]4([C@H]([C@@H]3CCC2=C1)CC[C@]4(C#C)OC(=O)C)C.C[C@]12CC[C@H]3[C@H]([C@@H]1CC[C@]2(C#C)O)CCC4=C3C=CC(=C4)O
D01935,CN[C@@H](CCC(=O)N)C(=O)O
D01936,CC(CN1CCOCC1)C(C2=CC=CC=C2)(C3=CC=CC=C3)C(=O)N4CCCC4
D01937,CC1=C(C=C(C=C1)C(=O)NC)NC2=NC=NC3=C2C=NN3C4=CC=CC=C4
D01938,C1[C@@H]([C@H]([C@H](N1)CO)O)O
D01939,C1=CC=C(C=C1)C2=CC(=O)C3=C(C=C(C=C3O2)O)O
D01940,CC(=O)CCO
D01941,C[C@@H]1CC[C@@]2(CC[C@@]3(C(=CC(=O)C4[C@]3(CCC5[C@@]4(CC[C@H]([C@]5(C)C(=O)O)OC(=O)C)C)C)C2[C@H]1C)C)C
D01942,C[C@H](CCO)O
D01943,C[C@H]1C[C@H]2[C@@H]3CCC4=CC(=O)C=C[C@@]4([C@]3([C@H](C[C@@]2([C@]1(C(=O)CO)O)C)O)F)C
D01944,CNC(=C)C(=O)O
D01945,C1CCC(CC1)NC(=O)NCCCC(=O)O
D01946,C(C(=O)O)(C(=O)O)N
D01947,C1=CC=C(C(=C1)C=O)Cl
D01948,C1CCN(CC1)CCOC2=CC=CC3=C2OCCO3.Cl
D01949,COCCNC1=C(C=CC(=C1)N2C3=C(C(=O)CCC3)C4=CC=CC=C42)C(=O)N
D01950,OBr
D01951,CC(=O)N[C@@H](CO)C(=O)O
D01952,C1=C(N(C(=O)NC1=O)[C@H]2[C@@H]([C@@H]([C@H](O2)COP(=O)(O)O)O)O)CO
D01953,C1=CN(C(=O)NC1=O)[C@H]2[C@@H]([C@@H]([C@H](O2)COP(=O)(O)OP(=O)(O)O[C@@H]3[C@@H]([C@H]([C@H]([C@H](O3)CO)O)O)O)O)O
D01954,CCC(=O)C
D01955,B(C1=CC=CC=C1)(O)O
D01956,C[C@H](CCCC(C)C)[C@H]1CC[C@@H]2[C@@]1(CC[C@H]3[C@H]2C[C@H]4[C@@]5([C@@]3(CC[C@@H](C5)O)C)O4)C
D01957,C1[C@@H]([C@H](O[C@H]1N2C=C(C(=O)NC2=O)F)COP(=O)(O)O)O
D01958,[63Cu]
D01959,CN1CC(=O)N2[C@H](C1=O)CC3=C([C@H]2C4=CC5=C(C=C4)OCO5)NC6=CC=CC=C36
D01960,CC(C)(CO)[C@H](C(=O)O)O
D01961,CCCCCCCCCCCC(=O)O.CN1C=CN=C1.C=O
D01962,CN1CCN2C(C1)C3=CC=CC=C3CC4=C2N=CC=C4
D01963,CCC[C@](C)([C@H]1C[C@@]23CC[C@@]1([C@H]4[C@@]25CCN([C@@H]3CC6=C5C(=C(C=C6)O)O4)C)OC)O
D01964,CC(=O)NC(CC1=CNC2=CC=CC=C21)C(=O)O
D01965,C1=CC=C(C(=C1)C(=O)NO)O
D01966,C1CCN(CC1)C2(CCN(CC2)CCCN3C4=CC=CC=C4CCC5=CC=CC=C53)C(=O)N
D01967,CCC(C)[C@@H]1[C@H](C=C[C@@]2(O1)C[C@@H]3C[C@H](O2)C/C=C(/[C@H]([C@H](/C=C/C=C/4\CO[C@H]5[C@@]4([C@@H](C=C([C@H]5O)C)C(=O)O3)O)C)O[C@H]6C[C@@H]([C@H]([C@@H](O6)C)O[C@H]7C[C@@H]([C@H]([C@@H](O7)C)O)OC)OC)\C)C.C[C@H]1/C=C/C=C/2\CO[C@H]3[C@@]2([C@@H](C=C([C@H]3O)C)C(=O)O[C@H]4C[C@@H](C/C=C(/[C@H]1O[C@H]5C[C@@H]([C@H]([C@@H](O5)C)O[C@H]6C[C@@H]([C@H]([C@@H](O6)C)O)OC)OC)\C)O[C@]7(C4)C=C[C@@H]([C@H](O7)C(C)C)C)O
D01968,CN1CCN(CC1)C2=CC=C(C=C2)C(=O)NC3=NNC4=CN(C=C43)C(=O)CC5=CC=CS5
D01969,CC1=C(C=C(C=C1)OC)OCC2=CC=NC=C2
D01970,C(=O)=O.N#N.O=O.[Ar]
D01971,[H-].[Na+]
D01972,C[C@@H]([C@H](C(=O)O)N)O
D01973,CC1=C(N=C2C=CC(=CC2=C1C(=O)O)F)C3=CC=C(C=C3)C4=CC=CC=C4F
D01974,CC[C@]1(CC[C@]2([C@H](C1)CCC3C2CC[C@]4(C3CC[C@@H]4C(=O)C)C)C)O
D01975,C1=CC=C(C=C1)C2C(=O)N=C(O2)N
D01976,C[C@H](CC(=O)O)[C@H]1CC[C@@H]\2[C@@]1(CCC/C2=C\C=C/3\C[C@H](C[C@@H](C3=C)O)O)C
D01977,C(CCN)CC(=O)O
D01978,C(CS[C@@H](CC(=O)O)C(=O)O)N=C(N)N
D01979,C1=CC2=C(C=C1Cl)N=C(S2)CN3C(=O)C=CN(C3=O)CC(=O)O
D01980,C1CCC(CC1)N
D01981,CC(CCC(=O)NCCS(=O)(=O)O)[C@H]1CC[C@@H]2[C@@]1(CC[C@H]3[C@H]2[C@@H](C[C@H]4[C@@]3(CC[C@H](C4)O)C)O)C
D01982,[C@@H]([C@@H]([C@H](C(=O)O)O)O)([C@@H](C(=O)O)O)O
D01983,C[C@@H](C(=O)N1CCOCC1)N2CC[C@@H](C2=O)NS(=O)(=O)C3=CC4=C(C=C3)C=C(C=C4)Cl
D01984,[F-].[F-].[K+].[K+]
D01985,C[C@@H]1[C@]([C@@H]([C@H](O1)O[C@@H]2[C@H]([C@@H]([C@H]([C@@H]([C@H]2O)O)N=C(N)N)O)N=C(N)N)O[C@@H]3[C@@H]([C@H]([C@@H]([C@H](O3)CO)O)O)NC)(C=O)O
D01986,C([C@@H]1[C@@H]([C@@H]([C@H](C(O1)O)O)O)O)OP(=O)(O)O
D01987,C1=CC(=CC=C1C#N)N(CC2=CC(=C(C=C2)OS(=O)(=O)N)Br)N3C=NN=C3
D01988,[NH4+].[Br-]
D01989,[9Li]
D01990,CCCOC1=CC2=C(C=C1)NC=C2C[C@H](C(=O)N[C@@H](CCC(=O)N)C(=O)NCC3=CC=C(C=C3)C(=N)N)NS(=O)(=O)CC
D01991,C[C@]12CC[C@H]3[C@H]([C@@H]1CC[C@@H]2O)CCC4=C3C=CC(=C4OC)O
D01992,C(=O)([O-])[O-].[Na+].[Na+]
D01993,C1=CC(=CC=C1C[C@@H](C(=O)N)NC(=O)CSC2=CC=C(C=C2)Cl)N=C(N)N
D01994,[128IH]
D01995,CCOC1=CC=CC=C1O[C@H]([C@@H]2CNCCO2)C3=CC=CC=C3
D01996,C1[C@@H]([C@H](C2=C1C=CC(=C2)C3=CC=C(C=C3)O)[C@@H](CCCCC(=N)N)C(=O)O)O
D01997,C1COCCN1[C@@H]2C[C@H](C=C(C2)C(=O)NC3=CC(=C(C=C3)Cl)COC4=CN=CC=C4)F
D01998,CN1CC(=O)N2[C@@H](C1=O)CC3=C([C@H]2C4=CC5=C(C=C4)OCO5)NC6=CC=CC=C36
D01999,CC[C@H]1C(=O)N(CC(=O)N([C@H](C(=O)N([C@@H](C(=O)N([C@H](C(=O)N[C@H](C(=O)N[C@@H](C(=O)N([C@H](C(=O)N([C@H](C(=O)N([C@H](C(=O)N(C(C(=O)N1)[C@@H]([C@H](C)C/C=C/C)O)C)C(C)C)C)CC(C)C)C)CC(C)C)C)C)C)CC(C)C)C)C(C)C)C)CC(C)C)C)C
D02000,CC(C(=O)O)N
D02001,CC(=O)C1=CC=CC(=C1)C2=CN=C3N2N=C(C=C3)NCC4CC4
D02002,C1=CC=C(C(=C1)C(=O)N)NC2=NC(=NC=C2)NC3=CC(=CC=C3)O
D02003,CCCCC/C=C/C/C=C/CCCCCCC(C(=O)O)OO
D02004,C1=CC=C(C=C1)C2=CN=C(C3=CN=CN32)NC4=CC=CC=C4Cl
D02005,[NH4+].[I-]
D02006,C1=CC=C2C(=C1)C(=CN2)OS(=O)(=O)O
D02007,C1C[C@H](N(C1)C(=O)[C@H](CO)NC(=O)[C@H](CCC(=O)O)NC(=O)CNC(=O)[C@H](CCCN=C(N)N)NC(=O)CN)C(=O)O
D02008,C([C@@H]1[C@H]([C@@H]([C@H]([C@@H](O1)O[C@@H]2[C@H](O[C@H]([C@@H]([C@H]2O)O)O[C@@H]3[C@H](O[C@@H]([C@@H]([C@H]3O)O)O)CO)CO)O)O)O)O
D02009,CC(C)(C)NS(=O)(=O)C1=CC=C(C=C1)C2=CN=C3C=CC=C(C3=C2)NC4=CC=CC=N4
D02010,CC[C@@]1(C2=C(COC1=O)C(=O)N3CC4=CC5=CC=CC=C5N=C4C3=C2)O
D02011,CC(C)[C@@H](C(=O)N[C@@H](CC1=CC=C(C=C1)O)C(=O)N[C@H](CCCCN)C(=O)O)NC(=O)[C@H](CC2=CC=CC=C2)NC(=O)[C@H](CC3=CC=CC=C3)NC(=O)[C@H](CC4=CN=CN4)NC(=O)[C@H](CC5=CC=CC=C5)NC(=O)[C@H]6CCCN6C(=O)[C@H](CC7=CN=CN7)NC(=O)[C@H]8CCCN8
D02012,C(C(C(=O)O)O)(C(=O)O)O
D02013,CC(C)C[C@H](C(=O)N1CCC[C@H]1C(=O)NCC2=CC=C(C=C2)C(=N)N)N
D02014,C[C@@H](C=O)O
D02015,C(C(=O)O)N.Cl
D02016,C1C2=CC=CC=C2C3=C1C(=NN3)C4=CC=NC=C4
D02017,CC12CCC(=O)C=C1CCC3C2C(CC4(C3CC[C@@]4(C(=O)COP(=O)(O)O)O)C)O
D02018,CC(=N)N1CCC(CC1)OC2=CC3=C(C=C2)C4=CC=CC=C4N3CC5=CC6=C(C=C5)C=CC(=C6)C(=N)N
D02019,CCCCCCCCCCCCCCC1(CO1)C(=O)O
D02020,C([C@H]([C@H]([C@@H]([C@H](CO)O)O)O)O)O
D02021,C(CO)NCCO
D02022,CC1=C(C=CC(=C1)C2=CC(=C(C=C2)N/N=C/3\C(=O)C4=C(C=C(C=C4C=C3S(=O)(=O)O)S(=O)(=O)O)N)C)N/N=C/5\C(=O)C6=C(C=C(C=C6C=C5S(=O)(=O)O)S(=O)(=O)O)N
D02023,CCCCCCO[C@H]1[C@@H]([C@H]([C@H]([C@H](O1)CO)O)N)O
D02024,C1=CN(C(=O)NC1=O)C2[C@@H]([C@@H]([C@H](O2)COP(=O)(O)OP(=O)(O)O[C@@H]3[C@@H]([C@H]([C@H]([C@H](O3)CO)O)O)O)O)O
D02025,CC(C)[C@H]1C(=O)N[C@H](C(=O)N[C@@H](CSSCCC(=O)N[C@H](C(=O)N[C@H](C(=O)N1)CC2=CC=CC=C2)CC3=CC=C(C=C3)O)C(=O)N4CCC[C@H]4C(=O)N[C@H](CCCN=C(N)N)C(=O)NCC(=O)N)CC(=O)N
D02026,C1CN(CC1(F)F)C(=O)[C@@H]2C[C@@H](CN2)N3CCN(CC3)C4=NC=CC=N4
D02027,C[C@H](CC(=O)SCCNC(=O)CCNC(=O)C(C(C)(C)COP(=O)(O)OP(=O)(O)OC[C@@H]1[C@H]([C@H]([C@@H](O1)N2C=NC3=C2N=CN=C3N)O)OP(=O)(O)O)O)O
D02028,CC1=CN(C(=O)NC1=O)[C@H]2C=C[C@H](O2)CO
D02029,CC1=C(N2C=CC=CC2=N1)C3=NC(=NC=C3)NC4=CC=C(C=C4)OC[C@H](CN(C)C)O
D02030,C[C@H](CCC(=O)O)[C@H]1CC[C@@H]2[C@@]1([C@H](C[C@H]3[C@H]2[C@@H](C[C@@H]4[C@@]3(CC[C@H](C4)O)C)O)O)C
D02031,CCCCN1C(=NC2=C1N=CN=C2N)CC3=CC4=C(C=C3)OCO4
D02032,C1C=CC2=C(C=NC2=C1)C[C@@H](COC3=CN=CC(=C3)C4=NCC5=NN=CC5=C4)N
D02033,CC1(CCCC(N1C)(C)C)C
D02034,C1=CC(=C(C(=C1)F)C2=CC=C(C=C2)C(=O)O)F
D02035,C1CN(CCC12NC3=C(C=CC(=C3C(=N2)N)F)F)C(=O)C4=CN=C(C=C4)C#N
D02036,CC[C@H]1[C@@H]2C[C@H]3[C@H]4[C@@]5(C[C@@H](C2[C@H]5O)N3[C@@H]1O)C6=CC=CC=C6N4C
D02037,O([Si])[Si]
D02038,CCC(=O)NS(=O)(=O)C1=CC=C(C=C1)C2=C(ON=C2C3=CC=CC=C3)C
D02039,C1=CC=C(C=C1)C(=O)C2=C(C(=C(C=C2)O)O)[N+](=O)[O-]
D02040,C(CCNC1=N[C@@H]([C@H]([C@@H]([C@H]1O)O)O)CO)CN
D02041,CC1([C@H](C(=O)NCC(=O)N[C@H](C(=O)N[C@H](C(SS1)(C)C)C(=O)O)CC2=CC=CC=C2)NC(=O)[C@H](CC3=CC=C(C=C3)O)N)C
D02042,C(=O)(C(=O)[O-])[O-].O.O.[Fe+2]
D02043,CCCCCCCCCCCCCCCC(C(CO)N)O
D02044,CC1=CC=C(C=C1)C(=O)C2=CC(=C(C(=C2)O)O)[N+](=O)[O-]
D02045,COC1=NC=C(C=C1)C2=CC(=CC3=C2OC(=N3)NS(=O)(=O)C4=C(C=CC(=C4)Cl)Cl)OC
D02046,C1CN=C(N1)CC2=CC=CC=C2
D02047,C1C(C(C(C(O1)O)O)O)O
D02048,C1=NC2=C(N1)C(=O)N=CN2
D02049,C1=NC2=C(C(=N1)N)N=CN2[C@H]3[C@@H]([C@@H]([C@H](O3)CN)O)O
D02050,C1=CC=C(C=C1)C(=O)NC(CCCN=C(N)N)C(=O)N
D02051,C/C=C/C1=CC(=C(C=C1)O)OC
D02052,C1CN(CCN1CCCN2C3=CC=CC=C3SC4=C2C=C(C=C4)Cl)CCO
D02053,CN[C@H]1C[C@H]([C@@H]([C@H]([C@@H]1O)O[C@H]2[C@H]3[C@H](C([C@H](O2)CO)O)O[C@@]4(O3)[C@@H]([C@@H]([C@H]([C@@H](O4)[C@H](CO)N)O)O)O)O)N
D02054,CC(=CCCC(C)([C@H]1CC[C@@]2([C@@H]1[C@@H](C[C@H]3[C@]2(CC[C@@H]4[C@@]3(CC[C@@H](C4(C)C)O[C@H]5[C@@H]([C@H]([C@@H]([C@H](O5)CO)O)O)O[C@H]6[C@@H]([C@H]([C@@H]([C@H](O6)CO)O)O)O)C)C)O)C)O[C@H]7[C@@H]([C@H]([C@@H]([C@H](O7)COC8[C@@H]([C@H]([C@@H]([C@H](O8)CO)O)O)O)O)O)O)C
D02055,CC1(CCC2(CCC3(C(=CCC4C3(CCC5C4(CCC(C5(C)C)O)C)C)C2C1)C)C)C
D02056,CC(C[N+](C)(C)C)OC(=O)N
D02057,C([C@@H]1[C@@H]([C@@H]([C@H]([C@H](O1)OC[C@@H]2[C@H]([C@@H]([C@@H]([C@@H](O2)O)O)O)O[C@H]3[C@H]([C@H]([C@@H]([C@H](O3)CO)O)O)O)O)O)O)O
D02058,C[C@]12CCC(=O)C=C1CC[C@@H]3[C@@H]2CC[C@]4([C@H]3CCC4=O)C
D02059,COC1=C2C(=CC3=C1OC=C3)C=CC(=O)O2
D02060,CCCCCCC=CCCCCCCCC(=O)O
D02061,CN1C2=C(C=C(C=C2)C#CCC3=CC=CC=C3)C(=O)N(C1=O)CC4=CC=C(C=C4)C(=O)O
D02062,CC[C@H](CC[C@@H](C)[C@H]1CC[C@@H]2[C@@]1(CC[C@H]3[C@H]2CC=C4[C@@]3(CC[C@@H](C4)O)C)C)C(C)C
D02063,C[C@H](CCC=C(C)C)[C@H]1CC[C@@H]2[C@@]1(CC[C@H]3[C@H]2CC=C4[C@@]3(CC[C@@H](C4)O)C)C
D02064,C[C@](CC1=CC=C(C=C1)O)(C(=O)O)N
D02065,CC[C@H](C)[C@@H](C(=O)N[C@@H]([C@@H](C)CC)C(=O)N[C@@H](CC1=CNC2=CC=CC=C21)C(=O)O)NC(=O)[C@H](CC(=O)O)NC(=O)[C@H](CC(C)C)NC(=O)[C@H](CC3=CNC=N3)NC(=O)[C@H]4CSSC[C@H](C(=O)N[C@@H](C(=O)N[C@H]5CSSC[C@@H](C(=O)N[C@@H](C(=O)N[C@H](C(=O)N[C@@H](C(=O)N4)CC6=CC=CC=C6)CC7=CC=C(C=C7)O)C(C)C)NC(=O)[C@H](NC(=O)[C@@H](NC(=O)[C@H](NC(=O)[C@@H](NC(=O)[C@H](NC(=O)[C@@H](NC(=O)[C@H](NC5=O)CO)CO)CC(C)C)CCSC)CC(=O)O)CCCCN)CCC(=O)O)CO)N
D02066,C1C[C@H](N(C1)C(=O)[C@@H]2CCCN2C(=O)OCC3=CC=CC=C3)C=O
D02067,C1C(OC(=N1)N)C2=CC=CC=C2
D02068,CC(C)CC(=O)O
D02069,CC(=O)NO
D02070,C[C@]1(CCC[C@@]2([C@@H]1CC[C@]34[C@H]2CC[C@H](C3)C(=C)C4)C)CO
D02071,CC(=O)[C@H]1CC[C@@H]2[C@@]1(CC[C@H]3[C@H]2CC[C@@H]4[C@@]3(CC[C@H](C4)O)C)C
D02072,CCCCS(=O)(=O)O
D02073,C1=C(C(=O)NC(=O)N1[C@H]2[C@@H]([C@@H]([C@H](O2)[C@@H](C(=O)O)NC(=O)[C@H]([C@@H]([C@H](COC(=O)N)O)O)N)O)O)C(=O)O
D02074,C1=CC2=C(C=CC=C2S(=O)(=O)N)C(=C1)O
D02075,CC1=NC(=NC2=C1CSCC2)N
D02076,CC(=O)OCC(=O)[C@H]1CC[C@@H]2[C@@]1(C[C@@H]([C@H]3[C@H]2CCC4=CC(=O)CC[C@]34C)O)C
D02077,CN1CC(C2=C(C1)C(=CC=C2)N)C3=CC=CC=C3
D02078,C[C@@H](CC1=CC=CC=C1)NC2=NC=NC3=C2N=CN3C4[C@H]([C@H]([C@H](O4)CO)O)O
D02079,C1CCCCCC1
D02080,C1=CC=C(C=C1)NC2=CC=CC3=C2C(=CC=C3)S(=O)(=O)O
D02081,CC1=CNC(=O)NC1=O
D02082,C1CN(CCN1CCCN2C(=O)N3C=CC=CC3=N2)C4=CC(=CC=C4)Cl
D02083,C1=CC(=CC=C1C#N)C2=CC=C(C=C2)OCCC(=O)NO
D02084,C/C=C(/C(=O)O)\NC
D02085,C1=C(C=C(C=C1C(=O)O)C(=O)O)C(=O)O
D02086,C1[C@@H](C2=C(C=C(N2)C3=NC(=NC=C3)N)C(=O)N1)CCF
D02087,CC1=C(C2=CC=CC=C2N1)CCNC(=O)C3=CC=CS3
D02088,CC1([C@@H](N2[C@H](S1)[C@@H](C2=O)NC(=O)[C@@H](C3=CC=CC=C3)N)C(=O)O)C
D02089,C[C@@H]1C[C@H]2[C@@H]3C[C@@H](C4=CC(=O)C=C[C@@]4([C@]3([C@H](C[C@@]2([C@]1(C(=O)CO)O)C)O)F)C)F
D02090,CN(C)CCOC(=O)C(C1=CC=CC=C1)C2(CCCC2)O
D02091,CC(C)[C@H](C(=O)NS(=O)(=O)OC[C@@H]1[C@H]([C@H]([C@@H](O1)N2C=NC3=C2N=CN=C3N)O)O)N
D02092,CC#CCNC1=CC=C(C=C1)S(=O)(=O)CC2(CCN(CC2)C(=O)OC(C)(C)C)C(=O)NO
D02093,C1CC2=C(C=CC(=C2)Cl)C(=C3CCNCC3)C4=C1C=CC=N4
D02094,O.O.O.O.O.O.[Cl-].[Cl-].[Ni+2]
D02095,CC(=O)[C@H]1CC[C@@H]2[C@@]1(CC[C@H]3[C@H]2C=CC4[C@@]3(CC[C@@H](C4)O)C)C
D02096,CCCCC1=C(ONC1=O)CC(C(=O)O)N
D02097,C1=CC2=C(C=C1Cl)C=C(N2)C(=O)NCCOCCOCCNC(=O)C3=CC4=C(N3)C=CC(=C4)Cl
D02098,CCSC(=N)N
D02099,[84BrH]
D02100,CC1=CC=NC=C1
D02101,C1CC(=NC1)C(=O)O
D02102,CC1=C2C(=NC(=NC2=NC=C1CC3=C(C=CC(=C3)OC)OC)N)N
D02103,COC1=CC2=NC=CC(=C2C=C1)OCC3=NN=C4N3N=C(C=C4)C5=CC=CC=C5
D02104,C(=S)(NN)NN
D02105,C(CCC=CCC(C=CC=CC=CC(CCCC(=O)O)O)O)CCO
D02106,C=CCN1C2=C(C=CC=C2C(F)(F)F)/C(=C\3/C=CC(=O)C=C3O)/N1
D02107,C1=CC=C(C=C1)C[C@@H](C(=O)O)OC2=CC=C(C=C2)C3=CC=CC=C3
D02108,C=O
D02109,CC1=C(C(=CC=C1)C)NC(=O)CN(CC(=O)O)CC(=O)O
D02110,C1=CC2=C(NN=C2C(=C1)[N+](=O)[O-])Br
D02111,CC(=NCCCCC(C(=O)O)N)N
D02112,C1=CN(C(=O)NC1=O)[C@H]2[C@@H]([C@@H]([C@H](O2)COP(=O)(O)O)O)O.C1=NC2=C(C(=N1)N)N=CN2[C@H]3[C@@H]([C@@H]([C@H](O3)COP(=O)(O)O)O)O
D02113,CC1=CC2=C(S1)C3=C(N2C)C(=O)N(N=C3)CC4=CC=CC=C4F
D02114,C([C@H](C=O)O)OP(=O)(O)O
D02115,C1=C(C=C(C(=C1S(=O)(=O)N)Cl)Cl)S(=O)(=O)N
D02116,CN1CCC23CCCCC2[C@@H]1CC4=C3C=C(C=C4)OC
D02117,CN1[C@H](CNC2=C1C(=O)N=C(N2)N)CNC3=CC=C(C=C3)C(=O)N[C@@H](CCC(=O)O)C(=O)O
D02118,CNC(=O)C1=NC=CC(=C1)OC2=CC3=C(C=C2)N=C(N3)NC4=CC(=C(C=C4)Cl)C(F)(F)F
D02119,C1[C@@H](ONC1=O)CN
D02120,CCCC[C@@]12CCC(=O)C(=C1C3=C(C2)C=C(C=C3)O)Br
D02121,C(C[C@@H](C(=O)O)N)CO
D02122,CC1=CN(C(=O)NC1=O)[C@H]2C[C@@H]([C@](O2)(CO)N=[N+]=[N-])O
D02123,CC1=NN=C(N1C2C[C@H]3CC[C@@H](C2)N3CC[C@@H](C4=CC=CC=C4)NC(=O)C5CCC(CC5)(F)F)C(C)C
D02124,[OH3+].O.O.O.O.O.O.O.O.O.O.OP(=O)(O)O.[Zr].[Zr].[Zr]
D02125,C(CO)N
D02126,CC(=O)NC1=CC=C(C=C1)OC(=O)C2=CC=CC=C2O
D02127,C[Hg+]
D02128,CCCC(C(=O)O)N
D02129,C(C(=O)[O-])C(CC(=O)[O-])(C(=O)[O-])O.[Al+3]
D02130,C1=NC2=C(C(=N1)N)N=CN2[C@H]3[C@@H]([C@@H]([C@H](O3)COP(=O)(N)O)O)O
D02131,C([C@H](CS)O)O
D02132,C1=CC=C(C=C1)[C@H](C(=O)NC2=CC=C(C=C2)C3=CC=CC=C3S(=O)(=O)N)NC(=O)C4=CC=CC(=C4)C(=N)N
D02133,C(CO)N(CCO)CCS(=O)(=O)O
D02134,C1C(CN1C(=O)[C@H](CC2=CC=CC=C2)NC(=O)C3=CC4=C(N3)C=CC(=C4)Cl)C(=O)O
D02135,C1CCN(CC1)CCOC2=CC=C(C=C2)C(=O)C3=C(SC4=C3C=CC(=C4)O)C5=CC=C(C=C5)O
D02136,CC(C)[C@@H](C(=O)O)N
D02137,[Cl-].[Cl-].[Ni+2]
D02138,C(CO)CS
D02139,C1COC2=C([C@]13C(=O)NC(=O)N3)C=C(C=C2)F
D02140,CCCN1CCC(CC1)C2=NC3=C(C=CC=C3N2)C(=O)N
D02141,CC(=O)[C@H]1CCC2[C@@]1(CCC3C2CC[C@H]4[C@@]3(CC[C@@](C4)(C#C)O)C)C
D02142,CCCCC[C@@H](C(=O)N[C@@H](CC1=CC=CC=C1)C(=O)N[C@@H](C)C(=O)O)S
D02143,C([C@H]([C@H]1C(=O)C(=C(O1)O)O)O)O
D02144,CCCCC[N+](CCCCC)(CCCCC)CCCCC.[I-]
D02145,CC(C)(C)C(=O)NC1=C(N=CC=C1)C(=O)NC2=NC=CS2
D02146,C[C@@H]1C[C@H]2[C@@H](C[C@]3([C@H](O2)C[C@H]4[C@H](O3)C(=CC(=O)O4)C)C)O[C@@H]5[C@@H]1O[C@H]6C[C@@H]7[C@](C[C@@H]8[C@@H](O7)C/C=C\[C@@H]9[C@@H](O8)C[C@@H]1[C@@H](O9)C[C@@H]2[C@@](O1)([C@H](C[C@H](O2)CC(=C)C=O)O)C)(O[C@@]6(CC5)C)C
D02147,CC(=O)[O-].CC(=O)[O-].[Pb+2]
D02148,C1=NC2=C(C(=N1)N)N=CN2C3C(C(C(O3)COP(=O)(O)OP(=O)(O)OCC4C(C(C(O4)O)O)O)O)O
D02149,CN1C2=C(CCC3=CN=C(N=C32)NC4=CC=CC=C4)C(=N1)C(=O)O
D02150,CCOC(=O)OC(C)OC(=O)[C@H]1C(S[C@H]2N1C(=O)[C@H]2NC(=O)[C@@H](C3=CC=CC=C3)N)(C)C
D02151,CCCCCCC(=O)O[C@H]1CC[C@@H]2[C@@]1(CC[C@H]3[C@H]2CCC4=CC(=O)CC[C@]34C)C
D02152,C[C@]12CCC(=O)C(=C1CC[C@@H]3[C@@H]2CC[C@]4([C@H]3CCC4=O)C)O
D02153,CP(=O)O
D02154,CCCCC/C=C\C/C=C\C/C=C\C/C=C\CCCC(=O)SCCNC(=O)CCNC(=O)C(C(C)(C)COP(=O)(O)OP(=O)(O)OC[C@@H]1[C@H]([C@H]([C@@H](O1)N2C=NC3=C2N=CN=C3N)O)OP(=O)(O)O)O
D02155,CC(C)(C)NCC(C1=CC(=C(C=C1)O)CO)O
D02156,CCCCCCC1=CC=C(C=C1)C(=O)C=C
D02157,CCC(C)(C(=O)O)N
D02158,O.Cl[Ce](Cl)Cl
D02159,C1[C@@H]2COC(=O)N2C3=C(N1)NC(=NC3=O)N
D02160,C(CCCC=O)CCCC(=O)O
D02161,C1=CC=C(C(=C1)CO)N
D02162,C(CN)C(C(=O)O)N
D02163,CCC1=C(C(=NC(=N1)N)N)C2=CC3=C(C=C2)SC(C(=O)N3CCNC(=O)C)(C)C
D02164,C1CNCCC1(C2=CC=C(C=C2)C3=CNN=C3)C4=CC=C(C=C4)Cl
D02165,CCSC(=NC1=CC=CC=C1)N
D02166,CN1CCC2=CC=CC3=C2[C@@H]1CC4=C3C(=C(C=C4)O)O
D02167,[C](Cl)Cl
D02168,C1C=CC(=C1C(=O)O)C(=O)NC2=C(C(=C(C(=C2F)F)C3=CC(=CC=C3)OC(F)(F)F)F)F
D02169,CC(C)C[C@@H](C(=O)NCC(=O)O)NC(=O)[C@@H]1CCCN1
D02170,C1C=CC=C\2C1=N/C(=C\3/C4=CC=CCC4=NC3=O)/C2=N/OCC(=O)O
D02171,CCCCCCCCCCCC(=O)OC[C@H](COP(=O)(O)OC[C@@H](C(=O)O)N)OC(=O)CCCCCCCCCCC
D02172,C([C@H]([C@H]([C@H](C(=O)CO)O)O)O)O
D02173,COCCl
D02174,C1=CC(=CC=C1CCNC2=NC=NC3=C2N=CN3C4[C@@H]([C@@H]([C@H](O4)CO)O)O)N
D02175,C1=CC=C(C(=C1)C(=O)NC2=CC=C(C=C2)Cl)NCC3=CC=NC=C3
D02176,C1=NC2=C(C(=N1)N)N=CN2[C@H]3[C@@H]([C@@H]([C@H](O3)COS(=O)(=O)NC(=O)CN)O)O
D02177,CN1CCN(CC1)NC(=S)NC2=CC=C(C=C2)S(=O)(=O)N
D02178,C1[C@@H]([C@H]([C@@H](CN1)O)O)CO
D02179,C[C@]12CC[C@H]3[C@H]([C@@H]1CC[C@@H]2OC(=O)C4=CC=CC=C4)CCC5=C3C=CC(=C5)O
D02180,C([C@@H](C(=O)O)N)C(=O)N
D02181,C[C@H]1[C@@H]2CC[C@]3(C(=O)CCC(=C3[C@H]2OC1=O)C)C
D02182,COC(=O)C1=C(C=CC=C1OC/C=C/C2=CC=CC(=C2)C3=C(C(=NO3)C(=O)O)CO)O
D02183,CN(C)S(=O)(=O)N1CCN(CC1)C2=NC(=NC=C2)CO
D02184,CSC1=NC=NC2=C1N=CN2[C@H]3[C@@H]([C@@H]([C@H](O3)CO)O)O
D02185,CC1=NC=C(C=C1)C2=NC=C(C=C2C3=CC=C(C=C3)S(=O)(=O)C)Cl
D02186,[B]([OH2+])[O-]
D02187,CC(=O)S[C@@H]1CC2=CC(=O)CC[C@@]2([C@@H]3[C@@H]1[C@@H]4CC[C@]5([C@]4(CC3)C)CCC(=O)O5)C
D02188,CC[C@](CCC(=O)O)(C(=O)O)N
D02189,C1=CC=C2C=C3C4=C5C(=CC3=CC2=C1)C=CC6=C5C(=CC=C6)C=C4
D02190,C1=NC2=C(C(=N1)N)N=CN2[C@H]3[C@@H]([C@@H]([C@H](O3)COP(=O)(O)OP(=O)(O)OP(=O)(O)OP(=O)(O)O)O)O
D02191,CCCCC1=C(ONC1=O)C[C@@H](C(=O)O)N
D02192,COC1=C(C=C(C=C1)C2=CC3=C(C=C2)C=C(C=C3)C(=O)O)C45CC6CC(C4)CC(C6)C5
D02193,C1=CN=C(N=C1C2=C(SC(=C2)Cl)Cl)N
D02194,CC(=O)C1=CCC2C1(CCC3C2CC=C4C3(CCC(C4)O)C)C
D02195,CCCC1(CCC1)[C@H](C/C=C/[C@H]2[C@@H](CC(=O)[C@@H]2C/C=C\CCCC(=O)O)O)O
D02196,[O-]P(=O)([O-])[O-].[O-]P(=O)([O-])[O-].[Pb+2].[Pb+2].[Pb+2]
D02197,CC[C@@]1(C[C@@H]2C3=CC(=C(C=C3CCN2C[C@H]1CC(C)C)OC)OC)O
D02198,CC[O-].[Na+]
D02199,CC1=C(C(CCC1)(C)C)/C=C/C(=C/C=C/C(=C/C=C/C=C(\C)/C=C/C=C(\C)/C=C/C2=C(C[C@H](CC2(C)C)O)C)/C)/C
D02200,C1C[C@H](N(C1)C(=O)CNC23CC4CC(C2)CC(C4)(C3)O)C#N
D02201,C1=CC(=CC=C1NC2=CN=CC(=N2)Cl)S(=O)(=O)N
D02202,C1=CC=C2C(=C1)C=CC=C2CC(=O)O
D02203,C1CCC(CC1)C2=C(C=CC(=C2)CCN)O
D02204,C1C[C@@H](NC1)COC2=CC=C(C=C2)NCC3=CC=CC=C3
D02205,C1CCC(C1)NC2=NC=NC3=C2N=CN3C4[C@@H]([C@@H]([C@H](O4)CO)O)O
D02206,CC(C)C1(C(=O)NC(=N1)C2=NC=C(C=C2C(=O)O)COC)C
D02207,C(C(=O)O)C(CC(=O)O)(C(=O)O)O.[Cu+2]
D02208,CC(CN)N
D02209,CCCCCCCCCCCCCCCC(=O)OCC(COC(=O)CCCCCCCCCCCCCCC)OC(=O)CCCCCCCCCCCCCCC
D02210,CC1=CC(=CC=C1)C[C@@H](C(=O)O)N
D02211,C1=CC2=C(C=C1Cl)N=C(O2)NS(=O)(=O)C3=C(C=CC(=C3)Cl)Cl
D02212,C(CN)C(CN)O
D02213,C[C@@H]1CCCN(C1)C(=O)C
D02214,[89Sr+2]
D02215,C1=CC(=C(C=C1OC2=C(C=C(C=C2I)C[C@@H](C(=O)O)N)I)I)O
D02216,C1C[C@@H](O[C@@H]1COP(=O)(O)O)N2C=CC(=NC2=O)N
D02217,C[C@]12CCC(=O)C=C1C=C[C@@H]3[C@@H]2CC[C@]4([C@H]3CC[C@@]4(CCC(=O)O)O)C
D02218,CO[C@@H]1C[C@@H](N(C1)C(=O)NC2=CC=C(C=C2)Cl)C(=O)NC3=C(C=C(C=C3)N4C=CC=CC4=O)F
D02219,C1=CC=C2C(=C1)C(=NN2)C(=O)NC3=CC=C(C=C3)S(=O)(=O)N
D02220,C([C@H]1[C@@H]([C@H]([C@@H](N1)CO)O)O)O
D02221,CC1=NC=CN1CC2CCC3=C(C2=O)C4=C5N3CCCC5=CC=C4
D02222,C1C[C@H](N(C1)C(=O)C[C@@H](CC2=CC=CC=C2F)N)CNC(=O)C3=CC=CC=C3
D02223,C(=C(\O)/[O-])\[C@H](C(=O)[O-])O
D02224,C1=CC(=CC(=C1)CNC2=C(N=CC=C2)N)C3=CC4=C(C=C3)C=CN4
D02225,CNC1=NC=CC(=N1)C2=CC=C(S2)C(=O)N[C@@H](CC3=C(C=C(C=C3)Cl)Cl)CN
D02226,C1CC1CN2C=NC(=C2C3=CC=NC=C3)C4=CC=C(C=C4)F
D02227,C(=O)(C(F)(F)F)O
D02228,C[C@]12CCC(=O)C=C1[C@H](C[C@@H]3[C@@H]2[C@H](C[C@]4([C@H]3C[C@@H]5[C@]4(OC(O5)(C)C)C(=O)CO)C)O)F
D02229,CCN(CC)C(=O)C1=C(SC2=C1C[C@@H](CC2)C)NC(=O)C3=CC=CS3
D02230,CC(=O)N[C@@H]1[C@H]([C@@H]([C@H](O[C@H]1O[C@H]2[C@H]([C@H](O[C@H]([C@@H]2O)O[C@@H]3[C@H](OC([C@@H]([C@H]3O)O)O)CO)CO)O)CO)O[C@H]4[C@@H]([C@H]([C@H]([C@H](O4)CO)O)O)O)O
D02231,C1[C@H](CN2[C@@H]1[C@H]3[C@@H]([C@@H]2C4=CC=C(C=C4)C(=N)N)C(=O)N(C3=O)CC5=CC6=C(C=C5)OCO6)O
D02232,C1CNCC2=C1C=CC(=C2)S(=O)(=O)NC3=CC=C(C=C3)Cl
D02233,C[C@]12CC[C@H]3[C@H]([C@@H]1CC[C@]2(C#C)O)CCC4=C3C=CC(=C4)O
D02234,C#CCN[C@@H]1CCC2=C1C=C(C=C2)O
D02235,CC(C)(C)C1=CC=C(C=C1)S(=O)(=O)NC2=C(C(=NC(=N2)C3=NC=CC=N3)OCCO)OC4=CC=CC=C4OC
D02236,C1CCC(CC1)COC2=NC(=NC3=C2NC=N3)NC4=CC=CC=C4
D02237,C1=CC(=CC(=C1)Cl)C\2=CNN/C2=C/3\C=C(N=C3)C(=O)N[C@H](CO)C4=CC(=C(C=C4)F)Cl
D02238,C(CCl)O
D02239,CCCCCCCCOC1[C@@H]([C@H]([C@@H]([C@H](O1)CO)O)O)O
D02240,CC1=CC(NC2=CC=CC=C12)(C)C
D02241,C(C(C(C(C(C(C=O)O)O)O)O)O)O
D02242,C1=CC(=CC=C1CCSC(=N)N)CCSC(=N)N
D02243,COC1=C(C=C2C(=C1)C(=NC=N2)N3CC[C@H](C3)OC4=CC5=CC=CC=C5C=C4)OC
D02244,CO[C@H]1[C@@H]([C@H]([C@@H](O1)C(CO)O)O)O
D02245,C(=O)(C(=O)O)N
D02246,CCCCC/C=C\C/C=C\CCCCCCCC(=O)OCC(COP(=O)(O)OCC[N+](C)(C)C)OC(=O)CCCCCCC/C=C\C/C=C\CCCCC
D02247,C[C@H](CSSCC(C)C(=O)N1CCC[C@H]1C(=O)O)C(=O)N2CCC[C@H]2C(=O)O
D02248,C1[C@@H]([C@H]([C@@H]([C@H]([C@@H]1N)O[C@@H]2[C@H]([C@@H]([C@H]([C@@H](O2)CN)O)O)N)O[C@H]3[C@@H]([C@H]([C@@H](O3)CO)O)O)O)N
D02249,CC1=NC(=O)C2=C(N1)C=CC(=C2)CN(C)C3=CC=C(S3)C(=O)N[C@@H](CCC(=O)O)C(=O)O
D02250,CC1=C[C@@H]2[C@]([C@@H](C1=O)O)([C@]3(C[C@H]([C@H](C34CO4)O2)OC(=O)C)C)CO
D02251,CC1=CC=C(C=C1)NNC(=O)[C@H]([C@@H](CC2CCCCC2)N)O
D02252,COC1=CC=C(C=C1)S(=O)(=O)N2C=C(C3=C2C=CC(=C3)OC)CCC(=O)O
D02253,CNC(CC(=O)O)C(=O)O
D02254,C1CNCCC1OC2=CC=CC(=C2)C(=O)C3=C(N(N=C3)C4=CC=C(C=C4)F)N
D02255,C(CC(=O)O)CC(=O)O
D02256,CC1=C[C@H]2[C@@](C[C@H]1OC(=O)CC(C)C)([C@@]3([C@@H]([C@H]([C@@H]([C@]34CO4)O2)O)O)C)COC(=O)C
D02257,CCCC[C@@H]1CC(=O)[C@]2([C@@H](O1)O[C@@H]3[C@H]([C@@H]([C@@H]([C@@H]([C@H]3O2)NC)O)NC)O)O
D02258,C1=C(C(=O)NC(=O)N1C2[C@@H]([C@@H]([C@H](O2)COP(=O)(O)OP(=O)(O)OP(=O)(O)O)O)O)F
D02259,CC[N+](C)(CC)CCN1C2=CC=CC=C2SC3=CC=CC=C31.[I-]
D02260,C(CNCC(=O)[O-])NCC(=O)[O-].[Na+].[Na+]
D02261,C[C@]12CC[C@H]3[C@H]([C@@H]1C[C@H]([C@@H]2O)O)CCC4=C3C=CC(=C4)O
D02262,C1C2[C@@H]([C@@H](C(O2)N3C=NC4=C3N=CN=C4N)O)OP(=S)(O1)O
D02263,C1=NC2=C(C(=N1)N)N=CN2[C@H]3[C@@H]([C@@H]([C@H](O3)COP(=O)(O)OP(=O)(O)O)O)O.O=[V]=O
D02264,CCCC(=O)O[C@@]1(CC[C@@H]2[C@@]1(C[C@@H](C3[C@H]2CCC4=CC(=O)CC[C@]34C)O)C)C(=O)COC(=O)CC
D02265,C1=CC=C(C=C1)C2=CC3=C(C4=C(N3)C=CC(=C4)O)C5=C2C(=O)NC5=O
D02266,CC(C)[C@@H](C(=O)N[C@@H](CC1=CC=C(C=C1)O)C(=O)N[C@@H](C(C)C)C(=O)N[C@@H](CC2=CN=CN2)C(=O)N3CCC[C@H]3C(=O)N[C@@H](CC4=CC=CC=C4)C(=O)O)NC(=O)[C@H](CCCN=C(N)N)NC(=O)[C@H](CC(=O)O)N
D02267,CCOC(=O)C1=C(N(N=C1C)C2=CC(=CC=C2)[N+](=O)[O-])C
D02268,[2H]N=O
D02269,C1C[C@H](N([C@H]1C2=CC=CC=C2)C(=O)CNC(=O)[C@H](CC3=CC=CC=C3)S)C(=O)O
D02270,COC1=CC2=C(C(=C1)C3=CC(=CC=C3)N)OC(=N2)NS(=O)(=O)C4=C(C=CC(=C4)Cl)Cl
D02271,[Si]
D02272,C1CCC(CC1)C[C@@H](C(=O)O)N
D02273,C1CCC(CC1)COC2=NC(=NC3=C2NC=N3)NC4=CC(=CC=C4)S(=O)(=O)N
D02274,CCC\1=C(C(=O)N/C1=C/C2=C(C(=C(N2)/C=C\3/C(=C(/C(=C/C4=NC(=O)C(=C4CC)C)/N3)CCC(=O)O)C)C)CCC(=O)O)C
D02275,C(C1[C@@H](C(C([C@H](O1)O)N)O)O)O
D02276,C1[C@H](CN[C@@H]1CNS(=O)(=O)C2=CC=CC3=C2C=CN=C3)OCC4=CC=C(C=C4)Cl
D02277,C1CN(CCN1C(=O)C2=CC3=C(S2)C=CC=[N+]3[O-])S(=O)(=O)C4=CC5=C(N4)C=CC(=C5)Cl
D02278,[I]
D02279,CCCCCCCCO[C@@H]1[C@H]([C@@H]([C@H](O[C@H]1O)CO)O)O
D02280,C1=CC=C2C3=C4C(=CC2=C1)C=CC5=CC6=CC=CC=C6C(=C54)C=C3
D02281,C1=CC(=C(C=C1CCN)O)O
D02282,[Li+].[OH-]
D02283,C1=C(N=C(S1)C2[C@H]([C@H]([C@@H](O2)COP(=O)(O)OP(=O)(O)OC[C@@H]3[C@H]([C@H](C(O3)N4C=NC5=C4N=CN=C5N)O)O)O)O)C(=O)N
D02284,COC1=C(C=CC(=C1)NS(=O)(=O)C)NC2=C3C=CC=CC3=NC4=CC=CC=C42
D02285,CC(=O)[C@]1(CC[C@@H]2[C@@]1(CC[C@H]3[C@H]2CC=C4[C@@]3(CC[C@@H](C4)O)C)C)O
D02286,CCOC1=C(C(=CC(=N1)NC(=O)CC2=CC(=C(C=C2OC)Br)OC)N)C#N
D02287,C1=NC2=C(C(=N1)N)N=CN2[C@H]3[C@@H]([C@@H]([C@H](O3)COS(=O)(=O)NC(=O)[C@H](CCC(=O)O)N)O)O
D02288,C1=CC(=C(C=C1S)C(=O)O)[N+](=O)[O-]
D02289,C[C@H](CCC(=O)O)[C@H]1CC[C@@H]2[C@@]1(CC[C@H]3[C@H]2[C@@H]([C@H]([C@H]4[C@@]3(CC[C@H](C4)O)C)O)O)C
D02290,CC1=C(C(=NC(=N1)C2=CC=CC=N2)NCCC3=CC=CC=C3)Cl
D02291,C1=CC(=C(C=C1C2C(C(=O)C3=C(O2)C=C(C=C3)O)O)O)O
D02292,CCCCC[C@@H](/C=C/[C@H]1[C@@H](CC(=O)[C@@H]1CCCCCCC(=O)O)O)O
D02293,C1CNCCN(C1)C(=O)C2=C(C=CC(=C2)CC3=NNC(=O)C4=CC=CC=C43)F
D02294,C1[C@@H]([C@H](O[C@H]1N2C=CC(=NC2=O)N)COP(=O)(O)OP(=O)(O)O)O
D02295,C1=CC(=CC=C1CN(C2=CC=C(C=C2)C#N)N3C=NN=C3)OS(=O)(=O)N
D02296,C[C@H](CC1=CC=CC=C1)NC2=NC=NC3=C2N=CN3[C@H]4[C@@H]([C@H]([C@H](O4)CO)O)O
D02297,C[C@]12CC[C@@H](C[C@@H]1CC[C@@H]3[C@@H]2CC[C@]4([C@H]3CC[C@H]4O)C)O
D02298,C([C@@H]1[C@H]([C@@H]([C@H]([C@@H](O1)O[C@@H]2[C@H](O[C@H]([C@@H]([C@H]2O)O)O[C@@H]3[C@H](O[C@H]([C@@H]([C@H]3O)O)O)CO)CO)O)O)O)O
D02299,CC(=O)C1=C[N+](=CC=C1)[C@H]2[C@@H]([C@@H]([C@H](O2)COP(=O)([O-])OP(=O)(O)OC[C@@H]3[C@H]([C@H]([C@@H](O3)N4C=NC5=C4N=CN=C5N)OP(=O)(O)O)O)O)O
D02300,C1[C@H](O[C@H](S1)CO)N2C=CC(=NC2=O)N
D02301,CC(C)[C@H](NC(=O)OCC1=CC=CC=C1)P(=O)(C[C@@H](C2=CC=CC(=C2)CN)C(=O)O)O
D02302,C[C@H]1[C@@H]([C@H](C[C@@H](O1)O[C@H]2CC[C@]3(C(C2)CCC4C3CC[C@]5([C@@]4(C[C@@H]([C@@H]5C6=CC(=O)OC6)OC(=O)C)O)C)C)OC)O
D02303,CCCCC/C=C/C/C=C/CCCC/C=C/CCCC(=O)O
D02304,CCCC1=C(C=CC2=C1C=CC(=C2)C(=O)C3=CC=CC=C3)OCCCOC4=CC5=C(C=C4)N(C=C5)CC(=O)O
D02305,CN1CCC=C(C1)C(=O)OC
D02306,C1=CN=C(C=C1N)N
D02307,C1=NC2=C(C(=N1)N)N=CN2[C@H]3[C@@H]([C@@H]([C@H](O3)COP(=O)(O)OP(=O)(O)OC[C@@H]4[C@H]([C@H]([C@H](O4)O)O)O)O)O
D02308,CC(=O)[O-].CC(=O)[O-].[Hg+2]
D02309,C1COCCC1(CC(=O)NO)S(=O)(=O)C2=CC=C(C=C2)OC3=CC=C(C=C3)Cl
D02310,CCC1=C(C(=NC1=O)/C=C\2/C(=C(/C(=C/C3=C(C(=C(N3)/C=C\4/C(=C\C)/[C@H](C(=O)N4)C)C)CCC(=O)O)/N2)CCC(=O)O)C)C
D02311,CC1N2C3=CC(=C(C=C3C(=O)C(=C2S1)C(=O)O)F)N4CCN(CC4)CC5=C(OC(=O)O5)C
D02312,C1=CN=CC=C1CO
D02313,[11CH4]
D02314,CCC1C(=NN=C(C2=CC(=C(C=C12)OC)OC)C3=CC(=C(C=C3)OC)OC)C
D02315,CC(=O)NC1=C(NN=C1)C(=O)NC2=CC=C(C=C2)F
D02316,C1=CC(=CC=C1C2=CC=C(O2)/C=C\3/C(=O)NC(=O)S3)S(=O)(=O)N
D02317,CCCC[C@@H](C(=O)N[C@@H]1CC(=O)NCCCCC(NC(=O)[C@@H](NC(=O)[C@H](NC(=O)[C@H](NC(=O)[C@H](NC1=O)CC2=CN=CN2)CC3=CC=CC=C3)CCCN=C(N)N)CC4=CNC5=CC=CC=C54)C(=O)N)NC(=O)C
D02318,C1=CC(=C[N+](=C1)[C@@H]2[C@@H]([C@@H]([C@H](O2)COP(=O)([O-])OP(=O)(O)OC[C@@H]3[C@H]([C@H]([C@@H](O3)N4C=NC5=C4N=CN=C5N)O)O)O)O)C(=O)N
D02319,C[C@H]([C@@H](C1=NC=C(C=C1)O)O)[C@@H](C(=O)N[C@@H]([C@@H]2[C@H](C([C@@H](O2)N3C=CC(=O)NC3=O)O)O)C(=O)O)N
D02320,C[S@@](=O)C1=CC=C(C=C1)C2=NC(=C(N2)C3=CC=NC=C3)C4=CC(=CC=C4)I
D02321,[79Br-]
D02322,C1=CC(=CC=C1C(=O)N[C@@H](CCC(=O)O)C(=O)O)NCC2=CN=C3C(=N2)C(=O)N=C(N3)N
D02323,C1=CC(=CC=C1[C@H](CN=[N+]=[N-])O)[N+](=O)[O-]
D02324,CCCCN1C=NC2=C1NC=NC2=S
D02325,CCCC1=NC2=C(C=C(C=C2N1CC3=CC=C(C=C3)C4=CC=CC=C4C(=O)O)C5=NC6=CC=CC=C6N5C)C
D02326,[C@H]1([C@H]([C@H](O[C@@H]([C@@H]1OC2[C@@H]([C@H]([C@H]([C@H](O2)C(=O)O)OC3[C@@H]([C@H]([C@H]([C@H](O3)C(=O)O)O)O)O)O)O)C(=O)O)O)O)O
D02327,C1=CC=C(C=C1)C2=CC(=O)OC3=C2C=CC(=C3O)O
D02328,C1C[C@H](N(C1)C(=O)CCC2=CC=CC=C2)C(=O)NCC3=CC=C(C=C3)C(=N)N
D02329,C([C@@H](C(=O)[O-])N)C(=O)O.C(C(C(=O)[O-])N)C(=O)O.C(C(C(=O)[O-])N)C(=O)O.[Mg+2].[K+]
D02330,C([C@@H]1[C@@H]2[C@@H]([C@H]([C@H](O1)O[C@@H]3[C@H](O[C@@H]([C@@H]([C@H]3O)O)O[C@@H]4[C@H](O[C@@H]([C@@H]([C@H]4O)O)O[C@@H]5[C@H](O[C@@H]([C@@H]([C@H]5O)O)O[C@@H]6[C@H](O[C@@H]([C@@H]([C@H]6O)O)O[C@@H]7[C@H](O[C@H](O2)[C@@H]([C@H]7O)O)CO)CO)CO)CO)CO)O)O)O
D02331,C1[C@H]([C@@H]([C@H]([C@@H](O1)O[C@@H]2CO[C@H]([C@@H]([C@H]2OS(=O)(=O)O)OS(=O)(=O)O)O)OS(=O)(=O)O)OS(=O)(=O)O)O
D02332,C[C@@H](CNS(=O)(=O)C)C1=CC=C(C=C1)C2=CC=C(C=C2)[C@@H](C)CNS(=O)(=O)C
D02333,C[C@H]1C[C@@H]2[C@H](CC[C@]3([C@H]2CC[C@@]3(C(=O)C)O)C)[C@@]4(C1=CC(=O)CC4)C
D02334,COC1=CC=C(C=C1)NC2=NN=C(S2)C3=CC=C(C=C3)NC(=S)NC4=CC=CC=C4
D02335,C1=[N+](C2=C(N1)C(=NC=N2)SP(=O)(O)O)[C@H]3[C@@H]([C@@H]([C@H](O3)COP(=O)(O)O)O)O
D02336,C1=CC=C(C=C1)C2=CC=C/C(=C/3\NC4=C(N3)C=C(C=C4)C(=N)N)/C2=O
D02337,CC1CC2C(CC(=O)O2)OC3CC4C(CC(C5C(O4)C/C=C\CC6C(O5)C/C=C\C7C(O6)CCCC8C(O7)(CC9C(O8)CC2C(O9)C(CC(O2)CC(=C)C=O)O)C)C)OC3(C1)C
D02338,C([C@@H]1[C@H]([C@@H]([C@H]([C@H](O1)O[C@@H]2[C@H](O[C@@H]([C@@H]([C@H]2O)O)O[C@@H]3[C@H](O[C@@H]([C@@H]([C@H]3O)O)O[C@@H]4[C@H](O[C@@H]([C@@H]([C@H]4O)O)O[C@@H]5[C@H](O[C@@H]([C@@H]([C@H]5O)O)O[C@@H]6[C@H](O[C@@H]([C@@H]([C@H]6O)O)O[C@@H]7[C@H](O[C@H]([C@@H]([C@H]7O)O)O)CO)CO)CO)CO)CO)CO)O)O)O)O
D02339,CC1([C@@H](N2C(S1)[C@@H](C2=O)NC(=O)CC3=CC=CC=C3)C(=O)O)C
D02340,CCC[C@@H](C(=O)O)N
D02341,C[C@@H](C1=CC2=C(C=C1)C=C(C=C2)OC)C(=O)O
D02342,C1[C@@H]([C@H]([C@H]([C@@H]1N2C=NC3=C2N=CN=C3N)O)O)CO
D02343,C/C=C/1\[C@@H]2CC3=C([C@]1(CC(=C2)C)N)C=CC(=O)N3
D02344,COC1=C(C=C2C(=C1)N=CN=C2NC3=CC(=C(C=C3)F)Cl)OCCCN4CCOCC4
D02345,C[C@@](C(=O)NC1=C(C=C(C=C1)S(=O)(=O)C2=CC=C(C=C2)C(=O)N(C)C)Cl)(C(F)(F)F)O
D02346,CCOCCOCCOCC
D02347,C([C@H]([C@@H]([C@@H]([C@H](C(=O)O)O)O)O)O)O
D02348,[2H]C([2H])([2H])O
D02349,C1CN2C(=N1)C3=CC=CC=C3C2(C4=CC=C(C=C4)Cl)O
D02350,C1[C@H](OC2=CC(=CC(=C2C1=O)O)O)C3=CC=C(C=C3)O
D02351,C1=CC(=C(C=C1[C@@H]([C@H](C(=O)O)N)O)O)O
D02352,C1CN=C(N1)NC2=C(C3=NC=CN=C3C=C2)Br
D02353,CC(CC(=O)O)O.C(CC(=O)O)CO
D02354,C(CCNC(=O)O)C[C@@H](C(=O)O)N
D02355,C[C@]12CCC(=O)C=C1CC[C@@H]3[C@@]2([C@H](C[C@]4([C@H]3CC[C@]4(C)O)C)O)F
