drug_id,protein_id,interaction,split
D00000,P00000,1,test
D00001,P00001,1,test
D00002,P00002,1,test
D00003,P00003,0,test
D00004,P00004,1,test
D00005,P00005,1,test
D00006,P00006,1,test
D00007,P00007,0,test
D00008,P00001,1,test
D00009,P00008,1,test
D00010,P00009,1,test
D00011,P00010,0,test
D00012,P00011,0,test
D00013,P00012,1,test
D00014,P00013,0,test
D00015,P00014,0,test
D00016,P00015,1,test
D00017,P00016,0,test
D00018,P00017,1,test
D00019,P00018,0,test
D00020,P00019,0,test
D00021,P00020,0,test
D00013,P00021,1,test
D00013,P00022,1,test
D00022,P00023,0,test
D00023,P00024,0,test
D00024,P00025,0,test
D00025,P00026,0,test
D00026,P00027,0,test
D00013,P00028,1,test
D00027,P00015,1,test
D00010,P00029,1,test
D00028,P00030,0,test
D00029,P00031,1,test
D00030,P00032,0,test
D00031,P00015,1,test
D00032,P00032,0,test
D00013,P00033,1,test
D00033,P00034,0,test
D00034,P00015,1,test
D00035,P00035,0,test
D00036,P00036,0,test
D00037,P00015,1,test
D00010,P00037,1,test
D00038,P00038,0,test
D00039,P00039,1,test
D00040,P00040,0,test
D00013,P00041,1,test
D00041,P00042,1,test
D00042,P00043,1,test
D00043,P00044,0,test
D00044,P00015,1,test
D00045,P00045,0,test
D00046,P00046,1,test
D00047,P00047,0,test
D00048,P00048,0,test
D00049,P00049,1,test
D00050,P00050,1,test
D00051,P00051,0,test
D00052,P00015,1,test
D00053,P00052,0,test
D00054,P00053,1,test
D00055,P00054,1,test
D00056,P00055,0,test
D00057,P00056,0,test
D00058,P00057,0,test
D00059,P00058,0,test
D00060,P00059,0,test
D00061,P00060,1,test
D00062,P00061,0,test
D00063,P00062,0,test
D00064,P00063,0,test
D00065,P00064,1,test
D00066,P00065,1,test
D00067,P00066,1,test
D00068,P00041,1,test
D00069,P00067,0,test
D00070,P00068,1,test
D00064,P00069,0,test
D00071,P00070,0,test
D00072,P00071,0,test
D00073,P00001,1,test
D00074,P00053,1,test
D00075,P00072,1,test
D00076,P00073,1,test
D00077,P00016,0,test
D00078,P00074,1,test
D00079,P00075,1,test
D00080,P00076,0,test
D00081,P00077,0,test
D00082,P00078,0,test
D00083,P00079,1,test
D00084,P00080,0,test
D00085,P00081,0,test
D00086,P00082,0,test
D00087,P00083,1,test
D00088,P00084,0,test
D00089,P00033,1,test
D00013,P00085,1,test
D00090,P00086,0,test
D00091,P00087,1,test
D00092,P00088,0,test
D00065,P00089,1,test
D00093,P00015,1,test
D00094,P00090,0,test
D00095,P00091,0,test
D00010,P00092,1,test
D00096,P00093,1,test
D00097,P00094,0,test
D00098,P00079,1,test
D00099,P00015,1,test
D00100,P00026,0,test
D00101,P00095,0,test
D00102,P00096,1,test
D00103,P00097,0,test
D00104,P00098,0,test
D00105,P00099,1,test
D00106,P00100,0,test
D00013,P00101,1,test
D00107,P00102,1,test
D00108,P00103,0,test
D00109,P00104,0,test
D00110,P00105,0,test
D00111,P00106,0,test
D00009,P00107,1,test
D00112,P00108,0,test
D00075,P00109,1,test
D00113,P00110,1,test
D00114,P00111,0,test
D00115,P00112,0,test
D00116,P00113,0,test
D00117,P00114,0,test
D00029,P00115,1,test
D00118,P00116,0,test
D00119,P00117,0,test
D00120,P00118,0,test
D00092,P00119,0,test
D00121,P00120,0,test
D00122,P00121,0,test
D00123,P00122,0,test
D00124,P00123,0,test
D00125,P00124,1,test
D00126,P00125,0,test
D00127,P00126,0,test
D00128,P00001,1,test
D00129,P00027,1,test
D00130,P00127,0,test
D00131,P00128,0,test
D00132,P00129,1,test
D00107,P00130,1,test
D00133,P00131,1,test
D00134,P00132,0,test
D00135,P00015,1,test
D00136,P00133,0,test
D00042,P00134,1,test
D00013,P00135,1,test
D00137,P00136,0,test
D00138,P00137,0,test
D00139,P00138,0,test
D00140,P00000,1,test
D00141,P00139,0,test
D00010,P00140,1,test
D00142,P00001,1,test
D00143,P00141,0,test
D00144,P00142,1,test
D00145,P00143,1,test
D00146,P00144,1,test
D00147,P00091,0,test
D00148,P00145,0,test
D00006,P00146,1,test
D00128,P00001,1,test
D00065,P00147,1,test
D00149,P00137,0,test
D00013,P00148,1,test
D00150,P00149,0,test
D00151,P00150,0,test
D00152,P00151,0,test
D00153,P00152,0,test
D00154,P00153,1,test
D00155,P00154,1,test
D00156,P00155,0,test
D00157,P00015,1,test
D00158,P00015,1,test
D00082,P00156,0,test
D00159,P00015,1,test
D00160,P00157,1,test
D00027,P00015,1,test
D00161,P00158,0,test
D00162,P00159,1,test
D00013,P00160,1,test
D00163,P00161,1,test
D00164,P00162,0,test
D00165,P00163,1,test
D00166,P00164,0,test
D00167,P00165,0,test
D00168,P00100,0,test
D00013,P00147,1,test
D00169,P00015,1,test
D00170,P00012,1,test
D00171,P00142,1,test
D00064,P00166,0,test
D00172,P00167,0,test
D00173,P00074,1,test
D00174,P00012,1,test
D00057,P00168,0,test
D00175,P00169,0,test
D00001,P00170,1,test
D00176,P00171,0,test
D00041,P00015,1,test
D00177,P00172,0,test
D00178,P00173,0,test
D00179,P00174,0,test
D00013,P00107,1,test
D00180,P00175,0,test
D00181,P00154,1,test
D00182,P00015,1,test
D00183,P00176,1,test
D00184,P00177,0,test
D00185,P00001,1,test
D00186,P00178,0,test
D00187,P00064,0,test
D00188,P00179,1,test
D00189,P00015,1,test
D00190,P00180,1,test
D00191,P00065,1,test
D00192,P00181,0,test
D00193,P00064,1,test
D00194,P00182,1,test
D00195,P00183,0,test
D00196,P00060,1,test
D00197,P00184,0,test
D00198,P00033,1,test
D00199,P00185,0,test
D00200,P00088,0,test
D00010,P00186,1,test
D00201,P00015,1,test
D00202,P00187,0,test
D00203,P00188,1,test
D00204,P00000,1,test
D00205,P00189,0,test
D00013,P00190,1,test
D00110,P00191,0,test
D00206,P00192,0,test
D00207,P00001,1,test
D00208,P00193,0,test
D00209,P00194,0,test
D00007,P00195,0,test
D00210,P00196,0,test
D00211,P00121,0,test
D00212,P00197,0,test
D00213,P00015,1,test
D00214,P00198,0,test
D00215,P00199,0,test
D00010,P00140,1,test
D00216,P00200,0,test
D00217,P00015,1,test
D00218,P00015,1,test
D00219,P00087,1,test
D00220,P00129,1,test
D00009,P00201,1,test
D00221,P00202,0,test
D00222,P00146,0,test
D00223,P00053,1,test
D00224,P00203,0,test
D00065,P00204,1,test
D00225,P00074,1,test
D00226,P00205,0,test
D00227,P00206,1,test
D00228,P00207,0,test
D00229,P00208,1,test
D00230,P00209,1,test
D00231,P00210,0,test
D00232,P00211,1,test
D00233,P00212,1,test
D00234,P00179,1,test
D00235,P00213,1,test
D00236,P00214,0,test
D00237,P00215,0,test
D00238,P00216,0,test
D00239,P00127,0,test
D00240,P00217,1,test
D00241,P00218,0,test
D00242,P00092,1,test
D00243,P00015,1,test
D00244,P00219,0,test
D00245,P00220,0,test
D00246,P00221,0,test
D00247,P00222,1,test
D00248,P00223,0,test
D00249,P00073,0,test
D00250,P00224,0,test
D00013,P00225,1,test
D00251,P00015,1,test
D00252,P00226,0,test
D00010,P00227,1,test
D00253,P00228,0,test
D00010,P00041,1,test
D00254,P00049,1,test
D00255,P00015,1,test
D00256,P00229,0,test
D00009,P00230,1,test
D00257,P00001,1,test
D00258,P00015,0,test
D00259,P00154,1,test
D00260,P00231,0,test
D00261,P00232,0,test
D00080,P00233,0,test
D00262,P00234,0,test
D00263,P00235,0,test
D00264,P00236,1,test
D00265,P00001,1,test
D00266,P00237,1,test
D00267,P00238,0,test
D00268,P00239,0,test
D00232,P00240,1,test
D00269,P00241,0,test
D00270,P00242,0,test
D00271,P00001,1,test
D00254,P00243,1,test
D00272,P00244,0,test
D00273,P00245,0,test
D00010,P00246,1,test
D00019,P00247,0,test
D00274,P00248,0,test
D00275,P00249,0,test
D00276,P00250,0,test
D00277,P00251,0,test
D00278,P00252,0,test
D00098,P00253,1,test
D00279,P00254,0,test
D00128,P00001,1,test
D00280,P00255,0,test
D00167,P00256,0,test
D00281,P00253,1,test
D00282,P00015,1,test
D00283,P00257,0,test
D00284,P00258,1,test
D00009,P00041,1,test
D00285,P00259,0,test
D00286,P00260,0,test
D00287,P00261,1,test
D00288,P00262,0,test
D00289,P00154,1,test
D00290,P00015,1,test
D00010,P00263,1,test
D00291,P00012,1,test
D00292,P00264,1,test
D00293,P00015,1,test
D00294,P00265,0,test
D00295,P00266,0,test
D00296,P00267,0,test
D00297,P00259,0,test
D00298,P00166,0,test
D00299,P00146,0,test
D00300,P00268,0,test
D00301,P00269,0,test
D00009,P00270,1,test
D00302,P00271,0,test
D00303,P00107,1,test
D00304,P00272,0,test
D00305,P00050,1,test
D00306,P00273,0,test
D00307,P00274,0,test
D00308,P00275,0,test
D00309,P00247,0,test
D00310,P00276,0,test
D00311,P00277,0,test
D00312,P00278,1,test
D00313,P00279,1,test
D00314,P00280,0,test
D00315,P00281,0,test
D00065,P00282,1,test
D00316,P00283,0,test
D00317,P00065,1,test
D00318,P00284,0,test
D00013,P00285,1,test
D00319,P00109,0,test
D00203,P00060,1,test
D00320,P00001,1,test
D00321,P00060,1,test
D00052,P00015,1,test
D00322,P00276,0,test
D00323,P00286,1,test
D00324,P00287,0,test
D00325,P00288,0,test
D00104,P00023,0,test
D00326,P00289,0,test
D00009,P00290,1,test
D00235,P00291,1,test
D00327,P00292,0,test
D00328,P00292,0,test
D00287,P00060,1,test
D00329,P00293,0,test
D00330,P00294,0,test
D00010,P00295,1,test
D00331,P00296,0,test
D00332,P00297,0,test
D00333,P00298,0,test
D00334,P00299,1,test
D00107,P00300,1,test
D00333,P00136,0,test
D00335,P00301,0,test
D00336,P00302,0,test
D00337,P00303,1,test
D00338,P00304,0,test
D00113,P00163,1,test
D00339,P00015,1,test
D00340,P00000,1,test
D00341,P00305,1,test
D00342,P00306,1,test
D00343,P00237,1,test
D00344,P00267,0,test
D00009,P00307,1,test
D00222,P00308,0,test
D00345,P00309,1,test
D00013,P00310,1,test
D00346,P00311,1,test
D00347,P00142,1,test
D00348,P00312,0,test
D00349,P00313,0,test
D00350,P00314,0,test
D00047,P00315,0,test
D00351,P00316,0,test
D00333,P00317,0,test
D00352,P00318,1,test
D00241,P00319,0,test
D00009,P00320,1,test
D00353,P00321,0,test
D00296,P00322,0,test
D00354,P00182,0,test
D00013,P00179,1,test
D00355,P00323,1,test
D00328,P00324,0,test
D00013,P00325,1,test
D00356,P00326,1,test
D00142,P00001,1,test
D00341,P00001,1,test
D00357,P00327,1,test
D00358,P00328,1,test
D00359,P00329,0,test
D00156,P00206,0,test
D00360,P00001,1,test
D00361,P00330,0,test
D00057,P00246,0,test
D00362,P00331,0,test
D00363,P00332,0,test
D00364,P00154,1,test
D00365,P00154,1,test
D00366,P00333,0,test
D00367,P00001,1,test
D00368,P00154,1,test
D00369,P00334,0,test
D00370,P00335,0,test
D00371,P00336,1,test
D00372,P00337,0,test
D00075,P00001,1,test
D00092,P00298,0,test
D00373,P00060,1,test
D00374,P00338,0,test
D00375,P00339,0,test
D00376,P00340,0,test
D00377,P00029,1,test
D00009,P00341,1,test
D00378,P00045,0,test
D00145,P00342,1,test
D00379,P00343,0,test
D00380,P00344,0,test
D00308,P00345,0,test
D00334,P00270,1,test
D00381,P00096,1,test
D00158,P00015,1,test
D00287,P00188,1,test
D00382,P00346,0,test
D00010,P00286,1,test
D00383,P00347,0,test
D00384,P00087,0,test
D00385,P00348,1,test
D00386,P00349,1,test
D00387,P00350,0,test
D00388,P00351,0,test
D00389,P00352,1,test
D00390,P00262,0,test
D00010,P00353,1,test
D00391,P00354,1,test
D00217,P00015,1,test
D00392,P00355,0,test
D00161,P00356,0,test
D00010,P00357,1,test
D00393,P00028,1,test
D00394,P00358,0,test
D00010,P00359,1,test
D00010,P00237,1,test
D00395,P00360,0,test
D00396,P00361,0,test
D00397,P00362,0,test
D00398,P00363,0,test
D00399,P00364,1,test
D00400,P00015,1,test
D00323,P00365,1,test
D00401,P00093,0,test
D00254,P00366,1,test
D00402,P00367,0,test
D00403,P00001,1,test
D00404,P00006,1,test
D00151,P00368,0,test
D00405,P00110,0,test
D00406,P00214,0,test
D00407,P00369,0,test
D00408,P00370,0,test
D00409,P00291,1,test
D00410,P00169,0,test
D00132,P00001,1,test
D00411,P00371,1,test
D00412,P00372,1,test
D00413,P00373,0,test
D00414,P00374,0,test
D00102,P00375,1,test
D00351,P00376,0,test
D00013,P00377,1,test
D00415,P00378,0,test
D00029,P00379,1,test
D00416,P00146,0,test
D00006,P00380,1,test
D00417,P00381,1,test
D00418,P00382,0,test
D00419,P00383,0,test
D00420,P00156,1,test
D00421,P00384,0,test
D00422,P00385,0,test
D00423,P00328,0,test
D00424,P00032,0,test
D00425,P00386,0,test
D00426,P00387,0,test
D00427,P00012,1,test
D00287,P00001,1,test
D00428,P00388,0,test
D00429,P00154,1,test
D00430,P00294,0,test
D00310,P00389,0,test
D00196,P00390,1,test
D00419,P00391,0,test
D00431,P00326,1,test
D00175,P00392,0,test
D00013,P00204,1,test
D00432,P00393,0,test
D00433,P00394,0,test
D00013,P00395,1,test
D00434,P00396,0,test
D00061,P00001,1,test
D00365,P00154,1,test
D00435,P00397,1,test
D00436,P00001,1,test
D00437,P00398,0,test
D00078,P00074,1,test
D00082,P00399,0,test
D00438,P00046,1,test
D00439,P00400,1,test
D00440,P00401,0,test
D00441,P00402,0,test
D00013,P00403,1,test
D00442,P00404,0,test
D00443,P00028,1,test
D00367,P00325,1,test
D00444,P00405,0,test
D00445,P00326,1,test
D00446,P00406,1,test
D00447,P00015,1,test
D00448,P00188,1,test
D00449,P00407,0,test
D00065,P00408,1,test
D00074,P00050,1,test
D00148,P00409,0,test
D00161,P00410,0,test
D00029,P00129,1,test
D00450,P00411,0,test
D00392,P00412,0,test
D00451,P00126,0,test
D00013,P00413,1,test
D00452,P00414,0,test
D00453,P00015,1,test
D00241,P00168,0,test
D00454,P00415,0,test
D00455,P00075,1,test
D00456,P00074,1,test
D00457,P00416,0,test
D00458,P00417,1,test
D00459,P00418,0,test
D00460,P00171,0,test
D00461,P00419,1,test
D00023,P00420,0,test
D00462,P00253,1,test
D00463,P00039,1,test
D00464,P00044,0,test
D00141,P00421,0,test
D00465,P00422,0,test
D00009,P00153,1,test
D00466,P00306,0,test
D00467,P00423,0,test
D00468,P00424,0,test
D00469,P00001,1,test
D00470,P00135,1,test
D00373,P00001,1,test
D00010,P00425,1,test
D00326,P00426,0,test
D00471,P00097,1,test
D00472,P00156,1,test
D00010,P00001,1,test
D00473,P00427,0,test
D00474,P00428,1,test
D00158,P00015,1,test
D00475,P00429,1,test
D00476,P00001,1,test
D00224,P00430,0,test
D00477,P00001,1,test
D00010,P00243,1,test
D00478,P00431,1,test
D00479,P00432,0,test
D00480,P00131,0,test
D00481,P00433,0,test
D00009,P00434,1,test
D00010,P00306,1,test
D00482,P00001,1,test
D00483,P00435,0,test
D00107,P00436,1,test
D00484,P00154,1,test
D00485,P00015,1,test
D00082,P00392,0,test
D00486,P00437,0,test
D00487,P00438,0,test
D00488,P00439,0,test
D00489,P00015,1,test
D00490,P00117,1,test
D00491,P00440,1,test
D00492,P00001,1,test
D00013,P00441,1,test
D00411,P00442,1,test
D00493,P00443,0,test
D00352,P00049,1,test
D00494,P00444,0,test
D00495,P00232,0,test
D00496,P00445,0,test
D00497,P00446,1,test
D00345,P00309,1,test
D00498,P00447,0,test
D00499,P00448,0,test
D00500,P00449,0,test
D00436,P00450,1,test
D00232,P00066,1,test
D00501,P00012,1,test
D00010,P00451,1,test
D00502,P00000,1,test
D00503,P00452,0,test
D00504,P00453,1,test
D00075,P00454,1,test
D00159,P00015,1,test
D00505,P00455,1,test
D00506,P00456,0,test
D00507,P00457,0,test
D00508,P00319,0,test
D00509,P00311,1,test
D00510,P00458,0,test
D00010,P00459,1,test
D00511,P00460,1,test
D00512,P00461,0,test
D00513,P00460,1,test
D00514,P00049,0,test
D00515,P00314,0,test
D00516,P00313,0,test
D00517,P00001,1,test
D00518,P00001,1,test
D00519,P00462,0,test
D00520,P00463,0,test
D00009,P00464,1,test
D00000,P00000,0,train
D00001,P00001,0,train
D00002,P00002,1,train
D00003,P00003,0,train
D00004,P00004,0,train
D00005,P00005,0,train
D00006,P00006,1,train
D00007,P00007,0,train
D00008,P00008,0,train
D00009,P00009,0,train
D00002,P00010,1,train
D00010,P00011,1,train
D00011,P00012,0,train
D00012,P00010,1,train
D00013,P00013,0,train
D00014,P00014,0,train
D00015,P00015,1,train
D00016,P00016,1,train
D00017,P00017,0,train
D00018,P00018,0,train
D00019,P00019,0,train
D00020,P00020,0,train
D00021,P00021,0,train
D00022,P00022,0,train
D00023,P00023,0,train
D00024,P00024,0,train
D00025,P00025,1,train
D00026,P00026,1,train
D00027,P00027,0,train
D00028,P00028,1,train
D00029,P00026,1,train
D00030,P00029,0,train
D00031,P00030,0,train
D00032,P00031,0,train
D00033,P00032,0,train
D00034,P00033,0,train
D00035,P00034,1,train
D00036,P00035,0,train
D00025,P00036,1,train
D00037,P00037,0,train
D00038,P00038,1,train
D00002,P00039,1,train
D00039,P00039,1,train
D00040,P00040,0,train
D00041,P00041,1,train
D00042,P00042,1,train
D00043,P00043,0,train
D00044,P00044,0,train
D00045,P00045,0,train
D00046,P00046,0,train
D00047,P00047,0,train
D00048,P00048,0,train
D00049,P00049,0,train
D00050,P00050,0,train
D00051,P00051,1,train
D00052,P00052,1,train
D00005,P00053,0,train
D00053,P00054,1,train
D00054,P00055,0,train
D00055,P00015,1,train
D00056,P00015,1,train
D00057,P00056,0,train
D00058,P00015,1,train
D00059,P00057,1,train
D00042,P00058,1,train
D00028,P00059,1,train
D00060,P00060,0,train
D00061,P00061,0,train
D00062,P00062,0,train
D00019,P00063,0,train
D00063,P00010,1,train
D00064,P00064,1,train
D00042,P00065,1,train
D00065,P00066,0,train
D00066,P00015,1,train
D00067,P00067,1,train
D00068,P00068,1,train
D00069,P00042,1,train
D00070,P00069,1,train
D00071,P00070,0,train
D00072,P00071,0,train
D00073,P00015,1,train
D00074,P00072,0,train
D00075,P00015,1,train
D00076,P00073,0,train
D00077,P00016,1,train
D00078,P00074,0,train
D00079,P00042,1,train
D00080,P00075,1,train
D00081,P00076,1,train
D00081,P00077,1,train
D00082,P00078,0,train
D00083,P00015,1,train
D00084,P00079,0,train
D00085,P00080,0,train
D00081,P00081,1,train
D00086,P00010,1,train
D00035,P00026,1,train
D00087,P00042,1,train
D00088,P00082,0,train
D00089,P00029,0,train
D00090,P00083,0,train
D00091,P00084,0,train
D00092,P00085,0,train
D00093,P00042,1,train
D00094,P00086,0,train
D00095,P00087,0,train
D00096,P00088,1,train
D00042,P00042,1,train
D00097,P00016,1,train
D00098,P00089,0,train
D00099,P00090,0,train
D00100,P00038,1,train
D00101,P00091,0,train
D00102,P00092,1,train
D00103,P00093,0,train
D00104,P00094,1,train
D00105,P00095,0,train
D00106,P00042,1,train
D00076,P00096,0,train
D00093,P00097,1,train
D00107,P00042,1,train
D00108,P00098,1,train
D00109,P00042,1,train
D00110,P00039,1,train
D00002,P00099,1,train
D00111,P00100,0,train
D00035,P00101,1,train
D00112,P00102,0,train
D00113,P00103,0,train
D00114,P00104,1,train
D00115,P00105,0,train
D00116,P00106,0,train
D00002,P00107,1,train
D00117,P00108,0,train
D00118,P00042,1,train
D00119,P00054,1,train
D00120,P00109,0,train
D00121,P00110,0,train
D00122,P00111,0,train
D00035,P00112,1,train
D00123,P00026,1,train
D00124,P00113,1,train
D00125,P00015,1,train
D00126,P00114,0,train
D00127,P00115,0,train
D00128,P00116,0,train
D00129,P00067,1,train
D00130,P00117,1,train
D00131,P00042,1,train
D00132,P00118,0,train
D00133,P00119,0,train
D00134,P00120,0,train
D00135,P00121,1,train
D00136,P00122,0,train
D00081,P00123,1,train
D00035,P00124,1,train
D00002,P00125,1,train
D00137,P00042,1,train
D00138,P00015,1,train
D00016,P00126,1,train
D00139,P00127,0,train
D00140,P00128,1,train
D00141,P00129,1,train
D00142,P00130,0,train
D00143,P00015,1,train
D00144,P00131,0,train
D00145,P00132,1,train
D00146,P00133,0,train
D00147,P00134,0,train
D00148,P00135,0,train
D00035,P00136,1,train
D00149,P00137,0,train
D00150,P00138,0,train
D00151,P00139,0,train
D00152,P00140,0,train
D00153,P00141,0,train
D00154,P00142,0,train
D00155,P00143,0,train
D00156,P00056,0,train
D00157,P00144,0,train
D00158,P00145,0,train
D00159,P00042,1,train
D00160,P00146,0,train
D00161,P00147,0,train
D00162,P00042,1,train
D00025,P00148,1,train
D00163,P00026,1,train
D00164,P00098,1,train
D00165,P00015,1,train
D00166,P00011,0,train
D00167,P00015,1,train
D00168,P00149,0,train
D00169,P00058,1,train
D00170,P00150,0,train
D00171,P00151,1,train
D00081,P00152,1,train
D00172,P00153,1,train
D00062,P00154,0,train
D00107,P00042,1,train
D00173,P00155,1,train
D00174,P00113,0,train
D00114,P00156,1,train
D00175,P00069,1,train
D00176,P00042,1,train
D00177,P00157,0,train
D00178,P00042,1,train
D00179,P00015,1,train
D00180,P00158,1,train
D00181,P00159,0,train
D00182,P00160,1,train
D00002,P00161,1,train
D00183,P00015,1,train
D00184,P00162,0,train
D00172,P00163,1,train
D00185,P00164,0,train
D00186,P00165,0,train
D00187,P00166,1,train
D00188,P00026,1,train
D00189,P00167,1,train
D00190,P00168,0,train
D00191,P00169,1,train
D00192,P00170,1,train
D00193,P00010,1,train
D00194,P00105,1,train
D00195,P00171,1,train
D00196,P00172,0,train
D00197,P00054,0,train
D00198,P00173,0,train
D00199,P00015,1,train
D00081,P00174,1,train
D00200,P00175,0,train
D00201,P00176,0,train
D00117,P00177,0,train
D00202,P00178,0,train
D00203,P00179,1,train
D00204,P00180,1,train
D00205,P00181,0,train
D00206,P00182,1,train
D00207,P00183,0,train
D00208,P00184,0,train
D00107,P00185,1,train
D00209,P00186,0,train
D00210,P00187,0,train
D00211,P00188,0,train
D00212,P00189,1,train
D00213,P00190,0,train
D00214,P00191,0,train
D00215,P00061,0,train
D00216,P00192,0,train
D00217,P00193,0,train
D00218,P00069,1,train
D00002,P00194,1,train
D00066,P00015,1,train
D00019,P00111,0,train
D00002,P00195,1,train
D00219,P00196,1,train
D00220,P00052,1,train
D00066,P00015,1,train
D00221,P00197,0,train
D00222,P00026,1,train
D00223,P00090,0,train
D00107,P00198,1,train
D00224,P00199,1,train
D00113,P00200,0,train
D00225,P00201,0,train
D00129,P00202,1,train
D00226,P00084,1,train
D00227,P00203,1,train
D00081,P00204,1,train
D00228,P00205,1,train
D00229,P00091,0,train
D00230,P00206,0,train
D00035,P00207,1,train
D00231,P00208,0,train
D00232,P00209,0,train
D00233,P00210,1,train
D00234,P00211,0,train
D00062,P00212,0,train
D00235,P00213,1,train
D00156,P00214,0,train
D00236,P00215,0,train
D00237,P00216,0,train
D00238,P00189,1,train
D00239,P00217,0,train
D00240,P00117,0,train
D00241,P00218,0,train
D00242,P00219,1,train
D00243,P00220,1,train
D00244,P00193,0,train
D00245,P00221,1,train
D00246,P00222,1,train
D00247,P00223,1,train
D00019,P00027,0,train
D00248,P00051,1,train
D00136,P00224,0,train
D00129,P00225,1,train
D00035,P00226,1,train
D00249,P00026,1,train
D00172,P00227,1,train
D00250,P00228,0,train
D00107,P00042,1,train
D00251,P00229,0,train
D00252,P00230,0,train
D00253,P00231,0,train
D00254,P00232,1,train
D00255,P00015,1,train
D00256,P00233,0,train
D00257,P00234,1,train
D00042,P00235,1,train
D00258,P00236,0,train
D00259,P00023,0,train
D00260,P00140,0,train
D00261,P00237,1,train
D00262,P00238,0,train
D00263,P00239,1,train
D00055,P00015,1,train
D00264,P00215,0,train
D00265,P00240,1,train
D00266,P00137,0,train
D00267,P00241,0,train
D00268,P00242,0,train
D00269,P00243,0,train
D00270,P00052,1,train
D00271,P00244,1,train
D00272,P00245,0,train
D00273,P00177,0,train
D00274,P00237,1,train
D00098,P00246,0,train
D00275,P00247,0,train
D00276,P00248,1,train
D00277,P00249,0,train
D00278,P00042,1,train
D00279,P00015,1,train
D00280,P00250,1,train
D00281,P00015,1,train
D00282,P00026,1,train
D00283,P00251,0,train
D00284,P00252,1,train
D00285,P00253,0,train
D00286,P00254,0,train
D00130,P00255,1,train
D00287,P00256,0,train
D00288,P00257,0,train
D00218,P00015,1,train
D00289,P00258,0,train
D00290,P00259,0,train
D00093,P00260,1,train
D00291,P00251,0,train
D00145,P00261,1,train
D00292,P00262,0,train
D00293,P00021,0,train
D00294,P00142,1,train
D00295,P00026,1,train
D00296,P00042,1,train
D00297,P00263,0,train
D00298,P00264,1,train
D00081,P00265,1,train
D00299,P00266,1,train
D00300,P00267,0,train
D00301,P00268,0,train
D00302,P00269,0,train
D00303,P00270,0,train
D00002,P00271,1,train
D00304,P00272,0,train
D00305,P00273,0,train
D00306,P00026,1,train
D00081,P00274,1,train
D00171,P00275,1,train
D00307,P00276,1,train
D00019,P00277,0,train
D00308,P00042,1,train
D00309,P00039,1,train
D00310,P00278,0,train
D00311,P00027,0,train
D00312,P00279,0,train
D00093,P00065,1,train
D00313,P00280,0,train
D00145,P00281,1,train
D00314,P00015,1,train
D00315,P00282,1,train
D00316,P00283,1,train
D00317,P00284,0,train
D00318,P00285,0,train
D00014,P00286,0,train
D00319,P00287,1,train
D00006,P00042,1,train
D00320,P00288,0,train
D00321,P00289,0,train
D00322,P00290,0,train
D00323,P00174,1,train
D00324,P00160,1,train
D00035,P00239,1,train
D00019,P00291,0,train
D00325,P00292,0,train
D00326,P00293,0,train
D00327,P00193,0,train
D00328,P00294,1,train
D00329,P00015,1,train
D00330,P00015,1,train
D00331,P00295,0,train
D00332,P00073,0,train
D00333,P00296,0,train
D00035,P00084,1,train
D00334,P00222,1,train
D00335,P00297,0,train
D00336,P00298,0,train
D00337,P00299,0,train
D00338,P00300,0,train
D00111,P00301,0,train
D00117,P00302,0,train
D00339,P00303,0,train
D00340,P00304,0,train
D00095,P00305,0,train
D00341,P00306,1,train
D00002,P00307,1,train
D00342,P00298,0,train
D00343,P00308,0,train
D00344,P00309,1,train
D00083,P00015,1,train
D00345,P00219,1,train
D00123,P00026,1,train
D00346,P00310,0,train
D00347,P00311,0,train
D00348,P00148,0,train
D00349,P00015,1,train
D00350,P00015,1,train
D00258,P00131,0,train
D00183,P00266,1,train
D00351,P00015,1,train
D00352,P00312,1,train
D00353,P00313,1,train
D00170,P00314,0,train
D00354,P00315,0,train
D00111,P00316,0,train
D00129,P00317,1,train
D00355,P00318,0,train
D00356,P00319,0,train
D00357,P00182,0,train
D00358,P00320,0,train
D00042,P00321,1,train
D00035,P00322,1,train
D00359,P00323,0,train
D00360,P00324,0,train
D00361,P00325,0,train
D00362,P00326,0,train
D00363,P00327,0,train
D00364,P00328,0,train
D00339,P00329,0,train
D00106,P00330,1,train
D00344,P00010,1,train
D00035,P00331,1,train
D00330,P00015,1,train
D00180,P00015,1,train
D00365,P00332,0,train
D00099,P00162,0,train
D00366,P00287,1,train
D00367,P00333,1,train
D00368,P00334,0,train
D00081,P00335,1,train
D00369,P00336,0,train
D00370,P00337,0,train
D00371,P00338,0,train
D00372,P00202,0,train
D00373,P00339,1,train
D00374,P00039,1,train
D00375,P00340,0,train
D00376,P00341,1,train
D00377,P00342,1,train
D00378,P00343,0,train
D00379,P00344,0,train
D00380,P00042,1,train
D00381,P00015,1,train
D00382,P00015,1,train
D00383,P00345,0,train
D00384,P00346,0,train
D00385,P00347,1,train
D00386,P00348,0,train
D00387,P00349,0,train
D00342,P00350,0,train
D00136,P00055,0,train
D00388,P00351,0,train
D00158,P00352,0,train
D00389,P00353,0,train
D00390,P00015,1,train
D00391,P00090,1,train
D00392,P00354,0,train
D00002,P00355,1,train
D00393,P00038,1,train
D00394,P00042,1,train
D00395,P00015,1,train
D00396,P00356,0,train
D00397,P00357,0,train
D00398,P00358,0,train
D00356,P00359,0,train
D00399,P00360,1,train
D00400,P00361,0,train
D00401,P00058,0,train
D00402,P00015,1,train
D00403,P00034,1,train
D00002,P00362,1,train
D00404,P00363,0,train
D00106,P00364,1,train
D00405,P00015,1,train
D00406,P00365,1,train
D00310,P00366,0,train
D00057,P00048,0,train
D00081,P00367,1,train
D00407,P00368,0,train
D00408,P00128,1,train
D00409,P00369,0,train
D00410,P00026,1,train
D00411,P00370,0,train
D00307,P00371,1,train
D00412,P00030,0,train
D00413,P00098,1,train
D00414,P00372,0,train
D00415,P00373,0,train
D00416,P00374,0,train
D00417,P00042,1,train
D00035,P00375,1,train
D00035,P00376,1,train
D00418,P00377,0,train
D00002,P00378,1,train
D00035,P00379,1,train
D00035,P00380,1,train
D00419,P00381,0,train
D00342,P00382,0,train
D00107,P00383,1,train
D00420,P00016,1,train
D00421,P00384,1,train
D00422,P00385,0,train
D00423,P00386,0,train
D00424,P00387,0,train
D00425,P00388,0,train
D00161,P00327,0,train
D00426,P00227,1,train
D00081,P00389,1,train
D00427,P00015,1,train
D00428,P00390,1,train
D00035,P00391,1,train
D00429,P00392,0,train
D00430,P00393,0,train
D00218,P00015,1,train
D00431,P00134,0,train
D00432,P00394,0,train
D00433,P00026,1,train
D00434,P00395,0,train
D00435,P00396,1,train
D00436,P00397,0,train
D00437,P00015,1,train
D00002,P00398,1,train
D00438,P00232,1,train
D00439,P00275,1,train
D00440,P00399,1,train
D00441,P00015,1,train
D00442,P00042,1,train
D00107,P00400,1,train
D00311,P00401,0,train
D00138,P00015,1,train
D00443,P00402,0,train
D00444,P00403,0,train
D00091,P00404,0,train
D00445,P00405,1,train
D00446,P00406,0,train
D00156,P00407,0,train
D00447,P00408,1,train
D00448,P00010,1,train
D00093,P00409,1,train
D00449,P00410,1,train
D00450,P00288,0,train
D00451,P00411,0,train
D00452,P00412,0,train
D00453,P00413,0,train
D00035,P00414,1,train
D00019,P00415,0,train
D00454,P00015,1,train
D00455,P00016,0,train
D00456,P00010,1,train
D00457,P00015,1,train
D00458,P00416,0,train
D00459,P00081,0,train
D00460,P00417,0,train
D00461,P00026,1,train
D00462,P00418,1,train
D00463,P00419,1,train
D00464,P00015,1,train
D00081,P00420,1,train
D00465,P00421,0,train
D00035,P00422,1,train
D00081,P00423,1,train
D00161,P00424,0,train
D00447,P00088,1,train
D00264,P00425,0,train
D00466,P00426,0,train
D00035,P00006,1,train
D00467,P00427,0,train
D00081,P00428,1,train
D00112,P00429,0,train
D00468,P00430,0,train
D00469,P00312,1,train
D00429,P00431,0,train
D00037,P00432,0,train
D00002,P00433,1,train
D00002,P00067,1,train
D00470,P00434,1,train
D00471,P00435,1,train
D00472,P00254,0,train
D00473,P00230,0,train
D00059,P00436,1,train
D00474,P00201,0,train
D00475,P00437,0,train
D00476,P00438,0,train
D00477,P00439,0,train
D00478,P00440,0,train
D00479,P00441,0,train
D00480,P00442,0,train
D00481,P00110,0,train
D00081,P00170,1,train
D00482,P00407,0,train
D00081,P00042,1,train
D00117,P00443,0,train
D00483,P00215,0,train
D00484,P00444,0,train
D00099,P00445,0,train
D00485,P00015,1,train
D00486,P00446,0,train
D00339,P00447,0,train
D00487,P00448,0,train
D00069,P00090,1,train
D00028,P00339,1,train
D00076,P00407,0,train
D00488,P00266,1,train
D00489,P00449,0,train
D00490,P00069,1,train
D00491,P00227,1,train
D00492,P00450,0,train
D00126,P00330,0,train
D00493,P00451,0,train
D00494,P00452,0,train
D00081,P00453,1,train
D00495,P00454,1,train
D00496,P00455,0,train
D00497,P00228,0,train
D00106,P00414,1,train
D00269,P00327,0,train
D00498,P00456,1,train
D00499,P00457,1,train
D00500,P00268,1,train
D00081,P00255,1,train
D00501,P00458,0,train
D00502,P00459,0,train
D00503,P00145,0,train
D00504,P00064,1,train
D00505,P00460,0,train
D00506,P00153,1,train
D00507,P00365,1,train
D00508,P00461,0,train
D00306,P00026,1,train
D00509,P00462,0,train
D00107,P00327,1,train
D00510,P00463,0,train
D00511,P00464,0,train
D00512,P00465,0,train
D00080,P00466,1,train
D00513,P00467,0,train
D00514,P00468,0,train
D00515,P00094,1,train
D00516,P00469,0,train
D00517,P00015,1,train
D00518,P00275,1,train
D00519,P00143,0,train
D00193,P00470,1,train
D00520,P00137,0,train
D00521,P00015,1,train
D00522,P00239,1,train
D00502,P00471,0,train
D00388,P00472,0,train
D00523,P00473,0,train
D00524,P00068,1,train
D00525,P00015,1,train
D00526,P00474,0,train
D00527,P00475,0,train
D00035,P00476,1,train
D00528,P00233,0,train
D00529,P00042,1,train
D00530,P00036,0,train
D00531,P00477,0,train
D00532,P00478,0,train
D00533,P00015,1,train
D00534,P00479,0,train
D00035,P00480,1,train
D00535,P00481,1,train
D00536,P00026,1,train
D00464,P00015,1,train
D00537,P00365,1,train
D00538,P00482,0,train
D00539,P00015,1,train
D00540,P00088,1,train
D00541,P00064,1,train
D00122,P00483,0,train
D00542,P00484,0,train
D00068,P00485,1,train
D00077,P00486,1,train
D00002,P00487,1,train
D00543,P00488,0,train
D00544,P00098,1,train
D00121,P00489,0,train
D00545,P00169,1,train
D00171,P00490,1,train
D00081,P00491,1,train
D00546,P00492,0,train
D00081,P00493,1,train
D00547,P00254,0,train
D00485,P00015,1,train
D00037,P00332,0,train
D00548,P00494,1,train
D00002,P00153,1,train
D00549,P00495,0,train
D00550,P00496,1,train
D00129,P00497,1,train
D00551,P00498,0,train
D00552,P00499,0,train
D00509,P00500,0,train
D00553,P00026,1,train
D00554,P00501,0,train
D00555,P00502,0,train
D00035,P00142,1,train
D00308,P00042,1,train
D00556,P00246,0,train
D00557,P00015,1,train
D00025,P00503,1,train
D00073,P00015,1,train
D00090,P00504,0,train
D00558,P00015,1,train
D00339,P00505,0,train
D00559,P00069,0,train
D00002,P00506,1,train
D00560,P00507,0,train
D00561,P00508,0,train
D00562,P00509,0,train
D00506,P00195,1,train
D00563,P00510,0,train
D00035,P00511,1,train
D00564,P00512,0,train
D00107,P00042,1,train
D00355,P00513,0,train
D00565,P00514,1,train
D00566,P00515,1,train
D00077,P00016,1,train
D00081,P00516,1,train
D00567,P00517,0,train
D00202,P00518,0,train
D00568,P00038,1,train
D00081,P00519,1,train
D00035,P00520,1,train
D00490,P00069,1,train
D00569,P00026,1,train
D00570,P00521,0,train
D00571,P00522,0,train
D00572,P00523,0,train
D00573,P00524,0,train
D00574,P00515,1,train
D00575,P00525,0,train
D00576,P00227,1,train
D00577,P00526,1,train
D00578,P00016,0,train
D00579,P00470,1,train
D00580,P00527,0,train
D00581,P00528,0,train
D00582,P00094,1,train
D00204,P00529,1,train
D00583,P00530,0,train
D00128,P00531,0,train
D00584,P00489,0,train
D00585,P00532,0,train
D00586,P00315,0,train
D00587,P00533,0,train
D00448,P00534,1,train
D00480,P00535,0,train
D00588,P00536,0,train
D00589,P00537,1,train
D00590,P00393,0,train
D00591,P00538,0,train
D00035,P00539,1,train
D00299,P00015,1,train
D00592,P00540,1,train
D00081,P00541,1,train
D00593,P00262,0,train
D00025,P00542,1,train
D00594,P00312,1,train
D00355,P00543,0,train
D00595,P00330,1,train
D00596,P00544,1,train
D00597,P00545,0,train
D00598,P00546,1,train
D00599,P00547,1,train
D00600,P00244,1,train
D00082,P00548,0,train
D00035,P00549,1,train
D00601,P00550,0,train
D00081,P00551,1,train
D00602,P00434,1,train
D00330,P00015,1,train
D00603,P00552,0,train
D00604,P00553,0,train
D00222,P00026,1,train
D00605,P00218,0,train
D00606,P00015,1,train
D00088,P00554,0,train
D00392,P00555,0,train
D00607,P00015,1,train
D00330,P00015,1,train
D00608,P00015,1,train
D00002,P00068,1,train
D00609,P00084,1,train
D00610,P00556,1,train
D00611,P00196,1,train
D00612,P00258,0,train
D00043,P00557,0,train
D00613,P00010,1,train
D00614,P00558,0,train
D00081,P00559,1,train
D00006,P00560,1,train
D00339,P00561,0,train
D00130,P00562,1,train
D00615,P00563,0,train
D00517,P00015,1,train
D00616,P00389,1,train
D00373,P00564,1,train
D00008,P00554,0,train
D00617,P00565,1,train
D00618,P00142,0,train
D00619,P00566,1,train
D00264,P00567,0,train
D00620,P00568,0,train
D00621,P00370,0,train
D00622,P00042,1,train
D00035,P00330,1,train
D00623,P00569,1,train
D00035,P00042,1,train
D00624,P00337,0,train
D00625,P00570,0,train
D00493,P00571,0,train
D00171,P00400,1,train
D00626,P00572,0,train
D00402,P00015,1,train
D00627,P00573,0,train
D00628,P00574,0,train
D00629,P00015,1,train
D00002,P00575,1,train
D00630,P00266,1,train
D00631,P00158,1,train
D00101,P00110,0,train
D00632,P00576,1,train
D00633,P00540,0,train
D00634,P00163,0,train
D00635,P00577,1,train
D00463,P00578,1,train
D00300,P00106,0,train
D00509,P00579,0,train
D00035,P00394,1,train
D00636,P00580,0,train
D00637,P00581,1,train
D00638,P00026,1,train
D00412,P00582,0,train
D00639,P00583,0,train
D00640,P00281,1,train
D00641,P00584,0,train
D00642,P00585,0,train
D00643,P00586,0,train
D00644,P00587,0,train
D00645,P00184,0,train
D00646,P00015,1,train
D00081,P00588,1,train
D00129,P00042,1,train
D00002,P00589,1,train
D00647,P00227,1,train
D00648,P00590,1,train
D00002,P00591,1,train
D00649,P00592,0,train
D00650,P00593,1,train
D00651,P00594,0,train
D00652,P00301,0,train
D00653,P00322,0,train
D00654,P00508,0,train
D00655,P00403,0,train
D00656,P00257,0,train
D00657,P00595,1,train
D00099,P00596,0,train
D00002,P00067,1,train
D00145,P00283,1,train
D00658,P00042,1,train
D00659,P00597,0,train
D00660,P00598,0,train
D00596,P00088,1,train
D00437,P00015,1,train
D00081,P00599,1,train
D00437,P00015,1,train
D00661,P00266,1,train
D00662,P00600,0,train
D00239,P00601,0,train
D00006,P00602,1,train
D00663,P00158,1,train
D00664,P00603,0,train
D00665,P00604,1,train
D00597,P00605,0,train
D00666,P00606,0,train
D00261,P00607,1,train
D00515,P00608,1,train
D00667,P00042,1,train
D00668,P00544,1,train
D00669,P00609,0,train
D00670,P00579,0,train
D00391,P00566,1,train
D00671,P00042,1,train
D00276,P00610,1,train
D00672,P00039,0,train
D00673,P00611,0,train
D00035,P00185,1,train
D00674,P00241,0,train
D00002,P00612,1,train
D00202,P00613,0,train
D00675,P00312,1,train
D00676,P00614,1,train
D00099,P00615,0,train
D00081,P00616,1,train
D00677,P00042,1,train
D00678,P00617,0,train
D00002,P00064,1,train
D00679,P00042,1,train
D00114,P00473,1,train
D00673,P00351,0,train
D00597,P00618,0,train
D00680,P00619,0,train
D00681,P00015,1,train
D00682,P00010,1,train
D00683,P00620,0,train
D00035,P00042,1,train
D00684,P00015,1,train
D00442,P00042,1,train
D00685,P00621,0,train
D00479,P00434,0,train
D00329,P00232,1,train
D00276,P00622,1,train
D00449,P00042,1,train
D00686,P00623,0,train
D00687,P00187,0,train
D00688,P00624,0,train
D00689,P00625,1,train
D00159,P00327,1,train
D00690,P00480,1,train
D00166,P00626,0,train
D00691,P00508,0,train
D00651,P00538,0,train
D00692,P00627,0,train
D00223,P00628,0,train
D00640,P00629,1,train
D00129,P00630,1,train
D00081,P00148,1,train
D00693,P00444,0,train
D00694,P00631,1,train
D00674,P00632,0,train
D00081,P00633,1,train
D00085,P00634,0,train
D00695,P00635,1,train
D00696,P00096,0,train
D00697,P00636,0,train
D00698,P00392,0,train
D00597,P00637,0,train
D00699,P00638,0,train
D00081,P00639,1,train
D00700,P00640,1,train
D00325,P00518,0,train
D00701,P00042,1,train
D00702,P00303,0,train
D00387,P00641,0,train
D00333,P00642,0,train
D00703,P00511,0,train
D00022,P00440,0,train
D00704,P00643,0,train
D00705,P00644,0,train
D00706,P00645,0,train
D00035,P00646,1,train
D00707,P00015,1,train
D00708,P00035,0,train
D00709,P00647,1,train
D00044,P00257,0,train
D00710,P00554,0,train
D00002,P00002,1,train
D00711,P00648,0,train
D00712,P00649,0,train
D00646,P00015,1,train
D00713,P00015,1,train
D00714,P00650,0,train
D00715,P00207,1,train
D00716,P00026,1,train
D00518,P00254,1,train
D00035,P00312,1,train
D00405,P00015,1,train
D00717,P00651,0,train
D00081,P00081,1,train
D00002,P00652,1,train
D00718,P00653,0,train
D00719,P00654,0,train
D00720,P00026,1,train
D00061,P00655,0,train
D00721,P00656,0,train
D00722,P00531,0,train
D00723,P00657,0,train
D00081,P00658,1,train
D00724,P00111,1,train
D00725,P00659,0,train
D00726,P00660,0,train
D00727,P00661,1,train
D00069,P00264,1,train
D00190,P00650,0,train
D00728,P00566,1,train
D00729,P00662,0,train
D00730,P00039,1,train
D00035,P00663,1,train
D00081,P00664,1,train
D00731,P00505,0,train
D00581,P00665,0,train
D00732,P00666,0,train
D00123,P00026,1,train
D00733,P00667,0,train
D00734,P00668,0,train
D00036,P00669,0,train
D00002,P00670,1,train
D00735,P00537,1,train
D00231,P00671,0,train
D00042,P00185,1,train
D00035,P00593,1,train
D00080,P00312,1,train
D00059,P00672,1,train
D00736,P00673,0,train
D00002,P00658,1,train
D00737,P00508,0,train
D00738,P00674,1,train
D00547,P00210,0,train
D00739,P00069,1,train
D00554,P00322,0,train
D00002,P00124,1,train
D00493,P00675,0,train
D00035,P00170,1,train
D00740,P00676,0,train
D00373,P00677,1,train
D00741,P00535,0,train
D00491,P00227,1,train
D00742,P00678,0,train
D00743,P00015,1,train
D00744,P00679,0,train
D00042,P00198,1,train
D00745,P00680,0,train
D00739,P00266,1,train
D00746,P00681,0,train
D00700,P00608,1,train
D00556,P00682,0,train
D00493,P00683,0,train
D00119,P00684,1,train
D00747,P00685,0,train
D00369,P00686,0,train
D00366,P00687,1,train
D00674,P00030,0,train
D00163,P00688,1,train
D00748,P00689,1,train
D00749,P00690,0,train
D00035,P00167,1,train
D00454,P00015,1,train
D00750,P00195,0,train
D00751,P00098,1,train
D00752,P00587,0,train
D00753,P00472,0,train
D00754,P00098,1,train
D00114,P00691,1,train
D00579,P00692,1,train
D00755,P00657,0,train
D00756,P00015,1,train
D00670,P00693,0,train
D00546,P00211,0,train
D00757,P00694,0,train
D00745,P00511,0,train
D00441,P00015,1,train
D00758,P00526,0,train
D00448,P00640,1,train
D00088,P00695,0,train
D00759,P00098,1,train
D00760,P00696,0,train
D00042,P00697,1,train
D00130,P00042,1,train
D00761,P00698,0,train
D00762,P00668,0,train
D00763,P00290,0,train
D00035,P00699,1,train
D00764,P00700,0,train
D00447,P00701,1,train
D00765,P00702,1,train
D00766,P00703,1,train
D00147,P00704,0,train
D00081,P00038,1,train
D00767,P00015,1,train
D00768,P00705,0,train
D00769,P00706,0,train
D00090,P00707,0,train
D00770,P00708,0,train
D00771,P00042,1,train
D00002,P00709,1,train
D00695,P00710,1,train
D00679,P00711,1,train
D00081,P00239,1,train
D00391,P00367,1,train
D00002,P00712,1,train
D00772,P00713,0,train
D00145,P00714,1,train
D00773,P00715,0,train
D00774,P00177,0,train
D00277,P00716,0,train
D00775,P00717,0,train
D00776,P00015,1,train
D00777,P00275,1,train
D00563,P00718,0,train
D00778,P00495,0,train
D00624,P00719,0,train
D00447,P00720,1,train
D00735,P00098,1,train
D00779,P00015,1,train
D00391,P00721,1,train
D00780,P00722,0,train
D00781,P00723,1,train
D00145,P00724,1,train
D00782,P00039,1,train
D00474,P00725,0,train
D00427,P00015,1,train
D00783,P00726,1,train
D00784,P00064,1,train
D00465,P00727,0,train
D00785,P00367,0,train
D00786,P00015,1,train
D00787,P00026,1,train
D00788,P00728,0,train
D00789,P00015,1,train
D00468,P00088,0,train
D00035,P00330,1,train
D00028,P00042,1,train
D00790,P00015,1,train
D00791,P00729,0,train
D00792,P00730,0,train
D00793,P00395,0,train
D00794,P00090,0,train
D00795,P00382,0,train
D00796,P00202,1,train
D00797,P00026,1,train
D00035,P00731,1,train
D00798,P00732,1,train
D00799,P00733,0,train
D00800,P00734,0,train
D00801,P00535,0,train
D00802,P00512,0,train
D00803,P00735,1,train
D00804,P00736,0,train
D00035,P00737,1,train
D00081,P00738,1,train
D00251,P00668,0,train
D00805,P00739,0,train
D00806,P00015,1,train
D00807,P00708,0,train
D00808,P00740,0,train
D00809,P00374,0,train
D00035,P00223,1,train
D00810,P00732,1,train
D00811,P00268,1,train
D00812,P00038,1,train
D00401,P00377,0,train
D00124,P00113,1,train
D00813,P00508,0,train
D00814,P00328,0,train
D00713,P00015,1,train
D00815,P00741,0,train
D00816,P00023,1,train
D00035,P00742,1,train
D00107,P00390,1,train
D00042,P00042,1,train
D00817,P00743,0,train
D00818,P00350,0,train
D00147,P00309,0,train
D00127,P00744,0,train
D00819,P00745,0,train
D00820,P00746,0,train
D00821,P00525,0,train
D00822,P00747,0,train
D00019,P00748,0,train
D00823,P00178,0,train
D00114,P00749,1,train
D00824,P00275,1,train
D00696,P00521,0,train
D00825,P00254,1,train
D00035,P00750,1,train
D00826,P00401,0,train
D00093,P00120,1,train
D00148,P00751,0,train
D00563,P00752,0,train
D00042,P00275,1,train
D00264,P00753,0,train
D00827,P00754,0,train
D00828,P00755,0,train
D00829,P00756,0,train
D00830,P00757,0,train
D00831,P00052,1,train
D00258,P00382,0,train
D00276,P00503,1,train
D00137,P00566,1,train
D00002,P00026,1,train
D00832,P00537,1,train
D00833,P00758,1,train
D00834,P00091,0,train
D00835,P00042,1,train
D00836,P00759,0,train
D00019,P00267,0,train
D00002,P00132,1,train
D00837,P00042,1,train
D00002,P00545,1,train
D00106,P00760,1,train
D00838,P00761,0,train
D00139,P00762,0,train
D00839,P00015,1,train
D00840,P00010,1,train
D00841,P00039,1,train
D00264,P00763,0,train
D00000,P00764,0,train
D00319,P00765,1,train
D00678,P00245,0,train
D00556,P00766,0,train
D00842,P00010,1,train
D00106,P00767,1,train
D00843,P00768,0,train
D00035,P00769,1,train
D00844,P00158,1,train
D00815,P00770,0,train
D00845,P00042,1,train
D00846,P00128,1,train
D00156,P00771,0,train
D00847,P00207,1,train
D00035,P00772,1,train
D00848,P00773,0,train
D00627,P00708,0,train
D00849,P00774,0,train
D00579,P00015,1,train
D00850,P00775,0,train
D00080,P00603,1,train
D00851,P00776,0,train
D00172,P00777,1,train
D00077,P00016,1,train
D00852,P00407,0,train
D00853,P00098,1,train
D00028,P00642,1,train
D00854,P00778,1,train
D00855,P00647,1,train
D00856,P00440,0,train
D00857,P00268,1,train
D00858,P00318,0,train
D00859,P00779,0,train
D00044,P00458,0,train
D00860,P00624,0,train
D00861,P00244,1,train
D00862,P00778,1,train
D00581,P00780,0,train
D00573,P00469,0,train
D00863,P00162,0,train
D00864,P00781,0,train
D00865,P00782,0,train
D00166,P00783,0,train
D00110,P00039,1,train
D00866,P00784,0,train
D00867,P00365,1,train
D00868,P00529,0,train
D00604,P00785,0,train
D00869,P00786,0,train
D00870,P00787,0,train
D00373,P00788,1,train
D00004,P00789,0,train
D00871,P00140,0,train
D00231,P00790,0,train
D00004,P00791,0,train
D00872,P00418,0,train
D00873,P00792,0,train
D00172,P00793,1,train
D00874,P00227,1,train
D00093,P00383,1,train
D00875,P00279,1,train
D00180,P00015,1,train
D00876,P00282,1,train
D00877,P00794,0,train
D00878,P00795,0,train
D00016,P00796,1,train
D00002,P00658,1,train
D00595,P00797,1,train
D00879,P00747,0,train
D00002,P00798,1,train
D00880,P00799,0,train
D00881,P00800,0,train
D00882,P00801,1,train
D00883,P00580,0,train
D00884,P00694,0,train
D00624,P00802,0,train
D00885,P00803,0,train
D00886,P00804,0,train
D00887,P00026,1,train
D00888,P00805,0,train
D00889,P00806,0,train
D00035,P00807,1,train
D00890,P00254,1,train
D00472,P00015,1,train
D00112,P00596,0,train
D00891,P00069,1,train
D00383,P00533,0,train
D00765,P00591,1,train
D00081,P00182,1,train
D00062,P00808,0,train
D00892,P00038,1,train
D00893,P00661,0,train
D00093,P00065,1,train
D00515,P00667,1,train
D00340,P00087,0,train
D00161,P00809,0,train
D00081,P00167,1,train
D00081,P00810,1,train
D00531,P00811,0,train
D00894,P00812,0,train
D00081,P00813,1,train
D00895,P00032,0,train
D00896,P00275,1,train
D00897,P00347,1,train
D00740,P00273,0,train
D00898,P00244,1,train
D00899,P00010,1,train
D00591,P00814,0,train
D00900,P00815,1,train
D00042,P00275,1,train
D00901,P00240,1,train
D00284,P00294,1,train
D00902,P00496,1,train
D00903,P00285,0,train
D00556,P00063,0,train
D00904,P00015,1,train
D00905,P00042,1,train
D00002,P00816,1,train
D00391,P00275,1,train
D00883,P00817,0,train
D00292,P00818,0,train
D00860,P00819,0,train
D00906,P00196,1,train
D00907,P00369,0,train
D00908,P00820,0,train
D00395,P00015,1,train
D00081,P00821,1,train
D00671,P00042,1,train
D00070,P00015,1,train
D00909,P00822,0,train
D00910,P00823,0,train
D00911,P00118,0,train
D00081,P00824,1,train
D00035,P00825,1,train
D00442,P00560,1,train
D00363,P00299,0,train
D00912,P00104,1,train
D00172,P00826,1,train
D00913,P00799,0,train
D00914,P00827,1,train
D00915,P00472,0,train
D00916,P00604,0,train
D00190,P00828,0,train
D00917,P00829,1,train
D00918,P00830,0,train
D00919,P00566,1,train
D00920,P00831,0,train
D00921,P00165,0,train
D00922,P00306,0,train
D00923,P00015,1,train
D00924,P00324,1,train
D00925,P00832,0,train
D00926,P00343,0,train
D00927,P00015,1,train
D00928,P00833,0,train
D00913,P00834,0,train
D00407,P00835,0,train
D00929,P00106,0,train
D00391,P00275,1,train
D00930,P00088,1,train
D00896,P00836,1,train
D00931,P00837,0,train
D00023,P00372,0,train
D00932,P00838,0,train
D00019,P00839,0,train
D00147,P00248,0,train
D00698,P00840,0,train
D00933,P00841,0,train
D00934,P00039,1,train
D00035,P00842,1,train
D00130,P00155,1,train
D00258,P00597,0,train
D00705,P00166,0,train
D00006,P00042,1,train
D00145,P00010,1,train
D00106,P00843,1,train
D00002,P00844,1,train
D00935,P00845,1,train
D00936,P00071,0,train
D00937,P00846,1,train
D00938,P00847,0,train
D00939,P00052,1,train
D00307,P00042,1,train
D00940,P00848,0,train
D00066,P00015,1,train
D00328,P00086,1,train
D00093,P00849,1,train
D00002,P00850,1,train
D00941,P00658,1,train
D00942,P00309,1,train
D00680,P00851,0,train
D00943,P00852,1,train
D00035,P00853,1,train
D00944,P00854,0,train
D00945,P00855,0,train
D00946,P00856,0,train
D00947,P00857,0,train
D00442,P00264,1,train
D00412,P00858,0,train
D00019,P00859,0,train
D00517,P00015,1,train
D00112,P00253,0,train
D00896,P00042,1,train
D00646,P00015,1,train
D00519,P00019,0,train
D00081,P00860,1,train
D00948,P00861,0,train
D00949,P00042,1,train
D00950,P00498,0,train
D00951,P00862,1,train
D00048,P00863,0,train
D00002,P00864,1,train
D00035,P00865,1,train
D00952,P00283,1,train
D00953,P00056,1,train
D00954,P00821,1,train
D00412,P00781,0,train
D00405,P00015,1,train
D00204,P00866,1,train
D00955,P00214,0,train
D00081,P00867,1,train
D00608,P00015,1,train
D00127,P00868,0,train
D00956,P00869,0,train
D00957,P00015,1,train
D00958,P00870,0,train
D00959,P00042,1,train
D00652,P00042,1,train
D00960,P00871,0,train
D00961,P00753,0,train
D00002,P00872,1,train
D00962,P00873,0,train
D00099,P00874,0,train
D00963,P00015,1,train
D00552,P00875,0,train
D00964,P00312,1,train
D00130,P00876,1,train
D00019,P00877,0,train
D00965,P00878,0,train
D00574,P00566,1,train
D00966,P00393,0,train
D00967,P00190,0,train
D00968,P00188,0,train
D00042,P00879,1,train
D00658,P00015,1,train
D00969,P00031,0,train
D00437,P00015,1,train
D00817,P00521,0,train
D00442,P00880,1,train
D00820,P00881,0,train
D00970,P00431,0,train
D00971,P00131,0,train
D00167,P00015,1,train
D00035,P00882,1,train
D00972,P00883,0,train
D00973,P00884,0,train
D00974,P00885,0,train
D00975,P00042,1,train
D00673,P00886,0,train
D00002,P00271,1,train
D00275,P00887,0,train
D00865,P00888,0,train
D00579,P00889,1,train
D00579,P00890,1,train
D00035,P00281,1,train
D00976,P00891,0,train
D00081,P00892,1,train
D00402,P00266,1,train
D00977,P00893,0,train
D00978,P00309,1,train
D00962,P00774,0,train
D00979,P00894,0,train
D00980,P00283,1,train
D00981,P00491,1,train
D00982,P00260,1,train
D00107,P00889,1,train
D00081,P00895,1,train
D00006,P00515,1,train
D00002,P00896,1,train
D00983,P00168,0,train
D00081,P00658,1,train
D00984,P00494,1,train
D00985,P00897,0,train
D00002,P00898,1,train
D00055,P00015,1,train
D00081,P00398,1,train
D00787,P00026,1,train
D00986,P00426,0,train
D00019,P00899,0,train
D00987,P00026,1,train
D00204,P00900,1,train
D00792,P00557,0,train
D00988,P00901,0,train
D00083,P00015,1,train
D00379,P00902,0,train
D00054,P00903,0,train
D00485,P00015,1,train
D00989,P00904,0,train
D00990,P00015,1,train
D00659,P00905,0,train
D00815,P00452,0,train
D00991,P00906,0,train
D00607,P00674,1,train
D00992,P00366,0,train
D00993,P00112,1,train
D00994,P00805,0,train
D00995,P00753,0,train
D00996,P00215,0,train
D00997,P00015,1,train
D00275,P00114,0,train
D00019,P00584,0,train
D00998,P00795,0,train
D00999,P00232,1,train
D01000,P00732,1,train
D01001,P00907,0,train
D01002,P00908,1,train
D00851,P00133,0,train
D01003,P00909,1,train
D01004,P00026,1,train
D01005,P00515,1,train
D00035,P00910,1,train
D01006,P00064,1,train
D00391,P00275,1,train
D00156,P00911,0,train
D01007,P00251,0,train
D01008,P00862,1,train
D01009,P00060,0,train
D01010,P00912,1,train
D01011,P00913,0,train
D01012,P00677,1,train
D00982,P00275,1,train
D00957,P00015,1,train
D00035,P00914,1,train
D00173,P00260,1,train
D01013,P00915,0,train
D01014,P00509,0,train
D01015,P00732,0,train
D01016,P00130,0,train
D01017,P00650,0,train
D00896,P00042,1,train
D00231,P00916,0,train
D01018,P00324,1,train
D00080,P00917,1,train
D01019,P00429,0,train
D00035,P00918,1,train
D00607,P00015,1,train
D01020,P00685,1,train
D00889,P00919,0,train
D00081,P00920,1,train
D00485,P00015,1,train
D00145,P00921,1,train
D00107,P00922,1,train
D00093,P00042,1,train
D01021,P00923,0,train
D00948,P00924,0,train
D01022,P00925,0,train
D01023,P00926,0,train
D00976,P00717,0,train
D00428,P00927,1,train
D00081,P00928,1,train
D00560,P00929,0,train
D00557,P00015,1,train
D00765,P00125,1,train
D00966,P00273,0,train
D00095,P00329,0,train
D01024,P00753,0,train
D01025,P00930,0,train
D01026,P00931,0,train
D00856,P00932,0,train
D01027,P00219,0,train
D01028,P00017,0,train
D01029,P00933,0,train
D01030,P00934,1,train
D01031,P00503,1,train
D01032,P00859,1,train
D00145,P00866,1,train
D00098,P00851,0,train
D00114,P00777,1,train
D00390,P00015,1,train
D00750,P00935,0,train
D01033,P00268,1,train
D01034,P00240,1,train
D01035,P00293,0,train
D00608,P00015,1,train
D00107,P00936,1,train
D01036,P00015,1,train
D00090,P00324,0,train
D01037,P00418,0,train
D00980,P00647,1,train
D01038,P00508,0,train
D00137,P00937,1,train
D00106,P00207,1,train
D01039,P00094,1,train
D00204,P00938,1,train
D00081,P00658,1,train
D00120,P00187,0,train
D01040,P00939,0,train
D00081,P00940,1,train
D00081,P00237,1,train
D01041,P00010,1,train
D00127,P00291,0,train
D00613,P00941,1,train
D00348,P00367,0,train
D00093,P00275,1,train
D00468,P00942,0,train
D00358,P00288,0,train
D01042,P00463,1,train
D00468,P00694,0,train
D01043,P00015,1,train
D00455,P00943,0,train
D00167,P00015,1,train
D01044,P00944,0,train
D00339,P00945,0,train
D01045,P00442,0,train
D01046,P00042,1,train
D00618,P00946,0,train
D00579,P00167,1,train
D01047,P00947,0,train
D00502,P00839,0,train
D00347,P00948,0,train
D00062,P00949,0,train
D00123,P00026,1,train
D00547,P00950,0,train
D00305,P00951,0,train
D01048,P00952,1,train
D01049,P00732,1,train
D01050,P00598,0,train
D00145,P00953,1,train
D00936,P00349,0,train
D00042,P00541,1,train
D01051,P00015,1,train
D00311,P00954,0,train
D01052,P00279,0,train
D01053,P00222,0,train
D01054,P00955,0,train
D00412,P00753,0,train
D00982,P00042,1,train
D00114,P00956,1,train
D01055,P00042,1,train
D01056,P00215,0,train
D00728,P00042,1,train
D01057,P00282,0,train
D00830,P00193,0,train
D00431,P00957,0,train
D01058,P00958,1,train
D01059,P00959,0,train
D01060,P00960,0,train
D01061,P00026,1,train
D01062,P00961,0,train
D00284,P00777,1,train
D00035,P00213,1,train
D00117,P00233,0,train
D00172,P00962,1,train
D00035,P00002,1,train
D00081,P00204,1,train
D00093,P00275,1,train
D00604,P00416,0,train
D00748,P00058,1,train
D00531,P00963,0,train
D00035,P00294,1,train
D01063,P00042,1,train
D01064,P00964,0,train
D01065,P00038,1,train
D01066,P00010,1,train
D00747,P00006,0,train
D00019,P00965,0,train
D01067,P00966,0,train
D00204,P00223,1,train
D00081,P00967,1,train
D01068,P00141,0,train
D00447,P00039,1,train
D00107,P00042,1,train
D00264,P00968,0,train
D00952,P00220,1,train
D00673,P00027,0,train
D01069,P00010,1,train
D01070,P00601,0,train
D00722,P00969,0,train
D00042,P00042,1,train
D00099,P00163,0,train
D00442,P00042,1,train
D01071,P00275,1,train
D00889,P00970,0,train
D00356,P00971,0,train
D01072,P00972,0,train
D01073,P00015,1,train
D00498,P00389,1,train
D00035,P00216,1,train
D00062,P00392,0,train
D01074,P00457,1,train
D01075,P00973,0,train
D00002,P00974,1,train
D00127,P00894,0,train
D00985,P00975,0,train
D01076,P00976,1,train
D00027,P00977,0,train
D01077,P00290,0,train
D00606,P00015,1,train
D00621,P00978,0,train
D01078,P00142,0,train
D00398,P00979,0,train
D01079,P00166,0,train
D00297,P00345,0,train
D00106,P00629,1,train
D00569,P00688,1,train
D01080,P00508,0,train
D01000,P00732,1,train
D00681,P00015,1,train
D01081,P00980,0,train
D00599,P00981,1,train
D01082,P00042,1,train
D00754,P00098,1,train
D00851,P00594,0,train
D00117,P00159,0,train
D00093,P00982,1,train
D00722,P00983,0,train
D00658,P00042,1,train
D00129,P00984,1,train
D01083,P00416,0,train
D01051,P00015,1,train
D01084,P00809,0,train
D00646,P00015,1,train
D00354,P00725,0,train
D00483,P00985,0,train
D01085,P00986,0,train
D00358,P00279,0,train
D01086,P00987,0,train
D00712,P00988,0,train
D01087,P00673,0,train
D01088,P00128,1,train
D00023,P00211,0,train
D01089,P00565,1,train
D01090,P00844,0,train
D00107,P00989,1,train
D01091,P00778,1,train
D01092,P00783,0,train
D00002,P00990,1,train
D00289,P00991,0,train
D01093,P00992,0,train
D00138,P00015,1,train
D00002,P00496,1,train
D00231,P00993,0,train
D01094,P00026,1,train
D01095,P00202,1,train
D00621,P00994,0,train
D01096,P00995,0,train
D01097,P00533,0,train
D01098,P00996,0,train
D00035,P00864,1,train
D00555,P00245,0,train
D00720,P00026,1,train
D01099,P00997,1,train
D01100,P00269,0,train
D00688,P00998,0,train
D00556,P00084,0,train
D01101,P00821,1,train
D00599,P00248,1,train
D01102,P00015,1,train
D01103,P00867,1,train
D00557,P00015,1,train
D00136,P00839,0,train
D00529,P00042,1,train
D01066,P00737,1,train
D00277,P00999,0,train
D00718,P01000,0,train
D00005,P01001,0,train
D01104,P00809,0,train
D00081,P01002,1,train
D01105,P01003,0,train
D01106,P00051,1,train
D00276,P00010,1,train
D00196,P01004,0,train
D00145,P01005,1,train
D00558,P00015,1,train
D00081,P01006,1,train
D01107,P01007,0,train
D00042,P00390,1,train
D00035,P01008,1,train
D01108,P00115,0,train
D00166,P00586,0,train
D00890,P00042,1,train
D00579,P00221,1,train
D01109,P00251,0,train
D01110,P00511,0,train
D01111,P00294,1,train
D01112,P00105,0,train
D01113,P01009,0,train
D00081,P01010,1,train
D00019,P01011,0,train
D00002,P01012,1,train
D00081,P01013,1,train
D00244,P01014,0,train
D01114,P00831,0,train
D00197,P00978,0,train
D01115,P00608,0,train
D00629,P00015,1,train
D01116,P01015,1,train
D01117,P00998,0,train
D00073,P00674,1,train
D01118,P00042,1,train
D00145,P01016,1,train
D00044,P01017,0,train
D01119,P01018,0,train
D01120,P00430,0,train
D01121,P01019,1,train
D00728,P01020,1,train
D01122,P00306,0,train
D00002,P00732,1,train
D00365,P00495,0,train
D00081,P00125,1,train
D00579,P00042,1,train
D01123,P00419,0,train
D00100,P01021,1,train
D01124,P01022,0,train
D00035,P01023,1,train
D01125,P00324,1,train
D00424,P01024,0,train
D01126,P01025,0,train
D00465,P01026,0,train
D00394,P00202,1,train
D00080,P01027,1,train
D01127,P00015,1,train
D01128,P01028,0,train
D00624,P01029,0,train
D01129,P01003,0,train
D01130,P01030,0,train
D01131,P00763,0,train
D00743,P01031,1,train
D01132,P01032,0,train
D01133,P00015,1,train
D01097,P00255,0,train
D01134,P01033,0,train
D00275,P00668,0,train
D01135,P01034,0,train
D01136,P01004,0,train
D01022,P01035,0,train
D01137,P01036,0,train
D00748,P00260,1,train
D00337,P01037,0,train
D00301,P01038,0,train
D01138,P00026,1,train
D01139,P01039,0,train
D00172,P00559,1,train
D01140,P00103,0,train
D01141,P00170,1,train
D01142,P01040,0,train
D01143,P00026,1,train
D00295,P00026,1,train
D00002,P01041,1,train
D00363,P01042,0,train
D00277,P01043,0,train
D00895,P00779,0,train
D01144,P00220,1,train
D00002,P00843,1,train
D00081,P00664,1,train
D01145,P01044,0,train
D01146,P00743,0,train
D00002,P01045,1,train
D01147,P00283,1,train
D00035,P01046,1,train
D01148,P01047,0,train
D01149,P01048,0,train
D00983,P00668,0,train
D01150,P01049,0,train
D00005,P00770,0,train
D01151,P01050,0,train
D00244,P01051,0,train
D01152,P00019,0,train
D00002,P00028,1,train
D00839,P00015,1,train
D00035,P00277,1,train
D01153,P01052,0,train
D01154,P01053,1,train
D01155,P00759,0,train
D00851,P00290,0,train
D01156,P00959,0,train
D01157,P01054,0,train
D01158,P00164,0,train
D00750,P00443,0,train
D01159,P01055,0,train
D00987,P00026,1,train
D01160,P01056,0,train
D00127,P01057,0,train
D01161,P00025,0,train
D01162,P00469,0,train
D01163,P00316,0,train
D01164,P00627,0,train
D01165,P01058,0,train
D00773,P01059,0,train
D01166,P00815,1,train
D00556,P00858,0,train
D00634,P01060,0,train
D01167,P01061,0,train
D00035,P00123,1,train
D00199,P00266,1,train
D00081,P01062,1,train
D01168,P01063,0,train
D01169,P00015,1,train
D01170,P00015,1,train
D00218,P00015,1,train
D01171,P00128,1,train
D00276,P01064,1,train
D00098,P00672,0,train
D01172,P01065,0,train
D01173,P00889,1,train
D01174,P00052,0,train
D00114,P01066,1,train
D00820,P00000,0,train
D01175,P00406,0,train
D01176,P00033,0,train
D01117,P01067,0,train
D00400,P01049,0,train
D00107,P00042,1,train
D00547,P00851,0,train
D01177,P00026,1,train
D00412,P01068,0,train
D00002,P00090,1,train
D01178,P01069,0,train
D01179,P00282,1,train
D01180,P00196,1,train
D01181,P00064,1,train
D00409,P00894,0,train
D01048,P00953,1,train
D00508,P00478,0,train
D00002,P01070,1,train
D00019,P00874,0,train
D01182,P00511,0,train
D00290,P00585,0,train
D01183,P00025,0,train
D00628,P01071,0,train
D01184,P01072,1,train
D00002,P01073,1,train
D00035,P01074,1,train
D01185,P00015,1,train
D00031,P01075,0,train
D00515,P00941,1,train
D00081,P01002,1,train
D00106,P00156,1,train
D01014,P01076,0,train
D01186,P00303,0,train
D01187,P01077,0,train
D00804,P00314,0,train
D00802,P01078,0,train
D01188,P00349,0,train
D00035,P01079,1,train
D01189,P01080,0,train
D00093,P00042,1,train
D00081,P01081,1,train
D01001,P01082,0,train
D00379,P00029,0,train
D00477,P01083,0,train
D00875,P01084,1,train
D00792,P01085,0,train
D01190,P01086,0,train
D00421,P01087,1,train
D00002,P01088,1,train
D00590,P01089,0,train
D00442,P00602,1,train
D01191,P01065,0,train
D00424,P00060,0,train
D00035,P00778,1,train
D00198,P00992,0,train
D01192,P01090,0,train
D00109,P00602,1,train
D01193,P01036,0,train
D00821,P01091,0,train
D00387,P01092,0,train
D00075,P00015,1,train
D01194,P01093,0,train
D00081,P00260,1,train
D01195,P00015,1,train
D00797,P00026,1,train
D00002,P00872,1,train
D01196,P01094,0,train
D00035,P01095,1,train
D00515,P00791,1,train
D00080,P01096,1,train
D00171,P00275,1,train
D01197,P00654,0,train
D00107,P00275,1,train
D00385,P00647,1,train
D00720,P00026,1,train
D00447,P00042,1,train
D01198,P00789,0,train
D00081,P01097,1,train
D00109,P00042,1,train
D01003,P00002,1,train
D00659,P01098,0,train
D01199,P00042,1,train
D01139,P01099,0,train
D01200,P00634,0,train
D00081,P01100,1,train
D00787,P00026,1,train
D01201,P00042,1,train
D01200,P00518,0,train
D01187,P01101,0,train
D00718,P01102,0,train
D00952,P01103,1,train
D00002,P00953,1,train
D01202,P00015,1,train
D01192,P00585,0,train
D00035,P01104,1,train
D01203,P00098,1,train
D01204,P01105,0,train
D01205,P00943,0,train
D01206,P00347,1,train
D01207,P00192,0,train
D01208,P01106,0,train
D00258,P01107,0,train
D00493,P00753,0,train
D00081,P00042,1,train
D00002,P01108,1,train
D01209,P00454,1,train
D00035,P00941,1,train
D01210,P00596,0,train
D00059,P00952,1,train
D01211,P01109,0,train
D01066,P00039,1,train
D00093,P00371,1,train
D00002,P00307,1,train
D00382,P00015,1,train
D00369,P00643,0,train
D01212,P01110,0,train
D00081,P00312,1,train
D00073,P00015,1,train
D00032,P00727,0,train
D01213,P01111,0,train
D01214,P00451,0,train
D00002,P01060,1,train
D01215,P01112,0,train
D01216,P00275,1,train
D00069,P01020,1,train
D01217,P00577,1,train
D01218,P00026,1,train
D00114,P00380,1,train
D00382,P00015,1,train
D00035,P01113,1,train
D01219,P00736,0,train
D00530,P00186,0,train
D01220,P01114,0,train
D01221,P01115,0,train
D00424,P01116,0,train
D00251,P00431,0,train
D00728,P00560,1,train
D01222,P00306,1,train
D00299,P00365,1,train
D00132,P00251,0,train
D01223,P00015,1,train
D00035,P01117,1,train
D00180,P00015,1,train
D01224,P01052,0,train
D01129,P01118,0,train
D01225,P00737,1,train
D00321,P00262,0,train
D00081,P01119,1,train
D00081,P01120,1,train
D01226,P00604,1,train
D00676,P01121,1,train
D01227,P01122,1,train
D00324,P01123,1,train
D00471,P00227,1,train
D01228,P01124,0,train
D00624,P01125,0,train
D01229,P00052,1,train
D01230,P01126,0,train
D01231,P00441,0,train
D00035,P00747,1,train
D01232,P00856,0,train
D00938,P01127,0,train
D01233,P01128,0,train
D01234,P01129,1,train
D00002,P01130,1,train
D01235,P00086,1,train
D01210,P00963,0,train
D00081,P00130,1,train
D00657,P00129,1,train
D01236,P00359,0,train
D01237,P01131,0,train
D00348,P00245,0,train
D00035,P00365,1,train
D00145,P01132,1,train
D00081,P01133,1,train
D00856,P00933,0,train
D00409,P01134,0,train
D01238,P00418,0,train
D01239,P00815,1,train
D01240,P01135,0,train
D00375,P00135,0,train
D00319,P00279,1,train
D01241,P01136,0,train
D00508,P01137,0,train
D00480,P00019,0,train
D00636,P00555,0,train
D00324,P01138,1,train
D01242,P00587,0,train
D00508,P01139,0,train
D00860,P00411,0,train
D00415,P01140,0,train
D00035,P00976,1,train
D01243,P00365,1,train
D01244,P01141,1,train
D01245,P00500,0,train
D00489,P00604,0,train
D01223,P00015,1,train
D01246,P01142,0,train
D00002,P01143,1,train
D00385,P00015,1,train
D00081,P01144,1,train
D01247,P00967,1,train
D01248,P00333,1,train
D01249,P00815,1,train
D01250,P00801,1,train
D00735,P00098,1,train
D01251,P00092,1,train
D01252,P00038,1,train
D00742,P00628,0,train
D01253,P01145,0,train
D00845,P00042,1,train
D01218,P00688,1,train
D00982,P00042,1,train
D00827,P00321,0,train
D01254,P01146,0,train
D01255,P00054,1,train
D00748,P00889,1,train
D00856,P00517,0,train
D00035,P01147,1,train
D01256,P01148,0,train
D01257,P01149,0,train
D01258,P00177,0,train
D01259,P00778,0,train
D00705,P01150,0,train
D01260,P00227,1,train
D00242,P00042,1,train
D00019,P01151,0,train
D00302,P00854,0,train
D01261,P00312,1,train
D00035,P01152,1,train
D00696,P01153,0,train
D00144,P00391,0,train
D01262,P01154,0,train
D00649,P01155,0,train
D00825,P00042,1,train
D00002,P00039,1,train
D00274,P00801,1,train
D00081,P01156,1,train
D01263,P00247,0,train
D01264,P00308,0,train
D00032,P00966,0,train
D00035,P00034,1,train
D01265,P00556,1,train
D00186,P01157,0,train
D01073,P00015,1,train
D00595,P01158,1,train
D01266,P00042,1,train
D01267,P00042,1,train
D01268,P00687,1,train
D00239,P01159,0,train
D00778,P01160,0,train
D00002,P01161,1,train
D00025,P01162,1,train
D01269,P00247,0,train
D01270,P00266,1,train
D00289,P00354,0,train
D00809,P00828,0,train
D01271,P01163,0,train
D00172,P00223,1,train
D00628,P00212,0,train
D01272,P00268,1,train
D01273,P00042,1,train
D00878,P00368,0,train
D01274,P00429,0,train
D01275,P00010,1,train
D01276,P00632,0,train
D00035,P01164,1,train
D00111,P01165,0,train
D01277,P00179,1,train
D00035,P00496,1,train
D01278,P00545,0,train
D00035,P01166,1,train
D01279,P00168,0,train
D00035,P01167,1,train
D00463,P00984,1,train
D00586,P00985,0,train
D00035,P01168,1,train
D01280,P01169,0,train
D01281,P00042,1,train
D01280,P00045,0,train
D00679,P00275,1,train
D00498,P00362,1,train
D00274,P00098,1,train
D00002,P01170,1,train
D01282,P00114,0,train
D01283,P00718,0,train
D01284,P00015,1,train
D01285,P01046,1,train
D00002,P01034,1,train
D00091,P01171,0,train
D00035,P00088,1,train
D01286,P01172,0,train
D00137,P01173,1,train
D01287,P01000,0,train
D01288,P00210,0,train
D01289,P00200,0,train
D01290,P01174,0,train
D01291,P00515,1,train
D01292,P01175,0,train
D01293,P01176,0,train
D00081,P01177,1,train
D00556,P01178,0,train
D00054,P01179,0,train
D01294,P00010,1,train
D01245,P01180,0,train
D00272,P00957,0,train
D01295,P00015,1,train
D01183,P01181,0,train
D00702,P00899,0,train
D01296,P00192,0,train
D00176,P01182,1,train
D00515,P00667,1,train
D01297,P00293,0,train
D01298,P00015,1,train
D01299,P00370,0,train
D01248,P00422,1,train
D01300,P00239,1,train
D00002,P00275,1,train
D00035,P00741,1,train
D00945,P00366,0,train
D01163,P00584,0,train
D00117,P01068,0,train
D01301,P00015,1,train
D00700,P00934,1,train
D00945,P01183,0,train
D00002,P01184,1,train
D00947,P01185,0,train
D00156,P01186,0,train
D00405,P00015,1,train
D01302,P00098,1,train
D00382,P00015,1,train
D01303,P00572,0,train
D00851,P00504,0,train
D01210,P00479,0,train
D00502,P00899,0,train
D00324,P01187,1,train
D01304,P00275,1,train
D01305,P01188,0,train
D01306,P00202,1,train
D00702,P01189,0,train
D00746,P01190,0,train
D00035,P00064,1,train
D01307,P00015,1,train
D00171,P01191,1,train
D01308,P00312,1,train
D00627,P01192,0,train
D01309,P00195,0,train
D01310,P00293,0,train
D01311,P00093,0,train
D01312,P00413,0,train
D01313,P00828,0,train
D00732,P00326,0,train
D01314,P00038,1,train
D01315,P00647,1,train
D01316,P00015,1,train
D00002,P00026,1,train
D01317,P01193,0,train
D01318,P00963,1,train
D01319,P00460,0,train
D01320,P00103,0,train
D01066,P01194,1,train
D01321,P00456,1,train
D01322,P01195,0,train
D00405,P00015,1,train
D01323,P01196,0,train
D00412,P01197,0,train
D01324,P01198,0,train
D01325,P01199,0,train
D01326,P01043,1,train
D01327,P00047,0,train
D00878,P00597,0,train
D00035,P01132,1,train
D00035,P01072,1,train
D01328,P01200,0,train
D00042,P00059,1,train
D01029,P01200,0,train
D00081,P00658,1,train
D00493,P00410,0,train
D01329,P01201,0,train
D00062,P00324,0,train
D00165,P00026,1,train
D00035,P00311,1,train
D01330,P01095,0,train
D01331,P00510,0,train
D01332,P00372,0,train
D00081,P00922,1,train
D01333,P00239,1,train
D00648,P00481,1,train
D01334,P01202,0,train
D00694,P01203,1,train
D00002,P00658,1,train
D00276,P01204,1,train
D00035,P01166,1,train
D00875,P00275,1,train
D01335,P01107,0,train
D00081,P00692,1,train
D00448,P00010,1,train
D01336,P01205,0,train
D00394,P00067,1,train
D00094,P00220,0,train
D00748,P00260,1,train
D01337,P01097,1,train
D01338,P01055,0,train
D01339,P00042,1,train
D01340,P01151,0,train
D01341,P00041,0,train
D01342,P00275,1,train
D00728,P01206,1,train
D00109,P00042,1,train
D00197,P00095,0,train
D01343,P01207,0,train
D00471,P01208,1,train
D01344,P01209,0,train
D01345,P00098,1,train
D00447,P00810,1,train
D01346,P00160,0,train
D00002,P01210,1,train
D01347,P00687,1,train
D00442,P00042,1,train
D00002,P00025,1,train
D01348,P01211,0,train
D01349,P00247,0,train
D00342,P00672,0,train
D00085,P01039,0,train
D00136,P01212,0,train
D00054,P01213,0,train
D00884,P01214,0,train
D00825,P00042,1,train
D00368,P00932,0,train
D00180,P00015,1,train
D01350,P01215,0,train
D00080,P01216,1,train
D01089,P00015,1,train
D00035,P00414,1,train
D00035,P01217,1,train
D01351,P00016,1,train
D00081,P01002,1,train
D01352,P01218,0,train
D00068,P00485,1,train
D01353,P00620,0,train
D00093,P01219,1,train
D00238,P00658,1,train
D00927,P00015,1,train
D01059,P01220,0,train
D01029,P00899,0,train
D01354,P00069,1,train
D01355,P00052,1,train
D00462,P00910,1,train
D00474,P00057,0,train
D00042,P00042,1,train
D00002,P01221,1,train
D01356,P00343,0,train
D01357,P01149,0,train
D00640,P00542,1,train
D01358,P00240,1,train
D01359,P00727,0,train
D01360,P01222,0,train
D00042,P01223,1,train
D00272,P00195,0,train
D00078,P00023,1,train
D00493,P01224,0,train
D00780,P01225,0,train
D01361,P00344,0,train
D01167,P00596,0,train
D00370,P00410,0,train
D01362,P01226,0,train
D00035,P00778,1,train
D01363,P00266,1,train
D01364,P00732,1,train
D01021,P00268,0,train
D00035,P01227,1,train
D00225,P00995,0,train
D00520,P01228,0,train
D00628,P00063,0,train
D00035,P01229,1,train
D00099,P00415,0,train
D00002,P01230,1,train
D00002,P00491,1,train
D01365,P01231,0,train
D01366,P00223,1,train
D01367,P00220,1,train
D01017,P00905,0,train
D01368,P01232,0,train
D01369,P00015,1,train
D01370,P01233,0,train
D01371,P00758,0,train
D01372,P01234,0,train
D01373,P00362,0,train
D01374,P00254,0,train
D00479,P00766,0,train
D01321,P00324,1,train
D01375,P00098,1,train
D01376,P00010,1,train
D01377,P00934,0,train
D01113,P00782,0,train
D00132,P01235,0,train
D01378,P00568,1,train
D00827,P01099,0,train
D01019,P01102,0,train
D01349,P01236,0,train
D00558,P00015,1,train
D01379,P01237,0,train
D00019,P01238,0,train
D01380,P00613,1,train
D01381,P00457,1,train
D01086,P00128,0,train
D00042,P00593,1,train
D01382,P00630,0,train
D01383,P00503,0,train
D00035,P01087,1,train
D01384,P00519,0,train
D00462,P01227,1,train
D00002,P01239,1,train
D01385,P00922,1,train
D01386,P00042,1,train
D01387,P01240,1,train
D01388,P01193,0,train
D01389,P01241,0,train
D00597,P00955,0,train
D00081,P00324,1,train
D01269,P00715,0,train
D00882,P00098,1,train
D00055,P00015,1,train
D00019,P01242,0,train
D00171,P00042,1,train
D01390,P00015,1,train
D01391,P00039,1,train
D00166,P00906,0,train
D00535,P01243,1,train
D00928,P00668,0,train
D00002,P00658,1,train
D01392,P00365,1,train
D01393,P00172,0,train
D01394,P00457,1,train
D01395,P00821,1,train
D00312,P00293,0,train
D01396,P00045,1,train
D00002,P00767,1,train
D00167,P00015,1,train
D01397,P01244,0,train
D01224,P01245,0,train
D00914,P00333,1,train
D00883,P00703,0,train
D00212,P00341,1,train
D00002,P01246,1,train
D01045,P00613,0,train
D00081,P01247,1,train
D00081,P01248,1,train
D01398,P01249,0,train
D00107,P00042,1,train
D01399,P00908,0,train
D01400,P00268,1,train
D01401,P00755,0,train
D01402,P01250,0,train
D00035,P01008,1,train
D01403,P01080,0,train
D00777,P00090,1,train
D00641,P01080,0,train
D00261,P00125,1,train
D01404,P01003,1,train
D00748,P01251,1,train
D00809,P01102,0,train
D01405,P00875,0,train
D01406,P01252,0,train
D01407,P01253,0,train
D00312,P00192,0,train
D00567,P00755,0,train
D00878,P00202,0,train
D01408,P00434,0,train
D00695,P00042,1,train
D00060,P01129,0,train
D00081,P01254,1,train
D01373,P00667,0,train
D01409,P01054,0,train
D00431,P00676,0,train
D00579,P00142,1,train
D01410,P00026,1,train
D01019,P01255,0,train
D00035,P00010,1,train
D00256,P01256,0,train
D01411,P00414,1,train
D00676,P01257,1,train
D01412,P00991,0,train
D00419,P01258,0,train
D00748,P00652,1,train
D01368,P00025,0,train
D01413,P00650,0,train
D01414,P00220,1,train
D01415,P01259,0,train
D01416,P01260,0,train
D00495,P01261,1,train
D00046,P00388,0,train
D00136,P01262,0,train
D00002,P01263,1,train
D01360,P00257,0,train
D00040,P00625,0,train
D01126,P01262,0,train
D00728,P00042,1,train
D01417,P00240,1,train
D01418,P00306,0,train
D01419,P00026,1,train
D00114,P01264,1,train
D00011,P01007,0,train
D00081,P01265,1,train
D01420,P00407,0,train
D01421,P00015,1,train
D01422,P00470,0,train
D01423,P00016,1,train
D01424,P01266,0,train
D01425,P00674,0,train
D00451,P00486,0,train
D01426,P01031,1,train
D01427,P00203,1,train
D01428,P00299,1,train
D00308,P00167,1,train
D01347,P00279,1,train
D01429,P01121,1,train
D01430,P00042,1,train
D01431,P00064,1,train
D00137,P00042,1,train
D00732,P00374,0,train
D00508,P01267,0,train
D00137,P01173,1,train
D00211,P00351,0,train
D00982,P00042,1,train
D01432,P01268,0,train
D00276,P01269,1,train
D01433,P00608,1,train
D00106,P01270,1,train
D00272,P01271,0,train
D01434,P00003,0,train
D01435,P01272,0,train
D00728,P00042,1,train
D00106,P00312,1,train
D00628,P01273,0,train
D00466,P01274,0,train
D01436,P00815,1,train
D00976,P00894,0,train
D00765,P01275,1,train
D01403,P01276,0,train
D01437,P00332,0,train
D00081,P00658,1,train
D00329,P00015,1,train
D01438,P01173,1,train
D01439,P00088,1,train
D00081,P01004,1,train
D01316,P00015,1,train
D01384,P00015,1,train
D00714,P00116,0,train
D01440,P01277,0,train
D01110,P00392,0,train
D00042,P00936,1,train
D00040,P00133,0,train
D01441,P00574,0,train
D01442,P01244,0,train
D01443,P00042,1,train
D00061,P01278,0,train
D00676,P00178,1,train
D01104,P01279,0,train
D01444,P00490,1,train
D00592,P00391,1,train
D00225,P01280,0,train
D00454,P00015,1,train
D00466,P00525,0,train
D01445,P00416,0,train
D00748,P00099,1,train
D01015,P01281,0,train
D00172,P01282,1,train
D00081,P01283,1,train
D00093,P00390,1,train
D00697,P01284,0,train
D01119,P01285,0,train
D00865,P00954,0,train
D01446,P00365,1,train
D01447,P01286,1,train
D01448,P00042,1,train
D00493,P00143,0,train
D00802,P00072,0,train
D01449,P00010,1,train
D01450,P00929,0,train
D00679,P00275,1,train
D00167,P00015,1,train
D00765,P00234,1,train
D00913,P01287,0,train
D00518,P00410,1,train
D00137,P00235,1,train
D00825,P00339,1,train
D00442,P00560,1,train
D01451,P00542,1,train
D00597,P01288,0,train
D01452,P00115,0,train
D01453,P00365,1,train
D01454,P00747,0,train
D01455,P01289,0,train
D01456,P00676,0,train
D00035,P01166,1,train
D00312,P00429,0,train
D00569,P00026,1,train
D01371,P01290,0,train
D00106,P00222,1,train
D01457,P00042,1,train
D00035,P00484,1,train
D00658,P00952,1,train
D01057,P00178,0,train
D00069,P01254,1,train
D01458,P01291,0,train
D01066,P01292,1,train
D01459,P01293,0,train
D00914,P00927,1,train
D00391,P00151,1,train
D01460,P00945,0,train
D01461,P01146,0,train
D00204,P01294,1,train
D00059,P01295,1,train
D00324,P01096,1,train
D01462,P01296,0,train
D01463,P00223,1,train
D00066,P00015,1,train
D01464,P00042,1,train
D00272,P01297,0,train
D00005,P00837,0,train
D01395,P00015,1,train
D01465,P01298,0,train
D01466,P00693,0,train
D00608,P00015,1,train
D01467,P00120,0,train
D00927,P00015,1,train
D01468,P00778,1,train
D00054,P01299,0,train
D01104,P01300,0,train
D01469,P01279,0,train
D00509,P00932,0,train
D01470,P01301,0,train
D00172,P00026,1,train
D00035,P00092,1,train
D00204,P00529,1,train
D00114,P00473,1,train
D00982,P01302,1,train
D00433,P00026,1,train
D01471,P00016,1,train
D01472,P00147,0,train
D01473,P01303,0,train
D01474,P01021,1,train
D00042,P00410,1,train
D01475,P00064,1,train
D00204,P00026,1,train
D01410,P00026,1,train
D00670,P00751,0,train
D00130,P01304,1,train
D01476,P01305,1,train
D01477,P01306,0,train
D00183,P00015,1,train
D00146,P00919,0,train
D00954,P00562,1,train
D01478,P00674,1,train
D01352,P01307,0,train
D00639,P00023,0,train
D01479,P00365,1,train
D00002,P00953,1,train
D00156,P00142,0,train
D00901,P00240,1,train
D00597,P01308,0,train
D01480,P00207,1,train
D01481,P01183,0,train
D00508,P01309,0,train
D00183,P00015,1,train
D00437,P00266,1,train
D00261,P00646,1,train
D01482,P01310,0,train
D01483,P00515,1,train
D00277,P00238,0,train
D01484,P01311,0,train
D00002,P01312,1,train
D01156,P00507,0,train
D01485,P01313,0,train
D01015,P00060,0,train
D01486,P00443,0,train
D01487,P00444,0,train
D00035,P01314,1,train
D00081,P00127,1,train
D00634,P00130,0,train
D00002,P01315,1,train
D00002,P00892,1,train
D00281,P00015,1,train
D00387,P01316,0,train
D01488,P00900,0,train
D01489,P00341,1,train
D00708,P01145,0,train
D00035,P01317,1,train
D00706,P00741,1,train
D00412,P00177,0,train
D00878,P00350,0,train
D01490,P00585,0,train
D00272,P00223,0,train
D00375,P00175,0,train
D00019,P01318,0,train
D00896,P00065,1,train
D01491,P00683,0,train
D01492,P01319,0,train
D01493,P01320,0,train
D00035,P00016,1,train
D01494,P00015,1,train
D01372,P00719,0,train
D00002,P00299,1,train
D01495,P01227,1,train
D00080,P00958,1,train
D01496,P00094,1,train
D01022,P00888,0,train
D01497,P00220,1,train
D00803,P00039,1,train
D00035,P00629,1,train
D00341,P01321,1,train
D01210,P00334,0,train
D01498,P00239,1,train
D01499,P01322,0,train
D01500,P00015,1,train
D01501,P01323,0,train
D01502,P00889,1,train
D00002,P01324,1,train
D01503,P00010,1,train
D00272,P00286,0,train
D00424,P01325,0,train
D01504,P00538,0,train
D00360,P01326,0,train
D00483,P00114,0,train
D00002,P01327,1,train
D01505,P01328,1,train
D01506,P00947,0,train
D00252,P01329,0,train
D00002,P01330,1,train
D01507,P00094,1,train
D00081,P01331,1,train
D01508,P00128,1,train
D00147,P00401,0,train
D00106,P00810,1,train
D00804,P00806,0,train
D00888,P00735,0,train
D01004,P00026,1,train
D00035,P01332,1,train
D00700,P00788,1,train
D00204,P00084,1,train
D00679,P00058,1,train
D00624,P01333,0,train
D00464,P00015,1,train
D01509,P01334,0,train
D01510,P00632,0,train
D00215,P01131,0,train
D01511,P00042,1,train
D00165,P00688,1,train
D00511,P01335,0,train
D01512,P01075,0,train
D01513,P00240,1,train
D01514,P00309,1,train
D01515,P00414,1,train
D01516,P00042,1,train
D00035,P00026,1,train
D01517,P00385,0,train
D01394,P00457,1,train
D00002,P01336,1,train
D01518,P01337,0,train
D01519,P00042,1,train
D00342,P00696,0,train
D00544,P00098,1,train
D01263,P00114,0,train
D01520,P01338,0,train
D01247,P01046,1,train
D00035,P00132,1,train
D01521,P00098,1,train
D00804,P01339,0,train
D00081,P00658,1,train
D01522,P00073,0,train
D01523,P00365,1,train
D01524,P01021,1,train
D01525,P01340,0,train
D00606,P00015,1,train
D00825,P00059,1,train
D00002,P00496,1,train
D00896,P00042,1,train
D01526,P00587,0,train
D01527,P01341,0,train
D00002,P01342,1,train
D01528,P01132,1,train
D00002,P01343,1,train
D01529,P00815,1,train
D01530,P00554,0,train
D00081,P00125,1,train
D00412,P01171,0,train
D01311,P01209,0,train
D01531,P00308,0,train
D01532,P00051,1,train
D00081,P01344,1,train
D00671,P00042,1,train
D01533,P00232,1,train
D01534,P01345,0,train
D01535,P00312,1,train
D01536,P01346,0,train
D01537,P00508,0,train
D00081,P01347,1,train
D01538,P01348,0,train
D01539,P00201,0,train
D00023,P01349,0,train
D00474,P01350,0,train
D01540,P01351,0,train
D01541,P01202,0,train
D00967,P00822,0,train
D01542,P01352,0,train
D00081,P01097,1,train
D01543,P00038,1,train
D01544,P01065,0,train
D01545,P00619,0,train
D00147,P01353,0,train
D00556,P01354,0,train
D00392,P00130,0,train
D00579,P00015,1,train
D01546,P00134,0,train
D01547,P00270,0,train
D00194,P01173,1,train
D00346,P00601,0,train
D00117,P01355,0,train
D00081,P00237,1,train
D01548,P00042,1,train
D01549,P01356,0,train
D00081,P00056,1,train
D01215,P00350,0,train
D00199,P00069,1,train
D00035,P01357,1,train
D01550,P00015,1,train
D01551,P00653,0,train
D00624,P00219,0,train
D01552,P00555,0,train
D01553,P00042,1,train
D00896,P00097,1,train
D01554,P01328,1,train
D01555,P01059,0,train
D00015,P00015,1,train
D00483,P00358,0,train
D01534,P00293,0,train
D00613,P00010,1,train
D01556,P01358,0,train
D00860,P00934,0,train
D01557,P00434,1,train
D01558,P00623,0,train
D00035,P01359,1,train
D00422,P01360,0,train
D01559,P00444,0,train
D01560,P00996,0,train
D01561,P01361,0,train
D01562,P00365,1,train
D00402,P00015,1,train
D01563,P01362,0,train
D00035,P01363,1,train
D00630,P00015,1,train
D00056,P00015,1,train
D00748,P00575,1,train
D01165,P01232,0,train
D01564,P00015,1,train
D00354,P00372,0,train
D00129,P01021,1,train
D00439,P00264,1,train
D00299,P00015,1,train
D00822,P01364,0,train
D01565,P00088,1,train
D01566,P00015,1,train
D00163,P00026,1,train
D01165,P01049,0,train
D01567,P00166,1,train
D00113,P01137,0,train
D00081,P00042,1,train
D01568,P01365,0,train
D00390,P00015,1,train
D01569,P00457,1,train
D01570,P01366,0,train
D00419,P01105,0,train
D00851,P00756,0,train
D01479,P00244,1,train
D01166,P00112,1,train
D00683,P01367,0,train
D00825,P00697,1,train
D00441,P00266,1,train
D01571,P01208,1,train
D01572,P01368,0,train
D00035,P00629,1,train
D01573,P01031,0,train
D00878,P01293,0,train
D01382,P00937,0,train
D01168,P01369,0,train
D00093,P00042,1,train
D00496,P01370,0,train
D00035,P00380,1,train
D00700,P01371,1,train
D01574,P01372,1,train
D01575,P01373,0,train
D01576,P00015,1,train
D01577,P00026,1,train
D01578,P00042,1,train
D01579,P00808,0,train
D00742,P01121,0,train
D00748,P01374,1,train
D00081,P00333,1,train
D00107,P01173,1,train
D01580,P00244,1,train
D00508,P00082,0,train
D01581,P01375,0,train
D01582,P00312,1,train
D01233,P00690,0,train
D01583,P00365,1,train
D01584,P01376,0,train
D00714,P01114,0,train
D01577,P00026,1,train
D00035,P01377,1,train
D01585,P00742,1,train
D01586,P00276,1,train
D00412,P01209,0,train
D01587,P00023,0,train
D00330,P00015,1,train
D00894,P01378,0,train
D00684,P00042,1,train
D01588,P01379,0,train
D01589,P00015,1,train
D01590,P00930,0,train
D00354,P00938,0,train
D01591,P00066,0,train
D01504,P01226,0,train
D01592,P01380,0,train
D00402,P00015,1,train
D00931,P01381,0,train
D00579,P00058,1,train
D01593,P00508,0,train
D01594,P01382,0,train
D00546,P00598,0,train
D00748,P00051,1,train
D01595,P01359,0,train
D01367,P00220,1,train
D00639,P01338,0,train
D00137,P00042,1,train
D01151,P01383,0,train
D01596,P01021,1,train
D01368,P00820,0,train
D01392,P01382,0,train
D00317,P00161,0,train
D01597,P00129,1,train
D00385,P00158,1,train
D01598,P01384,0,train
D01599,P01024,1,train
D00673,P00445,0,train
D01600,P01385,0,train
D00349,P00015,1,train
D01493,P01328,0,train
D01444,P00266,1,train
D00466,P00424,0,train
D00827,P00051,0,train
D00014,P00357,0,train
D01601,P01386,0,train
D00983,P01387,0,train
D01602,P00069,0,train
D00080,P01388,1,train
D00035,P01389,1,train
D01603,P01390,0,train
D01604,P01391,0,train
D01605,P00266,1,train
D00077,P00486,1,train
D01606,P00387,0,train
D01607,P00537,1,train
D00888,P00316,0,train
D00081,P01392,1,train
D01137,P00561,0,train
D01415,P01393,0,train
D00047,P00975,0,train
D00107,P00042,1,train
D00129,P01394,1,train
D01608,P00881,0,train
D01609,P01395,0,train
D01062,P01396,0,train
D01610,P00134,0,train
D01611,P00531,0,train
D01612,P01397,1,train
D01613,P01015,0,train
D01614,P00094,1,train
D01517,P00503,0,train
D01113,P00913,0,train
D01615,P00083,0,train
D01616,P01398,0,train
D00137,P00042,1,train
D01617,P00732,0,train
D00468,P01399,0,train
D00136,P00211,0,train
D00637,P01400,1,train
D01618,P00342,1,train
D00272,P00014,0,train
D00586,P01027,0,train
D01619,P01375,0,train
D00080,P01401,1,train
D01620,P00084,1,train
D00002,P00843,1,train
D00281,P00015,1,train
D01345,P00098,1,train
D01621,P00984,1,train
D01622,P01402,1,train
D00178,P00515,1,train
D00963,P00069,1,train
D01623,P00365,1,train
D00311,P00325,0,train
D01624,P00026,1,train
D00081,P01403,1,train
D01625,P01404,0,train
D01626,P00572,0,train
D01627,P00955,0,train
D01628,P01129,1,train
D00875,P00627,1,train
D01345,P00098,1,train
D01629,P00764,0,train
D01592,P00248,0,train
D01479,P00244,1,train
D00502,P00388,0,train
D01630,P00128,1,train
D01631,P00874,0,train
D01289,P00102,0,train
D00745,P00817,0,train
D00680,P00015,1,train
D00002,P01129,1,train
D00897,P00179,1,train
D00508,P00474,0,train
D01632,P01405,0,train
D00556,P01039,0,train
D01633,P01406,0,train
D00954,P00383,1,train
D01271,P00150,0,train
D01634,P00486,0,train
D00390,P00015,1,train
D00107,P00065,1,train
D00728,P01407,1,train
D01635,P01076,0,train
D01636,P00179,1,train
D00628,P01408,0,train
D00037,P01323,0,train
D01443,P00042,1,train
D00035,P00997,1,train
D00193,P00038,1,train
D00011,P01409,0,train
D01223,P00015,1,train
D01637,P01029,0,train
D01638,P00010,1,train
D01639,P00325,0,train
D00215,P00943,0,train
D00008,P01410,0,train
D00061,P01200,0,train
D01640,P01309,0,train
D00015,P00015,1,train
D01641,P00015,1,train
D01642,P00010,1,train
D01072,P01411,0,train
D01643,P00339,1,train
D00073,P00015,1,train
D00080,P00797,1,train
D00035,P00275,1,train
D00963,P00015,1,train
D00002,P00709,1,train
D00495,P00042,1,train
D01301,P00015,1,train
D01151,P00605,0,train
D01644,P00042,1,train
D00557,P00015,1,train
D00081,P00512,1,train
D01645,P01412,0,train
D00793,P00508,0,train
D01646,P00328,0,train
D00081,P00629,1,train
D01647,P00042,1,train
D00002,P00537,1,train
D01648,P00486,1,train
D01649,P01411,0,train
D00091,P00781,0,train
D01650,P00815,1,train
D01135,P00245,0,train
D01651,P00815,1,train
D00338,P00617,0,train
D00035,P00339,1,train
D01652,P00015,1,train
D01415,P01413,0,train
D00127,P00623,0,train
D00002,P01414,1,train
D00432,P01252,0,train
D00019,P01415,0,train
D00066,P00015,1,train
D00340,P01068,0,train
D01653,P01416,0,train
D00330,P00015,1,train
D01654,P01417,0,train
D01276,P01333,0,train
D01642,P01166,1,train
D01655,P00997,1,train
D00286,P01418,0,train
D00002,P00456,1,train
D00307,P00042,1,train
D00114,P01419,1,train
D00307,P00566,1,train
D00130,P00731,1,train
D01656,P00419,0,train
D00172,P01420,1,train
D01657,P00480,0,train
D00081,P01421,1,train
D00379,P00499,0,train
D00035,P01116,1,train
D01390,P00015,1,train
D00055,P00015,1,train
D00597,P00519,0,train
D01658,P00275,1,train
D00955,P00266,0,train
D01659,P00042,1,train
D01660,P00038,1,train
D00809,P01209,0,train
D00264,P00557,0,train
D01238,P00766,0,train
D01661,P01294,0,train
D01662,P01422,0,train
D01663,P01423,0,train
D01664,P01424,0,train
D00442,P00254,1,train
D00002,P01425,1,train
D00129,P00038,1,train
D00423,P01426,0,train
D00526,P00808,0,train
D00792,P01427,0,train
D00002,P01428,1,train
D01665,P00091,0,train
D00392,P00469,0,train
D00032,P00960,0,train
D00007,P00727,0,train
D00172,P01429,1,train
D00453,P00931,0,train
D00046,P00180,0,train
D01156,P01416,0,train
D00655,P00754,0,train
D00002,P01430,1,train
D01666,P01431,0,train
D00137,P00065,1,train
D00081,P00408,1,train
D00670,P00110,0,train
D00679,P00042,1,train
D01266,P00042,1,train
D01637,P00802,0,train
D00969,P01432,0,train
D01667,P01433,0,train
D01371,P00694,0,train
D00225,P01434,0,train
D01668,P01422,1,train
D00002,P01349,1,train
D00231,P01435,0,train
D00406,P00015,1,train
D01669,P00312,1,train
D01670,P00783,0,train
D01671,P00042,1,train
D00586,P01436,0,train
D01672,P01106,0,train
D01673,P00668,0,train
D01674,P00251,0,train
D00261,P00006,1,train
D01536,P01151,0,train
D01174,P01437,0,train
D00037,P00111,0,train
D01675,P00088,1,train
D01595,P01438,0,train
D00106,P01439,1,train
D00137,P00603,1,train
D01072,P01440,0,train
D01676,P00508,0,train
D00515,P00934,1,train
D00019,P00703,0,train
D00689,P00625,1,train
D01677,P00184,0,train
D01459,P01441,0,train
D00204,P00237,1,train
D01678,P00429,0,train
D01679,P01442,0,train
D00002,P01443,1,train
D01680,P01444,1,train
D00746,P00641,0,train
D00827,P01445,0,train
D00710,P00417,0,train
D01313,P01446,0,train
D00035,P01447,1,train
D01681,P01234,0,train
D00825,P00042,1,train
D00626,P00214,0,train
D01682,P00508,0,train
D00591,P01448,0,train
D00982,P00849,1,train
D01683,P01242,0,train
D01320,P00001,0,train
D01029,P01189,0,train
D01684,P00183,0,train
D01685,P00182,1,train
D01686,P00309,0,train
D01687,P00174,0,train
D00276,P00616,1,train
D00625,P01449,0,train
D00330,P00015,1,train
D00002,P00646,1,train
D01688,P00015,1,train
D01104,P01450,0,train
D00081,P00330,1,train
D00261,P01451,1,train
D01570,P01278,0,train
D01183,P01452,0,train
D00081,P01453,1,train
D01689,P00913,0,train
D00237,P00147,0,train
D01168,P01338,0,train
D01687,P01454,0,train
D01690,P00556,1,train
D01691,P00848,0,train
D01692,P01003,1,train
D00637,P00909,1,train
D00106,P01455,1,train
D00002,P00590,1,train
D01693,P00098,1,train
D01694,P00416,0,train
D01269,P00078,0,train
D00556,P00208,0,train
D00538,P01352,0,train
D01695,P00274,1,train
D01696,P00015,1,train
D01697,P00016,1,train
D00767,P00015,1,train
D01698,P01242,0,train
D01699,P01301,0,train
D00035,P00900,1,train
D01700,P00098,1,train
D01558,P00613,0,train
D00172,P00042,1,train
D00358,P00656,0,train
D00499,P01456,1,train
D01701,P00437,0,train
D01702,P01457,0,train
D01703,P00402,0,train
D00696,P00020,0,train
D00261,P00646,1,train
D00130,P00731,1,train
D00555,P00785,0,train
D00509,P00334,0,train
D01704,P00229,0,train
D00448,P00640,1,train
D00218,P00015,1,train
D01007,P00418,0,train
D00428,P00042,1,train
D00989,P00299,0,train
D01705,P00778,1,train
D00330,P00365,1,train
D00081,P01458,1,train
D00658,P00952,1,train
D01706,P01169,0,train
D01707,P01007,0,train
D01708,P00207,1,train
D00778,P01459,0,train
D00081,P01460,1,train
D01590,P01461,0,train
D00644,P01252,0,train
D01709,P00540,0,train
D00802,P01141,0,train
D00282,P00026,1,train
D01710,P00508,0,train
D01545,P00618,0,train
D00002,P00646,1,train
D01711,P01432,0,train
D00474,P01052,0,train
D00347,P00968,0,train
D00130,P00599,1,train
D00002,P00243,1,train
D01712,P01462,0,train
D00138,P00015,1,train
D01477,P01463,0,train
D00552,P00447,0,train
D00019,P00142,0,train
D00890,P00603,1,train
D01713,P00737,1,train
D00878,P00871,0,train
D00035,P01458,1,train
D00172,P01464,1,train
D00954,P00281,1,train
D00765,P00084,1,train
D00148,P01465,0,train
D00297,P00764,0,train
D01248,P01466,1,train
D00107,P00042,1,train
D01714,P00414,1,train
D01715,P00196,1,train
D01716,P00309,0,train
D01270,P00015,1,train
D00805,P00109,0,train
D00035,P01467,1,train
D01717,P00833,0,train
D01718,P00010,1,train
D01672,P00447,0,train
D01719,P00508,0,train
D01720,P00135,0,train
D01721,P01468,1,train
D00093,P01173,1,train
D01722,P01469,1,train
D00002,P00098,1,train
D01019,P01470,0,train
D01723,P00078,0,train
D00696,P01011,0,train
D00303,P01092,0,train
D01724,P00312,1,train
D01403,P00025,0,train
D01725,P00042,1,train
D01460,P00586,0,train
D01726,P00199,0,train
D00258,P00298,0,train
D00650,P00042,1,train
D00463,P00239,1,train
D00098,P01228,0,train
D01161,P00657,0,train
D01483,P00219,1,train
D00518,P00849,1,train
D00524,P00068,1,train
D00201,P00077,0,train
D00019,P01471,0,train
D00081,P01472,1,train
D01135,P01095,0,train
D01727,P00442,0,train
D00728,P00490,1,train
D00035,P00616,1,train
D00451,P01473,0,train
D00081,P00658,1,train
D01728,P01118,0,train
D01304,P00275,1,train
D00301,P01474,0,train
D01729,P00026,1,train
D01730,P00356,0,train
D00648,P00473,1,train
D01731,P01475,0,train
D01732,P01092,0,train
D00093,P00042,1,train
D01733,P01476,0,train
D01734,P01477,0,train
D01477,P01478,0,train
D00225,P01367,0,train
D00106,P00042,1,train
D01735,P00943,0,train
D01736,P00009,0,train
D01737,P00033,0,train
D00339,P00131,0,train
D00669,P01479,0,train
D00380,P00042,1,train
D00093,P00042,1,train
D01738,P00051,1,train
D00529,P00042,1,train
D00495,P00410,1,train
D01677,P00518,0,train
D01441,P00548,0,train
D00035,P00248,1,train
D01739,P01480,0,train
D00081,P01418,1,train
D01740,P00042,1,train
D00196,P00362,0,train
D00172,P00153,1,train
D01741,P00939,0,train
D00329,P00015,1,train
D01742,P00806,0,train
D00337,P01481,0,train
D00508,P01482,0,train
D01743,P00266,1,train
D00797,P00026,1,train
D01263,P00715,0,train
D01744,P01483,0,train
D01745,P00796,0,train
D00081,P01208,1,train
D00930,P01484,1,train
D00606,P00015,1,train
D01746,P01244,0,train
D00914,P00042,1,train
D00093,P00042,1,train
D01747,P00239,1,train
D01168,P00279,0,train
D01298,P00015,1,train
D01253,P00858,0,train
D00621,P00187,0,train
D00002,P00982,1,train
D01199,P00603,1,train
D01748,P01334,0,train
D00488,P00015,1,train
D00081,P00136,1,train
D01348,P01279,0,train
D01749,P01412,0,train
D00002,P01485,1,train
D00081,P00160,1,train
D01750,P00309,1,train
D01135,P00387,0,train
D01388,P01486,0,train
D01403,P01390,0,train
D01751,P01487,0,train
D00002,P00010,1,train
D00910,P00200,0,train
D00035,P00962,1,train
D00002,P01488,1,train
D01197,P00706,0,train
D00081,P00039,1,train
D00860,P00858,0,train
D01752,P01489,0,train
D01753,P01490,0,train
D00548,P00494,1,train
D01754,P00427,0,train
D00982,P00400,1,train
D01755,P01491,0,train
D01756,P00010,1,train
D00627,P00266,0,train
D01757,P00715,0,train
D00035,P01492,1,train
D01758,P00015,1,train
D01759,P00796,0,train
D00035,P01493,1,train
D01760,P00015,1,train
D00107,P01261,1,train
D00502,P00060,0,train
D00508,P01112,0,train
D01150,P00298,0,train
D00081,P01422,1,train
D01761,P01494,0,train
D01762,P01495,0,train
D01058,P00088,1,train
D00950,P01496,0,train
D00035,P00466,1,train
D00745,P01497,0,train
D00379,P00031,0,train
D00483,P01209,0,train
D01763,P00998,0,train
D00652,P00042,1,train
D00560,P00921,0,train
D00748,P00843,1,train
D00081,P00658,1,train
D00323,P01498,1,train
D01764,P00083,0,train
D00912,P00026,1,train
D01233,P01446,0,train
D01765,P01499,0,train
D00106,P00457,1,train
D00821,P01500,0,train
D00094,P00555,0,train
D00016,P00239,1,train
D01766,P01279,0,train
D01598,P00817,0,train
D00198,P01501,0,train
D01206,P00365,1,train
D01238,P01502,0,train
D00327,P00878,0,train
D01057,P00429,0,train
D01767,P01503,0,train
D01768,P00509,0,train
D01769,P01504,1,train
D00646,P00015,1,train
D01770,P00244,1,train
D00915,P00965,0,train
D01771,P00208,0,train
D00107,P00211,1,train
D00081,P00234,1,train
D00621,P00609,0,train
D01772,P01505,0,train
D01182,P00501,0,train
D00194,P01173,1,train
D00035,P01506,1,train
D00481,P00859,0,train
D00194,P01507,1,train
D00035,P00646,1,train
D01773,P01508,0,train
D00225,P01038,0,train
D01774,P00732,0,train
D01775,P00968,0,train
D00172,P01509,1,train
D01776,P01051,0,train
D01438,P00697,1,train
D01777,P00352,0,train
D00007,P00176,0,train
D01778,P00550,0,train
D01668,P01510,1,train
D01779,P00393,0,train
D01623,P00365,1,train
D01444,P00688,1,train
D01780,P00401,0,train
D01781,P01511,0,train
D00056,P00015,1,train
D00625,P01512,0,train
D00291,P00109,0,train
D00147,P00592,0,train
D01782,P00528,0,train
D01783,P00500,0,train
D00518,P00400,1,train
D01784,P00042,1,train
D00172,P01513,1,train
D01785,P00083,0,train
D00035,P00113,1,train
D01786,P00039,1,train
D01787,P01514,0,train
D00558,P00015,1,train
D01788,P00038,1,train
D01789,P01515,0,train
D00081,P00940,1,train
D00383,P00481,0,train
D01790,P00055,0,train
D00093,P00936,1,train
D01791,P01516,0,train
D01792,P00309,1,train
D00060,P00557,0,train
D01793,P01517,0,train
D00019,P01518,0,train
D00130,P00042,1,train
D01794,P00347,1,train
D01793,P01519,0,train
D00130,P01520,1,train
D01310,P00182,0,train
D00928,P01483,0,train
D01795,P00187,1,train
D01796,P01521,1,train
D00307,P00042,1,train
D01470,P01235,0,train
D00228,P00844,1,train
D01415,P01502,0,train
D00130,P00515,1,train
D01797,P00817,0,train
D01798,P01334,0,train
D00035,P01522,1,train
D00896,P00879,1,train
D00196,P01461,0,train
D01238,P00212,0,train
D00165,P00015,1,train
D00035,P00788,1,train
D01799,P01523,0,train
D00412,P00350,0,train
D01800,P00852,1,train
D00307,P00042,1,train
D01801,P00028,1,train
D00019,P01524,0,train
D00276,P01525,1,train
D00019,P00214,0,train
D01802,P00015,1,train
D01803,P00862,1,train
D01804,P00364,1,train
D01805,P00496,1,train
D00032,P01526,0,train
D01806,P00743,0,train
D01807,P00026,1,train
D01808,P00322,0,train
D01809,P00315,0,train
D00148,P00542,0,train
D01810,P01527,0,train
D00055,P00015,1,train
D00291,P01235,0,train
D00080,P00573,1,train
D00777,P00090,1,train
D01337,P00010,1,train
D01811,P01528,0,train
D00197,P00134,0,train
D00080,P01002,1,train
D01812,P00422,1,train
D01813,P00778,1,train
D01051,P00015,1,train
D00983,P01529,0,train
D01814,P00347,1,train
D01783,P01530,0,train
D00508,P00358,0,train
D01815,P00042,1,train
D01816,P00902,0,train
D01817,P00620,0,train
D01818,P01531,0,train
D00556,P01146,0,train
D00331,P01474,0,train
D01819,P00051,1,train
D00171,P00042,1,train
D00373,P00195,1,train
D00202,P00545,0,train
D01742,P01398,0,train
D01820,P00240,1,train
D01821,P01003,1,train
D01822,P00997,1,train
D00264,P00441,0,train
D00035,P01532,1,train
D00950,P01533,0,train
D01823,P01235,0,train
D00749,P01534,0,train
D00189,P00042,1,train
D01824,P01535,0,train
D00114,P00777,1,train
D01825,P00874,0,train
D00156,P00594,0,train
D00787,P00026,1,train
D00311,P01534,0,train
D01826,P00042,1,train
D01827,P00306,0,train
D00574,P00275,1,train
D00035,P00658,1,train
D01828,P00268,1,train
D00645,P01099,0,train
D01829,P00091,0,train
D01830,P00789,0,train
D00081,P01536,1,train
D00258,P00696,0,train
D00107,P00390,1,train
D01456,P00462,0,train
D00171,P00383,1,train
D00464,P00015,1,train
D01022,P00682,0,train
D00083,P00015,1,train
D00888,P01537,0,train
D01673,P01105,0,train
D00019,P00356,0,train
D01211,P00628,0,train
D01349,P01354,0,train
D00412,P01538,0,train
D01831,P00543,0,train
D00002,P01056,1,train
D01410,P00688,1,train
D00547,P01267,0,train
D00019,P00985,0,train
D01832,P01539,0,train
D01007,P00030,0,train
D01833,P01540,0,train
D00081,P00994,1,train
D00930,P00422,1,train
D00671,P01541,1,train
D00241,P01409,0,train
D01834,P01432,0,train
D01835,P00015,1,train
D00002,P01270,1,train
D00035,P00275,1,train
D01836,P00129,1,train
D01378,P01542,1,train
D00428,P00182,1,train
D00002,P00414,1,train
D00397,P01101,0,train
D00579,P00418,1,train
D01837,P00923,0,train
D01838,P00623,0,train
D00878,P00884,0,train
D01223,P00015,1,train
D00035,P00153,1,train
D01839,P00182,0,train
D01840,P00112,1,train
D01841,P01543,0,train
D01538,P00284,0,train
D01842,P00042,1,train
D01843,P00010,1,train
D00081,P01544,1,train
D01844,P01545,0,train
D01125,P00148,1,train
D00129,P00170,1,train
D00019,P00934,0,train
D00081,P00658,1,train
D00903,P00332,0,train
D00055,P00015,1,train
D00478,P00045,0,train
D00157,P01390,0,train
D00625,P00871,0,train
D01466,P00254,0,train
D00037,P00093,0,train
D01168,P00571,0,train
D00035,P00778,1,train
D00945,P00673,0,train
D01311,P00457,0,train
D00002,P00240,1,train
D00077,P00239,1,train
D00493,P00261,0,train
D00251,P00392,0,train
D00767,P00069,1,train
D01845,P00015,1,train
D01846,P00893,0,train
D01847,P00015,1,train
D00107,P00042,1,train
D01848,P00088,1,train
D00172,P01546,1,train
D00002,P01547,1,train
D00035,P00306,1,train
D00924,P01548,1,train
D01849,P00064,1,train
D00145,P00778,1,train
D00035,P01525,1,train
D00950,P01368,0,train
D01850,P00625,0,train
D01851,P01549,1,train
D01852,P00094,1,train
D00575,P00299,0,train
D01853,P00955,0,train
D01129,P00444,0,train
D01853,P01332,1,train
D01773,P00812,0,train
D01664,P00625,0,train
D00093,P00284,1,train
D01854,P01550,0,train
D01855,P00275,1,train
D00081,P00068,1,train
D00339,P00897,0,train
D00011,P01551,0,train
D01856,P00079,0,train
D00640,P00629,1,train
D01857,P00301,0,train
D00081,P01372,1,train
D00896,P00042,1,train
D01858,P00015,1,train
D00035,P00607,1,train
D00093,P00936,1,train
D00748,P00360,1,train
D00002,P00692,1,train
D01859,P00042,1,train
D01860,P01552,0,train
D01861,P00494,1,train
D00002,P00341,1,train
D01862,P01080,0,train
D00705,P00934,0,train
D01863,P01553,0,train
D00954,P01554,1,train
D01864,P01238,0,train
D00518,P01555,1,train
D01235,P00207,1,train
D01311,P01556,0,train
D01273,P00042,1,train
D01865,P01557,1,train
D00093,P01219,1,train
D01866,P01558,0,train
D01867,P00221,1,train
D00616,P00540,1,train
D00155,P00060,0,train
D01135,P00755,0,train
D01868,P00041,0,train
D01869,P01559,0,train
D01352,P01232,0,train
D01079,P00934,0,train
D00921,P00303,0,train
D00617,P00365,1,train
D01048,P01560,1,train
D00845,P00042,1,train
D00817,P00054,0,train
D01870,P00341,1,train
D00127,P01125,0,train
D00114,P00749,1,train
D01642,P01166,1,train
D00789,P00015,1,train
D00107,P00400,1,train
D00218,P00015,1,train
D01871,P00256,0,train
D01872,P00010,1,train
D01873,P00015,1,train
D01825,P01537,0,train
D01770,P00778,1,train
D00513,P00222,0,train
D00002,P01561,1,train
D00259,P01562,0,train
D01874,P00240,1,train
D00172,P00314,1,train
D01875,P00393,0,train
D01876,P00232,1,train
D00093,P00390,1,train
D00431,P01563,0,train
D00002,P01564,1,train
D00708,P00186,0,train
D01877,P00568,0,train
D01040,P00147,0,train
D00002,P00010,1,train
D01112,P00167,0,train
D01878,P01014,0,train
D00081,P00658,1,train
D00303,P01565,0,train
D01213,P00222,0,train
D00311,P01129,0,train
D01105,P01566,0,train
D01879,P00932,0,train
D00249,P00026,1,train
D00590,P01567,0,train
D01880,P01022,0,train
D01881,P00244,1,train
D01882,P01185,0,train
D01883,P00042,1,train
D00471,P01243,1,train
D01233,P00021,0,train
D01160,P01457,0,train
D00091,P00744,0,train
D01348,P01568,0,train
D01536,P00303,0,train
D00210,P01478,0,train
D00748,P01569,1,train
D01884,P00134,0,train
D00035,P01570,1,train
D00035,P00408,1,train
D00035,P01349,1,train
D01022,P00891,0,train
D01662,P00703,0,train
D00035,P01331,1,train
D01211,P01571,0,train
D00218,P00015,1,train
D01834,P00536,0,train
D00750,P01572,0,train
D00515,P00862,1,train
D00035,P01573,1,train
D00386,P01412,0,train
D01885,P00220,1,train
D00600,P00244,1,train
D00000,P01445,0,train
D01135,P01574,0,train
D00035,P01575,1,train
D01429,P00148,1,train
D00495,P00275,1,train
D01048,P01576,1,train
D00205,P00110,0,train
D01886,P01533,0,train
D01887,P00897,0,train
D00785,P01577,0,train
D01316,P00015,1,train
D00037,P01295,0,train
D01829,P00799,0,train
D01015,P00549,0,train
D00035,P00220,1,train
D00145,P01576,1,train
D01888,P00010,1,train
D01803,P00815,1,train
D00597,P01578,0,train
D00106,P00777,1,train
D00025,P00862,1,train
D00035,P00312,1,train
D01889,P00248,0,train
D01890,P01579,0,train
D00493,P00280,0,train
D01891,P01199,1,train
D01892,P00081,1,train
D00463,P00647,1,train
D01701,P00536,0,train
D01893,P01553,0,train
D00495,P00097,1,train
D01813,P00778,1,train
D00037,P01580,0,train
D00042,P00383,1,train
D01894,P00282,1,train
D00117,P00947,0,train
D01018,P00389,1,train
D00194,P01581,1,train
D00534,P00531,0,train
D00062,P00972,0,train
D00556,P00424,0,train
D01895,P00623,0,train
D01896,P00676,0,train
D01897,P00015,1,train
D00035,P00098,1,train
D01898,P00975,0,train
D00981,P00039,1,train
D00890,P00042,1,train
D00716,P00026,1,train
D01899,P01582,0,train
D00006,P00721,1,train
D00989,P01424,0,train
D01900,P00042,1,train
D00035,P01583,1,train
D01901,P00964,0,train
D01004,P00026,1,train
D01902,P01413,0,train
D01054,P01584,0,train
D00076,P00758,0,train
D00749,P00598,0,train
D00157,P01585,0,train
D00860,P00531,0,train
D01903,P00015,1,train
D01809,P01535,0,train
D00694,P01586,1,train
D00586,P00177,0,train
D01904,P00042,1,train
D00186,P01587,0,train
D00008,P01306,0,train
D01905,P00798,1,train
D00950,P01060,0,train
D00700,P00275,1,train
D00272,P00387,0,train
D00035,P01199,1,train
D00947,P01588,0,train
D01906,P01589,1,train
D01127,P00015,1,train
D00983,P00088,0,train
D00357,P01061,0,train
D01907,P00010,1,train
D01908,P00280,0,train
D01090,P01590,0,train
D00960,P01591,0,train
D00976,P00051,0,train
D01478,P00015,1,train
D01909,P00222,1,train
D00081,P01592,1,train
D00574,P00410,1,train
D01910,P00025,0,train
D01911,P00232,1,train
D00107,P00042,1,train
D00560,P00078,0,train
D01912,P00495,0,train
D00517,P00015,1,train
D01458,P01593,0,train
D00289,P00608,0,train
D00019,P00931,0,train
D01623,P00015,1,train
D00172,P01594,1,train
D01522,P00216,0,train
D00624,P00048,0,train
D01886,P01595,0,train
D00557,P00069,1,train
D00932,P01596,0,train
D00002,P00908,1,train
D00044,P00268,0,train
D00954,P00244,1,train
D01913,P00240,1,train
D00043,P01078,0,train
D01764,P00925,0,train
D01914,P01597,0,train
D00366,P00219,1,train
D00217,P01598,0,train
D01840,P00997,1,train
D00860,P01279,0,train
D00002,P00414,1,train
D00809,P01086,0,train
D00035,P01166,1,train
D00421,P01074,1,train
D00624,P00327,0,train
D01781,P01599,0,train
D01915,P00353,0,train
D01800,P00220,1,train
D00081,P01600,1,train
D00062,P00334,0,train
D01916,P00312,1,train
D00894,P01601,0,train
D01066,P00239,1,train
D00035,P01602,1,train
D01797,P01603,0,train
D01917,P00128,1,train
D01112,P01604,0,train
D01918,P00772,0,train
D01919,P01569,1,train
D01920,P00098,1,train
D00081,P01605,1,train
D00093,P00515,1,train
D01730,P00218,0,train
D00733,P01571,0,train
D00765,P00997,1,train
D01531,P01169,0,train
D00883,P00322,0,train
D00300,P01358,0,train
D00035,P01606,1,train
D00617,P00015,1,train
D00630,P00015,1,train
D01058,P00174,1,train
D00130,P00088,1,train
D01233,P00846,0,train
D01662,P00525,0,train
D00217,P00771,0,train
D01206,P00016,1,train
D01855,P00042,1,train
D01921,P00507,0,train
D01922,P01441,0,train
D01923,P01607,0,train
D00002,P00042,1,train
D00825,P00889,1,train
D01214,P00585,0,train
D00081,P00658,1,train
D01924,P00457,1,train
D00103,P00754,0,train
D01925,P00227,1,train
D01606,P00210,0,train
D01338,P00158,1,train
D00035,P01608,1,train
D01661,P00315,0,train
D00728,P00515,1,train
D01926,P00458,0,train
D01123,P01345,0,train
D00972,P01609,0,train
D00035,P00953,1,train
D01349,P01146,0,train
D00217,P01610,0,train
D01187,P00269,0,train
D00081,P00352,1,train
D00887,P00026,1,train
D01758,P00015,1,train
D00570,P00531,0,train
D00093,P00541,1,train
D01027,P01524,0,train
D00129,P00709,1,train
D01927,P00038,1,train
D01928,P00244,1,train
D01036,P00015,1,train
D01929,P00038,1,train
D01592,P00478,0,train
D01930,P01611,0,train
D00371,P00611,0,train
D00860,P00883,0,train
D01931,P00181,0,train
D00183,P00015,1,train
D01263,P00537,0,train
D01825,P01612,0,train
D01932,P00015,1,train
D00825,P00042,1,train
D01878,P00036,0,train
D01359,P01613,0,train
D01933,P00434,1,train
D01934,P01614,0,train
D00742,P01151,0,train
D00171,P00275,1,train
D00002,P01615,1,train
D01935,P01373,0,train
D01263,P01616,0,train
D00146,P00051,0,train
D01936,P00015,1,train
D01937,P00042,1,train
D01938,P01454,0,train
D00574,P01261,1,train
D01939,P01617,0,train
D00032,P00241,0,train
D01940,P00984,1,train
D00081,P00825,1,train
D00474,P00978,0,train
D01004,P00026,1,train
D01941,P00747,0,train
D01942,P01618,0,train
D00134,P00554,0,train
D01943,P00016,1,train
D01944,P00631,1,train
D00035,P00958,1,train
D01008,P00088,1,train
D00002,P01619,1,train
D01945,P00556,1,train
D00107,P00697,1,train
D01836,P00361,0,train
D01544,P01610,0,train
D01313,P00282,0,train
D01246,P00634,0,train
D01946,P00104,1,train
D01947,P00722,0,train
D00130,P00646,1,train
D01948,P00654,0,train
D01949,P00170,1,train
D00883,P01136,0,train
D00081,P01620,1,train
D01950,P00231,0,train
D01187,P00596,0,train
D01706,P00678,0,train
D01951,P00178,1,train
D00636,P00370,0,train
D00081,P00011,1,train
D00729,P01621,0,train
D00212,P00202,1,train
D01952,P00763,0,train
D00002,P00148,1,train
D00114,P00777,1,train
D01953,P01233,0,train
D01954,P00996,0,train
D01955,P00026,1,train
D00081,P00039,1,train
D01956,P00568,0,train
D00093,P00603,1,train
D00035,P01403,1,train
D00328,P00815,1,train
D00616,P01060,1,train
D00081,P00791,1,train
D01957,P01622,0,train
D01958,P01623,0,train
D00354,P01185,0,train
D01959,P00455,0,train
D01960,P01038,0,train
D00081,P00658,1,train
D00574,P00603,1,train
D00548,P00494,1,train
D01961,P00091,0,train
D01962,P00015,1,train
D01963,P00015,1,train
D00339,P01417,0,train
D01964,P01624,0,train
D01965,P00220,1,train
D00797,P00026,1,train
D00511,P01625,0,train
D01003,P00457,1,train
D00832,P00098,1,train
D01966,P01195,0,train
D00442,P00042,1,train
D00244,P01190,0,train
D00137,P00711,1,train
D01967,P01626,0,train
D01960,P00187,0,train
D00004,P00572,0,train
D01673,P00832,0,train
D00035,P00306,1,train
D01968,P00042,1,train
D01969,P00778,1,train
D00521,P00015,1,train
D00930,P00113,1,train
D00008,P01257,0,train
D01649,P00404,0,train
D00589,P01129,1,train
D01534,P01627,0,train
D01085,P00508,0,train
D01022,P00182,0,train
D01970,P00621,0,train
D00292,P00027,0,train
D01971,P01279,0,train
D00081,P00125,1,train
D01972,P00644,0,train
D01973,P00166,1,train
D00471,P01628,1,train
D00035,P00153,1,train
D01187,P00555,0,train
D00106,P00153,1,train
D00396,P01629,0,train
D01974,P00508,0,train
D00080,P00709,1,train
D00549,P01279,0,train
D00962,P00046,0,train
D01975,P00069,1,train
D01531,P00258,0,train
D00820,P00387,0,train
D00081,P01630,1,train
D00172,P00125,1,train
D01976,P00693,0,train
D00888,P01631,0,train
D01429,P00456,1,train
D00339,P01632,0,train
D00312,P00253,0,train
D01977,P00130,0,train
D00035,P00199,1,train
D00081,P00940,1,train
D01978,P00496,1,train
D00466,P00258,0,train
D00586,P01633,0,train
D00677,P00167,1,train
D01979,P00207,1,train
D01980,P01634,0,train
D00081,P01498,1,train
D01981,P00143,0,train
D00093,P00042,1,train
D01982,P01635,0,train
D01983,P01021,1,train
D01626,P01636,0,train
D00249,P00026,1,train
D01984,P00377,0,train
D00303,P01637,0,train
D01985,P01625,0,train
D01915,P00638,0,train
D01986,P01375,0,train
D00044,P00708,0,train
D00093,P00367,1,train
D01025,P01638,0,train
D00825,P01173,1,train
D00106,P01639,1,train
D01987,P00026,1,train
D01988,P01356,0,train
D01989,P00261,0,train
D01990,P00661,1,train
D01991,P01533,0,train
D00521,P00565,1,train
D00008,P00223,0,train
D00137,P00367,1,train
D01992,P01640,0,train
D00225,P00605,0,train
D00435,P00709,1,train
D01993,P00038,1,train
D00093,P00042,1,train
D00037,P00538,0,train
D01994,P01641,0,train
D00259,P01162,0,train
D00802,P00004,0,train
D00035,P01642,1,train
D01489,P01013,1,train
D01390,P00015,1,train
D01023,P01643,0,train
D01040,P00181,0,train
D01995,P00069,1,train
D00242,P00880,1,train
D00780,P00187,0,train
D00002,P01644,1,train
D01643,P00697,1,train
D01996,P00038,1,train
D00002,P01645,1,train
D01997,P00042,1,train
D00714,P01646,0,train
D00563,P01198,0,train
D00726,P01197,0,train
D00926,P00885,0,train
D01998,P00742,1,train
D01999,P00510,0,train
D00799,P00109,0,train
D02000,P01647,0,train
D02001,P00042,1,train
D00002,P00155,1,train
D02002,P00042,1,train
D00035,P01018,1,train
D01248,P00810,1,train
D01145,P00297,0,train
D02003,P01624,0,train
D00002,P01274,1,train
D00728,P00560,1,train
D00272,P01648,0,train
D00002,P01649,1,train
D00825,P00059,1,train
D00757,P00430,0,train
D00525,P00015,1,train
D02004,P00275,1,train
D00515,P00667,1,train
D00097,P00016,1,train
D02005,P00261,0,train
D00447,P01650,1,train
D01412,P01651,0,train
D00422,P00006,0,train
D02006,P00647,1,train
D00422,P01153,0,train
D02007,P00359,0,train
D00962,P00170,0,train
D02008,P00091,0,train
D00297,P00776,0,train
D01922,P00035,0,train
D00081,P01652,1,train
D02009,P00042,1,train
D00201,P00109,0,train
D00171,P00042,1,train
D00137,P00889,1,train
D02010,P01110,1,train
D00875,P01653,1,train
D02011,P01636,0,train
D02012,P00804,0,train
D01793,P00200,0,train
D01374,P00849,0,train
D02013,P00038,1,train
D00261,P00658,1,train
D02014,P00427,0,train
D02015,P00148,0,train
D01057,P01598,0,train
D00171,P00827,1,train
D00035,P00428,1,train
D00107,P00879,1,train
D02016,P00042,1,train
D00223,P00263,0,train
D00002,P01654,1,train
D00002,P00646,1,train
D00081,P01451,1,train
D00608,P00015,1,train
D00146,P00300,0,train
D02017,P01655,0,train
D01293,P01656,0,train
D02018,P00010,1,train
D00081,P00742,1,train
D00081,P00042,1,train
D00556,P01657,0,train
D00390,P00015,1,train
D00790,P00015,1,train
D01605,P00015,1,train
D02019,P01658,0,train
D00904,P00015,1,train
D00424,P01175,0,train
D02020,P00283,1,train
D00014,P01026,0,train
D02021,P00804,0,train
D00081,P00042,1,train
D02022,P01086,0,train
D02023,P00285,0,train
D00921,P00004,0,train
D00733,P00382,0,train
D00002,P00929,1,train
D00684,P00015,1,train
D02024,P01659,0,train
D00515,P01660,1,train
D02025,P01661,0,train
D00493,P00209,0,train
D00696,P01004,0,train
D02026,P00064,1,train
D02027,P01662,0,train
D02028,P00748,0,train
D01371,P01663,0,train
D00035,P00153,1,train
D00002,P01664,1,train
D02029,P00042,1,train
D00746,P00526,0,train
D00508,P01665,0,train
D00258,P00326,0,train
D00337,P01666,0,train
D00090,P00214,0,train
D00147,P00369,0,train
D00099,P00060,0,train
D01637,P01667,0,train
D02030,P00713,0,train
D01861,P01052,1,train
D00838,P00517,0,train
D00300,P01176,0,train
D02011,P01467,0,train
D02031,P00170,1,train
D00948,P00545,0,train
D01335,P00654,0,train
D00783,P01628,1,train
D01048,P00724,1,train
D02032,P00042,1,train
D02033,P00753,0,train
D01058,P00042,1,train
D02034,P00015,1,train
D01503,P00010,1,train
D00713,P00015,1,train
D01085,P01668,0,train
D01106,P00069,1,train
D00130,P01669,1,train
D00127,P00224,0,train
D02035,P00674,1,train
D00405,P00015,1,train
D02036,P00026,0,train
D00423,P01539,0,train
D01323,P00992,0,train
D01233,P01218,0,train
D02037,P01004,0,train
D00546,P00908,0,train
D02038,P00283,1,train
D02039,P00925,1,train
D02040,P01043,0,train
D00081,P00658,1,train
D02041,P00875,0,train
D02042,P01182,0,train
D02043,P01670,0,train
D00002,P01671,1,train
D02015,P01661,0,train
D00551,P01298,0,train
D00710,P01672,0,train
D00190,P01092,0,train
D02044,P00925,1,train
D00961,P01510,0,train
D00834,P00030,0,train
D02045,P00111,1,train
D02046,P00015,1,train
D00471,P00604,1,train
D02047,P00012,0,train
D02048,P01024,1,train
D00035,P00026,1,train
D02049,P00118,0,train
D00062,P00232,0,train
D00008,P01297,0,train
D00883,P01614,0,train
D00002,P01673,1,train
D02050,P00904,0,train
D00563,P01085,0,train
D00093,P00383,1,train
D00002,P00540,1,train
D00712,P00201,0,train
D01896,P01674,0,train
D02051,P01491,0,train
D01878,P00333,0,train
D02052,P00015,1,train
D02053,P00473,0,train
D02054,P01137,0,train
D02055,P00756,0,train
D01224,P01634,0,train
D00081,P00327,1,train
D02056,P00015,1,train
D02057,P00031,0,train
D00105,P00766,0,train
D02058,P00223,1,train
D02059,P00365,1,train
D02060,P00444,0,train
D01583,P00015,1,train
D00019,P01675,0,train
D02061,P00098,1,train
D02062,P01676,0,train
D02063,P01677,0,train
D00317,P00110,0,train
D00447,P00042,1,train
D01077,P01278,0,train
D00137,P00198,1,train
D00447,P01678,1,train
D00035,P00376,1,train
D00140,P00128,1,train
D00399,P00104,1,train
D00557,P00015,1,train
D00658,P00051,1,train
D02064,P00383,0,train
D02065,P00585,0,train
D00081,P01679,1,train
D00761,P01680,0,train
D02066,P00481,1,train
D00312,P00038,0,train
D02067,P00069,1,train
D01444,P00560,1,train
D02068,P00514,1,train
D00107,P00275,1,train
D02069,P00098,1,train
D02070,P00429,0,train
D00273,P00186,0,train
D01880,P01681,0,train
D00035,P01682,1,train
D00059,P01509,1,train
D00349,P00015,1,train
D00163,P00026,1,train
D01902,P00809,0,train
D01825,P01683,0,train
D00322,P01684,0,train
D02071,P00924,0,train
D02072,P01218,0,train
D01218,P00026,1,train
D00348,P01685,0,train
D01493,P01095,0,train
D00839,P00015,1,train
D00106,P00211,1,train
D01076,P00631,1,train
D00035,P00503,1,train
D00081,P01549,1,train
D00002,P01686,1,train
D00132,P00162,0,train
D00848,P00855,0,train
D00556,P00992,0,train
D02073,P00957,0,train
D01665,P01687,0,train
D02074,P00042,1,train
D00579,P00910,1,train
D00188,P00026,1,train
D01114,P01107,0,train
D00107,P00515,1,train
D00945,P01067,0,train
D00488,P00015,1,train
D00114,P01066,1,train
D02075,P00170,1,train
D00474,P01032,0,train
D00745,P01391,0,train
D00967,P00499,0,train
D01115,P00676,0,train
D00679,P00042,1,train
D01768,P01688,0,train
D00035,P01689,1,train
D02076,P01361,0,train
D02077,P00069,1,train
D00404,P01690,0,train
D01233,P00233,0,train
D00002,P00039,1,train
D00002,P01691,1,train
D00518,P00541,1,train
D00081,P01692,1,train
D00002,P00026,1,train
D00615,P01436,0,train
D01460,P01693,0,train
D00137,P00927,1,train
D01902,P00732,0,train
D02078,P01242,0,train
D02079,P01165,0,train
D00025,P00357,1,train
D02080,P00052,1,train
D00300,P01694,0,train
D00369,P00998,0,train
D00433,P00026,1,train
D02081,P01695,1,train
D01487,P01667,0,train
D00716,P00026,1,train
D01062,P00460,0,train
D00145,P00054,1,train
D01838,P00370,0,train
D00081,P01696,1,train
D02082,P00015,1,train
D01456,P00443,0,train
D00138,P00158,1,train
D00856,P00211,0,train
D01161,P00961,0,train
D00324,P00281,1,train
D00383,P01465,0,train
D00878,P00971,0,train
D02083,P00098,1,train
D02084,P00976,1,train
D02085,P00778,1,train
D01222,P00294,1,train
D00714,P01563,0,train
D00059,P00952,1,train
D00680,P00908,0,train
D02086,P00042,1,train
D01659,P00470,1,train
D00002,P00760,1,train
D00081,P01697,1,train
D01187,P00111,0,train
D00035,P00664,1,train
D02087,P01013,1,train
D00410,P00026,1,train
D00579,P01698,1,train
D01696,P00015,1,train
D02088,P00330,1,train
D00834,P00819,0,train
D01372,P00741,0,train
D02089,P00033,0,train
D02090,P00015,1,train
D02091,P00673,0,train
D00105,P00939,0,train
D00778,P01699,0,train
D02083,P00098,1,train
D00081,P00859,1,train
D02092,P01129,1,train
D00427,P00015,1,train
D00832,P00537,1,train
D01867,P00052,1,train
D02093,P00266,1,train
D01421,P00015,1,train
D00130,P00102,1,train
D00515,P01027,1,train
D02094,P00673,0,train
D02095,P00475,0,train
D01114,P00007,0,train
D01066,P01700,1,train
D02096,P00966,0,train
D00493,P01338,0,train
D01815,P00042,1,train
D02097,P00088,1,train
D02098,P00457,1,train
D02099,P01701,0,train
D02100,P00614,0,train
D00501,P00678,0,train
D02101,P00007,1,train
D02102,P00268,1,train
D02103,P00023,1,train
D00217,P00949,0,train
D01200,P01092,0,train
D02104,P00948,0,train
D00789,P00015,1,train
D00194,P01507,1,train
D00261,P00156,1,train
D00501,P00787,0,train
D02105,P01702,0,train
D00911,P00273,0,train
D00066,P00365,1,train
D02106,P00815,1,train
D00757,P00950,0,train
D00803,P00006,1,train
D02107,P00997,1,train
D00679,P00936,1,train
D00035,P01703,1,train
D02108,P00153,1,train
D00044,P00933,0,train
D00569,P00026,1,train
D00113,P00693,0,train
D02109,P00257,0,train
D02110,P00457,1,train
D00093,P00058,1,train
D02111,P00102,0,train
D02112,P00263,0,train
D02113,P00703,1,train
D02114,P01630,1,train
D00700,P00496,1,train
D00054,P00145,0,train
D01672,P00327,0,train
D01177,P00153,1,train
D02115,P00026,1,train
D02093,P00015,1,train
D02116,P01299,0,train
D01575,P01059,0,train
D01240,P01057,0,train
D02117,P01509,1,train
D01395,P00015,1,train
D00106,P01704,1,train
D02118,P00264,1,train
D00091,P00177,0,train
D00081,P01024,1,train
D00130,P00159,1,train
D00019,P01579,0,train
D02119,P00508,0,train
D00888,P00171,0,train
D02120,P00051,1,train
D02121,P00281,1,train
D02122,P00654,0,train
D01912,P01705,0,train
D00002,P01706,1,train
D02123,P00015,1,train
D00015,P00015,1,train
D00035,P00813,1,train
D00106,P01021,1,train
D01479,P00199,1,train
D02124,P01707,0,train
D00498,P00148,1,train
D00002,P01708,1,train
D00921,P00708,0,train
D01031,P01443,1,train
D01429,P00362,1,train
D02125,P00884,1,train
D02126,P01709,0,train
D00070,P00015,1,train
D02127,P00026,1,train
D00896,P00827,1,train
D00002,P00685,1,train
D00035,P00121,1,train
D00312,P01056,0,train
D02128,P00350,0,train
D01447,P00042,1,train
D00261,P01710,1,train
D01592,P01078,0,train
D00106,P00414,1,train
D02129,P01711,0,train
D00002,P01712,1,train
D00081,P01446,1,train
D01015,P00775,0,train
D02130,P00085,0,train
D01732,P00655,0,train
D00093,P00042,1,train
D00963,P00015,1,train
D02131,P00167,1,train
D02132,P00140,0,train
D02133,P01499,0,train
D02134,P00088,1,train
D00002,P00010,1,train
D02135,P00015,1,train
D02136,P00496,1,train
D01559,P01235,0,train
D01947,P00952,0,train
D00073,P00015,1,train
D02137,P00725,0,train
D02138,P01346,0,train
D02139,P00207,1,train
D00803,P01713,1,train
D02140,P01122,1,train
D00634,P00518,0,train
D02141,P00508,0,train
D02142,P00210,1,train
D00081,P01714,1,train
D02143,P00513,0,train
D02144,P01715,0,train
D02145,P00121,1,train
D00566,P00937,1,train
D00035,P00833,1,train
D00259,P00262,0,train
D00204,P00180,1,train
D00650,P00333,1,train
D00035,P00065,1,train
D00930,P00569,1,train
D02146,P01597,0,train
D02147,P00639,0,train
D00028,P00042,1,train
D01085,P01716,0,train
D00042,P00260,1,train
D00422,P01717,0,train
D02148,P00884,0,train
D02149,P00042,1,train
D00437,P00365,1,train
D02150,P01501,0,train
D01015,P01718,0,train
D00081,P01719,1,train
D02151,P00696,0,train
D02152,P01720,0,train
D01807,P00104,1,train
D00276,P01721,1,train
D01310,P00139,0,train
D00670,P00587,0,train
D00053,P00054,1,train
D00035,P00742,1,train
D00130,P01722,1,train
D00136,P01554,0,train
D00962,P00861,0,train
D02153,P00244,1,train
D00439,P00185,1,train
D01577,P00026,1,train
D02154,P00406,0,train
D00989,P00081,0,train
D01667,P01637,0,train
D02155,P00015,1,train
D01337,P01097,1,train
D02156,P00016,1,train
D01316,P00015,1,train
D01878,P01723,0,train
D01200,P00755,0,train
D00002,P01724,1,train
D00822,P00462,0,train
D02157,P00037,0,train
D00856,P01241,0,train
D00718,P01260,0,train
D00035,P01725,1,train
D00820,P00293,0,train
D02133,P01329,0,train
D00081,P00940,1,train
D01089,P00015,1,train
D00137,P00042,1,train
D00002,P00720,1,train
D01126,P00673,0,train
D00969,P01726,0,train
D01218,P00026,1,train
D02158,P01111,0,train
D02159,P00457,1,train
D01981,P01470,0,train
D00347,P00093,0,train
D02160,P00568,0,train
D01625,P00377,0,train
D00249,P00026,1,train
D00002,P00843,1,train
D00002,P00010,1,train
D00921,P00945,0,train
D01467,P00359,0,train
D02013,P00038,1,train
D00165,P00015,1,train
D00963,P00015,1,train
D01825,P00589,0,train
D00035,P00042,1,train
D01388,P00521,0,train
D02161,P00010,1,train
D01427,P00203,1,train
D00462,P00910,1,train
D00002,P01727,1,train
D00002,P01560,1,train
D02162,P00772,0,train
D02163,P00514,1,train
D00081,P00599,1,train
D02164,P00042,1,train
D02165,P00434,1,train
D00225,P01728,0,train
D01613,P00291,0,train
D00677,P00042,1,train
D00035,P01729,1,train
D00474,P00300,0,train
D01560,P00370,0,train
D02166,P01025,0,train
D02167,P00315,0,train
D00016,P01730,1,train
D00556,P01410,0,train
D00680,P01497,0,train
D02168,P00166,1,train
D00081,P00910,1,train
D02169,P00690,0,train
D00718,P01731,0,train
D00085,P00063,0,train
D02170,P00088,1,train
D02171,P01190,0,train
D00983,P01390,0,train
D00035,P00042,1,train
D02172,P00030,0,train
D02173,P01732,0,train
D00757,P00747,0,train
D00966,P01728,0,train
D02174,P01733,0,train
D00035,P00042,1,train
D00495,P00275,1,train
D00896,P00371,1,train
D02175,P00603,1,train
D02176,P01734,0,train
D01558,P00180,0,train
D00114,P00910,1,train
D00114,P00104,1,train
D02177,P00026,1,train
D00547,P01036,0,train
D02178,P01735,1,train
D01758,P00244,1,train
D02058,P00223,1,train
D00081,P00721,1,train
D00093,P00042,1,train
D02179,P01052,0,train
D00928,P01250,0,train
D01166,P00195,1,train
D00023,P01124,0,train
D00306,P00026,1,train
D02180,P01736,1,train
D02181,P00210,0,train
D02182,P00312,1,train
D00449,P00097,1,train
D00002,P00038,1,train
D00035,P01208,1,train
D00442,P01254,1,train
D01151,P01690,0,train
D01048,P00953,1,train
D00815,P01030,0,train
D00987,P00026,1,train
D00820,P00977,0,train
D00073,P00015,1,train
D00188,P00026,1,train
D00706,P01295,1,train
D00449,P00042,1,train
D02183,P00414,1,train
D00946,P01204,0,train
D00839,P01031,1,train
D00207,P00819,0,train
D02184,P01737,0,train
D02185,P00220,1,train
D00767,P00266,1,train
D00498,P01121,1,train
D01408,P01738,0,train
D00106,P01739,1,train
D02186,P00565,0,train
D00679,P00936,1,train
D02187,P00112,1,train
D01051,P00015,1,train
D01285,P01046,1,train
D00035,P00287,1,train
D00081,P01740,1,train
D00251,P00215,0,train
D00081,P01741,1,train
D00509,P01742,0,train
D00324,P00453,1,train
D00535,P01243,1,train
D00423,P00255,0,train
D00748,P00042,1,train
D02188,P01542,0,train
D00081,P01743,1,train
D00066,P00015,1,train
D02189,P00870,0,train
D00081,P01744,1,train
D00068,P01745,1,train
D02190,P00686,0,train
D00405,P00015,1,train
D00261,P01088,1,train
D00681,P00015,1,train
D02191,P00966,0,train
D00916,P00192,0,train
D01439,P00088,1,train
D00693,P00073,0,train
D01612,P00162,1,train
D00144,P00949,0,train
D00002,P00098,1,train
D02192,P00016,1,train
D01472,P01738,0,train
D00714,P00401,0,train
D01603,P00678,0,train
D00085,P01616,0,train
D02193,P00042,1,train
D00002,P01746,1,train
D00656,P00387,0,train
D01550,P00015,1,train
D02194,P01455,0,train
D00718,P00253,0,train
D02195,P00358,0,train
D01442,P00130,0,train
D00567,P01747,0,train
D02133,P00270,0,train
D00624,P00279,0,train
D00035,P00324,1,train
D02196,P00536,0,train
D00726,P01373,0,train
D02197,P01748,0,train
D00091,P01749,0,train
D00081,P01750,1,train
D02198,P00740,0,train
D02199,P01751,0,train
D02200,P00064,1,train
D00107,P00042,1,train
D00623,P00283,1,train
D02023,P00949,0,train
D00035,P00599,1,train
D01114,P01668,0,train
D00700,P01714,1,train
D02201,P00042,1,train
D00699,P01752,0,train
D00340,P01213,0,train
D01457,P00042,1,train
D00743,P00015,1,train
D02202,P00173,1,train
D01755,P01301,0,train
D02203,P00128,1,train
D02204,P00196,1,train
D02205,P01043,0,train
D02206,P01753,0,train
D00130,P01754,1,train
D01411,P00010,1,train
D01136,P00900,0,train
D02207,P01755,0,train
D00577,P01756,1,train
D00387,P00637,0,train
D02208,P00598,0,train
D01298,P00015,1,train
D00710,P01231,0,train
D00919,P00566,1,train
D00033,P01093,0,train
D01052,P00187,0,train
D01421,P00015,1,train
D02209,P00751,0,train
D02210,P00282,1,train
D00930,P01717,1,train
D00093,P00185,1,train
D00606,P00015,1,train
D02211,P00111,1,train
D00579,P00616,1,train
D00093,P00235,1,train
D02212,P00200,0,train
D01546,P01757,0,train
D00845,P00042,1,train
D02213,P00281,1,train
D02214,P01310,0,train
D00019,P00429,0,train
D01245,P01758,0,train
D02215,P01759,1,train
D00042,P00260,1,train
D02216,P00318,1,train
D01531,P00084,0,train
D01151,P01760,0,train
D02093,P00015,1,train
D00002,P01761,1,train
D01066,P00010,1,train
D00023,P00778,0,train
D00825,P01173,1,train
D01605,P00015,1,train
D02217,P01657,0,train
D00322,P01762,0,train
D00659,P00258,0,train
D01395,P00015,1,train
D00896,P00042,1,train
D00081,P00065,1,train
D02218,P01021,1,train
D00117,P00912,0,train
D00981,P00039,1,train
D00081,P00216,1,train
D00019,P00758,0,train
D02219,P00042,1,train
D00238,P01763,1,train
D00417,P01286,1,train
D00081,P01764,1,train
D01151,P01379,0,train
D02220,P01765,0,train
D00535,P00007,1,train
D02221,P01272,0,train
D01216,P00042,1,train
D00519,P01766,0,train
D00106,P01639,1,train
D02222,P00064,1,train
D00042,P00710,1,train
D00258,P01767,0,train
D00748,P00889,1,train
D02223,P00608,1,train
D00276,P01768,1,train
D02224,P00128,1,train
D00035,P00630,1,train
D02057,P01658,0,train
D02135,P01103,1,train
D02225,P01286,1,train
D02226,P00042,1,train
D02227,P00768,0,train
D00002,P00026,1,train
D02228,P00195,1,train
D00042,P00284,1,train
D00035,P00294,1,train
D00738,P00015,1,train
D02229,P01328,1,train
D00676,P00391,1,train
D00258,P01118,0,train
D00081,P01769,1,train
D00069,P00367,1,train
D01867,P00221,1,train
D01182,P00295,0,train
D02230,P00031,0,train
D01768,P00069,0,train
D00355,P01770,0,train
D02231,P00038,1,train
D00264,P00351,0,train
D00860,P01626,0,train
D00982,P00042,1,train
D00035,P00117,1,train
D00171,P01173,1,train
D00171,P00042,1,train
D02232,P00463,1,train
D00474,P01762,0,train
D02233,P00266,1,train
D02234,P00094,1,train
D00285,P00182,0,train
D00167,P00015,1,train
D01320,P01386,0,train
D02235,P00015,1,train
D00860,P01771,0,train
D00945,P01772,0,train
D00025,P01257,1,train
D02236,P00167,1,train
D00002,P01016,1,train
D00904,P00015,1,train
D00328,P00051,1,train
D02237,P00042,1,train
D01151,P00873,0,train
D02238,P00708,0,train
D02239,P01772,0,train
D02240,P01512,0,train
D02241,P01773,0,train
D00464,P00015,1,train
D02202,P00808,0,train
D00487,P01213,0,train
D00035,P00569,1,train
D01187,P00877,0,train
D02242,P00434,1,train
D00035,P00052,1,train
D00002,P00010,1,train
D00324,P01673,1,train
D01403,P01774,0,train
D00684,P00042,1,train
D01705,P00364,1,train
D02243,P00039,1,train
D01134,P01192,0,train
D02244,P01409,0,train
D00081,P01283,1,train
D01211,P00722,0,train
D00679,P00593,1,train
D00553,P00268,1,train
D00106,P00892,1,train
D00028,P00602,1,train
D00129,P00414,1,train
D00698,P00686,0,train
D00615,P01775,0,train
D00002,P00330,1,train
D00931,P00660,0,train
D01052,P00364,0,train
D00867,P00093,0,train
D01411,P00414,1,train
D01706,P01412,0,train
D02245,P00542,1,train
D01403,P00565,0,train
D00574,P01254,1,train
D02246,P01257,0,train
D00962,P01662,0,train
D00146,P01397,0,train
D02247,P01776,0,train
D02248,P01777,0,train
D02249,P00084,1,train
D00472,P00015,1,train
D02250,P00901,0,train
D02251,P00121,1,train
D01517,P01778,0,train
D00825,P00042,1,train
D00035,P01779,1,train
D02252,P00997,1,train
D02253,P01780,0,train
D02254,P00042,1,train
D01838,P01781,0,train
D01029,P01782,0,train
D01296,P00659,0,train
D01986,P01783,0,train
D00430,P01631,0,train
D01472,P00754,0,train
D00883,P00224,0,train
D00241,P00892,0,train
D00574,P00922,1,train
D02255,P01621,0,train
D00328,P00294,1,train
D00628,P00698,0,train
D01138,P01784,1,train
D00081,P01785,1,train
D00284,P00844,1,train
D00231,P01564,0,train
D00081,P01786,1,train
D00129,P00026,1,train
D00953,P00056,1,train
D01188,P01787,0,train
D02256,P01788,0,train
D00825,P00383,1,train
D00613,P01096,1,train
D01546,P01789,0,train
D01151,P00585,0,train
D00035,P01790,1,train
D02257,P00707,0,train
D02258,P00654,0,train
D02259,P01791,0,train
D02260,P00236,0,train
D00273,P01792,0,train
D02261,P00815,1,train
D02262,P01418,0,train
D02263,P01793,0,train
D02264,P00552,0,train
D01552,P00790,0,train
D02265,P00042,1,train
D01525,P00151,0,train
D02266,P00187,0,train
D00435,P00778,1,train
D02267,P00039,1,train
D00463,P01422,1,train
D00002,P01615,1,train
D00105,P01794,0,train
D02268,P00056,0,train
D00114,P01264,1,train
D02269,P00210,1,train
D02270,P00111,1,train
D01359,P01795,0,train
D01001,P01580,0,train
D02140,P00737,1,train
D02271,P01772,0,train
D02272,P00562,1,train
D02086,P00042,1,train
D02273,P00042,1,train
D00402,P00015,1,train
D00674,P00587,0,train
D02274,P01452,0,train
D00016,P00365,1,train
D02275,P01355,0,train
D02276,P00042,1,train
D02277,P01021,1,train
D00579,P01796,1,train
D01347,P00287,1,train
D00204,P00223,1,train
D02278,P01797,0,train
D00897,P01060,1,train
D02279,P01796,1,train
D00626,P00925,0,train
D00002,P01798,1,train
D02280,P00418,0,train
D00035,P00232,1,train
D00015,P00015,1,train
D00657,P01359,1,train
D01073,P00015,1,train
D00137,P00390,1,train
D01048,P00867,1,train
D00966,P00437,0,train
D01870,P01212,1,train
D01753,P00233,0,train
D00815,P01799,0,train
D00129,P00010,1,train
D00075,P00565,1,train
D02281,P00015,1,train
D02282,P01459,0,train
D02283,P00079,0,train
D00728,P00042,1,train
D00106,P01573,1,train
D00388,P00157,0,train
D02284,P00674,1,train
D00002,P01800,1,train
D01639,P00636,0,train
D00044,P01716,0,train
D02285,P01801,0,train
D02286,P00042,1,train
D01840,P00195,1,train
D02287,P00510,0,train
D01334,P01802,0,train
D00483,P01436,0,train
D01839,P01534,0,train
D01951,P00545,1,train
D00700,P01016,1,train
D00680,P00015,1,train
D01701,P01803,0,train
D02288,P00180,1,train
D00274,P01804,1,train
D00043,P00283,0,train
D00068,P00068,1,train
D01317,P00444,0,train
D00035,P01805,1,train
D00035,P00309,1,train
D00748,P00211,1,train
D02289,P01806,0,train
D00962,P00862,0,train
D00002,P01807,1,train
D00327,P01014,0,train
D00877,P01808,0,train
D02290,P00121,1,train
D00098,P00458,0,train
D01083,P00036,0,train
D00463,P00893,1,train
D00035,P00922,1,train
D02291,P01809,0,train
D00637,P01810,1,train
D00015,P00015,1,train
D00107,P00042,1,train
D01388,P00892,0,train
D01233,P01038,0,train
D02292,P00412,0,train
D01902,P01811,0,train
D02293,P01122,1,train
D01687,P00630,0,train
D00035,P01812,1,train
D02294,P01659,0,train
D02295,P00026,1,train
D01062,P01813,0,train
D02296,P00963,0,train
D01240,P00549,0,train
D00391,P00042,1,train
D00368,P01693,0,train
D02297,P00086,1,train
D00035,P01814,1,train
D00035,P01815,1,train
D00125,P00015,1,train
D00624,P00858,0,train
D00139,P01695,0,train
D01079,P01816,0,train
D00622,P00042,1,train
D01241,P01449,0,train
D00625,P01339,0,train
D00405,P00015,1,train
D00405,P00015,1,train
D00349,P00015,1,train
D02298,P01056,0,train
D00172,P00042,1,train
D02299,P00753,0,train
D00000,P00625,0,train
D02300,P00318,1,train
D00324,P00239,1,train
D00107,P00371,1,train
D00825,P00276,1,train
D00534,P00130,0,train
D02301,P00496,1,train
D02302,P00785,0,train
D02303,P01781,0,train
D01114,P00693,0,train
D00860,P00913,0,train
D00002,P00068,1,train
D00474,P00538,0,train
D02304,P00997,1,train
D02305,P00015,1,train
D00035,P00153,1,train
D00281,P00365,1,train
D02306,P01125,0,train
D00035,P01493,1,train
D02307,P00864,1,train
D00030,P00215,0,train
D02308,P01578,0,train
D01764,P01294,0,train
D00575,P00137,0,train
D01764,P01059,0,train
D00061,P01038,0,train
D02309,P00098,1,train
D02310,P01110,0,train
D01335,P01817,0,train
D00947,P00019,0,train
D02311,P00091,0,train
D00423,P01818,0,train
D00597,P01024,0,train
D02312,P00244,0,train
D00960,P01040,0,train
D00731,P01819,0,train
D02109,P00427,0,train
D00035,P01374,1,train
D00081,P01820,1,train
D00589,P00712,1,train
D00657,P00595,1,train
D00002,P00713,1,train
D02313,P01821,0,train
D00579,P01822,1,train
D00002,P00335,1,train
D00129,P00240,1,train
D00025,P00614,1,train
D00081,P01823,1,train
D02314,P00630,0,train
D02315,P00042,1,train
D00023,P00499,0,train
D01047,P00030,0,train
D00456,P00010,1,train
D02316,P00042,1,train
D02317,P00718,0,train
D02318,P01651,0,train
D02319,P01390,0,train
D02320,P00042,1,train
D00746,P01788,0,train
D00643,P00243,0,train
D02321,P01824,0,train
D02091,P01825,0,train
D00378,P01826,0,train
D02322,P00268,1,train
D00823,P01702,0,train
D00616,P01257,1,train
D02323,P00777,1,train
D02324,P01498,0,train
D02325,P00015,1,train
D00579,P01626,1,train
D00544,P00537,1,train
D00967,P00202,0,train
D02326,P01341,0,train
D00622,P00042,1,train
D00258,P01806,0,train
D00015,P00015,1,train
D00427,P00015,1,train
D02000,P00639,0,train
D00176,P00244,1,train
D00081,P01745,1,train
D02327,P00925,1,train
D00307,P00042,1,train
D02060,P00182,0,train
D00538,P00279,0,train
D00361,P00387,0,train
D01311,P01368,0,train
D00987,P00026,1,train
D02328,P00038,1,train
D00616,P00025,1,train
D00597,P00109,0,train
D00508,P00308,0,train
D01902,P00308,0,train
D00081,P01117,1,train
D00448,P00331,1,train
D00002,P01438,1,train
D01962,P00015,1,train
D00137,P00042,1,train
D00035,P01827,1,train
D02329,P01828,0,train
D00194,P01581,1,train
D00447,P00667,1,train
D00903,P00554,0,train
D00517,P00015,1,train
D00272,P00634,0,train
D00042,P01219,1,train
D00464,P00015,1,train
D02330,P00328,0,train
D00035,P00485,1,train
D02263,P00364,0,train
D01349,P00537,0,train
D00002,P00255,1,train
D01531,P00900,0,train
D02331,P00949,0,train
D02332,P00227,1,train
D00035,P01829,1,train
D00081,P00658,1,train
D01347,P00515,1,train
D01672,P00469,0,train
D02333,P00838,0,train
D02334,P00795,0,train
D00950,P00969,0,train
D00145,P00984,1,train
D00081,P00658,1,train
D02283,P00127,0,train
D01402,P01830,0,train
D00035,P01831,1,train
D00035,P01832,1,train
D00958,P00233,0,train
D00627,P01200,0,train
D02335,P01262,0,train
D02336,P00309,1,train
D01310,P00036,0,train
D02337,P00350,0,train
D00913,P01622,0,train
D00825,P00058,1,train
D00035,P00010,1,train
D02185,P00283,1,train
D01730,P01833,0,train
D02338,P00091,0,train
D00145,P00953,1,train
D01825,P01370,0,train
D02339,P01281,0,train
D00035,P00900,1,train
D00679,P00602,1,train
D00272,P01360,0,train
D01923,P00350,0,train
D00463,P00779,1,train
D01605,P00015,1,train
D00718,P00994,0,train
D02340,P00132,1,train
D02115,P00026,1,train
D02341,P00283,1,train
D01552,P01452,0,train
D00107,P01219,1,train
D00035,P01357,1,train
D02199,P00142,0,train
D01246,P01685,0,train
D02342,P01834,0,train
D00035,P00002,1,train
D01785,P01835,0,train
D00035,P00027,1,train
D01572,P00118,0,train
D02343,P00244,1,train
D00860,P00084,0,train
D00172,P00054,1,train
D00496,P00665,0,train
D02344,P00198,1,train
D01097,P01621,0,train
D00090,P01375,0,train
D00950,P00445,0,train
D01902,P01190,0,train
D02345,P00859,1,train
D02346,P00244,1,train
D02347,P01352,0,train
D02348,P00106,0,train
D02349,P00069,1,train
D00091,P01742,0,train
D02350,P00365,1,train
D00081,P00120,1,train
D02351,P01836,0,train
D02352,P00015,1,train
D02353,P00266,0,train
D00963,P00015,1,train
D02354,P01298,1,train
D01232,P01837,0,train
D02137,P01694,0,train
D02355,P00871,0,train
D00483,P00858,0,train
D00546,P01838,0,train
D00061,P01839,0,train
D00070,P01177,1,train
D00000,P00000,0,val
D00001,P00001,0,val
D00002,P00002,0,val
D00003,P00003,1,val
D00004,P00004,1,val
D00005,P00005,0,val
D00006,P00006,1,val
D00007,P00007,1,val
D00008,P00008,0,val
D00009,P00007,1,val
D00010,P00009,0,val
D00011,P00010,0,val
D00012,P00011,0,val
D00013,P00007,1,val
D00014,P00012,1,val
D00015,P00013,0,val
D00016,P00000,1,val
D00017,P00014,0,val
D00018,P00015,0,val
D00019,P00016,0,val
D00020,P00017,0,val
D00021,P00018,0,val
D00022,P00019,0,val
D00023,P00007,1,val
D00024,P00020,0,val
D00025,P00021,1,val
D00026,P00022,0,val
D00027,P00023,0,val
D00006,P00024,1,val
D00028,P00025,0,val
D00029,P00026,1,val
D00030,P00027,0,val
D00031,P00028,0,val
D00032,P00007,0,val
D00033,P00029,1,val
D00034,P00030,1,val
D00035,P00031,0,val
D00036,P00032,1,val
D00037,P00033,0,val
D00038,P00034,1,val
D00039,P00035,0,val
D00040,P00036,1,val
D00034,P00037,1,val
D00041,P00038,0,val
D00042,P00039,0,val
D00043,P00040,0,val
D00044,P00041,0,val
D00045,P00042,0,val
D00046,P00036,1,val
D00047,P00043,1,val
D00016,P00007,1,val
D00048,P00044,0,val
D00049,P00045,0,val
D00050,P00046,0,val
D00051,P00007,1,val
D00052,P00047,0,val
D00053,P00048,0,val
D00054,P00049,1,val
D00055,P00050,1,val
D00056,P00051,1,val
D00057,P00052,0,val
D00033,P00053,1,val
D00058,P00054,0,val
D00059,P00055,1,val
D00060,P00056,0,val
D00061,P00007,1,val
D00062,P00057,1,val
D00063,P00058,0,val
D00064,P00059,0,val
D00065,P00060,1,val
D00066,P00061,1,val
D00067,P00007,1,val
D00068,P00062,0,val
D00069,P00063,0,val
D00070,P00064,0,val
D00071,P00065,0,val
D00072,P00066,1,val
D00073,P00067,0,val
D00074,P00007,1,val
D00075,P00068,1,val
D00076,P00061,1,val
D00077,P00069,1,val
D00078,P00070,1,val
D00079,P00071,0,val
D00080,P00072,1,val
D00072,P00073,1,val
D00081,P00074,0,val
D00082,P00075,0,val
D00083,P00076,1,val
D00084,P00077,0,val
D00085,P00078,0,val
D00086,P00079,0,val
D00087,P00080,0,val
D00063,P00081,0,val
D00088,P00082,1,val
D00089,P00083,1,val
D00033,P00084,1,val
D00090,P00085,1,val
D00091,P00086,0,val
D00092,P00087,1,val
D00093,P00036,1,val
D00094,P00088,1,val
D00095,P00089,1,val
D00096,P00007,1,val
D00029,P00090,1,val
D00097,P00091,1,val
D00098,P00092,1,val
D00016,P00007,1,val
D00099,P00007,1,val
D00100,P00093,0,val
D00101,P00094,0,val
D00102,P00095,0,val
D00103,P00096,0,val
D00104,P00097,0,val
D00105,P00098,0,val
D00106,P00099,0,val
D00107,P00100,0,val
D00108,P00101,0,val
D00109,P00102,0,val
D00110,P00103,0,val
D00111,P00036,1,val
D00112,P00104,0,val
D00113,P00105,0,val
D00114,P00106,0,val
D00115,P00107,0,val
D00116,P00108,0,val
D00033,P00109,1,val
D00006,P00110,1,val
D00117,P00111,0,val
D00118,P00112,0,val
D00119,P00113,0,val
D00120,P00114,0,val
D00121,P00115,1,val
D00122,P00116,0,val
D00123,P00117,0,val
D00124,P00118,0,val
D00125,P00119,0,val
D00006,P00120,1,val
D00126,P00121,1,val
D00110,P00122,0,val
D00087,P00123,0,val
D00127,P00124,1,val
D00128,P00036,1,val
D00129,P00125,0,val
D00130,P00126,1,val
D00131,P00127,0,val
D00132,P00007,1,val
D00133,P00128,0,val
D00134,P00129,0,val
D00034,P00130,1,val
D00135,P00007,1,val
D00136,P00131,0,val
D00137,P00036,1,val
D00138,P00122,0,val
D00139,P00132,0,val
D00140,P00121,1,val
D00141,P00133,1,val
D00142,P00007,1,val
D00033,P00134,1,val
D00143,P00135,1,val
D00144,P00136,0,val
D00145,P00137,0,val
D00146,P00138,1,val
D00147,P00007,1,val
D00148,P00139,1,val
D00006,P00140,1,val
D00149,P00036,1,val
D00033,P00141,1,val
D00150,P00142,0,val
D00151,P00143,0,val
D00152,P00144,1,val
D00153,P00145,0,val
D00154,P00012,1,val
D00155,P00121,1,val
D00156,P00146,0,val
D00029,P00147,1,val
D00157,P00148,0,val
D00158,P00149,0,val
D00159,P00150,0,val
D00160,P00007,1,val
D00161,P00036,1,val
D00162,P00151,0,val
D00163,P00152,1,val
D00012,P00153,0,val
D00164,P00154,1,val
D00165,P00155,1,val
D00166,P00156,0,val
D00107,P00157,0,val
D00167,P00158,0,val
D00168,P00159,0,val
D00169,P00160,0,val
D00170,P00161,1,val
D00171,P00162,0,val
D00172,P00007,1,val
D00148,P00163,1,val
D00173,P00164,0,val
D00174,P00165,0,val
D00175,P00166,0,val
D00137,P00026,1,val
D00086,P00167,0,val
D00137,P00147,1,val
D00176,P00043,1,val
D00177,P00168,0,val
D00026,P00096,0,val
D00178,P00007,1,val
D00012,P00169,0,val
D00179,P00170,0,val
D00180,P00171,1,val
D00033,P00172,1,val
D00181,P00173,0,val
D00182,P00068,0,val
D00183,P00034,1,val
D00184,P00174,0,val
D00185,P00007,1,val
D00033,P00175,1,val
D00186,P00176,0,val
D00006,P00177,1,val
D00187,P00178,0,val
D00188,P00179,1,val
D00189,P00180,0,val
D00190,P00181,0,val
D00169,P00182,0,val
D00191,P00183,0,val
D00192,P00184,0,val
D00193,P00185,1,val
D00194,P00036,1,val
D00195,P00186,0,val
D00196,P00187,0,val
D00197,P00188,0,val
D00198,P00189,0,val
D00199,P00190,1,val
D00034,P00191,1,val
D00200,P00192,1,val
D00201,P00193,0,val
D00202,P00194,0,val
D00148,P00026,1,val
D00203,P00019,0,val
D00204,P00195,1,val
D00205,P00196,0,val
D00206,P00197,0,val
D00207,P00198,1,val
D00208,P00199,1,val
D00209,P00200,0,val
D00210,P00201,0,val
D00211,P00202,0,val
D00072,P00203,1,val
D00049,P00204,0,val
D00212,P00205,0,val
D00135,P00007,1,val
D00213,P00206,0,val
D00214,P00151,0,val
D00215,P00122,0,val
D00216,P00036,1,val
D00217,P00207,0,val
D00218,P00208,0,val
D00006,P00209,1,val
D00219,P00210,0,val
D00220,P00211,0,val
D00221,P00112,0,val
D00222,P00212,0,val
D00223,P00213,0,val
D00224,P00214,0,val
D00225,P00215,0,val
D00226,P00216,0,val
D00227,P00217,0,val
D00228,P00218,0,val
D00229,P00219,0,val
D00230,P00220,1,val
D00231,P00207,0,val
D00232,P00077,0,val
D00233,P00007,1,val
D00234,P00179,1,val
D00235,P00221,1,val
D00236,P00222,0,val
D00010,P00223,0,val
D00237,P00036,1,val
D00238,P00224,0,val
D00239,P00225,1,val
D00240,P00226,0,val
D00241,P00227,0,val
D00242,P00017,0,val
D00243,P00228,1,val
D00244,P00215,0,val
D00245,P00229,0,val
D00034,P00036,1,val
D00006,P00230,1,val
D00246,P00231,1,val
D00247,P00179,1,val
D00248,P00007,1,val
D00249,P00232,1,val
D00250,P00121,1,val
D00251,P00233,0,val
D00252,P00234,1,val
D00253,P00036,1,val
D00034,P00235,1,val
D00254,P00236,1,val
D00160,P00007,1,val
D00089,P00237,1,val
D00034,P00238,1,val
D00006,P00239,1,val
D00255,P00240,0,val
D00256,P00241,0,val
D00257,P00242,0,val
D00258,P00243,1,val
D00259,P00244,1,val
D00260,P00245,1,val
D00029,P00246,1,val
D00261,P00007,1,val
D00216,P00036,1,val
D00262,P00190,1,val
D00263,P00247,0,val
D00264,P00036,1,val
D00072,P00248,1,val
D00265,P00249,1,val
D00258,P00250,1,val
D00266,P00244,1,val
D00248,P00007,1,val
D00267,P00251,0,val
D00151,P00252,0,val
D00134,P00253,0,val
D00268,P00254,0,val
D00100,P00255,0,val
D00269,P00256,0,val
D00270,P00257,0,val
D00271,P00258,0,val
D00272,P00007,1,val
D00239,P00259,1,val
D00273,P00260,0,val
D00034,P00091,1,val
D00006,P00261,1,val
D00274,P00195,0,val
D00275,P00224,0,val
D00034,P00262,1,val
D00034,P00263,1,val
D00276,P00264,0,val
D00239,P00265,1,val
D00277,P00266,0,val
D00278,P00267,0,val
D00279,P00163,1,val
D00280,P00268,0,val
D00051,P00007,1,val
D00281,P00269,0,val
D00282,P00007,1,val
D00283,P00270,0,val
D00110,P00271,0,val
D00284,P00272,1,val
D00033,P00273,1,val
D00285,P00274,1,val
D00286,P00007,1,val
D00287,P00275,0,val
D00288,P00276,0,val
D00289,P00067,0,val
D00290,P00277,1,val
D00006,P00278,1,val
D00291,P00279,0,val
D00292,P00280,0,val
D00034,P00281,1,val
D00293,P00282,0,val
D00098,P00036,1,val
D00294,P00026,1,val
D00295,P00283,1,val
D00296,P00284,0,val
D00297,P00285,0,val
D00298,P00286,0,val
D00299,P00287,1,val
D00300,P00288,0,val
D00301,P00289,0,val
D00223,P00290,0,val
D00302,P00291,0,val
D00303,P00292,1,val
D00304,P00196,1,val
D00305,P00091,1,val
D00163,P00152,1,val
D00306,P00211,0,val
D00307,P00036,1,val
D00308,P00293,0,val
D00309,P00294,1,val
D00034,P00295,1,val
D00310,P00121,1,val
D00311,P00296,0,val
D00312,P00297,0,val
D00313,P00298,1,val
D00314,P00229,0,val
D00033,P00299,1,val
D00172,P00007,1,val
D00006,P00300,1,val
D00128,P00036,1,val
D00193,P00301,1,val
D00077,P00220,1,val
D00034,P00302,1,val
D00315,P00303,0,val
D00316,P00098,0,val
D00317,P00304,0,val
D00318,P00305,0,val
D00319,P00306,0,val
D00168,P00307,0,val
D00320,P00308,0,val
D00321,P00309,1,val
D00004,P00310,1,val
D00322,P00000,1,val
D00323,P00311,0,val
D00324,P00312,0,val
D00325,P00313,0,val
D00041,P00314,0,val
D00034,P00315,1,val
D00266,P00316,1,val
D00326,P00036,1,val
D00327,P00317,0,val
D00328,P00318,1,val
D00329,P00319,0,val
D00330,P00320,0,val
D00331,P00036,1,val
D00332,P00122,0,val
D00333,P00172,1,val
D00334,P00321,1,val
D00335,P00072,1,val
D00336,P00007,1,val
D00337,P00176,0,val
D00338,P00322,0,val
D00113,P00323,0,val
D00339,P00324,0,val
D00340,P00043,1,val
D00341,P00043,0,val
D00342,P00325,0,val
D00343,P00161,0,val
D00287,P00326,0,val
D00344,P00327,0,val
D00345,P00328,0,val
D00346,P00092,0,val
D00011,P00220,0,val
D00006,P00329,1,val
D00016,P00007,1,val
D00309,P00330,1,val
D00347,P00036,1,val
D00348,P00139,0,val
D00349,P00246,1,val
D00350,P00331,1,val
D00128,P00332,1,val
D00351,P00333,0,val
D00128,P00036,1,val
D00352,P00334,0,val
D00006,P00335,1,val
D00264,P00332,1,val
D00353,P00336,0,val
D00354,P00220,1,val
D00029,P00337,1,val
D00355,P00338,0,val
D00006,P00339,1,val
D00006,P00340,1,val
D00137,P00340,1,val
D00356,P00341,0,val
D00321,P00309,1,val
D00357,P00342,0,val
D00055,P00343,1,val
D00358,P00344,0,val
D00010,P00345,0,val
D00359,P00346,0,val
D00360,P00347,0,val
D00201,P00348,0,val
D00161,P00349,1,val
D00361,P00036,1,val
D00362,P00336,0,val
D00033,P00350,1,val
D00363,P00351,0,val
D00128,P00352,1,val
D00112,P00353,0,val
D00364,P00114,0,val
D00363,P00354,0,val
D00029,P00287,1,val
D00314,P00355,0,val
D00365,P00356,0,val
D00150,P00357,0,val
D00366,P00358,0,val
D00034,P00359,1,val
D00367,P00043,1,val
D00368,P00360,1,val
D00369,P00361,0,val
D00370,P00007,1,val
D00371,P00362,1,val
D00372,P00363,1,val
D00373,P00026,1,val
D00374,P00364,0,val
D00287,P00365,0,val
D00375,P00366,0,val
D00376,P00083,1,val
D00029,P00036,1,val
D00377,P00100,0,val
D00378,P00367,0,val
D00379,P00201,0,val
D00380,P00368,0,val
D00034,P00369,1,val
D00381,P00007,1,val
D00382,P00210,0,val
D00098,P00036,1,val
D00383,P00043,1,val
D00384,P00370,0,val
D00385,P00082,1,val
D00006,P00371,1,val
D00386,P00143,1,val
D00100,P00372,0,val
D00387,P00373,1,val
D00388,P00225,1,val
D00389,P00374,0,val
D00390,P00375,0,val
D00391,P00376,0,val
D00034,P00032,1,val
D00392,P00007,1,val
D00393,P00377,0,val
D00394,P00378,0,val
D00395,P00206,0,val
D00000,P00379,0,val
D00396,P00380,0,val
D00006,P00381,1,val
D00397,P00007,1,val
D00398,P00139,1,val
D00399,P00043,1,val
D00400,P00382,0,val
D00128,P00383,1,val
D00197,P00384,0,val
D00401,P00036,1,val
D00402,P00385,0,val
D00403,P00386,0,val
D00006,P00387,1,val
D00404,P00388,0,val
D00405,P00370,0,val
D00406,P00389,1,val
D00407,P00036,1,val
D00408,P00104,0,val
D00371,P00390,1,val
D00409,P00391,0,val
D00410,P00392,0,val
D00046,P00036,1,val
D00411,P00393,0,val
D00128,P00036,1,val
D00412,P00007,1,val
D00413,P00394,0,val
D00414,P00007,1,val
D00415,P00395,0,val
D00033,P00051,1,val
D00137,P00396,1,val
D00416,P00397,0,val
D00417,P00398,0,val
D00418,P00399,0,val
D00419,P00277,0,val
D00420,P00000,1,val
D00421,P00320,0,val
D00090,P00330,1,val
D00422,P00036,1,val
D00423,P00400,0,val
D00033,P00172,1,val
D00424,P00026,1,val
D00425,P00401,0,val
D00426,P00143,1,val
D00427,P00263,1,val
D00428,P00402,0,val
D00266,P00403,1,val
D00429,P00404,0,val
D00430,P00176,0,val
D00034,P00405,1,val
D00431,P00036,1,val
D00432,P00406,0,val
D00433,P00007,1,val
D00434,P00304,0,val
D00407,P00026,1,val
D00435,P00407,1,val
D00436,P00221,1,val
D00437,P00408,1,val
D00438,P00383,1,val
D00033,P00409,1,val
D00439,P00207,0,val
D00287,P00410,0,val
D00440,P00032,1,val
D00089,P00411,1,val
D00441,P00412,0,val
D00320,P00413,0,val
D00442,P00189,0,val
D00320,P00414,0,val
D00006,P00415,1,val
D00443,P00197,1,val
D00311,P00416,0,val
D00444,P00417,1,val
D00445,P00418,0,val
D00446,P00419,0,val
D00433,P00007,1,val
D00447,P00043,1,val
D00448,P00321,1,val
D00449,P00420,0,val
D00450,P00421,0,val
D00451,P00422,0,val
D00034,P00423,1,val
D00452,P00424,0,val
D00453,P00032,1,val
D00454,P00425,0,val
D00033,P00036,1,val
D00455,P00236,1,val
D00456,P00426,0,val
D00029,P00026,1,val
D00457,P00427,0,val
D00458,P00428,1,val
D00459,P00429,0,val
D00460,P00430,0,val
D00461,P00212,0,val
D00162,P00019,0,val
D00378,P00423,0,val
D00462,P00431,0,val
D00463,P00432,0,val
D00464,P00433,0,val
D00465,P00434,0,val
D00466,P00007,1,val
D00211,P00366,0,val
D00467,P00400,0,val
D00034,P00036,1,val
D00422,P00026,1,val
D00016,P00007,1,val
D00264,P00036,1,val
D00055,P00435,1,val
D00468,P00243,1,val
D00006,P00025,1,val
D00469,P00436,0,val
D00470,P00437,0,val
D00236,P00438,0,val
D00033,P00439,1,val
D00471,P00440,0,val
D00388,P00246,1,val
D00472,P00441,0,val
D00089,P00442,1,val
D00473,P00443,0,val
D00006,P00444,1,val
D00474,P00043,1,val
D00475,P00445,0,val
D00476,P00446,1,val
D00477,P00043,1,val
D00478,P00036,1,val
D00479,P00274,1,val
D00480,P00447,1,val
D00481,P00448,0,val
D00482,P00449,0,val
D00483,P00374,0,val
D00484,P00450,0,val
D00052,P00451,0,val
D00485,P00452,0,val
D00486,P00453,0,val
D00180,P00454,1,val
D00487,P00455,1,val
D00028,P00227,0,val
D00488,P00456,0,val
D00489,P00036,1,val
D00490,P00115,1,val
D00491,P00457,0,val
D00033,P00458,1,val
D00492,P00459,0,val
D00493,P00334,0,val
D00282,P00298,1,val
D00494,P00043,1,val
D00098,P00036,1,val
D00495,P00460,0,val
D00496,P00449,0,val
D00497,P00012,0,val
D00498,P00036,1,val
D00499,P00461,1,val
D00006,P00059,1,val
D00500,P00283,0,val
D00298,P00462,0,val
D00501,P00463,1,val
D00502,P00464,0,val
D00503,P00205,0,val
D00006,P00465,1,val
D00504,P00466,0,val
D00505,P00036,1,val
D00506,P00467,0,val
D00507,P00468,0,val
D00508,P00052,0,val
D00034,P00043,1,val
