drug_id,smiles
D00001,COc1ccc(C(=O)Nc2ccc3c(c2)C2(CCSC(N)=N2)c2cc(C4=CCOCC4)nc(F)c2O3)nc1
D00002,O=c1[nH]c2ccccc2n1CCCN1CCC(n2c(=O)[nH]c3cc(Cl)ccc32)CC1
D00003,COc1cc(C=CC(=O)CC(=O)C=Cc2ccc(O)c(OC)c2)ccc1O
D00004,CC(=O)N1c2ccc(-c3ccc(C(=O)O)cc3)cc2[C@H](Nc2ccc(Cl)cc2)C[C@@H]1C
D00005,CN[C@@H](C)C(=O)N[C@H]1CCc2ccccc2N(Cc2c(OC)ccc3c(Br)cccc23)C1=O
D00006,NS(=O)(=O)c1cc(C(=O)NC2CCSc3ccccc32)ccc1Cl
D00007,O=C(NO)[C@H]1CN(Cc2ccc(Oc3ccc4ccccc4c3)cc2)C(=O)N1
D00008,O=C(Nc1ccc(S(=O)(=O)[O-])c2ccccc12)C(CS)Cc1ccccc1
D00009,CCCNNC(=O)c1ccc(NC(=O)[C@H](Cc2c[nH]c3ccccc23)NC(=O)c2ccc(OC)cc2)cc1
D00010,COC(=O)C1C2CCC(C[C@@H]1OC(c1ccccc1)c1ccccc1)N2C
D00011,COC(=O)c1c(-c2ccccc2)c2cc(Br)ccc2c(=O)n1Cc1ccc(S(C)(=O)=O)cc1
D00012,C[C@@H]1C(=O)NCCCN1C(=O)C[C@H](N)Cc1cc(F)c(F)cc1F
D00013,C#CCNc1ccnc2sc3c(=O)n(-c4ccc(OC)cc4)cnc3c12
D00014,N#C[C@H]1C[C@@H](N2CCC2)CC[C@@H]1n1cc(C(N)=O)c(Nc2ccc([C@H](O)C(F)(F)F)cc2)n1
D00015,O=C(Nc1cccnc1)[C@@H]1CC[C@@H]2CN1C(=O)N2OS(=O)(=O)O
D00016,O=C(Nc1cccc(-c2ccnc3cc(-c4ccncc4)nn23)c1)c1cccc(C(F)(F)F)c1
D00017,Cc1c(S(=O)(=O)N2CCN(CC(=O)NC(CCCNC(=N)N)C(=O)c3nccs3)C(=O)C2)sc2ccc(Cl)cc12
D00018,O=c1[nH]c(-c2ccc(Br)cc2)nc2ccccc12
D00019,Cc1c(OCCN(C)CCCF)ncc(F)c1[C@@H]1c2[nH]c3ccccc3c2C[C@@H](C)N1C[C@@H](C)C(=O)O
D00020,CCCN(CCC)[C@H]1CCn2cccc2C1
D00021,CN[C@@H](C)C(=O)N[C@H]1CCc2ccccc2N(Cc2c(OC)ccc3cc(C(=O)O)ccc23)C1=O
D00022,Cc1ccc(Nc2c(F)cccc2Cl)c(CC(=O)O)c1
D00023,NS(=O)(=O)c1cc(C(=O)O)c(NCc2ccco2)cc1Cl
D00024,COc1cc(Cc2cnc(N)nc2N)cc(OC)c1OCCO
D00025,Cc1cc(CCC2CCN(S(=O)(=O)C[C@](C)(C[C@H](C)c3ncc(F)cn3)N(O)C=O)CC2)c(C)cn1
D00026,COc1cc2c(Nc3ccc(Cl)c(Cl)c3)ncnc2cc1OCCNC1CC2CCC(C1)N2C
D00027,COc1ccc(COc2ccc(Cc3cnc(N)nc3N)cc2OC)cc1
D00028,CC(=O)NS(=O)(=O)c1ccc(C2=C(c3ccc(S(C)(=O)=O)cc3)C(=O)OC2)cc1
D00029,CN[C@@H](C)C(=O)N[C@H]1CN(C(=O)CC(C)C)c2ccccc2N(Cc2c(OC)ccc3cc(Br)ccc23)C1=O
D00030,CC(C)N1CCN(C(=O)c2ccc(NC(=O)Nc3ccc(-c4nc(C5CCOCC5)nc(N5C6CCC5COC6)n4)cc3)cc2)CC1
D00031,CS(=O)(=O)c1ccc(-c2cnc(NCc3ccco3)n3cnnc23)cc1
D00032,COC(=O)N1CCC(n2ncc3c(N4CCOCC4)nc(-c4ccc(N)cc4)nc32)CC1
D00033,COCc1c(C)c(-c2[nH]c3ccc(C4CCN(CC(=O)N(C)C)CC4)cc3c2C(C)C)cn2ncnc12
D00034,Nc1c2c(nc3ccccc13)CCC2
D00035,CNC(=O)c1cc(Oc2ccc(NC(=O)Nc3ccc(Cl)c(C(F)(F)F)c3)cc2)ccn1
D00036,C[C@]1(c2nc3cccc(C(N)=O)c3[nH]2)CCCN1
D00037,Cc1cc(C(=O)Nc2ccc(-c3ccccc3S(N)(=O)=O)cc2)n(-c2cc3ccccc3cc2C(=N)N)n1
D00038,NS(=O)(=O)c1ccc(Cc2cn(-c3nc(C(=O)O)cs3)nc2-c2cccc(-c3ccccc3)c2)cc1
D00039,O=C(c1ccc(F)cc1)C1CCN(CC(=O)N(Cc2nc3c(c(=O)[nH]2)COCC3)Cc2ccccc2F)CC1
D00040,Cn1ncc2ccc(Nc3ncnc(-c4ccc(O[C@H]5CCN(C(=O)CO)C[C@H]5F)c(C#N)c4)n3)cc21
D00041,Cc1nsc(-c2nnc3n2CCN(C(=O)c2ccc(F)c(F)c2)[C@@H]3C)n1
D00042,Cc1nc2nc(N3CCN4CCC3CC4)oc2cc1Cl
D00043,CCCCCNc1ncc(C(=O)Nc2ccc(S(=O)(=O)N3CCOCC3)cc2)c(N[C@H]2CC[C@H](O)CC2)n1
D00044,COCCOc1cc(Cl)c(C(=O)NCc2ccc(-c3cc[nH]c(=O)c3)cc2)c(Cl)c1
D00045,O=C1C(=O)N(Cc2ccc(I)cc2)c2ccc(S(=O)(=O)N3CCC[C@H]3COc3ccccc3)cc21
D00046,CC(=O)N1CC(n2cc(C3CC3)c3c2C(c2ccc(Cl)cc2)N(c2cc(C)c4nnn(C)c4n2)C3=O)C1
D00047,O=C1NN=C2CCCCc3[nH]c4cccc1c4c32
D00048,COc1ccc(-c2cc(-c3ccccc3)c(-c3ccc(S(C)(=O)=O)cc3)c(=O)o2)cc1
D00049,O=C(O[C@@H]1CCC[C@H]1Cc1ccc(O)cc1)c1cc(O)c(C(=O)c2c(O)cccc2C(=O)O)c(O)c1
D00050,C[C@@H](c1ccc(-c2ccc(F)cc2F)cc1)N1CC[C@](CCNS(N)(=O)=O)(c2ccc(F)cc2)OC1=O
D00051,O=C(NCCc1ccccc1)Oc1ccc(C2=NCCS2)cc1
D00052,O=c1c(O)c(-c2ccc(O)c(O)c2)oc2cc(O)cc(O)c12
D00053,O=C(NO)c1ccc2c(c1)CN(Cc1ccc(-c3cccc([N+](=O)[O-])c3)o1)CC2
D00054,CN(C)C(=O)c1cc2cnc(Nc3ccc(C(=O)N4CC5CNCC(C4)O5)cn3)nc2n1C1CCCC1
D00055,CN(C)NCc1ccc(C(=O)Nc2ccc(Cl)cc2C(=O)Nc2ccc(Cl)cn2)cc1
D00056,CN1CCC[C@H](Nc2cnn(C)c(=O)c2Cl)C1
D00057,O=C(O)c1coc2ccccc2c1=O
D00058,CC(NC(=O)[C@H](CC(=O)N(C)C)NC(=O)[C@@H](NC(=O)CC(C)(C)C)C(C)(C)C)C(=O)c1nc2ccccc2o1
D00059,COc1cc(-c2cn(C)c(=O)c3cnccc23)cc(OC)c1CN(C)C
D00060,CC1(C)OC(=O)C(Oc2ccccc2)=C1c1ccc(S(C)(=O)=O)cc1
D00061,Nc1nccn2c1c(-c1ccc3ccc(-c4ccccc4)nc3c1)nc2[C@H]1C[C@@H](CN2CCC2)C1
D00062,NC1=N[C@@]2(c3ccc(F)cc3F)CO[C@@H](C3CC3)C[C@H]2CS1
D00063,CCCS(=O)(=O)N1CCC(CNC(=O)c2ccccc2C(F)(F)F)(c2ccccn2)CC1
D00064,C[C@@H](CN1[C@H](C)Cc2c([nH]c3ccccc23)[C@H]1c1c(Cl)ccc(OCCNCCCF)c1F)C(=O)O
D00065,N#CCC(=O)N1CCc2oc(-c3ccnc(Nc4ccc(N5CCOCC5)cc4)n3)cc2C1
D00066,Cc1cc(O)cc(C)c1C(NC(=O)C1Cc2ccccc2CN1)C(=O)O
D00067,CC(=O)c1ccc(C(=O)N2C[C@H](NC(=O)[C@H](C)N)C(=O)N(Cc3noc4ccccc34)c3ccccc32)cc1
D00068,COc1ccc2c(c1)c(CC(=O)O)c(C)n2C(=O)c1ccc(Cl)cc1
D00069,CC(C)c1c(Cn2ccnc2)c2ccccc2n1CCC(=O)O
D00070,CN(C)C1CCN(C(=O)c2ccc(Nc3cc4[nH]c(-c5cnn(C)c5)cc4cn3)c(Cl)c2)CC1
D00071,CC[C@H](C)[C@H](NC(=O)C[C@H](O)[C@H](CC1CCCCC1)NC(=O)CSC[C@@H](O)[C@H](Cc1ccccc1)NC(=O)OC(C)(C)C)C(=O)NCc1cnc(C)nc1N
D00072,CN1CCC(NC(=O)c2cnc(Nc3cc(Cl)cc(Cl)c3)nc2N[C@@H]2COC[C@H]2O)CC1
D00073,COc1cc(Nc2ncnc(-c3ccc(OC4CCOCC4)c(C#N)c3)n2)ccc1C(=O)N1CCN(C2COC2)CC1
D00074,Cc1cc2ncnn2cc1-c1[nH]c2ccc(C3CCN(Cc4ncco4)CC3)cc2c1C(C)C
D00075,Cn1c(=O)oc2ccc(-c3ccc(C[C@@H](C#N)NC(=O)[C@@H]4CNCCCO4)cc3)cc21
D00076,Cc1cc(Nc2ncc(-c3nc(-c4ccccc4)cs3)c(N[C@@H]3C[C@H](CO)[C@@H](O)[C@H]3O)n2)ccn1
D00077,C[C@@H]1CCN(C(=O)C[C@H](N)Cc2cc(F)c(F)cc2F)[C@H](Cc2ccccn2)C(=O)N1
D00078,C[C@]1(c2cc(/C=C(\F)c3ccc(C#C[Si](C)(C)C)cn3)ccc2F)N=C(N)S[C@@]2(C(=O)N3CCOCC3)C[C@H]21
D00079,O=C(NCC1(O)CCCCC1)NC1CCN(Cc2ccn(-c3ccc(C(F)(F)F)cc3)c2)CC1
D00080,CS(=O)(=O)c1ccc(-c2cccnc2-c2ccccc2)cc1
D00081,O=P(O)(O)c1cccc(-c2ccc(CC(Cc3ccc(C(F)(F)P(=O)(O)O)cc3)(c3ccccc3)n3nnc4ccccc43)cc2)c1
D00082,CCCCc1ccc2c(c1)[nH]c(=O)c1[nH]c(-c3ccccc3Cl)nc12
D00083,Nc1ncnc2c1c(-c1ccccc1)cn2-c1ccc(CO)cc1
D00084,CN(C)C(=O)c1cc2cnc(Nc3ccc(N4C[C@H]5CC[C@@H](CC4=O)N5)cn3)nc2n1C1CCCCC1
D00085,N#C/C(=C\c1ccc(O)c(O)c1)C(=O)c1ccc(O)c(O)c1
D00086,Cc1ccc(-c2c(CN)c(CC(C)(C)C)nc(C)c2C(=O)O)cc1
D00087,CC(=O)N1CCc2c(c(Nc3ccc(-c4cncnc4)cc3)nn2C)C1
D00088,COc1cccc2c1CC1(CCCCN1CCCCN1C(=O)CC3(CCCC3)CC1=O)CO2
D00089,O=C(O)[C@H]1CCN1C(=O)Nc1cc(Cl)ccc1-c1ccc(F)cc1
D00090,Cc1nc(C(=O)Nc2ccc(F)c([C@]3(C)CS(=O)(=O)C(C)(C)C(N)=N3)c2)cs1
D00091,N#C[C@@H]1CCCN1C(=O)[C@@H](N)CC(=O)N1CCc2ccccc2C1
D00092,CCCCOCCOC(=O)Cc1c(C)n(C(=O)c2ccc(Cl)cc2)c2ccc(OC)cc12
D00093,CN(C)C(=O)[C@@H](c1ccc(-c2cccc(-c3nnn[nH]3)c2)cc1)[C@H]([NH3+])C(=O)N1CC[C@H](F)C1
D00094,c1ccc(Nc2nnc(-c3ccc4c(c3)OCO4)o2)cc1
D00095,CS(=O)(=O)c1ccc(-c2cc(C(F)(F)F)nc(OCC3CCCC3)n2)cc1
D00096,O=C(c1nc2cccnn2c1-c1ccc(Cl)cc1)N1CCC1
D00097,N#Cc1nc(Nc2cc(F)cc(F)c2)c2ncn(CC(F)F)c2n1
D00098,CCCC[C@H](NC(=O)O[C@@H]1C(=O)NCC1(C)C)C(=O)C(=O)N[C@H](C)c1ccccc1
D00099,CN1CCN(c2ccc(Nc3ncnc(-c4ccc(O[C@@H]5CCN(C(=O)CO)C5)c(C#N)c4)n3)cc2)CC1
D00100,C[C@H](N[C@@H](CCc1ccccc1)C(=O)O)C(=O)N1CCC[C@H]1C(=O)O
D00101,Cc1nn(C2CC2)c2c1[C@@H](c1ccc(Cl)cc1)N(c1cc(C)c3nnc(C)n3n1)C2=O
D00102,CC(C)C[C@@H](C(=O)NCC#N)c1cccc(-c2ccc(N3CCNCC3)cc2)c1
D00103,CCOc1ccc(C[C@@H](NC(=O)c2ccccc2)C(=O)N[C@@H](Cc2ccccc2)C(=O)NCc2ccc(CN)cc2)cc1
D00104,O=c1cc(N2CCOCC2)nc(Cc2nc3c(-c4ccccc4)cccc3[nH]2)[nH]1
D00105,NC1=N[C@](CF)(c2cc(NC(=O)c3ccc(Cl)cn3)ccc2F)C[C@@H](C(F)(F)F)O1
D00106,CC(C)(C)c1nc2c3cc[nH]c(=O)c3c3cc(F)ccc3c2[nH]1
D00107,CC(c1cc2cc(-c3cnn(C)c3)cnc2cc1F)n1nnc2ncc(-c3cnn(CCO)c3)nc21
D00108,CS(=O)(=O)C1(c2cc(N3CCOCC3)nc(-c3cccc4[nH]ccc34)n2)CCOCC1
D00109,COc1ccc2[nH]c3c(N4CCN(CCc5ccc(F)c(F)c5)CC4)ncnc3c2c1[N+](=O)[O-]
D00110,CC(C)c1nc(CN(C)C(=O)N[C@H](C(=O)N[C@@H](Cc2ccccc2)C[C@H](O)[C@H](Cc2ccccc2)NC(=O)OCc2cncs2)C(C)C)cs1
D00111,C=CCc1ccccc1OCC(O)CNC(C)C
D00112,CC1(C)OC(=O)N([C@H]2CC[C@H](c3cnc(N)c(-c4ncccn4)c3)CC2)[C@H]1c1ccccc1
D00113,CCc1nc(CC(C)(C)C)c(CN)c(-c2ccc(C)cc2)c1CC(=O)O
D00114,O=C(OCC#CCSc1nnc(-c2cccc3ccccc23)o1)c1ccc(F)c(F)c1
D00115,O=C(NO)c1ccc(Cn2c3c(c4ccccc42)CNCC3)cc1
D00116,CCCC[C@H](NC(=O)[C@H](CC(=O)O)NC(=O)[C@H](Cc1ccccc1)NN[C@@H](Cc1ccccc1)C(=O)NCC(=O)N[C@H](C)C(=O)N[C@@H](Cc1ccc(O)cc1)C(=O)O)C(=O)N[C@H](Cc1c[nH]c2ccccc12)C(=O)O
D00117,C=CC(=O)Nc1ccc2ncnc(Nc3cccc(Br)c3)c2c1
D00118,CN1CC(=O)N=C1NC(=O)Nc1cccc(Cl)c1
D00119,NC(=O)c1cnc2ccc(-c3c(-c4ccc(F)c(Cl)c4)ncn3C3CC(F)(F)C3)nn12
D00120,CC(C)NCC(O)COc1cccc2ccccc12
D00121,C=Cc1ccc(CN2C(=O)C(=O)c3cc(S(=O)(=O)N4CCC[C@H]4COC)ccc32)cc1
D00122,CC(C)(CC(=O)N[C@@H]1C[C@H]1c1cccc(Cl)c1)NCC(=O)N1CCC[C@H]1C#N
D00123,Cc1cc(C)c(S(=O)(=O)N[C@@H](C)CNc2cccc3c2cnn3-c2ccc(F)cc2)c(C)c1
D00124,COc1cc(-c2cnc3[nH]cc(-c4ccc(N)nc4)c3c2)cc(OC)c1OC
D00125,CO[C@H]1CN(c2nc(-c3ncnn3C)c(C(=O)O)s2)CC[C@H]1NC(=O)c1[nH]c(C)c(Cl)c1Cl
D00126,CCC(C(=O)N[C@H]1C2CC3CC1C[C@](C(N)=O)(C3)C2)N1CCCC(F)(F)C1
D00127,CN1CC=C(c2c[nH]c3ccc(N=C(N)c4ccco4)cc23)CC1
D00128,Cc1cc(NC(=O)N2C[C@H]3C[C@@H](c4ccccc4C(F)(F)F)C[C@H]3C2)c(C(=O)O)cn1
D00129,C[C@@H](Oc1cc(-c2ccc(F)cn2)cc2nn(C)cc12)[C@H]1CNC(=O)C1
D00130,CC(=O)c1ccc(N2CCN(C(=O)CN3CC[C@@H](C(=O)Nc4ccc(O)c(Cl)c4)C3)CC2)cc1
D00131,CC(=O)c1cccc(-c2ccc(Cc3nnn(C(=O)N(C)C)n3)cc2)c1
D00132,OC[C@H]1NC[C@H](O)[C@@H](O)[C@@H]1O
D00133,COc1ccc2c(c[n+](C)c3c4cc5c(cc4ccc23)OCO5)c1OC
D00134,N[C@H]1C[C@@H](N2Cc3nn4c(C(F)(F)F)ccnc4c3C2)CO[C@@H]1c1cc(F)c(F)cc1F
D00135,CC[C@H]1OC(=O)[C@H](C)[C@@H](O[C@H]2C[C@@](C)(OC)[C@@H](O)[C@H](C)O2)[C@H](C)[C@@H](O[C@@H]2O[C@H](C)C[C@H](N(C)C)[C@H]2O)[C@](C)(O)C[C@@H](C)C(=O)[C@H](C)[C@@H](O)[C@]1(C)O
D00136,C#CCOc1cnc(C(=O)Nc2ccc(F)c([C@@]3(C(F)F)N=C(N)O[C@@H]4C[C@@H]43)c2)cn1
D00137,CC(=O)c1ccc(OCc2cccc(Cl)c2)cc1O
D00138,O=C(NCCN1CCC2(CC1)C(=O)NCN2c1ccc(F)c(F)c1)c1ccc2ccccc2c1
D00139,CNc1cc(-c2ccc3c(N)n[nH]c3c2)nc(N)n1
D00140,Cc1c(CC(=O)O)c2cccnc2n1Cc1ccc(S(C)(=O)=O)cc1C(F)(F)F
D00141,Cc1ccc(-c2c(C)c(CNC3CCCC3F)nn2-c2ncccc2Cl)cn1
D00142,NC1=NC2(CCO1)c1cc(NC(=O)c3ccc(Cl)cn3)ccc1Oc1cnc(-c3ccnc(F)c3)cc12
D00143,C[C@@H]1Cc2c([nH]c3ccccc23)[C@@H](c2nccc(OCCNCCCF)c2F)N1CC(F)F
D00144,O=C(Cc1cc[n+]([O-])cc1)N1CCN([C@H]2c3ccc(Cl)cc3CCc3cc(Br)cnc32)CC1
D00145,CC(C)NC(=O)c1noc([C@H](CCCC2CCCCC2)CC(=O)NO)n1
D00146,CC1(C)COCCN1C(=O)[C@]12C[C@H]1[C@@](C)(c1cc(/C=C(\F)c3ccc(C#N)cn3)ccc1F)N=C(N)S2
D00147,Cc1cc(-c2nc(C)n(C)c2-c2ccc3ncsc3c2)ccc1F
D00148,CC(C)Oc1cc([C@@](Cc2ccccc2)(NC[C@H](O)CC(F)(F)F)c2cc(F)cc(OC(F)(F)C(F)F)c2)ccc1F
D00149,C[C@]12CC[C@H]3[C@@H](CC[C@H]4CC(=O)CC[C@@]43C)[C@@H]1CC[C@@H]2O
D00150,N[C@@H](CC(=O)N1CCC[C@H]1CNC(=O)C1CC1(F)F)Cc1cc(F)c(F)cc1F
D00151,CC[C@@]1(O)C(=O)OCc2c1cc1n(c2=O)Cc2cc3ccccc3nc2-1
D00152,CCc1ccc2c(-c3ccc(S(C)(=O)=O)cc3)c(-c3ccc(F)cc3)nn2n1
D00153,O=c1c(O)c(-c2ccccc2)oc2ccccc12
D00154,Cc1c(-n2c3ccc(F)cc3c3[nH]ncc32)cnc2[nH]cnc12
D00155,CCOc1nn(C)cc1Nc1ncc(C)c(-c2c[nH]c3c(NC(=O)[C@@H](C)N4CCN(C)C[C@H]4C)cccc23)n1
D00156,CN(C/C=C/C=C/c1ccc(-c2ccccc2)cc1)Cc1ccc2c(c1)OCCC2.Cl
D00157,NC(=O)C(Nc1c(Nc2ccncc2)c(=O)c1=O)c1cccc(O)c1
D00158,CC[C@@H](C)[C@H](N)C(=O)N1Cc2ccc(F)cc2C1
D00159,Cc1nc(NCCCN2CCOCC2)cc(Nc2cc(-c3cccc(NS(=O)(=O)c4ccccc4)c3)n[nH]2)n1
D00160,CC(=O)N[C@@H](CCCCNC(=O)CSCCNC(=O)CCNC(=O)[C@H](O)C(C)(C)COP(=O)(O)OP(=O)(O)OC[C@H]1O[C@@H](n2cnc3c(N)ncnc32)[C@H](O)[C@@H]1OP(=O)(O)O)C(N)=O
D00161,Cn1cc(-c2cc(F)c(Nc3nn(C4CCOCC4)c4c3CN(C(N)=O)CC4)cc2C(F)F)cn1
D00162,C[C@@H](c1ccc(OC(F)F)cc1)N1CC[C@](CCC(N)=O)(c2ccc(F)cc2)OC1=O
D00163,COc1cc(NC(=O)c2ccc(-c3ccc(Cl)cc3)o2)cc(OC)c1
D00164,Cc1cc(COc2ccc(S(=O)(=O)CC(C3CCC(N=O)CC3)N(O)C=O)cc2)c2ccccc2n1
D00165,CCC(=O)n1nc(-c2cccnc2)nc1NCc1cccs1
D00166,CC(C)(O)c1cnc2ccc(-c3c(-c4ccc(F)cc4)ncn3CC(F)F)nn12
D00167,COc1ccc(C(=O)Nc2ccc(C(=O)N(c3ccncn3)c3ccccc3Cl)cc2)cc1
D00168,COc1cnc(C(=O)Nc2ccc(F)c([C@]3(CF)C[C@@H](C(F)(F)F)OC(N)=N3)c2)c(Cl)c1
D00169,CC[C@H](C)[C@H](NC(=O)[C@H](CCC(N)=O)NC(=O)[C@H](Cc1c[nH]c2ccccc12)NC(=O)OCc1ccccc1)C(=O)N[C@H](C=CS(C)(=O)=O)CC(=O)O
D00170,COc1ccc2c(c1)c(Cc1nc3c(F)c(F)cc(F)c3s1)cn2CC(=O)O
D00171,CC(C)NC(=O)[C@@H](c1ccc(-c2ccc(F)cc2)cc1)[C@H]([NH3+])C(=O)N1CC[C@H](F)C1
D00172,Nc1ncnc2c1ncn2[C@@H]1O[C@H](COP(=O)(O)O[C@@H]2[C@H](O)[C@@H](COP(=O)(O)O[C@@H]3[C@H](O)[C@@H](COP(=O)(O)O)O[C@H]3n3cnc4c(N)ncnc43)O[C@H]2n2cnc3c(N)ncnc32)[C@@H](O)[C@H]1O
D00173,Cc1c(C(=O)Nc2ccc(-c3ccc(S(=O)(=O)N[C@H](C(=O)O)C(C)C)cc3)cc2)oc2cccc(NS(C)(=O)=O)c12
D00174,CC[C@@H](c1ccc(-c2ccc(=O)n(C)c2)cc1)N1CC[C@](CCO)(c2ccccc2)OC1=O
D00175,COc1ccc2c(c1)C(=O)N(c1nc(C(=O)Nc3cnccc3N3CCNCC3)cs1)C2
D00176,Nc1cc2c(Nc3cccc(Br)c3)ncnc2cc1Cl
D00177,Cc1nc(NCCN(C)C)cc(Nc2cc(-c3cccc(NS(=O)(=O)c4ccccc4)c3)n[nH]2)n1
D00178,Cc1ccc(F)cc1CN(c1ccc(C#N)c(Cl)c1)[C@H]1CCN(C(=O)[C@H](C)O)C1
D00179,O=C(O)c1cccc(Nc2ccc(C(F)(F)F)cc2)c1
D00180,Cc1ccsc1CNc1cnccc1C(=O)O
D00181,Cc1nn(C2CCCC2)c(C)c1S(=O)(=O)N[C@@H](C)CNc1cccc2c1cnn2-c1ccc(F)nc1
D00182,CN[C@@H]1C[C@H]2O[C@@](C)([C@@H]1OC)n1c3ccccc3c3c4c(c5c6ccccc6n2c5c31)C(=O)NC4
D00183,Cc1ccc(CCC(=O)c2c(O)cc(O)c([C@@H]3O[C@H](CO)[C@@H](O)[C@H](O)[C@H]3O)c2O)cc1
D00184,O=C(O)[C@@H]1[C@@H](S(=O)(=O)c2ccc(-c3ccc(Cl)cc3)cc2)CC[C@H]1Cn1nnc2ccccc2c1=O
D00185,N[C@@H](CC(=O)N1CCn2c(nnc2C(F)(F)F)C1)Cc1cc(F)c(F)cc1F
D00186,COc1ccc2cc(-c3nn(C(C)(C)C)c(N)c3C(N)=O)cnc2c1
D00187,Cn1nc(C(F)(F)F)c2c1CN(C(=O)C[C@H](N)Cc1cc(F)ccc1F)CC2
D00188,CC(=O)N1CCN(c2cc(-c3cc(C(F)(F)F)c4c(N)ncnn34)ccc2C#N)C(=O)C1(C)C
D00189,CC1(C)CC[C@]2(C(=O)O)CC[C@]3(C)C(=CC[C@@H]4[C@@]5(C)CC[C@H](O)C(C)(C)[C@@H]5CC[C@]43C)[C@@H]2C1
D00190,N#CC1(NC(=O)[C@@H]2CCCC[C@H]2C(=O)N2CCN(c3ccc(F)cc3)CC2)CC1
D00191,COc1cccc(N(C)C(=O)c2ccc(-c3cccc(OC)c3F)s2)c1
D00192,C[C@@H](C#N)NC(=O)[C@@H]1CCCC[C@H]1C(=O)N1CCc2[nH]c3ccc(F)cc3c2C1
D00193,O=C(NC1CCCCC1)[C@H](C1CCCCC1)n1c(-c2ccc(Cl)cc2)nc2cc(F)c(Cl)cc21
D00194,CS(=O)(=O)N1CCN([C@H]2C[C@@H](C(=O)Nc3ccc(C(=O)O)cc3)N(C(=O)c3ccc(C(=N)N)cc3)C2)CC1
D00195,COc1cc(-c2nn(C3CCN(C4CCOCC4)CC3)c3ncnc(N)c23)ccc1NC(=O)c1ccc(C(F)(F)F)cc1F
D00196,N#Cc1ccc(Cl)cc1S[C@H](CCN)c1ccccc1
D00197,C#CCOc1cnc(C(=O)Nc2cc(Cl)c(F)c([C@]3(C)C[C@@H](C(F)(F)F)OC(N)=N3)c2)cn1
D00198,O=C([C@@H]1C[C@H](n2cc(-c3ccc(F)cc3F)nn2)CN1C(=O)CCCc1ccccc1)N1CCCC1
D00199,COc1c(Cl)cc(C2=C(c3ccc(S(C)(=O)=O)cc3)CC3(CC3)C2)cc1Cl
D00200,COc1cc2c(cc1OC(C)C)C(c1ccc(Cl)cc1)N(C1CCC(C(O)c3cccc(F)c3)CC1)C(=O)C2
D00201,Cl.NOCc1ccc(I)cc1
D00202,Cc1noc(C)c1S(=O)(=O)N(C)[C@H]1CC[C@H]([C@H](N)Cc2cc(F)ccc2F)CC1
D00203,O=C(O[C@@H]1Cc2c(O)cc(O)cc2O[C@@H]1c1cc(O)c(O)c(O)c1)c1cc(O)c(O)c(O)c1
D00204,COC(=O)N[C@@H]1CC(C)(C)c2ccc(Nc3nc(NCC(F)F)c4occc4n3)cc2NC1=O
D00205,CC[C@@H]1C(=O)NC[C@@H](C)CN1C(=O)C[C@H](N)Cc1cc(F)c(F)cc1F
D00206,Fc1ccc(-c2ncn(CC(F)F)c2-c2ccc3nccn3c2)cc1Cl
D00207,CC(c1ccc(C#N)cc1)N1C[C@H](N)[C@H](C(=O)N2CCC[C@H]2C#N)C1
D00208,CC(F)CN1[C@H](c2ccc(NC3CN(CCCF)C3)cn2)c2ccc3[nH]ncc3c2C[C@H]1C
D00209,COc1ccc(CCC(=O)N2C[C@@H](NC(=O)c3cccnc3)C[C@H]2C(=O)NO)cc1OC
D00210,Fc1ccc(-c2ncn(CC(F)F)c2-c2ccc3nccn3c2)cc1F
D00211,CCOc1nn(CC)cc1Nc1ncc(C)c(-c2c[nH]c3c(NC(=O)[C@@H](C)N4CCN(C)CC4)cccc23)n1
D00212,Cc1cc2c(N)noc2c(N2CC[C@@H](NC(=O)c3ccc(-n4cnnc4)cc3Cl)C2)n1
D00213,CC(O)(CS(=O)(=O)c1ccc(F)cc1)C(=O)Nc1ccc(C#N)c(C(F)(F)F)c1
D00214,CN1CCC(NC(=O)c2cnc(Nc3cc(Cl)cc(Cl)c3)nc2NC2CCC(N(C)C)CC2)CC1
D00215,Cc1cc(Nc2nn(-c3ccccc3)c(=O)c3ccccc23)[nH]n1
D00216,COc1cc2c(cc1Oc1ccccc1)C[C@H](N)C(=O)N2O
D00217,CCCCCCCCS(=O)(=O)CC(=O)C(F)(F)F
D00218,CC(C)[C@H](NS(=O)(=O)c1ccc(-c2ccc(Cl)cc2)cc1)C(=O)O
D00219,O=[N+]([O-])c1cccc2c1c1ncnc(N3CCN(CCc4ccc(F)c(F)c4)CC3)c1n2CCc1ccccc1
D00220,COc1cc(Cc2cnc(N)nc2N)cc(OC)c1OCCCCl
D00221,COc1ccc2c(c1)c(CC(=O)O)c(C)n2C(=O)c1ccc(CCl)cc1
D00222,CNc1ncnc(-c2cccnc2Oc2cc(NC(=O)c3cccc(OC(F)(F)C(F)F)c3)ccc2C)n1
D00223,CCn1sc(=O)n(CCOC)c1=O
D00224,COc1ccc(-n2nc(C(C)C)cc2NC(=O)Nc2ccc(Oc3ccnc(Nc4cc(OC)cc(C(=O)NCCN5CCOCC5)c4)n3)c3ccccc23)cc1
D00225,CCC(C)n1ncn(-c2ccc(N3CCN(c4ccc(OC[C@H]5CO[C@](Cn6cncn6)(c6ccc(Cl)cc6Cl)O5)cc4)CC3)cc2)c1=O
D00226,COc1cc(F)cc2c1nc(C)c1c(C)nc(-c3ccncc3C)n12
D00227,Cc1cc(Cl)cc(-c2nc(C(F)(F)F)cn2-c2ccc(S(N)(=O)=O)cc2)c1
D00228,O=c1cc(N2CCOCC2)nc(Cc2nc3ccc(Br)cc3[nH]2)[nH]1
D00229,CN[C@@H](C)C(=O)N[C@H]1CN(C(C)=O)c2cc(C(F)(F)F)ccc2N(Cc2c(C3CC3)ccc3c(C#N)cccc23)C1=O
D00230,CC(=O)N[C@@H](CC(=O)NCCCCOCc1ccccc1)C(=O)N[C@@H](CC(C)C)B1O[C@@H]2C[C@@H]3C[C@@H](C3(C)C)[C@]2(C)O1
D00231,CC(C)[C@@H](NS(=O)(=O)c1ccc(-c2ccc(COc3ccc4c(c3)CCCC4=O)cc2)cc1)C(=O)O
D00232,COCCNC(=O)c1cc(CCOc2ccc(NC(=O)Nc3cc(C(C)(C)C)nn3-c3ccc(C)cc3)c3ccccc23)ccn1
D00233,COc1cc(Cc2cnc(N)nc2N)cc(OC)c1OC
D00234,Cc1ccc(C(=O)NC2CC2)cc1-c1ccc(C(=O)NCC2CC2)cc1
D00235,O=C(CCCCc1ccn(Cc2ccc(Nc3ccccc3)cc2)n1)NO
D00236,CC[C@H](C)[C@H](NC(=O)OCc1ccccc1)C(=O)N[C@@H](COCc1ccccc1)C(=O)N[C@@H](C)C(=O)N[C@H](C=CS(C)(=O)=O)CC(C)C
D00237,C[C@H]1CNC[C@@H](C)N1c1ccc(-c2cnc3c(-c4cccc5[nH]c(=O)ccc45)cnn3c2)cc1
D00238,Oc1cc(O)c2c(O)c(-c3cccc(Cl)c3)cnc2c1
D00239,Cc1cccc(-c2[nH]c(CNc3ccccc3F)nc2-c2ccc3ncnn3c2)n1
D00240,CN[C@@H](C)C(=O)N[C@H]1CN(C(C)=O)c2cc(C#N)ccc2N(Cc2c(OC)ccc3c(Br)cccc23)C1=O
D00241,COC[C@@H]1CCCN1S(=O)(=O)c1cc(I)c2c(c1)C(=O)C(=O)N2CCCCF
D00242,CN(C)C(=O)c1cc2cnc(Nc3ccc(N4CCN5CCCCC5C4=O)cn3)nc2n1C1CCCC1
D00243,Cc1c(Nc2c(C#N)cnc3sc(/C=C/C(=O)N4CCCC4)cc23)ccc2[nH]ccc12
D00244,CCCCc1nn(-c2ccc(Cl)cc2Cl)c(C(=O)O)c1Cc1ccc(-c2ccccc2-c2nnn[nH]2)cc1
D00245,OC[C@H]1[C@@H](O)[C@H](O)[C@@H](O)CN1CCCCCOCc1ccc(-c2ccccc2)cc1F
D00246,O=C1c2ccccc2S(=O)(=O)N1c1c(F)c(F)nc(F)c1F
D00247,O=C(CCCN1CCC(O)(c2ccc(Cl)cc2)CC1)c1ccc(F)cc1
D00248,Cc1cc(C(=O)Nc2ccc(-c3ccccc3S(N)(=O)=O)cc2)n(-c2cc3ccccc3cc2F)n1
D00249,CN1[C@H]2CC[C@@H]1[C@@H](C(=O)N1CCCC1)[C@@H](c1ccc(Cl)cc1)C2
D00250,COC[C@H]1OC(=O)c2coc3c2[C@@]1(C)C1=C(C3=O)[C@@H]2CCC(=O)[C@@]2(C)C[C@H]1OC(C)=O
D00251,CCOC(=O)n1ccc2c1C(c1ccc(Cl)cc1)N(c1cc(C)c3nnc(C)n3c1)C2=O
D00252,CCOC(=O)c1c(C)[nH]c(/C=C2\C(=O)Nc3ccccc32)c1C
D00253,CONC(=O)c1ccc(C)c(Nc2nc(N(C)CC(C)(C)C)nc(N3CCCN(C)CC3)n2)c1
D00254,O=C(CS)NCCCCCC(=O)Nc1cccc2cccnc12
D00255,COc1cc2c(cc1OCCCCN1CCCCC1)C(=O)/C(=C\c1ccncc1)C2
D00256,CC(C)(CC(=O)N1CC[C@@H](F)C1)NCC(=O)N1C[C@@H](F)C[C@H]1C#N
D00257,Nc1ncc(Cc2cc(Br)c(N)c(Br)c2)c(N)n1
D00258,Cn1c(-c2ccc(-c3cnccn3)cc2Cl)nnc1C1(c2ccc(Cl)cc2)CC(F)C1
D00259,CC1(C)OCC(C[C@@H](CS(=O)(=O)c2ccc(Oc3ccc(OC(F)(F)F)cc3)cc2)N(O)C=O)O1
D00260,O=C(Nc1cccc(F)n1)c1cc(Oc2cncc(F)c2)cn2ccnc12
D00261,CC(C)n1nc(C(=O)NCC2CCN(CCc3ccc(C(=O)O)cc3)CC2)c2ccccc21
D00262,Cc1cn(C2CCN(C)C2=O)c2c1C(=O)N(c1cc(C)c3nnc(C)n3c1)C2c1ccc(Cl)cc1
D00263,CC#CCn1c(N2CCC[C@@H](N)C2)nc2c1c(=O)n(Cc1nc(C)c3ccccc3n1)c(=O)n2C
D00264,CC(C)CCn1cnc2c1CC[C@@](CCCN)(C(=O)O)C2
D00265,O=C(OC[C@H](Cc1ccc(O)cc1)NS(=O)(=O)c1ccccc1)c1cc(O)c(C(=O)c2c(O)cccc2C(=O)O)c(O)c1
D00266,Cc1ccc(C(=O)Nc2ccc(C(=O)N3CCCC(N(C)C)c4ccccc43)cc2)cc1
D00267,CC(C)CN(C)c1cc2c(cc1Cl)C=C(C(=O)O)[C@H](C(F)(F)F)O2
D00268,CCN1CCN(C(=O)c2cc(C)c(/C=C3\C(=O)Nc4ncnc(Nc5ccc(F)c(Cl)c5)c43)[nH]2)CC1
D00269,COc1ccccc1Oc1c(NS(=O)(=O)c2ccc(C(C)(C)C)cc2)nc(-c2ncccn2)nc1OCCO
D00270,CC(NC(C)(C)C)C(=O)c1cccc(Cl)c1
D00271,Cc1cc2c(=O)n(Cc3ccccc3C#N)c(N3CCC[C@@H](N)C3)nc2[nH]1
D00272,O=c1ccc2ccc(O)cc2o1
D00273,O=C(/C=C/c1ccc(C(=O)Nc2cccc(Nc3ncc(-c4cccnc4)s3)c2)s1)NO
D00274,Cc1ccsc1C(=CCCN1CCC[C@@H](C(=O)O)C1)c1sccc1C
D00275,O=C(OC1CCNCC1)[C@@H]1CC[C@@H]2CN1C(=O)N2OS(=O)(=O)O
D00276,CCCCNc1ncc(-c2cc(Nc3cccc(-c4ccccc4)c3)ncn2)c(N[C@H]2CC[C@H](O)CC2)n1
D00277,O=C1CCc2ccccc2N1CCCN1CCN(c2ccccc2)CC1
D00278,N#CCCN1N=C(c2ccc(OCc3ccccc3)cc2)OCC1=O
D00279,CCn1cnc2c(Nc3cccc(Cl)c3)nc(NCCN)nc21
D00280,COc1cc(C(F)(F)F)ccc1-c1ccnc2cc(S(=O)(=O)Nc3nccs3)ccc12
D00281,COc1cc2c(cc1Cl)C(c1ccc(Cl)c(Cl)c1)=NCC2
D00282,CCCc1nn(C)c2c(=O)[nH]c(-c3cc(S(=O)(=O)N4CCN(C)CC4)ccc3OCC)nc12
D00283,O=C(NC1CCCS(=O)(=O)C1)c1ccc(Oc2ccc(C#C[C@]3(O)CN4CCC3CC4)cc2)cc1
D00284,NC1CCCC(N[C@H]2C[C@@H]2c2ccccc2)C1
D00285,CCN(CCN(C)C)C(=O)CNCc1cc(C(N)=O)ccn1
D00286,CC1(c2ccccc2)CCCN(C(=O)Nc2ccc(Cl)cc2)C1
D00287,Cc1c(CC(=O)O)c2ccsc2n1S(=O)(=O)c1ccc(S(C)(=O)=O)cc1
D00288,O=c1ccc(-c2nc3ccc(S(=O)(=O)CC(F)(F)F)cc3[nH]2)cn1-c1ccccc1
D00289,Cc1ccc(-n2nc(C(C)(C)C)cc2NC(=O)Nc2ccc(Oc3ccnc(Nc4ccccc4Cl)n3)c3ccccc23)cc1
D00290,O=C(c1cc([C@H]2CCCN2c2cc(F)cc(F)c2)c2oc(N3CCOCC3)cc(=O)c2c1)N1CCOCC1
D00291,O=C(/C=C/c1ccc(CN(CCO)CCc2c[nH]c3ccccc23)cc1)NO
D00292,COC(=O)c1ccc(-c2ccc(O[C@H]3O[C@H](CO)[C@@H](O)[C@H](O)[C@@H]3O)cc2Cl)cc1
D00293,C[C@H](O)C(=O)N1CC(Oc2ccc(-c3ncnc(Nc4ccc(N5CCN(C6COC6)CC5)cc4)n3)cc2C#N)C(F)(F)C1
D00294,CNC(=O)[C@@H](NC(=O)[C@H](CCCc1ccccc1)[C@H](C)N(O)C=O)C(C)(C)C
D00295,C[C@](O)(c1cncc(-n2nc(C(F)(F)F)c3ccccc32)c1)C(F)(F)F
D00296,CN[C@H]1CC[C@](CCOc2cc(F)c(S(=O)(=O)Nc3ncns3)cc2F)(c2ccccc2)CC1
D00297,COc1ccc(C(=O)c2c(C)n(Cc3cc(O[C@@H](C)C(=O)O)ccc3F)c3nc(OC)ccc23)cc1
D00298,C[C@@H](Oc1cc(-c2ccc(N3CCN(C)CC3)cc2)cc2nn(C)cc12)[C@H]1CNC(=O)C1
D00299,O[C@@H](c1cccnc1-c1cc(Cl)cc(Cl)c1)C(c1cccnc1)c1cccnc1
D00300,CC(=O)NCCCc1nc2ccccc2n1Cc1ccc(C(=O)NO)cc1
D00301,O=c1cc(CN2CCOc3c(Cl)cc(-n4ccc5cc(F)ccc54)cc3C2)cc[nH]1
D00302,CN1C[C@H](c2ccc(/C=C/C(=O)Nc3ccccc3N)cc2)[C@@H](C(=O)Nc2ccc(Cl)cc2)C1
D00303,O=C(Nc1nc(-c2ccncc2)cs1)C1COc2ccccc2O1
D00304,COc1cc2cc(NC(=O)[C@H]3CCC[C@@H](NCc4ccccc4)C3)c(=O)oc2cc1OC
D00305,O=C(NCCN1CCOCC1)c1c[nH]c(=O)c(Cl)c1
D00306,Cc1ccc2c(n1)[C@H]([C@@H](C)C(=O)Nc1ccc(Cl)c(-c3nc4ccccc4n3C)c1)CC[C@H]2C
D00307,CCCCCCCCN1C[C@H](O)[C@@H](O)[C@H](O)[C@@H]1CO
D00308,C[C@H](c1ccccc1)N1[C@H]2CC[C@@H]1C[C@@H](Oc1cccc(C(N)=O)c1)C2
D00309,Cc1cc(Cc2cnc(N)nc2N)cc(C)c1O
D00310,O=c1cc(CN(c2cccc(Cl)c2)c2ccccn2)c2ccc(F)c(F)c2[nH]1
D00311,Cc1ccccc1-c1ccc2c(C)cc(Nc3ccc(C(=N)N)cc3)nc2c1
D00312,Cc1c(N[C@H]2CCCNC2)nc2ccnn2c1Nc1ccc2c(cnn2C)c1
D00313,Cn1ncc(-c2ccncc2)c1-c1ccc(OCc2cc(NCCF)c3ccccc3n2)cc1
D00314,O=c1[nH]cnc2[nH]ncc12
D00315,Cc1c2c(n3c1CCCN1C[C@@H](F)C[C@@H]1CNc1cc-3ccc1C(N)=O)CC(C)(C)CC2=O
D00316,Cc1c(Cc2ccc(=O)n(Cc3ccc(F)cc3F)n2)c2cc(F)ccc2n1CC(=O)O
D00317,CCC(C)(C)C(=O)O[C@H]1C[C@@H](C)C=C2C=C[C@H](C)[C@H](CC[C@@H]3C[C@@H](O)CC(=O)O3)[C@H]21
D00318,CN[C@@H](C)C(=O)N[C@H]1CN(C(=O)c2ccc(NC(=O)OCC3c4ccccc4-c4ccccc43)cc2)c2ccccc2N(Cc2c(OC)ccc3cc(C(=O)OC)ccc23)C1=O
D00319,CC(C)N1C2CCC1CN(C(=O)c1ccc(Nc3ncc4cc(C(=O)N(C)C)n(C5CCCC5)c4n3)nc1)C2
D00320,CCN(CC)Cc1ccc(C(=O)Nc2ccc(Cl)cc2C(=O)Nc2ccc(Cl)cn2)cc1
D00321,CC(C)(C(=O)OC(=O)C(C)(C)C(NC(=O)c1ccc(C#N)cc1)c1ccccc1)C(NC(=O)c1ccc(C#N)cc1)c1ccccc1
D00322,O=C1NCCN1CCN1CCC(c2cn(-c3ccc(F)cc3)c3ccc(Cl)cc23)CC1
D00323,Cc1cc2c(cn1)[nH]c1[n+]2C[C@H]([NH3+])[C@@H](c2cc(F)c(F)cc2F)C1
D00324,CNC(=O)[C@@]12C[C@@H]1[C@@H](n1cnc3c(NC)nc(C#Cc4ccc(F)c(F)c4)nc31)[C@H](O)[C@@H]2O
D00325,O=C(/C=C/c1cccnc1)c1cccc2ccccc12
D00326,CC1=C(C(=O)N[C@H](C)C(=O)N[C@@H](Cc2c[nH]c3ccccc23)C(=O)N[C@H](/C=C/S(C)(=O)=O)Cc2ccccc2)Cc2ccccc21
D00327,N[C@H]1CN(c2ccncc2Nc2ncc3ccc(-c4c(F)cccc4F)nn23)C[C@@H](N)[C@@H]1O
D00328,CS(=O)(=O)C1(c2cc(N3CCOCC3)nc(-c3cccc4[nH]ccc34)n2)CC1
D00329,Cc1c(-c2c(F)cc(C(N)=O)c3[nH]c4c(c23)CC[C@H](C(C)(C)O)C4)cccc1-n1c(=O)c2cccc(F)c2n(C)c1=O
D00330,COc1cc(N2CCN(C(C)=O)CC2)ccc1Nc1ncc(Cl)c(-c2cnn3ccccc23)n1
D00331,NC1=NC2(CCO1)c1cc(NC(=O)c3ccc(Cl)cn3)ccc1Oc1c2cc(C2=CCCOC2)nc1F
D00332,CC(C)[C@H](Cc1ccc(C(F)(F)F)cc1)C(=O)NC[C@@]1(C2CC2)NC(=O)NC1=O
D00333,Nc1ncc(NC(=O)c2cc(NC(=O)c3cccc(C(F)(F)F)c3)ccc2Cl)cc1Cl
D00334,O=C(O)c1cc(O)c(O)c(O)c1
D00335,CCCN(C(=O)c1ccc2ccccc2c1)C1CCNCC1
D00336,CC(Cc1c[nH]c2ccccc12)(NC(=O)OC1[C@H]2C[C@@H]3C[C@@H](C[C@H]1C3)C2)C(=O)NCC[C@H](NC(=O)CCC(=O)O)c1ccccc1
D00337,O=C(CCCN1CCC2(CC1)C(=O)NCN2c1ccccc1)c1ccc(F)cc1
D00338,Cc1cc(Nc2nc([C@@H](O)c3ccc(F)cc3)nc3ccccc23)n[nH]1
D00339,Cc1c(Nc2c(C#N)cncc2-c2ccc(OCCN3CCN(C)CC3)cc2)ccc2[nH]ccc12
D00340,Cc1c(O[C@@]2(C)CCN(Cc3ccccc3)C2)cc(F)c(S(=O)(=O)Nc2cscn2)c1F
D00341,COC(=O)CN(c1ccc(CN(c2ccc(OCc3ccc(C)cc3)c(C(=O)OC)c2)S(=O)(=O)Cc2ccccc2)cc1)S(C)(=O)=O
D00342,O=C(NCc1ccc(OC(F)(F)F)cc1)C1c2ccccc2C(=O)N1C1CCC(F)(F)CC1
D00343,Cc1cc(CN)ccc1CNC(=O)c1cc(C)n(Cc2csc(-c3ccccc3)n2)c1C
D00344,Cn1nccc1-c1cc(Cl)ccc1Oc1cc(F)c(S(=O)(=O)Nc2ncns2)cc1F
D00345,CCc1cc(Oc2cccc(N(Cc3cccc(OC(F)(F)F)c3)C[C@@H](O)C(F)(F)F)c2)ccc1Cl
D00346,[C-]#Cc1cnc2ccc(-c3c(-c4ccc(F)cc4)ncn3C(COC)C3CC3)nn12
D00347,COc1ccc(C2=NN(CCCCOc3ccc(-c4ccc(=O)[nH]n4)cc3)C(=O)CC2C)c2cc(C(F)(F)F)nn12
D00348,CCn1cnc2c(N3CCCC3=O)cc(C(=O)N[C@@H](Cc3ccccc3)[C@H](O)CNCc3cccc(C(F)(F)F)c3)cc21
D00349,CCCCn1c(CCc2ccc(Cl)cc2)nnc1CN1C(=O)COc2ccc(Cl)cc21
D00350,N#Cc1cc(-c2ncnc(Nc3ccc(N4CCN(C5COC5)CC4)cc3)n2)ccc1O[C@H]1CCN(c2ccccn2)C[C@H]1F
D00351,CC1(C)[C@@H](O)CC[C@@]2(C)[C@H]1CC[C@]1(C)[C@@H]2C(=O)C=C2[C@@H]3C[C@@](C)(C(=O)O)CC[C@]3(C)CC[C@]21C
D00352,CN(C)C(=O)[C@@H](c1ccc(-c2ccc3ncnn3c2)cc1)[C@H]([NH3+])C(=O)N1CCCC1
D00353,Cc1cc(Nc2nn(C(C)C)c(=O)c3ccccc23)[nH]n1
D00354,O=C(O)/C=C/c1ccc(OC(=O)CCc2ccccc2)c(OCc2cccc(O)c2)c1
D00355,C[C@@H](Nc1c(Nc2ccncc2)c(=O)c1=O)c1ccccc1
D00356,CC(C)NCc1cccc2nc(-c3n[nH]c4ncc(-c5cncc6ccccc56)cc34)[nH]c12
D00357,O=C(Nc1ccc(Cl)cc1C(=O)Nc1ccc(Cl)cn1)c1ccc(CN2CCNC2=O)cc1
D00358,CCNc1cncc(N(C)CC)c1CN
D00359,FC(F)(F)c1ccccc1-c1cc2cn[nH]c2cc1OCC1CC1
D00360,N#CC(C#N)=C1C(=O)N(Cc2ccc(OCCF)cc2)c2ccc(S(=O)(=O)N3CCC[C@H]3COc3cccnc3)cc21
D00361,Nc1nccc(Oc2ccc(NC(=O)NC(=O)Cc3ccc(F)cc3)cc2F)c1C#Cc1ccccn1
D00362,Cc1nc2ccc(-c3ccc(CN4CCC[C@@H]4CO)cc3)cc2n1C[C@H]1CCCO1
D00363,CN(C)C(=O)c1ccc(Nc2cc3c(cn2)cc(-c2cnn(C)c2)n3C(=O)OC(C)(C)C)c(Cl)c1
D00364,N=C(N)NCCC[C@@H](C=O)NC(=O)[C@@H]1CCCN1C(=O)[C@@H]1C[C@@H]2CCCC[C@@H]2CN1
D00365,C=CC(=O)Nc1cccc(-c2cnc3[nH]cc(-c4cc(C)c(F)cc4OC)c3c2)c1
D00366,N#Cc1ccc(CN(Cc2nc3c(c(=O)[nH]2)COCC3)C(=O)CN2CCC(C(=O)c3ccc(F)cc3)CC2)s1
D00367,Cc1nc(C)c(-c2ccc([C@H]3CC[C@H](CC(=O)O)CC3)cc2)nc1C(N)=O
D00368,CC(C)(CC(=O)N[C@H]1C[C@@H]1c1ccccc1)NCC(=O)N1CCC[C@H]1C#N
D00369,CC1(c2ccccc2)CCCN(C(=O)NCCc2ccc3nccnc3c2)C1
D00370,Cc1cncc(NC(=O)c2cccc(-n3cc(NC(=O)Nc4ccccc4Cl)cn3)c2)c1
D00371,CC[C@H](C)[C@H](NC(=O)[C@H](Cc1ccc(O)cc1)NC(=O)[C@H](Cc1cnc[nH]1)NC(=O)[C@H](CCCNC(=N)N)NC(C)=O)C(=O)N[C@@H](CC(N)=O)C(=O)N[C@H](C(=O)N[C@H](C(=O)N[C@H](C(=O)N[C@@H](CCCNC(=N)N)C(=O)N[C@@H](CCC(N)=O)C(=O)N[C@@H](CCCNC(=N)N)C(=O)N[C@@H](Cc1ccc(O)cc1)C(=O)O)[C@@H](C)O)C1CCCCC1)C1CCCCC1
D00372,CN(C)C(=O)[C@@H](c1ccc(-c2ccc3ncnn3c2)cc1)[C@H]([NH3+])C(=O)N1CC(F)C1
D00373,N#Cc1cccc(C(=O)N2CCC(c3ccc(C(=O)NC(=N)N)cc3C(F)(F)F)CC2)c1
D00374,COc1cc(N2C(=O)N(c3ccc(-c4ccc5nc[nH]c5c4)cc3)C(=O)C23CCN(Cc2ncccc2C)CC3)ncn1
D00375,Cc1ccc(CC(=O)c2sccc2S(=O)(=O)Nc2onc(C)c2C)cc1
D00376,COc1ccc(OC(C)(C)C(=O)N[C@H]2C3C[C@@H]4C[C@@H]2C[C@@](C(N)=O)(C3)C4)cc1
D00377,Nc1c2c(nc3ccccc13)CCCC2
D00378,CSc1ccc2c(c1)N(CCC1CCCCN1C)c1ccccc1S2
D00379,COc1cc2nccc(Oc3ccc4c(C(N)=O)cccc4c3)c2cc1OC
D00380,CN(C)C(=O)[C@@H](c1ccc(-c2ccc(F)cc2)cc1)[C@H]([NH3+])C(=O)N1CC[C@@H](F)C1
D00381,Nc1nn2cccnc2c1-c1cc(NCc2ccccc2)ncn1
D00382,CCCCCCN1CCN(S(=O)(=O)c2ccc(OC)cc2)C(C(=O)NO)C1
D00383,CSc1cc2c(cc1C(F)(F)F)N(C(=O)Nc1cccnc1)CC2
D00384,O=C1Nc2ccc(S(=O)(=O)N3CCC[C@H]3COc3cccnc3)cc2C1=O
D00385,Cc1cccc(C(=O)Nc2cccc(NC(=O)c3cccc(Cl)c3)c2)c1
D00386,C[C@@](Cc1c[nH]c2ccccc12)(NC(=O)OC1C2CC3CC(C2)CC1C3)C(=O)NC[C@H](NC(=O)CCC(=O)O)c1ccccc1
D00387,COc1ccc([N+](=O)[O-])c(Nc2ccccc2C(=O)O)c1
D00388,Fc1ccc(Cl)cc1-c1ncn(CC(F)F)c1-c1ccc2nccn2c1
D00389,COc1cc(-c2[nH]c3ccc(C4CCN(C(=O)CCCS(N)(=O)=O)CC4)cc3c2C(C)C)cn2ncnc12
D00390,CCC(CC)(C(=O)OC1CC2CC([C@@H]1C)C2(C)C)c1ccncc1
D00391,Cc1c(OCCN(C)CCCF)ccc(F)c1[C@@H]1c2[nH]c3ccccc3c2C[C@@H](C)N1C[C@H](C)C(=O)O
D00392,COc1cc2c(cc1OC)C(=O)C(CC1CCN(Cc3cccc(C)c3)CC1)C2
D00393,CS(=O)(=O)c1ccc2c(c1)CCC1(CCN(C(=O)c3ccc(C(F)(F)F)cc3)CC1)O2
D00394,O=C(O)CNS(=O)(=O)c1ccc(-c2ccc(NC(=O)c3cc4ccccc4o3)cc2)cc1
D00395,O=[N+]([O-])c1cnc(NCc2ccccc2Cl)nc1NCC1CCNCC1
D00396,COc1ccc(S(=O)(=O)N2CCC[C@H]2C(=O)Nc2cc(C)cc(C)c2)cc1
D00397,NC1CCC(N[C@@H]2C[C@H]2c2ccccc2)CC1
D00398,N#Cc1ccc(-c2ccc(C[C@@H](C#N)NC(=O)[C@@H]3CNCCCO3)cc2)cc1
D00399,Cc1cc(-c2[nH]c3ccc(C4CCN(C(=O)Cc5cnccn5)CC4)cc3c2C(C)C)cn2ncnc12
D00400,Cc1ccc(-c2ncn(-c3ccc(Nc4nccc(-c5cccc(N6CCOCC6)c5)n4)cc3)n2)cn1
D00401,CC(=O)NC(C)C#Cc1cnc(Oc2ccc(OC(C)C)cc2Cl)s1
D00402,Cc1ccc(-c2c(C)c(CN[C@H]3CC[C@@H](F)C3)nn2-c2ncccc2Cl)cn1
D00403,CCC(C)Nc1nc(-c2ccc(S(C)(=O)=O)cc2)cc(C(F)(F)F)n1
D00404,C[C@@H](c1ccc(-c2ccccn2)cc1)N1CC[C@](CCCO)(c2ccccc2)OC1=O
D00405,Cc1cc(F)ccc1C(C)(C)Nc1ncc(C(=O)NO)cn1
D00406,Cn1nnc2cccc(-n3nc(COC(C)(C)C(=O)O)cc3-c3cccc(OCC(C)(C)C)c3)c21
D00407,CS(=O)(=O)c1ccc(-c2sc3ncnn3c2-c2ccccc2)cc1
D00408,CC(C)[C@@H]1C(=O)N(O)C(=O)CN1S(=O)(=O)c1ccc(-c2ccccc2)cc1
D00409,CN(Cc1cnc2nc(N)nc(N)c2n1)c1ccc(C(=O)N[C@@H](CCC(=O)O)C(=O)O)cc1
D00410,CNCc1cc(C(F)(F)F)ccc1Oc1ccc(C)cc1
D00411,COc1cc2c(Nc3ccc(Cl)c(Cl)c3F)ncnc2cc1OC[C@H]1CN2CCC[C@@H]2C(=O)N1C
D00412,CCC(C)CN(CCO)C(=O)CN1CCC(c2ccc3[nH]c(-c4cc(C)c5ncnn5c4)c(C(C)C)c3c2)CC1
D00413,Nc1nc2ncc(CCc3ccc(C(=O)N[C@@H](CCC(=O)O)C(=O)O)cc3)cc2c(=O)[nH]1
D00414,CN1C(C)(C)CC(Oc2ccc(C(=O)Nc3ccc(NC(=O)Nc4cc(C(C)(C)C)on4)cc3)nc2)CC1(C)C
D00415,C=CCN(CC=C)C(=O)[C@@]1(c2cccs2)C[C@H]1CN
D00416,Cc1ccc(S(=O)(=O)N2CCC[C@@H](OC(=O)c3cc(O)c(C(=O)c4c(O)cccc4C(=O)O)c(O)c3)[C@H](NC(=O)c3ccc(O)cc3)C2)cc1
D00417,CN1C/C=C/CCOc2cccc(c2)-c2ccnc(n2)Nc2cccc(c2)C1
D00418,O=C(c1nccs1)[C@H]1CCCN1C(=O)[C@@H]1CCCN1C(=O)CCCc1ccccc1
D00419,Cc1nc(Oc2ccc(C(=O)O)cc2)ccc1CN1CCC(N2C(=O)N(C3CCOCC3)C[C@H]2c2ccccc2)CC1
D00420,O=C(c1cccs1)c1n[o+]n([O-])c1C(=O)c1cccs1
D00421,CCCC[C@H](NC(=O)OC1C2(C)CCC(C2)C1(C)C)C(=O)C(=O)N[C@H](C)c1ccccc1
D00422,CCCCCCCC/C=C\CCCCCCCC(=O)c1nnc(-c2ccccn2)o1
D00423,C[C@H](Nc1ccc(-c2ccnn2C)nc1)C(=O)Nc1ccc(-c2cccnc2)cn1
D00424,Cn1c(=O)n(-c2ccc(C(C)(C)C#N)cc2)c2c3cc(C#Cc4cccnc4)ccc3ncc21
D00425,O=C(c1ccccc1-n1nccn1)N1CCOC[C@H]1Cc1cc(F)cc(-n2nccn2)c1
D00426,COCCOc1ccc(CN/C=C2\C(=O)NC(=O)c3ccc(Br)cc32)cc1O
D00427,Oc1ccc(CN=Nc2nc3ccccc3nc2Cc2ccccc2)cc1
D00428,O=C(O)CN(C1(c2ccc(-c3ccccc3OC(F)(F)F)cc2)CCC1)S(=O)(=O)c1ccc(OC(F)F)cc1
D00429,CCCc1cc(Oc2ccc(F)c(C)c2)ccc1OCCCOc1cccc(-c2sc(=O)[nH]c2O)c1
D00430,CC1c2cc(Cc3ccccc3)c(-c3ccccc3)n2CCN1Cc1cnc(N)nc1N
D00431,CO[C@H]1C[C@@H](n2c(=O)n(C)c3cnc4ccc(-c5ccc(OCCCN(C)C)nc5)cc4c32)C1
D00432,O=P(O)(O)C(F)(F)c1ccc(CC(Cc2ccc(C(F)(F)P(=O)(O)O)cc2)(c2ccc3ccccc3n2)n2nnc3ccccc32)cc1
D00433,CCn1sc(=O)n(CC(C)C)c1=O
D00434,CC(C)CN1[C@H](C)Cc2cc(O)ccc2[C@H]1c1ccc(/C=C/C(=O)O)cc1
D00435,COc1cc(O)c2c(c1)CCCC(=O)C(=O)C(=O)CCC[C@H](C)OC2=O
D00436,CN1C(=O)C(c2ccncc2)(c2cccc(-c3cccc(C#N)c3)c2)N=C1N
D00437,C[C@@H]1C(=O)N(C2CC2)CCCN1C(=O)C[C@H](N)Cc1cc(F)ccc1F
D00438,CN(C)CCn1cc2c3c(cccc31)C1=C[C@@H](C(=O)N3CCCC3)CN(C(=O)Nc3ccccc3)[C@@H]1C2
D00439,N#Cc1cc(-c2ncnc(Nc3cccc(C(O)C(F)(F)F)c3)n2)ccc1OC1CCOCC1
D00440,c1ccc(OCCCN2CCC(Cc3cnc[nH]3)CC2)cc1
D00441,COc1cc2ncnc(N3CCN(C(=O)Nc4ccc([N+](=O)[O-])cc4)CC3)c2cc1OC
D00442,COc1cc(N2CCC(N3CCN(C)CC3)CC2)ccc1Nc1ncc(Cl)c(Nc2ccccc2S(=O)(=O)C(C)C)n1
D00443,COc1cc2nccc(Oc3ccc(NC(=O)c4c(C)n(C)n(-c5ccccc5)c4=O)cc3F)c2cc1OC
D00444,Cc1cnc(Nc2cn(C)nc2C)nc1-c1c[nH]c2c(NC(=O)[C@@H](C)N3CCN(C)CC3)cccc12
D00445,N[C@@H](CC(=O)N1CCn2c(nnc2-c2ccc(F)cc2)C1)Cc1cc(F)ccc1F
D00446,N#Cc1cc(-c2ncnc(Nc3ccc(N4CCN(C5CCOCC5)CC4)cc3)n2)ccc1O[C@H]1CCN(C(=O)CO)C[C@H]1F
D00447,CC(=O)Nc1cn2cc(-c3cnc(N)c(C(F)(F)F)c3)ccc2n1
D00448,Cc1nc2c(C)cc(-c3[nH]c4ccc(C5CCN(C6COC6)CC5)cc4c3C(C)C)cn2n1
D00449,CNC(=O)[C@]12C[C@H]1[C@@](C)(c1cc(/C=C(\F)c3ccc(C#N)cn3)ccc1F)N=C(N)S2
D00450,COc1cc2c(Nc3ccc(Cl)c(Cl)c3)ncnc2cc1OCc1cnn(-c2ccccc2)c1
D00451,Nc1ccc(-c2cccs2)cc1NC(=O)c1cccnc1
D00452,Cc1cc(C#N)cc(C)c1Oc1nc(Nc2ccc(C#N)cc2)nc(N)c1Br
D00453,CC1(C)C(N)=N[C@](C)(c2cc(Nc3ncnc4cc(Cl)cnc34)ccc2F)CS1(=O)=O
D00454,Cc1ccc(C(=O)Nc2cccc(C(F)(F)F)c2)cc1C(=O)Nc1cnc(N)nc1
D00455,CN1C(=O)C2=NC(CC3CCCC3)NC2N2CC3(CCCC3)N=C12
D00456,O=c1[nH]c2cc(-c3cccs3)ccc2c2nc(-c3ccccc3Cl)[nH]c12
D00457,Clc1cc2nc([C@@H]3CCCN3c3cc(N4CCC(Cn5cccn5)CC4)ncn3)[nH]c2cc1Cl
D00458,Cn1c(=O)cc(Nc2cc(C(=O)NC3CC3)ccc2Cl)c2cnn(-c3ccc(F)cc3F)c21
D00459,COc1ccc(Cl)cc1S(=O)(=O)N1CCc2ccc(C(=O)Nc3ccc(C(=O)O)cc3)cc21
D00460,CC(=O)Nc1ccc(OC(=O)CC2SC(=O)NC2=O)cc1
D00461,CCN(CC)S(=O)(=O)c1cc(Nc2nccc(-c3ccnc(-c4ccc(NC(=O)NC)cc4)c3)n2)ccc1Cl
D00462,CC(=O)N1CC[C@H](N(Cc2ccccc2C(F)(F)F)c2ccc(C#N)c(Cl)c2)C1
D00463,Cc1cc2nn(Cc3cc([C@@H]4O[C@H](CO)[C@@H](O)[C@H](O)[C@H]4O)ccc3Cl)c(=O)n2cc1Cl
D00464,O=C(NCC(=O)N1CC[C@H](N[C@H]2CC[C@@](O)(c3ccc(-c4ncco4)cn3)CC2)C1)c1cccc(C(F)(F)F)c1
D00465,CS(=O)c1ccc2nc(-c3ccc(-c4ccccc4F)cc3)[nH]c2c1
D00466,Cc1cc(Cl)ccc1C1c2c(nn(-c3ccc(C(N)=O)cc3)c2C(C)C)C(=O)N1c1cccc(Cl)c1F
D00467,CN(C)C(=O)c1cc2cnc(Nc3ccc(C(=O)N4CC5CCC(C4)N5C(=O)C4CCCN4)cn3)nc2n1C1CCCC1
D00468,CN(C(=O)C1CCCCC1)c1ccc2c(c1)nc(NC(=O)c1cccs1)n2CCCN
D00469,CC(Nc1ccc(F)cc1)c1cc(C(=O)N(C)C)cn2c(=O)cc(N3CCOCC3)nc12
D00470,NC1=N[C@@](c2cc(NC(=O)c3cnc(OCc4cncs4)cn3)ccc2F)(C(F)F)[C@H]2C[C@H]2O1
D00471,CN(C)CC(c1ccc(O)cc1)C1(O)CCCCC1
D00472,COc1ccc(OC)c(S(=O)(=O)N2CCC(N(Cc3ccc4ccc(C(=N)N)cc4c3)S(C)(=O)=O)CC2)c1
D00473,CCn1c(C)cc(-c2ccc([C@H](C)N3CC[C@](CC(C)(C)O)(c4ccccc4)OC3=O)cc2)cc1=O
D00474,Nc1nccc(-c2c[nH]c3c(Br)cccc23)n1
D00475,COc1cc(NC(=O)CSc2ncnc3scc(-c4ccccc4)c23)c(C(=O)O)cc1OC
D00476,CCCC[C@H](NC(=O)[C@H](Cc1ccccc1)NC(=O)[C@@H]1CCCN1C(=O)[C@@H](N)Cc1ccc(O)cc1)C(N)=O
D00477,CCOc1ccc(-c2ccc(-c3cc(CC(=O)[O-])ccc3OC)c(CN(CC)C(=O)C3CC3)c2)cn1
D00478,O=C(Cc1nc(N2CCOCC2)cc(=O)[nH]1)N1CCc2cc(Cl)ccc21
D00479,C[C@@H](C1CCC(N(C)C(=O)c2cccc(F)c2)CC1)[C@H]([NH3+])C(=O)N1CC[C@H](F)C1
D00480,O=[N+]([O-])c1ccc(O)c2ncccc12
D00481,Cc1cc(COc2ccc(S(=O)(=O)CC(C3CCC4(CC3)OCCO4)N(O)C=O)cc2)c2ccccc2n1
D00482,CN(C)C(=O)Oc1cccc2c1CCC2N(C)C
D00483,O=P(O)(O)C(F)(F)c1ccc(CC(C/C=C/c2ccccc2)(c2ccccc2)n2nnc3ccccc32)cc1
D00484,Cn1cnc2cc(C#N)c(-c3ccccc3Cl)c(CN)c21
D00485,Cn1c(=O)sn(C(C)(C)C)c1=O
D00486,Brc1cccc(CN=Nc2nc3ccccc3nc2Cc2ccccc2)c1
D00487,CCOc1cc(=O)oc2cc(OCCN3CCN(CCCNc4c5c(nc6ccccc46)CCCC5)CC3)ccc12
D00488,CC(C)(Oc1ccc(Cl)cc1)C(=O)NC12CCC(C(N)=O)(CC1)CC2
D00489,COc1ccc(N2CCN(CCNCC(=O)N3CCCC3C#N)C2=O)cc1OC
D00490,O=c1cc(-c2ccccc2)oc2cc(O)cc(O)c12
D00491,COc1cccc(CN(CCN2CCOCC2)C(=O)Nc2ccc(-c3cn[nH]c3)cc2)c1
D00492,O=c1c(O)c(-c2ccc(O)cc2)oc2cc(O)cc(O)c12
D00493,COc1nn(C)cc1Nc1ncc(F)c(-c2c[nH]c3c(NC(=O)[C@@H](C)N4CCN(C)CC4)cccc23)n1
D00494,[NH3+][C@H](C(=O)N1CC[C@H](F)C1)[C@@H](C(=O)Nc1nnn[nH]1)c1ccc(-c2ccc(F)cc2)cc1
D00495,CC(C)(O)Cn1cnc(-c2ccc(F)cc2)c1-c1ccc2ncc(C#N)n2n1
D00496,C[C@H](O)C(=O)N1CC[C@H](Oc2ccc(-c3ncnc(Nc4ccc(N5CCOC[C@@H]5CO)cc4)n3)cc2C#N)[C@H](F)C1
D00497,Cn1nnnc1SC[C@]1(C)S[C@@H]2[C@H](Br)C(=O)N2[C@H]1C(=O)O
D00498,C=CC(=O)NCCCC[C@H](NC(=O)OCc1ccccc1)C(=O)N1CCN(c2ccccc2Cl)CC1
D00499,Cc1c(C(=O)O)ccc2c1CC[C@@H]2NC(=O)c1cc(C(=O)NCc2ccc3c(c2)NC(=O)CO3)nc2ccnn12
D00500,O=C1CCCN1C1CCN(Cc2ccc(Oc3nc4ccccc4s3)cc2)CC1
D00501,CC1=C(C(=O)N[C@H](C)C(=O)N[C@@H](Cc2c[nH]c3ccccc23)C(=O)N[C@@H](Cc2ccccc2)C(=O)[C@@]2(C)CO2)Cc2ccccc21
D00502,CN1CCC[C@H]1c1cccnc1
D00503,CNc1ccc(-c2cc(C(F)(F)F)nn2-c2ccc(S(N)(=O)=O)cc2)cc1Cl
D00504,O=C(NC1(c2ccc(C(F)(F)F)cc2F)CCOC1)c1cnn2cc(C3CC3)cnc12
D00505,COc1cc(N2C(=O)N(c3ccc(-c4cccc(C(=O)O)c4)cc3)C(=O)C23CCN(Cc2ncccc2C)CC3)ncn1
D00506,CC(=O)NC(C)C#Cc1cnc(Sc2ccc(OC(C)C)cc2)s1
D00507,NC1(C(=O)NC(CCCN2CCOCC2)c2ccc(Cl)cc2)CCN(c2ncnc3[nH]ccc23)CC1
D00508,CC(C)[C@H](O)C(=O)N1CC[C@H](Oc2ccc(-c3ncnc(Nc4ccc(N5CCN(C6COC6)CC5)cc4)n3)cc2C#N)[C@H](F)C1
D00509,NC1=N[C@@](c2cc(NC(=O)c3ncc(Cl)cc3Cl)ccc2F)(C(F)F)[C@H]2C[C@H]2O1
D00510,C=CC[C@H](NC(=O)[C@H](Cc1ccccc1)NC(=O)OC(C)(C)C)C(=O)N[C@@H](CC1CCCCC1)C(O)C(F)(F)C(=O)NCCN1CCOCC1
D00511,COc1cc(N2C(=O)N(c3ccc(-c4ccc(C#N)cc4)cc3)C(=O)C23CCN(Cc2ncccc2C)CC3)ncn1
D00512,CCOc1ccccc1C[C@H](c1ccccc1)N1CCNCC1
D00513,Cc1c(Oc2ccc(Cl)cc2)c2cccnc2n1Cc1cc(O[C@@H](C)C(=O)O)ccc1Cl
D00514,CCCc1ccc(Br)cc1S(=O)(=O)Nc1onc(C)c1C
D00515,CNC(=O)c1cnc(N)c2cc(-c3ccc(S(=O)(=O)NC(C)(C)C)cc3)sc12
D00516,C[C@H](N)C(=O)NCc1cccc(-n2nc(C(F)(F)F)cc2-c2nnc(-c3cccc4ncsc34)o2)c1
D00517,COc1ccc(S(=O)(=O)Oc2ccc3c(C)c(C)c(=O)oc3c2)cc1
D00518,Cc1onc(-c2ccccc2)c1-c1ccc(S(N)(=O)=O)cc1
D00519,CCCCN(CCCC)C(=O)CN1C[C@H](c2ccc3c(c2)OCO3)[C@@H](C(=O)O)[C@@H]1CCN1C(=O)CCC1=O
D00520,O=[N+]([O-])c1cc(O)c2c(c1)S(=O)(=O)NC(Nc1ccccc1Oc1ccccc1)=N2
D00521,Nc1nc(NCCNc2ncc(-c3ncc[nH]3)c(-c3ccc(Cl)cc3Cl)n2)ccc1[N+](=O)[O-]
D00522,Cn1c(=O)n(C2CCOCC2)c2c3cc(-c4ccc(OCCCN5CCC5)nc4)ccc3ncc21
D00523,CCc1ccc(-c2ccc(C(=O)N3CCc4c(c5ccccc5n4CC(=O)O)C3)cc2)cc1
D00524,Oc1cc(Cl)ccc1Oc1ccc(Cl)cc1Cl
D00525,Cc1c[nH]c2c(Nc3nc(N[C@@H]4CCCC[C@@H]4N)cc4nc[nH]c(=O)c34)cccc12
D00526,O=C(O)c1nc2ccccc2c2[nH]c3c(Br)cccc3c12
D00527,N#Cc1cc(-c2ncnc(Nc3ccc(N4CCN(C5COC5)CC4)cc3)n2)ccc1N1CC[C@H](O)C1
D00528,NS(=O)(=O)c1ccc(N2N=C(C(F)(F)F)CC2c2cccc3c2OCO3)cc1
D00529,O=C(O)[C@H]1/C(=C/CO)O[C@@H]2CC(=O)N21
D00530,COc1cc(NCC2CCNCC2)nc2c1nnn2-c1cccc(N(C)C)c1
D00531,CCC[C@H]1c2ccccc2C=NN1C(=O)/C=C/c1cc(Cc2cnc(N)nc2N)cc(OC)c1OC
D00532,O=C(CCCCCCC(=O)Nc1ccccc1)NO
D00533,Cc1cc(N2C(=O)c3c(C(=O)N(C)C)cn(C)c3C2c2ccc(Cl)cc2)nc2c1nnn2C
D00534,COc1cc(OC)cc(-c2cc3cnc(NC(=O)C(F)(F)F)cc3nc2N)c1
D00535,N#C[C@@H]1CCCN1C(=O)[C@@H](N)CC(=O)N1CCN(C(c2ccc(F)cc2)c2ccc(F)cc2)CC1
D00536,O=C(O)c1cnc(C(=O)CCc2ccc(Oc3ccccc3)cc2)o1
D00537,O=C(O)C[C@H]1CC[C@H](c2ccc(NC(=O)c3nnc(Nc4ccc(F)c(F)c4)o3)cc2)CC1
D00538,CO[C@@H]1CC2C[C@@H](OC(c3ccccc3)c3ccc(Cl)cc3)CC1N2C
D00539,O=C(N[C@@H](c1ccccn1)C1CC1)c1ccc2[nH]nc(-c3ccc(N4[C@H]5CC[C@H]4CC(O)C5)cc3)c2c1
D00540,O=C1C(=O)N(Cc2ccnc(F)c2)c2ccc(S(=O)(=O)N3CC[C@H]3COc3ccccc3)cc21
D00541,O=C(Nc1ccc(F)cn1)c1cc(Oc2cncc(F)c2)cn2ncnc12
D00542,COCCOCC#Cc1cc(-c2[nH]nc3c2Cc2ccc(Cn4cncn4)cc2-3)cs1
D00543,Cc1cccnc1CN1CCC2(CC1)C(=O)N(c1ccc(-c3cnc(=O)[nH]c3)cc1)C(=O)N2c1cc(=O)[nH]cn1
D00544,COC[C@@H](NC(=O)N1CC(=O)Nc2cc(OC)cnc21)c1ccc(OC(F)(F)F)c(F)c1
D00545,CC(C)=C(c1ccncc1)c1ccc(-c2ccc(N)c(N)c2)cc1
D00546,CC[C@H](C)[C@H](NC(=O)C[C@H](O)[C@H](CC(C)C)NC(=O)[C@H](CCC(N)=O)N(C)C(=O)[C@H](CC(C)C)NC(=O)[C@H](O)[C@@H](C)CC)C(=O)NCC(=O)N(C)[C@H](Cc1ccccc1)C(=O)N1CCC[C@H]1C(=O)OC
D00547,COc1cc(O)c2c(c1)C=CCCCC(=O)C=CC[C@H](C)OC2=O
D00548,N#C[C@@H]1C[C@H](F)CN1C(=O)CN[C@H]1[C@@H]2CN(c3ccc(C(N)=O)cc3)C[C@@H]21
D00549,Cc1nc(-c2ccccc2)c(-c2ccc(S(N)(=O)=O)cc2)s1
D00550,CC(C)[C@H](NS(=O)(=O)c1ccc(-c2ccc(F)cc2)cc1)C(=O)O
D00551,CC(C)(C)CCN1CC[C@H](CNC(=O)c2cc(Cl)cc(Cl)c2)[C@H](F)C1
D00552,CCN(C(=O)c1ccc(Cl)c(Cl)c1C)[C@@H]1CCNC1
D00553,N#CC(C#N)=C1C(=O)N(Cc2ccc(OCCF)cc2)c2ccc(S(=O)(=O)N3CCC[C@H]3COc3ccccc3)cc21
D00554,CC(C)(Cc1ccccc1C#N)C1OCC(C/C=C\CCC(=O)O)C(c2cccnc2)O1
D00555,Cc1ccc(C(=O)N2CCOC[C@H]2Cc2cc(-n3nccn3)ccc2F)c(-n2nccn2)c1
D00556,O=c1cc(-c2ccc(O)cc2)oc2cc(O)cc(O)c12
D00557,N#C[C@@H]1CCCN1C(=O)CNC(=O)c1ccnc2cnccc12
D00558,C#CCN(C)[C@H](C)Cc1ccccc1
D00559,CNC(=O)c1ccc(Nc2nccc(-c3cnc(C)n3C(C)C)n2)cc1F
D00560,CC(=O)c1cccc(-c2ccc(Cc3nnnn3C(=O)N(C)C)cc2)c1
D00561,COc1ccc(-c2nnc(C(=O)N3CCC(Oc4ccc(CN5CCN(C)CC5)cc4)CC3)o2)cc1
D00562,C[C@@H](Oc1cc(-c2ccc3c(c2)c(N)nn3C)cc2nn(C)cc12)[C@H]1CNC(=O)C1
D00563,Cc1cccc(CC(=O)N2CCc3c2ccc(-c2cn(C)c4ncnc(N)c24)c3F)n1
D00564,NCCc1c[nH]c2ccc(O)cc12
D00565,COc1cc(=O)n(C)cc1-c1ccc([C@H](C)[C@H]([NH3+])C(=O)N2CC[C@H](F)C2)cc1
D00566,CN1CCN(Cc2nnc3c4cc(-c5ccccc5)c(-c5ccc(CN6CCC(c7nnc(-c8ccccn8)[nH]7)CC6)cc5)nc4ccn23)CC1
D00567,CCCCCC(=O)NC(CCC(=O)[O-])C(=O)NC1C(=O)NC(CCC[NH+]=C(N)N)C(=O)NC2CCC(O)N(C2=O)C(Cc2ccccc2)C(=O)N(C)C(Cc2ccc(O)cc2)C(=O)NC(C(C)C)C(=O)OC1C
D00568,CC(=O)N1CCN(c2ccc(OCC3COC(Cn4ccnc4)(c4ccc(Cl)cc4Cl)O3)cc2)CC1
D00569,Cc1cc(C(=O)O)ccc1-c1ccc(N2C(=O)N(c3cnccn3)C3(CCN(Cc4ncccc4C)CC3)C2=O)cn1
D00570,CCN(CC)C(=O)O[C@@H]1C[C@@H]2C[C@H](NCC(=O)N3CCC[C@H]3C#N)C[C@@H]2C1
D00571,COc1ccc(S(=O)(=O)c2ccccc2CC(=O)NO)cc1
D00572,CN[C@@H](C)C(=O)N[C@@H]1C(=O)N(Cc2c(C3CC3)cnc3ccccc23)c2ccccc2N(C(=O)c2ccc(C(C)=O)cc2)[C@H]1C
D00573,CC(C)Cn1c2ccc(Nc3ncccn3)cc2c2c3c(c4c(c21)CCc1nn(C)cc1-4)C(=O)NC3
D00574,CCOc1cccc(-c2cc(COC(C)(C)C(=O)O)nn2Cc2ccccc2OCC)c1
D00575,COc1ccc(NC(=O)NNc2nc3ccccc3c(=O)n2-c2cccc(OC(C)C)c2)cc1
D00576,N[C@@H](CC(=O)N1CCC[C@H]1c1noc(C2(O)CC2)n1)Cc1cc(F)c(F)cc1F
D00577,COC(=O)Cn1cc(-c2cccc(Cl)c2)c(=O)c2c(O)cc(OC)cc21
D00578,Fc1ccc(-c2ncn(CC(F)F)c2-c2ccn3ncnc3c2)cc1
D00579,CSc1nc2ccccn2c(=N)c1S(=O)(=O)c1ccccc1
D00580,O=C(NCc1ccccc1)Oc1ccc(-c2csnn2)cc1
D00581,COc1ccc2cc1Oc1ccc(cc1)C[C@H]1c3cc(c(OC)cc3CCN1C)Oc1c(OC)c(OC)c(OC)c3c1[C@H](C2)N(C)CC3
D00582,O=C(NC12CC3CC(CC(C3)C1)C2)N[C@H]1CC[C@H](Oc2ccc(C(=O)O)cc2)CC1
D00583,C=CC(=O)N1C[C@H](Nc2ncnc3[nH]ccc23)CC[C@@H]1C
D00584,CC[C@H](C)C(=O)O[C@H]1C[C@H](O)C=C2C=C[C@H](C)[C@H](CC[C@@H](O)C[C@@H](O)CC(=O)O)[C@H]21
D00585,C[C@@H](c1ccc(-c2ccn(C3CC3)c(=O)c2)cc1)N1CC[C@](CC(C)(C)O)(c2ccccc2)OC1=O
D00586,CS(=O)(=O)c1ccc(C2=C(c3ccc(Cl)c(Cl)c3)CCC2)cc1
D00587,CCC(CO)NS(=O)(=O)c1cc(-c2c(C)nc3c(NCCNC(C)=O)cc(Cl)nn23)ccc1OC
D00588,COc1cc2ncccc2cc1NC(=O)c1csc2cncnc12
D00589,COc1cc(C(=O)N[C@H]2C[C@@H](C(=O)O)N(C(C)=O)C2)cc(OC)c1OC
D00590,Cc1c(Cn2ccnc2)sc2ccc(C(=O)O)cc12
D00591,Nc1ccc(-c2cccs2)cc1NC(=O)c1ccc(N2CCC3(CC2)CNC(=O)O3)nc1
D00592,Cc1ccc(-n2nc(C(C)(C)C)cc2NC(=O)Nc2ccc(OCCN3CCOCC3)c3ccccc23)cc1
D00593,COc1ccc(S(=O)(=O)Nc2ccccc2)cc1OC
D00594,O=C(CC1CCN(CC2CC2)CC1)c1ccc(F)cc1
D00595,CN1CCC[C@H]1CCN1CCCc2cc(N=C(N)c3cccs3)ccc21
D00596,COc1ccc(-n2nc(C(F)(F)F)cc2-c2ccc(Cl)cc2)cc1
D00597,N[C@@H](C[C@@H](Cc1ccccc1)NCc1ccc(Cl)cc1)C(=O)N1CCCCC1
D00598,Cc1c(C)n(Cc2ccc(C(=O)NO)cc2)c2ccccc12
D00599,O=C(NC1CCN(Cc2ccc(OCCCN3CCCCC3)c(F)c2)CC1)c1cc(=O)c2ccc(F)cc2o1
D00600,O=C(NCc1ccccn1)c1c2n(c3c(N4CCN(CCc5ccc(F)c(F)c5)CC4)ncnc13)CCCC2
D00601,COc1cc2c(Nc3ccc4nc(N)sc4c3)c(C#N)cnc2cc1OCCCN1CCNCC1
D00602,Nc1nccc2cc(CNC(=O)c3ccc(=O)n(Cc4ccc(Cn5ccccc5=O)cc4)c3)ccc12
D00603,O=C(CS(=O)(=O)c1ccccc1)c1ccc(F)cc1
D00604,COc1cnc2c(Nc3ccc(F)c([C@]4(C)CS(=O)(=O)[C@@](C)(F)C(N)=N4)c3)nccc2c1
D00605,COC(=O)[C@@H]1CCCN1C(=O)[C@@H](Cc1ccccc1)N(C)C(=O)[C@H](C)NC(=O)[C@@H](NC(=O)C[C@H](O)[C@H](CC(C)C)NC(=O)[C@H](CC(N)=O)NC(=O)[C@H](CC(C)C)NC(=O)[C@H](OC(=O)[C@@H](OC(=O)[C@H](C(C)C)N(C)C)C(C)C)C(C)C)[C@@H](C)O
D00606,Cc1ccc(C(=O)Nc2ccc(C)c(Nc3nccc(-c4cccnc4)n3)c2)cc1
D00607,CN[C@@H](C)C(=O)Nc1ccc(-c2c(-c3cccnc3OC)nc3ccccn23)c(C#Cc2ccc3c(C)nccc3c2)n1
D00608,O=c1[nH]nc(-c2ccnc(NC3CCOCC3)c2)n1-c1ccc2cc(F)ccc2c1
D00609,Cn1cc(-c2cc3cnc(Nc4ccc(-c5cccnc5)cc4Cl)cc3n2C(=O)OC(C)(C)C)cn1
D00610,Cc1ccccc1-c1ccc2ncn(C)c2c1CN
D00611,CSc1ccc(-c2ccc(CCC(O)CC(=O)O)cc2)cc1
D00612,O=P(O)(O)C(Nc1cccc(F)c1)P(=O)(O)O
D00613,CC(C)n1nc(-c2cc(C3CC3)on2)c2c(N)ncnc21
D00614,Cc1ccccc1CN1[C@H]2CC[C@@H]1C[C@@H](Oc1cccc(C(N)=O)c1)C2
D00615,Cc1ccnc2c3c(nn12)CN([C@H]1CO[C@H](c2cc(F)ccc2F)[C@@H](N)C1)C3
D00616,Cc1ccc(COc2ccc(-c3nn(CCC#N)c(=O)o3)cc2)cc1
D00617,C[C@H](C(=O)N[C@H]1Cc2ccccc2CN(CC(N)=O)C1=O)N1Cc2cc(O)ccc2C[C@H](N)C1=O
D00618,Cc1c([C@H]2CN3CCN(C(=O)Cc4ccc(-n5cnnn5)nc4)C[C@H]3CO2)ccc2c1COC2=O
D00619,COc1ccc(C#CCCCCC(=O)O)cc1Cc1cnc(N)nc1N
D00620,CCC1(C)NC(=O)c2cc(S(=O)(=O)Nc3ccc(OC)cc3)ccc2NC1=O
D00621,CC(C)C[C@@H]1[C@H](C(=O)O)[C@H]1C(N)(CC1c2ccccc2Oc2ccccc21)C(=O)O
D00622,COc1ccc(C(=O)c2c(C)n(Cc3ccc(F)c(O[C@@H](C)C(=O)O)c3)c3ncccc23)cc1
D00623,C=CCN1C(=O)C(=O)c2cc(S(=O)(=O)N3CCC[C@H]3COC)ccc21
D00624,CCOC[C@@H](CC(C)C)NC(=O)[C@@H]1CNC[C@H](C(=O)N(c2cc3c(cc2F)OC(C)(C)C(=O)N3CCCOC)C2CC2)C1.Cl
D00625,CC(=O)N1CC[C@H](Oc2ccc(-c3ncnc(Nc4ccc(N5CCO[C@@H](CO)C5)cc4)n3)cc2C#N)C(F)(F)C1
D00626,O=C(NC1CC2CCC(C1)N2Cc1ccc2cc(F)ccc2c1)c1ccccc1-c1ccccc1
D00627,CC(C)(O)[C@H]1CC[C@H](Nc2ccc3ncc(-c4cccc(OC(F)(F)F)c4)n3n2)CC1
D00628,CCC[C@H](NC(=O)[C@@H]1CCCN1C(=O)[C@@H](NC(=O)[C@@H](NC(=O)[C@H](CC(=O)O)NC(=O)[C@H](CC(=O)O)NC(C)=O)[C@@H](C)CC)C(C)C)C(=O)C(=O)NCc1ccccc1
D00629,C=CC(=O)NCCCC[C@H](NC(=O)Cc1ccccc1)C(=O)N1CCN(c2cccc(C)n2)CC1
D00630,COc1ccc2cc(-c3cc(-c4cc(Cl)cc(Cl)c4)nn3[C@@H](C)c3ccc(C(=O)NCCC(=O)O)cc3)ccc2c1
D00631,Cc1ncc(C#N)c(Nc2ccc3[nH]ccc3c2C)c1/C=C/c1cccc(S(=O)(=O)N2CCN(C)CC2)c1
D00632,COc1cc(OC)cc(-c2cc3cnc(NCCCO)cc3nc2NC(=O)NC(C)(C)C)c1
D00633,Cc1cc(C(=O)O)nc(N2C[C@H]3C[C@@H](c4ccccc4C(F)(F)F)C[C@H]3C2)n1
D00634,CN[C@@H](C)C(=O)N[C@H]1COc2c(C)cccc2N(Cc2c(OC)ccc3cc(C)ccc23)C1=O
D00635,OC[C@H]1[C@@H](O)[C@H](O)[C@@H](O)CN1CC(F)(F)CCCOCc1ccc(-c2ccccc2)cc1
D00636,C[C@](O)(c1cncc(-c2nc3ccc(F)cn3c2C2CC2)c1)C(F)(F)F
D00637,CCCS(=O)CCCN(CC)CC(O)COc1ccc(C#N)cc1
D00638,Cc1c(OCCNCCCF)ncc(F)c1[C@@H]1c2[nH]c3ccccc3c2C[C@@H](C)N1C[C@H](C)C(=O)O
D00639,CCc1cccc(CC)c1N1C(=O)c2ccc(O)cc2C1=O
D00640,CC[C@](NC(=O)C(F)(F)F)(C(=O)N1CC[C@H]1C(=O)N[C@H](C=O)CCCN=C(N)N)c1ccccc1
D00641,Cc1cncc(CN2CCC(=C3c4ccc(Cl)cc4CCc4cccnc43)CC2)c1
D00642,CCC1Cc2nc(COc3cc4ncnc(Nc5ccc(Cl)c(Cl)c5)c4cc3OC)sc2CN1
D00643,Cc1cc2ncc(C(=O)NCC(C)(C)NCC(=O)N3CCC[C@H]3C#N)cn2n1
D00644,CC(C(=O)N[C@H]1C2CC3CC1C[C@](O)(C3)C2)N1CCN(c2ccc(C(F)(F)F)cn2)CC1
D00645,CN[C@@H](C)C(=O)N[C@H]1CN(C(=O)CS(C)(=O)=O)c2ccccc2N(Cc2c(OC)ccc3cc(Br)ccc23)C1=O
D00646,COc1cc(C2=C(c3c[nH]c4ccccc34)CNC2=O)cc(OC)c1OC
D00647,CCc1ccc(O[C@H](C)CCOc2ccc(CCC(=O)O)c(C)c2)c(-c2ncco2)c1
D00648,O=CN(O)C(CS(=O)(=O)c1ccc(Oc2ccc(OC(F)(F)F)cc2)cc1)c1ccc(C(F)(F)F)cc1
D00649,Cc1cc(C(=O)Nc2ccc(-c3ccccc3S(N)(=O)=O)cc2)n(-c2cc3ccccc3cc2S(N)(=O)=O)n1
D00650,CCCC[C@H](NC(=O)[C@@H]1CC(F)(F)CN1C(=O)[C@H](C)NC(=O)CN=[N+]=[N-])C(=O)N[C@@H](Cc1ccccc1)C(=O)[C@@]1(C)CO1
D00651,C=CCOC(=O)C[C@H](NC(=O)[C@H](Cc1ccccc1)N(C)C(=O)[C@H](CCCN=C(N)NC(=O)NC)NC(=O)[C@@H](C)NC(C)=O)C(=O)O
D00652,COC[C@H](C(=O)Nc1cccc2c(-c3nc(Nc4cn(C)nc4C)ncc3F)c[nH]c12)N1CCN(C)CC1
D00653,COC(c1ccccc1)(c1ccccc1)[C@H](Oc1nc(C)cc(C)n1)C(=O)O
D00654,Cc1ccccc1CN1C(=O)CCc2cc3cc(c21)OC/C=C/CO[C@H]1C[C@@H](CO)N(C1)c1cc(n2ncc(Cl)c2n1)N3
D00655,NC1(C(=O)NC(CCCN2CCCC2)c2ccc(Cl)cc2)CCN(c2ncnc3[nH]ccc23)CC1
D00656,COCC(=O)N1CC[C@H](Oc2ccc(-c3ncnc(Nc4ccc(C5CCN(C=O)CC5)c(C)c4)n3)cc2C#N)[C@H](F)C1
D00657,CNCC[C@H](Oc1cccc2ccccc12)c1cccs1
D00658,C[C@@H](Oc1cc(-c2cnn(C3CCNCC3)c2)cnc1N)c1c(Cl)ccc(F)c1Cl
D00659,NCc1cnc2ccc(-c3c(-c4ccc(F)cc4)ncn3CC(F)F)nn12
D00660,O=C(O)c1cccc(S(=O)(=O)N2CCc3c(Cl)cccc3C2)c1
D00661,CC(C)C[C@@H](/C=C/S(C)(=O)=O)NC(=O)[C@H](C)NC(=O)[C@H](CCC(=O)OC(C)(C)C)NC(=O)C(c1ccccc1)c1ccccc1
D00662,COC(C)(C)c1cnc(-c2cc(Cl)ccc2F)cc1Nc1ccncc1C(=O)NCC(C)O
D00663,CCCC[C@H](NC(=O)OC1CC2CCC1C2)C(=O)C(=O)N[C@H](C)c1ccccc1
D00664,Cc1cc(C)c(NC(=O)Nc2cc3ccccc3cc2C(=O)NC2(C(=O)O)CCCCCCC2)c(C)c1
D00665,CCS(=O)(=O)c1ccc2nc(-c3ccc(C)c(-c4ccccc4)c3)[nH]c2c1
D00666,CS(=O)(=O)c1ccc(Nc2ncnc(-c3ccc(OC4CCN(C(=O)CO)CC4)c(C#N)c3)n2)cc1
D00667,CC(C)(CC(=O)N[C@H]1C[C@@H]1c1ccc(Cl)cc1)NCC(=O)N1CCC[C@H]1C#N
D00668,CC(C)C[C@H](NC(=O)[C@H](Cc1ccccc1)NC(=O)[C@@H]1CCCN1C(=O)[C@@H](N)Cc1ccc(O)cc1)C(N)=O
D00669,COc1cc2c(Nc3cc(Cl)c(Br)cc3F)ncnc2cc1OCC1CO[C@@H]2[C@@H](OC)CO[C@H]12
D00670,Cc1cccc(Nc2cc(Cl)nc(SCC(=O)O)n2)c1C
D00671,CCCC[C@H]1CN(CC2CCOCC2)C(=O)OC12CCN(C1(C)CCN(C(=O)c3c(C)ncnc3C)CC1)CC2
D00672,O=C(O)C(CC#Cc1ccccc1)NS(=O)(=O)c1ccc(/N=N/c2ccccc2)cc1
D00673,Nc1c(Cc2ccc(S(N)(=O)=O)cc2)c(-c2cccc(-c3ccccc3)c2)nn1-c1nc(C(=O)O)cs1
D00674,C[C@@H](c1ccc(Br)cc1)N1CC[C@](CCC(N)=O)(c2ccc(F)cc2)OC1=O
D00675,CC(N[C@@H](Cc1ccc2c(c1)oc1ccccc12)C(=O)O)P(=O)(O)O
D00676,CNC[C@H](CC1CCOCC1)NC(=O)N1CCC[C@@H]([C@@H](OCCNC(=O)OC)c2cccc(Cl)c2)C1
D00677,N#Cc1cc(-c2ncnc(Nc3ccc(N4CCN(C5COC5)CC4)cc3)n2)ccc1O[C@H]1CCN(C(=O)c2cnc[nH]2)C[C@H]1F
D00678,O=S(=O)(Nc1ncns1)c1ccc2c(-c3ccc(C(F)(F)F)cc3Cl)cccc2c1
D00679,O=C(NC1CCC[C@@H]1OC(=O)c1cc(O)c(C(=O)c2c(O)cccc2C(=O)O)c(O)c1)c1ccc(O)cc1
D00680,O=C(Nc1ccc(Cl)cc1C(=O)Nc1ccc(Cl)cn1)c1ccc(CN2CCNC2=S)cc1
D00681,Cn1cc(-c2cc3cnc(Nc4ccc(C(=O)N5CCC5)cc4Cl)cc3n2C(=O)OC(C)(C)C)cn1
D00682,Cn1c2c(c(=O)n1-c1ccccc1Cl)[C@H]1CC[C@]2(C)C1(C)C
D00683,CC(=O)S[C@@H]1C[C@@H](COCc2cc(F)c(F)cc2F)N(C(=O)Oc2cccc3c2OCCO3)C1
D00684,Cc1ncnc(C)c1C(=O)N1C[C@@H]2CN(CCC(c3cccc(F)c3)C3CCN(S(C)(=O)=O)CC3)C[C@@H]2C1
D00685,CC(C)COc1cccc(-c2cc(COC(C)(C)C(=O)O)nn2-c2ccccc2Cl)c1
D00686,COc1c(O)cc(-c2nn(C)/c(=N/C3CCCCC3)s2)cc1O
D00687,CNC(=O)[C@]12C[C@H]1[C@@](C)(c1cc(/C=C(\F)c3cnc(C#CCF)cn3)ccc1F)N=C(N)S2
D00688,O=C(O)C1=CC(=C(c2ccc(O)c(C(=O)O)c2)c2ccc(O)c(C(=O)O)c2)C=CC1=O
D00689,O=C(CNc1ccc(O)cc1)N1CC[C@@H]2[C@H]1C(=O)N2S(=O)(=O)[O-]
D00690,NC(N)=NCCC[C@@H]1NC(=O)[C@H](CCCN=C(N)N)NC(=O)[C@@H](Cc2ccc(O)cc2)NC(=O)CNC(=O)[C@H](Cc2ccc3ccccc3c2)NC1=O
D00691,COCCCC1CCCN1S(=O)(=O)c1ccc2c(c1)C(=O)C(=O)N2CCCCF
D00692,O=C(/C=C/c1ccc(CNCC2CCCCC2)cc1)NO
D00693,Cc1cc(OC(F)F)cnc1C(=O)Nc1ccc(F)c([C@@]2(C)N=C(N)C3(CC3)S(=O)(=O)[C@H]2F)c1
D00694,O=C(/C=C/c1ccccc1)NO
D00695,C[C@@]1(c2cc(CNC3(C(F)F)CC3)c(F)cc2F)CCSC(N)=N1
D00696,Cc1cccc(-c2ccc(CNC(=O)CCCc3ccc4cccnc4n3)cc2)c1
D00697,COc1cc2c(Nc3ccc(Br)c(Cl)c3F)ncnc2cc1OC[C@@H]1CN2CCC[C@H]2C(=O)N1
D00698,O=C1CCc2cc(-c3cncc4ccccc34)ccc2N1
D00699,Cc1ccc(NC(=O)c2cccc(C(F)(F)F)c2)cc1C(=O)Nc1cnc(NCCCN2CCOCC2)nc1
D00700,CN(C1CCOCC1)C1CCN(c2nc3ccccc3n2Cc2ccc(F)cc2)CC1
D00701,CCN[C@@H](C)C(=O)N[C@H]1CN(C(=O)c2ccc(C(C)=O)cc2)c2ccccc2N(Cc2c(OC)ccc3cc(Br)ccc23)C1=O
D00702,Cc1c(OCCN(C)CCCF)ncc(F)c1[C@@H]1c2[nH]c3ccc(F)cc3c2C[C@@H](C)N1CCC(=O)O
D00703,N=C(N)NCCC[C@@H](C=O)NC(=O)[C@@H]1CCCN1C(=O)[C@@H]1NCC[C@@H]2CCCC[C@@H]21
D00704,C[C@@H](CN1[C@H](C)Cc2c([nH]c3ccc(F)cc23)[C@H]1c1c(F)ccc(OCCNCCCF)c1F)C(=O)O
D00705,CN[C@@H](C)C(=O)Nc1ccc(-c2c(-c3ccnc(OC)c3)nc3cc(C)ccn23)c(C#Cc2ccc3c(C)nccc3c2)n1
D00706,CN1CCOC[C@H]1C(=O)N1CC[C@@](O)(c2ccccc2)[C@@H]2CCCC[C@@H]21
D00707,COc1cnc2c(Nc3ccc(F)c([C@]4(C)CS(=O)(=O)C(C)(C)C(N)=N4)c3)ncc(F)c2c1
D00708,CC(C)Oc1cccc(-c2cc(COC(C)(C)C(=O)O)nn2Cc2ccccc2Br)c1
D00709,C[C@@H]1CN(C(=O)c2ccc(Cl)cc2-n2nccn2)[C@H](Cc2cccc(-n3nccn3)c2)CO1
D00710,N#Cc1ccccc1Cn1c(N2CCC[C@@H](N)C2)nc2[nH]c(-c3cccnc3)cc2c1=O
D00711,NC1(C(=O)N[C@@H](CCN2CCCC2)c2ccc(Cl)cc2)CCN(c2ncnc3[nH]ccc23)CC1
D00712,COc1cnc(C(=O)Nc2ccc3c(c2)C2(CCOC(N)=N2)c2cc(C4=CCOCC4)nc(F)c2O3)cn1
D00713,O=C(CCCCCCc1ccccc1)c1nnco1
D00714,CC(C)C[C@H](NC(=O)Nc1cccc2ccccc12)C(=O)NO
D00715,Cn1cc(Cc2cn(CC(=O)N(CC(=O)O)Cc3ccc(-c4ccc(C(F)(F)F)cc4)cc3)c(SCc3ccc(F)cc3)nc2=O)cn1
D00716,COc1cc(OC)cc(-c2cc(COC(C)(C)C(=O)O)nn2-c2cccc(N(C)C)c2)c1
D00717,CN(C)c1cc2c(Nc3ccc4c(cnn4Cc4ccccc4)c3)ncnc2cn1
D00718,CCS(=O)(=O)N1CCC(CNC(=O)c2ccc(Cl)cc2Cl)(c2ccccn2)CC1
D00719,COc1cc2c(Nc3ccc(Cl)c(Cl)c3)ncnc2cc1OC[C@H]1C[C@@H]2CN(C)C[C@@H]2C1
D00720,CN[C@@H](C)C(=O)N[C@H]1CN(C(=O)CS(C)(=O)=O)c2cc(C#N)ccc2N(Cc2nn(-c3ccccc3C#N)c3ccccc23)C1=O
D00721,O=C(CNS(=O)(=O)c1ccc(Oc2ccccc2)cc1)NO
D00722,CCCNC(=O)c1cn2ncnc(Nc3cc(C(=O)NC4CC4)ccc3C)c2c1C
D00723,CN(Cc1ccc(/C=C/C(=O)NO)cc1F)CC12CC3CC(CC(C3)C1)C2
D00724,O=c1cc(N2CCOCC2)nc(Cc2nc3ccccc3o2)[nH]1
D00725,CN(Cc1ccc2ccccc2c1)C(=O)n1nnc(Cc2ccc(-c3ccccc3)cc2)n1
D00726,Cn1nccc1-c1ccc(CN2C[C@H](N)[C@H](C(=O)N3CCC[C@H]3C#N)C2)cc1
D00727,CC(C)(CC(=O)N[C@H]1C[C@@H]1c1cc(F)cc(F)c1)NCC(=O)N1CCC[C@H]1C#N
D00728,CCOc1cccc(-n2nc(COC(C)(C)C(=O)O)cc2-c2cc(OC)cc(OC)c2)c1
D00729,CS(=O)(=O)c1ccc(-c2noc(C3CCN(C(=O)NC4CC4c4ccccc4)CC3)n2)cc1
D00730,CCN1CCCC1CNC(=O)c1cc(S(N)(=O)=O)ccc1OC
D00731,Cc1[nH]c(/C=C2\C(=O)Nc3ccc(F)cc32)c(C)c1C(=O)NCCN1CCCC1
D00732,CN(C)CC1CC1c1cccc2cc(C#N)ccc12
D00733,N#Cc1ccc(Cn2cncc2CN[C@H]2CCN(Cc3ccc(Cl)cc3)C2=O)cc1
D00734,C[C@@H](C[C@@](C)(CS(=O)(=O)N1CCC(CCc2ccc(F)cc2C(F)(F)F)CC1)N(O)C=O)c1ncc(F)cn1
D00735,COc1cc2c(Nc3cc(Cl)c(Br)cc3F)ncnc2cc1O[C@H]1CO[C@@H]2[C@@H](OC)CO[C@H]12
D00736,C[C@@]1(CSc2nc3ccccc3o2)S[C@@H]2[C@H](Br)C(=O)N2[C@H]1C(=O)O
D00737,Cc1cc(CN2C[C@H](N)[C@H](C(=O)C3CCC[C@H]3C#N)C2)ccc1C#N
D00738,COCCONC(=O)N(Cc1ccsc1)C1CCN([C@H](C)CCNC(=O)c2c(C)cc(Cl)nc2C)CC1
D00739,COc1ccc(NC(=O)c2ccc(-c3ccc(-c4noc(C)n4)cc3C)cc2)cc1N1CCN(C)CC1
D00740,COc1cc(-c2[nH]c3ccc(C4CCN(C(=O)C5CCCO5)CC4)cc3c2C(C)C)cn2ncnc12
D00741,O=C(NC1CC1)c1cnc2ccc(-c3c(-c4ccc(F)cc4)ncn3CC(F)F)cn12
D00742,Cc1nccn1CC1CCc2c(c3ccccc3n2C)C1=O
D00743,CN([C@@H]1CCc2c(CC(=O)O)c3cccnc3n2C1)S(=O)(=O)c1ccc(F)cc1
D00744,C=CC(=O)Nc1ccc(S(=O)(=O)N2CCN(C(=O)OCc3ccc(Oc4ccccc4)cc3)CC2)cc1
D00745,CCN(C)CCN1CCCc2cc(NC(=N)c3cccs3)ccc21
D00746,CC(C)[C@H](NC(=O)[C@H](CCC(=O)O)NC(=O)[C@H](Cc1ccccc1)NC(=O)[C@H](C)NC(=O)[C@@H](N)Cc1ccc(O)cc1)C(=O)N[C@H](C(=O)NCC(=O)O)C(C)C
D00747,O=C(N[C@@H]1C[C@@H](O)C[C@H]1OC(=O)c1cc(O)c(C(=O)c2c(O)cccc2C(=O)O)c(O)c1)c1ccc(O)cc1
D00748,Cc1nc(Nc2cc(N[C@@H]3CCCC[C@@H]3N)nnc2C(N)=O)ccc1F
D00749,COc1ncc(-c2cccc3c2C[C@H](NC(=O)c2ccc(OCCC(F)(F)F)nc2)CO3)cn1
D00750,CN1CCC(c2ccc(Nc3ncnc(-c4ccc(OC5CCOCC5)c(C#N)c4)n3)cc2)CC1
D00751,C[C@@H]1C(=O)NN=C2COc3cc(-c4ccccc4)c(NC4CNC4)cc3N21
D00752,O=C(O)/C=C/c1ccc(O)c(O)c1
D00753,CC(=O)N1CCC(n2ncc(Nc3ncc(Cl)c(-c4cnn5ccccc45)n3)c2C)CC1
D00754,CC(=O)N1CC(c2cn(C)c3c2C(=O)N(c2cc(C)c4nnc(C)n4c2)C3c2ccc(Cl)cc2)C1
D00755,Cn1c2ccncc2c2ncnc(N3CCN(CCc4ccc(F)c(F)c4)CC3)c21
D00756,CCSCC[N+](C)(C)C
D00757,N[C@H]1CCCC[C@H]1Nc1cc2nc[nH]c(=O)c2c(Nc2cccc3cc[nH]c23)n1
D00758,CCCCCCCCCc1ccc(B(O)O)cc1
D00759,Cc1nnc2ccc(N3CC[C@H](c4cc(F)c(F)cc4F)[C@@H]([NH3+])C3)nn12
D00760,CSCCNc1nc(SCCC(F)(F)F)nc2c1ncn2[C@@H]1O[C@H](COP(=O)(O)OP(=O)(O)C(Cl)(Cl)P(=O)(O)O)[C@@H](O)[C@H]1O
D00761,COc1cc2nccc(Oc3ccc4c(C(=O)Nc5ccccn5)cccc4c3)c2cc1OC
D00762,Cc1cc(C#N)cnc1C(=O)Nc1cc(C)c(F)c([C@]2(CF)C[C@@H](C(F)(F)F)OC(N)=N2)c1
D00763,CN[C@@H](C)C(=O)N[C@H]1CN(C(=O)Cc2cccnc2)c2ccccc2N(Cc2c(C)ccc3ccccc23)C1=O
D00764,N#Cc1ccc(NCCNCC(=O)N2CCC[C@H]2C#N)nc1
D00765,CN[C@@H](C)C(=O)N[C@H]1CN(C(=O)CCOC)c2cc(C#N)ccc2N(Cc2nn(-c3ccccc3C#N)c3ccccc23)C1=O
D00766,CS(=O)(=O)c1cccc(C[C@H](NC(=O)c2c(Cl)cc3c(c2Cl)CCN(C(=O)c2ccc4ccoc4c2)C3)C(=O)O)c1
D00767,[NH3+][C@H]1Cn2c(nc3cc(F)ccc32)C[C@@H]1c1cc(F)c(F)cc1F
D00768,Cc1ccc(-c2c(C#N)cnn2-c2ccc(S(N)(=O)=O)cc2)cc1
D00769,CC(C)(C)S(=O)(=O)C[C@H](C1CC1)N1C(=O)[C@@](C)(CC(=O)O)C[C@H](c2cccc(Cl)c2)[C@H]1c1ccc(Cl)cc1
D00770,N[C@@H](CC(=O)N1CCCCN1C(=O)c1ccccc1)Cc1cc(F)c(F)cc1F
D00771,Clc1ccccc1CC(c1ccccc1)N1CCNCC1
D00772,COc1ccc(C(=O)/C(Cc2ccccc2)=C(\C(=O)[O-])c2ccc3c(c2)OCO3)cc1
D00773,CC(=O)N1CCc2c(c(Nc3ccc(-c4cnn(C)c4)cc3F)nn2[C@@H]2CCOC2)C1
D00774,CN1Cc2cc(-c3ccc(C[C@@H](C#N)NC(=O)[C@@H]4CCCCN4)cc3)ccc2C1=O
D00775,O=C1CCc2cc(-c3cccnc3)cc(Cl)c2N1
D00776,O=C(/C=C/c1c(C(=O)O)[nH]c2ccc(Cl)cc12)Nc1cccc(/C=C/c2ccc3ccc(Cl)cc3n2)c1
D00777,CNC(=O)c1cnc2ccc(-c3c(-c4ccc(F)cc4)ncn3CC(F)F)nn12
D00778,Cc1ccc2c(c1)c(Cc1nc3c(F)c(F)cc(F)c3s1)cn2CC(=O)O
D00779,O=C1CC2(CCN(C(=O)NC3CCc4ccccc4CC3)CC2)Oc2ccccc21
D00780,O=C(O)[C@H](Cc1ccccc1)NS(=O)(=O)c1ccc(-c2ccc(Br)cc2)cc1
D00781,C=C(CC(NC(=O)c1ccc(CCc2cnc3nc(N)nc(N)c3n2)cc1)C(=O)O)C(=O)O
D00782,CN1C2CCC1C(C(=O)Oc1ccc(Cl)cc1)C(c1ccc(Cl)cc1)C2
D00783,CN(C)C(=O)Cc1cncc(C2COc3c(cccc3C(N)=O)O2)c1
D00784,O=C(OCCN1CCOCC1)C1(c2ccccc2)CCCCC1
D00785,COc1cc(-c2cccc(F)c2)c(Cl)cc1-c1nccc2cc(S(=O)(=O)Nc3ncns3)ccc12
D00786,CC(=O)Nc1cc(Nc2cc(NC3CC3)n3ncc(C#N)c3n2)ccc1N(C)CCN
D00787,COc1cc(-c2cccc(OC(F)F)c2)c(F)cc1-n1c(=O)ccc2cc(S(=O)(=O)Nc3ccon3)ccc21
D00788,CC(=O)N1CC(n2cnc(-c3ccc(F)cc3)c2-c2ccc3ncc(C#N)n3n2)C1
D00789,Cc1c(C)c2ccc(OCc3ccc(F)c(F)c3)cc2oc1=O
D00790,O=c1c2ccccc2oc2c(Cc3ccc4c(c3)OCO4)[nH]c(-c3nccs3)c12
D00791,CC(C)N(C)[C@@H]1CC[C@H](N2CC[C@H](NC(=O)c3cccc(OC(F)(F)F)c3)C2=O)[C@H](CS(=O)(=O)C(C)(C)C)C1
D00792,N=C(N)NC(=O)c1ccc(C2CCN(C(=O)c3ccncc3)CC2)c(C(F)(F)F)c1
D00793,Cn1c(-c2cn(-c3cccc(C(=O)O)c3)nn2)nc(-c2ccc(F)cc2)c1-c1ccncc1
D00794,N=C(N)CCCC[C@H]1C(=O)O[C@H]2CCC[C@@H]21
D00795,CCC[C@H](N[C@@H](CCc1ccccc1)C(=O)O)C(=O)N1C[C@@H](NC(=O)C[C@H](N)Cc2cc(F)c(F)cc2F)C[C@H]1C(=O)O
D00796,COc1cc2c(Nc3ccc(Br)c(Cl)c3Cl)ncnc2cc1OC[C@@H]1CN2CCC[C@H]2CO1
D00797,COc1cc2c(Nc3ccc(Cl)c(Cl)c3F)ncnc2cc1OC[C@@H]1CN2CCCC[C@H]2C(=O)N1
D00798,O=C(NCCCN1CCCC1=O)c1cnccc1Nc1nc(-c2cc(Br)ccc2F)nc2nccnc12
D00799,COc1cc(N2C(=O)N(c3ccc(-c4ccc(C(=O)O)cc4F)cc3)C(=O)C23CCN(Cc2ncccc2C)CC3)ncn1
D00800,CC(=O)N1CCC(c2ccc(C(=O)NC(=N)N)cc2C(F)(F)F)CC1
D00801,Nc1n[nH]c2nccc(-c3ccc(NC(=O)Nc4cccc(C(F)(F)F)c4)cc3)c12
D00802,Cc1cc(F)ccc1-c1c(Oc2ccc(/C=C/C(=O)O)cc2)c2ccc(O)cc2oc1=O
D00803,Cc1nc2sccn2c(=O)c1CCN1CCC(=C(c2ccc(F)cc2)c2ccc(F)cc2)CC1
D00804,C[C@@H]1CN(C(=O)C[C@H](N)C(=O)N2Cc3ccccc3C2)CCN1C(c1ccc(F)cc1)c1ccc(F)cc1
D00805,O=C(O)c1ccnc(-n2nc(Cc3ccccc3Cl)cc2O)c1
D00806,CCc1nc(N)nc(N)c1-c1ccc(Cl)cc1
D00807,C=C1C(=O)N(CC(=O)O)C(=O)N1Cc1cccc([N+](=O)[O-])c1
D00808,COc1ccc(CN2C(=O)C(=O)c3cc(S(=O)(=O)N4CC[C@H]4COc4ccccc4)ccc32)cc1
D00809,O=C(CCl)Nc1cccc(-c2cnc3ccccc3n2)c1
D00810,NC1=N[C@](CF)(c2cc(Nc3ncc(F)c4cc(C#CC5CC5)cnc34)ccc2F)C[C@@H](C(F)(F)F)O1
D00811,Nc1nccc2scc(-c3ccc4c(c3)CCN4C(=O)Cc3ccccc3)c12
D00812,CC(C)(C)NS(=O)(=O)c1ccc(-c2cc3c(N)ncc(C(=O)NCCN4CCCCC4)c3s2)cc1
D00813,Nc1nc2[nH]cc(CCc3ccc(C(=O)N[C@@H](CCC(=O)O)C(=O)O)cc3)c2c(=O)[nH]1
D00814,NC1=NC(c2cc(NC(=O)c3ccc(Cl)cn3)ccc2F)(C(F)F)C[C@@H](C(F)(F)F)O1
D00815,Cc1cnc(-c2cc(OC[C@H]3CN(C)CCO3)cc(C(=O)N[C@H](C)c3cnc(C(F)(F)F)nc3)c2)s1
D00816,CN1C(=O)C(c2cccc(-c3cccnc3)c2)(c2ccc3c(c2)OCCO3)N=C1N
D00817,O=C(O)c1ccc(NC(=O)[C@H](C2CCCCC2)n2c(-c3ccc(Cl)cc3)nc3cc(F)c(F)cc32)c(F)c1
D00818,C[C@@H]1C[C@H]2[C@@H]3CCC4=CC(=O)C=C[C@]4(C)[C@@]3(F)[C@@H](O)C[C@]2(C)[C@@]1(O)C(=O)CO
D00819,Cc1[nH]c(/C=C2\C(=O)Nc3ccccc32)c(C)c1CCC(=O)O
D00820,COc1ccc(COc2ccc(-c3nn(CCC#N)c(=O)o3)cc2)cc1
D00821,OCCN1CCN(CCCN2c3ccccc3Sc3ccc(Cl)cc32)CC1
D00822,CN(C)C/C=C/C(=O)Nc1ccc2ncnc(Nc3cccc(Br)c3)c2c1
D00823,CC1(c2cc(NC(=O)c3ccc(Cl)cn3)ccc2F)CC2(CCOCC2)SC(N)=N1
D00824,O=C(NCc1ccc2c(c1)[nH]c(=O)n2-c1cc(Cl)c(O)cc1O)c1ccccc1
D00825,COc1cccc(Nc2ncnc(-c3ccc(OC4CCOCC4)c(C#N)c3)n2)c1
D00826,COc1cc(Cl)c(-c2cc(-c3cnc(NC(C)=O)s3)nc(-c3cnccn3)n2)c(Cl)c1
D00827,CC[C@H](C)[C@@H]1NC(=O)[C@@H]2CSSC[C@@H]3NC(=O)[C@H](C(C)C)NC(=O)[C@H](CC(C)C)NC(=O)[C@H](CC(N)=O)NC(=O)[C@@H]4CCCN4C(=O)[C@H](CCCNC(=N)N)NC(=O)[C@H](CSSC[C@H](NC(=O)[C@@H](N)CC(=O)O)C(=O)N[C@@H](CC(C)C)C(=O)N[C@@H](CCCCN)C(=O)N[C@@H](Cc4ccccc4)C(=O)N[C@@H](CCSC)C(=O)N[C@@H](CCCNC(=N)N)C(=O)N[C@@H](CCCCN)C(=O)N2)NC(=O)[C@H](CSSC[C@@H](C(=O)N[C@@H](CCCCN)C(=O)N[C@@H](Cc2ccc(O)cc2)C(=O)N[C@H](C(=O)N[C@@H](Cc2ccccc2)C(N)=O)C(C)C)NC(=O)[C@H](Cc2c[nH]c4ccccc24)NC(=O)[C@H](CCCCN)NC(=O)[C@H](Cc2cnc[nH]2)NC(=O)[C@H]([C@@H](C)O)NC(=O)[C@H](CCCNC(=N)N)NC(=O)[C@H](CO)NC3=O)NC(=O)[C@H](CCCCN)NC(=O)[C@H](CC(=O)O)NC(=O)[C@H](CC(N)=O)NC(=O)[C@H](CC(=O)O)NC(=O)[C@@H]2CCCN2C1=O
D00828,Cc1nn(C2CC2)c2c1C(c1ccc(Cl)cc1)N(c1ccc3nnn(C)c3n1)C2=O
D00829,N#Cc1cc(-c2ncnc(Nc3ccc(C4CCN(C5COC5)CC4)cc3)n2)ccc1O[C@H]1CCN(C(=O)CO)C[C@H]1F
D00830,CC(C)c1ccc(NC(=O)Oc2ccc3c(c2)[C@]2(C)CCN(CCc4ccccc4)[C@@H]2N3C)cc1
D00831,[NH3+][C@H]1Cn2c(nc3c(F)c(F)c(F)cc32)C[C@@H]1c1cc(F)c(F)cc1F
D00832,Clc1ccc2ncc(-c3cccc(NC4CCNC4)n3)n2c1
D00833,Nc1nccc(-n2ccc3ccc([N+](=O)[O-])cc32)n1
D00834,Nc1nc2cc(-c3ccc4ncc(C(=O)N5CCOCC5)n4c3)ccc2o1
D00835,CC(C)(CC(O)(Cc1cc2cc(S(C)(=O)=O)ncc2[nH]1)C(F)(F)F)c1ccccc1C(N)=O
D00836,C[C@@H](c1ccc(-c2cn(C)c(=O)cc2CO)cc1)[C@H]([NH3+])C(=O)N1CC[C@H](F)C1
D00837,NC1=N[C@@](c2cc(NC(=O)c3ncc(Br)cc3C(F)F)ccc2F)(C(F)F)[C@H]2C[C@H]2O1
D00838,Oc1cc(O)cc(/C=C/c2ccc(O)c(O)c2)c1
D00839,CN(C)C(=O)c1cc2cnc(Nc3ccc(C(=O)N4CC5CC5(N)C4)cn3)nc2n1C1CCCC1
D00840,Cc1ccc(-c2cc(F)c(F)cc2-c2ccc(S(N)(=O)=O)cc2)cc1C
D00841,Cc1cc(Cl)ccc1C1c2c(nn(Cc3cccnc3)c2C(C)C)C(=O)N1c1cccc(Cl)c1F
D00842,O=S(=O)(Nc1ncns1)c1ccc2c(-c3ccc(Cl)cc3C3=CCNCC3)cccc2c1
D00843,CC(C)[C@H](CO)Nc1nc(Nc2cccc(Cl)c2)c2ncn(C(C)C)c2n1
D00844,Cn1c(N2CCO[C@@H](c3ccc(F)cc3)C2)nc(-c2ccncn2)cc1=O
D00845,CCCNNC(=O)CCCCCNC(=O)[C@H](Cc1c[nH]c2ccccc12)NC(=O)c1ccc(OC)cc1
D00846,O=S(=O)(Nc1nccs1)c1cc(Cl)c(NCCC2CCCOC2)cc1F
D00847,COc1ccc(OCCCCC(=O)O)cc1Cc1cnc(N)nc1N
D00848,O=C1C(=O)N(Cc2cn(CCF)nn2)c2ccc(S(=O)(=O)N3CCC[C@H]3COc3cccnc3)cc21
D00849,COc1ccc(C2CNC(=O)C2)cc1OC1CCCC1
D00850,C[C@H](CCC(=O)O)[C@H]1CC[C@H]2[C@@H]3CC[C@@H]4C[C@H](O)CC[C@]4(C)[C@H]3CC[C@@]21C
D00851,Cc1nn(C)cc1-c1nc2c(N3CCN(Cc4ccc(Cl)cc4)CC3)c(Cl)cnc2[nH]1
D00852,C=CC(=O)Nc1cccc(C)c1Nc1ncc2cc(-c3c(Cl)c(OC)cc(OC)c3Cl)ccc2n1
D00853,c1cncc(-c2ccccc2CC(c2cccnc2)c2cccnc2)c1
D00854,CN(C)C(=O)c1cc2cnc(Nc3ccc(N4C[C@H]5CC[C@@H](CC4=O)N5CC(F)(F)F)cn3)nc2n1C1CCCC1
D00855,CC(C)c1ccc(NC(=O)Oc2ccc3c(c2)[C@]2(C)CCN(CCc4ccccc4)C2N3C)cc1
D00856,C[C@@H]1CN(c2ccc(F)cc2C(F)(F)F)CCN1S(=O)(=O)c1ccc([C@@](C)(O)C(F)(F)F)s1
D00857,Cc1c(C#N)c(=O)oc2cc(OCc3ccccc3)ccc12
D00858,N#Cc1cc(-c2ncnc(Nc3ccc(N4CCN(C5COC5)CC4)cc3)n2)ccc1OC1CCC(=O)NC1
D00859,CC(C)OC(=O)N1CCN(c2ccc(NC(=O)c3oc(N4CCCCC4)nc3C(F)(F)F)cn2)CC1
D00860,OC[C@@H]1[C@@H](O)[C@H](O)[C@@H](O)CN1CCCC(F)(F)COCc1ccc(-c2ccccc2)cc1
D00861,C[C@H]1CN(S(=O)(=O)C[C@]23CC[C@H](CC2=O)C3(C)C)CCN1c1ncc(C(F)(F)F)cc1F
D00862,O=C1NC(=O)c2ccc(-c3cccc(O)c3)cc2C1=CNc1ccc(CN2CCCCC2)cc1
D00863,CN1CCc2nc(C(=O)N[C@@H]3CCCC[C@H]3NC(=O)c3cc4cc(Cl)ccc4[nH]3)sc2C1
D00864,Cc1n[nH]c2cc(N(C)c3ccnc(Nc4cccc(S(N)(=O)=O)c4)n3)ccc12
D00865,O=C(Cc1cccc2ncccc12)Nc1scc(Br)c1-c1nnc[nH]1
D00866,COc1cc(-c2[nH]c3ccc(C4CCN(C(=O)CS(C)(=O)=O)CC4)cc3c2C(C)C)cn2ncnc12
D00867,Cc1nccn1CC(NC(=O)CC1CCN(Cc2ccn(-c3ccc(C(F)(F)F)cc3)c2)CC1)c1ccccc1
D00868,Cc1cc(-c2c(Cl)cccc2Cl)cc2nnc(Nc3ccc(OCCN4CCCC4)cc3)nc12
D00869,Cc1cccnc1CN1CCC2(CC1)C(=O)N(c1ccc(-c3ccc(-c4cc[nH]n4)cc3)cc1)C(=O)N2c1cc(=O)[nH]cn1
D00870,Cc1cccc(N2CCN(CCNC(=O)c3cc(C(C)(C)C)n(C)c3C)CC2)c1C
D00871,N[C@H](Cc1cc(F)ccc1F)C1CCN(c2cncnc2)CC1
D00872,Cc1cc(NC2CCN(C(=O)CCNCC(=O)O)CC2)nc(NCc2cn(CCCNCCCNC3CCCCC3)nn2)n1
D00873,COc1ccc2c(c1)c1c(n2CC(=O)O)CCN(C(=O)c2ccccc2)C1
D00874,O=C(NO)c1ccc(C(=O)NCCc2ccncc2)cc1
D00875,N#Cc1ccc(N2CCC(Nc3c(C(N)=O)cnc4[nH]ccc34)CC2)nc1
D00876,CN[C@@H](C)C(=O)Nc1ccc(-c2c(-c3cccnc3OC)nc3cc(C)ccn23)c(C#Cc2ccc3c(C)nccc3c2)n1
D00877,N#C[C@@H]1CCCN1C(=O)[C@@H]([NH3+])CCC(=O)N1CCN(c2ccncc2)CC1
D00878,OCC[n+]1ccc2c(c1)c1ccccc1n2CCCCCCCCCn1c2ccccc2c2c[n+](CCO)ccc21.[I-].[I-]
D00879,CCCCNc1nc(-c2ccc(S(C)(=O)=O)cc2)cc(C(F)(F)F)n1
D00880,O=C(O)Cn1cc(Cc2nc3c(F)c(F)cc(F)c3s2)c2cccc(Cl)c21
D00881,COc1ccc2c(c1)c(Oc1cccc(C(F)(F)F)c1)c(C(=O)O)n2-c1ccc(C(C)(C)C)cc1
D00882,CN(C)c1ccc2nc3ccc(=[N+](C)C)cc-3sc2c1
D00883,C[C@](NC(=O)C(F)(F)F)(C(=O)N1CC[C@H]1C(=O)N[C@H](C=O)CCCN=C(N)N)c1ccccc1
D00884,CCCCC(CC(=O)NO)S(=O)(=O)c1ccccc1
D00885,NC1=N[C@](CF)(c2cc(NC(=O)c3ccc(C#CC4CC4)cn3)cc(F)c2F)C[C@@H](C(F)(F)F)O1
D00886,Cc1cc(Nc2nn(Cc3ccc(F)cc3)c(=O)c3ccccc23)[nH]n1
D00887,OC[C@H]1C[C@@H](Nc2nc(Nc3ccnc(OC4CC4)c3)ncc2-c2ccc3ccccc3n2)[C@H](O)[C@@H]1O
D00888,COC[C@H]1CCCN1c1cc(NC(C)=O)nc(-n2nc(C)cc2C)n1
D00889,Cc1c(C(=O)Nc2ccn(C)n2)ncn1Cc1cccc(C(F)(F)F)c1
D00890,NC1=N[C@](CF)(c2cc(Nc3nccc4cc(Cl)cnc34)ccc2F)C[C@@H](C(F)(F)F)O1
D00891,CC(=O)Nc1cc(S(=O)(=O)Nc2ccc(F)cc2F)cc2c1N(CCc1ccccc1)CC2
D00892,C[C@@]1(c2cc(Nc3nccc4cc(Cl)cnc34)ccc2F)CS(=O)(=O)[C@@](C)(F)C(N)=N1
D00893,CN(C)CC(=O)N1CCC(n2cc(-c3cnc(N)c(-n4nnc5ccccc54)n3)cn2)CC1
D00894,CN(C)C(=O)[C@@H](c1ccc(-c2ccn3ncnc3c2)cc1)[C@H]([NH3+])C(=O)N1CCC(F)(F)C1
D00895,Cc1ccc(C(=O)NCCC2CCCCC2)cc1C(=O)Nc1ccc(N)nc1
D00896,O=C(O)CC1CCC2(CCN(c3ccc(-c4nc5cc(C(F)(F)F)ccc5[nH]4)cn3)CC2)OC1
D00897,Fc1ccc2c(c1)CC/C2=C\c1cncnc1
D00898,OC[C@H]1CCCN1CCOc1ccc(C#Cc2ccc(-c3ccc(Cl)cc3)cn2)cc1
D00899,Nc1ccccc1NC(=O)c1ccc(Cn2cc(-c3ccc(C(=O)NCc4cccnc4)cc3)nn2)cc1
D00900,CCCCCCCCCCCn1cc(CN[C@H]2[C@H](O)[C@@H](O)[C@H](O)[C@@H](O)[C@@H]2O)nn1
D00901,N[C@H]1C[C@@H](N2Cc3nn4nccnc4c3C2)CO[C@@H]1c1cc(F)ccc1F
D00902,O=C(c1cc(-c2ccccc2F)n[nH]1)N1CC[C@](O)(c2ccccc2)[C@H]2CCCC[C@H]21
D00903,CS(=O)(=O)N1CCN(CCC(CS(=O)(=O)c2ccc(Oc3ccc(OC(F)(F)F)cc3)cc2)N(O)C=O)CC1
D00904,O=C(O)Cc1ccccc1Nc1c(Cl)cccc1Cl
D00905,CC(C)c1c(C(=O)Nc2ccccc2)c(-c2ccccc2)c(-c2ccc(F)cc2)n1CC[C@@H]1C[C@@H](O)CC(=O)O1
D00906,O=C1Cc2c([nH]c3ccc(Br)cc23)-c2ccccc2N1
D00907,O=C(c1ccc(F)c(O)c1)c1nc2ccc(O)cc2s1
D00908,O=c1c(-c2ccc(O)cc2)coc2cc(O)cc(O)c12
D00909,COC(=O)c1ccc(CO/N=C/c2ccc(/C=C/C(=O)NO)cc2)cc1
D00910,NC1=NCCCCN1Cc1ccc(C(=O)Nc2ccc(Cl)cc2C(=O)Nc2ccc(Cl)cn2)cc1
D00911,CCCc1nn(C)c2c(=O)[nH]c(-c3cc(S(=O)(=O)N4CCN(CCC(=O)NO)CC4)ccc3OCC)nc12
D00912,CC(C)n1c(O)cn(-c2ccc(Cc3cc([C@@H]4O[C@H](CO)[C@@H](O)[C@H](O)[C@H]4O)ccc3Cl)cc2)c1=O
D00913,CS(=O)(=O)c1ccc(-c2nnc(/C=C/c3nnc(-c4ccc(C#N)cc4)o3)n2-c2ccccc2Cl)nc1
D00914,NC(=O)CCC1(c2ccccc2)CCCN(C(=O)Nc2ccc(Cl)cc2)C1
D00915,CN(C)CCNC(=O)c1cnc(N)c2cc(-c3ccc(S(=O)(=O)NC(C)(C)C)cc3)sc12
D00916,COc1ccc(C(=O)C2CCN(C3CCN(Cc4nc5c(c(=O)[nH]4)CCC5)C3=O)CC2)cc1
D00917,COc1ccc2c(C(=O)NCCO)nc(C#N)c(-c3ccccc3)c2c1
D00918,Cc1nc(=O)c2cc(CN(C)c3ccc(C(=O)N[C@@H](CCC(=O)O)C(=O)O)s3)ccc2[nH]1
D00919,Cc1ccc(C(=O)Nc2cccc3c(Oc4cncc(C(N)=O)c4)cccc23)cc1
D00920,O=C(NC(c1ccc(Cl)c(Cl)c1)C1CCNC1)c1ccc2cnccc2c1
D00921,COc1nn(C)cc1Nc1ncc(F)c(-c2c[nH]c3c(NC(=O)[C@@H](C)N4CCN(C)[C@H](C)C4)cccc23)n1
D00922,CN(C)CCCSc1ccccc1NC(=O)/C=C/c1ccccc1
D00923,O=C(Cc1cc[n+]([O-])cc1)N1CCN([C@@H]2c3ccc(Cl)cc3CCc3cc(Br)cnc32)CC1
D00924,CCN(CC)CCNC(=O)c1c(C)[nH]c(/C=C2\C(=O)Nc3ccc(F)cc32)c1C
D00925,CC(C)N1CCN(S(=O)(=O)c2ccc(NC(=O)c3ccc(C(F)(F)F)cc3[N+](=O)[O-])cc2)CC1
D00926,CN(C)C(=O)c1cc2cnc(Nc3ccc(N4C[C@@H]5CC[C@H](CC4=O)N5)cn3)nc2n1C1CCCCC1
D00927,COC[C@@H]1CCCN1S(=O)(=O)c1cc(Br)c2c(c1)C(=O)C(=O)N2CCCCO
D00928,CNC(=O)c1ccc2cc([C@@]3(O)CCn4cncc43)ccc2c1
D00929,Clc1ccccc1C(c1ccccc1)(c1ccccc1)n1ccnc1
D00930,CCCN1CCC(COc2nc3ccccc3c3c2CCCN3)CC1
D00931,Fc1ccc(-c2[nH]c(-c3c(F)c(F)nc(F)c3F)nc2-c2ccncc2)cc1
D00932,CC(C)(C)S(=O)(=O)c1ccc2nc(-c3ccc(=O)n(-c4ccccc4)c3)[nH]c2c1
D00933,C=C1/C(=C\C=C2/CCC[C@@]3(C)[C@H]2CC[C@@H]3[C@H](C)CCCC(C)(C)O)C[C@@H](O)C[C@@H]1O
D00934,O=C(/C=C/c1ccc2ccccc2c1)c1cccnc1
D00935,CN(C)C(=O)[C@]12C[C@H]1[C@@](C)(c1cc(/C=C(\F)c3cnc(OCC(F)(F)C(F)F)cn3)cnc1F)N=C(N)S2
D00936,C[C@H]1C[C@H](Oc2ccc(-c3ncnc(Nc4ccc(N5CCN(C6COC6)CC5)cc4)n3)cc2C#N)CCN1C(=O)CO
D00937,CCc1cc([C@]2(c3cccc(-c4cccnc4F)c3)N=C(N)N(C)C2=O)cc(CC)n1
D00938,CC[C@H](C)C(=O)O[C@H]1C[C@@H](C)C=C2C=C[C@H](C)[C@H](CCC3C[C@@H](O)CC(=O)O3)[C@H]21
D00939,Cc1cc(-c2[nH]c3ccc(C4CCN(C(=O)CNC(C)C)CC4)cc3c2C(C)C)cn2ncnc12
D00940,COCn1cc(C)c2c1C(c1ccc(Cl)cc1)N(c1cc(C)c3nnn(C)c3n1)C2=O
D00941,Cc1cnc(-c2cccc3c2C[C@H](NC(=O)c2ccc(OCC(F)(F)F)nc2)CO3)cn1
D00942,CN[C@@H](C)C(=O)N[C@H]1CN(C(=O)c2ccc(C(C)=O)cc2)c2cc(C#N)ccc2N(Cc2nn(-c3ccccc3C#N)c3ccccc23)C1=O
D00943,CN(C)Cc1cn([C@H]2C[C@@H](C(=O)N3CCCC3)N(C(=O)CCCc3ccccc3)C2)nn1
D00944,Nc1ccccc1NC(=O)c1ccc(CNc2nccc(-c3cccnc3)n2)cc1
D00945,C[C@@H]1CN(c2ccc(Nc3ncnc(-c4ccc(O[C@H]5CCN(C(=O)[C@@H]6CCC(=O)N6)C[C@H]5F)c(C#N)c4)n3)cc2)CCN1C1COC1
D00946,CCOc1cc(C(O)CN2CCN(C[C@H](O)c3ccc4c(c3C)COC4=O)CC2)ncc1C#N
D00947,O=C(c1ccc(F)cc1)C1CCN(CC(=O)N(Cc2nc3c(c(=O)[nH]2)COCC3)Cc2nc3ccccc3s2)CC1
D00948,Cc1nc2ccccc2n1-c1ccc(C(=O)NC2CC2)s1
D00949,Cc1noc(C2CCN(C(=O)NC3CC3c3ccccc3)CC2)n1
D00950,Cc1nc(N2CCCC2)nc2ccc(NC(=O)COc3ccc(Cl)cc3)cc12
D00951,CCn1cc(Nc2ncnc(-c3ccc(O[C@H]4CCN(C(=O)[C@H](C)O)C[C@H]4F)c(C#N)c3)n2)c(C)n1
D00952,O=C(Nc1ccc(Cl)c(OCF)c1)c1ccccn1
D00953,Cc1nc(C)c(-c2ccc(N3C(=O)N(c4cc(=O)[nH]cn4)C4(CCN(Cc5ncccc5C)CC4)C3=O)cc2)s1
D00954,Cc1nc(Nc2ncc(C(=O)Nc3c(C)cccc3Cl)s2)cc(N2CCN(CCO)CC2)n1
D00955,Cc1o[nH]c(=O)c1CC(N)C(=O)O
D00956,COc1cc(C)c(Sc2cnc(NC(=O)c3ccc(CNC(C)C(C)(C)C)cc3)s2)cc1C(=O)N1CCN(C(C)=O)CC1
D00957,CC(=O)N[C@@](C)(C(=O)N1CC[C@H]1C(=O)N[C@H](C=O)CCCNC(=N)N)c1ccccc1
D00958,NC(=O)c1cnc(N(CCO)[C@H]2CCCNC2)c2cc(-c3ccccc3)sc12
D00959,N[C@H]1CN(c2cc(N3CCC(F)(F)C3)ncn2)C[C@@H]1N1CC(F)(F)CCC1=O
D00960,NC(N)=Nc1ccc(CC(NS(=O)(=O)Cc2ccccc2)P(=O)(Oc2ccccc2)Oc2ccccc2)cc1
D00961,C[C@](O)(COc1ccc(F)cc1)C(=O)N1CCc2c(C#N)cccc21
D00962,O=S(=O)(Nc1nccs1)c1cc(Cl)c(NC[C@H]2CCCOC2)cc1F
D00963,Oc1cccc(-c2nc(N3CCOCC3)c3oc4ncccc4c3n2)c1
D00964,CP1(=O)OCC[C@]2(CCC[C@@]3(S(=O)(=O)c4ccc(Cl)cc4)c4c(F)ccc(F)c4OC[C@@H]23)CO1
D00965,CNCc1cc(C(=O)NC)ccc1Oc1ccc(Cl)cc1OC
D00966,C[C@@H](Oc1nc(-c2cnn(C3CC3)c2)cc2nn(C)cc12)[C@H]1CNC(=O)C1
D00967,Cc1c(Cn2c(C)cn3c(=O)cc(N4CCOCC4)nc23)cccc1C(F)(F)F
D00968,COc1cnc(C(=O)Nc2cc(F)c(Cl)c([C@]3(C)C[C@@H](C(F)(F)F)OC(N)=N3)c2)cn1
D00969,Cc1n[nH]c(C(=O)N2CC[C@H](Oc3ccc(-c4ncnc(Nc5ccc(N6CCN(C7COC7)CC6)cc5)n4)cc3C#N)[C@H](F)C2)n1
D00970,CCCCC[C@H](O)/C=C/[C@H]1[C@H](O)C[C@H](O)[C@@H]1C/C=C\CCCC(=O)O
D00971,O=[N+]([O-])c1ccc(CCN2CCN(CCc3ccc([N+](=O)[O-])cc3)CC2)cc1
D00972,Cc1cn(-c2cc(F)cc(NC(=O)c3ccc(C)c(Nc4nccc(-c5cccnc5)n4)c3)c2)cn1
D00973,CCCCc1cccc([C@]2([C@H](Oc3nc(C)cc(C)n3)C(=O)O)NCC(=O)N(Cc3c(F)cc(F)cc3F)c3ccccc32)c1
D00974,C[C@H](Nc1cc(-c2sc(C3CCN(C)CC3)nc2-c2ccc(F)cc2)ccn1)c1ccccc1
D00975,CN[C@@H](C)C(=O)N[C@H]1CN(C(=O)Cc2nnn[nH]2)c2ccccc2N(Cc2c(C)ccc3ccccc23)C1=O
D00976,CN1CC[C@]23c4c5ccc(O)c4O[C@H]2[C@@H](O)C=C[C@H]3[C@H]1C5
D00977,N#CCCn1nc(-c2ccc(OCc3ccccc3)cc2)sc1=O
D00978,O=C(Cc1nc(N2CCOCC2)cc(=O)[nH]1)N1CCc2c(-c3cccnc3)cccc21
D00979,O=C(NO)C1(S(=O)(=O)c2ccc(Oc3ccc(OC(F)(F)F)cc3)cc2)CCC2(CCNCC2)C1
D00980,CC(N(C)C)C1(c2ccc(Cl)c(Cl)c2)CCCCC1
D00981,COc1cc(Nc2ncnc(-c3ccc(O[C@H]4CCN(C(=O)[C@@H](O)CO)C[C@H]4F)c(C#N)c3)n2)cnc1N1CCN(C2COC2)CC1
D00982,CCCCN1C(=O)C(CC2CCCCC2)NC(=O)C12CCN(Cc1ccc(OC)cc1)CC2
D00983,O=C([C@@H]1C[C@H](N2CCN(c3ncccn3)CC2)CN1)N1C[C@H](F)[C@H](F)C1
D00984,CCN([C@@H]1CCNC1)S(=O)(=O)c1ccc2ccccc2c1
D00985,COc1cc2c(Nc3c(Cl)ccc4c3OCO4)ncnc2cc1OCCCN1CCOCC1
D00986,COc1cc([C@@H](O)CN2CCN(C[C@H](O)c3ccc4c(c3C)COC4=O)CC2)ncc1C#N
D00987,O=C1N[C@H](C(=O)O)Cc2ccccc2CCCCCC[C@@H]1CS
D00988,Cc1c(C(=O)Nc2cccc(Br)c2)cccc1[N+](=O)[O-]
D00989,CC[C@]1(C)NC(=O)c2cc(S(=O)(=O)Nc3ccc(F)cc3F)ccc2NC1=O
D00990,CC1(COc2ccc(-c3ncnc(Nc4ccc(N5CCN(C6COC6)CC5)cc4)n3)cc2C#N)COC1
D00991,C[C@@]1(c2cc(Nc3nccc4cc(Cl)cnc34)cnc2F)C[C@@H](C(F)(F)F)OC(N)=N1
D00992,CN[C@@H](C)C(=O)N[C@H]1CN(C(=O)Cc2ccccn2)c2ccccc2N(Cc2c(OC)ccc3cc(Br)ccc23)C1=O
D00993,NC(=O)c1cncc(OCc2cccc(NC(=O)c3ccc(-c4ccccc4)cc3)c2)c1
D00994,CC(=O)COc1ccc2c3c(c(=O)oc2c1C)CCCC3
D00995,COc1ccc(-c2cc(=O)c3c(O)cc(O)cc3o2)cc1O
D00996,COc1ccc(-n2sc(=O)n(Cc3ccccc3)c2=O)cc1
D00997,N=C(N)NC(=O)c1ccc(C2CCN(C(=O)c3ccc(=O)[nH]c3)CC2)c(C(F)(F)F)c1
D00998,Cc1[nH]c2ccccc2c1CCN1CCc2cc(/C=C/C(=O)NO)ccc2C1
D00999,Cc1c(C(=O)Nc2cc(Cl)cc(Cl)c2)cccc1[N+](=O)[O-]
D01000,O[C@@H]1[C@H](O)CN2CCC[C@@H](O)[C@H]12
D01001,CNC(=C[N+](=O)[O-])NCCSCc1ccc(CN(C)C)o1
D01002,Cc1ccc2[nH]c(C(=O)N3CCC(CC(C)(C)O)CC3)cc2c1
D01003,CC[C@H](C)[C@@H]1NC(=O)[C@@H](NC(=O)[C@H](CO)NC(=O)[C@@H](N)CCCNC(=N)N)CSSC[C@@H](C(=O)N[C@@H](C)C(=O)O)NC(=O)[C@H]([C@@H](C)O)NC(=O)CNC(=O)[C@@H]2CSSC[C@@H]3NC(=O)[C@H](CCCCN)NC(=O)[C@H](Cc4ccccc4)NC(=O)[C@H](C)NC(=O)[C@H]([C@@H](C)O)NC(=O)[C@H](CSSC[C@H](NC(=O)[C@H](Cc4ccccc4)NC(=O)[C@H](CO)NC(=O)[C@H](CC(C)C)NC(=O)[C@H](CCCNC(=N)N)NC(=O)[C@H](Cc4ccc(O)cc4)NC(=O)[C@H](CCCCN)NC(=O)[C@H](CCCCN)NC(=O)[C@H](CO)NC(=O)[C@H](Cc4cnc[nH]4)NC(=O)[C@H](CCCCN)NC3=O)C(=O)N[C@@H](CCCNC(=N)N)C(=O)N[C@@H](CCCCN)C(=O)N[C@@H]([C@@H](C)O)C(=O)N2)NC(=O)[C@H](CCCNC(=N)N)NC(=O)[C@H](CO)NC(=O)[C@H](CCCCN)NC(=O)[C@@H]2CCCN2C(=O)[C@H]([C@@H](C)CC)NC(=O)[C@H]([C@@H](C)O)NC(=O)[C@H](CC(=O)O)NC1=O
D01004,COCC(=O)O[C@]1(CCN(C)CCCc2nc3ccccc3[nH]2)CCc2cc(F)ccc2[C@@H]1C(C)C
D01005,C[C@@H](Oc1ccc2ncc(/C=C/C(N)=O)cc2c1)c1c(Cl)ccc(F)c1Cl
D01006,CCn1ccc(-c2ccc([C@H](C)N3CC[C@](CC(C)(C)O)(c4ccccc4)OC3=O)cc2)cc1=O
D01007,Cc1ccc(CCN2CCC(Nc3ncnc4[nH]ncc34)C(F)(F)C2)cc1
D01008,CC(C)C(=O)N1CCC(c2ccc(C(=O)NC(=N)N)cc2C(F)(F)F)CC1
D01009,Cc1nnc2c3cc(-c4ccccc4)c(-c4ccc(CN5CCC(c6nnc(-c7ccccn7)[nH]6)CC5)cc4)nc3ccn12
D01010,C#CCN(Cc1ccc2nc(N)[nH]c(=O)c2c1)c1ccc(C(=O)NC(CCC(=O)O)C(=O)O)cc1
D01011,CNc1cncc(N(C)C)c1CN
D01012,CC1(C)C=Cc2cccc(CN3CCC4(CC3)CCN(C(=O)c3ccnc(N)c3)CC4)c2O1
D01013,Cc1c([C@H]2CN3CCN(C(=O)Cc4ccc(-n5cnnn5)cn4)C[C@H]3CO2)ccc(F)c1C#N
D01014,CN1C(=O)N(c2cc(Cl)cc(Cl)c2)C(=O)[C@]12CN(c1ccc(C(=O)O)cn1)C[C@H]2c1ccc(C#N)cc1
D01015,NNCc1ccc(C(=O)Nc2ccc(Cl)cc2C(=O)Nc2ccc(Cl)cn2)cc1
D01016,CS(=O)(=O)Nc1cccc([C@H](c2ccc(F)cc2)C(c2cccnc2)c2cccnc2)n1
D01017,N#C[C@H]1CCOC[C@@H]1n1cc(C(N)=O)c(Nc2ccc(OC(F)F)cc2)n1
D01018,CN(C[C@@H]1COCCO1)S(=O)(=O)Nc1ccc2ccc3ncc(-c4cnn(C)c4)cc3c(=O)c2c1
D01019,Cc1cc(Cn2nc3c(c2C(C)C)C(c2ccc(Cl)cc2)N(c2cccc(Cl)c2F)C3=O)n(C)n1
D01020,N[C@H]1C[C@@H]1c1ccccc1
D01021,C[C@]1(c2cc(/C=C(\F)c3ccc(C#CC4CC4)cn3)ccc2F)N=C(N)S[C@@]2(C(=O)N3CCOCC3)C[C@H]21
D01022,COc1cc(N)c(Cl)cc1C(=O)N[C@H]1CCN(CCCOc2ccc(F)cc2)C[C@H]1OC
D01023,COc1ccc2c(c1)c(C)c(CCC(=O)NS(C)(=O)=O)n2C(=O)c1ccc(Cl)cc1
D01024,CCNC(=O)N(CCCN(C)C)C(=O)[C@@H]1C[C@@H]2c3cccc4c3c(cn4C)C[C@H]2N(C)C1
D01025,CCCS(=O)(=O)N1CCC(CNC(=O)c2c(F)ccc(Cl)c2F)(C(=O)N2CCOCC2)CC1
D01026,C#CCOc1ccc(-c2nc3ccccc3c(=O)[nH]2)cc1
D01027,Cc1csc2c(=O)n(Cc3ccccc3C#N)c(N3CCC[C@@H](N)C3)nc12
D01028,C[C@H](Nc1nc(Nc2cn(C)cn2)c2cc[nH]c2n1)c1ncc(F)cn1
D01029,O=CN(O)C(CS(=O)(=O)c1ccc(Oc2ccc(OC(F)(F)F)cc2)cc1)C1CCC2(CC1)OCCO2
D01030,O=C(O)COC[C@H]1CC[C@H](COC(=O)N(c2ccccc2)c2cccc(F)c2)CC1
D01031,Cc1cccc(-c2nnc3n2CCN(C(=O)c2ccc(-c4cccs4)cc2)[C@@H]3C)n1
D01032,C[C@H](NC(=O)[C@@H](CO)NC(=O)OCc1ccccc1)C(=O)NC(CCCNC(=N)N)P(=O)(Oc1ccccc1)Oc1ccccc1
D01033,O=C(O)CCC1(c2ccccc2)CCCN(C(=O)Nc2ccc(Cl)cc2)C1
D01034,COC(=O)[C@H]1[C@@H](O)CC[C@H]2CN3CCc4c([nH]c5ccccc45)[C@@H]3C[C@@H]21
D01035,C[C@]12CC[C@H]3[C@@H](CC[C@H]4C[C@H](O)CC[C@@]43C)[C@@H]1CCC2=O
D01036,O=C(NC1CC1c1ccccc1)N1CCC(c2ncon2)CC1
D01037,CSc1ccc(-c2ccc(S(=O)(=O)NC(CC#CCN3CCOCC3)C(=O)O)cc2)cc1
D01038,Cc1ccccc1N(C)C(=O)Oc1ccc(Oc2ccc(C(F)(F)F)cn2)cc1
D01039,N#C[C@@H]1C[C@@H]2CCC[C@@H]2N1C(=O)C[C@H](N)Cc1ccccc1Cl
D01040,O=C(O)CCn1cc(Cn2ccnc2)c2ccc(C(F)(F)F)cc21
D01041,CNC(=O)c1c[nH]c2ccc(N3CCCc4cc(-c5cnn(C)c5)c(C(F)F)cc43)cc12
D01042,COc1cc(C2c3cc4c(cc3C(OC3OC5COC(c6cccs6)OC5C(O)C3O)C3COC(=O)C23)OCO4)cc(OC)c1O
D01043,Cc1cn([C@H]2C[C@H](N=[N+]=[N-])[C@@H](CO)O2)c(=O)[nH]c1=O
D01044,CC(=O)N1CC[C@H](Oc2ccc(-c3ncnc(Nc4ccc(C5CCNCC5)cc4)n3)cc2C#N)C(F)(F)C1
D01045,CCOC(=O)N1CCC(Nc2cc(OC)ccn2)CC1
D01046,Cc1ccc(N2CCC([C@H](N)Cc3cc(F)ccc3F)CC2)c(C)n1
D01047,CCCCCCC(Sc1nc(Cl)cc(Nc2ccc3ncccc3c2)n1)C(=O)OCC
D01048,CNc1cc(Nc2cnc(C#N)c(O[C@H](C)CN(C)C)n2)ncc1-c1cnn(C)c1
D01049,CN(C)C(=O)[C@]12C[C@H]1[C@@](C)(c1cc(/C=C(\F)c3cnc(OCC4CC4)cn3)ccc1F)N=C(N)S2
D01050,O=C(Nc1ccc(C(F)(F)F)cc1)N1CCC(c2nc(-c3ccccn3)no2)CC1
D01051,C[C@@H](c1ccc(-c2ccc(=O)n(C(F)F)c2)cc1)N1CC[C@](CC(C)(C)O)(c2ccccc2)OC1=O
D01052,C=CCn1nc(-c2ccc(S(C)(=O)=O)cc2)c(-c2ccc(F)cc2)c1C(F)(F)F
D01053,O=C(O)CNC(=O)c1ncc(-c2ccc3ccccc3c2)cc1O
D01054,CN(C)CCN1CCN(C(=O)c2cc(C(C)(C)C)sc2NC(=O)Nc2cccc(Cl)c2Cl)CCC1=O
D01055,Cc1cnc(C(=O)N2C[C@H](c3ccc(F)cc3C)[C@@H](C(=O)N(C)Cc3cc(C(F)(F)F)cc(C(F)(F)F)c3)C2)cn1
D01056,N#C[C@@H]1CCCN1C(=O)CNC(=O)c1ccnc2ccc(Cl)cc12
D01057,O=C(/C=C/c1cccc2c1N(Cc1ccc3ccccc3c1)C(=O)C2O)NS(=O)(=O)c1cc(F)c(F)cc1F
D01058,CC(C)(C(=O)N[C@H]1C2CCCC1C[C@@H](C(=O)O)C2)N1CCN(c2ccc(C(F)(F)F)cn2)CC1
D01059,CN(C)C(=O)c1cc2cnc(Nc3ccc(C(=O)N4C[C@H]5C[C@@]5(N)C4)cn3)nc2n1C1CCCC1
D01060,O=C(N1CCOCC1)N1CCN(c2ccc(Cl)cc2)CC1
D01061,O=c1cc(N2CCOCC2)nc(Cc2nc3ccccc3n2C2CCCCC2)[nH]1
D01062,Cc1ccccc1CNC(=O)Oc1ccc(C2=NCCO2)cc1
D01063,COc1cccc2c1C(=O)c1c(O)c3c(c(O)c1C2=O)C[C@@](O)(C(=O)CO)C[C@@H]3O[C@H]1C[C@H](N)[C@H](O)[C@H](C)O1
D01064,CCCCc1ccc(C#Cc2ccc(S(=O)(=O)N3CSC[C@H]3C(=O)NO)s2)cc1
D01065,Cc1ccc(NC(=O)c2ccc(C(=O)NO)cc2)cc1Nc1ncc(-c2cccnc2)s1
D01066,O=C(N1CCC2(CCCCC2)C1)C1(c2ccccc2)CC1
D01067,CN[C@@H](C)C(=O)N[C@@H]1C(=O)N(Cc2c(OC)ccc3cc(Br)ccc23)c2ccccc2N(C(=O)c2ccc(C(C)=O)cc2)[C@H]1C
D01068,Cc1ccc(C(=O)NC[C@H]2CN(c3ccc(N4CCOCC4=O)cc3)C(=O)O2)s1
D01069,Cc1noc(C(=O)C[C@H](N)Cc2cc(F)ccc2F)n1
D01070,CC(C)[C@H](Oc1ccc(CNC(=O)[C@@H]2CCCN2C(=O)C[C@H](N)Cc2cc(F)ccc2F)cc1)C(=O)O
D01071,C[C@]1(Cn2ccnn2)[C@H](C(=O)O[Na])N2C(=O)C[C@H]2S1(=O)=O
D01072,CCOc1cccc([C@H]2C[C@@H]2NC(=O)CC(C)(C)NCC(=O)N2C[C@@H](F)C[C@H]2C#N)c1
D01073,C#CCOc1cnc(C(=O)Nc2ccc(F)c([C@@]3(CF)N=C(N)O[C@@H]4C[C@@H]43)c2)cn1
D01074,COc1cc2c(Nc3ccc(Cl)c(Cl)c3)ncnc2cc1OCC1CN(C(C)C)CCCO1
D01075,C=CC(=O)Nc1ccc(S(=O)(=O)N2CCN(C(=O)C3CCCC3)CC2)cc1
D01076,CN(C)C(=O)c1cc2cnc(Nc3ccc(N4CC5CCC(CC4=O)N5)cn3)nc2n1C1CCCC1
D01077,O=C1C(=O)N(Cc2ccc(O)cc2)c2ccc(S(=O)(=O)N3CCC[C@H]3COc3cccnc3)cc21
D01078,CC[C@H](C(=O)Nc1cccc2c(-c3nc(Nc4cn(C)nc4OC)ncc3F)c[nH]c12)N1CCN(C)CC1
D01079,C[C@H]1CN(C(=O)[C@]23C[C@H]2[C@@](C)(c2cc(/C=C(\F)c4ccc(C#N)cn4)ccc2F)N=C(N)S3)C[C@H](C)O1
D01080,O=C1C(=O)N(Cc2ccccc2)c2ccc(Cl)cc21
D01081,Cc1ccc(S(=O)(=O)N[C@@H](Cc2ccc(OCCc3ccccc3)cc2)C(=O)NO)cc1
D01082,O=c1cc(-c2[nH]c(-c3ccc(-c4cn(CCO)nn4)cc3)nc2-c2ccc(F)cc2)cc[nH]1
D01083,O=C(NCC[C@@H](NS(=O)(=O)c1ccc(OCc2cc(Br)cc(Br)c2)cc1)C(=O)NO)OCc1ccccc1
D01084,CCOc1ccc(-c2ccc(C(=O)NO)o2)cc1-c1nc2c(CC)nn(C)c2c(=O)[nH]1
D01085,COc1cc(OC)cc(-c2nnc([C@@]3(Cc4ccccc4)OC(=O)N([C@H](C)c4ccccc4)C3=O)o2)c1
D01086,C[C@]12CC[C@@H]3C4CC=C(O)C=C4CC[C@H]3[C@@H]1CCC2O
D01087,O=C(Nc1c(Cl)cncc1Cl)c1ccc(OC(F)F)c(OCC2CC2)c1
D01088,CC(=O)C1C[C@@H](NC(=O)c2ccc(O)cc2)[C@H](OC(=O)c2cc(O)c(C(=O)c3c(O)cccc3C(=O)O)c(O)c2)C1
D01089,CCOC(=O)c1cc(C#N)c(N2CCC(C(=O)NS(=O)(=O)Cc3ccc(OC)cc3)CC2)nc1C
D01090,Nc1ccccc1NC(=O)c1ccc(CNC2=NC[C@@H](c3ccccc3)O2)cc1
D01091,CN1CCN(c2nc3ncc(Cl)cc3c3cn(C)nc23)CC1
D01092,CCOC(=O)Nc1cccc([C@@H](c2ccc(C(=O)N(C)CC)cc2)N2CCN(Cc3cnc(C)[nH]3)CC2)c1
D01093,CC[C@H](C)[C@@H]1NC(=O)[C@@H]2CSSC[C@@H]3NC(=O)[C@H](C(C)C)NC(=O)[C@H](CC(C)C)NC(=O)[C@H](CC(N)=O)NC(=O)[C@@H]4CCCN4C(=O)[C@H](CCCNC(=N)N)NC(=O)[C@H](CSSC[C@H](NC(=O)[C@@H](N)CC(=O)O)C(=O)N[C@@H](CC(C)C)C(=O)NCC(=O)N[C@@H](C)C(=O)N[C@@H](CCSC)C(=O)N[C@@H](CCCNC(=N)N)C(=O)N[C@@H](CCCCN)C(=O)N2)NC(=O)[C@H](CSSC[C@@H](C(=O)N[C@@H](CCCCN)C(=O)N[C@@H](Cc2ccc(O)cc2)C(=O)N[C@H](C(=O)N[C@@H](Cc2ccccc2)C(N)=O)C(C)C)NC(=O)[C@H](Cc2c[nH]c4ccccc24)NC(=O)[C@H](CCCCN)NC(=O)[C@H](Cc2cnc[nH]2)NC(=O)[C@H]([C@@H](C)O)NC(=O)[C@H](CCCNC(=N)N)NC(=O)[C@H](CO)NC3=O)NC(=O)[C@H](CCCCN)NC(=O)[C@H](CC(=O)O)NC(=O)[C@H](CC(N)=O)NC(=O)[C@H](CC(=O)O)NC(=O)[C@@H]2CCCN2C1=O
D01094,CCOc1cc(-c2[nH]c3ccc(C4CCN(C5COC5)CC4)cc3c2C(C)C)cn2ncnc12
D01095,O=C(Nc1ccc(-c2ccc(Cl)c(Cl)c2)cc1)C1=C(O)c2ccccc2S(=O)(=O)N1
D01096,O=C(O)c1ccc2sc(Cn3ccnc3)c(Br)c2c1
D01097,Cc1cccc(C(=O)Nc2cccc(NC(=O)c3ccccc3C(F)(F)F)c2)c1
D01098,Clc1ccc(Cc2nc3ccccc3nc2NCCN2CCOCC2)cc1
D01099,COc1cc2c(Nc3c(Cl)ccc4c3OCO4)ncnc2cc1OCC1CCN(C)CC1
D01100,CC[C@@H](C)Oc1cc2c(cc1OC)CC(=O)N(c1ccc(C(C)NC3CCNCC3)cc1)C2c1ccc(Cl)cc1
D01101,Cc1[nH]c(C(=O)NC2CCN(c3ncc(C(=O)O)s3)CC2)c(Cl)c1Cl
D01102,O=c1cc(-c2ccccc2)oc2ccc3ccccc3c12
D01103,O=C(CC(Cc1c[nH]c2ccccc12)(NC(=O)OC1C2CC3CC(C2)CC1C3)C(=O)NCCc1ccccc1)NCCCCNC(=O)Nc1ccccc1Cl
D01104,COc1cc2c(cc1OC)C(=O)C(CC1CCN(Cc3ccccc3)CC1)C2
D01105,Cn1cc(-c2cnc3c(NC(=O)NCc4ccccc4)ccnc3c2)cn1
D01106,CCCn1c(CCc2ccc(Cl)cc2)nnc1CN1C(=O)COc2ccc(Cl)cc21
D01107,c1ccc(-c2ccc(CSc3nnc(-c4ccc5c(c4)OCO5)o3)cc2)cc1
D01108,CCNC(=O)c1cccc2cc(Oc3ccnc4cc(OC)c(OC)cc34)ccc12
D01109,CCCNC(=O)c1ccc(-n2c(C)cc3ccccc32)s1
D01110,CNc1cc(N2C(=O)c3c(c(C)nn3C3CC3)C2c2ccc(Cl)cc2)nn2c(C)nnc12
D01111,O=C1Nc2ncnc(Nc3ccc(F)c(Cl)c3)c2/C1=C/c1ccc(C(=O)NCCN2CCOCC2)[nH]1
D01112,Cc1ccc(NC(=O)c2ccc(C(C)(C)C)cc2)cc1C(=O)Nc1cnc(Nc2ccc(N3CCN(C)CC3)cc2)nc1
D01113,CC1CCCN1C(=O)[C@]12C[C@H]1[C@@](C)(c1cc(/C=C(\F)c3ccc(C#N)cn3)ccc1F)N=C(N)S2
D01114,CC(C)c1cc(C#N)cc2nc(-c3ccc(C(=O)NCC4CN(c5ccc(-c6ccccc6OC(F)(F)F)cn5)C(=O)O4)cc3)oc12
D01115,Nc1cccc(-c2c(O)ccc3cc(-c4cccc(O)c4)ccc23)c1
D01116,O=C(Nc1ccc(Cl)cc1C(=O)Nc1ccc(Cl)cn1)c1ccc(CN2CCCCC2)cc1
D01117,C[C@H](O)C(=O)N1CC[C@H](Oc2ccc(-c3ncnc(Nc4ccc5c(c4)CNC5)n3)cc2C#N)[C@H](F)C1
D01118,CCOC(=O)C1CN(Cc2ccccc2)C(=O)C1=O
D01119,CC1(C)CC(NC(=O)c2cccc(-c3cc4nccc(Nc5cccc(O)c5)n4n3)c2)CC(C)(C)N1[O]
D01120,CN[C@@H](C)C(=O)Nc1ccc(-c2c(-c3cccnc3OC)nc3cc(Cl)ccn23)c(C#Cc2ccc3c(C)nccc3c2)n1
D01121,Cl.NCCC[C@@]1(C(=O)O)CCn2c(-c3cccc(-c4ccc(Cl)cc4Cl)c3)cnc2C1
D01122,O=C1C[C@@]2(C(=O)N1)C(=O)N(Cc1ccc(Br)cc1F)C(=O)c1ccc(F)cc12
D01123,CN[C@@H](C)C(=O)N[C@@H]1C(=O)N(Cc2c(C3CC3)cnc3ccccc23)c2ccc(C#N)cc2N(C(=O)CS(C)(=O)=O)[C@H]1C
D01124,O=C(OC(C(F)(F)F)C(F)(F)F)N1CC(c2ccnc(N3CCOCC3)n2)C1
D01125,O=C(O)c1ccnc(-c2cc(NC(=O)c3ccc(O)cc3)ccc2O)c1
D01126,CC(C)c1cc(-n2nnc(C(=O)NCCCCCCC(=O)NO)c2-c2ccc(CN3CCOCC3)cc2)c(O)cc1O
D01127,Cc1n[nH]c2c1N=C(c1ccccc1Cl)c1cc([N+](=O)[O-])ccc1N2
D01128,COC(=O)C1=C(C)NC(C)=C(C(=O)OC)C1c1ccccc1[N+](=O)[O-]
D01129,CC(C)Oc1cccc(-c2cc(COC(C)(C)C(=O)O)nn2Cc2ccccc2Cl)c1
D01130,C#CCN(C)Cc1ccc(OC(=O)N(C)C)c2ncccc12
D01131,CCCc1nc2c(C)cc(-c3nc4ccccc4n3C)cc2n1Cc1ccc(-c2ccccc2C(=O)O)cc1
D01132,O=C(O)c1nc2ccccc2c2[nH]c3c(Cl)cccc3c12
D01133,[NH3+][C@H](C(=O)N1CC[C@H](F)C1)[C@@H](C(=O)NCCO)c1ccc(-c2ccc(F)cc2)cc1
D01134,COc1cc(-c2cccc(C(F)(F)F)c2)ccc1-c1nccc2cc(S(=O)(=O)Nc3ccncn3)ccc12
D01135,N#CC1(NC(=O)[C@@H]2CCCC[C@H]2C(=O)N2CCN(c3nc(C(F)(F)F)c(Cl)s3)CC2)CC1
D01136,CNc1ncnc(-c2cccnc2Oc2ccc(F)c(C(=O)Nc3cc(C(F)(F)F)ccc3N3CCCCC3)c2)n1
D01137,c1ncc(-c2cnc(Nc3cc(N4CCNCC4)ccn3)s2)cn1
D01138,COC(=O)N(Cc1ccccc1)Cc1cc(C(F)(F)F)ccc1-c1cc(CC(=O)O)ccc1OC
D01139,Cc1ccc(-c2cc(F)c(F)cc2-c2ccc(S(N)(=O)=O)cc2)cn1
D01140,Cn1cc(CN2[C@H]3CC[C@@H]2C[C@@H](Oc2cccc(C(N)=O)c2)C3)cn1
D01141,O=C(/C=C/c1cccnc1)c1ccc2ccc3ccccc3c2c1
D01142,O=c1c(O)c(-c2ccc(O)c(O)c2)oc2cc(O)ccc12
D01143,CSc1ccc(CN2C(=O)C(=O)c3cc(S(=O)(=O)N4CCC[C@H]4COc4ccccc4)ccc32)cc1
D01144,Cc1nc(C)c(Cn2c(=O)n(Cc3c(C)noc3C)c(=O)c3cc(S(=O)(=O)NC4(C)CC4)ccc32)s1
D01145,COc1cc(-c2[nH]c3ccc(C4CCN(C(=O)CCN5CCCC5=O)CC4)cc3c2C(C)C)cn2ncnc12
D01146,CC[C@H](C)[C@@H]1NC(=O)[C@@H]2CSSC[C@@H]3NC(=O)[C@H](C(C)C)NC(=O)[C@H](CC(C)C)NC(=O)[C@H](CC(N)=O)NC(=O)[C@@H]4CCCN4C(=O)[C@H](CCCNC(=N)N)NC(=O)[C@H](CSSC[C@H](NC(=O)[C@@H](N)CC(=O)O)C(=O)N[C@@H](CC(C)C)C(=O)NCC(=O)N[C@@H](Cc4ccccc4)C(=O)N[C@@H](CCSC)C(=O)N[C@@H](CCCNC(=N)N)C(=O)N[C@@H](CCCCN)C(=O)N2)NC(=O)[C@H](CSSC[C@@H](C(=O)N[C@@H](CCCCN)C(=O)N[C@@H](Cc2ccc(O)cc2)C(=O)N[C@H](C(=O)N[C@@H](Cc2ccccc2)C(N)=O)C(C)C)NC(=O)[C@H](Cc2c[nH]c4ccccc24)NC(=O)[C@H](CCC(N)=O)NC(=O)[C@H](Cc2cnc[nH]2)NC(=O)[C@H]([C@@H](C)O)NC(=O)[C@H](CCCNC(=N)N)NC(=O)[C@H](CO)NC3=O)NC(=O)[C@H](CCCCN)NC(=O)[C@H](CC(=O)O)NC(=O)[C@H](CC(N)=O)NC(=O)[C@H](CC(=O)O)NC(=O)[C@@H]2CCCN2C1=O
D01147,O=C(NC1CC1)c1cn(-c2cccc(-c3ccc([C@@H]4C[C@H]4C(=O)O)c(F)c3)c2)c2ncccc2c1=O
D01148,COc1cccc(C=C2SC(O)=NC2=O)c1
D01149,CNC(=O)c1ccc(Nc2ncnc(-c3ccc(OC4CCOCC4)c(C#N)c3)n2)cc1
D01150,CCN(CC)CCOc1ccc(CCC(Cc2cc3ccc(C)cc3oc2=O)C(=O)NO)cc1
D01151,Cc1nc(OCC(F)(F)F)cnc1C(=O)Nc1ccc(F)c([C@]2(CF)C[C@@H](C(F)(F)F)OC(N)=N2)c1
D01152,O=C(O)CCC1(c2ccncc2)CCCN(C(=O)Nc2ccc(Cl)cc2)C1
D01153,CCCc1nn(C)c2c(=O)[nH]c(-c3cc(N4CCC5(CCC(C(=O)NO)C5)CC4)ccc3OCC)nc12
D01154,CCCCc1nc(CCCC)n(Cc2ccc(-n3cccc3-c3nnn[nH]3)cc2)n1
D01155,c1ccc2c(c1)OCC(C1=NCCN1)O2
D01156,Cc1cc(N2CC[C@@H](NC(=O)c3ccc(-n4cnnc4)cc3Cl)C2)c2onc(N)c2c1Cl
D01157,CS(=O)(=O)c1ccc(NC(=O)N2C[C@H]3C[C@@H](c4ccccc4C(F)(F)F)C[C@H]3C2)c(C(=O)O)c1
D01158,CCCS(=O)(=O)N1CCC(CNC(=O)c2c(N)cccc2Cl)(c2ccccn2)CC1
D01159,CC(=O)N[C@@H]1[C@@H](N=C(N)N)C=C(C(=O)O)O[C@H]1[C@H](O)[C@H](O)CO
D01160,CCOC(=O)C1C(C)=Nc2nc3c(c(N)c2C1c1cccc(OC)c1)CCCC3
D01161,Cc1csc2nc(N3CCC[C@@H](N)C3)n(Cc3ccccc3C#N)c(=O)c12
D01162,N[C@@H](CC(=O)N1CCCN(C(c2ccc(F)cc2)c2ccc(F)cc2)CC1)C(=O)N1Cc2ccccc2C1
D01163,CCC(C)(C)c1ccc(OCCCOc2ccc3c(c2)O[C@@](C)(C(=O)O)CC3)c(Cl)c1
D01164,NCC[C@H]1Cc2ccccc2[C@@H](c2ccc(Cl)c(Cl)c2)C1
D01165,COc1ccc(C2(c3cccc(-c4cncnc4)c3)N=C(N)N(C)C2=O)cc1C
D01166,C[C@@H]1C(=O)NN=C2COc3cc(C(F)(F)F)c(NC4CNC4)cc3N21
D01167,Cn1cc(C2=C(c3cn(C4CCN(Cc5ccccc5)C4)c4ccccc34)C(=O)NC2=O)c2ccccc21
D01168,COc1nc(NCCCN2CCOCC2)nc(OC)c1NC(=O)c1ccc(Oc2cc3c(cc2C)CCC3(C)C)o1
D01169,O=C(O)c1cc2occc2[nH]1
D01170,CN[C@@H](C)C(=O)N[C@H]1CN(C(=O)c2ccc(C(C)=O)cc2)c2ccccc2N(Cc2c(OC)ccc3cc(C(=O)O)ccc23)C1=O
D01171,COc1ccc(C2(c3ccc(OC)cc3)NC(=N)N(C3CCCCC3)C2=O)cc1
D01172,CNc1ccn(-c2ccccc2)c(=O)c1C(=O)Nc1ccc(Oc2ccnc3cc(OC)c(OC)cc23)cn1
D01173,CNC(=O)Oc1ccc2c(c1)[C@]1(C)CCN(C)[C@@H]1N2C
D01174,CNC(=O)c1cn(C)c2c1C(=O)N(c1cc(C)c3nnc(C(F)F)n3n1)C2c1ccc(Cl)cc1
D01175,Nc1ncc(-c2cnn(CCO)c2)c2scc(-c3ccc(NC(=O)Nc4cccc(F)c4)cc3)c12
D01176,CCNc1nc(C#N)nc2c1ncn2-c1cc(F)cc(F)c1
D01177,N[C@@H](CC(=O)N1CCCNC(=O)[C@H]1Cn1cccn1)Cc1cc(F)c(F)cc1F
D01178,CC(C)(C#N)c1cnc(N2CCN(C(=O)[C@@H]3CCCC[C@H]3C(=O)NC3(C#N)CC3)CC2)s1
D01179,O=C(Cn1c(=O)c(Cc2ccccc2)nc2ccccc21)N/N=C/c1ccc(O)cc1
D01180,CCc1cn(CC(=O)N(CCN(CC)CC)Cc2ccc(-c3ccc(C(F)(F)F)cc3)cc2)c(SCc2ccc(F)cc2)nc1=O
D01181,OCC1CCN(c2nccnc2Oc2ccc(Nc3nc4ccccc4o3)cc2)CC1
D01182,CC(C)COc1cccc(-c2cc(COC(C)(C)C(=O)O)nn2Cc2ccccn2)c1
D01183,Cc1cc(Cl)ccc1C1c2c(nn(-c3cccc(C#N)c3)c2C(C)C)C(=O)N1c1cccc(Cl)c1F
D01184,CS(=O)(=O)c1ccccc1-c1ccc(NC(=O)c2cc(C(F)(F)F)nn2-c2cccc(CN)c2)c(F)c1
D01185,O=C(N[C@@H]1C[C@H](CO)C[C@H]1OC(=O)c1cc(O)c(C(=O)c2c(O)cccc2C(=O)O)c(O)c1)c1ccc(O)cc1
D01186,COc1cc2ncnc(Nc3cccc(Cl)c3)c2cc1OC
D01187,CC[C@H](N)C(=O)N[C@H](C#N)Cc1ccc(-c2ccccc2)cc1
D01188,C[C@@H]1CN(C(=O)c2cccc(Cl)c2-n2nccn2)[C@H](Cc2cc(-c3ncccn3)ccc2F)CO1
D01189,CC[C@@H](C)Oc1cc2c(cc1OC)CC(=O)N(c1ccc(C(C)N(CC)C(=O)C3CCNCC3)cc1)C2c1ccc(Cl)cc1
D01190,COc1ccc(C2(C#N)CCC(C(=O)O)CC2)cc1OC1CCCC1
D01191,O=C(CCCCC1CCSS1)NCCCNc1c2c(nc3cc(Cl)ccc13)CCCC2
D01192,COC(=O)c1cnc(Nc2cnc(C#N)cn2)cc1NCC1CCNCC1
D01193,CC(C)(F)c1nc([C@@H]2CCCN2C(=O)C[C@H](N)Cc2cc(F)c(F)cc2F)no1
D01194,COc1ccc(-c2nnc(C(=O)N3CC(Oc4ccc(CN5CCC(C)(O)C5)cc4)C3)o2)cc1
D01195,Oc1ccc2nc(-c3ccccc3)[nH]c2c1CN1CCCCC1
D01196,COc1cc2c(Nc3ccc(Cl)c(Cl)c3)ncnc2cc1OCc1noc(C2CCCN2)n1
D01197,CC(C)[C@H](NS(=O)(=O)c1ccc(-c2ccccc2)cc1)C(=O)O
D01198,Cc1ccc(F)cc1Cn1c(N2CCC[C@@](C)(N)C2)cc2c1c(=O)n(C)c(=O)n2C
D01199,COc1cnc(C(=O)Nc2ccc(F)c([C@]3(C)CS(=O)(=O)[C@]4(C[C@@H](F)C4)C(N)=N3)c2)c(C)c1
D01200,Cc1onc(-c2ccccc2Cl)c1C(=O)N[C@@H]1C(=O)N2[C@@H](C(=O)O)C(C)(C)S[C@H]12
D01201,COc1ccccc1-n1c(SCC(=O)Nc2ccc3nccnc3c2)nc2c(c1=O)CCCC2
D01202,Cn1c(=O)c(Oc2ccc(F)cc2F)cc2cnc(NC3CCOCC3)nc21
D01203,CN1CCC(n2cc(C3=C(c4c[nH]c5ccccc45)C(=O)NC3=O)c3ccccc32)CC1
D01204,CNS(=O)(=O)c1cccc(NC(=O)c2cc3c(C)nn(C4CCCCC4)c3s2)c1
D01205,CCOC(=O)C(C)N1CCOC(COc2cc3ncnc(Nc4ccc(Cl)c(Cl)c4)c3cc2OC)C1
D01206,Cn1nc(-c2ccc(Cl)cc2)nc2c(=O)n(C)c(=O)nc1-2
D01207,CN1[C@H]2CC[C@@H]1C[C@@H](Oc1cccc(C(N)=O)c1)C2
D01208,COc1cc(Nc2ncnc(-c3ccc(OC4CCS(=O)(=O)CC4)c(C#N)c3)n2)ccc1N1CCN(C2COC2)CC1
D01209,CC(C)ON([C@@H](C(=O)NO)C(C)C)S(=O)(=O)c1ccc(-c2ccccc2)cc1
D01210,CC[C@H](C)C(=O)O[C@H]1C[C@@H](C)C=C2C=C[C@H](C)[C@H](CC[C@@H]3C[C@@H](O)CC(=O)O3)[C@H]21
D01211,COc1ccc(-c2nc3ncc(C(N)=S)c(NCCCNC(=O)C4CCCC4)c3[nH]2)cc1
D01212,Cc1nn(-c2cncc(C(C)(C)O)c2)c2cccc(F)c12
D01213,CCCCNS(=O)(=O)C[C@H]1C[C@@H](N(C)c2ncnc3[nH]ccc23)C1
D01214,Cc1c(N(C)[C@H]2CCN(Cc3cccc(F)c3F)C2)cc(F)c(S(=O)(=O)Nc2cscn2)c1F
D01215,O=c1cc(N2CCOCC2)nc(Cc2nc3ccccc3n2-c2ccccc2)[nH]1
D01216,COc1cccc([C@H]2C[C@@H]2NC(=O)CC(C)(C)NCC(=O)N2C[C@@H](F)C[C@H]2C#N)c1
D01217,[NH3+][C@H]1CN(c2ccc3nccnc3n2)CC[C@@H]1c1cc(F)c(F)cc1F
D01218,Cc1ccc(-c2nc(C(F)(F)F)cn2-c2ccc(S(C)(=O)=O)cc2)cc1Cl
D01219,Cc1nc2ccc3ccc(CNc4ccc5c(c4)CN([C@@H](CCC(=O)O)C(=O)O)C5=O)cc3c2c(=O)[nH]1
D01220,N#Cc1cc(-c2ncnc(Nc3ccc(N4CCN(C5COC5)CC4)cc3)n2)ccc1OCC1(F)COC1
D01221,CS(=O)(=O)c1ccc(-c2noc([C@@H](CC3CC3)[C@H]([NH3+])C(=O)N3CC[C@H](F)C3)n2)c(F)c1
D01222,CCOC(=O)CN1CCN(CCCc2c(/C=C3\C(=O)Nc4ccc(S(=O)(=O)NC)cc43)[nH]c3c2CCCC3)CC1
D01223,Cc1nn(C2CCCCC2)c2sc(C(=O)NC3CCC(C(=O)O)CC3)cc12
D01224,CC(C)(C)Nc1nc(Nc2ccc(C(N)=O)cc2)cc(N)c1C#N
D01225,N#Cc1ccc(-c2ccc(C[C@@H](C#N)NC(=O)C3(N)CCOCC3)cc2)cc1
D01226,COc1ccc2[nH]cc(CCNC(C)=O)c2c1
D01227,NC(=O)c1noc([C@H](CCCC2CCCCC2)CC(=O)NO)n1
D01228,CC(F)CS(=O)(=O)N1CCC(CNC(=O)c2ccc(Cl)cc2Cl)(c2ccccn2)CC1
D01229,CC(C)(NC(=O)c1nn(-c2ccc(Cl)cc2Cl)c(-c2ccc(Cl)cc2)c1CO)c1noc(C(F)(F)F)n1
D01230,CC[C@H](Nc1nc(NCc2cccnc2)c2ncn(C(C)C)c2n1)[C@@H](C)O
D01231,O=C(O)C[C@H]1COC2(CCN(c3ccc(-c4nc5cc(C(F)(F)F)ccc5[nH]4)cn3)CC2)C1
D01232,COc1cc(-c2cccc(C(F)(F)F)c2)ccc1-n1c(=O)ccc2cc(S(=O)(=O)Nc3ccon3)ccc21
D01233,C[C@@]1(c2cc(NC(=O)c3ccc(C#N)cn3)ccc2F)C[C@@H](C(F)(F)F)OC(N)=N1
D01234,Cn1c(=O)c2c(cc(N3CCC[C@@H](N)C3)n2Cc2cc(F)ccc2C#N)n(C)c1=O
D01235,O=C(O)CNCCOc1ccc(Cl)c2c1C1(CCCCC1)NC(=O)N2
D01236,COc1cccc(-c2cc(COC(C)(C)C(=O)O)nn2Cc2ccccc2C(C)C)c1
D01237,CCN(CC)CCN(Cc1ccc(-c2ccc(Cl)cc2)cc1)C(=O)Cn1c(SCc2ccc(F)cc2)nc(=O)c2c1CCC2
D01238,N[C@@H](CC(=O)N1CCc2c(nc(-c3ccco3)nc2C(F)(F)F)C1)CN1C(=O)CCC(F)(F)[C@@H]1O
D01239,C#Cc1cc(Nc2nccc(Oc3ccc(NC(=O)Nc4cc(C(C)(C)C)nn4-c4ccc(C)cc4)c4ccccc34)n2)cc(C(=O)N[C@@H](C)CN2CCOCC2)c1
D01240,N#Cc1cc(-c2ncnc(Nc3ccc(N4CCN(C5COC5)CC4)cc3)n2)ccc1OC1CCN(C(=O)C2(O)CC2)CC1
D01241,CCN[C@@H](CC)C(=O)N[C@H]1CN(C(=O)CS(C)(=O)=O)c2ccccc2N(Cc2c(OC)ccc3cc(Br)ccc23)C1=O
D01242,Cc1c(Nc2ncc(Cl)c(-c3cnc4ccccn34)n2)cnn1C1CCNCC1
D01243,NS(=O)(=O)c1ccc(-n2cc(C(F)(F)F)nc2-c2ccccc2)cc1
D01244,C[C@H]1[C@@H](C)OC(C)(C)C(=O)N1c1cc(-c2cc(C(F)(F)F)c3c(N)ncnn23)ccc1C#N
D01245,CCCCNc1ncc(-c2cc(Nc3cccc([N+](=O)[O-])c3)ncn2)c(N[C@H]2CC[C@H](O)CC2)n1
D01246,CCn1cnc2c(Nc3cccc(Cl)c3)nc(N[C@H]3CC[C@@H](N)CC3)nc21
D01247,Cc1cc(Nc2nccc(Oc3ccc(NC(=O)Nc4cc(C(C)C)nn4-c4cccc(OCCN5CCOCC5)c4)c4ccccc34)n2)cc2cn[nH]c12
D01248,C=CC[C@H]1N(C(=O)c2cnccc2C(F)(F)F)CCC[C@@]1(Oc1ccc(C(F)(F)F)cc1)C(=O)N1CCN(c2ccccc2OCCOC)CC1
D01249,Clc1ccc(C23CNCC2C3)cc1Cl
D01250,COc1ccc(-c2cc3c(c(=O)o2)C[C@@]2(O)[C@@]4(C)C=CC(=O)C(C)(C)[C@@]4(O)CC[C@@]2(C)O3)cc1
D01251,OCC1CCN(c2cnccc2Oc2ccc(Nc3nc4ccccc4[nH]3)cc2)CC1
D01252,COc1ccc2c(c1)CC(NCC1CCN(CCNS(=O)(=O)c3cccc4ccccc34)CC1)CCC2
D01253,NC(=O)c1ccc2[nH]cc(C[C@H](NC(=O)c3ccc4c(c3)nc(-c3ccoc3)n4C3CCCCC3)C(=O)O)c2c1
D01254,CCOC(=O)c1cc(C#N)c(N2CCC(C(=O)NS(=O)(=O)Cc3ccc(C)cc3)CC2)nc1C
D01255,CCOC(=O)/C=C/[C@H](CC(=O)O)NC(=O)[C@@H](NC(=O)[C@@H](NC(=O)[C@H](CC(=O)O)NC(=O)OCc1ccccc1)c1ccccc1)C(C)C
D01256,CC(C)n1cc(C2(c3ccc(F)c(-c4cncnc4)c3)N=C(N)N(C)C2=O)cn1
D01257,Cc1cc(Cl)nc(C)c1C(=O)NCC[C@@H](C)N1CCC(N(Cc2ccsc2)C(=O)CC#N)CC1
D01258,CC1(C)SSC(C)(C)[C@@H](NC(=O)[C@@H](N)Cc2ccc(O)cc2)C(=O)NCC(=O)N[C@H](Cc2ccccc2)C(=O)N[C@H]1C(=O)O
D01259,Cc1nc2ccc(C(=O)N3CCC4(CC3)CC(=O)c3c(cnn3C(C)C)C4)cc2[nH]1
D01260,N#Cc1ccc(OC(=O)c2ccc(N=C(N)N)cc2)cc1
D01261,N#Cc1cc(-c2ncnc(Nc3ccc(N4CCN(C5COC5)CC4)cc3)n2)ccc1O[C@H]1CCN(C(=O)N2CC[C@@H](F)C2)C[C@H]1F
D01262,O=C1C(=O)N(Cc2ccccc2)c2ccc(S(=O)(=O)N3CCC[C@H]3COc3ccccc3)cc21
D01263,O=C(NO)C1(NS(=O)(=O)c2ccc(Oc3ccncc3)cc2)CCOCC1
D01264,Fc1ccc2nc(-c3ccccc3)[nH]c2c1CN1CCCC1
D01265,C#CCOc1cnc(/C(F)=C/c2ccc(F)c([C@@]3(C)N=C(N)S[C@@]4(C#N)C[C@H]43)c2)cn1
D01266,Cc1cc(COc2ccc(S(=O)(=O)CC(C=C3CCN(CC(C)C)CC3)N(O)C=O)cc2)c2ccccc2n1
D01267,CCCCCCCCCN(CCC)C(=O)[C@@H]1OC(C(=O)O)=C[C@H](N)[C@H]1NC(C)=O
D01268,Cc1c(OC2CCN(Cc3ccccc3)CC2)cc(F)c(S(=O)(=O)Nc2nccs2)c1F
D01269,CNCCC=C1c2ccccc2CCc2ccccc21
D01270,CCN(CC)CCCCNc1ncc2cc(-c3cc(OC)cc(OC)c3)c(NC(=O)NC(C)(C)C)nc2n1
D01271,Nc1ncnc2c1c(-c1cccc(OCC34CCC(CC3)O4)c1)cn2[C@H]1C[C@@H](CN2CC[S+]([O-])CC2)C1
D01272,CS(=O)c1ccc(-c2cc(-c3ccncc3)c(-c3ccc(F)cc3)[nH]2)cc1
D01273,CN[C@@H](C)C(=O)N[C@H]1CN(C(=O)Cc2cccnc2)c2ccccc2N(Cc2c(OC)ccc3c(Br)cccc23)C1=O
D01274,O=C(O)[C@H]1CCCN1C(=O)Nc1cc(Cl)ccc1-c1ccc(F)cc1
D01275,CCCCCCNC(=O)Oc1ccc(C(=O)OC)cc1C
D01276,CN(C)C(=O)c1cc2cnc(Nc3ccc(C(=O)N4CC5COCC(C4)N5)cn3)nc2n1C1CCCC1
D01277,COCC(=O)Nc1cccc2c1Cc1c-2n[nH]c1-c1csc(C#CCOc2ccccc2)c1
D01278,CNC(=O)[C@H](NC(=O)C(CCCCOc1ccccc1)CP(=O)(O)Cc1ccc(Cc2ccccc2)cc1)C(C)(C)C
D01279,c1ccc([C@H]2C[C@@H]2NCC2CCNCC2)cc1
D01280,N#Cc1ccc(-c2ccc(C[C@@H](C#N)NC(=O)[C@H]3N[C@H]4C[C@@H]3[C@@H]3C[C@H]43)c(F)c2)cc1F
D01281,Nc1noc2c(N3CC[C@@H](NC(=O)c4ccc(-c5cncnc5)cc4Cl)C3)ncc(Cl)c12
D01282,COc1ccc2c(Oc3ccc(NC(=O)c4c(C)n(CC(C)(C)O)n(-c5ccccc5)c4=O)nc3)ccnc2c1
D01283,OC[C@@H]1[C@@H](O)[C@H](O)[C@@H](O)CN1CCCCCOCC12CC3CC(CC(C3)C1)C2
D01284,O=C(N[C@H]1C2CC3CC1C[C@](O)(C3)C2)c1cnc(N[C@H]2CCOC2)nc1C1CCCC1
D01285,Cc1sc2nc(N)[nH]c(=O)c2c1Sc1ccc(Cl)cc1
D01286,COc1ccccc1/C=C/C(=O)c1cccnc1
D01287,Cn1c2c(c(=O)n1-c1ccccc1)[C@H]1CC[C@]2(C)C1(C)C
D01288,C[C@H](O)C(=O)N1CC[C@H](Oc2ccc(-c3ncnc(Nc4scnc4CO)n3)cc2C#N)[C@H](F)C1
D01289,CN(C)C(=O)n1nnnc1Cc1ccc(-c2cccc(CO)c2)cc1
D01290,O=C1CCc2c(Oc3ccc4c(c3)C[C@H](NC(=O)c3cccc(C(F)(F)F)c3)CC4)ccnc2N1
D01291,CNCCN1CCC(OCc2ccccc2)CC1
D01292,Nc1nc(N)c2c(COc3ccccc3F)cccc2n1
D01293,Cn1cc(-c2ccc(-c3cncc(Cl)c3N3CCC4(CCNC4=O)CC3)cc2)cn1
D01294,O=C(NCCCN1CCOC1=O)c1cnc(NCc2cc(Cl)ccc2Cl)nc1NC1CCCC1
D01295,COc1cc2c(Nc3ncc(CC(=O)Nc4cccc(F)c4)s3)ncnc2cc1OCCCN1CCC(CO)CC1
D01296,CNc1nccc(-c2cccnc2Oc2ccc(Nc3nnc(-c4ccc(F)cc4)c4ccccc34)cc2)n1
D01297,CCN(CC)CCN(Cc1ccc(-c2ccc(C(F)(F)F)cc2)cc1)C(=O)Cn1c(C)cc(=O)nc1SCc1ccc(F)cc1
D01298,Cc1cc(Cl)c2nc(-c3ccc(Br)cc3)cc(C(=O)O)c2c1
D01299,N#C[C@@H]1CCCN1C(=O)[C@@H]([NH3+])CCC(=O)N1CCn2nc(C(F)(F)F)nc2C1
D01300,Cn1cc(-c2ccc(Nc3nn([C@H]4COCC[C@@H]4C#N)cc3C(N)=O)cc2)cn1
D01301,Cc1cc(=O)n(C)cc1-c1ccc([C@H](C)[C@H]([NH3+])C(=O)N2CC[C@H](F)C2)cc1
D01302,Cc1ccc(-c2ccc([C@H]3C[C@@H]3NC3CCC(N)CC3)cn2)cc1O
D01303,Cc1cc(C)nc(SCC(=O)Nc2cccc(COc3ccc(NC(=O)c4cccs4)cc3)c2)n1
D01304,Cc1c(OCCNCCCF)ccc(F)c1[C@@H]1c2[nH]c3ccc(F)cc3c2C[C@@H](C)N1C[C@H](C)C(=O)O
D01305,CN1CCN(CCCN2c3ccccc3Sc3ccc(C(F)(F)F)cc32)CC1
D01306,O=C(Nc1cccc(C(F)(F)F)c1)c1ccccc1NCc1ccncc1
D01307,C=CC(=O)Nc1ccc(S(=O)(=O)N2CCN(C(=O)OC(C)(C)C)CC2)c(F)c1
D01308,CS(=O)(=O)c1ccc(-n2cc(C(F)(F)F)nc2-c2cccc(Cl)c2)cc1
D01309,CC1(C)C(=O)N(c2ccc(C#N)c(C(F)(F)F)c2)C(=S)N1c1ccc(C(=O)NCCOCCC(=O)NO)c(F)c1
D01310,O=C(CO)N1CCN(C(=O)N2CCN(c3ccc(Cl)cc3)CC2)CC1
D01311,Cc1cn([C@H]2C[C@H](n3cc(-c4ccc(Cl)c(Cl)c4)nn3)[C@@H](CO)O2)c(=O)[nH]c1=O
D01312,O=C(NO)C1(CS(=O)(=O)c2ccc(Oc3ccc(Cl)cc3)cc2)CCOCC1
D01313,C[C@]1(c2cc(/C=C(\F)c3ccc(C#N)cn3)ccc2F)N=C(N)S[C@@]2(C(=O)N3CC[C@H](O)C3)C[C@H]21
D01314,CCC1(C)NC(=O)c2cc(S(=O)(=O)Nc3ccc(Cl)cc3)ccc2NC1=O
D01315,CCCCOCCCCCN1C[C@H](O)[C@@H](O)[C@H](O)[C@H]1CO
D01316,N#Cc1cc(-c2ncnc(Nc3ccc(N4CCN(C5COC5)CC4)cc3)n2)ccc1O[C@H]1CCOC1
D01317,CCCCNC(=O)c1ccc(OC)c(CSc2nc3cc(F)ccc3n2CC(=O)O)c1
D01318,NC(=O)c1cnc(N[C@H]2CC[C@H](N)CC2)c2nc(-c3ccc(Cl)cc3)cn12
D01319,N=C(N)NCCC[C@@H](C=O)NC(=O)[C@@H]1CCCN1C(=O)[C@H]1Cc2ccccc2CN1
D01320,O=C(N1C[C@@H]2CN(c3ccccn3)C[C@@H]2C1)C12CC3CC(CC(C3)C1)C2
D01321,COc1ccc(/C=C/C(=O)NO)c(-c2ccc(-c3ccccc3)cc2)c1
D01322,CN(C)C(=O)c1cc2cnc(Nc3ccc(C(=O)N4CC5CCC(C4)N5C)cn3)nc2n1C1CCCC1
D01323,FC(F)c1nc2ccccc2n1-c1nc(N2CCOCC2)nc(N2CCOCC2)n1
D01324,CC(C)OC(=O)N1CCn2cc(C3=C(c4cnc5ccccn45)C(=O)NC3=O)c3cccc(c32)C1
D01325,COc1cc(-c2ccc3c(c2)Nc2ccc(C(C)(C)C(=O)Nc4ccc(N5CCOCC5)cc4)cc2NC3=O)ccc1N
D01326,O=C(NCc1cc(C(F)(F)F)cc(C(F)(F)F)c1)C(CCN1CCC2(CC1)OCCc1ccccc12)c1ccc(F)cc1
D01327,Cn1c(N2CCO[C@@H]3CCC[C@H]32)nc(-c2ccncc2F)cc1=O
D01328,Fc1ccc(C(OCCN2CCC[C@H]2CNCCCc2ccccc2)c2ccc(F)cc2)cc1
D01329,CSCC[C@H](NC(=O)[C@H](CC(C)C)N[C@@H](c1ccc(-c2ccc(S(C)(=O)=O)cc2)cc1)C(F)(F)F)C(N)=O
D01330,CS(=O)(=O)CCNCc1ccc(-c2ccc3ncnc(Nc4ccc(OCc5cccc(F)c5)c(Cl)c4)c3c2)o1
D01331,O=C(/C=C/c1ccc(CNCC23CC4CC(CC(C4)C2)C3)cc1)NO
D01332,CCCCC1CN(c2nc(-c3ccncc3F)cc(=O)n2C)CCO1
D01333,Cn1ccnc1SC[C@]1(C)S[C@@H]2[C@H](Br)C(=O)N2[C@H]1C(=O)O
D01334,O=C(N[C@@H](Cc1ccccc1)C(=O)N[C@@H]1C(=O)N2CCO[C@@H]12)OCc1ccccc1
D01335,O=c1[nH]cc(F)c(=O)[nH]1
D01336,Cc1c(NS(C)(=O)=O)cccc1N(Cc1ccc(Oc2ccccc2)cc1)Cc1ccc(F)cc1F
D01337,Cc1cccc(C(=O)Nc2cccc(NC(=O)c3ccncc3)c2)c1
D01338,N[C@H](Cc1cc(F)ccc1F)C1CCN(c2cnc(=O)[nH]c2)CC1
D01339,O=C(Cc1ccc(-c2ccc(O)cc2)cc1)NC[C@@H](O)[C@@H](O)[C@@H]1O[C@@](OCc2ccc(-c3ccccc3)cc2)(C(=O)O)C[C@H](O)[C@H]1NC(=O)CO
D01340,[NH3+]C(CC(=O)N1CSC[C@H]1C(=O)NCc1ccc(CC(=O)O)cc1)Cc1ccccc1F
D01341,Cc1nn(C)cc1-c1nc2c(N3CCN(Cc4ncon4)CC3)c(Cl)cnc2[nH]1
D01342,CONC(=O)c1cc(Nc2ncnn3cc(-c4nnc(C(F)(F)S(C)(=O)=O)o4)c(C(C)C)c23)c(F)cc1F
D01343,C[C@H](O)C(=O)N1CC[C@H](Oc2ccc(-c3ncnc(Nc4ccc(N5CCC6(CC5)COC6)cc4)n3)cc2C#N)[C@H](F)C1
D01344,C[C@]1(c2cc(NC(=O)c3ccc(F)cn3)ccc2F)N=C(N)OC2(CCOCC2)C1(F)F
D01345,O=C1CCCN1CC#CCN1CCCC1
D01346,O=C(NN=C(c1ccccc1)c1ccccc1)Nc1ccncc1
D01347,CN[C@@H](C)C(=O)N[C@H]1CN(C(C)=O)c2ccccc2N(Cc2c(OC)ccc3cc(Br)ccc23)C1=O
D01348,COC(=O)C1C[C@@H](NC(=O)c2ccc(O)cc2)[C@H](OC(=O)c2cc(O)c(C(=O)c3c(O)cccc3C(=O)O)c(O)c2)C1
D01349,NC1=N[C@](CF)(c2cc(Nc3ncc(F)c4cc(Cl)cnc34)ccc2F)C[C@@H](C(F)(F)F)O1
D01350,CCOC(=O)C1=C[C@@H](OC(CC)CC)[C@H](NC(C)=O)[C@@H](N)C1
D01351,O=C(NCc1ccccc1)O[C@H]1CO[C@@H]2[C@H](OC(=O)c3ccccc3)CO[C@H]12
D01352,Cc1cc(C[C@@H](NC(=O)N2CCC(N3Cc4cccc(F)c4NC3=O)CC2)C(=O)N2CCC(N3CCCCC3)CC2)cc2cn[nH]c12
D01353,Cc1cc2ncnn2cc1-c1[nH]c2ccc(C3CCN(C(=O)CC#N)CC3)cc2c1C(C)C
D01354,O=c1[nH]nc(-c2ccnc(Nc3ccccc3)c2)n1-c1ccc2ccccc2c1
D01355,COc1cc(-c2cccc(C(F)(F)F)c2)ccc1-n1c(=O)ccc2cc(S(=O)(=O)Nc3ncccn3)ccc21
D01356,CC(=O)c1ccc(Nc2cccc(C(=O)O)c2)cc1
D01357,Cc1nc2c([N+](=O)[O-])c(Cl)c(Cl)cc2n1Cc1ccc(B2OC(=O)CN(C)CC(=O)O2)cc1
D01358,O=C(CCc1noc2c1CCc1cc(O)ccc1-2)NC1=C(C(=O)O)CCCC1
D01359,CC(C)c1c(-c2cc(C(F)(F)F)c3ncnn3c2)[nH]c2ccc(C3CCN(C(=O)CCO)CC3)cc12
D01360,Cc1ccc(S(=O)(=O)Cc2ccc(C(=O)O)o2)cc1
D01361,Cn1c(=O)c(Cc2ccc(C(=N)N)cc2)nc2cc(C3(N(C(=O)CC(=O)O)C4CCCC4)CC3)ccc21
D01362,Cn1cc(C(=O)N2CC[C@H](Oc3ccc(-c4ncnc(Nc5ccc(N6CCN(C7COC7)CC6)cc5)n4)cc3C#N)[C@H](F)C2)nn1
D01363,CC(=O)c1cc(NC(=O)N[C@@H](C)C[C@H](O)N2CCC[C@@H](Cc3ccc(F)cc3)C2)cc(C(C)=O)c1
D01364,CN1CC(=O)N2[C@H](Cc3c([nH]c4ccccc34)[C@H]2c2ccc3c(c2)OCO3)C1=O
D01365,CS(=O)(=O)Nc1cccc(-c2c(O)ccc3cc(-c4cccc(O)c4)ccc23)c1
D01366,Cn1nc(-c2cccc(C(N)=O)c2)s/c1=N\C1CCCCC1
D01367,Clc1ccc2c(NCCCNCCCCCOc3cccc4[nH]c5ccccc5c34)c3c(nc2c1)CCCC3
D01368,Cc1cc(Nc2ncc(C(=O)Nc3c(C)cccc3Cl)s2)nc(C)n1
D01369,COc1nc(C2=CCOCC2)cc2c1Oc1ccc(NC(=O)c3ccc(Cl)cn3)cc1C21CCOC(N)=N1
D01370,CCCN1CCc2cccc(O)c2CC1
D01371,COc1cc(F)c2c(c1)C1(CCOC(N)=N1)c1cc(NC(=O)c3ccc(Cl)cn3)ccc1O2
D01372,Cc1csc(C(=O)N[C@H]2CC[C@@H](NC(=O)c3cc(F)cnc3Oc3cccc(-c4ccc(CN5C[C@H](C)N[C@H](C)C5)cc4CN4CCOCC4)c3)CC2)n1
D01373,N#Cc1ccc(C(F)(F)F)nc1O[C@H](CCN)c1ccno1
D01374,COCC(=O)N1CC[C@H](Oc2ccc(-c3ncnc(Nc4ccc(C5CCN(C)CC5)c(C)c4)n3)cc2C#N)[C@H](F)C1
D01375,N[C@@H](CC(=O)N1CC(=O)Nc2ccccc2C1)[C@H]1CCc2cc(F)c(F)cc21
D01376,CN1C(=O)COc2c1cnc1ccc(Sc3nnc4c(F)cc(-c5cnn(C)c5)cn34)cc21
D01377,N[C@H]1CC[C@@H](N[C@H]2C[C@@H]2c2ccc(-c3cccc(C(F)(F)F)c3)cc2)CC1
D01378,Cc1cc(C(=O)Nc2ccc(-c3ccccc3S(N)(=O)=O)cc2)n(-c2ccc3cc(Cl)ccc3c2)n1
D01379,O=C(O)Cn1c2c(c3cc(F)ccc31)CN(C(=O)CCc1cccc3ccccc13)CC2
D01380,CC(=O)C(C#N)C(=O)Nc1ccc(-c2ccccc2)cc1
D01381,CN(CCCCCCCCOc1ccc2c(=O)c3ccccc3oc2c1)Cc1ccccc1
D01382,O=C(c1ccc(F)cc1)C1CCN(CC(=O)N(Cc2nc3c(c(=O)[nH]2)COCC3)Cc2ccc(F)cc2F)CC1
D01383,Cc1cc(N2CCOCC2)cc2[nH]c(-c3c(NC[C@@H](O)c4cccc(Cl)c4)cc[nH]c3=O)nc12
D01384,Fc1cccc(Cn2ncc3cc(Nc4ncnn5ccc(COC[C@@H]6CNCCO6)c45)ccc32)c1
D01385,Cc1nnc2n1-c1c(F)cc(-c3cncc(F)c3)cc1CC2
D01386,CCS(=O)(=O)c1ccc2nc(-c3cc(-c4ccccc4)ccc3F)[nH]c2c1
D01387,CCCCCCCCCCn1cc(CN[C@H]2[C@H](O)[C@@H](O)[C@H](O)[C@@H](O)[C@@H]2O)nn1
D01388,CC(C)[C@@H]1C(=O)N(c2ccccc2)C(=O)N1Cc1ccc(C(=O)NO)cc1
D01389,CC1(O)CC(C(=O)N2CC(C#Cc3ccc4c(=O)c(-c5ccc(NS(C)(=O)=O)cc5)coc4c3)C2)C1
D01390,N#C[C@@]1(NC(=O)[C@@H]([NH3+])Cc2cccs2)C[C@@H]1c1ccccc1
D01391,CN(C)CCCOc1ccc(-c2ccc3ncc4c(c3c2)n([C@@H]2CCCOC2)c(=O)n4C)c(F)n1
D01392,CC1(C)CC2=NNC(=O)c3cccc4c3c2c(n4CCN2CCCCC2)C1
D01393,Cc1ccc(S(=O)(=O)N[C@@H](Cc2ccc(OCc3ccccc3)cc2)C(=O)NO)cc1
D01394,CCC(=O)CCCCC[C@H](NC(=O)C1CN(C)C1)c1ncc(-c2cc3ccccc3nc2OC)[nH]1
D01395,COc1ccc(-c2nc3c(NCC4CCNCC4)c(Cl)cnc3[nH]2)c(F)c1
D01396,Nc1nc2ccc(-c3ccn(CC4CC4)c(=O)c3)cc2s1
D01397,Cc1csc(-c2nnc3n2CCN(C(=O)c2ccc(-c4cccs4)cc2)[C@@H]3C)n1
D01398,N#Cc1cc(-c2ncnc(Nc3ccc(N4CCN(C(=O)CO)CC4)cc3)n2)ccc1OC1CCOCC1
D01399,N#Cc1cc(-c2ncnc(Nc3cn[nH]c3)n2)ccc1O[C@H]1CCN(C(=O)CO)C[C@H]1F
D01400,O=C(CCc1nc2ccccc2c(=O)[nH]1)N[C@H]1CC[C@H](n2c(=O)[nH]c3cc(Cl)ccc32)CC1
D01401,N#Cc1cnc2ccc(-c3c(-c4cccc(C(F)(F)F)c4)ncn3CC(F)F)nn12
D01402,COc1cc2c(Nc3c(Cl)ccc4c3OCO4)ncnc2cc1OCCCN1CCCCC1
D01403,CN[C@@H](C)C(=O)N[C@H]1CN(C(=O)CS(C)(=O)=O)c2ccccc2N(Cc2c(OC)ccc3ccccc23)C1=O
D01404,COc1cc(C(C)C#Cc2c(C)nc(N)nc2N)c(OC)cc1-c1ccccc1
D01405,Cc1c(Nc2c(C#N)cncc2/C=C/c2cccc(S(=O)(=O)N3CCN(C)CC3)c2)ccc2[nH]ccc12
D01406,CC1CN(C(=O)CO)CCC1Oc1ccc(-c2ncnc(Nc3ccc(N4CCN(C5COC5)CC4)cc3)n2)cc1C#N
D01407,CSc1nc(C)cc(C(=O)NCCN2CCN(c3cccc(C)c3C)CC2)n1
D01408,CN[C@@H](C)C(=O)N[C@@H]1C(=O)N(Cc2c(OC)ccc3cc(Br)ccc23)c2ccccc2N(C(=O)COC)[C@H]1C
D01409,COCc1nn(C2CC2)c2c1C(c1ccc(Cl)cc1)N(c1cc(C)c3nnc(C)n3c1)C2=O
D01410,NC/C(=C/F)CCc1ccc(F)cc1
D01411,Cc1cccc(C(=O)N2CCOC[C@H]2Cc2cccc(-c3ncon3)c2)c1-n1nccn1
D01412,CC(C)c1ccc(C(=O)Nc2cccc(COc3cncc(C(N)=O)c3)c2)cc1
D01413,COc1ccc(C(=O)/C=C/c2cccnc2)c(OC)c1
D01414,CN(CC[C@@H](Oc1ccc(-c2ccccc2)cc1)c1ccc(F)cc1)CC(=O)O
D01415,O=C(O)CCCC[C@@H]1CCSS1
D01416,CCCS(=O)(=O)N1CCN(C2(CNC(=O)c3c(F)cccc3F)CCC(F)(F)CC2)CC1
D01417,O=C(/C=C/c1ccc(CN2CCCC(c3c(-c4ccccc4)[nH]c4ccccc34)C2)c(F)c1)NO
D01418,CC(C)[C@@H]1NC(=O)[C@H](NC(=O)N[C@@H](CCCCN)C(=O)O)CCCCNC(=O)[C@H](Cc2ccccc2)NC(=O)[C@H](C)N(C)C(=O)[C@H](CCc2ccc(O)cc2)NC1=O
D01419,CN(C)C(=O)n1nnc(Cc2ccc(-c3ccc(O)cc3)cc2)n1
D01420,CN1CCN(C2=Nc3cc(Cl)ccc3Nc3ccccc32)CC1
D01421,O=C(N[C@H]1CC[C@H](O)CC1)c1ccc2c(c1)Cc1c(-c3ccc(-c4ccc(O)cc4)cc3)n[nH]c1-2
D01422,CCN(C)C(=O)[C@@H](c1ccc(-c2ccc(F)cc2)cc1)[C@H]([NH3+])C(=O)N1CC[C@H](F)C1
D01423,COc1cc2c(cc1OC)CN(CCc1ccc(NC(=O)c3cc(OC)c(OC)cc3NC(=O)c3cnc4ccccc4c3)cc1)CC2
D01424,N#Cc1cc(-c2ncnc(Nc3cc(F)c(N4CCN(C5COC5)CC4)c(F)c3)n2)ccc1OC1CCOCC1
D01425,O=C(c1ccc2ccccc2c1)[PH](O)(O)O
D01426,C=C(C)c1c(Nc2ccncc2C(=O)OC)cc(-c2cc(Cl)ccc2F)nc1NC(=O)OC(C)(C)C
D01427,CC(C)C[C@H](O)[C@H](O)[C@H](CC1CCCCC1)NC(=O)[C@@H](Cc1csc(N)n1)NC(=O)[C@H](Cc1ccccc1)NS(=O)(=O)N1CCOCC1
D01428,COc1ccc2c(c1)[C@]1(C[C@H]1c1ccc3c(/C=C/c4ccc(CN5CCOCC5)cc4)n[nH]c3c1)C(=O)N2C
D01429,CCCCCCS(=O)(=O)CC(=O)C(F)(F)F
D01430,CCOC(=O)[C@H](CCc1ccccc1)N[C@@H](C)C(=O)N1CCC[C@H]1C(=O)O
D01431,COc1cccc(C=C2SC(O)=NC2=O)c1N1CCC[C@@H](N)C1
D01432,CC(C)(C#N)n1cc([C@@](C)(NC(=O)c2ccsc2)[C@H]2CC[C@H](C)CC2)nn1
D01433,O=C1NC(=O)C(c2cnc3ccccn23)=C1c1cn2c3c(cccc13)CN(C(=O)N1CCOCC1)CC2
D01434,O=C(NO)c1cnc(NC2(c3cccc(F)c3)CCCCC2)nc1
D01435,CCCCC(CN(O)C=O)C(=O)N[C@H](C(=O)N(C)C)C(C)(C)C
D01436,CC(C)c1c(-c2cc(C(C)(C)O)c3ncnn3c2)[nH]c2ccc(C3CCN(CCS(N)(=O)=O)CC3)cc12
D01437,CCOc1ccc(Nc2ncc3c(n2)-c2ccc(OC)cc2NC(=O)C3)cc1
D01438,N[C@@H](CC(=O)N1CCn2nc(C(F)(F)F)nc2[C@H]1Cc1ccc(F)cc1)Cc1cc(F)c(F)cc1F
D01439,OC[C@H]1N[C@H](CO)[C@@H](O)[C@H](O)[C@H]1O
D01440,CO[C@@H]1CC2C[C@@H](OC(c3ccc(F)cc3)c3ccc(F)cc3)CC1N2C
D01441,C[C@@]1(c2cc(NC(=O)c3ccc(Br)cn3)cc(Cl)c2F)C[C@@H](C(F)(F)F)OC(N)=N1
D01442,CN[C@@H](C)C(=O)N[C@H]1CN(C(=O)Cc2ccc(Cl)nc2)c2ccccc2N(Cc2c(OC)ccc3cc(Br)ccc23)C1=O
D01443,NC1=N[C@@](c2cc(NC(=O)c3cnc(Cl)cn3)ccc2F)(C(F)F)[C@H]2C[C@H]2O1
D01444,C[C@@H](c1ccc(-c2ccncc2Cl)cc1)[C@H](N)C(=O)N1CC[C@H](F)C1
D01445,N#Cc1cc(CN2C[C@H](N)[C@H](C(=O)N3CCC[C@H]3C#N)C2)ccc1F
D01446,CC#CCOc1ccc(C(=O)Nc2cc(F)c(F)c([C@]3(C)C[C@@H](C(F)(F)F)OC(N)=N3)c2)nc1
D01447,O=C(O)C(=O)Nc1ccc2[nH]cc(C[C@H](NC(=O)c3ccc4c(c3)nc(-c3ccoc3)n4C3CCCCC3)C(=O)O)c2c1
D01448,COc1ccc(Cc2nnc(NC(=O)Cc3cccs3)s2)cc1
D01449,CCCC[C@H](CC(=O)NO)S(=O)(=O)c1ccccc1
D01450,N#Cc1cc(-c2ncnc(Nc3ccc(N4CCN(C5COC5)CC4)cc3)n2)ccc1O[C@H]1CCN(C(=O)[C@@H](O)CO)C[C@H]1F
D01451,c1cn2cc(-c3ccc4cn[nH]c4c3)nc(Nc3ccc(N4CCOCC4)cc3)c2n1
D01452,[NH3+][C@H]1CN(c2ccc3nnc(C(F)(F)F)n3n2)CC[C@@H]1c1cc(F)c(F)cc1F
D01453,COc1cc(C(F)(F)F)ccc1-c1nccc2cc(S(=O)(=O)Nc3ccncn3)ccc12
D01454,O=C(O)C1CCN(c2nccnc2Oc2ccc(Nc3nc4ccccc4s3)cc2)CC1
D01455,CN(CCOc1ccc(-c2ccccc2)cc1C(=O)c1cccs1)CC(=O)O
D01456,CO[C@H]1CC[C@H](n2c(=O)n(C)c3cnc4cc(F)c(-c5ccc(OCCCN(C)C)nc5)cc4c32)C1
D01457,CCc1cc2c(cc1N1CCN(CC3(O)CCOCC3)CC1)C(C)(C)c1[nH]c3cc(C#N)ccc3c1C2=O
D01458,Cc1cc(C)n(CC(=O)N2CCc3c2ccc(-c2cn(C)c4ncnc(N)c24)c3F)n1
D01459,CN(C)Cc1ccc(C(=O)Nc2ccc(Cl)cc2C(=O)Nc2ccc(Cl)cn2)cc1
D01460,N#CC1(NC(=O)[C@@H]2CCCC[C@H]2C(=O)N2CCN(c3nc4ccccc4s3)CC2)CC1
D01461,NC1CCC(NC2CC2c2ccccc2)CC1
D01462,N#C[C@@H]1CCCN1C(=O)CNC(=O)c1ccnc2ccccc12
D01463,O=C1CC2(CCN(C(=O)N[C@H]3C[C@@H]3c3ccccc3)CC2)Oc2cccnc21
D01464,Cc1cc(OCC2CC2)cnc1C(=O)Nc1cc(F)c(F)c([C@]2(C)C[C@@H](C(F)(F)F)OC(N)=N2)c1
D01465,Cc1cc2cc(N=C(NC#N)N[C@H]3CCCCN(CC(=O)N4CCCC4)C3=O)ccc2o1
D01466,Cc1ccc(S(=O)(=O)N2CCNC(=O)[C@H]2CC(=O)N[C@@H]2CCCc3cc(CNC(C)(C)C)ccc32)cc1
D01467,CC(C)(C)NC(=O)c1c[nH]c2ncc(-c3nn(C4CCNCC4)c4cc(F)ccc34)nc12
D01468,Cc1cc(C(F)(F)F)cnc1C(=O)Nc1ccc(F)c([C@@]2(C(F)F)N=C(N)O[C@@H]3C[C@@H]32)c1
D01469,NC1=NCCCN1Cc1ccc(C(=O)Nc2ccc(Cl)cc2C(=O)Nc2ccc(Cl)cn2)cc1
D01470,C[C@@H]1CN(C(=O)c2ccccc2-n2nccn2)[C@H](Cc2cccc(-c3ncccn3)c2)CO1
D01471,Cc1ccc(-c2csc(Nc3ccc(O)cc3)n2)cc1
D01472,C[C@@H](OC(=O)Nc1c(-c2ccc(-c3ccc(CC(=O)O)cc3)cc2)cnn1C)c1ccccc1
D01473,COc1ccc(NC(=O)/C=C/CN(C)C)cc1Nc1ncc(Cl)c(-c2cnn3ccccc23)n1
D01474,C[C@@]1(OC(=O)c2cc(O)c(C(=O)c3c(O)cccc3C(=O)O)c(O)c2)CCCNC[C@H]1NC(=O)c1ccc(O)cc1
D01475,O=C(NO)C1=CCCC1
D01476,Cc1ccc(-n2nccn2)c(C(=O)N2CCOC[C@H]2Cc2cccc(-c3ncccn3)c2)c1
D01477,Cc1ccoc1C(=O)Nc1cccc(C2(C3CCCCC3)N=C(N)N(C)C2=O)c1
D01478,Oc1ccc(-c2ccc3c(-c4ccc(N5CCNCC5)cc4)c[nH]c3c2)cc1
D01479,CN(C)C(=O)c1cc2cnc(Nc3ccc(N4C[C@@H]5CC[C@H](CC4=O)N5)cn3)nc2n1C1CCC1
D01480,CCOC(=O)NCc1ccc(C(=O)Nc2cc(-c3cccs3)ccc2N)cc1
D01481,OC[C@H]1O[C@@H](n2cnc3c(N[C@@H]4CCOC4)ncnc32)[C@H](O)[C@@H]1O
D01482,COc1cc2ncnc(Nc3cccc(Br)c3)c2cc1OC
D01483,COc1ncccc1-n1nc(C)c2c1C(=O)N(c1cc(C)c3nnn(C)c3n1)C2c1ccc(Cl)cc1
D01484,COc1ccc(CN2C(=O)C(=C(C#N)C#N)c3cc(S(=O)(=O)N4CC[C@H]4COc4cccnc4)ccc32)cc1
D01485,CN1C(=O)[C@@H]2CN(c3ncc(F)cn3)C[C@]2(c2cc(-c3cccc(C#N)c3)cs2)N=C1N
D01486,Cc1cc(F)ccc1-c1cc(C2CCC3(CC2)CC3C(=O)O)ncc1N(C)C(=O)C(C)(C)c1cc(C(F)(F)F)cc(C(F)(F)F)c1
D01487,COc1cc(O)c2c(O)c(-c3cccc(Cl)c3)cnc2c1
D01488,N[C@@H](CC(=O)N1CCCNC(=O)[C@H]1CC(F)(F)F)Cc1cc(F)c(F)cc1F
D01489,Cn1c(=O)n([C@@H]2CCCOC2)c2c3cc(-c4ccc(OCCCN5CCCC5)nc4)c(F)cc3ncc21
D01490,CCC(=O)O[C@]1(C(=O)CCl)[C@@H](C)C[C@H]2[C@@H]3CCC4=CC(=O)C=C[C@]4(C)[C@@]3(F)[C@@H](O)C[C@@]21C
D01491,Cn1c(CC(=O)N2CCc3ccccc32)nc(N2CCOCC2)cc1=O
D01492,N[C@@H](CC(=O)N1CCn2c(nnc2C(F)(F)F)C1)Cc1cc(F)c(F)cc1Cl
D01493,COC(=O)C1=C(C)N=C(C)C(C(=O)OC)C1c1ccccc1[N+](=O)[O-]
D01494,Cc1c([C@@H](O)CN2CCC3(CC2)CC(=O)N(c2ccc(S(C)(=O)=O)cn2)C3)ccc2c1COC2=O
D01495,CC[C@H](C)[C@H](NC(C)=O)C(=O)N[C@@H](Cc1ccc(O)cc1)C(=O)N[C@@H](Cc1ccc(O)cc1)P(=O)(O)O
D01496,CCOC(=O)c1cc2c(N)c3c(nc2nc1C)CCCC3
D01497,COc1ccc(NC(=O)c2noc3c2CCC3)cc1
D01498,COc1cc2c(Nc3ccc(F)cc3C(F)(F)F)ncnc2cc1O[C@@H]1CO[C@@H]2[C@H]1OC[C@H]2F
D01499,Cc1c(F)cc(C(=O)NC2CC2)cc1-c1ccc(C(=O)N[C@@H](C)C(C)(C)C)cn1
D01500,CC(C)c1c(-c2cn3ncnc3cc2CO)[nH]c2ccc(C3CCN(C4COC4)CC3)cc12
D01501,Cn1c(=O)sc2ccc(-c3ccc(C[C@@H](C#N)NC(=O)[C@@H]4CNCCCO4)cc3)cc21
D01502,Cc1cc(Nc2cc(S(=O)(=O)[O-])c(N)c3c2C(=O)c2ccccc2C3=O)ccc1O.[Na+]
D01503,Nc1ccc(-c2ccccc2)cc1NC(=O)c1ccccc1
D01504,NC(=O)c1cnc(N[C@H](C2CC2)C(F)(F)F)c2c1[nH]c1cc(-c3cnc(N)nc3)ccc12
D01505,CCOc1ccc(CC2CCN(CCC(=O)NO)CC2)cc1-c1nc2c(CC)nn(C)c2c(=O)[nH]1
D01506,COC1(c2cc(F)cc(OCc3ccc4c(ccc(=O)n4C)c3)c2)CCOCC1
D01507,NS(=O)(=O)c1cccc(-c2n[nH]c3ccc(NC(=O)C(c4ccsc4)N4CCCC4)cc23)c1
D01508,CCOc1ccccc1Nc1cc2[nH]c(-c3cn[nH]c3)cc2cn1
D01509,CC(C)c1c(-c2cc(F)c3ncnn3c2)[nH]c2ccc(C3CCN(CCS(C)(=O)=O)CC3)cc12
D01510,O=C1NCCCc2c1c1ccccc1n2CCc1ccccc1
D01511,C=C1OC=N[C@]12CC[C@H]1[C@@H]3CCC4=CC(=O)CCC4=C3[C@@H](c3ccc(C(C)=O)cc3)C[C@@]12C
D01512,COC(=O)NC(Cc1ccc(N=C(N)N)cc1)P(=O)(Oc1ccccc1)Oc1ccccc1
D01513,Cc1c(CC(=O)O)c2cccnc2n1Cc1ccc(S(C)(=O)=O)cc1
D01514,CC(C)(C)[C@@H](NC(=O)c1ccc(N)c(Cl)c1)C(=O)N1CCC[C@H]1C(=O)N[C@H](/C=C/S(C)(=O)=O)CC(=O)O
D01515,CCC(C)(OCc1cc(-c2cccc(OC)c2)n(Cc2ccccc2Cl)n1)C(=O)O
D01516,COCc1cc(-c2[nH]c3ccc(C4CCN(CC(=O)NCCC#N)CC4)cc3c2C(C)C)cn2ncnc12
D01517,CC(C)c1c(-c2ccccc2)[nH]c2c(C#N)cnn2c1=O
D01518,Cc1cc(CS(=O)(=O)c2ccccc2)cc(OCc2ccc(CN3CCC[C@@H]3CO)cc2)c1
D01519,N#Cc1cc(NCC(=O)NC2CN([C@H]3CC[C@@](O)(c4cncs4)CC3)C2)c2cc(C(F)(F)F)ccc2n1
D01520,Nc1ccc(-c2ccc(F)cc2)cc1NC(=O)C1COc2ccccc2C1
D01521,O=C(NC1N=C(c2ccccc2)c2ccccc2NC1=O)c1cccc(Cl)c1
D01522,c1ccc(Cn2cncc2-c2ccccc2)cc1
D01523,C[C@@H](c1ccc(-c2ccn(C)c(=O)c2)cc1)N1CC[C@](CCCO)(c2ccccc2)OC1=O
D01524,N[C@H]1C[C@H]1c1cccc(NC(=O)c2ccccc2)c1
D01525,Cc1cccc(Cl)c1-c1nc2c([nH]1)c(=O)[nH]c1cc(-c3ccccc3)ccc12
D01526,CCCCN1C(=O)[C@@H]([C@H](O)C2CCCCC2)NC(=O)C12CCN(Cc1ccc(Oc3ccc(C(=O)O)cc3)cc1)CC2
D01527,C[C@H](NC(=O)c1cc(Cl)cnc1Oc1ccc(F)cc1)c1ccc(C(=O)O)cc1
D01528,COC(=O)c1ccc2c(c1)NC(=O)C2C(=Nc1ccc(N(C)C(=O)CN2CCN(C)CC2)cc1)c1ccccc1
D01529,C[C@@H](Oc1nc(-c2cc3nn(C)cc3c(O[C@H](C)[C@H]3CNC(=O)C3)n2)cc2nn(C)cc12)[C@@H]1CNC(=O)C1
D01530,CCn1cc(Nc2ncnc(-c3ccc(O[C@H]4CCN(C(=O)CO)C[C@H]4F)c(C#N)c3)n2)nn1
D01531,CC1(C)C(N)=N[C@](C)(c2cc(Nc3nccc4cc(C#N)cnc34)ccc2F)CS1(=O)=O
D01532,C=CC[C@H]1C(=O)N(S(=O)(=O)c2cccc3ccccc23)[C@H]2CCN(C(=O)OCc3ccccc3)C21
D01533,Cc1cc(C(=O)O)[nH]c1/C=C1\C(=O)Nc2ncnc(Nc3ccc(F)c(Cl)c3)c21
D01534,C=C(CC(NC(=O)c1ccc(N(C)Cc2cnc3nc(N)nc(N)c3n2)cc1)C(=O)O)C(=O)O
D01535,COc1cnc2c(Nc3ccc(F)c([C@]4(C)CS(=O)(=O)C5(CC5)C(N)=N4)c3)nccc2c1
D01536,CCN(CC)C(=O)c1ccc([C@H](c2cccc(NC(=O)C3CC3)c2)N2CCN(Cc3ccccn3)CC2)cc1
D01537,CS(=O)(=O)c1cc(C#N)ccc1[C@H]1NC(=O)N(c2cccc(C(F)(F)F)c2)C2=C1C(=O)CC2
D01538,CCCCc1nn(-c2ccccc2C)c(C(=O)OCC)c1Cc1ccc(-c2ccccc2-c2nnn[nH]2)cc1
D01539,CNCCN1CCC(OCc2cccc(F)c2)CC1
D01540,CCN(c1cc(-c2ccc(OCCOC)cc2)cc(C(=O)NCc2c(C)cc(C)[nH]c2=O)c1C)[C@H]1CC[C@H](N(C)C)CC1
D01541,CCS(=O)(=O)c1ccc2c(c1)/C(=C/c1[nH]c3c(c1CCCN1CCN(CC(=O)O)CC1)CCCC3)C(=O)N2
D01542,C[C@@H](Oc1nc(-c2cnn(C(F)F)c2)cc2ncsc12)[C@H]1CNC(=O)O1
D01543,CS(=O)(=O)c1ccc(-c2cc(C(F)(F)F)nc(NCc3ccccc3)n2)cc1
D01544,COc1ccc2c(c1)[C@]1(C[C@H]1c1ccc3c(/C=C/c4ccc(CN5CCOCC5)cc4)n[nH]c3c1)C(=O)N2
D01545,COc1cnc2c(Nc3cnc(F)c(C4(C)CS(=O)(=O)C(C)(C)C(N)=N4)c3)nccc2c1
D01546,CC(C)c1ncc([C@]2(O)CC[C@H](N3CC(NC(=O)CNC(=O)c4cccc(C(F)(F)F)c4)C3)CC2)s1
D01547,O=C(Nc1ccc(-c2nc(N3CC4CCC(C3)O4)c3cnn(C4CCC5(CC4)OCCO5)c3n2)cc1)NC1CC1
D01548,CC1CC1c1cc(C(F)(F)F)cc(COCC2(c3ccc(F)cc3)CCN(C)CC2)n1
D01549,CN1CCC(C(=O)N2CC[C@](O)(c3ccccc3)[C@H]3CCCC[C@H]32)C1
D01550,Cc1ccc(-n2nccn2)c(C(=O)N2CCOC[C@H]2Cc2cccc(-n3cccn3)c2)c1F
D01551,N[C@H]1CC[C@H](N[C@H]2C[C@@H]2c2ccc(-c3cccc(C(F)(F)F)c3)cc2)CC1
D01552,C[C@@H]1COCCN1c1nc(-c2ccncc2F)cc(=O)n1C
D01553,CCCc1cnc(N2C[C@H](S)CC2CNCc2cc(F)ccc2F)nc1
D01554,O=C1NC(=O)[C@](CNC(=O)[C@@H](Cc2ccc(C(F)(F)F)cc2)C2CC2)(C2CC2)N1
D01555,O=C(OCC#CCSc1nnc(-c2cccc3ccccc23)o1)c1ccc(C(F)(F)F)cc1
D01556,O=C(CC1CCN(Cc2ccn(-c3ccc(C(F)(F)F)cc3)c2)CC1)N1CCCC(C(=O)N2CCCC2)C1
D01557,COCC#Cc1ccc2c(=O)c(-c3ccc(NS(C)(=O)=O)cc3)coc2c1
D01558,CC1(C)C[C@@H](NC(=O)c2ccccc2O)c2cc(-c3ccc(Cl)cc3)c(-c3ccc(Cl)cc3Cl)nc2O1
D01559,COc1ccc2c3c1O[C@H]1C[C@@H](O)C=C[C@@]31CCN(C)C2
D01560,COC1COCCC1N[C@@H]1C[C@H]2C[C@H](F)C[C@@]2(C(=O)N2CCc3ncc(C(F)(F)F)cc3C2)C1
D01561,N#Cc1ccc(C2CCCc3cncn32)cc1
D01562,C[C@]1(c2cc(/C=C(\F)c3cnc(C#C[Si](C)(C)C)cn3)ccc2F)N=C(N)S[C@@]2(C(=O)N3CCOCC3)C[C@H]21
D01563,CC(C)C[C@@H]1C(=O)N[C@H](C2Cc3ccccc3C2)C(=O)N1[C@@H](C(=O)N(C)C)c1ccc(F)cc1F
D01564,COc1cc(-c2cccc(C)c2)c(C#N)cc1-c1nccc2cc(S(=O)(=O)Nc3ccncn3)ccc12
D01565,CCOC(=O)c1ccnc(CNCC(=O)N(CC)CCN(C)C)c1
D01566,C=CC(=O)Nc1cc2c(Nc3ccc(F)c(Cl)c3)ncnc2cc1OCCCN1CCOCC1
D01567,CC1(C)CNC[C@@H](F)[C@H]1Oc1ccc(-c2ncnc(Nc3ccc(N4CCN(C5COC5)CC4)cc3)n2)cc1C#N
D01568,Cc1nc(CNC(=O)c2ccc(-c3cc(C(=O)NC4CC4)cc(F)c3C)cc2)cs1
D01569,CCc1c(CCC(=O)O)n(C(=O)c2ccc(Cl)cc2)c2ccc(OC)cc12
D01570,COc1cc2c(Nc3ccc(F)c(Cl)c3F)ncnc2cc1OC[C@@H]1CN2CCC[C@H]2CO1
D01571,CCCCCCCNC(=O)Oc1ccc(-n2cc(COc3ccc4ccc(=O)oc4c3)nn2)cc1
D01572,NS(=O)(=O)c1ccc(N2N=C(C(F)(F)F)CC2c2cccc3c2OCCO3)cc1
D01573,CS(=O)(=O)C[C@@H](N)c1ccc(-c2ccc3ncnc(Nc4ccc(OCc5cccc(F)c5)c(Cl)c4)c3c2)o1
D01574,COc1ccc(-n2nc(C(C)(C)C)cc2NC(=O)Nc2ccc(Oc3ccnc(Nc4ccc5[nH]ncc5c4)n3)c3ccccc23)cc1
D01575,O=C(CNc1ncnc2ccc(C(F)(F)F)cc12)NC1CN([C@H]2CC[C@@](O)(c3ccns3)CC2)C1
D01576,O=P(O)(O)C(F)(F)c1ccc(CC(Cc2ccc(OCc3ccccc3)cc2)(c2ccccc2)n2nnc3ccccc32)cc1
D01577,COc1cc2c(N3CCN(C(=O)Nc4ccc(OC(C)C)cc4)CC3)ncnc2cc1OCCCN1CCOCC1
D01578,COc1cccc(-c2cc(COC(C)(C)C(=O)O)nn2Cc2ccccc2OC)c1
D01579,CCOC(=O)C(C)(C)c1ccc2c(c1)nc(Cc1ccc(C(=N)N)cc1)c(=O)n2C
D01580,Cc1nc(-c2ccc(F)cc2)c(-c2ccc(S(N)(=O)=O)c(F)c2)o1
D01581,CC(C)c1cc(Cc2cnc(N)nc2N)cc(C(C)C)c1N
D01582,C[C@@H](Cc1ccc(O)c(O)c1)[C@H](C)Cc1ccc(O)c(O)c1
D01583,Cc1c(C(C)CN2CCN(C(=O)Cc3ccc(-n4cnnn4)nc3)CC2)ccc2c1COC2=O
D01584,C[C@@H](Oc1cc(-c2cc3cccc(Cl)c3[nH]2)cc2nn(C)cc12)[C@H]1CNC(=O)C1
D01585,CC#Cc1cncc(-c2ccc3c(c2)C2(N=C(C)C(N)=N2)C2(CCC2)C3)c1
D01586,CCCCC[C@H](O)/C=C/[C@H]1[C@H](O)CC(=O)[C@@H]1C/C=C\CCCC(=O)O
D01587,COc1ccc2c(Oc3ccc(CC(=O)Nc4cn(C)nc4C)c(OC)c3)ccnc2c1
D01588,Cc1nn(-c2cncc([C@](C)(O)C(F)(F)F)c2)c2ccccc12
D01589,CC[C@H](c1nc2cc(Cl)ccc2c(=O)n1Cc1ccccc1)N(CCCN(C)C)C(=O)c1ccc(Br)cc1
D01590,COc1ccc(S(=O)(=O)N(CC(=O)NO)Cc2ccccc2)cc1
D01591,CC(C)(OCc1cc(-c2cccc(O)c2)n(Cc2ccccc2Cl)n1)C(=O)O
D01592,C[C@]1(c2cc(/C=C(\F)c3ccc(C#N)cn3)ccc2F)N=C(N)S[C@@]2(C(=O)N3CC4CC3CO4)C[C@H]21
D01593,COc1ccc2cc3[n+](cc2c1OC)CCc1cc2c(cc1-3)OCO2
D01594,CC(C)c1c(-c2cc(Cl)c3ncnn3c2)[nH]c2ccc(C3CCN(CC(C)(C)O)CC3)cc12
D01595,COc1nc(N2C[C@H]3C(=O)N(C)C(=N)N[C@@]3(c3ccc(Cl)s3)C2)nc(C)c1F
D01596,NC(=O)c1cncc(OCc2cccc(NC(=O)c3ccc(-c4ccccc4)c(F)c3)c2)c1
D01597,O=C(O)CCCCCc1cccc2cncn12
D01598,NC(=O)c1cccc2c1OCC(c1cncc(CN3CCCC3=O)c1)O2
D01599,Cc1cccc2c(=O)[nH]c(CCC(=O)Nc3ccc(C(=O)Nc4cccc5cccnc45)cc3)nc12
D01600,O=C(O)c1cccc(S(=O)(=O)N2CCc3cc(Cl)ccc3C2)c1
D01601,Cc1ccnc2c3c(nn12)CN([C@H]1CO[C@H](c2cc(F)c(F)cc2F)[C@@H](N)C1)C3
D01602,CC(C)n1cc(-c2ccc([C@H](C)N3CC[C@](CC(C)(C)O)(c4ccccc4)OC3=O)cc2)ccc1=O
D01603,Cc1c(OCCNCCCF)ccc(F)c1[C@@H]1c2[nH]c3ccc(F)cc3c2C[C@@H](C)N1C[C@@H](C)C(=O)O
D01604,COC(=O)c1cccc(-c2ccc(Cc3nnnn3C(=O)N(C)C)cc2)c1
D01605,CN1CCN(Cc2ccc3c(c2)Cc2c-3n[nH]c2-c2csc(C#CCOc3ccccc3)c2)CC1
D01606,CCN(CC)CCN(Cc1ccc(-c2ccc(C(F)(F)F)cc2)cc1)C(=O)Cn1cc(Br)c(=O)nc1SCc1ccc(F)cc1
D01607,CCN1CCN(CC(=O)Nc2ccc(-c3cccc4c(=O)cc(N5CCOCC5)oc34)c3sc4ccccc4c23)CC1
D01608,O=S(=O)(Nc1nccs1)c1cc(Cl)c(NCC2COCCO2)cc1F
D01609,N#CC(Cc1ccc2c(c1)c(=O)[nH]c1c(F)c(F)c(F)cc12)NC(=O)[C@H]1N[C@@H]2CC[C@H]1C2
D01610,C=CCN1CC[C@]23c4c5ccc(O)c4O[C@H]2C(=O)CC[C@@]3(O)[C@H]1C5
D01611,CNCC[C@@H](Oc1ccccc1C)c1ccccc1
D01612,COc1cc(Cc2cnc(N)nc2N)cc2c1NCCC2
D01613,COc1cc(/C=C/c2cc(-c3ccc(O)c(OC)c3)[nH]n2)ccc1O
D01614,CC(C)(C)c1cc(/C=C2\SC(=O)NC2=O)cc(C(C)(C)C)c1O
D01615,Cc1nc(N)cc2c1CNC(=O)c1cnn(c1)Cc1ccc(Cn3cccn3)cc1OCCC/C=C/CCO2
D01616,COc1cc(-c2nc3ccccc3c(=O)[nH]2)ccc1O
D01617,Cc1ccc(COc2ccc3c(c2)c(SC(C)(C)C)c(CC(C)(C)C(=O)O)n3Cc2ccc(-c3ccc(F)cn3)cc2)nc1
D01618,CCOc1ccc2cc(-c3nn(CC4CCNCC4)c4ncnc(N)c34)ccc2c1
D01619,O=C(NC1CCCC1)P(=O)(O)O
D01620,NS(=O)(=O)c1ccc(-n2nc(C(F)(F)F)cc2-c2ccc3c(c2)CCC3)cc1
D01621,Cc1cccc(-c2noc([C@H]3CNCC[C@]3(O)c3ccc(F)c(F)c3)c2Br)c1C
D01622,CN(Cc1cnc2nc(N)nc(N)c2n1)c1ccc(NC(=O)NC(CCC(=O)O)C(=O)O)cc1
D01623,N#C[C@@H]1C[C@H](F)CN1C(=O)C[C@H](N)Cc1cc(F)c(F)cc1F
D01624,CC(Oc1cc(-n2cnc3ccccc32)sc1C(N)=O)c1ccccc1C(F)(F)F
D01625,C=CCCCCN1CCOC(COc2cc3ncnc(Nc4ccc(Cl)c(Cl)c4)c3cc2OC)C1
D01626,CC[C@H](C)[C@H](NC(=O)OCc1ccccc1)C(=O)N[C@@H](CCC(=O)NC(C)C)C(=O)N[C@@H](C)C(=O)N[C@H](C=CS(C)(=O)=O)CC(C)C
D01627,CN(C)C(=O)[C@]12C[C@H]1[C@@](C)(c1cc(/C=C(\F)c3ncc4c(n3)OCCO4)ccc1F)N=C(N)S2
D01628,CN([C@@H]1CCc2c(CC(=O)O)c3ccccn3c2C1)S(=O)(=O)c1ccc(F)cc1
D01629,CN(C)C1=NCCN1Cc1ccc(C(=O)Nc2ccc(Cl)cc2C(=O)Nc2ccc(Cl)cn2)cc1
D01630,CC#Cc1cnc(N2CCC[C@@H](N)C2)n(Cc2ccccc2C#N)c1=O
D01631,CN(C)C(=O)[C@@H](c1ccc(-c2ccc(F)cc2)cc1)[C@H]([NH3+])C(=O)N1CCC(F)(F)C1
D01632,N#Cc1cc(-c2ncnc(Nc3ccc(N4CCO[C@H](CO)C4)cc3)n2)ccc1O[C@H]1CCN(C(=O)CO)C[C@H]1F
D01633,O=C([O-])c1cccc(Cc2cc(Cl)ccc2OCc2ccc(F)cc2Cl)n1
D01634,CN(C)CCC[C@@]1(c2ccc(F)cc2)OCc2cc(C#N)ccc21
D01635,CCCCn1sc(=O)n(C)c1=O
D01636,Cc1ccc(C(=O)N2C[C@@H](C)OC[C@H]2Cc2cc(-c3ncccn3)ccc2F)c(-n2nccn2)c1
D01637,COC[C@@]12SC(N)=N[C@](C)(c3cc(/C=C(\F)c4ccc(C#N)cn4)ccc3F)[C@@H]1C2(F)F
D01638,O=C(/C=C/c1ccc2c(c1)CN(S(=O)(=O)c1cccs1)C2)NO
D01639,CN(C)CCCOc1ccc(-c2cc3c(cc2F)ncc2c3n(C3COC3)c(=O)n2C)cn1
D01640,COc1cc(N2C(=O)N(c3ccc(-c4ccc(C(=O)N(C)C)cc4)cc3)C(=O)C23CCN(Cc2ncccc2C)CC3)ncn1
D01641,CCCS(=O)(=O)N1CCC(CNC(=O)c2ccc(Cl)cc2Cl)(C(=O)N2CCOCC2)CC1
D01642,Cc1cc(Cl)cnc1C(=O)Nc1ccc(F)c([C@@]2(C(F)F)N=C(N)O[C@@H]3C[C@@H]32)c1
D01643,CC[C@H](N[C@@H](CCc1ccccc1)C(=O)O)C(=O)N1C[C@@H](NC(=O)C[C@H](N)Cc2cc(F)c(F)cc2F)C[C@H]1C(=O)O
D01644,CCCS(=O)(=O)N1CCC(CNC(=O)c2cc(F)c(Cl)cc2Cl)(C(=O)N2CCOCC2)CC1
D01645,CNc1nc(C)nc(N2CCC(C(=O)NCc3ccccc3C#N)CC2)n1
D01646,Cc1c(-c2c(F)cc(C(N)=O)c3[nH]c4c(c23)CC[C@@H](C(C)(C)O)C4)cccc1-n1c(=O)[nH]c2c(F)cccc2c1=O
D01647,O=C(NCC1(O)CCN(c2nc(Oc3cccc(F)c3)cc(C(F)(F)F)n2)CC1)C1CNC1
D01648,COc1ccc(-c2cc3c(c(=O)o2)C[C@@]2(O)[C@@]4(C)CCC(=O)C(C)(C)[C@@]4(O)CC[C@@]2(C)O3)cc1
D01649,O=C(CNC(=O)[C@H](Cc1ccccc1)NS(=O)(=O)N1CCOCC1)N[C@@H](CC1CCCCC1)C(O)C(F)(F)C(=O)NCCN1CCOCC1
D01650,COc1cccc(CN2CCN(C3CCC(O)(c4ccc5c(c4)OCO5)CC3)CC2)c1
D01651,N=C(N)NCCC[C@H](NC(=O)CN1CC(=O)N[C@@H](CCCNC(=N)N)C1=O)C(=O)c1nccs1
D01652,C[C@@H](Oc1ccc2ncc(C3CC3C(N)=O)cc2c1)c1c(Cl)ccc(F)c1Cl
D01653,CCCCCCc1nc2c([nH]1)C(=O)N(C)C1=N[C@@H]3CCC[C@@H]3N12
D01654,N[C@@H]1CCN(C2CCC(N[C@H]3C[C@@H]3c3ccccc3)CC2)C1
D01655,O=C(Nc1ccc(OC2(C(=O)O)CC2)cc1F)[C@H](C1CCCCC1)n1c(-c2ccc(Cl)cc2)nc2cc(F)c(F)cc21
D01656,CC(=O)Nc1nnc(S(N)(=O)=O)s1
D01657,O=C1C(=O)N(Cc2ccc(F)nc2)c2ccc(S(=O)(=O)N3CC[C@H]3COc3ccccc3)cc21
D01658,N#Cc1ccc(-c2nccnc2OC2CN(c3ccc4ccccc4n3)C2)cc1
D01659,Cn1c(C(F)(F)F)nc2c1CCN(C(=O)C[C@H](N)Cc1cc(F)c(F)cc1F)C2Cc1ccccc1
D01660,COc1c(C)c(-c2[nH]c3ccc(C4CCN(C5COC5)CC4)cc3c2C(C)C)cn2ncnc12
D01661,CC(C)CS(=O)(=O)N[C@H]1C[C@@H](N(C)c2ncnc3[nH]ccc23)C1
D01662,CN(C)C(=O)Cc1cc(=O)oc2cc(OCc3cccc(Cl)c3)ccc12
D01663,NC1=N[C@@]2(c3ccc(F)cc3F)CO[C@@H](C(F)F)C[C@H]2CS1
D01664,O=C(NC1CCN(Cc2ccc3ncoc3c2)CC1)c1cc(=O)c2ccc(F)cc2o1
D01665,N#Cc1cc(-c2ncnc(Nc3ccc(N4CCN(C5COC5)CC4)cc3)n2)ccc1O[C@H]1CCN(C(=O)[C@H](O)CO)C[C@H]1F
D01666,CCc1c(-c2cc(C)c3ncnn3c2)[nH]c2ccc(C3CCN(CCS(C)(=O)=O)CC3)cc12
D01667,O=C(N[C@@H]1C[C@@H](CO)C[C@H]1OC(=O)c1cc(O)c(C(=O)c2c(O)cccc2C(=O)O)c(O)c1)c1ccc(O)cc1
D01668,CS(=O)(=O)c1ccc(-n2cnc(Cl)c2-c2ccc(F)cc2F)cc1
D01669,O=C(O)c1ccc(CCCN2C(=O)CC[C@@H]2CCC(O)Cc2cccc(-c3ccccc3)c2)s1
D01670,C[C@@]1(c2cc(Nc3ncnc4cc(Cl)cnc34)ccc2F)CS(=O)(=O)[C@@](C)(F)C(N)=N1
D01671,CNC1=NCCN1Cc1ccc(C(=O)Nc2ccc(Cl)cc2C(=O)Nc2ccc(Cl)cn2)cc1
D01672,C[C@@H]1CN(C(=O)c2ccccc2-n2nccn2)[C@H](Cc2cccc(-n3nccn3)c2)CO1
D01673,CNC(=O)CN1CCC(c2ccc3[nH]c(-c4cc(C(C)C)c5ncnn5c4)c(C(C)C)c3c2)CC1
D01674,CCCCN1C(=O)C(CC(C)C)NC(=O)C12CCN(Cc1ccc(Oc3ccccc3)cc1)CC2
D01675,Cc1coc([C@H]2C[C@H]3[C@@H](C)SC(N)=N[C@@]3(c3ccc(F)cc3F)CO2)n1
D01676,NC(=O)c1cncc(OCc2cccc(NC(=O)c3ccc(N4CCOCC4)cc3)c2)c1
D01677,CC(C)(C)c1ccc(-n2c(C(=O)O)c(Oc3cccc(O)c3)c3ccccc32)cc1
D01678,C[C@]1(C(=O)O)CCc2ccc(OCCCOc3ccc(OC(F)(F)F)cc3Cl)cc2O1
D01679,CC1(C(=O)N2CC(C#Cc3ccc4c(=O)c(-c5ccc(NS(C)(=O)=O)cc5)coc4c3)C2)COC1
D01680,Cc1ccn2nc3c(c2n1)CN([C@H]1CO[C@H](c2cc(F)ccc2F)[C@@H](N)C1)C3
D01681,c1cc2c(ncc3nnc(C4CCCCC4)n32)[nH]1
D01682,Cc1nc(N)c2nnn(C[C@H]3CN(Cc4nccs4)CCO3)c2n1
D01683,CN[C@@H](C)C(=O)N[C@H]1CN(C(=O)c2cccc(C(C)=O)c2)c2ccccc2N(Cc2c(C)ccc3ccccc23)C1=O
D01684,Brc1cccc(Nc2ncnc3[nH]c4c(c23)CCCC4)c1
D01685,CN(C)CCOc1cc(-c2cn[nH]c2)c(F)cc1NC(=O)[C@H]1Cc2ccccc2CN1
D01686,CC1CCCC(C)N1CCCCN1C(=O)C(c2cccc(C(=N)N)c2)Oc2ccccc21
D01687,COc1ccc(S(=O)(=O)N2CCN(C(=O)c3cccnc3)CC2C(=O)NO)cc1
D01688,CC(C)c1cc(C(=O)N2CC[C@@H](NC(=O)C3CC3)C2)[nH]n1
D01689,CC(C)NC(=O)Cn1c(-c2cccc(Cl)c2)cn2cc(OCCCN3CCCCC3)cc2c1=O
D01690,Cn1c(=O)n([C@H]2CCCOC2)c2c3cc(-c4ccc(OCCCN5CCCCC5)nc4)c(F)cc3ncc21
D01691,O=C(Nc1nc2cccc(-c3ccc(CN4CCOCC4)cc3)n2n1)C1CC1
D01692,CCS(=O)(=O)c1ccc2nc(-c3cccc(-c4ccccc4)n3)[nH]c2c1
D01693,N=C(N)NC(=O)c1ccc(C2CCN(C(=O)c3ccc(S(N)(=O)=O)cc3)CC2)c(C(F)(F)F)c1
D01694,CC(C)C(=O)NCC1(O)CCN(c2nc(Oc3cccc(F)c3)cc(C(F)(F)F)n2)CC1
D01695,O=C(O)CNS(=O)(=O)c1ccc(-c2ccc(Br)cc2)cc1
D01696,CC(=O)c1ccc(OCc2cccc(Br)c2)cc1O
D01697,Cc1cc(C)cc(C(=O)N2CCC3(CC2)Nc2ccccc2-n2cccc23)c1
D01698,CCS(=O)(=O)NC(c1cncc(C2COc3c(cccc3C(N)=O)O2)c1)C1CC1
D01699,COc1cc(Nc2nccc(Oc3ccc(NC(=O)Nc4cc(C5(C)CC5)nn4-c4ccc(C)cc4)c4ccccc34)n2)cc(C(=O)NCCN2CCOCC2)c1
D01700,COc1ccc2c(c1)c(CC(=O)O)c(C)n2Cc1ccc(Br)cc1
D01701,C[C@@]1(c2cc(NC(=O)c3ccc(C#N)cn3)ccc2F)CC2(CCC2)OC(N)=N1
D01702,CCN(CC)C(=O)C1CCCN(C(=O)CC2CCN(Cc3ccn(-c4ccc(C(F)(F)F)cc4)c3)CC2)C1
D01703,CCCCCN(CCCCC)C(=O)N1CCN(C(=O)N(c2ccccc2)c2cccc(Br)c2)[C@H](C(=O)O)C1
D01704,C[C@H](N)C(=O)NCC(=O)N[C@H]1CSSC[C@@H](C(=O)O)NC(=O)[C@H](CO)NC(=O)[C@H]([C@@H](C)O)NC(=O)[C@H](Cc2ccccc2)NC(=O)[C@H]([C@@H](C)O)NC(=O)[C@H](CCCCN)NC(=O)[C@H](Cc2c[nH]c3ccccc23)NC(=O)[C@H](Cc2ccccc2)NC(=O)[C@H](Cc2ccccc2)NC(=O)[C@H](CC(N)=O)NC(=O)[C@H](CCCCN)NC1=O
D01705,Cc1ccc(C(=O)NC2CC2)cc1Nc1ncnn2cc(C(=O)c3ccccc3)c(C)c12
D01706,N[C@H]1CCCN(c2c(NC(=O)c3csc(-c4c(F)cccc4F)n3)cnc3ccccc23)C1
D01707,N#Cc1cc(-c2ncnc(Nc3ccc(N4CCN(C5COC5)CC4)cc3)n2)ccc1O[C@H]1CCN(C(=O)c2[nH]nc(N)c2Cl)C[C@H]1F
D01708,CC[C@H](Nc1nc(NCc2cccnc2)c2ncn(C(C)C)c2n1)C(C)(C)O
D01709,COCC1(NCC(=O)N2[C@H](C#N)CC[C@@H]2C#N)CCCC1
D01710,N#Cc1cnc2ccc(-c3c(-c4ccc(F)c(Cl)c4)ncn3C3CCOC3)nn12
D01711,O=C1NCCc2[nH]c(-c3ccncc3)cc21
D01712,C=CCN1C[C@H](C)N([C@H](c2ccc(C(=O)N(C)CC)cc2)c2cccc(OC)c2)C[C@H]1C
D01713,NC1CCC(N[C@H]2C[C@@H]2c2ccc(-c3ccn[nH]3)cc2)CC1
D01714,CN(C)C(=O)c1cc2cnc(Nc3ccc(C(=O)N4CC5CCC(C4)O5)cn3)nc2n1C1CCCC1
D01715,COc1cc(-c2cccc(F)c2)c(C#N)cc1-c1nccc2cc(S(=O)(=O)Nc3ncns3)ccc12
D01716,N#Cc1cc(-c2ncnc(Nc3ccc(N4CCOCC4)cc3)n2)ccc1OC1CCOCC1
D01717,CN1C(=O)CCc2ccc(N3CCCc4cc(-c5cnn(C)c5)c(C(F)F)cc43)cc21
D01718,CN1C[C@H](O)[C@@H](O)[C@H](O)[C@H]1CO
D01719,COC(=O)c1c(C(=O)N2CCN(CCO)CC2)cc2c(Cl)cccc2c1-c1cc(Br)c(OC)c(OC)c1
D01720,C[C@]1(c2cc(/C=C(\F)c3ccc(Cl)cn3)ccc2F)N=C(N)S[C@@]2(C(N)=O)C[C@H]21
D01721,CC(=O)Oc1cccc(C2=C(c3ccc(S(C)(=O)=O)cc3)COC2=O)c1
D01722,COc1ccc(C2=NNC(=O)[C@@H]3CC=CC[C@H]23)cc1OC
D01723,CCCCC/C=C\C/C=C\C/C=C\C/C=C\CCCC(=O)NCCO
D01724,Cc1ccc([C@H]2C[C@H]3CCC(C2c2ccccc2)N3C)cc1
D01725,O=C1C(=O)N(Cc2ccc(F)cc2)c2ccc(S(=O)(=O)N3CC[C@H]3COc3ccccc3)cc21
D01726,C[C@@H]1OC(=O)N[C@@H]1C(=O)N1CC[C@H](Oc2ccc(-c3ncnc(Nc4ccc(N5CCN(C6COC6)CC5)cc4)n3)cc2C#N)[C@H](F)C1
D01727,CS(=O)(=O)c1ccc(-c2sc(-c3ccccc3Cl)nc2-c2ccc(F)cc2F)cc1
D01728,N#CCC(=O)Nc1ccc(-c2ncnc(Nc3ccc(N4CCN(C5COC5)CC4)cc3)n2)cc1C#N
D01729,CCCCCCCCC1NC(CO)C(O)C(O)C1O
D01730,O=c1cc(-c2ccccc2)oc2c3c(cc(O)c12)OCC=C3
D01731,Cc1ccc(S(=O)(=O)N(C)NC(=O)C2C[C@@H](S)CN2S(=O)(=O)c2ccc3ccccc3c2)cc1
D01732,COc1cc2nc(N3CCN(C(=O)c4ccc(CNCCCCCCNCCSSCCNCCCCCCNCc5ccc(C(=O)N6CCN(c7nc(N)c8cc(OC)c(OC)cc8n7)CC6)cc5)cc4)CC3)nc(N)c2cc1OC
D01733,O=C(O)Cn1c2c(c3cc(F)ccc31)CN(C(=O)c1cccc(Cl)c1)CC2
D01734,O=C(CN1C(=O)CCc2ncccc21)Nc1scc(Br)c1-c1nnc[nH]1
D01735,C[C@H](NC(=O)[C@H]1CCCCN1CCOc1ccccc1)c1ccc(C(=O)O)cc1
D01736,CNCCCN1c2ccccc2CCc2ccccc21
D01737,N[C@@H](CC(=O)N1CCn2c(nnc2C(F)(F)F)C1Cc1ccccc1C(F)(F)F)Cc1cc(F)c(F)cc1F
D01738,Cc1cccc(O[C@H]2CCN3C[C@@H]2OC3=O)c1C
D01739,CCN1CCCCC1c1nc(COc2cc3ncnc(Nc4ccc(Cl)c(Cl)c4)c3cc2OC)cs1
D01740,CC#CCNc1ccc(S(=O)(=O)CC2(C(=O)NO)CCCN(C(=O)c3cccc(C)c3)C2)cc1
D01741,Cc1nc(CN2CCN(c3c(Cl)cnc4[nH]c(-c5cn(C)nc5C)nc34)CC2)no1
D01742,CC[C@@H]1C(=O)N(C)c2cnc(-c3c[nH]nc3-c3nccs3)nc2N1C(C)C
D01743,Cc1ccc(C(=O)N(CCCN)[C@@H](c2nc3cc(Cl)ccc3c(=O)n2Cc2ccccc2)C(C)C)cc1
D01744,O=C(NCC(=O)N1CC[C@H](N[C@H]2CC[C@@](O)(c3ccc(-c4nccs4)cn3)CC2)C1)c1cccc(C(F)(F)F)c1
D01745,Cc1cc(Nc2nn(Cc3cc(F)ccc3F)c(=O)c3ccccc23)[nH]n1
D01746,COc1ccc2c(c1)c([C@@H](C)[C@@H](C)C(=O)O)c(C)n2Cc1ccc(Br)cc1
D01747,C[C@@]1(c2cc(CNC3(C#N)CC3)c(F)cc2F)CCSC(N)=N1
D01748,C[C@]12CC[C@H]3[C@@H](CC=C4C[C@@H](O)CC[C@@]43C)[C@@H]1CC=C2c1cccnc1
D01749,O=C([C@@H]1C[C@H](n2cc(-c3ccc(F)cc3)nn2)CN1C(=O)CCCc1ccccc1)N1CCCC1
D01750,O=C(OCc1ccccc1)c1cn2c(=O)n(Cc3ccccc3)c(=O)cc2s1
D01751,Cn1c(=O)c2c(nc(SCCc3ccc(Br)cc3)n2C)n(C)c1=O
D01752,CCCCN(CCCC)C(=O)CN1C[C@H](c2ccc3c(c2)OCO3)[C@@H](C(=O)O)[C@@H]1c1ccc(C(F)(F)F)cc1
D01753,CC(C)(O)C1CCN(c2nccnc2Oc2ccc(Nc3nc4ccccc4s3)cc2)CC1
D01754,C[C@]1(O)C[C@@H](c2nc(-c3ccc4ccc(-c5ccccc5)nc4c3F)c3c(N)ncnn32)C1
D01755,COC(=O)[C@@]12SC(N)=N[C@](C)(c3cc(/C=C(\F)c4ccc(C#N)cn4)ccc3F)[C@@H]1C2(F)F
D01756,N[C@@H](CCNCc1ccc(Cl)cc1)C(=O)N1CCCC(O)C1
D01757,Cc1c(C#N)c(=O)oc2cc(OCc3ccc(Br)cc3)ccc12
D01758,O=C(NNc1nc2ccccc2nc1Cc1ccccc1)c1ccc(O)cc1
D01759,NC(=O)c1cncc(OCc2cccc(NC(=O)c3ccc(-n4cccn4)nc3)c2)c1
D01760,CCOc1ccc(-c2ccc(Cn3c(CC(C)(C)C(=O)O)c(SC(C)(C)C)c4cc(OCc5ccc(C)cn5)ccc43)cc2)cn1
D01761,N[C@@H](CC(=O)NC1CCN(C(c2ccc(F)cc2)c2ccc(F)cc2)C1)C(=O)N1Cc2ccccc2C1
D01762,CC(=O)Oc1ccccc1C1=C(c2ccc(S(C)(=O)=O)cc2)COC1=O
D01763,CP(C)(=O)c1ccc(Nc2ncnc3c2ncn3/C=C/c2cccc3[nH]ncc23)cc1
D01764,O=c1cc(CN(c2cccc(Cl)c2)c2cccnn2)c2ccc(F)c(F)c2[nH]1
D01765,N#Cc1ccccc1Cn1c(N2CCC[C@@H](N)C2)nc2[nH]c(Br)cc2c1=O
D01766,N#Cc1cccc(/C=C/C(=O)Nc2cccc(Br)c2)c1
D01767,Cc1cccc(-c2cc(COC(C)(C)C(=O)O)nn2Cc2ccccc2Cl)c1
D01768,N=C(N)c1cccc(C(=O)N[C@@H](C(=O)Nc2ccc(-c3ccccc3S(N)(=O)=O)cc2)c2ccccc2)c1
D01769,O=c1cc(-c2ccccc2)oc2cc(O)ccc12
D01770,CC(C)(C)OC(=O)N[C@@H](CCCCCS)C(=O)NC1CCCC1
D01771,CNCCN1CCSc2cc(N=C(N)c3cccs3)ccc21
D01772,[2H]C([2H])([2H])Oc1cc(C(O)CN2CCN(C[C@H](O)c3ccc4c(c3C)COC4=O)CC2)ncc1C#N
D01773,CN(C)C(=O)n1nnc(Cc2ccc(-c3ccc(CO)cc3)cc2)n1
D01774,N#Cc1cncc(Oc2cc(C(=O)Nc3ccc(F)cn3)c3ncnn3c2)c1
D01775,CCCS(=O)(=O)c1ccc2nc(-c3cccc(-c4ccccc4)c3)[nH]c2c1
D01776,CN(C)C(=O)[C@@H](c1ccc(-c2ccc3nncn3c2)cc1)[C@H]([NH3+])C(=O)N1CC[C@H](F)C1
D01777,C[C@@H](CN1CCC(n2c(=O)[nH]c3cc(Br)ccc32)CC1)NC(=O)[C@@H]1C[C@H]1c1ccccc1
D01778,Cc1cc(C(F)F)cnc1C(=O)Nc1cc(F)c(F)c([C@]2(C)C[C@@H](C(F)(F)F)OC(N)=N2)c1
D01779,C[C@H]1CN(S(=O)(=O)C[C@]23CC[C@H](C[C@@H]2O)C3(C)C)CCN1c1ncc(C(F)(F)F)cc1F
D01780,COc1ncccc1-c1nn(C)c2c1C(=O)N(c1cc(C)c3nnc(C)n3c1)C2c1ccc(Cl)cc1
D01781,COC(=O)N[C@H](C(=O)NCCCCC(CO)N(CC(C)C)S(=O)(=O)c1ccc(N)cc1)C(c1ccccc1)c1ccccc1
D01782,CC(C)NC(=O)c1cn(-c2cccc(Br)c2)c2ncccc2c1=O
D01783,O=C(NC[C@@H]1OC(=O)N2c3ccc(N4CCOCC4=O)cc3SC[C@@H]12)c1ccc(Cl)s1
D01784,CN[C@@H](C)C(=O)Nc1ccc(-c2c(-c3cnn(C)c3)nc3cc(C)ccn23)c(C#Cc2ccc3c(C)nccc3c2)n1
D01785,CN[C@@H]1Cc2ccccc2[C@H](c2ccc(Cl)c(Cl)c2)C1
D01786,CC(=O)N1CCC(c2nc3ccccc3nc2OC2CN(c3ccc4ccccc4n3)C2)CC1
D01787,Cc1cc(C(=O)NCc2ccc(CN)cc2)c(C)n1Cc1csc(-c2ccccc2)n1
D01788,FC(F)(F)c1ccccc1-c1ccc2nc(C=CC3CCCCC3)[nH]c2c1
D01789,CS(=O)(=O)c1ccc(C(=O)Nc2cccc(CNc3ncnc4c(C(N)=O)cccc34)c2)cc1
D01790,COc1cc2nccc(Oc3ccc4c(C(=O)NC5CC5)cccc4c3)c2cc1OC
D01791,CNc1ncc(C(=O)Nc2cc(C(=O)Nc3cccc(C(F)(F)F)c3C)ccc2C)c(OC)n1
D01792,CC[C@@H](O)C[C@H]1CCC[C@@]2(C[C@@H]3OC(=O)/C=C/[C@@](C)(O)[C@@H](O)[C@H](C)[C@@H](O)[C@H](OC4CCC(N(C)C)C(C)O4)[C@@H](O)[C@](C)(O)CCCCC/C=C\[C@@H]4CC(C)(C)O[C@@]4(O)C[C@H](O2)[C@H]3C)O1
D01793,CC(Nc1ncc(F)c(N2C(=O)OC[C@@H]2[C@@H](C)O)n1)c1nc(-c2ccc(Br)cc2)cs1
D01794,COc1ccc(-n2c(C)nnc2SCc2nc(-c3ccc(OC)c(OC)c3)no2)cc1
D01795,COc1cc(/C=C/c2cc(/C=C/c3cc(CC=C(C)C)c(O)c(OC)c3)[nH]n2)cc(CC=C(C)C)c1O
D01796,O=c1cc(-c2ccc3nc(NCC4CCS(=O)(=O)CC4)sc3c2)ccn1CC1CC1
D01797,CCCNC(=O)[C@H]1O[C@@H]1C(=O)N[C@H](C(=O)N1CCC[C@H]1C(=O)OC)[C@@H](C)CC
D01798,CSc1ccc(OC(C)(C)C2OCC(C/C=C\CCC(=O)O)C(c3cccnc3)O2)cc1
D01799,COc1cc2c(c(OC)c1OC)-c1ccc(OC)c(=O)cc1[C@@H](NC(C)=O)CC2
D01800,CC(C)c1cc(C#N)cc2nc(-c3ccc(C(=O)NC[C@H]4CC[C@H](c5cc(C(F)(F)F)cc(C(F)(F)F)c5)CC4)cc3)oc12
D01801,CC(=O)c1ccc(OCc2cccc(F)c2)cc1O
D01802,Cc1c[nH]c2ncnc(-c3ccc(NC(=O)N(CCO)c4cccc(Cl)c4)cc3)c12
D01803,COc1ccc(-c2ccc3c(N4CCOC[C@@H]4C)nc(N4CCN(C)CC4)nc3n2)cc1CO
D01804,Cc1nc(N2CCC[C@@H](N)C2)n(Cc2ccccc2C#N)c(=O)c1C
D01805,COc1cc(N2C(=O)N(c3ccc(-c4ccc(C(=O)O)s4)cc3)C(=O)C23CCN(Cc2ncccc2C)CC3)ncn1
D01806,Cc1ccc(-n2c(-c3ncccc3Cl)nc(CN[C@H]3CC[C@@H](F)C3)c2C(C)C)cn1
D01807,COc1ccc(-c2cc3nn(C)cc3c(O[C@H](C)[C@H]3CNC(=O)C3)n2)cc1OC
D01808,O=C(C=C1CCN(C(=O)c2ccccc2O)CC1)N[C@@H]1CCN(Cc2ccc3cc(F)ccc3c2)C1
D01809,CS(=O)(=O)NCCC(NC(=O)C1(N)CCN(c2ncnc3[nH]ccc23)CC1)c1ccc(Cl)cc1
D01810,O=C(N[C@@H]1C2CC(C3CCCC32)[C@H]1OC(=O)c1cc(O)c(C(=O)c2c(O)cccc2C(=O)O)c(O)c1)c1ccc(O)cc1
D01811,CC(C)[C@@H](N)C(=O)N1CCC[C@H]1B(O)O
D01812,CC(C)(Oc1ccc(Cl)cc1)C(=O)N[C@H]1C2C[C@@H]3C[C@H]1C[C@@](c1ccno1)(C2)C3
D01813,Cc1n[nH]c2ccc(-c3cc(OC[C@@H](N)Cc4c[nH]c5ccccc45)cnc3-c3ccoc3)cc12
D01814,C[C@@H]1Cc2ccccc2N1C(=O)Cc1nc(N2CCOCC2)cc(=O)[nH]1
D01815,NCCCCCC(CCN)SC[C@H]1O[C@@H](n2cnc3c(N)ncnc32)[C@H](O)[C@@H]1O
D01816,Cc1nc(Nc2cc(-c3cccc(NS(=O)(=O)c4ccccc4)c3)n[nH]2)cc(N2CCC(O)CC2)n1
D01817,COc1cc2ncnc(NCc3ccccc3)c2cc1OC
D01818,COC[C@@H]1CCCN1S(=O)(=O)c1ccc2c(c1)C(=O)C(=O)N2CCCCCCCCCC1CO1
D01819,C[C@@H](O)CC(=O)N1CCC(c2nc(-c3cnc(N)c(-c4nnc(C(C)(C)C)o4)n3)n(C)n2)CC1
D01820,COC[C@@H]1CCCN1C(=O)[C@]12C[C@H]1[C@@](C)(c1cc(/C=C(\F)c3ccc(Cl)cn3)ccc1F)N=C(N)S2
D01821,C[C@]12CC[C@H]3[C@@H](CCC4=CC(=O)CC[C@@]43C)[C@@H]1CC[C@@H]2O
D01822,O=C(N[C@H]1C[C@@H]1c1ccccc1)N1CCC2(CC1)CC(O)c1ncccc1O2
D01823,CCCCCCNC(=O)Oc1ccc(-c2ccc(C(C)C(=O)O)cc2F)cc1
D01824,COc1cc2ncnc(N3CCN(C(=O)Nc4ccc(C(C)C)cc4)CC3)c2cc1OC
D01825,Cn1cc(-c2ccncc2)c(-c2ccc(OCc3cc(OCCOCCOCCF)c4ccccc4n3)cc2)n1
D01826,CCCc1nc2c(C)ccnc2n1Cc1ccc2c(c1)SC(c1ccccc1)(c1nnn[nH]1)S2
D01827,C[C@@H]1CN(c2ccc3c(n2)NC(=O)CO3)[C@H](c2ccccc2)CO1
D01828,CCOC(=O)c1c(O)csc1Nc1ccc2ccccc2c1
D01829,CCCN(CCCON1C(=O)CC2(CCCC2)CC1=O)C1COc2cccc(OC)c2C1
D01830,C[C@]1(c2cc(/C=C(\F)c3ccc(C#N)cn3)ccc2F)N=C(N)S[C@@]2(C(=O)N3CCN(c4ccccc4)CC3)C[C@H]21
D01831,CC[C@H](C)[C@H](NC(=O)OCc1ccccc1)C(=O)N[C@@H](CCC(=O)OC(C)(C)C)C(=O)N[C@@H](C)C(=O)N[C@H](C=CS(C)(=O)=O)CC(C)C
D01832,C=CCN1CCN(C(c2ccccc2)c2ccc(C(=O)N(CC)CC)cc2)CC1
D01833,[NH3+][C@H]1CN(c2cnc3nccnc3n2)CC[C@@H]1c1cc(F)c(F)cc1F
D01834,COc1c(C(F)(F)F)nn(-c2ccc(S(N)(=O)=O)cc2)c1-c1ccccc1
D01835,CCCN(CCc1ccccc1)C(=O)[C@@H]1OC(C(=O)O)=C[C@H](O)[C@H]1NC(C)=O
D01836,Cc1ccc(CC(=O)c2sccc2S(=O)(=O)Nc2onc(C)c2C)c(C)c1
D01837,CCN(C(C)=O)c1ccc(OC)c2nc(NC(=O)c3ccnn3C)sc12
D01838,Cn1cc(/C=C2\Oc3cccc(O)c3C2=O)c2c(-c3ccc(C(=O)NCCO)cc3)ccnc21
D01839,N#CC1(COc2nc(C3CC3)c(C(=O)N[C@H]3C4CC5CC3C[C@](O)(C5)C4)s2)CC1
D01840,CC[C@H](Cc1ccc(C(F)(F)F)cc1)C(=O)NC[C@@]1(C2CC2)NC(=O)NC1=O
D01841,C[N+](C)(C)CCCCBr
D01842,C[C@@H](c1ccc(-c2ccc(=O)n(C)c2)cc1)N1CC[C@](CC(C)(C)O)(c2ccccc2F)OC1=O
D01843,CCCCc1nn(-c2cccc(Cl)c2)c(C(=O)OCC)c1Cc1ccc(-c2ccccc2-c2nnn[nH]2)cc1
D01844,Cc1ccnc2c1NC(=O)c1cccnc1N2C1CC1
D01845,C/N=C(/NC)N(C)Cc1ccc(C(=O)Nc2ccc(Cl)cc2C(=O)Nc2ccc(Cl)cn2)cc1
D01846,O=C([O-])[C@H]1/C(=C/CO)O[C@@H]2CC(=O)N21
D01847,C[C@@H](O[C@H]1CN2C(=O)[C@H]3C[C@H](N)C[C@H]3[C@H]2[C@@H]1c1ccc(F)cc1)c1cc(C(F)(F)F)cc(C(F)(F)F)c1
D01848,CCN(CCN(C)C)C(=O)CNCc1cc(C(=O)O)ccn1
D01849,Cc1ccccc1[C@@H]1[C@@H](O[C@H](CO)c2cc(C(F)(F)F)cc(C(F)(F)F)c2)CC[C@@H]2CN(c3nc(O)co3)C[C@H]21
D01850,CC(C)(CC(=O)Nc1ccccn1)NCC(=O)N1C[C@@H](F)C[C@H]1C#N
D01851,COc1ccc(CCN2C(=O)N(NS(C)(=O)=O)C[C@H]2c2ccc(OC)cc2)cc1
D01852,CNC(=O)c1nc(-c2nc(-c3cnc4ccccn34)c(C)nc2N)n(C)n1
D01853,Cc1cc(C#N)cnc1C(=O)Nc1ccc(Cl)c([C@@]2(CF)N=C(N)O[C@@H]3C[C@@H]32)c1
D01854,O=C(NCC1NCCc2ccccc21)c1ccc(F)cc1
D01855,NS(=O)(=O)c1cncc(-c2nc(NCc3ccccn3)c3c(-c4ccccc4)cccc3n2)c1
D01856,COCc1cc(-c2[nH]c3ccc(C4CCN(CC(=O)N5C[C@H](C(F)(F)F)C[C@@H]5CO)CC4)cc3c2C(C)C)cn2ncnc12
D01857,[NH3+][C@H](C(=O)N1CC[C@H](F)C1)[C@@H](C(=O)NC1CC1)c1ccc(-c2ccc(F)cc2)cc1
D01858,CCCCCN(C)C(=O)N1CCN(C(=O)N(c2ccccc2)c2ccccc2)[C@H](C(=O)O)C1
D01859,OC[C@H]1NC[C@H](O)[C@@H](O)[C@H]1O
D01860,N=C(N)c1ccc(CNC(=O)Cn2c(-c3cccc(N)c3)c(Cl)nc(NC3CCC3)c2=O)cc1F
D01861,CN1[C@H]2C[C@H](OC(=O)[C@H](CO)c3ccccc3)C[C@@H]1[C@@H]1O[C@H]12
D01862,CC1Cc2ccccc2CN1S(=O)(=O)c1cccc(C(=O)O)c1
D01863,CCCn1c(CN2C(=O)COc3c(C)cc(C)cc32)nnc1C1Cc2ccccc2C1
D01864,O=c1c2ccccc2[se]n1-c1ccccc1
D01865,O=c1oc2ccccc2cc1O
D01866,CC(C)CN(C[C@@H](O)[C@H](Cc1ccccc1)NC(=O)O[C@H]1CO[C@H]2OCC[C@@H]12)S(=O)(=O)c1ccc(N)cc1
D01867,COc1cnc(C(=O)Nc2ccc(F)c([C@]3(C)CS(=O)(=O)CC(N)=N3)c2)cn1
D01868,Cc1c(C(=O)NC2(c3noc(C(F)(F)F)n3)CC2)nn(-c2ccc(Cl)cc2Cl)c1-c1ccc(Cl)cc1
D01869,NC1CCC(N[C@H]2C[C@@H]2c2ccc(OCc3cccnc3)cc2)CC1
D01870,COc1ccc2c(OCc3nnc4ccc(-c5ccccc5)nn34)ccnc2c1
D01871,C/C=C/C[C@@H](C)[C@@H](O)[C@H]1C(=O)N[C@@H](CC)C(=O)N(C)[C@@H](SCCN(C)C)C(=O)N(C)[C@@H](CC(C)(C)O)C(=O)N[C@@H](C(C)C)C(=O)N(C)[C@@H](CC(C)C)C(=O)N[C@@H](C)C(=O)N[C@H](C)C(=O)N(C)[C@@H](CC(C)C)C(=O)N(C)[C@@H](CC(C)C)C(=O)N(C)[C@@H](C(C)C)C(=O)N1C
D01872,Cc1c(Nc2c(C#N)cncc2-c2cc3cc(CN4CCN(C)CC4)ccc3o2)ccc2[nH]ccc12
D01873,CC[C@@H](C)Oc1cc2c(cc1OC)CC(=O)N(c1ccc(N(C)C[C@H]3CC[C@H](N(C)C)CC3)cc1)[C@H]2c1ccc(Cl)cc1
D01874,CCCCNNC(=O)c1ccc(CNC(=O)[C@H](Cc2c[nH]c3ccccc23)NC(=O)c2ccc(OC)cc2)cc1
D01875,Cc1c(-c2[nH]c3ccc(C4CCN(C(=O)CN5CCNC(=O)C5)CC4)cc3c2C(C)C)cn2ncnc2c1C
D01876,C[C@@H]1CC(=O)Nc2cccc(-c3ccc4c(c3)c(C(N)=O)nn4C)c2N1
D01877,CCCCCCc1ccc(Oc2ccc(NC(=O)c3cc(COc4ccc(C(=O)C(=O)O)cc4)ccc3COc3ccc(C(=O)C(=O)O)cc3)cc2)cc1
D01878,Cc1c(OC2CCN(Cc3ccccc3)CC2)cc(F)c(S(=O)(=O)Nc2cscn2)c1F
D01879,Fc1cncc(-c2nc3ccc(F)cn3c2C2CC2)c1
D01880,CN(CCN(C)C(=N)N)Cc1ccc(C(=O)Nc2ccc(Cl)cc2C(=O)Nc2ccc(Cl)cn2)cc1
D01881,O=c1c2c([N+](=O)[O-])cc([N+](=O)[O-])cc2sn1-c1cccc(F)c1
D01882,Cc1cccnc1NC(P(=O)(O)O)P(=O)(O)O
D01883,Cc1cc(COc2ccc(S(=O)(=O)C3(C(=O)NO)CCNCC3)cc2)c2ccccc2n1
D01884,C[C@@H]1c2nnc(-c3csc(-c4ccccc4)n3)n2CCN1C(=O)c1ccc(F)cc1
D01885,CCCCN1C[C@H](O)[C@@H](O)[C@H](O)[C@H]1CO
D01886,Cc1cccc(NC(=O)Nc2ccc(-c3ccnc4[nH]nc(C)c34)cc2)c1
D01887,CC(C)(C)c1cc(NC(=O)n2ccc3ncc(Oc4ncnc5c4CNC5)cc32)no1
D01888,Cc1ccc(NC(=O)c2cccc(C(F)(F)F)c2)c(C)c1C(=O)Nc1cnc(Nc2ccc(N3CCN(C)CC3)cc2)nc1
D01889,CCCS(=O)(=O)N1CCC(CCOC)(CNC(=O)c2ccc(Cl)cc2Cl)CC1
D01890,NS(=O)(=O)c1ccc(-n2nc(C(F)(F)F)cc2-c2ccc(Cl)c(Cl)c2)cc1
D01891,O=c1sn(-c2cccc(Cl)c2)c(=O)n1Cc1ccc(F)cc1
D01892,COc1cc(Cc2cnc(N)nc2N)cc(OC)c1N
D01893,CNC(=O)[C@]12C[C@H]1[C@@](C)(c1cc(/C=C(\F)c3ccc(C#CC4CC4)cn3)ccc1F)N=C(N)S2
D01894,COC(=O)N1Cc2cc(Cl)ccc2-n2c(nnc2C2CCN(c3ccccn3)CC2)C1
D01895,CN(C)C(=O)[C@]12C[C@H]1[C@@](C)(c1cc(/C=C(\F)c3ccc(C#N)cc3F)ccc1F)N=C(N)S2
D01896,CC(C)[C@@H](NS(=O)(=O)c1ccc2sc3ccccc3c2c1)C(=O)O
D01897,CN(C)C(=O)c1cc2cnc(Nc3ccc(N4CC5(CCNCC5)OC4=O)cn3)nc2n1C1CCCC1
D01898,O=C(O)c1ccc(NC(=O)[C@H](C2CCCCC2)n2c(-c3ccc(Cl)cc3)nc3ccccc32)c(C(F)(F)F)c1
D01899,CC(Cc1ccn(-c2ccc(O)cn2)n1)C(=O)NC1=C(C(=O)O)CC(c2cc(F)cc(F)c2)CC1
D01900,COc1cnc(CCc2ccc(F)cc2)cc1-c1cc2c([nH]1)CCNC2=O
D01901,Cc1cc(C)c(/C=C2\C(=O)Nc3ccccc32)[nH]1
D01902,COCCN1CCC(C)c2cc(Cc3cnc(N)nc3N)cc(OC)c21
D01903,CC#CCn1c(N2CCCNCC2)c(C#N)c2c1c(=O)n(Cc1ncc3ccccc3c1C#N)c(=O)n2C
D01904,CCOC[C@@H](CC(C)C)NC(=O)[C@@H]1CNC[C@H](C(=O)N(c2cc(OCCCOC)c(C(C)C)cn2)C2CC2)C1.Cl
D01905,O=C(Nc1cccc(C(=O)Nc2cc(C(=O)Nc3ccc(S(=O)(=O)[O-])c4cc(S(=O)(=O)[O-])cc(S(=O)(=O)[O-])c34)ccc2F)c1)Nc1cccc(C(=O)Nc2cc(C(=O)Nc3ccc(S(=O)(=O)[O-])c4cc(S(=O)(=O)[O-])cc(S(=O)(=O)[O-])c34)ccc2F)c1
D01906,Cc1cccc(-n2nc(Nc3cc(C)n[nH]3)c3ccccc3c2=O)c1
D01907,C[C@]1(O)CCN(C(=O)[C@]23C[C@H]2[C@@](C)(c2cc(/C=C(\F)c4ccc(C#N)cn4)ccc2F)N=C(N)S3)C1
D01908,Cn1nccc1-c1ccc2c(c1)C(=O)CC1(CCN(C(=O)N[C@H]3C[C@@H]3c3ccccc3)CC1)O2
D01909,C[C@@H]1c2nc(C(F)(F)F)nn2CCN1C(=O)C[C@H](N)Cc1cc(F)c(F)cc1F
D01910,CCCCOc1ccc(-c2c[nH]cn2)cc1
D01911,CN[C@H](C(=O)N1CCC[C@H]1C(=O)N[C@@H](CCCNC(=N)N)C(=O)O)c1ccccc1
D01912,COc1cccc2nc(CCCN(C)CC[C@]3(OC(=O)C(C)C)C[C@H]4CCC[C@@H]3c3ccccc34)[nH]c12
D01913,O=C(O)c1cccc(Nc2ccc([N+](=O)[O-])cc2)c1
D01914,Cn1cc(C2=C(c3c4n(c5ccccc35)CCC(CCN)C4)C(=O)NC2=O)c2ccccc21
D01915,OC[C@H]1[C@@H](O)[C@H](O)[C@@H](O)CN1CCCCCOCc1ccc2ccc3cccc4ccc1c2c34
D01916,CC1(C)CN2C(CS/C(=N\C3CCCCC3)NC3CCCCC3)=CSC2=N1
D01917,COC(=O)N(NC(=O)c1c(CN2CCN(C(C)(C)C)CC2)c(-c2ccccc2)nc2c(F)cccc12)c1ccccc1
D01918,COc1ccc([C@@H](Oc2ccc3c(cnn3-c3ccc(F)cc3)c2)[C@H](C)NC(=O)C2CC2)cn1
D01919,COc1cnc(C(=O)Nc2cc(F)c(F)c([C@]3(C)C[C@@H](c4c(C)noc4C)SC(N)=N3)c2)cn1
D01920,C#CCN(Cc1ccc2nc(C)[nH]c(=O)c2c1)c1ccc(C(=O)NC(CCC(=O)O)C(=O)O)cc1
D01921,Cc1coc([C@H]2C[C@H]3[C@@H](CF)SC(N)=N[C@@]3(c3ccc(F)cc3F)CO2)n1
D01922,C[C@]1(c2cc(/C=C(\F)c3ccc(Cl)cn3)ccc2F)N=C(N)S[C@@]2(C(=O)N3CCCC3)C[C@H]21
D01923,CS(=O)c1ccc(-c2nc(-c3ccncc3)c(-c3ccc(F)cc3)[nH]2)cc1
D01924,COc1ccc(Nc2ncc3c(n2)CCN(C(=O)c2cccnc2)C3)cc1
D01925,CC(C)c1c2c(nn1CCO)C(=O)N(c1cccc(Cl)c1F)C2c1ccc(Cl)cc1Cl
D01926,Nc1noc2c(N3CC[C@@H](NC(=O)c4ccc(-n5cnnc5)cc4Cl)C3)cc(Cl)c(Cl)c12
D01927,C[C@H](O)C(=O)N1CC[C@H](Oc2ccc(-c3ncnc(Nc4ccc(N5CCN(C6COC6)CC5)cc4)n3)cc2C#N)[C@H](F)C1
D01928,O=C1NC(Nc2ccccc2)=NC1=Cc1ccc2c(c1)OCO2
D01929,Cc1cc2ncnn2cc1-c1[nH]c2ccc(C3CCN(CC(=O)NC(C)C)CC3)cc2c1C(C)C
D01930,O=P([O-])([O-])C(CCCc1cccc(Nc2ccccc2)c1)S(=O)(=O)[O-]
D01931,Cc1cc(N(C)C)nc2c(C)cc(Cc3cnc(N)nc3N)cc12
D01932,O=C(c1ccc(C(F)(F)F)cc1)N1CCC2(CCc3ccccc3O2)CC1
D01933,N=C(N)NCC[C@H](N)C(=O)N1CCCCC1
D01934,COc1cc2c(N3CCN(C(=O)Nc4ccc(OC(C)C)cc4)CC3)ncnc2cc1OCCCN1CCCCC1
D01935,O=C(Nc1ccc(Cl)cc1C(=O)Nc1ccc(Cl)cn1)c1ccc(CN2CCCC2)cc1
D01936,O=C(/C=C/c1cccnc1)c1cccc(Br)c1
D01937,O=C(NNc1nc2ccccc2nc1Cc1ccccc1)c1ccc(Br)cc1
D01938,NC(=O)Nc1sc(-c2ccc(O)cc2)cc1C(=O)N[C@H]1CCCNC1
D01939,COCCCOc1cc(C(=O)N(C[C@@H]2CNC[C@H]2OC(=O)NCc2ccccc2)C(C)C)ccc1OC
D01940,COC(=O)c1ccnc(-c2cnc(C(=O)CCCCCCc3ccccc3)o2)c1
D01941,Cc1ccc(-c2cc(C3C(c4ccc(C)cc4)CC4CCC3N4C)on2)cc1
D01942,Cc1cnn(Cc2ccc(Cn3cc(C(=O)NCc4ccc(CN)c(F)c4C)c(C(F)(F)F)n3)cc2)c1
D01943,O=C(CN1CCN(CCO)CC1)Nc1ccc(-c2cccc3c(=O)cc(N4CCOCC4)oc23)c2sc3ccccc3c12
D01944,c1ccc2c(-c3cnn4cc(-c5ncc(N6CCNCC6)s5)cnc34)ccnc2c1
D01945,C#CCN(C)Cc1cc2cc(OCC3CCN(Cc4ccccc4)CC3)ccc2n1C
D01946,Cc1cc(Nc2cc(N[C@@H]3CCCC[C@@H]3N)cnc2C(N)=O)nc(-n2nccn2)n1
D01947,CC(C)C[C@H](NC(=O)[C@@H](N)CCC(=O)O)C(=O)N[C@@H](CCC(=O)O)C(=O)N[C@H](C(=O)N[C@@H](CCC(=O)O)C(=O)N[C@@H](CS)C(=O)N[C@@H](C)C(=O)N[C@H](C(=O)N[C@@H](CCC(N)=O)C(=O)N[C@@H](CC(C)C)C(=O)N[C@@H](CCCN=C(N)N)C(=O)N[C@@H](CCCN=C(N)N)C(=O)N[C@@H](Cc1ccccc1)C(=O)NCC(=O)N[C@@H](CC(=O)O)C(=O)N[C@@H](CCCCN)C(=O)N[C@@H](CC(C)C)C(=O)N[C@@H](CC(N)=O)C(=O)N[C@@H](Cc1ccccc1)C(=O)N[C@@H](CCCN=C(N)N)C(=O)N[C@@H](CCC(N)=O)C(=O)N[C@@H](CCCCN)C(=O)O)[C@@H](C)O)C(C)C
D01948,N#Cc1cc(-c2ncnc(Nc3ccc(N4CCN(C5COC5)CC4)cc3)n2)ccc1O[C@H]1CCN(C(=O)[C@@H]2CSC(=O)N2)CC1(F)F
D01949,Cc1nsc(-c2nnc3n2CCN(C(=O)c2ccc(F)cc2)[C@@H]3C)n1
D01950,N[C@@H](CCNCc1ccccc1Cl)C(=O)N1CCCCC1
D01951,N#Cc1cc(-c2ncnc(Nc3ccc(N4CCN(C5COC5)CC4)c(F)c3)n2)ccc1OC1CCOCC1
D01952,COc1cc2ncnc(Nc3cccc(O)c3)c2cc1OC
D01953,Nc1ncnc(Nc2ccc(OCc3ccccc3)c(Cl)c2)c1-c1nnc(CCN2CCOCC2)o1
D01954,NC1=N[C@](c2ccc(OC(F)(F)F)cc2)(c2cccc(-c3cccnc3F)c2)C2=NCCCN12
D01955,N=C(N)NCCC[C@@H](NC(=O)CN1CCCC(CCC2CCNCC2)C1=O)C(=O)c1nccs1
D01956,CCN1C(=S)N2CCCC2c2c1nc(-c1cccc(O)c1)c(C#N)c2N1CCOCC1
D01957,Cc1ccc(S(=O)(=O)N2CCNC(=O)[C@H]2CC(=O)N[C@@H]2CCCc3cc(CN4CCCCC4)ccc32)cc1
D01958,C[C@@H]1C[C@@H]2O[C@@H]2C=CC=CC(=O)Cc2c(Cl)c(O)cc(O)c2C(=O)O1
D01959,Cc1nc(Oc2ccc(C(N)=O)cc2)ccc1CN1CCC(N2C(=O)N(C3CCOCC3)C[C@H]2c2ccccc2)CC1
D01960,COc1cc(-c2cccc(C(F)(F)F)c2)c(C#N)cc1-c1nccc2cc(S(=O)(=O)Nc3nncs3)ccc12
D01961,CCOC(=O)Cn1c2ccc([N+](=O)[O-])cc2c2ncnc(N3CCN(CCc4ccc(F)c(F)c4)CC3)c21
D01962,CN[C@@H](C)C(=O)N[C@H]1CN(C(=O)c2cccc(C(=O)N3C[C@H](NC(=O)[C@H](C)NC)C(=O)N(Cc4c(OC)ccc5cc(Br)ccc45)c4ccccc43)n2)c2ccccc2N(Cc2c(OC)ccc3cc(Br)ccc23)C1=O
D01963,O=c1[nH]c(-c2ccc(Oc3ccc(Cl)cc3Cl)cc2)nc2ccccc12
D01964,N=C(N)c1cccc(Oc2ccccc2NC(=O)c2ccc(-c3ccccc3S(N)(=O)=O)cc2)c1
D01965,Cc1cccc(-n2c(=O)c3cnc(Nc4ccc(N5CCN(C)CC5)cc4)nc3n3c4ccccc4nc23)c1
D01966,CC(=O)NCCNC(=O)c1cnccc1Nc1cc(-c2cc(Cl)ccc2F)ncc1C(C)C
D01967,CC(C)(C)n1ncc2c1C(=O)CC1(CCN(C(=O)c3ccc4[nH]ncc4c3)CC1)C2
D01968,CS(=O)(=O)c1ccc(-c2sc(C(F)(F)F)nc2-c2ccc(F)cc2)cc1
D01969,Cc1cc(N2C(=O)c3c(C4CC4)nn(C)c3C2c2ccc(Cl)cc2)cn2c(CF)nnc12
D01970,Cc1cc2c(cc1CN(C)C)CCN(C(=O)c1cc3cc(Cl)ccc3n1C)C2
D01971,N[C@@H](Cc1ccccc1)C(=O)N1CCN(c2nc(N3CCOCC3)nc(-n3c(C(F)F)nc4ccccc43)n2)CC1
D01972,COC(=O)[C@H]1[C@@H](OC(=O)c2ccccc2)C[C@@H]2CC[C@H]1N2C
D01973,CCOc1ccc(Nc2ncnc(-c3ccc(O[C@H]4CCN(C(=O)[C@H](C)O)C[C@H]4F)c(C#N)c3)n2)cn1
D01974,COc1cc(C(=O)N2CCOC[C@H]2Cc2cccc(-n3nccn3)c2)c(-n2nccn2)cc1F
D01975,CC(C)c1nc(-c2nnc3n2CCN(C(=O)c2ccc(-c4cccs4)cc2)[C@@H]3C)cs1
D01976,COc1ccc(/C(F)=C/c2ccc(F)c([C@@]3(C)N=C(N)S[C@@]4(C(=O)N5CCCC5)C[C@H]43)c2)nc1
D01977,CO[C@H](C)C(=O)N[C@@H](Cc1ccc2c(c1)OCO2)[C@H](O)CN[C@H]1CC2(CCC2)Oc2ncc(CC(C)(C)C)cc21
D01978,Cc1cccc(CN2CC[C@H](N(C)c3cc(F)c(S(=O)(=O)Nc4cscn4)c(F)c3Cl)C2)n1
D01979,COc1cc([C@H](O)CN2CCN(C[C@H](O)c3ccc4c(c3C)COC4=O)CC2)ncc1C#N
D01980,COc1cccc2c1OC(c1ccc(OC3CCN(C4CCC4)CC3)cc1)C(C)S2(=O)=O
D01981,Fc1ccc(CCN2CCC(Nc3ncnc4[nH]ncc34)C(F)(F)C2)cc1
D01982,CN(C)C(=O)[C@]12C[C@H]1[C@@](C)(c1cc(/C=C(\F)c3cnc(C#CC4CC4)cn3)ccc1F)N=C(N)S2
D01983,COc1c(Br)ccc2oc(C(=O)Nc3ccc(-c4ccc(S(=O)(=O)N[C@H](C(=O)O)C(C)C)cc4)cc3)c(C)c12
D01984,C[C@]1(c2cc(/C=C(\F)c3cnc(C#N)cn3)ccc2F)N=C(N)S[C@@]2(C(=O)N3CCCCC3)C[C@H]21
D01985,COC[C@@H]1CCCN1S(=O)(=O)c1ccc2c(c1)C(=O)C(=O)N2C[C@H](O)CF
D01986,COc1cc(Cc2cnc(N)nc2N)cc2c(N(C)C)cc(C)nc12
D01987,CN1CCC(n2cc(C3=C(c4cn(C)c5ccccc45)C(=O)NC3=O)c3ccccc32)CC1
D01988,N[C@H]1CC[C@H](Nc2cc(Nc3ccc(F)c(Cl)c3)n3nccc3n2)CC1
D01989,CC(c1nc(-c2ccc(S(C)(=O)=O)cc2Cl)no1)[C@H](N)C(F)=C1CCCC1
D01990,CC[C@H]1C[C@H]2CSC(N)=N[C@@]2(c2ccc(F)cc2F)CO1
D01991,CN(C)C(=O)Oc1cccc2c1CCC2N
D01992,COc1nccc(-c2c(-c3ccc(F)cc3)ncn2[C@H]2CC[C@H](O)CC2)n1
D01993,Cc1cn(C)c2c1C(=O)N(c1cc(C)c3nnc(C)n3c1)C2c1ccc(Cl)cc1
D01994,O=C1/C(=C/c2ccccn2)CNC/C1=C\c1ccccn1
D01995,COCc1cc(-c2[nH]c3ccc(C4CCN(CC(=O)N5CCC(F)(F)C5)CC4)cc3c2C(C)C)cn2ncnc12
D01996,Nc1c(C(=O)NCC(O)(CN(CCO)C(=O)c2c(F)cccc2F)C(F)(F)F)cnn1-c1ccc(F)cc1
D01997,COc1ccc(C(=O)N[C@@H](Cc2c[nH]c3ccccc23)C(=O)NCc2ccc(C(=O)Nc3ccccc3N)cc2)cc1
D01998,CC1(C)[C@H](C(=O)O)N2C(=O)C[C@H]2S1(=O)=O
D01999,C[C@@H](c1ccc(-c2ccc(F)cc2)cc1)N1CC[C@](CCCO)(c2ccccc2)OC1=O
D02000,COc1cc(N2C(=O)N(c3ccc(-c4ccc(C(=O)O)cc4C)nc3)C(=O)C23CCN(Cc2ncccc2C)CC3)ncn1
D02001,CS(=O)(=O)c1ccc(-c2sc3ncnn3c2-c2cccc(F)c2)cc1
D02002,CCc1ccc(/C=C2\SC(=S)N(CCCC(=O)Nc3ccc(C(=O)O)cc3)C2=O)cc1
D02003,O=C1Nc2ccccc2/C1=C/c1cc2c([nH]1)CCC(Br)C2
D02004,CN[C@@H](C)C(=O)N[C@H]1CN(C(C)=O)c2cc(C(F)(F)F)ccc2N(Cc2nn(-c3ccccc3C#N)c3ccccc23)C1=O
D02005,Cc1nn(C)cc1Nc1nccc(-c2c[nH]c3c(NC(=O)[C@@H](C)N4CCN(C)CC4)cccc23)n1
D02006,CC(C)c1c(C(=O)Nc2ccccc2)c(-c2ccccc2)c(-c2ccc(F)cc2)n1CC[C@@H](O)C[C@@H](O)CC(=O)O
D02007,Cc1ccccc1NC(=O)Oc1ccc2c(c1)C1(C)COC(C1)O2
D02008,N#C[C@H](Cc1ccc2c(c1)c(=O)[nH]c1cc(C(F)(F)F)ccc12)NC(=O)[C@H]1N[C@@H]2CC[C@H]1C2
D02009,NS(=O)(=O)c1ccc(-n2nc(-c3ccc(Cl)s3)cc2-c2ccc(Cl)cc2)cc1
D02010,CCc1cc(Oc2cc(F)cc([C@@H](C)NC(=O)c3c(C)c4cc(Cl)ccc4n3C)c2)ccc1CCC(=O)O
D02011,CCc1ccc(Cc2cc([C@]3(O)C[C@H](CO)[C@@H](O)[C@H](O)[C@H]3O)c(OC)cc2OC)cc1
D02012,COC(=O)CCCCCCCc1ccc(N2C(=S)N(c3ccc(C#N)c(C(F)(F)F)c3)C(=O)C2(C)C)cc1F
D02013,C[C@@H]1CCN(C(=O)CC#N)C[C@@H]1N(C)c1ncnc2[nH]ccc12
D02014,CC1(C)CN(C(=O)C[C@H](N)Cc2cc(F)c(F)cc2F)Cc2nnc(C(F)(F)F)n21
D02015,O=C(CCCCCc1ccc(O)c(O)c1)N1CCOC1=O
D02016,COc1ccc2c(c1)C(=O)N(CCCCCC(=O)NO)c1ccccc1S2(=O)=O
D02017,CNC(=O)c1nc(-c2nc(-c3cnc4ccccn34)cnc2N)n(C)n1
D02018,C/C(=N\NC(=O)Cn1c(=O)c(Cc2ccccc2)nc2ccccc21)c1ccc(O)cc1
D02019,N=C(N)c1cccc(-c2cccc(C(=N)N)n2)n1
D02020,Cn1nccc1-c1ccc(OCC(=O)Nc2ccc(-c3ccccc3)cc2)cc1
D02021,Cc1ccnc(C(=O)c2[nH]c3cc(F)ccc3c2CC(=O)O)c1
D02022,CCCCc1nc(Cl)c(C(=O)OC)n1Cc1ccc(-c2ccccc2-n2cnnn2)cc1
D02023,Cc1ccc(-n2nc(C(C)(C)C)cc2NC(=O)Nc2ccc(Oc3ccnc(Nc4cccc5[nH]ccc45)n3)c3ccccc23)cc1
D02024,Cn1cnc2c(NCc3ccccc3)nc(NCCO)nc21
D02025,CCN(CCCCN1C(=O)c2ccccc2C1=O)Cc1ccccc1OC
D02026,Cc1noc(NS(=O)(=O)c2ccsc2C(=O)Nc2cc3c(cc2C#N)OCO3)c1Cl
D02027,Cc1c(-c2[nH]c3ccc(C4CCN(C(=O)CN5CCC(F)(F)CC5)CC4)cc3c2C(C)C)cn2ncnc2c1C
D02028,COc1ccc([C@]2(C#N)CC[C@@H](C(=O)O)CC2)cc1OC1CCCC1
D02029,N#C[C@@H]1CSCN1C(=O)CN(N)C1CCN(CC(=O)Nc2ccc(Cl)cn2)CC1
D02030,COc1cc(C(=O)/C=C/c2cc(O)c(O)c([N+](=O)[O-])c2)cc(OC)c1OC
D02031,O=C([C@@H]1CNC[C@]12CCCc1nc(Cl)ccc12)N1CC[C@@H](c2ccccc2)C[C@H]1C1CCCCC1
D02032,COc1cc2ncnc(Oc3ccc(CC(=O)Nc4cnn(C(C)C)c4)cc3)c2cc1OC
D02033,COc1ccncc1-n1nc2c(c1C(C)C)C(c1ccc(Cl)cc1C)N(c1cc(Cl)ccc1C)C2=O
D02034,Cn1c2c(c(=O)n1-c1ccccc1C(F)(F)F)[C@H]1CC[C@]2(C)C1(C)C
D02035,CCc1ccc(-c2cc(Cl)cc3c2OC(C(F)(F)F)C(C(=O)O)=C3)cc1
D02036,CC1(C)C2CCC1(C)[C@@H](OC(=O)c1cc(O)c(C(=O)c3c(O)cccc3C(=O)O)c(O)c1)[C@@H]2NC(=O)c1ccc(O)cc1
D02037,CC(C)C[C@@H](/C=C/S(C)(=O)=O)NC(=O)[C@H](CO)NC(=O)[C@H](CCC(=O)OC(C)(C)C)NS(=O)(=O)c1ccccc1
D02038,CCCN(CCN1C(=O)CC2(CCCC2)CC1=O)C1COc2cccc(OC)c2C1
D02039,C[N+]1(C)CCO[C@@](O)(C(F)(F)F)C1
D02040,CNC(=O)CN1CCC(n2nc(C)c(Nc3ncc(Cl)c(-c4cnn5ccccc45)n3)c2C)CC1
D02041,COc1ccc2c(-n3c(=O)n(Cc4ccc(Cl)c(O[C@H](C)C(=O)O)c4)c4cc(OC(F)(F)F)ccc43)noc2c1
D02042,COc1nc(NCCN2CCOCC2)ncc1C(=O)Nc1cc(C(=O)Nc2cccc(C(F)(F)F)c2)ccc1C
D02043,CN(C)C(CS(C)(=O)=O)c1ccc(-c2ccc3ncnc(Nc4ccc(OCc5cccc(F)c5)c(Cl)c4)c3c2)o1
D02044,C[C@@H](Oc1cc(-c2cnn(CC3CC3)c2)cc2nn(C)c(F)c12)[C@H]1CNC(=O)C1
D02045,C[C@@]1(CSC2=NCCS2)S[C@@H]2[C@H](Br)C(=O)N2[C@H]1C(=O)O
D02046,N[C@@H](CC(=O)N1CCC[C@H]1c1nc(C2(C(F)(F)F)CC2)no1)Cc1cc(F)c(F)cc1F
D02047,CN(C)CCCn1nc(-c2cnc3[nH]cc(C(=O)NC(C)(C)CO)c3n2)c2cc(OC(F)F)ccc21
D02048,CC(C(=O)N[C@H]1C2CC3CC1C[C@](O)(C3)C2)N1CC(Oc2ccccc2F)C1
D02049,CCN(CC(O)(CNC(=O)c1cnn(-c2ccc(F)cc2)c1N)C(F)(F)F)C(=O)c1c(F)cccc1F
D02050,O=C(N[C@@H]1CC(O)C[C@H]1OC(=O)c1cc(O)c(C(=O)c2c(O)cccc2C(=O)O)c(O)c1)c1ccc(O)cc1
D02051,CN[C@@H](C)C(=O)N[C@H]1CN(C(=O)C23CC4CC(CC(C4)C2)C3)c2ccccc2N(Cc2c(OC)ccc3cc(Br)ccc23)C1=O
D02052,Cc1ccccc1-n1nc(-c2c(-c3ccc(F)cc3)nn3c2NC[C@@H](CO)C3)ccc1=O
D02053,CNCCCn1cc(C2=C(c3cn(C)c4ccccc34)C(=O)NC2=O)c2ccccc21
D02054,C[C@H](O)C(=O)N1CC[C@H](Oc2ccc(-c3ncnc(Nc4ccc(N5CCN(C)CC5)cc4)n3)cc2C#N)[C@H](F)C1
D02055,CCCCC(=O)N(Cc1ccc(-c2ccccc2-c2nnn[nH]2)cc1)[C@H](C(=O)O)C(C)C
D02056,CC(C)(O)CCn1cnc(-c2ccc(F)c(Cl)c2)c1-c1ccc2ncc(C#N)n2n1
D02057,CN(C)C(=O)c1cc2cnc(Nc3ccc(N4CC5CCC(CC4=O)N5)cn3)nc2n1C1CCC1
D02058,COc1ccc(C(=O)Nc2c(F)cccc2F)cc1OC1CCCC1
D02059,COc1cc(-c2cc(=O)c3c(O)cc(O)cc3o2)ccc1O
D02060,CC(C(=O)O)c1ccc(-c2cccc(OC(=O)NCCc3ccccc3)c2)c(F)c1
D02061,CN1CCC(=C2c3ccccc3CC(=O)c3sccc32)CC1
D02062,CCCCc1nn(-c2ccccc2Cl)c(C(=O)O)c1Cc1ccc(-c2ccccc2-c2nnn[nH]2)cc1
D02063,Cc1nnc(COc2cnc(/C(F)=C/c3ccc(F)c([C@@]4(C)N=C(N)S[C@@]5(C(=O)N(C)C)C[C@H]54)c3)cn2)o1
D02064,CC(C)(Oc1ccc(Cl)cc1)C(=O)NC1CCCC(C#N)CCC1
D02065,Cn1ccc2cc3c(cc21)CCN3C(=O)Nc1cccnc1
D02066,O=c1[nH]ccc2cc(F)c(NS(=O)(=O)c3ccc(N4CC[C@@H](O)C4)s3)cc12
D02067,Cc1cccnc1CN1CCC2(CC1)C(=O)N(c1ccc(-c3ccc(C(=O)O)cc3)cc1)C(=O)N2c1ncccn1
D02068,O=C(C[C@@H](CCCC1CCCCC1)c1nc(C(=O)NS(=O)(=O)c2ccccc2)no1)NO
D02069,N#Cc1c(Cl)ccc(NC(=O)Nc2ccccc2Br)c1O
D02070,OC[C@H]1CNC[C@@H](O)[C@@H]1O
D02071,Nc1ncnc(Nc2ccc(OCc3ccccc3)c(Cl)c2)c1C(=O)Nc1ccccc1
D02072,O=C(NCC1(CO)CCCC1)c1nc(N2CCOCC2)n2ccccc12
D02073,Nc1nsc2cccc(C(=O)Nc3cccc(CNC(=O)Nc4cccc(F)c4)c3)c12
D02074,N#Cc1ccc(NC(=O)NCc2cccc(C(=O)Nc3ccc4c(c3)CNCC4)c2)cc1
D02075,COc1cc(OC)nc(CN2CCC(c3ccc4[nH]c(-c5cn6ncnc6cc5C)c(C(C)C)c4c3)CC2)n1
D02076,O=C(O)c1cccc(C2=C(c3cc(Cl)ccc3OCc3ccc(F)cc3F)CCC2)n1
D02077,CN1C(=O)Cn2c1nc1nc(N3CCC[C@@H](N)C3)n(Cc3cc(F)ccc3C(F)(F)F)c1c2=O
D02078,O=C(CCCNC(=O)NC1CCCCC1)N[C@@H](Cc1cnc[nH]1)C(=O)O
D02079,Cc1nc(-c2ccc(C)s2)c(-c2ccc(S(C)(=O)=O)cc2)o1
D02080,O=C(N[C@H]1C[C@H](CO)C[C@H]1OC(=O)c1cc(O)c(C(=O)c2c(O)cccc2C(=O)O)c(O)c1)c1ccc(O)cc1
D02081,Cc1ccccc1-c1cc(-c2ccccc2)ccc1OCCN(C)CC(=O)O
D02082,Cc1cc(F)ccc1-c1c(Oc2ccc(/C=C/C(=O)O)cc2)c2ccccc2oc1=O
D02083,Fc1cccc(CN(C2CCOCC2)[C@H]2CCNC2)c1C(F)(F)F
D02084,N#C[C@@H]1CCCN1C(=O)[C@@H]1C[C@H](C(=O)N2Cc3ccccc3C2)CN1
D02085,COc1ccc2c3c1O[C@H]1C[C@@H](O)C=C[C@@]31CCN(CCCCCCCCOc1ccc(CN3CCCCC3)cc1)C2
D02086,C[C@@H](O)c1c(F)cncc1C1COc2c(cccc2C(N)=O)O1
D02087,CN(C)C(=O)c1cc2cnc(Nc3ccc(N4CC5CNCC5CC4=O)cn3)nc2n1C1CCCC1
D02088,COc1cc2nccc(Oc3ccc4c(C(=O)Nc5ccc(Cl)cc5)cccc4c3)c2cc1OC
D02089,Cc1c(C(C)C)c(=O)on1C(=O)N1CCC[C@H](C)C1
D02090,CO[C@@H]1COCC[C@@H]1N[C@@H]1CC[C@@](C(=O)N2CCN(c3nc(C(F)(F)F)cs3)CC2)(C(C)C)C1
D02091,CC(C)(C)NC(=O)[C@@H]1CN(Cc2cccnc2)CCN1C[C@@H](O)C[C@@H](Cc1ccccc1)C(=O)N[C@H]1c2ccccc2C[C@H]1O
D02092,CC(C)(C)NC(=O)[C@H]1CC[C@H]2[C@@H]3CC[C@H]4NC(=O)C=C[C@]4(C)[C@H]3CC[C@]12C
D02093,CN1CCN(c2ccc3c(n2)nc(-c2ccc(F)cc2)n3-c2ccnc(NC3CCCC3)n2)CC1
D02094,N#Cc1ccc(NC(=O)Nc2ccccc2Br)c(O)c1
D02095,O=C(Cc1nc(N2CCOCC2)cc(=O)[nH]1)Nc1ccc(F)cc1
D02096,COc1cc(NCC2CCNCC2)nc2c1nnn2-c1cccc(OC(F)(F)F)c1
D02097,CC(C)(CC(=O)N[C@H]1C[C@@H]1c1ccc(F)c(F)c1)NCC(=O)N1CCC[C@H]1C#N
D02098,COC(=O)c1c(-c2cc(OC)c(OC)c(OC)c2)c2ccnc(OCCc3ccccn3)c2c(=O)n1Cc1ccnc(C)c1
D02099,COc1nn(C)cc1Nc1nccc(-c2c[nH]c3c(NC(=O)[C@@H](C)N4CCN(C)[C@@H](C)C4)cccc23)n1
D02100,COC1COCCC1N[C@@H]1C[C@H]2CC(F)(F)C[C@@]2(C(=O)N2CCc3ncc(C(F)(F)F)cc3C2)C1
D02101,CCCS(=O)(=O)N1CCC(CNC(=O)c2ccccc2)(c2cccc(OC)n2)CC1
D02102,COc1ccccc1/C=N/NC(=O)COc1ccc(Cl)cc1C
D02103,O=C(NC(c1ccc(Cl)c(Cl)c1)C1CCNCC1)c1ccc2cnccc2c1
D02104,NC(=O)[C@]12CC3C[C@H](CC(C1)[C@@H]3NC(=O)C1(N3CCN(c4ccc(C(F)(F)F)cn4)CC3)CC1)C2
D02105,N#CCC(=O)N1CCC(Oc2ccc(-c3ncnc(Nc4ccc(N5CCN(C6COC6)CC5)cc4)n3)cc2C#N)CC1
D02106,Cc1cc(NC(=O)c2ncc(C#N)cn2)cc([C@@]2(C(F)F)N=C(N)O[C@@H]3C[C@@H]32)c1F
D02107,CCn1c(O)c2n(c1=O)[C@H](c1ccc(Cl)cc1Cl)c1[nH]c3ccccc3c1C2
D02108,O=c1c2cc(OCCCN3CCCC3)ccc2nc2n1CCc1ccccc1-2
D02109,CC1(COc2cccc3nc(N)nc(N)c23)COC1
D02110,CC(=O)NNCc1ccc(C(=O)Nc2ccc(Cl)cc2C(=O)Nc2ccc(Cl)cn2)cc1
D02111,C=C=CCN(C)Cc1cc2cc(OCc3ccccc3)ccc2n1C
D02112,COC(=O)c1c(O)cc(O)c(Cl)c1CCc1nccn1Cc1ccccc1
D02113,Cc1cccc(-c2n[nH]cc2-c2ccc(Cl)cc2)n1
D02114,O=C(c1ccc(OCCN2CCCCC2)cc1)c1c(-c2ccc(O)cc2)sc2cc(O)ccc12
D02115,O=C1C(=O)N(Cc2ccc(F)cc2)c2ccc(S(=O)(=O)N3CCC[C@H]3COc3ccccc3)cc21
D02116,Cc1cc([C@H]2C[C@H]3[C@@H](CF)SC(N)=N[C@@]3(c3ccc(F)cc3F)CO2)on1
D02117,CCCc1cc(CC2CCCCC2)ccc1OCCCOc1cccc(-c2sc(=O)[nH]c2O)c1
D02118,CC/C(=C(/c1ccc(/C=C/C(=O)O)cc1)c1ccc2[nH]ncc2c1)c1ccc(F)cc1Cl
D02119,CCC[C@H](NC(=O)[C@@H]1CCCN1C(=O)[C@@H](NC(=O)[C@@H](NC(=O)[C@@H](CC(=O)O)NC(=O)[C@H](CC(=O)O)NC(C)=O)[C@@H](C)CC)C(C)C)C(=O)C(F)(F)C(F)(F)F
D02120,CN1CCN(Cc2ccc(C(=O)Nc3ccc(Cl)cc3C(=O)Nc3ccc(Cl)cn3)cc2)CC1
D02121,CN[C@@H](C)C(=O)N[C@H]1CN(C(=O)c2ccc(C(=O)C(C)(C)C)cc2)c2ccccc2N(Cc2c(OC)ccc3cc(Br)ccc23)C1=O
D02122,CCCCCCCC(=O)SCC/C=C/[C@@H]1CC(=O)NCc2nc(cs2)C2=N[C@@](C)(CS2)C(=O)N[C@@H](C(C)C)C(=O)O1
D02123,C=CC(=O)Nc1ccc(S(=O)(=O)N2CCN(C(=O)C34CC5CC(CC(C5)C3)C4)CC2)cc1
D02124,COc1cc(N2C(=O)N(c3ccc(-c4ccc(C(=O)O)cc4)cc3)C(=O)C23CCN(Cc2ncccc2C)CC3)ncn1
D02125,c1cc(-c2cnn3cc(-c4ccc(OCCN5CCCCC5)cc4)cnc23)ccn1
D02126,C[C@]1(c2cc(/C=C(\F)c3ccc(Cl)cn3)ccc2F)N=C(N)S[C@]2(CO)[C@H]1C2(F)F
D02127,O=C(CNC(=O)[C@H](Cc1ccccc1)NS(=O)(=O)N1CCOCC1)N[C@@H](CC1CCCCC1)C(=O)C(F)(F)C(=O)NCCN1CCOCC1
D02128,O=C(O)Cn1c2c(c3ccccc31)CN(C(=O)c1cccc(Cl)c1)CC2
D02129,O=C(NC1CCNCC1)N1CC[C@@H]2[C@H]1C(=O)N2S(=O)(=O)[O-]
D02130,O=C(Nc1cccc(C(F)(F)F)c1)N1CCN(C[C@@H]2CCCN(C3CC3)C2)CC1
D02131,CN(c1ncnc2[nH]ccc12)[C@H]1C[C@@H](CS(=O)(=O)C2CC2)C1
D02132,COc1ccccc1Cn1nc(COC(C)(C)C(=O)O)cc1-c1cccc(OC2CC2)c1
D02133,Cc1cccc(-c2n[nH]cc2-c2ccc3ncccc3n2)n1
D02134,CC(C)NC(=O)c1cc(-c2ccc(Cl)cc2Cl)n[nH]1
D02135,O=c1cc(CN(Cc2ccccn2)c2cnccn2)c2ccc(F)c(F)c2[nH]1
D02136,O=C(NCCCCCCCCCCNc1c2c(nc3cc(Cl)ccc13)CCCC2)c1cc(=O)c2cc(O)c(O)cc2o1
D02137,CCCC[C@H](CN(O)C=O)C(=O)N[C@H](C(=O)N(C)C)C(C)(C)C
D02138,COc1ccc(-c2cc(N3C[C@H](c4cc(F)c(F)cc4F)[C@@H](N)C3)ncn2)cn1
D02139,CCOP(=O)(CCn1cc(-c2ccc(-c3nc(-c4ccc(F)cc4)c(-c4cc[nH]c(=O)c4)[nH]3)cc2)nn1)OCC
D02140,COc1ccc(-c2ccc3c(c2)NC(=O)/C3=C\c2[nH]c3c(c2CCC(=O)O)CCCC3)cc1
D02141,COc1ccccc1-n1nc(COC(C)(C)C(=O)O)cc1-c1cccc(OC2CC2)c1
D02142,CC(=N)N(C)CCN(C)Cc1ccc(C(=O)Nc2ccc(Cl)cc2C(=O)Nc2ccc(Cl)cn2)cc1
D02143,CCC(C)n1ncn(-c2ccc(N3CCN(c4ccc(OCC5COC(Cn6cncn6)(c6ccc(Cl)cc6Cl)O5)cc4)CC3)cc2)c1=O
D02144,CN1CCCc2c1nc(N1CCN(Cc3ccccc3Cl)CC1)[nH]c2=O
D02145,CC1=C(C(=O)N[C@H](C)C(=O)N[C@@H](Cc2c[nH]c3ccccc23)C(=O)N[C@@H](CC2CCCCC2)C(=O)[C@@]2(C)CO2)Cc2ccccc21
D02146,Nc1nc(Nc2ccc(S(N)(=O)=O)cc2)nn1C(=O)c1c(F)cccc1F
D02147,COc1cc2c(Oc3ccc(NC(=O)C4(C(=O)Nc5ccc(F)cc5)CC4)cc3F)ccnc2cc1OCCCCCC(=O)NO
D02148,CCN(CC)CCNC(=O)c1ccc(NC(=O)Nc2ccc(OC(F)(F)F)cc2)cc1OC
D02149,COC(=O)Nc1cnc2ccc(-c3c(-c4ccc(F)cc4)ncn3CC(F)F)nn12
D02150,N#Cc1cc(-c2ncnc(Nc3ccc(N4CCN(C5COC5)CC4)cc3)n2)ccc1OC1CCN(C(=O)CO)CC1
D02151,CN[C@@H](C)C(=O)N[C@H]1CN(C(=O)CS(C)(=O)=O)c2cc(C#N)ccc2N(Cc2c(C)ccc3ccccc23)C1=O
D02152,N[C@@H](CC(=O)N1CCCCCN1C(=O)c1ccccc1)Cc1cc(F)c(F)cc1F
D02153,O=c1oc2c(O)c(O)cc3c(=O)oc4c(O)c(O)cc1c4c23
D02154,CC(C)c1c(-c2ccc3ncnn3c2)[nH]c2ccc(C3CCN(Cc4ncn(C)n4)CC3)cc12
D02155,CCCCCCCCCCCCCCCCCCN1CCN(C(=O)Nc2ccc(Cc3nc(=O)o[nH]3)cc2)CC1
D02156,CC(C)(C)Cn1cnc(-c2ccc(F)cc2)c1-c1ccc2ncc(C#N)n2n1
D02157,O=C(CCCc1nc2ccccc2c(=O)[nH]1)N1CCC(n2c(=O)sc3ccccc32)CC1
D02158,N#Cc1cnc(C(=O)Nc2ccc(Cl)c([C@@]3(CF)N=C(N)O[C@@H]4C[C@@H]43)c2)c(Cl)c1
D02159,NC(=O)c1cccc(O[C@H]2C[C@@H]3CC[C@H](C2)N3CC(=O)N2CCCC2)c1
D02160,CC(C)Oc1cc(-n2cnc3ccc(N[C@@H](C)c4ccc(F)cn4)nc32)n[nH]1
D02161,COc1ccccc1Oc1ccccc1CN1CCC2(CC1)CCN(C(=O)c1ccc[nH]c1=O)CC2
D02162,CCOC(=O)[C@H](CCc1ccccc1)N[C@@H](C)C(=O)N1[C@H](C(=O)O)C[C@H]2CCCC[C@@H]21
D02163,N[C@H](Cc1ccc(Cl)cc1Cl)C(=O)N1Cc2ccccc2C1
D02164,CC(CCO)n1cnc(-c2ccc(F)cc2)c1-c1ccc2ncc(C#N)n2c1
D02165,CC1CCC(=NNc2nc(-c3ccc(F)cc3F)cs2)CC1
D02166,Cn1cc(C2=C(c3cn(CCC[N+](C)(C)C)c4ccccc34)C(=O)NC2=O)c2ccccc21
D02167,Cc1cc(Nc2ncnc(-c3ccc(O[C@H]4CCN(C(=O)[C@H](C)O)C[C@H]4F)c(C#N)c3)n2)ccc1C1CCN(C)CC1
D02168,O=C(N[C@@H](Cc1c[nH]c2ccc(O)cc12)C(=O)O)c1ccc2c(c1)nc(-c1ccoc1)n2C1CCCCC1
D02169,N[C@@H](CC(=O)N1CCn2c(nnc2C(F)(F)F)C1)Cc1c(F)cc(F)cc1F
D02170,CCc1csc(N2CCN(C(=O)[C@@H]3CCCC[C@H]3C(=O)NC3(C#N)CC3)CC2)n1
D02171,CC(C)(C)c1noc([C@@H]2CCCN2C(=O)C[C@H](N)Cc2cc(F)c(F)cc2F)n1
D02172,CNC(=O)c1ccc2nccc(N3CCCc4cc(-c5cnn(C)c5)c(C(F)F)cc43)c2c1
D02173,NC1CCC(NC2C[C@@H]2c2ccc(-c3cccc(NS(=O)(=O)N4CCNCC4)c3)cc2)CC1
D02174,COc1nccnc1N1C(=O)N(c2ccc(-c3ccc(C(=O)O)cc3C)cc2)C(=O)C12CCN(Cc1ncccc1C)CC2
D02175,CNC(=O)[C@H](Cc1ccccc1)NC(=O)[C@H](CC(=O)NO)CC(C)C
D02176,Cc1ccc2oc(=O)c(C(=O)Nc3ccccc3)cc2c1
D02177,Cn1cc(-c2ccc(Nc3nn([C@H]4CCOC4)c4c3CN(C(N)=O)CC4)c(F)c2)cn1
D02178,N=C(N)NCCCC(C=O)NC(=O)CNC(=O)[C@H](CCCNC(=N)N)NS(=O)(=O)Cc1ccccc1
D02179,Cc1ccccc1[C@@H]1OC[C@]2(C)[C@H](CC[C@]3(C)[C@H]4[C@@H](O)c5c(cc(-c6cccnc6)oc5=O)O[C@]4(C)[C@@H](OC(=O)c4ccc(F)cc4)C[C@H]32)O1
D02180,CN(C)C(=O)n1nnc(Cc2ccc(-c3ccccc3O)cc2)n1
D02181,Cn1c(=O)n([C@@H]2CCCOC2)c2c3cc(-c4ccc(OCCCN5CCCC5)nc4)ccc3ncc21
D02182,COc1ccc(C2(c3cccc(-c4cncnc4)c3)N=C(N)N3CCCN=C32)cc1
D02183,CC(C)NNC(=O)c1ccncc1
D02184,N#Cc1c(-c2ccccc2)cc(-c2ccccc2)nc1NC(=S)Nc1ccccc1
D02185,COc1ccc(C)c([N+](C)(C)C)c1
D02186,O=C(CCc1ccccc1)N1CCC2(CCc3cc(F)ccc3O2)CC1
D02187,N[C@H]1CN(C(=O)c2ccc3ncccc3c2)C[C@H]1C(=O)N1CCCC1
D02188,C=C=Cc1ccc(-c2ccc(C(=O)NCC(C)C)cc2C(=O)O)c(C(=O)Nc2ccc(C(=N)N)cc2)c1
D02189,CC[C@H](Nc1ncnc2[nH]cnc12)c1nc2cccc(F)c2c(=O)n1-c1cccc(CC(F)(F)F)c1
D02190,CC(C)(C)C(=O)NCCC1CCN(c2ncnc3cc(C(N)=O)sc23)CC1
D02191,CC[C@H](C)[C@H](NC(=O)OCc1ccccc1)C(=O)N[C@@H](CCCC(=O)OC(C)(C)C)C(=O)N[C@@H](C)C(=O)N[C@H](C=CS(C)(=O)=O)CC(C)C
D02192,CN(C)CC1CC1c1n[nH]c2ccc(C#N)cc12
D02193,c1ccc(Nc2ncnc3ccc(-c4cncs4)cc23)nc1
D02194,CCN(CC)CCCOc1ccc(C(=O)c2ccc(CN(C)Cc3ccccc3)cc2)cc1
D02195,Cc1noc(COc2cnc(/C(F)=C/c3ccc(F)c([C@@]4(C)N=C(N)S[C@@]5(C(=O)N(C)C)C[C@H]54)c3)cn2)n1
D02196,Cc1nn(C2CCCCC2)c2sc(C(=O)NCCN3CC(=O)N(C)C3=O)cc12
D02197,COc1ccc(NC(=O)CC(C)(C)NCC(=O)N2C[C@@H](F)C[C@H]2C#N)cc1OC
D02198,O=c1ncn2nc(Sc3ccc(F)cc3F)ccc2c1-c1c(Cl)cccc1Cl
D02199,NS(=O)(=O)c1ccc(-n2nc(C(F)(F)F)cc2-c2ccc(F)cc2)cc1
D02200,Nc1c2c(nc3ccccc13)CCCc1ccccc1-2
D02201,O=C(NCc1cccnc1OCC(F)(F)F)c1cncc(-c2ccc(Cl)cc2)c1
D02202,CS(=O)(=O)Nc1ccc(-c2coc3cc(C#CC4CN(C(=O)C5CCC5)C4)ccc3c2=O)cc1
D02203,OCCNCc1nnc2c3cc(-c4ccccc4)c(-c4ccc(CN5CCC(c6nnc(-c7ccccn7)[nH]6)CC5)cc4)nc3ccn12
D02204,COc1ccccc1C1CC(c2ccc(O)cc2)=NN1C(C)=O
D02205,Cc1cc(Cl)ccc1C1c2c(nn(CCO)c2C(C)C)C(=O)N1c1cccc(Cl)c1F
D02206,N#Cc1cccc(O[C@H]2CC[C@H](NC(=O)CCSc3nc4ccccc4c(=O)[nH]3)CC2)c1
D02207,Nc1noc2c(N3CCC(NC(=O)c4ccc(-n5cnnc5)cc4Cl)C3)cccc12
D02208,Cc1cc(COc2ccc(S(=O)(=O)CC(C=C3CCC(=O)CC3)N(O)C=O)cc2)c2ccccc2n1
D02209,Cc1ccc(-c2ccc(NC(=O)CN3CCCC4=C3C(=O)N(C3CC3)C4=O)nn2)cn1
D02210,N#CC(C#N)=C1C(=O)N(Cc2ccccc2)c2ccc(S(=O)(=O)N3CCC[C@H]3COc3ccccc3)cc21
D02211,N#Cc1ccc(N2CC[C@H](Nc3c(C(N)=O)cnc4[nH]ccc34)[C@H](F)C2)nc1
D02212,CCN1CCCC1c1noc(COc2cc3ncnc(Nc4ccc(Cl)c(Cl)c4)c3cc2OC)n1
D02213,Cc1c([C@@H]2c3[nH]c4ccccc4c3C[C@@H](C)N2C[C@@H](C)C(=O)O)ccnc1OCCN(C)CCCF
D02214,Cl.N[C@@]1(c2ccccc2)C[C@H]1c1ccccc1
D02215,O=C(O)C(=O)Nc1cccc(S(=O)(=O)N2CCc3ccccc3C2)c1
D02216,N#C[C@@H]1CCCN1C(=O)[C@H]1CCCN1C(=O)CCCc1ccccc1
D02217,Cc1cc(Cl)ccc1C1c2c(nn(CCc3c[nH]c4ccccc34)c2C(C)C)C(=O)N1c1cccc(Cl)c1F
D02218,CC(C)OCc1cccc2nc(-c3n[nH]c4ncc(-c5cncc6ccccc56)cc34)[nH]c12
D02219,O=C(CNC(=O)c1cccc(C(F)(F)F)c1)NC1CN([C@H]2CC[C@](O)(c3ccc4c(c3)OCO4)CC2)C1
D02220,C[N+]1(C)CCO[C@H](O)C1
D02221,O=P(O)(O)C(F)(F)c1ccc(CC(Cc2ccc(C(F)(F)P(=O)(O)O)cc2)(c2nc(-c3ccccc3)cs2)n2nnc3ccccc32)cc1
D02222,COc1cccc(COc2ccc(-c3nn(CCC#N)c(=O)o3)cc2)c1
D02223,COc1ccc(CC(C)(C)NC[C@H](O)COc2cccc3[nH]c(=O)[nH]c23)cc1
D02224,CCS(=O)(=O)N[C@@H]1C[C@@]2(C)O[C@]1(C)[C@@H]1C(=O)N(c3ccc(C#N)c(C(F)(F)F)c3)C(=O)[C@@H]12
D02225,COc1ccc(C(=O)NCc2cccc(C(=O)Nc3ccc4c(c3)CNCC4)c2)cc1OC
D02226,Cn1c(Nc2ccc(C(F)(F)F)cc2)nc2cc(Oc3ccnc(-c4ncc(C(F)(F)F)[nH]4)c3)ccc21
D02227,C[N+](C)(C)Cc1ccc(C(=O)Nc2ccc(Cl)cc2C(=O)Nc2ccc(Cl)cn2)cc1
D02228,C=C[C@]1(C)C[C@@H](OC(=O)CSc2cncc(N)c2)[C@]2(C)[C@H](C)CC[C@]3(CCC(=O)[C@H]32)[C@@H](C)[C@@H]1O
D02229,CCCCC[C@@H](Cc1ccc(C(=O)NCCC(=O)O)cc1)C(=O)c1cc2cc(Cl)ccc2n1-c1cccc(C(F)(F)F)c1
D02230,CC(C)(Oc1ccc(Cl)cc1)C(=O)N[C@H]1C2C[C@@H]3C[C@@H]1C[C@@](C(=O)NCc1cncs1)(C2)C3
D02231,CCn1cnc(-c2ccc(F)cc2)c1-c1ccc2ncc(C#N)n2c1
D02232,O=c1[nH]c2cnc3ccc(-c4ccc(OCCCN5CCCCC5)nc4)cc3c2n1C1CCOCC1
D02233,CC(C)[C@@H](NS(=O)(=O)c1ccc(-c2ccc(C#N)cc2)cc1)C(=O)O
D02234,NC(=O)c1cnc2ccc(-c3c(-c4cc(Cl)c(F)cc4F)ncn3CC(F)F)cn12
D02235,CN(C)CCC(c1ccc(Cl)cc1)c1ccccn1
D02236,Cc1cc(C#N)cnc1C(=O)Nc1ccc(F)c([C@]2(C)C[C@@H](C(F)(F)F)OC(N)=N2)n1
D02237,Cc1cccnc1CN1CCC2(CC1)C(=O)N(c1ccc(-c3ccccc3)cc1)C(=O)N2c1cc(O)ccn1
D02238,C[C@@H]1CN(C2COC2)CCN1c1ccc(Nc2ncnc(-c3ccc(O[C@H]4CCN(C(=O)CO)C[C@H]4F)c(C#N)c3)n2)cc1
D02239,CCN(C)C(=O)c1ccc([C@H](c2cccc(NC(=O)C3CCC3)c2)N2CCN(Cc3cccnc3)CC2)cc1
D02240,CC(C)N1CCN(CC#Cc2ccc(CN(CC(C)(C)C)c3ccnc(C#N)n3)cc2)CC1
D02241,Cc1c(-c2[nH]c3ccc(C4CCN(CC(=O)N(C)C)CC4)cc3c2C(C)C)cn2ncnc2c1CO
D02242,OB(O)/C=C/c1ccc(-c2ccccc2)cc1
D02243,COc1ccc(C2(c3cccc(-c4cccnc4)c3)N=C(N)N(C)C2=O)cc1OC(C)C
D02244,O=C([C@@H]1C[C@H](N2CCN(c3ncccn3)CC2)CN1)N1CCC(F)(F)C1
D02245,O=C(CCSc1nc2ccccc2c(=O)[nH]1)N[C@H]1CC[C@H](Oc2ccc(Cl)cc2)CC1
D02246,NC1=NC(c2ccc(OC(F)(F)F)cc2)(c2cccc(-c3cccnc3F)c2)C2=NCCN12
D02247,C(=C/c1nccc(-c2c[nH]c3cnccc23)n1)\c1ccccc1
D02248,COC(=O)[C@@H]1C2CCC(C[C@@H]1C(=O)Oc1ccccc1)N2C
D02249,CN(C)C(=O)c1cc2cnc(Nc3ccc(N4C[C@@H]5CC[C@H](CC4=O)N5C)cn3)nc2n1C1CCCC1
D02250,COc1ccc(OC(C)(C)C2OCC(C/C=C\CCC(=O)O)C(c3cccnc3)O2)c([N+](=O)[O-])c1
D02251,CCn1nc(-c2ccccc2)nc2c(=O)n(C)c(=O)nc1-2
D02252,Cc1ccc(-n2nccn2)c(C(=O)N2CCOC[C@H]2Cc2cccc(-n3ccnn3)c2)c1
D02253,O=C(O)[C@@H]1[C@@H](SCc2ccc(-c3ccccc3)cc2)CC[C@H]1CN1C(=O)c2ccccc2C1=O
D02254,O=C(CCC1(c2ccccc2)CCCN(C(=O)Nc2ccc(Cl)cc2)C1)NC1=NNNN1
D02255,Cc1nn(C2CCCCC2)c2sc(C(=O)Nc3ccc(C(=O)NC(C)C)cc3)cc12
D02256,CN(C)CCCOc1ccc(-c2cc3c(cc2F)ncc2c3n(C3CCOCC3)c(=O)n2C)cn1
D02257,Cc1nn(C2CC2)c2c1[C@@H](c1ccc(F)cc1F)N(c1cc(C)c3nnc(C)n3c1)C2=O
D02258,CC(C)c1cc(C(=O)N2CCc3onc(C(=O)NCCCCCCC(=O)NO)c3C2)c(O)cc1O
D02259,Cc1ncc([C@]2(O)CC[C@H](N3CC(NC(=O)CNc4ncnc5ccc(C(F)(F)F)cc45)C3)CC2)s1
D02260,CC(C)(CC(=O)N[C@H]1C[C@@H]1c1ccc(C(F)(F)F)cc1)NCC(=O)N1CCC[C@H]1C#N
D02261,Cc1nn(C)cc1-c1nc2ncc(Cl)c(N3CCN(Cc4ccc(Cl)cc4)CC3)c2[nH]1
D02262,N#Cc1ccccc1Cn1c(=O)[nH]c2nccc(N3CCC[C@@H](N)C3)c21
D02263,NC(=O)c1cccc(-c2cccc(OC(=O)NC3CCCCC3)c2)c1
D02264,Cc1ccc(-c2ncc(C(F)(F)F)[nH]2)cc1NC(=O)c1ccc(OCc2ccccn2)cc1
D02265,CCC(NC(=O)N1CC(=O)Nc2cccnc21)c1ccc(OC(F)(F)F)cc1
D02266,COc1cc(N2CCN(C(=O)CN)CC2)ccc1Nc1ncc(Cl)c(-c2cnc3ccccn23)n1
D02267,Cc1cccnc1CN1CCC2(CC1)C(=O)N(c1ccc(-c3ccc(C(=O)O)cc3)cc1)C(=O)N2c1cc(=O)[nH]cn1
D02268,Cc1c(-c2[nH]c3ccc(C4CCN(C5COC5)CC4)cc3c2C(C)C)cn2ncnc2c1C
D02269,COC(=O)c1ccc(-c2ccc(OC3OC(CO)C(O)C(O)C3O)cc2)cc1
D02270,CO[C@H]1[C@H]([C@@]2(C)O[C@@H]2CC=C(C)C)[C@]2(CC[C@H]1OC(=O)NC(=O)CCl)CO2
D02271,[NH3+][C@H]1CN(c2ccc3nnc(-c4ccc(F)cc4)n3n2)CC[C@@H]1c1cc(F)c(F)cc1F
D02272,CCS(=O)(=O)c1ccc2nc(-c3cc(-c4ccccc4)ccn3)[nH]c2c1
D02273,CNC(=O)[C@@H](c1ccc(-c2ccc(F)cc2)cc1)[C@H]([NH3+])C(=O)N1CC[C@H](F)C1
D02274,O=C(CS)NCCCCCCn1ccc2cc(Cl)c(Cl)cc21
D02275,CO[C@@H]1[C@@H](OC(N)=O)[C@H](O)[C@@H](Oc2ccc3c(O)c(NC(=O)c4ccc(O)c(CC=C(C)C)c4)c(=O)oc3c2C)OC1(C)C
D02276,CCCCCCCCCN1CC(O)C(O)C(O)C1CO
D02277,CC(=O)N[C@@H]1[C@@H](N)C=C(C(=O)O)O[C@H]1C(=O)N(CCc1ccccc1)CC(C)C
D02278,Cc1cc(NC(C)C#Cc2cnc(Oc3ccc(Oc4ccccc4)cc3)s2)no1
D02279,Cc1cnc(-c2cc(OC(C)C(C)O)cc(C(=O)N[C@H](C)c3cnc(C(F)(F)F)nc3)c2)s1
D02280,Cc1ccccc1NC(=O)c1sccc1S(=O)(=O)Nc1onc(C)c1Br
D02281,CCCN1CCCC12COc1cccc(O)c1C2
D02282,C[C@@H](c1ccc(C(F)(F)F)cc1)n1c2c(c3cc(F)cc(S(C)(=O)=O)c31)CCC[C@@H]2CC(=O)O
D02283,CC(O)C(C)Oc1cc(C(=O)N[C@H](C)c2cnc(C(F)(F)F)nc2)cc(-c2ncc(Cl)s2)c1
D02284,CN1CCC(O)(c2cn(-c3ccnc(NC4CCCC4)n3)c(-c3cccc(C(F)(F)F)c3)n2)CC1
D02285,C[C@]1(c2cc(/C=C(\F)c3ccc(C#N)cn3)ccc2F)N=C(N)S[C@@]2(C(=O)N3CCC(F)(F)CC3)C[C@H]21
D02286,CCCCNc1ncc(-c2cc(Nc3ccccc3OC)ncn2)c(N[C@H]2CC[C@H](O)CC2)n1
D02287,Cc1ccccc1C(C)N1[C@H]2CC[C@@H]1C[C@@H](Oc1cccc(C(N)=O)c1)C2
D02288,Cc1cc(-c2[nH]c3ccc(C4CCN(CCS(=O)(=O)N(C)C)CC4)cc3c2C(C)C)cn2ncnc12
D02289,C=C(C)c1cnc(-c2cc(Cl)ccc2F)cc1Nc1ccncc1C(=O)N[C@@H](CC)CO
D02290,COc1cccc(F)c1[C@@H]1C[C@@H](O)C(=O)N1Cc1ccc2oc3ccccc3c2c1
D02291,CCN(CC)C(=O)c1ccc(C(=C2CCNCC2)c2cccc(OC)c2)cc1
D02292,COc1cc(C(=O)Nc2ccc(NC(=O)c3ccccn3)cc2)cc(-c2c[nH]c(=O)[nH]c2=O)c1
D02293,CC(C)C(=O)N(Cc1cccc(Cl)c1Cl)[C@H]1CCNC1
D02294,COCCN(C)Cc1ccc(C(=O)Nc2ccc(Cl)cc2C(=O)Nc2ccc(Cl)cn2)cc1
D02295,C=CCNC(=O)N1C[C@@H]([C@@H](C)OC(=O)CCCc2ccccc2)C1=O
D02296,COc1cc(-c2ccc(F)c(F)c2)ccc1-c1nccc2cc(S(=O)(=O)Nc3ccncn3)ccc12
D02297,Cc1ccc(NC(=O)c2ccc(CN3CCN(C)CC3)cc2)cc1Nc1nccc(-c2cccnc2)n1
D02298,CCCC[C@H](NC(=O)O[C@H](Cc1nnc(-c2ccc(F)cc2)o1)C(C)(C)C)C(=O)C(=O)N[C@H](C)c1ccccc1
D02299,OCC(CO)N[C@H]1C[C@](O)(CO)[C@@H](O)[C@H](O)[C@H]1O
D02300,Cc1cc(C(=O)Nc2ccc(-c3ccccc3S(N)(=O)=O)cc2)n(-c2ccc3cc(Br)ccc3c2)n1
D02301,CC(C)N(C)[C@@H]1CC[C@H](N2CC[C@H](NC(=O)c3cccc(C(F)(F)F)c3)C2=O)[C@H](CS(=O)(=O)C(C)(C)C)C1
D02302,COc1cc(OC)cc(-c2cc3cnc(NCCCCCN4CCOCC4)cc3nc2NC(=O)NC(C)(C)C)c1
D02303,COc1nn(C)cc1Nc1ncc(C)c(-c2c[nH]c3c(NC(=O)[C@@H](C)N4CCN(C)CC4)cccc23)n1
D02304,CC[C@H](NC(=O)N1C(=O)CC1SC[C@H](CC(C)C)NC(=O)[C@@H](NC(=O)CC(C)(C)C)C(C)(C)C)c1ccccc1
D02305,CCN(CC)CC=Cc1[nH]c(=O)c2c(ccc3nc(Nc4c(Cl)cccc4Cl)n(C)c32)c1C
D02306,CC(C)CN(Cc1nc2c(c(=O)[nH]1)COCC2)C(=O)CN1CCC(C(=O)c2ccc(F)cc2)CC1
D02307,C[C@@H]1c2nnc(-c3nc(C(F)(F)F)ns3)n2CCN1C(=O)c1ccc(F)cc1
D02308,COc1cc(-c2cnc3[nH]cc(-c4ccc5[nH]ccc5c4)c3c2)cc(OC)c1OC
D02309,COC[C@@H]1CCCN1S(=O)(=O)c1ccc2c(c1)C(=O)C(=O)N2Cc1ccc(OCCF)cc1
D02310,COc1cccc(CNC(=O)c2cc(C3NC(=O)NC(C)=C3C(=O)Nc3ccc4[nH]ncc4c3)ccc2F)c1
D02311,C[C@H](O)C(=O)N1CC[C@H](Oc2ccc(-c3ncnc(Nc4ccc(N5CCN(C6COC6)[C@@H](C)C5)cc4)n3)cc2C#N)C(F)(F)C1
D02312,OCCOCCN1CCN(C2=Nc3ccccc3Sc3ccccc32)CC1
D02313,CC[C@@H]1CCN(C(=O)C[C@H](N)Cc2cc(F)c(F)cc2F)[C@H](C)C(=O)N1
D02314,Cc1cc2c(NC(=O)N[C@@H]3CC(CF)(CF)Oc4cc(C5CC5)ccc43)cccc2cn1
D02315,Cc1nn(C)c2cc(Nc3ncnc(-c4ccc(O[C@H]5CCN(C(=O)[C@H](C)O)C[C@H]5F)c(C#N)c4)n3)ccc12
D02316,COc1cnc(C(=O)Nc2cc(C)c(F)c([C@]3(CF)C[C@@H](C(F)(F)F)OC(N)=N3)c2)c(C)c1
D02317,O=C1NCCc2[nH]c(-c3ccnc(-c4ccccc4)c3)cc21
D02318,CN(C)C(=O)[C@]12C[C@H]1[C@@](C)(c1cc(/C=C(\F)c3ccc(C#N)s3)ccc1F)N=C(N)S2
D02319,Cc1cc(C(=O)Nc2ccc(O)c(-c3cc(C(=O)O)ccn3)c2)no1
D02320,[NH3+][C@H]1Cn2c(nc3ccc(OC(F)(F)F)cc32)C[C@@H]1c1cc(F)c(F)cc1F
D02321,Cc1nnc(C(C)C)n1[C@H]1C[C@@H]2CC[C@H](C1)N2CC[C@H](NC(=O)C1CCC(F)(F)CC1)c1ccccc1
D02322,CO[C@H]1CC[C@]2(CC1)Cc1ccc(C#CC3CC3)cc1C21N=C(C)C(N)=N1
D02323,CCN1CCCC1c1nc(COc2cc3ncnc(Nc4ccc(Cl)c(Cl)c4)c3cc2OC)no1
D02324,Cc1cccc(NC(=O)Nc2ccc(-c3cncc4c3c(N)nn4C)cc2)c1
D02325,N#Cc1ccc(Cn2cncc2CN(CCCN)[C@H]2CCN(Cc3ccccc3)C2=O)cc1
D02326,Cc1ccc(C(=O)Nc2ccon2)cc1NC(=O)c1cnn(-c2ccccc2F)c1N
D02327,CCCS(=O)(=O)N1CCC(CNC(=O)c2c(F)cccc2Cl)(C(=O)N2CCOCC2)CC1
D02328,CC(C)c1cccc(Oc2cccc(N(Cc3cccc(OC(F)(F)C(F)F)c3)C[C@@H](O)C(F)(F)F)c2)c1
D02329,CO/N=C(\C(=O)NCP(=O)(O)Oc1ccc(C#N)c(F)c1)c1cccs1
D02330,COc1ccc2c(c1)[nH]c1c(C)nccc12
D02331,COC1COCCC1N[C@@H]1C[C@H]2C[C@H](Cl)C[C@@]2(C(=O)N2CCc3ncc(C(F)(F)F)cc3C2)C1
D02332,CN1CCc2nc(C(=O)N3CCN(S(=O)(=O)c4ccc5cc(Cl)ccc5c4)CC3C(N)=O)sc2C1
D02333,N#C[C@@H]1CCCN1C(=O)[C@@H]1C[C@@H](CC(=O)N2Cc3ccccc3C2)C(=O)N1
D02334,Cc1cc(Nc2ncc(-c3nc(-c4ccccc4)cs3)c(N[C@@H]3C[C@H](CO)[C@@H](O)[C@H]3O)n2)cc(C)n1
D02335,CNc1ncc(C(=O)Nc2cc(C(=O)Nc3cccc(C(F)(F)F)c3)ccc2C)c(OC)n1
D02336,CCn1nc(/C=C/c2ccccc2)nc2c(=O)n(C)c(=O)nc1-2
D02337,CCOCCc1cc(-c2ccc(S(C)(=O)=O)cc2)n(-c2ccccc2)c1C
D02338,CC(C)(Oc1ccc(F)cc1C#N)C1OCC(C/C=C\CCC(=O)O)C(c2cccnc2)O1
D02339,COc1cc(Nc2cc(Oc3ccc(NC(=O)Nc4cc(C(C)(C)C)cc(NS(C)(=O)=O)c4OC)c4ccccc34)ccn2)ccc1P(C)(=O)O
D02340,C=CC(=O)Nc1cccc(C)c1Nc1ncc(OCc2c(F)c(OC)cc(OC)c2F)cn1
D02341,C[C@@H](Oc1nc(-c2ccc3cc(C(=O)N(C)C)n(C)c3c2)cc2nn(C)cc12)[C@H]1CNC(=O)C1
D02342,O=C(O)c1cc(NCc2cc(O)ccc2O)ccc1O
D02343,CCN1CCN(CCn2nc3c(c2C(C)C)C(c2ccc(Cl)cc2)N(c2cccc(Cl)c2F)C3=O)C1=O
D02344,COc1c(Cl)cc(C2=C(c3ccc(S(C)(=O)=O)cc3)CCC2)cc1Cl
D02345,Cc1ccc(C(=O)N2CCOC[C@H]2Cc2cccc(-c3ncon3)c2)c(-n2nccn2)c1
D02346,C[C@H](NC(=O)c1cc(Cl)ccc1Oc1ccc(F)cc1)c1ccc(C(=O)O)cc1
D02347,Cc1ccc(C(=O)N2CCOC[C@H]2Cc2cccc(-n3nccn3)c2F)c(-n2nccn2)c1
D02348,Cc1cccc(C)c1-c1cc(C)c2nc(Nc3ccc(OCCN4CCCC4)cc3)nnc2c1
D02349,CN(C)c1cccc([C@H]2CC[C@@H](N3CC(NC(=O)CNc4nn(C)c5ccc(C(F)(F)F)cc45)C3)CC2)c1
D02350,Cc1ccc(NC(=O)c2cnoc2C)cc1C(=O)Nc1cnc(Nc2ccc(N3CCN(C)CC3)cc2)nc1
D02351,COc1cc(C(=O)NS(=O)(=O)c2ccccc2C)ccc1Cc1cn(C)c2ccc(NC(=O)OC3CCCC3)cc12
D02352,CNCCC(Oc1ccc(C(F)(F)F)cc1)c1ccccc1
D02353,O=c1[nH]nc2c3cc(-c4ccccc4)c(-c4ccc(CN5CCC(c6nnc(-c7ccccn7)[nH]6)CC5)cc4)nc3ccn12
D02354,COc1nn(C)cc1Nc1nccc(-c2c[nH]c3c(NC(=O)[C@@H](C)N4CCN(C)CC4)cccc23)n1
D02355,N#C[C@@H]1CCCN1C(=O)CNC(=O)c1ccnc2cc(-c3ccccc3)ccc12
D02356,COc1cc2c(NC3CCN(C)CC3)nc(N3CCCN(C)CC3)nc2cc1OCCCN(C)C
D02357,C#CCN(C)Cc1ccccc1
D02358,CN1CCC(S(=O)(=O)c2c(Cl)ccc(NC(=O)Nc3cccc(Cl)c3Cl)c2O)CC1
D02359,CC#Cc1ccc(C(=O)Nc2ccc(F)c([C@@]3(C(F)F)N=C(N)O[C@@H]4C[C@@H]43)c2)nc1
D02360,O=c1[nH]c2cccc(Cl)c2cc1O
D02361,CC(C)c1cnc(-c2cc(Cl)ccc2F)cc1Nc1ccncc1C(=O)NC[C@H](C)O
D02362,C[C@@H]1[C@H](F)CCN1C(=O)[C@]12C[C@H]1[C@@](C)(c1cc(/C=C(\F)c3ccc(C#N)cn3)ccc1F)N=C(N)S2
D02363,N[C@H]1C[C@@H](N2Cc3nn4cccnc4c3C2)CC[C@@H]1c1cc(F)c(F)cc1F
D02364,N#C[C@@H]1CCCN1C(=O)CNC12CC3CC(CC(O)(C3)C1)C2
D02365,CC(=N)N(C)Cc1ccc(C(=O)Nc2ccc(Cl)cc2C(=O)Nc2ccc(Cl)cn2)cc1
D02366,O=C(OCC#CCSc1nnc(-c2cccc3ccccc23)o1)c1ccccc1
D02367,CC1(C)C(=O)N(c2ccc(C#N)c(C(F)(F)F)c2)C(=S)N1c1ccc(Cn2ccc3cc(/C=C/C(=O)NO)ccc32)c(F)c1
D02368,N#CC(Cc1ccc2c(c1)c(=O)[nH]c1cc(Cl)ccc12)NC(=O)[C@H]1N[C@@H]2CC[C@H]1C2
D02369,CN(C)C(=O)n1nnnc1Cc1ccc(-c2ccccc2)cc1
D02370,CS(=O)(=O)Nc1ccc(-c2coc3cc(C#CC4CN(C(=O)CO)C4)ccc3c2=O)cc1
D02371,COc1ccc(-c2n[nH]c(NCc3c(F)cccc3Cl)n2)cc1OC
D02372,Cc1cc(Br)ccc1NC(=O)c1ccc2ccccc2c1
D02373,NS(=O)(=O)c1ccc(Cc2c(-c3cccc(-c4ccccc4)c3)nn(-c3nc(C(=O)O)cs3)c2C2CC2)cc1
D02374,NC(=O)c1cc(-c2ncnc(Nc3ccc(N4CCN(C5COC5)CC4)cc3)n2)ccc1OC1CNC(=O)C(F)(F)C1
D02375,Cc1cccc(CN2CCC(N(C)c3cc(F)c(S(=O)(=O)Nc4cscn4)c(F)c3C)C2)n1
D02376,NS(=O)(=O)c1cc(Cl)c(Cl)c(S(N)(=O)=O)c1
D02377,Cc1ccc(C(=O)Nc2cccc(C(F)(F)F)c2)cc1NC(=O)c1cnc(NCCN2CCOCC2)nc1Oc1ccccc1
D02378,CCc1cc(Cc2cnc(N)nc2N)cc(C)c1OC
D02379,O=C(O)c1ccc2sc(Cn3ccnc3)cc2c1
D02380,CSCC[C@@H](NC(=O)[C@@H](CC(=O)NO)Cc1ccccc1)C(=O)O
D02381,Cc1cc(COc2ccc(S(=O)(=O)CC(C=C3CCSCC3)N(O)C=O)cc2)c2ccccc2n1
D02382,CC(C)N(C)[C@@H]1CC[C@H](N2CC[C@H](NC(=O)c3cccc(C(C)(C)C)c3)C2=O)[C@H](CS(C)(=O)=O)C1
D02383,CCOC(=O)[C@H](CCc1ccccc1)N[C@@H](C)C(=O)N1[C@H](C(=O)O)C[C@@H]2CCC[C@@H]21
D02384,O=C(O[C@@H]1CCC[C@@H]1Cc1ccc(O)cc1)c1cc(O)c(C(=O)c2c(O)cccc2C(=O)O)c(O)c1
D02385,C=CCN(CC(=O)O)C(=O)/C(C)=C/c1ccc(C(=O)Oc2ccc(C(=N)N)cc2)cc1
D02386,C[C@@H](CO)CN1[C@H](C)Cc2c([nH]c3ccccc23)[C@H]1c1ccc(/C=C/C(=O)O)cc1
D02387,N#Cc1cnc2c(Nc3ccc(Cl)c([C@@]4(CF)N=C(N)O[C@@H]5C[C@@H]54)c3)ncc(F)c2c1
D02388,Cc1ccccc1-c1ccc(Cc2nnnn2C(=O)N(C)C)cc1
D02389,CC(C(=O)O)c1ccc(-c2ccccc2)c(F)c1
D02390,COc1ccc(CC(C)NCC(O)c2ccc(O)c(NC=O)c2)cc1
D02391,CS(=O)(=O)Cc1cc(N2CCOCC2)nc(NC(=O)c2ccno2)n1
D02392,O=C(OC[C@H]1O[C@@H](OC(=O)c2cc(O)c(O)c(O)c2)[C@H](OC(=O)c2cc(O)c(O)c(O)c2)[C@@H](OC(=O)c2cc(O)c(O)c(O)c2)[C@@H]1OC(=O)c1cc(O)c(O)c(O)c1)c1cc(O)c(O)c(O)c1
D02393,CC/C(=C(\c1ccccc1)c1ccc(OCCN(C)C)cc1)c1ccccc1
D02394,CC(=O)N1CCN(CCOc2ccc(-c3cccc4c(=O)cc(N5CCOCC5)oc34)c3sc4ccccc4c23)CC1
D02395,Cc1nc(N=Nc2ccc(P(=O)(O)O)cc2)c(CP(=O)(O)O)c(C=O)c1O
D02396,CCCCCOc1ccc(C(=O)c2cccc3ccccc23)c2ccccc12
D02397,C[C@]1(c2cc(/C=C(\F)c3cnc(Cl)cn3)ccc2F)N=C(N)S[C@]2(CO)[C@H]1C2(F)F
D02398,CCN1/C(=C/c2ccc3ccccc3[n+]2CC)C=Cc2ccccc21
D02399,N[C@@H](CC(=O)N1CCn2c(nnc2C(F)(F)F)C1)Cc1cc(F)c(Cl)cc1F
D02400,Cn1c(CNc2ccc(C(=N)N)cc2)nc2cc(C(=O)N(CCC(=O)O)c3ccccn3)ccc21
D02401,CCCCOc1ccc(-c2ccc(S(=O)(=O)N(CC(=O)NO)OC(C)C)cc2)cc1
D02402,NC(=O)CN1CCCC(c2ccccc2)(C2CCN(Cc3ccc(Br)cc3)CC2)C1
D02403,CC1(c2ccccc2)CCCN(C(=O)NCCc2ccc(Cl)cc2)C1
D02404,COc1ccc2c(c1)C(=O)N(C[C@@]1(C#Cc3cccnc3)NC(=O)NC1=O)C2
D02405,COc1cc2c(cc1OC)-c1n[nH]c(Nc3cccc(F)c3)c1C2
D02406,C#Cc1cnc(N2CCC[C@@H](N)C2)n(Cc2ccccc2C#N)c1=O
D02407,CC[C@@H](C)Oc1cc2c(cc1OC)CC(=O)N(c1ccc(C(C)N3CCC(N(C)C(C)C)CC3)cc1)C2c1ccc(Cl)cc1
D02408,CC1(C)[C@H](O)CC[C@]2(C)[C@@]3(C)c4[nH]c5ccccc5c4C[C@@H]3CC[C@@]12O
D02409,CCCCCCNC(=O)Oc1cccc(-c2ccc(C(C)C(=O)O)cc2N)c1
D02410,CS(=O)(=O)Nc1cccc(-c2ncn(CC(F)F)c2-c2ccc3ncc(C#N)n3n2)c1
D02411,N#CC(C#N)=C1C(=O)N(Cc2ccc(O)cc2)c2ccc(S(=O)(=O)N3CCC[C@H]3COc3ccccc3)cc21
D02412,CCN(CC)CCNC(=O)c1cc(Cl)c(N)cc1OC
D02413,CC(C)(O)c1ccc(-c2cccc(-n3cc(C(=O)NC4CC4)c(=O)c4cccnc43)c2)c[n+]1[O-]
D02414,N#Cc1cnc2ccc(-c3c(-c4cccc(CO)c4)ncn3CC(F)F)nn12
D02415,CN([C@@H]1CCc2c(CC(=O)O)c3cccc(F)c3n2C1)S(=O)(=O)c1ccc(F)cc1
D02416,COc1ccc(OC)c(Sc2c(C)[nH]c3nc(N)[nH]c(=O)c23)c1
D02417,CC(C)(Oc1ccccc1O)C1OCC(C/C=C\CCC(=O)O)C(c2cccnc2)O1
D02418,CO[C@H]1/C=C/O[C@@]2(C)Oc3c(C)c(O)c4c(O)c(c(/C=N/N5CCN(C)CC5)c(O)c4c3C2=O)NC(=O)/C(C)=C\C=C\[C@H](C)[C@H](O)[C@@H](C)[C@@H](O)[C@@H](C)[C@H](OC(C)=O)[C@@H]1C
D02419,N[C@@H](CC(=O)N1CCn2c(nnc2C(F)(F)F)C1)Cc1cc(F)ccc1F
D02420,CCOc1cc(OC)cc(-c2cc(COC(C)(C)C(=O)O)nn2Cc2ccccc2OCC)c1
D02421,CC1(C)OC(=O)N([C@H]2CC[C@H](NC(=O)c3ccnc4cc(F)cnc34)CC2)[C@H]1c1ccccc1
D02422,COCCNC(=O)N1CC[C@H](Oc2ccc(-c3ncnc(Nc4ccc(N5CCN(C6COC6)CC5)cc4)n3)cc2C#N)[C@H](F)C1
D02423,C[C@@H](Oc1nc(-c2ccc3cnn(C)c3c2)cc2nn(C)cc12)[C@H]1CNC(=O)C1
D02424,Cc1ccc(F)cc1Cn1c(N2CCC[C@@](C)(N)C2)cc2ncn(C)c(=O)c21
D02425,c1ccc(CN2CCC(CN[C@@H]3C[C@H]3c3ccccc3)CC2)cc1
D02426,CCN(CC)CCn1c2c3c4c(cccc41)C(=O)NN=C3CC(C)(C)C2
D02427,Cc1cccc(Nc2ccnc(Nc3ccc(N4CCN(C)CC4)c(C)c3)n2)c1
D02428,COc1cnc(C(=O)Nc2ccc3c(c2)C2(CCSC(N)=N2)c2cc(O)cc(F)c2O3)cn1
D02429,Cc1cn([C@H]2CC[C@@H](CO)O2)c(=O)[nH]c1=O
D02430,Nc1ccccc1NC(=O)/C=C/c1ccc(-c2ccc3ncnc(Nc4ccc(OCc5cccc(F)c5)c(Cl)c4)c3c2)o1
D02431,O=C1NC(=O)[C@@]2(CCOc3ccc(F)cc32)N1
D02432,CCCCN(CCCC)C(=O)CN1C[C@H](c2ccc3c(c2)OCO3)[C@@H](C(=O)O)[C@@H]1CCC1OCCO1
D02433,CCc1cn2c3c(cc(C(=O)N[C@@H](Cc4ccccc4)[C@H](O)CNCc4ccccc4)cc13)N(C)S(=O)(=O)CC2
D02434,O=C(c1cccc(S(=O)(=O)N2CCc3ccccc3C2)c1)N1CCOCC1
D02435,c1ccc2ncc(-c3nccnc3OC3CN(c4ccc5ccccc5n4)C3)cc2c1
D02436,CN(C)S(=O)(=O)c1ccc(S(=O)(=O)N[C@H]2CC[C@H]([C@H](N)C(=O)N3CCCC3)C2)cc1
D02437,O=C1CCOc2cc(OCc3ccc(Cl)cc3)ccc21
D02438,[NH3+][C@H](C(=O)N1CC[C@H](F)C1)[C@@H](C(=O)N1CCCC1)c1ccc(-c2ccc(F)cc2)cc1
D02439,CN[C@@H](C)C(=O)N[C@H]1CN2C(=O)CCCNC(=O)c3ccc4c(c(OC)ccc4c3)CN(C1=O)c1ccccc12
D02440,Cc1cc(COc2ccc(S(=O)(=O)CC(CC3CCN(C(C)(C)C)CC3)N(O)C=O)cc2)c2ccccc2n1
D02441,O=C(N[C@@H](CC1CCCCC1)C(=O)C(F)(F)C(=O)NCCN1CCOCC1)[C@H](Cc1cnc[nH]1)NC(=O)[C@H](Cc1ccccc1)NS(=O)(=O)N1CCOCC1
D02442,CN([C@H]1CC[C@H]([C@H](N)Cc2cc(F)ccc2F)CC1)S(=O)(=O)c1ccc(-c2csnn2)cc1
D02443,CCN(CC#N)C(=O)[C@@H]1C[C@H](C(=O)N(C)C)[C@H](C)N1
D02444,CCn1cc(Nc2ncnc(-c3ccc(O[C@H]4CCN(C(=O)[C@H](C)O)C[C@H]4F)c(C#N)c3)n2)cn1
D02445,N[C@@H]1CCCN(c2c(Cl)cccc2C=C2SC(O)=NC2=O)C1
D02446,Cn1c(C2CC2)nc2ccc(N3CC[C@H](c4cc(F)c(F)cc4F)[C@@H]([NH3+])C3)nc21
D02447,CC1(C)C(N)=N[C@](C)(c2cc(NCc3nn(C(F)F)cc3Cl)ccc2F)CS1(=O)=O
D02448,COc1cc(Nc2cc(Oc3ccc(NC(=O)Nc4cc(C(C)(C)C)nn4-c4ccc(C)cc4)c4ccccc34)ncn2)cc(C(=O)NCCN2CCOCC2)c1
D02449,CN(CCN)Cc1ccccc1Sc1ccccc1Cl
D02450,O=C1NC(=O)C(c2cnc3ccccn23)=C1c1cn2c3c(cc(F)cc13)CN(C(=O)N1CCCCC1)CC2
D02451,COC(=O)[C@H]1[C@H]2C[C@@H]3c4[nH]c5cc(OC)ccc5c4CCN3C[C@H]2C[C@@H](OC(=O)c2cc(OC)c(OC)c(OC)c2)[C@@H]1OC
D02452,CC(C)NC(CS(C)(=O)=O)c1ccc(-c2ccc3ncnc(Nc4ccc(OCc5cccc(F)c5)c(Cl)c4)c3c2)o1
D02453,CSCC[C@H](NC(=O)[C@@H](N)Cc1ccc(O)cc1)C(=O)N[C@@H](Cc1ccccc1)C(=O)N[C@@H](CC(=O)O)C(=O)N[C@@H](CC(C)C)C(=O)N[C@@H](CCSC)C(=O)N[C@@H](CC(=O)O)C(=O)O
D02454,COc1cccc(OC)c1[C@@H]1C[C@@H](O)C(=O)N1Cc1ccc(OC(F)(F)F)cc1
D02455,CCOC(=O)C1(c2ccc3c(c2)nc(Cc2ccc(C(=N)N)cc2)c(=O)n3C)CC1
D02456,CN1CCN(C(=O)[C@@H](COCc2ccnc(Cl)c2)NC(=O)c2cccnc2Oc2ccc(C(F)(F)F)cc2Cl)CC1
D02457,CCn1cnc2c(Nc3cc(F)cc(F)c3)nc(C#N)nc21
D02458,O=C(O)COc1cc(Cl)ccc1C(=O)NCc1c(Br)c(Br)c(Br)c(Br)c1Br
D02459,CC(C)c1c(-c2cc(CC#N)c3ncnn3c2)[nH]c2ccc(C3CCN(CC(=O)N(C)C)CC3)cc12
D02460,N#C[C@H]1CCCC[C@@H]1n1cc(C(N)=O)c(Nc2ccccc2)n1
D02461,CN[C@@H](C)C(=O)N[C@H]1CN(C(=O)c2cccc3[nH]ncc23)c2ccccc2N(Cc2c(C)ccc3ccccc23)C1=O
D02462,CCCOc1ccc(CCC(=O)c2c(O)cc(O)c([C@@H]3O[C@H](CO)[C@@H](O)[C@H](O)[C@H]3O)c2O)cc1
D02463,CCc1nc2c(C)cc(C)nc2n1Cc1ccc2c(c1)CCN2C(c1ccccc1)c1nnn[nH]1
D02464,C=CCN(CC(=O)OCC)C(=O)/C(C)=C/c1ccc(C(=O)Oc2ccc(C(=N)N)cc2)cc1
D02465,C#Cc1ccc(-c2ccc(C(=O)NCC(C)C)cc2C(=O)O)c(C(=O)Nc2ccc(C(=N)N)cc2)c1
D02466,COc1cccc(-c2csc(C3(NC(=O)C[C@H](N)Cc4ccccc4F)CCS(=O)(=O)CC3)n2)c1
D02467,CC(C)C[C@H](N[C@@H](c1ccc(-c2ccc(S(C)(=O)=O)cc2)cc1)C(F)(F)F)C(=O)N[C@@H](Cc1ccccc1)C(N)=O
D02468,CC(C)c1c(-c2cc(C(C)(C)O)c3ncnn3c2)[nH]c2ccc(C3CCN(Cc4ncn(C)n4)CC3)cc12
D02469,CCN[C@H]1CN(CCCOC)S(=O)(=O)c2sc(S(N)(=O)=O)cc21
D02470,CC(C)(C)NC(=O)NCc1cnc2ccc(-c3c(-c4ccc(F)cc4)ncn3CC(F)F)nn12
D02471,Cc1nnc(C(C)C)n1C1CC2CCC(C1)N2CC[C@H](NC(=O)C1CCCCC1)c1cccnc1
D02472,O=C(CCCCCCC(=O)Nc1cccc(-c2cn(-c3ccc(I)cc3)nn2)c1)NO
D02473,Cc1sc(N[C@](Cc2ccccc2)(c2cc(F)cc(OC(F)(F)C(F)F)c2)c2ccc(Cl)cn2)nc1C(F)(F)F
D02474,COC(=O)C1=CCCN(C)C1
D02475,Cl.N[C@@H]1C[C@H]1c1ccc(NC(=O)c2cccc(NC(=O)OCc3ccccc3)c2)cc1
D02476,O=c1cc(-c2ccc(O)cc2)oc2cc(O)ccc12
D02477,N[C@@H](Cc1cc(I)c(Oc2ccc(O)c(I)c2)c(I)c1)C(=O)O
D02478,CC(=O)Nc1ccc(-c2ccc(NCC(=O)Nc3ccc(CN4CCNCC4)c(C(F)(F)F)c3)cc2)cn1
D02479,CCCCCCCCCCCCCC(=S)NCCCCC(NC(=O)Oc1ccccc1)C(=O)Nc1ccccc1
D02480,O=C(CN1CCCC2=C1C(=O)N(C1CC1)C2=O)Nc1ccc(-c2cncc(F)c2)nn1
D02481,CC1(C)CC(c2ccc(F)cc2)=C(c2ccc(S(C)(=O)=O)cc2)C1
D02482,COc1ccnc(CCc2nc3ncccc3[nH]2)c1
D02483,CCOc1nn(C)cc1Nc1ncc(F)c(-c2c[nH]c3c(NC(=O)[C@@H](C)N4CCN(C)C[C@H]4C)cccc23)n1
D02484,COc1cc([C@@H]2c3cc4c(cc3[C@H](O)[C@H]3COC(=O)[C@H]23)OCO4)cc(OC)c1OC
D02485,C[C@@H]1CN(c2nnc(Cc3ccccc3)c3ccc(C#N)cc23)CCN1c1ccc(C#N)cn1
D02486,O=C(O)[C@@H]1[C@@H](SCCc2ccc(-c3ccccc3)cc2)CC[C@H]1CN1C(=O)c2ccccc2C1=O
D02487,CN(C)CC(O)Cn1c2ccccc2c2c3c(c4c5ccccc5n(C)c4c21)C(=O)NC3
D02488,Cc1cccc(C)c1OCC(=O)N[C@@H](Cc1ccccc1)[C@@H](O)C[C@H](Cc1ccccc1)NC(=O)[C@H](C(C)C)N1CCCNC1=O
D02489,CN(CCc1cnn(-c2cc(C(=O)O)ccn2)c1)Cc1ccc(F)cc1
D02490,CN(C)[C@@H]1CC[C@H](c2c[nH]c3ccc(C#N)cc23)C1
D02491,CCCCN(CCCC)C(=O)CN1C[C@H](c2ccc3c(c2)OCO3)[C@@H](C(=O)O)[C@@H]1CCC1CCOCC1
D02492,O=C(CSc1nc2ccccc2c(=O)[nH]1)N[C@H]1CC[C@H](n2c(=O)[nH]c3ccc(Cl)cc32)CC1
D02493,CC(C)CCNc1nccc(-c2cccnc2Oc2ccc(Nc3nc4ccccc4[nH]3)c3ccccc23)n1
D02494,CNC(=O)c1ccc(C)c(-n2c(C)cc(OCc3ccc(F)cc3F)c(Br)c2=O)c1
D02495,O=C1CCc2ccc(OCCCCN3CCN(c4cccc(Cl)c4Cl)CC3)cc2N1
D02496,COc1cccc(-c2ccc3c(c2)NC(=O)/C3=C\c2[nH]cc(CCC(=O)O)c2C)c1
D02497,CNC(=O)c1cn(C)c2c1C(=O)N(c1cc(C)c3nnn(C)c3n1)C2c1ccc(Cl)cc1
D02498,O=C(CN1C(=O)CCc2ccccc21)Nc1scc(Br)c1-c1nnc[nH]1
D02499,COc1cc2nc(N3CCN(C(=O)c4ccco4)CC3)nc(N)c2cc1OC
D02500,CC(C)(OC(=O)C12CC3CC(CC(C3)C1)C2)c1cccnc1
D02501,CCN(CC)CC(=O)Nc1ccc2nc3c4[nH]c5ccccc5c4ccn3c(=O)c2c1
D02502,Cn1c(=O)n(-c2ccc(C(C)(C)C#N)cc2)c2c3cc(-c4cnc5ccccc5c4)ccc3ncc21
D02503,COc1ccc(C2(C3CCCCC3)NC(=N)N(C3CCCCC3)C2=O)cc1
D02504,O=C(NOCCO)c1cc(CN2OCCCC2=O)c(F)c(F)c1Nc1ccc(I)cc1F
D02505,O=C(Nc1ccc(C2CCN(C(=O)[C@H]3CC[C@H](C(=O)O)CC3)CC2)cc1)c1nc(-c2ccccc2)oc1C(F)(F)F
D02506,O=C1C(Cl)=C(N2C(=O)CCC2=O)C(=O)c2ccccc21
D02507,Cc1ccc(-n2nc(C(C)(C)C)cc2NC(=O)Nc2ccc(Oc3ccnc(Nc4ccc5[nH]ncc5c4)n3)c3ccccc23)cc1
D02508,CN1CCC[C@@H]1CCn1ccc2cc(N=C(N)c3cccs3)ccc21
D02509,CN[C@@H](C)C(=O)N[C@@H]1C(=O)N(Cc2c(OC)ccc3c(Br)cccc23)c2ccc(C#N)cc2N(C(=O)CS(C)(=O)=O)[C@H]1C
D02510,[NH3+][C@H]1CN(c2ccc3nc(=O)ccn3n2)CC[C@@H]1c1cc(F)c(F)cc1F
D02511,Cc1[nH]c2ccccc2c1C1CCN(Cc2ccc(/C=C/C(=O)NO)cc2)C1
D02512,CCOC(=O)C(C)(C)c1ccc2c(C)cc(Oc3ccc(C(=N)N)cc3)nc2c1
D02513,O=C(NCc1cccc(OC(F)(F)F)c1)C1c2ccccc2C(=O)N1CCc1ccccn1
D02514,Cc1nnc(C(C)N(Cc2ccccc2Cl)c2ccc(C#N)c(Cl)c2)n1C
D02515,O=C1CC(Cc2ccccc2)NC(=O)C1C(=O)Nc1ccc(C2CCCCC2)cc1
D02516,NC(CC(=O)N1CCn2nc(C(F)(F)F)nc2[C@@H]1C(O)C1CC1)Cc1cc(F)c(F)cc1F
D02517,Cc1cccnc1CN1CCC2(CC1)C(=O)N(c1ccc(N3CCC3=O)cc1)C(=O)N2c1cc(=O)[nH]cn1
D02518,CC#CC(=O)N1CCC[C@@H]1Cn1nc(-c2ccc(Oc3ccccc3)cc2)c2c(N)ncnc21
D02519,NC1=N[C@@](c2cc(NC(=O)c3ncc(Cl)cc3Cl)ccc2Cl)(C(F)F)[C@H]2C[C@H]2O1
D02520,CCSc1nnc(-c2cc(C(C)(C)C)c(O)c(C(C)(C)C)c2)o1
D02521,O=C(NCCC(c1ccccc1)c1ccccc1)c1cccnc1
D02522,Cc1c(C(=O)O)ccc2c1CC[C@@H]2NC(=O)c1cc(C(=O)NCc2ccc(F)c(C(F)(F)F)c2)nc2c(F)cnn12
D02523,N#Cc1cc(-c2ncnc(Nc3ccc(N4CCN(C5COC5)CC4)cc3)n2)ccc1N1CC[C@@H](O)C1
D02524,Cc1cc(C)nc(Nc2cc(NC[C@@H](N)CCS(C)(=O)=O)cnc2C(N)=O)c1
D02525,O=C(/C=C/c1ccc(Cl)c(Cl)c1)c1cccnc1
D02526,N[C@@H](CC(=O)N1CCn2nc(C(F)(F)F)nc2[C@H]1Cc1ccc(C(F)(F)F)cc1)Cc1cc(F)c(F)cc1F
D02527,Cc1n[nH]c2c1C(c1ccc(Cl)cc1F)N(c1cc(C)c3nnc(C)n3c1)C2=O
D02528,COc1ccc([C@H]2c3c(c(O)n(-c4ccc(C(=O)O)cc4)c3O)ON2c2ccc(C)cc2)cc1
D02529,COC(=O)[C@@H]1C2CCC(C[C@H]1c1ccc(Cl)c(F)c1)S2=O
D02530,CC1(c2ccc(Oc3ccccc3)cc2)C(=O)NC(=O)NC1=O
D02531,CN1Cc2cc(N3CCOCC3)ccc2[C@@H](c2ccc3sccc3c2)C1
D02532,O=C(c1cscn1)N1CC[C@@](O)(c2ccccc2)[C@@H]2CCCC[C@@H]21
D02533,CC(C)(Cc1ccccc1)C1OCC(C/C=C\CCC(=O)O)C(c2cccnc2)O1
D02534,Cc1c([C@@H](O)CN2CCN(CC(O)c3cc(C4CC4)c(C#N)cn3)CC2)ccc2c1COC2=O
D02535,CCCNC1CCc2[nH]ncc2C1
D02536,CCCCc1nn(-c2c(Cl)cc(Cl)cc2Cl)c(C(=O)OCC)c1Cc1ccc(-c2ccccc2-c2nnn[nH]2)cc1
D02537,C[C@H]1CN(c2ccc(C(=O)Nc3cc(-c4ccccc4)ccc3N)cn2)CCN1C(=O)OCc1ccccc1
D02538,N#Cc1cc(-c2ncnc(Nc3ccc(N4CCN(C5COC5)CC4)cc3)n2)ccc1OCC1CCOCC1
D02539,O=C(O)c1ccc(CNC(=O)c2cc(Cl)cnc2Oc2ccc(F)cc2)cc1
D02540,CCOc1ccc(Cc2cccc([C@@H]3S[C@H](CO)[C@@H](O)[C@H](O)[C@H]3O)c2)cc1
D02541,CC(C)(OCc1cc(-c2cccc(OC3CC3)c2)n(-c2cccc3cn[nH]c23)n1)C(=O)O
D02542,CC(=O)NCCc1cc(F)ccc1-c1onc([C@H]2CNCC[C@]2(O)c2ccc(F)c(F)c2)c1Br
D02543,O=C(O)c1cccc(Nc2ccc([N+](=O)[O-])c3ccccc23)c1
D02544,O=c1[nH]cc(Cl)cc1O
D02545,O=c1cc(CN2CCOc3c(Cl)cc(-c4csc5ccccc45)cc3C2)cc[nH]1
D02546,OCC1CCN(c2nccnc2OC2CCN(c3ccc4ccccc4n3)CC2)CC1
D02547,[NH3+][C@H]1CN(c2ccc3nc(C(F)(F)F)cn3n2)CC[C@@H]1c1cc(F)c(F)cc1F
D02548,Cc1cc(-c2[nH]c3ccc(C4CCN(C5CCS(=O)(=O)C5)CC4)cc3c2C(C)C)cn2ncnc12
D02549,CCN1CCN(CC/C=C/c2ccc3c(Nc4ccc(Sc5nccn5C)c(Cl)c4)c(C#N)cnc3c2)CC1
D02550,Oc1ccc(Cl)cc1-c1c[nH]nn1
D02551,Cn1nc(-c2ccc(C(N)=O)cc2)s/c1=N\C1CCCCC1
D02552,COc1ccc([C@@H]2Sc3ccccc3N(CCN(C)C)C(=O)[C@@H]2OC(C)=O)cc1
D02553,CN[C@@H](C)C(=O)N[C@@H]1C(=O)N(Cc2c(C)ccc3ccccc23)c2ccc(C#N)cc2N(C(C)=O)[C@H]1C
D02554,Cc1[nH]c([C@@H](Cc2cn(C)c3ccccc23)NC(=O)[C@H](CC(C)C)N(C)C(=O)NC2CCCCC2)nc1C(=O)O
D02555,Cc1ccc(-n2nc(C(C)C)cc2NC(=O)Nc2ccc(Oc3ccnc(Nc4cc(C(=O)NCCN5CCOCC5)cc(C(F)(F)F)c4)n3)c3ccccc23)cc1
D02556,Cc1cnc(-c2cc(O[C@H]3CCOC3)cc(C(=O)N[C@H](C)c3cnc(C(F)(F)F)nc3)c2)s1
D02557,CC(C)(CC(=O)N1CCN(S(C)(=O)=O)CC1)NCC(=O)N1C[C@@H](F)C[C@H]1C#N
D02558,CN[C@@H](C)C(=O)N[C@H](C(=O)N1Cc2ccccc2[C@H]1C(=O)Nc1cccc2sccc12)C(C)C
D02559,O=c1c2ccccc2nc2n1CCc1c-2[nH]c2ccccc12
D02560,CC(=O)N1CCC(c2nccnc2OC2CN(c3ccc4ccccc4n3)C2)CC1
D02561,CC(=O)O[C@]1(C(C)=O)CC[C@H]2[C@@H]3C[C@H](C)C4=CC(=O)CC[C@]4(C)[C@H]3CC[C@@]21C
D02562,CCS(=O)(=O)c1cc2cc(CC(O)(CC(C)(C)c3ccc(F)cc3C(N)=O)C(F)(F)F)[nH]c2cn1
D02563,Nc1ccc(-c2ccsc2)cc1NC(=O)c1ccc(N2CCC3(CCNC3)CC2)nc1
D02564,COc1ccc(CN[C@H]2CC2c2ccccc2)c(C)c1C
D02565,CC1(C)OC(=O)C(c2cccc(F)c2)=C1c1ccc(S(C)(=O)=O)cc1
D02566,Oc1ccc2c(c1)C1C(CC2)C1c1ccncc1
D02567,C[C@@H](Oc1cc(-c2cnn(C3CCC3)c2)cc2nn(C)c(F)c12)[C@H]1CNC(=O)C1
D02568,NC(N)=NCCCC(NC(=O)[C@@H]1CCCN1C(=O)[C@@H](N)Cc1ccccc1)C(=O)c1nc2ccccc2s1
D02569,C[C@]1(Nc2ccc(C(=O)NO)cc2)CCN(c2ccc(Cl)cc2)C1=O
D02570,COc1cncc(-c2ccc3cc(OC)ccc3c2)c1
D02571,C[C@@H]1N[C@H](C(=O)N(C)CC#N)C[C@@H]1C(=O)N(C)C
D02572,O=c1cc(-c2ccc(O)c(O)c2)oc2cc(O)cc(O)c12
D02573,CC(C)(C(=O)N[C@H]1C2CC3CC1C[C@](O)(C3)C2)N1CCN(c2ccc(C(F)(F)F)cn2)CC1
D02574,C[C@@H](O)Cn1cnc(-c2ccc(F)cc2)c1-c1ccc2ncc(C(N)=O)n2c1
D02575,Nc1ccc(C23CC(C2)C(=O)N(C2CCCCC2)C3=O)cc1
D02576,CC12CCCC(/C=C/C(=O)NS(=O)(=O)c3cc(Cl)c(Cl)s3)=C1N(Cc1ccc3ccccc3c1)C(=O)C2
D02577,O=c1cc(-c2ccccc2)oc2c1ccc1ccccc12
D02578,CN(C)C(=O)N1CCn2cc(C3=C(c4cnc5ccccn45)C(=O)NC3=O)c3cccc(c32)C1
D02579,Cc1cc(-c2ccc([C@H](C)N3CC[C@](CC(C)(C)O)(c4ccccc4)OC3=O)cc2)cc(=O)n1C
D02580,Cc1c(OC2CCN([C@H](C)c3ccccc3)CC2)cc(F)c(S(=O)(=O)Nc2cscn2)c1F
D02581,COc1cc(-c2cccc(F)c2)c(Cl)cc1-n1c(=O)ccc2cc(S(=O)(=O)Nc3nncs3)ccc21
D02582,C=CC(=O)NCC(=O)Nc1cccc(Nc2ncc(NC(=O)c3cc(NC(=O)c4cccc(C(F)(F)F)c4)ccc3C)cn2)c1
D02583,C[C@H](NC(=O)c1cc(Cl)cnc1Oc1cccc(F)c1)c1ccc(C(=O)O)cc1
D02584,FC(F)(F)c1ccc(CCN2CCC(Nc3ncnc4[nH]ncc34)C(F)(F)C2)cc1
D02585,CCCCCCCN1C[C@H](O)[C@@H](O)[C@H](O)[C@H]1CO
D02586,O=C(O)c1c(Sc2ccccc2)c2cc(Cl)ccc2n1Cc1ccc(Cl)cc1
D02587,C[C@@H]1Cc2c([nH]c3ccccc23)[C@@H](c2nccc(OCCNCCCF)c2F)N1CC(F)(F)F
D02588,COc1ccc(-c2ccc3c(N4CCOC[C@@H]4C)nc(N4CCOC[C@@H]4C)nc3n2)cc1CO
D02589,CC(C)(C)OC(=O)N1CCC(n2ncc3c(N4CCOCC4)nc(-c4ccc(N)cc4)nc32)CC1
D02590,O[C@H]1C[C@H](CN2CC[C@H](c3ccc(F)cc3Cl)[C@@H](O)C2)Cc2cccnc21
D02591,CS(=O)(=O)c1ccc(-c2ccc(C(=O)Nc3ccccc3C(=O)O)cc2Oc2ccccc2)cc1
D02592,Cc1ccc2c(-c3cnn4cc(-c5ccc(N6[C@@H](C)CNC[C@H]6C)cc5)cnc34)cccc2n1
D02593,COc1cc(C(=O)NCCN(C)C)ccc1Nc1nccc(Oc2ccc(NC(=O)Nc3cc(C(C)C)nn3-c3ccc(C)cc3)c3ccccc23)n1
D02594,COc1ccc2c(c1)c(CC(=O)O)c(C)n2C(=O)c1ccc(C)cc1
D02595,CN[C@@H](C)C(=O)N[C@H]1CN(C(=O)c2ccc(C)cc2)c2ccccc2N(Cc2c(OC)ccc3cc(Br)ccc23)C1=O
D02596,COC(=O)C1C2CCC(C[C@@H]1OC(c1ccccc1)c1ccc(C)cc1)N2C
D02597,COc1cc2nccc(Oc3ccc(NC(=O)c4c(-c5ccccc5)n(C)n(-c5ccccc5)c4=O)nc3)c2cc1OC
D02598,O=C(NC[C@@H]1CCCN1)c1ccc(-c2cnc3ccc(NCC4CC4)nn23)cc1
D02599,Cn1ncc(-c2ccncc2)c1-c1ccc(OCc2cc(OCCOCCOCCOCCF)c3ccccc3n2)cc1
D02600,C[C@@H]1C(=O)N(CC(=O)O)CCCN1C(=O)C[C@H](N)Cc1cc(F)ccc1F
D02601,CCOC(=O)c1cncc(N2CCC([C@H](N)Cc3cc(F)ccc3F)CC2)c1
D02602,COc1ccc(Nc2ncc3c(n2)-c2ccccc2NC(=O)C3)cc1O
D02603,Cc1c(Cc2ccc3ccccc3n2)c2cc(F)ccc2n1CC(=O)O
D02604,Cc1[nH]c2ncnc(Nc3cccc(Br)c3)c2c1C
D02605,CC(=O)NCC[C@H](N)C(=O)N1CCCCC1
D02606,COc1cc(Nc2nccc(Oc3ccc(NC(=O)Nc4cc(C(C)(C)C)cc(NS(C)(=O)=O)c4OC)c4ccccc34)n2)cc(S(=O)(=O)C2CC2)c1
D02607,O=C([O-])c1cccc(Cc2cc(Cl)ccc2OCc2ccc(Cl)cc2Cl)n1
D02608,N[C@@H](CC(=O)N1CCn2nc(-c3ccccc3)nc2C1)Cc1cc(F)c(F)cc1F
D02609,N#Cc1coc(C(=O)CCCCCCc2ccccc2)n1
D02610,C[C@H](O)C(=O)N1CC[C@H](Oc2ccc(-c3ncnc(Nc4cccc(CN5CCOCC5)c4)n3)cc2C#N)[C@H](F)C1
D02611,CC(=O)c1ccc(Nc2cccc(C(=O)O)c2)c(C(=O)O)c1
D02612,COc1cc(-c2cc(F)cnc2OC)ccc1-c1nccc2cc(S(=O)(=O)Nc3nncs3)ccc12
D02613,C=C(C)c1cnc(-c2cc(Cl)ccc2F)cc1Nc1ccncc1C(=O)N[C@@H](O)CC
D02614,Cn1cc([C@@]2(c3cc(C(=O)O)ccn3)N[C@@H](c3nc(-c4ccc(F)cc4)c[nH]3)Cc3c2[nH]c2ccccc32)cn1
D02615,O=C(CNc1ccccc1)Nc1ccc2nc3c4[nH]c5ccccc5c4ccn3c(=O)c2c1
D02616,O=C(NC1CC1c1ccccc1)N1CCC(c2nc(-c3ccccc3C(F)(F)F)no2)CC1
D02617,O=C(C[C@@H](Cc1ccccc1)C(=O)N1CCC[C@H]1C(=O)O)NO
D02618,CCc1cc(Cc2cnc(N)nc2N)cc(CC)c1CC
D02619,CS(=O)(=O)c1ccc(-c2c(-c3cccc(F)c3)nn3ncccc23)cc1
D02620,Cc1nc(N=Nc2ccc(C(=O)O)cc2)c(COP(=O)(O)O)c(C=O)c1O
D02621,C=CC[C@H]1C(=O)O[C@H]2CCN(C(=O)OCc3ccccc3)C21
D02622,Cc1noc(/C(=C/c2cccc(-c3cc(C(C)(C)S(C)(=O)=O)cc4cccnc34)c2)c2ccc(S(C)(=O)=O)cc2)n1
D02623,COc1cnc(C(=O)Nc2ccc3c(c2)C2(CCOC(N)=N2)c2cc(Cl)nc(F)c2O3)cn1
D02624,NC(=O)c1cccc2c1OCC(c1cncc(CN3CCOC3=O)c1)O2
D02625,Cc1ccccc1NC(=O)Oc1ccc2c(c1)[C@]1(C)CCOC1O2
D02626,CS(=O)(=O)Nc1ccc(-c2cc(C(F)(F)F)nn2-c2ccc(Cl)cc2)cc1
D02627,Fc1ccc(-c2ncn(C3CC(F)(F)C3)c2-c2ccc3nccn3c2)cc1Cl
D02628,COC(C)(C)c1cncc(-c2ccc3c(c2)CCc2nnc(C)n2-3)c1
D02629,COc1cc2c(cc1OC)[C@@H]1C[C@H](N)[C@@H](c3cccc(C)c3)CN1CC2
D02630,O=C(O)Cn1c2c(c3cc(C(F)(F)F)ccc31)CN(C(=O)c1ccccc1)CC2
D02631,CN(C)C(=O)[C@@H](c1ccc(-c2cccc(C#N)c2)cc1)[C@H]([NH3+])C(=O)N1CC[C@H](F)C1
D02632,C[C@@H]1C(=O)NCCCN1C(=O)C[C@H](N)Cc1cc(F)ccc1F
D02633,COc1ccc(C(C)=O)cc1CSc1nc2ccccc2n1CC(=O)O
D02634,CN(Cc1cnc2nc(N)nc(N)c2n1)c1ccc(C(=O)NC(C(=O)O)C(O)CC(=O)O)cc1
D02635,Cc1ccc(C(=O)Nc2ccc(CN3CCN(C)CC3)c(C(F)(F)F)c2)cc1C#Cc1cnc2cccnn12
D02636,Cn1ncc(-c2ccncc2)c1-c1ccc(OCc2cc(OCCOCCOCCF)c3ccccc3n2)cc1
D02637,O=C(NO)c1ccc(C(=O)Nc2cccc(Nc3ncc(-c4cccnc4)s3)c2)cc1
D02638,CCCCn1c(=O)sn(CC)c1=O
D02639,COc1ccc2c(c1)c(CC(=O)Oc1ccc(NC(C)=O)cc1)c(C)n2C(=O)c1ccc(Cl)cc1
D02640,Oc1ccc(Nc2nc(-c3ccc(Cl)cc3)cs2)cc1
D02641,CC(C)(C)CCc1cn2c(n1)C(O)C(O)C(O)C2CO
D02642,CN[C@@H](C)C(=O)N[C@H]1CN(C(=O)c2ccc(C(C)=O)cc2)c2ccccc2N(Cc2c(OC)ccc3cc(Br)ccc23)C1=O
D02643,C#CCOc1cnc(C(=O)Nc2cnc(F)c([C@]3(C)C[C@@H](C(F)(F)F)OC(N)=N3)c2)cn1
D02644,CC(C)(C(=O)N[C@H]1C2C[C@H]3CC1C[C@@](O)(C2)C3)N1CCCCC1
D02645,Cc1c(CC(=O)O)cc(-c2ccc(S(C)(=O)=O)cc2)n1-c1cccc(F)c1
D02646,O=C(c1ccncc1F)N1CC[C@@](O)(c2ccccc2)[C@@H]2CCCC[C@@H]21
D02647,Cn1nccc1-c1cc(Cl)ccc1Oc1cc(F)c(S(=O)(=O)Nc2nncs2)cc1Cl
D02648,N#Cc1cnc2ccc(-c3c(-c4ccc(F)c(Cl)c4)ncn3[C@H]3CCC(F)(F)C3)nn12
D02649,Cc1occc1-c1nc(N)c(OC[C@@H](N)Cc2c(C(N)=O)[nH]c3ccccc23)cc1-c1cnc2[nH]nc(C)c2n1
D02650,Cc1c(NC(=O)c2ccc(C(C)(C)C)cc2)cccc1-c1nc(Nc2ccc(C(=O)N3CCOCC3)cc2)c2nc[nH]c2n1
D02651,C/C=C1\[C@H]2C=C(C)C[C@]1(N)c1ccc(=O)[nH]c1C2
D02652,Cc1nc2cccnc2n2c(-c3cc(OC[C@@H](C)O)ccc3Cl)nnc12
D02653,O=S(=O)(c1cccc(F)c1)c1ccc2c3c(oc2c1)C1(CCCOC1)NCC3
D02654,Fc1ccc([C@@H]2CCNC[C@H]2COc2ccc3c(c2)OCO3)cc1
D02655,C[C@]1(c2cc(/C=C(\F)c3ccc(C#N)cn3)ccc2F)N=C(N)S[C@@]2(C(=O)N3CCC(F)(F)C3)C[C@H]21
D02656,COc1cc(Nc2ncc(F)c(Nc3ccc4c(n3)NC(=O)C(C)(C)O4)n2)cc(OC)c1OC
D02657,CN1CCC(N2CCCCc3cc(N=C(N)c4cccs4)ccc32)C1
D02658,CN[C@@H](C)C(=O)N[C@@H]1C(=O)N(Cc2c(OC)ccc3cc(Br)ccc23)c2ccccc2N(C(=O)CS(C)(=O)=O)[C@H]1C
D02659,CNc1ncc2cc(-c3cc(C(=O)Nc4cc(C(F)(F)F)ccc4OC4CCN(C)CC4)ccc3C)ccc2n1
D02660,C=CCCCCCCCCCN1C(=O)C(=O)c2cc(S(=O)(=O)N3CCC[C@H]3COC)ccc21
D02661,CC(=O)CC[C@H]1C(=O)N[C@@H](C(C)C)C(=O)N[C@@H](Cc2cc(O)cc(F)c2)C(=O)N2CCCC(N2)C(=O)O[C@H](/C(C)=C/C=C/C(=O)N2CCCCO2)C/C=C/C=C/[C@H](O)[C@H](C)[C@H]1O
D02662,O=C1C(=O)N(Cc2ccc(OCCF)cc2)c2ccc(S(=O)(=O)N3CCC[C@H]3COc3ccccc3)cc21
D02663,COc1cc2c(Nc3ccc(Cl)c(Cl)c3F)ncnc2cc1OC[C@@H]1C[C@@H]2CN(CC(C)C)C[C@@H]2C1
D02664,N#CC1(NC(=O)[C@@H]2Cc3ccc(c(Cl)c3)OCCCCOc3cc(C(F)(F)F)ccc3C(=O)N2)CC1
D02665,NC[C@@H]1CCn2cc(c3ccccc32)C2=C(C(=O)NC2=O)c2cn(c3ccccc23)CCO1
D02666,O=C(O)CCn1c(C2CC2)c(Cn2ccnc2)c2ccccc21
D02667,CCOC(=O)c1[nH]c(C)c(Cc2ccc(OCC)cc2)c1C
D02668,COc1cnc2c(Nc3ccc(F)c([C@]4(C)CS(=O)(=O)C(C)(C)C(N)=N4)c3)cccc2n1
D02669,O=c1[nH]c(=S)n(Cc2ccccc2CNCC2CCC2)c2cc[nH]c12
D02670,Cn1nc(-c2cnc3[nH]cc(C(=O)NC4(C)CCNCC4)c3n2)c2ccc(F)cc21
D02671,CC1(C)N=C(N)N=C(N)N1c1ccc(OCc2ccc(Cl)cc2Cl)cc1
D02672,C[C@@]1(c2cc(CNC3(C(F)(F)F)COC3)c(F)cc2F)CCSC(N)=N1
D02673,COc1cc(N2C(=O)N(c3ccc(-c4ccc5cn[nH]c5c4)cc3)C(=O)C23CCN(Cc2ncccc2C)CC3)ncn1
D02674,CC(C)(C)c1ccc2c(c1)C(=CNCc1cc(O)c(-c3ccccc3)cn1)C(=O)NC2=O
D02675,CN(C)CCCn1cc(C2=C(c3cn(C)c4ccccc34)C(=O)NC2=O)c2ccccc21
D02676,CCC(=O)n1nc(-c2cccnc2)nc1NCc1ccc(F)cc1
D02677,O=S(=O)(Nc1nccs1)c1cc(Cl)c(NC[C@H]2CCCO[C@@H]2c2ccccc2)cc1F
D02678,N#Cc1ccccc1Cn1c(N2CCC[C@@H](N)C2)ncc(-c2ccccc2)c1=O
D02679,N#CCCC1(c2ccccc2)CCCN(C(=O)Nc2ccc(Cl)cc2)C1
D02680,CCc1ccc(C(=O)c2c(Cl)ccc3c2CO[C@]32O[C@H](CO)[C@@H](O)[C@H](O)[C@H]2O)cc1
D02681,CC(=O)N1CCc2cc(-c3cnccc3C)ccc21
D02682,CN1CCC(c2cccc(Nc3nc4c(-c5ccc(S(C)(=O)=O)cc5)cccn4n3)c2)CC1
D02683,Cn1cc(C2=C(c3cn(CCCSC(=N)N)c4ccccc34)C(=O)NC2=O)c2ccccc21
D02684,C[C@@H]1CCCCN1S(=O)(=O)c1ccc(N2CCCC2=O)cc1
D02685,CC[C@H](C)[C@H](NC(=O)C[C@H](O)[C@H](CC1CCCCC1)NC(=O)CSC[C@H](O)[C@H](Cc1ccccc1)NC(=O)OC(C)(C)C)C(=O)NCc1cnc(C)nc1N
D02686,CC1(C)N=C(N)N=C(N)N1c1ccc(Cl)cc1
D02687,CCOc1ccc(Br)c2c1B(O)O[C@@H]2CN
D02688,N#Cc1cnc2ccc(-c3c(-c4ccc(F)c(Cl)c4)ncn3C[C@@H]3CCCO3)nn12
D02689,O=c1cc(-c2ccccc2)oc2cc(O)c(O)c(O)c12
D02690,Cc1cccc(CN2CCC(Oc3ccc(S(=O)(=O)Nc4nccs4)cc3Cl)CC2)n1
D02691,Nc1ccccc1NC(=O)/C=C/c1ccc(-c2ccc3ncnc(Nc4ccc(OCc5cccc(F)c5)c(Cl)c4)c3c2)cc1
D02692,N[C@@H](CC(=O)N1CCn2c(nnc2C(F)(F)F)C1Cc1ccccc1)Cc1cc(F)c(F)cc1F
D02693,COc1ccc(CC[C@@H](OC(=O)[C@@H]2CCCCN2S(=O)(=O)c2ccc3[nH]c(=O)sc3c2)c2cccc(OCC(=O)O)c2)cc1OC
D02694,CC1(C)C(N)=N[C@](C)(c2cc(NC(=O)c3cnc(C(F)(F)F)cn3)ccc2F)CS1(=O)=O
D02695,Cc1cc2[nH]ncc2cc1-c1ccccc1C(F)(F)F
D02696,Cn1cnc(C#Cc2ccc3c(=O)c(-c4ccc(NS(C)(=O)=O)cc4)coc3c2)c1
D02697,O=C(CCCCCCc1ccccc1)c1ncc(-c2cc(=O)[nH]c(=O)[nH]2)o1
D02698,O=Nc1c(C2C(=O)Nc3cc(Br)ccc32)[nH]c2ccccc12
D02699,O=C(NO)c1ccc(Cl)c(NC(=O)c2ccccc2)c1
D02700,[C-]#[N+]c1ccc(C(=O)Nc2ccc(F)c([C@]3(C)C[C@@H](C(F)(F)F)OC(N)=N3)c2)nc1
D02701,O=C1C(SCCO)=C(SCCO)C(=O)c2ccccc21
D02702,N#[N+][CH-]C(=O)[C@H](Cc1ccccc1)NC(=O)CN
D02703,Cn1cc(-c2cnc3c(NC(=O)NCCc4ccccc4)ccnc3c2)cn1
D02704,C=CC(=O)Nc1ccc(S(=O)(=O)N2CCN(C(=O)OC3CCCC3)CC2)cc1
D02705,C/C(=C\C(=O)OCCCCCCCCC(=O)O)C[C@@H]1OC[C@H](C[C@@H]2O[C@H]2[C@@H](C)[C@H](C)O)[C@@H](O)[C@H]1O
D02706,COC(=O)c1ccc(-c2ccc(Cl)c(O[C@H]3O[C@H](CO)[C@@H](O)[C@H](O)[C@@H]3O)c2)cc1
D02707,COc1cc2c(cc1OC(C)C)C(c1ccc(Cl)cc1)N(C1CCC(C(C)(C)O)CC1)C(=O)C2
D02708,N#Cc1cc(-c2ncnc(Nc3ccc(N4CCN(C5COC5)CC4)cc3)n2)ccc1O[C@H]1CCN(C(=O)C2(O)COC2)C[C@H]1F
D02709,O=C(O)C(CCSCc1ccccc1)NS(=O)(=O)c1ccc(-c2ccc(Br)cc2)cc1
D02710,O=C(/C=C/c1ccc(O)c(O)c1)c1ccc(O)cc1O
D02711,CCOc1ccc(CNC=C2C(=O)NC(=O)c3ccc(Br)cc32)cc1O
D02712,Cn1c(=O)cc(Nc2cc(C(=O)NC3CC3)ccc2Cl)c2cnn(-c3ccc(F)cc3)c21
D02713,CCc1nc2cc(-n3ncc(C(=O)c4cc5ccccc5[nH]4)c3N)ccc2[nH]1
D02714,CCCCCCCCCCCCC/C=C/[C@@H](O)[C@@H](N)CO
D02715,Cc1cnc(Nc2nc(N[C@@H](C)c3ncc(F)cn3)nc(N3CCOCC3)c2F)s1
D02716,CC(C)COc1cccc(-c2cc(COC(C)(C)C(=O)O)nn2-c2ccccc2F)c1
D02717,CCOC(=O)c1cccc(-c2ccc([C@H](C)[C@H]([NH3+])C(=O)N3CC[C@H](F)C3)cc2)c1
D02718,CNS(=O)(=O)Nc1cc(Cc2c(C)c3ccc(OC(=O)N(C)C)cc3oc2=O)ccn1
D02719,COc1cc2c(cc1OC(C)C)[C@H](c1ccc(Cl)cc1)N(c1ccc(N(C)C[C@H]3CC[C@H](N4CCN(C)C(=O)C4)CC3)cn1)C(=O)C2
D02720,O=C1c2cccc(O)c2C(=O)c2c(O)cc(CO)cc21
D02721,CC(C)(C)OC(=O)N1CCC(n2ncc3c(N4CCOCC4)nc(-c4ccc(NC(=O)NCCF)cc4)nc32)CC1
D02722,CCc1cc(Cc2cnc(N)nc2N)cc(CC)c1OCCO
D02723,C[C@@H]1COCCN1c1cc(C2(S(C)(=O)=O)CC2)nc(-c2cccc3[nH]ccc23)n1
D02724,O=c1cc(-c2ccccc2)oc2c3c(ccc12)OCC=C3
D02725,COc1cc(C(=O)NCCN2CCOCC2)ccc1Nc1nccc(Oc2ccc(NC(=O)Nc3cc(C(C)C)nn3-c3ccc(C)cc3)c3ccccc23)n1
D02726,CCC1(CNC(=O)CN2CCC(c3ccc4[nH]c(-c5cc(OC)c6ncnn6c5)c(C(C)C)c4c3)CC2)COC1
D02727,N#Cc1cnc2ccc(-c3c(-c4ccc(F)c(Cl)c4)ncn3C3CC(F)(F)C3)cn12
D02728,O=C(N[C@@H]1C2CCC(C2)[C@H]1OC(=O)c1cc(O)c(C(=O)c2c(O)cccc2C(=O)O)c(O)c1)c1ccc(O)cc1
D02729,CN(C)C(=O)c1cc2cnc(Nc3ccc(N4CC5CCC(N5)C4=O)cn3)nc2n1C1CCCCCC1
D02730,CC(C)c1nc2ccccc2n1Cc1ccc(C(=O)NO)cc1
D02731,Cc1onc(-c2c(F)cccc2Cl)c1NC(=O)OCc1c(F)cccc1Cl
D02732,COc1ccc(S(=O)(=O)N2CCN(Cc3ccccc3)CC2C(=O)NO)cc1
D02733,COc1ccc(S(=O)(=O)N2CCCSC[C@@]2(C)C(=O)NO)cc1
D02734,COc1ccc(NC(=O)Oc2ccc3c(c2)[C@]2(C)CCN(CCc4ccccc4)[C@@H]2N3C)cc1
D02735,Cc1c(-c2ccncc2)n[nH]c1CNc1cccc(C(=O)NCc2ccccc2)c1
D02736,CC(C)[C@H](NS(=O)(=O)c1ccc(-c2cccc(F)c2)cc1)P(=O)(O)O
D02737,C[C@@H](N)[C@H]1CC[C@H](C(=O)Nc2ccncc2)CC1
D02738,COc1ccc(C(=O)Nc2cccc(CNc3ncnc4c(C(N)=O)cccc34)c2)cc1C(F)(F)F
D02739,FC(F)(F)c1cc(Cl)cc(COCC2(c3ccccc3)CCNCC2)n1
D02740,CCCCNC(=O)[C@H](C)CC(O)[C@@H](N)C[C@H](C)COC(=O)c1cn(Cc2ccccc2)c2ccccc12
D02741,Cc1cc(C(=O)Nc2ccc(-c3ccccc3S(N)(=O)=O)cc2)n(-c2cc3ccccc3cc2C(N)=O)n1
D02742,CCOc1nn(C)cc1Nc1ncc(F)c(-c2c[nH]c3c(NC(=O)[C@@H](C)N4CCN(C)[C@@H](C)C4)cccc23)n1
D02743,CN1C(=O)c2c(nn(C)c2Cc2ccccc2)N2CC3(CCCC3)N=C12
D02744,Cc1c2c(O[C@H](C)[C@H]3CNC(=O)C3)cc(-c3cnn([C@@H]4CCOC(C)(C)C4)c3)cc2nn1C
D02745,C[C@]1(c2cc(/C=C(\F)c3ccc(C#N)cn3)ccc2F)N=C(N)S[C@@]2(C(=O)N3CC4(CCOCC4)C3)C[C@H]21
D02746,COc1ccc(C(=O)NCCO)cc1Nc1nccc(Oc2ccc(NC(=O)Nc3cc(C(C)C)nn3-c3ccc(C)cc3)c3ccccc23)n1
D02747,Cc1cc(C(F)(F)F)cnc1C(=O)Nc1cc(F)c(F)c([C@@]2(CF)N=C(N)O[C@@H]3C[C@@H]32)c1
D02748,CS(=O)(=O)c1ccc(-c2cc(C(F)(F)F)nc(NCC3CCCCC3)n2)cc1
D02749,O=C(c1ccccc1)N1CCc2oc(-c3ccc(F)cn3)nc2C1
D02750,CC[C@@H]([C@H](C)O)n1ncn(-c2ccc(N3CCN(c4ccc(OC[C@@H]5CO[C@@](Cn6cncn6)(c6ccc(F)cc6F)C5)cc4)CC3)cc2)c1=O
D02751,CN(C)CCCN1c2ccccc2Sc2ccc(Cl)cc21
D02752,C[C@@H](C(=O)N(C)[C@@H]1CCc2c(CC(=O)O)c3cccnc3n2C1)c1ccc(F)cc1
D02753,Cc1cc(N2C(=O)c3c(NC(=O)CN(C)C)cn(C)c3C2c2ccc(Cl)cc2)cn2c(C(F)F)nnc12
D02754,O=c1c2ccsc2n(Cc2ccccc2)c(=O)n1O
D02755,N#Cc1cc(-c2ncnc(Nc3ccc(N4CCO[C@@H](CO)C4)cc3)n2)ccc1O[C@H]1CCN(C(=O)CO)C[C@H]1F
D02756,COc1cc(C(=O)N2CCC[C@@H](N)C2)cc2nc(-c3cc4ccccc4n3CC3CC3)n(C)c12
D02757,O=C1NC(=O)c2ccc(I)cc2C1=CNCc1ccc(-c2ccoc2)c(O)c1
D02758,Nc1nc2[nH]c(CCCCc3ccc(C(=O)N[C@@H](CCC(=O)O)C(=O)O)cc3)cc2c(=O)[nH]1
D02759,Cc1cccc(-c2nnc3n2CCN(C(=O)c2ccc(-c4ccccc4)cc2)[C@@H]3C)n1
D02760,CN(C)C(=O)c1cc2cnc(Nc3ccc(C(=O)N4CC5CCC(C4)N5)cn3)nc2n1C1CCCCC1
D02761,COc1ccc(Cc2cnc(N)nc2N)cc1OC
D02762,O=C(O)Cn1c2c(c3ccccc31)CN(C(=O)c1ccccc1)CC2
D02763,CC(C)c1cnc(-c2cc(Cl)ccc2F)cc1Nc1ccncc1C(=O)N[C@@H](C)CO
D02764,O=C(/C=C/c1ccc(/C=C(/CNC2CC2)c2ccc(F)cc2)cc1)NO
D02765,C[C@@]1(c2cc(NC(=O)c3ccc(Cl)cn3)cc(Cl)c2F)C[C@@H](C(F)(F)F)OC(N)=N1
D02766,Cc1cc(-c2ccc([C@H](C)N3CC[C@](CC(C)(C)O)(c4ccccc4)OC3=O)cc2)cc(C)n1
D02767,Cc1ccc(NC(=O)c2ccnc(N3CCCC3)c2)cc1-c1ccc2c(C3CCNCC3)noc2c1
D02768,O=C1/C(=C/c2cn(-c3ccccc3)nc2-c2ccc(OCc3ccccc3F)cc2)SC(=S)N1CCS(=O)(=O)O
D02769,CN(C)C(=O)c1cccc(S(=O)(=O)N2CCS[C@H]2C(=O)O[C@@H](Cc2c(Cl)c[n+]([O-])cc2Cl)c2ccc(OC(F)F)c(OCC3CC3)c2)c1
D02770,Cn1cc([C@H]2C[C@H]3[C@@H](CF)SC(N)=N[C@@]3(c3ccc(F)cc3F)CO2)cn1
D02771,CCOC(=O)c1ccc(-c2csc3c(=O)cc(N4CCSCC4)oc23)cc1
D02772,CCCCCCCCCCCCCCCC[C@H](CC(=O)O)C(=O)N[C@@H](Cc1ccccc1)C(=O)NC
D02773,COc1ccc(CN(C)C)c(-c2cc3c(Nc4ccc5[nH]ccc5c4C)c(C#N)cnc3s2)c1
D02774,CC(C)CC(c1nnnn1C)N(CC1CCC1)c1ccc(C#N)c(Cl)c1
D02775,[C-]#[N+]c1cnc2c(Nc3ccc(F)c([C@]4(C)CS(=O)(=O)C5(CCC5)C(N)=N4)c3)nccc2c1
D02776,COc1ccc2c(c1)c(CC(=O)O)c(C)n2C(=O)c1ccc(C(F)(F)F)cc1
D02777,CC(C)c1c(-c2nnc(OC3CCNCC3)o2)cn2ncnc(Nc3cc(C(=O)NC4CC4)c(F)cc3F)c12
D02778,C#Cc1ccc2ccccc2c1CN1C(=O)[C@@H](NC(=O)[C@H](C)NC)CCc2ccccc21
D02779,CCCN(CCCCN1C(=O)CC2(CCCC2)CC1=O)C1COc2cccc(OC)c2C1
D02780,CC(C)(Oc1ccccc1)C1OCC(C/C=C\CCC(=O)O)C(c2cccnc2)O1
D02781,CC(=O)Nc1ccc(C(=O)Nc2cc(-c3cccs3)ccc2N)cc1
D02782,CCCCN1C(=O)C(=O)c2cc(S(=O)(=O)N3CCC[C@H]3COC)cc(F)c21
D02783,Cn1c(=O)c2c(nc(N3CCC[C@@H](N)C3)n2Cc2cc(F)ccc2Cl)c2ccc(C(=O)O)cc21
D02784,Cc1ncc(-c2ccc([C@H]3[C@H](C(=O)NO)[C@@H]3c3ccccc3)cc2)o1
D02785,CN(C)CCn1c2c3c4c(cccc41)C(=O)NN=C3CC(C)(C)C2
D02786,CC(C)(C)OC(=O)N[C@@H](Cc1c[nH]c2ccccc12)C(=O)N[C@@H](CCCCNC(=O)Nc1cccc2ccccc12)C(=O)N[C@@H](CC(=O)O)C(=O)N[C@@H](Cc1ccccc1)C(N)=O
D02787,O=c1[nH]c2ccccc2n1CCCN1CCC(Cc2ccccc2)CC1
D02788,Clc1nc(NCc2ccccn2)c2c(-c3ccccc3)cccc2n1
D02789,O=C(OCC(Cc1ccc(O)cc1)NS(=O)(=O)c1ccccc1)c1cc(O)c(C(=O)c2c(O)cccc2C(=O)O)c(O)c1
D02790,COc1ccc(S(=O)(=O)N(Cc2cccnc2)[C@@H](C(=O)NO)C(C)C)cc1
D02791,CC1(C)C(=O)N([C@H]2C3CC4CC2C[C@](C(N)=O)(C4)C3)CC1COc1ccc(C#N)cn1
D02792,CN(C/C=C/c1ccc(-c2ccccc2)cc1)Cc1ccc2c(c1)OCCC2.Cl
D02793,COc1ccc(CCN(C)CCCC(C#N)(c2ccc(OC)c(OC)c2)C(C)C)cc1OC
D02794,COC1CCc2cc(-c3cccnc3)ccc2C1
D02795,Cc1c(C)c2ccc(OCCOc3ccccc3)cc2oc1=O
D02796,CC(C)C[C@H](NC(=O)NCc1ccc(Cl)cc1Cl)C(=O)N[C@H](C(=O)N[C@@H](CCCN=C(N)N)C(=O)c1nccs1)C(C)C
D02797,CCOc1ccc(Cc2cc3c(cc2Cl)CO[C@]32O[C@H](CO)[C@@H](O)[C@H](O)[C@H]2O)cc1Cl
D02798,CN1CCC(C)(C2CC(=O)N(CCOc3ccc(F)c(C#N)c3)C2)CC1
D02799,CC1(C)COCc2sc(N3CCN(C(=O)[C@@H]4CCCC[C@H]4C(=O)NC4(C#N)CC4)CC3)nc21
D02800,C[C@H]1C[C@H]2CSC(N)=N[C@@]2(c2nc(NC(=O)c3ccc(OC(F)F)cn3)cs2)CO1
D02801,Cc1cc(NC(=O)NCCCN2CCC[C@@H](Cc3ccc(F)cc3)C2)cc(-c2nnnn2C)c1
D02802,CN(CCCCCCN1C(=O)c2ccccc2C1=O)Cc1ccccc1F.Cl
D02803,Cc1nnc(N2C(=O)c3oc4ccccc4c(=O)c3C2c2ccco2)s1
D02804,COc1cc(N2C(=O)N(c3ccc(-c4ccccc4C(=O)O)cc3)C(=O)C23CCN(Cc2ncccc2C)CC3)ncn1
D02805,O=C(NCc1ccccc1)c1ccc2cc(Br)c(C(F)(F)P(=O)(O)O)cc2n1
D02806,CC(=O)N1CCN(c2ccc(OC[C@@H]3CO[C@@](Cn4ccnc4)(c4ccc(Cl)cc4Cl)O3)cc2)CC1
D02807,Cc1cc(Nc2nn(CC(F)(F)F)c(=O)c3ccccc23)[nH]n1
D02808,Cc1nc2cccc(C(F)(F)F)c2c(=O)n1-c1ccc(OCCCN2CCCC2)cc1
D02809,CCN(CC)CCCC[C@H](NC(=O)[C@H](CC(C)C)NC(=O)[C@H](C)NC(=O)[C@H](Cc1ccc(CNC(=O)OC(C)(C)C)cc1)NC(=O)c1ccc(C(C)(C)C)cc1)C(=O)N[C@@H](CO)C(=O)OC
D02810,CC(C)CNC(=O)c1ccc(-c2ccc(-c3cscc3CN=[N+]=[N-])cc2C(=O)Nc2ccc(C(=N)N)cc2)c(C(=O)O)c1
D02811,CC[C@@H](Oc1cccc(Cn2c(C)c(C(=O)c3ccc(Cl)cc3)c3ccc(OC(F)(F)F)cc32)c1)C(=O)O
D02812,CCOC(=O)c1cc(-c2cccc(OC(=O)NC3CCCCC3)c2)n(-c2ccccc2)n1
D02813,Cc1cc(=O)c(O)c(C(=O)NCc2ccc(-c3ccc(-c4ccccc4)cc3)cc2)o1
D02814,CC(=O)NCCc1ccccc1-c1ccc([C@H]2CNCC[C@@]23OC(=O)c2cc(F)c(F)cc23)c(C)c1
D02815,C/C=C/C[C@@H](C)[C@@H](O)[C@H]1C(=O)N[C@@H](CC)C(=O)N(C)CC(=O)N(C)[C@@H](CC(C)C)C(=O)N[C@@H](C(C)C)C(=O)N(C)[C@@H](CC(C)C)C(=O)N[C@@H](C)C(=O)N[C@H](C)C(=O)N(C)[C@@H](CC(C)C)C(=O)N(C)[C@@H](CC(C)C)C(=O)N(C)[C@@H](C(C)C)C(=O)N1C
D02816,COCc1cc(C#N)cnc1C(=O)Nc1ccc(F)c([C@@]2(C(F)F)N=C(N)O[C@@H]3C[C@@H]32)c1
D02817,Cc1nc(-c2ccc(S(N)(=O)=O)cc2)c(-c2ccc(Cl)cc2)s1
D02818,CC(C)(C)c1cc(NC(=O)Nc2ccc(Oc3ccnc4[nH]c(=O)cnc34)cc2F)n(-c2cccc(F)c2)n1
D02819,CC1CCCCC1=NNc1nc(-c2ccc(C#N)cc2)cs1
D02820,CC(C)c1cc(C#N)cc2nc(-c3ccc(C(=O)NC[C@@H]4CN(c5ccc(-c6ccccc6OC(F)(F)F)cn5)C(=O)O4)cc3)oc12
D02821,COc1cccc(-c2cc(COC(C)(C)C(=O)O)nn2Cc2ccccc2Br)c1
D02822,Oc1ccc(/C=C/c2cc(O)cc(O)c2)cc1
D02823,CN[C@@H](C)C(=O)N[C@@H]1C(=O)N(Cc2c(OC)ccc3cc(Br)ccc23)c2ccccc2N(C(=O)c2ccc(C#N)cc2)[C@H]1C
D02824,COc1cc2c(Nc3ccc(NC(=O)c4ccccc4)cc3)ncnc2cc1OCCO
D02825,Cc1[nH]c2ncnc(Nc3cccc(Cl)c3)c2c1C
D02826,Cn1nc(C2CCN(C(=O)CCO)CC2)nc1-c1cnc(N)c(-c2nnc(C(C)(C)C)o2)n1
D02827,NC(=O)c1c(NC(=O)c2cc3ccccc3o2)sc2c1CCC2
D02828,CC(C)Oc1cc([C@@](Cc2ccccc2)(NC[C@@H](O)CC(F)(F)F)c2cc(F)cc(OC(F)(F)C(F)F)c2)ccc1F
D02829,O=C(CNc1n[nH]c2ccc(C(F)(F)F)cc12)NC1CN([C@H]2CC[C@@H](n3ccccc3=O)CC2)C1
D02830,CN[C@@H](C)C(=O)N[C@H]1CN(C(=O)CC2CCOCC2)c2ccccc2N(Cc2c(OC)ccc3cc(Br)ccc23)C1=O
D02831,O=C(/C=C/c1ccc(O)cc1)Nc1cccc(Br)c1
D02832,O=C(CCCCSc1nc(-c2ccc(-c3ccccc3)cc2)cc(=O)[nH]1)NO
D02833,CC(C)C#Cc1cccc([C@@]2(c3ccc(OC(F)F)cc3)N=C(N)N(C)C2=O)c1
D02834,CC1(C)c2cc(C3CCN(C4COC4)CC3)ccc2C(=O)c2c1[nH]c1cc(C#N)ccc21
D02835,Cc1c[nH]c(/C=C2\C(=O)Nc3ccccc32)c1CCC(=O)O
D02836,O=C(CCN1CC=C(c2ccc(F)cc2)CC1)c1ccc(Br)cc1
D02837,NS(=O)(=O)c1ccc(Cc2cn(-c3nc(C(=O)O)cs3)nc2-c2ccc(F)c(F)c2)cc1
D02838,C[C@@H](O[C@H]1CN2C(=O)[C@H]3C[C@@](C)(O)C[C@H]3[C@H]2[C@@H]1c1ccc(F)cc1)c1cc(C(F)(F)F)cc(C(F)(F)F)c1
D02839,COc1cccc([N+](C)(C)C)c1
D02840,C[C@@H](c1ccc(-c2ccc(=O)n(C)c2)cc1)N1CC[C@](CC(C)(C)O)(c2ccc(F)cc2)OC1=O
D02841,O=C(NC(c1ccc(Cl)c(Cl)c1)C1CCNCC1)c1ccc2cnc(F)cc2c1
D02842,O=C(Nc1ccc(F)cc1F)c1cccnc1Nc1ccc(Oc2ccnc3[nH]ccc23)c(F)c1
D02843,O=C1c2oc(-c3ccc(Cl)cc3)cc2Cc2cc(N3CCNCC3)ccc2N1Cc1ccccc1-c1cccnc1
D02844,COc1cc2ncnc(Nc3ccc(F)c(Cl)c3)c2cc1OC
D02845,C[C@@H](Oc1cc(-c2cnn(C3CCNCC3)c2)cc2nn(C)cc12)[C@H]1CNC(=O)C1
D02846,Cc1[nH]c(/C=C2\C(=O)Nc3ccc(F)cc32)c(C)c1C(=O)NCc1ccncc1
D02847,Cc1ccc(-n2c(N)c(C(=O)N3CCN(C)CC3)sc2=S)cc1
D02848,O=c1[nH]nc(-c2ccnc(NC3CCCOC3)c2)n1-c1ccc2ccccc2c1
D02849,NC1=N[C@@](c2cc(NC(=O)c3cnc(OCC4CCCCC4)cn3)ccc2F)(C(F)F)[C@H]2C[C@H]2O1
D02850,c1ccc(-c2csc(NN=C3CCCCCC3)n2)cc1
D02851,NC(=O)c1cnc2ccc(-c3c(-c4ccc(F)cc4)nc4n3CCN(CC(F)F)C4)cn12
D02852,Nc1noc2c(N3CCC(NC(=O)c4ccc(-n5cnnc5)cc4Cl)C3)nccc12
D02853,Cc1ccc(-c2cc(F)c(F)cc2-c2ccc(S(C)(=O)=O)cc2)cc1C
D02854,CN(C)CCCNC(=O)c1cccc(-c2cc(Cl)c3c(c2)C2(CCCCC2)NC(=O)N3)c1
D02855,N[C@@H](CC(=O)N1CCn2nc(C(F)(F)F)nc2C1)Cc1cc(F)c(F)cc1F
D02856,Cc1c([C@H]2CN3CCN(C(=O)Cc4ccc(-n5cnnn5)nc4)C[C@H]3CO2)ccc(F)c1C#N
D02857,Clc1cccc(-c2ncccc2CC(c2cccnc2)c2cccnc2)c1
D02858,O=C(Nc1cc(-c2ccccc2)ccc1O)c1ccccc1
D02859,O=C(Nc1ccc(Cl)cc1)N1CCCC(CCCO)(c2ccccc2)C1
D02860,CS(=O)(=O)N1CCC([C@H]2C[C@@H](C(=O)Nc3ccc(C(=O)O)cc3)N(C(=O)c3ccc(C(=N)N)cc3)C2)CC1
D02861,O=C(Nc1ccc(Oc2ccc(F)cc2)cc1)[C@@H]1C[C@@H](Cc2ccc(F)cc2)CN1C(=O)Cn1ccnn1
D02862,CC1(C)CN(C(=O)CO)CC[C@H]1Oc1ccc(-c2ncnc(Nc3ccc(N4CCN(C5COC5)CC4)cc3)n2)cc1C#N
D02863,OCC1CCN(c2nc3ccccc3nc2OC2CN(c3ccc4ccccc4n3)C2)CC1
D02864,COc1cc(O)c(C(=O)/C=C/c2cccc(N3CCCC3)c2)cc1OC
D02865,CC(C)(CC(=O)N1CCc2ccccc2C1)NCC(=O)N1CCC[C@H]1C#N
D02866,CCCN(c1cc2cc(c1)C(=O)N[C@@H](c1ccccc1)CCc1cccc(c1)C[C@@](C)(N)COC2)S(C)(=O)=O
D02867,O=C(CC=Nc1ccccc1Br)c1ccc2c(c1)OCO2
D02868,CC(=O)/N=c1/[nH]c(C)c(-c2ccc(Cl)c(S(=O)(=O)NCCO)c2)s1
D02869,O[C@@H](CN1c2cccc(-c3cccc(OC(F)(F)F)c3)c2OC[C@@H]1c1cccc(OC(F)(F)C(F)F)c1)C(F)(F)F
D02870,CN(C)C(=O)[C@@H](c1ccc(C2=CN3N=CNC3C=C2)cc1)[C@H](N)C(=O)N1CC[C@H](F)C1
D02871,CN(C)C(=O)c1cc2cnc(Nc3ccc(N4CC5CC5(N)C4)cn3)nc2n1C1CCCC1
D02872,CCc1ccc(-n2cnc3c(sc4nccc(N(C)CCOC)c43)c2=O)cc1
D02873,CCC1(CC)C[C@@H](NC(=O)Nc2cccc3cnc(C)cc23)c2cc(F)ccc2O1
D02874,NCCNc1ncc(C(N)=O)c(Nc2cccc(C(F)(F)F)c2)n1
D02875,OCCN1CCN(CC/C=C2\c3ccccc3Sc3ccc(C(F)(F)F)cc32)CC1
D02876,CN[C@@H](C)C(=O)N[C@H]1CN(C(=O)c2ccc(N)cc2)c2ccccc2N(Cc2c(C)ccc3ccccc23)C1=O
D02877,Cc1cccc(COc2ccc(S(=O)(=O)[C@@H]3CCOC[C@]3(O)C(=O)NO)cc2)c1
D02878,Cc1c(-c2[nH]c3ccc(C4CCN(C(=O)CNCC(F)(F)F)CC4)cc3c2C(C)C)cn2ncnc2c1C
D02879,CCN(CC)CCc1ccc(OC2Cc3cc(OC)c(OC)cc3C2=O)cc1
D02880,COc1ccc(-n2cnc3c(-c4ccccc4)csc3c2=O)cc1
D02881,CCN1c2ncc(CCOc3ccc(C(=O)O)cc3C)cc2C(=O)N(C)c2ccc(F)nc21
D02882,COc1cccc(C(=O)NC2CCN(Cc3ccccc3)CC2)c1OC
D02883,OCC1CCN(c2ccccc2Oc2ccc(Nc3nc4ccccc4[nH]3)cc2)CC1
D02884,O=S(=O)(Nc1ncns1)c1ccc2c(-c3ccc(C(F)(F)F)cc3-c3ccncc3)nccc2c1
D02885,Cn1cnc2ccc(-c3ccccc3Cl)c(CN)c21
D02886,Cc1oc([C@@H](Cc2cn(C)c3ccccc23)NC(=O)[C@H](CC(C)C)NC(=O)n2ccc3ccccc32)nc1C(=O)O
D02887,CC1(C)Oc2ncnc(N)c2N=C1c1ccc(C23CCCC(CC(=O)O)(CC2)CC3)cc1
D02888,CS(=O)(=O)Nc1ccc2c(c1)nc1n2C[C@H]([NH3+])[C@@H](c2cc(F)c(F)cc2F)C1
D02889,CNC(=O)c1ccc(-c2ccc(N3C(=O)N(c4cc(OC)ncn4)C4(CCN(Cc5ncccc5C)CC4)C3=O)cc2)cc1
D02890,Cn1cc(C2=C(c3cccnc3)C(=O)NC2=O)c2ccccc21
D02891,Cc1c(-c2[nH]c3ccc(C4CCN(Cc5n[nH]c(=O)[nH]5)CC4)cc3c2C(C)C)cn2ncnc2c1C
D02892,Cn1cc(C#N)cc1-c1c2c(=O)n(C)c(=O)n(CC3CC3)c2nn1Cc1ccnc2ccc(Cl)cc12
D02893,CN1CCN(C2=Nc3ccccc3Oc3ccc(Cl)cc32)CC1
D02894,Cc1ccc(-n2nccn2)c(C(=O)N2CCOC[C@H]2Cc2cccc(-c3ncon3)c2)c1
D02895,CCN(Cc1cc(C(F)(F)F)ccc1-c1cc(CC(=O)O)ccc1OC)C(=O)OCc1ccccc1
D02896,Cc1cc(Nc2nc(O[C@@H](C)c3ccc(F)cn3)c(C#N)nc2C)[nH]n1
D02897,Cc1cccc(Sc2ccccc2N2CCNCC2)c1C
D02898,C[C@]12CC[C@@H]3c4ccc(O)cc4CC[C@H]3[C@@H]1CC[C@@H]2O
D02899,COc1ncccc1-c1n[nH]c2c1C(=O)N(c1cc(C)c3nnc(C)n3c1)[C@@H]2c1ccc(Cl)cc1
D02900,Cc1cnc(-c2cccc(OCC(=O)NC3CC3)c2)nc1Nc1ccc2[nH]ncc2c1
D02901,CCOc1cccnc1Nc1ccc2c(c1)C1(CCSC(N)=N1)c1cc(OC)cc(F)c1O2
D02902,Cc1cc(=O)oc2c(C)c(OC3CCCC3=O)ccc12
D02903,Cc1cc(OC2COC2)cnc1C(=O)Nc1ccc(F)c([C@]2(CF)CS(=O)(=O)C(C)(C)C(N)=N2)c1
D02904,COc1ccc2[nH]c3c(c2c1)CC1c2cc4c(cc2CCN1C3)OCO4
D02905,Clc1cc(-c2cnc3c(-c4ccnc5ccccc45)cnn3c2)ccc1OCCN1CCCCC1
D02906,Cc1cc(Cl)ccc1C1c2c(nn(CCO)c2C(C)C)C(=O)N1c1ccc(F)c(Cl)c1
D02907,CNC(=O)c1ccc(C)c(-n2nc3c(c2C(C)C)C(c2ccc(C(F)(F)F)cc2)N(c2cc(Cl)ccc2C)C3=O)c1
D02908,CC1(C)SSC(C)(C)[C@@H](NC(=O)[C@@H](N)Cc2ccc(O)c(I)c2)C(=O)NCC(=O)N[C@@H](Cc2ccccc2)C(=O)N[C@H]1C(=O)O
D02909,C[C@@H](c1ccc(-c2ccc(F)c(F)c2)cc1)[C@H]([NH3+])C(=O)N1CC[C@H](F)C1
D02910,O=C(NO)c1ccc(NCc2csc3ccc(Br)cc23)cc1
D02911,N#C/C(=C\c1ccc(O)c(O)c1)C(=O)NCCCc1ccccc1
D02912,N#Cc1cnc(C(=O)Nc2ccc(F)c([C@@]3(C(F)F)N=C(N)O[C@@H]4C[C@@H]43)c2)c(CO)c1
D02913,Cc1c(C#N)cccc1[C@@H]1CN2CCN(C(=O)Cc3ccc(-n4cnnn4)nc3)C[C@@H]2CO1
D02914,CC#CCOc1cnc(C(=O)Nc2ccc(Cl)c([C@]3(C(F)F)N=C(N)O[C@H]4C[C@H]43)c2)cn1
D02915,Cc1ccc(Nc2c(-c3ccc4nccnc4c3)c(C)nn2-c2ccccc2C)c(C(=O)O)c1
D02916,CCNc1cc(C(=O)N[C@@H](Cc2ccccc2)[C@H](O)CNCc2ccc(OC)cc2)cc(N2CCCC2=O)c1
D02917,CCc1cc(CNc2cc(Cl)nn3c(-c4ccc(OC)c(S(=O)(=O)NCCO)c4)c(C)nc23)ccn1
D02918,CC(Cc1ccc(C(=O)NC(CCC(=O)O)C(=O)O)cc1)c1cnc2nc(N)nc(N)c2n1
D02919,COc1ccc(C[C@@H]2COCCN2C(=O)c2ccccc2-n2nccn2)cc1-c1ncon1
D02920,Clc1ccc2nc(-c3cccnc3)nc(NCc3ccccc3)c2c1
D02921,Cc1nc2c(Nc3ccc(F)c([C@]4(C)CS(=O)(=O)C(C)(C)C(N)=N4)c3)nccc2s1
D02922,CCCCn1c(=O)sn(C(C)(C)C)c1=O
D02923,O=S(=O)(Nc1ncns1)c1ccc2c(-c3ccc(C(F)(F)F)cc3-c3cn[nH]c3)nccc2c1
D02924,CCN[C@@H](CC)C(=O)NC1C(=O)N(Cc2c(OC)ccc3c(Br)cccc23)c2ccccc2N(c2ccccc2)C1=O
D02925,CCn1cc(Nc2ncnc(-c3ccc(O[C@H]4CCN(C(=O)CO)C[C@H]4F)c(C#N)c3)n2)cn1
D02926,Cn1cc(-c2cnc3ccc4ccc(NS(=O)(=O)N5CC(F)C5)cc4c(=O)c3c2)cn1
D02927,CN(C)CCc1c[nH]c2ccc(Cn3cncn3)cc12
D02928,Cc1c(-c2[nH]c3ccc(C4CCN(C(=O)CN(C)CCC#N)CC4)cc3c2C(C)C)cn2ncnc2c1C
D02929,Cc1ccccc1[C@H]1C[C@@H](NCc2ccc(Cl)cc2)CC[C@@H]1C(=O)N1CC(c2ccccc2)(c2ccccc2)C1
D02930,CC(C(O)c1ccc2c(c1)CCC(=O)N2)N1CCC(O)(c2ccc3c(c2)COCC3)CC1
D02931,COc1ccc(C(=O)Nc2ccc(Cl)c([C@@]3(C(F)F)N=C(N)O[C@@H]4C[C@@H]43)c2)nc1
D02932,C[C@]1(C(=O)O)CC[C@@](C)(c2nc(-c3ccc(C(=O)Nc4cc(C(F)(F)F)ccn4)cc3)c3c(N)nccn32)CC1
D02933,Cc1cc(-c2[nH]c3ccc(C4CCN(C5COC5)CC4)cc3c2C(C)C)c(C)n2ncnc12
D02934,Cc1n[nH]c(C(=O)N2CC[C@H](Oc3ccc(-c4ncnc(Nc5ccc(N6CCN(C7COC7)CC6)cc5)n4)cc3C#N)[C@H](F)C2)c1C
D02935,Cc1cc2c(Nc3ccc4nc(N)sc4c3)c(C#N)cnc2cc1OCCN1CCCCC1
D02936,C[C@@H]1COCCN1c1cc(-c2ccc3c(N)[nH]nc3c2)nc(N)n1
D02937,CC(C)(C)n1cc(Nc2ncnc(-c3ccc(O[C@H]4CCN(C(=O)CO)C[C@H]4F)c(C#N)c3)n2)cn1
D02938,Cc1ncc(-c2ccccc2CCNC(=O)c2ccc(OCCC(F)(F)F)nc2)cn1
D02939,COc1cc(F)c2c(c1)C1(CCSC(N)=N1)c1cc(NC(=O)c3cnc(OC)cn3)ccc1O2
D02940,COc1cc(N2C(=O)N(c3ccc(-c4coc(C(=O)O)c4)cc3)C(=O)C23CCN(Cc2ncccc2C)CC3)ncn1
D02941,CCc1cc(-c2c[nH]c3ncc(-c4cn[nH]c4)cc23)nc(N)n1
D02942,CC1(C)Cc2cccc(CN3CCC4(CC3)CCN(C(=O)c3ncccc3N)CC4)c2O1
D02943,Cc1nc(Cn2nc3c(c2C(C)C)C(c2ccc(Cl)cc2C)N(c2cccc(Cl)c2F)C3=O)cs1
D02944,N[C@H](C(=O)N1CCSC1)[C@H]1CC[C@H](NS(=O)(=O)c2ccc(OC(F)(F)F)cc2)CC1
D02945,CCc1ccc(Cc2cnc(N)nc2N)cc1CC
D02946,N[C@@H](CC(=O)N1CCc2c(C(F)(F)F)n[nH]c2C1)Cc1cc(F)ccc1F
D02947,N#Cc1ccccc1Cn1c(N2CCC[C@@H](N)C2)ncc(Cl)c1=O
D02948,CCn1c(=O)c2[nH]c(-c3ccc(S(=O)(=O)N4CCN(Cc5cccc(F)c5)CC4)cc3)cc2n(CC)c1=O
D02949,CCOc1nn(C)cc1Nc1ncc(C)c(-c2c[nH]c3c(NC(=O)[C@@H](C)N4CCN(C)[C@@H](C)C4)cccc23)n1
D02950,c1cc2c(N3CCN(CC4CC4)CC3)nc3ccsc3n2c1
D02951,O=C(NC1CC1)c1ccc(Cl)c(Nc2nncc3c2cnn3-c2c(F)cccc2F)c1
D02952,Cc1[nH]nc2c1c(=O)n(C[C@H](F)CN)c1cc(C3CCCCC3)c(C3CCCCC3)cc21
D02953,COc1ccc2[nH]cc(CCN(C)C)c2c1
D02954,O=C1Nc2ccc(Cl)cc2[C@@](C#CC2CC2)(C(F)(F)F)O1
D02955,Cc1cc(S(=O)(=O)Nc2cscn2)c(F)cc1N(C)C1CCN([C@H](C)c2ccccc2)CC1
D02956,COc1ccc2c(OC)ccc(CN[C@H]3CC3c3ccccc3)c2c1
D02957,COc1ccc(/N=c2\oc3cc(O)ccc3cc2C(=O)Nc2ccccn2)cc1
D02958,CN[C@@H](C)C(=O)N[C@H]1CN(C(=O)c2ccc(C#N)cc2)c2cc(Cl)ccc2N(Cc2c(OC)ccc3c(Br)cccc23)C1=O
D02959,Cc1csc(Sc2cc3c(cc2NS(C)(=O)=O)COC3=O)n1
D02960,COc1cc2c(Nc3ccc(Cl)c(Cl)c3)ncnc2cc1OCC1CC2CCC(C1)N2C
D02961,OCC1CCN(c2cnccc2OC2CN(c3ccc4ccccc4n3)C2)CC1
D02962,CN(C)c1ccc(C(=O)NCCNc2c3c(nc4ccccc24)CCCC3)cc1.Cl
D02963,CC1(c2cc(NC(=O)c3ccc(C#N)cn3)ccc2F)CC2(CCOCC2)OC(N)=N1
D02964,Cc1cc(Cl)ccc1COc1ccnn1-c1cc(C(=O)O)ccn1
D02965,CCOC(=O)/C=C/CC[C@H](NC(=O)OCc1ccccc1)C(=O)N[C@@H](CCC(N)=O)C(=O)N1CCC[C@H]1C(=O)N[C@@H](CC(C)C)C(=O)OC
D02966,CCCCOc1ccc(-c2cnccn2)cc1
D02967,CN[C@@H](C)C(=O)N[C@@H]1C(=O)N(Cc2c(C)ccc3ccccc23)c2ccc(C#N)cc2N(C(=O)CS(C)(=O)=O)[C@H]1C
D02968,Cc1cccc(COc2ccc(C3=NN(CCC#N)C(=O)CO3)cc2)c1
D02969,Cc1nnc2n1-c1ccc(-c3cncc([C@](C)(O)C(F)(F)F)c3)cc1CC2
D02970,CC(C)(CC(=O)N[C@H]1C[C@@H]1c1ccccc1)NCC(=O)N1C[C@@H](F)C[C@H]1C#N
D02971,CC[C@H](CO)Nc1nc(NCc2ccccc2)c2ncn(C(C)C)c2n1
D02972,NS(=O)(=O)c1ccc(-n2cc(C(F)(F)F)nc2-c2cccc(Cl)c2)cc1
D02973,Cc1nc(C)c(-c2ccc([C@H]3CC[C@H](Cc4nnn[nH]4)CC3)cc2)nc1C(N)=O
D02974,COC(=O)c1c(C(=O)N2CCN(CCO)CC2)cc2cc(OC)c(OC)cc2c1-c1cc(Br)c(OC)c(OC)c1
D02975,CS(=O)(=O)N1CC[C@@H](Oc2ccc(-c3ncnc(Nc4ccc(N5CCN(C6COC6)CC5)cc4)n3)cc2C#N)C1
D02976,CN([C@H]1CC[C@H]([C@H](N)Cc2cc(F)ccc2F)CC1)S(=O)(=O)c1ccc(C(N)=O)cc1
D02977,CC1(c2ccccc2)CCCN(C(=O)NCc2ccc(-c3ccccc3C(F)(F)F)cc2)C1
D02978,O=C(CNc1nccc2ncc(C(F)(F)F)cc12)NC1CN([C@H]2CC[C@@](O)(c3cncs3)CC2)C1
D02979,N[C@@H](CC(=O)N1CCn2c(nnc2-c2ccncc2)C1)Cc1cc(F)ccc1F
D02980,COc1ccc(CN2C(=O)C(=O)c3cc(S(=O)(=O)N4CCC[C@H]4COc4ccccc4)ccc32)cc1
D02981,Cc1cccc(Nc2cc(N[C@@H]3CCCC[C@@H]3N)nnc2C(N)=O)n1
D02982,Cc1cccc(S(=O)(=O)N2CC=C(C#Cc3ccccn3)CC2)c1
D02983,COc1cccc2c1CC(NCCCCN1C(=O)CC3(CCCC3)CC1=O)CO2
D02984,Cc1cc(-c2cnc(Nc3cc(Cl)cc(Cl)c3)nc2NC2CCC(N(C)C)CC2)on1
D02985,O=C1Nc2ncc(Br)cc2/C1=C/c1cccc(Oc2ccccc2)c1
D02986,Cc1csc(N(C(=O)CSc2ccc(-c3ccccc3)nn2)C2CC2)n1
D02987,CCCN(CCCCN1C(=O)CC2(CCCC2)CC1=O)C1COc2ccccc2C1
D02988,CC(=O)N1N=C(c2ccc(O)cc2O)CC1c1ccc(C)cc1
D02989,Cc1nc(NCC(=O)NC2CN([C@H]3CC[C@@](O)(c4cncs4)CC3)C2)c2cc(C(F)(F)F)ccc2n1
D02990,CN1CCN(C2Cc3ccccc3Sc3ccc(Cl)cc32)CC1
D02991,C[C@@]1(c2nc(NC(=O)c3ncc(C(F)(F)F)cc3Cl)ccc2F)C[C@@H](C(F)(F)F)OC(N)=N1
D02992,N#Cc1cc(-c2ncnc(Nc3ccc(N4CCN(C5COC5)CC4)cc3)n2)ccc1O[C@H]1CCN(C(=O)NCCO)C[C@H]1F
D02993,C=CC(=O)Nc1ccc(S(=O)(=O)N2CCN(C(=O)N3CCCC4CCCCC43)CC2)cc1
D02994,CCCC[C@H](NC(=O)[C@@H](N)CCN)B(O)O
D02995,Cc1ccc2c(c1)c1c(n2CC(=O)O)CCN(C(=O)c2cccc3ccccc23)C1
D02996,Cc1cc(C(=O)Nc2ccc(-c3ccccc3S(N)(=O)=O)cc2)n(-c2cc3ccccc3cc2CN)n1
D02997,C[C@@H](O[C@H]1CN2C(=O)[C@H]3C[C@H](NCc4ccccc4)C[C@H]3[C@H]2[C@@H]1c1ccc(F)cc1)c1cc(C(F)(F)F)cc(C(F)(F)F)c1
D02998,CCCCCN(CCCCC)C(=O)[C@H](CCC(=O)O)NC(=O)c1cc2ccccc2[nH]1
D02999,NS(=O)(=O)c1ccc(-n2cc(C(F)(F)F)nc2-c2cccs2)cc1
D03000,CC(C)C[C@H]1NC(=O)[C@H](c2cccs2)NC(=O)[C@H]2CCCN2C(=O)[C@H](CC(=O)O)NC(=O)[C@H](Cc2c[nH]c3ccccc23)NC1=O
D03001,CCCCN1CCCC2c3cc(O)ccc3CCC21
D03002,CSc1ccccc1Nc1nc(N2CCNCC2)nc2c(NCC3CC3)ncnc12
D03003,OC[C@@H]1[C@@H](O)[C@H](O)[C@@H](O)CN1CCCCCOCc1ccc(-c2ccccc2)c(F)c1
D03004,O=C1Nc2ccc(Br)cc2/C1=C/c1cc2c([nH]1)CCCC2
D03005,CCN(c1cc(C#CC2CCN(C)CC2)cc(C(=O)NCc2c(C)cc(C)[nH]c2=O)c1C)C1CCOCC1
D03006,Cc1cc(-c2[nH]c3ccc(C4CCN(CC(F)F)CC4)cc3c2C(C)C)cn2ncnc12
D03007,COc1cc2c(Nc3ccc(Br)c(Cl)c3)ncnc2cc1O[C@H]1CO[C@H]2[C@@H]1OCC21OCCO1
D03008,C=CC(=O)Nc1ccc(S(=O)(=O)N2CCN(c3ccc(C(F)(F)F)cn3)CC2)cc1
D03009,Clc1ccc(-c2ccc(-c3nccn3-c3ccc(N4CCNCC4)cc3)o2)cc1
D03010,Cc1c(-c2[nH]c3ccc(C4CCN(CCS(C)(=O)=O)CC4)cc3c2C(C)C)cn2ncnc2c1C
D03011,C[C@@H]1Cc2c(ccc3[nH]nc(F)c23)[C@@H](c2ccc(NC3CN(CCCF)C3)cn2)N1CC(F)(F)CO
D03012,CN([C@H]1CC[C@H]([C@H](N)Cc2cc(F)ccc2F)CC1)S(=O)(=O)c1cccc(C(N)=O)c1
D03013,NS(=O)(=O)c1ccc(N2N=C(C(F)(F)F)CC2c2ccc3c(c2)OCCO3)cc1
D03014,CCCCOC(=O)Cc1c(C)n(C(=O)c2ccc(Cl)cc2)c2ccc(OC)cc12
D03015,COc1ccc(Cc2nccc3cc(OC)c(OC)cc23)cc1OC
D03016,N[C@](CC1c2ccccc2Oc2ccccc21)(C(=O)O)[C@H]1C[C@@H]1C(=O)O
D03017,O=C(N[C@@H](Cc1c[nH]c2ccc(-c3nnn[nH]3)cc12)C(=O)O)c1ccc2c(c1)nc(-c1ccoc1)n2C1CCCCC1
D03018,COc1cc(-c2cnc3[nH]c(=O)n(-c4ccc5[nH]ccc5c4)c3n2)cc(OC)c1OC
D03019,CC(C)(C)C(=O)Oc1cn(-c2ccccc2)c(CSc2nc3cc(C(=O)O)ccc3o2)cc1=O
D03020,COc1cc(OC)cc(-c2cc3cnc(NCCCCCO)cc3nc2NC(=O)NC(C)(C)C)c1
D03021,C[C@]1(/C=C/C#N)[C@H](C(=O)[O-])N2C(=O)C[C@H]2S1(=O)=O
D03022,Cc1ccn2nc3c(c2n1)CN([C@H]1CO[C@H](c2cc(F)c(F)cc2F)[C@@H](N)C1)C3
D03023,COc1ccc(-c2cccc(F)c2)cc1-c1nccc2cc(S(=O)(=O)Nc3nncs3)ccc12
D03024,COc1ccc(C#CCCC(=O)O)cc1Cc1cnc(N)nc1N
D03025,CN(CCc1cnn(-c2nccc3c(=O)[nH]cnc23)c1)Cc1ccc(F)cc1
D03026,NC(=O)c1c(OCc2c(F)cc(Br)cc2F)nsc1NC(=O)NCCCCN1CCCC1
D03027,COc1cc(-c2cc3nn(C)cc3c(O[C@H](C)[C@H]3CNC(=O)C3)n2)cc(OC)c1OC
D03028,CCO[C@H]1CN([C@H]2CC[C@@](O)(c3ccc(C)cc3)CC2)C[C@@H]1NC(=O)CNC(=O)c1cccc(C(F)(F)F)c1
D03029,CN(C)c1nc(Cc2ccc(NC(=O)c3ccc(C(F)(F)F)cc3)cc2)nc(N(C)C)c1CC(=O)O
D03030,COc1ccc(N(CCO)C(=O)Nc2ccc(-c3ncnc4[nH]cc(C)c34)cc2)cc1
D03031,CC(C)(OCc1cc(-c2ccc(Cl)cc2)n(Cc2cccnc2)n1)C(=O)O
D03032,Cn1cc(C2=C(c3coc4cc(CO)ccc34)C(=O)NC2=O)c2cc(F)c(Cl)cc21
D03033,Fc1ccc(C2(COCc3cc(C(F)(F)F)cc(Cl)n3)CCNCC2)cc1
D03034,COC(=O)N1CC[C@H](N(Cc2ccccc2Cl)c2ccc(C#N)c(Cl)c2)C1
D03035,COc1cc(-c2cnc3[nH]cc(C(=O)NC(C)C)c3n2)cc(OC)c1OC
D03036,Cc1cncc(-c2nnc3n2CCN(C(=O)c2ccc(-c4cccs4)cc2)[C@@H]3C)n1
D03037,O=C(N[C@@H]1CCC[C@H]1OCc1cc(O)c(C(=O)c2c(O)cccc2C(=O)O)c(O)c1)c1ccc(O)cc1
D03038,CC(C)[C@H](N)C(=O)N1CCC[C@H]1B(O)O
D03039,COc1ccc(C(=O)c2c(C)n(Cc3cc(O[C@@H](C)C(=O)O)ccc3Cl)c3nc(OC)ccc23)cc1
D03040,Cc1cc2ncnn2cc1-c1[nH]c2ccc(C3CCN(Cc4ccnn4C)CC3)cc2c1C(C)C
D03041,COc1cc2c(Nc3ccc(Cl)c(Cl)c3)ncnc2cc1OCc1csc(C2CCCNC2)n1
D03042,C[C@]1(c2cc(/C=C(\F)c3ccc(C#N)cn3)ccc2F)N=C(N)S[C@@]2(C(=O)N3CCCC3)C[C@H]21
D03043,N[C@@H](CC(=O)N1CCc2c(nc(C3CCC3)nc2C(F)(F)F)C1)CN1C(=O)CCC(F)(F)C1O
D03044,O=C(Cc1nc(N2CCOCC2)cc(=O)[nH]1)N1CCc2c(Br)cccc21
D03045,O=C(Nc1ccccn1)Nc1cccc2c1[C@H]1CCCN1C2=O
D03046,Cc1nc2sc(-c3ccc(S(C)(=O)=O)cc3)c(-c3ccccc3)n2n1
D03047,Nc1nc(N)c2c(OCc3cccc(Cl)c3)cccc2n1
D03048,Cc1cccc(C)c1-c1noc(C)c1NC(=O)NCc1c(F)cccc1Cl
D03049,COc1ccc(CCN(CCC(=O)NO)S(=O)(=O)c2ccc(NC(=O)NCc3ccccc3)cc2)cc1
D03050,CN[C@@H](C)C(=O)N[C@@H]1C(=O)N(Cc2nn(-c3ccccc3C#N)c3ccccc23)c2ccc(C#N)cc2N(C(=O)CS(C)(=O)=O)[C@H]1C
D03051,Cc1ncccc1OCc1cccc2nc(N)nc(N)c12
D03052,O=C1CCNCC12CCN(c1nc(Oc3cccc(F)c3)cc(C(F)(F)F)n1)C2
D03053,Cc1cc(C(=O)NCCO)ncc1-c1cc(C(F)(F)F)cc2[nH]ncc12
D03054,N#Cc1cnc(N2CCC(Nc3c(C(N)=O)cnc4[nH]ccc34)CC2)cn1
D03055,CS(=O)(=O)Nc1cc2c(cc1Oc1ccc(F)cc1F)C(=O)CC2
D03056,Cc1cc(OC(F)F)cnc1C(=O)Nc1ccc(F)c([C@]2(C)CS(=O)(=O)C3(CCC3)C(N)=N2)c1
D03057,NS(=O)(=O)c1ccc(-n2cc(C(F)(F)F)nc2-c2cccc(Br)c2)cc1
D03058,COCc1cc(-c2[nH]c3ccc(C4CCN(C5COC5)CC4)cc3c2C(C)C)cn2ncnc12
D03059,COc1ccc(NC(=O)[C@H](C)Nc2nc3c(cnn3C3CCCC3)c(=O)[nH]2)cc1
D03060,CCCN(CCCCN1C(=O)CC(C)(C)CC1=O)C1COc2cccc(OC)c2C1
D03061,Cc1cc(N2C(=O)c3nn(C(C)C)c(C)c3C2c2ccc(F)cc2F)cn2c(C)nnc12
D03062,NS(=O)(=O)c1ccc(Nc2cn(-c3nc(C(=O)O)cs3)nc2-c2ccccc2)cc1
D03063,COc1cc(Nc2cc(Oc3ccc(NC(=O)Nc4cc(C(C)(C)C)cc(NS(C)(=O)=O)c4OC)c4ccccc34)ccn2)ccc1C(=O)NCCN1CCOCC1(C)C
D03064,COc1cccnc1CN1CCN(c2nc3c(c(=O)[nH]2)CCCN3C)CC1
D03065,Cc1cc(-c2ccc([C@H](C)N3CC[C@](CC(C)(C)O)(c4ccccc4)OC3=O)cc2)cn(C)c1=O
D03066,Cc1cc(Cl)cc2c(C(=O)O)cc(-c3ccc(Br)cc3)nc12
D03067,N#Cc1cc(-c2ncnc(Nc3ccc(N4CCN(C5COC5)CC4)cc3)n2)ccc1OC1CCCOC1
D03068,O=C(C=Cc1ccc(O)cc1)O[C@@H]1CO[C@@H]2[C@@H](OC(=O)NCc3ccccc3)CO[C@H]12
D03069,Cc1c(COc2ccc(Cl)cc2)cc(-c2ccc(S(C)(=O)=O)cc2)n1-c1ccc(F)cc1
D03070,N#CC(C(=N)Sc1ccccc1N)C(C#N)C(=N)Sc1ccccc1N
D03071,CCCN(CCCCN1CC2CCCC2C1=O)C1COc2cccc(OC)c2C1
D03072,Cc1c(Nc2c(C#N)cncc2/C=C/c2ccc(S(=O)(=O)N3CCCCC3)cc2)ccc2[nH]ccc12
D03073,CC(C)[C@@H](N)C(=O)N1C2CCC1CN(C(=O)c1ccc(Nc3ncc4cc(C(=O)N(C)C)n(C5CCCC5)c4n3)nc1)C2
D03074,CC(C)OC(=O)N1CCC(n2ncc3c(N4CCOCC4)nc(-c4ccc(NC(=O)NC5CC5)cc4)nc32)CC1
D03075,CCN(CC)CCN(Cc1ccc(-c2ccc(C(F)(F)F)cc2)cc1)C(=O)Cn1cc(SC)c(=O)nc1SCc1ccc(F)cc1
D03076,COc1ccc2c3c([nH]c2c1)C(C)=NCC3
D03077,N[C@@H](CC(=O)N1CCn2c(nnc2C(F)(F)F)C1C(O)c1ccc(F)cc1)Cc1cc(F)c(F)cc1F
D03078,O=[N+]([O-])c1ccc(CSc2ncnc3c2ncn3[C@@H]2O[C@H](CO)[C@@H](O)[C@H]2O)cc1
D03079,CC1(C)C(N)=N[C@](C)(c2cc(Nc3nccc4cc(Cl)cnc34)ccc2F)CS1(=O)=O
D03080,CCCCOc1ccc(-c2ccncn2)cc1
D03081,Cc1cc2ccccc2n1Cc1ccc(C(=O)NO)cc1
D03082,COc1ccc(Oc2ccnc3cc(OC)c(OC)cc23)cc1OC
D03083,O=C(NO)c1ccc2c(c1)C[C@H](Nc1nccc(-c3cccnc3)n1)CC2
D03084,N#CC[C@H](C1CCCC1)n1cc(-c2ncnc3[nH]ccc23)cn1
D03085,CN(C)C(=O)[C@@H](c1ccc(-c2cc(F)ccc2F)cc1)[C@H]([NH3+])C(=O)N1CC[C@H](F)C1
D03086,NC1=N[C@](CF)(c2cc(NC(=O)c3ncc(Cl)cc3F)ccc2F)C[C@@H](C(F)(F)F)O1
D03087,CC(C)Cn1c(CN)c(-c2ccccc2)c2cc(OCC(N)=O)ccc2c1=O
D03088,O[C@H]1[C@H](NCc2cn(Cc3cc(OCc4ccccc4)cc(OCc4ccccc4)c3)nn2)[C@@H](O)[C@H](O)[C@@H](O)[C@@H]1O
D03089,CC(=O)N1CC(c2noc([C@@H]3CCCN3C(=O)C[C@H](N)Cc3cc(F)c(F)cc3F)n2)C1
D03090,Cc1cc(C)nc(O[C@H](C(=O)O)[C@@]2(c3cccc(-c4ccccc4)c3)NCC(=O)N(Cc3c(F)cc(F)cc3F)c3ccccc32)n1
D03091,O=C(O)c1ccc(-c2noc(C3CCN(C(=O)NC4CC4c4ccccc4)CC3)n2)cc1
D03092,N[C@@H](CC(=O)N1CCN(Cc2ccc(F)cc2)CC1)C(=O)N1Cc2ccccc2C1
D03093,CNCC(=O)N1CCC(n2nc(C)c(Nc3ncc(Cl)c(-c4cnn5ccccc45)n3)c2C)CC1
D03094,CC(C)=CCC/C(C)=C/CNC(=O)Oc1ccc(C(C)(C)C)cc1
D03095,COC(=O)[C@]12C[C@H]1[C@@](C)(c1cc(/C=C(\F)c3ccc(Cl)cn3)ccc1F)N=C(N)S2
D03096,COC(=O)C(C)(C)C(c1ccc(Nc2ccc3ccccc3c2)cc1)n1cncn1
D03097,O=CN(O)C(COCCO)CS(=O)(=O)c1ccc(Oc2ccc(OC(F)(F)F)cc2)cc1
D03098,O=C(NC[C@@H]1OC(=O)N2c3ccc(N4CCOCC4=O)cc3OC[C@@H]12)c1ccc(Cl)s1
D03099,C[C@@H]1CN(C(=O)[C@]23C[C@H]2[C@@](C)(c2cc(/C=C(\F)c4ccc(C#N)cn4)ccc2F)N=C(N)S3)[C@H](C)CO1
D03100,CCn1cc(Nc2ncc(C)c(-c3c[nH]c4c(NC(=O)[C@@H](C)N5CCN(C)CC5)cccc34)n2)c(OC)n1
D03101,CC(C)(C)c1ccc(C(=O)CCCN2CCC(OC(c3ccccc3)c3ccccc3)CC2)cc1
D03102,NC1=NC2(CCO1)c1cc(NC(=O)c3ccc(Cl)cn3)ccc1Oc1cnc(C3CC3)cc12
D03103,O=C(c1ccc(F)cc1)C1CCN(CC(=O)N(Cc2nc3c(c(=O)[nH]2)COCC3)CC2CC2)CC1
D03104,N#Cc1cc(-c2ncnc(Nc3ccc(N4CCN(C5COC5)CC4)cc3)n2)ccc1O[C@H]1CCN(C(=O)CO)C[C@@H]1F
D03105,CCCCCCCOC1OC(CO)C(O)C(O)C1O
D03106,c1cnc2c(c1)nc(N1CCNCC1)c1cccn12
D03107,N#C[C@@H]1CCCN1C(=O)CNCCNc1ccc([N+](=O)[O-])cn1
D03108,CC(C)(CC(=O)N1CCCC1)NCC(=O)N1CCC[C@H]1C#N
D03109,COc1ccc(C2(O)OC(=O)C(c3ccc4c(c3)OCO4)=C2Cc2cccc([N+](=O)[O-])c2)cc1
D03110,C[C@H]1[C@H](/C=C/c2ccc(-c3cccnc3C#N)cn2)[C@@H]2[C@@H](C)OC(=O)[C@]2(CCC(N)=O)CC1(F)F
D03111,Cc1c([C@@H](O)CN2CCC3(CC2)CCN(c2ccc(=O)n(C)n2)C3=O)ccc2c1COC2=O
D03112,CC(C)C[C@@H](NC(=O)N1CCOCC1)C(=O)N[C@@H](C=CS(=O)(=O)c1ccccc1)CCc1ccccc1
D03113,CNc1ccc(C(C)(C)C(=O)N[C@H]2C3C[C@@H]4C[C@H]2C[C@@](CC(N)=O)(C3)C4)cn1
D03114,CCn1cc([C@@]2(c3nn(C)c(=O)o3)N[C@@H](c3nc(-c4ccc(F)cn4)c[nH]3)Cc3c2[nH]c2ccccc32)cn1
D03115,CS(=O)(=O)c1ccc(-c2cc(F)c(F)cc2-c2ccc(F)cc2)cc1
D03116,C[C@@]1(c2cc(NC(=O)c3ccc(C#N)cn3)cnc2F)C[C@@H](C(F)(F)F)OC(N)=N1
D03117,COc1ccc(C2=NN(CCCCOc3ccc(-c4n[nH]c(=O)cc4C)cc3)C(=O)CC2C)c2cc(C(F)(F)F)nn12
D03118,CC[C@H](C)[C@H](NC(=O)C[C@H](O)[C@H](CC1CCCCC1)NC(=O)CSCC(=O)[C@H](Cc1ccccc1)NC(=O)OC(C)(C)C)C(=O)NCc1cnc(C)nc1N
D03119,CC(C)C[C@H]1NC(=O)[C@H](C2CCCC2)NC(=O)[C@H]2CCCN2C(=O)[C@H](CC(=O)O)NC(=O)[C@H](Cc2c[nH]c3ccccc23)NC1=O
D03120,COc1cccc(CN(CCN2CCCC2)C(=O)Nc2ccc(-c3cn[nH]c3)cc2)c1
D03121,O=NC(Cc1ccc(O)c(Br)c1)C(=O)NCCC(=O)NO
D03122,N#Cc1cc(-c2ncnc(Nc3ccc(N4CCN(C5COC5)CC4)cc3)n2)ccc1O[C@H]1CCN(C(=O)C2CCCC(=O)N2)C[C@H]1F
D03123,NC1CC(N[C@H]2C[C@@H]2c2ccccc2)c2ccccc21
D03124,N[C@@H](CC(=O)N1CCc2c(nc(C(F)(F)F)nc2C(F)(F)F)C1)CN1C(=O)CCC(F)(F)[C@@H]1O
D03125,C[C@@H](CN1[C@H](C)Cc2c([nH]c3ccccc23)[C@H]1c1c(Cl)ccc(OCCNCCCF)c1Cl)C(=O)O
D03126,Cc1ccccc1-n1c(Cn2nc(C#CCO)c3c(N)ncnc32)nc2cccc(C)c2c1=O
D03127,C[C@@H](c1ccc(-c2ccc(=O)n(C)c2)cc1)N1CC[C@](CCCO)(c2ccccc2)OC1=O
D03128,N#Cc1cc(-c2ncnc(Nc3ccc(N4CCN(C5COC5)CC4)cc3)n2)ccc1N1CC[C@H](F)C1
D03129,COc1ccc(C(=O)C2CCN(C3CCN(Cc4nc(C)c(C)c(=O)[nH]4)C3=O)CC2)cc1
D03130,CN1CCC(COCc2cc(C(F)(F)F)cc(N3CCC4CC43)n2)(c2ccc(F)cc2)CC1
D03131,C#CC(C)(C)c1cc(NC(=O)Nc2ccc(Oc3ccnc(Nc4cc(C)c5[nH]ncc5c4)n3)c3ccccc23)n(-c2ccc(C)cc2)n1
D03132,CC(C)(Oc1ccc(C#N)cn1)C(=O)N[C@H]1C2C[C@@H]3C[C@H]1C[C@@](CC(N)=O)(C2)C3
D03133,O=S1(=O)CCC2(CCC[C@@]3(S(=O)(=O)c4ccc(Cl)cc4)c4c(F)ccc(F)c4OC[C@@H]23)CC1
D03134,C#Cc1cccc(Nc2ncnc3c2/C(=C/c2[nH]c(C(=O)NCCN4CCOCC4)cc2C)C(=O)N3)c1
D03135,Cc1cccc(C)c1-n1c(=O)c2cnc(Nc3ccc(N4CCN(C)CC4)cc3)nc2n2c3ccccc3nc12
D03136,CN(C)c1ccc2c(c1)c(Cn1ccnc1)cn2CCC(=O)O
D03137,CCCS(=O)(=O)N1CCN(C2(CNC(=O)c3ccccc3OC(F)(F)F)CCCCC2)CC1
D03138,CN[C@@H](C)C(=O)N[C@H]1CN(C(=O)c2ccc(C(N)=O)cc2)c2ccccc2N(Cc2c(OC)ccc3cc(Br)ccc23)C1=O
D03139,CCS(=O)(=O)c1cc2cc(C[C@](O)(CC(C)(C)c3ccc(F)cc3C(N)=O)C(F)(F)F)[nH]c2cn1
D03140,COc1ncc(NC(=O)c2ccc(Cl)cn2)cc1[C@]1(C)CS(=O)(=O)C(C)(C)C(N)=N1
D03141,O=C1CCC(CCCN2CCC(n3c(=O)[nH]c4ccccc43)CC2)(c2ccc(Cl)c(Cl)c2)CN1Cc1ccccc1
D03142,N#Cc1cnc2c(Nc3ccc(F)c([C@@]4(C(F)F)N=C(N)O[C@@H]5C[C@@H]54)c3)ncc(F)c2c1
D03143,COc1ccc2nc(SCc3ccc(Br)cc3)[nH]c2c1
D03144,Nc1ccc(-c2cnc3[nH]cc(-c4ccc5[nH]ccc5c4)c3c2)cn1
D03145,CC(=O)Nc1cc(Cl)ccc1/C=C/C(=O)N1CCN(Cc2ccc(F)cc2)C[C@H]1C
D03146,O=C(NC[C@@H](O)C(=O)O)c1ccc(CN(C(=O)Nc2cc(Cl)cc(Cl)c2)c2ccc(C3=CCCCC3)cc2)cc1
D03147,COc1ccc(C2CC(c3ccc(O)cc3)=NN2C(C)=O)c(OC)c1
D03148,CC(C)(C)c1cc(-c2nnc(NC#N)o2)cc(C(C)(C)C)c1O
D03149,O=C(NO)[C@@H]1[C@H](c2ccccc2)[C@H]1c1ccc(-c2cnc(C3CC3)o2)cc1
D03150,Nc1ccc(Oc2ccc(OCCN3CCCC3)cc2)cc1
D03151,N[C@H]1C[C@@H](N2Cc3nn4cncnc4c3C2)CO[C@@H]1c1cc(F)ccc1F
D03152,COc1cc2occ(-c3ccc(N4CCCC4)cc3)c(=O)c2cc1OC
D03153,N[C@@H](CC(=O)N1CCn2cnnc2C1)Cc1cc(F)c(F)cc1F
D03154,NS(=O)(=O)c1ccc(Cc2c(-c3ccccc3)nn(-c3nc(C(=O)O)cs3)c2C2CC2)cc1
D03155,CC1(C)CC2=NNC(=O)c3cccc4[nH]c(c2c34)C1
D03156,C[C@@H](Oc1nc(-c2ccc(C(F)(F)F)nc2)cc2nn(C)cc12)[C@H]1CNC(=O)C1
D03157,NS(=O)(=O)c1ccc(Cc2c(-c3cccc(-c4ccccc4)c3)nn(-c3nc(C(=O)O)cs3)c2C(F)(F)F)cc1
D03158,C[C@H]1Cn2c(nnc2C(F)(F)F)CN1C(=O)C[C@H](N)Cc1cc(F)c(F)cc1F
D03159,COc1ccc2c(-n3c(=O)n(Cc4cccc([C@@]5(C)OC(O)=NC5=O)c4)c4ccccc43)noc2c1
D03160,CN/C(=N\CCSCc1nc[nH]c1C)NC#N
D03161,CCOC(=O)N1CC(n2nc(C)c3c2C(=O)N(c2cc(C)c(=O)n(C)c2)C3c2ccc(Cl)cc2)C1
D03162,NCc1ccc(CCCNCCNS(=O)(=O)c2ccc3ccccc3c2Cl)cc1
D03163,CN(Cc1ccc(C(=O)Nc2ccc(Cl)cc2C(=O)Nc2ccc(Cl)cn2)cc1)C(=N)c1ccccc1
D03164,CC(C)(OCc1cc(-c2cccc(OC3CCC3)c2)n(Cc2ccccc2N2CCCC2)n1)C(=O)O
D03165,Cn1cc(/C=C/C(=O)NS(=O)(=O)c2ccc(F)c(F)c2)c2c(Oc3ccc4ccccc4c3)cccc21
D03166,COc1ccc(C(=O)/C=C/c2ccc(O)cc2)c(O)c1CC=C(C)C
D03167,Cc1ccc(-c2nc3c(=O)n(C)c(=O)nc-3n(C)n2)cc1
D03168,N[C@@H](CC(=O)N1CCC[C@H]1CNS(=O)(=O)CC(F)(F)F)Cc1cc(F)c(F)cc1F
D03169,CC(C)Oc1ncc([C@]2(O)CC[C@H](N3CC(NC(=O)CNC(=O)c4cccc(C(F)(F)F)c4)C3)CC2)s1
D03170,CN[C@@H](C)C(=O)N[C@H](C(=O)N1CCc2cc(F)ccc2[C@H]1C(=O)Nc1c(F)cccc1F)C(C)C
D03171,O=C(NCC1CCNCC1)[C@@H]1CC[C@@H]2CN1C(=O)N2OS(=O)(=O)O
D03172,CCN1CC(n2nccc2-c2cc(Cl)ccc2Oc2ccc(S(=O)(=O)Nc3cscn3)cc2C#N)C1
D03173,CC(C)[N+]1(C)C2CCC1CC(OC(=O)C(CO)c1ccccc1)C2
D03174,Cc1cc(C(F)(F)F)nc2c3c(nn12)CN([C@H]1CC[C@H](c2cc(F)c(F)cc2F)[C@@H](N)C1)C3
D03175,COc1cc2ncnc(N3CCN(C(=S)NCc4ccc5c(c4)OCO5)CC3)c2cc1OC
D03176,O=C(c1ccc(F)cc1)C1CCN(CC(=O)N(Cc2nc3c(c(=O)[nH]2)COCC3)CC(F)F)CC1
D03177,CC(C)C(=O)c1c(C(C)C)nn2ccccc12
D03178,CC(C)[C@H](NC(=O)[C@H]1NC(=O)[C@H](CO)NC(=O)[C@H](Cc2ccccc2)NC(=O)[C@H](NC(=O)[C@@H](N)Cc2ccc(O)cc2)C(C)(C)SSC1(C)C)C(=O)NCC(N)=O
D03179,C=CC(=O)Nc1ccc(S(=O)(=O)N2CCN(C(=O)OCc3cccc(Oc4ccccc4)c3)CC2)cc1
D03180,CCCCc1nn(-c2ccccc2C(F)(F)F)c(C(=O)OCC)c1Cc1ccc(-c2ccccc2-c2nnn[nH]2)cc1
D03181,N[C@@H](CCNCc1ccc(Cl)cc1)C(=O)N1CCCCC1
D03182,CC1(C)[C@H](C(=O)NC(=N)N)[C@H]1c1cccc2c1CCO2
D03183,N#Cc1cc(-c2ncnc(Nc3ccc(N4CCN(C5COC5)CC4)cc3)n2)ccc1O[C@H]1CCN(C(=O)NO)C[C@H]1F
D03184,CC(C)[C@@H](NC(=O)[C@@H]1NC(=O)[C@@H](CC(=O)O)NC(=O)[C@H](Cc2ccccc2)NC(=O)[C@@H](NC(=O)[C@@H](N)Cc2ccc(O)cc2)C(C)(C)SSC1(C)C)C(=O)NCC(N)=O
D03185,CS(=O)(=O)Cc1cc(N2CCOCC2)nc(-c2cccc3[nH]ccc23)n1
D03186,Cc1ccc(-n2ccc(C)c(-c3ccc4nc(N)ncc4c3)c2=O)cc1F
D03187,CN[C@H]1CC[C@@H](c2ccc(Cl)c(Cl)c2)c2cc(C(=O)O)c(NS(C)(=O)=O)cc21
D03188,C[C@@H](c1ccc(-c2cccc(-c3nnc[nH]3)c2)cc1)[C@H]([NH3+])C(=O)N1CC[C@H](F)C1
D03189,N#CC1(NC(=O)[C@@H]2CCCC[C@H]2C(=O)N2CCN(c3nc4ccncc4s3)CC2)CC1
D03190,CN1CCC(NC(=O)c2ccc(Oc3ccc(C#C[C@]4(O)CN5CCC4CC5)cc3)cc2)CC1
D03191,CN[C@@H](C)C(=O)N[C@H]1CN(C(=O)c2ccc(N)cc2)c2ccccc2N(Cc2c(OCCF)ccc3ccccc23)C1=O
D03192,CS(=O)(=O)Nc1ccc(-c2coc3cc(C#CC4CCN(C(=O)C5CC5)CC4)ccc3c2=O)cc1
D03193,Cc1c([C@@H]2CN3CCN(C(=O)Cc4ccc(-n5cnnn5)nc4)C[C@H]3CO2)ccc2c1COC2=O
D03194,CS(=O)(=O)N1CCN(Cc2cc3nc(-c4cccc5[nH]ncc45)nc(N4CCOCC4)c3s2)CC1
D03195,CN(C)C(=O)[C@@H](c1ccc(-c2ccc(F)cc2F)cc1)[C@H]([NH3+])C(=O)N1CC[C@H](F)C1
D03196,CC(C)N(Cc1nc2c(c(=O)[nH]1)COCC2)C(=O)CN1CCC(C(=O)c2ccc(F)cc2)CC1
D03197,CCN1CCC(Nc2ccc3c(c2)C(=C(c2cccc(F)c2)c2ncc[nH]2)C(=O)N3)CC1
D03198,NNc1nc2cc(Cl)c(Cl)cc2nc1Cc1ccccc1
D03199,CN(C)C(=O)Nc1ccc(S(=O)(=O)N[C@H]2CC[C@H]([C@H](N)C(=O)N3CCCC3)CC2)cc1
D03200,CCCC#Cc1ccc(/C(F)=C/c2ccc(F)c([C@@]3(C)N=C(N)S[C@@]4(C(=O)NC)C[C@H]43)c2)nc1
D03201,Cc1nn(C2CC2)c2c1C(c1ccc(Cl)cc1F)N(c1cc(C)c3nnc(C)n3c1)C2=O
D03202,CN(CC1CCc2nc(N)nc(N)c2N1)c1ccc(C(=O)N[C@@H](CCC(=O)O)C(=O)O)cc1
D03203,CC1(C)[C@@H]2CC[C@@]1(C)[C@@H](NC(=O)[C@H](CC1CCCCC1)NS(=O)(=O)N[C@@H](CCCCN)C(=O)O)C2.Cl
D03204,C[C@@H]1C(=O)N(CC(F)(F)F)CCCN1C(=O)C[C@H](N)Cc1cc(F)c(F)cc1F
D03205,CN1CCNCC12CCN(c1nc(Oc3cccc(F)c3)cc(C(F)(F)F)n1)CC2
D03206,Cc1c(-c2[nH]c3ccc(C4CCN(C(=O)CNCCF)CC4)cc3c2C(C)C)cn2ncnc2c1C
D03207,Cn1cnc(S(=O)(=O)N2C[C@H]3[C@@H](C2)[C@]3(CNC(=O)c2ccccc2C(F)(F)F)CC2CC2)c1
D03208,CCCS(=O)(=O)N1CCC(CNC(=O)c2ccc(Cl)cc2Cl)(C2CCCCC2O)CC1
D03209,CC(=O)O[C@@]12CO[C@@H]1C[C@H](O)[C@@]1(C)C(=O)[C@H](O)C3=C(C)[C@@H](OC(=O)[C@H](O)[C@@H](NC(=O)OC(C)(C)C)c4ccccc4)C[C@@](O)([C@@H](OC(=O)c4ccccc4)[C@@H]12)C3(C)C
D03210,CN[C@@H](C(=O)N1CCC[C@H]1C(=O)N[C@H](C=O)CCCNC(=N)N)c1ccccc1
D03211,Cc1ccc(-c2ccc(Cc3nnn(C(=O)N(C)C)n3)cc2)cc1
D03212,O=C(NC1N=C(c2ccccc2F)c2ccccc2NC1=O)c1cc2cc(O)ccc2[nH]1
D03213,Nc1noc2c(N3CC[C@@H](NC(=O)c4ccc(-n5cnnc5C(F)F)cc4Cl)C3)ncc(Cl)c12
D03214,CCCCC(NC(=O)CC1CCN(Cc2ccn(-c3ccc(C(F)(F)F)cc3)c2)CC1)c1ccc(=O)[nH]c1
D03215,[C-]#[N+][C@@H]1CCCN1C(=O)CNC(=O)c1ccnc2cc(C)ccc12
D03216,CN(CCOc1ccc(-c2ccccc2)cc1C(=O)c1ccccc1)CC(=O)O
D03217,COc1ccc2c(c1)c1c3c(c4c5cc(OC)ccc5n(CCC#N)c4c1n2C)CNC3=O
D03218,COc1cc(Nc2nccc(Oc3ccc(NC(=O)Nc4cc(C(C)C)nn4-c4ccc(C)cc4)c4ccccc34)n2)cc(C(=O)NCCO)c1
D03219,CC(C)C[C@H](NC(=O)[C@H](CC(c1ccccc1)c1ccccc1)CP(=O)(O)[C@@H](N)CCc1ccccc1)C(N)=O
D03220,Cc1cc(C(=O)O)ccc1-c1ccc(N2C(=O)N(c3cnccn3)C3(CCN(Cc4ncccc4C)CC3)C2=O)cc1
D03221,Nc1ccc(S(=O)(=O)Nc2ccnn2-c2ccccc2)cc1
D03222,Cc1ccc2c(c1)C(=O)N(C)c1cnc(Nc3cccc(S(=O)(=O)N4CCC(O)CC4)c3)nc1N2C
D03223,CCCS(=O)(=O)c1ccc2nc(-c3cccc(OC(F)(F)F)c3)[nH]c2c1
D03224,CCC(=O)Oc1cccc([N+](C)(C)C)c1C
D03225,N#Cc1ccc(Cn2cncc2CN[C@H]2CCN(c3cccc4ncccc34)C2=O)cc1
D03226,Cc1cc(-c2[nH]c3ccc(C4CCN(C(=O)C5CC(=O)N(C)C5)CC4)cc3c2C(C)C)cn2ncnc12
D03227,Cc1c(Cn2ccnc2)oc2ccc(C(=O)O)cc12
D03228,N#Cc1cc(-c2ncnc(Nc3ccc(Cn4ccnc4)cc3)n2)ccc1OC1CCOCC1
D03229,CN[C@@H]1CCN(c2nc(N)nc3c2oc2ccc(Cl)cc23)C1
D03230,O=C(c1ccc(F)cc1)C1CCN(CC(=O)N(Cc2nc3c(c(=O)[nH]2)COCC3)C[C@H]2CCCO2)CC1
D03231,Cn1c(=O)n(Cc2ccc(C(=O)O)cc2)c(=O)c2cc(C#CCc3ccccc3)ccc21
D03232,N[C@@H](CC(=O)NC1(c2ccccc2)CCS(=O)(=O)CC1)Cc1cc(F)c(F)cc1F
D03233,CCCN(CCCCN1CCOCC1)C1COc2cccc(OC)c2C1
D03234,C[C@H](N)Cc1c[nH]c2ccc3c(c12)CCCO3
D03235,CCCCCN(CCCCC)C(=O)N1CCN(C(=O)N(c2ccccc2)c2ccccc2)[C@H](C(=O)OC)C1
D03236,CN1CCN(c2ccc(NC=C3C(=O)NC(=O)c4ccc(-c5ccoc5)cc43)cc2F)CC1
D03237,CCS(=O)(=O)c1ccc2nc(-c3cccc(-c4ccccc4)c3F)[nH]c2c1
D03238,Cc1nn(C)c2sc(-c3cc(COC(C)(C)C(=O)O)nn3Cc3ccccc3Cl)cc12
D03239,CN[C@@H]1CCN(c2ccc(Cl)c(Cl)c2)c2ccccc21
D03240,CCc1nc(Oc2ccc(C(=O)O)cc2)ccc1CN1CCC(N2C(=O)N(C3CCOCC3)C[C@H]2c2ccccc2)CC1
D03241,N#Cc1cnc(C(=O)Nc2ccc(F)c([C@@]3(C(F)F)N=C(N)O[C@@H]4C[C@@H]43)c2)c(F)c1
D03242,C#Cc1ccc(-c2nc(-c3ccc(F)cc3)c(-c3cc[nH]c(=O)c3)[nH]2)cc1
D03243,Nc1noc2cccc(C(=O)Nc3cccc(CNC(=O)Nc4ccccc4F)c3)c12
D03244,Cc1c([C@@H]2CN3CCN(C(=O)Cc4ccc(-n5cnnn5)nc4)C[C@@H]3CO2)ccc2c1COC2=O
D03245,C=C[C@@]1(C)CC(=O)[C@@]2(O)[C@](C)(O1)[C@@H](OC(C)=O)[C@@H](O)[C@H]1C(C)(C)CC[C@H](O)[C@@]12C
D03246,COc1cc(-c2ccc3c(-c4nc5ccccc5[nH]4)n[nH]c3c2)ccc1O
D03247,CC#CCOc1cnc(C(=O)Nc2cc(F)c(F)c([C@@]3(CF)N=C(N)O[C@@H]4C[C@@H]43)c2)cn1
D03248,COCC(COC)NC(=O)c1nc(N2CC[C@@H](NC(=O)c3[nH]c(C)c(Cl)c3Cl)[C@@H](OC)C2)sc1C(=O)O
D03249,O=C(NC1CCCC1)N[C@@](Cc1ccccc1)(c1cc(F)cc(OC(F)(F)C(F)F)c1)c1ccc(Cl)cn1
D03250,O=C(CSc1nnnn1C1CC2CCC1C2)Nc1ccnc2ccccc12
D03251,O=C(NCCS(=O)(=O)[O-])C(CS)Cc1ccccc1
D03252,Cc1cc(Cl)c(OCCOc2ccc([C@H]3CCNC[C@@H]3C(=O)N(Cc3cccc(C)c3C)C3CC3)cc2)c(Cl)c1
D03253,O=C(O)CCCN[C@@H](Cn1c(=O)c(-c2ccccc2Cl)cn(Cc2c(F)cccc2C(F)(F)F)c1=O)c1ccccc1
D03254,Cn1nccc1-c1cc(C(F)(F)F)ccc1-c1cccc2cc(S(=O)(=O)Nc3ncns3)ccc12
D03255,COc1ccc(C2(c3cccc(-c4cccnc4)c3)N=C(N)N(C)C2=O)cc1C
D03256,CC(Sc1nnc(-c2ccc(NC(=O)Cc3ccc(Cl)c(Cl)c3)cc2)n1C)C(=O)O
D03257,CCCCc1nc2cc(/C=C/C(=O)NO)ccc2n1CCN(C)C
D03258,N#Cc1cc(-c2ncnc(Nc3ccc(N4CCN(C5COC5)CC4)cc3)n2)ccc1O[C@H]1CCN(C(=O)c2cn[nH]c2Cl)C[C@H]1F
D03259,CC1(C)CN(C(=O)CC#N)C[C@H](F)[C@@H]1Oc1ccc(-c2ncnc(Nc3ccc(N4CCN(C5COC5)CC4)cc3)n2)cc1C#N
D03260,CC(=O)N[C@@H](CC(C)C)C(=O)N[C@H](C(=O)N[C@H](C=O)CCCCN)C(C)C
D03261,Cc1cc(Oc2cncnc2)cc(C(=O)Nc2cc(F)ccn2)n1
D03262,NC(=O)c1nnc(N[C@@H]2CCCC[C@@H]2N)cc1Nc1ccc2c(n1)CCC2
D03263,CCCCN([C@H]1CCNC1)S(=O)(=O)c1ccc2ccccc2c1
D03264,CNc1nn2c(C)cc(C)nc2c1S(=O)(=O)c1ccccc1
D03265,N#C[C@@H]1CCCN1C(=O)CNC12C[C@@H]3C[C@H](C1)C[C@@](O)(C3)C2
D03266,O=c1cc(OCc2ccccc2)cc[nH]1
D03267,C=CC(=O)Nc1cc(Nc2ncc(Cl)c(-c3cnn4ccccc34)n2)c(OC)cc1N(C)CCN(C)C
D03268,O=C(O)[C@H](Cc1ccc(-n2c(C3(C(F)(F)F)CC3)nc3cccnc32)cc1)NC1=C(Br)C(=O)C12CCCCC2
D03269,CN[C@@H](C)C(=O)N[C@H]1CCc2ccccc2N(Cc2c(OC)ccc3cc(F)ccc23)C1=O
D03270,Cc1cc2c(Nc3ccc4nc(N)sc4c3)c(C#N)cnc2cc1OCCCN1CCC(C)CC1
D03271,Cn1nccc1-c1cc(Cl)ccc1Oc1cc(F)c(S(=O)(=O)Nc2cscn2)cc1Cl
D03272,CN[C@@H](C)C(=O)N[C@H]1CN(C(=O)CC23CC4CC(CC(C4)C2)C3)c2ccccc2N(Cc2c(OC)ccc3cc(Br)ccc23)C1=O
D03273,Cc1ccc(OC(C)(C)C2OCC(C/C=C\CCC(=O)O)C(c3cccnc3)O2)c(C#N)c1
D03274,CNC(=O)Nc1ccc(-c2nc(N3CCOCC3)c3cnn(C4CCN(C(=O)OC(C)(C)C)CC4)c3n2)cc1
D03275,CC(C)(C(=O)OC12CC3CC(CC(C3)C1)C2)c1cccnc1
D03276,NC1=NC2(CCO1)c1cc(NC(=O)c3ccc(Cl)cn3)ccc1Oc1c2cc(-c2ccnc(F)c2)nc1F
D03277,CC(C)CC(=O)N[C@H](C(=O)N[C@H](C(=O)N[C@@H](CC(C)C)[C@@H](O)CC(=O)N[C@@H](C)C(=O)N[C@@H](CC(C)C)[C@@H](O)CC(=O)O)C(C)C)C(C)C
D03278,Clc1cccc(Nc2ncnc3ccccc23)c1
D03279,CCn1nc(-c2cccs2)nc2c(=O)n(C)c(=O)nc1-2
D03280,CC(C)[C@@H](NS(=O)(=O)c1ccc(-c2ccc(COc3ccc(C(=O)C4CCCCC4)cc3)cc2)cc1)C(=O)O
D03281,CCCC/C=C/COC(=O)Cc1c(C)n(C(=O)c2ccc(Cl)cc2)c2ccc(OC)cc12
D03282,CC(C)NC(=O)N(Cc1cccc(C#Cc2ccc(Cl)cc2)c1)Cc1cccc(C#Cc2ccccn2)c1
D03283,C[C@]1(F)CCC[C@H]1Nc1c(C(N)=O)cnn2cccc12
D03284,Cc1cc(Cl)ccc1C1c2c(nn(C3CCOCC3)c2C(C)C)C(=O)N1c1cccc(Cl)c1F
D03285,CCN(CC)C(=O)c1ccc(C(=C2CCN(Cc3cscn3)CC2)c2ccccn2)cc1
D03286,CC(=O)N1CCC(NC(=O)NC2CCCCCC2)CC1
D03287,C[C@@H]1Cc2c([nH]c3ccccc23)[C@@H](c2nccc(OCCNCCCF)c2F)N1CC1(F)CC1
D03288,CCCC[C@H](NC(=O)O[C@H](Cn1cc(-c2ccc(C(F)(F)F)cc2)cn1)C(C)(C)C)C(=O)C(=O)Nc1ccn[nH]1
D03289,CC(NC(=O)C(CCCNC(=N)N)NC(=O)C(c1ccccc1)c1ccccc1)c1ccc(O)cc1
D03290,CC(C)c1c(-c2ccc3ncnn3c2)[nH]c2ccc(C3CCN(Cc4nccs4)CC3)cc12
D03291,CN(C)C(=O)[C@@H](c1ccc(-c2ccc(F)cc2)cc1)[C@H]([NH3+])C(=O)N1CCSC1
D03292,COc1cc(-c2cc(-c3ccc(N4CCNCC4)cc3)cnc2C)cc(OC)c1OC
D03293,Cc1cc(C#Cc2ccc(-c3ccc(Cl)cc3)cn2)ccc1OCCN1CCC[C@H]1CO
D03294,Nc1nc2cc(-c3cncc(S(=O)(=O)NCC(F)(F)F)c3)ccn2n1
D03295,CCOc1nc(C#N)nc(N2CCCCC2)n1
D03296,CN1C(=O)N(c2cccc(C(F)(F)F)c2)C2=C(C(=O)CC2)[C@@H]1c1ccc(C#N)cc1S(=O)(=O)CCO
D03297,CNc1cc(Nc2cnc(C#N)c(O[C@@H]3CCNC3)n2)ncc1C(=O)OC
D03298,CNC(=O)Nc1nc2cc(N)ncc2cc1-c1cc(OC)cc(OC)c1
D03299,Cc1nn(C)cc1-c1nc2ncc(Cl)c(Oc3ccc(C(=O)Nc4cccnc4)cc3)c2[nH]1
D03300,O=C(Nc1ccc(-c2ccc(Cl)c(Cl)c2)cc1)C1=C(O)c2cc(O)ccc2S(=O)(=O)N1
D03301,COc1ccc(C(=O)Nc2ccc3c(c2)C2(CCSC(N)=N2)c2cc(-c4cncc(F)c4)nc(F)c2O3)nc1
D03302,N#C/C(=C\c1cn(CC(=O)O)c2ccccc12)C(=O)N1CCCc2ccccc21
D03303,COc1cc(-c2nn([C@H]3CC[C@H](N4CCN(C)CC4)CC3)c3ncnc(N)c23)ccc1NC(=O)C(C)(C)Cc1ccccc1
D03304,C[C@@H](Nc1nc2ccc(-c3ccn(CC4CC4)c(=O)c3)cc2s1)C1CCOCC1
D03305,COc1ccc(CN=Nc2nc3ccccc3nc2Cc2ccccc2)cc1OC
D03306,O=C(Nc1ccc(Cl)cc1C(=O)Nc1ccc(Cl)cn1)c1ccc(CN2CCNCC2)cc1
D03307,COc1nn(-c2ccc(NC(=O)c3ccc(C(C)(C)C)cc3)cc2)c(=O)o1
D03308,COc1cccc(-c2cccc(C3(c4ccncc4)N=C(N)N(C)C3=O)c2)c1
D03309,O=C1c2ccccc2-c2nnc(CCc3ccccc3)cc21
D03310,FC(F)(F)c1cc(Cl)nc(COCC2(c3ccccc3)CCNCC2)c1
D03311,CC(C)C[C@@H](C=CS(C)(=O)=O)NC(=O)[C@H](C)NC(=O)[C@H](CCC(=O)OC(C)(C)C)NC(=O)OCc1ccccc1
D03312,CC(C)(Oc1ccc(Cl)cc1)C(=O)N[C@H]1C2C[C@@H]3C[C@@H]1C[C@@](C(=O)NCc1ccncc1)(C2)C3
D03313,C[C@H](O)C(=O)N1CC[C@H](Oc2ccc(-c3ncnc(Nc4ccc([C@@H]5C(=O)N(C)CCN5C)cc4)n3)cc2C#N)[C@H](F)C1
D03314,C[C@]12CCCN1CC1=NNC(=O)c3cccc4[nH]c2c1c34
D03315,O=C(O)C[C@H]1CC[C@H](c2ccc(-c3ccc4c(c3)OCCN4C(=O)Nc3ccc(F)cc3C(F)(F)F)cc2)CC1
D03316,O=c1cc(-c2cccc(O)c2)oc2c(O)c(O)ccc12
D03317,CCCc1ccc(Cc2ccc3c(c2)[C@]2(OC3)O[C@H](CO)[C@@H](O)[C@H](O)[C@H]2O)cc1
D03318,O=C(N[C@@H]1CCC[C@H]1OC(=O)c1cc(O)c(C(=O)c2c(O)cccc2C(=O)O)c(O)c1)c1ccc(O)cc1
D03319,COc1ccc(C(=O)NCc2cccc(C(=O)Nc3ccc(CN(C)C)cc3)c2)cc1Cl
D03320,Nc1nccc(-c2c(-c3ccc(F)cc3)ncn2C2CCNCC2)n1
D03321,COc1cc(F)cc2c1nc(C)c1c(C)nc(-c3cccnc3C)n12
D03322,CCCCNC(=O)[C@H](C)C[C@H](O)[C@@H](N)CC(C)(C)CC(=O)N1CCCc2ccccc21
D03323,CCCCC(=O)N1CCC(CNc2nc3c(s2)CCOc2ccc(F)cc2-3)CC1
D03324,C=CCn1c(SCC(=O)NC(=O)NCc2ccco2)nc2sc(CC)cc2c1=O
D03325,Cc1cc(N2CCOCC2)nc2cc(Cc3cnc(N)nc3N)ccc12
D03326,C[C@@H](O[C@H]1OCCN(Cc2n[nH]c(=O)[nH]2)[C@H]1c1ccc(F)cc1)c1cc(C(F)(F)F)cc(C(F)(F)F)c1
D03327,Cc1cc(-c2[nH]c3ccc(C4CCN(Cc5nnc[nH]5)CC4)cc3c2C(C)C)cn2ncnc12
D03328,CCOC(=O)[C@H](CCc1ccccc1)N[C@@H](C)C(=O)N1Cc2ccccc2C[C@H]1C(=O)O
D03329,CCSC[C@@H]1C[C@](O)(c2ccccc2)[C@@H](c2ccccc2)[C@H](c2ccc(F)cc2)O1
D03330,CC(C)(C)OC(=O)N[C@@H](C(=O)N1CCC[C@H]1C(=O)N[C@H](C=O)CCCN=C(N)N)c1ccsc1
D03331,CS(=O)(=O)c1ccc(-c2[nH]c(SC#N)cc2-c2ccc(F)cc2)cc1
D03332,NC(CC(=O)N1CCN(C(c2ccc(F)cc2)c2ccc(F)cc2)CC1)C(=O)N1Cc2ccccc2C1
D03333,COc1ccccc1C(=O)Nc1cc2c(cc1N1CCNC[C@H]1C)n(C)c(=O)n2C
D03334,COc1cc(-c2nn(C3CCN(C4CCN(C(C)=O)CC4)CC3)c3ncnc(N)c23)ccc1NC(=O)c1ccc(C(F)(F)F)cc1F
D03335,CC(C)(O)Cc1ccc2c(c1)c1cc(OCCC3CC3)ccc1c1[nH]c(-c3c(C#N)cc(F)cc3C#N)nc21
D03336,C[C@@H](C[C@@H](CS(=O)(=O)N1CCN(c2ccc(F)cc2)CC1)N(O)C=O)c1ncc(F)cn1
D03337,O=C(O)c1csc(-c2ccc3c(c2)C(=NNc2nc4ccccc4s2)CCC3)n1
D03338,CCc1c(Nc2ncc(Cl)c(-c3cnn4ccccc34)n2)cnn1C1CCN(C(C)=O)CC1
D03339,C[C@H]1CN[C@H](C)CN1CCOC(c1ccccc1)c1ccccc1
D03340,CCn1ncc2ccc(-c3cc(COC(C)(C)C(=O)O)nn3-c3ccccc3N3CCCC3)cc21
D03341,C=CC(=O)Nc1ccc(S(=O)(=O)N2CCN(C(=O)C34CC5CC(CC(C5)C3)C4)CC2)cn1
D03342,O=C(NC1CC1)c1cc(NCc2cnc(Nc3ccccn3)s2)c(F)cc1F
D03343,Cc1cc(C(=O)O)ccc1-c1ccc(N2C(=O)N(c3cc(C(F)(F)F)ncn3)C3(CCN(Cc4ncccc4C)CC3)C2=O)cc1
D03344,Cc1cc(-c2[nH]c3ccc(C4CCN(C(=O)CN5CCOCC5)CC4)cc3c2C(C)C)cn2ncnc12
D03345,O=C(/C=C/c1ccc(-c2ccc(O)cc2)cc1)NO
D03346,CC(C)c1cc(C#N)cc2nc(-c3ccc(C(=O)NC[C@H]4CC[C@H](c5ccc(C(F)(F)F)cc5)CC4)cc3)oc12
D03347,Cc1ccc(C(=O)N2CCOC[C@H]2Cc2cc(-c3ncon3)ccc2F)c(-n2nccn2)c1C
D03348,O=C(N[C@@H](Cc1ccccc1)C(=O)N[C@@H]1C(=O)N2CCS(=O)[C@@H]12)OCc1ccccc1
D03349,Cc1cc(OCc2ccc(F)cc2F)c(Br)c(=O)n1Cc1ccc(C(N)=O)cc1
D03350,O=C(CCc1ccccc1)N[C@H]1CC[C@H](c2ccc(O)cc2)CC1
D03351,COc1ccc2c(c1)C/C(=C\c1ccc(N(C)C)cc1)C2=O
D03352,C[C@@H](Oc1nc(-c2cnn([C@@H]3CCOC3)c2)cc2nn(C)cc12)[C@H]1CNC(=O)C1
D03353,Oc1cccc(-c2ccc3c(-c4cccc(O)c4)c(O)ccc3c2)c1
D03354,CCCS(=O)(=O)N1CCC(CNC(=O)c2ccccc2OC(F)(F)F)(c2ccccn2)CC1
D03355,O=C(NCc1nc(-c2cccc(Br)c2)c[nH]1)Nc1ncc(Sc2ccccn2)s1
D03356,CCCNNC(=O)CCCCCCCNC(=O)[C@H](Cc1c[nH]c2ccccc12)NC(=O)c1ccc(OC)cc1
D03357,COc1ccc(C(=O)NCc2cccc(C(=O)Nc3ccc(CN(C)C)cc3)c2)cc1OC
D03358,CCOC(=O)[C@H]1O[C@@H]1C(=O)N(CC(N)=O)NC(=O)[C@@H]1CCCN1C(C)=O
D03359,CC(C)c1noc(-c2nnc3n2CCN(C(=O)c2ccc(F)cc2)[C@@H]3C)n1
D03360,COc1cccc(C2(c3cccc(OC)c3)NC(=N)N(C3CCCCC3)C2=O)c1
D03361,COc1ccc2c(c1)N(O)C(=O)[C@@H](N)C2
D03362,COc1cc(Cl)ccc1Oc1ccncc1CN(C)C
D03363,CN(C)C(=O)c1cc2cnc(Nc3ccc(C(=O)N4C[C@@H]5C[C@]5(N)C4)cn3)nc2n1C1CCCC1
D03364,Cc1ccccc1-n1nc(C)c(-c2ccc3nccnc3c2)c1Nc1ccccc1C(=O)O
D03365,CCC(=O)Nc1cc2c(NCc3ccc(OC)c(Cl)c3)ncnc2c(CCO)c1OC
D03366,Cc1cccc(NC(=O)c2cc(Oc3cncc(F)c3)cc(C)n2)n1
D03367,O=C(CCCCCCc1ccccc1)c1nnn[nH]1
D03368,Cc1cc(NC(=O)c2ccc(C#N)cn2)cc([C@@]2(C(F)F)N=C(N)O[C@@H]3C[C@@H]32)c1F
D03369,N#Cc1cc(-c2ncnc(Nc3ccc(N4CCOC[C@H]4CO)cc3)n2)ccc1O[C@H]1CCN(C(=O)CO)C[C@H]1F
D03370,O=P(O)(O)C(F)(F)c1ccc(CC(Cc2ccc(C(F)(F)P(=O)(O)O)cc2)(c2ccc(F)c(F)c2)n2nnc3ccccc32)cc1
D03371,Cc1c(C#N)c(=O)oc2cc(OCc3ccc(F)cc3)ccc12
D03372,CNS(=O)(=O)Cc1ccc2[nH]cc(CCN(C)C)c2c1
D03373,CC(C)c1cnc(-c2cc(Cl)ccc2F)cc1Nc1ccncc1C(=O)NCCNC(=O)OC(C)(C)C
D03374,Cc1nn(-c2ccnc(Nc3ccc4c(c3)c(Cl)c(C)n4C)n2)cc1CN1CC[C@@H](O)C1
D03375,CCCc1c(Sc2cccc3ccccc23)[nH]c2nc(N)nc(N)c12
D03376,CC(C)C[C@@H](O)[C@H](O)[C@H](CC1CCCCC1)NC(=O)C(NC(=O)[C@H](Cc1ccccc1)NS(=O)(=O)N1CCOCC1)C(=O)NC(Cc1cnc[nH]1)C(=O)O
D03377,N=C(N)NC(=O)c1cnn(-c2cccc3ncccc23)c1C1CC1
D03378,COc1cc2c(=O)n(Cc3ccccc3C#N)c(N3CCC[C@@H](N)C3)nc2cc1F
D03379,C[C@@H]1C(=O)NCCCN1C(=O)C[C@H](N)CN1CCCCC1=O
D03380,CCN(C)C(=O)c1ccc([C@H](c2cccnc2)N2CCN(Cc3ccccn3)CC2)cc1
D03381,CCOC[C@@H](CC(C)C)NC(=O)[C@@H]1CNC[C@H](C(=O)N(c2ccc(C(C)C)cn2)C2CC2)[C@@H]1O
D03382,COc1ccc(-c2nnc(C(=O)N3CCC(Oc4ccc(CN5CCC(O)C5)cc4)CC3)o2)cc1
D03383,O=C1NCc2cccc(-c3cc4cc(OCCCN5CCC(O)CC5)ccc4[nH]3)c21
D03384,COc1cccc2[nH]c(-c3nc(N[C@@H]4CCOC[C@@H]4N)cnc3C(N)=O)cc12
D03385,CCCCCCCCCCCCNC(=O)Oc1ccccc1-c1csnn1
D03386,Cc1cc(O)n2nc3c(c2n1)CN([C@H]1CO[C@H](c2cc(F)c(F)cc2F)[C@@H](N)C1)C3
D03387,COc1cc(-c2nn([C@H]3CC[C@H](N4CCN(C)CC4)CC3)c3ncnc(N)c23)ccc1NC(=O)c1cc2ccccc2o1
D03388,CC(C)C[C@H](NC(=O)[C@H](CCc1ccccc1)NC(=O)CN1CCOCC1)C(=O)N[C@@H](Cc1ccccc1)C(=O)N[C@@H](CC(C)C)C(=O)[C@@]1(C)CO1
D03389,CN1CCN(Cc2ccc(-c3cnc4[nH]cc(-c5ccc6[nH]ccc6c5)c4c3)cc2)CC1
D03390,O=C(O)C1CCN(c2nc(NCc3ccc4c(c3)OCO4)c3cc(Cl)ccc3n2)CC1
D03391,C[C@H](c1ccc(O)cc1)[C@H](N)C(=O)N[C@H]1C(=O)NCC(=O)N[C@@H](Cc2ccccc2)C(=O)N[C@@H](C(=O)O)C(C)(C)SSC1(C)C
D03392,N#Cc1cc(-c2cnc3c(-c4ccnc5ccccc45)cnn3c2)ccc1N1CCNCC1
D03393,CC#C/C(F)=C/c1ccc(F)c([C@@]2(C)N=C(N)S[C@@]3(C(=O)N(C)C)C[C@H]32)c1
D03394,CCc1ccc(Cc2cc([C@@H]3C[C@H](CO)[C@@H](O)[C@H](O)[C@H]3O)c(OC)cc2OC)cc1
D03395,COc1cc2nccc(Oc3ccc(NC(=O)C4(C(=O)Nc5ccc(F)cc5)CC4)cc3)c2cc1OC
D03396,COc1ccc(S(=O)(=O)NC(P(=O)(O)O)P(=O)(O)O)cc1
D03397,CN(C)C(=O)[C@@H]([C@H]1CC[C@H](c2ccc(F)cc2)CC1)[C@H](N)C(=O)N1CCC(F)(F)C1
D03398,COc1ccc([C@]2(O)CC[C@H](N3CC(NC(=O)CNc4n[nH]c5ccc(C(F)(F)F)cc45)C3)CC2)cn1
D03399,C[C@@H](c1ccc(-c2cc[nH]c(=O)c2)cc1)N1CC[C@](CC(C)(C)C#N)(c2ccccc2)OC1=O
D03400,CCNc1cc(C(=O)N[C@@H](Cc2ccccc2)[C@H](O)CNCc2cnn(CC)c2)cc(N2CCCCS2(=O)=O)c1
D03401,Fc1ccc(-c2[nH]cnc2-c2ccncc2)cc1
D03402,C#Cc1ccc(C(=O)Nc2ccc(F)c([C@@]3(C(F)F)N=C(N)O[C@@H]4C[C@@H]43)c2)nc1
D03403,CC(C)(CC(=O)N1CCOCC1)NCC(=O)N1C[C@@H](F)C[C@H]1C#N
D03404,COc1cc2c(cc1OC)C(=O)C(CC1CCN(Cc3ccccc3F)CC1)C2
D03405,COc1cc2c(cc1OC)C(C)N(Cc1cnc(N)nc1N)CC2
D03406,CN(C)CC1CC1c1cccc2c(C#N)cccc12
D03407,COc1ccc(N(C(=O)Oc2c(C)cccc2C)c2ccnc(Nc3cc(OC)c(OCCCN4CCN(C)CC4)c(OC)c3)n2)c(OC)c1
D03408,O=C(/C=C/c1ccc(NC(=O)C(Cc2ccccc2)c2ccccc2)cn1)NO
D03409,CC1(C)OC(=O)C(Oc2cccc(F)c2)=C1c1ccc(S(C)(=O)=O)cc1
D03410,O=C(NC1C[C@H]2CC[C@H](C1)N2Cc1ccc2cc(F)ccc2c1)c1cnccc1C(=O)N1CCCCC1
D03411,Nc1ccccc1NC(=O)c1ccc(CNC2=N[C@H](c3ccccc3)CO2)cc1
D03412,COc1ccc2cc(-c3n[nH]c4cccnc34)[nH]c2c1
D03413,COCCNC(=O)c1cccc2cc(Oc3ccnc4cc(OC)c(OC)cc34)ccc12
D03414,O=c1[nH]c2ccncc2cc1O
D03415,Cc1noc(NS(=O)(=O)c2ccsc2C(=O)Nc2cc3c(cc2CC(=O)N(C)C)OCO3)c1Cl
D03416,CC(C)[C@H](NS(=O)(=O)c1ccc(-c2ccc(C(F)(F)F)cc2)cc1)C(=O)O
D03417,C[C@H](O)c1c(F)cncc1C1COc2c(cccc2C(N)=O)O1
D03418,O=C(O)Cc1c[nH]c2ccccc12
D03419,COc1ccc(F)cc1CCCCC1CCC(CCN)O1
D03420,CC(=O)Nc1cnc2ccn(-c3cc(NC4CC4)n4ncc(C#N)c4n3)c2c1
D03421,COc1cc2nncc(-c3cnc(N4CCC(O)(c5ccc(F)nc5)CC4)c(C)c3)c2cc1OC
D03422,CN1C(=O)C(c2ccncc2)(c2cccc(-c3cccc(F)c3F)c2)N=C1N
D03423,COc1cc(N2CCCN(C(C)=O)CC2)ccc1Nc1ncc(Cl)c(-c2cnc3ccccn23)n1
D03424,O=C(NO)c1coc(-c2ccc(-c3ccccc3)cc2)n1
D03425,CC(=O)OC[C@@H]1C[C@@H]2CCCC[C@@H]2N1C(=O)C[C@H](N)Cc1cc(F)c(F)cc1F
D03426,Cc1cccc2c(-n3c(=O)n(Cc4ccc(Cl)c(O[C@H](C)C(=O)O)c4)c4cc(C(F)(F)F)ccc43)noc12
D03427,CN(C)CCCOc1ccc(-c2ccc3ncc4c(c3c2)n(C2CCC2)c(=O)n4C)c(F)n1
D03428,CCn1ncc(Nc2ncnc(-c3ccc(O[C@H]4CCN(C(=O)CO)C[C@H]4F)c(C#N)c3)n2)n1
D03429,Cc1cc2ncc(C(=O)N3CCC([C@H](N)Cc4cc(F)c(F)cc4F)CC3)c(C)n2n1
D03430,CS(=O)(=O)COc1cncc(C2COc3c(C#N)cccc3O2)c1
D03431,N#Cc1cc(-c2ncnc(Nc3ccc(N4CCN(C5COC5)CC4)cc3)n2)ccc1O[C@H]1CCN(C(=O)CO)C[C@H]1C(F)(F)F
D03432,CN(C)CCCOc1ccc(-c2ccc3ncc4c(c3c2)n([C@@H]2CCOC2)c(=O)n4C)cn1
D03433,CCN(C)C(=O)Oc1cccc2c1NCC2CCC(=O)OC
D03434,CCC(CC)(OCc1cc(-c2cccc(OC)c2)n(Cc2ccccc2Cl)n1)C(=O)O
D03435,O=C(NCCN1CCCC1)c1ccc(CN2CCC(NC(=O)c3cc(=O)c4ccc(F)cc4o3)CC2)c(Cl)c1
D03436,NNC(=O)c1cnc2ccc(-c3c(-c4ccc(F)cc4)ncn3CC(F)F)nn12
D03437,C[C@@H](O)[C@@H]1NC(=O)[C@H](CCCCN)NC(=O)[C@@H](Cc2c[nH]c3ccccc23)NC(=O)[C@H](Cc2ccccc2)NC(=O)[C@@H](NC(=O)[C@H](N)Cc2ccccc2)CSSC[C@@H](C(=O)N[C@H](CO)[C@@H](C)O)NC1=O
D03438,CCCCCOC(=O)Cc1c(C)n(C(=O)c2ccc(Cl)cc2)c2ccc(OC)cc12
D03439,COc1cc(N2CCN(C(C)=O)CC2)ccc1Nc1ncc(Cl)c(-c2cnc3ccccn23)n1
D03440,O=C(CCc1c(C(=O)O)[nH]c2ccccc12)Nc1cccc(/C=C/c2ccc3ccc(Cl)cc3n2)c1
D03441,CC(C)OC(=O)c1cccc(O)c1C(=O)c1c(O)cc(C(=O)O[C@@H]2CCC[C@H]2NC(=O)c2ccc(O)cc2)cc1O
D03442,NC(=O)c1cnc2ccc(-c3c(-c4ccc(F)cc4)ncn3C3CCCC3)cn12
D03443,Cc1c(-c2[nH]c3ccc(C4CCN(C(=O)CN5CCOCC5)CC4)cc3c2C(C)C)cn2ncnc2c1C
D03444,CNC(=O)N1CCc2c(c(Nc3cccc(-c4cnn(C)c4)c3F)nn2C2CCOCC2)C1
D03445,O=C(CCCCCCNc1ncnc2ccc(F)cc12)NO
D03446,Cc1cncc(-c2cnc(N[C@@H]3CCNC[C@H]3OC[C@@H]3C[C@H](C)S(=O)(=O)[C@H](C)C3)c3[nH]c(=O)c(C)cc23)c1
D03447,CCCS(=O)(=O)N1CCC(CNC(=O)c2ccccc2Cl)(c2cc(C)ccn2)CC1
D03448,Cc1cc2c(NC(=O)N[C@@H]3CC(CF)(CF)Oc4cc(F)ccc43)cccc2cn1
D03449,COc1ccc(C(=O)Nc2ccc(F)c([C@]3(C)CS(=O)(=O)C(C)(C)C(N)=N3)c2)nc1
D03450,O=C1c2ccccc2-c2n[nH]c3cccc1c23
D03451,N#Cc1ccc(C(c2ccc(C#N)cc2)n2cncn2)cc1
D03452,O=C(N1CCCCC1)n1nnnc1Cc1ccc(-c2ccccc2)cc1
D03453,CC1(C)CC[C@]2(C(=O)O)CC[C@]3(C)C(=CC[C@@H]4[C@@]5(C)CCC(=O)C(C)(C)[C@@H]5CC[C@]43C)[C@@H]2C1
D03454,CCOc1cccnc1Nc1ccc2c(c1)C1(CCOC(N)=N1)c1cc(OC)cc(F)c1O2
D03455,CC(C)ON([C@@H](C(=O)NO)C(C)C)S(=O)(=O)c1ccc(-c2ccc(OCc3ccc(Cl)cc3)cc2)cc1
D03456,O=C(/C=C/c1ccc2c(c1)OCO2)c1cccnc1
D03457,CCCCN1C(=O)[C@@H]([C@H](O)C(C)C)NC(=O)C12CCN(Cc1ccc(Oc3ccccc3)cc1)CC2
D03458,CN(C)C(=O)c1cc2cnc(Nc3ccc(C(=O)N4C[C@@H]5CNC[C@H](C4)C5O)cn3)nc2n1C1CCCC1
D03459,N#CCC(=O)N1CC[C@H](Oc2ccc(-c3ncnc(Nc4ccc(N5CCO[C@@H](CO)C5)cc4)n3)cc2C#N)[C@H](F)C1
D03460,Cc1ccc([C@@H]2C3CCC(C[C@@H]2c2ccccc2)N3C)cc1
D03461,Cc1c(OCCN(C)CCCF)ccc(F)c1[C@@H]1c2[nH]c3ccccc3c2C[C@@H](C(F)(F)F)N1C[C@H](C)C(=O)O
D03462,COc1cc(C(=O)NCCO)ccc1Nc1nccc(Oc2ccc(NC(=O)Nc3cc(C(C)C)nn3-c3ccc(C)cc3)c3ccccc23)n1
D03463,CC1(C)N=C(N)N=C(N)N1OCCCOc1ccc(C(=O)/C=C/c2ccccc2)cc1.Cl
D03464,Cc1ccc(C2CC3CCC(C2C(=O)N2CCOCC2)N3C)cc1
D03465,CCN(CC)CCOc1ccc(Nc2ncc3cc(-c4c(Cl)cccc4Cl)c(=O)n(C)c3n2)cc1
D03466,N#C[C@H]1CCOC[C@@H]1n1cc(C(N)=O)c(Nc2ccc(F)cc2)n1
D03467,O=C1NCc2c1c1c3ccccc3[nH]c1c1[nH]c3ccccc3c21
D03468,COC(=O)Nc1ccc(-c2[nH]c([C@@H]3C[C@H](C4CCN(S(C)(=O)=O)CC4)CN3C(=O)N3CCN(C(=N)N)CC3)nc2Cl)cc1
D03469,N[C@@H](CC(=O)N1CCn2c(nnc2C(F)(F)F)C1)[C@H]1CCc2cc(F)c(F)cc21
D03470,Cc1cc(CCC2CCN(S(=O)(=O)CC3(N(O)C=O)CCOCC3)CC2)c(C)cn1
D03471,CCN(CC=Nc1cc(O)c(NCCN(CC)Cc2ccccc2OC)cc1O)Cc1ccccc1OC
D03472,CCn1ncc2ccc(-c3cc(COC(C)(C)C(=O)O)nn3-c3ccccc3N3CCC3)cc21
D03473,CC(C)C[C@H](C=O)NC(=O)[C@@H](NS(=O)(=O)c1ccc(F)cc1)C(C)C
D03474,CNC(=O)N1CCc2c(c(Nc3ccc(-c4cn(C)nc4C(F)(F)F)cc3F)nn2C2CCOCC2)C1
D03475,Cc1nn(C2COC2)c2c1C(c1ccc(Cl)cc1)N(c1cc(C)c3nnc(C)n3c1)C2=O
D03476,CNCc1ccc(Cl)c(CN(C(=O)[C@H]2CNCC[C@@H]2c2ccc(OCCOc3c(Cl)cc(C)cc3Cl)cc2)C2CC2)c1
D03477,C#CCN[C@@H]1CCc2ccccc21
D03478,C[C@H]1CN(c2nc(N3CCOC[C@@H]3C)c3ncc(-c4ccccc4)nc3n2)C[C@@H](C)O1
D03479,COc1ccc(-c2nnc3c(C(=O)c4ccccc4)nc4ccccc4n23)cc1OC
D03480,CC(C)=C(c1ccncc1)c1ccc(-c2ccc(O)c(F)c2)cc1
D03481,COc1cc2c(Nc3cc(Cl)c(Cl)cc3F)ncnc2cc1OC[C@@H]1CO[C@@H]2[C@@H](OC)CO[C@H]12
D03482,Cc1ccc(O)c([C@H](CCN(C(C)C)C(C)C)c2ccccc2)c1
D03483,Cc1ccc(-n2c(O)c3c(c2O)C2(OC3c3ccccc3)C(=O)c3ccccc3C2=O)cc1Cl
D03484,Cc1nc(N2CCC[C@@H](N)C2)n(Cc2ccccc2C#N)c(=O)c1Br
D03485,CC1(C)c2cc(C3CCN(CC4(O)CCOCC4)CC3)ccc2C(=O)c2c1[nH]c1cc(C#N)ccc21
D03486,O=C(N[C@@H]1CCCCC[C@H]1OC(=O)c1cc(O)c(C(=O)c2c(O)cccc2C(=O)O)c(O)c1)c1ccc(O)cc1
D03487,Cn1cc(Nc2ncnc(-c3ccc(OC4CCOCC4)c(C#N)c3)n2)cn1
D03488,C[C@H]1CN(C(=O)[C@]23C[C@H]2[C@@](C)(c2cc(/C=C(\F)c4ccc(C#N)cn4)ccc2F)N=C(N)S3)CCO1
D03489,CC(=CC(C)C=CC(=O)NO)C(=O)c1ccc(N(C)C)cc1
D03490,Cc1ccc(-c2cc(F)c(F)cc2-c2ccc(S(N)(=O)=O)cc2)cc1Cl
D03491,COc1ccc(-c2ccc(S(=O)(=O)N[C@@H](C(=O)O)C3CCC(n4c(O)c[nH]c4=O)CC3)cc2)cc1
D03492,O=C1c2cc(-c3ccnc(N[C@@H]4C[C@H](O)[C@@H](F)C4)n3)cn2CCCN1[C@H](CO)c1ccccc1
D03493,C[C@@H]1CCN(C(=O)C[C@H](N)Cc2cc(F)c(F)cc2F)[C@H](CC(F)(F)F)C(=O)N1
D03494,COC(=O)Nc1ccc(-c2[nH]c([C@@H]3C[C@H](C4CCN(S(C)(=O)=O)CC4)CN3C(=O)c3ccc(NC(=N)N)cc3)nc2Cl)cc1
D03495,CN1CCN(c2ccc(Nc3ncc4ccc(-c5ccccc5N(C)S(C)(=O)=O)n4n3)cc2)CC1
D03496,O=C(O)c1cccc(-c2noc(C(=O)CCCCCCc3ccccc3)n2)n1
D03497,C#CCN(C)[C@H](C)Cc1ccc(OCCCNc2c3c(nc4cc(Cl)ccc24)CCCC3)cc1
D03498,c1ccc2ncc(Nc3ccnc(Nc4ccc(OCCCN5CCCCC5)cc4)n3)cc2c1
D03499,CC(=N)N1CCN(Cc2ccc(C(=O)Nc3ccc(Cl)cc3C(=O)Nc3ccc(Cl)cn3)cc2)CC1
D03500,CN1CCC(c2ccc(C(=O)Nc3ccc([C@@H]4C[C@H]4N)cc3)cc2)CC1.Cl
D03501,CCCC[C@H](NC(=O)[C@@H]1CCCN1C(=O)[C@H](C)NC(=O)CN=[N+]=[N-])C(=O)N[C@@H](Cc1ccccc1)C(=O)[C@@]1(C)CO1
D03502,NC(=O)C1CCN(CCOc2ccc(C#Cc3ccc(-c4ccc(Cl)cc4)cn3)cc2)CC1
D03503,N#Cc1cc(-c2ncnc(Nc3ccc(N4CCN(C5COC5)CC4)cc3)n2)ccc1O[C@H]1CCN(C(=O)C2CCS(=O)(=O)N2)C[C@H]1F
D03504,CCCN(CCCCNC(=O)c1ccc(F)cc1)C1COc2cccc(OC)c2C1
D03505,CCOC(=O)c1ccc(COc2ccc(Cl)c3c2C2(CCCCC2)NC(=O)N3)o1
D03506,C[C@@H]1COCCN1c1nc(-c2cncc3[nH]ccc23)cc2c1ncn2[C@@H](C)S(C)(=O)=O
D03507,Cc1nc2c(=O)n(C)c(=O)nc-2n(C)n1
D03508,C[C@@H]1CCN1C(=O)[C@]12C[C@H]1[C@@](C)(c1cc(/C=C(\F)c3ccc(Cl)cn3)ccc1F)N=C(N)S2
D03509,O=C(CCl)c1ccccc1
D03510,NCc1cc(C(F)(F)F)ccc1Cn1c(=S)[nH]c(=O)c2[nH]ccc21
D03511,Cc1cccc(-c2nn3c(c2-c2ccc4nc[nH]c4c2)CCC3)n1
D03512,COC[C@H]1COCCN1C(=O)[C@]12C[C@H]1[C@@](C)(c1cc(/C=C(\F)c3ccc(C#N)cn3)ccc1F)N=C(N)S2
D03513,CC(C)(CC(=O)N[C@H]1C[C@@H]1c1cccc(OC(F)(F)F)c1)NCC(=O)N1CCC[C@H]1C#N
D03514,O=c1cc(-c2ccc(O)cc2)oc2ccc(O)cc12
D03515,CC(=O)NCCNc1cc(Cl)nn2c(-c3cccc(S(=O)(=O)N(C)C)c3)c(C)nc12
D03516,C[C@H](CS)C(=O)N1CCC[C@H]1C(=O)O
D03517,CCN(C[C@@H](Nc1ccccc(C(N)=O)cncn1)C1C=CC=CC1)C(C)C
D03518,COc1cnc(C(=O)Nc2ccc(F)c([C@]3(C)CS(=O)(=O)C(C)(C)C(N)=N3)c2)cn1
D03519,CCC(Sc1nnc(-c2ccc(NC(=O)c3ccc(Cl)c(Cl)c3)cc2)n1C)C(=O)O
D03520,Cc1cccc(Cl)c1C(=O)NCc1ccc(-c2cc[nH]c(=O)c2)cc1
D03521,CC[C@H](C)[C@@H]1NC(=O)[C@@H]2CSSC[C@@H]3NC(=O)[C@H](C(C)C)NC(=O)[C@H](CC(C)C)NC(=O)[C@H](CC(N)=O)NC(=O)[C@@H]4CCCN4C(=O)[C@H](CCCCN)NC(=O)[C@H](CSSC[C@H](NC(=O)[C@@H](N)CC(=O)O)C(=O)N[C@@H](CC(C)C)C(=O)NCC(=O)N[C@@H](Cc4ccccc4)C(=O)N[C@@H](CCSC)C(=O)N[C@@H](CCCNC(=N)N)C(=O)N[C@@H](CCCCN)C(=O)N2)NC(=O)[C@H](CSSC[C@@H](C(=O)N[C@@H](CCCCN)C(=O)N[C@@H](Cc2ccc(O)cc2)C(=O)N[C@H](C(=O)N[C@@H](Cc2ccccc2)C(N)=O)C(C)C)NC(=O)[C@H](Cc2c[nH]c4ccccc24)NC(=O)[C@H](CCCCN)NC(=O)[C@H](Cc2cnc[nH]2)NC(=O)[C@H]([C@@H](C)O)NC(=O)[C@H](CCCNC(=N)N)NC(=O)[C@H](CO)NC3=O)NC(=O)[C@H](CCCCN)NC(=O)[C@H](CC(=O)O)NC(=O)[C@H](CC(N)=O)NC(=O)[C@H](CC(=O)O)NC(=O)[C@@H]2CCCN2C1=O
D03522,O=C(Cc1nc(N2CCOCC2)cc(=O)[nH]1)N1CCc2ccccc21
D03523,COc1ccc(-c2cc(=O)c3c(O)cc(O)cc3o2)cc1
D03524,CN[C@@H](C)C(=O)N[C@H]1CN(C(C)=O)c2cc(C#N)ccc2N(Cc2nn(-c3ccccc3C#N)c3ccccc23)C1=O
D03525,Nc1ccc(-c2ccccc2F)cc1NC(=O)c1ccc(CN2CCC3(CCCN3)CC2)cc1
D03526,CCCOc1cc(C2(c3cccc(-c4cccnc4)c3)N=C(N)N(C)C2=O)ccc1OC
D03527,Cc1ccc(N(CC2=NCCN2)c2cccc(O)c2)cc1
D03528,CC(C)c1c(-c2cc(OCCO)c3ncnn3c2)[nH]c2ccc(C3CCN(C4COC4)CC3)cc12
D03529,O=c1[nH]c(Oc2cnn(Cc3ccccc3)c2)nc2cnccc12
D03530,CCCCN1C(=O)C(=O)c2cc(S(=O)(=O)N3CCC[C@H]3CCOC)ccc21
D03531,Nc1ccccc1NC(=O)c1ccc(-c2ccc3ncnc(Nc4ccc(OCc5cccc(F)c5)c(Cl)c4)c3c2)s1
D03532,N#CC(C#N)=C1C(=O)N(Cc2ccc(O)cc2)c2ccc(S(=O)(=O)N3CCC[C@H]3COc3cccnc3)cc21
D03533,CC(C)Cc1ccc(-c2nc(-c3ccc(CN4CC(C(=O)O)C4)cc3)no2)cc1
D03534,COc1cccc(-c2cc(COC(C)(C)C(=O)O)nn2Cc2ccccc2N(C)C)c1
D03535,Cc1cc(C(=O)O)ccc1-c1ccc(N2C(=O)N(c3ncccn3)C3(CCN(Cc4ncccc4C)CC3)C2=O)cc1
D03536,CN1C(=O)CN=C(c2ccccc2)c2cc(Cl)ccc21
D03537,CC(=O)c1ccc(C(=O)N2C[C@H](NC(=O)[C@H](C)N)C(=O)N(Cc3c(OCC(F)(F)F)ccc4ccccc34)c3ccccc32)cc1
D03538,C(=C/C[n+]1ccc(CCCc2ccccc2)cc1)\C[n+]1ccc(CCCc2ccccc2)cc1
D03539,CCCCCCOc1cc(O)c2c(c1)C1=CC(=O)C(=O)CC1(C)OC2=O
D03540,CC[C@H](Oc1cccc(Cn2c(C)c(C(=O)c3ccc(Cl)cc3)c3ccc(OC(F)(F)F)cc32)c1)C(=O)O
D03541,O=CN(O)C(CS(=O)(=O)c1ccc(Oc2ccc(OC(F)(F)F)cc2)cc1)C(CO)CO
D03542,NC1=N[C@@](c2cc(Nc3nccc4cc(Cl)cnc34)ccc2F)(C(F)F)[C@H]2C[C@H]2O1
D03543,CN(C)C(=O)c1cccc(S(=O)(=O)N2CCC[C@H]2C(=O)O[C@@H](Cc2c(Cl)c[n+]([O-])cc2Cl)c2ccc(OC(F)F)c(OCC3CC3)c2)c1
D03544,CCOc1ccn(-c2ccc(F)cc2)c(=O)c1C(=O)Nc1ccc(Oc2ccnc(N)c2Cl)c(F)c1
D03545,COC[C@@H]1CCCN1S(=O)(=O)c1ccc2c(c1)C(=O)C(=O)N2Cc1ccc(OCC2CO2)cc1
D03546,Cc1ccc(S(=O)(=O)NCc2ccccc2)cc1
D03547,C[C@H](O)C(=O)N1CC[C@H](Oc2ccc(-c3ncnc(Nc4ccc(N5CCN(C6COC6)C[C@@H]5C)cc4)n3)cc2C#N)C(F)(F)C1
D03548,Cc1nc(NCCC#N)nc(-n2c(Nc3ccn[nH]3)nc3ccccc32)n1
D03549,Cn1cc(-c2cc(F)c(Nc3nn([C@H]4CCOC4)c4c3CN(C(N)=O)CC4)cc2C(F)F)cn1
D03550,Cc1ccc(-c2c(CN)c(CC(C)(C)C)nc(C(C)C)c2C(=O)O)cc1
D03551,C[C@@H](CN1CCC(n2c(=O)[nH]c3c(F)cccc32)CC1)NC(=O)c1ccc(F)c(F)c1
D03552,C#CCN(C)Cc1cc2cc(OCc3ccccc3)ccc2[nH]1
D03553,CC1=C(CCC(=O)O)c2cc3nc(cc4[nH]c(cc5[nH]c(cc1n2)c(C)c5C(COC(=O)C1=CC1)OC(=O)C1=CC1)c(C)c4C(COC(=O)C1=CC1)OC(=O)C1=CC1)C(C)=C3CCC(=O)O
D03554,NC1=N[C@](CF)(c2cc(NC(=O)c3ncc(Cl)cc3CO)ccc2Cl)[C@H]2C[C@H]2O1
D03555,COc1cc2c(Nc3ccc(Cl)c(Cl)c3)ncnc2cc1OCC1CN(Cc2ccccc2)CCO1
D03556,CN(CCO)C(=O)c1ccc([C@H](c2cccc(NC(=O)C3CC3)c2)N2CCN(Cc3ccc(F)cc3)CC2)cc1
D03557,Cn1c2nccc(C(N)=O)c2c2nc(CN3CCOCC3)nc(N3CCN(CCc4ccc(F)c(F)c4)CC3)c21
D03558,O=C(N[C@H]1CCCCC[C@H]1OC(=O)c1cc(O)c(C(=O)c2c(O)cccc2C(=O)O)c(O)c1)c1ccc(O)cc1
D03559,Fc1cc(-c2cnc3c(-c4cccc5ncccc45)cnn3c2)ccc1N1CCNCC1
D03560,COc1cc(C2=C(c3c[nH]c4ccccc34)C(=O)NC2=O)cc(OC)c1OC
D03561,C[C@]1(c2cc(NC(=O)c3ccc(Cl)cn3)ccc2F)N=C(N)C2(CC2)S(=O)(=O)[C@H]1F
D03562,C[C@@H](Oc1cc(Cn2c(=O)n(-c3noc4cc(Cl)ccc34)c3ccc(C(F)(F)F)cc32)ccc1Cl)C(=O)O
D03563,CC(C)[C@H](NC(=O)[C@H](CC(=O)O)NC(=O)[C@H](Cc1ccccc1)NC(=O)[C@@H]1Cc2ccccc2CN1C(=O)[C@@H](N)Cc1ccc(O)cc1)C(=O)N[C@H](C(=O)NCC(N)=O)C(C)C
D03564,C[C@@H](Oc1cc(-n2cnc3cc(-c4ccc(NC5CCN(C)CC5)nc4)ccc32)sc1C(N)=O)c1ccccc1Cl
D03565,O=C(O)Cn1cc(CCc2nc3c(F)c(F)cc(F)c3s2)c2ccccc21
D03566,CN1CCc2c(c3ccccc3n2Cc2ccc(C(=O)NO)cc2)C1
D03567,CN(Cc1ccc(C(=O)Nc2ccc(Cl)cc2C(=O)Nc2ccc(Cl)cn2)cc1)C1=NCCN1
D03568,CNC(=O)[C@]12C[C@H]1[C@@](C)(c1cc(/C=C(\F)c3ccc(Br)cn3)ccc1F)N=C(N)S2
D03569,CC1=CC(C)(C)Nc2c(Cl)cc(Cc3cnc(N)nc3N)cc21
D03570,Cn1nccc1-c1cc(Cl)ccc1Oc1ccc(S(=O)(=O)Nc2ncns2)cc1C#N
D03571,C[C@H](Nc1ccc(-c2ccnn2C)nc1)C(=O)Nc1ccc(-c2cccnc2)nc1
D03572,CCC(C)/C=C/CC(=C/C(=O)O)/C=C/C1=C(C)CCCC1(C)C
D03573,N#Cc1cc(-c2ncnc(Nc3ccc(N4CCN(C5COC5)CC4)c(C#N)c3)n2)ccc1OC1CCOCC1
D03574,CC1c2nnc(C(F)(F)F)n2C(C)CN1C(=O)C[C@H](N)Cc1cc(F)c(F)cc1F
D03575,NC1=NCCN1Cc1ccc(C(=O)Nc2ccc(Cl)cc2C(=O)Nc2ccc(Cl)cn2)cc1
D03576,OCCN1CCN(CC/C=C2/c3ccccc3Sc3ccc(C(F)(F)F)cc32)CC1
D03577,Cc1cc(-c2cc(F)c(F)cc2-c2ccc(S(C)(=O)=O)cc2)ccc1F
D03578,CC1=C[C@H]2Cc3[nH]c(=O)ccc3[C@@]3(C1)[C@@H]2CCCN3C(=O)CCN(C)CCCCCCCCCCCCN(C)CCC(=O)N1CCC[C@@H]2[C@H]3C=C(C)C[C@]21c1ccc(=O)[nH]c1C3
D03579,N[C@@H](CC(=O)N1CCn2nc(C(F)(F)F)nc2[C@H]1Cn1cncn1)Cc1cc(F)c(F)cc1F
D03580,COC(=O)c1cncc(-c2ccc3c(c2)CCc2nnc(C)n2-3)c1
D03581,O=C(Nc1cccc(NC(=O)c2cccc(N3CCCCC3)c2)c1)c1cccc(OC2CCN(CC3CC3)CC2)c1
D03582,Cc1ccc2c(c1)CN(C(=O)[C@@H]1CN[C@H](C(=O)N3CCCC3)C1)C2
D03583,CN(C)C(=O)[C@@H]([C@H]1CC[C@H](c2cccc3ncnn32)CC1)[C@H](N)C(=O)N1CCC(F)(F)C1
D03584,CCc1c(NC(=O)OCCn2ccnc2)cn2ncnc(Nc3ccc4c(cnn4Cc4ccccc4)c3)c12
D03585,N#Cc1cc(-c2ncnc(Nc3ccc(C4CCN(C5COC5)CC4)cc3)n2)ccc1OC1CCN(C(=O)CO)CC1
D03586,N#CC1(NC(=O)[C@@H]2C[C@@H](S(=O)(=O)c3ccccc3-n3cncn3)CN2C(=O)C2(c3ncc(Cl)cc3F)CC2)CC1
D03587,COc1cc(-c2ccc(F)c(Cl)c2)ccc1-c1nccc2cc(S(=O)(=O)Nc3ccncn3)ccc12
D03588,COc1cc2c(Nc3ccc(Cl)c(Cl)c3)ncnc2cc1OCc1cccnc1
D03589,NC(=O)c1cncc(OCc2cccc(NC(=O)c3ccc(-c4ccccc4)nc3)c2)c1
D03590,CC(C)(C)c1cc(NC(=O)Nc2ccc(Oc3ccnc4[nH]c(=O)cnc34)cc2F)n(-c2cccc(C(F)(F)F)c2)n1
D03591,Cc1noc(NS(=O)(=O)c2ccccc2-c2ccccc2)c1Cl
D03592,COc1ccc(C(=O)/C=C/c2ccc(O)cc2)c(O)c1C/C=C(\C)CCC=C(C)C
D03593,CCc1sc2nc(N)[nH]c(=O)c2c1Sc1ccncc1
D03594,C[C@@H](c1ccc(-c2ccccc2Cl)cc1)[C@H]([NH3+])C(=O)N1CC[C@H](F)C1
D03595,CC1=C(C(=O)Nc2ccc3[nH]ncc3c2)C(c2ccc(F)cc2)NC(=O)N1
D03596,CC(/C=C1\SC(=S)N(CCCC(=O)Nc2ccc(C(=O)O)c(O)c2)C1=O)=C\c1ccccc1
D03597,Cc1cccc(COc2ccc(-c3nn(CCC#N)c(=O)o3)cc2)c1
D03598,COc1ccc(NC(=O)CC(C)(C)NCC(=O)N2C[C@@H](F)C[C@H]2C#N)nc1
D03599,Nc1ncnn2c(-c3cccc(N4CCOCC4=O)c3)cc(-c3ccnn3CC(F)(F)F)c12
D03600,Cc1ccc(C(=O)NCCO)cc1-n1cnc(OCc2ccc(F)cc2F)c(C)c1=O
D03601,CONC(=O)c1cc(Nc2ncnn3cc(-c4nnc(C(F)F)o4)c(C(C)C)c23)c(F)cc1F
D03602,CC1=C(/C=C/C(C)=C/C=C/C(C)=C/C(=O)O)C(C)(C)CCC1
D03603,CC(C)(C)c1ccc(NC(=O)N2CCN(c3ncccc3Cl)CC2)cc1
D03604,Cc1sc(C(C)Nc2nccc(N3C(=O)OC[C@@H]3[C@@H](C)O)n2)nc1-c1ccc(Cl)cc1
D03605,N#Cc1cnccc1COc1cnc(N2CCN(C(=O)OCC(F)(F)F)CC2)nc1
D03606,Cc1cc(F)ccc1[C@@H]1CCN(C[C@@H]2CCc3cccnc3[C@@H](O)C2)C[C@H]1O
D03607,CN(C)[C@H](CS(C)(=O)=O)c1ccc(-c2ccc3ncnc(Nc4ccc(OCc5cccc(F)c5)c(Cl)c4)c3c2)o1
D03608,O=c1cc(N2CCOCC2)nc(Cc2nc3ccc(Cl)cc3[nH]2)[nH]1
D03609,CN(C)S(=O)(=O)c1ccc(Nc2cc3[nH]c(-c4cnn(C)c4)cc3cn2)c(Cl)c1
D03610,C=CC(=O)Nc1ccc(S(=O)(=O)N2CCN(C(=O)OC(C)(C)C)CC2)c(Cl)c1
D03611,O=C(O)c1cccc(S(=O)(=O)N2CCc3c(cccc3[N+](=O)[O-])C2)c1
D03612,COC(=O)NCc1ccc(C(=O)Nc2cc(-c3cccs3)ccc2N)cc1
D03613,CC(=O)Nc1cn(C)c2c1C(=O)N(c1cc(C)c3nnn(C)c3n1)C2c1ccc(Cl)cc1
D03614,C[C@H](O)C(=O)N1CC[C@H](Oc2ccc(-c3ncnc(Nc4cnn(C5COC5)c4)n3)cc2C#N)[C@H](F)C1
D03615,C[C@@H](c1ccc(-c2ccc(C(N)=O)cn2)cc1)N1CC[C@](CC(C)(C)O)(c2ccccc2)OC1=O
D03616,C=CCOCc1cc(Cl)c(Cc2ccc(CC)cc2)cc1[C@@H]1O[C@H](CO)[C@@H](O)[C@H](O)[C@H]1O
D03617,C=CC(=O)N1CCC[C@@H]1Cn1nc(-c2ccc(Oc3ccccc3)cc2)c2c(N)ncnc21
D03618,N#Cc1cnc(C(=O)Nc2ccc(F)c([C@]3(CF)C[C@@H](C(F)(F)F)OC(N)=N3)c2)c(Cl)c1
D03619,CCNC(=O)CN1CCC(c2ccc3[nH]c(-c4cc(COC)c5ncnn5c4)c(C(C)C)c3c2)CC1
D03620,N#Cc1ccc(-c2c(C(=O)NC3CC3)nc3cccnn23)c(F)c1
D03621,CC1=CC2Cc3[nH]c(=O)ccc3[C@@]3(C1)[C@@H]2CCCN3C(=O)CN(C)CCCCCCCCN(C)CC(=O)N1CCC[C@@H]2C3C=C(C)C[C@]21c1ccc(=O)[nH]c1C3
D03622,COc1ccc(-n2nc(C(C)C)cc2NC(=O)Nc2ccc(Oc3ccnc(Nc4cc(OC)cc(C(=O)NCCO)c4)n3)c3ccccc23)cc1
D03623,CS(=O)(=O)N1CC[C@H](N(Cc2ccccc2)c2ccc(C#N)c(Cl)c2)C1
D03624,CC12CCC(C(NC(=O)[C@@H](CC3CCCCC3)NC(=O)N[C@@H](CCCCN)C(=O)O)C1)C2(C)C
D03625,O=c1cc(N2CCOCC2)nc(Cc2nc3c(-c4ccccc4)c(F)ccc3o2)[nH]1
D03626,CC[C@@H](C)Oc1cc2c(cc1OC)CC(=O)N(c1ccc(N(C)CC3CCCN(C)C3)cc1)C2c1ccc(Cl)cc1
D03627,CS(=O)(=O)n1cc2c(n1)CN([C@H]1CO[C@H](c3cc(F)ccc3F)[C@@H](N)C1)C2
D03628,N#Cc1cnc(C(=O)CCc2ccc(-c3ccccc3)cc2)o1
D03629,O=C(O)Cn1cc(Cc2nc3c(F)c(F)cc(F)c3s2)c2c(Cl)cccc21
D03630,COc1ccc(NC(=O)c2cc(Oc3cncc(F)c3)cn3ccnc23)nc1
D03631,COc1ccccc1Nc1cc2[nH]c(-c3cnn(CC(F)(F)F)c3)cc2cn1
D03632,O=C(NC1CC1c1ccccc1)N1CCC(c2nc(-c3cnccn3)no2)CC1
D03633,COc1cc(O)ccc1/C=C/C(=O)OCCCc1ccc(O)cc1
D03634,COc1cc(OC)cc(-c2cc3cnc(NCCCN4CCOCC4)cc3nc2NC(=O)NC(C)(C)C)c1
D03635,O=c1oc2cc(OCCCc3ccccc3)ccc2s1
D03636,Cc1cccnc1-c1c(-c2ccccn2)c([C@H](C)Nc2ncnc(N)c2C#N)nc2ccc(F)cc12
D03637,CN1C(=O)N(c2cccc(C(F)(F)F)c2)C2=C(C(=O)CC2)[C@H]1c1ccc(C#N)cc1S(C)=O
D03638,CNC(=O)N1CCC(CC(=O)N2CCN(C3c4ccc(Cl)cc4CCc4cc(Br)cnc43)CC2)CC1
D03639,O=C1Nc2cc(NC(=O)c3c[nH]cc(-c4ccccc4F)c3=O)ccc2/C1=C/c1ccc[nH]1
D03640,O=C(NCC1(c2nc(-c3ccccc3)cs2)CCOCC1)c1cccc(-c2noc(C(F)(F)F)n2)c1
D03641,O=C(O)CC1CC2(CCN(C(=O)NC3C4CC5CC(C4)CC3C5)CC2)c2c(Br)cccc21
D03642,CCc1cccc(-n2cnc3c(sc4nccc(N(C)C)c43)c2=O)c1
D03643,Cc1cc2c(F)c(Oc3ncnn4cc(OC[C@@H](C)O)c(C)c34)ccc2[nH]1
D03644,O=C(NCc1ccc(Cl)cc1Cl)N1CCC(Oc2ncccn2)CC1
D03645,CNS(=O)(=O)Nc1ccc2ccc3ncc(-c4cnn(C)c4)cc3c(=O)c2c1
D03646,O=C(O)CNC(=O)/C(=C\c1cccc(Br)c1)NC(=O)c1ccco1
D03647,O=c1cc(-c2ccc3nc(NCC4CCOCC4)sc3c2)ccn1CC1CC1
D03648,CN1C(=O)Cc2ccc(-c3ccc(C[C@@H](C#N)NC(=O)[C@@]45CCO[C@@H](CN4)C5)cc3)cc21
D03649,O=c1[nH]c2ccccc2n1C1CCN(CCCC(c2ccc(F)cc2)c2ccc(F)cc2)CC1
D03650,O=c1[nH]cc(-c2ccc(N3CCOCC3)cc2)c2sc(-c3ccncc3)cc12
D03651,CC(C)=CC(=O)C[C@H]1C(=O)O[C@H]2C[C@]3(C)C4=CC[C@H]5[C@]6(C)C(=O)O[C@@H]6CC[C@]5(C)[C@H]4CC[C@@]3(C)[C@@H]21
D03652,C[C@@H](c1ccc(-c2ccn(C3CC3)c(=O)c2)cc1)N1CC[C@](CC(C)(C)O)(c2ccccc2F)OC1=O
D03653,CC[C@H](C)[C@H](NC(=O)[C@H](C)NC)C(=O)N1Cc2ccccc2[C@H]1C(=O)Nc1c(F)cccc1F
D03654,CCOc1cc2c(cc1-c1cccnc1)CCC(=O)N2C
D03655,CCCCN(CCCC)C(=O)CN1C[C@H](c2ccc3c(c2)OCO3)[C@@H](C(=O)O)[C@H]1c1ccc(OC)cc1
D03656,O=C(CCCCCCc1ccccc1)c1ncc(-c2ccccc2)o1
D03657,CS(=O)(=O)c1ccc(C2=C(c3ccccc3)C(=O)OC2)cc1
D03658,Cc1cc2ncnn2cc1-c1[nH]c2ccc(C3CCN(Cc4ncn[nH]4)CC3)cc2c1C(C)C
D03659,COc1cc(NCc2cnc3nc(N)nc(N)c3c2C)cc(OC)c1OC
D03660,COC(=O)CCN1CCOC(COc2cc3ncnc(Nc4ccc(Cl)c(Cl)c4)c3cc2OC)C1
D03661,COc1cc(Nc2nc(N[C@@H](C)c3ncc(F)cn3)nc(N3CCOCC3)c2F)[nH]n1
D03662,NC(=O)c1cnc2ccc(-c3c(-c4ccc(F)cc4)ncn3C34CC(C3)C4)nn12
D03663,CNC(=O)Nc1ncc(-c2cc(-c3c(Cl)cc(OC)cc3Cl)nc(-c3cnccn3)n2)s1
D03664,CC[C@H](C)[C@H](NC(=O)[C@H]([C@@H](C)CC)N(C)C(C)=O)C(=O)NC(=O)[C@@H](NC(CC(C)C)C(=O)[C@@]1(C)CO1)[C@@H](C)O
D03665,COCCNC(=O)c1nc(N2CC[C@@H](NC(=O)c3[nH]c(C)c(Cl)c3Cl)[C@@H](OC)C2)sc1C(=O)O
D03666,CC(C)(OCc1cc(-c2cccs2)n(Cc2ccccc2Cl)n1)C(=O)O
D03667,CN1CCN(C(=O)[C@@H](COCC2(C)CC2)NC(=O)c2cccnc2Oc2ccc(C(F)(F)F)cc2Cl)CC1
D03668,Cl.N[C@@H]1C[C@H]1c1ccc(NC(=O)c2ccc(N3CCOCC3)cc2)cc1
D03669,Nc1ccc(C(=O)O)cc1
D03670,CCNC(=O)[C@H]1O[C@@H](n2cnc3c(N)ncnc32)[C@H](O)[C@@H]1O
D03671,O=[N+]([O-])c1ccc(-c2csc(NN=C3CCCCCC3)n2)cc1
D03672,O=C(CS)NCCCCCOc1c(Cl)cc(Cl)c2cccnc12
D03673,C#CCN(Cc1nc2c(c(=O)[nH]1)COCC2)C(=O)CN1CCC(C(=O)c2ccc(F)cc2)CC1
D03674,Cn1c(-c2cn([C@H]3CCNC[C@@H]3F)nn2)nc(-c2ccc(F)cc2)c1-c1ccncc1
D03675,CCCc1[nH]c(-c2[nH]c3ccc(Cl)cc3c2S(=O)(=O)c2ccccc2)nc1C
D03676,CCSc1cc(-c2ccccc2)c(-c2ccc(S(C)(=O)=O)cc2)c(=O)o1
D03677,NNc1nc2ccccc2nc1Cc1ccc(Cl)cc1
D03678,O=C(CN1C(=O)CCc2ccccc21)Nc1scc(Cl)c1-c1nnc[nH]1
D03679,Cc1c[nH]c2ncnc(-c3ccc(NC(=O)Nc4cccc(C(=O)NC(C)C)c4)cc3)c12
D03680,COc1cccc(/C=C/C(=O)c2cccnc2)c1
D03681,O=[N+]([O-])c1cc(O)c2c(c1)S(=O)(=O)NC(Nc1ccccc1Cl)=N2
D03682,N[C@@H](CC(=O)N1[C@H](COC(=O)C2CCC2)C[C@@H]2CCCC[C@@H]21)Cc1cc(F)c(F)cc1F
D03683,Cc1n[nH]c2nccc(-c3ccc(NC(=O)Nc4cccc5ccccc45)cc3)c12
D03684,C[C@@]12c3ccc4c(c3C(=O)c3occ(c31)C(=O)C[C@H]2O)CCC4=O
D03685,N#CC(C#N)=C1C(=O)N(Cc2ccc(OCCOCCF)cc2)c2ccc(S(=O)(=O)N3CC[C@H]3COc3ccccc3)cc21
D03686,CCCS(=O)(=O)N1CCC(CNC(=O)c2ccc(Cl)cc2Cl)(c2ccccn2)CC1
D03687,NC1=NC2(CCO1)c1cc(NC(=O)c3ccc(Cl)cn3)ccc1Oc1cnc(C3=CCCOC3)cc12
D03688,CN(C)C(=O)c1cc2cnc(Nc3ccc(N4CC5(CC4=O)CC4CCC(C5)N4)cn3)nc2n1C1CCCC1
D03689,O=c1c(O)c(-c2ccccc2)oc2cc(O)cc(O)c12
D03690,O=C(c1ccc(F)cc1)C1CCN(CC(=O)N(CCF)Cc2nc3c(c(=O)[nH]2)COCC3)CC1
D03691,CC(=O)Nc1ccc(C(=O)Nc2ccccc2N)cc1
D03692,Cc1ccc(N2CC(=O)N(S(=O)(=O)c3ccc(Cl)cc3)C2=O)cc1C
D03693,N[C@@H](CC(=O)N1CCn2c(CO)nnc2C1)Cc1cc(F)ccc1F
D03694,O=[N+]([O-])c1ccc2nc(NCCc3cc[n+](Cc4ccc(F)cc4)cc3)sc2c1
D03695,CN(CCO)C(=O)N1CC[C@H](Oc2ccc(-c3ncnc(Nc4ccc(N5CCN(C6COC6)CC5)cc4)n3)cc2C#N)[C@H](F)C1
D03696,CN1CCN(c2nc3cc(C(F)(F)F)ccc3n3cccc23)CC1
D03697,CS(=O)(=O)c1ccc(N2N=C(C(F)(F)F)CC2c2cccc3c2OCO3)cc1
D03698,CNC(=O)c1ccc(-c2cc(F)c3ncc(Cc4ccc5ncccc5c4)n3c2)cc1F
D03699,Cc1ccc(-c2cc(C(F)(F)F)nn2-c2ccc(S(N)(=O)=O)cc2)cc1
D03700,Oc1c(Br)cc(C=C2c3cc(I)ccc3NC2O)cc1Br
D03701,O=C1Nc2ccccc2/C1=C1/Nc2ccccc2C1=O
D03702,Cc1ccc(F)c(NC(=O)Nc2ccc(-c3ccnc4[nH]nc(C)c34)cc2)c1
D03703,Cc1cc(-c2cc3nn(C)cc3c(O[C@H](C)[C@H]3CNC(=O)C3)n2)ccc1N1CCCS1(=O)=O
D03704,C[C@@H]1Cc2c(ccc3[nH]ncc23)[C@@H](c2cnc(NC3CN(CCCF)C3)cn2)N1CC(F)F
D03705,CCCc1nc2c(=O)n(C)c(=O)nc-2n(C)n1
D03706,CN(C)C(=O)N1N=C(c2cc(F)ccc2F)C[C@@]1(CCCN)c1ccccc1
D03707,CN(C)CCCOc1ccc(-c2ccc3ncc4c(c3c2)n(C2COC2)c(=O)n4C)cn1
D03708,N#Cc1cc(-c2ncnc(Nc3ccc(N4CCN(C5COC5)CC4)cc3)n2)ccc1O[C@H]1CCN(C(=O)CO)C[C@H]1F
D03709,O=S(=O)(Nc1nccs1)c1cc(Cl)ccc1Cl
D03710,C[N+](C)(C)CCCCCBr
D03711,COc1cc(-c2cccc(Cl)c2)c(F)cc1-n1c(=O)ccc2cc(S(=O)(=O)Nc3ccon3)ccc21
D03712,COC(=O)[C@@H]1C[C@@H](OC(=O)/C=C/c2ccccc2)CN1S(=O)(=O)c1ccccc1
D03713,CNC(=O)CN1CCC(c2ccc3[nH]c(-c4cc(OC(F)F)c5nc(C)nn5c4)c(C(C)C)c3c2)CC1
D03714,COc1cc2c(Nc3cc(Cl)c(Cl)cc3F)ncnc2cc1OC[C@H]1C[C@@H]2CN(C)C[C@@H]2C1
D03715,CCN(C)C(=O)c1ccc2c(c1)NC(=O)C2C(=Nc1ccc(CN2CCCCC2)cc1)c1ccccc1
D03716,CC(C)Cc1ccc([C@@H](C)C(=O)O)cc1
D03717,COc1cc2c(Nc3ccc(Cl)c(Cl)c3)ncnc2cc1OCC1CN2CSC[C@H]2CO1
D03718,CCN(C)S(=O)(=O)N[C@H]1C[C@@H](N(C)c2ncnc3[nH]ccc23)C1
D03719,O=C(O)[C@H]1CCN1C(=O)Nc1cc(Cl)ccc1-c1cc(F)cc(F)c1
D03720,CN1[C@H]2CC[C@@H]1C[C@H](c1ccccc1)[C@@H]2c1ccccc1
D03721,O=c1[nH]c2cc(-c3ccccc3Cl)ccc2c2nc(-c3c(F)cccc3Cl)[nH]c12
D03722,[C-]#[N+]C1(C)CCCC1N1CCC(c2ccc3[nH]c(-c4cc(C)c5ncnn5c4)c(C(C)C)c3c2)CC1
D03723,COc1cc2c(Nc3c(Cl)ccc4c3OCO4)ncnc2cc1OCc1ccnc(C#N)c1
D03724,Cc1c(-c2ccc([C@H](C(=O)N(C)C)[C@H]([NH3+])C(=O)N3CC[C@H](F)C3)cc2)ccc2ncnn12
D03725,CCCn1cnc(-c2ccc(F)cc2)c1-c1ccc2ncc(C#N)n2c1
D03726,C[C@]12CCCO[C@@H]1[C@]1(COC(N)=N1)c1cc(-c3cccnc3F)ccc1O2
D03727,C[C@H](NC(=O)c1ccc(OC/C(F)=C\CN)cc1)c1ccccc1
D03728,CC(=O)Nc1ccc(-c2ccc(-c3nc4c(C(N)=O)cccc4[nH]3)cc2)cn1
D03729,NC(=O)c1cnc(N[C@H]2CNCC[C@@H]2O)c2cc(-c3ccccc3)sc12
D03730,NCC(=O)NCC1(O)CCN(c2nc(Oc3cccc(F)c3)cc(C(F)(F)F)n2)CC1
D03731,CS(=O)(=O)c1ccc(-c2noc([C@@H](CCO)[C@H]([NH3+])C(=O)N3CC[C@H](F)C3)n2)c(Cl)c1
D03732,NC1=NC2(CCO1)c1cc(NC(=O)c3ccc(Cl)cn3)ccc1Oc1ncc(Br)cc12
D03733,CN[C@@H](C)C(=O)N[C@H]1CN(C(=O)CS(C)(=O)=O)c2cc(C#N)ccc2N(Cc2c(OC)ccc3c(Br)cccc23)C1=O
D03734,COc1cc2c(cc1F)-c1c(c(C(F)F)nn1-c1ccc(S(N)(=O)=O)cc1)SC2
D03735,O=C(OC(CO)C(F)(F)F)N1C[C@H]2[C@@H](C1)[C@@H]2c1ccn(-c2ccc(F)cc2)n1
D03736,O=C1C[C@@H](c2ccc(O)cc2)Oc2cc(O)cc(O)c21
D03737,O=C(CCCCCn1c2ccccc2c2ccccc21)NO
D03738,Cc1cc(N2C(=O)c3c(C4CC4)nn(C)c3C2c2ccc(Cl)cc2)cn2c(C(F)F)nnc12
D03739,C[C@@H](O[C@H]1CN2C(=O)[C@H]3C[C@@H](NCc4ccccc4)C[C@H]3[C@H]2[C@@H]1c1ccc(F)cc1)c1cc(C(F)(F)F)cc(C(F)(F)F)c1
D03740,N[C@H]1CN(C(=O)c2cnc3ccccc3c2)C[C@H]1C(=O)N1CCCC1
D03741,CC(CN(C)C)NC(=O)c1ccc(-c2cnc3ccc(NCC4CC4)nn23)cc1
D03742,NC(=O)c1cnc2ccc(-c3c(-c4ccc(F)cc4)ncn3C[C@@H](O)CO)cn12
D03743,CC(=O)c1ccc(C(=O)N2C[C@H](NC(=O)[C@H](C)N)C(=O)N(Cc3c(C)ccc4ccccc34)c3ccccc32)cc1
D03744,Cc1cc(Nc2nc(N[C@@H](C)c3ncc(F)cn3)nc(N3CCOCC3)c2Cl)[nH]n1
D03745,Cc1cc2c(NC(=O)N[C@@H]3CC(C)(C)Oc4cc(OC(F)(F)F)ccc43)cccc2cn1
D03746,COCc1c(C)c(-c2[nH]c3ccc(C4CCNCC4)cc3c2C(C)C)cn2ncnc12
D03747,O=C(Nc1nc2cccc(-c3ccc(CN4CCS(=O)(=O)CC4)cc3)n2n1)C1CC1
D03748,OC1(c2nc(-c3ccc(F)cc3)c(-c3ccnc(NC4CCCCC4)c3)o2)CCNCC1
D03749,C[C@@H]1c2nnc(-c3csc(-c4ccc(F)cc4F)n3)n2CCN1C(=O)c1ccc(-c2cccs2)cc1
D03750,CC(C)c1c(-c2ccc3ncnn3c2)[nH]c2ccc(C3CCN(C(=O)C4CC(=O)N(C)C4)CC3)cc12
D03751,CC(C)(Oc1ccc(Cl)cc1)C(=O)N[C@H]1C2C[C@@H]3C[C@@H]1C[C@@](CO)(C2)C3
D03752,CN(C)CCOC(c1ccccc1)c1ccccc1
D03753,Cc1ccc(-c2ccc(NC(=O)CN3CCCC4=C3C(=O)N(C)C4=O)nn2)cn1
D03754,Cc1nc(-c2ccc(Cl)s2)c(-c2ccc(S(C)(=O)=O)cc2)o1
D03755,CS(=O)(=O)c1ccc(-n2cnc(Cl)c2-c2ccccc2F)cc1
D03756,CCN(CC)Cc1ccc(OCCCCCCN2CC[C@@]34C=C[C@H](O)C[C@@H]3Oc3c(OC)ccc(c34)C2)cc1
D03757,COc1ccc(Cc2cccc([C@@H]3C[C@H](CO)[C@@H](O)[C@H](O)[C@H]3O)c2)cc1
D03758,CN1Cc2cc(-c3ccc(C[C@@H](C#N)NC(=O)[C@@H]4C[C@@H](O)CCN4)cc3)ccc2C1=O
D03759,NC1=NC(c2cccc(-c3cncnc3)c2)(c2ccnc(C(F)(F)F)c2)c2cccc(F)c21
D03760,COc1ccc2nc(SCc3cccc(-c4ccccc4)c3)[nH]c2c1
D03761,CCC1c2c(nc(N)[nH]c2=O)NCC1CCc1ccc(C(=O)NC(CCC(=O)O)C(=O)O)cc1
D03762,O=C(N[C@@H](Cc1ccccc1)C(=O)N[C@@H]1C(=O)N[C@H]1Oc1ccccc1)OCc1ccccc1
D03763,N[C@@H](CC(=O)N1CCC[C@H]1c1nc(-c2ncc(F)cc2F)no1)Cc1cc(F)c(F)cc1F
D03764,Cc1cc([C@]2(c3ccccc3)N=C(N)N(C)C2=O)ccc1OC(F)F
D03765,O=C(NC[C@H]1CN(c2ccc(N3CCOCC3=O)cc2)C(=O)O1)c1ccc(Cl)s1
D03766,C#CCOc1cnc(/C(F)=C/c2cnc(F)c([C@@]3(C)N=C(N)S[C@@]4(C(=O)O)C[C@H]43)c2)cn1
D03767,CCc1ccc(-n2cnc3c(sc4nccc(NC5CC5)c43)c2=O)cc1
D03768,CS(=O)(=O)N1C(=O)N(c2cccc(C(F)(F)F)c2)C2=C(C(=O)CC2)[C@H]1c1ccc(C#N)cc1
D03769,O=Nc1c(C2C(=O)Nc3ccccc32)[nH]c2ccccc12
D03770,NC(=O)c1c(N)ncnc1N1CCC(c2nc(-c3ccc(OC(F)F)cc3)cn2CCN2CCC2)CC1
D03771,CC(C)=CCn1c(N2CCC[C@H](N)C2)nc2c1c(=O)n(Cc1nc3ccccc3s1)c(=O)n2C
D03772,Cc1cc(Nc2ncnc(-c3ccc(O[C@H]4CCN(C(=O)CC#N)C[C@H]4F)c(C#N)c3)n2)ccc1C1CCN(C)CC1
D03773,CN(C)CCCC1(c2ccc(F)cc2)OCc2cc(C#N)ccc21
D03774,Cc1cnn(Cc2ccc(Cc3cncc(C(=O)NCc4c(C)cc(CN)cc4C)n3)cc2)c1
D03775,[NH3+][C@H]1CN(c2ccccn2)CC[C@@H]1c1cc(F)c(F)cc1F
D03776,CN(C)C(=O)c1cc2cnc(Nc3ccc(N4CC5CCC(CC4=O)N5)cn3)nc2n1-c1ccccc1
D03777,Cn1cc(-c2cc3cnc(Nc4ccc(-c5cnccn5)cc4Cl)cc3n2C(=O)OC(C)(C)C)cn1
D03778,Cc1ccc(NC(=O)Nc2ccc(NC(=O)c3cccc4onc(N)c34)cc2)cc1
D03779,C[C@@H](Oc1cc(-c2ccc(C3CCN(C)CC3)cc2)cc2nn(C)cc12)[C@H]1CNC(=O)C1
D03780,COc1ccc(-c2coc3cc(O)cc(O)c3c2=O)cc1
D03781,CSc1nc(-c2ccc(Cl)cc2)nn1C(=O)N1CCOCC1
D03782,O=C(N[C@@H]1CNCC[C@H]1OC(=O)c1cc(O)c(C(=O)c2c(O)cccc2C(=O)O)c(O)c1)c1ccc(O)cc1
D03783,Cc1cn(C(=O)N(C)C)c2c1C(=O)N(c1cc(C)c3nnc(C)n3c1)C2c1ccc(Cl)cc1
D03784,O=C(c1cc(Cc2c[nH]c(=O)c3cc(Cl)c(Cl)n23)ccc1F)N1CCC2(CCCN2)CC1
D03785,CCOc1ccc(C2CC2C(=O)NO)cc1-c1nc2c(CC)nn(C)c2c(=O)[nH]1
D03786,Nc1nnc(-c2ccc3[nH]cc(-c4cccc(OC5CCCCC5)n4)c3c2)s1
D03787,CC(C)(Oc1ccc(Cl)cc1)C(=O)N[C@H]1C2CCCC1C[C@H](C(=O)O)C2
D03788,COC(=O)c1ccc2cc(-c3cccnc3)ccc2c1
D03789,CC(C)N1CCN(c2ccc(Nc3ncc4cc(C(=O)N(C)C)n(C5CCCC5)c4n3)nc2)CC1
D03790,CCc1c(-c2ccccc2C)[nH]c2c(C#N)cnn2c1=O
D03791,Cc1ccc(-n2nccn2)c(C(=O)N2C[C@H](C#Cc3ccc(F)cn3)CC[C@H]2C)c1
D03792,CC(C)C[C@@H]1NC(=O)[C@@H](C(C)C)NC(=O)[C@@H]2CCCN2C(=O)[C@H](CC(=O)O)NC(=O)[C@@H](Cc2c[nH]c3ccccc23)NC1=O
D03793,CC[C@H](NC(=O)[C@@H]1C[C@@H](S(=O)(=O)c2ccccc2C(F)(F)F)CN1c1ccccc1[N+](=O)[O-])C(=O)c1nc2ccccc2o1
D03794,CC(Oc1ccc2ncc(/C=C/C(=O)N(C)C)cc2c1)c1c(Cl)ccc(F)c1Cl
D03795,Cc1cc(C2CCN(C)CC2)cc2[nH]c(-c3c(NC[C@@H](O)c4cccc(Cl)c4)cc[nH]c3=O)nc12
D03796,Cn1c(N2CCO[C@@H]3COC[C@H]32)nc(-c2ccncc2F)cc1=O
D03797,CCCCCCCCC#CCCCCCCCC(=O)c1ncc(-c2ccccn2)o1
D03798,CCNC(=O)Nc1ccc2ncc(-c3ccc(O)c(OC)c3)nc2n1
D03799,CCN(CC)CCNC(=O)c1ccc(-c2cnc3ccc(NCC4CC4)nn23)cc1
D03800,CC[C@@H](c1ccc(-c2ccc(=O)n(C)c2)cc1)N1CC[C@](CC(C)(C)O)(c2ccccc2)OC1=O
D03801,Cc1cccc(N2CNC(=O)C23CCN(C[C@H](C)NC(=O)c2ccc(Br)cc2)CC3)c1
D03802,Nc1ccccc1NC(=O)c1ccc(CNC(=O)OCc2cccnc2)cc1
D03803,Oc1c(Cl)cc(Cl)c(Cl)c1Cc1c(O)c(Cl)cc(Cl)c1Cl
D03804,Cc1cc(Cl)cnc1C(=O)Nc1cnc(F)c([C@]2(C)C[C@@H](C(F)(F)F)OC(N)=N2)c1
D03805,NCc1ccc(C(=O)Nc2ccc(Cl)cc2C(=O)Nc2ccc(Cl)cn2)cc1
D03806,CCCOc1ccc(S(=O)(=O)N2C[C@@H](N3CCOCC3)C[C@@H]2C(=O)NO)cc1
D03807,COc1cc2c(Nc3ccc(Cl)c(Cl)c3)ncnc2cc1OC1C[C@@H]2CN(C)C[C@@H]2C1
D03808,FC(F)(F)c1ccccc1-c1cc2cn[nH]c2cc1Cl
D03809,COc1ccc(C(CN(C)C)C2(O)CCCCC2)cc1
D03810,O=C(NC1CC1)c1nc2cccnn2c1-c1ccc2ncoc2c1
D03811,NCCn1c(C2CCNCC2)nc2cc(C(N)=O)ccc21
D03812,Cc1cc(COc2ccc(S(=O)(=O)CC(CC3CCC(N=O)CC3)N(O)C=O)cc2)c2ccccc2n1
D03813,CN(C)C(=O)[C@@H](c1ccc(-c2ccncc2)cc1)[C@H]([NH3+])C(=O)N1CC[C@H](F)C1
D03814,Cn1cnc2c1CCN(C(=O)C[C@H](N)Cc1cc(F)c(F)cc1F)C2C(F)(F)F
D03815,O=C(CC1CCN(Cc2ccn(-c3ccc(C(F)(F)F)cc3)c2)CC1)NC(c1ccc(F)cc1)c1c[nH]c(=O)c(Cl)c1
D03816,CCN(C(=O)CO)C1CN(/C(=N\C#N)NCCc2cccc(Cl)c2)N=C1c1ccc(Cl)cc1
D03817,CC[C@H](C)C(=O)O[C@H]1C[C@H](O)C=C2C=C[C@H](C)[C@H](CC[C@@H](O)C[C@@H](O)CC(=O)[O-])[C@H]21
D03818,COc1cc2nccc(Oc3ccc(NC(=O)c4c(-c5ccncc5)n(C)n(-c5ccccc5)c4=O)nc3)c2cc1OC
D03819,COc1cc(CC#Cc2c(C)nc(N)nc2N)cc(OC)c1OC
D03820,COc1cc(Nc2ncnc(-c3ccc(O[C@H]4CCN(C(=O)CCO)C[C@H]4F)c(C#N)c3)n2)ccc1N1CCN(C2COC2)CC1
D03821,Clc1cccc(Sc2ccccc2N2CCNCC2)c1Cl
D03822,Cc1nn(C2CC2)c2c1C(c1ccc(F)cc1F)N(c1cc(C)c3nnc(C)n3c1)C2=O
D03823,CN[C@@H](C)C(=O)N[C@H]1CN(C(=O)c2cnccn2)c2ccccc2N(Cc2c(OC)ccc3cc(Br)ccc23)C1=O
D03824,C[C@H]1NC(=O)[C@@H](NC(=O)[C@@H](N)Cc2ccc(O)cc2)C(C)(C)SSC(C)(C)[C@@H](C(O)O)NC(=O)[C@H](Cc2ccccc2)NC1=O
D03825,COc1ccccc1-n1nc(COC(C)(C)C(=O)O)cc1-c1cccc(OC(C)C)c1
D03826,COCc1nc(-c2ccc(N3C(=O)N(c4cc(=O)[nH]cn4)C4(CCN(Cc5ncccc5C)CC4)C3=O)cc2)no1
D03827,O=C(CCc1ccccc1)N[C@H]1CC[C@](O)(c2ccc(O)cn2)CC1
D03828,O=C(Nc1cnccc1Cl)N1CCN(Cc2ccc3c(c2)OC(F)(F)O3)CC1
D03829,C[C@H](CC[C@@H](O)C(C)(C)O)[C@H]1CC[C@@]2(C(=O)O)[C@@H]3CC[C@H]4C(C)(C)[C@@H](O)CC[C@@]45C[C@@]35CC[C@]12C
D03830,CC[C@H](C)[C@H](NC(=O)[C@H](C)NC)C(=O)N1CCc2ccccc2[C@H]1C(=O)Nc1c(F)cccc1F
D03831,CS(=O)(=O)c1ccc(-c2sc(-c3ccccc3Cl)nc2-c2ccsc2)cc1
D03832,COC(=O)[C@@H]1[C@@H](O)CC[C@@H]2CN3CCc4c([nH]c5ccccc45)[C@@H]3C[C@@H]21
D03833,N=C(N)c1ccc(CNC(=O)[C@@H]2CCN2C(=O)[C@H](NCC(=O)O)C2CCCCC2)cc1
D03834,Cc1c(N(C)[C@H]2CCN(Cc3cccc(C(F)(F)F)n3)C2)cc(F)c(S(=O)(=O)Nc2cscn2)c1F
D03835,Cn1nnnc1-c1cc(NC(=O)NCCCN2CCC[C@@H](Cc3ccc(F)cc3)C2)cc(C(C)(C)C(=O)O)c1
D03836,CC[C@H](C)N(Cc1nc2c(c(=O)[nH]1)COCC2)C(=O)CN1CCC(C(=O)c2ccc(F)cc2)CC1
D03837,COc1ccc(Nc2[nH]nc3ncnc(Nc4cccc(Cl)c4)c23)cc1
D03838,CCCCc1nc(Cl)c(CO)n1Cc1ccc(-c2ccccc2-c2nn[n-]n2)cc1
D03839,N#Cc1ccccc1Cn1c(N2CCC[C@@H](N)C2)nc2cc(N3CCOCC3)c(F)cc2c1=O
D03840,N#Cc1nc(Nc2cccc(Cl)c2)nc(NC2CCCC2)n1
D03841,CN(C)NC(=O)[C@@H](c1ccc(-c2ccc(F)cc2)cc1)[C@H]([NH3+])C(=O)N1CC[C@H](F)C1
D03842,Cc1ccc(-c2ccc3c(c2)C=C(C(=O)Nc2ccc(C[N+](C)(C)C4CCOCC4)cc2)CCC3)cc1
D03843,COc1cc(N2C(=O)N(c3ccc(-c4csc(C(=O)O)c4)cc3)C(=O)C23CCN(Cc2ncccc2C)CC3)ncn1
D03844,Nc1nc2c(-c3ccc[nH]3)nccc2[nH]1
D03845,COc1ccc(COc2cnn(CC(=O)c3ccc(CN(C)C)cc3C)c(=O)c2)nc1
D03846,Cc1cc2ncnn2cc1-c1[nH]c2ccc(C3CCN(C(C)CS(C)(=O)=O)CC3)cc2c1C(C)C
D03847,c1ccc(-c2nccnc2OC2CN(c3ccc4ccccc4n3)C2)cc1
D03848,COc1cc(OC)cc(-c2cc3cnc(NCCCCO)cc3nc2NC(=O)NC(C)(C)C)c1
D03849,CCS(=O)(=O)c1ccc(-c2cc(Cl)ccc2OCC(=O)O)c(F)c1
D03850,CN1CCN([C@@H]2C[C@@H](c3ccc(F)cc3)c3ccc(F)cc32)CC1
D03851,C[C@@H](Oc1nc(-c2cnn(C3CCOCC3)c2)cc2nn(C)cc12)[C@H]1CNC(=O)C1
D03852,CN[C@@H](C)C(=O)N[C@@H]1C(=O)N(Cc2nn(-c3ccccc3C#N)c3ccccc23)c2ccccc2N(C(=O)CS(C)(=O)=O)[C@H]1C
D03853,O=C(NCC(=O)N1CC[C@H](N[C@H]2CC[C@@](O)(c3ccc(-c4ccncc4)cn3)CC2)C1)c1cccc(C(F)(F)F)c1
D03854,[NH3+][C@H]1C[n+]2c([nH]c3cnc(F)cc32)C[C@@H]1c1cc(F)c(F)cc1F
D03855,C[C@H](O)C(=O)N1CC[C@H](Oc2ccc(-c3ncnc(Nc4ccc(C(=O)N5CCN(C)CC5)cc4)n3)cc2C#N)[C@H](F)C1
D03856,CN(C)C(=O)COC(=O)Cc1ccc(OC(=O)c2ccc(N=C(N)N)cc2)cc1
D03857,COCCOc1cnc(/C(F)=C/c2ccc(F)c([C@@]3(C)N=C(N)S[C@@]4(C(=O)N(C)C)C[C@H]43)c2)cn1
D03858,Cc1cc(-c2[nH]c3ccc(C4CCN(C(=O)C[C@H](C)O)CC4)cc3c2C(C)C)cn2ncnc12
D03859,COc1c(Br)ccc2oc(COc3ccc(-c4ccc(S(=O)(=O)N[C@@H](C(=O)O)C(C)C)cc4)cc3)c(C)c12
D03860,CNC[C@H](CC1CCCCC1)NC(=O)N1CCC[C@@H]([C@@](O)(CCCCOC)c2cccc(Cl)c2)C1
D03861,CCn1ccc2c(N3CCCC3=O)cc(C(=O)N[C@@H](Cc3ccccc3)[C@H](O)CNCc3cccc(C(F)(F)F)c3)cc21
D03862,COc1cc(Cc2cnc(N)nc2N)c2c(c1OC)OC(C1CC1)C=C2
D03863,CNc1nc(N2CCC(C(=O)NCc3ccccc3C(F)(F)F)CC2)nc(N2CCN(C)CC2)n1
D03864,COc1cc2c(cc1OC)C(=O)C(CC1CCN(Cc3cccc([N+](=O)[O-])c3)CC1)C2
D03865,COc1ccc(C#Cc2cnc(N)nc2)cc1C(=O)Nc1cc(C(F)(F)F)ccc1N1CCCCC1
D03866,CNc1ccc2c(Nc3cccc(Br)c3)ncnc2c1
D03867,C[C@H]1Cn2c(nnc2-c2ccncn2)C(=O)N1Cc1cccc(C(F)(F)F)c1Cl
D03868,S=C(NCCc1ccccc1)Nc1c(Cl)cccc1Cl
D03869,CC1(C)CC[C@]2(C(=O)OCc3ccccc3)CC[C@]3(C)C(=CC[C@@H]4[C@@]5(C)CC[C@H](O)C(C)(C)[C@@H]5CC[C@]43C)[C@@H]2C1
D03870,CC(=O)Nc1ccc(S(=O)(=O)NNc2cccc(C)c2)cc1
D03871,O=C(NC[C@@H]1OC(=O)N2c3ccc(N4CCOCC4=O)cc3CC[C@@H]12)c1ccc(Cl)s1
D03872,Cc1cc(C(F)F)cnc1C(=O)Nc1cc(C)c(F)c([C@]2(CF)C[C@@H](C(F)(F)F)OC(N)=N2)c1
D03873,CC(C)(CC(=O)N[C@H]1C[C@@H]1c1ccc(Cl)c(Cl)c1)NCC(=O)N1CCC[C@H]1C#N
D03874,N[C@@H]1CCCN(c2c(C=C3SC(O)=NC3=O)cccc2-c2ccccc2)C1
D03875,CC1(C)C(N)=N[C@](C)(c2cc(NC(=O)c3ccc(Cl)cn3)cc(F)c2F)CS1(=O)=O
D03876,CC(C)(C)NS(=O)(=O)c1ccc(-c2cc3c(N)ncc(C(=O)NCCCN4CCOCC4)c3s2)cc1
D03877,Cc1ccc(C(C)C)cc1NC(=O)Cn1c(Cc2c(Cl)cccc2Cl)nc2ccccc21
D03878,C[C@H]1Cc2c(nnn2-c2ncc(F)cn2)CN1C(=O)c1cccc(C(F)(F)F)c1F
D03879,COc1cc(OC)c(NC(=O)c2sccc2S(=O)(=O)Nc2onc(C)c2Cl)c(C(N)=O)c1
D03880,Cc1ccc(C2c3c(nc4c(c3N)CCCC4)Oc3c2c(=O)oc2ccccc32)cc1
D03881,CC(C)(O)c1ccc(Nc2ncnc(-c3ccc(OC4CCOCC4)c(C#N)c3)n2)cc1
D03882,CC(C)CNc1nc(C#N)nc(N2CCOCC2)c1N
D03883,Cc1ccc(S(=O)(=O)N2Cc3ccc(/C=C/C(=O)NO)cc3C2)cc1
D03884,COc1ccc(-c2cc(F)c(F)cc2-c2ccc(S(C)(=O)=O)cc2)cc1C
D03885,CN(C)C(=O)c1cc2cnc(Nc3ccc(N4CCNCC4)cn3)nc2n1C1CCCC1
D03886,Cc1cc(C(=O)O)nn1Cc1cc(Br)ccc1OCc1ccccc1
D03887,CC(C(=O)O)c1cccc(C(=O)c2ccccc2)c1
D03888,CCCCCCNC(=O)Oc1cccc(-c2ccc(C(C)CO)cc2F)c1
D03889,CN(CCOc1ccc(-c2ccccc2)cc1Cc1cccs1)CC(=O)O
D03890,CCOC(=O)N1CCN(C(=O)CC[C@H]([NH3+])C(=O)N2CCC[C@H]2C#N)CC1
D03891,C[N+]1(C)[C@H]2C[C@H](OC(=O)C(O)(c3cccs3)c3cccs3)C[C@@H]1[C@H]1O[C@@H]21
D03892,CCCCCCC(Sc1nc(Cl)cc(Nc2cccc(C)c2C)n1)C(=O)O
D03893,Cc1cc(C(=O)O)ccc1-c1ccc(N2C(=O)N(c3ccncn3)C3(CCN(Cc4ncccc4C)CC3)C2=O)cc1
D03894,CC(C)(CC(=O)N1CCCCC1)NCC(=O)N1C[C@@H](F)C[C@H]1C#N
D03895,CC(C)c1c(-c2nnc(NCCCCN)o2)cn2ncnc(Nc3cc(C(=O)NC4CC4)c(F)cc3F)c12
D03896,COc1cc2nccc(Oc3ccc4c(C(=O)NCC(F)(F)F)cccc4c3)c2cc1OC
D03897,CNC[C@@H]1CCn2cc(c3ccccc32)C2=C(C(=O)NC2=O)c2cn(c3ccccc23)CCO1
D03898,Cc1cc(-c2ccc([C@H](C)N3CC[C@](CC(C)(C)O)(c4ccccc4)OC3=O)cc2)nn(C)c1=O
D03899,O=C1Nc2ccccc2/C1=C\c1ccc2c(/C=C/c3ccncc3)n[nH]c2c1
D03900,Cc1noc(NS(=O)(=O)c2ccsc2C(=O)Nc2cc3c(cc2CNS(C)(=O)=O)OCO3)c1Cl
D03901,CCc1cnc(-c2cc(Cl)ccc2F)cc1Nc1ccncc1C(=O)NC[C@H](C)O
D03902,CC(Cc1ccc(O)c(O)c1)C(C)Cc1ccc(O)c(O)c1
D03903,CC1(C)CCC(c2ccc(Cl)cc2)=C(CN2CCN(c3ccc(C(=O)NS(=O)(=O)c4ccc(N[C@H](CCN5CCOCC5)CSc5ccccc5)c(S(=O)(=O)C(F)(F)F)c4)cc3)CC2)C1
D03904,Cc1cc(C(=O)NCCN2CCOCC2)[nH]c1/C=C1\C(=O)Nc2ncnc(Nc3ccc(F)c(Cl)c3)c21
D03905,N=C(NS(=O)(=O)c1ccc(I)cc1)N1C[C@H](c2ccccc2)C(c2ccc(Cl)cc2)=N1
D03906,[NH3+][C@H]1Cn2c(nc3cc(C(=O)O)ccc32)C[C@@H]1c1cc(F)c(F)cc1F
D03907,O=P(O)(O)C(O)(Cc1cccc(-c2cccc(-c3ccccc3)c2)c1)P(=O)(O)O
D03908,Cc1cccnc1CN1CCC2(CC1)C(=O)N(c1ccc(-c3ccc(N4CCOCC4)cc3)cc1)C(=O)N2c1cc(=O)[nH]cn1
D03909,C=CCOCCc1cc(Cl)c(Cc2ccc(CC)cc2)cc1[C@@H]1O[C@H](CO)[C@@H](O)[C@H](O)[C@H]1O
D03910,Cn1cc(C2=C(c3cn(CCCCN)c4ccccc34)C(=O)NC2=O)c2ccccc21
D03911,CC(=O)N1CCc2c(c(Nc3ccc(-c4cnn(C)c4)cc3F)nn2C)C1
D03912,C#CCN(C)Cc1cc2cc(OCc3ccccc3)ccc2n1C
D03913,O=P(O)(O)C(F)(F)c1ccc(CC(Cc2ccc(-c3ccccc3)cc2)(c2ccccc2)n2nnc3ccccc32)cc1
D03914,C[C@H](O)C(=O)N1CC[C@H](Oc2ccc(-c3ncnc(Nc4ccc(N5CCN(C6CCOCC6)CC5)cc4)n3)cc2C#N)[C@H](F)C1
D03915,CCCc1cc(Cn2c(CC)nc3c(C)cc(C)nc32)ccc1OC(C(=O)O)c1ccccc1
D03916,O=C(O)C(CCS(=O)(=O)Cc1ccccc1)NS(=O)(=O)c1ccc(-c2ccc(Br)cc2)cc1
D03917,NC1=N[C@@](c2cc(NC(=O)c3ccc(OCC#CC4CC4)cn3)ccc2F)(C(F)F)[C@H]2C[C@H]2O1
D03918,CCCc1cc(OC2CCCCC2)ccc1OCCCOc1cccc(-c2sc(=O)[nH]c2O)c1
D03919,C(=C1/CCc2ccccc21)\c1cccnc1
D03920,O=C1CCOc2cc(OCc3ccc(F)cc3)ccc21
D03921,C=CC[C@H](NC(=O)[C@H](Cc1ccccc1)NS(=O)(=O)N1CCOCC1)C(=O)N[C@@H](C1CCCCC1)C(O)C(F)(F)C(=O)NCCN1CCOCC1
D03922,N#Cc1ccc(SCc2ccc(Br)cc2)cc1C#N
D03923,NS(=O)(=O)c1ccc(-n2nc(C(F)(F)F)cc2-c2ccccc2F)cc1
D03924,COc1ccc2c(c1)c(CC(=O)NCCCCNC(=O)CCC(=O)O[C@@H]1c3cc4c(cc3[C@H](c3cc(OC)c(OC)c(OC)c3)[C@@H]3C(=O)OC[C@@H]13)OCO4)c(C)n2C(=O)c1ccc(Cl)cc1
D03925,CC(=O)N[C@@H](Cc1cnc[nH]1)C(=O)N[C@H](Cc1ccccc1)C(=O)N[C@@H](CCCNC(=N)N)C(=O)N[C@@H](Cc1c[nH]c2ccccc12)C(=O)NCCCOCCOCCOCCCNC(=O)COCC(N)=O
D03926,CCS(=O)(=O)c1ccc2nc(-c3ccc(Cl)c(-c4ccccc4)c3)[nH]c2c1
D03927,C#CCN(Cc1ccc2nc(N)[nH]c(=O)c2c1)c1ccc(C(=O)NC(CCC(=O)O)C(=O)O)c(C)c1
D03928,N#Cc1cc(-c2ncnc(Nc3ccc(N4CCN(C5COC5)CC4)cc3)n2)ccc1OC1CCCN(C(=O)CO)CC1
D03929,CCN1C(=O)c2[nH]c(Cc3ccccc3)nc2N2C1=N[C@@H]1CCC[C@@H]12
D03930,Cc1ccc(F)c(NC(=O)Nc2ccc(-c3cccc4[nH]nc(N)c34)cc2)c1
D03931,CC(C)NC(=O)c1ccc(Nc2ncnc(-c3ccc(O[C@@H]4CCN(C(=O)CO)C4)c(C#N)c3)n2)cc1
D03932,C[C@@H]1C(=O)N(C)CCCN1C(=O)C[C@H](N)Cc1cc(F)c(F)cc1F
D03933,COc1ccc(CNc2nnc(N3CCC(O)CC3)c3ccc(C#N)cc23)cc1Cl
D03934,Cc1nn(C2CC2)c2c1C(c1ccc(Cl)cc1)N(c1cc(C)c3nnn(C)c3n1)C2=O
D03935,COc1ccc2c(c1)CCC(c1ccc(OC)c(OC)c1OC)=C2
D03936,N#Cc1ccc(Cn2cncc2CN(CCN2CCNCC2)[C@H]2CCN(Cc3cccc(Cl)c3)C2=O)cc1
D03937,C[C@](N)(COP(=O)(O)O)c1nc(-c2ccc(OCCc3ccc(-c4ccccc4)cc3)c(C(F)(F)F)c2)c[nH]1
D03938,CN1CCN(CC(=O)N2c3ccccc3C(=O)Nc3cccnc32)CC1
D03939,NC1=N[C@](CF)(c2cc(NC(=O)c3ccc(OCC(F)(F)F)cn3)ccc2F)C[C@@H](C(F)(F)F)O1
D03940,CC(C)C[C@H]1C[C@@H](C)[C@]2(C(=O)Nc3ccc(F)cc32)N1C(=O)c1cn(Cc2ccccc2)cn1
D03941,CN(C)C(=O)CCSC(SCCC(=O)[O-])c1cccc(/C=C/c2ccc3ccc(Cl)cc3n2)c1
D03942,C[C@@H]1CN(c2ccc(F)cc2C(F)(F)F)CCN1S(=O)(=O)c1ccc([C@@](O)(C(N)=O)C(F)(F)F)s1
D03943,Cc1[nH]c(=O)c2c(ccc3[nH]c(Nc4c(Cl)cccc4Cl)nc32)c1C
D03944,Cc1ccn2c(c1)nc(=S)n2C(=O)c1ccccc1
D03945,Cc1nc2c(C)cc(-c3[nH]c4ccc(C5CCN(C(=O)[C@@H]6[C@H](O)CCN6C(=O)OC(C)(C)C)CC5)cc4c3C(C)C)cn2n1
D03946,N[C@H]1C[C@@H](N2Cc3[nH]nc(NC(=O)C4CC4)c3C2)CO[C@@H]1c1cc(F)ccc1F
D03947,C[C@@H](O)CC(=O)N1CC[C@H](Oc2ccc(-c3ncnc(Nc4ccc(N5CCN(C6COC6)CC5)cc4)n3)cc2C#N)[C@H](F)C1
D03948,C#CCOc1cnc(C(=O)Nc2cc(F)c(F)c([C@@]3(C(F)F)N=C(N)O[C@@H]4C[C@@H]43)c2)cn1
D03949,Cn1c(=O)c2c(cc(N3CCC[C@@](C)(N)C3)n2Cc2cc(F)ccc2C#N)n(C)c1=O
D03950,O=C(Nc1ccc(Cl)cc1Cl)c1cn[nH]n1
D03951,CC(C)Oc1ccc(-c2ccnc(NC(P(=O)(O)O)P(=O)(O)O)c2)cc1
D03952,CN(Cc1coc2nc(N)nc(N)c12)c1ccc(C(=O)NC(CCC(=O)O)C(=O)O)cc1
D03953,CN(C)C(=O)c1cc2cnc(Nc3ccc(C(=O)N4CC5CCC(C4)N5)nn3)nc2n1C1CCCC1
D03954,Cn1cc(-c2ccc(Nc3nn(C4CCOCC4)c4c3CN(C(N)=O)CC4)c(F)c2)cn1
D03955,CC(=O)N1N=C(c2ccccc2)CC1c1ccccc1
D03956,CCCC[C@@H](C=O)NC(=O)OC1(Cc2ccccc2)CCCC1
D03957,Cc1cccnc1[C@]1(CNC(=O)c2cc3cc(Cl)ccc3o2)NC(=O)NC1=O
D03958,O=C(NC1CC1)c1cn(-c2cccc(C#Cc3ccc[n+]([O-])c3)c2)c2ncccc2c1=O
D03959,Cc1cc(Nc2nn(Cc3cc(F)cc(F)c3)c(=O)c3ccccc23)[nH]n1
D03960,Cc1ccc(COc2ccc(S(=O)(=O)[C@@H]3CCOC[C@]3(O)C(=O)NO)cc2)c(C)c1
D03961,COC(=O)N(CC(=O)O)Cc1cc(OCc2nc(-c3ccc(Cl)cc3)oc2C)ccc1F
D03962,CN(Cc1ccc(C(=O)Nc2ccc(Cl)cc2C(=O)Nc2ccc(Cl)cn2)cc1)C1=NCCO1
D03963,COc1cc(Nc2nccc(Oc3ccc(NC(=O)Nc4cc(C5CC5)nn4-c4ccc(C)cc4)c4ccccc34)n2)cc(C(=O)NCCN2CCOCC2)c1
D03964,Cc1ccc(-c2ccc(S(C)(=O)=O)cc2)n1-c1ccc(F)cc1
D03965,Clc1ccc2ncc(-c3cccc(NC4CCCNC4)n3)n2c1
D03966,N#Cc1ccc(C(=O)Nc2ccc(F)c([C@]3(CF)C[C@@H](C(F)(F)F)OC(N)=N3)c2)nc1
D03967,N#C[C@@H]1CCCN1C(=O)[C@@H]1C[C@@H](CC(=O)N2CCc3ccccc3C2)C(=O)N1
D03968,Cc1nc(NC(=O)C(C)CC(F)(F)F)sc1-c1ccc(N)nc1
D03969,Cn1cc(C2=C(c3cn(CCSC(=N)N)c4ccccc34)C(=O)NC2=O)c2ccccc21
D03970,Oc1cccc(-c2ccc3c(-c4cccnc4)c(O)ccc3c2)c1
D03971,O=C(Nc1cnn(C23CC4CC(CC(C4)C2)C3)c1)c1cnn2c(C(F)(F)F)cc(-c3ccco3)nc12
D03972,Cc1c(NS(C)(=O)=O)cccc1N(Cc1ccccc1)Cc1ccc(Oc2ccc(OCC(=O)O)cc2)cc1
D03973,OC[C@H]1[C@@H](O)[C@H](O)[C@@H](O)CN1CCCCCCC12CC3CC(CC(C3)C1)C2
D03974,CCN(Cc1nc2c(c(=O)[nH]1)COCC2)C(=O)CN1CCC(C(=O)c2ccc(F)cc2)CC1
D03975,Clc1ccc(Cn2ccnc2)cc1
D03976,CC1(C)[C@@H](O[C@H]2O[C@H](C(=O)O)[C@@H](O)[C@H](O)[C@H]2O[C@@H]2O[C@H](C(=O)O)[C@@H](O)[C@H](O)[C@H]2O)CC[C@@]2(C)[C@H]1CC[C@]1(C)[C@@H]2C(=O)C=C2[C@@H]3C[C@@](C)(C(=O)O)CC[C@]3(C)CC[C@]21C
D03977,Nc1nc2ccccc2n1S(=O)(=O)c1ccc(Cl)cc1
D03978,O=S(=O)(Nc1nccs1)c1cc(Cl)c(NC[C@H]2NCCC=C2c2ccc(F)cc2)cc1F
D03979,CNC(=O)P(=O)(O)O
D03980,O=C1CC2(CCCC2)CC(=O)N1CCCCN1CCN(c2ncccn2)CC1
D03981,O=C(O)c1cc(C(F)(F)F)ccc1N1CC[C@H](OCCOCc2ccccc2)C1
D03982,Cn1c(=O)c(Cc2ccc(C(=N)N)cc2)nc2cc(C(C)(C)C(=O)N3CCCC3)ccc21
D03983,CCOc1ccccc1Cn1nc(COC(C)(C)C(=O)O)cc1-c1cccc(OC2CC2)c1
D03984,C[C@H]1CN(c2ccc(Nc3ncnc(-c4ccc(O[C@H]5CCN(C(=O)CO)CC5(F)F)c(C#N)c4)n3)cc2)CCN1C1COC1
D03985,CCCCCCCC(=O)SCC/C=C/[C@@H]1CC(=O)NCc2nc(cs2)-c2nc(cs2)C(=O)N[C@@H](C(C)C)C(=O)O1
D03986,Cc1c(CN([C@@H]2CCNC2)S(C)(=O)=O)ccc2cc(F)ccc12
D03987,COc1ccc(C(=O)Nc2ccc3c(c2)C2(CCSC(N)=N2)c2cc(O)cc(F)c2O3)nc1
D03988,Cc1cc(C(=O)Nc2nc3cccc(C)c3n2[C@@H]2CCCCN(C(=O)/C=C/CN(C)C)C2)ccn1
D03989,CCN1CCC(Oc2ccc(C(=O)Nc3ccc(NC(=O)Nc4cc(C(C)(C)C)on4)cc3)nc2)CC1
D03990,N#Cc1csc(NC(=O)Cc2cccc3cnccc23)c1-c1nnc[nH]1
D03991,CC(=O)N(O)C/C=C/c1cccc(Oc2ccccc2)c1
D03992,C#Cc1cccc(Nc2ncnc3cc(OC)c(OCCCCCCC(=O)NO)cc23)c1
D03993,COc1cc2ncn(-c3cc(OCc4ccc(S(C)(=O)=O)cc4)c(C(N)=O)s3)c2cc1OC
D03994,CN(Cc1ccccn1)C(=O)c1noc([C@H](CCCC2CCCCC2)CC(=O)NO)n1
D03995,Cc1nsc(-c2nnc3n2CCN(C(=O)c2ccc(F)cc2F)[C@@H]3C)n1
D03996,FCCCn1cnc(-c2ccc(F)c(Cl)c2)c1-c1ccc2nccn2c1
D03997,C[C@@H](c1ccc(-c2ccc(F)cc2F)cc1)N1CC[C@](CCCO)(c2ccc(F)cc2)OC1=O
D03998,CC(C)(CC(=O)N[C@H]1C[C@@H]1c1cccc(C(F)(F)F)c1)NCC(=O)N1CCC[C@H]1C#N
D03999,CCN(CC)CCCC(C)Nc1ccnc2cc(Cl)ccc12
D04000,Cc1ccc(C(=O)O)c(Oc2nc(Oc3cc(-c4cccc(CN)c4)ccc3N)c(F)cc2F)c1
D04001,Cc1[nH]c2cc(S(C)(=O)=O)ccc2c1Cc1ccc(F)cc1
D04002,CC(=O)N[C@H](C(=O)N[C@@H](CC(=O)O)C(=O)N[C@H](C(=O)N1CC[C@H](CC(C)(C)C)[C@H]1C(=O)N[C@H]1CC(=O)OC1O)C(C)C)C(C)C
D04003,Cc1cc(Cl)ccc1C1c2c(nn(Cc3cc(=O)[nH]c4ccccc34)c2C(C)C)C(=O)N1c1cccc(Cl)c1F
D04004,Cc1nc(-c2nnc3n2CCN(C(=O)c2ccc(-c4cccs4)cc2)C3)cs1
D04005,O=C1c2ccccc2C(=O)C12OC(c1ccccc1)c1c2c(O)n(-c2ccc(Cl)c(Cl)c2)c1O
D04006,Cc1ccc(S(=O)(=O)N2CCc3cc(O)ccc3C2C(=O)NO)cc1
D04007,CC1(c2cc(NC(=O)c3ccc(F)cn3)ccc2F)N=C(N)OC2(CCC2)C1(F)F
D04008,Cc1cn(Cc2ccc(Cl)cc2Cl)c2c(/C=C/C(=O)NS(=O)(=O)c3cc(Cl)c(Cl)s3)cc(F)cc12
D04009,CCNC(=O)N1C(=O)N(c2cccc(C(F)(F)F)c2)C2=C(C(=O)CC2)[C@H]1c1ccc(C#N)cc1S(C)(=O)=O
D04010,O=C(N[C@@H](Cc1ccccc1)C(=O)N[C@@H]1C(=O)N[C@@H]1Oc1ccccc1)OCc1ccccc1
D04011,N#Cc1ccc(Cn2cncc2CN[C@H]2CCN(C(=O)c3cncc(Br)c3)C2)cc1
D04012,N#Cc1cccc(-c2c[nH]nn2)c1
D04013,C[C@@H](Oc1cc(F)cc(F)c1)c1cc(C(=O)N(C)C)cc2c(=O)cc(N3CCOCC3)oc12
D04014,NC(=O)c1nnc(N[C@@H]2CCCC[C@@H]2N)nc1Nc1cccc2cc[nH]c12
D04015,O=C(NCC(=O)N1CCC[C@H]1B(O)O)c1cccc2ccccc12
D04016,CCn1c(=O)c(-c2cc(C(=O)NC3CC3)ccc2C)cc2nnc(-c3c(F)cccc3Cl)n21
D04017,C[C@@H](c1ccc(OC(F)F)cc1)N1CC[C@](CCO)(c2ccc(F)cc2)OC1=O
D04018,Cc1cncc(-c2cnc(N[C@@H]3CCNC[C@H]3OCC3CCS(=O)(=O)CC3)c3[nH]c(=O)c(C)cc23)c1
D04019,COc1ccc(C(=O)C2CCN(CC(=O)NCc3nc4c(c(=O)[nH]3)COCC4)CC2)cc1C
D04020,N[C@@H]1CCCN(c2ccccc2C=C2SC(O)=NC2=O)C1
D04021,O=C(O)C[C@H]1CCc2c1[nH]c1ccc(OCc3ccc(C4CCCC4)c(C(F)(F)F)c3)cc21
D04022,O=c1[nH]c(-c2ccc(C(F)(F)F)cc2)nc2c1CSCC2
D04023,Cc1cccc(CN2CC[C@H](N(C)c3cc(F)c(S(=O)(=O)Nc4ncns4)c(F)c3C)C2)n1
D04024,CONC(=O)c1cn(-c2ccc3c(c2)CCC3)c2nc(Nc3ccc(CCN4CCN(C)CC4)cc3)ncc2c1=O
D04025,C[C@]1(Cn2ccnn2)[C@H](C(=O)O)N2C(=O)C[C@H]2S1(=O)=O
D04026,O=C(N[C@@H](Cc1ccccc1)C(=O)N[C@@H]1C(=O)N[C@H]1S(=O)(=O)c1ccccc1)OCc1ccccc1
D04027,COc1ccc(-n2nc(Nc3cc(C)n[nH]3)c3ccccc3c2=O)cc1
D04028,Cc1cc(OC(F)F)cnc1C(=O)Nc1ccc(F)c([C@@]2(C(F)F)N=C(N)O[C@@H]3C[C@@H]32)c1
D04029,COc1cc(OC2CN(C(C)=O)C2)ccc1Nc1ncc(Cl)c(-c2cnc3ccccn23)n1
D04030,O=C(O)c1cccc(S(=O)(=O)N2CCc3ccc(Cl)cc3C2)c1
D04031,CN[C@@H](C)C(=O)N[C@H]1CN(C(=O)CCCCN)c2ccccc2N(Cc2c(OC)ccc3cc(C(=O)O)ccc23)C1=O
D04032,COc1ccc2c3c([nH]c2c1)[C@H](CC(C)C)N1C(=O)[C@H](CCC(=O)OC(C)(C)C)NC(=O)[C@@H]1C3
D04033,Cc1nc(NC(=O)[C@H]2CC[C@@H](C(F)(F)F)CC2)sc1-c1ccc(N)nc1
D04034,CC(=O)N1CCN(c2ccc(Nc3ncnc(-c4ccc(OC5CCOCC5)c(C#N)c4)n3)cc2)CC1
D04035,CON=C(C(=O)NCP(=O)(O)Oc1ccc(C#N)c(F)c1)c1cccs1
D04036,C[C@H](O)C(=O)N1CC[C@H](Oc2ccc(-c3ncnc(Nc4ccc(N5CCCOCC5)cc4)n3)cc2C#N)[C@H](F)C1
D04037,COc1ccc(N(C)C(=O)Oc2ccc(Oc3ccc(C(F)(F)F)cn3)cc2)cc1
D04038,N#Cc1cc(-c2ncnc(Nc3ccc(N4CCS(=O)(=O)CC4)cc3)n2)ccc1OC1CCOCC1
D04039,CCc1cc(Nc2nccc(-c3c(-c4ccc(OC)c(C(=O)Nc5c(F)cccc5F)c4)nc4ccccn34)n2)c(OC)cc1N1CCC(N2CCN(S(C)(=O)=O)CC2)CC1
D04040,O=c1[nH]ccc2ccccc12
D04041,CCCCN1C(=O)C(=O)c2cc(S(=O)(=O)N3CCC[C@H]3COCC(F)(F)F)ccc21
D04042,CC(C)NC(=O)N(Cc1cccc(C#Cc2ccc(C(F)(F)F)cc2)c1)Cc1cccc(C#Cc2cccnc2)c1
D04043,COc1ccc(CSc2ccc(C#N)c(C#N)c2)cc1
D04044,COCc1cc(-c2[nH]c3ccc(C4CCN(CC(=O)NC(CCO)C5CC5)CC4)cc3c2C(C)C)cn2ncnc12
D04045,CC(C)(CC(O)(Cc1cc2cc(S(C)(=O)=O)ncc2[nH]1)C(F)(F)F)c1ccc(Cl)cc1C(N)=O
D04046,CS(=O)(=O)c1ccc(-c2nc3c(s2)CCN(C(=O)C[C@H](N)Cc2cc(F)ccc2F)C3)cc1
D04047,O=[N+]([O-])c1ccc(CN=Nc2nc3ccccc3nc2Cc2ccccc2)cc1
D04048,CONC(=O)c1cc(Nc2ncnn3cc(-c4nnc(C)o4)c(C(C)C)c23)c(F)cc1F
D04049,CN[C@@H](C)C(=O)N[C@H]1CN(C(=O)c2ccc(C#N)cc2)c2cc(C#N)ccc2N(Cc2c(OC)ccc3c(Br)cccc23)C1=O
D04050,CC(C)OC(=O)C1C(c2ccccc2)CC2CCC1N2C
D04051,O=C(NCc1ccc(F)cc1)c1nc(N2CCCCS2(=O)=O)c2cccnc2c1O
D04052,COc1ccc(-c2sncc2-c2ccc(Cl)cc2)cc1
D04053,COCc1cccc2c(C3=C(c4coc5ccccc45)C(=O)NC3=O)cn(C)c12
D04054,Cc1ccc(C)c(S(=O)(=O)Nc2onc(C)c2Br)c1
D04055,CN[C@@H](C)C(=O)N[C@H]1CN(C(=O)c2ccc(C#N)cc2)c2cc(Cl)ccc2N(Cc2c(OC)ccc3cc(Br)ccc23)C1=O
D04056,C[C@]1(c2cc(/C=C(\F)c3ccc(C#N)cn3)ccc2F)N=C(N)S[C@@]2(C(=O)NC3CC3)C[C@H]21
D04057,COc1cc2c(cc1OC(C)C)[C@H](c1ccc(Cl)cc1)N(c1ccc(N(C)C[C@H]3CC[C@H](N4CCN(C)C(=O)C4)CC3)cc1)C(=O)C2
D04058,CCOC(=O)c1cc2cc(-c3cc(C(=O)NCc4ccc(CC(=O)O)cc4)nn3C)ccc2[nH]1
D04059,CCCCC/C=C\C/C=C\C/C=C\C/C=C\CCCC(=O)C(F)(F)F
D04060,O=c1cc(-c2ccnc(NC3CCOCC3)n2)ccn1[C@H](CO)c1ccc(Cl)c(F)c1
D04061,CS(=O)(=O)c1ccc(-c2cc(C(F)(F)F)nc(NCC3CCOCC3)n2)cc1
D04062,C=CCN1CCN(C(c2ccccc2)c2ccc(C(=O)N(CCC)CCC)cc2)CC1
D04063,C[C@@H](c1ccc(-c2ccn(C)c(=O)c2)cc1)N1CC[C@](CC(C)(C)C#N)(c2ccccc2)OC1=O
D04064,O=S(=O)(c1ccccc1)c1c(C2=NCCS2)[nH]c2ccc(Cl)cc12
D04065,COc1ccc(OC(=O)Cc2c(C)n(C(=O)c3ccc(Cl)cc3)c3ccc(OC)cc23)cc1
D04066,Nc1nccc2cc(CNC(=O)c3cn(Cc4ccnc(N5CCCC5)c4)nc3C(F)(F)F)ccc12
D04067,O=C(CCCCCc1cccc(Cl)c1)N1CCOC1=O
D04068,CN(C)C1CCc2ccc3[nH]ccc3c2C1
D04069,O=C(NC(c1cccc(Cl)c1)C1CCNCC1)c1ccc2cnccc2c1
D04070,COC(=O)c1ccnn1C(=O)c1ccc(Cl)cc1
D04071,CCOc1cc(OCC)cc(-c2cc(COC(C)(C)C(=O)O)nn2-c2cccc3cnn(C)c23)c1
D04072,COc1cc(Nc2ncnc(-c3ccc(O[C@@H]4CCN(C(=O)CO)C4)c(C#N)c3)n2)ccc1N1CCN(C2COC2)CC1
D04073,O=c1cc(N2CCOCC2)nc(Cc2nc3cc(F)ccc3n2C2CC2)[nH]1
D04074,COc1ccc2c(c1)CC(NCC1CCN(C(=O)Cn3c(=O)sc4ccc(Cl)cc43)CC1)CCC2
D04075,CN(C)C(=O)[C@@H]([C@H]1CC[C@H](C2CCc3ncnn3C2)CC1)[C@H](N)C(=O)N1CCC(F)(F)C1
D04076,Cc1cc(C#N)ccc1N1CCN(S(=O)(=O)N2CSC[C@@H]2C(=O)NO)CC1
D04077,O=c1cc(N2CCOCC2)nc(Cc2nc3cc(F)ccc3o2)[nH]1
D04078,COc1cc(-c2ccc3c(c2)Nc2ccc(CC(=O)Nc4ccc(N5CCOCC5)cc4)cc2NC3=O)ccc1N
D04079,Cn1c2ccnc(N3CCOCC3)c2c2ncnc(N3CCN(CCc4ccc(F)c(F)c4)CC3)c21
D04080,N#C[C@@H]1CCCN1C(=O)[C@@H]1CCCN1C(=O)CCCc1ccccc1
D04081,C[C@H](O)C(=O)N1CC[C@@H](Oc2ccc(-c3ncnc(Nc4ccc(N5CCN(C6COC6)CC5)cc4)n3)cc2C#N)[C@H](F)C1
D04082,N=C(N)NCCC[C@@H](NC(=O)CN1CCN(C(=O)Cc2ccc(Cl)cc2)CC1=O)C(=O)c1nccs1
D04083,CS(=O)Cc1ccc(C(=O)Nc2nccnc2C(=O)NCC2CCC2)c2ccccc12
D04084,CC(C)(C(=O)N[C@H]1C2C[C@@H]3C[C@H]1C[C@@](CC(N)=O)(C2)C3)c1ccc(C#N)cn1
D04085,N[C@H](C(=O)N1CCSC1)[C@H]1CC[C@@H](OC(=O)Nc2cccc(F)c2)C1
D04086,CCn1cc(C2(c3nn(C)c(=O)o3)NC(c3nc(-c4ccc(F)cn4)c[nH]3)Cc3c2[nH]c2ccccc32)cn1
D04087,CN(C)C(=O)[C@@H](c1ccc(-c2ccc(=O)n(C)c2)cc1)[C@H]([NH3+])C(=O)N1CC[C@H](F)C1
D04088,Cc1ccc(C(=O)NC2CC2)cc1-c1ccc2c(c1)NC(=O)C21CCCC1
D04089,Cc1cccc(NC(=O)c2cc(Oc3cncnc3)cc(C)n2)n1
D04090,COc1ccc2c(-c3ccc(S(C)(=O)=O)cc3)c(-c3ccc(F)cc3)nn2n1
D04091,O=C(O)C[C@H]1C[C@H](c2cccc(Cl)c2)[C@@H](c2ccc(Cl)cc2)N(CC2CC2)C1=O
D04092,Oc1ccc(-c2noc3cc(O)ccc23)c(O)c1
D04093,CS(=O)(=O)c1ccc(C(=O)N2CCC(c3ccc(C(=O)NC(=N)N)cc3C(F)(F)F)CC2)cc1
D04094,O=c1cc(-c2ccccc2)oc2c(O)c(O)ccc12
D04095,Cc1ccnc(-c2cnc(C(=O)CCCCCCc3ccccc3)o2)c1
D04096,Cc1ccc(-n2nccn2)c(C(=O)N2CCOC[C@H]2Cc2cccc(-n3cccn3)c2)c1
D04097,CN[C@@H](C)C(=O)N[C@@H]1C(=O)N(Cc2c(OC)ccc3ccccc23)c2ccccc2N(C(=O)C2CCOCC2)[C@H]1C
D04098,CC1(C)C(=O)N([C@H]2C3CCCC2C[C@@H](C(N)=O)C3)CC1COc1ccc(C#N)cn1
D04099,CC(C)[C@@H]1C(=O)N(S(C)(=O)=O)[C@@H]2CCN(C(=O)c3cnc(CNC4CC4)cn3)[C@@H]12
D04100,COC(=O)Cc1ccc(CNC(=O)[C@@H]2CSCN2C(=O)CC([NH3+])Cc2ccccc2F)cc1
D04101,N#CC1(NC(=O)[C@@H]2CCCC[C@H]2C(=O)N2CCN(c3nc(-c4ccccc4)cs3)CC2)CC1
D04102,CN(C(=O)Oc1ccc(Oc2ccc(C(F)(F)F)cn2)cc1)c1ccccc1
D04103,Oc1cccc(-c2nc(N3CCOCC3)c3sccc3n2)c1
D04104,CNC(=O)CN1CCC(c2ccc3[nH]c(-c4cn5ncnc5c(Cl)c4C)c(C(C)C)c3c2)CC1
D04105,N#Cc1ccccc1S(=O)(=O)Nc1cccc(-c2ncc([C@H]3C[C@@H]3NC3CCC(N)CC3)s2)c1
D04106,Cc1cc2ncc3c(n2n1)CN([C@H]1CC[C@H](c2cc(F)c(F)cc2F)[C@@H](N)C1)C3
D04107,CC(C)(C)c1ccc(C(=O)Nc2cn3cc(-n4ccnc4)ccc3n2)cc1
D04108,COc1ccc2[nH]c(C(=O)O)c(/C=C/C(=O)Nc3cccc(/C=C/c4ccc5ccc(Cl)cc5n4)c3)c2c1
D04109,O=C(Cc1ccccc1S(=O)(=O)c1ccc(-c2ccccc2)cc1)NO
D04110,CC(C)[C@@H](Oc1ccc(CNC(=O)[C@@H]2CCCN2C(=O)CC([NH3+])Cc2c(F)c(F)c(F)c(F)c2F)cc1)C(=O)O
D04111,CC#CCOc1cnc(C(=O)Nc2ccc(Cl)c([C@@]3(C(F)F)N=C(N)O[C@@H]4C[C@@H]43)c2)cn1
D04112,Cc1nn(C2CCOCC2)c2sc(C(=O)Nc3ccc(C(=O)N(C)C)cc3)cc12
D04113,Cn1ncc2cccc(-n3nc(COC(C)(C)C(=O)O)cc3-c3cccc(OCC4CCC4)c3)c21
D04114,O=C1C(=O)N(Cc2ccc(OCCF)cc2)c2ccc(S(=O)(=O)N3CC[C@H]3COc3ccccc3)cc21
D04115,CCN1C(C)(C)CC(Oc2ccc(C(=O)Nc3ccc(NC(=O)Nc4cc(C(C)(C)C)on4)cc3)nc2)CC1(C)C
D04116,COc1cc(N2C(=O)N(c3ccc(-c4ccc(C(=O)O)cc4C)cc3)C(=O)C23CCN(Cc2ncccc2C)CC3)ncn1
D04117,C[C@@]1(c2cc(Nc3nccc4cc(C#N)cnc34)cc(F)c2F)C[C@@H](C(F)(F)F)OC(N)=N1
D04118,Cc1ccc(-c2ccc3c(c2)[nH]c(=O)c2[nH]c(-c4c(F)cccc4Cl)nc23)cc1
D04119,CN(C)C(=O)N1C[C@H]2C[C@](C)(NCC(=O)N3CCC[C@H]3C#N)C[C@H]2C1
D04120,O=C1C(=O)N(Cc2ccc(OCCF)cc2)c2ccc(S(=O)(=O)N3CCC[C@H]3COc3cccnc3)cc21
D04121,C[C@H](NC(=O)c1c(N)nn2cccnc12)c1cc2cccc(C#Cc3cnn(C)c3)c2c(=O)n1-c1ccccc1
D04122,N#C[C@@H]1CCCN1C(=O)[C@@H]1CN(Cc2ccc(-c3cc[nH]n3)cc2)C[C@@H]1N
D04123,CCOC(=O)N1CCC2(CC1)N=C(N)c1c(F)cccc1N2
D04124,O=C(c1ccccc1)c1nc2ccccc2n2c(-c3ccccc3Cl)nnc12
D04125,C[C@@H](Oc1nc(-c2cnn(C)c2)cc2nn(C)cc12)[C@H]1CNC(=O)C1
D04126,CC(C#N)C(=O)N1CC[C@H](Oc2ccc(-c3ncnc(Nc4ccc(N5CCN(C6COC6)CC5)cc4)n3)cc2C#N)[C@H](F)C1
D04127,Cc1c(Nc2c(C#N)cnc3sc(-c4cccc(CN(C)C)c4)cc23)ccc2[nH]ccc12
D04128,C=CC(=O)Nc1ccc(S(=O)(=O)N2CCN(C(=O)OCc3ccccc3)CC2)c(C(F)(F)F)c1
D04129,COc1ccc(C(=O)C2CCN(CC(=O)N(Cc3nc4c(c(=O)[nH]3)COCC4)CC(F)F)CC2)cc1
D04130,C=C1C[C@@H]2[C@H](CC[C@]3(C)C(=O)CC[C@@H]23)[C@@]2(C)C=CC(=O)C=C12
D04131,CN([C@@H](Cc1ccc(OS(=O)(=O)c2cccc3cnccc23)cc1)C(=O)N1CCN(c2ccccc2)CC1)S(=O)(=O)c1cccc2cnccc12
D04132,COCCC(=O)N1CCC(c2ccc3[nH]c(-c4cc(C)c5ncnn5c4)c(C(C)C)c3c2)CC1
D04133,CC[C@@H](C[C@H](N)C(=O)N1CCCCC1)NCc1ccc(Cl)cc1
D04134,CCCCOCC1(NCC(=O)N2[C@H](C#N)CC[C@@H]2C#N)CCCC1
D04135,COc1cc2c(Nc3ccc(Br)c(Cl)c3F)ncnc2cc1OC[C@@H]1CN2CCOCC2CO1
D04136,O=[N+]([O-])c1ccc(-c2csc(NN=C3CCCCC3)n2)cc1
D04137,C[C@@H]1Cn2c(nnc2C(F)(F)F)CN1C(=O)C[C@H](N)Cc1cc(F)c(F)cc1F
D04138,CC1(C)[C@@H]2CC[C@@]1(CS(=O)(=O)N1CCC3(CCc4ccccc43)CC1)[C@@H](C(=O)[C@H](N)CC(N)=O)C2
D04139,CCN1/C(=C\C=C\C2=[N+](CC)c3ccccc3C2(C)C)C(C)(C)c2ccccc21
D04140,CCCN(CCCCN1C(=O)c2ccccc2C1=O)C1COc2cccc(OC)c2C1
D04141,C[C@H]1Cn2c(nnc2-c2ccncc2)C(=O)N1Cc1cccc(C(F)(F)F)c1Cl
D04142,Cc1cc(COc2ccc(S(=O)(=O)CC(CC3CCN(CC(C)C)CC3)N(O)C=O)cc2)c2ccccc2n1
D04143,CN(Cc1ccc(C(=O)Nc2ccc(Cl)cc2C(=O)Nc2ccc(Cl)cn2)cc1)C(=N)N
D04144,CC1c2nc(C(F)(F)F)n(C)c2CCN1C(=O)C[C@H](N)Cc1cc(F)ccc1F
D04145,N#CC1CCCN1C(=O)CNCC(O)COc1ccccc1
D04146,CN(C)CCCN1c2ccccc2CCc2ccc(Cl)cc21
D04147,COC(=O)[C@H](NC(=O)[C@H](Cc1ccccc1)NS(=O)(=O)N1CCOCC1)C(=O)N[C@@H](CC1CCCCC1)C(O)C(F)(F)C(=O)NCCN1CCOCC1
D04148,CO[C@H]1C[C@@H](n2c(=O)n(C)c3cnc4ccc(-c5ccc(OCCCN6CCCCC6)nc5)cc4c32)C1
D04149,Cc1ccc2c(c1)CC(NCC1CCN(CCNS(=O)(=O)c3cccc4ccccc34)CC1)CCC2
D04150,COc1ccc2c(c1)c(CC(=O)NCCCCCCC(=O)NO)c(C)n2C(=O)c1ccc(Cl)cc1
D04151,C[C@]1(c2cc(/C=C(\F)c3ccc(Cl)cn3)ccc2F)N=C(N)S[C@@]2(C(=O)N3CCC3)C[C@H]21
D04152,COc1cccc2c(=O)[nH]c(-c3ccc(C(F)(F)F)cc3)nc12
D04153,Cc1cc(NC(=O)c2ccc(Cl)cn2)cc([C@]2(CF)C[C@@H](C(F)(F)F)OC(N)=N2)c1F
D04154,CSc1ccc2c(c1)C(N1CCN(C)CC1)Cc1ccccc1S2
D04155,COc1cnc(C(=O)Nc2cc(Cl)c(F)c([C@]3(C)C[C@@H](C(F)(F)F)OC(N)=N3)c2)c(C)n1
D04156,CCCc1ccc(S(=O)(=O)NC[C@H]2CCCN2c2nc(NCCC#N)nc(NCc3csc(-c4ccccc4)n3)n2)cc1
D04157,COc1ccccc1-n1nc(C)c2c1C(=O)N(c1cc(C)c3nnc(C)n3c1)C2c1ccc(F)cc1F
D04158,CC1(C)NC(=O)CC[C@@]2(C)[C@H]1CC[C@]1(C)[C@@H]2C(=O)C=C2[C@@H]3C[C@@](C)(NC(N)=O)CC[C@]3(C)CC[C@]21C
D04159,Cc1cc2c(cc1C(F)(F)F)N(C(=O)Nc1ccc(Oc3cccnc3C)nc1)CC2
D04160,C#C[C@@H]1C[C@H](F)CN1C(=O)CC(C)(C)CC(=O)N[C@H]1C[C@@H]1c1cccc(Cl)c1
D04161,Cc1nn(C)c(C)c1-c1nc2c(N3CCN(Cc4cccnc4)CC3)c(Br)cnc2[nH]1
D04162,CC(=O)Nc1ccc(C(=O)Nc2cc(-c3ccncc3)ccc2N)cc1
D04163,Cn1c(=O)n([C@H]2CCOC2)c2c3cc(-c4ccc(OCCCN5CCCCC5)nc4)ccc3ncc21
D04164,CCCCCCCCCOCCCCCN1C[C@H](O)[C@@H](O)[C@H](O)[C@@H]1CO
D04165,COc1cnc(C(=O)Nc2ccc(F)c([C@]3(C)CS(=O)(=O)[C@]4(C[C@H](OC)C4)C(N)=N3)c2)c(C)c1
D04166,O=S(=O)(Nc1nccs1)c1cc(Cl)c(NCC2CNCCO2)cc1F
D04167,Cn1cc(-c2cc3cnc(Nc4ccccc4Cl)cc3n2C(=O)OC(C)(C)C)cn1
D04168,CN(C)C(=O)c1cc2cnc(Nc3ccc(C(=O)N4CCN5CCCC5C4)cn3)nc2n1C1CCCC1
D04169,N#CC(Cc1ccc2c(c1)c(=O)[nH]c1c(F)c(F)ccc12)NC(=O)[C@H]1N[C@@H]2CC[C@H]1C2
D04170,CC(C)(C)OC(=O)NC1(C(=O)N2CC(C#Cc3ccc4c(=O)c(-c5ccc(NS(C)(=O)=O)cc5)coc4c3)C2)CC1
D04171,CNc1nc(C)nc(N2CCC(C(=O)NCc3ccccc3OC(F)(F)F)CC2)n1
D04172,Cc1nccc(-c2cn(Cc3ccccc3)c3cnccc23)n1
D04173,COc1cc(O)c(C(=O)/C=C/c2ccc(N3CCCC3)cc2)cc1OC
D04174,N#Cc1cc(-c2ncnc(Nc3ccc(N4CCN(C5COC5)CC4)cc3)n2)ccc1O[C@@H]1CCNC1
D04175,CN[C@@H](C)C(=O)N[C@@H]1C(=O)N(Cc2c(OC)ccc3c(Br)cccc23)c2ccccc2N(C(=O)c2ccc(C(C)=O)cc2)[C@H]1C
D04176,Cc1nn(C)c2nc(N(C)CCN(C)C)c(C(=O)NC(=O)Nc3cccc(OC(C)C)c3)cc12
D04177,C#CCN(Cc1ccc2nc(N)[nH]c(=O)c2c1)c1ccc(C(=O)N[C@@H](CCC(=O)O)C(=O)O)cc1
D04178,CC(C)C[C@@H](/C=C/S(C)(=O)=O)NC(=O)[C@H](C)NC(=O)[C@H](CCC(=O)OC(C)(C)C)NC(=O)c1ccccc1
D04179,COc1ccc(CNC2=N[C@](C)(c3cc(/C=C(\F)c4ccc(C#N)cn4)ccc3F)[C@@H]3C(F)(F)[C@]3(CO)S2)cc1
D04180,Cc1nn(C2CCCCC2)c2sc(C(=O)N[C@H]3C[C@@H]3CO)cc12
D04181,CN1C[C@@H]2C[C@H]1CN2c1ccc(-c2ccnc3c(-c4cccc(O)c4)c(-c4ccncc4)nn23)cc1
D04182,COc1ccc2c(c1)[C@]1(C[C@H]1c1ccc3c(/C=C/c4ccc([C@H](C)N5CCOCC5)cc4)n[nH]c3c1)C(=O)N2C
D04183,C[C@H]1Cc2ccccc2N1C(=O)Cc1nc(N2CCOCC2)cc(=O)[nH]1
D04184,CCN1CCC(Nc2ccc3c(c2)C(=C(c2ccc(Cl)cc2)c2ncc[nH]2)C(=O)N3)CC1
D04185,O=C(c1ccc(F)cc1)C1CCN(CC(=O)N(Cc2nc3c(c(=O)[nH]2)COCC3)Cc2cccs2)CC1
D04186,CCCCc1nc(Cl)c(CO)n1Cc1ccc(-c2ccccc2-c2nnn[nH]2)cc1
D04187,Cc1ccc(C(=O)ON=C(N)c2ccccn2)c(C)c1
D04188,CO[C@@H]1COCC[C@@H]1N[C@@H]1CC[C@@](C(=O)N2CCN(c3cc(C(F)(F)F)cnn3)CC2)(C(C)C)C1
D04189,Cc1ccc(C(=O)N[C@H]2CCN([C@H]3CC[C@@H](N(C)C(C)C)C[C@H]3CS(C)(=O)=O)C2=O)cc1C(F)(F)F
D04190,CN(C)C/C=C/C(=O)N1CCC[C@H]1Cn1nc(-c2ccc(Oc3ccccc3)cc2)c2c(N)ncnc21
D04191,COc1ccc2cc(Br)ccc2c1CN1C(=O)[C@@H](NC(=O)[C@@H](N)[C@H](C)O)COc2cc(C)ccc21
D04192,N#CC1(NC(=O)[C@@H]2CCCC[C@H]2C(=O)N2CCN(c3nc(C(F)(F)F)cs3)CC2)CC1
D04193,COc1ccc(-c2ccc(/C=C/C(=O)NO)cc2)cc1
D04194,O=C(NC1CCN(Cc2ccn(-c3ccc(C(F)(F)F)cc3)c2)CC1)NC(Cn1cncn1)c1ccccc1
D04195,C[C@@]1(c2cc(NC(=O)c3ccc(Cl)cn3)ccc2F)CC2(CCC2)SC(N)=N1
D04196,CC(C)[C@H](NC(=O)OCc1ccccc1)C(=O)NC(CC(=O)O)C(=O)CF
D04197,CC(C)(Oc1ccc(Br)cn1)C(=O)N[C@H]1C2C[C@@H]3C[C@H]1C[C@@](CC(N)=O)(C2)C3
D04198,COc1nc(NCCCN2CCN(C)CC2)ncc1C(=O)Nc1cc(C(=O)Nc2cccc(C(F)(F)F)c2C)ccc1C
D04199,CCCCCCSc1nc(-c2ccc(Cl)cc2)nn1C(=O)N1CCCCC1
D04200,C[N+](C)(C)CCCCI
D04201,CCN(Cc1cccc(OC)c1)C(=O)c1nc2ccc(-c3cn[nH]c3)cc2s1
D04202,Clc1cccc(COc2ccc3c(c2)OCCO3)c1
D04203,c1ccc(-c2ccc(C3(Cc4nnn[nH]4)C4CC5CC(C4)CC3C5)cc2)cc1
D04204,COc1cc2ncnc(Nc3ccc(F)c(Cl)c3)c2cc1OCCCN1CCOCC1
D04205,NC1=NC2(CCO1)c1cc(NC(=O)c3cnc(F)cn3)ccc1Oc1c2cc(-c2cccnc2)nc1F
D04206,O=C(CCc1ccc(-c2ccccc2)cc1)c1ncco1
D04207,N#CC1(NC(=O)[C@@H]2CCCC[C@H]2C(=O)N2CCN(c3nc4ncccc4s3)CC2)CC1
D04208,CC(C)[C@@H]1NC(=O)[C@H]2Cc3ccccc3CN2C(=O)[C@@H]2CCCCCSSCCCCC[C@@H](NC1=O)C(=O)N2
D04209,Cc1nc(N=Nc2cc(S(=O)(=O)O)ccc2S(=O)(=O)O)c(CP(=O)(O)O)c(C=O)c1O
D04210,Cc1cc(C(=O)Nc2ccc(-c3ccccc3S(N)(=O)=O)cc2)n(-c2cc3ccccc3cc2C#N)n1
D04211,COc1ccc(C(=O)N2CCOC[C@H]2Cc2cccc(-n3nccn3)c2)c(-n2nccn2)c1
D04212,CS(=O)(=O)c1ccc(-c2cc(Cl)cnc2-c2cccnc2)cc1
D04213,Brc1ccc2c(c1)-c1nc3cc(Br)ccc3n1CCO2
D04214,O=C(CSc1nc2ccccc2c(=O)[nH]1)N[C@H]1CC[C@H](c2nnc(-c3ccccc3)o2)CC1
D04215,CCOC(=O)N1CCC(NC(=O)c2ccc3nc(CC)c(N(C)c4nc(-c5ccc(Cl)cc5)cs4)n3c2)CC1
D04216,O=C(NC1CC1c1ccccc1)N1CCC(c2nc(-c3nccc4ccccc34)no2)CC1
D04217,N[C@H]1CCCN(c2c(NC(=O)c3csc(-c4c(F)cccc4F)n3)cnc3[nH]ncc23)C1
D04218,Cc1[nH]c2ncnc(-c3ccc(NC(=O)Nc4cccc(C(=O)NC(C)C)c4)cc3)c2c1C
D04219,C#CCN1CCc2nc3nc(N(C)C)c(C#N)cc3c(N)c2C1
D04220,Cc1c(C(=O)NCCCN2CCN(c3cccc(Cl)c3Cl)CC2)cc(-c2ccccc2)n1C
D04221,O=C(Nc1ccc(Cl)cc1C(=O)Nc1ccc(Cl)cn1)c1ccc(C[n+]2ccccc2)cc1
D04222,CNC(=O)c1ccc(C)c(NC(=O)c2cnc(NC(C)C)s2)c1
D04223,COc1ccc(-n2c(=O)cnc3cnc(Nc4ccc(N)cc4)nc32)cc1
D04224,COc1ccccc1CN[C@H]1C2CCN(CC2)[C@H]1C(c1ccccc1)c1ccccc1
D04225,O=C(O)CCn1cc(Cn2ccnc2)c2ccccc21
D04226,Cc1c(N(C)[C@H]2CCN(Cc3ccccc3)C2)cc(F)c(S(=O)(=O)Nc2cccc(F)n2)c1F
D04227,CCOc1cc(OCC)cc(-c2cc(COC(C)(C)C(=O)O)nn2-c2ccccc2C)c1
D04228,CCOc1cccc(F)c1Cn1nc(COC(C)(C)C(=O)O)cc1-c1cc(OC)cc(OC)c1
D04229,Cc1ccc(C(=O)c2nc3ccc(O)cc3s2)cc1O
D04230,CNC(=O)[C@@]12C[C@@H]1[C@@H](n1cnc3c(NC)nc(C#Cc4ccc(Cl)s4)nc31)[C@H](O)[C@@H]2O
D04231,CNC(=O)c1cnc(N)c2cc(-c3ccc(N4CCOCC4)cc3)sc12
D04232,CC(=O)N[C@@H](CC(=O)NCCC(COCc1ccccc1)COCc1ccccc1)C(=O)N[C@@H](CC(C)C)B1O[C@@H]2C[C@@H]3C[C@@H](C3(C)C)[C@]2(C)O1
D04233,COc1ccc(C(=O)NCc2cccc(C(=O)NCCC3CCCNC3)c2)cc1OC
D04234,CCCn1c(CCc2ccc(Cl)cc2)nnc1CN1C(=O)COc2c(Cl)cc(Cl)cc21
D04235,CCNC(=O)Nc1nc2cc(N)ncc2cc1-c1cc(OC)cc(OC)c1
D04236,O=c1oc(-c2ccc(OCc3ccccc3)cc2)nn1CCO
D04237,CCN([C@H]1CC[C@H]([C@H](N)Cc2cc(F)ccc2F)CC1)S(=O)(=O)c1c(C)noc1C
D04238,CCCS(=O)(=O)N1CCC(CNC(=O)c2ccccc2Cl)(C(=O)N2CCOCC2)CC1
D04239,CN1CCN(C(=O)[C@@H]2CCCC[C@H]2C(=O)NCC#N)CC1
D04240,C[C@H](N[C@@H](CCc1ccccc1)C(=O)O)C(=O)N1C[C@@H](NC(=O)C[C@H](N)Cc2cc(F)c(F)cc2F)C[C@H]1C(=O)O
D04241,COc1cc2c(NC3CCN(C)CC3)nc(N3CCCN(C)CC3)nc2cc1OCCOCCN(C)C
D04242,CN[C@@H](C)C(=O)Nc1ccc(-c2c(-c3ccnc(C)c3)nc3cc(C)ccn23)c(C#Cc2ccc3c(C)nccc3c2)n1
D04243,CCOc1ccc([C@]2(O)CC[C@H](N3CC(NC(=O)CNC(=O)c4cccc(C(F)(F)F)c4)C3)CC2)cn1
D04244,O=C(N1CCOCC1)N1CCN(c2ccc(Br)cn2)CC1
D04245,Cn1c(=O)cc(N2CCC[C@@H](N)C2)n(Cc2ccccc2C#N)c1=O
D04246,Cc1ccc(F)c(CN2CC[C@H](N(C)c3ccc(S(=O)(=O)Nc4ncns4)cc3Cl)C2)c1
D04247,CCN1CCOCCn2cc(c3ccccc32)C2=C(C(=O)NC2=O)c2cn(c3ccccc23)CCOCC1
D04248,Cc1nsc(-c2nnc3n2CCN(C(=O)c2ccc(F)cc2)[C@@H]3CCO)n1
D04249,CCOC(OCC)c1ccc(/C=C2\CN(C)C/C(=C\c3ccc(C(OCC)OCC)cc3)C2=O)cc1
D04250,O=C1Nc2ccc(S(=O)(=O)N3CCC[C@H]3COc3ccccc3)cc2C1=O
D04251,Cc1ccc(NC(=O)C[C@H]2N[C@@H](C)[C@@H](O)[C@@H](O)[C@@H]2O)c(C)c1
D04252,CC(C)=CCn1c(N2CCC[C@H](N)C2)c(C#N)c2c1c(=O)n(Cc1ncccc1C#N)c(=O)n2C
D04253,CC(C)(C)[C@@]1(O)C[N+](C)(C)CCO1
D04254,N#CC(C#N)=C1C(=O)N(Cc2ccc(OCCF)cc2)c2ccc(S(=O)(=O)N3CC[C@H]3COc3cccnc3)cc21
D04255,Cc1cn(Cc2ccc(C(=O)NO)cc2)c2ccccc12
D04256,CC(C)CNC(=O)c1ccc(-c2ccc(-c3ccoc3)cc2C(=O)Nc2ccc(C(=N)N)cc2)c(C(=O)O)c1
D04257,C[C@@H](Oc1cc(-c2cscn2)cc2nn(C)cc12)[C@H]1CNC(=O)C1
D04258,Cc1ccccc1-n1c(Cn2cnc3c(N)ncnc32)nc2cccc(C)c2c1=O
D04259,C[C@H]1CN([C@H]2C[C@@H](C(=O)Nc3ccccc3)N(C(=O)/C=C/c3cc(Cl)ccc3-n3cnnn3)C2)CCN1S(N)(=O)=O
D04260,O=c1[nH]cnc2c(-n3cc(CCN4CCC(c5cccc(Cl)c5)CC4)cn3)nccc12
D04261,C[C@H](O)C(=O)N1CC[C@H](Oc2ccc(-c3ncnc(Nc4ccc5c(c4)NCCO5)n3)cc2C#N)[C@H](F)C1
D04262,CC(C)(CO)NCc1noc([C@H](CCCC2CCCCC2)CC(=O)NO)n1
D04263,CCCCC1c2c(nc3c(c2N)CCCC3)Oc2c1c(=O)oc1ccccc21
D04264,NC(=O)[C@H](Cc1ccc(O)cc1)NC(=O)[C@H](Cc1ccccc1)NC(=O)[C@@H]1CCCN1C(=O)[C@@H](N)Cc1ccc(O)cc1
D04265,N#Cc1ccc2c(c1)CCC2N1C[C@H](N)[C@H](C(=O)C2CCC[C@H]2C#N)C1
D04266,Cc1ccc(-c2nn3ncccc3c2-c2ccc(S(C)(=O)=O)cc2)cc1
D04267,C[C@H]1CCN1C(=O)[C@]12C[C@H]1[C@@](C)(c1cc(/C=C(\F)c3ccc(Cl)cn3)ccc1F)N=C(N)S2
D04268,CN1C(=O)c2[nH]c(CC3CCCC3)nc2N2C1=N[C@@H]1CCC[C@@H]12
D04269,Cc1ccccc1CN1CCN(c2nc3c(c(=O)[nH]2)CCCN3C)CC1
D04270,Cc1ccc(S(=O)(=O)N2C[C@H](O)C[C@H]2C(=O)NO)cc1
D04271,CCCCC1=NC(Cl)C(CO)N1Cc1ccc(-c2ccccc2-c2nnn[nH]2)cc1
D04272,COc1ccc(-n2nccn2)c(C(=O)N2CCOC[C@H]2Cc2cc(-n3nccn3)ccc2F)c1F
D04273,CN(C)C(=O)[C@@H](c1ccc(-c2ccc(F)cc2)cc1)[C@H]([NH3+])C(=O)N1CC(F)C1
D04274,OCc1ccc(-c2nccnc2OC2CN(c3ccc4ccccc4n3)C2)cc1
D04275,CC(=O)NC1CCN(Cc2ccc(CCN(C)C(=O)c3ccc(-c4ccc(F)cc4)cc3)cc2)CC1
D04276,Cc1cc(CN2CCC(c3ccc4[nH]c(-c5cc(C)c6ncnn6c5)c(C(C)C)c4c3)CC2)no1
D04277,COCCCc1cc(CN(C(=O)[C@H]2CNCC[C@@H]2c2ccc(OCCOc3c(Cl)cc(C)cc3Cl)cc2)C2CC2)cc(OCCCC(C)(C)C(=O)O)c1
D04278,COc1ccc(C(=O)N[C@@H](Cc2c[nH]c3ccccc23)C(=O)NCCCCCC(=O)Nc2cc(-c3cccs3)ccc2N)cc1
D04279,COc1cc(OC)cc(-c2cc3cnc(N)cc3nc2NC(=O)NC(C)(C)C)c1
D04280,CS(=O)(=O)c1ccc(C2=C(c3ccc4c(c3)OCO4)CCC2)cc1
D04281,CC(Sc1nnc(-c2ccc(NC(=O)c3ccc4ccccc4c3)cc2)n1C)C(=O)O
D04282,COc1cc(-c2cn(C)c(=O)c(C)c2C)cc(OC)c1CN(C)C
D04283,C#CCOc1cnc(/C(F)=C/c2ccc(F)c([C@@]3(C)N=C(N)S[C@@]4(c5ncc(C)o5)C[C@@H]34)c2)cn1
D04284,Cc1ccc(S(=O)(=O)N2CC3(C[C@H]2C(=O)NO)OCCO3)cc1
D04285,CC(C)C[C@@H](NC(=O)[C@@H](NC(=O)N[C@H](C(=O)O)C(C)C)[C@@H]1CCN=C(N)N1)C(=O)NCCCN[C@H](C(=O)O)[C@H](O[C@@H]1O[C@H](CN)[C@@H](O)[C@H]1O)[C@H]1O[C@@H](n2ccc(=O)[nH]c2=O)[C@H](O)[C@@H]1O
D04286,CN(C)C(=O)[C@@H](c1ccc(-c2ccc3ncnn3c2)cc1)[C@H]([NH3+])C(=O)N1CCC(F)(F)C1
D04287,NC1=N[C@@](c2cc(NC(=O)c3nn(C(F)F)cc3Cl)cc(F)c2F)(C(F)F)[C@H]2C[C@H]2O1
D04288,CN1CC2(CCN(c3ccc(-c4ncnc(Nc5ccc(N6CCN(C7COC7)CC6)cc5)n4)cc3C#N)CC2)C1
D04289,Cc1c(-c2[nH]c3ccc(C4CCN(C(=O)OCCN)CC4)cc3c2C(C)C)cn2ncnc2c1C
D04290,CC[C@H](C)[C@@H]1NC(=O)[C@@H]2CSSC[C@@H]3NC(=O)[C@H](C(C)C)NC(=O)[C@H](CC(C)C)NC(=O)[C@H](CC(N)=O)NC(=O)[C@@H]4CCCN4C(=O)[C@H](CCCNC(=N)N)NC(=O)[C@H](CSSC[C@H](NC(=O)[C@@H](N)CC(=O)O)C(=O)N[C@@H](CC(C)C)C(=O)NCC(=O)N[C@@H](Cc4ccccc4)C(=O)N[C@@H](CCSC)C(=O)N[C@@H](CCCNC(=N)N)C(=O)N[C@@H](CCCCN)C(=O)N2)NC(=O)[C@H](CSSC[C@@H](C(=O)N[C@@H](CCCCN)C(=O)N[C@@H](Cc2ccc(O)cc2)C(=O)N[C@H](C(=O)N[C@@H](Cc2ccccc2)C(N)=O)C(C)C)NC(=O)[C@H](Cc2c[nH]c4ccccc24)NC(=O)[C@H](CC(=O)O)NC(=O)[C@H](Cc2cnc[nH]2)NC(=O)[C@H]([C@@H](C)O)NC(=O)[C@H](CCCNC(=N)N)NC(=O)[C@H](CO)NC3=O)NC(=O)[C@H](CCCCN)NC(=O)[C@H](CC(=O)O)NC(=O)[C@H](CC(N)=O)NC(=O)[C@H](CC(=O)O)NC(=O)[C@@H]2CCCN2C1=O
D04291,CC(C)(Oc1ccc(N2CCOCC2)cn1)C(=O)N[C@H]1C2C[C@@H]3C[C@H]1C[C@@](CC(N)=O)(C2)C3
D04292,C[C@]1(c2cc(/C=C(\F)c3ccc(C#N)cn3)cnc2F)N=C(N)S[C@@]2(C(=O)N3[C@H]4COC[C@@H]3COC4)C[C@H]21
D04293,C[C@H]1c2nnc(C(F)(F)F)n2CCN1C(=O)C[C@H](N)Cc1cc(F)c(F)cc1F
D04294,O=C(NC1C2CCC(C2)C1OC(=O)c1cc(O)c(C(=O)c2c(O)cccc2C(=O)O)c(O)c1)c1ccc(O)cc1
D04295,O=c1ccc(-c2nc3ccc(S(=O)(=O)C(F)(F)F)cc3[nH]2)cn1-c1ccccc1
D04296,O=S(=O)(c1ccc(Cl)cc1)C12CCC[C@]3(CCN(S(=O)(=O)C(F)(F)F)C3)C1COc1c(F)ccc(F)c12
D04297,N[C@H]1C[C@@H](N2Cc3cnc4nc(C5CC5)nn4c3C2)CC[C@@H]1c1cc(F)c(F)cc1F
D04298,CC[C@H](C)[C@@H]1NC(=O)[C@@H]2CSSC[C@@H]3NC(=O)[C@H](C(C)C)NC(=O)[C@H](CC(C)C)NC(=O)[C@H](CC(N)=O)NC(=O)[C@@H]4CCCN4C(=O)[C@H](CCCNC(=N)N)NC(=O)[C@H](CSSC[C@H](NC(=O)[C@@H](N)CC(=O)O)C(=O)N[C@@H](CC(C)C)C(=O)NCC(=O)NCC(=O)N[C@@H](CCSC)C(=O)N[C@@H](CCCNC(=N)N)C(=O)N[C@@H](CCCCN)C(=O)N2)NC(=O)[C@H](CSSC[C@@H](C(=O)N[C@@H](CCCCN)C(=O)N[C@@H](Cc2ccc(O)cc2)C(=O)N[C@H](C(=O)N[C@@H](Cc2ccccc2)C(N)=O)C(C)C)NC(=O)[C@H](Cc2c[nH]c4ccccc24)NC(=O)[C@H](CCCCN)NC(=O)[C@H](Cc2cnc[nH]2)NC(=O)[C@H]([C@@H](C)O)NC(=O)[C@H](CCCNC(=N)N)NC(=O)[C@H](CO)NC3=O)NC(=O)[C@H](CCCCN)NC(=O)[C@H](CC(=O)O)NC(=O)[C@H](CC(N)=O)NC(=O)[C@H](CC(=O)O)NC(=O)[C@@H]2CCCN2C1=O
D04299,CS(=O)(=O)c1ccc(-c2cc(C(F)(F)F)nc(NCc3ccc(F)cc3)n2)cc1
D04300,CN1CCC(S(=O)(=O)c2c(Cl)ccc(NC(=O)Nc3cccc(F)c3Cl)c2O)CC1
D04301,CC(=O)N(C)c1ccc2ccn(-c3cc(NC4CC4)n4ncc(C#N)c4n3)c2c1
D04302,NS(=O)(=O)c1ccc(-n2nc(C(F)(F)F)cc2C2=CCCCC2)cc1
D04303,CN[C@@H](C)C(=O)N[C@H]1CN(C(=O)c2ccccc2C#N)c2ccccc2N(Cc2c(OC)ccc3cc(Br)ccc23)C1=O
D04304,COc1ccc(CNC=C2C(=O)NC(=O)c3ccc(Br)cc32)cc1O
D04305,Cc1cc(N2C(=O)c3c(C4CN(C)C4)cn(C)c3C2c2ccc(Cl)cc2)cn2c(C)nnc12
D04306,O=C(O)[C@H](Cc1ccc(-n2c(-c3cccnc3)nc3cccnc32)cc1)NC1=C(Br)C(=O)C12CCCCC2
D04307,Cc1c2ccc(N(C)c3ccnc(Nc4cccc(S(N)(=O)=O)c4)n3)cc2nn1Cc1ccccc1
D04308,O=C(/C=C/c1ccc(O)c(O)c1)c1ccccc1
D04309,CS(=O)(=O)c1ccc(-c2noc([C@@H](CCO)[C@H](N)C(F)=C3CCCC3)n2)c(Cl)c1
D04310,C[C@H](Nc1nc2ccc(-c3ccn(CC4CC4)c(=O)c3)cc2s1)C1CCOCC1
D04311,Cc1nc(NC(=O)[C@@H](C)CC(F)(F)F)sc1-c1ccc(N)nc1
D04312,c1ccc2c(c1)c1cnccc1n2CCCCCCn1c2ccccc2c2cnccc21
D04313,C[C@@H](C(=O)N(C)[C@@H]1CCc2c(CC(=O)O)c3ccccc3n2C1)c1ccc(F)cc1
D04314,CCc1ccc(/N=C2\S/C(=C\c3ccnc(Nc4ccc(C(=O)O)cn4)c3)C(=O)N2C)cc1
D04315,CC(C)(C)c1ccc(-n2c(C(=O)O)c(Oc3cc(C(F)(F)F)cc(C(F)(F)F)c3)c3cc(Cl)ccc32)cc1
D04316,CCCCc1cc(OC2CCN(CCCCNS(=O)(=O)CC)CC2)c2ncccc2c1.Cl.Cl
D04317,O=C(Nc1ccc2cccnc2c1)c1ccc(-c2ccccc2)nc1
D04318,COc1cc(NC(=O)c2ccccn2)ccc1Cl
D04319,O=C(Cn1c(=O)ccc2cc(C(F)(F)F)ccc21)Nc1scc(Br)c1-c1nnc[nH]1
D04320,CN[C@@H](C)C(=O)Nc1ccc(-c2c(-c3cnc(C)nc3)nc3cc(C)ccn23)c(C#Cc2ccc3c(C)nccc3c2)n1
D04321,Cc1c(O)ccc2nc(-c3cc(-c4cnn(C5CCNCC5)c4)cnc3N)oc12
D04322,COc1ccc(F)cc1CCCC1CCC(CCN)O1
D04323,COc1cnc(C(=O)Nc2ccc(F)c([C@@]3(C(F)F)N=C(N)O[C@@H]4C[C@@H]43)c2)c(F)c1
D04324,COc1cc(C#N)cnc1C(=O)Nc1cc(Cl)c(F)c([C@@]2(CF)N=C(N)O[C@@H]3C[C@@H]32)c1
D04325,CC(C)c1ccc2c(c1)c1c(n2CC(=O)O)CCN(C(=O)c2ccccc2)C1
D04326,Cn1cnc(-c2ccc(F)c(Cl)c2)c1-c1ccc2nccn2c1
D04327,Cc1c(OCCNCCC(F)F)ccc(F)c1[C@@H]1c2[nH]c3ccccc3c2C[C@@H](C)N1C[C@@H](C)C(=O)O
D04328,CNC(=O)c1ccc(Oc2ccc(S(=O)(=O)C3(C(=O)NO)CCC4(CCNCC4)C3)cc2)cc1
D04329,Cc1ccc(Oc2cccc(N(Cc3cccc(OC(F)(F)C(F)F)c3)C[C@@H](O)C(F)(F)F)c2)cc1
D04330,C[C@@H]1Cc2c(ccc3[nH]nc(F)c23)[C@@H](c2ccc(NC3CN(CCCF)C3)c(F)n2)N1CC(F)(F)F
D04331,COc1ccc(-c2sncc2-c2ccc(C)cc2)cc1
D04332,COc1cccc(CNc2[nH]nc3ncnc(Nc4cccc(Cl)c4)c23)c1
D04333,O=c1n(C2CCOCC2)nc(-c2ccnc(NC3CCCCC3)c2)n1-c1ccc2ccccc2c1
D04334,COc1ccc2cc(-c3cncc4ccccc34)ccc2c1
D04335,CC(C)(Oc1ccc(Cl)cc1)C(=O)N[C@H]1C2C[C@@H]3C[C@@H]1C[C@@](C(=O)NCc1ccc(S(N)(=O)=O)cc1)(C2)C3
D04336,NC/C=C(/F)COc1ccc(C(=O)NC2CCCCC2)cc1
D04337,C=CC(=O)Nc1cc(Nc2ncc(Cl)c(-c3cnn4ccccc34)n2)c(OC)cc1N1CC(N(C)C)C1
D04338,N=C(N)NCCC[C@@H](NC(=O)CN1CCN(S(=O)(=O)c2ccc(Cl)cc2)CC1=O)C(=O)c1nccs1
D04339,C[C@H](CN(C)C)Oc1nc(Nc2cc3cccc(Cl)c3cn2)cnc1C#N
D04340,CC(C)S(=O)(=O)n1c(N)nc2ccc(-c3nc(C(C)(C)C)[nH]c3-c3ccc(F)cc3)cc21
D04341,O=C(c1ccccc1)n1c(O)cn(-c2ccccc2)c1=O
D04342,Cc1noc(NS(=O)(=O)c2ccsc2C(=O)Nc2ccc3c(c2C#N)OCO3)c1Cl
D04343,Cc1nc(Cl)cnc1C(=O)Nc1ccc(F)c([C@]2(C(F)F)N=C(N)O[C@H]3C[C@H]32)c1
D04344,CC1CN(C(=O)N(c2ccccc2)c2ccccc2)CCN1C(=O)N(c1ccccc1)c1ccccc1
D04345,O=c1oc2ccccc2c(O)c1Cc1c(O)c2ccccc2oc1=O
D04346,Cn1c(=O)c2[nH]c(-c3ccc(S(=O)(=O)N4CCN(Cc5ccc(Br)cc5)CC4)cc3)cc2n(C)c1=O
D04347,CC(=O)N1CCN(c2ccc(CCc3ccc(CC(=O)NN)cc3)nc2)CC1
D04348,Cc1cc(OC(F)F)cnc1C(=O)Nc1ccc(F)c([C@]2(C)C[C@@H](C(F)(F)F)OC(N)=N2)n1
D04349,Nc1ncc2cc(-c3c(Br)cccc3Br)c(N)nc2n1
D04350,CNc1ncc(C(=O)Nc2cc(C(=O)Nc3cccc(C(F)(F)F)c3F)ccc2C)c(OC)n1
D04351,O=C(O)c1cccc(OCC2CCN(c3ccc(NC(=O)c4cccc(Oc5ccccc5)c4)cn3)CC2)c1
D04352,CCc1cc(Cc2cnc(N)nc2N)cc2c1NC(C)(C)C=C2C
D04353,CCn1nc2c(c1C(C)C)C(c1ccc(Cl)cc1C)N(c1cc(Cl)ccc1OCCN(C)C)C2=O
D04354,O=C(OCC#CCSc1nnc(-c2cccc3ccccc23)o1)c1cccc(F)c1
D04355,O=C(C1CCN(c2cc(C(F)(F)F)ccn2)CC1)N1CC[C@H](N[C@H]2CC[C@@](O)(c3ccc(-c4ncccn4)cn3)CC2)C1
D04356,N#C[C@H]1CCOC[C@@H]1n1cc(C(N)=O)c(Nc2ccnc(F)c2)n1
D04357,N[C@H]1CN(C(=O)c2cc3ccccc3s2)C[C@H]1C(=O)N1CCCC1
D04358,COc1cc(NC(=O)Nc2cccc(Oc3ccccc3)c2)ccc1C(=O)NCCCN1CCCCC1
D04359,COC1(c2cc(F)cc(OCc3cc(-c4ccccc4)n(-c4ccc(S(C)(=O)=O)cc4)n3)c2)CCOCC1
D04360,C[C@H](N)C(=O)NCc1cccc(-n2nc(C(F)(F)F)cc2C(=O)NCc2ccccc2)c1
D04361,Fc1cc(Cl)cnc1C(F)(F)CN1CCC(Nc2ncnc3[nH]ncc23)CC1
D04362,COC(=O)Nc1ccc(-c2[nH]c([C@@H]3C[C@H](C4CCN(S(C)(=O)=O)CC4)CN3C(=O)/C=C/c3cc(Cl)ccc3-n3cnnn3)nc2Cl)cc1
D04363,CC[C@](O)(c1cn(Cc2ccc3c(-c4ccc(F)cc4)c(C(N)=O)sc3c2)nn1)C(F)(F)F
D04364,CC(C)CN(C[C@@H](O)[C@H](Cc1ccccc1)NC(=O)O[C@H]1CCOC1)S(=O)(=O)c1ccc(N)cc1
D04365,CCC1(C)NC(=O)c2cc(S(=O)(=O)Nc3ccccc3Cl)ccc2NC1=O
D04366,COc1ccc(-c2cc3cc(C)ccc3oc2=O)cc1OC
D04367,COc1ccc(N2CCN(CCCNC(=O)Cn3c(=O)c4cccn4c4c(C)ccnc43)CC2)cc1
D04368,COCC(=O)N1CCC(c2ccc3[nH]c(-c4cc(OC)c5ncnn5c4)c(C(C)C)c3c2)CC1
D04369,CC(=O)N[C@H]1CCCCNC(=O)[C@H]2CCCN2C(=O)[C@H](C(C)C)NC(=O)[C@@H](CC(N)=O)NC(=O)[C@H](C(C)C)NC(=O)[C@@H](Cc2ccc(OP(=O)(O)O)cc2)NC1=O
D04370,CC(CCO)n1cnc(-c2ccc(F)cc2)c1-c1ccc2ncc(C(N)=O)n2c1
D04371,CCCCCCCCCCC[C@@H](C[C@@H]1OC(=O)[C@H]1CCCCCC)OC(=O)[C@H](CC(C)C)NC=O
D04372,O=C1c2c(O)ccc(O)c2C(=O)c2c(NCCNCCO)ccc(NCCNCCO)c21
D04373,CN1CCN(CCCN(C(=O)Nc2ccc(F)c(C(F)(F)F)c2)[C@@H]2CC[C@]3(c4ccc(C#N)cc4)C[C@H]23)CC1
D04374,CN(Cc1ccccc1)Cc1ccc(COc2ccc3ccc(=O)oc3c2)cc1
D04375,O=C(NC1CCCC1)Oc1cccc(C(=O)c2nc3ccccc3s2)c1
D04376,N#Cc1cc(-c2ncnc(Nc3ccc(N4CCN(C5COC5)CC4)cc3)n2)ccc1O[C@H]1CCOC[C@H]1F
D04377,COCC[C@@H]1C[C@H](N(C)C(C)C)CC[C@@H]1NC(=O)CNC(=O)c1cccc(C(F)(F)F)c1
D04378,COC[C@@H]1CCCN1S(=O)(=O)c1ccc2c(c1)C(=O)C(=O)N2CCC(O)CF
D04379,CC(=O)N[C@H](Cc1c[nH]c2ccccc12)C(=O)NC(Cc1cccc(NC(=O)Nc2ccccc2C)c1)C(=O)N[C@H](CC(=O)O)C(=O)N[C@@H](Cc1ccc(C)cc1)C(N)=O
D04380,COc1cc(C=CC(=O)CC(=O)C=Cc2ccc(O)cc2)ccc1O
D04381,CO[C@H]1CC[C@@H](C(=O)Nc2nc(C)c(-c3ccc(N)nc3)s2)CC1
D04382,CCc1[nH]c2nc(N)[nH]c(=O)c2c1Sc1ccc(C(=O)N[C@@H](CCC(=O)O)C(=O)O)cc1
D04383,CC(C)C1CC2=NNC(=O)c3cccc4[nH]c(c2c34)C1
D04384,Clc1ccc2c(NCCCNCCCCOc3cccc4[nH]c5ccccc5c34)c3c(nc2c1)CCCC3
D04385,N#Cc1cc(-c2ncnc(Nc3ccc(N4CCN(C5COC5)CC4)cc3)n2)ccc1O[C@H]1CCN(C(=O)CCO)C[C@H]1F
D04386,CCCN(CCCN1C(=O)CC2(CCCC2)CC1=O)C1COc2cccc(OC)c2C1
D04387,CN[C@@H](C)C(=O)N[C@@H]1C(=O)N(Cc2c(OC)ccc3ccccc23)c2ccc(C#N)cc2N(C(=O)CS(C)(=O)=O)[C@H]1C
D04388,CNCCCNc1nnc(-c2cn3ncnc(Nc4cc(C(=O)NC5CC5)c(F)cc4F)c3c2C(C)C)o1
D04389,[NH3+][C@H](C(=O)N1CC[C@H](F)C1)[C@@H](C(=O)N1CCC1)c1ccc(-c2ccc(F)cc2)cc1
D04390,CSc1ccc(Cc2ccccc2CN(C)C)cc1
D04391,O=C(CCc1noc2c1CCc1cc(O)ccc1-2)NC1=C(C(=O)O)CCC1
D04392,COc1cc(N2CCN(C)CC2)ccc1Nc1nccc(-c2cn(C)c3cnccc23)n1
D04393,CC(=O)Nc1cccc(CN2CCC(NC(=O)c3cc(=O)c4ccc(F)cc4o3)CC2)c1
D04394,O=C(N[C@H]1C[C@@H]1c1ccccc1)N1CCC2(CCc3ccccc3O2)CC1
D04395,CN(C)C(=O)Oc1cc(OC(=O)N(C)C)cc(C(O)CNC(C)(C)C)c1
D04396,O=C(CCCCCCc1ccccc1)c1ncco1
D04397,NC(=O)c1cncc(Oc2cccc3c(NC(=O)c4ccccc4)cccc23)c1
D04398,CC(C)[C@H](NS(=O)(=O)c1ccc(-c2ccc(N)cc2)cc1)C(=O)O
D04399,COc1ccc2c(c1)[C@]13CCCC[C@@H]1[C@H](C2)N(C)CC3
D04400,CN[C@@H](C)C(=O)N[C@H]1CN2C(=O)CCNC(=O)c3ccc4c(c(OC)ccc4c3)CN(C1=O)c1ccccc12
D04401,Nc1ncnc2c1c(-c1ccccc1)cn2-c1ccc(CNCCO)cc1
D04402,CS(=O)(=O)Nc1ccc(-c2coc3cc(C#CC4CN(C(=O)C5CC5)C4)ccc3c2=O)cc1
D04403,COc1ccc(Nc2cc(NCCN)nnc2C(N)=O)nc1C(C)C
D04404,CCn1c(CNc2cccc(C(=O)NCc3ccccc3)c2)nnc1-c1ccncc1
D04405,CS(=O)(=O)N1CCN([C@H]2C[C@@H](C(=O)Nc3ccc(C(=O)O)cc3)N(C(=O)C3CCN(C(=N)N)CC3)C2)CC1
D04406,CC(=O)O[C@@H]1C[C@@H]2[C@@]3(C)CC[C@H](O)C(C)(C)[C@@H]3CC[C@@]2(C)[C@]2(C)C(=O)C=C[C@@H]12
D04407,C[C@H](O)C(=O)N1CC[C@H](Nc2ccc(-c3ncnc(Nc4ccc(N5CCN(C6COC6)CC5)cc4)n3)cc2C#N)[C@H](F)C1
D04408,c1ccc(-c2c(-c3ccc(OCCN4CCCC4)cc3)oc3ncnc(NCCN4CCNCC4)c23)cc1
D04409,COc1cc2ncn(-c3cc(OCc4ccccc4S(C)(=O)=O)c(C#N)s3)c2cc1OC
D04410,CN(C)C(=O)[C@]12C[C@H]1[C@@](C)(c1cc(/C=C(\F)c3ncc(C#N)cn3)ccc1F)N=C(N)S2
D04411,C[C@H](Cc1cc2c(c(C(N)=O)c1)N(CCCO)CC2)NCCOc1ccccc1OCC(F)(F)F
D04412,CC(C)(C)OC(=O)N1CC(C#Cc2ccc3c(=O)c(-c4ccc(NS(C)(=O)=O)cc4)coc3c2)C1
D04413,Cc1nc(N)cc2c1CNC(=O)c1cnn(c1)Cc1ccc(Cn3cccn3)cc1OCCC/C=C\CCO2
D04414,Cn1ncnc2c(=O)n(C)c(=O)nc1-2
D04415,COc1cnc(OCc2ccc(F)cc2)nc1-c1cc2c([nH]1)CCNC2=O
D04416,Cc1cc(-c2[nH]c3ccc(C4CCN(Cc5ncnn5C)CC4)cc3c2C(C)C)cn2ncnc12
D04417,COc1ccc(CNC(=O)c2nc(-c3cncc(C)c3)cnc2-c2ccccc2)nc1OC
D04418,COc1ccc(C[C@@H]2COCCN2C(=O)c2ccccc2-n2nccn2)cc1-c1cccnn1
D04419,Cc1ccc(NC(=O)c2cccc(N(C)C)c2)cc1NC(=O)c1ccc(O)cc1
D04420,CN(C)CC1(O)CCN(c2nc(Oc3cccc(F)c3)cc(C(F)(F)F)n2)CC1
D04421,C[C@@H]1C[C@@](C)(c2cc(CNC3(C(F)(F)F)CC3)c(F)cc2F)N=C(N)S1
D04422,CC(C)(C)C1(C)Cc2c(CN3CCC4(CC3)CCN(C(=O)c3ccc(N)cn3)CC4)cccc2O1
D04423,C[C@@]1(c2cc(NC(=O)c3ncc(Cl)cc3Cl)cnc2F)C[C@@H](C(F)(F)F)OC(N)=N1
D04424,CC(C)n1cc(-c2cc3nn(C)cc3c(O[C@H](C)[C@H]3CNC(=O)C3)n2)cn1
D04425,Cc1nc(N2CCN(C(=O)[C@@H]3CCCC[C@H]3C(=O)NC3(C#N)CC3)CC2)sc1C
D04426,N#Cc1cc(-c2ncnc(Nc3ccc(N4CCN(C5COC5)CC4)cc3)n2)ccc1O[C@H]1CCN(C(=O)c2ccn[nH]2)C[C@H]1F
D04427,O=c1n(CCCN2CCN(c3cccc(Cl)c3)CC2)nc2ccccn12
D04428,CC1(C)CCc2cc(S(=O)(=O)N(CC(=O)O)Cc3cccc(-c4ccccc4)c3)ccc2O1
D04429,OC(Cc1cccnc1-c1cc(Cl)cc(Cl)c1)(c1cccnc1)c1cccnc1
D04430,CC(CS)C(=O)N1c2ccccc2CC1C(=O)O
D04431,N#Cc1cc(-c2ncnc(Nc3ccc(N4CCN(C5COC5)CC4)cc3)n2)ccc1OCCC1CNC(=O)C1
D04432,CN1CCN(c2ccc(Nc3ncnc(-c4ccc(OC5CCOCC5)c(C#N)c4)n3)cc2)CC1
D04433,CC(C)CNC(=O)c1ccc(-c2ccc(-c3ccsc3CO)cc2C(=O)Nc2ccc(C(=N)N)cc2)c(C(=O)O)c1
D04434,CCn1cc(Nc2ncnc(-c3ccc(O[C@H]4CCN(C(=O)CO)C[C@H]4F)c(C#N)c3)n2)c(C)n1
D04435,COc1ccc2c(-n3c(=O)n(Cc4ccc(Cl)c(O[C@H](C)C(=O)O)c4)c4ccc(OC(F)(F)F)cc43)noc2c1
D04436,Cc1cc(OC(F)F)cnc1C(=O)Nc1cc(F)c(F)c([C@]2(C)C[C@@H](C(F)(F)F)OC(N)=N2)c1
D04437,Cc1ccc(-c2c(CN)c(CC(C)C)nc3ccc(N4CC(=O)NCC4=O)cc23)cc1
D04438,CN([C@@H]1CCc2c(CC(=O)O)c3ccc(F)cc3n2C1)S(=O)(=O)c1ccc(F)cc1
D04439,O=C(N[C@@H]1COCCC[C@H]1OC(=O)c1cc(O)c(C(=O)c2c(O)cccc2C(=O)O)c(O)c1)c1ccc(O)cc1
D04440,CN(c1ncnc2[nH]ccc12)[C@H]1C[C@@H](NS(=O)(=O)CC2COC2)C1
D04441,COc1ccc2cc(-c3c(-c4ccncc4)nc(-c4ccc(S(C)=O)cc4C)n3C)ccc2c1
D04442,O=S(=O)(c1ccc(Br)cc1)N1CC=C(C#Cc2ccccn2)CC1
D04443,CC(C)(C)NC(=O)N[C@H](C(=O)N1C[C@H]2[C@@H]([C@H]1C(=O)NC(CC1CCC1)C(=O)C(N)=O)C2(C)C)C(C)(C)C
D04444,Cc1c(-c2ccccc2)[nH]c2ncnc(Nc3cccc(Cl)c3)c12
D04445,CN(C)C(=O)[C@@H](c1ccc(-c2cccc(S(C)(=O)=O)c2)cc1)[C@H]([NH3+])C(=O)N1CC[C@H](F)C1
D04446,CCCCC(CC(=O)NO)S(=O)(=O)C1CCCCC1
D04447,O=C(O)Cn1nnc(-c2cnc(N3CC4CN(c5cc(F)ccc5Cl)CC4C3)s2)n1
D04448,O=C(NC1CC1)c1ccc(-n2cnc3ccccc32)s1
D04449,COc1cc(O)c(/C=C\C(=O)O)cc1[C@@H](O)CC(C)C
D04450,Cc1ccc(S(=O)(=O)N2CCc3cc(OCc4ccccc4)ccc3C2C(=O)NO)cc1
D04451,Cc1cc(NC(=O)c2ncc(Cl)cc2Cl)cc([C@@]2(C(F)F)N=C(N)O[C@@H]3C[C@@H]32)c1F
D04452,CS(=O)(=O)c1ccc(C2SCCC(=O)N2CCc2ccccc2)cc1
D04453,COC[C@@H]1CCCN1S(=O)(=O)c1ccc2c(c1)C(=O)C(=O)N2C[C@H]1CO1
D04454,CN(C/C=C/c1ccc(-c2ccccc2)cc1)Cc1coc2ccccc12.Cl
D04455,O=C(Nc1ccccc1)c1ccc2cc(Br)c(C(F)(F)P(=O)(O)O)cc2n1
D04456,C[C@@H](c1ccc(-c2ccc(=O)[nH]c2)cc1)N1CC[C@](CC(C)(C)NS(C)(=O)=O)(c2ccccc2)OC1=O
D04457,O=c1[nH]c2cc(-c3ccc4ccccc4c3)ccc2c2nc(-c3ccccc3Cl)[nH]c12
D04458,O=C(NCc1ccncc1)c1ccc2c(c1)Cc1c(-c3ccc(-c4ccc(O)cc4)cc3)n[nH]c1-2
D04459,Cc1c(-c2cccc(OCCCCC(=O)O)c2F)c(=O)n(C[C@H](N)c2ccccc2)c(=O)n1Cc1c(F)cccc1C(F)(F)F
D04460,Cn1ncn(-c2ccc(C(=O)N[C@@H]3CCN(c4ncc(Cl)c5c(N)noc45)C3)c(Cl)c2)c1=O
D04461,FC(F)(F)Oc1ccccc1CC(c1ccccc1)N1CCNCC1
D04462,CC[C@H](C)[C@@H]1NC(=O)[C@@H](NC(=O)[C@H](CO)NC(=O)[C@@H](N)CCCNC(=N)N)CSSC[C@@H](C(=O)O)NC(=O)[C@H]([C@@H](C)O)NC(=O)CNC(=O)[C@@H]2CSSC[C@@H]3NC(=O)[C@H](CCC(N)=O)NC(=O)[C@H](Cc4ccccc4)NC(=O)[C@H](C)NC(=O)[C@H]([C@@H](C)O)NC(=O)[C@H](CSSC[C@H](NC(=O)[C@H](Cc4ccccc4)NC(=O)[C@H](CO)NC(=O)[C@H](CC(C)C)NC(=O)[C@H](CCCNC(=N)N)NC(=O)[C@H](Cc4ccc(O)cc4)NC(=O)[C@H](CCCCN)NC(=O)[C@H](CCSC)NC(=O)[C@H](CO)NC(=O)[C@H](Cc4cnc[nH]4)NC(=O)[C@H](CCCCN)NC3=O)C(=O)N[C@@H](CCCNC(=N)N)C(=O)N[C@@H](CCCCN)C(=O)N[C@@H]([C@@H](C)O)C(=O)N2)NC(=O)[C@H](CCCNC(=N)N)NC(=O)[C@H](CO)NC(=O)[C@H](CCCCN)NC(=O)[C@@H]2CCCN2C(=O)[C@H](CCCNC(=N)N)NC(=O)[C@H]([C@@H](C)O)NC(=O)[C@H](CC(=O)O)NC1=O
D04463,COc1cc(F)c(C)cc1-c1c[nH]c2ncc(-c3cccc(NC(=O)/C=C/CN(C)C)c3)cc12
D04464,CC(C)OC(=O)C(C)(C)Oc1ccc(C(=O)c2ccc(Cl)cc2)cc1
D04465,CN1C(=O)C(c2ccncc2)(c2cccc(-c3cccnc3F)c2)N=C1N
D04466,O=C(c1ccc(Nc2nc(C3CC3)cn3c(-c4cn[nH]c4)cnc23)c(F)c1)N1CCOCC1
D04467,CCCCCN(CCCCC)C(=O)N1CCN(C(=O)C(c2ccccc2)c2ccccc2)C(C(=O)O)C1
D04468,C#CCOc1cc(O)c2c(=O)cc(-c3ccccc3)oc2c1
D04469,CN(C)CC/C=C1/c2ccccc2Sc2ccc(Cl)cc21
D04470,CC(C)c1cc(C#N)cc2nc(-c3ccc(C(=O)NC[C@]4(C)CN(c5ccc(-c6ccccc6OC(F)(F)F)cn5)C(=O)O4)cc3)oc12
D04471,COc1cc(N2C(=O)N(c3ccc(-c4ccc(-c5cc(=O)[nH][nH]5)cc4)cc3)C(=O)C23CCN(Cc2ncccc2C)CC3)ncn1
D04472,C#C[C@]1(O)CC[C@H]2[C@@H]3CCC4=Cc5oncc5C[C@]4(C)[C@H]3CC[C@@]21C
D04473,NC(=O)c1cnc(N[C@@H]2CCCC[C@@H]2N)nc1Nc1cccc2cc[nH]c12
D04474,CCOc1ccccc1Cn1nc(COC(C)(C)C(=O)O)cc1-c1ccc2cnn(CC)c2c1
D04475,C[C@H](O)C(=O)N1CC[C@H](Oc2ccc(-c3ncnc(Nc4ccc(N5CCN(C6COC6)[C@@H](C)C5)cc4)n3)cc2C#N)[C@H](F)C1
D04476,O=C(O)c1ccc(Sc2ccc(CN3CCC(N4C(=O)N(C5CCOCC5)C[C@H]4c4ccccc4)CC3)cn2)cc1
D04477,COc1ccc2c(c1)C(=Cc1cnc[nH]1)C(=O)N2
D04478,Cc1nc(CC(=O)N2CCC(c3ccc4[nH]c(-c5cc(C(F)(F)F)c6ncnn6c5)c(C(C)C)c4c3)CC2)cs1
D04479,C1=C(CS/C(=N\C2CCCCC2)NC2CCCCC2)N2CCN=C2S1
D04480,CC1=C(C(=O)Nc2cc(Cl)c3[nH]ncc3c2)C(c2ccc(C(F)(F)F)cc2)CC(=O)N1
D04481,CC1(C)CC(=O)c2ccc(OCc3ccc(F)cc3)cc2O1
D04482,CS(=O)(=O)Nc1ccc(-c2coc3cc(C#CC4CN(C(=O)OC5CCCC5)C4)ccc3c2=O)cc1
D04483,CC(C)(C)c1cc(-c2nsc(NC#N)n2)cc(C(C)(C)C)c1O
D04484,CN(C)C(=O)n1nnc(Cc2ccc(-c3ccccc3)cc2)n1
D04485,CNC(=O)NC(C)C#Cc1cnc(Oc2ccc(OC(C)C)cc2)s1
D04486,COCc1cc(-c2[nH]c3ccc(C4CCN(CCS(C)(=O)=O)CC4)cc3c2C(C)C)cn2ncnc12
D04487,Cc1c(OCCN(C)CCCF)ncc(F)c1[C@@H]1c2[nH]c3ccccc3c2C[C@@H](C)N1C(C)CC(=O)O
D04488,CC[C@@H]1CCCCN1C(=O)c1cnc(Nc2ccc(C)nc2)c(Cl)c1
D04489,CN(C)C(=O)[C@@H](c1ccc(-c2ccc(F)cc2)cc1)[C@H]([NH3+])C(=O)N1CC(F)(F)C1
D04490,O=C([C@@H]1C[C@H](n2cc(-c3ccccn3)nn2)CN1C(=O)CCCc1ccccc1)N1CCCC1
D04491,Cc1nc(-c2ccc(F)cc2)c(-c2ccc3ncc(C(N)=O)n3c2)n1CC(F)F
D04492,Cc1ccccc1-n1nc(C)c(-c2cc(F)c3nccnc3c2)c1Nc1ccccc1C(=O)O
D04493,Nc1ncnc2c1c(-c1ccc(Oc3ccccc3)cc1)cn2C1CCCC1
D04494,CCNC[C@@H](O)[C@H](Cc1ccccc1)NC(=O)c1cc2c3c(c1)c(CC)cn3CCS(=O)(=O)N2C
D04495,O=C(O)Cn1c2c(c3cc(F)ccc31)CN(C(=O)Cc1cccc3ccccc13)CC2
D04496,CCCCN(CCCC)C(=O)[C@@H]1OC(C(=O)O)=C[C@H](N=C(N)N)[C@H]1NC(C)=O
D04497,CC(C)(C)OC(=O)N[C@@](C)(C(=O)N1CC[C@H]1C(=O)N[C@H](C=O)CCCN=C(N)N)c1ccccc1
D04498,Cn1ccnc1C(=O)N1CCC(c2ccc(C(=O)NC(=N)N)cc2C(F)(F)F)CC1
D04499,CN[C@@H](C)C(=O)N[C@H]1CN(C(=O)c2ccc(C(F)(F)F)cc2)c2ccccc2N(Cc2c(OC)ccc3cc(Br)ccc23)C1=O
D04500,COc1cc(Nc2ncnc(-c3ccc(OC4CCOCC4)c(C#N)c3)n2)ccc1N1CCN(C2COC2)CC1
D04501,FC(F)(F)c1ccccc1CCN1CCN(c2nc3ccsc3n3cccc23)CC1
D04502,CC1(C)OC(=O)N(c2ccc(-c3cnc(N)c(-c4ncccn4)c3)cc2)[C@H]1c1ccccc1
D04503,C=C(CC(NC(=O)c1ccc(C(CC)Cc2cnc3nc(N)nc(N)c3n2)cc1)C(=O)O)C(=O)O
D04504,OC[C@H]1O[C@@H](n2cnc3c(Nc4ccccc4)ncnc32)[C@H](O)[C@@H]1O
D04505,CS(=O)(=O)N1CC(c2noc([C@@H]3CCCN3C(=O)C[C@H](N)Cc3cc(F)c(F)cc3F)n2)C1
D04506,CCc1cccc(NC(=O)c2cc(Oc3cncnc3)cc(C)n2)n1
D04507,CC(C)Oc1cc2c(OC[C@@H]3CCC(=O)N3)nccc2cc1C(N)=O
D04508,CC1(C)OCCN(c2cccc(-c3cc(-c4ccnn4CC(F)(F)F)c4c(N)ncnn34)c2)C1=O
D04509,Cc1ncc(C(=O)NCCN2CCCC2(C)C)cc1NC(=O)c1cnn2cc(-c3cnn(C)c3)ccc12
D04510,Nc1nc(-c2[nH]c3ccc(Cl)cc3c2S(=O)(=O)c2ccccc2)cs1
D04511,COc1ccc(-c2c(-c3ccc(S(N)(=O)=O)cc3)ccc(F)c2F)cc1C
D04512,Cc1nc2ccccc2n1Cc1ccc(C(=O)NO)cc1F
D04513,O=C(Nc1ccc(-c2cnn[nH]2)cc1)c1c(O)[nH]c(=S)[nH]c1=O
D04514,N#Cc1cc(-c2ncnc(Nc3ccc(N4CCN(C5COC5)CC4)cc3)n2)ccc1O[C@H]1CCN(C(=O)c2cnc(N)[nH]2)C[C@H]1F
D04515,C[C@]12C[C@H](O)[C@H]3[C@@H](CCC4=CC(=O)C=C[C@@]43C)[C@@H]1CC[C@]2(O)C(=O)CO
D04516,O=C(O)COc1ccc(Br)cc1C(=O)c1cnn(-c2ccccc2)c1
D04517,O=C(O)CCCCC1(c2ccccc2)CCCN(C(=O)Nc2ccc(Cl)cc2)C1
D04518,NC1CCC(N[C@H]2C[C@@H]2c2cncs2)CC1
D04519,COC[C@]12C[C@H]1[C@@](C)(c1cc(/C=C(\F)c3cnc(C#N)cn3)ccc1F)N=C(N)S2
D04520,CCn1cc(-c2ccc([C@H](C)[C@H]([NH3+])C(=O)N3CC[C@H](F)C3)cc2)ccc1=O
D04521,Fc1cc(OC(F)(F)C(F)F)cc([C@@](Cc2ccccc2)(Nc2nc3ccc(F)cc3[nH]2)c2ccc(Cl)cn2)c1
D04522,O=C(O)CCc1c(/C=C2\C(=O)Nc3ccc(C(=O)O)cc32)[nH]c2c1CCCC2
D04523,N#Cc1cc(F)ccc1-c1ccc(CSc2nnc(-c3ccc4c(c3)OCCO4)o2)cc1
D04524,CCC(c1ncccn1)N1CCN(c2nc3c(c(=O)[nH]2)CCCN3C)CC1
D04525,Cc1c(Cc2nc3c(F)c(F)cc(F)c3s2)c2ccccc2n1CC(=O)O
D04526,CN[C@@H](C)C(=O)N[C@H](C(=O)N1C[C@@H]2C[C@H]1C(=O)N[C@@H](Cc1ccc3ccccc3c1)C(=O)N[C@H](C(=O)O)Cc1ccc(cc1)OCCCC[C@H]1C[C@@H](C(=O)N[C@@H](Cc3ccc4ccccc4c3)C(=O)N[C@H](NS(=O)(=O)C3CC3)Cc3ccc(cc3)OCc3cn2nn3)N(C(=O)[C@@H](NC(=O)[C@H](C)NC)C(C)(C)C)C1)C(C)(C)C
D04527,N#Cc1cc(-c2ncnc(Nc3ccc(N4CCN(C5COC5)CC4)cc3)n2)ccc1O[C@H]1CCN(C(=O)[C@@H]2C[C@@H](O)C(=O)N2)C[C@H]1F
D04528,COc1cc(Cc2cnc(N)nc2N)cc(C#Cc2ccc(C(=O)O)cc2)c1OC
D04529,COc1ccc(CN[C@H]2CC2c2ccccc2)c(C)c1
D04530,O=C(N[C@H]1CCC[C@@H]1OCc1ccccc1)C1CCN(c2nc3cc(Cl)ccc3o2)CC1
D04531,O=C1Nc2ccc(F)cc2/C1=C\c1ccc2cn[nH]c2c1
D04532,CO[C@H]1C[C@@H](n2c(=O)n(C)c3cnc4cc(F)c(-c5ccc(OCCCN(C)C)nc5)cc4c32)C1
D04533,COc1cccc(C(=O)Nc2ccc(OCCN3CCOCC3)c(-c3ccnn3C)c2)c1
D04534,O=C1CC[C@H](C(=O)Nc2ccc(-c3ccnc(Nc4ccc(N5CCOCC5)cc4)n3)cc2)N1
D04535,C[C@H](O)CNC(=O)c1cnccc1Nc1cc(-c2cc(Cl)ccc2F)ncc1N(C)C
D04536,N#CSC[C@@H]1C[C@](O)(c2ccccc2)[C@@H](c2ccccc2)[C@H](c2ccc(Br)cc2)O1
D04537,COc1ccccc1[C@@H]1OC[C@]2(C)[C@H](CC[C@]3(C)[C@H]4[C@@H](O)c5c(cc(-c6cccnc6)oc5=O)O[C@]4(C)[C@@H](OC(=O)c4ccc(C#N)cc4)C[C@H]32)O1
D04538,CC(=O)N1CCC(C(=O)N2C[C@H](c3ccc(F)cc3C)[C@@H](C(=O)N(C)Cc3cc(C(F)(F)F)cc(C(F)(F)F)c3)C2)CC1
D04539,O=S(=O)(Nc1ccc(CCNC[C@H](O)c2cccnc2)cc1)c1ccc(-c2nc(-c3ccc(C(F)(F)F)cc3)cs2)cc1
D04540,COC(=O)Nc1ccc(-c2cnc([C@@H]3C[C@H](N4CCN(S(C)(=O)=O)CC4)CN3C(=O)C3CCN(C(=N)N)CC3)[nH]2)cc1
D04541,Cn1cc(C(=O)N2C[C@@H](F)[C@@H](Oc3ccc(-c4ncnc(Nc5ccc(N6CCN(C7COC7)CC6)cc5)n4)cc3C#N)C(C)(C)C2)nn1
D04542,CNC(=O)[C@]12C[C@H]1[C@@](C)(c1cc(/C=C(\F)c3ccc(OC(F)(F)F)cn3)ccc1F)N=C(N)S2
D04543,Nc1ccc(-c2ccccc2)cc1NC(=O)c1cccnc1
D04544,CCOP(=O)(CNCc1ccc(C(=O)Nc2cc(-c3cccs3)ccc2N)cc1)OCC
D04545,CCN1CCN([C@H](C)C(=O)Nc2cccc3c(-c4nc(Nc5cn(C)nc5OC)ncc4C)c[nH]c23)CC1
D04546,CCC(C)(C)OC(=O)C(c1cc(C)cc(C)c1OCC(O)C[C@@H](O)CC(=O)[O-])C1CCCCC1
D04547,COc1ccc(-c2oc3c(CC=C(C)C)c(OCCO)cc(O)c3c(=O)c2OCCO)cc1
D04548,COCCOc1cc2nncc(Nc3ccc(Cl)cc3F)c2cc1OC
D04549,C[C@H](CCCCNC(=O)CS)[C@H]1CC[C@H]2/C(=C/C=C3C[C@@H](O)C[C@H](O)C3)CCC[C@@]21C
D04550,CNC(=O)c1cc(CCOc2ccc(NC(=O)Nc3cc(C(C)(C)C)nn3-c3ccc(C)cc3)c3ccccc23)ccn1
D04551,COCc1nn(C2CC2)c2c1[C@@H](c1ccc(Cl)cc1)N(c1cc(N)c3nnc(C)n3c1)C2=O
D04552,C#CCOc1cnc(/C(F)=C/c2ccc(F)c([C@@]3(C)N=C(N)S[C@@]4(C(=O)N5CCOCC5)C[C@H]43)c2)cn1
D04553,O=C1Nc2c(Cl)ccc(OCCO)c2C2(CCCCC2)N1
D04554,CC(C)c1c(Sc2ccccc2)[nH]c2nc(N)nc(N)c12
D04555,Cc1ccnc2c3c(nn12)CN([C@@H]1CO[C@H](c2cc(F)c(F)cc2F)[C@@H](N)C1)C3
D04556,Cc1nc(OCCCOc2cc(F)ccc2Br)sc1-c1nnn(CC(=O)O)n1
D04557,Cc1c(Cn2ccnc2)sc2cc(C(=O)O)ccc12
D04558,N=C(N)c1cccc(C(=O)N2Cc3ccccc3C[C@H]2C(=O)Nc2ccc(-c3ccccc3S(N)(=O)=O)cc2)c1
D04559,CC[C@H](NC)C(=O)N[C@H]1COc2ccccc2N(Cc2c(OC)ccc3cc(Br)ccc23)C1=O
D04560,Cc1cccc2c(C(=O)O)cc(-c3ccc(S(C)(=O)=O)cc3)nc12
D04561,COc1cc(Cc2cnc(N)nc2N)cc2c1N(C)CCC2C
D04562,N=C(N)c1ccc2cc(OC(=O)c3ccc(N=C(N)N)cc3)ccc2c1
D04563,COc1cc(-c2ccc(Cl)c(C)c2)c(F)cc1-n1c(=O)ccc2cc(S(=O)(=O)Nc3ccon3)ccc21
D04564,O=C(c1ccc(Cl)cc1-n1nccn1)N1CCOC[C@H]1Cc1cc(-n2nccn2)ccc1F
D04565,COc1ccc(N2Cc3cnc(Nc4ccccc4)nc3N([C@@H]3CC[C@@H](O)C3)C2=O)cc1
D04566,COc1ccc(-c2ccc3c(N4CCOCC4)nc(N4C[C@H](C)O[C@H](C)C4)nc3n2)cc1CO
D04567,C#CCOc1cnc(C(=O)Nc2ccc(Cl)c([C@@]3(C(F)F)N=C(N)O[C@@H]4C[C@@H]43)c2)cn1
D04568,CCCC(=O)n1nc(-c2ccco2)nc1SCc1ccccc1
D04569,O=C(CN1C(=O)C2(OCCCCO2)c2cc(Br)ccc21)NO
D04570,Cc1c(-c2[nH]c3ccc(C4CCN(C(=O)NCCCN)CC4)cc3c2C(C)C)cn2ncnc2c1C
D04571,C[C@@H](c1ccc(-c2cccc(-c3nnn[nH]3)c2)cc1)[C@H]([NH3+])C(=O)N1CC[C@H](F)C1
D04572,CC(C)Cc1cc(C(F)(F)F)cc(COCC2(c3ccc(F)cc3)CCN(C)CC2)n1
D04573,CCOC(=O)N1CC[C@H](N(Cc2cc(F)ccc2C)c2ccc(C#N)c(Cl)c2)C1
D04574,O=C1N=C(O)SC1=Cc1ccc2nccnc2c1
D04575,Clc1ccccc1-c1ncccc1CC(c1cccnc1)c1cccnc1
D04576,C[C@H]1CC[C@@H](c2nc(-c3ccc(C(=O)Nc4cc(C(F)(F)F)ccn4)cc3F)c3c(N)nccn23)CN1C(=O)C1CC1
D04577,C[C@@H](c1ccc(-c2ccc(=O)n(C)c2)cc1)[C@H]([NH3+])C(=O)N1CCSC1
D04578,CC[C@H](NC(=O)c1c(O)c(-c2ccccc2)nc2ccccc12)c1ccccc1
D04579,CCOC(=O)C1CNc2c(cc(Cc3cnc(N)nc3N)cc2OC)C1
D04580,CCn1cnc2c(Nc3cccc(Cl)c3)nc(N3CCC[C@@H]3CO)nc21
D04581,Cc1ccc(-n2nc(C(C)(C)C)cc2NC(=O)Nc2ccc(Oc3ccnc(Nc4ccc5c(cnn5C)c4)n3)c3ccccc23)cc1
D04582,Cc1ccc(C(=O)Nc2cccc(C(F)(F)F)c2)cc1-c1ccc2nc(NCCN3CCOCC3)ncc2c1
D04583,C=CC(=O)Nc1cc(Nc2nccc(-c3cn(C)c4ccccc34)n2)c(OC)cc1N(C)CCN(C)C
D04584,CCN(C)C(=O)Oc1cccc([C@H](C)N(C)C)c1
D04585,Nc1n[nH]c2nc(-c3ccc(NS(=O)(=O)c4cccc(Cl)c4Cl)cc3)cnc12
D04586,CN(C)C(=O)[C@@H](c1ccc(-c2ccc3ncnn3c2)cc1)[C@H](N)C(=O)N1CC[C@H](F)C1
D04587,C[C@]12CC[C@@H]3c4ccc(O)cc4C[C@@H](CCCCCCCCC[S+]([O-])CCCC(F)(F)C(F)(F)F)[C@H]3[C@@H]1CC[C@@H]2O
D04588,CC[C@H](C)[C@@H]1NC(=O)[C@@H](Cc2ccccc2)NC(=O)[C@@H]2CCCN2C(=O)[C@@H](Cc2cnc[nH]2)NC(=O)[C@@H]2CCCCN2C(=O)[C@H]2CCCCN2C1=O
D04589,CC(C)(O)CCc1ccc(OCc2cc(-c3cccc(OC(F)F)c3)c3ncccc3c2)cc1
D04590,Cn1nnc2ccc(-c3ccccc3Cl)c(CN)c21
D04591,N[C@@H](CC(=O)N1CCc2sc(-c3ccc(C(F)(F)F)cc3)nc2C1)Cc1cc(F)ccc1F
D04592,C[C@@]1(c2cc(NC(=O)c3nn(C(F)F)cc3Cl)cnc2F)C[C@@H](C(F)(F)F)OC(N)=N1
D04593,CCCCS(=O)(=O)N[C@H]1C[C@@H](N(C)c2ncnc3[nH]ccc23)C1
D04594,C#C[C@]1(O)CC[C@H]2[C@@H]3CCc4cc(O)ccc4[C@H]3CC[C@@]21C
D04595,C=CCc1ccc(-c2ccc(C(=O)NCC(C)C)cc2C(=O)O)c(C(=O)Nc2ccc(C(=N)N)cc2)c1
D04596,Cn1nc(NCC(=O)NC2CN([C@H]3CC[C@@H](c4nccs4)CC3)C2)c2cc(C(F)(F)F)ccc21
D04597,Cc1cccnc1CN1CCC2(CC1)C(=O)N(c1ccc(-n3cccn3)cc1)C(=O)N2c1cc(=O)[nH]cn1
D04598,CN[C@@H](C)C(=O)N[C@H]1CN(C(=O)c2ccc(N)cc2)c2ccccc2N(Cc2c(OC)ccc3cc(C(=O)OC)ccc23)C1=O
D04599,Cc1cc(Oc2ccccc2)nc(N2CCC3(CC2)CNCCO3)n1
D04600,COc1cc(C(=O)n2ccc(C)n2)cc(OC)c1OC
D04601,CNC(=O)c1ccc(Nc2nc(OC3CCCC3)c3c(-c4ccc5nc(C)oc5c4)c[nH]c3n2)c(OC)c1
D04602,CN(C)CCCOc1ccc(-c2ccc3ncc4c(c3c2)n(C2(C)CCOCC2)c(=O)n4C)cn1
D04603,COc1ccc(C(=O)/C=C/c2ccc(Cl)cc2)c(O)c1
D04604,CCNC(=O)N1CCC(Nc2nccc(-n3ccc4ccccc43)n2)CC1
D04605,Cc1cccc(C)c1NC(=O)c1ccc(-c2cc(Cl)ccc2Cl)o1
D04606,O=C1O[C@@](CCO)(c2ccccc2)CCN1c1cccc(-c2ccc(F)cc2F)c1
D04607,Cc1cc(-c2[nH]c3ccc(C4CCN(C(=O)CCN5CCOCC5)CC4)cc3c2C(C)C)cn2ncnc12
D04608,C[C@@]1(c2cc(NC(=O)c3ccc(Cl)cn3)ccc2F)CS(=O)(=O)C2(CC2)C(N)=N1
D04609,CC(C)(C)NC(=O)[C@@H]1C[C@@H]2CCCC[C@@H]2CN1C[C@@H](O)[C@H](Cc1ccccc1)NC(=O)[C@H](CC(N)=O)NC(=O)c1ccc2ccccc2n1
D04610,N#Cc1cccnc1N[C@@H]1CCN(C(=O)O[C@H]2C3CC4CC2C[C@](C(N)=O)(C4)C3)C1
D04611,CC/C(=C(\c1ccc(O)cc1)c1ccc(/C=C/C(=O)O)cc1)c1ccccc1
D04612,Cc1cc2c(cc1CCc1ccsc1S(=O)(=O)Nc1onc(C)c1Br)OCO2
D04613,N#CCNC(=O)[C@@H]1CCCC[C@H]1C(=O)N1CCCCC1
D04614,Cc1cccc(-c2c[nH]nn2)c1
D04615,O=C1NC(=S)SC1=Cc1ccc(-c2ccc(C(=O)O)cc2)o1
D04616,N#Cc1ccccc1Cn1c(N2CCC[C@@H](N)C2)nc2cccc(F)c2c1=O
D04617,Cc1nn(C)c(C)c1NS(=O)(=O)c1c(Cl)cc(-c2ccnc(N3CCNCC3)c2)cc1Cl
D04618,Cc1nnc(-c2ccc(C)c(-c3ccc4c(c3)NC(=O)C43CCOCC3)c2)[nH]1
D04619,O=C1C(=O)N(Cc2cccc(F)n2)c2ccc(S(=O)(=O)N3CC[C@H]3COc3ccccc3)cc21
D04620,COC[C@@H](O)C(=O)N1CC[C@H](Oc2ccc(-c3ncnc(Nc4ccc(N5CCN(C6COC6)CC5)cc4)n3)cc2C#N)[C@H](F)C1
D04621,CC/C(=C(\c1ccccc1)c1ccc(OCCN(C)C)cc1)c1ccc(O)cc1
D04622,c1ccc(Cc2nc3ccccc3n3cnnc23)cc1
D04623,Nc1nc2c(-c3cc(Br)c(Br)[nH]3)nccc2[nH]1
D04624,O=C(OCC#CCSc1nnc(-c2cccc3ccccc23)o1)c1cccs1
D04625,CCOc1ccc(-c2c(Cl)ncn2-c2ccc(S(N)(=O)=O)cc2)cc1Cl
D04626,N[C@@H](CCN(Cc1ccc(Cl)cc1)Cc1ccc(Cl)cc1)C(=O)N1CCCCC1
D04627,C[C@@]1(c2cc(CNCC3CC3)c(F)cc2F)CCSC(N)=N1
D04628,N#Cc1cc(-c2ncnc(Nc3ccc(N4CCN(C5COC5)CC4)cc3)n2)ccc1O[C@H]1CCN(C(=O)c2coc(=O)[nH]2)C[C@H]1F
D04629,N[C@H]1C[C@@H](N2Cc3cnc(C4CC4)nc3C2)CC[C@@H]1c1cc(F)c(F)cc1F
D04630,Cn1cc(-c2cnc3ccc4ccc(CS(=O)(=O)NCc5ccccn5)cc4c(=O)c3c2)cn1
D04631,Clc1cccc(-c2cnc3ccc(NC4CCOCC4)nn23)c1
D04632,NC1=N[C@@](c2cc(NC(=O)c3ccc(Br)cn3)ccc2Cl)(C(F)F)[C@H]2C[C@H]2O1
D04633,COc1cc(/C=C/C(=O)CC(=O)/C=C/c2ccc(O)c(OC)c2)ccc1O
D04634,O=c1c2cc(OCCCN3CCCCC3)ccc2nc2n1CCC2
D04635,Cc1c(C#N)c(=O)oc2cc(OCc3ccccc3Br)ccc12
D04636,COc1ccc(C(=O)Oc2ccc(S(=O)(=O)C3(C(=O)NO)CCC4(CCNCC4)C3)cc2)cc1
D04637,COc1cc(-c2nn([C@H]3CC[C@H](N4CCN(C)CC4)CC3)c3ncnc(N)c23)ccc1NC(=O)CC(C)(C)c1ccccc1
D04638,CC(C)(C)OC(=O)N1CC=C(C#Cc2ccccn2)CC1
D04639,CC(C)(C)CN(Cc1ccc(/C=C/CN2CCC(N3CCCCC3)CC2)cc1)c1ccnc(C#N)n1
D04640,CCCc1ccc(-c2nc(-c3ccc(CN4CC(C(=O)O)C4)cc3)no2)cc1
D04641,Fc1ccc(-c2cnn(Cc3cc[nH]n3)c2)cc1OC(F)F
D04642,CCN(C)C(=O)Oc1cc(OC(=O)N(C)CC)cc(C(O)CNC(C)(C)CC)c1.Cl
D04643,CC(C)CNC(=O)c1ccc(-c2ccc(O)cc2C(=O)Nc2ccc(C(=N)N)cc2)c(C(=O)O)c1
D04644,NC1CCN(C(=O)C[C@@H](Cc2ccccc2)C(=O)N[C@@H](Cc2cnc[nH]2)C(=O)N[C@@H](CC2CCCCC2)[C@@H](O)[C@@H](O)CCc2ccccn2)CC1
D04645,Cc1cccc(C(=O)N2CCOC[C@H]2Cc2cc(Cl)cc(-n3nccn3)c2)c1-n1nccn1
D04646,O=C(NO)C1(S(=O)(=O)c2ccc(OCc3ccc(OC(F)(F)F)cc3)cc2)CCC2(CCNCC2)C1
D04647,CC(C)(C)OC(=O)N[C@@H](C(=O)N1CCC[C@H]1C(=O)NC(C=O)CCCNC(=N)N)c1cccc2ccccc12
D04648,COc1cc(NC(=O)Nc2cccc(C)c2)ccc1-c1cnco1
D04649,N#C[C@@H]1CCCN1C(=O)[C@@H]([NH3+])CCC(=O)N1CCOCC1
D04650,CNc1nc(-c2ccc3c(N)n[nH]c3c2)cc(N2C[C@@H](C(=O)NC3CCCCC3)CC[C@H]2C)n1
D04651,COc1cnc(C(=O)Nc2ccc(F)c([C@]3(C)CSCC(N)=N3)c2)cn1
D04652,Cc1ccc(-c2nc[nH]c2C)cc1NC(=O)c1ccc(OCc2ccccn2)cc1
D04653,COc1ccc(Cn2ccc3c(Nc4cc(-c5ncccc5F)ncc4C(C)C)ccnc32)cc1
D04654,CN(C)CCCC(NC(=O)C1(N)CCN(c2ncnc3[nH]ccc23)CC1)c1ccc(Cl)cc1
D04655,CC(=O)N1N=C(c2ccc(O)cc2)CC1c1cccc(Cl)c1
D04656,COc1cc(-c2nn(C3CCN(C4CCOCC4)CC3)c3ncnc(N)c23)ccc1NC(=O)c1cc2ccccc2n1C
D04657,N=C(N)CCCSCC(CS)C(=O)O
D04658,O=C(NO)c1ccc(C(=O)NCc2ccccc2)cc1
D04659,CCN1CCC(Nc2ccc3c(c2)C(=C(c2ncc(C)[nH]2)c2ccccc2F)C(=O)N3)CC1
D04660,CN(C)CCCn1nc(-c2cnc3[nH]cc(C(=O)NC(C)(C)C)c3n2)c2cc(OC(F)F)ccc21
D04661,Cc1cc(Br)cc2c1OC(C(F)(F)F)C(C(=O)O)=C2
D04662,O=C1C(=O)N(Cc2cn(CCF)nn2)c2ccc(S(=O)(=O)N3CCC[C@H]3COc3ccccc3)cc21
D04663,CN1CCc2cccc3c2[C@H]1Cc1ccc(O)c(O)c1-3
D04664,NCC(=O)N1CCC[C@H]1B(O)O
D04665,CC(C)Oc1ccc(-c2cnc3c(-c4ccnc5ccccc45)cnn3c2)cc1
D04666,O=c1n(N=C2CCOc3ccc(Cl)cc32)cc(O)n1CCCCN1CCCCC1
D04667,Cc1ccc(NC(=O)c2cccc(C(F)(F)F)c2C)cc1C(=O)Nc1cnc(Nc2ccc(N3CCN(C)CC3)cc2)nc1
D04668,N#C[C@@H]1CCCN1C(=O)CNC(=O)c1ccnc2cc(Cl)ccc12
D04669,O[C@H]1CC[C@H](Nc2ccn3ncc(-c4cccc(C(F)(F)F)c4)c3n2)CC1
D04670,C[C@H](O)CC(=O)N1CCC(c2nc(-c3cnc(N)c(-c4nnc(C(C)(C)C)o4)n3)n(C)n2)CC1
D04671,Cc1cc(COc2ccc(S(=O)(=O)CC(C=C3CCOCC3)N(O)C=O)cc2)c2ccccc2n1
D04672,O=C(O)Cn1nnc(-c2cnc(N3CCC4(CC3)CN(c3cc(F)ccc3Cl)C4)s2)n1
D04673,CN1CCCC1CCn1cc(C2=C(c3c[nH]c4ccccc34)C(=O)NC2=O)c2ccccc21
D04674,COc1cc(N2CCN(C(=O)CO)CC2)ccc1Nc1ncc(Cl)c(-c2cnc3ccccn23)n1
D04675,N[C@H]1C[C@@H](N2Cc3nn4c(C(F)(F)F)ccnc4c3C2)CC[C@@H]1c1cc(F)c(F)cc1F
D04676,Nc1nccc(-c2c[nH]c3cnccc23)n1
D04677,O=C(Nc1cccc(NC(=O)c2cccc(N3CCOCC3)c2)c1)c1cccc(OC2CCN(CC3CC3)CC2)c1
D04678,COc1cc(NC(=O)Cc2nc(N3CCOCC3)cc(=O)[nH]2)ccc1F
D04679,Cc1nc(N2CC[C@@H](O)C2)ncc1-c1cc(C(F)(F)F)cc2[nH]ncc12
D04680,C[C@@]1(c2cc(NC(=O)c3ccc(Cl)cn3)ccc2F)CC2(CCC2)OC(N)=N1
D04681,CCOc1ccc(CCC(=O)c2c(O)cc(O)c([C@@H]3O[C@H](CO)[C@@H](O)[C@H](O)[C@H]3O)c2O)cc1
D04682,CN(c1ccccc1)C1CCN(c2nc3ccccc3n2Cc2ccc(F)cc2)CC1
D04683,CC(=O)C1=NN2c3cc(F)ccc3OC[C@H]2[C@@]1(CCCO)c1ccccc1
D04684,Cc1cccc(-c2nn3c(c2-c2ccc4ncn(CCCN5CCCCC5)c4c2)CCC3)n1
D04685,CCNC(CS(C)(=O)=O)c1ccc(-c2ccc3ncnc(Nc4ccc(OCc5cccc(F)c5)c(Cl)c4)c3c2)o1
D04686,O=C(NCC(=O)N1CCC[C@H]1B(O)O)c1ccnc2ccccc12
D04687,COCCN(Cc1nc2c(c(=O)[nH]1)COCC2)C(=O)CN1CCC(C(=O)c2ccc(OC)cc2)CC1
D04688,Cc1cc(N2C(=O)c3c(c(CO)nn3C3CC3)C2c2ccc(Cl)cc2)cn2c(C)nnc12
D04689,COc1cnc(C(=O)Nc2ccc3c(c2)C2(CCOC(N)=N2)c2cc(C4CC4)nc(F)c2O3)cn1
D04690,Cc1cc(O)cc(C)c1C[C@H](N)C(=O)N1Cc2ccccc2C[C@H]1C(=O)O
D04691,CCCS(=O)(=O)N1CCC(CNC(=O)c2ccc(Cl)cc2Cl)(CC2CCCCO2)CC1
D04692,O=C(NO)[C@@H]1CC2(CN1S(=O)(=O)c1ccccc1)OCCCO2
D04693,CC(C)C[C@H](NC(=O)[C@H](Cc1c(F)c(F)c(F)c(F)c1F)NC(=O)c1cnccn1)B1OC2C[C@@H]3C[C@@H](C3(C)C)[C@]2(C)O1
D04694,O=c1[nH]c2cc(-c3ccc(Cl)cc3)ccc2c2nc(-c3c(F)cccc3Cl)[nH]c12
D04695,N[C@@H](CC(=O)N1CCN(C(c2ccc(F)cc2)c2ccc(F)cc2)CC1)C(=O)N1Cc2ccc(F)cc2C1
D04696,C[C@H](NCc1ccc(OCc2cccc(F)c2)cc1)C(N)=O
D04697,O=C(NO)[C@@H]1C[C@@H](O)CN1S(=O)(=O)c1ccccc1
D04698,COc1cc(-c2nn(C3CCN(C4CCOCC4)CC3)c3ncnc(N)c23)ccc1NC(=O)c1cc2cc(Cl)ccc2n1C
D04699,Cc1c(Cl)c(=O)oc2cc(OCc3ccc(Br)cc3)ccc12
D04700,COc1cc(C)[nH]c(=O)c1CN1CCc2c(Cl)cc([C@H](OC)C3COC3)c(Cl)c2C1=O
D04701,N[C@@H](CC(=O)N1CCC[C@H]1c1noc(C2CC2)n1)Cc1cc(F)c(F)cc1F
D04702,O=P(O)(O)C(F)(F)c1ccc(CC(CCCc2ccccc2)(c2ccccc2)n2nnc3ccccc32)cc1
D04703,C[C@@H](Oc1nc(-c2ccc3c(cnn3C)c2)cc2nn(C)cc12)[C@H]1CNC(=O)C1
D04704,Cc1ccc(-c2ncc(Cl)cc2-c2ccc(S(C)(=O)=O)cc2)cn1
D04705,Cc1[nH]c(/C=C2\C(=O)Nc3ccc(F)cc32)c(C)c1C(=O)NCCn1ccnn1
D04706,CCc1cc(CN2C[C@H](N)[C@H](C(=O)C3CCC[C@H]3C#N)C2)cc(CC)c1C#N
D04707,COCCCCC1(CNC(=O)[C@@H]2CNC[C@H](NS(=O)(=O)c3ccc(C)cc3)C2)c2ccccc2Oc2ccccc21
D04708,NC(=O)Nc1nnc2c3cc(-c4ccccc4)c(-c4ccc(CN5CCC(c6nnc(-c7ccccn7)[nH]6)CC5)cc4)nc3ccn12
D04709,Cc1nc(OCC(F)(F)F)cnc1C(=O)Nc1cc(F)c(F)c([C@]2(C)C[C@@H](C(F)(F)F)OC(N)=N2)c1
D04710,COc1ccc2c(c1)[C@]1(C[C@H]1c1ccc3c(/C=C/c4ccc(CN5C[C@H](C)O[C@H](C)C5)cc4)n[nH]c3c1)C(=O)N2
D04711,CCCCCN(CCCCC)C(=O)[C@@H](CCC(=O)O)NC(=O)c1ccc(Cl)c(Cl)c1
D04712,N=C(N)c1cccc(OCCNC(=O)c2ccc(-c3ccccc3S(N)(=O)=O)cc2)c1
D04713,C[C@H](O)C(=O)N1CC[C@H](N(Cc2ccccc2C(F)(F)F)c2ccc(C#N)c(Cl)c2)C1
D04714,Cc1cc(N2C(=O)c3c(c(CO)nn3C3CC3)[C@H]2c2ccc(Cl)cc2)cn2c(C)nnc12
D04715,Cc1cc(C#N)cnc1C(=O)Nc1ccc(F)c([C@@]2(CF)N=C(N)O[C@@H]3C[C@@H]32)c1
D04716,CN1C2CCC1[C@@H](c1nnc(-c3ccccc3)s1)C(c1ccc(Cl)cc1)C2
D04717,CC(=O)N1CC[C@H](Oc2ccc(-c3ncnc(Nc4ccc(S(C)(=N)=O)cc4)n3)cc2C#N)C(F)(F)C1
D04718,Cc1sc2nc(N)[nH]c(=O)c2c1Sc1ccc2ccccc2c1
D04719,C[C@H](OCCCCCN1C[C@H](O)[C@@H](O)[C@H](O)[C@H]1CO)c1ccc(-c2ccccc2)cc1
D04720,C#C[C@]1(O)CC[C@H]2[C@@H]3CCC4=CC(=O)CC[C@@H]4[C@H]3CC[C@@]21CC
D04721,COc1ccc(OC)c(S(=O)(=O)N2CCC(N(C/C=C/c3cccc(C(=N)N)c3)S(=O)(=O)CC(=O)O)CC2)c1
D04722,CCCc1nc(C)c2c(=O)nc(-c3cc(S(=O)(=O)N4CCN(CC)CC4)ccc3OCC)[nH]n12
D04723,O=C(O)c1cccc(-c2ccc(C(=O)C(F)(F)F)s2)c1
D04724,CN[C@@H](C)C(=O)N[C@H]1CN(C(=O)CCC[N+](=O)[O-])c2ccccc2N(Cc2c(OC)ccc3cc(Br)ccc23)C1=O
D04725,C[C@H]1CN(c2cc(-c3n[nH]c4ccc(OC5(C)CC5)cc34)ncn2)C[C@@H](C)O1
D04726,Cc1nsc(-c2nnc3n2CCN(C(=O)c2ccccc2)[C@@H]3C)n1
D04727,NCCc1ccc(O)c(O)c1
D04728,O=c1[nH]cc(O)[nH]1
D04729,COc1cc(Nc2ncc(-c3ccc4ccccc4n3)c(N[C@@H]3C[C@H](CO)[C@@H](O)[C@H]3O)n2)ccn1
D04730,CC(C)Oc1cc(-n2cnc3cnc(N[C@@H](C)c4ncc(F)cn4)nc32)n[nH]1
D04731,CCCCNc1ncc(C(=O)Nc2ccc(S(=O)(=O)N3CCOCC3)cc2)c(NC2CCOCC2)n1
D04732,CNC(=O)c1ccc(Oc2ccc(S(=O)(=O)[C@]3(C(=O)NO)CCC4(CCNCC4)C3)cc2)cc1
D04733,O=C(Nc1cccc(O)c1C(=O)O)c1ccc(Br)c(Oc2ccccc2)c1
D04734,Cc1noc(NS(=O)(=O)c2ccsc2C(=O)Nc2cccc(C(=O)O)c2)c1Br
D04735,Cc1cc(C(=O)O)ccc1-c1ccc(N2C(=O)N(c3cc(=O)[nH]cn3)C3(CCN(Cc4ncccc4C)CC3)C2=O)cn1
D04736,CN1C(=O)Cn2c1nc1nc(N3CCC[C@@H](N)C3)n(Cc3ccccc3C#N)c1c2=O
D04737,C[C@H](NC(=O)c1c(CN2CCC(N3CCCCC3)CC2)c(-c2cccc(C(F)(F)F)c2)nc2ccccc12)c1ccccc1
D04738,Cc1cc(C)c(-n2nccn2)c(C(=O)N2CCOC[C@H]2Cc2cccc(-n3nccn3)c2)c1
D04739,[NH3+][C@H]1CN(c2cccnn2)CC[C@@H]1c1cc(F)c(F)cc1F
D04740,C[C@@]1(c2cc(NC(=O)c3ccc(F)cn3)ccc2F)CC2(CCOCC2)OC(N)=N1
D04741,Cc1ccc(-c2ccc(NC(=O)C3=C(O)c4ccccc4S(=O)(=O)N3)cc2)cc1
D04742,CC(=O)C1CCC(NC(=O)Nc2ccc(OC(F)(F)F)cc2)CC1
D04743,Cn1ncnc1[C@H]1c2n[nH]c(=O)c3cc(F)cc(c23)N[C@@H]1c1ccc(F)cc1
D04744,Cc1ccc(NC(=O)c2cc3cc(C)ccc3oc2=O)cc1
D04745,Cc1nsc(N2CCC3(CCN(C[C@H](O)c4ccc5c(c4C)COC5=O)CC3)C2=O)n1
D04746,CCS(=O)(=O)c1ccc2nc(-c3ccc(F)c(-c4ccccc4)c3)[nH]c2c1
D04747,COc1cnc(C(=O)Nc2ccc3c(c2)C2(CCSC(N)=N2)c2cc(C4=CCOCC4)ncc2O3)cn1
D04748,O=C(S[C@@H]1C[C@@H](COCc2cc(F)c(F)cc2F)N(C(=O)Oc2cccc3c2OCCO3)C1)c1ccccc1
D04749,Cc1cc(C)cc(NC(=O)c2cncc(-c3ccc(C#N)cc3)c2)c1
D04750,C#CCNC[C@@H](O)[C@H](Cc1ccccc1)NC(=O)c1cc2c3c(c1)c(CC)cn3CCS(=O)(=O)N2C
D04751,OCC1CCN(c2nccnc2Oc2ccc(Nc3nc4ccccc4s3)cc2)CC1
D04752,O=C(Nc1ccc2c(c1)C(=O)N(CCC1CCN(Cc3ccccc3)CC1)C2=O)c1ccccc1
D04753,COc1cc2c(cc1OC(C)C)[C@H](c1ccc(Cl)cc1)N(c1ccc([C@H](C)N3CCN(C(C)=O)CC3)cc1)C(=O)C2
D04754,Cn1c(CNc2cccc(C(=O)NCc3ccccc3C(F)(F)F)c2)nnc1-c1ccncc1
D04755,O=C1CC[C@@]2(O)[C@H]3Cc4ccc(O)c5c4[C@@]2(CCN3CC2CC2)[C@H]1O5
D04756,NC(=O)c1cnc2ccc(-c3c(-c4ccc(F)cc4)ncn3CCCF)cn12
D04757,CCOC(=O)c1c(C)[nH]c2c(=O)n(C)cc(C#Cc3ccccc3OC(F)(F)F)c12
D04758,Cc1nn(C2CCCCC2)c2sc(C(=O)Nc3ccc(S(=O)(=O)N4CCC(O)CC4)cc3)cc12
D04759,Cc1c(-c2[nH]c3ccc(C4CCN(C(=O)CCN5CCNC(=O)C5)CC4)cc3c2C(C)C)cn2ncnc2c1C
D04760,O=CN(O)C(CS(=O)(=O)c1ccc(Oc2ccc(OC(F)(F)F)cc2)cc1)c1ccccn1
D04761,O=C(Cc1nc(N2CCOCC2)cc(=O)[nH]1)N1CCc2c(Cl)cccc21
D04762,COc1ccc(C2=C(c3ccc(S(C)(=O)=O)cc3)CC3(CC3)C2)cc1F
D04763,Cn1nc(C2CCN(C(=O)CC(=O)O)CC2)nc1-c1cnc(N)c(-c2nnc(C(C)(C)C)o2)n1
D04764,Cc1cc(OC(F)F)cnc1C(=O)Nc1ccc(F)c([C@]2(C)CS(=O)(=O)C(C)(C)C(N)=N2)c1
D04765,Cn1cc(Cl)c2c(F)c(C(=O)N3C[C@@H](C4CCN(S(C)(=O)=O)CC4)C[C@H]3C(=O)Nc3ccc(C(=O)O)cc3)ccc21
D04766,CC(=O)N1C2CCC1CN(C(=O)c1ccc(Nc3ncc4cc(C(=O)N(C)C)n(C5CCCC5)c4n3)nc1)C2
D04767,C[C@H]1NCCC[C@@H]1Nc1ncc(C(N)=O)c2sc(-c3ccccc3)cc12
D04768,CC#CCOc1cnc(/C(F)=C/c2cnc(F)c([C@@]3(C)N=C(N)S[C@@]4(C(=O)N(C)C)C[C@H]43)c2)cn1
D04769,C[C@@]1(c2cc(NC(=O)c3nn(C(F)F)cc3Cl)cc(F)c2F)C[C@@H](C(F)(F)F)OC(N)=N1
D04770,CC[C@@H]1NC(=O)[C@@H](NC(=O)[C@@H](N)Cc2ccc(O)cc2)C(C)(C)SSC(C)(C)[C@@H](C(O)O)NC(=O)[C@H](Cc2ccccc2)NC1=O
D04771,COc1cnc(C(=O)Nc2ccc3c(c2)C2(CCSC(N)=N2)c2cc(C4=CCCOC4)ncc2O3)cn1
D04772,O=C1NN=C2CCCc3[nH]c4cccc1c4c32
D04773,C[C@]1(c2cc(/C=C(\F)c3ccc(C#N)cn3)ccc2F)N=C(N)S[C@@]2(C(=O)N3CCOCC3)C[C@H]21
D04774,Cc1cc(Oc2cncnc2)cc(C(=O)Nc2ccc(Cl)cn2)n1
D04775,CN(C)C(=O)c1cccc(S(=O)(=O)N2CCc3ccccc3C2)c1
D04776,COc1cc(C2=C(c3c[nH]c4ccc(I)cc34)C(=O)NC2=O)cc(OC)c1OC
D04777,CCCCCCSc1nc(-c2ccc(C)cc2)nn1C(=O)N(C)c1ccccc1
D04778,Cc1noc(NS(=O)(=O)c2ccccc2Br)c1Br
D04779,CS(=O)(=O)c1ccc(-n2cc(COc3ccc(Cl)cc3)nc2-c2ccc(Cl)cc2)cc1
D04780,CC(=O)[C@H]1CSSC[C@H](C(=O)N2CCC[C@H]2C(=O)CN2CCC[C@H]2C(=O)CN[C@@H](CCCCN)C(=O)CN[C@@H](CC(=O)O)C(N)=O)NC(=O)[C@@H](Cc2c[nH]c3ccccc23)NC(=O)[C@H](CCCN=C(N)N)NC(=O)[C@H](Cc2ccccc2)NC(=O)[C@H](Cc2c[nH]cn2)NC(=O)[C@@H](CCC(=O)O)NC1=O
D04781,COc1cc(OC)cc(-c2cc3cnc(N(CCCOCc4ccccc4)C(C)=O)cc3nc2NC(=O)NC(C)(C)C)c1
D04782,C[C@@]1(C(=O)Nc2ccc(F)nc2)CCCN1c1nc(Nc2cc(C3CC3)[nH]n2)c2cccn2n1
D04783,COc1cc2c(cc1OC(C)C)[C@H](c1ccc(Cl)cc1)N(c1ccc([C@H](C)N3CCN(C(C)=O)CC3=O)cc1)C(=O)C2
D04784,CCCCC1C(=O)N(C[C@H]2CC[C@H](OCC)CC2)CCC12CCN(C1(C)CCN(C(=O)c3c(C)ncnc3C)CC1)CC2
D04785,CC(C)[C@@H](NC(=O)NCC(C)(C)O)C(=O)N1CC[C@](O)(c2ccc(Cl)cc2)C(C)(C)C1
D04786,CCCC[C@H](NC(=O)O[C@H](Cc1nnc(-c2ccccc2)o1)C(C)(C)C)C(=O)C(=O)N[C@H](C)c1ccccc1
D04787,NC1=NC2(CCS1)c1cc(NC(=O)c3ncc(Cl)cc3F)ccc1Oc1c2cc(C2=CCOCC2)nc1F
D04788,COCCCS(=O)(=O)c1ccc(-c2ccc(CCN3CCC[C@H]3C)cc2)cc1
D04789,CCCC[C@H](NC(=O)O[C@H](Cn1cnc(-c2ccc(C(F)(F)F)cc2)c1)C(C)(C)C)C(=O)C(=O)Nc1nccs1
D04790,COc1ccccc1CC(c1ccccc1)N1CCNCC1
D04791,O=C(NCCNC(=O)c1ccc(-c2ccccc2)cc1)c1ccc(O[C@H]2C3CC4CC2C[C@](C(=O)O)(C4)C3)cc1
D04792,COC(=O)c1ccc(-c2nccnc2OC2CN(c3ccc4ccccc4n3)C2)cc1
D04793,COc1cc(CC(C)N)c(OC)cc1I
D04794,CN1CCN([C@H]2CC[C@@H](n3cc(-c4ccc(Oc5ccccc5)cc4)c4c(N)ncnc43)CC2)CC1
D04795,O=c1[nH]c(N2CCN(Cc3ccncc3)CC2)nc2c1CCCC2
D04796,CC(C)NC(=O)c1ccc(Nc2ncnc(-c3ccc(OC4CCOCC4)c(C#N)c3)n2)cc1
D04797,CN1CCC(COCc2cc(C(F)(F)F)cc(Cl)n2)(c2ccc(Cl)cc2)CC1
D04798,NC1=N[C@@](c2cc(NC(=O)c3cnc(C#CC4CC4)cn3)ccc2F)(C(F)F)[C@H]2C[C@H]2O1
D04799,CC1(C)C(N)=N[C@](CF)(c2cc(NC(=O)c3cnc(OCC4CC4)cn3)ccc2F)CS1(=O)=O
D04800,COc1cc2c(Nc3ccc(Cl)c(Cl)c3F)ncnc2cc1OC[C@@H]1CN2CCC[C@H]2C(=O)N1
D04801,Cc1ccc(C#Cc2ccc(S(=O)(=O)NC(CC#Cc3ccccc3)C(=O)O)cc2)cc1
D04802,Cc1c(-c2[nH]c3ccc(C4CCN(C(=O)N5CCN(C)C(=O)C5)CC4)cc3c2C(C)C)cn2ncnc2c1C
D04803,Cc1nc(N2CCC[C@@H](N)C2)n(Cc2ccccc2C#N)c(=O)c1-c1ccoc1
D04804,CCCNC(=O)CN1CCC(c2ccc3[nH]c(-c4cc(C)c5ncnn5c4)c(C(C)C)c3c2)CC1
D04805,CCCNc1ncc(-c2cc(-c3c(Cl)cc(OC)cc3Cl)nc(-c3cnccn3)n2)s1
D04806,CCC(=O)NC(C)C#Cc1cnc(Oc2ccc(OC(C)C)cc2)s1
D04807,O=C(Nc1ncnc2oc(-c3cccnc3)cc12)C1CCCC1
D04808,O=c1cc(-c2[nH]c(-c3ccc(-c4cn(CCP(=O)([O-])[O-])nn4)cc3)nc2-c2ccc(F)cc2)cc[nH]1
D04809,C[C@]1(c2cc(/C=C(\F)c3ccc(C#N)cn3)ccc2F)N=C(N)S[C@@]2(C(=O)N3CCC(C(F)(F)F)CC3)C[C@H]21
D04810,COc1cc2c(cc1Nc1ncc(Cl)c(Nc3ccc(N4CCOCC4)cc3OC)n1)CCN(CC(=O)N(C)C)CC2
D04811,COc1cc(OC(C)C)cc(S(=O)(=O)c2ccc3c(c2)O[C@H]2CNCC[C@@H]32)c1
D04812,COc1ccc2c(c1)c(CC(=O)O)cn2C(=O)c1ccc(Cl)cc1
D04813,CNS(=O)(=O)Nc1nccc(Cc2c(C)c3ccc(Oc4ncccn4)cc3oc2=O)c1F
D04814,CCN1CCN(Cc2ccc(NC(=O)CNc3ccc(-c4ccc(NC(=O)C5CC5)nc4)cc3)cc2C(F)(F)F)CC1
D04815,CSc1ccc(CN2C(=O)C(=O)c3cc(S(=O)(=O)N4CC[C@H]4COc4ccccc4)ccc32)cc1
D04816,N#C[C@@]1(NC(=O)[C@@H](N)Cc2cccs2)C[C@@H]1c1ccccc1
D04817,C[C@H]1CCC[C@H](C)N1S(=O)(=O)c1ccc(N2CCCC2=O)cc1
D04818,NCCc1c[nH]c2ccc(C(N)=O)cc12
D04819,CC(C)(C)c1ccc(-n2c(C(=O)O)c(Oc3cccc(C(F)(F)F)c3)c3cc(Oc4cc(C(F)(F)F)c[nH]4)ccc32)cc1
D04820,O=C(CCCCCCc1ccccc1)c1ncc(-c2ccc(CBr)cn2)o1
D04821,O=c1cc(-c2ccc(O)c(O)c2)oc2c(O)c(O)ccc12
D04822,Cc1nc(-c2ccc(F)cc2)c(-c2ccc3[nH]ncc3c2)n1CC(F)F
D04823,COc1cc(Nc2cnc(C#N)c(O[C@@H]3CCN(C)C3)n2)ncc1-c1cnn(C)c1
D04824,CC(C)(C)COc1cccc(-c2cc(COC(C)(C)C(=O)O)nn2-c2ccccc2N2CCC2)c1
D04825,Cc1cc(OC(F)F)cnc1C(=O)Nc1csc([C@]23CO[C@@H](C)C[C@H]2CSC(N)=N3)n1
D04826,CC(C)Nc1cc(C(=O)N[C@@H](Cc2ccccc2)[C@H](O)CNCc2cccc(C(F)(F)F)c2)cc(N2CCCCS2(=O)=O)c1
D04827,COc1cc(C(F)(F)F)ccc1-c1cccc2cc(S(=O)(=O)Nc3ccncn3)ccc12
D04828,N#CC1CCCCN1C(=O)[C@@H](N)CCNCc1ccccc1
D04829,COc1cccc(OC)c1C1CCCC(=O)N1Cc1ccc2ccccc2n1
D04830,CC(C)(C)n1nc(-c2ccc(Cl)cc2)c2c(N)ncnc21
D04831,COc1ccccc1-n1nc2c(c1C(C)C)C(c1ccc(Cl)cn1)N(c1cc(Cl)ccc1C)C2=O
D04832,Cc1nnc(-c2c(C)csc2NC(=O)CN2C(=O)CCc3ccccc32)[nH]1
D04833,Cc1ccc(CN2[C@H]3CC[C@@H]2C[C@@H](Oc2cccc(C(N)=O)c2)C3)o1
D04834,COc1cc(C(F)(F)F)ccc1-c1ncnc2cc(S(=O)(=O)Nc3nccs3)ccc12
D04835,C=C(C)c1cc(Cl)cnc1C(=O)Nc1ccc(F)c([C@]2(C)CS(=O)(=O)C(C)(C)C(N)=N2)c1
D04836,CCN1CCC(n2cc(C3=C(c4cn(C)c5ccccc45)C(=O)NC3=O)c3ccccc32)CC1
D04837,NC1=NC(c2ccncc2)(c2cccc(-c3cncnc3)c2)c2ccccc21
D04838,COc1ccc(CN[C@H]2CC2c2ccccc2)cc1OC
D04839,C#CC[NH2+]Cc1cc2cc(OCc3ccccc3)ccc2[nH]1
D04840,CCCCN(c1cccc(-c2ccc(C)cc2)c1C)S(=O)(=O)c1ccc(OC(C)C(=O)O)c(C)c1C
D04841,O=C(N1CCOCC1)N1CCN(c2ccc(Br)cc2)CC1
D04842,O=c1cc(N2CCOCC2)oc2c(-c3cccc4c3sc3ccccc34)cccc12
D04843,C[C@@H](c1ccc(-c2cccc(C(=O)O)c2)cc1)[C@H]([NH3+])C(=O)N1CC[C@H](F)C1
D04844,Cc1cc(Cl)ccc1C1c2c(nn(CCc3c[nH]cn3)c2C(C)C)C(=O)N1c1cccc(Cl)c1F
D04845,NC(=O)c1nc(-c2cccc(-c3ccccc3OC(F)(F)F)c2)cs1
D04846,NC[C@H](O)c1ccc(O)c(O)c1
D04847,Cc1cc(-c2cc(C(F)(F)F)nn2-c2ccc(S(C)(=O)=O)cn2)ccc1-c1ncco1
D04848,O=C(Nc1cncc(Oc2cncnc2)n1)c1cc(Cl)ccn1
D04849,C[C@@H](CN1CCC(n2c(=O)[nH]c3c(F)cccc32)CC1)NC(=O)c1ccc2ccccc2c1
D04850,O=C(O)c1ccnc(-n2nc(COc3ccccc3)cc2O)c1
D04851,COc1cc2nccc(Oc3ccc(NC(=O)c4cc(-c5cccnc5)cn(-c5ccccc5)c4=O)nc3)c2cc1OC
D04852,Cc1cc2c(NC(=O)N[C@@H]3CC(CF)(CF)Oc4ccc(F)cc43)cccc2cn1
D04853,CC[C@H](C(=O)Nc1cccc2c(-c3ccnc(Nc4cn(C)nc4OC)n3)c[nH]c12)N1CCN(C)CC1
D04854,N#C[C@@H]1C[C@@H]2C[C@@H]2N1C(=O)[C@@H](N)C12CC3CC(CC(O)(C3)C1)C2
D04855,CCCCN1C(=O)[C@@H]([C@@H](O)C2CCCCC2)NC(=O)C12CCN(Cc1ccc(Oc3ccc(C(=O)O)cc3)cc1)CC2
D04856,COc1cc(F)c(-c2nc3c(NCC4CCNCC4)c(Cl)cnc3[nH]2)cc1OC
D04857,Cc1cnc(-c2ccc([C@H](C)N3CC[C@](CC(C)(C)O)(c4ccccc4)OC3=O)cc2)cn1
D04858,COc1cc2c(Nc3ccc(Cl)c(Cl)c3)ncnc2cc1OC1CCCC1
D04859,Cc1cc(C2=NCCCN2)cc2[nH]c(-c3c(NCC(O)c4cccc(Cl)c4)cc[nH]c3=O)nc12
D04860,CN(C)C(=O)c1cc2cnc(Nc3ccc(C(=O)N4CCN5CCC[C@@H]5C4)cn3)nc2n1C1CCCC1
D04861,OC[C@@H]1[C@@H](O)[C@H](O)[C@@H](O)CN1CCCCCOCc1ccc(-c2ccccc2)c(C(F)(F)F)c1
D04862,O=P(O)(O)C(O)(Cc1cnc[nH]1)P(=O)(O)O
D04863,O=C(Cc1nc(N2CCOCC2)cc(=O)[nH]1)Nc1cccc(Cl)c1
D04864,Cc1nc2ccc(-c3[nH]c4ccc(C5CCN(C(=O)CC(C)(C)O)CC5)cc4c3C(C)C)cn2n1
D04865,N#Cc1ccc2c(ccc(=O)n2CC(=O)Nc2scc(Br)c2-c2nnc[nH]2)c1
D04866,CC(=O)N1N=C(c2ccc(O)cc2)CC1c1ccccc1Cl
D04867,COc1cc(O)c2c(c1)CCCCCC(=O)C=CC[C@H](C)OC2=O
D04868,Cn1cncc1-c1cccc(C2(NC(=O)C[C@H](N)Cc3ccccc3F)CCS(=O)(=O)CC2)c1
D04869,CC(C)Oc1cc(Nc2cncc(N[C@@H](C)c3ccc(F)cn3)n2)[nH]n1
D04870,CCOCCC1(Oc2ccc(Oc3ccc(-c4nnco4)cc3)cc2)C(=O)NC(=O)C(N)C1=O
D04871,COc1ccc(-c2nnc(C(=O)N3CC(Oc4ccc(CN(C)C)cc4)C3)o2)cc1
D04872,Cc1nnc(C(C)C)n1C1CC2CCC(C1)N2CC[C@H](NC(=O)C1CCC(F)(F)CC1)c1ccsc1
D04873,CCN(CC)Cc1ccc(OCCCCN2CC[C@@]34C=C[C@H](O)C[C@@H]3Oc3c(OC)ccc(c34)C2)cc1
D04874,CCN(C(=O)Cc1ccc(S(C)(=O)=O)cc1)C1CCN(CC[C@@H](c2cc(F)cc(F)c2)C2CCN(S(C)(=O)=O)CC2)CC1
D04875,CC(C)[C@@H]1NC(=O)[C@H]2CCCCCSSCCCCC[C@H](NC(=O)[C@H]3CCCN3C1=O)C(=O)N2
D04876,C#CCN(C)[C@H](C)Cc1ccc(OCCCNc2c3c(nc4ccccc24)CCCC3)cc1
D04877,Cc1cc(CNc2nccc(Nc3cc(CCc4ccccc4)n[nH]3)n2)on1
D04878,Cc1cccc(-c2ccc(Cc3nnn(C(=O)N(C)C)n3)cc2)c1
D04879,Cc1ccc(-n2nc(C(C)(C)C)cc2NC(=O)Nc2ccc(Oc3ccnc(Nc4ccccc4)n3)c3ccccc23)cc1
D04880,OB(O)c1cccc(C(F)(F)F)c1
D04881,CCc1oc2ccccc2c1C(=O)c1cc(Br)c(O)c(Br)c1
D04882,O=C1NN=C2CC(c3ccccc3)Cc3[nH]c4cccc1c4c32
D04883,CC(C)c1cc(NC(=O)Nc2ccc(Oc3ccnc(Nc4ccc5[nH]ncc5c4)n3)c3ccccc23)n(-c2cccc(OCCN3CCOCC3)c2)n1
D04884,CS(=O)(=O)C=Cc1ccc(-c2cnc(C(=O)CCCCCCc3ccccc3)o2)nc1
D04885,CCn1cc(-c2ccc([C@H](C)N3CC[C@](CC(C)(C)O)(c4ccccc4)OC3=O)cc2)cc(C)c1=O
D04886,COc1cnc(C(=O)Nc2ccc(Cl)c([C@@]3(C(F)F)N=C(N)O[C@@H]4C[C@@H]43)c2)c(C)c1
D04887,CC(C)(C)OC(=O)NC(C(=O)N1CCC[C@H]1C(=O)NC(C=O)CCCNC(=N)N)c1cccc(C(F)(F)F)c1
D04888,O=C1Nc2ccccc2[C@]12C[C@H]2c1ccc2c(/C=C/c3ccncc3)n[nH]c2c1
D04889,CCCN1C[C@H](CSC)C[C@@H]2c3cccc4[nH]cc(c34)C[C@H]21
D04890,Nc1ccc(-c2ccccc2)cc1NC(=O)c1ccc(CNC(=O)OCc2ccccc2)cc1
D04891,COc1ccc(CCN2CCC(Nc3nc4ccccc4n3Cc3ccc(F)cc3)CC2)cc1
D04892,CC1(C)N=C(N)N=C(N)N1c1ccc(OCc2ccc(-c3ccccc3)cc2)cc1
D04893,CN[C@@H](C)C(=O)N[C@H]1CN(C(=O)c2ccc3[nH]ccc3c2)c2ccccc2N(Cc2c(C)ccc3ccccc23)C1=O
D04894,CN1CCN(C(=O)c2cccc(-c3cc(Cl)c4c(c3)C3(CCCCC3)NC(=O)N4)c2)CC1
D04895,COc1cc(N)c(Cl)cc1C(=O)NC1CCN(CCCOc2ccc(F)cc2)CC1OC
D04896,N[C@@H]1CCN(c2ccc(Cl)c(Cl)c2)c2ccccc21
D04897,N#Cc1ccc(-c2ccc(C[C@@H](C#N)NC(=O)[C@@H]3C[C@@H](O)CCN3)cc2)cc1
D04898,CC(=O)c1ccc(OCc2ccc(Cl)cc2)cc1F
D04899,Cn1nccc1-c1cc(Cl)ccc1Oc1ccc(S(=O)(=O)Nc2ncns2)cc1F
D04900,N[C@@H](CC(=O)N1CCC[C@H]1c1nc(N2CCOCC2)no1)Cc1cc(F)c(F)cc1F
D04901,COc1cnc(C(=O)Nc2ccc3c(c2)C2(CCOC(N)=N2)c2cc(-c4cncc(F)c4)nc(F)c2O3)cn1
D04902,Cn1nccc1[C@]1(CNC(=O)c2cc3cc(Cl)ccc3o2)NC(=O)NC1=O
D04903,CC(C)C[C@H](NC(=O)[C@H]1O[C@@H]1C(=O)O)C(=O)NCCCCN=C(N)N
D04904,O=C(O)c1cccc(NCCOc2ccc3cc2COC/C=C/COCc2cccc(c2)-c2ccnc(n2)N3)c1
D04905,[N-]=[N+]=Nc1ccc(-c2cc(C(=O)O)c3cccc(C(=O)c4ccccc4)c3n2)cc1
D04906,CNCc1ccc(C(=O)Nc2ccc(Cl)cc2C(=O)Nc2ccc(Cl)cn2)cc1
D04907,C[C@@H](c1ccc(-c2ccc(=O)n(C)n2)cc1)N1CC[C@](CC(C)(C)O)(c2ccccc2)OC1=O
D04908,OC[C@@H]1[C@@H](O)[C@H](O)[C@@H](O)CN1CCCCCOCc1ccccc1-c1ccccc1
D04909,CC(C)(Cc1ccccn1)N1C(=O)c2ccccc2C1C(=O)NCc1ccc(OC(F)(F)F)cc1
D04910,Cn1cc(C2=C(c3cn(C4CCN(CC5CC5)CC4)c4ccccc34)C(=O)NC2=O)c2ccccc21
D04911,Cc1cccc(C)c1-c1noc(C)c1CC(=O)NCc1cccc(OCCOCC(F)(F)F)n1
D04912,NC(=O)C1CCCN([C@H]2CC[C@H]([C@H](N)Cc3cc(F)ccc3F)CC2)C1
D04913,CN(C)[C@@H]1C(=O)C(C(N)=O)C(=O)[C@@]2(O)C(=O)C3C(=O)c4c(O)cccc4[C@@](C)(O)[C@H]3C[C@@H]12
D04914,N#C[C@@]1(NC(=O)C([NH3+])Cc2sccc2F)C[C@@H]1c1ccccc1
D04915,O=S(=O)(c1ccc(Cl)cc1)[C@@]12CCC[C@@]3(CCOC3)[C@@H]1COc1c(F)ccc(F)c12
D04916,Cc1cc(Cl)ccc1C1c2c(nn(Cc3cscn3)c2C(C)C)C(=O)N1c1cccc(Cl)c1F
D04917,C[C@]1(c2cc(/C=C(\F)c3cnc(C#N)cn3)ccc2F)N=C(N)S[C@@]2(C(=O)N3CC[C@@H](F)C3)C[C@H]21
D04918,CN[C@@H](C)C(=O)N[C@@H]1C(=O)N(Cc2c(OC)ccc3c(Br)cccc23)c2ccccc2OC12CCOCC2
D04919,CS(=O)(=O)Nc1ccc(-c2coc3cc(C#CC4CN(C(=O)C5CC5(F)F)C4)ccc3c2=O)cc1
D04920,CCN(CC)CCN(Cc1ccc(-c2ccc(Cl)cc2)cc1)C(=O)Cn1cc(C)c(=O)nc1SCc1ccc(F)cc1
D04921,COc1cc(-c2[nH]c3ccc(C4CCN(CC(=O)NCC(C)(C)O)CC4)cc3c2C(C)C)cn2ncnc12
D04922,CN(C)C(=O)N1CCC(Oc2nc(-c3cccc4[nH]ncc34)nc(N3CCOCC3)n2)CC1
D04923,COc1ccc(-c2[nH]nc3ncnc(Nc4cccc(Cl)c4)c23)cc1
D04924,COc1cnc2c(Nc3ccc(F)c([C@]4(C)CS(=O)(=O)C(C)(C)C(N)=N4)c3)nccc2c1
D04925,O=c1n(Cc2ccncc2)nc(-c2ccnc(NC3CCCCC3)c2)n1-c1ccc2ccccc2c1
D04926,O=C1c2cc(F)ccc2-n2c1nc1ccccc1c2=O
D04927,O=C(O[C@@H]1CCC[C@H]1Oc1ccc(O)cc1)c1cc(O)c(C(=O)c2c(O)cccc2C(=O)O)c(O)c1
D04928,O=C(O)c1cccc(S(=O)(=O)N2CCc3ccc(F)cc3C2)c1
D04929,Cc1ccc(Oc2cncc3sc(C(N)=O)cc23)cc1
D04930,CC(C)CNc1nc(C#N)nc(N2CCNCC2)c1N
D04931,Cc1[nH]c(/C=C2\C(=O)Nc3ccc(F)cc32)c(C)c1NC(=O)[C@H]1CCCN1.Cl
D04932,CNc1nccc(-c2cccnc2Oc2ccc(F)c(C(=O)Nc3cc(C(F)(F)F)ccc3N3CCCCC3)c2)n1
D04933,Cc1ccc(Oc2ccc(Nc3ncnc4cccc(O[C@H](C)C(=O)N(C)CCO)c34)cc2C)cn1
D04934,N[C@H]1Cn2c(nc3cnccc32)C[C@@H]1c1cc(F)c(F)cc1F
D04935,C[C@@H](c1ccc(-c2cn(C)c(=O)cc2F)cc1)[C@H]([NH3+])C(=O)N1CC[C@H](F)C1
D04936,CCCCCCCCc1ccc(Oc2ccccc2)c(O)c1
D04937,O=C(O)c1cncc(C2=C(c3cc(C(F)(F)F)ccc3OCc3ccccc3)CCC2)c1
D04938,[NH3+][C@H]1C[n+]2c([nH]c3ccncc32)C[C@@H]1c1cc(F)c(F)cc1F
D04939,C=C(CNN)c1ccc(F)cc1
D04940,O=C1NC(=O)N(C2CCN(C(=O)c3ccc(Cl)c(C(F)(F)F)c3)CC2)C1Cc1ccc(OS(=O)(=O)c2cccc3cnccc23)cc1
D04941,CN[C@@H](C)C(=O)N[C@H]1CCc2ccccc2N(Cc2c(C)cnc3ccccc23)C1=O
D04942,CN(C)C(=O)c1cc2cnc(Nc3ccc(N4C[C@@]5(CCCNCC5)OC4=O)cn3)nc2n1C1CCCC1
D04943,CC(C)[C@@H](Nc1ccc(CNC(=O)[C@@H]2SCCN2C(=O)C[C@H](N)Cc2cc(F)c(F)cc2F)cc1)C(=O)O
D04944,CC(C)(C)OC(=O)N[C@@H]1CCN(C(=O)O[C@H]2C3CC4CC2C[C@](C(N)=O)(C4)C3)C1
D04945,O=c1[nH]c([C@@H]2CCCN2)nc2c1oc1ccc(Cl)cc12
D04946,CCCS(=O)(=O)N1CCC(CNC(=O)c2ccccc2Cl)(c2cccc(C)n2)CC1
D04947,Cc1nc(Nc2ncc3cc(C(=O)N(C)C)n(C4CCCC4)c3n2)ccc1C(=O)N1CC2CCC(C1)N2
D04948,Cc1nc(C2CCCCC2)c(-c2ccc(S(N)(=O)=O)cc2)o1
D04949,Nc1c2c(nc3c1C(c1ccc(F)cc1)c1c(c4ccccc4oc1=O)O3)CCCC2
D04950,Cn1cc(-c2cnc3ccc4ccc(NS(C)(=O)=O)cc4c(=O)c3c2)cn1
D04951,NC1=NC2(CCO1)c1cc(NC(=O)c3ccc(Cl)cn3)ccc1Oc1c2cc(C2CC2)nc1F
D04952,Cc1cccc(Oc2cc(C)nc(N3CCC4(CC3)CNCCO4)n2)c1
D04953,C=C1CCC(C(CS(=O)(=O)c2ccc(OCc3cc(C)nc4ccccc34)cc2)N(O)C=O)CC1
D04954,CCCCN(c1cccc(-c2ccc(C(F)(F)F)cc2)c1C)S(=O)(=O)c1ccc(OC(C)C(=O)O)c(C)c1C
D04955,CCN1CCC(Nc2ccc3c(c2)C(=C(c2cccc(F)c2)c2ncc(C)[nH]2)C(=O)N3)CC1
D04956,O=C(Nc1ccc(F)cn1)c1cc(Oc2cncc(F)c2)cn2ccnc12
D04957,CS(=O)(=O)c1ccc2nc(-c3ccc(-c4ccccc4F)cc3)[nH]c2c1
D04958,CN(C)C(=O)n1nnnc1Cc1ccc(-c2ccc(O)cc2)cc1
D04959,CCN1C[C@H]2C[C@@H](COc3cc4ncnc(Nc5ccc(Cl)c(Cl)c5F)c4cc3OC)C[C@H]2C1
D04960,Cc1nc2c(C)cc(-c3[nH]c4ccc(C5CCN(C(=O)CC(C)(C)O)CC5)cc4c3CC(F)F)cn2n1
D04961,Cc1cnc(C(=O)c2ncnc3[nH]ccc23)c(NS(=O)(=O)c2ccc(Cl)c(C(F)(F)F)c2)c1
D04962,NC1CCN(Cc2ccc(C(=O)Nc3ccc(Cl)cc3C(=O)Nc3ccc(Cl)cn3)cc2)CC1
D04963,Cc1cc(-c2ccc(CC(C#N)NC(=O)[C@H]3N[C@@H]4CC[C@H]3C4)c(F)c2)n[nH]1
D04964,Cc1nn(C2CCN(C(=O)CO)CC2)c(C)c1Nc1ncc(Cl)c(-c2cnn3ccccc23)n1
D04965,COc1ccc(OC(C)(C)C2OCC(C/C=C\CCC(=O)O)C(c3cccnc3)O2)cc1
D04966,C[C@@]12CN(C(=O)Nc3ccnn3-c3ccccc3)CCN1C(=O)N([C@H]1C[C@@H]1c1ccccc1)C2=O
D04967,C#Cc1cnc(Nc2ccc(F)c([C@]3(C)CS(=O)(=O)C(C)(C)C(N)=N3)c2)c2ncc(Cl)cc12
D04968,C[C@@H](c1ccc(-c2ccc(=O)n(C3CC3)c2)cc1)N1CC[C@](CC(C)(C)O)(c2ccccc2)OC1=O
D04969,CCCCNNC(=O)c1ccc(Br)cc1
D04970,O=C(NCc1ccc2c(c1)[nH]c(=O)n2-c1cc(Cl)c(O)cc1O)Nc1ccccc1
D04971,O=C(CCSCc1nc2ccccc2c(=O)[nH]1)N1CCC(c2nnc(-c3ccc(F)cc3)o2)CC1
D04972,c1nc(N[C@H]2CC[C@H](N3CCOCC3)CC2)c2c(C3CCOCC3)c[nH]c2n1
D04973,CCn1cc(-c2ccnc3[nH]c(-c4cccc(CN(C)C)c4)cc23)c(-c2ccc(NC(=O)N(C)C)cc2)n1
D04974,COc1cc(-c2nn([C@H]3CC[C@H](N4CCN(C(C)=O)CC4)CC3)c3ncnc(N)c23)ccc1NC(=O)c1cc2ccccc2n1C
D04975,CN[C@@H](C)C(=O)N[C@H]1CN(C(=O)CS(C)(=O)=O)c2ccc(C#N)cc2N(Cc2c(C)ccc3ccccc23)C1=O
D04976,COc1ccc(C[C@@H]2COCCN2C(=O)c2ccc(C)cc2-n2nccn2)cc1-c1ncon1
D04977,Cc1occc1-c1nc(N)c(OC[C@@H](N)Cc2c(C#N)[nH]c3ccccc23)cc1-c1cnc2[nH]nc(C)c2n1
D04978,Cc1nn(C2CCN(C(=O)[C@@H](C)O)CC2)c(C)c1Nc1ncc(Cl)c(-c2cnn3ccccc23)n1
D04979,CC(C)N(CCC(=O)c1ccc2ccccc2c1)Cc1ccccc1
D04980,CCOc1ccc(-c2cc(-c3ccccc3)c(-c3ccc(S(C)(=O)=O)cc3)c(=O)o2)cc1
D04981,CC1(C)C(N)=N[C@](C)(c2cc(Nc3ncc(CO)c4cc(Cl)cnc34)ccc2F)CS1(=O)=O
D04982,O=S1(=O)CCC(CCNc2cc(F)c(S(=O)(=O)Nc3nccs3)cc2Cl)CC1
D04983,CCc1cn2c3c(cc(C(=O)N[C@@H](Cc4ccccc4)[C@H](O)CNC)cc13)N(C)S(=O)(=O)CC2
D04984,CCn1nnc2c(N3CCCC3=O)cc(C(=O)N[C@@H](Cc3ccccc3)[C@H](O)CNCc3cccc(C(F)(F)F)c3)cc21
D04985,C[C@]1(c2cc(/C=C(\F)c3ccc(C#N)cn3)ccc2F)N=C(N)S[C@@]2(C(=O)N3CCNC(=O)CC3)C[C@H]21
D04986,CC(/C=C1\SC(=S)N(CC(=O)O)C1=O)=C\c1ccccc1
D04987,CNc1ncnc(-c2cccnc2Oc2cc(NC(=O)c3cccc(-n4cccc4)c3)ccc2C)n1
D04988,COC(=O)c1cccc(-c2ccc(Cc3nnn(C(=O)N(C)C)n3)cc2)c1
D04989,CC(C)(Cc1c[nH]c2ccccc12)NCC(O)COc1ccccc1C#N
D04990,N#C[C@@H]1CCCN1C(=O)[C@@H]1CN(Cc2cnc3ccccc3c2)C[C@@H]1N
D04991,COc1cc(N2C(=O)c3c(C4CC4)nn(C)c3[C@H]2c2ccc(Cl)cc2)cn2c(C)nnc12
D04992,Cc1cc(NC(=O)c2ccc(F)cn2)cc([C@]2(CF)C[C@@H](C(F)(F)F)OC(N)=N2)c1F
D04993,CN1CCN(C(=O)[C@@H](COCc2ccccc2)NC(=O)c2cccnc2Oc2ccc(C(F)(F)F)cc2Cl)CC1
D04994,COc1cc(NC(=O)c2cccc(-n3cc(NC(=O)Nc4cccc(C)c4)cn3)c2)cc(OC)c1OC
D04995,Cc1cc(SCc2ccc(OCc3ccc(C(F)(F)F)cc3)cc2)ccc1OCC(=O)O
D04996,CCCCCCc1ccc(Oc2ccc(N)cc2)c(O)c1
D04997,CCCCNC(=O)[C@H](C)C[C@H](O)[C@@H]1CSCCCCCSC[C@H](NC(=O)OC(C)(C)C)C(=O)N[C@@H](C)C(=O)N1
D04998,CCCCSCC(=O)C(F)(F)F
D04999,C/C(=N\NC(=O)c1cncc(S(C)(=O)=O)c1)c1cc(Cl)ccc1O
D05000,CCCCc1nn(-c2ccccc2C(F)(F)F)c(C(=O)O)c1Cc1ccc(-c2ccccc2-c2nnn[nH]2)cc1
D05001,NC1=N[C@@]2(c3cc(CNCC(F)(F)F)c(F)cc3F)CO[C@@H](CF)C[C@H]2CS1
D05002,CC(C)(C(=O)N[C@H]1C2C[C@@H]3C[C@H]1C[C@@](CC(N)=O)(C2)C3)c1ccc(N2CCOCC2)nc1
D05003,CCCOCCc1cc(-c2ccc(S(C)(=O)=O)cc2)n(-c2ccc(F)c(F)c2)c1C
D05004,CC(=O)Nc1ccc2[nH]cc(C[C@H](NC(=O)c3ccc4c(c3)nc(-c3ccoc3)n4C3CCCCC3)C(=O)O)c2c1
D05005,Cc1[nH]c([C@@H](Cc2cn(C)c3ccccc23)NC(=O)[C@H](CC(C)C)OC(=O)NC2CCCCC2)nc1C(=O)O
D05006,CNC(=O)N1CCc2c(c(Nc3cc(C#N)c(-c4cnn(C)c4)cc3F)nn2C2CCOCC2)C1
D05007,C#CCNC1CCc2c(OC(=O)N(C)CC)cccc21
D05008,CNc1nccc2c1c1ncnc(N3CCN(CCc4ccc(F)c(F)c4)CC3)c1n2C
D05009,COCCCn1c(Cc2csc(Nc3cccc(Cl)c3)n2)nnc1SCC(=O)OC1CCCCC1
D05010,CC1CCN(C(=O)[C@]23C[C@H]2[C@@](C)(c2cc(/C=C(\F)c4ccc(C#N)cn4)ccc2F)N=C(N)S3)CC1
D05011,CN[C@@H](C)C(=O)N[C@@H]1C(=O)N(Cc2nn(C)c3ccccc23)c2ccccc2N(C(=O)CS(C)(=O)=O)[C@H]1C
D05012,CCCCn1cc(C2(c3cccc(-c4cncnc4)c3)N=C(N)N(C)C2=O)cn1
D05013,CC[C@@H](CO)n1cnc(-c2ccc(F)cc2)c1-c1ccc2ncc(C(N)=O)n2n1
D05014,C[C@@H](c1ccc(-c2cc(F)c(=O)n(C)c2)cc1)[C@H]([NH3+])C(=O)N1CC[C@H](F)C1
D05015,O=C(NCc1ccccc1OC(F)(F)F)N1CCC(Oc2ncccn2)CC1
D05016,CN(C)C(=O)c1cc2cnc(Nc3ccc(N4CCC5(CCCN5)C4=O)cn3)nc2n1C1CCCOC1
D05017,O=C(CCc1ccccc1)NCCC[C@H](NS(=O)(=O)c1ccc(-c2ccc(Br)cc2)cc1)C(=O)O
D05018,CC(=O)N1CCC(C(=O)N2C[C@H](c3ccc(F)cc3C)[C@@H](C(=O)N(C)C(C)(C)c3cc(C(F)(F)F)cc(C(F)(F)F)c3)C2)CC1
D05019,COc1cccc2c1Cc1c-2n[nH]c1Nc1ccccc1
D05020,CC[C@@H]1[C@H](C(=O)O)[C@H]1C(N)(CC1c2ccccc2Oc2ccccc21)C(=O)O
D05021,Cl.N[C@@H]1C[C@H]1c1ccc(NC(=O)c2ccc(-c3ccoc3)cc2)cc1
D05022,CS(=O)(=O)c1ccc2nc3n(c2c1)C[C@H]([NH3+])[C@@H](c1cc(F)c(F)cc1F)C3
D05023,COc1cc(C=C2SC(O)=NC2=O)ccc1Oc1ccc(C#N)cc1C(F)(F)F
D05024,COc1cc(C(=O)NCCO)ccc1-c1cc(C(F)(F)F)cc2[nH]ncc12
D05025,COc1cccc2c(/C=C/C(=O)Nc3cccc(/C=C/c4ccc5ccc(Cl)cc5n4)c3)c(C(=O)O)[nH]c12
D05026,O=C1N=C(O)SC1=Cc1ccc(Br)cc1
D05027,COc1ccc2c(c1)C[C@H](C(=O)Nc1ccc(-c3cn[nH]c3)cc1OCCN(C)C)NC2
D05028,C[C@@H]1CC[C@H](N)CN1c1ccncc1Nc1ncc2ccc(-c3c(F)cccc3F)nn12
D05029,O=C(O)c1cccc(-c2nc(C(=O)CCCCCCc3ccccc3)no2)n1
D05030,O=C(CC1CCN(Cc2ccn(-c3ccc(C(F)(F)F)cc3)c2)CC1)NC(c1ccc(F)cc1)c1ccc[n+]([O-])c1
D05031,COc1cc(O)c(S(=O)(=O)N2c3ccccc3CCC2C)cc1NC(=O)CCC(=O)O
D05032,O=P(O)(O)O[C@H]1[C@@H](O)[C@@H](OP(=O)(O)O)[C@H](O)[C@@H](OP(=O)(O)O)[C@@H]1OP(=O)(O)O
D05033,OC[C@H]1[C@@H](O)[C@H](O)[C@@H](O)CN1CCCCCOCc1ccc2ccccc2c1
D05034,CC(C)(Oc1ccc(Cl)cc1)C(=O)N[C@H]1C2C[C@@H]3C[C@@H]1C[C@@](C(=O)NCc1ccc(-c4nnn[nH]4)cc1)(C2)C3
D05035,N#Cc1cc(-c2ncnc(Nc3ccc(N4CCN(C5COC5)CC4)c(F)c3)n2)ccc1O[C@H]1CCN(C(=O)C2CCC(=O)N2)C[C@H]1F
D05036,O=C(O)c1cccc(-c2cnc(C(=O)CCc3ccc(COc4ccccc4)cc3)o2)n1
D05037,O=C(Nc1cccc(F)c1)c1ccc2cc(Br)c(C(F)(F)P(=O)(O)O)cc2n1
D05038,CNC[C@@H](O)[C@H](c1ccccc1)N1CC(C)(C)c2cccc(F)c21
D05039,CSc1ccccc1N1C(=O)c2cccc(O)c2C1=O
D05040,C[C@]1(c2cc(/C=C(\F)c3ccc(Cl)cn3)ccc2F)N=C(N)S[C@@]2(CC#N)C[C@@H]12
D05041,COc1cccc2c1nc(N)n1nc(CN3CCN(c4ccccc4)C[C@H]3C)nc21
D05042,OC(Cn1cncn1)(Cn1cncn1)c1ccc(F)cc1F
D05043,CC12CCCC(/C=C/C(=O)NS(=O)(=O)c3cc(F)c(F)cc3F)=C1N(Cc1ccc(F)c(F)c1)C(=O)C2
D05044,Cc1ccc(NC(=O)c2ccc(CN3CCN(C)CC3)cc2)cc1-c1ccc(-c2csc(N)n2)cc1
D05045,CN1C(=O)C(c2ccsc2)(c2ccc(F)c(-c3cccnc3)c2)N=C1N
D05046,O=C(Nc1ccc(Cl)cc1)N1CCCC(CCO)(c2ccccc2)C1
D05047,COc1cc(-c2ccccc2)ccc1C(C)C#Cc1c(C)nc(N)nc1N
D05048,Nc1ccccc1NC(=O)/C=C/c1cccc(-c2ccc3ncnc(Nc4ccc(OCc5cccc(F)c5)c(Cl)c4)c3c2)c1
D05049,CC(C)c1c(-c2ccc3ncnn3c2)[nH]c2ccc(C3CCN(C(=O)CS(C)(=O)=O)CC3)cc12
D05050,C/C=C\C(C)(C)C[C@H]1[C@H](C(=O)O)[C@@H](c2ccc3c(c2)OCO3)CN1CC(=O)N(CCCC)CCCC
D05051,Cc1cc(Nc2cncc(N[C@@H](C)c3ncc(F)cn3)n2)[nH]n1
D05052,Cl.N[C@@H]1C[C@H]1c1ccc(NC(=O)c2ccc(NC(=O)OCc3ccccc3)c(N3CCOCC3)c2)cc1
D05053,COc1ccc(S(=O)(=O)N(CC(=O)NO)Cc2cccc(C(=O)O)c2)cc1
D05054,CC(C)c1nc(N2CCN(c3ncc(OCc4ccncc4C#N)cn3)[C@H](C)C2)no1
D05055,CC(=O)N[C@@H](CC(=O)O)C(=O)N[C@H]1CCC[C@H]2SC[C@@H](C(=O)N[C@H]3CC(=O)OC3O)N2C1=O
D05056,COc1cncc(-c2ccc3c(c2)CCC(=O)C3)c1
D05057,CCCS(=O)(=O)N1CCN(C2(CNC(=O)c3ccccc3C(F)(F)F)CCCCC2)CC1
D05058,C/C=C1\NC(=O)[C@H]2CSSCC/C=C/[C@H](CC(=O)N[C@H](C(C)C)C(=O)N2)OC(=O)[C@H](C(C)C)NC1=O
D05059,CCOc1ccc(Cc2ccc(CC)cc2)cc1[C@@H]1C[C@H](CO)[C@@H](O)[C@H](O)[C@H]1O
D05060,COCCCc1cc(CN(C(=O)[C@H]2CNCC[C@@H]2c2ccn(C)c(=O)c2)C2CC2)cc(Br)c1C
D05061,CS(=O)(=O)Nc1ccc([N+](=O)[O-])cc1Oc1ccccc1
D05062,Cc1nn(-c2ccnn2C)c2c1[C@@H](c1ccc(Cl)cc1)N(c1cc(C)c3nnc(C)n3c1)C2=O
D05063,CN[C@@H](C)C(=O)N[C@H]1CN(C(=O)c2ccncc2)c2cc(C#N)ccc2N(Cc2nn(-c3ccccc3C#N)c3ccccc23)C1=O
D05064,CN(C)C(=O)c1ccc(Oc2nc(-c3cccc4[nH]ncc34)nc(N3CCOCC3)n2)cc1
D05065,CS(=O)(=O)N1CC[C@H](N(Cc2ccccc2Br)c2ccc(C#N)c(Cl)c2)C1
D05066,COc1cc2ncnc(Oc3ccc4c(C(N)=O)cccc4c3)c2cc1OC
D05067,COc1ccc2c3c1O[C@H]1C[C@@H](O)C=C[C@@]31CCN(CCCCCCCCCCOc1ccc(CN3CCCCC3)cc1)C2
D05068,CC(C)c1cccc(Oc2c(C(=O)O)n(-c3ccc(C(C)(C)C)cc3)c3cc(Cl)ccc23)c1
D05069,COc1cccc(C(=O)C2CCN(CC(=O)N(Cc3nc4c(c(=O)[nH]3)COCC4)CC(F)F)CC2)c1
D05070,Cc1cccc2c(CN(C)C(=O)/C=C/c3cnc4c(c3)CCC(=O)N4)c(C)n(C)c12
D05071,CCNCc1ccc(Cl)c(CN(C(=O)[C@H]2CNCC[C@@H]2c2ccc(OCCOc3c(Cl)cc(C)cc3Cl)cc2)C2CC2)c1
D05072,COc1ccc(Cn2nc(COC(C)(C)C(=O)O)cc2-c2cccc(OCC(C)C)c2)cc1
D05073,CC1(C)C(N)=N[C@](C)(c2cc(NC(=O)c3ccc(C#N)cn3)ccc2F)CS1(=O)=O
D05074,CCCc1cn(CC(=O)N(CCN(CC)CC)Cc2ccc(-c3ccc(C(F)(F)F)cc3)cc2)c(SCc2ccc(F)cc2)nc1=O
D05075,COc1ccc(-n2nc(C(C)C)cc2NC(=O)Nc2ccc(Oc3ccnc(Nc4ccc(C(=O)NCCN5CCOCC5)cc4OC)n3)c3ccccc23)cc1
D05076,CN1CCN(c2cc(-c3cc4c(cn3)c3[nH]ncc3c(=O)n4CC(F)(F)F)ccn2)CC1
D05077,C=C1[C@H]2C[C@H](O)[C@H]3[C@]4(C)CCC[C@@](C)(NC(=O)Nc5ccccc5)[C@H]4CC[C@]3(C2)[C@@H]1O
D05078,O=C(O)c1cn(C2CC2)c2cc(N3CCNCC3)c(F)cc2c1=O
D05079,C[C@]1(c2cc(/C=C(\F)c3ccc(C#N)cn3)ccc2F)N=C(N)S[C@@]2(C(=O)N3CC[C@@H](O)C3)C[C@H]21
D05080,C[C@@H](NC(=O)Cc1ccc(C2CC2)cc1)c1ccc(OCC(F)(F)F)cn1
D05081,c1ccc(CN2CCN(c3nc4ccsc4n4cccc34)CC2)cc1
D05082,CC(C)c1c(-c2cc(Cl)c3ncnn3c2)[nH]c2ccc(C3CCN(C(=O)C[C@H](C)O)CC3)cc12
D05083,CC(=O)O[C@]1(C(C)=O)CC[C@H]2[C@@H]3C=C(Cl)C4=CC(=O)[C@@H]5C[C@@H]5[C@]4(C)[C@H]3CC[C@@]21C
D05084,c1coc(-c2nc3ccccc3nc2-c2ccco2)c1
D05085,Brc1ccc2c(c1)CC/C2=C\c1cccnc1
D05086,CC(C)(OCc1cc(-c2ccc(F)cc2)n(Cc2ccccc2Cl)n1)C(=O)O
D05087,N#Cc1ccccc1Cn1c(N2CCC[C@@H](N)C2)ncc(/C=C/c2ccc(F)cc2)c1=O
D05088,CN(C)CCCN1c2ccccc2CCc2ccccc21
D05089,O=C(Oc1ccc(Oc2ccc(C(F)(F)F)cn2)cc1)N1CCCC1
D05090,NC(=O)c1cnc2ccc(-c3c(-c4ccc(F)cc4)ncn3C3CCC(F)(F)C3)nn12
D05091,CN(C)S(=O)(=O)Nc1ccc2ccc3ncc(-c4cnn(C)c4)cc3c(=O)c2c1
D05092,CCC(=O)N(c1ccccc1)C1(COC)CCN(CCn2nnn(CC)c2=O)CC1
D05093,CN1CCC(Oc2ccc(-c3cnc4c(-c5cccc6ncccc56)cnn4c3)nc2)CC1
D05094,CCOC(=O)N1CCN(C(=O)CC(C)(C)NCC(=O)N2C[C@@H](F)C[C@H]2C#N)CC1
D05095,Cc1cccc(Cl)c1NC(=O)c1cnc(NC(=O)C2CC2)s1
D05096,Cc1cc(C(=O)N2CCN(C)CC2)[nH]c1/C=C1\C(=O)Nc2ncnc(Nc3ccc(F)c(Cl)c3)c21
D05097,CCOc1ccc(Cl)c2c1B(O)O[C@@H]2CN.Cl
D05098,CNc1cc(C)cc(N2CCC(C(=O)NCc3ccccc3C(F)(F)F)CC2)n1
D05099,CCCS(=O)(=O)Nc1ccc(F)c(C(=O)c2c[nH]c3ncc(-c4ccc(Cl)cc4)cc23)c1F
D05100,C[C@H]1[C@H](F)C[C@@H](C(=O)NCc2cc(-c3cnc(C(F)(F)F)nc3)ncc2F)N1S(=O)(=O)c1ccc(F)cc1
D05101,CC(C)(C)OC[C@@H]1C(=O)NCCN1C(=O)C[C@H](N)Cc1cc(F)c(F)cc1F
D05102,COc1ccc(NC(=O)c2ccc(C(=N)N(C)C)cc2)c(C(=O)Nc2ccc(Cl)cn2)c1
D05103,Cc1cnn(Cc2ccc(Cc3cncc(C(=O)NCc4c(C)cc(CN)cc4C)c3)cc2)c1
D05104,Cc1ncc(Cn2c(=O)c3cc(S(=O)(=O)NC4(C)CC4)ccc3n(Cc3sc(C)nc3C)c2=O)s1
D05105,O=C(CCc1ccc(COc2ccccc2)cc1)c1ncc(-c2ccccn2)o1
D05106,COc1ccc(C(=O)C2CCN(CC(=O)N(Cc3nc4c(c(=O)[nH]3)CCCC4)CC3CC3)CC2)cc1
D05107,COc1cnc(-c2cc(Cl)ccc2F)cc1Nc1ccncc1C(=O)NC[C@H](C)O
D05108,N[C@H]1CN(C(=O)c2ccc3ncsc3c2)C[C@H]1C(=O)N1CCCC1
D05109,COc1nn(C)cc1Nc1ncc(C)c(-c2c[nH]c3c(NC(=O)[C@@H](C)N4CCN(C)C[C@H]4C)cccc23)n1
D05110,COCCNC(=O)c1cccc2cc(Oc3ccnc4cc(OC)ccc34)ccc12
D05111,CCCCCN(CCCCC)C(=O)N1CCN(C(=O)N(c2ccccc2)c2ccccc2)[C@H](C(=O)O)C1
D05112,O=C(O[C@H]1CN2CCC1CC2)N1CCc2ccccc2[C@@H]1c1ccccc1
D05113,CN(C)C(=O)c1ccc(Nc2cc3[nH]c(-c4cnn(C)c4)cc3cn2)c(Cl)c1
D05114,COCCc1nc2c(c(C(F)(F)F)n1)CCN(C(=O)C[C@H](N)CN1C(=O)CCC(F)(F)[C@@H]1O)C2
D05115,O=C1Nc2c(Cl)ccc(OCc3nnn[nH]3)c2C2(CCCCC2)N1
D05116,CCCS(=O)(=O)C[C@H]1C[C@@H](N(C)c2ncnc3[nH]ccc23)C1
D05117,CCC(NC(C)(C)C)C(=O)c1cccc(Cl)c1
D05118,Cn1c2c(c3ccc(-n4ccc(OCc5ccccc5)cc4=O)cc31)CCNC2
D05119,CCNC(=O)c1noc(-c2cc(C(C)C)c(O)cc2O)c1-c1ccc(CN2CCCCC2)cc1
D05120,N#C[C@@H]1CC(F)(F)CN1C(=O)[C@@H]1C[C@@H](CC(=O)N2Cc3ccccc3C2)C(=O)N1
D05121,Cc1ccc(Sc2ccccc2N2CCNCC2)c(C)c1
D05122,CCc1nc2c(C)cc(C)nc2n1Cc1ccc(N(C)C(C(=O)O)c2ccccc2)c(C)c1
D05123,CC(C)(C)[C@H](NC(=O)OCCO)C(=O)N1CC(c2cc(F)ccc2F)=C[C@H]1c1ccccc1
D05124,OCCn1cc(-c2cnc3nnn(Cc4ccc5ncccc5c4)c3n2)cn1
D05125,COc1ccc([C@]2(O)CC[C@H](N3CC(NC(=O)CNC(=O)c4cccc(C(F)(F)F)c4)C3)CC2)cn1
D05126,CN(C)c1ccc(-c2cc(F)c(F)cc2-c2ccc(S(C)(=O)=O)cc2)cc1Cl
D05127,COc1ccc2c(c1)c(CCC(=O)O)c(C)n2C(=O)c1ccc(Cl)cc1
D05128,Cc1c(Cl)c(=O)oc2cc(OCCN3CCN(CCCNc4c5c(nc6ccccc46)CCCC5)CC3)ccc12
D05129,CC(C)c1c(-c2ccc3ncnn3c2)[nH]c2ccc(C3CCN(C(=O)C[C@H](C)O)CC3)cc12
D05130,N[C@@H](C[C@H](Cc1ccccc1)NCc1ccc(Cl)cc1)C(=O)N1CCCCC1
D05131,CCCNNC(=O)CCCCCCNC(=O)[C@H](Cc1c[nH]c2ccccc12)NC(=O)c1ccc(OC)cc1
D05132,Cc1[nH]c([C@@H](Cc2cn(C)c3ccccc23)NC(=O)[C@@H](CC(=O)NC2CCCCC2)CC(C)C)nc1C(=O)O
D05133,O=C(Cc1cccc2ncccc12)Nc1scc(Cl)c1-c1nnc[nH]1
D05134,Cn1c(Cc2nc(N3CCOCC3)cc(=O)[nH]2)nc2ccccc21
D05135,CNc1nc2ccc(-c3cnc4[nH]c(=O)n(CC5CCOCC5)c4n3)cc2[nH]1
D05136,C=CC[C@@H]1/C=C(\C)C[C@H](C)C[C@H](OC)[C@H]2O[C@@](O)(C(=O)C(=O)N3CCCC[C@H]3C(=O)O[C@H](/C(C)=C/[C@@H]3CC[C@@H](O)[C@H](OC)C3)[C@H](C)[C@@H](O)CC1=O)[C@H](C)C[C@@H]2OC
D05137,COc1ccc(C(=O)c2c(C)n(Cc3ccc(Cl)c(O[C@@H](C)C(=O)O)c3)c3nc(OC)ccc23)cc1
D05138,COc1cc2c(Nc3ccc(Cl)c(Cl)c3)ncnc2cc1OCC1CN(CC2CC2)CCCO1
D05139,N=C(N)c1cccc(-c2cccc([C@H](CCCNc3ccncc3)C(=O)O)c2)c1
D05140,CCC(C)(C)NCC(O)c1cc(OC(=O)N(C)C)cc(OC(=O)N(C)C)c1.Cl
D05141,Cc1cc2c(NC(=O)N[C@@H]3CC(C)(C)Oc4cc(C(F)(F)F)ccc43)cccc2cn1
D05142,Cc1cc(Oc2cncc(F)c2)cc(C(=O)Nc2ccc(F)cn2)n1
D05143,O=C(NC1(c2ccccc2)CC1)c1c(CN2CCC(N3CCCCC3)CC2)c(-c2cccc(C(F)(F)F)c2)nc2cc(Br)ccc12
D05144,CCN(CC)C(=O)[C@@H]1C=C2c3cccc4[nH]cc(c34)C[C@H]2N(C(=O)Nc2ccccc2)C1
D05145,CCc1cccc(Oc2cccc(N(Cc3cccc(OC(F)(F)C(F)F)c3)C[C@@H](O)C(F)(F)F)c2)c1
D05146,COC(=O)c1nc(C(=O)CCCCCCc2ccccc2)no1
D05147,CCn1cc(-c2ccc([C@H](C)N3CC[C@](CCCO)(c4ccccc4)OC3=O)cc2)ccc1=O
D05148,CC(C)C(=O)c1ccc(OCc2ccc(-c3ccc(S(=O)(=O)N[C@@H](C(=O)O)C(C)C)cc3)cc2)cc1
D05149,CN(C)C(=O)c1cc2cnc(Nc3ccc(C(=O)N4CC5CCC(C4)C5N(C)C)cn3)nc2n1C1CCCC1
D05150,CONC(=O)c1cc(Nc2ncnn3cc(NC(=O)OCCCS(C)(=O)=O)c(C(C)C)c23)c(F)cc1F
D05151,C=CC(=O)Nc1ccc(S(=O)(=O)N2CCN(C(=O)N3CCC(F)(F)CC3)CC2)cc1
D05152,OC[C@@H]1[C@@H](O)[C@H](O)[C@@H](O)CN1CCCCCOCc1ccc(-c2ccccc2)cc1F
D05153,COc1cc(C[C@H](N)C(=O)N[C@H]2C(=O)NCC(=O)N[C@@H](Cc3ccccc3)C(=O)N[C@@H](C(=O)O)C(C)(C)SSC2(C)C)ccc1O
D05154,CC(=O)NC1CCCc2c(-c3ccc(C#N)cc3)cncc21
D05155,CC1(C)N=C(N)N=C(N)N1OCCCOc1cccc(C(=O)/C=C/c2ccccc2)c1.Cl
D05156,O=C(N[C@H]1COCCC[C@H]1OC(=O)c1cc(O)c(C(=O)c2c(O)cccc2C(=O)O)c(O)c1)c1ccc(O)cc1
D05157,C=CC(=O)Nc1cc(Nc2ncc(Cl)c(-c3cnn4ccccc34)n2)c(OC)cc1N1CC[C@@H](N(C)C)C1
D05158,CNC1CCC(N[C@H]2C[C@@H]2c2ccccc2)CC1
D05159,O=C(O)Cn1cc(Cn2ccnc2)c2ccccc21
D05160,C[C@@H]1NC(=O)[C@@H](NC(=O)[C@@H](N)Cc2ccc(O)cc2)C(C)(C)SSC(C)(C)[C@@H](C(O)O)NC(=O)[C@H](Cc2ccccc2)NC1=O
D05161,N#Cc1ncc(Nc2cc3nc[nH]c3cn2)nc1OCC1CCNCC1
D05162,O=C(O)Cn1c2c(c3cc(F)ccc31)CN(C(=O)c1cccc3ccccc13)CC2
D05163,O=C1NC(=O)C(c2cnc3ccccn23)=C1c1cn2c3c(cccc13)CN(C(=O)N1CCCCC1)CC2
D05164,CCN(CCCC[C@H](NC(=O)[C@H](CC(C)C)NC(=O)[C@H](C)NC(=O)[C@H](Cc1ccccc1)NC(=O)c1ccc(C(C)(C)C)cc1)C(=O)N[C@@H](CO)C(=O)OC)C(C)C
D05165,CCOC(=O)c1cc(C#N)c(N2CC(C(=O)NS(=O)(=O)Cc3ccc(C)cc3)C2)nc1C
D05166,Cc1cc(-n2cnc3ccc(N[C@@H](C)c4ncc(F)cn4)nc32)n[nH]1
D05167,O=C(NC1CCN(Cc2ccc(C(=O)NCCN3CCCC3)c(F)c2)CC1)c1cc(=O)c2ccc(F)cc2o1
D05168,Cc1cn([C@H]2C[C@H](N=[N+]=[N-])[C@@H](CO[P@](=O)(O)O[P@](=O)(O)OP(=O)(O)O)O2)c(=O)[nH]c1=O
D05169,c1ccc(Cn2nnnc2C(c2ccc(Cn3cncn3)cc2)N2CCCN(C3CCC3)CC2)cc1
D05170,COc1cc(-c2cc(C(F)(F)F)ccc2C)ccc1-n1c(=O)ccc2cc(S(=O)(=O)Nc3ccon3)ccc21
D05171,O=C(NC1CC1c1ccccc1)N1CCC(c2nc(-c3ncccn3)no2)CC1
D05172,CNC(=O)c1ccc(C(c2nnnn2Cc2ccccc2)N2CCCN(C3CCC3)CC2)cc1
D05173,Fc1ccc(-c2ncn(CCC(F)(F)F)c2-c2ccc3nccn3c2)cc1Cl
D05174,O=C(O)CC1CCC2(CCN(c3ccc(-c4nc5cc(C(F)(F)F)ccc5[nH]4)cn3)CC2)O1
D05175,Cn1ncnc1[C@@H]1c2n[nH]c(=O)c3cc(F)cc(c23)N[C@H]1c1ccc(F)cc1
D05176,CS(=N)(=O)c1ccc(Nc2ncnc(-c3ccc(O[C@H]4CCN(C=O)CC4(F)F)c(C#N)c3)n2)cc1
D05177,N#Cc1cc(-c2ncnc(Nc3ccc(N4CCN(C5COC5)CC4)cc3)n2)ccc1OC1CCN(C(=O)CNC=O)CC1
D05178,COc1ccc(C[C@H](NC(=O)[C@H](C)NC(=O)CN2CCOCC2)C(=O)N[C@@H](Cc2ccccc2)C(=O)[C@@]2(C)CO2)cc1
D05179,CN(C)C(=O)[C@@H](c1ccc(-c2ccc3nccn3c2)cc1)[C@H]([NH3+])C(=O)N1CC[C@H](F)C1
D05180,Cc1ccc(C2C[C@H]3CCC([C@H]2c2nnc(-c4ccccc4)s2)N3C)cc1
D05181,CC(C)(C)OC(=O)N[C@H](C(=O)N1CCC[C@H]1C(=O)N[C@H](C=O)CCCN=C(N)N)c1ccc(F)cc1
D05182,C[C@@H](Oc1nc(-c2cnn([C@H]3CCOC3)c2)cc2nn(C)cc12)[C@H]1CNC(=O)C1
D05183,O=C(O)CCn1c2c(c3ccccc31)C[C@H](NS(=O)(=O)c1ccc(F)cc1)CC2
D05184,CCOc1cc2ncc(C#N)c(Nc3ccc(OCc4ccccn4)c(Cl)c3)c2cc1NC(=O)/C=C/CN(C)C
D05185,CN(C)C(=O)N1C[C@H]2C[C@@H](NCC(=O)N3CCC[C@H]3C#N)C[C@H]2C1
D05186,CS(=O)(=O)Cc1cncc(C2COc3c(cccc3C(N)=O)O2)c1
D05187,CCOc1cc(C(=O)Nc2cc(C(F)(F)F)ccn2)ccc1-c1nc(C23CCC(C(=O)O)(CC2)CC3)n2ccnc(N)c12
D05188,O=C(N[C@H]1C[C@@H]1c1ccccc1)N1CCC2(CCc3ncccc3O2)CC1
D05189,CCCc1cc(C)[nH]c(=O)c1CNC(=O)c1cc(-c2ccc(N3CCN(C)CC3)nc2)cc2c1cnn2C(C)C
D05190,CN(C)CCCOc1ccc(-c2ccc3ncc4[nH]c(=O)n(C5CCOCC5)c4c3c2)cn1
D05191,CC1(c2ccccc2)CCCN(C(=O)NCc2ccc(-c3ccccn3)cc2)C1
D05192,CCC[C@H](NC(=O)[C@@H]1CCCN1C(=O)[C@@H](NC(=O)[C@@H](NC(=O)[C@@H](CC(=O)O)NC(=O)[C@H](CC(=O)O)NC(C)=O)[C@@H](C)CC)C(C)C)C(=O)C(F)(F)F
D05193,Cc1cc(-n2cncn2)ccc1CN1C[C@H](N)[C@H](C(=O)C2CCC[C@H]2C#N)C1
D05194,CC(C)(C)c1cccc(NC2=NS(=O)(=O)c3cc([N+](=O)[O-])ccc32)c1
D05195,COc1ccc(N2CCN(CCCNC(=O)Cn3c(=O)c4cccn4c4c(C)ccnc43)CC2)c(OC)c1
D05196,CCOC(=O)c1[nH]cc2c1NC1=C(C(=O)CCC1)C2c1ccc(Sc2nc3ccc(F)c(F)c3[nH]2)o1
D05197,Cc1cc(N2C(=O)c3c(C4CC4)nn(-c4ccnn4C)c3C2c2ccc(Cl)cc2)nn2c(C)nnc12
D05198,Cc1cc(C(=O)Nc2ccccc2)c2ccc(-c3ccc(OCC(C)(C)C(=O)O)[n+]([O-])c3)cc2n1
D05199,Cc1cc2ncnn2cc1-c1[nH]c2ccc(C3CCN(Cc4nncn4C)CC3)cc2c1C(C)C
D05200,CCCCCCc1nc2cc(/C=C/C(=O)NO)ccc2n1CCN(C)C
D05201,O=C(O)c1cccc(Nc2ccc(S(F)(F)(F)(F)F)cc2)c1
D05202,CC[C@H](C)[C@@H]1NC(=O)[C@@H]2CSSC[C@@H]3NC(=O)[C@H](C(C)C)NC(=O)[C@H](CC(C)C)NC(=O)[C@H](CC(N)=O)NC(=O)[C@H](C)NC(=O)[C@H](CCCNC(=N)N)NC(=O)[C@H](CSSC[C@H](NC(=O)[C@@H](N)CC(=O)O)C(=O)N[C@@H](CC(C)C)C(=O)NCC(=O)N[C@@H](Cc4ccccc4)C(=O)N[C@@H](CCSC)C(=O)N[C@@H](CCCNC(=N)N)C(=O)N[C@@H](CCCCN)C(=O)N2)NC(=O)[C@H](CSSC[C@@H](C(=O)N[C@@H](CCCCN)C(=O)N[C@@H](Cc2ccc(O)cc2)C(=O)N[C@H](C(=O)N[C@@H](Cc2ccccc2)C(N)=O)C(C)C)NC(=O)[C@H](Cc2c[nH]c4ccccc24)NC(=O)[C@H](CCCCN)NC(=O)[C@H](Cc2cnc[nH]2)NC(=O)[C@H]([C@@H](C)O)NC(=O)[C@H](CCCNC(=N)N)NC(=O)[C@H](CO)NC3=O)NC(=O)[C@H](CCCCN)NC(=O)[C@H](CC(=O)O)NC(=O)[C@H](CC(N)=O)NC(=O)[C@H](CC(=O)O)NC(=O)[C@@H]2CCCN2C1=O
D05203,CCS(=O)(=O)C[C@H]1C[C@@H](N(C)c2ncnc3[nH]ccc23)C1
D05204,Cc1c(N(C)[C@H]2CCN(Cc3cccc(F)c3)C2)cc(F)c(S(=O)(=O)Nc2cscn2)c1F
D05205,O=C(c1ccc(Cl)cc1-n1nccn1)N1CCOC[C@H]1Cc1cccc(-n2nccn2)c1
D05206,Cc1ccc(C(=O)N2CCOC[C@H]2Cc2cc(-n3nccn3)ccc2Cl)c(-n2nccn2)c1C
D05207,CCNC(=O)Nc1ccc2ncc(Nc3ccc(C)c(OC)c3)nc2n1
D05208,CC1=C(C(=O)Nc2ccc3[nH]ncc3c2)C(c2ccc(F)c(C(=O)NCc3c(F)cccc3F)c2)NC(=O)N1
D05209,C[C@]12CCCO[C@@H]1[C@]1(CSC(N)=N1)c1cc(-c3cccc(C#N)c3)ccc1O2
D05210,Cc1nc(-c2ccc(C)c(NC(=O)c3ccc(OCc4ccccn4)cc3)c2)c[nH]1
D05211,N#CCNc1ncnc(-n2c(Nc3cccc(O)c3)nc3ccccc32)n1
D05212,O=P(O)(O)C(O)(Cc1cccnc1)P(=O)(O)O
D05213,CN(C)C(=O)c1cc2cnc(Nc3ccc(C(=O)N4CC5CC5(N(C)C)C4)cn3)nc2n1C1CCCC1
D05214,CC(C)CNC(=O)c1ccc(-c2ccc(-c3ccsc3)cc2C(=O)Nc2ccc(C(=N)N)cc2)c(C(=O)O)c1
D05215,COc1ccc(C(=O)CS(=O)(=O)c2ccccc2)cc1
D05216,CC(C)C[C@H](NC(=O)[C@H](Cc1cc(C(F)(F)F)cc(C(F)(F)F)c1)NC(=O)c1cnccn1)B1OC2C[C@@H]3C[C@@H](C3(C)C)[C@]2(C)O1
D05217,CN1Cc2c(N)cccc2C(c2ccccc2)C1
D05218,CC(C)(CC(=O)N[C@H]1C[C@@H]1c1cccc(Cl)c1)NCC(=O)N1CC(F)(F)C[C@H]1C#N
D05219,COc1cc2ncnc(Nc3ccccc3)c2cc1OC
D05220,CCN(CC)Cc1ccc(/C=C2\Cc3cc(OC)c(OC)cc3C2=O)cc1
D05221,COc1cnc(C(=O)Nc2ccc(F)c([C@@]3(C)N=C(N)O[C@@H]4C[C@@H]43)c2)cn1
D05222,CS(=O)(=O)C[C@H](N)c1ccc(-c2ccc3ncnc(Nc4ccc(OCc5cccc(F)c5)c(Cl)c4)c3c2)o1
D05223,Cc1nc(C)c(Nc2ncnc(-c3ccc(O[C@H]4CCN(C(=O)[C@H](C)O)C[C@H]4F)c(C#N)c3)n2)s1
D05224,Cc1c(Cn2ccnc2)c2ccccc2n1/C=C/C(=O)O
D05225,COc1ccc2cc(-c3cncc(C(N)=O)c3)ccc2c1
D05226,O=C(/C=C/c1ccc2c(c1)CN(CCc1c[nH]c3ccccc13)C2)NO
D05227,[NH3+][C@H]1CN(c2ccn3cnnc3n2)CC[C@@H]1c1cc(F)c(F)cc1F
D05228,COc1cc(-n2cnc3cc(-c4ccc(Cl)cc4)sc3c2=O)ccc1OCCN1CCCC1
D05229,COc1ccc([C@]2(c3ccc(F)c(-c4cccnc4F)c3)N=C(N)N(C)C2=O)cc1C
D05230,CC(=O)N1CCC(NC(=O)Nc2ccc(OC(F)(F)F)cc2)CC1
D05231,Cc1c(C)c(O)c(C(=CCCCC(=O)O)c2cccnc2)c(C)c1O
D05232,COc1cccc2c(=O)n(Cc3ccccc3C#N)c(N3CCC[C@@H](N)C3)nc12
D05233,COc1cnc(C(=O)Nc2cnc(F)c([C@]3(C)C[C@@H](C(F)(F)F)OC(N)=N3)c2)c(Cl)c1
D05234,CCCC[C@@H](C=NN=C(O)N1CCc2ccccc21)NC(=O)OC(C)(C)C
D05235,N#Cc1ccc2[nH]c(=O)c3cc(CC(C#N)NC(=O)[C@H]4N[C@@H]5CC[C@H]4C5)ccc3c2c1
D05236,COc1cccc2c1C(=O)c1c(O)c3c(c(O)c1C2=O)C[C@@](O)(C(=O)CO)C[C@@H]3O[C@H]1C[C@H](N)[C@@H](O)[C@H](C)O1
D05237,CCOC(=O)Nc1cn(C)c2c1C(=O)N(c1cc(C)c3nnn(C)c3n1)C2c1ccc(Cl)cc1
D05238,N#Cc1cnccc1COc1cnc(N2CC3CCC(C2)N3C(=O)OCC(F)(F)F)nc1
D05239,COc1ccc(Cn2nc(Nc3cc(C)n[nH]3)c3ccccc3c2=O)cc1
D05240,C=CCN(c1ccc(Cn2c(CC)nc3c(C)cc(C)nc32)cc1C)C(C(=O)O)c1ccccc1C
D05241,CCc1cc(Cc2cnc(N)nc2N)cc2c1N(C)CCC2C
D05242,CNC(=O)c1cc(-c2ccc(C[C@@H](C#N)NC(=O)[C@H]3N[C@@H]4CC[C@H]3C4)c(F)c2)cs1
D05243,Cc1nc2ccccc2c(N2CC(C)(C)c3ccc(N4CCOCC4)cc32)c1C
D05244,CN[C@@H](C)C(=O)N[C@H]1CN(C(=O)c2ccc3cc[nH]c3c2)c2ccccc2N(Cc2c(C)ccc3ccccc23)C1=O
D05245,O=C(OC(C(F)(F)F)C(F)(F)F)N1CCC(N2C(=O)[C@H](c3ccc(F)cc3)[C@H]2c2ccc3c(c2)OCO3)CC1
D05246,NC(=O)c1cc(Cl)c2c(Cl)c(C3CC3)n([C@@H]3CCCNC3)c2n1
D05247,CN1CCN(CCOc2cc(OC3CCOCC3)c3c(Nc4c(Cl)ccc5c4OCO5)ncnc3c2)CC1
D05248,Cc1ccc(NC(=O)c2sccc2S(=O)(=O)Nc2onc(C)c2C)cc1
D05249,C[C@@H]1CC(=O)Nc2cccc(-c3ccc4c(c3)c(-c3cnn(C)c3)nn4C)c2N1
D05250,CN(C)C(=O)c1cc2cnc(Nc3ccc(C(=O)N4CC5CCC(C4)N5)cn3)nc2n1C1CCCOC1
D05251,COc1ccc2c(c1)NC(=O)Cc1cnc(Nc3ccc(O)c(Cl)c3)nc1-2
D05252,Cn1cc(Cc2cn(CC(=O)N(CCN)Cc3ccc(-c4ccc(Cl)cc4)cc3)c(SCc3ccc(F)cc3)nc2=O)cn1
D05253,COc1nn(C)cc1Nc1ncc(C)c(-c2c[nH]c3c(NC(=O)[C@@H](C)N4CCN(C)[C@H](C)C4)cccc23)n1
D05254,CCCC[C@H](NC(=O)O[C@H](Cn1ccc(-c2ccc(C(F)(F)F)cc2)n1)C(C)(C)C)C(=O)C(=O)Nc1ccn[nH]1
D05255,COc1ccc(C(=O)c2c(C)n(Cc3cccc(O[C@@H](C)C(=O)O)c3)c3ncccc23)cc1
D05256,Cn1cc(/C=C/C(=O)NS(=O)(=O)c2ccc(F)c(F)c2)c2c(Oc3ccc(Cl)c(Cl)c3)cccc21
D05257,CN1CCc2nc(C(=O)N[C@@H]3CCC[C@H]3NC(=O)c3cc4cc(Cl)ccc4[nH]3)sc2C1
D05258,NS(=O)(=O)c1ccc(-n2nc(C(F)(F)F)cc2-c2ccccc2Cl)cc1
D05259,O=P(O)(O)C(Nc1cc(-c2ccc(OC3CCCC3)cc2)ccn1)P(=O)(O)O
D05260,C[C@]1(c2cc(/C=C(\F)c3ccc(C#N)cn3)ccc2F)N=C(N)S[C@@]2(C(=O)N3CCCC(C#N)C3)C[C@H]21
D05261,Nc1ncc2cc(-c3nccnc3OC3CN(c4ccc5ccccc5n4)C3)ccc2n1
D05262,CC(C)(C)OC(=O)NCc1cn([C@H]2C[C@@H](C(=O)N3CCC[C@H]3C#N)N(C(=O)CCCc3ccccc3)C2)nn1
D05263,Cc1cc2cc(Nc3ncnn4cc(-c5nnc(C)o5)c(C(C)C)c34)cnc2[nH]1
D05264,C[C@@H](O[C@H]1CN2C(=O)C=C(C3=CCN(C(C)(C)C)CC3)CC2[C@@H]1c1ccc(F)cc1)c1cc(C(F)(F)F)cc(C(F)(F)F)c1
D05265,CCC(CC)CC1(O)CCN(C(=O)Nc2cc(Oc3ccc(F)cc3)cc(Oc3ccc(C#N)cc3)c2)CC1
D05266,NC(=O)C1CCCC(N2CCC([C@H](N)Cc3cc(F)ccc3F)CC2)C1
D05267,CS(=O)(=O)c1ccccc1C(=O)NC[C@@H]1CCCN1C(=O)C[C@H](N)Cc1cccc(Cl)c1
D05268,CN1C(=O)C(NC(=O)c2ccsc2)N=C(c2ccccc2F)c2ccccc21
D05269,Cn1ccnc1[C@]1(CNC(=O)c2cc3cc(C(F)(F)F)ccc3o2)NC(=O)NC1=O
D05270,COc1ccc(OC)c(S(=O)(=O)N[C@@H]2CCN(C#N)C2)c1
D05271,CC(C)C(=O)N(Cc1cc(Cl)cc(Cl)c1Cl)[C@H]1CCNC1
D05272,Cc1c([C@H]2CN3CCN(C(=O)Cc4cnc(-n5cnnn5)nc4)C[C@H]3CO2)ccc(F)c1C#N
D05273,NC1=N[C@](CF)(c2cc(Nc3nccc4cc(Cl)cnc34)ccc2Cl)[C@H]2C[C@H]2O1
D05274,Cc1cc(Cl)cnc1C(=O)Nc1ccc(F)c([C@@]2(C)N=C(N)C3(CC3)S(=O)(=O)[C@@H]2F)c1
D05275,[NH3+][C@H]1CN(c2ccc3ccccc3n2)CC[C@@H]1c1cc(F)c(F)cc1F
D05276,COc1cc(N2CCN(C[C@H](C)O)CC2)ccc1Nc1ncc2ccc(-c3ccccc3N(C)S(C)(=O)=O)n2n1
D05277,CS(=O)(=O)c1cccc(C(=O)N2CCC(c3ccc(C(=O)NC(=N)N)cc3C(F)(F)F)CC2)c1
D05278,O=C(/C=C/c1cc(O)c(O)c([N+](=O)[O-])c1)c1ccccc1
D05279,Cc1cc(Oc2cncc(F)c2)cc(C(=O)Nc2cccc(F)n2)n1
D05280,O=C(NC(c1ccc(Cl)c(Cl)c1)C1CCCNC1)c1ccc2cnccc2c1
D05281,CN([C@H]1CCOC1)S(=O)(=O)Nc1ccc2ccc3ncc(-c4cnn(C)c4)cc3c(=O)c2c1
D05282,NC1CCC(N[C@H]2C[C@]2(F)c2ccccc2)CC1
D05283,CN(C)C(=O)Oc1cccc([N+](C)(C)C)c1
D05284,Cc1ccc(-c2nn(C(C)(C)C)c3ncnc(N)c23)cc1
D05285,CO[C@]1(c2ccc(F)c(F)c2)CCNC[C@@H]1c1noc(-c2ccccc2CCNC(C)=O)c1Br
D05286,CC(=O)c1cc2c(cc1NC(=O)c1sccc1S(=O)(=O)Nc1onc(C)c1Cl)OCO2
D05287,C[C@H](NC(=O)[C@@H](CO)NC(=O)c1ccccc1)C(=O)NC(Cc1ccc(N=C(N)N)cc1)P(=O)(Oc1ccccc1)Oc1ccccc1
D05288,O=C(O)CCCCO/N=C(\c1ccccc1)c1cncnc1
D05289,O=c1[nH]c2ncc(-c3ccc4[nH]ccc4c3)nc2n1CC1CCCCC1
D05290,CC(C)(F)C(=O)NC[C@@H]1CCCN1C(=O)C[C@H](N)Cc1cc(F)c(F)cc1F
D05291,C[N+](C)(C)CCO
D05292,C[C@@H]1COc2c(Cl)cc(-n3ccc4cc(F)ccc43)cc2CN1Cc1cc[nH]c(=O)c1
D05293,N#C[C@@H]1CCCN1C(=O)[C@@H]1CN(Cc2ccc(-c3csnn3)cc2)C[C@@H]1N
D05294,O=C(O)c1ccccc1Nc1cccc(C(F)(F)F)c1
D05295,Cc1ccc(NC(=O)N[C@@H]2N=C(c3ccccc3)c3ccccc3N(C)C2=O)cc1
D05296,O=C(NCc1ccccc1C(F)(F)F)c1cccc(NCc2nnc3n2CCOc2cnccc2-3)c1
D05297,O=c1ccc2ccc(OCc3ccccc3)cc2o1
D05298,CN(C/C=C/c1ccc(-c2ccccc2)cc1)Cc1cccc2cc[nH]c12.Cl
D05299,O=C(O)Cn1cc(Cc2nc3cccc(F)c3s2)c2ccccc21
D05300,C[C@H](NS(=O)(=O)C1CC1)[C@H](Oc1ccc2c(cnn2-c2ccc(F)cc2)c1)c1ccc(S(C)(=O)=O)cc1
D05301,N#Cc1cccc2c1OCC(c1cncc(-c3ccc(S(N)(=O)=O)cc3)c1)O2
D05302,Cc1cc(Cl)ccc1C1c2c(nn(-c3ccc(F)cc3F)c2C(C)C)C(=O)N1c1cccc(Cl)c1F
D05303,CN([C@@H]1CCc2c(c3nccnc3n2CC(=O)O)C1)S(=O)(=O)c1ccc(F)cc1
D05304,Cc1cc(C#N)cnc1C(=O)Nc1cc(F)c(F)c([C@@]2(CF)N=C(N)O[C@@H]3C[C@@H]32)c1
D05305,Cc1ccc(Nc2cc(N[C@@H]3CCCC[C@@H]3N)nnc2C(N)=O)nc1C
D05306,O=C(Cc1nc(N2CCOCC2)cc(=O)[nH]1)N1CCc2c(OC(F)(F)F)cccc21
D05307,CCOC(=O)c1ccc(NC(=O)CSc2nc(C)cc(=O)[nH]2)cc1
D05308,OC1CCN(CCOc2ccc(Oc3nc4ccccc4s3)cc2)CC1
D05309,Cc1ccc(-c2cc(F)c(F)cc2-c2ccc(S(C)(=O)=O)cc2)cc1Cl
D05310,Cc1nn(C2CCN(C(=O)[C@@H](C)N)CC2)c(C)c1Nc1ncc(Cl)c(-c2cnn3ccccc23)n1
D05311,Cc1nc(-c2ccc(S(N)(=O)=O)cc2)c(-c2ccccc2)s1
D05312,O=C(N[C@H]1C[C@@H](O)C[C@H]1OC(=O)c1cc(O)c(C(=O)c2c(O)cccc2C(=O)O)c(O)c1)c1ccc(O)cc1
D05313,Cc1ccc(S(=O)(=O)N2CC3(C[C@H]2C(=O)NO)OCCCCO3)cc1
D05314,NC1=N[C@@](c2cc(NC(=O)c3ccc(Br)cn3)ccc2F)(C(F)F)[C@H]2C[C@H]2O1
D05315,CCN(Cc1cc(C(F)(F)F)ccc1-c1cc(CC(=O)O)ccc1OC)C(=O)OCc1ccc(Cl)cc1
D05316,O=C(CCCCCN1C[C@H](O)[C@@H](O)[C@H](O)[C@@H]1CO)NC12CC3CC(CC(C3)C1)C2
D05317,CC(C)(Nc1nc(Nc2ccc3ncsc3c2)[nH]c(=O)n1)c1ccccc1
D05318,C[C@H](O)C(=O)N1CC[C@H](Oc2ccc(-c3ncnc(Nc4ccc(N5CCO[C@@H](CO)C5)cc4)n3)cc2C#N)C(F)(F)C1
D05319,[NH3+][C@H]1C[n+]2c([nH]c3cnccc32)C[C@@H]1c1cc(F)c(F)cc1F
D05320,CCCS(=O)(=O)N1CCC(CNC(=O)c2ccc(Cl)cc2Cl)(CC2CC2)CC1
D05321,N#Cc1csc(NC(=O)Cc2cccc3ncccc23)c1-c1nnc[nH]1
D05322,O=C(O)CC1CCOC2(CCN(c3ccc(-c4nc5cc(C(F)(F)F)ccc5[nH]4)cn3)CC2)C1
D05323,CN=Nc1nc2ccccc2nc1Cc1ccccc1
D05324,CCCN(CCC)C1COc2ccccc2C1
D05325,CC(Sc1nnc(-c2ccc(NC(=O)c3cc4ccccc4s3)cc2)n1C)C(=O)O
D05326,CCc1cc(-c2[nH]c3ccc(C4CCN(CC(=O)NC)CC4)cc3c2C(C)C)cn2ncnc12
D05327,Cc1ccc(-c2c(C)c(CNC3CCC(F)(F)C3)nn2-c2ncccc2Cl)cn1
D05328,COC(=O)[C@H](CO)NC(=O)[C@H](CCCC[N+](C)(C)C)NC(=O)[C@H](CC(C)C)NC(=O)[C@H](C)NC(=O)[C@H](Cc1ccccc1)NC(=O)c1ccc(C(C)(C)C)cc1
D05329,COc1ccc(C(=O)Nc2cc(F)c(F)c([C@]3(C)C[C@@H](C(F)(F)F)OC(N)=N3)c2)nc1
D05330,CC[C@@H](CS(=O)(=O)C(C)(C)C)N1C(=O)[C@@](C)(CC(=O)O)C[C@H](c2cccc(Cl)c2)[C@H]1c1ccc(Cl)cc1
D05331,CC(C)C[C@H]1NC(=O)[C@H](C(C)C)NC(=O)[C@H]2CCCN2C(=O)[C@H](CC(=O)O)NC(=O)[C@H](Cc2c[nH]c3ccccc23)NC1=O
D05332,N[C@@H](CC(=O)N1CCn2c(nnc2C(F)(F)F)C1Cc1ccccn1)Cc1cc(F)c(F)cc1F
D05333,COc1cnc2c(Nc3ccc(F)c([C@]4(C)CS(=O)(=O)[C@@](C)(F)C(N)=N4)c3)ncnc2c1
D05334,C#CCN(Cc1ccc2nc(N)[nH]c(=O)c2c1)c1ccc(C(=O)NC(CCC(=O)O)C(=O)O)c(Cl)c1
D05335,CC1(C)SCCN(S(=O)(=O)c2ccc(Oc3ccncc3)cc2)[C@H]1C(=O)NO
D05336,C#CCNC1CCc2c(OC(=O)N(C)C)cccc21
D05337,C[C@H](O)C(=O)N1CC[C@H](Oc2ccc(-c3ncnc(Nc4ccc(N5CCC[C@@H](O)C5)cc4)n3)cc2C#N)[C@H](F)C1
D05338,CCCS(=O)(=O)c1ccc2nc(-c3ccc(=O)n(-c4ccccc4)c3)[nH]c2c1
D05339,Cc1c(-c2c(F)cc(C(=N)O)c3[nH]c4c(c23)CC[C@H](C(C)(C)O)C4)cccc1-n1c(=O)c2cccc(F)c2n(C)c1=O
D05340,CCN(C(=O)Cc1ccc(S(C)(=O)=O)cc1)C1CCN(CC[C@@H](c2cc(F)cc(Cl)c2)C2CCN(S(C)(=O)=O)CC2)CC1
D05341,CCn1nc(-c2ccc([C@H](C)N3CC[C@](CC(C)(C)O)(c4ccccc4)OC3=O)cc2)ccc1=O
D05342,Cc1nc(Nc2cc(N[C@@H]3CCCC[C@@H]3N)nnc2C(N)=O)ccc1Cl
D05343,CO[C@@H]1COCC[C@@H]1N[C@@H]1C[C@H]2CCC[C@@]2(C(=O)N2CCc3ncc(C(F)(F)F)cc3C2)C1
D05344,COc1ccc(CN[C@H]2CC2c2ccccc2)c(Cl)c1OC
D05345,CN1CCC(C(=O)N2CC(C#Cc3ccc4c(=O)c(-c5ccc(NS(C)(=O)=O)cc5)coc4c3)C2)CC1
D05346,COc1ccc(C(=O)/C=C/c2ccccc2F)cc1
D05347,Cc1ccc(C)c(COc2ccc(S(=O)(=O)[C@@H]3CCOC[C@]3(O)C(=O)NO)cc2)c1
D05348,CCc1sc2nc(N)[nH]c(=O)c2c1Sc1ccc2ccccc2c1
D05349,CNc1ncc(C(=O)Nc2cc(C(=O)Nc3cccc(C(F)(F)F)c3)ccc2C)c(Oc2ccccc2)n1
D05350,Fc1cncc(-c2nc3cc(F)c(F)cc3n2C2CC2)c1
D05351,NC[C@H](Cc1cccc(F)c1)NC(=O)c1cc(Br)c(-c2ccnc3[nH]ccc23)s1
D05352,N[C@H]1C[C@@H](N2CCn3c(C(F)(F)F)cnc3C2)CCC1c1cc(F)c(F)cc1F
D05353,COc1cnc(C(=O)Nc2cc(F)c(F)c([C@]3(C)C[C@@H](C(F)(F)F)OC(N)=N3)c2)cn1
D05354,CN1CCC(COCc2cc(C(F)(F)F)cc(C#N)n2)(c2ccccc2)CC1
D05355,O=C(CCCCCN1C(=O)c2cccc3cccc(c23)C1=O)NO
D05356,C[C@@H](c1ccc(-c2ccc(F)cc2)cc1)[C@H]([NH3+])C(=O)N1CC[C@H](F)C1
D05357,O=C(Cc1nc(N2CCOCC2)cc(=O)[nH]1)Nc1ccc(F)c(Br)c1
D05358,O=C(NC[C@@H]1CCOC1)c1ccc(NC(=O)N2Cc3ccccc3C2)cc1
D05359,Cc1ccc(Nc2nccc(N(C)c3ccc4c(C)n(C)nc4c3)n2)cc1S(N)(=O)=O
D05360,N[C@@H](CC(=O)N1CCn2nc(C(F)(F)F)nc2[C@@H]1C(O)C1CC1)Cc1cc(F)c(F)cc1F
D05361,Cc1cc(C#N)cnc1C(=O)Nc1cc(F)c(Cl)c([C@]2(CF)N=C(N)O[C@H]3C[C@H]32)c1
D05362,C[C@]1(c2cc(/C=C(\F)c3cnc(C#N)cn3)ccc2F)N=C(N)S[C@@]2(C(=O)N3CC[C@H](F)C3)C[C@H]21
D05363,Cc1ccc(C(=O)N2CC[C@@](O)(c3ccccc3)[C@@H]3CCCC[C@@H]32)cn1
D05364,COCCOc1cnc2ccc([C@H](C)n3nnc4ccn(-c5cc(C)ns5)c(=O)c43)cc2c1
D05365,CCOc1ccc(Cc2cc([C@@H]3O[C@H](CO)[C@@H](O)[C@H](O)[C@H]3O)c(OCCCC3(F)COC3)cc2Cl)cc1
D05366,COc1nn(C)cc1Nc1nccc(-c2c[nH]c3c(NC(=O)[C@@H](C)N4CCN(C)C[C@H]4C)cccc23)n1
D05367,C[C@@H]1Cc2c(ccc3[nH]ncc23)[C@@H](c2ccc(NC3CN(CCCF)C3)cn2)N1CC(F)(F)CO
D05368,COc1ccc(Cn2ncc(NC(=O)c3cc(NC(=O)Nc4ccc(Cl)c(C(F)(F)F)c4)ccc3C)c2N)cc1
D05369,CN(C)C(=O)c1ccc(C(=C2CCN(Cc3cscn3)CC2)c2ccccn2)cc1
D05370,O=C(CCCCCCc1ccccc1)c1ncc(-c2ccccn2)o1
D05371,N#Cc1ccc(Cn2cncc2CN(CCCc2ccccc2)[C@H]2CCN(Cc3ccccc3)C2=O)cc1
D05372,Cc1cc(C)cc(CC(NC(=O)C(c2ccccc2)c2ccccc2)C(=O)NCC#N)c1
D05373,CN(C)C(=O)[C@]12C[C@H]1[C@@](C)(c1cc(/C=C(\F)c3ccc(C#CC4CC4)cn3)ccc1F)N=C(N)S2
D05374,CCc1sc2nc(N)[nH]c(=O)c2c1Sc1ccccc1Cl
D05375,CC(C)C[C@H]1NC(=O)[C@H](C(C)C)NC(=O)[C@H]2CCCN2C(=O)[C@H](CS(=O)(=O)O)NC(=O)[C@H](Cc2c[nH]c3ccccc23)NC1=O
D05376,CC(=O)C(C#N)C(=O)Nc1ccc(-c2ccccc2Cl)c(Cl)c1
D05377,Cc1c(F)cc(C(=O)NC2CC2)cc1-c1cc2nnc(-c3c(F)cccc3Cl)n2n(C)c1=O
D05378,Cc1nn(C)cc1-c1cc2nn(C)cc2c(O[C@H](C)[C@H]2CNC(=O)C2)n1
D05379,Cn1cccc1C(=O)NCc1ccc(C(=O)NO)cc1
D05380,CN(C)Cc1ccc(/C=C/c2n[nH]c3cc([C@@H]4C[C@@]45C(=O)Nc4ccccc45)ccc23)cc1
D05381,CCCS(=O)(=O)N1CCC(CNC(=O)c2c(Cl)cccc2Cl)(c2ccccn2)CC1
D05382,CNc1nc2[nH]c(-c3cccc(CNC(=O)COC)n3)cc2c2c1ncn2C
D05383,O=C(c1cc(F)c(F)cc1-n1nccn1)N1CCOC[C@H]1Cc1cccc(-n2nccn2)c1
D05384,CCC[C@H]1N(C(=O)c2cnccc2C(F)(F)F)CCC[C@@]1(Oc1ccc(C(F)(F)F)cc1)C(=O)N1CCC(Oc2cccc(C(=O)O)n2)CC1
D05385,COCCCc1cc(CN(C(=O)[C@H]2CNCC[C@@H]2c2ccc(OCCOc3c(Cl)cc(C)cc3Cl)cc2)C2CC2)cc(OCCC2(C(=O)O)CCCC2)c1
D05386,O=C(O)c1cn(S(=O)(=O)c2ccc(Br)cc2)c2ccccc12
D05387,O=C(NC1N=C(c2ccccc2)c2ccccc2NC1=O)c1ccc(Cl)c(Cl)c1
D05388,Cn1c2ccccc2c2c3c(c4c5ccccc5n(CCC#N)c4c21)CNC3=O
D05389,COc1ccc(C(=O)NCc2cccc(C(=O)Nc3ccc4c(c3)CN(C)CC4)c2)cc1OC
D05390,CC(NNC(=O)c1cc2ccccc2cc1O)=C1C(=O)c2ccccc2C1=O
D05391,C#C[C@H](C)Oc1cnc(/C(F)=C/c2ccc(F)c([C@@]3(C)N=C(N)S[C@@]4(S(C)(=O)=O)C[C@@H]34)c2)cn1
D05392,O=C(O)c1cc(-c2ccc(Br)cc2)nc2ccc(OC(F)(F)F)cc12
D05393,O=C(Nc1ccc(Cl)cc1)Nc1cc2c3ccccc3nc-2c[nH]1
D05394,O=C(NC1CCc2ccccc2C1)N1CCC(c2nc(-c3ccccn3)no2)CC1
D05395,COc1ccc2c(c1)CCC(Cc1ccccc1Br)C2=O
D05396,Cc1c[nH]c(/C=C2\C(=O)Nc3cccc(C)c32)c1CCC(=O)O
D05397,COc1cc(Cc2ccc(N)cc2N)cc(OC)c1OCCCNc1ccc(S(=O)(=O)c2ccc(N)cc2)cc1
D05398,CN(C)CCCn1cc(NC(=O)Nc2nccc(-c3ccccc3)n2)c2ccccc21
D05399,NC1(Cc2ccc(Cl)cc2)CCN(c2ncnc3[nH]ccc23)CC1
D05400,Cc1cc(Cl)cnc1C(=O)Nc1ccc(F)c([C@]2(CF)CS(=O)(=O)C3(CC3)C(N)=N2)c1
D05401,CN(c1ncnc2[nH]ccc12)[C@H]1C[C@@H](NS(=O)(=O)CCC(F)(F)F)C1
D05402,O=C(CCCCCCc1ccccc1)c1ncc(-c2ccco2)o1
D05403,CCCN1CCN(c2ccc(C(=O)NC3(C(=O)NCC#N)CCCCC3)cc2)CC1
D05404,O=C(O)c1cc(F)ccc1NC(=O)N1C[C@H]2C[C@@H](c3ccccc3C(F)(F)F)C[C@H]2C1
D05405,CC(=O)OCCOc1cc2c(cc1NC(=O)c1sccc1S(=O)(=O)Nc1onc(C)c1Cl)OCO2
D05406,COC(=O)Nc1ccc(-c2[nH]c([C@@H]3C[C@H](C4CCN(S(C)(=O)=O)CC4)CN3C(=O)[C@H]3CC[C@H]([C@H](C)N)CC3)nc2Cl)cc1
D05407,FC(F)(F)Oc1cccc(-c2ncccc2CC(c2cccnc2)c2cccnc2)c1
D05408,Cc1cc(N2CCOCC2)nc2c(C)cc(Cc3cnc(N)nc3N)cc12
D05409,CNC(=O)c1ccc(Nc2nccc(-c3cnc(C)n3C(C)C)n2)cc1
D05410,COc1cc(C)nc2c(OC)cc(Cc3cnc(N)nc3N)cc12
D05411,O=C(NCC(=O)N1CC[C@H](N[C@H]2CC[C@@](O)(c3ccccn3)CC2)C1)c1cccc(C(F)(F)F)c1
D05412,O=c1[nH]c2ccc(CCCCN3CCN(c4cccc(C(F)(F)F)c4)CC3)cc2s1
D05413,COc1ccc2c(c1)C(=O)N(c1ccc(N3CCOCC3=O)cc1)CN2C(=O)Cc1ccc(Cl)cc1
D05414,CCn1sc(=O)n(C)c1=O
D05415,C#CCN(Cc1ccc2cccc(O)c2n1)C(C#N)CC1CCN(Cc2ccccc2)CC1
D05416,Cc1c(CCOCCF)cc(-c2ccc(S(C)(=O)=O)cc2)n1-c1ccc(F)c(F)c1
D05417,Cc1nn(C2CCOCC2)cc1-c1cc2nn(C)cc2c(O[C@H](C)[C@H]2CNC(=O)C2)n1
D05418,CN(C)CCCOc1ccc(-c2cc3c(cc2F)ncc2c3n([C@H]3CCCOC3)c(=O)n2C)cn1
D05419,COC(=O)c1cnc(C(=O)CCCCCCc2ccccc2)o1
D05420,CC(C)(OCc1cc(-c2cccc(OC3CC3)c2)n(-c2ccc(Cl)cc2Cl)n1)C(=O)O
D05421,COC[C@H]1CCCN1C(=O)CC[C@H]([NH3+])C(=O)N1CCC[C@H]1C#N
D05422,COC(=O)C(=O)Nc1cccc2c1Cc1c-2n[nH]c1-c1csc(C#CCOc2ccccc2)c1
D05423,CN/C=C(\C=N)c1cc2c(cc1C(F)F)N(c1cccc3c1N[C@H](C)CC(=O)N3)CC[C@H]2C
D05424,Clc1ccc(Sc2ccccc2N2CCNCC2)c(Cl)c1
D05425,CC(O)C(=O)N1CC[C@@H](Oc2ccc(-c3ncnc(Nc4ccc(N5CCN(C6COC6)CC5)cc4)n3)cc2C#N)C1
D05426,O=C(NC1(c2ccc(C(F)(F)F)cc2F)CCOCC1)c1cnn2cc(C3CC3)cnc12
D05427,CC(=O)N1CCc2c(c(Nc3cc(-c4cnn(C)c4)ccn3)nn2C)C1
D05428,Cc1ccc(NC(=O)c2sccc2S(=O)(=O)Nc2onc(C)c2Cl)cc1
D05429,Cc1cc(C)nc(N)c1
D05430,C=C1C(C)=C(C(=O)[O-])N2C(=O)/C(=C/c3ccccn3)[C@H]2S1(=O)=O
D05431,O=C(NC1CN2CCC(CC2)[C@@H]1OC(=O)c1cc(O)c(C(=O)c2c(O)cccc2C(=O)O)c(O)c1)c1ccc(O)cc1
D05432,CC(C)[C@@]1(C(=O)O)CC[C@@](C)(c2nc(-c3ccc(C(=O)Nc4cc(C(F)(F)F)ccn4)cc3)c3c(N)nccn23)C1
D05433,C[C@@H](c1ccc(-c2ccc(F)cc2)cc1)[C@H](N)C(=O)N1CC[C@H](F)C1
D05434,COc1c(I)cc(Cc2cnc(N)nc2N)cc1I
D05435,O=C(O)c1ccncc1NCc1ccccc1
D05436,CN(Cc1ccc(OC2CN(C(=O)c3nnc(-c4ccccc4)o3)C2)cc1)CC1(C)COC1
D05437,CC(C)[C@H]1NC(=O)[C@@H](C)[C@@H](CC=CCCC(=O)O)NC(=O)[C@@H](Cc2ccccc2)NC(=O)[C@@H](C)NC1=O
D05438,CS(=O)(=O)CCNC(CS(C)(=O)=O)c1ccc(-c2ccc3ncnc(Nc4ccc(OCc5cccc(F)c5)c(Cl)c4)c3c2)o1
D05439,CS(=O)(=O)c1cc(-c2cc(F)c(CC(C#N)NC(=O)[C@H]3N[C@@H]4CC[C@H]3C4)c(F)c2)ccc1C#N
D05440,CC(=O)NC(C)C#Cc1cnc(Oc2ccc(OCC(C)C)cc2C#N)s1
D05441,CC(C)C1CN(c2nc(-c3ccncc3F)cc(=O)n2C)CCO1
D05442,O=C(N1CC[C@H](N[C@H]2CC[C@@](O)(c3ccc(-c4ncccn4)cn3)CC2)C1)C1(O)CCN(c2cc(C(F)(F)F)ccn2)CC1
D05443,C#Cc1cc(Nc2nccc(Oc3ccc(NC(=O)Nc4cc(C(C)(C)C)nn4-c4ccc(C)cc4)c4ccccc34)n2)cc(C(=O)N[C@H](C)CN2CCOCC2)c1
D05444,CN(C)C(=O)c1cc2cnc(Nc3ccc(N4CC5(CC6CCC(C5)N6C)OC4=O)cn3)nc2n1C1CCCC1
D05445,CC(C(=O)N[C@H]1C2CC3CC1C[C@](O)(C3)C2)N1CCc2ccc3c(c2CC1)OCO3
D05446,COc1cc(OC)cc(-c2cc(COC(C)(C)C(=O)O)nn2-c2ccccc2Cl)c1
D05447,C[C@]1(c2cc(/C=C(/F)c3ccc(C#N)cn3)ccc2F)N=C(N)S[C@@]2(C(=O)N3CCOCC3)C[C@H]21
D05448,c1cc(N2CCOCC2)ccc1-c1cnc2c(-c3cn[nH]c3)cnn2c1
D05449,Cc1cc(-c2[nH]c3ccc(C4CCN(C(=O)CCS(C)(=O)=O)CC4)cc3c2C(C)C)cn2ncnc12
D05450,OC[C@H]1CC[C@H](Nc2ccn3ncc(-c4cccc(Cl)c4)c3n2)CC1
D05451,CCNC(=O)Nc1nc2nc(NCCCCN(CC)CC)ncc2cc1-c1cc(OC)cc(OC)c1
D05452,C=C(C)c1cnc(-c2cc(Cl)ccc2F)cc1Nc1ccncc1C(=O)NCCO
D05453,Cc1c(-c2[nH]c3ccc(C4CCN(C(=O)N5CCN(C)CC5)CC4)cc3c2C(C)C)cn2ncnc2c1C
D05454,CN(C)C1CCN(C(=O)c2ccc(Nc3cc4c(cn3)cc(-c3cnn(C)c3)n4C(=O)OC(C)(C)C)c(Cl)c2)CC1
D05455,C[C@@]1(c2cc(CNCC(F)(F)F)c(F)cc2F)CCSC(N)=N1
D05456,C[C@@H](NC(=O)c1cccnc1Oc1ccc(F)cc1)c1cccs1
D05457,COC(=O)c1c(C(=O)N2CCN(CCO)CC2)cc2cc(OC)c(OC)cc2c1-c1cc(OC)c(OC)c(OC)c1
D05458,O=c1cc(N2CCOCC2)nc(Cc2nc3ccc(F)cc3[nH]2)[nH]1
D05459,CCCCC[C@H]1[C@H](C(=O)O)[C@@H](c2ccc3c(c2)OCO3)CN1CC(=O)N(CCCC)CCCC
D05460,CC(C)(OCc1cc(-c2cccc(OC(F)(F)F)c2)n(Cc2ccccc2Cl)n1)C(=O)O
D05461,O=C([C@@H]1C[C@H](N2CCN(c3ncccn3)CC2)CN1)N1CC[C@H](F)C1
D05462,NC1=N[C@@](c2cc(NC(=O)c3cnc(OCc4cocn4)cn3)ccc2F)(C(F)F)[C@H]2C[C@H]2O1
D05463,NC1=NC2(CCO1)c1cc(NC(=O)c3ccc(Cl)cn3)ccc1Oc1ncc(C3CC3)cc12
D05464,CNC(=N)N(C)Cc1ccc(C(=O)Nc2ccc(Cl)cc2C(=O)Nc2ccc(Cl)cn2)cc1
D05465,COc1cc(Cc2cnc(N)nc2N)cc(OC)c1OCCCCCC(=O)O
D05466,COc1ccc(-c2cc(C(F)(F)F)nn2-c2ccc(S(N)(=O)=O)cc2)cc1C
D05467,Cc1c(-c2[nH]c3ccc(C4CCN(CC(=O)N5CCC5)CC4)cc3c2C(C)C)cn2ncnc2c1C
D05468,Cn1ncc(-c2ccncc2)c1-c1ccc(OCc2cc(OCCOCCF)c3ccccc3n2)cc1
D05469,C[C@H]1CCCC(=O)CCCCCc2cc(O)cc(O)c2C(=O)O1
D05470,C=Cc1cc(Cl)cnc1C(=O)Nc1ccc(F)c([C@]2(C)CS(=O)(=O)C(C)(C)C(N)=N2)c1
D05471,O=C1NCc2cccc(-c3cc4cc(OCCN5CCCCC5)ccc4[nH]3)c21
D05472,C[N+](C)(C)CCOC(N)=O
D05473,COc1ccc2c(c1)c(CC(=O)Nc1cncc(Cl)c1)c(C)n2C(=O)c1ccc(Cl)cc1
D05474,N#Cc1cc(-c2ncnc(Nc3ccc(N4CCN(C5COC5)CC4)cc3)n2)ccc1O[C@H]1CCN(C(=O)c2cocn2)C[C@H]1F
D05475,CC(=O)c1ccc(OCc2cccc(Cl)c2)cc1F
D05476,C=CC(=O)Nc1ccc(S(=O)(=O)N2CCN(C(=O)OCc3cc(F)cc(F)c3)CC2)cc1
D05477,COc1cccc2c1CC1(CCCN1CCCCN1C(=O)CC3(CCCC3)CC1=O)CO2
D05478,O=C(CNO)Cc1c[nH]c2ccc(Cl)cc12
D05479,Oc1cccc(-c2ccc3c(-c4ccccc4)c(O)ccc3c2)c1
D05480,Cc1ccncc1-c1cc(F)c2c(c1)CCc1nnc(C)n1-2
D05481,COCCOc1ccccc1N1CCN(C(=O)[C@]2(Oc3ccc(C(F)(F)F)cc3)CCCN(C(=O)c3cnccc3C(F)(F)F)[C@@H]2CC(O)CO)CC1.Cl
D05482,O=c1[nH]c2c(-c3ccccc3)csc2c(=O)n1O
D05483,N#Cc1cc(-c2ncnc(Nc3ccc(N4CCN(C5COC5)CC4)cc3)n2)ccc1O[C@H]1CCN(C(=O)[C@@H]2COCCN2)C[C@H]1F
D05484,O=C1NN=C2CCCc3[nH]c4cc(F)cc1c4c32
D05485,O=C(O)CNC(=O)c1nc(Cl)c2ccccc2c1O
D05486,CC(C)(C)OC(=O)N1C[C@H](Nc2nc3cc(F)ccc3[nH]2)[C@@H](OC(=O)c2ccc(-c3ccccc3)cc2)C1
D05487,CC(C)(C)Oc1nc(-c2ccc(S(C)(=O)=O)cc2)cc(C(F)(F)F)n1
D05488,COc1ccc(-c2ccc(C(=O)NCC(C)C)cc2C(=O)O)c(C(=O)Nc2ccc(C(=N)N)cc2)c1
D05489,CC1(C)[C@@H]2CC[C@@]1(CS(=O)(=O)N1CCC3(CCc4ccccc43)CC1)[C@@H](NC(=O)CCc1cnc[nH]1)C2
D05490,C[C@@H](c1ccc(-c2ccc(=O)n(CC(F)(F)F)n2)cc1)N1CC[C@](CC(C)(C)O)(c2ccccc2)OC1=O
D05491,CN1C(=O)C(C(=O)Nc2nncs2)c2cc3occc3cc21
D05492,CN(C)C(=O)c1cc2cnc(Nc3ccc(C(=O)N4CC5CCCC(C4)N5)cn3)nc2n1C1CCCC1
D05493,CC1(C)C(N)=N[C@](CF)(c2cc(NC(=O)c3ccc(Cl)cn3)ccc2F)CS1(=O)=O
D05494,CC(C)(C)CN(Cc1nc2c(c(=O)[nH]1)COCC2)C(=O)CN1CCC(C(=O)c2ccc(F)cc2)CC1
D05495,CNc1nc(C)cc(N2CCC(C(=O)NCc3ccccc3C(F)(F)F)CC2)n1
D05496,CCN(C(=O)COC)C1CN(/C(=N\C#N)Nc2ccc(Cl)c(Cl)c2)N=C1c1ccc(Cl)cc1
D05497,O=C(c1ccc(-c2cccs2)cc1)N1CCn2c(nnc2-c2csc(C(F)(F)F)n2)C1
D05498,CCCCc1nc(CCCC)n(Cc2ccc(-n3c(-c4nnn[nH]4)ccc3C(F)(F)F)cc2)n1
D05499,CCCN(Cc1nc2c(c(=O)[nH]1)COCC2)C(=O)CN1CCC(C(=O)c2ccc(F)cc2)CC1
D05500,O=C(/C=C/c1ccc(CNCC23CC4CC(CC(C4)C2)C3)c(F)c1)NO
D05501,CCCC[C@H](NC(=O)O[C@H](Cc1nnc(-c2ccc(C(F)(F)F)cc2)o1)C(C)(C)C)C(=O)C(=O)N[C@H](C)c1ccccc1
D05502,O=C(O)CCc1c[nH]c2ccccc12
D05503,CCC(=O)N(CC1CCCCN1Cc1ccc2c(c1)CCC[C@@H]2O)c1ccccc1
D05504,O=C(NCc1ccc(-c2cc(=O)[nH]cc2F)cc1)c1c(Cl)cccc1Cl
D05505,O=C1NCCN1CCN1CCN([C@H]2C[C@H](c3ccc(F)cc3)c3ccccc32)CC1
D05506,O=C(CCCCCCn1cc(-c2ncnc3[nH]ccc23)cn1)NO
D05507,CC(C)Nc1ccc(-c2cc(N)cc(N)c2)n(CC(=O)NCc2ccc(C(=N)N)cc2)c1=O
D05508,COc1cc(N2C(=O)N(c3ccc(-c4ccc5[nH]ncc5c4)cc3)C(=O)C23CCN(Cc2ncccc2C)CC3)ncn1
D05509,CCCCCCCCN1CC(O)C(O)C(O)C1CO
D05510,O=C(/C=C/c1ccc(O)c(O)c1)c1cc(O)ccc1O
D05511,CC[C@H](NCCO)C(=O)N[C@H]1CCc2ccccc2N(Cc2c(OC)ccc3cc(Br)ccc23)C1=O
D05512,CC(C)(C)OC(=O)N1CCC(C#Cc2ccc3c(=O)c(-c4ccc(NS(C)(=O)=O)cc4)coc3c2)CC1
D05513,O=S(=O)(Nc1ccc(Oc2ccccc2)cc1)c1cccc(C(F)(F)F)c1
D05514,O=c1[nH]c2cc(Br)ccc2c2nc(-c3ccccc3Cl)[nH]c12
D05515,CC1=CC2Cc3[nH]c(=O)ccc3[C@@]3(C1)[C@@H]2CCCN3C(=O)CCN(C)CCCCCCCCCCN(C)CCC(=O)N1CCC[C@@H]2C3C=C(C)C[C@]21c1ccc(=O)[nH]c1C3
D05516,O[C@]1(c2ccc(F)c(F)c2)CCNC[C@@H]1c1onc(-c2cccc3ccccc23)c1Br
D05517,CN1CCCc2c1nc(N1CCN(Cc3ccccn3)CC1)[nH]c2=O
D05518,CN[C@@H](C)C(=O)N[C@H]1CN(C(=O)c2ccc(F)cc2)c2cc(C#N)ccc2N(Cc2c(OC(F)F)ccc3ccccc23)C1=O
D05519,COC[C@@H]1CCCN1S(=O)(=O)c1ccc2c(c1)C(=O)C(=O)N2Cc1ccc(OCCOS(=O)(=O)c2ccc(C)cc2)cc1
D05520,N[C@H]1CN(c2ccncc2Nc2ncc3ccc(-c4ncccc4F)nn23)C[C@@H](N)[C@@H]1O
D05521,CC(=O)CCC[N+](C)(C)C
D05522,O=C(c1cc(Cc2n[nH]c(=O)c3ccccc23)ccc1F)N1CCN(C(=O)C2CC2)CC1
D05523,NC1=N[C@](CF)(c2cc(Nc3nccc4cc(Cl)cnc34)cc(F)c2F)C[C@@H](C(F)(F)F)O1
D05524,O=S(=O)(Nc1nccs1)c1cc(Cl)c(N[C@@H]2CCN(Cc3ccccc3)C2)cc1F
D05525,C[C@@H](NC(=O)c1cc2c(c(C(=O)N[C@@H](Cc3ccccc3)[C@H](O)CNC3CC3)c1)CCCCO2)c1ccccc1
D05526,CNCc1cc(C#N)ccc1Oc1ccc(Cl)cc1OC
D05527,CC(=O)N[C@@H](Cc1ccccc1)C(=O)N[C@H](C(=O)N[C@H](C=O)CCCN=C(N)N)C(C)C
D05528,Cc1n[nH]c2ncnc(NC3CCN(CC(F)(F)c4ccc(C(F)(F)F)cn4)CC3)c12
D05529,NC(=O)c1cccc2c1OCC(c1cncc(CC(=O)N3CCC(F)(F)CC3)c1)O2
D05530,CC1=C(C(=O)Nc2ccc3[nH]ncc3c2)C(c2ccc3ccccc3c2)CC(=O)N1
D05531,N[C@@H](Cc1ccc(O)c(I)c1)C(=O)O
D05532,C=CCCNc1nc(NCc2csc(-c3cccs3)n2)nc(N2CCC[C@@H]2CNS(=O)(=O)c2ccc(CCC)cc2)n1
D05533,CC(C)(Oc1ccc(C#N)cn1)C(=O)N[C@H]1C2CCCC1C[C@H](C(N)=O)C2
D05534,COc1cnc2c(Nc3ccc(F)c([C@@]4(C)N=C(N)C5(CC5)S(=O)(=O)[C@@H]4F)c3)nccc2n1
D05535,C[C@H](c1ccnc(Cl)c1)N1[C@H]2CC[C@@H]1C[C@@H](Oc1cccc(C(N)=O)c1)C2
D05536,Clc1cc(COCC2(c3ccccc3)CCNCC2)cc(Cl)n1
D05537,O=C1NC(=O)c2ccc(Br)cc2/C1=C/NCc1ccc(O)c(O)c1
D05538,CN1CCN=C1N(C)Cc1ccc(C(=O)Nc2ccc(Cl)cc2C(=O)Nc2ccc(Cl)cn2)cc1
D05539,O=C(CBr)NCC(=O)N1CCN(C(=O)C23CC4CC(CC(C4)C2)C3)CC1
D05540,CC/C(=C(\c1ccc(O)cc1)c1ccc(OCCN(C)C)cc1)c1ccccc1
D05541,COc1cc(-c2cn(C)c(=O)c3cnccc23)c(OC)cc1CN(C)C
D05542,O=C1N[C@H](C(=O)O)CCCCCc2cccc(c2)C[C@@H]1CS
D05543,Cc1ccccc1-n1c(Cn2nc(C#CCO)c3c(N)cccc32)nc2cccc(C)c2c1=O
D05544,CC#CCOc1cnc(C(=O)Nc2ccc(F)c([C@@]3(C(F)F)N=C(N)O[C@@H]4C[C@@H]43)c2)cn1
D05545,O=C(NO)c1cnc(N2C[C@H]3[C@H](NCc4ccc5cc(F)ccc5n4)[C@H]3C2)nc1
D05546,CC(=O)c1ccc(OCc2cccc(F)c2)cc1F
D05547,Cc1nc2ccc(N3CC[C@H](c4cc(F)c(F)cc4F)[C@@H]([NH3+])C3)nc2c(=O)[nH]1
D05548,CC1(C)CN(C(=O)[C@@H]2CCC(=O)N2)C[C@@H](F)[C@H]1Oc1ccc(-c2ncnc(Nc3ccc(N4CCN(C5COC5)CC4)cc3)n2)cc1C#N
D05549,CC(C)N1CC2=NNC(=O)c3cccc4[nH]c(c2c34)C1
D05550,C[C@]1(c2cc(/C=C(\F)c3ccc(C#N)cn3)cnc2F)N=C(N)S[C@@]2(C(=O)N3CC[C@@H](F)C3)C[C@H]21
D05551,CCn1c(CCCc2ccc(-c3ccc(NS(=O)(=O)c4ccccc4)cn3)cc2)nn(Cc2ccc(C(C)(C)C)cc2)c1=O
D05552,CCCCCCC1(c2ccc(Oc3ccccc3)cc2)C(=O)NC(=O)NC1=O
D05553,O=C(c1ccc(C(=O)N2CCC(N3CCCC3)CC2)c2ccccc12)N1CCC(N2CCCC2)CC1
D05554,Cc1cc(C)nc(Nc2cc(N[C@@H]3CS(=O)(=O)CC[C@@H]3N)cnc2C(N)=O)c1
D05555,COCCOc1c(OC)cc(Cc2cnc(N)nc2N)cc1OC
D05556,COc1cc2c(cc1OC)-c1n[nH]c(Nc3ccccc3)c1C2
D05557,O=C1NCC2(CCN(c3nc(Oc4cccc(F)c4)cc(C(F)(F)F)n3)CC2)O1
D05558,COc1cc(-c2ccc(F)c(C)c2)c(C#N)cc1-c1nccc2cc(S(=O)(=O)Nc3ccncn3)ccc12
D05559,COC(=O)c1cccc(-c2nnc(C(=O)CCCCCCc3ccccc3)o2)n1
D05560,CC#CCOc1ccc(S(=O)(=O)CC2(C(=O)NO)CCN(c3c(C)noc3C)CC2)cc1
D05561,[NH3+][C@H]1Cn2c(nc3cc(C(F)(F)F)ccc32)C[C@@H]1c1cc(F)c(F)cc1F
D05562,CCCS(=O)(=O)N[C@H]1C[C@@H](N(C)c2ncnc3[nH]ccc23)C1
D05563,N#Cc1cc(O[C@H]2CC[C@H](NC(=O)CCSc3nc4ccccc4c(=O)[nH]3)CC2)ccc1Cl
D05564,CCN(CC)S(=O)(=O)c1cc(Nc2nccc(-c3ccnc(-c4ccc(NC(=O)NC)cc4)c3)n2)ccc1C
D05565,O=C1N[C@H](C(=O)O)CCCCCCc2ccccc2C[C@@H]1CS
D05566,CN(C)C(=O)[C@@H](c1ccc(-c2ccc(F)cc2)cc1)[C@H]([NH3+])C(=O)N1CC[C@H](F)C1
D05567,COc1cc(Cc2cnc(N)nc2N)cc(OC)c1OCCCl
D05568,c1cncc(CNc2ccn3ncc(-c4ccc5ccccc5c4)c3n2)c1
D05569,COC(=O)c1ccccc1NC(=O)CN(C)C(=O)C1C[C@@H](S)CN1S(=O)(=O)c1ccc2ccccc2c1
D05570,CC(=O)N[C@H](C(=O)N[C@@H](CC(=O)O)C(=O)N[C@H](C(=O)N1CCc2cc(C)ccc2C1C(=O)N[C@H]1CC(=O)OC1O)C(C)C)C(C)C
D05571,Cc1ccc(C(=O)NC2CC2)cc1-c1cc2cnn(-c3c(F)cccc3F)c2n(C)c1=O
D05572,C[C@H](c1nc(-c2ccc(NS(C)(=O)=O)cc2Cl)no1)[C@H](N)C(=O)N1CCCC1
D05573,O=C(Nc1cccc(S(=O)(=O)[O-])c1)C(CS)Cc1ccccc1
D05574,O=C(c1cc(Cl)ccc1-n1nccn1)N1CCOC[C@H]1Cc1cccc(-n2nccn2)c1
D05575,C[C@@H](C[C@H](N)C(=O)N1CCCCC1)NCc1ccc(Cl)cc1
D05576,C=C(C)CCC[C@H]1[C@H](C(=O)O)[C@@H](c2ccc3c(c2)OCO3)CN1CC(=O)N(CCCC)CCCC
D05577,Nc1nccn2c1c(-c1ccc3ccc(-c4ccccc4)nc3c1F)nc2[C@H]1CC[C@H](C(=O)Nc2nc3ccccc3[nH]2)CC1
D05578,COc1c(C(C)(C)C)cc(-c2cc(=S)ss2)cc1C(C)(C)C
D05579,N#Cc1cc(-c2ncnc(Nc3ccc(N4CCN(C5COC5)CC4)cc3)n2)ccc1OC1CCN(C(=O)c2ncc[nH]2)CC1(F)F
D05580,CCn1cc([C@@]2(c3nn(CC(N)=O)c(=O)o3)N[C@@H](c3nc(-c4ccc(F)cn4)c[nH]3)Cc3c2[nH]c2ccccc32)cn1
D05581,Cc1c(Nc2c(C#N)cncc2/C=C/c2cccc(OCCN3CCN(C)CC3)c2)ccc2[nH]ccc12
D05582,CN[C@@H](C)C(=O)N[C@H]1CN(C(=O)c2ccc3[nH]ncc3c2)c2ccccc2N(Cc2c(C)ccc3ccccc23)C1=O
D05583,CCCCC/C=C\C/C=C\CC=CC=CC(=O)CCCC(=O)O
D05584,N#Cc1cc(-c2ncn(CC(F)F)c2-c2ccc3ncc(C#N)n3n2)ccc1F
D05585,CCCc1cc(Oc2ccc(Cl)cc2)ccc1OCCCOc1cccc(-c2sc(=O)[nH]c2O)c1
D05586,Cn1c(N2CCOC(C3CCC3)C2)nc(-c2ccncc2F)cc1=O
D05587,C[C@@H](Oc1nc(-c2cc3cccc(Cl)c3[nH]2)cc2nn(C)cc12)[C@H]1CNC(=O)C1
D05588,CCN(CC)CCCC[C@H](NC(=O)[C@H](CC(C)C)NC(=O)[C@H](C)NC(=O)[C@H](Cc1ccccc1)NC(=O)Cc1ccc2ccccc2c1)C(=O)N[C@@H](CO)C(=O)OC
D05589,Cc1nc2n(c(=O)c1CCN1CCC(c3noc4cc(F)ccc34)CC1)CCCC2
D05590,C[C@H]1Nc2c(cccc2N2CCCc3cc(-c4cnn(C)c4)c(C(F)F)cc32)NC1=O
D05591,Cc1cc(N2C(=O)c3c(NC(=O)OC(C)(C)C)cn(C)c3C2c2ccc(Cl)cc2)nc2c1nnn2C
D05592,Cc1c(CN(C)C(=O)/C=C/c2cnc3c(c2)CCC(=O)N3)c2ccccc2n1C
D05593,COc1cc(N2C(=O)N(c3ccc(-c4ccc(C(N)=O)cc4)cc3)C(=O)C23CCN(Cc2ncccc2C)CC3)ncn1
D05594,COc1cc2c(cc1Nc1ncc(Cl)c(Nc3ccccc3S(=O)(=O)C(C)C)n1)CC/C(=N\N1CCN(C)CC1)C2(C)C
D05595,Cn1cc(C(O)C(=O)N2CC[C@H](Oc3ccc(-c4ncnc(Nc5ccc(N6CCN(C7COC7)CC6)cc5)n4)cc3C#N)[C@H](F)C2)cn1
D05596,COc1cc2oc(-c3ccc(N4CCCCC4)cc3)cc(=O)c2cc1OC
D05597,C#CCOc1cnc(C(=O)Nc2ccc(F)c([C@]3(C)C[C@@H](C(F)(F)F)OC(N)=N3)c2)cn1
D05598,COc1cnc(-c2ccc(Cn3c(CC(C)(C)C(=O)O)c(SC(C)(C)C)c4cc(OC[C@@H]5Cc6ccccc6N5C(C)=O)ccc43)cc2)nc1
D05599,Cc1nn(C(C)C)c2c1C(c1ccc(Cl)cc1F)N(c1cc(C)c3nnc(C)n3c1)C2=O
D05600,CO[C@@H]1[C@H](O)[C@@H](CO)O[C@H]1n1cnc2c(N)ncnc21
D05601,O=P([O-])([O-])C(CCCc1cccc(Oc2ccccc2Cc2ccccc2)c1)S(=O)(=O)[O-]
D05602,O=C(NCC1(O)CCCCC1)C1CCN(Cc2ccn(-c3ccc(C(F)(F)F)cc3)c2)CC1
D05603,NC1CCC(N[C@H]2C[C@@H]2c2cccnc2)CC1
D05604,Cc1ccc(NC(=O)c2cccc(C(F)(F)F)c2)cc1C(=O)Nc1cnc(N)nc1
D05605,Cc1ccc(S(=O)(=O)NC(=O)N2CCC(N3CCC(Oc4ccc(Cl)c(Cl)c4)CC3)CC2)cc1
D05606,CC(C)(O)[C@@]12SC(N)=N[C@](C)(c3cc(/C=C(\F)c4ccc(C#N)cn4)ccc3F)[C@@H]1C2(F)F
D05607,N#Cc1ccc2cc3c(=O)[nH]c(=O)nc-3n(-c3ccc(O)cc3)c2c1
D05608,CN1Cc2ccc(-c3ccc(C[C@@H](C#N)NC(=O)C4(N)CCOCC4)cc3)cc2C1=O
D05609,Cc1ccc(NC(=O)c2cccc(C(F)(F)F)c2)cc1C(=O)Nc1cnc(NCCN2CCOCC2)nc1
D05610,O=C(c1ccc(S(=O)(=O)CC(CCCc2ccccc2)C(=O)NO)cc1)c1cc[n+]([O-])cc1
D05611,N[C@H]1CN(c2ncnc(-c3ccccc3)n2)C[C@@H]1N1CCCCC1=O
D05612,O=C(c1cccc2[nH]ccc12)N1CC[C@](O)(c2ccccc2)[C@H]2CCCC[C@@H]21
D05613,Cc1nccc2c1c1ncnc(N3CCN(CCc4ccc(F)c(F)c4)CC3)c1n2C
D05614,CSCC[C@H](NC(=O)Cc1cccs1)C(=O)SCC(=O)O
D05615,COC(=O)C1=C(C)NC(C)=C(C(=O)OCC(C)C)C1c1ccccc1[N+](=O)[O-]
D05616,COc1cc2ncnc(Oc3cccc(Br)c3)c2cc1OC
D05617,CC(C#Cc1cnc(Oc2ccc(Oc3ccccc3)cc2)s1)NC(N)=O
D05618,Cc1nnc(-c2ccc(CN3C[C@H](N)[C@H](C(=O)C4[C@@H](F)CC[C@H]4C#N)C3)cc2)o1
D05619,COc1ccc(-c2nn3c(-c4ccco4)nnc3s2)cc1OC
D05620,O=C(/C=C/c1cccc(CNC23CC4CC(CC(C4)C2)C3)c1)NO
D05621,CN1CCN(C(=O)c2ccc(-c3cc(Cl)c4c(c3)C3(CCCCC3)NC(=O)N4)cc2)CC1
D05622,CC(C)[C@@H]1CN(C(=O)[C@]23C[C@H]2[C@@](C)(c2cc(/C=C(\F)c4ccc(C#N)cn4)ccc2F)N=C(N)S3)CCO1
D05623,O=C(Nc1ccccc1)Nc1cc(OCC(F)(F)F)cc(OCC(F)(F)F)c1
D05624,CCN(C)C(=O)c1ccc([C@H](c2ccccn2)N2CCN(Cc3ccccn3)CC2)cc1
D05625,Nc1nnc(SCCN2CCC(Cc3ccccc3)CC2)[nH]1
D05626,CCCCCCNC(=O)Oc1cccc(-c2ccc(C)cc2F)c1
D05627,COc1ncccc1-n1nc(C)c2c1C(=O)N(c1cc(C)c3nnc(C)n3c1)C2c1ccc(Cl)cc1
D05628,COc1cnc(N2CCC[C@@H](N)C2)n(Cc2ccccc2C#N)c1=O
D05629,CN(Cc1ccccc1)C(=O)c1ccc(S(=O)(=O)Nc2ccccc2)cc1
D05630,c1cncc(-c2cnn3cc(-c4ccc(OCCN5CCCCC5)cc4)cnc23)c1
D05631,COCCCc1cc(CN(C(=O)[C@H]2CNCC[C@@H]2c2ccc(OCCOc3c(Cl)cc(C)cc3Cl)cc2)C2CC2)cc(OCC[C@](C)(OC)C(=O)O)c1
D05632,C[C@]1(c2cc(/C=C(\F)c3ccc(C#N)cn3)ccc2F)N=C(N)S[C@@]2(C(=O)N3CCCCC3)C[C@H]21
D05633,NC(=O)c1cnc2ccc(-c3c(-c4ccc(F)cc4)ncn3CCCO)cn12
D05634,CN(C)c1ccc(CN=Nc2nc3ccccc3nc2Cc2ccccc2)cc1
D05635,Cc1cc(Cl)ccc1C1c2c(nn(C(=O)N(C)c3ccccc3)c2C(C)C)C(=O)N1c1cc(Cl)ccc1C
D05636,CCc1cccc(-c2c[nH]nn2)c1
D05637,O=C(NCc1nc(-c2ccccc2)c[nH]1)Nc1ncc(Sc2ccc(C(=O)O)cc2)s1
D05638,CNCC[C@@H](Oc1cc(C(F)(F)F)ccc1C#N)c1ccccc1
D05639,N#C[C@@H]1C[C@H](F)CN1C(=O)[C@@H]1C[C@@H](CC(=O)N2Cc3ccc(Cl)cc3C2)C(=O)N1
D05640,Cc1c(-c2[nH]c3ccc(C4CCN(C(=O)N5CCN(C(C)C)CC5)CC4)cc3c2C(C)C)cn2ncnc2c1C
D05641,COC[C@@H]1CCCN1S(=O)(=O)c1cc(I)c2c(c1)C(=O)C(=O)N2CCCF
D05642,Cc1cc(C(=O)N2CCOCC2)[nH]c1/C=C1\C(=O)Nc2ncnc(Nc3ccc4c(ccn4Cc4ccccc4)c3)c21
D05643,O=C(Cc1nc(N2CCOCC2)cc(=O)[nH]1)Nc1cccc(Br)c1
D05644,COc1cc2c(Nc3ccc(F)c(Cl)c3F)ncnc2cc1OC[C@@H]1CN2CCOCC2CO1
D05645,N#Cc1cc(-c2ncnc(Nc3ccc(N4CCN(C5COC5)CC4)cc3)n2)ccc1O[C@H]1CN(C(=O)CO)CC1(F)F
D05646,C[C@@H](c1ccc(-c2ccc(=O)n(C)n2)cc1)N1CC[C@](CC(C)(C)O)(c2ccc(F)cc2)OC1=O
D05647,CN1CCc2c(n(CCCCCCCCCn3c4c(c5ccccc53)CCN(C)C4)c3ccccc23)C1
D05648,CCCC1O[C@@H]2C[C@H]3[C@@H]4CCC5=CC(=O)C=C[C@]5(C)[C@H]4[C@@H](O)C[C@]3(C)[C@]2(C(=O)CO)O1
D05649,COc1cc(Cl)ccc1-c1cccc2cc(S(=O)(=O)Nc3ncns3)ccc12
D05650,Cc1ccc(C(=O)n2nc(-c3cccnc3)nc2N)cc1
D05651,CNC(=O)c1cccc(NCc2nc(-c3ccncc3)n[nH]2)c1
D05652,CC(C)c1ncc([C@]2(O)CC[C@H](N3CC(NC(=O)CNc4ncnc5ccc(C(F)(F)F)cc45)C3)CC2)s1
D05653,O=C(O)[C@@H]1[C@@H](Sc2ccc(-c3ccc(Cl)cc3)cc2)CC[C@H]1Cn1nnc2ccccc2c1=O
D05654,[2H]C1([2H])OC(N)=N[C@]12c1cc(-c3cncnc3)ccc1C[C@@]21CC[C@H](OC)[C@@H](C)C1
D05655,CN(C(=O)N1CC[C@H](n2cnc3cc(-c4ccc(Cl)cc4)sc3c2=O)C1)[C@H]1CCN(C2CCOCC2)C1
D05656,CC(C)COCC(CN(Cc1ccccc1)c1ccccc1)N1CCCC1
D05657,Cc1ccc(C(=O)Nc2ccc3c(c2)[C@@]2(CCOC(N)=N2)c2cc(C4=CCCOC4)ncc2O3)nc1
D05658,Nc1ccc(CC(C(=O)O)c2cnc[nH]2)cn1
D05659,CCOC(=O)[C@H]1CC[C@@H](N2CC(NC(=O)CNc3nn(C(N)=O)c4ccc(C(F)(F)F)cc34)C2)CC1
D05660,CC(=N)C(C#N)C(=O)CSc1nnc(NC(C)C)s1
D05661,COC[C@]12C[C@H]1[C@@](C)(c1cc(/C=C(\F)c3ccc(Cl)cn3)ccc1F)N=C(N)S2
D05662,C/C=C/C(=O)Nc1ccc2ncnc(Nc3cccc(Br)c3)c2c1
D05663,N[C@@H](CC(=O)N1CCN(C(c2ccccc2)c2ccc(Cl)cc2)CC1)C(=O)N1Cc2ccc(F)cc2C1
D05664,CCNC(=O)Nc1nc2nc(NCCCCN(CC)CC)ncc2cc1-c1c(Cl)cccc1Cl
D05665,COc1c(Cl)cc(-c2cc(C(F)F)nn2-c2ccc(S(N)(=O)=O)cc2)cc1Cl
D05666,CSc1ccc2ncnc(NCc3ccc4c(c3)OCO4)c2c1
D05667,O=C(CNc1cc(C(F)(F)F)nc2ccc(C(F)(F)F)cc12)NC1CN([C@H]2CC[C@@](O)(c3cncs3)CC2)C1
D05668,O=C(O)c1cccc(S(=O)(=O)N2CCc3cc([N+](=O)[O-])ccc3C2)c1
D05669,CCN1CCN(c2nc(COc3cc4ncnc(Nc5ccc(Cl)c(Cl)c5)c4cc3OC)cs2)CC1
D05670,CC(C)(C)OC(=O)NC(C(=O)N1CCC[C@H]1C(=O)NC(C=O)CCCNC(=N)N)c1ccc(Cl)c(Cl)c1
D05671,OC[C@H]1O[C@]2(OCc3ccc(Cc4ccc(OC(F)(F)F)cc4)cc32)[C@H](O)[C@@H](O)[C@@H]1O
D05672,CCOC(=O)c1nn(-c2ccccc2)/c(=N/c2nc(-c3ccccc3)cc(-c3ccccc3)c2C#N)s1
D05673,C[C@H](O)C(=O)N1CC[C@H](Oc2ccc(-c3ncnc(Nc4ccc(N5CCOC[C@H]5CO)cc4)n3)cc2C#N)[C@H](F)C1
D05674,CN(C)C(=O)CC(NC(=O)C1(N)CCN(c2ncnc3[nH]ccc23)CC1)c1ccc(Cl)cc1
D05675,CC[C@H](N)C(=O)NC1C(=O)N(Cc2c(OC)ccc3cc(Br)ccc23)c2ccccc2N(c2ccccc2)C1=O
D05676,COCCN(C(=O)Nc1ccc(-c2ncnc3[nH]c(C)c(C)c23)cc1F)c1ccc(Cl)cc1
D05677,C=CC[N+](C)(C)C
D05678,COc1cc(NC2CN(CCCF)C2)ccc1[C@@H]1c2ccc3[nH]ncc3c2C[C@@H](C)N1CC(C)F
D05679,O=C(NC1CCN(Cc2ccn(-c3ccc(C(F)(F)F)cc3)c2)CC1)N1CCCC(C(=O)N2CCCC2)C1
D05680,COc1ccc(C(=O)Nc2ccc3c(c2)C2(CCOC(N)=N2)c2cc(-c4ccnc(F)c4)nc(F)c2O3)nc1
D05681,COCC(=O)N1CC[C@H](Oc2ccc(-c3ncnc(Nc4ccc(N5CCN(C6COC6)CC5)c(F)c4)n3)cc2C#N)[C@H](F)C1
D05682,CCOCCn1cnc(-c2ccc(F)cc2)c1-c1ccc2ncc(C#N)n2c1
D05683,N[C@@H](CC(=O)N1CCNC[C@H]1Cc1ccccc1)Cc1cc(F)ccc1F
D05684,Cc1cc(OC(F)F)cnc1C(=O)Nc1cc(F)c(Cl)c([C@@]2(CF)N=C(N)O[C@@H]3C[C@@H]32)c1
D05685,CC(Nc1ncnc(N)c1C#N)c1nc2ccc(F)cc2cc1-c1ccccn1
D05686,Fc1ccc(N2CCN3CC2CCC3C(c2ccccc2)c2ccccc2)cc1
D05687,CO[C@@H](C)C(=O)N1CC[C@H](Oc2ccc(-c3ncnc(Nc4ccc(N5CCN(C6COC6)CC5)cc4)n3)cc2C#N)[C@H](F)C1
D05688,COc1ccc2cc(Br)ccc2c1CN1C(=O)[C@@H](NC(=O)[C@H](C)N)CN(C(=O)c2ccc(C(C)=O)cc2)c2ccccc21
D05689,OC[C@]12COC(c3ccc(Cl)c(Cc4ccc(OCC(F)(F)F)cc4)c3)(O1)[C@H](O)[C@@H](O)[C@@H]2O
D05690,N#Cc1cc(-c2ncnc(Nc3ccc(N4CCN(C5COC5)CC4)cc3)n2)ccc1O[C@H]1CCN(C(=O)C2(C#N)CC2)C[C@H]1F
D05691,CONC(=O)c1cc(Nc2ncnn3cc(NC(=O)OCC4CCCO4)c(C(C)C)c23)c(F)cc1F
D05692,CC(=N)N1CC[C@H](Oc2ccc([C@H](Cc3ccc4ccc(C(=N)N)cc4c3)C(=O)O)cc2)C1
D05693,O=C(Nc1ccc(F)cn1)c1cc(Oc2cncc(F)c2)cn2cnnc12
D05694,CC(C)(C)OC(=O)NCC(=O)Nc1ccc2ncnc(Nc3cccc(Br)c3)c2c1
D05695,CN(C)C(=O)c1cc2cnc(Nc3ccc(C(=O)N4C[C@@H]5CNC[C@H](C4)C5O)cn3)nc2n1C1CCCCCC1
D05696,CC(C)(C)NCC(=O)N1C[C@@H](F)C[C@H]1C(=O)c1noc(C(C)(C)C)n1
D05697,O=C(CCc1cnn2c1CCc1cc(O)ccc1-2)Nc1ccccc1C(=O)O
D05698,CN(C)C(=O)c1cc2cnc(Nc3ccc(N4C[C@@H]5CC[C@H](CC4=O)N5S(C)(=O)=O)cn3)nc2n1C1CCCC1
D05699,NC1=N[C@@](c2cc(NC(=O)c3ccc(Cl)cn3)ccc2F)(C(F)F)[C@H]2C[C@H]2O1
D05700,N#Cc1cnc2ccc(-c3c(-c4ccc(F)cc4)ncn3C3CC3)cn12
D05701,C=CC(=O)Nc1cccc(Nc2ncc(NC(=O)c3cc(NC(=O)c4cccc(C(F)(F)F)c4)ccc3C)cn2)c1
D05702,CO[C@@H]1[C@@H](OC(N)=O)[C@@H](O)[C@H](Oc2ccc3c(O)c(NC(=O)c4ccc(O)c(CC=C(C)C)c4)c(=O)oc3c2C)OC1(C)C
D05703,CC(C)C[C@H](NC(=O)[C@H](Cc1ccc(N)cc1)NC(=O)[C@H](Cc1ccccc1)N=[N+]=[N-])C(=O)N[C@H](/C=C/S(C)(=O)=O)Cc1ccc(CN)cc1
D05704,CN[C@@H](C)C(=O)N[C@H]1CN(C(=O)c2ccc(N)cc2)c2cc(Cl)ccc2N(Cc2c(OC)ccc3ccccc23)C1=O
D05705,COc1ccc(-c2cc3c(c(=O)o2)C[C@]2(O)[C@@]4(C)C(=O)C=CC(C)(C)[C@]4(O)CC[C@@]2(C)O3)cc1OC
D05706,O=S(=O)(Nc1ncc(Cl)s1)c1cc(Cl)c(NCC23CCCN2CCC3)cc1F
D05707,Cc1cnc(Nc2cc(N3CCOCC3)nc(N[C@@H](C)c3ncc(F)cn3)n2)s1
D05708,COCCn1cc(C)c2c1C(c1ccc(Cl)cc1)N(c1cc(C)c3nnc(C)n3c1)C2=O
D05709,O=C(c1ccc(F)cc1)C1CCN(CC(=O)N(Cc2nc3c(c(=O)[nH]2)COCC3)C[C@@H]2CCCO2)CC1
D05710,COc1cc(-c2csc3ccccc23)cc2c1OCCN(Cc1cccnc1)C2
D05711,O=C(OCC12CCN(CC1)CC2)c1c[nH]c2cc(O)c(F)cc12
D05712,Cc1cc(OCc2ccc(F)cc2F)c(Br)c(=O)n1Cc1ccc(CN(C)C)cc1
D05713,Cc1cc(Nc2nc(O[C@@H](C)c3ncc(F)cn3)ncc2Cl)[nH]n1
D05714,CCN1CCC(S(=O)(=O)c2c(Cl)ccc(NC(=O)Nc3cccc(F)c3Cl)c2O)CC1
D05715,CCOC(=O)[C@H](OCC)c1cc(-c2ccc(S(C)(=O)=O)cc2)n(-c2ccc(OC)cc2)c1C
D05716,C#CCOc1cnc(/C(F)=C/c2ccc(F)c([C@@]3(C)N=C(N)S[C@@]4(C(=O)N5CCOC[C@H]5C)C[C@H]43)c2)cn1
D05717,C[C@H]1CN(C2COC2)CCN1c1ccc(Nc2ncnc(-c3ccc(O[C@H]4CCN(C(=O)CCO)C[C@H]4F)c(C#N)c3)n2)cc1
D05718,CC(=N)N1CCC(Oc2ccc3c(c2)OCC(=O)N3Cc2cc(-c3cccc(C(=N)N)c3)no2)CC1
D05719,O=C(Cc1cccc2cnccc12)Nc1scnc1-c1cscn1
D05720,C=C[C@H]1CN2CC[C@H]1C[C@@H]2[C@@H](O)c1ccnc2ccc(OC)cc12
D05721,NC(=O)c1cccc2c(NCc3cccc(NC(=O)c4ccnc(NCCO)c4)c3)ncnc12
D05722,C[C@@H](c1ccc(-c2ccn(C)c(=O)c2)cc1)N1CC[C@](CC(C)(C)O)(c2ccccc2F)OC1=O
D05723,O=[N+]([O-])c1cccc(NC(P(=O)(O)O)P(=O)(O)O)c1
D05724,Cc1ccc(-n2nccn2)c(C(=O)N2CCOC[C@@]2(C)Cc2cccc(-n3nccn3)c2)c1
D05725,CCC(=O)Nc1ccc2ncnc(Nc3ccc(NC(=O)Nc4cc(C(C)(C)C)nn4-c4cccc(N)c4)cc3)c2c1
D05726,CCOC[C@@H](CC(C)C)NC(=O)[C@@H]1CNC[C@H](C(=O)N(c2cc(OC)c(C(C)C)cn2)C2CC2)C1
D05727,COc1cc(NC(=O)c2cccc(-n3cc(NC(=O)Nc4ccccc4Cl)cn3)c2)cc(OC)c1OC
D05728,COc1cc(Nc2ncnc(-c3ccc(O[C@H]4CCN(C(=O)CO)CC4(F)F)c(C#N)c3)n2)ccc1N1CCN(C2COC2)CC1
D05729,COc1cc(N2C(=O)N(c3ccc(-c4ccc(C(=O)O)c(Cl)c4)cc3)C(=O)C23CCN(Cc2ncccc2C)CC3)ncn1
D05730,COC(=O)c1ccc(-c2cccc(OC3OC(CO)C(O)C(O)C3O)c2)cc1
D05731,COc1cccc(-c2c(C)n(Cc3c(F)cccc3Cl)c(=O)n(C[C@H](NCCCC(=O)O)c3ccccc3)c2=O)c1F
D05732,Cc1ccc(Nc2nc(N[C@@H]3CCCC[C@@H]3N)ncc2C(N)=O)cc1
D05733,FC(F)Oc1cc(-c2cnn(Cc3cn[nH]c3)c2)ccc1Cl
D05734,COc1cc2[nH]ncc2cc1-c1ccccc1C(F)(F)F
D05735,CC[C@H](C)[C@@H]1NC(=O)[C@@H]2CSSC[C@@H]3NC(=O)[C@H](C(C)C)NC(=O)[C@H](CC(C)C)NC(=O)[C@H](CC(N)=O)NC(=O)[C@@H]4CCCN4C(=O)[C@H](CCCNC(=N)N)NC(=O)[C@H](CSSC[C@H](NC(=O)[C@@H](N)CC(=O)O)C(=O)N[C@@H](CC(C)C)C(=O)NCC(=O)N[C@@H](Cc4ccccc4)C(=O)N[C@@H](CCSC)C(=O)N[C@@H](CCCNC(=N)N)C(=O)N[C@@H](CCCCN)C(=O)N2)NC(=O)[C@H](CSSC[C@@H](C(=O)N[C@@H](CCCCN)C(=O)N[C@@H](Cc2ccc(O)cc2)C(=O)N[C@H](C(=O)N[C@@H](Cc2ccccc2)C(N)=O)C(C)C)NC(=O)[C@H](Cc2c[nH]c4ccccc24)NC(=O)[C@H](CCC(=O)O)NC(=O)[C@H](Cc2cnc[nH]2)NC(=O)[C@H]([C@@H](C)O)NC(=O)[C@H](CCCNC(=N)N)NC(=O)[C@H](CO)NC3=O)NC(=O)[C@H](CCCCN)NC(=O)[C@H](CC(=O)O)NC(=O)[C@H](CC(N)=O)NC(=O)[C@H](CC(=O)O)NC(=O)[C@@H]2CCCN2C1=O
D05736,CCCN(CCCCCN1C(=O)CC2(CCCC2)CC1=O)C1COc2cccc(OC)c2C1
D05737,C[C@H](NC(=O)C(C)(C)Oc1ccc(C(F)(F)F)cn1)[C@@H](Cc1ccc(Cl)cc1)c1cccc(C#N)c1
D05738,OCC1CCN(c2nccnc2Oc2ccc(Nc3nc4ccccc4[nH]3)cc2)CC1
D05739,Nc1ccc(-c2ccccc2F)cc1NC(=O)c1ccc(C(=O)N2CCC3(CCCN3)CC2)cc1
D05740,CCN(C)C(=O)c1ccc([C@H](c2cccc(NC(=O)C3CC3)c2)N2CCN(CCCOC)CC2)cc1
D05741,COc1ccccc1C1CC(c2ccc(O)cc2O)=NN1C(C)=O
D05742,O=C(c1cccc2[nH]ncc12)N1CC[C@@](O)(c2ccccc2)[C@@H]2CCCC[C@@H]21
D05743,N[C@@H](CCNCc1ccc(Cl)cc1)C(=O)N1CC=CCC1
D05744,C[C@H]1O[C@@H](O[C@H]2[C@@H](O)C[C@H](O[C@H]3[C@@H](O)C[C@H](O[C@H]4CC[C@]5(C)[C@H]6CC[C@]7(C)[C@@H](C8=CC(=O)OC8)CC[C@]7(O)[C@@H]6CC[C@@H]5C4)O[C@@H]3C)O[C@@H]2C)C[C@H](O)[C@@H]1O
D05745,N[C@@H](CCNCc1ccccc1)C(=O)N1CCCCC1
D05746,O=C(O)c1ccncc1NCc1ccco1
D05747,CO[C@@H]1CC(=O)[C@]2(C)[C@@H]1[C@H](OC(C)=O)C[C@@H]1[C@@]3(C)CC[C@H](O)C(C)(C)[C@@H]3CC[C@]12C
D05748,Cc1c([C@H]2CN3CCN(C(=O)Cc4ccc(-n5cnnn5)nn4)C[C@H]3CO2)ccc(F)c1C#N
D05749,Nc1nc(N)c2nc(CNc3ccc(C(=O)N[C@@H](CCC(=O)O)C(=O)O)cc3)ccc2n1
D05750,Cn1cc(-c2cnc3ccc4ccc(NS(=O)(=O)N5CCC5)cc4c(=O)c3c2)cn1
D05751,CONC(=O)c1cc2c(Sc3ccc(C)cc3)cncc2s1
D05752,O=C(c1ccccc1)c1nc2ccccc2n2c(-c3ccccc3)nnc12
D05753,Cc1ccc(S(=O)(=O)NC2c3ccccc3Oc3ccccc32)cc1
D05754,CCc1ccc2[nH]c(C(=O)c3cc(C)ccn3)c(CC(=O)O)c2c1
D05755,O=C(c1ccccc1)C(Cc1ccc(C(F)(F)P(=O)(O)O)cc1)(Cc1ccc(C(F)(F)P(=O)(O)O)cc1)c1ccccc1
D05756,Cc1c([C@@H](O)CN2CCC3(CC2)CCN(c2ccc(S(C)(=O)=O)cn2)C3)ccc2c1COC2=O
D05757,COc1cccc(CN(CCO)C(=O)Nc2ccc(-c3cn[nH]c3)cc2)c1
D05758,O=C1NN=C2CN(C(=O)C3CC3)Cc3[nH]c4cccc1c4c32
D05759,C[C@H](C(=O)N[C@@H](Cc1ccccc1)C(=O)N(C)CC(N)=O)N(C)C(=O)[C@@H](N)Cc1ccc(O)cc1
D05760,C1=C(c2c[nH]c3ccccc23)CCNC1
D05761,CCCCc1nc(CCCC)n(Cc2ccc(-n3c(F)ccc3-c3nnn[nH]3)cc2)n1
D05762,CC1(C)OC[C@H]([C@@H](CS(=O)(=O)c2ccc(Oc3ccc(OC(F)(F)F)cc3)cc2)N(O)C=O)O1
D05763,COc1cnc(C(=O)Nc2ccc(F)c(C3(CF)CS(=O)(=O)C(C)(C)C(N)=N3)c2)cn1
D05764,Cc1cc(-c2cnn3c(NCC4CCOCC4)nc(Oc4ccccc4)nc23)ccc1C(=O)NC1CC1
D05765,Cn1c(=O)c(Oc2ccc(F)cc2F)cc2cnc(NC(CCO)CCO)nc21
D05766,Cc1cc(C(F)F)cnc1C(=O)Nc1ccc(F)c([C@@]2(CF)N=C(N)O[C@@H]3C[C@@H]32)c1
D05767,CC(=O)N1CCC(n2ncc(Nc3ncc(Cl)c(-c4cnc5ccccn45)n3)c2C)CC1
D05768,Cc1noc(C)c1-c1ccccc1
D05769,N=C(N)c1cccc(C2Oc3ccccc3N(CCCCCN3CCCCC3)C2=O)c1
D05770,Cc1[nH]c2nc(N)[nH]c(=O)c2c1Sc1ccc(C(=O)N[C@@H](CCC(=O)O)C(=O)O)cc1
D05771,Cn1cc(-c2cc3cnc(Nc4ccc(-c5cncnc5)cc4Cl)cc3n2C(=O)OC(C)(C)C)cn1
D05772,CCCCN(CCCC)C(=O)CN1C[C@H](c2cccc(F)c2)[C@@H](C(=O)O)[C@@H]1c1ccc(OC)cc1
D05773,CNCCNc1nc2ccccc2nc1Cc1ccccc1
D05774,O=C(Nc1ccncc1)Nc1ccc(-c2nc(N3CCOCC3)nc(N3C4CCC3COC4)n2)cc1
D05775,CC(C)n1cnc2c(Nc3cccc(Cl)c3)nc(NCCO)nc21
D05776,C(#Cc1cnc2c(-c3ccnc4ccccc34)cnn2c1)CN1CCNCC1
D05777,COCCC(=O)N1CC(C#Cc2ccc3c(=O)c(-c4ccc(NS(C)(=O)=O)cc4)coc3c2)C1
D05778,CN(C)CCCOc1ccc(-c2ccc3ncc4c(c3c2)n([C@H]2CCOC2)c(=O)n4C)c(F)n1
D05779,CN1CC=C(c2c[nH]c3ccc(NC(=S)NC(=O)c4ccccc4)cc23)CC1
D05780,CO[C@@H]1COCC[C@@H]1N[C@@H]1CC[C@@](C(=O)N2CCN(c3cc(C(F)(F)F)ncn3)CC2)(C(C)C)C1
D05781,O=P(O)(O)C(Nc1ccc(C(F)(F)F)cc1)P(=O)(O)O
D05782,N#C[C@@H]1CCCN1C(=O)[C@@H]([NH3+])CCC(=O)N1CCn2cc(C(F)(F)F)nc2C1
D05783,CN(C)C(=O)[C@@H](c1ccc(-c2ccc(F)cc2)cc1)[C@H](N)C(=O)N1CC[C@H](F)C1
D05784,Cc1noc(NS(=O)(=O)c2ccsc2C(=O)Nc2ccc3c(c2C)OCO3)c1Cl
D05785,CNC(C)C1(c2ccc(Cl)c(Cl)c2)CCCCC1
D05786,Cc1c([C@@H]2CN3CCN(C(=O)Cc4ccc(-n5cnnn5)cn4)C[C@H]3CO2)ccc(F)c1C#N
D05787,O=c1[nH]c2ccccc2c(=O)n1O
D05788,Nc1cccc(C(Cc2cccnc2-c2cccc(C(F)(F)F)c2)c2cccnc2)n1
D05789,CCS(=O)(=O)n1c2c(c3cc(C(=O)N4CCC(C)CC4)ccc31)CN(C1CCOCC1)CC2
D05790,C/C=C1\C2C=C(C)CC1(N)c1ccc(=O)[nH]c1C2
D05791,COc1cc(/C=C/C(=O)NCCC2CCN(Cc3ccccc3)CC2)ccc1O
D05792,NS(=O)(=O)c1ccc(-n2nc(C(F)(F)F)cc2-c2ccc(Cl)cc2Cl)cc1
D05793,Cc1c(N)c(=O)n(-c2ccccc2)n1C
D05794,O=C([C@@H]1CN[C@H](C(=O)N2CCSC2)C1)N1Cc2ccccc2C1
D05795,[NH3+][C@H]1CN(c2ccc(C(F)(F)F)cn2)CC[C@@H]1c1cc(F)c(F)cc1F
D05796,O[C@H]1CC[C@H](Nc2nc(NC3CCCCC3)ncc2-c2ccccn2)CC1
D05797,Cc1[nH]c2ccccc2c1CC(=O)N1Cc2ccc(/C=C/C(=O)NO)cc2C1
D05798,C[C@H](Nc1nc(Nc2cc(C3CC3)n[nH]2)cnc1C#N)c1ccc(F)cn1
D05799,CC[C@@H](Nc1nc(NCc2cccnc2)c2ncn(C(C)C)c2n1)[C@H](C)O
D05800,N#Cc1cc(-c2ncnc(Nc3ccc(N4CCN(C5COC5)CC4)cc3)n2)ccc1OC1CCOCC1
D05801,CC(C)NC(=O)N(Cc1cccc(C#Cc2ccc(Cl)cc2)c1)Cc1cccc(C#Cc2cccnc2)c1
D05802,CC(C)(C)C(=O)NC[C@@H]1CCCN1C(=O)C[C@H](N)Cc1cc(F)c(F)cc1F
D05803,CCc1nn(CCO)c2c1C(c1ccc(Cl)cc1)N(c1cc(C)c3onc(C)c3c1)C2=O
D05804,CCn1nc(C)c2c1C(=O)N(c1cc(C)c3nnc(C)n3c1)C2c1ccc(Cl)cc1
D05805,N[C@@H](CCNCc1ccccc1OCc1ccccc1)C(=O)N1CCCCC1
D05806,O=C(O)[C@H]1CCN1C(=O)Nc1cc(Cl)ccc1-c1ccccc1
D05807,CCCN(CCCCN1C(=O)CC2(CCCC2)CC1=O)C1COc2cccc(O)c2C1
D05808,COc1cnc(-c2ccc(Cn3c(CC(C)(C)C(=O)[O-])c(SC(C)(C)C)c4cc(OCc5ccc(C)cn5)ccc43)cc2)nc1
D05809,N=C(N)NCc1ccc(C(=O)Nc2ccc(Cl)cc2C(=O)Nc2ccc(Cl)cn2)cc1
D05810,CC(C)NCC(O)c1ccc(O)c(O)c1
D05811,COc1ccccc1CN(C)Cc1ccc(-c2cc3cc(OC)c(OC)cc3oc2=O)cc1
D05812,CC(=O)N1C[C@@H](NC(=O)c2cccnc2)C[C@H]1C(=O)NO
D05813,COc1cnc(C(=O)Nc2cc(F)c(F)c([C@]3(CF)C[C@@H](C(F)(F)F)OC(N)=N3)c2)cn1
D05814,O=C(O)C1CCN(CCOc2ccc3cc2COC/C=C/COCc2cccc(c2)-c2ccnc(n2)N3)CC1
D05815,O=C(OCC#CCSc1nnc(-c2ccc(Cl)cc2)o1)c1ccc(F)cc1
D05816,CC(C)C[C@H](NC(=O)[C@H](Cc1ccccc1)NC(=O)c1cnccn1)B(O)O
D05817,CCOc1nn(C)cc1Nc1ncc(F)c(-c2c[nH]c3c(NC(=O)[C@@H](C)N4CCN(C)CC4)cccc23)n1
D05818,C[C@H](O)C(=O)N1CC[C@H](Oc2ccc(-c3ncnc(Nc4ccc(N5CCN(CC6COC6)CC5)cc4)n3)cc2C#N)[C@H](F)C1
D05819,O=P(O)(O)C(O)(Cn1ccnc1)P(=O)(O)O
D05820,CCCCCCc1ccc2c(c1)[nH]c(=O)c1[nH]c(-c3ccccc3Cl)nc12
D05821,CC(C)(C)NC(=O)c1c[nH]c2ncc(-c3nn(CCC(O)CO)c4cc(F)ccc34)nc12
D05822,CC(C)[C@@H](NC(=O)c1ccccc1)C(=O)N1CCC(c2ccc(Cl)cc2)CC1
D05823,NC1=NC2(CCS1)c1cc(NC(=O)c3ccc(F)cn3)ccc1Oc1c2cc(-c2ccnc(F)c2)nc1F
D05824,CC(C)(C)n1nc(-c2cccc3ccccc23)c2c(N)ncnc21
D05825,CCCC[C@@H](NC(=O)[C@@H](N)CN)B(O)O
D05826,Cc1c(NC(=O)OC[C@@H]2COCCN2)cn2ncnc(Nc3ccc4c(cnn4Cc4cccc(F)c4)c3)c12
D05827,O=C(O)c1ccccc1Nc1cccc(S(F)(F)(F)(F)F)c1
D05828,Cc1cccc(/N=N/c2ccc(C3=NNC(=O)CO3)cc2)c1
D05829,C[C@@H](c1ccc(-c2ccc(F)cc2F)cc1)N1CC[C@](CCO)(c2ccc(F)cc2)OC1=O
D05830,CNC(=O)c1cnc(N)c2cc(-c3ccc(C)cc3)sc12
D05831,O=C(O)C(CC#Cc1ccccc1)NS(=O)(=O)c1ccc(-c2ccc3c(c2)OCO3)cc1
D05832,CN[C@@H](C)C(=O)N[C@H](C(=O)N1CCc2ccccc2[C@H]1C(=O)Nc1c(F)cccc1F)C1CCCC1
D05833,C[N+](C)([O-])c1ccnc2sc3c(=O)n(N4CCCCCC4)cnc3c12
D05834,NC(=O)c1cccc(O[C@H]2C[C@@H]3CC[C@H](C2)N3CC2CC2)c1
D05835,CC(C)(C)c1ccc(-c2nc(-c3ccc(CN4CC(C(=O)O)C4)cc3)no2)cc1
D05836,CC1(C)OC(c2ccc(S(C)(=O)=O)cc2)=C(c2cc(F)cc(F)c2)C1=O
D05837,c1ccc2sc(Oc3ccc(CN4CCCCC4)cc3)nc2c1
D05838,COC[C@@H](O)Cn1c(=O)cnn(-c2ccc(Cl)c(C(=O)NCC3(O)CCCCCC3)c2)c1=O
D05839,O=C(/C=C/c1c(C(=O)O)[nH]c2c(Cl)cccc12)Nc1cccc(/C=C/c2ccc3ccc(Cl)cc3n2)c1
D05840,O=C(NCCS(=O)(=O)[O-])[C@H](CS)Cc1ccccc1
D05841,O=C(O)c1cnccc1NC(=O)N1C[C@H]2C[C@@H](c3ccccc3C(F)(F)F)C[C@H]2C1
D05842,C[C@H](O)C(=O)N1CC[C@H](Oc2ccc(-c3ncnc(Nc4ccc(C5CCN(C6COC6)CC5)cc4)n3)cc2C#N)[C@H](F)C1
D05843,CC(C)(C)S(=O)(=O)C[C@H](C1CC1)N1C(=O)[C@@](C)(CC(=O)C(=O)O)C[C@H](c2cccc(Cl)c2)[C@H]1c1ccc(Cl)cc1
D05844,CN[C@H]1CC[C@@H](c2ccc(Cl)c(Cl)c2)c2ccccc21
D05845,C[C@H]1C[C@H]2CSC(N)=N[C@@]2(c2nc(NC(=O)c3ccc(Cl)cn3)cs2)CO1
D05846,O=C(/C=C/c1cccc(S(=O)(=O)Nc2ccccc2)c1)NO
D05847,Cc1cn2c(-c3cn[nH]c3)cnc2c(Nc2ccc(C(=O)N3CCNCC3)cc2Cl)n1
D05848,COc1cnc(C(=O)Nc2cc(C)c(F)c([C@]3(CF)C[C@@H](C(F)(F)F)OC(N)=N3)c2)cn1
D05849,CC1c2nnn(-c3ncc[nH]3)c2C=CN1C(=O)c1cccc(C(F)(F)F)c1Cl
D05850,CCOc1ccc(C[C@H]2CC[C@@H](C(=O)NO)CC2)cc1-c1nc2c(CC)nn(C)c2c(=O)[nH]1
D05851,C[C@H](O)C(=O)N1CC[C@H](Oc2ccc(-c3ncnc(Nc4cnc(N5CCN(C6COC6)CC5)c(F)c4)n3)cc2C#N)[C@H](F)C1
D05852,Clc1cccc(Nc2ncnc3[nH]c4c(c23)CCCC4)c1
D05853,COc1cc(N2C(=O)c3c(C4CC4)nn(C)c3C2c2ccc(Cl)cc2)cc2c1nnn2C
D05854,CCNC(=O)c1ccc(C)c(NC(=O)c2cnc(NC(C)C)s2)c1
D05855,O=C(Nc1cccc2cccnc12)c1ccc(-n2c(O)c3c(c2O)[C@H]2C=C[C@@H]3C2)cc1
D05856,CC(C)(C)C(=O)OCOC(=O)C1C(=C(C=O)CC=Cc2ccccc2)O[C@@H]2CC(=O)N12
D05857,Cc1cc(OCCF)cnc1C(=O)Nc1ccc(F)c([C@]2(CF)CS(=O)(=O)C(C)(C)C(N)=N2)c1
D05858,CCCN(CCCCNS(=O)(=O)c1ccc(C)cc1)C1COc2cccc(OC)c2C1
D05859,N[C@@H](CC(=O)N1CCCNC(=O)[C@H]1Cc1ccccn1)Cc1cc(F)c(F)cc1F
D05860,O=C1/C(=C/c2cn(-c3ccccc3)nc2-c2ccc(OCc3ccccc3)cc2)SC(=S)N1CCS(=O)(=O)O
D05861,O=C(NC(C1CC1)C1CC1)c1nc(C2CC2)n2ccccc12
D05862,N[C@@H](CC(=O)N1CCn2c(nnc2C(F)(F)F)C1CC(F)(F)F)Cc1cc(F)c(F)cc1F
D05863,CC(C)n1cncc1C#Cc1ccc2c(=O)c(-c3ccc(NS(C)(=O)=O)cc3)coc2c1
D05864,CS(=O)(=O)c1ccc2c(c1)CCC1(CCCN(C(=O)N[C@H]3C[C@@H]3c3ccccc3)CC1)O2
D05865,O=c1ccc2ccc(OCCCCCN3CCN(CCCNc4c5c(nc6ccccc46)CCCC5)CC3)cc2o1
D05866,Cc1ccc(-n2nccn2)c(C(=O)N2C[C@@H](C)OC[C@H]2Cc2cc(-n3nccn3)ccc2F)c1
D05867,O=C(NCc1ccccc1)O[C@H]1CO[C@@H]2[C@H](OC(=O)c3ccc(-c4ccccc4)cc3)CO[C@H]12
D05868,CN[C@@H](C)C(=O)N[C@H]1CN(C(=O)c2ccc([N+](=O)[O-])cc2)c2ccccc2N(Cc2c(OC)ccc3cc(Br)ccc23)C1=O
D05869,Cc1c(-c2[nH]c3ccc(C4CCN(C(=O)OCCN5CCOCC5)CC4)cc3c2C(C)C)cn2ncnc2c1C
D05870,O[C@]1(c2ccc(F)c(F)c2)CCNC[C@@H]1c1onc(-c2cccc(Cl)c2Cl)c1Br
D05871,N#Cc1ccc(-c2ccc(NC(=O)Nc3ccc(-c4ccnc5nc[nH]c45)cc3)cc2)cc1
D05872,Cc1ccc(OC(C)(C)C2OCC(C/C=C\CCC(=O)O)C(c3cccnc3)O2)c([N+](=O)[O-])c1
D05873,Cc1ccc(-n2nc(C(C)(C)C)cc2NC(=O)Nc2ccc(Oc3ccnc(Nc4ccccc4C(C)C)n3)c3ccccc23)cc1
D05874,CCc1cc(F)c(N)c2nc(-c3ccc(P(=O)(O)O)o3)n(CC(C)C)c12
D05875,C[C@]12CC[C@@H]3c4ccc(O)cc4CC[C@H]3[C@@H]1CCC2=O
D05876,CC(C)(C)OC(=O)NCc1cn([C@H]2C[C@@H](C(=O)N3CCCC3)N(C(=O)CCCc3ccccc3)C2)nn1
D05877,Cn1c(=O)c(Cc2ccc(C(=N)N)cc2)nc2cc(C(C)(C)C(=O)N3CCCCC3)ccc21
D05878,Cc1c(Cl)c(=O)oc2cc(OCc3ccccc3)ccc12
D05879,Cc1cccc(NC(=O)c2cc3cc(C)ccc3oc2=O)c1
D05880,COc1cc(-c2cccc(C(F)(F)F)c2)c(Cl)cc1-n1c(=O)ccc2cc(S(=O)(=O)Nc3ccon3)ccc21
D05881,CCN1C(=O)CN(c2ccc(Cc3cc([C@@H]4O[C@H](CO)[C@@H](O)[C@H](O)[C@H]4O)ccc3Cl)cc2)C1=O
D05882,COc1cc(Nc2cc(Oc3ccc(NC(=O)Nc4cc(C(C)(C)C)cc(NS(C)(=O)=O)c4OC)c4ccccc34)ccn2)cc(OC)c1C(=O)NCCOCCOCCOP(=O)(O)O
D05883,COc1ccc(C2=NN(CCCCCBr)C(=O)C3CC=CCC23)cc1OC
D05884,CCCN(CCC)C1CCc2cccc(O)c2C1
D05885,C[C@@H](Oc1nc(-c2cnn(C3CCC(F)(F)CC3)c2)cc2nn(C)cc12)[C@H]1CNC(=O)C1
D05886,CNC(=O)c1cc2cnc(Nc3ccc(C(=O)N4C[C@@H]5C[C@H]4CN5)cn3)nc2n1C1CCCC1
D05887,O=c1[nH]c(OCCCOc2ccccc2Cl)nc2ncccc12
D05888,CCNc1cc(C(=O)N[C@@H](Cc2ccccc2)[C@H](O)CNCc2cncc(C#N)c2)cc(N2CCCCS2(=O)=O)c1
D05889,COc1ccc(-n2nc(C(C)C)cc2NC(=O)Nc2ccc(Oc3cc(Nc4ccc5[nH]ncc5c4)ncn3)c3ccccc23)cc1
D05890,CCOc1cc(OCC)cc(-c2cc(COC(C)(C)C(=O)O)nn2Cc2ccccc2OCC)c1
D05891,N#Cc1cnc2c(Nc3ccc(F)c([C@@]4(C(F)F)N=C(N)O[C@@H]5C[C@@H]54)c3)nccc2c1
D05892,COC(=O)c1c(-c2cc(OC)c(OC)c(OC)c2)c2ccnc(NCCO)c2c(=O)n1Cc1ccnc(C)c1
D05893,C[C@@H](c1ccc(-c2ccn(CC(F)(F)F)c(=O)c2)cc1)N1CC[C@](CC(C)(C)O)(c2ccccc2)OC1=O
D05894,CC(C)NC(=O)Cn1c(-c2cccc(Cl)c2)nc2ccc(OCCCN3CCCCC3)cc2c1=O
D05895,O=C(CCN1CCOCC1)Nc1ccc2nc3c4[nH]c5ccccc5c4ccn3c(=O)c2c1
D05896,N#Cc1ccc(C(=O)Nc2ccc(F)c([C@@]3(C(F)F)N=C(N)O[C@@H]4C[C@@H]43)c2)nc1
D05897,Fc1ccc(C2CCN(CCCCc3cn(-c4ccc(F)cc4)c4ccccc34)CC2)cc1
D05898,CC(C)(C)n1cc(Nc2ncnc(-c3ccc(O[C@H]4CCN(C(=O)CCO)C[C@H]4F)c(C#N)c3)n2)cn1
D05899,CN(C)C(=O)c1cc2cnc(Nc3ccc(C(=O)N4CC5CCC(C4)N5)cn3)nc2n1C1CCC1
D05900,Cc1cc(OC(F)F)cnc1C(=O)Nc1cc([C@]2(C)CS(=O)(=O)C(C)(C)C(N)=N2)c(=O)n(C)c1
D05901,O=[N+]([O-])c1cc([N+](=O)[O-])c2[nH]c3c(N4CCN(CCc5ccc(F)c(F)c5)CC4)nc(CN4CCOCC4)nc3c2c1
D05902,N[C@@H](CC(=O)N1CCn2nc(C(F)(F)F)nc2C1Cn1cncn1)Cc1cc(F)c(F)cc1F
D05903,CC(C)C[C@@H]1NC(=O)[C@H](C(C)C)NC(=O)[C@@H]2CCCN2C(=O)[C@H](CC(=O)O)NC(=O)[C@@H](Cc2c[nH]c3ccccc23)NC1=O
D05904,COc1ccc2nc(SCc3ccc(C(C)C)cc3)[nH]c2c1
D05905,NC1(C(=O)NC(CCCO)c2ccc(Cl)cc2)CCN(c2ncnc3[nH]ccc23)CC1
D05906,N#Cc1ccc(O[C@H]2CC[C@H](NC(=O)CCSc3nc4ccccc4c(=O)[nH]3)CC2)cc1Cl
D05907,CCN(CC)CCN(Cc1ccc(-c2ccc(C(F)(F)F)cc2)cc1)C(=O)Cn1c(SCc2ccc(F)cc2)nc(=O)c(C)c1C
D05908,COc1cccc(CN(C)C(=O)Nc2ccc(-c3cn[nH]c3)cc2)c1
D05909,CC1(C)C(N)=N[C@](C)(c2cc(Nc3ncnc4cc(OCC5CC5)cnc34)ccc2F)CS1(=O)=O
D05910,CO[C@@H]1CC[C@@H](n2c(=O)n(C)c3cnc4ccc(-c5ccc(NCCCN6CCCCC6)nc5)cc4c32)C1
D05911,O=C(O)c1ccc(NC(=O)[C@H](C2CCCCC2)n2c(-c3ccc(Cl)cc3)nc3cc(F)c(F)cc32)cc1
D05912,CCc1nn(-c2ccccc2C)c(Nc2ccccc2C(=O)O)c1-c1ccc2nccnc2c1
D05913,C[C@H]1CN(C)CCN1c1ccc(Nc2ncnc(-c3ccc(O[C@H]4CCN(C(=O)[C@@H](O)CO)C[C@H]4F)c(C#N)c3)n2)cc1
D05914,O=C(NCCS(=O)(=O)[O-])[C@@H](CS)Cc1ccccc1
D05915,COc1ccc2c(-n3c(=O)n(Cc4ccc(Cl)c(O[C@@H](C)C(=O)O)c4)c4cc(C(F)(F)F)ccc43)noc2c1
D05916,CC1CCCN(C(=O)[C@]23C[C@H]2[C@@](C)(c2cc(/C=C(\F)c4ccc(C#N)cn4)ccc2F)N=C(N)S3)C1
D05917,CCN1C(=S)N2CCCC2c2c1nc(-c1cccc(OC)c1)c(C#N)c2N1CCOCC1
D05918,Nc1cccnc1[C@H]1CC[C@H](N2CC(NC(=O)CNC(=O)c3cccc(C(F)(F)F)c3)C2)CC1
D05919,N=C(N)NCCC[C@@H](C=O)NC(=O)[C@@H]1CCCN1C(=O)[C@@H]1Cc2ccccc2CN1
D05920,Cn1c(=O)c(Cc2ccc(C(=N)N)cc2)nc2cc(C3(C(=O)N4CCCC4)CC3)ccc21
D05921,CN[C@@H](C)C(=O)N[C@@H]1C(=O)N(Cc2c(OC)ccc3c(Br)cccc23)c2cc(C#N)ccc2N(C(=O)CS(C)(=O)=O)[C@H]1C
D05922,NC1(C(=O)NC(CCCN2CCCCC2)c2ccc(Cl)cc2)CCN(c2ncnc3[nH]ccc23)CC1
D05923,CC(C)NC(=O)Cn1c(-c2ccc(F)c(C(F)(F)F)c2)cn2nc(OCCCN3CCCCC3)cc2c1=O
D05924,C[C@@H]1CN(C(=O)c2cc(Cl)ccc2-n2nccn2)[C@H](Cc2cccc(-c3ncccn3)c2)CO1
D05925,CCC(=O)O[C@]1(C(=O)SCF)[C@H](C)C[C@H]2[C@@H]3C[C@H](F)C4=CC(=O)C=C[C@]4(C)[C@@]3(F)[C@@H](O)C[C@@]21C
D05926,CCCCc1ccc(C#Cc2ccc(S(=O)(=O)N[C@H](Cc3csc4ccccc34)C(=O)NO)s2)cc1
D05927,O=C(NO)C1(NS(=O)(=O)c2ccc(Oc3ccccn3)cc2)CCOCC1
D05928,CCCN(CCc1ccc(Cl)cc1Cl)C(=O)[C@@H]1OC(C(=O)O)=C[C@H](N)[C@H]1NC(C)=O
D05929,O=CN(O)C(CCc1ccc(C(=O)O)cc1)CS(=O)(=O)c1ccc(Oc2ccc(OC(F)(F)F)cc2)cc1
D05930,N#Cc1ccc(C(=O)N2CCC(c3ccc(C(=O)NC(=N)N)cc3C(F)(F)F)CC2)cc1
D05931,C[C@@H]1CN(c2cccnc2C#N)CCN1C(=O)C12CC3CC(CC(C3)C1)C2
D05932,Nc1cc(=O)oc2cc(OCCN3CCN(CCCNc4c5c(nc6ccccc46)CCCC5)CC3)ccc12
D05933,CC(C)N1CCN[C@@H](C(=O)N2CCN(C(=O)Nc3ccc(Cl)c(Cl)c3)CC2)C1
D05934,O=C(C1CCN(c2ccncc2)CC1)N1CC[C@@H](CNS(=O)(=O)/C=C/c2ccc(-c3ccc(Cl)s3)s2)C1
D05935,O=C(Nc1ccc(F)cn1)c1cc(Oc2cncc(F)c2F)cn2ncnc12
D05936,CCCc1cc(Cl)c2oc(Cc3ccc(OC)cc3)c(C)c2c1O
D05937,N#Cc1cc(-c2ncnc(Nc3ccc(N4CCN(C5COC5)CC4)cc3)n2)ccc1O[C@H]1CCN(C(=O)c2ccc[nH]2)C[C@H]1F
D05938,CN(CCOc1ccc(-c2ccc3c(c2)OCCO3)cc1-c1cccs1)CC(=O)O
D05939,N=C(N)c1ccc(CNC(=O)Cn2c(-c3cccc(N)c3)c(Cl)nc(NC3CCC3)c2=O)cc1
D05940,Cc1nc(NCCN2CCOCC2)cc(Nc2cc(-c3cccc(NS(=O)(=O)c4ccccc4)c3)n[nH]2)n1
D05941,C[C@H](c1nc(-c2ccc(NS(C)(=O)=O)cc2Cl)no1)[C@H]([NH3+])C(=O)N1CCC(F)(F)C1
D05942,CC(C)c1ccc(OCCCOc2ccc3c(c2)O[C@@](C)(C(=O)O)CC3)c(Cl)c1
D05943,COC(=O)[C@@H]1C[C@@H](OS(=O)(=O)c2ccccc2)CN1S(=O)(=O)c1ccccc1
D05944,NC1=N[C@](CF)(c2cc(NC(=O)c3ccc(Cl)cn3)cc(F)c2F)C[C@@H](C(F)(F)F)O1
D05945,Nc1nc(C[C@H](NC(=O)[C@H](Cc2ccccc2)NS(=O)(=O)N2CCOCC2)C(=O)N[C@@H](CC2CCCCC2)C(O)C(F)(F)C(=O)NCCN2CCOCC2)cs1
D05946,C[C@H](O)C(=O)N1CCC[C@@H](Oc2ccc(-c3ncnc(Nc4ccc(N5CCN(C6COC6)CC5)cc4)n3)cc2C#N)C1
D05947,CC(C)CC[C@H](NC(=O)[C@@H]1CCCN1C(=O)[C@H](CCCN)NC(=O)[C@H](Cc1ccccc1)NC(=O)[C@@H]1CC(=O)NC(=O)N1)C(=O)N[C@@H](Cc1ccc(F)cc1)C(=O)N[C@H](Cc1ccccc1)C(N)=O
D05948,CN(C)C(=O)c1cc2cnc(Nc3ccc(N4CC5COCC(CC4=O)N5)cn3)nc2n1C1CCCC1
D05949,CC1(O)OC(=O)C(c2ccc(Cl)c(Cl)c2)=C1c1ccc(S(C)(=O)=O)cc1
D05950,Cc1noc(NS(=O)(=O)c2cc(Cl)cc(Cl)c2)c1Br
D05951,N[C@H]1CN(c2cc(N3CCC(F)(F)C3)ncn2)C[C@@H]1N1CCCCC1=O
D05952,Cc1nnc(C(=O)NC(C)(C)c2nc(C(=O)NCc3ccc(F)cc3)c(O)c(=O)n2C)o1
D05953,CC(C)C[C@H](NC(=O)NCc1cccc2ccccc12)C(=O)NO
D05954,C[C@@H]1C[C@H](Oc2ccc(-c3ncnc(Nc4ccc(N5CCN(C6COC6)CC5)cc4)n3)cc2C#N)CCN1C(=O)CO
D05955,Nc1cnc2ccc(-c3c(-c4ccc(F)cc4)ncn3CC(F)F)cn12
D05956,CCCCCC[N+](C)(C)C
D05957,N[C@@H](CC(=O)N1CCc2sc(C(F)(F)F)nc2C1)Cc1cc(F)ccc1F
D05958,CCc1nc2c(C)cc(C)nc2n1Cc1ccc(OC(C(=O)O)c2ccccc2Cl)cc1
D05959,COc1cc(Nc2ncnc(-c3ccc(O[C@H]4CCN(C(=O)[C@H](C)O)C[C@H]4F)c(C#N)c3)n2)ccc1S(C)(=O)=O
D05960,CCCCNC(=O)[C@@H](C[C@H](O)[C@@H](N)CC(C)(C)CC(=O)N1C[C@@H](COCOC)Oc2ccccc21)C(C)C
D05961,CC(C)(O)c1ccccc1-c1ccc2[nH]c(/C=C/c3ccc(C(F)(F)F)cc3)nc2c1
D05962,Cc1ccc(-n2nccn2)c(C(=O)N2CCOC[C@H]2Cc2cccc(-c3ncccn3)c2)c1F
D05963,COc1cc(-c2ccc(Cl)c(C)c2)c(F)cc1-n1c(=O)ccc2cc(S(=O)(=O)Nc3ncccn3)ccc21
D05964,CC(=O)NC(C)C#Cc1cnc(Oc2ccc(OCC(C)C)cc2Br)s1
D05965,CN(C)C(=O)c1cc2cnc(Nc3ccc(N4C[C@]5(CCCNC5)OC4=O)cn3)nc2n1C1CCCC1
D05966,Cc1c([C@@H](O)CN2CCC3(CC2)CCN(c2cnc(S(C)(=O)=O)cn2)C3)ccc2c1COC2=O
D05967,Cc1ccc(C(=O)ONc2ccc(/N=N/C(=O)c3ccccc3O)cc2)cc1
D05968,O=c1n(C(CO)CO)c2ccccc2n1C1CCN(C[C@H]2[C@H]3CC[C@H](C3)C23CC3)CC1
D05969,CN(C)C(=O)[C@H]1CC[C@H](Oc2nc(-c3cccc4[nH]ncc34)nc(N3CCOCC3)n2)CC1
D05970,COc1ccc2c(c1)C=C(c1cccnc1)C2
D05971,CO[C@H]1C[C@@H](n2c(=O)n(C)c3cnc4cc(F)c(-c5ccc(OCCCN6CCCC6)nc5)cc4c32)C1
D05972,COC[C@]12C[C@H]1[C@@](C)(c1cc(/C=C(\F)c3cnc(Cl)cn3)ccc1F)N=C(N)S2
D05973,O=C(NC1C[C@H]2CC[C@H](C1)N2Cc1ccc2cc(F)ccc2c1)c1cc[n+]([O-])cc1C(=O)N1CCCCC1
D05974,CCC(C)CNC(=O)c1cc(-c2cnc3nc(-c4ccc(OC)cc4)[nH]c3c2)cs1
D05975,NC1=N[C@](CF)(c2cc(NC(=O)c3ncc(Cl)cc3Cl)ccc2F)C[C@@H](C(F)(F)F)O1
D05976,CCCCCCOc1ccc(-n2ccnc2)cn1
D05977,COc1ccc(-c2nc3ncc(-c4nc(C(=O)O)cs4)c(NCCCNC(=O)C4CCCC4)c3[nH]2)cc1
D05978,CN[C@@H](C)C(=O)N[C@@H]1C(=O)N(Cc2c(OC)ccc3c(Br)cccc23)c2ccccc2N(C(=O)C2CCOCC2)[C@H]1C
D05979,O=C1CC2(CCN(C(=O)NC3CCc4ccccc43)CC2)Oc2ccccc21
D05980,C[C@@H](Oc1cc(-c2cnn(C3CC3)c2)cc2nn(C)c(F)c12)[C@H]1CNC(=O)C1
D05981,COc1cc2c(Nc3ccc(C)cc3F)ncnc2cc1OCC1CCNCC1
D05982,CCNC(=O)c1ccc(NC(=O)c2cc3c(C)nn(C4CCCCC4)c3s2)cc1
D05983,O=C(O)c1ccc2c(C3CCCCC3)c(-c3ccoc3)[nH]c2c1
D05984,CN(C)C(=O)c1cc2cnc(Nc3ccc(C(=O)N4CC5CCC(C4)N5)cn3)nc2n1[C@H]1C[C@@H]2CC[C@H]1C2
D05985,C[C@@H]1C(=O)N(CCO)CCCN1C(=O)C[C@H](N)Cc1cc(F)c(F)cc1F
D05986,Nc1noc2cccc(C(=O)Nc3cccc(CNC(=O)Nc4ccc(C(F)(F)F)cc4)c3)c12
D05987,O=C(CCCCCCC(=O)Nc1cccc(-c2cn(-c3ccc(F)cc3)nn2)c1)NO
D05988,CC#CCOc1cnc(/C(F)=C/c2ccc(F)c([C@@]3(C)N=C(N)S[C@@]4(COC)C[C@H]43)c2)cn1
D05989,CC(C)(CC(=O)N1CCn2nc(C(F)(F)F)nc2C1)[C@H]([NH3+])C(=O)N1CCC[C@H]1C#N
D05990,COc1ccc2[nH]c3c(c2c1)CCn1c-3nc2ccccc2c1=O
D05991,O=C(O[C@H](CO)C(F)(F)F)N1C[C@H]2[C@@H](C1)[C@@H]2c1ccn(-c2ccc(F)cc2)n1
D05992,N=C(N)NC(=O)c1ccc(C2CCN(C(=O)c3ccccc3)CC2)c(C(F)(F)F)c1
D05993,O=C(O)CN1C(=O)/C(=C2/C(=O)N(CC(=O)O)c3ccccc32)SC1=S
D05994,O=C(NC12CC3CC(CC(C3)C1)C2)c1ccc(CNS(=O)(=O)c2cccc(Cl)c2)cc1
D05995,O=C(NC1CC1c1ccccc1)N1CCC(c2nc(-c3cccnc3)no2)CC1
D05996,COC(=O)c1c(O)csc1Nc1ccc2ccccc2c1
D05997,C#C[C@]1(O)CC[C@H]2[C@@H]3CCC4=CC(=O)CC[C@@H]4[C@H]3CC[C@@]21C
D05998,O=C(c1ccccc1-n1nccn1)N1CCOC[C@H]1Cc1cc(-n2nccn2)ccc1F
D05999,Cc1cc(C)c(CNC(=O)c2cc(-c3ccc(CN4CCOCC4)cc3)cc3c2cnn3C2CCCC2)c(=O)[nH]1
D06000,Cc1c(-c2[nH]c3ccc(C4CCN(CCC(F)(F)F)CC4)cc3c2C(C)C)cn2ncnc2c1C
D06001,CN(C(=O)CCCOc1ccc2[nH]c(=O)ccc2c1)C1CCCCC1
D06002,Cc1ccc(NC(=O)c2ccc(CN3CCN(C)CC3)cc2)cc1-c1ccc2ccncc2c1
D06003,CNC1CCN(c2ccc(Cl)c(Cl)c2)c2ccccc21
D06004,Cc1[nH]c([C@@H](Cc2cn(C)c3ccccc23)NC(=O)[C@H](CC(C)C)NC(=O)NC2CCCC2)nc1C(=O)O
D06005,COc1cc(C#N)cnc1C(=O)Nc1ccc(F)c([C@@]2(C(F)F)N=C(N)O[C@@H]3C[C@@H]32)c1
D06006,CCCS(=O)(=O)N1CCC(CNC(=O)c2c(F)ccc(F)c2Cl)(c2ccccn2)CC1
D06007,COc1cc(OC)c(S(=O)(=O)N(c2ccccc2)c2ccc(N)cc2)cc1NC(=O)CCC(=O)O
D06008,O=C(CCCCc1ccn(Cc2cccc(-c3ccccc3)c2)n1)NO
D06009,Nc1ncnc2c1c(-c1ccc(Oc3ccccc3)cc1)cn2C1CCC(O)C1
D06010,COc1cc2c(Nc3ccc(Cl)c(Cl)c3F)ncnc2cc1OC[C@@H]1CN2CCC[C@@H]2C(=O)N1
D06011,O=C(O)c1cccc(S(=O)(=O)N2CCc3cc(Br)ccc3C2)c1
D06012,CC1(C)N=C(N)N=C(N)N1c1ccc(OCc2ccccc2)cc1
D06013,N#Cc1cc(-c2ncnc(Nc3ccc(N4CCN(C5COC5)CC4)cc3)n2)ccc1OCC1(C#N)COC1
D06014,CCCSC(=O)N1C[C@@H]([C@@H](C)OC(=O)CCCc2ccccc2)C1=O
D06015,C[C@@H]1CNc2c(sc3ccc(OCC4CC4)cc23)C(=O)N1
D06016,O=C(OCC#CCSc1nnc(-c2cccc3ccccc23)o1)c1ccc(OC(F)(F)F)cc1
D06017,C[C@H](NC(=O)c1ccnc2ccccc12)C(=O)N1CCC[C@H]1C#N
D06018,Cc1ncsc1Nc1ncnc(-c2ccc(O[C@H]3CCN(C(=O)CO)C[C@H]3F)c(C#N)c2)n1
D06019,CCCCOc1ccc(S(=O)(=O)NCC(=O)NO)cc1
D06020,COc1ccc(CNC(=O)c2cc(-c3cncc(Cl)c3)cnc2-c2ccccn2)nc1OC
D06021,C[C@@H]1CN(C(=O)CO)CC(F)(F)[C@H]1Oc1ccc(-c2ncnc(Nc3ccc(N4CCN(C5COC5)CC4)cc3)n2)cc1C#N
D06022,N=C(N)NCCCC(NC(=O)C(c1ccccc1)c1ccccc1)C(=O)NCc1ccc(O)cc1
D06023,O=C([C@@H]1C[C@H](n2cc(C3CC3)nn2)CN1C(=O)CCCc1ccccc1)N1CCCC1
D06024,Cc1noc(=O)c2ccc(NC(=O)C(O)(CC3(c4cc(F)ccc4Cl)CCC3)C(F)(F)F)cc12
D06025,C#Cc1ccc(/C(F)=C/c2ccc(F)c([C@@]3(C)N=C(N)S[C@@]4(C(=O)N5CCOCC5)C[C@H]43)c2)nc1
D06026,CN[C@@H](C)C(=O)N[C@H]1CN(C(=O)C2CCOCC2)c2ccccc2N(Cc2c(OC)ccc3cc(Br)ccc23)C1=O
D06027,CC1(C)CN(C(=O)CO)CCC1Oc1ccc(-c2ncnc(Nc3ccc(N4CCN(C5COC5)CC4)cc3)n2)cc1C#N
D06028,CC(C)(O)C(=O)N1CC(C#Cc2ccc3c(=O)c(-c4ccc(NS(C)(=O)=O)cc4)coc3c2)C1
D06029,CCC(=O)N[C@@H]1CCCc2c(-c3ccc(C#N)cc3)cncc21
D06030,N#Cc1cc(-c2ncnc(Nc3ccc(N4CCN(C5COC5)CC4)cc3)n2)cc(F)c1O[C@H]1CCN(C(=O)CCO)C[C@H]1F
D06031,CC(C)c1c(-c2cc(F)c3ncnn3c2)[nH]c2ccc(C3CCN(C4COC4)CC3)cc12
D06032,C[C@@H]1CCCCC1=NNc1nc(-c2ccc([N+](=O)[O-])cc2)cs1
D06033,O=C(O)c1ccc(NC(=O)[C@@H]2C[C@H](N3CCOCC3)CN2C(=O)/C=C/c2cc(Cl)ccc2-n2cnnn2)cc1
D06034,O=C(NC1CCN(Cc2ccn(-c3ccc(C(F)(F)F)cc3)c2)CC1)N[C@H](CO)c1ccccc1
D06035,O=C(Cc1nc(N2CCOCC2)cc(=O)[nH]1)Nc1ccc(F)c(Cl)c1
D06036,COC(=O)Cc1ccc(NC(=O)Cc2c(C)n(C(=O)c3ccc(Cl)cc3)c3ccc(OC)cc23)cc1
D06037,CN(C)C(=O)c1cc2cnc(Nc3ccc(C(=O)N4CC5CCC(C4)N5C(=O)CN)cn3)nc2n1C1CCCC1
D06038,CC(C)(C(=O)c1cccnc1)c1cccnc1
D06039,CCOc1ccccc1-n1nc(COC(C)(C)C(=O)O)cc1-c1cccc(OC2CC2)c1
D06040,C[C@@H](c1ccc(-c2ccc(=O)n(C)c2F)cc1)[C@H]([NH3+])C(=O)N1CC[C@H](F)C1
D06041,N#Cc1cc(-c2ncnc(Nc3ccc(N4CCN(C5COC5)CC4)cc3)n2)ccc1OC1C2CC1CN(C(=O)CO)C2
D06042,CN(C)CCC=C1c2ccccc2CCc2ccccc21
D06043,Cc1cnc([C@]23C[C@H]2[C@@](C)(c2cc(/C=C(\F)c4ccc(C#N)cn4)ccc2F)N=C(N)S3)o1
D06044,Cc1nc(C)c(Cn2c(=O)n(Cc3cnn(C)c3)c(=O)c3cc(S(=O)(=O)NC4(CF)CC4)ccc32)s1
D06045,c1cncc(OC[C@H]2CNCCN2c2nc3ncccc3o2)c1
D06046,Clc1cc(-c2cnc3c(-c4cccc5ncccc45)cnn3c2)ccc1N1CCNCC1
D06047,O=C(CNc1ccc(-c2ccc(NC(=O)C3CC3)nc2)cc1)Nc1ccc(CN2CCNCC2)c(C(F)(F)F)c1
D06048,Cc1nnc(-c2ccc(CN3C[C@H](N)[C@H](C(=O)N4CCC[C@H]4C#N)C3)cc2)o1
D06049,CN(C)C(=O)CC1c2nnc(C(F)(F)F)n2CCN1C(=O)C[C@H](N)Cc1cc(F)c(F)cc1F
D06050,CN(Cc1ccccc1)Cc1ccc(C(=O)c2ccc(OCCCN3CCCCC3)cc2)cc1
D06051,CCCCc1nn(-c2ccccc2-c2ccccc2)c(C(=O)O)c1Cc1ccc(-c2ccccc2-c2nnn[nH]2)cc1
D06052,CC[C@@H](c1ccc(-c2ccc(=O)n(CC)c2)cc1)N1CC[C@](CC(C)(C)O)(c2ccccc2)OC1=O
D06053,CC(C)C[C@H](NC(=O)NC(C)c1ccc(Br)cc1)C(=O)N[C@H](C(=O)N[C@@H](CCCN=C(N)N)C(=O)c1nccs1)C(C)C
D06054,CC(c1ccccc1)c1cc(O)n(-c2cc(C(=O)O)ccn2)n1
D06055,NC(=O)[C@H](Cc1ccccc1)NC(=O)[C@H](Cc1ccccc1)NC(=O)[C@@H]1CCCN1C(=O)[C@@H](N)Cc1ccc(O)cc1
D06056,CCCOc1ccc(CNC=C2C(=O)NC(=O)c3ccc(I)cc32)cc1O
D06057,COc1cnc(C(=O)Nc2ccc3c(c2)C2(CCSC(N)=N2)c2cc(N4CCOCC4)cc(F)c2O3)cn1
D06058,OC1(CN2CCCC2)CCN(c2nc(Oc3cccc(F)c3)cc(C(F)(F)F)n2)CC1
D06059,CC1(C)OC(=O)N([C@H]2CC[C@H](n3c(=O)[nH]c4cc(C#N)c(F)cc43)CC2)[C@H]1c1ccccc1
D06060,CC(C)C[C@H](NC(=O)[C@@H](NC(=O)[C@H](CCCNC(=N)N)NC(=O)OCc1ccccc1)C(C)C)[C@@H](O)CC(=O)NC1CCCCC1.O=C(O)C(F)(F)F
D06061,COC[C@@H]1CCCN1S(=O)(=O)c1ccc2c(c1)C(=O)C(=O)N2Cc1ccc(O[Si](C)(C)C(C)(C)C)cc1
D06062,CCN(CC)CCCCNc1ncc2cc(-c3c(Cl)cccc3Cl)c(NC(=O)NC(C)(C)C)nc2n1
D06063,COc1cc(-c2cccc(F)c2)c(F)cc1-c1nccc2cc(S(=O)(=O)Nc3nncs3)ccc12
D06064,CNC(=O)c1cccc(-c2ccc3c(N4CCOC[C@@H]4C)nc(N4CCOC[C@@H]4C)nc3n2)c1
D06065,CCCCC[C@H]1NC[C@@H](O)[C@@H](O)[C@H]1CO
D06066,Cc1nc(N=Nc2cc(S(=O)(=O)O)ccc2S(=O)(=O)O)c(COP(=O)(O)O)c(C=O)c1O
D06067,CC(Cc1ccc(C(F)(F)P(=O)(O)O)cc1)(c1ccccc1)n1nnc2ccccc21
D06068,COCCn1cc(NC(=O)c2csc(-c3nncn3C(C)C)n2)cn1
D06069,N[C@@H](CC(=O)N1CCn2c(nnc2C(F)(F)F)C1Cc1cc(C(F)(F)F)cc(C(F)(F)F)c1)Cc1cc(F)c(F)cc1F
D06070,CN[C@@H](C)C(=O)N[C@H]1CN(C(=O)c2ccc(C#N)cc2)c2ccccc2N(Cc2c(OC(F)F)ccc3ccccc23)C1=O
D06071,CNC(=O)c1cc(Oc2ccc3oc(Nc4ccc(Cl)c(OC[C@@H]5CCCN5C)c4)nc3c2)ccn1
D06072,CC1(C)C[C@@H](CN2CCC(F)(CNC(=O)c3cc(Cl)cc(Cl)c3)CC2)CCO1
D06073,COc1ccccc1Nc1cc2[nH]c(-c3cn[nH]c3)cc2cn1
D06074,CCCCCCCCN(Cc1cnc2nc(N)nc(N)c2n1)c1ccc(C(=O)NC(CCC(=O)O)C(=O)O)cc1
D06075,COc1ccc(Nc2nccc(Oc3ccc(NC(=O)Nc4cc(C(C)(C)C)nn4-c4ccc(C)cc4)c4ccccc34)n2)cc1
D06076,CCN(CC)C(=O)[C@@H](c1ccc(-c2ccc(F)cc2)cc1)[C@H]([NH3+])C(=O)N1CC[C@H](F)C1
D06077,Cc1c(Sc2ccc(C(=O)N[C@@H](CCC(=O)O)C(=O)O)cc2)oc2nc(N)nc(N)c12
D06078,COC1(c2nccs2)CCc2ccc(OCc3ccc4ccccc4c3)cc21
D06079,O=C(/C=C/c1cccnc1)c1cccc(Cl)c1
D06080,COc1ccc(C(=O)NCc2cc(C(C)C)no2)cc1OC1CCN(C)CC1
D06081,COc1cc2cc(-c3ccc(C[N+](C)(C)Cc4ccccc4)cc3)c(=O)oc2cc1OC
D06082,O=C(N[C@@H](Cc1ccccc1)C(=O)N[C@@H]1C(=O)N[C@@H]1Sc1ccccc1)OCc1ccccc1
D06083,CCCCCc1cc(O)c2c(c1)OC(C)(C)[C@@H]1CCC(C)=C[C@@H]21
D06084,COC(=O)c1cccc(O)c1C(=O)c1c(O)cc(C(=O)OC[C@H](Cc2ccc(O)cc2)NS(=O)(=O)c2ccccc2)cc1O
D06085,CC1(C)O[C@@H]2CO[C@@]3(COS(N)(=O)=O)OC(C)(C)O[C@H]3[C@@H]2O1
D06086,O=C(/C=C/c1ccc(CNCCc2c(-c3ccccc3)nn3ccccc23)cc1)NO
D06087,CCc1sc2nc(N)[nH]c(=O)c2c1Sc1ccc(Cl)cc1
D06088,C[C@@H](CN1[C@H](C)Cc2c([nH]c3ccccc23)[C@H]1c1c(F)ccc(OCCNCCCF)c1C(F)F)C(=O)O
D06089,COc1ccc(CCC(=O)N2C[C@@H](NC(=O)/C=C/c3ccccc3)C[C@H]2C(=O)NO)cc1OC
D06090,CC[C@@H](C)Oc1cc2c(cc1OC)CC(=O)N(c1ccc(N(C)Cc3ccncc3)cc1)C2c1ccc(Cl)cc1
D06091,CCCCC(=O)ON[C@H](CS(C)(=O)=O)c1ccc(-c2ccc3ncnc(Nc4ccc(OCc5cccc(F)c5)c(Cl)c4)c3c2)o1
D06092,CCc1cc(Oc2cccc(N(Cc3cc(C(F)(F)F)ccc3F)C[C@@H](O)C(F)(F)F)c2)ccc1Cl
D06093,N#Cc1cc(-c2ncnc(Nc3cnn(CC(F)F)c3)n2)ccc1O[C@H]1CCN(C(=O)CO)C[C@H]1F
D06094,CCCCCCCCS(=O)CC(=O)C(F)(F)F
D06095,CCN1CCCN(C(=O)C[C@H](N)Cc2cc(F)ccc2F)[C@H](C)C1=O
D06096,CS(=N)(=O)Cc1cncc(C2COc3c(C#N)cccc3O2)c1
D06097,Cc1ncn(-c2cc(Cl)c(C(=O)NC[C@@H](c3cccc(F)c3)c3ccc4[nH]c(C)nc4c3)c(Cl)c2)n1
D06098,CN(C)CCOc1nc(Nc2cc3cccc(Cl)c3cn2)cnc1C#N
D06099,CN(C)C(=O)n1nnnc1Cc1ccc(-c2cccc(O)c2)cc1
D06100,CCn1nnc2ccc(-c3cc(COC(C)(C)C(=O)O)nn3Cc3ccccc3Cl)cc21
D06101,COc1ccc(-c2cscc2-c2ccc(S(C)(=O)=O)cc2)cc1
D06102,COC[C@@H]1CCCN1S(=O)(=O)c1ccc2c(c1)C(=O)C(=O)N2Cc1ccc(I)cc1
D06103,O=C(NCc1ccccc1)c1cccc(NCc2nc(-c3ccncc3)n[nH]2)c1
D06104,COc1ccc(C(=O)C2CCN(CC(=O)NCc3nc(C)c(C)c(=O)[nH]3)CC2)cc1
D06105,Cc1ccnc2c(N)cc(Cc3cnc(N)nc3N)cc12
D06106,C[C@]1(C(=O)O)CCC[C@@](C)(c2nc(-c3ccc(C(=O)Nc4cc(C(F)(F)F)ccn4)cc3)c3c(N)nccn23)C1
D06107,Cc1ccc(-c2c(CCC(=O)O)c(C)nc(CC(C)C)c2CN)cc1
D06108,COc1cc(Nc2nccc(Oc3ccc(NC(=O)Nc4cc(C(C)C)nn4-c4ccc(OC)nc4)c4ccccc34)n2)cc(C(=O)NCCN2CCOCC2)c1
D06109,Cn1c(=O)n([C@@H]2CCOC2)c2c3cc(-c4ccc(OCCCN5CCCCC5)nc4)ccc3ncc21
D06110,N#Cc1cc(-c2ncnc(Nc3cccc(N4CCN(C5COC5)CC4)c3)n2)ccc1OC1CCOCC1
D06111,CC(C)C[C@H](N[C@@H](Cc1cncn1C(C)(C)C1CCCCC1)C(=O)O)C(=O)O
D06112,C[C@]1(O)C[C@@H](c2nc(-c3ccc4ccc(-c5ccccc5)nc4c3)c3c(N)nccn32)C1
D06113,O=C(N[C@@H]1C[C@H]1c1ccccc1)N1CCC(c2nc(-c3ccccn3)no2)CC1
D06114,COc1cc(OC2CCN(C)CC2)ccc1Nc1ncc2c(n1)n(C1CCCC1)c(=O)n2C
D06115,CC(=O)O[C@H]1[C@H](C)O[C@@H](Oc2c(-c3ccc(O)cc3)oc3cc(O)cc(=O)c-3c2O)[C@H](O)[C@@H]1OC(C)=O
D06116,CS(=O)(=O)c1ccc2c(c1)nc1n2C[C@H]([NH3+])[C@@H](c2cc(F)c(F)cc2F)C1
D06117,CC1(c2cc(NC(=O)c3ccc(C#N)cn3)ccc2F)N=C(N)OC2(CCC2)C1(F)F
D06118,Cn1nc(-c2ccccn2)nc2c(=O)n(C)c(=O)nc1-2
D06119,Cc1ccc(C(=O)N(CCCN)C(c2nc3snc(C)c3c(=O)n2Cc2ccccc2)C(C)C)cc1
D06120,CN[C@@H](C)C(=O)N[C@H]1CN2C(=O)CCCCNC(=O)c3ccc4c(c(OC)ccc4c3)CN(C1=O)c1ccccc12
D06121,CC1(C)C(N)=N[C@](C)(c2cc(Nc3csc4cc(C#N)cnc34)ccc2F)CS1(=O)=O
D06122,Cc1cn(Cc2ccc(Cl)cc2Cl)c2c(-c3cc(NS(=O)(=O)c4ccc(F)c(F)c4)no3)cc(F)cc12
D06123,COc1cc2c(Nc3ccc(Cl)c(Cl)c3F)ncnc2cc1O[C@H]1CO[C@@H]2[C@@H](OC)CO[C@H]12
D06124,OCc1cc(C(O)CNCCCCCCOCCCCc2ccccc2)ccc1O
D06125,O=C(CCc1ccccc1)N[C@H]1CC[C@](O)(c2ccc(O)c(F)c2)CC1
D06126,CC(C)c1c2c(nn1CCO)C(=O)N(c1cccc(Cl)c1F)C2c1ccc(Cl)c(F)c1
D06127,N#Cc1cnc2ccc(-c3c(-c4cc(Cl)cc(Cl)c4)ncn3CC(F)F)nn12
D06128,O=C1C(=O)N(CCCc2ccccc2)c2ccccc21
D06129,CC(C)Oc1cc(Nc2ncc(-c3ccc4ccccc4n3)c(N[C@@H]3C[C@H](CO)[C@@H](O)[C@H]3O)n2)ccn1
D06130,CN1C(=O)c2[nH]c(CC3CCCCC3)nc2N2C1=N[C@@H]1CCC[C@@H]12
D06131,CN1CCN(C(=O)CC(C)(C)NCC(=O)N2C[C@@H](F)C[C@H]2C#N)CC1
D06132,O=C(CCCCCCNc1ncnc2ccc(Cl)cc12)NO
D06133,C[C@@]1(c2cc(Nc3ncc(F)c4cc(Cl)cnc34)ccc2F)CS(=O)(=O)[C@@](C)(F)C(N)=N1
D06134,CC(C)c1ccc(C(=O)NC(=N)N)cc1S(C)(=O)=O
D06135,CC1(C)C(N)=N[C@@](C)(c2cc(Nc3noc4cc(Cl)cnc34)ccc2F)CS1(=O)=O
D06136,CCn1cc([C@@]2(c3nnc(O)o3)N[C@@H](c3nc(-c4ccc(F)cn4)c[nH]3)Cc3c2[nH]c2ccccc32)cn1
D06137,C[C@H](O)C(=O)N1CC[C@H](Oc2ccc(-c3ncnc(Nc4ccc(N5CCN(C6COC6)CC5)c(Cl)c4)n3)cc2C#N)[C@H](F)C1
D06138,CCCN(CCCCn1c(=O)oc2cccnc21)C1COc2cccc(OC)c2C1
D06139,COc1ccc(OC)c(S(=O)(=O)N2CCC(N(Cc3ccc4ccc(C(=N)N)cc4c3)S(=O)(=O)CC(=O)O)CC2)c1
D06140,CC(C)(C)c1ccc(-n2c(C(=O)O)c(Oc3cccc(C(F)(F)F)c3)c3ccc(Cl)nc32)cc1
D06141,O=C(CCc1ccc(-c2ccccc2)cc1)c1ncc(-c2ccccn2)o1
D06142,CCCN(CCC)C1COc2cccc(O)c2C1
D06143,Cc1cc(C)c2cc3c(ccn3C3OC[C@H](O)[C@H](O)[C@H]3O)cc2n1
D06144,COc1ccc(NC(=O)[C@@H](C)Nc2nc3c(cnn3C3CCCC3)c(=O)[nH]2)cc1
D06145,CCCC(=O)OCOC(=O)C1=C(C)NC(C)=C(C(=O)OC)C1c1cccc(Cl)c1Cl
D06146,O=C([C@H]1CNCC[C@@]12OCc1cc(F)c(F)cc12)N(Cc1ccnc2ccccc12)C1CC1
D06147,Cc1c(OC2(C)CCN(Cc3ccccc3)C2)cc(F)c(S(=O)(=O)Nc2nccs2)c1F
D06148,COc1cc2c(cc1OC)CN(CCn1c(-c3ccc(N(C)C)cc3)nc3c(OC)cccc3c1=O)CC2
D06149,N[C@@H](CC(=O)N1CCc2sc(-c3ccc(F)cc3)nc2C1)Cc1cc(F)ccc1F
D06150,CCCCNC(=O)[C@@H](C[C@H](O)[C@@H](N)CC(C)(C)CC(=O)N1C[C@H](NC(=O)OC)Cc2ccccc21)C(C)C
D06151,CCc1cc(NC(=O)Nc2ccc(Oc3ccnc(Nc4cc(OC)cc(C(=O)NCCN5CCOCC5)c4)n3)c3ccccc23)n(-c2ccc(C)cc2)n1
D06152,CC(=O)NC(Cc1ccc(N=C(N)N)cc1)P(=O)(Oc1ccccc1)Oc1ccccc1
D06153,Cc1c([C@@H](O)CN2CCC3(CC2)CCN(c2ccncc2)C3=O)ccc2c1COC2=O
D06154,CCCCNc1ncc(-c2nc(C(F)(F)F)cs2)c(N[C@H]2CC[C@H](O)CC2)n1
D06155,CC(C)(C)S(=O)(=O)C[C@H](C1CC1)N1C(=O)[C@@](C)(Cc2nc(CC(=O)O)cs2)C[C@H](c2cccc(Cl)c2)[C@H]1c1ccc(Cl)cc1
D06156,O=C(Nc1cccc(-c2cn3ccnc3c(NCc3ccncc3)n2)c1)Nc1cccc(C(F)(F)F)c1
D06157,CN(C)C(=O)[C@]12C[C@H]1[C@@](C)(c1cc(/C=C(\F)c3cnc(OCC4CC4(F)F)cn3)ccc1F)N=C(N)S2
D06158,COc1cc(-c2cccc(C(F)(F)F)c2)ccc1-c1ncnc2cc(S(=O)(=O)Nc3ccncn3)ccc12
D06159,C[C@H]1CN(C[C@H](Cc2ccccc2)C(=O)NCC(=O)O)CC[C@@]1(C)c1cccc(O)c1
D06160,CC(C)CC(=O)c1ccc(OC(F)F)c(OC2CCOC2)c1
D06161,Nc1cccc(-c2c(Cl)nc(NC3CCC3)c(=O)n2CC(=O)NCc2ccccc2)c1
D06162,Cn1nnc2ccc([C@H](c3ccc(Cl)cc3)n3cncn3)cc21
D06163,Nc1ncnc2c1ncn2[C@@H]1O[C@H](CO)[C@@H](O)[C@H]1O
D06164,CCOC(=O)c1nc2cccnn2c1I
D06165,CCc1ccc(Cc2ccc(OC)c([C@@H]3C[C@H](CO)[C@@H](O)[C@H](O)[C@H]3O)c2)cc1
D06166,O=S(=O)(Nc1cscn1)c1cc(Cl)c(NCC23CCCN2CCC3)cc1F
D06167,CC(=O)c1sc(NC(=O)N[C@@H]2CCN(C3CCN(C)CC3)C[C@H]2CN2CCC[C@@H](Cc3ccc(F)cc3)C2)nc1C
D06168,FC(F)(F)c1ccccc1-c1cc(C(F)(F)F)c2[nH]c(C3=NOC4(CCCCC4)C3)nc2c1
D06169,CN[C@@H](C)C(=O)N[C@H]1CN(C(=O)c2ccc(Cl)cc2)c2ccccc2N(Cc2c(C)ccc3ccccc23)C1=O
D06170,Cc1ccc(C(=O)Nc2cccc(C(F)(F)F)c2C)cc1-c1ccc2nc(NCCN3CCCCC3)ncc2c1
D06171,CCc1ncc([C@H]2CC[C@@H](N3CC(NC(=O)CNc4nn(C)c5ccc(C(F)(F)F)cc45)C3)CC2)s1
D06172,Cc1cc(=O)n2nc(N3CC[C@H](c4cc(F)c(F)cc4F)[C@@H]([NH3+])C3)ccc2n1
D06173,COC1COCCC1N[C@@H]1C[C@H]2CCC[C@@]2(C(=O)N2CCc3ccc(C(F)(F)F)cc3C2)C1
D06174,Cc1nn(-c2ccnn2C)c2c1C(c1ccc(Cl)cc1)N(c1cc(C)c3nnc(C)n3n1)C2=O
D06175,Cc1c2c(O[C@H](C)[C@H]3CNC(=O)C3)cc(-c3cnn(CC(C)C)c3)cc2nn1C
D06176,N#C[C@H]1CCOC[C@@H]1n1cc(C(N)=O)c(Nc2ccc(-n3ccnn3)cc2)n1
D06177,CNc1ncnc(-c2cccnc2Oc2ccc(F)c(C(=O)Nc3cc(C4CC4)ccc3N(C)CCCN(C)C)c2)n1
D06178,COc1cnc(C(=O)Nc2ccc3c(c2)C2(CCOC(N)=N2)c2cc(-c4ccnc(F)c4)ncc2O3)cn1
D06179,N[C@H]1CN(c2ncnc(N3CCC(F)(F)C3)n2)C[C@@H]1N1CC(F)(F)CCC1=O
D06180,CC(=O)O[C@H]1C[C@@H]2[C@](C)(CC[C@H](OC(C)=O)[C@@]2(C)COC(=O)C(C)C)[C@H]2[C@@H](O)c3c(cc(-c4cccnc4)oc3=O)O[C@]12C
D06181,CCCCCCCCCN1C[C@H](O)[C@@H](O)[C@H](O)[C@H]1CO
D06182,CCNC(=O)c1ccc(C(=O)NCCC2CCN(c3ncnc4cc(C(N)=O)sc34)CC2)s1
D06183,Cc1ccc([C@H]2CC[C@@H](N3CC(NC(=O)CNc4nn(C)c5ccc(C(F)(F)F)cc45)C3)CC2)cn1
D06184,O=C1C(=O)N(Cc2cn(CCF)nn2)c2ccc(S(=O)(=O)N3CCC[C@H]3COc3ccc(F)cc3F)cc21
D06185,CC1(C)[C@H](C(=O)O)N2C(=O)[C@@H](CO)[C@H]2S1(=O)=O
D06186,OB(O)c1ccc(C(F)(F)F)cc1
D06187,O=C(N1CCC2(CCc3ccccc32)C1)C1(c2ccc(Cl)cc2)CC1
D06188,Cc1c(COc2ccc(-c3ccc(S(=O)(=O)N[C@@H](C(=O)O)C(C)C)cc3)cc2)oc2ccccc12
D06189,CN1CCN(c2cc(C(=O)Nc3ccc4c(c3)-c3c(c(C(N)=O)nn3-c3ccc(F)cc3)CC4)c(Cl)cn2)CC1
D06190,CO[C@@H]1CC[C@@H](n2c(=O)n(C)c3cnc4ccc(-c5ccc(OCCCN(C)C)nc5F)cc4c32)C1
D06191,O=C(C=Cc1cc(F)cc(F)c1)N1CCC([C@@H](CO)N2CCC(c3c[nH]c4ncccc34)CC2)CC1
D06192,CN(C)[C@H]1CC[C@@H](c2c[nH]c3ccc(F)cc23)C1
D06193,CN[C@@H](C)C(=O)N[C@H]1COc2cc(C)ccc2N(Cc2c(OC)ccc3cc(Br)ccc23)C1=O
D06194,Oc1ccc(-c2nnc(COc3ccc(Cl)cc3Cl)s2)c(O)c1
D06195,CC(C)(C)c1[nH]c2ccccc2c1C1CCCN(Cc2ccc(/C=C/C(=O)NO)cc2F)C1
D06196,FC(F)(F)Oc1cc2[nH]ncc2cc1-c1ccccc1C(F)(F)F
D06197,CCCC[C@H](NC(=O)O[C@H](CN1CCN(c2ccc(C(F)(F)F)cc2)C1=O)C(C)(C)C)C(=O)C(=O)Nc1ccn[nH]1
D06198,CCCCNC(=O)[C@H](C)C[C@H](O)[C@@H](N)CN(C(=O)c1ccc(OC)c(CNC(=O)OC)c1)C(C)C
D06199,Cc1n[nH]c2nccc(-c3ccc(NC(=O)NC4Cc5ccccc5C4)cc3)c12
D06200,CN1CCN(C(=O)c2ccc(Nc3ncnc(-c4ccc(O[C@H]5CCN(C(=O)CO)C[C@H]5F)c(C#N)c4)n3)cc2)CC1
D06201,Cc1nnc(C)n1-c1ccc(O[C@H]2c3cc(Cl)cc(Cl)c3C[C@@H]2N2CC[C@@H](O)C2)c(F)c1
D06202,O=C1Nc2cc(=O)n(Cc3ccccc3)cc2CN1c1cccc(OCc2cncs2)c1
D06203,CC(=O)N1CCC(c2ccc(Br)cc2)=N1
D06204,O=C(O)c1cc(Cl)cc(Cl)c1O
D06205,CN(CCc1ccccc1)S(=O)(=O)c1cccc(/C=C/C(=O)NO)c1
D06206,COC(=O)N1CCC(n2nc(-c3ccnc(NC4CCOCC4)c3)n(-c3ccc4ccccc4c3)c2=O)CC1
D06207,CN[C@@H](C)C(=O)N[C@H]1CN(C(=O)CCCC(C)=O)c2ccccc2N(Cc2c(OC)ccc3cc(C(=O)OC)ccc23)C1=O
D06208,O=S(=O)(Nc1nccs1)c1cc(Cl)c(NCCC2CCNC2)cc1F
D06209,C[C@H](O)C(=O)N1CC[C@H](Oc2ccc(-c3ncnc(Nc4ccc(O[C@H]5CCN(C6COC6)C[C@H]5F)cc4)n3)cc2C#N)[C@H](F)C1
D06210,Cc1cc(C(=O)NC2CCCc3c2cnn3-c2ccc(C)c(C)c2)n(C)n1
D06211,C[C@@H](c1ccc(-c2ccc(=O)n(C)c2)cc1)N1CC[C@](CCCO)(c2ccc(F)cc2)OC1=O
D06212,CC#C[C@]1(O)CC[C@H]2[C@@H]3CCC4=CC(=O)CCC4=C3[C@@H](c3ccc(N(C)C)cc3)C[C@@]21C
D06213,CN[C@@H](C)C(=O)Nc1ccc(-c2c(-c3cncn3C)nc3cc(C)ccn23)c(C#Cc2ccc3c(C)nccc3c2)n1
D06214,C[C@@H](C[C@@](C)(CS(=O)(=O)N1CCC(CCc2ccc(C(F)(F)F)cc2C2CC2)CC1)N(O)C=O)c1ncc(F)cn1
D06215,N#CCNC(=O)C1(NC(=O)c2ccc(N3CCOCC3)cc2)CCCCC1
D06216,C[C@@H](OCCCCCN1C[C@H](O)[C@@H](O)[C@H](O)[C@H]1CO)c1ccc(-c2ccccc2)cc1
D06217,COc1ccc(Cn2ccc3ccc(C(=O)NO)cc32)cc1
D06218,C[C@H](c1ccccc1)N1CC[C@H](N(C)c2ccc(S(=O)(=O)Nc3nccs3)cc2Cl)C1
D06219,CCNc1cc(C(=O)N[C@@H](Cc2ccccc2)[C@H](O)CNC2CCOCC2)cc(N2CCCCS2(=O)=O)c1
D06220,Cc1noc(C)c1CCC1CCN(S(=O)(=O)CC2(N(O)C=O)CCOCC2)CC1
D06221,Cc1ccc(Sc2cncc3sc(C(=O)NN)cc23)cc1
D06222,COc1cc2c(Nc3ccc(C)cc3F)ncnc2cc1OCC1CCN(C)CC1
D06223,O=C(NO)[C@@H]1CSCN1S(=O)(=O)c1ccc(Oc2ccc(F)cc2)cc1
D06224,C[C@]12CCCO[C@@H]1[C@]1(CSC(N)=N1)c1cc(-c3cncc(Cl)c3)ccc1O2
D06225,CCCCCN(CCCCC)C(=O)[C@@H](Cc1c[nH]c2ccccc12)NC(=O)c1ccc2ccccc2c1
D06226,COc1ccc(NS(=O)(=O)c2sc3ccc(Cl)cc3c2C)cc1N1CCNCC1
D06227,CSCC[C@@H](NC(=O)c1ccccc1NC(=O)c1cc2ccccc2[nH]1)C(=O)O
D06228,CC(C)(C)c1nc([C@@H]2CCCN2C(=O)C[C@H](N)Cc2cc(F)c(F)cc2F)no1
D06229,COc1cc2c(Nc3ccc(Br)c(Cl)c3Cl)ncnc2cc1OC[C@H]1C[C@@H]2CN(C)C[C@@H]2C1
D06230,CCCCNC(=O)[C@H](C)C[C@H](O)[C@@H](N)CN(C(=O)c1ccc(Br)c(OCCCOC)c1)C(C)C
D06231,O=C(O)c1cccc(-c2ccc3c(c2)C(=NNc2nc4ccccc4s2)CCC3)n1
D06232,CC(C)(C)S(=O)(=O)C[C@H](C1CC1)N1C(=O)[C@@](C)(Cc2ncc(CC(=O)O)s2)C[C@H](c2cccc(Cl)c2)[C@H]1c1ccc(Cl)c(F)c1
D06233,Cn1cc(/C=C2\C(=O)Nc3cccnc32)c2ccccc21
D06234,CCCC#Cc1cc([C@@]2(c3ccc(OC(F)F)c(C)c3)N=C(N)N(C)C2=O)ccc1F
D06235,NC1=N[C@](CF)(c2cc(NC(=O)c3ccc(Cl)cn3)ccc2F)[C@H]2C[C@H]2O1
D06236,Cc1nc(N2CC[C@H](O)C2)ncc1-c1cc(C(F)(F)F)cc2[nH]ncc12
D06237,COc1ccc2c3c1O[C@H]1C[C@@H](O)C=C[C@@]31CCN(CCCCCCOc1ccc(CN3CCCCC3)cc1)C2
D06238,CC[C@H](C)[C@H](NC(=O)[C@H](CCCNC(=N)N)NC(=O)OCc1ccccc1)C(=O)N[C@@H](CC(C)C)[C@@H](O)CC(=O)NC1CCCCC1.O=C(O)C(F)(F)F
D06239,C[C@@]1(O)C[N+](C)(C)CCO1
D06240,CC(C)c1c(-c2cc(C(C)(C)O)c3ncnn3c2)[nH]c2ccc(C3CCN(C4COC4)CC3)cc12
D06241,Cc1cccnc1CN1CCC2(CC1)C(=O)N(c1ccc(-c3ccc4scnc4c3)cc1)C(=O)N2c1cc(=O)[nH]cn1
D06242,Clc1cccc(Nc2ncnc3[nH]c4ccccc4c23)c1
D06243,CCN(CC)CCCOc1cc2ncc(C#N)c(Nc3ccc4nc(N)sc4c3)c2cc1C
D06244,COc1cc(C#N)ccc1S(=O)(=O)Nc1ccc2c(c1)cc(C)c(=O)n2C
D06245,O=C(CO)[C@@H]1CCCN1C(=O)[C@@H]1CCCN1C(=O)NCc1ccccc1
D06246,CS(=O)(=O)Nc1ccc(-c2coc3cc(C#CC4CCOCC4)ccc3c2=O)cc1
D06247,CC1(C)C(=O)N(C2CCCCCC2)CC1COc1ccc(C#N)cn1
D06248,CS(=O)(=O)c1ccc(-c2sc(-c3ccc(Cl)cc3)nc2-c2ccc(F)cc2)cc1
D06249,CC(C)(C)c1ccc(-n2c(C(=O)O)c(Oc3cccc(-c4cc(C(F)(F)F)c[nH]4)c3)c3ccc(Cl)nc32)cc1
D06250,CC(C)=CCc1c(O)cc(O)c2c1O[C@H](c1ccc(O)cc1)CC2=O
D06251,CN[C@@H](C)C(=O)N[C@H]1CCc2ccccc2N(Cc2c(OC)ccc3c(F)cccc23)C1=O
D06252,C[C@H]1C[C@H](Oc2ccc(-c3ncnc(Nc4ccc(N5CCN(C6COC6)CC5)cc4)n3)cc2C#N)[C@H](F)CN1C(=O)CO
D06253,CO[C@@H]1COCC[C@@H]1N[C@@H]1CC[C@@](C(=O)N2CCN(c3cc(C(F)(F)F)ccn3)CC2)(C(C)C)C1
D06254,COCCOc1ccc([C@H]2[C@H](C(=O)O)[C@@H](c3ccc4c(c3)OCO4)CN2CC(=O)NC(c2ccccc2C)c2ccccc2C)cc1
D06255,Cc1nc2c(C#N)cccc2n1-c1ccc(C(=O)NC2CC2)s1
D06256,COCCCn1cc(CN(C(=O)[C@H]2CNCC[C@@H]2c2ccn(C)c(=O)c2)C2CC2)c2ccccc21
D06257,C[C@H](O)C(=O)N1CC[C@@H](Oc2ccc(-c3ncnc(Nc4ccc(N5CCN(C6COC6)CC5)cc4)n3)cc2C#N)C[C@H]1C
D06258,CC1(C)Cc2c(ccc3[nH]ncc23)[C@@H](c2ccc(NC3CN(CCCF)C3)cn2)N1CC(F)F
D06259,N=C(N)NCCC[C@@H](NC(=O)CN1CCN(S(=O)(=O)Cc2ccccc2)CC1=O)C(=O)c1nccs1
D06260,CC(C)OC(=O)[C@H](O)[C@H](CC1CCCCC1)NC(=O)[C@H](Cc1c[nH]cn1)NC(=O)[C@@H](CC(=O)N1CCOCC1)Cc1cccc2ccccc12
D06261,FC(F)(F)c1cccc(-c2c[nH]nn2)c1
D06262,N#CCNC(=O)[C@H](CC1CCCCC1)NC(=O)c1ccccc1
D06263,COc1cc(C(F)(F)F)ccc1-c1cccc2cc(S(=O)(=O)Nc3ncns3)ccc12
D06264,COc1ccc(/C=C/C(=O)NO)cc1
D06265,CCN(C(=O)Cc1ccc(S(C)(=O)=O)cc1)C1CCN(CCC(c2ccccc2)N2CCN(c3ccccc3)CC2)CC1
D06266,CCC(CC)O[C@@H]1C=C(C(=O)O)C[C@H](N)[C@H]1NC(C)=O
D06267,CON=C1CCC(CNc2cc(F)c(S(=O)(=O)Nc3nccs3)cc2Cl)CC1
D06268,CC(C)Cc1ccc([C@H](C)C(=O)O)cc1
D06269,C[C@H](O)C(=O)N1CC[C@@H](Oc2ccc(-c3ncnc(Nc4ccc(N5CCN(C6COC6)CC5)cc4)n3)cc2C#N)C(F)(F)C1
D06270,Cc1c(C#N)c(=O)oc2cc(OCc3ccc(Cl)cc3)ccc12
D06271,COC(=O)N1CC[C@H](N(Cc2ccccc2C)c2ccc(C#N)c(Cl)c2)C1
D06272,Cc1cc(-c2ccc([C@H](C)N3CC[C@](CCCO)(c4ccccc4)OC3=O)cc2)cc(C)n1
D06273,COC(=O)c1c(-c2cc(OC)c(OC)c(OC)c2)c2ccc(OCc3ccccn3)nc2c(=O)n1Cc1ccnc(C)c1
D06274,Cc1ccc(S(=O)(=O)N2CC3(C[C@H]2C(=O)NO)OCCCO3)cc1
D06275,CCCc1ccc(-c2ccc(C(=O)NCC(C)C)cc2C(=O)O)c(C(=O)Nc2ccc(C(=N)N)cc2)c1
D06276,COc1ccc2c(c1)C(=O)N(CCCCCC(=O)NO)c1ccccc1S2
D06277,O=C(O)[C@H]1CCN1C(=O)Nc1cc(Cl)ccc1-c1cccc(F)c1F
D06278,COc1cnc(C(=O)Nc2cc(F)c(F)c([C@]3(C)C[C@@H](C(F)(F)F)OC(N)=N3)c2)c(Cl)c1
D06279,O=C(N[C@H](/C=C/S(=O)(=O)c1ccccc1)CCc1ccccc1)c1cc(-c2cccnc2)no1
D06280,COc1ccc2c(=O)cc(-c3ccc(CN(C)Cc4ccccc4)cc3)oc2c1
D06281,NC1(C(=O)N[C@@H](CCN2CCCCC2)c2ccc(Cl)cc2)CCN(c2ncnc3[nH]ccc23)CC1
D06282,CN(C)C(=O)c1cc2cnc(Nc3ccc(N4CC5CCC(C4)N5)cn3)nc2n1C1CCCC1
D06283,CCN1CCC[C@H]1CNC(=O)c1c(OC)ccc(Br)c1OC
D06284,C[C@H](O)C(=O)N1CC[C@H](Oc2ccc(-c3ncnc(Nc4ccc(-n5ccnc5)cc4)n3)cc2C#N)[C@H](F)C1
D06285,CN(C(=O)c1ccc(CNS(=O)(=O)c2cccc(Cl)c2)cc1)C1CCCCCC1
D06286,O=C(NCC(=O)N1CC[C@H](N[C@H]2CC[C@@](O)(c3ccc(-c4ncccn4)cn3)CC2)C1)c1cccc(C(F)(F)F)c1
D06287,Cn1c(N2CCO[C@@H]3CCCC[C@H]32)nc(-c2ccncc2F)cc1=O
D06288,COC(=O)[C@@H]1C2CCC(C[C@H]1c1ccc(Br)cc1)S2=O
D06289,Cc1cc(N2C(=O)c3c(C4CC4)nn(C)c3[C@H]2c2ccc(Cl)cc2)cn2c(C(F)F)nnc12
D06290,CC(C)NC(=O)N1CC[C@H](NC2=Nc3cc(F)ccc3N(CC(F)F)c3ccc(Cl)cc32)C1
D06291,NC1CCC(N[C@H]2C[C@@H]2c2ccc(OCc3ccccc3F)cc2)CC1
D06292,C[C@@]1(c2cc(NC(=O)c3ncc(Cl)cc3F)ccc2F)CC2(CCC2)OC(N)=N1
D06293,O=c1n(Cc2cc([C@@H]3O[C@H](CO)[C@@H](O)[C@H](O)[C@H]3O)ccc2Cl)nc2ccc(Br)cn12
D06294,COc1cc(C#N)cnc1C(=O)Nc1ccc(Cl)c([C@@]2(CF)N=C(N)O[C@@H]3C[C@@H]32)c1
D06295,COc1ccc(C(=O)Nc2cc(C)c(F)c([C@]3(CF)C[C@@H](C(F)(F)F)OC(N)=N3)c2)nc1
D06296,Cc1cc(N)c2cc(NC(=O)/C=C/c3ccccc3Cl)ccc2n1
D06297,COc1nn(C)cc1Nc1ncc(C)c(-c2c[nH]c3c(NC(=O)[C@@H](C)N4CCN(C)[C@@H](C)C4)cccc23)n1
D06298,Cc1ccnc2c3c(nn12)CN([C@H]1CC[C@H](c2cc(F)c(F)cc2F)[C@@H](N)C1)C3
D06299,O=C(O)Cc1ccc(CCNS(=O)(=O)c2ccc(Cl)cc2)cc1
D06300,Cc1nc2cc(-n3ncc(C(=O)c4cc5ccc(-c6ccccc6)cc5[nH]4)c3N)ccc2[nH]1
D06301,Cc1cc(Nc2ccnc(NCc3cc(C)no3)n2)[nH]n1
D06302,Cc1nc(N)c2c(-c3ccc4c(c3)CCN4CC(=O)c3cc(F)cc(C(F)(F)F)c3)cn(C)c2n1
D06303,CSc1nc(/C=C/c2ccccc2)nn1C(=O)N(C)C
D06304,CCCC(=O)c1cnn(-c2ccc(NC(=O)n3cc(CCCC(=O)O)c4ccc(C)cc43)cc2)c1C
D06305,Cc1c(Oc2ccc(Cl)cc2)c2cccnc2n1Cc1cc(O[C@@H](C)C(=O)O)ccc1F
D06306,OC[C@@H]1[C@@H](O)[C@H](O)[C@@H](O)CN1CCCCCOCc1cccc(-c2ccccc2)c1
D06307,C#CCN(CCC1CCN(Cc2ccccc2)CC1)Cc1ccc2cccc(O)c2n1
D06308,Cc1cc(N2C(=O)c3ccn(C)c3C2c2ccc(Cl)cc2)nn2c(C)nnc12
D06309,COc1cc(Nc2nc(N[C@@H](C)c3ncc(F)cn3)c(F)c(N3CCOCC3)n2)[nH]n1
D06310,CCCCC[C@H](CC(=O)NO)C(=O)N[C@H](C(=O)N1CCC[C@H]1CO)C(C)C
D06311,CN(C)C(=O)c1cc2cnc(Nc3ccc(N4CC5CCC(C4)N5)nn3)nc2n1C1CCCCC1
D06312,N#Cc1ccc(Nc2nn([C@H]3COCC[C@@H]3C#N)cc2C(N)=O)cc1
D06313,CN[C@@H](C)C(=O)N[C@H]1CN(C(=O)c2ccc(C(C)=O)cc2)c2ccccc2N(Cc2c(OCC(F)(F)F)c[n+]([O-])c3ccccc23)C1=O
D06314,CN(C)C(=O)c1cc2cnc(Nc3ccc(N4CC5CCC(CC4=O)N5)cn3)nc2n1C1CCCCC1
D06315,C/C=C(\C)CC[C@H]1[C@H](C(=O)O)[C@@H](c2ccc3c(c2)OCO3)CN1CC(=O)N(CCCC)CCCC
D06316,COc1ccc(Br)c2c1B(O)O[C@@H]2CN.Cl
D06317,Clc1ccc(COC(Cn2ccnc2)c2ccc(Cl)cc2Cl)cc1
D06318,C[C@H](Nc1ccc(-c2ccnn2C)nc1)C(=O)Nc1ccc(-c2ccccc2)cn1
D06319,C[C@H](NC(=O)c1cc(Cl)cnc1Oc1cccc(C#N)c1)c1ccc(C(=O)O)cc1
D06320,CN(C)C(=O)n1nnnc1Cc1ccc(-c2ccccc2O)cc1
D06321,O=C(O)CCCC1(c2ccccc2)CCCN(C(=O)Nc2ccc(Cl)cc2)C1
D06322,CCc1nn(CCCN2CCN(c3cccc(Cl)c3)CC2)c(=O)n1CCOc1ccccc1
D06323,CC1CCCC(C(=O)O)N1C(=O)CCS
D06324,NC(=O)c1cccc(O[C@H]2C[C@@H]3CC[C@H](C2)N3Cc2ccncc2)c1
D06325,COc1cc2c(Nc3cc(Cl)c(Br)cc3F)ncnc2cc1OC[C@H]1CN2CCC[C@@H]2CO1
D06326,Cc1ccccc1Nc1ncnc2ccc(-c3cncs3)cc12
D06327,COc1ccc(-c2ccc(S(=O)(=O)N[C@@H](C(=O)O)C3CCCCC3)cc2)cc1
D06328,CN1C(=O)c2[nH]c(Cc3ccc(-c4ccccc4)cc3)nc2N2CC3(CCCC3)N=C12
D06329,CC(=O)Nc1ccc2cnn(-c3cc(NC4CC4)n4ncc(C#N)c4n3)c2c1
D06330,O=C1C(=O)N(Cc2ccnc(F)c2)c2ccc(S(=O)(=O)N3CCC[C@H]3COc3ccccc3)cc21
D06331,C=CC(=O)Nc1ccc(S(=O)(=O)N2CCN(C(=O)OC(C)(C)C)CC2)cn1
D06332,O=C(c1cccc2nc[nH]c12)N1CC[C@@](O)(c2ccccc2)[C@@H]2CCCC[C@@H]21
D06333,CCCCCOCCCCCN1C[C@H](O)[C@@H](O)[C@H](O)[C@@H]1CO
D06334,COc1ccc(CN(Cc2nc3c(c(=O)[nH]2)COCC3)C(=O)CN2CCC(C(=O)c3ccc(F)cc3)CC2)cc1
D06335,O=C(NO)C1c2ccc(O)cc2CCN1S(=O)(=O)c1ccc([N+](=O)[O-])cc1
D06336,CCSC[C@@H]1C[C@](O)(c2ccccc2)[C@@H](c2ccccc2)[C@H](c2ccc(Br)cc2)O1
D06337,Nc1c(C(=O)NCC(O)(CN(CCF)C(=O)c2c(F)cccc2F)C(F)(F)F)cnn1-c1ccc(F)cc1
D06338,O=C(NC1CCN(Cc2ccn(-c3ccc(C(F)(F)F)cc3)c2)CC1)NC(CN1CCOCC1)c1ccccc1
D06339,CCC(C)[C@@H](C[C@H](N)C(=O)N1CCCCC1)NCc1ccc(Cl)cc1
D06340,O=C(O[C@H]1C[N+]2(CCCOc3ccccc3)CCC1CC2)C(O)(c1cccs1)c1cccs1
D06341,Nc1ncnc2c1ncn2[C@@H]1O[C@H](COS(=O)(=O)NC(=O)c2ccccc2O)[C@@H](O)[C@H]1O
D06342,NC(=O)c1ccc(NCc2cccc(Cl)c2)c2cncnc12
D06343,Cc1c(C(=O)NN2CCCCC2)nn(-c2ccc(Cl)cc2Cl)c1-c1ccc(Cl)cc1
D06344,Cn1cc(Nc2cnccc2C(=O)O)c2cccnc21
D06345,COc1cc(NC2CN(CCCF)C2)cnc1[C@@H]1c2ccc3[nH]ncc3c2C[C@@H](C)N1CC(F)(F)F
D06346,Cc1nn2ccccc2c1CCNCc1ccc(/C=C/C(=O)NO)cc1
D06347,C=CC(=O)Nc1ccc(S(=O)(=O)N2CCN(C(=O)OCC)CC2)cc1
D06348,CC(C)ON(CC(=O)NO)S(=O)(=O)c1ccc(-c2ccccc2)cc1
D06349,CC(C)[C@H](CO)Nc1nc(Nc2ccc(C(=O)O)c(Cl)c2)c2ncn(C(C)C)c2n1
D06350,COC[C@@H]1CCCN1S(=O)(=O)c1cc(Cl)c2c(c1)C(=O)C(=O)N2CCCF
D06351,CS(=O)(=O)c1ccc(S(=O)(=O)N[C@@H]2CC[C@@H]([C@H](N)C(=O)N3CCCC3)C2)cc1
D06352,C#CCOc1cnc(/C(F)=C/c2ccc(F)c([C@@]3(C)N=C(N)S[C@@]4(C(C)=O)C[C@H]43)c2)cn1
D06353,CCOC(=O)N1CC(n2nc(C)c3c2C(=O)N(c2cc(C)c4nnc(C)n4c2)C3c2ccc(Cl)cc2)C1
D06354,Cc1ccc(-c2csc(NC(=O)c3ccno3)n2)cc1
D06355,C#CCOc1cnc(C(=O)Nc2cc(F)c(F)c([C@@]3(CF)N=C(N)O[C@@H]4C[C@@H]43)c2)cn1
D06356,COc1ccc(C(=O)Nc2ccc3c(c2)C2(CCSC(N)=N2)c2cc(C4=CCCOC4)nc(F)c2O3)nc1
D06357,N#Cc1cc(-c2ncnc(Nc3ccc(N4CCN(C5COC5)CC4)cc3)n2)ccc1O[C@H]1CCN(C(=O)c2ncc[nH]2)C[C@H]1F
D06358,Cn1nc(NCC(=O)NC2CN([C@H]3CC[C@@H](c4cncs4)CC3)C2)c2cc(C(F)(F)F)ccc21
D06359,COc1nn(C)cc1Nc1ncc(Cl)c(-c2c[nH]c3c(NC(=O)[C@@H](C)N4CCN(C)CC4)cccc23)n1
D06360,CCC(=O)N1CCC(c2ccc(C(=O)NC(=N)N)cc2C(F)(F)F)CC1
D06361,Cc1cc(OCC2CCC2)cnc1C(=O)Nc1ccc(F)c([C@]2(CF)CS(=O)(=O)C(C)(C)C(N)=N2)c1
D06362,CC1(C)CCC(C)(C)c2cc(NC(=O)c3ccc(C(=O)O)cc3)ccc21
D06363,Cl.NOCc1cccc(Cl)c1
D06364,COc1cc(-c2cccc(F)c2)c(C#N)cc1-c1nccc2cc(S(=O)(=O)Nc3nncs3)ccc12
D06365,CC1c2nc(C(F)(F)F)n(C)c2CCN1C(=O)C[C@H](N)Cc1cc(F)c(F)cc1F
D06366,CN[C@@H](C)C(=O)N[C@H]1CN(C(=O)c2ccc(C)o2)c2ccccc2N(Cc2c(OC)ccc3cc(Br)ccc23)C1=O
D06367,N#Cc1cc(-c2ncnc(Nc3ccc(N4CCN(C5COC5)CC4)cc3)n2)ccc1O[C@H]1CCN(C(=O)C2CC(O)C2)C[C@H]1F
D06368,COc1ccc(-c2nc3ncc(-c4csc(C(=O)NCCC(C)C)c4)cc3[nH]2)cc1
D06369,N#Cc1cc(-c2ncnc(Nc3ccc(N4CCN(C5COC5)CC4)cc3)n2)ccc1OC1CN(C(=O)CO)C1
D06370,CC(C)=CCC(C)(C)CNC(=O)NC1CCCCC1
D06371,O=C1CC2(CCN(C(=O)N[C@H]3C[C@@H]3c3ccccc3)CC2)Oc2ccccc21
D06372,CN(C)C(=O)[C@]12C[C@H]1[C@@](C)(c1cc(/C=C(\F)c3cnc(C#N)cn3)ccc1F)N=C(N)S2
D06373,N#Cc1cc(-c2ncnc(Nc3ccc(C4CCN(C5COC5)CC4)cc3)n2)ccc1OC1CCOCC1
D06374,CN[C@@H](C)C(=O)N[C@@H]1C(=O)N(Cc2c(OC)ccc3cc(Br)ccc23)c2ccccc2OC1(C)CSC
D06375,COc1cnc(-c2cccc3c2C[C@H](NC(=O)c2ccc(COCC(F)(F)F)nc2)CO3)cn1
D06376,COc1cc(-c2nn(C3CCN(C)CC3)c3ncnc(N)c23)ccc1NC(=O)c1ccc(C(F)(F)F)cc1F
D06377,O=C(Nc1cccnn1)N1CCC(=Cc2cccc(Oc3ccc(C(F)(F)F)cn3)c2)CC1
D06378,Cn1cc(-c2ccc(C(=O)N[C@@H]3CCN(c4ncc(Cl)c5c(N)noc45)C3)c(Cl)c2)cnc1=O
D06379,CC1(C)C(c2ccc(S(C)(=O)=O)cc2)=C(c2ccccc2)C1N=O
D06380,NC(=O)C1CCN(Cc2ccc(C(=O)Nc3ccc(Cl)cc3C(=O)Nc3ccc(Cl)cn3)cc2)CC1
D06381,C=C[C@@H](O)C#CC#C[C@@H](O)/C=C\CCCCCCC
D06382,CC1(C)CN2CCC[C@]2(CNc2cc(F)c(S(=O)(=O)Nc3nccs3)cc2Cl)C1
D06383,CC(C)(C)c1cc[n+](CCCCCCCCCCCC[n+]2ccc(C(C)(C)C)cc2)cc1
D06384,O=C(Nc1ccc(Oc2ccc(F)cc2)cc1)[C@@H]1C[C@@H](Cc2ccc(F)cc2)CN1C(=O)Cn1nccn1
D06385,CCOC(=O)C1C(C)=Nc2nc3c(c(N)c2C1c1ccc(-c2ccccc2)cc1)CCCC3
D06386,[NH3+][C@H]1C[n+]2c([nH]c3ncccc32)C[C@@H]1c1cc(F)c(F)cc1F
D06387,C[C@H](O)C(=O)N1CC[C@H](Oc2ccc(-c3ncnc(Nc4ccc(N5CC(C)(O)C5)cc4)n3)cc2C#N)[C@H](F)C1
D06388,N#Cc1cc(-c2ncnc(Nc3ccc(N4CCN(C5COC5)CC4)cc3)n2)ccc1O[C@H]1CCN(C(=O)[C@@H]2C[C@@H](F)C(=O)N2)C[C@H]1F
D06389,Cc1c(N(C)C2CCN(Cc3ccccc3)C2)cc(F)c(S(=O)(=O)Nc2cscn2)c1F
D06390,C[C@@H]1CN(C(=O)c2cc(Cl)ccc2-n2nccn2)[C@H](Cc2cc(-n3nccn3)ccc2F)CO1
D06391,C[C@@H]1COc2c(Cl)cc(-c3csc4ccccc34)cc2CN1Cc1cc[nH]c(=O)c1
D06392,CCOP(=O)(CCn1cc(-c2ccn3c(-c4ccnc(SC)n4)c(-c4ccc(F)cc4)nc3n2)nn1)OCC
D06393,CC(C)[C@](O)(c1ccc2c3c(ccc2c1)C(=O)N(C)C3)c1cnc[nH]1
D06394,O=C(CCCCCCc1ccccc1)c1ncc(-c2cc(F)ccn2)o1
D06395,CS(=O)(=O)c1ccc(C2=C(c3ccc(F)cc3)CC3(CCCC3)C2)cc1
D06396,Cc1ncnc(Nc2ccc(OCc3cccc(F)c3)c(Cl)c2)c1C#Cc1ccc(CN2CCCC2)c(F)c1
D06397,CN(C)c1cccc(Cc2ccc(C(=O)NO)cc2)c1
D06398,O=c1c(C2=Nc3ccccc3S(=O)(=O)N2)c(O)c2cc(F)ccc2n1CCC1CC1
D06399,O=c1[nH]c2cc(-c3ccccc3)ccc2c2nc(-c3c(Cl)cccc3[N+](=O)[O-])[nH]c12
D06400,O=C1N[C@@H]2CCCCCSSCCCCC[C@@H]1NC(=O)[C@H]1CCCN1C(=O)[C@H](Cc1ccccc1)NC2=O
D06401,CS(=O)Cc1ccc(C(=O)Nc2cccnc2C(=O)NCC2CCOCC2)c2ccccc12
D06402,CN[C@@H](C)C(=O)N[C@@H]1C(=O)N(Cc2c(C)c(Cl)nc3ccccc23)c2ccccc2N(C(=O)CS(C)(=O)=O)[C@H]1C
D06403,CN(C)C(=O)c1cc2cnc(Nc3ccc(C(=O)N4[C@H]5CNC[C@@H]4COC5)cn3)nc2n1C1CCCC1
D06404,O=Nc1c(-c2c(O)[nH]c3ccccc23)[nH]c2ccccc12
D06405,CS(=O)(=O)c1ccc(-c2cc(C(=O)O)c3cccc(C(=O)c4ccccc4)c3n2)cc1
D06406,CCC(=O)N1CCN(S(=O)(=O)c2cccc(Nc3ncc4c(n3)N(C)c3ccc(C)cc3C(=O)N4C)c2)CC1
D06407,CN(C)C(=O)[C@@H](c1ccc(N(C)C(=O)c2ccc(F)cc2)cc1)[C@H]([NH3+])C(=O)N1CC[C@H](F)C1
D06408,CC(C)(O)Cn1cnc(-c2ccc(F)cc2)c1-c1ccc2ncc(C(N)=O)n2c1
D06409,C[C@H](CCCCNS(=O)(=O)C(F)(F)F)[C@H]1CC[C@H]2/C(=C/C=C3C[C@@H](O)C[C@H](O)C3)CCC[C@@]21C
D06410,O=C(CNC(=O)c1cccc(C(F)(F)F)c1)NC1CN([C@H]2CC[C@@](O)(c3cncs3)CC2)C1
D06411,Cc1nn(C(C)C)c2c1C(c1ccc(F)cc1F)N(c1cc(C)c3nnc(C)n3c1)C2=O
D06412,CC(C)c1cnc(-c2cc(Cl)ccc2F)cc1Nc1ccncc1C(=O)NC(CO)CO
D06413,C[C@H](O)C(=O)N1CCC(Oc2ccc(-c3ncnc(Nc4ccc(N5CCN(C6COC6)CC5)cc4)n3)cc2C#N)CC1
D06414,O=c1[nH]c2c(Cl)cccc2cc1O
D06415,CC(C)Oc1cc([C@@](Cc2ccccc2)(NC[C@@H](O)C(F)(F)F)c2cc(F)cc(OC(F)(F)C(F)F)c2)ccc1F
D06416,C[C@]1(c2cc(/C=C(\F)c3ccc(C#N)cn3)ccc2F)N=C(N)S[C@@]2(S(C)(=O)=O)C[C@@H]12
D06417,CC1(C)C(N)=N[C@](C)(c2cc(NC(=O)c3ccc(F)cn3)ccc2F)CS1(=O)=O
D06418,CC(=O)OCC1(C)C(OC(C)=O)CCC2(C)C3C(=O)C4=C(CC(c5cccnc5)OC4=O)OC3(C)C(OC(C)=O)=CC12
D06419,Cc1c(Oc2ccc(Cl)cc2)c2ccc(Cl)nc2n1Cc1ccc(Cl)c(O[C@@H](C)C(=O)O)c1
D06420,Oc1ccc2cc(-c3cccnc3)ccc2c1
D06421,CC(C)N(Cc1ccc(Cl)c(Cl)c1)CC1CNC1.Cl
D06422,C[C@H](O)Cn1cnc(-c2ccc(F)cc2)c1-c1ccc2ncc(C(N)=O)n2c1
D06423,Cc1c(Cl)cccc1N1CCN(CCCNC(=O)c2nc(-c3ccccc3)n(-c3ccccc3)c2C)CC1
D06424,CN(C/C=C/c1ccc(-c2ccccc2)cc1)Cc1ccc2c(c1)CCO2.Cl
D06425,OC[C@H]1[C@@H](O)[C@H](O)[C@@H](O)CN1CCCC(F)(F)COCc1ccc(-c2ccccc2)cc1
D06426,N[C@H]1CC[C@@H](N[C@@H]2C[C@H]2c2ccc(-c3cccc(C(F)(F)F)c3)cc2)CC1
D06427,Cc1oc([C@@H](Cc2cn(C)c3ccccc23)NC(=O)[C@H](CC(C)C)NC(=O)OC2CCCCC2)nc1C(=O)O
D06428,Cc1cc(C(=O)Nc2ccc(-c3ccccc3S(N)(=O)=O)cc2)n(-c2cc3ccccc3cc2S(C)(=O)=O)n1
D06429,COc1ccc(C[C@H](NC(=O)[C@@H](C)NC(=O)C2=C(C)c3ccccc3C2)C(=O)N[C@@H](CC2CCCCC2)C(=O)[C@@]2(C)CO2)cc1
D06430,Cc1cc(OC(F)F)cnc1C(=O)Nc1cc(Cl)c(F)c([C@@]2(CF)N=C(N)O[C@@H]3C[C@@H]32)c1
D06431,CC(O)C(=O)N1CCC(c2ccc3[nH]c(-c4cc(C(F)(F)F)c5ncnn5c4)c(C(C)C)c3c2)CC1
D06432,O=S(=O)(NCCO)c1ccc(-c2ccnc3[nH]c(C4CC4)cc23)cc1
D06433,CCC[C@@H]1C[C@H](N(C)C(C)C)CC[C@@H]1N1CC[C@H](NC(=O)c2cc(C(F)(F)F)ccc2NC(=O)NCC)C1=O
D06434,Cc1cnc(-c2cc(O[C@@H]3CCOC3)cc(C(=O)N[C@H](C)c3cnc(C(F)(F)F)nc3)c2)s1
D06435,O=C(O)c1ccnc(-n2nc(Cc3cccc(Cl)c3)cc2O)c1
D06436,CS(=O)(=O)Nc1ccc(-c2coc3cc(C#Cc4cc[nH]c(=O)c4)ccc3c2=O)cc1
D06437,O=[V]([O-])([O-])[O-]
D06438,N#Cc1cnc2ccc(-c3c(-c4ccc(F)c(Cl)c4)ncn3C3CCOCC3)nn12
D06439,N[C@H]1C[C@@H](N2Cc3nn4cccnc4c3C2)CO[C@@H]1c1cc(F)ccc1F
D06440,COc1ccc(C(=O)Nc2cc(-c3cccs3)ccc2N)cc1
D06441,Cc1ccc2c(c1)-c1nc(NCC3CCN(C(=O)[C@H]4CCCO4)CC3)sc1CCO2
D06442,O=C(N[C@H]1C[C@@H](CO)C[C@H]1OC(=O)c1cc(O)c(C(=O)c2c(O)cccc2C(=O)O)c(O)c1)c1ccc(O)cc1
D06443,Cl.NC[C@H]1OB(O)c2c3c(cc(Cl)c21)OCCO3
D06444,N#C[C@@H]1CCCN1C(=O)CNCCC(=O)N1CCc2cc(F)ccc2C1
D06445,O=C(Nc1ccccc1Br)Nc1ccc(Cl)c(Cl)c1O
D06446,CCN(CC)CCCC(=O)c1ccc(OC2Cc3cc(OC)c(OC)cc3C2=O)cc1
D06447,Cc1ncc(-c2nc(Nc3ccc(C(=O)N(C)C)cc3)ncc2F)n1C(C)C
D06448,O=C1Cc2cc(CCN3CCN(c4nsc5ccccc45)CC3)c(Cl)cc2N1
D06449,Cn1c(=O)n(C2CCC2)c2c3cc(-c4ccc(OCCCN5CCCCC5)nc4)ccc3ncc21
D06450,COc1ccc(Nc2ccccc2C(=O)O)cc1
D06451,CN(CCCCc1ccccc1)C(=O)n1nnc(Cc2ccc(-c3ccccc3)cc2)n1
D06452,COc1ccc(OC)c(/N=c2\oc3cc(O)ccc3cc2C(=O)Nc2ccccn2)c1
D06453,CCCc1cc(OC(F)(F)F)cc2c1O[C@H](C(F)(F)F)C(C(=O)O)=C2
D06454,COc1nn(C)cc1Nc1ncc(Br)c(-c2c[nH]c3c(NC(=O)[C@@H](C)N4CCN(C)CC4)cccc23)n1
D06455,Cc1[nH]c(/C=C2\C(=O)Nc3ccc(F)cc32)c(C)c1C(=O)NCCN(C)C
D06456,NC[C@H]1CC[C@H](C(=O)N2C[C@@H](N3CCN(S(=O)(=O)C4CC4)CC3)C[C@H]2C(=O)Nc2ccc(C(=O)O)cc2)CC1
D06457,CCC(=O)NC1CCCc2c(-c3ccc(C#N)cc3)cncc21
D06458,CN[C@@H](C)C(=O)Nc1ccc(-c2c(-c3ccc(OC)nc3)nc3cc(C)ccn23)c(C#Cc2ccc3c(ccc(=O)n3C)c2)n1
D06459,COCc1cc(-c2[nH]c3ccc(C4CCN(CC(=O)N5CC(C)(C)C5)CC4)cc3c2C(C)C)cn2ncnc12
D06460,O=C(O)CCC(=O)Nc1ccc(-c2c(O)ccc3cc(-c4cccc(O)c4)ccc23)cc1
D06461,O=C(O)c1ccnc(-n2nc(-c3ccccc3Cl)cc2O)c1
D06462,Cc1cc(N2C(=O)N(c3ccc(-c4ccc(C(=O)O)cc4C)cc3)C(=O)C23CCN(Cc2ncccc2C)CC3)ncn1
D06463,COc1cc(Nc2nccc(Oc3ccc(NC(=O)Nc4cc(C(F)(F)F)nn4-c4ccc(C)cc4)c4ccccc34)n2)cc(C(=O)NCCN2CCOCC2)c1
D06464,O=C(O)CCn1c2ccc(O)cc2c2c3c(c(-c4ccccc4)cc21)C(=O)NC3=O
D06465,CC1(C)SSC[C@H](NC(=O)[C@H]2NCC[C@H]2c2ccc(O)cc2)C(=O)N[C@@H](Cc2ccccc2)C(=O)N[C@@H]1C(=O)O
D06466,N#Cc1cc(-c2ncnc(Nc3ccc(N4CCN(C5COC5)CC4)cc3)n2)ccc1OC1CCC2(CC1)OCCO2
D06467,NC(=O)c1ccc(-c2ccc(Oc3cncc4sc(-c5nnn[nH]5)cc34)cc2)cc1
D06468,CC(=O)c1ccc(OCc2ccc(Oc3cc(-c4nn[nH]n4)ccn3)cc2)c(C)c1O
D06469,O=c1[nH]c2cc(Cl)ccc2c2nc(-c3ccccc3Cl)[nH]c12
D06470,CCNc1cc(C(=O)N[C@@H](Cc2ccco2)[C@H](O)CNCc2cccc(OC)c2)cc(N2CCCCS2(=O)=O)c1
D06471,N#Cc1cc(S(=O)(=O)Nc2ncns2)ccc1Oc1ccc(Cl)cc1-c1cn[nH]c1
D06472,CCS(=O)(=O)c1ccc(-c2cc(C(F)(F)F)ccc2OCC(=O)O)c(C)c1
D06473,C[C@H]1CNC(=O)[C@@H](CC(F)(F)F)N(C(=O)C[C@H](N)Cc2cc(F)c(F)cc2F)C1
D06474,COc1cc2c(cc1OC(C)C)[C@H](c1ccc(Cl)cc1)N(c1ccc(N(C)C[C@H]3CC[C@H](N4CCNC(=O)C4)CC3)cc1)C(=O)C2
D06475,CN(C)C(C)(C)c1nc(C(=O)NCc2ccc(F)cc2)c(O)c(=O)[nH]1
D06476,CC(Cc1ccc(O)cc1)NCC(O)c1cc(O)cc(O)c1
D06477,O=C1c2c(Cl)cccc2-n2c1nc1ccccc1c2=O
D06478,CC(C)CCc1nc2c([nH]1)C(=O)N(C)C1=N[C@@H]3CCC[C@@H]3N12
D06479,O=c1[nH]c2sccc2c(=O)n1O
D06480,Cc1csc2c(N[C@@H](C)CN3CCN(S(=O)(=O)c4ccc(Cl)c(Cl)c4)CC3)ncnc12
D06481,CS(=O)(=O)c1ccc(C2=C(c3cccc(F)c3)C(=O)OC2)cc1
D06482,O=c1cc(-c2ccccc2)oc2ccccc12
D06483,COc1ccc(-c2cc(F)c(F)cc2-c2ccc(S(N)(=O)=O)cc2)cc1Cl
D06484,CNC(=O)c1ccc(C)c(-n2ncc(OCc3ccc(F)cc3F)c(Br)c2=O)c1
D06485,COc1cc(-c2cccc(C(F)(F)F)c2)c(C#N)cc1-c1nccc2cc(S(=O)(=O)Nc3ccncn3)ccc12
D06486,Nc1ncnc2c1c(-c1ccc(Cl)cc1)nn2-c1cccc(-c2cnnn2CCCCCC(=O)NO)c1
D06487,COc1cccc(-c2cn(-c3ccccc3)c3ncnc(N)c23)c1
D06488,O=C1C(=O)N(Cc2ccc(OCCOCCF)cc2)c2ccc(S(=O)(=O)N3CC[C@H]3COc3ccccc3)cc21
D06489,C[C@H](O)C(=O)N1CC[C@H](Oc2ccc(-c3ncnc(Nc4ccc(N5C6COCC5C6)cc4)n3)cc2C#N)[C@H](F)C1
D06490,CNC(=O)[C@]12C[C@H]1[C@@](C)(c1cc(/C=C(\F)c3cnc(C#C[Si](C)(C)C)cn3)ccc1F)N=C(N)S2
D06491,N[C@@H](CC(=O)N1CCCNC(=O)[C@H]1Cc1ccccc1)Cc1cc(F)c(F)cc1F
D06492,Cc1c(-c2[nH]c3ccc(C4CCN(C(=O)OCCN5CCCC5)CC4)cc3c2C(C)C)cn2ncnc2c1C
D06493,CCN1C(=O)Cn2c1nc1nc(N3CCC[C@@H](N)C3)n(Cc3cc(F)ccc3C(F)(F)F)c1c2=O
D06494,COc1ccc(-c2cccc3nc(NC(=O)C4CC4)nn23)cc1
D06495,Cn1c(=O)n(C2CCOCC2)c2c3cc(-c4ccc(OCCCN5CCCC5)nc4)ccc3ncc21
D06496,Clc1cc(-c2csc3ccccc23)cc2c1OCCN(Cc1cccnc1)C2
D06497,C[C@]1(c2cc(NC(=O)c3ccc(Cl)cn3)ccc2F)N=C(N)C2(CCC2)S(=O)(=O)[C@@H]1F
D06498,Nc1ncnc2c1ncn2[C@@H]1O[C@H](CO)[C@@H](O)[C@@H]1O
D06499,CC1C(c2ccc(F)cc2)=C(c2ccc(S(C)(=O)=O)cc2)ON1C
D06500,CC(C(=O)O)C12CCC(c3ccc(C4=Nc5c(N)ncnc5OC4(C)C)cc3)(CC1)CC2
D06501,OC(c1cnc2ccc(-c3c(-c4ccc(F)cc4)ncn3CC(F)F)nn12)C(F)(F)F
D06502,CN[C@@H](C)C(=O)N[C@H]1CN(C(=O)c2ccc(C(C)=O)cc2)c2ccccc2N(Cc2c(OC)ccc3cc(C(=O)OC)ccc23)C1=O
D06503,N#Cc1ccc([C@@H]2C3=C(CCC3=O)N(c3cccc(C(F)(F)F)c3)C(=O)N2C(=O)NCCO)cc1
D06504,CNc1cc(-c2cccnc2Oc2cc(C(=O)Nc3cc(C4CCCCC4)ccc3OC)ccc2C)ccn1
D06505,CCOC(=O)C1C(C)=Nc2nc3c(c(N)c2C1c1cccnc1)CCCC3
D06506,C[C@H]1[C@H](/C=C/c2ccc(-c3cccnc3C#N)cn2)[C@@H]2[C@@H](C)OC(=O)[C@]2(C(N)=O)CC1(F)F
D06507,Clc1ccccc1Nc1cc2[nH]c(-c3cn[nH]c3)cc2cn1
D06508,Cc1cn(-c2cc(NC(=O)c3ccc(C)c(/C=C/n4cnc5c(NC6CC6)ncnc54)c3)cc(C(F)(F)F)c2)cn1
D06509,COC(=O)c1cc(-c2cccc(OC(=O)NC3CCCCC3)c2)n(-c2ccccc2)n1
D06510,CCCCc1nc(Cl)c(CO)n1Cc1ccc(-c2ccccc2-n2cnnn2)cc1
D06511,CC[C@@H](C)Oc1cc2c(cc1OC)CC(=O)N(c1ccc(N(C)CC3CCN(C(=O)N(C)C)CC3)cc1)C2c1ccc(Cl)cc1
D06512,CC1C(c2ccccc2)=C(c2ccc(S(C)(=O)=O)cc2)ON1C
D06513,CC(C)[C@@H]1NC(=O)c2csc(n2)-c2csc(n2)CNC(=O)C[C@@H](/C=C/CCS)OC1=O
D06514,CCCCNc1ncc(-c2cn(C)cn2)c(N[C@H]2CC[C@H](O)CC2)n1
D06515,Cc1cc(C(F)F)cnc1C(=O)Nc1ccc(F)c([C@@]2(C)N=C(N)C3(CC3)S(=O)(=O)[C@@H]2F)c1
D06516,CCN(C)Cc1ccc(C(=O)Nc2ccc(Cl)cc2C(=O)Nc2ccc(Cl)cn2)cc1
D06517,C[C@H](NC(=O)[C@@H](CC(=O)NO)Cc1ccccc1)C(=O)[O-]
D06518,COc1ccc2ccc(-c3cccnc3)c(Cl)c2c1
D06519,O=C(N[C@H]1C[C@@H]1c1ccccc1)N1CCC2(CCc3cc(F)ccc3O2)CC1
D06520,CN1CCN(C(=O)c2ccc3c(c2)[nH]c2c(C(N)=O)ccc(-c4cccc(NC(=O)c5ccc(N(C)C)cc5)c4F)c23)CC1
D06521,Nc1cc(C(F)(F)F)c(-c2cc(N3CCOCC3)nc(N3CCOCC3)n2)cn1
D06522,COc1ccc(S(=O)(=O)N[C@H](CO)C(=O)N[C@@H](C)C(=O)NC(Cc2ccc(N=C(N)N)cc2)P(=O)(Oc2ccccc2)Oc2ccccc2)cc1
D06523,Cc1ccc(C)c(CC(=O)c2sccc2S(=O)(=O)Nc2onc(C)c2Cl)c1
D06524,NC1=NC2(CCO1)c1cc(NC(=O)c3ccc(Cl)cn3)ccc1Oc1ncccc12
D06525,O=C(Cc1nc(N2CCOCC2)cc(=O)[nH]1)N1CCc2cc(F)ccc21
D06526,C=C1C[C@H](C(=O)NO)N(S(=O)(=O)c2ccc(OC)cc2)C1
D06527,C=CC(=O)Nc1ccc(S(=O)(=O)N2CCN(c3ncccc3C)CC2)cc1
D06528,Cc1oc(-c2ccccc2)nc1CCOc1cccc(C[C@@H]2C(=O)N(c3ccc(C(C)(C)C)cc3)[C@@H]2C(=O)O)c1
D06529,NC(=O)c1cnc2ccc(-c3c(-c4ccc(F)cc4)ncn3CCCO)nn12
D06530,Cc1cc(=O)oc2cc(OCc3ccccc3)ccc12
D06531,O=C(N[C@@H]1CCC[C@H]1COC(=O)c1cc(O)c(C(=O)c2c(O)cccc2C(=O)O)c(O)c1)c1ccc(O)cc1
D06532,Cc1c[nH]c(/C=C2\C(=O)Nc3ccc(Br)cc32)c1CCC(=O)O
D06533,COc1cc(-c2cccc(F)c2)c(Cl)cc1-c1nccc2cc(S(=O)(=O)Nc3ccon3)ccc12
D06534,CC[C@H](C)[C@@H]1NC(=O)[C@@H](Cc2c[nH]c3ccccc23)NC(=O)[C@@H]2CCCN2C(=O)[C@@H](Cc2ccccc2)N(C)C(=O)[C@@H]2CCCCN2C(=O)[C@H]2CCCCN2C1=O
D06535,COc1cc(Cc2cnc(N)nc2N)cc(OC)c1O
D06536,Cn1c2ccnc(Cl)c2c2nc(CN3CCOCC3)nc(N3CCN(CCc4ccc(F)c(F)c4)CC3)c21
D06537,C[C@@H](c1ccc(-c2ccc(=O)n(C)c2)cc1)[C@H]([NH3+])C(=O)N1CCC(F)(F)C1
D06538,OC[C@H]1O[C@]2(OCc3ccc(Cc4ccc(C(F)(F)F)cc4)cc32)[C@H](O)[C@@H](O)[C@@H]1O
D06539,Cc1cc(O)c2c(c1)C(=O)c1cc(O)cc(O)c1C2=O
D06540,Cc1ccc(-c2cc(C(F)(F)F)[nH]n2)cc1NC(=O)c1ccc(OCc2ccccn2)cc1
D06541,C#CCOc1cnc(/C(F)=C/c2ccc(F)c([C@@]3(C)N=C(N)S[C@@]4(C(=O)N(C)C)C[C@H]43)c2)cn1
D06542,COc1ccc2cc(Br)ccc2c1CN1C(=O)[C@@H](NC(=O)[C@@H](N)[C@H](C)O)C2(CCOCC2)Oc2ccccc21
D06543,O=C([C@@H]1C[C@H](n2cc(-c3ccc(F)c(F)c3)nn2)CN1C(=O)CCCc1ccccc1)N1CCCC1
D06544,O=C(CCCCCCC(=O)Nc1ccc([C@@H]2O[C@H](c3ccc(CO)cc3)C[C@H](CSc3nc(-c4ccccc4)c(-c4ccccc4)o3)O2)cc1)NO
D06545,Cn1cc(-c2cnc3ccc(NC(=O)NCc4ccccc4)nc3c2)cn1
D06546,CCc1ccc(NC(=O)c2ccc3c(c2)OC(F)(F)O3)cc1C(=O)Nc1cnc(Nc2ccc(N3CCN(C)CC3)cc2)nc1
D06547,O=C(CCCN1CCCC1)Nc1ccc2nc3c4[nH]c5ccccc5c4ccn3c(=O)c2c1
D06548,COc1cc2c3c(c1O)C(=O)c1ccccc1C3=NCC2
D06549,C[C@@H]1OC(=O)[C@H]2C[C@H]3CCCC[C@@H]3[C@@H](/C=C/[C@H]3CCC[C@H](C)N3C)[C@@H]12
D06550,Cc1nc2c(C)cc(-c3[nH]c4ccc(C5CCN(CC(=O)N6CCOCC6)CC5)cc4c3C(C)C)cn2n1
D06551,Cc1c(Nc2c(C#N)cncc2/C=C/c2cccc(CN3CCN(C)CC3)n2)ccc2[nH]ccc12
D06552,COc1ccc(C(=O)C2CCN([C@H]3CCN(Cc4nc5c(c(=O)[nH]4)COCC5)C3=O)CC2)cc1C
D06553,CCCS(=O)(=O)N1CCC(CNC(=O)c2ccc(F)cc2Cl)(C(=O)N2CCOCC2)CC1
D06554,O=C(Nc1ccc(N2CCN(C(=O)Nc3ccccc3Cl)CC2)nc1)c1oc(N2CCCCC2)nc1C(F)(F)F
D06555,CC(C#Cc1cnc(Oc2ccc(OC(C)C)cc2)s1)NC(N)=O
D06556,CCc1nnc2n1CCN(C(=O)C[C@H](N)Cc1cc(F)c(F)cc1F)C2
D06557,CS(=O)(=O)c1ccc(-c2sc(-c3ccccc3Cl)nc2-c2ccccc2)cc1
D06558,OC[C@H]1[C@@H](O)[C@H](O)[C@@H](O)CN1CCCCCOCc1ccc(-c2ccccc2)cc1C(F)(F)F
D06559,Cc1cc(C(=O)NCCN2CCOCC2)[nH]c1/C=C1\C(=O)Nc2ncnc(Nc3ccc4c(ccn4Cc4ccccc4)c3)c21
D06560,COc1ncc(-c2ccc3c(Nc4cc(Oc5cc(F)cc(F)c5)cc(C(=O)O)c4)c(S(=O)(=O)NC4CC4)cnc3c2)c(OC)n1
D06561,Cc1nc(C#Cc2cccnc2)cs1
D06562,CNC(=O)[C@]12C[C@H]1[C@@](C)(c1cc(/C=C(\F)c3ccc(C(F)(F)F)cn3)ccc1F)N=C(N)S2
D06563,CNC(=O)N1CCc2c(c(Nc3ccc(-c4cnn(C)c4)cc3F)nn2[C@H]2CCOC2)C1
D06564,Cn1c(=O)n(C2COC2)c2c3cc(-c4ccc(OCCCN5CCCCC5)nc4)ccc3ncc21
D06565,Cc1c(Cn2ccnc2)c2ccccc2n1CCC(=O)O
D06566,COc1cnc(C(=O)Nc2ccc3c(c2)C2(CCSC(N)=N2)c2cc(Cl)nc(F)c2O3)cn1
D06567,N[C@@H](CC(=O)N1CCn2nc(C(F)(F)F)nc2[C@H]1CC1CC1)Cc1cc(F)c(F)cc1F
D06568,CC[C@@](C)(OCc1cc(-c2cccc(OC3CC3)c2)n(-c2cccc3cnn(C)c23)n1)C(=O)O
D06569,COc1ccc(NC(=O)N2CCNC[C@@H]2COc2cccnc2)cc1
D06570,C#CCOc1cnc(/C(F)=C/c2cnc(F)c([C@@]3(C)N=C(N)S[C@@]4(C(=O)N(C)C)C[C@H]43)c2)cn1
D06571,Cc1cccc2cc(O)c(=O)[nH]c12
D06572,CCCN(CCc1ccccc1)C(=O)[C@@H]1OC(C(=O)O)=CC[C@H]1NC(C)=O
D06573,CNC(=O)CCC1(c2ccccc2)CCCN(C(=O)Nc2ccc(Cl)cc2)C1
D06574,COCC(=O)N1CCC(c2ccc(C(=O)NC(=N)N)cc2C(F)(F)F)CC1
D06575,CN[C@@H](C)C(=O)N[C@@H]1C(=O)N(Cc2c(OC)cnc3ccccc23)c2ccccc2N(C(=O)CS(C)(=O)=O)[C@H]1C
D06576,Cn1c(=O)cc(N2CCC[C@@](C)(N)C2)n(Cc2cc(F)ccc2C#N)c1=O
D06577,O=C(NCc1cnc2ccc(-c3c(-c4ccc(F)cc4)ncn3CC(F)F)nn12)C1CC1
D06578,Fc1ccc2cc(CCN3CCNCC3)ccc2c1
D06579,Cc1sc(Nc2ccc(Cl)cc2F)nc1C(=O)N1CCC[C@H](C)[C@@H]1C
D06580,CCN(CC)CCCOc1ccc2nc3n(c(=O)c2c1)CCCCC3
D06581,Nc1ccccc1NC(=O)c1ccc(-c2ccc3ncnc(Nc4ccc(OCc5cccc(F)c5)c(Cl)c4)c3c2)o1
D06582,COC[C@@H]1CCCN1S(=O)(=O)c1ccc2c(c1)C(=O)C(=O)N2C[C@H](O)CO
D06583,CN1CCOCC1C(=O)N1CC[C@@](O)(c2ccccc2)[C@@H]2CCCC[C@@H]21
D06584,COC(=O)C1CCCC(N2CCC([C@H](N)Cc3cc(F)ccc3F)CC2)C1
D06585,CC1=C[C@H]2Cc3[nH]c(=O)ccc3[C@]3(C1)NCCC[C@H]23
D06586,C[C@@H](NC(=O)c1c[nH]c2ncc(-c3nn(C)c4cc(Cl)ccc34)nc12)C(=O)N1CC(C#N)C1
D06587,CCCCCCCCc1cn2c(n1)C(O)C(O)C(O)C2CO
D06588,C[C@@H]1Cc2c(ccc3[nH]ncc23)[C@@H](c2ccc(NC3CN(CCCF)C3)cn2)N1CC(F)F
D06589,CNCc1cc(=O)oc2cc(OCc3cccc(F)c3)ccc12
D06590,C=C(CNN)c1ccccc1C
D06591,O=[N+]([O-])c1ccc2[nH]c3c(N4CCN(CCc5ccc(F)c(F)c5)CC4)ncnc3c2c1
D06592,Cc1cccnc1CN1CCC2(CC1)C(=O)N(c1ccc(-c3ccccc3)cc1)C(=O)N2c1cc(=O)[nH]cn1
D06593,N[C@H]1C[C@@H](N2CCn3c(nnc3C(F)(F)F)C2)CC[C@@H]1c1cc(F)c(F)cc1F
D06594,CN(C)C(=O)N1CC(c2cc(F)ccc2F)=C[C@@]1(CC[C@@H](N)C(F)F)c1ccccc1
D06595,CN1CCN(Cc2ccc3cc(-n4cnc5cc(-c6ccc(Cl)cc6)sc5c4=O)ccc3n2)CC1
D06596,COc1cnc2c(Nc3ccc(F)c([C@]4(C)CS(=O)(=O)C(C)(C)C(N)=N4)c3)ncnc2c1
D06597,NCC[C@H](N)C(=O)N1CC[C@H]2CCC[C@H]21
D06598,O=C(C[C@@H](Cc1ccccc1)C(=O)N1CCCC[C@H]1C(=O)O)NO
D06599,CS(=O)(=O)N1Cc2cc(Cl)ccc2-n2c(nnc2C2CCN(c3ccccn3)CC2)C1
D06600,CC(C)c1nc(-c2nnc3n2CCN(C(=O)c2ccc(-c4cccs4)cc2)[C@@H]3C)co1
D06601,CC(C)(OCc1cc(-c2ccc3c(c2)OCO3)n(Cc2ccccc2Cl)n1)C(=O)O
D06602,C[C@]1(c2cc(/C=C(\F)c3cnc(C#N)cn3)ccc2F)N=C(N)S[C@@]2(C(=O)N3CCOCC3)C[C@H]21
D06603,CC(C)C[C@H](NC(=O)[C@@H](O)[C@H](N)Cc1ccccc1)C(=O)O
D06604,CC(C)[C@@H](Oc1ccc(CNC(=O)[C@@H]2CCCN2C(=O)CC([NH3+])Cc2cc(F)ccc2F)cc1)C(=O)O
D06605,O=C(O)[C@H](Cc1ccc2c(c1)oc1ccccc12)NC(CCc1cccc2ccccc12)P(=O)(O)O
D06606,COc1cc2c(Nc3ccc(Br)c(Cl)c3F)ncnc2cc1OCC1CO[C@@H]2[C@@H](OC)CO[C@H]12
D06607,OC1CCN(Cc2ccc(Oc3nc4ccccc4s3)cc2)CC1
D06608,CC1(C)SSC(C)(C)[C@@H](C(=O)N[C@@H](Cc2ccccc2)C(=O)O)NC(=O)[C@H](Cc2ccccc2)NC(=O)CNC(=O)[C@@H]1NC(=O)[C@@H](N)Cc1ccc(O)cc1
D06609,O=C(O)CN1C(=O)C(=O)N(Cc2nc3c(Cl)cccc3s2)C1=O
D06610,COc1cnc(-c2c(C)ccc(F)c2CCNC(=O)c2ccc(COCC(F)(F)F)nc2)cn1
D06611,CCc1cc(-c2[nH]c3ccc(C4CCN(C5COC5)CC4)cc3c2C(C)C)cn2ncnc12
D06612,O=C(NC1CCc2ccccc2CC1)N1CCC(c2nc(-c3ccccn3)no2)CC1
D06613,O=P(O)(O)C(Nc1ccc(O)cc1)P(=O)(O)O
D06614,CCc1cc(Cl)ccc1Oc1ccncc1CN(C)C
D06615,Cc1cc(Cl)ccc1C1c2c(nn(-c3cc(=O)n(C)c(=O)n3C)c2C(C)C)C(=O)N1c1cc(Cl)ccc1C
D06616,CNC(=O)c1ccc(-c2cc(C(F)(F)F)cc3[nH]ncc23)c(OC)c1
D06617,COc1cccc(-c2cc(COC(C)(C)C(=O)O)nn2Cc2ccccc2Cl)c1
D06618,N#CCCn1nnc(-c2ccc(OCc3ccc(Cl)cc3)cc2)n1
D06619,CC(C)c1n[nH]c(O[C@@H]2O[C@H](CO)[C@@H](O)[C@H](O)[C@H]2O)c1Cc1ccccc1OCc1ccccc1
D06620,O=C(NO)c1ccc(CNc2cccc3cccnc23)cc1
D06621,N[C@@H](CC(=O)N1CCc2c(nc(-c3ccncc3)nc2C(F)(F)F)C1)CN1C(=O)CCC(F)(F)[C@@H]1O
D06622,CC(C)C(=O)N(Cc1ccc(Cl)cc1Cl)[C@H]1CCNC1
D06623,Cc1ccc(-n2nc(C(C)(C)C)cc2NC(=O)Nc2ccc(Oc3cc(Nc4ccc5[nH]ncc5c4)ncn3)c3ccccc23)cc1
D06624,CCCCNC(=O)[C@H](C)C[C@H](O)[C@@H](N)C[C@H](CNC(=O)c1ccccc1OCCCOC)C(C)C
D06625,O=C1Nc2ccccc2/C1=C/c1ccc(Br)cc1
D06626,C#CCOc1cnc(/C(F)=C/c2cnc(F)c([C@@]3(C)N=C(N)S[C@@]4(C(=O)N5CC[C@H](F)C5)C[C@H]43)c2)cn1
D06627,N#Cc1ccc2ncc(-c3cccc(NC4CCNCC4)n3)n2c1
D06628,O=C(NCCCC[C@H](NS(=O)(=O)c1ccc(-c2ccc(Br)cc2)cc1)C(=O)O)OCc1ccccc1
D06629,COCc1cc(-c2[nH]c3ccc(C4CCN(CC(=O)NC(C)C)CC4)cc3c2C(C)C)cn2ncnc12
D06630,C[C@@H](NCc1cc([C@]2(C)CCSC(N)=N2)c(F)cc1F)C(F)(F)F
D06631,C[C@H](O)C(=O)N1CC[C@H](Oc2ccc(-c3ncnc(Nc4ccc(N5CCO[C@H](CO)C5)cc4)n3)cc2C#N)[C@H](F)C1
D06632,N#CC(C#N)=C1C(=O)N(Cc2ccc(Br)cc2)c2ccc(S(=O)(=O)N3CCC[C@H]3COc3ccccc3)cc21
D06633,N#Cc1ccccc1Cn1c(N2CCC[C@@H](N)C2)nc2cc(Cl)ccc2c1=O
D06634,CCCN(CCCc1ccccc1)C(=O)[C@@H]1OC(C(=O)O)=C[C@H](N)[C@H]1NC(C)=O
D06635,CCc1cc(Cc2cnc(N)nc2N)cc(CC)c1N
D06636,O=C(NO)c1ccc(CN2c3ccccc3S(=O)(=O)C[C@H]3CCCC[C@H]32)cc1
D06637,CC(C)(NC(=O)[C@@H]1C[C@@H](S(=O)(=O)c2ccccc2Cl)CN1C(=O)C1(c2ccc(Cl)cc2)CC1)C(=O)C(=O)NC1CC1
D06638,N#Cc1ccccc1Cn1c(N2CCC[C@@H](N)C2)nccc1=O
D06639,N[C@@H](CC(=O)N1CCC[C@H]1c1nc(CC2CC2)no1)Cc1cc(F)c(F)cc1F
D06640,Cc1cnc(C)c(CCC2CCN(S(=O)(=O)C[C@](C)(C[C@H](C)c3ncc(F)cn3)N(O)C=O)CC2)c1
D06641,C[C@H](O)C(=O)N1CC[C@H](Oc2ccc(-c3ncnc(Nc4ccc([C@H]5CCCN5)cc4)n3)cc2C#N)[C@H](F)C1
D06642,Nc1nccn2c([C@@H]3CCC[C@H](C(=O)O)C3)nc(-c3ccc(C(=O)Nc4cc(C(F)(F)F)ccn4)cc3)c12
D06643,CCC1(C)NC(=O)c2cc(S(=O)(=O)Nc3ccc(Cl)cc3)ccc2N(C)C1=O
D06644,COc1cc(Nc2ccc([N+](=O)[O-])cc2C(=O)O)cc2ccccc12
D06645,Cc1ncc(C#Cc2ccc3c(=O)c(-c4ccc(NS(C)(=O)=O)cc4)coc3c2)n1C
D06646,COc1cc(C(O)C#Cc2c(C)nc(N)nc2N)cc(OC)c1OC
D06647,CCc1ccc2oc(C(=O)Nc3ccc(-c4ccc(S(=O)(=O)N[C@H](C(=O)O)C(C)C)cc4)cc3)c(C)c2c1O
D06648,CC(C)CCn1cnc(C(Cc2ccc(N)nc2)C(=O)O)c1
D06649,O=C(NO)c1coc(-c2ccc(Cl)cc2)n1
D06650,CN[C@@H](C)C(=O)N[C@H]1COc2c(C(=O)N(C)CCO)cccc2N(Cc2c(OC)ccc3cc(C(=O)O)ccc23)C1=O
D06651,COc1cccc(NC(=O)c2sccc2S(=O)(=O)Nc2onc(C)c2Br)c1
D06652,CCN(CC)CCNC(=O)c1ccc(NC(=O)Nc2ccc(OC(F)(F)F)cc2)cc1
D06653,N#Cc1ncc(Nc2cc3cccc(Cl)c3cn2)nc1OCC1CCNCC1
D06654,CC(C)(Oc1ccc(Cl)cc1)C(=O)N[C@H]1C2C[C@@H]3C[C@@H]1C[C@@](C(=O)O)(C2)C3
D06655,Cc1cc(Cn2c(=O)n(Cc3cnn(C)c3)c(=O)c3cc(S(=O)(=O)NC4(C)CC4)ccc32)n(C)n1
D06656,CN(C)C(=O)c1noc([C@H](CCCC2CCCCC2)CC(=O)NO)n1
D06657,OC1(CNC2CC2)CCN(c2nc(Oc3cccc(F)c3)cc(C(F)(F)F)n2)CC1
D06658,COc1ccc(Cl)cc1-n1c(=O)c2cnc(Nc3ccc(N4CCN(C)CC4)cc3)nc2n2c3ccccc3nc12
D06659,O=C1NCCc2[nH]c(-c3ccnc(-c4cnc5ccccc5c4)c3)cc21
D06660,CC(C(=O)O)c1ccc(-c2cccc(OC(=O)NCCC3CCCCC3)c2)c(F)c1
D06661,C[C@@H]1CN(C(=O)OCC(F)(F)F)CCN1c1ncc(OCc2ccncc2C#N)cn1
D06662,CN1CC2(C)CN(C(=O)c3ccc(Nc4ncc5cc(C(=O)N(C)C)n(C6CCCC6)c5n4)nc3)CC(C)(C1)C2O
D06663,Cc1ccc(Nc2nc(-c3ccc(S(C)(=O)=O)cc3)cc(C(F)(F)F)n2)cc1
D06664,COc1cc(-c2cccc(C(F)(F)F)c2)c(F)cc1-c1nccc2cc(S(=O)(=O)Nc3ccon3)ccc12
D06665,CC(C)[C@@H]1C(=O)N(S(C)(=O)=O)[C@@H]2CCN(C(=O)C3CN(CC(C)(C)C)C3)[C@@H]12
D06666,Cc1cc(-c2[nH]c3ccc(C4CCN(Cc5csnn5)CC4)cc3c2C(C)C)cn2ncnc12
D06667,Cc1[nH]c([C@@H](Cc2cn(C)c3ccccc23)NC(=O)[C@H](CC(C)C)NC(=O)NC2CCCCCC2)nc1C(=O)O
D06668,CN(C)C(=O)[C@]12C[C@H]1[C@@](C)(c1cc(/C=C(\F)c3ncc(C#N)s3)ccc1F)N=C(N)S2
D06669,CCCCS(=O)(=O)C[C@H]1C[C@@H](N(C)c2ncnc3[nH]ccc23)C1
D06670,CCCCN(CCCC)C(=O)CN1C[C@H](c2ccc3c(c2)OCO3)[C@@H](C(=O)O)[C@@H]1CCN1CCCC1=O
D06671,CS(=O)(=O)c1ccc(-c2c(-c3ccc(Cl)cc3)nc3sc(Cl)cn23)cc1
D06672,CCCCS(=O)(=O)NCCCC[C@@H](C)[C@H]1CC[C@H]2/C(=C/C=C3C[C@@H](O)C[C@H](O)C3)CCC[C@@]21C
D06673,CC[C@H](C)[C@@H]1NC(=O)[C@@H]2CSSC[C@@H]3NC(=O)[C@H](C(C)C)NC(=O)[C@H](CC(C)C)NC(=O)[C@H](CC(N)=O)NC(=O)[C@@H]4CCCN4C(=O)[C@H](Cc4ccccn4)NC(=O)[C@H](CSSC[C@H](NC(=O)[C@@H](N)CC(=O)O)C(=O)N[C@@H](CC(C)C)C(=O)NCC(=O)N[C@@H](Cc4ccccc4)C(=O)N[C@@H](CCSC)C(=O)N[C@@H](CCCNC(=N)N)C(=O)N[C@@H](CCCCN)C(=O)N2)NC(=O)[C@H](CSSC[C@@H](C(=O)N[C@@H](CCCCN)C(=O)N[C@@H](Cc2ccc(O)cc2)C(=O)N[C@H](C(=O)N[C@@H](Cc2ccccc2)C(N)=O)C(C)C)NC(=O)[C@H](Cc2c[nH]c4ccccc24)NC(=O)[C@H](CCCCN)NC(=O)[C@H](Cc2cnc[nH]2)NC(=O)[C@H]([C@@H](C)O)NC(=O)[C@H](CCCNC(=N)N)NC(=O)[C@H](CO)NC3=O)NC(=O)[C@H](CCCCN)NC(=O)[C@H](CC(=O)O)NC(=O)[C@H](CC(N)=O)NC(=O)[C@H](CC(=O)O)NC(=O)[C@@H]2CCCN2C1=O
D06674,COc1cc2c(cc1O)CCN(S(=O)(=O)c1ccccc1)C2C(=O)NO
D06675,COc1ccc(-c2nnc(C(=O)N3CC(Oc4ccc(CN(C)C)c(F)c4)C3)o2)cc1
D06676,N#C[C@@H]1CC[C@H](C#N)N1C(=O)CNC1(CO)CCCC1
D06677,CCCNS(=O)(=O)N[C@H]1C[C@@H](N(C)c2ncnc3[nH]ccc23)C1
D06678,CN(C)S(=O)(=O)c1ccc2c(c1)/C(=C/c1cc3c([nH]1)CCCC3)C(=O)N2
D06679,O=C(NCc1ccccc1)n1sc2ccccc2c1=O
D06680,C[C@H](c1nc2c(cnn2C2CCCC2)c(=O)[nH]1)N1CC(c2ncccn2)C1
D06681,N#Cc1cc(-c2ncnc(Nc3ccc(N4CC(O)C4)nc3)n2)ccc1OC1CCOCC1
D06682,C#CCOc1cnc(/C(F)=C/c2ccc(F)c([C@@]3(C)N=C(N)S[C@@]4(C(=O)N5CC[C@@H](F)C5)C[C@H]43)c2)cn1
D06683,C[C@H]1C=C2C=C[C@H](C)[C@H](CC[C@@H]3C[C@@H](O[Si](C)(C)C(C)(C)C)CC(=O)O3)[C@H]2[C@@H](OC(=O)NCc2ccc(-c3cn(CCCCCCC(=O)NO)nn3)cc2)C1
D06684,O=c1[nH]nc(-c2ccnc(NC3CCOCC3)c2)n1-c1ccc2cccc(F)c2c1
D06685,CN([C@H]1CC[C@H]([C@H](N)Cc2cc(F)ccc2F)CC1)S(=O)(=O)c1cccc(C#N)c1
D06686,NC1=N[C@@](c2cc(NC(=O)c3ccc(Br)cn3)cc(F)c2F)(C(F)F)[C@H]2C[C@H]2O1
D06687,O=c1[nH]c2ccccc2n1C1CCN(Cc2ccc(-c3nc4ccc(-c5nnn[nH]5)cc4nc3-c3ccccc3)cc2)CC1
D06688,Cc1c(F)cc(C(=O)NC2CC2)cc1-c1ccc(C(=O)N[C@H](C)C(C)C)cn1
D06689,c1cc(-c2cnn3cc(-c4ccc(O[C@@H]5CCNC5)cn4)cnc23)c2cccnc2c1
D06690,Cc1cc(NC(=O)c2ncc(C#N)cc2F)cc([C@@]2(C(F)F)N=C(N)O[C@@H]3C[C@@H]32)c1F
D06691,O=C1CCc2cc(-c3cccnc3)ccc2N1
D06692,N[C@@H](CC(=O)N1CCn2c(nnc2C(F)(F)F)C1Cc1ccccc1F)Cc1cc(F)c(F)cc1F
D06693,C[C@H](O)C(=O)N1CC[C@H](Oc2ccc(-c3ncnc(Nc4cnn(C(C)(C)C)c4)n3)cc2C#N)[C@H](F)C1
D06694,N=C(N)NC(=O)c1ccc(C2CCN(C(=O)c3ccc(C(N)=O)cc3)CC2)c(C(F)(F)F)c1
D06695,CC(C)Oc1ccc(-c2ccc3nc(N)sc3c2)cn1
D06696,Cc1c(NS(C)(=O)=O)cccc1N(Cc1ccccc1)Cc1ccc(Oc2ccc(OC[C@@H](O)C[C@@H](O)CC(=O)O)cc2)cc1
D06697,CCCNc1ncc(-c2cc(-c3cc(OCCC4CCCCC4)ccc3Cl)nc(-c3cnccn3)n2)s1
D06698,Cc1csc2nc([C@H](C)NC(=O)/C=C/C(=O)c3ccc(Cl)cc3)oc(=O)c12
D06699,CN(C)CCCOc1ccc(-c2ccc3ncc4c(c3c2)n([C@H]2C[C@@H](O)C2)c(=O)n4C)cn1
D06700,COc1cccc(-c2ncccc2CC(c2cccnc2)c2cccnc2)c1
D06701,CCN(Cc1cc(C(F)(F)F)ccc1-c1cc(CC(=O)O)ccc1OC)C(=O)OC
D06702,CCOC(=O)c1cc2cc(-c3cc(C(=O)NCc4ccc(C(=O)O)cc4)nn3C)ccc2[nH]1
D06703,O=C1C(=O)N(Cc2ccccc2)c2ccc(S(=O)(=O)N3CC[C@H]3COc3ccccc3)cc21
D06704,N#Cc1ccc(-n2nccn2)c(C(=O)N2CCOC[C@H]2Cc2cccc(-n3nccn3)c2)c1
D06705,CC(C)C[C@H](NC(=O)[C@H](Cc1c[nH]c2ccccc12)NC(=O)OC(C)(C)C)C(=O)N1CC(=O)N[C@H](Cc2ccccc2)C1
D06706,CN1C(=O)C(c2ccsc2)(c2cccc(-c3cncnc3)c2)N=C1N
D06707,N#Cc1ccc(-c2c(C(=O)NC3CC3)nc3cccnn23)cn1
D06708,COc1cc2c(Oc3ccc(N=Cc4c(O)n(-c5ccc(C)cc5)c(=O)[nH]c4=O)cc3F)ccnc2cc1OCCCN1CCCC1
D06709,CN(C)S(=O)(=O)c1ccc(Nc2cc3c(cn2)cc(-c2cnn(C)c2)n3C(=O)OC(C)(C)C)c(Cl)c1
D06710,C[C@H](O)C(=O)N1CC[C@H](Oc2ccc(-c3ncnc(Nc4ccc(N5CCN(C6COC6)CC5)nc4)n3)cc2C#N)[C@H](F)C1
D06711,CCCCC[C@H](O)/C=C/[C@H]1[C@H](O)CC(=O)[C@@H]1CCCCCCC(=O)O
D06712,COc1ccc(C(=O)n2c(C)c(Cc3cccc(OC(C)(C)C(=O)O)c3)c3cc(OC(F)(F)F)ccc32)cc1
D06713,CCOCC1(NCC(=O)N2[C@H](C#N)CC[C@@H]2C#N)CCCC1
D06714,CC[C@H](C)[C@@H]1NC(=O)[C@@H]2CSSC[C@@H]3NC(=O)[C@H](C(C)C)NC(=O)[C@H](CC(C)C)NC(=O)[C@H](CC(N)=O)NC(=O)[C@@H]4CCCN4C(=O)[C@H](CCCNC(=N)N)NC(=O)[C@H](CSSC[C@H](NC(=O)[C@@H](N)CC(=O)O)C(=O)N[C@@H](CC(C)C)C(=O)NCC(=O)N[C@@H](Cc4ccccc4)C(=O)N[C@@H](CCSC)C(=O)N[C@@H](CCCNC(=N)N)C(=O)N[C@@H](CCCCN)C(=O)N2)NC(=O)[C@H](CSSC[C@@H](C(=O)N[C@@H](CCCCN)C(=O)N[C@@H](Cc2ccc(O)cc2)C(=O)N[C@H](C(=O)N[C@@H](Cc2ccccc2)C(N)=O)C(C)C)NC(=O)[C@H](Cc2c[nH]c4ccccc24)NC(=O)[C@H](CCCCN)NC(=O)[C@H](Cc2cnc[nH]2)NC(=O)[C@H]([C@@H](C)O)NC(=O)[C@H](CCCNC(=N)N)NC(=O)[C@H](CO)NC3=O)NC(=O)[C@H](CCCCN)NC(=O)[C@H](CC(=O)O)NC(=O)[C@H](CC(N)=O)NC(=O)[C@H](CC(=O)O)NC(=O)[C@@H]2CCCN2C1=O
D06715,C[C@@H](C(=O)O)N(C)C(=O)[C@@H](CC(=O)NO)Cc1ccccc1
D06716,Cn1c(=O)c(Cc2ccc(C(=N)N)cc2)nc2cc(C3(C(=O)N4CCCC4CO)CC3)ccc21
D06717,Nc1ccc(CNC=C2C(=O)NC(=O)c3ccc(Br)cc32)cc1O
D06718,COc1cnc(C(=O)Nc2ccc3c(c2)C2(CCOC(N)=N2)c2cc(-c4ccnc(F)c4)cc(F)c2O3)cn1
D06719,CCCS(=O)(=O)N1CCC(CNC(=O)c2ccc(Cl)cc2Cl)(c2cccc(OC)n2)CC1
D06720,N#Cc1cc(-c2ncnc(Nc3ccc(N4CCN(C5COC5)CC4)cc3)n2)ccc1OC1CCC(F)(F)CC1
D06721,O=S(=O)(Nc1nccs1)c1cc(Cl)c(NC[C@H]2CCCNC2)cc1F
D06722,CC(=O)c1ccc(C(=O)N2C[C@H](NC(=O)[C@H](C)N)C(=O)N(Cc3c(OC(F)F)ccc4ccccc34)c3ccccc32)cc1
D06723,CS(=O)(=O)c1ccc(-n2nc(C(F)(F)F)cc2-c2ccc(-c3cscn3)c(Cl)c2)nc1
D06724,CN1C(=O)CCc2cc(-c3cccnc3)ccc21
D06725,COc1cc(N2CCN(C(=O)Cn3nc(C(F)(F)F)c(Cl)c3C)CC2)ccc1Cl
D06726,CN[C@@H](C)C(=O)N[C@H](C(=O)N1Cc2ccccc2[C@H]1C(=O)Nc1ccccc1F)C(C)C
D06727,O=C(O)C[C@@H]1c2ccccc2C[C@H]1NC(=O)c1cc2sc(Cl)c(Cl)c2[nH]1
D06728,CN[C@@H](C)C(=O)N[C@H](C(=O)N1CCc2cc(Cl)ccc2[C@H]1C(=O)Nc1c(F)cccc1F)C(C)C
D06729,CCCCCCCCCOCCCCCN1C[C@H](O)[C@@H](O)[C@H](O)[C@H]1CO
D06730,Cc1nnc(C)n1-c1ccc(O[C@H]2c3cc(Cl)cc(Cl)c3C[C@@H]2N2CC[C@@H](O)C2)c(F)c1.Cl
D06731,O=C([C@@H]1C[C@H](N2CCN(c3ncccn3)CC2)CN1)N1CC(F)C1
D06732,CCCCN(CCCC)CCC(O)c1cc2c(Cl)cc(Cl)cc2c2cc(C(F)(F)F)ccc12
D06733,C=CC(=O)c1ccc2ccccc2c1
D06734,CC(=O)Nc1nc(CCc2ccc(N=C(N)N)cc2)cs1
D06735,O=C(CC=Nc1cccc(F)c1)c1ccc2c(c1)OCO2
D06736,CCN(C)C(=O)c1ccc([C@H](c2cccnc2)N2CCN(Cc3cscn3)CC2)cc1
D06737,O=C(Nc1cccc2cccnc12)c1ccc(N2C(=O)[C@H]3[C@H]4CC[C@H](C4)[C@H]3C2=O)cc1
D06738,Cc1nc(-c2nnc3n2CCN(C(=O)c2ccc(-c4cccs4)cc2)[C@@H]3C)cs1
D06739,O=C(O)Cc1ccccc1S(=O)(=O)c1ccc(-c2ccc(OCCF)cc2)cc1
D06740,C[C@@H](Oc1cc(-c2cnn(C(C)(C)C)c2)cc2nn(C)cc12)[C@H]1CNC(=O)C1
D06741,COc1cc2c(Nc3ccc(Cl)c(Cl)c3)ncnc2cc1OCC1CN(C2CCCC2)CCO1
D06742,O=c1cc(CN(Cc2ccccc2F)c2cnccn2)c2ccc(F)c(F)c2[nH]1
D06743,CN[C@@H](C)C(=O)N[C@H]1CCc2ccccc2N(Cc2c(OC)ccc3c(-c4nnn[nH]4)cccc23)C1=O
D06744,O=C(Nc1ccc(F)c([C@@]2(C(F)F)N=[C-]O[C@@H]3C[C@@H]32)c1)c1ncc(Cl)cc1CO
D06745,CC(=O)C1=NN2c3cc(F)ccc3OC[C@H]2[C@@]1(CCCN1CCNC(=O)CC1)c1ccccc1
D06746,O=C(O)Cn1cc(Cc2nc3c(F)c(F)cc(F)c3s2)c2cc(Cl)ccc21
D06747,C=CC(=O)Nc1cccc(-c2n[nH]c(NCc3c(F)cccc3Cl)n2)c1
D06748,CN[C@@H](C)C(=O)N[C@H]1CN(C(=O)c2ccc(C(O)(O)C(F)(F)F)cc2)c2ccccc2N(Cc2c(OC)ccc3cc(Br)ccc23)C1=O
D06749,CCOc1nn(C)cc1Nc1ncc(C)c(-c2c[nH]c3c(NC(=O)[C@@H](C)N4CCN(CC)CC4)cccc23)n1
D06750,Cc1cnc(-c2cc(OCC3(C)CCOC3)cc(C(=O)N[C@H](C)c3cnc(C(F)(F)F)nc3)c2)s1
D06751,Cc1cc(C#N)ccc1N1CCN(S(=O)(=O)N[C@H](CCCNC(=O)OCc2ccccc2)C(=O)NO)CC1
D06752,N#Cc1cnc(C(=O)CCc2ccc(COc3ccccc3)cc2)o1
D06753,C[C@H](O)C(=O)N1CC[C@H](Oc2ccc(-c3ncnc(Nc4ccc(C(C)(C)O)nc4)n3)cc2C#N)[C@H](F)C1
D06754,CCCCNC(=O)c1ccc(Oc2ccc(CC(=O)O)cc2OC)c(NS(=O)(=O)c2ccc(Cl)cc2Cl)c1
D06755,CC(C)C[C@H](NC(=O)[C@H](Cc1ccncc1)NC(=O)[C@H](Cc1ccccc1)N=[N+]=[N-])C(=O)N[C@H](/C=C/S(C)(=O)=O)Cc1ccc(CN)cc1
D06756,C[C@H]1CN(C)CCN1c1ccc(Nc2ncnc(-c3ccc(O[C@H]4CCN(C(=O)CO)C[C@H]4F)c(C#N)c3)n2)cc1
D06757,C=CC(=O)Nc1ncc(S(=O)(=O)N2CCN(C(=O)OCc3ccccc3)CC2)cn1
D06758,CS(=O)(=O)c1ccc(-c2sc3ncnn3c2-c2cc(F)cc(F)c2)cc1
D06759,COc1cc(N2CCN(C(C)=O)CC2)ccc1Nc1ncc(OC)c(-c2cnc3ccccn23)n1
D06760,Cc1cnn(Cc2ccc(Cn3cc(C(=O)NCc4ccc5c(N)nccc5c4)c(C(F)(F)F)n3)cc2)c1
D06761,CC[C@H](C)[C@H](NC(=O)C[C@H](O)[C@@H](CC1CCCCC1)NC(=O)CNC(=O)[C@@H](Cc1ccccc1)NC(=O)OC(C)(C)C)C(=O)NCc1cccnc1
D06762,N#Cc1ccc(C(=O)Nc2cc(Cl)c(F)c([C@@]3(CF)N=C(N)O[C@@H]4C[C@@H]43)c2)nc1
D06763,CC(C)C[C@H](O)[C@H](O)[C@H](CC1CCCCC1)NC(=O)[C@H](Cc1csc(N)n1)NC(=O)[C@@H]1Cc2ccccc2CN1S(=O)(=O)N1CCOCC1
D06764,CN(C)C(=O)[C@]12C[C@H]1[C@@](C)(c1cc(/C=C(\F)c3ccc(Cl)cn3)ccc1F)N=C(N)S2
D06765,CNc1ncnc(-c2cccnc2Oc2cc(C(=O)Nc3cc(C4CCCCC4)ccc3OC)ccc2C)n1
D06766,Cc1ccc(S(=O)(=O)OCCOc2ccc(CN3C(=O)C(=O)c4cc(S(=O)(=O)N5CCC[C@H]5COc5ccccc5)ccc43)cc2)cc1
D06767,C[C@H](Nc1nccc(-c2c(-c3ccc(F)cc3)nc3nc(N)ccn23)n1)c1ccccc1
D06768,O=c1oc2cc(OCc3ccccc3)ccc2s1
D06769,COc1ccc(NC(=O)Cc2c(C)n(C(=O)c3ccc(Cl)cc3)c3ccc(OC)cc23)cc1
D06770,COc1ccc(F)cc1C[C@H]1CC[C@H](CCN)O1
D06771,O=C(O)c1cccc(S(=O)(=O)N2CCc3c(I)cccc3C2)c1
D06772,CS(=O)(=O)C1C[C@@H](NC(=O)c2ccc(O)cc2)[C@H](OC(=O)c2cc(O)c(C(=O)c3c(O)cccc3C(=O)O)c(O)c2)C1
D06773,CC(=O)N1CCC[C@H]1C(=O)N[C@@H](CC(=O)O)C(=O)COC(=O)c1c(C)cccc1C
D06774,COc1cc(C)c(C[C@H](N)C(=O)N[C@H](C)C(=O)NCCCc2ccccc2)c(C)c1
D06775,COc1ccc2c(c1)NC(=O)Cc1cnc(Nc3ccc(O)cc3)nc1-2
D06776,CC[C@H](C)[C@H](NC(=O)C[C@H](O)[C@@H](CC1CCCCC1)NC(=O)CNC(=O)[C@@H](Cc1ccccc1)NC(=O)OC(C)(C)C)C(=O)NCc1cnc(C)nc1N
D06777,CCOC(=O)c1cc2cc(-c3cc(C(=O)NCc4ccncc4)nn3C)ccc2[nH]1
D06778,COc1ccc(C2(c3cccc(-c4cccnc4)c3)N=C(N)N(C)C2=O)cc1OC
D06779,Cc1cc(-n2cnnn2)cnc1CC(=O)N1CCN(CCc2ccc3c(c2C)COC3=O)CC1
D06780,CN1CCN([C@H]2C[C@@H](c3nc(-c4ccc5ccc(-c6ccccc6)nc5c4)c4c(N)nccn43)C2)CC1
D06781,O=C(c1ccc(C(F)(F)F)nc1)N1CC[C@@](O)(c2ccccc2)[C@@H]2CCCC[C@@H]21
D06782,CC(N=Nc1nc2ccccc2nc1Cc1ccccc1)c1ccc(O)cc1
D06783,COc1ccc(C(=O)C2CCN(C3CCN(Cc4ncc(C)c(=O)[nH]4)C3=O)CC2)cc1
D06784,CN(C)C(=O)C(CCN1CCC(O)(c2ccc(Cl)cc2)CC1)(c1ccccc1)c1ccccc1
D06785,O=C(COc1ccccc1)N1CCCC[C@@H]1c1nc(-c2ccccn2)cs1
D06786,C=CC(=O)Nc1ncc(S(=O)(=O)N2CCN(C(=O)C34CC5CC(CC(C5)C3)C4)CC2)cn1
D06787,CC(C)(C)OC(=O)NC(CC(=O)NO)Cc1ccccc1
D06788,Nc1ccc([C@H]2CC[C@H](N3CC(NC(=O)CNC(=O)c4cccc(C(F)(F)F)c4)C3)CC2)nc1
D06789,CN(CCCl)C(=O)Nc1ccc2ncnc(Nc3cccc(Cl)c3)c2c1
D06790,CNCCN(C)Cc1cn[nH]c1-c1cc(OC(CO)CC(C)C)cc(C(F)(F)F)c1
D06791,N#Cc1cnc2c(Cl)cc(NCc3cnc[nH]3)cc2c1Nc1ccc(F)c(Cl)c1
D06792,Oc1ccccc1C1=NN(c2ccccc2)CC1
D06793,CC(CN1c2ccccc2Sc2ccccc21)N(C)C
D06794,CCCCN(CCCC)C(=O)CN1C[C@H](c2ccc3c(c2)OCO3)[C@@H](C(=O)O)[C@@H]1CCC=C(C)C
D06795,Cc1nn(C2CCCCC2)c2sc(C(=O)Nc3ccc(C(=O)O)cc3)cc12
D06796,O=C(N[C@H]1CCC[C@H](CO)C1)C1CCN(c2nc3cc(Cl)c(-c4ccc(Cl)cc4)cc3o2)CC1
D06797,CS(=O)(=O)NC(Cc1ccc(N=C(N)N)cc1)P(=O)(Oc1ccccc1)Oc1ccccc1
D06798,Cc1nc(-c2ccccc2)c(-c2ccc(S(C)(=O)=O)cc2)o1
D06799,CN1C(=O)C(C)(C)c2ccc(-c3ccc(C[C@@H](C#N)NC(=O)[C@H]4N[C@@H]5CC[C@H]4C5)c(F)c3)cc21
D06800,CN1CCc2nc(C(=O)N[C@@H]3CCCCC[C@H]3NC(=O)c3cc4cc(Cl)ccc4[nH]3)sc2C1
D06801,NC1=N[C@@]2(c3cc(NC(=O)c4ccc(Cl)cn4)ccc3F)C[C@H]2COC1
D06802,CC(=O)Nc1ccc2ccn(-c3cc(NC4CC4)n4ncc(C#N)c4n3)c2c1
D06803,C[C@@H]1COCCN1c1nc(-c2nncc3[nH]ccc23)cc2c1ncn2C
D06804,CC1(C)C(N)=N[C@](C)(c2cc(Nc3nccc4cc(Cl)cnc34)ccc2F)[C@@H](F)S1(=O)=O
D06805,CCCCc1ncc(C(=O)OC)n1Cc1ccc(-c2ccccc2-n2cnnn2)cc1
D06806,O=C(O)c1nc(-c2ccc3c(c2)C(=NNc2nc4ccccc4s2)CCC3)ccc1OCCCOc1ccccc1
D06807,Cc1ccccc1CN(C1CCOCC1)[C@H]1CCNC1
D06808,Cc1ccc([C@@H]2CN(C(=O)[C@H]3CC[C@H](CN)CC3)C[C@H]2c2ccc(C#N)cc2)cc1
D06809,Cc1ccc2c(c1)-c1nc(NCC3CCN(C(=O)C(C)C)CC3)sc1CCO2
D06810,CC(=O)c1c(Nc2ccc(C)cc2Cl)nc2c([N+](=O)[O-])cc(Cl)cc2c1O
D06811,O=S(=O)(Nc1cscn1)c1cc(Cl)c(Oc2ccc(C(F)(F)F)cc2-c2ccnnc2)cc1F
D06812,CCCCCNC(=O)Nc1ccc(-c2ccnc3[nH]nc(C)c23)cc1
D06813,CN(C)C(=O)Cn1c(=O)n(C)c(=O)c2c1cc(N1CCC[C@@](C)(N)C1)n2Cc1cc(F)ccc1Cl
D06814,C[C@@H](O[C@H]1CN2C(=O)CC(N)[C@H]2[C@@H]1c1ccc(F)cc1)c1cc(C(F)(F)F)cc(C(F)(F)F)c1
D06815,CC1(C)C(=O)N([C@H]2C3CC4CC2C[C@](C(N)=O)(C4)C3)CC1COc1ccc(-n2ccnc2)cc1
D06816,Cc1nn(C2CN(C)C2)c2c1C(c1ccc(Cl)cc1)N(c1cc(C)c3nnc(C)n3c1)C2=O
D06817,COc1cc(-c2[nH]c3ccc(C4CCN(C(=O)C5CC(=O)N(C)C5)CC4)cc3c2C(C)C)cn2ncnc12
D06818,CCn1cc([C@@]2(c3cccc(-c4cccnc4F)c3)N=C(N)N(C)C2=O)cn1
D06819,Cc1ccc(-n2nc(C(C)(C)C)cc2NC(=O)Nc2ccc(Oc3ccnc(Nc4cccc5cn[nH]c45)n3)c3ccccc23)cc1
D06820,CC(S)C(Cc1ccccc1)C(=O)NCC(=O)O
D06821,COc1cnc(C(=O)Nc2ccc3c(c2)C2(CCSC(N)=N2)c2cc(C4=CCCOC4)nc(F)c2O3)cn1
D06822,CCCN(C(C)=O)C1CCC(N2C(=O)Cc3cc(OC)c(OC(C)C)cc3C2c2ccc(Cl)cc2)CC1
D06823,Cc1ccnc(C(=O)c2[nH]c3ccc(OC(F)(F)F)cc3c2CC(=O)O)c1
D06824,COc1cc(OC)cc(C(=O)Nc2ccc(C)c(C(=O)Nc3cnc(Nc4ccc(N5CCN(C)CC5)cc4)nc3)c2)c1
D06825,N#Cc1ccc(C(=O)N2CCC3(CC2)N=C(N)c2c(F)cccc2N3)cc1
D06826,COc1ccc2c(-n3c(=O)n(Cc4cc(O[C@H](C)C(=O)O)ccc4Cl)c4ccccc43)noc2c1
D06827,CN(C)C(=O)c1cc2cnc(Nc3ccc(C(=O)N4C5CCC4CNC5)cn3)nc2n1C1CCCC1
D06828,CN(Cc1cnc2nc(N)nc(N)c2n1)c1ccc(C(=O)NC(CC(F)(F)CN)C(=O)O)cc1
D06829,O=C(Cn1c(=O)c(Cc2ccccc2)nc2ccccc21)NNC(=O)c1ccc([N+](=O)[O-])cc1
D06830,CC1c2ccccc2CCN1S(=O)(=O)c1cccc(C(=O)O)c1
D06831,O=C1C(=O)N(Cc2ccc(OCCF)cc2)c2ccc(S(=O)(=O)N3CC[C@H]3COc3cccnc3)cc21
D06832,CN1CCN2c3ncccc3Cc3ccccc3C2C1
D06833,c1ccc2nc(N3CC(Oc4nccnc4N4CCOCC4)C3)ccc2c1
D06834,Cc1cccc(CCN2CCC(C(=O)c3ccc(NS(C)(=O)=O)cc3)CC2)n1
D06835,C[C@@]1(c2cc(NC(=O)c3ccc(F)cn3)ccc2F)CC2(CCC(F)(F)CC2)OC(N)=N1
D06836,N#Cc1cc(-c2ncnc(Nc3ccc(N4CCN(C5COC5)CC4)cc3)n2)ccc1OC1CC2CC1N(C(=O)CO)C2
D06837,Cc1cc([C@H]2C[C@H]3[C@@H](C)SC(N)=N[C@@]3(c3ccc(F)cc3F)CO2)on1
D06838,Cc1cc(N2C(=O)c3c(C(=O)N(C)C)cn(C)c3C2c2ccc(Cl)cc2)cn2c(C)nnc12
D06839,O=C(O)[C@@H]1[C@@H](SCCc2ccc(-c3ccc(Cl)cc3)cc2)CC[C@H]1Cn1nnc2ccccc2c1=O
D06840,N#Cc1cnc(C(=O)Nc2ccc(F)c([C@]3(C(F)F)N=C(N)O[C@H]4C[C@H]43)c2)c(Cl)c1
D06841,CC(=O)NC(C)C#Cc1cnc(Oc2ccc(OCC(C)C)cc2Cl)s1
D06842,CN(CCOc1ccc(-c2ccccc2)cc1-c1cccs1)CC(=O)O
D06843,C[C@]1(c2cc(/C=C(\F)c3ccc(C#N)cn3)ccc2F)N=C(N)S[C@@]2(C(=O)NC3CCOCC3)C[C@H]21
D06844,O=C(NC1CC1)C(=O)C1(NC(=O)[C@@H]2C[C@@H](S(=O)(=O)c3ccccc3Cl)CN2C(=O)C2(c3ccc(Cl)cc3)CC2)CC1
D06845,COc1ccc(CCSc2nc3c(c(=O)n(C)c(=O)n3C)n2C)cc1
D06846,CC(C)c1cc(C(F)(F)F)cc(COCC2(c3ccc(F)cc3)CCN(C)CC2)n1
D06847,N#Cc1cnc2ccc(-c3c(-c4cc(Cl)ccc4F)ncn3CC(F)F)cn12
D06848,Cc1cc(-c2cc(C(F)(F)F)nn2-c2ccc(S(C)(=O)=O)cn2)ccc1-c1cocn1
D06849,CNC(=O)c1c(NCC2CCC3(CCC3)CC2)nc(C#N)nc1OCC1CCN(C(C)=O)CC1
D06850,CN[C@@H](C)C(=O)Nc1ccc(-c2c(-c3ccnc(OC)c3)nc3cc(C)ccn23)c(C#Cc2ccc3c(ccc(=O)n3C)c2)n1
D06851,COCCCc1cc(CN(C(=O)[C@H]2CNCC[C@@H]2c2ccc(OCCOc3c(Cl)cc(C)cc3Cl)cc2)C2CC2)cc(OC[C@H]2C[C@@H]2C(=O)O)c1
D06852,C#CC(C)(C)C[C@]1(c2ccccc2)CCN([C@@H](C)c2ccc(-c3ccc(=O)[nH]c3)cc2)C(=O)O1
D06853,NCC[C@@H]1Cc2ccccc2[C@H](c2ccc(Cl)c(Cl)c2)C1
D06854,CC(C)(C)C(=O)NCc1cnc2ccc(-c3c(-c4ccc(F)cc4)ncn3CC(F)F)nn12
D06855,COCC(=O)N1CCC(n2nc(C)c(Nc3ncc(Cl)c(-c4cnn5ccccc45)n3)c2C)CC1
D06856,CN(C)CCCOc1ccc(-c2ccc3ncc4c(c3c2)n(C2COC2)c(=O)n4C)c(F)n1
D06857,O=C1CCc2ccc(OCc3cccc(Br)c3)cc2N1
D06858,O=C(CNc1nc(C(F)(F)F)nc2ccc(C(F)(F)F)cc12)NC1CN([C@H]2CC[C@@](O)(c3cncs3)CC2)C1
D06859,COc1cc(N2CCN(C)CC2)ccc1Nc1nccc(-c2c[nH]c3cnc(C)cc23)n1
D06860,C[C@@](O)(/C=C/[C@H]1CC=CC(=O)O1)[C@@H](C[C@@H](O)/C=C\C=C/C=C/CO)OP(=O)(O)O
D06861,CCC(C)(C)C(=O)NCC[C@@]1(O)C[C@H]2CC[C@]1(CS(=O)(=O)N1CCC3(C=Cc4ccccc43)CC1)C2(C)C
D06862,N#Cc1ccccc1C(=O)N1CCC(c2ccc(C(=O)NC(=N)N)cc2C(F)(F)F)CC1
D06863,COc1ccc(-n2cnc3c(sc4nccc(N(C)C)c43)c2=O)cc1
D06864,O=C(C[C@@H](CCCC1CCCCC1)c1nc(-c2c[nH]c(=O)[nH]c2=O)no1)NO
D06865,CN(CCCOc1ccc2c(=O)c3cccnc3oc2c1)Cc1cccc(OC(=O)NCCCCCCCN2CCOCC2)c1
D06866,Cc1cnc(-c2cc(O[C@@H]3CCOC3)cc(C(=O)N[C@H](C)c3ccc(C(F)(F)F)nn3)c2)s1
D06867,O=C([C@@H]1C[C@H](N2CCN(c3ncccn3)CC2)CN1)N1CCCC1
D06868,COc1ccc(CN(CC(=O)N2CCC3(CC2)CNC3)c2ccc(C#N)cc2)cc1F
D06869,C[C@@H](Oc1cc(-c2ccc(N3CCCS3(=O)=O)cc2)cc2nn(C)cc12)[C@H]1CNC(=O)C1
D06870,NC(=O)c1cccc(-c2cccc(OC(=O)NCc3ccc4ccccc4c3)c2)c1
D06871,N=C(N)NC(=O)c1ccc(C2CCN(C(=O)c3cccnc3)CC2)c(C(F)(F)F)c1
D06872,Cc1nccc2c(-c3ccnc(-c4ccc(S(C)(=O)=O)cc4)n3)c[nH]c12
D06873,O=C(N[C@@H]1CCCNC[C@H]1NC(=O)c1ccc(O)cc1)c1cc(O)c(C(=O)c2c(O)cccc2C(=O)O)c(O)c1
D06874,O=c1cc(N2CCOCC2)nc(Cc2nc3cccc(-c4ccccc4)c3o2)[nH]1
D06875,CC(C)[C@H](NC(=O)OCc1ccccc1)C(=O)N1CCC[C@H]1C(=O)N[C@H]1CC(=O)OC1O
D06876,COc1ccc(C2OC(=O)C(c3ccc4c(c3)OCO4)=C2Cc2cc(OC)c(OC)c(OC)c2)cc1
D06877,COc1cc(O)c2c(=O)c(-c3ccc(O)cc3)coc2c1
D06878,Cc1cc(Cl)ccc1C1c2c(nn(CCO)c2C2CC2)C(=O)N1c1cccc(Cl)c1F
D06879,CC1(C)CCC(Nc2ncnc3c2nn2ccccc32)CC1
D06880,CC(C)(Oc1ccc(Cl)cc1)C(=O)NC1C2CC3CC1CC(O)(C2)O3
D06881,CN(CCOc1ccccc1)CCC(O)(P(=O)(O)O)P(=O)(O)O
D06882,CN(Cc1ccc(COc2ccc3c(CO)cc(=O)oc3c2)cc1)Cc1cccc(Cl)c1.Cl
D06883,CCN(c1cc(C#CCN2CCOCC2)cc(C(=O)NCc2c(C)cc(C)[nH]c2=O)c1C)[C@H]1CC[C@H](N(C)CCOC)CC1
D06884,O=C(N[C@H]1CCC[C@H]1OCc1ccccc1)C1CCN(c2nc3cc(Cl)ccc3o2)CC1
D06885,CC(C)NCC(O)COc1ccc(CC(N)=O)cc1
D06886,COc1cc2nccc(Oc3ccc4c(C(=O)NC5CC5)cccc4c3)c2cc1C(N)=O
D06887,COc1cc(OC)c(S(=O)(=O)N2c3ccccc3Oc3ccccc32)cc1NC(=O)CCC(=O)O
D06888,CC(C)(C)c1ccc(C(O)CCCN2CCC(C(O)(c3ccccc3)c3ccccc3)CC2)cc1
D06889,COc1ccc(-c2cnc3c(-c4cccc5ncccc45)cnn3c2)cc1
D06890,C[C@H](O)C(=O)N1CCC(Oc2ccc(-c3ncnc(Nc4ccc(N5CCO[C@@H](CO)C5)cc4)n3)cc2C#N)CC1
D06891,CC(C)(C)NS(=O)(=O)c1cncc(-c2cc(F)n3nc(N)nc3c2)c1
D06892,CC(=O)N1CCC(c2ccc(O)cc2)=N1
D06893,CN[C@@H](C)C(=O)N[C@@H]1C(=O)N(Cc2c(C3CC3)cnc3ccccc23)c2ccccc2N(C(=O)C2CCOCC2)[C@H]1C
D06894,O=C1Cc2cnc(Nc3ccc(O)c(Cl)c3)nc2-c2cnccc2N1
D06895,COc1ccc(C(=O)NCCN(C)C)cc1Nc1nccc(Oc2ccc(NC(=O)Nc3cc(C(C)C)nn3-c3ccc(C)cc3)c3ccccc23)n1
D06896,CC(C)c1cccc(C(C)C)c1N1C(=O)c2ccc(O)cc2C1=O
D06897,CCCCc1nn(-c2ccccc2-c2ccccc2)c(C(=O)OCC)c1Cc1ccc(-c2ccccc2-c2nnn[nH]2)cc1
D06898,O=C(O)COc1ccc(Cl)c2c1C1(CCCCC1)NC(=O)N2
D06899,COc1cnc(C(=O)Nc2ccc3c(c2)C2(CCSC(N)=N2)c2cc(C4=CCOCC4)cc(F)c2O3)cn1
D06900,O=C(CCN1CCCCC1)Nc1ccc2nc3c4[nH]c5ccccc5c4ccn3c(=O)c2c1
D06901,O=[N+]([O-])c1cccc(-c2[nH]nc3ncnc(Nc4cccc(Cl)c4)c23)c1
D06902,CC(=O)S[C@@H]1CC2=CC(=O)CC[C@]2(C)[C@H]2CC[C@@]3(C)[C@@H](CC[C@@]34CCC(=O)O4)[C@@H]21
D06903,CCCc1nn(C)c2c(=O)[nH]c(-c3cc(NC4CCC(C(=O)NO)CC4)ccc3OCC)nc12
D06904,CS(=O)(=O)N1CCC(NCc2noc([C@H](CCCC3CCCCC3)CC(=O)NO)n2)CC1
D06905,Cc1cc(OCc2ccc(F)cc2F)c(Cl)c(=O)n1Cc1ccc(C(=O)N(C)C)cc1
D06906,COc1ccc(-c2nnc(C(=O)N3CC(Oc4ccc(CN5CC6(COC6)C5)cc4)C3)o2)cc1
D06907,COCCNC(=O)c1cc(Nc2nccc(Oc3ccc(NC(=O)Nc4cc(C(C)C)nn4-c4ccc(OC)cc4)c4ccccc34)n2)cc(OC)c1
D06908,Cc1nc(NS(=O)(=O)c2cc(Cl)c(NCC34CCCN3CCC4)cc2F)sc1F
D06909,CN[C@@H](C)C(=O)N[C@@H]1CC(Cc2c(OC)ccc3c(Br)cccc23)c2ccccc2O[C@H]1C
D06910,Nc1c(-c2ccc([C@H]3CC[C@H](CC(=O)O)CC3)cc2)cnc2ccnn12
D06911,CCOc1nn(C)cc1Nc1ncc(C)c(-c2c[nH]c3c(NC(=O)[C@@H](C)N4CCN(C)CC4)cccc23)n1
D06912,C[C@H](O)C(=O)N1CC[C@H](Oc2ccc(-c3ncnc(Nc4ccc(N5CCN(C6COC6)CC5=O)cc4)n3)cc2C#N)[C@H](F)C1
D06913,Cc1cc(C2CCN(CCCF)CC2)cc2[nH]c(-c3c(NCCn4cc(Cl)cn4)cc[nH]c3=O)nc12
D06914,O=C(O)Cn1cc(Cc2nc3c(F)c(F)cc(F)c3s2)c2cc(N3CCOCC3)ccc21
D06915,C[C@H](O)C(=O)N1CC[C@H](Oc2ccc(-c3ncnc(Nc4cnc5c(c4)OCCN5)n3)cc2C#N)[C@H](F)C1
D06916,Cc1ccc(-n2nc(C(C)(C)C)cc2NC(=O)Nc2ccc(OCCc3cccnc3)c3ccccc23)cc1
D06917,C[C@@H](c1ccc(-c2ccc(F)cc2F)cc1)[C@H]([NH3+])C(=O)N1CC[C@H](F)C1
D06918,Cc1ncn(-c2ccc(C(=O)N[C@H]3[C@H]4CC[C@H]3N(c3ncc(Cl)c5cnoc35)C4)c(Cl)c2)n1
D06919,CC(=O)N1CC[C@H](Oc2cncc(C3COc4c(cccc4C(N)=O)O3)c2)C1
D06920,COc1ccc2c(-n3c(=O)n(Cc4cc([C@@]5(C)OC(O)=NC5=O)ccc4Cl)c4cc(C(F)(F)F)ccc43)noc2c1
D06921,N[C@@H](CC(=O)N1CCn2c(nnc2C(F)(F)F)C1)Cc1ccc(Cl)cc1Cl
D06922,Cc1nccn1Cc1ccc(-c2cc3nn(C)cc3c(O[C@H](C)[C@H]3CNC(=O)C3)n2)cc1
D06923,CC(C)(C)OC(=O)C(Cc1ccccc1)NC(=O)Cn1c(=O)c(Cc2ccccc2)nc2ccccc21
D06924,Cc1ccnc2c1n1cccc1c(=O)n2CC(=O)NCCCN1CCN(c2ccc3c(c2)OCO3)CC1
D06925,Cc1cc(OCC2CC2)cnc1C(=O)Nc1ccc(F)c([C@]2(CF)C[C@@H](C(F)(F)F)OC(N)=N2)c1
D06926,O=c1ccoc2cc(OCc3cccc(Cl)c3)ccc12
D06927,O=C(NO)c1ccc(CNc2cccc3ncccc23)cc1
D06928,COc1cc(-c2cccc(F)c2)c(Cl)cc1-c1nccc2cc(S(=O)(=O)Nc3ccncn3)ccc12
D06929,N#C[C@@H]1CCCN1C(=O)CNC(=O)c1ccnc2cc(Br)ccc12
D06930,Cc1cc(-c2cnn3c(NCC4CCOCC4)nc(Oc4cccc(F)c4F)nc23)ccc1C(=O)NC1CC1
D06931,CCCC1c2ccccc2C=NN1C(=O)/C=C/c1cc(Cc2cnc(N)nc2N)cc(O)c1OC
D06932,C[C@H]1CN(C2COC2)CCN1c1ccc(Nc2ncnc(-c3ccc(O[C@H]4CCN(C(=O)c5cnn[nH]5)C[C@H]4F)c(C#N)c3)n2)cc1
D06933,CC[C@H](C)[C@@H]1NC(=O)[C@@H](Cc2c[nH]c3ccccc23)NC(=O)[C@@H]2CCCN2C(=O)[C@@H](Cc2ccccc2)N(C)C(=O)[C@@H]2CNCCN2C(=O)[C@H]2CCCCN2C1=O
D06934,Cc1coc([C@H]2C[C@H]3CSC(N)=N[C@@]3(c3ccc(F)cc3F)CO2)n1
D06935,O=C1NCc2cccc(-c3cc4cc(OCCN5CCOCC5)ccc4[nH]3)c21
D06936,N#Cc1cc(-c2ncnc(Nc3ccc(N4CCN(C5COC5)CC4)cc3)n2)ccc1O[C@H]1CCN(C(=O)C(O)CO)CC1(F)F
D06937,CO[C@H]1CC2C[C@H](OC(c3ccc(F)cc3)c3ccc(F)cc3)CC1N2C
D06938,O=C(CNS(=O)(=O)c1ccc(OCc2ccccc2)cc1)NO
D06939,CN1CCn2c(nc(-c3ccc(F)cc3)c2-c2ccc3ncc(C(N)=O)n3c2)C1
D06940,CCc1cc(Cl)cnc1C(=O)Nc1ccc(F)c([C@]2(C)CS(=O)(=O)C(C)(C)C(N)=N2)c1
D06941,Cc1cccc(C)c1N1C(=O)c2cccc(O)c2C1=O
D06942,Cc1nnc(-c2cn3ncnc(Nc4cnc5[nH]ccc5c4)c3c2C(C)C)o1
D06943,CC1(C)CNCCN1C(=O)c1ccc(Nc2nc(C3CC3)cn3c(-c4cn[nH]c4)cnc23)c(F)c1
D06944,COC[C@H](C)Oc1cnc(/C(F)=C/c2ccc(F)c([C@@]3(C)N=C(N)S[C@@]4(C(=O)N(C)C)C[C@H]43)c2)cn1
D06945,CCn1ncc2cccc(-n3nc(COC(C)(C)C(=O)O)cc3-c3cccc(OC4CC4)c3)c21
D06946,NC1=N[C@](CF)(c2cc(NC(=O)c3ccc(C#CC4CC4)cn3)ccc2F)C[C@@H](C(F)(F)F)O1
D06947,CCOC(=O)c1ccc(Nc2ncc3cc(-c4c(Cl)cccc4Cl)c(=O)n(C)c3n2)cc1
D06948,CN[C@@H](C)C(=O)N[C@H]1CN(C(=O)c2ccccn2)c2ccccc2N(Cc2c(OC)ccc3cc(Br)ccc23)C1=O
D06949,CC(C)CN([C@@H](C(=O)NO)C(C)C)S(=O)(=O)c1ccc(-c2ccccc2)cc1
D06950,CC(C)C(C)Oc1c(C#N)c(C(F)(F)F)nn1-c1ccc(S(C)(=O)=O)cn1
D06951,C[C@H]1CN(C(=O)[C@]23C[C@H]2[C@@](C)(c2cc(/C=C(\F)c4ccc(C#N)cn4)ccc2F)N=C(N)S3)[C@@H](C)CO1
D06952,CC(C)(C)COc1cccc(-c2cc(COC(C)(C)C(=O)O)nn2-c2ccccc2Cl)c1
D06953,CN1CCN(c2ccc(Nc3nccc(-c4cnn5nc(-c6ccc(F)cc6)ccc45)n3)cc2)CC1
D06954,Cn1cc(Nc2ncnc(-c3ccc(N4CCCC4)c(C#N)c3)n2)cn1
D06955,Cc1c(N(C)[C@H]2CCN(Cc3ccccc3)C2)cc(F)c(S(=O)(=O)Nc2ncns2)c1F
D06956,CN[C@@H](C)C(=O)N[C@@H]1C(=O)N(Cc2cccc3c2cc(C#N)n3-c2ccccc2C#N)c2ccccc2O[C@H]1C
D06957,N#Cc1cc(-c2ncnc(Nc3ccc(N4CCN(C5COC5)CC4)cc3)n2)ccc1O[C@H]1CCN(C(=O)c2cnco2)C[C@H]1F
D06958,Nc1ncnc2c1C(=O)N(c1ccc([C@H]3CC[C@H](CC(=O)O)CC3)cc1)CCO2
D06959,COc1cnc(COc2ccc(F)c(F)c2)cc1-c1cc2c([nH]1)CCNC2=O
D06960,N[C@@H](CCNC1CCCCC1)C(=O)N1CCCCC1
D06961,CN1C2CCC1C(c1cc(-c3ccc(Cl)cc3)no1)C(c1ccc(Cl)cc1)C2
D06962,CC(C)C1C[C@@H](NC(=O)c2ccc(O)cc2)[C@H](OC(=O)c2cc(O)c(C(=O)c3c(O)cccc3C(=O)O)c(O)c2)C1
D06963,COC(=O)NCc1cnc2ccc(-c3c(-c4ccc(F)cc4)ncn3CC(F)F)nn12
D06964,CCS(=O)(=O)c1ccc2c(c1)/C(=C/c1[nH]c3c(c1CCCN1CCN(C)CC1)CCCC3)C(=O)N2
D06965,C[C@H](O)C(=O)N1CCC(Oc2ccc(-c3ncnc(Nc4ccc(N5CCO[C@@H](CO)C5)cc4)n3)cc2C#N)C(F)(F)C1
D06966,O=C1C(=O)N(Cc2ccc(F)cc2)c2ccc(S(=O)(=O)N3CCC[C@H]3COc3cccnc3)cc21
D06967,COc1cccc2c1CC(NCCCCN1C(=O)c3ccccc3C1=O)CO2
D06968,CC[C@H](NC(=O)[C@H]1CCCN1C(=O)[C@@H](NC(=O)[C@@H](NC(=O)[C@H](CCC(=O)O)NC(=O)[C@@H](N)CC(=O)O)C(C)C)C(C)C)B1O[C@@H]2C[C@@H]3C[C@@H](C3(C)C)[C@]2(C)O1
D06969,CCn1cnc2c(Nc3cccc(Cl)c3)nc(N[C@@H]3CCCC[C@@H]3N)nc21
D06970,CCN(Cc1cccc(OC)c1)C(=O)Nc1ccc(-c2cn[nH]c2)cc1O[C@H]1CCN(C)C1
D06971,COc1ccc2c(C)c(C)c(=O)oc2c1
D06972,Cn1c(CN2C(=O)CN(c3ccc(Oc4ccccc4)cc3)C2=O)cc2cnc(C(=O)N[C@H](C#N)CCCCN)nc21
D06973,CC1(C)C(N)=N[C@](C)(c2cc(NC(=O)c3ccc(Cl)cc3)ccc2F)CS1(=O)=O
D06974,O=C(O)Cn1ccc(=O)n(Cc2ccc(Cl)c([N+](=O)[O-])c2)c1=O
D06975,Cc1nc2n(c(=O)c1CCN1CCC(c3noc4cc(F)ccc34)CC1)CCCC2O
D06976,N#Cc1cnc2ccc(-c3c(-c4ccc(F)c(Cl)c4)ncn3CCO)cn12
D06977,O=C(COc1ccc(-c2cnco2)cc1)Nc1ccc(-c2ccccc2)cc1
D06978,Cc1cccnc1CN1CCC2(CC1)C(=O)N(c1ccc(-c3ccccc3)cc1)C(=O)N2c1ccnc(=O)[nH]1
D06979,CC#CCOc1cnc(C(=O)Nc2ccc(F)c([C@@]3(C)N=C(N)O[C@@H]4C[C@@H]43)c2)c(C)c1
D06980,COc1ccc(-n2nccn2)c(C(=O)N2CCOC[C@H]2Cc2cccc(-n3nccn3)c2)c1
D06981,CC[C@H](C)CN(Cc1nc2c(c(=O)[nH]1)COCC2)C(=O)CN1CCC(C(=O)c2ccc(F)cc2)CC1
D06982,O=C(NC1CCCCC1)[C@H](C1CCCCC1)n1c(-c2ccc(Cl)cc2)nc2cc(F)c(F)cc21
D06983,C[C@H](O)C(=O)N1CC[C@H](Oc2ccc(-c3ncnc(Nc4ccc(C5CCOCC5)cc4)n3)cc2C#N)[C@H](F)C1
D06984,Cn1c(CN2C(=O)CN(c3ccc(F)cc3)C2=O)cc2cnc(C(=O)N[C@H](C#N)CCCCN)nc21
D06985,N#C[C@@H]1CCCN1C(=O)[C@@H]1C[C@@H](CC(=O)N2CCCC2)C(=O)N1
D06986,C#Cc1ccc(C(=O)N(C[C@H](N)[C@@H](O)C[C@@H](C)C(=O)NCCCC)C(C)C)cc1OCCCOC
D06987,CC(N=Nc1nc2ccccc2nc1Cc1ccccc1)c1ccc(N)cc1
D06988,C[C@H]1CN(C(=O)CO)C[C@@H]1Oc1ccc(-c2ncnc(Nc3ccc(N4CCN(C5COC5)CC4)cc3)n2)cc1C#N
D06989,O=C(NC1CCC1)P(=O)(O)O
D06990,CC1=C(/C=C/C(C)=C/C=C/C(C)=C/C(=O)O)C(C)(C)CCC1n1ccnc1
D06991,NC(=O)c1cnc(N)c2cc(-c3ccc(N4CCOCC4)cc3)sc12
D06992,N#C[C@H]1CCOC[C@@H]1n1cc(C(N)=O)c(Nc2ccc(C3CC3)cc2)n1
D06993,CCCc1cc(OC2CCCCCC2)ccc1OCCCOc1cccc(-c2sc(=O)[nH]c2O)c1
D06994,N[C@H](Cc1cc(F)ccc1F)C1CCN(C2CCCC(C(=O)O)C2)CC1
D06995,COc1ccc(C[C@@H]2COCCN2C(=O)c2ccccc2-n2nccn2)cc1-n1cccn1
D06996,N#Cc1cc(-c2ncnc(Nc3ccc(N4CCN(C5COC5)CC4)cc3)n2)ccc1O[C@H]1CCN(C(=O)c2ccn[nH]2)CC1(F)F
D06997,CCCCc1nc(Cl)c(C(=O)O)n1Cc1ccc(-c2ccccc2-n2cnnn2)cc1
D06998,C[C@@H]1CCCN1C(=O)CC(C)(C)NCC(=O)N1C[C@@H](F)C[C@H]1C#N
D06999,CNc1nc(-c2ccc3c(c2)CCN3C(=O)c2ccccc2OCc2ccc(Cl)cc2)cs1
D07000,Cc1csc(NC(=O)CN2C(=O)CCc3ccccc32)c1-c1nnc[nH]1
D07001,COc1ccc(-c2nnc(C(=O)N3CCC(Oc4ccc(CN5CCCC5)cc4)CC3)o2)cc1
D07002,N#Cc1cc(F)c(Cl)cc1O[C@H](CCN)c1ccccc1
D07003,COc1ccc(S(=O)(=O)N2Cc3ccc(/C=C/C(=O)NO)cc3C2)cc1
D07004,Cc1cc(CCC[C@H](CC(=O)NO)C(=O)N[C@H](C(=O)N[C@H](C)c2ccccc2)C(C)(C)C)ccc1-c1ccccc1
D07005,NC(=O)c1cccc2c(NCCc3c[nH]c4ccccc34)ncnc12
D07006,CO[C@H]1COCC[C@H]1N[C@@H]1C[C@H]2CCC[C@@]2(C(=O)N2CCc3ncc(C(F)(F)F)cc3C2)C1
D07007,NC(N)=Nc1ccc(CC(NC(=O)OCc2ccccc2)P(=O)(Oc2ccccc2)Oc2ccccc2)cc1
D07008,CC(C(N)=O)[C@@]12CC(F)(F)[C@@H](C)[C@H](/C=C/c3ccc(-c4ccccc4C#N)cn3)[C@@H]1[C@@H](C)OC2=O
D07009,CCCCCCNC(=O)Oc1cccc(-c2ccc(C(C)C(=O)OC)cc2F)c1
D07010,CNC(=O)c1cnc(N)c2cc(-c3ccc(C(C)(C)C#N)cc3)sc12
D07011,CCCC(=O)SCC[N+](C)(C)C
D07012,COC(=O)[C@@H]1C[C@@H](OS(=O)(=O)c2ccccc2)CN1S(=O)(=O)c1ccc(C)cc1
D07013,N#Cc1ccccc1Cn1c(N2CCC[C@@H](N)C2)nc2ccccc2c1=O
D07014,Cc1nc2c(C)cc(-c3[nH]c4ccc(C5CCN(C(=O)CC(C)(C)O)CC5)cc4c3C(C)C)cn2n1
D07015,C[C@@]1(c2cc(Nc3ncnc4cc(Cl)cnc34)cnc2F)C[C@@H](C(F)(F)F)OC(N)=N1
D07016,Clc1ccccc1CN=Nc1nc2ccccc2nc1Cc1ccccc1
D07017,C[C@@H]1Cn2ncc(C3CCN(S(C)(=O)=O)CC3)c2CN1c1ccnc2[nH]ccc12
D07018,Cn1nccc1-c1cc(Cl)ccc1-c1cccc2cc(S(=O)(=O)Nc3ncns3)ccc12
D07019,Cc1ccc(-n2nccn2)c(C(=O)N2CCOC[C@H]2Cc2cccc(-n3nccn3)c2)n1
D07020,CC[C@H](C)[C@@H]1NC(=O)[C@H](NC(=O)N[C@@H](CCCNC(=N)N)C(=O)O)CCCCNC(=O)[C@H](Cc2ccccc2)NC(=O)[C@H](C)N(C)C(=O)[C@H](CCc2ccc(O)cc2)NC1=O
D07021,O=C(CC1CCNCC1)N1CCN(C2c3ccc(Cl)cc3CCc3cc(Br)cnc32)CC1
D07022,O=C(c1ccc(F)cc1)C1CCN(CC(=O)N(Cc2ccc(F)cc2)Cc2nc3c(c(=O)[nH]2)COCC3)CC1
D07023,CN(C)C(=O)[C@]12C[C@H]1[C@@](C)(c1cc(/C=C(\F)C#Cc3ccccc3)ccc1F)N=C(N)S2
D07024,COc1cc2oc3cc(CN(C)Cc4ccccc4)ccc3c(=O)c2cc1OC
D07025,O=C(/C=C/c1ccc(O)c(O)c1)OCCc1ccccc1
D07026,O=C(NC1CCCC1)c1ccc(-c2nccc(-c3c[nH]c4cnccc34)n2)cc1
D07027,COc1ccc(C2=C(c3ccc(I)cc3)C(=O)OC2)cc1
D07028,Cc1c(-c2c(F)cc(C(N)=O)c3[nH]c4c(c23)CC[C@H](C(C)(C)O)C4)cccc1-n1c(=O)[nH]c2c(Cl)cccc2c1=O
D07029,CN(C)C(=O)c1cc2cnc(Nc3ccc(C(=O)N4CC5CC(C4)N(CC(F)(F)F)C5)cn3)nc2n1C1CCCC1
D07030,O=C(CNc1ncnc2ccc(C(F)(F)F)cc12)NC1CN([C@H]2CC[C@@](O)(c3nccs3)CC2)C1
D07031,CC(C)(C)S(=O)(=O)C[C@H](C1CC1)N1C(=O)[C@@](C)(CC(=O)N2CC[C@H](C(=O)O)C2)C[C@H](c2cccc(Cl)c2)[C@H]1c1ccc(Cl)cc1
D07032,CC(C)(C)NCC(O)c1ccc(O)c(CO)c1
D07033,CCc1ccccc1-n1nc(C)c(-c2ccc3nccnc3c2)c1Nc1ccc(OC)cc1C(=O)O
D07034,C[C@H](Cc1ccc(C(F)(F)F)cc1)C(=O)NC[C@@]1(C2CC2)NC(=O)NC1=O
D07035,O=S(=O)(c1ccccc1)N(CC(F)(F)F)c1ccc(C(O)(C(F)(F)F)C(F)(F)F)cc1
D07036,COc1ccc(/C=C/C(=O)c2cccnc2)cc1OC
D07037,COc1c(C(C)(C)C)cc(Cc2cnc(N)nc2N)cc1C(C)(C)C
D07038,CC(=O)c1sc(NC(=O)N[C@@H]2CCNC[C@H]2CN2CCC[C@@H](Cc3ccc(F)cc3)C2)nc1C
D07039,N[C@@H](CC(=O)N1CCC[C@H]1c1nc(N2CCCC2)no1)Cc1cc(F)c(F)cc1F
D07040,Cc1ccc(NC(=O)c2cccc(C(F)(F)F)c2)cc1C(=O)Nc1cnc(Nc2ccc(N3CCN(C)CC3)cc2)nc1
D07041,CCCC(=O)c1cnn(-c2ccc(NC(=O)c3cn(CCC(=O)O)c4ccc(C)cc34)cc2)c1C
D07042,Cc1cc(C(=O)O)ccc1-c1ccc(N2C(=O)N(c3nccnc3C)C3(CCN(Cc4ncccc4C)CC3)C2=O)cc1
D07043,CN(Cc1cncc(C2COc3c(cccc3C(N)=O)O2)c1)C(=O)C1CC1
D07044,N[C@H]1CC[C@@H](CCNc2cc(F)c(S(=O)(=O)Nc3nccs3)cc2Cl)CC1
D07045,Cc1ccc(C2CC3CCC(C2C(=O)Oc2ccccc2)N3C)cc1
D07046,N#C[C@@H]1CC[C@H](C#N)N1C(=O)CNC12CC3CC(CC(O)(C3)C1)C2
D07047,COc1ccc(C(C)=O)cc1CSc1nc2cc(F)ccc2n1CC(=O)O
D07048,c1ccc(-c2ccccc2OC(c2cccnc2)C2CCNCC2)cc1
D07049,O=C(O)C1CN(Cc2ccc(-c3noc(-c4ccc(C5CCCCC5)cc4)n3)cc2)C1
D07050,CC/C(=C(/CC)c1ccc(O)cc1)c1ccc(O)cc1
D07051,O=C(O)c1cc2ccccc2cc1O
D07052,CCCCCCCCCCC[C@@H](C[C@@H]1OC(=O)[C@H]1CCCCCC)OC(=O)[C@@H](NC=O)C(C)C
D07053,CCCS(=O)(=O)NC(=O)c1cccc2c(CN3C(=O)[C@@H](NC(=O)[C@H](C)NC)CCc4ccccc43)c(OC)ccc12
D07054,O=C1C(=O)N(Cc2ccc(F)nc2)c2ccc(S(=O)(=O)N3CCC[C@H]3COc3ccccc3)cc21
D07055,Cc1cccc(-c2nn3c(c2-c2ccc4ncn(CCCN(C)C)c4c2)CCC3)n1
D07056,CN(C(=O)Oc1ccc(Oc2ccc(Cl)cn2)cc1)c1ccccc1
D07057,Cc1nc(C(O)CN2CCN(C[C@H](O)c3ccc4c(c3C)COC4=O)CC2)ccc1C#N
D07058,CN(C)c1ccnc2sc3c(=O)n(-c4ccc(F)cc4)cnc3c12
D07059,COc1ccc2c(c1)c(CCC(=O)O)c(C)n2Cc1ccc(Br)cc1
D07060,CC(C)Oc1ccc2c(-c3ccc(S(C)(=O)=O)cc3)c(-c3ccc(F)cc3)nn2n1
D07061,COc1cc(N2C(=O)N(c3ccc(-c4ccc(C(=O)O)cc4)nc3)C(=O)C23CCN(Cc2ncccc2C)CC3)ncn1
D07062,Cc1c(C(=O)c2ccc(Cl)cc2)c2ccc(OC(F)(F)F)cc2n1Cc1cccc(O[C@@H](C)C(=O)O)c1
D07063,Cn1ncc2cccc(-n3nc(COC(C)(C)C(=O)O)cc3-c3cccc(OC4CCC4)c3)c21
D07064,CCCCc1nn(-c2cccc(Cl)c2)c(C(=O)O)c1Cc1ccc(-c2ccccc2-c2nnn[nH]2)cc1
D07065,COc1ccc2c(c1)C(=O)N(c1ccc(N3CCOCC3=O)cc1)CN2C(=O)Cc1ccc(Cl)s1
D07066,Nc1ncnc2c1c(-c1ccc(Oc3ccccc3)cc1)c(Br)n2C1CCCC1
D07067,CN(C)C(=O)[C@]12C[C@H]1[C@@](C)(c1cc(/C=C(\F)c3ccc(Cl)cn3)cnc1F)N=C(N)S2
D07068,COCC(F)(F)CN1[C@H](c2ccc(NC3CN(CCCF)C3)cn2)c2ccc3[nH]ncc3c2C[C@H]1C
D07069,COC[C@@H]1CCCN1S(=O)(=O)c1ccc2c(c1)C(=O)C(=O)N2Cc1ccc(OC)cc1
D07070,C[C@@H](c1ccc(-c2ccc(C#N)cn2)cc1)N1CC[C@](CC(C)(C)O)(c2ccccc2)OC1=O
D07071,CC1CN(CC(=O)N[C@H]2C3CC4CC2C[C@](C(N)=O)(C4)C3)S(=O)(=O)N(c2c(Cl)cc(Cl)cc2Cl)C1
D07072,CC[C@H](C(=O)Nc1cccc2c(-c3nc(Nc4cn(C)nc4OC)ncc3C)c[nH]c12)N1CCN(C)CC1
D07073,CN[C@@H](C)C(=O)N[C@H]1CCc2ccccc2N(Cc2c(OC)cnc3ccccc23)C1=O
D07074,Cc1cc(Nc2ncnc3cc(Cl)cnc23)cc([C@]2(CF)C[C@@H](C(F)(F)F)OC(N)=N2)c1F
D07075,CN(C)C(=O)[C@@H](c1ccc(-c2ccn3nccc3n2)cc1)[C@H]([NH3+])C(=O)N1CCC(F)(F)C1
D07076,C#Cc1cc(Nc2cc(Oc3ccc(NC(=O)Nc4cc(C(C)(C)C)cc(NS(C)(=O)=O)c4OC)c4ccccc34)ccn2)cc(C(=O)N[C@H](C)COCCOCCOC)c1
D07077,CN(C)CC(=O)Nc1ccc2nc3c4[nH]c5ccccc5c4ccn3c(=O)c2c1
D07078,Clc1ccccc1-c1ncccc1CC(c1cccnc1)c1cccnc1Cl
D07079,C[C@]1(c2cc(/C=C(\F)c3ccc(C#N)cn3)ccc2F)N=C(N)S[C@@]2(C(=O)N3CCN(CC4CC4)CC3)C[C@H]21
D07080,O=c1[nH]c2ccccc2n1C1CCN(Cc2ccc(-c3nc4cc5[nH]cnc5cc4nc3-c3ccccc3)cc2)CC1
D07081,COc1cccc2c1CCN2C(=O)Cc1nc(N2CCOCC2)cc(=O)[nH]1
D07082,N[C@@H](CCNCc1cccs1)C(=O)N1CCCCC1
D07083,CC(=O)N1CCC(C(=O)N2C[C@H](c3ccc(F)cc3C)[C@@H](c3nc(C(C)(C)c4cc(C(F)(F)F)cc(C(F)(F)F)c4)no3)C2)CC1
D07084,O=C(C1CCN(c2nccc(C(F)(F)F)n2)CC1)N1CC[C@H](N[C@H]2CC[C@@](O)(c3ccc(-c4ncccn4)cn3)CC2)C1
D07085,COc1cc(OC)cc(-c2cc3cnc(NCCCN4CCN(C)CC4)cc3nc2NC(=O)NC(C)(C)C)c1
D07086,CC(C)(O)Cn1cc(-c2nc([C@@](C)(c3ccc(-c4cnc(N)nc4)cc3)C3CC3)no2)cn1
D07087,CCCn1nc(Cc2ccccc2)nc1[C@@H]1OC(C(=O)OC(c2ccccc2)c2ccccc2)=C[C@H](NC(=O)OC(C)(C)C)[C@H]1NC(C)=O
D07088,Cc1ccc(S(=O)(=O)N[C@@H](CC(=O)NCC(C)(C)C)C(=O)N[C@@H](CO)C(=O)N[C@H](/C=C/S(C)(=O)=O)CC(C)C)cc1
D07089,Cc1cc(-c2cc(C(F)(F)F)nn2-c2ccc(S(N)(=O)=O)cc2)cc2c1OCO2
D07090,Cc1c(C(=O)N(C(C)C)[C@@H]2CCNC2)ccc(Cl)c1Cl
D07091,CNC(=O)CN1CCC(c2ccc3[nH]c(-c4cn5ncnc5c(OC)c4C)c(C(C)C)c3c2)CC1
D07092,CNc1nc(Cl)c(-c2cccc(N)c2)n(CC(=O)NCc2ccc(C(=N)N)cc2)c1=O
D07093,CC[C@]1(C(=O)O)CCc2ccc(OCCCOc3ccc(C4CCCCC4)cc3Cl)cc2O1
D07094,N#Cc1nc(Nc2cc(F)cc(F)c2)nc(NC2CCCC2)n1
D07095,N[C@@H](CC(=O)N1CCC[C@H]1CNC(=O)C1CC1)Cc1cccc(Cl)c1
D07096,CN[C@@H](C)C(=O)N[C@H]1CN(C(=O)CCOC)c2ccccc2N(Cc2c(OC)ccc3cc(Br)ccc23)C1=O
D07097,CC(C)C[C@H](NC(=O)[C@@H](NC(=O)[C@H](CCCNC(=N)N)NS(=O)(=O)Cc1ccccc1)C(C)C)[C@@H](O)CC(=O)NCCc1ccccc1
D07098,NC(=O)N(O)CC1=Cc2cc(Oc3ccccc3)ccc2OC1
D07099,CCNC(=O)N1CCC(Nc2nccc(-c3cnc4ccccn34)n2)CC1
D07100,O=S(=O)(Nc1nccs1)c1cc(Cl)c(NCCC2CCNCC2)cc1F
D07101,Cc1noc(C2CN(c3ncnc4[nH]cc(-c5cccc(C#N)c5)c34)CCO2)n1
D07102,COCCCc1cc(CN(C(=O)[C@H]2CNCC[C@@H]2c2ccc(OCCOc3c(Cl)cc(C)cc3Cl)cc2)C2CC2)cc(OCCC(C)(C)C(=O)O)c1
D07103,COc1ccc(N2Cc3cnc(Nc4ccc(F)cc4)nc3N(C3CC[C@@H](O)C3)C2=O)cc1
D07104,COc1cc(C)c2cc(Cc3cnc(N)nc3N)cc(C)c2n1
D07105,[N-]=[N+]=NCc1cc(N=[N+]=[N-])cc(C(=O)Nc2ccc(-c3cc(C(=O)NCCCCCCC(=O)NO)no3)cc2)c1
D07106,COc1cc2c(Nc3ccc(F)c(Cl)c3F)ncnc2cc1OC[C@H]1C[C@@H]2CN(C)C[C@@H]2C1
D07107,Cc1cc2ncnn2cc1-c1[nH]c2ccc(C3CCN(C4CCS(=O)(=O)C4)CC3)cc2c1C(C)C
D07108,CN(C)C(=O)c1cc2cnc(Nc3ccc(N4CC5CCC(CC4=O)N5)cn3)nc2n1-c1ccc(C(C)(C)C#N)cc1
D07109,COC(=O)C(c1ccc(Cl)cc1)C1CCCCN1
D07110,CN(C)CCOc1cc(-c2cn[nH]c2)ccc1NC(=O)C1COc2ccc(F)cc2C1
D07111,O=C(CNc1ncnc2ccc(C(F)(F)F)cc12)NC1CN([C@H]2CC[C@@](O)(c3ccccc3)CC2)C1
D07112,CC(C)CNC(=O)c1ccc(-c2ccc(-c3cccn3C)cc2C(=O)Nc2ccc(C(=N)N)cc2)c(C(=O)O)c1
D07113,Nc1nc(C[C@H](NC(=O)[C@H](Cc2ccccc2)NS(=O)(=O)N2CCOCC2)C(=O)N[C@@H](CC2CCCCC2)[C@@H](O)CC(=O)NCCN(CCO)CCO)cs1
D07114,C[C@H](NC(=O)[C@@H](CO)NS(=O)(=O)c1cccc2ccccc12)C(=O)NC(Cc1ccc(N=C(N)N)cc1)P(=O)(Oc1ccccc1)Oc1ccccc1
D07115,OC[C@H]1[C@@H](O)[C@H](O)[C@@H](O)CN1CCCCCOCc1cccc(-c2ccccc2)c1
D07116,N#Cc1ccc2c(c1)[nH]c(=O)n2[C@H]1C[C@H](c2nnc(-c3ccncn3)n2-c2ccccc2Cl)C1
D07117,Cc1ccc(C2=NN(c3ccccc3)C(c3ccc4ccccc4c3)C2)cc1
D07118,CCn1cnc2ccc(-c3ccc(Cl)cc3Cl)c(CN)c21
D07119,CC(N=Nc1nc(-c2ccc([N+](=O)[O-])cc2)cs1)c1ccccn1
D07120,COc1cccc2c1CC1(CCCCN1CCCCNS(=O)(=O)c1ccc(C)cc1)CO2
D07121,CC#CCOc1cnc(/C(F)=C/c2ccc(F)c([C@@]3(C)N=C(N)S[C@@]4(S(C)(=O)=O)C[C@@H]34)c2)cn1
D07122,CCCCOc1ccc(-n2cncn2)cc1
D07123,O=C1C(=O)N(Cc2ccc(OCCOCCF)cc2)c2ccc(S(=O)(=O)N3CCC[C@H]3COc3ccccc3)cc21
D07124,COC(=O)NC(C)C#Cc1cnc(Oc2ccc(OC(C)C)cc2)s1
D07125,COc1cc2c(Nc3ccc(Cl)c(Cl)c3)ncnc2cc1OCc1nsc(CN(C)C)n1
D07126,Cc1cc(OCc2ccc(F)cc2F)c(Br)c(=O)n1Cc1cccc(CN(C)C)c1
D07127,Cc1ccc2c(c1)-c1nc3cc([N+](=O)[O-])ccc3n1CCO2
D07128,Cc1ccccc1-n1c(Cn2nc(-c3cccc(O)c3)c3c(N)ncnc32)nc2cccc(C)c2c1=O
D07129,COc1cc2c(Nc3ccc(Cl)c(Cl)c3)ncnc2cc1OCC1CN(CCOCCO)CCO1
D07130,O=C(CCc1ccc(Oc2ccccc2)cc1)c1ncco1
D07131,C[C@@H](c1ccc(-c2ccc(=O)n(C3CC3)n2)cc1)N1CC[C@](CC(C)(C)O)(c2ccccc2)OC1=O
D07132,C[C@@]1(c2cc(NC(=O)c3ccc(F)cn3)ccc2F)CC2(CCOCC2)SC(N)=N1
D07133,Cc1cccc2c3c(ccc12)C1=C(C(=O)C3=O)[C@@H](C)CO1
D07134,CC(C)(Oc1ccccc1)C(=O)N[C@H]1C2C[C@@H]3C[C@@H]1C[C@@](C(N)=O)(C2)C3
D07135,CCCS(=O)(=O)N1CCN(C2(CNC(=O)c3ccc(Cl)cc3Cl)CCCCC2)CC1
D07136,CC(C)(C)c1ccc(C(c2cccc(O)c2)N2CCN(Cc3ccccc3)C[C@@H]2COCc2ccccc2)cc1
D07137,Nc1ccc2ncccc2c1
D07138,Cc1c(CCN2CCN(C(=O)Cc3ccc(-n4cnnn4)nc3)CC2)ccc2c1COC2=O
D07139,O=C1C[C@@H](c2ccccc2)NC(=O)C1C(=O)Nc1ccc(C2CCCCC2)cc1
D07140,O=C1Nc2ccc(S(=O)(=O)N3CCC[C@H]3COc3ccncc3)cc2C1=O
D07141,N#Cc1ccc(C(=O)Nc2cc(F)c(F)c([C@@]3(CF)N=C(N)O[C@@H]4C[C@@H]43)c2)nc1
D07142,Cc1nc2ccc(N(C)c3ccnc(Nc4cccc(S(N)(=O)=O)c4)n3)cc2n1C
D07143,CN1C(=O)Cn2c1nc1nc(N3CCC[C@@H](N)C3)n(Cc3cc(F)ccc3C#N)c1c2=O
D07144,CN[C@@H](C)C(=O)Nc1ccc(-c2c(-c3ccc(C)nc3)nc3cc(C)ccn23)c(C#Cc2ccc3c(C)nccc3c2)n1
D07145,CC(=O)N[C@@H](Cc1ccc(OCCc2ccccc2)cc1)C(=O)NO
D07146,C#CCNC[C@@H](O)[C@H](Cc1ccccc1)NC(=O)c1cc2c3c(cn(CC)c3c1)CCS(=O)(=O)N2C
D07147,CC(C)CS(=O)(=O)N1CC[C@H](N(Cc2ccccc2C(F)(F)F)c2ccc(C#N)c(Cl)c2)C1
D07148,Cc1ccccc1-n1nc(C(F)(F)F)c(-c2ccc3nccnc3c2)c1Nc1ccccc1C(=O)O
D07149,COC(=O)[C@H]1CCCN1C(=O)[C@]12C[C@H]1[C@@](C)(c1cc(/C=C(\F)c3ccc(C#N)cn3)ccc1F)N=C(N)S2
D07150,NC1=NC2(CCO1)c1cc(NC(=O)c3ccc(Cl)cn3)ccc1Oc1cnc(Cl)cc12
D07151,CC1(C)CN(C(=O)CO)CC(F)C1Oc1ccc(-c2ncnc(Nc3ccc(N4CCN(C5COC5)CC4)cc3)n2)cc1C#N
D07152,COc1ccc(-c2nnc(C(=O)N3CC(Oc4ccc(CN5CC6(CCOC6)C5)cc4)C3)o2)cc1
D07153,O=c1scc(O)n1C(CCc1ccncc1)COc1ccc(-c2cccc([N+](=O)[O-])c2)cc1
D07154,O=C(O)C(=O)CC(=O)c1cccn1Cc1ccc(F)cc1
D07155,NC1=N[C@@](c2cc(Nc3ncc(F)c4cc(Cl)cnc34)ccc2F)(C(F)F)[C@H]2C[C@H]2O1
D07156,CC(=O)N1CCc2c(c(Nc3ccc(-c4cnn(C)c4)cc3F)nn2C2CCOC2)C1
D07157,CC(=O)c1c(NC(=O)c2sccc2S(=O)(=O)Nc2onc(C)c2Cl)ccc2c1OCO2
D07158,CN[C@@H](C)C(=O)N[C@H]1CN(C(=O)c2cnn(C)c2)c2ccccc2N(Cc2c(OC)ccc3cc(Br)ccc23)C1=O
D07159,CS(=O)(=O)c1ccc2c(c1)CCC1(CCN(C(=O)Cc3ccc(Cl)cc3Cl)CC1)O2
D07160,CC(C)ON([C@H](CCNC(=O)OCc1ccccc1)C(=O)NO)S(=O)(=O)c1ccc(-c2ccccc2)cc1
D07161,CN(C)C(=O)[C@]12C[C@H]1[C@@](C)(c1cc(/C=C(\F)c3ccc(C#N)cn3)cnc1F)N=C(N)S2
D07162,Cc1cc(COc2ccc(S(=O)(=O)CC(CC3CCC(=O)CC3)N(O)C=O)cc2)c2ccccc2n1
D07163,COc1ccc(CCNc2ncc(C(=O)NCCCN3CCCC3=O)c(NC3CCCC3)n2)cc1OC
D07164,Cc1nn(C2CCNCC2)c(C)c1Nc1ncc(Cl)c(-c2cnn3ccccc23)n1
D07165,COc1cnc2c(Nc3ccc(F)c([C@]4(C(F)F)CS(=O)(=O)C(C)(C)C(N)=N4)c3)nccc2c1
D07166,COc1ccc(-c2nc3ccccc3c(=O)[nH]2)cc1O
D07167,C[C@]12CCCO[C@@H]1[C@]1(COC(N)=N1)c1cc(-c3cncc(Cl)c3)ccc1O2
D07168,C[C@@H]1Cc2c(ccc3[nH]nc(F)c23)[C@@H](c2ccc(NC3CN(CCCF)C3)c(F)n2)N1CC(F)(F)CO
D07169,O=C(NC1N=C(c2ccccc2F)c2ccccc2NC1=O)c1ccc(Cl)cc1
D07170,O=C(Cc1cccc2cnccc12)Nc1scc(Br)c1-c1nnc[nH]1
D07171,O=C(CS)NCCCCCCn1ccc2cc(F)c(Cl)cc21
D07172,COc1ccc([C@]2(O)CC[C@H](N3CC[C@@H](NC(=O)CNC(=O)c4cccc(C(F)(F)F)c4)C3)CC2)cn1
D07173,CC(C)(Oc1ccc(Cl)cc1)C(=O)N[C@H]1C2C[C@@H]3C[C@@H]1C[C@@](C(N)=O)(C2)C3
D07174,Cc1c(-c2cccc(OCCCCC(=O)O)c2)c(=O)n(C[C@H](N)c2ccccc2)c(=O)n1Cc1c(F)cccc1C(F)(F)F
D07175,CC(=O)N1CCN([C@H]2C[C@@H](n3cc(-c4cccc(OCC56CCC(CC5)O6)c4)c4c(N)ncnc43)C2)CC1
D07176,CN(CCO)Cc1ccc(C(=O)Nc2ccc(Cl)cc2C(=O)Nc2ccc(Cl)cn2)cc1
D07177,CCC(C)n1cnc(-c2ccc(F)cc2)c1-c1ccc2ncc(C#N)n2c1
D07178,CCc1c(C(F)(F)F)nn(-c2ccc(S(N)(=O)=O)cc2)c1-c1ccc(Cl)cc1
D07179,CCc1cc(Cc2cnc(N)nc2N)cc(CC)c1O
D07180,Cn1nnc(-c2ccc3nc(-c4ccccc4)c(-c4ccc(CN5CCC(n6c(=O)[nH]c7ccccc76)CC5)cc4)nc3c2)n1
D07181,O=C(CCCCCCc1ccccc1)c1ncc(-c2cc([N+](=O)[O-])ccn2)o1
D07182,CNc1nc(C)nc(N2CCC(C(=O)NCc3ccc(OC)cc3C(F)(F)F)CC2)n1
D07183,CN1Cc2cc(Cl)ccc2-n2c(nnc2C2CCN(c3ccccn3)CC2)C1
D07184,C=CCc1cccc(/C=N/NC(=O)Nc2ccc(Oc3ccnc4cc(OCCCN5CCCCC5)c(OC)cc34)c(F)c2)c1O
D07185,COc1ccc2c(c1)c(C)c(CCC(=O)O)n2C(=O)c1ccc(Cl)cc1
D07186,Nc1nccc(-c2c[nH]c3cc(C(F)(F)F)ccc23)n1
D07187,Cc1cc(C#N)cnc1C(=O)Nc1cc(Cl)c(F)c([C@@]2(CF)N=C(N)O[C@@H]3C[C@@H]32)c1
D07188,C[C@@H](c1ccc(-c2ccn(C(F)F)c(=O)c2)cc1)N1CC[C@](CC(C)(C)O)(c2ccccc2)OC1=O
D07189,O=C(O)c1cccc(S(=O)(=O)N2CCc3sccc3C2)c1
D07190,O=C1C(=O)N(Cc2cn(CCF)nn2)c2ccc(S(=O)(=O)N3CC[C@H]3COc3cccnc3)cc21
D07191,CCCC[C@H](NC(=O)OC1(Cc2ccccc2)CCCC1)C(=O)C(=O)N[C@H](C)c1ccccc1
D07192,Cc1cc(C(F)F)cnc1C(=O)Nc1ccc(F)c([C@@]2(C)N=C(N)C3(CC3)S(=O)(=O)[C@H]2F)c1
D07193,CC1(C)C(N)=N[C@](C)(c2cc(Nc3nccc4nc(C(F)(F)F)cnc34)ccc2F)CS1(=O)=O
D07194,Nc1ncnc2c1c(Cc1cccc3ccccc13)nn2CC1CCNCC1
D07195,CCc1cn2c3c(cc(C(=O)N[C@@H](Cc4ccccc4)[C@H](O)CNC4CC4)cc13)N(CC)S(=O)(=O)CC2
D07196,C[C@H](O)C(=O)N1CCC(Oc2ccc(-c3ncnc(Nc4ccc(N5CCN(C6COC6)CC5)c(C#N)c4)n3)cc2C#N)[C@H](F)C1
D07197,CC(C)[C@@H](C)OC(=O)Nc1c(-c2ccc(-c3ccc(C4(C(=O)O)CC4)cc3)cc2)nnn1C
D07198,Cc1c(Oc2ccc(Cl)cc2)c2ccc(C(F)(F)F)nc2n1Cc1ccc(Cl)c(O[C@@H](C)C(=O)O)c1
D07199,COc1cccc(Cn2nc(Nc3cc(C)n[nH]3)c3ccccc3c2=O)c1
D07200,COC[C@@H]1CCCN1S(=O)(=O)c1ccc2c(c1)C(=O)C(=O)N2Cc1ccc(OCCBr)cc1
D07201,CS(=O)(=O)c1ccc2nc(-c3ccc(-c4cccc(F)c4)cc3)[nH]c2c1
D07202,Cc1c(-c2[nH]c3ccc(C4CCN(C(=O)CNCC(C)(C)C)CC4)cc3c2C(C)C)cn2ncnc2c1C
D07203,O=C1C(=O)N(Cc2cccc(F)n2)c2ccc(S(=O)(=O)N3CCC[C@H]3COc3ccccc3)cc21
D07204,CCN1CCC[C@H]1CNC(=O)c1cc(S(N)(=O)=O)ccc1OC
D07205,C=CC(=O)Nc1cccc(Oc2nc(Nc3ccc(N4CCN(C)CC4)nc3)nc3[nH]ccc23)c1
D07206,Cc1cc(COc2ccc(S(=O)(=O)C3(C(=O)NO)CCN(C)CC3)cc2)c2ccccc2n1
D07207,O=NC(Cc1ccc(O)c(Br)c1)C(=O)NCCS
D07208,CC(C)(OCc1cc(-c2cc3ccccc3s2)n(Cc2ccccc2Cl)n1)C(=O)O
D07209,O=C(c1ccccc1-n1nccn1)N1CCOC[C@H]1Cc1ccc(Cl)c(-c2ncon2)c1
D07210,Cc1ncc(-c2ccnc(Nc3ccc(N4CCN(C(=O)CN(C)C)CC4)cc3)n2)n1C(C)C
D07211,CC[C@H](C(=O)Nc1cccc2c(-c3nc(Nc4cn(C)nc4C)ncc3F)c[nH]c12)N1CCN(C)CC1
D07212,CC(C)[C@H](NS(=O)(=O)c1ccc2c(c1)oc1ccc(N3CCOC3=O)cc12)C(=O)O
D07213,CN[C@@H](C)C(=O)N[C@H]1CN(C(=O)c2ccc(C(C)=O)cc2)c2ccccc2N(Cc2c(OC)ccc3c(Br)cccc23)C1=O
D07214,Fc1cc(C(F)(F)F)cnc1C(F)(F)CN1CCC(Nc2ncnc3[nH]ncc23)CC1
D07215,CN(C)CCCn1cnc(-c2ccc(F)cc2)c1-c1ccc2ncc(C(N)=O)n2c1
D07216,Nc1cccc2c1CCN(S(=O)(=O)c1cccc(C(=O)O)c1)C2
D07217,CCCC[C@@H]1[C@H](C(=O)O)[C@H]1C(N)(CC1c2ccccc2Oc2ccccc21)C(=O)O
D07218,O=C(N[C@H]1C2CC3CC1C[C@](O)(C3)C2)c1sc(OC2CCOCC2)nc1[C@H]1CCCO1
D07219,Fc1cccc2c1CCC1(CCN(c3ccc(-c4nnc(Cc5cccnc5)o4)nn3)CC1)O2
D07220,CC(C(O)c1ccc2c(c1)OCC(=O)N2)N1CCC(O)(c2ccc(F)cc2)CC1
D07221,O=C(Nc1ccccc1)N1CCN(c2nc(-c3ccccc3)ns2)CC1
D07222,N#Cc1cc(-c2ncnc(Nc3ccc(C4CCN(C5COC5)CC4)cc3)n2)ccc1O[C@H]1CCN(C(=O)c2ccn[nH]2)C[C@H]1F
D07223,N#Cc1cc(-c2ncnc(Nc3ccc(N4CCN(C5COC5)CC4)cc3)n2)ccc1O[C@H]1CCN(C(=O)[C@@H]2C[C@H](O)C(=O)N2)C[C@H]1F
D07224,N#Cc1cc(-c2ncnc(Nc3ccc(N4CCNCC4)c(F)c3)n2)ccc1O[C@H]1CCN(C=O)C[C@H]1F
D07225,COc1ccc(CCCCCC(=O)O)cc1Cc1cnc(N)nc1N
D07226,C=CC(=O)Nc1ccc(S(=O)(=O)N2CCN(C(=O)N3CCCC3)CC2)cc1
D07227,CN1CCC(c2nn(-c3cnc4[nH]cc(C(=O)NC(C)(C)CO)c4n3)c3ccccc23)CC1
D07228,Cc1ccccc1C(=O)Nc1ccc(C(=O)N2CCCC(O)c3cc(Cl)ccc32)c(C)c1
D07229,O=C1CC2(CCN(C(=O)NC3CCc4ccccc4C3)CC2)Oc2ccccc21
D07230,COc1ccc(-n2c(=O)cnc3cnc(Nc4cccc(N)c4)nc32)cc1
D07231,C/C(=N\NC(=O)c1cccc(S(=O)(=O)N(C)C)c1)c1cc(Cl)ccc1O
D07232,CCN1CCc2c(c3ccccc3n2Cc2ccc(C(=O)NO)cc2)C1
D07233,CO[C@H]1C[C@@H](n2c(=O)n(C)c3cnc4ccc(-c5ccc(OCCCN(C)C)nc5F)cc4c32)C1
D07234,O=C(c1nnc(-c2ccccc2)o1)N1CCC(Oc2ccc(CN3CCCC3)cc2)CC1
D07235,O=C(NO)C(CCN1C(=O)c2ccccc2S1(=O)=O)COc1ccc(-c2ccccc2)cc1
D07236,O=C(NCc1nc(-c2ccccc2)c[nH]1)Nc1ncc(Sc2ccccc2)s1
D07237,O=C(Nc1ccc(-c2ccc(O)cc2)cc1)Nc1ccc(-c2ccnc3nc[nH]c23)cc1
D07238,CNCc1cncc(-c2cnc3[nH]nc(-c4nc5ccc(OC(F)(F)F)cc5[nH]4)c3c2)c1
D07239,N[C@H]1CC[C@H](N[C@@H]2C[C@H]2c2ccccc2)CC1
D07240,O=C(c1cccc(Cl)c1-n1nccn1)N1CCOC[C@H]1Cc1cc(-c2ncccn2)ccc1F
D07241,Cc1cc(Oc2cncc(Cl)c2)cc(C(=O)Nc2ccc(F)cn2)n1
D07242,CNCc1cc(C(=O)N(C)C)ccc1Oc1ccc(Cl)cc1OC
D07243,COc1ccc(C2(c3ccc(OC)cc3)NC(=N)N(C3CCOCC3)C2=O)cc1
D07244,S=C(SSC(=S)N1CCOCC1)N1CCOCC1
D07245,Cc1nn(C2CCOCC2)c2sc(C(=O)N[C@H]3CC[C@H](N4CCC(O)CC4)CC3)cc12
D07246,C[C@@H](C1CCC(N(C)C(=O)C2CC2)CC1)[C@H]([NH3+])C(=O)N1CC[C@H](F)C1
D07247,C[C@H]1CN(C2COC2)CCN1c1ccc(Nc2ncnc(-c3ccc(O[C@H]4CCN(C(=O)c5ccn[nH]5)C[C@H]4F)c(C#N)c3)n2)cc1
D07248,Cc1c(-c2ccccc2)cnn1-c1cc(C(=O)O)ccn1
D07249,CN[C@@H](C)C(=O)N[C@@H]1C(=O)N(Cc2nn(-c3ccccc3C#N)c3ccccc23)c2ccccc2N(C(C)=O)[C@H]1C
D07250,CC(=O)c1c(Nc2ccc(C(C)(C)C)cc2)nc2c(Cl)cc([N+](=O)[O-])cc2c1O
D07251,Cc1nn2ccccc2c1CCN(Cc1ccc(/C=C/C(=O)NO)cc1)C(C)C
D07252,N#Cc1cc(-c2ncnc(Nc3ccc(N4CCN(C5COC5)CC4)cc3)n2)ccc1O[C@H]1CCN(C(=O)N2CCCC2)C[C@H]1F
D07253,Cc1cn(-c2cc(NC(=O)c3ccc(C)c(Nc4nccc(-c5cccnc5)n4)c3)cc(C(F)(F)F)c2)cn1
D07254,CN1CCN(CCCNc2ncc3cc(-c4c(Cl)cccc4Cl)c(NC(=O)NC(C)(C)C)nc3n2)CC1
D07255,CC[C@H](C)[C@H](NC(=O)OCc1ccccc1)C(=O)N[C@@H](CC(=O)OC(C)(C)C)C(=O)N[C@@H](C)C(=O)N[C@H](C=CS(C)(=O)=O)CC(C)C
D07256,O=C(OCC12CCN(CC1)CC2)c1c[nH]c2cc(O)cc(Cl)c12
D07257,N#Cc1cc(-c2ncnc(Nc3ccc(N4CCN(C5COC5)CC4)nc3)n2)ccc1OC1CCOCC1
D07258,NC(=O)c1ccc(N[C@H]2CCCNC2)c2cc(-c3ccccc3)[nH]c12
D07259,O=C(CCc1ccc(Oc2ccccc2)cc1)c1ncc(-c2ccccn2)o1
D07260,c1ccc2c(-c3cnn4cc(-c5ccc(OCCN6CCNCC6)nc5)cnc34)ccnc2c1
D07261,CCOC(=O)Cc1cc(-c2ccc(S(C)(=O)=O)cc2)n(-c2ccc(OC)cc2)c1C
D07262,COc1ccc(-c2ccc(S(=O)(=O)N[C@@H](C(=O)O)C3CCC(Nc4ccccc4)CC3)cc2)cc1
D07263,COc1cc(Nc2cc(Oc3ccc(NC(=O)Nc4cc(C(C)(C)C)cc(NS(C)(=O)=O)c4OC)c4ccccc34)ccn2)cc(C(=O)NCC(C)(C)N2CCOCC2)c1
D07264,C#CCN(C)Cc1ccc(OC(=O)N(C)CC)c2ncccc12
D07265,COc1ccc2nccc(C(=O)NCC(=O)N3CCC[C@H]3C#N)c2c1
D07266,COc1cc2c(cc1OC)CN(C(=O)C[C@H](N)C(=O)N1CCC[C@H]1C#N)CC2
D07267,CNC(=O)N1CCc2c(c(Nc3cc(F)c(-c4cnn(C)c4)cc3F)nn2C2CCOCC2)C1
D07268,CCOc1ccc(N2CCN(c3noc(C4(NC(C)=O)CCC4)n3)[C@@H](C)C2)c(C)c1
D07269,Cc1cc(C(F)F)cnc1C(=O)Nc1ccc(Cl)c([C@@]2(CF)N=C(N)O[C@@H]3C[C@@H]32)c1
D07270,Cc1cn2c(-c3cn[nH]c3)cnc2c(Nc2ccc(C(=O)N3CCNCC3(C)C)cc2F)n1
D07271,Cc1cc2c(NC(=O)N[C@@H]3CC(C)(C)Oc4c3ccc(F)c4F)cccc2cn1
D07272,CC(C)=CCc1ccc(-c2ccc(C(=O)NCC(C)C)cc2C(=O)O)c(C(=O)Nc2ccc(C(=N)N)cc2)c1
D07273,CN(c1ncnc2[nH]ccc12)[C@H]1C[C@@H](NS(=O)(=O)CC2CC2)C1
D07274,Cc1c(NS(C)(=O)=O)cccc1N(Cc1ccc(Oc2cccc(OC[C@@H]3C[C@@H](O)CC(=O)O3)c2)cc1)Cc1ccc(F)cc1F
D07275,COCCOCCOCCOc1cc(Nc2nccc(Oc3ccc(NC(=O)Nc4cc(C(C)(C)C)cc(NS(C)(=O)=O)c4OC)c4ccccc34)n2)cc(OC)c1
D07276,CO[C@H]1CC[C@H](N2C(=O)CNc3ncc(-c4ccc(C(C)(C)O)nc4)nc32)CC1
D07277,CCCC[C@@H](NC(=O)[C@@H](N)CC)B(O)O
D07278,C[C@@H](c1nc(-c2ccc(S(C)(=O)=O)cc2Cl)no1)[C@H](N)Cc1cc(F)c(F)cc1F
D07279,CC(C)N1[C@H]2CC[C@@H]1CC(=O)N(c1ccc(Nc3ncc4cc(C(=O)N(C)C)n(C5CCCC5)c4n3)nc1)C2
D07280,O=C(CCSc1cc(=O)n2ccccc2n1)N[C@H]1CC[C@H](c2nnc(-c3ccccc3)o2)CC1
D07281,CN(C)C(=O)[C@@H](c1ccc(-c2ccc(F)cc2)cc1)[C@H]([NH3+])C(=O)N1CCCC1
D07282,O=C1C(=Cc2ccc(N3CCN(C(c4ccccc4)c4ccccc4)CC3)cc2)C(=O)c2ccccc21
D07283,COc1ccc(-c2cnc3[nH]cc(C(=O)NC(C)CO)c3n2)cc1OC
D07284,CC1(C)C(N)=N[C@](C)(c2cc(Nc3nccc4cc(OCC(F)F)cnc34)ccc2F)CS1(=O)=O
D07285,C[C@H]1CN(c2ccc(Nc3ncnc(-c4ccc(O[C@H]5CCN(C(=O)C6CCC(=O)N6)C[C@H]5F)c(C#N)c4)n3)cc2)CCN1C1COC1
D07286,O=C(/C=C/c1ccc(C(=O)Nc2cccc(Nc3ncc(-c4cccnc4)s3)c2)cc1)NO
D07287,CN(C)C(=O)CNC(=O)Nc1nc2ccc(-c3cncc(S(=O)(=O)NC(C)(C)C)c3)cn2n1
D07288,N#Cc1cc(Cl)cc(-c2cc(-c3ccc(F)cn3)ncn2)c1
D07289,Cc1c(NS(C)(=O)=O)cccc1N(Cc1ccccc1)Cc1ccc(Oc2ccc(OC[C@@H]3C[C@@H](O)CC(=O)O3)cc2)cc1
D07290,CCN1CC(n2nccc2-c2cc(Cl)ccc2Oc2cc(F)c(S(=O)(=O)Nc3cscn3)cc2F)C1
D07291,O=C(O)CCc1c(/C=C2\C(=O)Nc3ccc(Br)cc32)[nH]c2c1CCCC2
D07292,COc1ccc(C(=O)NCCO)cc1Nc1nccc(Oc2ccc(NC(=O)Nc3cc(C(C)(C)C)nn3-c3ccc(C)cc3)c3ccccc23)n1
D07293,Cc1cc(NC(C)C#Cc2cnc(Oc3ccc(Oc4ccccc4)cc3)s2)on1
D07294,Cn1c(=O)n([C@H]2C[C@@H](O)C2)c2c3cc(-c4ccc(OCCCN5CCC5)nc4)ccc3ncc21
D07295,CCCOc1c(OC)cc(Cc2cnc(N)nc2N)cc1OC
D07296,COc1cncc(Cc2cc(-c3ccccc3)no2)c1
D07297,C[C@H](c1cc(F)cc(F)c1)N(C(=O)c1ccccc1)[C@@H](C(N)=O)c1ccccc1
D07298,COc1cc(-c2nn(C3CCN(C4CCN(C(C)=O)CC4)CC3)c3ncnc(N)c23)ccc1NC(=O)c1cc2ccccc2n1C
D07299,CN(C)C[C@@H]1CCn2cc(c3ccccc32)C2=C(C(=O)NC2=O)c2cn(c3ccccc23)CCO1
D07300,COc1ccc(-c2cc(F)c(F)cc2-c2ccc(S(C)(=O)=O)cc2)cc1Cl
D07301,CCc1nn(C)c2c1C(c1ccc(Cl)cc1)N(c1cc(OC)c3nnc(C)n3c1)C2=O
D07302,N#Cc1cc(-c2ncnc(Nc3ccc(N4CCOCC4)cc3)n2)ccc1N1CCCC1
D07303,CCS(=O)(=O)C[C@@H]1C[C@H](N(C)C(C)C)CC[C@@H]1N1CC[C@H](NC(=O)c2cccc(-c3ccccc3)c2)C1=O
D07304,Cc1ccc(NC(=O)Nc2cccc(C(F)(F)F)c2)cc1C(=O)Nc1cnc(Nc2ccc(N3CCN(C)CC3)cc2)nc1
D07305,CC(=O)Nc1cc(-c2c(Nc3ccn(C)n3)nc3ccc(-c4cnn(C(C)C)c4)cn23)nc(C)n1
D07306,Cn1ccc(Nc2ncnc(-c3ccc(OC4CCOCC4)c(C#N)c3)n2)n1
D07307,N=C1NC(c2ccccc2)(c2cccc(-c3cccnc3)c2)C(=O)N1C1CCCCC1
D07308,Cc1nc(-c2nnc3n2CCN(C(=O)c2ccc(-c4cccs4)cc2)[C@@H]3C)sc1C
D07309,COc1cc(-c2cc(COC(C)(C)C(=O)O)nn2Cc2ccccc2Cl)cs1
D07310,O=C(Cc1cccc2cnccc12)Nc1scc(Cl)c1-c1nnc[nH]1
D07311,NCC1(CC(=O)O)CCCCC1
D07312,C[C@]1(c2cc(/C=C(\F)c3ccc(C#N)cn3)ccc2F)N=C(N)S[C@@]2(C(=O)N3CC[C@@H](F)C3)C[C@H]21
D07313,O=C1CCc2c(Oc3ccc4c(c3)C[C@H](NC(=O)c3cc(-c5cnc[nH]5)cc(C(F)(F)F)c3)CC4)ccnc2N1
D07314,COc1cnccc1[C@H]1CC[C@@H](N2CC(NC(=O)CNc3ncnc4ccc(C(F)(F)F)cc34)C2)CC1
D07315,C[C@@H](Oc1cc(-c2cnn(C3CCOCC3)c2)cc2nn(C)cc12)[C@H]1CNC(=O)C1
D07316,C[C@@H]1CNc2c(sc3ccc4nc(-c5ccccc5F)ccc4c23)C(=O)N1
D07317,O=C(O)CC1CCC2(CC1)CCN(c1ccc(-c3nc4cc(C(F)(F)F)ccc4[nH]3)cn1)CC2
D07318,COc1cc(OC)cc(-c2cc3cnc(NCCCCN4CCOCC4)cc3nc2NC(=O)NC(C)(C)C)c1
D07319,Cc1cccc(CN(C2CCOCC2)[C@H]2CCNC2)c1Cl
D07320,CC(=O)Nc1ccc(NC(=O)c2cc3c(C)nn(C4CCCCC4)c3s2)cc1
D07321,COc1cc2ncnc(Oc3ccc4c(C(=O)NC5CC5)cccc4c3)c2cc1OC
D07322,CCCCCCCOCCCCCN1C[C@H](O)[C@@H](O)[C@H](O)[C@@H]1CO
D07323,Cc1nc2ccc(Nc3c(C)c(N[C@H]4CCCNC4)nc4ccnn34)cc2s1
D07324,Cc1[nH]c(/C=C2\C(=O)Nc3cc(-c4ccccc4)ccc32)c(C)c1CCC(=O)O
D07325,Cc1cc(-c2[nH]c3ccc(C4CCN(C(=O)CCN5CCS(=O)(=O)CC5)CC4)cc3c2C(C)C)cn2ncnc12
D07326,CC(=O)c1sc(NC(=O)N[C@@H]2CCN(C3CCN(C(C)=O)CC3)C[C@H]2CN2CCC[C@@H](Cc3ccc(F)cc3)C2)nc1C
D07327,COc1cnc2c(Nc3ccc(F)c([C@@]4(C)N=C(N)C(C)(C)S(=O)(=O)[C@@H]4F)c3)nccc2c1
D07328,NC[C@H]1C[C@@H](c2nc(-c3cccc(OCc4ccccc4)c3)c3c(N)nccn32)C1
D07329,CC(C)(C)NS(=O)(=O)c1cncc(-c2ccc3nc(NC(=O)NCc4ccccc4)nn3c2)c1
D07330,C[C@H]1SC(N)=N[C@@]2(c3ccc(F)cc3F)CO[C@@H](c3cnn(C)c3)C[C@@H]12
D07331,Cc1ccc(-c2ccc(Cc3nnnn3C(=O)N(C)C)cc2)cc1
D07332,COc1ccc2c(C(=S)N(C)CC(=O)O)cccc2c1C(F)(F)F
D07333,COc1cc(-c2cn(C)c(=O)c3cncnc23)cc(OC)c1CN(C)C
D07334,Cn1ncc(-c2ccncc2)c1-c1ccc(OCc2cc(COCCF)c3ccccc3n2)cc1
D07335,NCc1cc(=O)[nH]o1
D07336,Cc1cc(-c2[nH]c3ccc(C4CCN(C(=O)CN5CCS(=O)(=O)CC5)CC4)cc3c2C(C)C)cn2ncnc12
D07337,C[C@H](NC(=O)[C@H](CC(=O)O)NC(=O)[C@@H](N)Cc1ccc(O)cc1)C(=O)NCC(=O)N[C@@H](Cc1ccccc1)C(N)=O
D07338,CC(C)n1ncc2c1C(=O)CC1(CCN(C(=O)c3cnc4cc[nH]c4c3)CC1)C2
D07339,COc1cc2c(cc1OC(C)C)[C@H](c1ccc(Cl)cc1)N(c1ccc(N(C)C[C@H]3CC[C@H](N4CCN(C)C(=O)C4)CC3)nc1)C(=O)C2
D07340,O=C(CCCCCCc1ccccc1)c1nnn(-c2ccccn2)n1
D07341,CS(=O)(=O)c1ccc(-c2sc3ncnn3c2-c2ccc(F)cc2)cc1
D07342,Cc1ccc(C(=O)N2CCOC[C@H]2Cc2cc(F)cc(-n3nccn3)c2)c(-n2nccn2)c1
D07343,N[C@H](C(=O)N1CCCC1)[C@H]1CC[C@H](NS(=O)(=O)c2ccc(NS(=O)(=O)CC(F)(F)F)cc2)CC1
D07344,Nc1c(S(=O)(=O)[O-])cc(Nc2cccc(Nc3nc(Cl)nc(Cl)n3)c2)c2c1C(=O)c1ccccc1C2=O
D07345,CN[C@@H](C)C(=O)N[C@H](C(=O)N1Cc2ccccc2[C@H]1C(=O)Nc1c(F)cccc1F)C1CCCC1
D07346,Cc1ccc(S(=O)(=O)O[C@H]2C(=O)N3[C@@H](C(=O)OCc4ccccc4)C(C)(C)S(=O)(=O)[C@H]23)cc1
D07347,Cc1cccnc1CN1CCC2(CC1)C(=O)N(c1ccc(-c3ccc(C(=O)O)cc3)cc1)C(=O)N2c1ccncn1
D07348,CC(C)N(C)[C@@H]1CC[C@H](N2CC[C@H](NC(=O)c3cccc(C(F)(F)F)c3)C2=O)[C@H](CS(C)(=O)=O)C1
D07349,CC(C)c1cc(Cl)cnc1C(=O)Nc1ccc(F)c([C@]2(CF)CS(=O)(=O)C(C)(C)C(N)=N2)c1
D07350,CCN(C)CCc1ccc(OC2Cc3cc(OC)c(OC)cc3C2=O)cc1
D07351,N#Cc1ccc(Cn2cncc2CN[C@H]2CCN(C(=O)c3ccc(Cl)cc3)C2)cc1
D07352,O=P(O)(O)C(Nc1cccc(C(F)(F)F)c1)P(=O)(O)O
D07353,O=C(NCCN1CCC2(CC1)C(=O)NCN2c1cccc(F)c1)c1ccc2ccccc2c1
D07354,COc1cc(Cc2cnc(N)nc2N)cc(OC)c1
D07355,Cc1cc(Nc2ncnc(-c3ccc(O[C@H]4CCN(C(=O)C5CCC(=O)N5)C[C@H]4F)c(C#N)c3)n2)ccc1N1CCN(C2COC2)CC1
D07356,CCn1c(O)cn(-c2ccc(Cc3cc([C@@H]4O[C@H](CO)[C@@H](O)[C@H](O)[C@H]4O)ccc3Cl)cc2)c1=O
D07357,CC#CCN(C)Cc1cc2cc(OCc3ccccc3)ccc2n1C
D07358,COC1CCC(Oc2ccc(-c3ncnc(Nc4ccc(N5CCN(C6COC6)CC5)cc4)n3)cc2C#N)CC1
D07359,O=S(=O)(Nc1nc(Cl)cs1)c1cc(Cl)c(NC[C@H]2NCCC=C2c2ccc(F)cc2)cc1F
D07360,Cn1cc([C@@]2(c3cncc(C(=O)O)c3)N[C@@H](c3nc(-c4ccc(F)cc4)c[nH]3)Cc3c2[nH]c2ccccc32)cn1
D07361,Cc1ccc(-n2nc(C(C)(C)C)cc2NC(=O)Nc2ccc(OCc3ccnc(C(=O)NCCN4CCOCC4)c3)c3ccccc23)cc1
D07362,CNC(=O)[C@]12C[C@H]1[C@@](C)(c1cc(/C=C(\F)c3ccc(Cl)cn3)ccc1F)N=C(N)S2
D07363,CN[C@@H](C)C(=O)N[C@H]1CN(C(=O)c2ccc(N)cc2)c2ccccc2N(Cc2c(OC)ccc3ccccc23)C1=O
D07364,N=C1OCCN1Cc1ccc(C(=O)Nc2ccc(Cl)cc2C(=O)Nc2ccc(Cl)cn2)cc1
D07365,O=C(NC1N=C(c2ccccc2F)c2ccccc2NC1=O)c1cc2ccccc2o1
D07366,Fc1cncc(-c2nc3cc(F)c(Cl)cn3c2C2CC2)c1
D07367,CS(=O)(=O)c1ccc(C2=C(c3ccc(F)cc3)CC3(CCC3)C2)cc1
D07368,O=C(O)c1cccc(S(=O)(=O)N2CCc3ccc([N+](=O)[O-])cc3C2)c1
D07369,COc1cc(-c2cc(F)cc(Cl)c2)c(F)cc1-n1c(=O)ccc2cc(S(=O)(=O)Nc3ccon3)ccc21
D07370,CC(C)c1cc(C#N)cc2nc(-c3ccc(C(=O)NC[C@H]4CC[C@H](c5ccc(Cl)cc5)CC4)cc3)oc12
D07371,C=C(C)c1cnc(-c2cc(Cl)ccc2F)cc1Nc1ncncc1C(=O)NC[C@H](C)O
D07372,Cc1ccc(C)c(-c2ccc(C(=O)Nc3c(C)cccc3C)o2)c1
D07373,CN(c1ncnc2[nH]ccc12)[C@H]1C[C@@H](NS(=O)(=O)c2ccccc2)C1
D07374,CS(=O)(=O)c1ccc(-n2nc(C(F)(F)F)c(C#N)c2NCC2CCCO2)nc1
D07375,O=C(O)c1cccc(S(=O)(=O)N2CCc3ccc(Br)cc3C2)c1
D07376,O=C(Nc1ccc(F)cc1)c1cc2ccccc2oc1=O
D07377,CC(C)C[C@H](NCCCN)c1cccc(F)c1N1CCN(C(=O)[C@@H](Cc2ccc(Cl)cc2Cl)N2CCCC2=O)CC1
D07378,CN[C@@H](C)C(=O)N[C@@H]1C(=O)N(Cc2c(OC)ccc3cc(Br)ccc23)c2ccccc2O[C@@]12CCOC2
D07379,Nc1ncnc2c1c(-c1ccccc1)cn2-c1cccc(CO)c1
D07380,O=c1[nH]nc(-c2ccnc(NC3CCC3)c2)n1-c1ccc2ccccc2c1
D07381,O=C(NO)[C@@]1(O)COCC[C@H]1S(=O)(=O)c1ccc(OCc2cccc(Cl)c2Cl)cc1
D07382,CCCCC1CCN(CCCN2C(=O)CCc3ccccc32)CC1
D07383,N#Cc1ccc(C(=O)Nc2ccc(Cl)c([C@@]3(CF)N=C(N)O[C@@H]4C[C@@H]43)c2)nc1
D07384,N[C@H](C(=O)N1Cc2ccccc2C1)C1CCCCC1
D07385,CC1(C)Oc2ncnc(N)c2N=C1c1ccc([C@H]2CC[C@H](CC(=O)O)CC2)cc1
D07386,N#Cc1cc(-c2ncnc(Nc3ccc(N4CCN(C5COC5)CC4)cc3)n2)ccc1O[C@H]1CCN(C(=O)[C@@H]2COC(=O)N2)CC1(F)F
D07387,COc1cc(CCc2cc(Nc3ccnc(NCc4cc(C)on4)n3)[nH]n2)cc(OC)c1
D07388,COc1cccc(F)c1[C@@H]1C[C@H](F)C(=O)N1Cc1ccc2oc3ccccc3c2c1
D07389,O=C(O)c1ccc(OCCn2ccnc2)cc1
D07390,C[C@@H]1NCCN(S(=O)(=O)c2ccc(OCc3ccccc3)cc2)[C@H]1C(=O)NO
D07391,Fc1cccc(OC(CC2CNC2)c2ccc(Cl)c(F)c2)c1
D07392,CNC(=O)c1cnc(N)c2cc(-c3ccc(C(C)(C)C)cc3)sc12
D07393,CN(C)C(=O)c1cc2cnc(Nc3ccc(N4C[C@@H]5CNC[C@@H]5C4=O)cn3)nc2n1C1CCCC1
D07394,Cc1cc2c(cc1F)-c1c(c(C(F)(F)F)nn1-c1ccc(S(N)(=O)=O)cc1)SC2
D07395,COc1cc(C2CCN(C)CC2)ccc1Nc1ncc(C(F)(F)F)c(CCc2cccc(C(N)=O)c2)n1
D07396,C/C(=N\NC(=O)c1cccc(S(=O)(=O)N2CCOCC2)c1)c1cc(Cl)ccc1O
D07397,Cn1c(-c2ccccc2)cc2onc(-c3ccccc3)c2c1=O
D07398,Cc1oncc1C(=O)Nc1ccc(C(F)(F)F)cc1
D07399,O=C(CCc1nc2ccccc2c(=O)[nH]1)Nc1ccc(C(=O)Nc2cccc3cccnc23)cc1
D07400,O=C1NC(=O)c2ccc(-c3ccoc3)cc2C1=CNc1ccc(CN2CCCCC2)cc1
D07401,O=C(O)Cc1nn(Cc2nc3cc(C(F)(F)F)ccc3s2)c(=O)c2ccccc12
D07402,O=C(c1ccc(F)cc1)C1CCN(CC(=O)N(Cc2ccccc2)Cc2nc3c(c(=O)[nH]2)COCC3)CC1
D07403,N#Cc1cc(-c2ncnc(Nc3cnn(CCO)c3)n2)ccc1O[C@H]1CCN(C(=O)CO)C[C@H]1F
D07404,O=C(/C=C/c1c(C(=O)O)[nH]c2cc(F)cc(F)c12)Nc1cccc(/C=C/c2ccc3ccc(Cl)cc3n2)c1
D07405,C[C@@]1(c2cc(NC(=O)c3ccc(Cl)cn3)ccc2F)CC2(CC2)OC(N)=N1
D07406,O=C(S[C@@H]1CCC[C@@H]1C(=O)N1CCC[C@H]1C(=O)O)c1ccccc1
D07407,CCc1cc(Cc2cnc(N)nc2N)cc(C)c1O
D07408,COc1ccc(-c2c(C)nc3c(NCCNC(C)=O)cc(Cl)nn23)cc1S(=O)(=O)N1CCOCC1
D07409,CC(C)[C@@H]1NC(=O)Cn2nnc(n2)-c2csc(n2)CNC(=O)C[C@@H](/C=C/CCS)OC1=O
D07410,N[C@@H](CC(=O)N1CCn2nc(C(F)(F)F)nc2[C@@H]1C(F)C1CC1)Cc1cc(F)c(F)cc1F
D07411,CS(=O)(=O)c1ccc(C(c2nnnn2Cc2ccccc2)N2CCCN(C3CCC3)CC2)cc1
D07412,O=C1/C(=C/c2cn(-c3ccccc3)nc2-c2ccc(OCc3ccc(Cl)cc3)cc2)SC(=S)N1CCS(=O)(=O)O
D07413,NC(=O)c1cccc2c1OCC(c1cncc(CN3CCCCS3(=O)=O)c1)O2
D07414,COc1c(F)cc(-c2nc(C(F)(F)F)cn2-c2ccc(S(N)(=O)=O)cc2)cc1F
D07415,O=C(CCCCCCc1ccccc1)c1ncc(-c2cccs2)o1
D07416,C[C@H](O)C(=O)N1CC[C@H](Oc2ccc(-c3ncnc(Nc4ccc(N5CCN(C6COC6)[C@@H](CO)C5)cc4)n3)cc2C#N)[C@H](F)C1
D07417,COc1cc(CC#Cc2cnc(N)nc2N)cc(OC)c1OC
D07418,O=C(Cc1nc(N2CCOCC2)cc(=O)[nH]1)N1CCc2c(-c3ccccn3)cccc21
D07419,C[C@@H](C[C@@](C)(CS(=O)(=O)N1CCC(CCc2ncc(C(F)(F)F)cc2Cl)CC1)N(O)C=O)c1ncc(F)cn1
D07420,Cn1c(=O)c2c(cc(N3CCC[C@@](C)(N)C3)n2Cc2cc(F)ccc2Cl)n(C)c1=O
D07421,CC(=O)N[C@@H]1[C@@H](N)C=C(C(=O)O)O[C@H]1C(=O)N(CCc1ccccc1)C1CC1
D07422,COc1ccc(S(=O)(=O)N2C(=O)CN(c3ccc(C)c(C)c3)C2=O)cc1OC
D07423,CCOc1nn(C)cc1Nc1ncc(C)c(-c2c[nH]c3c(NC(=O)[C@@H](COC)N4CCN(C)CC4)cccc23)n1
D07424,CC1CN(C(=O)Cc2nc(N3CCOCC3)cc(=O)[nH]2)c2ccccc21
D07425,CN(C)CCN1CCc2cc(NC(=N)c3cccs3)ccc21.Cl.Cl
D07426,COc1ccc(N2C(=O)[C@@H](Cc3ccc(OCCc4nc(-c5ccccc5)oc4C)cc3)[C@H]2C(=O)O)cc1
D07427,Cc1cc(F)ccc1-c1cc(C2CCC(CC(=O)O)CC2)ncc1N(C)C(=O)C(C)(CO)c1cc(C(F)(F)F)cc(C(F)(F)F)c1
D07428,Fc1cc(OC(F)(F)C(F)F)cc([C@@](Cc2ccccc2)(Nc2nc3c(F)cc(F)cc3[nH]2)c2ccc(Cl)cn2)c1
D07429,CS(=O)(=O)c1ccc(C2=C(c3ccc(Cl)c(Cl)c3)CC3(CC3)C2)cc1
D07430,CN(C)C(=O)c1cc2cnc(Nc3ccc(C(=O)N4C[C@H]5[C@H](N)[C@H]5C4)cn3)nc2n1C1CCCC1
D07431,Fc1ccc2c(c1)CC/C2=C\c1cccnc1
D07432,Cc1nc(N=Nc2ccc(S(=O)(=O)O)cc2S(=O)(=O)O)c(COP(=O)(O)O)c(C=O)c1O
D07433,Cc1cn(Cc2ccc3ccccc3c2)c2c(/C=C/C(=O)NS(=O)(=O)c3cc(Cl)c(Cl)s3)cc(F)cc12
D07434,C[C@@H](c1ccc(-c2ccc(F)cc2)cc1)N1CC[C@](CCC(N)=O)(c2ccccc2)OC1=O
D07435,COc1ccc(C(=O)C2CCN(CC(=O)N(Cc3nc4c(c(=O)[nH]3)COCC4)CC3CC3)CC2)cc1
D07436,NS(=O)(=O)c1ccc(-n2nc(C(F)(F)F)cc2-c2ccccc2)cc1
D07437,C[C@H](N)CNc1nc(-c2ccncc2)cc2cnccc12
D07438,CC(=O)N1CCC(n2nc(C)c(Nc3ncc(Cl)c(-c4cnn5ccccc45)n3)c2C)CC1
D07439,CCc1ccc(OC(C)CCOc2ccc(CCC(=O)O)c(C)c2)c(Cc2ccccc2)c1
D07440,CC(C)c1c(-c2cc(CCO)c3ncnn3c2)[nH]c2ccc(C3CCN(C4COC4)CC3)cc12
D07441,O=C(O)c1cccc(-c2cnc(C(=O)CCc3ccc(Oc4ccccc4)cc3)o2)n1
D07442,C=CCCNc1nc(NCc2csc(-c3cccs3)n2)nc(N2CCC[C@@H]2CNS(=O)(=O)c2ccc(C(F)(F)F)cc2)n1
D07443,NC1=NC2(CCO1)c1cc(NC(=O)c3ccc(Cl)cn3)ccc1Oc1ncc(-c3ccnc(F)c3)cc12
D07444,CN(C)CCCOc1ccc(-c2cc3c(cc2F)ncc2c3n(C3(C)CCOCC3)c(=O)n2C)cn1
D07445,CCN[C@@H](C)C(=O)N[C@H]1CCc2ccccc2N(Cc2c(OC)ccc3cc(Br)ccc23)C1=O
D07446,NC1CCC(N[C@H]2C[C@@H]2c2ccc(-c3cccc(C(F)(F)F)c3)cc2)CC1
D07447,C=CC(=O)NCC(=O)N1CCN(S(=O)(=O)c2cccc3c(N(C)C)cccc23)CC1
D07448,Fc1ccc(Nc2n[nH]c3cc(OC(F)(F)F)cnc23)cc1F
D07449,O=C(Nc1ccc(Cl)cc1)N1CCCC(CCC2NN=NN2)(c2ccccc2)C1
D07450,CS(=O)(=O)c1ccc(-c2cc(C(F)(F)F)cnc2-c2cccnc2)cc1
D07451,Cn1cc(C2=C(c3c4n(c5ccccc35)CCC(C[N+](C)(C)C)C4)C(=O)NC2=O)c2ccccc21
D07452,CSc1nc(-c2ccco2)nn1C(=O)c1ccccc1
D07453,CCCS(=O)(=O)N1CCC(CNC(=O)c2ccc(Cl)cc2Cl)(C(=O)NCC2(C)COC2)CC1
D07454,CC(C)(O)c1ccc(Nc2ncnc(-c3ccc(O[C@H]4CCN(C(=O)CO)C[C@H]4F)c(C#N)c3)n2)cn1
D07455,CN(C)c1ccc(C(=O)Nc2cccc(COc3cncc(C(N)=O)c3)c2)cc1
D07456,C[C@@H]1Cc2c(ccc3[nH]ncc23)[C@@H](c2ncc(NC3CN(CCCF)C3)cc2F)N1CC(F)(F)CO
D07457,N#Cc1ccc(OCC(=O)NN=Cc2sc(Nc3ccccc3)nc2Cl)cc1
D07458,CC1(C)C[C@@H](NC(=O)CC(O)(C(F)(F)F)C(F)(F)F)c2cc(-c3ccc(Cl)cc3)c(-c3ccc(Cl)cc3Cl)nc2O1
D07459,N#C[C@@H]1C[C@H](F)CN1C(=O)[C@@H]1C[C@@H](CC(=O)N2Cc3ccccc3C2)C(=O)N1
D07460,CC1(C)CN(C(=O)Cc2nc(N3CCOCC3)cc(=O)[nH]2)c2ccccc21
D07461,N#CC1(NC(=O)[C@@H]2CCCC[C@H]2C(=O)N2CCN(c3nccs3)CC2)CC1
D07462,CCCC[C@@H](C=NNC(=O)N1CCOCC1)NC(=O)OC(C)(C)C
D07463,Cn1c(=O)n([C@H]2CCCOC2)c2c3cc(-c4ccc(OCCCN5CCCC5)nc4F)ccc3ncc21
D07464,COc1c(C)cc([C@@]2(c3cccc(-c4cncnc4)c3)N=C(C)C(N)=N2)cc1C
D07465,CC(C)c1c(-c2cc(CO)c3ncnn3c2)[nH]c2ccc(C3CCN(CCS(C)(=O)=O)CC3)cc12
D07466,Cl.Cl.Cn1cnc(-c2cc(C(=O)N[C@@H]3CCc4ccc(Oc5ccnc6c5CCC(=O)N6)cc4C3)cc(C(F)(F)F)c2)c1
D07467,Cc1noc(C)c1CCC1CCN(S(=O)(=O)C[C@](C)(C[C@H](C)c2ncc(F)cn2)N(O)C=O)CC1
D07468,O=C1C(=O)N(Cc2ccc(OCCBr)cc2)c2ccc(S(=O)(=O)N3CCC[C@H]3COc3ccccc3)cc21
D07469,COCCN1CCCOC(COc2cc3ncnc(Nc4ccc(Cl)c(Cl)c4)c3cc2OC)C1
D07470,CC(=O)[C@H]1CC[C@H]2[C@@H]3CCC4=CC(=O)CC[C@]4(C)[C@H]3CC[C@]12C
D07471,O=C1OCCN1C1CCN(Cc2ccc(Oc3nc4ccccc4s3)cc2)CC1
D07472,COc1ccc2c3c1O[C@H]1C[C@@H](O)C=C[C@@]31CCN(CCCOc1ccc(CN3CCCCC3)cc1)C2
D07473,CC(=O)N1C2CCC1CN(C(=O)c1ccc(Nc3ncc4cc(C(=O)N(C)C)n(C5CCCCCC5)c4n3)nc1)C2
D07474,Cn1cncc1C(=O)N1CCC(c2ccc(C(=O)NC(=N)N)cc2C(F)(F)F)CC1
D07475,CN(C)C(=O)COCc1cncc(C2COc3c(cccc3C(N)=O)O2)c1
D07476,Nc1cccc(C(Cc2cccnc2-c2cc(Cl)cc(Cl)c2)c2cccnc2)n1
D07477,CCN1CCN(Cc2ccc(NC(=O)CNc3ccc(-c4ccc(NC(C)=O)nc4)cc3)cc2C(F)(F)F)CC1
D07478,COc1cc(-c2cccc(F)c2)ccc1-c1nccc2cc(S(=O)(=O)Nc3ncns3)ccc12
D07479,COc1cc(Oc2ccc(S(=O)(=O)CC(C)C(=O)NO)cc2)cc(OC)c1OC
D07480,COc1cc(Cc2cnc(N)nc2N)ccc1O
D07481,Nc1nc(N)c(F)c(-c2nc(-c3ccncc3)c(-c3ccc(F)cc3)[nH]2)c1F
D07482,CN1C[C@H]2CN(c3ccc(Nc4ncc5cc(C(=O)N(C)C)n(C6CCCC6)c5n4)nc3)C(=O)[C@H]2C1
D07483,O=S(=O)(Nc1nncs1)c1cc(Cl)c(Oc2ccc(C(F)(F)F)cc2-c2ccnnc2)cc1F
D07484,CCCCC1=NC2(CCCC2)C(=O)N1Cc1ccc(-c2ccccc2-c2nnn[nH]2)cc1
D07485,CN(C)c1ccnc2sc3c(=O)n(-c4ccccc4O)cnc3c12
D07486,COc1cc(-c2[nH]c3ccc(C4CCN(C(=O)CN5CCOCC5)CC4)cc3c2C(C)C)cn2ncnc12
D07487,Cn1nccc1Nc1ccc2c(c1)C(=O)CC1(CCN(C(=O)N[C@H]3C[C@@H]3c3ccccc3)CC1)O2
D07488,C[C@H]1COCCN1c1nc(N2CCOC[C@@H]2C)c2ccc(-c3cccc(C(=O)NCCO)c3)nc2n1
D07489,COc1cc(Cc2cnc(N)nc2N)cc2cccnc12
D07490,CN[C@@H](C)C(=O)N[C@H]1CN(C(=O)c2ccc(C(C)=O)cc2)c2ccccc2N(Cc2c(OCC(F)(F)F)ccc3ccccc23)C1=O
D07491,COc1cc2nccc(Oc3ccc4c(C(=O)Nc5cc(C)no5)cccc4c3)c2cc1OC
D07492,CN(C)C(=O)[C@@H](C1CCC(N(C)C(=O)c2cccc(F)c2)CC1)[C@H]([NH3+])C(=O)N1CC[C@H](F)C1
D07493,Cc1nc(C)c(C(=O)N2CC[C@H](Oc3ccc(-c4ncnc(Nc5ccc(N6CCN(C7COC7)CC6)cc5)n4)cc3C#N)[C@H](F)C2)[nH]1
D07494,N#Cc1ccc(OP(=O)([O-])CNC(=O)/C(=N\OCCC[n+]2ccccc2)c2cccs2)cc1F
D07495,O=c1n(Cc2ccccn2)nc(-c2ccnc(NC3CCOCC3)c2)n1-c1ccc2ccccc2c1
D07496,COc1cc2c(Nc3ccc(Cl)c(Cl)c3)ncnc2cc1OCc1ccc(Cl)nc1
D07497,c1cc(CN2CCCNCCNCCCNCC2)ccc1CN1CCCNCCNCCCNCC1
D07498,N#Cc1cnc(C(=O)CCc2ccc(Oc3ccccc3)cc2)o1
D07499,CC(C)=CCCC(C)CCOC(=O)Cc1ccc(Cl)cc1
D07500,CN1CC=C(c2c[nH]c3ccc(N=C(N)c4cccs4)cc23)CC1
D07501,CCCN(c1cc2cc(c1)C(=O)N[C@@H](c1ccccc1)CCc1cccc(c1)C[C@@](C)(N)C(=O)OC2)S(C)(=O)=O
D07502,Cc1cc(Cl)ccc1C1c2c(nn(CCc3ccccn3)c2C(C)C)C(=O)N1c1cccc(Cl)c1F
D07503,COc1ccc(CNC=C2C(=O)NC(=O)c3ccc(-c4ccccc4)cc32)cc1O
D07504,N#C[C@@H]1CCCN1C(=O)CNC(=O)c1ccnc2cccc(Br)c12
D07505,CCCN(CCc1ccccc1)C(=O)[C@@H]1OC(C(=O)O)=C[C@@H](O)[C@H]1NC(C)=O
D07506,Clc1ccc2c(c1)CC/C2=C/c1cccnc1
D07507,Cc1ccc(Sc2cncc3sc(C(N)=O)cc23)cc1
D07508,CC(C)(Oc1ccccc1OC(F)(F)F)C(=O)N[C@H]1C2CC3CC1C[C@](S(N)(=O)=O)(C3)C2
D07509,N#Cc1ccnc(-c2cnc(C(=O)CCCCCCc3ccccc3)o2)c1
D07510,C#CCOc1ccc(C(=O)Nc2ccc(F)c([C@@]3(CF)N=C(N)O[C@@H]4C[C@@H]43)c2)nc1
D07511,CCN(CC)CCOCCOC(=O)C1(c2ccccc2)CCCC1
D07512,CC(OC1=C(c2ccc(S(C)(=O)=O)cc2)C(C)(C)OC1=O)C1CC1
D07513,Cc1nn(C)cc1-c1nc2ncc(Cl)c(Nc3ccc(C(=O)Nc4ccccc4)cc3)c2[nH]1
D07514,CCn1ncc2ccc(-c3cc(COC(C)(C)C(=O)O)nn3-c3ccccc3N(C)C)cc21
D07515,CCN1Cc2ccccc2C[C@@H]1C(=O)Nc1cc(F)c(-c2cn[nH]c2)cc1OCCN(C)C
D07516,CN1CCN(CCOc2ccc(-c3cccc(N)n3)c3c2CCCC3)CC1
D07517,COc1ccc(C2=C(c3ccc(S(N)(=O)=O)cc3)CCC2)cc1Cl
D07518,NCc1ccc(OCCCc2sc(-c3ccc4c(c3)C(=NNc3nc5ccccc5s3)CCC4)nc2C(=O)O)cc1
D07519,CC(C)(C)NS(=O)(=O)c1ccc(-c2cc3c(N)ncc(C(=O)NCCN4CCOCC4)c3s2)cc1
D07520,CS(=O)(=O)c1ccc(C2=C(c3cc(Cl)cc(Cl)c3)C(=O)CC2)cc1
D07521,Cc1c(NC(=O)c2cc3c(s2)CCCC3)cccc1-c1cn(C)c(=O)c(Nc2ccc(-c3ncc[nH]3)cc2)n1
D07522,Cc1nn(-c2ccnc(Nc3ccc4c(c3)c(Cl)c(C)n4C)n2)cc1CN1CC(O)C1
D07523,C[C@H]1CN(C2COC2)CCN1c1ccc(Nc2ncnc(-c3ccc(O[C@H]4CCN(C(=O)CC#N)C[C@H]4F)c(C#N)c3)n2)cc1
D07524,CC1=C(C(=O)Nc2ccc3[nH]ncc3c2)C(c2ccc(Cl)c(Cl)c2)CC(=O)N1
D07525,O=S(=O)(c1ccccc1)c1c(C2=NCCN2)[nH]c2ccc(Cl)cc12
D07526,Nc1ccc(-c2cccs2)cc1NC(=O)c1ccccc1
D07527,CCCCN(CCCC)C(=O)CN1C[C@H](c2ccc3c(c2)OCO3)[C@@H](C(=O)O)[C@@H]1CCCC(C)C
D07528,CN[C@@H](C)C(=O)N[C@H]1CN2C(=O)CNC(=O)c3ccc4c(c(OC)ccc4c3)CN(C1=O)c1ccccc12
D07529,O=C(O)c1ccc(NC(=O)[C@H](C2CCCCC2)n2c(-c3ccc(Cl)cc3)nc3cc(F)c(F)cc32)c(Cl)c1
D07530,COc1ccc2c(c1)nc1n2C[C@H]([NH3+])[C@@H](c2cc(F)c(F)cc2F)C1
D07531,CC[C@H](CC(=O)N1CCn2c(nnc2C(F)(F)F)C1)[C@H]([NH3+])C(=O)N1CCC[C@H]1C#N
D07532,N[C@@H](CC(=O)N1CCN(C(=O)c2cccc(-c3ccccc3)c2)CC1)C(=O)N1Cc2ccccc2C1
D07533,CCC(=O)N(c1ccccc1)C1CCN(CCc2ccccc2)CC1
D07534,NC(=O)C1CCC(N[C@H]2C[C@@H]2c2ccc(OCc3cccc(C(F)(F)F)c3)nc2)CC1
D07535,Cc1cnc(CN2CCC(c3ccc4[nH]c(-c5ccc6ncnn6c5)c(C(C)C)c4c3)CC2)s1
D07536,Cc1c(C(=O)Nc2ccc(F)c([C@]3(C)CS(=O)(=O)[C@]4(C[C@@H](F)C4)C(N)=N3)c2)nc2ccc(Cl)cn12
D07537,COc1cccc2c3c([nH]c12)CCN(C(=O)[C@@H]1CCCC[C@H]1C(=O)NC1(C#N)CC1)C3
D07538,Cc1cc(N2C(=O)c3c(c(C4CC4)nn3C)C2c2ccc(Cl)cc2)cn2c(C)nnc12
D07539,COc1ccc(-n2nccn2)c(C(=O)N2CCOC[C@H]2Cc2cccc(-c3ncccn3)c2)c1
D07540,CC[C@@](C)(OCc1cc(-c2cccc(OC)c2)n(Cc2ccccc2Cl)n1)C(=O)O
D07541,CCC(C)(C)n1cnc(-c2ccc(F)cc2)c1-c1ccc2ncc(C#N)n2n1
D07542,O=c1n(C[C@@H](O)CO)c2ccccc2n1C1CCN(C[C@H]2[C@H]3CC[C@H](C3)C23CC3)CC1
D07543,COc1cc(-c2ccc(Cl)c(F)c2)c(C#N)cc1-c1nccc2cc(S(=O)(=O)Nc3ccncn3)ccc12
D07544,CC(=O)N[C@@H]1[C@@H](N)C=C(C(=O)O)O[C@H]1C(=O)N(CCN=[N+]=[N-])CCc1ccccc1
D07545,N#Cc1cnc2cnc(NCCN3CCOCC3)cc2c1Nc1ccc(Sc2ccccc2)cc1
D07546,CS(=O)(=O)NCC(NC(=O)C1(N)CCN(c2ncnc3[nH]ccc23)CC1)c1ccc(Cl)cc1
D07547,N#Cc1ccc2c(c1)CN(S(=O)(=O)c1cccc(C(=O)O)c1)CC2
D07548,CCCCN(CCCC)C(=O)CN1C[C@H](c2ccc3c(c2)OCO3)[C@@H](C(=O)O)[C@@H]1CCCC1OCCO1
D07549,N#C[C@@H]1CCCN1C(=O)CNC(=O)c1ccnc2cccc(-c3ccccc3)c12
D07550,NC(=O)c1cccc2c(-c3cnn4cc(-c5ccc(N6CCNCC6)cc5)cnc34)ccnc12
D07551,COCCC(Nc1ncnc2c(C(N)=O)cccc12)c1cccc(NC(=O)c2ccc(OC)cc2)c1
D07552,COC(=O)c1nnc(C(=O)CCCCCCc2ccccc2)s1
D07553,CC(C)(C#N)c1cc(Cn2cncn2)cc(C(C)(C)C#N)c1
D07554,C/C=C1\NC(=O)[C@@H](CS)NC(=O)[C@@H](C(C)C)CC(=O)C[C@@H](/C=C/CCS)OC(=O)[C@H](C(C)C)NC1=O
D07555,CCCS(=O)(=O)N1CCC(CNC(=O)c2ccccc2Cl)(c2ccccn2)CC1
D07556,CCCC[C@H](NC(=O)[C@@H]1CC(F)(F)CN1C(=O)[C@H](C)NC(=O)CN=[N+]=[N-])C(=O)N[C@@H](CC1CCCCC1)C(=O)[C@@]1(C)CO1
D07557,NC(=Nc1ccc2nc(NCCc3ccccn3)sc2c1)c1cccs1
D07558,COc1ccc(Nc2ncc3c(n2)-c2ccccc2NC(=O)C3)cc1
D07559,CCOc1ccc2cc(-c3nn(C(C)C)c(N)c3C(N)=O)cnc2c1
D07560,N[C@@H]1CCN(c2ccc(-n3ccc(OCc4ccccc4)cc3=O)cn2)C1
D07561,Cn1cc(-c2cc3c(cc2C(F)F)N(c2ccc4sc(=O)n(C)c4c2)CCC3)cn1
D07562,ClCc1nnc2c3cc(-c4ccccc4)c(-c4ccc(CN5CCC(c6nnc(-c7ccccn7)[nH]6)CC5)cc4)nc3ccn12
D07563,CCc1nn(C)cc1Nc1ncc(C)c(-c2c[nH]c3c(NC(=O)[C@@H](C)N4CCN(C)CC4)cccc23)n1
D07564,O=c1cc(-c2ccc3nc(NC[C@H]4CC[C@H](C(=O)O)CC4)sc3c2)ccn1CC1CC1
D07565,CC(NC(=O)/C(=C\c1ccco1)NC(=O)c1ccco1)C(=O)O
D07566,CNC(=O)[C@]12C[C@H]1[C@@](C)(c1cc(/C=C(/F)c3ccc(Br)cn3)ccc1F)N=C(N)S2
D07567,COc1cc(Nc2ncnc(-c3ccc(OC4CCOCC4)c(C#N)c3)n2)cc(OC)c1OC
D07568,CCCCCCc1cccc(CCCCCCC(=O)c2ncc(-c3ccccn3)o2)c1
D07569,CC(C)(C)CNc1nc(C#N)nc(N2CCOCC2)c1N
D07570,O=C(O)Cn1ccc(=O)n(Cc2nc3c(Cl)cccc3s2)c1=O
D07571,O=C(O)[C@@H]1CCCN(S(=O)(=O)c2ccc3ccccc3c2)C1
D07572,CS(=O)(=O)c1ccc(-c2cscc2-c2ccc(F)cc2)cc1
D07573,COc1cccc(CC(=O)c2sccc2S(=O)(=O)Nc2onc(C)c2Cl)c1
D07574,CC(C)(C)n1cc(Nc2ncnc(-c3ccc(O[C@H]4CCN(C(=O)[C@@H](O)CO)C[C@H]4F)c(C#N)c3)n2)cn1
D07575,CC(C)(OCc1cc(-c2cccc(OCC3CCOCC3)c2)n(Cc2ccccc2Cl)n1)C(=O)O
D07576,NC1CC(N[C@H]2C[C@@H]2c2ccccc2)C1
D07577,O=S(=O)(Nc1nccs1)c1cc(Cl)c(NCC23CCCN2CCC3)cc1F
D07578,CCCCCCCCN1SCCC1=O
D07579,NC1=N[C@](CF)(c2cc(NC(=O)c3ccc(Cl)cn3)cc(F)c2F)[C@H]2CC2O1
D07580,Cc1noc(NS(=O)(=O)c2ccsc2C(=O)Nc2cc3c(cc2CC#N)OCO3)c1Cl
D07581,Cc1cc2c(cc1NC(=O)c1sccc1S(=O)(=O)Nc1onc(C)c1Cl)OCO2
D07582,N#Cc1cnc2ccc(-c3c(-c4ccc(F)c(Cl)c4)ncn3CCCO)nn12
D07583,COc1cc2ncnc(Nc3cc(NC(=O)c4ccccc4)ccc3C)c2cc1OC
D07584,Nc1ccc(-c2cccs2)cc1NC(=O)c1ccc(CNC(=O)OCc2cccnc2)cc1
D07585,CS(=O)(=O)NCc1noc([C@H](CCCC2CCCCC2)CC(=O)NO)n1
D07586,COc1ccc2c(c1)CN(S(=O)(=O)c1cccc(C(=O)O)c1)CC2
D07587,COc1cc(F)c2c(c1)C1(CCOC(N)=N1)c1cc(NC(=O)c3cnc(OC)cn3)ccc1O2
D07588,C#Cc1cnc(/C(F)=C/c2ccc(F)c([C@@]3(C)N=C(N)S[C@@]4(C(=O)N5CCOCC5)C[C@H]43)c2)cn1
D07589,C[C@@H](c1ccc(-c2cccc(NS(=O)(=O)C(F)(F)F)c2)cc1)[C@H]([NH3+])C(=O)N1CC[C@H](F)C1
D07590,NC(=O)c1cccc2[nH]c(-c3ccc(-c4ccccn4)cc3)nc12
D07591,CC(C)(OCc1cc(-c2ccc(Cl)cc2)n(Cc2ccccc2Cl)n1)C(=O)O
D07592,COc1cc(NC2CN(CCCF)C2)ccc1[C@@H]1c2ccc3[nH]ncc3c2C[C@@H](C)N1CC(F)(F)CO
D07593,CCc1ccccc1C(NC(=O)CN1C[C@H](c2ccc3c(c2)OCO3)[C@@H](C(=O)O)[C@@H]1c1ccc(OCCOC(C)C)cc1)c1ccccc1C
D07594,CC(=O)Nc1ccc(OP(=O)(Oc2ccc(NC(C)=O)cc2)C(Cc2ccc(N=C(N)N)cc2)NC(=O)OCc2ccccc2)cc1
D07595,C[C@@H]1Cc2c(ccc3[nH]ncc23)[C@@H](c2cnc(NC3CN(CCCF)C3)cn2)N1CC1(F)CC1
D07596,Cc1ccc2c(-c3cnn4cc(-c5ccc(OCCN6CCCCC6)cn5)cnc34)cccc2n1
D07597,O=C(CCc1ccc(O)cc1)c1c(O)cc(O)cc1O[C@@H]1O[C@H](CO)[C@@H](O)[C@H](O)[C@H]1O
D07598,Nc1nc(N)c2c(OCC3CCOCC3)cccc2n1
D07599,O=C(O)Cn1nnc(-c2cnc(-c3cn(Cc4cc(Cl)c(Cl)c(Cl)c4)nn3)s2)n1
D07600,C[C@H](O)C(=O)N1CC[C@H](Oc2ccc(-c3ncnc(Nc4ccc(N5C[C@@H](C)N(C6COC6)C[C@@H]5C)cc4)n3)cc2C#N)[C@H](F)C1
D07601,CCc1cc2c(C3=NNC(=O)C3(C)C)ccc(NC)n2n1
D07602,O=C(NO)c1cnc(N2C[C@H]3[C@H](NCc4ccc(Cl)cc4)[C@H]3C2)nc1
D07603,CNC(=O)c1cccc(S(=O)(=O)N2CCc3ccccc3C2)c1
D07604,CS(=O)(=O)c1ccc(-c2cc(C(=O)O)c3ccccc3n2)cc1
D07605,CCNC(=O)Nc1nc2nc(NCCCN3CCN(C)CC3)ncc2cc1-c1cc(OC)cc(OC)c1
D07606,COC[C@@H]1CCCN1S(=O)(=O)c1ccc2c(c1)C(=O)C(=O)N2Cc1ccc(O)cc1
D07607,O=C(Nc1ccc(OC(F)(F)F)cc1)NC1CCC(Oc2ccc(C(=O)O)cc2)CC1
D07608,Cc1ccc([C@H]2C[C@H]3CCC([C@H]2C(=O)Oc2ccccc2)N3C)cc1
D07609,N#C/C(=C\c1ccc(O)c(O)c1)C(=O)Nc1ccccc1
D07610,NC(=O)[C@H](Cc1c[nH]c2ccccc12)NC(=O)[C@H](Cc1ccccc1)NC(=O)[C@@H]1CCCN1C(=O)[C@@H](N)Cc1ccc(O)cc1
D07611,O=c1[nH]c2cc(-c3ccccc3)ccc2c2nc(-c3c(F)cccc3Cl)[nH]c12
D07612,CCc1sc2nc(N)[nH]c(=O)c2c1Sc1ccc(Br)cc1
D07613,Nc1ccc(-c2cccc3onc(N)c23)cc1
D07614,CS(=O)(=O)c1ccc(C(=O)/C(=C\c2ccccc2)c2ccccc2)cc1
D07615,COc1cc(N2C(=O)N(c3ccc(-c4ccc(C(=O)O)c(C)c4)cc3)C(=O)C23CCN(Cc2ncccc2C)CC3)ncn1
D07616,CC(C)(OCc1cc(-c2cccc(OCC(F)(F)F)c2)n(Cc2ccccc2Cl)n1)C(=O)O
D07617,CC(C)(C)n1nc(-c2cnc3cc(F)ccc3c2)c(C(N)=O)c1N
D07618,CC(C(O)c1ccc2c(c1)CCC(=O)N2)N1CCC(O)(c2ccc(F)cc2)CC1
D07619,Cn1cccc1C(=O)N1CCc2cc(C(=O)NO)ccc2C1
D07620,Cc1nc(CN[C@H]2CC[C@@H](F)C2)c(C(C)C)n1-c1cc(F)cc(F)c1
D07621,COc1cc2c(Nc3cc(Cl)c(Br)cc3F)ncnc2cc1OC[C@H]1C[C@@H]2CN(C)C[C@@H]2C1
D07622,C[C@](NC(=O)C(F)(F)F)(C(=O)N1CCC[C@H]1C(=O)N[C@H](C=O)CCCNC(=N)N)c1ccccc1
D07623,CNc1ncc2cc(-c3c(C)ccc(C(=O)Nc4ccc(OC)c(C(F)(F)F)c4)c3N)ccc2n1
D07624,CCN(CC)C(=O)[C@]1(c2ccccc2)C[C@H]1CN
D07625,O=C(c1ccc2ccccc2c1)N(C1CCC1)C1CCNCC1
D07626,CCc1nsc(-c2nnc3n2CCN(C(=O)c2ccc(F)cc2)[C@@H]3C)n1
D07627,CCCc1cc(OC)c(OCC(=O)OC)cc1O
D07628,CCOc1ccc(Cc2cc([C@@H]3O[C@H](CO)[C@@H](O)[C@H](O)[C@H]3O)c(OCC3(F)COC3)cc2Cl)cc1
D07629,C[C@H](Nc1ccc2ncn(-c3cc(C4CC4)[nH]n3)c2n1)c1ncc(F)cn1
D07630,Cc1ccc(-n2nccn2)c(C(=O)N2CCOC[C@H]2Cc2cccc(-n3nccn3)c2)c1
D07631,Cc1[nH]c([C@@H](Cc2cn(C)c3ccccc23)NC(=O)[C@H](CC(C)C)NC(=O)NC2CCCC(C)C2)nc1C(=O)O
D07632,CCC(Nc1ncnc2c(C(N)=O)cccc12)c1cccc(NC(=O)c2ccc(OC(F)(F)F)cc2)c1
D07633,C[C@@]1(c2cc(NC(=O)c3ccc(F)cn3)ccc2F)CC2(CCC2)OC(N)=N1
D07634,COc1cncc(-c2cccc(C3(c4ccsc4)N=C(N)N(C)C3=O)c2)c1
D07635,CC(C)C[C@H](NC(=O)[C@H](Cc1c(F)c(F)c(F)c(F)c1F)NC(=O)[C@H](Cc1ccccc1)NC(=O)[C@H](Cc1ccccc1)N=[N+]=[N-])C(=O)[C@@]1(C)CO1
D07636,CO[C@H]1/C=C/O[C@@]2(C)Oc3c(C)c(O)c4c(O)c(cc(O)c4c3C2=O)NC(=O)/C(C)=C\C=C\[C@H](C)[C@H](O)[C@@H](C)[C@@H](O)[C@@H](C)[C@H](OC(C)=O)[C@@H]1C
D07637,Cc1snc2sc(C(=O)c3ccc(Br)cc3)c(N)c12
D07638,Cc1ccc(S(=O)(=O)N[C@@H](CCC(=O)OC(C)(C)C)C(=O)N[C@@H](C)C(=O)N[C@H](/C=C/S(C)(=O)=O)CC(C)C)cc1
D07639,CCCCN(CCCC)C(=O)CN1C[C@H](c2ccc3c(c2)CCO3)[C@@H](C(=O)O)[C@@H]1c1ccc(C)cc1
D07640,CO[C@H]1C[C@@H](n2c(=O)n(C)c3cnc4cc(F)c(-c5ccc(OCCCN(C)C)nc5F)cc4c32)C1
D07641,C[C@@]1(c2cc(NC(=O)c3ccc(F)cn3)ccc2F)CC2(COC2)SC(N)=N1
D07642,CC(C)(Oc1ccc(F)cc1Cl)C(=O)N[C@H]1C2CC3CC1C[C@](S(C)(=O)=O)(C3)C2
D07643,Cc1noc(NS(=O)(=O)c2ccccc2-c2ccccc2)c1Br
D07644,COCCn1nc(C2CC2)c2c1C(c1ccc(Cl)cc1)N(c1cc(C)c3nnc(CF)n3c1)C2=O
D07645,C[C@H](Oc1ccc(-c2ncnc(Nc3ccc(N4CCN(C5COC5)CC4)cc3)n2)cc1C#N)C1CCOCC1
D07646,Cc1nc(C2CCCCC2)c(-c2ccc(S(C)(=O)=O)cc2)o1
D07647,CCOP(=O)(OCC)Oc1nc(Cl)c(Cl)cc1Cl
D07648,Cn1cc(C2=C(c3cn(C4CCN(Cc5ccccc5)CC4)c4ccccc34)C(=O)NC2=O)c2ccccc21
D07649,O=C(CCCCCCC(=O)Nc1ccc2ccnc(Nc3ccc(Br)cc3F)c2c1)NO
D07650,N#Cc1cc(-c2ncnc(Nc3ccc(N4CCN(C5COC5)CC4)cc3)n2)ccc1N1CC2(CCOCC2)C1
D07651,N#Cc1cc(-c2ncnc(Nc3ccc(N4CCN(C5COC5)CC4)cc3)n2)ccc1OCC1CCNC(=O)C1
D07652,CCN(CC)c1cc(C(F)(F)F)cc(COCC2(c3ccc(F)cc3)CCN(C)CC2)n1
D07653,COc1ccc(-c2ccccc2-c2ccc(S(N)(=O)=O)cc2)cc1F
D07654,COc1cc(/C=C2\CC(C)c3ccccc3C2=O)c(Br)c(OC)c1OC
D07655,CCNc1nc(Cl)c(-c2cccc(N)c2)n(CC(=O)NCc2ccc(C(=N)N)cc2)c1=O
D07656,COC[C@H](C)NC(=O)c1nc(N2CC[C@@H](NC(=O)c3[nH]c(C)c(Cl)c3Cl)[C@@H](OC)C2)sc1C(=O)O
D07657,CCOc1cc(-c2[nH]c3ccc(C4CCN(CC(=O)NC)CC4)cc3c2C(C)C)cn2ncnc12
D07658,N=C(N)NCCC[C@H](NC(=O)CN1CCN(S(=O)(=O)Cc2ccccc2)[C@H](CC(=O)O)C1=O)C(=O)c1nccs1
D07659,COc1ccc(C[C@@H]2COCCN2C(=O)c2ccccc2-n2nccn2)cc1-c1ccccn1
D07660,O=c1[nH]c(CN2CC[C@@H](O)C2)nc2c1oc1ccc(Br)cc12
D07661,Cl.c1ccc(N(Cc2ccc3ccccc3c2)C2CNC2)cc1
D07662,COc1c(Br)cc(-c2nc(C(F)(F)F)cn2-c2ccc(S(C)(=O)=O)cc2)cc1Br
D07663,O=C(c1nc2c(s1)CNCC2)N1CCN(S(=O)(=O)c2ccc3cc(Cl)ccc3c2)CC1
D07664,CCCCCCCCn1sc2ccccc2c1=O
D07665,CCOC(=O)C1C(C)=Nc2nc3c(c(N)c2C1c1ccc(OC)c(OC)c1)CCCC3
D07666,COc1ccc(C(=O)C2CCN([C@H]3CCN(Cc4nc5ccccc(=O)c5[nH]4)C3=O)CC2)cc1C
D07667,NC(=O)c1cnc2ccc(-c3c(-c4ccc(F)c(Cl)c4)ncn3CCCO)nn12
D07668,O=C1C(=O)N(CCc2ccccc2)c2ccc(Cl)cc21
D07669,COc1cc(Cl)cnc1C(=O)Nc1cc(C)c(F)c([C@]2(CF)C[C@@H](C(F)(F)F)OC(N)=N2)c1
D07670,COc1cnc(C(=O)Nc2ccc(F)c([C@@]3(C(F)F)N=C(N)O[C@@H]4C[C@@H]43)c2)c(C)n1
D07671,Cn1cccc1C(=O)N1CCn2cc(C(=O)NO)cc2C1
D07672,CC1Cc2c(OCc3ccc(-c4ccccc4)cn3)ccc3c2c(c(CC(C)(C)C(=O)O)n3Cc2ccc(Cl)cc2)S1
D07673,Cc1cc(=O)[nH]c(SCCC(=O)N[C@H]2CC[C@H](c3nnc(-c4ccccc4)o3)CC2)n1
D07674,CC12CCCC(/C=C/C(=O)NS(=O)(=O)c3ccc(F)c(F)c3)=C1N(Cc1ccc(F)c(F)c1)C(=O)C2
D07675,COc1ccc2oc(C(=O)NCCCCCCCCCCNc3c4c(nc5cc(Cl)ccc35)CCCC4)cc(=O)c2c1
D07676,CCCCN1C(=O)[C@H](CC2CCCCC2)NC(=O)C12CCN(Cc1ccc(Oc3ccc(C(=O)O)cc3)cc1)CC2
D07677,COc1cc(OC)nc(-c2ccn3c(-c4cccc(NC(=O)NCC(F)(F)F)c4)cnc3c2)n1
D07678,CC#Cc1ccc(-c2ccc(C(=O)NCC(C)C)cc2C(=O)O)c(C(=O)Nc2ccc(C(=N)N)cc2)c1
D07679,CCCN1C(=O)C(CC(C)C)NC(=O)C12CCN(Cc1ccc(Oc3ccccc3)cc1)CC2
D07680,O=C([C@@H]1CCCN1C(=O)CCCc1ccccc1)N1CCCC1
D07681,CCN(CC)CCN(Cc1ccc(-c2ccc(C(F)(F)F)cc2)cc1)C(=O)Cn1cc(Cc2cnn(C)c2)c(=O)nc1SCc1ccc(F)cc1
D07682,CCC[C@@H](Oc1cccc(Cn2c(C)c(C(=O)c3ccc(Cl)cc3)c3ccc(OC(F)(F)F)cc32)c1)C(=O)O
D07683,COc1cc(N2C(=O)N(c3ccc(-c4ccc(-c5cc[nH]n5)cc4)cc3)C(=O)C23CCN(Cc2ncccc2C)CC3)ncn1
D07684,Cc1ccc([C@H]2C[C@@H]3CC[C@H]([C@H]2c2cc(-c4ccc(Cl)cc4)no2)N3C)cc1
D07685,CN1CCC(COCc2cc(C(F)(F)F)cc(C3CCCC3)n2)(c2ccc(F)cc2)CC1
D07686,O=C(c1cn(CC(F)(F)F)cn1)N1CC[C@@](O)(c2ccccc2)[C@@H]2CCCC[C@@H]21
D07687,CNCc1ccccc1Oc1ccc(Cl)cc1OC
D07688,CO[C@H]1CC[C@H](n2c(=O)n(C)c3cnc4ccc(-c5ccc(NCCCN6CCCCC6)nc5)cc4c32)C1
D07689,C[C@@H](c1ccc(-c2ccc(=O)n(C)c2)cc1)[C@H]([NH3+])C(=O)N1CCCC1
D07690,C#CCOc1cnc(/C(F)=C/c2cnc(F)c([C@@]3(C)N=C(N)S[C@@]4(C(=O)N5[C@H]6COC[C@@H]5COC6)C[C@H]43)c2)cn1
D07691,NC(=O)c1c(-c2ccc(Oc3ccc(F)cc3F)cc2)nn(C2CCCN(C(=O)/C=C/CO)C2)c1N
D07692,N#Cc1ccc(N2C[C@H]3[C@H](NCC(=O)N4CC(F)(F)C[C@H]4C#N)[C@H]3C2)nc1
D07693,N#Cc1cc(-c2ncnc(Nc3ccc(N4CCN(C5COC5)CC4)cc3)n2)ccc1OC1CNC(=O)C(F)(F)C1
D07694,Cc1ccc(C(=O)NCCC2CCCC2)cc1C(=O)Nc1ccc(N)nc1
D07695,COc1cc2c(Nc3ccc(Br)c(Cl)c3Cl)ncnc2cc1O[C@H]1CO[C@@H]2[C@@H](OC)CO[C@H]12
D07696,N[C@H]1CN(C(=O)c2ccc(-n3cnnn3)cc2)C[C@H]1C(=O)N1CCCC1
D07697,OCCc1cnc2ccc(-c3c(-c4ccc(F)cc4)ncn3CC(F)F)nn12
D07698,N#Cc1ccccc1Cn1c(N2CCC[C@@H](N)C2)ncc(C#CCO)c1=O
D07699,CC(C)[C@H](NS(=O)(=O)c1ccc2c(c1)oc1ccc(-c3nccs3)cc12)C(=O)O
D07700,O=C1Nc2c(Cl)ccc(OCc3ccc(C(=O)O)o3)c2C2(CCCCC2)N1
D07701,CC(=O)Nc1ccc(C(=O)Nc2ccc(F)cc2N)cc1
D07702,N#CC(C#N)=C1C(=O)N(Cc2ccc(OCCF)cc2)c2ccc(S(=O)(=O)N3CC[C@H]3COc3ccccc3)cc21
D07703,CC1=CC(C)(C)Nc2c(C)cc(Cc3cnc(N)nc3N)cc21
D07704,CN(C)C(=O)N1C[C@H]2C[C@@](C)(NCC(=O)N3CCC[C@H]3C#N)C[C@H]2C1
D07705,COCC1CCN(c2nccnc2Oc2ccc(Nc3nc4ccccc4s3)cc2)CC1
D07706,COc1ccc2c(c1)-c1n[nH]c(Nc3ccccc3)c1C2
D07707,O=C(c1ccc(F)cc1)C1CCN(CC(=O)N(Cc2cccc(F)c2)Cc2nc3c(c(=O)[nH]2)COCC3)CC1
D07708,O=C(CCc1ccccc1)NCCCC[C@H](NS(=O)(=O)c1ccc(-c2ccc(Br)cc2)cc1)C(=O)O
D07709,CCO[C@H]1CN([C@H]2CC[C@@](O)(c3ccc4c(c3)OCO4)CC2)C[C@@H]1NC(=O)CNC(=O)c1cccc(C(F)(F)F)c1
D07710,COc1cc2c(Nc3ccc(Cl)c(Cl)c3)ncnc2cc1OCC1CN2CCOCC2CO1
D07711,N#C[C@@H]1CCCN1C(=O)CNC(=O)c1ccncc1
D07712,CN1CCN(c2ccc(NC(=O)c3cccc(OCc4ccccc4)c3)cc2)CC1
D07713,Cc1cc(OCC(F)(F)F)cnc1C(=O)Nc1cc(C)c(F)c([C@]2(CF)C[C@@H](C(F)(F)F)OC(N)=N2)c1
D07714,O=C(Oc1ccccc1)N1CC=C(C#Cc2ccccn2)CC1
D07715,N#Cc1cc(-c2ncnc(Nc3ccc(N4CCN(C5COC5)CC4)cc3)n2)ccc1O[C@@H]1CCCN(C(=O)CO)C1
D07716,CCOc1cc([C@@H]2NC(=O)NC(c3ccccc3)=C2c2ccsc2)cc([N+](=O)[O-])c1O
D07717,O=C(O)CN1C(=O)C(=O)N(Cc2cccc([N+](=O)[O-])c2)C1=O
D07718,CC(C)[C@@H](O)C[C@H](O)[C@H](CC1CCCCC1)NC(=O)[C@H](Cc1cnc[nH]1)NC(=O)c1cc2ccccc2[nH]1
D07719,COc1cc2c(Nc3ccc(Cl)c(Cl)c3)ncnc2cc1OCc1csc2ccc(Cl)cc12
D07720,Cc1cccc(-c2nn3c(c2-c2ccc4ncn(CCCN5CCCC5)c4c2)CCC3)n1
D07721,C[C@H](NC(=O)[C@@H](CO)NS(=O)(=O)Cc1ccccc1)C(=O)NC(Cc1ccc(N=C(N)N)cc1)P(=O)(Oc1ccccc1)Oc1ccccc1
D07722,Cc1c(C#N)c(=O)oc2cc(OCc3ccc(Br)cc3Br)ccc12
D07723,Cc1ccc([C@]2(O)CC[C@H](N[C@H]3CCN(C(=O)CNC(=O)c4cccc(C(F)(F)F)c4)C3)CC2)nc1
D07724,C[C@H](NC(=O)[C@@H](CO)NC(=O)c1cccs1)C(=O)NC(Cc1ccc(N=C(N)N)cc1)P(=O)(Oc1ccccc1)Oc1ccccc1
D07725,Cc1ccccc1[C@@H]1CCN(C[C@@H]2CCc3cccnc3[C@@H](O)C2)C[C@H]1O
D07726,CNC(=O)c1nc(-c2ccc(Cl)c(S(=O)(=O)Nc3cccc(F)c3F)c2)cnc1N
D07727,CC(C)[C@H](N)C(=O)N[C@@H](C)B(O)O
D07728,CCc1cc2c(cc1N1CCC(N3CCOCC3)CC1)C(C)(C)c1[nH]c3cc(C#N)ccc3c1C2=O
D07729,N#C/C(=C\c1cccnc1)c1c[nH]c2ncccc12
D07730,N#Cc1cc(-c2ncnc(Nc3ccccc3)n2)ccc1OC1CCOCC1
D07731,COc1cc(Nc2cc(Oc3ccc(NC(=O)Nc4cc(C(C)(C)C)cc(NS(C)(=O)=O)c4OC)c4ccccc34)ccn2)ccc1C(=O)N[C@@H](C)CN1CCOCC1
D07732,C#Cc1cccc(Nc2ncnc3cc(OCCOC)c(OCCOC)cc23)c1
D07733,Clc1cc(-c2c[nH]nn2)ccn1
D07734,O=C(O)[C@H](Cc1ccc(-c2ccccc2)cc1)NCP(=O)(O)O
D07735,CN(C)CCCN1CCSc2cc(N=C(N)c3cccs3)ccc21
D07736,CC(=O)N1CC(Oc2cncc(C3COc4c(cccc4C(N)=O)O3)c2)C1
D07737,C=CCN1CCN(C(c2ccccc2)c2ccc(C(=O)N3CCCCC3)cc2)CC1
D07738,COc1cnc(COc2ccc(F)cc2C)cc1-c1cc2c([nH]1)CCNC2=O
D07739,CC(C)c1cccc(-n2c(C(=O)O)c(Oc3cccc(C(F)(F)F)c3)c3ccccc32)c1
D07740,Cc1cc(Cl)ccc1C1c2c(nn(CCCO)c2C(C)C)C(=O)N1c1cccc(Cl)c1F
D07741,N#C[C@@H]1CCCN1C(=O)[C@@H](N)C1CCCCC1
D07742,COC[C@@H]1CCCN1S(=O)(=O)c1ccc2c(c1)C(=O)C(=O)N2
D07743,c1cc(-c2cnn3cc(-c4ccc(OCCN5CCCCC5)cc4)cnc23)c2cccnc2c1
D07744,C[C@]1(c2cc(/C=C(\F)c3cnc(C#CC4CC4)cn3)ccc2F)N=C(N)S[C@@]2(C(=O)N3CCOCC3)C[C@H]21
D07745,COc1ccc(NC(=O)Nc2ccc(-c3ncnc4[nH]cc(C)c34)cc2F)cc1
D07746,N#Cc1cc(-c2ncnc(Nc3ccc(N4CCN(C5COC5)CC4)cc3)n2)ccc1O[C@H]1CCN(C(=O)c2cncc(N)n2)C[C@H]1F
D07747,NC1(C(=O)NC(CO)c2ccc(Cl)cc2)CCN(c2ncnc3[nH]ccc23)CC1
D07748,CCn1c(-c2nonc2N)nc2c(C#CC(C)(C)O)nc(CCCN)cc21
D07749,c1ccc2cc(CO[C@H]3CCNC3)ccc2c1
D07750,O=C(OC[C@@H](Cc1ccc(O)cc1)NS(=O)(=O)c1ccccc1)c1cc(O)c(C(=O)c2c(O)cccc2C(=O)O)c(O)c1
D07751,COc1cc(F)c2c(c1)C1(CCSC(N)=N1)c1cc(NC(=O)c3ccc(Cl)cn3)ccc1O2
D07752,O=C(O)COc1ccc(OCCn2ccnc2)cc1
D07753,CNc1ccc(-c2cc(C(F)(F)F)nn2-c2ccc(S(N)(=O)=O)cc2)cc1
D07754,C#Cc1cnc(/C(F)=C/c2ccc(F)c([C@@]3(C)N=C(N)S[C@@]4(C(=O)NC)C[C@H]43)c2)cn1
D07755,CC[C@@](C)(OCc1cc(-c2cc(OC)cc(OC)c2)n(-c2ccccc2Cl)n1)C(=O)O
D07756,CC(C)(C)S(=O)(=O)CC(Cc1ccccc1)C(=O)NC(Cc1cnc[nH]1)C(=O)N[C@@H](CC1CCCCC1)[C@@H](O)[C@@H](O)[C@H](O)[C@H](O)CO
D07757,CNCCN1CCC(c2cc(C)c3nc(-c4c(OC)cccc4OC)[nH]c3c2)CC1
D07758,N#CC(C(=O)Nc1ccc(-c2ccccc2)cc1)C(=O)C1CC1
D07759,N#Cc1ccc(N[C@@H]2CCN(C(=O)O[C@H]3C4CC5CC3C[C@](C(N)=O)(C5)C4)C2)nc1
D07760,COC(=O)c1cccc(-c2noc(C(=O)CCCCCCc3ccccc3)n2)n1
D07761,COc1ccc(CCc2ccc(C(=O)O)cc2)cc1Cc1cnc(N)nc1N
D07762,CC(CO)N1C2CCC1CN(C(=O)c1ccc(Nc3ncc4cc(C(=O)N(C)C)n(C5CCCC5)c4n3)nc1)C2
D07763,O=C(c1cccc2[nH]ncc12)N1CCC(O)(c2ccccc2)[C@@H]2CCCC[C@@H]21
D07764,Cc1nc(C)c(-c2ccc(C34CCC(C(=O)O)(CC3)CC4)cc2)nc1C(N)=O
D07765,N=C(N)c1ccc2nc(Cc3nc4ccc(C(=N)N)cc4[nH]3)[nH]c2c1
D07766,Cc1nc2c(cc1-n1c3ccc(F)cc3c3[nH]ncc31)ncn2C
D07767,COc1cc2c(cc1C(F)(F)F)N(C(=O)Nc1cc(OC(F)(F)F)cc(-c3cccnc3)c1)CC2
D07768,CN1CCN(c2cccc(Nc3nc4c(-c5ccc(S(C)(=O)=O)cc5)cccn4n3)c2)CC1
D07769,CC(=O)c1cc2c(cc1NC(=O)c1sccc1S(=O)(=O)Nc1onc(C)c1C)OCO2
D07770,O=C1c2ccccc2-c2nccc3cc(O)cc1c23
D07771,c1cc(Cn2ccc(=[N+]3CCCCCC3)cc2)ccc1CCc1ccc(Cn2ccc(=[N+]3CCCCCC3)cc2)cc1
D07772,N#Cc1cccc2c1OCC(c1cncc(CC(=O)N3CC[C@@H](O)C3)c1)O2
D07773,C[C@H](c1nc(-c2ccc(S(C)(=O)=O)cc2Cl)no1)[C@H](N)C(=O)N1CCCC1
D07774,Cc1cc(C)cc(CC(=O)c2sccc2S(=O)(=O)Nc2onc(C)c2Cl)c1
D07775,CCCCNC(=O)c1ccc2c(c1)C(=C(c1ccccc1)c1nc3ccccc3[nH]1)C(=O)N2
D07776,NC1=N[C@@](c2cc(NC(=O)c3ccc(OCc4ncco4)cn3)ccc2F)(C(F)F)[C@H]2C[C@H]2O1
D07777,CCc1ccc(O[C@H](C)CCOc2ccc(CCC(=O)O)c(C)c2)c(Cc2ccccc2)c1
D07778,Cc1sc2nc(N)[nH]c(=O)c2c1Sc1ccc(F)cc1
D07779,O=C(O)CCC1(c2cccc(C(F)(F)F)c2)CCCN(C(=O)Nc2ccc(Cl)cc2)C1
D07780,CN(C)C(=O)c1cc2cnc(Nc3ccc(N4CC5(CC6CCC(C5)N6)OC4=O)cn3)nc2n1C1CCCC1
D07781,Nc1ccc(-c2cccs2)cc1NC(=O)c1ccc2nccnc2c1
D07782,Cc1cc(C2(c3cccc(-c4cncnc4)c3)N=C(N)c3c(F)cccc32)cn(C)c1=O
D07783,O=S(=O)(Nc1ncns1)c1ccc2c(-c3ccc(C(F)(F)F)cc3-c3ccncc3)cccc2c1
D07784,C=C(C)c1cc(NC(=O)Nc2ccc(Oc3ccnc(Nc4cc(OC)cc(C(=O)NCCN5CCOCC5)c4)n3)c3ccccc23)n(-c2ccc(OC)cc2)n1
D07785,C[C@]1(c2cc(/C=C(\F)c3ccc(C#N)cn3)cnc2F)N=C(N)S[C@@]2(C(=O)N3CC[C@H](F)C3)C[C@H]21
D07786,COc1cc2c(Nc3ccc(F)c(Cl)c3F)ncnc2cc1O[C@H]1CO[C@@H]2[C@@H](OC)CO[C@H]12
D07787,Nc1n[nH]c2nc(-c3ccc(NS(=O)(=O)c4cc(Cl)ccc4F)cc3)cnc12
D07788,COc1cc(C(=O)N2CCOC[C@H]2Cc2cccc(-n3nccn3)c2)c(-n2nccn2)cc1OC
D07789,Cc1ccc(-n2nc(C(C)(C)C)cc2NC(=O)Nc2ccc(Oc3ccnc(Nc4cnc5[nH]ncc5c4)n3)c3ccccc23)cc1
D07790,CN(CC(O)(CNC(=O)c1cnn(-c2ccc(F)cc2)c1N)C(F)(F)F)C(=O)c1c(F)cccc1F
D07791,Cl.O=C1CCc2c(Oc3ccc4c(c3)C[C@H](NC(=O)c3cc(-c5cn[nH]c5)cc(C(F)(F)F)c3)CC4)ccnc2N1
D07792,CCCCN/C(=N/C#N)N1CC(N(CC)C(=O)CO)C(c2ccc(Cl)cc2)=N1
D07793,C[C@@H]1CC(=O)Nc2cccc(N3CCCc4cc(-c5cnn(C)c5)c(C(F)F)cc43)c2N1
D07794,[NH3+]C(CC(=O)N1CCC[C@H]1C(=O)NCc1ccc(C(=O)O)cc1)Cc1ccc(F)c(F)c1
D07795,Nc1nc(N)c2c(COc3cccc(Cl)c3)cccc2n1
D07796,CN(C)CCCC(=O)Nc1ccc2ncnc(Nc3ccc(NC(=O)Nc4cc(C(C)(C)C)nn4-c4cccc(N)c4)cc3)c2c1
D07797,O=C(N[C@@H](Cc1ccccc1)C(=O)N[C@@H]1C(=O)N[C@H]1Sc1ccccc1)OCc1ccccc1
D07798,Cc1ccccc1[C@@H]1OC[C@]2(C)[C@H](CC[C@]3(C)[C@H]4[C@@H](O)c5c(cc(-c6cccnc6)oc5=O)O[C@]4(C)[C@@H](OC(=O)c4ccc(C#N)cc4)C[C@H]32)O1
D07799,Cc1cc(Cl)ccc1C1c2c(nn(Cc3ccccc3)c2C(C)C)C(=O)N1c1cc(Cl)ccc1C
D07800,C[C@@H]1Cc2c(ccc3[nH]ncc23)[C@@H](c2ncc(OC3CN(CCCF)C3)cc2F)N1CC(F)(F)CO
D07801,CCS(=O)(=O)c1ccc2c(c1)nc1n2C[C@H]([NH3+])[C@@H](c2cc(F)c(F)cc2F)C1
D07802,C[C@@H]1CCCC(=NNc2nc(-c3ccc(F)cc3F)cs2)C1
D07803,CN([C@@H]1CCC2=C(C1)C1C=CC=CC1N2CC(=O)O)S(=O)(=O)c1ccc(F)cc1
D07804,COc1ccccc1C(=O)Nc1ccc(C)c(C(=O)Nc2cnc(Nc3ccc(N4CCN(C)CC4)cc3)nc2)c1
D07805,COCCCc1cc(CN(C(=O)[C@H]2CNCC[C@@H]2c2ccc(OCCOc3c(Cl)cc(C)cc3Cl)cc2)C2CC2)cc(OCCN(C)C)c1
D07806,Clc1ccc(Sc2ccccc2N2CCNCC2)cc1
D07807,Cc1ccc2cc(Cn3cc(C(=O)NCc4c(C)cc(CN)cc4C)c(C(F)(F)F)n3)ccc2n1
D07808,COC(=O)c1ccc2cc(COC(=O)N3CCN(C(=O)CNC(=O)CBr)CC3)ccc2c1
D07809,CCOC(=O)Cn1cc(-c2ccc(-c3nc(-c4ccc(F)cc4)c(-c4cc[nH]c(=O)c4)[nH]3)cc2)nn1
D07810,Cn1cc(Nc2ncc(C3CC3)c(NCCCNC(=O)C3CCC3)n2)cn1
D07811,O=C(CCc1ccc(O)cc1)c1c(O)cc(O)c([C@@H]2O[C@H](CO)[C@@H](O)[C@H](O)[C@H]2O)c1O
D07812,C[C@H](NC(=O)c1cc(Cl)ccc1Oc1cccc(F)c1)c1ccc(C(=O)O)cc1
D07813,Cc1cccc(C(=O)Nc2cccc(NC(=O)c3cccc(C)c3)c2)c1
D07814,CN[C@@H](C)C(=O)N[C@H]1CN(C(=O)c2cccc(F)c2)c2ccccc2N(Cc2c(OC)ccc3cc(Br)ccc23)C1=O
D07815,CCCC[Sn](CCCC)(CCCC)c1ccc(CN2C(=O)C(=O)c3cc(S(=O)(=O)N4CCC[C@H]4COc4ccccc4)ccc32)cc1
D07816,O=c1[nH]c(=S)n(Cc2ccccc2CNC2CCCC2)c2cc[nH]c12
D07817,COCc1nc2ccc(-c3ccccc3Cl)c(CN)c2n1C
D07818,O=c1cc(CN(Cc2ccccc2Cl)c2cnccn2)c2ccc(F)c(F)c2[nH]1
D07819,NS(=O)(=O)c1ccc(-c2ccc(F)c(F)c2-c2ccc3c(c2)OCCO3)cc1
D07820,N#CCOc1ccc(Cl)c2c1C1(CCCCC1)NC(=O)N2
D07821,O=C(O)C1CCN(Cc2ccc(Oc3nc4ccccc4s3)cc2)CC1
D07822,Cc1cc(=O)oc2cc(CNCCC3CCN(Cc4ccccc4)CC3)ccc12
D07823,O=C(c1ccccc1)C(F)(F)F
D07824,CN1C(=O)C2=C(C1=O)N(CC(=O)Nc1ccc(-c3cncc(F)c3)nn1)CCC2
D07825,N#Cc1cc(-c2ncnc(Nc3ccc(N4CCN(C5COC5)CC4)cc3)n2)ccc1O[C@H]1CCN(C(=O)c2[nH]ncc2N)C[C@H]1F
D07826,CNc1ncc(C(=O)Nc2cc(C(=O)Nc3cccc(C(F)(F)F)c3F)ccc2C)c(NC)n1
D07827,Brc1ccccc1-c1c[nH]nn1
D07828,CS(=O)(=O)c1cccc(-c2ccc(C[C@@H](C#N)NC(=O)[C@H]3N[C@H]4C[C@@H]3[C@@H]3C[C@H]43)c(F)c2)c1
D07829,O=C(c1ccc(OC(F)(F)F)cc1)C1CCN(CC(=O)N(Cc2nc3c(c(=O)[nH]2)COCC3)CC2CC2)CC1
D07830,Cc1cccc(C(=O)N2CC[C@@](O)(c3ccccc3)[C@@H]3CCCC[C@@H]32)n1
D07831,CC(C)(Oc1ccc(Cl)cc1)C(=O)N[C@H]1C2COCC1C[C@@H](C(N)=O)C2
D07832,COc1ccccc1Cn1nc(COC(C)(C)C(=O)O)cc1-c1cccc(OCC(C)C)c1
D07833,Cc1cc(Cl)ccc1C1c2c(nn(CC(=O)N3CCC(CCO)CC3)c2C(C)C)C(=O)N1c1cc(Cl)ccc1C
D07834,CC(C)[C@@H]1NC(=O)[C@H](NC(=O)N[C@@H](CCCNC(=N)N)C(=O)O)CCCCNC(=O)[C@H](Cc2ccccc2)NC(=O)[C@H](C)N(C)C(=O)[C@H](CCc2ccc(O)cc2)NC1=O
D07835,CC(C)(C)c1cc(NC(=O)Nc2cccc3ccccc23)n(-c2cccc(N)c2)n1
D07836,C[C@H](c1ccccc1)N1CCC(Oc2cc(F)c(S(=O)(=O)Nc3cscn3)c(F)c2Cl)CC1
D07837,C=C(CCO)c1ccc(-c2ccc(C(=O)NCC(C)C)cc2C(=O)O)c(C(=O)Nc2ccc(C(=N)N)cc2)c1
D07838,CCc1cc(Oc2cccc(N(Cc3ccc(C(F)(F)F)cc3F)C[C@@H](O)C(F)(F)F)c2)ccc1Cl
D07839,CCOC(=O)[C@H](CCc1ccccc1)N[C@@H](C)C(=O)N1CC2(C[C@H]1C(=O)O)SCCS2
D07840,C[C@@]1(c2cc(Nc3nccc4cc(Cl)cnc34)ccc2F)CS(=O)(=O)C2(CCC2)C(N)=N1
D07841,CC(C(=O)O)c1ccc(-c2cccc(OC(=O)NCCCCc3ccccc3)c2)c(F)c1
D07842,O=C(NCc1ccccc1)O[C@H]1CO[C@@H]2[C@H](OC(=O)c3cccc4ccccc34)CO[C@H]12
D07843,Clc1ccccc1-c1nnc2c(Cc3ccccc3)nc3ccccc3n12
D07844,COCC(=O)N1CCC(c2ccc3[nH]c(-c4cc(C)c5ncnn5c4)c(C(C)C)c3c2)CC1
D07845,CC(=O)N1CCC[C@@H](Oc2cncc(C3COc4c(cccc4C(N)=O)O3)c2)C1
D07846,C[C@@H](c1ccc(-c2ccc(=O)n(CC(F)(F)F)c2)cc1)N1CC[C@](CC(C)(C)O)(c2ccccc2)OC1=O
D07847,C[C@@]1(c2cc(NC(=O)c3cnc(C(F)F)cn3)cc(Cl)c2F)C[C@@H](C(F)(F)F)OC(N)=N1
D07848,Brc1cc(-c2c[nH]nn2)ccn1
D07849,Cc1ccc(-c2nc(C(F)(F)F)cn2-c2ccc(S(N)(=O)=O)cc2)cc1Cl
D07850,CCc1sc2nc(N)[nH]c(=O)c2c1Sc1ccc(F)cc1
D07851,O=C1C(=O)N(C/C=C/c2ccccc2)c2ccccc21
D07852,O[C@H]1CC[C@H](c2[nH]ncc2-c2ccnc(NC3CCCC3)n2)CC1
D07853,CN1C(=O)CCC1c1cncc(C2COc3c(cccc3C(N)=O)O2)c1
D07854,N#C[C@@H]1CCCN1C(=O)[C@@H]([NH3+])CCC(=O)N1CCc2ccsc2C1
D07855,Cc1cccc2c1O[P@@](=O)(OC[C@H]1O[C@@H](n3cc(F)c(=O)[nH]c3=O)C[C@@H]1O)OC2
D07856,c1ccc(Cn2nnnc2C(c2ccc(-n3cncn3)cc2)N2CCCN(C3CCC3)CC2)cc1
D07857,NC(=O)c1cnc2ccc(-c3c(-c4ccc(F)c(Cl)c4)ncn3C(CO)CO)cn12
D07858,O=C(C[C@@H](CCCC1CCCCC1)c1nc(C(=O)NCc2ccccn2)no1)NO
D07859,N#Cc1cc(-c2ncnc(Nc3ccc(N4CCN(C5COC5)CC4)cc3)n2)ccc1O[C@H]1CCN(C(=O)C(O)CO)C[C@H]1F
D07860,Cn1nc(-c2ccccc2)nc2c(=O)n(C)c(=O)nc1-2
D07861,c1cc[n+](CCCCCCCCCCCC[n+]2ccccc2)cc1
D07862,CC#Cc1cncc(-c2cc(C3(C4CC4)N=C(C)C(N)=N3)ccc2O)c1
D07863,N#Cc1ccc(N2CCN(c3nnc(Cc4ccccc4)c4ccccc34)CC2)nc1
D07864,CC(C)=C(c1ccncc1)c1ccc(-c2ccc3cc(O)ccc3c2)cc1
D07865,C[C@H](NC(=O)Cc1ccc(-c2ccc3cccnc3n2)cc1)c1ccc(-c2ccc(F)c(C(F)(F)F)c2)cc1
D07866,O=C(NC1N=C(c2ccccc2F)c2ccccc2NC1=O)c1cc2cc(Cl)ccc2[nH]1
D07867,COc1ccc(CN2CCN(c3ccc(NC(=O)c4cc(OC)c(OC)cc4NC(=O)c4cnc5ccccc5c4)cc3)CC2)cc1OC
D07868,C[C@@H](C[C@@](C)(CS(=O)(=O)N1CCN(c2ccc(F)cc2)CC1)N(O)C=O)c1ncc(F)cn1
D07869,CN[C@@H](C)C(=O)N[C@H](C(=O)N1Cc2ccccc2[C@H]1C(=O)Nc1c(F)cccc1F)[C@@H](C)OC
D07870,NCc1cc(Cl)ccc1Cn1c(=S)[nH]c(=O)c2[nH]ccc21
D07871,COc1ccccc1-c1ccc2c(c1)NC(=O)/C2=C\c1[nH]c2c(c1CCC(=O)O)CCCC2
D07872,COC(=O)C1=C(C)NC(C)=C(C(=O)OC(C)C)C1c1cccc2nonc12
D07873,C[C@H](OCCCCCN1C[C@H](O)[C@@H](O)[C@H](O)[C@@H]1CO)c1ccc(-c2ccccc2)cc1
D07874,CCc1noc(-c2nnc3n2CCN(C(=O)c2ccc(-c4cccs4)cc2)[C@@H]3C)n1
D07875,Cc1ccc(S(=O)(=O)NCCCN(C)C)cc1
D07876,N#Cc1cc(-c2ncnc(Nc3ccc(N4CCOCC4)cc3)n2)ccc1O[C@@H]1CCN(C(=O)CO)C1
D07877,Cc1noc(NS(=O)(=O)c2ccccc2-c2ccccc2)c1C
D07878,Cc1cc(Cl)cnc1C(=O)Nc1ccc(F)c([C@@]2(C)N=C(N)C3(CC3)S(=O)(=O)[C@H]2F)c1
D07879,CC1(c2ccccc2)CCCN(C(=O)N[C@H]2C[C@@H]2c2ccccc2)C1
D07880,C[C@@H]1CN(CC2(C(N)=O)CC2)CCN1S(=O)(=O)c1ccc(C(C)(O)C(F)(F)F)cc1
D07881,C[C@H](Nc1ncc(F)c(Nc2cc(N(C)C)n[nH]2)n1)c1ncc(F)cn1
D07882,CCc1cc(Cl)ccc1Oc1cc(C)ncc1CNC
D07883,COc1cc(-c2ccc(C(F)(F)F)cc2)c(C#N)cc1-c1nccc2cc(S(=O)(=O)Nc3ccncn3)ccc12
D07884,CC(C)(Oc1ccc(Cl)cc1)C(=O)N[C@H]1C2CCCC1C[C@@H](C(N)=O)C2
D07885,NC(=O)[C@H](Cc1ccccc1)NC(=O)[C@H](Cc1cc(-c2ccccc2)cc(-c2ccccc2)c1)CP(=O)(O)[C@@H](N)CCc1ccccc1
D07886,CC(=O)N1CCc2c(c(Nc3ccc(-c4cnn(CCO)c4)cc3)nn2C)C1
D07887,Cc1cc(Nc2ncc3cc(C(=O)N(C)C)n(C4CCCC4)c3n2)ncc1C(O)N1CC2CCC(C1)N2
D07888,Cc1nc(C(=O)Nc2ccc(F)c([C@]3(C)CC4(CCC4)OC(N)=N3)c2)co1
D07889,COc1cc(-c2nn([C@H]3CC[C@H](N4CCN(C)CC4)CC3)c3ncnc(N)c23)ccc1NC(=O)CCc1ccccc1
D07890,O=C(NCc1ccccc1)O[C@H]1CO[C@@H]2[C@H](OC(=O)c3ccc4ccccc4c3)CO[C@H]12
D07891,COc1ccc(C(=O)Nc2c(Cl)cncc2Cl)cc1OC1CCCC1
D07892,O=S(=O)(Nc1ncns1)c1ccc2c(-c3ccc(Cl)cc3-c3cn[nH]c3)cccc2c1
D07893,OC[C@@H]1[C@@H](O)[C@H](O)[C@@H](O)CN1CCCCCOCc1ccc(-c2ccccc2)cc1C(F)(F)F
D07894,CN(C)C(=O)n1nnc(Cc2ccc(-c3cccc(CO)c3)cc2)n1
D07895,CCOC(=O)c1cc(-c2cccc(OC(=O)NC3CCCCC3)c2)n(-c2ccc(Cl)cc2)n1
D07896,Nc1ncnc2c1C(=O)N(c1ccc([C@H]3CC[C@H](CC(=O)O)CC3)cc1)CC2
D07897,C[C@@H]1CN(C(=O)c2cc(Cl)ccc2-n2nccn2)[C@H](Cc2cc(-c3ncccn3)ccc2F)CO1
D07898,CO[C@@H]1CC[C@H](n2c(=O)n(C)c3cnc4cc(F)c(-c5ccc(OCCCN(C)C)nc5)cc4c32)C1
D07899,CC(C)[C@H](NS(=O)(=O)c1ccc(-c2ccc(NC(=O)c3cc4ccccc4o3)cc2)cc1)C(=O)O
D07900,Cc1[nH]c([C@@H](Cc2cn(C)c3ccccc23)NC(=O)[C@H](CC(C)C)NC(=O)OC2CCCCC2)nc1C(=O)O
D07901,N=C(N)NC(=O)c1ccc(C2CCN(C(=O)c3ccccn3)CC2)c(C(F)(F)F)c1
D07902,CC(C)CNC(=O)c1ccc(-c2ccc(Cc3cccs3)cc2C(=O)Nc2ccc(C(=N)N)cc2)c(C(=O)O)c1
D07903,O=C1CCc2c(Oc3ccc4c(c3)C[C@H](NC(=O)c3cc(CN5CCOCC5CO)cc(C(F)(F)F)c3)CC4)ccnc2N1
D07904,C#Cc1cc(Nc2cc(Oc3ccc(NC(=O)Nc4cc(C(C)(C)C)cc(NS(C)(=O)=O)c4OC)c4ccccc34)ccn2)cc(C(=O)N[C@@H](C)COCCOCCOC)c1
D07905,CN(C)C(=O)c1cc2cnc(Nc3ccc(C(=O)N4CCC5(CC4)CNC5)cn3)nc2n1C1CCCCCC1
D07906,O=C(NO)c1ccc(-c2ccc3ncnc(Nc4ccc(OCc5cccc(F)c5)c(Cl)c4)c3c2)o1
D07907,O=C(N[C@H]1CSCCC[C@H]1OC(=O)c1cc(O)c(C(=O)c2c(O)cccc2C(=O)O)c(O)c1)c1ccc(O)cc1
D07908,CC1(c2ccccc2)CCCN(C(=O)NCCc2ccc3nc[nH]c3c2)C1
D07909,C=CCOc1cnc(C(=O)Nc2ccc(F)c([C@@]3(C(F)F)N=C(N)O[C@@H]4C[C@@H]43)c2)cn1
D07910,CN[C@@H](C)C(=O)N[C@H]1CN(C(=O)c2ccc(C(C)=O)cc2)c2cc(Cl)ccc2N(Cc2c(OC)ccc3c(Br)cccc23)C1=O
D07911,OC[C@H]1C[C@@H](c2cccc(Cc3ccc(C4CC4)cc3)c2)[C@H](O)[C@@H](O)[C@@H]1O
D07912,CCCCN(C1CCNCC1)S(=O)(=O)c1ccc2ccccc2c1
D07913,C[N+](C)(C)CCS
D07914,O=c1[nH]c2ccccc2cc1O
D07915,NC(=O)OC(CCN1CCN(c2ccc(F)cc2)CC1)c1ccccc1
D07916,Cc1cc(C#N)cnc1C(=O)Nc1cnc(F)c([C@]2(C)C[C@@H](C(F)(F)F)OC(N)=N2)c1
D07917,N#Cc1ccccc1Cn1c(N2CCC[C@@H](N)C2)nc2scc(C(F)(F)F)c2c1=O
D07918,CC(C)(CC(=O)N1CC[C@@H](O)C1)NCC(=O)N1C[C@@H](F)C[C@H]1C#N
D07919,c1ccc(-c2cccc3nc(-c4cccnc4)nc(NCc4ccccn4)c23)cc1
D07920,CC(N[C@H]1CC1c1ccccc1)c1ccc2c(c1)OCCO2
D07921,Cc1cc(CCC2CCN(S(=O)(=O)C[C@](C)(C[C@H](C)c3ncc(F)cn3)N(O)C=O)CC2)n(C)n1
D07922,Cc1cc(Cl)ccc1C1c2c(nn(C3CCC(O)CC3)c2C(C)C)C(=O)N1c1cccc(Cl)c1F
D07923,Cc1ccc(-n2nc(C(C)C)cc2NC(=O)Nc2ccc(Oc3ccnc(Nc4cc(Cl)cc(C(=O)NCCN5CCOCC5)c4)n3)c3ccccc23)cc1
D07924,Cc1ccccc1-c1ccc(Nc2ccc(N3CCOCC3)cc2)nn1
D07925,C[C@H](N)c1cc(Cl)ccc1Cn1c(=S)[nH]c(=O)c2[nH]ccc21
D07926,CC#CCOc1ccc(C(=O)Nc2ccc(F)c([C@@]3(CF)N=C(N)O[C@@H]4C[C@@H]43)c2)nc1
D07927,Cc1cc2c(F)c(Oc3ncnn4cc(OC[C@@H](C)OC(=O)[C@H](N)CC(C)C)c(C)c34)ccc2[nH]1
D07928,Cc1cc2c3c(c1)c(C1=C(c4cnc5ccccn45)C(=O)NC1=O)cn3CCN(C(=O)N1CCCCC1)C2
D07929,COc1cc(-c2cc(F)cc(Cl)c2)c(Cl)cc1-n1c(=O)ccc2cc(S(=O)(=O)Nc3ccon3)ccc21
D07930,Oc1ccc(Cl)c2cccnc12
D07931,CN(C)C(=O)c1cc2cnc(Nc3ccc(C(=O)N4CC5(CNC5)C4)cn3)nc2n1C1CCCC1
D07932,O=C(O)[C@@H]1CCCCCCc2ccccc2C[C@@H](CS)C(=O)N1
D07933,COc1ccc2c(c1)c(CC(=O)OCCNC(=O)OC(C)(C)C)c(C)n2C(=O)c1ccc(Cl)cc1
D07934,C#Cc1cnc2ccccc2c1CN1C(=O)[C@@H](NC(=O)[C@H](C)NC)CCc2ccccc21
D07935,C[C@@H](Oc1cc(-n2cnc3cc(-c4ccnc(NC5CCN(C)CC5)n4)ccc32)sc1C(N)=O)c1ccccc1Cl
D07936,c1ccc(CCCN2CCCN(CCOC(c3ccccc3)c3ccccc3)CC2)cc1
D07937,C[C@@H](Oc1cc(-c2cnc3ccc(C#N)cn23)cc2nn(C)cc12)[C@H]1CNC(=O)C1
D07938,N[C@@H](CC(=O)N1CCC[C@H]1CNS(=O)(=O)C(F)(F)F)Cc1cc(F)c(F)cc1F
D07939,NC(=O)c1cnc(N[C@@H]2CCCC[C@@H]2N)nc1Nc1cccc(-n2nccn2)c1
D07940,CC1CCN(C(=O)[C@@H](N)CCNCc2ccc(Cl)cc2)CC1
D07941,CONC(=O)N(Cc1ccsc1)C1CCN([C@H](C)CCNC(=O)c2c(C)cc(C(=O)NC(C)C)nc2C)CC1
D07942,CC(C)CCn1nc2c(c1C(C)C)C(c1ccc(F)cc1)N(c1cccc(Cl)c1F)C2=O
D07943,COc1ccc(-n2nc(C(C)=O)s/c2=N\c2nc(-c3ccccc3)cc(-c3ccccc3)c2C#N)cc1
D07944,N[C@@H](CC(=O)N1CCn2c(nnc2C(F)F)C1)Cc1cc(F)c(F)cc1F
D07945,CCCNC(=O)[C@H]1O[C@@H]1C(=O)N[C@H](C(=O)N1CCC[C@H]1C(=O)O)[C@@H](C)CC
D07946,Fc1cc(C(CC2CNC2)Oc2ccccc2F)ccc1Cl
D07947,CCCNC(=O)CC[C@H](NS(=O)(=O)c1ccc(-c2ccccc2)cc1)C(=O)O
D07948,CN[C@@H](C)C(=O)N[C@H](C(=O)N1CCc2ccc(Cl)cc2[C@H]1C(=O)Nc1c(F)cccc1F)C(C)C
D07949,Cc1nc(C(=O)Nc2ccc(F)c(C3(C)N=C(N)OC4(CCC4)C3(F)F)c2)co1
D07950,CC1CCC(=NNc2nc(-c3ccc(F)cc3)cs2)CC1
D07951,CCSCC[C@@H](N)[C@H](O)C(=O)N(C)Cc1cccc2ccccc12
D07952,COc1cnc(C(=O)Nc2ccc(F)c([C@]3(C)CC4(CCOCC4)SC(N)=N3)c2)cn1
D07953,O=C1NCc2cccc(-c3cc4cc(OCCCO)ccc4[nH]3)c21
D07954,CCS(=O)(=O)c1ccc2nc(-c3cccc(-c4ccccc4)c3C)[nH]c2c1
D07955,Cn1c(CC(=O)Nc2ccc(F)c(Cl)c2)nc(N2CCOCC2)cc1=O
D07956,CCOC(=O)Cc1cc(-c2ccc(S(C)(=O)=O)cc2)n(-c2cccc(F)c2)c1C
D07957,N#Cc1cc(-c2ncnc(Nc3ccc4oc(=O)[nH]c4c3)n2)ccc1OC1CCOCC1
D07958,C[C@@]1(c2cc(NC(=O)c3cnc(OCc4ncco4)cn3)cc(F)c2F)C[C@@H](C(F)(F)F)OC(N)=N1
D07959,COc1ccc2nc(SCc3ccccc3)[nH]c2c1
D07960,CCn1c(=O)c2[nH]c(-c3ccc(S(=O)(=O)NCCc4ccccn4)cc3)cc2n(CC)c1=O
D07961,CN(Cc1cnc2nc(N)nc(N)c2n1)c1ccc(C(=O)N[C@@H](CCC(=O)NO)C(=O)O)cc1
D07962,CN(C)C[C@H]1C[C@@H](c2nc(-c3ccc4ccc(-c5ccccc5)nc4c3)c3c(N)nccn32)C1
D07963,CC(C)n1cc(Nc2ncnc(-c3ccc(O[C@H]4CCN(C(=O)[C@H](C)O)C[C@H]4F)c(C#N)c3)n2)cn1
D07964,N#Cc1cnc2c(Nc3ccc(F)c([C@@]4(CF)N=C(N)O[C@@H]5C[C@@H]54)c3)nccc2c1
D07965,CCN1C(=O)Cn2c1nc1nc(N3CCC[C@@H](N)C3)n(Cc3cc(F)ccc3C#N)c1c2=O
D07966,CCS(=O)(=O)c1ccc2nc(-c3cccc(-c4ccccc4)c3)[nH]c2c1
D07967,COC(=O)C1CCN(CCc2cccc3c2[nH]c2c4ccc5ccn(C)c5c4c4c(c32)C(=O)NC4=O)CC1
D07968,S=c1[nH]nc(-c2ccnc(NC3CCCCC3)c2)n1-c1ccc2ccccc2c1
D07969,CC(C)(C)CNC(=O)c1nc(C2CC2)n2ccccc12
D07970,O=c1cc(N2CCOCC2)nc2n(Cc3cccc(Cl)c3Cl)c3ccccc3n12
D07971,CC1(C)N=C(N)N=C(N)N1c1ccc(OCc2ccccc2Cl)cc1
D07972,Clc1cccc(-c2c[nH]nn2)c1
D07973,CCc1c[nH]nc1Cn1cc(-c2ccc(F)c(C(F)F)c2)cn1
D07974,C[C@@]1(c2cc(NC(=O)c3ccc(Cl)cn3)ccc2F)CS(=O)(=O)CC(N)=N1
D07975,COc1cc(N2CCN(S(C)(=O)=O)CC2)ccc1Nc1ncc(Cl)c(-c2cnc3ccccn23)n1
D07976,Cc1c(NS(C)(=O)=O)cccc1N(Cc1ccccc1)Cc1ccc(Oc2ccccc2)cc1
D07977,CC(C)CNC(=O)c1ccc(-c2ccc(-c3ccco3)cc2C(=O)Nc2ccc(C(=N)N)cc2)c(C(=O)O)c1
D07978,Cc1nc([C@@H]2CN(c3ncnc4[nH]cc(-c5cccc(C#N)c5)c34)CCO2)no1
D07979,C[C@]1(c2cc(/C=C(\F)c3cnc(C#N)cn3)ccc2F)N=C(N)S[C@@]2(C(=O)N3CCCC3)C[C@H]21
D07980,CC(C)[C@H](NC(=O)c1ccc(-c2ccc(Nc3nc4ccc(F)cc4s3)cc2)cc1)C(=O)O
D07981,CN(C)CC(C)(C)Cn1c(CC(C)(C)C)nc2cc(/C=C/C(=O)NO)ccc21
D07982,COc1cccc(-c2c(C)c(COC(C)(C)C(=O)O)nn2Cc2ccccc2Cl)c1
D07983,c1cc(-c2cnn3cc(-c4ccc(OCCN5CCNCC5)nc4)cnc23)c2cccnc2c1
D07984,CN1C(=O)[C@]2(CC(C)(C)Cc3ccc(-c4cncnc4)cc32)N=C1N
D07985,C[C@H](O)C(=O)N1CC[C@H](Oc2ccc(-c3ncnc(Nc4ccc5cnn(C)c5c4)n3)cc2C#N)[C@H](F)C1
D07986,Cc1c(C(=O)Nc2ccc(F)c([C@]3(CF)CS(=O)(=O)C(C)(C)C(N)=N3)c2)nc2ccc(Cl)cn12
D07987,Cn1cc(-c2cc3cnc(Nc4ccc(C(=O)N5CCS(=O)(=O)CC5)cc4Cl)cc3n2C(=O)OC(C)(C)C)cn1
D07988,C[C@@H]1CNC(=O)c2cc3cc(NC(=O)c4cnn(Cc5ccccc5)c4)ccc3n21
D07989,Cc1cc(-c2[nH]c3ccc(C4CCN(CCC#N)CC4)cc3c2C(C)C)cn2ncnc12
D07990,N[C@@H](CC(=O)N1CCC[C@H]1c1nc(C2CC2)no1)Cc1cc(F)c(F)cc1F
D07991,CC(C)NCc1ccccc1Cn1c(=S)[nH]c(=O)c2[nH]ccc21
D07992,COc1ccc(Oc2ccc(S(=O)(=O)C3(C(=O)NO)CCC4(CCNCC4)C3)cc2)cc1
D07993,C[C@H]1CN(c2ccc(C#N)cn2)CC[C@H]1Nc1c(C(N)=O)cnc2[nH]ccc12
D07994,C[C@@]1(c2cc(F)cc(F)c2)CNC2(CCCC2)C(=O)N1CC(=O)Nc1cnc2c(c1)C[C@@]1(C2)C(=O)Nc2ncccc21
D07995,Cc1cc(OCc2ccccc2)cc(C)c1C[C@@H](N)C(=O)N[C@H](C)C(=O)NCCCc1ccccc1
D07996,CNc1cc(Nc2cnc(C#N)c(O[C@H]3CCN(C)C3)n2)ncc1-c1cnn(C)c1
D07997,COc1ccc(NC(=O)C(C)Nc2nc3c(cnn3-c3ccccc3Cl)c(=O)[nH]2)cc1
D07998,CS(=O)(=O)Nc1ccc(-c2coc3cc(C#Cc4cccnc4)ccc3c2=O)cc1
D07999,COc1ccc(C2(O)OC(=O)C(c3ccc4c(c3)OCO4)=C2Cc2cc(OC)c3c(c2)OCO3)cc1
D08000,CCc1nc2c(C)cc(C)nc2n1Cc1ccc2c(ccn2C(=O)c2ccccc2NC(=O)O)c1
D08001,N#Cc1cc(-c2ncnc(Nc3ccc(N4CCOCC4)cc3F)n2)ccc1O[C@H]1CCN(C(=O)[C@@H](O)CO)C[C@H]1F
D08002,COc1cc(Nc2ncnc(-c3ccc(OC4CCOCC4)c(C#N)c3)n2)cc(F)c1N1CCN(C2COC2)CC1
D08003,NC1=NC2(CCO1)c1cc(NC(=O)c3ccc(F)cn3)ccc1Oc1c2cc(C2=CCCOC2)nc1F
D08004,O=C(O)c1cnc(C(=O)CCc2ccc(-c3ccccc3)cc2)o1
D08005,COc1c(F)cc(F)cc1-c1c[nH]c2ncc(-c3cc(NC(=O)/C=C/CN(C)C)ccc3F)cc12
D08006,COc1cc(-c2cc(C)c(=O)n(C)c2C)cc(OC)c1CN(C)C
D08007,CCCCCCCCc1ccc(CC[C@@](N)(CO)COP(=O)(O)O)cc1
D08008,CCOc1cccc(C=C2SC(O)=NC2=O)c1N1CCC[C@@H](N)C1
D08009,CCCc1cc(Cc2cnc(N)nc2N)cc(CC)c1OC
D08010,Cc1cccnc1CN1CCC2(CC1)C(=O)N(c1ccc(-c3ccno3)cc1)C(=O)N2c1cc(=O)[nH]cn1
D08011,COc1ccc2c(-n3c(=O)n(Cc4ccc(Cl)c(O[C@H](C)C(=O)O)c4)c4cc(C(F)(F)F)ccc43)noc2c1
D08012,O=C(CCCCCCC(=O)Nc1ccc2ccnc(Nc3cccc(Cl)c3F)c2c1)NO
D08013,CCCCCCOC(=O)[C@]1(O)C[C@@H]2O[C@@]1(C)n1c3ccccc3c3c4c(c5c6ccccc6n2c5c31)C(=O)NC4
D08014,CN(C)C(=O)N1CC(c2cc(F)ccc2F)=C[C@H]1c1cccc(O)c1
D08015,COc1cnc(C(=O)Nc2cc(Cl)c(F)c([C@@]3(CF)N=C(N)O[C@@H]4C[C@@H]43)c2)cn1
D08016,[NH3+][C@H](C(=O)N1CC[C@H](F)C1)[C@@H](C(=O)O)c1ccc(-c2ccc(F)cc2)cc1
D08017,O=C(CCCCCCc1ccc([N+](=O)[O-])cc1)c1ncc(-c2ccccn2)o1
D08018,C[C@H](O)C(=O)N1CC[C@H](Oc2ccc(-c3ncnc(Nc4cccc(C(C)(C)O)c4)n3)cc2C#N)[C@H](F)C1
D08019,COc1ccc(CN2C(=O)C(=O)c3cc(S(=O)(=O)N4CCC[C@H]4COc4cccnc4)ccc32)cc1
D08020,CC1=C[C@H]2Cc3[nH]c(=O)ccc3[C@@]3(C1)[C@@H]2CCCN3C(=O)CCN(C)CCCCCCN(C)CCC(=O)N1CCC[C@@H]2[C@H]3C=C(C)C[C@]21c1ccc(=O)[nH]c1C3
D08021,Cc1c([C@@H](O)CN2CCC3(CC2)CN(c2ccc(=O)n(C)n2)CCO3)ccc2c1COC2=O
D08022,CC(=O)c1sc(NC(=O)N[C@@H]2CCN(CCO)C[C@H]2CN2CCC[C@@H](Cc3ccc(F)cc3)C2)nc1C
D08023,Cc1[nH]nc(NC(=O)[N-]S(=O)(=O)c2ccc(Cl)cc2)c1C#N
D08024,CC(C)(C)n1nc(Cc2cccc3ccccc23)c2c(N)ncnc21
D08025,COCCCOc1cc(C[C@@H](C[C@H](N)[C@@H](O)C[C@H](C(=O)NCC(C)(C)C(N)=O)C(C)C)C(C)C)ccc1OC
D08026,COc1ccc(-c2nc3ncc(C(N)=O)c(NCCCNC(=O)C4CCCC4)c3[nH]2)cc1
D08027,CC1=N[C@]2(C[C@@H]([C@@H]3CCCOC3)Oc3ccc(-c4cccc(Cl)c4)cc32)N=C1N
D08028,C[C@H](CO)C(=O)N1CCC(c2nc(-c3cnc(N)c(-c4nnc(C(C)(C)C)o4)n3)n(C)n2)CC1
D08029,O=C(N1CCCCC1)N1CC(O[C@@H](c2ccc(Cl)cc2)c2cccnc2Cl)C1
D08030,O=C(O)c1ccnc(-n2nc(-c3cccc(Cl)c3)cc2O)c1
D08031,NC(=O)c1cccc2[nH]c(-c3ccc(-c4cncc(C(=O)N5CCCC5)c4)cc3)nc12
D08032,CSc1ccc(-c2cc(C(F)(F)F)nn2-c2ccc(S(N)(=O)=O)cc2F)cc1
D08033,N[C@@H]1C[C@@H]1c1ccc(NC(=O)c2ccccc2)cc1
D08034,CN[C@@H](C)C(=O)Nc1ccc(-c2c(-c3ccnc(C)c3)nc3cc(C)ccn23)c(C#Cc2ccccc2)n1
D08035,N#Cc1ccccc1Cn1c(N2CCC[C@@H](N)C2)ncc(I)c1=O
D08036,CCc1nc(N)nc(N)c1-c1ccc2c(c1)N(CCNC(C)=O)C(=O)[C@](C)(c1ccccc1)O2
D08037,CS(=O)(=O)C[C@H](N[C@@H](c1ccc(Br)cc1)C(F)(F)F)C(=O)NC1(C#N)CC1
D08038,COCc1cc(-c2[nH]c3ccc(C4CCN(CC(=O)NCCC(F)(F)F)CC4)cc3c2C(C)C)cn2ncnc12
D08039,CCc1nc2c(C)cc(C)nc2n1Cc1ccc(NC(C(=O)O)c2ccccc2C)c(C)c1
D08040,CCCc1nn(C)c2c(=O)[nH]c(-c3cc(S(=O)(=O)N4CCN(C)CC4)ccc3OCC)nc12.O=C(O)CC(O)(CC(=O)O)C(=O)O
D08041,Cc1ccccc1CN(Cc1cc(=O)[nH]c2c(F)c(F)ccc12)c1cnccn1
D08042,O=c1[nH]c2cc(-c3ccco3)ccc2c2nc(-c3ccccc3Cl)[nH]c12
D08043,N#Cc1cc(-c2ncnc(Nc3ccc(N4CCN(C5COC5)CC4)cc3)n2)ccc1O[C@H]1CCN(C(=O)[C@@H]2C[C@H](F)C(=O)N2)C[C@H]1F
D08044,Nc1nc(-c2ccco2)nn1C(=O)CCc1ccccc1
D08045,CN1CCN(Cc2ccc(NC(=O)CNc3ccc(-c4ccc(NC(=O)C5CC5)nc4)cc3F)cc2C(F)(F)F)CC1
D08046,CC(=O)NCCc1ccccc1-c1onc([C@H]2CNCC[C@]2(O)c2ccc(F)c(F)c2)c1Br
D08047,[NH3+][C@H]1CN(c2ccncn2)CC[C@@H]1c1cc(F)c(F)cc1F
D08048,COCCc1cc(-c2ccc(S(C)(=O)=O)cc2)n(-c2ccc(F)cc2)c1C
D08049,[C-]#[N+]c1ccc(C(=O)Nc2cc([C@]3(C)C[C@@H](C(F)(F)F)OC(N)=N3)c(=O)n(C)c2)nc1
D08050,Nc1ncc(-c2cccc(S(N)(=O)=O)c2)c2scc(-c3ccc(F)c(Cl)c3)c12
D08051,CCNCCc1ccc(Cl)c(CN(C(=O)[C@H]2CNCC[C@@H]2c2ccc(OCCOc3c(Cl)cc(C)cc3Cl)cc2)C2CC2)c1
D08052,O=C(/C=C/c1ccc(-c2ccc3ncnc(Nc4ccc(OCc5cccc(F)c5)c(Cl)c4)c3c2)o1)NO
D08053,C[C@H](O)C(=O)N1CC[C@H](Oc2ccc(-c3ncnc(Nc4ccc(N5CCN(C6COC6)CC5)c(C(F)(F)F)c4)n3)cc2C#N)[C@H](F)C1
D08054,C[C@@H]1CC(=O)Nc2cccc(N3CCc4ccc(-c5cnn(C)c5)cc43)c2N1
D08055,CC[C@@H](C)Oc1cc2c(cc1OC)CC(=O)N(c1ccc(C(C)N3CCN(C(C)=O)CC3)cc1)C2c1ccc(Cl)cc1
D08056,C#CCOc1cnc(C(=O)Nc2cc(F)c(Cl)c([C@@]3(CF)N=C(N)O[C@@H]4C[C@@H]43)c2)cn1
D08057,CCc1ccc(Br)cc1S(=O)(=O)Nc1onc(C)c1C
D08058,CC(C)(C(=O)N[C@H]1C2CCCC1C[C@H](C(N)=O)C2)N1CCN(c2ccc(C(F)(F)F)cn2)CC1
D08059,Nc1ccccc1NC(=O)c1ccc(CN=C2N[C@@H](c3ccccc3)CS2)cc1
D08060,CN(C)CCN1CCCc2cc(N=C(N)c3cccs3)cc(F)c21
D08061,Cn1c(=O)n(Cc2ccccc2C#N)c2c(N3CCC[C@@H](N)C3)cccc21
D08062,CCc1nc2c(C)cc(C)nc2n1Cc1ccc(-c2ccsc2S(=O)(=O)NC(=O)c2ccccc2)cc1
D08063,C=CC[C@H](NC(C)=O)[C@H](O)CN[C@H]1C[C@]2(C[C@H](O)C2)Oc2ncc(CC(C)(C)C)cc21
D08064,Cc1c(C(F)CN2CCN(C(=O)Cc3ccc(-n4cnnn4)nc3)CC2)ccc2c1COC2=O
D08065,COCCOc1ccccc1N1CCN(C(=O)[C@]2(Oc3ccc(C(F)(F)F)cc3)CCCN(C(=O)c3cnccc3C(F)(F)F)[C@@H]2CCO)CC1.Cl
D08066,COC(=O)N1CCC(n2ncc3c(N4CCOCC4)nc(-c4ccc(NC(=O)NCCF)cc4)nc32)CC1
D08067,O=C(NCc1nc(-c2ccccc2)c[nH]1)Nc1ncc(Sc2ccccn2)s1
D08068,CCCCN(CCCC)C(=O)CN1C[C@H](c2ccc3c(c2)OCO3)[C@@H](C(=O)O)[C@@H]1CCc1cccn1C
D08069,O=C(Cc1nc(N2CCOCC2)cc(=O)[nH]1)Nc1ccccc1
D08070,N#Cc1c(C2CCNCC2)cc(-c2c(O)cccc2OCC2CC2)nc1N
D08071,COC(=O)c1c(-c2cc(OC)c(OC)c(OC)c2)c2ccnc(OCc3ncccn3)c2c(=O)n1Cc1ccnc(C)c1
D08072,O=C(Nc1ccc(F)cn1)c1cc(Oc2cnc(F)c(F)c2)cn2ncnc12
D08073,C[C@H]1CN(C2COC2)CCN1c1ccc(Nc2ncnc(-c3ccc(O[C@H]4CCN(C(=O)CO)C[C@H]4F)c(C#N)c3)n2)cc1
D08074,CC#CCOc1cnc(C(=O)Nc2ccc(Cl)c([C@@]3(CF)N=C(N)O[C@@H]4C[C@@H]43)c2)cn1
D08075,NC(=O)c1cccc2cn(-c3ccc([C@@H]4CCCNC4)cc3)nc12
D08076,C[C@@H]1CN(CC2(C(N)=O)CCC2)CCN1S(=O)(=O)c1ccc(C(C)(O)C(F)(F)F)cc1
D08077,COc1ccc(-c2cc(F)c(F)cc2-c2ccc(S(N)(=O)=O)cc2)cc1OC
D08078,CCCCCCCCCCCC[C@H](CC(=O)NO)C(=O)N[C@@H](Cc1ccccc1)C(=O)NC
D08079,CS(=O)(=O)Nc1ccc(-c2coc3cc(C#Cc4ccccn4)ccc3c2=O)cc1
D08080,Cc1cc(Nc2nc(N[C@@H](C)c3ccc(F)cn3)c(C#N)nc2C)[nH]n1
D08081,CC(=O)N[C@@H](Cc1ccc(O)cc1)C(=O)N[C@H](C(=O)N[C@@H](C)C(=O)N[C@H]1CC(=O)OC1O)C(C)C
D08082,O=C(c1ccc(C(F)(F)F)cc1-n1nccn1)N1CCOC[C@H]1Cc1cccc(-c2ncon2)c1
D08083,C[C@@H](c1ccccc1)N(Cc1nc2c(c(=O)[nH]1)COCC2)C(=O)CN1CCC(C(=O)c2ccc(F)cc2)CC1
D08084,CN(C)CCOc1cc(-c2cn[nH]c2)ccc1NC(=O)C1COc2ccccc2C1
D08085,N#C[C@@H]1C[C@H](F)CN1C(=O)CN[C@H]1[C@@H]2CN(c3ccccn3)C[C@@H]21
D08086,O=C(O)CC/C=C\CC1COC(c2ccc([N+](=O)[O-])cc2)OC1c1cccnc1
D08087,Cc1cn2c(-c3cn[nH]c3)cnc2c(Nc2ccc(C(=O)N3CCNCC3)cc2F)n1
D08088,CC(=N)NCc1ccc(C(=O)Nc2ccc(Cl)cc2C(=O)Nc2ccc(Cl)cn2)cc1
D08089,O=C(CCCc1csc(/C=C/c2ccccc2)n1)NO
D08090,Cc1occc1-c1nc(N)c(OC[C@@H](N)Cc2c[nH]c3ccccc23)cc1-c1cnc2[nH]nc(C)c2n1
D08091,Cc1c(C)c2ccc(OCCN3CCN(CCCNc4c5c(nc6ccccc46)CCCC5)CC3)cc2oc1=O
D08092,Cc1sc2c(c1C)C(c1ccc(Cl)cc1)=N[C@@H](C(=O)OC(C)(C)C)c1nnc(C)n1-2
D08093,CN1CCN(c2ccc(C(=O)Nc3cccc(CNc4nncc5c(C(N)=O)cccc45)c3)cc2C(F)(F)F)CC1
D08094,O=C(O)C1CCC2(CCN(c3ccc(-c4nc5cc(C(F)(F)F)ccc5[nH]4)cn3)CC2)OC1
D08095,CN[C@@H](C)C(=O)N[C@H]1CN(C(=O)CC2CCCCC2)c2ccccc2N(Cc2c(OC)ccc3cc(Br)ccc23)C1=O
D08096,COc1cc2c(Nc3ccc(Br)c(Cl)c3F)ncnc2cc1OC[C@H]1C[C@@H]2CN(C)C[C@@H]2C1
D08097,O=C(O)c1ccc(OC2CCN(C(=O)NCc3ccc(Cl)cc3Cl)CC2)cc1
D08098,CC(C)(CC(=O)N1CCC[C@H]1CO)NCC(=O)N1C[C@@H](F)C[C@H]1C#N
D08099,N#C[C@@H]1CCCN1C(=O)[C@@H]([NH3+])CCC(=O)N1CCSC1
D08100,Cc1noc(-c2nnc3n2CCN(C(=O)c2ccc(-c4cccs4)cc2)[C@@H]3C)n1
D08101,COc1cc(OC)cc(C(=O)N(CCCc2ccccc2)Cc2ccc(Oc3ccccc3C(=O)O)cc2)c1
D08102,CC1(C)CN(C(=O)CO)C[C@@H](F)[C@H]1Oc1ccc(-c2ncnc(Nc3ccc(N4CCN(C5COC5)CC4)cc3)n2)cc1C#N
D08103,O=P(O)(O)C(CNC1CCCCC1)P(=O)(O)O
D08104,N#Cc1cc(-c2ncnc(Nc3ccc(N4CCN(C5COC5)CC4)cc3)n2)ccc1N1CC[C@@H](F)C1
D08105,N[C@@H](CC(=O)N1CCC[C@H]1c1noc(C2(C(F)(F)F)CC2)n1)Cc1cc(F)c(F)cc1F
D08106,NOC(=O)c1cncc(N2CCC([C@H](N)Cc3cc(F)ccc3F)CC2)c1
D08107,N[C@@H]1C[C@H]1c1ccccc1
D08108,CC(C)[C@H](OC(=O)Nc1ccccc1)C(=O)NC(CC(=O)O)C(=O)CF
D08109,CNC[C@@H](O)[C@H](c1cccc(F)c1)N1CC(C)(C)c2cccc(F)c21
D08110,CCOC(=O)c1cccc(Nc2ncnc(-c3ccc(O[C@H]4CCN(C(=O)[C@H](C)O)C[C@H]4F)c(C#N)c3)n2)c1
D08111,Cc1nc(-c2cnccn2)sc1C(=O)N[C@H](/C=C/S(=O)(=O)c1ccccc1)CCc1ccccc1
D08112,Cc1cc(S(=O)(=O)Nc2cscn2)c(F)cc1N(C)C1CCN(Cc2ccccc2)C1
D08113,O=C(C(=O)c1ccccc1)c1ccccc1
D08114,O=C(O)Cn1cc(O)n(Cc2ccc(Cl)c([N+](=O)[O-])c2)c1=O
D08115,CC(=N)NCCSCC[C@H](N)C(=O)O
D08116,N[C@H](Cc1cc(F)c(F)cc1F)C1CCN(C(=O)c2cnc3ncccn23)CC1
D08117,C[C@@]1(c2cc(NC(=O)c3ccc(Cl)cc3)ccc2F)CC2(CCC2)OC(N)=N1
D08118,O=C1/C(=C/c2ccc(O)cc2)COc2cc(O)cc(O)c21
D08119,CC(C)[C@H]1CN(C(=O)[C@]23C[C@H]2[C@@](C)(c2cc(/C=C(\F)c4ccc(C#N)cn4)ccc2F)N=C(N)S3)CCO1
D08120,CC#CC(CC(=O)O)c1ccc(Oc2ccc(C(F)(F)F)cc2OC(F)F)cc1F
D08121,C[C@@H]1Cc2c(ccc3[nH]ncc23)[C@@H](c2ccc(N(C)C3CN(CCCF)C3)cn2)N1CC1(F)CC1
D08122,C[C@H](c1nc(-c2ccc(S(C)(=O)=O)cc2F)no1)[C@H](N)C(=O)N1CCCC1
D08123,Cc1ccc2cc(Cn3cc(C(=O)NCc4c(C)cc(CN)cc4C)c(C)n3)ccc2n1
D08124,O=C(O)Cn1c2c(c3cc(C(F)(F)F)ccc31)CN(C(=O)c1cccc3ccccc13)CC2
D08125,Cc1cc2ncnn2cc1-c1[nH]c2ccc(C3CCN(C4COC4)CC3)cc2c1C(C)C
D08126,C[C@]1(c2cc(/C=C(\F)c3ccc(C#N)cn3)ccc2F)N=C(N)S[C@@]2(C(=O)N3CCOC4(COC4)C3)C[C@H]21
D08127,CC1(C)N=C(N)N=C(N)N1OCCOc1cccc(C(=O)/C=C/c2ccccc2)c1.Cl
D08128,CC(C)(Oc1ccc(Cl)cc1)C(=O)N[C@H]1C2C[C@@H]3C[C@H]1C[C@@](CC(=O)O)(C2)C3
D08129,Cc1c2c(n3c1CCCN1CCC[C@@H]1CNc1cc-3ccc1C(N)=O)CC(C)(C)CC2=O
D08130,Cc1ccc(-n2nccn2)c(C(=O)N2C[C@@H](C)OC[C@H]2Cc2cc(-c3ncccn3)ccc2F)c1
D08131,Cn1nc(-c2cnc3[nH]cc(C(=O)NC(C)(C)C)c3n2)c2cc(OC(F)F)ccc21
D08132,N#Cc1cnc(C(=O)Nc2ccc(Cl)c([C@@]3(CF)N=C(N)O[C@@H]4C[C@@H]43)c2)c(CO)c1
D08133,CNC(=O)N(O)CC1=Cc2cc(Oc3ccc(F)cc3)ccc2OC1
D08134,CS(=O)(=O)c1ccc2nc(N3CCN(C(=O)[C@@H]4CCCC[C@H]4C(=O)NC4(C#N)CC4)CC3)sc2c1
D08135,CC(C)(CC(=O)N1CCCC1)NCC(=O)N1C[C@@H](F)C[C@H]1C#N
D08136,CC1CCC/C1=N\Nc1nc(-c2ccc(F)cc2F)cs1
D08137,CC(=O)Oc1cccc([N+](C)(C)C)c1C
D08138,Cc1cc([C@H]2C[C@H]3CSC(N)=N[C@@]3(c3ccc(F)cc3F)CO2)on1
D08139,COCCn1cc(-c2cc3nn(C)cc3c(O[C@H](C)[C@H]3CNC(=O)C3)n2)cn1
D08140,N=C(N)c1ccc(-c2ccc(-c3ccc(C(=N)N)cc3)o2)cc1
D08141,C[C@H]1Cc2c(nnn2-c2ncc(F)cn2)CN1C(=O)c1ccnc(C(F)(F)F)c1F
D08142,CCOc1ccc(CC(=O)NO)cc1-c1nc2c(CC)nn(C)c2c(=O)[nH]1
D08143,CCCc1nn(C)c2c(=O)[nH]c(-c3cc(N4CCC(CC(=O)NO)CC4)ccc3OCC)nc12
D08144,C[C@@H]1Cc2c(ccc3[nH]nc(F)c23)[C@@H](c2cnc(NC3CN(CCCF)C3)cn2)N1CC(F)(F)F
D08145,CN1CCc2c(n(CCCCCC(=O)NO)c3ccccc23)C1
D08146,O=C(CNC(=O)c1cccc(C(F)(F)F)c1)NC1CN([C@H]2CC[C@@](O)(c3ccns3)CC2)C1
D08147,CC(=O)c1ccc(OCc2ccc(F)cc2)cc1
D08148,Cc1nc(-c2ccc(OCC(C)C)c(C#N)c2)sc1C(=O)O
D08149,O=c1cc(N2CCOCC2)nc(Cc2nc3c(-c4cccs4)cccc3o2)[nH]1
D08150,Cc1cccc2c(=O)[nH]c(-c3ccc(CNC(=O)OCc4ccccc4)cc3)nc12
D08151,COc1cc2c(cc1Nc1ncc(Cl)c(Nc3ccccc3S(=O)(=O)C(C)C)n1)CCC(N)C2(C)C
D08152,O=C1C(=O)N(Cc2ccc(Br)cc2)c2ccc(S(=O)(=O)N3CCC[C@H]3COc3ccccc3)cc21
D08153,N#Cc1cc(-c2ncnc(Nc3ccc(N4CCN(C5COC5)CC4)cc3)n2)ccc1O[C@H]1CCN(C(=O)C2(O)CC2)C[C@H]1F
D08154,N#Cc1cc(-c2ncnc(Nc3ccc(N4CCN(C5COC5)CC4)cc3)n2)ccc1O[C@H]1CCN(C(=O)[C@H](O)CO)CC1(F)F
D08155,N#Cc1ccccc1Cn1c(N2CCC[C@@H](N)C2)ncc(-c2cc[nH]c2)c1=O
D08156,O=C(Nc1ccc(F)cc1)N1N=C(c2ccncc2)CC1c1ccc(F)cc1
D08157,CN[C@@H](C)C(=O)N[C@H]1CN(C(=O)c2ccc(N)cc2)c2cc(Cl)ccc2N(Cc2c(OC)ccc3cc(Br)ccc23)C1=O
D08158,CCC(=N\O)/C(C)=C/c1ccc(F)cc1
D08159,CN(c1ncnc2[nH]ccc12)[C@H]1C[C@@H](NS(=O)(=O)NCC2CC2)C1
D08160,COc1cnc(C(=O)Nc2ccc3c(c2)C2(CCSC(N)=N2)c2cc(C4=CCOCC4)nc(F)c2O3)cn1
D08161,COc1ccc2c(OCc3nnc4ccc(-c5cc(F)cc(F)c5)nn34)ccnc2c1
D08162,Cc1oc([C@@H](Cc2cn(C)c3ccccc23)NC(=O)[C@H](CC(C)C)NC(=O)N2CCCc3ccccc32)nc1C(=O)O
D08163,CCOc1ccc(C[C@H]2NC(=O)CCSSC[C@@H](C(=O)N3CCC[C@H]3C(=O)N[C@@H](CCCN)C(=O)NCC(N)=O)NC(=O)[C@H](CC(N)=O)NC(=O)[C@H]([C@@H](C)O)NC(=O)[C@H]([C@@H](C)CC)NC2=O)cc1
D08164,CN(CC1(O)CCN(c2nc(Oc3cccc(F)c3)cc(C(F)(F)F)n2)CC1)C1CC1
D08165,CNC(=O)Oc1ccc2c(c1)C1(C)CCN(C)C1N2C
D08166,O=C1COC(c2ccc(/N=N/c3ccccc3)cc2)=NN1
D08167,CC[C@H](C)[C@H](NC(=O)OCc1ccccc1)C(=O)N[C@@H](CCC(=O)NC(C)(C)C)C(=O)N[C@@H](C)C(=O)N[C@H](C=CS(C)(=O)=O)CC(C)C
D08168,Nc1nonc1C(=Nc1ccc(F)c(Cl)c1)NO
D08169,COc1cc(Cc2cnc(N)nc2N)cc2c1NCC(CO)C2
D08170,CC(C)COc1cccc(-c2cc(COC(C)(C)C(=O)O)nn2Cc2ccccc2)c1
D08171,O=C(CN1CCCC2=C1C(=O)N(C1CC1)C2=O)Nc1ccc(-c2cccnc2)nn1
D08172,COc1cc(C#N)cnc1C(=O)Nc1ccc(F)c([C@]2(CF)C[C@@H](C(F)(F)F)OC(N)=N2)c1
D08173,CNCc1cc(Cl)ccc1Cn1c(=S)[nH]c(=O)c2[nH]ccc21
D08174,CC[C@H](C)[C@@H]1NC(=O)[C@@H](NC(=O)[C@H](CO)NC(=O)[C@@H](N)CCCNC(=N)N)CSSC[C@@H](C(=O)O)NC(=O)[C@H]([C@@H](C)O)NC(=O)CNC(=O)[C@@H]2CSSC[C@@H]3NC(=O)[C@H](CCC(N)=O)NC(=O)[C@H](Cc4ccccc4)NC(=O)[C@H](C)NC(=O)[C@H]([C@@H](C)O)NC(=O)[C@H](CSSC[C@H](NC(=O)[C@H](Cc4ccccc4)NC(=O)[C@H](CO)NC(=O)[C@H](CC(C)C)NC(=O)[C@H](CCCNC(=N)N)NC(=O)[C@H](Cc4ccc(O)cc4)NC(=O)[C@H](CCCCN)NC(=O)[C@H](CCSC)NC(=O)[C@H](CO)NC(=O)[C@H](Cc4cnc[nH]4)NC(=O)[C@H](CCCCN)NC3=O)C(=O)N[C@@H](CCCNC(=N)N)C(=O)N[C@@H](CCCCN)C(=O)N[C@@H]([C@@H](C)O)C(=O)N2)NC(=O)[C@H](CCCNC(=N)N)NC(=O)[C@H](CO)NC(=O)[C@H](CCCCN)NC(=O)[C@@H]2CCCN2C(=O)[C@H](CCC(=O)O)NC(=O)[C@H]([C@@H](C)O)NC(=O)[C@H](CC(=O)O)NC1=O
D08175,CN(C)C(=O)c1cc2cnc(Nc3ccc(N4C[C@H]5CC[C@@H](CC4=O)N5C)cn3)nc2n1C1CCCC1
D08176,COc1ccc(Nc2ncc3ncc(=O)n(-c4cccc(N)c4)c3n2)cc1
D08177,CC(C)(C)NCC1(O)CCN(c2nc(Oc3cccc(F)c3)cc(C(F)(F)F)n2)CC1
D08178,O=C(O)CN1C(=O)C(=O)N(Cc2nc3cc(Cl)ccc3s2)C1=O
D08179,CC(C)NCC(O)COc1ccc(CCOCC2CC2)cc1
D08180,Cn1ccc(CN(c2ccc3[nH]ncc3c2)c2nc(-c3ccccn3)cs2)n1
D08181,CN(C(=O)c1nc2cccnn2c1-c1ccc(Cl)c(F)c1)C1CC1
D08182,CCN(CC)CCN(Cc1ccc(-c2ccc(C(F)(F)F)cc2)cc1)C(=O)Cn1cc(Cl)c(=O)nc1SCc1ccc(F)cc1
D08183,CCOC(=O)Nc1cccc([C@@H](c2ccc(C(=O)N(C)CC)cc2)N2CCN(Cc3[nH]cnc3C)CC2)c1
D08184,CCn1cc(C2(c3nn(C)c(=O)o3)N[C@@H](c3nc(-c4ccc(F)cn4)c[nH]3)Cc3c2[nH]c2ccccc32)cn1
D08185,Cc1cc(Cl)ccc1C1c2c(nn(C3CCN(C)CC3)c2C(C)C)C(=O)N1c1cccc(Cl)c1F
D08186,N[C@@H](CCNCc1ccc(OCc2ccccc2)cc1)C(=O)N1CCCCC1
D08187,O=c1[nH]nc(-c2ccnc(NC3CCCCC3)c2)n1-c1ccc2ccccc2c1
D08188,CCNC(=O)[C@@H]1C[C@@H](NC(=O)c2cc(CC)nn2C)CN1C(=O)c1coc2ccccc12
D08189,O=C(O)c1ccccc1Nc1cc(C(F)(F)F)ccc1[N+](=O)[O-]
D08190,C[C@@H](c1ccc(-c2ccc(F)cc2F)cc1)N1CC[C@](CCC(N)=O)(c2ccc(F)cc2)OC1=O
D08191,COc1cc2ncnc(N3CCN(C(=S)NCc4ccccc4)CC3)c2cc1OC
D08192,CCCCNc1ncc(C(=O)Nc2ccc(S(=O)(=O)N3CCOCC3)cc2)c(N[C@H]2CCNC2)n1
D08193,Cc1cc(Oc2cncc(F)c2)cc(C(=O)Nc2cc(F)ccn2)n1
D08194,CCOC(=O)C1C(C)=Nc2nc3c(c(N)c2C1c1ccc(C)cc1)CCCC3
D08195,COc1cc(Nc2cc(Oc3ccc(NC(=O)Nc4cc(C(C)(C)C)cc(NS(C)(=O)=O)c4OC)c4ccccc34)ccn2)cc(C(=O)NCCN2CCOCC2)c1
D08196,Cc1c[nH]c(-c2[nH]c3ccc(Cl)cc3c2S(=O)(=O)c2ccccc2)n1
D08197,Cn1c(=O)n([C@H]2CCCOC2)c2c3cc(-c4ccc(OCCCN5CCCC5)nc4)ccc3ncc21
D08198,CC(C)CNC(=O)c1ccc(-c2ccc(-c3cscc3CO)cc2C(=O)Nc2ccc(C(=N)N)cc2)c(C(=O)O)c1
D08199,O=C(NCCCCCCCCCCNc1c2c(nc3cc(Cl)ccc13)CCCC2)c1cc(=O)c2ccccc2o1
D08200,COc1cc(Nc2cc(Oc3ccc(NC(=O)Nc4cc(C(C)(C)C)cc(NS(C)(=O)=O)c4OC)c4ccccc34)ccn2)cc(OC)c1C(=O)NCCOCCOCCO
D08201,Oc1c(Cc2ccccc2)ccc2ccccc12
D08202,CC(C)=CCn1c(N2CCC[C@@H](N)C2)nc2c1c(=O)n(Cc1nc3ccccc3s1)c(=O)n2C
D08203,Cn1ncc2ccc(-c3cc(COC(C)(C)C(=O)O)nn3Cc3ccccc3Cl)cc21
D08204,CCc1cn(CC(=O)N(CCN(CC)CC)Cc2ccc(-c3ccc(Cl)cc3)cc2)c(SCc2ccc(F)cc2)nc1=O
D08205,C[N+]1(Cc2ccc(C(=O)Nc3ccc(Cl)cc3C(=O)Nc3ccc(Cl)cn3)cc2)CCCC1
D08206,Cc1cc(C)nc(O[C@H](C(=O)O)[C@@]2(c3ccccc3)NCC(=O)N(Cc3c(F)cc(F)cc3F)c3ccccc32)n1
D08207,CCCCNC(=O)[C@H](C)C[C@H](O)[C@@H](N)CN(Cc1ccc(OC)c(OCCCOC)c1)C(C)C
D08208,O=C(CCSc1nccc(=O)[nH]1)N[C@H]1CC[C@H](c2nnc(-c3ccccc3)o2)CC1
D08209,Cc1cc(Nc2ccc3cc4ccccc4cc3c2)n2ncnc2n1
D08210,O=C1C(=O)N(Cc2ccc(OCCF)cc2)c2ccc(S(=O)(=O)N3CC[C@H]3COc3ccc(F)cc3F)cc21
D08211,CN[C@@H](C)C(=O)N[C@H](C(=O)N1c2ccccc2C(C)(C)[C@H]1C(=O)Nc1c(F)cccc1F)C(C)C
D08212,O=C(O)[C@@H]1[C@@H](Sc2ccc(-c3nccs3)cc2)CC[C@H]1Cn1nnc2ccccc2c1=O
D08213,O=C1NC(c2ccc(Br)cc2)Nc2sc3c(c21)CCC3
D08214,COc1ccc2nccc(C(=O)NCC(=O)N3CC(F)(F)C[C@H]3C#N)c2c1
D08215,Cc1ccc2nc(SCc3ccccn3)[nH]c2c1
D08216,COC[C@@H]1CCCN1C(=O)CC[C@H]([NH3+])C(=O)N1CCC[C@H]1C#N
D08217,CC(=O)NCCc1ccccc1-c1noc([C@H]2CNCC[C@]2(O)c2ccc(F)c(F)c2)c1Br
D08218,Cc1c2c(O[C@H](C)[C@H]3CNC(=O)C3)cc(-c3cnn(C(C)(C)C)c3)cc2nn1C
D08219,Cc1ccc(-n2c(C)ccc2-c2cc(Cl)ccc2OCc2ccc(F)cc2)cc1C(=O)O
D08220,O=C(N[C@H]1CCC[C@@H]1COc1ccccc1)C1CCN(c2nc3cc(Cl)ccc3o2)CC1
D08221,O=C(NCCN1CCC2(CC1)C(=O)NCN2c1ccccc1)c1ccc2ccccc2n1
D08222,CN1CCC(COCc2cc(C(F)(F)F)cc(C3CC3)n2)(c2ccc(F)cc2)CC1
D08223,CC(C)(O)CCn1cnc(-c2ccc(F)c(Cl)c2)c1-c1ccc2ncc(C(N)=O)n2n1
D08224,N#[N+][CH-]C(=O)[C@H](Cc1ccc(I)cc1)NC(=O)CN
D08225,O=C(O)c1ccc(Nc2ncc3c(n2)-c2ccc(Cl)cc2C(c2c(F)cccc2F)=NC3)cc1
D08226,CCCCN(CCCC)C(=O)CN1C[C@H](c2ccc(F)cc2)[C@@H](C(=O)O)[C@@H]1c1ccc(OC)cc1
D08227,CSC1=N/C(=C\c2ccc(Br)o2)C(=O)S1
D08228,Cc1cc(CNC(=O)[C@@H]2C=CCN2C(=O)C(CC2CCCCC2)NCC(=O)O)sc1C(=N)N
D08229,O=C(Nc1ccc(-c2cccc(Cl)c2Cl)cc1)C1=C(O)c2ccccc2S(=O)(=O)N1
D08230,CC(C)(C)c1cc(-c2nc(=O)s[nH]2)cc(C(C)(C)C)c1O
D08231,COc1cc2nccc(Oc3ccc4c(C(=O)Nc5cccnc5)cccc4c3)c2cc1OC
D08232,O=C(O)[C@@H]1CCCN(C(=O)n2cnc(-c3ccc(-c4cnc(N5CCOCC5)nc4)cc3)n2)[C@H]1c1ccccc1
D08233,Cc1cc(Cl)ccc1C1c2c(nn(CCC(C)C)c2C2CC2)C(=O)N1c1cccc(Cl)c1F
D08234,COc1ccc(-c2ccc(S(=O)(=O)N(CC(=O)NO)OC(C)C)cc2)cc1
D08235,CC(C)(C)c1ccc(-n2c(C(=O)O)c(Oc3cccc(C(F)(F)F)c3)c3cccnc32)cc1
D08236,Cc1noc(C(=O)N2CC[C@H](Oc3ccc(-c4ncnc(Nc5ccc(N6CCN(C7COC7)CC6)cc5)n4)cc3C#N)[C@H](F)C2)n1
D08237,COc1ccc(CNC(=O)c2cc(-c3cncc(C)c3)ncc2-c2nccs2)nc1OC
D08238,COc1ccc2c(c1)NC(=O)Cc1cnc(Nc3cccc(O)c3)nc1-2
D08239,C[C@H](NS(=O)(=O)c1ccc(-c2ccc(Br)cc2)cc1)C(=O)O
D08240,CNc1ncc2cc(-c3c(C)ccc4c(Nc5ccc(Cl)cc5)nccc34)ccc2n1
D08241,Cc1cn2c(-c3cn[nH]c3)cnc2c(Nc2ccc(C(=O)N3CCOCC3)cc2F)n1
D08242,CC1=CC2Cc3[nH]c(=O)ccc3[C@@]3(C1)[C@@H]2CCCN3C(=O)CN(C)CCCCCCN(C)CC(=O)N1CCC[C@@H]2C3C=C(C)C[C@]21c1ccc(=O)[nH]c1C3
D08243,CC(Oc1cccc2oc(C(=O)Nc3ccc(-c4ccc(S(=O)(=O)N[C@H](C(=O)O)C(C)C)cc4)cc3)cc12)C(=O)O
D08244,N#C[C@@H]1CCCN1C(=O)[C@@H]([NH3+])CCC(=O)N1CCCC1
D08245,C=CCN(C)C/C=C/COc1ccc2c(-c3ccc(Br)cc3)coc2c1
D08246,Cc1nsc(-c2nnc3n2CCN(C(=O)c2cc(F)c(F)c(F)c2F)[C@@H]3C)n1
D08247,NC(=O)c1cc(F)cc2[nH]c(-c3ccc(-c4ccc(NC(=O)C5CC5)cc4F)cc3F)nc12
D08248,Cc1cc2c(F)c(Oc3ncnn4cc(OC[C@@H](C)OC(=O)CN)c(C)c34)ccc2[nH]1
D08249,O=C(O)CN1C(=O)C(=O)N(Cc2cccc([N+](=O)[O-])c2)C1=S
D08250,CNC(=O)NC(N)=NCCC[C@@H]1NC(=O)[C@@H](C)NC(=O)C[C@@H](C(=O)O)NC(=O)C[C@@H](C(=O)O)NC(=O)[C@H](Cc2ccccc2)N(C)C1=O
D08251,O=C(c1ccc(Nc2nc(C3CC3)cn3c(-c4cn[nH]c4)cnc23)c(Cl)c1)N1CCNCC1
D08252,CN(C)C(=O)n1nnnc1Cc1ccc(-c2cccc(C(N)=O)c2)cc1
D08253,N#Cc1cc(-c2ncnc(Nc3ccc(C4CCN(CC(F)F)CC4)cc3)n2)ccc1OC1CCOCC1
D08254,c1ccc(CC2CCN(CCSc3ncc[nH]3)CC2)cc1
D08255,Cc1cn(-c2cccc(NC(=O)c3ccc(C)c(Nc4nccc(-c5cccnc5)n4)c3)c2)cn1
D08256,N#Cc1cc(-c2ncnc(Nc3ccc(N4CCN(C5COC5)CC4)cc3)n2)ccc1O[C@H]1CCN(C(=O)c2nnc[nH]2)CC1(F)F
D08257,O=C1NC(=O)/C(=C/c2ccc(-c3ccc(F)cc3O)o2)S1
D08258,Cn1c(Cc2nc(N3CCOCC3)cc(=O)[nH]2)nc2cc(F)ccc21
D08259,COc1cc2c(Nc3ccc(Cl)c(Cl)c3)ncnc2cc1OCc1nc([C@@H]2CCCN2C)no1
D08260,Cc1ccc(C2C[C@H]3CCC([C@H]2c2nnc(-c4ccccc4)o2)N3C)cc1
D08261,CNC(=O)c1c(NCC2CCC3(CCC3)CC2)nc(C#N)nc1OCCO
D08262,COc1cc2ncnc(N3CCN(C(=O)Nc4ccc(Oc5ccccc5)cc4)CC3)c2cc1OC
D08263,CCC[C@@H]1C[C@H](N(C)C(C)C)CC[C@@H]1NC(=O)CNC(=O)c1cccc(C(F)(F)F)c1
D08264,CC(O)c1cc(S(C)(=O)=O)cc2c3c(n(Cc4ccc(Cl)cc4)c12)[C@@H](CC(=O)O)CC3
D08265,C[C@H](O)C(=O)N1CC[C@H](Oc2ccc(-c3ncnc(Nc4ccc(N5CCN(C6COC6)CC5)c(F)c4)n3)cc2C#N)[C@H](F)C1
D08266,Cn1ccc2ccc(-c3cc(COC(C)(C)C(=O)O)nn3Cc3ccccc3Cl)cc21
D08267,C[C@]1(c2cc(NC(=O)c3ccc(Cl)cn3)ccc2F)N=C(N)O[C@@H]2C[C@@H]21
D08268,CCOCCc1cc(-c2ccc(S(C)(=O)=O)cc2)n(-c2ccc(F)cc2)c1C
D08269,COc1cccc(CN(CCN2CCCCC2)C(=O)Nc2ccc(-c3cn[nH]c3)cc2)c1
D08270,C=CC(=O)Nc1cccc(-c2cnc3c(c2)CC(=O)N3)c1
D08271,CCc1cc2c(cc1N1CCN(C3COC3)CC1)C(C)(C)c1[nH]c3cc(C#N)ccc3c1C2=O
D08272,CC(C)C[C@H]1C[C@H]2CSC(N)=N[C@@]2(c2ccc(F)cc2F)CO1
D08273,C[C@H]1CNC(=O)[C@@H](C)N(C(=O)C[C@H](N)Cc2cc(F)c(F)cc2F)C1
D08274,CCOc1c(OC)cc(Cc2cnc(N)nc2N)cc1OC
D08275,N#Cc1ccc(-c2ccc(CSc3nnc(-c4ccc5c(c4)OCO5)o3)cc2)cc1
D08276,COc1cc(-c2nn([C@H]3CC[C@H](N4CCN(C)CC4)CC3)c3ncnc(N)c23)ccc1NCc1ccccc1
D08277,CN(C)CC1CCC(CNc2nc(NCc3ccccc3Cl)ncc2[N+](=O)[O-])CC1
D08278,CCc1cc(Cc2cnc(N)nc2N)cc(CC)c1OCCOCc1ccccc1
D08279,CN[C@@H](C)C(=O)N[C@H]1CN(C(=O)c2ccc(F)cc2)c2ccccc2N(Cc2c(OC)ccc3cc(Br)ccc23)C1=O
D08280,C[N+](C)(C)CCCBr
D08281,COc1cc(C)c(S(=O)(=O)N[C@@H](CC(=O)OC(C)(C)C)C(=O)NC(Cc2ccc3c(N)nccc3c2)C(=O)N2CCCCC2)c(C)c1C
D08282,O=C([C@@H]1CN[C@H](C(=O)N2CCCC2)C1)N1Cc2ccc(Cl)cc2C1
D08283,N#Cc1cc(-c2ncnc(Nc3ccc(N4CCN(C5COC5)CC4)cc3)n2)ccc1OC1CCCCC1
D08284,CC(C)(C)NC(=O)c1ccc(OC/C(=C/F)CN)cc1
D08285,C=CC(=O)Nc1cccc(-c2cnc3[nH]cc(-c4cccc(C)c4F)c3c2)c1
D08286,Cc1noc(NS(=O)(=O)c2ccccc2Cl)c1Br
D08287,C[C@H](NC(=O)[C@@H]1CCCN1C(=O)CCCc1ccccc1)C(=O)c1nccs1
D08288,C=CC[N+](C)(C)c1ccc(CCC(=O)CCc2ccc([N+](C)(C)CC=C)cc2)cc1
D08289,CC(=O)N1CCN(c2ccc(OC[C@H]3CO[C@](Cn4ccnc4)(c4ccc(Cl)cc4Cl)O3)cc2)CC1
D08290,Cn1cc(-c2cc3cnc(Nc4ccc(-c5ccn(C)n5)cc4Cl)cc3n2C(=O)OC(C)(C)C)cn1
D08291,Cc1cc(C2CCN(S(=O)(=O)C(C)(C)C(=O)NO)CC2)ccc1-c1cccc(OCCO)n1
D08292,C=CCNC(=O)Nc1ccc2ncc(-c3ccc(O)cc3)nc2n1
D08293,CS(=O)(=O)c1ccc(-n2nc(C(F)(F)F)cc2-c2ccc(F)cc2)cc1
D08294,CCCCOCCCCCN1C[C@H](O)[C@@H](O)[C@H](O)[C@@H]1CO
D08295,CN[C@@H](C)C(=O)N[C@H]1CN(C(=O)c2ccc(CO)cc2)c2ccccc2N(Cc2c(C)ccc3ccccc23)C1=O
D08296,CC(=O)NCc1cnc2ccc(-c3c(-c4ccc(F)cc4)ncn3CC(F)F)nn12
D08297,CN(C)CCCOc1ccc(-c2ccc3ncc4c(c3c2)n([C@@H]2CCCOC2)c(=O)n4C)cn1
D08298,Oc1cc(Cc2cccc(Cl)c2)nn1-c1cc(-c2nn[nH]n2)ccn1
D08299,CN1CCCc2c1nc(N1CCN(Cc3ccccc3C(F)(F)F)CC1)[nH]c2=O
D08300,CC[C@H](C)[C@H](NC(=O)OCc1ccccc1)C(=O)N[C@@H](CCC(=O)NC(C)(C)CC)C(=O)N[C@@H](C)C(=O)N[C@H](C=CS(C)(=O)=O)CC(C)C
D08301,COc1ccc(-n2nccn2)c(C(=O)N2CCOC[C@H]2Cc2cc(-n3nccn3)ccc2F)c1
D08302,CC1(C)CCc2cc(CN3CCC4(CC3)CCN(C(=O)c3ccc(N)cn3)CC4)ccc2O1
D08303,COc1ccc(-c2cc(C(F)F)nn2-c2ccc(S(N)(=O)=O)cc2)cc1F
D08304,N#Cc1cc(-c2ncnc(Nc3ccc(N4CCN(C5COC5)CC4)cc3)n2)ccc1O[C@H]1CCN(C(=O)c2cc[nH]c(=O)c2)C[C@H]1F
D08305,CC1(C)CC[C@]2(C(=O)O)CC[C@]3(C)[C@H](C(=O)C=C4[C@@]3(C)CC[C@H]3C(C)(C)C(=O)C(C#N)=C[C@]43C)[C@@H]2C1
D08306,CN(C)C(=O)[C@@H](c1ccc(-c2ccn3ncnc3c2)cc1)[C@H]([NH3+])C(=O)N1CC[C@H](F)C1
D08307,CCCCNc1ncc(-c2ccc(Cl)cn2)c(NC2CCC(O)CC2)n1
D08308,Cc1cc(NC(=O)Nc2ccc(-c3ccnc4[nH]nc(C)c34)cc2)ccc1N1CCOCC1
D08309,CN1C2C[C@H](OC(c3ccc(F)cc3)c3ccc(F)cc3)CC1[C@@H](O)C2
D08310,C[C@@H](c1ccc(-c2ccc(=O)n(C)c2)cc1)[C@H]([NH3+])C(=O)N1CC(F)C1
D08311,N#CCC(=O)N1CC[C@@H](Oc2ccc(-c3ncnc(Nc4ccc(N5CCN(C6COC6)CC5)cc4)n3)cc2C#N)C1
D08312,COc1c(C)c(-c2[nH]c3ccc(C4CCN(CC(=O)NCC5(C)COC5)CC4)cc3c2C(C)C)cn2ncnc12
D08313,CCN(CC)C(=O)c1ccc(C(=C2CCNCC2)c2cccc(F)c2)cc1
D08314,CC[C@H](N)C(=O)N[C@H]1CCc2ccccc2N(Cc2c(OC)cnc3ccccc23)C1=O
D08315,CCOC(=O)C1=C[C@]2(CC)CCCN3CCc4c(n1c1ccccc41)[C@@H]32
D08316,Cc1cc(OC(F)F)cnc1C(=O)Nc1ccc(F)c([C@@]2(C)N=C(N)C3(CCC3)S(=O)(=O)[C@@H]2F)c1
D08317,C[C@@H](Oc1cc(-c2ccc(N3CCOCC3)c(C(F)(F)F)c2)cc2nn(C)cc12)[C@H]1CNC(=O)C1
D08318,O=C(O)COc1cc(F)ccc1C(=S)NCc1ccc(Br)cc1F
D08319,CC1(C)[C@@H](N)CC[C@@]2(C)[C@H]1CC[C@]1(C)[C@@H]2C(=O)C=C2[C@@H]3C[C@@](C)(C(=O)O)CC[C@]3(C)CC[C@]21C
D08320,CCCCc1nn(-c2ccccc2[N+](=O)[O-])c(C(=O)OCC)c1Cc1ccc(-c2ccccc2-c2nnn[nH]2)cc1
D08321,CN1CCN(CCc2ccc(Nc3ncc4c(=O)c(C(N)=O)cn(-c5ccc6c(c5)CCC6)c4n3)cc2)CC1
D08322,COc1ccc(-c2cc(F)c(F)cc2-c2ccc(S(C)(=O)=O)cc2)cc1F
D08323,C[C@H](C[C@H](N)C(=O)N1CCCCC1)NCc1ccc(Cl)cc1
D08324,Cc1cc(-c2[nH]c3ccc(C4CCN(C(=O)C[C@H](C)O)CC4)cc3c2CC(F)F)cn2ncnc12
D08325,CCOC(=O)c1cc2c(=O)n3ccccc3nc2n(Cc2ccccc2)c1=N
D08326,C[C@]1(CNC(=O)COc2ccc(Cl)cc2)NC(=O)NC1=O
D08327,C[C@@H](c1ccc(-c2cccc(-c3nnco3)c2)cc1)[C@H]([NH3+])C(=O)N1CC[C@H](F)C1
D08328,CC1=CC2Cc3[nH]c(=O)ccc3[C@@]3(C1)[C@@H]2CCCN3C(=O)CCN(C)CCCCCCN(C)CCC(=O)N1CCC[C@@H]2C3C=C(C)C[C@]21c1ccc(=O)[nH]c1C3
D08329,CS(=O)(=O)c1ccc(-c2cc(Cl)cnc2-c2ccccn2)cc1
D08330,Cc1cc(=O)oc2cc(OCCN3CCN(CCCNc4c5c(nc6ccccc46)CCCC5)CC3)ccc12
D08331,NNC(=O)Cc1ccc(CCc2ccnc(N3CCNCC3)c2)cc1
D08332,N#Cc1ccccc1Cn1c(N2CCC[C@@H](N)C2)ncc(-c2ccoc2)c1=O
D08333,O=C(/C=C/c1ccc(-c2nnc(Cc3cccc4ccccc34)o2)cc1)NO
D08334,COc1cc2cc(-c3ccc(CN(C)Cc4ccccc4)cc3)c(=O)oc2cc1OC
D08335,N#Cc1cnc2cnc(NCc3cccnc3)cc2c1Nc1ccc(F)c(Cl)c1
D08336,COc1ccc2c(c1)CCN(S(=O)(=O)c1cccc(C(=O)O)c1)C2
D08337,CC(C)(Oc1ccc(Cl)cc1)C(=O)N[C@H]1C2C[C@@H]3C[C@H]1C[C@@](C(=N)NO)(C2)C3
D08338,CN[C@@H](C)C(=O)N[C@H]1CN(C(=O)CCCC(C)=O)c2ccccc2N(Cc2c(OC)ccc3cc(C(=O)O)ccc23)C1=O
D08339,O=C(NC1CC1c1ccccc1)N1CCC(c2nc3ccccc3o2)CC1
D08340,CC(=O)NCCC[C@H]1OC[C@H](Oc2ccc(OCc3ccccc3)cn2)CO1
D08341,O=C(O)CCNC(=O)C(CS)Cc1ccccc1
D08342,COc1cccc(-c2nc3ccc(OCCCN4CCCCC4)cc3c(=O)n2CC(=O)NC(C)C)c1
D08343,O=C(CSc1nnc(-c2ccco2)c(-c2ccco2)n1)Nc1ccccc1
D08344,N[C@H](C(=O)N1CCSC1)[C@H]1CC[C@H](NC(=O)c2ccc(OC(F)(F)F)cc2)CC1
D08345,O=C(O)[C@@H]1[C@@H](Cn2nnc3ccccc3c2=O)CC[C@H]1Sc1ccc(-c2ccc(Cl)cc2)cc1
D08346,O=C(O)Cn1ccc(=O)n(Cc2cccc([N+](=O)[O-])c2)c1=O
D08347,Cc1noc(C)c1-c1[nH]c2ccccc2c1CCNCc1ccc(/C=C/C(=O)NO)cc1
D08348,CCCS(=O)(=O)N1CCC(CNC(=O)c2ccc(Cl)cc2Cl)(c2cc(C)ccn2)CC1
D08349,CC(C)(Cc1ccc(C(F)(F)F)cc1)C(=O)NC[C@@]1(C2CC2)NC(=O)NC1=O
D08350,Fc1ccc(-n2cc(CCCCN3CCC4(CC3)OCc3ccccc34)c3ccccc32)cc1
D08351,COc1ccc2ccc(-c3cncnc3)c(Cl)c2c1
D08352,CCNc1cc(C(F)(F)F)cc(COCC2(c3ccc(F)cc3)CCN(C)CC2)n1
D08353,CCOC(=O)NC(Cc1ccc(N=C(N)N)cc1)P(=O)(Oc1ccccc1)Oc1ccccc1
D08354,CC(C#Cc1cnc(Oc2ccc(OC(C)C)cc2)s1)NC(=O)N(C)C
D08355,CC(C)(OCc1cc(-c2cccc(OC3CC3)c2)n(-c2ccccc2N2CCCC2)n1)C(=O)O
D08356,Cc1cc2c(NC(=O)N[C@@H]3CC(C)(C)Oc4c3ccc(C(F)(F)F)c4F)cccc2cn1
D08357,CCN(CC)CCCC[C@H](NC(=O)[C@H](CC(C)C)NC(=O)[C@H](C)NC(=O)[C@H](Cc1ccccc1)NC(=O)c1ccc(C(C)C)cc1)C(=O)N[C@@H](CO)C(=O)OC
D08358,N#Cc1cc(-c2ncnc(Nc3ccc(N4CCN(C5COC5)CC4)nc3)n2)ccc1O[C@H]1CCN(C(=O)[C@@H](O)CO)C[C@H]1F
D08359,N#Cc1cc(-c2ncnc(Nc3ccc(N4CCN(C5COC5)CC4)cc3)n2)ccc1OC1CN(C(=O)CO)CC1(F)F
D08360,CCCCCCc1ccc(Oc2ccccc2C)c(O)c1
D08361,COc1cc(OC)cc(-c2cc3cnc(N)nc3nc2NC(=O)NC(C)(C)C)c1
D08362,O=C1c2ccccc2CN1CC(=O)N1CCC[C@H]1B(O)O
D08363,Cc1ccc(C(=O)N2[C@@H](C)COC[C@H]2Cc2cccc(-n3nccn3)c2)c(-n2nccn2)c1
D08364,COC(=O)c1cnc(Nc2cnc(C#N)c(O[C@@H]3CCNC3)n2)cc1N(C)C
D08365,COc1ccc(C[C@H](NC(=O)CC(C)(C)N)C(=O)N[C@@H](Cc2cnc[nH]2)C(=O)N[C@@H](CC2CCCCC2)[C@@H](O)[C@@H](O)CC(C)C)cc1
D08366,CN1CCC(CCNc2cc(F)c(S(=O)(=O)Nc3nccs3)cc2Cl)CC1
D08367,O=C1N/C(=N\c2nc3ccccc3s2)S/C1=C\c1ccccc1Cl
D08368,N#Cc1cc(-c2ncnc(Nc3ccc(N4CCN(C5COC5)CC4)cc3)n2)ccc1O[C@H]1CCN(C(=O)c2cc(Cl)n[nH]2)C[C@H]1F
D08369,Oc1ccc(-c2nnc(-c3ccc(-c4nnc(-c5ccc(O)cc5O)s4)cc3)s2)c(O)c1
D08370,CN(C)C(=O)[C@@H](c1ccc(-c2ccc3ncnn3c2)cc1)[C@H]([NH3+])C(=O)N1CC[C@H](F)C1
D08371,COc1cc2c(Nc3ccc(Cl)c(Cl)c3F)ncnc2cc1OC[C@@H]1CN2CCOCC2CO1
D08372,CN(C)c1ccc(NC(=O)Oc2ccc3c(c2)[C@]2(C)CCN(CCc4ccccc4)[C@@H]2N3C)cc1
D08373,CCC(CC)CC1(O)CCN(C(=O)Nc2cc(Oc3ccncc3)cc(Oc3ccc(F)cc3)c2)CC1
D08374,COCCCc1cc(Nc2nc(NCc3cc(C)no3)ncc2Br)[nH]n1
D08375,CCCCN(CCCC)C(=O)CN1C[C@H](c2ccc(OC)cc2OC)[C@@H](C(=O)O)[C@@H]1c1ccc(OC)cc1
D08376,CC(C)N(C(=O)c1ccc2ccccc2c1)[C@@H]1CCNC1
D08377,CC(c1ccccc1)N1[C@H]2CC[C@@H]1C[C@@H](Oc1cccc(C(N)=O)c1)C2
D08378,CCCCN(CCCC)C(=O)CN1C[C@H](c2cc(OC)c3c(c2)OCO3)[C@@H](C(=O)O)[C@@H]1CC(C)(C)CCC
D08379,O=C(O)c1ccc(O)cc1
D08380,C[C@@H](Oc1cc(-c2cnn(C3CCN(C)CC3)c2)cc2nn(C)cc12)[C@H]1CNC(=O)C1
D08381,CN(C)C(=O)c1cc2cnc(Nc3ccc(C(=O)N4CC5C[C@@H]4CN5)cn3)nc2n1C1CCCC1
D08382,CC(C)(C(=O)NC12CCC(C(N)=O)(CC1)CC2)N1CCN(c2ccc(C(F)(F)F)cn2)CC1
D08383,CCOC(=O)Cc1cc(-c2ccc(S(C)(=O)=O)cc2)n(-c2ccc(F)c(F)c2)c1C
D08384,Cc1nc(N2C[C@H](N)[C@@H](N3CC(F)(F)CCC3=O)C2)cc(N2CCC(F)(F)C2)n1
D08385,C/C=C/c1cc(OC)c(OC)cc1OC
D08386,N#Cc1cc(-c2ncnc(Nc3ccc(C(=O)C(F)(F)F)cc3)n2)ccc1OC1CCOCC1
D08387,Cc1cc(F)ccc1-c1cc(C2CCC(C(C)C(=O)O)CC2)ncc1N(C)C(=O)C(C)(C)c1cc(C(F)(F)F)cc(C(F)(F)F)c1
D08388,O=C(C[C@@H](CCCC1CCCCC1)c1nc(C(=O)NCC2CC2)no1)NO
D08389,CCCCCCCCCCCCNCC(P(=O)(O)O)P(=O)(O)O
D08390,CN[C@@H](C)C(=O)N[C@H]1CN(C(=O)c2ccccc2F)c2ccccc2N(Cc2c(OC)ccc3cc(Br)ccc23)C1=O
D08391,O=NC(Cc1ccc(O)c(Br)c1)C(=O)NCCSSCCNC(=O)C(Cc1ccc(O)c(Br)c1)N=O
D08392,Cc1cc(Nc2ncnc(-c3ccc(N4C[C@H](O)C[C@@H]4C)c(C#N)c3)n2)ccc1N1CCN(C2COC2)CC1
D08393,Cc1ccccc1COc1ccc(S(=O)(=O)[C@@H]2CCOC[C@]2(O)C(=O)NO)cc1
D08394,CC(=O)Nc1ccc2c(c1)nc1n2C[C@H]([NH3+])[C@@H](c2cc(F)c(F)cc2F)C1
D08395,[C-]#[N+]c1cc(F)c(CN2CCC(c3ccc4[nH]c(-c5cc(C)c6ncnn6c5)c(C(C)C)c4c3)CC2)c(F)c1
D08396,OC[C@H]1[C@@H](O)[C@H](O)[C@@H](O)CN1CCCCCOCc1ccc(-c2ccccc2)c(F)c1
D08397,CCN[C@@H](CC)C(=O)N[C@H]1CN(C(=O)CS(C)(=O)=O)c2ccccc2N(Cc2c(OC)ccc3c(Br)cccc23)C1=O
D08398,Cc1cc(N2C(=O)c3ccn(C(=O)N(C)C)c3C2c2ccc(Cl)cc2)cn2c(C)nnc12
D08399,CC(C)N(C)[C@@H]1CC[C@H](N2CC[C@H](NC(=O)c3cccc(C(F)(F)F)c3)C2=O)[C@H](CS(=O)(=O)c2ccccc2)C1
D08400,Oc1ccc(-c2nnc(-c3ccc(C(F)(F)F)cc3)s2)c(O)c1
D08401,CN(CCOc1ccc(-c2ccccc2)cc1-c1ccccc1Cl)CC(=O)O
D08402,O=P(O)(O)C(F)(F)c1ccc(CC(Cc2ccc(C(F)(F)P(=O)(O)O)cc2)(c2nc3ccccc3s2)n2nnc3ccccc32)cc1
D08403,N#Cc1ccc(F)cc1Cn1c(N2CCC[C@@H](N)C2)ncc(Br)c1=O
D08404,CC1(C)C(N)=N[C@](C)(c2cc(NC(=O)c3nn(C(F)F)cc3Cl)ccc2F)CS1(=O)=O
D08405,CCOC(=O)c1cncn1[C@H](C)c1ccccc1
D08406,NS(=O)(=O)c1ccc(-n2nc(C(F)(F)F)cc2-c2ccc(Cl)cc2)cc1
D08407,O=C(Nc1cccc(-c2cncc3ccccc23)c1)c1ccccc1NCc1ccncc1
D08408,N#C[C@H]1C[C@@H](O)CC[C@@H]1n1cc(C(N)=O)c(Nc2ccc(Cl)cc2)n1
D08409,O=c1[nH]cnc2c(-n3cc(CCN4CCC(Cc5ccc(Cl)cc5)CC4)cn3)nccc12
D08410,N#Cc1ccccc1-c1ccc(CSc2nnc(-c3ccc4c(c3)OCCO4)o2)cc1
D08411,COc1cc(Nc2cc(Oc3ccc(NC(=O)Nc4cc(C(C)(C)C)cc(NS(C)(=O)=O)c4OC)c4ccccc34)ccn2)cc(C(=O)NCCN2CCOC(C)(C)C2)c1
D08412,CCCc1nc2c(C)ccnc2n1Cc1ccc(-c2ccccc2-c2nnn[nH]2)cc1
D08413,COc1cc(OC)cc(-c2cc3cnc(NCCCCCOCc4ccccc4)cc3nc2NC(=O)NC(C)(C)C)c1
D08414,COc1cccc(-c2cc(C)c(C(=O)N(C)Cc3cccc(O)c3)s2)c1F
D08415,O=C(Nc1ccc(-c2ccnc3nc[nH]c23)cc1)Nc1cccc(Br)c1
D08416,Cn1c(-c2cccs2)c(Cl)c2cc(C#N)c(C#N)cc21
D08417,COc1ccccc1-n1nc(C)c2c1C(=O)N(c1cc(C)c3nnc(C)n3c1)C2c1ccc(Cl)cc1F
D08418,CO[P@]1(=O)OC[C@H]2COC(=O)C2=C(C)O1
D08419,CC(C)(C)c1nnc(-c2nn(-c3ccccc3Cl)c(-c3ccc(Br)cc3)c2Cn2cncn2)s1
D08420,CCCN(CCCNS(=O)(=O)c1ccc(C)cc1)C1COc2cccc(OC)c2C1
D08421,COc1ncc(N2CCC([C@H](N)Cc3cc(F)ccc3F)CC2)cn1
D08422,O=C(c1ccc(F)cc1)C1CCN(CCn2c(=O)[nH]c3ccccc3c2=O)CC1
D08423,CN1C(=O)C(=O)c2cc(S(=O)(=O)N3CCC[C@H]3COc3cccnc3)ccc21
D08424,CN[C@@H](C)C(=O)Nc1ccc(-c2c(-c3cnc(C)nc3)nc3cc(C)ccn23)c(C#Cc2ccc3c(ccc(=O)n3C)c2)n1
D08425,CC(C)COc1cccc(-c2cc(COC(C)(C)C(=O)O)nn2-c2cccc3cnn(C)c23)c1
D08426,CN(c1cccnc1)c1cc2c(Nc3ccc(F)c(Cl)c3)c(C#N)cnc2cn1
D08427,NC(=O)Nc1cc(-c2cccc(F)c2)sc1C(=O)N[C@H]1CCCNC1
D08428,CN1CCC(c2ccc(Nc3ncc(C(F)(F)F)c(CCc4ccccc4CC(N)=O)n3)c(OC(F)(F)F)c2)CC1
D08429,CCOC(=O)[C@H]1C[C@@H]1COc1cc(CCCOC)cc(CN(C(=O)[C@H]2CNCC[C@@H]2c2ccc(OCCOc3c(Cl)cc(C)cc3Cl)cc2)C2CC2)c1
D08430,Cc1cccc(C(=O)N2CCOC[C@H]2Cc2cc(-n3nccn3)ccc2Cl)c1-n1nccn1
D08431,N#Cc1ccc(S(=O)(=O)N2C(=O)CN(c3ccccc3)C2=O)cc1
D08432,N#C[C@@H]1C[C@H](F)CN1C(=O)CNC(=O)c1ccnc2ccccc12
D08433,CCCCCN(CCCCC)C(=O)[C@@H](Cc1c[nH]c2ccccc12)NC(=O)c1cnc2ccccc2c1
D08434,C#Cc1cc(Nc2nccc(Oc3ccc(NC(=O)Nc4cc(C(C)(C)C)cc(NS(C)(=O)=O)c4OC)c4ccccc34)n2)cc(C(=O)NCCOCCOCCOC)c1
D08435,Cc1c(F)cncc1-c1nc2ccc(F)cn2c1C1CC1
D08436,C[C@@H](O)[C@H](NC(=O)[C@H]1NC(=O)[C@H]([C@@H](C)O)NC(=O)[C@H](CCCN)NC(=O)[C@@H](Cc2c[nH]c3ccccc23)NC(=O)[C@H](Cc2ccc(O)cc2)NC(=O)[C@@H](NC(=O)[C@H](N)Cc2ccccc2)CSSC1(C)C)C(N)=O
D08437,Cc1cc(S(=O)(=O)Nc2cscn2)c(F)cc1N(C)[C@H]1CCN(Cc2ccn(CC(F)(F)F)n2)C1
D08438,NCCCC[C@H](N[C@@H](CCc1ccccc1)C(=O)O)C(=O)N1CCC[C@H]1C(=O)O
D08439,Cn1cc(-c2cc3cnc(Nc4ccc(C(=O)N5CCS(=O)(=O)CC5)cc4Cl)cc3[nH]2)cn1
D08440,O=C(/C=C/c1c(C(=O)O)[nH]c2cccc(Cl)c12)Nc1cccc(/C=C/c2ccc3ccc(Cl)cc3n2)c1
D08441,CS(=O)(=O)c1ccc(-c2sc(-c3cccs3)nc2-c2ccc(F)cc2)cc1
D08442,COc1ccc(C(=O)NO)cc1NCc1ccccc1
D08443,C[C@H](O)C(=O)N1CC[C@H](Oc2ccc(-c3ncnc(Nc4ccc(N5CC6COCC6C5)cc4)n3)cc2C#N)[C@H](F)C1
D08444,C[C@@H](O[C@H]1CN2C(=O)C(N)C[C@H]2[C@@H]1c1ccc(F)cc1)c1cc(C(F)(F)F)cc(C(F)(F)F)c1
D08445,CN1C(=O)C(c2cccc(-c3cccnc3F)c2)(c2cnn(CCF)c2)N=C1N
D08446,O=CN(O)C(CCN1CCOCC1)CS(=O)(=O)c1ccc(Oc2ccc(OC(F)(F)F)cc2)cc1
D08447,CN[C@H]1Cc2ccccc2[C@@H](c2ccc(Cl)c(Cl)c2)C1
D08448,Cc1cncc(Cc2ccc(-c3ccccc3)nc2)c1
D08449,Cn1nc(NCC(=O)NC2CN([C@H]3CC[C@@H](CO)CC3)C2)c2cc(C(F)(F)F)ccc21
D08450,C[C@H](O)C(=O)N1CC[C@H](Oc2ccc(-c3ncnc(Nc4ccc(-c5ccn(C)c(=O)c5)cc4)n3)cc2C#N)[C@H](F)C1
D08451,Fc1cccc(Oc2cc(C(F)(F)F)nc(N3CC4(CNCCO4)C3)n2)c1
D08452,CCCN1CCC[C@H](c2cccc(O)c2)C1
D08453,CSc1ccc(-c2ccc(S[C@H]3CC[C@@H](Cn4c(=O)nc5ccccn5c4=O)[C@@H]3C(=O)O)cc2)cc1
D08454,C[C@@]1(c2cc(Nc3nccc4cc(Cl)cnc34)ccc2F)CS(=O)(=O)CC(N)=N1
D08455,O=C(O)CCCCO/N=C(\Cn1ccnc1)C1CCCCC1
D08456,Cc1[nH]c2cc(S(C)(=O)=O)ccc2c1Cc1ccccc1Cl
D08457,CCCCC(CC(=O)NO)S(=O)(=O)c1ccc2ccccc2c1
D08458,COc1ccc(CC(=O)c2sccc2S(=O)(=O)Nc2onc(C)c2Cl)cc1
D08459,Cc1ccc(NC(=O)c2ccc(CN3CCN(C)CC3)cc2)cc1-c1ccc2c(N)noc2c1
D08460,CN[C@@H](C)C(=O)N[C@@H]1C(=O)N(Cc2c(OC)ccc3cc(Br)ccc23)c2ccccc2N(C(=O)C2CCOCC2)[C@H]1C
D08461,COc1cc(C2=C(c3c[nH]c4ccc(Br)cc34)C(=O)NC2=O)cc(OC)c1OC
D08462,CC(C)c1c(-c2nnc(NCCCN(C)C)o2)cn2ncnc(Nc3cc(C(=O)NC4CC4)c(F)cc3F)c12
D08463,CN1CCCC2(C1)CN(c1ccc(Nc3ncc4cc(C(=O)N(C)C)n(C5CCCC5)c4n3)nc1)C(=O)O2
D08464,CCc1nc2c(C)cc(C)nc2n1Cc1ccc(-c2ccccc2-c2nnn[nH]2)cc1
D08465,O=C(/C=C/c1ccccc1)c1cccnc1
D08466,Cc1ccc2cc(Cn3ncc(C(=O)NCc4c(C)cc(CN)cc4C)c3C)ccc2n1
D08467,O=C(/C=C/c1c(C(=O)O)[nH]c2cc(Cl)ccc12)Nc1cccc(/C=C/c2ccc3ccc(Cl)cc3n2)c1
D08468,COC1CCN(C(=O)c2ccc(Nc3cc4c(cn3)cc(-c3cnn(C)c3)n4C(=O)OC(C)(C)C)c(Cl)c2)CC1
D08469,CC[C@H](C)[C@H](NC(=O)[C@@H](C[C@H](O)[C@H](CC(C)C)NC(=O)CCC(=O)[C@H](Cc1ccccc1)NC(=O)OC(C)(C)C)C(C)C)C(=O)NCc1cnc(C)nc1N
D08470,COCCCc1cc(CN(C(=O)[C@H]2CNCC[C@@H]2c2ccc(OCCOc3c(Cl)cc(C)cc3Cl)cc2)C2CC2)cc(OCCOC)c1
D08471,c1cc(-c2ccc(Cn3ccc(=[N+]4CCCC4)cc3)cc2)ccc1Cn1ccc(=[N+]2CCCC2)cc1
D08472,CN(C(=O)C1C(c2ccc(Cl)cc2)CC2CCC1N2C)c1ccccc1
D08473,O=C(CNc1ncnc2ccc(C(F)(F)F)cc12)NC1CN([C@H]2CC[C@@](O)(c3cncs3)CC2)C1
D08474,O=C1Nc2c(Cl)ccc(OCc3nc(=O)o[nH]3)c2C2(CCCCC2)N1
D08475,COc1cc(OC)cc(-c2cc(COC(C)(C)C(=O)O)nn2Cc2ccccc2Cl)c1
D08476,CCNC1CC(C)S(=O)(=O)c2sc(S(N)(=O)=O)cc21
D08477,CN([C@@H]1CCc2c(c3ncccc3n2CC(=O)O)C1)S(=O)(=O)c1ccc(F)cc1
D08478,CN1CC[C@@H](NC(=O)Nc2ccc(C#N)cc2)C[C@@H]1c1nc2ccccc2[nH]1
D08479,O=C(c1cccc(C(F)(F)F)c1Cl)N1[C@H]2CC[C@@H]1c1nnc(-c3ccc(F)cn3)n1C2
D08480,OCC(O)CCCCC(O)CC(O)CCC[C@@H](O)[C@H]1N[C@H](CO)[C@@H](O)[C@@H]1O
D08481,CC(C)(C)c1c(C(=O)NC2C3CC4CC(C3)CC2C4)cnn1-c1ccc(C(=O)O)cc1
D08482,COc1cc(NC2CN(CCCF)C2)ccc1[C@@H]1c2ccc3[nH]ncc3c2C[C@@H](C)N1CC(C)(C)F
D08483,N#Cc1cc(-c2ncnc(Nc3ccc(N4CCN(C5COC5)CC4)cc3)n2)ccc1O[C@H]1CCN(C(=O)C2CNC(=O)C2)C[C@H]1F
D08484,CC1(C)Oc2cccc(CN3CCC4(CC3)CCN(C(=O)c3ccnc(N)c3)CC4)c2O1
D08485,COc1cc(F)c(-c2nc3c(NCC4CCNCC4)c(Cl)cnc3[nH]2)cc1F
D08486,CC(C)(CC(=O)N1C2CCC1CC2)NCC(=O)N1C[C@@H](F)C[C@H]1C#N
D08487,CC(C)(CO)NC(=O)c1c[nH]c2ncc(-c3nn(CCC(O)CO)c4cc(F)ccc34)nc12
D08488,CC(C)(O)c1ccc(-c2cnc3[nH]c(=O)n(CCC4CCOCC4)c3n2)cn1
D08489,O=C(NO)[C@H]1C[C@@H](O)CCN1S(=O)(=O)c1ccc(OCc2ccccc2Cl)cc1
D08490,COC(=O)[C@H](c1ccccc1)[C@H]1CCCCN1
D08491,Cl.N[C@H](CO)c1cc(C(=O)N[C@@H]2CCc3ccc(Oc4ccnc5c4CCC(=O)N5)cc3C2)cc(C(F)(F)F)c1
D08492,Cc1cc(C2=NCCN2C)cc2[nH]c(-c3c(NCC(O)c4cccc(Cl)c4)cc[nH]c3=O)nc12
D08493,Cc1cc(C)cc(Nc2nccc(-n3cc(C)c(CN4CC[C@@H](O)C4)c3)n2)c1
D08494,CS(=O)(=O)c1ccc(C2=C(c3ccc(F)c(F)c3)CCC2)cc1
D08495,Cc1cc(OC(F)F)cnc1C(=O)Nc1ccc(F)c([C@]2(CF)C[C@@H](C(F)(F)F)OC(N)=N2)c1
D08496,N#C[C@H]1CCOC[C@@H]1n1cc(C(N)=O)c(Nc2ccccc2)n1
D08497,CS(=O)(=O)NCCS(=O)(=O)N[C@@H]1CC[C@@H]([C@H](N)C(=O)N2CCCC2)C1
D08498,Cc1ccc(-c2c(C)nn(C)c2C)cc1NC(=O)c1ccc(OCc2ccccn2)cc1
D08499,CC(C)(O)CNC(=O)N1C(=O)N(c2cccc(C(F)(F)F)c2)C2=C(C(=O)CC2)[C@H]1c1ccc(C#N)cc1
D08500,C[C@H]1CN(c2nnc(Cc3ccccc3)c3ccccc23)CCN1c1ccc(C#N)cn1
D08501,CCC(C)(C)C(=O)N(O)Cc1ccccc1
D08502,CN1C(=O)C(c2ccsc2)(c2cccc(-c3cnccn3)c2)N=C1N
D08503,CN1C(=Cc2cc(C(C)(C)C)c(O)c(C(C)(C)C)c2)C(=O)N=C1NC(=N)N
D08504,C=C(C)c1cnc(-c2cc(Cl)ccc2F)cc1Nc1ccncc1C(=O)NC1CC1
D08505,Cc1ccc2c(c1)nc1n2C[C@H]([NH3+])[C@@H](c2cc(F)c(F)cc2F)C1
D08506,CCCCN1C(=O)C(=O)c2cc(S(=O)(=O)N3CCC[C@H]3COCCF)ccc21
D08507,C[C@@H]1CN(C(=O)c2cccc(Cl)c2-n2nccn2)[C@H](Cc2cc(-n3nccn3)ccc2F)CO1
D08508,CCCCN1C(=O)C(=O)c2cc(S(=O)(=O)N3CCC[C@H]3COC)cc(Cl)c21
D08509,NC1=NCC2c3ccccc3Cc3ccccc3N12
D08510,CCCN(CCNS(=O)(=O)c1ccc(C)cc1)C1COc2cccc(OC)c2C1
D08511,O=C(NC1CCN(Cc2ccn(-c3ccc(C(F)(F)F)cc3)c2)CC1)N1CC(N2CCS(=O)(=O)CC2)C1
D08512,CC(=O)N1Cc2cc(Cl)ccc2-n2c(nnc2C2CCN(c3ccccn3)CC2)C1
D08513,CC(=O)N1CCC(C(=O)N2C[C@H](c3ccccc3)[C@@H](C(=O)N(C)Cc3cc(C(F)(F)F)cc(C(F)(F)F)c3)C2)CC1
D08514,Cn1nc(C2CCN(C(=O)C(C)(C)O)CC2)nc1-c1cnc(N)c(-c2nnc(C(C)(C)C)o2)n1
D08515,CCCNc1nc(-c2ccc(S(C)(=O)=O)cc2)cc(C(F)(F)F)n1
D08516,O=C(NO)c1ccc2c(c1)C[C@@H](Nc1nccc(-c3cccnc3)n1)CC2
D08517,O=C(CNO)Cc1c[nH]c2ccc(Br)cc12
D08518,COc1ccc(-c2n[nH]c(NCc3c(F)cccc3Cl)n2)cc1N
D08519,C=CCn1nc2c(c1C(C)C)C(c1ccc(Cl)cc1C)N(c1cc(Cl)ccc1C)C2=O
D08520,[NH3+][C@H]1Cn2c(nc3ccc(F)cc32)C[C@@H]1c1cc(F)c(F)cc1F
D08521,Cn1cc(-c2ccnc(-c3ccc(S(C)(=O)=O)cc3)n2)c2ccncc21
D08522,C[C@@H](Oc1cc(-c2n[nH]c3ccc(C#N)cc23)cc2nn(C)cc12)[C@H]1CNC(=O)C1
D08523,COc1cc2c(Nc3ccc(Cl)c(Cl)c3)ncnc2cc1OCCC1CC2CCC(C1)N2C
D08524,COc1ccc(C2(c3ccc(F)c(-c4cncnc4)c3)N=C(N)N(C)C2=O)cc1C
D08525,C[C@@H]1CN(c2ccc(F)cc2C(F)(F)F)CCN1S(=O)(=O)c1cccc([C@@](O)(C(N)=O)C(F)(F)F)c1
D08526,Cc1ccccc1-n1nc(C)c(-c2ccc3nccnc3c2)c1Nc1ccc(Cl)cc1C(=O)O
D08527,CC1(C)N=C(N)N=C(N)N1OCCCCOc1ccc(C(=O)/C=C/c2ccccc2)cc1.Cl
D08528,C[C@@]1(N)Cc2cccc(c2)CC[C@H](c2ccccc2)NC(=O)c2cc(cc(-c3ccccc3C#N)c2)COC1=O
D08529,N#Cc1ccc(Cn2cncc2CN(CCN2CCOCC2)[C@H]2CCN(Cc3cccc(Cl)c3)C2=O)cc1
D08530,O=C(Nc1ccc(S(=O)(=O)NC(CC#CCN2CCOCC2)C(=O)O)cc1)c1ccc(Br)cc1
D08531,N[C@H]1CN(C(=O)c2cc3ccccc3cn2)C[C@H]1C(=O)N1CCCC1
D08532,CCn1nc(C2CCN(C(=O)CCO)CC2)nc1-c1cnc(N)c(-c2nnc(C(C)(C)C)o2)n1
D08533,O=C1Nc2c(Cl)cc(-c3cccnc3)cc2C2(CCCCC2)N1
D08534,CCCCN(c1cccc(-c2ccc(Cl)cc2)c1C)S(=O)(=O)c1ccc(OC(C)C(=O)O)c(C2CCCCC2)c1
D08535,COCCCc1cc(CN(C(=O)[C@H]2CNCC[C@@H]2c2ccc(OCCOc3c(Cl)cc(C)cc3Cl)cc2)C2CC2)cc(OCC(C)(C)C(=O)O)c1
D08536,CN=C1CCc2c1n(C)c1ccc(OC(=O)N(C)C)c(Br)c21
D08537,Cc1ccc(N(C)C(=O)c2ccc(-c3ccc(C)c(C)c3)s2)cc1
D08538,COC(=O)c1cccc(Nc2ccc([N+](=O)[O-])c3ccccc23)c1
D08539,COc1ccc2ccccc2c1CN[C@H]1CC1c1ccccc1
D08540,CN1CCCC(Nc2cnn(C)c(=O)c2Cl)C1
D08541,CC(=O)Nc1cn(C)c2c1C(=O)N(c1cc(C)c3nnc(C(F)F)n3n1)C2c1ccc(Cl)cc1
D08542,CC[C@H](NC(=O)[C@@H]1C[C@@H](S(=O)(=O)c2ccccc2C(F)(F)F)CN1C(=O)C1(C(F)(F)F)CC1)C(=O)C(=O)NC1CC1
D08543,COc1ccc(-c2c(-c3ccc(S(C)(=O)=O)cc3)oc3ccccc23)cc1F
D08544,COc1ccc(C(=O)/C=C/c2ccccc2C(F)(F)F)cc1
D08545,CN[C@@H](C)C(=O)N[C@H](C(=O)N1Cc2ccccc2[C@H]1C(=O)Nc1c(F)cccc1F)C(C)(C)C
D08546,COc1ccc(/N=c2\oc3cc(O)ccc3cc2C(=O)Nc2cccc(C)n2)cc1OC
D08547,Cn1cc(-c2ccc(N)c(NC(=O)c3ccc(N4CCC5(CCNC5)CC4)nc3)c2)cn1
D08548,CCCCc1ncc(/C=C(\Cc2cccs2)C(=O)O)n1Cc1ccc(C(=O)O)cc1
D08549,Cc1cccc(-n2nc(C(C)(C)C)cc2NC(=O)Nc2ccc(Oc3ccnc4[nH]c(=O)cnc34)cc2F)c1
D08550,COc1cccc(CN(CCN(C)C)C(=O)Nc2ccc(-c3cn[nH]c3)cc2)c1
D08551,O=CN(O)C(CCC(=O)N1CCOCC1)CS(=O)(=O)c1ccc(Oc2ccc(OC(F)(F)F)cc2)cc1
D08552,CN1CCC(COCc2cc(C3CC3)cc(C3CC3)n2)(c2ccc(F)cc2)CC1
D08553,COc1cc2c(Nc3cc(Cl)c(Cl)cc3F)ncnc2cc1OC[C@@H]1CN2CCOCC2CO1
D08554,C[C@H](c1ccc(F)cc1)N(Cc1nc2c(c(=O)[nH]1)COCC2)C(=O)CN1CCC(C(=O)c2ccc(F)cc2)CC1
D08555,CC(C)CN1[C@H](c2ccc(NC3CN(CCCF)C3)cn2)c2ccc3[nH]ncc3c2C[C@H]1C
D08556,O=C([C@H](O)CS(=O)(=O)c1ccc2cc(Cl)ccc2c1)N1CCC(N2CCCNC2=O)CC1
D08557,N#C[C@@H]1CCCN1C(=O)CNC(=O)c1ccnc2ccc(OC(F)(F)F)cc12
D08558,Nc1ccc(-c2ccc(F)cc2)cc1NC(=O)C1Cc2ccccc2CO1
D08559,C#CCN(C)Cc1ccc(O)c2ncccc12
D08560,CCc1nn(C2CC2)c2c1C(c1ccc(Cl)cc1)N(c1cc(OC)c3nnc(C)n3c1)C2=O
D08561,CCC[C@H](NC(=O)[C@@H]1C[C@@H](OCc2ccc3ccccc3c2)CN1C(=O)[C@@H](NC(=O)[C@@H](NC(=O)[C@@H](CCC(=O)O)NC(=O)[C@H](CC(=O)O)NC(C)=O)C1CCCCC1)C(C)C)C(=O)O
D08562,CO[C@H]1[C@H]([C@@]2(C)O[C@@H]2CC=C(C)C)[C@]2(CC[C@H]1OC(=O)/C=C/C=C/C=C/C=C/C(=O)O)CO2
D08563,COCCCOc1cc(CN(C[C@H](N)[C@@H](O)C[C@H](C(=O)NCC(C)(C)C(N)=O)C(C)C)C(C)C)ccc1OC
D08564,N=C(N)N1CCCC(C[C@@H](C=O)NC(=O)CN2CCCC[C@H](NS(=O)(=O)Cc3ccccc3)C2=O)C1
D08565,C[C@]1(c2cc(/C=C(\F)c3ccc(C#N)cn3)ccc2F)N=C(N)S[C@@]2(C(=O)N3CCC3)C[C@H]21
D08566,CN[C@@H](C)C(=O)N[C@H]1CN(C(=O)c2ccc(F)cc2)c2cc(C#N)ccc2N(Cc2c(OC)ccc3cc(Br)ccc23)C1=O
D08567,COc1ccc(Nc2cc(N[C@@H]3CCOC[C@@H]3N)nnc2C(N)=O)nc1C(C)C
D08568,Nc1ccc(-c2ccccc2)cc1NC(=O)c1ccc(CNC(=O)OCc2cccnc2)cc1
D08569,CN[C@@H](C)C(=O)N[C@@H]1C(=O)N(Cc2c(OC)ccc3cc(Br)ccc23)c2ccc(C)cc2O[C@H]1C
D08570,Cc1c(F)cc(C(=O)NC2CC2)cc1-c1ccc(C(=O)NCC2CC2)cn1
D08571,COc1ccc(-c2ccc(S(=O)(=O)c3ccccc3C(=O)NO)cc2)cc1
D08572,CS(=O)(=O)c1ccc(-c2cc(F)c(F)cc2-c2ccc(F)c(Cl)c2)cc1
D08573,O=C(c1ccc(Cl)cc1-n1nccn1)N1CCOC[C@H]1Cc1cc(-c2ncon2)ccc1F
D08574,CNCc1cc(=O)oc2cc(OCc3ccccc3)ccc12
D08575,O=C(NCCN1CCC2(CC1)C(=O)NCN2c1ccc(F)cc1)c1cnc2ccccc2c1
D08576,COc1ccc(S(=O)(=O)N2CC(=O)N(O)C(=O)[C@H]2C(C)C)cc1
D08577,c1ccc2c(-c3cnn4cc(-c5ccc(N6CCNCC6)nc5)cnc34)ccnc2c1
D08578,COc1ccc(C(=O)Nc2ccc3c(c2)C2(CCSC(N)=N2)c2cc(N4CCOCC4)cc(F)c2O3)nc1
D08579,CCCN(CCc1ccccc1OC)C(=O)[C@@H]1OC(C(=O)O)=C[C@H](N)[C@H]1NC(C)=O
D08580,Cc1ccc(-n2nccn2)c(C(=O)N2CCOC[C@H]2Cc2cc(-n3nccn3)ccc2C)c1
D08581,COc1ccc2c(OCc3nnc4ccc(-c5cc(F)c(F)c(F)c5)nn34)ccnc2c1
D08582,Cc1cccc(Oc2cccc(N(Cc3cccc(OC(F)(F)C(F)F)c3)CC(O)C(F)(F)F)c2)c1
D08583,CCCOCCc1cc(-c2ccc(S(C)(=O)=O)cc2)n(-c2ccccc2)c1C
D08584,CCN(CC)c1cccc(NC(=O)Nc2ccc(-c3ccnc4[nH]nc(C)c34)cc2)c1
D08585,Cc1ccc(-n2cnc3c(sc4nccc(N(C)C)c43)c2=O)c(C)c1
D08586,CCCc1c(OC)c(NC(C)=O)cc2c(NCc3ccc(OC)c(Cl)c3)ncnc12
D08587,C[C@@H]1c2nnc(-c3cccc(O)n3)n2CCN1C(=O)c1ccc(-c2cccs2)cc1
D08588,Cc1cc(N2C(=O)c3c(C4CC4)cn(C4COC4)c3C2c2ccc(Cl)cc2)nc2c1nnn2C
D08589,CC(C)CN(CC(=O)NO)S(=O)(=O)c1ccc(-c2ccccc2)cc1
D08590,Cc1cc(-c2[nH]c3ccc(C4CCN(C(=O)CCN(CCO)C5CC5)CC4)cc3c2C(C)C)cn2ncnc12
D08591,CCCS(=O)(=O)c1ccc2nc(-c3cccc(C(F)(F)F)c3)[nH]c2c1
D08592,CC[C@]1(C)NC(=O)c2cc(S(=O)(=O)Nc3ccc(OC(F)F)cc3)ccc2NC1=O
D08593,CC(C)(C)C(=O)N1CCC(c2ccc(C(=O)NC(=N)N)cc2C(F)(F)F)CC1
D08594,O=C(N[C@H]1C2CC3CC1C[C@](C(=O)O)(C3)C2)C(C1CC1)N1CCN(c2ccc(C(F)(F)F)cn2)CC1
D08595,COC[C@@H]1CCCN1S(=O)(=O)c1cc(I)c2c(c1)C(=O)C(=O)N2CCCCO
D08596,CN/C=C(\C=N)c1ccc(Nc2cccc3c2N[C@H](C)CC(=O)N3)c(F)c1
D08597,CN[C@@H](C)C(=O)N[C@H]1CN(C(=O)c2ccc(S(C)(=O)=O)cc2)c2ccccc2N(Cc2c(OC)ccc3cc(Br)ccc23)C1=O
D08598,COc1cc(C#N)cnc1C(=O)Nc1cc(F)c(F)c([C@]2(C)C[C@@H](C(F)(F)F)OC(N)=N2)c1
D08599,Nc1nc(N)c(-c2ccc(NC(=O)C3CC3)cc2)c(COCc2ccccc2)n1
D08600,COc1ccc(C(=O)C2CCN([C@@H]3CCN(CC(=O)Nc4nnc5n4CCS5)C3=O)CC2)cc1
D08601,CN(C)C(=O)c1cc2cnc(Nc3ccc(N4C[C@@H]5CC[C@H](CC4=O)N5)cn3)nc2n1-c1ccccc1
D08602,Clc1ccc(C2=NN(c3ccccc3)C(c3ccc4ccccc4c3)C2)cc1Cl
D08603,N#Cc1cnc2ccc(-c3c(-c4ccc(F)cc4)ncn3CC3CCC3)cn12
D08604,COCC(O)C(=O)N1CC[C@H](Oc2ccc(-c3ncnc(Nc4ccc(N5CCN(C6COC6)CC5)cc4)n3)cc2C#N)[C@H](F)C1
D08605,CC(C)(CC(=O)N[C@H]1C[C@@H]1c1cccc(Cl)c1)NCC(=O)N1CCC[C@H]1C#N
D08606,CCCC(=O)Nn1cnc2c(c1=O)C1(CCCC1)Cc1ccccc1-2
D08607,[NH3+][C@H]1Cn2c(nc3ccccc32)C[C@@H]1c1cc(F)c(F)cc1F
D08608,O=C(CC1(c2ccccc2)C2CC3CC1CC(C2)C3O)N1CC(O)C1
D08609,N#Cc1cc(-c2ncnc(Nc3ccc(N4CCN(C5COC5)CC4)cc3)n2)ccc1O[C@H]1CCN(C(=O)C2CCNC2=O)C[C@H]1F
D08610,N[C@@H](CC(=O)N1CCC[C@H]1c1noc(C2(F)CC2)n1)Cc1cc(F)c(F)cc1F
D08611,CN1C(=O)c2c(nc(C#Cc3ccccc3)n2Cc2ccccc2)N2C1=N[C@@H]1CCC[C@@H]12
D08612,CC(=O)NC(C)C#Cc1cnc(Oc2ccc(OCC3CC3)cc2Cl)s1
D08613,N#Cc1cccc(/C=C/C(=O)Nc2cccc(Cl)c2)c1
D08614,CC(C)C(NC(=O)c1ccc(S(=O)(=O)NC(=O)c2ccc(Cl)c(S(=O)(=O)NC(=O)CSc3cc(C(C)(C)C)c(O)c(C(C)(C)C)c3)c2)cc1)C(=O)N1[C@@H](C(=O)NC(C(=O)C(F)(F)F)C(C)C)C[C@H]2CCCC[C@H]21
D08615,O=C1Nc2c(Cl)ccc(OCCN3CCOCC3)c2C2(CCCCC2)N1
D08616,CCN(C)CCCC(=O)c1ccc(OC2Cc3cc(OC)c(OC)cc3C2=O)cc1
D08617,O=C(O)CCCOc1cccc(CCCCCCOc2cc(-c3ccccc3)cc(-c3ccccc3)c2)c1CCC(=O)O
D08618,CN(C)c1cc(C#N)cnc1C(=O)Nc1ccc(F)c([C@@]2(C(F)F)N=C(N)O[C@@H]3C[C@@H]32)c1
D08619,CC(C)CC(NC(=O)OCC1c2ccccc2-c2ccccc21)C(=O)NNC(=O)Cn1c(=O)c(Cc2ccccc2)nc2ccccc21
D08620,CN1CC(n2nccc2-c2cc(Cl)ccc2Oc2cc(F)c(S(=O)(=O)Nc3ncns3)cc2F)C1
D08621,C#CCOc1cnc(C(=O)Nc2cc(F)c(F)c([C@]3(CF)C[C@@H](C(F)(F)F)OC(N)=N3)c2)cn1
D08622,N#Cc1ccc(Cn2cncc2CN[C@H]2CCN(c3ccccc3)C2=O)cc1
D08623,CC(C)(C(=O)N[C@H]1C2CCC1C[C@@H](C(=O)O)C2)N1CCN(c2ccc(C(F)(F)F)cn2)CC1
D08624,CN[C@@H]1Cc2ccccc2[C@@H](c2ccc(Cl)c(Cl)c2)C1
D08625,Cc1c(C)c2ccc(OCc3cccc(F)c3)cc2oc1=O
D08626,O=C(O)CN(Cc1cccc(-c2ccccc2OC(F)(F)F)c1)S(=O)(=O)c1ccc(OC(F)F)cc1
D08627,CCCCCCCCOCCCCCN1C[C@H](O)[C@@H](O)[C@H](O)[C@H]1CO
D08628,Cc1ccc(Sc2ccccc2N2CCNCC2)cc1
D08629,O=C(C[C@@H](CCCC1CCCCC1)c1nc(Cc2cccnc2)no1)NO
D08630,C[C@H](O)C(=O)N1CC[C@H](Oc2ccc(-c3ncnc(Nc4ccc(O[C@H]5CCN(C)C[C@H]5F)cc4)n3)cc2C#N)[C@H](F)C1
D08631,Cc1nc(N=Nc2cc(CP(=O)(O)O)cc(CP(=O)(O)O)c2)c(CP(=O)(O)O)c(C=O)c1O
D08632,CCS(=O)(=O)c1cc2cc(C[C@](O)(CC(C)(C)c3ccccc3C(N)=O)C(F)(F)F)[nH]c2cn1
D08633,COc1ccc(C#CCOc2cccc(C(=O)O)c2)cc1Cc1cnc(N)nc1N
D08634,Cc1cc(=O)c(Oc2ccc(F)cc2F)c(-c2ccc(S(C)(=O)=O)cc2)o1
D08635,NC1=N[C@](CF)(c2cc(NC(=O)c3ccc(Br)cn3)ccc2F)C[C@@H](C(F)(F)F)O1
D08636,CCN(CC)CCCC[C@H](NC(=O)[C@H](CC(C)C)NC(=O)[C@H](C)NC(=O)[C@H](Cc1ccccc1)NC(=O)c1ccc(C(C)(C)C)cc1)C(=O)NCCO
D08637,COc1cc(-c2cc3nn(C)cc3c(O[C@H](C)[C@H]3CNC(=O)C3)n2)ccc1O
D08638,N=C(N)c1ccc(CC(NC(=O)OCc2ccccc2)P(=O)(Oc2ccccc2)Oc2ccccc2)cc1
D08639,Nc1n[nH]cc1-c1cc(C(F)(F)F)ccc1Oc1cc(F)c(S(=O)(=O)Nc2nncs2)cc1Cl
D08640,Cn1cc(-c2ccc3c(c2F)CCN3C(=O)Cc2cccc(C(F)(F)F)n2)c2c(N)ncnc21
D08641,COc1cc2c(Nc3ccc(Cl)cc3F)ncnc2cc1OCCN1CCOCC1
D08642,O=C(/C=C/c1cccc2c1N(Cc1ccc3ccccc3c1)C(=O)C2O)NS(=O)(=O)c1ccc(F)cc1
D08643,O=C(Nc1cccc2ccccc12)NS(=O)(=O)c1ccc(OCCCN2CCCC2)cc1
D08644,CC#CCn1c(N2CCCNCC2)c(C#N)c2c1c(=O)n(Cc1nc(C)c3ccccc3n1)c(=O)n2C
D08645,C[C@@H]1CNC(=O)[C@@H](C)N(C(=O)C[C@H](N)Cc2cc(F)c(F)cc2F)C1
D08646,Cc1n[nH]c2nccc(-c3ccc(NC(=O)NCCCCc4ccccc4)cc3)c12
D08647,CS(=O)(=O)c1ccc(-c2nc3ccccc3c(N)c2-c2ccccc2)cc1
D08648,CN(C1CC1)S(=O)(=O)N[C@H]1C[C@@H](N(C)c2ncnc3[nH]ccc23)C1
D08649,N#CSC[C@@H]1C[C@](O)(c2ccccc2)[C@@H](c2ccccc2)[C@H](c2ccc(Cl)cc2)O1
D08650,Cc1c(NS(C)(=O)=O)cccc1N(Cc1ccc(Oc2cccc(OC[C@@H](O)C[C@@H](O)CC(=O)O)c2)cc1)Cc1ccc(F)cc1F
D08651,CC(Nc1ncnc2c(C(N)=O)cccc12)c1cccc(NC(=O)c2ccc(OC(F)(F)F)cc2)c1
D08652,C[C@H](O)C(=O)N1CCC(Oc2ccc(-c3ncnc(Nc4ccc(C5CCN(C6COC6)CC5)cc4)n3)cc2C#N)CC1
D08653,COc1cc(N2C(=O)N(c3ccc(-c4ccccc4)cc3)C(=O)C23CCN(Cc2ncccc2C)CC3C(=O)O)ncn1
D08654,CN[C@@H](C)C(=O)N[C@@H]1C(=O)N(Cc2c(C)ccc3ccccc23)c2ccccc2N(C(C)=O)[C@H]1C
D08655,CCN[C@@H](C)C(=O)N[C@H]1CN(C(=O)CS(C)(=O)=O)c2ccccc2N(Cc2c(OC)ccc3c(Br)cccc23)C1=O
D08656,O=C(O)[C@@H](Cc1ccccc1)Oc1c(Br)cc(-c2c3ccccc3c(Br)c3oc4ccccc4c23)cc1Br
D08657,CC(C)ON(CC(=O)NO)S(=O)(=O)c1ccc(-c2ccc(OCc3ccc(Cl)cc3)cc2)cc1
D08658,CCc1nc2c(C)cc(C)nc2n1Cc1ccc(N(C)C(c2ccccc2)c2nnn[nH]2)cc1
D08659,O=C(N[C@H](C=CS(=O)(=O)c1ccccc1)CCc1ccccc1)[C@@H]1CCCC[C@H]1C(=O)c1ccc(Cl)cc1
D08660,C[C@H]1OCCN(c2nc(-c3ccncc3F)cc(=O)n2C)[C@@H]1C
D08661,Cc1cc(Nc2ccc(C(F)(F)F)cc2)n2nc(C(F)(F)F)nc2n1
D08662,O=C(CCCCCCc1ccccc1)c1noc(-c2ccccn2)n1
D08663,COc1ccccc1-n1nc2c(c1C(C)C)C(c1ccc(Cl)cc1C)N(c1cc(Cl)c(F)cc1F)C2=O
D08664,Cc1ccc(Nc2nccc3ccc(NC(=O)CCCCCCC(=O)NO)cc23)cc1
D08665,CNc1nc(NC)nc(N2CCC(C(=O)NCc3ccccc3C(F)(F)F)CC2)n1
D08666,N#Cc1ccccc1-c1ccc(CSc2nnc(-c3ccc4c(c3)OCO4)o2)cc1
D08667,CC(C)n1ccc(-c2ccc([C@H](C)N3CC[C@](CC(C)(C)O)(c4ccccc4)OC3=O)cc2)cc1=O
D08668,Cc1cc(Cn2cnc3c2C[C@@H](C(=O)O)N(C(=O)C(c2ccccc2)c2ccccc2)C3)ccc1N
D08669,CC(=O)Nc1ccc([C@@]2(O)C[N+](C)(C)CCO2)cc1
D08670,CN(Cc1ccccc1)C(=O)[C@@H](NC(=O)c1cc2cc(NC(=O)c3ccccc3-c3ccc(C(F)(F)F)cc3)ccc2n1C)c1ccccc1
D08671,CNC1=C(C(=N)C2CC2)C(=O)N(c2cc(C)c3nnc(C)n3c2)C1c1ccc(Cl)cc1
D08672,Cc1ccc(C(=O)N2CCOC[C@H]2Cc2cc(Cl)cc(-n3nccn3)c2)c(-n2nccn2)c1
D08673,COCCCc1cc(CN(C(=O)[C@H]2CNCC[C@@H]2c2ccc(OCCOc3c(Cl)cc(C)cc3Cl)cc2)C2CC2)cc(OCC2(CC#N)CC2)c1
D08674,CC(=O)N1CCc2c(c(Nc3ccc(-c4cccc(OO)c4)cc3)nn2C)C1
D08675,CS(=O)(=O)Nc1cccc(NC(=O)CN2CCN(C(=O)C[C@H](N)Cc3ccccc3F)[C@H](Cc3ccccc3)C2)c1
D08676,Fc1ccc2c(c1)CC/C2=C/c1cccnc1
D08677,N#Cc1cc(-c2cnc3c(-c4cccc5ncccc45)cnn3c2)ccc1N1CCNCC1
D08678,CC[C@@H](C)Oc1cc2c(cc1OC)CC(=O)N(c1ccc(C(C)N3CCOCC3)cc1)C2c1ccc(Cl)cc1
D08679,COc1cc(C)nc(Nc2cc(N[C@@H]3CS(=O)(=O)CC[C@@H]3N)cnc2C(N)=O)c1
D08680,Cc1ccccc1C[C@@H]1C(=O)N[C@H](C)CCN1C(=O)C[C@H](N)Cc1cc(F)c(F)cc1F
D08681,O=C(CC1CCN(Cc2ccn(-c3ccc(C(F)(F)F)cc3)c2)CC1)NC(c1ccccc1)c1cnc[nH]1
D08682,COc1ccc2cc(-c3cnccc3N)ccc2c1
D08683,C=CCCNc1nc(NCc2csc(-c3cccs3)n2)nc(N2CCC[C@@H]2CNS(=O)(=O)c2ccc3ccccc3c2)n1
D08684,O=P(O)(O)C(F)(F)c1ccc(CC(Cc2ccc(C(F)(F)P(=O)(O)O)cc2)(c2ccccc2)n2nnc3ccccc32)cc1
D08685,COc1ccc(CNC(=O)Nc2ncc([N+](=O)[O-])s2)cc1
D08686,CS(=O)(=O)NC[C@@H]1CCCN1C(=O)C[C@H](N)Cc1cc(F)c(F)cc1F
D08687,CN(C(=O)OC(C)(C)C)C1(C(=O)N2CC(C#Cc3ccc4c(=O)c(-c5ccc(NS(C)(=O)=O)cc5)coc4c3)C2)CC1
D08688,CS(=O)(=O)c1ccc(C2Sc3ccccc3C(=O)N2CCc2ccccc2)cc1
D08689,COCCCn1c(NC(=O)c2ccc(C#N)cc2)nc2cc(CN(C)C3CCCCC3)ccc21
D08690,N#Cc1cc(-c2ncnc(Nc3ccc(N4CCN(C5COC5)CC4)cc3)n2)ccc1OC1CCN(C(=O)[C@@H]2CCC(=O)N2)C[C@H]1F
D08691,CNC1CN(c2nc3ncc(I)cc3n3cnnc23)C1
D08692,Cc1ccc(N2CC(=O)N(S(=O)(=O)c3ccc(Cl)c(Cl)c3)C2=O)cc1C
D08693,Cc1cc(Nc2ncnc(-c3ccc(O[C@H]4CCN(C(=O)[C@@H](O)CO)C[C@H]4F)c(C#N)c3)n2)ccc1N1CCN(C2COC2)CC1
D08694,CC(C)[C@H](NS(=O)(=O)c1ccc(-c2ccc(C#N)cc2)cc1)C(=O)O
D08695,Cc1nc2ccc(-c3ccc([C@H](C(=O)N(C)C)[C@H]([NH3+])C(=O)N4CC[C@H](F)C4)cc3)cn2n1
D08696,COc1cc(C(=O)N2CC[C@@H](O)[C@@H](N)C2)cc2nc(-c3cc4ccccc4n3CC(F)(F)F)n(C)c12
D08697,CNC(=O)c1cccc(Nc2nn(CC3CC3)c3c2CN(C(C)=O)CC3)c1
D08698,Cn1c(Nc2ccc(Oc3nccnc3N3CCC(CO)CC3)cc2)nc2ccccc21
D08699,Cc1ccc(-c2cc(C(=O)NCCCCCCC(=O)NO)nn2-c2ccc(S(C)(=O)=O)cc2)cc1
D08700,Cc1ccccc1C(=O)N[C@H](CO)C(=O)N[C@@H](C)C(=O)NC(Cc1ccc(N=C(N)N)cc1)P(=O)(Oc1ccccc1)Oc1ccccc1
D08701,Cc1c(COc2cccc(Cl)c2)cc(-c2ccc(S(C)(=O)=O)cc2)n1-c1ccc(F)cc1
D08702,CC(=O)OCC1=C(C(=O)[O-])N2C(=O)/C(=C/C(=O)OC(C)(C)C)[C@H]2S(=O)(=O)C1
D08703,Cc1cccc(-c2c[nH]c3ncc(-c4cccc(NC(=O)/C=C/CN(C)C)c4)cc23)c1F
D08704,N#CCNC(=O)[C@@H]1CCCC[C@H]1C(=O)N1CCN(c2ccccc2)CC1
D08705,Cc1cc(-c2[nH]c3ccc(C4CCN(Cc5c(F)cccc5F)CC4)cc3c2C(C)C)cn2ncnc12
D08706,O=C(O)c1ccccc1NC(=O)N1C[C@H]2C[C@@H](c3ccccc3C(F)(F)F)C[C@H]2C1
D08707,N[C@H]1CN(c2cc(-c3ccccc3)ncn2)C[C@@H]1c1cc(F)c(F)cc1F
D08708,Cc1cc(C)nc(O[C@H](C(=O)O)[C@@]2(c3ccccc3)NCC(=O)N(C)c3ccccc32)n1
D08709,CCCc1cc(Cc2cnc(N)nc2N)cc(CCC)c1OC
D08710,O=C(O)CCC1(c2ccc(C(F)(F)F)cc2)CCCN(C(=O)Nc2ccc(Cl)cc2)C1
D08711,CCCCN(c1cccc(-c2ccc(Cl)cc2)c1C)S(=O)(=O)c1ccc(OC(CC)C(=O)O)c(C)c1C
D08712,N#Cc1cnc2ccc(-c3c(-c4ccc(F)c(Cl)c4)ncn3CC(F)F)cn12
D08713,CN1CCN(CC(=O)Nc2cccc3c2Cc2c-3n[nH]c2-c2csc(C#CCOc3ccccc3)c2)CC1
D08714,Cc1nn(-c2ccnc(Nc3ccc4c(c3)c(C)c(C)n4C)n2)cc1CN1CC(O)C1
D08715,CCNS(=O)(=O)C[C@H]1C[C@@H](N(C)c2ncnc3[nH]ccc23)C1
D08716,CC(C)(Oc1ccc(Cl)cc1)C(=O)N[C@H]1C2C[C@@H]3C[C@@H]1C[C@@](C(=O)NCc1ccc(C(=O)NS(C)(=O)=O)cc1)(C2)C3
D08717,CC1CC2=NNC(=O)c3cccc4[nH]c(c2c34)C1
D08718,CC1CC(C)c2cc(Cc3cnc(N)nc3N)cc(Cl)c2N1
D08719,COc1c(C)cc(-c2cc(C(F)(F)F)nn2-c2ccc(S(N)(=O)=O)cc2)cc1Cl
D08720,CCCC[C@H](NC(=O)[C@H]1NC(=O)[C@H](Cc2c[nH]cn2)NC(=O)[C@H](Cc2ccccc2)NC(=O)[C@H](NC(=O)[C@@H](N)Cc2ccc(O)cc2)C(C)(C)SSC1(C)C)C(=O)N[C@@H](CC(=O)O)C(N)=O
D08721,CO[C@H]1CC2C[C@H](OC(c3ccccc3)c3ccc(Cl)cc3)CC1N2C
D08722,O=C(c1nnc(-c2ccccc2)o1)N1CC(Oc2ccc(CN3CC4(COC4)C3)cc2)C1
D08723,COc1ccc(-c2c3c4cc(OC)c(O)cc4oc(=O)c3n3ccc4cc(O)c(OC)cc4c23)cc1O
D08724,Cc1cc2c(Nc3ccc4nc(N)sc4c3)c(C#N)cnc2cc1OCCCN1CCOCC1
D08725,CC[C@H](Nc1ncnc2nc[nH]c12)c1nc2cccc(F)c2c(=O)n1-c1ccccc1
D08726,COc1cc(C(C)=O)ccc1OCCCN1CCC(c2noc3cc(F)ccc23)CC1
D08727,Cc1cnc(-c2cc(OC[C@@]3(C)CCOC3)cc(C(=O)N[C@H](C)c3cnc(C(F)(F)F)nc3)c2)s1
D08728,CCOC(=O)[C@H](CC)N1C(=O)[C@@H](CC(=O)O)C[C@H](c2cccc(Cl)c2)[C@H]1c1ccc(Cl)cc1
D08729,COc1ccc(CCN(CCC(=O)NO)S(=O)(=O)c2ccc(C(=N)NO)cc2)cc1
D08730,Oc1cc2c(cc1O)CN(C(=S)NCCc1ccc(Cl)cc1)CCC2
D08731,CCCCCCCCNC(=O)Oc1cccc(-c2ccc(C(C)C(=O)O)cc2F)c1
D08732,CC(C)c1cc(C#N)cc2nc(-c3ccc(C(=O)NC[C@H]4CC[C@H](c5ccc(C(C)(C)C)cc5)CC4)cc3)oc12
D08733,CS(=O)(=O)C1(c2cc(N3CCOCC3)nc(-c3cccc4[nH]ccc34)n2)CCNCC1
D08734,CN1C(=O)C2CN(Cc3c2c2ccccc2n3Cc2ccc(C(=O)NO)cc2)C1=O
D08735,O=C(O)c1cccc(S(=O)(=O)N2CCc3ccccc3C2)c1
D08736,CC(C)(Oc1ccc(Cl)cc1)C(=O)N[C@H]1C2C[C@@H]3C[C@H]1C[C@@](CCC(=O)O)(C2)C3
D08737,CCCCN(CCCC)C(=O)CN1C[C@H](c2ccc3c(c2)OCO3)[C@@H](C(=O)O)[C@@H]1CCn1ccccc1=O
D08738,COc1ccc2c(c1)C(CC(=O)N[C@@H](CNC(=O)c1ccccc1N1CCC(=O)NC1=O)C(N)=O)CC2=O
D08739,CN1CC(n2nccc2-c2cc(Cl)ccc2Oc2cc(F)c(S(=O)(=O)Nc3cscn3)cc2F)C1
D08740,N#Cc1ccc(C(=O)Nc2cc(F)c(F)c([C@@]3(C(F)F)N=C(N)O[C@@H]4C[C@@H]43)c2)nc1
D08741,Cc1cc(Nc2ncc(-c3ccc4ccccc4n3)c(N[C@@H]3C[C@H](CO)[C@@H](O)[C@H]3O)n2)cc(C)n1
D08742,CC(=O)NCCc1ccccc1-c1onc([C@H]2CNCC[C@]2(O)c2ccc(F)c(F)c2)c1Cl
D08743,O=C(CCCCCONC(=O)Nc1cnc2ccccc2c1)NO
D08744,OCC1CCN(c2ncncc2Oc2ccc(Nc3nc4ccccc4[nH]3)cc2)CC1
D08745,CC(=O)c1ccc(OCc2ccc(Cl)cc2)cc1O
D08746,N#Cc1ccc2cc(-c3cccnc3)ccc2c1
D08747,CCOc1ccc(C[C@H]2CC[C@H](C(=O)NO)CC2)cc1-c1nc2c(CC)nn(C)c2c(=O)[nH]1
D08748,CN[C@@H](C)C(=O)N[C@H]1CN(C(=O)c2ccc(C(C)=O)cc2)c2ccccc2N(Cc2nn(-c3ccccc3C#N)c3ccccc23)C1=O
D08749,CCOC(=O)c1c(O)coc1Nc1ccc2ccccc2c1
D08750,CCN(CC)CC(O)CNC(=O)c1cc(C)c(/C=C2\C(=O)Nc3ncnc(Nc4ccc(F)c(Cl)c4)c32)[nH]1
D08751,Cc1nc2c([nH]1)c(=O)n(C)c(=O)n2Cc1ccco1
D08752,CCCCCCCCN1C[C@H](O)[C@@H](O)[C@H](O)[C@H]1CO
D08753,COC(=O)[C@@H]1C2CCC(C[C@H]1c1ccc(F)cc1)S2
D08754,COc1cc2c(cc1OC)C(=O)C(Oc1ccc(CN3CCCC3)cc1)C2
D08755,CCCCCCC(Sc1nc(Cl)cc(Nc2ccc3ncccc3c2)n1)C(=O)O
D08756,Cn1c(Cc2nc(N3CCOCC3)cc(=O)[nH]2)nc2cccc(-c3ccccc3)c21
D08757,COc1ccc(-c2cc(C(F)F)nn2-c2ccc(S(N)(=O)=O)cc2)cc1Cl
D08758,COc1nc(N2C[C@H]3C(=O)N(C)C(N)=N[C@@]3(c3c(F)cccc3F)C2)nc(C)c1F
D08759,CN[C@@H](C)C(=O)N[C@@H]1C(=O)N(Cc2c(OC)ccc3cc(C(=O)O)ccc23)c2ccccc2OC12CCOCC2
D08760,COCc1cc(-c2[nH]c3ccc(C4CCN(CC(=O)N5C[C@@H](C(F)(F)F)C[C@H]5CO)CC4)cc3c2C(C)C)cn2ncnc12
D08761,CC(C)Cn1nc(C#N)c2cc(Oc3ccc(NC(=O)[C@@H]4CCCN4)cc3)ccc21
D08762,O=C(N1CCC2(CCCc3ccccc32)C1)C1(c2ccc(Cl)cc2)CC1
D08763,CN[C@@H](C)C(=O)N[C@@H]1C(=O)N(Cc2c(OC)ccc3ccccc23)c2ccc(C#N)cc2N(C(C)=O)[C@H]1C
D08764,COc1cnc(C(=O)Nc2cnc(F)c([C@]3(C)C[C@@H](C(F)(F)F)OC(N)=N3)c2)cn1
D08765,CN(CCOc1ccc(-c2ccc3c(c2)OCO3)cc1-c1ccccc1Cl)CC(=O)O
D08766,Cc1cccc(-c2nn3c(c2-c2ccc4ncn(CCCN5CCOCC5)c4c2)CCC3)n1
D08767,C[C@@H](Oc1cc(-c2ccc(N3CCOCC3)cc2)cc2nn(C)cc12)[C@H]1CNC(=O)C1
D08768,N#Cc1cc(-c2ncnc(Nc3ccc(N4CCN(C5CCOCC5)CC4)c(F)c3)n2)ccc1O[C@H]1CCN(C(=O)CO)C[C@H]1F
D08769,O=C(CN1CCC(n2c(=O)[nH]c3ccccc32)CC1)NCc1nc2c(c(=O)[nH]1)COCC2
D08770,CNC(=O)/C=C/c1cnc2ccc(OC(C)c3c(Cl)ccc(F)c3Cl)cc2c1
D08771,CC(C)N1CCC(C(=O)Nc2c(O[C@@H]3O[C@H](C(=O)O)[C@@H](O)[C@H](O)[C@H]3O)cc(Br)cc2C(=O)Nc2ccc(Cl)cn2)CC1
D08772,CCCCc1nn(-c2cccc(Cl)c2Cl)c(C(=O)OCC)c1Cc1ccc(-c2ccccc2-c2nnn[nH]2)cc1
D08773,O=C(c1ccccc1)N1CC[C@](O)(c2ccccc2)[C@H]2CCCC[C@@H]21
D08774,CCn1cnc(C(Cc2ccc(N)nc2)C(=O)O)c1
D08775,OCC1CCN(c2nccnc2OC2CN(c3ncc4ccccc4n3)C2)CC1
D08776,O=C(N1CCOCC1)N1CCN(c2ccc(Cl)cc2CO)CC1
D08777,CC(=O)Oc1ccc(C2=C(c3ccc(S(C)(=O)=O)cc3)COC2=O)cc1
D08778,Cc1cc(Cl)cc2c(C(=O)OCc3ccco3)cc(-c3ccc(Br)cc3)nc12
D08779,CN(C)C(=O)N1CC(c2cc(F)ccc2F)=C[C@@]1(CC[C@H](N)C(F)F)c1ccccc1
D08780,CC1=C[C@H]2Cc3[nH]c(=O)ccc3[C@@]3(C1)[C@@H]2CCCN3C(=O)CN(C)CCCCCCCCN(C)CC(=O)N1CCC[C@@H]2[C@H]3C=C(C)C[C@]21c1ccc(=O)[nH]c1C3
D08781,O=C([C@@H]1CN[C@H](C(=O)N2CCCC2)C1)N1Cc2ccc(C(F)(F)F)cc2C1
D08782,N#Cc1cc(-c2ncnc(Nc3ccc(N4CCN(C5COC5)CC4)cc3)n2)ccc1O[C@H]1CCN(C(=O)c2[nH]ncc2Cl)C[C@H]1F
D08783,CC1(c2cc(NC(=O)c3ccc(F)cn3)ccc2F)CC2(CCOCC2)OC(N)=N1
D08784,CC(C)c1cc(C#N)cc2nc(-c3ccc(C(=O)NC[C@@]4(C)CN(c5ccc(-c6ccccc6OC(F)(F)F)cn5)C(=O)O4)cc3)oc12
D08785,COc1ccc2c(-n3c(=O)n(Cc4cccc([C@@]5(C)OC(O)=NC5=O)c4)c4cc(C(F)(F)F)ccc43)noc2c1
D08786,O=C(C=Cc1ccc(O)cc1)CC(=O)C=Cc1ccc(O)cc1
D08787,C=C(C)c1ccc(-c2ccc(C(=O)NCC(C)C)cc2C(=O)O)c(C(=O)Nc2ccc(C(=N)N)cc2)c1
D08788,CN(C)C(=O)COCc1cncc(C2COc3c(C#N)cccc3O2)c1
D08789,CCOc1ccc(-n2c([C@@H](C)N(Cc3cccnc3)C(=O)Cc3ccc(OC(F)(F)F)cc3)nc3ncccc3c2=O)cc1
D08790,CC(C)N(CCc1c(C(C)(C)O)[nH]c2ccccc12)Cc1ccc(/C=C/C(=O)NO)cc1
D08791,CCCCc1nn(-c2cccc(Cl)c2Cl)c(C(=O)O)c1Cc1ccc(-c2ccccc2-c2nnn[nH]2)cc1
D08792,Cc1cc(Nc2ncnc(-c3ccc(O[C@H]4CCN(C(=O)c5cn(C)nn5)C[C@H]4F)c(C#N)c3)n2)ccc1C1CCN(C)CC1
D08793,CN=CC(=O)c1ccc(Cn2c(C)cc(OCc3ccc(F)cc3F)c(Br)c2=O)cc1
D08794,CN(C)CCC(=O)Nc1ccc2nc3c4[nH]c5ccccc5c4ccn3c(=O)c2c1
D08795,CN(Cc1cnc2nc(N)nc(N)c2n1)c1ccc(C(=O)NC(CCCN)C(=O)O)cc1
D08796,CCOc1nn(C)cc1Nc1ncc(C)c(-c2c[nH]c3c(NC(=O)[C@@H](CC)N4CCN(C)CC4)cccc23)n1
D08797,O=S(=O)(N[C@@H]1CC[C@@]2(S(=O)(=O)c3ccc(Cl)cc3)c3c(F)ccc(F)c3OC[C@H]2C1)C(F)(F)F
D08798,C=CC(=O)Nc1ccc(S(=O)(=O)N2CCN(C(=O)OCc3cccc(F)c3F)CC2)cc1
D08799,O=C(O)C1=Cc2cc(Cl)c(Cl)cc2OC1C(F)(F)F
D08800,Cc1cc2c(Nc3ccccn3)c(C#N)cnc2cc1OCCCN1CCN(C)CC1
D08801,CC(C)(OCc1cc(-c2cccc(OC3CC3)c2)n(-c2ccc(F)cc2N2CCC2)n1)C(=O)O
D08802,Fc1cc(F)c(-c2ncn(CC(F)F)c2-c2ccc3nccn3c2)cc1Cl
D08803,COc1ccc2c(-n3c(=O)n(Cc4ccc(Cl)c(O[C@H](C)C(=O)O)c4)c4ccccc43)noc2c1
D08804,CC[C@@H](C)Oc1cc2c(cc1OC)CC(=O)N(c1ccc(C(C)N(CC)C(=O)C3CCN(C(C)=O)CC3)cc1)C2c1ccc(Cl)cc1
D08805,Cc1nc(-c2cccnc2)sc1C(=O)N[C@H](/C=C/S(=O)(=O)c1ccccc1)CCc1ccccc1
D08806,CC(C)c1c(-c2cc(C(C)C)c3ncnn3c2)[nH]c2ccc(C3CCN(C4COC4)CC3)cc12
D08807,Cc1cc2nc(N)[nH]c(=O)c2n1Cc1ccc(C(=O)N[C@@H](CCC(=O)O)C(=O)O)cc1
D08808,CNC(=O)NC(=N)NCCC[C@@H]1NC(=O)[C@@H](C)NC(=O)C[C@@H](C(=O)O)NC(=O)C[C@@H](C(=O)O)NC(=O)[C@H](Cc2ccccc2)N(C)C1=O
D08809,COCCNC(=O)c1cc(Nc2nccc(Oc3ccc(NC(=O)Nc4cc(C(C)C)nn4-c4ccc(C)cc4)c4ccccc34)n2)cc(OC)c1
D08810,Cc1nc(N)ccc1CNC(=O)c1cnn(Cc2ccc(Cn3cccn3)cc2)c1
D08811,Cc1ncc(-c2ccnc(Nc3ccc(N4CCN(C(=O)[C@H](C)O)CC4)cc3)n2)n1C(C)C
D08812,O=C(N[C@@H]1COc2cccc(-c3cccnc3)c2C1)c1ccc(OCC(F)(F)F)nc1
D08813,COc1cc(CNC(=O)[C@@H](CC2CCCCC2)NC(=N)NC(=O)Cc2cc(OC)c(OC)cc2Br)ccc1F
D08814,Cc1cc(C)c(NC(=O)Nc2cc3ccccc3cc2C(=O)N[C@H](C(=O)O)[C@@H](C)OC(C)C)c(C)c1
D08815,Cc1ccc(N(C)c2nc(-c3ccc(S(C)(=O)=O)cc3)cc(C(F)(F)F)n2)cc1
D08816,O=C(O)Cn1c2ccccc2c2nnc(S)nc21
D08817,N=C(N)NC(=O)c1ccc(C2CCN(C(=O)C3CC3)CC2)c(C(F)(F)F)c1
D08818,COc1cc(N2CCN(C(C)=O)CC2)ccc1Nc1ncc(C(F)(F)F)c(-c2cnc3ccccn23)n1
D08819,CC(C)CNC(=O)c1ccc(-c2ccc(-c3ccoc3CO)cc2C(=O)Nc2ccc(C(=N)N)cc2)c(C(=O)O)c1
D08820,CC(=O)N[C@@H]1[C@@H](NC(=N)N)C=C(C(=O)O)O[C@H]1[C@H](O)[C@H](O)CNC(=O)C1CC1.O=C(O)C(F)(F)F
D08821,Cc1cc(Cl)ccc1C1c2c(nn(-c3ccccc3F)c2C(C)C)C(=O)N1c1cccc(Cl)c1F
D08822,Cc1cc(COc2ccc(S(=O)(=O)CC(CC3CCC4(CC3)OCCO4)N(O)C=O)cc2)c2ccccc2n1
D08823,COc1ccc(NS(C)(=O)=O)cc1-c1ccc([C@H]2C[C@@H]2NC2CCC(N)CC2)cc1
D08824,O=C1c2ccccc2-c2nnc(-c3ccc(F)cc3)cc21
D08825,CC(C)NC(=O)c1cn(-c2cccc(-c3ccc(S(C)(=O)=O)cc3)c2)c2ncccc2c1=O
D08826,C#Cc1cc(Nc2cc(Oc3ccc(NC(=O)Nc4cc(C(C)(C)C)nn4C)c4ccccc34)ccn2)cc(C(=O)NCCOCCOCCOC)c1
D08827,CN1CCC(CC(=O)N2CCN([C@@H]3c4ccc(Cl)cc4CCc4cc(Br)cnc43)CC2)CC1
D08828,CS(=O)(=O)c1ccc(C2=C(c3cc(F)cc(F)c3)C(=O)CC2)cc1
D08829,Nc1nc2c(-c3c[nH]c4ccccc34)nccc2[nH]1
D08830,N[C@H](C(=O)N1CCSC1)[C@H]1CC[C@@H](OC(=O)Nc2ccc(Cl)c(Cl)c2)C1
D08831,C[C@H](C1CC1)N(Cc1nc2c(c(=O)[nH]1)COCC2)C(=O)CN1CCC(C(=O)c2ccc(F)cc2)CC1
D08832,CC(C)(C)NC(=O)c1c[nH]c2ncc(-c3nn(CCCS(C)(=O)=O)c4ccc(OC(F)F)cc34)nc12
D08833,CN1C(=O)Cc2ccc(-c3cc(F)c(CC(C#N)NC(=O)[C@H]4N[C@@H]5CC[C@H]4C5)c(F)c3)cc21
D08834,O=C1OC[C@H](Cc2ccc(O)c(O)c2)[C@H]1Cc1ccc(O)c(O)c1
D08835,O=C(c1cccc2[nH]ccc12)N1CC[C@](O)(c2ccccc2)[C@H]2CCCC[C@H]21
D08836,CCOC(=O)/C=C/C(=O)N(CC(N)=O)NC(=O)[C@@H]1CCCN1C(C)=O
D08837,COc1ccc(-c2ccc(C(=O)N[C@H](CO)C(C)(C)C)cc2C(=O)O)c(C(=O)Nc2ccc3nc(N)[nH]c3c2)n1
D08838,NC(=O)c1cncc(OCc2cccc(NC(=O)c3ccc4ccccc4c3)c2)c1
D08839,c1ccc(Nc2nc(-c3ccccn3)cs2)nc1
D08840,NC(=O)c1ccc(NCCCCc2ccccc2)c2cncnc12
D08841,O=C(NCc1ccccc1)c1ccc2nc(-c3ccco3)c(-c3ccco3)nc2c1
D08842,Cc1sc2c(c1C)C(c1ccc(Cl)cc1)=N[C@H](CC(=O)OC(C)(C)C)c1nnc(C)n1-2
D08843,C(=C1\CCc2ccccc21)\c1cccnc1
D08844,Cc1nn(C)cc1Nc1ncc(F)c(-c2c[nH]c3c(NC(=O)[C@@H](C)N4CCN(C)CC4)cccc23)n1
D08845,O=S(=O)(Nc1cc(Cl)c(Oc2cnc3ccccc3c2)c(Cl)c1)c1ccc(Cl)cc1Cl
D08846,C[C@@H](Oc1cc(Cn2c(=O)n(-c3noc4ccc(Cl)cc34)c3ccc(C(F)(F)F)cc32)ccc1Cl)C(=O)O
D08847,N=C(N)NCCCC(NC(=O)CN1CCN(S(=O)(=O)c2ccc3ccccc3c2)CC1=O)C(=O)c1nccs1
D08848,C=C1CCC(COc2c(C#N)c(C(F)(F)F)nn2-c2ccc(S(C)(=O)=O)cn2)CC1
D08849,O=C(NO)c1ccc(Cn2c3c(c4ccccc42)CN(Cc2ccccc2)CC3)cc1
D08850,CC1=C[C@H]2Cc3[nH]c(=O)ccc3[C@@]3(C1)[C@@H]2CCCN3C(=O)CN(C)CCCCCCN(C)CC(=O)N1CCC[C@@H]2[C@H]3C=C(C)C[C@]21c1ccc(=O)[nH]c1C3
D08851,Cc1c(C(=O)Nc2cccc(C(F)(F)F)c2)cccc1[N+](=O)[O-]
D08852,CN(C)c1ccnc2sc3c(=O)n(-c4ccccc4)cnc3c12
D08853,[NH3+][C@H]1CN(c2cnc3cncnc3n2)CC[C@@H]1c1cc(F)c(F)cc1F
D08854,COc1cc(-c2cc(OC)c(-n3c(=O)ccc4cc(S(=O)(=O)Nc5ncccn5)ccc43)cc2F)ccc1Cl
D08855,O=C(N[C@H]1C[C@H](O)C[C@H]1OC(=O)c1cc(O)c(C(=O)c2c(O)cccc2C(=O)O)c(O)c1)c1ccc(O)cc1
D08856,Cc1ccc(C(=O)Nc2cccc(N3CCOCC3)c2)cc1-c1ccc2c(C3CCNCC3)noc2c1
D08857,O=C(NO)[C@H]1CC[C@@H](O)CN1S(=O)(=O)c1ccc(OCc2ccccc2)cc1
D08858,O=C(N1CCC2(CCCCC2)C1)C1(c2ccc(Cl)cc2)CC1
D08859,O=P(NCc1cccnc1-c1cc(Cl)cc(Cl)c1)(c1ccccc1)c1ccccc1
D08860,CN[C@@H](C)C(=O)N[C@H]1CN(C(=O)c2ccc(F)cc2)c2cc(C#N)ccc2N(Cc2c(OC)ccc3c(Br)cccc23)C1=O
D08861,COc1cc(-c2nn(C3CCNCC3)c3ncnc(N)c23)ccc1NC(=O)c1ccc(C(F)(F)F)cc1F
D08862,O=C(O)[C@@H]1CN(C(=O)N(c2ccccc2)c2ccccc2)CCN1C(=O)N(c1ccccc1)c1ccccc1
D08863,NC(=O)[C@H](Cc1ccccc1)NC(=O)[C@H](Cc1c(F)c(F)c(F)c(F)c1F)NC(=O)[C@@H]1CCCN1C(=O)[C@@H](N)Cc1ccc(O)cc1
D08864,CCOC(=O)N[C@H](CCCN=C(N)N)C(=O)NCC(=O)N[C@H](C=O)CCCN=C(N)N
D08865,CCCCCCCCCC[C@H](C)[C@@H](O)[C@@H](C)C=C(C)C=C(C)C(=O)[C@H](C)C=C(C)C(=O)O[C@H](CO)[C@@H](O)[C@H](O)C(=O)O
D08866,COCCn1c(C)cc(C(=O)COC(=O)c2ccccc2Br)c1C
D08867,COc1ccc(-c2ccc([C@H](C)N3CC[C@](CCCO)(c4ccccc4)OC3=O)cc2)cn1
D08868,COc1cnc(C(=O)Nc2ccc3c(c2)C2(CCSC(N)=N2)c2cc(-c4cncc(F)c4)nc(F)c2O3)cn1
D08869,COc1cccc2c1CCN(S(=O)(=O)c1cccc(C(=O)O)c1)C2
D08870,Nc1nc(N)c2nc(CCc3ccc(C(=O)NC(C(=O)O)C(O)CC(=O)O)cc3)cnc2n1
D08871,c1cnn2ncc(-c3ccnc(NC4CC4)n3)c2c1
D08872,NCCc1ccc(N=C(N)c2cccs2)cc1
D08873,CC(C)(Oc1ccc(Cl)cc1)C(=O)N[C@H]1C2C[C@@H]3C[C@@H]1C[C@@](C(=O)NCc1ccc(C(=O)O)cc1)(C2)C3
D08874,CC(NC(=O)c1ccc(OCc2ccccn2)c(C(F)(F)F)c1Cl)C(=O)C(=O)Nc1ccn(C)n1
D08875,CC[N+](C)(C)c1cccc(O)c1
D08876,CC(=O)N1CCc2c(c(Nc3ccc(-c4cnn(C)c4)cc3)nn2CCC(N)=O)C1
D08877,Cc1cc(Cl)cnc1C(=O)Nc1ccc(F)c([C@]2(C)C[C@@H](C(F)(F)F)OC(N)=N2)c1
D08878,O=C(N[C@H]1C2CC3CC1C[C@](C(=O)O)(C3)C2)C1(N2CCN(c3ccc(C(F)(F)F)cn3)CC2)CCC1
D08879,CC=C1C(=O)C[C@H]2[C@@H]3CCC4=CC(=O)CC[C@]4(C)[C@H]3CC[C@]12C
D08880,Nc1ccc(C23CC2C(=O)N(CC2CCCCC2)C3=O)cc1
D08881,CCc1cccc(CC)c1NC(=O)c1ccc(-c2cc(Cl)ccc2Cl)o1
D08882,Cc1cc(Cl)cnc1C(=O)Nc1cc(C)c(F)c([C@@]2(C(F)F)N=C(N)O[C@@H]3C[C@@H]32)c1
D08883,NCC(CC(=O)O)c1ccc(Cl)cc1
D08884,Cc1cc(C(=O)N2CC(C)NC(C)C2)[nH]c1/C=C1\C(=O)Nc2ncnc(Nc3ccc(F)c(Cl)c3)c21
D08885,Cc1ncc([C@H]2CC[C@@H](N3CC(NC(=O)CNc4nn(C)c5ccc(C(F)(F)F)cc45)C3)CC2)s1
D08886,CCCOC(=O)c1cc(-c2cccc(OC(=O)NC3CCCCC3)c2)n(-c2ccccc2)n1
D08887,COC(=O)c1oc2c(sc3ccccc32)c1OC(=O)C(C)C
D08888,CS(=O)(=O)c1ccc(CN(C(=O)C2CCCC2)c2cc(F)cc(-c3nnn[nH]3)c2)cc1
D08889,Cc1c(-c2[nH]c3ccc(C4CCNCC4)cc3c2C(C)C)cn2ncnc2c1F
D08890,N[C@@H](CC(=O)N1CCn2c(nnc2C(F)(F)F)C1)Cc1ccc(F)cc1F
D08891,COc1ccc(-c2cnc3c(-c4ccnc5ccccc45)cnn3c2)cc1
D08892,CCCCc1nn(-c2cc(Cl)ccc2Cl)c(C(=O)O)c1Cc1ccc(-c2ccccc2-c2nnn[nH]2)cc1
D08893,Cn1c(=O)n([C@H]2C[C@@H](O)C2)c2c3cc(-c4ccc(OCCCN5CCCC5)nc4)ccc3ncc21
D08894,CC(=O)c1ccc(C(=O)O)c(Nc2ccccc2C(=O)O)c1
D08895,Cc1c2c(O[C@H](C)[C@H]3CNC(=O)C3)cc(-c3cnn(C4CC(C)(C)OC4(C)C)c3)cc2nn1C
D08896,CNc1nccc(-c2cccnc2Oc2ccc(Nc3nc4ccccc4[nH]3)cc2C)n1
D08897,C[C@@H]1C(OC(=O)C(C)(C)c2cccnc2)CC2CC1C2(C)C
D08898,CCC(=O)N1CC[C@H](N(Cc2ccccc2C)c2ccc(C#N)c(Cl)c2)C1
D08899,Cc1cc(OC(F)F)cnc1C(=O)Nc1ccc(F)c([C@]2(CF)CS(=O)(=O)C(C)(C)C(N)=N2)c1
D08900,C[C@@H](c1ccccc1)N1[C@H]2CC[C@@H]1C[C@@H](Oc1cccc(C(N)=O)c1)C2
D08901,N[C@@H](CC(=O)N1CCn2nc(C3CC3)nc2C1)Cc1cc(F)c(F)cc1F
D08902,N#Cc1cc(-c2ncnc(Nc3ccc(N4CCO[C@@H](CO)C4)cc3)n2)ccc1OC1CCNCC1(F)F
D08903,CCCCc1nn(-c2c(Cl)cccc2Cl)c(C(=O)O)c1Cc1ccc(-c2ccccc2-c2nnn[nH]2)cc1
D08904,CC(C)n1cc(Nc2ncnc(-c3ccc(O[C@H]4CCN(C(=O)[C@@H](O)CO)C[C@H]4F)c(C#N)c3)n2)cn1
D08905,CCS(=O)(=O)C[C@@H]1C[C@H](N(C)C(C)C)CC[C@@H]1N1CC[C@H](NC(=O)c2cccc(C(F)(F)F)c2)C1=O
D08906,COC(=O)NC(Cc1ccc(N=C(N)N)cc1)P(=O)(Oc1ccc(NC(C)=O)cc1)Oc1ccc(NC(C)=O)cc1
D08907,CN(C)CCN(C)c1nc2ccc(NC(=O)COc3ccc(C(F)(F)F)cc3)cc2n1C
D08908,CC[C@]1(O)C[C@@H]2CN(CCc3c([nH]c4ccccc34)[C@@](C(=O)OC)(c3cc4c(cc3OC)N(C)[C@H]3[C@@](O)(C(=O)OC)[C@H](OC(C)=O)[C@]5(CC)C=CCN6CC[C@]43[C@@H]65)C2)C1
D08909,Cc1noc(C[C@H]2CC[C@H](c3ccc(N4CCOc5ncnc(N)c5C4=O)cc3)CC2)n1
D08910,COc1ccc2c(c1)c(CC(=O)OCCc1ccccc1)c(C)n2C(=O)c1ccc(Cl)cc1
D08911,O=C(O)Cn1cc(Cc2nc3c(F)c(F)cc(F)c3s2)c2cc(F)ccc21
D08912,FCCn1cnc(-c2ccc(F)c(Cl)c2)c1-c1ccc2nccn2c1
D08913,O=C(CCCCc1ccn(Cc2ccc(-n3ccc4ccccc43)cc2)n1)NO
D08914,CNCc1cc(OC)c(OC)cc1Oc1ccc(Cl)c(Cl)c1
D08915,COCCN1CCC(c2cc(C)c3nc(-c4c(NC[C@@H](O)c5cccc(Cl)c5)cc[nH]c4=O)[nH]c3c2)CC1
D08916,COCc1cc(Cl)cnc1C(=O)Nc1ccc(Cl)c([C@@]2(CF)N=C(N)O[C@@H]3C[C@@H]32)c1
D08917,COc1ccc(CC2c3nnc(C(F)(F)F)n3CCN2C(=O)C[C@H](N)Cc2cc(F)c(F)cc2F)cc1
D08918,Cc1cc(-c2[nH]c3ccc(C4CCN(CCS(C)(=O)=O)CC4)cc3c2C(C)C)cn2ncnc12
D08919,Cn1nc(-c2ccc(C(N)=O)c(N)c2)s/c1=N\C1CCCCC1
D08920,COc1ccc(-c2cccc(F)c2)cc1-c1nccc2cc(S(=O)(=O)Nc3ncns3)ccc12
D08921,COCCNCc1cc([C@]2(C)CCSC(N)=N2)c(F)cc1F
D08922,CSC(C)(C)[C@@H]1NC(=O)[C@@H]2CCCN2C(=O)[C@@H](CC(=O)O)NC(=O)[C@H](Cc2c(C#N)[nH]c3ccccc23)NC(=O)[C@@H](C(C)C)NC1=O
D08923,CN[C@@H](C)C(=O)N[C@H]1CN(C(=O)c2ccc(C(C)=O)cc2)c2ccccc2N(Cc2noc3ccccc23)C1=O
D08924,COc1cc(-c2cc(C)cc(Cl)c2)c(C#N)cc1-c1nccc2cc(S(=O)(=O)Nc3ccncn3)ccc12
D08925,Cc1ccc(-n2nc(C(C)(C)C)cc2NC(=O)Nc2ccc(Oc3ccnc(Nc4ccc5c(c4)NC(=O)C5)n3)c3ccccc23)cc1
D08926,CN(C)[C@@H]1CCN(c2ccc(Cl)c(Cl)c2)c2ccccc21
D08927,Nc1cccc2ccc(-n3c(-c4ccnc(NC5CCOCC5)c4)n[nH]c3=O)cc12
D08928,COCCOCCOCC#Cc1cccc2nc(Cn3nc(-c4cc(O)cc(F)c4)c4c(N)ncnc43)n(Cc3ccccc3C(F)(F)F)c(=O)c12
D08929,COC(=O)Nc1ccc(-c2cnc([C@@H]3C[C@H](C4CCN(S(C)(=O)=O)CC4)CN3C(=O)c3ccc(C(=N)N)cc3)[nH]2)cc1
D08930,COc1ccc(-c2nc3ncc(-c4csc(C(=O)NCC(C)C)c4)cc3[nH]2)cc1
D08931,N#Cc1cc(-c2ncnc(Nc3ccc(N4CCN(C5COC5)CC4)cc3)n2)ccc1O[C@H]1CCN(C(=O)c2nccnc2N)C[C@H]1F
D08932,COc1c(Cl)ccc2oc(C(=O)Nc3ccc(-c4ccc(S(=O)(=O)N[C@H](C(=O)O)C(C)C)cc4)cc3)c(C)c12
D08933,COC(=O)c1ccc(C(=O)Nc2ccc(CCN3CCc4cc(OC)c(OC)cc4C3)cc2)cc1NC(=O)c1ccc2ccccc2n1
D08934,CS(=O)(=O)c1ccc(-c2sc(-c3ccccc3Cl)nc2-c2ccccc2F)cc1
D08935,CN(C)C(=O)n1nnc(Cc2ccc(-c3cccc(O)c3)cc2)n1
D08936,Cn1c(=O)c2c(nc(SCCc3ccc(F)cc3)n2C)n(C)c1=O
D08937,Nc1ccccc1NC(=O)c1ccc(CNCOC(=O)c2cccnc2)cc1
D08938,CC1CCOC(=O)C=CC=CC(=O)OC2CC3OC4C5OC5(C)CCC4(COC(=O)C1O)C2(C)C31CO1
D08939,Oc1ccc2c(c1)[C@@]13CCCC[C@@]1(O)[C@@H](C2)N(CC1CCC1)CC3
D08940,COc1cccc(C(=O)CS(=O)(=O)c2ccccc2)c1
D08941,O=P(O)(O)C(O)(CCc1cccnc1)P(=O)(O)O
D08942,O=C(CCCCc1ccn(Cc2ccc(-c3ccccc3)cc2)n1)NO
D08943,CNC(=O)NC(=O)[C@@]12CC3C[C@H](C[C@H](C1)[C@H]3NC(=O)C(C)(C)Oc1ccc(Cl)cc1)C2
D08944,COc1cc(Cc2cnc(N)nc2N)cc2c1N(CCOC(C)=O)CCC2C
D08945,COc1cc(OC)cc(-c2cc3cnc(NCCCCCN4CCN(C)CC4)cc3nc2NC(=O)NC(C)(C)C)c1
D08946,O=C(CCCCCCc1ccccc1)c1ncc(C(F)(F)F)o1
D08947,Cc1nc(-c2ccc(S(N)(=O)=O)cc2)c(-c2ccc(Br)cc2)s1
D08948,CCn1c(C)nc2cc(-c3nc4n(n3)Cc3ccccc3-4)ccc21
D08949,OC(CN(Cc1cccc(Oc2cccc(C(F)(F)F)c2)c1)c1cccc(F)c1)C(F)(F)F
D08950,COc1c(C)cc(Cc2cnc(N)nc2N)cc1C(C)(C)C
D08951,O=C1C(=O)N(Cc2ccccc2)c2ccc(S(=O)(=O)N3CCC[C@H]3COc3cccnc3)cc21
D08952,CC(C)(O)Cn1cc(Nc2ncnc(-c3ccc(O[C@H]4CCN(C(=O)[C@@H](O)CO)C[C@H]4F)c(C#N)c3)n2)cn1
D08953,CN1CCC(COCc2cc(C(F)(F)F)ccn2)(c2ccc(F)cc2)CC1
D08954,C=CCOc1ccc(CN2C(=O)C(=O)c3cc(S(=O)(=O)N4CCC[C@H]4COC)ccc32)cc1
D08955,[NH3+][C@H]1CN(c2ncccn2)CC[C@@H]1c1cc(F)c(F)cc1F
D08956,N#Cc1ccc(C(=O)Nc2ccc(Cl)c([C@@]3(C(F)F)N=C(N)O[C@@H]4C[C@@H]43)c2)nc1
D08957,Cc1cc(OC(F)F)cnc1C(=O)Nc1cc(C)c(F)c([C@]2(CF)C[C@@H](C(F)(F)F)OC(N)=N2)c1
D08958,CNS(=O)(=O)Nc1cccc(Cc2c(C)c3ccc(Oc4ncccn4)cc3oc2=O)c1F
D08959,CC(C)c1cccc(C2=C(c3ccc(S(C)(=O)=O)cc3)OC(C)(C)C2=O)c1
D08960,OC[C@H]1O[C@@H](n2cnc3c(NC4CCCC4)ncnc32)[C@H](O)[C@@H]1O
D08961,N#Cc1cccc2c1OCC(c1cncc(CC(=O)N3CCOCC3)c1)O2
D08962,COc1cnc(C(=O)Nc2ccc(F)c([C@]3(CF)C[C@@H](C(F)(F)F)OC(N)=N3)c2)cn1
D08963,CN[C@@H](C)C(=O)N[C@H]1CN(C(=O)CCOC)c2cc(C(F)(F)F)ccc2N(Cc2c(C3CC3)cnc3ccccc23)C1=O
D08964,Cc1cc(Cl)ccc1C1c2c(nn(C3CC3)c2C(C)C)C(=O)N1c1cccc(Cl)c1F
D08965,CSc1ccccc1-c1cc2[nH]c3ccc(O)cc3c2c2c1C(=O)NC2=O
D08966,CC(C)[C@H](NC(=O)[C@H](CC(=O)O)NC(=O)[C@@H](Cc1ccccc1)NC(=O)[C@@H](C)NC(=O)[C@@H](N)Cc1ccc(O)cc1)C(=O)N[C@H](C(=O)NCC(N)=O)C(C)C
D08967,COc1cccc(CNCC[C@H](N)C(=O)N2CCCCC2)c1
D08968,CCCOc1cnc(CNC=C2C(=O)NC(=O)c3ccc(I)cc32)cc1O
D08969,N#Cc1cc(-c2ncnc(Nc3ccc(N4CCN(C5COC5)CC4)cc3)n2)ccc1O[C@H]1CCN(C(=O)[C@@H]2CCCO2)C[C@H]1F
D08970,N#Cc1ccc(Cn2cncc2CN(CCCN)[C@H]2CCN(Cc3cccc(Cl)c3)C2=O)cc1
D08971,O=c1sn(-c2ccc(Cl)c(Cl)c2)c(=O)n1Cc1ccc(F)cc1
D08972,Cc1nnc2n1-c1c(F)cc(-c3cccnc3)cc1CC2
D08973,CC(C)(OCc1cc(-c2cccc(OCC3COC3)c2)n(-c2ccccc2Cl)n1)C(=O)O
D08974,NC1=N[C@@](c2ccc(OC(F)(F)F)cc2)(c2cccc(-c3cccnc3F)c2)C2=NCCCN12
D08975,O=C(c1cc(Cl)ccc1-n1nccn1)N1CCOC[C@H]1Cc1cc(-n2nccn2)ccc1F
D08976,O=c1cc(N2CCOCC2)nc(NCc2cccc3ccccc23)[nH]1
D08977,O=c1ccoc2ccc(OCc3ccc(F)cc3)cc12
D08978,C#Cc1ccc(/C(F)=C/c2ccc(F)c([C@@]3(C)N=C(N)S[C@@]4(C(=O)N(C)C)C[C@H]43)c2)nc1
D08979,N#Cc1cncc(N2CCC([C@H](N)Cc3cc(F)ccc3F)CC2)c1
D08980,CN[C@@H](C)C(=O)N[C@H]1CN(C(=O)CS(C)(=O)=O)c2cc(C(F)(F)F)ccc2N(Cc2c(C3CC3)cnc3ccccc23)C1=O
D08981,Oc1cccc(-c2ccc3cc(O)ccc3c2)c1
D08982,CC1(C)CC(=O)c2ccc(OCc3ccc(Cl)cc3)cc2O1
D08983,CC(C)OC(=O)N1C[C@H](S)CC1CNCc1cc(F)ccc1F
D08984,COc1ncc(NC2=C(C(C)=N)C(=O)N(c3cc(C)c(=O)n(C)c3)C2c2ccc(Cl)cc2)cn1
D08985,C[C@@H](O)C(=O)N1CC[C@H](Oc2ccc(-c3ncnc(Nc4ccc(N5CCN(C6COC6)[C@H](C)C5)cc4)n3)cc2C#N)C(F)(F)C1
D08986,Nc1ncnc2c1c(I)cn2[C@@H]1O[C@H](CO)[C@@H](O)[C@H]1O
D08987,CCCCNc1ncc(-c2ccccn2)c(Nc2ccc(O)cc2)n1
D08988,N#Cc1cnc2ccc(-c3c(-c4ccc(F)cc4)ncn3C3CCCCC3O)nn12
D08989,CC(C)[C@H](NS(=O)(=O)c1ccc(-c2ccc([N+](=O)[O-])cc2)cc1)C(=O)O
D08990,CN(C)CC(NC(=O)N1Cc2nc(Nc3ccccc3)ncc2C1(C)C)c1ccccc1
D08991,CCOC(=O)c1[nH]cc2c1NC1=C(C(=O)CCC1)C2c1ccc(Sc2nc3c(F)c(F)c(F)cc3[nH]2)o1
D08992,C[C@@H]1Cc2c(ccc3[nH]ncc23)[C@@H](c2c(F)cc(NC3CN(CCCF)C3)cc2F)N1CC(F)(F)CO
D08993,N=C(N)NCCCC(NC(=O)CN1CCN(S(=O)(=O)c2cccc3cccnc23)CC1=O)C(=O)c1nccs1
D08994,O=C(O)CCCCCCn1ccnc1
D08995,CCN(CC)CCOc1cccc(-c2cc(C(=O)NC3CCCNC3)c(NC(N)=O)s2)c1
D08996,CC1(C)C(N)=N[C@](C)(c2cc(Nc3nccc4nc(O)cnc34)cc(F)c2F)CS1(=O)=O
D08997,COCCn1nc2c(c1C(C)C)C(c1ccc(Cl)cc1C)N(c1cccc(Cl)c1F)C2=O
D08998,COc1ccc(C(=O)c2c(C)n(Cc3cc(O[C@@H](C)C(=O)O)ccc3F)c3ncccc23)cc1
D08999,O=C(Cc1ccccc1)Nc1cc2c3ccccc3nc-2c[nH]1
D09000,COc1ccc(C(=O)Cn2nc(Nc3cc(C)n[nH]3)c3ccccc3c2=O)cc1
D09001,COCc1cc(-c2[nH]c3ccc(C4CCN(CC(=O)N5CC(F)(F)C5)CC4)cc3c2C(C)C)cn2ncnc12
D09002,Cc1nnc(COc2cnc(/C(F)=C/c3ccc(F)c([C@@]4(C)N=C(N)S[C@@]5(S(C)(=O)=O)C[C@@H]45)c3)cn2)o1
D09003,CNC(=O)c1ccc(C)c(Nc2nc(NC)nc3c2cnn3-c2ccccc2)c1
D09004,CC(N=Nc1nc2ccccc2nc1Cc1ccccc1)c1ccccn1
D09005,COc1ccc(C(=O)C2CCN(C3CCN(CC(=O)Nc4nnc5n4CCS5)C3=O)CC2)cc1
D09006,O=C(CCc1cn2c(n1)sc1cc(O)ccc12)NC1=C(C(=O)O)CCC1
D09007,Cc1cc(C)c(=O)n(C(C(=O)NS(=O)(=O)c2ccc(C(C)(C)C)cc2)c2ccc3c(c2)OCO3)n1
D09008,Cc1ccc(-c2nccs2)cc1NC(=O)c1ccc(OCc2ccccn2)cc1
D09009,CN[C@@H](C)C(=O)N[C@H](C(=O)N1CCc2ccccc2[C@H]1C(=O)Nc1c(F)cccc1F)C(C)C
D09010,CC(=O)c1sc(NC(=O)N[C@@H]2CNCC[C@H]2CN2CCC[C@@H](Cc3ccc(F)cc3)C2)nc1C
D09011,N#CC(Cc1ccc(-c2ccc3c(c2)CCNC3=O)cc1F)NC(=O)[C@H]1N[C@H]2C[C@@H]1[C@@H]1C[C@H]21
D09012,CC(=O)N1CCc2c(c(Nc3ccc(-c4cc[nH]n4)cc3)nn2C)C1
D09013,COc1ccc(-c2oc3cc(O)cc(O)c3c(=O)c2O)cc1
D09014,CCN(CC)CCN(Cc1ccc(-c2ccc(C(F)(F)F)cc2)cc1)C(=O)Cn1cc(C)c(=O)nc1SCc1ccc(F)cc1
D09015,COc1cccc(-c2cc(COC(C)(C)C(=O)O)nn2Cc2ccccc2OC2CC2)c1
D09016,O=C(Nc1nc2cccc(-c3ccc(CNC(=O)C(F)(F)F)cc3)n2n1)C1CC1
D09017,C[C@@]1(c2cc(Nc3ncc(F)c4cc(C#N)cnc34)ccc2F)CS(=O)(=O)[C@@](C)(F)C(N)=N1
D09018,O=C1Nc2ccc(C(=O)O)cc2/C1=C/c1cc2c([nH]1)CCCC2
D09019,N#Cc1cc(-c2ncnc(Nc3ccc(N4CCN(C5COC5)CC4)cc3)n2)ccc1O[C@H]1CCN(C(=O)N2CC[C@@H](O)C2)C[C@H]1F
D09020,C=C(CNN)c1ccc(Cl)cc1
D09021,CCCCn1c2ccc(O)cc2c2c3c(c(-c4ccccc4Cl)cc21)C(=O)NC3=O
D09022,CC(C)=Cc1cc(C(F)(F)F)cc(COCC2(c3ccc(F)cc3)CCN(C)CC2)n1
D09023,CCN(CC)C(=O)c1ccc([C@H](c2cccc(NC(=O)C3CC3)c2)N2CCN(CCOC)CC2)cc1
D09024,CNC(CS(C)(=O)=O)c1ccc(-c2ccc3ncnc(Nc4ccc(OCc5cccc(F)c5)c(Cl)c4)c3c2)o1
D09025,O=c1[nH]c2ncc(-c3ccc4nc[nH]c4c3)nc2n1CC1CCCCC1
D09026,CN1C(C)(C)CC(Nc2cc(F)c(S(=O)(=O)Nc3nccs3)cc2Cl)CC1(C)C
D09027,COc1ccc2c(c1)c(Cn1ccnc1)cn2CCC(=O)O
D09028,O=C1Nc2c(Cl)cc(-c3ccccn3)cc2C2(CCCCC2)N1
D09029,COc1ccc(-c2nc3ncc(Br)c(NCCCNC(=O)C(C)(C)C)c3[nH]2)cc1
D09030,C[C@]12CC[C@H]3[C@H]([C@@H]1[C@@H]1C[C@@H]1[C@@]21CCC(=O)O1)[C@H]1C[C@H]1C1=CC(=O)CC[C@@]13C
D09031,CC1CCN(C(=O)C(CCn2cccc2C#N)NS(=O)(=O)c2cccc3[nH]ccc23)CC1
D09032,CC(C)(OCc1cc(-c2cccc(OC3CC3)c2)n(-c2ccccc2F)n1)C(=O)O
D09033,CN(Cc1ccc(C(=O)Nc2ccc(Cl)cc2C(=O)Nc2ccc(Cl)cn2)cc1)C1=NCCS1
D09034,N#Cc1cnc2ccc(-c3c(-c4ccc(F)c(Cl)c4)ncn3CCCF)cn12
D09035,CCCCCC(NC(=O)CCC)C(C)(C)C(=O)OC(=O)C(C)(C)C(CCCCC)NC(=O)CCC
D09036,N#Cc1ccccc1Cn1c(N2CCC[C@@H](N)C2)nc2ccc(Cl)cc2c1=O
D09037,COc1cc(Cc2cnc(N)nc2N)cc2c1N(CCOC(C)=O)C(C)(C)C=C2C
D09038,Cc1nn(C2CCOCC2)c2sc(C(=O)Nc3ccc(N4CCN(C)CC4=O)cc3)cc12
D09039,NC1=NC(c2ccc(OC(F)(F)F)cc2)(c2cccc(-c3cccnc3F)c2)C2=NCCCCN12
D09040,COC(=O)[C@H](Cc1c(Sc2ccccc2[N+](=O)[O-])[nH]c2ccccc12)NC(=O)[C@@H](O)[C@H](N)CCCCN
D09041,CC1(C)C(=O)Nc2ccc(Nc3ncnc(-c4ccc(OC5CCOCC5)c(C#N)c4)n3)cc21
D09042,CC(=O)Nc1nc(CCc2ccc(N=C(N)N)cc2)c(Cc2ccc(S(C)(=O)=O)cc2)s1
D09043,COc1cnc(C(=O)Nc2ccc(F)c([C@@]3(C(F)F)N=C(N)O[C@@H]4C[C@@H]43)c2)cn1
D09044,NC(=O)c1ccc(Sc2cnc(NC(=O)NCc3nc(-c4ccccc4)c[nH]3)s2)cc1
D09045,C#CCn1c(=O)n(Cc2cnc(C)s2)c(=O)c2cc(S(=O)(=O)NC3(C)CC3)ccc21
D09046,COc1ccc(/N=c2\oc3cc(O)ccc3cc2C(=O)Nc2ccccn2)c(OC)c1
D09047,COc1ccc2[nH]c3c(c2c1)C1(c2cccc(O)c2)CCN(C)C(C3)C1
D09048,N#Cc1cc(-c2ncnc(Nc3ccc(N4CCN(C5COC5)CC4)cc3)n2)ccc1O[C@H]1CCN(C(=O)[C@@H]2COC(=O)N2)C[C@H]1F
D09049,NC(=O)c1cnc(N[C@H]2CCCNC2)c2cc(-c3cccc(F)c3)sc12
D09050,Cc1cc(Cl)ccc1C1c2c(nn(CC(=O)N3CCN(C)C(=O)C3)c2C(C)C)C(=O)N1c1cc(Cl)ccc1C
D09051,CS(=O)(=O)c1ccc(-c2oc3ccccc3c2-c2ccc(F)cc2)cc1
D09052,CCN1CCCC1c1nc(COc2cc3ncnc(Nc4ccc(Cl)c(Cl)c4)c3cc2OC)cs1
D09053,CS(=O)(=O)c1ccc(-c2c(-c3ccc(F)c(F)c3)nc3sccn23)cc1
D09054,Cc1ccc(CNC=C2C(=O)NC(=O)c3ccc(I)cc32)cc1O
D09055,O=C(c1ccon1)N1CC[C@@](O)(c2ccccc2)[C@@H]2CCCC[C@@H]21
D09056,O=C(c1ncc(-c2ccccn2)o1)[C@H]1COc2cc(Oc3ccccc3)ccc2C1
D09057,O=c1c2cn[nH]c2c2ncc(-c3cccnc3)cc2n1CC(F)(F)F
D09058,NC(=O)c1cccc2c(NC(Cn3ccnc3)c3ccccc3)ncnc12
D09059,NC(=O)C[C@H](N)C(=O)N1CCC(Nc2ccc3c(c2)CN(S(=O)(=O)c2ccc(O)cc2O)C3)CC1
D09060,COC(=O)c1ccc(CSc2nnc(-c3ccc4c(c3)OCCO4)o2)cc1
D09061,CN[C@@H](C)C(=O)N[C@H]1CN(C(=O)CCCNC(=O)OCC2c3ccccc3-c3ccccc32)c2ccccc2N(Cc2c(OC)ccc3cc(C(=O)OC)ccc23)C1=O
D09062,N[C@H]1CN(c2ncnc(N3CCC(F)(F)C3)n2)C[C@@H]1N1CCCCC1=O
D09063,CCO[C@@H]1Cc2cc(C(F)(F)F)ccc2[C@H]1N1CCN(C2(C)CCN(C(=O)c3c(C)ncnc3C)CC2)C[C@@H]1C
D09064,C=CCN1CCN(C(c2ccccc2)c2ccc(C(=O)N(C)C)cc2)CC1
D09065,Cc1c(-c2cn(C(C)C)c(=O)c3ccccc23)c2cc(F)ccc2n1CC(=O)O
D09066,Cc1cc(Cl)cnc1C(=O)Nc1ccc(F)c([C@]2(C)CS(=O)(=O)C3(CCC3)C(N)=N2)c1
D09067,CC(C)c1ccc(-c2nc3c([nH]2)c(=O)n(C)c(=O)n3C)cc1
D09068,Cn1cncc1C(OCc1ccc(C#N)cc1C(=O)Nc1ccccc1)c1ccc(C#N)cc1
D09069,CCOc1ccc(-c2nn3ncccc3c2-c2ccc(S(C)(=O)=O)cc2)cc1
D09070,COc1cc(CN/C=C2\C(=O)NC(=O)c3ccc(Br)cc32)cc(O)c1OC
D09071,COC[C@@H]1C[C@H](N(C)C(C)C)CC[C@@H]1NC(=O)CNC(=O)c1cccc(C(F)(F)F)c1
D09072,O=C(NCc1ccc(-c2cc[nH]c(=O)c2)cc1)c1c(F)ccc(F)c1Cl
D09073,COc1cc(OC)cc(-c2cc3cnc(NCCCN4CCN(C)CC4)nc3nc2NC(=O)NC(C)(C)C)c1
D09074,COC[C@@H]1CCCN1S(=O)(=O)c1cc(F)c2c(c1)C(=O)C(=O)N2CCCF
D09075,CC1(C)OC(=O)C(Sc2ccccc2)=C1c1ccc(S(C)(=O)=O)cc1
D09076,CO[C@@H](NC(=O)[C@@H](NC(=O)[C@H](CCCc1ccc(-c2ccccc2)c(C)c1)CC(=O)O)C(C)(C)C)c1ccccc1
D09077,CC(=O)CN1CC[C@@H](NC(=O)Nc2nc(C)c(C(C)=O)s2)[C@H](CN2CCC[C@@H](Cc3ccc(F)cc3)C2)C1
D09078,Cc1cc(C#N)cnc1C(=O)Nc1cc(Cl)c(F)c([C@]2(C)C[C@@H](C(F)(F)F)OC(N)=N2)c1
D09079,CN(C)C(=O)[C@@H](c1ccc(-c2cccnc2)cc1)[C@H]([NH3+])C(=O)N1CC[C@H](F)C1
D09080,N#C[C@@H]1CCCN1C(=O)[C@@H]([NH3+])CCC(=O)N1CCN(C(=O)C(F)(F)F)CC1
D09081,N[C@H]1CN(c2cc(-c3cccc(F)c3)ncn2)C[C@@H]1c1cc(F)c(F)cc1F
D09082,COc1ccc(-c2cscc2-c2ccc(S(C)(=O)=O)cc2)cc1F
D09083,O=C(c1cccc(C(F)(F)F)c1-n1nccn1)N1CCOC[C@H]1Cc1cccc(-n2nccn2)c1
D09084,C[C@@H](NC(=O)c1cc(C(=O)N[C@@H](Cc2ccccc2)[C@H](O)CNC2CC2)cc2c1CCCO2)c1ccccc1
D09085,O=C1N=C(O)SC1=Cc1ccc(-c2ccccc2O)o1
D09086,O=C(/C=C/c1cccc(S(=O)(=O)N[C@H](C(=O)Nc2cccc3ccccc23)c2ccccc2)c1)NO
D09087,[NH3+][C@H]1CN(c2ccc3nc(C(F)(F)F)nn3n2)CC[C@@H]1c1cc(F)c(F)cc1F
D09088,CN[C@@H](C)C(=O)N[C@H]1CN(C(=O)CC2CCOCC2)c2ccccc2N(Cc2c(OC)ccc3c(Br)cccc23)C1=O
D09089,O=c1[nH]c2cc(-c3ccccc3)ccc2c2nc(-c3ccccc3Cl)[nH]c12
D09090,CCN(C(=O)Cc1ccc(S(C)(=O)=O)cc1)C1CCN(CC[C@@H](c2cccc(OC)c2)C2CCN(S(C)(=O)=O)CC2)CC1
D09091,CC[C@@H](C)Oc1cc2c(cc1OC)CC(=O)N(c1ccc(C(C)N3CCC(N(C)C)CC3)cc1)C2c1ccc(Cl)cc1
D09092,Cc1cncc(-c2ncc(Cl)cc2-c2ccc(S(C)(=O)=O)cc2)c1
D09093,CC(=O)c1cccc(OCc2ccc(Br)cc2)c1
D09094,CCc1ccc2oc(C(=O)Nc3ccc(-c4ccc(S(=O)(=O)N[C@H](C(=O)O)C(C)C)cc4)cc3)c(C)c2c1OC
D09095,COc1ccc(NC(=O)c2ccc(CS(C)=O)c3ccccc23)c(C(=O)NCC2CCOCC2)n1
D09096,CC(C)(C)NC(=O)c1c[nH]c2ncc(-c3nn(CCCS(C)(=O)=O)c4cc(F)ccc34)nc12
D09097,Cc1cc(Nc2nc(N[C@H](C)c3ccc(F)cn3)c(C#N)nc2C)[nH]n1
D09098,Cc1cc(COc2ccc([C@]3(C)CCN([C@H](C)C(=O)NO)C3=O)cc2)c2ccccc2n1
D09099,CCNC(=O)Nc1nc2cc(NCCCN3CCN(C)CC3)ncc2cc1-c1cc(OC)cc(OC)c1
D09100,C[C@@H]1COC[C@@H](C)N1C(=O)[C@]12C[C@H]1[C@@](C)(c1cc(/C=C(\F)c3ccc(C#N)cn3)ccc1F)N=C(N)S2
D09101,[C-]#[N+]c1cc(C(F)(F)F)ccc1-c1cccc2cc(S(=O)(=O)Nc3ncns3)ccc12
D09102,O=C1NN(C(=O)Nc2ccc(Br)cc2)[C@@H](c2ccccc2)[C@@H]1c1ccccc1
D09103,C=C(C)c1cnc(-c2cc(Cl)ccc2F)cc1Nc1ccncc1C(=O)N[C@H](C)CO
D09104,CC(=O)NC(C)C#Cc1cnc(Oc2ccc(OCC(C)C)cc2C)s1
D09105,C[C@@H](c1ccc(-c2ccc(=O)n(C)c2)cc1)N1CC[C@](CC(C)(C)O)(c2ccccc2)OC1=O
D09106,COc1cc(-c2nn([C@H]3CC[C@H](N4CCN(C)CC4)CC3)c3ncnc(N)c23)ccc1NC(=O)c1ccccc1
D09107,C[C@]1(c2cc(/C=C(\F)c3ccc(C#N)cn3)ccc2F)N=C(N)S[C@@]2(C(=O)N3CCOC4(CC4)C3)C[C@H]21
D09108,COC[C@@H]1CCCN1C(=O)CC(C)(C)[C@H]([NH3+])C(=O)N1CCC[C@H]1C#N
D09109,CCn1sc(=O)n(Cc2ccc(F)cc2)c1=O
D09110,Cc1cc(N2C(=O)c3c(C(N)=O)cn(C)c3C2c2ccc(Cl)cc2)cn2c(C)nnc12
D09111,CN1[C@H]2CC[C@@H]1C[C@@H](c1ccccc1)[C@@H]2c1ccccc1
D09112,CC(C)Cn1cc(C2(c3cccc(-c4cncnc4)c3)N=C(N)N(C)C2=O)cn1
D09113,O=C(c1ccc(OC(F)(F)F)cc1)C1CCN(CC(=O)N(Cc2nc3c(c(=O)[nH]2)COCC3)CC(F)F)CC1
D09114,CN[C@@H](C)C(=O)N[C@H]1CCc2ccccc2N(Cc2c(OC)ccc3cc(-c4noc(=O)[nH]4)ccc23)C1=O
D09115,CC(C)(C)OC(=O)NCC(=O)Nc1ccc2ncnc(Nc3ccc(F)c(Cl)c3)c2c1
D09116,CSCC[C@@H]1NC(=O)[C@H](Cc2ccccc2)NC(=O)CNC(=O)[C@H](CC(C)C)NC(=O)[C@@H](NC(=O)[C@@H](N)CC(=O)O)CSSC[C@@H]2NC(=O)[C@@H]3CSSC[C@@H](C(=O)N[C@@H](CCCCN)C(=O)N[C@@H](Cc4ccc(O)cc4)C(=O)N[C@H](C(=O)N[C@@H](Cc4ccccc4)C(N)=O)C(C)C)NC(=O)[C@H](Cc4c[nH]c5ccccc45)NC(=O)[C@H](CCCCN)NC(=O)[C@H](Cc4c[nH]cn4)NC(=O)[C@H]([C@@H](C)O)NC(=O)[C@H](CCCNC(=N)N)NC(=O)[C@H](CO)NC(=O)[C@H](CSSC[C@H](NC(=O)[C@H](CCCCN)NC(=O)[C@H](CCCNC(=N)N)NC1=O)C(=O)N[C@@H](Cc1cccc4ccccc14)C(=O)N1CCC[C@H]1C(=O)N[C@@H](CC(=O)O)C(=O)N[C@@H](CC(N)=O)C(=O)N[C@@H](CC(=O)O)C(=O)N[C@@H](CCCCN)C(=O)N3)NC(=O)[C@H](C(C)C)NC(=O)[C@H](CC(C)C)NC(=O)[C@H](CC(N)=O)NC(=O)[C@@H]1CCCN1C(=O)[C@H](CCCNC(=N)N)NC2=O
D09117,[C-]#[N+]c1cnc2ccc(-c3c(-c4ccc(F)cc4F)ncn3CC(F)F)cn12
D09118,Cc1cc(N2C(=O)c3c(c(C4CC4)nn3-c3ccnn3C)C2c2ccc(Cl)cc2)cn2c(C)nnc12
D09119,Cc1cc2c(NC(=O)N[C@@H]3CC(C)(C)Oc4c(F)cc(F)cc43)cccc2cn1
D09120,CCCCCCNC(=O)Oc1cccc(-c2ccc([C@@H](C)C(=O)O)cc2F)c1
D09121,O=C(O)CCCCCOc1ccc2cc1COC/C=C/COCc1cccc(c1)-c1ccnc(n1)N2
D09122,COC[C@H](C(=O)Nc1cccc2c(-c3ccnc(Nc4cn(C)nc4OC)n3)c[nH]c12)N1CCN(C)CC1
D09123,CCCCN1C(=O)C(=O)c2cc(S(=O)(=O)N3CCC[C@H]3COCC)ccc21
D09124,N#CN1CCC[C@@H](n2nc(-c3ccc(Oc4ncc(Cl)cc4F)cc3)c(C(N)=O)c2N)C1
D09125,Cc1ccc(S(=O)(=O)N[C@@H](CC(=O)NCC(C)(C)C)C(=O)N[C@@H](C)C(=O)N[C@H](/C=C/S(C)(=O)=O)CC(C)C)cc1
D09126,CN1CCC(COCc2cc(C#N)cc(C3CC3)n2)(c2ccc(F)cc2)CC1
D09127,CC1=C(C(=O)Nc2ccc3[nH]ncc3c2)C(c2ccc(F)c(C(=O)NCc3cccc(F)c3)c2)NC(=O)N1
D09128,N#Cc1cc(-c2ncnc(Nc3ccc(N4CCN(C5COC5)CC4)cc3)n2)ccc1OCC1(C(N)=O)CC1
D09129,CC(C)c1c(-c2cc(C#N)c3ncnn3c2)[nH]c2ccc(C3CCN(CCS(C)(=O)=O)CC3)cc12
D09130,CC(=O)Oc1ccc(CN2C(=O)C(=O)c3cc(S(=O)(=O)N4CCC[C@H]4COc4ccccc4)ccc32)cc1
D09131,O=C(O)c1cc(-c2ccco2)nc2ccc(Br)cc12
D09132,CCCN(CCNC(C)=O)C1COc2cccc(OC)c2C1
D09133,Cc1ccc2cc(O)c(C(=O)O)cc2c1
D09134,O=C(O)Cn1nnc(-c2cc(N3CC4CN(c5cc(F)ccc5Cl)CC4C3)no2)n1
D09135,N#Cc1ccccc1Cn1c(N2CCC[C@@H](N)C2)nc(-c2ccccc2)cc1=O
D09136,COC(=O)C1C(c2ccc(Cl)c(Cl)c2)CC2[C@H](O)CC1N2C
D09137,CN[C@@H](C)C(=O)N[C@@H]1C(=O)N(Cc2c(C)cnc3ccccc23)c2ccccc2N(C(=O)CS(C)(=O)=O)[C@H]1C
D09138,Cc1ccc(S(=O)(=O)Nc2ccc(S(N)(=O)=O)cc2)cc1
D09139,C[C@@H](NC(=O)c1cc(C(=O)N[C@@H](Cc2ccccc2)[C@H](O)CNC2CC2)cc(N(C)S(C)(=O)=O)c1)c1ccccc1
D09140,O=C1c2ccccc2C(=O)N1c1ccccc1
D09141,C[C@@]1(c2cc(Nc3nccc4cc(C#N)cnc34)cnc2F)C[C@@H](C(F)(F)F)OC(N)=N1
D09142,O=C(NO)c1ccc(F)c(NCc2ccccc2)c1
D09143,Nc1nc2sc(CCc3ccc(C(=O)N[C@@H](CCC(=O)O)C(=O)O)cc3)cc2c(=O)[nH]1
D09144,CN(C)c1ccc(-c2nnc3c(C(=O)c4ccccc4)nc4ccccc4n23)cc1Br
D09145,N#CCCn1nc(-c2ccc(OCc3ccccc3)cc2)oc1=S
D09146,C[C@]12CC[C@H]3[C@@H](CCC4=CC(=O)CC[C@@]43C)[C@@H]1CCC2=O
D09147,CC(C)N(C)[C@@H]1CC[C@H](N2CC[C@H](NC(=O)c3cccc(C(F)(F)F)n3)C2=O)[C@H](CS(C)(=O)=O)C1
D09148,C=CC(=O)Nc1cc(Nc2nccc(-c3c[nH]c4ccccc34)n2)c(OC)cc1N(C)CCN(C)C
D09149,COc1ccc2c(c1)c(CC(=O)NS(=O)(=O)C(F)(F)F)cn2C(=O)c1ccc(Cl)cc1
D09150,C[C@H]1C[C@@H](Oc2ccc(-c3ncnc(Nc4ccc(N5CCN(C6COC6)CC5)cc4)n3)cc2C#N)CCN1C(=O)CO
D09151,CNC(=O)c1cn(C)c2c1C(=O)N(c1cc(C)c3nnc(C(F)F)n3c1)C2c1ccc(Cl)cc1
D09152,COc1ccnc(CCc2nc3ncc(-c4ccccc4)cc3[nH]2)c1
D09153,CO[C@@H]1CC[C@@H](n2c(=O)n(C)c3cnc4ccc(-c5ccc(OCCCN6CCCC6)nc5)cc4c32)C1
D09154,C[C@@H]1C(=O)N(C2CC2)CCCN1C(=O)C[C@H](N)Cc1cc(F)c(F)cc1F
D09155,CCC(NCCCC[C@@H](Cc1cc(C)c(F)c(C)c1)C(=O)NO)c1ccc(F)cc1
D09156,C=CCC1c2nnc(C(F)(F)F)n2CCN1C(=O)C[C@H](N)Cc1cc(F)c(F)cc1F
D09157,O=C(O)c1cnncc1NC(=O)N1C[C@H]2C[C@@H](c3ccccc3C(F)(F)F)C[C@H]2C1
D09158,COCC#Cc1ccc2c(=O)c(-c3ccc(NS(=O)(=O)C4CC4)cc3)coc2c1
D09159,COCCCc1cc(CN(C(=O)[C@H]2CNCC[C@@H]2c2ccc(OCCOc3c(Cl)cc(C)cc3Cl)cc2)C2CC2)cc(OCC(C)(C)O)c1
D09160,Cn1c(Cc2nc(N3CCOCC3)cc(=O)[nH]2)nc2c(-c3ccccc3)cccc21
D09161,c1cc(-c2cnn3cc(-c4ccc(O[C@H]5CCNC5)cn4)cnc23)c2cccnc2c1
D09162,N#Cc1cc(-c2ncnc(Nc3ccc(N4CCNCC4)cc3)n2)ccc1OC1CCOCC1
D09163,CC(C)C[C@H](NC(=O)[C@H](C)NC(=O)[C@H](CCc1ccccc1)NC(=O)OCc1ccccc1)[C@@H](O)CC(=O)NC1CCCCC1
D09164,CCCC[C@@H](NC(=O)[C@@H](N)C(C)C)B(O)O
D09165,NC(N)=Nc1ccc(CC(NS(=O)(=O)c2cccc3ccccc23)P(=O)(Oc2ccccc2)Oc2ccccc2)cc1
D09166,NC1=N[C@](CF)(c2cc(NC(=O)c3ccc(OCF)cn3)ccc2Cl)[C@H]2C[C@H]2O1
D09167,COc1nc(N2C[C@H]3C(=O)N(C)C(N)=N[C@@]3(c3cc(F)ccc3F)C2)nc(C)c1F
D09168,Clc1ccc(CN(C2CCCCC2)C2CNC2)cc1
D09169,Cc1ccnc(C(=O)c2[nH]c3ccc(F)cc3c2CC(=O)O)c1
D09170,Cc1ccc(-c2c(CC(=O)O)c(C)nc(CC(C)C)c2CN)cc1
D09171,Cc1ccc(N2CC(=O)N(S(=O)(=O)c3ccc(C)c(C)c3)C2=O)cc1C
D09172,CCC(=O)N(CC1CCCCN1Cc1ccc2c(c1)CCC[C@@H]2O)c1ccc(F)c(F)c1
D09173,O=S(=O)(Nc1nccs1)c1cc(Cl)c(NCCC2CNC2)cc1F
D09174,N#CC1(NC(=O)[C@@H]2CCCC[C@H]2C(=O)N2CCN(c3nc4c(s3)CCC4)CC2)CC1
D09175,[NH3+]C(CC(=O)N1CCC[C@H]1C(=O)NCCCCc1nnn[nH]1)Cc1ccccc1F
D09176,O=S(=O)(Nc1ncns1)c1ccc2c(-c3ccc(F)cc3Br)cccc2c1
D09177,CCCSc1nc(N2CCC[C@@H](CC(=O)O)C2)ccc1C(=O)NC1CCCCC1
D09178,COc1ccc(-c2nn3c(-c4cccs4)nnc3s2)cc1OC
D09179,Cc1ccc(C2CC3CCC(C2c2cc(C(C)C)no2)N3C)cc1
D09180,Cc1nn(C2CC2)c2c1[C@@H](c1ccc(Cl)cc1F)N(c1cc(C)c3nnc(C)n3c1)C2=O
D09181,Cc1nc2cc(C)c(-c3[nH]c4ccc(C5CCN(C(=O)C[C@H](C)O)CC5)cc4c3C(C)C)cn2n1
D09182,C[C@@H](C1CC1)N(Cc1nc2c(c(=O)[nH]1)COCC2)C(=O)CN1CCC(C(=O)c2ccc(F)cc2)CC1
D09183,C[C@@H](c1ccc(-c2ccc(F)cn2)cc1)N1CC[C@](CC(C)(C)O)(c2ccccc2)OC1=O
D09184,CCc1cc2c(cc1Cn1c(C(=O)O)c(Cc3cccc(-c4nnn[nH]4)c3)c(=O)c3cc(O)ccc31)OCO2
D09185,C=CC(=O)Nc1ccc(S(=O)(=O)N2CCN(C(=O)OCc3ccccc3)CC2)cn1
D09186,CCCn1ncc2ccc(-c3cc(COC(C)(C)C(=O)O)nn3-c3ccccc3N3CCC3)cc21
D09187,COc1cccc(-c2c(C)n(Cc3c(F)cccc3F)c(=O)n(C[C@H](NCCCC(=O)O)c3ccccc3)c2=O)c1F
D09188,N#CN1CC(CNC(=O)C2CCCCC2)C1
D09189,N#Cc1cnc2ccc(-c3c(-c4ccc(F)cc4)ncn3C3CC(F)(F)C3)nn12
D09190,CN(C)CCN(C)Cc1ccc(C(=O)Nc2ccc(Cl)cc2C(=O)Nc2ccc(Cl)cn2)cc1
D09191,OCC1CCN(c2nccnc2OC2CN(c3ccc4ccccc4n3)C2)CC1
D09192,O=C(Nc1ccc(F)cn1)c1cc(Oc2cncnc2)cn2ncnc12
D09193,CN1CCC(COCc2cc(C(F)(F)F)cc(Cl)n2)(c2ccccc2)CC1
D09194,CN(C)N/N=C1/N=CN=C1C(N)=O
D09195,CC#CCOc1ccc(C(=O)C2CCN(CC(=O)N(Cc3nc4c(c(=O)[nH]3)COCC4)CC3CC3)CC2)cc1
D09196,CC(=O)c1sc(NC(=O)N[C@@H]2CNC[C@@H]2CN2CCC[C@@H](Cc3ccc(F)cc3)C2)nc1C
D09197,CCCc1cc(Oc2ccccc2)ccc1OCCCOc1cccc(-c2sc(=O)[nH]c2O)c1
D09198,CO[C@@H]1COCC[C@@H]1N(C)[C@@H]1CC[C@@](C(=O)N2CCN(c3cc(C(F)(F)F)ccn3)CC2)(C(C)C)C1
D09199,Cc1ccc(C(=O)N2C[C@@H](C)OC[C@H]2Cc2cccc(-c3ncccn3)c2)c(-n2nccn2)c1
D09200,O=C(CCc1ccccc1)O[C@@H]1NC(=O)[C@H]1NC(=O)[C@H](Cc1ccccc1)NC(=O)OCc1ccccc1
D09201,O=C(O)c1cccc(Nc2ccc(C(F)(F)F)cc2[N+](=O)[O-])c1
D09202,Cc1cc(CNC(=O)c2cc(C(=O)NCc3ccc(F)c(C)c3)ncn2)ccc1F
D09203,COc1ccc(C(=O)NO)cc1S(=O)(=O)Nc1ccc(C)cc1
D09204,CCOc1ccc([C@@H](C)Nc2nc(N3CCN(C(C)=O)CC3)nc3c2CN(C(C)C)C3=O)cc1F
D09205,CCn1cnc(-c2ccc(F)c(Cl)c2)c1-c1ccc2ncc(C#N)n2c1
D09206,CC(C)c1nc2cccnc2n1-c1ccc(C[C@H](NC2=C(Br)C(=O)C23CCCCC3)C(=O)O)cc1
D09207,CCOC[C@@H]1CCCN1S(=O)(=O)c1ccc2c(c1)C(=O)C(=O)N2
D09208,CC[C@H](C)[C@H](NC(=O)OCc1ccccc1)C(=O)N[C@@H](CCc1ccccc1)C(=O)N[C@@H](C)C(=O)N[C@H](C=CS(C)(=O)=O)CC(C)C
D09209,C=CCN(c1ccccc1N(CC=C)S(=O)(=O)c1ccc(C)cc1)S(=O)(=O)c1ccc(C)cc1
D09210,COc1ccnc(NC2CCN(C(=O)c3ccc(Cl)cc3)CC2)c1
D09211,Cc1ccc(-n2nccn2)c(C(=O)N2CCOC[C@H]2Cc2cccc(-n3cccn3)c2)n1
D09212,COc1cnc(C(=O)Nc2ccc(F)c([C@]3(C)CC4(CCC4)OC(N)=N3)c2)cn1
D09213,CC1=CC2Cc3[nH]c(=O)ccc3[C@@]3(C1)[C@@H]2CCCN3C(=O)CCN(C)CCCCCCCCN(C)CCC(=O)N1CCC[C@@H]2C3C=C(C)C[C@]21c1ccc(=O)[nH]c1C3
D09214,N#C[C@@H]1C[C@H](F)CN1C(=O)C[C@H](N)Cc1ccc(Cl)cc1Cl
D09215,C[C@]12CCC(=O)C=C1CC[C@@H]1[C@@H]2[C@@H](O)C[C@]2(C=O)[C@@H](C(=O)CO)CC[C@@H]12
D09216,CC(C)(NS(=O)(=O)c1cncc(-c2ccn3nc(N)nc3c2)c1)C(F)(F)F
D09217,CCCCN1C(=O)C(=O)c2cc(S(=O)(=O)N3CCC[C@H]3COC)cc(I)c21
D09218,CC(C)c1ccc(NC(=O)Oc2ccc3c(c2)[C@]2(C)CCN(C)C2N3Cc2ccccc2)cc1
D09219,O=C1NC(=O)c2ccc(I)cc2C1=CNCc1ccc(-c2ccncc2)c(O)c1
D09220,CC(C)[C@H](NC(=O)[C@H](Cc1ccccc1)NC(=O)NCc1ccc(Cl)c(Cl)c1)C(=O)N[C@@H](CCCN=C(N)N)C(=O)c1nccs1
D09221,COc1nccc2c1c1ncnc(N3CCN(CCc4ccc(F)c(F)c4)CC3)c1n2C
D09222,CN(C)c1ccc(Nc2c3ccc(NC(=O)CCN4CCCC4)cc3nc3cc(NC(=O)CCN4CCCC4)ccc23)cc1
D09223,CN1CC(C)(NC(=O)Nc2cccc(-c3nnnn3C)c2)C(CN2CCC[C@@H](Cc3ccc(F)cc3)C2)OC1=O
D09224,CNC1CN(c2nc3ncc(Br)cc3n3nnnc23)C1
D09225,CC(C)[C@@H](NS(=O)(=O)c1ccc(-c2ccc(OCc3cccc(C(=O)O)c3)cc2)cc1)C(=O)O
D09226,Cc1cccc(N2CCN(CCCNC(=O)c3nc(C)n(-c4ccc5c(c4)OCCO5)c3C)CC2)c1C
D09227,N#Cc1c(Cl)cc(Cl)cc1COc1cccc(C(=O)CC(=O)C(=O)O)c1
D09228,CN(C)C(=O)c1cc2cnc(Nc3ccc(N4CCN(CCO)CC4)cn3)nc2n1C1CCCC1
D09229,Cn1cc(-c2ccc(Nc3cc4c(cn3)cc(-c3cnn(C)c3)n4C(=O)OC(C)(C)C)c(Cl)c2)cn1
D09230,Cc1c(Oc2ccc(Cl)cc2)c2ccc(F)nc2n1Cc1cc(O[C@@H](C)C(=O)O)ccc1Cl
D09231,NS(=O)(=O)c1ccc(Cc2c(-c3ccccc3)nn(-c3nc(C(=O)O)cs3)c2CC2CC2)cc1
D09232,CN[C@H](Cc1ccccc1)C(=O)N1CCC[C@H]1C(=O)N[C@H](C=O)CCCN=C(N)N
D09233,CCCCN(CCCC)C(=O)CN1C[C@H](c2ccc3c(c2)OCO3)[C@@H](C(=O)O)[C@@H]1CCC1SCCS1
D09234,CS(=O)(=O)Nc1ccc(-c2coc3cc(C#Cc4cncnc4)ccc3c2=O)cc1
D09235,O=C([C@@H]1C[C@H]1c1ccc(C(F)(F)F)cc1)N1CCN(S(=O)(=O)c2cc(-c3nnc[nH]3)cc(C(F)(F)F)c2)CC1
D09236,COC[C@H]1COc2ccc(-c3nnc(SCc4ccc(-c5ccccc5C#N)cc4)o3)cc2O1
D09237,Clc1cccc(Nc2nccc(-c3ccnc(N4CCOCC4)c3)n2)c1
D09238,COc1cc(OC2CCNCC2)c2c(Nc3c(Cl)ccc4c3OCO4)ncnc2c1
D09239,N#Cc1ccccc1Cn1c(N2CCC[C@@H](N)C2)ncc(F)c1=O
D09240,Cc1cn2c(-c3cn[nH]c3)cnc2c(Nc2ccc(C(=O)N3CCNC4(CC4)C3)c(Cl)c2)n1
D09241,N#Cc1cnc2ccc(-c3c(-c4ccccc4)ncn3CC(F)F)nn12
D09242,N#CCC(=O)N1CC[C@H](Oc2c(F)cc(-c3ncnc(Nc4ccc(N5CCN(C6COC6)CC5)cc4)n3)cc2C#N)[C@H](F)C1
D09243,Cc1cc(-c2ccccc2[C@@H](C)OC[C@H](O)CNC(C)(C)Cc2ccc(Cl)c(F)c2)ccc1C(=O)O
D09244,O=[N+]([O-])c1ccc(OP(=O)(O)O)cc1
D09245,CC(=O)N[C@@H](Cc1c[nH]c2ccccc12)C(=O)OCc1cc(C(F)(F)F)cc(C(F)(F)F)c1
D09246,CC(C)(C)OC(=O)NC1(C(=O)N2CC(C#Cc3ccc4c(=O)c(-c5ccc(NS(C)(=O)=O)cc5)coc4c3)C2)CCC1
D09247,C#CCN(CCCCCCNc1c2c(nc3ccccc13)CCCC2)[C@H](C)Cc1ccc(OC)cc1
D09248,CNC[C@@H]1Cc2ccccc2[C@H](c2ccc(Cl)c(Cl)c2)C1
D09249,CC(N)Cc1cn(C)c2ccc3c(c12)CCCO3
D09250,CCN1CCN(CCCOc2ccc3[nH]c(-c4cccc5c4C(=O)NC5)cc3c2)CC1
D09251,C[C@@]1(c2cc(NC(=O)c3ccc(Cl)cn3)ccc2F)CS(=O)(=O)[C@]2(C[C@@H](F)C2)C(N)=N1
D09252,CC#CCOc1cnc(/C(F)=C/c2ccc(F)c([C@@]3(C)N=C(N)S[C@@]4(C(C)=O)C[C@H]43)c2)cn1
D09253,Cc1cc2ncnn2cc1-c1[nH]c2ccc(C3CCN(CC4(C#N)CC4)CC3)cc2c1C(C)C
D09254,CN(CCOc1ccc(-c2ccccc2)cc1Cc1ccccc1)CC(=O)O
D09255,CN[C@@H](C)C(=O)N[C@@H]1C(=O)N(Cc2c(C3CC3)cnc3ccccc23)c2ccc(C#N)cc2N(C(=O)C2CCOCC2)[C@H]1C
D09256,NS(=O)(=O)c1ccc(-n2cc(C(F)(F)F)nc2-c2ccc(Cl)cc2)cc1
D09257,O=C(/C=C/c1cccc2c1N(Cc1ccc3ccccc3c1)C(=O)C2O)NS(=O)(=O)c1ccc(F)c(F)c1
D09258,CCCC(Oc1cccc(Cc2c(C)n(C(=O)c3ccc(OC)cc3)c3ccc(OC(F)(F)F)cc23)c1)C(=O)O
D09259,Cc1oc([C@@H](Cc2cn(C)c3ccccc23)NC(=O)[C@H](CC(C)C)NC(=O)Nc2ccccc2)nc1C(=O)O
D09260,C=CC(=O)NCCCC[C@H](NC(=O)OCc1ccccc1)C(=O)N1CCC(c2ccccc2)CC1
D09261,Cc1nn(C[C@H](O)C(F)(F)F)c2c1[C@@H](c1ccc(Cl)cc1)N(c1cc(C)c3nnc(C)n3c1)C2=O
D09262,CC(=O)Nc1ccc2[nH]cc(-c3cc(NC4CC4)n4ncc(C#N)c4n3)c2c1
D09263,CNC(=O)CN1CCC(c2ccc3[nH]c(-c4cc(C(C)(C)O)c5ncnn5c4)c(C(C)C)c3c2)CC1
D09264,COc1cc(Cc2cnc(N)nc2N)cc(OC)c1OCCCCN1C(=O)c2ccccc2C1=O
D09265,CN(CCOc1ccc(-c2ccc3c(c2)OCO3)cc1-c1cccs1)CC(=O)O
D09266,CCN(Cc1ccccc1)Cc1ccc(-c2cc3cc(OC)c(OC)cc3oc2=O)cc1
D09267,Cc1ccc(-n2nccn2)c(C(=O)N2CCOC[C@H]2Cc2cc(-n3nccn3)ccc2F)c1F
D09268,O=c1sn(-c2cccc(C(F)(F)F)c2)c(=O)n1Cc1ccc(F)cc1
D09269,COc1ccc(CNc2[nH]nc3ncnc(Nc4cccc(Cl)c4)c23)cc1
D09270,CN(CCOc1ccc(-c2cccc(Cl)c2)cc1C(=O)c1cccs1)CC(=O)O
D09271,C#CCOc1cnc(C(=O)Nc2cnc(F)c([C@@]3(CF)N=C(N)O[C@@H]4C[C@@H]43)c2)cn1
D09272,COc1cc2occ(-c3cccc(N4CCCC4)c3)c(=O)c2cc1OC
D09273,COc1c(Cl)cc(C2=C(c3ccc(S(N)(=O)=O)cc3)CCC2)cc1Cl
D09274,Cc1c2c(O[C@H](C)[C@H]3CNC(=O)C3)cc(-c3cnn(C(C)(C)C#N)c3)cc2nn1C
D09275,CCCn1c(CN2C(=O)COc3c(C)cc(C)cc32)nnc1-c1ccccn1
D09276,COC(=O)N[C@H](C(=O)N[C@@H](Cc1ccccc1)[C@@H](O)CN(Cc1ccc(-c2ccccn2)cc1)NC(=O)[C@@H](NC(=O)OC)C(C)(C)C)C(C)(C)C
D09277,COc1cccc(CN(Cc2nc3c(c(=O)[nH]2)COCC3)C(=O)CN2CCC(C(=O)c3ccc(F)cc3)CC2)c1
D09278,COc1ccc2c(c1)c(CC(=O)Nc1ccc(Cl)cc1)c(C)n2C(=O)c1ccc(Cl)cc1
D09279,COc1cc(C(=O)OCCCN2CCCN(CCCOC(=O)c3cc(OC)c(OC)c(OC)c3)CC2)cc(OC)c1OC
D09280,Cc1c(F)cc(C(=O)NC2CC2)cc1-c1ccc(C(=O)N[C@H](C)C(C)(C)C)cn1
D09281,O=C(NO)c1coc(-c2ccc(Br)cc2)n1
D09282,C[C@@H](Oc1cc(-c2cnn(C3CC(C)(C)OC3(C)C)c2)cc2nn(C)c(F)c12)[C@H]1CNC(=O)C1
D09283,CC(=O)N[C@@H](Cc1ccc(O)cc1)C(=O)N[C@@H](Cc1ccccc1)C(=O)N[C@@H](CCCN=C(N)N)C(=O)COC(=O)c1c(C)cccc1C
D09284,CC(C)CCCC(C)C1CCC2C3CC=C4CC(OC(=O)Nc5cc(S(=O)(=O)O)cc6cc(S(=O)(=O)O)cc(O)c56)CC[C@]4(C)C3CC[C@]12C
D09285,O=C(O)c1ccc2c3c1cccc3c(=O)n1c3ccccc3nc21
D09286,COc1cc(NC(=O)Nc2cccc(Oc3ccccc3)c2)ccc1C(=O)NCCCN1CCOCC1
D09287,Cc1cnc(Nc2nc(N[C@@H](C)c3ncc(F)cn3)c(F)c(N3CCOCC3)n2)s1
D09288,COC(=O)c1cccc(O)c1C(=O)c1c(O)cc(C(=O)O[C@@H]2CCC[C@H]2Cc2ccc(O)cc2)cc1O
D09289,[NH3+][C@H]1Cn2c(nc3c(F)cccc32)C[C@@H]1c1cc(F)c(F)cc1F
D09290,Cc1noc(NS(=O)(=O)c2ccsc2C(O)Cc2ccc3c(c2)OCO3)c1Cl
D09291,COc1ccc(CNC(=O)[C@@H](Cc2ccccc2)NC(=N)NC(=O)Cc2ccc(OC)c(OC)c2)cc1OC
D09292,C[C@@H](c1ccc(-c2ccc(F)cc2F)cc1)N1CC[C@](CCCO)(c2ccccc2)OC1=O
D09293,CN(C)C(=O)[C@@H](c1ccc(-c2ccc3nccn3n2)cc1)[C@H]([NH3+])C(=O)N1CC[C@H](F)C1
D09294,Cc1cn(C2CN(C)C2)c2c1C(=O)N(c1cc(C)c3nnn(C)c3n1)C2c1ccc(Cl)cc1
D09295,N#Cc1cc(-c2ncnc(Nc3ccc(N4CCN(C5COC5)CC4)cc3)n2)ccc1O[C@H]1CCNC[C@H]1F
D09296,COc1ccc(C2(O)OC(=O)C(c3ccc4c(c3)OCO4)=C2Cc2ccccc2)cc1OC
D09297,CC1(c2cc(NC(=O)c3ccc(F)cn3)ccc2F)CC2(CCOCC2)SC(N)=N1
D09298,CN1CCc2c(c3cc(C(C)(C)C)ccc3n2Cc2ccc(C(=O)NO)cc2)C1
D09299,COc1ccc(-c2nnc(C(=O)N3CC(Oc4ccc(CN(C)CC5(C)COC5)cc4)C3)o2)cc1
D09300,COc1ccc(C(=O)Nc2c(Cl)cccc2Cl)cc1OC1CCCC1
D09301,Cc1c(CCOCCO[N+](=O)[O-])cc(-c2ccc(S(C)(=O)=O)cc2)n1-c1ccc(F)cc1
D09302,CC(C)=C(c1ccncc1)c1ccc(-c2ccc(O)c(O)c2)cc1
D09303,Nc1nc(N)c(F)c(-c2nc(-c3cc4ccccc4o3)c(-c3ccncc3)[nH]2)c1F
D09304,COc1cnc2c(Nc3ccc(F)c([C@]4(C)CS(=O)(=O)C5(CC(F)(F)C5)C(N)=N4)c3)nccc2n1
D09305,O=C(c1cc(F)cc(Cl)c1)N1CCc2oc(-c3ccc(F)cn3)nc2C1
D09306,CN1C[C@H](Nc2cnn(C)c(=O)c2Cl)C[C@H](c2ccccc2)C1
D09307,O=C(O)Cc1ccc(OC2CCN(C(=O)N[C@H]3C[C@@H]3c3ccccc3)CC2)c(Cl)c1
D09308,CNC(=O)[C@]12C[C@H]1[C@@](C)(c1cc(/C=C(\F)c3cnc(Cl)cn3)ccc1F)N=C(N)S2
D09309,CCOC(=O)c1c(O)coc1Nc1ccc2c(c1)CCCC2
D09310,COc1ccc2cc(C(=O)/C=C/c3cccnc3)ccc2c1
D09311,Cc1c(-c2[nH]c3ccc(C4CCN(c5ncccn5)CC4)cc3c2C(C)C)cn2ncnc2c1C
D09312,Cn1cc(-c2ccncc2)c(-c2ccc(OCc3cc(F)c4ccccc4n3)cc2)n1
D09313,N#Cc1cnc2ccc(-c3c(-c4ccc(F)c(C(F)(F)F)c4)ncn3CC(F)F)nn12
D09314,Nc1ncc(-c2cccnc2)c2scc(-c3ccc4c(c3)CCN4C(=O)Cc3ccccc3)c12
D09315,NNC(=O)c1cc(-c2ccc(Cl)cc2Cl)n[nH]1
D09316,CCc1cc(C2(c3cccc(-c4cncnc4)c3)N=C(N)N(C)C2=O)cs1
D09317,CC[C@@H]1C(=O)NCCCN1C(=O)C[C@H](N)Cc1cc(F)c(F)cc1F
D09318,COc1c(I)ccc2oc(C(=O)Nc3ccc(-c4ccc(S(=O)(=O)N[C@H](C(=O)O)C(C)C)cc4)cc3)c(C)c12
D09319,COC(=O)c1ccc(CCC(CS(=O)(=O)c2ccc(Oc3ccc(OC(F)(F)F)cc3)cc2)N(O)C=O)cc1
D09320,CC(=O)N1CCN(C(=O)Cn2nc3c(c2C(C)C)C(c2ccc(Cl)cc2C)N(c2cc(Cl)ccc2C)C3=O)CC1
D09321,CCC[C@H](NC(=O)[C@H](Cc1ccc(OC)cc1)NC(=O)CC(C)C)C(=O)N[C@@H](CC1CCCCC1)C(=O)C(F)(F)CN
D09322,Cc1cc(-c2[nH]c3ccc(C4CCN(C5COC5)CC4)cc3c2C(C)C)cn2ncnc12
D09323,Cn1c(=O)[nH]c2ccc(C#CCN3CCC(Cc4ccccc4)CC3)cc21
D09324,COc1ccccc1OC(C)(C)C1OCC(C/C=C\CCC(=O)O)C(c2cccnc2)O1
D09325,CS(=O)(=O)c1ccc(-c2c(-c3ccccc3)sc3ncnn23)cc1
D09326,Cc1nc2c(C)cc(-c3[nH]c4ccc(C5CCN(C(=O)C[C@H](C)O)CC5)cc4c3C(C)C)cn2n1
D09327,CC(C)NC(=O)N(Cc1cccc(C#Cc2ccncc2)c1)Cc1cccc(C#Cc2ccc(Cl)cc2)c1
D09328,CN(C)C(=O)c1cc2cnc(Nc3ccc(N4CC5(CC6CCC(C5)N6)OC4=O)cn3)nc2n1C1CCCCC1
D09329,CS(=O)(=O)c1ccc(-n2cc(C(F)(F)F)nc2-c2cccc(Br)c2)cc1
D09330,Cc1ccsc1C(=O)n1nc(Nc2ccc(S(N)(=O)=O)cc2)nc1N
D09331,CCCS(=O)(=O)N1CCC(c2ccccn2)([C@H](C)NC(=O)c2ccc(Cl)cc2Cl)CC1
D09332,C#CCN1CCc2nc3nc(N4CCCC4)c(C#N)cc3c(N)c2C1
D09333,CC1=C[C@H]2Cc3[nH]c(=O)ccc3[C@@]3(C1)[C@@H]2CCCN3C(=O)CN(C)CCCCCCCCCCN(C)Cc1cccnc1
D09334,COc1cc2nc(N3CCC[C@@H](N)C3)n(Cc3ccccc3C#N)c(=O)c2cc1OC
D09335,COc1ccc(-n2nc(C#CC(C)N(O)C(N)=O)cc2-c2ccc(Cl)cc2)cc1
D09336,CN(C)C(=O)N[C@H]1CC[C@H](CCN2CCN(c3cccc(Cl)c3Cl)CC2)CC1
D09337,Cc1cc(C(=O)N2CCOC[C@H]2Cc2cccc(-c3ncon3)c2)c(-n2nccn2)cc1C
D09338,Cc1cc(NC(=O)c2sccc2S(=O)(=O)Nc2onc(C)c2Cl)no1
D09339,O=C(O)c1ccc([S+](=O)([O-])Oc2ccc(/C=C/[N+](=O)[O-])cc2)c(O)c1
D09340,COc1cc2c(Nc3ccc(Br)c(Cl)c3Cl)ncnc2cc1OC[C@@H]1CO[C@@H]2[C@@H](OC)CO[C@H]12
D09341,N#C[C@@H]1C[C@@H]2CCC[C@@H]2N1C(=O)C[C@H](N)Cc1cc(F)c(F)cc1F
D09342,CCn1cc([C@@]2(c3nnc(S)o3)N[C@@H](c3nc(-c4ccc(F)cn4)c[nH]3)Cc3c2[nH]c2ccccc32)cn1
D09343,C[C@H](Nc1ncnc2[nH]cnc12)c1nc2ccc(F)cc2c(=O)n1-c1ccccc1
D09344,O=C(CNC(=O)c1cccc(C(F)(F)F)c1)NC1CN([C@H]2CC[C@H](c3ccncc3O)CC2)C1
D09345,COc1cc(N2CCN(C)CC2)ccc1Nc1cc(-c2c[nH]c3cnccc23)ncn1
D09346,Cc1c(-c2[nH]c3ccc(C4CCN(C(=O)CCN5CCC(F)(F)CC5)CC4)cc3c2C(C)C)cn2ncnc2c1C
D09347,Cc1c(OCCN(C)CCCF)ncc(F)c1[C@@H]1c2[nH]c3ccccc3c2C[C@@H](C)N1C[C@H](C)C(=O)O
D09348,CCN1CC(=O)N2[C@H](Cc3c([nH]c4ccccc34)[C@H]2c2ccc(Cl)cc2Cl)C1=O
D09349,CCNc1cc(C(=O)N[C@@H](Cc2ccccc2)[C@H](O)CNCc2cccc(Cl)c2)cc(N2CCCC2=O)c1
D09350,CN1C(=O)c2[nH]c(Cc3ccccc3)nc2N2C1=N[C@@H]1CCC[C@@H]12
D09351,Cc1cc(CN2CCN(c3c(Br)cnc4nc(-c5ccc(N6CCOCC6)cc5)[nH]c34)CC2)no1
D09352,CCCOc1ccc(Oc2ncc(C#CC(C)NC(C)=O)s2)c(Cl)c1
D09353,CC#Cc1cncc(-c2cccc(C3(C4CC4)N=C(C)C(N)=N3)c2)c1
D09354,CC(C)(NCCCc1cc(-c2cccc(C(F)(F)F)c2)nc(C#N)n1)C(N)=O
D09355,CN(CCOc1ccc(-c2ccc3c(c2)CCO3)cc1-c1cccs1)CC(=O)O
D09356,CCC(C)(C)CC[C@H](NC(=O)N1CCOCC1)C(=O)NC1(C#N)CCN(C)CC1
D09357,COc1cc(-c2nn(C3CCN(C4CCOCC4)CC3)c3ncnc(N)c23)ccc1NC(=O)c1ccc(N(C)C)cc1
D09358,Cc1nc(NC(=O)C2(C)CCCCC2)sc1-c1ccc(N)nc1
D09359,C[C@H](O)C(=O)N1CC[C@H](Oc2ccc(-c3ncnc(Nc4ccc(N5CCN(C6COC6)C[C@@H]5C)cc4)n3)cc2C#N)[C@H](F)C1
D09360,O=C(c1ccc(F)cc1-n1nccn1)N1CCOC[C@H]1Cc1cccc(-n2nccn2)c1
D09361,CN[C@@H](C)C(=O)N[C@H]1CCc2ccccc2N(Cc2c(OCC(F)(F)F)ccc3ccccc23)C1=O
D09362,CN(C)Cc1ccc2c(c1)CCN(C(=O)c1cc3cc(Cl)ccc3n1C)C2
D09363,Cc1ccc(Cl)c(Nc2ccccc2C(=O)O)c1Cl
D09364,CC(C)n1cc(-c2cc(O[C@H](C)[C@H]3CNC(=O)C3)c3c(F)n(C)nc3c2)cn1
D09365,Cc1cc(C(F)F)cnc1C(=O)Nc1ccc(F)c([C@@]2(C(F)F)N=C(N)O[C@@H]3C[C@@H]32)c1
D09366,O=C(O)Cn1c2c(c3cc(F)ccc31)CN(C(=O)Cc1c[nH]c3ccccc13)CC2
D09367,COCCN1CCOC(COc2cc3ncnc(Nc4ccc(Cl)c(Cl)c4)c3cc2OC)C1
D09368,COc1ccc2c(c1)c(C(C)C(=O)O)c(C)n2Cc1ccc(Cl)cc1
D09369,NC1=N[C@@](c2cccc(-c3cncnc3)c2)(c2ccnc(C(F)F)c2)c2cc(F)cc(F)c21
D09370,Cc1ccc(OCc2ccoc2C(=O)O)cc1C
D09371,COc1ccc(C[C@@H]2CN3C(=[NH+]C[C@@H]3C)N2CCC2CC3CCC2C3)cc1
D09372,O=C(Nc1ccc(Oc2ccc(F)cc2)cc1)[C@@H]1C[C@H](Cc2ccc(F)cc2)CN1C(=O)Cn1cncn1
D09373,COc1ccc2cc(-c3nn(CC4CCNCC4)c4ncnc(N)c34)ccc2c1
D09374,O=C1NCCN1CCN1CCN([C@@H]2C[C@@H](c3ccc(F)cc3)c3ccccc32)CC1
D09375,[C-]#[N+]c1cc(Cl)cc(N2C(=O)c3nn(-c4ccccc4OC)c(C(C)C)c3C2c2ccc(Cl)cc2C)c1
D09376,NC1=N[C@](CF)(c2cccc(Nc3nccc4cc(Cl)cnc34)c2)C[C@@H](C(F)(F)F)O1
D09377,CS(=O)(=O)C(C(=O)NCc1csc(N)n1)c1nc2ccc(-c3ccc(C(=O)N4CCOCC4)cc3)cc2s1
D09378,O=C(c1ccccc1-n1nccn1)N1CCOC[C@H]1Cc1cccc(-c2ncccn2)c1
D09379,CN[C@@H](C)C(=O)N[C@H]1CN(C(=O)Cc2cccnc2)c2ccccc2N(Cc2c(OC)ccc3cc(Br)ccc23)C1=O
D09380,CNC(=O)c1noc([C@H](CCCC2CCCCC2)CC(=O)NO)n1
D09381,c1ccc(-c2nc3ccccc3nc2-c2ccc(CN3CCC(c4cc(-c5ccncc5)n[nH]4)CC3)cc2)cc1
D09382,C[C@@H](c1ccc(-c2ccc(F)cc2)cc1)N1CC[C@](CC(C)(C)O)(c2ccccc2)OC1=O
D09383,Cc1nc(N2CC[C@H](O)C2)ccc1-c1cc(C(F)(F)F)cc2[nH]ncc12
D09384,OC[C@H]1[C@@H](O)[C@H](O)[C@@H](O)CN1CCCCCOCC1CCCCC1
D09385,N[C@H]1CC[C@](CCOc2cc(F)c(S(=O)(=O)Nc3ncns3)cc2F)(c2ccccc2)CC1
D09386,CNC(=O)N1CCc2c(c(Nc3ccc(-c4cnn(C)c4C)cc3F)nn2C2CCOCC2)C1
D09387,Cc1cnc(-c2cc(OC3COC3)cc(C(=O)N[C@H](C)c3cnc(C(F)(F)F)nc3)c2)s1
D09388,COC(=O)c1ccc2[nH]c3c(N4CCN(CCc5ccc(F)c(F)c5)CC4)ncnc3c2c1
D09389,CCC1c2nnc(C(F)(F)F)n2CCN1C(=O)C[C@H](N)Cc1cc(F)c(F)cc1F
D09390,CNC(=O)[C@]12C[C@H]1[C@@](C)(c1cc(/C=C(\F)c3cnc(C#N)cn3)ccc1F)N=C(N)S2
D09391,COc1cc(-c2oc3cc(O)cc(O)c3c(=O)c2O)ccc1O
D09392,CN[C@@H](C)C(=O)N[C@H]1CN(C(=O)c2ccc(N)cc2)c2cc(Cl)ccc2N(Cc2c(C)ccc3ccccc23)C1=O
D09393,CC(=O)NC(C)C#Cc1cnc(Oc2ccc(OC3CCCCC3)cc2Cl)s1
D09394,CC1CCN1C(=O)[C@]12C[C@H]1[C@@](C)(c1cc(/C=C(\F)c3ccc(Cl)cn3)ccc1F)N=C(N)S2
D09395,COc1cc(Cc2cnc(N)nc2N)cc2c(C)cc(C)nc12
D09396,CC(C)C[C@H](N[C@@H](Cc1cncn1Cc1cc(Cl)cc(Cl)c1)C(=O)O)C(=O)O
D09397,Cc1c(CNC2CCCC2)nn(-c2ncccc2Cl)c1-c1cccnc1
D09398,N=C(N)N1CCC([C@H](NC(=O)[C@@H]2CC[C@H]3CN(C(=O)CCc4ccccc4)CC(=O)N32)C(=O)c2nccs2)CC1
D09399,O=C(O)C(=O)Nc1ccc2nc(NC(=O)c3cc(Br)c(Br)[nH]3)sc2c1
D09400,CS(=O)(=O)c1ccc(C2=C(c3ccc(Cl)cc3)CCC2)cc1
D09401,CCOc1nn(-c2cccc(OCc3ccccc3)c2)c(=O)o1
D09402,CC1(C)C(N)=N[C@](C)(c2cc(Nc3ncc(F)c4cc(Cl)cnc34)ccc2F)CS1(=O)=O
D09403,CC(=O)Nc1cccc(-c2ncn(CC(F)F)c2-c2ccc3ncc(C#N)n3n2)c1
D09404,Cc1oc([C@@H](Cc2cn(C)c3ccccc23)NC(=O)[C@H](CC(C)C)NC(=O)Nc2cccc(F)c2)nc1C(=O)O
D09405,CC(C)(CO)[C@H]1Nc2ccc([N+](=O)[O-])cc2[C@H]2C=CC[C@H]21
D09406,N#Cc1cccc2c1OCC(c1cncc(CN3CCOC3=O)c1)O2
D09407,N#Cc1ccc(CN2C[C@H](N)[C@H](C(=O)N3CCC[C@H]3C#N)C2)cc1
D09408,Cc1cc(Oc2cccc(CNC(=O)c3cc4cc(Cl)ccc4[nH]3)c2)ccc1CCC(=O)O
D09409,O=C(O)CCNC(=O)c1ccc(Cn2nc(-c3cc(Cl)cc(Cl)c3)cc2-c2ccc(OC(F)(F)F)cc2)cc1
D09410,Cc1c(-c2[nH]c3ccc(C4CCN(CC(=O)NC5(C)COC5)CC4)cc3c2C(C)C)cn2ncnc2c1C
D09411,Cc1cc(Cc2cnc(N)nc2N)cc(C(C)(C)C)c1N
D09412,C=CC(=O)Nc1cc(N2CCN(CC)CC2)ccc1Nc1cc(N(C)C(=O)Nc2c(Cl)cccc2Cl)ncn1
D09413,COc1c(C)c(-c2[nH]c3ccc(C4CCN(CCS(C)(=O)=O)CC4)cc3c2C(C)C)cn2ncnc12
D09414,O=c1[nH]c2cccc(F)c2cc1O
D09415,COc1cccc2cc(C(=O)NCCC3CCN(Cc4ccccc4)CC3)c(=O)oc12
D09416,CC1(C)C[C@@H](NC(=O)c2[nH]nc3c2CCC3)c2cc(-c3ccc(Cl)cc3)c(-c3ccc(Cl)cc3Cl)nc2O1
D09417,COc1ccc2c(c1)c(CC(=O)Nc1cccnc1)c(C)n2C(=O)c1ccc(Cl)cc1
D09418,N#Cc1cc(-c2ncnc(Nc3ccc(N4CCN(C5COC5)CC4)cc3)n2)ccc1O[C@H]1CCN(C(=O)c2cnc(N)cn2)C[C@H]1F
D09419,Nc1n[nH]cc1-c1cc(C(F)(F)F)ccc1Oc1cc(F)c(S(=O)(=O)Nc2cscn2)cc1Cl
D09420,NNc1nc2ccccc2nc1Cc1ccccc1
D09421,CCN1c2ncc(CCOc3ccc(C(=O)O)cc3C)cc2C(=O)N(C)c2cccnc21
D09422,CN1CCCN(c2ccc(C(=O)Nc3c(O[C@@H]4O[C@H](C(=O)O)[C@@H](O)[C@H](O)[C@H]4O)cc(Cl)cc3C(=O)Nc3ccc(Cl)cn3)cc2)CC1
D09423,CCOc1cc2cc(C(=O)N3CCN(CCO)CC3)c(C(=O)OC)c(-c3cc(Br)c(OC)c(OC)c3)c2cc1OC
D09424,COc1ccc2c(Oc3ccc4c(C(N)=O)cccc4c3)ccnc2c1
D09425,C[C@@]1(c2cc(Nc3ncnc4cc(C#N)cnc34)cnc2F)C[C@@H](C(F)(F)F)OC(N)=N1
D09426,CC(C)C[C@H](S)[C@@H](Cc1ccccc1)C(=O)N[C@@H](C)C(=O)O
D09427,CC(=O)c1c(Nc2ccc(Cl)cc2Cl)nc2c([N+](=O)[O-])cc(Cl)cc2c1O
D09428,Cc1ccccc1-n1nc(COC(C)(C)C(=O)O)cc1-c1cccc(OCC(C)C)c1
D09429,Cc1ccc(C(=O)O)c(Oc2nc(Oc3cc(O)cc(-c4cccc(CN)c4)c3)c(F)cc2F)c1
D09430,COc1ccc(COc2ccc(C3=NN(CCC#N)C(=O)CO3)cc2)cc1
D09431,CCOc1cccc(-c2cc(COC(C)(C)C(=O)O)nn2Cc2ccccc2Cl)c1
D09432,NC1=N[C@@]2(c3ccc(F)cc3F)CO[C@@H](c3ncco3)C[C@H]2CS1
D09433,COc1cc2c(Nc3ccc(Cl)c(Cl)c3)ncnc2cc1OCC1CO[C@@H]2C(OC)CO[C@H]12
D09434,NC(=O)C(c1ccccc1)(c1ccccc1)[C@@H]1CCN(CCc2ccc3c(c2)CCO3)C1
D09435,COC(=O)[C@@H]1C[C@@H](OS(=O)(=O)c2ccc(C)cc2)CN1S(=O)(=O)c1ccccc1
D09436,N#CC(C#N)=C1C(=O)N(Cc2ccc(OCCOCCF)cc2)c2ccc(S(=O)(=O)N3CCC[C@H]3COc3ccccc3)cc21
D09437,CN(CCOc1ccc(-c2ccc(Cl)cc2)cc1C(=O)c1cccs1)CC(=O)O
D09438,COc1cc(/C=C/c2cc(/C=C/c3ccc(O)c(OC)c3)[nH]n2)ccc1O
D09439,COc1cc(Cc2cnc(N)nc2N)cc2c1N(CCO)CCC2C
D09440,CC[C@@H](c1ccc(-c2ccn(C)c(=O)c2)cc1)N1CC[C@](CC(C)(C)O)(c2ccccc2)OC1=O
D09441,NS(=O)(=O)CCNC(=O)C(c1nc2ccc(-c3cnn(CCN4CCOCC4)c3)cc2s1)S(=O)(=O)Cc1ccc(F)cc1
D09442,CCn1ncc2ccc(-c3cc(COC(C)(C)C(=O)O)nn3Cc3ccccc3Cl)cc21
D09443,CC(C)(C)c1ccc(NC(=O)N2CCc3c([nH]c4ccc(O)cc34)C2)cc1
D09444,COc1cc2c(cc1OC(C)C)[C@H](c1ccc(Cl)cc1)N(c1ccc(C(C)CN3CCC(N(C)C)CC3)cc1)C(=O)C2
D09445,CC(C)(O)[C@H]1CC[C@H](Nc2ccc3ncc(-c4cccc(C(F)(F)F)c4)n3n2)CC1
D09446,C[C@H]1[C@H](O)CCN1C(=O)[C@]12C[C@H]1[C@@](C)(c1cc(/C=C(\F)c3ccc(C#N)cn3)ccc1F)N=C(N)S2
D09447,COc1cc(OCC(=O)O)c(C)cc1SCc1ccc(OCc2ccc(C(F)(F)F)cc2)cc1
D09448,CN(C)C(=O)[C@]12C[C@H]1[C@@](C)(c1cc(/C=C(\F)c3ccc(Br)cn3)ccc1F)N=C(N)S2
D09449,C[C@@H]([C@@H](O)c1ccc(O)cc1)N1CCC(O)(c2ccccc2)CC1
D09450,Cc1cc(F)ccc1Oc1nc2cc(F)c(N(C)C(=O)/C=C/CN(C)C)cc2n2cncc12
D09451,CC(C)(CC(=O)N[C@H]1C[C@@H]1c1ccc(F)cc1)NCC(=O)N1CCC[C@H]1C#N
D09452,NC1CC1c1ccccc1
D09453,N#Cc1cc2c(cn1)[nH]c1ncc(-c3ccc(CN4CCOCC4)cc3)cc12
D09454,OC1(c2nc(-c3ccncc3)c(-c3ccc(F)cc3)[nH]2)CC1
D09455,CC(C)C[C@H]1C[C@@H](C)[C@]2(C(=O)Nc3ccc(F)cc32)N1C(=O)c1cn(C)cn1
D09456,Cc1cc(C#N)cnc1C(=O)Nc1cc(F)c(C)c([C@]2(C(F)F)N=C(N)O[C@H]3C[C@H]32)c1
D09457,O=S(=O)(Nc1nccs1)c1cc(Cl)c(NCCC2CCCCN2)cc1F
D09458,O=C1NC(=O)c2ccc(I)cc2C1=CNCc1ccc(-c2cccnc2)c(O)c1
D09459,N#C[C@@H]1CCCN1C(=O)c1cccc2c1C(=O)N(Cc1ccccc1)C2
D09460,C[C@H](c1nc(-c2ccc(S(C)(=O)=O)cc2Cl)no1)[C@H](N)C(=O)N1CC[C@H](F)C1
D09461,CN([C@@H]1CCc2c(CC(=O)O)c3ccc(F)c(F)c3n2C1)S(=O)(=O)c1ccc(F)cc1
D09462,Cc1cnc(C(=O)Nc2ccc(F)c([C@]3(C)CS(=O)(=O)C(C)(C)C(N)=N3)c2)c(C)n1
D09463,O=C1NC(=O)c2c1c(-c1ccccc1)cc1[nH]c3ccc(O)cc3c21
D09464,COc1cc(/C=C/[N+](=O)[O-])ccc1O[S+](=O)([O-])c1ccc(C(=O)OCC2OC(n3cnc4c(N)ncnc43)C(O)C2O)cc1
D09465,Cc1ccc(-c2cc3nn(C)cc3c(O[C@H](C)[C@H]3CNC(=O)C3)n2)s1
D09466,O=C(c1cc(Cl)ccc1-n1nccn1)N1CCOC[C@H]1Cc1cccc(-c2ncon2)c1
D09467,Cc1cccc(CN2[C@H]3CC[C@@H]2C[C@@H](Oc2cccc(C(N)=O)c2)C3)c1
D09468,CC(=O)c1ccc(OCc2ccc(F)cc2)cc1O
D09469,O=c1ccc2ccc(OCc3ccc(Br)cc3)cc2o1
D09470,Cc1cc(Nc2nn(Cc3cccnc3)c(=O)c3ccccc23)[nH]n1
D09471,COc1ccc(NC(=O)c2sccc2S(=O)(=O)Nc2onc(C)c2Cl)c(OC)c1
D09472,CC(C)CO[C@@H]1NC(=O)[C@H]1NC(=O)[C@H](Cc1ccccc1)NC(=O)OCc1ccccc1
D09473,Cc1ccccc1CN(c1ccc(C#N)c(Cl)c1)[C@H]1CCN(C(=O)[C@H](C)O)C1
D09474,CC(C)(C)c1cc(NC(=O)n2ccc3ccc(Oc4ncnc5c4CNC5)cc32)no1
D09475,CO[C@@H]1CC[C@@H](n2c(=O)n(C)c3cnc4ccc(-c5ccc(OCCCN(C)C)nc5)cc4c32)C1
D09476,CO/N=C(/C(=O)NCP(=O)(O)Oc1ccc(C#N)c(F)c1)c1cccs1
D09477,CNC(=O)[C@]12C[C@H]1[C@@](C)(c1cc(/C=C(\F)c3ncc(C#N)cc3C)ccc1F)N=C(N)S2
D09478,Cc1c(N)cccc1C[C@@H](C)NC(=O)C(F)(F)F
D09479,N[C@@H](CCNCCCc1ccccc1)C(=O)N1CCCCC1
D09480,CO[C@]1(C(F)(F)F)CC[C@]2(CC1)NC(=O)C(c1cc(-c3ccc(Cl)cc3)ccc1C)=C2O
D09481,CC[C@H](NC)C(=O)N[C@@H]1C(=O)N(Cc2c(C)ccc3ccccc23)c2ccc(C#N)cc2N(C(=O)CS(C)(=O)=O)[C@H]1C
D09482,Cc1ccc(-c2ssc(=O)c2-c2ccc(Cl)cc2)cc1
D09483,Cc1c(O)cccc1[N+](C)(C)C
D09484,CN1CCC[C@H]1CCn1ccc2cc(N=C(N)c3cccs3)ccc21
D09485,O=c1oc2cc(O)ccc2c2oc3cc(O)ccc3c12
D09486,CCCc1c(OC)c(NC(=O)C2CC2)cc2c(NCc3ccc(OC)c(Cl)c3)ncnc12
D09487,CN1CC[C@H](Oc2ccc(Nc3ncnc(-c4ccc(O[C@H]5CCN(C(=O)[C@@H](O)CO)C[C@H]5F)c(C#N)c4)n3)cc2)[C@H](F)C1
D09488,Cc1c2c(O[C@H](C)[C@H]3CNC(=O)C3)cc(-c3cnn(CC4CC4)c3)cc2nn1C
D09489,CS(=O)(=O)c1ccc(-c2nc3ccccc3c(C(=O)O)c2-c2ccccc2)cc1
D09490,CCOc1ccc(Cc2ccc(CC)cc2)cc1[C@]1(O)C[C@H](CO)[C@@H](O)[C@H](O)[C@H]1O
D09491,Cc1ccc(CC2CCN(CC#Cc3ccc4[nH]c(=O)[nH]c4c3)CC2)cc1
D09492,CN[C@@H](C)C(=O)N[C@H]1COc2c(C(=O)O)cccc2N(Cc2c(OC)ccc3cc(C(=O)O)ccc23)C1=O
D09493,O=C(CN1CCC(C(=O)c2ccc3c(c2)CCO3)CC1)NCc1nc2c(c(=O)[nH]1)COCC2
D09494,CCN1CCCC1CNC(=O)c1cc(S(=O)(=O)CC)c(N)cc1OC
D09495,CCCOc1ccc2c(c1)c(-c1ccc3c(c1)OCO3)c(C(=O)O)n2-c1ccc2c(c1)OCO2
D09496,CO[C@H]1CC[C@@H](n2c(=O)n(C)c3cnc4cc(F)c(-c5ccc(OCCCN(C)C)nc5)cc4c32)C1
D09497,NC1CCC(N[C@H]2C[C@@H]2c2ccc(C3CC3)cc2)CC1
D09498,Cc1cc(C)c(/C=C2\C(=O)Nc3ncnc(Nc4ccc(F)c(Cl)c4)c32)[nH]1
D09499,O=c1sn(-c2cccc(Cl)c2)c(=O)n1Cc1ccccc1
D09500,CCCS(=O)(=O)c1ccc2nc(-c3ccc(-c4ccccc4)cc3)[nH]c2c1
D09501,COc1ccc2ccccc2c1CN1C(=O)[C@@H](NC(=O)[C@H](C)N)CN(C(=O)c2ccc(N)cc2)c2ccccc21
D09502,COc1cc(O)c2c(c1)/C=C/CCCC(=O)C[C@H](Br)C[C@H](C)OC2=O
D09503,O=C1C(=O)N(Cc2ccc(O)cc2)c2ccc(S(=O)(=O)N3CCC[C@H]3COc3ccccc3)cc21
D09504,[NH3+][C@H]1C[n+]2c([nH]c3cnc(Cl)cc32)C[C@@H]1c1cc(F)c(F)cc1F
D09505,Cc1cc(N2C(=O)c3c(NC(=O)CCN(C)C)cn(C)c3C2c2ccc(Cl)cc2)nn2c(C(F)F)nnc12
D09506,Cc1oc([C@@H](Cc2cn(C)c3ccccc23)NC(=O)[C@H](CC(C)C)NC(=O)N2CCOC23CCCCC3)nc1C(=O)O
D09507,O=S(=O)(N[C@H]1C(O)O[C@H](CNS(=O)(=O)c2cccc(Cl)c2Cl)[C@@H](O)[C@@H]1O)c1ccc(Cl)c(Cl)c1
D09508,Cc1ccc(C2CC3CCC(C2C(=O)Oc2ccccc2C)N3C)cc1
D09509,Nc1cnccc1[C@H]1CC[C@@H](N2CC(NC(=O)CNc3ncnc4ccc(C(F)(F)F)cc34)C2)CC1
D09510,COc1cc2c(cc1O)C[C@H]1c3c(c(Br)c(O)c(OC)c3-2)CCN1C
D09511,CN(C)Cc1ccc2n1Cc1ccccc1N(C(=O)c1ccc(-c3cccs3)cc1)C2
D09512,COc1ccc(-c2ccc(C(=O)NCC(C)(C)C)cc2C(=O)O)c(C(=O)Nc2ccc3c(N)nccc3c2)n1
D09513,Cc1cc(NC(=O)Cc2nc(N3CCOCC3)cc(=O)[nH]2)ccc1F
D09514,Cc1ccc(-n2sc(=O)n(Cc3ccc(Cl)c(Cl)c3)c2=O)cc1
D09515,N#Cc1cc(-c2ncnc(Nc3ccc(C(N)=O)cc3)n2)ccc1O[C@@H]1CCN(C(=O)CO)C1
D09516,Cn1cnc(C(=O)N2CCN(C(=O)c3ccc(Nc4nc5ccccc5n5nnnc45)cc3)CC2)c1
D09517,C=CC(=O)N[C@H]1COC[C@H]1Nc1ncc(OCc2c(F)c(OC)cc(OC)c2F)cn1
D09518,C[C@@H]1CN=C([C@]23C[C@H]2[C@@](C)(c2cc(/C=C(\F)c4ccc(C#N)cn4)ccc2F)N=C(N)S3)O1
D09519,COCCOCCOCCOc1cc(Nc2cc(Oc3ccc(NC(=O)Nc4cc(C(C)(C)C)cc(NS(C)(=O)=O)c4OC)c4ccccc34)ccn2)cc(OC)c1
D09520,CCCCc1nn(-c2ccccc2Cl)c(C(=O)OCC)c1Cc1ccc(-c2ccccc2-c2nnn[nH]2)cc1
D09521,CCCCCOc1c(OC)cc(Cc2cnc(N)nc2N)cc1OC
D09522,COc1ccc(-c2ccc3c(N4CCOC[C@@H]4C)nc(N4CCOC[C@@H]4C)nc3n2)cc1C(=O)N(C)C
D09523,Cn1c(=O)n(C2CCC2)c2c3cc(-c4ccc(OCCCN5CCCC5)nc4)ccc3ncc21
D09524,Cc1c(C[C@@H](C)C(=O)NC2=C(C(=O)O)CCCC2)cnn1-c1ccc(O)cc1
D09525,C[C@@H]1CN(C(=O)c2ccc(Cl)cc2-n2nccn2)[C@H](Cc2cccc(-c3ncccn3)c2)CO1
D09526,C[C@H](O)C(=O)N1CC[C@H](N(Cc2cc(Cl)ccc2Cl)c2ccc(C#N)c(Cl)c2)C1
D09527,NC(=O)c1cncc(OCc2cccc(NC(=O)c3ccc(-c4cccs4)cc3)c2)c1
D09528,Cc1ccc(C(=O)N2CCOC[C@H]2Cc2cc(-n3cccn3)ccc2C)c(-n2nccn2)c1
D09529,Cc1cc(Cl)ccc1C1c2c(nn(CCc3ccccc3)c2C(C)C)C(=O)N1c1cccc(Cl)c1F
D09530,O=C1c2ccccc2S(=O)(=O)N1CCCCN1CCN(c2ncccn2)CC1
D09531,O=C(NO)c1ccc(-c2ccc(CNCc3ccccc3)cn2)s1
D09532,CS(=O)(=O)Nc1ccc([N+](=O)[O-])cc1OC1CCCCC1
D09533,N#CC1(NC(=O)[C@@H]2CCCC[C@H]2C(=O)N2CCN(c3nc4cnccc4s3)CC2)CC1
D09534,O=C(Nc1ccccc1)Nc1ccccc1
D09535,COCCCOc1cc(C(=O)N(C[C@@H]2CNC[C@H]2NS(=O)(=O)Cc2ccccc2)C(C)C)ccc1OC
D09536,C[C@@H](Oc1cc(-n2cnc3cc(-c4ccnc(NCCN(C)C)c4)ccc32)sc1C(N)=O)c1ccccc1C(F)(F)F
D09537,CCCCN1CCC2(CCCc3ccccc32)CC1
D09538,N#Cc1cc(-c2ncnc(Nc3ccc(N4CCN(C5COC5)CC4)c(F)c3)n2)ccc1O[C@H]1CCN(C(=O)c2cnn[nH]2)C[C@H]1F
D09539,N[C@@]1(C(=O)O)CC[C@H]2[C@H](C(=O)O)[C@H]21
D09540,NC1=N[C@@](c2cc(NC(=O)c3nn(C(F)F)cc3Cl)ccc2F)(C(F)F)[C@H]2C[C@H]2O1
D09541,CC(C)(C)NC(=O)c1c[nH]c2ncc(-c3n[nH]c4c(CO)cccc34)nc12
D09542,c1ccc(Cc2nc3ccccc3n3c(-c4ccccc4)nnc23)cc1
D09543,CC(C)(C)OC(=O)N[C@H](CCCN=C(N)N)C(=O)NCC(=O)N[C@H](C=O)CCCN=C(N)N
D09544,CC[C@H](NCCO)C(=O)N[C@H]1COc2ccccc2N(Cc2c(OC)ccc3cc(Br)ccc23)C1=O
D09545,CCCCCCCCNc1ncnc2ccccc12
D09546,O=C(O)c1cccc(S(=O)(=O)N2CCc3ccc(-c4nnn[nH]4)cc3C2)c1
D09547,Cc1csc(Sc2cc3c(cc2NS(C)(=O)=O)CCC3=O)n1
D09548,O=C(Nc1cccc(-c2nc3sccn3c2-c2ccnc(Nc3ccccc3)n2)c1)c1ccccc1
D09549,Nc1ncnc2c1ncn2[C@@H]1O[C@H](COP(=O)(O)O)[C@@H](O)[C@H]1O
D09550,O=C(O)[C@H]1CCCN1C(=O)Nc1cc(Cl)ccc1-c1ccsc1
D09551,Cc1ccc(-c2ccc(S(C)(=O)=O)cc2)n1-c1ccc(C(F)(F)F)cc1
D09552,N#C[C@@H]1CCCCN1C(=O)C(N)CCN
D09553,CN[C@@H](C)C(=O)N[C@H]1CN(C(=O)c2ccc(F)cc2)c2cc(Cl)ccc2N(Cc2c(OC)ccc3cc(Br)ccc23)C1=O
D09554,Cn1c2cccc(C(N)=O)c2c2ncnc(N3CCN(CCc4ccc(F)c(F)c4)CC3)c21
D09555,O=S(=O)(Nc1nccs1)c1ccc(O[C@H]2C[C@@H]3CC[C@H](C2)N3Cc2ccccc2)c(Cl)c1
D09556,CC(C)=CCC/C(C)=C\COC(=O)Cc1ccc(C)cc1
D09557,COc1cccnc1Nc1ccc(F)c([C@]2(C)CC3(CCOCC3)SC(N)=N2)c1
D09558,C[C@H](Nc1ncnc(N)c1C#N)c1nn2ccc(C#N)c2c(=O)n1-c1ccccc1
D09559,COC(=O)NCc1ccc(C(=O)Nc2cc(-c3ccccc3)ccc2N)cc1
D09560,Cc1c([C@@H](O)CN2CCC3(CC2)CC(=O)N(c2ccc(=O)n(C)n2)C3)ccc2c1COC2=O
D09561,c1ccc2/c(=N/CCCCCCCC/N=c3/c4ccccc4nc4n3CCCCCC4)n3c(nc2c1)CCCCCC3
D09562,C[C@@H](c1ccc(-c2ccc(=O)n(C)c2)cc1)[C@H]([NH3+])C(=O)N1CC[C@H](F)C1
D09563,Cc1c2c(O[C@H](C)[C@H]3CNC(=O)O3)nc(-c3cnn(C(C)(C)C)c3)cc2nn1C
D09564,COc1cnc(CNC=C2C(=O)NC(=O)c3ccc(I)cc32)cc1O
D09565,NC1=N[C@@](c2cc(NC(=O)c3ccc(C#CC4CC4)cn3)ccc2F)(C(F)F)[C@H]2C[C@H]2O1
D09566,CCOCC[N+](C)(C)C
D09567,N#Cc1cc(-c2ncnc(Nc3ccc(N4CCN(C5COC5)CC4)cc3)n2)ccc1OCCn1ccnc1
D09568,CCN1C(=S)N2CCCC2c2c1nc(-c1ccc(OC)c(OC)c1)c(C#N)c2N1CCOCC1
D09569,COCCNC(=O)c1cc(C(C)(C)C)c2c(c1)C(C)(C)CO2
D09570,O=C(CCCCCCc1ccccc1)c1nc(-c2ccccn2)co1
D09571,N[C@@]1(C(=O)O)[C@H](OCc2ccc(Cl)c(Cl)c2)C[C@@H]2[C@H]1[C@@]2(F)C(=O)O
D09572,COc1cc2c(Nc3ccc(Cl)c(Cl)c3)ncnc2cc1OCc1c(C)cc(C)cc1C
D09573,COc1cc(N2CCN(C(=O)[C@@H](C)N)CC2)ccc1Nc1ncc(Cl)c(-c2cnc3ccccn23)n1
D09574,COc1ccc(CN2C(=O)C(=O)c3cc(S(=O)(=O)N4CC[C@H]4COc4cccnc4)ccc32)cc1
D09575,CC(C)N(C)[C@@H]1CC[C@H](N2CC[C@H](NC(=O)c3cccc(C(C)(C)C)c3)C2=O)[C@H](CS(=O)(=O)C(C)C)C1
D09576,CC(C)n1cnc(C(Cc2ccc(N)nc2)C(=O)O)c1
D09577,C[C@]1(C(=O)O)CC[C@@](C)(c2nc(-c3ccc(C(=O)Nc4cc(C(F)(F)F)ccn4)cc3)c3c(N)nccn23)C1
D09578,CC1(C)CCc2cc(S(=O)(=O)N(CC(=O)O)C3(c4cccc(-c5cc(Cl)cc(Cl)c5)c4)CCC3)ccc2O1
D09579,COc1cc(Nc2ncnc(-c3ccc(OC4CCOCC4)c(C#N)c3)n2)ccc1N1CCN(CC(F)F)CC1
D09580,Cc1cc(C(=O)N[C@H]2CC[C@@H](NC(=O)c3cc(F)cnc3Oc3cccc(-c4ccc(O)cc4CN4CCOCC4)c3)CC2)nn1C
D09581,Cc1ccc(C(=O)N2CCOC[C@H]2Cc2cccc(-n3nccn3)c2)c(-n2nccn2)c1
D09582,COc1cc(-c2[nH]c3ccc(C4CCN(CC(=O)NC5(C)CCC5)CC4)cc3c2C(C)C)cn2ncnc12
D09583,Clc1ccc(Oc2ccc(OCCN3CCCC3)cc2)cc1
D09584,CCN(C(=O)Cc1ccc(S(C)(=O)=O)cc1)C1CCN(CC[C@@H](c2cccc(F)c2)C2CCN(S(C)(=O)=O)CC2)CC1
D09585,COc1ccc(C(=O)N[C@@H](Cc2c[nH]c3ccccc23)C(=O)Nc2ccc(C(=O)Nc3cc(-c4cccs4)ccc3N)cc2)cc1
D09586,FC(F)(F)c1c(N2CCC(c3ccccc3)CC2)ccn2c(CC3CC3)nnc12
D09587,Cc1cc(C(=O)O)ccc1NC(=O)[C@H](C1CCCCC1)n1c(-c2ccc(Cl)cc2)nc2cc(F)c(F)cc21
D09588,O=CN(O)C(CS(=O)(=O)c1ccc(Oc2ccc(OC(F)(F)F)cc2)cc1)c1ccccc1
D09589,COc1cnc2c(Nc3ccc(F)c([C@]4(C)CS(=O)(=O)C5(CCCC5)C(N)=N4)c3)nccc2c1
D09590,C[C@H]1CN(C2COC2)CCN1c1ccc(Nc2ncnc(-c3ccc(O[C@H]4CCN(C(=O)c5cnc[nH]5)C[C@H]4F)c(C#N)c3)n2)cc1
D09591,CCc1cc(Cc2cnc(N)nc2N)cc(C)c1N
D09592,N#C[C@@H]1CCCN1C(=O)[C@@H]([NH3+])CCC(=O)NC1CCCC1
D09593,Cc1nc(Nc2cc(N[C@@H]3CCCC[C@@H]3N)cnc2C(N)=O)cc(OCC(C)(C)O)n1
D09594,Cc1[nH]c(/C=C2\C(=O)Nc3ccc(C(=O)O)cc32)c(C)c1CCC(=O)O
D09595,NCCCCNCC(=O)Nc1c2ccccc2cc2ccccc12
D09596,C[C@]1(c2cc(/C=C(\F)c3ccc(C#N)cn3)ccc2F)N=C(N)S[C@@]2(C(N)=O)C[C@H]21
D09597,CN1CCN(CCC#CC(=O)Nc2cc3c(Nc4ccc(F)c(Cl)c4)ncnc3cn2)CC1
D09598,C[C@]1(c2cc(NC(=O)c3ccc(C#N)cn3)ccc2F)N=C(N)OC2(CCC2)C1(F)F
D09599,C[C@@H]1C(=O)N(C(C)(C)C)CCCN1C(=O)C[C@H](N)Cc1cc(F)c(F)cc1F
D09600,COc1cc([N+](C)(C)C)ccc1C
D09601,N#Cc1cc(-c2ncnc(Nc3ccc(N4CCN(C5COC5)CC4)cc3)n2)ccc1O[C@H]1CCN(C(=O)c2cn(CCO)nn2)C[C@H]1F
D09602,C[C@@H]1COCCN1C(=O)[C@]12C[C@H]1[C@@](C)(c1cc(/C=C(\F)c3ccc(C#N)cn3)cnc1F)N=C(N)S2
D09603,C[C@H]1OC(=O)N[C@@H]1C(=O)N1CC[C@H](Oc2ccc(-c3ncnc(Nc4ccc(N5CCN(C6COC6)CC5)cc4)n3)cc2C#N)[C@H](F)C1
D09604,COc1cc(-c2cccc(C(F)(F)F)c2)c(C)cc1-n1c(=O)ccc2cc(S(=O)(=O)Nc3ccon3)ccc21
D09605,COc1ccc(-c2ccc(C(=O)NCC(C)(C)C)cc2C(=O)O)c(C(=O)Nc2ccc(C(=N)N)cc2)n1
D09606,CN(C)C(=O)c1cc2cnc(Nc3ccc(C(=O)N4CC5CCC4C5O)cn3)nc2n1C1CCCCCC1
D09607,CC(=O)O[C@@H]1C[C@@H]2[C@@]3(C)CC[C@H](O)C(C)(C)[C@@H]3CC[C@@]2(C)[C@]2(C)C(=O)C[C@@H](O)[C@@H]12
D09608,CC(=O)N[C@@H]1CCc2ccc(Oc3cnc4[nH]cc(C(=O)N[C@H](C)C5CC5)c4n3)cc21
D09609,Cc1ccc(C)c(S(=O)(=O)c2nnn3c2nc(NC(C)C)c2sccc23)c1
D09610,Cc1c(-c2[nH]c3ccc(C4CCN(C(=O)OCCN5CCS(=O)(=O)CC5)CC4)cc3c2C(C)C)cn2ncnc2c1C
D09611,OC[C@H]1[C@@H](O)[C@H](O)[C@@H](O)CN1CCCCCOCC12CC3CC(CC(C3)C1)C2
D09612,COc1ccc([C@H]2C[C@@H]2NC(=O)CC(C)(C)NCC(=O)N2C[C@@H](F)C[C@H]2C#N)cc1
D09613,[C-]#[N+]CCN1CCC(c2ccc3[nH]c(-c4cn5ncnc5cc4C)c(C(C)C)c3c2)CC1
D09614,CC(C)C[C@@H](C=O)NC(=O)[C@H](CC(C)C)NC(=O)[C@H](CC(C)C)NC(=O)OCc1ccccc1
D09615,O=C(NC1N=C(c2ccccc2)c2ccccc2NC1=O)c1ccc2ccccc2c1
D09616,CC1(C)C(N)=N[C@](C)(c2cc(Nc3nccc4cc(Cl)cnc34)cc(F)c2F)CS1(=O)=O
D09617,O=C(O)c1cccc(S(=O)(=O)N2CCc3c(Br)cccc3C2)c1
D09618,N[C@H](C(=O)N1CCCC1)[C@H]1CC[C@H](NS(=O)(=O)c2ccc(S(N)(=O)=O)cc2)C1
D09619,COc1cc(Nc2ncnc(-c3ccc(O[C@H]4CCN(C(=O)[C@H](C)O)C[C@H]4F)c(C#N)c3)n2)cnc1N1CCN(C2COC2)CC1
D09620,c1ccc2nc(N3CC(Oc4nccnc4-c4cccc5ncccc45)C3)ccc2c1
D09621,C[C@]1(c2cc(/C=C(\F)c3ccc(C#N)cn3)ccc2F)N=C(N)S[C@@]2(C(=O)N3C4CCC3COC4)C[C@H]21
D09622,Cn1cc(-c2cc3cnc(Nc4ccc(-c5cnco5)cc4Cl)cc3n2C(=O)OC(C)(C)C)cn1
D09623,CN[C@@H](C)C(=O)N[C@@H]1C(=O)N(Cc2c(OC)ccc3cc(Br)ccc23)c2ccccc2O[C@@]1(C)COC
D09624,O=C(CCc1cn2c(n1)sc1cc(O)ccc12)NC1=C(C(=O)O)CCCC1
D09625,CCCn1cc(O)n([C@H]2C[C@H](C(=O)NO)N(S(=O)(=O)c3ccc(OCCOC)cc3)C2)c1=O
D09626,O=C(O)c1ccccc1NC(=O)N1CCC(c2ccccc2C(F)(F)F)CC1
D09627,Cc1c(Cl)cccc1N1CCN(CCCNC(=O)c2nc(-c3ccccc3)n(-c3ccccc3)c2Cn2cncn2)CC1
D09628,NC1=N[C@@](c2cc(NC(=O)c3cnc(CCC#CC4CC4)cn3)ccc2F)(C(F)F)[C@H]2C[C@H]2O1
D09629,N#Cc1ccc2ncnc(NCc3ccc4c(c3)OCO4)c2c1
D09630,CS(=O)(=O)CC(NC1CCCCC1)c1ccc(-c2ccc3ncnc(Nc4ccc(OCc5cccc(F)c5)c(Cl)c4)c3c2)o1
D09631,COc1ccc(C(=O)Nc2ccc3c(c2)C2(CCOC(N)=N2)c2cc(-c4cncc(F)c4)nc(F)c2O3)nc1
D09632,C[C@H]1CN(c2ccc(C(=O)Nc3ccccc3N)cn2)CCN1C(=O)OCc1ccccc1
D09633,COc1cc(Nc2ncnc(-c3ccc(OC4CCOCC4)c(C#N)c3)n2)ccc1OC(F)F
D09634,NC(=O)[C@]12CC3CC(C1)[C@@H](OC(=O)N1CC[C@H](Nc4ccc(C(F)(F)F)cn4)C1)C(C3)C2
D09635,CC(C)C[C@H](CN)CC(=O)O
D09636,CC(C)(C)NC(=O)c1c[nH]c2ncc(-c3n[nH]c4ccc(OC(F)F)cc34)nc12
D09637,CCNC(=O)CN1CCC(c2ccc3[nH]c(-c4cn5ncnc5cc4C)c(C(C)C)c3c2)CC1
D09638,CC(=O)N[C@@H]1[C@@H](N=C(N)N)C=C(C(=O)O)O[C@H]1C(=O)N(C)C
D09639,CCn1cc(C2(c3ccc(F)c(-c4cncnc4)c3)N=C(N)N(C)C2=O)cn1
D09640,COc1ccc(Br)cc1S(=O)(=O)Nc1cnc2ccccc2c1
D09641,O=C(NC1CCN(Cc2ccccc2)CC1)c1cc2cc(Br)ccc2oc1=O
D09642,FC(F)(F)c1ccccc1-c1ccc2[nH]ncc2c1
D09643,N#Cc1cc(-c2ncnc(Nc3ccc(N4CCN(C5COC5)CC4)cc3)n2)ccc1O[C@@H]1CCN(C(=O)C2COC2)C1
D09644,COc1cc(Br)cc2cc(-c3ccccc3)c(=O)oc12
D09645,CC(C)(Oc1ccc(-n2cccn2)cn1)C(=O)N[C@H]1C2C[C@@H]3C[C@H]1C[C@@](CC(N)=O)(C2)C3
D09646,CC12CCCC(/C=C/C(=O)NS(=O)(=O)c3cc(Cl)c(Cl)s3)=C1N(Cc1ccc(F)cc1)C(=O)C2
D09647,CCN1C(=S)N2CCCC2c2c1nc(-c1ccc(OC)cc1)c(C#N)c2N1CCOCC1
D09648,O=C(CCCCCCc1ccccc1)c1ncno1
D09649,N#Cc1ccc(C(=O)N2CCC3(CC2)N=C(N)c2c(F)ccc(F)c2N3)cn1
D09650,N#Cc1cc(-c2ncnc(Nc3ccc(N4CCN(C5COC5)CC4)cc3)n2)ccc1OC1CCS(=O)(=O)CC1
D09651,O=c1[nH]c2cc(-c3cccc(Cl)c3)ccc2c2nc(-c3c(F)cccc3Cl)[nH]c12
D09652,COC(C(=O)O)c1c(C)nc2ccc(Br)cc2c1-c1ccc(Cl)cc1
D09653,C#CCOc1cnc(/C(F)=C/c2cnc(F)c([C@@]3(C)N=C(N)S[C@@]4(C(=O)N5CC[C@@H](F)C5)C[C@H]43)c2)cn1
D09654,CC#CCOc1ccc(C(=O)Nc2ccc(F)c([C@@]3(C(F)F)N=C(N)O[C@@H]4C[C@@H]43)c2)nc1
D09655,O=C(O)c1ccnc(-n2nccc2OCc2ccc(F)cc2)c1
D09656,CC(C)(O)C#Cc1ccc2c(c1)c1cc(Cl)ccc1c1nc(-c3c(C#N)cccc3C#N)[nH]c21
D09657,O=c1[nH]c2ccc(C#CCN3CCC(O)(Cc4ccccc4)CC3)cc2[nH]1
D09658,CC(=O)Nc1ccc(-c2cc(C(=O)O)c3cc(C(=O)c4ccccc4)ccc3n2)cc1
D09659,CCn1nc(C)c2c1C(=O)N(c1cc(C)c3nnc(C)n3c1)C2c1ccc(F)cc1F
D09660,Cc1cc(S(C)(=O)=O)ccc1-c1noc([C@@H](CC2CC2)[C@H]([NH3+])C(=O)N2CC[C@H](F)C2)n1
D09661,CS(=O)(=O)c1ccc(-c2cc(C(F)(F)F)nc(NC3CCOCC3)n2)cc1
D09662,O=C(O)CNC(=O)c1noc([C@H](CCCC2CCCCC2)CC(=O)NO)n1
D09663,CN[C@@H](C)C(=O)N[C@H]1CN(C(=O)c2ccc(C(=O)OC)cc2)c2ccccc2N(Cc2c(OC)ccc3cc(Br)ccc23)C1=O
D09664,CC(C)c1ccc2c(c1)[C@@H](NC[C@@H](O)[C@@H]1C[C@H](C)CCCCCCCCC(=O)N(C)[C@@H](C)C(=O)N1)CC(C)(C)O2
D09665,Cc1ccccc1CNC(=O)Oc1ccc(C2=NCCS2)cc1
D09666,C[C@@H]1N[C@H](CC(=O)Nc2ccccc2)[C@@H](O)[C@H](O)[C@@H]1O
D09667,CN[C@@H](C)C(=O)N[C@H](C(=O)N1CCc2ccccc2[C@H]1C(=O)Nc1c(F)cccc1F)[C@@H](C)OC
D09668,CN[C@@H](C)C(=O)N[C@H]1CN(C(=O)c2cccc(C(C)=O)c2)c2ccccc2N(Cc2c(OC)ccc3cc(Br)ccc23)C1=O
D09669,O=C1CCc2cc(-c3cccnc3)ccc21
D09670,[NH3+][C@H]1CN(c2cnc3ccccc3n2)CC[C@@H]1c1cc(F)c(F)cc1F
D09671,O=C(c1cc(F)ccc1-n1nccn1)N1CCOC[C@H]1Cc1cccc(-n2nccn2)c1
D09672,CCCCn1sc(=O)n(CC(C)C)c1=O
D09673,CC(C)(c1ccccc1)c1ccc(O)cc1
D09674,CC#CCOc1cnc(C(=O)Nc2ccc(F)c([C@@]3(CF)N=C(N)O[C@@H]4C[C@@H]43)c2)cn1
D09675,Cc1cc[n+]([O-])c(C)c1C(=O)N1CCC(C)(N2CCC(N(c3ccccc3)c3cccnc3)CC2)CC1
D09676,CN[C@@H](C)C(=O)N[C@H]1CCc2ccccc2N(Cc2c(OC)ccc3c(C(=O)NS(C)(=O)=O)cccc23)C1=O
D09677,CC#Cc1cccc2oc(C(=O)Nc3ccc(-c4ccc(S(=O)(=O)N[C@H](C(=O)O)C(C)C)cc4)cc3)c(C)c12
D09678,COC(=O)C(O)C(CC(C)C)NC(=O)C(Cc1cnc[nH]1)NC(=O)C(CC(=O)N1CCOCC1)Cc1cccc2ccccc12
D09679,COCCCc1cc(CN(C(=O)[C@H]2CNCC[C@@H]2c2ccc(OCCOc3c(Cl)cc(C)cc3Cl)cc2)C2CC2)cc(OC[C@H]2C[C@@H]2C(=O)NS(C)(=O)=O)c1
D09680,CCCCCCCCCN1C[C@H](O)[C@@H](O)[C@H](O)[C@@H]1CO
D09681,COc1cc2occ(-c3ccc(N4CCCCC4)cc3)c(=O)c2cc1OC
D09682,CC(C)(C)c1[nH]c2ccccc2c1C1CCCN(Cc2ccc(/C=C/C(=O)NO)cc2)C1
D09683,CC(C)(C)c1ccc(N(Cc2ccc(C(=O)NCCC(=O)O)cc2)C(=O)Nc2ccc(OC(F)(F)F)cc2)cc1
D09684,Cc1c(Oc2ccc(Cl)cc2)c2ccc(F)nc2n1Cc1ccc(Cl)c(O[C@@H](C)C(=O)O)c1
D09685,O=C(NO)[C@H]1CC[C@@H](O)CN1S(=O)(=O)c1ccc(OCc2ccccc2C(F)(F)F)cc1
D09686,CN(C(=O)C1(c2ccc(F)cc2)CCCC1)[C@@H]1CCc2c(CC(=O)O)c3ccccc3n2C1
D09687,Cc1nccnc1C(=O)N1CCC([C@H](N)Cc2cc(F)c(F)cc2F)CC1
D09688,Cc1nnc(C(=O)N2CC[C@H](Oc3ccc(-c4ncnc(Nc5cnn(C(C)(C)C)c5)n4)cc3C#N)[C@H](F)C2)[nH]1
D09689,CCC1CCCCN1C(=O)n1cc(-c2ccc(-c3ccccc3)cc2)nn1
D09690,CN[C@@H](C)C(=O)N[C@H]1CN(C(=O)c2cccc(N)c2)c2ccccc2N(Cc2c(C)ccc3ccccc23)C1=O
D09691,Cc1cc(CCC(=O)O)[nH]c1/C=C1\C(=O)Nc2ncnc(Nc3ccc(F)c(Cl)c3)c21
D09692,C[C@@H](Oc1cc(-c2cnn(C(F)F)c2)cc2nn(C)cc12)[C@H]1CNC(=O)C1
D09693,NC1CCN(CCCOc2ccc(-c3nc4ccc(OCCCN5CCC(N)C5)cc4o3)cc2)C1
D09694,c1ccc2c(Cn3ccnc3)c[nH]c2c1
D09695,COC(=O)N1C[C@H]2C[C@@H](NCC(=O)N3CCC[C@H]3C#N)C[C@H]2C1
D09696,COc1cc(-c2noc3ncn(-c4ccc(N5CCOCC5=O)cc4)c(=O)c23)ccc1OC(C)=O
D09697,NCc1c(-c2ccccc2Cl)ccc2ncn(CCO)c12
D09698,COc1cc(C2CCN(C(C)=O)CC2)ccc1Nc1ncc(Cl)c(-c2cnc3ccccn23)n1
D09699,CN[C@@H](C)C(=O)N[C@H]1CN(C(=O)c2ccncc2)c2cc(C#N)ccc2N(Cc2c(C3CC3)cnc3ccccc23)C1=O
D09700,CS(=O)(=O)c1ccc(-c2cc3c(cc2C=C2CCCCC2)OCO3)cc1
D09701,O=C(CCNc1ccccc1)Nc1ccc2nc3c4[nH]c5ccccc5c4ccn3c(=O)c2c1
D09702,Cc1cc(Nc2ccc(C(F)(F)F)c(F)c2)n2ncnc2n1
D09703,c1ccc(CN=Nc2nc3ccccc3nc2Cc2ccccc2)cc1
D09704,O=C(O)CNC(=O)C(CS)Cc1ccccc1
D09705,O=C(N[C@@H](Cc1ccccc1)C(=O)N[C@@H]1C(=O)N[C@H]1OC(=O)c1ccccc1)OCc1ccccc1
D09706,CCCNC(=O)c1noc([C@H](CCCC2CCCCC2)CC(=O)NO)n1
D09707,N#C[C@@H]1CCCN1C(=O)CNC(=O)c1ccnc2ccc(F)cc12
D09708,COC12CCCCC1c1ccccc1/C2=N/OCC(O)CNC(C)(C)C
D09709,COc1ccc(-c2nnc(C(=O)N3CC(Oc4ccc(CN5CCCC56COC6)cc4)C3)o2)cc1
D09710,COc1ccc(Cn2ccc3c(Nc4cc(-c5ncccc5F)ncc4C(C)C)ncnc32)cc1
D09711,OC[C@H]1[C@@H](O)[C@H](O)[C@@H](O)CN1CCCCCOCc1ccccc1-c1ccccc1
D09712,Cc1ccc(-c2ccc(OCCN(C)CC(=O)O)c(C(=O)c3cccs3)c2)cc1
D09713,Cn1cc(-c2nc3c(N4CCN(Cc5cccnc5)CC4)c(Br)cnc3[nH]2)cn1
D09714,c1ccc(-c2cc3c(ccn4cnnc34)nc2-c2ccc(CN3CCC(c4nnc(-c5ccccn5)[nH]4)CC3)cc2)cc1
D09715,O=C1COc2ccc(Cl)cc2N1Cc1nnc(CCc2ccc(Cl)cc2)n1CCC(F)(F)F
D09716,COCC(=O)N1CC(n2cc(C)c3c2C(c2ccc(Cl)cc2)N(c2cc(C)c4nnc(C)n4c2)C3=O)C1
D09717,C[N+]1(C)CCO[C@@](O)(c2ccc([N+](=O)[O-])cc2)C1
D09718,CN[C@@H](C)C(=O)N[C@H]1CN(C(=O)c2ccc(C#N)cc2)c2ccccc2N(Cc2c(OC)ccc3c(Br)cccc23)C1=O
D09719,N#C[C@@H]1C[C@@H]2CCC[C@@H]2N1C(=O)C[C@H](N)Cc1ccc(Cl)cc1Cl
D09720,CN[C@@H](C)C(=O)N[C@H]1CN(C(=O)c2ccc(C(O)C(F)(F)F)cc2)c2ccccc2N(Cc2c(OC)ccc3cc(Br)ccc23)C1=O
D09721,COc1ccc(NC(=O)c2sccc2S(=O)(=O)Nc2onc(C)c2Cl)c(C)c1
D09722,N[C@@H](CC(=O)N1CCn2c(nnc2C2CC2)C1)Cc1cc(F)c(F)cc1F
D09723,O=C(c1ccc(Cl)cc1)C1CCN(C2CCN(Cc3nc4c(c(=O)[nH]3)COCC4)C2=O)CC1
D09724,CN[C@@H](C)C(=O)N[C@H]1CN(C(=O)c2ccn(C)n2)c2ccccc2N(Cc2c(OC)ccc3cc(Br)ccc23)C1=O
D09725,O=C(Nc1cccc2c(=O)cc(-c3nnn[nH]3)oc12)c1ccc(OCCCCc2ccccc2)cc1
D09726,C=C[C@H]1CN2CC[C@H]1C[C@H]2[C@H](O)c1ccnc2ccc(OC)cc12
D09727,COc1ccc2c(c1)CC(NC1CCN(CCNS(=O)(=O)c3cccc4ccccc34)CC1)CCC2
D09728,Cc1ccc(Cn2sc(=O)n(Cc3ccc(F)cc3)c2=O)cc1
D09729,C[C@H]1CN(c2cc(=O)c3cc(C(=O)N(C)C)cc([C@H](C)Nc4cc(F)cc(F)c4)c3o2)CCO1
D09730,O=C(NCC1CCC1)c1ncccc1NC(=O)c1ccc(Cn2cccn2)c2ccccc12
D09731,N#CCCn1nc(-c2ccc(OCc3ccccc3)cc2)oc1=O
D09732,CC(=O)N1CCN(c2cccc(-c3cc(-c4ccnn4CC(F)(F)F)c4c(N)ncnn34)c2)C(=O)C1(C)C
D09733,COc1cc(-c2nn([C@H]3CC[C@H](N4CCN(C)CC4)CC3)c3ncnc(N)c23)ccc1NC(=O)[C@@H]1C[C@H]1c1ccccc1
D09734,Cc1ncc(-c2ccc([C@H](C)N3CC[C@](CC(C)(C)O)(c4ccccc4)OC3=O)cc2)cn1
D09735,Cc1c(C(=O)NCCCN2CCN(C)CC2)c(-c2cccc(N3CCN(c4ccc(C(=O)NS(=O)(=O)c5ccc(N[C@H](CCN(C)C)CSc6ccccc6)c([N+](=O)[O-])c5)cc4)CC3)c2)c(-c2ccc(Cl)cc2)n1C
D09736,CN[C@@H](C)C(=O)N[C@@H]1C(=O)N(CC(=O)Nc2c(F)cccc2F)c2ccccc2N(C(C)=O)[C@H]1C
D09737,CC(C)(OCc1cc(-c2ccsc2)n(Cc2ccccc2Cl)n1)C(=O)O
D09738,Cc1nc([C@]2(c3cnn(C)c3)N[C@@H](c3nc(-c4ccc(F)cn4)c[nH]3)Cc3c2[nH]c2ccccc32)no1
D09739,Cc1cc2c(NC(=O)N[C@@H]3CC(C)(C)Oc4cc(F)ccc43)cccc2cn1
D09740,Cc1ccc(C#N)c(OC(C)(C)C2OCC(C/C=C\CCC(=O)O)C(c3cccnc3)O2)c1
D09741,O=C1Nc2ccccc2/C1=C\c1ccc[nH]1
D09742,CN(C)C(=O)[C@]12C[C@H]1[C@@](C)(c1cc(/C=C(\F)c3cnc(Br)cn3)ccc1F)N=C(N)S2
D09743,COc1cc(Oc2ccccc2)ccc1-c1nc([C@H]2C[C@@](C)(O)C2)n2ccnc(N)c12
D09744,C[C@@]1(c2nc(NC(=O)c3ncc(Br)cc3Cl)ccc2F)C[C@@H](C(F)(F)F)OC(N)=N1
D09745,O[C@H]1CC[C@H](Nc2ccc3ncc(-c4cccc(OC(F)(F)F)c4)n3n2)CC1
D09746,CC[C@H](NCCO)C(=O)NC1C(=O)N(Cc2c(OC)ccc3c(Br)cccc23)c2ccccc2N(c2ccccc2)C1=O
D09747,O=C1C(=O)N(Cc2ccc(OCCOCCOCCF)cc2)c2ccc(S(=O)(=O)N3CCC[C@H]3COc3ccccc3)cc21
D09748,CN[C@@H](C)C(=O)N[C@H]1CN(C(=O)c2ccccc2)c2ccccc2N(Cc2c(OC)ccc3cc(Br)ccc23)C1=O
D09749,Cc1ccc(NC(=O)c2cccc(C(F)(F)F)c2)cc1C(=O)Nc1cncnc1
D09750,Clc1ccc2c(c1)nc1n2CCOc2ccc(Br)cc2-1
D09751,COC(=O)c1ccc(CSc2ncnc3c2oc2ccccc23)o1
D09752,COC(=O)c1nn(C(=O)c2ccccc2)c2ccccc12
D09753,CN[C@@H](C)C(=O)NC1C(=O)N(Cc2c(OC)ccc3cc(Br)ccc23)c2ccccc2N(c2ccccc2)C1=O
D09754,C[C@@H]1CN(C(=O)c2ccc(Cl)cc2-n2nccn2)[C@H](Cc2cc(-c3ncccn3)ccc2F)CO1
D09755,CCC(=O)N1CC[C@H](N(Cc2cc(F)ccc2C)c2ccc(C#N)c(Cl)c2)C1
D09756,C[C@@]1(c2cc(NC(=O)c3ccc(C#N)cn3)cc(F)c2Cl)C[C@@H](C(F)(F)F)OC(N)=N1
D09757,CC1(c2cc(NC(=O)c3ccc(F)cn3)ccc2F)CC2(CCC2)OC(N)=N1
D09758,CC(C)(C)OC(=O)C(Cc1ccc(OC(C)(C)C)cc1)NC(=O)Cn1c(=O)c(Cc2ccccc2)nc2ccccc21
D09759,Cc1cc(Nc2ccc(S(F)(F)(F)(F)F)cc2)n2nc(C(C)(F)F)nc2n1
D09760,COc1cc(-c2cccc(F)c2)c(Cl)cc1-c1nccc2cc(S(=O)(=O)Nc3nncs3)ccc12
D09761,O=C(O)CCc1cc(I)c(Oc2ccc(O)c(I)c2)c(I)c1
D09762,CC(=O)OCC(=O)NC1CCN(Cc2ccc(Oc3nc4ccccc4s3)cc2)CC1
D09763,CN[C@@H]1CC[C@@H](c2ccccc2)c2ccccc21
D09764,CS(=O)(=O)c1ccc(C2=C(Oc3ccccc3)C(=O)CC2)cc1
D09765,CC[C@H](C)[C@H](NC(=S)Nc1cccc(C(F)(F)F)c1)C(=O)N[C@H](Cc1ccccc1)C(=O)Nc1ccc(Cl)c(Cl)c1
D09766,Cc1cc(Oc2cccc(F)c2)nc(N2CCC3(CC2)CNCCO3)n1
D09767,COc1cc2c(Oc3ccc(CC(=O)N/N=C/c4ccc(C(F)(F)F)cc4)cc3F)ccnc2cc1OCCCN1CCCC1
D09768,CC(C)(CC(=O)N1Cc2ccccc2C1)NCC(=O)N1CCC[C@H]1C#N
D09769,NCCCC(O)(P(=O)(O)O)P(=O)(O)O
D09770,N#Cc1ccc(C(=O)Nc2ccc3c(c2)C2(CCOC(N)=N2)c2cc(C4=CCCOC4)nc(F)c2O3)nc1
D09771,CCn1c(-c2nonc2N)nc2c(C#CC(C)(C)O)ncc(OCCCN)c21
D09772,CN(C)c1ccc(C2=C(c3ccc(S(C)(=O)=O)cc3)CCC2)cc1Cl
D09773,C#CCN(C)CCCOc1ccc(Cl)cc1Cl
D09774,N#Cc1ccccc1-c1ccc(CSc2nnc(-c3ccncc3)o2)cc1
D09775,CN(C(=O)n1nc(-c2ccc(Cl)cc2)nc1SCC(F)(F)F)c1ccccc1
D09776,O=C(O)/C=C/C(=O)Nc1ccc(-c2ccc(NC(=O)/C=C/C(=O)O)cc2)cc1
D09777,Cc1nc(Oc2ccc(C(=O)O)cc2)ccc1CN1CCC(N2C(=O)N(C3CCOCC3)C[C@H]2c2cccc(Cl)c2)CC1
D09778,N[C@@H](CC(=O)N1CCC[C@H]1c1nc(-c2ccccn2)no1)Cc1cc(F)c(F)cc1F
D09779,COc1cc(-c2cccc(F)c2)ccc1-c1ncnc2cc(S(=O)(=O)Nc3ncns3)ccc12
D09780,N#Cc1cnc(C(=O)Nc2ccc(F)c([C@]3(CF)N=C(N)O[C@H]4C[C@H]43)c2)c(Cl)c1
D09781,Cn1cnc(C(Cc2ccc(N)nc2)C(=O)O)c1
D09782,Cc1cc2ncc3c(n2n1)CN([C@H]1CO[C@H](c2cc(F)ccc2F)[C@@H](N)C1)C3
D09783,CC(=O)Nc1cccc([N+](C)(C)C)c1
D09784,N#Cc1cnc(C(=O)CCCCCCc2ccccc2)o1
D09785,COc1cc(C(F)(F)F)ccc1-c1nccc2cc(S(=O)(=O)Nc3nccs3)ccc12
D09786,CS(=O)(=O)N1CC[C@H](N(Cc2ccccc2F)c2ccc(C#N)c(Cl)c2)C1
D09787,C[C@@H](C[C@@](C)(CS(=O)(=O)N1CCC(CCc2ccc(S(C)(=O)=O)cc2Cl)CC1)N(O)C=O)c1ncc(F)cn1
D09788,C[C@@]1(c2cc(NC(=O)c3ncc(C#N)cc3Cl)cc(F)c2F)C[C@@H](C(F)(F)F)OC(N)=N1
D09789,COc1cc2c(Nc3cc(Cl)c(Cl)cc3F)ncnc2cc1OC[C@@H]1CN2CCC[C@H]2CO1
D09790,C[C@H](c1nc(-c2ccc(S(C)(=O)=O)cc2Cl)no1)[C@H]([NH3+])C(=O)N1CC[C@H](F)C1
D09791,N#Cc1ccccc1Cn1c(N2CCC[C@@H](N)C2)ncc(Br)c1=O
D09792,Cc1cc(C#N)cnc1C(=O)Nc1ccc(F)c([C@]2(C)CS(=O)(=O)C3(CCC3)C(N)=N2)c1
D09793,CN[C@H]1Cc2ccccc2[C@H](c2ccc(Cl)c(Cl)c2)C1
D09794,CC(C)CNC(=O)c1ccc(-c2ccc(/C=C\CO)cc2C(=O)Nc2ccc(C(=N)N)cc2)c(C(=O)O)c1
D09795,N=C(N)NCCCC(C=O)NC(=O)CNC(=O)[C@H](CCCNC(=N)N)NS(=O)(=O)CCc1cccc2ccccc12
D09796,COc1cc(-c2nn([C@H]3CC[C@H](N4CCN(C)CC4)CC3)c3ncnc(N)c23)ccc1NC(=O)c1cc2ccccc2n1C
D09797,CCn1cc(-c2ccc([C@H](C)N3CC[C@](CC(C)(C)O)(c4ccccc4)OC3=O)cc2)ccc1=O
D09798,C=CCn1cc(O)n([C@H]2C[C@H](C(=O)NO)N(S(=O)(=O)c3ccc(OCCOC)cc3)C2)c1=O
D09799,CC(C)COc1cccc(-c2cc(COC(C)(C)C(=O)O)nn2Cc2ccccc2F)c1
D09800,CC(C)(Nc1nc(NO)nc(Nc2ccc3ncsc3c2)n1)c1ccccc1
D09801,C#CCOc1cnc(/C(F)=C/c2ccc(F)c([C@@]3(C)N=C(N)S[C@@]4(C(=O)N5CC[C@H](F)C5)C[C@H]43)c2)cn1
D09802,COc1ccc(CCC(N[C@@H](Cc2ccc3c(c2)oc2ccccc23)C(=O)O)P(=O)(O)O)c(OC)c1OC
D09803,COc1c(C)c(-c2[nH]c3ccc(C4CCN(CC(=O)NC5(C)COC5)CC4)cc3c2C(C)C)cn2ncnc12
D09804,NS(=O)(=O)c1ccc(Nc2cn(-c3nc(C(=O)O)cs3)nc2-c2cccc(-c3ccccc3)c2)cc1
D09805,CC#CC(CC(=O)O)c1ccc(Oc2ccc(C(F)(F)F)cc2OC(F)F)cc1
D09806,Cc1nsc(-c2nnc3n2CCN(C(=O)c2ccc(F)c(F)c2F)[C@@H]3C)n1
D09807,CS(=O)(=O)c1ccc(-c2nccc(-c3c[nH]c4cnccc34)n2)cc1
D09808,OC[C@@H]1NC[C@H](O)[C@H]1O
D09809,N#Cc1cc(-c2ncnc(Nc3ccc(N4CCN(C5COC5)CC4)cc3)n2)ccc1OC1CNCC1(F)F
D09810,CN(c1cccnc1)c1ncccc1CC(c1cccnc1)c1cccnc1
D09811,Cc1cc(-c2[nH]c3ccc(C4CCN(C(=O)CS(C)(=O)=O)CC4)cc3c2C(C)C)cn2ncnc12
D09812,CC(C)(CC(O)(Cc1cc2cc(N3CCOCC3)ncc2[nH]1)C(F)(F)F)c1ccccc1S(C)(=O)=O
D09813,Cc1ccc(Sc2ccccc2N2CCNCC2)cc1C
D09814,CC(C)c1c(-c2cc(CO)c3ncnn3c2)[nH]c2ccc(C3CCN(Cc4csnn4)CC3)cc12
D09815,CN[C@@H](C)C(=O)N[C@H]1CN(C(=O)c2ccc(N)cc2)c2cc(Cl)ccc2N(Cc2c(OC)ccc3c(Br)cccc23)C1=O
D09816,CC(C)(C)S(=O)N[C@@](C)(CS(=O)(=O)C1(C#N)CC1)c1cc(Br)cnc1F
D09817,CC(C)c1c(-c2cc(C(F)(F)F)c3ncnn3c2)[nH]c2ccc(C3CCN(C(=O)C4COC4)CC3)cc12
D09818,COc1cc(Cc2cnc(N)nc2N)cc2c1N(C)C(C)(C)C=C2C
D09819,COc1cc(=O)n(-c2ccc(Oc3ccnc(N)c3I)c(F)c2)cc1C(=O)NCc1ccc(F)cc1
D09820,COc1ccc(C[C@@H]2COCCN2C(=O)c2cc(C)ccc2-n2nccn2)cc1-c1ncon1
D09821,CC(C)Nc1nc(Cl)c(-c2cc(N)cc(C(=O)O)c2)n(CC(=O)NCc2ccc(C(=N)N)cc2)c1=O
D09822,CN1CCN(c2cc(C(F)(F)F)cc(COCC3(c4ccccc4)CCNCC3)n2)CC1
D09823,COC[C@@H](C)NCc1cc([C@]2(C)CCSC(N)=N2)c(F)cc1F
D09824,NC(=O)c1ccc(OCCn2ccnc2)cc1
D09825,N#Cc1ccccc1Cn1c(N2CCC[C@@H](N)C2)nc2c(Br)c[nH]c2c1=O
D09826,CC(=O)N1CCC(Oc2ccc(-c3ncnc(Nc4ccc(N5CCN(C6COC6)CC5)cc4)n3)cc2C#N)C1
D09827,COc1ccc(OCCNCCCF)cc1[C@@H]1c2[nH]c3ccccc3c2C[C@@H](C)N1C[C@H](C)C(=O)O
D09828,COc1cc(Cc2cnc(N)nc2N)cc(OC)c1C
D09829,Cc1ccc(NC(=O)c2cccc(C(F)(F)F)c2)cc1C(=O)Nc1cnc(NC2CCN(C)CC2)nc1
D09830,CNC[C@@H](O)CCN1c2ccccc2N(c2cc(F)ccc2F)S1(=O)=O
D09831,Cc1ncn(-c2cc(Cl)c(C(=O)NC[C@@H](c3cccc(F)c3)c3nc4ccc(Cl)cc4[nH]3)c(Cl)c2)n1
D09832,COc1cc2c(Nc3ccc(Br)c(Cl)c3F)ncnc2cc1O[C@H]1CO[C@@H]2[C@@H](OC)CO[C@H]12
D09833,c1cc(-c2cnn3cc(-c4ccc(OC5CCNCC5)cn4)cnc23)c2cccnc2c1
D09834,CC(C)(CC(=O)N1CC[C@H](O)C1)NCC(=O)N1C[C@@H](F)C[C@H]1C#N
D09835,O=C(Cn1c(=O)c(Cc2ccccc2)nc2ccccc21)N/N=C/c1ccccc1
D09836,CNC(=O)c1ccc(-c2nccnc2OC2CN(c3ccc4ccccc4n3)C2)cc1
D09837,C[C@@H](c1ccc(-c2ccn(C)c(=O)c2)cc1)N1CC[C@](CC(C)(C)O)(c2ccccc2)OC1=O
D09838,Nc1ncnc2c1ncn2C1OC(COC(=O)c2ccc([S+](=O)([O-])Oc3ccc(/C=C/[N+](=O)[O-])cc3)cc2)C(O)C1O
D09839,CCCN(CCCCN1C(=O)c2ccccc2S1(=O)=O)C1COc2cccc(OC)c2C1
D09840,CC(C)CNC(=O)c1ccc(-c2ccc(-c3cscc3CN)cc2C(=O)Nc2ccc(C(=N)N)cc2)c(C(=O)O)c1
D09841,COC(=O)C1=C(c2ccc(Cl)c(Cl)c2)CC2CC[C@@H]1O2
D09842,NC(=O)c1cccc2c1OCC(c1cncc(C3(O)CCCCC3)c1)O2
D09843,O=C(NC[C@@H](O)C(=O)O)c1ccc(Cn2nc(-c3cc(Cl)cc(Cl)c3)cc2-c2ccc(OC(F)(F)F)cc2)cc1
D09844,Cc1ccc(-n2nccn2)c(C(=O)N2CCOC[C@H]2Cc2cc(-n3nccn3)ccc2Cl)c1
D09845,Cc1ccc2c(C(=O)NCC(=O)N3CCC[C@H]3C#N)ccnc2c1
D09846,C[C@]1(C(=O)[C@H](Cc2ccccc2)NC(=O)[C@H](CO)NC(=O)c2cccc(=O)[nH]2)CO1
D09847,C[C@@]1(c2cc(NC(=O)c3ccc(OCC(F)(F)F)cn3)cnc2F)C[C@@H](C(F)(F)F)OC(N)=N1
D09848,CN1C(=O)N(c2ccnc(C(F)(F)F)c2)C2=C(C(=O)CC2)[C@H]1c1ccc(C#N)cc1S(C)(=O)=O
D09849,N#Cc1cc(-c2ncnc(Nc3ccc(N4CCN(C5COC5)CC4)cc3)n2)ccc1O[C@H]1CCN(C(=O)[C@@H]2C[C@@H](O)CN2)C[C@H]1F
D09850,CCc1[nH]ncc1Cn1cc(-c2ccc(Cl)c(OC(F)F)c2)cn1
D09851,CC(=S)N[C@H]1CCCCNC(=O)[C@H]2CCCN2C(=O)[C@H](C(C)C)NC(=O)[C@@H](CC(N)=O)NC(=O)[C@H](C(C)C)NC(=O)[C@@H](Cc2ccc(OP(=O)(O)O)cc2)NC1=O
D09852,Cc1nc2c(cnn2-c2ccccc2)c(=O)n1-c1ccc(Br)cc1
D09853,O=C1N[C@H](C(=O)O)CCCCCCc2cccc(c2)C[C@@H]1CS
D09854,OC[C@H]1O[C@@H](c2ccc(Cl)c(Cc3ccc(O[C@H]4C[C@@H]5C[C@@H]5C4)cc3)c2)[C@H](O)[C@@H](O)[C@@H]1O
D09855,Cc1[nH]c(/C=C2\C(=O)Nc3ccc(F)cc32)c(C)c1C(=O)NCCN1CCOCC1
D09856,CN[C@@H](C)C(=O)N[C@H]1CN(C(=O)c2ccc(OC)cc2)c2ccccc2N(Cc2c(C)ccc3ccccc23)C1=O
D09857,CC(C)(CC(=O)N[C@H]1C[C@@H]1c1ccc(F)cc1F)NCC(=O)N1CCC[C@H]1C#N
D09858,Cc1cc(Oc2cncnc2)cc(C(=O)Nc2ccc(F)cn2)n1
D09859,[NH3+][C@H]1CN(c2ccc3nncn3n2)CC[C@@H]1c1cc(F)c(F)cc1F
D09860,C[C@H](Nc1nccc(-c2c(-c3cccc(C(F)(F)F)c3)nc(C3CCNCC3)n2C)n1)c1ccccc1
D09861,COc1ccc(C(=O)Nc2cc(C)c(F)c([C@@]3(C(F)F)N=C(N)O[C@@H]4C[C@@H]43)c2)nc1
D09862,CC#CCOc1ccc(C(=O)Nc2cc(F)c(F)c([C@]3(CF)C[C@@H](C(F)(F)F)OC(N)=N3)c2)nc1
D09863,CC[C@H](NC(C)=O)c1cc(Cl)ccc1C1CCN(C(=O)[C@@H]2CN(C(C)(C)C)C[C@H]2c2ccc3ccccc3c2)CC1
D09864,COc1cc2c(cc1OC)C(=O)/C(=C/c1ccc(CN3CCCC3)cc1)C2
D09865,C=CCCCC(=O)N1C[C@@H]([C@@H](C)OC(=O)Cc2ccc(-c3ccccc3)cc2)C1=O
D09866,O=C(O)c1cccc(S(=O)(=O)N2CCc3cc(I)ccc3C2)c1
D09867,CC#CCOc1cnc(/C(F)=C/c2ccc(F)c([C@@]3(C)N=C(N)S[C@@]4(C#N)C[C@H]43)c2)cn1
D09868,C[C@H](O)C(=O)N1CC[C@H](Oc2ccc(-c3ncnc(Nc4ccc(N5CC6(COC6)C5)cc4)n3)cc2C#N)[C@H](F)C1
D09869,COc1ccc(C(=O)N(C)C2CCC([C@H](C)[C@H]([NH3+])C(=O)N3CC[C@H](F)C3)CC2)cc1
D09870,O=C(O)C(=O)Nc1nc2ccc(NC(=O)c3cc(Br)c(Br)[nH]3)cc2s1
D09871,COc1ccc(NC(=O)O[C@@H]2CC[C@H]([C@H](N)C(=O)N3CCSC3)C2)cc1
D09872,CS(=O)(=O)c1ccn2cc(-c3ccc(-c4ccccc4)cc3)nc2c1
D09873,Cc1cc(OC(F)F)cnc1C(=O)Nc1ccc(Cl)c(C2(C(F)F)N=C(N)O[C@@H]3C[C@@H]32)c1
D09874,CCOC(=O)/C=C/[C@H](C[C@@H]1CCNC1=O)NC(=O)[C@@H](CC(=O)[C@@H](NC(=O)c1cc(C)on1)C(C)C)Cc1ccc(F)cc1
D09875,O=C1CCc2cc(C(O)CN3CCC(O)(c4cccc(F)c4)CC3)ccc2N1
D09876,CCc1c(C2=NC(C)(C)C(=O)N2)nn(-c2ccc(Cl)cc2Cl)c1-c1ccc(Cl)cc1
D09877,CCN(CCCC=Nc1cc(O)c(NCCCCN(CC)Cc2ccccc2OC)cc1O)Cc1ccccc1OC
D09878,Cc1cc(COc2ccc(S(=O)(=O)CC(C=C3CCC(N=O)CC3)N(O)C=O)cc2)c2ccccc2n1
D09879,O[C@H]1CC[C@H](Nc2ccc3ncc(-c4cccc(Cl)c4)n3n2)CC1
D09880,Cc1cc(CN2C[C@H](N)[C@H](C(=O)C3CCC[C@H]3C#N)C2)cc(C)c1C#N
D09881,COCCOc1cc2ncnc(Nc3ccc(Cl)cc3F)c2cc1OC
D09882,Cc1nsc(-c2nnc3n2CCN(C(=O)c2ccc(-c4cccs4)cc2)[C@@H]3C)n1
D09883,O=C(CCSc1nc2ccccc2c(=O)[nH]1)N[C@H]1CC[C@H](Oc2ccccn2)CC1
D09884,CCCS(=O)(=O)N1CCN(C2(CNC(=O)c3c(Cl)cccc3Cl)CCCCC2)CC1
D09885,Cc1ccc(C)c(CCC2CCN(S(=O)(=O)C[C@](C)(C[C@H](C)c3ncc(F)cn3)N(O)C=O)CC2)c1
D09886,CC(=O)N[C@@H]1CCc2ccc(Oc3cnc4[nH]cc(C(=O)N[C@@H](C(=O)N5CC(C#N)C5)C5CC5)c4n3)cc21
D09887,Clc1cc2nc(Cc3ccccc3)c(NCCN3CCOCC3)nc2cc1Cl
D09888,CN[C@@H](C)C(=O)N[C@@H]1C(=O)N(Cc2c(C3CC3)cnc3ccccc23)c2ccccc2N(C(=O)CS(C)(=O)=O)[C@H]1C
D09889,CC1(C)CN(C(=O)[C@@H]2CCC(=O)N2)C[C@H](F)[C@@H]1Oc1ccc(-c2ncnc(Nc3ccc(N4CCN(C5COC5)CC4)cc3)n2)cc1C#N
D09890,C[C@@H](Oc1nc(-c2cnn([C@H]3CC[C@H](N4CCN(C)C(=O)C4)CC3)c2)cc2nn(C)cc12)[C@H]1CNC(=O)C1
D09891,COc1ccc(F)c(-c2nc3c(NCC4CCNCC4)c(Cl)cnc3[nH]2)c1
D09892,CC1(C)CN(C(=O)c2ccn[nH]2)C[C@@H](F)[C@H]1Oc1ccc(-c2ncnc(Nc3ccc(N4CCN(C5COC5)CC4)cc3)n2)cc1C#N
D09893,O=C1NC(=O)C2=C1c1cn(c3ccccc13)CCO[C@H](CNS(=O)(=O)c1ccccc1)CCn1cc2c2ccccc21
D09894,CNCc1cc(F)ccc1Oc1ccc(C)c(C)c1
D09895,C=CC(=O)N1CCC[C@@H](n2nc(-c3ccc(C(F)(F)F)cc3)c3c(N)ncnc32)C1
D09896,O=C(CNC1CCC1)N1CCC[C@H]1B(O)O
D09897,CCCCc1cnc2nc(CCc3cc(OC)ccn3)[nH]c2c1
D09898,N#Cc1ccc([C@H]2NC(=O)N(c3cccc(C(F)(F)F)c3)C3=C2C(=O)CC3)cc1
D09899,N#Cc1cc(-c2ncnc(Nc3ccc(N4CCN5CCOC[C@H]5C4)cc3)n2)ccc1O[C@H]1CCN(C(=O)[C@@H]2CCC(=O)N2)C[C@H]1F
D09900,C[C@@H]1CN(CC2(C(N)=O)CC2)CCN1S(=O)(=O)c1ccc([C@@](C)(O)C(F)(F)F)cc1
D09901,O=C(O)c1cccc(S(=O)(=O)N2CCc3ccc(I)cc3C2)c1
D09902,CC(C)(OCc1cc(-c2cccc(C#N)c2)n(Cc2ccccc2Cl)n1)C(=O)O
D09903,CCCCc1nn(-c2ccccc2)c(C(=O)O)c1Cc1ccc(-c2ccccc2-c2nnn[nH]2)cc1
D09904,COC1=Cc2ccnc3c2c(cc2ccccc23)C1=O
D09905,CC(C)(OCc1cc(-c2cccc(OC3CCC3)c2)n(-c2ccccc2F)n1)C(=O)O
D09906,O=C1Nc2c(Cl)cc(-c3ccccc3)cc2C2(CCCCC2)N1
D09907,CNCCc1ccc(Cl)c(CN(C(=O)[C@H]2CNCC[C@@H]2c2ccc(OCCOc3c(Cl)cc(C)cc3Cl)cc2)C2CC2)c1
D09908,COc1ccc(/C=C/C(=O)c2cccnc2)c(OC)c1OC
D09909,Cc1nnc2ccc(-c3cccc(S(N)(=O)=O)c3-c3nnn[nH]3)cn12
D09910,CCCC[C@H]1CN(C2c3ccc(Cl)cc3CCc3cc(Br)cnc32)CCN1C(=O)Cc1cc[n+]([O-])cc1
D09911,CCn1cc(-c2cccc(C(F)(F)F)c2)c2sc(C(=N)NC3CCS(=O)(=O)CC3)cc2c1=O
D09912,COc1ccc(NC(=O)O[C@@H]2CCC[C@H]([C@H](N)C(=O)N3CCSC3)C2)cc1
D09913,C=CCCN1C(=O)C(=O)c2cc(S(=O)(=O)N3CCC[C@H]3COC)ccc21
D09914,Cn1cc(-c2cc3cnc(Nc4ccc(-c5cncn5C)cc4Cl)cc3n2C(=O)OC(C)(C)C)cn1
D09915,Cn1c2c(c(=O)n1-c1cc(Cl)ccc1Cl)[C@H]1CC[C@]2(C)C1(C)C
D09916,Cc1[nH]c2ccccc2c1CCN1CCCC1c1ccc(/C=C/C(=O)NO)cc1
D09917,N#Cc1cnc(C(=O)Nc2ccc(F)c([C@@]3(C(F)F)N=C(N)O[C@@H]4C[C@@H]43)c2)c(Cl)c1
D09918,N#Cc1cnc(C(=O)Nc2ccc(F)c([C@@]3(C(F)F)N=C(N)O[C@@H]4C[C@@H]43)c2)c(C(F)F)c1
D09919,CC#CCn1c(N2CCC[C@@H](N)C2)c(C#N)c2c1c(=O)n(Cc1nc(C)c3ccccc3n1)c(=O)n2C
D09920,CN(C[C@H]1COCCO1)S(=O)(=O)Nc1ccc2ccc3ncc(-c4cnn(C)c4)cc3c(=O)c2c1
D09921,CCn1c(=O)c(-c2cc(C(=O)NC3CC3)cc(F)c2C)cc2nnc(-c3c(F)cccc3Cl)n21
D09922,CC(O)CCNC(=O)[C@]12C[C@H]1[C@@](C)(c1cc(/C=C(\F)c3ccc(Cl)cn3)ccc1F)N=C(N)S2
D09923,N[C@H]1C[C@@H](N2Cc3nn4ccc(C(F)(F)F)nc4c3C2)CO[C@@H]1c1cc(F)c(F)cc1F
D09924,N[C@@H](CCNc1ccccc1)C(=O)N1CCCCC1
D09925,Cc1cc2c(c(C)c1Br)C=C(C(=O)O)[C@@H](C(F)(F)F)O2
D09926,NC(=O)Cc1cccc(-n2nc(-c3cccs3)cc2NC(=O)Nc2cccc(Cl)c2Cl)c1
D09927,Cc1cccc(N=C(NC#N)c2ccc(-c3ccc(Cl)cc3)o2)c1
D09928,Cc1cc(O)nc2c3c(nn12)CN([C@H]1CO[C@H](c2cc(F)c(F)cc2F)[C@@H](N)C1)C3
D09929,CCN(CC)C(=O)c1ccc([C@H](c2cccc(NC(=O)OC)c2)N2CCN(Cc3cccnc3)CC2)cc1
D09930,CCc1cc(-c2c[nH]c3ncc(-c4cnn(C)c4)cc23)nc(N)n1
D09931,COc1cc([C@H]2CCN(CCO)C[C@@H]2O)ccc1Nc1ncc2ccc(-c3ccccc3OC)n2n1
D09932,N#Cc1cnc2ccc(-c3c(-c4ccc(F)cc4)ncn3[C@H](CO)CC(F)(F)F)nn12
D09933,CN(C)C(=O)c1cc2cnc(Nc3ccc(C(=O)N4C[C@H]5CN[C@H](C5)C4)cn3)nc2n1C1CCCC1
D09934,CCc1ccc2c(c1)[nH]c(=O)c1[nH]c(-c3ccccc3Cl)nc12
D09935,CC(=O)Nc1ccc2c(c1)C(N1CCC(NC(=O)c3cc(=O)c4ccc(F)cc4o3)CC1)CC2
D09936,N#Cc1cc(-c2ncnc(Nc3ccc(N4CCN(C5COC5)CC4)c(F)c3)n2)ccc1O[C@H]1CCN(C(=O)[C@@H](O)CO)C[C@H]1F
D09937,NC(N)=Nc1ccc(C(=O)Oc2ccc(CC(=O)O)cc2)cc1
D09938,CC(C)N(C)[C@@H]1CC[C@H](N2CC[C@H](NC(=O)c3cccc(C(C)(C)C)n3)C2=O)[C@H](CS(C)(=O)=O)C1
D09939,CC(C)(CC(=O)N[C@H]1C[C@@H]1c1cccc(F)c1)NCC(=O)N1CCC[C@H]1C#N
D09940,COc1cnc(C(=O)Nc2ccc(Cl)c([C@@]3(C(F)F)N=C(N)O[C@@H]4C[C@@H]43)c2)nc1
D09941,COc1ccc(C(=O)n2c(C)c(Cc3cccc(OC(C)C(=O)O)c3)c3cc(OC(F)(F)F)ccc32)cc1
D09942,CC1(C)C(=O)N(C23CCC(C(N)=O)(CC2)CC3)CC1COc1ccc(C#N)cn1
D09943,N#Cc1ccccc1Cn1c(N2CCC[C@@H](N)C2)nc2sccc2c1=O
D09944,COc1cc(O)c2c(=O)cc(-c3ccc(O)cc3)oc2c1
D09945,CC(C)(C)[Si](C)(C)Oc1ccc(CN2C(=O)C(=O)c3cc(S(=O)(=O)N4CCC[C@H]4COc4ccccc4)ccc32)cc1
D09946,C[C@@H](c1ccc(-c2cc(Br)c(=O)n(C)c2)cc1)[C@H]([NH3+])C(=O)N1CC[C@H](F)C1
D09947,CO/N=C/c1c(N)ncnc1N1CCN(C(=O)Nc2ccc(OC(C)C)cc2)CC1
D09948,COc1ccc2c3c1O[C@H]1C[C@@H](O)C=C[C@@]31CCN(CCOc1ccc(CN3CCCCC3)cc1)C2
D09949,N[C@@H](CC(=O)N1CCC[C@H]1c1nc(-c2cnccn2)no1)Cc1cc(F)c(F)cc1F
D09950,CCC1(CC)CNc2ccc(S(=O)(=O)Nc3ccc(F)cc3F)cc2C(=O)N1
D09951,CCN(CC)S(=O)(=O)Nc1ccc2ccc3ncc(-c4cnn(C)c4)cc3c(=O)c2c1
D09952,COc1ccc(C[C@@H]2COCCN2C(=O)c2ccc(F)cc2-n2nccn2)cc1-c1ncon1
D09953,C[C@]1(c2cc(/C=C(\F)c3ccc(C#N)cn3)ccc2F)N=C(N)S[C@@]2(C#N)C[C@H]21
D09954,CC(C)(C(=O)N[C@H]1C2CCCC1C[C@@H](C(N)=O)C2)N1CCN(c2ccc(C(F)(F)F)cn2)CC1
D09955,CCCC(=O)N[C@@H](Cc1ccc(O)cc1)C(=O)NCCCNCCCCNCCCN
D09956,Cc1cc(Cl)ccc1C1c2c(nn(CCC(C)C)c2C(C)C)C(=O)N1c1cccc(Cl)c1F
D09957,CCN(C)C(=O)Oc1cccc2c1CCC2N
D09958,N[C@H](C(=O)N1CC[C@@H](F)C1)[C@H]1CC[C@H](NS(=O)(=O)c2ccc(OC(F)(F)F)cc2)CC1
D09959,CCN(C(=O)Cc1ccc(S(C)(=O)=O)cc1)C1CCN(CCC(c2ccccc2)N2CCN(S(C)(=O)=O)CC2)CC1
D09960,COc1ccc(CNCC[C@H](N)C(=O)N2CCCCC2)cc1
D09961,C[C@@H](c1ccc(Br)cc1)N1CC[C@](CCO)(c2ccc(F)cc2)OC1=O
D09962,Cc1ccnc(C)c1C(=O)N1CCC(C)(N2CCC(N(c3ccccc3)c3cccnc3)CC2)CC1
D09963,C=S(=O)(NC)c1ccc(Nc2ncc(C(F)(F)F)c(N[C@@H]3CCC[C@H]3N(C)C)n2)cc1
D09964,CN[C@@H](C)C(=O)N[C@H]1CCc2ccccc2N(Cc2c(C3CC3)ccc3ccccc23)C1=O
D09965,Cc1cc2c(Nc3ccc4nc(N)sc4c3)c(C#N)cnc2cc1OCCCN1CCN(C)CC1
D09966,CN([C@@H]1CCc2c(CC(=O)O)c3ccccc3n2C1)S(=O)(=O)c1ccc(F)cc1
D09967,CCOC(=O)N1C[C@H]2CC(COc3cc4ncnc(Nc5ccc(Br)c(Cl)c5F)c4cc3OC)C[C@H]2C1
D09968,O=C(NC(c1ccc(Cl)c(F)c1)C1CCNCC1)c1ccc2cnccc2c1
D09969,CC(C)(C)C(=O)N1CC2=NNC(=O)c3cccc4[nH]c(c2c34)C1
D09970,COc1ccc(C(=O)n2c(C)c(Cc3cccc(O[C@@H](C)C(=O)O)c3)c3cc(OC(F)(F)F)ccc32)cc1
D09971,CC#CC(=O)Nc1ccc2ncnc(Nc3cccc(Br)c3)c2c1
D09972,COc1ccccc1-n1nc2c(c1C(C)C)C(CC(=O)N1CCOCC1)(c1ccc(Cl)cc1)N(c1cccc(Cl)c1F)C2=O
D09973,CN[C@@H](C)C(=O)N[C@@H]1C(=O)N(Cc2c(OC)ccc3cc(C(=O)OC)ccc23)c2ccc(C)cc2O[C@H]1C
D09974,Cc1c[nH]c2ncc(-c3cccc(NC(=O)/C=C/CN(C)C)c3)cc12
D09975,COc1cccc(CN(CCN(C)C)C(=O)c2nc3ccc(-c4cn[nH]c4)cc3s2)c1
D09976,NC1=N[C@](CF)(c2cc(NC(=O)c3ccc(Cl)cn3)cnc2F)C[C@@H](C(F)(F)F)O1
D09977,COc1ccnc(-c2cnc(C(=O)CCCCCCc3ccccc3)o2)c1
D09978,Cc1n[nH]c2ccc(-c3cncc(OC[C@@H](N)Cc4ccccc4)c3)cc12
D09979,Cc1ccc(CN2[C@H]3CC[C@@H]2C[C@@H](Oc2cccc(C(N)=O)c2)C3)cc1
D09980,Cc1ccc(NC(=O)c2ccccc2)cc1C(=O)Nc1cnc(Nc2ccc(N3CCN(C)CC3)cc2)nc1
D09981,CNCc1cc(C(N)=O)ccc1Oc1ccc(Cl)cc1OC
D09982,CC(C)(CC(=O)N1CCC(=O)CC1)NCC(=O)N1C[C@@H](F)C[C@H]1C#N
D09983,CN(C)C(=O)c1cc2cnc(Nc3ccc(C(=O)N4CC5CCC4C5O)cn3)nc2n1C1CCCC1
D09984,N[C@@H](CCNCCc1ccccc1)C(=O)N1CCCCC1
D09985,CCCCN(CCCC)C(=O)CN1C[C@H](c2ccc3c(c2)OCO3)[C@@H](C(=O)O)[C@@H]1CCc1ncco1
D09986,Nc1nccn2c1c(-c1ccc3ccc(-c4ccccc4)nc3c1)nc2[C@H]1C[C@H](CN2CCOCC2)C1
D09987,COc1cc2nccc(Oc3ccc4c(C(=O)Nc5ccc(Cl)cc5)cccc4c3F)c2cc1OC
D09988,Cc1cc(C2=NC(C)(C)CN2)cc2[nH]c(-c3c(NCC(O)c4cccc(Cl)c4)cc[nH]c3=O)nc12
D09989,O=C(O)/C(O)=C/C(=O)c1ccn(Cc2ccc(F)cc2)c1
D09990,Cn1cc(-c2cc(C(O)(C(F)(F)F)C(F)(F)F)cnc2N2CCN(S(=O)(=O)c3ccc(N)nc3)CC2)cn1
D09991,COc1ccc2nc(N3CCC[C@@H](N)C3)n(Cc3ccccc3C#N)c(=O)c2c1
D09992,C[C@@]1(c2cc(CNCC(F)F)c(F)cc2F)CCSC(N)=N1
D09993,CN(C)C(=O)c1cc2cnc(Nc3ccc(C(=O)N4CC5CCC(C4)N5)cn3)nc2n1[C@@H]1C[C@H]2CC[C@@H]1C2
D09994,CCNC(=O)Nc1ccc2ncc(-c3ccc(Cl)cc3OC)nc2n1
D09995,NC(=Nc1ccc2nc(NC3CCN(Cc4ccccc4)CC3)sc2c1)c1cccs1
D09996,CN[C@@H](C)C(=O)N[C@H]1CN(C(=O)c2ccc(C#N)cc2)c2cc(C#N)ccc2N(Cc2c(OC(F)F)ccc3ccccc23)C1=O
D09997,Nc1nc2c(-c3cccs3)nccc2[nH]1
D09998,Clc1ccc2ncc(-c3cccc(NC4CNC4)n3)n2c1
D09999,Cc1c(OCCNCCC(F)F)ccc(F)c1[C@@H]1c2[nH]c3ccc(F)cc3c2C[C@@H](C)N1C[C@@H](C)C(=O)O
D10000,N[C@@]1(C(=O)O)[C@H](OCc2ccc(Cl)c(Cl)c2)[C@@H](O)[C@@H]2[C@H]1[C@H]2C(=O)O
D10001,O=S1(=O)CCNCC12CCN(c1nc(Oc3cccc(F)c3)cc(C(F)(F)F)n1)CC2
D10002,O=C(Cc1nc(N2CCOCC2)cc(=O)[nH]1)N1CCc2c1cccc2C(F)(F)F
D10003,O=C1C(=O)N(Cc2ccc(OCCOCCOCCF)cc2)c2ccc(S(=O)(=O)N3CC[C@H]3COc3ccccc3)cc21
D10004,Cc1c([C@@H](O)[C@H](C)N2CCC3(CCN(c4ccc(=O)n(C)n4)C3=O)CC2)ccc2c1COC2=O
D10005,COc1ccnc(NC2CCN(C(=O)c3ccc(C#N)nc3)CC2)c1
D10006,COc1cc2c(cc1OC(C)C)[C@H](c1ccc(Cl)cc1)N(c1ccc(C(C)C(=O)N3CCC(N(C)C)CC3)cc1)C(=O)C2
D10007,OC[C@@H]1[C@@H](O)[C@H](O)[C@@H](O)CN1CC(F)(F)CCCOCc1ccc(-c2ccccc2)cc1
D10008,Cc1cccc(C(=O)N2CCOC[C@H]2Cc2cc(-n3nccn3)ccc2F)c1-n1nccn1
D10009,O=C(NCC(=O)N1CC[C@H](N[C@H]2CC[C@@](O)(c3ccc(-c4cccnc4)cn3)CC2)C1)c1cccc(C(F)(F)F)c1
D10010,N#Cc1cc(-c2ncnc(Nc3ccc(N4CCN(C5COC5)CC4)cc3)n2)ccc1O[C@H]1CCN(C(=O)CCO)CC1(F)F
D10011,CCN(CC)CCCC[C@H](NC(=O)[C@H](CC(C)C)NC(=O)[C@H](C)NC(=O)[C@H](Cc1ccc(CN)cc1)NC(=O)c1ccc(C(C)(C)C)cc1)C(=O)N[C@@H](CO)C(=O)OC
D10012,COc1cc2c(Nc3ccc(Cl)c(Cl)c3)ncnc2cc1OCc1cc(Cl)cc2c1OCOC2
D10013,CC(=O)Nc1ccc(Cn2nc(Nc3cc(C)n[nH]3)c3ccccc3c2=O)cc1
D10014,CS(=O)(=O)c1ccc(-c2nn(CCc3ccccc3)c(C(F)(F)F)c2-c2ccc(F)cc2)cc1
D10015,C#CCN(C)Cc1cc2cc(OCCCCC3CCN(Cc4ccccc4)CC3)ccc2n1C
D10016,CN(C)C(=O)c1cc2cnc(Nc3ccc(C(=O)N4CCC5CCC(C4)N5)cn3)nc2n1C1CCCC1
D10017,CC(C)c1c(-c2cc(C(C)O)c3ncnn3c2)[nH]c2ccc(C3CCN(CC(=O)N(C)C)CC3)cc12
D10018,Fc1cc(C(CC2CNC2)Oc2cccc(Cl)c2)ccc1Cl
D10019,NC1(C(=O)NC(CS(N)(=O)=O)c2ccc(Cl)cc2)CCN(c2ncnc3[nH]ccc23)CC1
D10020,COc1ccc(-c2ccc(C(=O)N[C@H](CO)C(C)(C)C)cc2C(=O)O)c(C(=O)Nc2ccc3c(N)nccc3c2)n1
D10021,CCCS(=O)(=O)N1CCN(C2(CNC(=O)c3ccc(OC)cc3F)CCCCC2)CC1
D10022,CN[C@@H](C)C(=O)N[C@@H]1C(=O)N(Cc2c(OC)ccc3ccccc23)c2ccccc2N(C(=O)CS(C)(=O)=O)[C@H]1C
D10023,CNC(=O)N1CCc2c(c(Nc3cc(C(F)F)c(-c4cnn(C)c4)cc3F)nn2C2CCOCC2)C1
D10024,CN[C@@H](C)C(=O)N[C@@H]1C(=O)N(Cc2c(C3CC3)cnc3ccccc23)c2ccccc2N(C(C)=O)[C@H]1C
D10025,O=C(NS(=O)(=O)N1CCC1)c1cc(C2CC2)c(O[C@H]2C3CC4CC2C[C@](Cl)(C4)C3)cc1F
D10026,N#Cc1cc(-c2ncnc(Nc3ccc(N4CCN(C5COC5)CC4)cc3)n2)ccc1O[C@H]1CCN(C(=O)c2nnc[nH]2)C[C@H]1F
D10027,COc1ccc(C2(O)OC(=O)C(c3cccc(OC)c3)=C2Cc2ccccc2)cc1
D10028,O=c1[nH]c(=S)n(Cc2ccccc2CNC2CCC2)c2cc[nH]c12
D10029,N#Cc1cc(-c2ncnc(Nc3ccc(N4CCN(C5COC5)CC4)cc3)n2)ccc1O[C@@H]1CCNCC1(F)F
D10030,O=S(=O)(NCCNC/C=C/c1ccc(Br)cc1)c1cccc2cnccc12
D10031,N#Cc1cc(-c2ncnc(Nc3ccc(N4CCN(C5COC5)CC4)cc3)n2)ccc1O[C@H]1CCN(C(=O)c2cnccn2)C[C@H]1F
D10032,CCCc1ccc2c(c1)[nH]c(=O)c1[nH]c(-c3ccccc3Cl)nc12
D10033,CCn1nc(C)c2c1C(=O)N(c1cc(C)c3nnc(C)n3c1)C2c1ccc(Cl)cc1F
D10034,OCCC1CCN(c2nccnc2OC2CN(c3ccc4ccccc4n3)C2)CC1
D10035,Clc1ccc2c(c1Nc1ncnc3cc(OCCCN4CCOCC4)ccc13)OCO2
D10036,CC(=O)NCC1(O)CCN(c2nc(Oc3cccc(F)c3)cc(C(F)(F)F)n2)CC1
D10037,C[C@]12Oc3cc(-c4cccnc4)oc(=O)c3[C@H](O)[C@@H]1[C@@]1(C)CC[C@@H]3O[C@H](c4cccc5ccccc45)OC[C@@]3(C)[C@@H]1C[C@@H]2OC(=O)c1ccc(C#N)cc1
D10038,CCCCCCS(=O)CC(=O)C(F)(F)F
D10039,CN(C)C(=O)[C@@H]([C@H]1CC[C@@H](c2ccc3ncnn3c2)CC1)[C@H](N)C(=O)N1CCC(F)(F)C1
D10040,COc1cc2c(Nc3ccc(Cl)c(Cl)c3)ncnc2cc1OC[C@@H]1CO[C@@H]2[C@@H](OC)CO[C@H]12
D10041,O=C(c1cccc(Cl)c1-n1nccn1)N1CCOC[C@H]1Cc1cc(-n2nccn2)ccc1Cl
D10042,COc1cc(Nc2nccc(Oc3ccc(NC(=O)Nc4cc(C(C)C)nn4-c4ccc(C)c(C)c4)c4ccccc34)n2)cc(C(=O)NCCN2CCOCC2)c1
D10043,C#Cc1ccc2c(c1)CN(S(=O)(=O)c1cccc(C(=O)O)c1)CC2
D10044,Cc1ccc(-c2ccc(OCCN(C)CC(=O)O)c(C(=O)c3cccs3)c2)cc1C
D10045,CN[C@@H](C)C(=O)N[C@@H]1C(=O)N(Cc2c(OC)ccc3ccccc23)c2ccccc2N(C(C)=O)[C@H]1C
D10046,c1ccc2c(CCC3CCNCC3)c[nH]c2c1
D10047,CC(C)c1cnc(-c2cc(Cl)ccc2F)cc1Nc1ccncc1C(=O)NCC(N)=O
D10048,Cc1ccc(C(=O)NC[C@@H]2CN=C(c3ccc(F)cc3)c3ccc(C)cc3N2C)cc1
D10049,CCC(C(=O)N[C@H]1C2CC3CC1C[C@](C(N)=O)(C3)C2)N1CCN(c2ccc(C(F)(F)F)cn2)CC1
D10050,NC(=O)[C@]12CC3CC(C1)[C@@H](NC(=O)C1(N4CCN(c5ccc(C(F)(F)F)cn5)CC4)CCC1)C(C3)C2
D10051,CC(C)(O)c1cncc(-n2ncc3c(C(F)(F)F)cccc32)c1
D10052,N#C[C@@H]1CCCN1C(=O)c1ccccc1C(=O)NCc1ccccc1
D10053,Cc1cccc(C(=O)Nc2cccc(NC(=O)c3cccc(C(F)(F)F)c3)c2)c1
D10054,CC(=O)c1ccc(S(=O)(=O)Nc2ccccc2)cc1
D10055,N#Cc1cccc2c1OCC(c1cncc(CN3CCOCC3=O)c1)O2
D10056,OC1CCC(Nc2nc(Nc3cccc4ccccc34)ncc2-c2ccccn2)CC1
D10057,CCN1CCC(Nc2ccc3c(c2)C(=C(c2ccccc2)c2ncc[nH]2)C(=O)N3)CC1
D10058,COCCNC(=O)c1cnc(N)c2cc(-c3ccc(S(=O)(=O)NC(C)(C)C)cc3)sc12
D10059,CCCC[C@@H](C=NN=C(O)N1CCc2ccccc21)NC(=O)OC1(Cc2ccccc2)CCCC1
D10060,CC(=O)N1CCC(CNc2nc3c(s2)CCCc2ccc(F)cc2-3)CC1
D10061,Cc1c(C)c(O)c(C=CCCC#CCCCC#CCO)c(C)c1O
D10062,C[C@@H](CN1[C@H](C(F)F)Cc2c([nH]c3ccccc23)[C@H]1c1c(F)ccc(OCCNCCCF)c1Cl)C(=O)O
D10063,CCC[C@]1(CC(=O)O)OCCc2c1sc1c(C)cc(F)c(C#N)c21
D10064,CCc1noc(-c2nnc3n2CCN(C(=O)c2ccc(F)cc2)[C@@H]3C)n1
D10065,NC1=N[C@](CF)(c2cc(NC(=O)c3nn(C(F)F)cc3Cl)cc(F)c2F)[C@H]2C[C@H]2O1
D10066,CC(=O)N(C)C1CCC([C@H](C(=O)N(C)C)[C@H]([NH3+])C(=O)N2CC[C@H](F)C2)CC1
D10067,NC1=N[C@@](c2cc(NC(=O)c3cnc(OCC(F)(F)F)cn3)ccc2F)(C(F)F)[C@H]2C[C@H]2O1
D10068,Cc1c(C)c(O)c(C(=CCCCCC(=O)O)c2ccccc2)c(C)c1O
D10069,CCCCCCCCOCCCCCN1C[C@H](O)[C@@H](O)[C@H](O)[C@@H]1CO
D10070,O=C(c1nnc(-c2ccccc2)o1)N1CCC(Oc2ccc(CN3CCC(O)C3)cc2)CC1
D10071,CCOc1ccc2c(-c3ccc(S(C)(=O)=O)cc3)c(-c3ccc(F)cc3)nn2n1
D10072,COc1ccc(-c2ccc(Cn3c(CC(C)(C)C(=O)O)c(SC(C)(C)C)c4cc(OCc5ccc(C)cn5)ccc43)cc2)cn1
D10073,CN[C@@H](C)C(=O)N[C@H]1CN(C(=O)c2ccc(F)cc2)c2ccccc2N(Cc2c(C)ccc3ccccc23)C1=O
D10074,CN[C@@H](C)C(=O)N[C@H]1CCc2ccccc2N(Cc2c(OC)ccc3cc(C(F)(F)F)ccc23)C1=O
D10075,Cc1c(OCCNCCCF)ccc(F)c1[C@@H]1c2[nH]c3ccccc3c2C[C@@H](C(F)F)N1C[C@H](C)C(=O)O
D10076,O=C(NCc1cccs1)c1nn(Cc2cccc(C(F)(F)F)c2)c2ccccc12
D10077,Cc1ccc2cc(-c3ccc(CC(Cc4ccc(C(F)(F)P(=O)(O)O)cc4)(c4ccccc4)n4nnc5ccccc54)cc3)cc(P(=O)(O)O)c2n1
D10078,Cc1cc(C(=O)N2CCOC[C@H]2Cc2cc(-c3ncon3)ccc2F)c(-n2nccn2)cc1C
D10079,CN(C)C(=O)c1cc2cnc(Nc3ccc(C(=O)N4CC5CCC(C4)N5)cn3)nc2n1-c1ccc(C(C)(C)C#N)cc1
D10080,Cc1nn(C2CC2)c2c1C(c1ccc(Cl)cc1)N(c1cc(C)c3nnc(C)n3c1)C2=O
D10081,N#Cc1cc(-c2ncnc(Nc3ccc(N4CCOCC4)cc3)n2)ccc1O[C@H]1CCN(C(=O)[C@@H](O)CO)C[C@H]1F
D10082,Cc1ccc2oc(=O)c(C(=O)Nc3cccc(Cl)c3)cc2c1
D10083,CC(C)NC(=O)Cn1c(-c2cccc(Cl)c2)cn2nc(OCCCN3CCCCC3)cc2c1=O
D10084,CC(C)[C@@H](NS(=O)(=O)c1ccc(-c2ccc(OCc3ccccc3C#N)cc2)cc1)C(=O)O
D10085,O=C1CCCC(CNc2cc(F)c(S(=O)(=O)Nc3nccs3)cc2Cl)C1
D10086,C[C@@H]1CC[C@@H](Oc2ccnc3c(F)cccc23)CN1C(=O)c1ccccc1-n1nccn1
D10087,C[C@@H](Oc1cccc2ncnc(Nc3ccc(OCc4ccccn4)c(Cl)c3)c12)C(=O)N(C)C
D10088,CNc1nc(N(C)CCN(C)C)nc(N2CCC(C(=O)NCc3ccccc3C(F)(F)F)CC2)n1
D10089,CCC[C@@H](NC(=O)N1C(=O)C(CC)(CC)[C@@H]1Oc1ccc(C(=O)N2CCN(C)CC2)cc1)c1ccc2c(c1)OCO2
D10090,Cc1nccc(-c2c[nH]c3cnccc23)n1
D10091,N#Cc1cc(-c2ncnc(Nc3ccc(N4CCN(C5COC5)CC4)cc3)n2)ccc1O[C@H]1CCN(C(=O)CO)C[C@@H]1C(F)(F)F
D10092,Cc1ccc(-c2cc(Cl)cc3c2OC(C(F)(F)F)C(C(=O)O)=C3)cc1F
D10093,Cc1c(CN(C=O)c2cc(Cl)c(Cl)c(Cl)c2)cnc2nc(N)nc(N)c12
D10094,Cc1ccc(C2=C(c3ccc(S(C)(=O)=O)cc3)CCC2)cc1
D10095,C[C@H]1CN(c2c(C#N)c(C(F)F)nn2-c2ccc(S(C)(=O)=O)cn2)C[C@@H](C)O1
D10096,CC(C)(O)c1cccc(-c2ncn(CC(F)F)c2-c2ccc3ncc(C#N)n3n2)c1
D10097,Clc1cccc(OC(c2cccnc2)C2CCNCC2)c1Cl
D10098,COc1ccc(C(=O)Nc2ccc(F)c([C@@]3(C(F)F)N=C(N)O[C@@H]4C[C@@H]43)c2)nc1
D10099,NC1=N[C@@](c2cc(NC(=O)c3cnc(Cl)cn3)ccc2F)(C(F)F)[C@H]2CC2O1
D10100,CN(C)CCCOc1ccc(-c2ccc3ncc4c(c3c2)n([C@H]2CCCOC2)c(=O)n4C)cn1
D10101,CC1CC(C)CN(c2c(C#N)c(C(F)(F)F)nn2-c2ccc(S(C)(=O)=O)cn2)C1
D10102,C[C@H](CCCCNS(=O)(=O)c1ccccc1)[C@H]1CC[C@H]2/C(=C/C=C3C[C@@H](O)C[C@H](O)C3)CCC[C@@]21C
D10103,Clc1cccc(Cl)c1N=C1NCCN1
D10104,COc1cc2ncnc(Nc3cc(NC(=O)c4cccc(N(C)C)c4)ccc3Cl)c2cc1OC
D10105,CN[C@@H](C)C(=O)N[C@H]1CN(C(=O)c2ccc3cn[nH]c3c2)c2ccccc2N(Cc2c(C)ccc3ccccc23)C1=O
D10106,Cc1cc2nc([C@H]3[C@@H](c4ccc(Cl)cc4)C[C@@H]4CC[C@H]3N4C)[nH]c2cc1C
D10107,CC(C)S(=O)(=O)N1CC[C@H](N(Cc2ccccc2C(F)(F)F)c2ccc(C#N)c(Cl)c2)C1
D10108,CC(C)=C(c1ccncc1)c1ccc(-c2cccc(O)c2)cc1
D10109,CS(=O)(=O)c1ccc(-c2sc(Cc3ccccc3)nc2-c2ccc(F)cc2)cc1
D10110,COc1cc2c(cc1OCCCN1CCCCC1)C(=O)/C(=C\c1ccncc1)C2
D10111,CCNC(=O)Nc1cc(Nc2ccc(OC)cc2OC)c(C(=O)Nc2cccnc2)cn1
D10112,Nc1nccc(Nc2ccc(S(N)(=O)=O)cc2)n1
D10113,CC(C)(CCCc1cn2c(n1)C(O)C(O)C(O)C2CO)C(=O)Nc1ccccc1
D10114,COc1cc(Cc2cnc(N)nc2N)cc(OC)c1OCCCN1C(=O)c2ccccc2C1=O
D10115,Cc1cc(Cl)c2c(c1)C=C(C(=O)O)C(C(F)(F)F)O2
D10116,C[C@@]1(c2cc(Nc3nccc4cc(Cl)cnc34)cc(F)c2F)C[C@@H](C(F)(F)F)OC(N)=N1
D10117,C[C@]1(c2cc(/C=C(\F)c3ccc(C#N)cn3)ccc2F)N=C(N)S[C@@]2(C(=O)N3CC[C@H](F)C3)C[C@H]21
D10118,CC(C)[C@@H](NS(=O)(=O)c1ccc(-c2ccc(COc3ccc(C(=O)c4ccc(F)cc4)cc3)cc2)cc1)C(=O)O
D10119,CC(=O)N1CCN(c2nc(NCc3cnc4ccccc4c3)c3c(n2)C(=O)N(C(C)C)C3)CC1
D10120,Cc1cc(-c2[nH]c3ccc(C4CCN(CC(=O)NC(C)C)CC4)cc3c2C(C)C)cn2ncnc12
D10121,N#Cc1ccc(F)cc1Cn1c(N2CCC[C@@H](N)C2)ncc(F)c1=O
D10122,Cc1sc(N2CCN(C(=O)[C@@H]3CCCC[C@H]3C(=O)NC3(C#N)CC3)CC2)nc1C(F)(F)F
D10123,COC(=O)N1CCC(n2ncc3c(N4CCOCC4)nc(-c4ccc(NC(=O)NC5CC5)cc4)nc32)CC1
D10124,CCCCc1ccc(C#Cc2ccc(S(=O)(=O)N[C@H](Cc3ccc(C(=O)c4ccccc4)cc3)C(=O)NO)s2)cc1
D10125,Cc1cccc(S(=O)(=O)N2Cc3ccc(/C=C/C(=O)NO)cc3C2)c1
D10126,CCN1C(=O)N(CC)C1=O
D10127,N[C@@H](CCC(=O)O)C(=O)O
D10128,COc1cc(-c2cc3c(c(=O)o2)C[C@]2(O)[C@@]4(C)C(=O)C=CC(C)(C)[C@]4(O)CC[C@@]2(C)O3)cc(OC)c1OC
D10129,c1ccc2c(c1)c1cnccc1n2CCCCCCCCn1c2ccccc2c2cnccc21
D10130,CCCCCC/C(Cn1ccnc1)=N/OCCCCC(=O)O
D10131,COc1cccc(-c2cn(Cc3c(F)cccc3C(F)(F)F)c(=O)n(C[C@H](NCCCC(=O)O)c3ccccc3)c2=O)c1F
D10132,Cc1csc(-c2nc(Nc3ccncc3)c3ccccc3n2)n1
D10133,CN[C@@H](C)C(=O)N[C@H](C(=O)N1CCc2ccccc2[C@H]1C(=O)Nc1c(F)cccc1F)C1CCOCC1
D10134,C#CCN(C)C(C)CCCC
D10135,Nc1nc2ccc(-c3[nH]c(-c4c(F)cccc4F)nc3-c3ccccc3)cc2n1S(=O)(=O)C1CCCC1
D10136,O=C(NNc1nc2ccccc2nc1Cc1ccccc1)c1ccc(Cl)cc1
D10137,Cc1nsc(-c2nnc3n2CCN(C(=O)c2ccc(Cl)cc2)[C@@H]3C)n1
D10138,Nc1cc(=O)[nH]c(SCCC(=O)N[C@H]2CC[C@H](c3nnc(-c4ccccc4)o3)CC2)n1
D10139,COc1cccc2cc(C(=O)Nc3ccc(-c4ccc(S(=O)(=O)N[C@H](C(=O)O)C(C)C)cc4)cc3)oc12
D10140,CN(C(=O)C1(c2ccc(F)cc2)CCC1)[C@@H]1CCc2c(CC(=O)O)c3ccccc3n2C1
D10141,O=C(NCCCNc1nc(Nc2ccc(N3CCOCC3)cc2)ncc1C1CC1)C1CCC1
D10142,Cc1cccnc1CN1CCC2(CC1)C(=O)N(c1ccc(-c3ccccc3)cc1)C(=O)N2c1ccc(=O)[nH]n1
D10143,CN1CCN(c2nc3ncc(Cl)cc3n3cnnc23)CC1
D10144,O=C(O)c1ccc(-c2ccc(-c3cnn(C(=O)N4CCCC[C@H]4c4ccccc4)n3)cc2)cc1
D10145,Cc1nc(C(=O)[C@@H]2CCCN2C(=O)CNC(C)(C)CO)no1
D10146,CCOC(=O)c1c(O)coc1Nc1cnc2ccccc2c1
D10147,CCOC(=O)Cc1cc(-c2ccc(S(C)(=O)=O)cc2)n(-c2ccc(F)cc2)c1C
D10148,CN(C/C=C/c1ccc2ccccc2c1)Cc1ccc2c(c1)OCCC2.Cl
D10149,N#Cc1ccc(C2OCC(C/C=C\CCC(=O)O)C(c3cccnc3)O2)cc1
D10150,C#CCN(C)Cc1cc2cc(OCCC3CCN(Cc4ccccc4)CC3)ccc2n1C
D10151,COc1ccc(S(=O)(=O)Nc2nc(-c3cccc([N+](=O)[O-])c3)cs2)cc1OC
D10152,O=C(c1ccccc1-n1nccn1)N1CCOC[C@H]1Cc1cccc(-n2cccn2)c1
D10153,CC(C)CNC(=O)c1ccc(-c2ccc(-c3occc3CO)cc2C(=O)Nc2ccc(C(=N)N)cc2)c(C(=O)O)c1
D10154,CCCn1c(=O)n(C)c(=O)c2[nH]c(-c3ccc(S(=O)(=O)N4CCN(Cc5ccc6c(c5)OCO6)CC4)cc3)cc21
D10155,Cc1nn(C)c(SCC(=O)N2CC[C@@H]3[C@H]2C(=O)N3S(=O)(=O)[O-])nc1=O
D10156,CN(C)C(=O)c1cc2cnc(Nc3ccc(N4CC5CCC(CC4=O)N5)nn3)nc2n1C1CCCC1
D10157,CCCSc1nc(N)c2ncn([C@@H]3O[C@H](COP(=O)(O)OP(=O)(O)C(Cl)(Cl)P(=O)(O)O)[C@@H](O)[C@H]3O)c2n1
D10158,O=C(NCCCc1ccc(F)cc1)c1cc2ccc(O)cc2oc1=O
D10159,CCc1nc(N)nc(N)c1-c1ccc(Cl)c(Cl)c1
D10160,O=C(CNc1n[nH]c2ccc(C(F)(F)F)cc12)NC1CN([C@H]2CC[C@@H](c3cncs3)CC2)C1
D10161,COCC#CCC(NS(=O)(=O)c1ccc(-c2ccc(Br)cc2)cc1)C(=O)O
D10162,N#C[C@@H]1CCCN1C(=O)[C@@H]1C[C@@H](CC(=O)N2Cc3ccc(F)cc3C2)C(=O)N1
D10163,N[C@@H](CC(=O)N1CCn2nc(C(F)(F)F)nc2C1Cn1ccnc1)Cc1cc(F)c(F)cc1F
D10164,COC1COCCC1N[C@@H]1C[C@H]2C[C@H](C(N)=O)C[C@@]2(C(=O)N2CCc3ncc(C(F)(F)F)cc3C2)C1
D10165,CN(C)C(=O)Cn1cc(-c2nc([C@@](C)(c3ccc(-c4cnc(N)nc4)cc3)C3CC3)no2)cn1
D10166,Cn1c(=O)cc(N2CCC[C@@H](N)C2)n(Cc2cc(F)ccc2C#N)c1=O
D10167,C=CCOC(=O)N1C[C@@H]([C@@H](C)OC(=O)CCCc2ccccc2)C1=O
D10168,O=C(NO)[C@@]1(O)COCC[C@H]1S(=O)(=O)c1ccc(OCc2cc(Cl)ccc2Cl)cc1
D10169,C[C@@H](/C=C\C(F)(F)F)Oc1cc(-c2cc(-c3cc(CN(C)C)cs3)cnc2N)ccc1C(N)=O
D10170,C[C@@H](Oc1nc(-c2ccc(C3CCN(C)CC3)cc2)cc2nn(C)cc12)[C@H]1CNC(=O)C1
D10171,N#Cc1ccc(-c2ccc(C[C@@H](C#N)NC(=O)[C@H]3NC4CCC3CC4)cc2)cc1
D10172,O=C1c2cccc3c2[C@H](CCC3)CN1[C@@H]1CN2CCC1CC2
D10173,Cc1ccc(C2CC3CCC(C2c2cc(C(C)(C)C)no2)N3C)cc1
D10174,CCOC(=O)c1sc(NC(=O)CSc2nnc(Cc3ccccc3)o2)c(C#N)c1C
D10175,CC1(C)Cc2cccc(CN3CCC4(CC3)CCN(C(=O)c3ccc(N)cn3)CC4)c2O1
D10176,Cc1nc(N)c2ccc(-c3nn(C)/c(=N/C4CCCCC4)s3)cc2n1
D10177,CCOC(=O)n1cc(C2CC2)c2c1C(c1ccc(Cl)cc1)N(c1cc(C)c3nnc(C)n3c1)C2=O
D10178,COc1cc(C(=O)N2CCOC[C@H]2Cc2cccc(-n3nccn3)c2)c(-n2nccn2)cc1C
D10179,C[C@H](NC(=O)C(C)(C)Nc1ccncn1)[C@@H](Cc1ccc(Cl)cc1)c1cccc(C#N)c1
D10180,Cl.N[C@@H]1C[C@H]1c1ccc(NC(=O)c2cccc(N3CCOC3=O)c2)cc1
D10181,CCCS(=O)(=O)N1CCC(CNC(=O)c2ccccc2OC(F)(F)F)(C(=O)N2CCOCC2)CC1
D10182,N#Cc1cc(-c2ncnc(Nc3ccc(N4CCN(C5COC5)CC4)cc3)n2)ccc1OC1CCN(C(=O)c2ccc[nH]2)CC1(F)F
D10183,CC1=CC2Cc3nc4cc(Cl)ccc4c(NCCCCCCCCNc4c5c(nc6ccccc46)CCCC5)c3C(C1)C2
D10184,CS(=O)(=O)c1ccc2c(c1)CCC1(CCN(C(=O)N[C@H]3C[C@@H]3c3ccccc3)CC1)O2
D10185,CO[C@H]1CN(c2ncc(C(=O)O)s2)CC[C@H]1NC(=O)c1[nH]c(C)c(Cl)c1Cl
D10186,CN(c1ccc(S(=O)(=O)Nc2ncns2)cc1Cl)[C@H]1CCN(Cc2cccc(Cl)c2)C1
D10187,CN(C)C(c1ccccc1)n1nc(COC(C)(C)C(=O)O)cc1-c1cccc(OC2CC2)c1
D10188,Cc1cn2c(-c3cn[nH]c3)cnc2c(Nc2ccc(C(=O)N3CCNC(C)(C)C3)cc2F)n1
D10189,Clc1ccc(C2(c3nnc4c(C5CC5)cccn34)CC2)cc1
D10190,CSc1ccc(CN2C(=O)C(=O)c3cc(S(=O)(=O)N4CCC[C@H]4COc4cccnc4)ccc32)cc1
D10191,Cc1cccc(-c2ccc(Cc3nnnn3C(=O)N(C)C)cc2)c1
D10192,C[C@@H](NC(=O)[C@@H]1C[C@H]2C[C@H]2N1C(=O)Cn1nc(C(N)=O)c2ccncc21)c1cccc(Cl)c1F
D10193,COc1cc(-c2ccc(Cl)c(F)c2)ccc1-c1nccc2cc(S(=O)(=O)Nc3ccncn3)ccc12
D10194,C[C@@H]1OC(C)(C)OC1[C@@H](CS(=O)(=O)c1ccc(Oc2ccc(OC(F)(F)F)cc2)cc1)N(O)C=O
D10195,CN(C)CC(=O)N1CCC(c2nc(-c3cnc(N)c(-n4nnc5ccccc54)n3)n(C)n2)CC1
D10196,O=C(NCCC1CCN(Cc2ccccc2)CC1)c1cc2cc(O)ccc2oc1=O
D10197,Cc1c(-c2c(Cl)cc(C(N)=O)c3[nH]c4c(c23)CC[C@H](C(C)(C)O)C4)cccc1-n1c(=O)c2cccc(F)c2n(C)c1=O
D10198,CO[C@H]1CC[C@H](Nc2ccn3ncc(-c4cccc(Cl)c4)c3n2)CC1
D10199,CS(=O)(=O)c1ccc(-c2c(-c3ccc(F)cc3)nn3ncccc23)cc1
D10200,CCC(CC)Nc1cc(C(=O)O)ccc1N1C(=O)CCC1(CO)CO
D10201,COC(=O)N[C@@H](C)C#Cc1cnc(Oc2ccc(OC(C)C)cc2)s1
D10202,COc1cc2c(Nc3ccc(Cl)c(Cl)c3)ncnc2cc1OCc1csc([C@@H]2CCCN2C)n1
D10203,O=C(O)c1cncc(S(=O)(=O)N2CCc3ccccc3C2)c1
D10204,Cc1ccccc1-c1ccc2c(c1)[nH]c(=O)c1[nH]c(-c3c(F)cccc3Cl)nc12
D10205,COc1ccc2c(-n3c(=O)n(Cc4cc(O[C@H](C)C(=O)O)ccc4Cl)c4cc(C(F)(F)F)ccc43)noc2c1
D10206,Fc1ccc(C(NCCC2CCN(Cc3ccccc3)CC2)c2ccc(F)cc2)cc1
D10207,COc1cc(O)c(C(CC(=O)N2C[C@@H](C)C[C@@H](C)C2)c2ccc3c(c2)OCO3)c(OC)c1
D10208,COCCOc1cnc2ccc([C@H](C)c3nnc4c(F)cc(-c5cc(C)no5)cn34)cc2c1
D10209,C[C@H](O)C(=O)N1CC[C@H](Oc2ccc(-c3ncnc(Nc4cnn(C5CCOCC5)c4)n3)cc2C#N)[C@H](F)C1
D10210,COc1cc(OC)cc(-c2cc3cnc(NCCCO)nc3nc2NC(=O)NC(C)(C)C)c1
D10211,N[C@H](C(=O)N1CCCC1)[C@H]1CC[C@H](NS(=O)(=O)c2ccc(C(=O)O)cc2)C1
D10212,C#Cc1cc(Nc2nccc(Oc3ccc(NC(=O)Nc4cc(F)cc(N5CCOCC5)c4)c4ccccc34)n2)cc(C(=O)NCCN2CCOCC2)c1
D10213,N[C@@H](CC(=O)N1CCC[C@H]1CNC(=O)C1CCCC1)Cc1cc(F)c(F)cc1F
D10214,OC1(c2ccc3c(c2)OCO3)CCC(N2CCN(Cc3ccccc3)CC2)CC1
D10215,N#Cc1cccnc1N1C[C@H]2[C@H](NCC(=O)N3C[C@@H](F)C[C@H]3C#N)[C@H]2C1
D10216,C/C=C1\[C@H]2C=C(C)C[C@@]1(N)c1ccc(=O)[nH]c1C2
D10217,NC(=O)C(NC(=O)C1(N)CCN(c2ncnc3[nH]ccc23)CC1)c1ccc(Cl)cc1
D10218,Cc1ccc(C(=O)N2C[C@H](C)OC[C@H]2Cc2cccc(-n3nccn3)c2)c(-n2nccn2)c1
D10219,CN[C@@H](C)C(=O)N[C@H]1CN(C(=O)c2ccc(C(=O)NCC3CCCCC3)cc2)c2ccccc2N(Cc2c(OC)ccc3cc(Br)ccc23)C1=O
D10220,CN[C@@H](C)C(=O)N[C@H]1CCc2ccccc2N(Cc2c(OC)ccc3cc(C(=O)NS(C)(=O)=O)ccc23)C1=O
D10221,COc1ccc(Nc2cccc(C(=O)O)c2)c([N+](=O)[O-])c1
D10222,CC(=O)NCCc1ccccc1-c1onc([C@H]2CNCC[C@@H]2c2ccc(F)c(F)c2)c1Br
D10223,C[C@@H](CC(=O)NC(C)(C)c1ccccc1)NCC(=O)N1CCC[C@H]1C#N
D10224,CCCCCCCN1C[C@H](O)[C@@H](O)[C@H](O)[C@@H]1CO
D10225,N[C@@H](CC(=O)N1CCn2c(nnc2C(F)(F)C(F)(F)F)C1)Cc1cc(F)c(F)cc1F
D10226,Cc1cc2ncc3c(n2n1)CN([C@@H]1CC[C@H](c2cc(F)ccc2F)[C@@H](N)C1)C3
D10227,CNC(=O)N1CCc2c(c(Nc3ccc(-c4cnn(C)c4)cc3F)nn2C2CCOCC2)C1
D10228,Cc1cc(-c2[nH]c3ccc(C4CCN(C(=O)Cc5nnn[nH]5)CC4)cc3c2C(C)C)cn2ncnc12
D10229,CCOC(=O)C(F)(F)n1cc(-c2ccc([C@H](C)[C@H]([NH3+])C(=O)N3CC[C@H](F)C3)cc2)ccc1=O
D10230,CS(=O)(=O)Nc1ccc(-c2coc3cc(C#CC4CN(C(=O)C5CC(F)(F)C5)C4)ccc3c2=O)cc1
D10231,N[C@@H](CCNCC1CCCCC1)C(=O)N1CCCCC1
D10232,Cc1c(CCOCCF)cc(-c2ccc(S(C)(=O)=O)cc2)n1-c1ccc(F)cc1
D10233,Fc1ccc(-c2ncn(CC(F)F)c2-c2ccc3ncc(C(F)F)n3c2)cc1
D10234,O=C(Cn1c(=O)c(Cc2ccccc2)nc2ccccc21)N/N=C/c1ccc(Br)cc1
D10235,Cn1c(=O)[nH]c2ccc(-c3ccccc3Cl)c(CN)c21
D10236,CCCCNc1ncc(-c2cc(Nc3cccc(C(C)C)c3)ncn2)c(N[C@H]2CC[C@H](O)CC2)n1
D10237,O=C(c1ncc(-c2ccccn2)o1)C1CCc2cc(Oc3ccccc3)ccc2O1
D10238,NC(=O)[C@H](CO)NCc1ccc(OCc2cccc(Cl)c2)cc1
D10239,CN1CCN(C(=O)c2sc(=S)n(-c3ccccc3)c2N)CC1
D10240,C[C@H](c1ccccc1)N(Cc1nc2c(c(=O)[nH]1)COCC2)C(=O)CN1CCC(C(=O)c2ccc(F)cc2)CC1
D10241,COc1ccc(C(=O)Nc2cc(Cl)c(F)c([C@]3(C)C[C@@H](C(F)(F)F)OC(N)=N3)c2)nc1
D10242,CN(C)CCC1(c2ccccc2)CCCN(C(=O)Nc2ccc(Cl)cc2)C1
D10243,CC(C)(c1cc(N2CCOCC2)nc(-c2cccc3[nH]ccc23)n1)S(C)(=O)=O
D10244,N#Cc1cc(-c2ncnc(Nc3ccc(N4CCN(C5COC5)CC4)cc3)n2)ccc1OCC1CC1
D10245,CCCCN(CCCC)C(=O)CN1C[C@H](c2ccc3c(c2)OCO3)[C@@H](C(=O)O)[C@@H]1CCC(CC)CC
D10246,NC(=O)c1cnc2ccc(-c3c(-c4ccc(F)cc4)ncn3C3COC3)cn12
D10247,COc1nc(N2C[C@H]3C(=O)N(C)C(=N)N[C@@]3(c3ccc(C#N)s3)C2)nc(C)c1F
D10248,NC1=N[C@@](c2cc(NC(=O)c3ncc(Cl)cc3CO)ccc2F)(C(F)F)[C@H]2C[C@H]2O1
D10249,CCOC(=O)C1C(C)=Nc2nc3c(c(N)c2C1c1ccc(OC)cc1)CCCC3
D10250,NC(N)=NCCC[C@@H](C=O)NC(=O)[C@@H]1CCCN1C(=O)[C@H](N)c1ccccc1
D10251,OC[C@H]1[C@@H](O)[C@H](O)[C@@H](O)CN1CCCCCOCc1ccc(-c2ccccc2)c(C(F)(F)F)c1
D10252,C[C@H](O)C(=O)N1C[C@@H](F)[C@@H](Oc2ccc(-c3ncnc(Nc4ccc(N5CCN(C6COC6)CC5)cc4)n3)cc2C#N)C[C@@H]1C
D10253,OC[C@H]1O[C@@H](Oc2[nH]nc(C(F)(F)F)c2Cc2ccccc2OCc2ccccc2)[C@H](O)[C@@H](O)[C@@H]1O
D10254,C[C@@H](OC(=O)Nc1c(-c2ccc(-c3ccc(C4(C(=O)O)CC4)cc3)cc2F)nnn1C)c1ccccc1
D10255,COc1cc(Nc2ncnc(-c3ccc(OC4CCOCC4)c(C#N)c3)n2)ccc1N1CCN(C(C)=O)CC1
D10256,COc1cnc(C(=O)Nc2ccc(F)c(C3(C(F)F)CS(=O)(=O)C(C)(C)C(N)=N3)c2)cn1
D10257,COC(=O)Nc1ccc(-c2[nH]c([C@@H]3C[C@H](C4CCN(S(C)(=O)=O)CC4)CN3C(=O)C3CCC([C@H](C)N)CC3)nc2Cl)cc1
D10258,Cc1cc(Nc2ncnc(-c3ccc(O[C@H]4CCN(C=O)CC4(F)F)c(C#N)c3)n2)ccc1C1CCN(C)CC1
D10259,CCCCN(CCCC)C(=O)CN1C[C@H](c2ccc3c(c2)OCO3)[C@@H](C(=O)O)[C@@H]1CCC1CCCO1
D10260,CCCCNC(=O)[C@H](C)C[C@H](O)[C@@H](N)CN(C(=O)c1ccc(CC)c(OCCCOC)c1)C(C)C
D10261,O=C(c1ccc(F)cc1)C1CCN(C2CCN(Cc3nc4c(c(=O)[nH]3)COCC4)C2=O)CC1
D10262,CN(Cc1ccccc1)C(=O)[C@H](Cc1ccccc1)NC(=O)[C@@H](Cc1cn(C(=O)CCC(=O)O)c2ccccc12)NC(=O)C[C@@H]1NC(=O)[C@@H]2C3CCC(CC3)N2C1=O
D10263,CC(=O)c1cc(NC(=O)NCCCN2CCC[C@@H](Cc3ccc(F)cc3)C2)cc(-c2nnnn2C)c1
D10264,O=C(C1CNCCN1)N1CC[C@@](O)(c2ccccc2)[C@@H]2CCCC[C@@H]21
D10265,O=c1[nH]nc(-c2ccnc(Nc3ccccn3)c2)n1-c1ccc2ccccc2c1
D10266,C[C@H]1C[C@H]2CSC(N)=N[C@@]2(c2ccc(F)cc2F)CO1
D10267,N#Cc1cc(-c2ncnc(Nc3cccc(N4CCOCC4)c3)n2)ccc1OC1CCOCC1
D10268,Cc1ccccc1[C@@H]1CCN(C[C@@H]2CCc3cccnc3[C@@H](O)C2)C[C@H]1CO
D10269,CN(C)C(=O)[C@]12C[C@H]1[C@@](C)(c1cc(/C=C(\F)c3cnc(C#N)cn3)cnc1F)N=C(N)S2
D10270,CN[C@@H](C)C(=O)N[C@H]1CN(C(=O)CCN)c2ccccc2N(Cc2c(OC)ccc3cc(C(=O)O)ccc23)C1=O
D10271,Cc1cc(F)ccc1C1=C(c2ccc(S(C)(=O)=O)cc2)CCC1
D10272,N#Cc1c(NC(=O)CSc2nnc[nH]2)sc2c1CCCCC2
D10273,Cc1cc2ncnn2cc1-c1[nH]c2ccc(C3CCN(Cc4ncccn4)CC3)cc2c1C(C)C
D10274,O=P([O-])(O)C(O)(C[n+]1cccc(-c2cccc(-c3ccccc3)c2)c1)P(=O)(O)O
D10275,CC(=O)c1cccc(OCc2ccc(Cl)cc2)c1
D10276,COC(=O)[C@H](CC(C)C)NC(=O)[C@@H]1CCCN1C(=O)[C@H](CCC(N)=O)NC(=O)[C@H](CCC=CS(C)(=O)=O)NC(=O)OCc1ccccc1
D10277,Cc1cccnc1CN1CCC2(CC1)C(=O)N(c1ccc(-c3ccc(C(=O)O)cc3)cc1)C(=O)N2c1cnccn1
D10278,CSc1ccccc1CNc1ncc([N+](=O)[O-])c(NCC2CCC(CN)CC2)n1
D10279,Cc1cc(C(=O)N2CCOC[C@H]2Cc2cccc(-n3nccn3)c2)c(-n2nccn2)cc1C
D10280,O=C(Nc1ccc(Oc2ccc(F)cc2)cc1)[C@@H]1C[C@@H](Cc2ccccc2)CN1C(=O)Cn1cncn1
D10281,N#Cc1ccccc1Cn1c(N2CCC[C@@H](N)C2)nc2ccc(Br)cc2c1=O
D10282,C[C@@H]1Cc2c(ccc3[nH]ncc23)[C@@H](c2ncc(NC3CN(CCCF)C3)cc2F)N1CC(F)(F)F
D10283,C=C(C)c1cnc(-c2cc(Cl)ccc2F)cc1Nc1ccncc1C(=O)NC[C@H](C)O
D10284,NCC1(O)CCN(c2nc(Oc3cccc(F)c3)cc(C(F)(F)F)n2)C1
D10285,CCCc1nn(C)c2c(=O)[nH]c(-c3cc(NCCC(=O)NO)ccc3OCC)nc12
D10286,CCCCCCCCCCC[C@@H](C[C@@H]1OC(=O)[C@H]1CCCCCC)OC(=O)[C@@H](NC=O)C(C)CC
D10287,C[C@@]1(CSc2nc[nH]n2)S[C@@H]2[C@H](Br)C(=O)N2[C@H]1C(=O)O
D10288,N#C[C@@H]1CCCN1C(=O)[C@@H]1CN(Cc2ccc(-n3nccn3)cc2)C[C@@H]1N
D10289,O=C(NCCN1CCCCC1)c1ccc(CN2CCC(NC(=O)c3cc(=O)c4ccc(F)cc4o3)CC2)cc1
D10290,COCCOCC#Cc1cc(-c2[nH]nc3c2Cc2cc(Cn4cncn4)ccc2-3)cs1
D10291,Cc1ccc(C(=O)N2C[C@@H](C)OC[C@H]2Cc2cccc(-c3ncccn3)c2)c(-n2nccn2)c1C
D10292,Cc1ccc(-n2nc(C3CC3)cc2NC(=O)Nc2ccc(Oc3ccnc4[nH]c(=O)cnc34)c3ccccc23)cc1
D10293,COc1ccc2c(c1)c1c3c(c4c5ccccc5n(CC(O)CN(C)C)c4c1n2C)CNC3=O
D10294,CC(=O)N1CCc2c(cc(N3CCCc4cc(-c5cnn(C)c5)c(C(F)F)cc43)c(=O)n2C)C1
D10295,O=C1C(=O)N(Cc2ccc(Br)cc2)c2ccc(S(=O)(=O)N3CCC[C@H]3COc3cccnc3)cc21
D10296,CC(C)C[C@H](NC(=O)[C@H](Cc1c[nH]c2ccccc12)NC(=O)OCc1ccccc1)C(=O)N1CC(=O)N[C@H](Cc2ccccc2)C1
D10297,COc1ccc(-c2nnc(C(=O)N3CC(Oc4ccc(CN5CCCOCC5)cc4)C3)o2)cc1
D10298,COc1ccc2c(c1)c(CC(=O)NCCc1ccccc1)c(C)n2C(=O)c1ccc(Cl)cc1
D10299,C[C@@]1(c2cc(NC(=O)c3ccc(C(F)F)cn3)cc(F)c2F)C[C@@H](C(F)(F)F)OC(N)=N1
D10300,O=C(O)c1cccc(S(=O)(=O)N2Cc3ccccc3C2)c1
D10301,CC(C)(C)OC(=O)N[C@@H](Cc1ccccc1)C(=O)N1CSCC1C(=O)N[C@H](C=O)CCCNC(=N)N
D10302,NC1CCC(NC2CC2c2ccccc2F)CC1
D10303,CCCN(CCCCN1CCCCC1)C1COc2cccc(OC)c2C1
D10304,Cc1ccc(S(=O)(=O)Cc2ccc(C(=O)N3CCc4ccccc4C3)o2)cc1
D10305,CNC(=O)c1cc(-c2ccc3c(N4CCOC[C@@H]4C)nc(N4CCOC[C@@H]4C)nc3n2)ccc1OC(F)F
D10306,CNC(=O)N1CCc2c(c(Nc3ccc(-c4cnn(C)c4)c(F)c3F)nn2C2CCOCC2)C1
D10307,Clc1cccc(CN(CC2CNC2)c2ccccc2)c1Cl.O=C(O)C(F)(F)F
D10308,COc1cc2nc(N3CCN(C(=O)c4cccc(CNCCCCCCNCCSSCCNCCCCCCNCc5cccc(C(=O)N6CCN(c7nc(N)c8cc(OC)c(OC)cc8n7)CC6)c5)c4)CC3)nc(N)c2cc1OC
D10309,NC(=O)C1CCN(c2nccnc2OC2CN(c3ccc4ccccc4n3)C2)CC1
D10310,COc1cccc(-c2cn(-c3cccc(CO)c3)c3ncnc(N)c23)c1
D10311,CCN(CC)CCCC[C@H](NC(=O)[C@H](CC(C)C)NC(=O)[C@H](C)NC(=O)[C@H](Cc1ccccc1)NC(=O)c1ccc(C(C)(C)C)cc1)C(=O)N[C@@H](CO)C(=O)OC
D10312,Cc1coc(NC(=O)CSc2nc(-c3ccc(Cl)cc3)cc(C(F)(F)F)c2C#N)n1
D10313,CN(C)CCCn1cc(C2=C(c3c[nH]c4ccccc34)C(=O)NC2=O)c2ccccc21
D10314,Nc1nc(N)c2c(n1)NCC(CCc1ccc(C(=O)NC(CCC(=O)O)C(=O)O)cc1)C2
D10315,O=C1CCc2cc(-c3cccnc3)ccc2C1
D10316,COc1ccc(-c2nc3c(NCC4CCN(C)CC4)c(Cl)cnc3[nH]2)cc1OC
D10317,C[C@H](O)CC(=O)N1CC[C@H](Oc2ccc(-c3ncnc(Nc4ccc(N5CCN(C6COC6)CC5)cc4)n3)cc2C#N)[C@H](F)C1
D10318,COc1ccc(/C=C/C(=O)SSC(=O)/C=C/c2ccc(OC)c(OC)c2)cc1OC
D10319,CC1(C)N=C(N)N=C(N)N1OCCCCOc1ccc(/C=C/C(=O)c2ccccc2)cc1.Cl
D10320,Cc1cc(OC(F)F)cnc1C(=O)Nc1ccc(Cl)c([C@@]2(C(F)F)N=C(N)O[C@@H]3C[C@@H]32)c1
D10321,C[C@@H]1CN(c2ccc(Nc3ncnc(-c4ccc(O[C@H]5CCN(C(=O)CO)C[C@H]5F)c(C#N)c4)n3)cc2)CCN1C1COC1
D10322,CC[C@H](C)[C@@H](NC(=O)OC(C)(C)C)C(=O)Nc1ccc2ncnc(Nc3cccc(Br)c3)c2c1
D10323,Cc1c(C(=O)Nc2ccc(-c3ccc(S(=O)(=O)N[C@H](C(=O)O)C(C)C)cc3)cc2)oc2ccc(Cl)c(OC(C)C)c12
D10324,CCNC(=O)c1cccc(NC(=O)Nc2ccc(-c3ccnc4nc[nH]c34)cc2)c1
D10325,CC(C)[C@H](NS(=O)(=O)c1ccc(-c2ccc(C=O)cc2)cc1)C(=O)O
D10326,N#Cc1c(-c2ccccc2)cc(-c2ccccc2)nc1/N=C1\SCC(=O)N1c1ccccc1
D10327,CSCC[C@H](NC(=O)[C@H](Cc1ccccc1)NC(=O)[C@H](C)NC(=O)[C@@H](N)Cc1ccc(O)cc1)C(=O)N[C@H](CCCNC(=N)N)C(=O)N[C@@H](CCCNC(=N)N)C(=O)N1CCC[C@H]1C(=O)N1CC(O)CC1C(=O)NCC(=O)NC(Cc1cccs1)C(=O)N[C@@H](CO)C(=O)N1Cc2ccccc2C[C@@H]1C(=O)N1C(C(=O)N[C@@H](CCCNC(=N)N)C(=O)O)CC2CCCCC21
D10328,Cc1cc2ccc(OCc3cccc(Cl)c3)cc2oc1=O
D10329,CCCCNc1ncc(-c2cc(Nc3cccc(C(C)(C)C)c3)ncn2)c(N[C@H]2CC[C@H](O)CC2)n1
D10330,CN[C@@H](C)C(=O)N[C@H]1CN(C(=O)c2ccc(N)cc2)c2ccccc2N(Cc2noc3ccccc23)C1=O
D10331,CC(C)(C)c1cc(/C=C2\OC(=O)NC2=O)cc(C(C)(C)C)c1O
D10332,Cc1c(CC(=O)O)c2ccccc2n1C(=O)c1ccc(Cl)cc1
D10333,Cc1cc(Cl)cc2c1O[C@H](C(F)(F)F)C(C(=O)O)=C2
D10334,Cc1cc(Cl)ccc1C1c2c(nn(CC3(O)CCN(C(=O)NC(C)C)CC3)c2C(C)C)C(=O)N1c1cc(Cl)ccc1C
D10335,Cc1cc(C#N)cnc1C(=O)Nc1cc(F)c(F)c([C@]2(C)C[C@@H](C(F)(F)F)OC(N)=N2)c1
D10336,COc1ccc(OC(=O)N(CC(=O)O)Cc2ccc(OCCc3nc(-c4ccc(O)cc4)oc3C)cc2)cc1
D10337,Fc1ccc(OC(CC2CNC2)c2ccc(Cl)c(F)c2)cc1
D10338,O=S(=O)(c1cccc(-c2nnn[nH]2)c1)N1CCc2ccccc2C1
D10339,N[C@@H](CC(=O)N1CCc2c(nc(-c3cccs3)nc2C(F)(F)F)C1)CN1C(=O)CCC(F)(F)[C@@H]1O
D10340,CCOc1ccc(Nc2ncnc(-c3ccc(O[C@H]4CCN(C(=O)C5CCC(=O)N5)C[C@H]4F)c(C#N)c3)n2)cn1
D10341,CCN(C(=O)Cc1ccc(S(C)(=O)=O)cc1)C1CCN(CC[C@@H](c2ccccc2)C2CCN(S(C)(=O)=O)CC2)CC1
D10342,Cn1cnc2ncn(Cc3nc(CCc4ccc(Cl)cc4)no3)c(=O)c21
D10343,CC1CCCC(C)N1CCCCCCN1C(=O)C(c2cccc(C(=N)N)c2)Oc2ccccc21
D10344,CCOc1ccc(-c2cn3c(=O)n(-c4ccccc4)nc3c(N)n2)cc1
D10345,COC(=O)N(CC(=O)O)C(=O)c1c(F)ccc2c(C(F)(F)F)c(OC)ccc12
D10346,Cc1ccc(NC(=O)c2sccc2S(=O)(=O)Nc2onc(C)c2Cl)nc1
D10347,CC(=O)N[C@@H](CC(C)C)C(=O)N[C@@H](CC(C)C)C(=O)N[C@@H](CCCNC(=N)N)C(=O)O
D10348,CCCCN(CCCC)C(=O)CN1C[C@H](c2ccc3c(c2)OCO3)[C@@H](C(=O)O)[C@@H]1CCc1nc(C)c(C)o1
D10349,Cc1ccc(-c2c(C)c(CNC3CCCC3)nn2-c2ncccc2Cl)cn1
D10350,CO[C@H]1C[C@@H](n2c(=O)[nH]c3cnc4ccc(-c5ccc(OCCCN6CCCC6)nc5)cc4c32)C1
D10351,CC(C)(OCc1cc(-c2cccc(OC3CCC3)c2)n(-c2ccccc2N2CCC2)n1)C(=O)O
D10352,CC1(c2ccccc2)CCCN(C(=O)NCc2ccc(-c3ccc4[nH]ccc4c3)cc2)C1
D10353,COc1cc(Nc2cc(Oc3ccc(NC(=O)Nc4cc(C(C)(C)C)cc(NC(=O)CO)c4OC)c4ccccc34)ccn2)ccc1C(=O)NCCN1CCS(=O)CC1
D10354,Cc1ncc(-c2ccnc(Nc3ccc(C(N)=O)cc3)n2)n1C(C)C
D10355,NC(=O)c1cnc2ccc(-c3c(-c4ccc(F)cc4)ncn3C3COC3)nn12
D10356,CC(C)(CC(=O)N1Cc2ccccc2C1)[C@H]([NH3+])C(=O)N1CCC[C@H]1C#N
D10357,O=C(NCCCCCCNC(=O)ON=C1CCCCC1)ON=C1CCCCC1
D10358,CN[C@@H](C)C(=O)N[C@H]1CN(C(C)=O)c2cc(C(F)(F)F)ccc2N(Cc2c(C3CC3)cnc3ccccc23)C1=O
D10359,Cc1c(F)cc(C(=O)NC2CC2)cc1-c1ccc(C(=O)NCC(C)(C)O)cc1
D10360,CC1(C)Oc2ccc(NC(=O)c3ccc(Cl)cn3)cc2[C@@]2(COC(N)=N2)C12COC2
D10361,Cc1cc(C#N)cnc1C(=O)Nc1ccc(F)c([C@@]2(C(F)F)N=C(N)O[C@@H]3C[C@@H]32)c1
D10362,c1cncc(C2CCCCCCC2)c1
D10363,C[C@H](O)C(=O)N1CCC(Oc2ccc(-c3ncnc(Nc4ccc(N5CCN(C6COC6)CC5)cc4)n3)cc2C#N)C(F)(F)C1
D10364,CN(CCC1CCN(Cc2ccccc2)CC1)C(=O)c1ccc(S(=O)(=O)Cc2ccccc2)cc1
D10365,CC(C)N(Cc1ccccc1)c1nc(Nc2ccc3ncsc3c2)[nH]c(=O)n1
D10366,Cc1cc(Nc2ncnc(-c3ccc(O[C@@H]4CCC(=O)NC4)c(C#N)c3)n2)ccc1N1CCN(C2COC2)CC1
D10367,O=C(CCCCCCc1ccccc1)c1nnc(-c2ccccn2)o1
D10368,NC(=Nc1ccc2c(c1)SCCN2CCNCCO)c1cccs1
D10369,CC(=O)N1CCC(C(=O)N2C[C@H](c3ccc(F)cc3C)[C@@H](c3noc(C(C)(C)c4cc(C(F)(F)F)cc(C(F)(F)F)c4)n3)C2)CC1
D10370,O=C(O)c1ccc(OC2CCN(C(=O)N[C@H]3C[C@@H]3c3ccccc3)CC2)c(Cl)c1
D10371,CN(C)c1ccnc2sc3c(=O)n(-c4ccc(Cl)cc4Cl)cnc3c12
D10372,CC(C)n1c2ccc(O)cc2c2c3c(c(-c4ccccc4Cl)cc21)C(=O)NC3=O
D10373,CN[C@@H](C)C(=O)N[C@H](C(=O)N1CCc2ccccc2[C@H]1C(=O)Nc1c(F)cccc1F)C1CCCCC1
D10374,Cc1c2c(O[C@H](C)[C@H]3CNC(=O)C3)cc(-c3cnn(C(C)C)c3)cc2nn1C
D10375,CS(=O)(=O)c1ccc(-c2occ(Cl)c(=O)c2-c2ccc(-c3ccccc3)c(F)c2)cc1
D10376,CC(C)C[C@@H](C=CS(C)(=O)=O)NC(=O)[C@H](CO)NC(=O)[C@H](CCC(=O)OC(C)(C)C)NC(=O)OCc1ccccc1
D10377,c1ccc(-c2nnc3n2-c2ccc(-c4cccnc4)cc2CC3)cc1
D10378,N#CC1=C(C(=O)[O-])N2C(=O)/C(=C/c3ccccn3)C2S(=O)(=O)C1
D10379,O=C(c1cc(F)ccc1-n1nccn1)N1CCOC[C@H]1Cc1cccc(-n2cccn2)c1
D10380,C[C@]1(c2cc(/C=C(\F)c3ccc(C#N)cn3)ccc2F)N=C(N)S[C@@]2(C(=O)N3Cc4ccccc4C3)C[C@H]21
D10381,Cc1ccc(-n2cccn2)cc1C[C@@H]1COCCN1C(=O)c1cccc(C)c1-n1nccn1
D10382,Cc1c2c(O[C@H](C)[C@H]3CNC(=O)C3)cc(-c3cnn([C@H]4CO[C@@H]5CCCO[C@H]45)c3)cc2nn1C
D10383,COc1ccc(-n2nc(C(C)(C)C)cc2NC(=O)Nc2ccc(Oc3ccnc(Nc4ccc5c(cnn5C)c4)n3)c3ccccc23)cc1
D10384,CCN(CC(O)(CNC(=O)c1cnn(-c2ccc(F)cc2)c1N)C(F)(F)F)C(=O)c1c(Cl)cccc1Cl
D10385,CCc1ccc(Cc2c(Cl)ccc3c2CO[C@]32O[C@H](COCC(F)(F)F)[C@@H](O)[C@H](O)[C@H]2O)cc1
D10386,Cn1nccc1-c1cc(C(F)(F)F)ccc1-c1nccc2cc(S(=O)(=O)Nc3ncns3)ccc12
D10387,NC(=O)Cc1ccccc1CCc1nc(Nc2ccc(C3CCNCC3)cc2OC(F)(F)F)ncc1C(F)(F)F
D10388,N[C@H]1C[C@](O)(CO)[C@@H](O)[C@H](O)[C@H]1O
D10389,COc1cc(N2CCN(C)CC2)ccc1Nc1nccc(-c2c[nH]c3c(C)nccc23)n1
D10390,O=P(O)(O)O[C@H]1[C@H](O)[C@@H](OP(=O)(O)O)[C@H](OP(=O)(O)O)[C@@H](O)[C@H]1O
D10391,CC(C)OCC(=O)NCC1(O)CCN(c2nc(Oc3cccc(F)c3)cc(C(F)(F)F)n2)CC1
D10392,C[C@@H]1COC[C@@H](Cc2cccc(-n3nccn3)c2)N1C(=O)c1ccccc1-n1nccn1
D10393,CN[C@@H](C)C(=O)N[C@H]1CN(C(=O)c2cccc(C#N)c2)c2ccccc2N(Cc2c(OC)ccc3cc(Br)ccc23)C1=O
D10394,CCc1cc2c(cc1Cn1c(C(=O)O)c(Cc3cccc(C(=O)O)c3)c(=O)c3cc(O)ccc31)OCO2
D10395,O=C(N[C@H](COCc1ccccc1)C(=O)N[C@@H]1CN2CCC1CC2)c1cccnc1Oc1ccc(C(F)(F)F)cc1Cl
D10396,O=C1OCc2cc(CCN3CCN(C(=O)Cc4ccc(-n5cnnn5)cc4)CC3)ccc21
D10397,CC1(C)C(N)=N[C@](C)(c2cc(NC(=O)c3ccc(Cl)cc3F)ccc2F)CS1(=O)=O
D10398,O=C(NO)c1ccc(C(=O)Nc2ccccc2)cc1
D10399,COc1cnc(C(=O)Nc2ccc3c(c2)[C@@]2(COC(N)=N2)C2(CC2)C(C)(C)O3)cn1
D10400,CCOC(=O)C1C(C)=Nc2nc3c(c(N)c2C1c1ccccc1)CCCC3
D10401,Cc1cc(O)cc(C)c1[C@@H](C)[C@H](N)C(=O)N1Cc2ccccc2C[C@H]1C(=O)O
D10402,COc1cccc(S(=O)(=O)N2Cc3ccc(/C=C/C(=O)NO)cc3C2)c1
D10403,O=C(NC1CCN(C2CCc3cc4oc(=O)[nH]c4cc32)CC1)c1cc(=O)c2ccc(F)cc2o1
D10404,Nc1ccc(S(=O)(=O)N2CCN(c3ncc(C(O)(C(F)(F)F)C(F)(F)F)cc3-c3cccnc3)CC2)cn1
D10405,C/C(=C(\F)C(=O)Nc1ccc(-c2ccccc2S(N)(=O)=O)cc1Cl)c1ccc2ccnc(N)c2c1
D10406,CC(C)(O)[C@H]1CC[C@H](Nc2ccn3ncc(-c4cccc(C(F)(F)F)c4)c3n2)CC1
D10407,Cc1ccc(-c2nc3ccccc3[nH]2)cc1NC(=O)c1ccc(OCc2ccccn2)cc1
D10408,C[C@@H]1Cc2c([nH]c3ccccc23)[C@@H](c2c(F)cc(/C=C/C(=O)O)cc2F)N1CC(C)(C)F
D10409,CN[C@@H](C)C(=O)N[C@H]1CN(C(=O)C2CCOCC2)c2cc(C#N)ccc2N(Cc2c(C3CC3)cnc3ccccc23)C1=O
D10410,O=C(O)c1cccc(-c2cnc(C(=O)CCc3ccc(-c4ccccc4)cc3)o2)n1
D10411,Cn1nc(-c2cnc3[nH]cc(C(=O)N[C@]4(C)C[C@@H](N)C4)c3n2)c2ccc(F)cc21
D10412,CCn1nc([C@]2(c3cnn(C)c3)N[C@@H](c3nc(-c4ccc(F)cn4)c[nH]3)Cc3c2[nH]c2ccccc32)oc1=O
D10413,Cn1c(=O)n(Cc2ccccc2C#N)c2c(N3CCC[C@@H](N)C3)ccnc21
D10414,CCCCNc1ncc(C(=O)Nc2ccc(C(F)(F)F)cc2)c(N[C@H]2CC[C@H](O)CC2)n1
D10415,Cc1c2c(O[C@H](C)[C@H]3CNC(=O)C3)cc(-c3cnn(C4CC4)c3)cc2nn1C
D10416,COc1cc(N2CCN(C(C)=O)CC2)ccc1Nc1cc(-c2c[nH]c3cnccc23)ncn1
D10417,COCC(C)Nc1nc(N2CCOC[C@@H]2C)c2ccc(-c3ccc(OC)c(CO)c3)nc2n1
D10418,Cc1ccc(C2CC3CCC(C2c2cc(-c4ccc(Cl)cc4)no2)N3C)cc1
D10419,O=C(O)Cc1c2n(c3ccccc13)C[C@H](N(Cc1ccc(F)cc1)S(=O)(=O)c1ccc(F)cc1)CC2
D10420,N#Cc1ccc(C(=O)Nc2ccc3c(c2)C2(CCOC(N)=N2)c2cc(-c4cncc(F)c4)nc(F)c2O3)nc1
D10421,CC1CN(C(=O)N(c2ccccc2)c2ccccc2)C(C)CN1C(=O)N(c1ccccc1)c1ccccc1
D10422,COc1cc(N2CCNC(=O)C2)ccc1Nc1ncc(Cl)c(-c2cnc3ccccn23)n1
D10423,N[C@H]1C[C@@H](N2Cc3cncnc3C2)CC[C@@H]1c1cc(F)c(F)cc1F
D10424,CC1(c2ccccc2)CCCN(C(=O)NCc2ccc(-c3cccc(Cl)c3)cc2)C1
D10425,O=C(N1CCCCC1)n1nnc(Cc2ccc(-c3ccccc3)cc2)n1
D10426,CC1(C)C(N)=N[C@](C)(c2cc(Nc3c(Cl)sc4cc(C#N)cnc34)ccc2F)CS1(=O)=O
D10427,CCCCCCc1ccc(Oc2ccccc2)c(O)c1
D10428,C[C@]12CCCN1CC1=NNC(=O)c3cc(F)cc4[nH]c2c1c34
D10429,O=C(O)Cn1nnc(-c2cc(OCCCOc3cc(F)ccc3Br)no2)n1
D10430,C[C@]12CCCO[C@@H]1[C@]1(CSC(N)=N1)c1cc(-c3cncnc3)ccc1O2
D10431,COC(=O)c1cc(-c2ccc(C[C@@H](C#N)NC(=O)[C@H]3N[C@H]4C[C@@H]3[C@@H]3C[C@H]43)c(F)c2)cs1
D10432,Cc1onc(-c2c(Cl)cccc2Cl)c1NC(=O)OCc1c(F)cccc1Cl
D10433,NC1=N[C@](c2cc(NC(=O)c3ccc(Cl)cn3)ccc2F)(C(F)F)[C@@H]2C[C@@H]2O1
D10434,COc1cc2ncnc(Nc3ccccc3F)c2cc1OC
D10435,C[C@@H](c1ccc(-c2ccc(=O)n(C)c2)cc1)N1CC[C@](CCC(N)=O)(c2ccccc2)OC1=O
D10436,Cc1ccc(-c2ccc(S(C)(=O)=O)cc2)n1-c1ccccc1
D10437,NC(=O)[C@@H]1CCCN([C@H]2CC[C@H]([C@H](N)Cc3cc(F)ccc3F)CC2)C1
D10438,N#Cc1cc(-c2ncnc(Nc3ccc(N4CCN(C5COC5)CC4)cc3)n2)ccc1O[C@H]1CCN(C(=O)C2CNC(=O)N2)C[C@H]1F
D10439,O=C1C(=O)N(Cc2ccccc2F)c2ccc(S(=O)(=O)N3CC[C@H]3COc3ccccc3)cc21
D10440,Cc1cc2ncnn2cc1-c1[nH]c2ccc(C3CCN(CC(=O)NC4CC4)CC3)cc2c1C(C)C
D10441,CCN(C(=O)CO)C1CN(/C(=N\C#N)Nc2ccc(OC(F)F)cc2)N=C1c1ccc(Cl)cc1
D10442,Cc1ccc(-c2ccc3c(c2)N(c2nc4c(s2)C(=O)NC(C)(C)C4)CCO3)cn1
D10443,CC[C@@H](C(=O)Nc1cccc2c(-c3nc(Nc4cn(C)nc4OC)ncc3C)c[nH]c12)N1CCN(C)CC1
D10444,Cc1c(F)cc(C(=O)NC2CC2)cc1-c1ccc(C(=O)NCC(C)(C)C)cn1
D10445,CS(=O)(=O)N1CC[C@H](N(Cc2ccccc2C(F)(F)F)c2ccc(C#N)c(Cl)c2)C1
D10446,C[C@@H]1Cc2c([nH]c3ccccc23)[C@@H](c2nccc(OCCNCCCF)c2F)N1CC(F)(F)CO
D10447,CN(C(=O)n1nnc(Cc2ccc(-c3ccccc3)cc2)n1)C1CCCCC1
D10448,CNC(=O)c1ccc(Oc2ccc(S(=O)(=O)[C@@]3(C(=O)NO)CCC4(CCNCC4)C3)cc2)cc1
D10449,C#Cc1cc(Nc2nccc(Oc3ccc(NC(=O)Nc4cc(C(C)C)nn4C)c4ccccc34)n2)cc(C(=O)NCCN2CCOCC2)c1
D10450,CC(C)CNc1cccc(-c2cc(COC(C)(C)C(=O)O)nn2Cc2ccccc2Cl)c1
D10451,CN(C)c1ccnc2sc3c(=O)n(CC4CCCC4)cnc3c12
D10452,CN1C2CCC1[C@@H](COc1ccc3c(c1)OCO3)[C@@H](c1ccc(F)cc1)C2
D10453,OCc1cnc2ccc(-c3c(-c4ccc(F)cc4)ncn3CC(F)F)cn12
D10454,CN(C(=O)Oc1ccc(Oc2ccc(C(F)(F)F)cn2)cc1)c1cccc(Cl)c1
D10455,Cn1c(-c2ccoc2)c(C2CCCCC2)c2ccc(C(=O)O)cc21
D10456,COc1c(C)ccc2oc(C(=O)Nc3ccc(-c4ccc(S(=O)(=O)N[C@H](C(=O)O)C(C)C)cc4)cc3)c(C)c12
D10457,C[C@@H]1N[C@H](C(=O)N2CCC[C@H]2C#N)C[C@@H]1C(=O)N(C)C
D10458,O=C(c1nnc(-c2ccccc2)o1)N1CC(Oc2ccc(CN3CC4(CCOC4)C3)cc2)C1
D10459,C[C@@H](Oc1cc(-c2csc(C(F)F)n2)cc2nn(C)cc12)[C@H]1CNC(=O)C1
D10460,C[C@H]([C@@H](c1ccc(Nc2nc3ccccc3s2)cc1)n1ccnc1)N(C)C
D10461,C[C@]12CCCO[C@@H]1[C@]1(COC(N)=N1)c1cc(-c3cc(F)cc(Cl)c3)ccc1O2
D10462,COc1ccc2c(c1)c(C(C)CC(=O)O)c(C)n2Cc1ccc(Br)cc1
D10463,COc1ccccc1-c1ccc2cnc(Nc3ccc(N4CCN(C)CC4)cc3)nn12
D10464,CC[C@H](C)[C@H](NC(=O)C(F)(F)C(=O)C(CC(C)C)NC(=O)[C@H](CC1N=CC=N1)NC(=O)[C@H](Cc1ccccc1)NC(=O)OC(C)(C)C)C(=O)NCc1ccccn1
D10465,O=C(O)Cn1ccc(=O)n(Cc2nc3cc(Cl)ccc3s2)c1=O
D10466,CC1(C)CC2=NNC(=O)c3cccc4c3c2c(n4CCN2CCCC2)C1
D10467,CCCCCN(CCCCC)C(=O)C(CCC(=O)O)NC(=O)c1ccc(Cl)c(Cl)c1
D10468,N#Cc1cc(-c2ncnc(Nc3ccc(OCCN4CCCC4)cc3)n2)ccc1OC1CCOCC1
D10469,CN[C@@H](C)C(=O)N[C@H]1CN(C(=O)c2ccc(C(N)=O)cc2)c2ccccc2N(Cc2c(C)ccc3ccccc23)C1=O
D10470,CC1(C)C(N)=N[C@](C)(c2cc(NC(=O)c3ccc(C(F)F)cn3)ccc2F)CS1(=O)=O
D10471,Cc1cc(Nc2nccc(Oc3ccc(NC(=O)Nc4cc(C(C)(C)C)nn4-c4cccc(OCCN5CCOCC5)c4)c4ccccc34)n2)cc2cn[nH]c12
D10472,Cc1ccc2c(Cc3nc4c(F)c(F)cc(F)c4s3)cn(CC(=O)O)c2c1
D10473,N#Cc1cccc(Nc2ccc([C@H]3C[C@@H]3NC3CCC(N)CC3)cn2)c1
D10474,COc1ccc(S(=O)(=O)N(CC(C)C)[C@@H](C(=O)NO)C(C)C)cc1
D10475,Cc1cc(OC(F)F)cnc1C(=O)Nc1ccc(F)c([C@@]2(C)N=C(N)C3(CC3)S(=O)(=O)[C@@H]2F)c1
D10476,O=c1cc(C(F)(F)F)c2ccc(OCCN3CCN(CCCNc4c5c(nc6ccccc46)CCCC5)CC3)cc2o1
D10477,C[C@H](O)C(=O)N1CC(F)C(Oc2ccc(-c3ncnc(Nc4ccc(N5CCN(C6COC6)CC5)cc4)n3)cc2C#N)C(C)(C)C1
D10478,CN(c1ncnc2[nH]ccc12)[C@H]1C[C@@H](NS(=O)(=O)CCCC#N)C1
D10479,CC(C)c1c(-c2ccc3ncnn3c2)[nH]c2ccc(C3CCN(C4COC4)CC3)cc12
D10480,Cc1nc2cc(-n3ncc(C(=O)c4cc5ccc(Br)cc5[nH]4)c3N)ccc2[nH]1
D10481,COc1cc(CNC(=O)CCCC/C=C/C(C)C)ccc1O
D10482,NC(=O)c1cccc(O[C@H]2C[C@@H]3CC[C@H](C2)N3C2CCCc3ccccc32)c1
D10483,N[C@H]1CCCC[C@H]1Nc1cc2nc[nH]c(=O)c2c(Nc2cccc3c(Cl)c[nH]c23)n1
D10484,CN[C@@H](C)C(=O)N[C@@H]1C(=O)N(Cc2c(C3CC3)cnc3ccccc23)c2ccc(C#N)cc2N(C(C)=O)[C@H]1C
D10485,Nc1ccccc1NC(=O)CCc1ccc(-c2ccc3ncnc(Nc4ccc(OCc5cccc(F)c5)c(Cl)c4)c3c2)cc1
D10486,CC(C)OC(=O)N1CCC(n2ncc3c(N4CCOCC4)nc(-c4ccc(NC(=O)NCCF)cc4)nc32)CC1
D10487,CCCCN(CCCC)C(=O)CN1C[C@H](c2ccc3c(c2)OCO3)[C@@H](C(=O)O)[C@@H]1CC(C)CCC
D10488,CN(C)C(=O)[C@]12C[C@H]1[C@@](C)(c1cc(/C=C(\F)c3ccc(C#N)cc3)ccc1F)N=C(N)S2
D10489,CC(C)c1c(-c2cc(C(F)(F)F)c3ncnn3c2)[nH]c2ccc(C3CCN(C(=O)C4(C(F)(F)F)CC4)CC3)cc12
D10490,Cc1ccc(NC(=O)Nc2cccc(C(F)(F)F)c2)cc1C(=O)Nc1cnc(N)nc1
D10491,C[C@]1(c2cc(/C=C(\F)c3ccc(C#N)cn3)ccc2F)N=C(N)S[C@@]2(C(=O)N3CCC4(CCO4)C3)C[C@H]21
D10492,Cc1ccc(S(=O)(=O)n2cc(C(=O)C(=O)NCC(=O)N[C@@H](Cc3c[nH]c4ccccc34)C(=O)O)c3ccccc32)cc1
D10493,CCC(C)(C)C(=O)C(=O)N1CCCC[C@H]1C(=O)O[C@H](CCc1ccc(OC)c(OC)c1)c1cccc(OCC(=O)O)c1
D10494,Cn1c(C(=O)Nc2ccc3c(c2)OCO3)cc2c(=O)n(C)c3ccccc3c21
D10495,C[C@]12CCC3C(CC[C@H]4CC(=O)CC[C@]34C)C1CC=C2c1cccnc1
D10496,CN[C@@H](C)C(=O)N[C@H]1CCc2ccccc2N(Cc2c(C)c(Cl)nc3ccccc23)C1=O
D10497,CN[C@H]1CC[C@@H](c2ccc(Cl)c(Cl)c2)c2cc(C(=O)N(C)C)ccc21
D10498,COc1cc2c(cc1OC)C(=O)C(CC1CCN(Cc3ccc(C)cc3)CC1)C2
D10499,[N-]=[N+]=Nc1ccc(-c2cc(C(=O)O)c3cc(C(=O)c4ccccc4)ccc3n2)cc1
D10500,O=C1N[C@](c2ccc(N3CCOCC3)cc2)(c2ccsc2)CC(O)=C1Sc1ccccc1Cl
D10501,Cc1cc(Cl)ccc1C1c2c(nn(CCC#N)c2C(C)C)C(=O)N1c1cccc(Cl)c1F
D10502,CN(C)c1ccc(C(=O)O)c(Oc2nc(Oc3cccc(-c4cccc(CN)c4)c3)c(F)c(N3CCNCC3)c2F)c1
D10503,Cc1cccc(-c2n[nH]cc2-c2ccc(F)cc2)n1
D10504,C[C@H](O)C(=O)N1CC[C@H](Oc2ccc(-c3ncnc(Nc4ccc(N5CCN(C6COC6)CC5)c(OC(F)F)c4)n3)cc2C#N)[C@H](F)C1
D10505,NC1=N[C@](CF)(c2cc(NC(=O)c3ccc(C(F)F)cn3)ccc2F)C[C@@H](C(F)(F)F)O1
D10506,CN(C)C(=O)[C@]12C[C@H]1[C@@](C)(c1cc(/C=C(\F)c3cnc(OCC(F)(F)F)cn3)ccc1F)N=C(N)S2
D10507,O=C(CCc1cnn2c1ccc1cc(O)ccc12)NC1=C(C(=O)O)CCCC1
D10508,COc1ccc2c(c1)c(CC(=O)NS(=O)(=O)C(F)(F)F)c(C)n2C(=O)c1ccc(Cl)cc1
D10509,COc1cnc(-c2c(F)ccc(F)c2CCNC(=O)c2ccc(COCC(F)(F)F)nc2)cn1
D10510,CSc1nc(-c2ccc(OC(F)(F)F)cc2)nn1C(=O)N(C)c1ccccc1
D10511,CC[C@@](C)(OCc1cc(-c2cccc(OCC(C)(C)C)c2)n(-c2cccc3cnn(C)c23)n1)C(=O)O
D10512,C[N+](C)(C)CCCCCCCCCCCC[N+](C)(C)C
D10513,CCc1c(OCc2ccc(F)cc2F)ncn(-c2cc(C(=O)NCCO)ccc2C)c1=O
D10514,COc1cc(Nc2ncnc(-c3ccc(O[C@H]4CCN(C(=O)[C@H](C)O)C[C@H]4F)c(C#N)c3)n2)ccn1
D10515,CP(C)(=O)c1ccc(Nc2nc(C3CCCC3)nc3c2ncn3CCc2cccc(O)c2)cc1
D10516,CCCCNc1ncc(-c2ccc(-c3cccc(C(=O)O)c3)nn2)c(N[C@H]2CC[C@H](O)CC2)n1
D10517,Cn1c(=O)n([C@H]2CCCOC2)c2c3cc(-c4ccc(OCCCN5CCCCC5)nc4)ccc3ncc21
D10518,C#Cc1cccc([C@H]2[C@H](C(=O)O)CCCN2C(=O)n2cnc(-c3ccc(-c4cnc(N5CCOCC5)nc4)cc3)n2)c1
D10519,COc1cnc2c(Nc3ccc(F)c([C@]4(CF)CS(=O)(=O)C(C)(C)C(N)=N4)c3)ncc(F)c2c1
D10520,COc1nc(N2C[C@H]3C(=O)N(C)C(N)=N[C@@]3(c3cc(F)c(F)cc3F)C2)nc(C)c1F
D10521,NC(=O)c1nn(CC(=O)N2[C@H](C(=O)Nc3cccc(Br)n3)C[C@H]3C[C@H]32)c2ccccc12
D10522,C#CCOc1ccc(C(=O)Nc2cc(F)c(Cl)c([C@]3(CF)N=C(N)O[C@H]4C[C@H]43)c2)nc1
D10523,Cc1cc(-c2[nH]c3ccc(C4CCN(Cc5nncn5C)CC4)cc3c2C(C)C)cn2ncnc12
D10524,NC(=O)c1cnc2ccc(-c3c(-c4ccc(F)cc4)ncn3C(CO)CO)nn12
D10525,NC(=O)c1cnc2ccc(-c3c(-c4ccc(F)c(Cl)c4)ncn3C3CC(F)(F)C3)cn12
D10526,CN[C@@H](C)C(=O)N[C@H]1CN(C(=O)c2ccc(F)cc2)c2cc(Cl)ccc2N(Cc2c(OC)ccc3c(Br)cccc23)C1=O
D10527,CN(C)C(=O)c1cc2cnc(Nc3ccc(C(=O)N4CCC[C@@H]5CCN[C@@H]5C4)cn3)nc2n1C1CCCC1
D10528,CN(C)C(=O)[C@]12C[C@H]1[C@@](C)(c1cc(/C=C(\F)c3cnc(OCc4ncco4)cn3)ccc1F)N=C(N)S2
D10529,Cn1c(C(=O)c2ccc(Oc3ncccc3-c3cccnc3)cc2)nc2ccccc21
D10530,CC(=O)Nc1ccc(C)c(C(=O)Nc2cnc(Nc3ccc(N4CCN(C)CC4)cc3)nc2)c1
D10531,Cc1cc(-c2ccc(C[C@@H](C#N)NC(=O)[C@@H]3CNCCCO3)cc2)cc2c1oc(=O)n2C
D10532,O=c1n(Cc2cc([C@@H]3O[C@H](CO)[C@@H](O)[C@H](O)[C@H]3O)ccc2Cl)nc2cc(Cl)ccn12
D10533,C[C@]1(C(=O)O)CCc2ccc(OCCCOc3ccc(C4CCCC4)cc3Cl)cc2O1
D10534,NC1=N[C@](CF)(c2cc(NC(=O)c3ncc(Cl)cc3F)ccc2Cl)[C@H]2C[C@H]2O1
D10535,Cc1cn[nH]c1C(=O)N1CC[C@H](Oc2ccc(-c3ncnc(Nc4ccc(N5CCN(C6COC6)CC5)cc4)n3)cc2C#N)[C@H](F)C1
D10536,Cc1ccn2nc3c(c2n1)CN([C@@H]1CO[C@H](c2cc(F)c(F)cc2F)[C@@H](N)C1)C3
D10537,Cc1ccc(C(=O)N[C@H](CO)C(=O)N[C@@H](C)C(=O)NC(Cc2ccc(N=C(N)N)cc2)P(=O)(Oc2ccccc2)Oc2ccccc2)cc1
D10538,O=C(CCCCCCC(=O)Nc1ccc2ccnc(Nc3ccc4ccccc4c3)c2c1)NO
D10539,C[C@H]1CN[C@H](C)CN1CCCc1ccccc1
D10540,CN[C@@H](C)C(=O)N[C@H]1CN(C(=O)CCCC(C)=O)c2ccccc2N(Cc2c(OC)ccc3cc(Br)ccc23)C1=O
D10541,CN(C)C(=O)c1cnc2ccc(-c3c(-c4ccc(F)cc4)ncn3CC(F)F)nn12
D10542,NC(=O)c1cnc2ccc(-c3c(-c4ccc(F)c(Cl)c4)ncn3C3CCOCC3)nn12
D10543,CC(=O)N1N=C(c2ccc(O)cc2)CC1c1cccc(C)c1
D10544,C[C@@H](NC(=O)c1ccncc1)C(=O)N1CCC[C@H]1B(O)O
D10545,COC(=O)Nc1ccc(-c2[nH]c([C@@H]3C[C@H](N4CCN(S(C)(=O)=O)CC4)CN3C(=O)C3CCN(C(=N)N)CC3)nc2Cl)cc1
D10546,COc1cc(CNC(=O)[C@@]2(Cc3ccccc3)OC(=O)N([C@@H]3CCc4ccccc43)C2=O)cc(OC)c1
D10547,CC(C)(O)c1cncc(-c2nc3cc(F)c(F)cc3n2C2CC2)c1
D10548,COc1ccc(-c2cc(F)c(F)cc2-c2ccc(S(N)(=O)=O)cc2)cc1F
D10549,CC(C)[C@]12O[C@H]1[C@@H]1O[C@@]13[C@@]1(C)CCC4=C(COC4=O)[C@@H]1C[C@@H]1O[C@@]13[C@@H]2O
D10550,O=C([O-])C1CCN(c2nc(NCc3ccc4c(c3)OCO4)c3cc(Cl)ccc3n2)CC1
D10551,COc1ccc(CN2C(=O)C(=C(C#N)C#N)c3cc(S(=O)(=O)N4CCC[C@H]4COc4cccnc4)ccc32)cc1
D10552,COc1ncc(Cl)c(Nc2ncnc3cc(OCCN4CCN(C(C)=O)CC4)cc(OC(C)C)c23)n1
D10553,Cc1c2c(O[C@H](C)[C@H]3CNC(=O)C3)cc(-c3cnn(C4CCC4)c3)cc2nn1C
D10554,CC(N)Cc1c[nH]c2ccc3c(c12)CCCO3
D10555,CC(C)Oc1cccc(C=C2SC(O)=NC2=O)c1N1CCC[C@@H](N)C1
D10556,Cc1ccc(-c2ssc(=S)c2-c2ccc(Cl)cc2)cc1
D10557,Cn1cc(-c2ccncc2)c(-c2ccc(OCc3ccc4cc(F)ccc4n3)cc2)n1
D10558,Cc1nc(-c2nc(N)[nH]c2-c2ccc3nccnc3c2)ccc1F
D10559,CN(C)C(=O)[C@@H](c1ccc(-c2ccc(F)c(F)c2)cc1)[C@H]([NH3+])C(=O)N1CC[C@H](F)C1
D10560,CCc1cc2c(cc1CC)CC(NC[C@H](O)c1ccc(O)c3[nH]c(=O)ccc13)C2
D10561,N[C@@H](CC(=O)N1CCCNC(=O)[C@H]1CC(F)(F)F)Cc1ccccc1F
D10562,CCc1c(F)cncc1-c1cc2c(c(F)c1F)-n1c(C)nnc1CC2
D10563,O=C(CCCCc1ccn(-c2ccccc2)n1)NO
D10564,CNc1nc(C)nc(N2CCC(C(=O)NCc3ccc(Br)cc3OC(F)(F)F)CC2)n1
D10565,CCNC(=O)Nc1ccc2ncc(-c3ccc(O)cc3)nc2n1
D10566,COc1cc(C(=O)N[C@H]2C[C@@H](C(=O)NO)N(C(C)=O)C2)cc(OC)c1OC
D10567,CC(C)(C)OC(=O)N[C@@H]1CCN(C(=O)OC2C3CC4CC(C3)CC2C4)C1
D10568,COc1ccc(C[C@@H]2COCCN2C(=O)c2ccccc2-n2nccn2)cc1-c1ncccn1
D10569,CCCCc1nc(CCCC)n(Cc2ccc(-n3c(Cl)cc(Cl)c3-c3nnn[nH]3)cc2)n1
D10570,CCCC[C@H](NC(=O)[C@H]1NC(=O)[C@H](CC(=O)O)NC(=O)[C@H](Cc2ccccc2)NC(=O)[C@H](NC(=O)[C@@H](N)Cc2ccc(O)cc2)C(C)(C)SSC1(C)C)C(=O)NCC(N)=O
D10571,NC(=O)c1cccc2[nH]c(-c3ccc(-c4cccnc4)cc3)nc12
D10572,Oc1ccc(-c2nc(-c3ccc(F)cc3)c(-c3ccncc3)[nH]2)cc1
D10573,CC(C)C[C@H](NC(=O)[C@H](Cc1ccccc1)NC(=O)NCc1cnccn1)B(O)O
D10574,CCCS(=O)(=O)N1CCC(CNC(=O)c2ccc(C(F)(F)F)cc2F)(C(=O)N2CCOCC2)CC1
D10575,CCCc1cc(C(=O)C2CCCCC2)ccc1OCCCOc1cccc(-c2sc(=O)[nH]c2O)c1
D10576,CC(=O)Nc1ccc(COc2ccc(-c3ccc(-c4nc5c(C(=O)O)cc(C)cc5[nH]4)cc3)cc2)cc1
D10577,COc1ccc2c(OCc3nnc4ccc(-c5cc(C)ns5)nn34)ccnc2c1
D10578,Cc1nc2cc(N(C)c3ccnc(Nc4cccc(S(N)(=O)=O)c4)n3)ccc2n1C
D10579,Cc1ncn(-c2ccc(C(=O)N[C@@H]3CCN(c4ncc(Cl)c5c(N)noc45)C3)c(Cl)c2)n1
D10580,COc1ccc(C[C@@H]2OC3(C=CC(=O)C=C3)O[C@H]2Cc2ccc(OC)cc2)cc1
D10581,NC1=N[C@@](c2cc(NC(=O)c3nn(C(F)F)cc3Cl)ccc2Cl)(C(F)F)[C@H]2C[C@H]2O1
D10582,CC1(c2nc([C@@H]3CCCN3C(=O)C[C@H](N)Cc3cc(F)c(F)cc3F)no2)COC1
D10583,COc1cc2c(Nc3ccc(Br)cc3F)ncnc2cc1OCCn1ccnn1
D10584,N#Cc1cc(-c2ncnc(Nc3ccc(N4CCN(C5COC5)CC4)cc3)n2)ccc1N1CCC2(CCOC2)CC1
D10585,Cc1c(OCCN(C)CCCF)ccc(F)c1[C@@H]1c2[nH]c3ccccc3c2C[C@@H](C)N1C[C@@H](C)C(=O)O
D10586,CCc1nn2c(-c3c(OC)cc(COC)cc3OC)cccc2c1N(CC1CCOCC1)CC1CC1
D10587,CN(c1ncnc2[nH]ccc12)[C@H]1C[C@@H](CS(=O)(=O)N2CCCC2)C1
D10588,Cc1c(-c2[nH]c3ccc(C4CCN(CCC#N)CC4)cc3c2C(C)C)cn2ncnc2c1C
D10589,O=C([O-])c1cccc(Cc2cc(Cl)ccc2OCc2ccc(Cl)cc2F)n1
D10590,COc1cc(N2Cc3ccc(Sc4ccc(F)cc4)nc3C2=O)ccc1OCCN1CCCC1
D10591,C[C@]1(CS(=O)(=O)N2CCC(Oc3ccc(C(F)(F)F)cc3)CC2)NC(=O)NC1=O
D10592,NC1=N[C@](c2cc(NC(=O)c3nn(C(F)F)cc3Cl)ccc2Cl)(C(F)F)[C@@H]2C[C@@H]2O1
D10593,O=C(c1ccc(F)cc1)C1CCN(CC(=O)N(Cc2ccccn2)Cc2nc3c(c(=O)[nH]2)COCC3)CC1
D10594,N#Cc1cc(F)ccc1-c1ccc(CSc2nnc(-c3ccc4c(c3)OCO4)o2)cc1
D10595,Cc1cccc(C)c1N1C(=O)c2ccc(O)cc2C1=O
D10596,Cc1nc(NC(=O)C(C)(C)CC(F)(F)F)sc1-c1ccc(N)nc1
D10597,O=C(CCSc1nc2ccccc2c(=O)[nH]1)N[C@H]1CC[C@H](c2nnc(-c3ccncc3)o2)CC1
D10598,CC(C)(OCc1cc(-c2cccc(OC3CC3)c2)n(-c2ccccc2N2CCC2)n1)C(=O)O
D10599,O=C1Nc2ccccc2C2(CCN(C(=O)N[C@H](Cc3csc4ccccc34)C(=O)N3CCC(N4CCCCC4)CC3)CC2)N1
D10600,CCCOc1ccc(CNC=C2C(=O)NC(=O)c3ccc(I)cc32)[nH]c1=O
D10601,CCc1nc2ccc(-c3ccccc3Cl)c(CN)c2n1C
D10602,CC[C@H](C)[C@H](NC(=O)C[C@H](O)[C@H](CC(C)C)NC(=O)[C@H](Cc1c[nH]cn1)NC(=O)[C@H](Cc1ccccc1)NC(=O)[C@@H]1CCCN1C(=O)[C@H](Cc1c[nH]cn1)NC(=O)[C@@H]1CCCN1)C(=O)N[C@@H](Cc1c[nH]cn1)C(=O)N[C@@H](CCCCN)C(=O)O
D10603,Cc1ccc(Cn2sc(=O)n(Cc3ccccc3)c2=O)cc1
D10604,Cc1c(Nc2ncnc(-c3ccc(O[C@H]4CCN(C(=O)[C@@H](O)CO)C[C@H]4F)c(C#N)c3)n2)cnn1C
D10605,C[C@H](O)C(=O)N1CC[C@H](Oc2ccc(-c3ncnc(Nc4ccc([C@H]5CCCN5C5COC5)cc4)n3)cc2C#N)[C@H](F)C1
D10606,N#Cc1cc(-c2ncnc(Nc3ccc(N4CCN(C5COC5)CC4)cc3)n2)ccc1O[C@H]1CCN(C(=O)C2CCC(=O)N2)CC1(F)F
D10607,Cc1cc(OCc2ccc(F)cc2F)c(Br)c(=O)n1Cc1ccc(CNC(=O)CO)cc1
D10608,O=C(N[C@H]1C2CC3CC1C[C@](O)(C3)C2)c1cnc(NC2CCOCC2)nc1C1CCC1
D10609,NC(=O)c1cnc2ccc(-c3c(-c4ccc(F)cc4)ncn3C[C@H](O)CO)cn12
D10610,O=C(O)c1ccccc1Nc1ccc(S(F)(F)(F)(F)F)cc1
D10611,COc1ccc2c(c1)c(CC(=O)NC[C@@H](O)c1ccccc1)c(C)n2C(=O)c1ccc(Cl)cc1
D10612,Cc1oc([C@@H](Cc2cn(C)c3ccccc23)NC(=O)[C@H](CC(C)C)OC(=O)NC2CCCCC2)nc1C(=O)O
D10613,NC1=N[C@](CF)(c2cc(NC(=O)c3ncc(C(F)(F)F)cc3Cl)ccc2F)C[C@@H](C(F)(F)F)O1
D10614,COc1cnc2c(Nc3ccc(F)c([C@]4(CF)C[C@@H](C(F)(F)F)OC(N)=N4)c3)ncnc2c1
D10615,CC(=O)NCCc1ccccc1-c1onc([C@H]2CNCC[C@]2(C(N)=O)c2ccc(F)c(F)c2)c1Br
D10616,O=C(O)c1ccc(-c2ccc(Cl)cc2)o1
D10617,C[C@H](c1ccccc1)N1C(=O)O[C@](Cc2ccccc2)(c2nnc(C3(c4ccccc4)CC3)o2)C1=O
D10618,CC(C)c1cc(C(=O)N2CCc3sccc3C2)c(O)cc1O
D10619,O=C(CN1C(C(=O)c2ccccc2)=C(O)c2ccccc2S1(=O)=O)c1ccccc1
D10620,CC(Nc1ccc(F)cc1)c1cc(C(=O)N(C)C)cc2c(=O)cc(N3CCOCC3)oc12
D10621,Cn1cc(Cc2cn(CC(=O)N(CCO)Cc3ccc(-c4ccc(Cl)cc4)cc3)c(SCc3ccc(F)cc3)nc2=O)cn1
D10622,Cn1cnc(-c2ccc(F)c(F)c2)c1-c1ccc2cn[nH]c2c1
D10623,COCc1cc(-c2[nH]c3ccc(C4CCN(CC(=O)N(C)CC(C)(C)O)CC4)cc3c2C(C)C)cn2ncnc12
D10624,CC(C)NC(=O)c1ccc(Nc2ncnc(-c3ccc(O[C@@H]4CCNC4)c(C#N)c3)n2)cc1
D10625,CC1(C)NC(=O)N(CC(COc2ccc(-c3ccc(C#N)cc3)cc2)N(O)C=O)C1=O
D10626,CS(=O)(=O)c1ccc([C@@H](CCNC(=O)c2ccc(C#N)cc2)c2ccc(F)cc2)cc1
D10627,CN1CCC(O)(c2nc(-c3ccncc3)c(-c3ccc(F)cc3)[nH]2)CC1
D10628,CC(C)(O)c1cncc(-c2nc3ccc(F)cc3n2C2CC2)c1
D10629,CS(=O)(=O)c1ccc(-c2cc(C(=O)O)c3ccc4ccccc4c3n2)cc1
D10630,Cc1ccc(S(=O)(=O)N(C)c2ccccc2N(C)S(=O)(=O)c2ccc(C)cc2)cc1
D10631,COc1cc(-c2cc(C)cc(Cl)c2)ccc1-c1nccc2cc(S(=O)(=O)Nc3ccncn3)ccc12
D10632,CS(=O)(=O)c1ccc(C2=C(Oc3cc(F)cc(F)c3)C(=O)CC2)cc1
D10633,Cc1[nH]c2cc(S(C)(=O)=O)ccc2c1Sc1ccc(F)cc1
D10634,CCCCCCCCCCCCOc1cc(O)c2c(c1)C1=CC(=O)C(=O)CC1(C)OC2=O
D10635,COC(=O)[C@@H]1C[C@@H](OC(=O)/C=C/c2ccccc2)CN1S(=O)(=O)c1ccc(C)cc1
D10636,Nc1ncc(-c2cnc3[nH]cc(-c4ccc5[nH]ccc5c4)c3c2)cn1
D10637,CN1CCC(COCc2cncc(Br)c2)(c2ccccc2)CC1
D10638,C#CCOc1cnc(/C(F)=C/c2ccc(F)c([C@@]3(C)N=C(N)S[C@@]4(C(=O)N5[C@H]6COC[C@@H]5COC6)C[C@H]43)c2)cn1
D10639,CN1C(=O)C(c2ccncc2)(c2cccc(-c3cc(F)cc(F)c3)c2)N=C1N
D10640,CN(C)C(=O)[C@]12C[C@H]1[C@@](C)(c1cc(/C=C(\F)c3cnc(OCC4COC4)cn3)ccc1F)N=C(N)S2
D10641,C[C@@H](N)C(=O)N1CC[C@H](Oc2ccc(-c3ncnc(Nc4ccc(N5CCN(C6COC6)CC5)cc4)n3)cc2C#N)[C@H](F)C1
D10642,CCc1ccc(C(=O)N[C@@H](Cc2ccccc2)C(=O)N[C@@H](C)C(=O)N[C@@H](CC(C)C)C(=O)N[C@@H](CCCCN(CC)CC)C(=O)N[C@@H](CO)C(=O)OC)cc1
D10643,[NH3+][C@H]1Cn2c(nc3c(F)cc(F)cc32)C[C@@H]1c1cc(F)c(F)cc1F
D10644,CCc1csc(Sc2cc3c(cc2NS(C)(=O)=O)COC3=O)n1
D10645,Cc1cc2nc3c(cn2n1)CN([C@@H]1CC[C@H](c2cc(F)ccc2F)[C@@H](N)C1)C3
D10646,CC(C)[C@H](NC(=O)OCc1ccccc1)C(=O)NC(C=O)Cc1ccccc1
D10647,Cc1c(Nc2c(C#N)cnc3sc(-c4ccccc4CN(C)C)cc23)ccc2[nH]ccc12
D10648,C[C@@H](O)C(=O)N1CC[C@H](Oc2ccc(-c3ncnc(Nc4ccc(N5CCN(C6COC6)CC5)cc4)n3)cc2C#N)[C@H](F)C1
D10649,CNC(=O)Cn1nc2c(c1C(C)C)C(c1ccc(Cl)cc1C)N(c1cccc(Cl)c1F)C2=O
D10650,CC(C)(C)c1ccc(-n2c(C(=O)O)c(Oc3cccc(C(F)(F)F)c3)c3ccccc32)cc1
D10651,C#CCN(C)C1CCc2c(OC(=O)N(C)CC)cccc21
D10652,CCN(CC)C(=O)c1ccc(C(=C2CCNCC2)c2ccccn2)cc1
D10653,COc1cnc(CCc2ccc(F)cc2)nc1-c1cc2c([nH]1)CCNC2=O
D10654,CCN(C)C(=O)c1ccc(C(=C2CCN(Cc3ccc(F)cc3)CC2)c2ccccc2NC(C)=O)cc1
D10655,C[C@@H]1C[C@H]1C(=O)Nc1snc(-c2ccc3n[nH]cc3c2)c1-c1cccc(N(C)C)n1
D10656,CCCc1cc(OC)c(OC)cc1O
D10657,CC(/C=C/C(=O)NO)=C\[C@@H](C)[C@H]1CC[C@H]2/C(=C/C=C3/C[C@H](O)C[C@H](O)C3)CCC[C@@]21C
D10658,N[C@@H](CC(=O)N1CCC[C@H]1CNC(=O)C1CCC1)Cc1cc(F)c(F)cc1F
D10659,CCc1nnc2ccc(N3CC[C@H](c4cc(F)c(F)cc4F)[C@@H]([NH3+])C3)nn12
D10660,CCC(=O)N1CCc2cc(-c3cncc4ccccc34)ccc21
D10661,CN[C@H](C(=O)N[C@@H]1C(=O)N(Cc2c(OC)ccc3cc(Br)ccc23)c2ccc(C)cc2O[C@H]1C)[C@H](C)O
D10662,Cc1cnc(C(=O)Nc2ccc(F)c([C@]3(C)CS(=O)(=O)C(C)(C)C(N)=N3)c2)cn1
D10663,O=C(O)Cc1cc(I)c(Oc2ccc(O)c(I)c2)c(I)c1
D10664,CCCN1CCCC12COc1cccc(OC)c1C2
D10665,COCCc1ccc(Oc2ccc(-c3ccc(C(C)NC(C)=O)cc3)cc2)cc1
D10666,Cc1c(-c2ccc(C(C)(F)F)cc2)nsc1NC(=O)[C@@H]1C[C@H]1C
D10667,N#Cc1cc(-c2ncnc(Nc3ccc(N4CCN(C5COC5)CC4)cc3)n2)ccc1O[C@@H]1CCN(C(=O)CO)C[C@@H]1F
D10668,CCCCc1nn(-c2ccccc2)c(C(=O)OCC)c1Cc1ccc(-c2ccccc2-c2nnn[nH]2)cc1
D10669,CCCN1C(=O)[C@H](CS)NC(=O)[C@@H]1Cc1ccc([N+](=O)[O-])cc1
D10670,CC(C)(C)C(=O)Oc1ccc(S(=O)(=O)Nc2ccccc2C(=O)NCC(=O)O)cc1
D10671,O=C(O)c1ccc2oc(Cn3ccnc3)c(Cl)c2c1
D10672,CS(=O)(=O)Nc1ccc(-c2coc3cc(C#CC4CC4)ccc3c2=O)cc1
D10673,COc1cc(Nc2ncnc(-c3ccc(OC4CCOCC4)c(C#N)c3)n2)ccc1C(N)=O
D10674,CC(Oc1ccc2ncc(/C=C/C(=O)O)cc2c1)c1c(Cl)ccc(F)c1Cl
D10675,CCOc1ccc(C(=O)NO)cc1-c1nc2c(CC)nn(C)c2c(=O)[nH]1
D10676,CCCC(=O)OCC[N+](C)(C)C
D10677,NC1CCC(N[C@H]2C[C@@H]2c2ccc(OCc3cccc(N4CCNCC4)c3)cc2)CC1
D10678,CNC(=O)c1ccc(-c2cc(F)c(Nc3nn(C4CCOCC4)c4c3CN(C(=O)NC)CC4)cc2C(F)F)cn1
D10679,COc1cc(N2CCN(C)CC2)ccc1Nc1nccc(-c2cn(C)c3c(C)nccc23)n1
D10680,O=C(Cc1nc(N2CCOCC2)cc(=O)[nH]1)N1CCc2c(F)cccc21
D10681,Cc1n[nH]c(C(=O)N2CC[C@H](Oc3ccc(-c4ncnc(Nc5ccc(N6CCN(C7COC7)CC6)cc5)n4)cc3C#N)C(F)(F)C2)n1
D10682,CC[C@H](C)[C@H](NC(=O)OCc1ccccc1)C(=O)N[C@@H](CCC(=O)NCC(C)(C)C)C(=O)N[C@@H](C)C(=O)N[C@H](C=CS(C)(=O)=O)CC(C)C
D10683,CN[C@@H](C)C(=O)N[C@H]1CN(C(=O)c2ccc(C#N)cc2)c2ccccc2N(Cc2c(C)ccc3ccccc23)C1=O
D10684,CC1CCCC(C)N1CCCCCN1C(=O)C(c2cccc(C(=N)N)c2)Oc2ccccc21
D10685,Cc1n[nH]cc1-c1ccc(CC(C#N)NC(=O)[C@H]2N[C@@H]3CC[C@H]2C3)c(F)c1
D10686,Cc1ccc(C2C[C@H]3CCC([C@H]2C(=O)Oc2ccccc2)N3C)cc1
D10687,CN(C)C(=O)c1cc2cnc(Nc3ccc(N4CC5(CCCNC5)OC4=O)cn3)nc2n1C1CCCC1
D10688,CN(CCCCc1ccccc1)C(=O)n1nnnc1Cc1ccc(-c2ccccc2)cc1
D10689,N#Cc1cc(-c2ncnc(Nc3ccc(N4CCOC(CO)C4)cc3)n2)ccc1OC1CCOCC1
D10690,O=c1[nH]c(Oc2cnn(CC3CCCCC3)c2)nc2cnccc12
D10691,CN1CCC(COCc2cc(C(F)(F)F)cc(Cl)n2)(c2ccccc2F)CC1
D10692,N#Cc1cc(-c2ncnc(Nc3ccc(N4CCN(C5COC5)CC4)cc3)n2)ccc1N1CCC2(C1)OCCO2
D10693,O=C(NCCN1CCC(n2c(=O)[nH]c3ccccc32)CC1)c1ccc2ccccc2c1
D10694,COc1ccc(C(=O)/C=C/c2ccccc2Cl)cc1
D10695,CNC(=O)c1cn(C)c2c1C(=O)N(c1cc(C)c3nnc(C)n3c1)C2c1ccc(Cl)cc1
D10696,O=C1NCc2cccc(-c3cc4cc(OCCCN5CCCCC5)ccc4[nH]3)c21
D10697,CCCCCCCOCCCCCN1C[C@H](O)[C@@H](O)[C@H](O)[C@H]1CO
D10698,N#C[C@H]1CCOC[C@@H]1n1cc(C(N)=O)c(Nc2ccc(Cl)cc2)n1
D10699,CCCCC(CC(=O)NO)S(=O)c1ccccc1
D10700,CCN1C(=O)CN(CCNC(=O)c2cc3c(C)nn(C4CCCCC4)c3s2)C1=O
D10701,N#Cc1cc(-c2ncnc(Nc3ccc(N4CCN(C5COC5)CC4)cc3)n2)ccc1O[C@H]1CCN(C(=O)Cn2cnnc2)C[C@H]1F
D10702,Cc1ccc2nc(Nc3c(C#N)cnc4cc(OCCCN5CCCCC5)c(C)cc34)sc2c1
D10703,CC(C)C(=O)n1nc(-c2cccnc2)nc1NCc1ccc(F)cc1
D10704,Brc1cccc(-c2c[nH]nn2)c1
D10705,COc1cnc2c(Nc3ccc(F)c([C@]4(C)CS(=O)(=O)[C@@](C)(F)C(N)=N4)c3)nccc2n1
D10706,COc1ccc2[nH]c(C(=O)c3cc4ccc(Cl)cc4[nH]3)cc2c1
D10707,C[C@@H](NC(=O)c1nc(N2CCC(F)(F)CC2)c2cnccn12)C(C)(C)C
D10708,CCCCC(=O)NC1(C(=O)N[C@H](Cc2ccccc2)C(=O)N[C@@H](CCCNC(=N)N)C(=O)N[C@@H](Cc2c[nH]c3ccccc23)C(=O)NCC(N)=O)CCc2c(cccc2N(C)C)C1
D10709,C=CCN1CCN(C(c2ccc(C(=O)N(CC)CC)cc2)c2cccc(OC)c2)CC1
D10710,NC1=N[C@](CF)(c2cc(Nc3nccc4cc(C#CC5CC5)cnc34)ccc2F)C[C@@H](C(F)(F)F)O1
D10711,NC1=N[C@](CF)(c2cc(NC(=O)c3nn(C(F)F)cc3Cl)ccc2F)C[C@@H](C(F)(F)F)O1
D10712,COc1ccc2c(c1)c(CCCC(=O)O)c(C)n2Cc1ccc(Br)cc1
D10713,Cc1cccc(C)c1N1C(=O)c2cccc(N)c2C1=O
D10714,CC(C)C[C@H](NC(=O)[C@H](CCCNC(=N)N)NC(=O)OCc1ccccc1)C(=O)N[C@@H](CC(C)C)[C@@H](O)CC(=O)NC1CCCCC1.O=C(O)C(F)(F)F
D10715,Cc1ccc(-c2c(CC(=O)N3CCC[C@H]3C(N)=O)c(C)nc(CC(C)C)c2CN)cc1
D10716,N#C/C(=C\c1ccc(O)c(O)c1)C(=O)c1ccc(F)cc1
D10717,C=Cc1cc(O)cc2c1-c1ccc(O)c(C)c1CC2
D10718,Cc1ccc(-c2c(-c3ccc(S(N)(=O)=O)cc3)ccc(F)c2F)cc1Cl
D10719,COc1ccc(Nc2c(-c3ccc4nccnc4c3)c(C)nn2-c2ccccc2C)c(C(=O)O)c1
D10720,Cc1[nH]c2nc(N)[nH]c(=O)c2c1Sc1ccc(C(=O)N[C@@H](CCC(=O)O)C(=O)O)c(Cl)c1
D10721,CCc1nn(C2CC2)c2c1C(c1ccc(Cl)cc1)N(c1cc(C)c3nnc(C)n3c1)C2=O
D10722,NC(=O)n1nc(NCC(=O)NC2CN([C@H]3CC[C@@H](c4nccs4)CC3)C2)c2cc(C(F)(F)F)ccc21
D10723,CN[C@@H](C)C(=O)N[C@H]1CN(C(=O)c2ccno2)c2ccccc2N(Cc2c(OC)ccc3cc(Br)ccc23)C1=O
D10724,O=C(O)CCCOc1cccc(CCCCCCOc2cc(-c3ccsc3)cc(-c3ccc4c(c3)OCO4)c2)c1CCC(=O)O
D10725,COc1ccc(C#CC(C)(C)O)cc1-c1[nH]nc2nc(Nc3ccc(F)cc3F)cnc12
D10726,NC1=N[C@](CF)(c2cc(NC(=O)c3cnc(OCC(F)(F)F)cn3)cc(Cl)c2F)[C@H]2C[C@H]2O1
D10727,Cc1ccc(S(=O)(=O)Nc2ccccc2)cc1
D10728,COc1ccc(N2CCN(CCCCNC(=O)Cn3c(=O)c4cccn4c4c(C)ccnc43)CC2)cc1
D10729,CCCS(=O)(=O)N1CCC(c2ccccn2)([C@H](C)NC(=O)c2ccccc2OC(F)(F)F)CC1
D10730,NC1=N[C@](CF)(c2cc(NC(=O)c3ccc(Br)cn3)cc(F)c2F)[C@H]2C[C@H]2O1
D10731,O=C(O)C[C@H]1CC[C@H](c2ccc(-c3ccc4c(ccn4C(=O)Nc4ccccc4)c3)cc2)CC1
D10732,CC(C)(CC(=O)N1CCc2cc(F)ccc2C1)NCC(=O)N1CCC[C@H]1C#N
D10733,COc1nn(C)cc1Nc1ncc(C)c(-c2c[nH]c3c(NC(=O)[C@@H](C)N4CCN(CCO)CC4)cccc23)n1
D10734,CN1C(=O)C(=O)c2cc(S(=O)(=O)N3CCC[C@H]3COc3ccccc3)ccc21
D10735,CN[C@@H](C)C(=O)N[C@H]1COc2ccccc2N(Cc2c(OC)ccc3cc(C(=O)O)ccc23)C1=O
D10736,O=C(O)Cn1nnc(-c2cc(-c3cn(Cc4cc(Br)c(Br)c(Br)c4)nn3)no2)n1
D10737,Cc1c(OCCNCCCF)ccc(F)c1[C@@H]1c2[nH]c3ccccc3c2C[C@@H](C)N1C[C@H](C)C(=O)O
D10738,Cc1cc(C#N)cnc1C(=O)Nc1cc(F)c(F)c([C@]2(CF)C[C@@H](C(F)(F)F)OC(N)=N2)c1
D10739,COc1ccc(C(=O)NCc2cccc(C(=O)Nc3ccc(CN(C)C)cc3)c2)cc1C
D10740,Cc1nc(-c2nnc3n2CCN(C(=O)c2ccc(-c4cccs4)cc2)[C@@H]3C)co1
D10741,C[C@@H](O[C@H]1CN2C(=O)[C@H]3C[C@@H](N)C[C@H]3[C@H]2[C@@H]1c1ccc(F)cc1)c1cc(C(F)(F)F)cc(C(F)(F)F)c1
D10742,CN(C)CCCNC(=O)c1ccc(-c2cc(Cl)c3c(c2)C2(CCCCC2)NC(=O)N3)cc1
D10743,COc1cc(-c2cccc(F)c2)c(Cl)cc1-c1nccc2cc(S(=O)(=O)Nc3ncon3)ccc12
D10744,COc1ccc(-c2ccc(S(=O)(=O)N[C@@H](C(=O)O)C3CCC4(CC3)OCCCO4)cc2)cc1
D10745,COc1cc(Cc2cnc(N)nc2N)cc(OC)c1OCc1ccccc1
D10746,O=C(O)c1cccc(/C=C/c2ccc3cc(Br)c(C(F)(F)P(=O)(O)O)cc3n2)c1
D10747,C[C@@H](Oc1cccc2ncnc(Nc3ccc4c(cnn4Cc4ccccn4)c3)c12)C(=O)N(C)C
D10748,Cc1cc(Nc2ccc(C(F)(F)F)cc2)n2nc(C(C)(F)F)nc2n1
D10749,CCCCCOCCCCCN1C[C@H](O)[C@@H](O)[C@H](O)[C@H]1CO
D10750,N#Cc1ccc(NCC[C@H](N)C(=O)N2CCCCC2)nc1
D10751,CC(C)C[C@H](O)[C@H](O)[C@H](CC1CCCCC1)NC(=O)[C@H](Cc1csc(N)n1)NC(=O)[C@H](Cc1ccccc1)NS(=O)(=O)N1CCOCC1
D10752,O=c1[nH]c(=O)n([C@H]2C[C@H](n3cc(-c4ccc(Cl)cc4)nn3)[C@@H](CO)O2)cc1C=CBr
D10753,C[C@H]1COC[C@@H](C)N1C(=O)[C@]12C[C@H]1[C@@](C)(c1cc(/C=C(\F)c3ccc(C#N)cn3)ccc1F)N=C(N)S2
D10754,COc1cc(-c2cccc(F)c2)c(Cl)cc1-n1c(=O)ccc2cc(S(=O)(=O)Nc3cccnn3)ccc21
D10755,O=C(N1CCOCC1)N1CCN(c2ccc(Cl)cc2Cl)CC1
D10756,O=C(NO)c1ccc(Cn2c3ccccc3c3ccccc32)cc1
D10757,C[C@H](O)C(=O)N1CC[C@H](Oc2c(F)cc(-c3ncnc(Nc4ccc(N5CCN(C6COC6)CC5)cc4)n3)cc2C#N)[C@H](F)C1
D10758,COc1ccccc1C(=O)Nc1cccc(NC(=O)c2cccc(C)c2)c1
D10759,CCCCCc1ccc2c(c1)[nH]c(=O)c1[nH]c(-c3ccccc3Cl)nc12
D10760,[NH3+][C@H]1CN(c2ccc3ncnc(C4CC4)c3n2)CC[C@@H]1c1cc(F)c(F)cc1F
D10761,CN(C)CCNC(=O)c1cccc(-c2cc(Cl)c3c(c2)C2(CCCCC2)NC(=O)N3)c1
D10762,COc1ccc(C(=O)Nc2nc3c(s2)Cc2cc(OC)ccc2-3)cc1
D10763,Nc1nnc2c3cc(-c4ccccc4)c(-c4ccc(CN5CCC(c6nnc(-c7ccccn7)[nH]6)CC5)cc4)nc3ccn12
D10764,Cc1cc(Cl)cnc1C(=O)Nc1ccc(F)c([C@@]2(CF)N=C(N)O[C@@H]3C[C@@H]32)c1
D10765,C[C@@H]1CN(C(=O)c2nc(Nc3cc(C4CC4)[nH]n3)c3cc(Cl)ccc3n2)CCN1
D10766,CN(C)CCC(NC(=O)C1(N)CCN(c2ncnc3[nH]ccc23)CC1)c1ccc(Cl)cc1
D10767,NC(=O)[C@]12CC3CC(C1)[C@@H](N1CCC(Cc4ccccc4)C1=O)C(C3)C2
D10768,CNC(=O)CN1CCC(c2ccc3[nH]c(-c4cn5ncnc5cc4C)c(C(C)C)c3c2)CC1
D10769,CCCS(=O)(=O)N1CCN(C2(CNC(=O)c3c(N)cccc3Cl)CCCCC2)CC1
D10770,N[C@@H](CC(=O)N1[C@H](COC(=O)C2CC2)C[C@@H]2CCCC[C@@H]21)Cc1cc(F)c(F)cc1F
D10771,N#Cc1cnc2ccc(-c3c(-c4ccc(F)c(Cl)c4)ncn3CCN3CCOCC3)cn12
D10772,O=C(O)C[C@@H](NC(=O)c1cc(-c2ccc(-c3ccncc3)cc2)cs1)c1ccccc1
D10773,CCCCN(CCCC)C(=O)CN1C[C@H](c2ccc3c(c2)OCO3)[C@@H](C(=O)O)[C@@H]1CCc1ccccn1
D10774,O=C(CCc1[nH]nc2c1CCc1cc(O)ccc1-2)Nc1ccccc1C(=O)O
D10775,CC(N=Nc1nc2ccccc2nc1Cc1ccccc1)c1ccccc1
D10776,C[C@@H](c1ccc(-c2cn(C)c(=O)c(Cl)c2F)cc1)[C@H]([NH3+])C(=O)N1CC[C@H](F)C1
D10777,O=C(c1nc2cccnn2c1-c1ccc2ncoc2c1)N1CCC1
D10778,CS(=O)(=O)c1ccc(-c2cc(C(F)(F)F)nc(Nc3ccccc3)n2)cc1
D10779,CCc1nc2cc(CN3CCC(NC(=O)c4cc(=O)c5ccc(F)cc5o4)CC3)ccc2o1
D10780,C[C@@]1(c2cc(Nc3ncnc4cc(C#N)cnc34)ccc2F)CS(=O)(=O)[C@@](C)(F)C(N)=N1
D10781,CCCCN(c1cccc(-c2ccc(Cl)cc2)c1OC)S(=O)(=O)c1ccc(OC(C)C(=O)O)c(C)c1C
D10782,COC(=O)CCC1(c2ccc(Cl)cc2)c2c(nn(-c3ccccc3OC)c2C(C)C)C(=O)N1c1ccc(F)c(Cl)c1
D10783,CO/N=C(/C(=O)NCP(=O)(O)Oc1ccc(C#N)c(F)c1)c1ccc(Cl)s1
D10784,CC(N=Nc1nc2ccccc2nc1Cc1ccccc1)c1cccs1
D10785,CN[C@H](CNC(=O)N1CCC[C@@H]([C@@H](OCCNC(=O)OC)c2cccc(Cl)c2)C1)C[C@H]1CCCOC1
D10786,CC(C)(CO)NCC(=O)N1C[C@@H](F)C[C@H]1C(=O)c1noc(C(C)(C)C)n1
D10787,CC(=O)N1CCc2c(c(Nc3ccc(-c4cn[nH]c4)cc3)nn2C)C1
D10788,CN(O)C(=O)[C@@]1(C)CC[C@]2(C)CC[C@]3(C)C(=CC(=O)[C@@H]4[C@@]5(C)CCC(=O)NC(C)(C)[C@@H]5CC[C@]43C)[C@@H]2C1
D10789,COc1ccc(NC(=O)c2sccc2S(=O)(=O)Nc2onc(C)c2Br)cc1
D10790,Cc1cc(Nc2ncnc(-c3ccc(O[C@H]4CCN(C=O)CC4(F)F)c(C#N)c3)n2)ccc1C1CCNCC1
D10791,CCC(=O)N(CC1CCCCN1Cc1ccc2c(c1)CCC[C@H]2N)c1ccc(F)c(F)c1.O=C(O)C(F)(F)F
D10792,COC(=O)c1c(C(=O)N2CCN(CCO)CC2)cc2cc(OC)ccc2c1-c1cc(Br)c(OC)c(OC)c1
D10793,CS(=O)(=O)N(Cc1ccc2ccccc2c1)[C@@H]1CCNC1
D10794,OCC1C(O)C(O)C(O)c2nc(CCCc3ccc(C4CCCCC4)cc3)cn21
D10795,COc1cc(Nc2ncc(F)c(Nc3ccc4c(n3)N(COP(=O)(O)O)C(=O)C(C)(C)O4)n2)cc(OC)c1OC
D10796,CN[C@@H](C)C(=O)N[C@H]1CN(C(=O)c2ccc(C(=O)N3C[C@H](NC(=O)[C@H](C)NC)C(=O)N(Cc4nn(-c5ccccc5C#N)c5ccccc45)c4ccccc43)cc2)c2ccccc2N(Cc2nn(-c3ccccc3C#N)c3ccccc23)C1=O
D10797,O=C(O)Cn1cc(Cc2nc3c(F)cccc3s2)c2ccccc21
D10798,Cc1ccc(-n2sc(=O)n(Cc3ccc(F)cc3)c2=O)cc1
D10799,CC[C@H](Nc1nc(N)nc(N)c1C#N)c1nc2cccc(C#CCCCC(=O)N3CCCC3)c2c(=O)n1-c1ccccc1
D10800,CN(c1ccc(S(=O)(=O)Nc2ncns2)cc1Cl)[C@H]1CCN(Cc2ccccc2)C1
D10801,N[C@@H](CCNCc1cccc2ccccc12)C(=O)N1CCCCC1
D10802,Cc1noc(NS(=O)(=O)c2ccsc2C(=O)Nc2cc3c(cc2CCO)OCO3)c1Cl
D10803,Cc1nsc(-c2nnc3n2CCN(C(=O)c2cc(F)c(F)c(F)c2)[C@@H]3C)n1
D10804,Cc1nc(C(=O)Nc2ccc3c(c2)C2(CCOC(N)=N2)c2cc(C4=CCCOC4)nc(F)c2O3)cs1
D10805,COc1cc(-c2ccc(F)c(C)c2)ccc1-c1nccc2cc(S(=O)(=O)Nc3ccncn3)ccc12
D10806,Cc1ccc(-c2cccc(CO)c2)nc1C(=O)Nc1c(C)ccc(C(=O)O)c1C
D10807,Cn1cnc2cc(C(N)=O)c(-c3ccccc3Cl)c(CN)c21
D10808,CCCCCCc1ccc(CCCCCCC(=O)c2ncc(-c3ccccn3)o2)cc1
D10809,[NH3+][C@H]1C[n+]2c([nH]c3cnc(C(F)(F)F)cc32)C[C@@H]1c1cc(F)c(F)cc1F
D10810,CCOC(=O)Nc1ccc2c(c1)Nc1ccccc1S2
D10811,NS(=O)(=O)c1ccc(-n2nc(C(F)(F)F)cc2-c2ccc(Br)cc2)cc1
D10812,CC1CCCN(S(=O)(=O)c2ccc(N3CCCC3=O)cc2)C1
D10813,COc1ncccc1-n1nc(C)c2c1C(=O)N(c1cc(C)c3nnc(C)n3c1)C2c1ccc(Cl)cc1F
D10814,CSc1ccccc1OC(C)(C)C1OCC(C/C=C\CCC(=O)O)C(c2cccnc2)O1
D10815,CN1C(=O)[C@H](CS)N(C(=O)[C@@H](N)Cc2ccc(O)cc2)C(=O)[C@@H](C(C)(C)S)NC(=O)[C@@H]1Cc1ccccc1
D10816,CN(Cc1ccccc1)C(=O)[C@H](Cc1ccccc1)NC(=O)[C@@H](Cc1cn(C)c2ccccc12)NC(=O)C[C@@H]1NC(=O)[C@@H]2C3CCC(CC3)N2C1=O
D10817,CCCc1cc(C=C2CCCCC2)ccc1OCCCOc1cccc(-c2sc(=O)[nH]c2O)c1
D10818,CC12CCCC(/C=C/C(=O)NS(=O)(=O)c3cc(F)c(F)cc3F)=C1N(Cc1cccc(Cl)c1Cl)C(=O)C2
D10819,COc1cc(-c2cn(C)c(=O)c3ccccc23)cc(OC)c1CN(C)C
D10820,N#Cc1cnc2sc(-c3ccccc3)cc2c1Nc1ccc2[nH]ccc2c1
D10821,CN[C@@H](C)C(=O)N[C@@H]1C(=O)N(Cc2nn(-c3ccccc3C#N)c3ccccc23)c2ccccc2N(C(=O)C2CCOCC2)[C@H]1C
D10822,COc1cc2c(cc1OC(C)C)C(c1ccc(Cl)cc1)N(C1CCC(C(C)(O)C3CCOCC3)CC1)C(=O)C2
D10823,CC(C)(C)NC(=O)C1CCC2C3CCC4NC(=O)C=CC4(C)C3CCC12C
D10824,NC1CCC(N[C@H]2C[C@@H]2c2ccc(-c3cccnc3)cc2)CC1
D10825,CN[C@@H](C)C(=O)N[C@H]1CN(C(=O)c2ccc(C(C)O)cc2)c2ccccc2N(Cc2c(OC)ccc3cc(Br)ccc23)C1=O
D10826,C[C@@H](c1ccc(-c2ccc(=O)n(CC3CC3)n2)cc1)N1CC[C@](CC(C)(C)O)(c2ccccc2)OC1=O
D10827,CCOC(=O)c1c(O)csc1Nc1ccc2c(c1)CCCC2
D10828,Cn1c(C(CS(=O)(=O)c2ccc(Oc3ccc(OC(F)(F)F)cc3)cc2)N(O)C=O)cc2ccccc21
D10829,CC(=O)N[C@@H](CC(=O)O)C(=O)N[C@@H](CCC(=O)O)C(=O)N[C@H](C(=O)N[C@H](C=O)CC(=O)O)C(C)C
D10830,CN/C=C(\C=N)c1cc2c(cc1C(F)F)N(c1cccc3c1N[C@H](C)CC(=O)N3)C[C@H](C)C2
D10831,COc1ccc(C2CC(c3ccccc3)=NN2C(C)=O)cc1OC
D10832,O=C(O)C1CCCNC1
D10833,COc1cccc([N+](C)(C)C)c1C
D10834,CC(=O)Nc1nccn1CCOc1ccc(NC(=O)Nc2cc(C(C)(C)C)nn2-c2ccc(C)cc2)c2ccccc12
D10835,Cc1ncc(Cn2c(=O)c3cc(S(=O)(=O)NC4(C)CC4)ccc3n(CC3CC3)c2=O)s1
D10836,Cc1oc([C@@H](Cc2cn(C)c3ccccc23)NC(=O)[C@H](CC(C)C)NC(=O)N(C)C2CCCCC2)nc1C(=O)O
D10837,C[C@@H](O)C(=O)N1CC[C@@H](Oc2ccc(-c3ncnc(Nc4ccc(N5CCN(C6COC6)CC5)cc4)n3)cc2C#N)C(F)(F)C1
D10838,Cc1ccnc2ccc(Cc3cnc(N)nc3N)cc12
D10839,Cc1nn(C2CC2)c2c1C(c1ccc(Cl)cc1)N(c1cc(C)c3nnc(C(F)F)n3n1)C2=O
D10840,O=C(OCCCc1ccc(O)cc1)c1cc(O)c(C(=O)c2c(O)cccc2C(=O)O)c(O)c1
D10841,CO[C@@H]1CCN(Cc2cc([C@]3(C)CCSC(N)=N3)c(F)cc2F)C1
D10842,CNC[C@@H](O)CCN1c2ccccc2N(c2c(F)cccc2F)S1(=O)=O
D10843,COC[C@@H]1CCCN1S(=O)(=O)c1ccc2c(c1)C(=O)C(=O)N2C
D10844,CC1CCCN(C(=O)[C@@H](N)CCNCc2ccc(Cl)cc2)C1
D10845,Cc1c(C(=O)Nc2ccc(Cl)c(Cl)c2)cccc1[N+](=O)[O-]
D10846,CC(=O)NCCc1ccccc1-c1onc([C@H]2CNCC[C@]2(OCC(O)CO)c2ccc(F)c(F)c2)c1Br
D10847,O=C(COc1cccc2[nH]cc(Cc3ccc4ccccc4c3)c12)NS(=O)(=O)c1cc(Cl)c(Cl)s1
D10848,C#CCN(CCCC1CCN(Cc2ccccc2)CC1)Cc1ccc2cccc(O)c2n1
D10849,Nc1nc(C[C@H](NC(=O)[C@H](Cc2ccccc2)NS(=O)(=O)N2CCOCC2)C(=O)N[C@@H](CC2CCCCC2)[C@@H](O)C(F)(F)C(=O)NCCN2CCOCC2)cs1
D10850,COc1ccc(CN(CCN(C)C)c2ccccn2)cc1
D10851,CN[C@@H](C)C(=O)N[C@@H]1C(=O)N(Cc2c(C)ccc3ccccc23)c2ccc(C#N)cc2N(C(=O)C2CCOCC2)[C@H]1C
D10852,O=C1Cc2ccccc2C(=O)N1
D10853,COc1cnc(C(=O)Nc2ccc(F)c(C3(C)N=C(N)OC4(CCC4)C3(F)F)c2)cn1
D10854,CN1C(=O)C(c2cccc(-c3cncnc3)c2)(c2csc(Cl)c2)N=C1N
D10855,Cc1nnc2n1-c1c(Cl)cc(-c3cnccc3C(F)(F)F)cc1CC2
D10856,CCOC[C@@H](CC(C)C)NC(=O)[C@@H]1CNC[C@H](C(=O)N(c2cc(OC)c(C(C)C)cn2)C2CC2)[C@@H]1O
D10857,Cc1c(N(C)[C@H]2CCN(Cc3ccccc3)C2)cc(F)c(S(=O)(=O)Nc2ccsn2)c1F
D10858,Cc1[nH]ncc1-c1cc(C(F)(F)F)ccc1Oc1ccc(S(=O)(=O)Nc2ncns2)cc1C#N
D10859,O=C(O)CCc1c(/C=C2\C(=O)Nc3ccccc32)[nH]c2c1CCCC2
D10860,O=C(Nc1ccc(-c2ccc(Cl)cc2Cl)cc1)C1=C(O)c2ccccc2S(=O)(=O)N1
D10861,COc1c(NC(=O)Nc2ccc(Oc3ccnc(Nc4ccccc4)c3)c3ccccc23)cc(C(C)(C)C)cc1C(=O)NC1COC1
D10862,NS(=O)(=O)c1ccc(CCNS(=O)(=O)c2ccc(F)cc2)cc1
D10863,C[C@@H](O[C@H]1CC[C@@H]2CN(C3=CC(=O)CC3)C[C@H]2[C@@H]1c1ccc(F)cc1)c1cc(C(F)(F)F)cc(C(F)(F)F)c1
D10864,C[C@@H](Oc1nc(-c2cnn(C(C)(C)C)c2)cc2nn(C)cc12)[C@H]1CNC(=O)C1
D10865,CC(c1ccccc1)N(O)C(=O)Cc1ccc(OCc2ccccc2)cc1
D10866,CC(C)[C@H](NS(=O)(=O)c1ccc(-c2cccc(F)c2)cc1)C(=O)O
D10867,COc1ccc2c(c1)C1C(CC2)C1c1ccncc1
D10868,COc1cc(-c2cccc(F)c2)c(Cl)cc1-c1ncnc2cc(S(=O)(=O)Nc3nncs3)ccc12
D10869,COc1ccc(C(=O)c2c(C)n(Cc3cccc(O[C@@H](C)C(=O)O)c3)c3nc(C)ccc23)cc1
D10870,CC(C)C[C@H](c1nc(-c2ccc(S(C)(=O)=O)cc2Cl)no1)[C@H]([NH3+])C(=O)N1CC[C@H](F)C1
D10871,O=S(=O)(Nc1cccc(F)n1)c1cc(Cl)c(NCC23CCCN2CCC3)cc1F
D10872,COC(=O)[C@@H]1C2CCC(C[C@H]1c1ccc(F)c(Cl)c1)S2=O
D10873,O=C(O)Cn1c2c(c3cc(F)cc(Cl)c31)CN(C(=O)c1cccc3ccccc13)CC2
D10874,N[C@@H](CCNCc1ccc(Cl)cc1)C(=O)N1CCCC(F)C1
D10875,CNc1cc(Nc2cnc(C#N)c(O[C@@H]3CCN(C)C3)n2)ncc1-c1cnn(C)c1
D10876,Cc1nnc(-c2c(C)csc2NC(=O)Cc2cccc3ncccc23)[nH]1
D10877,Cc1nsc(-c2nnc3n2CCN(C(=O)c2cccc(F)c2)[C@@H]3C)n1
D10878,COc1cc2c(Nc3ccc(Cl)c(Cl)c3)ncnc2cc1O[C@H]1CO[C@@H]2[C@@H](OC)CO[C@H]12
D10879,COc1ccc2c(c1)C(=CNCc1ccc(OC)c(O)c1)C(=O)NC2=O
D10880,Cc1c(OCCN(C)CCCF)ncc(F)c1[C@@H]1c2[nH]c3ccccc3c2C[C@@H](C)N1CCC(=O)O
D10881,CCc1ccccc1C(C(=O)Nc1ccc2[nH]nc(-c3cccc(S(N)(=O)=O)c3)c2c1)N(C)C
D10882,Cn1c(=O)c2c(cc(N3CCC[C@@](C)(N)C3)n2Cc2cc(F)ccc2Cl)n(CCCO)c1=O
D10883,COC[C@]12C[C@H]1[C@@](CF)(c1cc(/C=C(\F)c3ccc(Cl)cn3)ccc1F)N=C(N)S2
D10884,CN(C)c1ccccc1-n1nc(COC(C)(C)C(=O)O)cc1-c1cccc(OC2CC2)c1
D10885,COC1COCCC1N[C@@H]1C[C@H]2OCC[C@@]2(C(=O)N2CCc3ncc(C(F)(F)F)cc3C2)C1
D10886,c1ccc2c[n+](CCCCCCCCCCCC[n+]3ccc4ccccc4c3)ccc2c1
D10887,NC1=N[C@@](c2cc(NC(=O)c3coc(C(F)F)n3)ccc2F)(C(F)F)[C@H]2C[C@H]2O1
D10888,O=C1CN(c2ccc(Cl)c(Cl)c2)C(=O)N1S(=O)(=O)c1ccc(Cl)cc1
D10889,O=C1CCCN1c1ccc(S(=O)(=O)N2CCc3ccccc3C2)cc1
D10890,Cc1cc(C(=O)N[C@@H]2CC(C)(C)Oc3nc(-c4ccc(Cl)cc4Cl)c(-c4ccc(Cl)cc4)cc32)[nH]n1
D10891,CCC(CCNC)Oc1cc(Cl)ccc1C#N
D10892,CCN(CC)CCNC(=O)c1cc(C)c(/C=C2\C(=O)Nc3ncnc(Nc4ccc(F)c(Cl)c4)c32)[nH]1
D10893,CCc1sc2nc(N)[nH]c(=O)c2c1Sc1ccc([N+](=O)[O-])cc1
D10894,Fc1cc(OC(F)(F)C(F)F)cc([C@@](Cc2ccccc2)(Nc2nc(C(F)(F)F)c(Br)s2)c2ccc(Cl)cn2)c1
D10895,CC(C)CN(C(=O)c1cnc(C(C)(C)C)nc1NCc1ccco1)[C@H]1CCCNC1.Cl.Cl
D10896,C[C@@H](Oc1cc(-c2ccc3c(cnn3C)c2)cc2nn(C)cc12)[C@H]1CNC(=O)C1
D10897,Nc1ccccc1NC(=O)c1ccc(CNC2=N[C@H](c3ccccc3)[C@H](c3ccccc3)O2)cc1
D10898,CC1=C(C(=O)Nc2ccc3[nH]ncc3c2)C(c2ccc(F)c(C(=O)NCc3c(C)cccc3C)c2)NC(=O)N1
D10899,Cn1c(=O)ccc2ccc(CN3CCC(NC(=O)c4cc(=O)c5ccc(F)cc5o4)CC3)cc21
D10900,CC(C)[C@H](NC(=O)c1cccnc1)C(=O)N1CCC[C@H]1B(O)O
D10901,Cc1nc(C)c(-c2csc(Nc3ccc(C(=O)N4C5COCC4CC(=O)C5)cn3)n2)s1
D10902,CCN(CC)CCCNc1cc2nc(NC(=O)NC(C)(C)C)c(-c3cc(OC)cc(OC)c3)cc2cn1
D10903,Cc1cc(C#N)cnc1C(=O)Nc1cc(C)c(F)c([C@@]2(C(F)F)N=C(N)O[C@@H]3C[C@@H]32)c1
D10904,Cc1ccc(-n2nccn2)c(C(=O)N2CCOC[C@H]2Cc2ccc(C)c(-n3nccn3)c2)c1
D10905,CN[C@@H](C)C(=O)N[C@H]1CN(C(=O)c2ccc(C(C)=O)cc2)c2ccccc2N(Cc2c(OC)ccc3ccccc23)C1=O
D10906,COc1ccc(S(=O)(=O)N(CC(=O)NO)CC(C)C)cc1
D10907,N#Cc1ccc2cc3c(=O)[nH]c(=O)nc-3n(-c3cccc(-n4cnnn4)c3)c2c1
D10908,CC(=O)Nc1ccc(NC(=O)c2cc3c(C)nn(C4CCCCCC4)c3s2)cc1
D10909,C[C@@H]1CN(C(=O)c2ccccc2-n2nccn2)[C@H](Cc2cc(-n3nccn3)ccc2F)CO1
D10910,Cc1cc(Cl)ccc1C1c2c(nn(C3CCN(C)CC3)c2C(C)C)C(=O)N1c1cc(Cl)ccc1C
D10911,COc1ccc(CCC(=O)c2c(O)cc(O)c([C@@H]3O[C@H](CO)[C@@H](O)[C@H](O)[C@H]3O)c2O)cc1
D10912,Nc1ccc(-c2cc[nH]n2)cc1NC(=O)c1ccc(N2CCC3(CCNC3)CC2)nc1
D10913,Cc1ccc(O)cc1Nc1ccnc2cc(-c3csc(C=O)n3)ccc12
D10914,N[C@@H](CCNC(=O)c1ccccc1)C(=O)N1CCCCC1
D10915,O=C(c1ccccc1)c1nc2ccccc2n2c(-c3ccc([N+](=O)[O-])cc3)nnc12
D10916,O=C(/C=C/c1ccc(CNCCc2c[nH]c3ccccc23)cc1)NO
D10917,NC1=N[C@](CF)(c2cc(NC(=O)c3ncc(Cl)cc3Cl)ccc2F)[C@H]2C[C@H]2O1
D10918,Cc1nn(-c2cncc([C@@](C)(O)C(F)(F)F)c2)c2ccccc12
D10919,Cc1n[nH]c2nccc(-c3ccc(NC(=O)Nc4ccc5ccccc5c4)cc3)c12
D10920,COc1cc(-c2cccc(F)c2)c(F)cc1-n1c(=O)ccc2cc(S(=O)(=O)Nc3ccon3)ccc21
D10921,CN[C@@H](C)C(=O)N[C@@H]1C(=O)N(Cc2c(OC)ccc3cc(Br)ccc23)c2ccccc2OC12COC2
D10922,CC1(C)C(=O)N([C@H]2C3CC4CC2C[C@](C(=N)NO)(C4)C3)CC1COc1ccc(C(F)(F)F)cn1
D10923,CCCCCCCCNC1C=C(CO)C(O)C(O)C1O
D10924,COc1cc2c(cc1C(F)(F)F)N(C(=O)Nc1cc(F)cc(-c3cccnc3)c1)CC2
D10925,Cc1cc(OCc2ccc(F)cc2F)c(Br)c(=O)n1Cc1cccc(CN)c1
D10926,C(=Cc1nc2ccccc2o1)c1ccc2c(c1)OCO2
D10927,CN[C@@H](C)C(=O)N[C@H]1CN(C(=O)c2ccc(NC(C)=O)cc2)c2ccccc2N(Cc2c(OC)ccc3ccccc23)C1=O
D10928,O=C(O)c1ccnc(-n2nccc2-c2ccc(F)cc2)c1
D10929,CC(C)(C)c1ccc(-n2c(C(=O)O)c(Oc3cccc(C(F)(F)F)c3)c3ccc(Cl)cc32)cc1
D10930,CC[C@](C)(OCc1cc(-c2cccc(OC)c2)n(Cc2ccccc2Cl)n1)C(=O)O
D10931,N#C[C@@H]1C[C@H](F)CN1C(=O)CN[C@H]1[C@@H]2CN(c3ncccn3)C[C@@H]21
D10932,CCC1(C)NC(=O)N(CC(=O)Nc2sc3c(c2C(N)=O)CCC3)C1=O
D10933,N#Cc1ccc(N2CCC(Nc3c(C(N)=O)cnc4[nH]ccc34)CC2)nn1
D10934,CCCc1nc2c(C)ccnc2n1Cc1ccc(-c2ccncc2-c2nnn[nH]2)cc1
D10935,N[C@@H](CC(=O)N1CCC[C@H]1CNS(=O)(=O)C1CC1)Cc1cccc(Cl)c1
D10936,CC(=O)N1CC[C@@H](Oc2cncc(C3COc4c(cccc4C(N)=O)O3)c2)C1
D10937,CC(C)CNC(=O)c1ccc(-c2ccc(-c3ccc[nH]3)cc2C(=O)Nc2ccc(C(=N)N)cc2)c(C(=O)O)c1
D10938,Cc1cccc(C(=O)N[C@H](CO)C(=O)N[C@@H](C)C(=O)NC(Cc2ccc(N=C(N)N)cc2)P(=O)(Oc2ccccc2)Oc2ccccc2)c1
D10939,COc1nc(N2C[C@H]3C(=O)N(C)C(N)=N[C@@]3(c3c(F)cc(F)c(F)c3F)C2)nc(C)c1F
D10940,CC(C)[C@H](C(=O)O)N(CCNC(=O)c1cccc(C(=O)NCCN([C@@H](C(=O)O)C(C)C)S(=O)(=O)c2ccc(-c3ccccc3)cc2)c1)S(=O)(=O)c1ccc(-c2ccccc2)cc1
D10941,CC(C)(C)c1cc(Cc2cnc(N)nc2N)cc(C(C)(C)C)c1O
D10942,Cc1cc(C(=O)NCCO)ccc1-c1cc(C(F)(F)F)cc2[nH]ncc12
D10943,CC(=O)N1CCc2c(c(Nc3ccc(-c4cnn(C)c4)cc3C)nn2C2CCOC2)C1
D10944,CN1C(=O)[C@H](NC(=O)c2ccc(Cl)cc2)N=C(c2ccccc2)c2ccccc21
D10945,CSCC[C@@H](NC(=O)[C@H](CC(C)C)NC(=O)[C@@H]1CCCN1C(=O)[C@@H](NC(=O)[C@H](Cc1ccccc1)NC(=O)[C@H](CCC(N)=O)NC(=O)[C@H](CCC(N)=O)NC(=O)[C@@H]1CCCN1C(=O)[C@H](CCCCN)NC(=O)[C@@H]1CCCN1C(=O)[C@@H](N)CCCN=C(N)N)C1c2ccccc2-c2ccccc21)C(N)=O
D10946,Cc1c2c(n3c1CCCNC(=O)[C@H](C)Nc1cc-3ccc1C(N)=O)CC(C)(C)CC2=O
D10947,[C-]#[N+]c1ccc(C(=O)Nc2cc(F)c(F)c([C@]3(C)C[C@@H](C(F)(F)F)OC(N)=N3)c2)nc1
D10948,CN(C)C(=O)c1cc2cnc(Nc3ccc(C(=O)N4C[C@@H]5CC4CN5)cn3)nc2n1C1CCCC1
D10949,CNC(=O)NC(N)=NCCC[C@H](NC(=O)[C@@H](C)NC(C)=O)C(=O)N(C)[C@@H](Cc1ccccc1)C(=O)O
D10950,CCN(CC)CCN(Cc1ccc(-c2ccc(C(F)(F)F)cc2)cc1)C(=O)Cn1c(SCc2ccc(F)cc2)nc(=O)c2c1CCC2
D10951,N=C(N)c1ccc(CNC(=O)Cn2c(-c3cccc(N)c3)c(Cl)nc(NCCCO)c2=O)cc1
D10952,CNC(=O)C1C[C@@H](NC(=O)c2ccc(O)cc2)[C@H](OC(=O)c2cc(O)c(C(=O)c3c(O)cccc3C(=O)O)c(O)c2)C1
D10953,c1ccc(Oc2ccc(OCCN3CCCC3)cc2)cc1
D10954,COC(=O)N(NC(=O)c1c(OC)c(-c2ccccc2)nc2ccccc12)c1ccccc1
D10955,C#Cc1cnc(/C(F)=C/c2ccc(F)c([C@@]3(C)N=C(N)S[C@@]4(C(=O)N(C)C)C[C@H]43)c2)cn1
D10956,CS(=O)(=O)Nc1cccc(NC(=O)CN2CCN(C(=O)C[C@H](N)Cc3ccccc3F)C(Cc3ccccc3)C2)c1
D10957,Cc1cc2c(cc1CC(=O)c1sccc1S(=O)(=O)Nc1onc(C)c1Cl)OCO2
D10958,COCCCc1cc(CN(C(=O)[C@H]2CNCC[C@@H]2c2ccc(OCCOc3c(Cl)cc(C)cc3Cl)cc2)C2CC2)cc(OCC2(CC(=O)O)CC2)c1
D10959,O=C(O)c1ccc(-c2cnc(C(=O)CCCCCCc3ccccc3)o2)nc1
D10960,N#Cc1cnc2ccc(-c3c(-c4ccc(F)cc4)nc(N)n3CC(F)F)cn12
D10961,CNCCCC1c2ccccc2C=Cc2ccccc21
D10962,CC(C)C[C@H](NC(=O)[C@H](Cc1ccccc1)NC(=O)[C@H](Cc1ccccc1)NC(=O)[C@H](Cc1ccccc1)N=[N+]=[N-])C(=O)[C@@]1(C)CO1
D10963,CN1C(=N)N(C)/C(=C/c2c[nH]c3ccccc23)C1=O
D10964,CC(C)n1ncc2c1C(=O)CC1(CCN(C(=O)c3ccc4[nH]ncc4c3)CC1)C2
D10965,COC(=O)C(O)C(CC(C)C)NC(=O)C(Cc1cnc[nH]1)NC(=O)C(CC(=O)N1CCCCC1)Cc1cccc2ccccc12
D10966,C[C@@H](Oc1nc(-c2ccc(N3CCN(C)CC3)cc2)cc2nn(C)cc12)[C@H]1CNC(=O)C1
D10967,FC(F)(F)Oc1ccccc1OC(c1cccnc1)C1CCNCC1
D10968,N#Cc1cccnc1N[C@H]1CCN(C(=O)O[C@H]2C3CC4CC2C[C@](C(N)=O)(C4)C3)C1
D10969,COCCN1CC(OC(=O)N2CCC(c3ccc4[nH]c(-c5cn6ncnc6c(C)c5C)c(C(C)C)c4c3)CC2)C1
D10970,COc1cccc2c1CC1(CCCCN1CCCCNC(=O)c1ccc(F)cc1)CO2
D10971,CCOC(=O)Nc1cccc([C@@H](c2ccc(C(=O)N3CCC3)cc2)N2CCN(Cc3cccnc3)CC2)c1
D10972,O=C1CCc2ccc(OCc3cccc(Cl)c3)cc2N1
D10973,Cc1cccc(C#Cc2ccccc2)n1
D10974,Cc1ccc(-c2cc(F)c(F)cc2-c2ccc(S(C)(=O)=O)cc2)cc1
D10975,CC1(Nc2ccc(C(=O)NO)cc2)CCN(c2ccc(Cl)cc2)C1=O
D10976,O=C(O)COC[C@H]1CC[C@H](COC(=O)N(c2ccccc2)c2ccc(Cl)cc2)CC1
D10977,O=C(Nc1ccc(Oc2ccc(F)cc2)cc1)[C@@H]1C[C@@H](Cc2ccc(F)cc2)CN1C(=O)Cn1cncn1
D10978,N[C@@H](CC(=O)NC1(c2nc(-c3ccccc3)cs2)CCS(=O)(=O)CC1)Cc1ccccc1F
D10979,O=C(/C=C(\O)C(=O)O)/C=C/c1cc(-c2ccccc2)cn1Cc1ccc(F)cc1
D10980,N[C@H]1C[C@@H](N2Cc3[nH]nc(NC(=O)c4nccs4)c3C2)CO[C@@H]1c1cc(F)ccc1F
D10981,O=C1COC(c2ccc(/C=C/c3cccc(F)c3)cc2)=NN1
D10982,COc1cc(C)c(CN[C@H]2CC2c2ccccc2)cc1C
D10983,CC(C)[C@H](NC(=O)[C@H](CCC(=O)O)NC(=O)[C@H](Cc1ccccc1)NC(=O)[C@@H](C)NC(=O)[C@@H](N)Cc1ccc(O)cc1)C(=O)N[C@H](C(=O)NCC(=O)O)C(C)C
D10984,[C-]#[N+]c1ccc(C2c3c(nc(-c4cnc(N)nc4OC)n3C(C)C)C(=O)N2c2cc(Cl)c(=O)n(C)c2)cc1
D10985,N#C[C@@H]1CCCN1C(=O)CNC(=O)C1=CC=NC2=NC=CC12
D10986,COc1cc(Cc2cnc(N)nc2N)cc(OC)c1OCCCCCCN
D10987,CC(C)N(C)[C@@H]1CC[C@H](NC(=O)CNC(=O)c2cccc(C(F)(F)F)c2)[C@H](CS(=O)(=O)c2ccccc2)C1
D10988,O=C1NC(=O)C(CCO)(c2ccc(Oc3ccccc3)cc2)C(=O)N1
D10989,Cc1cc2c(s1)Nc1ccccc1N=C2N1CCN(C)CC1
D10990,Cc1cnn(Cc2ccc(Cc3cncc(C(=O)NCc4ccc(CN)cc4C)c3)cc2)c1
D10991,CCCS(=O)(=O)N1CCN(C2(CNC(=O)c3c(F)cccc3F)CCCCC2)CC1
D10992,COc1ccc(-c2nn3c(-c4ccccn4)nnc3s2)cc1OC
D10993,COc1ccc(-c2noc(CSc3nnc(C)n3-c3ccc(OC)cc3)n2)cc1
D10994,CC(C)N1CCC(C(=O)Nc2c(O)cc(Br)cc2C(=O)Nc2ccc(Cl)cn2)CC1
D10995,C[C@@H]1CC/C(=N\Nc2nc(-c3ccc(F)cc3F)cs2)C1
D10996,O=C(O)[C@@H]1[C@@H](SCCc2ccc(-c3ccc(Cl)cc3)cc2)CC[C@H]1CN1C(=O)c2ccccc2C1=O
D10997,CC(C)c1ccc(C=C2SC(O)=NC2=O)cc1
D10998,CC(C)(CC(=O)N1CC=CCC1)NCC(=O)N1C[C@@H](F)C[C@H]1C#N
D10999,Cn1c(=O)n(Cc2ccccc2C#N)c2c(N3CC[C@@H](N)C3)ccnc21
D11000,O=C(Nc1nc2cccc(-c3ccc(CNC4CCS(=O)(=O)C4)cc3)n2n1)C1CC1
D11001,COc1ccc2nc3[nH]nc(C)c3c(OC)c2c1
D11002,O=C1NN=C2CCCc3c2c2c1cccc2n3CCN1CCCCC1
D11003,N#Cc1cc(-c2ncnc(Nc3ccc(N4CCN(C5COC5)CC4)cc3)n2)ccc1O[C@H]1CCN(C(=O)[C@@H]2C[C@H](O)CN2)C[C@H]1F
D11004,CC(=O)Nc1ccc2c(c1)N(c1cc(NC3CC3)n3ncc(C#N)c3n1)CC2
D11005,CN(C)C(=O)c1cc2cnc(Nc3ccc(N4CCN5CCC[C@@H]5C4=O)cn3)nc2n1C1CCCC1
D11006,CCC(=O)N1CC[C@H](N(Cc2cc(Cl)ccc2Cl)c2ccc(C#N)c(Cl)c2)C1
D11007,CS(=O)(=O)c1ccc(C(=O)/C(=C/c2ccc(O)cc2)c2ccccc2)cc1
D11008,CCOc1ccc(Cc2ccc(OC)c([C@@H]3S[C@H](CO)[C@@H](O)[C@H](O)[C@H]3O)c2)cc1
D11009,O=P(O)(O)C(O)(Cc1cnc2ccccn12)P(=O)(O)O
D11010,CN(C(=O)Oc1ccc(Oc2ccc(C(F)(F)F)cn2)cc1)c1ccccc1Cl
D11011,CNCc1ccc(-c2[nH]c3cc(F)cc4c3c2CCNC4=O)cc1
D11012,CC[C@H](C)[C@H](N)C(=O)N1C[C@@H](N=[N+]=[N-])C[C@H]1C#N
D11013,NC1=NC2(CCO1)c1cc(NC(=O)c3ccc(Cl)cn3)ccc1Oc1ncc(C3=CCOCC3)cc12
D11014,CN(C)Cc1cc(NS(C)(=O)=O)ccc1Oc1ccc(C(F)(F)F)cc1
D11015,NC1=N[C@@](c2cc(NC(=O)c3ccc(Cl)cn3)cc(F)c2F)(C(F)F)[C@H]2C[C@H]2O1
D11016,N[C@@H](CC(=O)N1CCn2c(nnc2C(F)(F)F)[C@H]1Cc1ccc(F)cc1)Cc1cc(F)c(F)cc1F
D11017,CN(C)C(=O)[C@@H]([C@H]1CC[C@H](c2cccc3ncnn32)CC1)[C@H](N)C(=O)N1CC[C@H](F)C1
D11018,O=C(O)c1cc(Cl)ccc1NC(=O)N1C[C@H]2C[C@@H](c3ccccc3C(F)(F)F)C[C@H]2C1
D11019,COC(=O)N1CC[C@H](N(Cc2cc(F)ccc2C)c2ccc(C#N)c(Cl)c2)C1
D11020,Fc1ccc(-c2nc[nH]c2-c2ccc3nccn3c2)cc1F
D11021,COCc1c(C)c(-c2[nH]c3ccc(C4CCN(C5COC5)CC4)cc3c2C(C)C)cn2ncnc12
D11022,CC(C)(C)[C@]1(O)CCN2C[C@@H]3c4ccccc4CCc4cccc(c43)[C@H]2C1
D11023,CCN(CC)CCCC[C@H](NC(=O)[C@H](CC(C)C)NC(=O)[C@H](C)NC(=O)[C@H](Cc1ccccc1)NC(=O)c1ccc(C(C)(C)C)cc1)C(=O)N[C@@H](CO)C(=O)N(C)C
D11024,N#C[C@@H]1CCCN1C(=O)[C@@H]1C[C@@H](CC(=O)N2Cc3ccc(Cl)cc3C2)C(=O)N1
D11025,Cc1cc(Nc2nn(-c3ccc(F)cc3)c(=O)c3ccccc23)[nH]n1
D11026,Cc1nc(OCC(F)(F)F)cnc1C(=O)Nc1cc(F)c(Cl)c([C@@]2(CF)N=C(N)O[C@@H]3C[C@@H]32)c1
D11027,COc1cc(-c2cccc(F)c2)c(Cl)cc1-c1nccc2cc(S(=O)(=O)Nc3ncccn3)ccc12
D11028,O=C(Cn1c(=O)ccc2cc(F)c(F)cc21)Nc1scc(Br)c1-c1nnc[nH]1
D11029,CN[C@@H](C)C(=O)N[C@H]1CN(C(=O)c2ccc(C(C)=O)cc2)c2ccccc2N(Cc2c(OC(F)F)ccc3ccccc23)C1=O
D11030,Cc1cc(N2C[C@H](C)N[C@H](C)C2)ncc1-c1ccc(-c2nc3c(ccn3C)c(=O)[nH]2)cc1
D11031,COC(=O)NCCc1ccccc1-c1ccc([C@H]2CNCC[C@@H]2c2ccn(C)c(=O)c2)c(Cl)c1
D11032,COC[C@@H]1CCCN1S(=O)(=O)c1ccc2c(c1)C(=O)C(=O)N2Cc1ccc(C(F)CBr)cc1
D11033,Cc1ncn(-c2ccc(CN3C[C@H](N)[C@H](C(=O)N4CCC[C@H]4C#N)C3)cc2)n1
D11034,Cn1c(=O)n(C2CCOCC2)c2c3cc(-c4ccc(OCCCN5CCCCC5)nc4)ccc3ncc21
D11035,O=C(OCC#CCSc1nnc(-c2ccc3ccccc3c2)o1)c1ccc(F)cc1
D11036,CN[C@@H](C)C(=O)N[C@@H]1C(=O)N(Cc2c(OC)ccc3cc(Br)ccc23)c2cc(C(F)(F)F)ccc2O[C@H]1C
D11037,CCN(CC)CCOC(=O)N1CCC(c2ccc3[nH]c(-c4cn5ncnc5c(C)c4C)c(C(C)C)c3c2)CC1
D11038,COc1cc2c(Nc3ccc(Cl)c(Cl)c3)ncnc2cc1OC1CC2CCC(C1)N2C
D11039,CC(=O)NC(C)C#Cc1cnc(Oc2ccc(OCC(C)C)cc2[N+](=O)[O-])s1
D11040,CC1(C)C[C@@H](NC(=O)c2cccc3[nH]ncc23)c2cc(-c3ccc(Cl)cc3)c(-c3ccc(Cl)cc3Cl)nc2O1
D11041,C[C@H](c1nc(-c2ccc(NS(C)(=O)=O)cc2Cl)no1)[C@H]([NH3+])C(=O)N1CC[C@@H](F)C1
D11042,COCCCc1cc(CN(C(=O)[C@H]2CNCC[C@@H]2c2ccc(OCCOc3c(Cl)cc(C)cc3Cl)cc2)C2CC2)cc(OCC2(Cc3nnn[nH]3)CC2)c1
D11043,CCC(=O)Nc1ccc2ncnc(Nc3cccc(Br)c3)c2c1
D11044,COC1CCN(C(=O)c2ccc(Nc3cc4[nH]c(-c5cnn(C)c5)cc4cn3)c(Cl)c2)CC1
D11045,N[C@@H](CC(=O)N1CCc2c(noc2C(F)(F)F)C1)Cc1cc(F)ccc1F
D11046,Fc1ccc(-c2ncn(CC(F)F)c2-c2ccc3ncc(C4CC4)n3c2)cc1
D11047,C[C@H](NC(=O)[C@@H](CO)NC(=O)OCc1ccccc1)C(=O)NC(Cc1ccc(N=C(N)N)cc1)P(=O)(Oc1ccccc1)Oc1ccccc1
D11048,O=C(CNc1ncnc2ccc(C(F)(F)F)cc12)NC1CN([C@H]2CC[C@@H](c3ccc(O)cn3)CC2)C1
D11049,Nc1nccn2c1c(-c1ccc3ccc(-c4ccccc4)nc3c1)nc2[C@H]1C[C@H](CN2CCC2)C1
D11050,Cc1ccc(F)c(C(=O)n2nc(Nc3ccc(S(N)(=O)=O)cc3)nc2N)c1F
D11051,COc1cc(C#N)cnc1C(=O)Nc1cc(C)c(F)c([C@@]2(C(F)F)N=C(N)O[C@@H]3C[C@@H]32)c1
D11052,CCCCCCNC(=O)Oc1cccc(-c2ccc(C(=O)O)cc2F)c1
D11053,COc1cnc(-c2ccc(Cn3c(CC(C)(C)C(=O)O)c(SC(C)(C)C)c4cc(OCc5ccc(C)cn5)ccc43)cc2)nc1
D11054,OC1CN(c2nccnc2OC2CN(c3ccc4ccccc4n3)C2)C1
D11055,COc1ccc(C(=O)Nc2ccc(F)c([C@]3(CF)C[C@@H](C(F)(F)F)OC(N)=N3)c2)nc1
D11056,CCn1c(=O)n(C)c(=O)c2c1cc(N1CCC[C@@](C)(N)C1)n2Cc1cc(F)ccc1C#N
D11057,CC(c1ccc(F)cc1F)N(Cc1nc2c(c(=O)[nH]1)COCC2)C(=O)CN1CCC(C(=O)c2ccc(F)cc2)CC1
D11058,CC(=O)N1CCC(NC(=O)Cn2nc3c(c2C(C)C)C(c2ccc(Cl)cc2C)N(c2cc(Cl)ccc2C)C3=O)CC1
D11059,CNC[C@@H](O)CCN1c2ccccc2N(c2ccccc2F)S1(=O)=O
D11060,COc1ccc(NC(=O)c2ccc(Cn3ccnn3)c3ccccc23)c(C(=O)NCC2CCOCC2)n1
D11061,N#Cc1ccc(Cl)cc1O[C@H](CCN)c1ccccc1
D11062,COc1ccc(C(=O)NC2CCC([C@H](C)[C@H]([NH3+])C(=O)N3CC[C@H](F)C3)CC2)cc1
D11063,Cc1nccc(N2C(=O)N(c3ccc(-c4ccc(C(=O)O)cc4C)cc3)C(=O)C23CCN(Cc2ncccc2C)CC3)n1
D11064,CN[C@@H](C)C(=O)N[C@H](C(=O)N1Cc2ccccc2[C@H]1C(=O)Nc1c(F)cccc1F)[C@@H](C)O
D11065,CC(=O)Nc1ccc2ccn(-c3cc(NCCCN(C)C)n4ncc(C#N)c4n3)c2c1
D11066,COC(=O)Cc1c(C)n(Cc2ccc(-c3cn(CCCCCCCC(=O)NO)nn3)cc2)c2ccc(OC)cc12
D11067,C#C[C@H](C)Oc1cnc(/C(F)=C/c2ccc(F)c([C@@]3(C)N=C(N)S[C@@]4(COC)C[C@H]43)c2)cn1
D11068,C=Cc1cnc(N2CCC[C@@H](N)C2)n(Cc2ccccc2C#N)c1=O
D11069,CC(C)[C@@H](NS(=O)(=O)c1ccc(Oc2ccccc2)cc1)C(=O)NO
D11070,Cc1cc(Cl)cnc1C(=O)Nc1cc(F)c(F)c([C@]2(C)C[C@@H](C(F)(F)F)OC(N)=N2)c1
D11071,Cc1cc(OCc2ccc(F)cc2F)c(Cl)c(=O)n1Cc1ccc(CNC(=O)CO)cc1
D11072,NC1=N[C@@](c2cc(NC(=O)c3ncc(Cl)cc3CF)ccc2F)(C(F)F)[C@H]2C[C@H]2O1
D11073,CN(C)C(=O)c1cc2cnc(Nc3ccc(C(=O)N4C[C@@H]5CC[C@H](C4)N5)cn3)nc2n1C1CCCC1
D11074,NC(=O)c1cccc(O[C@H]2C[C@@H]3CC[C@H](C2)N3Cc2ccccc2)c1
D11075,CC(C)N(C)[C@@H]1CC[C@H](N2CC[C@H](NC(=O)c3cccc(C(F)(F)F)c3)C2=O)[C@H](CS(=O)(=O)C(C)C)C1
D11076,N[C@@H]1C[C@H]1c1ccc(NC(=O)c2ccccc2)cc1
D11077,O=C1CC(=O)c2c(O)cc(O)c(O)c2C1=O
D11078,CNC[C@H](C[C@H]1CCCOC1)NC(=O)N1CCC[C@@H]([C@@H](OCCNC(=O)OC)c2cccc(Cl)c2)C1
D11079,Cc1c([C@@H]2c3[nH]c4ccccc4c3C[C@@H](C)N2C[C@H](C)C(=O)O)ccnc1OCCNCCCF
D11080,CC(=O)N[C@H]1CC[C@H]([C@H](C)[C@H](N)C(=O)N2CC[C@H](F)C2)CC1
D11081,Cc1c(CCOCCO)cc(-c2ccc(S(C)(=O)=O)cc2)n1-c1ccc(F)cc1
D11082,CC1(C)CN(C(=O)CO)CC[C@@H]1Oc1ccc(-c2ncnc(Nc3ccc(N4CCN(C5COC5)CC4)cc3)n2)cc1C#N
D11083,N#CCCn1nnc(-c2ccc(OCc3ccccc3)cc2)n1
D11084,Cc1cccc(C(=O)N2CCOC[C@H]2Cc2cccc(-n3nccn3)c2)c1-n1nccn1
D11085,COc1ncccc1-n1nc(C)c2c1C(=O)N(c1cc(C)c3nnc(C)n3c1)C2c1ccc(F)cc1F
D11086,Cc1c(C(=O)Nc2ccc(F)c([C@]3(CF)C[C@@H](C(F)(F)F)OC(N)=N3)c2)nc2ccc(Cl)cn12
D11087,COC(=O)c1c(-c2cc(OC)c(OC)c(OC)c2)c2ccc(OCc3ncccn3)nc2c(=O)n1Cc1ccnc(C)c1
D11088,CC(=O)N1CCc2c(c(Nc3ccc(F)c(-c4cnn(C)c4)c3F)nn2C2CCOC2)C1
D11089,CC(C)Cn1c(=O)sn(C(C)(C)C)c1=O
D11090,CCc1sc2nc(N)[nH]c(=O)c2c1Sc1cc(OC)ccc1OC
D11091,CN/C=C(\C=N)C(=N)c1cc(-c2cncc3c2N[C@H](C)CC(=O)N3)ccc1NC
D11092,Cc1noc(C)c1Cn1c(=O)c2cc(S(=O)(=O)NC3(C)CC3)ccc2n(CC2CC2)c1=O
D11093,Cc1c(F)cc(C(=O)NC2CC2)cc1-c1ccc(C(=O)NCC(C)C)cn1
D11094,CC(=O)N1N=C(c2ccc(O)cc2O)CC1c1ccc(Cl)cc1
D11095,CC(C)(OCc1cc(-c2ccccc2)n(Cc2ccccc2Cl)n1)C(=O)O
D11096,CCc1c(-c2cc(C)c3ncnn3c2)[nH]c2ccc(C3CCN(C4COC4)CC3)cc12
D11097,O=C(NCC1(O)CCN(c2nc(Oc3cccc(F)c3)cc(C(F)(F)F)n2)CC1)c1cn[nH]c1
D11098,NS(=O)(=O)c1ccc(-n2ncc(Cl)c2-c2ccccc2)cc1
D11099,N#Cc1ccc(Cn2cncc2CN(CCc2ccccc2)[C@H]2CCN(Cc3ccccc3)C2=O)cc1
D11100,CSCC[C@H](NC(=O)[C@H](CCCN=C(N)N)NC(=O)[C@H](CCCN=C(N)N)NC(=O)[C@H](CC(C)C)NC(=O)[C@H](CCC(=O)O)NC(=O)[C@H](CCCN=C(N)N)NC(=O)CNC(=O)[C@H](Cc1ccc(O)cc1)NC(=O)[C@H](CCCN=C(N)N)NC(=O)[C@H](CCC(N)=O)NC(=O)[C@H](C)NC(=O)[C@H](C)NC(=O)[C@@H](N)Cc1c[nH]c2ccccc12)C(=O)N[C@@H](CO)C(=O)N[C@@H](CC(=O)O)C(=O)N[C@@H](CCC(=O)O)C(=O)N[C@@H](Cc1ccccc1)C(=O)N[C@H](C(=O)N[C@@H](CC(=O)O)C(=O)N[C@@H](CO)C(=O)N[C@@H](Cc1ccccc1)C(=O)N[C@@H](CCCCN)C(=O)O)C(C)C
D11101,COC(=O)C1=C(C)NC(C)=C(C(=O)OCCN(C)Cc2ccccc2)C1c1cccc([N+](=O)[O-])c1
D11102,OC1CCC(Nc2nc(Nc3ccccn3)ncc2-c2ccccn2)CC1
D11103,C[C@H](C#N)NC(=O)[C@@H]1CCCC[C@H]1C(=O)N1CCc2[nH]c3ccc(F)cc3c2C1
D11104,C[C@H]1[C@H](/C=C/c2ccc(-c3ccccc3C#N)cn2)[C@@H]2[C@@H](C)OC(=O)[C@]2(c2n[nH]c(=O)o2)CC1(F)F
D11105,COc1cnc(C(=O)Nc2ccc3c(c2)C2(CCOC(N)=N2)c2cc(C4CC4)ncc2O3)cn1
D11106,O=C1C(=O)N(CCc2ccccc2)c2ccc(Br)cc21
D11107,Cn1c(=O)n([C@H]2CCCOC2)c2c3cc(-c4ccc(OCCCN5CCCC5)nc4)c(F)cc3ncc21
D11108,Cc1ccc(F)cc1CN(c1ccc(C#N)c(Cl)c1)[C@H]1CCN(C(=O)OC(C)C)C1
D11109,COc1ccc(C2=C(c3ccc(S(C)(=O)=O)cc3)CC3(CC3)C2)cc1Br
D11110,CC(=O)c1sc(NC(=O)N[C@@H]2CN(CCO)CC[C@H]2CN2CCC[C@@H](Cc3ccc(F)cc3)C2)nc1C
D11111,COC[C@]12C[C@H]1[C@@](C)(c1cc(/C=C(\F)c3ccc(C#N)cn3)ccc1F)N=C(N)S2
D11112,O=C([C@@H]1C[C@H](n2cc(-c3ccccc3Cl)nn2)CN1C(=O)CCCc1ccccc1)N1CCCC1
D11113,Cc1cccc(SCc2cc(=O)oc3cc(O)ccc23)n1
D11114,Cc1c(Oc2ccc(Cl)cc2)c2ccc(F)nc2n1Cc1ccc(F)c(O[C@@H](C)C(=O)O)c1
D11115,CC(C)C(O)(c1ccc2cc(OC(F)F)ccc2c1)c1c[nH]nn1
D11116,C[C@H]1[C@H](/C=C/c2ccc(-c3ccccc3C#N)cn2)[C@@H]2[C@@H](C)OC(=O)[C@]2(C(O)C(N)=O)CC1(F)F
D11117,COc1cc(N2C(=O)N(c3ccc(-c4ccc(C(=O)O)cc4Cl)cc3)C(=O)C23CCN(Cc2ncccc2C)CC3)ncn1
D11118,Cc1cc2ncnn2cc1-c1[nH]c2ccc(C3CCN(C(=O)CCN4CCOCC4)CC3)cc2c1C(C)C
D11119,N[C@@H]1CCCN(c2c(C=C3SC(O)=NC3=O)cccc2-c2ccncc2)C1
D11120,Cc1ccc(NC(=O)c2ccc(C#N)cn2)cc1[C@@]1(C(F)F)N=C(N)O[C@@H]2C[C@@H]21
D11121,C[C@@]1(c2nc(NC(=O)c3ccc(Cl)cn3)ccc2F)C[C@@H](C(F)(F)F)OC(N)=N1
D11122,COc1cnc(C(=O)Nc2ccc(F)c([C@]3(C)C[C@@H](C(F)(F)F)OC(N)=N3)n2)c(Cl)c1
D11123,O=C(NO)[C@@H]1CC2(CN1S(=O)(=O)c1ccccc1)OCCCCO2
D11124,CS(=O)(=O)N1CCC(NC(=O)Nc2ccc(OC(F)(F)F)cc2)CC1
D11125,OCCNc1nc2ccccc2nc1Cc1ccccc1
D11126,O=C(O)c1cccc(S(=O)(=O)N2CCc3cc(O)ccc3C2)c1
D11127,O=P(O)(O)C(CCc1cccc2ccccc12)N[C@@H](Cc1ccc2c(c1)oc1ccccc12)c1nnn[nH]1
D11128,C[C@@H](c1ccc(-c2cccc(-c3n[nH]c(=O)[nH]3)c2)cc1)[C@H]([NH3+])C(=O)N1CC[C@H](F)C1
D11129,N#Cc1cnc2c(Nc3ccc(F)c([C@]4(CF)C[C@@H](C(F)(F)F)OC(N)=N4)c3)ncc(F)c2c1
D11130,Cn1nc2ccc(N3CC[C@H](c4cc(F)c(F)cc4F)[C@@H]([NH3+])C3)nn2c1=O
D11131,COc1cc(-c2[nH]c3ccc(C4CCN(CC(=O)NC5(C)COC5)CC4)cc3c2C(C)C)cn2ncnc12
D11132,CN(C)C(=O)[C@@H]([C@H]1CC[C@H](c2ccc3ncnn3c2)CC1)[C@H](N)C(=O)N1CCC(F)(F)C1
D11133,O=c1cc(N2CCOCC2)oc2ccccc12
D11134,OCC=Cc1ccc2ncnc(Nc3cccc(F)c3)c2c1
D11135,C[C@H](O)C(=O)N1CC[C@H](Oc2ccc(-c3ncnc(Nc4ccc(N5CCN(C)C[C@@H]5C)cc4)n3)cc2C#N)[C@H](F)C1
D11136,O=C1OCCc2cc([C@@H]3CN4CCN(C(=O)Cc5ccc(-n6cnnn6)nc5)C[C@H]4CO3)ccc21
D11137,COCCN(C)c1nc(N)c(CN)c(-c2ccc(Cl)cc2Cl)n1
D11138,COC(=O)c1ccccc1OC(C)(C)C1OCC(C/C=C\CCC(=O)O)C(c2cccnc2)O1
D11139,C[C@@]1(c2cc(NC(=O)c3cnc(OCC(F)(F)F)cn3)cc(F)c2F)C[C@@H](C(F)(F)F)OC(N)=N1
D11140,OCC1CCN(c2nccnc2OC2CN(c3ccc4ccccc4n3)C2)C1
D11141,O=C(Nc1nc2ccc(O)cc2s1)c1c(F)ccc(O)c1F
D11142,COc1nc(C2CC2)cc2c1Oc1ccc(NC(=O)c3ccc(Cl)cn3)cc1C21CCOC(N)=N1
D11143,COCCC(=O)N1CCC(c2ccc3[nH]c(-c4cc(C(F)(F)F)c5ncnn5c4)c(C(C)C)c3c2)CC1
D11144,O=C(NCCN1CCOCC1)c1cnc(Cl)c(Cl)c1
D11145,CCCCc1nn(-c2c(Cl)cc(Cl)cc2Cl)c(C(=O)O)c1Cc1ccc(-c2ccccc2-c2nnn[nH]2)cc1
D11146,Cc1ccc2onc(-n3c(=O)n(Cc4ccc(Cl)c(O[C@H](C)C(=O)O)c4)c4cc(C(F)(F)F)ccc43)c2c1
D11147,CC[C@H](C)C(=O)O[C@H]1CCC=C2C=C[C@H](C)[C@H](CC[C@@H]3C[C@@H](O)CC(=O)O3)[C@H]21
D11148,Cc1ccccc1C1CC1NC1CCC(N)CC1
D11149,N#Cc1ccc2c(c1)CCN(S(=O)(=O)c1cccc(C(=O)O)c1)C2
D11150,Brc1cccc(Nc2ncnc3cc4nc[nH]c4cc23)c1
D11151,COc1ccc(C(=O)C2CCN([C@H]3CCN(Cc4nc5c(c(=O)[nH]4)COCC5)C3=O)CC2)cc1
D11152,CCn1cc(C2(c3cccc(-c4cncnc4)c3)N=C(N)c3c(F)cccc32)cc(C)c1=O
D11153,CC1(C)Cc2c(nn(-c3ccccc3)c(=N)c2C#N)CO1
D11154,CCOC(=O)[C@@H]1C[C@@H]2CCCC[C@@H]2N1C(=O)C[C@H](N)Cc1cc(F)c(F)cc1F
D11155,COc1ccccc1N1C(=O)N(Cc2ccc(C(=O)NO)cc2)C(C)(C)C1=O
D11156,O=C(CNO)Cc1cn(C(=O)OCc2ccccc2)c2ccc(Br)cc12
D11157,O=C(N[C@@H]1CNC[C@H]1OC(=O)c1cc(O)c(C(=O)c2c(O)cccc2C(=O)OCC2CCCCC2)c(O)c1)c1ccc(O)cc1
D11158,CS(=O)(=O)N(c1ccncc1)c1cccc(C(=O)N[C@@H](Cc2ccccc2)[C@H](O)CNCc2cccc(C(F)(F)F)c2)c1
D11159,COc1cccc2c1CC(N1CCCC1)CO2
D11160,Cn1cc(-c2ccncc2)c(-c2ccc(OCc3cc(OCCOCCOCCOCCF)c4ccccc4n3)cc2)n1
D11161,COc1ncccc1-n1nc2c(c1C)C(c1ccc(F)cc1F)N(c1cc(C)c3nnc(C)n3c1)C2=O
D11162,OC[C@H]1[C@@H](O)[C@H](O)[C@@H](O)CN1CCCCCOCc1ccc(-c2ccccc2)cc1
D11163,O=C(NC1CCN(Cc2ccc3ccc(=O)oc3c2)CC1)c1cc(=O)c2ccc(F)cc2o1
D11164,COc1ccccc1Oc1cccc(CN2CCC3(CC2)CCN(C(=O)c2cc[n+]([O-])cc2)CC3)c1
D11165,COc1ccc2cc(-c3cncc(C(C)=O)c3)ccc2c1
D11166,Cc1ccc2c(c1)CN(S(=O)(=O)c1cccc(C(=O)O)c1)CC2
D11167,N[C@@H](CCNC1CCNCC1)C(=O)N1CCCCC1
D11168,Cc1ccc(-n2nccn2)c(C(=O)N2CCOC[C@H]2Cc2cc(-c3ncccn3)ccc2F)c1
D11169,Nc1nc(C(=O)N2CCOCC2)nn1C(=O)c1ccc(Cl)cc1
D11170,Cc1cc(Nc2nn(-c3ccc(Cl)cc3)c(=O)c3ccccc23)[nH]n1
D11171,COc1cccc(-c2c(C)n(Cc3c(F)cccc3C(F)(F)F)c(=O)n(C[C@H](NCCCC(=O)[O-])c3ccccc3)c2=O)c1F
D11172,CN(Cc1ccccc1)Cc1ccc(COc2ccc3c(CO)cc(=O)oc3c2)cc1.Cl
D11173,CNC(=O)[C@]12C[C@H]1[C@@](C)(c1cc(/C=C(\F)c3cnc(Br)cn3)ccc1F)N=C(N)S2
D11174,CC1(C)OC(/C=C/COc2ccc3ccc(=O)oc3c2)=CC1=O
D11175,CC1(C)SSC(C)(C)[C@@H](C(O)O)NC(=O)[C@H](Cc2ccccc2)NC(=O)[C@H](CO)NC(=O)[C@H]1NC(=O)[C@@H](N)Cc1ccc(O)cc1
D11176,Cc1cc2c(Nc3ccc4nc(N)sc4c3)c(C#N)cnc2cc1OCCCN1CC(C)NC(C)C1
D11177,COC(=O)Nc1cc(CCOc2ccc(NC(=O)Nc3cc(C(C)(C)C)nn3-c3ccc(C)cc3)c3ccccc23)ccn1
D11178,CC(C)(C)c1cc(-c2noc(NC#N)n2)cc(C(C)(C)C)c1O
D11179,N#Cc1cc(-c2ncnc(Nc3ccc(N4CCN(C5COC5)CC4)cc3)n2)ccc1O[C@@H]1CCN(C(=O)CO)CC1(F)F
D11180,N#Cc1cnc2ccc(-c3c(-c4ccc(F)c(Cl)c4)ncn3CC3CC3)cn12
D11181,CN[C@@H](C)C(=O)N[C@H](C(=O)N1CCc2ccccc2[C@H]1C(=O)Nc1c(Cl)cccc1Cl)C(C)C
D11182,COc1ccc([C@H]2CC[C@@H](N3CC(NC(=O)CNc4nn(C)c5ccc(C(F)(F)F)cc45)C3)CC2)cn1
D11183,Cc1cccc2nc(NC(C)C)oc(=O)c12
D11184,CC[C@H](NC(=O)[C@@H]1C[C@@H](S(=O)(=O)c2ccc(C)cc2C)CN1C(=O)OC(C)(C)C)C(=O)C(=O)NC1CC1
D11185,CC(=N)N1CC[C@H](Oc2ccc(C(Cc3ccc4ccc(C(=N)N)cc4c3)C(=O)O)cc2)C1
D11186,O=C(NO)c1coc(-c2ccc3ccccc3c2)n1
D11187,CC(=O)N1CCC(Oc2cncc(C3COc4c(cccc4C(N)=O)O3)c2)CC1
D11188,COc1ccc(OCc2ccc(C(=O)O)cc2)cc1Cc1cnc(N)nc1N
D11189,C[C@@H](CN1CCC(n2c(=O)[nH]c3c(F)cccc32)CC1)NC(=O)c1ccc(Cl)cc1
D11190,Cn1cc(-c2ccc(CN3C[C@H](N)[C@H](C(=O)N4CCC[C@H]4C#N)C3)cc2)cn1
D11191,CN(C)C(=O)[C@]12C[C@H]1[C@@](C)(c1cc(/C=C(\F)c3cnc(OCC#N)cn3)ccc1F)N=C(N)S2
D11192,O=C(c1ccccc1-n1nccn1)N1CCOC[C@H]1Cc1cc(-n2nccn2)ccc1Cl
D11193,CCCCNC(=O)[C@H](C)C[C@H](O)[C@@H](N)C[C@@H](C)CNC(=O)c1ccccc1OCCCOC
D11194,Cc1ccc(C(C)N=Nc2nc3ccccc3nc2Cc2ccccc2)cc1
D11195,CN1CCCCC1C(=O)N1CC[C@@](O)(c2ccccc2)[C@@H]2CCCC[C@@H]21
D11196,O=C1C(=O)N(CCCCF)c2ccc(S(=O)(=O)N3CCC[C@H]3COCCF)cc21
D11197,C[C@@H]1Cc2c(ccc3[nH]nc(F)c23)[C@@H](c2ccc(NC3CN(CCCF)C3)cn2)N1CC(F)(F)F
D11198,CCCN(CCCCN1C(=O)C2CCCC2C1=O)C1COc2cccc(OC)c2C1
D11199,Cc1ccccc1-c1ccc(Cc2nnn(C(=O)N(C)C)n2)cc1
D11200,CC1(C)[C@@H]2CC[C@@]1(CS(=O)(=O)N1CCC3(CCc4ccccc43)CC1)[C@@H](NC(=O)Cc1cnc[nH]1)C2
D11201,C#CCOc1cnc(C(=O)Nc2ccc(F)c([C@]3(C)C[C@@H](C(F)(F)F)OC(N)=N3)n2)cn1
D11202,N#Cc1cc(-c2ncnc(Nc3cnn(C4CCNCC4)c3)n2)ccc1O[C@H]1CCCC[C@H]1F
D11203,O=C(O)c1cc(-c2ccc(Br)cc2)nc2ccc(Br)cc12
D11204,O=C(NC1C[C@H]2CC[C@H](C1)N2Cc1ccc2cc(F)ccc2c1)c1cccnc1C(=O)N1CCCCC1
D11205,CC1(C)C(N)=N[C@@]2(c3cc(Nc4nccc5cc(Cl)cnc45)ccc3F)C[C@H]2S1(=O)=O
D11206,O=C(O)COc1ccc2[nH]cc(C[C@H](NC(=O)c3ccc4c(c3)nc(-c3ccoc3)n4C3CCCCC3)C(=O)O)c2c1
D11207,O=C1Cc2cnc(Nc3cccc(O)c3)nc2-c2ccccc2N1
D11208,CC(NC(=O)c1ccc([S+](=O)([O-])Oc2ccc(/C=C/[N+](=O)[O-])cc2)cc1)C(=O)NC(C)C(=O)OC(C)(C)C
D11209,COc1cnc2c(Nc3ccc(F)c([C@]4(C)CS(=O)(=O)C(C)(C)C(N)=N4)c3)nccc2n1
D11210,O=c1[nH]c2cc(CCc3ccccc3)ccc2c2nc(-c3ccccc3Cl)[nH]c12
D11211,OC[C@@H]1[C@@H](O)[C@H](O)[C@@H](O)CN1CCCCCOCc1ccc(-c2ccccc2)cc1
D11212,C[C@]1(c2cc(/C=C(\F)c3ccc(Cl)cn3)ccc2F)N=C(N)S[C@@]2(CO)C[C@H]21
D11213,N#Cc1cc(-c2ncnc(Nc3ccc(N4CCN(C5COC5)CC4)cc3)n2)ccc1O[C@H]1CCN(C(=O)[C@@H]2CSC(=O)N2)C[C@H]1F
D11214,O=C(N1CCc2ncc(C(F)(F)F)cc2C1)[C@@]12CCO[C@@H]1C[C@@H](NC1CCOCC1)C2
D11215,C=CCCn1cc(C#CC(C)(C)O)c2c(C(=O)OCc3ccccc3C)c(C)[nH]c2c1=O
D11216,COc1cnc(C(=O)Nc2ccc(F)c([C@]3(CF)CS(=O)(=O)C(C)(C)C(N)=N3)c2)c(OC)n1
D11217,CS(=O)(=O)c1ccc(-c2c(-c3ccccc3)nc3sccn23)cc1
D11218,Cc1ccc2c(c1)c(Cn1ccnc1)cn2CCC(=O)O
D11219,O=S(=O)(Cc1ccccc1)N1CC=C(C#Cc2ccccn2)CC1
D11220,Cc1cc(OC(F)F)cnc1C(=O)Nc1ccc(Cl)c([C@@]2(CF)N=C(N)O[C@@H]3C[C@@H]32)c1
D11221,CCN(CC)C(=O)c1ccc(C(=C2CCNCC2)c2ccccc2)cc1
D11222,Cc1cccc2c3c(n(Cc4ccc(C(=O)NO)cc4)c12)CCN(C)C3
D11223,COc1cc(C(=O)NCCO)ccc1Nc1nccc(Oc2ccc(NC(=O)Nc3cc(C(C)(C)C)nn3-c3ccc(C)cc3)c3ccccc23)n1
D11224,COc1ccc(-c2cc(N3C[C@H](N)[C@@H](N4CCCCC4=O)C3)ncn2)cn1
D11225,CCN1CCN(c2cc3[nH]c(C(=O)[C@]4(CC)CC[C@@](C)(O)CC4)nc3cc2Cl)CC1
D11226,Cc1ccc(C(=O)N2CCOC[C@H]2Cc2cc(-n3nccn3)ccc2F)c(-n2nccn2)c1C
D11227,O=C(O)C1=Cc2cc(Cl)cc(Cl)c2OC1C(F)(F)F
D11228,O=c1ccoc2cc(OCc3ccccc3)ccc12
D11229,CC[N+](CC)(CC)CCOc1cc(OCC[N+](CC)(CC)CC)c(C(=O)NCCCCCC(=O)NNc2c3c(nc4ccccc24)CCCC3)cc1OCC[N+](CC)(CC)CC
D11230,N#Cc1cnc2ccc(-c3c(-c4cccc(O)c4)ncn3CC(F)F)nn12
D11231,Cc1cc(C)cc(O[C@H](C(=O)O)[C@@]2(c3ccccc3)NCC(=O)N(Cc3c(F)cc(F)cc3F)c3ccccc32)c1
D11232,CC(C)(C)n1cc(Nc2ncnc(-c3ccc(O[C@H]4CCN(C(=O)CC#N)C[C@H]4F)c(C#N)c3)n2)cn1
D11233,CCCN(CCCN1C(=O)c2ccccc2C1=O)C1COc2cccc(OC)c2C1
D11234,Cc1cc(Br)c2oc(Nc3ccc(-c4cn([C@H]5CC[C@@H](N6CCN(C)CC6)CC5)c5ncnc(N)c45)cc3F)nc2c1
D11235,O=c1[nH]c(-c2ccc(Cl)cc2)nc2ccccc12
D11236,N#CC(Cc1ccc2c(cnc3cc(F)ccc32)c1)NC(=O)[C@H]1N[C@@H]2CC[C@H]1C2
D11237,Cn1cnc(S(=O)(=O)N2CC3CCC(NC(=O)c4ccc(Cl)cc4Cl)C3C2)c1
D11238,COc1ccc(C(=O)c2cc3ccccc3cc2-c2cccnc2)cc1F
D11239,CN(Cc1ccc(/C=C/C(=O)NO)cc1)CC12CC3CC(CC(C3)C1)C2
D11240,CN(c1ncnc2[nH]ccc12)[C@H]1C[C@@H](CS(=O)(=O)NCC2CC2)C1
D11241,O=c1c(-c2ccc(O)cc2)coc2cc(O[C@@H]3O[C@H](CO)[C@@H](O)[C@H](O)[C@H]3O)ccc12
D11242,CC1(C)OC(=O)N([C@H]2CC[C@H](n3c(=O)[nH]c4c(F)c(C#N)ccc43)CC2)[C@H]1c1ccccc1
D11243,Cc1cc2ncnn2cc1-c1[nH]c2ccc(C3CCN(Cc4nnco4)CC3)cc2c1C(C)C
D11244,COc1ccc(Nc2ncnc(-c3ccc(OC4CCOCC4)c(C#N)c3)n2)cc1
D11245,CCc1nc2c(C)cc(C)nc2n1Cc1ccc2c(ccn2Cc2ccccc2-c2nnn[nH]2)c1
D11246,O=C([O-])c1ccc(-c2ccc(O[C@H]3O[C@H](CO)[C@@H](O)[C@H](O)[C@@H]3O)cc2Cl)cc1
D11247,COc1cc(C#N)c(NC(=O)c2sccc2S(=O)(=O)Nc2onc(C)c2Cl)cc1OC
D11248,CC(=O)N[C@@H](Cc1cnc[nH]1)C(=O)N[C@H](Cc1ccccc1)C(=O)N[C@@H](CCCNC(=N)N)C(=O)N[C@@H](Cc1c[nH]c2ccccc12)C(=O)NCCCOCCOCCOCCCNC(=O)COCC(=O)NCCCOCCOCCOCCCNC(=O)COCC(=O)N[C@@H](Cc1cnc[nH]1)C(=O)N[C@H](Cc1ccccc1)C(=O)N[C@@H](CCCNC(=N)N)C(=O)N[C@@H](Cc1c[nH]c2ccccc12)C(N)=O
D11249,CS(=O)(=O)c1ccc(-c2cc(C(F)(F)F)nc(Nc3ccc(F)cc3)n2)cc1
D11250,COc1ccc(-n2cnc3c(-c4ccccc4F)csc3c2=O)cc1
D11251,C[C@H](Nc1nc(Nc2cn(C)cn2)c2ccccc2n1)c1ncc(F)cn1
D11252,C[C@@H](Oc1cc(-n2cnc3cc(-c4ccnc(N5CCN(C)CC5)c4)ccc32)sc1C(N)=O)c1ccccc1Cl
D11253,COCCn1ccc2ncnc(Oc3ccc(NC(=O)Nc4cccc(C(F)(F)F)c4)c(Cl)c3)c21
D11254,CCCCc1nc2cc(/C=C/C(=O)NO)ccc2n1CCN(CC)CC.Cl.Cl
D11255,CNC(=O)N1CCc2c(c(Nc3cc(C(F)F)c(-c4cnn(C)c4)cc3F)nn2[C@H]2CCOC2)C1
D11256,CN1CCC(Oc2ccc(-c3cccc(N)n3)c3ccccc23)C1
D11257,COc1ccc2c(Cc3nc4c(F)c(F)cc(F)c4s3)cn(CC(=O)O)c2c1
D11258,COC(=O)N1CC[C@H](Oc2ccc(-c3ncnc(Nc4ccc(N5CCN(C6COC6)CC5)cc4)n3)cc2C#N)[C@H](F)C1
D11259,CS(=O)(=O)N(c1ccccc1)c1cc(C(=O)N[C@@H](Cc2ccccc2)[C@H](O)CNCc2cccc(C(F)(F)F)c2)cc(C2CCCC2)c1
D11260,NC(=O)c1ccc(NCCc2ccc(Cl)c(Cl)c2)c2cncnc12
D11261,NC(C(=O)N1CC[C@@H]2[C@H]1C(=O)N2S(=O)(=O)[O-])c1ccc(O)cc1
D11262,CN[C@@H](Cc1c[nH]c2ccccc12)C(=O)N[C@@H](CCCCNC(=O)Nc1ccccc1C)C(=O)N(C)[C@@H](CC(=O)O)C(=O)N[C@@H](Cc1ccccc1)C(N)=O
D11263,C[C@@H](Oc1ccc(-c2ncnc(Nc3ccc(N4CCN(C5COC5)CC4)cc3)n2)cc1C#N)C1CCOCC1
D11264,CN[C@@H](C)C(=O)N[C@H](C(=O)N1Cc2ccccc2[C@H]1C(=O)Nc1c(C)cccc1F)C(C)C
D11265,CCN(CC)C(=O)C1C(c2ccc(C)cc2)CC2CCC1N2C
D11266,Nc1noc2c(N3CC[C@@H](NC(=O)c4ccc(-n5cnc6ccccc65)cc4Cl)C3)ncc(Cl)c12
D11267,C[C@@H](OCCCCCN1C[C@H](O)[C@@H](O)[C@H](O)[C@@H]1CO)c1ccc(-c2ccccc2)cc1
D11268,C[C@H](O)C(=O)N1CC[C@H](Oc2ccc(-c3ncnc(Nc4ccc(N5CCN(CCO)CC5)cc4)n3)cc2C#N)[C@H](F)C1
D11269,Nc1nccc(-c2c(-c3ccc(F)cc3)ncn2CC2CC2)n1
D11270,CN[C@@H](C)C(=O)N[C@H]1CN(C(=O)c2ccc(NC(C)=O)cc2)c2ccccc2N(Cc2c(OC)ccc3cc(Br)ccc23)C1=O
D11271,COc1cc(Nc2ncnc(-c3ccc(O[C@H]4CCN(C(=O)[C@@H](O)CO)CC4(F)F)c(C#N)c3)n2)ccc1N1CCN(C2COC2)CC1
D11272,CS(=O)(=O)c1ccc(C2SCCC(=O)N2Cc2ccccc2)cc1
D11273,CO[C@H]1CC[C@H](n2c(=O)n(C)c3cnc4ccc(-c5ccc(OCCCN(C)C)nc5F)cc4c32)C1
D11274,CN[C@@H](C)C(=O)N[C@H]1CN(C(=O)c2ccc(F)cc2)c2cc(Cl)ccc2N(Cc2c(OC(F)F)ccc3ccccc23)C1=O
D11275,O=C1CN=C(n2cnc(C3CC3)c2)C=C2c3cccc(-c4ccc(F)nc4F)c3CCN12
D11276,COC(=O)N1CC(n2cnc(-c3ccc(F)cc3)c2-c2ccc3ncc(C#N)n3n2)C1
D11277,Cc1ccc(-n2nccn2)c(C(=O)N2CCOC[C@H]2Cc2cc(-n3nccn3)ccc2F)c1
D11278,CCCS(=O)(=O)N1CCN(C2(CNC(=O)c3c(OC)cc(F)cc3SC)CCCCC2)CC1
D11279,CN1C(=O)c2c(nc(-c3ccccc3)n2Cc2ccccc2)N2CC3(CCCC3)N=C12
D11280,N#C[C@H](Cc1ccc(-c2ccc3c(c2)CNC3=O)cc1)NC(=O)[C@H]1NC2CCC1CC2
D11281,COc1cccc(-c2cc(COC(C)(C)C(=O)O)nn2-c2ccccc2OC)c1
D11282,CN(C)C(=O)c1cc2cnc(Nc3ccc(N4C[C@]5(CCCNCC5)OC4=O)cn3)nc2n1C1CCCC1
D11283,CCCCN(CCCC)C(=O)CN1C[C@H](c2ccc3c(c2)OCO3)[C@@H](C(=O)O)[C@@H]1CCc1ccoc1
D11284,NC(=O)c1cnc2ccc(-c3c(-c4ccc(F)cc4F)ncn3CC(F)F)cn12
D11285,O=C(NC[C@@H]1OC(=O)N2c3ccc(N4CCOCC4=O)cc3NC[C@@H]12)c1ccc(Cl)s1
D11286,COc1cccc(Cn2nc(COC(C)(C)C(=O)O)cc2-c2cccc(OCC(C)C)c2)c1
D11287,COc1ccc2c(-n3c(=O)n(Cc4cc([C@@]5(C)OC(O)=NC5=O)ccc4Cl)c4ccccc43)noc2c1
D11288,CCN1CCC(Nc2ccc3c(c2)C(=C(c2ccc(C)cc2)c2nc4ccccc4[nH]2)C(=O)N3)CC1
D11289,O=C1C(=O)N(Cc2cn(CCF)nn2)c2ccc(S(=O)(=O)N3CC[C@H]3COc3ccc(F)cc3F)cc21
D11290,COCCCc1cc(Nc2ccnc(NCc3cc(C4CC4)no3)n2)[nH]n1
D11291,COc1nc(N2C[C@H]3C(=O)N(C)C(N)=N[C@@]3(c3ccc(F)cc3)C2)nc(C)c1F
D11292,CC(C)(OC(=O)C12CC3CC(CC(C3)C1)C2)c1ccncc1
D11293,CN[C@@H](C)C(=O)N[C@H]1CN(C(=O)c2ccc(C#N)cc2)c2cc(Cl)ccc2N(Cc2c(OCC(F)(F)F)ccc3cc(Br)ccc23)C1=O
D11294,C#CCN1CCc2nc3nc(N4CCCCC4)c(C#N)cc3c(N)c2C1
D11295,CN[C@@H](C)C(=O)N[C@H](C(=O)N1CCc2ccc(F)cc2[C@H]1C(=O)Nc1c(F)cccc1F)C(C)C
D11296,C[C@H]1C[C@H](Oc2ccc(-c3ncnc(Nc4ccc(N5CCN(C6COC6)CC5)cc4)n3)cc2C#N)[C@H](F)CN1C(=O)[C@@H]1CCC(=O)N1
D11297,CC(C)Oc1ccc(F)cc1-c1ccc(N2C[C@@H](CNC(=O)c3ccc(-c4nc5cc(C#N)cc(C(C)C)c5o4)cc3)OC2=O)nc1
D11298,COc1nn(C)cc1Nc1ncc(F)c(-c2c[nH]c3c(NC(=O)[C@@H](C)N4CCN(C)[C@@H](C)C4)cccc23)n1
D11299,CN(C(=O)Cc1ccc(F)cc1)[C@@H]1CCc2c(CC(=O)O)c3ccccc3n2C1
D11300,O=C(NO)c1ccc(Cn2c3c(c4ccccc42)S(=O)(=O)CC3)cc1
D11301,C=CC(=O)Nc1ccc(S(=O)(=O)N2CCN(C(=O)OCc3ccccc3Cl)CC2)cc1
D11302,O=C(CCCCCCc1ccccc1)c1ncc(-c2cc(C(F)(F)F)ccn2)o1
D11303,O=C([C@@H]1C[C@H](N2CCN(c3ncccn3)CC2)CN1)N1CC[C@@H](F)C1
D11304,COc1ccc2c(c1)c(CC(=O)Nc1ccc(F)cc1)c(C)n2C(=O)c1ccc(Cl)cc1
D11305,O=C(O)[C@H]1CCN1C(=O)Nc1ccccc1-c1ccccc1
D11306,NNCCc1ccccc1
D11307,O=C(/C=C/c1cccnc1)NCCCCC1CCN(C(=O)c2ccccc2)CC1
D11308,CC(C)(Oc1ccc(Cl)cc1)C(=O)N[C@H]1C2C[C@@H]3C[C@@H]1C[C@@](C(=O)NCC(N)=O)(C2)C3
D11309,O=C1c2ccccc2-n2c1nc1ccccc1c2=O
D11310,CCCNNC(=O)/C=C/c1ccc(OC[C@H](Cc2c[nH]c3ccccc23)NC(=O)c2ccc(OC)cc2)cc1
D11311,CN1CCN(c2ccc(Nc3ncc(NC(=O)c4c(Cl)cccc4Cl)cn3)cc2)CC1
D11312,COc1cc2c(Nc3ccc(Cl)c(Cl)c3)ncnc2cc1OCc1c(F)cccc1F
D11313,NC1(C(=O)N[C@H](CCO)c2ccc(Cl)cc2)CCN(c2ncnc3[nH]ccc23)CC1
D11314,O=C(O)Cn1c2c(c3cc(F)ccc31)CN(C(=O)c1cccs1)CC2
D11315,CN(C)CCN(Cc1ccc(-c2ccc(C(F)(F)F)cc2)cc1)C(=O)Cn1cc(Cc2cnn(C)c2)c(=O)nc1SCc1ccc(F)cc1
D11316,O=C(NNc1nc2ccccc2nc1Cc1ccccc1)c1ccccc1
D11317,Cc1c(N(C)[C@H]2CCN(Cc3ccccc3F)C2)cc(F)c(S(=O)(=O)Nc2cscn2)c1F
D11318,COc1cnc2c(Nc3ccc(F)c([C@]4(C)CS(=O)(=O)CC(N)=N4)c3)nccc2c1
D11319,CC#CCOc1cnc(C(=O)Nc2cc(F)c(F)c([C@]3(C)C[C@@H](C(F)(F)F)OC(N)=N3)c2)c(C)c1
D11320,CN[C@@H](C)C(=O)N[C@H]1CCc2ccccc2N(Cc2c(OC)cnc3ncccc23)C1=O
D11321,COc1cccc(CC(=O)N2Cc3ccc(S(=O)(=O)Nc4cnn(C5CCC5)n4)cc3C2)c1
D11322,O=C(O)CCCC/C=C(\c1ccccc1)c1cccnc1
D11323,CCOC(=O)c1c(O)coc1Nc1ccc2c(c1)CCC2
D11324,CNC(=O)[C@H](Cc1c[nH]c2ccccc12)NC(=O)C(=CC=Cc1ccccc1)CC(=O)NO
D11325,Cc1cc(C(F)F)cnc1C(=O)Nc1ccc(F)c([C@@]2(C)N=C(N)C3(CCC3)S(=O)(=O)[C@@H]2F)c1
D11326,CN[C@@H](C)C(=O)N[C@H]1CN(C(=O)c2ccc(N)cc2)c2ccccc2N(Cc2c(OC)ccc3cc(C(=O)O)ccc23)C1=O
D11327,CN(CCO)C(=O)N1CC(c2cc(F)ccc2F)=C[C@H]1c1cccc(O)c1
D11328,CN(C)CC1CC1c1cccc2ccccc12
D11329,N#CC1(NC(=O)[C@@H]2CCCC[C@H]2C(=O)N2CCN(c3nc(C4CC4)cs3)CC2)CC1
D11330,O=C(NS(=O)(=O)c1ccc(NCCSc2ccccc2)c([N+](=O)[O-])c1)c1ccc(-c2ccc(F)cc2)cc1
D11331,Nc1nc2ccc(-c3cncc(S(=O)(=O)Nc4cccc5ccccc45)c3)cn2n1
D11332,Cc1cc(Oc2cncc(F)c2)cc(C(=O)Nc2ccc(Cl)cn2)n1
D11333,OCC1CCN(c2ncccc2Oc2ccc(Nc3nc4ccccc4[nH]3)cc2)CC1
D11334,OCc1cccc2nc(-c3[nH]nc4ncc(-c5cncc6ccccc56)cc34)[nH]c12
D11335,C[C@@H](Oc1nc(-c2cnn(C3CCCCC3)c2)cc2nn(C)cc12)[C@H]1CNC(=O)C1
D11336,COc1cnc(C(=O)Nc2ccc(F)c([C@]3(C)CS(=O)(=O)C(C)C(N)=N3)c2)cn1
D11337,C[C@H](O)C(=O)N1CC[C@H](Oc2ccc(-c3ncnc(Nc4cnn(CC(F)F)c4)n3)cc2C#N)[C@H](F)C1
D11338,COc1c(O)cc2oc(-c3ccc(O)c(O)c3)c(OC)c(=O)c2c1O
D11339,CCS(=O)(=O)c1ccc(S(=O)(=O)NC)cc1Nc1cc(Nc2ccc(Cl)cn2)ncn1
D11340,C[C@@H](O)[C@H](NC(=O)[C@H]1NC(=O)[C@H]([C@@H](C)O)NC(=O)[C@H](CCCCN)NC(=O)[C@H](CCCN)NC(=O)[C@H](Cc2ccc(O)cc2)NC(=O)[C@@H](NC(=O)[C@@H]2Cc3ccccc3CN2)CSSC1(C)C)C(N)=O
D11341,Cc1cccc2nc(NC(=O)c3ccnc(C(F)(F)F)c3)n([C@@H]3CCCCN(C(=O)/C=C/CN(C)C)C3)c12
D11342,CCCc1nc(C)c2c(=O)[nH]c(-c3cc(S(=O)(=O)N4CCN(CC)CC4)ccc3OCC)nn12
D11343,CNc1cc(C(C)(C)C)cc(NC(=O)Nc2ccc(Oc3ccnc(Nc4cc(OC)cc(OCCOCCOCCOC)c4)c3)c3ccccc23)c1OC
D11344,CCCCCN(C(=O)N1CCN(C(=O)N(c2ccccc2)c2ccccc2)C[C@H]1C(=O)O)c1ccccc1
D11345,Cc1c(C(=O)N(CC(C)(C)C)[C@H]2CCNC2)ccc(Cl)c1Cl
D11346,CNC(=O)c1ccc(Nc2ncc(F)c(-c3cnc(C)n3C(C)C)n2)cc1
D11347,NC1=N[C@](CF)(c2cc(NC(=O)c3ncc(Cl)cc3F)cc(F)c2F)C[C@@H](C(F)(F)F)O1
D11348,CCCC[C@@H](CC(=O)NO)S(=O)(=O)c1ccccc1
D11349,CCCCCCCCOC(=O)Cc1c(C)n(C(=O)c2ccc(Cl)cc2)c2ccc(OC)cc12
D11350,CCCCN(CCCC)C(=O)CN1C[C@H](c2ccc3c(c2)OCO3)[C@@H](C(=O)O)[C@@H]1CCC1CCCCO1
D11351,COc1ccc(CNc2ncnc3c(CCO)c(OC)c(NC(C)=O)cc23)cc1Cl
D11352,O=C(/C=C/c1c(C(=O)O)[nH]c2ccccc12)Nc1cccc(/C=C/c2ccc3ccc(Cl)cc3n2)c1
D11353,O=C(NC1CCS(=O)(=O)CC1)[C@@H]1CC[C@@H]2CN1C(=O)N2OS(=O)(=O)O
D11354,N[C@@H](CC(=O)N1CCN(Cc2ccc3ccccc3c2)CC1)C(=O)N1Cc2ccccc2C1
D11355,CCCS(=O)(=O)N1CCC(c2ccccn2)([C@H](C)NC(=O)c2cc(F)cc(F)c2Cl)CC1
D11356,CC(C)ON(C(C(=O)NO)C(C)C)S(=O)(=O)c1ccc(-c2ccc(C(C)C)cc2)cc1
D11357,Cc1c(CC(=O)OCCO)cc(-c2ccc(S(C)(=O)=O)cc2)n1-c1cccc(F)c1
D11358,CS(=O)(=O)Cc1cc(N2CCOCC2)nc(-c2ccc(NC(=O)Nc3ccc(F)cc3)cc2)n1
D11359,CC(C)Nc1ccc2c(c1)C(c1ccc(Cl)cc1)N(c1ccc(N(C)Cc3ccncc3)cc1)C(=O)C2
D11360,N#Cc1cc(-c2ncnc(Nc3ccc(N4CCN(C5COC5)CC4)c(F)c3)n2)ccc1OC1CCS(=O)(=O)CC1
D11361,CC(C)(C)c1cc(C=C2SC(N)=NC2=O)cc(C(C)(C)C)c1O
D11362,NC(=O)c1cccc(O[C@H]2C[C@@H]3CC[C@H](C2)N3C2(c3ccccc3)CC2)c1
D11363,CN1CC(C)(NC(=O)Nc2nc(C(C)(C)C)cs2)C(CN2CCC[C@@H](Cc3ccc(F)cc3)C2)OC1=O
D11364,N#Cc1cc(-c2ncnc(Nc3ccc(N4CCN(C5COC5)CC4)cc3)n2)ccc1O[C@H]1CCN(C(=O)c2cn[nH]c2)C[C@H]1F
D11365,CS(=O)(=O)c1ccc(C2Sc3ccccc3C(=O)N2Cc2ccccc2)cc1
D11366,CC(c1cccc(C(F)(F)F)c1)c1nc(-n2ccc(NC(=O)c3cscn3)cc2=O)c[nH]1
D11367,Oc1cc(O)c2c(c1)C/C(Cl)=C\Cc1cc(c(Cl)cc1O)Oc1c(O)cc(cc1O)C/C(Cl)=C\Cc1cc(c(Cl)cc1O)O2
D11368,N#Cc1cccc(C#N)c1-c1nc2c3ccccc3c3cc(Cl)ccc3c2[nH]1
D11369,OC[C@H]1O[C@@H](c2ccc(Cl)c(Cc3ccc(OCCOC4CCC4)cc3)c2)[C@H](O)[C@@H](O)[C@@H]1O
D11370,CCC(=O)ON[C@H](CS(C)(=O)=O)c1ccc(-c2ccc3ncnc(Nc4ccc(OCc5cccc(F)c5)c(Cl)c4)c3c2)o1
D11371,CC(C)CCCC(N[C@@H](Cc1ccc2c(c1)oc1ccccc12)C(=O)O)P(=O)(O)O
D11372,Cc1cc(-c2[nH]c3ccc(C4CCN(Cc5ncc(C6CC6)o5)CC4)cc3c2C(C)C)cn2ncnc12
D11373,C[C@H](C(N)=O)N1CCc2cc(OCc3cccc(F)c3)ccc2C1
D11374,N[C@@H](CCN(Cc1ccccc1)Cc1ccccc1)C(=O)N1CCCCC1
D11375,NC(=O)Nc1ccc(NC(=O)N2CC[C@@H]3[C@H]2C(=O)N3S(=O)(=O)[O-])cc1
D11376,COc1ccc(NS(=O)(=O)c2ccc(Br)cc2)cc1N1CCN(C)CC1
D11377,O=c1[nH]c2ncc(-c3ccc(CO)cc3)nc2n1CC1CCCCC1
D11378,N#CC(C#N)=C1C(=O)N(Cc2ccccc2)c2ccc(S(=O)(=O)N3CCSCC3)cc21
D11379,CNCc1cnc2ccc(-c3c(-c4ccc(F)cc4)ncn3CC(F)F)nn12
D11380,CC1(C)N=C(N)N=C(N)N1OCCCOc1ccc(/C=C/C(=O)c2ccccc2)cc1.Cl
D11381,O=C(Cc1c[nH]c2ccccc12)Nc1cc2c3ccccc3nc-2c[nH]1
D11382,COc1cc(OC)cc(-c2cc(COC(C)(C)C(=O)O)nn2-c2ccccc2N2CCC2)c1
D11383,Cc1c([C@@H](O)CN2CCC3(CC2)CCN(c2ccc(S(C)(=O)=O)nc2)C3)ccc2c1COC2=O
D11384,CN[C@@H](C)C(=O)N[C@H]1CN(C(=O)CS(C)(=O)=O)c2cc(C#N)ccc2N(Cc2c(OC)ccc3ccccc23)C1=O
D11385,COc1cc(N2CCN(CC(=O)N(C)C)CC2)ccc1Nc1ncc(Cl)c(-c2cnc3ccccn23)n1
D11386,COC1COCCC1N[C@@H]1C[C@H]2C[C@@H](Cl)C[C@@]2(C(=O)N2CCc3ncc(C(F)(F)F)cc3C2)C1
D11387,C[C@H](O)CN1CCN(c2ccc(Nc3ncnc(-c4ccc(O[C@H]5CCN(C(=O)[C@H](C)O)C[C@H]5F)c(C#N)c4)n3)cc2)CC1
D11388,N#Cc1ccccc1COc1ccc(S(=O)(=O)N2C[C@H](O)CC[C@@H]2C(=O)NO)cc1
D11389,Cc1ccc(C(=O)NNC(=O)Cn2c(=O)c(Cc3ccccc3)nc3ccccc32)cc1
D11390,CC(=O)Nc1ccc(Nc2ncnc(-c3ccc(O[C@H]4CCN(C(=O)C5CCC(=O)N5)C[C@H]4F)c(C#N)c3)n2)cn1
D11391,Cc1c2c(n3c1CCCN1CCOC[C@@H]1CNc1cc-3ccc1C(N)=O)CC(C)(C)CC2=O
D11392,C[C@@]1(c2cc(NC(=O)c3cnc(OCC(F)(F)F)cn3)cc(Cl)c2F)C[C@@H](C(F)(F)F)OC(N)=N1
D11393,Cc1c(OCCNCCCF)ccc(F)c1[C@@H]1c2[nH]c3ccccc3c2C[C@@H](C(F)(F)F)N1C[C@H](C)C(=O)O
D11394,CC(C)Oc1nc(-c2ccc(S(C)(=O)=O)cc2)cc(C(F)(F)F)n1
D11395,COC1COCCC1N(C)[C@@H]1C[C@H]2OCC[C@@]2(C(=O)N2CCc3ncc(C(F)(F)F)cc3C2)C1
D11396,C=C(C)C(=O)Nc1ccc2ncnc(Nc3cccc(Br)c3)c2c1
D11397,CCOC(=O)c1oc2cnccc2c1Nc1ccc2c(c1)CCC2N=O
D11398,CCCNNC(=O)c1ccc(CNC(=O)[C@H](Cc2c[nH]c3ccccc23)NC(=O)c2ccc(OC)cc2)cc1
D11399,C[C@]1(c2cc(/C=C(\F)c3ccc(C#N)cn3)cnc2F)N=C(N)S[C@@]2(C(=O)N3CCOCC3)C[C@H]21
D11400,NC(=O)c1cnc(N[C@H]2CCCNC2)c2cc(-c3ccsc3)sc12
D11401,CC(C)COC(=O)c1cccc(O)c1C(=O)c1c(O)cc(C(=O)O[C@@H]2CNC[C@H]2NC(=O)c2ccc(O)cc2)cc1O
D11402,O=C([C@@H](O)C1CC1)N1CC(c2cc(F)ccc2F)=C[C@H]1c1ccccc1
D11403,CC(C)=CCC/C(C)=C\CNC(=O)Oc1ccc(C(C)(C)C)cc1
D11404,CC(O)C(=O)N1CC(C#Cc2ccc3c(=O)c(-c4ccc(NS(C)(=O)=O)cc4)coc3c2)C1
D11405,C#CCN(Cc1ccc2cccc(O)c2n1)CC1CCN(Cc2ccccc2)CC1
D11406,CCC(NC)C(=O)N[C@H]1CCc2ccccc2N(Cc2c(OC)ccc3cc(Br)ccc23)C1=O
D11407,CCCc1cc(Oc2ccc(Cl)c(Cl)c2)ccc1OCCCOc1cccc(-c2sc(=O)[nH]c2O)c1
D11408,CC1(c2ccccc2)CC1NC1CCC(N)CC1
D11409,COc1ccc(C(SC[C@H](N)C(=O)O)(c2ccccc2)c2ccccc2)cc1
D11410,CN(C)CCNC(=O)c1ccc(-c2cc(Cl)c3c(c2)C2(CCCCC2)NC(=O)N3)cc1
D11411,Cc1cc(Oc2cnc(C)nc2)cc(C(=O)Nc2ccc(F)cn2)n1
D11412,CCCCN(C)S(=O)(=O)C[C@H]1C[C@@H](N(C)c2ncnc3[nH]ccc23)C1
D11413,CS(=O)(=O)CC(N)c1ccc(-c2ccc3ncnc(Nc4ccc(OCc5cccc(F)c5)c(Cl)c4)c3c2)o1
D11414,CC(C)COc1ccc(Cl)cc1-c1ccccc1-c1cccc(C(=O)[O-])n1
D11415,C[N+]1(C)CCO[C@@](O)(c2ccc(Cl)cc2)C1
D11416,O=C([O-])c1ccc(-c2cccc(O[C@H]3O[C@H](CO)[C@@H](O)[C@H](O)[C@@H]3O)c2)cc1
D11417,CC(C)Oc1ccc(-c2cc(COC(C)(C)C(=O)O)nn2Cc2ccccc2Cl)s1
D11418,Cc1cc(-c2[nH]c3ccc(C4CCN(C(=O)CNS(C)(=O)=O)CC4)cc3c2C(C)C)cn2ncnc12
D11419,Cc1c(CCN2CCNCC2)ccc2cc(F)ccc12
D11420,CCCCC(=O)c1cc(C(C)(C)C)c2c(c1)C(C)(C)CO2
D11421,N#Cc1cnc2ccc(-c3c(-c4ccc(F)cc4)ncn3C3COC3)nn12
D11422,CCN[C@@H](CC)C(=O)N[C@@H]1C(=O)N(Cc2c(C)ccc3ccccc23)c2ccc(C#N)cc2N(C(=O)CS(C)(=O)=O)[C@H]1C
D11423,N#CN1CCCC(n2nc(-c3ccc(Oc4cccc(C(F)(F)F)n4)cc3)c(C(N)=O)c2N)C1
D11424,CCCCCCCCCNC(=O)Cc1c(C)n(C(=O)c2ccc(Cl)cc2)c2ccc(OC)cc12
D11425,O=C(N[C@@H]1CCC[C@H]1OCc1ccccc1)C1CCN(c2nc3cc(Cl)ccc3o2)CC1
D11426,Cc1ccc2c(Nc3ccc(Cl)cc3)nccc2c1Nc1ncccc1-c1ccncn1
D11427,O=C(c1ccc(O)cc1OC[C@@H](O)CN1CCC2(CC1)Cc1cc(Cl)ccc1O2)N1CC[C@H](O)C1
D11428,NC(=O)c1cccc2c(NCc3cccc(NC(=O)c4ccnc(N5CCCCC5)c4)c3)ncnc12
D11429,C[C@@H](c1ccc(-c2ccc(F)cc2F)cc1)N1CC[C@](CC(N)=O)(c2ccc(F)cc2)OC1=O
D11430,N[C@@H](CC(=O)N1CCCN(C(=O)c2cncc(C(=O)O)c2)CC1)Cc1cc(F)c(F)cc1F
D11431,CN1C(=O)N(CC(CS(=O)(=O)c2ccc(Oc3ccc(OC(F)(F)F)cc3)cc2)N(O)C=O)C(=O)C1(C)C
D11432,Cc1noc(NC(C)C#Cc2cnc(Oc3ccc(Oc4ccccc4)cc3)s2)c1C
D11433,CCn1nc2c(c1C)C(c1ccc(F)cc1F)N(c1cc(C)c3nnc(C)n3c1)C2=O
D11434,CS(=O)(=O)c1ccc(C2=C(c3ccc(F)c(F)c3)CC3(CC3)C2)cc1
D11435,CC(C)(O)[C@H]1CC[C@H](Nc2ccc3ncc(-c4cccc(Cl)c4)n3n2)CC1
D11436,CS(=O)(=O)Nc1cc2c(cc1SC1CCCCC1)C(=O)CC2
D11437,Cn1cc(-c2ccncc2)c(-c2ccc(OCc3cc(OCCOCCF)c4ccccc4n3)cc2)n1
D11438,Cc1ccsc1CN=Nc1nc2ccccc2nc1Cc1ccccc1
D11439,CC1(C)CC2=NNC(=O)c3cc(F)cc4[nH]c(c2c34)C1
D11440,CS(=O)(=O)c1ccc(-c2cc(C(F)(F)F)nc(OC3CCC3)n2)cc1
D11441,CCOC(=O)[C@H](O)c1cc(-c2ccc(S(C)(=O)=O)cc2)n(-c2cccc(F)c2)c1C
D11442,CC1(c2cc(NC(=O)c3ccc(Cl)cn3)cc(F)c2F)CS(=O)(=O)C(C)(C)C(N)=N1
D11443,COc1ccc(NS(C)(=O)=O)cc1-c1ccc(C2CC2N[C@H]2CC[C@H](N)CC2)cc1
D11444,Cc1cccc(C(=O)N2C[C@@H](C)OC[C@H]2Cc2cc(-n3nccn3)ccc2F)c1-n1nccn1
D11445,Cc1cc(F)ccc1-c1cc(C2CCC(C(=O)O)CC2)ncc1N(C)C(=O)C(C)(C)c1cc(C(F)(F)F)cc(C(F)(F)F)c1
D11446,COc1cc2c(cc1-c1cccnc1)CCC(=O)N2C
D11447,CC[C@@H](C)N(Cc1nc2c(c(=O)[nH]1)COCC2)C(=O)CN1CCC(C(=O)c2ccc(F)cc2)CC1
D11448,Cc1ccc(-n2nc(Nc3cc(C)n[nH]3)c3ccccc3c2=O)cc1
D11449,O=S(=O)(N[C@@H]1CC[C@@]2(S(=O)(=O)c3ccc(Cl)cc3)c3c(F)ccc(F)c3OC[C@H]2C1)C1CC1
D11450,Cc1cccnc1CN1CCC2(CC1)C(=O)N(c1ccc(C3CCCCC3)cc1)C(=O)N2c1cc(=O)[nH]cn1
D11451,CN[C@@H](C)C(=O)N[C@@H](CC(C)C)C(=O)N1Cc2ccccc2[C@H]1C(=O)Nc1c(F)cccc1F
D11452,N[C@@H](CCNCc1ccncc1)C(=O)N1CCCCC1
D11453,O=C([O-])C1=C(C(=O)[O-])N2C(=O)/C(=C/c3ccccn3)[C@H]2S(=O)(=O)C1
D11454,CC1(C)OC(=O)N([C@H]2CC[C@H](c3cnc(N)c(C#N)c3)CC2)[C@H]1c1ccccc1
D11455,O=C(Nc1ccccc1)c1ccn(C(=O)c2ccccc2)n1
D11456,Cc1ncc(C#N)c(Nc2ccc3[nH]ccc3c2C)c1/C=C/c1ccc(S(=O)(=O)N2CCCCC2)cc1
D11457,O=C(COC(=O)c1cccc(S(=O)(=O)N2CCc3ccccc3C2)c1)NCc1ccco1
D11458,NC(=O)c1cnc2ccc(-c3c(-c4ccc(F)c(Cl)c4)ncn3CCN3CCOCC3)cn12
D11459,C#CCN(Cc1ccc2cccc(O)c2n1)C(C#N)CCC1CCN(Cc2ccccc2)CC1
D11460,COc1ccc(C(=O)N2CCc3ccccc32)cc1CSc1nc2cc(F)ccc2n1CC(=O)O
D11461,COc1ccc(C(=O)Nc2nnc(SCC(=O)NC3CCCC3)s2)c(OC)c1
D11462,COc1cnc(C(=O)Nc2ccc3c(c2)C2(CCOC(N)=N2)c2cc(C4=CCCOC4)ncc2O3)cn1
D11463,NC1=N[C@](CF)(c2cc(NC(=O)c3nn(C(F)F)cc3Cl)cnc2F)[C@H]2C[C@H]2O1
D11464,CCN1CC(CO)Cc2cc(Cc3cnc(N)nc3N)cc(OC)c21
D11465,CN1CCN(C2=Nc3cc(OS(C)(=O)=O)ccc3Nc3ccccc32)CC1
D11466,O=C(/C=C/c1ccccc1)Nc1ccccc1
D11467,N#Cc1ccccc1Cn1c(N2CCC[C@@H](N)C2)nc2ccsc2c1=O
D11468,COc1cc(Cl)cnc1C(=O)Nc1ccc(F)c([C@]2(CF)C[C@@H](C(F)(F)F)OC(N)=N2)c1
D11469,COc1cnc(C(=O)Nc2ccc3c(c2)C2(CCOC(N)=N2)c2cc(C4CCOCC4)cc(F)c2O3)cn1
D11470,CN(C)c1cccc([C@]2(O)CC[C@@H](N3CC(NC(=O)CNC(=O)c4cccc(C(F)(F)F)c4)C3)CC2)c1
D11471,Cc1ccc(NC(=O)c2ccc(/C=C/C(=O)NO)cc2)cc1Nc1ncc(-c2cccnc2)s1
D11472,N#Cc1ccc(N2CC[C@H](c3cc(F)c(F)cc3F)[C@@H]([NH3+])C2)nc1
D11473,COc1ccc2c(c1)NC(=O)Cc1cnc(Nc3ccc(OC)c(O)c3)nc1-2
D11474,O=C(NO)[C@@H]1[C@H](c2ccccc2)[C@H]1c1ccc2c(c1)CN(CC(F)(F)F)C2=O
D11475,NC(=O)c1cccc2[nH]c(-c3ccc(-c4ccc(N)nc4)cc3)nc12
D11476,Cc1cnc(-c2cc(OC(C)C(C)O)cc(C(=O)N[C@@H](C)c3cnc(C(F)(F)F)nc3)c2)s1
D11477,Brc1cccc(COc2ccc3c(c2)OCCO3)c1
D11478,CN[C@@H](C)C(=O)N[C@H]1COc2c(F)cccc2N(Cc2c(OC)ccc3cc(Br)ccc23)C1=O
D11479,COCCCc1ccc(Cl)c(CN(C(=O)[C@@H](CN)Cc2ccc(OCCOc3c(Cl)cc(C)cc3Cl)cc2)C2CC2)c1
D11480,Cc1cc(C2CCN(CCCF)CC2)cc2[nH]c(-c3c(NC[C@@H](O)c4cccc(Cl)c4)cc[nH]c3=O)nc12
D11481,COc1cnc2c(NCc3nnc4ccc(-c5cc(F)cc(F)c5)nn34)ccnc2c1
D11482,COc1cc2c(Nc3ccc(Cl)c(Cl)c3)ncnc2cc1OCC1CN(CCCCCC#N)CCO1
D11483,O=NCc1cccn1-c1cccc(C(=O)O)c1
D11484,[NH3+][C@H]1Cn2c(nc3ccc(C(F)(F)F)cc32)C[C@@H]1c1cc(F)c(F)cc1F
D11485,O=C(O)c1cncc(-c2ccc(N3CCC(Oc4ccccc4Br)CC3)nn2)c1
D11486,Nc1noc2c(N3CCC(NC(=O)c4ccc(-n5cnnc5)cc4Cl)C3)cc(Cl)cc12
D11487,COCCOc1cc2ncnc(Nc3ccc(Cl)cc3F)c2cc1OCCOC
D11488,CS(=O)(=O)c1ccc(-c2ccc(C[C@@H](C#N)NC(=O)[C@H]3N[C@@H]4CC[C@H]3C4)c(F)c2F)cc1
D11489,COc1ccc(-c2ccc3c(N4CCOC[C@@H]4C)nc(-n4ccnc4)nc3n2)cc1CO
D11490,Cc1ccc(Oc2ccc(Nc3ncnc4cccc(O[C@@H](C)C(=O)N(C)C)c34)cc2C)cn1
D11491,CNCCN(C)Cc1ccc(C(=O)Nc2ccc(Cl)cc2C(=O)Nc2ccc(Cl)cn2)cc1
D11492,CC#Cc1cnc(/C(F)=C/c2ccc(F)c([C@@]3(C)N=C(N)S[C@@]4(C(=O)NC)C[C@H]43)c2)cn1
D11493,CCN1CCCC(c2nc(COc3cc4ncnc(Nc5ccc(Cl)c(Cl)c5)c4cc3OC)cs2)C1
D11494,CNC(=O)c1cnc(N)c2cc(-c3ccc(OC(F)(F)F)cc3)sc12
D11495,CCCCN(CCCC)C(=O)CN1C[C@H](c2ccc3c(c2)OCO3)[C@@H](C(=O)O)[C@@H]1CCN1CCCCC1=O
D11496,CC[C@]1(C)NC(=O)c2cc(S(=O)(=O)Nc3ccc(C(F)(F)F)cc3)ccc2NC1=O
D11497,CC(C)c1c(-c2cc(CO)c3ncnn3c2)[nH]c2ccc(C3CCN(Cc4nnn(C)n4)CC3)cc12
D11498,Cc1c2c(O[C@H](C)[C@H]3CNC(=O)C3)cc(-c3cnn(C4CCC(F)(F)C4)c3)cc2nn1C
D11499,Cc1cc2nc3c(cn2n1)CN([C@H]1CC[C@H](c2cc(F)ccc2F)[C@@H](N)C1)C3
D11500,CN[C@@H](C)C(=O)N[C@H]1CN(C(=O)c2ccc(C(C)=O)cc2)c2ccccc2N(Cc2noc3cc(Br)ccc23)C1=O
D11501,CN(Cc1cnc2nc(N)nc(N)c2n1)c1ccc(NC(=O)NC(CC(=O)O)C(=O)O)cc1
D11502,CCOc1ccccc1Cn1nc(COC(C)(C)C(=O)O)cc1-c1cccc(OC)c1
D11503,O=C([C@@H]1CCCCN1)N1CCN(c2nc(NCc3ccc(Cl)cc3Cl)c3cccnc3n2)CC1
D11504,COc1cc2c(Nc3ccc(Cl)c(Cl)c3Cl)ncnc2cc1O[C@H]1CO[C@@H]2[C@@H](OC)CO[C@H]12
D11505,CN1C(=O)Cc2ccc(-c3ccc(C[C@@H](C#N)NC(=O)[C@H]4N[C@@H]5CC[C@H]4C5)c(F)c3F)cc21
D11506,COc1ccc(-n2nc(C(C)C)cc2NC(=O)Nc2ccc(Oc3ccnc(Nc4cc(C)c5[nH]ncc5c4)n3)c3ccccc23)cc1
D11507,Cc1ccc(-n2sc(=O)n(Cc3cccc(Cl)c3)c2=O)cc1
D11508,COC(=O)C1=C(c2ccc(Br)cc2)CC2CCC1O2
D11509,CC(C)(O)C(=O)c1oc2nc(-c3ccccc3Cl)c(-c3ccc(Cl)cc3)cc2c1NC(=O)CO
D11510,NCCC[C@@]1(C(=O)O)CCn2c(-c3ccccc3)cnc2C1
D11511,CS(=O)(=O)c1ccc(C2=C(c3ccc(F)cc3)c3ccccc3C2)cc1
D11512,CC(C(O)c1ccc2[nH]c(=O)oc2c1)N1CCC(O)(c2ccc(F)cc2)CC1
D11513,Cc1cc(Cl)ccc1C1c2c(nn(CCO)c2C(C)C)C(=O)N1c1cc(Cl)ccc1C
D11514,N#Cc1ccc(F)cc1Cn1c(N2CCC[C@@H](N)C2)ncc(Cl)c1=O
D11515,FC1(F)CN(CCc2ccccc2)CCC1Nc1ncnc2[nH]ncc12
D11516,CC(C)C[C@H](NC(=O)[C@@H](NC(=O)N[C@H](C(=O)O)C(C)C)[C@@H]1CCN=C(N)N1)C(=O)NCCCN[C@H](C(=O)O)[C@H](O[C@@H]1O[C@H](CN)[C@@H](O)[C@H]1O)[C@H]1O[C@@H](n2ccc(=O)[nH]c2=O)[C@H](O)[C@@H]1O
D11517,COC[C@H](C)COCc1ccc([C@@]2(O)CCNC[C@@H]2c2noc(-c3ccccc3CCNC(C)=O)c2Br)cc1
D11518,[C-]#[N+]c1cnc2c(Nc3ccc(F)c([C@]4(C)CS(=O)(=O)C(C)(C)C(N)=N4)c3)ncc(F)c2c1
D11519,Cc1c2ccc(N(C)c3ccnc(Nc4cccc(S(N)(=O)=O)c4)n3)cc2nn1C
D11520,O=C1C(=Cc2ccc(N3CCN(c4ncccn4)CC3)cc2)C(=O)c2ccccc21
D11521,O=C(O)CCn1cc(Cn2ccnc2)c2cc(Cl)ccc21
D11522,Cc1cnc([C@]2(O)CC[C@H](N3CC(NC(=O)CNC(=O)c4cccc(C(F)(F)F)c4)C3)CC2)s1
D11523,Nc1nccnc1C(=O)N1CCC([C@H](N)Cc2cc(F)c(F)cc2F)CC1
D11524,NC(=O)C1CCC(N[C@H]2C[C@@H]2c2ccc(-c3cccc(C(F)(F)F)c3)nc2)CC1
D11525,CC(C)(Oc1ccc(Cl)cc1)C(=O)N[C@H]1C2C[C@@H]3C[C@H]1C[C@@](Cc1nnn[nH]1)(C2)C3
D11526,CCCC[C@H](NC(=O)O[C@H](Cc1nnc(-c2ccc(C(F)(F)F)cc2)o1)C(C)(C)C)C(=O)C(=O)NN1CCOC1=O
D11527,COc1ncccc1-n1nc(C)c2c1C(=O)N(c1cc(C)c3nnc(C)n3n1)C2c1ccc(Cl)cc1
D11528,O=c1[nH]c2ccc(F)c(Cl)c2cc1O
D11529,N#Cc1cc(-c2ncnc(Nc3ccc(C(N)=O)cc3)n2)ccc1OC1CCOCC1
D11530,COCCS(=O)(=O)N[C@H]1C[C@@H](N(C)c2ncnc3[nH]ccc23)C1
D11531,COCC(CS(=O)(=O)c1ccc(Oc2ccc(OC(F)(F)F)cc2)cc1)N(O)C=O
D11532,C[C@@H]1Cc2c([nH]c3ccccc23)[C@@H](c2ccc(Cl)cc2)N1CCO
D11533,C[C@H](c1cc(C(=O)N(C)C)cc2c(=O)cc(N3CCOCC3)oc12)N(C)c1cc(F)cc(F)c1
D11534,CC[C@]1(C(=O)O)CCc2ccc(OCCCOc3ccc(C(C)C)cc3Cl)cc2O1
D11535,C[C@@H](c1ccc(OC(F)F)cc1)N1CC[C@](CCC(N)=O)(c2ccccc2)OC1=O
D11536,CCCc1nc2c(C)ccnc2n1Cc1ccc(-c2cccnc2-c2nnn[nH]2)cc1
D11537,CNC(=O)[C@H](Cc1c[nH]c2ccccc12)NC(=O)C(=CCCc1ccccc1)CC(=O)NO
D11538,C[C@]1(c2cc(/C=C(\F)c3cnc(OCC(F)(F)F)cn3)ccc2F)N=C(N)S[C@@]2(S(C)(=O)=O)C[C@@H]12
D11539,CCCCCCOCCCCCN1C[C@H](O)[C@@H](O)[C@H](O)[C@@H]1CO
D11540,CCCS(=O)(=O)N1CCC(CNC(=O)c2ccccc2F)(c2ccccn2)CC1
D11541,Cc1ccc(NC(=O)c2cc(F)cc(C(F)(F)F)c2)cc1C(=O)Nc1cnc(Nc2ccc(N3CCN(C)CC3)cc2)nc1
D11542,N#Cc1ccccc1S(=O)(=O)Nc1cccc(-c2ccc([C@H]3CC3NC3CCC(N)CC3)cc2)c1
D11543,CCN1CC(C)(C)Oc2nc(N3CCOC[C@@H]3C)nc(-c3ccc(NC(=O)Nc4cc(OC)ccn4)cc3)c2C1=O
D11544,CC(C)(CC(=O)N1CCSC1)NCC(=O)N1C[C@@H](F)C[C@H]1C#N
D11545,COc1cc2ncc(C#N)c(Nc3ccc(Cl)cc3F)c2cc1OC
D11546,NC1=N[C@@](c2cc(NC(=O)c3ncc(Br)cn3)ccc2F)(C(F)F)[C@H]2C[C@H]2O1
D11547,C[C@@H]1O[C@@H](O[C@H]2C[C@@H](O)[C@]3(CO)[C@H]4[C@H](O)C[C@]5(C)[C@@H](C6=CC(=O)OC6)CC[C@]5(O)[C@@H]4CC[C@]3(O)C2)[C@H](O)[C@H](O)[C@H]1O
D11548,CN1CCN(Cc2ccc(OC3CN(C(=O)c4nnc(-c5ccccc5)o4)C3)cc2F)CC1
D11549,N#CCCn1nc(-c2ccc(OCc3ccccc3)cc2)sc1=S
D11550,O=S(=O)(Nc1ncns1)c1ccc2c(-c3ccc(Cl)cc3-c3ccncc3)cccc2c1
D11551,Cc1ccc(-c2c(-c3ccc(S(N)(=O)=O)cc3)ccc(F)c2F)cc1
D11552,CC[C@@H]1C(=O)NC[C@H](C)CN1C(=O)C[C@H](N)Cc1cc(F)c(F)cc1F
D11553,N#Cc1cc(-c2ncnc(Nc3ccc(N4CCN(C5COC5)CC4)cc3)n2)ccc1OC1CCN(C(=O)[C@H]2CCC(=O)N2)C[C@H]1F
D11554,CCCOCCc1cc(-c2ccc(S(C)(=O)=O)cc2)n(-c2cccc(F)c2)c1C
D11555,CC(C)(O)C1Cc2cc3cc(-c4cc(O)cc(O)c4)oc3cc2O1
D11556,CCc1cn2c3c(cc(C(=O)N[C@@H](Cc4ccccc4)[C@H](O)CNCc4cccc(OC)c4)cc13)NS(=O)(=O)CC2
D11557,N#Cc1cc(-c2ncnc(Nc3ccc(N4CCN(C5COC5)CC4)cc3)n2)ccc1OCC1CNC(=O)O1
D11558,C=C(C)c1cnc(-c2cc(Cl)ccc2F)cc1Nc1ccncc1C(=O)NC(C)(C)CO
D11559,COc1cc(-c2cc(C)cc(F)c2)c(C#N)cc1-c1nccc2cc(S(=O)(=O)Nc3ccncn3)ccc12
D11560,CN1CCCNC(=O)C12CCN(c1nc(Oc3cccc(F)c3)cc(C(F)(F)F)n1)CC2
D11561,CC#CCOc1ccc(S(=O)(=O)N[C@H](Cc2cn(Cc3ccc(OC)cc3)c3ccccc23)C(=O)O)cc1
D11562,CCCc1nc(C(C)(C)O)c(C(=O)O)n1Cc1ccc(-c2ccccc2-c2nnn[nH]2)cc1
D11563,N#Cc1csc(NC(=O)CN2C(=O)CCc3ccccc32)c1-c1nnc[nH]1
D11564,Cc1cccc(-c2ccc3c(c2)[nH]c(=O)c2[nH]c(-c4c(F)cccc4Cl)nc23)c1
D11565,N#Cc1cnc2ccc(-c3c(-c4ccc(F)cc4)ncn3CC(F)F)cn12
D11566,CO[C@H]1C[C@@H](n2c(=O)[nH]c3cnc4ccc(-c5ccc(OCCCN(C)C)nc5)cc4c32)C1
D11567,O=C(O)/C=C/c1ccc(Cn2ccnc2)cc1
D11568,Cc1ccc(-c2nc3ccc(C)cn3c2CC(=O)N(C)C)cc1
D11569,C[C@H](O)C(=O)N1CC[C@H](Oc2ccc(-c3ncnc(Nc4ccc(N5CCN6CCOC[C@H]6C5)cc4)n3)cc2C#N)[C@H](F)C1
D11570,CCn1ncc2ccc(-c3cc(CO[C@](C)(CC)C(=O)O)nn3Cc3ccccc3Cl)cc21
D11571,CC(NC(=O)CC1CCN(Cc2ccn(-c3ccc(C(F)(F)F)cc3)c2)CC1)c1ccc(=O)[nH]c1
D11572,CCc1c2c(n(C)c1CC)CCCC2=NOC(=O)Nc1ccccc1
D11573,N#CSC[C@@H]1C[C@](O)(c2ccccc2)[C@@H](c2ccccc2)[C@H](c2ccccc2)O1
D11574,CCCCc1nc(Cl)c(C(=O)O)n1Cc1ccc(-c2ccccc2-c2nnn[nH]2)cc1
D11575,O=C(Nc1cccc(C#Cc2ccc3nccn3n2)c1)c1ccccc1
D11576,O=C(O)c1[nH]c2ccccc2c1C(=O)Nc1cccc(/C=C/c2ccc3ccc(Cl)cc3n2)c1
D11577,CCS(=O)(=O)c1ccc2nc(-c3cc(-c4ccccc4)ccc3Cl)[nH]c2c1
D11578,Cc1cc([C@]2(c3ccc(F)c(C#CCF)c3)N=C(N)N(C)C2=O)ccc1OC(F)F
D11579,O=C(O)Cn1cc(Cc2nc3c(F)c(F)cc(F)c3s2)c2cccc(Br)c21
D11580,Fc1ccc(-c2ncn([C@@H]3CCC(F)(F)C3)c2-c2ccc3nccn3c2)cc1Cl
D11581,O=c1oc2ccccc2cc1-c1cn(-c2ccccc2)c(=S)[nH]1
D11582,O=C(O)c1ccc2c(Cl)c(Cn3ccnc3)sc2c1
D11583,O=C(Nc1ccc(-c2ccnc3nc[nH]c23)cc1)Nc1cccc([N+](=O)[O-])c1
D11584,O=C(O)CC1COC2(CCN(c3ccc(-c4nc5cc(C(F)(F)F)ccc5[nH]4)cn3)CC2)C1
D11585,COc1cnc(C(=O)Nc2ccc(F)c([C@]3(C(F)F)CS(=O)(=O)C(C)(C)C(N)=N3)c2)cn1
D11586,CCCCNc1ncc(C(=O)Nc2ccc(S(=O)(=O)N3CCOCC3)cc2)c(NC2CCNCC2)n1
D11587,N=C(N)NCCC[C@H](NC(=O)[C@H](Cc1ccccc1F)NC(=O)[C@@H](Cc1ccccc1)NS(=O)(=O)Cc1ccccc1)C(=O)c1nccs1
D11588,Cc1noc(NS(=O)(=O)c2cccc3c(N(C)C)cccc23)c1C
D11589,O=C(O)/C=C/c1ccc(Cc2c(-c3ccccc3)c(=O)oc3cc(O)ccc23)cc1
D11590,N#Cc1ccccc1Cn1c(N2CCC[C@@H](N)C2)nc2c(Cl)cc(Cl)cc2c1=O
D11591,CS(=O)(=O)NCCS(=O)(=O)N[C@H]1CC[C@H]([C@H](N)C(=O)N2CCCC2)C1
D11592,CN[C@@H](C)C(=O)N[C@H]1CCc2ccccc2N(Cc2c(OC)ccc3cc(-c4n[nH]c(=O)c(=O)[nH]4)ccc23)C1=O
D11593,CN(C)c1cccc(-c2cc(COC(C)(C)C(=O)O)nn2Cc2ccccc2Cl)c1
D11594,Cc1cc(Cl)ccc1C1c2c(nn(-c3ccccc3Cl)c2C(C)C)C(=O)N1c1cccc(Cl)c1F
D11595,CN(CC1CC1)S(=O)(=O)C[C@H]1C[C@@H](N(C)c2ncnc3[nH]ccc23)C1
D11596,Cc1cc(F)ccc1Oc1cccc2c(O)cc(N3CCOCC3)nc12
D11597,Cc1ccc(F)cc1C(=O)Nc1ccc(C(=O)N2CCc3c[nH]nc3-c3sccc32)c(Cl)c1
D11598,COCCN1CCC(c2cc(C)c3nc(-c4c(NCCn5cc(Cl)cn5)cc[nH]c4=O)[nH]c3c2)CC1
D11599,CCCCNC(=O)[C@H](C)C[C@H](O)[C@@H](N)C[C@H](Cc1ccc(OC)c(OCCCOC)c1)C(C)C
D11600,CCOC(=O)c1sc2nc3c(SCCC(=O)O)cc(C(=O)c4cc(OC)ccc4O)cn3c(=O)c2c1C
D11601,Cc1cc(-c2[nH]c3ccc(C4CCN(C5COC5)CC4)cc3c2CC(F)F)cn2ncnc12
D11602,O=C(c1ncccn1)N1CC[C@@](O)(c2ccccc2)[C@@H]2CCCC[C@@H]21
D11603,Cc1cc(C(F)(F)F)cnc1CCC1CCN(S(=O)(=O)C[C@](C)(C[C@H](C)c2ncc(F)cn2)N(O)C=O)CC1
D11604,Cc1cccc(CNc2ccc([C@H]3C[C@@H]3NC3CCC(N)CC3)cn2)c1
D11605,CC(C)C[C@H](NC(=O)[C@H](Cc1c[nH]c2ccccc12)NC(=O)OCc1ccccc1)C(=O)N1CC(=O)N[C@@H](Cc2ccccc2)C1
D11606,COc1ccc(OC)c(S(=O)(=O)N2CCC(N(Cc3ccc4ccc(C(=N)N)cc4c3)C(=O)CC(=O)O)CC2)c1
D11607,CON(C)C(=O)[C@@H](c1ccc(-c2ccc(F)cc2)cc1)[C@H]([NH3+])C(=O)N1CC[C@H](F)C1
D11608,COC1CN(c2ccc(-c3ncnc(Nc4ccc(N5CCN(C6COC6)CC5)cc4)n3)cc2C#N)C1
D11609,COCCN(C[C@@H]1CCCN(C2Cc3ccccc3C2)C1)C(=O)c1ccc2ccccc2c1
D11610,OC1CCN(c2nccnc2OC2CN(c3ccc4ccccc4n3)C2)CC1
D11611,CC1(C)N=C(N)N=C(N)N1OCCCCOc1cccc(C(=O)/C=C/c2ccccc2)c1.Cl
D11612,COc1cc2nccc(Oc3ccc4c(C(=O)NC(C)C)cccc4c3)c2cc1OC
D11613,CC(C(O)c1ccc2c(c1)COC(=O)N2)N1CCC(O)(c2ccc(F)cc2)CC1
D11614,COc1cnc2c(NCc3nnc4ccc(-c5ccccc5)nn34)ccnc2c1
D11615,CN1C2CC[C@@H]1CC(c1ccc(Cl)cc1)[C@@H]2c1ncc(-c2ccccc2)s1
D11616,O=C(Nc1ccc2nn[nH]c2c1)[C@@H]1C[C@H](N2CCOCC2)CN1C(=O)/C=C/c1cc(Cl)ccc1-n1cnnn1
D11617,CN1C(=O)C(NC(=O)c2ccc(Cl)cc2)N=C(c2ccccc2)c2ccccc21
D11618,C[C@@]1(c2cc(NC(=O)c3ncc(Cl)cc3F)ccc2F)CC2(CCC(F)(F)CC2)OC(N)=N1
D11619,Cc1c(-c2c(Cl)cc(C(N)=O)c3[nH]c4c(c23)CC[C@H](C(C)(C)O)C4)cccc1-n1c(=O)c2cc(F)cc(F)c2n(C)c1=O
D11620,C[C@@H]1Cc2c(ccc3[nH]nc(F)c23)[C@@H](c2ncc(NC3CN(CCCF)C3)cc2F)N1CC(F)(F)F
D11621,Cc1ccc2oc(=O)c(C(=O)Nc3ccc(Cl)cc3)cc2c1
D11622,CN[C@@H](C)C(=O)N[C@H]1CN(C(=O)c2ccc(C)cc2)c2ccccc2N(Cc2c(OC)ccc3c(Br)cccc23)C1=O
D11623,CC(C)[C@@H](C[C@H](N)C(=O)N1CCCCC1)NCc1ccc(Cl)cc1
D11624,Cn1cc([C@@]2(c3ccc(C(=O)O)cn3)N[C@@H](c3nc(-c4ccc(F)cc4)c[nH]3)Cc3c2[nH]c2ccccc32)cn1
D11625,Cc1nc2ccccc2n1C1CCN(CC(=O)Nc2ccccc2Br)CC1
D11626,Cc1cccc(C)c1NC(=O)c1ccc(-c2ccc(Cl)cc2Cl)o1
D11627,Cc1cccc(C(=O)N2C[C@@H](C)OC[C@H]2Cc2cccc(-c3ncccn3)c2)c1-n1nccn1
D11628,CNC1CN(c2nc3ncc(Cl)cc3n3nnnc23)C1
D11629,C[C@@H](c1ccc(-c2ccc(=O)n(C)c2)cc1)N1CC[C@](CC(C)(C)C#N)(c2ccc(F)cc2)OC1=O
D11630,CCCCc1cc(-c2c[nH]c3ncc(-c4cnn(C5CCNCC5)c4)cc23)nc(N)n1
D11631,CCc1ccc(Oc2ccc(NC(=O)c3cc(COc4ccc(C(=O)C(=O)O)cc4)ccc3COc3ccc(C(=O)C(=O)O)cc3)cc2)cc1
D11632,CC(N=Nc1nc(-c2ccc(F)cc2)cs1)c1ccccn1
D11633,Cc1nc(Nc2cccc3c2C[C@H](O)CC3)oc1-c1ccc(C(F)(F)F)cc1
D11634,Cc1cc(Nc2ccc(C(F)(F)F)cc2)n2ccnc2n1
D11635,C[C@@H](c1ccc(-c2ccc(=O)[nH]c2)cc1)[C@H]([NH3+])C(=O)N1CC[C@H](F)C1
D11636,Cn1c2ccccc2c2c3c(c4c5ccccc5n(CCC#N)c4c21)C(=O)NC3=O
D11637,COc1cc2c(Nc3ccc(Cl)c(Cl)c3)ncnc2cc1OCc1csc(N2CCNCC2)n1
D11638,CCc1cccc(CC)c1NC(=O)CN1C[C@H](c2ccc3c(c2)OCO3)[C@@H](C(=O)O)[C@@H]1c1ccc(CCOC)cc1
D11639,Cc1cc(-c2[nH]c3ccc(C4CCN(C(=O)C5(c6cnccn6)CC5)CC4)cc3c2C(C)C)cn2ncnc12
D11640,N#Cc1ccc(Sc2ccc(Br)cc2)cc1C#N
D11641,CC(C(O)c1ccc2c(c1)CN(C)C(=O)N2)N1CCC(O)(c2ccc(F)cc2)CC1
D11642,CC(c1cccs1)N(Cc1nc2c(c(=O)[nH]1)COCC2)C(=O)CN1CCC(C(=O)c2ccc(F)cc2)CC1
D11643,N#C[C@H]1CCOC[C@@H]1n1cc(C(N)=O)c(Nc2ccc([C@H](O)C(F)(F)F)cc2)n1
D11644,Cc1nn(C2CCOCC2)c2sc(C(=O)NC3CCC(CN4CCOCC4)CC3)cc12
D11645,NC(=O)c1cnc2ccc(-c3c(-c4ccc(F)cc4)ncn3CCO)nn12
D11646,N#C[C@@H]1CCCN1C(=O)[C@@H]1C[C@H](N=[N+]=[N-])CN1C(=O)CCCc1ccccc1
D11647,COCCNC(=O)c1cc(-c2cnc3nc(-c4ccc(OC)cc4)[nH]c3c2)cs1
D11648,Cc1noc(CN[C@H]2CC2c2ccccc2)n1
D11649,N#Cc1cnc2ccc(-c3c(-c4cccc(N)c4)ncn3CC(F)F)nn12
D11650,O=C(/C=C/c1c(C(=O)O)[nH]c2ccc(F)cc12)Nc1cccc(/C=C/c2ccc3ccc(Cl)cc3n2)c1
D11651,COc1cc(F)c2c(c1)C1(CCOC(N)=N1)c1cc(NC(=O)c3ccc(C#N)cn3)ccc1O2
D11652,O=C(O)c1ccc2[nH]cc(C[C@H](NC(=O)c3ccc4c(c3)nc(-c3ccoc3)n4C3CCCCC3)C(=O)O)c2c1
D11653,COc1ccc(C2=Nn3c(nnc3-c3ccccc3F)SC2)cc1OC1CCCC1
D11654,Cc1cc(Cl)nc(C)c1C(=O)NCC[C@@H](C)N1CCC(N(Cc2ccsc2)C(=O)NCc2ccc(C(=O)O)cc2)CC1
D11655,COc1ccc2c(/C=C/C(=O)Nc3cccc(/C=C/c4ccc5ccc(Cl)cc5n4)c3)c(C(=O)O)[nH]c2c1
D11656,O=C(CNc1nn(CCO)c2ccc(C(F)(F)F)cc12)NC1CN([C@H]2CC[C@@H](c3nccs3)CC2)C1
D11657,C[C@]1(c2cc(/C=C(\F)c3cnc(C#N)cn3)ccc2F)N=C(N)S[C@]2(CO)[C@H]1C2(F)F
D11658,CC(=O)N(Cc1ccc2ccccc2c1)[C@@H]1CCNC1
D11659,CC(C)(C)c1[nH]c2ncccc2c1CCNCc1ccc(C=CC(=O)NO)cc1
D11660,CCc1ccc(NC(=O)c2noc3c2CCC3)cc1
D11661,CC(C)(C(=O)NC1CC[C@H]2[C@@H](CC1)[C@@H]2C(N)=O)N1CCN(c2ccc(C(F)(F)F)cn2)CC1
D11662,C[C@]1(c2cc(/C=C(\F)c3cnc(Cl)cn3)ccc2F)N=C(N)S[C@@]2(S(C)(=O)=O)C[C@@H]12
D11663,O=C1NC(=O)c2ccc(I)cc2C1=CNCc1ccn(-c2ccoc2)c(=O)c1
D11664,C[C@H](O)C(=O)N1CCC[C@H](Oc2ccc(-c3ncnc(Nc4ccc(N5CCN(C6COC6)CC5)cc4)n3)cc2C#N)C1
D11665,CCN(CC)CCc1c(C)[nH]c(C(=O)OCc2ccccc2)c1C
D11666,CN(C)C(=O)CCSC(SCCC(=O)O)c1cccc(/C=C/c2ccc3ccc(Cl)cc3n2)c1
D11667,N#C[C@@H]1CCCN1C(=O)[C@@H]1CN(Cc2ccc(-n3cncn3)cc2)C[C@@H]1N
D11668,NC1CCC(N[C@H]2C[C@@H]2c2ccccc2)CC1
D11669,Cc1ccc(C(=O)N2C[C@@H](C)OC[C@H]2Cc2cc(-n3ccnn3)ccc2F)c(-n2nccn2)c1
D11670,NC(=O)c1cncc(OCc2cccc(NC(=O)c3ccc(-c4ccco4)nc3)c2)c1
D11671,CN(c1ncnc2[nH]ccc12)[C@H]1C[C@@H](NS(=O)(=O)CCCC(F)(F)F)C1
D11672,C[C@H](O)C(=O)N1CC[C@H](Oc2ccc(-c3ncnc(Nc4ccc(N5CCN(C6COC6)CC5)cc4)n3)cc2C#N)C(F)(F)C1
D11673,COc1cc(-c2cc(F)cc(F)c2)ccc1-n1c(=O)ccc2cc(S(=O)(=O)Nc3ccon3)ccc21
D11674,CCCCNC(=O)[C@H](C)C[C@H](O)[C@@H](N)CN(C(=O)c1ccc(C)c(OCCCOC)c1)C(C)C
D11675,O=C(O)[C@@H]1[C@@H](Sc2ccc(-c3ccncc3)cc2)CC[C@H]1Cn1nnc2ccccc2c1=O
D11676,CN(C)C(=O)c1cc2cnc(Nc3ccc(N4CCN5CCCC5C4)cn3)nc2n1C1CCCC1
D11677,COc1cccc(Nc2c(C(N)=O)cnc3c(C)cc(S(=O)(=O)c4cccc(C(=O)N(C)C)c4)cc23)c1
D11678,CCCCCCNC(=O)Nc1cccc(-c2ccc(C(C)C(=O)O)cc2F)c1
D11679,Cc1ccc(-n2nccn2)c(C(=O)N2CCOC[C@H]2Cc2cccc(-n3nccn3)c2)c1F
D11680,CS(=O)(=O)c1ccc(-c2cc(C(F)(F)F)nc(NC3CCCCC3)n2)cc1
D11681,CCc1cc(OC(F)(F)F)cc2c1OC(C(F)(F)F)C(C(=O)O)=C2
D11682,C[C@]12Oc3cc(-c4cccnc4)oc(=O)c3[C@H](O)[C@@H]1[C@@]1(C)CC[C@@H]3O[C@H](c4ccccc4)OC[C@@]3(C)[C@@H]1C[C@@H]2OC(=O)c1ccc([N+](=O)[O-])cc1
D11683,N#Cc1cc(-c2ncnc(Nc3ccc(C4CCNCC4)cc3)n2)ccc1O[C@H]1CCCC[C@H]1F
D11684,O=C1Cc2c([nH]c3ccc([N+](=O)[O-])cc23)-c2ccccc2N1
D11685,C[C@H]([C@@H](c1ccc2cc(OCC3(C(=O)O)CCOCC3)ccc2c1)n1ccnc1)N(C)C
D11686,CN[C@@H](C)C(=O)N[C@H]1CN(C(=O)c2ccc(C(C)O)cc2)c2ccccc2N(Cc2c(OC)ccc3c(Br)cccc23)C1=O
D11687,CCN(CC)CCNC(=O)c1c(C)[nH]c(/C=C2\C(=O)Nc3ccccc32)c1C
D11688,N=C(N)NCCC[C@H](NC(=O)CN1CC(=O)N[C@H](CCCNC(=N)N)C1=O)C(=O)c1nccs1
D11689,CC(C)(Oc1cccc(F)c1)C1OCC(C/C=C\CCC(=O)O)C(c2cccnc2)O1
D11690,CN[C@@H](C)C(=O)N[C@H]1CN(C(=O)c2ccc(C(C)=O)cc2)c2ccccc2N(Cc2c(OC)ccc3cc(C(=O)NO)ccc23)C1=O
D11691,Cc1nc(C(=O)Nc2ccc(F)c([C@@]3(C(F)F)N=C(N)O[C@@H]4C[C@@H]43)c2)co1
D11692,Cc1cc(Cl)ccc1C1c2c(nn(CC3CCN(C(=O)NC(C)C)CC3)c2C(C)C)C(=O)N1c1cc(Cl)ccc1C
D11693,O=C(O)c1cccc(Nc2cccc(S(F)(F)(F)(F)F)c2)c1
D11694,CN(c1ccc(S(=O)(=O)Nc2ncns2)cc1Cl)[C@H]1CCN(Cc2cccc(C(F)F)c2)C1
D11695,CC(C)(C)CC(=O)N(Cc1ccc(Cl)cc1Cl)[C@H]1CCNC1
D11696,Cn1c2cccc(C(N)=O)c2c2nc(CN3CCOCC3)nc(N3CCN(CCc4ccc(F)c(F)c4)CC3)c21
D11697,Cc1c(CC(C)C(=O)Nc2ccccc2C(=O)O)cnn1-c1ccc(O)cc1
D11698,NS(=O)(=O)c1ccc(-c2cc(F)c(F)cc2-c2ccc3c(c2)OCCO3)cc1
D11699,CC/C(=C(\c1ccccc1)c1ccc(/C=C/C(=O)O)cc1)c1ccccc1
D11700,CCCCc1nn(-c2ccc(Cl)cc2Cl)c(C(=O)OCC)c1Cc1ccc(-c2ccccc2-c2nnn[nH]2)cc1
D11701,NC1=N[C@@](c2cc(NC(=O)c3ccc(Cl)cn3)ccc2Cl)(C(F)F)[C@H]2C[C@H]2O1
D11702,Cl.N[C@@]1(c2ccccc2)C[C@@H]1c1ccccc1
D11703,CCC(Oc1cccc(Cc2c(C)n(C(=O)c3ccc(OC)cc3)c3ccc(OC(F)(F)F)cc23)c1)C(=O)O
D11704,CC1(C)CCCC2(C)c3c(oc4c(B(O)O)c(O)c(O)cc34)CCC12
D11705,Cc1[nH]c([C@@H](Cc2c[nH]c3ccccc23)NC(=O)[C@H](CC(C)C)NC(=O)NC2CCCCC2)nc1C(=O)O
D11706,C[C@H](O)C(=O)N1CC[C@H](Oc2ccc(-c3ncnc(Nc4ccc(N5CCOC(C(N)=O)C5)cc4)n3)cc2C#N)[C@H](F)C1
D11707,Cc1ccc(C)c(SCC(=O)OCC(=O)c2ccco2)c1
D11708,NC1CCC(NC2CC2c2ccc(F)c(F)c2)CC1
D11709,C=CCn1c2ccccc2c(=O)c2cc(C#Cc3ccccn3)ccc21
D11710,COc1cc(C(=O)/C=C/c2ccc(O)c(O)c2)cc(OC)c1OC
D11711,CS(=O)(=O)C(C(=O)NCCS(N)(=O)=O)c1nc2ccc(-c3cc(O)ncc3F)cc2s1
D11712,CC(c1ccccc1)N1CCC(Oc2ccc(S(=O)(=O)Nc3nccs3)cc2Cl)CC1
D11713,CCCC(=O)n1nc(-c2cccnc2)nc1NCc1ccc(OC)cc1
D11714,CNS(=O)(=O)Cc1ccc(-n2nc3c(c2C(C)C)C(c2ccc(Cl)cc2C)N(c2cccc(Cl)c2F)C3=O)cc1
D11715,O=C(O)C[C@@H]1COC2(CCN(c3ccc(-c4nc5cc(C(F)(F)F)ccc5[nH]4)cn3)CC2)C1
D11716,CCCCOc1ccc(Sc2ccc(-c3ccccc3C(O)C#CCOCCCCCCCO)cc2S(=O)(=O)[O-])cc1
D11717,Cc1cc(Nc2ncc(F)c(-c3cnc(C)n3C(C)C)n2)ccc1C(=O)N(C)C
D11718,NC(=O)Nc1sc(-c2ccc(C(=O)N3CCCCC3)cc2)cc1C(=O)N[C@H]1CCCNC1
D11719,CC1(C)SSC(C)(C)[C@@H](NC(=O)[C@@H](N)Cc2ccc(O)c(N)c2)C(=O)NCC(=O)N[C@@H](Cc2ccccc2)C(=O)N[C@H]1C(=O)O
D11720,CN[C@@H](C)C(=O)N[C@H]1CCc2ccccc2N(Cc2c(OC)ccc3cc(Cl)ccc23)C1=O
D11721,COc1ccc(CNS(=O)(=O)c2ccc(-c3cc4c([nH]3)c(=O)n(C)c(=O)n4C)cc2)nc1
D11722,O=C(Cc1ccncc1)N1CCN(C2c3ccc(Cl)cc3CCc3cc(Br)cnc32)CC1
D11723,COC(CC(C)C)c1ccc2cc(-c3ccc(CC(Cc4ccc(C(F)(F)P(=O)(O)O)cc4)(c4ccccc4)n4nnc5ccccc54)cc3)cc(P(=O)(O)O)c2n1
D11724,COc1ccc(/C=C/C(=O)N2C[C@@H](NC(=O)c3cccnc3)C[C@H]2C(=O)NO)cc1OC
D11725,Cc1cc(OC(F)(F)F)ccc1-c1c(Oc2ccc(/C=C/C(=O)O)cc2)c2ccc(O)cc2oc1=O
D11726,O=C(O)CCCCO/N=C(\c1cccc(C(F)(F)F)c1)c1cnccn1
D11727,N#C[C@@H]1CCCN1C(=O)[C@@H](N)CCC(=O)N1Cc2ccccc2C1
D11728,N#Cc1ccccc1Cn1c(N2CCC[C@@H](N)C2)nc2ccc(F)cc2c1=O
D11729,Cc1nc(-c2ccc(NC(=O)CN3CCN(c4ccccn4)CC3)cc2)cs1
D11730,COc1c(C(C)C)cc(Cc2cnc(N)nc2N)cc1C(C)C
D11731,COc1cc(Nc2nccc(Oc3ccc(NC(=O)Nc4cc(C(C)C)nn4-c4ccc(C)cc4)c4ccccc34)n2)cc(C(=O)NCCN2CCOCC2)c1
D11732,COc1cccc(NC(=O)Cc2nc(N3CCOCC3)cc(=O)[nH]2)c1
D11733,N#Cc1cc(-c2ncnc(Nc3ccc(N4CCN(C5COC5)CC4)cc3)n2)ccc1O[C@H]1CCN(C(=O)[C@@H]2CC(=O)N2)C[C@H]1F
D11734,N#C[C@@H]1CCCN1C(=O)CNC(=O)c1ccnc2cc(Nc3ccccc3)ccc12
D11735,O=C(c1ccc(Cl)cc1-n1nccn1)N1CCOC[C@H]1Cc1cc(-c2ncccn2)ccc1F
D11736,CN1CCN(C2=Nc3cc(F)ccc3Nc3ccc(F)cc32)CC1
D11737,COc1ccc(S(=O)(=O)N(CC(=O)NO)Cc2ccc(Cl)cc2)cc1
D11738,O=P(O)(O)C(Cc1ccc2ccccc2c1)N[C@@H](Cc1ccc(-c2ccccc2)cc1)c1nnn[nH]1
D11739,C[C@@H](CN1CCC2(CC1)C(=O)NCN2c1cccc(F)c1)NC(=O)c1ccc(Br)cc1
D11740,N#Cc1cnc2c(Nc3ccc(F)c([C@@]4(CF)N=C(N)O[C@@H]5C[C@@H]54)c3)ncc(F)c2c1
D11741,N#Cc1cc(-c2ncnc(Nc3ccc(N4CCN(C5COC5)CC4)cc3)n2)ccc1N1CC2(CCO2)C1
D11742,C[C@H](O)C(=O)N1CC[C@H](Oc2ccc(-c3ncnc(Nc4ccc(N5CC6(CCOCC6)C5)cc4)n3)cc2C#N)[C@H](F)C1
D11743,N[C@@H]1C[C@H]1c1ccc(NC(=O)[C@H](Cc2ccccc2)NC(=O)OCc2ccccc2)cc1
D11744,CC1(C(=O)N2CC(C#Cc3ccc4c(=O)c(-c5ccc(NS(C)(=O)=O)cc5)coc4c3)C2)CC1
D11745,C[C@@H]1O[C@@H](Oc2c(-c3ccc(O)c(O)c3)oc3cc(O)cc(O)c3c2=O)[C@H](O)[C@H](O)[C@H]1O
D11746,Cc1sc(C2(NC(=O)C[C@H](N)Cc3ccccc3F)CCS(=O)(=O)CC2)nc1-c1ccccc1
D11747,N[C@H](C(=O)N1CCCC1)C1CCCCC1
D11748,CCCC[C@@H](C=O)NC(=O)OC(C)(C)C
D11749,CC(=O)OC1C(=O)OCC23CCC4(C)OC4C2OC2CC(OC(=O)C=CC=CC(=O)OCCC1C)C3(C)C21CO1
D11750,NC(=O)c1cccc2c1OCC(c1cncc(C3(O)CCOCC3)c1)O2
D11751,N[C@H]1C[C@@H](N2Cc3cnc4nnc(C5CC5)n4c3C2)CC[C@@H]1c1cc(F)c(F)cc1F
D11752,CC1CCCCC1=NNc1nc(-c2ccc(F)cc2F)cs1
D11753,CNCC(=O)N1CCC(c2ccc3[nH]c(-c4ccc5ncnn5c4)c(C(C)C)c3c2)CC1
D11754,CN(C)C(=O)[C@@H](c1ccc(-c2ccn3nccc3n2)cc1)[C@H]([NH3+])C(=O)N1CC[C@H](F)C1
D11755,COC1(C)OC(=O)C(c2ccc(F)cc2)=C1c1ccc(S(C)(=O)=O)cc1
D11756,CC(C)(CC(=O)N1CCn2c(nnc2C(F)(F)F)C1)[C@H]([NH3+])C(=O)N1CCC[C@H]1C#N
D11757,CCCS(=O)(=O)N1CCN(C2(CNC(=O)c3c(OC)cc(C(F)(F)F)cc3C(F)(F)F)CCCCC2)CC1
D11758,O=C(/C=C/c1ccc(-c2ccc3ncnc(Nc4ccc(OCc5cccc(F)c5)c(Cl)c4)c3c2)s1)NO
D11759,COC1CCC2(CC1)Cc1ccc(Br)cc1[C@]21N=C(C)C(N)=N1
D11760,O=C(NCCc1ccncc1)c1cccc(S(=O)(=O)N2CCc3ccccc3C2)c1
D11761,CC[C@H](C)C(=O)O[C@H]1C[C@@H](C)C=C2C=C[C@H](C)[C@H](CC[C@@H](O)C[C@@H](O)CC(=O)NO)[C@H]21
D11762,CCCNCC(P(=O)(O)O)P(=O)(O)O
D11763,CS(=O)(=O)c1ccc(C2=C(c3ccc(Cl)cc3Cl)CC3(CC3)C2)cc1
D11764,Cc1ccc(C(=O)N2CCOC[C@H]2Cc2cc(-n3nccn3)ccc2C)c(-n2nccn2)c1
D11765,COc1cc(C(=O)N(C)C)ccc1Nc1cc2[nH]c(-c3cnn(C)c3)cc2cn1
D11766,C#C[C@H](C)Oc1cnc(/C(F)=C/c2ccc(F)c([C@@]3(C)N=C(N)S[C@@]4(C(C)=O)C[C@H]43)c2)cn1
D11767,Cc1cc2c(c(C)c1Cl)C=C(C(=O)O)C(C(F)(F)F)O2
D11768,O=C(CN1CCC2(CC1)Cc1cc(F)ccc1C2=O)NCc1nc2c(c(=O)[nH]1)COCC2
D11769,O=C(O)Cn1c2c(c3ccccc31)CN(C(=O)C1CCCCC1)CC2
D11770,CNC(=O)N1C(=O)N(c2cccc(C(F)(F)F)c2)C2=C(C(=O)CC2)[C@H]1c1ccc(C#N)cc1S(C)(=O)=O
D11771,O=c1n(Cc2cc([C@@H]3O[C@H](CO)[C@@H](O)[C@H](O)[C@H]3O)ccc2Cl)nc2ccc(Cl)cn12
D11772,O=C(O)C1=CCCN(CCON=C(c2ccccc2)c2ccccc2)C1
D11773,CC1(C)Oc2ccc(NC(=O)c3cnc(C(F)F)cn3)cc2[C@@]2(COC(N)=N2)C12CC2
D11774,[NH3+][C@H]1CN(c2cnccn2)CC[C@@H]1c1cc(F)c(F)cc1F
D11775,Cc1cccc(C(=O)N2C[C@@H](C)OC[C@H]2Cc2cc(-c3ncccn3)ccc2F)c1-n1nccn1
D11776,O=C(c1ccccc1-n1nccn1)N1CCOC[C@H]1Cc1cccc(-n2nccn2)c1
D11777,CC#CCn1c(N2CCC[C@H](N)C2)c(C#N)c2c1c(=O)n(Cc1nccc3ccccc13)c(=O)n2C
D11778,CSc1ncccc1C(=O)N1CC[C@H](NCc2cncn2Cc2ccc(C#N)cc2)C1
D11779,C=CCCC(=O)O[C@H](C)[C@@H]1CN(C(=O)CCC=C)C1=O
D11780,O[C@H]1C[C@H](CN2CC[C@H](c3ccc(F)cc3Cl)[C@@H](O)C2)CCc2cccnc21
D11781,Cc1ccc2c(-c3cnc4[nH]cc(C(=O)NC(C)(C)CO)c4n3)nn(CCCN(C)C)c2c1
D11782,COc1ccc([C@H](CN(C)C)C2(O)CCCCC2)cc1
D11783,CNC(=O)c1ccc(C(=O)NO)cc1
D11784,CN(C)C(=O)c1cc2cnc(Nc3ccc(N4C[C@H]5CNC[C@H]5C4=O)cn3)nc2n1C1CCCC1
D11785,Nc1ccc2[nH]cc(C[C@H](NC(=O)c3ccc4c(c3)nc(-c3ccoc3)n4C3CCCCC3)C(=O)O)c2c1
D11786,CCCCCCCC(=O)C(F)(F)F
D11787,O=S(=O)(Nc1ncns1)c1ccc2c(-c3ccc(C(F)(F)F)cc3C3=CCNCC3)cccc2c1
D11788,COCCOCCOCCNC(=O)c1cc(Nc2cc(Oc3ccc(NC(=O)Nc4cc(C(C)(C)C)cc(NS(C)(=O)=O)c4OC)c4ccccc34)ccn2)cc(OC)c1
D11789,COCc1cc(C#N)cnc1C(=O)Nc1ccc(Cl)c([C@@]2(CF)N=C(N)O[C@@H]3C[C@@H]32)c1
D11790,COCCc1cc(-c2ccc(S(C)(=O)=O)cc2)n(-c2ccc(C(F)(F)F)cc2)c1C
D11791,N#Cc1cc(F)cc(-c2nc(-c3ccc(F)cn3)no2)c1
D11792,COc1ccc(S(=O)(=O)N2CCS(=O)(=O)CC2C(=O)NO)cc1
D11793,COC[C@@H](NC(=O)[C@@H](NC(=O)[C@H](CCCc1ccc(-c2ccccc2)c(C)c1)CC(=O)O)C(C)(C)C)c1ccccc1
D11794,CC(C)CC(NC(=O)Cn1c(=O)c(Cc2ccccc2)nc2ccccc21)C(=O)OC(C)(C)C
D11795,CC1=CC2(O)OCCN(CCO)C2=CC1=O
D11796,Oc1cccc(C(c2ccc(-c3ccccc3)cc2)N2CCN(Cc3ccccc3)CC2)c1
D11797,COc1cc2c(Nc3c(Br)ccc4c3OCO4)ncnc2cc1OCCCN1CCOCC1
D11798,COc1nc(C2=CCOCC2)cc2c1Oc1ccc(NC(=O)c3ccc(F)cn3)cc1C21CCOC(N)=N1
D11799,CC1(C)N=C(N)N=C(N)N1OCCOc1ccc(C(=O)/C=C/c2ccccc2)cc1.Cl
D11800,CN1C2CCC1C(C(=O)Oc1ccccc1)C(c1ccccc1)C2
D11801,Cc1ccc(C(=O)N2C[C@@H](C)OC[C@H]2Cc2cc(-n3nccn3)ccc2F)c(-n2nccn2)c1
D11802,C[C@H](O)C(=O)N1CC[C@H](Oc2ccc(-c3ncnc(Nc4ccc5c(c4)NC(=O)C5(C)C)n3)cc2C#N)[C@H](F)C1
D11803,Cn1c(=O)cc(N2CCC[C@@H](N)C2)n(Cc2cc(F)ccc2Cl)c1=O
D11804,COc1ccc(-c2ssc(=S)c2-c2ccc(OC)cc2)cc1
D11805,CCCC[Sn](CCCC)(CCCC)c1ccc(CN2C(=O)C(=O)c3cc(S(=O)(=O)N4CCC[C@H]4COC)ccc32)cc1
D11806,O=C1COc2cc3c(cc2N1)C(N1CCC(NC(=O)c2cc(=O)c4ccc(F)cc4o2)CC1)CC3
D11807,NC1=N[C@](CF)(c2cc(NC(=O)c3ccc(Br)cn3)ccc2Cl)[C@H]2C[C@H]2O1
D11808,Cc1cccc(C(=O)Nc2cccc(NC(=O)c3ccccc3)c2)c1
D11809,NCCCC(=O)O
D11810,Cc1ccc(C(=O)N2CCOC[C@H]2Cc2cc(-n3nccn3)ccc2Cl)c(-n2nccn2)c1
D11811,COc1ccc(-c2ccc(OCCN(C)CC(=O)O)c(-c3ccccc3Cl)c2)cc1C
D11812,COc1cc(C(=O)N2CCOC[C@H]2Cc2cc(-n3nccn3)ccc2F)c(-n2nccn2)cc1Cl
D11813,N#CCC(=O)N1CC[C@H](Oc2ccc(-c3ncnc(Nc4ccc(N5CCN(C6COC6)CC5)c(F)c4)n3)cc2C#N)[C@H](F)C1
D11814,CCOC(=O)CNC(=O)c1ccc(OP(=O)(Oc2ccc(C(=O)NCC(=O)OCC)cc2)C2CCCN2C(=O)C2CCCN2)cc1
D11815,Cc1nc(C(=O)Nc2ccc3c(c2)C2(CCOC(N)=N2)c2cc(-c4cncc(F)c4)nc(F)c2O3)cs1
D11816,O=C(NC1CCN(Cc2ccc3c(c2)OCO3)CC1)c1cc(=O)c2ccc(F)cc2o1
D11817,COc1cc(OC)cc(-c2cc(COC(C)(C)C(=O)O)nn2-c2cccc(OC)c2)c1
D11818,CN(C)C(=O)c1ccc2c(c1)nc1n2C[C@H]([NH3+])[C@@H](c2cc(F)c(F)cc2F)C1
D11819,CC(C)CNC(=O)c1ccc(-c2ccc(-c3ccccc3)cc2C(=O)Nc2ccc(C(=N)N)cc2)c(C(=O)O)c1
D11820,O=C(CNc1n[nH]c2ccc(C(F)(F)F)cc12)NC1CN([C@H]2CC[C@@H](c3cccnc3)CC2)C1
D11821,CS(=O)(=O)c1ccc(-c2noc([C@@H](CC3CC3)[C@H]([NH3+])C(=O)N3CC[C@H](F)C3)n2)cc1
D11822,N[C@H]1COCC[C@H]1Nc1cc2cc[nH]c(=O)c2c(Nc2cccc3cc[nH]c23)n1
D11823,N#Cc1cc(F)cc(-c2nc(-c3ccccn3)no2)c1
D11824,Cc1cccc(CCSc2nc3c(c(=O)n(C)c(=O)n3C)n2C)c1
D11825,NN=C(Cc1ccc(O)c(Br)c1)C(=O)NCCS
D11826,Cc1ccc(C(=O)N2CCOC[C@H]2Cc2cccc(-n3cccn3)c2)c(-n2nccn2)c1
D11827,Cc1c([C@@H](O)CN2CCN(C[C@H](O)c3ccc(C#N)cn3)CC2)ccc2c1COC2=O
D11828,O=C(Nc1ccc2ncnc(Nc3cccc(Br)c3)c2c1)[C@@H]1O[C@H]1CN1CCCCC1
D11829,CCn1ncc2ccc(-c3cc(CO[C@](C)(CC)C(=O)O)nn3-c3ccccc3N3CCC3)cc21
D11830,CCCCCN1C(=O)CCSC1c1ccc(S(C)(=O)=O)cc1
D11831,CN(C)C(=O)[C@]12C[C@H]1[C@@](C)(c1cc(/C=C(\F)c3cnc(OCC(F)F)cn3)ccc1F)N=C(N)S2
D11832,CNc1nc(C)nc(N2CCC(C(=O)NCc3ccc(F)cc3C(F)(F)F)CC2)n1
D11833,C[C@@H](c1ccc(-c2cccc(-c3noc(C4CC4)n3)c2)cc1)[C@H]([NH3+])C(=O)N1CC[C@H](F)C1
D11834,NCCC[C@@]1(C(=O)O)CCc2c(ncn2C2CCCCC2)C1
D11835,Cc1cc(Nc2ccc(Cl)cc2)n2nc(C(C)(F)F)nc2n1
D11836,COc1cc(Nc2ccc(S(=O)(=O)NCC3CC3)cc2)cc(OC)c1
D11837,CN(C)c1cc(N(Cc2cc(=O)[nH]c3c(F)c(F)ccc23)c2cccc(Cl)c2)ncn1
D11838,COc1cc2c(cc1OC)C(=O)C(Oc1ccc(CCN3CCCC3)cc1)C2
D11839,CCCCCCc1ccc(Oc2ccccc2N)c(O)c1
D11840,O=C(Cn1c(=O)c(Cc2ccccc2)nc2ccccc21)NNC(=O)C(Cc1ccccc1)NC(=O)OCC1c2ccccc2-c2ccccc21
D11841,C[C@]12CCCO[C@@H]1[C@]1(COC(N)=N1)c1cc(-c3cccc(C#N)c3)ccc1O2
D11842,CC(=O)NC(C)C#Cc1cnc(Oc2ccc(OC(C)C)cc2)s1
D11843,C[C@@]1(c2cc(NC(=O)c3ncc(C(F)(F)F)cc3Cl)cc(F)c2F)C[C@@H](C(F)(F)F)OC(N)=N1
D11844,Cc1ccc(C[C@@H]2COCCN2C(=O)c2ccccc2-n2nccn2)cc1-n1nccn1
D11845,Cc1cc2ncc3c(n2n1)CN([C@H]1CO[C@H](c2cc(F)c(F)cc2F)[C@@H](N)C1)C3
D11846,COC(=O)[C@@H]1C2CCC(C[C@@H]1OC(c1ccc(F)cc1)c1ccc(F)cc1)N2C
D11847,N#Cc1ccccc1Cn1c(N2CCC[C@@H](N)C2)ncc(/C=C/c2cccnc2)c1=O
D11848,CCCCCCCCCCC[C@@H](C[C@@H]1OC(=O)[C@H]1CCCCCC)OC(=O)[C@H](C)NC=O
D11849,CCCCC(C)(O)C1CCC(N2C(=O)Cc3cc(OC)c(OC(C)C)cc3C2c2ccc(Cl)cc2)CC1
D11850,Nc1ncnn2c(-c3cccc(N4CCOCC4=O)c3)cc(C(F)(F)F)c12
D11851,CC(C)(O)C1CCCN(c2cc(N3CCC[C@H]3c3nc4cc(Cl)c(Cl)cc4[nH]3)ncn2)C1
D11852,NC(=O)c1ccc2c(c1)C(=O)C(=O)N2Cc1ccc2ccccc2c1
D11853,CCOC(=O)Cc1cc(-c2ccc(S(C)(=O)=O)cc2)n(-c2ccccc2)c1C
D11854,C[C@H]1C[C@H]2CSC(NC(=O)c3ccccc3)=N[C@@]2(c2nc(NC(=O)c3ccc(Cl)cn3)cs2)CO1
D11855,O=C(Nc1cccc(NC(=O)c2cccc(F)c2)c1)c1ccccc1
D11856,N#Cc1cc(-c2ncnc(Nc3ccc(N4CCN(C5COC5)CC4)cc3)n2)ccc1OC1CCSCC1
D11857,COc1cc(N2CCN(C(C)=O)CC2)ccc1Nc1cc(-c2cn(C)c3cnccc23)ncn1
D11858,COc1cccc([C@]2(O)CC[C@H](N3CC(NC(=O)CNc4ncnc5ccc(C(F)(F)F)cc45)C3)CC2)n1
D11859,CSc1ccc(OC(c2cccnc2)C2CCNCC2)cc1
D11860,CCn1cc(C2(c3cccc(-c4cncnc4)c3)N=C(N)N(C)C2=O)cn1
D11861,OCC1CCN(c2nccnc2OC2CN(c3cnc4ccccc4n3)C2)CC1
D11862,CC(=O)N[C@H](C(=O)N[C@@H](Cc1ccccc1)[C@@H](O)CN(CC1CCCCC1)NC(=O)[C@@H](NC(C)=O)C(C)C)C(C)C
D11863,CN(CCC#N)S(=O)(=O)N[C@H]1C[C@@H](N(C)c2ncnc3[nH]ccc23)C1
D11864,CCN1CCN([C@H](C)C(=O)Nc2cccc3c(-c4nc(Nc5cn(C)nc5OC)ncc4F)c[nH]c23)CC1
D11865,CN(C)C(=O)c1cc2cnc(Nc3ccc(C(=O)N4C[C@@H]5CC[C@H](C4)N5C)cn3)nc2n1C1CCCC1
D11866,Cc1cc(NC(=O)c2ccc(C(F)F)cn2)cc([C@]2(CF)C[C@@H](C(F)(F)F)OC(N)=N2)c1F
D11867,CC(C)(C)c1ccc(C(c2cccc(O)c2)N2CCN(Cc3ccccc3)CC2)cc1
D11868,CN1CCCC1CCn1ccc2cc(N=C(N)c3cccs3)ccc21
D11869,Cc1cccc(-c2ccc(OCCN(C)CC(=O)O)c(C(=O)c3cccs3)c2)c1
D11870,COc1cc2c(Nc3ccc(Cl)c(Cl)c3)ncnc2cc1OCc1csc(C2CCCCN2)n1
D11871,NC(=O)c1cccc2c1OCC(c1cncc(CNC(=O)C3CC3)c1)O2
D11872,CCC(=NN=C(N)N)c1cccc(C(=N)N)c1
D11873,CC(C(O)c1ccc2c(c1)CNC(=O)N2)N1CCC(O)(c2ccc(F)cc2)CC1
D11874,COC(=O)CCCCCOc1c(OC)cc(Cc2cnc(N)nc2N)cc1OC
D11875,N#Cc1cc(-c2ncnc(Nc3ccc(N4CCN(C=O)CC4)c(F)c3)n2)ccc1O[C@H]1CCOC[C@H]1F
D11876,CCCCNC(=O)[C@H](C)C[C@H](O)[C@@H](N)CN(C(=O)c1ccc(OC)c(OCCCOC)c1)C(C)C
D11877,CN[C@@H](C)C(=O)N[C@H]1CCCC[C@H]2CC[C@@H](C(=O)NC(c3ccccc3)c3ccccc3)N2C1=O
D11878,C[C@@H]1N[C@H](CC(=O)Nc2ccc(F)cc2F)[C@@H](O)[C@H](O)[C@@H]1O
D11879,Cc1nc2ccc(-c3[nH]c4ccc(C5CCN(C(=O)C[C@@H](C)O)CC5)cc4c3C(C)C)cn2n1
D11880,Cc1ccnc2c1n1cccc1c(=O)n2CC(=O)NCCCN1CCN(c2ccc(Cl)cc2)CC1
D11881,Cc1cc(Cl)ccc1C1c2c(nn(-c3ccc(Cl)cc3)c2C(C)C)C(=O)N1c1cccc(Cl)c1F
D11882,CN(c1ncnc2[nH]ccc12)[C@H]1C[C@@H](NS(=O)(=O)CC(F)(F)F)C1
D11883,O=C(c1cc(Cl)ccc1-n1nccn1)N1CCOC[C@H]1Cc1cc(-c2ncon2)ccc1F
D11884,CS(=O)(=O)c1ccc(-c2cc(F)c(F)cc2-c2ccc3c(c2)OCO3)cc1
D11885,CCN(CC)CCC(=O)Nc1ccc2nc3c4[nH]c5ccccc5c4ccn3c(=O)c2c1
D11886,Nc1ncnc2c1c(-c1cnc3ccccc3c1)nn2CC1CCNCC1
D11887,Cn1cc(-c2ccncc2)c(-c2ccc(OCc3cc(CCCF)c4ccccc4n3)cc2)n1
D11888,Cc1nn(C2CCN(C(=O)[C@H](C)O)CC2)c(C)c1Nc1ncc(Cl)c(-c2cnn3ccccc23)n1
D11889,NC(=O)c1cccc2c1OCC(c1cncc(CC(=O)N3CCOCC3)c1)O2
D11890,Cc1cc(Nc2ccc3c(c2)CCCC3)n2ncnc2n1
D11891,CC(C)[C@H](N)C(=O)N[C@@H](Cc1ccccc1)C(=O)O
D11892,O=C(NCc1ccccc1)O[C@H]1CO[C@@H]2[C@H](OC(=O)C3CCCC3)CO[C@H]12
D11893,CCc1sc2nc(N)[nH]c(=O)c2c1Sc1cc(OC)cc(OC)c1
D11894,CCCN(CCCC[C@H](NC(=O)[C@H](CC(C)C)NC(=O)[C@H](C)NC(=O)[C@H](Cc1ccccc1)NC(=O)c1ccc(C(C)(C)C)cc1)C(=O)N[C@@H](CO)C(=O)OC)C(C)C
D11895,Cc1ccc(-n2nc(C(C)(C)C)cc2NC(=O)Nc2ccc(Oc3ccnc(Nc4cccc5[nH]ncc45)n3)c3ccccc23)cc1
D11896,OC1(c2ccccc2)CCN(c2cc(N3CCC[C@H]3c3nc4cc(Cl)c(Cl)cc4[nH]3)ncn2)C1
D11897,C=CC[C@H]1C(=O)N(S(C)(=O)=O)[C@H]2CCN(C(=O)OCc3ccccc3)[C@@H]21
D11898,C[C@@H]1CC/C(=N/Nc2nc(-c3ccc(F)cc3F)cs2)C1
D11899,O=C(CCc1cnn(-c2ccc(O)cn2)c1)NC1=C(C(=O)O)CCCC1
D11900,O=C(O)C(=O)c1ccc(OCc2ccc(COc3ccc(C(=O)C(=O)O)cc3)c(C(=O)Nc3ccc(Oc4ccc(SC(F)(F)F)cc4)cc3)c2)cc1
D11901,COCCCc1cc(CN(C(=O)[C@H]2CNCC[C@@]23OCc2cc(F)c(F)cc23)C2CC2)cc(OCCOC)c1
D11902,CS(=O)(=O)CC(=O)N1CC[C@H](Oc2ccc(-c3ncnc(Nc4ccc(N5CCN(C6COC6)CC5)cc4)n3)cc2C#N)[C@H](F)C1
D11903,CC(C)N1C(=O)CN(c2ccc(Cc3cc([C@@H]4O[C@H](CO)[C@@H](O)[C@H](O)[C@H]4O)ccc3Cl)cc2)C1=O
D11904,COc1cc2cc(-c3ccc(CN(C)Cc4ccc([N+](=O)[O-])cc4)cc3)c(=O)oc2cc1OC
D11905,O=C(O)Cn1cc(Cc2nc3c(F)c(F)cc(F)c3s2)c2ccc(N3CCOCC3)cc21
D11906,Cn1c(=O)n(C2CCOCC2)c2c3cc(-c4ccc(OCCCN5CCCCC5)nc4)c(F)cc3ncc21
D11907,CNC[C@H]1Cc2ccccc2[C@H](c2ccc(Cl)c(Cl)c2)C1
D11908,O=C(O)CCCOc1cccc(CCCCCCOc2cc(-c3ccccc3)cc(-c3ccccc3)n2)c1CCC(=O)O
D11909,CC1(C)Oc2c(CN3CCC4(CC3)CCN(C(=O)c3ccc(N)cn3)CC4)cccc2C1(F)F
D11910,Nc1nc2[nH]c(CCCc3ccc(C(=O)N[C@@H](CCC(=O)O)C(=O)O)cc3)cc2c(=O)[nH]1
D11911,Cc1ccccc1-c1cc(N2CCC(CC(=O)O)CC2)ncc1N(C)C(=O)C(C)(C)c1cc(C(F)(F)F)cc(C(F)(F)F)c1
D11912,Cc1cc(Nc2nn(Cc3ccc(S(C)(=O)=O)cc3)c(=O)c3ccccc23)[nH]n1
D11913,Cc1c(Cl)cccc1Cn1c(=O)[nH]c(=O)c2sc(N3CCOCC3)nc21
D11914,CCCCN(c1cccc(-c2ccc(Cl)cc2)c1C)S(=O)(=O)c1ccc(O[C@H](C)C(=O)O)c(C)c1C
D11915,Nc1nccn2c1c(-c1ccc3ccc(-c4ccccc4)nc3c1)nc2[C@H]1C[C@@H](N2CCOCC2)C1
D11916,CC#CCOc1ccc(S(=O)(=O)CC2(C(=O)NO)CCN(S(=O)(=O)c3c(C)noc3C)CC2)cc1
D11917,CN(C)C(=O)c1cc2cnc(Nc3ccc(N4C[C@H]5CC[C@@H](CC4=O)N5)cn3)nc2n1-c1ccccc1
D11918,Cn1c(=O)n(Cc2ccccc2C#N)c2c(N3CCC[C@@H](N)C3)ncnc21
D11919,O=C1N[C@@H]2CCOCCSSCCCCC[C@@H]1NC(=O)[C@H]1CCCN1C(=O)[C@H](Cc1ccccc1)NC2=O
D11920,COC(=O)/C=C1/C(=O)N2C(C(=O)[O-])=C(COC(C)=O)CS(=O)(=O)[C@H]12
D11921,Cc1cc(Nc2cc(N[C@@H]3C[C@H](CO)[C@@H](O)[C@H]3O)c(-c3nc4ccccc4s3)cn2)cc(C)n1
D11922,COc1ccc(-n2nc(C(C)C)cc2NC(=O)Nc2ccc(Oc3ccnc(Nc4cc(C(=O)NCCO)ccc4OC)n3)c3ccccc23)cc1
D11923,COc1csc(-c2cc(COC(C)(C)C(=O)O)nn2Cc2ccccc2Cl)c1
D11924,O=C(NCCN1CCC2(CC1)C(=O)NCN2c1ccccc1)c1cnc2ccccc2c1
D11925,CN[C@@H](C)C(=O)NC1C(=O)N(Cc2c(OC)ccc3cc(Br)ccc23)c2ccccc2OC12CCCOC2
D11926,NC(=O)c1cccc2c1OCC(c1cncc3c1CCC3O)O2
D11927,N[C@@H]1CCC=C(c2ccc(F)cc2)[C@H]1COc1cc(F)c(S(=O)(=O)Nc2cscn2)cc1Cl
D11928,CCc1nc2c(C)cc(C)nc2n1Cc1ccc2c(ccn2Cc2c(Cl)cccc2-c2nnn[nH]2)c1
D11929,Cc1c(-c2[nH]c3ccc(C4CCN(C5COC5)CC4)cc3c2C(C)C)cn2ncnc2c1CO
D11930,CN(C)C(=O)c1cc2cnc(Nc3ccc(C(=O)N4CCN5CCC4CC5)cn3)nc2n1C1CCCC1
D11931,CCc1ccc(-c2ccc(C(=O)N3CCc4c(c5cccc(Cl)c5n4CC(=O)O)C3)cc2)cc1
D11932,O=C(O)c1cc(-c2ccc(Br)cc2)nc2ccc(Cl)cc12
D11933,CONC(=O)N(Cc1ccsc1)C1CCN([C@H](C)CCNC(=O)c2c(C)cc(C#N)nc2Cl)CC1
D11934,Cc1cc(Nc2ccc3ccccc3c2)n2ncnc2n1
D11935,COc1cnc(C(=O)Nc2cc(Cl)c(F)c([C@]3(C)C[C@@H](C(F)(F)F)OC(N)=N3)c2)cn1
D11936,CC(C)(C)c1nc2nc(-c3ccc(C#N)cc3Cl)c(-c3ccc(Cl)cc3)cc2c2n[nH]c(=O)n12
D11937,O=C(Nc1ccc(S(=O)(=O)[O-])cc1)C(CS)Cc1ccccc1
D11938,CCCN(CCC)C(=O)Cc1c(-c2ccc(Cl)cc2)nc2ccc(Cl)cn12
D11939,COCCNc1ccc(Nc2ncnc(-c3ccc(O[C@H]4CCN(C(=O)[C@H](C)O)C[C@H]4F)c(C#N)c3)n2)cn1
D11940,COc1ccc(-c2c(-c3ccc(S(N)(=O)=O)cc3)ccc(F)c2F)cc1F
D11941,CC(C)Oc1nccc2c1c1ncnc(N3CCN(CCc4ccc(F)c(F)c4)CC3)c1n2C
D11942,CC(C)C(=O)N(Cc1ccc(Cl)c(Cl)c1Cl)[C@H]1CCNC1
D11943,C[C@@H]1CN(C(=O)c2ccc(Cl)cc2-n2nccn2)[C@H](Cc2cc(-n3nccn3)ccc2F)CO1
D11944,CCCCc1ccc(C#Cc2ccc(S(=O)(=O)NCC(=O)NO)s2)cc1
D11945,C[C@@H]1CC[C@@H](C)N1C(=O)[C@]12C[C@H]1[C@@](C)(c1cc(/C=C(\F)c3ccc(C#N)cn3)ccc1F)N=C(N)S2
D11946,O=c1[nH]c2ncc(-c3ccc4[nH]ccc4c3)nc2n1CC1CCOCC1
D11947,COc1cc(-c2ncn(CC(F)F)c2-c2ccc3ncc(C#N)n3n2)ccc1F
D11948,COCC1CCN(c2nccnc2OC2CN(c3ccc4ccccc4n3)C2)CC1
D11949,COc1cccc(-c2cc(-c3ccc(N4CCNCC4)cc3)cnc2N)c1
D11950,N[C@@H](CC(=O)N1CCn2nc(C(F)(F)F)nc2C1Cn1cccn1)Cc1cc(F)c(F)cc1F
D11951,CN(C)C(=O)c1cc2cnc(Nc3ccc(C(=O)N4CC5CCC(C4)N5)cn3)nc2n1C1CCCC1
D11952,O=C([C@@H]1C[C@H](n2cc(-c3ccc(Br)cc3)nn2)CN1C(=O)CCCc1ccccc1)N1CCCC1
D11953,CN[C@@H](C)C(=O)N[C@H]1CN(C(=O)c2ccc(C#N)cc2)c2cc(Cl)ccc2N(Cc2c(OC(F)F)ccc3ccccc23)C1=O
D11954,CCc1ccc(Cc2ccc(C)c([C@@H]3C[C@H](CO)[C@@H](O)[C@H](O)[C@H]3O)c2)cc1
D11955,Cc1cc(C2=NC(C)CN2)cc2[nH]c(-c3c(NCC(O)c4cccc(Cl)c4)cc[nH]c3=O)nc12
D11956,COc1cc(N2CCN(C(=O)N(C)C)CC2)ccc1Nc1ncc(Cl)c(-c2cnc3ccccn23)n1
D11957,Cc1ccc2oc(N3CCN4CCC3CC4)nc2n1
D11958,CCOc1ccc2cc(-c3nn(C(C)(C)C)c(N)c3C(N)=O)cnc2c1
D11959,C[C@@H](c1ccc(-c2ccc(=O)n(C)c2)cc1)N1CC[C@](CC(C)(C)NS(C)(=O)=O)(c2ccccc2)OC1=O
D11960,COc1cc(C(CO)CO)ccc1Nc1ncc(Cl)c(-c2cnc3ccccn23)n1
D11961,COc1ccc2c(-c3ccc(S(C)(=O)=O)cc3)c(-c3ccc(C)cc3)nn2n1
D11962,CCn1ncc2ccc(-c3cc(COC(C)(C)C(=O)O)nn3-c3ccccc3Cl)cc21
D11963,CCN(CC)C(=O)Cc1csc(NS(=O)(=O)c2cccc(Cl)c2C)n1
D11964,COCCCN(C)S(=O)(=O)Nc1ccc2ccc3ncc(-c4cnn(C)c4)cc3c(=O)c2c1
D11965,Oc1ccc2c3c1OC1c4[nH]c5ccccc5c4CC4(O)[C@@H](C2)N(CC2CC2)CCC314
D11966,COc1cc(Br)c2oc(C3CCNCC3)cc2c1
D11967,CN(C)C(=O)c1cc2cnc(Nc3ccc(C(=O)N4CCC5COCC(C4)N5)cn3)nc2n1C1CCCC1
D11968,C[C@@H](C[C@@](C)(CS(=O)(=O)N1CCC(CCc2ccc(C(F)(F)F)cc2Cl)CC1)N(O)C=O)c1ncc(F)cn1
D11969,CN[C@@H](C)C(=O)N[C@H]1CCc2ccccc2N(Cc2c(OC)ccc3cc(-c4nnn[nH]4)ccc23)C1=O
D11970,O=c1[nH]c2cc(Cl)ccc2c(O)c1-c1cccc(Oc2ccccc2)c1
D11971,O=C(O)c1cc(-c2ccc(Br)cc2)nc2ccc(I)cc12
D11972,O=C(NO)c1ccc(-c2ccn(CCNCc3ccc4c(c3)OCO4)n2)s1
D11973,CC(C)(OCc1cc(-c2cccc(OCC3CCC3)c2)n(-c2ccccc2Cl)n1)C(=O)O
D11974,O=CN(O)C(CS(=O)(=O)c1ccc(Oc2ccc(OC(F)(F)F)cc2)cc1)[C@H](O)CO
D11975,COc1cc(Cc2cnc(N)nc2N)cc(OC)c1Oc1ccc([N+](=O)[O-])cc1
D11976,COc1cc2c(Oc3ccc(NC(=O)c4c(Cl)c5ccccc5n(-c5ccc(F)cc5)c4=O)cc3F)ccnc2cc1OCCCN1CCN(C)CC1
D11977,C=CC[C@H](NC(=O)[C@H](Cc1ccccc1)NC(=O)CCc1cccnc1)C(=O)N[C@@H](CC1CCCCC1)C(O)C(F)(F)C(=O)NCCN1CCOCC1
D11978,O=C(NO)[C@@H]1CC2(CN1S(=O)(=O)c1ccccc1)OCCO2
D11979,C=CC=Nc1c(O)cc2c(O)c1C[C@@H](C)C[C@H](OC)[C@H](O)[C@@H](C)/C=C(\C)[C@H](OC(N)=O)[C@@H](OC)C=CC=C(C)C(=O)N2
D11980,COc1ccc([C@@H]2C3CCC(C[C@@H]2c2ccc(C)cc2)N3C)cc1OC
D11981,N#Cc1cnc2ccc(-c3c(-c4ccc(F)cc4)ncn3[C@@H](CO)CC(F)(F)F)nn12
D11982,CCn1c(SCC(=O)Nc2ccc3c(c2)c2ccccc2n3CC)nnc1-c1cnccn1
D11983,Cc1nsc(-c2nnc3n2CCN(C(=O)c2cc(F)cc(F)c2)[C@@H]3C)n1
D11984,O=C(NC1CC1c1ccccc1)N1CCC(c2nc(-c3ccncc3)no2)CC1
D11985,COc1ccc(-n2nc(C(C)C)cc2NC(=O)Nc2ccc(Oc3ccnc(Nc4cc(C(=O)NCCN5CCOCC5)cc(C(F)(F)F)c4)n3)c3ccccc23)cc1
D11986,N#Cc1cc(-c2ncnc(Nc3ccc(N4CCN(C5COC5)CC4)cc3)n2)ccc1OC1CCN(C(=O)c2ncc[nH]2)CC1
D11987,C[C@]1(c2cc(/C=C(\F)c3ccc(C#N)cn3)ccc2F)N=C(N)S[C@@]2(C(=O)N3CCC(F)CC3)C[C@H]21
D11988,CC(C)c1cccc(C(C)C)c1N1C(=O)c2ccc(N)cc2C1=O
D11989,CC(C)(OCc1cc(-c2cccc(C(F)(F)F)c2)n(Cc2ccccc2Cl)n1)C(=O)O
D11990,O=C(NO)c1cccc(-c2cn(CSc3ccccc3)nn2)c1
D11991,COc1ccc2c(OCc3nnc4ccc(-c5ccc(F)c(F)c5)nn34)ccnc2c1
D11992,NC1=NC2(CCN(C(=O)c3ccsc3)CC2)Nc2cccc(F)c21
D11993,c1cc(Cn2ccc(=[N+]3CCCCC3)cc2)ccc1Cn1ccc(=[N+]2CCCCC2)cc1
D11994,O=C(NC1CCC(F)(F)CC1)N1CCN(c2nc(-c3ccc4ccccc4n3)no2)CC1
D11995,O=C(c1cccc(C(F)(F)F)c1Cl)N1[C@H]2CC[C@@H]1c1nnc(-c3ncccn3)n1C2
D11996,O=C(CNc1ncnc2ccc(C(F)(F)F)cc12)NC1CN([C@H]2CC[C@@H](c3cccnc3)CC2)C1
D11997,CN1C2CCC1[C@@H](c1ccccc1)[C@@H](c1ccccc1)C2
D11998,COCCCc1cc(Nc2ccnc(NCc3cc(C(N)=O)no3)n2)[nH]n1
D11999,CCCCN1C(=O)CCSC1c1ccc(S(C)(=O)=O)cc1
D12000,NC1=N[C@](c2ccc(OC(F)(F)F)cc2)(c2cccc(-c3cncnc3)c2)C2=NCCCN12
D12001,CCCCCCNC(=O)Oc1ccc(C(=O)OC)cc1I
D12002,O=C(COP(=O)(O)O)N(O)CCCCOP(=O)(O)O
D12003,COc1cc(OC)cc(-c2cc(COC(C)(C)C(=O)O)nn2-c2ccccc2N(C)C)c1
D12004,COc1cc(OC2CCN(C)CC2)c2c(Nc3c(Cl)ccc4c3OCO4)ncnc2c1
D12005,N#C[C@H](Cc1ccc(-c2ccc(C(N)=O)cc2)cc1F)NC(=O)[C@H]1N[C@H]2C[C@@H]1[C@@H]1C[C@H]21
D12006,Cc1cccnc1CN1CCN(c2nc3c(c(=O)[nH]2)CCCN3C)CC1
D12007,CN1CCN(c2ccc(C(=O)Nc3ccc([C@@H]4C[C@H]4N)cc3)cc2)CC1.Cl.Cl
D12008,O=C(OCc1ccccc1)C(Cc1ccc(C(F)(F)P(=O)(O)O)cc1)(Cc1ccc(C(F)(F)P(=O)(O)O)cc1)C(=O)OCc1ccccc1
D12009,N#Cc1cc(-c2ncnc(Nc3ccc(N4CCN(C5COC5)CC4)cc3)n2)ccc1O[C@H]1CCN(C(=O)C(F)F)C[C@H]1F
D12010,Cc1c(CCOCCCF)cc(-c2ccc(S(C)(=O)=O)cc2)n1-c1ccc(F)c(F)c1
D12011,COc1ccc([C@]2(C34CC5CC(CC(C5)C3)C4)N=C(N)N(C)C2=O)cc1
D12012,CN1C(=O)C(c2ccncc2)(c2cccc(-c3cccc(F)c3)c2)N=C1N
D12013,CN[C@@H](C)C(=O)N[C@H]1CN(C(C)=O)CC[C@H]2CC[C@@H](C(=O)NC(c3ccccc3)c3ccccc3)N2C1=O
D12014,CCN1C(=O)CNc2ncc(-c3ccc(-c4nc[nH]n4)nc3C)nc21
D12015,C[C@@H](c1ccc(-c2ccc(=O)n(C)n2)cc1)N1CC[C@](CCCO)(c2ccccc2)OC1=O
D12016,CCOC(=O)c1cc(-c2cccc(OC(=O)NC3CCCCC3)c2)n(-c2ccc(C)cc2)n1
D12017,Cc1cc(Cl)cnc1C(=O)Nc1ccc(F)c([C@]2(CF)C[C@@H](C(F)(F)F)OC(N)=N2)c1
D12018,CCCCOc1nc(-c2ccc(S(C)(=O)=O)cc2)cc(C(F)(F)F)n1
D12019,Cc1cc(S(=O)(=O)Nc2ccsn2)c(F)cc1N(C)[C@H]1CCN(Cc2ccccc2)C1
D12020,Cc1cc(Br)cnc1C(=O)Nc1ccc2c(c1)C1(CCSC(N)=N1)c1cc(C3=CCOCC3)nc(F)c1O2
D12021,Cc1ccc(-n2nccn2)c(C(=O)N2C[C@@H](C)OC[C@H]2Cc2cccc(-c3ncccn3)c2)c1
D12022,COc1cc(-c2[nH]c3ccc(C4CCN(C(=O)CC5CCOCC5)CC4)cc3c2C(C)C)cn2ncnc12
D12023,CC[C@H](C)[C@H](NC(=O)[C@H](CCC(N)=O)NC(=O)[C@H](Cc1ccc(O)cc1)NC(=O)[C@H](CCCCN)NC(=O)[C@@H]1CSSCC2NC(=O)[C@H](CCC(N)=O)NC(=O)[C@H](CC(=O)O)NC(=O)[C@H](CC(N)=O)NC(=O)[C@H](CO)NC(=O)[C@@H]3CCCN3C(=O)[C@H](CC(N)=O)NC(=O)[C@@H]3CSSCC(NC(=O)[C@H](C(C)C)NC(=O)[C@H](CC(C)C)NC(=O)[C@H](CCCCN)NC(=O)[C@H](CO)NC(=O)[C@H](CO)NC(=O)[C@H](CCCCN)NC(=O)C(CSSC[C@H](NC(=O)[C@@H](N)CCC(=O)O)C(=O)N[C@@H](CC(C)C)C(=O)N[C@@H](CCC(=O)O)C(=O)N[C@@H]([C@@H](C)CC)C(=O)N[C@@H](Cc4ccccc4)C(=O)N[C@@H](CCCCN)C(=O)N[C@@H](C)C(=O)N3)NC2=O)C(=O)N[C@@H](CO)C(=O)N[C@@H](CCCNC(=N)N)C(=O)N[C@@H](CCCCN)C(=O)N[C@@H]([C@@H](C)O)C(=O)N[C@@H](CCCNC(=N)N)C(=O)N[C@@H](Cc2c[nH]c3ccccc23)C(=O)N1)C(=O)O
D12024,N=C(N)NCCC[C@H](NC(=O)CN1CCN(S(=O)(=O)Cc2ccccc2)[C@@H](CCCNC(=N)N)C1=O)C(=O)c1nccs1
D12025,O=C1CCc2c(Oc3ccc4c(c3)C[C@H](NC(=O)c3cc(-c5cc[nH]n5)cc(C(F)(F)F)c3)CC4)ccnc2N1
D12026,O=c1sn(-c2cccc(C(F)(F)F)c2)c(=O)n1Cc1ccccc1
D12027,COC(=O)c1ccc(C(Cc2ccc(C(F)(F)P(=O)(O)O)cc2)(Cc2ccc(C(F)(F)P(=O)(O)O)cc2)n2nnc3ccccc32)cc1
D12028,Cc1ccc(C(N)=O)cc1NC(=O)c1cnc(NC(C)C)s1
D12029,Cc1cc(-c2[nH]c3ccc(C4CCN(C(=O)CCC#N)CC4)cc3c2C(C)C)cn2ncnc12
D12030,Cn1ccnc1[C@]1(CNC(=O)c2cc3cc(Cl)ccc3o2)NC(=O)NC1=O
D12031,Clc1ncccc1CN[C@H]1CC1c1ccccc1
D12032,Cc1cc(Cl)ccc1C1c2c(nn(CC3CCCO3)c2C(C)C)C(=O)N1c1cc(Cl)ccc1C
D12033,Cc1cc(COc2ccc(C(=O)NC3(C)C(=O)NC(=O)NC3=O)cc2)c2ccccc2n1
D12034,OCC1C(O)C(O)C(O)c2nc(CCc3ccccc3)cn21
D12035,CS(=O)(=O)c1ccc(C2=C(c3ccc(F)cc3)CC(C(F)(F)F)(C(F)(F)F)C2)cc1
D12036,CCCCc1nn(-c2ccccc2[N+](=O)[O-])c(C(=O)O)c1Cc1ccc(-c2ccccc2-c2nnn[nH]2)cc1
D12037,Nc1noc2c(N3CC[C@@H](NC(=O)c4ccc(-n5cnnc5)cc4Cl)C3)ncc(Cl)c12
D12038,Cc1ncc(-c2ccnc(Nc3ccc(N4CCN(S(=O)(=O)CCN(C)C)CC4)cc3)n2)n1C(C)C
D12039,NC(=O)c1cnc2ccc(-c3c(-c4ccc(F)cc4)ncn3C3CC(F)(F)C3)nn12
D12040,Cc1c(-c2[nH]c3ccc(C4CCN(C(=O)NCCN5CCOCC5)CC4)cc3c2C(C)C)cn2ncnc2c1C
D12041,Cc1cc(Nc2nc([C@H](O)c3ccc(F)cc3)nc3ccccc23)n[nH]1
D12042,CN[C@@H](C)C(=O)N[C@@H]1C(=O)N(Cc2cccc3c2cnn3-c2ccccc2C#N)c2ccc(Br)cc2OC12CCOCC2
D12043,NC1=N[C@](CF)(c2cc(NC(=O)c3ccc(Cl)cn3)ccc2Cl)[C@H]2C[C@H]2O1
D12044,CN[C@@H](C)C(=O)N[C@H]1CN(C(=O)c2ccc(C(C)(C)O)cc2)c2ccccc2N(Cc2c(OC)ccc3cc(Br)ccc23)C1=O
D12045,O=C1NC(=O)C2=C1c1cn(c3ccccc13)CCO[C@H](CN1CCCC1)CCn1cc2c2ccccc21
D12046,Cc1[nH]c([C@@H](Cc2cn(C)c3ccccc23)NC(=O)[C@H](CC(C)C)NC(=O)Nc2ccccc2)nc1C(=O)O
D12047,Cc1c(CC(N)=O)c2cc(OCCCP(=O)(O)O)ccc2n1Cc1ccccc1
D12048,COc1ccccc1-n1nc2c(c1C(C)C)C(c1ccc(Cl)cc1)N(c1cccc(Cl)c1F)C2=O
D12049,CCCn1cnc2ccc(-c3cc(COC(C)(C)C(=O)O)nn3-c3ccccc3N3CCCC3)cc21
D12050,CN1C(=O)C(=O)c2cc(S(=O)(=O)N3CC[C@H]3COc3ccccc3)ccc21
D12051,COc1cc2c(Nc3ccc(Cl)c(Cl)c3F)ncnc2cc1OCC1CO[C@@H]2[C@@H](OC)CO[C@H]12
D12052,C[C@@]1(c2cc(NC(=O)c3ccc(Cl)cn3)ccc2F)CC2(CCOCC2)SC(N)=N1
D12053,N#Cc1ccc2ccn(-c3cc(N)ncn3)c2n1
D12054,COc1cc2c(cc1O)Oc1c(O)ccc3c1[C@H](C2)N(C)CC3
D12055,O=S1(=O)NC(Nc2ccccc2Br)=Nc2c(O)cc(Cl)cc21
D12056,C[C@@]1(c2cc(Nc3nccc4cc(C#N)cnc34)ccc2F)CS(=O)(=O)[C@@](C)(F)C(N)=N1
D12057,CC(C)C[C@H](NC(=O)[C@H](Cc1ccccc1)N=[N+]=[N-])C(=O)N[C@@H](CC(C)C)C(=O)N[C@H](/C=C/S(C)(=O)=O)Cc1ccc(CN)cc1
D12058,N=C(N)c1cccc(C=NN=C(N)NO)c1
D12059,C[C@H](O)C(=O)N1CC[C@@H](Oc2ccc(-c3ncnc(Nc4ccc(N5CCN(C6COC6)[C@H](C)C5)cc4)n3)cc2C#N)C(F)(F)C1
D12060,C[C@@H](CN1CCC(n2c(=O)[nH]c3ccccc32)CC1)NC(=O)C1C[C@H]1c1ccccc1
D12061,COc1c2ccoc2cc2oc(=O)ccc12
D12062,CCCCOc1nsnc1C1=CCCN(C)C1
D12063,COc1cc2oc(-c3ccc(N4CCCC4)cc3)cc(=O)c2cc1OC
D12064,OB(O)c1ccc(-c2ccccc2)cc1
D12065,N[C@H]1CC[C@H](N[C@@H]2C[C@H]2c2ccc(-c3cccc(C(F)(F)F)c3)cc2)CC1
D12066,COc1cc(C(C)(C)C#Cc2c(C)nc(N)nc2N)cc(OC)c1OC
D12067,CCOC(=O)c1noc([C@H](CCCC2CCCCC2)CC(=O)NO)n1
D12068,COc1ccc2c(c1)c(CCOC(=O)c1ccc(Cl)cc1)c(C)n2Cc1ccc(Br)cc1
D12069,O=C1OCCc2cc([C@@H]3CN4CCN(C(=O)Cc5ccc(-n6cnnn6)cc5)C[C@H]4CO3)ccc21
D12070,C[C@@H](c1ccc(-c2ccn(CCF)c(=O)c2)cc1)N1CC[C@](CC(C)(C)O)(c2ccccc2)OC1=O
D12071,CC1(C)Cc2c(CN3CCC4(CC3)CCN(C(=O)c3ccnc(N)c3)CC4)cccc2O1
D12072,Cc1ccc(S(=O)(=O)N2CCc3cc(C(=O)NCCN(Cc4ccccc4)C(C)C)ccc3C2)cc1
D12073,CC[C@H](N)C(=O)NC1C(=O)N(Cc2c(OC)ccc3c(Br)cccc23)c2ccccc2N(c2ccccc2)C1=O
D12074,CC(=O)Nc1ccc(CN2CCC(NC(=O)c3cc(=O)c4ccc(F)cc4o3)CC2)cc1
D12075,CN[C@@H](C)C(=O)N[C@H]1CN(C(=O)CCS(C)(=O)=O)c2cc(C(F)(F)F)ccc2N(Cc2c(C3CC3)cnc3ccccc23)C1=O
D12076,CS(=O)(=O)c1ccc(C2=C(c3ccc(F)cc3)CC(CF)(CF)C2)cc1
D12077,NC(=O)c1cncc(OCc2cccc(NC(=O)c3ccc(-c4cccs4)nc3)c2)c1
D12078,O=C(CNC(=O)c1cccc(C(F)(F)F)c1)NC1CN([C@H]2CC[C@@](O)(c3nccs3)CC2)C1
D12079,Cc1cc(OC(F)F)cnc1C(=O)Nc1ccc(F)c([C@]2(C)CS(=O)(=O)C3(CC(F)(F)C3)C(N)=N2)c1
D12080,C[C@@H](Oc1cc(-c2cc(-c3cc(CN(C)C)cs3)cnc2N)ccc1C(N)=O)c1ccccc1C(F)(F)F
D12081,CNC[C@@H]1Cc2ccccc2[C@@H](c2ccc(Cl)c(Cl)c2)C1
D12082,CCn1c(-c2nonc2N)nc2c(C#CC(C)(C)O)nc(OCCCN)cc21
D12083,Cn1c(=O)cc(N2CCC[C@@H](N)C2)n(Cc2cc(F)ccc2Br)c1=O
D12084,COc1cc(-c2[nH]c3ccc(C4CCN(C(=O)[C@@H]5CCCN5C(C)=O)CC4)cc3c2C(C)C)cn2ncnc12
D12085,CC(C)(Oc1ccc(Cl)cc1)C(=O)N[C@H]1C2C[C@@H]3C[C@H]1C[C@@](c1nnc(N)[nH]1)(C2)C3
D12086,Cc1cc2ncc3c(n2n1)CN([C@H]1CC[C@H](c2cc(F)ccc2F)[C@@H](N)C1)C3
D12087,CC1(c2cc(NC(=O)c3ccc(Cl)cn3)ccc2F)N=C(N)OC2(CCOCC2)C1(F)F
D12088,O=C(NCc1ccc(N2CCOCC2)cc1)n1sc2ccccc2c1=O
D12089,Cc1cc(CS(=O)(=O)c2ccccc2)cc(OCc2ccc(CN3CCC[C@H]3CO)cc2)c1
D12090,COc1ccc2c(c1)CC(CNCC1CN(CCNS(=O)(=O)c3cccc4ccccc34)C1)CCC2
D12091,O=C(NCc1ccc(OC(F)(F)F)cc1)C1c2ccccc2C(=O)N1CCc1ccccn1
D12092,N=C(N)N1CCC[C@H](C[C@@H](C=O)NC(=O)CN2CCC[C@H](NS(=O)(=O)Cc3ccccc3)C2=O)C1
D12093,C[C@H]1CN(C(=O)C[C@H](N)C(=O)N2Cc3ccccc3C2)CCN1C(c1ccc(F)cc1)c1ccc(F)cc1
D12094,C[C@@]1(c2cc(CNC3(C(F)(F)F)CC3)c(F)cc2F)CCSC(N)=N1
D12095,CC(=O)c1sc(NC(=O)N[C@@H]2CN(C3CCN(C)CC3)CC[C@H]2CN2CCC[C@@H](Cc3ccc(F)cc3)C2)nc1C
D12096,Cc1cc(Nc2nn(Cc3ccccc3)c(=O)c3ccccc23)[nH]n1
D12097,CC[C@@]1(O)C(=O)OCc2c1cc1n(c2=O)Cc2cc3c(CN(C)C)c(O)ccc3nc2-1
D12098,CCn1c(Cc2nc(N3CCOCC3)cc(=O)[nH]2)nc2ccccc21
D12099,Cn1cc(-c2ccncc2)c(-c2ccc(OCc3cc(OCCF)c4ccccc4n3)cc2)n1
D12100,C[C@@]1(c2cc(Nc3ncc(F)c4cc(C#N)cnc34)cnc2F)C[C@@H](C(F)(F)F)OC(N)=N1
D12101,C=CC[C@H](NC(=O)[C@H](Cc1ccccc1)NS(=O)(=O)N1CCN(C)CC1)C(=O)N[C@@H](CC1CCCCC1)C(O)C(F)(F)C(=O)NCCN1CCOCC1
D12102,COc1nc(NCCCCN(C)C)ncc1C(=O)Nc1cc(C(=O)Nc2cccc(C(F)(F)F)c2C)ccc1C
D12103,COc1ccc(C(=O)Nc2cnc(F)c([C@]3(C)C[C@@H](C(F)(F)F)OC(N)=N3)c2)nc1
D12104,COC(=O)C1=C(c2ccc(Cl)c(F)c2)CC2CCC1S2
D12105,N[C@@H](CC(=O)N1CCNC[C@H]1Cc1ccccc1)Cc1cc(F)c(F)cc1F
D12106,COC(=O)C(O)C(CC(C)C)NC(=O)C(Cc1cnc[nH]1)NC(=O)C(CC(=O)NCCc1ccccc1)Cc1cccc2ccccc12
D12107,CC(=O)c1ccc(-c2ccc(CCC(O)CC(=O)O)cc2)cc1
D12108,CN1C(=O)C(c2ccsc2)(c2cccc(-c3cccnc3)c2)N=C1N
D12109,CSc1ccc(-c2nc(C(F)(F)F)cn2-c2ccc(S(C)(=O)=O)cc2)cc1Cl
D12110,C[C@]1(c2cc(/C=C(\F)c3ccc(C#N)cn3)ccc2F)N=C(N)S[C@@]2(C(=O)N3CCCC(c4ccccc4)C3)C[C@H]21
D12111,Cn1cc(NC(=O)c2ccc(Cl)cn2)cc([C@]2(C)C[C@@H](C(F)(F)F)OC(N)=N2)c1=O
D12112,O=C(N[C@H](/C=C/S(=O)(=O)c1ccccc1)CCc1ccccc1)c1cc(-c2ccccc2)no1
D12113,Oc1cccc(-c2cc3c(oc4ncccc43)c(N3CCOCC3)n2)c1
D12114,CC(C)=CCn1c(N2CCC[C@@H](N)C2)nc2c1c(=O)n(Cc1ccccc1C#N)c(=O)n2C
D12115,CN1CCN(Cc2ccc(C(c3nnnn3Cc3ccccc3)N3CCCN(C4CCC4)CC3)cc2)CC1
D12116,C#CCN(C)C(C)Cc1ccccc1
D12117,O=C(/C=C/c1ccc(-c2ccc3ncnc(Nc4ccc(OCc5cccc(F)c5)c(Cl)c4)c3c2)cc1)NO
D12118,CCCCNC(=O)[C@H](C)C[C@H](O)[C@@H](N)CN(C(=O)c1ccc(OC)c(CCCCOC)c1)C(C)C
D12119,CC1CCN(C(=O)C(CCn2ccnc2[N+](=O)[O-])NS(=O)(=O)c2cc(Cl)c(N)c(Cl)c2)CC1
D12120,O=C(Cn1c(=O)c(Cc2ccccc2)nc2ccccc21)NNC(=O)c1ccc(Cl)cc1
D12121,CNC(=O)c1cnc(N)c2cc(-c3ccccc3)sc12
D12122,CCN(CC)S(=O)(=O)c1cncc(-c2ccn3nc(N)nc3c2)c1
D12123,Cc1ccc(S(=O)(=O)n2cc(C(=O)C(=O)NCC(=O)O)c3ccccc32)cc1
D12124,O=C(O)c1ccnc(-n2nc(C3CCCC3)cc2O)c1
D12125,CCCCC(=C(c1ccccc1)c1ccccc1)c1ccc(S(C)(=O)=O)cc1
D12126,COc1cc(-c2cnn(C)c2)ccc1Nc1ncc2ccnc(N[C@@H](C)C(C)(C)C)c2n1
D12127,N#Cc1cnc2cnc(NCCN3CCOCC3)cc2c1Nc1ccc(Cc2ccccc2)cc1
D12128,CC(C)(CO)NC(=O)c1c[nH]c2ncc(-c3nn(CCCS(C)(=O)=O)c4cc(F)ccc34)nc12
D12129,CS(=O)(=O)c1ccc(C2=C(c3ccc(F)c(F)c3)C(=O)OC2)cc1
D12130,O=C(NO)c1ccc(NC2CCN(c3ccc(Cl)c(Cl)c3)C2=O)cc1
D12131,Cc1nc(N)cc2c1CNC(=O)c1cnn(c1)Cc1ccc(Cn3cccn3)cc1OCCCC=CCCO2
D12132,Fc1ccc(-c2csc(NN=C3CCCCCC3)n2)cc1
D12133,COc1cnc(C(=O)Nc2ccc3c(c2)C2(CCOC(N)=N2)c2cc(C#CC(C)(C)C)ncc2O3)cn1
D12134,N#Cc1ccc(Cn2cncc2CN(Cc2ccccc2)[C@H]2CCN(Cc3ccccc3)C2=O)cc1
D12135,Cc1ccc(C(=O)N2CCOC[C@H]2Cc2cc(-c3ncccn3)ccc2F)c(-n2nccn2)c1
D12136,O=c1cc(CN(c2cccc(Cl)c2)c2ccncn2)c2ccc(F)c(F)c2[nH]1
D12137,NC1=N[C@@](c2cc(NC(=O)c3ncc(Cl)cc3F)ccc2F)(C(F)F)[C@H]2C[C@H]2O1
D12138,O=C(O)CCC1(c2ccccc2C(F)(F)F)CCCN(C(=O)Nc2ccc(Cl)cc2)C1
D12139,NC1=N[C@](CF)(c2cc(Nc3ncnc4cc(Cl)cnc34)ccc2F)C[C@@H](C(F)(F)F)O1
D12140,CC1(C)Cc2c(CN3CCC4(CC3)CCN(C(=O)c3ccncc3)CC4)cccc2O1
D12141,C=CC(=O)Nc1cc(Nc2ncc(Cl)c(-c3cnn4ccccc34)n2)c(OC)cc1N1CCN(C)CC1
D12142,Cn1cc([C@@]2(c3nn(C)c(=O)o3)N[C@@H](c3nc(-c4ccc(F)cn4)c[nH]3)Cc3c2[nH]c2ccccc32)cn1
D12143,N=C(N)NCCCC(NC(=O)CN1CCN(S(=O)(=O)c2ccc3c(Cl)cccc3c2)CC1=O)C(=O)c1nccs1
D12144,Cc1ccc(-c2nccnc2OC2CN(c3ccc4ccccc4n3)C2)cc1
D12145,N[C@H]1CN(C(=O)c2cnc3ccccc3n2)C(=O)[C@H]1C(=O)N1CCCC1
D12146,COc1cc(-c2cc(F)cc(F)c2)c(C#N)cc1-c1nccc2cc(S(=O)(=O)Nc3nncs3)ccc12
D12147,Cc1cc(-c2[nH]c3ccc(C4CCN(C(=N)N)CC4)cc3c2C(C)C)cn2ncnc12
D12148,Cn1ncc2cccc(-n3nc(COC(C)(C)C(=O)O)cc3-c3cccc(OC4CC4)c3)c21
D12149,Cc1ccc(C(=O)N2CCOC[C@H]2Cc2cc(-c3ncon3)ccc2F)c(-n2nccn2)c1
D12150,CN[C@@H](C)C(=O)N[C@H]1CN(Cc2ccc(C#N)cc2)c2ccccc2N(Cc2c(OC)ccc3cc(Br)ccc23)C1=O
D12151,COc1cc(-c2cc(C)c(C)cc2C)c(C#N)cc1-c1nccc2cc(S(=O)(=O)Nc3ccncn3)ccc12
D12152,CCC(CC)(CCOc1cc(CCCOC)cc(CN(C(=O)[C@H]2CNCC[C@@H]2c2ccc(OCCOc3c(Cl)cc(C)cc3Cl)cc2)C2CC2)c1)C(=O)O
D12153,NC(=O)C1CCN(Cc2ccc(Oc3nc4ccccc4s3)cc2)CC1
D12154,CC(C)(C)OC(=O)NC(Cc1ccccc1)CN(O)C=O
D12155,O=C1NC(=O)c2ccc(I)cc2C1=CNCc1cc(O)c(-c2ccoc2)cn1
D12156,CC(C)(OCc1cc(-c2cccc(OC3CC3)c2)n(-c2ccccc2Cl)n1)C(=O)O
D12157,CC(C)=CCC/C(C)=C/CCn1cc(CC(P(=O)([O-])[O-])P(=O)([O-])[O-])nn1.[Na+].[Na+].[Na+].[Na+]
D12158,COc1ccc(C(=O)Nc2cccc([C@]3(CF)C[C@@H](C(F)(F)F)OC(N)=N3)c2)nc1
D12159,CCOC(=O)[C@@H](O)c1cc(-c2ccc(S(C)(=O)=O)cc2)n(-c2ccc(OC)cc2)c1C
D12160,Cc1cc(-c2[nH]c3ccc(C4CCN(Cc5ncon5)CC4)cc3c2C(C)C)cn2ncnc12
D12161,O=c1[nH]c2cc(F)ccc2cc1O
D12162,COc1cc(Cc2cnc(N)nc2N)cc2c1NC(C)(C)CC2C
D12163,CC(C)C1CC2=NNC(=O)c3cc(F)cc4[nH]c(c2c34)C1
D12164,C[C@@H]1CN(C(=O)c2cccc(Cl)c2-n2nccn2)[C@H](Cc2cccc(-n3nccn3)c2)CO1
D12165,CC(C)c1cnc(-c2cc(Cl)ccc2F)cc1Nc1ccncc1C(=O)NCCNS(C)(=O)=O
D12166,CCCCN(CCCC)C(=O)CN1C[C@H](c2ccc3c(c2)OCO3)[C@@H](C(=O)O)[C@@H]1CN1CCCCS1(=O)=O
D12167,O=C(O)Cn1c2c(c3ccccc31)CN(C(=O)c1cccc3ccccc13)CC2
D12168,C[C@@H](OC(=O)Nc1c(-c2ccc(-c3ccc(CC(=O)O)cc3)cc2)nnn1C)c1ccccc1
D12169,CC1(C)C(N)=N[C@](C)(c2cc(NC(=O)c3ccc(Cl)cn3)ccc2F)CS1(=O)=O
D12170,CCCN(C(=O)c1ccc(CNS(=O)(=O)c2cccc(Cl)c2)cc1)C1CCCCCC1
D12171,Cc1ccc(-c2ccc([C@H](C)N3CC[C@](CC(C)(C)O)(c4ccccc4)OC3=O)cc2)nn1
D12172,O=C(N1CCOCC1)N1CCN(c2ccc(I)cc2)CC1
D12173,C[C@]1(c2cc(NC(=O)c3cnc(C(F)F)cn3)ccc2F)N=C(N)C2(CCC2)S(=O)(=O)[C@@H]1F
D12174,Cc1ccc(COc2ccc3c(c2)c(SC(C)(C)C)c(CC(C)(C)C(=O)O)n3Cc2ccc(-c3cc(C(F)(F)F)ccn3)cc2)nc1
D12175,COc1cc2c(Nc3ccc(Cl)c(Cl)c3F)ncnc2cc1OC[C@@H]1CN2CCC[C@H]2CO1
D12176,C[C@@H]1C(=O)NCCCN1C(=O)C[C@H](N)Cc1ccccc1F
D12177,COc1cc(Cc2cnc(N)nc2N)cc2c1NC(C)(CF)C(F)=C2C
D12178,COc1cc(Nc2ccc(S(=O)(=O)NCC3CC3)c(OC(F)(F)F)c2)cc(OC)c1
D12179,COc1cc(C(=O)N2CCOC[C@H]2Cc2cccc(-n3nccn3)c2)c(-n2nccn2)cc1Cl
D12180,O=c1[nH]c2cc(Cc3ccccc3)ccc2c2nc(-c3ccccc3Cl)[nH]c12
D12181,C[C@@]1(c2cc(NC(=O)c3ccc(Cl)cn3)ccc2F)CC2(CCOCC2)OC(N)=N1
D12182,Cc1cc(-c2ncnc(Nc3ccc(N4CCN(C5COC5)CC4)cc3)n2)cc(C#N)c1O[C@H]1CCN(C(=O)CO)C[C@H]1F
D12183,COC[C@@H]1CCCN1S(=O)(=O)c1ccc2c(c1)C(=O)C(=O)N2Cc1ccc(C2CO2)cc1
D12184,Cc1ccc(-c2cn(C)cn2)cc1NC(=O)c1ccc(OCc2ccccn2)cc1
D12185,COc1ccc(C(=O)N[C@@H](Cc2c[nH]c3ccccc23)C(=O)NCc2ccc(C(=O)Nc3cc(-c4ccccc4)ccc3N)cc2)cc1
D12186,FC(F)(F)c1ccccc1CN(C1CCOCC1)[C@H]1CCNC1
D12187,CN(CCOc1ccc(NS(C)(=O)=O)cc1)CCc1ccc(NS(C)(=O)=O)cc1
D12188,O=CN(O)C[C@@H](Cc1ccccc1)C(=O)N[C@H]1COc2ccccc2N(CC(=O)O)C1=O
D12189,NS(=O)(=O)CCNC(=O)C(c1nc2ccc(-c3cnn(CCN4CCOCC4)c3)cc2s1)S(=O)(=O)Cc1ccc(C(F)(F)F)cc1
D12190,Cc1noc(NS(=O)(=O)c2ccsc2C(=O)Nc2ccc(=O)[nH]n2)c1Br
D12191,Cc1cc(N2CC[C@@H](N)C2)cc2[nH]c(-c3c(NC[C@@H](O)c4cccc(Cl)c4)cc[nH]c3=O)nc12
D12192,CN[C@@H](C)C(=O)N[C@H]1CN(C(=O)CS(C)(=O)=O)c2ccccc2N(Cc2c(OC)ccc3c(Br)cccc23)C1=O
D12193,NS(=O)(=O)c1ccc(N2N=C(C(F)(F)F)CC2c2ccc3c(c2)OCO3)cc1
D12194,C/C=C1/CC2[C@@H]1C[C@H](c1cc3c(cc1OC)C1CCN4C[C@H]5C[C@H](CC)[C@H]4[C@@](C(=O)OC)(C5)C1N3)c1[nH]c3ccccc3c1CC(NC)[C@H]2C(=O)OC
D12195,COc1ccc(CNC(=O)c2cc3c(=O)n(Cc4ccc(C(=O)O)cc4)cnc3cn2)cc1
D12196,CC[C@H](C)[C@H](NC(=O)OCc1ccccc1)C(=O)N[C@@H](CC(=O)NCC(C)(C)C)C(=O)N[C@@H](C)C(=O)N[C@H](C=CS(C)(=O)=O)CC(C)C
D12197,CC(C)(OCc1cc(-c2cccc(F)c2)n(Cc2ccccc2Cl)n1)C(=O)O
D12198,O=C(N[C@H]1CNC1=O)OCCCCC1CCC(F)(F)CC1
D12199,NC1CCC(N[C@H]2C[C@@H]2c2ccc(-c3cccc(O)c3)s2)CC1
D12200,Cc1cccc(NC(=O)c2cc(Oc3cncc(F)c3)cn3ccnc23)n1
D12201,CN(C)C(=O)c1cc2cnc(Nc3ccc(N4CCN5CCCC5C4=O)cn3)nc2n1C1CCCCC1
D12202,O=C(O)c1ccc(OCCOc2ccc3cc2COC/C=C/COCc2cccc(c2)-c2ccnc(n2)N3)cc1
D12203,CCCCCCCOC(=O)Cc1c(C)n(C(=O)c2ccc(Cl)cc2)c2ccc(OC)cc12
D12204,Clc1ccc2c(NCCCNCCCCCCOc3cccc4[nH]c5ccccc5c34)c3c(nc2c1)CCCC3
D12205,Cn1cc(/C=C/C(=O)NS(=O)(=O)c2cc(F)c(F)cc2F)c2c(Oc3ccc(Cl)c(Cl)c3)cccc21
D12206,CN(c1ccc2cn(C)nc2c1)c1ccnc(Nc2cccc(S(N)(=O)=O)c2)n1
D12207,N=C(N)NCCCC(NC(=O)C(c1ccccc1)c1ccc(Cl)cc1)C(=O)NCc1ccccc1
D12208,O=C(c1ccc(Nc2nc3ccccc3n3nnnc23)cc1)N1CCN(c2ncccn2)CC1
D12209,O=C1NC(=O)c2ccc(-c3cccnc3)cc2C1=CNc1ccc(CN2CCCCC2)cc1
D12210,COc1cc2cc(-c3ccc(CN(CCO)Cc4ccccc4)cc3)c(=O)oc2cc1OC
D12211,Cc1ccc(Nc2nc(N[C@@H]3CCOC[C@@H]3N)ncc2C(N)=O)cc1
D12212,CN1CCN(Cc2ccc3c(c2)Cc2c-3n[nH]c2-c2csc(C#CCOc3ccccc3)c2)C(=O)C1
D12213,c1cncc(-c2nccnc2OC2CN(c3ccc4ccccc4n3)C2)c1
D12214,CS(=O)(=O)c1ccc(-c2cnc(Nc3ccccc3)nc2-c2ccc(F)cc2)cc1
D12215,Cn1c(=O)c(Cc2ccc(C(=N)N)cc2)nc2cc(C(C)(C)C(=O)N3CCNCC3)ccc21
D12216,CCN(CCCCCCN1CCN(CCCCCCN(CC)Cc2ccccc2OC)C(=O)C1=O)Cc1ccccc1OC
D12217,CCCc1nn(C)c2c(=O)[nH]c(-c3cc(N4CCCC5(CCC(C(=O)NO)CC5)C4)ccc3OCC)nc12
D12218,O=C(NO)c1ccc(C(=O)NCCc2ccccc2)cc1
D12219,Fc1ccc(Oc2ccc(OCCN3CCCC3)cc2)cc1
D12220,COc1cc(N2CCN(C(C)=O)CC2)ccc1Nc1ncc(C#N)c(-c2cnc3ccccn23)n1
D12221,Cc1c2c(O[C@H](C)[C@H]3CNC(=O)C3)cc(-c3cnn(CCF)c3)cc2nn1C
D12222,Cc1cc(Cl)ccc1C1c2c(nn(C(=O)N3CCN(C)CC3)c2C(C)C)C(=O)N1c1cc(Cl)ccc1C
D12223,O=C(OCC#CCSc1nnc(-c2cccc3ccccc23)o1)c1ccsc1
D12224,COc1ccc(OC(=O)C2C(c3ccc(C)cc3)CC3CCC2N3C)cc1
D12225,C[C@@H](CN(C)C)Oc1nc(Nc2cc3cccc(Cl)c3cn2)cnc1C#N
D12226,CC(C)(C)CN1CCC2(CC1)CN(c1ccccc1NC(=O)Nc1ccc(OC(F)(F)F)cc1)c1ccccc12
D12227,Cc1ccc2c(c1)CCN(S(=O)(=O)c1cccc(C(=O)O)c1)C2
D12228,Fc1ccc(Br)c(OC2CCN(c3nnc(-c4nnn[nH]4)s3)CC2)c1
D12229,NC1=N[C@](c2ccnc(C(F)(F)F)c2)(c2ccc(F)c(-c3cncnc3)c2)c2cccc(F)c21
D12230,CCCCNC(=O)[C@@H](C[C@H](O)[C@@H](N)CN(C(=O)c1ccc(CC)c(OCCCOC)c1)C(C)C)C(C)C
D12231,O=C(Cc1ccc2ccccc2c1)NNC(=O)c1ccc([N+](=O)[O-])o1
D12232,C[C@@H]1Cc2c(ccc3[nH]ncc23)[C@@H](c2ccc(NC3CN(CCCF)C3)cn2)N1CC(C)(C)F
D12233,COc1cc2c(cc1OC)C1C(=O)c3ccc4c(c3OC1CO2)CC(C(C)C)O4
D12234,CCOc1cc([C@@H]2NC(=O)NC(c3ccccc3)=C2c2ccccc2)cc([N+](=O)[O-])c1O
D12235,O=C(N[C@H]1CC[C@H](O)CC1)[C@H](C1CCCCC1)n1c(-c2ccc(Cl)cc2)nc2cc(F)c(F)cc21
D12236,N#Cc1cc(-c2ncnc(Nc3ccc(N4CCN(C5COC5)CC4)cc3)n2)ccc1O[C@H]1CCN(C(=O)c2ccncn2)C[C@H]1F
D12237,N#Cc1cnc2c(Nc3ccc(Cl)c([C@@]4(C(F)F)N=C(N)O[C@@H]5C[C@@H]54)c3)ncc(F)c2c1
D12238,CNC(=S)NCCCCC(NC(=O)C(Cc1ccccc1)NS(=O)(=O)N1CCOCC1)C(=O)NC(CC1CCCCC1)[C@@H](O)CC(=O)N1CCOC(CCN)C1
D12239,OC[C@H]1O[C@@H](n2cc(I)c3c(Cl)ncnc32)[C@H](O)[C@@H]1O
D12240,c1cn(CCOc2ccc(-c3nnn[nH]3)cc2)cn1
D12241,CN(C)CC[C@H](NC(=O)C1(N)CCN(c2ncnc3[nH]ccc23)CC1)c1ccc(Cl)cc1
D12242,CC(C)(C)S(=O)(=O)C[C@H](C1CC1)N1C(=O)[C@@H](CC(=O)O)O[C@H](c2cccc(Cl)c2)[C@H]1c1ccc(Cl)cc1
D12243,Cn1cc(-c2ccc(Nc3cc4[nH]c(-c5cnn(C)c5)cc4cn3)c(Cl)c2)cn1
D12244,Nc1nc(N)c2nc(CN3c4ccccc4C=Cc4ccccc43)cnc2n1
D12245,Cc1cc2c(NC(=O)N[C@@H]3CC(CF)(CF)Oc4c(F)cccc43)cccc2cn1
D12246,C[C@]1(c2cc(/C=C(\F)c3ccc(Cl)cn3)ccc2F)N=C(N)S[C@@]2(C(=O)Nc3ccccc3)C[C@H]21
D12247,CS(=O)(=O)c1ccc(C2Sc3ccccc3C(=O)N2c2ccc(F)cc2)cc1
D12248,C[C@H]1C[C@@H](Oc2ccc(-c3ncnc(Nc4ccc(N5CCN(C6COC6)CC5)cc4)n3)cc2C#N)CCN1C(=O)c1cnn[nH]1
D12249,O=P(O)(O)C(F)(F)c1ccc(C(c2ccc(-c3ccccc3-c3nnn[nH]3)cc2)C(c2ccccc2)n2nnc3ccccc32)cc1
D12250,CCc1ccc(Cc2ccc(OC)c([C@]3(O)C[C@H](CO)[C@@H](O)[C@H](O)[C@H]3O)c2)cc1
D12251,C[C@@H]1c2nnc(-c3csc(C(F)(F)F)n3)n2CCN1C(=O)c1ccc(-c2cccs2)cc1
D12252,NC1=N[C@@](c2cc(NC(=O)c3cnc(OCC#CC4CC4)cn3)ccc2F)(C(F)F)[C@H]2C[C@H]2O1
D12253,COc1ccc(Nc2nc(-c3cccc(C(=O)Nc4ccc(C(=O)O)cc4)c3)nc3scnc23)cc1OC
D12254,CN(C)CCn1c2c3c4c(cc(F)cc41)C(=O)NN=C3CC(C)(C)C2
D12255,Cc1c(-c2[nH]c3ccc(C4CCN(C5COC5)CC4)cc3c2C(C)C)cn2ncnc2c1C1CC1
D12256,COC(=O)Nc1ccc(-c2[nH]c([C@@H]3C[C@H](C4CCN(S(C)(=O)=O)CC4)CN3C(=O)C3CCN(C(=N)N)CC3)nc2Cl)cc1
D12257,O=C(O)C1CN(Cc2ccc(-c3noc(-c4ccc(C5CCCC5)cc4)n3)cc2)C1
D12258,CCCc1nn(C)c2c(=O)[nH]c(-c3cc(NC4CCN(c5ccc(C(=O)NO)cc5)CC4)ccc3OCC)nc12
D12259,CC(=O)[C@]12C[C@H]1[C@@](C)(c1cc(/C=C(\F)c3ccc(C#N)cn3)ccc1F)N=C(N)S2
D12260,c1ccc2c(CC3CCNCC3)c[nH]c2c1
D12261,COc1ccc(-c2cc(F)c(F)cc2-c2ccc(S(N)(=O)=O)cc2)cc1C
D12262,O=C(/C=C/c1cccnc1)c1ccc2ccccc2c1
D12263,O=C(NCCN1CCCC1)c1ccc(/C=C2\CCn3c2nc2cc(Cl)ccc2c3=O)cc1
D12264,C/C=C/c1cc(C(F)(F)F)cc(COCC2(c3ccc(F)cc3)CCN(C)CC2)n1
D12265,N=C/C=N/c1ccc(C(=O)Nc2cc(-c3cccs3)ccc2N)cc1
D12266,O=C(c1ccc(F)cc1)C1CCN([C@H]2CCN(Cc3nc4c(c(=O)[nH]3)COCC4)C2=O)CC1
D12267,Cc1cccc2oc(C(=O)C(C)NC(=O)[C@H](CC(=O)N(C)C)NC(=O)[C@@H](NC(=O)CC(C)(C)C)C(C)(C)C)nc12
D12268,CCCS(=O)(=O)N1CCC(CNC(=O)c2ccccc2Cl)(c2cccc(OC)n2)CC1
D12269,CC#Cc1cncc(-c2csc([C@]3(C)CC4(CCOCC4)OC(N)=N3)c2)c1
D12270,O=C(O)CCC(=O)Nc1ccc2nc(NC(=O)c3cc(Br)c(Br)[nH]3)sc2c1
D12271,NC(=O)Nc1sc(-c2ccccc2)cc1C(=O)N[C@H]1CCCNC1
D12272,CCc1cc(C(=O)N[C@@H]2C[C@@H](C(N)=O)N(C(=O)c3coc4ccccc34)C2)n(CC)n1
D12273,C[C@@H](c1ccc(-c2ccc(=O)n(C)c2)cc1)N1CC[C@](CC(C)(C)C#N)(c2ccccc2)OC1=O
D12274,CN1CCc2c(c3cc(F)ccc3n2CCc2ccc(C(F)(F)F)cc2)C1
D12275,Cc1ccc(-c2ccccn2)cc1NC(=O)c1ccc(OCc2ccccn2)cc1
D12276,CCCN1CCCOC(COc2cc3ncnc(Nc4ccc(Cl)c(Cl)c4)c3cc2OC)C1
D12277,N#Cc1ccc(N2CC[C@@H](Nc3c(C(N)=O)cnc4[nH]ccc34)[C@@H](F)C2)nc1
D12278,CCC(F)(F)c1nc2nc(C)cc(Nc3ccc(S(F)(F)(F)(F)F)cc3)n2n1
D12279,COc1cc(Cc2cnc(N)nc2N)cc2c1NCC(COC(C)=O)C2
D12280,Cc1cc(C#N)cnc1/C(F)=C/c1ccc(F)c([C@@]2(C)N=C(N)S[C@@]3(C(=O)N4CCOCC4)C[C@H]32)c1
D12281,CC(C)(OCc1cc(-c2cccc(OC3CC3)c2)n(Cc2ccccc2N2CCCC2)n1)C(=O)O
D12282,COc1cc(/C=C2\CN(C)C/C(=C\c3cc(OC)c(OC)c(OC)c3Br)C2=O)c(Br)c(OC)c1OC
D12283,O=S(=O)(Nc1ncc(F)s1)c1cc(Cl)c(NC[C@H]2NCCC=C2c2ccc(F)cc2)cc1F
D12284,NC1=N[C@](CF)(c2cc(NC(=S)c3ccc(Cl)cn3)ccc2F)C[C@@H](C(F)(F)F)O1
D12285,C[C@@H]1CCN(C(=O)C[C@H](N)Cc2cc(F)c(F)cc2F)[C@H](C)C(=O)N1
D12286,CC1(c2cc(NC(=O)c3ccn4cc(Oc5ncnc6c5CNC6)ccc34)n[nH]2)CC1
D12287,CC(C)CN(C(=O)c1ccc2ccccc2c1)[C@H]1CCNC1
D12288,COc1cc(OC)cc(-c2cc(COC(C)(C)C(=O)O)nn2-c2ccccc2N2CCCC2)c1
D12289,Cc1nn(C2CCN(C(=O)CN)CC2)c(C)c1Nc1ncc(Cl)c(-c2cnn3ccccc23)n1
D12290,COc1ccc(CN=Nc2nc3ccccc3nc2Cc2ccccc2)cc1
D12291,CCNc1ncc(C(=O)Nc2ccc(S(=O)(=O)N3CCOCC3)cc2)c(N[C@H]2CC[C@H](O)CC2)n1
D12292,O=c1c2cc(OCCCN3CCCCC3)ccc2nc2n1Cc1ccccc1-2
D12293,COc1cc(-c2cnc3[nH]cc(-c4cnc(N)nc4)c3c2)cc(OC)c1OC
D12294,Cc1[nH]c(/C=C2\C(=O)Nc3ccccc32)c(C)c1CCCN1CCN(C)CC1
D12295,C#CCN(Cc1ccc2cccc(O)c2n1)C(C#N)C1CCN(Cc2ccccc2)CC1
D12296,CC(=O)NC1CCN(Cc2ccc(Oc3nc4ccccc4s3)cc2)CC1
D12297,CNC(N)=NCCC[C@H](N)C(=O)O
D12298,NC(=O)c1ccc(-c2cc(Cl)c3c(c2)C2(CCCCC2)NC(=O)N3)cc1
D12299,COc1cc2nccc(Oc3ccc(NC(=O)c4cc(-c5cccs5)cn(-c5ccccc5)c4=O)nc3)c2cc1OC
D12300,Cc1cc2ncnn2cc1-c1[nH]c2ccc(C3CCN(Cc4cncs4)CC3)cc2c1C(C)C
D12301,COc1ccc(OC)c(CNc2cnc3nc(N)nc(N)c3c2)c1
D12302,C[C@H](O)C(=O)N1CC[C@H](Oc2ccc(-c3ncnc(Nc4ccc(N5CCNCC5)cc4)n3)cc2C#N)[C@H](F)C1
D12303,Cc1c([C@@H](O)CN2CCC3(CC2)CC(=O)N(c2cnc(S(C)(=O)=O)cn2)C3)ccc2c1COC2=O
D12304,CN(Cc1ccccc1)Cc1ccc(C(=O)c2ccc(OCCCN3CCC(n4c(=O)[nH]c5ccccc54)CC3)cc2)cc1
D12305,COC(=O)N1CCN(c2ccc(Nc3ncc(Cl)c(-c4cnc5ccccn45)n3)c(OC)c2)CC1
D12306,COc1cnc2c(NCc3nnc4ccc(-c5cc(F)c(F)c(F)c5)nn34)ccnc2c1
D12307,COC(=O)Nc1ccc(-c2cnc([C@@H]3C[C@H](C4CCN(S(C)(=O)=O)CC4)CN3C(=O)C3CCN(C(=N)N)CC3)[nH]2)cc1
D12308,COCCOc1cc2nncc(Nc3cc(O)c(Cl)cc3F)c2cc1OC
D12309,N#Cc1cc(-c2ncnc(Nc3ccc(N4CCN(C5COC5)CC4)cc3)n2)ccc1OC1CCN(C(=O)CO)CC1(F)F
D12310,COC1COCCC1N[C@@H]1C[C@H]2C[C@@H](O)C[C@@]2(C(=O)N2CCc3ncc(C(F)(F)F)cc3C2)C1
D12311,C[C@@H](c1ccc(-c2ccc3ncnn3c2)cc1)N1CC[C@](CC(C)(C)O)(c2ccccc2)OC1=O
D12312,CCOc1nn(C)cc1Nc1cnc(C)c(-c2c[nH]c3c(NC(=O)[C@@H](COC)N4CCN(C)CC4)cccc23)n1
D12313,C[C@@H]1Cc2c(ccc3[nH]ncc23)[C@@H](c2ccc(NC3CN(CCCF)C3)cn2)N1CC(C)(F)F
D12314,CC[C@H](C)[C@@H]1NC(=O)[C@H](Cc2ccc(O)cc2)NC(=O)[C@@H](N)CSSC[C@@H](C(=O)N2CCC[C@H]2C(=O)N[C@@H](CC(C)C)C(=O)NCC(N)=O)NC(=O)[C@H](CC(N)=O)NC(=O)[C@H](CCC(N)=O)NC1=O
D12315,COc1cc2c(cc1OC(C)C)[C@H](c1ccc(Cl)cc1)N(c1ccc([C@H](C)N3CCS(=O)(=O)CC3)cc1)C(=O)C2
D12316,C[C@@H]1C(=O)N(CCOCc2ccccc2)CCCN1C(=O)C[C@H](N)Cc1cc(F)c(F)cc1F
D12317,COc1ccc(-c2noc([C@H]3CCCCN3C(=O)COc3ccccc3)n2)cc1
D12318,CN(C)C(=O)c1cc2cnc(Nc3ccc(C(=O)N4CC5CCC(C4)N5)cn3)nc2n1[C@H]1CC[C@H](C(C)(C)C)CC1
D12319,CCc1ccc(Cc2cc([C@@H]3O[C@H](CO)[C@@H](O)[C@H](O)[C@H]3O)c(COCC(C)O)cc2Cl)cc1
D12320,COc1cc(-c2nn([C@H]3CC[C@H](N4CCN(C)CC4)CC3)c3ncnc(N)c23)ccc1NC(=O)OCc1ccccc1
D12321,CN(C)C(=O)c1cc2cnc(Nc3ccc(C(=O)N4CC5CC4CN5)cn3)nc2n1C1CCCCC1
D12322,O=C(Nc1ccc(Cl)c(C(F)(F)F)c1)Nc1ccc(OCCN2CCOCC2)c2ccccc12
D12323,CCC(C)(C)c1nnc(C(=O)[C@@H]2C[C@H](F)CN2C(=O)CNC(C)(C)C)o1
D12324,CCCCCCCCNC(=O)Cc1c(C)n(C(=O)c2ccc(Cl)cc2)c2ccc(OC)cc12
D12325,COc1cc2c(Nc3cccc(Cl)c3)ncnc2cc1O[C@@H]1CO[C@@H]2[C@H]1OC[C@H]2F
D12326,O=C(CNc1ccnc2ccc(C(F)(F)F)cc12)NC1CN([C@H]2CC[C@@](O)(c3cncs3)CC2)C1
D12327,COCC(C1CC1)n1cnc(-c2ccc(F)cc2)c1-c1ccc2ncc(C(N)=O)n2n1
D12328,C[C@H](O)C(=O)N1CC[C@H](Oc2ccc(-c3ncnc(Nc4ccc(N5CCN(C6COC6)[C@H](C)C5)cc4)n3)cc2C#N)C(F)(F)C1
D12329,C=CC(=O)NC1CCN(S(=O)(=O)c2ccc(C(=O)NCCc3ccc(OC)cc3)cc2)CC1
D12330,O=C(c1ccc(CN(Cc2ccc(F)cc2)S(=O)(=O)c2cc(Cl)cc(Cl)c2O)cc1)N(Cc1ccc(F)cc1)Cc1cc(Cl)cc(Cl)c1
D12331,N#CCC(=O)N1CC[C@H](Oc2ccc(-c3ncnc(Nc4ccc(N5CCN(C6COC6)CC5)cc4)n3)cc2C#N)[C@H](F)C1
D12332,NC(=O)c1cccc(O[C@H]2C[C@@H]3CC[C@H](C2)N3Cc2ccccn2)c1
D12333,CS(=O)(=O)c1ccc(-c2c(-c3ccccc3)nn3ncccc23)cc1
D12334,C[N+](C)(C)c1cccc([NH3+])c1
D12335,COC[C@@H](C)Oc1cccc2nc(N)nc(N)c12
D12336,CN(CCCOc1ccc2ccc(=O)oc2c1)Cc1cccc(OC(=O)NCCCCCCCN2CCOCC2)c1
D12337,CN1C2CC[C@@H]1C[C@H](c1ccc(I)cc1)[C@@H]2C(=O)Oc1ccccc1
D12338,CC[C@@](C)(OCc1cc(-c2cccc(OCC(C)C)c2)n(-c2cccc3nnn(C)c23)n1)C(=O)O
D12339,CN(C[C@@H](N)Cc1ccc(O)cc1)[C@H](CNCc1ccccc1)Cc1ccc(O)cc1
D12340,CC(C)c1nc(N(C)S(C)(=O)=O)nc(-c2ccc(F)cc2)c1/C=C/[C@@H](O)C[C@@H](O)CC(=O)[O-]
D12341,C[C@H]1CN(c2ccc(Nc3ncnc(-c4ccc(O[C@H]5CCN(C(=O)CO)C[C@H]5F)c(C#N)c4)n3)cc2)CCN1C1COC1
D12342,NS(=O)(=O)c1ccc2nc(-c3ccc(-c4ccccc4F)cc3)[nH]c2c1
D12343,CS(=O)(=O)Nc1ccc2ccc3ncc(-c4ccccc4)cc3c(=O)c2c1
D12344,CC1(C)OC(c2ccc(S(C)(=O)=O)cc2)=C(c2cc(F)ccc2F)C1=O
D12345,Fc1cccc(Oc2cc(C(F)(F)F)nc(N3CCc4nc[nH]c4C3)n2)c1
D12346,CC(C)CC(NC(=O)C(Cc1cnc[nH]1)NC(=O)C(CC(=O)N1CCOCC1)Cc1cccc2ccccc12)C(O)CC(=O)OC(C)C
D12347,CCNC(=O)c1ccc(C2=CC3(CCNCC3)Oc3ccccc32)cc1
D12348,C[C@@]1(c2cc(NC(=O)c3ccc(F)cn3)ccc2F)CC2(CCC2)SC(N)=N1
D12349,COc1ccccc1-n1nc2c(c1C1CC1)C(c1ccc(Cl)cc1C)N(c1cccc(Cl)c1F)C2=O
D12350,C[C@@H](O)C(=O)N1CCC(Oc2ccc(-c3ncnc(Nc4ccc(N5CCN(C6COC6)CC5)cc4)n3)cc2C#N)C(F)(F)C1
D12351,Cc1cc(-c2[nH]c3ccc(C4CCN(CC5(C#N)CC5)CC4)cc3c2C(C)C)cn2ncnc12
D12352,O=C(NCCC[C@@H](NS(=O)(=O)c1ccc(OCc2cc(Br)cc(Br)c2)cc1)C(=O)NO)OCc1ccccc1
D12353,N[C@@H](CC(=O)N1CCC[C@H]1CNS(=O)(=O)c1ccccc1)Cc1ccccc1F
D12354,Oc1cccc(-c2cc(Nc3ccc4[nH]ncc4c3)nc(N3CCOCC3)n2)c1
D12355,Cc1ccc(C(=O)N2C[C@@H](C)OC[C@H]2Cc2cc(-c3cccnn3)ccc2F)c(-n2nccn2)c1
D12356,C[C@@H](c1ccc2[nH]c(=O)sc2c1)c1ccn(-c2ccc(OCCO)cn2)n1
D12357,Cn1cc([C@@]2(c3nnc(N)o3)N[C@@H](c3nc(-c4ccc(F)cn4)c[nH]3)Cc3c2[nH]c2ccccc32)cn1
D12358,C#CCOc1cnc(/C(F)=C/c2cnc(F)c([C@@]3(C)N=C(N)S[C@@]4(C(=O)OC)C[C@H]43)c2)cn1
D12359,CC(C)N(C)[C@@H]1CC[C@H](N2CC[C@H](NC(=O)c3cccc(OC(F)(F)F)c3)C2=O)[C@H](CS(C)(=O)=O)C1
D12360,O=C(C[C@@H](CCCC1CCCCC1)c1nc(-c2cc(C(=O)O)ccn2)no1)NO
D12361,CC(C)C[C@@H](NC(=O)c1ccccc1NC(=O)c1cc2ccccc2[nH]1)C(=O)O
D12362,CC(Nc1ncnc(N)c1C#N)c1nc2ccc(F)cc2c(O)c1-c1ccccc1
D12363,OCC1NC(CO)[C@@H](O)[C@H](O)[C@H]1O
D12364,COc1c(Cl)cc(C2=C(c3ccc(S(N)(=O)=O)cc3)CC3(CC3)C2)cc1Cl
D12365,CN(Cc1ccccc1)C(=O)c1noc([C@H](CCCC2CCCCC2)CC(=O)NO)n1
D12366,Cc1cccc2[nH]c(=O)c(O)cc12
D12367,COc1cnc(C(=O)Nc2ccc(F)c([C@@]3(C)N=C(N)C4(CCC4)S(=O)(=O)[C@@H]3F)c2)c(C)c1
D12368,CN(C)C(=O)c1cc2cnc(Nc3ccc(N4CC5(CCCNCC5)OC4=O)cn3)nc2n1C1CCCC1
D12369,N#C[C@@H]1CCCN1C(=O)CNC(=O)c1ccnc2[nH]ccc12
D12370,C[C@H](O)C(=O)N1CC[C@H](Oc2ccc(-c3ncnc(Nc4ccc(N5CCO[C@@H](CO)C5)cc4)n3)cc2C#N)[C@H](F)C1
D12371,CCN(CC)CCCCNc1cc2nc(N)c(-c3cc(OC)cc(OC)c3)cc2cn1
D12372,COC(=O)c1ccc2nc(-c3ccc4c(c3)OCO4)cn2c1
D12373,O=C(O)Cn1nnc(-c2cnc(N3CC4(C3)CN(c3cc(F)ccc3Cl)C4)s2)n1
D12374,NC1=N[C@@](c2cc(NC(=O)c3ccc(OC(F)F)cn3)ccc2F)(C(F)F)[C@H]2C[C@H]2O1
D12375,CN[C@@H](C)C(=O)N[C@H]1COc2ccccc2N(Cc2cccc3c2cc(C#N)n3-c2ccccc2C#N)C1=O
D12376,C=C1/C=C(\C)[C@H](CC)CC(=O)[C@H](C)C(=O)[C@@](O)(CO)C/C(OC)=C/[C@@H](C)C1
D12377,Cc1cc(N2C(=O)c3c(C(=O)NCCN(C)C)cn(C)c3C2c2ccc(Cl)cc2)cc2c1nnn2C
D12378,COc1nn(C)cc1Nc1ncc(F)c(-c2c[nH]c3c(NC(=O)[C@@H](C)N4CCN(C)C[C@H]4C)cccc23)n1
D12379,O[C@]1(c2ccc(F)c(F)c2)CCNC[C@@H]1c1onc(-c2c(Cl)cccc2Cl)c1Br
D12380,N#Cc1ccc(C(=O)Nc2ccc(F)c([C@]3(C(F)F)N=C(N)O[C@H]4C[C@H]43)c2)nc1
D12381,COc1ccc(Cl)cc1S(=O)(=O)N1CC(C(=O)O)Oc2ccc(C(=O)Nc3cccc(F)c3)cc21
D12382,O=S(=O)(Nc1ncns1)c1ccc2c(-c3ccc(C(F)(F)F)cc3Br)nccc2c1
D12383,CCCc1cc(Oc2ccc(Cl)c(C)c2)ccc1OCCCOc1cccc(-c2sc(=O)[nH]c2O)c1
D12384,Cc1ccc(-c2coc3c(=O)n(O)c(=O)[nH]c23)cc1
D12385,CC(=O)N1C[C@@H](NC(=O)/C=C/c2ccccc2)C[C@H]1C(=O)NO
D12386,CS(=O)(=O)N1C[C@H](O)C[C@H]1C(=O)NO
D12387,N[C@@H](CC(=O)N1CCC[C@H]1CNS(=O)(=O)c1ccccc1)Cc1cccc(Cl)c1
D12388,COc1cnc(C(=O)Nc2ccc3c(c2)C2(CCSC(N)=N2)c2cc(C4=CCOCC4)nc(F)c2O3)c(C)c1
D12389,NC(=O)c1cnc2ccc(-c3c(-c4ccc(F)cc4)ncn3C(CO)CO)cn12
D12390,O=P(O)(O)C(O)(Cc1cccc(-c2ccc(-c3ccccc3)cc2)c1)P(=O)(O)O
D12391,CC(=O)N1CC[C@H](Oc2ccc(-c3ncnc(Nc4ccc(C5CCN(C)CC5)cc4)n3)cc2C#N)C(F)(F)C1
D12392,CC[C@@H](C)Oc1cc2c(cc1OC)CC(=O)N(c1ccc(C(C)O)cc1)C2c1ccc(Cl)cc1
D12393,CN(C)C(=O)c1ccc(-c2ccc(Oc3cncc4sc(-c5nnn[nH]5)cc34)cc2)cc1
D12394,CN(CC1CCOCC1)C1CCN(c2nc3ccccc3n2Cc2ccc(F)cc2)CC1
D12395,O=C(O)c1cnc(C(=O)CCc2ccc(COc3ccccc3)cc2)o1
D12396,CCO[C@H]1CN([C@H]2CC[C@@](O)(c3ccccc3)CC2)C[C@@H]1NC(=O)CNC(=O)c1cccc(C(F)(F)F)c1
D12397,COc1cc(N2C(=O)c3c(C4CC4)nn(C)c3C2c2ccc(Cl)cc2)cn2c(C)nnc12
D12398,CCCCn1sc(=O)n(CCCC)c1=O
D12399,CN(C)CCNC(=O)c1ccc(-c2nn(C)/c(=N/C3CCCCC3)s2)cc1
D12400,CN([C@@H]1CCc2c(c3ccccn3c2CC(=O)O)C1)S(=O)(=O)c1ccc(F)cc1
D12401,CS(=O)(=O)c1ccc(-c2cc(-c3ccc(F)cc3)oc(=O)c2-c2ccccc2)cc1
D12402,C[C@H]1C[C@H]2CSC(NC(=O)c3ccccc3)=N[C@@]2(c2nc(NC(=O)c3ccc(OC(F)F)cn3)cs2)CO1
D12403,CO[C@H]1C[C@]2(C1)C(N)=N[C@](C)(c1cc(NC(=O)c3ncc(Cl)cc3C)ccc1F)CS2(=O)=O
D12404,CC(C)(C)Oc1ccc(CC(NC(=O)OCC2c3ccccc3-c3ccccc32)C(=O)NNC(=O)Cn2c(=O)c(Cc3ccccc3)nc3ccccc32)cc1
D12405,CCc1sc2nc(N)[nH]c(=O)c2c1Sc1ccccc1
D12406,CC(Nc1ncnc2c(C(N)=O)cccc12)c1cc(F)cc(F)c1
D12407,CCN(CC)C(=O)c1ccc([C@H](c2cccc(NC(=O)C3CC3)c2)N2CCN(Cc3ccc(F)cc3)CC2)cc1
D12408,CCc1cc(Cl)cnc1C(=O)Nc1ccc(F)c([C@]2(CF)CS(=O)(=O)C(C)(C)C(N)=N2)c1
D12409,Cc1ccc(-c2ccc(NC(=O)C3=C(O)c4ccccc4S(=O)(=O)N3)cc2)cc1C
D12410,COc1cnc(C(=O)Nc2cc(C)c(F)c([C@]3(CF)C[C@@H](C(F)(F)F)OC(N)=N3)c2)c(C)n1
D12411,CN(CCN(C)c1cc(F)ccc1Nc1cc(F)c(S(=O)(=O)N(C(=O)OC(C)(C)C)c2cscn2)cc1Cl)C(=O)OC(C)(C)C
D12412,COc1ccc(C(=O)n2c(C)c(Cc3cccc(O[C@H](C)C(=O)O)c3)c3cc(OC(F)(F)F)ccc32)cc1
D12413,O=C(O)Cn1cc(O)n(Cc2nc3c(Cl)cccc3s2)c1=O
D12414,CC(C)(O)c1cccc(Nc2ncnc(-c3ccc(OC4CCOCC4)c(C#N)c3)n2)c1
D12415,c1ccc2nc(N3CC(Oc4nccnc4-c4cncnc4)C3)ccc2c1
D12416,CC[C@H](C)[C@H](NC(=O)OCc1ccccc1)C(=O)N[C@@H](CC(C)C)C(=O)N[C@@H](C)C(=O)N[C@H](C=CS(C)(=O)=O)CC(C)C
D12417,CCCS(=O)(=O)N1CCC(CNC(=O)c2ccc(Cl)cc2Cl)(c2cccc(C)n2)CC1
D12418,C[C@@H](c1ccc(-c2ccc(=O)n(C)c2)cc1)N1CC[C@](CC(C)(C)N(C)S(C)(=O)=O)(c2ccccc2)OC1=O
D12419,O=c1c2c([N+](=O)[O-])cc([N+](=O)[O-])cc2sn1-c1ccc(Br)cc1
D12420,CC(C)(O)COCc1cccc(Nc2sc(-c3c(F)cc(C(C)(C)O)cc3F)cc2C(N)=O)n1
D12421,N#CC(C#N)=C1C(=O)N(Cc2ccccc2)c2ccc(S(=O)(=O)N3CCC[C@H]3COc3cccnc3)cc21
D12422,CC(C)(C(=O)N[C@H]1C2C[C@H]3CC1C[C@@](C(=O)O)(C2)C3)N1CCN(c2ccc(C(F)(F)F)cn2)CC1
D12423,CCc1ncc([C@]2(O)CC[C@H](N3CC(NC(=O)CNC(=O)c4cccc(C(F)(F)F)c4)C3)CC2)s1
D12424,CC(C)(CC(=O)N[C@H]1C[C@@H]1c1cccc(OC(F)(F)F)c1)NCC(=O)N1C[C@@H](F)C[C@H]1C#N
D12425,CN[C@@H](C)C(=O)N[C@H]1COc2ccc(C(F)(F)F)cc2N(Cc2c(OC)ccc3cc(Br)ccc23)C1=O
D12426,C[C@]1(c2cc(/C=C(\F)c3ccc(C#N)cn3)ccc2F)N=C(N)S[C@@]2(C(=O)N3CCNC(=O)C3)C[C@H]21
D12427,Cc1ccc2c(-c3ccc(S(C)(=O)=O)cc3)c(-c3ccc(F)cc3)nn2n1
D12428,Nc1nc2sc(CCCCCc3ccc(C(=O)N[C@@H](CCC(=O)O)C(=O)O)cc3)cc2c(=O)[nH]1
D12429,NC(=O)c1cccc(O[C@H]2C[C@@H]3CC[C@H](C2)N3Cc2cccs2)c1
D12430,C[C@]1(c2cc(/C=C(\F)c3ccc(Br)cn3)ccc2F)N=C(N)S[C@@]2(C(=O)N3CCOCC3)C[C@H]21
D12431,Cc1ccccc1NC(=O)Oc1ccc2c(c1)C1(C)CCOC1O2
D12432,Cc1ccc(-n2c(C)ccc2-c2ccc(S(C)(=O)=O)cc2)cc1
D12433,O=C(c1cc(Cl)ccc1-n1nccn1)N1CCOC[C@H]1Cc1cc(-c2ncccn2)ccc1F
D12434,Cc1cc(Cl)cc2c(C(=O)Oc3nnn[nH]3)cc(-c3ccc(Br)cc3)nc12
D12435,COc1nc(N2C[C@H]3C(=O)N(C)C(N)=N[C@@]3(c3ccccc3)C2)nc(C)c1F
D12436,C[C@H](NCCc1ccc(O)cc1)[C@H](O)c1ccc(O)cc1
D12437,CN[C@H]1CC[C@@H](c2ccc(Cl)c(Cl)c2)c2cc(C(=O)O)ccc21
D12438,CCOC(=O)c1ccc(NC(=O)c2cc3c(C)nn(C4CCCCC4)c3s2)cc1
D12439,NC(=O)c1ccc(-c2cnc3[nH]c(=O)n(CC4CCCCC4)c3n2)cc1
D12440,Cc1cc2c(-c3ccc(S(=O)(=O)N(C)CCO)cc3)ccnc2[nH]1
D12441,N#Cc1ccnc(N2CCC(C(=O)N3CC[C@H](N[C@H]4CC[C@@](O)(c5ccc(-c6ncccn6)cn5)CC4)C3)CC2)c1
D12442,Nc1ccc2c3c(cccc13)C(=O)NC2=O
D12443,CC1(C)C2CCC1(C)C(OC(=O)c1cc(O)c(C(=O)c3c(O)cccc3C(=O)O)c(O)c1)C2NC(=O)c1ccc(O)cc1
D12444,CCCCOc1c(CCC)cc(Cc2cnc(N)nc2N)cc1CCC
D12445,CN1CC[C@@]2(C)c3cc(OC(=O)Nc4ccccc4)ccc3N(C)C12
D12446,C[C@@]1(c2cc(CNC34CC(C3)C4)c(F)cc2F)CCSC(N)=N1
D12447,COCC(=O)N1CC[C@H](Oc2ccc(-c3ncnc(Nc4ccc(N5CCN(C6COC6)CC5)cc4)n3)cc2C#N)[C@H](F)C1
D12448,COc1ccc(OC(=O)C2C(c3ccc(Cl)cc3)CC3CCC2N3C)cc1
D12449,COc1cc(N2CCN(C(=O)[C@@H](C)O)CC2)ccc1Nc1ncc(Cl)c(-c2cnc3ccccn23)n1
D12450,CNC(=O)c1cc(-c2ccc3c(N4CCOC[C@@H]4C)nc(N4CCOC[C@@H]4C)nc3n2)ccc1OC
D12451,Cc1nn(C)c2cc(Nc3ncnc(-c4ccc(O[C@H]5CCN(C(=O)CO)C[C@H]5F)c(C#N)c4)n3)ccc12
D12452,CN1C2CCC1C(c1ccccc1)C(c1ccccc1)C2
D12453,NC(=O)c1cnc2ccc(-c3c(-c4ccc(F)c(Cl)c4)ncn3CCN3CCCC3)nn12
D12454,N[C@@H](CC(=O)N1CCC[C@H]1CNC(=O)CC(F)(F)F)Cc1cc(F)c(F)cc1F
D12455,C[C@H](c1ccccc1)[C@H]1NC(=O)CNC(=O)[C@@H](NC(=O)[C@@H](N)Cc2ccc(O)cc2)C(C)(C)SSC(C)(C)[C@@H](C(=O)O)NC1=O
D12456,Cc1cc(Cl)ccc1C1c2c(nn(CC(O)CO)c2C(C)C)C(=O)N1c1cc(Cl)ccc1C
D12457,C=CC(=O)Nc1ccc(S(=O)(=O)N2CCN(C(=O)C3C[C@@H]3c3ccccc3)CC2)cc1
D12458,C[C@H](c1nc(-c2ccc(NS(C)(=O)=O)cc2Cl)no1)[C@H]([NH3+])C(=O)N1CC[C@H](F)C1
D12459,Cc1ccc(-c2ncc(CN3CCOCC3)s2)cc1NC(=O)c1ccc(OCc2ccccn2)cc1
D12460,CNC(=O)CN1CCC(c2ccc3[nH]c(-c4cc(COC)c5ncnn5c4)c(C(C)C)c3c2)CC1
D12461,CNC(=O)c1ccc(COc2ccc(S(=O)(=O)C3(C(=O)NO)CCC4(CCNCC4)C3)cc2)cc1
D12462,CC(=O)c1sc(NC(=O)NC2(C)CN(C)C(=O)OC2CN2CCC[C@@H](Cc3ccc(F)cc3)C2)nc1C
D12463,O=C(c1ccc(Oc2ccc(S(=O)(=O)C3(C(=O)NO)CCC4(CCNCC4)C3)cc2)cc1)N1CCCC1
D12464,COc1ccc2c3c1O[C@H]1C[C@@H](O)C=C[C@@]31CCN(CCCCCOc1ccc(CN3CCCCC3)cc1)C2
D12465,CN(C)CCCOc1ccc(-c2cc3c(cc2F)ncc2c3n([C@H]3CCCOC3)c(=O)n2C)c(F)n1
D12466,COC(=O)[C@]12C[C@H]1[C@@](C)(c1cc(/C=C(\F)c3ccc(Br)cn3)ccc1F)N=C(N)S2
D12467,CC#CCOc1cnc(/C(F)=C/c2ccc(F)c([C@@]3(C)N=C(N)S[C@@]4(C(N)=O)C[C@H]43)c2)cn1
D12468,CN[C@@H](C)C(=O)N[C@H](C(=O)N1Cc2ccccc2[C@H]1C(=O)Nc1c(F)cccc1F)C(C)C
D12469,Cc1nc(CN(c2ccccc2)C2CCN(C3(C)CCN(C(=O)c4c(C)cc[n+]([O-])c4C)CC3)CC2)cs1
D12470,N#Cc1cccc2c1OCC(c1cncc(CNC(=O)C3CC3)c1)O2
D12471,C[C@@H](Oc1cc(-c2ccc(N3CCN(C)CC3)c(C(F)(F)F)c2)cc2nn(C)cc12)[C@H]1CNC(=O)C1
D12472,Cc1ncc(-c2nc(Nc3ccc(N4CCOCC4)cc3)ncc2F)n1C(C)C
D12473,NC1=N[C@](CF)(c2cc(NC(=O)c3ccc(Cl)cn3)cc(F)c2F)[C@H]2C[C@H]2O1
D12474,CC(C)(N)C(=O)N1CC2=NNC(=O)c3cccc4[nH]c(c2c34)C1
D12475,CNC(=O)[C@H](Cc1ccc(OC)cc1)NC(=O)C(CCCCOc1ccccc1)CP(=O)(O)Cc1ccc(Cc2ccccc2)cc1
D12476,Cc1ccc2c(C(=O)O)cc(-c3ccc(S(C)(=O)=O)cc3)nc2c1C
D12477,CN(C)C(=O)c1cc2cnc(Nc3ccc(C(=O)N4CC5CCC(C4)N5CCO)cn3)nc2n1C1CCCC1
D12478,Cc1ccc(C2C[C@H]3CCC(C2c2ccccc2)N3C)cc1
D12479,C[C@@H](O)C(=O)N1CC[C@H](Oc2ccc(-c3ncnc(Nc4ccc(N5CCN(C6COC6)CC5)cc4)n3)cc2C#N)C(F)(F)C1
D12480,CN[C@@H](C)C(=O)NC1C(=O)N(Cc2c(C)ccc3ccccc23)c2ccccc2N(c2ccccc2)C1=O
D12481,CCCCn1cnc(C(Cc2ccc(N)nc2)C(=O)O)c1
D12482,CC#Cc1cncc(-c2cccc(C3(c4cc(C)c(OC)c(C)c4)N=C(C)C(N)=N3)c2)c1
D12483,O=C(O)Cn1c2c(c3cc(Cl)ccc31)CN(C(=O)c1cccc3ccccc13)CC2
D12484,O=C(CCC(F)(F)F)Nc1ccc([C@H]2O[C@@H]3CN[C@H]2C3)cc1
D12485,CC(C)c1c(-c2nnc(NCCCN)o2)cn2ncnc(Nc3cc(C(=O)NC4CC4)c(F)cc3F)c12
D12486,Cc1cc(-c2[nH]c3ccc(C4CCN(C(=O)CN5CCC(F)(F)C5)CC4)cc3c2C(C)C)cn2ncnc12
D12487,OCC1C(O)C(O)C(O)c2nccn21
D12488,C[C@H]1CN(C2COC2)CCN1c1ccc(Nc2ncnc(-c3ccc(O[C@H]4CCN(C(=O)CC#N)CC4(F)F)c(C#N)c3)n2)cc1
D12489,[C-]#[N+]c1cnc(C(=O)Nc2cc([C@]3(C)C[C@@H](C(F)(F)F)OC(N)=N3)c(=O)n(C)c2)c(C)c1
D12490,COC1COCCC1N[C@@H]1C[C@H]2CCC[C@@]2(C(=O)N2CCc3ncc(C(F)(F)F)cc3C2)C1
D12491,N[C@@H](CC(=O)N1CCN(C(c2ccccc2)c2ccc(Cl)cc2)CC1)C(=O)N1Cc2ccccc2C1
D12492,CC(CO)n1cnc(-c2ccc(F)cc2)c1-c1ccc2ncc(C#N)n2c1
D12493,C=CC(=O)Nc1ccc(S(=O)(=O)N2CCN(c3ncccc3C(F)(F)F)CC2)cc1
D12494,CCn1ncc2ccc(-c3cc(COC(C)(C)C(=O)O[Na])nn3Cc3ccccc3Cl)cc21
D12495,Cc1c(CN(O)C=O)c2cc(Br)ccc2n1S(=O)(=O)c1ccccc1
D12496,Cn1nc(-c2cnc3[nH]cc(C(=O)N[C@]4(C)C[C@H](N)C4)c3n2)c2ccc(F)cc21
D12497,O=c1c(-c2cccc(Cl)c2)coc2cc(O)cc(O)c12
D12498,COc1cc(-c2ccc(C)c(Cl)c2)c(C#N)cc1-c1nccc2cc(S(=O)(=O)Nc3ccncn3)ccc12
D12499,CCCC[C@@H](C=O)NC(=O)OC1(Cc2ccccc2)CCCCC1
D12500,Cc1nc(/C=C/[C@H]2[C@H](C)C(F)(F)C[C@@]3(C(N)=O)C(=O)O[C@H](C)[C@@H]23)ccc1-c1ccccc1C#N
D12501,NS(=O)(=O)c1ccc(Cc2c(-c3cccc(-c4ccccc4)c3)nn(-c3nc(C(=O)O)cs3)c2CC2CC2)cc1
D12502,CCCCN(CCCC)C(=O)CN1C[C@H](c2ccc3c(c2)OCO3)[C@@H](C(=O)O)[C@@H]1CCC1OC(C)C(C)O1
D12503,N#Cc1cc(-c2ncnc(Nc3ccc(N4CCN(C5COC5)CC4)cc3)n2)ccc1N1CCCC1
D12504,N#Cc1cc(-c2ncnc(Nc3ccc(N4CCN(C5COC5)CC4)cc3)n2)ccc1O[C@H]1CCN(C(=O)c2ccnnc2)C[C@H]1F
D12505,CCOc1cc([C@@H]2NC(=O)NC(c3cccnc3)=C2c2ccccc2)cc([N+](=O)[O-])c1O
D12506,CCS(=O)(=O)c1ccc2nc(-c3cncc(-c4ccccc4)c3)[nH]c2c1
D12507,NC1CCC(N[C@H]2C[C@@H]2c2cnc(-c3cccc(O)c3)s2)CC1
D12508,C[C@]12CCCO[C@@H]1[C@]1(CSC(N)=N1)c1cc(-c3cc(F)cc(Cl)c3)ccc1O2
D12509,Cc1cn([C@H]2C[C@H](n3cc(-c4ccc(Cl)cc4)nn3)[C@@H](CO)O2)c(=O)[nH]c1=O
D12510,COc1cnc2c(Nc3cc(F)c(F)c([C@]4(C)C[C@@H](C(F)(F)F)OC(N)=N4)c3)nccc2n1
D12511,CN1CCN(c2nc(-c3ccc(C(=O)NC4(C(=O)NCC#N)CCCCC4)cc3)cs2)CC1
D12512,Cc1cc(COc2cnc(/C(F)=C/c3ccc(F)c([C@@]4(C)N=C(N)S[C@@]5(C(=O)N(C)C)C[C@H]54)c3)cn2)on1
D12513,O=C(O)CCCOc1cccc(CCCCCCOc2cc(-c3cccc(F)c3)cc(-c3ccc4c(c3)OCO4)c2)c1CCC(=O)O
D12514,Cc1cc(OCc2ccc(F)cc2F)c(Br)c(=O)n1Cc1cccc(CNC(=O)CO)c1
D12515,O=c1nc(N2CCOCC2)cc(N(CCO)Cc2cccc3ccccc23)[nH]1
D12516,CN(C)C(=O)n1nnnc1Cc1ccc(-c2ccc(CO)cc2)cc1
D12517,CC(=O)Nc1nc(-c2ccc(F)cc2)c(-c2ccc3nccn3c2)[nH]1
D12518,O=C(CNc1nccc2ccc(C(F)(F)F)cc12)NC1CN([C@H]2CC[C@@](O)(c3cncs3)CC2)C1
D12519,N#Cc1cnc(C(=O)Nc2ccc(F)c([C@@]3(CF)N=C(N)O[C@@H]4C[C@@H]43)c2)c(Cl)c1
D12520,C[C@@H](NC(=O)c1cc(C(=O)N[C@@H](Cc2ccccc2)[C@H](O)CNC2CC2)cc2c1CCCCO2)c1ccccc1
D12521,NC1=N[C@](CF)(c2cc(NC(=O)c3ncc(Cl)cc3Cl)ccc2Cl)[C@H]2C[C@H]2O1
D12522,COc1cc2c(cc1OC)C(=O)C(CC1CCN(Cc3cccc(F)c3)CC1)C2
D12523,O=C(NC1CCN(Cc2ccn(-c3ccc(C(F)(F)F)cc3)c2)CC1)NC(c1ccccc1)c1ncc[nH]1
D12524,O=C(O)Cn1cc(Cc2nc3c(F)c(F)cc(F)c3s2)c2cc(Oc3ccccc3)ccc21
D12525,NCCCC[C@@H]1NC(=O)[C@H](CO)NC(=O)[C@H](CO)NC(=O)[C@@H]2CSSC[C@@H](C(N)=O)NC(=O)[C@@H]3CSSC[C@H](NC(=O)[C@@H](N)CSSC[C@H](NC(=O)[C@H](Cc4c[nH]c5ccccc45)NC1=O)C(=O)N[C@@H](CCCN=C(N)N)C(=O)N[C@@H](CC(=O)O)C(=O)N[C@@H](Cc1cnc[nH]1)C(=O)N[C@@H](CO)C(=O)N[C@@H](CCCN=C(N)N)C(=O)N3)C(=O)N[C@H](CC(N)=O)C(=O)N2
D12526,CC1(C)C(N)=N[C@](C)(c2cc(NCc3nn(CC(F)(F)F)cc3Cl)ccc2F)CS1(=O)=O
D12527,NC1=N[C@@](c2cc(Nc3ncnc4cc(Cl)cnc34)ccc2F)(C(F)F)[C@H]2C[C@H]2O1
D12528,CCN(CC(O)(CNC(=O)c1cnn(-c2ccc(F)cc2)c1N)C(F)(F)F)C(=O)c1ccccc1S(C)(=O)=O
D12529,Cc1nsc(-c2nnc3n2CCN(C(=O)c2ccc(F)c(Cl)c2)[C@@H]3C)n1
D12530,CCCCCCOCCCCCN1C[C@H](O)[C@@H](O)[C@H](O)[C@H]1CO
D12531,CCCCCCc1ccc(NC(=O)Oc2cccc(CN(C)CCCOc3ccc4ccc(=O)oc4c3)c2)cc1
D12532,CCCCCCOC(=O)Cc1c(C)n(C(=O)c2ccc(Cl)cc2)c2ccc(OC)cc12
D12533,N#Cc1cc(-c2ncnc(Nc3cccc(N4CCOCC4)c3)n2)ccc1O[C@@H]1CCN(C(=O)CO)C1
D12534,O=C(N[C@@H]1CN2CCC(CC2)[C@H]1OC(=O)c1cc(O)c(C(=O)c2c(O)cccc2C(=O)O)c(O)c1)c1ccc(O)cc1
D12535,CCCC[C@H](NC(=O)O[C@H](Cc1nnc(-c2ccc(C(F)(F)F)cc2)o1)C(C)(C)C)C(=O)C(=O)Nc1ccn[nH]1
D12536,O=c1[nH]c2ccccc2n1C1CCN(Cc2ccc(-c3nc4cc(-c5nnn[nH]5)ccc4nc3-c3ccccc3)cc2)CC1
D12537,Cc1cc2c(c(C)c1Br)C=C(C(=O)O)C(C(F)(F)F)O2
D12538,COc1ccc(NC(=O)Oc2ccc3c(c2)[C@]2(C)CCN(CCc4ccccc4)[C@@H]2N3C)cc1OC
D12539,N#CCCn1cnc(-c2ccc(F)cc2)c1-c1ccc2ncc(C#N)n2n1
D12540,CN[C@@H](C)C(=O)N[C@H]1CN(C(=O)c2ccc(C(=O)OC)cc2)c2ccccc2N(Cc2noc3ccccc23)C1=O
D12541,COc1cc2c(cc1OC)C(=O)C(CC1CCN(Cc3cccc(C)n3)CC1)C2
D12542,CN1CCN(CC(c2cccc(Cl)c2)C2(O)CCCCC2)CC1
D12543,N[C@H]1CC[C@@H](CNc2cc(F)c(S(=O)(=O)Nc3nccs3)cc2Cl)CC1
D12544,CC1(C)C[C@@H](NC(=O)c2n[nH]c3ccccc23)c2cc(-c3ccc(Cl)cc3)c(-c3ccc(Cl)cc3Cl)nc2O1
D12545,CCOc1ccc(Oc2ncc(C#CC(C)NC(C)=O)s2)cc1
D12546,NC1=N[C@@]2(CO1)c1cc(-c3cccnc3F)ccc1Oc1cnc([C@@H]3CCCCO3)cc12
D12547,N#Cc1cnc2ccc(-c3c(-c4ccccc4C(N)=O)ncn3CC(F)F)nn12
D12548,COc1cc2c(Oc3ccc(NC(=O)c4[nH]c(=O)n(-c5ccccc5Cl)c4C)cc3F)ccnc2cc1OCCCN1CCN(C)CC1
D12549,CCOC(=O)c1cc(C#N)c(N2CC(C(=O)NS(=O)(=O)Cc3ccc(F)cc3)C2)nc1C
D12550,Fc1cc(-c2cnc3c(-c4ccnc5ccccc45)cnn3c2)ccc1N1CCNCC1
D12551,Cc1cn(CCN(C)C)c2c1C(=O)N(c1cc(C)c3nnc(C)n3c1)C2c1ccc(Cl)cc1
D12552,Nc1cn2cc(-c3cnc(Cl)c(NS(=O)(=O)c4ccc(F)cc4)c3)ccc2n1
D12553,Cc1nsc(-c2nnc3n2CCN(C(=O)c2ccc(Cl)c(F)c2)[C@@H]3C)n1
D12554,O=C(O)c1cccc(S(=O)(=O)N2CCc3cccc(Cl)c3C2)c1
D12555,CCOc1cc(C2(c3cccc(-c4cccnc4)c3)N=C(N)N(C)C2=O)ccc1OC
D12556,CNC(=O)c1cccc2cc(Oc3ccnc4cc(OC)c(OC)cc34)ccc12
D12557,COc1ccc(C(=O)NCCN2CCOCC2)cc1Nc1nccc(Oc2ccc(NC(=O)Nc3cc(C(C)C)nn3-c3ccc(C)cc3)c3ccccc23)n1
D12558,CC(C)Oc1cc([C@@](Cc2ccccc2)(NC[C@H](O)C(F)(F)F)c2cc(F)cc(OC(F)(F)C(F)F)c2)ccc1F
D12559,O=C(c1cccc(F)c1)N1CCc2oc(-c3ccc(F)cn3)nc2C1
D12560,COc1ccc(C(C)N=Nc2nc3ccccc3nc2Cc2ccccc2)cc1
D12561,CC(C)N1CCc2c(c3ccccc3n2Cc2ccc(C(=O)NO)cc2)C1
D12562,Cn1cc(C2=C(c3cn(C4CCN(Cc5ccccn5)CC4)c4ccccc34)C(=O)NC2=O)c2ccccc21
D12563,CN(C)C(=O)[C@]12C[C@H]1[C@@](C)(c1cc(/C(F)=C/c3ccc(Cl)cn3)ccc1F)N=C(N)S2
D12564,CC(=O)N[C@H](C(=O)N[C@@H](CC(=O)O)C(=O)N[C@H](C(=O)N1CCc2ccc(C)cc2C1C(=O)N[C@H]1CC(=O)OC1O)C(C)C)C(C)C
D12565,NC1=N[C@@](c2cc(NC(=O)c3coc(CF)n3)ccc2F)(C(F)F)[C@H]2C[C@H]2O1
D12566,CC1(C)C[C@@H](NC(=O)c2ccccc2N)c2cc(-c3ccc(Cl)cc3)c(-c3ccc(Cl)cc3Cl)nc2O1
D12567,COc1ccccc1-n1nc2c(c1C(C)C)C(c1ccc(C)cc1)N(c1cccc(Cl)c1F)C2=O
D12568,CCOc1ccc(CC2CC2C(=O)NO)cc1-c1nc2c(CC)nn(C)c2c(=O)[nH]1
D12569,CC1CC(Oc2ccc(-c3ncnc(Nc4ccc(N5CCN(C6COC6)CC5)cc4)n3)cc2C#N)CC(C)N1C(=O)CO
D12570,C[C@@H](CN1[C@H](C)Cc2c([nH]c3ccccc23)[C@H]1c1c(F)ccc(OCCNCCCF)c1F)C(=O)O
D12571,CN(C)C(=O)c1cc2cnc(Nc3ccc(N4CCCC5(CCNCC5)C4=O)cn3)nc2n1C1CCCC1
D12572,COc1ccc(C2=C(c3ccc(S(C)(=O)=O)cc3)CC3(CC3)C2)cc1Cl
D12573,CN[C@@H](C)C(=O)N[C@H]1CN(C(=O)c2ccc(C(=O)O)cc2)c2ccccc2N(Cc2c(OC)ccc3cc(Br)ccc23)C1=O
D12574,O=C(NC1CCN(Cc2ccn(-c3ccc(C(F)(F)F)cc3)c2)CC1)NC(Cn1ccnc1)c1ccccc1
D12575,CN1CCCC2(CC1)CN(c1ccc(Nc3ncc4cc(C(=O)N(C)C)n(C5CCCC5)c4n3)nc1)C(=O)O2
D12576,CCC(=O)n1nc(-c2cccnc2)nc1NCc1ccccc1
D12577,COc1cnc(C(=O)Nc2cc(F)c(F)c([C@]3(C)C[C@@H](C(F)(F)F)OC(N)=N3)c2)c(F)c1
D12578,C[C@@H](OC(=O)C12CC3CC(CC(C3)C1)C2)c1ccncc1
D12579,CSCC[C@@H](N)C(=O)N1C2CCC1CN(C(=O)c1ccc(Nc3ncc4cc(C(=O)N(C)C)n(C5CCCC5)c4n3)nc1)C2
D12580,NC1=N[C@](CF)(c2cc(NC(=O)c3cnc(OCc4ncco4)cn3)ccc2F)C[C@@H](C(F)(F)F)O1
D12581,N[C@H]1CC[C@](CCNc2cc(F)c(S(=O)(=O)Nc3nccs3)cc2Cl)(c2ccccc2)CC1
D12582,Nc1c2c(nc3c1C(c1ccc(Cl)cc1)c1c(c4ccccc4oc1=O)O3)CCCC2
D12583,NC1=N[C@](CF)(c2cc(Nc3nccc4cc(Cl)cnc34)cc(F)c2F)[C@H]2C[C@H]2O1
D12584,CC12CCCC(/C=C/C(=O)NS(=O)(=O)c3cc(F)c(F)cc3F)=C1N(Cc1ccc(Cl)cc1Cl)C(=O)C2
D12585,Cn1cnc2cc(Br)c(-c3ccccc3Cl)c(CN)c21
D12586,CC[C@@H](C)[C@H](N)C(=O)N1C[C@@H](N=[N+]=[N-])C[C@H]1C#N
D12587,CCOc1ccc(Cc2ccc(CCC(=O)NO)cc2)cc1-c1nc2c(CC)nn(C)c2c(=O)[nH]1
D12588,C[C@H](NC(=O)CCN1CCN(c2ccc(F)cc2)CC1)c1nc2cc(Cl)c(Cl)cc2[nH]1
D12589,CS(=O)(=O)Cc1cncc(C2COc3c(C#N)cccc3O2)c1
D12590,Cc1cccc(-c2nc3c(N)nc(N)nc3nc2N)c1
D12591,Nc1ccc(-c2cccs2)cc1NC(=O)c1ccc(N2CCC3(CCNC3)CC2)nc1
D12592,CC(C)(C)n1cc2c(n1)C(=O)CC1(CCN(C(=O)c3ccc4[nH]ncc4c3)CC1)O2
D12593,CC(C)[C@@H](NS(=O)(=O)c1ccc(-c2ccc(Br)cc2)cc1)C(=O)O
D12594,COCCCS(=O)(=O)N[C@H]1C[C@@H](N(C)c2ncnc3[nH]ccc23)C1
D12595,O=C(O)[C@@H]1[C@@H](S(=O)(=O)CCc2ccc(-c3ccc(Cl)cc3)cc2)CC[C@H]1Cn1nnc2ccccc2c1=O
D12596,CO[C@@H]1COCC[C@@H]1N(C)[C@@H]1CC[C@@](C(=O)N2CCN(c3cc(C(F)(F)F)cnn3)CC2)(C(C)C)C1
D12597,Cc1cc(NC(C)CN(C)C)nc2ccc(NC(=O)/C=C/c3ccc(OC(F)(F)F)cc3)cc12
D12598,C[C@H]1CN(c2cc(N(CCO)Cc3cccc4ccccc34)[nH]c(=O)n2)CCO1
D12599,CCc1c(OC)cc(Cc2cnc(N)nc2N)cc1OC
D12600,COc1ccc2c(c1)C[C@H](C(=O)Nc1ccc(-c3cn[nH]c3)cc1OCC1CCN(C)CC1)NC2
D12601,CN(C)C(=O)c1cc2cnc(Nc3ccc(N4C[C@@H]5CNC[C@@H]5CC4=O)cn3)nc2n1C1CCCC1
D12602,Cc1cc(Oc2cncnc2)cc(C(=O)Nc2cccc(F)n2)n1
D12603,Clc1ccccc1CN(CC1CNC1)c1ccccc1.O=C(O)C(F)(F)F
D12604,C[C@@H](CN1CCC(n2c(=O)[nH]c3ccccc32)CC1)NC(=O)c1cccnc1
D12605,COc1ccc(Nc2cc3[nH]c(-c4cn[nH]c4)cc3cn2)c(Cl)c1
D12606,COc1cncc(-c2ccc3c(c2)CCC(=O)N3C)c1
D12607,N#Cc1cc(-c2ncnc(Nc3ccc(N4CCOCC4)cc3)n2)ccc1NC(=O)C1CC1
D12608,Cc1cc(Nc2ncnc(-c3ccc(O[C@H]4CCN(C(=O)[C@H](C)O)C[C@H]4F)c(C#N)c3)n2)ccc1C1CCN(C=O)CC1
D12609,O=C1NC(=O)c2c1c(-c1ccccc1Cl)cc1[nH]c3ccc(O)cc3c21
D12610,COc1ccc(C#Cc2ccc(S(=O)(=O)NC(CC#Cc3ccccc3)C(=O)O)s2)cc1
D12611,CCCCCCOC(=O)Nc1cccc(-c2ccc(C(C)C(=O)O)cc2F)c1
D12612,CC1=C[C@H]2Cc3[nH]c(=O)ccc3[C@@]3(C1)[C@@H]2CCCN3C(=O)CCN(C)CCCCCCCCCCN(C)CCC(=O)N1CCC[C@@H]2[C@H]3C=C(C)C[C@]21c1ccc(=O)[nH]c1C3
D12613,CN(C)C(=O)c1cc2cnc(Nc3ccc(N4CCN5CCCCC5C4=O)cn3)nc2n1C1CCCCC1
D12614,COc1ccc2[nH]cc(-c3cc4nn(C)cc4c(O[C@H](C)[C@H]4CNC(=O)C4)n3)c2c1
D12615,COc1ccc(-c2ccc3c(N4CCOC[C@@H]4C)nc(N4CCOC[C@@H]4C)nc3n2)cc1C(N)=O
D12616,COc1cc(Nc2ncnc(-c3ccc(O[C@H]4CCN(C(=O)[C@H](C)O)C[C@H]4F)c(C#N)c3)n2)ccc1N1CCN(C2COC2)CC1
D12617,Cc1nc(OCC(F)(F)F)cnc1C(=O)Nc1ccc(F)c([C@@]2(C(F)F)N=C(N)O[C@@H]3C[C@@H]32)c1
D12618,Cn1c(=O)c2c(nc(SCCc3cccc(C(F)(F)F)c3)n2C)n(C)c1=O
D12619,O=C(Oc1ccc(Oc2ccc(C(F)(F)F)cn2)cc1)N1CCCCC1
D12620,CC/C(=C\c1ccc(C)cc1)c1ccc(S(C)(=O)=O)cc1
D12621,CN(C)CCCOc1ccc(-c2ccc3ncc4c(c3c2)n([C@@H]2CCOC2)c(=O)n4C)c(F)n1
D12622,C(#Cc1ccccn1)C1=CCC(Nc2cccnc2)CC1
D12623,c1ccc(CN2CCC3(CCCc4ccccc43)CC2)cc1
D12624,COC[C@@H]1CCCN1S(=O)(=O)c1ccc2c(c1)C(=O)C(=O)N2CCC1CO1
D12625,Nc1nn2cccnc2c1-c1cc(N[C@@H]2CCc3ccccc32)ncn1
D12626,C[C@@]1(c2nc(NC(=O)c3nn(C(F)F)cc3Cl)ccc2F)C[C@@H](C(F)(F)F)OC(N)=N1
D12627,COc1cc(CCc2cc(Nc3ccnc(NCc4ccccn4)n3)[nH]n2)cc(OC)c1
D12628,O=C(O)CCn1cc(Cn2ccnc2)c2cc(Br)ccc21
D12629,CS(=O)(=O)c1ccc(-n2cc(C(F)(F)F)nc2-c2cc(Br)cs2)cc1
D12630,COc1ccccc1CNC(=O)c1cc(C2NC(=O)NC(C)=C2C(=O)Nc2ccc3[nH]ncc3c2)ccc1F
D12631,CN(C)C(=O)c1cc2cnc(Nc3ccc(C(=O)N4CC5CCC(C4)N5)cn3)nc2n1C(C)(C)C
D12632,N#Cc1cc(-c2ncnc(Nc3ccc(N4CCN(C5COC5)CC4)c(F)c3)n2)ccc1O[C@H]1CCN(C(=O)CO)C[C@H]1F
D12633,CN[C@@H](C)C(=O)N[C@H]1CNc2cc(C#N)ccc2N(Cc2nn(-c3ccccc3C#N)c3ccccc23)C1=O
D12634,CCn1cc(-c2ccc([C@H](C)N3CC[C@](CC(C)(C)O)(c4ccc(F)cc4)OC3=O)cc2)ccc1=O
D12635,COc1cc(OC)cc(-c2cc(COC(C)(C)C(=O)O)nn2-c2ccccc2)c1
D12636,CN(C)C(=O)[C@]12C[C@H]1[C@@](C)(c1cc(/C=C(\F)c3ccc(C#N)cn3)ccc1F)N=C(N)S2
D12637,CCCCc1nn(-c2ccccc2C)c(C(=O)O)c1Cc1ccc(-c2ccccc2-c2nnn[nH]2)cc1
D12638,CCN(CC)C(=O)c1ccc([C@H](c2cccc(NC(=O)OC)c2)N2CCN(Cc3cncs3)CC2)cc1
D12639,O=c1cc(CN(c2cccnc2)c2cccc(Cl)c2)c2ccc(F)c(F)c2[nH]1
D12640,O=P(O)(O)C(F)(F)c1ccc(/C=C/CC(Cc2ccc(C(F)(F)P(=O)(O)O)cc2)(c2ccccc2)n2nnc3ccccc32)cc1
D12641,Cc1c2c(n3c1CCN(C(=O)[C@H](C)N)C[C@@H](C)[C@H](C)Nc1cc-3ccc1C(N)=O)CC(C)(C)CC2=O
D12642,N#C[C@@H]1CCCN1C(=O)[C@@H]([NH3+])CCC(=O)N1CCc2nc(-c3ccc(F)cc3)sc2C1
D12643,Cc1cc(OCc2ccc(F)cc2F)c(Br)c(=O)n1Cc1ccc(C(=O)N(C)C)cc1
D12644,Cn1cc(-c2ccncc2)c(-c2ccc(OCc3nc4ccccc4cc3OCCF)cc2)n1
D12645,CN(C)c1ccnc2sc3c(=O)n(-c4ccc(C(F)(F)F)cc4)cnc3c12
D12646,Cc1cc2c(cc1CC(=O)c1sccc1S(=O)(=O)Nc1onc(C)c1C)OCO2
D12647,C[C@@H]1Cc2c([nH]c3ccccc23)[C@@H](c2ccc(F)c(OCCNCCCF)c2)N1CC(F)(F)F
D12648,C[C@@H]1C[C@@H](Oc2ccc(-c3ncnc(Nc4ccc(N5CCN(C6COC6)CC5)cc4)n3)cc2C#N)CCN1C(=O)CO
D12649,N=C(N)NCCC[C@@H](C=O)NC(=O)CNC(=O)[C@@H](CCCNC(=N)N)NC(=O)C(=O)O
D12650,Cc1ccc(C(=O)N(C)c2ccc([C@H](C(=O)N(C)C)[C@H]([NH3+])C(=O)N3CC[C@H](F)C3)cc2)cc1
D12651,O=C(Nc1cccnc1)c1ccc(Cl)cc1
D12652,N#Cc1cnc2ccc(-c3c(-c4ccc(F)c(F)c4)ncn3CC(F)F)cn12
D12653,O=C(O)c1ccnc(-c2cc(C(=O)NCCc3ccccc3)ccn2)c1
D12654,Cc1ccc(-c2cnsc2-c2ccc(Cl)cc2)cc1
D12655,CN[C@@H](C)C(=O)Nc1ccc(-c2c(-c3cccnc3OC)nc3cc(C)ccn23)c(C#Cc2ccc3c(ccc(=O)n3C)c2)n1
D12656,COc1cc2c(Nc3ccc(Cl)cc3F)ncnc2cc1OCCOCCN1CCOCC1
D12657,CN1CCN[C@H](C(=O)N[C@H](Cc2ccc(F)cc2)C(=O)N2CCC(C(=O)NC(C)(C)C)(C3CCCCC3)CC2)C1
D12658,CC(=O)N[C@H]1[C@H](O[C@H]2[C@@H](O)[C@@H](NC(C)=O)[C@H](O[C@@H]3[C@@H](CO)[C@@H]4OC(N(C)C)=N[C@@H]4[C@H]3O)O[C@@H]2CO)O[C@H](CO)[C@@H](O)[C@H]1O
D12659,N#Cc1ccc(Cn2cncc2CN[C@H]2CCN(C(=O)c3ccccc3Cl)C2)cc1
D12660,NCc1cccc(N=C(N)c2cccs2)c1
D12661,O=C(Nc1ccccc1)[C@@H]1C[C@H](N2CCN(S(=O)(=O)c3ccccc3)CC2)CN1C(=O)/C=C/c1cc(Cl)ccc1-n1cnnn1
D12662,COC(=O)[C@]12C[C@H]1[C@@](C)(c1cc(/C=C(\F)c3cnc(OCc4ncco4)cn3)ccc1F)N=C(N)S2
D12663,CN(C)CCn1cc(-c2nc([C@@](C)(c3ccc(-c4cnc(N)nc4)cc3)C3CC3)no2)cn1
D12664,O=C(/C=C/c1ccc2c(c1)CN(CCc1cnn3ccccc13)C2)NO
D12665,CC(C)(CO)NCC(=O)N1C[C@@H](F)C[C@H]1C(=O)c1nnc(C(C)(C)C)o1
D12666,CCO[C@H]1CO[C@@H]2[C@@H](Oc3cc4ncnc(Nc5ccc(Br)c(Cl)c5)c4cc3OC)CO[C@H]12
D12667,COc1ccc(C(=O)N2CCOC[C@H]2Cc2cc(-n3nccn3)ccc2F)c(-n2nccn2)c1
D12668,COc1ccc(F)cc1CCCC[C@H]1CC[C@H](CN)O1
D12669,Cn1nc(-c2cnc3[nH]cc(C(=O)N[C@H]4COC[C@@H](N)C4)c3n2)c2ccc(F)cc21
D12670,CCN1CC(C)(C)Oc2nc(N3C4CCC3COC4)nc(-c3ccc(NC(=O)OCCO)cc3)c2C1=O
D12671,CCOC(=O)C(=O)Nc1nc2ccc(NC(=O)c3cc(Br)c(Br)[nH]3)cc2s1
D12672,CCN(C(=O)C1CCCCC1)c1ccc2c(c1)nc(NC(=O)c1ccc(C#N)cc1)n2CCC(N)=O
D12673,CCCCN(C(=O)c1ccc(CNS(=O)(=O)c2cccc(Cl)c2)cc1)C1CCCCCC1
D12674,C#CCOc1ccc(C(=O)Nc2ccc(F)c([C@]3(C)C[C@@H](C(F)(F)F)OC(N)=N3)c2)nc1
D12675,O=C(CCCc1cn2c(n1)C(O)C(O)C(O)C2CO)Nc1ccccc1
D12676,CCOc1ccc(C(=O)Nc2ccc([C@@H]3O[C@H]4CN[C@@H]3C4)cc2)cn1
D12677,CCCC[C@@H](C(=O)N[C@@H](CC(=O)O)C(=O)N[C@@H](Cc1ccccc1)C(N)=O)N(C)C(=O)[C@H](Cc1c[nH]c2ccccc12)NC(=O)CNC(=O)[C@@H](Cc1ccccc1)NC(=O)[C@H](Cc1ccc(O)cc1)NC(=O)[C@@H](N)CC(=O)O
D12678,CN[C@@H](C)C(=O)N[C@H](C(=O)N1c2ccccc2C[C@H]1C(=O)Nc1c(F)cccc1F)C(C)C
D12679,C[C@@H](Oc1cc(-c2cnn(CCC(F)(F)F)c2)cc2nn(C)c(F)c12)[C@H]1CNC(=O)C1
D12680,COc1cc(/C=N/c2ccc(OC)cc2OC)cc(OC)c1
D12681,COc1cc(-c2cc(F)cc(F)c2)ccc1-c1nccc2cc(S(=O)(=O)Nc3nncs3)ccc12
D12682,N#Cc1cnc2ccc(-c3c(-c4ccc5c(c4)OCO5)ncn3CC(F)F)nn12
D12683,O=C(O)Cc1cnc(C(c2ccc(F)cc2)c2ccc(F)cc2)nc1-c1cccc(F)c1
D12684,CCc1cc(OC(F)(F)F)cc2c1O[C@H](C(F)(F)F)C(C(=O)O)=C2
D12685,O=C(CO)NC1CCN(Cc2ccc(Oc3nc4ccccc4s3)cc2)CC1
D12686,CS(=O)(=O)c1ccc(-c2sc(-c3ccccc3Cl)nc2-c2cccc(F)c2)cc1
D12687,C[C@@H](Oc1nc(-c2ccn(C)n2)cc2nn(C)cc12)[C@H]1CNC(=O)C1
D12688,O=C(Oc1ccc([N+](=O)[O-])cc1)N1CCC(C(O)(c2ccc3c(c2)OCO3)c2ccc3c(c2)OCO3)CC1
D12689,C=CCNC(=O)N1C[C@@H]([C@@H](C)OC(=O)COCc2ccccc2)C1=O
D12690,Cc1c(Br)c(C)c2c(c1Br)OC(C(F)(F)F)C(C(=O)O)=C2
D12691,COc1cnc(C(=O)Nc2ccc(F)c([C@@]3(CF)N=C(N)O[C@@H]4C[C@@H]43)c2)c(Cl)c1
D12692,Cc1ccc(C(=O)O)c(Oc2nc(Oc3cc(N)cc(-c4cccc(CN)c4)c3)c(F)cc2F)c1
D12693,CC(C)=CCN1CCC2(CCc3ccccc32)CC1
D12694,CCCCN(CCCC)C(=O)CN1C[C@H](c2ccc3c(c2)OCO3)[C@@H](C(=O)O)[C@@H]1CCn1cccn1
D12695,COC(=O)CN1CCCN(C(=O)C[C@H](N)Cc2cc(F)ccc2F)[C@H](C)C1=O
D12696,C[C@]1(c2cc(/C=C(\F)c3ccc(C#N)cn3)cnc2F)N=C(N)S[C@@]2(C(=O)N3CCC(F)(F)CC3)C[C@H]21
D12697,C=CCCC[C@H]1[C@H](C(=O)O)[C@@H](c2ccc3c(c2)OCO3)CN1CC(=O)N(CCCC)CCCC
D12698,Fc1cccc(Oc2ccnc(N3CCC4(CC3)CNCCO4)n2)c1
D12699,O=C(Nc1ccc(OC(F)(F)F)cc1)N1CCC(n2cccc2)CC1
D12700,O=c1n(CC2CCOCC2)nc(-c2ccnc(NC3CCCCC3)c2)n1-c1ccc2ccccc2c1
D12701,Cc1cc(Cl)ccc1N1CCN(C(=O)N2CCOCC2)CC1
D12702,Cn1ncc(-c2ccncc2)c1-c1ccc(OCc2cc(-n3cc(CCF)nn3)c3ccccc3n2)cc1
D12703,COc1ccc(-c2nc(C(=O)N3CCN(C)CC3)sc2-c2ccc(OC)cc2)cc1
D12704,COc1ccc2c(-n3c(=O)n(Cc4ccc(Cl)c(O[C@H](C)C(=O)O)c4)c4ccc(C(F)(F)F)cc43)noc2c1
D12705,COc1nc(N2C[C@H]3C(=O)N(C)C(=N)N[C@@]3(c3ccc(F)cc3F)C2)nc(C)c1F
D12706,Cn1c(=O)c2c(CC(=O)Nc3nc(-c4ccc(C(F)(F)F)c(F)c4F)cs3)nsc2n(C)c1=O
D12707,CN[C@@H](C)C(=O)N[C@@H]1C(=O)N(Cc2c(C)ccc3ccccc23)c2ccccc2N(C(=O)CS(C)(=O)=O)[C@H]1C
D12708,C[C@@H]1Cn2ncc(C3CCN(S(C)(=O)=O)CC3)c2CN1c1cc(Cl)nc2[nH]ccc12
D12709,C=C(F)C(=O)Nc1ccccc1Nc1cc(N(C)C(=O)Nc2c(Cl)c(OC)cc(OC)c2Cl)ncn1
D12710,CN(C)C(=O)c1ccc(Nc2cc3c(cn2)cc(-c2cnco2)n3C(=O)OC(C)(C)C)c(Cl)c1
D12711,NS(=O)(=O)OC[C@H]1O[C@@H](n2cnc3c(N[C@H]4CCc5ccccc54)ncnc32)[C@H](O)[C@@H]1O
D12712,O=S(=O)(c1cccc(F)c1)c1ccc2c3c(oc2c1)C1(CCOCC1)NCC3
D12713,CCCCc1ncc(C(=O)O)n1Cc1ccc(-c2ccccc2-n2cnnn2)cc1
D12714,Cc1ncc(COC[C@@H](NC(=O)c2cccnc2Oc2ccc(C(F)(F)F)cc2Cl)C(=O)N2CCN(C)CC2)o1
D12715,N#CC1(NC(=O)[C@@H]2C[C@@H](S(=O)(=O)c3ncccc3C(F)(F)F)CN2C(=O)C2(c3ncc(Cl)cc3F)CC2)CC1
D12716,COc1cc(-c2cccc(F)c2)ccc1-c1nccc2cc(S(=O)(=O)Nc3ccncn3)ccc12
D12717,COc1ccc(N(C(=O)CN2C(=O)C(C)(Cc3n[nH]c4ccccc34)C(=O)N(c3ccccc3)c3ccccc32)C(C)C)cc1
D12718,N=C(N)N1CCCC(C[C@H](NC(=O)CN2C(=O)CN(CCCc3ccccc3)C(=O)[C@@H]2Cc2ccc3ccccc3c2)C(=O)c2nccs2)C1
D12719,COc1ccc2c(c1)c1c(n2C(=O)c2ccc(Cl)cc2)CCC(C(=O)O)C1
D12720,CCCOCCc1cc(-c2ccc(S(C)(=O)=O)cc2)n(-c2ccc(F)cc2)c1C
D12721,CS(=O)(=O)Nc1cc2c(cc1Sc1ccc(F)cc1F)C(=O)CC2
D12722,CN[C@@H](C)C(=O)N[C@@H]1C(=O)N(Cc2c(OC)ccc3c(Br)cccc23)c2ccccc2N(C(=O)CCOC)[C@H]1C
D12723,C(=C/c1ccccc1)\CN1CCN(c2nc3ccsc3n3cccc23)CC1
D12724,Cn1nccc1Nc1ncnc(-c2ccc(OC3CCOCC3)c(C#N)c2)n1
D12725,CCC(Cc1ccc(C(=O)NC(CCC(=O)O)C(=O)O)cc1)c1cnc2nc(N)nc(N)c2n1
D12726,COc1cnc2c(Nc3ccc(F)c([C@]4(CF)C[C@@H](C(F)(F)F)OC(N)=N4)c3)nccc2n1
D12727,Nc1ccccc1NC(=O)c1ccc(CNC2=N[C@@H](Cc3c[nH]cn3)CO2)cc1
D12728,CC(=O)c1c(O)c(C)c(O)c2c1OC1=CC(=O)C(C(C)=O)C(=O)[C@@]12C
D12729,COc1cnc2c(NCc3nnc4ccc(-c5cc(C)ns5)nn34)ccnc2c1
D12730,C[C@H]1CCCCC1=NNc1nc(-c2ccc([N+](=O)[O-])cc2)cs1
D12731,Cc1cc(N(Cc2cc(=O)[nH]c3c(F)c(F)ccc23)c2cccc(Cl)c2)ncn1
D12732,CC(=O)c1nn(-c2ccc(Cl)cc2)/c(=N/c2nc(-c3ccccc3)cc(-c3ccccc3)c2C#N)s1
D12733,CCn1cc(-c2cc3nn(C)cc3c(O[C@H](C)[C@H]3CNC(=O)C3)n2)cn1
D12734,CCn1ncc2ccc(-c3cc(CO[C@@](C)(CC)C(=O)O)nn3Cc3ccccc3Cl)cc21
D12735,Cc1c(CCN2CCN(C(=O)Cc3ccc(-n4cnnn4)cc3)CC2)ccc2c1COC2=O
D12736,CN(C)CCn1c2ccc(O)cc2c2c3c(c(-c4ccccc4)cc21)C(=O)NC3=O
D12737,CCC(CO)n1cnc(-c2ccc(F)cc2)c1-c1ccc2ncc(C(N)=O)n2c1
D12738,Nc1nc(N)c2c(COc3ccc(F)cc3F)cccc2n1
D12739,Nc1nc2c(-c3ccsc3)nccc2[nH]1
D12740,Cc1cc(N2C(=O)c3c(C4CNC4)cn(C)c3C2c2ccc(Cl)cc2)nc2c1nnn2C
D12741,O=C(O)c1cnc(C(=O)CCCCCCc2ccccc2)o1
D12742,O=C(CN(Cc1cccc(C(=O)O)c1)S(=O)(=O)c1cccc(C(=O)O)c1)NO
D12743,Cc1nc(-c2ccc(NC(=O)CN3CCN(Cc4ccccc4)CC3)cc2)cs1
D12744,Cc1nc(N=Nc2ccc(C(=O)O)cc2)c(CCP(=O)(O)O)c(C=O)c1O
D12745,C[C@@]1(c2cc(NC(=O)c3ncc(Cl)cc3Cl)cc(F)c2F)C[C@@H](C(F)(F)F)OC(N)=N1
D12746,C=S(=O)(NC)c1ccc(C2=C(c3ccccc3)C(=O)OC2)cc1
D12747,CN(C)C(=O)c1cc2cnc(Nc3ccc(C(=O)N4CC[C@@H]5CC[C@H](C4)N5)cn3)nc2n1C1CCCC1
D12748,C[C@@]1(c2cc(NC(=O)c3cnc(C(F)F)cn3)cc(F)c2F)C[C@@H](C(F)(F)F)OC(N)=N1
D12749,Cc1ccc(C(=O)N2CCOC[C@H]2Cc2ccc(C)c(-n3nccn3)c2)c(-n2nccn2)c1
D12750,COc1ccc(CNc2ncnc3c(CCN4CCCCC4)c(OC)c(NC(=O)C(F)(F)F)cc23)cc1Cl
D12751,Cc1ccc(Sc2ccccc2N2CCNCC2)c(Cl)c1
D12752,O=C(NCC(=O)N1CC[C@H](N[C@H]2CC[C@@](O)(c3ccc(-c4cnccn4)cn3)CC2)C1)c1cccc(C(F)(F)F)c1
D12753,Clc1cccc(-c2nc(Nc3ccncc3)c3ccccc3n2)c1
D12754,C[C@H](C(=O)N1CCC[C@H]1C(=O)NC(C=O)CCCNC(=N)N)c1ccccc1
D12755,O=C(NC(c1cccnc1)C(F)(F)F)c1nc(N2CCOCC2)c2cnccn12
D12756,CN(C)C(=O)[C@@H](c1ccc(-c2ccc(F)cc2)cc1)[C@H]([NH3+])C(=O)N1CCC[C@H]1C#N
D12757,CN(c1ncnc2[nH]ccc12)[C@H]1C[C@@H](NS(C)(=O)=O)C1
D12758,Cn1c(C(F)(F)F)nc2c1CCN(C(=O)C[C@H](N)Cc1cc(F)c(F)cc1F)C2Cc1ccc(F)cc1
D12759,N[C@H]1CN(C(=O)c2ccc3ccccc3c2)C[C@H]1C(=O)N1CCCC1
D12760,CS(=O)(=O)c1ccc2nc(-c3ccc(-c4ccccc4F)nc3)[nH]c2c1
D12761,CN[C@@H](C)C(=O)N[C@H]1COc2c(cccc2C(F)(F)F)N(Cc2c(OC)ccc3cc(Br)ccc23)C1=O
D12762,C[C@@H]1Cc2c(ccc3[nH]ncc23)[C@@H](c2ncc(NC3CN(CCCF)C3)cc2F)N1CC1(F)CC1
D12763,CN[C@@H](C)C(=O)N[C@H]1CN(C(=O)CCCC(=O)O)c2ccccc2N(Cc2c(C)ccc3ccccc23)C1=O
D12764,COc1ccc(F)cc1CC[C@H]1CC[C@H](CCN)O1
D12765,C[C@H]1[C@@H](F)CCN1C(=O)[C@]12C[C@H]1[C@@](C)(c1cc(/C=C(\F)c3ccc(C#N)cn3)ccc1F)N=C(N)S2
D12766,O=C1Cc2cnc(Nc3ccc(O)cc3)nc2-c2ccccc2N1
D12767,N#Cc1cc(S(=O)(=O)Nc2ncns2)ccc1Oc1ccc(Cl)cc1-c1ccn[nH]1
D12768,CC[C@H](C)[C@H](NC(=O)CC[C@H](O)[C@H](Cc1ccccc1)NC(=O)[C@@H](NC(=O)[C@H](CC(C)C)NC(=O)CC(C)C)C(C)C)C(=O)N[C@H](C(=O)O)C(C)C
D12769,CC(O)c1cnc2ccc(-c3c(-c4ccc(F)cc4)ncn3CC(F)F)nn12
D12770,Cc1cc(Nc2ncnc(-c3ccc(O[C@H]4CCN(C(=O)[C@@H](O)CO)C[C@H]4F)c(C#N)c3)n2)cnc1N1CCN(C2COC2)CC1
D12771,CC(=O)C(C#N)C(=O)Nc1ccc(C(F)(F)F)cc1
D12772,CNCC1(O)CCN(c2nc(Oc3cccc(F)c3)cc(C(F)(F)F)n2)CC1
D12773,C[C@@H](Oc1nc(-c2cnn(C3CCNCC3)c2)cc2nn(C)cc12)[C@H]1CNC(=O)C1
D12774,CCCN(CCC)C1COc2cccc(OC)c2C1
D12775,Cc1oc([C@@H](Cc2cn(C)c3ccccc23)NC(=O)[C@H](CC(C)C)NC(=O)Nc2ccccn2)nc1C(=O)O
D12776,Cc1nc2ccc(NCc3cccc(C(F)(F)F)c3)cc2n(CCNC(=O)CO)c1=O
D12777,Cc1noc(NS(=O)(=O)c2ccsc2C(=O)Cc2ccc3c(c2)OCO3)c1C
D12778,Cn1c(=O)cc(N2CCC[C@@H](N)C2)n(Cc2cc(Cl)ccc2Cl)c1=O
D12779,C[C@@H](c1ccc(-c2ccc(=O)n(C)n2)cc1)N1CC[C@](CCCO)(c2ccc(F)cc2)OC1=O
D12780,N#Cc1ccc2c(c1)C(c1ccccc1F)=Nc1cn[nH]c1N2
D12781,Cc1ccccc1C(NC(=O)CN1C[C@H](c2ccc3c(c2)OCO3)[C@@H](C(=O)O)[C@@H]1c1ccc(OCCOC(C)C)cc1)c1ccccc1C
D12782,Cc1ccc(-c2c(CN)c(CC(C)C)nc(C)c2C(=O)O)cc1
D12783,C[C@H](Nc1ncc(Cl)c(Nc2cc(N(C)C)n[nH]2)n1)c1ncc(F)cn1
D12784,NC1=N[C@@](c2cc(NC(=O)c3cnc(OC(F)F)cn3)ccc2F)(C(F)F)[C@H]2C[C@H]2O1
D12785,CON(C)C(=O)C1C(OC(=O)c2ccccc2)CC2CCC1N2C
D12786,CCC(=O)N(Cc1ccc(S(C)(=O)=O)cc1)c1cc(F)cc(-c2nnn[nH]2)c1
D12787,N#Cc1ccc(N[C@H]2CCN(C(=O)O[C@H]3C4CC5CC3C[C@](C(N)=O)(C5)C4)C2)nc1
D12788,C[C@@]1(c2cc(NC(=O)c3ccc(Br)cn3)ccc2F)CC2(CCC(F)(F)CC2)OC(N)=N1
D12789,O=C(Cc1ccncc1)N1CCN(C2c3ccc(Cl)cc3CCc3cccnc32)CC1
D12790,O=C(CN1CCOCC1)Nc1ccc2nc3c4[nH]c5ccccc5c4ccn3c(=O)c2c1
D12791,C#CCOCCc1cc(Cl)c(Cc2ccc(CC)cc2)cc1[C@@H]1O[C@H](CO)[C@@H](O)[C@H](O)[C@H]1O
D12792,CCn1ncc2c(N3CCCC3=O)cc(C(=O)N[C@@H](Cc3ccccc3)[C@H](O)CNCc3cccc(C(F)(F)F)c3)cc21
D12793,C[C@@H]1CCCN1C(=O)CC(C)(C)[C@H]([NH3+])C(=O)N1CCC[C@H]1C#N
D12794,CC[C@H](C(=O)Nc1ccccc1N1CCCC1)c1ccccc1
D12795,COCC(C)(F)CN1[C@H](c2ccc(NC3CN(CCCF)C3)cc2OC)c2ccc3[nH]ncc3c2C[C@H]1C
D12796,CN(C)C(=O)c1cc2cnc(Nc3ccc(C(=O)N4CC5CCC(C4)N5)cn3)nc2n1-c1ccc(C(C)(C)C)cc1
D12797,O=C(CSc1nc2ccccc2c(=O)[nH]1)N[C@H]1CC[C@H](n2c(=O)[nH]c3cc(Cl)ccc32)CC1
D12798,CC(C)(CC(=O)N1CCc2ccccc2C1)[C@H]([NH3+])C(=O)N1CCC[C@H]1C#N
D12799,O=c1n(C2CCOC2)nc(-c2ccnc(NC3CCOCC3)c2)n1-c1ccc2ccccc2c1
D12800,COc1ccccc1NC(=S)NC(=O)c1cc2ccccc2oc1=O
D12801,NC(=O)c1cnc2ccc(-c3c(-c4ccc(F)cc4)ncn3C3CNC3)nn12
D12802,COc1ccc(Cl)c(S(=O)(=O)Nc2ccc(-c3cnc4c(C)n[nH]c4n3)cc2)c1
D12803,O=C(O)Cn1cc(Cc2nc3c(F)c(F)cc(F)c3s2)c2ccccc21
D12804,Nc1c2c(nc3c1cc(-c1ccccc1)n3-c1ccccc1)CCCC2
D12805,COC(=O)[C@]12C[C@H]1[C@@](C)(c1cc(/C=C(\F)c3ccc(Cl)cn3)cc(F)c1F)N=C(N)S2
D12806,N#CCC(=O)N1CC[C@H](Oc2ccc(-c3ncnc(Nc4ccc(N5CCN(C6COC6)CC5)cc4)n3)cc2C#N)C(F)(F)C1
D12807,N#Cc1ccsc1Cn1c(N2CCC[C@@H](N)C2)ncc(Br)c1=O
D12808,O=C(N[C@@H]1CSCCC[C@H]1OC(=O)c1cc(O)c(C(=O)c2c(O)cccc2C(=O)O)c(O)c1)c1ccc(O)cc1
D12809,Nc1ncccc1-c1nc2cc(-c3ccccc3)cnc2n1-c1ccc(CNC(=O)c2ccccc2)cc1
D12810,CN[C@@H](C)C(=O)N[C@H]1CN(C(=O)c2ccc(N)cc2)c2ccccc2N(Cc2c(OC)ccc3cc(Br)ccc23)C1=O
D12811,Cc1ccc([C@]2(O)CC[C@H](N3CC[C@@H](NC(=O)CNC(=O)c4cccc(C(F)(F)F)c4)C3)CC2)cc1
D12812,Cc1cc(COc2ccc([C@]3(N)CCN([C@@H](C(=O)NO)C(C)C)C3=O)cc2)c2ccccc2n1
D12813,CNC(=O)c1ccc(NC(=O)c2cc3c(C)nn(C4CCCCC4)c3s2)cc1
D12814,Oc1cc2oc(-c3cc(O)c(O)c(O)c3)c(O)cc-2c(=[OH+])c1
D12815,CCOC[C@@H](CC(C)C)NC(=O)[C@@H]1CNC[C@H](C(=O)N(c2cc(OCC)c(CC)cn2)C2CC2)[C@@H]1O
D12816,COC[C@@H]1CCCN1S(=O)(=O)c1ccc2c(c1)C(=O)C(=O)N2CCC(O)CO
D12817,N#CN1CCCC(n2nc(-c3ccc(Oc4ccc(Cl)cn4)cc3)c(C(N)=O)c2N)C1
D12818,CC(C)(C(=O)OC1(C)C2CC3CC(C2)CC1C3)c1cccnc1
D12819,CC(C)c1ncc([C@H]2CC[C@@H](N3CC(NC(=O)CNc4nn(C)c5ccc(C(F)(F)F)cc45)C3)CC2)s1
D12820,Nc1nccc(-n2cc(-c3cccnc3Cl)c3cnc(Cl)cc32)n1
D12821,CC1(C)CCc2[nH]c3cccc4c3c2C1=NNC4=O
D12822,CC(=O)N1CCc2c(c(Nc3ccc4cn(C)nc4c3)nn2C)C1
D12823,CN[C@@H](C)C(=O)N[C@H]1CN(C(=O)Cc2ccc(C(C)=O)cc2)c2ccccc2N(Cc2c(OC)ccc3cc(Br)ccc23)C1=O
D12824,C=CC(=O)Nc1ccccc1Nc1cc(N(C)C(=O)Nc2c(Cl)c(OC)cc(OC)c2Cl)ncn1
D12825,NS(=O)(=O)c1ccc(-c2c(-c3ccc(F)cc3)nn3ncccc23)cc1
D12826,COc1cc(-c2cc(F)cc(F)c2)c(C)cc1-n1c(=O)ccc2cc(S(=O)(=O)Nc3ccon3)ccc21
D12827,O=C(Nc1cccc(Nc2nccc(Nc3cccc(C(F)(F)F)c3)n2)c1)C1CC1
D12828,Cc1c(Cn2ccnc2)ccc2c(C(=O)O)cccc12
D12829,CCc1ccc(-c2ncc(Cl)cc2-c2ccc(S(C)(=O)=O)cc2)cn1
D12830,CC1(C)OC(c2ccc(S(C)(=O)=O)cc2)=C(c2cccc(F)c2)C1=O
D12831,O=C(NO)[C@@H]1[C@H](c2ccccc2)[C@H]1c1ccc(-c2cnco2)cc1
D12832,N#Cc1cc(-c2ncnc(Nc3ccc(N4CCN(C5COC5)CC4)cc3)n2)cc(F)c1O[C@H]1CCN(C(=O)CO)C[C@H]1F
D12833,Cc1nc(Nc2cc(-c3cccc(NS(=O)(=O)c4ccccc4)c3)n[nH]2)cc(N2CCN(CCO)CC2)n1
D12834,CC(C)c1ccc(Cc2ccc3c(c2)[C@]2(OC3)O[C@H](CO)[C@@H](O)[C@H](O)[C@H]2O)cc1
D12835,CCN(C)C(=O)c1ccc([C@H](c2cccc(NC(=O)OC)c2)N2CCN(Cc3cscn3)CC2)cc1
D12836,CC(=O)[C@@H]1CSSC[C@H](C(=O)N2CCC[C@H]2C(=O)CN2CCC[C@H]2C(=O)CN[C@@H](CCCCN)C(=O)CN[C@@H](CC(=O)O)C(N)=O)NC(=O)[C@@H](Cc2c[nH]c3ccccc23)NC(=O)[C@H](CCCNC(=N)N)NC(=O)[C@H](Cc2ccc3ccccc3c2)NC(=O)[C@@H]2CCCN2C(=O)[C@@H](CCC(=O)O)NC1=O
D12837,COc1cc2c(cc1OC)CC(NCC1CCN(CCNS(=O)(=O)c3cccc4ccccc34)CC1)CCC2
D12838,Cc1cc(Nc2cnc(C#N)c(N[C@@H](C)c3ccc(F)cn3)n2)[nH]n1
D12839,N=C(N)NCCCC(C=O)NC(=O)CNC(=O)[C@H](CCCNC(=N)N)NS(=O)(=O)CCc1ccccc1
D12840,Cc1ccc(-c2c(CC(=O)O)c(C)nc(CC(C)(C)C)c2CN)cc1
D12841,CCCC[C@H](NC(=O)O[C@H](Cc1nnc(-c2ccc(F)cc2)o1)C(C)(C)C)C(=O)C(=O)NCc1cccnc1
D12842,CC(C)(C)NC(=O)c1c[nH]c2ncc(-c3ncn4c3CCCC4)nc12
D12843,CC(C)COc1ccc(-c2cc(COC(C)(C)C(=O)O)nn2Cc2ccccc2Cl)s1
D12844,C/C=C\CC[C@H]1[C@H](C(=O)O)[C@@H](c2ccc3c(c2)OCO3)CN1CC(=O)N(CCCC)CCCC
D12845,Cc1cc(NC(=O)NCCN2CCC(O)(Cc3ccccc3)CC2)c2ccccc2n1
D12846,Cc1ccccc1COc1ccc(S(=O)(=O)N2CCN[C@@H](C)[C@@H]2C(=O)NO)cc1
D12847,CNCc1cc(C(F)(F)F)ccc1Cn1c(=S)[nH]c(=O)c2[nH]ccc21
D12848,O=C(Nc1ccccc1C(=O)O)c1ccc(-c2ccccc2)c(Oc2ccccc2)c1
D12849,N#Cc1cc(-c2ncnc(Nc3ccc(N4CCO[C@@H](CO)C4)cc3)n2)ccc1OC1CCN(C(=O)CO)CC1
D12850,COc1cc(-c2ccccc2C)ccc1-c1nccc2cc(S(=O)(=O)Nc3ccncn3)ccc12
D12851,Nc1ccc(-c2ccccc2)cc1NC(=O)c1ccc(CN2CCC3(CCCN3)CC2)cc1
D12852,N#C[C@H](Cc1ccc(-c2ccc3oc(=O)n(CC(F)F)c3c2)cc1)NC(=O)[C@@H]1CNCCCO1
D12853,CC(C)=CCCC(C)CC=C(P(=O)(O)O)P(=O)(O)O
D12854,O=C([O-])c1ccc(-c2ccc(O[C@H]3O[C@H](CO)[C@@H](O)[C@H](O)[C@@H]3O)cc2)cc1
D12855,COc1cc(O)c2c(c1)C(=O)c1cc(C)cc(O)c1C2=O
D12856,Cc1cc(N2CCC(NC(=O)c3ccc(-n4cnnc4)cc3Cl)C2)c2onc(N)c2c1
D12857,CC1(C)CN(C(=O)CCO)C[C@@H](F)[C@H]1Oc1ccc(-c2ncnc(Nc3ccc(N4CCN(C5COC5)CC4)cc3)n2)cc1C#N
D12858,CNc1nc(C)nc(N2CCC(C(=O)NCc3ccccc3C(F)(F)F)CC2)n1
D12859,O=C(Nc1ccc(S(=O)(=O)C(F)(F)F)cc1)C1=CCN(c2ncccc2C(F)(F)F)CC1
D12860,N#Cc1cc(-c2ncnc(Nc3ccc(C4CCN(C5COC5)CC4)cc3)n2)ccc1O[C@H]1CCN(C(=O)[C@@H](O)CO)C[C@H]1F
D12861,CN[C@@H](C)C(=O)N[C@H]1CN(C(=O)c2ccc(C(=O)N3C[C@H](NC(=O)[C@H](C)NC)C(=O)N(Cc4c(OC)ccc5c(Br)cccc45)c4ccccc43)cc2)c2ccccc2N(Cc2c(OC)ccc3c(Br)cccc23)C1=O
D12862,NC1=NC2(CCS1)c1cc(NC(=O)c3ccc(Cl)cn3)ccc1Oc1c2cc(C2=CCOCC2)nc1F
D12863,C=C(C)C(O)Cc1c(OC)ccc(C(=O)/C=C/c2ccc(O)cc2)c1O
D12864,CC(C)(Oc1ccc(Cl)cc1)C(=O)N[C@H]1C2C[C@@H]3C[C@H]1C[C@@](c1ncc[nH]1)(C2)C3
D12865,CC(C)n1nc([C@]2(c3cnn(C)c3)N[C@@H](c3nc(-c4ccc(F)cn4)c[nH]3)Cc3c2[nH]c2ccccc32)oc1=O
D12866,NC1=N[C@@]2(CCO1)c1cc(NC(=O)c3ccc(Cl)cn3)ccc1Oc1c2cc(C2=CCOCC2)nc1F
D12867,COc1cc2c(Nc3ccc(Cl)cc3F)ncnc2cc1OCc1ccncc1
D12868,Cc1[nH]c2cc(S(C)(=O)=O)ccc2c1Oc1ccc(F)cc1
D12869,C/C=C\C(C)(C)C[C@H]1[C@H](C(=O)O)[C@@H](c2cc(OC)c3c(c2)OCO3)CN1CC(=O)N(CCCC)CCCC
D12870,N#Cc1cccc(CNCC[C@H](N)C(=O)N2CCCCC2)c1
D12871,C[C@]12CC[C@H]3[C@@H](CC=C4C[C@@H](O)CC[C@@]43C)[C@@H]1CC=C2c1ccccn1
D12872,Cc1cc(OC(F)F)cnc1C(=O)Nc1ccc(F)c([C@]2(CF)CS(=O)(=O)C3(CC3)C(N)=N2)c1
D12873,C=C[C@H]1CN2CCC1C[C@@H]2[C@@H](O)c1ccnc2ccc(OC)cc12
D12874,Cc1nc(N=Nc2ccccc2)c(COP(=O)(O)O)c(C=O)c1O
D12875,CC1CC(C)CN(C(=O)[C@]23C[C@H]2[C@@](C)(c2cc(/C=C(\F)c4ccc(C#N)cn4)ccc2F)N=C(N)S3)C1
D12876,N#Cc1cnc(C(=O)Nc2cc(F)c(F)c([C@]3(CF)C[C@@H](C(F)(F)F)OC(N)=N3)c2)c(F)c1
D12877,Cc1ccc(NC(=O)c2cc(F)cc(N3CCCC3)c2)cc1NC(=O)c1ccc(OCc2ccccn2)cc1
D12878,N#C[C@@H]1C[C@H](F)CN1C(=O)CN[C@H]1[C@@H]2CN(c3ccc([N+](=O)[O-])cn3)C[C@@H]21
D12879,O=C(O)[C@H]1CCN1C(=O)Nc1cc(Cl)ccc1-c1cccc(F)c1
D12880,Cc1cc2c(O[C@H](C)[C@H]3CNC(=O)C3)cc(-c3cnn(C(C)(C)C)c3)cn2n1
D12881,O=C1N[C@@H](C(=O)O)Cc2ccccc2CCCCC[C@@H]1CS
D12882,COc1ccc(-n2sc(=O)n(Cc3ccc(F)cc3)c2=O)cc1
D12883,O=C1C(=O)N(Cc2ccc(OCCF)cc2)c2ccc(S(=O)(=O)N3CCC[C@H]3COc3ccc(F)cc3F)cc21
D12884,COc1ccc(F)cc1CC[C@@H]1CC[C@H](CCN)O1
D12885,N#Cc1cc(-c2ncnc(Nc3ccc(N4CCN(C5COC5)CC4)cc3)n2)ccc1N1CCC2(CCO2)CC1
D12886,O=C(O)CCC(=O)Nc1nc2ccc(NC(=O)c3cc(Br)c(Br)[nH]3)cc2s1
D12887,COc1cc(/C=C/c2ccc(OC)cc2OC)cc(OC)c1
D12888,O=C(Nc1ccc(Oc2ccccc2)cc1)c1cccnc1NCc1ccncc1
D12889,CCN1CCCC(c2nc(COc3cc4ncnc(Nc5ccc(Cl)c(Cl)c5)c4cc3OC)no2)C1
D12890,CC[C@H](C)[C@H](N)C(=O)NS(=O)(=O)CC(=O)N[C@@]1(C(=O)OC)[C@@H](O)C[C@H]2C(C(N)=O)=CN(C)C[C@H]21
D12891,COc1ccc(C2CC(c3ccccc3O)=NN2C(C)=O)c(OC)c1
D12892,COc1cc(C)c(Cc2ccc(C(C)C)cc2)cc1[C@@H]1S[C@H](CO)[C@@H](O)[C@H](O)[C@H]1O
D12893,NS(=O)(=O)c1ccc(-n2nc(C(=O)N/N=C/c3c(Cl)c4ccccc4oc3=O)cc2-c2ccc(C(F)(F)F)cc2)cc1
D12894,COc1ccc(C(=O)NNc2nc3ccccc3nc2Cc2ccccc2)cc1
D12895,COC(=O)c1ccc(-c2cc(Cl)c(O[C@H]3O[C@H](CO)[C@@H](O)[C@H](O)[C@@H]3O)c(Cl)c2)cc1
D12896,Cc1ccc(NNC(=O)[C@@H](O)[C@H](N)CCSC(C)C)cc1
D12897,COC(=O)[C@@H]1C2CC[C@H](C[C@@H]1c1ccccc1)N2C
D12898,O=C(O)CCc1c(/C=C2\C(=O)Nc3cc(-c4ccccc4)ccc32)[nH]c2c1CCCC2
D12899,O=P([O-])([O-])C(CCCc1cccc(Cc2ccccc2)c1)S(=O)(=O)[O-]
D12900,CCc1sc2nc(N)[nH]c(=O)c2c1Sc1ccc(Cl)c(Cl)c1
D12901,NC1=N[C@@](c2cc(Nc3ncc(F)c4cc(C#CC5CC5)cnc34)ccc2F)(C(F)F)[C@H]2C[C@H]2O1
D12902,O=C1CC2(CCN(C(=O)N[C@H]3C[C@@H]3c3ccccc3)CC2)Oc2ccc(-c3ccncc3)cc21
D12903,C[C@H](CO)CN1[C@H](C)Cc2c([nH]c3ccccc23)[C@H]1c1ccc(/C=C/C(=O)O)cc1
D12904,CN1C(=O)C2=C(C1=O)N(CC(=O)Nc1ccc(-c3nccs3)cc1)CCC2
D12905,C#Cc1cc(Nc2cc(Oc3ccc(NC(=O)Nc4cc(C(C)(C)C)cc(NS(C)(=O)=O)c4OC)c4ccccc34)ccn2)cc(C(=O)NCCOCCOCCOC)c1
D12906,Cc1ccc(C2CC3CCC(C2c2cc(-c4ccc(F)cc4)no2)N3C)cc1
D12907,C#Cc1cccc(-c2ccc(CN3CCN(C)CC3)o2)c1Cc1ccc2c(c1C)C=CC2
D12908,Nc1nsc2cccc(C(=O)Nc3cccc(CNC(=O)Nc4ccc(F)c(F)c4)c3)c12
D12909,O=C(CC1CC1)NCC1(O)CCN(c2nc(Oc3cccc(F)c3)cc(C(F)(F)F)n2)CC1
D12910,CC1=C(C(=O)Nc2ccc3[nH]ncc3c2)C(c2ccc(F)c(C(=O)NCCc3ccccn3)c2)NC(=O)N1
D12911,CC[C@@H](CO)n1cnc(-c2ccc(F)cc2)c1-c1ccc2ncc(C#N)n2n1
D12912,Cc1cc(COc2ccc(S(=O)(=O)CC(C3CCC(=O)CC3)N(O)C=O)cc2)c2ccccc2n1
D12913,CN[C@@H](C)C(=O)N[C@H]1CN(C(=O)c2ccc(C#N)cc2)c2cc(C#N)ccc2N(Cc2c(OC)ccc3cc(Br)ccc23)C1=O
D12914,C[C@@H]1COCCN1c1nc(-c2cncc3[nH]ccc23)cc2c1ncn2C
D12915,CC(C)=CCC/C(C)=C\COC(=O)Cc1ccc(Cl)cc1
D12916,CC1(C)C(N)=N[C@](C)(c2cc(Nc3ncc(Br)c4cc(Cl)cnc34)ccc2F)CS1(=O)=O
D12917,CC(C)(C)c1ccc(C(c2cccc(O)c2)C2CCN(Cc3ccccc3)CC2)cc1
D12918,N#Cc1ccc2ccn(-c3ccnc(N)n3)c2c1
D12919,O=S(=O)(Nc1ncns1)c1cc(F)c(OCC[C@]2(c3ccccc3)CC[C@H](NC3CC3)CC2)cc1F
D12920,COc1cc(-c2ccc(Cl)c(C)c2)c(C#N)cc1-c1nccc2cc(S(=O)(=O)Nc3ccncn3)ccc12
D12921,CCCCN(CCCC)C(=O)CN1C[C@H](c2ccc3c(c2)OCO3)[C@@H](C(=O)O)[C@@H]1CCC1OCCCO1
D12922,CC[C@H](C)[C@H](NC(=O)[C@H](Cc1ccc(O)cc1)NC(=O)[C@H](Cc1cnc[nH]1)NC(=O)[C@H](CCCNC(=N)N)NC(C)=O)C(=O)N[C@@H](CC(N)=O)C(=O)N[C@H](C(=O)N[C@H](C(=O)N[C@H](C(=O)N[C@@H](CCCNC(=N)N)C(=O)N[C@@H](CCC(N)=O)C(=O)N[C@@H](CCCNC(=N)N)C(=O)N[C@@H](Cc1ccc(O)cc1)C(=O)O)[C@@H](C)O)[C@@H](C)CC)C1CCCCC1
D12923,C[C@]1(c2cc(NC(=O)c3ccc(Cl)cn3)ccc2F)N=C(N)C2(CC2)S(=O)(=O)[C@@H]1F
D12924,COc1cnc(C(=O)Nc2ccc3c(c2)C2(CCOC(N)=N2)c2cc(C4=CCCOC4)cc(F)c2O3)cn1
D12925,C[C@H]1CN(c2ccc(S(=O)(=O)N3CCN(c4ccc(F)cc4C(F)(F)F)C[C@H]3C)c(Cl)c2)C[C@@H](C)O1
D12926,CCOC(=O)/C=C/CC[C@H](NC(=O)OCc1ccccc1)C(=O)N[C@H](C(=O)N1CCC[C@H]1C(=O)N[C@@H](CC(C)C)C(=O)OC)C(C)C
D12927,O=CN(O)C(CS(=O)(=O)c1ccc(Oc2ccc(OC(F)(F)F)cc2)cc1)C1CCCO1
D12928,CCCCc1nn(-c2ccc(Cl)cc2)c(C(=O)O)c1Cc1ccc(-c2ccccc2-c2nnn[nH]2)cc1
D12929,C[C@]12CCCO[C@@H]1[C@]1(COC(N)=N1)c1cc(-c3cncnc3)ccc1O2
D12930,C#CCOc1cnc(/C(F)=C/c2ccc(F)c([C@@]3(C)N=C(N)S[C@@]4(C(=O)NC)C[C@H]43)c2)cn1
D12931,Cn1cc(-c2cc3cnc(Nc4ccccc4Cl)cc3[nH]2)cn1
D12932,CC(C)(Oc1ccccc1)C(=O)N[C@H]1C2C[C@@H]3C[C@@H]1C[C@@](C(=O)O)(C2)C3
D12933,CCC[n+]1ccc2c(c1)c1ccccc1n2CCCCCCCCCn1c2ccccc2c2c[n+](CCC)ccc21.[I-].[I-]
D12934,CCN1CCC(C)c2cc(Cc3cnc(N)nc3N)ccc21
D12935,CCOc1ccc(-c2ccc(C(=O)NO)nc2)cc1-c1nc2c(CC)nn(C)c2c(=O)[nH]1
D12936,Cc1ccc(NC(=O)c2ccc3c(c2)OC(F)(F)O3)cc1C(=O)Nc1cnc(Nc2ccc(N3CCN(C)CC3)cc2)nc1
D12937,O=C(Cn1c(-c2cccs2)cc2ccccc21)NCc1nc2ccccc2[nH]1
D12938,CN[C@@H](C)C(=O)N[C@@H]1C(=O)N(Cc2c(OC)ccc3cc(Br)ccc23)c2ccccc2OC12CCOCC2
D12939,NC1CCC(NC2CC2c2ccc3ccccc3c2)CC1
D12940,Cc1c(OCCNCCCF)ncnc1[C@@H]1c2[nH]c3ccccc3c2C[C@@H](C)N1CC(F)(F)CO
D12941,CN(C)C(=O)[C@]12C[C@H]1[C@@](C)(c1cc(/C=C(\F)I)ccc1F)N=C(N)S2
D12942,COc1cc2ncnc(Nc3cc(NC(=O)c4cccc(N5CCOCC5)c4)ccc3C)c2cc1OC
D12943,CCC1c2nc(C(F)(F)F)n(C)c2CCN1C(=O)C[C@H](N)Cc1cc(F)c(F)cc1F
D12944,NC(=O)c1cccc2c1OCC(c1cncc(F)c1)O2
D12945,O=C(CN1CC[C@H](C(F)(F)F)C1)N[C@H]1C2CC3CC1C[C@](O)(C3)C2
D12946,C#CCN(Cc1cnc2nc(N)nc(N)c2n1)c1ccc(C(=O)NC(CCC(=O)O)C(=O)O)cc1
D12947,N#Cc1cnc2ccc(-c3c(-c4cc(Cl)c(F)cc4F)ncn3CC(F)F)cn12
D12948,N#CCCC(=O)N1CC[C@H](Oc2ccc(-c3ncnc(Nc4ccc(N5CCN(C6COC6)CC5)cc4)n3)cc2C#N)[C@H](F)C1
D12949,COCc1cc(Cl)cnc1C(=O)Nc1ccc(F)c([C@@]2(C(F)F)N=C(N)O[C@@H]3C[C@@H]32)c1
D12950,CC(=O)N1CCn2c(nc(-c3ccc(F)cc3)c2-c2ccc3ncc(C(N)=O)n3c2)C1
D12951,CC1=CC2Cc3[nH]c(=O)ccc3[C@@]3(C1)[C@@H]2CCCN3C(=O)CCN(C)CCCCCCCCCCCCN(C)CCC(=O)N1CCC[C@@H]2C3C=C(C)C[C@]21c1ccc(=O)[nH]c1C3
D12952,COC1COCCC1N[C@@H]1C[C@H]2C[C@H](O)C[C@@]2(C(=O)N2CCc3ncc(C(F)(F)F)cc3C2)C1
D12953,N#CC(C#N)=C1C(=O)N(Cc2ccc(Br)cc2)c2ccc(S(=O)(=O)N3CCC[C@H]3COc3cccnc3)cc21
D12954,CN[C@@H](C)C(=O)N[C@H]1CCc2ccccc2N(Cc2c(C3CC3)cnc3ccccc23)C1=O
D12955,O=C(O)CCNC(=O)[C@@H](CS)Cc1ccccc1
D12956,COCCc1cc(-c2ccc(S(C)(=O)=O)cc2)n(-c2ccccc2)c1C
D12957,COC(=O)[C@]12C[C@H]1[C@@](C)(c1cc(/C=C(\F)c3cnc(Cl)cn3)ccc1F)N=C(N)S2
D12958,CN[C@@H](C)C(=O)N[C@H]1CN(C(=O)c2ccc(F)cc2)c2cc(C#N)ccc2N(Cc2nn(-c3ccccc3C#N)c3ccccc23)C1=O
D12959,COc1ccnc(NC2CCN(C(=O)c3ccc(C#N)cc3)CC2)c1
D12960,C=C(C)[C@H]1CN[C@H](C(=O)O)[C@H]1CC(=O)O
D12961,Cc1onc(-c2ccccc2)c1-c1ccc(S(=O)(=O)NO)cc1
D12962,O=C(c1cnccn1)N1CCc2ccccc21
D12963,Cc1ccc(NC(=O)c2ccc(Cl)cn2)cc1[C@@]1(C(F)F)N=C(N)O[C@@H]2C[C@@H]21
D12964,CC(CCc1ccc(O)cc1)OC(=O)c1cc(O)c(C(=O)c2c(O)cccc2C(=O)O)c(O)c1
D12965,COC(=O)Nc1ccc(-c2[nH]c([C@@H]3C[C@H](N4CCN(S(C)(=O)=O)CC4)CN3C(=O)C3CCC(C(=N)N)CC3)nc2Cl)cc1
D12966,C[C@H]1C[C@@H](NS(=O)(=O)c2cc(Br)ccc2Br)CN1C#N
D12967,N[C@H]1C[C@@H](N2Cc3nn4ccc(C(F)(F)F)nc4c3C2)CC[C@@H]1c1cc(F)c(F)cc1F
D12968,CCCC[C@@H](C#N)n1cc([C@@](C)(NC(=O)c2ccsc2)C2CCCCC2)nn1
D12969,CC1(C)CN2CCC[C@@]2(CNc2cc(F)c(S(=O)(=O)Nc3nccs3)cc2Cl)C1
D12970,CN[C@@H](C)C(=O)Nc1ccc(-c2c(-c3ccc(OC)nc3)nc3cc(C)ccn23)c(C#Cc2ccc3c(C)nccc3c2)n1
D12971,O=[N+]([O-])c1ccc2c(c1)CC(NCC1CCN(CCNS(=O)(=O)c3cccc4ccccc34)CC1)CCC2
D12972,O=C(NC1CCCCC1)N1CCN(c2nc(-c3ccc4ccccc4n3)no2)CC1
D12973,CC(C)CCC[C@@H](C)[C@H]1CC[C@H]2[C@@H]3CC=C4C[C@@H](OCCCCCN5C[C@H](O)[C@@H](O)[C@H](O)[C@@H]5CO)CC[C@]4(C)[C@H]3CC[C@@]21C
D12974,CCOC(=O)c1cnc2ccc(-c3c(-c4ccc(F)cc4)ncn3CC(F)F)cn12
D12975,Cc1c(F)cccc1-c1ccc(/C=C/[C@H]2[C@H](C)C(F)(F)C[C@@]3(C(N)=O)C(=O)O[C@H](C)[C@@H]23)nc1
D12976,CCOc1ccc(C2CCC(CC(=O)NO)CC2)cc1-c1nc2c(CC)nn(C)c2c(=O)[nH]1
D12977,Cc1c[nH]c2c(Nc3nc(N[C@@H]4CCOC[C@@H]4N)cc4nc[nH]c(=O)c34)cccc12
D12978,NC1=N[C@](CF)(c2cc(NC(=O)c3ccc(Br)cn3)cc(F)c2F)C[C@@H](C(F)(F)F)O1
D12979,CCC(C)[C@H](NC(=O)[C@H](CC(C)C)NC(=O)NCc1ccc(Cl)c(Cl)c1)C(=O)N[C@@H](CCCN=C(N)N)C(=O)c1nccs1
D12980,NC1CCC(NC2CC2c2ccc(C(F)(F)F)cc2)CC1
D12981,COc1ccc(OC)c(S(=O)(=O)N2CCC(N(Cc3ccc4ccc(C(=N)N)cc4c3)C(C)=O)CC2)c1
D12982,CCn1cc([C@@]2(c3nn(CC(=O)O)c(=O)o3)N[C@@H](c3nc(-c4ccc(F)cn4)c[nH]3)Cc3c2[nH]c2ccccc32)cn1
D12983,CS(=O)(=O)Nc1cc2c(cc1Sc1ccc(Cl)cc1Cl)C(=O)CC2
D12984,C[C@H](NC(=O)[C@@H](O)[C@H](N)CCc1ccccc1)c1cccc2ccccc12
D12985,CCCc1ccc(S(=O)(=O)NC[C@H]2CCCN2c2nc(NCc3csc(-c4ccccc4)n3)nc(NC3CC3)n2)cc1
D12986,Cc1c(S(=O)(=O)C(F)(F)F)cc(-c2ccc(S(C)(=O)=O)cc2)n1-c1ccc(F)cc1
D12987,NS(=O)(=O)c1ccc(-n2cc(C(F)(F)F)nc2-c2cccc(F)c2)cc1
D12988,CN1CCc2nc(C(=O)N3CCN(S(=O)(=O)c4ccc5cc(Cl)ccc5c4)CC3)sc2C1
D12989,CN1C(=O)C(c2cccc(-c3cncnc3)c2)(c2cnn(C3CCCC3)c2)N=C1N
D12990,Brc1ccc2cc(-c3cccnc3)ccc2c1
D12991,CC(C)(C)OC(=O)N[C@@H](C(=O)N1CCC[C@H]1C(=O)N[C@H](C=O)CCCN=C(N)N)c1ccc(O)cc1
D12992,O=C(O)Cc1sc(C(c2ccccc2)c2ccccc2)nc1-c1ccc(Cl)cc1
D12993,Cc1cc(C(F)(F)F)cnc1C(=O)Nc1ccc(Cl)c([C@@]2(CF)N=C(N)O[C@@H]3C[C@@H]32)c1
D12994,N[C@H](C(=O)N1CC[C@H](F)C1)[C@H]1CC[C@H](NS(=O)(=O)c2ccc(F)cc2F)CC1
D12995,CC1(c2cc(NC(=O)c3ccc(Cl)cn3)ccc2F)N=C(N)OC2(CCC2)C1(F)F
D12996,Cc1nc(N)nc(-n2c(NC3CCOCC3)nc3ccccc32)n1
D12997,CN(c1ncnc2[nH]ccc12)[C@H]1C[C@@H](NS(=O)(=O)N2CCCCC2)C1
D12998,CN[C@@H](C)C(=O)N[C@H]1CN(C(=O)c2ccc(C#N)cc2)c2ccccc2N(Cc2c(OC)ccc3cc(Br)ccc23)C1=O
D12999,CN(C)CCCN(Cc1ccc(-c2ccc(Cl)cc2)cc1)C(=O)Cn1cc(Cc2cnn(C)c2)c(=O)nc1SCc1ccc(F)cc1
D13000,Cc1cc(F)cc(-c2nc(C(F)(F)F)cn2-c2ccc(S(N)(=O)=O)cc2)c1
D13001,NC1(C(=O)NC(CCS(N)(=O)=O)c2ccc(Cl)cc2)CCN(c2ncnc3[nH]ccc23)CC1
D13002,Cn1cc([C@H]2C[C@H]3CSC(N)=N[C@@]3(c3ccc(F)cc3F)CO2)cn1
D13003,CC(C)n1cnc(-c2ccc(F)cc2)c1-c1ccc2ncc(C#N)n2c1
D13004,CN(CCOc1ccc(Cc2sc(=O)[nH]c2O)cc1)c1ccccn1
D13005,O=C(NCCCN1CCCC1=O)NC12CC3CC(CC(C3)C1)C2
D13006,CCc1nc(N)nc(N)c1-c1ccc(Br)cc1
D13007,N#Cc1cc(-c2ncnc(Nc3ccc(N4CCN(C5COC5)CC4)cc3)n2)ccc1N1CCC2(COC2)C1
D13008,C[C@@]1(c2cc(Nc3nccc4cc(Cl)cnc34)ccc2F)CS(=O)(=O)C2(CCOC2)C(N)=N1
D13009,O=C(CCN1CCCC1)Nc1ccc2nc3c4[nH]c5ccccc5c4ccn3c(=O)c2c1
D13010,CC[C@H](NC)C(=O)NC1C(=O)N(Cc2c(C)ccc3ccccc23)c2ccccc2N(c2ccccc2)C1=O
D13011,CC(=O)N1CCc2c(c(Nc3ccc(Br)cc3)nn2CC2CC2)C1
D13012,O=c1sn(-c2ccc(Cl)c(Cl)c2)c(=O)n1Cc1ccccc1
D13013,CCCC[C@@H](C#N)n1cc([C@@](C)(NC(=O)c2ccsc2)[C@H]2CC[C@H](C)CC2)nn1
D13014,COc1cnc(C(=O)Nc2ccc(F)c([C@]3(C)C[C@@H](C(F)(F)F)OC(NC(=O)c4ccccc4)=N3)c2)cn1
D13015,Cc1ccc2c(-c3ccc(S(C)(=O)=O)cc3)c(-c3ccccc3)nn2n1
D13016,CC(=O)SCCCCC[C@@H]1NC(=O)[C@H]2CCCN2C(=O)[C@H](Cc2ccccc2)NC(=O)[C@@H](CCOCCSC(C)=O)NC1=O
D13017,C[C@@H](NC(=O)c1ccc(OC/C(F)=C\CN)cc1)c1ccccc1
D13018,CCC(CC)Oc1cc(C)c(-c2cc(-c3cnc(NC(C)=O)s3)nc(-c3cnccn3)n2)c(C)c1
D13019,CNCCCC1(c2ccccc2)OC(C)(C)c2ccccc21
D13020,CS(=O)(=O)c1ccc(C2=C(c3ccc(C(F)(F)F)cc3)CC3(CC3)C2)cc1
D13021,Cn1cc2c(Nc3nc(N[C@@H]4CCOC[C@@H]4N)cc4cc[nH]c(=O)c34)cccc2n1
D13022,CN(c1ncnc2[nH]ccc12)[C@H]1C[C@@H](NS(=O)(=O)c2ccc(F)cc2)C1
D13023,CN([C@H]1CC[C@H](n2cc(C(N)=O)c(Nc3ccc(Cl)cc3)n2)[C@@H](C#N)C1)C1(C)COC1
D13024,Cc1nn(C)cc1-c1nc2ncc(Cl)c(Oc3ccc(C(=O)NC4CCC4)cc3)c2[nH]1
D13025,Cc1ccc(S(=O)(=O)NCc2ccc(C(=O)NCCN(Cc3ccccc3)C(C)(C)C)cc2)cc1
D13026,Nc1nc(F)c(F)c(-c2nc(-c3ccncc3)c(-c3ccc(F)cc3)[nH]2)c1F
D13027,c1ccc(Oc2ccc(Nc3ncnc4ccccc34)cc2)cc1
D13028,O=C1Nc2c(Cl)ccc(OCCCS(=O)(=O)O)c2C2(CCCCC2)N1
D13029,Nc1ncc(Cc2ccc3ncccc3c2)c(N)n1
D13030,Cc1cc(-c2[nH]c3ccc(C4CCN(Cc5ncco5)CC4)cc3c2C(C)C)cn2ncnc12
D13031,COC[C@@H]1CCCN1S(=O)(=O)c1ccc2c(c1)C(=O)C(=O)N2Cc1ccc(OCC(O)CF)cc1
D13032,CCOc1ccccc1OC(c1ccccc1)C1CNCCO1
D13033,C[N+](C)(C)c1cccc([N+](=O)[O-])c1
D13034,NS(=O)(=O)c1ccc(-c2ccccc2-c2ccc(F)cc2)cc1
D13035,COc1cc2nc(N3CCCN(C)CC3)nc(NC3CCN(Cc4ccccc4)CC3)c2cc1OC
D13036,O=C(/C=C/c1ccc(-c2nnc(Cc3c[nH]c4ccccc34)o2)cc1)NO
D13037,NC(=O)c1c(-c2ccc(Oc3cccc(C(F)(F)F)n3)cc2)nn(C2CCCN(C(=O)/C=C/CO)C2)c1N
D13038,Cn1cc(C2=C(c3c4n(c5ccccc35)CC[C@H](CN)C4)C(=O)NC2=O)c2ccccc21
D13039,CC(C)CNCc1ccccc1Cn1c(=S)[nH]c(=O)c2[nH]ccc21
D13040,CNCCCN1CCSc2cc(N=C(N)c3cccs3)ccc21
D13041,CCc1cc(Cc2cnc(N)nc2N)cc(CC)c1OC
D13042,C[C@@H]1CN(CC2(C(N)=O)CC2)CCN1S(=O)(=O)c1ccc([C@](C)(O)C(F)(F)F)cc1
D13043,Cc1noc(NS(=O)(=O)c2ccccc2)c1Br
D13044,COc1cnc(-c2ccccc2CCNC(=O)c2ccc(OCCC(F)(F)F)nc2)cn1
D13045,CC(C)(OCc1cc(-c2cccc(OCC3COC3)c2)n(Cc2ccccc2Cl)n1)C(=O)O
D13046,O=C(O)c1cccc(S(=O)(=O)N2CCc3c(O)cccc3C2)c1
D13047,CCCC(=O)c1cnn(-c2ccc(NC(=O)c3cn(CCCC(=O)O)c4ccc(C)cc34)cc2)c1C
D13048,CCc1ccc(-n2cnc3c(sc4nccc(NCC(F)(F)F)c43)c2=O)cc1
D13049,Cc1cc(Cl)cc2c(C(=O)OCc3ccc(Cl)c(Cl)c3)cc(-c3ccc(Br)cc3)nc12
D13050,COc1cc2ncnc(Nc3cc(NC(=O)c4ccccc4)ccc3Cl)c2cc1OC
D13051,C[C@@H]1CO[C@H](C(=O)Nc2ccccc2)CN1c1cc(-c2ccc3c(N)n[nH]c3c2)nc(N)n1
D13052,Cc1cc(Nc2nc(NCc3ncccc3C)ncc2Br)[nH]n1
D13053,NC(=O)[C@]12CC3CC(C1)[C@@H](OC(=O)N1CC[C@@H](Nc4ccc(C(F)(F)F)cn4)C1)C(C3)C2
D13054,COCCCOc1cc(C(=O)N(C[C@@H]2CNC[C@H]2NC(=O)OCc2ccccc2)C(C)C)ccc1OC
D13055,O=C(Nc1cc(C(F)(F)F)cc2c1SSSSS2)C(F)(F)F
D13056,CN[C@@H](C)C(=O)N[C@@H]1C(=O)N(Cc2nn(-c3ccccc3C#N)c3ccccc23)c2ccccc2N(C(=O)c2ccc(C(C)=O)cc2)[C@H]1C
D13057,CC[C@H](C)[C@H](NC(=O)C[C@H](O)[C@@H](CC1CCCCC1)NC(=O)CCNC(=O)[C@@H](Cc1ccccc1)NC(=O)OC(C)(C)C)C(=O)NCc1cnc(C)nc1N
D13058,C[C@@H](Oc1nc(-c2ccc(N3CCOCC3)nc2)cc2nn(C)cc12)[C@H]1CNC(=O)C1
D13059,O[C@]1(c2ccc(F)c(F)c2)CCNC[C@@H]1c1onc(-c2ccccc2Cl)c1Br
D13060,CC[C@H](Nc1ncnc2[nH]ccc12)c1nc2cccc(F)c2c(=O)n1-c1cccc(CC(F)(F)F)c1
D13061,CC(C)(c1ccccc1)N1[C@H]2CC[C@@H]1C[C@@H](Oc1cccc(C(N)=O)c1)C2
D13062,CCCN(CCc1ccccc1)C(=O)[C@@H]1OC(C(=O)O)=C[C@H](N)[C@H]1NC(=O)C1CC1
D13063,CCCC(CCC)(c1ccc(O)c(C)c1)c1ccc(O)c(C)c1
D13064,CC(NC(=O)C1(N)CCN(c2ncnc3[nH]ccc23)CC1)c1ccc(F)cc1
D13065,O=P(O)(O)C(Nc1cc(-c2ccc(OC3CCC3)cc2)ccn1)P(=O)(O)O
D13066,CCCCN(c1cccc(-c2ccc(Cl)cc2)c1C)S(=O)(=O)c1ccc(OC(C)C(=O)O)c(C)c1C
D13067,CC1(C)Cc2c(CN3CCC4(CC3)CCN(C(=O)c3ccc(N)cn3)CC4)cccc2O1
D13068,CCOc1ccccc1Cn1nc(COC(C)(C)C(=O)O)cc1-c1cc(Cl)cc(OC)c1
D13069,O=C(CCCCCCc1ccccc1)c1nc(-c2ccccn2)no1
D13070,N[C@H]1CN(C(=O)c2ccc(-n3cncn3)cc2)C[C@H]1C(=O)N1CCCC1
D13071,CN(C)[C@@H](CS(C)(=O)=O)c1ccc(-c2ccc3ncnc(Nc4ccc(OCc5cccc(F)c5)c(Cl)c4)c3c2)o1
D13072,CO[C@@H]1COCC[C@@H]1N[C@@H]1CC[C@@](C(=O)N2CCN(c3ccnc(C(F)(F)F)n3)CC2)(C(C)C)C1
D13073,C=CC[C@H](NC(=O)[C@@H](NS(=O)(=O)N1CCOCC1)C(O)c1ccccc1)C(=O)N[C@@H](CC1CCCCC1)C(O)C(F)(F)C(=O)NCCN1CCOCC1
D13074,COc1ccc(OC)c2c1c(OC)cc1c(=O)cc(-c3ccc(OCc4ccccc4)c(OCc4ccccc4)c3)oc12
D13075,Cc1ncc(-c2nc(Nc3ccc(N4CCN(C(=O)CO)CC4)cc3)ncc2F)n1C(C)C
D13076,O=C(c1ccc(Nc2nc(C3CC3)cn3c(-c4cn[nH]c4)cnc23)c(F)c1)N1CCNCC1
D13077,C[C@H](CC(=O)N1CCn2c(nnc2C(F)(F)F)C1)[C@H]([NH3+])C(=O)N1CCC[C@H]1C#N
D13078,COCCCc1cccc2cccc(CN(C(=O)[C@H]3CNCC[C@@]34OCc3cc(F)c(F)cc34)C3CC3)c12
D13079,N#CCNC(=O)C1(NC(=O)c2ccc(-c3csc(N4CCOCC4)n3)cc2)CCCCC1
D13080,[2H]C1([2H])OC(N)=N[C@]12c1cc(-c3cncnc3)ccc1C[C@]21CC[C@@H](OC)[C@H](C)C1
D13081,COC(=O)C1=C(c2ccc(Br)cc2)CC2CCC1S2
D13082,COc1ccc(-c2c(-c3ccc(S(N)(=O)=O)cc3)ccc(F)c2F)cc1Cl
D13083,N#C[C@@H]1CCCC1C(=O)[C@@H]1CN(C2CCOc3ccccc32)C[C@@H]1N
D13084,Cc1oc([C@@H](Cc2cn(C)c3ccccc23)NC(=O)[C@H](CC(C)C)NC(=O)N2CCc3ccccc32)nc1C(=O)O
D13085,NC(=O)CNC(=O)c1cnc2ccc(-c3c(-c4ccc(F)cc4)ncn3CC(F)F)cn12
D13086,Cc1ccccc1C(C(=O)NC1CCCC1)N(C(=O)Cn1cnc2ccccc21)c1cccc(F)c1
D13087,COc1ccc(NC(=O)C2C(C)=Nc3[nH]ncc3C2c2cccs2)cc1
D13088,CS(=O)(=O)c1ccc2nc(NC(=O)NCc3nc(-c4ccccc4)c[nH]3)sc2c1
D13089,O=c1ccc2ccc(CNc3ccccc3)cc2o1
D13090,CN[C@@H](C)C(=O)N[C@@H]1C(=O)N(Cc2c(C)cnc3ccccc23)c2ccccc2N(C(C)=O)[C@H]1C
D13091,Cc1ncc(-c2ccnc(Nc3ccc(N4CCN(C(=O)CO)CC4)cc3)n2)n1C(C)C
D13092,CCN(CC)CCNC(=O)c1ccc(NC(=O)Nc2ccc(C(F)(F)F)cc2)cc1OC
D13093,Cc1cnn(Cc2ccc(Cn3cc(C(=O)NCc4c(C)nc5[nH]ccc5c4C)cn3)cc2)c1
D13094,C[S+]([O-])c1ccc(-c2nc(-c3ccc(F)cc3)c(-c3ccncc3)[nH]2)cc1
D13095,CS(=O)(=O)c1ccc(C(=O)C(=Cc2ccncc2)c2ccccc2)cc1
D13096,OC[C@@H]1[C@H](O)[C@H](O)[C@@H](O)CN1CCCCCOCC12CC3CC(CC(C3)C1)C2
D13097,CC(C)c1c(-c2cc(NS(=O)(=O)C3CC3)c3ncnn3c2)[nH]c2ccc(C3CCNCC3)cc12
D13098,COc1ccc(-c2ccc(OCCN(C)CC(=O)O)c(C(=O)c3cccs3)c2)cc1C
D13099,O=C(CCSc1nc2ccccc2c(=O)[nH]1)N[C@H]1CC[C@H](Oc2cccc(Cl)c2)CC1
D13100,c1ccc2c(-c3cnc4[nH]nc(-c5nc6ccc(N7CCOCC7)cc6[nH]5)c4c3)cncc2c1
D13101,CC[C@@H](C)Oc1cc2c(cc1OC)CC(=O)N(c1ccc(C(C)N(C(C)=O)[C@H]3CC[C@@H](N(C)C)CC3)cc1)C2c1ccc(Cl)cc1
D13102,O=S(=O)(c1ccc2nc(SCc3cccc(Cl)c3)[nH]c2c1)N1CCOCC1
D13103,Cc1cc(Cl)cc(-c2nc(C(F)(F)F)cn2-c2ccc(S(C)(=O)=O)cc2)c1
D13104,COc1ccc(C(=O)Nc2cc(F)c(F)c([C@@]3(C(F)F)N=C(N)O[C@@H]4C[C@@H]43)c2)nc1
D13105,c1ccc(Nc2ncnc3n[nH]c(Nc4ccccc4)c23)cc1
D13106,COc1ccc(OC)c(-c2nnc3n2N=C(c2ccc(OC)c(OC4CCOC4)c2)CS3)c1
D13107,Cc1ccc(C(C)C)cc1OC(=O)NCc1ccccc1
D13108,COc1cc2c(Nc3ccc(Cl)c(Cl)c3)ncnc2cc1OCc1nccn1Cc1ccccc1
D13109,NS(=O)(=O)c1ccc(-n2cccc2-c2ccc(F)cc2)cc1
D13110,COc1cc(CCCOC(=O)C2CCCCN2S(=O)(=O)c2cccc([N+](=O)[O-])c2)cc(OC)c1OC
D13111,O=C1NCc2cccc(-c3cc4cc(O)ccc4[nH]3)c21
D13112,CCOC(=O)/C=C/c1c(OC)ccc2cc(-c3cccc(OC)c3)ccc12
D13113,COc1ccc2c(c1)c(CC(=O)NCc1ccc(C(C)=O)cc1)c(C)n2C(=O)c1ccc(Cl)cc1
D13114,Cc1cc(Cl)ccc1C1c2c(nn(-c3ccc(C#N)cc3)c2C(C)C)C(=O)N1c1cccc(Cl)c1F
D13115,C[C@@H]1Cc2c([nH]c3ccccc23)[C@@H](c2cc(F)cc(OCCNCCCF)c2F)N1CC(F)(F)F
D13116,O=S1(=O)NC(Nc2ccccc2Cl)=Nc2c(O)cc(Cl)cc21
D13117,COc1ccc(-c2cc(-c3ccc(N4CCNCC4)cc3)cnc2N)cc1OC
D13118,Cc1ccc(CCSc2nc3c(c(=O)n(C)c(=O)n3C)n2C)cc1
D13119,CCc1c(C)[nH]c2c1C(=NOC(=O)Nc1ccccc1)CCC2
D13120,CN(C)C(=O)c1cc2cnc(Nc3ccc(N4C(=O)CN5CCC4CC5)cn3)nc2n1C1CCCCCC1
D13121,CC[C@@H](C)[C@@H]1NC(=O)[C@@H](Cc2c[nH]c3ccccc23)NC(=O)[C@@H]2CCCN2C(=O)[C@@H](Cc2cnc[nH]2)N(C)C(=O)[C@@H]2CCCCN2C(=O)[C@H]2CCCCN2C1=O
D13122,O[C@H]1CNCCC12CCN(c1nc(Oc3cccc(F)c3)cc(C(F)(F)F)n1)C2
D13123,CC(=O)c1ccc(-c2ccc(Nc3c(C)c(N[C@H]4CCCNC4)nc4ccnn34)cc2)s1
D13124,CCC1(CC)C[C@@H](NC(=O)Nc2cccc3cnc(C)cc23)c2cccc(F)c2O1
D13125,C#CCOc1ccc(C(=O)Nc2cc(F)c(F)c([C@]3(CF)C[C@@H](C(F)(F)F)OC(N)=N3)c2)nc1
D13126,CCOC(=O)N[C@H]1CCc2cc(OC)c(OC)c(OC)c2-c2ccc(OC)c(=O)cc21
D13127,CN[C@@H](C)C(=O)N[C@H]1CN(C(=O)c2ccc(C(=O)OC)cc2)c2ccccc2N(Cc2c(C)ccc3ccccc23)C1=O
D13128,CCS(=O)(=O)c1ccc2nc(-c3ccnc(-c4ccccc4)c3)[nH]c2c1
D13129,CCCC(C)NS(=O)(=O)c1ccc(C)cc1
D13130,Cc1c(CC(=O)O)c2ccsc2n1Cc1ccc(S(C)(=O)=O)cc1Cl
D13131,O=C(Cn1c(=O)c(Cc2ccccc2)nc2ccccc21)N/N=C1/C(=O)Nc2ccccc21
D13132,CSc1ccc(-c2nc(C(F)(F)F)cn2-c2ccc(S(N)(=O)=O)cc2)cc1Cl
D13133,CCN(CC)CCOc1ccc(-c2cc(C(=O)Nc3cccc(CO)c3)c(NC(N)=O)s2)cc1
D13134,COc1ccc(-c2cc(COC(C)(C)C(=O)O)nn2Cc2ccccc2Cl)s1
D13135,COC[C@@H]1CCCN1S(=O)(=O)c1ccc2c(c1)C(=O)C(=O)N2Cc1ccc(C(F)CO)cc1
D13136,CN[C@@H](C)C(=O)N[C@@H]1C(=O)N(Cc2c(OC)ccc3ccccc23)c2ccccc2N(C(=O)CCOC)[C@H]1C
D13137,CS(=O)(=O)c1ccc2nc(-c3ccc(-c4cccs4)cc3)[nH]c2c1
D13138,c1ccc(CN2CCC(NCCCCCCn3ccc4ccccc43)CC2)cc1
D13139,CN1CCN(c2ccc(Nc3cc(-c4c[nH]c5ccccc45)ncn3)cc2)CC1
D13140,CC(C)(C(=O)NC1CCCC(C#N)CCC1)N1CCN(c2ccc(C(F)(F)F)cn2)CC1
D13141,CS(=O)(=O)c1ccc(-c2noc([C@@H](CC3CC3)[C@H]([NH3+])C(=O)N3CC[C@H](F)C3)n2)c(Cl)c1
D13142,Cc1nn(C2CCCCC2)c2sc(C(=O)Nc3ccc(S(=O)(=O)N4CCN(C)CC4)cc3)cc12
D13143,COc1cc2c(cc1OC)C(=O)C(CC1CCN(Cc3ccccc3Cl)CC1)C2
D13144,CC(N=Nc1nc(-c2ccc(F)cc2F)cs1)c1ccccc1
D13145,CCc1cnn2c(NCc3ccc[n+]([O-])c3)cc(N3CCCC[C@H]3CCO)nc12
D13146,N[C@H]1C[C@H]1c1ccc(NC(=O)c2ccccc2)cc1
D13147,COc1ccc2c3c1O[C@H]1C[C@@H](O)C=C[C@@]31CCN(CCCCCCCCCOc1ccc(CN3CCCCC3)cc1)C2
D13148,N[C@@H](CCNc1ncccc1[N+](=O)[O-])C(=O)N1CCCCC1
D13149,C[C@H]1CN(c2ccc(Nc3ncnc(-c4ccc(O[C@H]5CCN(C(=O)c6cnn[nH]6)C[C@H]5F)c(C#N)c4)n3)cc2)CCN1C1COC1
D13150,O=C(O)[C@H]1CCN1C(=O)Nc1cc(Cl)c(F)cc1-c1ccccc1
D13151,COc1nnc(OCCNCCCF)cc1[C@@H]1c2[nH]c3ccccc3c2C[C@@H](C)N1CC(F)(F)F
D13152,CN(C)[C@@H]1CCc2ccc3[nH]ccc3c2C1
D13153,O=C(CCc1nc2ccccc2c(=O)[nH]1)N[C@H]1CC[C@H](c2nnc(-c3cccnc3)o2)CC1
D13154,CN[C@@H](C)C(=O)N[C@H]1CN(C(=O)c2cccc3[nH]ccc23)c2ccccc2N(Cc2c(C)ccc3ccccc23)C1=O
D13155,O=C1NC(=O)C(COCc2ccccc2)(c2ccc(Oc3ccccc3)cc2)C(=O)N1
D13156,NC1=NC2(CCS1)c1cc(NC(=O)c3ccc(Cl)cn3)ccc1Oc1c2cc(C2=CCCOC2)nc1F
D13157,NC(=O)c1cncc(OCc2cccc(NC(=O)c3ccncc3)c2)c1
D13158,Cc1cn(C)c2c1C(=O)N(c1cc(C)c3nnc(C(F)F)n3c1)C2c1ccc(Cl)cc1
D13159,C[C@H]1CN(C2COC2)CCN1c1ccc(Nc2cc(-c3ccnc(N4CCn5c(cc6c5CC(C)(C)C6)C4=O)c3CO)cn(C)c2=O)nc1
D13160,COC[C@H]1C[C@H]2CSC(N)=N[C@@]2(c2ccc(F)cc2F)CO1
D13161,COc1ccc2[nH]c3c(c2c1)C[C@H]1c2cc4c(cc2CCN1C3)OCO4
D13162,C[C@@H](O)[C@H](NC(=O)[C@@H]1NC(=O)[C@H]([C@@H](C)O)NC(=O)[C@@H](CCCCN)NC(=O)[C@@H](Cc2c[nH]c3ccccc23)NC(=O)[C@@H](Cc2ccc(N=[N+]=[N-])cc2)NC(=O)[C@H](NC(=O)[C@@H](N)Cc2ccccc2)CSSC1(C)C)C(N)=O
D13163,CC(=O)Nc1cn(C)c2c1C(=O)N(c1cc(C)c3nnc(C(F)F)n3c1)C2c1ccc(Cl)cc1
D13164,Cc1nn(C)cc1-c1nc2ncc(Cl)c(N3CCN(Cc4ncon4)CC3)c2[nH]1
D13165,CN1C/C(=C/c2ccc(N(C)C)cc2[N+](=O)[O-])C(=O)/C(=C/c2ccc(N(C)C)cc2[N+](=O)[O-])C1
D13166,Cc1c(CC(=O)O)ccc(NCc2cccc(-c3c(Cc4ccccc4)cnc4c(C(F)(F)F)cccc34)c2)c1C
D13167,O=C(N[C@H]1CC[C@@H](CO)CC1)C1CCN(c2nc3cc(Cl)ccc3o2)CC1
D13168,COc1cc2ncnc(Nc3ccc(Oc4ccccc4)cc3)c2cc1OC
D13169,N#Cc1cc(C(NC(=O)c2ccc3cnccc3c2)C2CCNCC2)ccc1Cl
D13170,Cc1ccc(NC(=O)c2cc(Oc3cncc(F)c3)cn3ccnc23)nc1
D13171,Cc1[nH]c([C@@H](Cc2cn(C)c3ccccc23)NC(=O)[C@H](CC(C)C)NC(=O)NC2CCCCC2C)nc1C(=O)O
D13172,COc1cc(C(=O)NCCN2CCOCC2)ccc1Nc1nccc(Oc2ccc(NC(=O)Nc3cc(C(C)(C)C)nn3-c3ccc(C)cc3)c3ccccc23)n1
D13173,N#C[C@@H]1CC(F)(F)CN1C(=O)CNC(=O)c1ccnc2ccccc12
D13174,Cc1cc(-c2ncnc(Nc3ccc(N4CCN(C5COC5)CC4)cc3)n2)cc(C#N)c1O[C@H]1CCN(C(=O)[C@H](C)O)C[C@H]1F
D13175,CC1(n2cnc(-c3ccc(F)c(Cl)c3)c2-c2ccc3ncc(C#N)n3n2)COC1
D13176,COc1ccc(C2(c3cccc(-c4cncnc4)c3)N=C(C)C(N)=N2)cc1C
D13177,CN(c1ncnc2[nH]ccc12)[C@H]1C[C@@H](NS(=O)(=O)Cc2ccccc2)C1
D13178,Cc1cc(NC(=O)c2ccc(C#N)cn2)cc([C@]2(CF)C[C@@H](C(F)(F)F)OC(N)=N2)c1F
D13179,CC(=O)N(CC1CCc2nc(N)nc(N)c2N1)c1ccc(C(=O)N[C@@H](CCC(=O)O)C(=O)O)cc1
D13180,O=C(O)[C@H]1CCN1C(=O)Nc1cc(Cl)ccc1-c1ccccc1F
D13181,CC(O)Cn1cnc(-c2ccc(F)cc2)c1-c1ccc2ncc(C(N)=O)n2c1
D13182,NNC(=O)Cc1ccc(CCc2cccc(N3CCNCC3)n2)cc1
D13183,COc1cc(Cc2cnc(N)nc2N)cc2c1NCCC2C
D13184,COCCCc1cc(Nc2ccnc(NCc3cc(C)no3)n2)[nH]n1
D13185,CCOc1nc2nc3c(c(N)c2cc1C#N)CCCC3
D13186,N#CCNC(=O)[C@@H]1CCCC[C@H]1C(=O)N1CC=CCC1
D13187,O=C(CCCCCCc1ccccc1)c1nnc(-c2ccccc2)o1
D13188,COc1ccc2c(c1)c(CCNC(=O)c1ccc(Cl)cc1)c(C)n2Cc1ccc(Br)cc1
D13189,CCCC[C@H](NC(=O)O[C@H](Cn1cnc(-c2ccc(C(F)(F)F)cc2)c1)C(C)(C)C)C(=O)C(=O)Nc1ccn[nH]1
D13190,Clc1ccc(CN=Nc2nc3ccccc3nc2Cc2ccccc2)cc1
D13191,N#Cc1c(F)cc(N2C[C@H]3[C@H](NCC(=O)N4C[C@@H](F)C[C@H]4C#N)[C@H]3C2)cc1F
D13192,COc1cc2c(cc1OC)C(=O)C(CC1CCN(Cc3ccccc3C)CC1)C2
D13193,CS(=O)(=O)c1ccc(C2=C(c3ccc(F)cc3)CCC2)cc1
D13194,COc1cc(=O)n(-c2ccc(Oc3ccnc(N)c3Cl)c(F)c2)cc1C(=O)NCc1ccc(F)cc1
D13195,O=C(CN1CCC(C(=O)c2ccc(F)cc2)CC1)NCc1nc2c(c(=O)[nH]1)COCC2
D13196,NC(=O)[C@]12CC3CC(C1)[C@@H](NC(=O)C1(N4CCN(c5ccc(C(F)(F)F)cn5)CC4)CCCC1)C(C3)C2
D13197,CS(=O)(=O)c1ccc(-c2cc(C(=O)O)c3cc(C(=O)c4ccccc4)ccc3n2)cc1
D13198,CN(CCOc1ccc(-c2ccccc2)cc1C(=O)C1CCCCC1)CC(=O)O
D13199,O=C(OCc1ccccc1)C(Cc1ccc(C(F)(F)C(=O)O)cc1)(Cc1ccc(C(F)(F)P(=O)(O)O)cc1)C(=O)OCc1ccccc1
D13200,Cc1c(Sc2ccc(C(=O)N[C@@H](CCC(=O)O)C(=O)O)cc2)[nH]c2nc(N)nc(N)c12
D13201,N[C@H]1Cc2ccccc2N(O)C1=O
D13202,NC(=O)Cn1cc2nccc(Nc3ccnc(-c4cc(Cl)ccc4F)c3)c2n1
D13203,CN1C(=O)N(c2cccc(C(F)(F)F)c2)C2=C(C(=O)CC2)[C@H]1c1ccc(C#N)cc1CO
D13204,CNC(=O)N1CCC(Oc2ccc(-c3ncnc(Nc4ccc(N5CCN(C6COC6)CC5)cc4)n3)cc2C#N)CC1
D13205,O=c1[nH]c2ncc(F)c(Cl)c2cc1O
D13206,CN1C2CCC1C(C(=O)N1CCOCC1)C(c1ccc(Cl)cc1)C2
D13207,Cc1cccc(CN2CC[C@H](N(C)c3ccc(S(=O)(=O)Nc4ncns4)cc3Cl)C2)c1
D13208,CC(C)[C@@H]1COCCN1C(=O)[C@]12C[C@H]1[C@@](C)(c1cc(/C=C(\F)c3ccc(C#N)cn3)ccc1F)N=C(N)S2
D13209,Cc1c(C(=O)Nc2ccc(-c3ccc(S(=O)(=O)N[C@H](C(=O)O)C(C)C)cc3)cc2)oc2cccc(C#N)c12
D13210,COc1ccc2c(c1)CC(c1nc3cc(-c4ccnc(N)n4)cc(F)c3[nH]1)CO2
D13211,CCc1cccc(CC)c1NC(=O)c1nn(C)c2c1CCc1cnc(Nc3ccc(C(=O)NC4CCN(C)CC4)cc3OC(F)(F)F)nc1-2
D13212,N#C/C(=C\c1ccc(O)c(O)c1)C(=O)NCCc1ccccc1
D13213,C[C@@H]1Cc2c(ccc3[nH]ncc23)[C@@H](c2ccc(NC3CN(CCCF)C3)c(F)n2)N1CC(F)(F)F
D13214,O=C(NC1CCN(Cc2ccc3ccc(=O)[nH]c3c2)CC1)c1cc(=O)c2ccc(F)cc2o1
D13215,CCOc1cc(Cc2cnc(N)nc2N)cc(OCC)c1OCC
D13216,Cc1ccc(-n2nc(C(C)(C)C)cc2NC(=O)Nc2ccc(Oc3ccnc(Nc4ccc5ncsc5c4)n3)c3ccccc23)cc1
D13217,COc1ccc(-c2cnc3[nH]cc(-c4ccc(OC)c(OC)c4)c3c2)cc1OC
D13218,CC(=O)N1CCc2c(c(Nc3ccc(-c4cnn(C)c4)cc3)nn2[C@H]2CCOC2)C1
D13219,O=C1OCc2cc(OCc3ccccc3)ccc21
D13220,O=c1ccoc2cc(OCc3ccc(F)cc3)ccc12
D13221,NC1CCC(N[C@H]2C[C@@H]2c2ccc(Br)cc2)CC1
D13222,C[C@H](NC(=O)c1c[nH]c2ncc(C3CC3)nc12)C(C)(C)O
D13223,CCCCN(CCCC)C(=O)CN1C[C@H](c2ccc3c(c2)OCO3)[C@@H](C(=O)O)[C@@H]1CCc1ccco1
D13224,N[C@@H](CC(=O)N1CCN(C(c2ccc(F)cc2)c2ccc(F)cc2)CC1)C(=O)N1Cc2ccccc2C1
D13225,CCCCCN(CCCCC)C(=O)N1CCN(C(=O)N(CCCCC)CCCCC)[C@H](C(=O)O)C1
D13226,CN[C@@H](C)C(=O)NC1C(=O)N(Cc2c(OC)ccc3c(Br)cccc23)c2ccccc2N(c2ccccc2)C1=O
D13227,CC(C)(CC(=O)N[C@@H]1C[C@H]1c1cccc(Cl)c1)NCC(=O)N1C[C@@H](F)C[C@H]1C#N
D13228,CC1(C)NC(=O)N(C[C@@H]2CC[C@H](Sc3ccc(-c4ccc(Cl)cc4)cc3)[C@H]2C(=O)O)C1=O
D13229,CC(C)[C@H](NC(=O)C(C)(O)c1ccccc1)C(=O)N[C@@H](CC(=O)O)C(=O)CSCc1ccccc1
D13230,COc1ccc(C2(c3cccc(-c4cccnc4)c3)NC(=N)N(C3CCCCC3)C2=O)cc1
D13231,CC(C)COc1cccc(-c2cc(COC(C)(C)C(=O)O)nn2-c2ccccc2N(C)C)c1
D13232,CC1=C(C(=O)Nc2ccc3[nH]ncc3c2)C(c2ccc(F)c(C(=O)NCCc3ccncc3)c2)NC(=O)N1
D13233,CC[C@H](C)Nc1ncc(C(=O)Nc2cc(C(=O)NC)ccc2C)s1
D13234,Cn1cc(-c2ccc(C(=O)N[C@@H]3CCN(c4ncc(Cl)c5c(N)noc45)C3)c(Cl)c2)ccc1=O
D13235,C[C@]1(c2cc(/C=C(\F)c3ccc(C#N)cn3)cnc2F)N=C(N)S[C@@]2(C(=O)N3CCC(F)(F)C3)C[C@H]21
D13236,COc1cc(-c2nn(C3CCN(C4CCOCC4)CC3)c3ncnc(N)c23)ccc1NC(=O)c1nc2ccccc2n1C
D13237,CSc1nc(-c2ccc(OC(F)(F)F)cc2)nn1C(=O)N(C)C
D13238,CCc1cc(Cl)ccc1Oc1cc(C)ncc1CN(C)C
D13239,C=CC(=O)Nc1cc(N2CCN(CC)CC2)ccc1Nc1cc(N(C)C(=O)Nc2cc(OC)cc(OC)c2)ncn1
D13240,Cc1ccccc1-c1cc(C(F)(F)F)nn1-c1ccc(S(N)(=O)=O)cc1
D13241,Cc1cn(Cc2cccc(-c3cccc(Cn4cc(C)c(=[NH2+])c5ccccc54)c3)c2)c2ccccc2c1=[NH2+]
D13242,Cc1cc(CN)cc(C)c1CNC(=O)c1cc(C)n(Cc2ccc(Cn3ccccc3=O)cc2)c1C
D13243,C[C@H](O)C(=O)N1CC[C@H](Oc2ccc(-c3ncnc(Nc4ccc(N5CCN(C6(C)COC6)CC5)cc4)n3)cc2C#N)[C@H](F)C1
D13244,O=C(c1ccccc1-n1nccn1)N1CCOC[C@H]1Cc1cccc(-c2ncon2)c1
D13245,O=S(=O)(Nc1nccs1)c1cc(Cl)c(NCC2(CN3CCCC3)CC2)cc1F
D13246,NC1=NC2(CCO1)c1cc(NC(=O)c3cnc(Cl)cn3)ccc1Oc1c2cc(Cl)nc1F
D13247,Cc1c(P(=S)(c2ccccc2)c2ccccc2)[n+]2ccccc2n1C
D13248,N[C@H]1C[C@@H]1c1ccc(NC(=O)c2ccccc2)cc1
D13249,COc1ccc2nc(SCc3cccc(Oc4ccccc4)c3)[nH]c2c1
D13250,CN[C@@H](C)C(=O)N[C@H]1CN(C(=O)c2ccc([N+](=O)[O-])cc2)c2ccccc2N(Cc2c(C)ccc3ccccc23)C1=O
D13251,C[C@@H]1CN(C(=O)Nc2ccccc2)c2ccc(-c3ccc([C@H]4CC[C@H](CC(=O)O)CC4)cc3)cc2O1
D13252,Cc1nn(-c2ccnn2C)c2c1C(c1ccc(Cl)cc1)N(c1cc(C)c3nnc(C)n3c1)C2=O
D13253,O=C1CC(Cc2ccccc2)NC(=O)C1C(=O)NC1CCCCC1
D13254,CNC(=O)[C@]12C[C@H]1[C@@](C)(c1cc(/C=C(\F)c3cnc(OCc4ncco4)cn3)ccc1F)N=C(N)S2
D13255,C[C@@H](Oc1nc(-c2cnn(C3CCN(C)CC3)c2)cc2nn(C)cc12)[C@H]1CNC(=O)C1
D13256,O=C([C@@H](O)C1CC1)N1CC(c2cc(F)ccc2F)=C[C@H]1c1cccc(O)c1
D13257,CCN(CCCCCC(=O)N1CCN(C(=O)CCCCCN(CC)Cc2ccccc2OC)CC1)Cc1ccccc1OC
D13258,O=C(c1cc(Cl)ccc1-n1nccn1)N1CCOC[C@H]1Cc1cccc(-c2ncccn2)c1
D13259,CCCCN(CCCC)C(=O)CN1C[C@H](c2ccc3c(c2)OCO3)[C@@H](C(=O)O)[C@@H]1CC(C)(C)C=C(C)C
D13260,Cc1noc(-c2ccccc2)c1NC(=O)OC(C)c1ccccc1
D13261,CC(C)(C)OC(=O)NC[C@H]1CC[C@H](CNC(=O)c2cc(N3CCC(CCN4CC(O)C4)CC3)nc3ccccc23)CC1
D13262,COc1ccc(C(=O)Nc2cc(F)c(F)c([C@]3(CF)C[C@@H](C(F)(F)F)OC(N)=N3)c2)nc1
D13263,CC(C)(C)OC(=O)N[C@@H](C(=O)N1CCC[C@H]1C(=O)N[C@H](C=O)CCCN=C(N)N)c1ccc(F)cc1
D13264,CC(=O)N1CCc2c(c(Nc3cccc(C)c3)nn2C(C)C)C1
D13265,NC1=N[C@@](c2cc(NC(=O)c3cnc(OCc4nccs4)cn3)ccc2F)(C(F)F)[C@H]2C[C@H]2O1
D13266,O=C1Nc2c(Cl)cc(-c3cccc(C(=O)O)c3)cc2C2(CCCCC2)N1
D13267,CC(C)(CC(=O)N[C@H]1C[C@@H]1c1cccc(Cl)c1)NCC(=O)N1C[C@@H](F)C[C@H]1C#N
D13268,O=C(Nc1cccc(-c2nc3sccn3c2-c2ccnc(Nc3ccccc3)n2)c1)c1ccccc1Cl
D13269,O=C1NC(=O)C2=C1c1cn(c3ccccc13)CCO[C@H](CO)CCn1cc2c2ccccc21
D13270,NC1=N[C@](CF)(c2cc(NC(=O)c3nn(C(F)F)cc3Cl)ccc2F)[C@H]2C[C@H]2O1
D13271,COc1ccc2c(c1)NC1(CCN(C(=O)c3ccc(OC)c(N(C)C)c3)CC1)c1cccn1-2
D13272,COc1nc(N2C[C@H]3C(=O)N(C)C(N)=N[C@@]3(c3ccccc3F)C2)nc(C)c1F
D13273,Ic1ccccc1CN[C@@H]1C2CCN(CC2)[C@@H]1C(c1ccccc1)c1ccccc1
D13274,OC[C@@H]1[C@H](O)[C@H](O)[C@@H](O)CN1CCCCCOCc1ccc(-c2ccccc2)cc1
D13275,NC(=O)c1cccc2[nH]c(-c3ccc(-c4cncc(CN5CCCC5)c4)cc3)nc12
D13276,COc1cnc(C(=O)Nc2cc(F)c(F)c([C@]3(C)C[C@@H](C(F)(F)F)OC(N)=N3)c2)c(C)n1
D13277,CN1CCC(Oc2cc(OCCF)cc3ncnc(Nc4c(Cl)ccc5c4OCO5)c23)CC1
D13278,CC1(C)C(N)=N[C@](C)(c2cc(NC(=O)c3ncc(Cl)cc3F)ccc2F)CS1(=O)=O
D13279,Cn1cnc(-c2ccc(F)cc2)c1-c1ccc2ncc(C#N)n2n1
D13280,CC1(O)CCN(c2ccc(Nc3ncnc(-c4ccc(OC5CCOCC5)c(C#N)c4)n3)cc2)C1
D13281,CC[C@@H]1C(=O)N(C)c2cnc(-n3ccnc3-c3ccccc3)nc2N1C1CCCC1
D13282,NC1=N[C@](CF)(c2cc(NC(=O)c3ncc(Cl)cc3CF)ccc2Cl)[C@H]2C[C@H]2O1
D13283,COc1ccc(/C=N/NC(=O)Cn2c(=O)c(Cc3ccccc3)nc3ccccc32)cc1
D13284,CC(C)Cn1cnc(-c2ccc(F)cc2)c1-c1ccc2ncc(C(N)=O)n2c1
D13285,CNS(=O)(=O)c1ccc2c(c1)/C(=C/c1[nH]c3c(c1CCCN1CCOCC1)CCCC3)C(=O)N2
D13286,CN(C)C(=O)c1cc2cnc(Nc3ccc(N4C[C@H]5CNC[C@H]5CC4=O)cn3)nc2n1C1CCCC1
D13287,CCN1CCC(CCn2nc(Cc3cccc4ccccc34)c3c(N)ncnc32)CC1
D13288,Cc1cc(Nc2ccc(C(F)(F)F)c(F)c2)n2nc(C(C)(F)F)nc2n1
D13289,CNC(=N)NCCCC(N)C(=O)O
D13290,O=C(Cn1c(=O)c(Cc2ccccc2)nc2ccccc21)N/N=C/c1ccc(Cl)cc1
D13291,CNC(=O)CN1CCC(c2ccc3[nH]c(-c4cc(F)c5ncnn5c4)c(C(C)C)c3c2)CC1
D13292,O=C(CCN1CC=C(c2ccc(F)cc2)CC1)c1ccc(Cl)cc1
D13293,COC(=O)N1CCn2c(nc(-c3ccc(F)cc3)c2-c2ccc3ncc(C(N)=O)n3c2)C1
D13294,CN1C(=O)[C@H](NC(=O)c2ccc(Cl)cc2)N=C(c2ccccc2F)c2ccccc21
D13295,O=C1NC(=O)c2ccc(-c3ccc(O)cc3)cc2C1=CNc1ccc(CN2CCCCC2)cc1
D13296,CN(C)c1ccc(-c2nnc3c(C(=O)c4ccccc4)nc4ccccc4n23)cc1
D13297,CNc1ncnc(-c2cccnc2Oc2cc(NC(=O)c3cccc(C(C)C)c3)cc(C(F)(F)F)c2)n1
D13298,Cc1noc(-c2ccc(CSCCC(=O)O)cc2)c1NC(=O)OC(C)c1ccccc1Cl
D13299,COc1cc2c(cc1OC(C)C)[C@H](c1ccc(Cl)cc1)N(c1ccc(N(C)C[C@H]3CC[C@H](NC(=O)c4cocn4)CC3)cc1)C(=O)C2
D13300,c1ccc([C@@H]2C[C@H]2NCC2CCNCC2)cc1
D13301,Cc1ccc(-n2nccn2)cc1C[C@@H]1COCCN1C(=O)c1ccc(Cl)cc1-n1nccn1
D13302,CCc1cc(C2(c3cccc(-c4cncnc4)c3)N=C(N)N(C)C2=O)cc(CC)n1
D13303,NC1=N[C@@](c2cc(NC(=O)c3ccc(OCc4nccs4)cn3)ccc2F)(C(F)F)[C@H]2C[C@H]2O1
D13304,Cc1ccc(Cn2c(=O)sn(-c3ccc(C)cc3)c2=O)cc1
D13305,COC(=O)c1c(C(=O)N2CCN(CCO)CC2)cc2ccccc2c1-c1cc(Br)c(OC)c(OC)c1
D13306,C[C@@H](c1ccc(-c2ccc(F)cc2)cc1)N1CC[C@](CCO)(c2ccc(F)cc2)OC1=O
D13307,COc1cc2c(Nc3ccc(Cl)c(Cl)c3)ncnc2cc1OCC1CN(C)CCN1C
D13308,Cc1cccc(CN2CC[C@H](N(C)c3ccc(S(=O)(=O)Nc4ncns4)cc3Cl)C2)c1F
D13309,CCCCNc1ncc(C(=O)Nc2cc(OC)ccc2OC)c(N[C@H]2CC[C@H](O)CC2)n1
D13310,C[C@H](O)C(=O)N1CC[C@H](Oc2ccc(-c3ncnc(Nc4ccc(N5CCO[C@H](C(N)=O)C5)cc4)n3)cc2C#N)[C@H](F)C1
D13311,CCOc1ccc(S(=O)(=O)NN=C2CCS(=O)(=O)c3ccc(F)cc32)cc1
D13312,O=c1oc2cc(O)ccc2c(O)c1Cc1c(O)c2ccc(O)cc2oc1=O
D13313,Cc1ncc(-c2ccnc(Nc3ccc(C(=O)N(C)C)cc3)n2)n1C(C)C
D13314,O=C(CCCCCNC(=O)NC1CCCCC1)N[C@@H](Cc1cnc[nH]1)C(=O)O
D13315,Cn1ncc2cccc(Cn3nc(COC(C)(C)C(=O)O)cc3-c3cccc(OCC(C)(C)C)c3)c21
D13316,CCCCCCCCCC1NC(CO)C(O)C(O)C1O
D13317,COc1ccc2occ(CCNC(=O)CBr)c2c1
D13318,COc1ccc(F)cc1CC[C@@H]1CC[C@H](CN)O1
D13319,N[C@@H](CCNCc1cccc(Cl)c1)C(=O)N1CCCCC1
D13320,CN[C@@H](C)C(=O)N[C@H]1COc2c(C(=O)O)cccc2N(Cc2c(OC)ccc3cc(Br)ccc23)C1=O
D13321,O=C(Nc1ccc(Cl)c(Cl)c1)N1CCN(C(=O)[C@H]2CN(C3CC3)CCN2)CC1
D13322,C=C(C)[C@H]1Cc2c(ccc3c2O[C@@H]2COc4cc(OC)c(OC)cc4[C@@H]2C3=O)O1
D13323,Cc1ccc2c(-n3c(=O)n(Cc4ccc(Cl)c(O[C@H](C)C(=O)O)c4)c4cc(C(F)(F)F)ccc43)noc2c1
D13324,CCCCOC(=O)Cc1cc(-c2ccc(S(C)(=O)=O)cc2)n(-c2cccc(F)c2)c1C
D13325,C[C@@]1(c2cc(NC(=O)c3ccc(F)cn3)cnc2F)C[C@@H](C(F)(F)F)OC(N)=N1
D13326,CN1CC(Cn2nc(-c3cnc4[nH]cc(C(=O)NC(C)(C)C)c4n3)c3cc(OC(F)F)ccc32)C1
D13327,CC(C)(C)C#Cc1cc2c(cn1)Oc1ccc(NC(=O)c3ccc(Cl)cn3)cc1C21CCOC(N)=N1
D13328,Cc1ccc(-n2nccn2)c(C(=O)N2CCOC[C@H]2Cc2cccc(-c3ccccn3)c2)c1
D13329,C#CCOc1cnc(/C(F)=C/c2cnc(F)c([C@@]3(C)N=C(N)S[C@@]4(C(=O)N5CCOC[C@H]5C)C[C@H]43)c2)cn1
D13330,O=C(Nc1cccc(NC(=O)c2ccccc2)c1)c1ccccc1
D13331,CN1[C@H]2CC[C@@H]1CC(c1ccccc1)C2c1ccccc1
D13332,NC1=N[C@@](c2cc(NC(=O)c3cnc(OCc4ncco4)cn3)ccc2F)(C(F)F)[C@H]2C[C@H]2O1
D13333,Nc1c2c(nc3c1C(c1ccc(Cl)cc1Cl)c1c(c4ccccc4oc1=O)O3)CCCC2
D13334,Cc1ccc(-n2sc(=O)n(Cc3ccc(Cl)cc3)c2=O)cc1
D13335,O=C(c1cccc(Cl)c1-n1nccn1)N1CCOC[C@H]1Cc1cc(-n2nccn2)ccc1F
D13336,CCN(CC)CCCNc1ncc2cc(-c3c(Cl)cccc3Cl)c(NC(=O)NC(C)(C)C)nc2n1
D13337,CO[C@H]1CC[C@H](n2c(=O)n(C)c3cnc4ccc(-c5ccc(OCCCN(C)C)nc5)cc4c32)C1
D13338,CS(=O)(=O)C1CN(c2ccc(-c3ncnc(Nc4ccc(N5CCN(C6COC6)CC5)cc4)n3)cc2C#N)C1
D13339,CCCN(CCc1ccccc1)CCc1cccc(O)c1
D13340,N#Cc1ccc(Cn2cncc2CN[C@H]2CCN(c3cccnc3)C2=O)cc1
D13341,O=C(COc1cccc2ncn(Cc3ccc(Cl)cc3Cl)c12)NS(=O)(=O)c1cc(Cl)c(Cl)s1
D13342,CC(C)(C(=O)O)c1ccc(C(O)CCCN2CCC(C(O)(c3ccccc3)c3ccccc3)CC2)cc1
D13343,CC1(C)CN(C(=O)c2ccc(Nc3nc(C4CC4)cn4c(-c5cn[nH]c5)cnc34)c(F)c2)CCN1
D13344,Cc1cc(-c2[nH]c3ccc(C4CCN(C(=O)Cc5nnn(C)n5)CC4)cc3c2C(C)C)cn2ncnc12
D13345,Cc1ccc(-c2cn(C)c(C)n2)cc1NC(=O)c1ccc(OCc2ccccn2)cc1
D13346,Cc1ncc(-c2c(C)c(CNC3CCCC3)nn2-c2ncccc2Cl)cc1F
D13347,CCS(=O)(=O)N1CC[C@H](N(Cc2ccccc2C(F)(F)F)c2ccc(C#N)c(Cl)c2)C1
D13348,NC(=O)c1cccc(-c2ccc([C@H](N)Cc3cc(F)ccc3F)cc2)c1
D13349,CC(C)c1c(-c2cc(C(F)(F)F)c3ncnn3c2)[nH]c2ccc(C3CCN(C(=O)CC(F)(F)F)CC3)cc12
D13350,OC1(CNC2CC2)CCN(c2nc(Oc3cccc(F)c3)cc(C(F)(F)F)n2)C1
D13351,CC[C@]1(C(=O)O)CCc2ccc(OCCCOc3ccc(OCC(F)(F)F)cc3Cl)cc2O1
D13352,COC(=O)[C@@H]1C2CCC(C[C@H]1c1ccc(F)c(F)c1)S2=O
D13353,NC1=NC2(CCS1)c1cc(NC(=O)c3ccc(F)cn3)ccc1Oc1c2cc(C2=CCOCC2)nc1F
D13354,CC(C)(CC(=O)N1CCc2ccsc2C1)[C@H]([NH3+])C(=O)N1CCC[C@H]1C#N
D13355,O=C(N[C@H](/C=C/S(=O)(=O)c1ccccc1)CCc1ccccc1)c1cc(-c2ccncc2)no1
D13356,O=c1ccoc2cc(OCc3ccc(C(F)(F)F)cc3)ccc12
D13357,CN(C)[C@H]1CC[C@H](n2cc(C(N)=O)c(Nc3ccc(Cl)cc3)n2)[C@@H](C#N)C1
D13358,Cc1cc(Nc2ncnc(-c3ccc(O[C@H]4CCN(C(=O)[C@H](C)O)C[C@H]4F)c(C#N)c3)n2)ccc1N1CCN(C2COC2)CC1
D13359,NC1=N[C@@](c2cc(NC(=O)c3cnc(OCC4CC4)cn3)ccc2F)(C(F)F)[C@H]2C[C@H]2O1
D13360,O=C(Cn1c(=O)c(Cc2ccccc2)nc2ccccc21)N/N=C/c1ccc([N+](=O)[O-])cc1
D13361,N[C@@H](CCCCNc1ccc2ccccc2c1)C(=O)N1Cc2ccccc2C1
D13362,Cl.Cn1nccc1-c1cc(C(=O)N[C@@H]2CCc3ccc(Oc4ccnc5c4CCC(=O)N5)cc3C2)cc(C(F)(F)F)c1
D13363,Cc1ccc(-n2c(-c3ncccc3Cl)nc(CNC3CCCC3)c2C)cn1
D13364,CC[C@H](Nc1ncnc2[nH]ccc12)c1nc2cccc(F)c2c(=O)n1-c1ccc(OCC(F)(F)F)cc1
D13365,CN(C)C(=O)c1cc2cnc(Nc3ccc(N4C(=O)CN5CCC4CC5)cn3)nc2n1C1CCCC1
D13366,CCOc1cc(OCC)cc(-c2cc(COC(C)(C)C(=O)O)nn2-c2ccccc2Cl)c1
D13367,Cc1cnc(-c2cc(Cl)ccc2F)cc1Nc1ccnc2cnn(CC(N)=O)c12
D13368,C[C@@H](OC(=O)Nc1c(-c2ccc(C3CCC(CC(=O)O)CC3)cc2)nnn1C)c1ccccc1
D13369,CC(C)(OCc1cc(-c2cccc(OC3CC3)c2)n(-c2cc(Cl)ccc2Cl)n1)C(=O)O
D13370,O=C(NO)c1cnc(NC2(c3ccc(F)cc3)CCCCC2)nc1
D13371,CC(C)c1c(-c2cc(C(F)(F)F)c3ncnn3c2)[nH]c2ccc(C3CCN(C(=O)C4CCCO4)CC3)cc12
D13372,CS(=O)(=O)N1CCN(Cc2cn3cc(-c4cnc(N)nc4C(F)(F)F)nc(N4CCOCC4)c3n2)CC1
D13373,CCCCN(CCCC)C(=O)CN1C[C@H](c2ccc3c(c2)OCO3)[C@@H](C(=O)O)[C@@H]1CC(C)(C)C1OCCO1
D13374,C[C@@H]1CN(C(=O)c2cc(Cl)ccc2-n2nccn2)[C@H](Cc2cccc(-n3nccn3)c2)CO1
D13375,CC(=O)N[C@@H](CCc1ccccc1)C(=O)N[C@@H](CC(C)C)C(=O)N[C@@H](Cc1ccccc1)C(=O)N[C@H](/C=C/S(C)(=O)=O)CC(C)C
D13376,COc1cnc(C(=O)Nc2ccc3c(c2)C2(CCOC(N)=N2)c2cc(C4=CCCOC4)nc(F)c2O3)cn1
D13377,O=C(NO)[C@@]1(O)COCC[C@H]1S(=O)(=O)c1ccc(OCc2ccccc2C(F)(F)F)cc1
D13378,COc1ccc2c(c1OC)CN1CCc3cc4c(cc3C1C2)OCO4
D13379,CO[C@H]1C[C@@H](n2c(=O)n(C)c3cnc4ccc(-c5ccc(OCCCN6CCCC6)nc5)cc4c32)C1
D13380,COc1ccc(C(=O)Nc2ccc3c(c2)C2(CCSC(N)=N2)c2cc(-c4ccnc(F)c4)nc(F)c2O3)nc1
D13381,O=C(N[C@H]1C2CC3CC1C[C@](O)(C3)C2)c1cnc(N2CCOCC2)nc1C1CC1
D13382,Cc1ccc(C(=O)N2CCC(c3ccc(C#N)cc3)CC2)cc1C(=O)Nc1ccc(N2CCCC2)nc1
D13383,O=C(N[C@H]1C2C[C@H]3CC1C[C@@](O)(C2)C3)C1(N2CCCCC2)CC1
D13384,Cc1cc(Cl)ccc1C1c2c(nn(CC(=O)N3CCNC(=O)C3)c2C(C)C)C(=O)N1c1cc(Cl)ccc1C
D13385,COc1ccc(Nc2ncnc(-c3ccc(OC4CCOCC4)c(C#N)c3)n2)cn1
D13386,CCn1c(=O)oc2ccc(-c3ccc(C[C@@H](C#N)NC(=O)[C@@H]4CNCCCO4)cc3)cc21
D13387,C[C@@H](Oc1nc(-c2ccc(C3CC3)nc2)cc2nn(C)cc12)[C@H]1CNC(=O)C1
D13388,CN(C)CCCOc1ccc(-c2ccc3ncc4c(c3c2)n(C2CCOCC2)c(=O)n4C)c(F)n1
D13389,O=C(Nc1ccccc1)n1sc2ccccc2c1=O
D13390,CN[C@@H](C)C(=O)N[C@H]1CN(C(=O)CCN)c2ccccc2N(Cc2c(OC)ccc3cc(C(=O)OC)ccc23)C1=O
D13391,Nc1ccc(CC(C(=O)O)c2cn(Cc3ccccc3)cn2)cn1
D13392,CC(=O)NCCc1ccccc1-c1onc([C@H]2CNCC[C@]2(O)c2ccc(F)c(F)c2)c1C(C)O
D13393,O=c1c2cc(OCCCN3CCCC3)ccc2nc2n1CCC2
D13394,CC(C)[C@H](NC(=O)[C@H](Cc1ccccc1)NC(=O)[C@@H]1CCCN1C(=O)[C@@H](N)Cc1ccc(O)cc1)C(N)=O
D13395,COc1ccccc1-n1nc2c(c1C(C)C)C(c1ccc(Cl)cc1)N(c1cc(Cl)c(=O)n(CCO)c1)C2=O
D13396,CC(C)C[C@H](S)C(=O)N1C[C@@H](F)C[C@H]1C(=O)N1CCC[C@H]1C(=O)N1CC[C@@H](C(=O)O)C1
D13397,COc1cc(C#N)c(NC(=O)c2sccc2S(=O)(=O)Nc2onc(C)c2Cl)c(OC)c1
D13398,C[C@@H]1NC(=O)[C@H]2CCOCCSSCCCCC[C@H](NC(=O)[C@H]3CCCN3C1=O)C(=O)N2
D13399,COc1ccc(CNC(=O)[C@@H](CC2CCCCC2)NC(=N)NC(=O)Cc2ccc(OC)c(OC)c2)cc1F
D13400,CO[C@@H]1COCC[C@@H]1N[C@@H]1CC[C@@](C(=O)N2CCN(c3ccnc(C(F)(F)F)c3)CC2)(C(C)C)C1
D13401,CCSC(N)=Nc1ccc2[nH]cc(C3=CCN(C)CC3)c2c1
D13402,NC(N)=NCCC[C@H](NC(=O)CN1CCN[C@H](CCCN=C(N)N)C1=O)C(=O)c1nccs1
D13403,CNc1nn2c3c(cnc2c1S(=O)(=O)c1ccccc1)CN(C)CC3
D13404,NCC1CCC(N[C@H]2C[C@@H]2c2ccccc2)CC1
D13405,C[C@@H](Oc1nc(-c2cnn(CCC(F)(F)F)c2)cc2nn(C)cc12)[C@H]1CNC(=O)C1
D13406,O=C(N[C@H](/C=C/S(=O)(=O)c1ccccc1)CCc1ccccc1)c1cc(-c2ccccn2)no1
D13407,O=C(Nc1ccc(-c2nnn[nH]2)cc1F)[C@H](C1CCCCC1)n1c(-c2ccc(Cl)cc2)nc2cc(F)c(F)cc21
D13408,CCN[C@@H](CC)C(=O)NC1C(=O)N(Cc2c(OC)ccc3cc(Br)ccc23)c2ccccc2N(c2ccccc2)C1=O
D13409,CN(c1ncnc2[nH]ccc12)[C@H]1C[C@@H](NS(=O)(=O)C2CC2)C1
D13410,O=P(O)(O)C(F)(F)c1ccc(CC(Cc2ccc(Br)cc2)(c2ccccc2)n2nnc3ccccc32)cc1
D13411,Cc1c(F)cc(C(=O)NC2CC2)cc1-c1ccc(C(=O)N[C@@H](C)C(C)C)cn1
D13412,CC(C)c1c(-c2cc(C(C)(C)O)c3ncnn3c2)[nH]c2ccc(C3CCN(CCS(C)(=O)=O)CC3)cc12
D13413,[C-]#[N+]c1cnc2c(Nc3ccc(F)c([C@]4(CF)CS(=O)(=O)C(C)(C)C(N)=N4)c3)ncc(F)c2c1
D13414,CCCCC(=C(c1ccccc1)c1ccccc1)c1ccc(S(=O)(=O)OC)cc1
D13415,CN1C2CCC1C(c1cc(C(C)(C)C)no1)C(c1ccc(Cl)cc1)C2
D13416,NC(=O)[C@]12CC3CC(C1)[C@H](OC(=O)N1CC[C@H](Nc4ncccc4C(F)(F)F)C1)C(C3)C2
D13417,C[C@H](O)C(=O)N1CC[C@H](Oc2ccc(-c3ncnc(Nc4ccc(N5CCO[C@@H](C(N)=O)C5)cc4)n3)cc2C#N)[C@H](F)C1
D13418,NC1=NC2(CCO1)c1cc(NC(=O)c3ccc(F)cn3)ccc1Oc1c(F)cc(-c3ccnc(F)c3)cc12
D13419,CC(C)(CC(=O)N1CCc2cc(F)cc(F)c2C1)NCC(=O)N1CCC[C@H]1C#N
D13420,C[C@H](CCN1CCC[C@@H](Cc2ccc(F)cc2)C1)NC(=O)Nc1cc(-c2nnnn2C)cc(C(C)(C)C(=O)O)c1
D13421,COc1cc2c(Nc3ccc(Br)c(Cl)c3F)ncnc2cc1OC[C@@H]1C[C@@H]2CN(CC(C)C)C[C@@H]2C1
D13422,C[C@H](N)C(=O)N[C@H]1COc2ccccc2N(Cc2cccc3c2cnn3-c2ccccc2C#N)C1=O
D13423,CCc1cc(Cc2cnc(N)nc2N)cc(C(C)CC)c1N
D13424,Cc1cccc(-c2nc(C(F)(F)F)cn2-c2ccc(S(C)(=O)=O)cc2)c1
D13425,CCCCN(CCCC)C(=O)CN1C[C@H](c2ccc3c(c2)OCO3)[C@@H](C(=O)O)[C@@H]1CC(CCC)CCC
D13426,O=c1[nH]nc(-c2ccnc(NC3CCOCC3)c2)n1-c1ccc2ccccc2c1
D13427,CN(Cc1ccc2ccccc2c1)C(=O)n1nnnc1Cc1ccc(-c2ccccc2)cc1
D13428,CCCCCCSc1nc(-c2ccc(Cl)cc2)nn1C(=O)N(C)c1ccccc1
D13429,CN(C(=O)C1CCCCC1)c1ccc2c(c1)nc(NC(=O)c1ccc(C#N)cc1)n2CCCn1ccnc1
D13430,COc1cccc(COc2ccc(C3=NN(CCC#N)C(=O)CO3)cc2)c1
D13431,CN[C@@H](C)C(=O)N[C@H]1CN(C(=O)CS(C)(=O)=O)c2ccc(C#N)cc2N(Cc2c(OC)ccc3ccccc23)C1=O
D13432,CC(=O)c1sc(NC(=O)N[C@@H]2CNC[C@H]2CN2CCC[C@@H](Cc3ccc(F)cc3)C2)nc1C
D13433,CN(C)c1ccc(C(=O)N(CCCCCC(=O)NO)CC(=O)NCc2ccccc2)cc1
D13434,N#Cc1cnc2ccc(-c3c(-c4ccc(F)cc4)ncn3C3CCCC3)cn12
D13435,CCc1coc2c(N3CCCC3=O)cc(C(=O)N[C@@H](Cc3ccccc3)[C@H](O)CNCc3cccc(C(F)(F)F)c3)cc12
D13436,Cc1cc(C(F)(F)F)cnc1C(=O)Nc1ccc(Cl)c([C@@]2(C(F)F)N=C(N)O[C@@H]3C[C@@H]32)c1
D13437,Cn1ncc2ccc(-c3ccc(C[C@@H](C#N)NC(=O)[C@H]4N[C@H]5C[C@@H]4[C@@H]4C[C@H]54)c(F)c3)cc21
D13438,COc1cc(Nc2nc(N[C@@H](C)c3ncc(F)cn3)ncc2Cl)[nH]n1
D13439,CCOC(=O)c1cc(C#N)c(N2CC(C(=O)NS(=O)(=O)Cc3ccccc3)C2)nc1C
D13440,O=C(C[C@@H](Cc1ccccc1)C(=O)N[C@@H](CC1CCCCC1)C(=O)O)NO
D13441,COc1cc(C#N)cc(-c2ncnc(Nc3ccc(N4CCN(C5COC5)CC4)cc3)n2)c1
D13442,CCOC(=O)NC1CCc2cc(OC)c(OC)c(OC)c2-c2ccc(SC)c(=O)cc21
D13443,CCN(CC)CCNC(=O)c1c(C)[nH]c(/C=C2\C(=O)Nc3ccc(Cl)cc32)c1C
D13444,CNC(=O)[C@]12C[C@H]1[C@@](C)(c1cc(/C=C(\F)c3cnc(OCC(C)=O)cn3)ccc1F)N=C(N)S2
D13445,N#Cc1cc(-c2ncnc(Nc3ccc(N4CCN(C5COC5)CC4)cc3)n2)ccc1OC1CCNCC1(F)F
D13446,COc1cc(C(=O)N2CCOC[C@H]2Cc2cc(-n3nccn3)ccc2F)c(-n2nccn2)cc1C
D13447,Cc1c([C@@H](O)CN2CCC3(CC2)CCN(c2ccc(=O)n(C4CCCC4)n2)C3=O)ccc2c1COC2=O
D13448,O=C(NCCO)c1cc(-c2ccc(Cl)cc2Cl)n[nH]1
D13449,C=CC(=O)Nc1cccc(CNc2cc(Nc3ccccc3)ncc2C(N)=O)c1
D13450,CCCCOC(=O)Cc1cc(-c2ccc(S(C)(=O)=O)cc2)n(-c2ccccc2)c1C
D13451,NS(=O)(=O)c1ccccc1-c1ccc(CC(Cc2ccc(C(F)(F)P(=O)(O)O)cc2)(c2ccccc2)n2nnc3ccccc32)cc1
D13452,C[C@H]1CN(C2COC2)CCN1c1ccc(Nc2ncnc(-c3ccc(O[C@H]4CCN(C(=O)c5cnc[nH]5)CC4(F)F)c(C#N)c3)n2)cc1
D13453,Nc1noc2c(N3CC[C@@H](NC(=O)c4ccc(-n5cnc(CCO)c5)cc4Cl)C3)ncc(Cl)c12
D13454,Cc1sc2nc(N)[nH]c(=O)c2c1Sc1cc(Cl)cc(Cl)c1
D13455,Cc1ccccc1CN(c1ccc(C#N)c(Cl)c1)[C@H]1CCN(S(C)(=O)=O)C1
D13456,O=C(NO)c1ccc(Cn2cc(Cc3ccccc3)c3ccccc32)cc1
D13457,N[C@@H](CC(=O)N1CCC[C@H]1c1nc(-c2ncccn2)no1)Cc1cc(F)c(F)cc1F
D13458,NC1=NC2(CCO1)c1cc(NC(=O)c3ccc(Cl)cn3)ccc1Oc1c2cc(Cl)nc1F
D13459,O=c1n(Cc2cc([C@@H]3O[C@H](CO)[C@@H](O)[C@H](O)[C@H]3O)ccc2Cl)nc2ccccn12
D13460,CNCCN1CCSc2ccc(N=C(N)c3cccs3)cc21
D13461,COc1ccc(-c2noc3ncn(-c4ccc(C(=O)Nc5ccccn5)cc4)c(=O)c23)cc1
D13462,O=C(Nc1cc(Cl)c(F)cc1-c1ccccc1)NC1(C(=O)O)CC1
D13463,Fc1ccc(-c2ncn(CC(F)F)c2-c2ccc3nccn3c2)c(F)c1
D13464,CN(CCOc1ccc(-c2ccc3c(c2)OCCO3)cc1-c1ccccc1Cl)CC(=O)O
D13465,CN(c1ncnc2[nH]ccc12)[C@H]1C[C@@H](NS(=O)(=O)CC2CCC2)C1
D13466,CN[C@@H](C)C(=O)N[C@H]1CN(C(=O)CCCCN)c2ccccc2N(Cc2c(OC)ccc3cc(C(=O)OC)ccc23)C1=O
D13467,CC1CCCC(=NNc2nc(-c3ccc(F)cc3F)cs2)C1
D13468,CC1(c2cc(NC(=O)c3ccc(F)cn3)ccc2F)N=C(N)OC2(CCOCC2)C1(F)F
D13469,CC(=O)N1CC[C@H](Oc2ccc(-c3ncnc(Nc4ccc(N5CCN(C6COC6)CC5)cc4)n3)cc2C#N)[C@H](F)C1
D13470,Cc1n[nH]c2c1C(c1ccc(F)cc1F)N(c1cc(C)c3nnc(C)n3c1)C2=O
D13471,O=C1CCc2cc(-c3cncnc3)cc3c2N1CC3
D13472,O=C(Cc1nc(N2CCOCC2)cc(=O)[nH]1)N1CCc2c(-c3ccncc3)cccc21
D13473,COP(=O)(OC)OC=C(Cl)Cl
D13474,CC(=O)Nc1cccc2c(=O)n(O)c(=O)[nH]c12
D13475,O=C(NCC1(O)CCN(c2nc(Oc3cccc(F)c3)cc(C(F)(F)F)n2)C1)C1CNC1
D13476,Cc1cnc(-c2cc(Cl)ccc2F)cc1Nc1ccnc2cn(CC(N)=O)nc12
D13477,NC(=O)c1cc(Cl)c2c(Cl)c(C3CC3)n([C@H]3CCCNC3)c2n1
D13478,CC#CCN(C)Cc1cc2cc(OCc3ccccc3)ccc2[nH]1
D13479,C[N+](C)(C)CCCl
D13480,COC(=O)c1cccc(O)c1C(=O)c1c(O)cc(C(=O)O[C@@H]2CCC[C@H]2NC(=O)c2ccc(O)cc2)cc1O
D13481,NC1=N[C@](CF)(c2cc(NC(=O)c3ncc(Br)cc3Cl)ccc2F)C[C@@H](C(F)(F)F)O1
D13482,CC#CCNc1ccc(S(=O)(=O)CC2(C(=O)NO)CCCN(S(=O)(=O)C(C)C)C2)cc1
D13483,NC(=O)c1cccc2c1OCC(c1cncc(CN3CCOCC3=O)c1)O2
D13484,Cc1ccc(S(=O)(=O)N2CC=C(C#Cc3ccccn3)CC2)cc1
D13485,COc1cnc2c(Nc3ccc(F)c(C4(CF)CS(=O)(=O)C(C)(C)C(N)=N4)c3)nccc2c1
D13486,CN(C)CCC(=O)N1CC(C#Cc2ccc3c(=O)c(-c4ccc(NS(C)(=O)=O)cc4)coc3c2)C1
D13487,CC[C@@H](C)Nc1ncc(C(=O)Nc2cc(C(=O)NC)ccc2C)s1
D13488,CCN1CCC(c2ccc(Nc3ncc(C(F)(F)F)c(Cc4ccccc4C(N)=O)n3)c(OC)c2)CC1
D13489,CC1(C)[C@@H]2CC[C@@]1(CS(=O)(=O)N1CCC3(CCc4ccccc43)CC1)[C@@H](NC(=O)NC1CN3CCC1CC3)C2
D13490,CS(=O)(=O)c1ccc(-c2sc(CCc3ccccc3)nc2-c2ccc(F)cc2)cc1
D13491,Cc1cccc(-c2n[nH]cc2-c2ccc(O)cc2)n1
D13492,COc1cccc(C2(O)CCN(C(C)C(O)c3ccc4c(c3)CCC(=O)N4)CC2)c1
D13493,O=C(Nc1cc(F)c(F)c(F)c1)c1cc(S(=O)(=O)N2CCOCC2)c(Cl)cc1Cl
D13494,CS(=O)(=O)c1ccc(/C(=C/c2ccc(F)cc2)c2ccccc2)cc1
D13495,COc1ccc(CNC=C2C(=O)NC(=O)c3ccc(-c4ccsc4)cc32)cc1O
D13496,COc1ccccc1-n1nc2c(c1C(C)C)C(c1ccc(Cl)cc1)N(c1ccc(F)c(Cl)c1)C2=O
D13497,C[C@]1(c2cc(/C=C(\F)c3ccc(C#N)cn3)ccc2F)N=C(N)S[C@@]2(C(=O)N3CCCC(F)(F)C3)C[C@H]21
D13498,COc1ccc2c(c1)c(CC(=O)Oc1ccccc1SC)c(C)n2C(=O)c1ccc(Cl)cc1
D13499,N#C[C@@H]1CCCN1C(=O)[C@@H]([NH3+])CCC(=O)N1CCn2cnnc2C1
D13500,N#Cc1ccc(Cn2cncc2CN(Cc2cccnc2)[C@H]2CCN(Cc3ccccc3)C2=O)cc1
D13501,C[C@H](c1ccccc1)N1CCC(Oc2ccc(S(=O)(=O)Nc3nccs3)cc2Cl)CC1
D13502,O=C(O)/C=C/C(=O)Nc1ccc(Oc2cccc(Oc3ccc(NC(=O)/C=C/C(=O)O)cc3)c2)cc1
D13503,O=C(O)c1cccc(C2CCN([C@@H]3C[C@H]4OCC[C@@]4(C(=O)N4COc5ccc(C(F)(F)F)cc5C4)C3)CC2)c1
D13504,CN(C)C(=O)[C@]12C[C@H]1[C@@](C)(c1cc(/C=C(/F)c3ccc(Cl)cn3)cnc1F)N=C(N)S2
D13505,C[C@H](NCc1ccc(OCc2cccc(Cl)c2)cc1)C(N)=O
D13506,NC1=NC2(CCO1)c1cc(NC(=O)c3ccc(F)cn3)ccc1Oc1c2cc(-c2cncc(F)c2)nc1F
D13507,C[C@]1(c2cc(/C=C(\F)c3ccc(C#N)cn3)cnc2F)N=C(N)S[C@@]2(C(=O)NCC(F)F)C[C@H]21
D13508,CCCCCc1ccc(Oc2ccccc2)c(O)c1
D13509,CC(C)[C@@H]1C(=O)N(S(C)(=O)=O)[C@@H]2CCN(C(=O)c3coc(CN4CCCC4)n3)[C@@H]12
D13510,Cc1ccc(-c2c(-c3ccc(S(N)(=O)=O)cc3)ccc(F)c2F)cc1C
D13511,Fc1ccc(-c2ncn(CC(F)F)c2-c2ccc3nccn3c2)cc1
D13512,O=P(O)(O)C(CNc1ccccn1)P(=O)(O)O
D13513,C[C@H](Nc1ccc(C(N)=O)c2[nH]c3cc(-c4cnn(C)c4)ccc3c12)C(C)(C)C
D13514,CC(C)(C)COc1cccc(-c2cc(COC(C)(C)C(=O)O)nn2-c2cccc3cccnc23)c1
D13515,CCCCN(CCCC)C(=O)CN1C[C@H](c2ccc3c(c2)OCO3)[C@@H](C(=O)O)[C@@H]1CC(C)(C)CCC
D13516,Cc1cc2c(cc1NC1CNC1)N1C(=NNC(=O)[C@H]1C)CO2
D13517,CCN1CCC[C@H]1CNC(=O)c1c(OC)cccc1OC
D13518,Cc1cc(CS(=O)(=O)c2ccccc2)cc(OCc2ccc(CNCCO)cc2)c1
D13519,CO/N=C(/C)c1ccccc1NS(=O)(=O)c1ccc(OC(=O)C(C)(C)C)cc1
D13520,Cc1cc(NC(=O)c2ccc(Cl)cc2CF)cc([C@@]2(C(F)F)N=C(N)O[C@@H]3C[C@@H]32)c1F
D13521,COc1cccc(OC)c1[C@@H]1C[C@@H](O)C(=O)N1Cc1ccc2oc3ccccc3c2c1
D13522,Cc1ccc(C(=O)NC2CC2)cc1-n1cnc2ccc(N3CCN(C)CC3)cc2c1=O
D13523,Cc1ncsc1[C@H]1C[C@@H]1NC(=O)CC(C)(C)NCC(=O)N1C[C@@H](F)C[C@H]1C#N
D13524,CCCCNc1ncc(-c2ccc3ccccc3n2)c(NC2CCC(O)CC2)n1
D13525,Cc1ccc(-c2c(CN)c(CC(C)C)nc(C)c2C(=O)OCc2ccc(C(=O)O)cc2)cc1.Cl.Cl
D13526,O=C(C[C@@H](CCCC1CCCCC1)c1nc(C(=O)N2CCCCC2)no1)NO
D13527,CSCC[C@H](NC(=O)[C@H](CC(C)C)NC(=O)CNC(=O)[C@H](Cc1ccccc1)NC(=O)C(=Cc1ccccc1)NC(=O)[C@H](CCC(N)=O)NC(=O)[C@H](CCC(N)=O)NC(=O)[C@H]1CCCN1C(=O)[C@H](CCCCN)NC(=O)[C@@H]1CCCN1C(=O)[C@@H](N)CCCNC(=N)N)C(N)=O
D13528,CS(=O)(=O)c1ccc(C2=C(c3cncc(Cl)c3)C(=O)CC2)cc1
D13529,Cc1c(Nc2ncnc(-c3ccc(O[C@H]4CCN(C(=O)[C@H](C)O)C[C@H]4F)c(C#N)c3)n2)cnn1C
D13530,c1ccc2c(-c3cnn4cc(-c5ccc(N6C[C@@H]7C[C@H]6CN7)cc5)cnc34)ccnc2c1
D13531,N#Cc1cc(-c2ncnc(Nc3ccc(N4CCN(C5COC5)CC4)cc3)n2)ccc1OC1CCN(C(=O)c2ccc[nH]2)CC1
D13532,OC[C@H]1[C@@H](O)[C@H](O)[C@@H](O)CN1CCCC/C=C\C12CC3CC(CC(C3)C1)C2
D13533,CC#CCNc1ccc(S(=O)(=O)CC2(C(=O)NO)CCCN(C(=O)OCC)C2)cc1
D13534,C[C@]1(c2cc(/C=C(\F)c3ccc(C#N)cn3)ccc2F)N=C(N)S[C@@]2(C(=O)N3CCO[C@H]4C[C@H]43)C[C@H]21
D13535,c1ccc2c(NCCSSCCNc3c4c(nc5ccccc35)CCCC4)c3c(nc2c1)CCCC3
D13536,N=C(N)NCCC[C@H](NC(=O)CN1CCN[C@@H](CCCNC(=N)N)C1=O)C(=O)c1nccs1
D13537,C[C@@]1(c2nc(NC(=O)c3ncc(C#N)cc3Cl)ccc2F)C[C@@H](C(F)(F)F)OC(N)=N1
D13538,Cn1cc(-c2ccc3c(c2)CCN3C(=O)Cc2cccc(C(F)(F)F)c2)c2c(N)ncnc21
D13539,CCOc1ccc(-c2ccc(S(=O)(=O)N[C@@H](C(=O)O)C3CCN(S(=O)(=O)c4ccccc4)CC3)s2)cc1
D13540,N#Cc1cnc2ccc(-c3c(-c4ccc(F)cc4)ncn3C3CCC(F)(F)CC3)nn12
D13541,CC1(C)[C@@H]2CC[C@@]1(CS(=O)(=O)N1CCC3(CCc4ccccc43)CC1)[C@@H](NC(=O)NCCc1cnc[nH]1)C2
D13542,N#CCCn1nnc(-c2ccc(OCc3ccccc3Cl)cc2)n1
D13543,CC1(C)CC(=O)c2cc(C#N)c(NC3CCCC3)nc2C1
D13544,c1ccc2nc(N3CC(Oc4nccnc4N4CCCCC4)C3)ccc2c1
D13545,COc1ccc(S(=O)(=O)N2CCN(C(=O)c3c(-c4ccccc4)noc3C)CC2C(=O)NO)cc1
D13546,Cn1cnc2ccc(-c3ccc(Cl)cc3Cl)c(CN)c21
D13547,O=C(O)CN1C(=O)C(=O)N(Cc2ccc(Cl)c([N+](=O)[O-])c2)C1=O
D13548,COc1ccc(-c2nnc3c(C(=O)c4ccccc4)nc4ccccc4n23)cc1
D13549,COc1cccc(F)c1C1C[C@@H](O)C(=O)N1Cc1ccc2oc3ccccc3c2c1
D13550,COc1ccc(OC)c2c1c(OC)cc1c(=O)c(OCCOCCOCCOCCOC(=O)CN)c(-c3cccc(F)c3)oc12
D13551,C[C@@H](c1ccc(-c2ccn(C3CC3)c(=O)c2)cc1)N1CCC(CC2CC2)(CC(C)(C)O)OC1=O
D13552,CN(CCOc1ccc(-c2ccc3c(c2)CCO3)cc1-c1ccccc1Cl)CC(=O)O
D13553,CN[C@@H](C)C(=O)N[C@H]1CN(C(=O)c2ccccc2[C@H](C)O)c2ccccc2N(Cc2c(C)ccc3ccccc23)C1=O
D13554,NC1=N[C@@](c2cc(NC(=O)c3cnc(OCc4cocn4)cn3)ccc2Cl)(C(F)F)[C@H]2C[C@H]2O1
D13555,COCc1cccc2nc(-c3[nH]nc4ncc(-c5cccnc5)cc34)[nH]c12
D13556,NC(=O)c1cnc2ccc(-c3c(-c4ccc(F)cc4)ncn3C3CC(F)(F)C3)cn12
D13557,COc1cc(Nc2cc(Oc3ccc(NC(=O)Nc4cc(C(C)(C)C)cc(N(CCO)S(C)(=O)=O)c4OC)c4ccccc34)ccn2)ccc1C(=O)NCCN1CCS(=O)CC1
D13558,NC1=N[C@@](c2cc(Nc3nccc4cc(C#CC5CC5)cnc34)ccc2F)(C(F)F)[C@H]2C[C@H]2O1
D13559,COc1ccc(C(=O)C2CCN(CC(=O)NCc3nc4c(c(=O)[nH]3)CCC4)CC2)cc1
D13560,O=C(Nc1cc(Cl)cc(Cl)c1-c1ccccc1)NC1(C(=O)O)CC1
D13561,CCOC[C@@H](CC(C)C)NC(=O)[C@@H]1CNC[C@H](C(=O)N(c2cc(OCC)c(CC)cn2)C2CC2)C1
D13562,CC[C@H](Nc1nc(N)nc(N)c1C#N)c1nc2cccc(C#CCCCC(=O)N3CCOCC3)c2c(=O)n1-c1ccccc1
D13563,Cc1oc([C@@H](Cc2cn(C)c3ccccc23)NC(=O)[C@H](CC(C)C)OC(=O)N(C)C2CCCCC2)nc1C(=O)O
D13564,Cc1cc(-c2cc(C(F)(F)F)nn2-c2ccc(S(C)(=O)=O)cn2)ccc1-c1cscn1
D13565,C[C@@H]1N[C@H](CCCc2ccccc2)[C@@H](O)[C@H](O)[C@@H]1O
D13566,O=C(N[C@H](COCc1ccccc1)C(=O)N[C@H]1CN2CCC1CC2)c1cccnc1Oc1ccc(C(F)(F)F)cc1Cl
D13567,CC(C)Cc1ncc(-c2cc(COC(C)(C)C(=O)O)nn2Cc2ccccc2Cl)o1
D13568,COc1c(Cl)cc(-c2cc(F)c(F)cc2-c2ccc(S(N)(=O)=O)cc2)cc1Cl
D13569,CCC(=O)n1nc(-c2ccco2)nc1SCc1ccccc1
D13570,CCCCN1C(=O)[C@@H]([C@H](O)C2CCCCC2)NC(=O)C12CCN(Cc1ccc(Oc3ccccc3)cc1)CC2
D13571,CCCCCCNC(=O)Oc1cccc(-c2ccc(C(C)C(=O)O)cc2O)c1
D13572,Cc1ccccc1NC(=O)Oc1ccc2c(c1)[C@@]1(C)COC(C1)O2
D13573,COc1cc(COc2c(OC)cc(Cc3cnc(N)nc3N)cc2OC)cc(OC)c1OC
D13574,CN(C)CCCOc1ccc(CN2CCC(NC(=O)c3cc(=O)c4ccc(F)cc4o3)CC2)cc1F
D13575,NS(=O)(=O)c1ccc2c(c1)/C(=C/c1cc3c([nH]1)CCCC3)C(=O)N2
D13576,CC1CC(=C2O[C@@H]3CC(=O)N3C2C(=O)O)C(=O)O1
D13577,O=C(Nc1ncnc2oc(-c3ccccc3)cc12)C1CCCC1
D13578,COc1ccc(-n2cnc3c(sc4nccc(N(C)C)c43)c2=O)cn1
D13579,COc1cc(C(C#Cc2c(C)nc(N)nc2N)OC)cc(OC)c1OC
D13580,CCOc1ccccc1-n1nc(COC(C)(C)C(=O)O)cc1-c1cc(OC)cc(OC)c1
D13581,Fc1ccc(-c2ncn(CC(F)F)c2-c2ccc3ncc(F)n3c2)cc1
D13582,CN(C)C(=O)c1cc2cnc(Nc3ccc(C(=O)N4CC5CCC(C4)N5)cn3)nc2n1C1C[C@H]2CC[C@@H]1C2
D13583,CONC(=O)C1C(c2ccc(Cl)cc2)CC2CCC1N2C
D13584,COc1cc(C(C)N=Nc2nc3ccccc3nc2Cc2ccccc2)cc(OC)c1OC
D13585,N#Cc1ccc(S(=O)(=O)NC(=N)N2C[C@H](c3ccccc3)C(c3ccc(Cl)cc3)=N2)cc1
D13586,CC(C)(C)OC(=O)N1CC[C@@H]2[C@H]1C(=O)N2S(=O)(=O)[O-]
D13587,CC(C)C(NC(=O)/C(=C\c1ccccc1F)NC(=O)c1ccccc1)C(=O)O
D13588,Cc1cc(C(=O)N2CC[C@H](Oc3ccc(-c4ncnc(Nc5ccc(N6CCN(C7COC7)CC6)cc5)n4)cc3C#N)[C@H](F)C2)[nH]n1
D13589,NC1=N[C@](CF)(c2cc(Nc3nccc4cc(Cl)cnc34)ccc2F)[C@H]2C[C@H]2O1
D13590,O[C@]1(CNC2CC2)CCN(c2nc(Oc3cccc(F)c3)cc(C(F)(F)F)n2)C1
D13591,NC1=NC2(CCO1)c1cc(NC(=O)c3cnc(Cl)cn3)ccc1Oc1c2cc(-c2cncc(F)c2)nc1F
D13592,CC(=O)N1CC(n2nc(C)c3c2C(=O)N(c2cc(C)c4nnc(C)n4c2)C3c2ccc(Cl)cc2)C1
D13593,O=C(/C=C/c1ccccc1C(F)(F)F)c1ccc(O)cc1
D13594,CC(Nc1nc(Nc2cn(C)cn2)c2ccc(Cl)nc2n1)c1ncc(F)cn1
D13595,CO[C@H]1C[C@@H](n2c(=O)n(C)c3cnc4ccc(-c5ccc(OCCCN6CCC6)nc5)cc4c32)C1
D13596,CN[C@@H](C)C(=O)N[C@H]1COc2ccccc2N(Cc2c(Cl)n(S(=O)(=O)c3ccccc3)c3ccccc23)C1=O
D13597,CCOC(=O)CNC(=O)c1ccc(OP(=O)(Oc2ccc(C(=O)NCC(=O)OCC)cc2)C2CCCN2C(=O)C2CCC[NH2+]2)cc1
D13598,N#CN1CC[C@@H](NC(=O)c2ccc(F)cc2)C1
D13599,CN1[C@H]2CC[C@@H]1CC(OC(=O)C(CO)c1ccccc1)C2
D13600,O=S(=O)(Nc1cc(-c2ccc3ncoc3c2)cnc1Cl)c1ccc(F)cc1
D13601,COc1cc(Nc2ncnc(-c3ccc(OC4CCN(C(=O)[C@H](C)O)CC4)c(C#N)c3)n2)ccc1N1CCN(C2COC2)CC1
D13602,CN[C@@H](C)C(=O)N[C@H]1CN(C(=O)CS(C)(=O)=O)c2ccccc2N(Cc2nn(-c3ccccc3C#N)c3ccccc23)C1=O
D13603,CN(C)C(=O)c1cc2cnc(Nc3ccc(N4CC5(CC4=O)CC4CCC(C5)N4)cn3)nc2n1C1CCCOC1
D13604,O=C(O)CCn1cc(Cc2nc3c(F)c(F)cc(F)c3s2)c2ccccc21
D13605,COc1cc(Cc2cnc(N)nc2N)cc(OC)c1OCCN1CCOCC1
D13606,O=C(NC1Cc2ccccc2N(C[C@@H](O)CO)C1=O)c1cc2cc(Cl)ccc2[nH]1
D13607,NC(=O)c1csc(-c2cccc(-c3ccccc3OC(F)(F)F)c2)n1
D13608,O=C(Nc1cccc(C(F)(F)F)n1)c1nc(CN2CCS(=O)(=O)CC2)c2ccccn12
D13609,Nc1ccc(-c2cc(=O)c3ccc(O)cc3o2)cc1
D13610,Cc1ccn(-c2ccc(-c3ncco3)cc2)c(=O)c1-c1ccc2nc(N)ncc2c1
D13611,Cc1cccc2c(=O)[nH]c(-c3ccc(Br)cc3)nc12
D13612,Cc1c(-c2[nH]c3ccc(C4CCN(C(=O)OC(C)(C)C)CC4)cc3c2C(C)C)cn2ncnc2c1C
D13613,CC(C)N(C)[C@@H]1CC[C@H](N2CC[C@H](NC(=O)c3cc(F)cc(C(F)(F)F)c3)C2=O)[C@H](CS(=O)(=O)C(C)(C)C)C1
D13614,C#CCOc1cnc(/C(F)=C/c2ccc(F)c([C@@]3(C)N=C(N)S[C@]4(CO)[C@H]3C4(F)F)c2)cn1
D13615,COc1cc(Nc2ncnc(-c3ccc(O[C@H]4CCN(C(=O)[C@H](C)O)C[C@H]4F)c(C#N)c3)n2)ccc1N1CCN(C)C[C@@H]1C
D13616,N#Cc1cnc2c(Nc3cc(F)c(F)c([C@@]4(C(F)F)N=C(N)O[C@@H]5C[C@@H]54)c3)ncc(F)c2c1
D13617,Clc1ccc2c(c1)CC/C2=C\c1cccnc1
D13618,CCOc1ccc(Cc2ccc3c(c2)[C@]2(OC3)O[C@H](CO)[C@@H](O)[C@H](O)[C@H]2O)cc1
D13619,NC[C@H]1O[C@@H](n2cnc3c(N)ncnc32)[C@H](O)[C@@H]1O
D13620,COc1cccc(-n2nc(C(C)(C)C)cc2NC(=O)Nc2ccc(Oc3ccnc4[nH]c(=O)cnc34)cc2F)c1
D13621,COc1cnc(C(=O)Nc2ccc3c(c2)C2(CCOC(N)=N2)c2cc(-c4ccnc(F)c4)nc(F)c2O3)cn1
D13622,CC(=O)N1CCC(Oc2cncc(C3COc4c(C#N)cccc4O3)c2)CC1
D13623,C[C@@H](Oc1cc(-n2cnc3cc(-c4ccnc(N5CCOCC5)c4)ccc32)sc1C(N)=O)c1ccccc1C(F)(F)F
D13624,Cc1nsc(-c2nnc3n2CCN(C(=O)c2cccc(Cl)c2)[C@@H]3C)n1
D13625,COCCCc1cc(CN(C(=O)[C@H]2CNCC[C@@H]2c2ccc(OCCOc3c(Cl)cc(C)cc3Cl)cc2)C2CC2)cc(OCCCNS(C)(=O)=O)c1
D13626,NC1=N[C@](CF)(c2nc(NC(=O)c3nn(C(F)F)cc3Cl)ccc2F)C[C@@H](C(F)(F)F)O1
D13627,Nc1ccc(S(=O)(=O)Nc2cccc(-c3ccc([C@H]4CC4NC4CCC(N)CC4)cc3)c2)cn1
D13628,O=C1CCCN1CC1(O)CCN(c2nc(Oc3cccc(F)c3)cc(C(F)(F)F)n2)CC1
D13629,COc1cnc(C(=O)Nc2cc(F)c(Cl)c([C@@]3(CF)N=C(N)O[C@@H]4C[C@@H]43)c2)cn1
D13630,CS(=O)(=O)c1ccc(-c2sc(-c3ccccc3Cl)nc2-c2cccs2)cc1
D13631,O=C([C@@H]1CN[C@H](C(=O)N2CCCC2)C1)N1Cc2ccc(F)cc2C1
D13632,CC1(C)Oc2ncnc(N)c2N=C1c1ccc(C23CCC(C(=O)O)(CC2)CC3)cc1
D13633,O=C(CCc1ccccc1)N[C@H]1CC[C@](O)(c2ccc(O)cc2)CC1
D13634,O=C(O)c1ccnc(-n2nc(Cc3ccc(Cl)cc3)cc2O)c1
D13635,CC(=O)N[C@@H]1[C@@H](N)C=C(C(=O)O)O[C@H]1C(=O)N(CCO)CCc1ccccc1
D13636,COc1ccc(N(C(=O)CN2C(=O)C(C)(Cc3c[nH]c4ccccc34)C(=O)N(c3ccccc3)c3ccccc32)C(C)C)cc1
D13637,O=C(c1ccc(F)cc1)C1CCN(CC(=O)N(Cc2nc3c(c(=O)[nH]2)COCC3)CC(F)(F)F)CC1
D13638,CC1(O)CCN(Cc2ccc(OC3CN(C(=O)c4nnc(-c5ccccc5)o4)C3)cc2)C1
D13639,COc1ccc(CNc2c3c(nc4ccccc24)CCCC3)cc1OC
D13640,CCNC1(CNC(=O)N2CCC(c3nc(-c4ccc5ccccc5n4)no3)CC2)CCCC1
D13641,CN(C)C(=O)c1cccc(-c2ccccc2CC(c2cccnc2)c2cccnc2)c1
D13642,CN[C@@H](C)C(=O)N[C@H]1CCc2ccccc2N(Cc2c(OC)ccc3c(-c4ccco4)cccc23)C1=O
D13643,CCc1cc(-c2cccc(N)n2)c(OC)cc1CCN(C)C
D13644,CCc1ccc(-c2ccc(C(=O)NCC(C)C)cc2C(=O)O)c(C(=O)Nc2ccc(C(=N)N)cc2)c1
D13645,CS(=O)(=O)c1ccc(Nc2ncnc(-c3ccc(OC4CCOCC4)c(C#N)c3)n2)cc1
D13646,C[C@@]1(c2cc(NC(=O)c3ccc(Cl)cn3)cc(F)c2F)C[C@@H](C(F)(F)F)OC(N)=N1
D13647,Cc1ccccc1-n1nc(COC(C)(C)C(=O)O)cc1-c1cccc(OC2CC2)c1
D13648,Cn1nc(-c2ccc3c(N)ncnc3c2)s/c1=N\C1CCCCC1
D13649,CC(C)(CC(=O)NC1CCCC1)NCC(=O)N1C[C@@H](F)C[C@H]1C#N
D13650,O=C(Cn1c(=O)c2cccn2c2cccnc21)NCCCN1CCN(c2ccc(Cl)cc2)CC1
D13651,N[C@@H](CC(=O)N1CCn2c(nnc2-c2ccc(F)cc2F)C1)Cc1cc(F)ccc1F
D13652,Nc1ncnc2c1c(-c1cc(O)cc(F)c1)nn2Cc1nc2cccc(C#CCOCCOCCO)c2c(=O)n1Cc1ccccc1C(F)(F)F
D13653,C[C@@H](Oc1nc(-c2cnn(C3CCCCO3)c2)cc2nn(C)cc12)[C@H]1CNC(=O)C1
D13654,COc1cc(-c2ccc(F)c(C)c2)c(F)cc1-n1c(=O)ccc2cc(S(=O)(=O)Nc3ccon3)ccc21
D13655,O=C(N1CCN(C(=O)N(c2ccccc2)c2ccccc2)CC1)N(c1ccccc1)c1ccccc1
D13656,Cn1nc([C@]2(c3cn[nH]c3)N[C@@H](c3nc(-c4ccc(F)cn4)c[nH]3)Cc3c2[nH]c2ccccc32)oc1=O
D13657,NC[C@@H]1O[C@H](O[C@@H]2[C@@H](CO)O[C@@H](O[C@@H]3[C@@H](O)[C@H](N)C[C@H](N)[C@H]3O[C@H]3O[C@H](CN)[C@@H](O)[C@H](O)[C@H]3N)[C@@H]2O)[C@H](N)[C@@H](O)[C@@H]1O
D13658,CC(C)C[C@H](S)C(=O)N1CCC[C@H]1C(=O)N1CCC[C@H]1C(=O)N1CC[C@H](C(=O)O)C1
D13659,CC(=O)c1nn(-c2ccc(C)cc2)/c(=N/c2nc(-c3ccccc3)cc(-c3ccccc3)c2C#N)s1
D13660,Nc1nc(N)c2c(COc3cccc(F)c3)cccc2n1
D13661,COc1cc(-c2cc3nn(C)cc3c(O[C@H](C)[C@H]3CNC(=O)C3)n2)ccc1OC(C)C
D13662,CS(=O)(=O)c1ccc(-c2cc3c(cc2-c2ccc(F)cc2)OCO3)cc1
D13663,CC(=O)N1CCC(C(=O)N2C[C@@H](c3nc(C(C)(C)c4cc(C(F)(F)F)cc(C(F)(F)F)c4)no3)[C@H](c3ccc(F)cc3C)C2)CC1
D13664,Cc1cccc2nccc(C(=O)NCC(=O)N3CCC[C@H]3C#N)c12
D13665,Clc1cccc(Nc2ncnc3[nH]c(-c4ccccc4)c(-c4ccccc4)c23)c1
D13666,CCCCCCC(Sc1nc(Cl)cc(NCc2ccc3ncccc3c2)n1)C(=O)O
D13667,Nc1ncnc2c1c(-c1ccc(Oc3ccccc3)cc1)c(Cl)n2C1CCCC1
D13668,N#Cc1ccc(C(=O)Nc2ccc3c(c2)C2(CCOC(N)=N2)c2cc(Cl)nc(F)c2O3)nc1
D13669,O=C(Nc1ccc(-c2cn[nH]c2)cc1)NC(CCO)c1cccc(F)c1
D13670,CCNCCN1CCSc2ccc(N=C(N)c3cccs3)cc21
D13671,c1ccc(CCOc2ccc3c(c2)OCCO3)cc1
D13672,Cn1cc(-c2ccncc2)c(-c2ccc(OCc3cc(-n4cc(CCF)nn4)c4ccccc4n3)cc2)n1
D13673,CC(C)(C)c1csc(N2CCN(C(=O)[C@@H]3CCCC[C@H]3C(=O)NC3(C#N)CC3)CC2)n1
D13674,CC(C)(O)[C@H]1CC[C@H](Nc2ccn3ncc(-c4cccc(Cl)c4)c3n2)CC1
D13675,CC(C)c1[nH]c2ccccc2c1Cn1ccnc1
D13676,CCCc1nc(CC)c(C=O)n1Cc1ccc(-c2ccccc2-c2nnn[nH]2)cc1
D13677,Cc1nn(C2CCN(C(=O)[C@H](C)N)CC2)c(C)c1Nc1ncc(Cl)c(-c2cnn3ccccc23)n1
D13678,Cc1c(OCCNCCCF)ccc(F)c1[C@@H]1c2[nH]c3ccccc3c2C[C@@H](C)N1C[C@@H](C)C(=O)O
D13679,CC(=O)Nc1cccc(C2CCN(CCCn3nc(-c4ccc(F)c(F)c4)c4ccccc4c3=O)CC2)c1
D13680,CC1CCC/C1=N\Nc1nc(-c2ccc([N+](=O)[O-])cc2)cs1
D13681,Cc1noc(NS(=O)(=O)c2ccsc2C(=O)Nc2cc3c(cc2OCCO)OCO3)c1Cl
D13682,CCOC(=O)C1C(C)=Nc2nc3c(c(N)c2C1c1ccc(F)cc1)CCCC3
D13683,CCOC(=O)Cn1cc(-c2ccc([C@H](C)[C@H]([NH3+])C(=O)N3CC[C@H](F)C3)cc2)ccc1=O
D13684,N[C@@H](CC(=O)N1CCn2c(nnc2C(F)(F)F)C1)Cc1cccc(Cl)c1
D13685,O=C(CC1CCN(Cc2ccn(-c3ccc(C(F)(F)F)cc3)c2)CC1)NC(c1ccc(F)cc1)c1ccc(=O)[nH]c1
D13686,CN1CCC(COCc2cc(Cl)cc(C(F)(F)F)n2)(c2ccccc2)CC1
D13687,CC[C@H](C)[C@H](NC(=S)Nc1ccc(C(F)(F)F)cc1)C(=O)N[C@H](Cc1ccccc1)C(=O)Nc1cccc(Br)c1
D13688,CCOc1ccccc1Cn1nc(COC(C)(C)C(=O)O)cc1-c1cc(OC)cc(OC)c1
D13689,S=c1[nH]nc2c3cc(-c4ccccc4)c(-c4ccc(CN5CCC(c6nnc(-c7ccccn7)[nH]6)CC5)cc4)nc3ccn12
D13690,CN1CCN[C@@H](C(=O)N2CCN(C(=O)Nc3ccc(Cl)c(Cl)c3)CC2)C1
D13691,O[C@H]1CC[C@H](Nc2ccn3ncc(-c4cccc(OC(F)(F)F)c4)c3n2)CC1
D13692,Nc1nc(N)c2cc(CCc3ccc(C(=O)NC(CCC(=O)O)C(=O)O)cc3)cnc2n1
D13693,C=C(CNN)c1ccccc1
D13694,N=C(N)c1ccc(CNC(=O)Cn2c(-c3cccc(N)c3)c(Cl)nc(NC3CCC3)c2=O)c(F)c1
D13695,N#CCCc1ccc(OCc2cc(-c3cccc(OC(F)(F)F)c3)c3ncccc3c2)cc1
D13696,COc1cc2c(Nc3ccc(Cl)c(Cl)c3)ncnc2cc1OCC1CN(C(C)C)CCO1
D13697,CS(=O)(=O)N1CCN(c2ccc(Nc3ncnc(-c4ccc(OC5CCOCC5)c(C#N)c4)n3)cc2)CC1
D13698,Cl.N[C@@H]1C[C@H]1c1ccc(NC(=O)c2ccc(N3CCOCC3)c(NC(=O)OCc3ccccc3)c2)cc1
D13699,C=CC(=O)Nc1ccc(S(=O)(=O)N2CCN(C(=O)OCc3ccccc3C)CC2)cc1
D13700,C[C@@]1(c2cc(NC(=O)c3ncc(Br)cc3F)cc(F)c2F)C[C@@H](C(F)(F)F)OC(N)=N1
D13701,COCC(=O)N1CCC(c2ccc3[nH]c(-c4cc(C(F)(F)F)c5ncnn5c4)c(C(C)C)c3c2)CC1
D13702,N[C@H](C(=O)N1CCCC1)[C@@H]1CC[C@@H](NS(=O)(=O)c2ccc(S(N)(=O)=O)cc2)C1
D13703,CC[C@H](NCCO)C(=O)N[C@H]1CCc2ccccc2N(Cc2c(OC)cnc3ccccc23)C1=O
D13704,N#C[C@@H]1CCCCN1C(=O)[C@@H](N)CCN
D13705,CN[C@@H](C)C(=O)Nc1ccc(-c2c(-c3cccnc3C)nc3cc(C)ccn23)c(C#Cc2ccc3c(C)nccc3c2)n1
D13706,COc1cc(-c2cccc(F)c2)c(Cl)cc1-n1c(=O)ccc2cc(S(=O)(=O)Nc3ccncn3)ccc21
D13707,O=C(O)CC1CC2(CCN(C(=O)NC3C4CC5CC(C4)CC3C5)CC2)c2ccccc21
D13708,CCCCc1nc(C)c(C(=O)O)c(-c2ccc(C)cc2)c1CN
D13709,CC(=O)c1ccc(OCc2ccc(F)cc2)cc1F
D13710,Cn1c(=O)n([C@@H]2CCCOC2)c2c3cc(-c4ccc(OCCCN5CCC5)nc4)ccc3ncc21
D13711,Brc1cncc(COCC2(c3ccccc3)CCNCC2)c1
D13712,COCCc1nc(CN[C@H]2CC[C@@H](F)C2)n(C(C)C)c1-c1ccc(Cl)cc1
D13713,C[C@]1(c2cccc(Cn3c(=O)n(-c4noc5cc(Cl)ccc45)c4ccccc43)c2)OC(O)=NC1=O
D13714,Cc1cc2c(NC(=O)N[C@@H]3CC(CF)(CF)Oc4cc(Cl)ccc43)cccc2cn1
D13715,CCCCOc1c(OC)cc(Cc2cnc(N)nc2N)cc1OC
D13716,COCCC(C(=O)O)[C@@H]1c2ccccc2C[C@H]1NC(=O)c1cc2sc(Cl)c(Cl)c2[nH]1
D13717,Cn1cc(C2=C(c3cccc(N)c3)C(=O)NC2=O)c2ccccc21
D13718,Cc1cc(C2CCN(CCO)CC2)cc2[nH]c(-c3c(NCCn4cc(Cl)cn4)cc[nH]c3=O)nc12
D13719,NC1=N[C@](CF)(c2cc(NC(=O)c3ccc(F)cn3)ccc2F)C[C@@H](C(F)(F)F)O1
D13720,Cc1cc(Br)cc2c1O[C@H](C(F)(F)F)C(C(=O)O)=C2
D13721,O=S1(=O)NC(Nc2cccc(F)c2Cl)=Nc2c(O)cc(Cl)cc21
D13722,COc1ccccc1N(C)C(=O)Oc1ccc(Oc2ccc(C(F)(F)F)cn2)cc1
D13723,Cn1ncc(-c2ccncc2)c1-c1ccc(OCc2ccc3cc(F)ccc3n2)cc1
D13724,N#Cc1cc(-c2ncnc(Nc3ccc(N4CCN(C5COC5)CC4)cc3)n2)ccc1N1CC(O)C1
D13725,CC1=CC(=O)N(Nc2nc(-c3cccs3)nc3scc(C)c23)C1=O
D13726,CC(=O)OCCc1cc2c(cc1NC(=O)c1sccc1S(=O)(=O)Nc1onc(C)c1Cl)OCO2
D13727,COc1ccc(F)cc1C[C@@H]1CC[C@H](CCN)O1
D13728,C#CCOc1cnc(C(=O)Nc2ccc(F)c([C@]3(CF)C[C@@H](C(F)(F)F)OC(N)=N3)c2)cn1
D13729,N#Cc1ccc(Cn2cncc2CN[C@H]2CCN(C(=O)c3cccc(Cl)c3)C2)cc1
D13730,CN1CCC(COCc2cc(C(F)(F)F)cc(C3(F)CC3)n2)(c2ccccc2)CC1
D13731,COc1ccc(-c2nc3ncc(-c4csc(C(=O)NCC(C)(C)C)c4)cc3[nH]2)cc1
D13732,C[C@H]1[C@H](/C=C/c2ccc(-c3cccnc3C#N)cn2)[C@@H]2[C@@H](C)OC(=O)[C@]2(CC(N)=O)CC1(F)F
D13733,N#CC1(NC(=O)[C@@H]2C[C@@H](S(=O)(=O)c3ccccc3-n3ccnn3)CN2C(=O)C2(c3ncc(Cl)cc3F)CC2)CC1
D13734,Cc1cc(-c2[nH]c3ccc(C4CCN(Cc5nnn(C)n5)CC4)cc3c2C(C)C)cn2ncnc12
D13735,COc1ccc(-c2ncn(CC(F)F)c2-c2ccc3ncc(C#N)n3n2)cc1
D13736,Cc1cc(-c2c(C(=O)NC3CC3)nc3cccnn23)c(F)cc1C#N
D13737,CCCCCNNC(=O)c1ccc(CNC(=O)[C@H](Cc2c[nH]c3ccccc23)NC(=O)c2ccc(OC)cc2)cc1
D13738,C#CCOc1cnc(/C(F)=C/c2ccc(F)c([C@@]3(C)N=C(N)S[C@@]4(C(N)=O)C[C@H]43)c2)cn1
D13739,C#CCOc1cnc(/C(F)=C/c2ccc(F)c([C@@]3(C)N=C(N)S[C@@]4(COC)C[C@H]43)c2)cn1
D13740,CCOC(=O)C1CCCN(C(=O)c2cc3ncc(Br)cn3n2)C1
D13741,C#CCOc1cnc(C(=O)Nc2ccc(Cl)c([C@@]3(CF)N=C(N)O[C@@H]4C[C@@H]43)c2)cn1
D13742,CCc1cc(=O)[nH]c(CN2CCC(N3CCC(C(=O)c4ccc(OC)cc4)CC3)C2=O)n1
D13743,C[C@@H]1CCN(C(=O)C[C@H](N)Cc2cc(F)c(F)cc2F)[C@H](Cc2ccccc2F)C(=O)N1
D13744,CC(=O)Nc1ccc(-c2nn(C)/c(=N/C3CCCCC3)s2)cc1
D13745,CCCc1nc2c(C)ccnc2n1Cc1ccc2c(c1)OC(c1ccccc1)(c1nnn[nH]1)O2
D13746,O=C1C(=O)N(Cc2cn(CCF)nn2)c2ccc(S(=O)(=O)N3CC[C@H]3COc3ccccc3)cc21
D13747,Cc1[nH]c2ccccc2c1C1CCCN(Cc2ccc(/C=C/C(=O)NO)cc2)C1
D13748,NC(=O)c1cnc2ccc(-c3c(-c4ccc(F)cc4)ncn3C3CCC(F)(F)CC3)nn12
D13749,COc1cc(-c2cc(C)c(=O)n(C)c2)cc(OC)c1CN(C)C
D13750,C[C@@]1(c2cc(NC(=O)c3ccc(C#N)cn3)cc(Cl)c2F)C[C@@H](C(F)(F)F)OC(N)=N1
D13751,Cc1cccc(C(=O)N2C[C@@H](C)OC[C@H]2Cc2cccc(-n3nccn3)c2)c1-n1nccn1
D13752,CC(C)C[C@H](O)[C@H](O)[C@H](CC1CCCCC1)NC(=O)[C@H](Cc1cnc[nH]1)NC(=O)[C@H](Cc1ccccc1)NS(=O)(=O)N1CCOCC1
D13753,NC(=O)N1CCC(CC(=O)N2CCN(C3c4ccc(Cl)cc4CCc4cc(Br)cnc43)CC2)CC1
D13754,COc1ccc(C2CC(c3ccc(O)cc3O)=NN2C(C)=O)cc1
D13755,C[C@]1(c2cc(NC(=O)c3ccc(Cl)cn3)cnc2F)N=C(N)O[C@@H]2C[C@@H]21
D13756,COc1ccc2ncc(-c3cccc(NC4CCNCC4)n3)n2c1
D13757,Cc1c(-c2[nH]c3ccc(C4CCN(C(=O)CNCC5CCCCC5)CC4)cc3c2C(C)C)cn2ncnc2c1C
D13758,O=C(NC1CCCC1)Oc1cccc(C(=O)c2nc3ccccc3o2)c1
D13759,Cc1cccc(COc2ccc(-c3nn(CCC#N)c(=S)o3)cc2)c1
D13760,O=C(CCCCCCc1ccccc1)c1nnc(-c2ccco2)o1
D13761,CC[C@H](C)[C@H](NC(=S)Nc1cccc([N+](=O)[O-])c1)C(=O)N[C@H](Cc1ccccc1)C(=O)Nc1cccc(C(F)(F)F)c1
D13762,C[C@H](O)C(=O)N1CC[C@H](Oc2ccc(-c3ncnc(Nc4ccc(N5CCN(C6COC6)[C@@H](CO)C5)cc4)n3)cc2C#N)C(F)(F)C1
D13763,c1ccc2c(-c3cnn4cc(-c5ccc(C6CCNCC6)cc5)cnc34)ccnc2c1
D13764,CCCNc1nc(NCc2cn(C)cn2)nc(N2CCC[C@@H]2CNS(=O)(=O)c2ccc(CCC)cc2)n1
D13765,N#Cc1cnc2ccc(-c3c(-c4ccc(F)cc4)ncn3CCF)nn12
D13766,CC(C)N(C)[C@@H]1CC[C@H](N2CC[C@H](NC(=O)c3cc(F)cc(C(F)(F)F)c3)C2=O)[C@H](CS(=O)(=O)c2ccccc2)C1
D13767,O=C(NC1CCN(Cc2ccc3oc(=O)[nH]c3c2)CC1)c1cc(=O)c2ccc(F)cc2o1
D13768,Cc1ccc(-n2c(-c3ncccc3Cl)nc(CN[C@H]3CC[C@@H](F)C3)c2C)cn1
D13769,CC(=O)N1CCC[C@H]1C(=O)N[C@@H](CC(C)C)C(=O)N[C@@H](Cc1cncn1CCCCCCCCc1c(F)cccc1Oc1cccc(OCc2ccccc2)c1)C(=O)N[C@@H](CO)C(=O)N[C@H](C(N)=O)[C@@H](C)OP(=O)(O)O
D13770,CC1(C)OC(=O)C(OC2CCCCC2)=C1c1ccc(S(C)(=O)=O)cc1
D13771,CC(C)c1cc(C#N)cc2nc(-c3ccc(C(=O)NC[C@H]4CC[C@@H](c5ccc(C(C)(C)C)cc5)CC4)cc3)oc12
D13772,Cc1cc(C(F)F)cnc1C(=O)Nc1ccc(F)c([C@]2(C)CS(=O)(=O)C3(CCC3)C(N)=N2)c1
D13773,CC#CCOc1ccc(C(=O)Nc2ccc(F)c([C@]3(C)CS(=O)(=O)C(C)(C)C(N)=N3)c2)nc1
D13774,COCCN(CC1CCCN(C2Cc3ccccc3C2)C1)C(=O)c1ccc2ccccc2c1
D13775,COc1ccc(C(=O)/C(Cc2ccccc2)=C(\C(=O)[O-])c2cc(OC)c3c(c2)OCO3)cc1
D13776,O=C(O)C1=Cc2cc(OC(F)(F)F)ccc2OC1C(F)(F)F
D13777,Cc1cc(Cl)ccc1[C@H]1c2c(nn(CCO)c2C(C)C)C(=O)N1c1cccc(Cl)c1F
D13778,NC(N)=NCCC[C@H](NC(=O)CN1CCN(C(=O)Cc2ccccc2)CC1=O)C(=O)c1nccs1
D13779,Cc1ccc(/C=C/C(=O)N[C@@H]2CC[C@@]3(O)[C@H]4Cc5ccc(O)c6c5C3(CCN4CC3CC3)[C@H]2O6)cc1
D13780,Cc1ccc(-c2cc(=O)c3ccccc3o2)cc1
D13781,CCc1ccc(NC(=O)c2cnn3ccccc23)cc1
D13782,CC(C)[C@H](NC(=O)[C@H](CC(=O)O)NC(=O)[C@@H]1Cc2ccccc2CN1C(=O)[C@@H](C)NC(=O)[C@@H](N)Cc1ccc(O)cc1)C(=O)N[C@H](C(=O)NCC(N)=O)C(C)C
D13783,CCc1nc(-c2cccc(C)c2)c(-c2ccc3ncnn3c2)[nH]1
D13784,CC(C)C[C@@H](CSSc1ncccc1[N+](=O)[O-])NC(=O)[C@H](Cc1ccccc1)NC(=O)CNC(=O)[C@H](C)NC(=O)[C@@H](N)Cc1ccc(O)cc1
D13785,Cc1cc(C2CCN(C)CC2)cc2[nH]c(-c3c(NCCn4cc(Cl)cn4)cc[nH]c3=O)nc12
D13786,CS(=O)(=O)c1cccc(-c2ccc(C[C@@H](C#N)NC(=O)C3(N)CCOCC3)cc2)c1
D13787,C#CCOc1ccc(C(=O)Nc2ccc(F)c([C@@]3(C(F)F)N=C(N)O[C@@H]4C[C@@H]43)c2)nc1
D13788,CCN1CCOC(COc2cc3ncnc(Nc4ccc(Cl)c(Cl)c4)c3cc2OC)C1
D13789,Cc1c(O)c(O)c2c(c1C=O)[C@@H]1O[C@H](O2)c2c(C)c(O)c(O)c(O)c2C1=O
D13790,COc1cc(-c2ccc(C)c(F)c2)ccc1-c1nccc2cc(S(=O)(=O)Nc3ccncn3)ccc12
D13791,CCOc1cccc(Oc2c(C(=O)O)n(-c3ccc(C(C)(C)C)cc3)c3ccccc23)c1
D13792,CN[C@@H](C)C(=O)N[C@@H]1C(=O)N(Cc2c(OC(F)F)ccc3ccccc23)c2ccccc2N(C(=O)CS(C)(=O)=O)[C@H]1C
D13793,CN[C@@H](C)C(=O)N[C@H]1CN(C(=O)c2cccnc2)c2ccccc2N(Cc2c(OC)ccc3cc(Br)ccc23)C1=O
D13794,Cn1cncc1C#Cc1ccc2c(=O)c(-c3ccc(CN[SH](=O)=O)cc3)coc2c1
D13795,O=C(c1cccc(Cl)c1-n1nccn1)N1CCOC[C@H]1Cc1cccc(-n2nccn2)c1
D13796,Cc1ccc(C(=O)N2CCOC[C@H]2Cc2cccc(-n3nccn3)c2)c(-n2nccn2)c1C
D13797,Cc1oc([C@@H](Cc2cn(C)c3ccccc23)NC(=O)[C@H](CC(C)C)OC(=O)OC2CCCCC2)nc1C(=O)O
D13798,Cc1cc(Cl)cnc1C(=O)Nc1ccc(F)c([C@]2(C)CS(=O)(=O)C(C)(C)C(N)=N2)c1
D13799,CC1=C(C(=O)Nc2ccc3[nH]ncc3c2)C(c2ccc(F)c(C(=O)NCc3ccccc3)c2)NC(=O)N1
D13800,CCC(=O)c1cc(C2(c3cccc(-c4cncnc4)c3)N=C(N)N(C)C2=O)cs1
D13801,COc1ccc(-c2ccc(=O)n(Cc3ccccc3)n2)c2cc(C(C)C)nn12
D13802,Clc1ccc2c(c1Nc1ncnc3cccc(OC4CCNCC4)c13)OCO2
D13803,COc1ccc(OC)c(S(=O)(=O)N2CCC(N(C/C=C/c3cccc(C(=N)N)c3)C(=O)CC(=O)O)CC2)c1
D13804,N[C@@H](CCNCc1ccc2ccccc2c1)C(=O)N1CCCCC1
D13805,CCCS(=O)(=O)N1CCN(C2(CNC(=O)c3ccc(F)cc3C)CCCCC2)CC1
D13806,Cc1ccc(-c2cc(F)c(F)cc2-c2ccc(S(N)(=O)=O)cc2)cc1
D13807,CN1C(=O)c2[nH]c(Cc3ccccc3)nc2N2CC3(CCCC3)N=C12
D13808,C[C@@H](Oc1cc(-n2cnc3cc(-c4ccnc(N)n4)ccc32)sc1C(N)=O)c1ccccc1C(F)(F)F
D13809,COc1ccc2c(c1)CC(C(=O)Nc1ccc(-c3cn[nH]c3)cc1OCCN(C)C)CO2
D13810,Cc1c(CNCc2ccc(C(=O)Nc3cc(-c4ccccc4)ccc3N)cc2)cnn1C
D13811,Clc1ccc2ncnc(NCc3ccc4c(c3)OCO4)c2c1
D13812,CN(C)C(=O)c1cc2cnc(Nc3ccc(C(=O)N4C[C@@H]5C[C@H]4C[C@H]5O)cn3)nc2n1C1CCCC1
D13813,C[C@H]1C[C@H]2CSC(NC(=O)c3ccccc3)=N[C@@]2(c2nc(NC(=O)c3cnc(OC(F)F)cn3)cs2)CO1
D13814,N#Cc1cnc2c(Nc3cc(F)c(F)c([C@]4(CF)C[C@@H](C(F)(F)F)OC(N)=N4)c3)nccc2c1
D13815,CNC(=O)/C=C/c1cc(OC)cc(-c2ccc3cc(OC)ccc3c2)c1
D13816,Cn1c(=O)c2cc(CC(C#N)NC(=O)[C@H]3N[C@@H]4CC[C@H]3C4)ccc2c2ccc(C#N)cc21
D13817,Cn1c(-c2ccc(-c3cnccn3)cc2)nnc1C1(c2ccc(Cl)cc2)CCC1
D13818,Cc1cc(Nc2ccc(S(F)(F)(F)(F)F)cc2)n2nc(C3CC3)nc2n1
D13819,COc1cc(OC)cc(-c2cc(COC(C)(C)C(=O)O)nn2-c2cccc3cnn(C)c23)c1
D13820,CC(C)(NCc1cc([C@]2(C)CCSC(N)=N2)c(F)cc1F)C(F)(F)F
D13821,C[C@H](O)C(=O)N1CC[C@H](Oc2ccc(-c3ncnc(Nc4ccc(N5CCN(C6COC6)CC5)c(C(F)F)c4)n3)cc2C#N)[C@H](F)C1
D13822,COc1cc2c(Nc3ccc(Cl)c(Cl)c3)ncnc2cc1OCC1CN(CCCc2ccccc2)CCO1
D13823,CN[C@@H](C)C(=O)N[C@H]1CN(C(C)=O)c2cc(C#N)ccc2N(Cc2c(OC)ccc3c(C#N)cccc23)C1=O
D13824,CCNc1cc(C(=O)N[C@@H](Cc2ccccc2)[C@H](O)CNCc2cnn(CC)c2)c(F)c(N2CCCCS2(=O)=O)c1
D13825,N[C@@H]1CCCN(c2c(Br)cccc2C=C2SC(O)=NC2=O)C1
D13826,Nc1noc2cccc(C(=O)Nc3cccc(CNC(=O)Nc4ccc(F)cc4)c3)c12
D13827,CN(C)c1nccc2c1c1ncnc(N3CCN(CCc4ccc(F)c(F)c4)CC3)c1n2C
D13828,O=C(Cc1nc(N2CCOCC2)cc(=O)[nH]1)N1CCc2c(-c3ccccc3)cccc21
D13829,COC(=O)C12OCC34C(CC5C(C)=C(O)C(=O)CC5(C)C3C(O)C1O)OC(=O)C(OC(=O)C=C(C)C)C24
D13830,Cc1c(-c2ccc(C[C@@H](C#N)NC(=O)[C@H]3N[C@@H]4CC[C@H]3C4)c(F)c2)cnn1C
D13831,Nc1nc2sc(CCCCCCc3ccc(C(=O)N[C@@H](CCC(=O)O)C(=O)O)cc3)cc2c(=O)[nH]1
D13832,CCCCCCNC(=O)Nc1ccc(-c2ccnc3[nH]nc(C)c23)cc1
D13833,CCCCCNCC(P(=O)(O)O)P(=O)(O)O
D13834,N#CCc1ccc2cc(Br)c(C(F)(F)P(=O)(O)O)cc2c1
D13835,CC[C@H](C)[C@@H]1NC(=O)[C@@H](NC(=O)[C@H](CO)NC(=O)[C@@H](N)CCCNC(=N)N)CSSC[C@@H](C(=O)O)NC(=O)[C@H]([C@@H](C)O)NC(=O)CNC(=O)[C@@H]2CSSC[C@@H]3NC(=O)[C@H](CCC(N)=O)NC(=O)[C@H](Cc4ccccc4)NC(=O)[C@H](C)NC(=O)[C@H]([C@@H](C)O)NC(=O)[C@H](CSSC[C@H](NC(=O)[C@H](CCCCN)NC(=O)[C@H](CO)NC(=O)[C@H](CC(C)C)NC(=O)[C@H](CCCNC(=N)N)NC(=O)[C@H](Cc4ccc(O)cc4)NC(=O)[C@H](CCCCN)NC(=O)[C@H](CCSC)NC(=O)[C@H](CO)NC(=O)[C@H](Cc4cnc[nH]4)NC(=O)[C@H](CCCCN)NC3=O)C(=O)N[C@@H](CCCNC(=N)N)C(=O)N[C@@H](CCCCN)C(=O)N[C@@H]([C@@H](C)O)C(=O)N2)NC(=O)[C@H](CCCNC(=N)N)NC(=O)[C@H](CO)NC(=O)[C@H](CCCCN)NC(=O)[C@@H]2CCCN2C(=O)[C@H]([C@@H](C)CC)NC(=O)[C@H]([C@@H](C)O)NC(=O)[C@H](CC(=O)O)NC1=O
D13836,O=C1c2ccccc2-c2nnc(-c3ccc([N+](=O)[O-])cc3)cc21
D13837,COC[C@H](O)C(=O)N1CC[C@H](Oc2ccc(-c3ncnc(Nc4ccc(N5CCN(C6COC6)CC5)cc4)n3)cc2C#N)[C@H](F)C1
D13838,COc1cc(CNC(=O)[C@@H](CC2CCCCC2)NC(=N)NC(=O)Cc2ccc(OC)c(OC)c2)ccc1F
D13839,Cc1cc2ncnn2cc1-c1[nH]c2ccc(C3CCN(CCS(C)(=O)=O)CC3)cc2c1C(C)C
D13840,Cc1ccc(-n2nccn2)c(C(=O)N2CCOC[C@H]2Cc2cc(-c3ncon3)ccc2F)c1
D13841,CC(C)ON(CC(=O)NO)S(=O)(=O)c1ccc(Oc2ccccc2)cc1
D13842,CCOc1ccc(C2(c3cccc(-c4cccnc4F)c3)N=C(N)N3CCCN=C32)cc1OCC
D13843,Cc1nc(-c2nnc3n2CCN(C(=O)c2ccc(-c4ccccc4)cc2)[C@@H]3C)cs1
D13844,COc1cc(N2CCN(C(N)=O)CC2)ccc1Nc1ncc(Cl)c(-c2cnc3ccccn23)n1
D13845,N#C[C@@H]1CCCN1C(=O)[C@@H]([NH3+])CCC(=O)N1CCCCC1
D13846,COc1cnc(C(=O)Nc2cc(F)c(F)c([C@]3(C)C[C@@H](C(F)(F)F)OC(N)=N3)c2)c(C)c1
D13847,CC(c1ccncc1)N1[C@H]2CC[C@@H]1C[C@@H](Oc1cccc(C(N)=O)c1)C2
D13848,COc1cnc(C(=O)Nc2ccc3c(c2)[C@@]2(CCOC(N)=N2)c2cc(C4=CCCOC4)ncc2O3)cn1
D13849,CCOCCc1cc(-c2ccc(S(C)(=O)=O)cc2)n(-c2ccc(C(F)(F)F)cc2)c1C
D13850,CC#CC(C)(C)Oc1ccc(S(=O)(=O)CC2(C(=O)NO)CCN(S(=O)(=O)C(C)C)CC2)cc1
D13851,N#CSC[C@@H]1C[C@](O)(c2ccccc2)[C@@H](c2ccccc2)[C@H](c2ccc(F)cc2)O1
D13852,C=CC(=O)Nc1ccc(S(=O)(=O)N2CCN(c3cccc(C)n3)CC2)cc1
D13853,N#Cc1cccc2c1OCC(c1cncc(CNC(=O)C(F)(F)F)c1)O2
D13854,C[C@@H](CN1[C@H](C)Cc2c([nH]c3ccccc23)[C@H]1c1c(F)cnc(OCCNCCCF)c1Cl)C(=O)O
D13855,N#Cc1ccc(Cn2cncc2CN[C@H]2CCN(c3ccc(Cl)cc3)C2=O)cc1
D13856,Cc1c[nH]c(C(=O)N2CC[C@H](Oc3ccc(-c4ncnc(Nc5ccc(N6CCN(C7COC7)CC6)cc5)n4)cc3C#N)[C@H](F)C2)n1
D13857,O=C(O)C1Nc2c(C(=O)N3CCOCC3)cccc2C2C=CCC12
D13858,CC[C@H](N)C(=O)NC1C(=O)N(Cc2c(OC)ccc3cc(Br)ccc23)c2ccccc2OC12CCCOC2
D13859,COc1cc(OC)cc(-c2cc3cnc(NCCCN4CCN(C)CC4)cc3nc2N)c1
D13860,COc1ccccc1CN=Nc1nc2ccccc2nc1Cc1ccccc1
D13861,CC(=O)N1CCc2c(c(Nc3ccc(-c4cnn(C)c4)cc3S(C)(=O)=O)nn2C2CCOC2)C1
D13862,COc1cc2c3c(c1)C(=O)c1ccccc1C3=NCC2
D13863,Cn1cc(S(=O)(=O)N2CC3CCC(NC(=O)c4ccc(Cl)cc4Cl)C3C2)nn1
D13864,Cn1nc(-c2cnc3[nH]cc(C(=O)NC(C)(C)C)c3n2)c2ccc(Cl)cc21
D13865,CCS(=O)(=O)c1ccc2nc(-c3cccc(-c4ccccc4)c3Cl)[nH]c2c1
D13866,FC(F)(F)c1cccc(-c2ncccc2CC(c2cccnc2)c2cccnc2)c1
D13867,NC(=O)NCCC[C@@H](NS(=O)(=O)c1ccc(OCc2cc(Br)cc(Br)c2)cc1)C(=O)NO
D13868,C[C@@H]1CNc2c(sc3ccc4nc(-c5cncnc5)ccc4c23)C(=O)N1
D13869,CN1CCCc2c1nc(N1CCN(Cc3ncc(Cl)cn3)CC1)[nH]c2=O
D13870,CC[C@@H](Oc1cccc(-n2c(C)c(C(=O)c3ccc(OC)cc3)c3ccc(OC(F)(F)F)cc32)c1)C(=O)O
D13871,O=C1Nc2ccccc2/C1=C1/Nc2cc(Br)ccc2C1=O
D13872,NC1=N[C@@](c2cc(NC(=O)c3cnc(OCc4cnco4)cn3)ccc2F)(C(F)F)[C@H]2C[C@H]2O1
D13873,CC(Oc1cnc(/C(F)=C/c2ccc(F)c([C@@]3(C)N=C(N)S[C@@]4(C(=O)N(C)C)C[C@H]43)c2)cn1)c1ncco1
D13874,COc1ccccc1N1CCN(c2ncnc3n[nH]c(Br)c23)CC1
D13875,C[N+](C)(C)c1cccc(O)c1
D13876,C[C@@H](Oc1cc(-c2cnn(C3CCC(F)(F)C3)c2)cc2nn(C)c(F)c12)[C@H]1CNC(=O)C1
D13877,Nc1ccc(-c2ccccc2)cc1NC(=O)CCCCCCNC(=O)c1cccnc1
D13878,CS(=O)(=O)c1ccc(-n2nc(C(F)(F)F)cc2-c2ccc(-c3ccco3)c(Cl)c2)nc1
D13879,Cc1cc(Oc2cccc(CNC(=O)c3ccc(C(F)(F)F)cc3C(F)(F)F)c2)ccc1OC(C)(C)C(=O)O
D13880,COc1cccc([C@]2(O)CC[C@H](N3CC(NC(=O)CNC(=O)c4cccc(C(F)(F)F)c4)C3)CC2)n1
D13881,Cc1ccc(C[C@@H]2COCCN2C(=O)c2ccccc2-n2nccn2)cc1-c1ncccn1
D13882,C[C@H]1C[C@@H](O)CN1c1ccc(-c2ncnc(Nc3ccc(N4CCN(C5COC5)CC4)cc3)n2)cc1C#N
D13883,CC(C)COc1cccc(C=C2SC(O)=NC2=O)c1N1CCC[C@@H](N)C1
D13884,N#Cc1cc(-c2ncnc(Nc3ccc(N4CCN(C5COC5)CC4)cc3)n2)ccc1O[C@H]1CCN(C(=O)c2cccc(=O)[nH]2)C[C@H]1F
D13885,CC(C(=O)NO)c1ccccc1S(=O)(=O)c1ccc(-c2ccccc2)cc1
D13886,CN[C@@H](C)C(=O)N[C@H]1CN(C(=O)c2ccc(F)cc2)c2ccccc2N(Cc2c(OC)ccc3c(Br)cccc23)C1=O
D13887,Cc1nccn1CC(NC(=O)NC1CCN(Cc2ccn(-c3ccc(C(F)(F)F)cc3)c2)CC1)c1ccccc1
D13888,O=C(NO)c1ccc(NC2CCN(c3cccc(Cl)c3)C2=O)cc1
D13889,O=C1Nc2ccc(Oc3ccc(Cl)cc3)cc2C1=O
D13890,CCC(CC)C(=O)N1CCC(c2ccc3[nH]c(-c4cc(C)c5ncnn5c4)c(C(C)C)c3c2)CC1
D13891,CC(O)C1CCN(c2nccnc2Oc2ccc(Nc3nc4ccccc4s3)cc2)CC1
D13892,CC[C@@](C)(OCc1cc(-c2cccc(OC3CC3)c2)n(-c2ccccc2N2CCC2)n1)C(=O)O
D13893,Cc1cc(S(=O)(=O)Nc2cscn2)c(F)cc1N(C)[C@H]1CCN(Cc2csc(C3CC3)n2)C1
D13894,CCOc1ccc(Nc2ncc3c(n2)-c2cnccc2NC(=O)C3)cc1
D13895,CS(=O)(=O)c1ccc(-c2cc(C(=O)O)c3ccc4c(c3n2)CCCC4)cc1
D13896,NC(=O)c1cnc2ccc(-c3c(-c4ccc(F)cc4)ncn3CC(O)C(F)(F)F)cn12
D13897,CN[C@@H](C)C(=O)N[C@H]1CN(C(=O)C2CCOCC2)c2cc(C(F)(F)F)ccc2N(Cc2c(C3CC3)cnc3ccccc23)C1=O
D13898,N#C[C@@H]1CC[C@H](C#N)N1C(=O)CNC12CC3CC(CC1C3)C2
D13899,COc1ccc2c(Oc3ccc4c(C(=O)NC5CC5)cccc4c3)ccnc2c1
D13900,O=C1COC(c2ccc(/N=N/c3cccc(F)c3)cc2)=NN1
D13901,C[C@@H]1Cc2c(ccc3[nH]ncc23)[C@@H](c2ccc(NC3CN(CCCF)C3)cn2)N1CC1(F)CC1
D13902,N#Cc1ccccc1Cn1c(N2CCC[C@@H](N)C2)cc(=O)[nH]c1=O
D13903,CC1(C)OCC(N)=N[C@](C)(c2cc(N[C@@H]3CCc4cc(C#N)cnc43)ccc2F)C1(F)F
D13904,CC1CCCCN1C(=O)[C@@H](N)CCNCc1ccc(Cl)cc1
D13905,CC(=O)N[C@@H](C)CO[C@H]1CC[C@H](Oc2ccc(OC(C)C)nc2)CC1
D13906,C=CC(=O)Nc1ccc(S(=O)(=O)N2CCN(C(=O)N3CCCCC3)CC2)cc1
D13907,Cc1ccc(N2C(=O)c3ccccc3SC2c2ccc(S(C)(=O)=O)cc2)cc1
D13908,CC(C)(O)[C@]1(C(=O)NCc2cc(C(F)(F)F)cc(C(F)(F)F)c2)CC[C@@H](N2CCC(c3cccc(C(=O)O)c3)CC2)C1
D13909,CN[C@@H](C)C(=O)N[C@@H]1C(=O)N(Cc2c(OC)ccc3ccccc23)c2ccc(C#N)cc2N(C(=O)C2CCOCC2)[C@H]1C
D13910,C=C[C@@H]1C[C@]1(NC(=O)[C@@H]1C[C@@H](Oc2cc(-c3ccccc3)nc3ccccc23)CN1C(=O)[C@@H](NC(=O)[C@@H](NC(C)=O)C1CCCCC1)C(C)C)C(=O)O
D13911,COc1ccccc1C(=O)Nc1cc2c(cc1N1CCCCC1)n(C)c(=O)n2C
D13912,Cc1cc(Nc2nc(N[C@@H](C)c3ncc(F)cn3)c(C#N)nc2C)[nH]n1
D13913,COc1cccc(COc2ccc(S(=O)(=O)N3CC[C@H](O)C[C@@H]3C(=O)NO)cc2)c1
D13914,c1ccc(Cc2nc3ccccc3nc2N=NCc2ccc3c(c2)OCO3)cc1
D13915,C=CC(=O)Nc1ccccc1Nc1cc(N(CCOC)C(=O)Nc2c(Cl)c(OC)cc(OC)c2Cl)ncn1
D13916,CC(C)(OCc1cc(-c2cccc(OC3CC3)c2)n(-c2ccccc2Br)n1)C(=O)O
D13917,COc1cnc2c(Nc3cc(Cl)c(F)c([C@@]4(CF)N=C(N)O[C@@H]5C[C@@H]54)c3)nccc2n1
D13918,CN(C)C(=O)Oc1ccc[n+](C)c1
D13919,CNC(=O)[C@]12C[C@H]1[C@@](C)(c1cc(/C=C(\F)c3cnc(OCC(F)(F)C(F)F)cn3)ccc1F)N=C(N)S2
D13920,COc1cc(NC(=O)Nc2ccc(Oc3ccccc3)cc2)ccc1C(=O)NCCCN1CCCCC1
D13921,CNC(=O)[C@@H](C)Oc1cccc2ncnc(Nc3ccc(OCc4ccccn4)c(Cl)c3)c12
D13922,N#Cc1cc(-c2ncnc(Nc3ccc(N4CCN(C5COC5)CC4)cc3)n2)ccc1O[C@@H]1CCN(C(=O)CO)C[C@H]1F
D13923,N#CC1(NC(=O)[C@@H]2CCCC[C@H]2C(=O)N2CCN(c3nc4c(s3)COCC4)CC2)CC1
D13924,CS(=O)(Cc1cccc(Nc2ncc(F)c(-c3ccc(F)cc3OCc3ccccc3)n2)c1)=NC#N
D13925,CC1(C)C(N)=N[C@](C)(c2cc(Nc3nncc4cc(Br)cnc34)ccc2F)CS1(=O)=O
D13926,CC1([C@@H]2CC(=O)N(CCOc3ccc(F)c(C#N)c3)C2)CCS(=O)(=O)CC1
D13927,CCc1cccc2[nH]c(=O)c(O)cc12
D13928,Cc1ccc(-n2nc(C(C)(C)C)cc2NC(=O)Nc2ccc(OCc3ccnc(NC(=O)c4ccccc4)c3)c3ccccc23)cc1
D13929,C[C@]12CCCO[C@@H]1[C@]1(CSC(N)=N1)c1cc(-c3cccnc3F)ccc1O2
D13930,COc1ccc(-c2nnc(C(=O)N3CC(Oc4ccc(CN5CCN(C)CC5)c(F)c4)C3)o2)cc1
D13931,NS(=O)(=O)c1ccc(-n2cc(C(F)(F)F)nc2-c2ccc(F)cc2)cc1
D13932,COc1cnc(C(=O)Nc2ccc3c(c2)C2(CCSC(N)=N2)c2cc(-c4ccnc(F)c4)nc(F)c2O3)cn1
D13933,C/C=C1/NC(=O)[C@@H](CS)NC(=O)[C@@H](C(C)C)NC(=O)C[C@@H](/C=C/CCS)OC(=O)[C@H](C(C)C)NC1=O
D13934,CC(=O)N1N=C(c2ccccc2O)CC1c1ccc(Cl)cc1
D13935,CC(C)(C)OC(=O)N1CCC(n2ncc3c(N4CCOCC4)nc(-c4ccc(NC(=O)NC5CC5)cc4)nc32)CC1
D13936,Cn1cc(C2=C(c3cn(C4CCN(C(=O)OC(C)(C)C)CC4)c4ccccc34)C(=O)NC2=O)c2ccccc21
D13937,C[C@@H](CC(=O)N1CCc2ccccc2C1)NCC(=O)N1CCC[C@H]1C#N
D13938,Cc1csc2nc([C@H](C)NC(=O)/C=C/c3c(Cl)cccc3Cl)oc(=O)c12
D13939,CC[C@@]1(c2cccc(O)c2)CCCCN(CCCCCCCCCN2CCCC[C@@](CC)(c3cccc(O)c3)C2)C1
D13940,O=c1c(-c2ccc(O)c(O)c2)coc2cc(O)ccc12
D13941,O=C(Nc1ccccc1-c1nnn(-c2ccccc2)n1)c1ccccc1
D13942,O=C(NO)c1cccc(C(=O)N/N=C/c2ccccc2)c1
D13943,CC(C)(C)NS(=O)(=O)c1ccc(-c2cc3c(N)ncc(C(=O)NCCO)c3s2)cc1
D13944,CCNC(=O)N(C)Cc1ccc(CCNC(=O)c2ccc(-c3ccc(Cl)cc3)cc2F)cc1
D13945,COc1cc(N(Cc2cc(=O)[nH]c3c(F)c(F)ccc23)c2cccc(Cl)c2)ncn1
D13946,NCCCCCCCCOc1ccc(C(=O)N2CCC(N3C(=O)CCc4ccccc43)CC2)cc1
D13947,Nc1nccn2c1c(-c1ccc3ccc(-c4ccccc4)nc3c1)nc2[C@H]1C[C@@H](N2CCCC2)C1
D13948,CCCCCN(C)CCC(O)(P(=O)(O)O)P(=O)(O)O
D13949,Cc1cc2c(F)c(Oc3ncnn4cc(OCCCS(C)(=O)=O)c(C)c34)ccc2[nH]1
D13950,NC(=O)c1cnc(N[C@H]2CCCN[C@@H]2CCO)c2cc(-c3ccccc3)sc12
D13951,Cc1cc(-c2cc(F)c(F)cc2-c2ccc(S(C)(=O)=O)cc2)ccc1Cl
D13952,COc1cc(-c2cc(F)cc(F)c2)ccc1-c1nccc2cc(S(=O)(=O)Nc3ccncn3)ccc12
D13953,NS(=O)(=O)c1ccc(-c2cc3c(cc2Cc2ccccc2)OCO3)cc1
D13954,COc1cc(-c2ccc(F)c(F)c2)c(F)cc1-c1nccc2cc(S(=O)(=O)Nc3nncs3)ccc12
D13955,COc1cc(-c2cc3nn(C)cc3c(O[C@H](C)[C@H]3CNC(=O)C3)n2)ccc1OC1CCOCC1
D13956,Cn1ncc2cc(-c3cc(COC(C)(C)C(=O)O)nn3Cc3ccccc3Cl)ccc21
D13957,C#CCOc1cnc(C(=O)Nc2ccc(Cl)c([C@]3(C(F)F)N=C(N)O[C@H]4C[C@H]43)c2)cn1
D13958,C[C@@H]1C(=O)NN=C2COc3cc(C(F)(F)F)c(NC4(C)CNC4)cc3N21
D13959,O=C(OCC(COC(=O)c1cc(O)c(O)c(O)c1)OC(=O)c1cc(O)c(O)c(O)c1)c1cc(O)c(O)c(O)c1
D13960,C#CCOc1cnc(C(=O)Nc2cc(F)c(Cl)c([C@]3(CF)N=C(N)O[C@H]4C[C@H]43)c2)cn1
D13961,CC(C1CC1)n1cnc(-c2ccc(F)cc2)c1-c1ccc2ncc(C#N)n2c1
D13962,C#CCOc1cnc(/C(F)=C/c2ccc(F)c([C@@]3(C)N=C(N)S[C@@]4(S(C)(=O)=O)C[C@@H]34)c2)cn1
D13963,COCCN(CCOC)CC(=O)N1CCC(c2ccc3[nH]c(-c4cn5ncnc5c(C)c4C)c(C(C)C)c3c2)CC1
D13964,Cc1cc(NC(=O)c2ncc(Cl)cc2F)cc([C@@]2(C(F)F)N=C(N)O[C@@H]3C[C@@H]32)c1F
D13965,Cc1cc(OCc2ccc(F)cc2)cc(C)c1CC(N)C(=O)N[C@H](C)C(=O)NCCCc1ccccc1
D13966,Cc1ccccc1NC(=O)Oc1ccc2c(c1)[C@@]1(C)CCOC1O2
D13967,CC(=O)NCC(NC(=O)C1(N)CCN(c2ncnc3[nH]ccc23)CC1)c1ccc(Cl)cc1
D13968,CCN(CCCc1ccc(F)cc1)CC1OC(=O)N(C)CC1(C)NC(=O)Nc1cccc(-c2nnnn2C)c1
D13969,CCSC[C@@H]1C[C@](O)(c2ccccc2)[C@@H](c2ccccc2)[C@H](c2ccccc2)O1
D13970,C[C@@H](c1ccc(-c2cccc(-c3nc(=O)o[nH]3)c2)cc1)[C@H]([NH3+])C(=O)N1CC[C@H](F)C1
D13971,O=P(O)(O)C(=NC1CCCCCC1)[PH](O)(O)O
D13972,Cc1ccc(C(=O)c2c(-c3ccccc3)n(C)n(-c3ccccc3)c2=O)c(N)c1-c1ccc2nc(C(F)(F)F)sc2c1
D13973,N#Cc1ccc(Cn2cncc2CN[C@H]2CCN(Cc3ccccc3)C2=O)cc1
D13974,N#Cc1ccc(-c2ccc(CCC(O)CC(=O)O)cc2)cc1
D13975,NC1=N[C@@]2(c3ccc(F)cc3F)CO[C@@H](CF)C[C@H]2CS1
D13976,CN1C2CC[C@@H]1C[C@H](c1ccc(Cl)cc1)C2C(=O)N1CCCC1
D13977,O=C(Cc1cc[n+]([O-])cc1)N1CCN(C2c3ccc(Cl)cc3CCc3cc(Br)cnc32)CC1
D13978,O=C(O)/C(O)=C/C(=O)c1cc(-c2ccccc2)cn1Cc1ccc(F)cc1
D13979,CNC(=O)c1cc2cnc(Nc3ccc(N4C[C@H]5CC[C@@H](CC4=O)N5C)cn3)nc2n1C1CCCC1
D13980,NC(=O)c1cccc2c(NCc3cccc(F)c3F)ncnc12
D13981,CN(C)C(=O)c1cc2cnc(Nc3ccc(N4CCC5(CCCN5)C4=O)cn3)nc2n1C1CCCC1
D13982,Cc1n[nH]c(C)c1C(=O)N1CC[C@H](Oc2ccc(-c3ncnc(Nc4ccc(N5CCN(C6COC6)CC5)cc4)n3)cc2C#N)[C@H](F)C1
D13983,COc1cc(Cc2cncc(C(=O)NCc3ccc4c(N)nccc4c3)c2)ccc1Cn1cc(C)cn1
D13984,C[C@@]1(c2cc(NC(=O)c3ccc(Cl)cn3)ccc2F)CC2(CCC(F)(F)CC2)OC(N)=N1
D13985,N#Cc1ccc(-c2ccc(OCCN(O)C=O)cc2)cc1
D13986,Cl.Cn1cc(-c2cc(C(=O)N[C@@H]3CCc4ccc(Oc5ccnc6c5CCC(=O)N6)cc4C3)cc(C(F)(F)F)c2)cn1
D13987,CCOc1cc2nccc(Oc3cnc(CC(=O)Nc4[nH]nc(CC)c4C)c(OC)c3)c2cc1OC
D13988,C[C@H]1[C@H](/C=C/c2ccc(-c3cccc(F)c3)cn2)[C@@H]2[C@@H](C)OC(=O)[C@]2(CC(N)=O)CC1(F)F
D13989,CC(C)Oc1ccc([C@]2(O)CC[C@H](N3CC(NC(=O)CNC(=O)c4cccc(C(F)(F)F)c4)C3)CC2)cn1
D13990,FC(F)(F)c1ccc(C(F)(F)CN2CCC(Nc3ncnc4[nH]ncc34)CC2)nc1
D13991,COc1cc2c(cc1OC)C(=O)/C(=C/c1cccc(CN3CCCCC3)c1)O2
D13992,Cc1cc(Cl)cnc1C(=O)Nc1ccc2c(c1)C1(CCSC(N)=N1)c1cc(C3=CCOCC3)nc(F)c1O2
D13993,CN(C(=O)C1CCCCC1)c1ccc2c(c1)nc(NC(=O)c1ccc(Cl)cc1)n2CCC(N)=O
D13994,CCCS(=O)(=O)N1CCC(CNC(=O)c2ccccc2)(c2cccc(C)n2)CC1
D13995,COc1ccc(CNC(=O)c2cc(C3NC(=O)NC(C)=C3C(=O)Nc3ccc4[nH]ncc4c3)ccc2F)cc1
D13996,Cc1ccccc1-n1c(Cn2nc(-c3cccc4[nH]ccc34)c3c(N)cccc32)nc2cccc(C)c2c1=O
D13997,N#Cc1ccccc1Cn1c(N2CCC[C@@H](N)C2)nc2c(Cl)cccc2c1=O
D13998,Cc1cc(Nc2cncc(N[C@@H](C)c3ccc(F)cn3)n2)[nH]n1
D13999,CCN(CCCCCC=Nc1cc(O)c(OC)cc1O)Cc1ccccc1OC
D14000,CC[C@H]1COCCN1C(=O)[C@]12C[C@H]1[C@@](C)(c1cc(/C=C(\F)c3ccc(C#N)cn3)ccc1F)N=C(N)S2
D14001,CC(C)c1c2c(nn1Cc1ncc[nH]1)C(=O)N(c1cccc(Cl)c1F)C2c1ccc(Cl)cc1
D14002,COc1cc(-c2cccc(C)c2)ccc1-c1nccc2cc(S(=O)(=O)Nc3ccncn3)ccc12
D14003,O=C(Nc1cccnc1)c1ccc(F)cc1
D14004,COC[C@@H](O)COc1cn2ncnc(Oc3ccc4[nH]c(C)cc4c3F)c2c1C
D14005,Cn1nc(-c2ccc(C(F)(F)F)cc2)nc2c(=O)n(C)c(=O)nc1-2
D14006,CN1CCC(CC(=O)N2CCN([C@H]3c4ccc(Cl)cc4CCc4cc(Br)cnc43)CC2)CC1
D14007,O=C(NOC[C@H](O)CO)c1ccc(F)c(F)c1Nc1ccc(I)cc1F
D14008,O=C(CCCCCCc1ccccc1)c1ncon1
D14009,CCCn1ncc2ccc(-c3cc(CO[C@](C)(CC)C(=O)O)nn3-c3ccccc3N3CCC3)cc21
D14010,C[C@@]1(c2cc(NC(=O)c3ccc(Br)cn3)cc(F)c2F)C[C@@H](C(F)(F)F)OC(N)=N1
D14011,COc1cc(CCC(N[C@@H](Cc2ccc3c(c2)oc2ccccc23)C(=O)O)P(=O)(O)O)cc(OC)c1OC
D14012,CC1(C)C(N)=N[C@](C)(c2cc(Nc3ncc(Cl)c4cc(Cl)cnc34)ccc2F)CS1(=O)=O
D14013,O=C(Nc1ccc(Cl)cc1Cl)c1ccc2ccccc2c1
D14014,O=C(NCc1nc(-c2ccc(Br)cc2)c[nH]1)Nc1ncc(Sc2ccccn2)s1
D14015,C/C=C/CC(C)C(O)C1C(=O)NC(CC)C(=O)N(C)C(C)C(=O)N(CC)C(C(C)C)C(=O)NC(C(C)C)C(=O)N(C)C(CC(C)C)C(=O)NC(C)C(=O)NC(C)C(=O)N(C)C(CC(C)C)C(=O)N(C)C(CC(C)C)C(=O)N(C)C(C(C)C)C(=O)N1C
D14016,CC(=O)NNc1nc2ccccc2nc1Cc1ccccc1
D14017,N[C@H]1CC[C@](CCOc2cc(F)c(S(=O)(=O)Nc3ncns3)cc2F)(c2ccc(Cl)cc2)CC1
D14018,COc1cnc2c(Nc3ccc(F)c([C@@]4(C)N=C(N)C5(CC5)S(=O)(=O)[C@H]4F)c3)nccc2n1
D14019,Cc1cc(-c2cnn3c(NCC4CCOCC4)nc(NC4CCCC4)nc23)ccc1C(=O)NC1CC1
D14020,O=C(/C=C/c1ccc(CN2CCCC(c3c(-c4ccccc4)[nH]c4ccccc34)C2)cc1)NO
D14021,Cc1cccc(-n2sc(=O)n(Cc3ccccc3)c2=O)c1
D14022,CC(=O)N1CCN(CCC[C@@]2(c3ccccc3)CC(c3cc(F)ccc3F)=NN2C(C)=O)CC1
D14023,CCCS(=O)(=O)N1CCC(CNC(=O)c2ccc(F)cc2C(F)(F)F)(C(=O)N2CCOCC2)CC1
D14024,Cc1cc2c(c(C)c1Cl)C=C(C(=O)O)[C@@H](C(F)(F)F)O2
D14025,Cc1cccc(C)c1[C@@H]1OC[C@]2(C)[C@H](CC[C@]3(C)[C@H]4[C@@H](O)c5c(cc(-c6cccnc6)oc5=O)O[C@]4(C)[C@@H](OC(=O)c4ccc(C#N)cc4)C[C@H]32)O1
D14026,CC(C)c1c(-c2cc(C(C)(C)O)c3ncnn3c2)[nH]c2ccc(C3CCN(CCC#N)CC3)cc12
D14027,C[C@@]1(c2cc(NC(=O)c3ncc(C#N)cc3Cl)cnc2F)C[C@@H](C(F)(F)F)OC(N)=N1
D14028,Cc1cc(Cl)cnc1C(=O)Nc1ccc(Cl)c([C@@]2(CF)N=C(N)O[C@@H]3C[C@@H]32)c1
D14029,OCCn1nnc(-c2ccc(OCc3ccccc3)cc2)n1
D14030,CCOc1ccc(CC2CCC(CC(=O)NO)CC2)cc1-c1nc2c(CC)nn(C)c2c(=O)[nH]1
D14031,CC(=O)NC(C)C#Cc1cnc(Oc2cccc(OCC(C)C)c2C)s1
D14032,CO[C@H]1CC[C@H](Nc2ccc3ncc(-c4cccc(OC(F)(F)F)c4)n3n2)CC1
D14033,Fc1ccc2cc(CO[C@@H]3CCNC3)ccc2c1
D14034,CC(C)OC(=O)NCc1cnc2ccc(-c3c(-c4ccc(F)cc4)ncn3CC(F)F)nn12
D14035,CCOc1nn(C)cc1Nc1ncc(Cl)c(-c2c[nH]c3c(NC(=O)[C@@H](C)N4CCN(C)CC4)cccc23)n1
D14036,NC(=O)c1cnc2ccc(-c3c(-c4ccc(F)cc4)nc4n3CCNC4)cn12
D14037,O=C(c1ccc(OCC(F)(F)F)nc1)N1CC[C@@](O)(c2ccccc2)[C@@H]2CCCC[C@@H]21
D14038,CC(C)(C)c1nc2nc(-c3ccccc3Cl)c(-c3ccc(C#N)cc3)cc2c2n[nH]c(=O)n12
D14039,Cc1ccc(C(=O)N2CCO[C@@H](C)[C@H]2Cc2cccc(-n3nccn3)c2)c(-n2nccn2)c1
D14040,C[C@@H](c1ccc(-c2cc[nH]c(=O)c2)cc1)N1CC[C@](CCCO)(c2ccccc2)OC1=O
D14041,CCn1ncc2ccc(-c3cc(COC(C)(C)C(=O)O)nn3-c3cccc4cnn(C)c34)cc21
D14042,Cc1nn(C2CCNCC2)cc1Nc1ncc(Cl)c(-c2cnc3ccccn23)n1
D14043,CN(C[C@@H](Nc1ncnc2c1=CCCC=2C(N)=O)c1ccccc1)C1CC1
D14044,CC(c1ccc(-n2cncn2)cc1)N1C[C@H](N)[C@H](C(=O)C2CCC[C@H]2C#N)C1
D14045,COc1cnc(COc2cc(F)c(F)cc2C)cc1-c1cc2c([nH]1)CCNC2=O
D14046,O=C(NO)[C@@H]1[C@H](c2ccccc2)[C@H]1c1ccnc(C2CC2)c1
D14047,COC(=O)Nc1ccc(-c2[nH]c([C@@H]3C[C@H](C4CCN(S(C)(=O)=O)CC4)CN3C(=O)[C@H]3CC[C@H](CN)CC3)nc2Cl)cc1
D14048,CN(C)C(=O)n1nnc(Cc2ccc(-c3cccc(C(N)=O)c3)cc2)n1
D14049,O=C(CCc1noc2c1ccc1cc(O)ccc12)NC1=C(C(=O)O)CCCC1
D14050,CC1=C[C@H]2Cc3[nH]c(=O)ccc3[C@@]3(C1)[C@@H]2CCCN3C(=O)CCN(C)CCCCCCCCN(C)CCC(=O)N1CCC[C@@H]2[C@H]3C=C(C)C[C@]21c1ccc(=O)[nH]c1C3
D14051,CN[C@@H](C)C(=O)N[C@H]1CN(C(=O)CCCN)c2ccccc2N(Cc2c(OC)ccc3cc(C(=O)O)ccc23)C1=O
D14052,C[C@@H](c1ccccc1)N1CCC(Oc2ccc(S(=O)(=O)Nc3ncns3)cc2Cl)CC1
D14053,O=P(O)(O)C(F)(F)c1ccc(CC(Cc2ccc(C(F)(F)P(=O)(O)O)c(Br)c2)(c2ccccc2)n2nnc3ccccc32)cc1
D14054,COc1ccc(NC(=O)[C@@H](C)Nc2nc3c(cnn3-c3ccccc3Cl)c(=O)[nH]2)cc1
D14055,C[C@@H]1Cc2c([nH]c3ccccc23)[C@@H](c2nccc(OCCNCCCF)c2F)N1CC1(F)COC1
D14056,COCCOc1cc(Cc2cnc(N)nc2N)cc2c1NCCC2
D14057,CN[C@@H](C)C(=O)N[C@@H]1C(=O)N(Cc2nn(-c3ccccc3C#N)c3ccccc23)c2ccc(C#N)cc2N(C(=O)c2ccc(C#N)cc2)[C@H]1C
D14058,Nc1nccn2c1c(-c1ccc3ccc(-c4ccccc4)nc3c1)nc2[C@H]1C[C@@H](CN2CCOCC2)C1
D14059,O=C(C1CCN(c2cc(C(F)(F)F)ncn2)CC1)N1CC[C@H](N[C@H]2CC[C@@](O)(c3ccc(-c4ncccn4)cn3)CC2)C1
D14060,CC(C)(C)c1cc(NC(=O)Nc2ccc(OCCN3CCOCC3)c3ccccc23)n(-c2cccc(N)c2)n1
D14061,O=C(NCCO)c1ccc(-c2cc(C(F)(F)F)cc3[nH]ncc23)c(F)c1
D14062,COc1cc(Nc2ncc3c(n2)CCN(C(=O)c2cccnc2)C3)cc(OC)c1OC
D14063,O=C(Nc1ccc(F)c(Cl)c1)N1CCN(C[C@@H]2CCCN(C3CC3)C2)CC1
D14064,COC(=O)[C@@H]1C[C@@H](OS(=O)(=O)c2ccc(C)cc2)CN1S(=O)(=O)c1ccc(C)cc1
D14065,O=C(c1ccc(C2CC2)nc1)N1CC[C@@](O)(c2ccccc2)[C@@H]2CCCC[C@@H]21
D14066,O=c1cc(-c2ccccc2)oc2cc(N3CCOCC3)cc(O)c12
D14067,CCc1c(CN[C@H]2CC[C@@H](F)C2)nc(-c2ncccc2Cl)n1-c1ccc(C)nc1
D14068,CC(C)(Oc1ccccc1Cl)C(=O)N[C@H]1C2CC3CC1C[C@](S(N)(=O)=O)(C3)C2
D14069,Cc1c2c(O[C@H](C)[C@H]3CNC(=O)C3)nc(-c3c[nH]nc3C(C)(C)C)cc2nn1C
D14070,CC#CCOc1cnc(C(=O)Nc2ccc3c(c2)C2(CCOC(N)=N2)c2cc(Cl)nc(F)c2O3)cn1
D14071,OC[C@H]1CC[C@H](Nc2ccc3ncc(-c4cccc(OC(F)(F)F)c4)n3n2)CC1
D14072,COc1cc(C(C)C#Cc2c(C)nc(N)nc2N)ccc1-c1ccccc1
D14073,CN(C)[C@@H]1CCN(C(=O)[C@]23C[C@H]2[C@@](C)(c2cc(/C=C(\F)c4ccc(C#N)cn4)ccc2F)N=C(N)S3)C1
D14074,O=C(N[C@@H](CC1CCCCC1)C(O)C(F)(F)C(=O)NCCN1CCOCC1)[C@H](Cc1cnc[nH]1)NC(=O)[C@H](Cc1ccccc1)NS(=O)(=O)N1CCOCC1
D14075,C[C@H]1[C@H](/C=C/c2ccc(-c3cccc(F)c3)cn2)[C@@H]2[C@@H](C)OC(=O)[C@]2(c2n[nH]c(=O)o2)CC1(F)F
D14076,CCC(=O)Oc1ccc(C)c([N+](C)(C)C)c1
D14077,Cc1cc(C#N)cnc1C(=O)Nc1ccc(Cl)c([C@@]2(C(F)F)N=C(N)O[C@@H]3C[C@@H]32)c1
D14078,O=C(CN(C(=O)c1ccc(-c2ccccn2)cc1)C1CCCCC1)Nc1cc(F)cc(F)c1
D14079,Cc1ccc(-n2nccn2)cc1C[C@@H]1COCCN1C(=O)c1cccc(C)c1-n1nccn1
D14080,COc1ccc(-n2nccn2)c(C(=O)N2CCOC[C@H]2Cc2cccc(-n3nccn3)c2)c1F
D14081,Cn1c2ccnc(NCc3ccccn3)c2c2ncnc(N3CCN(CCc4ccc(F)c(F)c4)CC3)c21
D14082,COc1cnc(C(=O)Nc2ccc(F)c([C@]3(CF)C[C@@H](C(F)(F)F)OC(N)=N3)c2)c(C)n1
D14083,NC1=N[C@@](c2cc(NC(=O)c3cnc(OCc4cscn4)cn3)ccc2F)(C(F)F)[C@H]2C[C@H]2O1
D14084,CC(C)C[C@H](S)C(=O)N1CCC[C@H]1C(=O)N1CCC[C@H]1C(=O)N1CCC[C@@H]1C(=O)O
D14085,CN1C(=O)C(NC(=O)c2cc3ccccc3n2C)N=C(c2ccccc2)c2ccccc21
D14086,CCCCNC(=O)[C@@H](C[C@H](O)[C@H](CC1CCCCC1)NC(=O)[C@H](Cc1cnc[nH]1)NC(=O)[C@H](Cc1ccccc1)CS(=O)(=O)C(C)(C)C)C(C)C
D14087,CCCS(=O)(=O)N1CCC(CNC(=O)c2ccccc2C)(c2ccccn2)CC1
D14088,COc1cccc(CCC(N[C@@H](Cc2ccc3c(c2)oc2ccccc23)C(=O)O)P(=O)(O)O)c1OC
D14089,CCC(=O)CCCCC[C@@H]1NC(=O)C2CCCCN2C(=O)[C@H](C(C)CC)NC(=O)[C@H](Cc2cn(OC)c3ccccc23)NC1=O
D14090,NCCCCC(N[C@@H](Cc1ccc2c(c1)oc1ccccc12)C(=O)O)P(=O)(O)O
D14091,CC(C)(CC(O)(Cc1cc2cc(S(C)(=O)=O)ncc2[nH]1)C(F)(F)F)c1ccccc1S(C)(=O)=O
D14092,C[C@@H]1Cc2c(ccc3[nH]ncc23)[C@@H](c2ccc(OC3CN(CCCF)C3)cn2)N1CC(F)(F)CO
D14093,CC1([C@@H]2CC(=O)N(CCOc3ccc(F)c(F)c3)C2)CCS(=O)(=O)CC1
D14094,Cc1ccc([C@]2(O)CC[C@H](N3CC(NC(=O)CNC(=O)c4cccc(C(F)(F)F)c4)C3)CC2)cn1
D14095,COc1cc(C(=O)N2CCC[C@@H](N)C2)cc2nc(-c3cc4ccccc4n3CC(F)(F)F)n(C)c12
D14096,CC1CNc2c(cccc2S(=O)(=O)N[C@@H](CCCNC(=N)N)C(=O)N2CC[C@@H](C)C[C@@H]2C(=O)O)C1
D14097,O=c1[nH]c2cc(-c3ccccc3)ccc2c2nc(-c3c(Cl)cccc3C(F)(F)F)[nH]c12
D14098,COc1ccc2c3c1O[C@H]1C[C@@H](O)C=C[C@@]31CCN(CCCCOc1ccc(CN3CCCCC3)cc1)C2
D14099,C[C@@]1(c2cc(NC(=O)c3ncc(Cl)cc3F)cc(F)c2F)C[C@@H](C(F)(F)F)OC(N)=N1
D14100,CS(=O)(=O)c1ccc(-n2cc(CSc3ccc(Cl)cc3)nc2-c2ccc(Cl)cc2)cc1
D14101,COc1ccc(-c2cccc(C(F)(F)F)c2)cc1-c1nccc2cc(S(=O)(=O)Nc3ccncn3)ccc12
D14102,O=C1NC(=O)C(=Cc2ccc(-c3cccc(Br)c3)o2)S1
D14103,N#Cc1cc(-c2ncnc(Nc3ccc(N4CCOCC4)cc3)n2)ccc1O[C@@H]1CCNC1
D14104,CCn1ncc2cccc(-n3nc(COC(C)(C)C(=O)O)cc3-c3cccc(OCC(C)(C)C)c3)c21
D14105,NC/C=C(/F)COc1ccc(C(=O)NC2CCCC2)cc1
D14106,CC[C@H](NC(=O)[C@@H]1C[C@@H](S(=O)(=O)c2ccc(Cl)cc2C)CN1C(=O)OC(C)(C)C)C(=O)C(=O)NC1CC1
D14107,Cc1ccccc1[C@H](CC(=O)O)NC(=O)c1cc(OCC2CC2)n(-c2ccccc2F)n1
D14108,CN1CCCC1CCNc1nc2cc(N=C(N)c3cccs3)ccc2s1
D14109,CC(C)(C)c1ccc(Cc2cc([C@@H]3S[C@H](CO)[C@@H](O)[C@H](O)[C@H]3O)ccc2Cl)cc1
D14110,C[N+]1(C)CCO[C@@](O)(c2ccc(N)cc2)C1
D14111,N#Cc1c(N)ncnc1N1CCC[C@H]1c1nc2cccc(C#CCCCC(=O)N3CCOCC3)c2c(=O)n1-c1ccccc1
D14112,Cc1nc(-c2ccc(C)s2)c(-c2ccc(S(N)(=O)=O)c(F)c2)o1
D14113,COc1ccc(-c2ccc(OCCN(C)CC(=O)O)c(C(=O)c3cccs3)c2)cc1
D14114,Cc1cc(Cl)ccc1C1c2c(nn(CC(=O)N3CCC(O)CC3)c2C(C)C)C(=O)N1c1cc(Cl)ccc1C
D14115,N#Cc1ccc(Cn2cncc2CN[C@@H]2CCN(Cc3ccccc3)C2=O)cc1
D14116,Cn1cnc(-c2ccc(F)c(Cl)c2)c1-c1ccc2ncc(C#N)n2c1
D14117,Cc1cc(N2C(=O)c3c(C4CC4)nn(C)c3[C@H]2c2ccc(Cl)cc2)nn2c(C)nnc12
D14118,CN(C)C(=O)c1ccc(S(=O)(=O)c2ccc(NC(=O)[C@@](C)(O)C(F)(F)F)c(Cl)c2)cc1
D14119,C#Cc1ccc2c(c1)C=C(C(=O)O)C(C(F)(F)F)O2
D14120,CCCCCN(CCCCC)C(=O)N1CCN(C(=O)N(c2ccccc2)c2ccccc2)CC1
D14121,N#Cc1ccc(Cn2cncc2CN[C@H]2CCN(Cc3ccccc3Cl)C2=O)cc1
D14122,COc1cc2c3c(nccc3c1)-c1ccccc1C2=O
D14123,Cc1cccc(Nc2nccc(-c3ccnc(N4CCOCC4)c3)n2)c1
D14124,CN[C@@H](C)C(=O)N[C@H]1CN(C(=O)CCNC(=O)OCC2c3ccccc3-c3ccccc32)c2ccccc2N(Cc2c(OC)ccc3cc(C(=O)OC)ccc23)C1=O
D14125,[C-]#[N+]c1cnc2c(Nc3ccc(F)c([C@]4(CF)C[C@@H](C(F)(F)F)OC(N)=N4)c3)ncnc2c1
D14126,CCCCNC(=O)[C@H](C)C[C@H](O)[C@@H](N)CC(C)(C)CC(=O)N1C[C@@H](C(=O)OC)Cc2ccccc21
D14127,N=C(N)N1CCC[C@@H](C[C@@H](C=O)NC(=O)CN2CCC[C@H](NS(=O)(=O)Cc3ccccc3)C2=O)C1
D14128,NC(=O)c1cncc(OCc2cccc(NC(=O)c3ccc(-c4nccs4)cc3)c2)c1
D14129,CN1CCC(NC(=O)N2CCN(C3c4ccc(Cl)cc4CCc4cc(Br)cnc43)CC2)CC1
D14130,O=C(O)C1CN(Cc2ccc(-c3noc(-c4ccc(CCC(F)(F)F)cc4)n3)cc2)C1
D14131,CS(=O)(=O)c1ccc(-n2nc(C(F)(F)F)cc2-c2ccc(-c3ccco3)c(F)c2)nc1
D14132,NC(=O)[C@]12CC3CC(C1)[C@@H](NC(=O)C(C1CC1)N1CCN(c4ccc(C(F)(F)F)cn4)CC1)C(C3)C2
D14133,CC(C)c1cnc(-c2cc(Cl)ccc2F)cc1Nc1ncncc1C(=O)NC[C@H](C)O
D14134,O=C(c1cccc(Cl)c1-n1nccn1)N1CCOC[C@H]1Cc1cc(-c2ncon2)ccc1F
D14135,CC(C)[C@H](NC(=O)OCc1ccccc1)C(=O)N[C@@H](C)C(=O)N[C@H]1CC(=O)OC1O
D14136,COc1ccccc1-n1nc2c(c1C(C)C)C(c1ccc(Cl)cn1)N(c1ccc(F)c(Cl)c1)C2=O
D14137,CS(=O)(=O)c1ccc(-c2sc(-c3ccccc3Cl)nc2-c2ccc(F)cc2)cc1
D14138,Cn1nc(NCC(=O)NC2CN([C@H]3CC[C@@H](c4cccnc4)CC3)C2)c2cc(C(F)(F)F)ccc21
D14139,CC(=O)N1CCc2c(c(Nc3c(F)ccc(-c4cnn(C)c4)c3F)nn2C)C1
D14140,Cn1c(=O)cc(N2CCC[C@@H](N)C2)n(Cc2ccccc2Br)c1=O
D14141,COc1ccccc1-n1nc(COC(C)(C)C(=O)O)cc1-c1cccc(OCC(C)C)c1
D14142,FC(F)(F)c1cc(CO[C@@H]2CCCN[C@@H]2c2ccccc2)cc(C(F)(F)F)c1
D14143,CC1(c2cc(NC(=O)c3ccc(Cl)cn3)ccc2F)CC2(CCOCC2)OC(N)=N1
D14144,NC(=O)Cc1cc(=O)oc2cc(OCc3cccc(F)c3)ccc12
D14145,C[C@H](N)C(=O)N1CC[C@H](Oc2ccc(-c3ncnc(Nc4ccc(N5CCN(C6COC6)CC5)cc4)n3)cc2C#N)[C@H](F)C1
D14146,Cc1c(CCOCCCF)cc(-c2ccc(S(C)(=O)=O)cc2)n1-c1ccc(F)cc1
D14147,COc1cc2c(Nc3ccc(Cl)c(Cl)c3)ncnc2cc1OCCN1CCCCC1
D14148,CSc1nc(-c2ccc(C)cc2)nn1C(=O)N1CCOCC1
D14149,NC1=N[C@@](c2cc(NC(=O)c3cnc(OCC4CCCC4)cn3)ccc2F)(C(F)F)[C@H]2C[C@H]2O1
D14150,Cc1ncc(C)c(C(=O)N2CCC([C@H](N)Cc3cc(F)c(F)cc3F)CC2)n1
D14151,CC(C)(CO)NCC(=O)N1CCC[C@H]1C(=O)c1nnc(C(C)(C)C)o1
D14152,Cc1ccc(-c2cc(C(F)F)nn2-c2ccc(S(N)(=O)=O)cc2)cc1
D14153,COc1cc(-c2ccc(C)c(Cl)c2)ccc1-c1nccc2cc(S(=O)(=O)Nc3ccncn3)ccc12
D14154,CCC(=C(c1ccc(O)cc1)c1ccc(O)cc1)c1ccccc1
D14155,NC(=O)c1cncc(OCc2cccc(NC(=O)c3cccc(F)c3)c2)c1
D14156,CC(=O)N(C)C1CCC([C@H](C)[C@H](N)C(=O)N2CC[C@H](F)C2)CC1
D14157,COCc1cc(Cl)cnc1C(=O)Nc1cc(F)c(F)c([C@]2(C)C[C@@H](C(F)(F)F)OC(N)=N2)c1
D14158,O=C1N=C(O)SC1=Cc1ccc(F)cc1
D14159,CN(Cc1ccccc1)C(=O)[C@H](Cc1ccccc1)NC(=O)[C@@H](Cc1cn(C=O)c2ccccc12)NC(=O)C[C@@H]1NC(=O)[C@@H]2C3CCC(CC3)N2C1=O
D14160,Cn1cc(NC(=O)c2cnn3ccc(N)nc23)c(-c2cc(Cl)ccc2Cl)n1
D14161,N#Cc1ccc(Cn2cncc2CN[C@H]2CCN(c3ccncc3)C2=O)cc1
D14162,O=C(/C=C/c1ccc(O)cc1)Nc1cccc(Cl)c1
D14163,CC(C)COc1cccc(-c2cc(COC(C)(C)C(=O)O)nn2-c2ccccc2)c1
D14164,CN[C@@H](C)C(=O)N[C@@H]1C(=O)N(Cc2c(OC)ccc3c(Br)cccc23)c2ccccc2N(C(=O)CS(C)(=O)=O)[C@H]1C
D14165,Cc1c(C#N)cncc1C1COc2c(cccc2C(N)=O)O1
D14166,COc1cc(Cl)cnc1C(=O)Nc1ccc(F)c([C@@]2(C)N=C(N)C3(CCC3)S(=O)(=O)[C@@H]2F)c1
D14167,C#Cc1cc(Nc2nccc(Oc3ccc(NC(=O)Nc4cc(C(C)(C)C)nn4-c4ccc(N(C)C)cc4)c4ccccc34)n2)cc(C(=O)NCCN2CCOCC2)c1
D14168,COc1cc(C(F)(F)F)ccc1-c1nccc2cc(S(=O)(=O)Nc3ncns3)ccc12
D14169,CN(C)CCCOc1ccc(-c2cc3c(cc2F)ncc2c3n([C@@H]3CCCOC3)c(=O)n2C)cn1
D14170,COc1ccc(Cl)cc1-c1ccnc(Nc2ccc(N3CCOCC3)c(OC)c2)c1
D14171,CN1C(=O)C2=C(C1=O)N(CC(=O)Nc1ccc(-c3cccnc3)nn1)CCC2
D14172,C=C(N)NCCC[C@@H]1NC(=O)[C@@H]2CSSC[C@H](N)C(=O)N[C@H]3CSSC[C@@H](C(=O)O)NC(=O)[C@H](CSSC[C@H](NC(=O)[C@H](CC(N)=O)NC3=O)C(=O)N[C@@H](CO)C(=O)N[C@@H](CO)C(=O)N[C@@H](CCCCN)C(=O)N[C@@H](Cc3c[nH]c4ccccc34)C(=O)N2)NC(=O)[C@H](CCCNC(=N)N)NC(=O)[C@H](CO)NC(=O)[C@H](Cc2cnc[nH]2)NC(=O)[C@H](CC(=O)O)NC1=O
D14173,Cc1cc(=O)oc2cc(OCc3ccc(Br)cc3)ccc12
D14174,CN1CCN(c2ccc(Nc3cc(-c4c[nH]c5cnccc45)ncn3)cc2)CC1
D14175,Cc1cc(-c2[nH]c3ccc(C4CCN(C(=O)C[C@@H](C)O)CC4)cc3c2CC(F)F)cn2ncnc12
D14176,N[C@H]1C[C@@H](N2Cc3ccccc3C2)CC[C@@H]1c1cc(F)c(F)cc1F
D14177,COc1cc(O)ccc1/C=C/C(=O)OCCCc1ccccc1
D14178,C#CCOc1ccc(C(=O)Nc2cc(F)c(F)c([C@]3(C)C[C@@H](C(F)(F)F)OC(N)=N3)c2)nc1
D14179,C=CCC[N+](C)(C)C
D14180,COc1cccc2c1-c1ccc(NS(C)(=O)=O)cc1C(c1ccccc1)O2
D14181,NC(=O)c1cccc2c1c1ncnc(N3CCN(CCc4ccc(F)c(F)c4)CC3)c1n2Cc1ccncc1
D14182,Cc1cc(-c2[nH]c3ccc(C4CCN(Cc5nnn[nH]5)CC4)cc3c2C(C)C)cn2ncnc12
D14183,COC[C@H](C(=O)Nc1cccc2c(-c3nc(Nc4cn(C)nc4OC)ncc3C)c[nH]c12)N1CCN(C)CC1
D14184,CN[C@@H](C)C(=O)N[C@H]1CN(C(=O)CS(C)(=O)=O)c2ccc(C#N)cc2N(Cc2nn(-c3ccccc3C#N)c3ccccc23)C1=O
D14185,Cc1c(CCC(=O)Nc2ccccc2C(=O)O)cnn1-c1ccc(O)cc1
D14186,C1=C(c2cccnc2)Cc2ccccc21
D14187,NC(=O)n1nc(NCC(=O)NC2CN([C@H]3CC[C@@H](c4ccc5c(c4)OCO5)CC3)C2)c2cc(C(F)(F)F)ccc21
D14188,C[C@]1(O)CC[C@H](Nc2ccc3ncc(-c4cccc(OC(F)(F)F)c4)n3n2)CC1
D14189,CC(C)CNC(=O)c1cn(-c2cccc(Br)c2)c2ncccc2c1=O
D14190,Clc1cc2nc([C@@H]3CCCN3c3cc(N4CCC(c5ccccn5)C4)ncn3)[nH]c2cc1Cl
D14191,Cc1ccc(S(=O)(=O)N(C)c2ccccc2)cc1
D14192,CS(=O)(=O)c1ccc(-c2c(-c3ccc(F)cc3)nc3sccn23)cc1
D14193,COc1cc2c(Nc3ccc(Cl)c(Cl)c3)ncnc2cc1OCc1c(OC)ccc2cc(Br)ccc12
D14194,Cc1cccnc1-n1nnc2c1CCN(C(=O)c1cccc(C(F)(F)F)c1Cl)C2C
D14195,Cn1nc(-c2cnc3[nH]cc(C(=O)N[C@H]4C[C@H](O)C4)c3n2)c2ccc(F)cc21
D14196,N#Cc1ccc(C(=O)Nc2ccc3c(c2)C2(CCOC(N)=N2)c2cc(-c4ccnc(F)c4)nc(F)c2O3)nc1
D14197,CN[C@@H](C)C(=O)N[C@H](C(=O)N1CCc2ccccc2[C@H]1C(=O)Nc1c(F)cccc1F)C(C)(C)C
D14198,CC(C)(C)C(=O)N1CC[C@H](N(Cc2ccccc2C(F)(F)F)c2ccc(C#N)c(Cl)c2)C1
D14199,Cc1[nH]c2ncnc(-c3ccc(NC(=O)N(CCN(C)C)c4ccc(Cl)cc4)c(F)c3)c2c1C
D14200,CC(=O)N1CCC(n2nc(C)c(Nc3ncc(Cl)c(-c4cnc5ccccn45)n3)c2C)CC1
D14201,COc1cc2ncnc(Nc3cc(NC(=O)c4cccc(N(C)C)c4)ccc3C)c2cc1OC
D14202,COc1cccc(-c2cc3c(nn2)-c2ccccc2C3=O)c1
D14203,Cc1ccc(-n2nccn2)cc1C[C@@H]1COCCN1C(=O)c1ccccc1-n1nccn1
D14204,CC(C)(C)c1ccc(-n2c(C(=O)O)c(Oc3cccc(C(F)(F)F)c3)c3cc(Cl)ccc32)cc1
D14205,O=C(O)c1ccc(NCCOc2ccc3cc2COC/C=C/COCc2cccc(c2)-c2ccnc(n2)N3)cc1
D14206,Cc1ccc(NC(=O)c2ccc(CN3CCN(C)CC3)c(C(F)(F)F)c2)cc1NC(=O)c1cccc(-c2ccccn2)c1
D14207,COc1cc(-c2ccc(Cl)c(C)c2)ccc1-c1nccc2cc(S(=O)(=O)Nc3ccncn3)ccc12
D14208,CC(=O)c1nn(-c2ccccc2)/c(=N/c2nc(-c3ccccc3)cc(-c3ccccc3)c2C#N)s1
D14209,CCCCNC(=O)[C@H](C)C[C@H](O)[C@@H](N)CN(C(=O)c1ccc(OC)c(/C=C/CCOC)c1)C(C)C
D14210,Cc1cc(C#N)cnc1C(=O)Nc1cc(F)c(Cl)c([C@@]2(CF)N=C(N)O[C@@H]3C[C@@H]32)c1
D14211,CN(C)c1ccnc2sc3c(=O)n(-c4ccc(Cl)cc4)ccc3c12
D14212,N#Cc1cnc2ccc(-c3c(-c4ccc(F)cc4C(F)(F)F)ncn3CC(F)F)nn12
D14213,O=C(/C=C/c1ccc(Cc2nnc(Cc3cccc4ccccc34)o2)cc1)NO
D14214,Cc1cc(NC(=O)c2ncc(C#N)cc2Cl)cc([C@@]2(C(F)F)N=C(N)O[C@@H]3C[C@@H]32)c1F
D14215,c1ccc(Cc2nc3ccccc3nc2NCCN2CCOCC2)cc1
D14216,CN(C)CCCOc1ccc(-c2ccc3ncc4c(c3c2)n(C2CCC2)c(=O)n4C)cn1
D14217,O=C(NCc1nc2ccccc2[nH]1)NC1CCN(Cc2ccn(-c3ccc(C(F)(F)F)cc3)c2)CC1
D14218,CCCn1cnc2c1CC[C@@](CCCN)(C(=O)O)C2
D14219,O=C(O)[C@H](Cc1ccc2c(c1)oc1ccccc12)NC(CCc1cccc2cccnc12)P(=O)(O)O
D14220,Cc1cc(CN2CCC(c3ccc4[nH]c(-c5cn6ncnc6cc5C)c(C(C)C)c4c3)CC2)no1
D14221,CS(=O)(=O)Nc1cc2c(cc1Sc1nccs1)C(=O)OC2
D14222,CN(CC[C@H](N)C(=O)N1CCCCC1)Cc1ccc(Cl)cc1
D14223,COC(=O)c1c(C(=O)N2CCN(CCO)CC2)cc2cc(OC)c(OC)cc2c1-c1cc(Cl)c(OC)c(OC)c1
D14224,COc1ccc(C(=O)NO)cc1OCc1ccccc1
D14225,Cc1sc2nc(N)[nH]c(=O)c2c1Sc1ccncc1
D14226,Cc1noc(NS(=O)(=O)c2ccsc2C(=O)Nc2ccc3c(c2)OCO3)c1Br
D14227,COc1ccc(-c2ccc([C@H](C)N3CC[C@](CC(C)(C)O)(c4ccccc4)OC3=O)cc2)cn1
D14228,C[C@]1(CCOc2cc(F)c(S(=O)(=O)Nc3ncns3)cc2F)CC[C@@H](N)CC1
D14229,Cc1ccccc1-n1nc(COC(C)(C)C(=O)O)cc1-c1cccc(OC2CCC2)c1
D14230,C=CC(=O)Nc1ccc(S(=O)(=O)N2CCN(C(=O)N3CCC4CCCCC4C3)CC2)cc1
D14231,O=C(O)c1nc(-c2ccc3c(c2)C(=NNc2nc4ccccc4s2)CCC3)sc1CCCCc1ccccc1
D14232,Cc1nc(-c2ccc(F)cc2)c(-c2ccc(S(C)(=O)=O)cc2)o1
D14233,CN[C@@H]1CCN(C(=O)[C@@H](COCc2ccccc2)NC(=O)c2cccnc2Oc2ccc(C(F)(F)F)cc2Cl)C1
D14234,CC(C)(c1ccc(O)cc1)c1ccc(O)cc1
D14235,CN[C@@H](C)C(=O)N[C@H]1COc2ccccc2N(Cc2c(Cl)n(-c3ccccc3C#N)c3ccccc23)C1=O
D14236,CN[C@@H](C)C(=O)N[C@H]1CN(Cc2ccccc2)c2ccccc2N(Cc2c(OC)ccc3cc(Br)ccc23)C1=O
D14237,CC1(C(F)F)NCCc2c1oc1cc(S(=O)(=O)c3cccc(F)c3)ccc21
D14238,COc1ccc(C(=O)C2CCN(C3CCN(Cc4nc5c(cnn5C)c(=O)[nH]4)C3=O)CC2)cc1
D14239,COc1cc(-c2cnc(C(=O)CCCCCCc3ccccc3)o2)nc(OC)n1
D14240,CC#CCOc1cnc(C(=O)Nc2ccc(F)c([C@]3(CF)C[C@@H](C(F)(F)F)OC(N)=N3)c2)cn1
D14241,Nc1nsc2cccc(C(=O)Nc3cccc(CNC(=O)Nc4ccc(C(F)(F)F)cc4)c3)c12
D14242,CS(=O)(=O)c1ccc(-n2nc(C(F)(F)F)cc2-c2ccc(-c3ccco3)cc2)nc1
D14243,CC(=O)Nc1cnc2ccc(-c3c(-c4ccc(F)cc4)ncn3CC(F)F)nn12
D14244,CC[C@]1(C(=O)O)CCc2ccc(OCCCOc3ccc(Oc4ccc(F)cc4)cc3Cl)cc2O1
D14245,Cc1ccc(C(=O)Nc2cccc(C(F)(F)F)c2C)cc1-c1ccc2nc(N(C)CCCN3CCOCC3)ncc2c1
D14246,Nc1ccc(-c2cccs2)cc1NC(=O)CCCCCCNC(=O)c1cccnc1
D14247,Cc1[nH]c(/C=C2\C(=O)Nc3ccc(Br)cc32)c(C)c1CCC(=O)O
D14248,CCc1ccc(Cc2cccc([C@@H]3C[C@H](CO)[C@@H](O)[C@H](O)[C@H]3O)c2)cc1
D14249,Cc1nsc(-c2nnc3n2CCN(C(=O)c2ccc(Cl)c(Cl)c2)[C@@H]3C)n1
D14250,CCN1CCN(c2cc3[nH]c(C(=O)[C@]4(C)CC[C@@](C)(O)CC4)nc3cc2Cl)CC1
D14251,Cc1ccc(C(=O)N2CCOC[C@H]2Cc2cc(-c3cccnn3)ccc2F)c(-n2nccn2)c1
D14252,CN1CCC(CN[C@@H]2C[C@H]2c2ccccc2)CC1
D14253,N#Cc1cc(-c2ncnc(Nc3ccc(N4CCN(C5COC5)CC4)cc3)n2)ccc1NC1CCOCC1
D14254,CN(C)CCCOc1ccc(-c2ccc3ncc4c(c3c2)n([C@H]2CCCOC2)c(=O)n4C)c(F)n1
D14255,OCc1ccc(-c2ccc(Oc3cncc4sc(-c5nnn[nH]5)cc34)cc2)cc1
D14256,O=C(CN1CCCCC1)Nc1ccc2nc3c4[nH]c5ccccc5c4ccn3c(=O)c2c1
D14257,C[C@@]1(c2cc(NC(=O)c3ccc(Cl)cn3)ccc2F)CS(=O)(=O)C2(CC(F)(F)C2)C(N)=N1
D14258,O=C(N1CCOCC1)N1CCN(c2ccc(C(F)(F)F)cc2)CC1
D14259,N#Cc1ccc(Cn2ccnc2)cc1
D14260,CCc1c(C(=O)NC(C)(C)c2nnnn2C)nn(-c2ccc(Cl)cc2Cl)c1-c1ccc(Br)cc1
D14261,COc1ccc(C2(c3cccc(-c4cccnc4F)c3)N=C(N)N3CCCN=C32)cc1
D14262,CCc1nc2ccc(N3CCOCC3)cn2c1N(C)c1nc(-c2ccc(F)cc2)cs1
D14263,CC(C)(OCc1cc(-c2cccc(OC3CC3)c2)n(-c2ccccc2OC(F)F)n1)C(=O)O
D14264,NC(=O)c1cccc(O[C@H]2C[C@@H]3CC[C@H](C2)N3CC2CCCCC2)c1
D14265,Cc1ccc(CNc2nc(-c3ccc(S(C)(=O)=O)cc3)cc(C(F)(F)F)n2)cc1
D14266,COc1ccc2c(c1)CC(CNC1CCN(CCNS(=O)(=O)c3cccc4ccccc34)CC1)CCC2
D14267,CCCC[C@H](NC(=O)O[C@H]1C[C@@H](C)C[C@@H](C)C1)C(=O)C(=O)N[C@H](C)c1ccccc1
D14268,CC(=O)NC(C)C#Cc1cnc(Oc2ccc(OCC3CCCCC3)cc2Cl)s1
D14269,COc1nsc(N2CCC3(CCN(C[C@H](O)c4ccc5c(c4C)COC5=O)CC3)C2=O)n1
D14270,O=C(CN1CCCC1)Nc1ccc2nc3c4[nH]c5ccccc5c4ccn3c(=O)c2c1
D14271,COc1ccccc1Nc1cc2[nH]c(-c3cnco3)cc2cn1
D14272,Cc1c(CC(=O)OC(C)C)cc(-c2ccc(S(C)(=O)=O)cc2)n1-c1cccc(F)c1
D14273,NS(=O)(=O)c1ccc(-n2cc(C(F)(F)F)nc2-c2ccc(F)c(F)c2)cc1
D14274,CCn1ncc2ccc(-c3cc(CO[C@](C)(CC)C(=O)O)nn3-c3ccccc3N3CCCC3)cc21
D14275,Cc1[nH]c([C@@H](Cc2cn(C)c3ccccc23)NC(=O)[C@H](CC(C)C)NC(=O)NC2CCCCC2)nc1C(=O)O
D14276,CC[C@]1(C(=O)O)CCc2ccc(OCCCOc3ccc(CC(C)C)cc3Cl)cc2O1
D14277,CN1C(=O)[C@@H]2CN(c3ncccc3C#N)C[C@]2(c2cc(-c3cccc(C#N)c3)cs2)N=C1N
D14278,COc1cc(Nc2nc(N[C@@H](C)c3ncc(F)cn3)ncc2Br)[nH]n1
D14279,Cc1c(OCCNCCCF)ccc(F)c1[C@@H]1c2[nH]c3ccccc3c2C[C@@H](C)N1CC(C)(C)C(=O)O
D14280,Cc1ccc(NC(=O)NCc2ccc(-c3[nH]nc4c3Cc3cc(CN5CCN(C)CC5)ccc3-4)s2)cc1
D14281,Cc1ccc(C(=O)N2CCOC[C@H]2Cc2cc(-c3ncccn3)ccc2F)c(-n2nccn2)c1C
D14282,CNC(=O)[C@]12C[C@H]1[C@@](C)(c1cc(/C=C(\F)c3cnc(C#CC4CC4)cn3)ccc1F)N=C(N)S2
D14283,Cc1n[nH]c2nccc(-c3ccc(NC(=O)Nc4ccccn4)cc3)c12
D14284,CC(C)c1c(-c2cc(C(F)(F)F)c3ncnn3c2)[nH]c2ccc(C3CCN(C(=O)CC(C)(C)C)CC3)cc12
D14285,Cn1cc(C2=C(c3cn(CCCCCN)c4ccccc34)C(=O)NC2=O)c2ccccc21
D14286,C#Cc1cc(Nc2nccc(Oc3ccc(NC(=O)Nc4cc(C(C)(C)C)nn4-c4ccc(OC)cc4)c4ccccc34)n2)cc(C(=O)NCCOC)c1
D14287,N[C@@H](CC(=O)N1CCn2c(nnc2C(F)(F)F)C1)Cc1cc(Cl)ccc1F
D14288,CCc1nc(-c2ccc(F)cc2)c(-c2ccc(S(C)(=O)=O)cc2)s1
D14289,N#CC1CCCCN1C(=O)[C@@H](N)CCNCc1ccc(Cl)cc1
D14290,CN(c1ncnc2[nH]ccc12)[C@H]1C[C@@H](CS(=O)(=O)c2ccccc2)C1
D14291,CCc1cc(C(=O)NC2CCCc3c2cnn3-c2cccc(C)c2C)n(C)n1
D14292,CN[C@@H](C)C(=O)N[C@H]1CN(C(C)=O)c2cc(C#N)ccc2N(Cc2c(C3CC3)ccc3c(C#N)cccc23)C1=O
D14293,N#Cc1ccc(COc2ccc(S(=O)(=O)N3CC[C@H](O)C[C@@H]3C(=O)NO)cc2)cc1
D14294,N#Cc1ccccc1Cn1c(N2CCC[C@@H](N)C2)ncc(/C=C/c2ccccc2)c1=O
D14295,O=C(c1ccc(O)cc1OC[C@@H](O)CN1CCC2(CC1)Cc1cc(Cl)ccc1O2)N1CC[C@@H](O)C1
D14296,Cc1cc(NC(=O)c2ccc(Cl)cn2)cc([C@@]2(C(F)F)N=C(N)O[C@@H]3C[C@@H]32)c1F
D14297,CC(C)Oc1c(NC(=O)c2csc3c(=O)[nH]cnc23)cccc1C(=O)N1CCN(C)CC1
D14298,CCNC(=O)Nc1nc2nc(N)ncc2cc1-c1c(Cl)cccc1Cl
