drug_id,protein_id,interaction,split
D00001,P00001,0,train
D00002,P00002,0,train
D00003,P00003,0,train
D00004,P00004,1,train
D00005,P00005,1,train
D00006,P00006,0,train
D00007,P00007,1,train
D00008,P00008,0,train
D00009,P00009,0,train
D00010,P00010,0,train
D00011,P00011,0,train
D00012,P00012,0,train
D00013,P00013,1,train
D00014,P00014,1,train
D00015,P00015,0,train
D00016,P00016,0,train
D00017,P00017,1,train
D00018,P00018,0,train
D00019,P00019,1,train
D00020,P00020,1,train
D00021,P00021,0,train
D00022,P00020,1,train
D00023,P00022,0,train
D00022,P00023,1,train
D00024,P00020,1,train
D00025,P00024,0,train
D00026,P00025,1,train
D00027,P00026,1,train
D00028,P00020,1,train
D00029,P00019,1,train
D00030,P00027,0,train
D00031,P00028,0,train
D00032,P00020,1,train
D00022,P00029,1,train
D00033,P00030,0,train
D00022,P00004,1,train
D00022,P00031,1,train
D00034,P00032,1,train
D00035,P00033,0,train
D00036,P00034,1,train
D00037,P00035,1,train
D00038,P00036,0,train
D00039,P00037,0,train
D00040,P00016,0,train
D00033,P00038,0,train
D00041,P00039,0,train
D00042,P00040,1,train
D00043,P00020,1,train
D00044,P00041,0,train
D00003,P00042,0,train
D00045,P00019,1,train
D00022,P00043,1,train
D00046,P00044,1,train
D00047,P00045,0,train
D00048,P00046,0,train
D00049,P00047,0,train
D00050,P00048,0,train
D00005,P00049,1,train
D00051,P00050,0,train
D00052,P00051,0,train
D00053,P00022,0,train
D00054,P00052,0,train
D00005,P00053,1,train
D00055,P00054,0,train
D00056,P00055,1,train
D00057,P00056,0,train
D00058,P00019,1,train
D00022,P00020,1,train
D00059,P00028,1,train
D00060,P00057,1,train
D00061,P00058,1,train
D00062,P00059,0,train
D00063,P00020,1,train
D00064,P00060,0,train
D00005,P00061,1,train
D00005,P00062,1,train
D00065,P00063,1,train
D00005,P00064,1,train
D00066,P00065,0,train
D00067,P00066,0,train
D00068,P00019,1,train
D00069,P00067,0,train
D00070,P00068,0,train
D00071,P00030,0,train
D00072,P00069,1,train
D00005,P00070,1,train
D00073,P00071,0,train
D00074,P00072,1,train
D00075,P00073,0,train
D00076,P00074,0,train
D00005,P00075,1,train
D00077,P00076,0,train
D00078,P00077,0,train
D00016,P00078,0,train
D00079,P00079,1,train
D00072,P00080,1,train
D00080,P00081,0,train
D00081,P00082,0,train
D00082,P00083,0,train
D00083,P00019,1,train
D00084,P00084,0,train
D00085,P00085,0,train
D00022,P00083,1,train
D00086,P00086,1,train
D00040,P00087,0,train
D00087,P00088,0,train
D00088,P00089,0,train
D00089,P00090,0,train
D00051,P00091,0,train
D00090,P00092,0,train
D00065,P00093,1,train
D00065,P00094,1,train
D00091,P00095,0,train
D00065,P00096,1,train
D00092,P00063,0,train
D00093,P00097,0,train
D00094,P00098,0,train
D00078,P00099,0,train
D00065,P00100,1,train
D00006,P00101,0,train
D00095,P00086,1,train
D00025,P00102,0,train
D00096,P00103,0,train
D00097,P00020,1,train
D00098,P00104,0,train
D00099,P00105,1,train
D00100,P00019,1,train
D00005,P00106,1,train
D00101,P00107,0,train
D00102,P00108,0,train
D00103,P00020,1,train
D00104,P00109,0,train
D00105,P00110,0,train
D00025,P00111,0,train
D00106,P00019,1,train
D00107,P00112,0,train
D00108,P00019,1,train
D00022,P00113,1,train
D00109,P00073,1,train
D00110,P00114,0,train
D00111,P00020,1,train
D00112,P00115,1,train
D00113,P00116,0,train
D00114,P00117,0,train
D00115,P00020,1,train
D00116,P00020,1,train
D00115,P00020,1,train
D00117,P00118,1,train
D00041,P00119,0,train
D00118,P00020,1,train
D00119,P00020,1,train
D00120,P00120,1,train
D00121,P00118,1,train
D00061,P00019,1,train
D00101,P00025,0,train
D00122,P00121,0,train
D00123,P00122,0,train
D00124,P00123,0,train
D00065,P00118,1,train
D00005,P00124,1,train
D00109,P00113,1,train
D00003,P00125,0,train
D00017,P00126,1,train
D00125,P00127,1,train
D00126,P00128,0,train
D00127,P00072,1,train
D00050,P00129,0,train
D00102,P00019,0,train
D00128,P00130,0,train
D00129,P00011,0,train
D00130,P00131,0,train
D00101,P00132,0,train
D00109,P00133,1,train
D00022,P00105,1,train
D00131,P00134,0,train
D00132,P00135,1,train
D00005,P00136,1,train
D00133,P00137,1,train
D00028,P00020,1,train
D00134,P00138,0,train
D00135,P00139,1,train
D00136,P00140,0,train
D00137,P00141,0,train
D00138,P00142,0,train
D00139,P00143,1,train
D00140,P00019,1,train
D00141,P00144,0,train
D00113,P00145,0,train
D00142,P00146,0,train
D00005,P00147,1,train
D00143,P00148,0,train
D00144,P00149,0,train
D00145,P00020,1,train
D00146,P00150,1,train
D00122,P00151,0,train
D00147,P00104,0,train
D00148,P00152,1,train
D00065,P00105,1,train
D00149,P00153,1,train
D00150,P00154,1,train
D00151,P00019,1,train
D00152,P00019,1,train
D00153,P00155,1,train
D00154,P00156,0,train
D00155,P00157,0,train
D00156,P00158,0,train
D00157,P00159,0,train
D00158,P00160,1,train
D00159,P00015,0,train
D00071,P00161,0,train
D00160,P00162,0,train
D00161,P00163,0,train
D00162,P00164,0,train
D00163,P00165,0,train
D00149,P00166,1,train
D00132,P00135,1,train
D00164,P00167,0,train
D00165,P00168,1,train
D00113,P00169,0,train
D00093,P00170,0,train
D00166,P00044,1,train
D00167,P00171,0,train
D00168,P00172,0,train
D00169,P00173,1,train
D00041,P00174,0,train
D00005,P00175,1,train
D00170,P00019,1,train
D00171,P00176,1,train
D00172,P00177,0,train
D00005,P00178,1,train
D00173,P00179,0,train
D00174,P00019,1,train
D00065,P00180,1,train
D00175,P00019,1,train
D00176,P00181,0,train
D00177,P00182,1,train
D00065,P00183,1,train
D00178,P00184,0,train
D00179,P00185,0,train
D00065,P00186,1,train
D00180,P00187,1,train
D00181,P00188,0,train
D00182,P00016,0,train
D00061,P00019,1,train
D00183,P00189,0,train
D00184,P00089,0,train
D00185,P00190,1,train
D00186,P00191,0,train
D00187,P00187,0,train
D00085,P00192,0,train
D00065,P00035,1,train
D00188,P00193,0,train
D00050,P00194,0,train
D00189,P00195,0,train
D00171,P00176,1,train
D00022,P00196,1,train
D00190,P00197,1,train
D00191,P00198,0,train
D00192,P00199,1,train
D00193,P00200,1,train
D00194,P00172,0,train
D00065,P00201,1,train
D00134,P00202,0,train
D00195,P00203,0,train
D00196,P00019,1,train
D00197,P00020,1,train
D00109,P00020,1,train
D00198,P00204,0,train
D00199,P00205,0,train
D00021,P00040,0,train
D00200,P00206,0,train
D00201,P00207,0,train
D00022,P00208,1,train
D00202,P00209,1,train
D00203,P00004,1,train
D00204,P00019,1,train
D00205,P00210,0,train
D00206,P00115,1,train
D00207,P00113,1,train
D00122,P00211,0,train
D00208,P00212,0,train
D00209,P00213,0,train
D00210,P00214,1,train
D00211,P00215,0,train
D00212,P00216,0,train
D00213,P00217,1,train
D00005,P00020,1,train
D00214,P00218,0,train
D00025,P00219,0,train
D00215,P00220,0,train
D00216,P00221,0,train
D00217,P00144,0,train
D00005,P00222,1,train
D00218,P00020,1,train
D00219,P00038,0,train
D00022,P00223,1,train
D00220,P00020,1,train
D00078,P00224,0,train
D00221,P00225,0,train
D00222,P00019,1,train
D00223,P00226,0,train
D00224,P00227,0,train
D00225,P00043,1,train
D00226,P00206,0,train
D00227,P00135,1,train
D00003,P00228,0,train
D00228,P00229,0,train
D00229,P00230,0,train
D00230,P00231,0,train
D00005,P00232,1,train
D00005,P00233,1,train
D00231,P00154,1,train
D00109,P00114,1,train
D00232,P00118,1,train
D00233,P00234,0,train
D00005,P00235,1,train
D00065,P00236,1,train
D00234,P00058,1,train
D00235,P00019,1,train
D00236,P00019,1,train
D00041,P00237,0,train
D00021,P00238,0,train
D00237,P00239,1,train
D00125,P00166,1,train
D00238,P00118,1,train
D00239,P00240,0,train
D00049,P00241,0,train
D00240,P00242,1,train
D00241,P00154,0,train
D00242,P00243,0,train
D00005,P00113,1,train
D00014,P00244,1,train
D00243,P00245,1,train
D00094,P00246,0,train
D00014,P00020,1,train
D00244,P00035,0,train
D00023,P00158,0,train
D00245,P00247,0,train
D00246,P00248,0,train
D00109,P00249,1,train
D00247,P00020,1,train
D00022,P00250,1,train
D00178,P00116,0,train
D00248,P00251,0,train
D00065,P00252,1,train
D00189,P00253,0,train
D00005,P00254,1,train
D00005,P00249,1,train
D00249,P00255,0,train
D00250,P00147,0,train
D00251,P00256,0,train
D00252,P00230,0,train
D00253,P00152,1,train
D00119,P00257,1,train
D00022,P00258,1,train
D00254,P00113,1,train
D00082,P00259,0,train
D00042,P00260,0,train
D00255,P00261,0,train
D00256,P00262,0,train
D00257,P00120,1,train
D00022,P00263,1,train
D00258,P00264,1,train
D00259,P00265,0,train
D00260,P00266,0,train
D00261,P00118,1,train
D00102,P00267,0,train
D00041,P00268,0,train
D00262,P00269,0,train
D00263,P00151,0,train
D00264,P00270,0,train
D00065,P00026,1,train
D00019,P00019,1,train
D00065,P00271,1,train
D00265,P00272,0,train
D00266,P00273,0,train
D00172,P00274,0,train
D00267,P00275,0,train
D00139,P00276,0,train
D00268,P00058,1,train
D00269,P00211,0,train
D00270,P00277,0,train
D00271,P00278,0,train
D00272,P00279,0,train
D00273,P00280,1,train
D00274,P00281,1,train
D00275,P00282,0,train
D00065,P00283,1,train
D00109,P00284,1,train
D00276,P00019,1,train
D00078,P00285,0,train
D00277,P00019,1,train
D00278,P00020,1,train
D00101,P00286,0,train
D00279,P00019,1,train
D00280,P00287,1,train
D00281,P00011,0,train
D00125,P00020,1,train
D00194,P00288,0,train
D00282,P00289,0,train
D00065,P00290,1,train
D00283,P00291,0,train
D00144,P00292,0,train
D00284,P00019,1,train
D00065,P00293,1,train
D00011,P00294,0,train
D00285,P00122,0,train
D00025,P00295,0,train
D00065,P00296,1,train
D00025,P00297,0,train
D00078,P00298,0,train
D00286,P00299,0,train
D00022,P00300,1,train
D00215,P00298,0,train
D00287,P00301,0,train
D00288,P00020,1,train
D00289,P00019,1,train
D00215,P00302,0,train
D00182,P00009,0,train
D00290,P00303,0,train
D00149,P00304,1,train
D00192,P00305,1,train
D00291,P00306,0,train
D00022,P00307,1,train
D00292,P00020,1,train
D00289,P00019,1,train
D00022,P00308,1,train
D00293,P00095,1,train
D00294,P00309,0,train
D00022,P00310,1,train
D00295,P00311,0,train
D00172,P00134,0,train
D00005,P00199,1,train
D00296,P00206,0,train
D00297,P00312,1,train
D00005,P00313,1,train
D00136,P00055,0,train
D00298,P00314,0,train
D00083,P00135,1,train
D00299,P00315,0,train
D00300,P00316,0,train
D00076,P00317,0,train
D00301,P00318,0,train
D00302,P00319,1,train
D00303,P00019,1,train
D00304,P00019,1,train
D00005,P00320,1,train
D00305,P00321,0,train
D00109,P00249,1,train
D00037,P00322,1,train
D00288,P00020,1,train
D00306,P00033,0,train
D00307,P00020,1,train
D00181,P00221,0,train
D00308,P00323,0,train
D00078,P00194,0,train
D00022,P00028,1,train
D00309,P00324,0,train
D00310,P00009,0,train
D00201,P00289,0,train
D00005,P00239,1,train
D00311,P00325,0,train
D00312,P00326,0,train
D00313,P00327,1,train
D00022,P00328,1,train
D00183,P00329,0,train
D00125,P00023,1,train
D00314,P00330,1,train
D00190,P00289,1,train
D00101,P00331,0,train
D00315,P00004,1,train
D00065,P00332,1,train
D00058,P00135,1,train
D00316,P00206,0,train
D00317,P00333,1,train
D00005,P00334,1,train
D00298,P00335,0,train
D00004,P00327,1,train
D00318,P00019,1,train
D00319,P00336,0,train
D00028,P00020,1,train
D00096,P00337,0,train
D00136,P00338,0,train
D00065,P00339,1,train
D00005,P00020,1,train
D00301,P00340,0,train
D00320,P00341,0,train
D00077,P00342,0,train
D00321,P00019,1,train
D00076,P00343,0,train
D00183,P00344,0,train
D00022,P00287,1,train
D00322,P00345,0,train
D00005,P00346,1,train
D00323,P00347,0,train
D00324,P00348,0,train
D00325,P00349,1,train
D00326,P00350,0,train
D00005,P00166,1,train
D00175,P00019,1,train
D00327,P00135,1,train
D00014,P00351,1,train
D00328,P00352,0,train
D00258,P00028,1,train
D00329,P00353,1,train
D00022,P00354,1,train
D00176,P00355,0,train
D00065,P00356,1,train
D00330,P00357,0,train
D00185,P00043,1,train
D00025,P00358,0,train
D00084,P00359,0,train
D00331,P00360,0,train
D00172,P00361,0,train
D00005,P00020,1,train
D00171,P00362,1,train
D00022,P00168,1,train
D00020,P00020,1,train
D00332,P00249,1,train
D00333,P00363,1,train
D00022,P00364,1,train
D00334,P00052,0,train
D00101,P00077,0,train
D00022,P00365,1,train
D00005,P00083,1,train
D00335,P00347,1,train
D00014,P00366,1,train
D00336,P00367,0,train
D00337,P00043,0,train
D00338,P00368,1,train
D00339,P00369,0,train
D00340,P00327,1,train
D00341,P00044,1,train
D00342,P00370,0,train
D00022,P00371,1,train
D00102,P00015,0,train
D00171,P00372,1,train
D00022,P00020,1,train
D00172,P00373,0,train
D00343,P00374,0,train
D00344,P00375,1,train
D00047,P00344,0,train
D00345,P00376,0,train
D00093,P00377,0,train
D00037,P00378,1,train
D00346,P00072,0,train
D00005,P00023,1,train
D00092,P00379,0,train
D00019,P00019,1,train
D00119,P00020,1,train
D00347,P00020,1,train
D00171,P00380,1,train
D00003,P00265,0,train
D00146,P00381,1,train
D00348,P00382,0,train
D00349,P00383,0,train
D00350,P00384,0,train
D00307,P00366,1,train
D00351,P00004,1,train
D00352,P00385,0,train
D00009,P00386,0,train
D00125,P00387,1,train
D00105,P00388,0,train
D00353,P00389,0,train
D00354,P00390,1,train
D00355,P00391,0,train
D00356,P00385,0,train
D00065,P00392,1,train
D00357,P00393,1,train
D00358,P00215,1,train
D00359,P00135,0,train
D00360,P00167,0,train
D00003,P00394,0,train
D00361,P00299,0,train
D00362,P00327,1,train
D00363,P00264,1,train
D00364,P00395,1,train
D00365,P00396,0,train
D00366,P00397,0,train
D00028,P00020,1,train
D00367,P00205,0,train
D00189,P00398,0,train
D00368,P00399,1,train
D00250,P00400,0,train
D00005,P00115,1,train
D00369,P00401,0,train
D00198,P00402,0,train
D00258,P00403,1,train
D00370,P00019,1,train
D00371,P00135,1,train
D00005,P00404,1,train
D00372,P00405,1,train
D00015,P00406,1,train
D00373,P00407,1,train
D00144,P00408,0,train
D00374,P00186,1,train
D00375,P00135,1,train
D00005,P00249,1,train
D00172,P00409,0,train
D00148,P00152,1,train
D00376,P00410,1,train
D00377,P00206,0,train
D00009,P00411,0,train
D00377,P00009,0,train
D00378,P00412,1,train
D00379,P00086,1,train
D00380,P00118,1,train
D00381,P00115,1,train
D00382,P00168,0,train
D00383,P00020,1,train
D00384,P00413,0,train
D00385,P00159,0,train
D00386,P00191,1,train
D00005,P00256,1,train
D00065,P00414,1,train
D00065,P00415,1,train
D00005,P00416,1,train
D00269,P00417,0,train
D00216,P00418,0,train
D00022,P00404,1,train
D00331,P00419,0,train
D00031,P00219,0,train
D00079,P00020,1,train
D00059,P00420,1,train
D00051,P00241,0,train
D00037,P00421,1,train
D00065,P00124,1,train
D00387,P00422,0,train
D00388,P00141,0,train
D00065,P00423,1,train
D00262,P00424,0,train
D00022,P00425,1,train
D00125,P00426,1,train
D00389,P00019,1,train
D00390,P00019,1,train
D00065,P00427,1,train
D00391,P00025,1,train
D00392,P00428,0,train
D00147,P00429,0,train
D00093,P00134,0,train
D00393,P00430,0,train
D00394,P00431,0,train
D00161,P00432,0,train
D00250,P00433,0,train
D00005,P00020,1,train
D00395,P00019,1,train
D00396,P00025,1,train
D00397,P00434,0,train
D00398,P00435,1,train
D00022,P00436,1,train
D00028,P00437,1,train
D00399,P00020,1,train
D00106,P00019,1,train
D00400,P00438,0,train
D00022,P00283,1,train
D00401,P00439,0,train
D00402,P00423,1,train
D00005,P00113,1,train
D00403,P00440,0,train
D00022,P00416,1,train
D00404,P00281,1,train
D00330,P00441,0,train
D00250,P00179,0,train
D00405,P00393,1,train
D00022,P00040,1,train
D00149,P00442,1,train
D00406,P00239,1,train
D00032,P00034,1,train
D00290,P00327,1,train
D00407,P00443,0,train
D00408,P00389,0,train
D00065,P00118,1,train
D00217,P00444,0,train
D00014,P00445,1,train
D00161,P00446,0,train
D00409,P00447,1,train
D00005,P00448,1,train
D00410,P00449,0,train
D00411,P00020,1,train
D00412,P00450,1,train
D00413,P00351,1,train
D00414,P00055,1,train
D00415,P00451,0,train
D00416,P00187,1,train
D00417,P00452,0,train
D00005,P00453,1,train
D00235,P00454,0,train
D00093,P00455,0,train
D00418,P00456,0,train
D00125,P00312,1,train
D00419,P00009,0,train
D00181,P00418,0,train
D00105,P00457,0,train
D00420,P00055,1,train
D00259,P00458,0,train
D00022,P00020,1,train
D00421,P00417,0,train
D00422,P00428,0,train
D00065,P00459,1,train
D00423,P00460,0,train
D00276,P00019,1,train
D00424,P00461,1,train
D00425,P00019,0,train
D00093,P00462,0,train
D00426,P00463,0,train
D00332,P00464,1,train
D00427,P00120,1,train
D00428,P00262,0,train
D00429,P00465,0,train
D00430,P00466,0,train
D00005,P00467,1,train
D00105,P00468,0,train
D00431,P00469,0,train
D00432,P00352,0,train
D00433,P00160,1,train
D00434,P00058,1,train
D00435,P00470,1,train
D00005,P00055,1,train
D00436,P00020,1,train
D00437,P00471,1,train
D00350,P00472,0,train
D00368,P00473,1,train
D00022,P00040,1,train
D00022,P00474,1,train
D00343,P00475,0,train
D00438,P00020,1,train
D00439,P00476,0,train
D00440,P00477,0,train
D00441,P00478,0,train
D00042,P00479,0,train
D00442,P00099,0,train
D00443,P00019,1,train
D00444,P00245,1,train
D00005,P00480,1,train
D00363,P00481,1,train
D00445,P00125,0,train
D00446,P00482,0,train
D00005,P00113,1,train
D00398,P00283,1,train
D00100,P00019,1,train
D00288,P00437,1,train
D00005,P00020,1,train
D00022,P00044,1,train
D00398,P00483,1,train
D00447,P00019,1,train
D00005,P00044,1,train
D00439,P00484,0,train
D00052,P00485,0,train
D00230,P00486,0,train
D00448,P00230,1,train
D00449,P00019,1,train
D00450,P00200,1,train
D00451,P00487,1,train
D00452,P00488,0,train
D00453,P00020,1,train
D00283,P00489,0,train
D00294,P00486,0,train
D00454,P00067,0,train
D00398,P00490,1,train
D00455,P00491,0,train
D00456,P00020,1,train
D00005,P00020,1,train
D00037,P00492,1,train
D00037,P00407,1,train
D00065,P00349,1,train
D00022,P00304,1,train
D00004,P00493,1,train
D00020,P00257,1,train
D00457,P00296,1,train
D00458,P00494,1,train
D00014,P00495,1,train
D00459,P00118,1,train
D00181,P00496,0,train
D00441,P00497,0,train
D00460,P00498,0,train
D00022,P00499,1,train
D00274,P00281,1,train
D00014,P00500,1,train
D00461,P00501,0,train
D00300,P00502,0,train
D00022,P00503,1,train
D00065,P00118,1,train
D00462,P00114,1,train
D00463,P00209,1,train
D00464,P00504,1,train
D00465,P00020,1,train
D00466,P00505,0,train
D00101,P00033,0,train
D00467,P00019,1,train
D00113,P00413,1,train
D00038,P00506,0,train
D00468,P00135,1,train
D00049,P00470,0,train
D00105,P00174,0,train
D00469,P00486,0,train
D00470,P00507,0,train
D00449,P00019,1,train
D00471,P00508,0,train
D00472,P00019,1,train
D00003,P00509,0,train
D00473,P00510,1,train
D00306,P00511,0,train
D00010,P00512,0,train
D00022,P00513,1,train
D00005,P00514,1,train
D00372,P00515,1,train
D00474,P00118,1,train
D00029,P00019,1,train
D00475,P00229,0,train
D00476,P00516,1,train
D00005,P00249,1,train
D00227,P00135,1,train
D00065,P00517,1,train
D00477,P00518,0,train
D00460,P00519,0,train
D00392,P00019,1,train
D00217,P00176,0,train
D00022,P00085,1,train
D00021,P00520,0,train
D00478,P00521,0,train
D00479,P00522,0,train
D00480,P00004,1,train
D00481,P00198,0,train
D00482,P00523,0,train
D00065,P00515,1,train
D00258,P00264,1,train
D00483,P00019,1,train
D00432,P00303,0,train
D00383,P00524,1,train
D00083,P00019,1,train
D00065,P00283,1,train
D00484,P00118,1,train
D00485,P00019,1,train
D00486,P00525,0,train
D00466,P00526,0,train
D00042,P00527,0,train
D00181,P00528,0,train
D00487,P00135,1,train
D00014,P00004,1,train
D00066,P00529,0,train
D00488,P00530,0,train
D00020,P00020,1,train
D00005,P00531,1,train
D00013,P00013,1,train
D00489,P00532,0,train
D00490,P00533,0,train
D00147,P00534,0,train
D00491,P00535,0,train
D00492,P00536,1,train
D00059,P00028,1,train
D00493,P00280,0,train
D00494,P00537,1,train
D00005,P00053,1,train
D00495,P00086,1,train
D00496,P00019,1,train
D00005,P00538,1,train
D00497,P00019,1,train
D00498,P00539,0,train
D00319,P00237,0,train
D00499,P00227,0,train
D00370,P00019,1,train
D00500,P00540,0,train
D00078,P00541,0,train
D00096,P00109,0,train
D00270,P00542,0,train
D00501,P00135,1,train
D00204,P00019,1,train
D00065,P00020,1,train
D00502,P00004,1,train
D00005,P00020,1,train
D00503,P00543,1,train
D00301,P00544,0,train
D00004,P00545,1,train
D00125,P00546,1,train
D00065,P00547,1,train
D00504,P00548,1,train
D00505,P00539,1,train
D00372,P00215,1,train
D00208,P00549,0,train
D00076,P00032,0,train
D00506,P00550,0,train
D00341,P00026,1,train
D00507,P00144,0,train
D00508,P00551,0,train
D00215,P00552,0,train
D00509,P00135,1,train
D00162,P00553,0,train
D00005,P00554,1,train
D00123,P00555,0,train
D00510,P00556,0,train
D00511,P00118,1,train
D00022,P00557,1,train
D00102,P00558,0,train
D00022,P00275,1,train
D00215,P00417,0,train
D00512,P00559,0,train
D00022,P00560,1,train
D00513,P00020,1,train
D00398,P00095,1,train
D00162,P00044,0,train
D00514,P00561,0,train
D00096,P00562,0,train
D00515,P00445,1,train
D00516,P00186,1,train
D00517,P00563,0,train
D00518,P00564,0,train
D00519,P00510,0,train
D00125,P00412,1,train
D00310,P00303,0,train
D00520,P00118,1,train
D00094,P00565,0,train
D00242,P00566,0,train
D00521,P00567,1,train
D00522,P00568,1,train
D00523,P00078,0,train
D00022,P00569,1,train
D00332,P00570,1,train
D00022,P00571,1,train
D00491,P00572,0,train
D00016,P00206,0,train
D00524,P00573,1,train
D00525,P00019,1,train
D00038,P00456,0,train
D00052,P00574,0,train
D00526,P00575,1,train
D00105,P00576,0,train
D00159,P00577,0,train
D00102,P00176,0,train
D00183,P00054,0,train
D00078,P00229,0,train
D00014,P00049,1,train
D00244,P00578,0,train
D00527,P00579,0,train
D00528,P00548,1,train
D00114,P00580,0,train
D00401,P00581,0,train
D00005,P00582,1,train
D00064,P00583,0,train
D00529,P00534,0,train
D00494,P00584,1,train
D00162,P00585,0,train
D00022,P00586,1,train
D00114,P00587,0,train
D00530,P00079,0,train
D00022,P00239,1,train
D00139,P00018,0,train
D00005,P00588,1,train
D00230,P00589,0,train
D00531,P00590,1,train
D00065,P00536,1,train
D00532,P00019,1,train
D00533,P00213,0,train
D00534,P00269,0,train
D00535,P00591,0,train
D00536,P00592,0,train
D00102,P00593,0,train
D00537,P00594,0,train
D00428,P00595,0,train
D00122,P00111,0,train
D00109,P00596,1,train
D00259,P00597,0,train
D00538,P00598,1,train
D00539,P00214,0,train
D00041,P00599,0,train
D00069,P00600,0,train
D00540,P00245,1,train
D00022,P00560,1,train
D00050,P00601,0,train
D00101,P00602,0,train
D00519,P00090,0,train
D00005,P00603,1,train
D00105,P00604,0,train
D00541,P00500,1,train
D00542,P00019,1,train
D00440,P00605,0,train
D00042,P00606,0,train
D00164,P00478,0,train
D00022,P00607,1,train
D00021,P00468,0,train
D00543,P00608,1,train
D00509,P00609,1,train
D00544,P00244,1,train
D00545,P00086,1,train
D00105,P00176,0,train
D00546,P00393,1,train
D00022,P00435,1,train
D00196,P00019,1,train
D00005,P00441,1,train
D00547,P00006,0,train
D00022,P00610,1,train
D00005,P00290,1,train
D00548,P00611,0,train
D00510,P00612,0,train
D00224,P00613,0,train
D00078,P00614,0,train
D00549,P00615,0,train
D00550,P00399,1,train
D00041,P00616,0,train
D00551,P00617,0,train
D00055,P00444,0,train
D00552,P00187,1,train
D00014,P00049,1,train
D00553,P00423,1,train
D00076,P00618,0,train
D00554,P00619,0,train
D00022,P00333,1,train
D00555,P00019,1,train
D00142,P00620,0,train
D00244,P00621,0,train
D00005,P00622,1,train
D00125,P00623,1,train
D00005,P00624,1,train
D00556,P00625,0,train
D00557,P00558,0,train
D00558,P00626,0,train
D00172,P00627,0,train
D00559,P00004,1,train
D00560,P00628,0,train
D00561,P00629,0,train
D00101,P00630,0,train
D00198,P00325,0,train
D00562,P00631,1,train
D00146,P00032,0,train
D00494,P00632,1,train
D00313,P00633,1,train
D00242,P00634,0,train
D00124,P00635,0,train
D00271,P00019,0,train
D00315,P00047,1,train
D00563,P00496,0,train
D00382,P00379,0,train
D00564,P00636,0,train
D00565,P00020,1,train
D00118,P00020,1,train
D00566,P00637,0,train
D00567,P00638,0,train
D00005,P00004,1,train
D00076,P00639,0,train
D00568,P00640,0,train
D00065,P00641,1,train
D00506,P00642,0,train
D00569,P00643,0,train
D00033,P00644,0,train
D00146,P00645,1,train
D00022,P00395,1,train
D00449,P00019,1,train
D00005,P00249,1,train
D00570,P00160,1,train
D00017,P00034,1,train
D00029,P00019,1,train
D00022,P00646,1,train
D00244,P00647,0,train
D00065,P00395,1,train
D00022,P00648,1,train
D00022,P00649,1,train
D00351,P00004,1,train
D00183,P00650,0,train
D00172,P00146,0,train
D00494,P00176,1,train
D00571,P00020,1,train
D00494,P00020,1,train
D00572,P00025,1,train
D00573,P00033,0,train
D00326,P00651,0,train
D00574,P00652,0,train
D00037,P00645,1,train
D00055,P00065,0,train
D00575,P00039,0,train
D00429,P00653,0,train
D00576,P00019,1,train
D00065,P00049,1,train
D00242,P00273,0,train
D00197,P00040,1,train
D00512,P00654,0,train
D00577,P00655,0,train
D00494,P00656,1,train
D00578,P00657,1,train
D00171,P00176,1,train
D00455,P00658,0,train
D00101,P00659,0,train
D00579,P00231,0,train
D00162,P00660,0,train
D00179,P00661,0,train
D00154,P00662,0,train
D00580,P00020,1,train
D00153,P00483,1,train
D00581,P00663,0,train
D00423,P00664,0,train
D00065,P00665,1,train
D00022,P00666,1,train
D00582,P00020,1,train
D00583,P00193,0,train
D00149,P00426,1,train
D00584,P00667,1,train
D00172,P00668,0,train
D00585,P00669,0,train
D00586,P00670,1,train
D00587,P00020,1,train
D00025,P00671,0,train
D00065,P00588,1,train
D00520,P00118,1,train
D00335,P00672,1,train
D00438,P00020,1,train
D00022,P00155,1,train
D00588,P00072,1,train
D00022,P00139,1,train
D00362,P00673,0,train
D00569,P00674,0,train
D00101,P00263,0,train
D00589,P00020,1,train
D00065,P00675,1,train
D00218,P00020,1,train
D00281,P00282,0,train
D00334,P00676,0,train
D00590,P00016,0,train
D00591,P00020,1,train
D00065,P00118,1,train
D00475,P00677,0,train
D00156,P00678,0,train
D00485,P00019,1,train
D00248,P00033,0,train
D00362,P00327,1,train
D00592,P00679,0,train
D00436,P00020,1,train
D00137,P00680,0,train
D00593,P00681,0,train
D00212,P00682,0,train
D00022,P00683,1,train
D00594,P00684,0,train
D00595,P00685,0,train
D00315,P00004,1,train
D00278,P00020,1,train
D00070,P00336,0,train
D00022,P00686,1,train
D00596,P00687,1,train
D00597,P00121,0,train
D00398,P00688,1,train
D00398,P00648,1,train
D00480,P00004,1,train
D00022,P00689,1,train
D00331,P00690,0,train
D00061,P00019,1,train
D00199,P00691,0,train
D00065,P00294,1,train
D00598,P00329,0,train
D00115,P00019,1,train
D00579,P00384,0,train
D00599,P00692,1,train
D00045,P00019,1,train
D00385,P00593,0,train
D00600,P00693,1,train
D00601,P00694,1,train
D00602,P00695,0,train
D00603,P00020,1,train
D00558,P00696,0,train
D00558,P00008,0,train
D00022,P00697,1,train
D00604,P00500,1,train
D00329,P00353,1,train
D00171,P00176,1,train
D00544,P00363,1,train
D00315,P00698,1,train
D00259,P00571,0,train
D00144,P00699,0,train
D00428,P00686,0,train
D00001,P00700,0,train
D00168,P00701,0,train
D00605,P00702,0,train
D00606,P00703,0,train
D00005,P00704,1,train
D00398,P00705,1,train
D00025,P00706,0,train
D00607,P00655,1,train
D00094,P00707,0,train
D00543,P00641,1,train
D00022,P00139,1,train
D00003,P00708,0,train
D00608,P00028,1,train
D00609,P00709,0,train
D00176,P00710,0,train
D00610,P00447,1,train
D00022,P00505,1,train
D00555,P00019,1,train
D00102,P00711,0,train
D00125,P00712,1,train
D00611,P00713,0,train
D00041,P00714,0,train
D00125,P00715,1,train
D00285,P00716,0,train
D00612,P00368,1,train
D00613,P00019,1,train
D00569,P00717,0,train
D00151,P00019,1,train
D00614,P00718,0,train
D00064,P00109,0,train
D00615,P00020,1,train
D00616,P00532,0,train
D00617,P00719,0,train
D00078,P00197,0,train
D00518,P00720,0,train
D00153,P00155,1,train
D00618,P00721,1,train
D00619,P00441,1,train
D00022,P00300,1,train
D00620,P00722,0,train
D00312,P00717,0,train
D00536,P00276,0,train
D00305,P00723,0,train
D00621,P00552,0,train
D00005,P00020,1,train
D00104,P00724,0,train
D00259,P00347,0,train
D00363,P00264,1,train
D00293,P00725,1,train
D00622,P00086,1,train
D00215,P00513,0,train
D00428,P00726,0,train
D00258,P00191,1,train
D00623,P00666,1,train
D00621,P00163,0,train
D00300,P00727,0,train
D00146,P00447,1,train
D00624,P00728,1,train
D00037,P00729,1,train
D00542,P00019,1,train
D00189,P00730,0,train
D00125,P00731,1,train
D00625,P00347,1,train
D00065,P00732,1,train
D00065,P00733,1,train
D00109,P00633,1,train
D00473,P00734,1,train
D00047,P00185,0,train
D00081,P00735,0,train
D00626,P00736,0,train
D00627,P00058,1,train
D00223,P00556,0,train
D00134,P00167,0,train
D00076,P00737,0,train
D00109,P00524,1,train
D00102,P00734,0,train
D00628,P00019,1,train
D00629,P00020,1,train
D00294,P00738,0,train
D00065,P00739,1,train
D00630,P00500,1,train
D00125,P00505,1,train
D00631,P00740,0,train
D00065,P00420,1,train
D00632,P00020,1,train
D00633,P00019,1,train
D00634,P00741,1,train
D00635,P00019,1,train
D00022,P00197,1,train
D00175,P00019,1,train
D00517,P00742,0,train
D00636,P00743,0,train
D00005,P00744,1,train
D00361,P00745,0,train
D00022,P00353,1,train
D00637,P00746,1,train
D00638,P00747,0,train
D00639,P00255,0,train
D00640,P00748,0,train
D00005,P00749,1,train
D00068,P00019,1,train
D00641,P00004,1,train
D00642,P00115,1,train
D00196,P00135,1,train
D00277,P00019,1,train
D00149,P00750,1,train
D00076,P00751,0,train
D00034,P00752,1,train
D00310,P00016,0,train
D00643,P00330,1,train
D00470,P00753,0,train
D00235,P00754,0,train
D00006,P00486,0,train
D00644,P00423,1,train
D00645,P00755,0,train
D00646,P00019,1,train
D00647,P00756,0,train
D00144,P00757,0,train
D00078,P00758,0,train
D00579,P00759,0,train
D00648,P00760,0,train
D00146,P00309,1,train
D00181,P00761,0,train
D00524,P00733,1,train
D00543,P00762,1,train
D00543,P00407,1,train
D00301,P00763,0,train
D00242,P00738,0,train
D00005,P00423,1,train
D00051,P00764,0,train
D00022,P00765,1,train
D00649,P00086,1,train
D00650,P00766,1,train
D00449,P00019,1,train
D00065,P00767,1,train
D00065,P00768,1,train
D00494,P00037,1,train
D00651,P00206,0,train
D00171,P00215,1,train
D00652,P00020,1,train
D00563,P00154,0,train
D00022,P00471,1,train
D00005,P00769,1,train
D00653,P00770,0,train
D00156,P00280,0,train
D00341,P00771,1,train
D00108,P00019,1,train
D00654,P00393,1,train
D00655,P00409,1,train
D00032,P00020,1,train
D00022,P00772,1,train
D00656,P00773,0,train
D00118,P00257,1,train
D00065,P00296,1,train
D00410,P00774,0,train
D00005,P00775,1,train
D00657,P00019,1,train
D00065,P00776,1,train
D00563,P00777,0,train
D00658,P00778,0,train
D00659,P00058,1,train
D00660,P00779,0,train
D00065,P00573,1,train
D00028,P00351,1,train
D00561,P00780,0,train
D00248,P00781,0,train
D00096,P00588,0,train
D00223,P00552,0,train
D00661,P00019,1,train
D00382,P00089,0,train
D00320,P00033,0,train
D00032,P00020,1,train
D00109,P00782,1,train
D00398,P00004,1,train
D00662,P00783,0,train
D00096,P00784,0,train
D00153,P00155,1,train
D00663,P00118,1,train
D00093,P00785,0,train
D00087,P00786,0,train
D00320,P00008,0,train
D00341,P00044,1,train
D00190,P00787,1,train
D00162,P00788,0,train
D00529,P00409,0,train
D00664,P00019,1,train
D00665,P00423,1,train
D00666,P00019,1,train
D00667,P00789,0,train
D00066,P00418,0,train
D00490,P00213,0,train
D00003,P00790,0,train
D00668,P00019,1,train
D00297,P00623,1,train
D00005,P00791,1,train
D00543,P00020,1,train
D00114,P00245,0,train
D00669,P00058,1,train
D00065,P00118,1,train
D00022,P00792,1,train
D00670,P00793,0,train
D00671,P00794,0,train
D00045,P00019,1,train
D00101,P00795,0,train
D00672,P00713,1,train
D00005,P00554,1,train
D00125,P00796,1,train
D00059,P00028,1,train
D00037,P00028,1,train
D00065,P00797,1,train
D00031,P00178,0,train
D00172,P00798,0,train
D00005,P00799,1,train
D00673,P00800,0,train
D00101,P00801,0,train
D00065,P00363,1,train
D00215,P00802,0,train
D00366,P00803,0,train
D00640,P00804,0,train
D00288,P00079,1,train
D00674,P00619,0,train
D00603,P00805,1,train
D00675,P00368,1,train
D00032,P00020,1,train
D00676,P00806,0,train
D00005,P00191,1,train
D00244,P00497,0,train
D00198,P00807,0,train
D00508,P00808,0,train
D00022,P00493,1,train
D00377,P00451,0,train
D00543,P00086,1,train
D00677,P00025,1,train
D00678,P00593,1,train
D00290,P00327,1,train
D00563,P00028,0,train
D00679,P00809,0,train
D00322,P00468,0,train
D00215,P00208,0,train
D00065,P00120,1,train
D00680,P00810,1,train
D00263,P00660,0,train
D00681,P00811,0,train
D00494,P00592,1,train
D00682,P00779,0,train
D00101,P00601,0,train
D00683,P00812,0,train
D00460,P00813,0,train
D00684,P00567,1,train
D00114,P00814,0,train
D00685,P00025,1,train
D00064,P00815,0,train
D00686,P00019,1,train
D00432,P00192,0,train
D00687,P00393,1,train
D00310,P00451,0,train
D00073,P00816,0,train
D00486,P00144,0,train
D00688,P00115,1,train
D00689,P00329,0,train
D00004,P00403,1,train
D00690,P00817,0,train
D00288,P00020,1,train
D00054,P00818,0,train
D00691,P00120,1,train
D00078,P00819,0,train
D00094,P00751,0,train
D00005,P00249,1,train
D00102,P00538,0,train
D00564,P00600,0,train
D00372,P00493,1,train
D00692,P00020,1,train
D00125,P00571,1,train
D00113,P00820,0,train
D00193,P00114,1,train
D00268,P00019,1,train
D00682,P00724,0,train
D00025,P00148,0,train
D00065,P00821,1,train
D00051,P00822,0,train
D00005,P00823,1,train
D00078,P00462,0,train
D00188,P00709,0,train
D00389,P00019,1,train
D00432,P00824,0,train
D00693,P00020,1,train
D00101,P00825,0,train
D00694,P00702,0,train
D00695,P00826,0,train
D00125,P00827,1,train
D00696,P00828,0,train
D00172,P00829,0,train
D00153,P00155,1,train
D00102,P00830,0,train
D00697,P00768,0,train
D00078,P00025,0,train
D00698,P00020,1,train
D00003,P00831,0,train
D00699,P00563,0,train
D00398,P00832,1,train
D00700,P00833,0,train
D00005,P00834,1,train
D00701,P00200,1,train
D00005,P00327,1,train
D00230,P00835,0,train
D00065,P00178,1,train
D00031,P00078,0,train
D00702,P00154,0,train
D00233,P00170,0,train
D00208,P00821,0,train
D00703,P00836,0,train
D00300,P00837,0,train
D00704,P00074,0,train
D00705,P00004,1,train
D00706,P00055,0,train
D00108,P00019,1,train
D00022,P00838,1,train
D00707,P00839,0,train
D00708,P00218,0,train
D00027,P00044,1,train
D00027,P00239,1,train
D00343,P00840,0,train
D00169,P00390,1,train
D00709,P00370,0,train
D00710,P00841,0,train
D00181,P00554,0,train
D00686,P00019,1,train
D00711,P00129,0,train
D00242,P00619,0,train
D00712,P00072,1,train
D00362,P00842,0,train
D00101,P00843,0,train
D00271,P00786,0,train
D00713,P00272,0,train
D00172,P00844,0,train
D00005,P00061,1,train
D00714,P00019,1,train
D00176,P00845,0,train
D00715,P00152,1,train
D00440,P00329,0,train
D00716,P00387,1,train
D00717,P00846,0,train
D00581,P00847,1,train
D00494,P00554,1,train
D00050,P00848,0,train
D00718,P00646,0,train
D00105,P00527,0,train
D00022,P00849,1,train
D00618,P00721,1,train
D00065,P00719,1,train
D00719,P00020,1,train
D00720,P00118,1,train
D00721,P00019,1,train
D00022,P00750,1,train
D00525,P00019,1,train
D00276,P00019,1,train
D00154,P00850,0,train
D00005,P00851,1,train
D00722,P00019,1,train
D00625,P00852,1,train
D00022,P00719,1,train
D00047,P00055,0,train
D00723,P00004,1,train
D00162,P00790,0,train
D00724,P00020,1,train
D00494,P00467,1,train
D00473,P00186,1,train
D00190,P00641,1,train
D00555,P00019,1,train
D00725,P00020,1,train
D00726,P00853,0,train
D00258,P00020,1,train
D00078,P00854,0,train
D00727,P00855,1,train
D00728,P00019,1,train
D00020,P00020,1,train
D00681,P00285,0,train
D00729,P00856,0,train
D00730,P00857,0,train
D00065,P00858,1,train
D00339,P00859,0,train
D00105,P00784,0,train
D00005,P00825,1,train
D00015,P00860,0,train
D00508,P00134,0,train
D00020,P00020,1,train
D00065,P00309,1,train
D00422,P00490,1,train
D00144,P00451,0,train
D00679,P00185,0,train
D00731,P00861,0,train
D00494,P00862,1,train
D00216,P00863,0,train
D00732,P00864,0,train
D00733,P00865,0,train
D00183,P00866,0,train
D00014,P00867,1,train
D00385,P00868,0,train
D00125,P00478,1,train
D00734,P00593,1,train
D00735,P00869,0,train
D00318,P00019,1,train
D00186,P00104,0,train
D00004,P00524,1,train
D00714,P00135,1,train
D00028,P00020,1,train
D00290,P00701,0,train
D00682,P00218,0,train
D00736,P00870,0,train
D00022,P00020,1,train
D00076,P00871,0,train
D00416,P00872,1,train
D00682,P00873,0,train
D00022,P00874,1,train
D00125,P00178,1,train
D00737,P00020,1,train
D00166,P00875,1,train
D00738,P00019,0,train
D00161,P00876,0,train
D00739,P00020,1,train
D00005,P00623,1,train
D00446,P00503,0,train
D00740,P00020,1,train
D00065,P00118,1,train
D00171,P00877,1,train
D00180,P00783,1,train
D00330,P00788,0,train
D00005,P00878,1,train
D00741,P00879,0,train
D00742,P00880,1,train
D00743,P00046,0,train
D00320,P00881,0,train
D00744,P00020,1,train
D00366,P00376,0,train
D00745,P00113,1,train
D00005,P00113,1,train
D00589,P00020,1,train
D00682,P00882,0,train
D00746,P00763,0,train
D00747,P00393,1,train
D00164,P00312,0,train
D00748,P00004,1,train
D00400,P00883,0,train
D00258,P00524,1,train
D00142,P00684,0,train
D00749,P00004,1,train
D00750,P00118,1,train
D00144,P00016,0,train
D00594,P00719,0,train
D00102,P00831,0,train
D00005,P00592,1,train
D00751,P00884,0,train
D00738,P00806,0,train
D00005,P00885,1,train
D00005,P00831,1,train
D00372,P00886,1,train
D00752,P00239,1,train
D00681,P00231,0,train
D00022,P00887,1,train
D00090,P00888,0,train
D00753,P00889,1,train
D00519,P00052,0,train
D00183,P00890,0,train
D00187,P00534,0,train
D00124,P00539,0,train
D00438,P00351,1,train
D00425,P00891,0,train
D00161,P00892,0,train
D00362,P00893,0,train
D00754,P00179,0,train
D00125,P00020,1,train
D00332,P00113,1,train
D00755,P00894,0,train
D00756,P00019,1,train
D00517,P00808,0,train
D00005,P00020,1,train
D00031,P00227,0,train
D00096,P00884,0,train
D00757,P00548,1,train
D00065,P00895,1,train
D00022,P00571,1,train
D00758,P00020,1,train
D00230,P00896,0,train
D00759,P00118,1,train
D00760,P00897,0,train
D00114,P00898,0,train
D00761,P00118,1,train
D00289,P00019,1,train
D00398,P00899,1,train
D00244,P00067,0,train
D00032,P00020,1,train
D00014,P00115,1,train
D00608,P00028,1,train
D00065,P00113,1,train
D00181,P00509,0,train
D00762,P00120,1,train
D00073,P00900,0,train
D00149,P00005,1,train
D00544,P00901,1,train
D00495,P00780,0,train
D00728,P00019,1,train
D00114,P00614,0,train
D00005,P00872,1,train
D00021,P00887,0,train
D00763,P00902,0,train
D00096,P00903,0,train
D00764,P00231,0,train
D00065,P00904,1,train
D00752,P00044,1,train
D00112,P00020,1,train
D00765,P00905,1,train
D00478,P00884,0,train
D00262,P00906,0,train
D00517,P00841,0,train
D00508,P00477,0,train
D00766,P00120,1,train
D00038,P00907,0,train
D00282,P00908,0,train
D00490,P00909,0,train
D00767,P00395,1,train
D00721,P00135,1,train
D00574,P00910,0,train
D00274,P00083,1,train
D00768,P00034,1,train
D00223,P00911,0,train
D00022,P00004,1,train
D00171,P00912,1,train
D00069,P00370,0,train
D00275,P00520,0,train
D00769,P00607,0,train
D00149,P00913,1,train
D00125,P00889,1,train
D00005,P00914,1,train
D00770,P00147,0,train
D00301,P00517,0,train
D00363,P00615,1,train
D00265,P00405,0,train
D00065,P00915,1,train
D00494,P00916,1,train
D00022,P00687,1,train
D00189,P00917,0,train
D00771,P00099,0,train
D00065,P00086,1,train
D00772,P00247,0,train
D00452,P00384,0,train
D00258,P00524,1,train
D00773,P00640,0,train
D00774,P00853,1,train
D00022,P00918,1,train
D00452,P00887,0,train
D00049,P00114,0,train
D00197,P00182,1,train
D00135,P00139,1,train
D00172,P00452,0,train
D00083,P00019,1,train
D00349,P00919,0,train
D00337,P00200,0,train
D00259,P00920,0,train
D00172,P00921,0,train
D00224,P00449,0,train
D00775,P00140,0,train
D00776,P00922,0,train
D00274,P00640,1,train
D00004,P00493,1,train
D00569,P00923,0,train
D00363,P00924,1,train
D00013,P00013,1,train
D00732,P00925,0,train
D00022,P00926,1,train
D00466,P00520,0,train
D00700,P00927,0,train
D00022,P00080,1,train
D00777,P00928,0,train
D00621,P00382,0,train
D00778,P00929,0,train
D00242,P00836,0,train
D00069,P00930,0,train
D00779,P00698,1,train
D00780,P00335,0,train
D00120,P00120,1,train
D00363,P00931,1,train
D00303,P00019,1,train
D00383,P00020,1,train
D00138,P00834,0,train
D00220,P00932,1,train
D00781,P00650,0,train
D00386,P00263,1,train
D00071,P00379,0,train
D00781,P00511,0,train
D00782,P00874,1,train
D00065,P00899,1,train
D00383,P00043,1,train
D00446,P00254,0,train
D00070,P00279,0,train
D00041,P00675,0,train
D00783,P00135,1,train
D00020,P00020,1,train
D00529,P00933,0,train
D00784,P00934,1,train
D00376,P00935,1,train
D00785,P00753,0,train
D00342,P00936,0,train
D00038,P00893,0,train
D00743,P00937,0,train
D00005,P00192,1,train
D00276,P00019,1,train
D00432,P00730,0,train
D00786,P00503,1,train
D00258,P00834,1,train
D00787,P00938,0,train
D00742,P00020,1,train
D00788,P00925,0,train
D00789,P00390,1,train
D00751,P00939,0,train
D00093,P00436,0,train
D00022,P00940,1,train
D00790,P00052,0,train
D00215,P00941,0,train
D00096,P00197,0,train
D00045,P00019,1,train
D00791,P00942,0,train
D00776,P00513,0,train
D00022,P00943,1,train
D00792,P00072,1,train
D00262,P00944,0,train
D00418,P00335,0,train
D00793,P00020,1,train
D00051,P00102,0,train
D00363,P00945,1,train
D00794,P00946,0,train
D00795,P00058,1,train
D00014,P00049,1,train
D00756,P00019,1,train
D00022,P00024,1,train
D00796,P00722,0,train
D00544,P00947,1,train
D00797,P00948,0,train
D00027,P00044,1,train
D00798,P00019,1,train
D00682,P00949,0,train
D00799,P00330,1,train
D00025,P00300,0,train
D00785,P00518,0,train
D00800,P00848,0,train
D00005,P00351,1,train
D00065,P00507,1,train
D00534,P00568,0,train
D00725,P00020,1,train
D00065,P00296,1,train
D00005,P00044,1,train
D00478,P00548,0,train
D00801,P00352,0,train
D00017,P00245,1,train
D00749,P00004,1,train
D00793,P00020,1,train
D00699,P00950,0,train
D00802,P00004,1,train
D00005,P00020,1,train
D00390,P00019,1,train
D00181,P00951,0,train
D00803,P00272,0,train
D00323,P00952,0,train
D00372,P00953,1,train
D00025,P00585,0,train
D00564,P00954,0,train
D00079,P00437,1,train
D00804,P00057,1,train
D00805,P00306,0,train
D00033,P00161,0,train
D00073,P00574,0,train
D00345,P00737,0,train
D00022,P00086,1,train
D00806,P00330,1,train
D00042,P00955,0,train
D00807,P00934,1,train
D00139,P00057,0,train
D00808,P00429,0,train
D00809,P00956,0,train
D00192,P00368,1,train
D00343,P00957,0,train
D00523,P00451,0,train
D00076,P00803,0,train
D00118,P00020,1,train
D00031,P00488,0,train
D00810,P00613,0,train
D00022,P00958,1,train
D00567,P00959,0,train
D00025,P00960,0,train
D00345,P00098,0,train
D00183,P00961,0,train
D00811,P00261,0,train
D00267,P00946,0,train
D00812,P00962,0,train
D00813,P00368,1,train
D00742,P00257,1,train
D00022,P00286,1,train
D00814,P00534,1,train
D00432,P00539,0,train
D00815,P00963,0,train
D00172,P00616,0,train
D00741,P00118,1,train
D00341,P00414,1,train
D00816,P00033,0,train
D00817,P00964,1,train
D00250,P00078,0,train
D00022,P00049,1,train
D00065,P00965,1,train
D00535,P00763,0,train
D00818,P00569,1,train
D00198,P00966,0,train
D00819,P00019,1,train
D00534,P00967,0,train
D00005,P00496,1,train
D00418,P00938,0,train
D00005,P00173,1,train
D00025,P00968,0,train
D00820,P00019,1,train
D00372,P00609,1,train
D00093,P00969,0,train
D00821,P00008,0,train
D00822,P00970,0,train
D00022,P00368,1,train
D00125,P00020,1,train
D00823,P00025,1,train
D00824,P00160,1,train
D00042,P00020,1,train
D00825,P00971,0,train
D00022,P00972,1,train
D00005,P00973,1,train
D00100,P00135,1,train
D00041,P00754,0,train
D00022,P00974,1,train
D00225,P00020,1,train
D00037,P00261,1,train
D00171,P00975,1,train
D00005,P00946,1,train
D00231,P00041,1,train
D00525,P00019,1,train
D00764,P00976,0,train
D00070,P00539,0,train
D00065,P00118,1,train
D00826,P00543,0,train
D00827,P00977,1,train
D00447,P00019,1,train
D00066,P00221,0,train
D00005,P00978,1,train
D00828,P00979,0,train
D00005,P00980,1,train
D00161,P00967,0,train
D00603,P00981,1,train
D00244,P00777,0,train
D00242,P00982,0,train
D00829,P00983,1,train
D00065,P00029,1,train
D00216,P00984,0,train
D00208,P00985,0,train
D00830,P00194,0,train
D00831,P00654,0,train
D00832,P00986,0,train
D00005,P00987,1,train
D00432,P00988,0,train
D00833,P00200,1,train
D00005,P00435,1,train
D00834,P00894,0,train
D00835,P00989,1,train
D00836,P00969,0,train
D00837,P00609,1,train
D00838,P00877,0,train
D00839,P00020,1,train
D00441,P00306,0,train
D00005,P00990,1,train
D00676,P00991,0,train
D00005,P00571,1,train
D00840,P00152,1,train
D00332,P00249,1,train
D00841,P00607,1,train
D00842,P00086,1,train
D00843,P00052,0,train
D00281,P00137,0,train
D00078,P00992,0,train
D00508,P00518,0,train
D00022,P00973,1,train
D00844,P00213,0,train
D00743,P00993,0,train
D00250,P00860,0,train
D00041,P00059,0,train
D00845,P00994,0,train
D00022,P00995,1,train
D00151,P00058,1,train
D00830,P00052,0,train
D00846,P00370,0,train
D00230,P00996,0,train
D00677,P00025,1,train
D00110,P00844,0,train
D00065,P00560,1,train
D00493,P00434,0,train
D00269,P00997,0,train
D00491,P00763,0,train
D00022,P00998,1,train
D00354,P00390,1,train
D00065,P00999,1,train
D00025,P00528,0,train
D00181,P00003,0,train
D00847,P01000,0,train
D00745,P01001,1,train
D00017,P00445,1,train
D00013,P00805,1,train
D00786,P00004,1,train
D00517,P01002,0,train
D00022,P00143,1,train
D00172,P01003,0,train
D00718,P01004,0,train
D00848,P01005,0,train
D00259,P01006,0,train
D00849,P00072,1,train
D00850,P00781,0,train
D00003,P01007,0,train
D00054,P00940,0,train
D00851,P00025,1,train
D00022,P01008,1,train
D00028,P00020,1,train
D00407,P00227,0,train
D00569,P00411,0,train
D00852,P00019,1,train
D00410,P00860,0,train
D00372,P00872,1,train
D00065,P01009,1,train
D00853,P00227,0,train
D00101,P00194,0,train
D00854,P00152,1,train
D00101,P01010,0,train
D00494,P01011,1,train
D00022,P00500,1,train
D00855,P00251,0,train
D00803,P00979,0,train
D00013,P00020,1,train
D00019,P00019,1,train
D00109,P00895,1,train
D00004,P00004,1,train
D00398,P00283,1,train
D00005,P00020,1,train
D00065,P01012,1,train
D00856,P00120,1,train
D00294,P01013,0,train
D00238,P00118,1,train
D00857,P00721,1,train
D00005,P01014,1,train
D00041,P00171,0,train
D00569,P01015,0,train
D00073,P01016,0,train
D00172,P00841,0,train
D00078,P00529,0,train
D00858,P01017,0,train
D00571,P00020,1,train
D00199,P00962,0,train
D00123,P01018,0,train
D00265,P01019,0,train
D00030,P00034,0,train
D00194,P00285,0,train
D00859,P00019,1,train
D00516,P00186,1,train
D00860,P00467,1,train
D00299,P01020,0,train
D00065,P00296,1,train
D00376,P00935,1,train
D00861,P01021,0,train
D00025,P00228,0,train
D00862,P00983,1,train
D00230,P00213,0,train
D00726,P00826,0,train
D00102,P01022,0,train
D00152,P00019,1,train
D00863,P00152,1,train
D00494,P00628,1,train
D00864,P00368,1,train
D00244,P00831,0,train
D00865,P00019,1,train
D00853,P01023,0,train
D00603,P00020,1,train
D00509,P00019,1,train
D00142,P00719,0,train
D00251,P01024,0,train
D00028,P00020,1,train
D00122,P00297,0,train
D00022,P00049,1,train
D00830,P01025,0,train
D00288,P01014,1,train
D00088,P00762,0,train
D00208,P01026,0,train
D00172,P01004,0,train
D00432,P00894,0,train
D00372,P01024,1,train
D00115,P00020,1,train
D00022,P00531,1,train
D00866,P01027,0,train
D00082,P00394,0,train
D00059,P01028,1,train
D00372,P01029,1,train
D00867,P00405,0,train
D00438,P00223,1,train
D00441,P00496,0,train
D00144,P01030,0,train
D00561,P00910,0,train
D00868,P01003,0,train
D00005,P00113,1,train
D00492,P00649,1,train
D00244,P01031,0,train
D00753,P00290,1,train
D00266,P01032,0,train
D00230,P01033,0,train
D00262,P00520,0,train
D00172,P00742,0,train
D00869,P01034,0,train
D00437,P00534,1,train
D00444,P01035,1,train
D00172,P00045,0,train
D00870,P00020,1,train
D00494,P00623,1,train
D00871,P00019,1,train
D00217,P00273,0,train
D00872,P00205,0,train
D00704,P00964,0,train
D00873,P00305,0,train
D00363,P00264,1,train
D00051,P01036,0,train
D00363,P00931,1,train
D00534,P00104,0,train
D00874,P00593,1,train
D00022,P00855,1,train
D00105,P01037,0,train
D00875,P00118,1,train
D00682,P00067,0,train
D00876,P01038,0,train
D00109,P00503,1,train
D00258,P00524,1,train
D00005,P00765,1,train
D00827,P00195,1,train
D00101,P01039,0,train
D00839,P00020,1,train
D00171,P00387,1,train
D00323,P00669,0,train
D00428,P01040,0,train
D00073,P00836,0,train
D00877,P00979,0,train
D00035,P00676,0,train
D00005,P01041,1,train
D00529,P00076,0,train
D00005,P00354,1,train
D00508,P01042,0,train
D00767,P00395,1,train
D00878,P00213,0,train
D00803,P01043,0,train
D00149,P00767,1,train
D00330,P00818,0,train
D00879,P01044,0,train
D00880,P00020,1,train
D00177,P00020,1,train
D00096,P01045,0,train
D00881,P00670,0,train
D00882,P00277,0,train
D00022,P01046,1,train
D00125,P01047,1,train
D00003,P01031,0,train
D00163,P00595,0,train
D00125,P00393,1,train
D00315,P01048,1,train
D00883,P00511,0,train
D00884,P01049,0,train
D00382,P00231,0,train
D00366,P00618,0,train
D00621,P00011,0,train
D00885,P01050,0,train
D00045,P00019,1,train
D00886,P00020,1,train
D00887,P00015,0,train
D00307,P00020,1,train
D00267,P00848,0,train
D00534,P00726,0,train
D00888,P00029,1,train
D00889,P00019,1,train
D00065,P01051,1,train
D00890,P00979,0,train
D00891,P00666,1,train
D00582,P00020,1,train
D00892,P01052,0,train
D00299,P00928,0,train
D00410,P00511,0,train
D00065,P01053,1,train
D00022,P01054,1,train
D00893,P01055,0,train
D00005,P01001,1,train
D00625,P00794,1,train
D00005,P00061,1,train
D00894,P01056,0,train
D00022,P00420,1,train
D00106,P00019,1,train
D00895,P00694,1,train
D00044,P00486,0,train
D00896,P00072,1,train
D00005,P00152,1,train
D00022,P00442,1,train
D00897,P00467,1,train
D00411,P00020,1,train
D00527,P01057,0,train
D00685,P00025,1,train
D00345,P01058,0,train
D00005,P01059,1,train
D00534,P01060,0,train
D00005,P01061,1,train
D00555,P00215,1,train
D00799,P00160,1,train
D00065,P00239,1,train
D00225,P00241,1,train
D00149,P00020,1,train
D00078,P00129,0,train
D00125,P00020,1,train
D00337,P01062,0,train
D00109,P00086,1,train
D00825,P01063,0,train
D00022,P01064,1,train
D00898,P00058,1,train
D00899,P00208,0,train
D00041,P01065,0,train
D00005,P01051,1,train
D00575,P00091,0,train
D00900,P00019,1,train
D00642,P00020,1,train
D00199,P00197,0,train
D00065,P01066,1,train
D00901,P00019,1,train
D00902,P00135,1,train
D00473,P00929,1,train
D00903,P01067,1,train
D00904,P00114,1,train
D00335,P00113,1,train
D00764,P00811,0,train
D00905,P00746,1,train
D00042,P01068,0,train
D00906,P00626,0,train
D00005,P01069,1,train
D00907,P00020,1,train
D00003,P00037,0,train
D00065,P00118,1,train
D00478,P01070,0,train
D00144,P00984,0,train
D00908,P00071,0,train
D00032,P00020,1,train
D00065,P00053,1,train
D00276,P00019,1,train
D00011,P00421,0,train
D00909,P01071,0,train
D00003,P01072,0,train
D00910,P00020,1,train
D00911,P00019,1,train
D00912,P00945,0,train
D00065,P00723,1,train
D00913,P01073,0,train
D00326,P00976,0,train
D00589,P00020,1,train
D00914,P01074,0,train
D00172,P00047,0,train
D00223,P00497,0,train
D00054,P00129,0,train
D00915,P00034,1,train
D00508,P00018,0,train
D00005,P01075,1,train
D00330,P00033,0,train
D00073,P01076,0,train
D00412,P00633,1,train
D00005,P00061,1,train
D00006,P00890,0,train
D00410,P01077,0,train
D00135,P00633,1,train
D00300,P00636,0,train
D00025,P01078,0,train
D00161,P00846,0,train
D00564,P00686,0,train
D00032,P00166,1,train
D00065,P01079,1,train
D00916,P01080,0,train
D00500,P00714,0,train
D00028,P00020,1,train
D00022,P01078,1,train
D00210,P00243,1,train
D00119,P00020,1,train
D00494,P00019,1,train
D00568,P01081,0,train
D00022,P01082,1,train
D00906,P00008,0,train
D00135,P01083,1,train
D00917,P00020,1,train
D00517,P00455,0,train
D00230,P00976,0,train
D00918,P00777,0,train
D00624,P00705,1,train
D00005,P01084,1,train
D00682,P00144,0,train
D00250,P00016,0,train
D00022,P01022,1,train
D00343,P01085,0,train
D00567,P00119,0,train
D00142,P00399,0,train
D00770,P01086,0,train
D00216,P01087,0,train
D00172,P01088,0,train
D00215,P00047,0,train
D00510,P01089,0,train
D00406,P00044,1,train
D00885,P01090,0,train
D00022,P01091,1,train
D00919,P00020,1,train
D00177,P00020,1,train
D00563,P01092,0,train
D00022,P00233,1,train
D00294,P00982,0,train
D00161,P00104,0,train
D00735,P00170,0,train
D00078,P00848,0,train
D00347,P00115,1,train
D00181,P00784,0,train
D00803,P00213,0,train
D00920,P00118,1,train
D00921,P00020,1,train
D00527,P00277,0,train
D00581,P01093,0,train
D00343,P01094,0,train
D00022,P00199,1,train
D00188,P00635,0,train
D00636,P01095,0,train
D00505,P00539,1,train
D00922,P01096,0,train
D00182,P00656,1,train
D00217,P00784,0,train
D00054,P00449,0,train
D00208,P01097,0,train
D00923,P00166,1,train
D00005,P00020,1,train
D00071,P00644,0,train
D00102,P00218,0,train
D00239,P00336,0,train
D00054,P01098,0,train
D00924,P00385,0,train
D00925,P00979,0,train
D00926,P00713,0,train
D00065,P01099,1,train
D00927,P00020,1,train
D00234,P00058,1,train
D00928,P01100,0,train
D00022,P00319,1,train
D00929,P01101,1,train
D00773,P01102,0,train
D00930,P00605,0,train
D00069,P00344,0,train
D00845,P00132,0,train
D00225,P00518,1,train
D00931,P00072,1,train
D00125,P00990,1,train
D00096,P00650,0,train
D00932,P01103,1,train
D00360,P00355,0,train
D00201,P01104,0,train
D00063,P00020,1,train
D00022,P00695,1,train
D00124,P00594,0,train
D00933,P00025,1,train
D00382,P01105,0,train
D00934,P00118,1,train
D00088,P00087,0,train
D00022,P00670,1,train
D00032,P01014,1,train
D00935,P00020,1,train
D00936,P00505,1,train
D00078,P00052,0,train
D00884,P00452,0,train
D00832,P01106,0,train
D00183,P01107,0,train
D00005,P00945,1,train
D00124,P00634,0,train
D00844,P00205,0,train
D00937,P00167,0,train
D00020,P00020,1,train
D00225,P01108,1,train
D00223,P00492,0,train
D00938,P00281,1,train
D00547,P00634,0,train
D00664,P00019,1,train
D00939,P00160,1,train
D00022,P01109,1,train
D00269,P01110,0,train
D00005,P00878,1,train
D00900,P00019,1,train
D00638,P00020,1,train
D00022,P00332,1,train
D00353,P00225,0,train
D00023,P00385,0,train
D00147,P00967,0,train
D00940,P00200,1,train
D00941,P01111,0,train
D00707,P00969,0,train
D00942,P00200,1,train
D00022,P00832,1,train
D00066,P01087,0,train
D00647,P00837,0,train
D00444,P00020,1,train
D00943,P00967,0,train
D00944,P00163,0,train
D00945,P00020,1,train
D00561,P00541,0,train
D00154,P01112,0,train
D00003,P00900,0,train
D00946,P00114,1,train
D00022,P01113,1,train
D00577,P01114,0,train
D00216,P01115,0,train
D00022,P01116,1,train
D00065,P01117,1,train
D00052,P01118,0,train
D00056,P00693,1,train
D00947,P00375,0,train
D00005,P01119,1,train
D00948,P01120,0,train
D00115,P00040,1,train
D00140,P00019,1,train
D00809,P01017,0,train
D00229,P00826,0,train
D00534,P00518,0,train
D00301,P01121,0,train
D00032,P00020,1,train
D00092,P00634,0,train
D00613,P00019,1,train
D00021,P01110,0,train
D00181,P00831,0,train
D00755,P01043,0,train
D00180,P00783,1,train
D00125,P01122,1,train
D00949,P00137,0,train
D00022,P01123,1,train
D00428,P01124,0,train
D00124,P01125,0,train
D00950,P00280,1,train
D00101,P01126,0,train
D00700,P01127,0,train
D00385,P01128,0,train
D00310,P00078,0,train
D00125,P00020,1,train
D00032,P00020,1,train
D00075,P00884,0,train
D00215,P01129,0,train
D00951,P01130,0,train
D00803,P00352,0,train
D00265,P01023,0,train
D00121,P00725,1,train
D00564,P01131,0,train
D00508,P01132,0,train
D00065,P00230,1,train
D00624,P00196,1,train
D00527,P00167,0,train
D00146,P00214,1,train
D00952,P01133,0,train
D00953,P01134,0,train
D00266,P01135,0,train
D00160,P01136,0,train
D00235,P00478,0,train
D00954,P01137,0,train
D00102,P01138,0,train
D00244,P01139,0,train
D00955,P00862,0,train
D00045,P00019,1,train
D00212,P01140,0,train
D00885,P01141,0,train
D00956,P00641,1,train
D00957,P00200,1,train
D00275,P00724,0,train
D00470,P01142,0,train
D00958,P00135,1,train
D00022,P00040,1,train
D00446,P00456,0,train
D00495,P00452,0,train
D00076,P01143,0,train
D00483,P00019,1,train
D00005,P01144,1,train
D00527,P00594,0,train
D00194,P00686,0,train
D00031,P00752,0,train
D00842,P00889,1,train
D00005,P00649,1,train
D00005,P00584,1,train
D00959,P00025,1,train
D00584,P01145,1,train
D00960,P00083,1,train
D00901,P00019,1,train
D00182,P00078,0,train
D00244,P00099,0,train
D00124,P00949,0,train
D00881,P01146,0,train
D00961,P00946,0,train
D00810,P00678,0,train
D00216,P00486,0,train
D00028,P00020,1,train
D00149,P01086,1,train
D00700,P00521,0,train
D00631,P01147,0,train
D00742,P00020,1,train
D00125,P00313,1,train
D00088,P00231,0,train
D00139,P01148,0,train
D00962,P00019,1,train
D00249,P00352,0,train
D00230,P01149,0,train
D00963,P00200,1,train
D00561,P00551,0,train
D00964,P00020,1,train
D00718,P01150,0,train
D00096,P00954,0,train
D00479,P01151,0,train
D00175,P00019,1,train
D00965,P01023,0,train
D00005,P01122,1,train
D00494,P01152,1,train
D00176,P01090,0,train
D00069,P00101,0,train
D00966,P00413,1,train
D00508,P01153,0,train
D00225,P00118,1,train
D00223,P00186,0,train
D00093,P01154,0,train
D00967,P00011,0,train
D00192,P00487,1,train
D00244,P00220,0,train
D00968,P00215,1,train
D00740,P00500,1,train
D00101,P00570,0,train
D00372,P01064,1,train
D00743,P01155,0,train
D00034,P00032,1,train
D00288,P00020,1,train
D00285,P00815,0,train
D00431,P01156,0,train
D00969,P00152,1,train
D00567,P00085,0,train
D00109,P01157,1,train
D00265,P00579,0,train
D00970,P00025,1,train
D00971,P00154,0,train
D00250,P01158,0,train
D00972,P00727,0,train
D00372,P00664,1,train
D00194,P01159,0,train
D00258,P00524,1,train
D00973,P00118,1,train
D00974,P00311,0,train
D00682,P00485,0,train
D00975,P00693,1,train
D00976,P01160,1,train
D00277,P00019,1,train
D00797,P00975,0,train
D00977,P00693,1,train
D00022,P00827,1,train
D00230,P01161,0,train
D00001,P00646,0,train
D00608,P00028,1,train
D00755,P01162,0,train
D00005,P00504,1,train
D00648,P00154,0,train
D00005,P00539,1,train
D00465,P00115,1,train
D00978,P00407,1,train
D00003,P01163,0,train
D00562,P00442,1,train
D00376,P01164,1,train
D00388,P01165,0,train
D00070,P00566,0,train
D00979,P01166,1,train
D00980,P00019,1,train
D00515,P00445,1,train
D00649,P00020,1,train
D00981,P01167,0,train
D00113,P00141,0,train
D00102,P01168,0,train
D00166,P00414,1,train
D00982,P00187,1,train
D00022,P00872,1,train
D00065,P00049,1,train
D00030,P01169,0,train
D00030,P00104,0,train
D00076,P01170,0,train
D00473,P00734,1,train
D00398,P01171,1,train
D00983,P00733,1,train
D00984,P00615,0,train
D00059,P00028,1,train
D00985,P00152,1,train
D00979,P00319,1,train
D00885,P00278,0,train
D00986,P00641,1,train
D00987,P00430,0,train
D00988,P00019,1,train
D00171,P00176,1,train
D00989,P01104,0,train
D00496,P00019,1,train
D00406,P00044,1,train
D00455,P00206,0,train
D00183,P00101,0,train
D00048,P00192,0,train
D00186,P01172,0,train
D00990,P00105,1,train
D00105,P01173,0,train
D00127,P00115,1,train
D00510,P01174,0,train
D00310,P01090,0,train
D00966,P01175,0,train
D00326,P00589,0,train
D00991,P00020,1,train
D00065,P00020,1,train
D00743,P00207,0,train
D00059,P00853,1,train
D00004,P00068,1,train
D00022,P00041,1,train
D00022,P00929,1,train
D00992,P00019,1,train
D00432,P00090,0,train
D00625,P00590,1,train
D00022,P01176,1,train
D00093,P01177,0,train
D00153,P00483,1,train
D00583,P01178,0,train
D00090,P01179,0,train
D00762,P00120,1,train
D00993,P00561,0,train
D00171,P01180,1,train
D00149,P00872,1,train
D00242,P00550,0,train
D00201,P00466,0,train
D00703,P00641,0,train
D00508,P01181,0,train
D00165,P00118,1,train
D00994,P00095,1,train
D00448,P00776,1,train
D00830,P01182,0,train
D00995,P00020,1,train
D00122,P00184,0,train
D00825,P00628,0,train
D00005,P00510,1,train
D00233,P00179,0,train
D00176,P00167,0,train
D00791,P01183,0,train
D00005,P00538,1,train
D00032,P00020,1,train
D00996,P00082,0,train
D00739,P00020,1,train
D00196,P00019,1,train
D00161,P00557,0,train
D00125,P00020,1,train
D00853,P00660,0,train
D00376,P01184,1,train
D00881,P00781,0,train
D00170,P00019,1,train
D00749,P00004,1,train
D00997,P00492,0,train
D00407,P00488,0,train
D00123,P01185,0,train
D00101,P00285,0,train
D00022,P00852,1,train
D00390,P00019,1,train
D00065,P00501,1,train
D00998,P00818,0,train
D00999,P00700,0,train
D00022,P00664,1,train
D00022,P00833,1,train
D01000,P01178,0,train
D00258,P00024,1,train
D00101,P01057,0,train
D00065,P01186,1,train
D00248,P00090,0,train
D01001,P00141,0,train
D01002,P01187,0,train
D00149,P01188,1,train
D00072,P01189,1,train
D00005,P01119,1,train
D00064,P00302,0,train
D00128,P00141,0,train
D01003,P00033,0,train
D00125,P00049,1,train
D01004,P00662,0,train
D00010,P00530,0,train
D01005,P00020,1,train
D01006,P00239,1,train
D00101,P01190,0,train
D00742,P00020,1,train
D01007,P00330,1,train
D00144,P01071,0,train
D00508,P00771,0,train
D00071,P01181,0,train
D00534,P01155,0,train
D00022,P01191,1,train
D01008,P00160,1,train
D00781,P00123,0,train
D00005,P00827,1,train
D00508,P00289,0,train
D01009,P01003,0,train
D00059,P00028,1,train
D00065,P01192,1,train
D00022,P00114,1,train
D00186,P00848,0,train
D00372,P01193,1,train
D00174,P00019,1,train
D00688,P00020,1,train
D01010,P00020,1,train
D00894,P00902,0,train
D00022,P01194,1,train
D00096,P00214,0,train
D00343,P01195,0,train
D00022,P00197,1,train
D01011,P00490,1,train
D00101,P01196,0,train
D00168,P00128,0,train
D01012,P00367,0,train
D00764,P00137,0,train
D00018,P01197,0,train
D00397,P00306,0,train
D00743,P01198,0,train
D00171,P01199,1,train
D00041,P01200,0,train
D00065,P00120,1,train
D01013,P00434,0,train
D00109,P00155,1,train
D00101,P00713,0,train
D00233,P01201,0,train
D00102,P01202,0,train
D00412,P00633,1,train
D00310,P00181,0,train
D00124,P00040,0,train
D01014,P00160,1,train
D01015,P01203,1,train
D00230,P00496,0,train
D00216,P00532,0,train
D00005,P01204,1,train
D00890,P00836,0,train
D00230,P00597,0,train
D00738,P00278,0,train
D00216,P00511,0,train
D00439,P01053,0,train
D00005,P00068,1,train
D00199,P00607,0,train
D00114,P00822,0,train
D01016,P00236,1,train
D00006,P00456,0,train
D00265,P01205,0,train
D00226,P00134,0,train
D01017,P00619,0,train
D01018,P00020,1,train
D00915,P00366,1,train
D00105,P00123,0,train
D00948,P01206,0,train
D00979,P00628,1,train
D00025,P00217,0,train
D00301,P01207,0,train
D00510,P01208,0,train
D01019,P01209,0,train
D00162,P00129,0,train
D00216,P01210,0,train
D00494,P00166,1,train
D01020,P00120,1,train
D00299,P00706,0,train
D00436,P00020,1,train
D00410,P01211,0,train
D01021,P00072,1,train
D01022,P00020,1,train
D00222,P00019,1,train
D01023,P00500,1,train
D00258,P01212,1,train
D00005,P00020,1,train
D00065,P00535,1,train
D00070,P01213,0,train
D00590,P01166,0,train
D00093,P01002,0,train
D00776,P00541,0,train
D01024,P01214,0,train
D00861,P01215,0,train
D00109,P01091,1,train
D00625,P00347,1,train
D00183,P00456,0,train
D00065,P01216,1,train
D00068,P00019,1,train
D00022,P01217,1,train
D01025,P00436,1,train
D00172,P00083,0,train
D00664,P00019,1,train
D00479,P00496,0,train
D00005,P01204,1,train
D01026,P00086,1,train
D00368,P00571,1,train
D01027,P00327,1,train
D00065,P00284,1,train
D00231,P00403,1,train
D01028,P01218,1,train
D00666,P00019,1,train
D00018,P00730,0,train
D01029,P00020,1,train
D00065,P01219,1,train
D00241,P00800,0,train
D00579,P00811,0,train
D01030,P00674,0,train
D00501,P00135,1,train
D00244,P01049,0,train
D00166,P00239,1,train
D00259,P01220,0,train
D01031,P00272,0,train
D01032,P01221,0,train
D00789,P00173,1,train
D00180,P01205,1,train
D00237,P00044,1,train
D00042,P00020,1,train
D00017,P00257,1,train
D00005,P00464,1,train
D00153,P00590,1,train
D01033,P00128,0,train
D00096,P00660,0,train
D00270,P00649,0,train
D01034,P00664,0,train
D00069,P01222,0,train
D00022,P01223,1,train
D00003,P01224,0,train
D00028,P00257,1,train
D00005,P01225,1,train
D00717,P01226,0,train
D00005,P01227,1,train
D00223,P01228,0,train
D00226,P00808,0,train
D01035,P00319,1,train
D00022,P01229,1,train
D00494,P01183,0,train
D00022,P01230,1,train
D00101,P01077,0,train
D00065,P00154,1,train
D00438,P00981,1,train
D00635,P00019,1,train
D00005,P00827,1,train
D00065,P01166,1,train
D00583,P00433,0,train
D01036,P01231,0,train
D00041,P01232,0,train
D01037,P00020,1,train
D01038,P00231,0,train
D01039,P00628,1,train
D01040,P00004,1,train
D00041,P00102,0,train
D00398,P01233,1,train
D00473,P00450,1,train
D01041,P00200,1,train
D00776,P00568,0,train
D00065,P00577,1,train
D00996,P01234,0,train
D00970,P00025,1,train
D01042,P00732,1,train
D00711,P01039,0,train
D00334,P00988,0,train
D00395,P00019,1,train
D00326,P01235,0,train
D00655,P00114,1,train
D00215,P00539,0,train
D00740,P00020,1,train
D00013,P00020,1,train
D00005,P00747,1,train
D01043,P00048,0,train
D00297,P00020,1,train
D01044,P00354,1,train
D00729,P00041,0,train
D00135,P00539,1,train
D00523,P00009,0,train
D01045,P00020,1,train
D00331,P00265,0,train
D00065,P00588,1,train
D01046,P00532,0,train
D00076,P00376,0,train
D01047,P00118,1,train
D00025,P00553,0,train
D00135,P00373,1,train
D00022,P00349,1,train
D00144,P01236,0,train
D00696,P00294,0,train
D00527,P00680,0,train
D00122,P00497,0,train
D00025,P01237,0,train
D00022,P01238,1,train
D00125,P01239,1,train
D00244,P01224,0,train
D00598,P00521,0,train
D00200,P00009,0,train
D00024,P00351,1,train
D01048,P00120,1,train
D00375,P00019,1,train
D00065,P00768,1,train
D00161,P00664,0,train
D00313,P00139,1,train
D00305,P01240,0,train
D00122,P00373,0,train
D00094,P01241,0,train
D00025,P01242,0,train
D00248,P01204,0,train
D00217,P00541,0,train
D00065,P00560,1,train
D01049,P00135,1,train
D00172,P00607,0,train
D00025,P00822,0,train
D00323,P00951,0,train
D01050,P00593,0,train
D00022,P00020,1,train
D00745,P00113,1,train
D00621,P00046,0,train
D00005,P01096,1,train
D00055,P00040,0,train
D00005,P01243,1,train
D00022,P00635,1,train
D00682,P00616,0,train
D00034,P00721,1,train
D01051,P00633,1,train
D00022,P00236,1,train
D01002,P00113,1,train
D00321,P00019,1,train
D00022,P01244,1,train
D00154,P00730,0,train
D00022,P01245,1,train
D00225,P01246,1,train
D00042,P00592,0,train
D00049,P00536,0,train
D01052,P00025,1,train
D00056,P00755,1,train
D00123,P00894,0,train
D00025,P00496,0,train
D00802,P00004,1,train
D00042,P00555,0,train
D00285,P00127,0,train
D00733,P00752,0,train
D00061,P00019,1,train
D00179,P01247,0,train
D00269,P01248,0,train
D00563,P01249,0,train
D00102,P01250,0,train
D01053,P01251,0,train
D00244,P01252,0,train
D00326,P01253,0,train
D01054,P00640,0,train
D01055,P00890,0,train
D00094,P00658,0,train
D00199,P01254,0,train
D01056,P00114,1,train
D00216,P00566,0,train
D01057,P01255,0,train
D00003,P01256,0,train
D00183,P00612,0,train
D00022,P00983,1,train
D00543,P00020,1,train
D00647,P00854,0,train
D01058,P00019,1,train
D01059,P00130,0,train
D00707,P01257,0,train
D00039,P00763,0,train
D00161,P01166,0,train
D00098,P00763,0,train
D00594,P00143,0,train
D00082,P00299,0,train
D00343,P01258,0,train
D00023,P00576,0,train
D01060,P00281,1,train
D00022,P00020,1,train
D00745,P00875,1,train
D00494,P00151,1,train
D00141,P00672,0,train
D01061,P00155,1,train
D00714,P00058,1,train
D00166,P00771,1,train
D00093,P00866,0,train
D01062,P00330,1,train
D00590,P00385,0,train
D01063,P00532,0,train
D00005,P00312,1,train
D00269,P00888,0,train
D01049,P00135,1,train
D01064,P00020,1,train
D01065,P00812,0,train
D00318,P00019,1,train
D00365,P00849,0,train
D01066,P00877,1,train
D00310,P01259,0,train
D00162,P01260,0,train
D00172,P01261,0,train
D00703,P00779,0,train
D00041,P01262,0,train
D00473,P00450,1,train
D01067,P00115,1,train
D00025,P01263,0,train
D00069,P01061,0,train
D00088,P00495,0,train
D01068,P00019,1,train
D00076,P00748,0,train
D00343,P01264,0,train
D01069,P01265,0,train
D00005,P00546,1,train
D00330,P00438,0,train
D00116,P00166,1,train
D00271,P01266,0,train
D00080,P00002,0,train
D00078,P00801,0,train
D01070,P00579,0,train
D01071,P00020,1,train
D00842,P00725,1,train
D01072,P00428,0,train
D00153,P00590,1,train
D00645,P00090,0,train
D00372,P00004,1,train
D00599,P00592,1,train
D01073,P00166,1,train
D01074,P01267,0,train
D01075,P01268,1,train
D01076,P00559,0,train
D00418,P00033,0,train
D00047,P01004,0,train
D00003,P01269,0,train
D00065,P00082,1,train
D00017,P00366,1,train
D01077,P00650,0,train
D00245,P00303,0,train
D00230,P01235,0,train
D00831,P00028,1,train
D01078,P01270,1,train
D01079,P01271,0,train
D00288,P00880,1,train
D00250,P01272,0,train
D01080,P00276,0,train
D00005,P00787,1,train
D01081,P00500,1,train
D00028,P00079,1,train
D01082,P00019,1,train
D00820,P00019,1,train
D00114,P00588,0,train
D00694,P01273,0,train
D00438,P00257,1,train
D01083,P00139,1,train
D00139,P00063,0,train
D00022,P00040,1,train
D00621,P01274,0,train
D01084,P00500,1,train
D01085,P01275,0,train
D00059,P01276,1,train
D01017,P00884,0,train
D00161,P00351,0,train
D00022,P00072,1,train
D00005,P00743,1,train
D01086,P00118,1,train
D00881,P00383,0,train
D00673,P00522,0,train
D00735,P01154,0,train
D00742,P00020,1,train
D00190,P00771,1,train
D00031,P00384,0,train
D01087,P00561,0,train
D01088,P01202,0,train
D00262,P00752,0,train
D00524,P01277,1,train
D01065,P00535,0,train
D00135,P01244,1,train
D00065,P01001,1,train
D01089,P00302,0,train
D01090,P01278,0,train
D00022,P01279,1,train
D01091,P00080,1,train
D01092,P00200,1,train
D00071,P01280,0,train
D00070,P00240,0,train
D00726,P01281,0,train
D01093,P00719,0,train
D00265,P01282,0,train
D00183,P01283,0,train
D00065,P00049,1,train
D00337,P01096,0,train
D00581,P00884,0,train
D01094,P00746,1,train
D01095,P00135,1,train
D00700,P01226,0,train
D00387,P00363,1,train
D00526,P00582,1,train
D00543,P00020,1,train
D00022,P00664,1,train
D00527,P00115,0,train
D01096,P00020,1,train
D00438,P01284,1,train
D00147,P01285,0,train
D00362,P00037,0,train
D00125,P00624,1,train
D00077,P00887,0,train
D00204,P00019,1,train
D01097,P00845,0,train
D00005,P01286,1,train
D00154,P00619,0,train
D00073,P00059,0,train
D00156,P00313,0,train
D00022,P00330,1,train
D00221,P00436,1,train
D00065,P00832,1,train
D00555,P00019,1,train
D00109,P01108,1,train
D00385,P00111,0,train
D00952,P00848,0,train
D00432,P00175,0,train
D01098,P00121,0,train
D00752,P01287,1,train
D00116,P00020,1,train
D01055,P01037,0,train
D00852,P00135,1,train
D00398,P01288,1,train
D00059,P00972,1,train
D00522,P00456,1,train
D00006,P01110,0,train
D00401,P01129,0,train
D01099,P00020,1,train
D00019,P00019,1,train
D00967,P00163,0,train
D00022,P00841,1,train
D01100,P00128,0,train
D00398,P00236,1,train
D00215,P00224,0,train
D00032,P00013,1,train
D01101,P01289,0,train
D00269,P01290,0,train
D01102,P01291,0,train
D01103,P00436,1,train
D00024,P00020,1,train
D00382,P00606,0,train
D00014,P00118,1,train
D00664,P00019,1,train
D00433,P01292,1,train
D00014,P00363,1,train
D00298,P00911,0,train
D01104,P00936,0,train
D00372,P00872,1,train
D01105,P00019,1,train
D00508,P00921,0,train
D00245,P00644,0,train
D00718,P01293,0,train
D01106,P00086,1,train
D00005,P01294,1,train
D01107,P00019,1,train
D00004,P00545,1,train
D01108,P00720,0,train
D00387,P01295,1,train
D01109,P00229,0,train
D00204,P00019,1,train
D00022,P00915,1,train
D00313,P00633,1,train
D00176,P01141,0,train
D01110,P00025,1,train
D00885,P00478,0,train
D00791,P00348,0,train
D00040,P00352,0,train
D00735,P00225,0,train
D00211,P00162,0,train
D00943,P00518,0,train
D01111,P00115,1,train
D00020,P01014,1,train
D00446,P01030,0,train
D00022,P00634,1,train
D00641,P00004,1,train
D00752,P00534,1,train
D01016,P00236,1,train
D00222,P00019,1,train
D01010,P00020,1,train
D00005,P01296,1,train
D00297,P00312,1,train
D00365,P01297,0,train
D01112,P00152,1,train
D01113,P00019,1,train
D01114,P01298,0,train
D01115,P00020,1,train
D00005,P00832,1,train
D00017,P00020,1,train
D00509,P00019,1,train
D01116,P00272,0,train
D00096,P00857,0,train
D00783,P00019,1,train
D00498,P00272,0,train
D00032,P00020,1,train
D01117,P01111,0,train
D00102,P01299,0,train
D01118,P01300,0,train
D00718,P00922,0,train
D00125,P00020,1,train
D00125,P00769,1,train
D01119,P00086,1,train
D00003,P00019,0,train
D00096,P01301,0,train
D00613,P00019,1,train
D00065,P00836,1,train
D01120,P00853,1,train
D00343,P01302,0,train
D01121,P00019,1,train
D00390,P00019,1,train
D00288,P00020,1,train
D00028,P00020,1,train
D00122,P00727,0,train
D00102,P01002,0,train
D00329,P00353,1,train
D00149,P00020,1,train
D00377,P00128,0,train
D00182,P01168,1,train
D00028,P00020,1,train
D00960,P00009,0,train
D00331,P00790,0,train
D01122,P00844,0,train
D00216,P00713,0,train
D00353,P01303,0,train
D00631,P01304,0,train
D00789,P00390,1,train
D00100,P00019,1,train
D00217,P00221,0,train
D00162,P00794,0,train
D00527,P01305,0,train
D00065,P01306,1,train
D00320,P01307,0,train
D00101,P00819,0,train
D00147,P00298,0,train
D01123,P00019,1,train
D00625,P00852,1,train
D01124,P00120,1,train
D01058,P00019,1,train
D00753,P01308,0,train
D00005,P00137,1,train
D00078,P00826,0,train
D00072,P00721,1,train
D00269,P00102,0,train
D00005,P00588,1,train
D00398,P00283,1,train
D00183,P00051,0,train
D00307,P00020,1,train
D01125,P00268,0,train
D00594,P00154,0,train
D01126,P00020,1,train
D00114,P01309,0,train
D00259,P01171,0,train
D00825,P00541,0,train
D01127,P00020,1,train
D00172,P01310,0,train
D01044,P01311,0,train
D00508,P01224,0,train
D00172,P00884,0,train
D01128,P00640,1,train
D00022,P00049,1,train
D01129,P00020,1,train
D01130,P00778,0,train
D00022,P01312,1,train
D00048,P01313,0,train
D00065,P01314,1,train
D00497,P00086,1,train
D00125,P00020,1,train
D00789,P00390,1,train
D00101,P01315,0,train
D00065,P01316,1,train
D00142,P01317,0,train
D00085,P00833,0,train
D00005,P00020,1,train
D00005,P00249,1,train
D00438,P00020,1,train
D00003,P01318,0,train
D00028,P00500,1,train
D00848,P00526,0,train
D00037,P00028,1,train
D00065,P01052,1,train
D01035,P00116,1,train
D00312,P00979,0,train
D01131,P00256,0,train
D00319,P00272,0,train
D01132,P01319,0,train
D00140,P00019,1,train
D00022,P00608,1,train
D00447,P00019,1,train
D00973,P00897,0,train
D00847,P00808,0,train
D00020,P00805,1,train
D00714,P00135,1,train
D01133,P00327,0,train
D00005,P00139,1,train
D00172,P00296,0,train
D00353,P00619,0,train
D00151,P00019,1,train
D01031,P00687,1,train
D01065,P00898,0,train
D00021,P00762,0,train
D01134,P00830,0,train
D00022,P01239,1,train
D00022,P00607,1,train
D00065,P01292,1,train
D00025,P00616,0,train
D01135,P00155,1,train
D00293,P00155,1,train
D01136,P00394,0,train
D00130,P01320,0,train
D00244,P00826,0,train
D01137,P01270,1,train
D00440,P00486,0,train
D00065,P01227,1,train
D01114,P01321,0,train
D00431,P00308,0,train
D01138,P00532,0,train
D00279,P00019,1,train
D00822,P01322,0,train
D00005,P00152,1,train
D00168,P00179,0,train
D00230,P01297,0,train
D00022,P01066,1,train
D00022,P00403,1,train
D00448,P00579,0,train
D01139,P00118,1,train
D00123,P00865,0,train
D00011,P00141,0,train
D01140,P01323,0,train
D01141,P01324,0,train
D00569,P01325,0,train
D00208,P01326,0,train
D00032,P00020,1,train
D00005,P01327,1,train
D00624,P00436,1,train
D01142,P00019,1,train
D00014,P00020,1,train
D01143,P00019,1,train
D00181,P01328,0,train
D01144,P01329,0,train
D00971,P00429,0,train
D01145,P00693,1,train
D00042,P00243,0,train
D00752,P00044,1,train
D01146,P00020,1,train
D00598,P00482,0,train
D01147,P00574,0,train
D01148,P00019,1,train
D00065,P00834,1,train
D00109,P00226,1,train
D00017,P00445,1,train
D00183,P00117,0,train
D00473,P00510,1,train
D00153,P01330,1,train
D01149,P01331,0,train
D01150,P00020,1,train
D00714,P00019,1,train
D00882,P00359,0,train
D00874,P00593,1,train
D00301,P01332,0,train
D00258,P00403,1,train
D00093,P00341,0,train
D00159,P00037,0,train
D00005,P00327,1,train
D00041,P00701,0,train
D00005,P00442,1,train
D00005,P00287,1,train
D00530,P01333,0,train
D00209,P01334,0,train
D00215,P00925,0,train
D00022,P00076,1,train
D00078,P00449,0,train
D00162,P00181,0,train
D00256,P01335,0,train
D00022,P01336,1,train
D01151,P01337,0,train
D00130,P01338,0,train
D00145,P01270,1,train
D00479,P00306,0,train
D00294,P01016,0,train
D00558,P01339,0,train
D00805,P01340,0,train
D00512,P01341,0,train
D00181,P01342,0,train
D00137,P00009,0,train
D01022,P00257,1,train
D00005,P00061,1,train
D00848,P01343,0,train
D00061,P00019,1,train
D00028,P00257,1,train
D00666,P00019,1,train
D00014,P00244,1,train
D00076,P00246,0,train
D00530,P01344,0,train
D01152,P00664,0,train
D00093,P00808,0,train
D00135,P00045,1,train
D00259,P00096,0,train
D01039,P00413,1,train
D00087,P00722,0,train
D00573,P00090,0,train
D00975,P00693,1,train
D00814,P00471,1,train
D00807,P01345,1,train
D00801,P00115,0,train
D00101,P01089,0,train
D00194,P00115,0,train
D00101,P00532,0,train
D01153,P00115,1,train
D00249,P00881,0,train
D00223,P00891,0,train
D00101,P01346,0,train
D00703,P00040,0,train
D01097,P01347,0,train
D00182,P01287,1,train
D01154,P01027,0,train
D00028,P00020,1,train
D00242,P01348,0,train
D00040,P00078,0,train
D00398,P01144,1,train
D00005,P00518,1,train
D00666,P00019,1,train
D00487,P00019,1,train
D00022,P01349,1,train
D01155,P01096,1,train
D00743,P01350,0,train
D00094,P01170,0,train
D00473,P00154,1,train
D00065,P01051,1,train
D00024,P00020,1,train
D00479,P01163,0,train
D00153,P01330,1,train
D00005,P00889,1,train
D00401,P00941,0,train
D00139,P00678,0,train
D00022,P00633,1,train
D01156,P00368,1,train
D00093,P00544,0,train
D01157,P00020,1,train
D01158,P00762,0,train
D00241,P00593,0,train
D01159,P00491,0,train
D00741,P00135,1,train
D00102,P00854,0,train
D01160,P00439,0,train
D00005,P00833,1,train
D00928,P01351,0,train
D00733,P00205,0,train
D00363,P00670,1,train
D00431,P01048,0,train
D00216,P00065,0,train
D00906,P00745,0,train
D00209,P00268,0,train
D01161,P00414,1,train
D01162,P00816,0,train
D00881,P01352,0,train
D01163,P00004,1,train
D00707,P01043,0,train
D00473,P00120,1,train
D01120,P00403,1,train
D00022,P00571,1,train
D00190,P00044,1,train
D00076,P00707,0,train
D00022,P00264,1,train
D00172,P00071,0,train
D01164,P00666,1,train
D00524,P01148,1,train
D00493,P01353,0,train
D00005,P00020,1,train
D00022,P00628,1,train
D01165,P00281,1,train
D01166,P00134,0,train
D00723,P00004,1,train
D00330,P01354,0,train
D00752,P00239,1,train
D00231,P00186,1,train
D00003,P00024,0,train
D01167,P00076,1,train
D00022,P00624,1,train
D00941,P01355,0,train
D01061,P00230,1,train
D00862,P00867,1,train
D01168,P00693,1,train
D00507,P00273,0,train
D01169,P00020,1,train
D01170,P00593,1,train
D01171,P00019,1,train
D00991,P00020,1,train
D00269,P00300,0,train
D00080,P01356,0,train
D00718,P00101,0,train
D00022,P01171,1,train
D00038,P00486,0,train
D01172,P00019,1,train
D00005,P00382,1,train
D00022,P00053,1,train
D01173,P00436,1,train
D00438,P00020,1,train
D00115,P01035,1,train
D00259,P00651,0,train
D01174,P01357,1,train
D00122,P00520,0,train
D00742,P00020,1,train
D00494,P00868,1,train
D01175,P01358,1,train
D00398,P00004,1,train
D01176,P00019,1,train
D00065,P00496,1,train
D01177,P00040,0,train
D00005,P01359,1,train
D01093,P01336,0,train
D00065,P00560,1,train
D00470,P00642,0,train
D01153,P00020,1,train
D01178,P01167,0,train
D01015,P00019,1,train
D00331,P01360,0,train
D00544,P01327,1,train
D01179,P00527,0,train
D01180,P00889,1,train
D00041,P00974,0,train
D00998,P00233,0,train
D00088,P00122,0,train
D00979,P00020,1,train
D00022,P01361,1,train
D01181,P00020,1,train
D00478,P01362,0,train
D00022,P00166,1,train
D00233,P00388,0,train
D00029,P00019,1,train
D00083,P00019,1,train
D00363,P00118,1,train
D01182,P01363,0,train
D00238,P00552,0,train
D00439,P00171,0,train
D00051,P01364,0,train
D00025,P00798,0,train
D00113,P01231,0,train
D00125,P00610,1,train
D00967,P00732,0,train
D00486,P00298,0,train
D01183,P00511,0,train
D00383,P00076,1,train
D00176,P00579,0,train
D00065,P01365,1,train
D01184,P01366,0,train
D00065,P01367,1,train
D00508,P00647,0,train
D00104,P01368,0,train
D01185,P00118,1,train
D00005,P00794,1,train
D00266,P00583,0,train
D01186,P00120,1,train
D01187,P00629,0,train
D01188,P00120,1,train
D01189,P00020,1,train
D00766,P00120,1,train
D00714,P00019,1,train
D00666,P00019,1,train
D00326,P01369,0,train
D00049,P00466,0,train
D00544,P00209,1,train
D00543,P00608,1,train
D00334,P01370,0,train
D00635,P00058,1,train
D01190,P00386,0,train
D00269,P01364,0,train
D00664,P00019,1,train
D00055,P00418,0,train
D00703,P00060,0,train
D00050,P00179,0,train
D00064,P01004,0,train
D00256,P00902,0,train
D00005,P01284,1,train
D00005,P01181,1,train
D00438,P01218,1,train
D00005,P00020,1,train
D00017,P01203,1,train
D00866,P01371,0,train
D00250,P01372,0,train
D01029,P00020,1,train
D00006,P00541,0,train
D00560,P01373,0,train
D00958,P00019,1,train
D01191,P00118,1,train
D01192,P00352,0,train
D00162,P01364,0,train
D00022,P01374,1,train
D01193,P00205,0,train
D00503,P00055,1,train
D00125,P01375,1,train
D00226,P00341,0,train
D01194,P00020,1,train
D00854,P00152,1,train
D01195,P01223,0,train
D00022,P01376,1,train
D00109,P00028,1,train
D00135,P01377,1,train
D01095,P00135,1,train
D00301,P01378,0,train
D01196,P01379,0,train
D00071,P01380,0,train
D00857,P00721,1,train
D00844,P01381,0,train
D00022,P00287,1,train
D00385,P00795,0,train
D00076,P01382,0,train
D00109,P00155,1,train
D01197,P00003,0,train
D00473,P01123,1,train
D00022,P01383,1,train
D00005,P00040,1,train
D00037,P00106,1,train
D00005,P00370,1,train
D00700,P01384,0,train
D00230,P00979,0,train
D01198,P00019,1,train
D00539,P00600,0,train
D01199,P01292,1,train
D00022,P00554,1,train
D00092,P00441,0,train
D00341,P00044,1,train
D00311,P00203,0,train
D00106,P00019,1,train
D00072,P00118,1,train
D00147,P00381,0,train
D00529,P00564,0,train
D00005,P01222,1,train
D00583,P00821,0,train
D00567,P00292,0,train
D00065,P00049,1,train
D00343,P01385,0,train
D01200,P00072,1,train
D01201,P00135,1,train
D00022,P00734,1,train
D00602,P01386,0,train
D00109,P00020,1,train
D00315,P00200,1,train
D01202,P00020,1,train
D00438,P00020,1,train
D00447,P00019,1,train
D00239,P00700,0,train
D00022,P01225,1,train
D00032,P00020,1,train
D01203,P00120,1,train
D00795,P00019,1,train
D01204,P01152,1,train
D00125,P00393,1,train
D00045,P00019,1,train
D00801,P01247,0,train
D01205,P00072,1,train
D00172,P00874,0,train
D01206,P00020,1,train
D00508,P00933,0,train
D01207,P00032,0,train
D00908,P00985,0,train
D00561,P01120,0,train
D01208,P00019,1,train
D00752,P00044,1,train
D00781,P00592,0,train
D01209,P00082,0,train
D00676,P01387,0,train
D00065,P00100,1,train
D00005,P01388,1,train
D01210,P00020,1,train
D00558,P00654,0,train
D00182,P00451,0,train
D00539,P01389,0,train
D00592,P00046,0,train
D00005,P00113,1,train
D00125,P00624,1,train
D00134,P01379,0,train
D01211,P00349,1,train
D00262,P00594,0,train
D00082,P00088,0,train
D01212,P00368,1,train
D00900,P00019,1,train
D00022,P00450,1,train
D00054,P01136,0,train
D00005,P00040,1,train
D00172,P01390,0,train
D00065,P00776,1,train
D00244,P01167,0,train
D00872,P00455,0,train
D00122,P00484,0,train
D00131,P01088,0,train
D00125,P01041,1,train
D00579,P01391,0,train
D00105,P00071,0,train
D00069,P01389,0,train
D01213,P00641,1,train
D00393,P00727,0,train
D01214,P00168,0,train
D00122,P01125,0,train
D00005,P00061,1,train
D00529,P01130,0,train
D00147,P01392,0,train
D00114,P00854,0,train
D00428,P01393,0,train
D00065,P01394,1,train
D00005,P00610,1,train
D00390,P00215,1,train
D00181,P01197,0,train
D01136,P01395,0,train
D01215,P00579,0,train
D00315,P00953,1,train
D01216,P00025,1,train
D00162,P00944,0,train
D00041,P00335,0,train
D00073,P00296,0,train
D01217,P00105,1,train
D00343,P01396,0,train
D01218,P00128,0,train
D00005,P01277,1,train
D00258,P00113,1,train
D00618,P00571,1,train
D00707,P01154,0,train
D00345,P00803,0,train
D00119,P00020,1,train
D00265,P01305,0,train
D01219,P01392,0,train
D01220,P00436,1,train
D00142,P00059,0,train
D01221,P00709,0,train
D00086,P00086,1,train
D00299,P00379,0,train
D01222,P00393,1,train
D01204,P01191,1,train
D00441,P00141,0,train
D00233,P00869,0,train
D00022,P00155,1,train
D00041,P00211,0,train
D00005,P01397,1,train
D00065,P01398,1,train
D00430,P00207,0,train
D00059,P01028,1,train
D00101,P00345,0,train
D01223,P00963,0,train
D00065,P00073,1,train
D00005,P00880,1,train
D01224,P00200,1,train
D00059,P00333,1,train
D00494,P00445,1,train
D01225,P01352,0,train
D00115,P00366,1,train
D01226,P00877,1,train
D00116,P00020,1,train
D00022,P00576,1,train
D00161,P01399,0,train
D01227,P00493,1,train
D00183,P00486,0,train
D01158,P00884,0,train
D00587,P00115,1,train
D00438,P00880,1,train
D00004,P00004,1,train
D01087,P01400,0,train
D00130,P01401,0,train
D00065,P01402,1,train
D00743,P01205,0,train
D00960,P00641,1,train
D00624,P00215,1,train
D01228,P00423,1,train
D00125,P00346,1,train
D01229,P00020,1,train
D00440,P01403,0,train
D01161,P00787,1,train
D00225,P00049,1,train
D00219,P01231,0,train
D00065,P01365,1,train
D00022,P01404,1,train
D00005,P00499,1,train
D00223,P01168,0,train
D00230,P01127,0,train
D00494,P01059,1,train
D01230,P00251,0,train
D00005,P00158,1,train
D00005,P00113,1,train
D00005,P00020,1,train
D01122,P01405,0,train
D01231,P00894,0,train
D00535,P00643,0,train
D00419,P00078,0,train
D00181,P00065,0,train
D00065,P00118,1,train
D00065,P00403,1,train
D00748,P00004,1,train
D00927,P00020,1,train
D01015,P00445,1,train
D00561,P00830,0,train
D00078,P00083,0,train
D00682,P00714,0,train
D00065,P00039,1,train
D00265,P00815,0,train
D00398,P01406,1,train
D00172,P01407,0,train
D00022,P00872,1,train
D00124,P00592,0,train
D00847,P01309,0,train
D00065,P00119,1,train
D01232,P01408,0,train
D00882,P01409,0,train
D00022,P00641,1,train
D00022,P01410,1,train
D00548,P00511,0,train
D00872,P00884,0,train
D01070,P00277,0,train
D00504,P00548,1,train
D00426,P01411,0,train
D00438,P00020,1,train
D01149,P00137,0,train
D00147,P00477,0,train
D00022,P00940,1,train
D00703,P00144,0,train
D00018,P00148,0,train
D00958,P00019,1,train
D00943,P00104,0,train
D00125,P00836,1,train
D00003,P01412,0,train
D00071,P01093,0,train
D00161,P01413,0,train
D00561,P00802,0,train
D01233,P00470,1,train
D00153,P00369,1,train
D01234,P00045,1,train
D00199,P00747,0,train
D00707,P00894,0,train
D00089,P00470,0,train
D00444,P00500,1,train
D00022,P00725,1,train
D00022,P00120,1,train
D00547,P01265,0,train
D00438,P00020,1,train
D00743,P00556,0,train
D00122,P00686,0,train
D00005,P00020,1,train
D00149,P01414,1,train
D00485,P00019,1,train
D00139,P01106,0,train
D00102,P01415,0,train
D01235,P00832,1,train
D00076,P01416,0,train
D00022,P01417,1,train
D00198,P01418,0,train
D00005,P00554,1,train
D00215,P00638,0,train
D00037,P00309,1,train
D00069,P00225,0,train
D00041,P01129,0,train
D00131,P00808,0,train
D00410,P01089,0,train
D00438,P00013,1,train
D00567,P01419,0,train
D00065,P00898,1,train
D00163,P00527,0,train
D01236,P00118,1,train
D00288,P00020,1,train
D00005,P01196,1,train
D01237,P00045,1,train
D01150,P00283,1,train
D01238,P00657,0,train
D01239,P00118,1,train
D00912,P01420,0,train
D00497,P00118,1,train
D00496,P00019,1,train
D00345,P00751,0,train
D00440,P00413,0,train
D00041,P00240,0,train
D00022,P00020,1,train
D00022,P00833,1,train
D00109,P01118,1,train
D01240,P00762,0,train
D00022,P00445,1,train
D01058,P00019,1,train
D00003,P01421,0,train
D01241,P00020,1,train
D00838,P00115,0,train
D00284,P00019,1,train
D00128,P00303,0,train
D00170,P00058,1,train
D00016,P00009,0,train
D01242,P00214,1,train
D00177,P00126,1,train
D00270,P00650,0,train
D00297,P00020,1,train
D00102,P00873,0,train
D01243,P00587,0,train
D00005,P00004,1,train
D00648,P01131,0,train
D00022,P00562,1,train
D00703,P01422,0,train
D00567,P01423,0,train
D01244,P00305,0,train
D00022,P00033,1,train
D00055,P01337,0,train
D00022,P00118,1,train
D00049,P00023,0,train
D00527,P00052,0,train
D00038,P00612,0,train
D00130,P01424,0,train
D01245,P00592,1,train
D00161,P01425,0,train
D00005,P01426,1,train
D01171,P00019,1,train
D01246,P01292,0,train
D00022,P00264,1,train
D00307,P00500,1,train
D00183,P01036,0,train
D00666,P00215,1,train
D01247,P00019,1,train
D00217,P01287,0,train
D00078,P00780,0,train
D01122,P01150,0,train
D00244,P00429,0,train
D00073,P00440,0,train
D00094,P00943,0,train
D00265,P00288,0,train
D00047,P01003,0,train
D01187,P00725,1,train
D00438,P00020,1,train
D00567,P00115,0,train
D01085,P00027,0,train
D01027,P00007,1,train
D00473,P00734,1,train
D00580,P00020,1,train
D00094,P01427,0,train
D00882,P01428,0,train
D00005,P00020,1,train
D00845,P00870,0,train
D00017,P01035,1,train
D01248,P00025,1,train
D00547,P00051,0,train
D00398,P01429,1,train
D01192,P00428,0,train
D01249,P01274,0,train
D00378,P01291,1,train
D00012,P00282,0,train
D00215,P00884,0,train
D00314,P00160,1,train
D00389,P00019,1,train
D00366,P00737,0,train
D01174,P01430,1,train
D00690,P01431,0,train
D00508,P01297,0,train
D00258,P00165,1,train
D01150,P00020,1,train
D00118,P00257,1,train
D01250,P00019,1,train
D00125,P00020,1,train
D00429,P01150,0,train
D00372,P00554,1,train
D00041,P00941,0,train
D00032,P00366,1,train
D00098,P00967,0,train
D00149,P00020,1,train
D00005,P01273,1,train
D00005,P00870,1,train
D00022,P00057,1,train
D00248,P00285,0,train
D00400,P01432,0,train
D01251,P00187,1,train
D00065,P01433,1,train
D01252,P00611,0,train
D00022,P00607,1,train
D00542,P00567,1,train
D00718,P00777,0,train
D00543,P01434,1,train
D00005,P01435,1,train
D01164,P00020,1,train
D01253,P01436,0,train
D01254,P01127,0,train
D00341,P00239,1,train
D00711,P00394,0,train
D00005,P01437,1,train
D01127,P00020,1,train
D01255,P01438,0,train
D00204,P00019,1,train
D00250,P00009,0,train
D00208,P00714,0,train
D00005,P01118,1,train
D00065,P01064,1,train
D00004,P01439,1,train
D00472,P00215,1,train
D00389,P00019,1,train
D01133,P00853,0,train
D00041,P00482,0,train
D00071,P00663,0,train
D00101,P01162,0,train
D00102,P00564,0,train
D01256,P00349,1,train
D00672,P01440,1,train
D00987,P00247,0,train
D00149,P00918,1,train
D00495,P01163,0,train
D01257,P00025,1,train
D00065,P00283,1,train
D00022,P00545,1,train
D01258,P00020,1,train
D00343,P01441,0,train
D00718,P00425,0,train
D00174,P00019,1,train
D01259,P00470,1,train
D01260,P00191,1,train
D00022,P01442,1,train
D00776,P00971,0,train
D01261,P00121,0,train
D00258,P00582,1,train
D00142,P00381,0,train
D00345,P00246,0,train
D00270,P01443,0,train
D00296,P01326,0,train
D00603,P00020,1,train
D00125,P01444,1,train
D00316,P00193,0,train
D00271,P01343,0,train
D00512,P00033,0,train
D00923,P00020,1,train
D00005,P01445,1,train
D00028,P00013,1,train
D00065,P01446,1,train
D01262,P00010,0,train
D00398,P01171,1,train
D00398,P01181,1,train
D01263,P00025,1,train
D01264,P00176,0,train
D00567,P01148,0,train
D00875,P00118,1,train
D00065,P00776,1,train
D00094,P00173,0,train
D00664,P00019,1,train
D00389,P00215,1,train
D00149,P00560,1,train
D00558,P00676,0,train
D00065,P00772,1,train
D00005,P00538,1,train
D00154,P01447,0,train
D00494,P00243,1,train
D01059,P00294,0,train
D01161,P00771,1,train
D00332,P01448,1,train
D00621,P01449,0,train
D00027,P00044,1,train
D01265,P00032,0,train
D00139,P01450,0,train
D00385,P01451,0,train
D00144,P01326,0,train
D00215,P01452,0,train
D00146,P00031,1,train
D00171,P00853,1,train
D01266,P00462,0,train
D00003,P01453,0,train
D00078,P01454,0,train
D00225,P01455,1,train
D01267,P01456,1,train
D00032,P00020,1,train
D00065,P00968,1,train
D00561,P01457,0,train
D00065,P00496,1,train
D00341,P01458,1,train
D00034,P00721,1,train
D00233,P01459,0,train
D01268,P01460,0,train
D00236,P00019,1,train
D00915,P00013,1,train
D01269,P00020,1,train
D00739,P00020,1,train
D00131,P00679,0,train
D01006,P00044,1,train
D00022,P01287,1,train
D00075,P01461,0,train
D00564,P00101,0,train
D00181,P01462,0,train
D00702,P01463,0,train
D01034,P00884,0,train
D00015,P01464,0,train
D00473,P00413,1,train
D00073,P00484,0,train
D00022,P00111,1,train
D01270,P00379,0,train
D01271,P00004,1,train
D01272,P00506,0,train
D00096,P01307,0,train
D00301,P00179,0,train
D01273,P00366,1,train
D00259,P00669,0,train
D00543,P00020,1,train
D00031,P01465,0,train
D01274,P01466,0,train
D00872,P00713,0,train
D00005,P01467,1,train
D01275,P00019,1,train
D00300,P01118,0,train
D00038,P00117,0,train
D00093,P01147,0,train
D00491,P00037,0,train
D00511,P00118,1,train
D00684,P00019,1,train
D01132,P01468,0,train
D00307,P00020,1,train
D00005,P00113,1,train
D00022,P00028,1,train
D00288,P00020,1,train
D00786,P01008,1,train
D01276,P01469,0,train
D01277,P00806,0,train
D01278,P00659,0,train
D00572,P00025,1,train
D00065,P01470,1,train
D00005,P00113,1,train
D01279,P00025,1,train
D01280,P00830,0,train
D00611,P01471,0,train
D00752,P00026,1,train
D00621,P00438,0,train
D00065,P01048,1,train
D01281,P01472,0,train
D00331,P00920,0,train
D00764,P00597,0,train
D00105,P01110,0,train
D00066,P01473,0,train
D01282,P00281,1,train
D01252,P01254,0,train
D00013,P00020,1,train
D01136,P01163,0,train
D00342,P00529,0,train
D01022,P00013,1,train
D00444,P00257,1,train
D00428,P00800,0,train
D00800,P00208,0,train
D00650,P00596,1,train
D00005,P00249,1,train
D01283,P01459,0,train
D00803,P01205,0,train
D00113,P00433,0,train
D00135,P00633,1,train
D00125,P00712,1,train
D00345,P01170,0,train
D01284,P00019,1,train
D00561,P00967,0,train
D00102,P01147,0,train
D00022,P01474,1,train
D00445,P00527,0,train
D00102,P00604,0,train
D00008,P01040,0,train
D00866,P01475,0,train
D00426,P00135,0,train
D00141,P00556,0,train
D00024,P01014,1,train
D00123,P00686,0,train
D01285,P00083,1,train
D00021,P00592,0,train
D00378,P01476,1,train
D00001,P00701,0,train
D00005,P01477,1,train
D01286,P00152,1,train
D00581,P00161,0,train
D00225,P00118,1,train
D00718,P01003,0,train
D00005,P00625,1,train
D00065,P01160,1,train
D00923,P00020,1,train
D00025,P01478,0,train
D00022,P00020,1,train
D00564,P01309,0,train
D01287,P00830,0,train
D00109,P00069,1,train
D00621,P00367,0,train
D00271,P00745,0,train
D01288,P00379,0,train
D00398,P00283,1,train
D01289,P00135,1,train
D00022,P01479,1,train
D00065,P00698,1,train
D00621,P00994,0,train
D00198,P00643,0,train
D00106,P00019,1,train
D00385,P00268,0,train
D00011,P00247,0,train
D00151,P00019,1,train
D01290,P00019,1,train
D01136,P00807,0,train
D00141,P01473,0,train
D00707,P00399,0,train
D00065,P00094,1,train
D00082,P00482,0,train
D00307,P00283,1,train
D00980,P00019,1,train
D00461,P00266,0,train
D00125,P00399,1,train
D00037,P00150,1,train
D00005,P01193,1,train
D01045,P00020,1,train
D00244,P01480,0,train
D00271,P01481,0,train
D00065,P00049,1,train
D00448,P00373,1,train
D00995,P00020,1,train
D00014,P00049,1,train
D00022,P00309,1,train
D01196,P01309,0,train
D00543,P00096,1,train
D00258,P00004,1,train
D00703,P00197,0,train
D00022,P00972,1,train
D00022,P00827,1,train
D01252,P00289,0,train
D01291,P00114,1,train
D00134,P00460,0,train
D00795,P00019,1,train
D00609,P01482,0,train
D00048,P00158,0,train
D01292,P00557,1,train
D00679,P01336,0,train
D00172,P01483,0,train
D00438,P00020,1,train
D00065,P00320,1,train
D00390,P00019,1,train
D00139,P00085,0,train
D00005,P00746,1,train
D00900,P00019,1,train
D00073,P00200,0,train
D00001,P00068,0,train
D01293,P00428,0,train
D00076,P01484,0,train
D00065,P01245,1,train
D01294,P00823,1,train
D00068,P00019,1,train
D00005,P00571,1,train
D00017,P01203,1,train
D00065,P01246,1,train
D00101,P00774,0,train
D01295,P01366,0,train
D00563,P01485,0,train
D00022,P00853,1,train
D00139,P01486,0,train
D00594,P00530,0,train
D01122,P00984,0,train
D00225,P01230,1,train
D00343,P01487,0,train
D00125,P00020,1,train
D00102,P00629,0,train
D00398,P01488,1,train
D00287,P00141,0,train
D00071,P01489,0,train
D01296,P00028,1,train
D01297,P00734,0,train
D01298,P00072,1,train
D00042,P00520,0,train
D01299,P00349,1,train
D00485,P00019,1,train
D00179,P00439,0,train
D00416,P00139,1,train
D00073,P01490,0,train
D00034,P00286,1,train
D00519,P01312,0,train
D00122,P01024,0,train
D00566,P00218,0,train
D00005,P01491,1,train
D00182,P00725,1,train
D00276,P00019,1,train
D01300,P01151,0,train
D01136,P01187,0,train
D00599,P00692,1,train
D01301,P01492,0,train
D00301,P01493,0,train
D01302,P00532,0,train
D00980,P00019,1,train
D00478,P01494,0,train
D00598,P00074,0,train
D00048,P01449,0,train
D00022,P00782,1,train
D01056,P01495,1,train
D00137,P00016,0,train
D01303,P00520,0,train
D00162,P01185,0,train
D00543,P00490,1,train
D01304,P01304,0,train
D00048,P00994,0,train
D00065,P01148,1,train
D01305,P00128,0,train
D00041,P00955,0,train
D00602,P01496,0,train
D00390,P00019,1,train
D00071,P00433,0,train
D00539,P01497,0,train
D01102,P01498,0,train
D00038,P00919,0,train
D00461,P01499,0,train
D00302,P00116,1,train
D00776,P01233,0,train
D00482,P01131,0,train
D00718,P00315,0,train
D01264,P01048,0,train
D01159,P00206,0,train
D00135,P00539,1,train
D00070,P00701,0,train
D01022,P00013,1,train
D01306,P00020,1,train
D01307,P01171,0,train
D00264,P00370,0,train
D00741,P00917,0,train
D00005,P00970,1,train
D01308,P01500,0,train
D00807,P00118,1,train
D00065,P00254,1,train
D00125,P00628,1,train
D00153,P00369,1,train
D01309,P00072,1,train
D00028,P01501,1,train
D01310,P00082,0,train
D00073,P01096,0,train
D00065,P00634,1,train
D00544,P00901,1,train
D00398,P00872,1,train
D00065,P00547,1,train
D00149,P00366,1,train
D00172,P01076,0,train
D00022,P00028,1,train
D00489,P01502,0,train
D00172,P00562,0,train
D00598,P01344,0,train
D01311,P00578,0,train
D01252,P00950,0,train
D00382,P01354,0,train
D00506,P00128,0,train
D00005,P01284,1,train
D00181,P00960,0,train
D01312,P00025,1,train
D00563,P00794,0,train
D01058,P00019,1,train
D00177,P01203,1,train
D00171,P01287,1,train
D00044,P01017,0,train
D01313,P01303,0,train
D00038,P01503,0,train
D00065,P00799,1,train
D00102,P01504,0,train
D01287,P00119,0,train
D00005,P00901,1,train
D00330,P00110,0,train
D00113,P00181,0,train
D01314,P00019,1,train
D00564,P00687,0,train
D00161,P01432,0,train
D00635,P00019,1,train
D00544,P01276,1,train
D00065,P01505,1,train
D00912,P01318,0,train
D01315,P01506,0,train
D01316,P00120,1,train
D00005,P00012,1,train
D00363,P00670,1,train
D01261,P01049,0,train
D00183,P01507,0,train
D00087,P00806,0,train
D00817,P00746,1,train
D00172,P00869,0,train
D00037,P00421,1,train
D00474,P00118,1,train
D00014,P01508,1,train
D01317,P00115,1,train
D01318,P00929,0,train
D01150,P00020,1,train
D00101,P00129,0,train
D00102,P01509,0,train
D00022,P00831,1,train
D01319,P00135,1,train
D01320,P00020,1,train
D00105,P00435,0,train
D00558,P01232,0,train
D00293,P00155,1,train
D00216,P01354,0,train
D00259,P01510,0,train
D01321,P00128,0,train
D00274,P00429,1,train
D01322,P00141,0,train
D00861,P01412,0,train
D01323,P00890,0,train
D00101,P00230,0,train
D00692,P00020,1,train
D00105,P00760,0,train
D00171,P01379,1,train
D00901,P00019,1,train
D00151,P00019,1,train
D01324,P00004,1,train
D00176,P00277,0,train
D01325,P00019,1,train
D01326,P01289,0,train
D00065,P00044,1,train
D00491,P01511,0,train
D00065,P00313,1,train
D00830,P01126,0,train
D01327,P01185,0,train
D01328,P00155,0,train
D00563,P01512,0,train
D00005,P01291,1,train
D00116,P00020,1,train
D00594,P01513,0,train
D00927,P00020,1,train
D00005,P01514,1,train
D01329,P00946,1,train
D01261,P00989,0,train
D00186,P00967,0,train
D00065,P01515,1,train
D00056,P00687,1,train
D01330,P00118,1,train
D00042,P01480,0,train
D00216,P01017,0,train
D00005,P00214,1,train
D00374,P00154,1,train
D00168,P01272,0,train
D01072,P00040,0,train
D01331,P00020,1,train
D01332,P01516,0,train
D00727,P00285,1,train
D01333,P01517,0,train
D00958,P00019,1,train
D00760,P01042,0,train
D00690,P00743,0,train
D00217,P01518,0,train
D00901,P00019,1,train
D00149,P00631,1,train
D00125,P00040,1,train
D00094,P01416,0,train
D00718,P00925,0,train
D00639,P01519,0,train
D00583,P01259,0,train
D00077,P00763,0,train
D00998,P00385,0,train
D00550,P00123,1,train
D00076,P00098,0,train
D01334,P00072,1,train
D01061,P00155,1,train
D00398,P00393,1,train
D00188,P00340,0,train
D00438,P00366,1,train
D00093,P01520,0,train
D01335,P01521,0,train
D00065,P00195,1,train
D00745,P00113,1,train
D01336,P01206,0,train
D00564,P00040,0,train
D01337,P01522,0,train
D00005,P01523,1,train
D00037,P01524,1,train
D00170,P00019,1,train
D00432,P00817,0,train
D01338,P00118,1,train
D00020,P00020,1,train
D00090,P00310,0,train
D00343,P01525,0,train
D00846,P00117,0,train
D00065,P01526,1,train
D00005,P00734,1,train
D00022,P00017,1,train
D00573,P00434,0,train
D00199,P00689,0,train
D00114,P01237,0,train
D00684,P00610,1,train
D00323,P01527,0,train
D00960,P00206,0,train
D00172,P00900,0,train
D00022,P00139,1,train
D01317,P00020,1,train
D00164,P01528,0,train
D01339,P01359,1,train
D00673,P01040,0,train
D00071,P00893,0,train
D00022,P01529,1,train
D00372,P00004,1,train
D00846,P00139,0,train
D01340,P00105,1,train
D01341,P00640,1,train
D00334,P00549,0,train
D00443,P00135,1,train
D00065,P00421,1,train
D01342,P00019,1,train
D00773,P01380,0,train
D01201,P00019,1,train
D00022,P00159,1,train
D00148,P00423,1,train
D00071,P01140,0,train
D00718,P01226,0,train
D00590,P00939,0,train
D01343,P00237,0,train
D00042,P00621,0,train
D00390,P00019,1,train
D00169,P00390,1,train
D01344,P00963,0,train
D00718,P01480,0,train
D00267,P01304,0,train
D00718,P00109,0,train
D01345,P00520,0,train
D00038,P00176,0,train
D00005,P00935,1,train
D00022,P00872,1,train
D00330,P01027,0,train
D00040,P00451,0,train
D01346,P00615,0,train
D00943,P00848,0,train
D00065,P01530,1,train
D01257,P00025,1,train
D00113,P00096,0,train
D00514,P00141,0,train
D00547,P01110,0,train
D00071,P00450,0,train
D00005,P01239,1,train
D01347,P00072,1,train
D00018,P00906,0,train
D00033,P01259,0,train
D00288,P00013,1,train
D00663,P00086,1,train
D01348,P00080,1,train
D00618,P00032,1,train
D00334,P00763,0,train
D00004,P00524,1,train
D00046,P00026,1,train
D00740,P00020,1,train
D00313,P00633,1,train
D01349,P01531,0,train
D00172,P01532,0,train
D00051,P00620,0,train
D00764,P00946,0,train
D00125,P01227,1,train
D00372,P00086,1,train
D00416,P00872,1,train
D00010,P01533,0,train
D00707,P00680,0,train
D01348,P00080,1,train
D00655,P01534,1,train
D00005,P00841,1,train
D00370,P00019,1,train
D00054,P01226,0,train
D00149,P00426,1,train
D00076,P00402,0,train
D01113,P00019,1,train
D00118,P00020,1,train
D00718,P00496,0,train
D00076,P01427,0,train
D00005,P00513,1,train
D00161,P00587,0,train
D01350,P01535,0,train
D00022,P00049,1,train
D01351,P01536,1,train
D01352,P01537,1,train
D00164,P00355,0,train
D00487,P00135,1,train
D00089,P00679,0,train
D00031,P00016,0,train
D00071,P01538,0,train
D00755,P00090,0,train
D00022,P00155,1,train
D00176,P01050,0,train
D01196,P01100,0,train
D00742,P00020,1,train
D00624,P00420,1,train
D00478,P01539,0,train
D00884,P01419,0,train
D00096,P01540,0,train
D00621,P00871,0,train
D00006,P01222,0,train
D01353,P01172,0,train
D00022,P01368,1,train
D00740,P01035,1,train
D00230,P01541,0,train
D01113,P00135,1,train
D00209,P00251,0,train
D00101,P00442,0,train
D00550,P00473,1,train
D00785,P00892,0,train
D01354,P00025,1,train
D00032,P00020,1,train
D00647,P00673,0,train
D00065,P01542,1,train
D00181,P01543,0,train
D01355,P00019,1,train
D00238,P00403,0,train
D00259,P00807,0,train
D00005,P00867,1,train
D00065,P01544,1,train
D00172,P01545,0,train
D01012,P00466,0,train
D00310,P01546,0,train
D00022,P01547,1,train
D00059,P00114,1,train
D00065,P00413,1,train
D00383,P00020,1,train
D00561,P01150,0,train
D01356,P00642,1,train
D00258,P01250,1,train
D01357,P00019,1,train
D00037,P00029,1,train
D00005,P01548,1,train
D00472,P00019,1,train
D01358,P00658,0,train
D00496,P00019,1,train
D01359,P00121,0,train
D01360,P00746,1,train
D00125,P00838,1,train
D00210,P00214,1,train
D01361,P00019,1,train
D01362,P01549,0,train
D00569,P01550,0,train
D01363,P01551,0,train
D00345,P01552,0,train
D00764,P01187,0,train
D00096,P01262,0,train
D00281,P00035,0,train
D01216,P00025,1,train
D01364,P00985,1,train
D01273,P00020,1,train
D00065,P01160,1,train
D00270,P00434,0,train
D00137,P01553,0,train
D00302,P00319,1,train
D00005,P01554,1,train
D00937,P00355,0,train
D00004,P01555,1,train
D00265,P00193,0,train
D00009,P00428,0,train
D00693,P00020,1,train
D01365,P00020,1,train
D00022,P01244,1,train
D01366,P01556,0,train
D01195,P01260,0,train
D00032,P00020,1,train
D00022,P01171,1,train
D00217,P01557,0,train
D00357,P00393,1,train
D01367,P01226,0,train
D00230,P01200,0,train
D00544,P00244,1,train
D00022,P00543,1,train
D01368,P00725,1,train
D00226,P00742,0,train
D01369,P00386,0,train
D00005,P00020,1,train
D01370,P00576,1,train
D00328,P01558,0,train
D00943,P00551,0,train
D01292,P00975,1,train
D01133,P01285,0,train
D00288,P00981,1,train
D00480,P00004,1,train
D01371,P00118,1,train
D00151,P00019,1,train
D00561,P00971,0,train
D00215,P00579,0,train
D00307,P00034,1,train
D00269,P01559,0,train
D01234,P00428,0,train
D00040,P01372,0,train
D00319,P00218,0,train
D00383,P00139,1,train
D00072,P01091,1,train
D01204,P00055,1,train
D00481,P01370,0,train
D00376,P01184,1,train
D01056,P01560,0,train
D00014,P00020,1,train
D00442,P00846,0,train
D00372,P01458,1,train
D00065,P01561,1,train
D00372,P00346,1,train
D01162,P00551,0,train
D00161,P01562,0,train
D00527,P00405,0,train
D00022,P01430,1,train
D00194,P01043,0,train
D00230,P01563,0,train
D00567,P00205,0,train
D00377,P00949,0,train
D00005,P01476,1,train
D00773,P00909,0,train
D00425,P00278,0,train
D00104,P00604,0,train
D00125,P01041,1,train
D00446,P00329,0,train
D00042,P01564,0,train
D01372,P00647,0,train
D01373,P00118,1,train
D00139,P01131,0,train
D00714,P00019,1,train
D01374,P00816,0,train
D00065,P01565,1,train
D01165,P00281,1,train
D00301,P00172,0,train
D01375,P00004,1,train
D00636,P01018,0,train
D00101,P01566,0,train
D00410,P01190,0,train
D00037,P01567,1,train
D00583,P01231,0,train
D00041,P00830,0,train
D00172,P00109,0,train
D00449,P00019,1,train
D01376,P00550,0,train
D00726,P00060,0,train
D01377,P00664,0,train
D00008,P01568,0,train
D00718,P01285,0,train
D00869,P01569,0,train
D00105,P00095,0,train
D00853,P00167,0,train
D01378,P00057,1,train
D01379,P00286,1,train
D00473,P00120,1,train
D00242,P01570,0,train
D00718,P00552,0,train
D00017,P00445,1,train
D00022,P01196,1,train
D00105,P01125,0,train
D00005,P01042,1,train
D01380,P01570,0,train
D00144,P00128,0,train
D00244,P01370,0,train
D01381,P00086,1,train
D00065,P00378,1,train
D00310,P01141,0,train
D00543,P00120,1,train
D00337,P00076,0,train
D00020,P00020,1,train
D00065,P01571,1,train
D01382,P00385,0,train
D00047,P00930,0,train
D01383,P00520,0,train
D01384,P00020,1,train
D00294,P01222,0,train
D00980,P00019,1,train
D00847,P00134,0,train
D00543,P01572,1,train
D00494,P01573,1,train
D00068,P00019,1,train
D00022,P00633,1,train
D00171,P01295,1,train
D01219,P01486,0,train
D01018,P00020,1,train
D00172,P00225,0,train
D00621,P01313,0,train
D00114,P00026,0,train
D00258,P00524,1,train
D00248,P00438,0,train
D01385,P01560,0,train
D00066,P00444,0,train
D00059,P00853,1,train
D00170,P00019,1,train
D00022,P00308,1,train
D00913,P01574,0,train
D01386,P01240,1,train
D00294,P01409,0,train
D00137,P00078,0,train
D00119,P01014,1,train
D00181,P00989,0,train
D00436,P00020,1,train
D01192,P01043,0,train
D00210,P00243,1,train
D01387,P01027,0,train
D00872,P00294,0,train
D01388,P01575,1,train
D00031,P00496,0,train
D00564,P01107,0,train
D01314,P00135,1,train
D00022,P01576,1,train
D00005,P00522,1,train
D00611,P00465,0,train
D00102,P01163,0,train
D00345,P00804,0,train
D01389,P00327,0,train
D00049,P00282,0,train
D01390,P00019,1,train
D00446,P00612,0,train
D00494,P00020,1,train
D00078,P01577,0,train
D01391,P00020,1,train
D01392,P00115,1,train
D00161,P00956,0,train
D00258,P00649,1,train
D00387,P00944,0,train
D00076,P00397,0,train
D00315,P00872,1,train
D00089,P00579,0,train
D00047,P00882,0,train
D00508,P01010,0,train
D00025,P00445,0,train
D00172,P01578,0,train
D00363,P00931,1,train
D00529,P00456,0,train
D00271,P00299,0,train
D00398,P00872,1,train
D00212,P00352,0,train
D00519,P00186,0,train
D00176,P01347,0,train
D00122,P00668,0,train
D00885,P01347,0,train
D00769,P00808,0,train
D00857,P00032,1,train
D00022,P00245,1,train
D01393,P01579,0,train
D01394,P00393,1,train
D01395,P00115,1,train
D00578,P00982,1,train
D00014,P00020,1,train
D00078,P00630,0,train
D00547,P00563,0,train
D00005,P01580,1,train
D00754,P00303,0,train
D00743,P01285,0,train
D00147,P01198,0,train
D00014,P00020,1,train
D00693,P00020,1,train
D00890,P00446,0,train
D00022,P00028,1,train
D01396,P00788,0,train
D00130,P00436,0,train
D00494,P00312,1,train
D00005,P01581,1,train
D00022,P00037,1,train
D00922,P00636,0,train
D01190,P01154,0,train
D01397,P01135,1,train
D00067,P01034,0,train
D00889,P00019,1,train
D00621,P01582,0,train
D00487,P00019,1,train
D00125,P01041,1,train
D00065,P01583,1,train
D00343,P01584,0,train
D00443,P00019,1,train
D00635,P01175,0,train
D00878,P00123,0,train
D00003,P01585,0,train
D00144,P01405,0,train
D01398,P01354,1,train
D01399,P00093,0,train
D00479,P00777,0,train
D00022,P00020,1,train
D00022,P00657,1,train
D01400,P00072,1,train
D00473,P00028,1,train
D00052,P00262,0,train
D00182,P00471,1,train
D00078,P00551,0,train
D01401,P00019,1,train
D00124,P01173,0,train
D00166,P00026,1,train
D00125,P01196,1,train
D00372,P01439,1,train
D00022,P00614,1,train
D01249,P01393,0,train
D00022,P00118,1,train
D01402,P00019,1,train
D00288,P00880,1,train
D00735,P01414,0,train
D01403,P00058,1,train
D00398,P00853,1,train
D00022,P01346,1,train
D01072,P01210,0,train
D00645,P00702,0,train
D00517,P00593,0,train
D00012,P00059,0,train
D00269,P01118,0,train
D00065,P00346,1,train
D01348,P01187,0,train
D00508,P01031,0,train
D00065,P00039,1,train
D01404,P00609,1,train
D01133,P01577,0,train
D00982,P01586,1,train
D01108,P01587,0,train
D01405,P00713,0,train
D00113,P01259,0,train
D00217,P01336,0,train
D00539,P01222,0,train
D00406,P00026,1,train
D01048,P00120,1,train
D00028,P00020,1,train
D00534,P00389,0,train
D01040,P00004,1,train
D00134,P01588,0,train
D00473,P00510,1,train
D00962,P00019,1,train
D01102,P01589,0,train
D00244,P00481,0,train
D00102,P01590,0,train
D00005,P01591,1,train
D00100,P00019,1,train
D00140,P00135,1,train
D00502,P00004,1,train
D00031,P00680,0,train
D00025,P01424,0,train
D00065,P01414,1,train
D00230,P01592,0,train
D00149,P00767,1,train
D01079,P01381,0,train
D00005,P00312,1,train
D00217,P00409,0,train
D00258,P00028,1,train
D00619,P01548,1,train
D00237,P00044,1,train
D00140,P00019,1,train
D01406,P00500,1,train
D00205,P01038,0,train
D00444,P00366,1,train
D00286,P01593,0,train
D00045,P00019,1,train
D00149,P00020,1,train
D00639,P01594,0,train
D01061,P00155,1,train
D00055,P00221,0,train
D01407,P00019,1,train
D00100,P00019,1,train
D00022,P00113,1,train
D00022,P01192,1,train
D00608,P00028,1,train
D00115,P00019,1,train
D00048,P01595,0,train
D00022,P00283,1,train
D01283,P00933,0,train
D00001,P01596,0,train
D00861,P01163,0,train
D00022,P00124,1,train
D01408,P00140,0,train
D00125,P00575,1,train
D00401,P00114,0,train
D01409,P01597,1,train
D00702,P00709,0,train
D00022,P00538,1,train
D01263,P00025,1,train
D00162,P00194,0,train
D00288,P00020,1,train
D01410,P01155,0,train
D00005,P00013,1,train
D00321,P00019,1,train
D00061,P00019,1,train
D00682,P00482,0,train
D01411,P00072,1,train
D01412,P01597,0,train
D00172,P01557,0,train
D01413,P00655,1,train
D00022,P01598,1,train
D00581,P01489,0,train
D00125,P01599,1,train
D00285,P00233,0,train
D01414,P01426,0,train
D01415,P00086,1,train
D00096,P00388,0,train
D01296,P00028,1,train
D00022,P00053,1,train
D01416,P00527,0,train
D00038,P00037,0,train
D00028,P00666,1,train
D01115,P00020,1,train
D00005,P00655,1,train
D00185,P00241,1,train
D01417,P00500,1,train
D00159,P01600,0,train
D00974,P01498,0,train
D00583,P00063,0,train
D00345,P00269,0,train
D00005,P01179,1,train
D00104,P00909,0,train
D00073,P01601,0,train
D00181,P01602,0,train
D01418,P00029,1,train
D00269,P00315,0,train
D01419,P00472,0,train
D00310,P01603,0,train
D01420,P01579,0,train
D00494,P01344,1,train
D00888,P01604,1,train
D00101,P00818,0,train
D01396,P01605,0,train
D01061,P00155,1,train
D01421,P01106,0,train
D00109,P01606,1,train
D00065,P01607,1,train
D01422,P00913,0,train
D01423,P00831,0,train
D01424,P00022,0,train
D00022,P00061,1,train
D01425,P00118,1,train
D00005,P00622,1,train
D00288,P00686,1,train
D00005,P01377,1,train
D00330,P01608,0,train
D00037,P00029,1,train
D00564,P01586,0,train
D00310,P00644,0,train
D01426,P00020,1,train
D00269,P01609,0,train
D01015,P00020,1,train
D01427,P00020,1,train
D00230,P01610,0,train
D00065,P01016,1,train
D00022,P00118,1,train
D00454,P01468,0,train
D00906,P00520,0,train
D00868,P00110,0,train
D00310,P01231,0,train
D00101,P01611,0,train
D00029,P00019,1,train
D00024,P00020,1,train
D00640,P00457,0,train
D00265,P01541,0,train
D00257,P00120,1,train
D01428,P00368,1,train
D00242,P01612,0,train
D00438,P00013,1,train
D00509,P00019,1,train
D00229,P00015,0,train
D00268,P00019,1,train
D00040,P00009,0,train
D00047,P00607,0,train
D01429,P01270,1,train
D00171,P00176,1,train
D00757,P00548,1,train
D00022,P00020,1,train
D00175,P00019,1,train
D01176,P00135,1,train
D00025,P01613,0,train
D00172,P01096,0,train
D00307,P01203,1,train
D01326,P00956,0,train
D00589,P00020,1,train
D00271,P00314,0,train
D00801,P01016,0,train
D01246,P00135,1,train
D00764,P00672,0,train
D00230,P00927,0,train
D00073,P00841,0,train
D00809,P01289,0,train
D00031,P01614,0,train
D00093,P01615,0,train
D00022,P00020,1,train
D01117,P00615,0,train
D00230,P01616,0,train
D00065,P01053,1,train
D00014,P00004,1,train
D00041,P00302,0,train
D01430,P00714,0,train
D01036,P01259,0,train
D01020,P00120,1,train
D00342,P01617,0,train
D00005,P00964,1,train
D00972,P00021,0,train
D01276,P00498,0,train
D00005,P00026,1,train
D00230,P00018,0,train
D00820,P00019,1,train
D00142,P00023,0,train
D01431,P00666,1,train
D00456,P00020,1,train
D00494,P00037,1,train
D00342,P01187,0,train
D00494,P00656,1,train
D00742,P00245,1,train
D00177,P00020,1,train
D01268,P00331,0,train
D01276,P00813,0,train
D00161,P00342,0,train
D01432,P01618,0,train
D00047,P00101,0,train
D01433,P00020,1,train
D00668,P00019,1,train
D01203,P00120,1,train
D00022,P00327,1,train
D00702,P01619,0,train
D00071,P01545,0,train
D00116,P00020,1,train
D01376,P00634,0,train
D00283,P01089,0,train
D01434,P01620,0,train
D00059,P01370,1,train
D00125,P00666,1,train
D01435,P00654,0,train
D00005,P00689,1,train
D00621,P00040,0,train
D00005,P00113,1,train
D00054,P00194,0,train
D00987,P00889,1,train
D00022,P01101,1,train
D01436,P00020,1,train
D00021,P00727,0,train
D00182,P00836,1,train
D00674,P00386,0,train
D00005,P00113,1,train
D00301,P01453,0,train
D00398,P01349,1,train
D00047,P01463,0,train
D00473,P00028,1,train
D00054,P01039,0,train
D00681,P00264,0,train
D01318,P00782,0,train
D00118,P00020,1,train
D00219,P00193,0,train
D00244,P01244,0,train
D00022,P01621,1,train
D00122,P01622,0,train
D00276,P00019,1,train
D01437,P00451,0,train
D01079,P00501,0,train
D00884,P00185,0,train
D00489,P00826,0,train
D01438,P00231,0,train
D01439,P00709,0,train
D00672,P00827,1,train
D00419,P00451,0,train
D00032,P00020,1,train
D00149,P01546,1,train
D00581,P01231,0,train
D01288,P01623,0,train
D00446,P00292,0,train
D00802,P00004,1,train
D00398,P00283,1,train
D00398,P00983,1,train
D00059,P00972,1,train
D00872,P00742,0,train
D00754,P00206,0,train
D01440,P00086,1,train
D00030,P00686,0,train
D00065,P00546,1,train
D00648,P00523,0,train
D00109,P01624,1,train
D00226,P01625,0,train
D00543,P00020,1,train
D00270,P01626,0,train
D00307,P00020,1,train
D00400,P01162,0,train
D01096,P00020,1,train
D01441,P01627,0,train
D00471,P00359,0,train
D01246,P01628,0,train
D00229,P01629,0,train
D01015,P00366,1,train
D01442,P00020,1,train
D00022,P01630,1,train
D00703,P01631,0,train
D00125,P00312,1,train
D01443,P00289,0,train
D01444,P00020,1,train
D00155,P01632,0,train
D00005,P00249,1,train
D00700,P00549,0,train
D00704,P00280,0,train
D01445,P00640,1,train
D00699,P01131,0,train
D00396,P00025,1,train
D00042,P00497,0,train
D00372,P00020,1,train
D00024,P00020,1,train
D01152,P01569,0,train
D00149,P00187,1,train
D00494,P00312,1,train
D01446,P01633,0,train
D00217,P00386,0,train
D00176,P01305,0,train
D01447,P01634,0,train
D00487,P00019,1,train
D00215,P00256,0,train
D01238,P00959,0,train
D00153,P00369,1,train
D00444,P00020,1,train
D01448,P00113,1,train
D00589,P00981,1,train
D00561,P00848,0,train
D01449,P01635,0,train
D00894,P00587,0,train
D00543,P00041,1,train
D00431,P01636,0,train
D00256,P01637,0,train
D00105,P00021,0,train
D00065,P00514,1,train
D01450,P01557,0,train
D00563,P01348,0,train
D00776,P01638,0,train
D00375,P00019,1,train
D01451,P00393,1,train
D00323,P01342,0,train
D00544,P01359,1,train
D00162,P00165,0,train
D00917,P00257,1,train
D00172,P00170,0,train
D01452,P00200,1,train
D00372,P00158,1,train
D00514,P01123,0,train
D00808,P00680,0,train
D00190,P00026,1,train
D01453,P00191,1,train
D00819,P00019,1,train
D00208,P01639,0,train
D00682,P01065,0,train
D01201,P00019,1,train
D01454,P01370,0,train
D00449,P00019,1,train
D01455,P00004,1,train
D00372,P00743,1,train
D00388,P00501,0,train
D00005,P00020,1,train
D00005,P00734,1,train
D00065,P00542,1,train
D00125,P01284,1,train
D00005,P01036,1,train
D00300,P00794,0,train
D00106,P00019,1,train
D00171,P01640,1,train
D00022,P00113,1,train
D00139,P00119,0,train
D01307,P00917,0,train
D00005,P00816,1,train
D00019,P00019,1,train
D00280,P00732,1,train
D00853,P00532,0,train
D00037,P01164,1,train
D00853,P00579,0,train
D00217,P00065,0,train
D00181,P01269,0,train
D01063,P00155,0,train
D00220,P00889,1,train
D00089,P01553,0,train
D00022,P00514,1,train
D00960,P00281,1,train
D00354,P00390,1,train
D00065,P01641,1,train
D00579,P00251,0,train
D01456,P01642,0,train
D00885,P00063,0,train
D00122,P00379,0,train
D00555,P00019,1,train
D00244,P01643,0,train
D00265,P01178,0,train
D00456,P00013,1,train
D00018,P01428,0,train
D00991,P00245,1,train
D00223,P00496,0,train
D00037,P00645,1,train
D01457,P00983,1,train
D00017,P00182,1,train
D00447,P00019,1,train
D00446,P00074,0,train
D00125,P01596,1,train
D00415,P01372,0,train
D00635,P00019,1,train
D00065,P00847,1,train
D00065,P01245,1,train
D00073,P01557,0,train
D00878,P00592,0,train
D00022,P00393,1,train
D00065,P00236,1,train
D00065,P01644,1,train
D01458,P00118,1,train
D00022,P00049,1,train
D00022,P00624,1,train
D00723,P00004,1,train
D00037,P01512,1,train
D00005,P01148,1,train
D01459,P01645,1,train
D00244,P00381,0,train
D00022,P01009,1,train
D00258,P00118,1,train
D00159,P01017,0,train
D00245,P00030,0,train
D00869,P00066,0,train
D01460,P00118,1,train
D01412,P01578,0,train
D00122,P00051,0,train
D01461,P00034,1,train
D01462,P00423,1,train
D01109,P01642,0,train
D00398,P00925,1,train
D00398,P00378,1,train
D00847,P00954,0,train
D01194,P00020,1,train
D00028,P00020,1,train
D01463,P01605,0,train
D00583,P00181,0,train
D01065,P00932,0,train
D00469,P00501,0,train
D00680,P00576,1,train
D01464,P01018,0,train
D00073,P01300,0,train
D00473,P00028,1,train
D01465,P00028,1,train
D00172,P01174,0,train
D00216,P00273,0,train
D00022,P00020,1,train
D00041,P00723,0,train
D00223,P00777,0,train
D00065,P00319,1,train
D00114,P00195,0,train
D00056,P00393,1,train
D01466,P00086,1,train
D00523,P01646,0,train
D00019,P00019,1,train
D00690,P01647,0,train
D00271,P00911,0,train
D00781,P00063,0,train
D01437,P01372,0,train
D01467,P00118,1,train
D00140,P00019,1,train
D00219,P00644,0,train
D00776,P00928,0,train
D00294,P01443,0,train
D00022,P01583,1,train
D00351,P00004,1,train
D01468,P00964,1,train
D01469,P00118,1,train
D00022,P01053,1,train
D01463,P00505,0,train
D00078,P00006,0,train
D00101,P00358,0,train
D00190,P00564,1,train
D00041,P00604,0,train
D00147,P00771,0,train
D01470,P00072,1,train
D00106,P00019,1,train
D00385,P00612,0,train
D00022,P01648,1,train
D00487,P00019,1,train
D00096,P01131,0,train
D00125,P00256,1,train
D00028,P00981,1,train
D01150,P00283,1,train
D00003,P01649,0,train
D00022,P00594,1,train
D01274,P00946,0,train
D00456,P00020,1,train
D00005,P00061,1,train
D00147,P00655,0,train
D00114,P01650,0,train
D00703,P01651,0,train
D00109,P00020,1,train
D00523,P01372,0,train
D01471,P01652,0,train
D00162,P01126,0,train
D00022,P00290,1,train
D00258,P00069,1,train
D00446,P00521,0,train
D01472,P01653,0,train
D01264,P01654,0,train
D00745,P00113,1,train
D01141,P00549,0,train
D00065,P01048,1,train
D00065,P01655,1,train
D00960,P00281,1,train
D00168,P00147,0,train
D00473,P00450,1,train
D00108,P00019,1,train
D00911,P00019,1,train
D01473,P00512,0,train
D00034,P00571,1,train
D01474,P01656,0,train
D00707,P00087,0,train
D00438,P00020,1,train
D01027,P00327,1,train
D01260,P00191,1,train
D00772,P00303,0,train
D00025,P01636,0,train
D00631,P00240,0,train
D00096,P01390,0,train
D00005,P01344,1,train
D00494,P00554,1,train
D00415,P00016,0,train
D00089,P00033,0,train
D00223,P01520,0,train
D00473,P00929,1,train
D00265,P01639,0,train
D00561,P00191,0,train
D00345,P00420,0,train
D00005,P01657,1,train
D00078,P01652,0,train
D00743,P00477,0,train
D01475,P00011,0,train
D00139,P01658,0,train
D01122,P00481,0,train
D00022,P00461,1,train
D00223,P01622,0,train
D00285,P00824,0,train
D00061,P00019,1,train
D00617,P01562,0,train
D00223,P00314,0,train
D00022,P00004,1,train
D00705,P00004,1,train
D00076,P01659,0,train
D00277,P00019,1,train
D00005,P00113,1,train
D01430,P00811,0,train
D00022,P01660,1,train
D00988,P00975,1,train
D00189,P01215,0,train
D01476,P00505,1,train
D00025,P01269,0,train
D00773,P00533,0,train
D01477,P01661,0,train
D00073,P01125,0,train
D00022,P00241,1,train
D00061,P00019,1,train
D01478,P01292,0,train
D00342,P00577,0,train
D01479,P00245,1,train
D00244,P01466,0,train
D01080,P00278,0,train
D00179,P01463,0,train
D00702,P00185,0,train
D00735,P00969,0,train
D01414,P00672,0,train
D01291,P00200,1,train
D00137,P00894,0,train
D00032,P01662,1,train
D00038,P00866,0,train
D00102,P00866,0,train
D00996,P01391,0,train
D00056,P00020,1,train
D00025,P00509,0,train
D00151,P00019,1,train
D00372,P00872,1,train
D00078,P00601,0,train
D00225,P00020,1,train
D00743,P00241,0,train
D00198,P01663,0,train
D01376,P01664,0,train
D00258,P00028,1,train
D00101,P01665,0,train
D00529,P00492,0,train
D00171,P00926,1,train
D00186,P00986,0,train
D00033,P01231,0,train
D00005,P00020,1,train
D00539,P00794,0,train
D00022,P01439,1,train
D00507,P01087,0,train
D01480,P00020,1,train
D00052,P01125,0,train
D00071,P00400,0,train
D00266,P00418,0,train
D00055,P01087,0,train
D01481,P00020,1,train
D01332,P01073,0,train
D01449,P00273,0,train
D00244,P00191,0,train
D00162,P00713,0,train
D00412,P00847,1,train
D00022,P01064,1,train
D00065,P01666,1,train
D00004,P00020,1,train
D00090,P01420,0,train
D01482,P00330,1,train
D00022,P00562,1,train
D00144,P01120,0,train
D00022,P01239,1,train
D01483,P00118,1,train
D00028,P01472,1,train
D01484,P00200,1,train
D00437,P01287,1,train
D00217,P01328,0,train
D00047,P01667,0,train
D00065,P00020,1,train
D00164,P01147,0,train
D00216,P00798,0,train
D00478,P00617,0,train
D00707,P01668,0,train
D00158,P01292,1,train
D00022,P00044,1,train
D00028,P00020,1,train
D01485,P00330,1,train
D01486,P00524,1,train
D00231,P00186,1,train
D01018,P00020,1,train
D00004,P00588,1,train
D00365,P00946,0,train
D01190,P00619,0,train
D00042,P01601,0,train
D00102,P00785,0,train
D00248,P01215,0,train
D00125,P00115,1,train
D01487,P00702,0,train
D01488,P01669,0,train
D00170,P00019,1,train
D00288,P00020,1,train
D00436,P00020,1,train
D00326,P00597,0,train
D00172,P00211,0,train
D00539,P00501,0,train
D01489,P00762,0,train
D01490,P01391,0,train
D00249,P00040,0,train
D00065,P00052,1,train
D01491,P00025,1,train
D00005,P01670,1,train
D01361,P00019,1,train
D00005,P01011,1,train
D00162,P00691,0,train
D00022,P00155,1,train
D00171,P00382,1,train
D00264,P00491,0,train
D00387,P01005,0,train
D01283,P01032,0,train
D00958,P00019,1,train
D00589,P00020,1,train
D00258,P01512,1,train
D00861,P00609,0,train
D00514,P00501,0,train
D00871,P00019,1,train
D01492,P00694,1,train
D00031,P01671,0,train
D00059,P01028,1,train
D00061,P00019,1,train
D00025,P00227,0,train
D01493,P01032,0,train
D00125,P00678,1,train
D00631,P00701,0,train
D01280,P00225,0,train
D00878,P00208,0,train
D00032,P00020,1,train
D00022,P00925,1,train
D00745,P00113,1,train
D00494,P00225,1,train
D00279,P00019,1,train
D00156,P00256,0,train
D00157,P00315,0,train
D00261,P00118,1,train
D00431,P01672,0,train
D00005,P01673,1,train
D01487,P01674,0,train
D00022,P00020,1,train
D00603,P00020,1,train
D00109,P00155,1,train
D01494,P00336,0,train
D00134,P00807,0,train
D00628,P00019,1,train
D00089,P01675,0,train
D00259,P01613,0,train
D00220,P00290,1,train
D01328,P01111,0,train
D01495,P00019,1,train
D00022,P00197,1,train
D00005,P00872,1,train
D00065,P01451,1,train
D00023,P00740,0,train
D00568,P00583,0,train
D00996,P00848,0,train
D00022,P00061,1,train
D01496,P00341,0,train
D00276,P00019,1,train
D00072,P00165,1,train
D00226,P01002,0,train
D00005,P00393,1,train
D00022,P00754,1,train
D00005,P00366,1,train
D00330,P00214,0,train
D00906,P01339,0,train
D00903,P01067,1,train
D00230,P00651,0,train
D01497,P00019,1,train
D00398,P00004,1,train
D00153,P00155,1,train
D00853,P00680,0,train
D00042,P00090,0,train
D01498,P00200,1,train
D00508,P00104,0,train
D00022,P00236,1,train
D00096,P01127,0,train
D00478,P00347,0,train
D00436,P00020,1,train
D00393,P01061,0,train
D00432,P01105,0,train
D00962,P00019,1,train
D00230,P01359,0,train
D00726,P00583,0,train
D00962,P00019,1,train
D00569,P01372,0,train
D00071,P01676,0,train
D00022,P00020,1,train
D00366,P00317,0,train
D00775,P01458,0,train
D01149,P00946,0,train
D00584,P00536,1,train
D01499,P00114,1,train
D00181,P01331,0,train
D00182,P00534,1,train
D00171,P01083,1,train
D01295,P00583,0,train
D00005,P00777,1,train
D01500,P00393,1,train
D00621,P00959,0,train
D01501,P00135,1,train
D01181,P00020,1,train
D00225,P00020,1,train
D00153,P00590,1,train
D00087,P01677,0,train
D00881,P01082,0,train
D00080,P01343,0,train
D00216,P00063,0,train
D00881,P00275,0,train
D00005,P01458,1,train
D00119,P00981,1,train
D01502,P01575,1,train
D01503,P01412,0,train
D00005,P00113,1,train
D00543,P00020,1,train
D01288,P01388,0,train
D00092,P01538,0,train
D01504,P00086,1,train
D00754,P00009,0,train
D00151,P00019,1,train
D00625,P00794,1,train
D00265,P00355,0,train
D00144,P00713,0,train
D00013,P00020,1,train
D00023,P01163,0,train
D00047,P00809,0,train
D01289,P00135,1,train
D01376,P01678,0,train
D00337,P00023,0,train
D00328,P01043,0,train
D00345,P00707,0,train
D00374,P00186,1,train
D01201,P00135,1,train
D00204,P00215,1,train
D00005,P01679,1,train
D00065,P01573,1,train
D00065,P01048,1,train
D00328,P00141,0,train
D00028,P00880,1,train
D01505,P00019,1,train
D00172,P00948,0,train
D00912,P00831,0,train
D00820,P00019,1,train
D00703,P00243,0,train
D00162,P00286,0,train
D00022,P00496,1,train
D00238,P00118,1,train
D01506,P00020,1,train
D00376,P00410,1,train
D00003,P00920,0,train
D00005,P00525,1,train
D00186,P00830,0,train
D00893,P00277,0,train
D00005,P01349,1,train
D00489,P00609,0,train
D00376,P00139,1,train
D01507,P00076,0,train
D00022,P00423,1,train
D00016,P00451,0,train
D01508,P00114,1,train
D01509,P00080,1,train
D00269,P01680,0,train
D00372,P00767,1,train
D01362,P01292,0,train
D00374,P00120,1,train
D00389,P00019,1,train
D00112,P00020,1,train
D00398,P01593,1,train
D00735,P00502,0,train
D00383,P00020,1,train
D00190,P00234,1,train
D00012,P00023,0,train
D00341,P00239,1,train
D00065,P00568,1,train
D00385,P01125,0,train
D01055,P00266,0,train
D00664,P00019,1,train
D00305,P01567,0,train
D00005,P00965,1,train
D01501,P00135,1,train
D00801,P00255,0,train
D00988,P00557,1,train
D00073,P01261,0,train
D00447,P00019,1,train
D00186,P01106,0,train
D00065,P01681,1,train
D00020,P00020,1,train
D00318,P00019,1,train
D00156,P01682,0,train
D00299,P01449,0,train
D00041,P00297,0,train
D01510,P00481,1,train
D00025,P00831,0,train
D01336,P00939,0,train
D01511,P00020,1,train
D00005,P01228,1,train
D01058,P00019,1,train
D00005,P00113,1,train
D00078,P01419,0,train
D00861,P00394,0,train
D00353,P01683,0,train
D00005,P00348,1,train
D01512,P00866,0,train
D00690,P01684,0,train
D00519,P00595,0,train
D00987,P00303,0,train
D00438,P00079,1,train
D00125,P00243,1,train
D01513,P00154,0,train
D00268,P00019,1,train
D00432,P01685,0,train
D00264,P00261,0,train
D00013,P00020,1,train
D00361,P00526,0,train
D00134,P00347,0,train
D01514,P00086,1,train
D00005,P01228,1,train
D00825,P00121,0,train
D00208,P01625,0,train
D00170,P00019,1,train
D01515,P00641,1,train
D00076,P00994,0,train
D00005,P00020,1,train
D00096,P01686,0,train
D00718,P00621,0,train
D01018,P00020,1,train
D00635,P00019,1,train
D00065,P00283,1,train
D01056,P00090,0,train
D00065,P00118,1,train
D00569,P01687,0,train
D00382,P01181,0,train
D00382,P01214,0,train
D01516,P00905,0,train
D01372,P00403,0,train
D00564,P00329,0,train
D00374,P00120,1,train
D01291,P01688,1,train
D00958,P00135,1,train
D00525,P00019,1,train
D00125,P00513,1,train
D00073,P00171,0,train
D00022,P00291,1,train
D00022,P00480,1,train
D00101,P01689,0,train
D00022,P00044,1,train
D01517,P01458,0,train
D00456,P00686,1,train
D00065,P00020,1,train
D00230,P00675,0,train
D00022,P00155,1,train
D00065,P01599,1,train
D00116,P00020,1,train
D01518,P00209,0,train
D00244,P00878,0,train
D00269,P00421,0,train
D00996,P01382,0,train
D00928,P01586,1,train
D00259,P00465,0,train
D00672,P00827,1,train
D01519,P00680,0,train
D00370,P00019,1,train
D00398,P00843,1,train
D00621,P01595,0,train
D00149,P00072,1,train
D00583,P00363,1,train
D00005,P00390,1,train
D00125,P01690,1,train
D00065,P01580,1,train
D00065,P01375,1,train
D00425,P00314,0,train
D00073,P01460,0,train
D00004,P00395,1,train
D00539,P01237,0,train
D00666,P00019,1,train
D00857,P00571,1,train
D00434,P00058,1,train
D00265,P00821,0,train
D00135,P00539,1,train
D00065,P00040,1,train
D00237,P00044,1,train
D00389,P00019,1,train
D00109,P00554,1,train
D00011,P00828,0,train
D00115,P00805,1,train
D00980,P00135,1,train
D00987,P00566,0,train
D00573,P00876,0,train
D00005,P01083,1,train
D01195,P00434,0,train
D00205,P00179,0,train
D01003,P01055,0,train
D00907,P00137,1,train
D01520,P00019,1,train
D00022,P00977,1,train
D00448,P01177,1,train
D00065,P00249,1,train
D00259,P00976,0,train
D00013,P00666,1,train
D01521,P00771,1,train
D01522,P00694,1,train
D01523,P00768,0,train
D00530,P01691,0,train
D00686,P00019,1,train
D00216,P01678,0,train
D00171,P00380,1,train
D01056,P00511,0,train
D00239,P00068,0,train
D00468,P00135,1,train
D00020,P00020,1,train
D01395,P00020,1,train
D00022,P00055,1,train
D00025,P00939,0,train
D01524,P00020,1,train
D00881,P00251,0,train
D01038,P00434,0,train
D00017,P00020,1,train
D00089,P01019,0,train
D00005,P00113,1,train
D01525,P00200,1,train
D00005,P00390,1,train
D01132,P00802,0,train
D00005,P00029,1,train
D00199,P01281,0,train
D01526,P01522,0,train
D01265,P00639,0,train
D00025,P01692,0,train
D00071,P00359,0,train
D00014,P00406,1,train
D00065,P00256,1,train
D00265,P01465,0,train
D01527,P00200,1,train
D00681,P00979,0,train
D00315,P01048,1,train
D00302,P00319,1,train
D00269,P00015,0,train
D01528,P00703,0,train
D00510,P01173,0,train
D01437,P00078,0,train
D00372,P00175,1,train
D00005,P00393,1,train
D00269,P01693,0,train
D00534,P01507,0,train
D01031,P01292,0,train
D00215,P01167,0,train
D00001,P01694,0,train
D00005,P01596,1,train
D00987,P00619,0,train
D00065,P00061,1,train
D00322,P00847,0,train
D00199,P00298,0,train
D01035,P00319,1,train
D00403,P00779,0,train
D00172,P01244,0,train
D00850,P01618,0,train
D00116,P00020,1,train
D00294,P00650,0,train
D00861,P00019,0,train
D01529,P01575,1,train
D00065,P00447,1,train
D00844,P00359,0,train
D00022,P00197,1,train
D01530,P00086,1,train
D00022,P00516,1,train
D00003,P00611,0,train
D01531,P00349,1,train
D00161,P01694,0,train
D00024,P00020,1,train
D00022,P00779,1,train
D00819,P00019,1,train
D01377,P00460,0,train
D01532,P00759,0,train
D00022,P00285,1,train
D00497,P00019,1,train
D00279,P00019,1,train
D00005,P01695,1,train
D01533,P00118,1,train
D01325,P00019,1,train
D00105,P01520,0,train
D00264,P01444,1,train
D00182,P00034,1,train
D00096,P00816,0,train
D00265,P00277,0,train
D00071,P00038,0,train
D00005,P01696,1,train
D01534,P01160,1,train
D00494,P00113,1,train
D00065,P00768,1,train
D00174,P00019,1,train
D00101,P01439,0,train
D00265,P00431,0,train
D00149,P01188,1,train
D00398,P00322,1,train
D01464,P00905,0,train
D00714,P00019,1,train
D00456,P01270,1,train
D00005,P00113,1,train
D00204,P00019,1,train
D01535,P00713,0,train
D00147,P00037,0,train
D00147,P00727,0,train
D00109,P00776,1,train
D00005,P01697,1,train
D00118,P00020,1,train
D00242,P01698,0,train
D00022,P00197,1,train
D00022,P01381,1,train
D00162,P00462,0,train
D00826,P00566,0,train
D01331,P00034,1,train
D00583,P00213,0,train
D00594,P00341,0,train
D00186,P00551,0,train
D00432,P01043,0,train
D01127,P00020,1,train
D00697,P01699,0,train
D00250,P00701,0,train
D00130,P00421,0,train
D00256,P01266,0,train
D00135,P00139,1,train
D01050,P00563,0,train
D00372,P00872,1,train
D00208,P01121,0,train
D00223,P00720,0,train
D00850,P00187,0,train
D00693,P00020,1,train
D00301,P01700,0,train
D00917,P00020,1,train
D01536,P00519,0,train
D00494,P01366,1,train
D00432,P00046,0,train
D00398,P01223,1,train
D01206,P00115,1,train
D00022,P00236,1,train
D00071,P01701,0,train
D00543,P00705,1,train
D00101,P01025,0,train
D00034,P00721,1,train
D00005,P00980,1,train
D00114,P01589,0,train
D00022,P01406,1,train
D00527,P00355,0,train
D00440,P01055,0,train
D00543,P00020,1,train
D00563,P00996,0,train
D01149,P01702,0,train
D00102,P00195,0,train
D00225,P00020,1,train
D00181,P00952,0,train
D00052,P00686,0,train
D01345,P00224,0,train
D00043,P00020,1,train
D01322,P01171,1,train
D01537,P00020,1,train
D00005,P01690,1,train
D00223,P01139,0,train
D00125,P00473,1,train
D00003,P00609,0,train
D00005,P01703,1,train
D01152,P01674,0,train
D00005,P01116,1,train
D00171,P00151,1,train
D00004,P00524,1,train
D00065,P01704,1,train
D00535,P01213,0,train
D00109,P01697,1,train
D00005,P01444,1,train
D00527,P00432,0,train
D00876,P00690,0,train
D00022,P01681,1,train
D00711,P00412,0,train
D00494,P01705,1,train
D01201,P00058,1,train
D00022,P00020,1,train
D00676,P01226,0,train
D00025,P00417,0,train
D00490,P00513,0,train
D00979,P01641,1,train
D00681,P00759,0,train
D00225,P00249,1,train
D01264,P00103,0,train
D01018,P00862,1,train
D00162,P01653,0,train
D00122,P01497,0,train
D00398,P01196,1,train
D00028,P00020,1,train
D00041,P00484,0,train
D00563,P01228,0,train
D01538,P00704,0,train
D00122,P00102,0,train
D00549,P00066,0,train
D00155,P01567,0,train
D01210,P00020,1,train
D00131,P00455,0,train
D00259,P01421,0,train
D01322,P01171,1,train
D00415,P00009,0,train
D00983,P00965,1,train
D00404,P00281,1,train
D00223,P00403,0,train
D00885,P00845,0,train
D00096,P01004,0,train
D00005,P00020,1,train
D00681,P00251,0,train
D00345,P00114,1,train
D01539,P00917,0,train
D01277,P00299,0,train
D00125,P00886,1,train
D01540,P00086,1,train
D01541,P01706,0,train
D00005,P00287,1,train
D00022,P01707,1,train
D00065,P01708,1,train
D00041,P00581,0,train
D00022,P00718,1,train
D01132,P00191,0,train
D00171,P00534,1,train
D00065,P00020,1,train
D00230,P01369,0,train
D00010,P01709,0,train
D00125,P00222,1,train
D00265,P00210,0,train
D00014,P00020,1,train
D00005,P00322,1,train
D00069,P00035,0,train
D00473,P00028,1,train
D00153,P00155,1,train
D00331,P01421,0,train
D00134,P01710,0,train
D00089,P00167,0,train
D00065,P00545,1,train
D00807,P00028,1,train
D01542,P00004,1,train
D00125,P01599,1,train
D00022,P00020,1,train
D00171,P00121,1,train
D00028,P00020,1,train
D00109,P00020,1,train
D00223,P00097,0,train
D00519,P00608,0,train
D00199,P00270,0,train
D00109,P00500,1,train
D00527,P00635,0,train
D01336,P00495,0,train
D00803,P00116,0,train
D00038,P01061,0,train
D00718,P01426,0,train
D01190,P01210,0,train
D00352,P01653,0,train
D00249,P01711,0,train
D00005,P00624,1,train
D00101,P00887,0,train
D00166,P00787,1,train
D00810,P00549,0,train
D01255,P01304,0,train
D00056,P00072,1,train
D01135,P00155,1,train
D00025,P01712,0,train
D01543,P00428,0,train
D01321,P00507,0,train
D00005,P00113,1,train
D01210,P00366,1,train
D00141,P00190,0,train
D00294,P01710,0,train
D01544,P01171,1,train
D00102,P01678,0,train
D00005,P00510,1,train
D00005,P01713,1,train
D01052,P00025,1,train
D00022,P01714,1,train
D00100,P00019,1,train
D00401,P00368,0,train
D01545,P00118,1,train
D01546,P00290,1,train
D01547,P01228,0,train
D01548,P00019,1,train
D00132,P00135,1,train
D00114,P00544,0,train
D01262,P01118,0,train
D01201,P00019,1,train
D00144,P00732,0,train
D00901,P00019,1,train
D00022,P01217,1,train
D00004,P00588,1,train
D00028,P00805,1,train
D00222,P00019,1,train
D01549,P00020,1,train
D01264,P01540,0,train
D00065,P01621,1,train
D01550,P00020,1,train
D00513,P00020,1,train
D00539,P00605,0,train
D00265,P01600,0,train
D01019,P00151,0,train
D00022,P00975,1,train
D00672,P00868,1,train
D01328,P00272,0,train
D00171,P01061,1,train
D01028,P00005,1,train
D01551,P00853,1,train
D01113,P00135,1,train
D00343,P01715,0,train
D00149,P00560,1,train
D00906,P00696,0,train
D00502,P00004,1,train
D01552,P01716,0,train
D00589,P00020,1,train
D01553,P00020,1,train
D00005,P00241,1,train
D00065,P00391,1,train
D00096,P00184,0,train
D00233,P01717,0,train
D01169,P00020,1,train
D00684,P00020,1,train
D00585,P00807,0,train
D00299,P00228,0,train
D01554,P00025,1,train
D01555,P00020,1,train
D00764,P00651,0,train
D00137,P00662,0,train
D01556,P00500,1,train
D00233,P00969,0,train
D00911,P00058,1,train
D00065,P00118,1,train
D00901,P00019,1,train
D00157,P01718,0,train
D01116,P01420,0,train
D01557,P00979,0,train
D01558,P00020,1,train
D00005,P00113,1,train
D01559,P00020,1,train
D00022,P01719,1,train
D00285,P01018,0,train
D00269,P00798,0,train
D00065,P01720,1,train
D00281,P01721,0,train
D00265,P00384,0,train
D00065,P01645,1,train
D01560,P00086,1,train
D00196,P00019,1,train
D01128,P00429,1,train
D00005,P00769,1,train
D01561,P00407,1,train
D00170,P00019,1,train
D01268,P00439,0,train
D00674,P01210,0,train
D01493,P00290,0,train
D00033,P01489,0,train
D00235,P01586,0,train
D00065,P00049,1,train
D01562,P01417,0,train
D00082,P00019,0,train
D00519,P01438,0,train
D00109,P00447,1,train
D00242,P00714,0,train
D01563,P00004,1,train
D00161,P01722,0,train
D01564,P00720,0,train
D00387,P01295,1,train
D00014,P00983,1,train
D00093,P00742,0,train
D01039,P01634,0,train
D00073,P00368,0,train
D01565,P00020,1,train
D00263,P00592,0,train
D00041,P00478,0,train
D01566,P01723,0,train
D01145,P00693,1,train
D00301,P01724,0,train
D00569,P01725,0,train
D00407,P00662,0,train
D00078,P01423,0,train
D00070,P00619,0,train
D00023,P01081,0,train
D01567,P00004,1,train
D00438,P00020,1,train
D01568,P00566,1,train
D00181,P01726,0,train
D01322,P01171,1,train
D01520,P00019,1,train
D00065,P00404,1,train
D00648,P01340,0,train
D00274,P00543,1,train
D00269,P00552,0,train
D01219,P00739,0,train
D00131,P00090,0,train
D01569,P00866,0,train
D00668,P00019,1,train
D00326,P00835,0,train
D00861,P01727,0,train
D00005,P01599,1,train
D00065,P00440,1,train
D00852,P00135,1,train
D00102,P00299,0,train
D01437,P01171,0,train
D00522,P00456,1,train
D01078,P00020,1,train
D01570,P00072,1,train
D00297,P00496,1,train
D00732,P01716,0,train
D01519,P00917,0,train
D00005,P01108,1,train
D00225,P00049,1,train
D00065,P01192,1,train
D00700,P00752,0,train
D00216,P01027,0,train
D01219,P00166,0,train
D01571,P01232,0,train
D00372,P01728,1,train
D00320,P00939,0,train
D00494,P01697,1,train
D00005,P00772,1,train
D00534,P00452,0,train
D00005,P00632,1,train
D00125,P00158,1,train
D00078,P01729,0,train
D00966,P01730,0,train
D00912,P00960,0,train
D00589,P00020,1,train
D01246,P00019,1,train
D01079,P01731,0,train
D00022,P00836,1,train
D00005,P01732,1,train
D00014,P01733,1,train
D00039,P01420,0,train
D01572,P00019,1,train
D00505,P00373,1,train
D00215,P00067,0,train
D00022,P01734,1,train
D00096,P00539,0,train
D00009,P00037,0,train
D00353,P00485,0,train
D00327,P00019,1,train
D00959,P00025,1,train
D00372,P00015,1,train
D00250,P00277,0,train
D00863,P00423,1,train
D00984,P00679,0,train
D01573,P00083,1,train
D00703,P00539,0,train
D01149,P00761,0,train
D01295,P01735,0,train
D00142,P00170,0,train
D00104,P00533,0,train
D01574,P00115,1,train
D00230,P00588,0,train
D01575,P00020,1,train
D00037,P01736,1,train
D00225,P00403,1,train
D00581,P01280,0,train
D00022,P01644,1,train
D00927,P00020,1,train
D01576,P01071,0,train
D00022,P01370,1,train
D00473,P00186,1,train
D00022,P01217,1,train
D01511,P00115,1,train
D00115,P01203,1,train
D00693,P00020,1,train
D00449,P00019,1,train
D00104,P01202,0,train
D00089,P00277,0,train
D00065,P01594,1,train
D01577,P01359,1,train
D01578,P00118,1,train
D01579,P00114,1,train
D00277,P00019,1,train
D00149,P00020,1,train
D00169,P00390,1,train
D01580,P00639,0,train
D01581,P00019,1,train
D00114,P00830,0,train
D00244,P00628,0,train
D00004,P00403,1,train
D00684,P00020,1,train
D00055,P00273,0,train
D00478,P01527,0,train
D01582,P00135,1,train
D01583,P00281,1,train
D00429,P01471,0,train
D00343,P01737,0,train
D01199,P00330,1,train
D00960,P00078,0,train
D01437,P00253,0,train
D00197,P00020,1,train
D00215,P01738,0,train
D00343,P01739,0,train
D00149,P00020,1,train
D00363,P00670,1,train
D00004,P00625,1,train
D00444,P00020,1,train
D00181,P00125,0,train
D00501,P00019,1,train
D00987,P00709,0,train
D01584,P00155,0,valid
D00676,P01549,0,valid
D00581,P00433,0,valid
D00065,P00571,1,valid
D00162,P01439,0,valid
D01585,P01740,0,valid
D00138,P01104,0,valid
D00962,P00019,1,valid
D01586,P01567,0,valid
D00105,P00839,0,valid
D00065,P00040,1,valid
D00265,P00488,0,valid
D00032,P00805,1,valid
D00022,P00713,1,valid
D00678,P00593,1,valid
D00294,P01417,0,valid
D01266,P01722,0,valid
D00022,P00441,1,valid
D00069,P00794,0,valid
D00398,P00113,1,valid
D00005,P00034,1,valid
D00285,P01741,0,valid
D00005,P00983,1,valid
D00256,P00260,0,valid
D00134,P01742,0,valid
D00248,P00979,0,valid
D01587,P00330,1,valid
D01554,P00025,1,valid
D01588,P01743,1,valid
D00707,P00740,0,valid
D00096,P00726,0,valid
D01589,P00330,1,valid
D00700,P01675,0,valid
D00755,P00121,0,valid
D00022,P00113,1,valid
D01590,P00557,1,valid
D00022,P01744,1,valid
D01207,P00639,0,valid
D00313,P00327,1,valid
D00428,P00702,0,valid
D00495,P00830,0,valid
D00039,P00227,0,valid
D00345,P01466,0,valid
D00407,P00384,0,valid
D00179,P01131,0,valid
D00005,P00628,1,valid
D01018,P00020,1,valid
D00135,P00327,1,valid
D01165,P00083,1,valid
D00361,P00019,0,valid
D00005,P00487,1,valid
D01410,P01652,0,valid
D00162,P01745,0,valid
D00022,P01746,1,valid
D00323,P00807,0,valid
D01591,P00200,1,valid
D00022,P00725,1,valid
D00265,P00285,0,valid
D00172,P00029,0,valid
D00555,P00019,1,valid
D01468,P00875,1,valid
D00005,P00043,1,valid
D01076,P00643,0,valid
D00248,P01027,0,valid
D00398,P00049,1,valid
D00004,P01383,1,valid
D00101,P01124,0,valid
D01459,P00525,1,valid
D00961,P00657,0,valid
D00022,P00872,1,valid
D00022,P01199,1,valid
D01316,P00120,1,valid
D00194,P00352,0,valid
D00539,P01747,0,valid
D00826,P01388,0,valid
D01056,P00867,1,valid
D00215,P00463,0,valid
D01592,P00160,1,valid
D00398,P00283,1,valid
D01593,P00019,1,valid
D00445,P00003,0,valid
D00150,P00186,1,valid
D00534,P01748,0,valid
D00073,P00225,0,valid
D00005,P01749,1,valid
D00543,P01394,1,valid
D00065,P00560,1,valid
D00690,P00255,0,valid
D00428,P00991,0,valid
D00258,P00028,1,valid
D01594,P00020,1,valid
D00022,P00053,1,valid
D00718,P01355,0,valid
D00878,P00468,0,valid
D00005,P00113,1,valid
D00861,P01318,0,valid
D01595,P00557,1,valid
D01596,P00561,1,valid
D00307,P00257,1,valid
D00212,P00205,0,valid
D00055,P00428,0,valid
D00022,P00445,1,valid
D01597,P01563,0,valid
D00005,P00719,1,valid
D00225,P01583,1,valid
D00172,P01560,0,valid
D00456,P00257,1,valid
D01264,P00919,0,valid
D00376,P01164,1,valid
D00022,P01750,1,valid
D00101,P01751,0,valid
D00478,P01752,0,valid
D00083,P00135,1,valid
D01598,P00191,1,valid
D01434,P00902,0,valid
D01058,P00019,1,valid
D00666,P00019,1,valid
D00590,P01372,0,valid
D00265,P00087,0,valid
D01599,P00249,1,valid
D00005,P00678,1,valid
D00182,P00641,1,valid
D00590,P00512,0,valid
D00065,P00843,1,valid
D00300,P00179,0,valid
D01010,P00020,1,valid
D00269,P00076,0,valid
D01324,P00004,1,valid
D00022,P00020,1,valid
D00065,P00037,1,valid
D01600,P00294,0,valid
D00230,P01232,0,valid
D00262,P01753,0,valid
D01601,P00152,1,valid
D01602,P01270,1,valid
D00015,P01754,0,valid
D00116,P00020,1,valid
D00019,P00019,1,valid
D00041,P00628,0,valid
D00293,P00155,1,valid
D00113,P01577,0,valid
D00022,P00154,1,valid
D00179,P00941,0,valid
D01331,P00805,1,valid
D00166,P00044,1,valid
D00005,P01334,1,valid
D00001,P00284,0,valid
D00135,P00045,1,valid
D01196,P00700,0,valid
D00288,P00020,1,valid
D01377,P00867,1,valid
D00274,P00281,1,valid
D00108,P00019,1,valid
D01603,P00020,1,valid
D01604,P00019,1,valid
D01526,P00400,0,valid
D01438,P01394,1,valid
D00504,P00057,1,valid
D01438,P00759,0,valid
D00539,P00176,0,valid
D00116,P00257,1,valid
D00028,P00020,1,valid
D00217,P00428,0,valid
D00093,P00873,0,valid
D01437,P00206,0,valid
D00216,P01110,0,valid
D01605,P00782,1,valid
D00125,P01096,1,valid
D00362,P00708,0,valid
D00226,P01372,0,valid
D00658,P01536,0,valid
D00172,P01319,0,valid
D01026,P00435,0,valid
D01606,P00746,1,valid
D00139,P01755,0,valid
D00109,P00155,1,valid
D00022,P01756,1,valid
D01607,P00353,1,valid
D01608,P00314,0,valid
D00093,P00917,0,valid
D00544,P00980,1,valid
D00022,P01757,1,valid
D00072,P00020,1,valid
D01609,P00086,1,valid
D01089,P01653,0,valid
D00005,P00538,1,valid
D00005,P01479,1,valid
D00005,P01746,1,valid
D00114,P01758,0,valid
D00359,P01111,0,valid
D00534,P01102,0,valid
D00022,P00289,1,valid
D01610,P01267,0,valid
D00004,P00545,1,valid
D01611,P00076,1,valid
D00149,P00020,1,valid
D00225,P01567,1,valid
D00065,P01437,1,valid
D00065,P01714,1,valid
D00883,P01759,1,valid
D00383,P00152,1,valid
D00563,P01222,0,valid
D00171,P01295,1,valid
D00556,P00839,0,valid
D00065,P01760,1,valid
D00428,P00846,0,valid
D00080,P01761,0,valid
D00590,P00451,0,valid
D00385,P00534,0,valid
D01612,P00120,1,valid
D00171,P00176,1,valid
D01613,P00407,1,valid
D00689,P00660,0,valid
D00300,P00964,0,valid
D00440,P00839,0,valid
D00025,P01762,0,valid
D00470,P00128,0,valid
D00072,P00118,1,valid
D00358,P00019,1,valid
D00345,P01427,0,valid
D00005,P00624,1,valid
D01614,P00654,0,valid
D00101,P00758,0,valid
D00543,P00020,1,valid
D00005,P01763,1,valid
D01615,P00020,1,valid
D01616,P00423,1,valid
D00343,P01764,0,valid
D00096,P01765,0,valid
D00027,P00239,1,valid
D00517,P00462,0,valid
D00110,P00753,0,valid
D00150,P00407,1,valid
D01617,P00118,1,valid
D00065,P00053,1,valid
D00144,P01766,0,valid
D00172,P00429,0,valid
D00153,P00155,1,valid
D00377,P00635,0,valid
D00823,P00025,1,valid
D00745,P00113,1,valid
D01618,P00118,1,valid
D00893,P00709,0,valid
D00376,P00139,1,valid
D00005,P00804,1,valid
D00847,P00857,0,valid
D00164,P00579,0,valid
D00259,P00788,0,valid
D01619,P00965,0,valid
D00023,P00096,0,valid
D00047,P00661,0,valid
D00975,P00693,1,valid
D00814,P00598,1,valid
D00581,P01259,0,valid
D00014,P00445,1,valid
D00310,P00247,0,valid
D00755,P00352,0,valid
D00415,P00137,0,valid
D00005,P00020,1,valid
D00041,P01174,0,valid
D00029,P00019,1,valid
D00267,P00224,0,valid
D01037,P00020,1,valid
D01191,P01232,0,valid
D00025,P01746,0,valid
D00543,P01160,1,valid
D00018,P00050,0,valid
D00101,P01767,0,valid
D01325,P00019,1,valid
D01274,P01312,0,valid
D01620,P01768,0,valid
D00258,P00853,1,valid
D00346,P00741,0,valid
D01015,P01203,1,valid
D00631,P01187,0,valid
D00377,P00527,0,valid
D00718,P00753,0,valid
D00020,P00351,1,valid
D00853,P00272,0,valid
D00215,P01694,0,valid
D01443,P00226,0,valid
D00005,P00666,1,valid
D00022,P01495,1,valid
D01272,P01769,0,valid
D00153,P01330,1,valid
D00089,P01770,0,valid
D00703,P00741,0,valid
D01621,P00763,0,valid
D00372,P00664,1,valid
D00902,P00135,1,valid
D00407,P01017,0,valid
D01622,P00019,1,valid
D00426,P00097,0,valid
D00171,P00252,1,valid
D00387,P01295,1,valid
D01380,P00713,0,valid
D00307,P00283,1,valid
D01623,P00019,1,valid
D00219,P00030,0,valid
D00124,P01045,0,valid
D00059,P01743,1,valid
D01624,P00019,1,valid
D00125,P00290,1,valid
D00054,P01771,0,valid
D00226,P00451,0,valid
D00026,P00025,1,valid
D01625,P00072,1,valid
D00073,P01081,0,valid
D00398,P01772,1,valid
D01288,P00073,0,valid
D00142,P00636,0,valid
D00547,P00932,0,valid
D00022,P00349,1,valid
D00258,P00857,1,valid
D00241,P00921,0,valid
D00135,P00461,1,valid
D00534,P00551,0,valid
D00217,P00903,0,valid
D00372,P01439,1,valid
D00315,P00478,1,valid
D00199,P01400,0,valid
D01626,P00925,0,valid
D00294,P00273,0,valid
D01282,P00281,1,valid
D01416,P00594,0,valid
D01239,P00118,1,valid
D00159,P01326,0,valid
D01627,P00806,0,valid
D00164,P00224,0,valid
D00022,P01586,1,valid
D00259,P01072,0,valid
D00162,P00386,0,valid
D00415,P00078,0,valid
D00047,P00109,0,valid
D01628,P00836,1,valid
D00494,P00841,1,valid
D00508,P00290,0,valid
D01629,P00393,1,valid
D00022,P00598,1,valid
D00296,P00853,1,valid
D00398,P00641,1,valid
D00149,P00947,1,valid
D00065,P00771,1,valid
D01387,P00925,0,valid
D00666,P00019,1,valid
D01176,P00135,1,valid
D00005,P00225,1,valid
D01090,P01341,0,valid
D00048,P00382,0,valid
D01630,P01388,0,valid
D01248,P00025,1,valid
D00131,P00742,0,valid
D00667,P00466,0,valid
D00088,P00811,0,valid
D00494,P00554,1,valid
D00022,P01744,1,valid
D00068,P00019,1,valid
D00065,P00029,1,valid
D00065,P00825,1,valid
D00543,P00020,1,valid
D00258,P00020,1,valid
D00051,P00589,0,valid
D00096,P01328,0,valid
D00703,P01026,0,valid
D00011,P00303,0,valid
D00004,P01644,1,valid
D00242,P00660,0,valid
D00020,P00020,1,valid
D01631,P00019,1,valid
D00153,P00155,1,valid
D00127,P00020,1,valid
D00172,P00335,0,valid
D00005,P00934,1,valid
D01006,P00044,1,valid
D00194,P01773,0,valid
D00284,P00019,1,valid
D01632,P01090,0,valid
D00581,P00703,0,valid
D01633,P00807,0,valid
D01199,P01774,1,valid
D00049,P00753,0,valid
D00005,P00239,1,valid
D01634,P00391,0,valid
D01635,P00922,0,valid
D00022,P00450,1,valid
D00347,P00020,1,valid
D01636,P00019,1,valid
D01637,P00393,1,valid
D00113,P01120,0,valid
D00342,P00678,0,valid
D00023,P01775,0,valid
D00025,P00677,0,valid
D00638,P00230,0,valid
D01638,P00115,1,valid
D00803,P00488,0,valid
D01333,P01343,0,valid
D01061,P00615,0,valid
D00022,P00912,1,valid
D01639,P00076,0,valid
D01640,P00800,0,valid
D00105,P00059,0,valid
D00125,P00769,1,valid
D00208,P00341,0,valid
D00856,P00120,1,valid
D01641,P00472,0,valid
D00872,P00563,0,valid
D00041,P00668,0,valid
D00299,P00830,0,valid
D00005,P00287,1,valid
D00230,P01012,0,valid
D00212,P00716,0,valid
D00980,P00019,1,valid
D00320,P00597,0,valid
D00398,P00073,1,valid
D00562,P00442,1,valid
D00032,P00020,1,valid
D01642,P01776,1,valid
D01643,P01011,1,valid
D01470,P00019,1,valid
D00343,P01504,0,valid
D00742,P00257,1,valid
D00124,P00887,0,valid
D00037,P01437,1,valid
D01035,P00319,1,valid
D00301,P01449,0,valid
D00142,P01000,0,valid
D00861,P00708,0,valid
D00180,P00187,1,valid
D00065,P01505,1,valid
D00469,P01036,0,valid
D00139,P00256,0,valid
D00009,P00451,0,valid
D00022,P01417,1,valid
D00065,P01777,1,valid
D00684,P00289,1,valid
D00223,P01778,0,valid
D01644,P00020,1,valid
D00065,P00638,1,valid
D01645,P00330,1,valid
D00205,P01639,0,valid
D01646,P00500,1,valid
D00219,P00037,0,valid
D00244,P01426,0,valid
D00279,P00019,1,valid
D00324,P00967,0,valid
D00478,P00807,0,valid
D01446,P00187,0,valid
D00128,P00638,0,valid
D00416,P00139,1,valid
D01647,P00330,1,valid
D00006,P00612,0,valid
D00064,P01317,0,valid
D00829,P00867,1,valid
D00054,P00025,0,valid
D01018,P00020,1,valid
D01648,P00242,1,valid
D00011,P00130,0,valid
D00102,P01540,0,valid
D00473,P00510,1,valid
D00700,P00591,0,valid
D01437,P01210,0,valid
D00134,P01779,0,valid
D01592,P01292,1,valid
D01007,P00160,1,valid
D00076,P01582,0,valid
D00271,P00891,0,valid
D01221,P01780,0,valid
D00197,P00020,1,valid
D00022,P00889,1,valid
D00014,P00934,1,valid
D00343,P01781,0,valid
D01198,P00019,1,valid
D01649,P01732,1,valid
D01650,P01171,0,valid
D00564,P01390,0,valid
D00005,P01782,1,valid
D01638,P00020,1,valid
D00742,P00020,1,valid
D00022,P01260,1,valid
D01382,P00680,0,valid
D01018,P00020,1,valid
D00543,P01783,1,valid
D01651,P00789,0,valid
D00085,P00280,0,valid
D00984,P00327,1,valid
D00415,P00635,0,valid
D01018,P00020,1,valid
D00079,P00020,1,valid
D00048,P01262,0,valid
D01442,P00020,1,valid
D01060,P00281,1,valid
D00197,P00257,1,valid
D00493,P00294,0,valid
D00288,P00020,1,valid
D00288,P00666,1,valid
D01652,P00826,0,valid
D01653,P00348,0,valid
D00568,P00060,0,valid
D00022,P01784,1,valid
D01017,P01215,0,valid
D00028,P01014,1,valid
D00171,P01474,1,valid
D00177,P00245,1,valid
D01654,P00019,1,valid
D00025,P01785,0,valid
D00549,P01034,0,valid
D00022,P00571,1,valid
D00113,P01181,0,valid
D00005,P01368,1,valid
D00893,P01019,0,valid
D00163,P01043,0,valid
D00988,P00118,1,valid
D00980,P00019,1,valid
D00082,P01131,0,valid
D01655,P00507,1,valid
D00366,P01143,0,valid
D00166,P00044,1,valid
D00108,P00019,1,valid
D00022,P00034,1,valid
D00699,P00018,0,valid
D00010,P01350,0,valid
D00425,P00911,0,valid
D00005,P01581,1,valid
D01564,P01399,0,valid
D00371,P00135,1,valid
D00100,P00019,1,valid
D00065,P00219,1,valid
D01656,P00019,1,valid
D00539,P00541,0,valid
D01506,P01270,1,valid
D00037,P00874,1,valid
D00441,P01226,0,valid
D01657,P00243,1,valid
D00025,P00061,0,valid
D00022,P01786,1,valid
D00005,P01082,1,valid
D00479,P01671,0,valid
D01658,P00200,1,valid
D00345,P01484,0,valid
D00005,P01787,1,valid
D00022,P01430,1,valid
D00144,P01321,0,valid
D00172,P00800,0,valid
D00495,P01102,0,valid
D00130,P00325,0,valid
D00343,P01788,0,valid
D00718,P01151,0,valid
D00041,P01366,0,valid
D01659,P00020,1,valid
D00089,P01710,0,valid
D00171,P01046,1,valid
D00113,P00299,0,valid
D00438,P00013,1,valid
D01660,P00368,1,valid
D00244,P00290,0,valid
D00879,P01769,0,valid
D01661,P00974,0,valid
D00700,P01789,0,valid
D00109,P00023,1,valid
D00109,P00249,1,valid
D01132,P01167,0,valid
D00438,P00805,1,valid
D00172,P01497,0,valid
D01662,P00118,1,valid
D01161,P00781,1,valid
D00987,P01308,0,valid
D00065,P00768,1,valid
D01283,P00607,0,valid
D00154,P00483,0,valid
D00022,P00865,1,valid
D00301,P01038,0,valid
D01056,P01495,1,valid
D00249,P01016,0,valid
D01663,P00020,1,valid
D01664,P00278,0,valid
D00745,P00655,1,valid
D00005,P00113,1,valid
D01665,P00946,1,valid
D01033,P00763,0,valid
D00065,P00186,1,valid
D00491,P00654,0,valid
D00102,P01790,0,valid
D01666,P00086,1,valid
D00916,P00020,0,valid
D00853,P00615,0,valid
D01120,P00874,1,valid
D00220,P00020,1,valid
D00555,P00019,1,valid
D00005,P01177,1,valid
D01295,P00060,0,valid
D00122,P00359,0,valid
D00217,P00418,0,valid
D00550,P01041,1,valid
D00017,P00020,1,valid
D00122,P00616,0,valid
D00005,P01082,1,valid
D00022,P00155,1,valid
D00114,P01285,0,valid
D01667,P00349,1,valid
D01610,P01428,0,valid
D00093,P00830,0,valid
D01668,P00020,1,valid
D00109,P00049,1,valid
D00025,P00728,0,valid
D00755,P00438,0,valid
D01376,P01265,0,valid
D01486,P00524,1,valid
D00702,P01667,0,valid
D01346,P00019,0,valid
D00707,P00352,0,valid
D00381,P00020,1,valid
D00693,P00020,1,valid
D01058,P00019,1,valid
D00300,P01350,0,valid
D00673,P01791,0,valid
D00065,P00500,1,valid
D01292,P00032,0,valid
D00416,P00187,1,valid
D00005,P00152,1,valid
D00398,P00236,1,valid
D00471,P00690,0,valid
D00113,P00363,1,valid
D01669,P01035,1,valid
D00249,P01011,0,valid
D00149,P01508,1,valid
D00287,P00213,0,valid
D00544,P00925,1,valid
D00490,P01380,0,valid
D00011,P01517,0,valid
D00106,P00019,1,valid
D01670,P00310,1,valid
D00519,P01115,0,valid
D00429,P01792,0,valid
D01671,P01073,0,valid
D01672,P01793,0,valid
D00501,P00019,1,valid
D00513,P00020,1,valid
D00268,P00019,1,valid
D00473,P00734,1,valid
D00153,P00483,1,valid
D01165,P00281,1,valid
D00172,P00969,0,valid
D01599,P00249,1,valid
D00181,P01494,0,valid
D01673,P00025,1,valid
D00438,P00020,1,valid
D00005,P00001,1,valid
D00029,P00019,1,valid
D00857,P00752,1,valid
D00005,P01657,1,valid
D00028,P00020,1,valid
D00398,P00406,1,valid
D00398,P00853,1,valid
D01564,P00556,0,valid
D00223,P01794,0,valid
D00363,P01795,1,valid
D01674,P00066,0,valid
D00199,P01686,0,valid
D00005,P00215,1,valid
D00022,P00239,1,valid
D00118,P00020,1,valid
D01675,P01018,0,valid
D00274,P01240,1,valid
D00418,P00115,0,valid
D00144,P00664,0,valid
D00125,P00582,1,valid
D01376,P01796,0,valid
D00294,P01440,0,valid
D00047,P01107,0,valid
D00479,P01797,0,valid
D01676,P01233,0,valid
D00891,P00020,1,valid
D00487,P00019,1,valid
D00740,P01203,1,valid
D00182,P01388,1,valid
D00042,P00121,0,valid
D00857,P00721,1,valid
D00590,P01326,0,valid
D01677,P00368,1,valid
D00041,P00631,0,valid
D00172,P01739,0,valid
D00517,P01798,0,valid
D00022,P00686,1,valid
D00005,P01082,1,valid
D00065,P00752,1,valid
D00979,P01279,1,valid
D00181,P00417,0,valid
D01461,P00020,1,valid
D00378,P01296,1,valid
D01678,P00330,1,valid
D00543,P00020,1,valid
D00372,P01166,1,valid
D00618,P00721,1,valid
D01679,P00037,0,valid
D00022,P00148,1,valid
D00030,P00465,0,valid
D01680,P00640,1,valid
D00714,P00019,1,valid
D00153,P01330,1,valid
D01681,P01112,0,valid
D00122,P01775,0,valid
D00320,P00301,0,valid
D00122,P01799,0,valid
D00627,P00019,1,valid
D01682,P00019,1,valid
D00005,P01113,1,valid
D00078,P00482,0,valid
D00233,P00512,0,valid
D01273,P00020,1,valid
D00181,P01087,0,valid
D01683,P00200,1,valid
D01075,P01268,1,valid
D00494,P00656,1,valid
D00013,P00020,1,valid
D00323,P01362,0,valid
D00005,P01645,1,valid
D01684,P00615,0,valid
D00270,P01440,0,valid
D00005,P00085,1,valid
D01685,P00592,0,valid
D01292,P00557,1,valid
D00124,P00762,0,valid
D01686,P00025,1,valid
D00102,P01518,0,valid
D00183,P00261,0,valid
D00565,P00020,1,valid
D00226,P00009,0,valid
D00005,P00507,1,valid
D00160,P01379,0,valid
D00349,P00784,0,valid
D01238,P01097,0,valid
D00048,P00346,0,valid
D00130,P01059,0,valid
D00022,P01061,1,valid
D00005,P00020,1,valid
D00527,P01675,0,valid
D00496,P00019,1,valid
D01666,P01691,0,valid
D00194,P00723,0,valid
D00301,P00833,0,valid
D00190,P00191,1,valid
D01016,P00236,1,valid
D00428,P00048,0,valid
D00668,P00019,1,valid
D00022,P00478,1,valid
D00270,P01016,0,valid
D00366,P00343,0,valid
D00005,P01800,1,valid
D00265,P00160,0,valid
D00244,P00609,0,valid
D01687,P00118,1,valid
D00801,P01519,0,valid
D00312,P00664,0,valid
D01688,P00020,1,valid
D00259,P00790,0,valid
D00579,P00405,0,valid
D01689,P00330,1,valid
D00065,P01801,1,valid
D01444,P00115,1,valid
D00206,P00020,1,valid
D00105,P00635,0,valid
D00181,P01752,0,valid
D00357,P00393,1,valid
D00432,P00158,0,valid
D00853,P00405,0,valid
D00022,P01439,1,valid
D01660,P00241,1,valid
D00028,P00137,1,valid
D00172,P01154,0,valid
D01690,P01571,0,valid
D00340,P00327,1,valid
D00983,P01277,1,valid
D00494,P00121,1,valid
D00440,P01802,0,valid
D00005,P00490,1,valid
D01413,P00113,1,valid
D00508,P00789,0,valid
D00109,P00872,1,valid
D00639,P01341,0,valid
D00022,P00353,1,test
D00804,P00020,1,test
D00144,P01372,0,test
D00005,P00416,1,test
D00431,P00608,0,test
D00065,P01599,1,test
D00009,P01210,0,test
D01126,P00020,1,test
D00673,P01803,0,test
D01691,P00351,1,test
D00222,P00019,1,test
D00418,P01366,0,test
D00022,P01804,1,test
D00372,P01064,1,test
D00005,P01695,1,test
D01059,P00985,0,test
D00005,P00258,1,test
D00183,P01787,0,test
D01384,P00115,1,test
D00125,P00040,1,test
D00478,P00669,0,test
D00182,P00403,1,test
D00996,P00588,0,test
D00022,P00209,1,test
D00907,P00020,1,test
D01692,P00086,1,test
D01693,P00152,1,test
D01264,P01805,0,test
D00971,P00083,0,test
D01236,P00118,1,test
D00006,P00971,0,test
D00101,P01806,0,test
D00194,P00439,0,test
D00005,P01368,1,test
D00208,P01037,0,test
D00949,P00759,0,test
D00454,P00831,0,test
D00229,P01807,0,test
D00005,P00031,1,test
D00801,P00040,0,test
D00881,P01808,0,test
D00147,P01350,0,test
D00042,P00262,0,test
D01694,P01690,0,test
D00365,P00847,0,test
D00425,P01809,0,test
D00354,P00390,1,test
D00176,P01639,0,test
D01695,P00782,0,test
D01402,P00019,1,test
D00314,P01292,1,test
D00022,P01810,1,test
D01696,P00367,0,test
D00135,P00633,1,test
D01697,P00114,1,test
D00398,P00746,1,test
D00190,P00197,1,test
D00065,P00152,1,test
D00161,P00804,0,test
D01627,P00299,0,test
D00055,P01811,0,test
D00038,P00541,0,test
D00839,P00020,1,test
D00073,P00525,0,test
D00663,P00118,1,test
D01698,P00020,1,test
D01699,P00655,0,test
D00149,P00291,1,test
D01346,P01137,0,test
D00544,P00120,1,test
D00005,P01812,1,test
D01700,P00877,1,test
D00962,P00019,1,test
D00223,P00609,0,test
D00096,P01813,0,test
D00005,P00998,1,test
D00697,P00039,0,test
D00003,P00219,0,test
D00102,P00784,0,test
D01022,P00020,1,test
D00262,P01260,0,test
D00022,P00020,1,test
D01517,P00436,1,test
D00215,P00191,0,test
D00564,P00890,0,test
D01701,P00596,1,test
D00052,P00984,0,test
D00815,P00148,0,test
D00102,P01814,0,test
D00029,P00019,1,test
D01635,P00865,0,test
D01221,P00340,0,test
D01159,P00006,0,test
D01292,P00072,1,test
D00155,P01815,0,test
D00065,P01816,1,test
D00299,P01817,0,test
D00014,P01223,1,test
D00161,P01818,0,test
D01702,P01187,0,test
D00065,P01819,1,test
D00065,P01820,1,test
D00065,P01821,1,test
D00581,P00644,0,test
D01380,P01822,0,test
D00265,P00116,0,test
D00636,P00187,0,test
D00318,P00019,1,test
D00102,P01766,0,test
D00966,P00058,1,test
D00431,P01226,0,test
D00137,P00451,0,test
D00071,P00145,0,test
D00144,P01183,0,test
D00109,P01479,1,test
D00754,P01140,0,test
D00128,P00198,0,test
D01004,P00009,0,test
D00071,P01231,0,test
D00703,P01336,0,test
D01582,P00135,1,test
D00065,P00554,1,test
D00293,P00155,1,test
D01703,P00020,1,test
D01704,P00407,1,test
D00102,P00134,0,test
D00217,P00863,0,test
D01563,P00004,1,test
D00800,P01359,0,test
D00788,P00991,0,test
D00047,P00877,0,test
D01124,P00120,1,test
D00125,P01533,1,test
D01705,P00200,1,test
D01575,P00115,1,test
D00432,P01227,0,test
D01706,P01623,0,test
D00096,P00176,0,test
D00122,P01350,0,test
D00624,P01233,1,test
D00569,P01823,0,test
D01707,P00118,1,test
D01708,P00209,1,test
D00108,P00019,1,test
D00022,P01824,1,test
D01709,P00330,1,test
D00296,P01825,0,test
D00065,P01826,1,test
D00624,P00152,1,test
D00149,P00020,1,test
D00183,P00507,0,test
D00436,P00115,1,test
D00590,P00009,0,test
D00233,P00120,0,test
D00258,P00649,1,test
D00212,P00315,0,test
D00828,P00251,0,test
D00029,P00019,1,test
D00564,P00344,0,test
D00980,P00135,1,test
D00116,P00020,1,test
D00231,P00403,1,test
D00181,P01210,0,test
D01117,P01759,1,test
D00479,P00497,0,test
D01564,P00615,0,test
D01433,P00115,1,test
D00042,P00755,0,test
D00089,P01027,0,test
D00776,P00205,0,test
D01336,P00312,0,test
D00360,P00025,0,test
D01710,P00020,1,test
D00392,P00019,1,test
D00732,P00208,0,test
D00564,P00964,0,test
D00449,P00058,1,test
D00006,P00507,0,test
D00171,P00884,1,test
D00563,P01827,0,test
D00065,P00746,1,test
D01711,P00019,1,test
D01712,P00241,1,test
D00449,P00019,1,test
D00161,P00518,0,test
D00258,P01455,1,test
D00269,P01585,0,test
D00589,P00020,1,test
D00032,P00500,1,test
D00065,P01205,1,test
D00996,P00937,0,test
D00182,P00872,1,test
D00025,P01364,0,test
D00005,P01828,1,test
D00032,P00020,1,test
D00368,P00123,1,test
D01713,P00152,1,test
D01714,P00154,1,test
D00927,P00981,1,test
D00495,P00368,0,test
D00487,P00019,1,test
D00082,P00588,0,test
D00755,P01829,0,test
D00711,P01830,0,test
D00005,P00395,1,test
D01320,P00020,1,test
D00491,P01831,0,test
D00065,P00721,1,test
D00101,P01098,0,test
D00022,P00746,1,test
D00529,P01459,0,test
D00429,P00508,0,test
D00602,P01832,0,test
D01650,P00253,0,test
D00955,P00385,0,test
D00172,P00072,0,test
D00022,P00047,1,test
D00359,P00243,0,test
D00157,P01380,0,test
D00741,P00135,1,test
D00042,P00020,1,test
D00003,P01645,0,test
D00003,P01078,0,test
D01715,P01683,0,test
D00005,P01223,1,test
D00853,P00352,0,test
D00005,P00750,1,test
D00032,P01203,1,test
D00196,P00019,1,test
D00406,P00044,1,test
D00301,P01744,0,test
D00789,P00390,1,test
D01491,P00025,1,test
D00183,P00930,0,test
D01716,P00120,1,test
D00668,P00019,1,test
D01219,P01133,0,test
D00752,P00598,1,test
D00181,P00228,0,test
D00720,P00020,1,test
D00192,P01375,1,test
D00065,P01832,1,test
D00114,P01833,0,test
D00072,P00811,0,test
D01264,P01834,0,test
D01682,P00019,1,test
D00473,P00120,1,test
D00171,P00024,1,test
D00438,P00166,1,test
D00022,P01548,1,test
D00215,P01835,0,test
D00046,P00239,1,test
D00102,P00103,0,test
D00224,P00918,0,test
D00853,P01043,0,test
D00563,P00657,0,test
D01390,P00019,1,test
D00303,P00019,1,test
D00440,P01121,0,test
D01717,P00020,1,test
D00114,P00866,0,test
D00430,P00789,0,test
D00980,P00019,1,test
D00640,P00071,0,test
D00429,P00027,0,test
D00269,P00814,0,test
D01001,P00348,0,test
D00894,P01335,0,test
D00960,P00451,0,test
D00005,P01083,1,test
D01438,P00096,1,test
D00065,P01836,1,test
D00803,P00251,0,test
D01718,P00019,1,test
D00135,P00327,1,test
D00071,P01259,0,test
D01520,P00019,1,test
D00123,P00714,0,test
D00113,P01837,0,test
D01018,P00020,1,test
D00472,P00019,1,test
D01355,P00019,1,test
D00018,P00439,0,test
D00268,P00019,1,test
D00558,P00881,0,test
D01719,P00872,1,test
D00102,P01838,0,test
D00031,P00141,0,test
D00065,P00372,1,test
D00212,P00071,0,test
D00336,P01839,0,test
D00031,P01326,0,test
D00456,P00020,1,test
D00508,P01459,0,test
D00163,P00352,0,test
D00073,P01738,0,test
D00230,P01253,0,test
D00005,P01001,1,test
D00564,P00383,0,test
D00470,P00763,0,test
D00022,P01840,1,test
D00028,P00020,1,test
D01720,P00535,0,test
D00428,P00263,0,test
D00525,P00019,1,test
D00390,P00019,1,test
D00748,P00004,1,test
D00906,P00522,0,test
D00230,P01440,0,test
D01437,P00009,0,test
D00885,P00181,0,test
D00073,P01483,0,test
D00022,P01358,1,test
D01279,P00025,1,test
D00250,P00451,0,test
D00031,P00716,0,test
D00743,P00047,0,test
D01721,P00237,0,test
D00005,P00833,1,test
D01137,P00020,1,test
D01044,P01841,0,test
D00589,P00020,1,test
D00014,P00118,1,test
D00073,P01062,0,test
D00009,P01372,0,test
D01722,P00020,1,test
D00773,P00800,0,test
D00093,P01309,0,test
D00171,P01726,1,test
D01166,P00759,0,test
D00882,P01639,0,test
D00436,P00366,1,test
D00041,P01127,0,test
D00481,P01741,0,test
D00147,P00848,0,test
D00005,P00573,1,test
D00528,P00548,1,test
D01723,P00856,0,test
D01638,P00698,1,test
D00223,P00734,0,test
D01724,P00072,1,test
D00271,P00806,0,test
D00005,P00880,1,test
D01725,P00619,0,test
D00684,P00349,1,test
D00180,P01205,1,test
D00197,P00020,1,test
D01559,P00020,1,test
D00020,P00223,1,test
D01726,P00330,1,test
D00065,P01842,1,test
D00714,P00019,1,test
D00925,P01145,0,test
D00025,P01843,0,test
D00196,P00019,1,test
D00005,P01844,1,test
D00832,P01845,0,test
D01727,P00120,1,test
D00125,P01836,1,test
D00065,P01216,1,test
D00192,P00670,1,test
D00005,P01417,1,test
D01314,P00019,1,test
D00022,P01122,1,test
D00548,P00815,0,test
D01196,P00446,0,test
D01728,P01114,0,test
D00479,P00186,0,test
D00093,P00268,0,test
D00096,P00985,0,test
D00184,P00231,0,test
D00400,P00876,0,test
D00270,P00141,0,test
D00154,P01269,0,test
D00101,P01771,0,test
D00258,P00524,1,test
D00258,P01414,1,test
D00005,P01624,1,test
D00122,P00928,0,test
D01542,P00004,1,test
D00005,P01846,1,test
D00584,P00333,1,test
D00385,P01534,0,test
D00885,P00497,0,test
D00481,P00318,0,test
D00022,P00843,1,test
D00517,P00625,0,test
D01342,P00058,1,test
D01707,P00135,1,test
D01729,P00730,0,test
D00085,P00276,0,test
D00299,P01622,0,test
D01437,P00016,0,test
D00456,P00020,1,test
D00153,P00397,1,test
D00114,P01142,0,test
D01730,P01664,0,test
D00128,P01618,0,test
D00114,P01847,0,test
D01068,P00019,1,test
D00441,P00991,0,test
D00005,P00395,1,test
D00697,P00151,0,test
D00079,P00020,1,test
D00142,P01848,0,test
D00101,P00781,0,test
D00134,P01849,0,test
D00025,P01236,0,test
D01728,P00655,0,test
D00547,P00625,0,test
D01731,P00736,0,test
D00398,P01746,1,test
D00398,P01194,1,test
D00005,P01720,1,test
D00590,P00752,0,test
D00786,P00953,1,test
D00171,P00557,1,test
D00114,P00436,0,test
D01732,P01037,0,test
D00265,P00167,0,test
D00315,P00413,1,test
D01166,P00651,0,test
D00042,P00656,0,test
D01389,P01822,0,test
D00078,P01377,0,test
D00005,P00373,1,test
D00005,P00061,1,test
D00454,P00176,0,test
D00037,P00721,1,test
D00925,P00251,0,test
D00215,P00581,0,test
D01001,P00151,0,test
D01331,P00366,1,test
D00028,P00245,1,test
D00216,P00444,0,test
D00387,P00894,0,test
D00065,P00423,1,test
D01085,P01150,0,test
D00412,P00633,1,test
D00182,P00539,1,test
D00927,P00020,1,test
D01610,P01281,0,test
D00176,P01538,0,test
D00170,P00019,1,test
D00028,P00020,1,test
D00527,P00818,0,test
D00022,P00614,1,test
D00041,P01579,0,test
D00822,P00602,0,test
D01733,P00118,1,test
D00065,P00118,1,test
D00022,P01850,1,test
D00030,P01851,0,test
D01581,P00019,1,test
D01734,P00330,1,test
D00901,P00019,1,test
D00001,P00363,0,test
D00543,P00120,1,test
D00561,P00518,0,test
D00582,P00020,1,test
D01269,P00020,1,test
D01735,P00114,1,test
D00005,P00416,1,test
D00443,P00019,1,test
D01736,P00693,1,test
D01307,P01420,0,test
D00065,P01653,1,test
D00122,P01503,0,test
D01737,P00152,1,test
D00022,P00037,1,test
D00028,P00020,1,test
D00022,P00487,1,test
D00310,P01050,0,test
D01738,P00413,1,test
D01739,P00072,1,test
D01154,P01176,0,test
D01740,P01852,1,test
D00307,P00805,1,test
D00065,P00068,1,test
D00508,P00256,0,test
D00363,P00670,1,test
D00005,P01367,1,test
D00742,P00020,1,test
D00682,P00728,0,test
D00310,P00845,0,test
D00022,P00113,1,test
D00508,P00967,0,test
D00065,P01199,1,test
D00064,P00636,0,test
D00122,P01853,0,test
D00237,P00239,1,test
D00268,P00019,1,test
D00107,P01854,0,test
D00265,P01855,0,test
D00215,P01688,0,test
D00581,P01701,0,test
D00337,P00574,0,test
D00172,P00897,0,test
D00022,P01508,1,test
D00005,P00624,1,test
D00065,P01856,1,test
D00469,P01587,0,test
D00022,P00781,1,test
D00181,P00444,0,test
D00022,P00115,1,test
D00005,P01168,1,test
D01264,P00798,0,test
D00041,P00728,0,test
D01741,P01857,0,test
D00040,P01043,0,test
D01058,P01110,0,test
D00393,P01210,0,test
D00230,P00443,0,test
D01234,P00989,1,test
D00534,P00848,0,test
D00269,P01119,0,test
D00005,P00020,1,test
D00172,P00001,0,test
D00071,P00037,0,test
D00192,P00368,1,test
D01529,P00867,1,test
D00065,P01858,1,test
D00038,P01642,0,test
D00065,P01648,1,test
D00563,P01622,0,test
D00581,P00030,0,test
D01742,P00200,1,test
D00147,P00026,0,test
D00181,P00445,0,test
D00065,P00175,1,test
D00230,P01777,0,test
D00005,P00754,1,test
D00703,P00714,0,test
D01743,P00082,0,test
D00473,P00120,1,test
D00694,P01859,0,test
D00005,P00029,1,test
D01650,P00619,0,test
D01744,P00025,1,test
D01237,P00045,1,test
D00714,P00019,1,test
D00872,P01461,0,test
D00327,P00135,1,test
D01017,P01298,0,test
D01143,P00019,1,test
D00269,P00297,0,test
D00881,P01654,0,test
D01265,P00269,0,test
D00412,P00847,1,test
D01610,P01197,0,test
D00645,P00384,0,test
D01382,P01393,0,test
D01430,P01221,0,test
D00022,P00481,1,test
D00743,P00381,0,test
D01006,P00044,1,test
D00223,P00878,0,test
D00574,P00837,0,test
D01745,P00025,1,test
D00386,P00263,1,test
D01283,P01135,0,test
D00286,P00643,0,test
D00846,P00486,0,test
D01746,P00040,0,test
D01747,P01011,1,test
D00022,P00200,1,test
D00004,P00327,1,test
D00041,P00295,0,test
D00292,P00020,1,test
D00479,P00662,0,test
D00022,P00020,1,test
D00172,P01474,0,test
D00153,P00155,1,test
D01748,P00525,0,test
D01749,P00448,0,test
D00447,P00019,1,test
D00069,P01155,0,test
D01278,P00132,0,test
D00196,P00019,1,test
D01332,P00974,0,test
D01353,P00752,0,test
D01317,P01485,0,test
D00707,P01166,0,test
D00881,P01587,0,test
D00564,P00930,0,test
D00011,P01263,0,test
D00065,P00518,1,test
D00721,P00019,1,test
D00550,P00571,1,test
D01750,P00393,1,test
D00065,P01444,1,test
D01678,P00160,1,test
D00307,P01203,1,test
D00144,P00326,0,test
D01751,P00118,1,test
D00223,P00685,0,test
D00754,P01860,0,test
D01595,P00975,1,test
D01282,P00281,1,test
D00987,P00290,1,test
D00022,P00186,1,test
D00363,P00670,1,test
D00558,P01146,0,test
D01752,P01175,1,test
D00912,P00914,0,test
D01753,P01861,0,test
D00055,P00634,0,test
D01473,P00680,0,test
D00861,P00894,0,test
D00022,P00061,1,test
D01754,P00494,1,test
D00005,P00947,1,test
D00529,P00882,0,test
D00022,P00854,1,test
D00466,P01654,0,test
D00048,P00871,0,test
D00005,P00004,1,test
D01727,P00120,1,test
D00037,P00721,1,test
D00266,P00982,0,test
D00301,P01862,0,test
D00336,P00967,0,test
D01755,P00020,1,test
D00438,P00880,1,test
D00005,P00191,1,test
D00262,P00215,1,test
D00926,P01440,0,test
D00041,P00091,0,test
D00148,P00423,1,test
D00065,P01476,1,test
D00561,P00104,0,test
D00493,P01796,0,test
D00412,P01123,1,test
D00022,P00493,1,test
D01756,P00144,0,test
D00294,P00117,0,test
D00139,P00527,0,test
D01757,P00115,1,test
D01758,P00118,1,test
D00115,P00020,1,test
D00375,P00019,1,test
D00215,P00275,0,test
D00005,P00387,1,test
D00093,P00996,0,test
D01463,P01863,0,test
D00022,P00026,1,test
D00022,P00283,1,test
D00182,P00373,1,test
D00248,P00116,0,test
D00980,P00019,1,test
D00707,P00256,0,test
D00473,P00413,1,test
D00096,P01319,0,test
D00102,P01285,0,test
D00215,P00549,0,test
D00454,P00760,0,test
D00005,P00144,1,test
D00022,P00445,1,test
D00244,P00472,0,test
D00265,P01675,0,test
D00424,P00944,0,test
D00065,P01296,1,test
D00122,P00555,0,test
D00494,P00072,1,test
D00223,P01671,0,test
D01521,P00414,1,test
D00635,P00019,1,test
D00885,P01538,0,test
D00025,P01072,0,test
D00287,P00884,0,test
D00693,P00020,1,test
D00022,P00020,1,test
D00960,P00281,1,test
D00105,P01104,0,test
D00216,P00595,0,test
D00135,P01377,1,test
D00022,P00169,1,test
D00740,P01203,1,test
D01467,P00118,1,test
D00345,P01864,0,test
D01759,P00105,1,test
D00506,P00938,0,test
D01760,P00020,1,test
D00539,P01110,0,test
D00721,P00135,1,test
D00351,P00004,1,test
D01367,P01709,0,test
D00144,P01017,0,test
D00268,P00019,1,test
D01272,P01044,0,test
D00022,P00363,1,test
D01497,P00019,1,test
D00429,P01275,0,test
D01128,P00139,1,test
D00776,P00363,0,test
D00741,P00118,1,test
D00171,P00853,1,test
D01761,P00025,1,test
D01762,P01011,0,test
D01246,P00019,1,test
D00269,P00668,0,test
D00454,P00633,0,test
D00798,P00019,1,test
D00323,P00482,0,test
D00230,P01827,0,test
D00022,P00570,1,test
D00372,P01196,1,test
D00659,P00058,1,test
D00269,P00616,0,test
D00013,P00013,1,test
D00051,P00188,0,test
D00707,P01865,0,test
D00472,P00019,1,test
D00330,P01162,0,test
D00400,P01866,0,test
D00065,P01119,1,test
D00022,P01669,1,test
D00172,P00831,0,test
D00318,P00019,1,test
D00005,P00576,1,test
D00327,P00019,1,test
D00811,P00561,0,test
D00014,P01345,1,test
D01377,P01608,0,test
D00464,P01574,0,test
D00242,P00040,0,test
D00645,P00686,0,test
D01336,P00208,0,test
D00065,P01765,1,test
D00467,P00019,1,test
D01763,P00110,0,test
D00217,P01867,0,test
D00022,P01327,1,test
D00559,P00004,1,test
D00343,P01868,0,test
D00184,P01181,0,test
D00065,P00044,1,test
D01764,P01359,1,test
D00721,P00135,1,test
D00046,P00239,1,test
D01010,P00020,1,test
D00116,P00020,1,test
D01453,P00191,1,test
D00244,P01869,0,test
D00065,P00787,1,test
D00087,P00745,0,test
D00065,P00044,1,test
D00065,P00113,1,test
D00005,P00646,1,test
D00365,P00752,0,test
D00065,P01870,1,test
D00527,P00033,0,test
D00204,P00019,1,test
D01765,P00655,1,test
D00679,P00079,0,test
D00101,P01871,0,test
D00479,P00891,0,test
D00212,P01293,0,test
D00122,P00243,0,test
D01766,P00120,1,test
D00116,P00020,1,test
D00684,P00020,1,test
D00197,P00020,1,test
D00109,P01444,1,test
D00133,P00020,1,test
D00181,P00903,0,test
D00101,P01872,0,test
D00425,P01873,0,test
D00438,P00020,1,test
D01065,P00467,0,test
D00059,P00118,1,test
D00065,P01874,1,test
D00185,P00200,1,test
D01767,P00272,0,test
D00233,P01154,0,test
D00161,P00311,0,test
D01714,P00186,1,test
D00048,P01875,0,test
D00005,P01876,1,test
