drug_id,smiles
D00000,CC(CN1C(=O)C2=C(C=C(C=C2)C(=O)OC)N=C1SC(C)C(=O)N3CCCC3)O
D00001,CC(C)(C)C1=CC=C(C=C1)SCC(=O)NNC(=O)C2=CC=CC=C2
D00002,CC(C(=O)NC1CCCC1)OC(=O)CN(C)S(=O)(=O)C2=CC=C(C=C2)F
D00003,COC1=CC=CC(=C1)C2=NOC(=N2)COC(=O)C3=CC4=C(C=C3)SCCC(=O)N4
D00004,CC(C(=O)NC1=CC=C(C=C1)F)OC(=O)COC2=CC=CC=C2Cl
D00005,CC(C(=O)NC1=CC=CC=C1OC)NC2=CC3=C(CCC3)C=C2
D00006,CCOC1=C(C=C2C(=C1)CC(O2)C)CNC(=O)CC3=CC=C(S3)S(=O)(=O)N4CCCC4
D00007,CC1=CC=C(C=C1)C2=NN(C=C2C(=O)OCC3=CC4=C(C=C3)OCO4)C5=CC=CC=C5
D00008,COC(=O)C1=CC2=C(C=C1)C(=O)N(C(=N2)SCC#N)CC3CCCO3
D00009,CC(C)CCC(=O)OCC(=O)NC1=CC(=CC=C1)S(=O)(=O)N(C)C2=CC=CC=C2
D00010,CC(C)C(C(=O)NC(=O)N)OC(=O)COC1=CC=CC=C1Cl
D00011,CC1CC2=CC=CC=C2N1C(=O)C(C)OC(=O)COC3=CC=CC=C3Cl
D00012,CCCOC1=C(C=C(C=C1Cl)C=CC(=O)OCC2=CC=C(C=C2)C#N)OC
D00013,CCC1=C(SC(=C1)C(=O)OCC(=O)NC2=CC(=CC=C2)[N+](=O)[O-])C
D00014,CC(C1=CC(=CC=C1)C(F)(F)F)NC(C)C(=O)NC2=CC=CC=C2OC
D00015,CC1(C(=O)N(C(=O)N1)CC2=CC(=CC=C2)Br)C3=CC=CC=C3
D00016,C1CSC2=C(C=C(C=C2)C(=O)OCC3=CC(=O)OC4=C3C=CC(=C4)O)NC1=O
D00017,CCCOC1=CC=CC=C1NC(=O)C2=CC3=NC=CN=C3C=C2
D00018,CC(C)(C)C1=CC=C(C=C1)SCN2C(=O)C3=CC=CC=C3N=N2
D00019,CC(C)(C)C1=CC=C(C=C1)SCC(=O)NN2C(=O)C3(CCCCC3)NC2=O
D00020,CC(C)C(C(=O)NC(=O)N)OC(=O)CNS(=O)(=O)C1=CC2=C(CCCC2)C=C1
D00021,C1=CC=C(C(=C1)OCC(=O)NC2=CC=CC(=C2)C#N)Br
D00022,CC1=CC(=CC(=C1)C(=O)NNC2=CC=CC=C2[N+](=O)[O-])C
D00023,CN(CC1=CC=CC=C1F)C(=O)NC2=CN=CC=C2
D00024,CCNC(=O)NC(=O)COC(=O)C1=C(C=CC(=C1)S(=O)(=O)C)C
D00025,CC(C)(C)C1=CC=C(C=C1)SCC(=O)NC2=CC=C(C=C2)C(=O)N
D00026,C#CCNC(=O)N1CCN(CC1)C2=CC=C(C=C2)F
D00027,C1=CC=NC(=C1)CNS(=O)(=O)C2=CC(=C(C=C2)C#N)Cl
D00028,C1=CC=C(C=C1)C2=CSC(=N2)C3=CSC=C3
D00029,CC1=C(C=C(C=C1)S(=O)(=O)C)C(=O)OCC(=O)NCCOC
D00030,CC(C(=O)C1=CC=C(C=C1)OC)OC(=O)C2=CC3=C(C=C2)SCCC(=O)N3
D00031,C1CSC2=C(C=C(C=C2)C(=O)OCC3=CC(=O)OC4=C3C=CC(=C4)O)NC1=O
D00032,CCC1=NC2=CC=CC=C2C(=C1C)C(=O)OCC(=O)C3=CC=CC=C3Cl
D00033,CC1=CC(=C(C=C1)F)NC(=O)C2=CC(=CC=C2)NC(=O)C
D00034,C1CCC(CC1)(CNC(=O)C2=CC(=C(C=C2)Cl)Cl)N3CCOCC3
D00035,CC1=CC(=C(C(=C1)C)NC(=O)COC(=O)COC2=CC=CC=C2Cl)C
D00036,CC(C)CCC(=O)OC(C(C)C)C(=O)NC(=O)N
D00037,CC(C(=O)NC1=CC=C(C=C1)F)OC(=O)COC2=CC=CC=C2Cl
D00038,CC(C)(C)C1=CC=C(C=C1)SCC(=O)NC2=CC=C(C=C2)C(=O)N
D00039,CCOC(=O)N1CCN(CC1)C(=O)COC(=O)C2=C(C=CC(=C2)S(=O)(=O)C)C
D00040,CCC1=NC2=CC=CC=C2C(=C1C)C(=O)OC(C)C(=O)N(C)CC3=CC=CC=C3
D00041,CC1=C(C=C(C=C1)S(=O)(=O)C)C(=O)OCC(=O)NCC23CC4CC(C2)CC(C4)C3
D00042,CCC(C1=CC=C(C=C1)C)NC(=O)COC(=O)COC2=CC=CC=C2Cl
D00043,CC(C)C(C(=O)NC(=O)N)OC(=O)COC1=CC=CC=C1Cl
D00044,C1=CC=C(C(=C1)NC(=O)COC2=CC=CC=C2Br)OC(F)F
D00045,CC1CCC2=CC=CC=C2N1C(=O)CSC3=NN=C(S3)NCC=C
D00046,CCC1=NC2=CC=CC=C2C(=C1C)C(=O)OCC(=O)NC3=CC=CC=C3C(=O)N
D00047,C1C(=O)N(C(=O)S1)CCNC(=O)COC(=O)COC2=CC=CC=C2Cl
D00048,CC1=CC(=C(C(=O)N1)CNC(=O)C2=CC=CC=C2C(F)(F)F)C
D00049,CC1=C(C=C(C=C1)C(C)NC(=O)COC(=O)C2=CC3=C(C=C2)SCCC(=O)N3)C
D00050,C1C(=O)NC2=CC=CC=C2N1C(=O)COC3=CC=CC=C3Br
D00051,CCC1=C(SC(=C1)C(=O)OCC(=O)NCC2=CC=C(C=C2)C(=O)OC)C
D00052,CCC(C1=CC=C(C=C1)C)NC(=O)COC(=O)COC2=CC=CC=C2Cl
D00053,CCCC1C(=O)N(C(=O)N1)CC2=CC=C(C=C2)C(=O)NC3=CC=CC=C3
D00054,COCCNC(=O)N1CCN(CC1)C2=CC=CC=C2Cl
D00055,CCCCC1=NOC(=N1)CS(=O)(=O)CC(=O)N
D00056,CCC1=CC=CC=C1NC(=O)CNC(=O)C2=CC(=CC=C2)NC(=O)C
D00057,CC1=C(C=C(C=C1)S(=O)(=O)C)C(=O)OCC(=O)NCC23CC4CC(C2)CC(C4)C3
D00058,CC(C)(C)C1=CC=C(C=C1)SCC(=O)NN2C(=O)C3(CCCCC3)NC2=O
D00059,C1=CC=C(C=C1)OC2=CC=CC=C2COC(=O)COC3=CC=CC=C3Cl
D00060,C1=CC=C(C(=C1)NC(=O)COC2=CC=CC=C2Br)OC(F)F
D00061,C=CCNC1=NN=C(S1)SCC2=CC=CC3=C2N=CC=C3
D00062,CCCN1C(=O)C(=CC2=CC=CC=C2F)NC1=S
D00063,CCC1CCCCN1C(=O)COC(=O)C2=CC3=C(C=C2)SCCC(=O)N3
D00064,C1CC1CNC(=O)CS(=O)(=O)CC2=CC=C(C=C2)Br
D00065,CCC1=C(SC(=C1)C(=O)OCC(=O)NC2=CC(=CC=C2)[N+](=O)[O-])C
D00066,C1C2CC3CC1CC(C2)(C3)CNC(=O)COC4=CC=CC=C4Br
D00067,C1=CC=C2C(=C1)C(=O)N(C2=O)COC(=O)COC3=CC=CC=C3Cl
D00068,CCC(C1=CC=C(C=C1)C)NC(=O)COC(=O)COC2=CC=CC=C2Cl
D00069,COC1=CC(=CC(=C1OC)OC)CNC(=O)C2=C(C=CC(=C2)Cl)Cl
D00070,CC1=C(C=C(C=C1)S(=O)(=O)C)C(=O)OCC(=O)NC(C)(C#N)C(C)C
D00071,CC1=CC(=C(N1C2CCS(=O)(=O)C2)C)C(=O)CSC3=CC=C(C=C3)C(C)(C)C
D00072,CC1=C(OC2=C1C=C(C=C2)OC)C(=O)NC3=CC(=NN3C)C(C)(C)C
D00073,CCC1=C(SC(=C1)C(=O)OCC(=O)NC2=C(C=CC(=C2)[N+](=O)[O-])OC)C
D00074,C#CCNC(=O)N1CCN(CC1)C2=CC=C(C=C2)F
D00075,CC1CCCCN1C(=O)COC(=O)C2=CN(N=C2C3=CC=C(C=C3)C)C4=CC=CC=C4
D00076,CNC(=O)COC(=O)C1=CC2=C(C=C1)SCCC(=O)N2
D00077,C1CCC(C1)NC(=O)NC(=O)COC2=CC=CC=C2Br
D00078,COCCNC(=O)N1CCN(CC1)C2=CC=CC=C2Cl
D00079,CC1=C(C=C(C=C1)S(=O)(=O)C)C(=O)OCCOC2=CC=C(C=C2)Br
D00080,CC1=CN=C(S1)NC(=O)CNC(=O)C2=CC=CC=C2F
D00081,CC1=CC=CC=C1C=CC(=O)OC(C)C(=O)NC2=CC=C(C=C2)C(=O)C
D00082,C1=CC(=C(C=C1C2=CC=C(O2)CO)C(=O)[O-])Cl
D00083,CC(CN1C(=O)C2=C(C=C(C=C2)C(=O)OC)N=C1SCC3=CC(=CC=C3)F)O
D00084,CC1=CC(=C(N1CC2CCCO2)C)C(=O)COC3=CC=CC=C3Br
D00085,CC1=CC=C(C=C1)C2=NN(C=C2C(=O)OC(C)C(=O)N3CCCC3)C4=CC=CC=C4
D00086,CCCC1C(=O)N(C(=O)N1)CC2=CC=C(C=C2)C(=O)NC3=CC=CC=C3
D00087,CC(C1=CC=C(C=C1)S(=O)(=O)C)NC(=O)CNC(=O)C2=CC=CO2
D00088,CCC1=C(SC(=C1)C(=O)OCC(=O)NC2=CC=CC=C2F)C
D00089,CC(C(=O)NC(=O)NC)OC(=O)COC1=CC=CC=C1Cl
D00090,CCCOC1=C(C=C(C=C1Cl)C=CC(=O)OC(C)C(=O)NC2CC2)OC
D00091,CC(C)CCC(=O)OC(C)C(=O)NC1=CC=C(C=C1)C(=O)N
D00092,CCC1=C(SC(=C1)C(=O)OCC(=O)NC2=C(C=C(C=C2)OC)[N+](=O)[O-])C
D00093,CCNC(=O)NC(=O)CSC1=NN=C(S1)SCC2=CC=C(C=C2)C(C)C
D00094,CC1CN(CC(O1)C)C(=O)COC(=O)C2=CC=C(S2)C3=CC=C(C=C3)Cl
D00095,C1=CC=NC(=C1)CCNC(=O)CCC2=NC(=NO2)C3=CC=C(C=C3)F
D00096,CC(CN1C(=O)C2=C(C=C(C=C2)C(=O)OC)N=C1SCC(=O)N3CCCC3=O)O
D00097,C1CS(=O)(=O)CC1NC(=O)COC(=O)COC2=CC=CC=C2Cl
D00098,CC(CN1C(=O)C2=C(C=C(C=C2)C(=O)OC)N=C1SCC=CC3=CC=CC=C3)O
D00099,COC1=C(C=C(C=C1)C2=NC(=CS2)C(=O)NCC(=O)OC)OC
D00100,CCC1=C(SC(=C1)C(=O)OCC(=O)NC2=CC=CC=C2C(=O)NCC(C)C)C
D00101,CC(C(=O)NC(=O)NC)SC1=CC=C(C=C1)C(C)(C)C
D00102,CC1=CC=C(C=C1)C2=NN(C=C2C(=O)OCC3=CC4=C(C=C3)OCO4)C5=CC=CC=C5
D00103,CC1CC2=CC=CC=C2N1C(=O)COC(=O)CN(C)S(=O)(=O)C3=CC=C(C=C3)F
D00104,CCOC1=CC=CC=C1COC(=O)CN(C)S(=O)(=O)C2=CC=C(C=C2)F
D00105,CC(C)CCC(=O)OCC(=O)NC1=CC=CC=C1CC2=CC=CC=C2
D00106,CC(C)CCC(=O)OC(C(C)C)C(=O)NC(=O)N
D00107,CCC(C)(C)NC(=O)CN1CCN(CC1)C2=C(C=C(C=C2)C(=O)C)F
D00108,CC1=CC=C(C=C1)C(=O)NCC2=CC=C(C=C2)CN3CCOCC3
D00109,C1=COC(=C1)C2=NN=C(O2)COC(=O)C3=CC=C(S3)C4=CC=C(C=C4)Cl
D00110,CCOC1=CC=CC2=C1OC(=C2)C(C)NC(=O)CNC(=O)CC34CC5CC(C3)CC(C5)C4
D00111,CCCCC1=NOC(=N1)CS(=O)(=O)CC(=O)N
D00112,CC1=CC=C(C=C1)C(=O)NCC2=CC=C(C=C2)CN3CCOCC3
D00113,CCN(C1=CC=CC=C1)C(=O)COC(=O)C2=CC3=C(C=C2)SCCC(=O)N3
D00114,CC(C(=O)NC1=CC=C(C=C1)C(=O)N)OC2=CC(=CC(=C2)Cl)Cl
D00115,CCC(C)C(=NNC1=C(C=C(C=C1)[N+](=O)[O-])[N+](=O)[O-])C
D00116,C1=CC=C(C(=C1)OCC(=O)NC2=C(C=CC(=C2)Cl)N3C=NC=N3)Br
D00117,CC(C)CC(=O)N1CCN(CC1)C2=C(C(=O)N(N=C2)C3=CC=CC=C3)Cl
D00118,C1=CC=C(C(=C1)NC(=O)COC2=CC=CC=C2Br)OC(F)F
D00119,CC(C)(C)C1=CC=C(C=C1)SCC(=O)NNC(=O)C2=CC=CC=C2
D00120,CCC1=C(SC(=C1)C(=O)OCC(=O)NC2=C(C=CC=C2C(C)C)C)C
D00121,CC(C)COC1=C(C=C(C=C1Cl)C=CC(=O)OCC(=O)N(C)C)OC
D00122,CCC(C1=CC=C(C=C1)C)NC(=O)COC(=O)COC2=CC=CC=C2Cl
D00123,CC(CN1C(=O)C2=C(C=C(C=C2)C(=O)OC)N=C1SCC(=O)N3CCCC3=O)O
D00124,CC(C(=O)NC1=CC=CC=C1Cl)OC(=O)C2=CC(=CC=C2)NC(=O)C
D00125,C1=CC=C(C(=C1)OCC(=O)NC2=C(C=CC=C2Cl)Cl)Br
D00126,CCC1=NC2=CC=CC=C2C(=C1C)C(=O)OCC(=O)NC3=C(C=C(C=C3Cl)C)C
D00127,CC1=C(C=C(C=C1)S(=O)(=O)N2CCOCC2)NC(=O)COC(=O)CCC(C)C
D00128,CC1=CC=C(C=C1)C(=O)NCC2=CC=C(C=C2)CN3CCOCC3
D00129,COC1=CC(=CC(=C1OC)OC)CNC(=O)C2=C(C=CC(=C2)Cl)Cl
D00130,CC(C)C(C(=O)NC(=O)N)OC(=O)CNS(=O)(=O)C1=CC2=C(CCCC2)C=C1
D00131,CC1=C(C2=CC=CC=C2N1)C(=O)C(C)OC(=O)COC3=CC=CC=C3Cl
D00132,CNC(=O)COC(=O)C1=CC2=C(C=C1)SCCC(=O)N2
D00133,C1C(=O)NC2=CC=CC=C2N1C(=O)COC3=CC=CC=C3Br
D00134,C1CSC2=C(C=C(C=C2)C(=O)OCC3=CC(=O)OC4=C3C=CC(=C4)O)NC1=O
D00135,CCC1=NC2=CC=CC=C2C(=C1C)C(=O)OCC(=O)NC(C)(C#N)C3CC3
D00136,CC(C)C(C(=O)NC(=O)N)OC(=O)COC1=CC=CC=C1Cl
D00137,CC(CN1C(=O)C2=C(C=C(C=C2)C(=O)OC)N=C1SCC(=O)N3CCCC3=O)O
D00138,CCC1=C(SC(=C1)C(=O)OCC(=O)NC2=C(C=CC=C2C(C)C)C)C
D00139,CCC1=C(SC(=C1)C(=O)OCC(=O)NC2=CC=C(C=C2)[N+](=O)[O-])C
D00140,C1=CC=C(C(=C1)OCC(=O)NC2=C(C=CC=C2Cl)Cl)Br
D00141,CC1=CC(=C(C(=C1)C)C(=O)COC(=O)C2=CC3=C(C=C2)SCCC(=O)N3)C
D00142,CN(C)S(=O)(=O)C1=CC=C(C=C1)NC(=O)COC2=CC=CC=C2Br
D00143,CC1=CC=C(C=C1)C2=NN(C=C2C(=O)OCC(=O)NC(C)C(C)C)C3=CC=CC=C3
D00144,CC(C)(C)C1=CC=C(C=C1)SCC(=O)NC2=CC=C(C=C2)C(=O)N
D00145,CC(C)CCC(=O)OCC(=O)NC1(CCCCC1)C#N
D00146,CC(C)C1=NN=C(S1)NC(=O)C=CC2=CC=CC=C2F
D00147,CC1=C(C(=NN1C2=CC=C(C=C2)C(=O)NC3CC3)C)Cl
D00148,CC(C)CCC(=O)OC(C(C)C)C(=O)NC(=O)N
D00149,CCC1=C2C(=CC=C1)C(=CN2)C(=O)COC(=O)COC3=CC=CC=C3Cl
D00150,CC(C(=O)NC1=CC=C(C=C1)C(=O)N)OC2=CC(=CC(=C2)Cl)Cl
D00151,CC(C1=CC(=CC=C1)C(F)(F)F)NC(=O)C2=CC=C(C=C2)CNC(=O)C
D00152,CC(C)CCC(=O)OC(C(C)C)C(=O)NC(=O)N
D00153,CCC1=NC2=CC=CC=C2C(=C1C)C(=O)OCC3=CC(=CC=C3)Cl
D00154,C1=CSC(=C1)CNC(=O)COC(=O)C2=CC=C(S2)C3=CC=C(C=C3)Cl
D00155,CN(CC1=CC=C(C=C1)OC)C(=O)NC2=CN=CC=C2
D00156,CCC1=NC2=CC=CC=C2C(=C1C)C(=O)OC(C)C(=O)N3C(CCCC3C)C
D00157,CC1=CC(=CC=C1)N2C(=O)CCC(=N2)C(=O)NC3=C(C=C(C=C3)F)Cl
D00158,CC(C(=O)NCC1=CC=CO1)OC(=O)C2=CC=C(S2)C3=CC=C(C=C3)Cl
D00159,C1CCC(CC1)[NH2+]CC2=C(C=CC=C2Cl)F
D00160,CCNC(=O)NC(=O)COC(=O)C1=C(C=CC(=C1)S(=O)(=O)C)C
D00161,CCOC1=CC=CC2=C1OC(=C2)C(C)NC(=O)CNC(=O)CC34CC5CC(C3)CC(C5)C4
D00162,CCCN1C(=O)C(=CC2=CC=CC=C2F)NC1=S
D00163,CCC(CC)NC(=O)COC(=O)CNS(=O)(=O)C1=CC2=C(CCCC2)C=C1
D00164,CCCN1C(=O)C(=CC2=CC=CC=C2F)NC1=S
D00165,CCCC1C(=O)N(C(=O)N1)CC2=CC=C(C=C2)C(=O)NC3=CC=CC=C3
D00166,C1=CC=C(C(=C1)OCC(=O)OCC(=O)NC2=CC3=C(C=C2)OC(O3)(F)F)Cl
D00167,CCC1=C(SC(=C1)C(=O)OCC(=O)NC2=CC=C(C=C2)[N+](=O)[O-])C
D00168,C1=CC=C(C=C1)CCCNC(=O)COC2=CC=CC=C2Br
D00169,CCC1=NC2=CC=CC=C2C(=C1C)C(=O)OC(C)C(=O)NC3CC3
D00170,CCOC1=C(C=C2C(=C1)CC(O2)C)CNC(=O)CC3=CC=C(S3)S(=O)(=O)N4CCCC4
D00171,CCCN1C(=NN=N1)COC2=C(C=C(C=C2[N+](=O)[O-])C)C
D00172,CNC(=O)COC(=O)C1=CC2=C(C=C1)SCCC(=O)N2
D00173,C1=CSC(=C1)C[NH2+]C(CO)(CO)CO
D00174,CC1=CC(=CC(=C1)C(=O)NNC2=CC=CC=C2[N+](=O)[O-])C
D00175,CCC1=C(SC(=C1)C(=O)OCC(=O)NC2=CC=C(C=C2)[N+](=O)[O-])C
D00176,CC1CCN(CC1)C(=O)COC(=O)C2=CN(N=C2C3=CC=C(C=C3)C)C4=CC=CC=C4
D00177,CCCC1C(=O)N(C(=O)N1)CC2=CC=C(C=C2)C(=O)NC3=CC=CC=C3
D00178,CC(C(=O)NC1=CC=CC=C1[N+](=O)[O-])OC2=CC(=CC(=C2)Cl)Cl
D00179,CCC1=NC2=CC=CC=C2C(=C1C)C(=O)OCC(=O)C3=CC4=C(CCCC4)C=C3
D00180,C1CSC2=C(C=C(C=C2)C(=O)OCC(=O)NC3=C(C=CC(=C3)F)F)NC1=O
D00181,CC1=NN(C(C1)(C2=CC=CC=C2)O)C(=O)CSC3=NN=C(S3)SCC(=O)N4C(CC(=N4)C)(C5=CC=CC=C5)O
D00182,CC(C)C(C)NC(=O)CSC1=CC=C(C=C1)[N+](=O)[O-]
D00183,CC1=C(C=C(O1)COC(=O)C2=CC3=C(C=C2)SCCC(=O)N3)C(=O)OC
D00184,C#CCNC(=O)N1CCN(CC1)C2=CC=C(C=C2)F
D00185,CC(CN1C(=O)C2=C(C=C(C=C2)C(=O)OC)N=C1SC(C)C(=O)N3CCCC3)O
D00186,CC1=C(SC(=N1)C2=CC=C(C=C2)F)C(=O)NCC(=O)NC(C)(C)C
D00187,CC1=CC(=C(N1CC2CCCO2)C)C(=O)COC3=CC=CC=C3Br
D00188,CN(CC(=O)OCC1=CC=C(O1)C(=O)OC)S(=O)(=O)C2=CC=C(C=C2)F
D00189,CC1=C(C=C(C=C1)S(=O)(=O)C)C(=O)OCC(=O)NCCC(C)C
D00190,C1=CC=C2C(=C1)C(=CN2)CC(=O)NC3=CC=CC=C3O
D00191,CC(C1=CC=CS1)NC(=O)COC2=CC=CC=C2Br
D00192,CCNC(=O)NC(=O)COC(=O)C1=C(C=CC(=C1)S(=O)(=O)C)C
D00193,C1CSC2=C(C=C(C=C2)C(=O)OCC(=O)C3=CC=CC=C3F)NC1=O
D00194,CC1=CC=C(C=C1)C2=NN(C=C2C(=O)OCC(=O)NC(C)C(C)C)C3=CC=CC=C3
D00195,C1=CC(=CC(=C1)Br)CNC2=NN=N[N-]2
D00196,CCC(C1=CC=C(C=C1)C)NC(=O)COC(=O)COC2=CC=CC=C2Cl
D00197,C1=CC=C(C(=C1)OCC(=O)NC2=CC=C(C=C2)C#N)Br
D00198,CN(CC1=CC=CC=C1F)C(=O)NC2=CN=CC=C2
D00199,C1=CC=C(C(=C1)OCC(=O)OCC(=O)NC2=CC3=C(C=C2)OC(O3)(F)F)Cl
D00200,CC(C)(C)C1=CC=C(C=C1)SCC(=O)NC2=CC=C(C=C2)C(=O)N
D00201,CC(C)C(C(=O)NC(=O)N)OC(=O)CNS(=O)(=O)C1=CC2=C(CCCC2)C=C1
D00202,COCCNC(=O)N1CCN(CC1)C2=CC=CC=C2Cl
D00203,CC1=CC=C(C=C1)OCCOC(=O)CN(C)S(=O)(=O)C2=CC=C(C=C2)F
D00204,CCCOC1=C(C=C(C=C1Cl)C=CC(=O)OC(C)C(=O)NC2CC2)OC
D00205,COC1=CC=CC(=C1)C2=NOC(=N2)COC(=O)C3=CC4=C(C=C3)SCCC(=O)N4
D00206,CC1=CC=C(C=C1)C2=NN(C=C2C(=O)OCC(=O)C3=CC=CN3)C4=CC=CC=C4
D00207,C1CCCN(CCC1)C(=O)NC2=CN=CC=C2
D00208,CC1CCCCC1NC(=O)COC(=O)CNS(=O)(=O)C2=CC3=C(CCCC3)C=C2
D00209,C1=CC=NC(=C1)CCNC(=O)CCC2=NC(=NO2)C3=CC=C(C=C3)F
D00210,CC(C)C(C(=O)NC(=O)N)OC(=O)COC1=CC=CC=C1Cl
D00211,CC1=CC(=C(C(=C1)C)C(=O)COC(=O)C2=CC3=C(C=C2)SCCC(=O)N3)C
D00212,CC(C(=O)C1=CC=C(C=C1)OC)OC(=O)C2=CC3=C(C=C2)SCCC(=O)N3
D00213,CC1=CC=C(C=C1)C2=NN(C=C2C(=O)OCC3=CC4=C(C=C3)OCO4)C5=CC=CC=C5
D00214,C1=CC=C(C(=C1)NC(=O)CCC(=O)C2=CC=CS2)O
D00215,CC(C)COC1=C(C=C(C=C1Cl)C=CC(=O)OCC(=O)N2CCOCC2)OC
D00216,C1CCC2(CC1)CC(=O)N(C2=O)CC(=O)C3=CC4=CC=CC=C4C=C3
D00217,CN(CC1=CC=CC=C1)C(=O)COC(=O)C2=CC3=C(C=C2)SCCC(=O)N3
D00218,CN(CC(=O)OCC1=CC=CC=C1Cl)S(=O)(=O)C2=CC=C(C=C2)F
D00219,CC(C)(C)C1=CC=C(C=C1)SCN2C(=O)C3=CC=CC=C3N=N2
D00220,CC1=CC(=C(C(=C1)C)C(=O)COC(=O)C2=CC3=C(C=C2)SCCC(=O)N3)C
D00221,C1=CC(=C(C=C1C2=CC=C(O2)CO)C(=O)[O-])Cl
D00222,CC(=O)NC1=C(C=CC(=C1)C(=O)COC(=O)C2=CC3=C(CCC3)C=C2)O
D00223,CC1CCC2=CC=CC=C2N1C(=O)CSC3=NN=C(S3)NCC=C
D00224,CC(C)C(C(=O)NC(=O)N)OC(=O)CNS(=O)(=O)C1=CC2=C(CCCC2)C=C1
D00225,CC1=CC(=C(N1C2CCS(=O)(=O)C2)C)C(=O)CSC3=CC=C(C=C3)C(C)(C)C
D00226,C1CN(CCC1C(=O)N)C(=O)COC(=O)C2=CC=C(S2)C3=CC=C(C=C3)Cl
D00227,CN(CC(=O)OCC(=O)NC1(CCCC1)C#N)S(=O)(=O)C2=CC=C(C=C2)F
D00228,C1CSC2=C(C=C(C=C2)C(=O)OCC3=CC(=O)OC4=C3C=CC(=C4)O)NC1=O
D00229,CC(C)C(C)(C#N)NC(=O)COC1=CC=CC=C1Br
D00230,CC(C)C(C(=O)NC(=O)N)OC(=O)CNS(=O)(=O)C1=CC2=C(CCCC2)C=C1
D00231,CCC1=NC2=CC=CC=C2C(=C1C)C(=O)OCC(=O)NC3=CC=CC=C3C(C)CC
D00232,CCC(C)(C)NC(=O)CN1CCN(CC1)C2=C(C=C(C=C2)C(=O)C)F
D00233,C1CCCN(CCC1)C(=O)NC2=CN=CC=C2
D00234,CCOC1=C(C=C2C(=C1)CC(O2)C)CNC(=O)CC3=CC=C(S3)S(=O)(=O)N4CCCC4
D00235,CC(C)CCC(=O)OCC(=O)NC1=C(C=CC(=C1)S(=O)(=O)N2CCCCC2)OC
D00236,C1=CC=C(C(=C1)NC(=O)COC2=CC=CC=C2Br)OC(F)F
D00237,CC(C)CCC(=O)OCC(=O)NC1=CC=CC=C1CC2=CC=CC=C2
D00238,CCCOC1=C(C=C(C=C1Cl)C=CC(=O)OCC2=CC=C(C=C2)C#N)OC
D00239,CC(C(=O)NC1=CC=C(C=C1)C(=O)N)OC2=CC(=CC(=C2)Cl)Cl
D00240,CC(C(=O)NC1=CC=CC=C1Cl)OC(=O)C2=CC(=CC=C2)NC(=O)C
D00241,C1CC2=C(C1)C=C(C=C2)NC(=O)COC(=O)COC3=CC=CC=C3Cl
D00242,CC(C(=O)NC1=CC=C(C=C1)F)OC(=O)COC2=CC=CC=C2Cl
D00243,CC(C(=O)NC(=O)NC)OC(=O)COC1=CC=CC=C1Cl
D00244,CC1CC2=CC=CC=C2N1C(=O)C(C)OC(=O)COC3=CC=CC=C3Cl
D00245,CC1=CC=C(C=C1)C2=NN(C=C2C(=O)OCC3=CC=C(C=C3)C#N)C4=CC=CC=C4
D00246,CN(CC(=O)OCC(=O)NC1=CC=CC(=C1)C#N)S(=O)(=O)C2=CC=C(C=C2)F
D00247,CC(C1=CC(=CC=C1)C(F)(F)F)NC(=O)C2=CC=C(C=C2)CNC(=O)C
D00248,CC(C)C(C)NC(=O)CSC1=CC=C(C=C1)[N+](=O)[O-]
D00249,CCC1=C(SC(=C1)C(=O)OCC(=O)NC2=CC=CC=C2F)C
D00250,CCCN1C(=O)C(=CC2=CC=CC=C2F)NC1=S
D00251,CCC(C)C(=NNC1=C(C=C(C=C1)[N+](=O)[O-])[N+](=O)[O-])C
D00252,COCCNC(=O)N1CCN(CC1)C2=CC=CC=C2Cl
D00253,CC1=C(C(=NN1C2=CC=C(C=C2)C(=O)NC3CC3)C)Cl
D00254,CCC1=NC2=CC=CC=C2C(=C1C)C(=O)OC(C)C(=O)N3C(CCCC3C)C
D00255,CC1=C(C=C(C=C1)S(=O)(=O)C)C(=O)OCC(=O)NC
D00256,CCCOC1=C(C=C(C=C1Cl)C=CC(=O)OC(C)C(=O)NC2CC2)OC
D00257,CCC1=NC2=CC=CC=C2C(=C1C)C(=O)OC(C)C(=O)NC3=CC=CC=C3OC
D00258,C1=CC=C(C(=C1)NC(=O)COC2=CC=CC=C2Br)OC(F)F
D00259,CCNC(=O)NC(=O)CSC1=NN=C(S1)SCC2=CC=C(C=C2)C(C)C
D00260,CCOC1=CC=CC2=C1OC(=C2)C(C)NC(=O)CNC(=O)CC34CC5CC(C3)CC(C5)C4
D00261,CC1=CC=CC=C1C=CC(=O)OCC(=O)NC(=O)NC(C)C
D00262,C1=CC=C(C(=C1)OCC(=O)OCC(=O)NC2=CC3=C(C=C2)OC(O3)(F)F)Cl
D00263,CCCCCNC(=O)C(C)S(=O)(=O)CC1=NC(=NO1)C
D00264,C1=CC=C(C=C1)N(CC#N)C(=O)COC(=O)C2=CC=C(S2)C3=CC=C(C=C3)Cl
D00265,CC(C#N)(C1CC1)NC(=O)COC2=CC=CC=C2Br
D00266,CC(CN1C(=O)C2=C(C=C(C=C2)C(=O)OC)N=C1SC(C)C(=O)N3CCCC3)O
D00267,C1CCCN(CCC1)C(=O)NC2=CN=CC=C2
D00268,CC(C1=CC(=CC=C1)C(F)(F)F)NC(=O)C2=CC=C(C=C2)CNC(=O)C
D00269,CCC1=NC2=CC=CC=C2C(=C1C)C(=O)OC(C)C(=O)N3C(CCCC3C)C
D00270,CCC(C1=CC=C(C=C1)C)NC(=O)COC(=O)COC2=CC=CC=C2Cl
D00271,C1=CC(=CC(=C1)S(=O)(=O)N)NC(=O)COC2=CC(=CC(=C2)Cl)Cl
D00272,CC1=CC(=C(N1C2CCS(=O)(=O)C2)C)C(=O)CSC3=CC=C(C=C3)C(C)(C)C
D00273,CC(CN1C(=O)C2=C(C=C(C=C2)C(=O)OC)N=C1SCC(=O)N3CCCC3=O)O
D00274,CC(C(=O)NC1=CC=C(C=C1)F)OC(=O)COC2=CC=CC=C2Cl
D00275,CC1=C(C=C(O1)COC(=O)C2=CC3=C(C=C2)SCCC(=O)N3)C(=O)OC
D00276,CC(C)(C)C1=CC=C(C=C1)SCC(=O)N2CCNC2=O
D00277,C1C(=O)NC2=CC=CC=C2N1C(=O)COC3=CC=CC=C3Br
D00278,CC1=CC(=C(C(=O)N1)CNC(=O)C2=C(C(=CC=C2)OC)OC)C
D00279,C1=CC=C(C(=C1)OCC(=O)NC2=CC=CC(=C2)C#N)Br
D00280,CC(C)(C)C1=CC=C(C=C1)SCN2C(=O)C3=CC=CC=C3N=N2
D00281,CC(C)(C)C1=CC=C(C=C1)SCC(=O)NC2=C(C=CS2)C(=O)N
D00282,CC(C(=O)C1=CC=C(C=C1)OC)OC(=O)C2=CC3=C(C=C2)SCCC(=O)N3
D00283,CC(CN1C(=O)C2=C(C=C(C=C2)C(=O)OC)N=C1SCC(=O)N3CCCC3=O)O
D00284,CC(C(=O)NC1=CC=CC=C1Cl)OC(=O)C2=CC(=CC=C2)NC(=O)C
D00285,CCC1=NC2=CC=CC=C2C(=C1C)C(=O)OC(C)C3=CC=CC=C3Cl
D00286,CCC1=C(SC(=C1)C(=O)OCC(=O)NC2=C(C=CC=C2C(C)C)C)C
D00287,CCC1=NC2=CC=CC=C2C(=C1C)C(=O)OC(C)C(=O)N3C(CCCC3C)C
D00288,CCC1=C(SC(=C1)C(=O)OCC(=O)NC2=CC=CC=C2F)C
D00289,COC1=C(C=C(C=C1)F)COC(=O)C2=CC3=C(C=C2)SCCC(=O)N3
D00290,CCCOC1=C(C=C(C=C1Cl)C=CC(=O)OC(C)C(=O)NC2CC2)OC
D00291,CN(CC(=O)OCC1=C(C=C(C=C1)Cl)Cl)S(=O)(=O)C2=CC=C(C=C2)F
D00292,CC1=C(C(=NN1C2=CC=C(C=C2)C(=O)NC3CC3)C)Cl
D00293,CCC1=C(SC(=C1)C(=O)OCC(=O)NC2=CC(=CC=C2)[N+](=O)[O-])C
D00294,CC1=CC(=C(C(=C1)C)C(=O)COC(=O)C2=CC3=C(C=C2)SCCC(=O)N3)C
D00295,C1CS(=O)(=O)CC1NC(=O)COC(=O)COC2=CC=CC=C2Cl
D00296,CC(C(=O)NC1CC1)OC(=O)CNS(=O)(=O)C2=CC3=C(CCCC3)C=C2
D00297,CC1=C(C=C(C=C1)C(C)NC(=O)COC(=O)C2=CC3=C(C=C2)SCCC(=O)N3)C
D00298,CC(C)C(C(=O)NC(=O)N)OC(=O)CNS(=O)(=O)C1=CC2=C(CCCC2)C=C1
D00299,CC1=CC2=C(C=C1)N=C(S2)NC(=O)C3=CSC=C3
D00300,CC(C(=O)NC1=CC=CC=C1)OC(=O)CN(C)S(=O)(=O)C2=CC=C(C=C2)F
D00301,COC(=O)C1=CC2=C(C=C1)C(=O)N(C(=N2)SC3CCCCC3=O)CC4CCCO4
D00302,CC(=O)NC1=C(C=CC(=C1)C(=O)COC(=O)C2=CC3=C(CCC3)C=C2)O
D00303,CC(C(=O)N1CCCC1)OC(=O)CN(C)S(=O)(=O)C2=CC=C(C=C2)F
D00304,C#CCNC(=O)N1CCN(CC1)C2=CC=C(C=C2)F
D00305,CC1=C(C=C(C=C1)S(=O)(=O)NC(C2=CC=CC=C2)C3=NC=CN3C)C
D00306,COC(=O)C1=CC2=C(C=C1)C(=O)N(C(=N2)SCC#N)CC3CCCO3
D00307,C1CCCN(CCC1)C(=O)NC2=CN=CC=C2
D00308,CC1=CC(=C(C(=O)N1)CNC(=O)C2=CC=CC=C2C(F)(F)F)C
D00309,COC1=C2C(=CC=C1)SC(=N2)NC(=O)C3=C(C=CC(=C3)[N+](=O)[O-])OC
D00310,CC(C(=O)NC1=CC=CC=C1Cl)OC(=O)C2=CC(=CC=C2)NC(=O)C
D00311,CCC(CC)NC(=O)COC(=O)CNS(=O)(=O)C1=CC2=C(CCCC2)C=C1
D00312,C1=CC=C(C(=C1)NC(=O)COC2=CC=CC=C2Br)OC(F)F
D00313,CN(CC(=O)OCC(=O)NC1=CC=CC(=C1)C#N)S(=O)(=O)C2=CC=C(C=C2)F
D00314,CC(C)C(C(=O)NC(=O)N)OC(=O)COC1=CC=CC=C1Cl
D00315,CCC1=NC2=CC=CC=C2C(=C1C)C(=O)OC(C)C(=O)NC(C)CCC3=CC=CC=C3
D00316,CCNC(=O)NC(=O)COC(=O)C1=C(C=CC(=C1)S(=O)(=O)C)C
D00317,CC1=CC(=CC=C1)N2CCN(CC2)CC(=O)NC(=O)NC3CCCC3
D00318,CCC1=NC2=CC=CC=C2C(=C1C)C(=O)OCC(=O)NC3=C(C=C(C=C3Cl)C)C
D00319,CC(C)C(C(=O)NC(=O)N)OC(=O)C1=CC=C(S1)C2=CC=C(C=C2)Cl
D00320,CC(C(=O)NC1=C(C(=C(C=C1)F)F)F)OC(=O)COC2=CC=CC=C2Cl
D00321,CCCOC1=C(C=C(C=C1Cl)C=CC(=O)OC(C)C(=O)NC2CC2)OC
D00322,COC1=CC(=CC(=C1OC)OC)CNC(=O)C2=C(C=CC(=C2)Cl)Cl
D00323,CC(C)CCC(=O)OCC(=O)NC1=CC=CC=C1CC2=CC=CC=C2
D00324,CC1CCN(CC1)C(=O)CSC2=NN=C3N2C4=CC=CC=C4C(=O)N3CC5=CC=CC=C5OC
D00325,C#CCNC(=O)N1CCN(CC1)C2=CC=C(C=C2)F
D00326,CC(C(=O)N)SC1=NC2=C(C=CC(=C2)C(=O)OC)C(=O)N1CC3CCCO3
D00327,CC(C)C(C)(C#N)NC(=O)COC(=O)C1=CC2=C(C=C1)SCCC(=O)N2
D00328,CC(C)C(C(=O)NC(=O)N)OC(=O)COC1=CC=CC=C1Cl
D00329,CC(C)C(C(=O)NC(=O)N)OC(=O)CNS(=O)(=O)C1=CC2=C(CCCC2)C=C1
D00330,CCC1=NC2=CC=CC=C2C(=C1C)C(=O)OCC(=O)C3=CC=CC=C3Cl
D00331,CN(C1=CC=CC=C1)C(=O)CN2C3=CC=CC=C3N=CC2=O
D00332,CC(C)(C)C1=CC=C(C=C1)SCN2C(=O)C3=CC=CC=C3N=N2
D00333,CC1=C(C=C(C=C1)S(=O)(=O)C)C(=O)OCC(=O)C2=CC=C(C=C2)C3CCCCC3
D00334,CC(C)(C)C1=CC=C(C=C1)SCC(=O)NC2=CC=C(C=C2)C(=O)N
D00335,CC(C#N)(C1CC1)NC(=O)COC2=CC=CC=C2Br
D00336,C1CC(C2=CC=CC=C2C1)NC(=O)COC3=CC=CC=C3Br
D00337,CN(C1=CC=CC=C1)C(=O)CN2C3=CC=CC=C3N=CC2=O
D00338,C1=CC=C(C(=C1)NC(=O)COC2=CC=CC=C2Br)OC(F)F
D00339,CCN(C1=CC=CC=C1)C(=O)COC(=O)C2=CC3=C(C=C2)SCCC(=O)N3
D00340,CC1=CC(=C(C(=O)N1)CNC(=O)C2=CC=CC=C2C(F)(F)F)C
D00341,CCC1=C(SC(=C1)C(=O)OCC(=O)NC2=CC(=CC=C2)[N+](=O)[O-])C
D00342,CCC1=C(SC(=C1)C(=O)OCC(=O)NC2=C(C=CC=C2C(C)C)C)C
D00343,CCN(CC1=CC=CC=C1)C(=O)COC(=O)C2=CC3=C(C=C2)SCCC(=O)N3
D00344,CC(C1=CC(=CC=C1)C(F)(F)F)NC(C)C(=O)NC2=CC=CC=C2OC
D00345,CC(C(=O)NC(=O)NC)SC1=C(C=CC=C1Cl)Cl
D00346,CCC1=C(SC(=C1)C(=O)OCC(=O)NCC2=CC=C(C=C2)C(=O)OC)C
D00347,CC1=C(C=C(C=C1)S(=O)(=O)C)C(=O)OCC(=O)NC(C)(C#N)C(C)C
D00348,CC(C)C(C(=O)NC(=O)N)OC(=O)C1=CC=C(S1)C2=CC=C(C=C2)Cl
D00349,CN(CC(=O)OCC1=C(C=CC=C1Cl)F)S(=O)(=O)C2=CC=C(C=C2)F
D00350,CCC1=NC2=CC=CC=C2C(=C1C)C(=O)OCC(=O)NC3=C(C=C(C=C3Cl)C)C
D00351,C1=CC=C(C=C1)N(CC#N)C(=O)COC(=O)C2=CC=C(S2)C3=CC=C(C=C3)Cl
D00352,CC(C)(C)C1=CC=C(C=C1)SCC(=O)NC2=CC=C(C=C2)C(=O)N
D00353,CCCC1C(=O)N(C(=O)N1)CC2=CC=C(C=C2)C(=O)NC3=CC=CC=C3
D00354,CCOC1=C(C=C2C(=C1)CC(O2)C)CNC(=O)CC3=CC=C(S3)S(=O)(=O)N4CCCC4
D00355,C1CC2=C(C1)C=C(C=C2)NC(=O)COC(=O)COC3=CC=CC=C3Cl
D00356,CC(CN1C(=O)C2=C(C=C(C=C2)C(=O)OC)N=C1SCC(=O)N)O
D00357,CCC1=CC=CC=C1NC(=O)CNC(=O)C2=CC(=CC=C2)NC(=O)C
D00358,CCCOC1=CC=CC=C1NC(=O)C2=CC3=NC=CN=C3C=C2
D00359,C1C2CC3CC1CC(C2)(C3)CNC(=O)COC4=CC=CC=C4Br
D00360,C1=CC(=CC=C1C(=O)CN2C=NC3=C(C2=O)SC=C3)F
D00361,CC(C)C1=CC=C(C=C1)CSC2=NN=C(S2)SC(C)C(=O)NC(=O)N
D00362,CC1=CC=C(C=C1)C(=O)NCC2=CC=C(C=C2)CN3CCOCC3
D00363,C1CN(C2=CC=CC=C21)C(=O)C3=CC=C(C=C3)N4C=NN=N4
D00364,CC(C(=O)NC1=CC=CC2=CC=CC=C21)OC(=O)COC3=CC=CC=C3Cl
D00365,CCC1=NC2=CC=CC=C2C(=C1C)C(=O)OC(C)C(=O)C3=C(NC4=CC=CC=C43)C
D00366,CN1C=C(C=N1)C=C2C(=O)N(C(=S)N2)CC3CCCO3
D00367,CCN(CC1=CC=CC=C1)C(=O)COC(=O)C2=CC3=C(C=C2)SCCC(=O)N3
D00368,CC(C)(C)C1=CC=C(C=C1)SCN2C(=O)C3=CC=CC=C3N=N2
D00369,CC1=C(C=C(C=C1)S(=O)(=O)NC(C2=CC=CC=C2)C3=NC=CN3C)C
D00370,CC(CN1C(=O)C2=C(C=C(C=C2)C(=O)OC)N=C1SCC(=O)N)O
D00371,CC(C1=CC=CS1)NC(=O)COC(=O)C2=CC3=C(C=C2)SCCC(=O)N3
D00372,CC(C(=O)C1=CC=C(C=C1)OC)OC(=O)C2=CC3=C(C=C2)SCCC(=O)N3
D00373,CC(C1=CC=CS1)NC(=O)COC2=CC=CC=C2Br
D00374,CC(CN1C(=O)C2=C(C=C(C=C2)C(=O)OC)N=C1SC(C)C(=O)N3CCCC3)O
D00375,CCC1=C(SC(=C1)C(=O)OCC(=O)NC2=C(C=CC(=C2)Cl)OC)C
D00376,CC1=CC=C(C=C1)C(=O)NCC2=CC=C(C=C2)CN3CCOCC3
D00377,CCC1=C(SC(=C1)C(=O)OCC(=O)NC2=CC=CC=C2C(=O)NCC(C)C)C
D00378,CCCOC1=CC=CC=C1NC(=O)C2=CC3=NC=CN=C3C=C2
D00379,COC1=CC=C(C=C1)NC(=O)CSC2=C(C=CC=C2Cl)Cl
D00380,C1=CC=C(C(=C1)OCC(=O)OCC(=O)NC2=CC3=C(C=C2)OC(O3)(F)F)Cl
D00381,CC(C#N)(C1CC1)NC(=O)COC2=CC=CC=C2Br
D00382,CCOC1=C(C=C2C(=C1)CC(O2)C)CNC(=O)CC3=CC=C(S3)S(=O)(=O)N4CCCC4
D00383,CCC1=C(SC(=C1)C(=O)OCC(=O)NC2=CC=C(C=C2)[N+](=O)[O-])C
D00384,CC(C(=O)NC1=CC=CC2=CC=CC=C21)OC(=O)COC3=CC=CC=C3Cl
D00385,C1=CC=C(C(=C1)OCC(=O)NC2=CC=CC(=C2)C#N)Br
D00386,CCCOC1=C(C=C(C=C1Cl)C=CC(=O)OC(C)C(=O)NC2CC2)OC
D00387,CC1=C(C=C(C=C1)S(=O)(=O)C)C(=O)OCC(=O)NC2=CC(=C(C=C2)C)F
D00388,C1=CC=C(C(=C1)OCC(=O)OCC(=O)NC2=CC3=C(C=C2)OC(O3)(F)F)Cl
D00389,CC1=CC(=C(N1C2CCS(=O)(=O)C2)C)C(=O)CSC3=CC=C(C=C3)C(C)(C)C
D00390,CNC(=O)COC(=O)C1=CC2=C(C=C1)SCCC(=O)N2
D00391,CC(CN1C(=O)C2=C(C=C(C=C2)C(=O)OC)N=C1SC(C)C(=O)N3CCCC3)O
D00392,CC(C)(C)C1=CC=C(C=C1)SCC(=O)NC2=CC=C(C=C2)C(=O)N
D00393,CC1=CN=C(S1)NC(=O)C2=CC3=C(S2)N=C4N3C=CS4
D00394,CC1=CC=C(C=C1)NC(=O)COC(=O)CNS(=O)(=O)C2=CC3=C(CCCC3)C=C2
D00395,CN(C)C(=O)COC(=O)C1=CC=C(S1)C2=CC=C(C=C2)Cl
D00396,CC1=C(C=C(C=C1)S(=O)(=O)N2CCOCC2)NC(=O)COC(=O)CCC(C)C
D00397,CC1=CC(=C(C=C1)F)NC(=O)C2=CC(=CC=C2)NC(=O)C
D00398,C1CSC2=C(C=C(C=C2)C(=O)OCCOC3=CC=CC=C3F)NC1=O
D00399,C1=CC=C(C(=C1)OCC(=O)NCC2=CC(=CC=C2)Cl)Br
D00400,C1COCCN1S(=O)(=O)C2=CN=C(C=C2)SC3=NC4=CC=CC=C4S3
D00401,CC(C)CCC(=O)OCC(=O)NC1=C(C=CC(=C1)S(=O)(=O)N2CCCCC2)OC
D00402,CCC1=C(SC(=C1)C(=O)OCC(=O)NC2=CC=CC=C2F)C
D00403,C1=CC=C(C=C1)C2=CSC(=N2)C3=CSC=C3
D00404,CC1=C(C=C(C=C1)F)C(=O)OC(C)C(=O)NC2=NOC(=C2)C
D00405,CC(C)CCC(=O)OCC(=O)NC1=NC(=CS1)C2=C(C=CC(=C2)OC)OC
D00406,C1CC(C2=CC=CC=C2C1)NC(=O)COC3=CC=CC=C3Br
D00407,CC(=O)NNC(=O)COC(=O)C1=CC=C(S1)C2=CC=C(C=C2)Cl
D00408,CC(C(=O)NC1=CC=C(C=C1)F)OC(=O)COC2=CC=CC=C2Cl
D00409,C#CCNC(=O)N1CCN(CC1)C2=CC=C(C=C2)F
D00410,CC1CCCCC1NC(=O)COC(=O)CNS(=O)(=O)C2=CC3=C(CCCC3)C=C2
D00411,CC(C(=O)NC1=CC=CC2=CC=CC=C21)OC(=O)COC3=CC=CC=C3Cl
D00412,CCC1=C(SC(=C1)C(=O)OCC(=O)NC2=C(C=CC=C2C(C)C)C)C
D00413,CC(C)COC1=C(C=C(C=C1Cl)C=CC(=O)OCC(=O)N2CCOCC2)OC
D00414,CC(C(=O)N1CCN(CC1)S(=O)(=O)C2=CC=CC=C2)SCC3=CC(=CC=C3)Cl
D00415,CC1=CC=C(C=C1)C2=NOC(=C2)NC(=O)CN3CCCC3
D00416,CC1=CC=C(C=C1)C2=NN(C=C2C(=O)OCC(=O)NC(C)C(C)C)C3=CC=CC=C3
D00417,CC(C1=CC=C(C=C1)Br)NC(=O)COC2=CC=CC=C2Br
D00418,CC(C)(C)C1=CC=C(C=C1)SCC(=O)N(C2CCS(=O)(=O)C2)C3=CC=CC=C3
D00419,CC(C)CCC(=O)OCC(=O)NC1=CC(=NN1C)C2=CC=C(C=C2)Cl
D00420,CC(C)COC1=C(C=C(C=C1Cl)C=CC(=O)OC2CCCCC2=O)OC
D00421,CC1=C(C=CC(=C1)Br)NC(=O)CNC(=O)C2=CNC(=O)C=C2
D00422,CCCOC1=CC=CC=C1NC(=O)C2=CC3=NC=CN=C3C=C2
D00423,CCOC1=CC=CC=C1COC(=O)CN(C)S(=O)(=O)C2=CC=C(C=C2)F
D00424,CCOC1=C(C=C2C(=C1)CC(O2)C)CNC(=O)CC3=CC=C(S3)S(=O)(=O)N4CCCC4
D00425,CC(C(=O)NC1CC1)OC(=O)CNS(=O)(=O)C2=CC3=C(CCCC3)C=C2
D00426,CCCN1C(=O)C(=CC2=CC=CC=C2F)NC1=S
D00427,CC(C)C(C(=O)NC(=O)N)OC(=O)C1=CC=C(S1)C2=CC=C(C=C2)Cl
D00428,C1CCCN(CCC1)C(=O)NC2=CN=CC=C2
D00429,CC(C)COC1=C(C=C(C=C1Cl)C=CC(=O)OCC(=O)N(C)C)OC
D00430,CC1=CC=C(C=C1)C2=NN(C=C2C(=O)OCC(=O)NC3=NOC(=C3)C)C4=CC=CC=C4
D00431,CN(CC(=O)OCC1=C(C=C(C=C1)Cl)Cl)S(=O)(=O)C2=CC=C(C=C2)F
D00432,CC1=CC=C(C=C1)C2=NN(C=C2C(=O)OCC(=O)NC3=NOC(=C3)C)C4=CC=CC=C4
D00433,CC1=C(C=CC(=C1)NC(=O)COC(=O)CCC(C)C)Br
D00434,CC1=C(C(=NN1C2=CC=C(C=C2)C(=O)NC3CC3)C)Cl
D00435,CC1=CC=C(C=C1)C2=NOC(=C2)NC(=O)CN3CCCC3
D00436,CC1=CN=C(C=C1)NC(=O)CCC2=CNC3=CC=CC=C32
D00437,CC1CC2=CC=CC=C2N1C(=O)COC(=O)CN(C)S(=O)(=O)C3=CC=C(C=C3)F
D00438,C#CCNC(=O)N1CCN(CC1)C2=CC=C(C=C2)F
D00439,CN(CC(=O)OCC(=O)NC1(CCCC1)C#N)S(=O)(=O)C2=CC=C(C=C2)F
D00440,CC1CCN(CC1)C(=O)COC(=O)C2=CN(N=C2C3=CC=C(C=C3)C)C4=CC=CC=C4
D00441,CCCCC1=NOC(=N1)CS(=O)(=O)CC(=O)N
D00442,CC(C(=O)NC1=CC=CC=C1Cl)OC(=O)C2=CC(=CC=C2)NC(=O)C
D00443,CC1=CC(=C(C=C1)NC(=O)COC2=CC=CC=C2Br)Cl
D00444,CC1=CC(=C(C(=O)N1)CNC(=O)C2=CC=CC=C2C(F)(F)F)C
D00445,C1CCCN(CCC1)C(=O)NC2=CN=CC=C2
D00446,CC(C)C(C(=O)NC(=O)N)OC(=O)CNS(=O)(=O)C1=CC2=C(CCCC2)C=C1
D00447,CCC1=NC2=CC=CC=C2C(=C1C)C(=O)OC(C)C(=O)NC3=CC=CC(=C3)C#N
D00448,CCC(C1=CC=C(C=C1)C)NC(=O)COC(=O)COC2=CC=CC=C2Cl
D00449,CCC1=NC2=CC=CC=C2C(=C1C)C(=O)OC(C)C(=O)NC(C)CCC3=CC=CC=C3
D00450,CC1CCCCN1C(=O)COC(=O)C2=CN(N=C2C3=CC=C(C=C3)C)C4=CC=CC=C4
D00451,C1CSC2=C(C=C(C=C2)C(=O)OCC(=O)NC3=C(C(=C(C=C3)F)F)F)NC1=O
D00452,CC1CCCCN1C(=O)COC(=O)C2=CN(N=C2C3=CC=C(C=C3)C)C4=CC=CC=C4
D00453,CN(CC(=O)OCC(=O)NC1=CC=CC(=C1)C#N)S(=O)(=O)C2=CC=C(C=C2)F
D00454,CN(CC(=O)OCC(=O)NC1(CCCC1)C#N)S(=O)(=O)C2=CC=C(C=C2)F
D00455,CC1=CC=C(C=C1)C2=NOC(=C2)NC(=O)CN3CCCC3
D00456,CC(C(=O)C1=CC=C(C=C1)OC)OC(=O)C2=CC3=C(C=C2)SCCC(=O)N3
D00457,C1CCC(CC1)(CNC(=O)C2=CC(=C(C=C2)Cl)Cl)N3CCOCC3
D00458,CCOC(=O)C1=C(NC(=C1C(=O)COC(=O)CCC(C)C)C)C
D00459,CC(C(=O)NC1CC1)OC(=O)CNS(=O)(=O)C2=CC3=C(CCCC3)C=C2
D00460,CCC1=NC2=CC=CC=C2C(=C1C)C(=O)OCC(=O)NC3=C(C=C(C=C3Cl)C)C
D00461,CC1=CC2=C(C=C1)N=C(S2)NC(=O)C3=CSC=C3
D00462,CCC1=C(SC(=C1)C(=O)OCC(=O)NC2=C(C=CC=C2C(C)C)C)C
D00463,CC(C(=O)NC1CCCC1)OC(=O)CN(C)S(=O)(=O)C2=CC=C(C=C2)F
D00464,CC(C(=O)NC1CCCC1)OC(=O)CN(C)S(=O)(=O)C2=CC=C(C=C2)F
D00465,COC1=C(C=C(C=C1)C(=O)COC(=O)C2=CC3=C(C=C2)SCCC(=O)N3)OC
D00466,CC1=CC=C(C=C1)NC(=O)COC(=O)CNS(=O)(=O)C2=CC3=C(CCCC3)C=C2
D00467,CC1=C(C2=CC=CC=C2N1)C(=O)C(C)OC(=O)COC3=CC=CC=C3Cl
D00468,CC1CCCCC1NC(=O)COC(=O)CNS(=O)(=O)C2=CC3=C(CCCC3)C=C2
D00469,CC1=C(C(NC(=O)N1CCOC)C2=CC=CC=C2F)C(=O)OC
D00470,CCC1=NC2=CC=CC=C2C(=C1C)C(=O)OC(C)C(=O)N3C(CCCC3C)C
D00471,CCC1=NC2=CC=CC=C2C(=C1C)C(=O)OCC(=O)N3CCC(=N3)C4=CC=CC=C4
D00472,CC(CN1C(=O)C2=C(C=C(C=C2)C(=O)OC)N=C1SC(C)C(=O)N3CCCC3)O
D00473,CC1=C(C(=C(C=C1)[N+](=O)[O-])NC(=O)COC(=O)COC2=CC=CC=C2Cl)C
D00474,CCCN1C(=O)C(=CC2=CC=CC=C2F)NC1=S
D00475,C1CS(=O)(=O)CC1NC(=O)COC2=CC=CC=C2Br
D00476,CCC1=NC2=CC=CC=C2C(=C1C)C(=O)OCC(=O)NC3=C(C=C(C=C3Cl)C)C
D00477,CCC1=C(SC(=C1)C(=O)OCC(=O)NC2=CC=CC=C2Br)C
D00478,CC1=CC(=C(C(=C1)C)C(=O)COC(=O)C2=CC3=C(C=C2)SCCC(=O)N3)C
D00479,CCC1=NC2=CC=CC=C2C(=C1C)C(=O)OCC(=O)NC3=C(C=CC(=C3)Cl)C
D00480,C1=CC=C2C(=C1)C(=CN2)CC(=O)NC3=CC=CC=C3O
D00481,CC1=C(C=C(C=C1)F)C(=O)OC(C)C(=O)NC2=NOC(=C2)C
D00482,CC(C12CC3CC(C1)CC(C3)C2)NC(=O)COC(=O)COC4=CC=CC=C4Cl
D00483,CC(C)N1C(=CC=N1)NC(=O)C(C)SC2=C(C=CC=C2Cl)Cl
D00484,COCCNC(=O)N1CCN(CC1)C2=CC=CC=C2Cl
D00485,CCC1=NC2=CC=CC=C2C(=C1C)C(=O)OC(C)C(=O)NC3=CC=CC(=C3)C#N
D00486,CC1=CC(=C(C(=O)N1)CNC(=O)C2=CC=CC=C2C(F)(F)F)C
D00487,CC1=CC=C(C=C1)C2=NN(C=C2C(=O)OCC3=CC4=C(C=C3)OCO4)C5=CC=CC=C5
D00488,CC1CCN(CC1)C(=O)COC(=O)C2=CN(N=C2C3=CC=C(C=C3)C)C4=CC=CC=C4
D00489,CC1=C(C=C(C=C1)S(=O)(=O)C)C(=O)OCC(=O)NC(C)(C#N)C(C)C
D00490,CC1=CC=C(C=C1)C2=NN(C=C2C(=O)OC(C)C(=O)N3CCCC3)C4=CC=CC=C4
D00491,CC(C(=O)NC(=O)NC)OC(=O)C1=CC2=C(C=C1)SCCC(=O)N2
D00492,CC(CN1C(=O)C2=C(C=C(C=C2)C(=O)OC)N=C1SC(C)C(=O)N3CCCC3)O
D00493,CC(C1=CC=C(C=C1)Br)NC(=O)COC2=CC=CC=C2Br
D00494,CCCOC1=C(C=C(C=C1Cl)C=CC(=O)OCC(=O)N2CC(OC(C2)C)C)OC
D00495,C1=CC=C(C(=C1)OCC(=O)NC2=CC=CC(=C2)C#N)Br
D00496,CC(C)C(C(=O)NC(=O)N)OC(=O)C1=CC=C(S1)C2=CC=C(C=C2)Cl
D00497,CCC1=CC=C(C=C1)NC(=O)C(C)OC(=O)COC2=CC=CC=C2Cl
D00498,COC1=C(C=C(C=C1)COC(=O)CNS(=O)(=O)C2=CC3=C(CCCC3)C=C2)F
D00499,CCC1=NC2=CC=CC=C2C(=C1C)C(=O)OC(C)C(=O)NC3=CC=CC(=C3)C#N
D00500,CC1CC2=CC=CC=C2N1C(=O)COC(=O)CN(C)S(=O)(=O)C3=CC=C(C=C3)F
D00501,CC1=C(C=C(C=C1)S(=O)(=O)N2CCCCC2)NC(=O)COC(=O)CCC(C)C
D00502,CC(C(=O)NC1=CC=C(C=C1)F)OC(=O)COC2=CC=CC=C2Cl
D00503,CC(C)(C)NC(=O)CSC1=NN=NN1CC2CCCO2
D00504,CC1CCN(C2=CC=CC=C2S1)C(=O)COC3=CC=CC=C3Br
D00505,CCC1=C(SC(=C1)C(=O)OCC(=O)NC2=CC=CC=C2F)C
D00506,CCC1=C(SC(=C1)C(=O)OCC(=O)NC2=CC=CC=C2F)C
D00507,CCC1=NC2=CC=CC=C2C(=C1C)C(=O)OC(C)C(=O)NC(C)CCC3=CC=CC=C3
D00508,CCC1=C(SC(=C1)C(=O)OCC(=O)NCC2=CC=C(C=C2)C(=O)OC)C
D00509,CC1=C(OC2=C1C=C(C=C2)OC)C(=O)NC3=CC(=NN3C)C(C)(C)C
D00510,CC(C)C(C(=O)NC(=O)N)OC(=O)COC1=CC=CC=C1Cl
D00511,C1CCC2=C(C1)C=CC(=C2)S(=O)(=O)NCC(=O)OCC(=O)NC3CC3
D00512,CCCOC1=C(C=C(C=C1Cl)C=CC(=O)OCC2=CC=C(C=C2)C#N)OC
D00513,CC(C)(C)C1=CC=C(C=C1)SCC(=O)NN2C(=O)C3(CCCCC3)NC2=O
D00514,C1=CC=C(C(=C1)NC(=O)COC2=CC=CC=C2Br)OC(F)F
D00515,CC(C1=CC=C(C=C1)S(=O)(=O)C)NC(=O)CNC(=O)C2=CC=CO2
D00516,COCCNC(=O)N1CCN(CC1)C2=CC=CC=C2Cl
D00517,CC1=CC=C(C=C1)C(=O)C(C)OC(=O)C2=CC3=C(C=C2)SCCC(=O)N3
D00518,CN(CC(=O)OCC1=CC=C(O1)C(=O)OC)S(=O)(=O)C2=CC=C(C=C2)F
D00519,CC1=C(C=C(C=C1)S(=O)(=O)C)C(=O)OCC(=O)NC(C)C2=C(C=C(C=C2)F)F
D00520,CCCN1C(=O)C(=CC2=CC=CC=C2F)NC1=S
D00521,CC1=CC(=C(C(=O)N1)CNC(=O)C2=CC=CC=C2C(F)(F)F)C
D00522,CCC1=NC2=CC=CC=C2C(=C1C)C(=O)OCC(=O)C3=CC=CC=C3Cl
D00523,CC(C#N)(C1CC1)NC(=O)COC2=CC=CC=C2Br
D00524,CC1=CC=C(C=C1)C2=NN(C=C2C(=O)OC(C)C(=O)NC(=O)NC)C3=CC=CC=C3
D00525,CC1=CC(=C(C=C1NC(=O)CSC2=CC=C(C=C2)C(C)(C)C)OC)[N+](=O)[O-]
D00526,CCC1=C(SC(=C1)C(=O)OCC(=O)NC2=CC=CC=C2F)C
D00527,CCC1=C(SC(=C1)C(=O)OCC(=O)NC2=C(C=CC(=C2)[N+](=O)[O-])F)C
D00528,CC(C(=O)NCC1=CC2=C(C=C1)OCO2)SC3=C(C=CC=C3Cl)Cl
D00529,CC(C)CCC(=O)OC(C)C(=O)NC1=CC=C(C=C1)C(=O)N
D00530,CCC1=C(SC(=C1)C(=O)OCC(=O)NC2=C(C=C(C=C2)OC)[N+](=O)[O-])C
D00531,CCOC1=CC=CC2=C1OC(=C2)C(C)NC(=O)CNC(=O)CC34CC5CC(C3)CC(C5)C4
D00532,CCC1=NC2=CC=CC=C2C(=C1C)C(=O)OCC(=O)C3=CC=CC=C3Cl
D00533,C1CC1CNC(=O)CS(=O)(=O)CC2=CC=C(C=C2)Br
D00534,CC1=CC(=NO1)NC(=O)CSC2=NC3=CC=CC=C3N2C(C)C
D00535,CCC1=C2C(=CC=C1)C(=CN2)C(=O)COC(=O)COC3=CC=CC=C3Cl
D00536,CC1=C(SC(=N1)C2=CC=C(C=C2)F)C(=O)NCC(=O)NC(C)(C)C
D00537,CCC1=C(SC(=C1)C(=O)OCC(=O)NC2=C(C=CC(=C2)[N+](=O)[O-])OC)C
D00538,CC(CN1C(=O)C2=C(C=C(C=C2)C(=O)OC)N=C1SC(C)C(=O)N3CCCC3)O
D00539,CCC1=CC=CC(=C1NC(=O)CSC2=C(C=CC=C2Cl)Cl)C
D00540,CCOC1=CC=CC=C1COC(=O)CN(C)S(=O)(=O)C2=CC=C(C=C2)F
D00541,CN(CC(=O)OCC(=O)NC1=CC=CC(=C1)C#N)S(=O)(=O)C2=CC=C(C=C2)F
D00542,CC(C(=O)NC1CCCC1)OC(=O)CN(C)S(=O)(=O)C2=CC=C(C=C2)F
D00543,CN(CC(=O)OCN1C(=O)C2=CC=CC=C2N=N1)S(=O)(=O)C3=CC=C(C=C3)F
D00544,CC1CCN(C2=CC=CC=C2S1)C(=O)COC3=CC=CC=C3Br
D00545,C1=CC=C(C(=C1)OCC(=O)NC2=CC=C(C=C2)C#N)Br
D00546,CCN(CC1=CC=CC=C1)C(=O)COC(=O)C2=CC3=C(C=C2)SCCC(=O)N3
D00547,C1CN(C2=CC=CC=C21)C(=O)C3=CC=C(C=C3)N4C=NN=N4
D00548,CCC1=NC2=CC=CC=C2C(=C1C)C(=O)OC(C)C(=O)N3C(CCCC3C)C
D00549,CCC1=C(SC(=C1)C(=O)OCC(=O)NC2=C(C=CC=C2C(C)C)C)C
D00550,CC1=CC=C(C=C1)C2=NN(C=C2C(=O)OCC3=CC=C(C=C3)C#N)C4=CC=CC=C4
D00551,CC(C#N)OC(=O)CNS(=O)(=O)C1=CC2=C(CCCC2)C=C1
D00552,CCCN1C(=O)C(=CC2=CC=CC=C2F)NC1=S
D00553,CN(C1=CC=CC=C1)C(=O)CN2C3=CC=CC=C3N=CC2=O
D00554,CC(C)CCC(=O)OC(C(C)C)C(=O)NC(=O)N
D00555,CN(CC(=O)OCC1=CC(=C(C=C1)OC)F)S(=O)(=O)C2=CC=C(C=C2)F
D00556,C1=CC=C(C(=C1)OCC(=O)OCC(=O)NC2=CC3=C(C=C2)OC(O3)(F)F)Cl
D00557,CCC1=NC2=CC=CC=C2C(=C1C)C(=O)OCC(=O)NC3=CC=CC=C3C(C)CC
D00558,CC1CCN(CC1)C(=O)COC(=O)C2=CN(N=C2C3=CC=C(C=C3)C)C4=CC=CC=C4
D00559,CC(C)(C)C1=CC=C(C=C1)SCC(=O)NCCC#N
D00560,CCC1=C(SC(=C1)C(=O)OCC(=O)NCC2=CC=C(C=C2)C(=O)OC)C
D00561,COC1=C(C=C(C=C1)C2=NC(=CS2)C(=O)NCC(=O)OC)OC
D00562,CC1=NN(C(C1)(C2=CC=CC=C2)O)C(=O)CSC3=NN=C(S3)SCC(=O)N4C(CC(=N4)C)(C5=CC=CC=C5)O
D00563,CCCNC(=O)COC(=O)C1=C(C=CC(=C1)S(=O)(=O)C)C
D00564,CC(C)C(C(=O)NC(=O)N)OC(=O)CNS(=O)(=O)C1=CC2=C(CCCC2)C=C1
D00565,CC1CCC2=CC=CC=C2N1C(=O)CSC3=NNC(=N3)C4=CC=CS4
D00566,CCC1=CC=CC=C1NC(=O)CNC(=O)C2=CC(=CC=C2)NC(=O)C
D00567,COC1=CC2=C(C=C1)C(=CC(=O)O2)COC(=O)C3=CC4=C(C=C3)SCCC(=O)N4
D00568,CC(CN1C(=O)C2=C(C=C(C=C2)C(=O)OC)N=C1SC(C)C(=O)N3CCCC3)O
D00569,C1=CC=C(C(=C1)OCC(=O)NC2=C(C=CC(=C2)Cl)N3C=NC=N3)Br
D00570,CC(C)C(C(=O)NC(=O)N)OC(=O)COC1=CC=CC=C1Cl
D00571,CC1=CC2=C(C=C1)N=C(S2)NC(=O)C3=CSC=C3
D00572,C#CCNC(=O)N1CCN(CC1)C2=CC=C(C=C2)F
D00573,CC(C#N)OC(=O)CNS(=O)(=O)C1=CC2=C(CCCC2)C=C1
D00574,CCN(C1=CC=CC=C1)C(=O)COC(=O)C2=CC3=C(C=C2)SCCC(=O)N3
D00575,CC(C)C(C(=O)NC(=O)N)OC(=O)CNS(=O)(=O)C1=CC2=C(CCCC2)C=C1
D00576,CC1=CC=C(C=C1)OCCOC(=O)CN(C)S(=O)(=O)C2=CC=C(C=C2)F
D00577,C1=CC=C2C(=C1)C(C3=CC=CC=C32)OC(=O)COC4=CC=CC=C4Cl
D00578,CCC(C1=CC=C(C=C1)C)NC(=O)COC(=O)COC2=CC=CC=C2Cl
D00579,CCC1=NC2=CC=CC=C2C(=C1C)C(=O)OC(C)C(=O)NC3=CC=CC=C3OC
D00580,COC1=C(C=C(C=C1)F)COC(=O)C2=CC3=C(C=C2)SCCC(=O)N3
D00581,CC1=CC(=C(N1CC2CCCO2)C)C(=O)COC3=CC=CC=C3Br
D00582,C1=CC(=CC=C1C(=O)CN2C=NC3=C(C2=O)SC=C3)F
D00583,CC1=CC=C(C=C1)C(=O)NCC2=CC=C(C=C2)CN3CCOCC3
D00584,C1CN(C2=CC=CC=C21)C(=O)C3=CC=C(C=C3)N4C=NN=N4
D00585,C1=CC=C(C=C1)C2=CSC(=N2)C3=CSC=C3
D00586,CC1CCN(CC1)C(=O)COC(=O)C2=CN(N=C2C3=CC=C(C=C3)C)C4=CC=CC=C4
D00587,COCCNC(=O)N1CCN(CC1)C2=CC=CC=C2Cl
D00588,CNC(=O)COC(=O)C1=CC2=C(C=C1)SCCC(=O)N2
D00589,CC(C)(C)C1=CC=C(C=C1)SCC(=O)NC2=CC=C(C=C2)C(=O)N
D00590,CC(CN1C(=O)C2=C(C=C(C=C2)C(=O)OC)N=C1SC(C)C3=CC=CC=C3)O
D00591,CC1=C(C=C(C=C1)S(=O)(=O)C)C(=O)OCC(=O)NC(C)(C#N)C(C)C
D00592,CC1=CC=C(C=C1)C2=NN(C=C2C(=O)OCC(=O)NC3=NOC(=C3)C)C4=CC=CC=C4
D00593,COC1=C(C=C(C=C1)COC(=O)CNS(=O)(=O)C2=CC3=C(CCCC3)C=C2)F
D00594,C1=CC=C(C(=C1)NC(=O)COC2=CC=CC=C2Br)OC(F)F
D00595,CN(CC(=O)OCC1=C(C=CC=C1Cl)F)S(=O)(=O)C2=CC=C(C=C2)F
D00596,CC(C)(C)C1=CC=C(C=C1)SCN2C(=O)C3=CC=CC=C3N=N2
D00597,CC(C1=CC=CS1)NC(=O)COC(=O)C2=CC3=C(C=C2)SCCC(=O)N3
D00598,CC(C)C(C(=O)NC(=O)N)OC(=O)CNS(=O)(=O)C1=CC2=C(CCCC2)C=C1
D00599,CC1CN(CC(O1)C)C(=O)COC(=O)C2=CC=C(S2)C3=CC=C(C=C3)Cl
D00600,COC1=CC=CC=C1C(=O)COC(=O)C2=CC3=C(C=C2)SCCC(=O)N3
D00601,CC(C(=O)NC(=O)NC)OC(=O)COC1=CC=CC=C1Cl
D00602,C1=CC=C(C(=C1)OCC(=O)NC2=C(C=CC=C2Cl)Cl)Br
D00603,C1=CC=C(C=C1)N(CC#N)C(=O)COC(=O)C2=CC=C(S2)C3=CC=C(C=C3)Cl
D00604,CC1=CC(=C(C(=C1)C)C(=O)COC(=O)C2=CC3=C(C=C2)SCCC(=O)N3)C
D00605,C1=CC=C(C(=C1)CNC2=NN=N[N-]2)OCC3=CC=C(C=C3)F
D00606,CCC1=NC2=CC=CC=C2C(=C1C)C(=O)OC(C)C(=O)NCCC3=CCCCC3
D00607,C1=CSC(=C1)CNC(=O)COC(=O)C2=CC=C(S2)C3=CC=C(C=C3)Cl
D00608,CC(C(=O)N)SC1=NC2=C(C=CC(=C2)C(=O)OC)C(=O)N1CC3CCCO3
D00609,CCC1=NC2=CC=CC=C2C(=C1C)C(=O)OC(C)C(=O)C3=C(NC4=CC=CC=C43)C
D00610,CC(C)C(C)NC(=O)CSC1=CC=C(C=C1)[N+](=O)[O-]
D00611,C1=CC=C2C(=C1)C(=CN2)CC(=O)NC3=CC=CC=C3O
D00612,CCC1=C(SC(=C1)C(=O)OCC(=O)NC2=CC=CC=C2C(F)(F)F)C
D00613,CC1=C(C=CC2=C1OC(=O)C=C2COC(=O)CCC(C)C)O
D00614,CC1=CC=C(C=C1)C(=O)C(C)OC(=O)C2=CC3=C(C=C2)SCCC(=O)N3
D00615,C1CCC(CC1)NC(=O)NC(=O)COC2=CC=CC=C2Br
D00616,CC(C(=O)C1=CC=C(C=C1)OC)OC(=O)C2=CC3=C(C=C2)SCCC(=O)N3
D00617,C1CCC(CC1)[NH2+]CC2=C(C=CC=C2Cl)Cl
D00618,C#CCNC(=O)N1CCN(CC1)C2=CC=C(C=C2)F
D00619,COC(=O)C1=CC2=C(C=C1)C(=O)N(C(=N2)SC3CCCCC3=O)CC4CCCO4
D00620,C1=CC=C(C(=C1)NC(=O)COC2=CC=CC=C2Br)OC(F)F
D00621,CC(CN1C(=O)C2=C(C=C(C=C2)C(=O)OC)N=C1SCC3=CC(=CC=C3)C#N)O
D00622,CC1=CC=C(C=C1)C(=O)NCC2=CC=C(C=C2)CN3CCOCC3
D00623,CC(CN1C(=O)C2=C(C=C(C=C2)C(=O)OC)N=C1SCC3=CC(=CC=C3)F)O
D00624,CC1=C(C=C(C=C1)S(=O)(=O)N2CCOCC2)NC(=O)COC(=O)CCC(C)C
D00625,C1=CC(=C(C(=C1)Cl)SCC(=O)NC2=C(C=CS2)C#N)Cl
D00626,CCC1=NC2=CC=CC=C2C(=C1C)C(=O)OC(C)C(=O)NC3CC3
D00627,CC(C(=O)NC1=CC=CC=C1OC)SC2=CC=C(C=C2)C(C)(C)C
D00628,CCCOC1=CC=CC=C1NC(=O)C2=CC3=NC=CN=C3C=C2
D00629,C1CSC2=C(C=C(C=C2)C(=O)OCCOC3=CC=CC=C3F)NC1=O
D00630,CCC1=NC2=CC=CC=C2C(=C1C)C(=O)OCC(=O)NCCN3C(=O)CSC3=O
D00631,C1=CC=C2C(=C1)C(=O)N(C2=O)COC(=O)COC3=CC=CC=C3Cl
D00632,C1=CC=C(C(=C1)OCC(=O)OCC(=O)NC2=CC3=C(C=C2)OC(O3)(F)F)Cl
D00633,CCCN1C(=NN=N1)COC2=C(C=C(C=C2[N+](=O)[O-])C)C
D00634,CCC1=C(SC(=C1)C(=O)OCC(=O)NC2=C(C=CC=C2C(C)C)C)C
D00635,COC1=CC(=CC(=C1OC)OC)NC(=O)C2=NNC3=CC=CC=C32
D00636,CCC1=NC2=CC=CC=C2C(=C1C)C(=O)OC(C)C(=O)N3C(CCCC3C)C
D00637,CC(C(=O)NC(=O)NC)OC(=O)C1=CC2=C(C=C1)SCCC(=O)N2
D00638,CC1=CC=C(C=C1)OCCCC(=O)N2CCC3=CC(=C(C=C3C2CC(=O)OC)OC)OC
D00639,CC1=C(C=C(C=C1)S(=O)(=O)C)C(=O)OCC(=O)NCC23CC4CC(C2)CC(C4)C3
D00640,CCC1=CC=CC=C1NC(=O)CNC(=O)C2=CC(=CC=C2)NC(=O)C
D00641,C1CC(OC1)C[NH2+]CC2=CC=C(C=C2)OCC3=CC=CC=C3
D00642,CC(C)(C)C1=CC=C(C=C1)SCC(=O)NC2=CC=C(C=C2)C(=O)N
D00643,CC1=C(C=C(C=C1)S(=O)(=O)C)C(=O)OC(C)C(=O)C2=CC=C(C=C2)OC(F)F
D00644,CC1=CC=C(C=C1)C(=O)NCC2=CC=C(C=C2)CN3CCOCC3
D00645,CCC1=C(SC(=C1)C(=O)OCC(=O)NC2=C(C=CC(=C2)Cl)OC)C
D00646,C1=CC=C(C(=C1)OCC(=O)OCC(=O)NC2=CC3=C(C=C2)OC(O3)(F)F)Cl
D00647,CC(C)C(C)(C#N)NC(=O)COC(=O)CNS(=O)(=O)C1=CC2=C(CCCC2)C=C1
D00648,CC(CN1C(=O)C2=C(C=C(C=C2)C(=O)OC)N=C1SC(C)C(=O)N3CCCC3)O
D00649,C1CC2=C(C1)C=C(C=C2)NC(=O)COC3=CC=CC=C3Br
D00650,C1=CC=C2C(=C1)C(C3=CC=CC=C32)OC(=O)COC4=CC=CC=C4Cl
D00651,CC(C)NC(=O)CNC(=O)C1=CC=CC=C1C2=CC=CC=C2
D00652,CC1=CN=C(S1)NC(=O)C2=CC3=C(S2)N=C4N3C=CS4
D00653,CN(CC1=CC=C(C=C1)OC)C(=O)NC2=CN=CC=C2
D00654,CNC(=O)COC(=O)C1=CC2=C(C=C1)SCCC(=O)N2
D00655,CCCOC1=C(C=C(C=C1Cl)C=CC(=O)OC2CCOC2=O)OC
D00656,CC1=CC(=C(C(=O)N1)CNC(=O)C2=CC=CC=C2C(F)(F)F)C
D00657,CC1=CC=C(C=C1)C(=O)NCC2=CC=C(C=C2)CN3CCOCC3
D00658,CC1CCCCC1NC(=O)COC(=O)CNS(=O)(=O)C2=CC3=C(CCCC3)C=C2
D00659,CC(C(=O)NC1=CC=C(C=C1)OC)OC(=O)C2=C(C=C(C=C2)F)N
D00660,CCCC(C(=O)NC1=NOC(=C1)C)OC(=O)C2=CC=C(C=C2)N(C)C
D00661,CCOC(=O)C1=C(NC(=C1C(=O)COC(=O)COC2=CC=CC=C2Cl)C)C
D00662,CCC1=CC=CC=C1NC(=O)COC(=O)COC2=CC=CC=C2Cl
D00663,CN(CC(=O)OCN1C(=O)C2=CC=CC=C2N=N1)S(=O)(=O)C3=CC=C(C=C3)F
D00664,CCC1=NC2=CC=CC=C2C(=C1C)C(=O)OCC3=CC(=CC=C3)Cl
D00665,C1=CSC(=C1)C[NH2+]C(CO)(CO)CO
D00666,CC(C)CCC(=O)OCC(=O)NC1(CCCCC1)C#N
D00667,CC1=CC(=C(C=C1NC(=O)CSC2=CC=C(C=C2)C(C)(C)C)OC)[N+](=O)[O-]
D00668,CC(C(=O)NC1=CC=CC=C1Cl)OC(=O)C2=CC(=CC=C2)NC(=O)C
D00669,CC1=CC(=CC(=C1)N2C=CN=C2SCC(=O)N(C)CCC#N)C
D00670,CC1=CC=C(C=C1)OCCCC(=O)N2CCC3=CC(=C(C=C3C2CC(=O)OC)OC)OC
D00671,CCC1=NC2=CC=CC=C2C(=C1C)C(=O)OC(C)C(=O)NC3CCCC4=CC=CC=C34
D00672,CC(C(=O)NC1=CC=CC=C1)OC(=O)CN(C)S(=O)(=O)C2=CC=C(C=C2)F
D00673,C1C(=O)N(C(=O)S1)CCNC(=O)COC(=O)COC2=CC=CC=C2Cl
D00674,CCOC1=CC=CC2=C1OC(=C2)C(C)NC(=O)CNC(=O)CC34CC5CC(C3)CC(C5)C4
D00675,C1=CC=NC(=C1)CNS(=O)(=O)C2=CC(=C(C=C2)C#N)Cl
D00676,C1CCC2=C(C1)C=CC(=C2)S(=O)(=O)NCC(=O)OCC(=O)N3CCOCC3
D00677,CCC1=NC2=CC=CC=C2C(=C1C)C(=O)OCC(=O)NC(C)(C#N)C3CC3
D00678,CC1=CC(=C(C(=O)N1)CNC(=O)C2=C(C(=CC=C2)OC)OC)C
D00679,CC1=C(C=CC(=C1)Br)NC(=O)CNC(=O)C2=CNC(=O)C=C2
D00680,CC1=CC=C(C=C1)NC(=O)COC(=O)CNS(=O)(=O)C2=CC3=C(CCCC3)C=C2
D00681,C1=CC=C2C(=C1)C(=CN2)CC(=O)NC3=CC=CC=C3O
D00682,CC(C)C(C(=O)NC(=O)N)OC(=O)COC1=CC=CC=C1Cl
D00683,CC1=CC=C(C=C1)C2=NN(C=C2C(=O)OCC(=O)NC(C)C(C)C)C3=CC=CC=C3
D00684,C1CCC2=C(C1)C=CC(=C2)S(=O)(=O)NCC(=O)OCC(=O)NC3CC3
D00685,C1CC(=O)N(C1)C2=CC=C(C=C2)CC(=O)NC3CCSC4=CC=CC=C34
D00686,CC1=CC(=C(C=C1)NC(=O)COC(=O)COC2=CC=CC=C2Cl)C
D00687,CC(C)CCC(=O)OCC(=O)NC1=CC(=NN1C)C2=CC=C(C=C2)Cl
D00688,C1=CC=C(C(=C1)OCC(=O)OCC(=O)NC2=CC3=C(C=C2)OC(O3)(F)F)Cl
D00689,CC1=CC(=CC(=C1)N2C=CN=C2SCC(=O)N(C)CCC#N)C
D00690,CC1(C(=O)N(C(=O)N1)CC2=CC(=CC=C2)Br)C3=CC=CC=C3
D00691,CC1=CC=C(C=C1)C2=NC(=CS2)COC(=O)C3=CC4=C(C=C3)SCCC(=O)N4
D00692,CCCOC1=C(C=C(C=C1Cl)C=CC(=O)OC2CCOC2=O)OC
D00693,CC(C)COC1=C(C=C(C=C1Cl)C=CC(=O)OCC(=O)N2CCOCC2)OC
D00694,CC(C(=O)NC1=CC=CC=C1Cl)OC(=O)C2=CC(=CC=C2)NC(=O)C
D00695,CCC1=NC2=CC=CC=C2C(=C1C)C(=O)OC(C)C(=O)NC3=CC=CC(=C3)C
D00696,CCCOC1=C(C=C(C=C1Cl)C=CC(=O)OC(C)C(=O)NC2CC2)OC
D00697,C1=CC=C(C(=C1)OCC(=O)NC2=C(C=CC=C2Cl)Cl)Br
D00698,CC1=C(C=C(C=C1)C(C)NC(=O)COC(=O)C2=CC3=C(C=C2)SCCC(=O)N3)C
D00699,CC1=C(C=C(C=C1)S(=O)(=O)C)C(=O)OCC(=O)N(C)C
D00700,CC1=C(C=C(C=C1)S(=O)(=O)C)C(=O)OCC(=O)N(C)C
D00701,C1=CC=C(C(=C1)C(F)(F)F)NC(=O)COC(=O)COC2=CC=CC=C2Cl
D00702,CCC1=C(SC(=C1)C(=O)OCC(=O)NC2=C(C=CC=C2C(C)C)C)C
D00703,C1CC1CNC(=O)CS(=O)(=O)CC2=CC=C(C=C2)Br
D00704,CC1=CC=C(C=C1)C2=NN(C=C2C(=O)OCC(=O)C3=CC=C(C=C3)F)C4=CC=CC=C4
D00705,C1=CC=C(C=C1)N(CC#N)C(=O)COC(=O)C2=CC=C(S2)C3=CC=C(C=C3)Cl
D00706,C1CSC2=C(C=C(C=C2)C(=O)OCCOC3=CC=CC=C3F)NC1=O
D00707,C1=CC=C(C(=C1)NC(=O)CCC(=O)C2=CC=CS2)O
D00708,CC(C)C(C)(C#N)NC(=O)COC1=CC=CC=C1Br
D00709,CC1=C(C=C(C=C1)S(=O)(=O)C)C(=O)OCC(=O)NC
D00710,C#CCNC(=O)N1CCN(CC1)C2=CC=C(C=C2)F
D00711,CC(C)C(C(=O)NC(=O)N)OC(=O)COC1=CC=CC=C1Cl
D00712,CC1=CC(=C(N1CC2=CC=CS2)C)C(=O)COC(=O)COC3=CC=CC=C3Cl
D00713,CCCOC1=C(C=C(C=C1Cl)C=CC(=O)OC(C)C(=O)NC2CC2)OC
D00714,CC(CN1C(=O)C2=C(C=C(C=C2)C(=O)OC)N=C1SC(C)C(=O)N3CCCC3)O
D00715,CC(C)(C)C1=CC=C(C=C1)SCC(=O)NCCC#N
D00716,C1=CC=C(C(=C1)NC(=O)COC2=CC=CC=C2Br)OC(F)F
D00717,CC(C#N)(C1CC1)NC(=O)CSC2=C(C=CC=C2Cl)Cl
D00718,CC(C(=O)NC1CCCC1)OC(=O)CN(C)S(=O)(=O)C2=CC=C(C=C2)F
D00719,C1=CNC(=C1)C(=O)COC(=O)C2=C(C=C(C=C2)F)Br
D00720,CC(C(=O)NC(=O)NC)OC(=O)COC1=CC=CC=C1Cl
D00721,C1CC2=C(C1)C=C(C=C2)NC(=O)COC3=CC=CC=C3Br
D00722,CC1=CC(=C(C=C1)F)NC(=O)C2=CC(=CC=C2)NC(=O)C
D00723,CC1=C(C=C(C=C1)Cl)NC(=O)CSC
D00724,COC1=C(C=C(C=C1)COC(=O)CNS(=O)(=O)C2=CC3=C(CCCC3)C=C2)F
D00725,CC1=CC(=C(N1CC2=CC=CS2)C)C(=O)COC(=O)COC3=CC=CC=C3Cl
D00726,CC(C)COC1=C(C=C(C=C1Cl)C=CC(=O)OCC(=O)N2CCOCC2)OC
D00727,CC1=CC=C(C=C1)C2=NN(C=C2C(=O)OCC(=O)NC3=NOC(=C3)C)C4=CC=CC=C4
D00728,COC1=CC2=C(C=C1)C(=CC(=O)O2)COC(=O)C3=CC4=C(C=C3)SCCC(=O)N4
D00729,C1=CC=C2C(=C1)C=CN(C2=O)CC(=O)NC3=CC=C(C=C3)OC(F)F
D00730,CC(C(=O)NC1=CC=C(C=C1)C(=O)N)OC2=CC(=CC(=C2)Cl)Cl
D00731,CN(CC(=O)OCN1C(=O)C2=CC=CC=C2N=N1)S(=O)(=O)C3=CC=C(C=C3)F
D00732,CC(C)N1C(=CC=N1)NC(=O)C(C)SC2=C(C=CC=C2Cl)Cl
D00733,CC(C)CCC(=O)OCC(=O)NC1=CC=CC=C1CC2=CC=CC=C2
D00734,C#CCNC(=O)N1CCN(CC1)C2=CC=C(C=C2)F
D00735,CCC1=C(SC(=C1)C(=O)OCC(=O)NC2=C(C=CC(=C2)[N+](=O)[O-])OC)C
D00736,CCC1=NC2=CC=CC=C2C(=C1C)C(=O)OC(C)C(=O)NC3=CC=CC(=C3)C#N
D00737,CC(C)N1C(=CC=N1)NC(=O)C(C)OC(=O)C2=CC=C(S2)C3=CC=C(C=C3)Cl
D00738,CC(C(=O)NC1=CC=CC2=CC=CC=C21)OC(=O)COC3=CC=CC=C3Cl
D00739,CC1CCC2=CC=CC=C2N1C(=O)CSC3=NNC(=N3)C4=CC=CS4
D00740,CC1CCCCC1NC(=O)COC(=O)CNS(=O)(=O)C2=CC3=C(CCCC3)C=C2
D00741,CCC1=CC2=C(C=C1)C(=CC(=O)O2)COC3=CC=CC=C3Br
D00742,C1CCC2=C(C1)C=CC(=C2)S(=O)(=O)NCC(=O)OCC(=O)NC3CC3
D00743,CC(C(=O)N)SC1=NC2=C(C=CC(=C2)C(=O)OC)C(=O)N1CC3CCCO3
D00744,CC(C(=O)C1=CC=C(C=C1)OC)OC(=O)C2=CC3=C(C=C2)SCCC(=O)N3
D00745,C1CCC(CC1)C(=O)N2CCC3=C(C2)SC4=NC=NC(=C34)N
D00746,CCC1=NC2=CC=CC=C2C(=C1C)C(=O)OCC(=O)C3=CC=CC=C3Cl
D00747,CC1=C(C=C(C=C1)S(=O)(=O)C)C(=O)OCC(=O)NCCC2=CC=C(C=C2)Cl
D00748,CC(C(=O)NC1=CC=C(C=C1)S(=O)(=O)N)SC2=C(C=CC=C2Cl)Cl
D00749,CC(C)C1=NN=C(N1CC2=CC=CO2)SC(C)C(=O)N3CCNC3=O
D00750,CC1=CC=C(C=C1)C2=NN(C=C2C(=O)OCC(=O)C3=CC=C(C=C3)F)C4=CC=CC=C4
D00751,CC(C(=O)NC1CCCC1)OC(=O)CN(C)S(=O)(=O)C2=CC=C(C=C2)F
D00752,CCCOC1=C(C=C(C=C1Cl)C=CC(=O)OC(C)C(=O)NC2CC2)OC
D00753,CN(CC(=O)OCN1C(=O)C2=CC=CC=C2N=N1)S(=O)(=O)C3=CC=C(C=C3)F
D00754,COC(=O)C1=CC2=C(C=C1)C(=O)N(C(=N2)SCC#N)CC3CCCO3
D00755,CC1CCCC(N1C(=O)COC(=O)C2=CC3=C(C=C2)SCCC(=O)N3)C
D00756,CC(C)(C)C1=CC=C(C=C1)SCN2C(=O)C3=CC=CC=C3N=N2
D00757,CN(CC(=O)OCC1=CC=C(O1)C(=O)OC)S(=O)(=O)C2=CC=C(C=C2)F
D00758,CCC1=C(SC(=C1)C(=O)OCC(=O)NCC2=CC=C(C=C2)C(=O)OC)C
D00759,CC1=C(C2=CC=CC=C2N1)C(=O)C(C)OC(=O)COC3=CC=CC=C3Cl
D00760,C#CCNC(=O)N1CCN(CC1)C2=CC=C(C=C2)F
D00761,C1CC1CNC(=O)CS(=O)(=O)CC2=CC=C(C=C2)Br
D00762,CC(C)(C)C1=CC=C(C=C1)SCC(=O)N2CCNC2=O
D00763,CC1=CC=CC=C1C=CC(=O)OC(C)C(=O)NC2=CC=C(C=C2)NC(=O)C
D00764,CCOC1=CC=CC=C1COC(=O)CN(C)S(=O)(=O)C2=CC=C(C=C2)F
D00765,CCC1=NC2=CC=CC=C2C(=C1C)C(=O)OC(C)C(=O)C3=C(NC4=CC=CC=C43)C
D00766,CCC1=C(SC(=C1)C(=O)OCC(=O)NCC2=CC=C(C=C2)C(=O)OC)C
D00767,CC1=CC(=CC(=C1)C(=O)NNC2=CC=CC=C2[N+](=O)[O-])C
D00768,CCC1=C(SC(=C1)C(=O)OCC(=O)NC2=C(C=CC=C2C(C)C)C)C
D00769,CC1=CN=C(S1)NC(=O)CNC(=O)C2=CC=CC=C2F
D00770,CC(C(=O)NC1=CC=C(C=C1)C(=O)N)OC2=CC(=CC(=C2)Cl)Cl
D00771,CC(C(=O)NCC1=CC=CO1)OC(=O)C2=CC3=C(C=C2)SCCC(=O)N3
D00772,CC1=CC(=NO1)NC(=O)CSC2=NC3=CC=CC=C3N2C(C)C
D00773,C1CN(C2=CC=CC=C21)C(=O)C3=CC=C(C=C3)N4C=NN=N4
D00774,CCC1=NC2=CC=CC=C2C(=C1C)C(=O)OCC3=CC(=CC4=C3OCOC4)Cl
D00775,C1CCC(CC1)[NH2+]CC2=C(C=CC=C2Cl)Cl
D00776,CC(C1=CC=CS1)NC(=O)COC(=O)C2=CC3=C(C=C2)SCCC(=O)N3
D00777,CCCC1C(=O)N(C(=O)N1)CC2=CC=C(C=C2)C(=O)NC3=CC=CC=C3
D00778,CC1=CC(=C(C=C1)NC(=O)COC2=CC=CC=C2Br)Cl
D00779,CCC1=NC2=CC=CC=C2C(=C1C)C(=O)OCC3=CC(=CC4=C3OCOC4)Cl
D00780,CC(CN1C(=O)C2=C(C=C(C=C2)C(=O)OC)N=C1SC(C)C(=O)N3CCCC3)O
D00781,CC(CN1C(=O)C2=C(C=C(C=C2)C(=O)OC)N=C1SC(C)C3=CC=CC=C3)O
D00782,C1=CC=C2C(=C1)C(C3=CC=CC=C32)OC(=O)COC4=CC=CC=C4Cl
D00783,CC1=C(C=C(C=C1)S(=O)(=O)C)C(=O)OCC(=O)NCCC(C)C
D00784,CC1=CC=C(C=C1)NC(=O)COC(=O)CNS(=O)(=O)C2=CC3=C(CCCC3)C=C2
D00785,CC(C1=CC=C(C=C1)S(=O)(=O)C)NC(=O)CNC(=O)C2=CC=CO2
D00786,CC1=C(C(=NN1C2=CC=C(C=C2)C(=O)NC3CC3)C)Cl
D00787,CC1=CC(=C(C=C1)NC(=O)COC2=CC=CC=C2Br)Cl
D00788,CC1=CC=C(C=C1)NC(=O)COC(=O)CNS(=O)(=O)C2=CC3=C(CCCC3)C=C2
D00789,CC(C#N)OC(=O)CNS(=O)(=O)C1=CC2=C(CCCC2)C=C1
D00790,C#CCNC(=O)N1CCN(CC1)C2=CC=C(C=C2)F
D00791,CCC1CCCCN1C(=O)CN2C(=O)C(NC2=O)(C)C3=CC=C(C=C3)OC
D00792,CC(C(=O)NC(=O)NC)OC(=O)COC1=CC=CC=C1Cl
D00793,CC1=CC=C(C=C1)OCCCC(=O)N2CCC3=CC(=C(C=C3C2CC(=O)OC)OC)OC
D00794,CC(C)C(C(=O)NC(=O)N)OC(=O)CNS(=O)(=O)C1=CC2=C(CCCC2)C=C1
D00795,CC1CCCC(N1C(=O)COC(=O)C2=CC3=C(C=C2)SCCC(=O)N3)C
D00796,CC(C(=O)NC1=CC=CC=C1OC)SC2=CC=C(C=C2)C(C)(C)C
D00797,CC(C(=O)N)OC(=O)CNS(=O)(=O)C1=CC2=C(CCCC2)C=C1
D00798,CC1=CC(=C(N1CC2CCCO2)C)C(=O)COC3=CC=CC=C3Br
D00799,CC(C)(C)C1=CC=C(C=C1)SCC(=O)NC2=CC=C(C=C2)C(=O)N
D00800,CC(C)CCC(=O)OCC(=O)NC1(CCCCC1)C#N
D00801,CCOC(=O)N1CCN(CC1)C(=O)COC(=O)C2=C(C=CC(=C2)S(=O)(=O)C)C
D00802,CC1=CC(=C(C(=O)N1)CNC(=O)C2=CC=CC=C2C(F)(F)F)C
D00803,CC1=CC(=C(C=C1NC(=O)CSC2=CC=C(C=C2)C(C)(C)C)OC)[N+](=O)[O-]
D00804,CCOC1=CC=CC=C1COC(=O)CN(C)S(=O)(=O)C2=CC=C(C=C2)F
D00805,CC1=CC=C(C=C1)C2=NN(C=C2C(=O)OCC3=CC4=C(C=C3)OCO4)C5=CC=CC=C5
D00806,C1=CC=C(C(=C1)OCC(=O)OCC(=O)NC2=CC3=C(C=C2)OC(O3)(F)F)Cl
D00807,CC(C)C(C(=O)NC(=O)N)OC(=O)CNS(=O)(=O)C1=CC2=C(CCCC2)C=C1
D00808,CC1=CC=C(C=C1)C(=O)NCC2=CC=C(C=C2)CN3CCOCC3
D00809,CC1CCCCN1C(=O)COC(=O)C2=CN(N=C2C3=CC=C(C=C3)C)C4=CC=CC=C4
D00810,CCCOC1=C(C=C(C=C1Cl)C=CC(=O)OCC2=CC=C(C=C2)C#N)OC
D00811,CC1=CC=C(C=C1)C2=NN(C=C2C(=O)OC(C)C#N)C3=CC=CC=C3
D00812,CCC1=NC2=CC=CC=C2C(=C1C)C(=O)OC(C)C(=O)N3C(CCCC3C)C
D00813,C1CS(=O)(=O)CC1NC(=O)COC(=O)COC2=CC=CC=C2Cl
D00814,CC(C)C(C(=O)NC(=O)N)OC(=O)COC1=CC=CC=C1Cl
D00815,CN(C1=CC=CC=C1)C(=O)CN2C3=CC=CC=C3N=CC2=O
D00816,CC1=CC(=C(C(=O)N1)CNC(=O)C2=C(C(=CC=C2)OC)OC)C
D00817,C1CC(=O)N(C1)C2=CC=C(C=C2)CC(=O)NC3CCSC4=CC=CC=C34
D00818,CCCOC1=C(C=C(C=C1Cl)C=CC(=O)OCC2=CC=C(C=C2)C#N)OC
D00819,CC1CCCC(C1C)NC(=O)C(C)OC(=O)CN(C)S(=O)(=O)C2=CC=C(C=C2)F
D00820,CCC(C1=CC=C(C=C1)C)NC(=O)COC(=O)COC2=CC=CC=C2Cl
D00821,CCC1=CC2=C(C=C1)C(=CC(=O)O2)COC3=CC=CC=C3Br
D00822,C1=CC=C(C(=C1)OCC(=O)OCC(=O)NC2=CC3=C(C=C2)OC(O3)(F)F)Cl
D00823,COC1=CC2=CC=CC=C2C=C1C(=O)NC3=CC=C(C=C3)S(=O)(=O)N4CCCCC4
D00824,CC1=CC(=C(N1CC2CCCO2)C)C(=O)COC3=CC=CC=C3Br
D00825,CCC1=NC2=CC=CC=C2C(=C1C)C(=O)OCC(=O)NCCN3C(=O)CSC3=O
D00826,CC1=CC=C(C=C1)C(=O)NCC2=CC=C(C=C2)CN3CCOCC3
D00827,CCC(CC)NC(=O)COC(=O)CNS(=O)(=O)C1=CC2=C(CCCC2)C=C1
D00828,COC(=O)C1=CC2=C(C=C1)C(=O)N(C(=N2)SC3CCCCC3=O)CC4=CC=CO4
D00829,C1CS(=O)(=O)CC1NC(=O)COC(=O)C2=CC=C(S2)C3=CC=C(C=C3)Cl
D00830,CCC1=NC2=CC=CC=C2C(=C1C)C(=O)OCC(=O)C3=CC=CC=C3Cl
D00831,CCCC1C(=O)N(C(=O)N1)CC2=CC=C(C=C2)C(=O)NC3=CC=CC=C3
D00832,CC(CN1C(=O)C2=C(C=C(C=C2)C(=O)OC)N=C1SC(C)C(=O)N3CCCC3)O
D00833,CCOC(=O)C1=C(NC(=C1C(=O)COC(=O)COC2=CC=CC=C2Cl)C)C
D00834,CC(C)(C)C1=CC=C(C=C1)SCC(=O)NC2=CC=C(C=C2)C(=O)N
D00835,CCC1=C(SC(=C1)C(=O)OCC(=O)NCC2=CC=C(C=C2)C(=O)OC)C
D00836,CCOC1=C(C=C2C(=C1)CC(O2)C)CNC(=O)CC3=CC=C(S3)S(=O)(=O)N4CCCC4
D00837,C1CCC(CC1)NC(=O)NC(=O)COC2=CC=CC=C2Br
D00838,CC1CCN(CC1)C(=O)COC(=O)C2=CN(N=C2C3=CC=C(C=C3)C)C4=CC=CC=C4
D00839,CC1=CC=C(C=C1)NC(=O)COC(=O)CNS(=O)(=O)C2=CC3=C(CCCC3)C=C2
D00840,C1=COC(=C1)C2=NN=C(O2)COC(=O)C3=CC=C(S3)C4=CC=C(C=C4)Cl
D00841,CC(C)(C)C(=O)CSC1=NC2=C(C=CC(=C2)C(=O)OC)C(=O)N1CC3=CC=CO3
D00842,CC1=C(C=C(C=C1)S(=O)(=O)N2CCOCC2)NC(=O)COC(=O)CCC(C)C
D00843,CCCOC1=C(C=C(C=C1Cl)C=CC(=O)OC2CCOC2=O)OC
D00844,C1=CC=C(C(=C1)NC(=O)COC2=CC=CC=C2Br)OC(F)F
D00845,CC1=CN=C(S1)NC(=O)CNC(=O)C2=CC=CC=C2F
D00846,C1=CC=C(C(=C1)NC(=O)COC2=CC=CC=C2Br)OC(F)F
D00847,CC(C(=O)NC(=O)NC)OC(=O)COC1=CC=CC=C1Cl
D00848,CC1CCC2=CC=CC=C2N1C(=O)CSC3=NNC(=N3)C4=CC=CS4
D00849,CC1=CC(=C(N1C)C)C(=O)COC(=O)CNS(=O)(=O)C2=CC3=C(CCCC3)C=C2
D00850,CCC1=C(SC(=C1)C(=O)OCC(=O)NC2=C(C=CC=C2C(C)C)C)C
D00851,CC1=CC(=C(C=C1NC(=O)CSC2=CC=C(C=C2)C(C)(C)C)OC)[N+](=O)[O-]
D00852,CC(C1=CC=CS1)NC(=O)COC2=CC=CC=C2Br
D00853,CC(CN1C(=O)C2=C(C=C(C=C2)C(=O)OC)N=C1SCC(=O)N3CCCC3=O)O
D00854,CC1=CC=C(C=C1)C2=NN(C=C2C(=O)OC(C)C(=O)NC(=O)NC)C3=CC=CC=C3
D00855,C1=CC=NC(=C1)CNS(=O)(=O)C2=CC(=C(C=C2)C#N)Cl
D00856,CC1=CC=C(C=C1)NC(=O)COC(=O)CNS(=O)(=O)C2=CC3=C(CCCC3)C=C2
D00857,CC1=C(C2=CC=CC=C2N1)C(=O)C(C)OC(=O)COC3=CC=CC=C3Cl
D00858,CC(C)(C)C1=CC=C(C=C1)SCC(=O)NN2C(=O)C3(CCCCC3)NC2=O
D00859,C1CCC2=C(C1)C=CC(=C2)S(=O)(=O)NCC(=O)OCC(=O)NC3CC3
D00860,CC1=C(OC2=C1C=C(C=C2)OC)C(=O)NC3=CC(=NN3C)C(C)(C)C
D00861,CCCOC1=C(C=C(C=C1Cl)C=CC(=O)OC(C)C(=O)NC2CC2)OC
D00862,CC1=C(OC2=C1C=C(C=C2)OC)C(=O)NC3=CC(=NN3C)C(C)(C)C
D00863,CC(C(=O)NC1=CC=C(C=C1)S(=O)(=O)N)SC2=C(C=CC=C2Cl)Cl
D00864,CC1=CC=C(C=C1)NC(=O)COC(=O)CNS(=O)(=O)C2=CC3=C(CCCC3)C=C2
D00865,CC1=C(C(NC(=O)N1CCOC)C2=CC=CC=C2F)C(=O)OC
D00866,CCC1=C(SC(=C1)C(=O)OCC(=O)NCC2=CC=C(C=C2)C(=O)OC)C
D00867,CC1=CN=C(S1)NC(=O)CNC(=O)C2=CC=CC=C2F
D00868,CC1=C(C=C(C=C1)S(=O)(=O)C)C(=O)OC(C)C(=O)C2=CC=C(C=C2)OC(F)F
D00869,CCCN1C(=NN=N1)COC2=C(C=C(C=C2[N+](=O)[O-])C)C
D00870,CC1=CSC2=NC(=CC(=O)N12)CNC(C)C3=CC=CC=C3
D00871,CC1=C(OC2=C1C=C(C=C2)OC)C(=O)NC3=CC(=NN3C)C(C)(C)C
D00872,CC(C)(C)C1=CC=C(C=C1)SCC(=O)NN2C(=O)C3(CCCCC3)NC2=O
D00873,CCNC(=O)NC(=O)CSC1=NN=C(S1)SCC2=CC=C(C=C2)C(C)C
D00874,CNC(=O)COC(=O)C1=CC2=C(C=C1)SCCC(=O)N2
D00875,CS(=O)(=O)CC1=CSC(=N1)CC2=CC=C(C=C2)Cl
D00876,CC1=CC=C(C=C1)C(=O)NCC2=CC=C(C=C2)CN3CCOCC3
D00877,CCC1=CC2=C(C=C1)C(=CC(=O)O2)COC3=CC=CC=C3Br
D00878,CC(C1=CC(=CC=C1)C(F)(F)F)NC(C)C(=O)NC2=CC=CC=C2OC
D00879,CCC(C)N(C(C)CC)C(=O)CN1C(=O)C(NC1=O)(C)C2CCCCC2
D00880,C1=CC=C(C(=C1)NC(=O)COC2=CC=CC=C2Br)OC(F)F
D00881,CC(C#N)(C1CC1)NC(=O)COC2=CC=CC=C2Br
D00882,CCCOC1=CC=CC=C1NC(=O)C2=CC3=NC=CN=C3C=C2
D00883,CCC1=NC2=CC=CC=C2C(=C1C)C(=O)OCC(=O)N3CCC(=N3)C4=CC=CC=C4
D00884,CC(C)C(C(=O)NC(=O)N)OC(=O)CNS(=O)(=O)C1=CC2=C(CCCC2)C=C1
D00885,CC(C)CCC(=O)OCC(=O)NC1=CC2=C(C=C1)OC(O2)(F)F
D00886,COC1=CC2=CC=CC=C2C=C1C(=O)NC3=CC=C(C=C3)S(=O)(=O)N4CCCCC4
D00887,CCC1=NC2=CC=CC=C2C(=C1C)C(=O)OCC3=CC4=C(C=C3)OCO4
D00888,CCNC(=O)NC(=O)COC(=O)C1=C(C=CC(=C1)S(=O)(=O)C)C
D00889,CCC1=C(SC(=C1)C(=O)OCC(=O)NC2=C(C(=CC=C2)Cl)Cl)C
D00890,CCC1=C(SC(=C1)C(=O)OCC(=O)NC2=CC=CC=C2F)C
D00891,CC(C)CCC(=O)OC(C)C(=O)NC1=CC=C(C=C1)NC(=O)C
D00892,CC(C(=O)C1=CC=C(C=C1)OC)OC(=O)C2=CC3=C(C=C2)SCCC(=O)N3
D00893,CC(C)CCC(=O)OCC(=O)NC1=NC(=CS1)C2=C(C=CC(=C2)OC)OC
D00894,CC1CCN(C2=CC=CC=C2S1)C(=O)COC3=CC=CC=C3Br
D00895,CC1=CC=C(C=C1)C(=O)C(C)OC(=O)C2=CC3=C(C=C2)SCCC(=O)N3
D00896,CC(C(=O)NC1=CC=CC=C1Cl)OC(=O)C2=CC(=CC=C2)NC(=O)C
D00897,COC1=CC=CC=C1C(=O)COC(=O)C2=CC3=C(C=C2)SCCC(=O)N3
D00898,CC1=CC(=C(C(=O)N1)CNC(=O)C2=CC=CC=C2C(F)(F)F)C
D00899,CCC1=NC2=CC=CC=C2C(=C1C)C(=O)OC(C)C(=O)NC3CC3
D00900,CC1=CC(=NO1)NC(=O)COC(=O)C=CC2=CC(=C(C(=C2)Cl)OCC(C)C)OC
D00901,C=CCNC1=NN=C(S1)SCC2=CC=CC3=C2N=CC=C3
D00902,CC(C)CCC(=O)OCC(=O)NC1(CCCCC1)C#N
D00903,CC1=C(C=C(C=C1)S(=O)(=O)C)C(=O)OCC(=O)NC2CCCC3=CC=CC=C23
D00904,CC(C(=O)NC1=CC=CC=C1Cl)OC(=O)C2=CC(=CC=C2)NC(=O)C
D00905,C1=CC=NC(=C1)CNS(=O)(=O)C2=CC(=C(C=C2)C#N)Cl
D00906,CC1=CC(=C(C(=O)N1)CNC(=O)C2=CC=CC=C2C(F)(F)F)C
D00907,C1CSC2=C(C=C(C=C2)C(=O)OCC(=O)NC3=C(C(=C(C=C3)F)F)F)NC1=O
D00908,CC(C(=O)NC1=CC=CC=C1Cl)OC(=O)C2=CC(=CC=C2)NC(=O)C
D00909,CC(C)(C)C1=CC=C(C=C1)SCC(=O)NNC(=O)C2=CC=CC=C2
D00910,C1=CC=C(C=C1)C=CCC(=S)C(=O)O
D00911,COC1=CC(=C(C=C1CNC(=O)C2=CC3=C(C=C2)N=CN3)OC)OC
D00912,CCC1=NC2=CC=CC=C2C(=C1C)C(=O)OCC(=O)C3=CC4=C(CCCC4)C=C3
D00913,CC1=C(C=C(C=C1)S(=O)(=O)C)C(=O)OCC(=O)NCC23CC4CC(C2)CC(C4)C3
D00914,CS(=O)(=O)CC1=CSC(=N1)CC2=CC=C(C=C2)Cl
D00915,CC1=C(C=C(C=C1)S(=O)(=O)C)C(=O)OCCOC2=CC=C(C=C2)Br
D00916,CCC1=NC2=CC=CC=C2C(=C1C)C(=O)OCC(=O)C3=CC=CC=C3Cl
D00917,CCC1=NC2=CC=CC=C2C(=C1C)C(=O)OC(C)C(=O)NC(C)CCC3=CC=CC=C3
D00918,CC(C)C(C(=O)NC(=O)N)OC(=O)COC1=CC=CC=C1Cl
D00919,CC(C)C1=CC=C(C=C1)CSC2=NN=C(S2)SC(C)C(=O)NC(=O)N
D00920,CCCN1C(=O)C(=CC2=CC=CC=C2F)NC1=S
D00921,CCC1=NC2=CC=CC=C2C(=C1C)C(=O)OC(C)C(=O)N3C(CCCC3C)C
D00922,CCC1=NC2=CC=CC=C2C(=C1C)C(=O)OC(C)C(=O)NC(C)CCC3=CC=CC=C3
D00923,C1=CC(=CC(=C1)S(=O)(=O)N)NC(=O)COC2=CC(=CC(=C2)Cl)Cl
D00924,CC(C(=O)C1=CC=C(C=C1)OC)OC(=O)C2=CC3=C(C=C2)SCCC(=O)N3
D00925,CC1=CC=C(C=C1)OCCOC(=O)CN(C)S(=O)(=O)C2=CC=C(C=C2)F
D00926,CC(C(=O)N1CCN(CC1)S(=O)(=O)C2=CC=CC=C2)SCC3=CC(=CC=C3)Cl
D00927,CCOC(=O)C1=C(SC(=C1CSC2=CC=C(C=C2)C(C)(C)C)C(=O)NC)N
D00928,CC1=CC=C(C=C1)C2=NN(C=C2C(=O)OC(C)C#N)C3=CC=CC=C3
D00929,CC1=CC(=NO1)NC(=O)CSC2=NC3=CC=CC=C3N2C(C)C
D00930,CC1=CC=C(C=C1)C2=NN(C=C2C(=O)OCC(=O)NC3=NOC(=C3)C)C4=CC=CC=C4
D00931,CC(C)C(C)(C#N)NC(=O)COC1=CC=CC=C1Br
D00932,CC(C)C(C(=O)NC(=O)N)OC(=O)COC1=CC=CC=C1Cl
D00933,CC1=C(C=C(C=C1)S(=O)(=O)C)C(=O)OC(C)C(=O)C2=CC=C(C=C2)OC(F)F
D00934,CC(CN1C(=O)C2=C(C=C(C=C2)C(=O)OC)N=C1SCC(=O)N)O
D00935,COC1=CC2=C(C=C1)C(=CC(=O)O2)COC(=O)C3=CC4=C(C=C3)SCCC(=O)N4
D00936,C1=CC=C(C(=C1)OCC(=O)OCC(=O)NC2=CC3=C(C=C2)OC(O3)(F)F)Cl
D00937,CC1=C(C2=CC=CC=C2N1)C(=O)C(C)OC(=O)COC3=CC=CC=C3Cl
D00938,CC(CN1C(=O)C2=C(C=C(C=C2)C(=O)OC)N=C1SCC(=O)N3CCCC3=O)O
D00939,CC1=CC(=C(N1C)C)C(=O)COC(=O)CNS(=O)(=O)C2=CC3=C(CCCC3)C=C2
D00940,CCCOC1=CC=CC=C1NC(=O)C2=CC3=NC=CN=C3C=C2
D00941,CC(C(=O)NC(=O)NC)OC(=O)COC1=CC=CC=C1Cl
D00942,CC1=CC=C(C=C1)NC(=O)COC(=O)CNS(=O)(=O)C2=CC3=C(CCCC3)C=C2
D00943,CC1=C(C2=CC=CC=C2N1)C(=O)C(C)OC(=O)CCC(C)C
D00944,CCCCC1=CC=C(C=C1)NC(=O)COC(=O)COC2=CC=CC=C2Cl
D00945,COC(=O)C1=CC=C(C=C1)COC(=O)CNS(=O)(=O)C2=CC3=C(CCCC3)C=C2
D00946,CCC(C1=CC=C(C=C1)C)NC(=O)COC(=O)COC2=CC=CC=C2Cl
D00947,CC(C(=O)N)OC(=O)CNS(=O)(=O)C1=CC2=C(CCCC2)C=C1
D00948,CCC1=CC=C(C=C1)NC(=O)C(C)OC(=O)COC2=CC=CC=C2Cl
D00949,CC1=C(C=C(C=C1)S(=O)(=O)N2CCCCC2)NC(=O)COC(=O)CCC(C)C
D00950,CC(C)C(C(=O)NC(=O)N)OC(=O)COC1=CC=CC=C1Cl
D00951,C1CCC(CC1)NC(=O)NC(=O)COC2=CC=CC=C2Br
D00952,CCCOC1=CC=CC=C1NC(=O)C2=CC3=NC=CN=C3C=C2
D00953,CCC1=C(SC(=C1)C(=O)OCC(=O)NC2=C(C=CC=C2C(C)C)C)C
D00954,CC(C(=O)NC1=CC=CC=C1)OC(=O)CN(C)S(=O)(=O)C2=CC=C(C=C2)F
D00955,CC(CN1C(=O)C2=C(C=C(C=C2)C(=O)OC)N=C1SC(C)C(=O)N3CCCC3)O
D00956,CCC1=NC2=CC=CC=C2C(=C1C)C(=O)OC(C)C(=O)N3C(CCCC3C)C
D00957,CC1CCC2=CC=CC=C2N1C(=O)CSC3=NNC(=N3)C4=CC=CS4
D00958,CC(C)C(C(=O)NC(=O)N)OC(=O)CNS(=O)(=O)C1=CC2=C(CCCC2)C=C1
D00959,CCC1=CC(=C(C=C1)CC)C(=O)COC(=O)C2=C(C=CC(=C2)S(=O)(=O)C)C
D00960,CCCCC1=CC=C(C=C1)NC(=O)COC(=O)COC2=CC=CC=C2Cl
D00961,CC(C)C(C(=O)NC(=O)N)OC(=O)C1=CC=C(S1)C2=CC=C(C=C2)Cl
D00962,CC(C(=O)NCC1=CC=CO1)OC(=O)C2=CC=C(S2)C3=CC=C(C=C3)Cl
D00963,CS(=O)(=O)CC1=CSC(=N1)CC2=CC=C(C=C2)Cl
D00964,CN(CC(=O)OCC1=CC=C(O1)C(=O)OC)S(=O)(=O)C2=CC=C(C=C2)F
D00965,CC1=CC(=C(N1C)C)C(=O)COC(=O)CNS(=O)(=O)C2=CC3=C(CCCC3)C=C2
D00966,COC1=C(C=C(C=C1)COC(=O)CNS(=O)(=O)C2=CC3=C(CCCC3)C=C2)F
D00967,CCC1=NC2=CC=CC=C2C(=C1C)C(=O)OC(C)C(=O)C3=C(NC4=CC=CC=C43)C
D00968,CCOC1=CC=CC2=C1OC(=C2)C(C)NC(=O)CNC(=O)CC34CC5CC(C3)CC(C5)C4
D00969,C1=CC(=C(C(=C1)Cl)SCC(=O)NC2=C(C=CS2)C#N)Cl
D00970,CC(C(=O)NC1=CC=CC=C1Cl)OC(=O)C2=CC(=CC=C2)NC(=O)C
D00971,C1C(=O)N(C(=O)S1)CCNC(=O)COC(=O)COC2=CC=CC=C2Cl
D00972,CC1=CC=C(C=C1)C(=O)NCC2=CC=C(C=C2)CN3CCOCC3
D00973,C1CCC(CC1)NC(=O)NC(=O)COC2=CC=CC=C2Br
D00974,C#CCNC(=O)N1CCN(CC1)C2=CC=C(C=C2)F
D00975,CC(=O)NC1=C(C=CC(=C1)C(=O)COC(=O)C2=CC3=C(CCC3)C=C2)O
D00976,CC(C(=O)C1=CC=C(C=C1)OC)OC(=O)C2=CC3=C(C=C2)SCCC(=O)N3
D00977,COC1=CC=CC(=C1)C2=NOC(=N2)COC(=O)C3=CC4=C(C=C3)SCCC(=O)N4
D00978,CC(C)C(C(=O)NC(=O)N)OC(=O)COC1=CC=CC=C1Cl
D00979,CC(C)(C)C1=CC=C(C=C1)SCC(=O)NCCC#N
D00980,C1=CC=C(C(=C1)NC(=O)COC2=CC=CC=C2Br)OC(F)F
D00981,CCN(CC1=CC=CC=C1)C(=O)COC(=O)CN(C)S(=O)(=O)C2=CC=C(C=C2)F
D00982,CCC1=NC2=CC=CC=C2C(=C1C)C(=O)OC(C)C(=O)N3C(CCCC3C)C
D00983,CC1=CC=C(C=C1)C2=NN(C=C2C(=O)OC(C)C(=O)N3CCCC3)C4=CC=CC=C4
D00984,C1CSC2=C(C=C(C=C2)C(=O)OCC(=O)NC3=C(C=CC(=C3)F)F)NC1=O
D00985,CC(C)(C)C1=CC=C(C=C1)SCC(=O)NC2=CC=C(C=C2)C(=O)N
D00986,CCOC1=C(C=C2C(=C1)CC(O2)C)CNC(=O)CC3=CC=C(S3)S(=O)(=O)N4CCCC4
D00987,CN1C=CN=C1C(C2=CC(=CC=C2)OC)NC3=C4C=NN(C4=NC=N3)C5=CC=C(C=C5)F
D00988,CCCN1C(=O)C(=CC2=CC=CC=C2F)NC1=S
D00989,CC(C)CCC(=O)OC(C)C(=O)NC1=CC=C(C=C1)S(=O)(=O)NC(C)C
D00990,CC1CCN(C2=CC=CC=C2S1)C(=O)COC3=CC=CC=C3Br
D00991,CC1=CC(=C(N1CC2CCCO2)C)C(=O)COC3=CC=CC=C3Br
D00992,CC1=C(C=CC(=C1)NC(=O)COC(=O)CCC(C)C)Br
D00993,CC(C)NC(=O)CNC(=O)C1=CC=CC=C1C2=CC=CC=C2
D00994,CC(C)C(C(=O)NC(=O)N)OC(=O)CNS(=O)(=O)C1=CC2=C(CCCC2)C=C1
D00995,CC1CCC2=CC=CC=C2N1C(=O)CSC3=NNC(=N3)C4=CC=CS4
D00996,C1=CC(=CC(=C1)S(=O)(=O)N)NC(=O)COC2=CC(=CC(=C2)Cl)Cl
D00997,CC(C(=O)N1CCN(CC1)S(=O)(=O)C2=CC=CC=C2)SCC3=CC(=CC=C3)Cl
D00998,CC(C(=O)NC1=CC=CC2=CC=CC=C21)OC(=O)COC3=CC=CC=C3Cl
D00999,CC(C)C1=NN=C(S1)NC(=O)C=CC2=CC=CC=C2F
D01000,C1CS(=O)(=O)CC1NC(=O)COC2=CC=CC=C2Br
D01001,CCC1=C(SC(=C1)C(=O)OCC(=O)NC2=CC=C(C=C2)C#N)C
D01002,CC(C(=O)NC1=CC=CC2=CC=CC=C21)OC(=O)COC3=CC=CC=C3Cl
D01003,C1C2CC3CC1CC(C2)(C3)CNC(=O)COC4=CC=CC=C4Br
D01004,CC(C(=O)NC1=CC=C(C=C1)F)OC(=O)COC2=CC=CC=C2Cl
D01005,C1=CC=NC(=C1)CCNC(=O)CCC2=NC(=NO2)C3=CC=C(C=C3)F
D01006,CC1=CC(=C(C(=C1)C)C(=O)COC(=O)C2=CC3=C(C=C2)SCCC(=O)N3)C
D01007,C1=CC=C(C(=C1)OCC(=O)OCC(=O)NCC2=CC(=CC=C2)Cl)Cl
D01008,CC1(C(=O)N(C(=O)N1)CC2=CC(=CC=C2)Br)C3=CC=CC=C3
D01009,CC1=CC(=CC(=C1)N2C=CN=C2SCC(=O)N(C)CCC#N)C
D01010,CCCN1C(=O)C(=CC2=CC=CC=C2F)NC1=S
D01011,C1=CC=C(C(=C1)C(F)(F)F)NC(=O)COC(=O)COC2=CC=CC=C2Cl
D01012,CCCOC1=CC=CC=C1NC(=O)C2=CC3=NC=CN=C3C=C2
D01013,CC(C)CCC(=O)OC(C)C(=O)NC1=CC=C(C=C1)C(=O)N
D01014,CC1=C(C=C(C=C1)S(=O)(=O)C)C(=O)OCC(=O)C2=CC=C(C=C2)C3CCCCC3
D01015,CCC1=CC=CC(=C1NC(=O)CSC2=C(C=CC=C2Cl)Cl)C
D01016,CC1=CC=CC=C1C=CC(=O)OCC(=O)NC(=O)NC(C)C
D01017,CC(C)C(C)(C#N)NC(=O)COC(=O)C1=CC2=C(C=C1)SCCC(=O)N2
D01018,CC(CN1C(=O)C2=C(C=C(C=C2)C(=O)OC)N=C1SCC(=O)N)O
D01019,C1=CC=C(C(=C1)OCC(=O)OCC(=O)NCC2=CC(=CC=C2)Cl)Cl
D01020,C1=CC=C2C(=C1)C(C3=CC=CC=C32)OC(=O)COC4=CC=CC=C4Cl
D01021,CC1=C(C=C(C=C1)S(=O)(=O)C)C(=O)OCC(=O)C2=C(C=CC(=C2)F)OC
D01022,CC(C)CCC(=O)OC(C(C)C)C(=O)NC(=O)N
D01023,CC(C)N1C(=CC=N1)NC(=O)C(C)OC(=O)C2=CC=C(S2)C3=CC=C(C=C3)Cl
D01024,C1CN(CCN1CC2=CSC3=CC=CC=C32)C(=O)NCC4=CC=CC=N4
D01025,CCC1CCCCN1C(=O)COC(=O)C2=CC3=C(C=C2)SCCC(=O)N3
D01026,CC(C(=O)NC1CCCC1)OC(=O)CN(C)S(=O)(=O)C2=CC=C(C=C2)F
D01027,CC1CCC2=CC=CC=C2N1C(=O)CSC3=NNC(=N3)C4=CC=CS4
D01028,CC1CCN(CC1)C(=O)COC(=O)C2=CN(N=C2C3=CC=C(C=C3)C)C4=CC=CC=C4
D01029,CC1CCCCC1NC(=O)NC(=O)COC2=CC=CC=C2Br
D01030,CCC1=C(SC(=C1)C(=O)OCC(=O)NC2=CC=CC=C2Br)C
D01031,C1CC1CNC(=O)CS(=O)(=O)CC2=CC=C(C=C2)Br
D01032,CC(CN1C(=O)C2=C(C=C(C=C2)C(=O)OC)N=C1SCC3=CC(=CC=C3)F)O
D01033,CCCOC1=C(C=C(C=C1Cl)C=CC(=O)OCC2=NN=C(O2)C3=CC=CO3)OC
D01034,CC(C(=O)C1=CC2=C(CCC2)C=C1)OC(=O)COC3=CC=CC=C3Cl
D01035,CC1=CC(=NO1)NC(=O)CSC2=NC3=CC=CC=C3N2C(C)C
D01036,CC(C(=O)C1=CC=C(C=C1)OC)OC(=O)C2=CC3=C(C=C2)SCCC(=O)N3
D01037,CCC1=CC=CC(=C1NC(=O)CSC2=C(C=CC=C2Cl)Cl)C
D01038,CCC1=C(SC(=C1)C(=O)OCC(=O)NCC2=CC=C(C=C2)C(=O)OC)C
D01039,CCC1=C(SC(=C1)C(=O)OCC(=O)NC2=C(C(=CC=C2)Cl)Cl)C
D01040,CCCNC(=O)COC(=O)C1=C(C=CC(=C1)S(=O)(=O)C)C
D01041,C1CSC2=C(C=C(C=C2)C(=O)OCC(=O)NC3=C(C=CC(=C3)F)F)NC1=O
D01042,C1=CC=C(C(=C1)OCC(=O)OCC(=O)NC2=CC3=C(C=C2)OC(O3)(F)F)Cl
D01043,C1CC1NC(=O)NC(=O)COC(=O)C2=CC=C(S2)C3=CC=C(C=C3)Cl
D01044,CCC1=NC2=CC=CC=C2C(=C1C)C(=O)OC(C)C(=O)NC3CC3
D01045,CCOC(=O)C1=C(NC(=C1C(=O)COC(=O)COC2=CC=CC=C2Cl)C)C
D01046,CCOC1=CC=CC2=C1OC(=C2)C(C)NC(=O)CNC(=O)CC34CC5CC(C3)CC(C5)C4
D01047,CC(C(=O)NC1CCCC1)OC(=O)CN(C)S(=O)(=O)C2=CC=C(C=C2)F
D01048,CCCOC1=CC=CC=C1NC(=O)C2=CC3=NC=CN=C3C=C2
D01049,CC(C(=O)C1=CC2=C(CCC2)C=C1)OC(=O)COC3=CC=CC=C3Cl
D01050,CCC(C1=CC=C(C=C1)C)NC(=O)COC(=O)COC2=CC=CC=C2Cl
D01051,CN(CC(=O)OCC(=O)NC1=CC=CC(=C1)C#N)S(=O)(=O)C2=CC=C(C=C2)F
D01052,CC(C(=O)C1=CC=C(C=C1)OC)OC(=O)C2=CC3=C(C=C2)SCCC(=O)N3
D01053,CCC1=C(SC(=C1)C(=O)OCC(=O)NC2=C(C=C(C=C2)OC)[N+](=O)[O-])C
D01054,CCC1=NC2=CC=CC=C2C(=C1C)C(=O)OCC(=O)NC3=C(C=C(C=C3Cl)C)C
D01055,CC1=C(C=C(C=C1)S(=O)(=O)N2CCOCC2)NC(=O)COC(=O)CCC(C)C
D01056,CC1CCCCC1NC(=O)COC(=O)CNS(=O)(=O)C2=CC3=C(CCCC3)C=C2
D01057,CC(C1=C(C=C(C=C1)F)F)NC(=O)COC2=CC=CC=C2Br
D01058,CC(C(=O)NC1=CC=CC=C1Cl)OC(=O)C2=CC(=CC=C2)NC(=O)C
D01059,C1=CC=C(C(=C1)OCC(=O)NC2=CC=CC(=C2)C#N)Br
D01060,CC(C(=O)NC1CCCC1)OC(=O)CN(C)S(=O)(=O)C2=CC=C(C=C2)F
D01061,CC1=C(C=C(O1)COC(=O)C2=CC3=C(C=C2)SCCC(=O)N3)C(=O)OC
D01062,CC(C(=O)NC1=CC=CC2=CC=CC=C21)OC(=O)COC3=CC=CC=C3Cl
D01063,CC(C)(C)C1=CC=C(C=C1)SCC(=O)NCCC2=CC(=C(C=C2)OC)OC
D01064,CC(C)(C)C1=CC=C(C=C1)SCN2C(=O)C3=CC=CC=C3N=N2
D01065,CC1=CC(=CC(=C1)N2C=CN=C2SCC(=O)N(C)CCC#N)C
D01066,CC1=CC=C(C=C1)C2=NN(C=C2C(=O)OCC(=O)NC3=NOC(=C3)C)C4=CC=CC=C4
D01067,CC(C)CCC(=O)OC(C)C(=O)NC1=CC=C(C=C1)NC(=O)C
D01068,CC1=CC=C(C=C1)NC(=O)COC(=O)CNS(=O)(=O)C2=CC3=C(CCCC3)C=C2
D01069,CC(C)C(C(=O)NC(=O)N)OC(=O)COC1=CC=CC=C1Cl
D01070,C1=CC=C(C(=C1)OCC(=O)OCC(=O)NC2=CC3=C(C=C2)OC(O3)(F)F)Cl
D01071,C1=CC=C(C=C1)OC2=CC=CC=C2COC(=O)COC3=CC=CC=C3Cl
D01072,CC(C)(C)C1=CC=C(C=C1)SCC(=O)NC2=CC(=CC=C2)S(=O)(=O)N(C)C
D01073,CCC1=CC=CC=C1NC(=O)COC(=O)COC2=CC=CC=C2Cl
D01074,CC1=CC=C(C=C1)C2=NN(C=C2C(=O)OCC(=O)NC3=NOC(=C3)C)C4=CC=CC=C4
D01075,C1CS(=O)(=O)CC1NC(=O)COC(=O)COC2=CC=CC=C2Cl
D01076,C1CCC(CC1)[NH2+]CC2=C(C=CC=C2Cl)F
D01077,C1=CC=C(C(=C1)NC(=O)CCC(=O)C2=CC=CS2)O
D01078,CCC1=C(SC(=C1)C(=O)OCC(=O)NCC2=CC=C(C=C2)C(=O)OC)C
D01079,CCOC(=O)N1CCN(CC1)C(=O)COC(=O)C2=C(C=CC(=C2)S(=O)(=O)C)C
D01080,CCOC1=C(C=C2C(=C1)CC(O2)C)CNC(=O)CC3=CC=C(S3)S(=O)(=O)N4CCCC4
D01081,CC1CCCCC1NC(=O)COC(=O)C2=C(C=CC(=C2)S(=O)(=O)C)C
D01082,C1=CC=C(C(=C1)NC(=O)COC2=CC=CC=C2Br)OC(F)F
D01083,C1CC(C2=CC=CC=C2C1)NC(=O)COC3=CC=CC=C3Br
D01084,CN(CC1=CC=C(C=C1)OC)C(=O)NC2=CN=CC=C2
D01085,C1=CC(=CC(=C1)Br)CNC2=NN=N[N-]2
D01086,CCOC1=C(C=C2C(=C1)CC(O2)C)CNC(=O)CC3=CC=C(S3)S(=O)(=O)N4CCCC4
D01087,CCC1CCCCN1C(=O)CN2C(=O)C(NC2=O)(C)C3=CC=C(C=C3)OC
D01088,CC(C1=CC(=CC=C1)C(F)(F)F)NC(=O)C2=CC=C(C=C2)CNC(=O)C
D01089,CCC1=NC2=CC=CC=C2C(=C1C)C(=O)OC(C)C(=O)NCCC3=CCCCC3
D01090,CCC1=NC2=CC=CC=C2C(=C1C)C(=O)OC(C)C(=O)N3C(CCCC3C)C
D01091,CCC1=C(SC(=C1)C(=O)OCC(=O)NC2=CC=CC=C2C(=O)NCC(C)C)C
D01092,CC(CN1C(=O)C2=C(C=C(C=C2)C(=O)OC)N=C1SC(C)C(=O)N3CCCC3)O
D01093,CCC1=NC2=CC=CC=C2C(=C1C)C(=O)OC(C)C(=O)NC(C)CCC3=CC=CC=C3
D01094,CCOC1=C(C=C2C(=C1)CC(O2)C)CNC(=O)CC3=CC=C(S3)S(=O)(=O)N4CCCC4
D01095,CC(C1=CC=CS1)NC(=O)COC(=O)C2=CC3=C(C=C2)SCCC(=O)N3
D01096,CC1CCCCC1NC(=O)COC(=O)CNS(=O)(=O)C2=CC3=C(CCCC3)C=C2
D01097,CCCC1C(=O)N(C(=O)N1)CC2=CC=C(C=C2)C(=O)NC3=CC=CC=C3
D01098,CC(C(=O)NC1=CC=C(C=C1)C(=O)N)OC2=CC(=CC(=C2)Cl)Cl
D01099,CC1=C(C=C(C=C1)F)C(=O)OC(C)C(=O)NC2=NOC(=C2)C
D01100,CC(C)(C)C1=CC=C(C=C1)SCN2C(=O)C3=CC=CC=C3N=N2
D01101,CC(C(=O)NC1=CC=C(C=C1)C(=O)N)SC2=CC=C(C=C2)C(C)(C)C
D01102,CC(C(=O)C1=CC=C(C=C1)OC)OC(=O)C2=CC3=C(C=C2)SCCC(=O)N3
D01103,CC1=CC(=C(C=C1NC(=O)CSC2=CC=C(C=C2)C(C)(C)C)OC)[N+](=O)[O-]
D01104,C1=CC(=C(C(=C1)Cl)SCC(=O)NC2=C(C=CS2)C#N)Cl
D01105,CC1=C(C=C(C=C1)S(=O)(=O)C)C(=O)OCC(=O)NC2=CC(=C(C=C2)C)F
D01106,COC1=C(C=C(C=C1)C2=NC(=CS2)C(=O)NCC(=O)OC)OC
D01107,CC1=C(C=C(C=C1)C(C)NC(=O)COC(=O)C2=CC3=C(C=C2)SCCC(=O)N3)C
D01108,CC1=CC=C(C=C1)C2=NN(C=C2C(=O)OCC(=O)NC3=NOC(=C3)C)C4=CC=CC=C4
D01109,CCC1=NC2=CC=CC=C2C(=C1C)C(=O)OC(C)C(=O)NC(C)CCC3=CC=CC=C3
D01110,CC(C(=O)NC1CCCC1)OC(=O)CN(C)S(=O)(=O)C2=CC=C(C=C2)F
D01111,COC(=O)C1=CC2=C(C=C1)C(=O)N(C(=N2)SCC#N)CC3CCCO3
D01112,CCC1=NC2=CC=CC=C2C(=C1C)C(=O)OCC(=O)C3=CC=CC=C3Cl
D01113,CC(C)(C)C1=CC=C(C=C1)SCC(=O)N2CCNC2=O
D01114,CC(C)C(C(=O)NC(=O)N)OC(=O)COC1=CC=CC=C1Cl
D01115,CC(C)C(C)NC(=O)COC(=O)CN(C)S(=O)(=O)C1=CC=C(C=C1)F
D01116,CC1=CC=C(C=C1)C2=NN(C=C2C(=O)OCC(=O)NC3=NOC(=C3)C)C4=CC=CC=C4
D01117,CC(CN1C(=O)C2=C(C=C(C=C2)C(=O)OC)N=C1SCC(=O)N)O
D01118,CCNC(=O)NC(=O)COC(=O)C1=C(C=CC(=C1)S(=O)(=O)C)C
D01119,CC(C(=O)NC1=CC=C(C=C1)C(=O)N)SC2=CC=C(C=C2)C(C)(C)C
D01120,CC1CCN(CC1)C(=O)COC(=O)C2=CN(N=C2C3=CC=C(C=C3)C)C4=CC=CC=C4
D01121,C1CC1NC(=O)NC(=O)COC(=O)C2=CC=C(S2)C3=CC=C(C=C3)Cl
D01122,CCNC(=O)NC(=O)CSC1=NN=C(S1)SCC2=CC=C(C=C2)C(C)C
D01123,C1CC(C2=CC=CC=C2C1)NC(=O)COC3=CC=CC=C3Br
D01124,CC(C(=O)C1=CC=C(C=C1)OC)OC(=O)C2=CC3=C(C=C2)SCCC(=O)N3
D01125,C1=COC(=C1)C(=O)NC2=NNC(=N2)C3=CC=C(C=C3)F
D01126,CC1=CC=C(C=C1)NC(=O)COC(=O)CNS(=O)(=O)C2=CC3=C(CCCC3)C=C2
D01127,CCC1=NC2=CC=CC=C2C(=C1C)C(=O)OCC(=O)NC(C)(C#N)C3CC3
D01128,CC1=C(C2=CC=CC=C2N1)C(=O)C(C)OC(=O)COC3=CC=CC=C3Cl
D01129,CC1CCCC(N1C(=O)COC(=O)C2=CC3=C(C=C2)SCCC(=O)N3)C
D01130,CCOC1=C(C=C2C(=C1)CC(O2)C)CNC(=O)CC3=CC=C(S3)S(=O)(=O)N4CCCC4
D01131,CCCN1C(=NN=N1)COC2=C(C=C(C=C2[N+](=O)[O-])C)C
D01132,C1CN(CCC1C(=O)N)C(=O)COC(=O)C2=CC=C(S2)C3=CC=C(C=C3)Cl
D01133,CC(C1=CC=CS1)NC(=O)COC(=O)C2=CC3=C(C=C2)SCCC(=O)N3
D01134,CC1=CC=C(C=C1)OCCCC(=O)N2CCC3=CC(=C(C=C3C2CC(=O)OC)OC)OC
D01135,CC(C(=O)NCC1=CC=C(C=C1)OC)SC2=C(C=CC=C2Cl)Cl
D01136,C1=CC=C(C(=C1)NC(=O)COC2=CC=CC=C2Br)OC(F)F
D01137,COC(=O)C1=CC2=C(C=C1)C(=O)N(C(=N2)SCC3CCOCO3)CC4=CC=CO4
D01138,CC1CCCCC1NC(=O)COC(=O)CNS(=O)(=O)C2=CC3=C(CCCC3)C=C2
D01139,CC1=CC=C(C=C1)OCCOC(=O)CN(C)S(=O)(=O)C2=CC=C(C=C2)F
D01140,CC(C)C(C(=O)NC(=O)N)OC(=O)CNS(=O)(=O)C1=CC2=C(CCCC2)C=C1
D01141,C1CCC(CC1)[NH2+]CC2=C(C=CC=C2Cl)Cl
D01142,CCOC(=O)N1CCN(CC1)C(=O)COC(=O)C2=C(C=CC(=C2)S(=O)(=O)C)C
D01143,CCC1=NC2=CC=CC=C2C(=C1C)C(=O)OC(C)C(=O)NCCC3=CCCCC3
D01144,CC1=CC(=C(C(=O)N1)CNC(=O)C2=CC=CC=C2C(F)(F)F)C
D01145,C1=CC=C(C(=C1)OCC(=O)NC2=CC=C(C=C2)C#N)Br
D01146,CC(CN1C(=O)C2=C(C=C(C=C2)C(=O)OC)N=C1SCC=CC3=CC=CC=C3)O
D01147,CCC1=NC2=CC=CC=C2C(=C1C)C(=O)OC(C)C(=O)NCCC3=CCCCC3
D01148,CC1=CC(=NO1)NC(=O)COC(=O)C=CC2=CC(=C(C(=C2)Cl)OCC(C)C)OC
D01149,CC(C(=O)N1CCCC1)OC(=O)CN(C)S(=O)(=O)C2=CC=C(C=C2)F
D01150,CCC1=NC2=CC=CC=C2C(=C1C)C(=O)OCC3=CC(=CC=C3)Cl
D01151,CC(=O)NC1=C(C=CC(=C1)C(=O)COC(=O)C2=CC3=C(CCC3)C=C2)O
D01152,CC1=CC=C(C=C1)C2=NN(C=C2C(=O)OCC(=O)C3=CC=C(C=C3)F)C4=CC=CC=C4
D01153,C1=CC=C(C=C1)CCCNC(=O)COC2=CC=CC=C2Br
D01154,CC1CCN(CC1)C(=O)CSC2=NN=C3N2C4=CC=CC=C4C(=O)N3CC5=CC=CC=C5OC
D01155,C1=CC=C(C(=C1)OCC(=O)NC2=C(C=CC(=C2)Cl)F)Br
D01156,C1=CC=C(C(=C1)OCC(=O)NCC2=CC(=CC=C2)Cl)Br
D01157,C1=CC=C(C(=C1)C#N)NC(=O)COC(=O)C2=CC=C(S2)C3=CC=C(C=C3)Cl
D01158,CCC1=C(SC(=C1)C(=O)OCC(=O)NC2=CC=CC=C2F)C
D01159,CC1=C(C=CC2=C1OC(=O)C=C2COC(=O)CCC(C)C)O
D01160,C1CSC2=C(C=C(C=C2)C(=O)OCCOC3=CC=CC=C3F)NC1=O
D01161,CCC1=C(SC(=C1)C(=O)OCN2C(=O)C3=CC=CC=C3N=N2)C
D01162,CCCOC1=C(C=C(C=C1Cl)C=CC(=O)OCC2=CC=C(C=C2)C#N)OC
D01163,CC(C)(C)C1=CC=C(C=C1)SCC(=O)NCCC2=CC(=C(C=C2)OC)OC
D01164,CC(C(=O)NC1=CC=CC=C1Cl)OC(=O)C2=CC(=CC=C2)NC(=O)C
D01165,C1=CC=C2C(=C1)C=CN(C2=O)CC(=O)NC3=CC=C(C=C3)OC(F)F
D01166,CC1=C(OC2=C1C=C(C=C2)OC)C(=O)NC3=CC(=NN3C)C(C)(C)C
D01167,CCOC(=O)C1=C(SC(=C1CSC2=CC=C(C=C2)C(C)(C)C)C(=O)NC)N
D01168,CC1CCCC(C1C)NC(=O)C(C)OC(=O)CN(C)S(=O)(=O)C2=CC=C(C=C2)F
D01169,CC(C12CC3CC(C1)CC(C3)C2)NC(=O)COC(=O)COC4=CC=CC=C4Cl
D01170,CCC1=NC2=CC=CC=C2C(=C1C)C(=O)OC(C)C(=O)NC3=CC=CC=C3OC
D01171,COC1=C(C=C(C=C1)C2=NC(=CS2)C(=O)NCC(=O)OC)OC
D01172,CC(C)C(C(=O)NC(=O)N)OC(=O)COC1=CC=CC=C1Cl
D01173,CC1=C2C(=CC=C1)C(=O)N(C=N2)CCC(=O)NC3=CC=CC4=C3C=CC=N4
D01174,CC(C)(C)C1=CC=C(C=C1)SCN2C(=O)C3=CC=CC=C3N=N2
D01175,CC(C(=O)NC1=C(C(=C(C=C1)F)F)F)OC(=O)COC2=CC=CC=C2Cl
D01176,CC1=C(C=C(C=C1)S(=O)(=O)C)C(=O)OCC(=O)NCC23CC4CC(C2)CC(C4)C3
D01177,CC1=CC=CC=C1C=CC(=O)OC(C)C(=O)NC2=CC=C(C=C2)C(=O)C
D01178,COC1=CC=CC=C1C(=O)NC(=O)COC(=O)C2=CC3=C(C=C2)SCCC(=O)N3
D01179,COC1=CC(=CC(=C1OC)OC)CNC(=O)C2=C(C=CC(=C2)Cl)Cl
D01180,C1COCCN1S(=O)(=O)C2=CN=C(C=C2)SC3=NC4=CC=CC=C4S3
D01181,CCC1=C(SC(=C1)C(=O)OCC(=O)C(=C2NC3=CC=CC=C3N2)C#N)C
D01182,CC(C)C(C)NC(=O)CSC1=CC=C(C=C1)[N+](=O)[O-]
D01183,CCC1=NC2=CC=CC=C2C(=C1C)C(=O)OCC(=O)NC3=CC=CC=C3C(C)CC
D01184,COC(=O)C1=CC2=C(C=C1)C(=O)N(C(=N2)SCC#N)CC3CCCO3
D01185,CC1=C(C=C(C=C1)S(=O)(=O)C)C(=O)OCCOC2=CC=C(C=C2)Br
D01186,CCC1=CC=CC=C1NC(=O)CNC(=O)C2=CC(=CC=C2)NC(=O)C
D01187,C1CCC(CC1)[NH2+]CC2=C(C=CC=C2Cl)Cl
D01188,CC(C)(C)NC(=O)CSC1=NN=NN1CC2CCCO2
D01189,CC1=CC=CC=C1C=CC(=O)OCC(=O)NC(C)C2=CC=CC=C2Br
D01190,C#CCNC(=O)N1CCN(CC1)C2=CC=C(C=C2)F
D01191,CC1=CC=CC=C1C=CC(=O)OCC(=O)NC2CCCC3=CC=CC=C23
D01192,C1=CC=C(C(=C1)OCC(=O)OCC(=O)NC2=CC3=C(C=C2)OC(O3)(F)F)Cl
D01193,CCC1=NC2=CC=CC=C2C(=C1C)C(=O)OC(C)C(=O)C3=C(NC4=CC=CC=C43)C
D01194,CCC1=C(SC(=C1)C(=O)OCC(=O)NC2=CC=CC=C2F)C
D01195,CC(C)(C)C(=O)CSC1=NC2=C(C=CC(=C2)C(=O)OC)C(=O)N1CC3=CC=CO3
D01196,CCCN1C(=O)C(=CC2=CC=CC=C2F)NC1=S
D01197,CN(C1=CC=CC=C1)C(=O)CN2C3=CC=CC=C3N=CC2=O
D01198,CC1=CC=C(C=C1)C2=NN(C=C2C(=O)OCC(=O)NC3=NOC(=C3)C)C4=CC=CC=C4
D01199,CCC1=NC2=CC=CC=C2C(=C1C)C(=O)OCC(=O)NC3=C(C=CC(=C3)Cl)C
D01200,C1CC(C2=CC=CC=C2C1)NC(=O)COC3=CC=CC=C3Br
D01201,CCC1=CC=CC=C1NC(=O)CNC(=O)C2=CC(=CC=C2)NC(=O)C
D01202,CC1=CC(=C(C(=C1)C)C(=O)COC(=O)C2=CC3=C(C=C2)SCCC(=O)N3)C
D01203,CC(C)C(C)(C#N)NC(=O)COC(=O)C1=CC2=C(C=C1)SCCC(=O)N2
D01204,CC1CCN(CC1)C(=O)COC(=O)C2=CN(N=C2C3=CC=C(C=C3)C)C4=CC=CC=C4
D01205,C1=CC=C(C=C1)C2=CSC(=N2)C3=CSC=C3
D01206,CCC1=NC2=CC=CC=C2C(=C1C)C(=O)OC(C)C(=O)NC3CC3
D01207,CC(C(=O)NC1=CC=CC=C1)OC(=O)CN(C)S(=O)(=O)C2=CC=C(C=C2)F
D01208,C1=CC=C(C(=C1)OCC(=O)OCC(=O)NC2=CC3=C(C=C2)OC(O3)(F)F)Cl
D01209,C1CSC2=C(C=C(C=C2)C(=O)OCC(=O)C3=CC=CC=C3F)NC1=O
D01210,COCCNC(=O)N1CCN(CC1)C2=CC=CC=C2Cl
D01211,CC1=C(C=C(C=C1)S(=O)(=O)C)C(=O)OCC(=O)C2=C(C=CC(=C2)F)OC
D01212,CC(CN1C(=O)C2=C(C=C(C=C2)C(=O)OC)N=C1SCC3=CC(=CC=C3)F)O
D01213,CCC1=NC2=CC=CC=C2C(=C1C)C(=O)OCC3=CC(=CC4=C3OCOC4)Cl
D01214,C1CSC2=C(C=C(C=C2)C(=O)OCC(=O)NC3=CC=CC=C3C#N)NC1=O
D01215,CC(C(=O)NC1CC1)OC(=O)CNS(=O)(=O)C2=CC3=C(CCCC3)C=C2
D01216,CCC1=C(SC(=C1)C(=O)OCC(=O)NC2=C(C=C(C=C2)OC)[N+](=O)[O-])C
D01217,CCC1=C(SC(=C1)C(=O)OCC(=O)NC2=CC=CC=C2C(=O)NCC(C)C)C
D01218,CC1=CC=C(C=C1)NC(=O)COC(=O)CNS(=O)(=O)C2=CC3=C(CCCC3)C=C2
D01219,CC(C)C(C)(C#N)NC(=O)COC1=CC=CC=C1Br
D01220,CCC1=CC(=C(C=C1)CC)C(=O)COC(=O)C2=C(C=CC(=C2)S(=O)(=O)C)C
D01221,CC1=C(C=C(C=C1)S(=O)(=O)N2CCCCC2)NC(=O)COC(=O)CCC(C)C
D01222,CCOC1=C(C=C2C(=C1)CC(O2)C)CNC(=O)CC3=CC=C(S3)S(=O)(=O)N4CCCC4
D01223,C1=CC=C(C(=C1)C(F)(F)F)NC(=O)COC(=O)COC2=CC=CC=C2Cl
D01224,C1=CC=C(C=C1)N(CC#N)C(=O)COC(=O)C2=CC=C(S2)C3=CC=C(C=C3)Cl
D01225,CC1=C(C=C(C=C1)S(=O)(=O)C)C(=O)OC(C)C2=CC=CC=C2
D01226,CC1=CC(=C(C(=O)N1)CNC(=O)C2=CC=CC=C2C(F)(F)F)C
D01227,CC(C(=O)NC1=CC=CC=C1Cl)OC(=O)C2=CC(=CC=C2)NC(=O)C
D01228,CC1=CC=C(C=C1)C(=O)NCC2=CC=C(C=C2)CN3CCOCC3
D01229,C1=CC=C2C(=C1)C=CN(C2=O)CC(=O)NC3=CC=C(C=C3)OC(F)F
D01230,CCCOC1=C(C=C(C=C1Cl)C=CC(=O)OCC2=CC=C(C=C2)C#N)OC
D01231,CCCOC1=C(C=C(C=C1Cl)C=CC(=O)OCC(=O)N2CC(OC(C2)C)C)OC
D01232,C1=CC=C(C(=C1)NC(=O)COC2=CC=CC=C2Br)OC(F)F
D01233,CCOC(=O)C1=C(SC(=C1CSC2=CC=C(C=C2)C(C)(C)C)C(=O)NC)N
D01234,CC1=C(C2=CC=CC=C2N1)C(=O)C(C)OC(=O)COC3=CC=CC=C3Cl
D01235,CC1=CN=C(S1)NC(=O)C2=CC3=C(S2)N=C4N3C=CS4
D01236,CCC1=C(SC(=C1)C(=O)OCC(=O)NC2=CC=CC=C2F)C
D01237,CC(C(=O)NC1=CC=CC=C1Cl)OC(=O)C2=CC(=CC=C2)NC(=O)C
D01238,CCC1=NC2=CC=CC=C2C(=C1C)C(=O)OC(C)C(=O)N(C)CC3=CC=CC=C3
D01239,CCC1CCCCN1C(=O)COC(=O)C2=CC3=C(C=C2)SCCC(=O)N3
D01240,C1=CC=C(C(=C1)NC(=O)COC2=CC=CC=C2Br)OC(F)F
D01241,CN(C1=CC=CC=C1)C(=O)CN2C3=CC=CC=C3N=CC2=O
D01242,CC(C(=O)NC1=CC=CC2=CC=CC=C21)OC(=O)COC3=CC=CC=C3Cl
D01243,CC1=C(C=CC(=C1)NC(=O)COC(=O)CCC(C)C)Br
D01244,CC1=CC=CC=C1C=CC(=O)OC(C)C(=O)NC2=CC=C(C=C2)NC(=O)C
D01245,C1CN(C2=CC=CC=C21)C(=O)C3=CC=C(C=C3)N4C=NN=N4
D01246,CC(C)CCC(=O)OCC(=O)NC1(CCCCC1)C#N
D01247,C=CCNC1=NN=C(S1)SCC2=CC=CC3=C2N=CC=C3
D01248,C1=CC=C2C(=C1)C=CN(C2=O)CC(=O)NC3=CC=C(C=C3)OC(F)F
D01249,C1=CC=C2C(=C1)C(C3=CC=CC=C32)OC(=O)COC4=CC=CC=C4Cl
D01250,CC(C)CCC(=O)OCC(=O)NC1(CCCCC1)C#N
D01251,CC(CN1C(=O)C2=C(C=C(C=C2)C(=O)OC)N=C1SCC3=CC(=CC=C3)F)O
D01252,CN(CC(=O)OCC1=CC=C(O1)C(=O)OC)S(=O)(=O)C2=CC=C(C=C2)F
D01253,CC1=C(C=C(C=C1)S(=O)(=O)C)C(=O)OCCOC2=CC=C(C=C2)Br
D01254,COC(=O)C1=CC2=C(C=C1)C(=O)N(C(=N2)SC3CCCCC3=O)CC4CCCO4
D01255,CC1=CC=C(C=C1)C2=NN(C=C2C(=O)OC(C)C#N)C3=CC=CC=C3
D01256,CCC1=NC2=CC=CC=C2C(=C1C)C(=O)OCC(=O)NC3=C(C=C(C=C3Cl)C)C
D01257,CCNC(=O)NC(=O)CSC1=NN=C(S1)SCC2=CC=C(C=C2)C(C)C
D01258,CCC1=C(SC(=C1)C(=O)OCC(=O)NC2=CC=CC=C2F)C
D01259,CC(C(=O)NCC1=CC=CO1)OC(=O)C2=CC3=C(C=C2)SCCC(=O)N3
D01260,CC(C(=O)C1=CC=C(C=C1)OC)OC(=O)C2=CC3=C(C=C2)SCCC(=O)N3
D01261,CC(C)CCC(=O)OCC(=O)NC1=CC=CC=C1CC2=CC=CC=C2
D01262,CC(C(=O)NC(=O)NC)OC(=O)COC1=CC=CC=C1Cl
D01263,C1CCC(CC1)[NH2+]CC2=C(C=CC=C2Cl)F
D01264,CC(C)(C)C1=CC=C(C=C1)SCC(=O)NC2=CC=C(C=C2)C(=O)N
D01265,CN(CC(=O)OCC(=O)NC1=CC=CC(=C1)C#N)S(=O)(=O)C2=CC=C(C=C2)F
D01266,CC(C(=O)C1=CC=C(C=C1)OC)OC(=O)C2=CC3=C(C=C2)SCCC(=O)N3
D01267,CCC1=NC2=CC=CC=C2C(=C1C)C(=O)OC(C)C(=O)NC3=C(C(=C(C=C3)F)F)F
D01268,CC(C)C(C(=O)NC(=O)N)OC(=O)CNS(=O)(=O)C1=CC2=C(CCCC2)C=C1
D01269,CC(C(=O)NC1=CC=C(C=C1)C(=O)N)SC2=CC=C(C=C2)C(C)(C)C
D01270,C1CCC2=C(C1)C=CC(=C2)S(=O)(=O)NCC(=O)OCC(=O)NC3CC3
D01271,C1=CC(=C(C=C1C2=CC=C(O2)CO)C(=O)[O-])Cl
D01272,CCCN1C(=O)C(=CC2=CC=CC=C2F)NC1=S
D01273,CC1=CC=C(C=C1)N(CCC#N)C(=O)COC(=O)COC2=CC=CC=C2Cl
D01274,CC1=C(OC2=C1C=C(C=C2)OC)C(=O)NC3=CC(=NN3C)C(C)(C)C
D01275,CC(C)NC(=O)CNC(=O)C1=CC=CC=C1C2=CC=CC=C2
D01276,CC(C)(C)C1=CC=C(C=C1)SCC(=O)NNC(=O)C2=CC=CC=C2
D01277,CCC1=NC2=CC=CC=C2C(=C1C)C(=O)OC(C)C(=O)NC3=CC=CC(=C3)C#N
D01278,C1=CC=C(C(=C1)OCC(=O)NC2=CC=C(C=C2)C#N)Br
D01279,CC(C)CCC(=O)OC(C)C(=O)NC1=CC=C(C=C1)S(=O)(=O)NC(C)C
D01280,CC1=C(C=C(C=C1)S(=O)(=O)C)C(=O)OCC(=O)NCCC(C)C
D01281,C1=CC=C(C(=C1)OCC(=O)NC2=CC=CC(=C2)C#N)Br
D01282,CCOC1=CC=CC2=C1OC(=C2)C(C)NC(=O)CNC(=O)CC34CC5CC(C3)CC(C5)C4
D01283,CCN(CC1=CC=CC=C1)C(=O)COC(=O)CN(C)S(=O)(=O)C2=CC=C(C=C2)F
D01284,CC1=CC=C(C=C1)NC(=O)COC(=O)CNS(=O)(=O)C2=CC3=C(CCCC3)C=C2
D01285,CC1=NN(C(C1)(C2=CC=CC=C2)O)C(=O)CSC3=NN=C(S3)SCC(=O)N4C(CC(=N4)C)(C5=CC=CC=C5)O
D01286,CCC(C1=CC=C(C=C1)C)NC(=O)COC(=O)COC2=CC=CC=C2Cl
D01287,CC(=O)NNC(=O)COC(=O)C1=CC=C(S1)C2=CC=C(C=C2)Cl
D01288,C1CCC(C1)NC(=O)NC(=O)COC2=CC=CC=C2Br
D01289,CCC1=CC=C(C=C1)NC(=O)C(C)OC(=O)COC2=CC=CC=C2Cl
D01290,C#CCNC(=O)N1CCN(CC1)C2=CC=C(C=C2)F
D01291,CC1=CC=C(C=C1)C2=NN(C=C2C(=O)OCC(=O)C3=CC=CN3)C4=CC=CC=C4
D01292,CCCCC1=CC=C(C=C1)NC(=O)COC(=O)COC2=CC=CC=C2Cl
D01293,C1=CC=C(C(=C1)OCC(=O)NC2=C(C=CC(=C2)Cl)N3C=NC=N3)Br
D01294,CCC1=NC2=CC=CC=C2C(=C1C)C(=O)OC(C)C(=O)NCCC3=CCCCC3
D01295,CC(C)CC(=O)N1CCN(CC1)C2=C(C(=O)N(N=C2)C3=CC=CC=C3)Cl
D01296,CCNC(=O)NC(=O)COC(=O)C1=C(C=CC(=C1)S(=O)(=O)C)C
D01297,CC1CCCCC1NC(=O)COC(=O)C2=C(C=CC(=C2)S(=O)(=O)C)C
D01298,CC1=C(C(=NN1C2=CC=C(C=C2)C(=O)NC3CC3)C)Cl
D01299,CCC1=NC2=CC=CC=C2C(=C1C)C(=O)OCC(=O)C3=CC=CC=C3Cl
D01300,CC(C(=O)NC1=CC=C(C=C1)C(=O)N)OC2=CC(=CC(=C2)Cl)Cl
D01301,CCC1=NC2=CC=CC=C2C(=C1C)C(=O)OC(C)C3=CC=CC=C3Cl
D01302,CCC1=NC2=CC=CC=C2C(=C1C)C(=O)OCC(=O)C3=CC=CC=C3Cl
D01303,COC1=CC=C(C=C1)NC(=O)CSC2=C(C=CC=C2Cl)Cl
D01304,CC(C#N)OC(=O)CNS(=O)(=O)C1=CC2=C(CCCC2)C=C1
D01305,CC1=CC(=C(N1CC2CCCO2)C)C(=O)COC3=CC=CC=C3Br
D01306,CC(C(=O)NCC1=CC2=C(C=C1)OCO2)SC3=C(C=CC=C3Cl)Cl
D01307,CCS(=O)(=O)C(C)C(=O)NC1=C(C=C(C(=C1)C)Cl)OC
D01308,CCC1=C(SC(=C1)C(=O)OCC(=O)NCC2=CC=C(C=C2)C(=O)OC)C
D01309,CCC1=CC=CC(=C1NC(=O)CSC2=C(C=CC=C2Cl)Cl)C
D01310,CC(C)(C)C1=CC=C(C=C1)SCN2C(=O)C3=CC=CC=C3N=N2
D01311,CC(C(=O)NC1=CC=C(C=C1)F)OC(=O)COC2=CC=CC=C2Cl
D01312,C1CCC2=C(C1)C=CC(=C2)S(=O)(=O)NCC(=O)OCC(=O)N3CCOCC3
D01313,CC(C)(C)C1=CC=C(C=C1)SCC(=O)NNC(=O)C2=CC=CC=C2
D01314,CC(C(=O)NC1=CC=CC2=CC=CC=C21)OC(=O)COC3=CC=CC=C3Cl
D01315,CC(C(=O)NC1=CC=CC=C1OC)SC2=CC=C(C=C2)C(C)(C)C
D01316,CC(C(=O)NC1=CC=CC=C1Cl)OC(=O)C2=CC(=CC=C2)NC(=O)C
D01317,CCC1=NC2=CC=CC=C2C(=C1C)C(=O)OC(C)C(=O)NC3=CC=CC=C3OC
D01318,CC(C(=O)NC(=O)NC)OC(=O)COC1=CC=CC=C1Cl
D01319,CC1=CC=CC=C1C=CC(=O)OCC(=O)NC2CCCC3=CC=CC=C23
D01320,CCOC1=CC=CC2=C1OC(=C2)C(C)NC(=O)CNC(=O)CC34CC5CC(C3)CC(C5)C4
D01321,CC(C)CCC(=O)OCC1=NN=C(O1)C2=CC=C(C=C2)[N+](=O)[O-]
D01322,C1COCCN1S(=O)(=O)C2=CN=C(C=C2)SC3=NC4=CC=CC=C4S3
D01323,CC(C1=CC(=CC=C1)C(F)(F)F)NC(=O)C2=CC=C(C=C2)CNC(=O)C
D01324,CCCNC(=O)COC(=O)C1=C(C=CC(=C1)S(=O)(=O)C)C
D01325,CCOC(=O)NC(=O)COC(=O)CNS(=O)(=O)C1=CC2=C(CCCC2)C=C1
D01326,CCC1=C(SC(=C1)C(=O)OCC(=O)NC2=CC=CC=C2F)C
D01327,C1=CC=C2C(=C1)C=CN(C2=O)CC(=O)NC3=CC=C(C=C3)OC(F)F
D01328,CCC1=C(SC(=C1)C(=O)OCC(=O)NCC2=CC=C(C=C2)C(=O)OC)C
D01329,CC(C)C1=NN=C(N1CC2=CC=CO2)SC(C)C(=O)N3CCNC3=O
D01330,CC(C)CCC(=O)OC(C(C)C)C(=O)NC(=O)N
D01331,CC(C)N1C(=CC=N1)NC(=O)C(C)OC(=O)C2=CC=C(S2)C3=CC=C(C=C3)Cl
D01332,C1CCC(CC1)NC(=O)NC(=O)COC2=CC=CC=C2Br
D01333,CCCN1C(=O)C(=CC2=CC=CC=C2F)NC1=S
D01334,CC1CCCCC1NC(=O)COC(=O)CNS(=O)(=O)C2=CC3=C(CCCC3)C=C2
D01335,CC1=CC=C(C=C1)C2=NOC(=C2)NC(=O)CN3CCCC3
D01336,C1=CC(=C(C=C1Cl)Cl)CS(=O)(=O)CC(=O)N
D01337,CN(CC(=O)OCC(=O)NC1(CCCC1)C#N)S(=O)(=O)C2=CC=C(C=C2)F
D01338,CC(C(=O)NC1=CC=CC=C1Cl)OC(=O)C2=CC(=CC=C2)NC(=O)C
D01339,CCC1=NC2=CC=CC=C2C(=C1C)C(=O)OC(C)C(=O)NC3=C(C(=C(C=C3)F)F)F
D01340,CC(C(=O)NC1=CC=CC2=CC=CC=C21)OC(=O)COC3=CC=CC=C3Cl
D01341,C1COCCN1S(=O)(=O)C2=CN=C(C=C2)SC3=NC4=CC=CC=C4S3
D01342,C1CCC(CC1)[NH2+]CC2=C(C=CC=C2Cl)F
D01343,C1CC(OC1)C[NH2+]CC2=CC=C(C=C2)OCC3=CC=CC=C3
D01344,CCOC1=C(C=C2C(=C1)CC(O2)C)CNC(=O)CC3=CC=C(S3)S(=O)(=O)N4CCCC4
D01345,CCNC(=O)NC(=O)CSC1=NN=C(S1)SCC2=CC=C(C=C2)C(C)C
D01346,CC1=CC=C(C=C1)C2=NN(C=C2C(=O)OCC(=O)NC3=NOC(=C3)C)C4=CC=CC=C4
D01347,CCC1CCCCN1C(=O)CN2C(=O)C(NC2=O)(C)C3=CC=C(C=C3)OC
D01348,CC(C)C(C(=O)NC(=O)N)OC(=O)CNS(=O)(=O)C1=CC2=C(CCCC2)C=C1
D01349,CC1=C(C(=C(C=C1)[N+](=O)[O-])NC(=O)COC(=O)COC2=CC=CC=C2Cl)C
D01350,CC(C1=CC(=CC=C1)C(F)(F)F)NC(=O)C2=CC=C(C=C2)CNC(=O)C
D01351,CC1=CC(=C(N1C)C)C(=O)COC(=O)CNS(=O)(=O)C2=CC3=C(CCCC3)C=C2
D01352,C1=CC=C(C(=C1)OCC(=O)OCC(=O)NC2=CC3=C(C=C2)OC(O3)(F)F)Cl
D01353,C1=CC=C2C(=C1)C=CN(C2=O)CC(=O)NC3=CC=C(C=C3)OC(F)F
D01354,C1=CC=C(C(=C1)NC(=O)COC2=CC=CC=C2Br)OC(F)F
D01355,CC1CCCCC1NC(=O)COC(=O)C2=C(C=CC(=C2)S(=O)(=O)C)C
D01356,CC1CCN(CC1)C(=O)COC(=O)C2=CN(N=C2C3=CC=C(C=C3)C)C4=CC=CC=C4
D01357,C1CS(=O)(=O)CC1NC(=O)COC(=O)C2=CC=C(S2)C3=CC=C(C=C3)Cl
D01358,CCC1=C(SC(=C1)C(=O)OCC(=O)NC2=CC=CC=C2F)C
D01359,CC(CN1C(=O)C2=C(C=C(C=C2)C(=O)OC)N=C1SC(C)C(=O)N3CCCC3)O
D01360,CC1=CC=C(C=C1)OCCCC(=O)N2CCC3=CC(=C(C=C3C2CC(=O)OC)OC)OC
D01361,CCNC(=O)NC(=O)COC(=O)C1=C(C=CC(=C1)S(=O)(=O)C)C
D01362,CCC1=NC2=CC=CC=C2C(=C1C)C(=O)OCC(=O)C3=CC=CC=C3Cl
D01363,CN1C=CN=C1C(C2=CC(=CC=C2)OC)NC3=C4C=NN(C4=NC=N3)C5=CC=C(C=C5)F
D01364,CC1=CC(=C(C(=O)N1)CNC(=O)C2=CC=CC=C2C(F)(F)F)C
D01365,CCC(C)C(=NNC1=C(C=C(C=C1)[N+](=O)[O-])[N+](=O)[O-])C
D01366,CCC1=NC2=CC=CC=C2C(=C1C)C(=O)OC(C)C(=O)NC3CCCC4=CC=CC=C34
D01367,C1CC(CN(C1)C2=C(C=C(C=C2)[N+](=O)[O-])Cl)O
D01368,CNC(=O)COC(=O)C1=CC2=C(C=C1)SCCC(=O)N2
D01369,C1=CC=C(C(=C1)OCC(=O)NC2=CC=CC(=C2)C#N)Br
D01370,CCC1=NC2=CC=CC=C2C(=C1C)C(=O)OCC(=O)NC3=C(C=C(C=C3Cl)C)C
D01371,CCC1=C(SC(=C1)C(=O)OCC(=O)NC2=C(C=CC(=C2)[N+](=O)[O-])OC)C
D01372,C1=CC(=CC=C1C(=O)CN2C=NC3=C(C2=O)SC=C3)F
D01373,CC1=CC(=CC(=C1)C(=O)NNC2=CC=CC=C2[N+](=O)[O-])C
D01374,CC(C(=O)NCC1=CC=C(C=C1)OC)SC2=C(C=CC=C2Cl)Cl
D01375,CCCNC(=O)COC(=O)C1=C(C=CC(=C1)S(=O)(=O)C)C
D01376,CC(C)C(C(=O)NC(=O)N)OC(=O)CNS(=O)(=O)C1=CC2=C(CCCC2)C=C1
D01377,CN1C=C(C=N1)C=C2C(=O)N(C(=S)N2)CC3CCCO3
D01378,CCCOC1=CC=CC=C1NC(=O)C2=CC3=NC=CN=C3C=C2
D01379,CC1=CC=C(C=C1)C2=NN(C=C2C(=O)OC(C)C(=O)NC(=O)NC)C3=CC=CC=C3
D01380,CC(C)CCC(=O)OCC(=O)NC1(CCCCC1)C#N
D01381,CC1=CC(=C(C(=O)N1)CNC(=O)C2=C(C(=CC=C2)OC)OC)C
D01382,CC1=CC(=C(C(=O)N1)CNC(=O)C2=CC=CC=C2C(F)(F)F)C
D01383,CCC1=NC2=CC=CC=C2C(=C1C)C(=O)OC(C)C(=O)NCCC3=CCCCC3
D01384,CC(C(=O)NC1CCCC1)OC(=O)CN(C)S(=O)(=O)C2=CC=C(C=C2)F
D01385,C1CC2=C(C1)C=C(C=C2)NC(=O)COC(=O)COC3=CC=CC=C3Cl
D01386,CCC1=NC2=CC=CC=C2C(=C1C)C(=O)OC(C)C(=O)N3C(CCCC3C)C
D01387,CC(C)C(C(=O)NC(=O)N)OC(=O)CNS(=O)(=O)C1=CC2=C(CCCC2)C=C1
D01388,CCOC1=C(C=C2C(=C1)CC(O2)C)CNC(=O)CC3=CC=C(S3)S(=O)(=O)N4CCCC4
D01389,CCCCC1=CC=C(C=C1)NC(=O)COC(=O)COC2=CC=CC=C2Cl
D01390,CCC1=NC2=CC=CC=C2C(=C1C)C(=O)OCC(=O)C3=CC=CC=C3Cl
D01391,CC1=CC=C(C=C1)C(=O)NCC2=CC=C(C=C2)CN3CCOCC3
D01392,CC1CCN(CC1)C(=O)COC(=O)C2=CN(N=C2C3=CC=C(C=C3)C)C4=CC=CC=C4
D01393,CC(C1=C(C=C(C=C1)F)F)NC(=O)COC2=CC=CC=C2Br
D01394,CN(CC(=O)OCC1=CC=CC=C1Cl)S(=O)(=O)C2=CC=C(C=C2)F
D01395,CCC1=NC2=CC=CC=C2C(=C1C)C(=O)OC(C)C(=O)N(C)CC3=CC=CC=C3
D01396,CCC1=NC2=CC=CC=C2C(=C1C)C(=O)OC(C)C(=O)N3C(CCCC3C)C
D01397,C1COCCN1CCCNC(=O)C2=CC=C(C=C2)C3SCCS3
D01398,C1CCC(CC1)NC(=O)NC(=O)COC2=CC=CC=C2Br
D01399,CC1=CC(=C(N1C)C)C(=O)COC(=O)CNS(=O)(=O)C2=CC3=C(CCCC3)C=C2
D01400,CC1CCN(CC1)C(=O)COC(=O)C2=CN(N=C2C3=CC=C(C=C3)C)C4=CC=CC=C4
D01401,CC(C#N)OC(=O)CNS(=O)(=O)C1=CC2=C(CCCC2)C=C1
D01402,CC(C)(C)C1=CC=C(C=C1)SCC(=O)NN2C(=O)C3(CCCCC3)NC2=O
D01403,CN(CC1=CC=C(C=C1)OC)C(=O)NC2=CN=CC=C2
D01404,CCC1=C(SC(=C1)C(=O)OCC(=O)NC2=C(C=CC=C2C(C)C)C)C
D01405,CC(C)C(C)NC(=O)CSC1=CC=C(C=C1)[N+](=O)[O-]
D01406,CCOC1=CC=CC=C1COC(=O)CN(C)S(=O)(=O)C2=CC=C(C=C2)F
D01407,CC1=CC=C(C=C1)C2=NN(C=C2C(=O)OCC3=CC4=C(C=C3)OCO4)C5=CC=CC=C5
D01408,CC(C)C(C(=O)NC(=O)N)OC(=O)CNS(=O)(=O)C1=CC2=C(CCCC2)C=C1
D01409,CCC(CC)NC(=O)COC(=O)CNS(=O)(=O)C1=CC2=C(CCCC2)C=C1
D01410,CC1=C(C=C(C=C1)S(=O)(=O)C)C(=O)OC(C)C(=O)NC2=CC=C(C=C2)C(=O)C
D01411,CC(C(=O)NCC1=CC2=C(C=C1)OCO2)SC3=C(C=CC=C3Cl)Cl
D01412,CC(CN1C(=O)C2=C(C=C(C=C2)C(=O)OC)N=C1SCC=CC3=CC=CC=C3)O
D01413,CCNC(=O)NC(=O)COC(=O)C1=C(C=CC(=C1)S(=O)(=O)C)C
D01414,CCCC(C(=O)NC1=NOC(=C1)C)OC(=O)C2=CC=C(C=C2)N(C)C
D01415,CC(C12CC3CC(C1)CC(C3)C2)NC(=O)COC(=O)COC4=CC=CC=C4Cl
D01416,CCC(C1=CC=C(C=C1)C)NC(=O)COC(=O)COC2=CC=CC=C2Cl
D01417,CC(C)(C)C1=CC=C(C=C1)SCC(=O)N2CCNC2=O
D01418,CCCN1C(=O)C(=CC2=CC=CC=C2F)NC1=S
D01419,CN(C)C(=O)COC(=O)C1=CC=C(S1)C2=CC=C(C=C2)Cl
D01420,CC1CCC2=CC=CC=C2N1C(=O)COC(=O)C3=CC=CNC3=O
D01421,CC(C(=O)NC(=O)NC)OC(=O)C1=CC2=C(C=C1)SCCC(=O)N2
D01422,CC(C)C(C)NC(=O)CSC1=CC=C(C=C1)[N+](=O)[O-]
D01423,COC(=O)C1=CC2=C(C=C1)C(=O)N(C(=N2)SC3CCCCC3=O)CC4=CC=CO4
D01424,CC1=CC(=C(C(=C1)C)C(=O)COC(=O)C2=CC3=C(C=C2)SCCC(=O)N3)C
D01425,C1CC1NC(=O)NC(=O)COC(=O)C2=CC=C(S2)C3=CC=C(C=C3)Cl
D01426,CC(C)(C)C1=CC=C(C=C1)SCN2C(=O)C3=CC=CC=C3N=N2
D01427,C1=CC=C(C(=C1)C(F)(F)F)NC(=O)COC(=O)COC2=CC=CC=C2Cl
D01428,CC1=CC=CC=C1C=CC(=O)OC(C)C(=O)NC2=CC=C(C=C2)NC(=O)C
D01429,CCCN1C(=NN=N1)COC2=C(C=C(C=C2[N+](=O)[O-])C)C
D01430,CC(C(=O)NC1CC1)OC(=O)CNS(=O)(=O)C2=CC3=C(CCCC3)C=C2
D01431,CC1=C(C=C(C=C1)NC(=O)COC(=O)C2=CC3=C(C=C2)SCCC(=O)N3)Cl
D01432,CCCOC1=C(C=C(C=C1Cl)C=CC(=O)OCC2=CC=C(C=C2)C#N)OC
D01433,CCC1=NC2=CC=CC=C2C(=C1C)C(=O)OC(C)C(=O)NC3=CC=CC=C3OC
D01434,CC(CN1C(=O)C2=C(C=C(C=C2)C(=O)OC)N=C1SC(C)C(=O)N3CCCC3)O
D01435,CCC1=CC=C(C=C1)NC(=O)C(C)OC(=O)COC2=CC=CC=C2Cl
D01436,CCC1=C(SC(=C1)C(=O)OCC(=O)NC2=CC=CC=C2F)C
D01437,C1C(=O)N(C(=O)S1)CCNC(=O)COC(=O)COC2=CC=CC=C2Cl
D01438,CCC1=CC=CC=C1NC(=O)COC(=O)COC2=CC=CC=C2Cl
D01439,CCCN1C(=O)C(=CC2=CC=CC=C2F)NC1=S
D01440,CC(C)(C)C1=CC=C(C=C1)SCC(=O)NCCC#N
D01441,CCC1=NC2=CC=CC=C2C(=C1C)C(=O)OCC3=CC4=C(C=C3)OCO4
D01442,CC1=C(C=C(C=C1)Cl)NC(=O)CSC
D01443,CCCOC1=C(C=C(C=C1Cl)C=CC(=O)OCC2=CC=C(C=C2)C#N)OC
D01444,COC1=CC=C(C=C1)NC(=O)CSC2=C(C=CC=C2Cl)Cl
D01445,CC1=CC(=C(C(=C1)C)C(=O)COC(=O)C2=CC3=C(C=C2)SCCC(=O)N3)C
D01446,C1CCC(C1)NC(=O)COC(=O)C2=CC3=C(C=C2)SCCC(=O)N3
D01447,CC1=C(C=C(C=C1)S(=O)(=O)C)C(=O)OCC(=O)C2=C(C=CC(=C2)F)OC
D01448,C1CCC(C1)NC(=O)NC(=O)COC2=CC=CC=C2Br
D01449,COC1=C2C(=CC=C1)SC(=N2)NC(=O)C3=C(C=CC(=C3)[N+](=O)[O-])OC
D01450,CCS(=O)(=O)C(C)C(=O)NC1=C(C=C(C(=C1)C)Cl)OC
D01451,CCNC(=O)NC(=O)COC(=O)C1=C(C=CC(=C1)S(=O)(=O)C)C
D01452,CC1=CC(=C(C(=O)N1)CNC(=O)C2=CC=CC=C2C(F)(F)F)C
D01453,C1=CC=NC(=C1)CCNC(=O)CCC2=NC(=NO2)C3=CC=C(C=C3)F
D01454,C1=CC=C(C(=C1)NC(=O)COC2=CC=CC=C2Br)OC(F)F
D01455,CCCOC1=C(C=C(C=C1Cl)C=CC(=O)OC(C)C(=O)NC2CC2)OC
D01456,CCOC(=O)C1=C(SC(=C1CSC2=CC=C(C=C2)C(C)(C)C)C(=O)NC)N
D01457,C1=CC=C(C(=C1)NC(=O)CCC(=O)C2=CC=CS2)O
D01458,C1COCCN1S(=O)(=O)C2=CN=C(C=C2)SC3=NC4=CC=CC=C4S3
D01459,CCC1=NC2=CC=CC=C2C(=C1C)C(=O)OCC(=O)NC3=CC=CC=C3C(=O)N
D01460,CCC(C1=CC=C(C=C1)C)NC(=O)COC(=O)COC2=CC=CC=C2Cl
D01461,CC(C(=O)NCC1=CC2=C(C=C1)OCO2)SC3=C(C=CC=C3Cl)Cl
D01462,CN(CC(=O)OCC1=CC=C(O1)C(=O)OC)S(=O)(=O)C2=CC=C(C=C2)F
D01463,CC1=C(C=C(C=C1)S(=O)(=O)C)C(=O)OCC(=O)NCC23CC4CC(C2)CC(C4)C3
D01464,CC(C(=O)NC1=CC=CC=C1Cl)OC(=O)C2=CC(=CC=C2)NC(=O)C
D01465,C1CS(=O)(=O)CC1NC(=O)COC(=O)COC2=CC=CC=C2Cl
D01466,C1CSC2=C(C=C(C=C2)C(=O)OCCOC3=CC=CC=C3F)NC1=O
D01467,CC1=C(C=C(C=C1)C(=O)OCC(=O)NC2=CC=C(C=C2)SC)O
D01468,CCOC1=C(C=C2C(=C1)CC(O2)C)CNC(=O)CC3=CC=C(S3)S(=O)(=O)N4CCCC4
D01469,CC1=CC2=C(C=C1C)OC(=O)C=C2COC(=O)COC3=CC=CC=C3Cl
D01470,C1CCC2=C(C1)C=CC(=C2)S(=O)(=O)NCC(=O)OCC(=O)NC3CC3
D01471,CN(C1=CC=CC=C1)C(=O)CN2C3=CC=CC=C3N=CC2=O
D01472,C#CCNC(=O)N1CCN(CC1)C2=CC=C(C=C2)F
D01473,CC(C)COC1=C(C=C(C=C1Cl)C=CC(=O)OC2CCCCC2=O)OC
D01474,CCC1=NC2=CC=CC=C2C(=C1C)C(=O)OC(C)C(=O)N3C(CCCC3C)C
D01475,CCC1=NC2=CC=CC=C2C(=C1C)C(=O)OCC3=CC4=C(C=C3)OCO4
D01476,C1CS(=O)(=O)CC1NC(=O)COC(=O)C2=CC=C(S2)C3=CC=C(C=C3)Cl
D01477,CC1=C(C=C(C=C1)S(=O)(=O)C)C(=O)OCC(=O)NCCC(C)C
D01478,CC(C)(C)C1=CC=C(C=C1)SCC(=O)NC2=CC=C(C=C2)C(=O)N
D01479,CC1=C(C=C(C=C1)NC(=O)COC(=O)C2=CC3=C(C=C2)SCCC(=O)N3)Cl
D01480,CC(C)N1C(=CC=N1)NC(=O)C(C)SC2=C(C=CC=C2Cl)Cl
D01481,C1=CC=C2C(=C1)C=CN(C2=O)CC(=O)NC3=CC=C(C=C3)OC(F)F
D01482,CCOC1=C(C=C2C(=C1)CC(O2)C)CNC(=O)CC3=CC=C(S3)S(=O)(=O)N4CCCC4
D01483,CC(C)C(C(=O)NC(=O)N)OC(=O)C1=CC=C(S1)C2=CC=C(C=C2)Cl
D01484,CC1=CC(=C(C(=O)N1)CNC(=O)C2=CC=CC=C2C(F)(F)F)C
D01485,C1CN(CCN1CC2=CSC3=CC=CC=C32)C(=O)NCC4=CC=CC=N4
D01486,CC(CN1C(=O)C2=C(C=C(C=C2)C(=O)OC)N=C1SC(C)C(=O)N3CCCC3)O
D01487,CCC1=C(SC(=C1)C(=O)OCC(=O)NC2=C(C(=CC=C2)Cl)Cl)C
D01488,CC(C)(C)C1=CC=C(C=C1)SCN2C(=O)C3=CC=CC=C3N=N2
D01489,C1CC(OC1)C[NH2+]CC2=CC=C(C=C2)OCC3=CC=CC=C3
D01490,C#CCNC(=O)N1CCN(CC1)C2=CC=C(C=C2)F
D01491,CCC1=NC2=CC=CC=C2C(=C1C)C(=O)OC(C)C(=O)NC3CC3
D01492,CC1CCN(CC1)C(=O)COC(=O)C2=CN(N=C2C3=CC=C(C=C3)C)C4=CC=CC=C4
D01493,CC(C(=O)NC1=C(C(=C(C=C1)F)F)F)OC(=O)COC2=CC=CC=C2Cl
D01494,C1=CC=C2C(=C1)C(C3=CC=CC=C32)OC(=O)COC4=CC=CC=C4Cl
D01495,CC1=C(C=C(C=C1)S(=O)(=O)C)C(=O)OCC(=O)NC
D01496,CC(C1=CC(=CC=C1)C(F)(F)F)NC(=O)C2=CC=C(C=C2)CNC(=O)C
D01497,CC(CN1C(=O)C2=C(C=C(C=C2)C(=O)OC)N=C1SCC3=CC(=CC=C3)F)O
D01498,CC(C(=O)C1=CC=C(C=C1)OC)OC(=O)C2=CC3=C(C=C2)SCCC(=O)N3
D01499,CCC(C)(C)NC(=O)CN1CCN(CC1)C2=C(C=C(C=C2)C(=O)C)F
D01500,CNC(=O)COC(=O)C1=CC2=C(C=C1)SCCC(=O)N2
D01501,CC(C#N)(C1CC1)NC(=O)COC2=CC=CC=C2Br
D01502,CC1=CC(=C(C(=O)N1)CNC(=O)C2=C(C(=CC=C2)OC)OC)C
D01503,CCC1=C(SC(=C1)C(=O)OCC(=O)NC2=CC=C(C=C2)C#N)C
D01504,CC(C)C(C(=O)NC(=O)N)OC(=O)CNS(=O)(=O)C1=CC2=C(CCCC2)C=C1
D01505,CC1=C(C(=C(C=C1)[N+](=O)[O-])NC(=O)COC(=O)COC2=CC=CC=C2Cl)C
D01506,CC(C(=O)NC1CCCC1)OC(=O)CN(C)S(=O)(=O)C2=CC=C(C=C2)F
D01507,CC1=C(C=C(C=C1)S(=O)(=O)N2CCCCC2)NC(=O)COC(=O)CCC(C)C
D01508,COC1=C(C=C(C=C1)COC(=O)CNS(=O)(=O)C2=CC3=C(CCCC3)C=C2)F
D01509,CC1=CC(=NO1)NC(=O)CSC2=NC3=CC=CC=C3N2C(C)C
D01510,CC1=CC=C(C=C1)NC(=O)COC(=O)CNS(=O)(=O)C2=CC3=C(CCCC3)C=C2
D01511,CC1=C(C=C(C=C1)S(=O)(=O)C)C(=O)OCC(=O)C2=C(C=CC(=C2)F)OC
D01512,CC1=C(C(=NN1C2=CC=C(C=C2)C(=O)NC3CC3)C)Cl
D01513,CCC1=C(SC(=C1)C(=O)OCC(=O)NC2=C(C=C(C=C2)Cl)[N+](=O)[O-])C
D01514,CC1CCN(C2=CC=CC=C2S1)C(=O)COC3=CC=CC=C3Br
D01515,CC(C(=O)NC1=CC=CC=C1[N+](=O)[O-])OC2=CC(=CC(=C2)Cl)Cl
D01516,CC(C(=O)NC1=CC=CC=C1Cl)OC(=O)C2=CC(=CC=C2)NC(=O)C
D01517,C1=CNC(=C1)C(=O)COC(=O)C2=C(C=C(C=C2)F)Br
D01518,C1CC1NC(=O)NC(=O)COC(=O)C2=CC=C(S2)C3=CC=C(C=C3)Cl
D01519,CN(CC1=CC=CC=C1)C(=O)COC(=O)C2=CC3=C(C=C2)SCCC(=O)N3
D01520,CC(C(=O)NC1=C(C(=C(C=C1)F)F)F)OC(=O)COC2=CC=CC=C2Cl
D01521,C1CN(C2=CC=CC=C21)C(=O)C3=CC=C(C=C3)N4C=NN=N4
D01522,CC(=O)NC1=C(C=CC(=C1)C(=O)COC(=O)C2=CC3=C(CCC3)C=C2)O
D01523,CC1=CC=CC=C1C=CC(=O)OC(C)C(=O)NC2=CC=C(C=C2)C(=O)C
D01524,CC1CCCCC1NC(=O)COC(=O)CNS(=O)(=O)C2=CC3=C(CCCC3)C=C2
D01525,CCOC1=C(C=C2C(=C1)CC(O2)C)CNC(=O)CC3=CC=C(S3)S(=O)(=O)N4CCCC4
D01526,CC1CCCCC1NC(=O)COC(=O)CNS(=O)(=O)C2=CC3=C(CCCC3)C=C2
D01527,C1=CC=C(C(=C1)NC(=O)CCC(=O)C2=CC=CS2)O
D01528,CC1CCCCC1NC(=O)COC(=O)CNS(=O)(=O)C2=CC3=C(CCCC3)C=C2
D01529,CC1=C(C=C(C=C1)S(=O)(=O)NC(C2=CC=CC=C2)C3=NC=CN3C)C
D01530,CC(C1=CC=CS1)NC(=O)COC(=O)C2=CC3=C(C=C2)SCCC(=O)N3
D01531,CC1=C(C=C(C=C1)S(=O)(=O)C)C(=O)OCC(=O)NC(C)C2=C(C=C(C=C2)F)F
D01532,CC1=CC=C(C=C1)C(=O)NCC2=CC=C(C=C2)CN3CCOCC3
D01533,CC1=C(C=C(C=C1)Cl)NC(=O)CSC
D01534,CCC1=C(SC(=C1)C(=O)OCC(=O)NC2=CC=CC=C2F)C
D01535,CC1=C(C=C(C=C1)S(=O)(=O)C)C(=O)OCC(=O)NCCC2=CC=C(C=C2)Cl
D01536,C1CCC2=C(C1)C=CC(=C2)S(=O)(=O)NCC(=O)OCC(=O)NC3CC3
D01537,CC(C(=O)N)OC(=O)CNS(=O)(=O)C1=CC2=C(CCCC2)C=C1
D01538,CC(C(=O)NC1=CC=CC=C1[N+](=O)[O-])OC2=CC(=CC(=C2)Cl)Cl
D01539,CCC1=NC2=CC=CC=C2C(=C1C)C(=O)OCC(=O)N3CCC(=N3)C4=CC=CC=C4
D01540,CCC1=NC2=CC=CC=C2C(=C1C)C(=O)OC(C)C(=O)NC3CC3
D01541,CCCCC1=NOC(=N1)CS(=O)(=O)CC(=O)N
D01542,CC(CN1C(=O)C2=C(C=C(C=C2)C(=O)OC)N=C1SCC(=O)N)O
D01543,CC1=C(C=C(C=C1)NC(=O)COC(=O)C2=CC3=C(C=C2)SCCC(=O)N3)Cl
D01544,CC1=CC(=C(C(=C1)C)C(=O)COC(=O)C2=CC3=C(C=C2)SCCC(=O)N3)C
D01545,C1CCC(CC1)[NH2+]CC2=C(C=CC=C2Cl)F
D01546,CC1=C(C=C(C=C1)S(=O)(=O)C)C(=O)OCC(=O)NC(C)C2=C(C=C(C=C2)F)F
D01547,CC1CCC2=CC=CC=C2N1C(=O)CSC3=NN=C(S3)NCC=C
D01548,CC1=C(C=C(C=C1)C(=O)OCC(=O)NC2=CC=C(C=C2)SC)O
D01549,CCC1=NC2=CC=CC=C2C(=C1C)C(=O)OCC3=CC(=CC=C3)Cl
D01550,CCC1=NC2=CC=CC=C2C(=C1C)C(=O)OCC(=O)NC(C)(C#N)C3CC3
D01551,CC1=CC(=C(N1C)C)C(=O)COC(=O)CNS(=O)(=O)C2=CC3=C(CCCC3)C=C2
D01552,C1COCCN1S(=O)(=O)C2=CN=C(C=C2)SC3=NC4=CC=CC=C4S3
D01553,C1CC(=O)N(C1)C2=CC=C(C=C2)OCC(=O)N3CCC4=CC=CC=C43
D01554,CCC1=CC=CC=C1NC(=O)CNC(=O)C2=CC(=CC=C2)NC(=O)C
D01555,CC1=CSC2=NC(=CC(=O)N12)CNC(C)C3=CC=CC=C3
D01556,C1=CC(=CC=C1C(=O)CN2C=NC3=C(C2=O)SC=C3)F
D01557,CC1=CC=C(C=C1)N(CCC#N)C(=O)COC(=O)COC2=CC=CC=C2Cl
D01558,CCCOC1=C(C=C(C=C1Cl)C=CC(=O)OC(C)C(=O)NC2CC2)OC
D01559,CCC(CC)NC(=O)COC(=O)CNS(=O)(=O)C1=CC2=C(CCCC2)C=C1
D01560,CCCN1C(=O)C(=CC2=CC=CC=C2F)NC1=S
D01561,CC(C1=CC(=CC=C1)C(F)(F)F)NC(C)C(=O)NC2=CC=CC=C2OC
D01562,CC1CCN(CC1)C(=O)COC(=O)C2=CN(N=C2C3=CC=C(C=C3)C)C4=CC=CC=C4
D01563,COC1=CC2=CC=CC=C2C=C1C(=O)NC3=CC=C(C=C3)S(=O)(=O)N4CCCCC4
D01564,COC1=CC=CC(=C1)C2=NOC(=N2)COC(=O)C3=CC4=C(C=C3)SCCC(=O)N4
D01565,CCC1=NC2=CC=CC=C2C(=C1C)C(=O)OCC(=O)NC3=CC=CC=C3C(=O)N
D01566,C1=CC(=CC=C1C(=O)CN2C=NC3=C(C2=O)SC=C3)F
D01567,CCNC(=O)NC(=O)CSC1=NN=C(S1)SCC2=CC=C(C=C2)C(C)C
D01568,CC(C)C(C)NC(=O)CSC1=CC=C(C=C1)[N+](=O)[O-]
D01569,CC1CCCCC1NC(=O)COC(=O)CNS(=O)(=O)C2=CC3=C(CCCC3)C=C2
D01570,CCC1=C(SC(=C1)C(=O)OCC(=O)C(=C2NC3=CC=CC=C3N2)C#N)C
D01571,CC(C(=O)NC1CC1)OC(=O)CNS(=O)(=O)C2=CC3=C(CCCC3)C=C2
D01572,CCC1=NC2=CC=CC=C2C(=C1C)C(=O)OCC(=O)NC3=C(C=C(C=C3Cl)C)C
D01573,CCC1=NC2=CC=CC=C2C(=C1C)C(=O)OC(C)C(=O)C3=C(NC4=CC=CC=C43)C
D01574,CCC1=C(SC(=C1)C(=O)OCC(=O)NCC2=CC=C(C=C2)C(=O)OC)C
D01575,CC1CN(CC(O1)C)C(=O)COC(=O)C2=CC=C(S2)C3=CC=C(C=C3)Cl
D01576,C1=CC=C(C(=C1)OCC(=O)OCC(=O)NC2=CC3=C(C=C2)OC(O3)(F)F)Cl
D01577,C1CCC(CC1)[NH2+]CC2=C(C=CC=C2Cl)Cl
D01578,CN(CC(=O)OCC1=CC=CC=C1Cl)S(=O)(=O)C2=CC=C(C=C2)F
D01579,CCC1=CC=CC=C1NC(=O)COC(=O)COC2=CC=CC=C2Cl
D01580,C1=COC(=C1)C2=NN=C(O2)COC(=O)C3=CC=C(S3)C4=CC=C(C=C4)Cl
D01581,CC1=C(C=CC2=C1OC(=O)C=C2COC(=O)CCC(C)C)O
D01582,CCC1=NC2=CC=CC=C2C(=C1C)C(=O)OCC3=CC(=CC=C3)Cl
D01583,CCC1=CC=CC(=C1NC(=O)CSC2=C(C=CC=C2Cl)Cl)C
D01584,CC(=O)NNC(=O)COC(=O)C1=CC=C(S1)C2=CC=C(C=C2)Cl
D01585,CC(C)CCC(=O)OCC(=O)NC1=NC(=CS1)C2=C(C=CC(=C2)OC)OC
D01586,CC(C)(C)C1=CC=C(C=C1)SCC(=O)NN2C(=O)C3(CCCCC3)NC2=O
D01587,CC(C(=O)NC1=CC=C(C=C1)S(=O)(=O)N)SC2=CC=C(C=C2)C(C)(C)C
D01588,CCOC1=CC=CC=C1COC(=O)CN(C)S(=O)(=O)C2=CC=C(C=C2)F
D01589,CC(C(=O)N)OC(=O)CNS(=O)(=O)C1=CC2=C(CCCC2)C=C1
D01590,CC(C)C(C(=O)NC(=O)N)OC(=O)CNS(=O)(=O)C1=CC2=C(CCCC2)C=C1
D01591,CS(=O)(=O)CC1=CSC(=N1)CC2=CC=C(C=C2)Cl
D01592,CCOC1=C(C=C2C(=C1)CC(O2)C)CNC(=O)CC3=CC=C(S3)S(=O)(=O)N4CCCC4
D01593,CC1=CC=C(C=C1)C(=O)C(C)OC(=O)C2=CC3=C(C=C2)SCCC(=O)N3
D01594,CC1=CC=C(C=C1)C2=NC(=CS2)COC(=O)C3=CC4=C(C=C3)SCCC(=O)N4
D01595,COC(=O)C1=CC2=C(C=C1)C(=O)N(C(=N2)SC3CCCCC3=O)CC4CCCO4
D01596,CC1=CC(=C(C(=O)N1)CNC(=O)C2=CC=CC=C2C(F)(F)F)C
D01597,CCC1=CC2=C(C=C1)C(=CC(=O)O2)COC3=CC=CC=C3Br
D01598,CCC1=NC2=CC=CC=C2C(=C1C)C(=O)OCC(=O)C3=CC=CC=C3Cl
D01599,C1CN(CCC1C(=O)N)C(=O)COC(=O)C2=CC=C(S2)C3=CC=C(C=C3)Cl
D01600,C1=CC=C(C(=C1)NC(=O)COC2=CC=CC=C2Br)OC(F)F
D01601,C1=CC=C2C(=C1)C=C(S2)C(=O)NC3=CC=NC=C3
D01602,C1=CC(=CC=C1C(=O)CN2C=NC3=C(C2=O)SC=C3)F
D01603,C1CSC2=C(C=C(C=C2)C(=O)OCCOC3=CC=CC=C3F)NC1=O
D01604,C1=CC=C(C(=C1)OCC(=O)OCC(=O)NC2=CC3=C(C=C2)OC(O3)(F)F)Cl
D01605,CC(C(=O)NC1=CC=CC=C1Cl)OC(=O)C2=CC(=CC=C2)NC(=O)C
D01606,CC(C(=O)NC1=CC=CC=C1Cl)OC(=O)C2=CC(=CC=C2)NC(=O)C
D01607,CC(C)CCC(=O)OCC(=O)NC1=CC(=NN1C)C2=CC=C(C=C2)Cl
D01608,CC1=CC=C(C=C1)C(=O)NCC2=CC=C(C=C2)CN3CCOCC3
D01609,CCNC(=O)NC(=O)CSC1=NN=C(S1)SCC2=CC=C(C=C2)C(C)C
D01610,CC(C)COC1=C(C=C(C=C1Cl)C=CC(=O)OCC#N)OC
D01611,CC(CN1C(=O)C2=C(C=C(C=C2)C(=O)OC)N=C1SC(C)C(=O)N3CCCC3)O
D01612,CC1=CC=CC=C1C=CC(=O)OCC(=O)NC2CCCC3=CC=CC=C23
D01613,CC1CCC2=CC=CC=C2N1C(=O)CSC3=NN=C(S3)NCC=C
D01614,CC(C)CCC(=O)OCC(=O)NC1(CCCCC1)C#N
D01615,CC(C(=O)NC1=CC=CC2=CC=CC=C21)OC(=O)COC3=CC=CC=C3Cl
D01616,CC1CCCCC1NC(=O)COC(=O)CNS(=O)(=O)C2=CC3=C(CCCC3)C=C2
D01617,CC(C)CCC(=O)OCC(=O)NC1=CC=CC=C1C(=O)NC2=CC=CC=C2
D01618,CC1CCCCN1C(=O)COC(=O)C2=CN(N=C2C3=CC=C(C=C3)C)C4=CC=CC=C4
D01619,CC(C)(C)C1=CC=C(C=C1)SCC(=O)NC2=CC(=CC=C2)S(=O)(=O)N(C)C
D01620,CC(C)C(C(=O)NC(=O)N)OC(=O)CNS(=O)(=O)C1=CC2=C(CCCC2)C=C1
D01621,C1CCC(CC1)C(=O)N2CCC3=C(C2)SC4=NC=NC(=C34)N
D01622,CC(CN1C(=O)C2=C(C=C(C=C2)C(=O)OC)N=C1SCC3=CC(=CC=C3)F)O
D01623,CC(C(=O)NC(=O)NC)OC(=O)COC1=CC=CC=C1Cl
D01624,CCCOC1=CC=CC=C1NC(=O)C2=CC3=NC=CN=C3C=C2
D01625,CC1CCC2=CC=CC=C2N1C(=O)CSC3=NNC(=N3)C4=CC=CS4
D01626,CC(C(=O)NC1=CC=CC=C1)OC(=O)CN(C)S(=O)(=O)C2=CC=C(C=C2)F
D01627,COC(=O)C1=CC=C(C=C1)COC(=O)CNS(=O)(=O)C2=CC3=C(CCCC3)C=C2
D01628,CCC1=C(SC(=C1)C(=O)OCC(=O)NC2=C(C=CC=C2C(C)C)C)C
D01629,C1CSC2=C(C=C(C=C2)C(=O)OCC(=O)NC3=C(C(=C(C=C3)F)F)F)NC1=O
D01630,CC1CCN(CC1)C(=O)COC(=O)C2=CN(N=C2C3=CC=C(C=C3)C)C4=CC=CC=C4
D01631,CC1=C(C=C(C=C1)S(=O)(=O)C)C(=O)OCCOC2=CC=C(C=C2)Br
D01632,CCOC1=C(C=C2C(=C1)CC(O2)C)CNC(=O)CC3=CC=C(S3)S(=O)(=O)N4CCCC4
D01633,CN(C)S(=O)(=O)C1=CC=CC(=C1)NC(=O)COC2=CC=CC=C2Br
D01634,CC(C(=O)C1=CC=C(C=C1)OC)OC(=O)C2=CC3=C(C=C2)SCCC(=O)N3
D01635,CC1=CN=C(C=C1)NC(=O)CCC2=CNC3=CC=CC=C32
D01636,CC(C)CCC(=O)OCC(=O)NC1(CCCCC1)C#N
D01637,C1CN(CCC1C(=O)N)C(=O)COC(=O)C2=CC=C(S2)C3=CC=C(C=C3)Cl
D01638,CC(C(=O)NC1=CC=CC=C1Cl)OC(=O)C2=CC(=CC=C2)NC(=O)C
D01639,CC1=CC(=C(C=C1NC(=O)CSC2=CC=C(C=C2)C(C)(C)C)OC)[N+](=O)[O-]
D01640,CC1CCCC(N1C(=O)COC(=O)C2=CC3=C(C=C2)SCCC(=O)N3)C
D01641,CC(=O)C1=CC2=C(C=C1NC(=O)CSC3=C(C=CC=C3Cl)Cl)OCO2
D01642,C1CCC(C1)N2CC(CC2=O)C(=O)NC3=CC=C(C=C3)SC(F)F
D01643,CCC(C)C(=NNC1=C(C=C(C=C1)[N+](=O)[O-])[N+](=O)[O-])C
D01644,C1=CC=C(C(=C1)OCC(=O)OCC(=O)NC2=CC3=C(C=C2)OC(O3)(F)F)Cl
D01645,CN(CC(=O)OCC(=O)NC1(CCCC1)C#N)S(=O)(=O)C2=CC=C(C=C2)F
D01646,C1=CC=C(C(=C1)NC(=O)COC2=CC=CC=C2Br)OC(F)F
D01647,CCC1=C(SC(=C1)C(=O)OCC(=O)NC2=C(C=CC=C2C(C)C)C)C
D01648,CCCN1C(=O)C(=CC2=CC=CC=C2F)NC1=S
D01649,COC1=C(C=C(C=C1)F)COC(=O)C2=CC3=C(C=C2)SCCC(=O)N3
D01650,CN(CC(=O)OCC1=CC=CC=C1Cl)S(=O)(=O)C2=CC=C(C=C2)F
D01651,CC(C)(C)C1=CC=C(C=C1)SCC(=O)NC2=CC(=CC=C2)S(=O)(=O)N(C)C
D01652,CCOC1=C(C=C2C(=C1)CC(O2)C)CNC(=O)CC3=CC=C(S3)S(=O)(=O)N4CCCC4
D01653,CC1=C(OC2=C1C=C(C=C2)OC)C(=O)NC3=CC(=NN3C)C(C)(C)C
D01654,CC1=CN=C(S1)NC(=O)C2=CC3=C(S2)N=C4N3C=CS4
D01655,C1=CC=NC(=C1)CNS(=O)(=O)C2=CC(=C(C=C2)C#N)Cl
D01656,CCOC1=CC=CC=C1COC(=O)CN(C)S(=O)(=O)C2=CC=C(C=C2)F
D01657,CCC1=C(SC(=C1)C(=O)OCN2C(=O)C3=CC=CC=C3N=N2)C
D01658,CCC1=C(SC(=C1)C(=O)OCC(=O)NC2=C(C=CC(=C2)[N+](=O)[O-])F)C
D01659,C1=CSC(=C1)C[NH2+]C(CO)(CO)CO
D01660,CC(C1=CC=CC=C1Br)NC(=O)COC2=CC=CC=C2Br
D01661,CC1=CC(=C(C(=C1)C)NC(=O)COC(=O)COC2=CC=CC=C2Cl)C
D01662,CC(CN1C(=O)C2=C(C=C(C=C2)C(=O)OC)N=C1SCC=CC3=CC=CC=C3)O
D01663,CC(C1=CC=CC=N1)NS(=O)(=O)C2=CC3=C(C=C2)N(CCC3)C(=O)C
D01664,CCC1=C(SC(=C1)C(=O)OCC(=O)NC2=C(C=CC=C2C(C)C)C)C
D01665,CCCN1C(=O)C(=CC2=CC=CC=C2F)NC1=S
D01666,CC1CCN(CC1)C(=O)COC(=O)C2=CN(N=C2C3=CC=C(C=C3)C)C4=CC=CC=C4
D01667,CCOC(=O)NC(=O)COC(=O)CNS(=O)(=O)C1=CC2=C(CCCC2)C=C1
D01668,CC(CN1C(=O)C2=C(C=C(C=C2)C(=O)OC)N=C1SCC(=O)N)O
D01669,C1=CC=C(C(=C1)OCC(=O)NC2=CC=CC(=C2)C#N)Br
D01670,CC1=CC2=C(C=C1C)OC(=O)C=C2COC(=O)COC3=CC=CC=C3Cl
D01671,COC1=C(C=C(C=C1)C(=O)COC(=O)C2=CC3=C(C=C2)SCCC(=O)N3)OC
D01672,CCC1=NC2=CC=CC=C2C(=C1C)C(=O)OC(C)C(=O)NC(C)CCC3=CC=CC=C3
D01673,CN(CC(=O)OCC(=O)NC1(CCCC1)C#N)S(=O)(=O)C2=CC=C(C=C2)F
D01674,CC1=C(SC(=N1)C2=CC=C(C=C2)F)C(=O)NCC(=O)NC(C)(C)C
D01675,CC(=O)NNC(=O)COC(=O)C1=CC=C(S1)C2=CC=C(C=C2)Cl
D01676,CCCN1C(=NN=N1)COC2=C(C=C(C=C2[N+](=O)[O-])C)C
D01677,CC(C(=O)NC1=CC=C(C=C1)S(=O)(=O)N)SC2=CC=C(C=C2)C(C)(C)C
D01678,CCC1=NC2=CC=CC=C2C(=C1C)C(=O)OC(C)C(=O)NC3=CC=CC(=C3)C
D01679,CC1=C(C=C(C=C1)S(=O)(=O)N2CCOCC2)NC(=O)COC(=O)CCC(C)C
D01680,CCCOC1=C(C=C(C=C1Cl)C=CC(=O)OCC2=CC=C(C=C2)C#N)OC
D01681,CC1CCCC(C1C)NC(=O)C(C)OC(=O)CN(C)S(=O)(=O)C2=CC=C(C=C2)F
D01682,CC1=CC=C(C=C1)C2=NN(C=C2C(=O)OCC(=O)NC3=NOC(=C3)C)C4=CC=CC=C4
D01683,CCCOC1=CC=CC=C1NC(=O)C2=CC3=NC=CN=C3C=C2
D01684,C1COCCN1S(=O)(=O)C2=CN=C(C=C2)SC3=NC4=CC=CC=C4S3
D01685,COC1=CC=CC=C1C(=O)NC(=O)COC(=O)C2=CC3=C(C=C2)SCCC(=O)N3
D01686,CNC(=O)COC(=O)C1=CC2=C(C=C1)SCCC(=O)N2
D01687,CC1=C(C2=CC=CC=C2N1)C(=O)C(C)OC(=O)CCC(C)C
D01688,CC(C)(C)C1=CC=C(C=C1)SCC(=O)NC2=CC=C(C=C2)C(=O)N
D01689,CCNC1=NN=C(S1)SCC(=O)N(CCOC)CC2=CC=CS2
D01690,C1=CC=C(C(=C1)OCC(=O)OCC(=O)NC2=CC3=C(C=C2)OC(O3)(F)F)Cl
D01691,CN1C=C(C=N1)C=C2C(=O)N(C(=S)N2)CC3CCCO3
D01692,CC1CCN(CC1)C(=O)COC(=O)C2=CN(N=C2C3=CC=C(C=C3)C)C4=CC=CC=C4
D01693,CC1=C(C=C(C=C1)S(=O)(=O)C)C(=O)OCC(=O)NC(C)C2=C(C=C(C=C2)F)F
D01694,CC(CN1C(=O)C2=C(C=C(C=C2)C(=O)OC)N=C1SC(C)C(=O)N3CCCC3)O
D01695,C1CCC(CC1)[NH2+]CC2=C(C=CC=C2Cl)Cl
D01696,CCC1=C(SC(=C1)C(=O)OCC(=O)NC2=CC=CC=C2C(=O)NCC(C)C)C
D01697,C1CCC(CC1)[NH2+]CC2=C(C=CC=C2Cl)Cl
D01698,CCC1=NC2=CC=CC=C2C(=C1C)C(=O)OCC(=O)NC3=C(C=C(C=C3Cl)C)C
D01699,CC1=C(C=C(C=C1)NC(=O)COC(=O)C2=CC3=C(C=C2)SCCC(=O)N3)Cl
D01700,CC1CCCCC1NC(=O)COC(=O)CNS(=O)(=O)C2=CC3=C(CCCC3)C=C2
D01701,C1CSC2=C(C=C(C=C2)C(=O)OCC3=CC(=O)OC4=C3C=CC(=C4)O)NC1=O
D01702,C1COCCN1S(=O)(=O)C2=CN=C(C=C2)SC3=NC4=CC=CC=C4S3
D01703,CC(C)COC1=C(C=C(C=C1Cl)C=CC(=O)OCC(=O)N(C)C)OC
D01704,C1CCC(C1)N2CC(CC2=O)C(=O)NC3=CC=C(C=C3)SC(F)F
D01705,C1=CSC(=C1)C[NH2+]C(CO)(CO)CO
D01706,CC1=CC=C(C=C1)NC(=O)COC(=O)CNS(=O)(=O)C2=CC3=C(CCCC3)C=C2
D01707,C1CN(CCN1CC2=CSC3=CC=CC=C32)C(=O)NCC4=CC=CC=N4
D01708,CC(C(=O)C1=CC=C(C=C1)OC)OC(=O)C2=CC3=C(C=C2)SCCC(=O)N3
D01709,CC(C(=O)N)OC(=O)CNS(=O)(=O)C1=CC2=C(CCCC2)C=C1
D01710,CCOC(=O)C1=C(SC(=C1CSC2=CC=C(C=C2)C(C)(C)C)C(=O)NC)N
D01711,CC(C)CCC(=O)OC(C)C(=O)NC1=CC=C(C=C1)S(=O)(=O)NC(C)C
D01712,CCCN1C(=O)C(=CC2=CC=CC=C2F)NC1=S
D01713,CC(=O)NCC1=CC=C(C=C1)C(=O)NC2=NC3=C(C=CC=C3S2)OC
D01714,CC1=CC=C(C=C1)NC(=O)COC(=O)CNS(=O)(=O)C2=CC3=C(CCCC3)C=C2
D01715,CCC1=CC2=C(C=C1)C(=CC(=O)O2)COC3=CC=CC=C3Br
D01716,CC1=CN=C(S1)NC(=O)CNC(=O)C2=CC=CC=C2F
D01717,CC1=C(C=C(C=C1)S(=O)(=O)C)C(=O)OCCOC2=CC=CC=C2
D01718,CCC1=C(SC(=C1)C(=O)OCC(=O)NC2=C(C=CC(=C2)Cl)OC)C
D01719,CC(C1=CC=C(C=C1)S(=O)(=O)C)NC(=O)CNC(=O)C2=CC=CO2
D01720,CC1=CC=C(C=C1)C(=O)NCC2=CC=C(C=C2)CN3CCOCC3
D01721,CC(C)C(C(=O)NC(=O)N)OC(=O)COC1=CC=CC=C1Cl
D01722,CCC1=NC2=CC=CC=C2C(=C1C)C(=O)OC(C)C(=O)N3C(CCCC3C)C
D01723,C#CCNC(=O)N1CCN(CC1)C2=CC=C(C=C2)F
D01724,C1=CC=C2C(=C1)C=CN(C2=O)CC(=O)NC3=CC=C(C=C3)OC(F)F
D01725,CC1CCCCN1C(=O)COC(=O)C2=CN(N=C2C3=CC=C(C=C3)C)C4=CC=CC=C4
D01726,CC(C(=O)NC1=CC=C(C=C1)C(=O)N)OC2=CC(=CC(=C2)Cl)Cl
D01727,CCCCCNC(=O)C(C)S(=O)(=O)CC1=NC(=NO1)C
D01728,CC(C)C(C)NC(=O)CSC1=CC=C(C=C1)[N+](=O)[O-]
D01729,CC(C)(C)C1=CC=C(C=C1)SCC(=O)NC2=C(C=CS2)C(=O)N
D01730,CC(C(=O)C1=CC=C(C=C1)OC)OC(=O)C2=CC3=C(C=C2)SCCC(=O)N3
D01731,CC1=CC=C(C=C1)C2=NC(=CS2)COC(=O)C3=CC4=C(C=C3)SCCC(=O)N4
D01732,CC1=CC=C(C=C1)C2=NN(C=C2C(=O)OCC(=O)NC3=NOC(=C3)C)C4=CC=CC=C4
D01733,CC1=C(C(NC(=O)N1CCOC)C2=CC=CC=C2F)C(=O)OC
D01734,CC(C)C(C)NC(=O)CSC1=CC=C(C=C1)[N+](=O)[O-]
D01735,C1CN(CCN1C2=CC=CC=C2)C(=O)NCC3=CC=CC=N3
D01736,CC(C(=O)NC(=O)NC)OC(=O)COC1=CC=CC=C1Cl
D01737,CCC1=NC2=CC=CC=C2C(=C1C)C(=O)OCC(=O)NC3=CC=CC=C3C(=O)N
D01738,C#CCNC(=O)N1CCN(CC1)C2=CC=C(C=C2)F
D01739,CCC1CCCCN1C(=O)COC(=O)C2=CC3=C(C=C2)SCCC(=O)N3
D01740,CCC1=C(SC(=C1)C(=O)OCC(=O)NCC2=CC=C(C=C2)C(=O)OC)C
D01741,C1=CC(=CC=C1C(=O)CN2C=NC3=C(C2=O)SC=C3)F
D01742,CC1=CC(=C(C(=O)N1)CNC(=O)C2=CC=CC=C2C(F)(F)F)C
D01743,CC1CCCCC1NC(=O)COC(=O)C2=C(C=CC(=C2)S(=O)(=O)C)C
D01744,CCC1=NC2=CC=CC=C2C(=C1C)C(=O)OC(C)C(=O)N(C)CC3=CC=CC=C3
D01745,CC1=CN=C(S1)NC(=O)C2=CC3=C(S2)N=C4N3C=CS4
D01746,COC(=O)C1=CC2=C(C=C1)C(=O)N(C(=N2)SCC#N)CC3CCCO3
D01747,C1=CC=C(C(=C1)OCC(=O)NC2=C(C=CC(=C2)Cl)F)Br
D01748,CC(C)(C)C1=CC=C(C=C1)SCC(=O)NC2=CC=C(C=C2)C(=O)N
D01749,CC(C(=O)N1CCN(CC1)S(=O)(=O)C2=CC=CC=C2)SCC3=CC(=CC=C3)Cl
D01750,C1=CC=C(C(=C1)OCC(=O)OCC(=O)NC2=CC3=C(C=C2)OC(O3)(F)F)Cl
D01751,CC(C)(C)C1=CC=C(C=C1)SCC(=O)N2CCNC2=O
D01752,CC(C(=O)C1=CC=C(C=C1)OC)OC(=O)C2=CC3=C(C=C2)SCCC(=O)N3
D01753,CC(C(=O)NC1=CC=C(C=C1)F)OC(=O)COC2=CC=CC=C2Cl
D01754,C1=CC=C(C(=C1)OCC(=O)OCC(=O)NC2=CC3=C(C=C2)OC(O3)(F)F)Cl
D01755,COC1=CC2=C(C=C1)C(=CC(=O)O2)COC(=O)C3=CC4=C(C=C3)SCCC(=O)N4
D01756,CCN(CC1=CC=CC=C1)C(=O)COC(=O)CN(C)S(=O)(=O)C2=CC=C(C=C2)F
D01757,CCCN1C(=O)C(=CC2=CC=CC=C2F)NC1=S
D01758,CC1CCCCN1C(=O)COC(=O)C2=CN(N=C2C3=CC=C(C=C3)C)C4=CC=CC=C4
D01759,CN(CC(=O)OCC1=CC=CC=C1Cl)S(=O)(=O)C2=CC=C(C=C2)F
D01760,CC(CN1C(=O)C2=C(C=C(C=C2)C(=O)OC)N=C1SC(C)C(=O)N3CCCC3)O
D01761,CC(CN1C(=O)C2=C(C=C(C=C2)C(=O)OC)N=C1SC(C)C3=CC=CC=C3)O
D01762,CC1=CC(=C(N1C2CCS(=O)(=O)C2)C)C(=O)CSC3=CC=C(C=C3)C(C)(C)C
D01763,CCNC(=O)NC(=O)COC(=O)CNS(=O)(=O)C1=CC2=C(CCCC2)C=C1
D01764,CCC1=NC2=CC=CC=C2C(=C1C)C(=O)OC(C)C(=O)NC3=C(C(=C(C=C3)F)F)F
D01765,CCC1=NC2=CC=CC=C2C(=C1C)C(=O)OC(C)C(=O)C3=C(NC4=CC=CC=C43)C
D01766,C1COCCN1S(=O)(=O)C2=CN=C(C=C2)SC3=NC4=CC=CC=C4S3
D01767,COC(=O)C1=CC=C(C=C1)COC(=O)CNS(=O)(=O)C2=CC3=C(CCCC3)C=C2
D01768,CCC1=CC=CC=C1NC(=O)COC(=O)COC2=CC=CC=C2Cl
D01769,CC(C)CCC(=O)OCC(=O)NC1(CCCCC1)C#N
D01770,CC(C)(C)C1=CC=C(C=C1)SCN2C(=O)C3=CC=CC=C3N=N2
D01771,CCOC1=C(C=C2C(=C1)CC(O2)C)CNC(=O)CC3=CC=C(S3)S(=O)(=O)N4CCCC4
D01772,C#CCNC(=O)N1CCN(CC1)C2=CC=C(C=C2)F
D01773,CC1=CC2=C(C=C1C)OC(=O)C=C2COC(=O)COC3=CC=CC=C3Cl
D01774,CC1=CC(=C(C(=O)N1)CNC(=O)C2=CC=CC=C2C(F)(F)F)C
D01775,CCNC(=O)NC(=O)CSC1=NN=C(S1)SCC2=CC=C(C=C2)C(C)C
D01776,CC(C(=O)N)OC(=O)CNS(=O)(=O)C1=CC2=C(CCCC2)C=C1
D01777,CC(C)C(C(=O)NC(=O)N)OC(=O)CNS(=O)(=O)C1=CC2=C(CCCC2)C=C1
D01778,CCC1=C(SC(=C1)C(=O)OCC(=O)NC2=CC=CC=C2F)C
D01779,CCCOC1=C(C=C(C=C1Cl)C=CC(=O)OCC2=NN=C(O2)C3=CC=CO3)OC
D01780,C1=CC=C(C(=C1)NC(=O)COC2=CC=CC=C2Br)OC(F)F
D01781,CCC1=C(SC(=C1)C(=O)OCC(=O)NC2=CC(=CC=C2)[N+](=O)[O-])C
D01782,CC(CN1C(=O)C2=C(C=C(C=C2)C(=O)OC)N=C1SC(C)C(=O)N3CCCC3)O
D01783,COC1=CC=CC=C1C(=O)COC(=O)C2=CC3=C(C=C2)SCCC(=O)N3
D01784,COC1=C(C=C(C=C1)COC(=O)CNS(=O)(=O)C2=CC3=C(CCCC3)C=C2)F
D01785,CN(CC1=CC=C(C=C1)OC)C(=O)NC2=CN=CC=C2
D01786,CC(C)C(C(=O)NC(=O)N)OC(=O)COC1=CC=CC=C1Cl
D01787,CC(C(=O)NC1CCCC1)OC(=O)CN(C)S(=O)(=O)C2=CC=C(C=C2)F
D01788,CCC1=NC2=CC=CC=C2C(=C1C)C(=O)OCC(=O)NC3=C(C=CC(=C3)Cl)C
D01789,C1=CC(=C(C(=C1)Cl)SCC(=O)NC2=C(C=CS2)C#N)Cl
D01790,COC(=O)C1=CC2=C(C=C1)C(=O)N(C(=N2)SCC#N)CC3CCCO3
D01791,CC1=C(C=C(C=C1)Cl)NC(=O)CSC
D01792,CCCOC1=CC=CC=C1NC(=O)C2=CC3=NC=CN=C3C=C2
D01793,C1CC(=O)N(C1)C2=CC=C(C=C2)OCC(=O)N3CCC4=CC=CC=C43
D01794,CCC1=C(SC(=C1)C(=O)OCC(=O)NC2=CC=CC=C2F)C
D01795,CC(C(=O)NC1=CC=C(C=C1)C(=O)C)OC(=O)COC2=CC=CC=C2Cl
D01796,CC1=CC=C(C=C1)NC(=O)COC(=O)CNS(=O)(=O)C2=CC3=C(CCCC3)C=C2
D01797,CC(C(=O)NC1=CC=C(C=C1)C(=O)C)OC(=O)COC2=CC=CC=C2Cl
D01798,CC1=CC(=C(C(=O)N1)CNC(=O)C2=C(C(=CC=C2)OC)OC)C
D01799,C1=COC(=C1)C(=O)NC2=NNC(=N2)C3=CC=C(C=C3)F
D01800,CC1=CC=C(C=C1)C(=O)NCC2=CC=C(C=C2)CN3CCOCC3
D01801,CC1=CC(=CC=C1)N2C(=O)CCC(=N2)C(=O)NC3=C(C=C(C=C3)F)Cl
D01802,CC1=CC(=C(C(=C1)C)C(=O)COC(=O)C2=CC3=C(C=C2)SCCC(=O)N3)C
D01803,CC(C(=O)NC1CCCC1)OC(=O)CN(C)S(=O)(=O)C2=CC=C(C=C2)F
D01804,CC(C)C(C)(C#N)NC(=O)COC1=CC=CC=C1Br
D01805,CC(CN1C(=O)C2=C(C=C(C=C2)C(=O)OC)N=C1SCC3=CC(=CC=C3)C#N)O
D01806,CC(C)(C)C1=CC=C(C=C1)SCC(=O)NN2C(=O)C3(CCCCC3)NC2=O
D01807,CC(C)C(C(=O)NC(=O)N)OC(=O)COC1=CC=CC=C1Cl
D01808,CC1CCCCC1NC(=O)COC(=O)CNS(=O)(=O)C2=CC3=C(CCCC3)C=C2
D01809,CCCCC1=CC=C(C=C1)NC(=O)COC(=O)COC2=CC=CC=C2Cl
D01810,C1CS(=O)(=O)CC1NC(=O)COC2=CC=CC=C2Br
D01811,CC1=CC=C(C=C1)OCCCC(=O)N2CCC3=CC(=C(C=C3C2CC(=O)OC)OC)OC
D01812,CC1=CC=C(C=C1)C2=NN(C=C2C(=O)OCC(=O)NC3=NOC(=C3)C)C4=CC=CC=C4
D01813,CC(C)N1C(=CC=N1)NC(=O)C(C)OC(=O)C2=CC=C(S2)C3=CC=C(C=C3)Cl
D01814,CCC1=NC2=CC=CC=C2C(=C1C)C(=O)OC(C)C(=O)N3C(CCCC3C)C
D01815,CCCN1C(=O)C(=CC2=CC=CC=C2F)NC1=S
D01816,CCC1=C(SC(=C1)C(=O)OCC(=O)NC2=CC=CC=C2F)C
D01817,C1CC(C2=CC=CC=C2C1)NC(=O)COC3=CC=CC=C3Br
D01818,CC1=C(C(=NN1C2=CC=C(C=C2)C(=O)NC3CC3)C)Cl
D01819,C1CC(=O)N(C1)C2=CC=C(C=C2)OCC(=O)N3CCC4=CC=CC=C43
D01820,CC1=CC(=C(N1CC2=CC=CS2)C)C(=O)COC(=O)COC3=CC=CC=C3Cl
D01821,CC(C)CCC(=O)OCC1=NN=C(O1)C2=CC=C(C=C2)[N+](=O)[O-]
D01822,CCC1=NC2=CC=CC=C2C(=C1C)C(=O)OC(C)C(=O)NC3=CC=CC=C3OC
D01823,CC(C(=O)NC(=O)NC)OC(=O)COC1=CC=CC=C1Cl
D01824,CC(C(=O)NC1=CC=CC=C1)OC(=O)CN(C)S(=O)(=O)C2=CC=C(C=C2)F
D01825,CCC1=C(SC(=C1)C(=O)OCC(=O)NC2=C(C(=CC=C2)Cl)Cl)C
D01826,C1=CC=C2C(=C1)C(C3=CC=CC=C32)OC(=O)COC4=CC=CC=C4Cl
D01827,CC1=CC=C(C=C1)NC(=O)COC(=O)CNS(=O)(=O)C2=CC3=C(CCCC3)C=C2
D01828,CCC1=C(SC(=C1)C(=O)OCC(=O)NC2=C(C=CC(=C2)[N+](=O)[O-])OC)C
D01829,C1CCC2=C(C1)C=CC(=C2)S(=O)(=O)NCC(=O)OCC(=O)NC3CC3
D01830,CCC1=NC2=CC=CC=C2C(=C1C)C(=O)OC(C)C(=O)NC(C)CCC3=CC=CC=C3
D01831,CC(CN1C(=O)C2=C(C=C(C=C2)C(=O)OC)N=C1SC(C)C(=O)N3CCCC3)O
D01832,C1CCC2(CC1)CC(=O)N(C2=O)CC(=O)C3=CC4=CC=CC=C4C=C3
D01833,CC(C)CCC(=O)OCC(=O)NC1=CC2=C(C=C1)OC(O2)(F)F
D01834,CCC1=C(SC(=C1)C(=O)OCC(=O)NCC2=CC=C(C=C2)C(=O)OC)C
D01835,CC(C1=CC(=CC=C1)C(F)(F)F)NC(=O)C2=CC=C(C=C2)CNC(=O)C
D01836,CC1=CC=C(C=C1)C2=NN(C=C2C(=O)OCC(=O)NC3=NOC(=C3)C)C4=CC=CC=C4
D01837,CCC1=C(SC(=C1)C(=O)OCC(=O)NC2=CC=C(C=C2)C#N)C
D01838,C1=CC=C(C=C1)N(CC#N)C(=O)COC(=O)C2=CC=C(S2)C3=CC=C(C=C3)Cl
D01839,CCC1=NC2=CC=CC=C2C(=C1C)C(=O)OC(C)C3=CC=CC=C3Cl
D01840,CCC1=C(SC(=C1)C(=O)OCC(=O)NC2=CC=CC=C2F)C
D01841,CC1=C(C2=CC=CC=C2N1)C(=O)C(C)OC(=O)COC3=CC=CC=C3Cl
D01842,CC1=C(C=C(C=C1)S(=O)(=O)N2CCOCC2)NC(=O)COC(=O)CCC(C)C
D01843,CCC1=NC2=CC=CC=C2C(=C1C)C(=O)OCC(=O)C3=CC4=C(CCCC4)C=C3
D01844,CC1=C(SC(=N1)C2=CC=C(C=C2)F)C(=O)NCC(=O)NC(C)(C)C
D01845,C1=CC=NC(=C1)CNS(=O)(=O)C2=CC(=C(C=C2)C#N)Cl
D01846,CCC1=C2C(=CC=C1)C(=CN2)C(=O)COC(=O)COC3=CC=CC=C3Cl
D01847,CC(C(=O)NC(=O)NC)SC1=C(C=CC=C1Cl)Cl
D01848,CC1=C(C=C(C=C1)S(=O)(=O)N2CCOCC2)NC(=O)COC(=O)CCC(C)C
D01849,COC1=C(C=C(C=C1)C(=O)COC(=O)C2=CC3=C(C=C2)SCCC(=O)N3)OC
D01850,C1=CC=C(C=C1)N(CC#N)C(=O)COC(=O)C2=CC=C(S2)C3=CC=C(C=C3)Cl
D01851,C1CCC2=C(C1)C=CC(=C2)S(=O)(=O)NCC(=O)OCC(=O)NC3CC3
D01852,CC(C(=O)C1=CC=C(C=C1)OC)OC(=O)C2=CC3=C(C=C2)SCCC(=O)N3
D01853,CC(C(=O)NC(=O)NC)OC(=O)C1=CC2=C(C=C1)SCCC(=O)N2
D01854,CC(C)C(C)NC(=O)CSC1=CC=C(C=C1)[N+](=O)[O-]
D01855,C1CC(C2=CC=CC=C2C1)NC(=O)COC3=CC=CC=C3Br
D01856,CC(C(=O)NC1=CC=C(C=C1)F)OC(=O)COC2=CC=CC=C2Cl
D01857,CC1=C(C=C(C=C1)S(=O)(=O)C)C(=O)OCC(=O)N(C)C
D01858,CC(C(=O)NC1=CC=C(C=C1)F)OC(=O)COC2=CC=CC=C2Cl
D01859,CC(CN1C(=O)C2=C(C=C(C=C2)C(=O)OC)N=C1SC(C)C(=O)N3CCCC3)O
D01860,CC(C1=CC=C(C=C1)Br)NC(=O)COC2=CC=CC=C2Br
D01861,CC1=C(C=CC(=C1)Br)NC(=O)CNC(=O)C2=CNC(=O)C=C2
D01862,CCC1=NC2=CC=CC=C2C(=C1C)C(=O)OC(C)C(=O)N3C(CCCC3C)C
D01863,C1=CC=C(C=C1)C=CCC(=S)C(=O)O
D01864,CN(CC(=O)OCC1=CC=C(O1)C(=O)OC)S(=O)(=O)C2=CC=C(C=C2)F
D01865,CCC1=NC2=CC=CC=C2C(=C1C)C(=O)OC(C)C(=O)NC3=C(C(=C(C=C3)F)F)F
D01866,CCC1=NC2=CC=CC=C2C(=C1C)C(=O)OCC3=CC4=C(C=C3)OCO4
D01867,CC1=CC(=C(C(=O)N1)CNC(=O)C2=CC=CC=C2C(F)(F)F)C
D01868,CC(C)C(C(=O)NC(=O)N)OC(=O)COC1=CC=CC=C1Cl
D01869,CCNC(=O)NC(=O)COC(=O)CNS(=O)(=O)C1=CC2=C(CCCC2)C=C1
D01870,CCC1=NC2=CC=CC=C2C(=C1C)C(=O)OCC(=O)C3=CC=CC=C3Cl
D01871,CC1=CC(=CC(=C1)C(=O)NNC2=CC=CC=C2[N+](=O)[O-])C
D01872,CCC1=C(SC(=C1)C(=O)OCC(=O)NC2=CC=CC=C2F)C
D01873,CC(C)C(C(=O)NC(=O)N)OC(=O)CNS(=O)(=O)C1=CC2=C(CCCC2)C=C1
D01874,CC(C)(C)C1=CC=C(C=C1)SCC(=O)N2CCNC2=O
D01875,CC(C#N)(C1CC1)NC(=O)COC2=CC=CC=C2Br
D01876,C#CCNC(=O)N1CCN(CC1)C2=CC=C(C=C2)F
D01877,CCC1=NC2=CC=CC=C2C(=C1C)C(=O)OC(C)C(=O)NC(C)CCC3=CC=CC=C3
D01878,CC1=CC(=C(C(=O)N1)CNC(=O)C2=CC=CC=C2C(F)(F)F)C
D01879,CC(C1=CC=CS1)NC(=O)COC2=CC=CC=C2Br
D01880,CC(C(=O)C1=CC=C(C=C1)OC)OC(=O)C2=CC3=C(C=C2)SCCC(=O)N3
D01881,CCCC1C(=O)N(C(=O)N1)CC2=CC=C(C=C2)C(=O)NC3=CC=CC=C3
D01882,CCC1=C(SC(=C1)C(=O)OCC(=O)NC2=C(C=CC=C2C(C)C)C)C
D01883,CCC1=NC2=CC=CC=C2C(=C1C)C(=O)OC(C)C(=O)NC(C)CCC3=CC=CC=C3
D01884,CC1=CC=C(C=C1)C2=NN(C=C2C(=O)OCC(=O)C3=CC=C(C=C3)F)C4=CC=CC=C4
D01885,CCN(CC1=CC=CC=C1)C(=O)COC(=O)CN(C)S(=O)(=O)C2=CC=C(C=C2)F
D01886,C1CC(C2=CC=CC=C2C1)NC(=O)COC3=CC=CC=C3Br
D01887,CC1=CC(=C(C=C1)NC(=O)COC2=CC=CC=C2Br)Cl
D01888,CC1=CC(=C(C(=C1)C)C(=O)COC(=O)C2=CC3=C(C=C2)SCCC(=O)N3)C
D01889,CN(CC(=O)OCC1=CC=C(O1)C(=O)OC)S(=O)(=O)C2=CC=C(C=C2)F
D01890,CCOC1=C(C=C2C(=C1)CC(O2)C)CNC(=O)CC3=CC=C(S3)S(=O)(=O)N4CCCC4
D01891,C1=CC=C(C=C1)N(CC#N)C(=O)COC(=O)C2=CC=C(S2)C3=CC=C(C=C3)Cl
D01892,CN(CC(=O)OCC1=CC=C(C=C1)Cl)S(=O)(=O)C2=CC=C(C=C2)F
D01893,CC(C)(C)C1=CC=C(C=C1)SCC(=O)N(C2CCS(=O)(=O)C2)C3=CC=CC=C3
D01894,CCC1=NC2=CC=CC=C2C(=C1C)C(=O)OCC(=O)C3=CC=CC=C3Cl
D01895,CC1=C(C=C(C=C1)S(=O)(=O)C)C(=O)OCC(=O)N(C)C
D01896,CCC1=C(SC(=C1)C(=O)OCC(=O)NCC2=CC=C(C=C2)C(=O)OC)C
D01897,CC1=CC(=CC=C1)N2C(=O)CCC(=N2)C(=O)NC3=C(C=C(C=C3)F)Cl
D01898,CCC1=NC2=CC=CC=C2C(=C1C)C(=O)OCC3=CC4=C(C=C3)OCO4
D01899,CC1=CC(=CC(=C1)N2C=CN=C2SCC(=O)N(C)CCC#N)C
D01900,CC(C(=O)NC1=CC=CC=C1Cl)OC(=O)C2=CC(=CC=C2)NC(=O)C
D01901,CC(C)C(C(=O)NC(=O)N)OC(=O)CNS(=O)(=O)C1=CC2=C(CCCC2)C=C1
D01902,CC(C(=O)C1=CC=C(C=C1)OC)OC(=O)C2=CC3=C(C=C2)SCCC(=O)N3
D01903,CC1=C(C=C(C=C1)S(=O)(=O)C)C(=O)OCC(=O)NCCC(C)C
D01904,C1CC(C2=CC=CC=C2C1)NC(=O)COC3=CC=CC=C3Br
D01905,C1=COC(=C1)C2=NN=C(O2)COC(=O)C3=CC=C(S3)C4=CC=C(C=C4)Cl
D01906,CC1CCCCC1NC(=O)COC(=O)CNS(=O)(=O)C2=CC3=C(CCCC3)C=C2
D01907,CC1(C(=O)N(C(=O)N1)CC2=CC(=CC=C2)Br)C3=CC=CC=C3
D01908,CC1=C(C=C(C=C1)S(=O)(=O)N2CCOCC2)NC(=O)COC(=O)CCC(C)C
D01909,C1=CC=C(C(=C1)OCC(=O)OCC(=O)NC2=CC3=C(C=C2)OC(O3)(F)F)Cl
D01910,CCOC1=C(C=C2C(=C1)CC(O2)C)CNC(=O)CC3=CC=C(S3)S(=O)(=O)N4CCCC4
D01911,CC1=CC=C(C=C1)N(CCC#N)C(=O)COC(=O)COC2=CC=CC=C2Cl
D01912,CC1=CC(=C(C(=C1)C)C(=O)COC(=O)C2=CC3=C(C=C2)SCCC(=O)N3)C
D01913,C1CSC2=C(C=C(C=C2)C(=O)OCC3=CC(=O)OC4=C3C=CC(=C4)O)NC1=O
D01914,C1=CC=C(C(=C1)C#N)NC(=O)COC(=O)C2=CC=C(S2)C3=CC=C(C=C3)Cl
D01915,CCCCC1=CC=C(C=C1)NC(=O)COC(=O)COC2=CC=CC=C2Cl
D01916,CC(C(=O)NC1=CC=CC=C1Cl)OC(=O)C2=CC(=CC=C2)NC(=O)C
D01917,C1CSC2=C(C=C(C=C2)C(=O)OCC(=O)NC3=C(C(=C(C=C3)F)F)F)NC1=O
D01918,C1CC(OC1)C[NH2+]CC2=CC=C(C=C2)OCC3=CC=CC=C3
D01919,CCOC(=O)C1=C(NC(=C1C(=O)COC(=O)CCC(C)C)C)C
D01920,CC1=C(C=C(C=C1)S(=O)(=O)C)C(=O)OCC(=O)NC(C)C2=C(C=C(C=C2)F)F
D01921,CC(C)C(C(=O)NC(=O)N)OC(=O)COC1=CC=CC=C1Cl
D01922,CC(C)C(C(=O)NC(=O)N)OC(=O)CNS(=O)(=O)C1=CC2=C(CCCC2)C=C1
D01923,C1CC1NC(=O)NC(=O)COC(=O)C2=CC=C(S2)C3=CC=C(C=C3)Cl
D01924,C1COCCN1S(=O)(=O)C2=CN=C(C=C2)SC3=NC4=CC=CC=C4S3
D01925,CC(C(=O)NC1=CC2=C(C=C1)OCO2)OC(=O)COC3=CC=CC=C3Cl
D01926,CC(C)C(C)NC(=O)CSC1=CC=C(C=C1)[N+](=O)[O-]
D01927,C1CN(C2=CC=CC=C21)C(=O)C3=CC=C(C=C3)N4C=NN=N4
D01928,CC1CCN(CC1)C(=O)COC(=O)C2=CN(N=C2C3=CC=C(C=C3)C)C4=CC=CC=C4
D01929,CC1CCN(CC1)C(=O)CSC2=NN=C3N2C4=CC=CC=C4C(=O)N3CC5=CC=CC=C5OC
D01930,CCNC1=NN=C(S1)SCC(=O)N(CCOC)CC2=CC=CS2
D01931,CC1=CC=C(C=C1)C2=NN(C=C2C(=O)OCC3=CC4=C(C=C3)OCO4)C5=CC=CC=C5
D01932,CC1=CC(=C(C(=O)N1)CNC(=O)C2=CC=CC=C2C(F)(F)F)C
D01933,CC1CC2=CC=CC=C2N1C(=O)C(C)OC(=O)COC3=CC=CC=C3Cl
D01934,CC(C)(C)C1=CC=C(C=C1)SCN2C(=O)C3=CC=CC=C3N=N2
D01935,C1CCC2=C(C1)C=CC(=C2)S(=O)(=O)NCC(=O)OCC(=O)N3CCOCC3
D01936,CCC1=C(SC(=C1)C(=O)OCC(=O)NCC2=CC=C(C=C2)C(=O)OC)C
D01937,CCNC(=O)NC(=O)COC(=O)CNS(=O)(=O)C1=CC2=C(CCCC2)C=C1
D01938,CC(C(=O)C1=CC=C(C=C1)OC)OC(=O)C2=CC3=C(C=C2)SCCC(=O)N3
D01939,CC1=C(C=C(C=C1)S(=O)(=O)C)C(=O)OCC(=O)NC(C)(C#N)C(C)C
D01940,CCC1=NC2=CC=CC=C2C(=C1C)C(=O)OC(C)C3=CC=CC=C3Cl
D01941,CC1CCC2=CC=CC=C2N1C(=O)CSC3=NNC(=N3)C4=CC=CS4
D01942,CC1=CC(=C(N1CC2CCCO2)C)C(=O)COC3=CC=CC=C3Br
D01943,CC(C)CCC(=O)OCC(=O)NC1=CC=CC=C1C(=O)NC2=CC=CC=C2
D01944,CCC1=C(SC(=C1)C(=O)OCC(=O)NC2=C(C=CC=C2C(C)C)C)C
D01945,CC(C1=CC=CC=C1Br)NC(=O)COC2=CC=CC=C2Br
D01946,CC(C(=O)C1=CC=C(C=C1)OC)OC(=O)C2=CC3=C(C=C2)SCCC(=O)N3
D01947,C1CC1CNC(=O)CS(=O)(=O)CC2=CC=C(C=C2)Br
D01948,CCCN1C(=O)C(=CC2=CC=CC=C2F)NC1=S
D01949,CC1=CC(=C(N1C2CCS(=O)(=O)C2)C)C(=O)CSC3=CC=C(C=C3)C(C)(C)C
D01950,CCC1=NC2=CC=CC=C2C(=C1C)C(=O)OC(C)C(=O)NCCC3=CCCCC3
D01951,CC1=C(C=C(C=C1)S(=O)(=O)C)C(=O)OCC(=O)NCC23CC4CC(C2)CC(C4)C3
D01952,CC(C(=O)NC1=CC=CC=C1)OC(=O)CN(C)S(=O)(=O)C2=CC=C(C=C2)F
D01953,CCC1=C(SC(=C1)C(=O)OCC(=O)NC2=C(C=CC=C2C(C)C)C)C
D01954,C1C2CC3CC1CC(C2)(C3)CNC(=O)COC4=CC=CC=C4Br
D01955,CN(CC(=O)OCN1C(=O)C2=CC=CC=C2N=N1)S(=O)(=O)C3=CC=C(C=C3)F
D01956,CCC1=C(SC(=C1)C(=O)OCC(=O)NCC2=CC=C(C=C2)C(=O)OC)C
D01957,CC(C)C(C)(C#N)NC(=O)COC(=O)CNS(=O)(=O)C1=CC2=C(CCCC2)C=C1
D01958,CC1=CC=C(C=C1)C(=O)NCC2=CC=C(C=C2)CN3CCOCC3
D01959,CC1=CC2=C(C=C1Cl)C(=CC(=O)O2)COC(=O)COC3=CC=CC=C3Cl
D01960,C1=CC(=CC=C1C(=O)CN2C=NC3=C(C2=O)SC=C3)F
D01961,COC(=O)COC1=CC=C(C=C1)NC(=O)NCC2CC2
D01962,CCC1=NC2=CC=CC=C2C(=C1C)C(=O)OC(C)C(=O)N3C(CCCC3C)C
D01963,CCC1=C(SC(=C1)C(=O)OCC(=O)NC2=C(C=CC(=C2)[N+](=O)[O-])OC)C
D01964,CCC1=C(SC(=C1)C(=O)OCC(=O)NC2=CC=CC=C2F)C
D01965,CC(C)(C)C1=CC=C(C=C1)SCC(=O)NN2C(=O)C3(CCCCC3)NC2=O
D01966,CC(C(=O)NC1=CC=C(C=C1)C(=O)N)OC2=CC(=CC(=C2)Cl)Cl
D01967,CC(C(=O)NC(=O)NC)OC(=O)COC1=CC=CC=C1Cl
D01968,CCCN1C(=O)C(=CC2=CC=CC=C2F)NC1=S
D01969,CCC1=NC2=CC=CC=C2C(=C1C)C(=O)OCC(=O)C3=CC=CC=C3Cl
D01970,CCC1=C(SC(=C1)C(=O)OCC(=O)NC2=C(C=C(C=C2)OC)[N+](=O)[O-])C
D01971,C1=CC=C(C(=C1)OCC(=O)NC2=C(C=CC(=C2)Cl)N3C=NC=N3)Br
D01972,C#CCNC(=O)N1CCN(CC1)C2=CC=C(C=C2)F
D01973,CC(C(=O)NCC1=CC2=C(C=C1)OCO2)SC3=C(C=CC=C3Cl)Cl
D01974,CC1=CC=C(C=C1)C(=O)NCC2=CC=C(C=C2)CN3CCOCC3
D01975,CCC1=NC2=CC=CC=C2C(=C1C)C(=O)OC(C)C(=O)NC(C)CCC3=CC=CC=C3
D01976,CCCCC1=NOC(=N1)CS(=O)(=O)CC(=O)N
D01977,CC(C(=O)NC1=CC=C(C=C1)S(=O)(=O)N)SC2=C(C=CC=C2Cl)Cl
D01978,CC(C(=O)NC1=CC=CC=C1Cl)OC(=O)C2=CC(=CC=C2)NC(=O)C
D01979,CCC1=NC2=CC=CC=C2C(=C1C)C(=O)OC(C)C3=CC=CC=C3Cl
D01980,CC1CCCCC1NC(=O)COC(=O)CNS(=O)(=O)C2=CC3=C(CCCC3)C=C2
D01981,CC1=CC=C(C=C1)C2=NOC(=C2)NC(=O)CN3CCCC3
D01982,CCC1=NC2=CC=CC=C2C(=C1C)C(=O)OC(C)C(=O)N3C(CCCC3C)C
D01983,CC1=CC(=C(C(=C1)C)NC(=O)COC(=O)COC2=CC=CC=C2Cl)C
D01984,CC1=C(SC(=N1)C2=CC=C(C=C2)F)C(=O)NCC(=O)NC(C)(C)C
D01985,CC(C1=CC=CC=C1Br)NC(=O)COC2=CC=CC=C2Br
D01986,CC(C(=O)NC1=CC=CC2=CC=CC=C21)OC(=O)COC3=CC=CC=C3Cl
D01987,CC1=CC2=C(C=C1C)OC(=O)C=C2COC(=O)COC3=CC=CC=C3Cl
D01988,CCC1=C(SC(=C1)C(=O)OCC(=O)NCC2=CC=C(C=C2)C(=O)OC)C
D01989,C1=CC=C2C(=C1)C=C(S2)C(=O)NC3=CC=NC=C3
D01990,CC1CCN(CC1)C(=O)COC(=O)C2=CN(N=C2C3=CC=C(C=C3)C)C4=CC=CC=C4
D01991,COC1=CC=CC=C1C(=O)NC(=O)COC(=O)C2=CC3=C(C=C2)SCCC(=O)N3
D01992,CC1CN(CC(O1)C)C(=O)COC(=O)C2=CC=C(S2)C3=CC=C(C=C3)Cl
D01993,CC(C)COC1=C(C=C(C=C1Cl)C=CC(=O)OC2CCCCC2=O)OC
D01994,CCC1=C(SC(=C1)C(=O)OCC(=O)NC2=CC=CC=C2F)C
D01995,COC1=C(C=C(C=C1)C2=NC(=CS2)C(=O)NCC(=O)OC)OC
D01996,CC(C)C(C(=O)NC(=O)N)OC(=O)CNS(=O)(=O)C1=CC2=C(CCCC2)C=C1
D01997,CC1=CC=C(C=C1)NC(=O)COC(=O)CNS(=O)(=O)C2=CC3=C(CCCC3)C=C2
D01998,CC1=C(C=C(C=C1)S(=O)(=O)C)C(=O)OCC2=C(C=C(C=C2)Br)F
D01999,CCC1CCCCN1C(=O)CN2C(=O)C(NC2=O)(C)C3=CC=C(C=C3)OC
D02000,C1CS(=O)(=O)CC1NC(=O)COC(=O)COC2=CC=CC=C2Cl
D02001,CCC1=NC2=CC=CC=C2C(=C1C)C(=O)OCC(=O)NC(C)(C#N)C3CC3
D02002,C1=CC=C(C=C1)N(CC#N)C(=O)COC(=O)C2=CC=C(S2)C3=CC=C(C=C3)Cl
D02003,CC1=C(C=C(C=C1)Cl)NC(=O)CSC
D02004,C1=CC=C(C(=C1)NC(=O)COC2=CC=CC=C2Br)OC(F)F
D02005,C1=CSC(=C1)C[NH2+]C(CO)(CO)CO
D02006,CC(C)(C)C1=CC=C(C=C1)SCC(=O)N2CCNC2=O
D02007,CC1=CC(=C(N1CC2=CC=CS2)C)C(=O)COC(=O)COC3=CC=CC=C3Cl
D02008,CC(C)CCC(=O)OCC(=O)NC1=CC(=CC=C1)S(=O)(=O)N(C)C2=CC=CC=C2
D02009,CC(C(=O)NC1=CC=C(C=C1)S(=O)(=O)N)SC2=C(C=CC=C2Cl)Cl
D02010,CCC1=C(SC(=C1)C(=O)OCC(=O)NC2=CC=CC=C2F)C
D02011,CCC1=C(SC(=C1)C(=O)OCC(=O)NC2=C(C(=CC=C2)Cl)Cl)C
D02012,C1=CC=C(C(=C1)NC(=O)COC2=CC=CC=C2Br)OC(F)F
D02013,CN(C1=CC=CC=C1)C(=O)CN2C3=CC=CC=C3N=CC2=O
D02014,CC1=CC(=C(C(=C1)C)C(=O)COC(=O)C2=CC3=C(C=C2)SCCC(=O)N3)C
D02015,CC1=CC=CC=C1C=CC(=O)OCC(=O)NC2CCCC3=CC=CC=C23
D02016,CCOC1=CC=CC=C1COC(=O)CN(C)S(=O)(=O)C2=CC=C(C=C2)F
D02017,CC(C)C(C)(C#N)NC(=O)COC(=O)CNS(=O)(=O)C1=CC2=C(CCCC2)C=C1
D02018,CCC1=NC2=CC=CC=C2C(=C1C)C(=O)OC(C)C3=CC=CC=C3Cl
D02019,C=CCNC1=NN=C(S1)SCC2=CC=CC3=C2N=CC=C3
D02020,CC1=CC(=C(C(=C1)C)C(=O)COC(=O)C2=CC3=C(C=C2)SCCC(=O)N3)C
D02021,CCOC(=O)C1=C(NC(=C1C(=O)COC(=O)CCC(C)C)C)C
D02022,CCCN1C(=O)C(=CC2=CC=CC=C2F)NC1=S
D02023,CC1=C(C2=CC=CC=C2N1)C(=O)C(C)OC(=O)COC3=CC=CC=C3Cl
D02024,C1=CC=C2C(=C1)C(C3=CC=CC=C32)OC(=O)COC4=CC=CC=C4Cl
D02025,CC(CN1C(=O)C2=C(C=C(C=C2)C(=O)OC)N=C1SC(C)C(=O)N3CCCC3)O
D02026,CC(CN1C(=O)C2=C(C=C(C=C2)C(=O)OC)N=C1SCC(=O)N)O
D02027,C1=CC=C(C=C1)CCCNC(=O)COC2=CC=CC=C2Br
D02028,CC(C)(C)C1=CC=C(C=C1)SCC(=O)NC2=CC=C(C=C2)C(=O)N
D02029,COCCNC(=O)N1CCN(CC1)C2=CC=CC=C2Cl
D02030,CC(C)(C)C1=CC=C(C=C1)SCN2C(=O)C3=CC=CC=C3N=N2
D02031,CC(C(=O)NC1CC1)OC(=O)CNS(=O)(=O)C2=CC3=C(CCCC3)C=C2
D02032,CCCOC1=C(C=C(C=C1Cl)C=CC(=O)OC(C)C(=O)NC2CC2)OC
D02033,CC1=CC=C(C=C1)C(=O)C(C)OC(=O)C2=CC3=C(C=C2)SCCC(=O)N3
D02034,CCC1=NC2=CC=CC=C2C(=C1C)C(=O)OC(C)C(=O)NC3CCCC4=CC=CC=C34
D02035,C1=CNC(=C1)C(=O)COC(=O)C2=C(C=C(C=C2)F)Br
D02036,CCC(C)C(=NNC1=C(C=C(C=C1)[N+](=O)[O-])[N+](=O)[O-])C
D02037,CC(C1=CC=C(C=C1)S(=O)(=O)C)NC(=O)CNC(=O)C2=CC=CO2
D02038,C1=CC=C(C(=C1)OCC(=O)OCC(=O)NC2=CC3=C(C=C2)OC(O3)(F)F)Cl
D02039,CC(=O)C1=CC2=C(C=C1NC(=O)CSC3=C(C=CC=C3Cl)Cl)OCO2
D02040,CC(C#N)OC(=O)CNS(=O)(=O)C1=CC2=C(CCCC2)C=C1
D02041,CC(C)CCC(=O)OCC(=O)NC1=NC(=CS1)C2=C(C=CC(=C2)OC)OC
D02042,CCC1=C2C(=CC=C1)C(=CN2)C(=O)COC(=O)COC3=CC=CC=C3Cl
D02043,C1CCC2=C(C1)C=CC(=C2)S(=O)(=O)NCC(=O)OCC(=O)N3CCOCC3
D02044,CC(C)(C)C1=CC=C(C=C1)SCC(=O)NC2=CC=C(C=C2)C(=O)N
D02045,CN(C)S(=O)(=O)C1=CC=CC(=C1)NC(=O)COC2=CC=CC=C2Br
D02046,C1CCC(C1)NC(=O)NC(=O)COC2=CC=CC=C2Br
D02047,CC(C)CCC(=O)OCC(=O)NC1=CC(=C(C=C1)Cl)[N+](=O)[O-]
D02048,C1=CC=C(C=C1)N(CC#N)C(=O)COC(=O)C2=CC=C(S2)C3=CC=C(C=C3)Cl
D02049,C#CCNC(=O)N1CCN(CC1)C2=CC=C(C=C2)F
D02050,CC1=CC=C(C=C1)C2=NN(C=C2C(=O)OCC3=CC4=C(C=C3)OCO4)C5=CC=CC=C5
D02051,CC1=CC=CC=C1C=CC(=O)OC(C)C(=O)NC2=CC=C(C=C2)NC(=O)C
D02052,CCC(C1=CC=C(C=C1)C)NC(=O)COC(=O)COC2=CC=CC=C2Cl
D02053,C1=CC=C2C(=C1)C(=O)N(C2=O)COC(=O)COC3=CC=CC=C3Cl
D02054,CC1=CC(=C(C(=O)N1)CNC(=O)C2=CC=CC=C2C(F)(F)F)C
D02055,CC(C)CCC(=O)OCC(=O)NC1(CCCCC1)C#N
D02056,CC1CC2=CC=CC=C2N1C(=O)COC(=O)CN(C)S(=O)(=O)C3=CC=C(C=C3)F
D02057,CC(C(=O)N1CCN(CC1)S(=O)(=O)C2=CC=CC=C2)SCC3=CC(=CC=C3)Cl
D02058,CCC1=NC2=CC=CC=C2C(=C1C)C(=O)OCC(=O)C3=CC=CC=C3Cl
D02059,CC(C(=O)NC1=CC=C(C=C1)S(=O)(=O)N)SC2=CC=C(C=C2)C(C)(C)C
D02060,CCCOC1=CC=CC=C1NC(=O)C2=CC3=NC=CN=C3C=C2
D02061,CC1=CC=C(C=C1)C2=NN(C=C2C(=O)OCC(=O)NC(C)C(C)C)C3=CC=CC=C3
D02062,CC(C)CCC(=O)OCC(=O)NC1=CC=CC=C1CC2=CC=CC=C2
D02063,CC1=C2C(=CC=C1)C(=O)N(C=N2)CCC(=O)NC3=CC=CC4=C3C=CC=N4
D02064,CC1CCN(CC1)C(=O)COC(=O)C2=CN(N=C2C3=CC=C(C=C3)C)C4=CC=CC=C4
D02065,CC(C)(C)NC(=O)CSC1=NN=NN1CC2CCCO2
D02066,CC(C(=O)NC1=CC=C(C=C1)C(=O)N)OC2=CC(=CC(=C2)Cl)Cl
D02067,C1CCC2(CC1)CC(=O)N(C2=O)CC(=O)C3=CC4=CC=CC=C4C=C3
D02068,CC1=CC(=C(C(=O)N1)CNC(=O)C2=CC=CC=C2C(F)(F)F)C
D02069,CC(C(=O)N)SC1=NC2=C(C=CC(=C2)C(=O)OC)C(=O)N1CC3CCCO3
D02070,CC1=C(C=C(C=C1)S(=O)(=O)N2CCOCC2)NC(=O)COC(=O)CCC(C)C
D02071,C1CS(=O)(=O)CC1NC(=O)COC(=O)COC2=CC=CC=C2Cl
D02072,CCCOC1=C(C=C(C=C1Cl)C=CC(=O)OCC2=CC=C(C=C2)C#N)OC
D02073,CC1CCC2=CC=CC=C2N1C(=O)CN3CCNC(=O)C3
D02074,CCCNC(=O)NC(=O)COC(=O)C1=CN(N=C1C2=CC=C(C=C2)C)C3=CC=CC=C3
D02075,CN(CC(=O)OCC1=CC=CC=C1Cl)S(=O)(=O)C2=CC=C(C=C2)F
D02076,CN(C)S(=O)(=O)C1=CC=CC(=C1)NC(=O)COC2=CC=CC=C2Br
D02077,CC(C1=C(C=C(C=C1)F)F)NC(=O)COC2=CC=CC=C2Br
D02078,CC(C#N)(C1CC1)NC(=O)CSC2=C(C=CC=C2Cl)Cl
D02079,COC1=C2C(=CC=C1)SC(=N2)NC(=O)C3=C(C=CC(=C3)[N+](=O)[O-])OC
D02080,CC1=CC=C(C=C1)OCCCC(=O)N2CCC3=CC(=C(C=C3C2CC(=O)OC)OC)OC
D02081,CCC1=C(SC(=C1)C(=O)OCC(=O)NC2=C(C=CC(=C2)[N+](=O)[O-])OC)C
D02082,CC1=C(C=C(C=C1)C(C)NC(=O)COC(=O)C2=CC3=C(C=C2)SCCC(=O)N3)C
D02083,CC1=C(OC2=C1C=C(C=C2)OC)C(=O)NC3=CC(=NN3C)C(C)(C)C
D02084,CC1=CC(=C(N1CC2CCCO2)C)C(=O)COC3=CC=CC=C3Br
D02085,CC1=CC=C(C=C1)C2=NN(C=C2C(=O)OCC3=CC=C(C=C3)C#N)C4=CC=CC=C4
D02086,CC1=C(C=C(C=C1)S(=O)(=O)N2CCOCC2)NC(=O)COC(=O)CCC(C)C
D02087,C1=CC=C2C(=C1)C=CN(C2=O)CC(=O)NC3=CC=C(C=C3)OC(F)F
D02088,CC(C)C(C(=O)NC(=O)N)OC(=O)CNS(=O)(=O)C1=CC2=C(CCCC2)C=C1
D02089,C1CC1NC(=O)NC(=O)COC(=O)C2=CC=C(S2)C3=CC=C(C=C3)Cl
D02090,CC1=CC=C(C=C1)C2=NN(C=C2C(=O)OCC3=CC=C(C=C3)C#N)C4=CC=CC=C4
D02091,CC1=CC(=CC(=C1)N2C=CN=C2SCC(=O)N(C)CCC#N)C
D02092,CC(C)(C)C1=CC=C(C=C1)SCC(=O)NN2C(=O)C3(CCCCC3)NC2=O
D02093,CN(CC1=CC=CC=C1)C(=O)COC(=O)C2=CC3=C(C=C2)SCCC(=O)N3
D02094,CC(C)C(C)NC(=O)CSC1=CC=C(C=C1)[N+](=O)[O-]
D02095,C1=CC(=CC(=C1)S(=O)(=O)N)NC(=O)COC2=CC(=CC(=C2)Cl)Cl
D02096,CCC(C1=CC=C(C=C1)C)NC(=O)COC(=O)COC2=CC=CC=C2Cl
D02097,CCN(C1=CC=CC=C1)C(=O)COC(=O)C2=CC3=C(C=C2)SCCC(=O)N3
D02098,CC(CN1C(=O)C2=C(C=C(C=C2)C(=O)OC)N=C1SC(C)C(=O)N3CCCC3)O
D02099,CC(C(=O)NC1=CC=CC=C1[N+](=O)[O-])OC2=CC(=CC(=C2)Cl)Cl
D02100,CCC1=NC2=CC=CC=C2C(=C1C)C(=O)OC(C)C(=O)N3C(CCCC3C)C
D02101,CC1=C(OC2=C1C=C(C=C2)OC)C(=O)NC3=CC(=NN3C)C(C)(C)C
D02102,CC(CN1C(=O)C2=C(C=C(C=C2)C(=O)OC)N=C1SCC=CC3=CC=CC=C3)O
D02103,CCC1=C(SC(=C1)C(=O)OCC(=O)NC2=C(C=CC(=C2)Cl)OC)C
D02104,CC1=CC=C(C=C1)NC(=O)COC(=O)CNS(=O)(=O)C2=CC3=C(CCCC3)C=C2
D02105,CCC1CCCCN1C(=O)CN2C(=O)C(NC2=O)(C)C3=CC=C(C=C3)OC
D02106,CC(CN1C(=O)C2=C(C=C(C=C2)C(=O)OC)N=C1SC(C)C(=O)N3CCCC3)O
D02107,CC(CN1C(=O)C2=C(C=C(C=C2)C(=O)OC)N=C1SCC=CC3=CC=CC=C3)O
D02108,CC1=CC(=C(C(=O)N1)CNC(=O)C2=C(C(=CC=C2)OC)OC)C
D02109,CC1=CC(=C(C=C1)NC(=O)COC2=CC=CC=C2Br)Cl
D02110,CCOC1=CC=CC2=C1OC(=C2)C(C)NC(=O)CNC(=O)CC34CC5CC(C3)CC(C5)C4
D02111,CC(C)(C)C1=CC=C(C=C1)SCC(=O)N2CCNC2=O
D02112,CCOC1=CC=CC=C1COC(=O)CN(C)S(=O)(=O)C2=CC=C(C=C2)F
D02113,C1CS(=O)(=O)CC1NC(=O)COC(=O)COC2=CC=CC=C2Cl
D02114,C1CCC(CC1)(CNC(=O)C2=CC(=C(C=C2)Cl)Cl)N3CCOCC3
D02115,C1=CC=C2C(=C1)C(=O)N(C2=O)COC(=O)COC3=CC=CC=C3Cl
D02116,CCC(C1=CC=C(C=C1)C)NC(=O)COC(=O)COC2=CC=CC=C2Cl
D02117,CCOC(=O)NC(=O)CSC1=NN=C(S1)SCC2=CC=C(C=C2)C(C)C
D02118,C1CSC2=C(C=C(C=C2)C(=O)OCC(=O)NC3=C(C(=C(C=C3)F)F)F)NC1=O
D02119,CC(C)C(C)(C#N)NC(=O)COC1=CC=CC=C1Br
D02120,CC1=CC=C(C=C1)C2=NN(C=C2C(=O)OCC(=O)NC3=NOC(=C3)C)C4=CC=CC=C4
D02121,CC1=CC=CC=C1C=CC(=O)OCC(=O)NC2CCCC3=CC=CC=C23
D02122,C1=CC=C(C(=C1)OCC(=O)OCC(=O)NC2=CC3=C(C=C2)OC(O3)(F)F)Cl
D02123,CC(C)(C)C1=CC=C(C=C1)SCC(=O)NN2C(=O)C3(CCCCC3)NC2=O
D02124,CC1=CC(=C(C(=C1)C)C(=O)COC(=O)C2=CC3=C(C=C2)SCCC(=O)N3)C
D02125,C1CC1NC(=O)NC(=O)COC(=O)C2=CC=C(S2)C3=CC=C(C=C3)Cl
D02126,CC(C(=O)C1=CC=C(C=C1)OC)OC(=O)C2=CC3=C(C=C2)SCCC(=O)N3
D02127,CCC1=C(SC(=C1)C(=O)OCC(=O)NC2=CC=CC=C2C(=O)NCC(C)C)C
D02128,CNC(=O)COC(=O)C1=CC2=C(C=C1)SCCC(=O)N2
D02129,CC1=C(C=CC(=C1)Br)NC(=O)CNC(=O)C2=CNC(=O)C=C2
D02130,CCC(C1=CC=C(C=C1)C)NC(=O)COC(=O)COC2=CC=CC=C2Cl
D02131,COC1=C(C=C(C=C1)C2=NC(=CS2)C(=O)NCC(=O)OC)OC
D02132,C1CCC(C1)NC(=O)NC(=O)COC2=CC=CC=C2Br
D02133,CCC1=NC2=CC=CC=C2C(=C1C)C(=O)OCC(=O)NCCN3C(=O)CSC3=O
D02134,CCCOC1=CC=CC=C1NC(=O)C2=CC3=NC=CN=C3C=C2
D02135,C1=CC=C(C(=C1)C(=O)NNC(=O)CSC2=C(C=CC=C2Cl)Cl)F
D02136,CC1=CC=C(C=C1)C(=O)NCC2=CC=C(C=C2)CN3CCOCC3
D02137,C1CCC(CC1)NC(=O)NC(=O)COC2=CC=CC=C2Br
D02138,CC1=CC(=C(C(=C1)C)C(=O)COC(=O)C2=CC3=C(C=C2)SCCC(=O)N3)C
D02139,CC(C)COC1=C(C=C(C=C1Cl)C=CC(=O)OCC#N)OC
D02140,C1=CC=C(C(=C1)CNC2=NN=N[N-]2)OCC3=CC=C(C=C3)F
D02141,CC1=CC=C(C=C1)C2=NC(=CS2)COC(=O)C3=CC4=C(C=C3)SCCC(=O)N4
D02142,C1=CC=C(C(=C1)OCC(=O)OCC(=O)NC2=CC3=C(C=C2)OC(O3)(F)F)Cl
D02143,CC(C)CCC(=O)OCC(=O)NC1=CC=CC=C1C(=O)NC2=CC=CC=C2
D02144,C1=CC(=CC=C1C(=O)CN2C=NC3=C(C2=O)SC=C3)F
D02145,CCC1=NC2=CC=CC=C2C(=C1C)C(=O)OC(C)C(=O)NC3=CC=CC=C3OC
D02146,CC1=C(SC(=N1)C2=CC=C(C=C2)F)C(=O)NCC(=O)NC(C)(C)C
D02147,CCC1=NC2=CC=CC=C2C(=C1C)C(=O)OCC(=O)C3=CC=CC=C3Cl
D02148,CC(C1=CC=CS1)NC(=O)COC2=CC=CC=C2Br
D02149,CCC1=C(SC(=C1)C(=O)OCC(=O)NC2=CC(=CC=C2)[N+](=O)[O-])C
D02150,CCC1=NC2=CC=CC=C2C(=C1C)C(=O)OC(C)C3=CC=CC=C3Cl
D02151,COC1=CC2=C(C=C1)C(=CC(=O)O2)COC(=O)C3=CC4=C(C=C3)SCCC(=O)N4
D02152,CC1=CC(=C(C(=C1)C)C(=O)COC(=O)C2=CC3=C(C=C2)SCCC(=O)N3)C
D02153,CCC1=NC2=CC=CC=C2C(=C1C)C(=O)OCC(=O)NC3=C(C=CC(=C3)Cl)C
D02154,CC(C)C(C(=O)NC(=O)N)OC(=O)CNS(=O)(=O)C1=CC2=C(CCCC2)C=C1
D02155,C1CCC(C1)NC(=O)COC(=O)C2=CC3=C(C=C2)SCCC(=O)N3
D02156,CCOC1=CC=CC2=C1OC(=C2)C(C)NC(=O)CNC(=O)CC34CC5CC(C3)CC(C5)C4
D02157,CC(C1=CC=C(C=C1)Br)NC(=O)COC2=CC=CC=C2Br
D02158,CC1CCCCC1NC(=O)COC(=O)C2=C(C=CC(=C2)S(=O)(=O)C)C
D02159,CCS(=O)(=O)C(C)C(=O)NC1=C(C=C(C(=C1)C)Cl)OC
D02160,CC(C)C(C(=O)NC(=O)N)OC(=O)CNS(=O)(=O)C1=CC2=C(CCCC2)C=C1
D02161,CC1=C(NC(=C1C(=O)C)C)C(=O)OC(C)C2=NC(=NO2)C3=CC=CC=C3
D02162,C#CCNC(=O)N1CCN(CC1)C2=CC=C(C=C2)F
D02163,CC1CCCCC1NC(=O)NC(=O)COC2=CC=CC=C2Br
D02164,CC(C)N1C(=CC=N1)NC(=O)C(C)OC(=O)C2=CC=C(S2)C3=CC=C(C=C3)Cl
D02165,CC1CCN(C2=CC=CC=C2S1)C(=O)COC3=CC=CC=C3Br
D02166,CC(C)CCC(=O)OCC(=O)NC1=C(C=CC(=C1)S(=O)(=O)N2CCCCC2)OC
D02167,CC1=C(C=CC2=C1OC(=O)C=C2COC(=O)CCC(C)C)O
D02168,CC(C)(C)C1=CC=C(C=C1)SCC(=O)NC2=CC=C(C=C2)C(=O)N
D02169,CC1=C(C=C(C=C1)S(=O)(=O)C)C(=O)OCC(=O)NC(C)(C#N)C(C)C
D02170,CNC(=O)COC(=O)C1=CC2=C(C=C1)SCCC(=O)N2
D02171,CC1=C(C=C(C=C1)S(=O)(=O)NC(C2=CC=CC=C2)C3=NC=CN3C)C
D02172,CC(CN1C(=O)C2=C(C=C(C=C2)C(=O)OC)N=C1SC(C)C(=O)N3CCCC3)O
D02173,COC1=C(C=C(C=C1)F)COC(=O)C2=CC3=C(C=C2)SCCC(=O)N3
D02174,C1CSC2=C(C=C(C=C2)C(=O)OCCOC3=CC=CC=C3F)NC1=O
D02175,COC1=CC2=CC=CC=C2C=C1C(=O)NC3=CC=C(C=C3)S(=O)(=O)N4CCCCC4
D02176,CCC1=CC=CC=C1NC(=O)CNC(=O)C2=CC(=CC=C2)NC(=O)C
D02177,CCOC1=C(C=C2C(=C1)CC(O2)C)CNC(=O)CC3=CC=C(S3)S(=O)(=O)N4CCCC4
D02178,CCCN1C(=O)C(=CC2=CC=CC=C2F)NC1=S
D02179,CC1=CC(=NO1)NC(=O)COC(=O)C=CC2=CC(=C(C(=C2)Cl)OCC(C)C)OC
D02180,CCC1=C(SC(=C1)C(=O)OCC(=O)NC2=CC=CC=C2F)C
D02181,CC(C)CCC(=O)OC(C)C(=O)NC1=CC=C(C=C1)S(=O)(=O)NC(C)C
D02182,COC1=CC(=CC(=C1OC)OC)NC(=O)C2=NNC3=CC=CC=C32
D02183,CC(C(=O)NC1=CC=CC=C1OC)SC2=CC=C(C=C2)C(C)(C)C
D02184,CC1=CC=C(C=C1)NC(=O)COC(=O)CNS(=O)(=O)C2=CC3=C(CCCC3)C=C2
D02185,CC(C(=O)N1CCCC1)OC(=O)CN(C)S(=O)(=O)C2=CC=C(C=C2)F
D02186,C#CCNC(=O)N1CCN(CC1)C2=CC=C(C=C2)F
D02187,CCC1=NC2=CC=CC=C2C(=C1C)C(=O)OC(C)C(=O)NC3=CC=CC(=C3)C#N
D02188,CCNC(=O)NC(=O)COC(=O)C1=C(C=CC(=C1)S(=O)(=O)C)C
D02189,CC(C(=O)C1=CC2=C(CCC2)C=C1)OC(=O)COC3=CC=CC=C3Cl
D02190,CC(C)(C)C1=CC=C(C=C1)SCN2C(=O)C3=CC=CC=C3N=N2
D02191,CC1=NC(=C(C=C1Cl)Cl)NC(=O)COC(=O)CCC(C)C
D02192,CC1=CC(=CC=C1)N2C(=O)CCC(=N2)C(=O)NC3=C(C=C(C=C3)F)Cl
D02193,CC(C)CCC(=O)OC(C(C)C)C(=O)NC(=O)N
D02194,CC(C(=O)NC1=CC=CC=C1Cl)OC(=O)C2=CC(=CC=C2)NC(=O)C
D02195,CC1=CC2=C(C=C1)N=C(S2)NC(=O)C3=CSC=C3
D02196,CC(C)COC1=C(C=C(C=C1Cl)C=CC(=O)OCC(=O)N(C)C)OC
D02197,C1CS(=O)(=O)CC1NC(=O)COC(=O)C2=CC=C(S2)C3=CC=C(C=C3)Cl
D02198,CC1CCCCC1NC(=O)COC(=O)CNS(=O)(=O)C2=CC3=C(CCCC3)C=C2
D02199,CCC1=NC2=CC=CC=C2C(=C1C)C(=O)OCC3=CC(=CC4=C3OCOC4)Cl
D02200,CCC1=C(SC(=C1)C(=O)OCC(=O)NC2=C(C=C(C=C2)Cl)[N+](=O)[O-])C
D02201,C1=CC(=C(C=C1C2=CC=C(O2)CO)C(=O)[O-])Cl
D02202,CC(C)N1C(=CC=N1)NC(=O)C(C)SC2=C(C=CC=C2Cl)Cl
D02203,CCCCCNC(=O)C(C)S(=O)(=O)CC1=NC(=NO1)C
D02204,CC1CCCCC1NC(=O)COC(=O)CNS(=O)(=O)C2=CC3=C(CCCC3)C=C2
D02205,C1=CC=C(C(=C1)NC(=O)CCC(=O)C2=CC=CS2)O
D02206,CC(C)C(C(=O)NC(=O)N)OC(=O)COC1=CC=CC=C1Cl
D02207,CC(C1=CC=CS1)NC(=O)COC2=CC=CC=C2Br
D02208,CC(C)N1C(=CC=N1)NC(=O)C(C)SC2=C(C=CC=C2Cl)Cl
D02209,C1CCC(CC1)(CNC(=O)C2=CC(=C(C=C2)Cl)Cl)N3CCOCC3
D02210,CC(C(=O)NC1=CC=C(C=C1)C(=O)N)OC2=CC(=CC(=C2)Cl)Cl
D02211,C1CC2=C(C1)C=C(C=C2)NC(=O)COC3=CC=CC=C3Br
D02212,CC1=C(C=C(C=C1)S(=O)(=O)C)C(=O)OCC(=O)NC(C)(C#N)C(C)C
D02213,CC(C(=O)NC1=CC=CC=C1Cl)OC(=O)C2=CC(=CC=C2)NC(=O)C
D02214,CC(C)NC(=O)CNC(=O)C1=CC=CC=C1C2=CC=CC=C2
D02215,CCC1=C(SC(=C1)C(=O)OCC(=O)NC2=CC=CC=C2F)C
D02216,C1=CC=C2C(=C1)C(=CN2)CC(=O)NC3=CC=CC=C3O
D02217,COCCNC(=O)N1CCN(CC1)C2=CC=CC=C2Cl
D02218,CCC1=NC2=CC=CC=C2C(=C1C)C(=O)OCC(=O)C3=CC4=C(CCCC4)C=C3
D02219,CC1=CC(=C(C(=C1)C)C(=O)COC(=O)C2=CC3=C(C=C2)SCCC(=O)N3)C
D02220,CCCCC1=CC=C(C=C1)NC(=O)COC(=O)COC2=CC=CC=C2Cl
D02221,CC(C)N1C(=CC=N1)NC(=O)C(C)SC2=C(C=CC=C2Cl)Cl
D02222,CC(C(=O)NCC1=CC=C(C=C1)OC)SC2=C(C=CC=C2Cl)Cl
D02223,CC1=CC=C(C=C1)OCCCC(=O)N2CCC3=CC(=C(C=C3C2CC(=O)OC)OC)OC
D02224,CC(C(=O)NC1=CC=CC=C1OC)SC2=CC=C(C=C2)C(C)(C)C
D02225,C#CCNC(=O)N1CCN(CC1)C2=CC=C(C=C2)F
D02226,CCC(C)C(=NNC1=C(C=C(C=C1)[N+](=O)[O-])[N+](=O)[O-])C
D02227,C1=CC=C(C(=C1)NC(=O)COC2=CC=CC=C2Br)OC(F)F
D02228,CCC1=CC=C(C=C1)NC(=O)C(C)OC(=O)COC2=CC=CC=C2Cl
D02229,CC(C)CCC(=O)OCC(=O)NC1=CC(=NN1C)C2=CC=C(C=C2)Cl
D02230,CC1CCCC(N1C(=O)COC(=O)C2=CC3=C(C=C2)SCCC(=O)N3)C
D02231,CCCOC1=CC=CC=C1NC(=O)C2=CC3=NC=CN=C3C=C2
D02232,CC1=C(C2=CC=CC=C2N1)C(=O)C(C)OC(=O)COC3=CC=CC=C3Cl
D02233,CC1CCCCC1NC(=O)COC(=O)CNS(=O)(=O)C2=CC3=C(CCCC3)C=C2
D02234,CC(C)CCC(=O)OCC(=O)NC(=O)C1=CC=CC=C1OC
D02235,CCC1=NC2=CC=CC=C2C(=C1C)C(=O)OCC3=CC(=CC=C3)Cl
D02236,C1CC(=O)N(C1)C2=CC=C(C=C2)CC(=O)NC3CCSC4=CC=CC=C34
D02237,C1=CC=C(C(=C1)NC(=O)COC2=CC=CC=C2Br)OC(F)F
D02238,CC(C(=O)N1CCCC1)OC(=O)CN(C)S(=O)(=O)C2=CC=C(C=C2)F
D02239,CCC1=NC2=CC=CC=C2C(=C1C)C(=O)OC(C)C(=O)N3C(CCCC3C)C
D02240,CC1=CC2=C(C=C1Cl)C(=CC(=O)O2)COC(=O)COC3=CC=CC=C3Cl
D02241,CC(CN1C(=O)C2=C(C=C(C=C2)C(=O)OC)N=C1SCC(=O)N)O
D02242,CC1=C(C=C(C=C1)S(=O)(=O)C)C(=O)OCC(=O)NC2=CC(=C(C=C2)C)F
D02243,CCC(C1=CC=C(C=C1)C)NC(=O)COC(=O)COC2=CC=CC=C2Cl
D02244,CC(C)C(C)(C#N)NC(=O)COC1=CC=CC=C1Br
D02245,CC(C)(C)C1=CC=C(C=C1)SCC(=O)NC2=CC=C(C=C2)C(=O)N
D02246,CCC1=C(SC(=C1)C(=O)OCC(=O)NC2=C(C=C(C=C2)Cl)[N+](=O)[O-])C
D02247,CC1=CC=C(C=C1)C(=O)NCC2=CC=C(C=C2)CN3CCOCC3
D02248,COC1=C(C=C(C=C1)COC(=O)CNS(=O)(=O)C2=CC3=C(CCCC3)C=C2)F
D02249,CC(C)(C)C1=CC=C(C=C1)SCC(=O)N(C2CCS(=O)(=O)C2)C3=CC=CC=C3
D02250,CC(C#N)(C1CC1)NC(=O)COC2=CC=CC=C2Br
D02251,CC(C(=O)NC1=CC=C(C=C1)C(=O)N)OC2=CC(=CC(=C2)Cl)Cl
D02252,C1=CC=C(C(=C1)C#N)NC(=O)COC(=O)C2=CC=C(S2)C3=CC=C(C=C3)Cl
D02253,CCC1=C(SC(=C1)C(=O)OCC(=O)NC2=C(C=CC=C2C(C)C)C)C
D02254,C1CC(=O)N(C1)C2=CC=C(C=C2)OCC(=O)N3CCC4=CC=CC=C43
D02255,CC(C(=O)NC1=CC=CC=C1Cl)OC(=O)C2=CC(=CC=C2)NC(=O)C
D02256,CCC1=C(SC(=C1)C(=O)OCC(=O)NC2=C(C(=CC=C2)Cl)Cl)C
D02257,CC1=C(NC(=C1C(=O)C)C)C(=O)OC(C)C2=NC(=NO2)C3=CC=CC=C3
D02258,C1=CC=C(C=C1)N(CC#N)C(=O)COC(=O)C2=CC=C(S2)C3=CC=C(C=C3)Cl
D02259,CCC(C1=CC=C(C=C1)C)NC(=O)COC(=O)COC2=CC=CC=C2Cl
D02260,CCC1=CC=CC=C1NC(=O)COC(=O)COC2=CC=CC=C2Cl
D02261,CC1CCCCC1NC(=O)COC(=O)CNS(=O)(=O)C2=CC3=C(CCCC3)C=C2
D02262,CCC(C)C(=NNC1=C(C=C(C=C1)[N+](=O)[O-])[N+](=O)[O-])C
D02263,CC(C(=O)C1=CC=C(C=C1)OC)OC(=O)C2=CC3=C(C=C2)SCCC(=O)N3
D02264,CC1=C(C=C(C=C1)S(=O)(=O)C)C(=O)OCC(=O)NC2=CC(=C(C=C2)C)F
D02265,CCC1=C(SC(=C1)C(=O)OCC(=O)NC2=C(C=C(C=C2)OC)[N+](=O)[O-])C
D02266,CC1=C(C=CC(=C1)NC(=O)COC(=O)CCC(C)C)Br
D02267,CCC1=NC2=CC=CC=C2C(=C1C)C(=O)OCC(=O)C3=CC=CC=C3Cl
D02268,CCC1CCCCN1C(=O)CN2C(=O)C(NC2=O)(C)C3=CC=C(C=C3)OC
D02269,COCCNC(=O)N1CCN(CC1)C2=CC=CC=C2Cl
D02270,CC1=C(C=C(C=C1)S(=O)(=O)C)C(=O)OCC(=O)C2=C(C=CC(=C2)F)OC
D02271,CC1CCCCC1NC(=O)COC(=O)CNS(=O)(=O)C2=CC3=C(CCCC3)C=C2
D02272,C1=CC=C(C(=C1)OCC(=O)NC2=C(C=CC(=C2)Cl)F)Br
D02273,C1CC(C2=CC=CC=C2C1)NC(=O)COC3=CC=CC=C3Br
D02274,CC(C(=O)NC(=O)NC)OC(=O)COC1=CC=CC=C1Cl
D02275,CCC1=C(SC(=C1)C(=O)OCC(=O)NC2=CC=CC=C2F)C
D02276,CC(C(=O)NC1=CC=CC=C1)OC(=O)CN(C)S(=O)(=O)C2=CC=C(C=C2)F
D02277,CNC(=O)COC(=O)C1=CC2=C(C=C1)SCCC(=O)N2
D02278,CCCNC(=O)COC(=O)C1=C(C=CC(=C1)S(=O)(=O)C)C
D02279,CCCOC1=C(C=C(C=C1Cl)C=CC(=O)OC(C)C(=O)NC2CC2)OC
D02280,CCC1=NC2=CC=CC=C2C(=C1C)C(=O)OCC3=CC(=CC4=C3OCOC4)Cl
D02281,CCC1=C(SC(=C1)C(=O)OCC(=O)NCC2=CC=C(C=C2)C(=O)OC)C
D02282,CN(CC(=O)OCC1=C(C=C(C=C1)Cl)Cl)S(=O)(=O)C2=CC=C(C=C2)F
D02283,CC(C(=O)C1=CC=C(C=C1)OC)OC(=O)C2=CC3=C(C=C2)SCCC(=O)N3
D02284,CC(C)NC(=O)CNC(=O)C1=CC=CC=C1C2=CC=CC=C2
D02285,CCC1=C(SC(=C1)C(=O)OCC(=O)NCC2=CC=C(C=C2)C(=O)OC)C
D02286,C1CC(C2=CC=CC=C2C1)NC(=O)COC3=CC=CC=C3Br
D02287,CCC1=NC2=CC=CC=C2C(=C1C)C(=O)OCC(=O)NC3=C(C=C(C=C3Cl)C)C
D02288,CC(C1=CC=CS1)NC(=O)COC2=CC=CC=C2Br
D02289,C1=CC=C(C(=C1)OCC(=O)OCC(=O)NC2=CC3=C(C=C2)OC(O3)(F)F)Cl
D02290,CC(C1=CC=CS1)NC(=O)COC2=CC=CC=C2Br
D02291,CC(C(=O)C1=CC=C(C=C1)OC)OC(=O)C2=CC3=C(C=C2)SCCC(=O)N3
D02292,CC(C)(C)C1=CC=C(C=C1)SCC(=O)NNC(=O)C2=CC=CC=C2
D02293,CCC1=NC2=CC=CC=C2C(=C1C)C(=O)OCC3=CC(=CC=C3)Cl
D02294,CC1=CC=C(C=C1)C(=O)NCC2=CC=C(C=C2)CN3CCOCC3
D02295,CCC1=C(SC(=C1)C(=O)OCC(=O)NCC2=CC=C(C=C2)C(=O)OC)C
D02296,CC1=C(NC(=C1C(=O)C)C)C(=O)OC(C)C2=NC(=NO2)C3=CC=CC=C3
D02297,CC(CN1C(=O)C2=C(C=C(C=C2)C(=O)OC)N=C1SC(C)C(=O)N3CCCC3)O
D02298,CC1CC2=CC=CC=C2N1C(=O)C(C)OC(=O)COC3=CC=CC=C3Cl
D02299,CC(C)C(C(=O)NC(=O)N)OC(=O)CNS(=O)(=O)C1=CC2=C(CCCC2)C=C1
D02300,CC(C)C1=NN=C(N1CC2=CC=CO2)SC(C)C(=O)N3CCNC3=O
D02301,CC(C1=CC(=CC=C1)C(F)(F)F)NC(C)C(=O)NC2=CC=CC=C2OC
D02302,CCCOC1=C(C=C(C=C1Cl)C=CC(=O)OC(C)C(=O)NC(=O)N)OC
D02303,CC1=CC=CC=C1C=CC(=O)OCC(=O)NC(C)C2=CC=CC=C2Br
D02304,CC(CN1C(=O)C2=C(C=C(C=C2)C(=O)OC)N=C1SCC3=CC(=CC=C3)C#N)O
D02305,C1=CC=C(C(=C1)NC(=O)COC2=CC=CC=C2Br)OC(F)F
D02306,CCOC(=O)C1=C(NC(=C1C(=O)COC(=O)COC2=CC=CC=C2Cl)C)C
D02307,CC1=CC=C(C=C1)C2=NN(C=C2C(=O)OCC3=CC4=C(C=C3)OCO4)C5=CC=CC=C5
D02308,CC(C#N)(C1CC1)NC(=O)CSC2=C(C=CC=C2Cl)Cl
D02309,CC1=CC=C(C=C1)OCCCC(=O)N2CCC3=CC(=C(C=C3C2CC(=O)OC)OC)OC
D02310,CC1=C(NC(=C1C(=O)C)C)C(=O)OC(C)C2=NC(=NO2)C3=CC=CC=C3
D02311,CCC1=C(SC(=C1)C(=O)OCC(=O)NC2=C(C=CC=C2C(C)C)C)C
D02312,CC(CN1C(=O)C2=C(C=C(C=C2)C(=O)OC)N=C1SCC3=CC(=CC=C3)C#N)O
D02313,CC1=CC=C(C=C1)C2=NN(C=C2C(=O)OCC(=O)NC3=NOC(=C3)C)C4=CC=CC=C4
D02314,C1CSC2=C(C=C(C=C2)C(=O)OCC(=O)NC3=CC=CC=C3C#N)NC1=O
D02315,CC(CN1C(=O)C2=C(C=C(C=C2)C(=O)OC)N=C1SCC(=O)N)O
D02316,CC(C(=O)N1CCN(CC1)S(=O)(=O)C2=CC=CC=C2)SCC3=CC(=CC=C3)Cl
D02317,CC(CN1C(=O)C2=C(C=C(C=C2)C(=O)OC)N=C1SCC3=CC(=CC=C3)F)O
D02318,CC1=CC(=C(N1C2CCS(=O)(=O)C2)C)C(=O)CSC3=CC=C(C=C3)C(C)(C)C
D02319,CCOC1=C(C=C2C(=C1)CC(O2)C)CNC(=O)CC3=CC=C(S3)S(=O)(=O)N4CCCC4
D02320,CC(C)COC1=C(C=C(C=C1Cl)C=CC(=O)OCC(=O)N2CCOCC2)OC
D02321,CCOC1=C(C=C2C(=C1)CC(O2)C)CNC(=O)CC3=CC=C(S3)S(=O)(=O)N4CCCC4
D02322,CC(C)(C)C(=O)CSC1=NC2=C(C=CC(=C2)C(=O)OC)C(=O)N1CC3=CC=CO3
D02323,CCC1=C(SC(=C1)C(=O)OCC(=O)NCC2=CC=C(C=C2)C(=O)OC)C
D02324,CCC1=C2C(=CC=C1)C(=CN2)C(=O)COC(=O)COC3=CC=CC=C3Cl
D02325,CC1=CC(=C(C(=C1)C)C(=O)COC(=O)C2=CC3=C(C=C2)SCCC(=O)N3)C
D02326,C1CC(CN(C1)C2=C(C=C(C=C2)[N+](=O)[O-])Cl)O
D02327,CCC1=NC2=CC=CC=C2C(=C1C)C(=O)OCC(=O)C3=CC=CC=C3Cl
D02328,CC(C)C(C)(C#N)NC(=O)COC(=O)C1=CC2=C(C=C1)SCCC(=O)N2
D02329,C1CCC2=C(C1)C=CC(=C2)S(=O)(=O)NCC(=O)OCC(=O)NC3CC3
D02330,CC(C)OC(=O)CSC1=NC2=C(C=CC(=C2)C(=O)OC)C(=O)N1CC(C)O
D02331,CCC1=C(SC(=C1)C(=O)OCC(=O)NC2=CC=CC=C2F)C
D02332,COC(=O)COC1=CC=C(C=C1)NC(=O)NCC2CC2
D02333,CN(CC(=O)OCC1=CC=CC=C1Cl)S(=O)(=O)C2=CC=C(C=C2)F
D02334,CC1=C(C=CC(=C1)NC(=O)COC(=O)CCC(C)C)Br
D02335,CC(CN1C(=O)C2=C(C=C(C=C2)C(=O)OC)N=C1SCC(=O)N)O
D02336,CN(C)S(=O)(=O)C1=CC=C(C=C1)NC(=O)COC2=CC=CC=C2Br
D02337,CC(C(=O)NC1=CC=C(C=C1)C(=O)N)OC2=CC(=CC(=C2)Cl)Cl
D02338,CC1=CC=C(C=C1)C2=NOC(=C2)NC(=O)CN3CCCC3
D02339,CC1=CC=C(C=C1)C2=NN(C=C2C(=O)OCC(=O)NC3=NOC(=C3)C)C4=CC=CC=C4
D02340,C1CCC(CC1)C(=O)N2CCC3=C(C2)SC4=NC=NC(=C34)N
D02341,CC1CCCCC1NC(=O)COC(=O)C2=C(C=CC(=C2)S(=O)(=O)C)C
D02342,CCC1=NC2=CC=CC=C2C(=C1C)C(=O)OCC3=CC4=C(C=C3)OCO4
D02343,CC(C(=O)C1=CC=C(C=C1)OC)OC(=O)C2=CC3=C(C=C2)SCCC(=O)N3
D02344,CC1=C(C=C(C=C1)C(=O)OCC(=O)NC2=CC=C(C=C2)SC)O
D02345,CC1=CC(=C(N1C2CCS(=O)(=O)C2)C)C(=O)CSC3=CC=C(C=C3)C(C)(C)C
D02346,CC(C)CCC(=O)OCC(=O)NC(=O)C1=CC=CC=C1OC
D02347,CC1CCCCC1NC(=O)COC(=O)C2=C(C=CC(=C2)S(=O)(=O)C)C
D02348,CC1=CC(=NO1)NC(=O)COC(=O)C=CC2=CC(=C(C(=C2)Cl)OCC(C)C)OC
D02349,CCC1=NC2=CC=CC=C2C(=C1C)C(=O)OCC(=O)NCCN3C(=O)CSC3=O
D02350,CC1=C(NC(=C1C(=O)C)C)C(=O)OC(C)C2=NC(=NO2)C3=CC=CC=C3
D02351,CC(C(=O)NC1=CC=C(C=C1)F)OC(=O)COC2=CC=CC=C2Cl
D02352,CCC1=NC2=CC=CC=C2C(=C1C)C(=O)OC(C)C3=CC=CC=C3Cl
D02353,CC1=CC=C(C=C1)C(=O)NCC2=CC=C(C=C2)CN3CCOCC3
D02354,CCC1=NC2=CC=CC=C2C(=C1C)C(=O)OC(C)C(=O)NC3=CC=CC(=C3)C
D02355,CC1=CC(=C(C(=C1)C)C(=O)COC(=O)C2=CC3=C(C=C2)SCCC(=O)N3)C
D02356,CC(C(=O)N1CCCC1)OC(=O)CN(C)S(=O)(=O)C2=CC=C(C=C2)F
D02357,CCC1=NC2=CC=CC=C2C(=C1C)C(=O)OC(C)C(=O)N3C(CCCC3C)C
D02358,CC1CCCCC1NC(=O)COC(=O)C2=C(C=CC(=C2)S(=O)(=O)C)C
D02359,COCCNC(=O)N1CCN(CC1)C2=CC=CC=C2Cl
D02360,CC1=C(C=C(C=C1)S(=O)(=O)C)C(=O)OCC(=O)NCCC2=CC=C(C=C2)Cl
D02361,CC1=CC=C(C=C1)C2=NN(C=C2C(=O)OCC(=O)NC3=NOC(=C3)C)C4=CC=CC=C4
D02362,C1CCC(CC1)[NH2+]CC2=C(C=CC=C2Cl)F
D02363,CC1=C(C=C(C=C1)S(=O)(=O)C)C(=O)OCC(=O)N(C)C
D02364,C1CCC(CC1)[NH2+]CC2=C(C=CC=C2Cl)Cl
D02365,CCC1=C(SC(=C1)C(=O)OCC(=O)NC2=CC(=CC=C2)[N+](=O)[O-])C
D02366,CC(CN1C(=O)C2=C(C=C(C=C2)C(=O)OC)N=C1SCC(=O)N3CCCC3=O)O
D02367,C1=CC=C(C(=C1)NC(=O)COC2=CC=CC=C2Br)OC(F)F
D02368,CC(C)N1C(=CC=N1)NC(=O)C(C)OC(=O)C2=CC=C(S2)C3=CC=C(C=C3)Cl
D02369,CC(C#N)(C1CC1)NC(=O)CSC2=C(C=CC=C2Cl)Cl
D02370,COC1=C2C(=CC=C1)SC(=N2)NC(=O)C3=C(C=CC(=C3)[N+](=O)[O-])OC
D02371,CC(C(=O)C1=CC=C(C=C1)OC)OC(=O)C2=CC3=C(C=C2)SCCC(=O)N3
D02372,CC1=CC=C(C=C1)C(=O)C(C)OC(=O)C2=CC3=C(C=C2)SCCC(=O)N3
D02373,C1=CC=C(C(=C1)OCC(=O)OCC(=O)NCC2=CC(=CC=C2)Cl)Cl
D02374,COC1=CC(=CC(=C1OC)OC)CNC(=O)C2=C(C=CC(=C2)Cl)Cl
D02375,CC(C)C(C)(C#N)NC(=O)COC1=CC=CC=C1Br
D02376,COC1=C2C(=CC=C1)SC(=N2)NC(=O)C3=C(C=CC(=C3)[N+](=O)[O-])OC
D02377,CCCN1C(=O)C(=CC2=CC=CC=C2F)NC1=S
D02378,CCCOC1=C(C=C(C=C1Cl)C=CC(=O)OCC(=O)N2CC(OC(C2)C)C)OC
D02379,CCC1=NC2=CC=CC=C2C(=C1C)C(=O)OC(C)C(=O)N3C(CCCC3C)C
D02380,CC1=C(C=C(C=C1)C(=O)OCC(=O)NC2=CC=C(C=C2)SC)O
D02381,CC(C(=O)NC1CCCC1)OC(=O)CN(C)S(=O)(=O)C2=CC=C(C=C2)F
D02382,C1=CC=C(C=C1)C2=CSC(=N2)C3=CSC=C3
D02383,CC1=CC(=C(C(=O)N1)CNC(=O)C2=CC=CC=C2C(F)(F)F)C
D02384,CCCNC(=O)COC(=O)C1=C(C=CC(=C1)S(=O)(=O)C)C
D02385,CC(C)(C)C1=CC=C(C=C1)SCC(=O)NC2=CC=C(C=C2)C(=O)N
D02386,CC(C)(C)C1=CC=C(C=C1)SCC(=O)NC2=C(C=CS2)C(=O)N
D02387,CC1=CC=C(C=C1)C2=NN(C=C2C(=O)OC(C)C(=O)NC(=O)NC)C3=CC=CC=C3
D02388,CC(C(=O)N)OC(=O)CNS(=O)(=O)C1=CC2=C(CCCC2)C=C1
D02389,CCN(CC1=CC=CC=C1)C(=O)COC(=O)C2=CC3=C(C=C2)SCCC(=O)N3
D02390,CN(CC1=CC=CC=C1)C(=O)COC(=O)C2=CC3=C(C=C2)SCCC(=O)N3
D02391,C1=CC(=CC=C1C(=O)CN2C=NC3=C(C2=O)SC=C3)F
D02392,CC1=C(C=C(C=C1)S(=O)(=O)C)C(=O)OC(C)C(=O)C2=CC=C(C=C2)OC(F)F
D02393,CCC1=C(SC(=C1)C(=O)OCC(=O)NC2=CC=C(C=C2)C#N)C
D02394,C1C(=O)N(C(=O)S1)CCNC(=O)COC(=O)COC2=CC=CC=C2Cl
D02395,CC1=CC=C(C=C1)C2=NN(C=C2C(=O)OCC(=O)NC3=NOC(=C3)C)C4=CC=CC=C4
D02396,CCC1=C(SC(=C1)C(=O)OCC(=O)NCC2=CC=C(C=C2)C(=O)OC)C
D02397,CC1=CC=C(C=C1)NC(=O)COC(=O)CNS(=O)(=O)C2=CC3=C(CCCC3)C=C2
D02398,C1=CC=C(C(=C1)NC(=O)CCC(=O)C2=CC=CS2)O
D02399,CC(C(=O)C1=CC=C(C=C1)OC)OC(=O)C2=CC3=C(C=C2)SCCC(=O)N3
D02400,CC1=CC=CC=C1C=CC(=O)OCC(=O)NC(C)C2=CC=CC=C2Br
D02401,CCC1=C(SC(=C1)C(=O)OCC(=O)NC2=C(C=C(C=C2)OC)[N+](=O)[O-])C
D02402,CC1=C(C=C(C=C1)S(=O)(=O)C)C(=O)OCC(=O)C2=CC=C(C=C2)C3CCCCC3
D02403,CCOC1=C(C=C2C(=C1)CC(O2)C)CNC(=O)CC3=CC=C(S3)S(=O)(=O)N4CCCC4
D02404,CC(C)CCC(=O)OCC(=O)NC1(CCCCC1)C#N
D02405,C#CCNC(=O)N1CCN(CC1)C2=CC=C(C=C2)F
D02406,CC1=CC=C(C=C1)C2=NN(C=C2C(=O)OCC3=CC=C(C=C3)C#N)C4=CC=CC=C4
D02407,C1=CC=C(C(=C1)OCC(=O)NC2=CC=C(C=C2)C#N)Br
D02408,CCCOC1=C(C=C(C=C1Cl)C=CC(=O)OC(C)C(=O)NC2CC2)OC
D02409,CCCN1C(=O)C(=CC2=CC=CC=C2F)NC1=S
D02410,CC1=CC(=NO1)NC(=O)CSC2=NC3=CC=CC=C3N2C(C)C
D02411,CC(C(=O)NC1=CC=CC2=CC=CC=C21)OC(=O)COC3=CC=CC=C3Cl
D02412,CC1=CC=C(C=C1)C(=O)NCC2=CC=C(C=C2)CN3CCOCC3
D02413,CCC1=CC(=C(C=C1)CC)C(=O)COC(=O)C2=C(C=CC(=C2)S(=O)(=O)C)C
D02414,CC1=CC2=C(C=C1C)OC(=O)C=C2COC(=O)COC3=CC=CC=C3Cl
D02415,CC(C)C(C)NC(=O)CSC1=CC=C(C=C1)[N+](=O)[O-]
D02416,C1CSC2=C(C=C(C=C2)C(=O)OCC(=O)NC3=CC=CC=C3C#N)NC1=O
D02417,COC1=C(C=C(C=C1)COC(=O)CNS(=O)(=O)C2=CC3=C(CCCC3)C=C2)F
D02418,CCCC(C(=O)NC1=NOC(=C1)C)OC(=O)C2=CC=C(C=C2)N(C)C
D02419,CC(=O)NC1=C(C=CC(=C1)C(=O)COC(=O)C2=CC3=C(CCC3)C=C2)O
D02420,CC1CCCC(N1C(=O)COC(=O)C2=CC3=C(C=C2)SCCC(=O)N3)C
D02421,C1=CC=C(C(=C1)NC(=O)COC2=CC=CC=C2Br)OC(F)F
D02422,CCC1=CC(=C(C=C1)CC)C(=O)COC(=O)C2=C(C=CC(=C2)S(=O)(=O)C)C
D02423,C1CC(C2=CC=CC=C2C1)NC(=O)COC3=CC=CC=C3Br
D02424,CC1=CC=CC=C1C=CC(=O)OCC(=O)NC(=O)NC(C)C
D02425,CCC(C)N(C(C)CC)C(=O)CN1C(=O)C(NC1=O)(C)C2CCCCC2
D02426,CN(CC1=CC=CC=C1)C(=O)COC(=O)C2=CC3=C(C=C2)SCCC(=O)N3
D02427,CCOC1=CC=CC2=C1OC(=C2)C(C)NC(=O)CNC(=O)CC34CC5CC(C3)CC(C5)C4
D02428,CC(C)(C)NC(=O)CSC1=NN=NN1CC2CCCO2
D02429,CC(C(=O)C1=CC=C(C=C1)OC)OC(=O)C2=CC3=C(C=C2)SCCC(=O)N3
D02430,CC1=CC=C(C=C1)C2=NOC(=C2)NC(=O)CN3CCCC3
D02431,C#CCNC(=O)N1CCN(CC1)C2=CC=C(C=C2)F
D02432,COC1=C(C=C(C=C1)COC(=O)CNS(=O)(=O)C2=CC3=C(CCCC3)C=C2)F
D02433,CC(C(=O)C1=CC=C(C=C1)OC)OC(=O)C2=CC3=C(C=C2)SCCC(=O)N3
D02434,CC(C(=O)NCC1=CC=C(C=C1)OC)SC2=C(C=CC=C2Cl)Cl
D02435,CC(CN1C(=O)C2=C(C=C(C=C2)C(=O)OC)N=C1SC(C)C(=O)N3CCCC3)O
D02436,CC(C1=CC=CS1)NC(=O)COC(=O)C2=CC3=C(C=C2)SCCC(=O)N3
D02437,CC(C(=O)NC1=CC=CC=C1Cl)OC(=O)C2=CC(=CC=C2)NC(=O)C
D02438,CCC1=NC2=CC=CC=C2C(=C1C)C(=O)OC(C)C3=CC=CC=C3Cl
D02439,CC1=CC=C(C=C1)NC(=O)COC(=O)CNS(=O)(=O)C2=CC3=C(CCCC3)C=C2
D02440,C1CSC2=C(C=C(C=C2)C(=O)OCCOC3=CC=CC=C3F)NC1=O
D02441,CCC1=C(SC(=C1)C(=O)OCC(=O)NC2=CC=CC=C2F)C
D02442,CCNC(=O)NC(=O)COC(=O)CNS(=O)(=O)C1=CC2=C(CCCC2)C=C1
D02443,CC1=CC(=C(N1CC2CCCO2)C)C(=O)COC3=CC=CC=C3Br
D02444,CCCN1C(=O)C(=CC2=CC=CC=C2F)NC1=S
D02445,C1=CC=C2C(=C1)C(C3=CC=CC=C32)OC(=O)COC4=CC=CC=C4Cl
D02446,C1=CC=C2C(=C1)C=C(S2)C(=O)NC3=CC=NC=C3
D02447,CCC1=NC2=CC=CC=C2C(=C1C)C(=O)OC(C)C(=O)N3C(CCCC3C)C
D02448,CC(C(=O)C1=CC=C(C=C1)OC)OC(=O)C2=CC3=C(C=C2)SCCC(=O)N3
D02449,CC(C1=CC(=CC=C1)C(F)(F)F)NC(=O)C2=CC=C(C=C2)CNC(=O)C
D02450,C1=CC=C(C(=C1)OCC(=O)NC2=C(C=CC(=C2)Cl)F)Br
D02451,CC1=CC(=C(N1C2CCS(=O)(=O)C2)C)C(=O)CSC3=CC=C(C=C3)C(C)(C)C
D02452,C1=CC=C(C(=C1)OCC(=O)NC2=CC=CC(=C2)C#N)Br
D02453,C1CCC(CC1)NC(=O)NC(=O)COC2=CC=CC=C2Br
D02454,CCC1=NC2=CC=CC=C2C(=C1C)C(=O)OC(C)C(=O)N3C(CCCC3C)C
D02455,CC1=C(C=C(C=C1)NC(=O)COC(=O)C2=CC3=C(C=C2)SCCC(=O)N3)Cl
D02456,CCOC(=O)NC(=O)CSC1=NN=C(S1)SCC2=CC=C(C=C2)C(C)C
D02457,C1COCCN1S(=O)(=O)C2=CN=C(C=C2)SC3=NC4=CC=CC=C4S3
D02458,CC(C)(C)C1=CC=C(C=C1)SCC(=O)NC2=CC=C(C=C2)C(=O)N
D02459,CC1=C(C=C(C=C1)S(=O)(=O)N2CCOCC2)NC(=O)COC(=O)CCC(C)C
D02460,CC1=CC(=C(C(=O)N1)CNC(=O)C2=C(C(=CC=C2)OC)OC)C
D02461,C1=CC=C(C(=C1)NC(=O)COC2=CC=CC=C2Br)OC(F)F
D02462,CC1=CC=CC=C1C=CC(=O)OCC(=O)NC2CCCC3=CC=CC=C23
D02463,CC1=CC(=C(N1C2CCS(=O)(=O)C2)C)C(=O)CSC3=CC=C(C=C3)C(C)(C)C
D02464,CC(C)CCC(=O)OCC(=O)NC1=CC2=C(C=C1)OC(O2)(F)F
D02465,CC1=CC(=CC(=C1)N2C=CN=C2SCC(=O)N(C)CCC#N)C
D02466,CCCOC1=C(C=C(C=C1Cl)C=CC(=O)OCC2=NN=C(O2)C3=CC=CO3)OC
D02467,CC(C)CCC(=O)OC(C)C(=O)NC1=CC=C(C=C1)NC(=O)C
D02468,CCOC(=O)N1CCN(CC1)C(=O)COC(=O)C2=C(C=CC(=C2)S(=O)(=O)C)C
D02469,CN(CC(=O)OCC1=CC=C(O1)C(=O)OC)S(=O)(=O)C2=CC=C(C=C2)F
D02470,CC(C)C(C(=O)NC(=O)N)OC(=O)CNS(=O)(=O)C1=CC2=C(CCCC2)C=C1
D02471,CCCN1C(=O)C(=CC2=CC=CC=C2F)NC1=S
D02472,CC1=CC=C(C=C1)C(=O)C(C)OC(=O)C2=CC3=C(C=C2)SCCC(=O)N3
D02473,CC1CCCCC1NC(=O)COC(=O)CNS(=O)(=O)C2=CC3=C(CCCC3)C=C2
D02474,CC(C)OC(=O)CSC1=NC2=C(C=CC(=C2)C(=O)OC)C(=O)N1CC(C)O
D02475,CCC(CC)NC(=O)COC(=O)CNS(=O)(=O)C1=CC2=C(CCCC2)C=C1
D02476,CN(C)C(=O)COC(=O)C1=CC=C(S1)C2=CC=C(C=C2)Cl
D02477,CC1CCCCC1NC(=O)NC(=O)COC2=CC=CC=C2Br
D02478,CC1=CC(=C(N1CC2=CC=CS2)C)C(=O)COC(=O)COC3=CC=CC=C3Cl
D02479,CC(C)C(C(=O)NC(=O)N)OC(=O)COC1=CC=CC=C1Cl
D02480,CC(C(=O)NC1=C(C(=C(C=C1)F)F)F)OC(=O)COC2=CC=CC=C2Cl
D02481,CCNC(=O)NC(=O)COC(=O)C1=C(C=CC(=C1)S(=O)(=O)C)C
D02482,CC(C)CCC(=O)OCC(=O)NC1(CCCCC1)C#N
D02483,CCOC1=CC=CC=C1COC(=O)CN(C)S(=O)(=O)C2=CC=C(C=C2)F
D02484,CC1=CC=C(C=C1)NC(=O)CN(C)C(=O)COC(=O)COC2=CC=CC=C2Cl
D02485,CC(C(=O)NCC1=CC=CO1)OC(=O)C2=CC3=C(C=C2)SCCC(=O)N3
D02486,CC1=C(C=C(C=C1)S(=O)(=O)C)C(=O)OCC(=O)NCCC(C)C
D02487,C1CC2=C(C1)C=C(C=C2)NC(=O)COC(=O)COC3=CC=CC=C3Cl
D02488,CC(C)C(C(=O)NC(=O)N)OC(=O)COC1=CC=CC=C1Cl
D02489,CC1=CC(=C(C(=C1)C)C(=O)COC(=O)C2=CC3=C(C=C2)SCCC(=O)N3)C
D02490,C1=CC=C(C(=C1)OCC(=O)NC2=C(C=CC=C2Cl)Cl)Br
D02491,CCCOC1=CC=CC=C1NC(=O)C2=CC3=NC=CN=C3C=C2
D02492,C1CS(=O)(=O)CC1NC(=O)COC(=O)C2=CC=C(S2)C3=CC=C(C=C3)Cl
D02493,CC(C(=O)C1=CC=C(C=C1)OC)OC(=O)C2=CC3=C(C=C2)SCCC(=O)N3
D02494,COC1=CC=CC(=C1)C2=NOC(=N2)COC(=O)C3=CC4=C(C=C3)SCCC(=O)N4
D02495,CCC(C1=CC=C(C=C1)C)NC(=O)COC(=O)COC2=CC=CC=C2Cl
D02496,CC1=C(C=C(C=C1)S(=O)(=O)C)C(=O)OCC(=O)NCCC(C)C
D02497,CC1=C(C=C(C=C1)S(=O)(=O)C)C(=O)OCC(=O)C2=CC=C(C=C2)C3CCCCC3
D02498,CCC(C)C(=NNC1=C(C=C(C=C1)[N+](=O)[O-])[N+](=O)[O-])C
D02499,CC(C)(C)C1=CC=C(C=C1)SCN2C(=O)C3=CC=CC=C3N=N2
D02500,C1COCCN1CCCNC(=O)C2=CC=C(C=C2)C3SCCS3
D02501,CC1=C(C(=NN1C2=CC=C(C=C2)C(=O)NC3CC3)C)Cl
D02502,C1COCCN1S(=O)(=O)C2=CN=C(C=C2)SC3=NC4=CC=CC=C4S3
D02503,CC1=CC(=C(C(=O)N1)CNC(=O)C2=CC=CC=C2C(F)(F)F)C
D02504,C1=CC=C2C(=C1)C=CN(C2=O)CC(=O)NC3=CC=C(C=C3)OC(F)F
D02505,C1=CC=C(C(=C1)NC(=O)COC2=CC=CC=C2Br)OC(F)F
D02506,CCC1=NC2=CC=CC=C2C(=C1C)C(=O)OC(C)C(=O)NC(C)CCC3=CC=CC=C3
D02507,CC(C(=O)NC1=CC=C(C=C1)OC)OC(=O)C2=C(C=C(C=C2)F)N
D02508,C#CCNC(=O)N1CCN(CC1)C2=CC=C(C=C2)F
D02509,CC(C)C(C(=O)NC(=O)N)OC(=O)CNS(=O)(=O)C1=CC2=C(CCCC2)C=C1
D02510,CCCOC1=C(C=C(C=C1Cl)C=CC(=O)OC(C)C(=O)NC2CC2)OC
D02511,CCC1=C(SC(=C1)C(=O)OCC(=O)NC2=C(C=CC=C2C(C)C)C)C
D02512,CC1=CC=C(C=C1)C(=O)NCC2=CC=C(C=C2)CN3CCOCC3
D02513,CCCOC1=CC=CC=C1NC(=O)C2=CC3=NC=CN=C3C=C2
D02514,C1=CC(=CC=C1C(=O)CN2C=NC3=C(C2=O)SC=C3)F
D02515,CC(CN1C(=O)C2=C(C=C(C=C2)C(=O)OC)N=C1SC(C)C3=CC=CC=C3)O
D02516,C1CN(CCN1C2=CC=CC=C2)C(=O)NCC3=CC=CC=N3
D02517,C1=CC=C(C(=C1)NC(=O)COC2=CC=CC=C2Br)OC(F)F
D02518,C1COCCN1S(=O)(=O)C2=CN=C(C=C2)SC3=NC4=CC=CC=C4S3
D02519,CNC(=O)COC(=O)C1=CC2=C(C=C1)SCCC(=O)N2
D02520,CC1=CC2=C(C=C1)N=C(S2)NC(=O)C3=CSC=C3
D02521,CC(C)(C)C1=CC=C(C=C1)SCN2C(=O)C3=CC=CC=C3N=N2
D02522,CCN(CC1=CC=CC=C1)C(=O)COC(=O)C2=CC3=C(C=C2)SCCC(=O)N3
D02523,C1CSC2=C(C=C(C=C2)C(=O)OCC(=O)NC3=CC=CC=C3F)NC1=O
D02524,CC(CN1C(=O)C2=C(C=C(C=C2)C(=O)OC)N=C1SC(C)C(=O)N3CCCC3)O
D02525,CCOC1=C(C=C2C(=C1)CC(O2)C)CNC(=O)CC3=CC=C(S3)S(=O)(=O)N4CCCC4
D02526,CCCC(C(=O)NC1=NOC(=C1)C)OC(=O)C2=CC=C(C=C2)N(C)C
D02527,CC1=CC=C(C=C1)C(=O)NCC2=CC=C(C=C2)CN3CCOCC3
D02528,CCC1=C(SC(=C1)C(=O)OCC(=O)NCC2=CC=C(C=C2)C(=O)OC)C
D02529,C1=CC=C(C(=C1)NC(=O)COC2=CC=CC=C2Br)OC(F)F
D02530,CC(=O)NC1=C(C=CC(=C1)C(=O)COC(=O)C2=CC3=C(CCC3)C=C2)O
D02531,CC1=CC(=C(C(=O)N1)CNC(=O)C2=CC=CC=C2C(F)(F)F)C
D02532,CCOC(=O)NC(=O)COC(=O)CNS(=O)(=O)C1=CC2=C(CCCC2)C=C1
D02533,CC(C(=O)C1=CC=C(C=C1)OC)OC(=O)C2=CC3=C(C=C2)SCCC(=O)N3
D02534,CCC1=C(SC(=C1)C(=O)OCC(=O)NC2=CC=C(C=C2)C(=O)OCC)C
D02535,CC1=CC(=C(C=C1NC(=O)CSC2=CC=C(C=C2)C(C)(C)C)OC)[N+](=O)[O-]
D02536,CCCOC1=C(C=C(C=C1Cl)C=CC(=O)OC2CCOC2=O)OC
D02537,CC1=CC(=C(N1C2CCS(=O)(=O)C2)C)C(=O)CSC3=CC=C(C=C3)C(C)(C)C
D02538,CC(C(=O)NC(=O)NC)OC(=O)C1=CC2=C(C=C1)SCCC(=O)N2
D02539,CC1=CC=C(C=C1)C2=NN(C=C2C(=O)OCC3=CC=C(C=C3)C#N)C4=CC=CC=C4
D02540,C1CS(=O)(=O)CC1NC(=O)COC(=O)COC2=CC=CC=C2Cl
D02541,C#CCNC(=O)N1CCN(CC1)C2=CC=C(C=C2)F
D02542,CC1CCN(C2=CC=CC=C2S1)C(=O)COC3=CC=CC=C3Br
D02543,CC(C)C(C(=O)NC(=O)N)OC(=O)COC1=CC=CC=C1Cl
D02544,CC(C(=O)NC1=CC=C(C=C1)OC)OC(=O)C2=C(C=C(C=C2)F)N
D02545,CCCNC(=O)NC(=O)COC(=O)C1=CN(N=C1C2=CC=C(C=C2)C)C3=CC=CC=C3
D02546,CC(=O)NNC(=O)COC(=O)C1=CC=C(S1)C2=CC=C(C=C2)Cl
D02547,C#CCNC(=O)N1CCN(CC1)C2=CC=C(C=C2)F
D02548,CC(C)(C)C(=O)CSC1=NC2=C(C=CC(=C2)C(=O)OC)C(=O)N1CC3=CC=CO3
D02549,CCC1=C(SC(=C1)C(=O)OCC(=O)NCC2=CC=C(C=C2)C(=O)OC)C
D02550,CC1CC2=CC=CC=C2N1C(=O)C(C)OC(=O)COC3=CC=CC=C3Cl
D02551,CC(C)(C)C1=CC=C(C=C1)SCC(=O)NN2C(=O)C3(CCCCC3)NC2=O
D02552,CC(C)(C)C1=CC=C(C=C1)SCC(=O)NNC(=O)C2=CC=CC=C2
D02553,CCCN1C(=O)C(=CC2=CC=CC=C2F)NC1=S
D02554,CCC1=C(SC(=C1)C(=O)OCC(=O)NC2=CC=C(C=C2)C(=O)OCC)C
D02555,CCCN1C(=O)C(=CC2=CC=CC=C2F)NC1=S
D02556,CC(C1=CC=CS1)NC(=O)COC2=CC=CC=C2Br
D02557,CCCN1C(=O)C(=CC2=CC=CC=C2F)NC1=S
D02558,C1CC1NC(=O)NC(=O)COC(=O)C2=CC=C(S2)C3=CC=C(C=C3)Cl
D02559,C1=CC=C2C(=C1)C(C3=CC=CC=C32)OC(=O)COC4=CC=CC=C4Cl
D02560,CCC(CC)NC(=O)COC(=O)CNS(=O)(=O)C1=CC2=C(CCCC2)C=C1
D02561,CCCN1C(=O)C(=CC2=CC=CC=C2F)NC1=S
D02562,COC(=O)C1=CC2=C(C=C1)C(=O)N(C(=N2)SC3CCCCC3=O)CC4=CC=CO4
D02563,CC1=CC(=C(C(=O)N1)CNC(=O)C2=CC=CC=C2C(F)(F)F)C
D02564,CCN(CC1=CC=CC=C1)C(=O)COC(=O)C2=CC3=C(C=C2)SCCC(=O)N3
D02565,CC1=CC=C(C=C1)C2=NN(C=C2C(=O)OCC(=O)NC3=NOC(=C3)C)C4=CC=CC=C4
D02566,CC1=C(C2=CC=CC=C2N1)C(=O)C(C)OC(=O)CCC(C)C
D02567,CC(C(=O)NC1=CC=CC=C1Cl)OC(=O)C2=CC(=CC=C2)NC(=O)C
D02568,CC1=CC=C(C=C1)NC(=O)COC(=O)CNS(=O)(=O)C2=CC3=C(CCCC3)C=C2
D02569,COC1=C(C=C(C=C1)COC(=O)CNS(=O)(=O)C2=CC3=C(CCCC3)C=C2)F
D02570,CC(C)(C)C1=CC=C(C=C1)SCC(=O)NC2=CC(=CC=C2)S(=O)(=O)N(C)C
D02571,CC1=CC=C(C=C1)C(=O)NCC2=CC=C(C=C2)CN3CCOCC3
D02572,CC1=CC(=C(C=C1)NC(=O)COC2=CC=CC=C2Br)Cl
D02573,CC1=CC(=C(C(=O)N1)CNC(=O)C2=CC=CC=C2C(F)(F)F)C
D02574,C1CCC(CC1)[NH2+]CC2=C(C=CC=C2Cl)F
D02575,CCOC1=CC=CC2=C1OC(=C2)C(C)NC(=O)CNC(=O)CC34CC5CC(C3)CC(C5)C4
D02576,CCCCC1=NOC(=N1)CS(=O)(=O)CC(=O)N
D02577,CCC1=C(SC(=C1)C(=O)OCC(=O)NC2=CC=CC=C2F)C
D02578,CC(C)(C)C1=CC=C(C=C1)SCC(=O)NC2=C(C=CS2)C(=O)N
D02579,C1=CC=C(C(=C1)NC(=O)COC2=CC=CC=C2Br)OC(F)F
D02580,CC1=CC(=CC(=C1)N2C=CN=C2SCC(=O)N(C)CCC#N)C
D02581,CC(=O)NCC1=CC=C(C=C1)C(=O)NC2=NC3=C(C=CC=C3S2)OC
D02582,CCC1=CC=CC=C1NC(=O)CNC(=O)C2=CC(=CC=C2)NC(=O)C
D02583,CCCOC1=C(C=C(C=C1Cl)C=CC(=O)OCC2=CC=C(C=C2)C#N)OC
D02584,CC1=CC=C(C=C1)C2=NN(C=C2C(=O)OC(C)C(=O)NC(=O)NC)C3=CC=CC=C3
D02585,CCC1=C(SC(=C1)C(=O)OCC(=O)NC2=C(C=CC=C2C(C)C)C)C
D02586,C1CCC(CC1)[NH2+]CC2=C(C=CC=C2Cl)F
D02587,CNC(=O)COC(=O)C1=CC2=C(C=C1)SCCC(=O)N2
D02588,CC(C(=O)NCC1=CC2=C(C=C1)OCO2)SC3=C(C=CC=C3Cl)Cl
D02589,CC(C)C(C(=O)NC(=O)N)OC(=O)COC1=CC=CC=C1Cl
D02590,CN(C)S(=O)(=O)C1=CC=CC(=C1)NC(=O)COC2=CC=CC=C2Br
D02591,CCC(C1=CC=C(C=C1)C)NC(=O)COC(=O)COC2=CC=CC=C2Cl
D02592,CC1=C(C=C(C=C1)F)C(=O)OC(C)C(=O)NC2=NOC(=C2)C
D02593,CC(CN1C(=O)C2=C(C=C(C=C2)C(=O)OC)N=C1SCC(=O)N)O
D02594,CC1CCC2=CC=CC=C2N1C(=O)CN3CCNC(=O)C3
D02595,CC1=CC=C(C=C1)C2=NN(C=C2C(=O)OCC(=O)NC3=NOC(=C3)C)C4=CC=CC=C4
D02596,CC1CCCCC1NC(=O)NC(=O)COC2=CC=CC=C2Br
D02597,CC(C)(C)C1=CC=C(C=C1)SCC(=O)NC2=CC=C(C=C2)C(=O)N
D02598,CCC1=C(SC(=C1)C(=O)OCC(=O)NC2=CC=C(C=C2)C(=O)OCC)C
D02599,CC(C)(C)C1=CC=C(C=C1)SCC(=O)NC2=CC(=CC=C2)S(=O)(=O)N(C)C
D02600,CC(C)COC1=C(C=C(C=C1Cl)C=CC(=O)OCC(=O)N2CCOCC2)OC
D02601,CC(C(=O)C1=CC=C(C=C1)OC)OC(=O)C2=CC3=C(C=C2)SCCC(=O)N3
D02602,C1CC2=C(C1)C=C(C=C2)NC(=O)COC3=CC=CC=C3Br
D02603,CC(C(=O)NC1=CC=C(C=C1)C(=O)N)OC2=CC(=CC(=C2)Cl)Cl
D02604,C1C(=O)NC2=CC=CC=C2N1C(=O)COC3=CC=CC=C3Br
D02605,CC1=C(C=C(C=C1)S(=O)(=O)N2CCOCC2)NC(=O)COC(=O)CCC(C)C
D02606,CCC1=NC2=CC=CC=C2C(=C1C)C(=O)OCC3=CC(=CC=C3)Cl
D02607,CCCOC1=C(C=C(C=C1Cl)C=CC(=O)OC(C)C(=O)NC2CC2)OC
D02608,COC1=C(C=C(C=C1)C(=O)COC(=O)C2=CC3=C(C=C2)SCCC(=O)N3)OC
D02609,C1CSC2=C(C=C(C=C2)C(=O)OCCOC3=CC=CC=C3F)NC1=O
D02610,C1=CC=C(C(=C1)CNC2=NN=N[N-]2)OCC3=CC=C(C=C3)F
D02611,CCC(C1=CC=C(C=C1)C)NC(=O)COC(=O)COC2=CC=CC=C2Cl
D02612,C1C(=O)N(C(=O)S1)CCNC(=O)COC(=O)COC2=CC=CC=C2Cl
D02613,CC(C(=O)NC1=CC=CC2=CC=CC=C21)OC(=O)COC3=CC=CC=C3Cl
D02614,CC(C)CCC(=O)OCC(=O)NC1(CCCCC1)C#N
D02615,C1=CC=C(C(=C1)CNC2=NN=N[N-]2)OCC3=CC=C(C=C3)F
D02616,CC1=CC=C(C=C1)C2=NN(C=C2C(=O)OCC(=O)NC3=NOC(=C3)C)C4=CC=CC=C4
D02617,CC(C(=O)NC1=CC=CC=C1Cl)OC(=O)C2=CC(=CC=C2)NC(=O)C
D02618,C1CCC(C1)N2CC(CC2=O)C(=O)NC3=CC=C(C=C3)SC(F)F
D02619,CC(CN1C(=O)C2=C(C=C(C=C2)C(=O)OC)N=C1SCC3=CC(=CC=C3)F)O
D02620,CC1=CC(=C(N1CC2=CC=CS2)C)C(=O)COC(=O)COC3=CC=CC=C3Cl
D02621,CCC1=NC2=CC=CC=C2C(=C1C)C(=O)OC(C)C(=O)N3C(CCCC3C)C
D02622,CN(CC1=CC=C(C=C1)OC)C(=O)NC2=CN=CC=C2
D02623,CCC1=CC=CC=C1NC(=O)CNC(=O)C2=CC(=CC=C2)NC(=O)C
D02624,CCC1=C(SC(=C1)C(=O)OCC(=O)NC2=C(C=CC(=C2)[N+](=O)[O-])F)C
D02625,C1CCC2=C(C1)C=CC(=C2)S(=O)(=O)NCC(=O)OCC(=O)NC3CC3
D02626,CCNC(=O)NC(=O)COC(=O)CNS(=O)(=O)C1=CC2=C(CCCC2)C=C1
D02627,CC1=CC=C(C=C1)C(=O)NCC2=CC=C(C=C2)CN3CCOCC3
D02628,C1=CC(=CC(=C1)S(=O)(=O)N)NC(=O)COC2=CC(=CC(=C2)Cl)Cl
D02629,CCC1=NC2=CC=CC=C2C(=C1C)C(=O)OCC(=O)NC3=CC=CC=C3C(C)CC
D02630,CCC1=C(SC(=C1)C(=O)OCC(=O)NC2=C(C=CC=C2C(C)C)C)C
D02631,CC1=CC=C(C=C1)C2=NN(C=C2C(=O)OC(C)C(=O)NC(=O)NC)C3=CC=CC=C3
D02632,CN(CC(=O)OCC1=CC=C(O1)C(=O)OC)S(=O)(=O)C2=CC=C(C=C2)F
D02633,CCC1=C(SC(=C1)C(=O)OCC(=O)NC2=C(C=CC=C2C(C)C)C)C
D02634,C1CCC(CC1)(CNC(=O)C2=CC(=C(C=C2)Cl)Cl)N3CCOCC3
D02635,CC1CCCCC1NC(=O)COC(=O)CNS(=O)(=O)C2=CC3=C(CCCC3)C=C2
D02636,CCC1=NC2=CC=CC=C2C(=C1C)C(=O)OC(C)C(=O)NC(C)CCC3=CC=CC=C3
D02637,CC(=O)NNC(=O)COC(=O)C1=CC=C(S1)C2=CC=C(C=C2)Cl
D02638,CN1C=CN=C1C(C2=CC(=CC=C2)OC)NC3=C4C=NN(C4=NC=N3)C5=CC=C(C=C5)F
D02639,CC(C)(C)C1=CC=C(C=C1)SCC(=O)NC2=CC=C(C=C2)C(=O)N
D02640,CC1=CC=C(C=C1)OCCCC(=O)N2CCC3=CC(=C(C=C3C2CC(=O)OC)OC)OC
D02641,CNC(=O)COC(=O)C1=CC2=C(C=C1)SCCC(=O)N2
D02642,CC(=O)NCC1=CC=C(C=C1)C(=O)NC2=NC3=C(C=CC=C3S2)OC
D02643,CCNC(=O)NC(=O)COC(=O)CNS(=O)(=O)C1=CC2=C(CCCC2)C=C1
D02644,C1=CC(=C(C(=C1)Cl)SCC(=O)NC2=C(C=CS2)C#N)Cl
D02645,CC1=CC=C(C=C1)NC(=O)COC(=O)CNS(=O)(=O)C2=CC3=C(CCCC3)C=C2
D02646,CC(C(=O)NC1=CC=C(C=C1)C(=O)N)SC2=CC=C(C=C2)C(C)(C)C
D02647,CC(C)C(C(=O)NC(=O)N)OC(=O)CNS(=O)(=O)C1=CC2=C(CCCC2)C=C1
D02648,CC(C1=CC=C(C=C1)Br)NC(=O)COC2=CC=CC=C2Br
D02649,C1=CC=C(C(=C1)NC(=O)COC2=CC=CC=C2Br)OC(F)F
D02650,C1CS(=O)(=O)CC1NC(=O)COC(=O)C2=CC=C(S2)C3=CC=C(C=C3)Cl
D02651,CC1CCCCC1NC(=O)COC(=O)CNS(=O)(=O)C2=CC3=C(CCCC3)C=C2
D02652,COC1=CC2=CC=CC=C2C=C1C(=O)NC3=CC=C(C=C3)S(=O)(=O)N4CCCCC4
D02653,C1=CC=C(C(=C1)OCC(=O)OCC(=O)NC2=CC3=C(C=C2)OC(O3)(F)F)Cl
D02654,C1=CC(=C(C=C1Cl)Cl)CS(=O)(=O)CC(=O)N
D02655,CC(CN1C(=O)C2=C(C=C(C=C2)C(=O)OC)N=C1SC(C)C(=O)N3CCCC3)O
D02656,CCCC(C(=O)NC1=NOC(=C1)C)OC(=O)C2=CC=C(C=C2)N(C)C
D02657,CC1=CC(=C(C(=O)N1)CNC(=O)C2=C(C(=CC=C2)OC)OC)C
D02658,CC1=C(C=C(C=C1)S(=O)(=O)NC(C2=CC=CC=C2)C3=NC=CN3C)C
D02659,CC1=C(OC2=C1C=C(C=C2)OC)C(=O)NC3=CC(=NN3C)C(C)(C)C
D02660,C1=CC(=C(C(=C1)Cl)SCC(=O)NC2=C(C=CS2)C#N)Cl
D02661,C1CCC2=C(C1)C=CC(=C2)S(=O)(=O)NCC(=O)OCC(=O)NC3CC3
D02662,C1=CC=C(C(=C1)OCC(=O)OCC(=O)NCC2=CC(=CC=C2)Cl)Cl
D02663,COCCNC(=O)N1CCN(CC1)C2=CC=CC=C2Cl
D02664,CCOC(=O)NC(=O)CSC1=NN=C(S1)SCC2=CC=C(C=C2)C(C)C
D02665,C1=CC=C(C=C1)OC2=CC=CC=C2COC(=O)COC3=CC=CC=C3Cl
D02666,COC1=C2C(=CC=C1)SC(=N2)NC(=O)C3=C(C=CC(=C3)[N+](=O)[O-])OC
D02667,CC1=CC=C(C=C1)C(=O)NCC2=CC=C(C=C2)CN3CCOCC3
D02668,C1=CC=C(C(=C1)C(=O)NNC(=O)CSC2=C(C=CC=C2Cl)Cl)F
D02669,CC(C)C(C(=O)NC(=O)N)OC(=O)CNS(=O)(=O)C1=CC2=C(CCCC2)C=C1
D02670,CC1=CC2=C(C=C1Cl)C(=CC(=O)O2)COC(=O)COC3=CC=CC=C3Cl
D02671,CCC1=C(SC(=C1)C(=O)OCC(=O)NCC2=CC=C(C=C2)C(=O)OC)C
D02672,CCC1=NC2=CC=CC=C2C(=C1C)C(=O)OCC3=CC(=CC=C3)Cl
D02673,CC(C)CCC(=O)OCC(=O)NC1=CC(=CC=C1)S(=O)(=O)N(C)C2=CC=CC=C2
D02674,CC(C1=CC(=CC=C1)C(F)(F)F)NC(=O)C2=CC=C(C=C2)CNC(=O)C
D02675,CC1=CC(=C(N1CC2CCCO2)C)C(=O)COC3=CC=CC=C3Br
D02676,C1=CC=C(C(=C1)OCC(=O)NCC2=CC(=CC=C2)Cl)Br
D02677,CC(CN1C(=O)C2=C(C=C(C=C2)C(=O)OC)N=C1SC(C)C(=O)N3CCCC3)O
D02678,CCC1=C(SC(=C1)C(=O)OCC(=O)NC2=CC=CC=C2Br)C
D02679,CCC1=C(SC(=C1)C(=O)OCC(=O)NC2=C(C=CC=C2C(C)C)C)C
D02680,CC(C1=CC=C(C=C1)Br)NC(=O)COC2=CC=CC=C2Br
D02681,CCC1=NC2=CC=CC=C2C(=C1C)C(=O)OCC(=O)NC3=CC=CC=C3C(=O)N
D02682,CC(C)(C)C1=CC=C(C=C1)SCC(=O)NCCC2=CC(=C(C=C2)OC)OC
D02683,CC(C)C(C(=O)NC(=O)N)OC(=O)CNS(=O)(=O)C1=CC2=C(CCCC2)C=C1
D02684,CCC(C)(C)NC(=O)CN1CCN(CC1)C2=C(C=C(C=C2)C(=O)C)F
D02685,CCCOC1=CC=CC=C1NC(=O)C2=CC3=NC=CN=C3C=C2
D02686,C1=CC=NC(=C1)CNS(=O)(=O)C2=CC(=C(C=C2)C#N)Cl
D02687,CC1=CC(=C(C(=C1)C)C(=O)COC(=O)C2=CC3=C(C=C2)SCCC(=O)N3)C
D02688,CCOC(=O)C1=C(NC(=C1C(=O)COC(=O)CCC(C)C)C)C
D02689,CCC1=NC2=CC=CC=C2C(=C1C)C(=O)OC(C)C(=O)N3C(CCCC3C)C
D02690,C1CCC(CC1)(CNC(=O)C2=CC(=C(C=C2)Cl)Cl)N3CCOCC3
D02691,CCC1=C(SC(=C1)C(=O)OCC(=O)NC2=C(C=CC=C2C(C)C)C)C
D02692,CC1=CC(=CC=C1)N2C(=O)CCC(=N2)C(=O)NC3=C(C=C(C=C3)F)Cl
D02693,CC(C)C1=NN=C(N1CC2=CC=CO2)SC(C)C(=O)N3CCNC3=O
D02694,CC1=CC2=C(C=C1)N=C(S2)NC(=O)C3=CSC=C3
D02695,CC(C(=O)NC1CCCC1)OC(=O)CN(C)S(=O)(=O)C2=CC=C(C=C2)F
D02696,C1CN(C2=CC=CC=C21)C(=O)C3=CC=C(C=C3)N4C=NN=N4
D02697,C1CC1NC(=O)NC(=O)COC(=O)C2=CC=C(S2)C3=CC=C(C=C3)Cl
D02698,CCCOC1=C(C=C(C=C1Cl)C=CC(=O)OC(C)C(=O)NC(=O)N)OC
D02699,C1=CC=C(C(=C1)NC(=O)COC2=CC=CC=C2Br)OC(F)F
D02700,C1CCC(C1)N2CC(CC2=O)C(=O)NC3=CC=C(C=C3)SC(F)F
D02701,CCOC(=O)C1=C(NC(=C1C(=O)COC(=O)COC2=CC=CC=C2Cl)C)C
D02702,CC(C)(C)C1=CC=C(C=C1)SCN2C(=O)C3=CC=CC=C3N=N2
D02703,COCCNC(=O)N1CCN(CC1)C2=CC=CC=C2Cl
D02704,CN(CC(=O)OCN1C(=O)C2=CC=CC=C2N=N1)S(=O)(=O)C3=CC=C(C=C3)F
D02705,CCCN1C(=O)C(=CC2=CC=CC=C2F)NC1=S
D02706,C1CCCN(CCC1)C(=O)NC2=CN=CC=C2
D02707,CCCN1C(=O)C(=CC2=CC=CC=C2F)NC1=S
D02708,C1=CC(=C(C=C1C2=CC=C(O2)CO)C(=O)[O-])Cl
D02709,C1=CC=C(C(=C1)OCC(=O)NC2=CC=C(C=C2)C#N)Br
D02710,CC(C(=O)NC(=O)NC)SC1=C(C=CC=C1Cl)Cl
D02711,CC(C)(C)C1=CC=C(C=C1)SCC(=O)NC2=CC=C(C=C2)C(=O)N
D02712,CC(C(=O)NC1=CC=C(C=C1)C(=O)C)OC(=O)COC2=CC=CC=C2Cl
D02713,CC(C(=O)C1=CC=C(C=C1)OC)OC(=O)C2=CC3=C(C=C2)SCCC(=O)N3
D02714,CCC1=NC2=CC=CC=C2C(=C1C)C(=O)OC(C)C(=O)N(C)CC3=CC=CC=C3
D02715,CC(CN1C(=O)C2=C(C=C(C=C2)C(=O)OC)N=C1SC(C)C(=O)N3CCCC3)O
D02716,C1CSC2=C(C=C(C=C2)C(=O)OCC3=CC(=O)OC4=C3C=CC(=C4)O)NC1=O
D02717,CCOC1=C(C=C2C(=C1)CC(O2)C)CNC(=O)CC3=CC=C(S3)S(=O)(=O)N4CCCC4
D02718,CC(C)CC(=O)N1CCN(CC1)C2=C(C(=O)N(N=C2)C3=CC=CC=C3)Cl
D02719,CC(C(=O)C1=CC=C(C=C1)OC)OC(=O)C2=CC3=C(C=C2)SCCC(=O)N3
D02720,CCC1=NC2=CC=CC=C2C(=C1C)C(=O)OC(C)C(=O)N3C(CCCC3C)C
D02721,C1CSC2=C(C=C(C=C2)C(=O)OCC(=O)NC3=C(C=CC(=C3)F)F)NC1=O
D02722,C1CS(=O)(=O)CC1NC(=O)COC(=O)C2=CC=C(S2)C3=CC=C(C=C3)Cl
D02723,CN(CC(=O)OCC1=CC=C(O1)C(=O)OC)S(=O)(=O)C2=CC=C(C=C2)F
D02724,COC1=C(C=C(C=C1)COC(=O)CNS(=O)(=O)C2=CC3=C(CCCC3)C=C2)F
D02725,CC1=CC=C(C=C1)C(=O)NCC2=CC=C(C=C2)CN3CCOCC3
D02726,CC(C1=CC=CS1)NC(=O)COC2=CC=CC=C2Br
D02727,CC1=CC(=C(C(=O)N1)CNC(=O)C2=CC=CC=C2C(F)(F)F)C
D02728,CC1=C(C=C(C=C1)S(=O)(=O)C)C(=O)OCC(=O)NC(C)(C#N)C(C)C
D02729,CC1=C(C(=NN1C2=CC=C(C=C2)C(=O)NC3CC3)C)Cl
D02730,C1CC(OC1)C[NH2+]CC2=CC=C(C=C2)OCC3=CC=CC=C3
D02731,C1=CC=C2C(=C1)C(C3=CC=CC=C32)OC(=O)COC4=CC=CC=C4Cl
D02732,CC1=C(C=C(C=C1)S(=O)(=O)C)C(=O)OCC(=O)NCC23CC4CC(C2)CC(C4)C3
D02733,CN(CC(=O)OCC1=CC=C(O1)C(=O)OC)S(=O)(=O)C2=CC=C(C=C2)F
D02734,CC(C(=O)C1=CC=C(C=C1)OC)OC(=O)C2=CC3=C(C=C2)SCCC(=O)N3
D02735,C1=CC(=C(C=C1Cl)Cl)CS(=O)(=O)CC(=O)N
D02736,CCC1=NC2=CC=CC=C2C(=C1C)C(=O)OC(C)C(=O)N3C(CCCC3C)C
D02737,CC1=CC(=C(C(=O)N1)CNC(=O)C2=C(C(=CC=C2)OC)OC)C
D02738,COC1=CC=CC=C1C(=O)COC(=O)C2=CC3=C(C=C2)SCCC(=O)N3
D02739,CC(C(=O)C1=CC=C(C=C1)OC)OC(=O)C2=CC3=C(C=C2)SCCC(=O)N3
D02740,CCC1=C(SC(=C1)C(=O)OCC(=O)NC2=CC=C(C=C2)[N+](=O)[O-])C
D02741,CC1=CC=C(C=C1)C2=NN(C=C2C(=O)OC(C)C(=O)NC(=O)NC)C3=CC=CC=C3
D02742,CC1=C(C=C(C=C1)S(=O)(=O)C)C(=O)OCC(=O)C2=CC=C(C=C2)C3CCCCC3
D02743,CCC1=NC2=CC=CC=C2C(=C1C)C(=O)OC(C)C(=O)N3C(CCCC3C)C
D02744,CCC1=NC2=CC=CC=C2C(=C1C)C(=O)OCC(=O)NC3=CC=CC=C3C(=O)N
D02745,C1=CC=C(C(=C1)OCC(=O)NC2=CC=C(C=C2)C#N)Br
D02746,CC1=CC=C(C=C1)C2=NN(C=C2C(=O)OC(C)C#N)C3=CC=CC=C3
D02747,CCCOC1=C(C=C(C=C1Cl)C=CC(=O)OCC2=CC=C(C=C2)C#N)OC
D02748,CC(C)N1C(=CC=N1)NC(=O)C(C)OC(=O)C2=CC=C(S2)C3=CC=C(C=C3)Cl
D02749,C1=CC=C(C=C1)OC2=CC=CC=C2COC(=O)COC3=CC=CC=C3Cl
D02750,CN1C=C(C=N1)C=C2C(=O)N(C(=S)N2)CC3CCCO3
D02751,CCOC1=C(C=C2C(=C1)CC(O2)C)CNC(=O)CC3=CC=C(S3)S(=O)(=O)N4CCCC4
D02752,CCC1=NC2=CC=CC=C2C(=C1C)C(=O)OC(C)C(=O)C3=C(NC4=CC=CC=C43)C
D02753,CCCOC1=C(C=C(C=C1Cl)C=CC(=O)OC(C)C(=O)NC2CC2)OC
D02754,CCC1=CC(=C(C=C1)CC)C(=O)COC(=O)C2=C(C=CC(=C2)S(=O)(=O)C)C
D02755,CC1=CC=C(C=C1)C2=NN(C=C2C(=O)OCC3=CC=C(C=C3)C#N)C4=CC=CC=C4
D02756,CC(CN1C(=O)C2=C(C=C(C=C2)C(=O)OC)N=C1SC(C)C(=O)N3CCCC3)O
D02757,C1=CC=C(C(=C1)OCC(=O)NC2=C(C=CC=C2Cl)Cl)Br
D02758,CCC1=NC2=CC=CC=C2C(=C1C)C(=O)OC(C)C(=O)NC3=CC=CC(=C3)C#N
D02759,COC1=C(C=C(C=C1)COC(=O)CNS(=O)(=O)C2=CC3=C(CCCC3)C=C2)F
D02760,CC1=CC(=CC=C1)N2CCN(CC2)CC(=O)NC(=O)NC3CCCC3
D02761,C1=CC=C(C(=C1)OCC(=O)NC2=CC=C(C=C2)C#N)Br
D02762,CCC1=C(SC(=C1)C(=O)OCC(=O)NC2=CC=CC=C2C(F)(F)F)C
D02763,CCOC1=CC=CC2=C1OC(=C2)C(C)NC(=O)CNC(=O)CC34CC5CC(C3)CC(C5)C4
D02764,CC(C)C1=NN=C(S1)NC(=O)C=CC2=CC=CC=C2F
D02765,COCCNC(=O)N1CCN(CC1)C2=CC=CC=C2Cl
D02766,CC1=CC(=C(C=C1NC(=O)CSC2=CC=C(C=C2)C(C)(C)C)OC)[N+](=O)[O-]
D02767,CC1CCCCC1NC(=O)COC(=O)CNS(=O)(=O)C2=CC3=C(CCCC3)C=C2
D02768,CC(C)(C)C1=CC=C(C=C1)SCC(=O)NCCC2=CC(=C(C=C2)OC)OC
D02769,CC(CN1C(=O)C2=C(C=C(C=C2)C(=O)OC)N=C1SC(C)C(=O)N3CCCC3)O
D02770,CCC1=NC2=CC=CC=C2C(=C1C)C(=O)OC(C)C3=CC=CC=C3Cl
D02771,CC(C1=CC=CS1)NC(=O)COC2=CC=CC=C2Br
D02772,CC(C(=O)NC1=CC=C(C=C1)S(=O)(=O)N)SC2=CC=C(C=C2)C(C)(C)C
D02773,CC(C1=CC=CC=N1)NS(=O)(=O)C2=CC3=C(C=C2)N(CCC3)C(=O)C
D02774,C1=CC=C(C(=C1)OCC(=O)OCC(=O)NC2=CC3=C(C=C2)OC(O3)(F)F)Cl
D02775,CC(C)C(C(=O)NC(=O)N)OC(=O)CNS(=O)(=O)C1=CC2=C(CCCC2)C=C1
D02776,C1CCC2=C(C1)C=CC(=C2)S(=O)(=O)NCC(=O)OCC(=O)N3CCOCC3
D02777,CC(C(=O)NC1=CC=CC=C1Cl)OC(=O)C2=CC(=CC=C2)NC(=O)C
D02778,CCC1=C(SC(=C1)C(=O)OCC(=O)NC2=C(C=CC(=C2)[N+](=O)[O-])F)C
D02779,CC(C(=O)NCC1=CC=CO1)OC(=O)C2=CC3=C(C=C2)SCCC(=O)N3
D02780,CCC1=NC2=CC=CC=C2C(=C1C)C(=O)OCC3=CC(=CC=C3)Cl
D02781,CC1CCCCC1NC(=O)COC(=O)CNS(=O)(=O)C2=CC3=C(CCCC3)C=C2
D02782,CC1=CN=C(C=C1)NC(=O)CCC2=CNC3=CC=CC=C32
D02783,CC1=CC(=C(C(=C1)C)C(=O)COC(=O)C2=CC3=C(C=C2)SCCC(=O)N3)C
D02784,CC1=CC=C(C=C1)NC(=O)COC(=O)CNS(=O)(=O)C2=CC3=C(CCCC3)C=C2
D02785,CC(C(=O)C1=CC=C(C=C1)OC)OC(=O)C2=CC3=C(C=C2)SCCC(=O)N3
D02786,CC(C)C(C)NC(=O)CSC1=CC=C(C=C1)[N+](=O)[O-]
D02787,CCC1=NC2=CC=CC=C2C(=C1C)C(=O)OCC3=CC4=C(C=C3)OCO4
D02788,CCC1=C(SC(=C1)C(=O)OCC(=O)NC2=CC=CC=C2F)C
D02789,CC1=CC=C(C=C1)C2=NN(C=C2C(=O)OCC(=O)NC3=NOC(=C3)C)C4=CC=CC=C4
D02790,CC(C(=O)NC1=CC=C(C=C1)OC)OC(=O)C2=C(C=C(C=C2)F)N
D02791,C1=CC=C(C(=C1)NC(=O)COC2=CC=CC=C2Br)OC(F)F
D02792,COC1=CC2=C(C=C1)C(=CC(=O)O2)COC(=O)C3=CC4=C(C=C3)SCCC(=O)N4
D02793,C1CC(=O)N(C1)C2=CC=C(C=C2)OCC(=O)N3CCC4=CC=CC=C43
D02794,CCC1=CC2=C(C=C1)C(=CC(=O)O2)COC3=CC=CC=C3Br
D02795,CC(C(=O)NC(=O)NC)OC(=O)COC1=CC=CC=C1Cl
D02796,C1=CC=C(C(=C1)OCC(=O)NCC2=CC(=CC=C2)Cl)Br
D02797,C#CCNC(=O)N1CCN(CC1)C2=CC=C(C=C2)F
D02798,CC1=C(C=C(C=C1)C(C)NC(=O)COC(=O)C2=CC3=C(C=C2)SCCC(=O)N3)C
D02799,CC1=CC(=C(C(=O)N1)CNC(=O)C2=CC=CC=C2C(F)(F)F)C
D02800,CCC1=NC2=CC=CC=C2C(=C1C)C(=O)OCC(=O)NCCN3C(=O)CSC3=O
D02801,CCC(C1=CC=C(C=C1)C)NC(=O)COC(=O)COC2=CC=CC=C2Cl
D02802,CN1C=C(C=N1)C=C2C(=O)N(C(=S)N2)CC3CCCO3
D02803,CCC1=NC2=CC=CC=C2C(=C1C)C(=O)OCC(=O)C3=CC=CC=C3Cl
D02804,CCCNC(=O)COC(=O)C1=C(C=CC(=C1)S(=O)(=O)C)C
D02805,CN(CC(=O)OCC1=CC=CC=C1Cl)S(=O)(=O)C2=CC=C(C=C2)F
D02806,CC1CC2=CC=CC=C2N1C(=O)C(C)OC(=O)COC3=CC=CC=C3Cl
D02807,CC(C)(C)C1=CC=C(C=C1)SCC(=O)NCCC2=CC(=C(C=C2)OC)OC
D02808,C1CCC(CC1)NC(=O)NC(=O)COC2=CC=CC=C2Br
D02809,CC(CN1C(=O)C2=C(C=C(C=C2)C(=O)OC)N=C1SC(C)C(=O)N3CCCC3)O
D02810,C1=CC=C(C(=C1)OCC(=O)NC2=C(C=CC(=C2)Cl)F)Br
D02811,C1CC(=O)N(C1)C2=CC=C(C=C2)CC(=O)NC3CCSC4=CC=CC=C34
D02812,CC(C)CCC(=O)OCC(=O)NC1=CC=CC=C1CC2=CC=CC=C2
D02813,CC1=CC(=C(C(=C1)C)C(=O)COC(=O)C2=CC3=C(C=C2)SCCC(=O)N3)C
D02814,CC1=CC=C(C=C1)C2=NN(C=C2C(=O)OCC3=CC4=C(C=C3)OCO4)C5=CC=CC=C5
D02815,CC1CCN(CC1)C(=O)COC(=O)C2=CN(N=C2C3=CC=C(C=C3)C)C4=CC=CC=C4
D02816,CC(C)(C)C1=CC=C(C=C1)SCC(=O)NC2=C(C=CS2)C(=O)N
D02817,CC(C)(C)C1=CC=C(C=C1)SCN2C(=O)C3=CC=CC=C3N=N2
D02818,CC(C)C(C(=O)NC(=O)N)OC(=O)COC1=CC=CC=C1Cl
D02819,CC(CN1C(=O)C2=C(C=C(C=C2)C(=O)OC)N=C1SC(C)C(=O)N3CCCC3)O
D02820,CC(C1=CC(=CC=C1)C(F)(F)F)NC(=O)C2=CC=C(C=C2)CNC(=O)C
D02821,CCC1=CC=CC=C1NC(=O)CNC(=O)C2=CC(=CC=C2)NC(=O)C
D02822,CC1=C(C(NC(=O)N1CCOC)C2=CC=CC=C2F)C(=O)OC
D02823,CC(CN1C(=O)C2=C(C=C(C=C2)C(=O)OC)N=C1SCC(=O)N)O
D02824,CCC1=NC2=CC=CC=C2C(=C1C)C(=O)OCC(=O)NC(C)(C#N)C3CC3
D02825,CC(C)(C)C1=CC=C(C=C1)SCC(=O)NC2=CC(=CC=C2)S(=O)(=O)N(C)C
D02826,CC1=CC=C(C=C1)C2=NN(C=C2C(=O)OCC(=O)NC(C)C(C)C)C3=CC=CC=C3
D02827,CC1CCCCC1NC(=O)COC(=O)C2=C(C=CC(=C2)S(=O)(=O)C)C
D02828,CC(C(=O)NC1=CC=C(C=C1)C(=O)C)OC(=O)COC2=CC=CC=C2Cl
D02829,C1COCC[NH+]1CC(COC2=CC=C(C=C2)C3=NN=CO3)O
D02830,CCOC1=C(C=C2C(=C1)CC(O2)C)CNC(=O)CC3=CC=C(S3)S(=O)(=O)N4CCCC4
D02831,CC(C(=O)NC1CCCC1)OC(=O)CN(C)S(=O)(=O)C2=CC=C(C=C2)F
D02832,C1=CC=C(C(=C1)C(F)(F)F)NC(=O)COC(=O)COC2=CC=CC=C2Cl
D02833,CC(C(=O)C1=CC=C(C=C1)OC)OC(=O)C2=CC3=C(C=C2)SCCC(=O)N3
D02834,CC(C)C(C(=O)NC(=O)N)OC(=O)C1=CC=C(S1)C2=CC=C(C=C2)Cl
D02835,CC(C)CCC(=O)OCC(=O)NC1(CCCCC1)C#N
D02836,CC(C)COC1=C(C=C(C=C1Cl)C=CC(=O)OCC#N)OC
D02837,CC(C)C(C)NC(=O)CSC1=CC=C(C=C1)[N+](=O)[O-]
D02838,CCOC1=C(C=C2C(=C1)CC(O2)C)CNC(=O)CC3=CC=C(S3)S(=O)(=O)N4CCCC4
D02839,CC1=CC=C(C=C1)C(=O)NCC2=CC=C(C=C2)CN3CCOCC3
D02840,CC1=CN=C(S1)NC(=O)C2=CC3=C(S2)N=C4N3C=CS4
D02841,CC(C(=O)NC1=CC=CC=C1Cl)OC(=O)C2=CC(=CC=C2)NC(=O)C
D02842,CC(C)(C)C1=CC=C(C=C1)SCN2C(=O)C3=CC=CC=C3N=N2
D02843,CCC1=NC2=CC=CC=C2C(=C1C)C(=O)OCC(=O)C3=CC=CC=C3Cl
D02844,CCOC(=O)NC(=O)CSC1=NN=C(S1)SCC2=CC=C(C=C2)C(C)C
D02845,CCOC1=C(C=C2C(=C1)CC(O2)C)CNC(=O)CC3=CC=C(S3)S(=O)(=O)N4CCCC4
D02846,CC(C(=O)NC1=CC=CC=C1OC)SC2=CC=C(C=C2)C(C)(C)C
D02847,CC(C)C(C(=O)NC(=O)N)OC(=O)CNS(=O)(=O)C1=CC2=C(CCCC2)C=C1
D02848,CC(C)C(C)(C#N)NC(=O)COC(=O)CNS(=O)(=O)C1=CC2=C(CCCC2)C=C1
D02849,CC(C1=CC=CS1)NC(=O)COC2=CC=CC=C2Br
D02850,C1CCC(C1)N2CC(CC2=O)C(=O)NC3=CC=C(C=C3)SC(F)F
D02851,CC(C)C(C)(C#N)NC(=O)COC(=O)C1=CC2=C(C=C1)SCCC(=O)N2
D02852,C1=COC(=C1)C2=NN=C(O2)COC(=O)C3=CC=C(S3)C4=CC=C(C=C4)Cl
D02853,CC1CCN(C2=CC=CC=C2S1)C(=O)COC3=CC=CC=C3Br
D02854,CC(C1=CC=CS1)NC(=O)COC(=O)C2=CC3=C(C=C2)SCCC(=O)N3
D02855,C1=CC=C(C(=C1)OCC(=O)OCC(=O)NC2=CC3=C(C=C2)OC(O3)(F)F)Cl
D02856,CC1=CN=C(S1)NC(=O)C2=CC3=C(S2)N=C4N3C=CS4
D02857,CC(CN1C(=O)C2=C(C=C(C=C2)C(=O)OC)N=C1SCC=CC3=CC=CC=C3)O
D02858,CC(C)C(C(=O)NC(=O)N)OC(=O)CNS(=O)(=O)C1=CC2=C(CCCC2)C=C1
D02859,CCC1CCCCN1C(=O)COC(=O)C2=CC3=C(C=C2)SCCC(=O)N3
D02860,CCC1=C(SC(=C1)C(=O)OCC(=O)NC2=CC=C(C=C2)C(=O)OCC)C
D02861,CCC1=C(SC(=C1)C(=O)OCC(=O)NCC2=CC=C(C=C2)C(=O)OC)C
D02862,CC(CN1C(=O)C2=C(C=C(C=C2)C(=O)OC)N=C1SCC(=O)N3CCCC3=O)O
D02863,CC(C(=O)NC1=CC=C(C=C1)C(=O)N)OC2=CC(=CC(=C2)Cl)Cl
D02864,C1CSC2=C(C=C(C=C2)C(=O)OCC(=O)NC3=CC=CC=C3F)NC1=O
D02865,CC(CN1C(=O)C2=C(C=C(C=C2)C(=O)OC)N=C1SC(C)C(=O)N3CCCC3)O
D02866,CC(C(=O)NC1=CC=CC=C1)OC(=O)CN(C)S(=O)(=O)C2=CC=C(C=C2)F
D02867,CC1=C(OC2=C1C=C(C=C2)OC)C(=O)NC3=CC(=NN3C)C(C)(C)C
D02868,CCC1=C(SC(=C1)C(=O)OCC(=O)NC2=C(C(=C(C=C2)F)F)F)C
D02869,CC(C)(C)C1=CC=C(C=C1)SCC(=O)NN2C(=O)C3(CCCCC3)NC2=O
D02870,CC1=C(C=C(C=C1)S(=O)(=O)C)C(=O)OC(C)C(=O)C2=CC=C(C=C2)OC(F)F
D02871,CC(C(=O)NC1CCCC1)OC(=O)CN(C)S(=O)(=O)C2=CC=C(C=C2)F
D02872,CCC1=NC2=CC=CC=C2C(=C1C)C(=O)OC(C)C(=O)NC3=C(C(=C(C=C3)F)F)F
D02873,CC1=CC(=C(C(=C1)C)C(=O)COC(=O)C2=CC3=C(C=C2)SCCC(=O)N3)C
D02874,COC1=CC(=CC(=C1OC)OC)CNC(=O)C2=C(C=CC(=C2)Cl)Cl
D02875,CC(C(=O)NC1=CC=CC=C1Cl)OC(=O)C2=CC(=CC=C2)NC(=O)C
D02876,C1CC(OC1)C[NH2+]CC2=CC=C(C=C2)OCC3=CC=CC=C3
D02877,CCC1=C(SC(=C1)C(=O)OCC(=O)NC2=C(C=CC=C2C(C)C)C)C
D02878,CC(C(=O)NC1=CC=C(C=C1)F)OC(=O)COC2=CC=CC=C2Cl
D02879,CC(C(=O)NC1=CC=CC=C1)OC(=O)CN(C)S(=O)(=O)C2=CC=C(C=C2)F
D02880,CC1=C(C=C(C=C1)S(=O)(=O)N2CCOCC2)NC(=O)COC(=O)CCC(C)C
D02881,CC1=C(C=C(O1)COC(=O)C2=CC3=C(C=C2)SCCC(=O)N3)C(=O)OC
D02882,CC(CN1C(=O)C2=C(C=C(C=C2)C(=O)OC)N=C1SCC(=O)N3CCCC3=O)O
D02883,CC(CN1C(=O)C2=C(C=C(C=C2)C(=O)OC)N=C1SCC=CC3=CC=CC=C3)O
D02884,CC1=C(C=C(O1)COC(=O)C2=CC3=C(C=C2)SCCC(=O)N3)C(=O)OC
D02885,CC1=CC(=C(C(=O)N1)CNC(=O)C2=C(C(=CC=C2)OC)OC)C
D02886,CC(C1=CC=C(C=C1)S(=O)(=O)C)NC(=O)CNC(=O)C2=CC=CO2
D02887,CC(C(=O)NC(=O)NC)OC(=O)COC1=CC=CC=C1Cl
D02888,CC(C(=O)NC1=CC2=C(C=C1)OCO2)OC(=O)COC3=CC=CC=C3Cl
D02889,CCC1=NC2=CC=CC=C2C(=C1C)C(=O)OC(C)C(=O)N3C(CCCC3C)C
D02890,CC1=C(C(=NN1C2=CC=C(C=C2)C(=O)NC3CC3)C)Cl
D02891,CC(C(=O)C1=CC=C(C=C1)OC)OC(=O)C2=CC3=C(C=C2)SCCC(=O)N3
D02892,CC1=C(C=C(C=C1)C(=O)OCC(=O)NC2=CC=C(C=C2)SC)O
D02893,C1CSC2=C(C=C(C=C2)C(=O)OCC3=CC(=O)OC4=C3C=CC(=C4)O)NC1=O
D02894,CC1=C(C=C(C=C1)S(=O)(=O)C)C(=O)OCC(=O)NC2=CC(=C(C=C2)C)F
D02895,C1=CC(=CC=C1C(=O)CN2C=NC3=C(C2=O)SC=C3)F
D02896,CC1=CC(=C(N1C)C)C(=O)COC(=O)CNS(=O)(=O)C2=CC3=C(CCCC3)C=C2
D02897,CC(C(=O)N1CCN(CC1)S(=O)(=O)C2=CC=CC=C2)SCC3=CC(=CC=C3)Cl
D02898,COC1=CC(=CC(=C1OC)OC)CNC(=O)C2=C(C=CC(=C2)Cl)Cl
D02899,CC(C(=O)C1=CC=C(C=C1)OC)OC(=O)C2=CC3=C(C=C2)SCCC(=O)N3
D02900,COC(=O)C1=CC2=C(C=C1)C(=O)N(C(=N2)SC3CCCCC3=O)CC4=CC=CO4
D02901,CC(C)CCC(=O)OCC(=O)NC1(CCCCC1)C#N
D02902,CC(C)CCC(=O)OC(C)C(=O)NC1=CC=C(C=C1)S(=O)(=O)NC(C)C
D02903,CC(C(=O)C1=CC=C(C=C1)OC)OC(=O)C2=CC3=C(C=C2)SCCC(=O)N3
D02904,CCC1=NC2=CC=CC=C2C(=C1C)C(=O)OC(C)C(=O)NC(C)CCC3=CC=CC=C3
D02905,C1=CC=C(C(=C1)NC(=O)COC2=CC=CC=C2Br)OC(F)F
D02906,CC(C(=O)N)SC1=NC2=C(C=CC(=C2)C(=O)OC)C(=O)N1CC3CCCO3
D02907,C#CCNC(=O)N1CCN(CC1)C2=CC=C(C=C2)F
D02908,COC(=O)C1=CC2=C(C=C1)C(=O)N(C(=N2)SC3CCCCC3=O)CC4CCCO4
D02909,CC1=CC=C(C=C1)C2=NN(C=C2C(=O)OCC(=O)NC3=NOC(=C3)C)C4=CC=CC=C4
D02910,C1CSC2=C(C=C(C=C2)C(=O)OCC(=O)NC3=CC=CC=C3C#N)NC1=O
D02911,CC(=O)NNC(=O)COC(=O)C1=CC=C(S1)C2=CC=C(C=C2)Cl
D02912,CC1CCC2=CC=CC=C2N1C(=O)CSC3=NNC(=N3)C4=CC=CS4
D02913,CC(C)C(C(=O)NC(=O)N)OC(=O)COC1=CC=CC=C1Cl
D02914,CC(C)CCC(=O)OC(C)C(=O)NC1=CC=C(C=C1)NC(=O)C
D02915,CCCOC1=CC=CC=C1NC(=O)C2=CC3=NC=CN=C3C=C2
D02916,CCC1=C(SC(=C1)C(=O)OCC(=O)NC2=C(C=C(C=C2)OC)[N+](=O)[O-])C
D02917,CC(C(=O)C1=CC=C(C=C1)OC)OC(=O)C2=CC3=C(C=C2)SCCC(=O)N3
D02918,C1CN(CCN1C2=CC=CC=C2)C(=O)NCC3=CC=CC=N3
D02919,COCCNC(=O)N1CCN(CC1)C2=CC=CC=C2Cl
D02920,CCS(=O)(=O)C(C)C(=O)NC1=C(C=C(C(=C1)C)Cl)OC
D02921,CCC1=C(SC(=C1)C(=O)OCC(=O)NC2=CC=CC=C2F)C
D02922,COC1=CC=CC=C1C(=O)COC(=O)C2=CC3=C(C=C2)SCCC(=O)N3
D02923,CC(C(=O)N1CCN(CC1)S(=O)(=O)C2=CC=CC=C2)SCC3=CC(=CC=C3)Cl
D02924,CC1=C(C2=CC=CC=C2N1)C(=O)C(C)OC(=O)CCC(C)C
D02925,CC(CN1C(=O)C2=C(C=C(C=C2)C(=O)OC)N=C1SC(C)C(=O)N3CCCC3)O
D02926,CC(C(=O)C1=CC=C(C=C1)OC)OC(=O)C2=CC3=C(C=C2)SCCC(=O)N3
D02927,CCC1=C(SC(=C1)C(=O)OCC(=O)NC2=CC=C(C=C2)C(=O)OCC)C
D02928,CC1=C(C=C(C=C1)S(=O)(=O)C)C(=O)OCC(=O)C2=CC=C(C=C2)C3CCCCC3
D02929,CC1=CC(=CC=C1)N2CCN(CC2)CC(=O)NC(=O)NC3CCCC3
D02930,CC1=CC(=C(C(=O)N1)CNC(=O)C2=C(C(=CC=C2)OC)OC)C
D02931,CC(C(=O)NC1=CC=C(C=C1)C(=O)C)OC(=O)COC2=CC=CC=C2Cl
D02932,C#CCNC(=O)N1CCN(CC1)C2=CC=C(C=C2)F
D02933,CCC1=C(SC(=C1)C(=O)OCC(=O)NC2=CC=CC=C2F)C
D02934,CCC1=C(SC(=C1)C(=O)OCC(=O)NC2=C(C=CC=C2C(C)C)C)C
D02935,COC(=O)C1=CC2=C(C=C1)C(=O)N(C(=N2)SC3CCCCC3=O)CC4CCCO4
D02936,CC(C)CCC(=O)OC(C(C)C)C(=O)NC(=O)N
D02937,CC(C(=O)N1CCCC1)OC(=O)CN(C)S(=O)(=O)C2=CC=C(C=C2)F
D02938,CC1=CC=C(C=C1)C(=O)NCC2=CC=C(C=C2)CN3CCOCC3
D02939,CC(C)CCC(=O)OC(C)C(=O)NC1=CC=C(C=C1)NC(=O)C
D02940,CC(CN1C(=O)C2=C(C=C(C=C2)C(=O)OC)N=C1SC(C)C(=O)N3CCCC3)O
D02941,CC1CCCC(C1C)NC(=O)C(C)OC(=O)CN(C)S(=O)(=O)C2=CC=C(C=C2)F
D02942,CC(C)CCC(=O)OCC(=O)NC1(CCCCC1)C#N
D02943,CCOC(=O)C1=C(SC(=C1CSC2=CC=C(C=C2)C(C)(C)C)C(=O)NC)N
D02944,CC(C(=O)NC1=CC=CC=C1Cl)OC(=O)C2=CC(=CC=C2)NC(=O)C
D02945,CC(C)COC1=C(C=C(C=C1Cl)C=CC(=O)OCC(=O)N2CCOCC2)OC
D02946,CC(C(=O)C1=CC=C(C=C1)OC)OC(=O)C2=CC3=C(C=C2)SCCC(=O)N3
D02947,CC1=C(C2=CC=CC=C2N1)C(=O)C(C)OC(=O)COC3=CC=CC=C3Cl
D02948,CC1=C(SC(=N1)C2=CC=C(C=C2)F)C(=O)NCC(=O)NC(C)(C)C
D02949,CC(CN1C(=O)C2=C(C=C(C=C2)C(=O)OC)N=C1SC(C)C(=O)N3CCCC3)O
D02950,CCCOC1=CC=CC=C1NC(=O)C2=CC3=NC=CN=C3C=C2
D02951,C1CC1CNC(=O)CS(=O)(=O)CC2=CC=C(C=C2)Br
D02952,CC(C(=O)C1=CC=C(C=C1)OC)OC(=O)C2=CC3=C(C=C2)SCCC(=O)N3
D02953,C1CC(OC1)C[NH2+]CC2=CC=C(C=C2)OCC3=CC=CC=C3
D02954,CCC1=CC=CC=C1NC(=O)CNC(=O)C2=CC(=CC=C2)NC(=O)C
D02955,CN(CC1=CC=CC=C1F)C(=O)NC2=CN=CC=C2
D02956,CC(C(=O)NC1=CC=CC=C1Cl)OC(=O)C2=CC(=CC=C2)NC(=O)C
D02957,CCC1=C(SC(=C1)C(=O)OCN2C(=O)C3=CC=CC=C3N=N2)C
D02958,CC(C)(C)C1=CC=C(C=C1)SCC(=O)NC2=CC=C(C=C2)C(=O)N
D02959,CC1=CC(=CC=C1)N2CCN(CC2)CC(=O)NC(=O)NC3CCCC3
D02960,CC1=CC=C(C=C1)C2=NN(C=C2C(=O)OCC3=CC4=C(C=C3)OCO4)C5=CC=CC=C5
D02961,CC(C)CCC(=O)OCC(=O)NC1(CCCCC1)C#N
D02962,C1CSC2=C(C=C(C=C2)C(=O)OCC3=CC(=O)OC4=C3C=CC(=C4)O)NC1=O
D02963,COC1=CC2=CC=CC=C2C=C1C(=O)NC3=CC=C(C=C3)S(=O)(=O)N4CCCCC4
D02964,CC(C)(C)C1=CC=C(C=C1)SCC(=O)N2CCNC2=O
D02965,COC1=CC(=CC(=C1OC)OC)CNC(=O)C2=C(C=CC(=C2)Cl)Cl
D02966,CCC1=NC2=CC=CC=C2C(=C1C)C(=O)OC(C)C(=O)N3C(CCCC3C)C
D02967,C1=CC(=CC(=C1)S(=O)(=O)N)NC(=O)COC2=CC(=CC(=C2)Cl)Cl
D02968,CC(C)(C)C1=CC=C(C=C1)SCC(=O)NC2=CC=C(C=C2)C(=O)N
D02969,CC1=CC(=C(C=C1)NC(=O)COC2=CC=CC=C2Br)Cl
D02970,CCC(C1=CC=C(C=C1)C)NC(=O)COC(=O)COC2=CC=CC=C2Cl
D02971,CC(C1=C(C=C(C=C1)F)F)NC(=O)COC2=CC=CC=C2Br
D02972,CC(CN1C(=O)C2=C(C=C(C=C2)C(=O)OC)N=C1SCC=CC3=CC=CC=C3)O
D02973,CC1=CC=C(C=C1)OCCCC(=O)N2CCC3=CC(=C(C=C3C2CC(=O)OC)OC)OC
D02974,CC(C)CCC(=O)OCC(=O)NC1=NC(=CS1)C2=C(C=CC(=C2)OC)OC
D02975,CC1=C(C(NC(=O)N1CCOC)C2=CC=CC=C2F)C(=O)OC
D02976,COC(=O)C1=CC2=C(C=C1)C(=O)N(C(=N2)SCC#N)CC3CCCO3
D02977,CC1=C(C(=NN1C2=CC=C(C=C2)C(=O)NC3CC3)C)Cl
D02978,CCCN1C(=O)C(=CC2=CC=CC=C2F)NC1=S
D02979,CC(C#N)(C1CC1)NC(=O)CSC2=C(C=CC=C2Cl)Cl
D02980,CC1=C(C=C(C=C1)S(=O)(=O)C)C(=O)OC(C)C2=CC=CC=C2
D02981,CCC1=C(SC(=C1)C(=O)OCC(=O)NC2=CC=CC=C2C(F)(F)F)C
D02982,COCCNC(=O)N1CCN(CC1)C2=CC=CC=C2Cl
D02983,CC1=CC=C(C=C1)N(CCC#N)C(=O)COC(=O)COC2=CC=CC=C2Cl
D02984,CC1=CC=C(C=C1)NC(=O)COC(=O)CNS(=O)(=O)C2=CC3=C(CCCC3)C=C2
D02985,CC(C(=O)NC1=CC=CC=C1Cl)OC(=O)C2=CC(=CC=C2)NC(=O)C
D02986,CCCOC1=C(C=C(C=C1Cl)C=CC(=O)OC2CCOC2=O)OC
D02987,CN(CC(=O)OCN1C(=O)C2=CC=CC=C2N=N1)S(=O)(=O)C3=CC=C(C=C3)F
D02988,CC(C)(C)C1=CC=C(C=C1)SCC(=O)NC2=CC=C(C=C2)C(=O)N
D02989,CC1CCC2=CC=CC=C2N1C(=O)CSC3=NN=C(S3)NCC=C
D02990,CC1=CC=C(C=C1)C2=NN(C=C2C(=O)OC(C)C(=O)NC(=O)NC)C3=CC=CC=C3
D02991,CC(C1=CC=CC=N1)NS(=O)(=O)C2=CC3=C(C=C2)N(CCC3)C(=O)C
D02992,CC(C)(C)C1=CC=C(C=C1)SCC(=O)NC2=CC=C(C=C2)C(=O)N
D02993,CN(C)S(=O)(=O)C1=CC=C(C=C1)NC(=O)COC2=CC=CC=C2Br
D02994,CC(C)C(C(=O)NC(=O)N)OC(=O)CNS(=O)(=O)C1=CC2=C(CCCC2)C=C1
D02995,C1=CC=C(C(=C1)OCC(=O)NC2=C(C=CC(=C2)F)F)Br
D02996,CCCN1C(=O)C(=CC2=CC=CC=C2F)NC1=S
D02997,CC(C)CCC(=O)OCC(=O)NC1=CC(=C(C=C1)Cl)[N+](=O)[O-]
D02998,CCC1=NC2=CC=CC=C2C(=C1C)C(=O)OC(C)C(=O)N(C)CC3=CC=CC=C3
D02999,CCCOC1=C(C=C(C=C1Cl)C=CC(=O)OCC2=NN=C(O2)C3=CC=CO3)OC
D03000,CC(C)C(C(=O)NC(=O)N)OC(=O)COC1=CC=CC=C1Cl
D03001,CCC1=C(SC(=C1)C(=O)OCC(=O)C(=C2NC3=CC=CC=C3N2)C#N)C
D03002,C1=CC=C(C=C1)N(CC#N)C(=O)COC(=O)C2=CC=C(S2)C3=CC=C(C=C3)Cl
D03003,COC(=O)C1=CC2=C(C=C1)C(=O)N(C(=N2)SCC3CCOCO3)CC4=CC=CO4
D03004,CC1=CC=C(C=C1)OCCCC(=O)N2CCC3=CC(=C(C=C3C2CC(=O)OC)OC)OC
D03005,C1=CSC(=C1)C[NH2+]C(CO)(CO)CO
D03006,CCC1=NC2=CC=CC=C2C(=C1C)C(=O)OC(C)C(=O)N3C(CCCC3C)C
D03007,CC(C)(C)C1=CC=C(C=C1)SCC(=O)NN2C(=O)C3(CCCCC3)NC2=O
D03008,CCC1=NC2=CC=CC=C2C(=C1C)C(=O)OC(C)C3=CC=CC=C3Cl
D03009,CC(C(=O)NC1=CC=CC=C1[N+](=O)[O-])OC2=CC(=CC(=C2)Cl)Cl
D03010,CC1=CC=C(C=C1)C2=NN(C=C2C(=O)OCC3=CC=C(C=C3)C#N)C4=CC=CC=C4
D03011,CC1=CC(=CC(=C1)N2C=CN=C2SCC(=O)N(C)CCC#N)C
D03012,C1=CC=C(C(=C1)OCC(=O)NC2=CC=C(C=C2)C#N)Br
D03013,CCC1=NC2=CC=CC=C2C(=C1C)C(=O)OC(C)C(=O)NC3CC3
D03014,CC(C(=O)NC1=CC=CC=C1)OC(=O)CN(C)S(=O)(=O)C2=CC=C(C=C2)F
D03015,CCC1=NC2=CC=CC=C2C(=C1C)C(=O)OCC(=O)NC3=CC=CC=C3C(=O)N
D03016,CC1=CC=C(C=C1)C2=NN(C=C2C(=O)OC(C)C(=O)N3CCCC3)C4=CC=CC=C4
D03017,C1CN(CCN1CC2=CSC3=CC=CC=C32)C(=O)NCC4=CC=CC=N4
D03018,CC(C)C(C(=O)NC(=O)N)OC(=O)COC1=CC=CC=C1Cl
D03019,CC(C)CCC(=O)OCC(=O)NC(=O)C1=CC=CC=C1OC
D03020,CC(C(=O)NC1=CC=CC=C1Cl)OC(=O)C2=CC(=CC=C2)NC(=O)C
D03021,CCC1=NC2=CC=CC=C2C(=C1C)C(=O)OC(C)C(=O)NC3CC3
D03022,CCC1=NC2=CC=CC=C2C(=C1C)C(=O)OCC(=O)C3=CC=CC=C3Cl
D03023,CC(C)CC(=O)N1CCN(CC1)C2=C(C(=O)N(N=C2)C3=CC=CC=C3)Cl
D03024,CCC1=NC2=CC=CC=C2C(=C1C)C(=O)OCC(=O)C3=CC=CC=C3Cl
D03025,CC1=C(C=C(O1)COC(=O)C2=CC3=C(C=C2)SCCC(=O)N3)C(=O)OC
D03026,CCOC1=CC=CC=C1COC(=O)CN(C)S(=O)(=O)C2=CC=C(C=C2)F
D03027,CCOC(=O)C1=C(NC(=C1C(=O)COC(=O)COC2=CC=CC=C2Cl)C)C
D03028,CC(C(=O)NC(=O)NC)OC(=O)COC1=CC=CC=C1Cl
D03029,CCC1=NC2=CC=CC=C2C(=C1C)C(=O)OC(C)C3=CC=CC=C3Cl
D03030,CC1=C(C=C(C=C1)C(C)NC(=O)COC(=O)C2=CC3=C(C=C2)SCCC(=O)N3)C
D03031,CCC1=CC=CC=C1NC(=O)CNC(=O)C2=CC(=CC=C2)NC(=O)C
D03032,CC(C)CCC(=O)OCC(=O)NC1(CCCCC1)C#N
D03033,CCC1=NC2=CC=CC=C2C(=C1C)C(=O)OCC(=O)N3CCC(=N3)C4=CC=CC=C4
D03034,CC1=CC(=C(C(=C1)C)C(=O)COC(=O)C2=CC3=C(C=C2)SCCC(=O)N3)C
D03035,CC1=C(OC2=C1C=C(C=C2)OC)C(=O)NC3=CC(=NN3C)C(C)(C)C
D03036,CCC1=NC2=CC=CC=C2C(=C1C)C(=O)OC(C)C3=CC=CC=C3Cl
D03037,CC1=C(C=C(C=C1)S(=O)(=O)C)C(=O)OCC(=O)C2=C(C=CC(=C2)F)OC
D03038,CCC1=C(SC(=C1)C(=O)OCC(=O)NC2=C(C=CC=C2C(C)C)C)C
D03039,CC(C(=O)NC1=CC=CC=C1OC)NC2=CC3=C(CCC3)C=C2
D03040,C1=CC=C(C(=C1)OCC(=O)NC2=C(C=CC(=C2)Cl)N3C=NC=N3)Br
D03041,CCCCC1=CC=C(C=C1)NC(=O)COC(=O)COC2=CC=CC=C2Cl
D03042,C1=CC=C(C(=C1)NC(=O)COC2=CC=CC=C2Br)OC(F)F
D03043,CC1=C(C=C(C=C1)S(=O)(=O)C)C(=O)OCC(=O)NC(C)C2=C(C=C(C=C2)F)F
D03044,CC1CCCCC1NC(=O)COC(=O)CNS(=O)(=O)C2=CC3=C(CCCC3)C=C2
D03045,CC(C)C(C)(C#N)NC(=O)COC(=O)CNS(=O)(=O)C1=CC2=C(CCCC2)C=C1
D03046,C1CSC2=C(C=C(C=C2)C(=O)OCCOC3=CC=CC=C3F)NC1=O
D03047,CC(C(=O)NC1=CC=CC=C1Cl)OC(=O)C2=CC(=CC=C2)NC(=O)C
D03048,C1=CC(=CC=C1C(=O)CN2C=NC3=C(C2=O)SC=C3)F
D03049,CC(C(=O)N1CCN(CC1)S(=O)(=O)C2=CC=CC=C2)SCC3=CC(=CC=C3)Cl
D03050,C#CCNC(=O)N1CCN(CC1)C2=CC=C(C=C2)F
D03051,CC(C(=O)NC1=C(C(=C(C=C1)F)F)F)OC(=O)COC2=CC=CC=C2Cl
D03052,CC1=CC(=C(C(=O)N1)CNC(=O)C2=CC=CC=C2C(F)(F)F)C
D03053,CC(C)C(C)(C#N)NC(=O)COC(=O)CNS(=O)(=O)C1=CC2=C(CCCC2)C=C1
D03054,COC(=O)C1=CC2=C(C=C1)C(=O)N(C(=N2)SCC#N)CC3CCCO3
D03055,CCC1=CC=CC=C1NC(=O)CNC(=O)C2=CC(=CC=C2)NC(=O)C
D03056,CC(CN1C(=O)C2=C(C=C(C=C2)C(=O)OC)N=C1SC(C)C(=O)N3CCCC3)O
D03057,C1COCC[NH+]1CC(COC2=CC=C(C=C2)C3=NN=CO3)O
D03058,CC(C(=O)NC(=O)NC)OC(=O)COC1=CC=CC=C1Cl
D03059,CC(C)CCC(=O)OC(C)C(=O)NC1=CC=C(C=C1)C(=O)N
D03060,CC(C(=O)C1=CC=C(C=C1)OC)OC(=O)C2=CC3=C(C=C2)SCCC(=O)N3
D03061,CC(C)(C)C1=CC=C(C=C1)SCC(=O)NC2=C(C=CS2)C(=O)N
D03062,COC1=CC=C(C=C1)NC(=O)CSC2=C(C=CC=C2Cl)Cl
D03063,CC1=C(C=CC(=C1)NC(=O)COC(=O)CCC(C)C)Br
D03064,CC1CCN(CC1)C(=O)COC(=O)C2=CN(N=C2C3=CC=C(C=C3)C)C4=CC=CC=C4
D03065,CCC1=NC2=CC=CC=C2C(=C1C)C(=O)OCC(=O)NC3=CC=CC=C3C(C)CC
D03066,CCOC1=CC=CC2=C1OC(=C2)C(C)NC(=O)CNC(=O)CC34CC5CC(C3)CC(C5)C4
D03067,C1=CC=C(C(=C1)OCC(=O)NC2=CC=C(C=C2)C#N)Br
D03068,CC1=CC=C(C=C1)C2=NN(C=C2C(=O)OCC3=CC4=C(C=C3)OCO4)C5=CC=CC=C5
D03069,C1CC2=C(C1)C=C(C=C2)NC(=O)COC(=O)COC3=CC=CC=C3Cl
D03070,CC1CCN(CC1)C(=O)COC(=O)C2=CN(N=C2C3=CC=C(C=C3)C)C4=CC=CC=C4
D03071,COC1=CC(=CC(=C1OC)OC)NC(=O)C2=NNC3=CC=CC=C32
D03072,CC1=CC(=C(C(=O)N1)CNC(=O)C2=C(C(=CC=C2)OC)OC)C
D03073,CC1=C(C=C(C=C1)S(=O)(=O)NC(C2=CC=CC=C2)C3=NC=CN3C)C
D03074,CC1CCN(C2=CC=CC=C2S1)C(=O)COC3=CC=CC=C3Br
D03075,CC1=CC=C(C=C1)C2=NC(=CS2)COC(=O)C3=CC4=C(C=C3)SCCC(=O)N4
D03076,C1=CC=C2C(=C1)C=CN(C2=O)CC(=O)NC3=CC=C(C=C3)OC(F)F
D03077,CCC1=NC2=CC=CC=C2C(=C1C)C(=O)OC(C)C3=CC=CC=C3Cl
D03078,CCC1=C(SC(=C1)C(=O)OCC(=O)NC2=CC=CC=C2F)C
D03079,CCCOC1=C(C=C(C=C1Cl)C=CC(=O)OC(C)C(=O)NC2CC2)OC
D03080,CC(C(=O)NC1=CC=CC=C1)OC(=O)CN(C)S(=O)(=O)C2=CC=C(C=C2)F
D03081,C1=CC=C(C=C1)CCCNC(=O)COC2=CC=CC=C2Br
D03082,CCC1=C(SC(=C1)C(=O)OCC(=O)NC2=CC=C(C=C2)[N+](=O)[O-])C
D03083,CC(C)C(C)NC(=O)COC(=O)CN(C)S(=O)(=O)C1=CC=C(C=C1)F
D03084,CCOC1=CC=CC2=C1OC(=C2)C(C)NC(=O)CNC(=O)CC34CC5CC(C3)CC(C5)C4
D03085,CC1=C(C=C(C=C1)S(=O)(=O)C)C(=O)OCC(=O)NC(C)(C#N)C(C)C
D03086,CC(C)(C)C1=CC=C(C=C1)SCC(=O)NC2=CC=C(C=C2)C(=O)N
D03087,CC1=C2C(=CC=C1)C(=O)N(C=N2)CCC(=O)NC3=CC=CC4=C3C=CC=N4
D03088,CC1=CC=C(C=C1)C2=NN(C=C2C(=O)OCC(=O)NC3=NOC(=C3)C)C4=CC=CC=C4
D03089,COC1=C(C=C(C=C1)C(=O)COC(=O)C2=CC3=C(C=C2)SCCC(=O)N3)OC
D03090,CC1CCC2=CC=CC=C2N1C(=O)CN3CCNC(=O)C3
D03091,CC1=C(NC(=C1C(=O)C)C)C(=O)OC(C)C2=NC(=NO2)C3=CC=CC=C3
D03092,CCC1=NC2=CC=CC=C2C(=C1C)C(=O)OC(C)C(=O)NCCC3=CCCCC3
D03093,CC1=NC(=C(C=C1Cl)Cl)NC(=O)COC(=O)CCC(C)C
D03094,CCOC1=CC=CC=C1COC(=O)CN(C)S(=O)(=O)C2=CC=C(C=C2)F
D03095,CCC1=C2C(=CC=C1)C(=CN2)C(=O)COC(=O)COC3=CC=CC=C3Cl
D03096,CCC1=NC2=CC=CC=C2C(=C1C)C(=O)OC(C)C(=O)NC(C)CCC3=CC=CC=C3
D03097,CC(C1=CC=C(C=C1)S(=O)(=O)C)NC(=O)CNC(=O)C2=CC=CO2
D03098,CC(C(=O)NC(=O)NC)OC(=O)COC1=CC=CC=C1Cl
D03099,CC(C(=O)NC(=O)NC)OC(=O)COC1=CC=CC=C1Cl
D03100,CC1=CC(=C(N1CC2CCCO2)C)C(=O)COC3=CC=CC=C3Br
D03101,CC1=C(C=C(C=C1)S(=O)(=O)C)C(=O)OCC(=O)NC
D03102,C1=CC=C(C(=C1)NC(=O)COC2=CC=CC=C2Br)OC(F)F
D03103,CC(C)OC(=O)CSC1=NC2=C(C=CC(=C2)C(=O)OC)C(=O)N1CC(C)O
D03104,CC1=C(C=C(C=C1)Cl)NC(=O)CSC
D03105,CCC1=NC2=CC=CC=C2C(=C1C)C(=O)OCC(=O)NC(C)(C#N)C3CC3
D03106,CCCOC1=C(C=C(C=C1Cl)C=CC(=O)OCC2=CC=C(C=C2)C#N)OC
D03107,CCCCC1=NOC(=N1)CS(=O)(=O)CC(=O)N
D03108,CCC1=NC2=CC=CC=C2C(=C1C)C(=O)OCC(=O)C3=CC=CC=C3Cl
D03109,CC1=C(C=C(C=C1)S(=O)(=O)C)C(=O)OC(C)C2=CC=CC=C2
D03110,C1COCCN1S(=O)(=O)C2=CN=C(C=C2)SC3=NC4=CC=CC=C4S3
D03111,CC1=CC(=C(N1CC2=CC=CS2)C)C(=O)COC(=O)COC3=CC=CC=C3Cl
D03112,CC(C)CCC(=O)OCC(=O)NC1=CC2=C(C=C1)OC(O2)(F)F
D03113,CC(C)(C)C1=CC=C(C=C1)SCC(=O)N(C2CCS(=O)(=O)C2)C3=CC=CC=C3
D03114,CCC1=NC2=CC=CC=C2C(=C1C)C(=O)OC(C)C(=O)NC3=CC=CC(=C3)C
D03115,C1CSC2=C(C=C(C=C2)C(=O)OCCOC3=CC=CC=C3F)NC1=O
D03116,CC(=O)NC1=C(C=CC(=C1)C(=O)COC(=O)C2=CC3=C(CCC3)C=C2)O
D03117,CC(C)CCC(=O)OCC(=O)NC(=O)C1=CC=CC=C1OC
D03118,CC(C(=O)C1=CC=C(C=C1)OC)OC(=O)C2=CC3=C(C=C2)SCCC(=O)N3
D03119,CC1=CC(=NO1)NC(=O)COC(=O)C=CC2=CC(=C(C(=C2)Cl)OCC(C)C)OC
D03120,CC(C(=O)NC1CCCC1)OC(=O)CN(C)S(=O)(=O)C2=CC=C(C=C2)F
D03121,CCC1=C(SC(=C1)C(=O)OCC(=O)NCC2=CC=C(C=C2)C(=O)OC)C
D03122,CCC1=NC2=CC=CC=C2C(=C1C)C(=O)OC(C)C(=O)N3C(CCCC3C)C
D03123,CCC1=C(SC(=C1)C(=O)OCC(=O)NC2=C(C=CC(=C2)[N+](=O)[O-])OC)C
D03124,CC(C)CCN1C(=O)C2=C(C1=O)C=C(C=C2)C(=O)NC3CC3
D03125,CCC1=NC2=CC=CC=C2C(=C1C)C(=O)OCC(=O)NC(C)(C#N)C3CC3
D03126,C1=CC=C(C(=C1)NC(=O)COC2=CC=CC=C2Br)OC(F)F
D03127,CC(C)COC1=C(C=C(C=C1Cl)C=CC(=O)OC2CCCCC2=O)OC
D03128,CC(C)C(C(=O)NC(=O)N)OC(=O)COC1=CC=CC=C1Cl
D03129,CCCOC1=CC=CC=C1NC(=O)C2=CC3=NC=CN=C3C=C2
D03130,CCC1=C(SC(=C1)C(=O)OCC(=O)NC2=C(C(=C(C=C2)F)F)F)C
D03131,COC(=O)C1=CC=C(C=C1)COC(=O)CNS(=O)(=O)C2=CC3=C(CCCC3)C=C2
D03132,CCCOC1=CC=CC=C1NC(=O)C2=CC3=NC=CN=C3C=C2
D03133,CC1(C(=O)N(C(=O)N1)CC2=CC(=CC=C2)Br)C3=CC=CC=C3
D03134,CC(C)(C)C1=CC=C(C=C1)SCC(=O)NC2=CC=C(C=C2)C(=O)N
D03135,C1=CC=C2C(=C1)C=C(S2)C(=O)NC3=CC=NC=C3
D03136,CC(CN1C(=O)C2=C(C=C(C=C2)C(=O)OC)N=C1SCC=CC3=CC=CC=C3)O
D03137,CCC1=NC2=CC=CC=C2C(=C1C)C(=O)OC(C)C(=O)C3=C(NC4=CC=CC=C43)C
D03138,CCCN1C(=O)C(=CC2=CC=CC=C2F)NC1=S
D03139,CC(C#N)(C1CC1)NC(=O)COC2=CC=CC=C2Br
D03140,CC(C)C(C)(C#N)NC(=O)COC1=CC=CC=C1Br
D03141,CC(C#N)(C1CC1)NC(=O)COC2=CC=CC=C2Br
D03142,CC1CCCCN1C(=O)COC(=O)C2=CN(N=C2C3=CC=C(C=C3)C)C4=CC=CC=C4
D03143,CC(C1=CC(=CC=C1)C(F)(F)F)NC(C)C(=O)NC2=CC=CC=C2OC
D03144,CC1=CC=C(C=C1)C(=O)NCC2=CC=C(C=C2)CN3CCOCC3
D03145,CC1=C(C=C(C=C1)S(=O)(=O)C)C(=O)OCC(=O)C2=C(C=CC(=C2)F)OC
D03146,CC1=CC=C(C=C1)C2=NN(C=C2C(=O)OCC(=O)NC3=NOC(=C3)C)C4=CC=CC=C4
D03147,CC1=C(C=CC(=C1)NC(=O)COC(=O)CCC(C)C)Br
D03148,CC1=C(SC(=N1)C2=CC=C(C=C2)F)C(=O)NCC(=O)NC(C)(C)C
D03149,CC(C(=O)NCC1=CC=C(C=C1)OC)SC2=C(C=CC=C2Cl)Cl
D03150,CC(C)C(C)NC(=O)CSC1=CC=C(C=C1)[N+](=O)[O-]
D03151,CC(C)CCC(=O)OCC(=O)NC(=O)C1=CC=CC=C1OC
D03152,CCCOC1=C(C=C(C=C1Cl)C=CC(=O)OCC2=CC=C(C=C2)C#N)OC
D03153,C=CCNC1=NN=C(S1)SCC2=CC=CC3=C2N=CC=C3
D03154,CC1=CC=C(C=C1)C2=NN(C=C2C(=O)OC(C)C(=O)NC(=O)NC)C3=CC=CC=C3
D03155,CC(C)COC1=C(C=C(C=C1Cl)C=CC(=O)OCC(=O)N(C)C)OC
D03156,CC(C)C(C)NC(=O)CSC1=CC=C(C=C1)[N+](=O)[O-]
D03157,CCC1=NC2=CC=CC=C2C(=C1C)C(=O)OC(C)C3=CC=CC=C3Cl
D03158,CC(C)CCC(=O)OCC(=O)NC1(CCCCC1)C#N
D03159,CC(C1=CC=CC=C1Br)NC(=O)COC2=CC=CC=C2Br
D03160,C1CSC2=C(C=C(C=C2)C(=O)OCC3=CC(=O)OC4=C3C=CC(=C4)O)NC1=O
D03161,CC1=C(C=C(C=C1)S(=O)(=O)C)C(=O)OC(C)C(=O)NC2=CC=C(C=C2)C(=O)C
D03162,CCC1=C(SC(=C1)C(=O)OCC(=O)NCC2=CC=C(C=C2)C(=O)OC)C
D03163,COC1=CC=CC(=C1)C2=NOC(=N2)COC(=O)C3=CC4=C(C=C3)SCCC(=O)N4
D03164,CCC1=C(SC(=C1)C(=O)OCC(=O)NC2=C(C=C(C=C2)OC)[N+](=O)[O-])C
D03165,CC(C)CCC(=O)OCC(=O)NC1=CC(=CC=C1)S(=O)(=O)N(C)C2=CC=CC=C2
D03166,CC(CN1C(=O)C2=C(C=C(C=C2)C(=O)OC)N=C1SC(C)C(=O)N3CCCC3)O
D03167,CC(CN1C(=O)C2=C(C=C(C=C2)C(=O)OC)N=C1SC(C)C(=O)N3CCCC3)O
D03168,CCC1=NC2=CC=CC=C2C(=C1C)C(=O)OCC(=O)C3=CC=CC=C3Cl
D03169,C1=CC(=CC=C1C(=O)CN2C=NC3=C(C2=O)SC=C3)F
D03170,CC(C(=O)C1=CC=C(C=C1)OC)OC(=O)C2=CC3=C(C=C2)SCCC(=O)N3
D03171,CC(C)(C)C1=CC=C(C=C1)SCC(=O)NC2=CC=C(C=C2)C(=O)N
D03172,CC1=CC(=C(C(=O)N1)CNC(=O)C2=C(C(=CC=C2)OC)OC)C
D03173,CC(C(=O)NC1=CC=C(C=C1)C(=O)N)OC2=CC(=CC(=C2)Cl)Cl
D03174,C1=CC=C(C(=C1)OCC(=O)NC2=C(C=CC=C2Cl)Cl)Br
D03175,C1C2CC3CC1CC(C2)(C3)CNC(=O)COC4=CC=CC=C4Br
D03176,CC1=C(C2=CC=CC=C2N1)C(=O)C(C)OC(=O)COC3=CC=CC=C3Cl
D03177,C1=CC=C(C(=C1)OCC(=O)NCC2=CC(=CC=C2)Cl)Br
D03178,CC1=C(C=C(O1)COC(=O)C2=CC3=C(C=C2)SCCC(=O)N3)C(=O)OC
D03179,CC(C1=CC=C(C=C1)Br)NC(=O)COC2=CC=CC=C2Br
D03180,CC(C)(C)C1=CC=C(C=C1)SCC(=O)NN2C(=O)C3(CCCCC3)NC2=O
D03181,C1CC(C2=CC=CC=C2C1)NC(=O)COC3=CC=CC=C3Br
D03182,CC(C(=O)NC1=CC=CC=C1Cl)OC(=O)C2=CC(=CC=C2)NC(=O)C
D03183,CCC1=NC2=CC=CC=C2C(=C1C)C(=O)OC(C)C(=O)NCCC3=CCCCC3
D03184,C1=CC=C(C(=C1)OCC(=O)OCC(=O)NC2=CC3=C(C=C2)OC(O3)(F)F)Cl
D03185,CC(CN1C(=O)C2=C(C=C(C=C2)C(=O)OC)N=C1SC(C)C(=O)N3CCCC3)O
D03186,CC(=O)NC1=C(C=CC(=C1)C(=O)COC(=O)C2=CC3=C(CCC3)C=C2)O
D03187,CC1=C(C=C(C=C1)S(=O)(=O)C)C(=O)OCC(=O)NCCC2=CC=C(C=C2)Cl
D03188,CCCN1C(=O)C(=CC2=CC=CC=C2F)NC1=S
D03189,COC1=CC(=CC(=C1OC)OC)NC(=O)C2=NNC3=CC=CC=C32
D03190,C1CSC2=C(C=C(C=C2)C(=O)OCC(=O)NC3=CC=CC=C3F)NC1=O
D03191,C1=CC=C(C(=C1)C(F)(F)F)NC(=O)COC(=O)COC2=CC=CC=C2Cl
D03192,C1=CC=C(C(=C1)OCC(=O)OCC(=O)NC2=CC3=C(C=C2)OC(O3)(F)F)Cl
D03193,CC(C)COC1=C(C=C(C=C1Cl)C=CC(=O)OCC(=O)NC2CC2)OC
D03194,CC1CCCCC1NC(=O)COC(=O)CNS(=O)(=O)C2=CC3=C(CCCC3)C=C2
D03195,CC(C)C(C)(C#N)NC(=O)COC1=CC=CC=C1Br
D03196,CC(CN1C(=O)C2=C(C=C(C=C2)C(=O)OC)N=C1SC(C)C(=O)N3CCCC3)O
D03197,CC(C)CCC(=O)OCC(=O)NC1=CC(=NN1C)C2=CC=C(C=C2)Cl
D03198,CCCN1C(=O)C(=CC2=CC=CC=C2F)NC1=S
D03199,CC1=CC=C(C=C1)C2=NC(=CS2)COC(=O)C3=CC4=C(C=C3)SCCC(=O)N4
D03200,CC1=C(C=C(C=C1)S(=O)(=O)N2CCOCC2)NC(=O)COC(=O)CCC(C)C
D03201,C1CCC(CC1)(CNC(=O)C2=CC(=C(C=C2)Cl)Cl)N3CCOCC3
D03202,C1CCC(CC1)[NH2+]CC2=C(C=CC=C2Cl)F
D03203,CC(CN1C(=O)C2=C(C=C(C=C2)C(=O)OC)N=C1SC(C)C(=O)N3CCCC3)O
D03204,CC(C(=O)NC1=CC=C(C=C1)F)OC(=O)COC2=CC=CC=C2Cl
D03205,C1CC(CN(C1)C2=C(C=C(C=C2)[N+](=O)[O-])Cl)O
D03206,C1CSC2=C(C=C(C=C2)C(=O)OCC3=CC(=O)OC4=C3C=CC(=C4)O)NC1=O
D03207,CCC1CCCCN1C(=O)COC(=O)C2=CC3=C(C=C2)SCCC(=O)N3
D03208,CC(C#N)(C1CC1)NC(=O)COC2=CC=CC=C2Br
D03209,CC(C1=CC=CS1)NC(=O)COC(=O)C2=CC3=C(C=C2)SCCC(=O)N3
D03210,CC1=CC=C(C=C1)C2=NN(C=C2C(=O)OCC3=CC4=C(C=C3)OCO4)C5=CC=CC=C5
D03211,CCC(C)N(C(C)CC)C(=O)CN1C(=O)C(NC1=O)(C)C2CCCCC2
D03212,CCC1=NC2=CC=CC=C2C(=C1C)C(=O)OC(C)C(=O)N3C(CCCC3C)C
D03213,CCC1=C(SC(=C1)C(=O)OCC(=O)NC2=C(C(=CC=C2)Cl)Cl)C
D03214,C1CC(CN(C1)C2=C(C=C(C=C2)[N+](=O)[O-])Cl)O
D03215,CC1=C(C=C(C=C1)S(=O)(=O)C)C(=O)OCC(=O)N(C)C
D03216,CN(C1=CC=CC=C1)C(=O)CN2C3=CC=CC=C3N=CC2=O
D03217,C1=CC=C2C(=C1)C=C(S2)C(=O)NC3=CC=NC=C3
D03218,CCN(C1=CC=CC=C1)C(=O)COC(=O)C2=CC3=C(C=C2)SCCC(=O)N3
D03219,CCC1=C(SC(=C1)C(=O)OCC(=O)NC2=C(C=CC(=C2)[N+](=O)[O-])F)C
D03220,CC(C)C(C)(C#N)NC(=O)COC(=O)CNS(=O)(=O)C1=CC2=C(CCCC2)C=C1
D03221,CCC1=CC(=C(C=C1)CC)C(=O)COC(=O)C2=C(C=CC(=C2)S(=O)(=O)C)C
D03222,CCOC1=C(C=C2C(=C1)CC(O2)C)CNC(=O)CC3=CC=C(S3)S(=O)(=O)N4CCCC4
D03223,CC1=CC(=CC=C1)N2C(=O)CCC(=N2)C(=O)NC3=C(C=C(C=C3)F)Cl
D03224,CCC(C1=CC=C(C=C1)C)NC(=O)COC(=O)COC2=CC=CC=C2Cl
D03225,CCC1=NC2=CC=CC=C2C(=C1C)C(=O)OCC(=O)NC3=C(C=C(C=C3Cl)C)C
D03226,C1=CC=C(C=C1)N(CC#N)C(=O)COC(=O)C2=CC=C(S2)C3=CC=C(C=C3)Cl
D03227,C1=CC=C(C(=C1)NC(=O)CCC(=O)C2=CC=CS2)O
D03228,C1CCC2=C(C1)C=CC(=C2)S(=O)(=O)NCC(=O)OCC(=O)NC3CC3
D03229,CCC1=C(SC(=C1)C(=O)OCC(=O)NC2=C(C=C(C(=C2)C)C)[N+](=O)[O-])C
D03230,CN(CC(=O)OCC1=C(C=C(C=C1)Cl)Cl)S(=O)(=O)C2=CC=C(C=C2)F
D03231,CC(C(=O)N)SC1=NC2=C(C=CC(=C2)C(=O)OC)C(=O)N1CC3CCCO3
D03232,CCC1=NC2=CC=CC=C2C(=C1C)C(=O)OCC(=O)N3CCC(=N3)C4=CC=CC=C4
D03233,CC(C)CCC(=O)OCC(=O)NC1=CC2=C(C=C1)OC(O2)(F)F
D03234,CC(C(=O)C1=CC=C(C=C1)OC)OC(=O)C2=CC3=C(C=C2)SCCC(=O)N3
D03235,CC(CN1C(=O)C2=C(C=C(C=C2)C(=O)OC)N=C1SC(C)C3=CC=CC=C3)O
D03236,CC1CCN(CC1)C(=O)COC(=O)C2=CN(N=C2C3=CC=C(C=C3)C)C4=CC=CC=C4
D03237,CCC1=C(SC(=C1)C(=O)OCC(=O)NC2=C(C=C(C=C2)OC)[N+](=O)[O-])C
D03238,CC1=CC(=C(C=C1)F)NC(=O)C2=CC(=CC=C2)NC(=O)C
D03239,C1=COC(=C1)C2=NN=C(O2)COC(=O)C3=CC=C(S3)C4=CC=C(C=C4)Cl
D03240,CCC1=NC2=CC=CC=C2C(=C1C)C(=O)OC(C)C(=O)NC3=CC=CC(=C3)C#N
D03241,CCC1=C(SC(=C1)C(=O)OCC(=O)NC2=C(C=CC(=C2)[N+](=O)[O-])F)C
D03242,COC(=O)C1=CC2=C(C=C1)C(=O)N(C(=N2)SCC#N)CC3CCCO3
D03243,C1CC1NC(=O)NC(=O)COC(=O)C2=CC=C(S2)C3=CC=C(C=C3)Cl
D03244,CC(C)CCC(=O)OCC(=O)NC1=CC(=CC=C1)S(=O)(=O)N(C)C2=CC=CC=C2
D03245,CCC1CCCCN1C(=O)CN2C(=O)C(NC2=O)(C)C3=CC=C(C=C3)OC
D03246,CC1=C(C=C(C=C1)S(=O)(=O)C)C(=O)OCC(=O)C2=C(C=CC(=C2)F)OC
D03247,COC1=CC2=CC=CC=C2C=C1C(=O)NC3=CC=C(C=C3)S(=O)(=O)N4CCCCC4
D03248,CC(C(=O)NC1=CC=C(C=C1)F)OC(=O)COC2=CC=CC=C2Cl
D03249,C1CC(CN(C1)C2=C(C=C(C=C2)[N+](=O)[O-])Cl)O
D03250,CC1CCN(C2=CC=CC=C2S1)C(=O)COC3=CC=CC=C3Br
D03251,C1=CC=C(C(=C1)OCC(=O)OCC(=O)NCC2=CC(=CC=C2)Cl)Cl
D03252,C1=CC=C(C(=C1)OCC(=O)NC2=C(C=CC(=C2)Cl)N3C=NC=N3)Br
D03253,CC(C(=O)NCC1=CC=CO1)OC(=O)C2=CC3=C(C=C2)SCCC(=O)N3
D03254,CC1=CC=C(C=C1)C2=NN(C=C2C(=O)OCC(=O)NC3=NOC(=C3)C)C4=CC=CC=C4
D03255,CC1=C(C=C(C=C1)S(=O)(=O)C)C(=O)OCC2=C(C=C(C=C2)Br)F
D03256,CC(C)C(C(=O)NC(=O)N)OC(=O)COC1=CC=CC=C1Cl
D03257,CC1=CC=C(C=C1)C2=NN(C=C2C(=O)OCC(=O)NC(C)C(C)C)C3=CC=CC=C3
D03258,CCC1=NC2=CC=CC=C2C(=C1C)C(=O)OCC(=O)C3=CC=CC=C3Cl
D03259,CC(C(=O)NC(=O)NC)OC(=O)COC1=CC=CC=C1Cl
D03260,CCC1=C(SC(=C1)C(=O)OCC(=O)NCC2=CC=C(C=C2)C(=O)OC)C
D03261,CCC1=NC2=CC=CC=C2C(=C1C)C(=O)OC(C)C(=O)N(C)CC3=CC=CC=C3
D03262,CCOC1=C(C=C2C(=C1)CC(O2)C)CNC(=O)CC3=CC=C(S3)S(=O)(=O)N4CCCC4
D03263,CC1=C(C=C(C=C1)S(=O)(=O)C)C(=O)OCC(=O)NC(C)C2=C(C=C(C=C2)F)F
D03264,CCC1=NC2=CC=CC=C2C(=C1C)C(=O)OC(C)C3=CC=CC=C3Cl
D03265,CC(C(=O)NC1=CC=CC=C1OC)SC2=CC=C(C=C2)C(C)(C)C
D03266,CN(C)C(=O)COC(=O)C1=CC=C(S1)C2=CC=C(C=C2)Cl
D03267,CC(C(=O)C1=CC2=C(CCC2)C=C1)OC(=O)COC3=CC=CC=C3Cl
D03268,CC(C)C(C(=O)NC(=O)N)OC(=O)COC1=CC=CC=C1Cl
D03269,CC1=CC=C(C=C1)C2=NN(C=C2C(=O)OCC(=O)C3=CC=CN3)C4=CC=CC=C4
D03270,CC(C(=O)NC(=O)NC)OC(=O)COC1=CC=CC=C1Cl
D03271,C1=COC(=C1)C(=O)NC2=NNC(=N2)C3=CC=C(C=C3)F
D03272,CC(C)(C)C1=CC=C(C=C1)SCC(=O)NN2C(=O)C3(CCCCC3)NC2=O
D03273,CC1=CC=C(C=C1)C2=NN(C=C2C(=O)OCC(=O)C3=CC=CN3)C4=CC=CC=C4
D03274,CCC1=NC2=CC=CC=C2C(=C1C)C(=O)OC(C)C(=O)NC3=C(C(=C(C=C3)F)F)F
D03275,CC1=C(C=C(C=C1)S(=O)(=O)C)C(=O)OCC(=O)NC2=CC(=C(C=C2)C)F
D03276,CCCCCNC(=O)C(C)S(=O)(=O)CC1=NC(=NO1)C
D03277,CC(C)CCC(=O)OCC1=NC2=C(C(=CS2)C3=CC=CC=C3)C(=O)N1CC#N
D03278,CC(C(=O)NC1=CC=CC2=CC=CC=C21)OC(=O)COC3=CC=CC=C3Cl
D03279,CC1=C(SC(=N1)C2=CC=C(C=C2)F)C(=O)NCC(=O)NC(C)(C)C
D03280,CC1CCN(CC1)C(=O)COC(=O)C2=CN(N=C2C3=CC=C(C=C3)C)C4=CC=CC=C4
D03281,COC(=O)C1=CC2=C(C=C1)C(=O)N(C(=N2)SCC#N)CC3CCCO3
D03282,C1=CC=C(C(=C1)NC(=O)COC2=CC=CC=C2Br)OC(F)F
D03283,CCCOC1=C(C=C(C=C1Cl)C=CC(=O)OC(C)C(=O)NC(=O)N)OC
D03284,C1CC(C2=CC=CC=C2C1)NC(=O)COC3=CC=CC=C3Br
D03285,CC1=NC(=C(C=C1Cl)Cl)NC(=O)COC(=O)CCC(C)C
D03286,CCC1=C(SC(=C1)C(=O)OCC(=O)NC2=C(C=CC=C2C(C)C)C)C
D03287,CCN(C1=CC=CC=C1)C(=O)COC(=O)C2=CC3=C(C=C2)SCCC(=O)N3
D03288,CC1=CC=C(C=C1)C(=O)NCC2=CC=C(C=C2)CN3CCOCC3
D03289,C1CSC2=C(C=C(C=C2)C(=O)OCC(=O)NC3=C(C=CC(=C3)F)F)NC1=O
D03290,C1COCCN1S(=O)(=O)C2=CN=C(C=C2)SC3=NC4=CC=CC=C4S3
D03291,CCC1=NC2=CC=CC=C2C(=C1C)C(=O)OC(C)C(=O)NC(C)CCC3=CC=CC=C3
D03292,CCC(C1=CC=C(C=C1)C)NC(=O)COC(=O)COC2=CC=CC=C2Cl
D03293,CC1=C(C=C(C=C1)S(=O)(=O)C)C(=O)OCCOC2=CC=C(C=C2)Br
D03294,CCC1=C(SC(=C1)C(=O)OCC(=O)C(=C2NC3=CC=CC=C3N2)C#N)C
D03295,C1=CC=C(C(=C1)C(F)(F)F)NC(=O)COC(=O)COC2=CC=CC=C2Cl
D03296,CCOC1=CC=CC=C1COC(=O)CN(C)S(=O)(=O)C2=CC=C(C=C2)F
D03297,CC(C)N1C(=CC=N1)NC(=O)C(C)SC2=C(C=CC=C2Cl)Cl
D03298,C1CC1CNC(=O)CS(=O)(=O)CC2=CC=C(C=C2)Br
D03299,CC(C(=O)NC1=CC=CC=C1Cl)OC(=O)C2=CC(=CC=C2)NC(=O)C
D03300,CC(CN1C(=O)C2=C(C=C(C=C2)C(=O)OC)N=C1SCC=CC3=CC=CC=C3)O
D03301,C1=CC=C(C(=C1)C#N)NC(=O)COC(=O)C2=CC=C(S2)C3=CC=C(C=C3)Cl
D03302,CCCOC1=CC=CC=C1NC(=O)C2=CC3=NC=CN=C3C=C2
D03303,CC(C(=O)N1CCN(CC1)S(=O)(=O)C2=CC=CC=C2)SCC3=CC(=CC=C3)Cl
D03304,CC1=C(OC2=C1C=C(C=C2)OC)C(=O)NC3=CC(=NN3C)C(C)(C)C
D03305,CC1=CC=C(C=C1)C2=NOC(=C2)NC(=O)CN3CCCC3
D03306,CC(C)(C)C1=CC=C(C=C1)SCN2C(=O)C3=CC=CC=C3N=N2
D03307,COC1=CC=C(C=C1)CCNC(=O)COC2=CC=CC=C2Br
D03308,CCCOC1=CC=CC=C1NC(=O)C2=CC3=NC=CN=C3C=C2
D03309,CC1=CC(=C(C(=O)N1)CNC(=O)C2=C(C(=CC=C2)OC)OC)C
D03310,CC(C(=O)NCC1=CC=CO1)OC(=O)C2=CC3=C(C=C2)SCCC(=O)N3
D03311,CC(C)(C)C1=CC=C(C=C1)SCC(=O)NNC(=O)C2=CC=CC=C2
D03312,CC1=CC(=C(C(=O)N1)CNC(=O)C2=CC=CC=C2C(F)(F)F)C
D03313,CCCCC1=NOC(=N1)CS(=O)(=O)CC(=O)N
D03314,CC(CN1C(=O)C2=C(C=C(C=C2)C(=O)OC)N=C1SC(C)C(=O)N3CCCC3)O
D03315,CC1=CC=C(C=C1)C2=NN(C=C2C(=O)OC(C)C(=O)N3CCCC3)C4=CC=CC=C4
D03316,C=CCNC1=NN=C(S1)SCC2=CC=CC3=C2N=CC=C3
D03317,COC1=CC=CC=C1C(=O)NC(=O)COC(=O)C2=CC3=C(C=C2)SCCC(=O)N3
D03318,C1=CC=C(C(=C1)NC(=O)COC2=CC=CC=C2Br)OC(F)F
D03319,COC(=O)C1=CC2=C(C=C1)C(=O)N(C(=N2)SC3CCCCC3=O)CC4CCCO4
D03320,CC(C(=O)NC1=CC=C(C=C1)F)OC(=O)COC2=CC=CC=C2Cl
D03321,C1CN(CCC1C(=O)N)C(=O)COC(=O)C2=CC=C(S2)C3=CC=C(C=C3)Cl
D03322,CC1=C(OC2=C1C=C(C=C2)OC)C(=O)NC3=CC(=NN3C)C(C)(C)C
D03323,COC(=O)COC1=CC=C(C=C1)NC(=O)NCC2CC2
D03324,C1=CC=C(C(=C1)OCC(=O)OCC(=O)NC2=CC3=C(C=C2)OC(O3)(F)F)Cl
D03325,CCOC(=O)C1=C(NC(=C1C(=O)COC(=O)COC2=CC=CC=C2Cl)C)C
D03326,C1=CC=C(C=C1)OC2=CC=CC=C2COC(=O)COC3=CC=CC=C3Cl
D03327,C1=CC(=C(C(=C1)Cl)SCC(=O)NC2=C(C=CS2)C#N)Cl
D03328,CC1=CC(=NO1)NC(=O)CSC2=NC3=CC=CC=C3N2C(C)C
D03329,CC1=C(C=CC2=C1OC(=O)C=C2COC(=O)CCC(C)C)O
D03330,CC(C)C(C(=O)NC(=O)N)OC(=O)CNS(=O)(=O)C1=CC2=C(CCCC2)C=C1
D03331,CC(C)C(C)(C#N)NC(=O)COC(=O)CNS(=O)(=O)C1=CC2=C(CCCC2)C=C1
D03332,CCCOC1=C(C=C(C=C1Cl)C=CC(=O)OC(C)C(=O)NC2CC2)OC
D03333,CC1=C(C=C(C=C1)S(=O)(=O)C)C(=O)OCC(=O)NC2=CC(=C(C=C2)C)F
D03334,C1CCC(C1)NC(=O)COC(=O)C2=CC3=C(C=C2)SCCC(=O)N3
D03335,CC(C)CCC(=O)OCC(=O)NC1=CC(=C(C=C1)Cl)[N+](=O)[O-]
D03336,CC1=C(OC2=C1C=C(C=C2)OC)C(=O)NC3=CC(=NN3C)C(C)(C)C
D03337,CC1=C(NC(=C1C(=O)C)C)C(=O)OC(C)C2=NC(=NO2)C3=CC=CC=C3
D03338,CC(C)N1C(=CC=N1)NC(=O)C(C)SC2=C(C=CC=C2Cl)Cl
D03339,CC(C)CCC(=O)OCC(=O)NC1=NC(=CS1)C2=C(C=CC(=C2)OC)OC
D03340,CC1=C(C=C(C=C1)S(=O)(=O)NC(C2=CC=CC=C2)C3=NC=CN3C)C
D03341,CNC(=O)COC(=O)C1=CC2=C(C=C1)SCCC(=O)N2
D03342,CC1CCCCN1C(=O)COC(=O)C2=CN(N=C2C3=CC=C(C=C3)C)C4=CC=CC=C4
D03343,CC(C)C(C)NC(=O)COC(=O)CN(C)S(=O)(=O)C1=CC=C(C=C1)F
D03344,CC1=C(C=C(C=C1)S(=O)(=O)N2CCOCC2)NC(=O)COC(=O)CCC(C)C
D03345,COC1=C2C(=CC=C1)SC(=N2)NC(=O)C3=C(C=CC(=C3)[N+](=O)[O-])OC
D03346,CCC(C1=CC=C(C=C1)C)NC(=O)COC(=O)COC2=CC=CC=C2Cl
D03347,CC(CN1C(=O)C2=C(C=C(C=C2)C(=O)OC)N=C1SC(C)C(=O)N3CCCC3)O
D03348,CNC(=O)COC(=O)C1=CC2=C(C=C1)SCCC(=O)N2
D03349,CCC1=CC=CC=C1NC(=O)CNC(=O)C2=CC(=CC=C2)NC(=O)C
D03350,C1=CC=C(C(=C1)OCC(=O)NC2=CC=C(C=C2)C#N)Br
D03351,CCC1=NC2=CC=CC=C2C(=C1C)C(=O)OCC(=O)NC(C)(C#N)C3CC3
D03352,CC(C(=O)NC1=CC=C(C=C1)C(=O)N)OC2=CC(=CC(=C2)Cl)Cl
D03353,C1=COC(=C1)C(=O)NC2=NNC(=N2)C3=CC=C(C=C3)F
D03354,CC(C)(C)C1=CC=C(C=C1)SCN2C(=O)C3=CC=CC=C3N=N2
D03355,CCC1=NC2=CC=CC=C2C(=C1C)C(=O)OCC(=O)NC3=C(C=CC(=C3)Cl)C
D03356,CC(C(=O)C1=CC=C(C=C1)OC)OC(=O)C2=CC3=C(C=C2)SCCC(=O)N3
D03357,CC(C(=O)NCC1=CC=CO1)OC(=O)C2=CC3=C(C=C2)SCCC(=O)N3
D03358,C1=CC=C(C(=C1)OCC(=O)NC2=CC=C(C=C2)C#N)Br
D03359,CN1C=CN=C1C(C2=CC(=CC=C2)OC)NC3=C4C=NN(C4=NC=N3)C5=CC=C(C=C5)F
D03360,CN(CC(=O)OCC1=CC=C(O1)C(=O)OC)S(=O)(=O)C2=CC=C(C=C2)F
D03361,CC(C12CC3CC(C1)CC(C3)C2)NC(=O)COC(=O)COC4=CC=CC=C4Cl
D03362,COC(=O)C1=CC2=C(C=C1)C(=O)N(C(=N2)SCC#N)CC3CCCO3
D03363,CC1=CC=CC=C1C=CC(=O)OCC(=O)NC2CCCC3=CC=CC=C23
D03364,CCCOC1=C(C=C(C=C1Cl)C=CC(=O)OCC2=CC=C(C=C2)C#N)OC
D03365,COC(=O)C1=CC2=C(C=C1)C(=O)N(C(=N2)SC3CCCCC3=O)CC4=CC=CO4
D03366,CC1=CC(=NO1)NC(=O)CSC2=NC3=CC=CC=C3N2C(C)C
D03367,CC(C12CC3CC(C1)CC(C3)C2)NC(=O)COC(=O)COC4=CC=CC=C4Cl
D03368,CC(C)C(C(=O)NC(=O)N)OC(=O)CNS(=O)(=O)C1=CC2=C(CCCC2)C=C1
D03369,CC1=CC(=CC=C1)N2C(=O)CCC(=N2)C(=O)NC3=C(C=C(C=C3)F)Cl
D03370,CC1=C(C=CC(=C1)Br)NC(=O)CNC(=O)C2=CNC(=O)C=C2
D03371,CC(C)CC(=O)N1CCN(CC1)C2=C(C(=O)N(N=C2)C3=CC=CC=C3)Cl
D03372,CC(CN1C(=O)C2=C(C=C(C=C2)C(=O)OC)N=C1SC(C)C(=O)N3CCCC3)O
D03373,CCCOC1=C(C=C(C=C1Cl)C=CC(=O)OC2CCOC2=O)OC
D03374,CC1CCCCC1NC(=O)COC(=O)CNS(=O)(=O)C2=CC3=C(CCCC3)C=C2
D03375,CC1=CC=CC=C1C=CC(=O)OCC(=O)NC(=O)NC(C)C
D03376,COC1=CC(=CC(=C1OC)OC)CNC(=O)C2=C(C=CC(=C2)Cl)Cl
D03377,CC1=CC(=C(N1CC2CCCO2)C)C(=O)COC3=CC=CC=C3Br
D03378,CC(C)(C)C1=CC=C(C=C1)SCN2C(=O)C3=CC=CC=C3N=N2
D03379,COC1=CC=CC=C1C(=O)NC(=O)COC(=O)C2=CC3=C(C=C2)SCCC(=O)N3
D03380,CC(CN1C(=O)C2=C(C=C(C=C2)C(=O)OC)N=C1SC(C)C(=O)N3CCCC3)O
D03381,CC1=CC2=C(C=C1C)OC(=O)C=C2COC(=O)COC3=CC=CC=C3Cl
D03382,CN(CC(=O)OCN1C(=O)C2=CC=CC=C2N=N1)S(=O)(=O)C3=CC=C(C=C3)F
D03383,CC1=C(C=C(C=C1)S(=O)(=O)C)C(=O)OCC(=O)NC(C)(C#N)C(C)C
D03384,CC(C)(C)C1=CC=C(C=C1)SCC(=O)NC2=CC=C(C=C2)C(=O)N
D03385,CN(C1=CC=CC=C1)C(=O)CN2C3=CC=CC=C3N=CC2=O
D03386,C1CC(C2=CC=CC=C2C1)NC(=O)COC3=CC=CC=C3Br
D03387,CCCOC1=C(C=C(C=C1Cl)C=CC(=O)OCC2=NN=C(O2)C3=CC=CO3)OC
D03388,C1CCC(C1)NC(=O)NC(=O)COC2=CC=CC=C2Br
D03389,CC1=C(C=C(C=C1)Cl)NC(=O)CSC
D03390,CCC1=NC2=CC=CC=C2C(=C1C)C(=O)OCC(=O)C3=CC=CC=C3Cl
D03391,CC1=C(C=C(C=C1)C(C)NC(=O)COC(=O)C2=CC3=C(C=C2)SCCC(=O)N3)C
D03392,COC1=CC(=CC(=C1OC)OC)NC(=O)C2=NNC3=CC=CC=C32
D03393,CC(C)C(C(=O)NC(=O)N)OC(=O)COC1=CC=CC=C1Cl
D03394,COC1=C2C(=CC=C1)SC(=N2)NC(=O)C3=C(C=CC(=C3)[N+](=O)[O-])OC
D03395,CC(C)CCC(=O)OCC(=O)NC1=NC(=CS1)C2=C(C=CC(=C2)OC)OC
D03396,C1CS(=O)(=O)CC1NC(=O)COC(=O)C2=CC=C(S2)C3=CC=C(C=C3)Cl
D03397,CN1C=C(C=N1)C=C2C(=O)N(C(=S)N2)CC3CCCO3
D03398,CCC1=NC2=CC=CC=C2C(=C1C)C(=O)OC(C)C(=O)NCCC3=CCCCC3
D03399,CC1=CC(=C(C=C1)NC(=O)COC(=O)COC2=CC=CC=C2Cl)C
D03400,CCCOC1=CC=CC=C1NC(=O)C2=CC3=NC=CN=C3C=C2
D03401,CC1=C(C=C(C=C1)S(=O)(=O)C)C(=O)OCC2=C(C=C(C=C2)Br)F
D03402,C1=COC(=C1)C2=NN=C(O2)COC(=O)C3=CC=C(S3)C4=CC=C(C=C4)Cl
D03403,C1=CC=C(C(=C1)CNC2=NN=N[N-]2)OCC3=CC=C(C=C3)F
D03404,CCC(C1=CC=C(C=C1)C)NC(=O)COC(=O)COC2=CC=CC=C2Cl
D03405,CC(C(=O)NC1CC1)OC(=O)CNS(=O)(=O)C2=CC3=C(CCCC3)C=C2
D03406,CCC1=CC=CC=C1NC(=O)CNC(=O)C2=CC(=CC=C2)NC(=O)C
D03407,CC1=C(C=C(C=C1)S(=O)(=O)C)C(=O)OCC(=O)NC2=CC(=C(C=C2)C)F
D03408,CCC(C1=CC=C(C=C1)C)NC(=O)COC(=O)COC2=CC=CC=C2Cl
D03409,CC(C)(C)C1=CC=C(C=C1)SCC(=O)NC2=CC=C(C=C2)C(=O)N
D03410,C1=CC=C(C(=C1)NC(=O)COC2=CC=CC=C2Br)OC(F)F
D03411,CC(C(=O)NC1=C(C(=C(C=C1)F)F)F)OC(=O)COC2=CC=CC=C2Cl
D03412,CC1=CC=C(C=C1)C(=O)NCC2=CC=C(C=C2)CN3CCOCC3
D03413,CCC1=NC2=CC=CC=C2C(=C1C)C(=O)OC(C)C(=O)NC(C)CCC3=CC=CC=C3
D03414,C1CCC2=C(C1)C=CC(=C2)S(=O)(=O)NCC(=O)OCC(=O)NC3CC3
D03415,CC1=C(OC2=C1C=C(C=C2)OC)C(=O)NC3=CC(=NN3C)C(C)(C)C
D03416,C1=CC=C(C=C1)N(CC#N)C(=O)COC(=O)C2=CC=C(S2)C3=CC=C(C=C3)Cl
D03417,CC(=O)C1=CC2=C(C=C1NC(=O)CSC3=C(C=CC=C3Cl)Cl)OCO2
D03418,CC1=CC=C(C=C1)C2=NN(C=C2C(=O)OCC(=O)NC3=NOC(=C3)C)C4=CC=CC=C4
D03419,C1=CC=C(C(=C1)OCC(=O)OCC(=O)NC2=CC3=C(C=C2)OC(O3)(F)F)Cl
D03420,C1=CC=C(C(=C1)NC(=O)COC2=CC=CC=C2Br)OC(F)F
D03421,COC1=CC(=CC(=C1OC)OC)CNC(=O)C2=C(C=CC(=C2)Cl)Cl
D03422,CC(C)CCC(=O)OCC(=O)NC1(CCCCC1)C#N
D03423,CC1CCCCC1NC(=O)COC(=O)C2=C(C=CC(=C2)S(=O)(=O)C)C
D03424,CNC(=O)COC(=O)C1=CC2=C(C=C1)SCCC(=O)N2
D03425,CC(=O)NC1=C(C=CC(=C1)C(=O)COC(=O)C2=CC3=C(CCC3)C=C2)O
D03426,CC(C)C(C(=O)NC(=O)N)OC(=O)COC1=CC=CC=C1Cl
D03427,CCC1=NC2=CC=CC=C2C(=C1C)C(=O)OCC(=O)NCCN3C(=O)CSC3=O
D03428,C1=CC=C(C(=C1)NC(=O)COC2=CC=CC=C2Br)OC(F)F
D03429,CC1=CC(=CC=C1)N2CCN(CC2)CC(=O)NC(=O)NC3CCCC3
D03430,CC1=CC(=C(C(=O)N1)CNC(=O)C2=CC=CC=C2C(F)(F)F)C
D03431,C1=CC=C(C(=C1)OCC(=O)NC2=CC=CC(=C2)C#N)Br
D03432,CC1=CC(=C(C(=O)N1)CNC(=O)C2=CC=CC=C2C(F)(F)F)C
D03433,C1=CC=C2C(=C1)C(C3=CC=CC=C32)OC(=O)COC4=CC=CC=C4Cl
D03434,C1=CC=C(C(=C1)NC(=O)COC2=CC=CC=C2Br)OC(F)F
D03435,CC(C)(C)C1=CC=C(C=C1)SCC(=O)NCCC#N
D03436,CCNC(=O)NC(=O)COC(=O)C1=C(C=CC(=C1)S(=O)(=O)C)C
D03437,CC1CCC2=CC=CC=C2N1C(=O)CSC3=NN=C(S3)NCC=C
D03438,CCC1=NC2=CC=CC=C2C(=C1C)C(=O)OC(C)C(=O)N3C(CCCC3C)C
D03439,CC(C(=O)NC1=CC=C(C=C1)S(=O)(=O)N)SC2=CC=C(C=C2)C(C)(C)C
D03440,CCC1=CC=CC=C1NC(=O)CNC(=O)C2=CC(=CC=C2)NC(=O)C
D03441,CC1=C(C=C(C=C1)S(=O)(=O)C)C(=O)OCC(=O)N(C)C
D03442,CC(C(=O)NC1=CC2=C(C=C1)OCO2)OC(=O)COC3=CC=CC=C3Cl
D03443,CC1CCCCC1NC(=O)COC(=O)C2=C(C=CC(=C2)S(=O)(=O)C)C
D03444,C1=CC=C(C(=C1)NC(=O)COC2=CC=CC=C2Br)OC(F)F
D03445,CC1=C(C=C(C=C1)F)C(=O)OC(C)C(=O)NC2=NOC(=C2)C
D03446,CC1=CC=C(C=C1)C2=NN(C=C2C(=O)OCC3=CC4=C(C=C3)OCO4)C5=CC=CC=C5
D03447,CC1=C(C=C(C=C1)S(=O)(=O)C)C(=O)OCC(=O)NC
D03448,CC1CCN(CC1)C(=O)COC(=O)C2=CN(N=C2C3=CC=C(C=C3)C)C4=CC=CC=C4
D03449,COC1=C(C=C(C=C1)F)COC(=O)C2=CC3=C(C=C2)SCCC(=O)N3
D03450,CCC1=C(SC(=C1)C(=O)OCC(=O)NCC2=CC=C(C=C2)C(=O)OC)C
D03451,COC1=C(C=C(C=C1)C2=NC(=CS2)C(=O)NCC(=O)OC)OC
D03452,CCOC1=C(C=C2C(=C1)CC(O2)C)CNC(=O)CC3=CC=C(S3)S(=O)(=O)N4CCCC4
D03453,CCC1=NC2=CC=CC=C2C(=C1C)C(=O)OC(C)C3=CC=CC=C3Cl
D03454,CC(C(=O)NC(=O)NC)SC1=C(C=CC=C1Cl)Cl
D03455,CC(C)C(C(=O)NC(=O)N)OC(=O)COC1=CC=CC=C1Cl
D03456,CC(C)C(C)NC(=O)CSC1=CC=C(C=C1)[N+](=O)[O-]
D03457,CCS(=O)(=O)C(C)C(=O)NC1=C(C=C(C(=C1)C)Cl)OC
D03458,CC(C)(C)C1=CC=C(C=C1)SCN2C(=O)C3=CC=CC=C3N=N2
D03459,CCC1=C(SC(=C1)C(=O)OCC(=O)NC2=C(C=CC(=C2)[N+](=O)[O-])OC)C
D03460,CC1=C(C=C(C=C1)NC(=O)COC(=O)C2=CC3=C(C=C2)SCCC(=O)N3)Cl
D03461,CCOC1=CC=CC2=C1OC(=C2)C(C)NC(=O)CNC(=O)CC34CC5CC(C3)CC(C5)C4
D03462,CC(C)N1C(=CC=N1)NC(=O)C(C)SC2=C(C=CC=C2Cl)Cl
D03463,CC1=CC(=C(N1C)C)C(=O)COC(=O)CNS(=O)(=O)C2=CC3=C(CCCC3)C=C2
D03464,CCOC(=O)C1=C(SC(=C1CSC2=CC=C(C=C2)C(C)(C)C)C(=O)NC)N
D03465,CCOC1=CC=CC2=C1OC(=C2)C(C)NC(=O)CNC(=O)CC34CC5CC(C3)CC(C5)C4
D03466,CC(C)(C)C1=CC=C(C=C1)SCC(=O)NC2=CC=C(C=C2)C(=O)N
D03467,C1=CC=C(C(=C1)NC(=O)COC2=CC=CC=C2Br)OC(F)F
D03468,CC(C(=O)C1=CC=C(C=C1)OC)OC(=O)C2=CC3=C(C=C2)SCCC(=O)N3
D03469,CC(C)CCC(=O)OCC(=O)NC1=CC(=NN1C)C2=CC=C(C=C2)Cl
D03470,C1=CC=C(C(=C1)OCC(=O)NC2=C(C=CC(=C2)Cl)F)Br
D03471,CCCNC(=O)COC(=O)C1=C(C=CC(=C1)S(=O)(=O)C)C
D03472,CC1=CC=C(C=C1)NC(=O)COC(=O)CNS(=O)(=O)C2=CC3=C(CCCC3)C=C2
D03473,CC(C(=O)NC1CC1)OC(=O)CNS(=O)(=O)C2=CC3=C(CCCC3)C=C2
D03474,CC1=CC(=C(N1C2CCS(=O)(=O)C2)C)C(=O)CSC3=CC=C(C=C3)C(C)(C)C
D03475,CN(CC(=O)OCC1=CC=CC=C1Cl)S(=O)(=O)C2=CC=C(C=C2)F
D03476,CCC1=NC2=CC=CC=C2C(=C1C)C(=O)OCC3=CC(=CC4=C3OCOC4)Cl
D03477,CC1=C(C=C(C=C1)S(=O)(=O)C)C(=O)OCCOC2=CC=C(C=C2)Br
D03478,CC1CCN(CC1)C(=O)COC(=O)C2=CN(N=C2C3=CC=C(C=C3)C)C4=CC=CC=C4
D03479,CC(C(=O)NC1=CC=C(C=C1)F)OC(=O)COC2=CC=CC=C2Cl
D03480,CC(C)(C)C1=CC=C(C=C1)SCN2C(=O)C3=CC=CC=C3N=N2
D03481,CC(C(=O)NC1=CC=CC=C1[N+](=O)[O-])OC2=CC(=CC(=C2)Cl)Cl
D03482,CCOC1=C(C=C2C(=C1)CC(O2)C)CNC(=O)CC3=CC=C(S3)S(=O)(=O)N4CCCC4
D03483,CCNC(=O)NC(=O)COC(=O)CNS(=O)(=O)C1=CC2=C(CCCC2)C=C1
D03484,CCOC1=C(C=C2C(=C1)CC(O2)C)CNC(=O)CC3=CC=C(S3)S(=O)(=O)N4CCCC4
D03485,CCC1=C(SC(=C1)C(=O)OCC(=O)NC2=C(C=C(C=C2)OC)[N+](=O)[O-])C
D03486,CC1=C(C=C(C=C1)S(=O)(=O)C)C(=O)OCC(=O)NCCC2=CC=C(C=C2)Cl
D03487,CC1=C2C(=CC=C1)C(=O)N(C=N2)CCC(=O)NC3=CC=CC4=C3C=CC=N4
D03488,C1=CC=C(C(=C1)NC(=O)COC2=CC=CC=C2Br)OC(F)F
D03489,C1=CC=C(C(=C1)NC(=O)COC2=CC=CC=C2Br)OC(F)F
D03490,CNC(=O)COC(=O)C1=CC2=C(C=C1)SCCC(=O)N2
D03491,CC1=CC(=C(C(=C1)C)C(=O)COC(=O)C2=CC3=C(C=C2)SCCC(=O)N3)C
D03492,CCCN1C(=O)C(=CC2=CC=CC=C2F)NC1=S
D03493,CC(C)C1=NN=C(N1CC2=CC=CO2)SC(C)C(=O)N3CCNC3=O
D03494,COC(=O)C1=CC2=C(C=C1)C(=O)N(C(=N2)SCC#N)CC3CCCO3
D03495,CC(CN1C(=O)C2=C(C=C(C=C2)C(=O)OC)N=C1SCC3=CC(=CC=C3)OC)O
D03496,CCCN1C(=O)C(=CC2=CC=CC=C2F)NC1=S
D03497,CCC1=C(SC(=C1)C(=O)OCC(=O)NC2=C(C(=CC=C2)Cl)Cl)C
D03498,CC(C)NC(=O)CNC(=O)C1=CC=CC=C1C2=CC=CC=C2
D03499,CCNC(=O)NC(=O)CSC1=NN=C(S1)SCC2=CC=C(C=C2)C(C)C
D03500,CC(C(=O)NC1=CC=CC=C1)OC(=O)CN(C)S(=O)(=O)C2=CC=C(C=C2)F
D03501,CC(C1=CC=CS1)NC(=O)COC(=O)C2=CC3=C(C=C2)SCCC(=O)N3
D03502,CC(C(=O)NC1=CC=CC=C1)OC(=O)CN(C)S(=O)(=O)C2=CC=C(C=C2)F
D03503,CC1=C(C=C(C=C1)S(=O)(=O)C)C(=O)OCC(=O)C2=CC=C(C=C2)C3CCCCC3
D03504,CC1=C(SC(=N1)C2=CC=C(C=C2)F)C(=O)NCC(=O)NC(C)(C)C
D03505,CCC1=C2C(=CC=C1)C(=CN2)C(=O)COC(=O)COC3=CC=CC=C3Cl
D03506,C#CCNC(=O)N1CCN(CC1)C2=CC=C(C=C2)F
D03507,C1CC(=O)N(C1)C2=CC=C(C=C2)OCC(=O)N3CCC4=CC=CC=C43
D03508,CC1=C(C=C(C=C1)S(=O)(=O)C)C(=O)OC(C)C2=CC=CC=C2
D03509,CC1=CC2=C(C=C1C)OC(=O)C=C2COC(=O)COC3=CC=CC=C3Cl
D03510,CC(C(=O)NC1=CC=C(C=C1)C(=O)N)OC2=CC(=CC(=C2)Cl)Cl
D03511,COC(=O)COC1=CC=C(C=C1)NC(=O)NCC2CC2
D03512,CC(C(=O)NC1=CC=C(C=C1)S(=O)(=O)N)SC2=CC=C(C=C2)C(C)(C)C
D03513,CCC1=C(SC(=C1)C(=O)OCC(=O)NC2=C(C=C(C=C2)OC)[N+](=O)[O-])C
D03514,CC(C#N)OC(=O)CNS(=O)(=O)C1=CC2=C(CCCC2)C=C1
D03515,CCC1=C(SC(=C1)C(=O)OCC(=O)NC2=CC=CC=C2C(=O)NCC(C)C)C
D03516,CC(C(=O)NC1=CC=CC2=CC=CC=C21)OC(=O)COC3=CC=CC=C3Cl
D03517,CC(C1=CC(=CC=C1)C(F)(F)F)NC(C)C(=O)NC2=CC=CC=C2OC
D03518,CC(C)C(C(=O)NC(=O)N)OC(=O)COC1=CC=CC=C1Cl
D03519,C#CCNC(=O)N1CCN(CC1)C2=CC=C(C=C2)F
D03520,CC(C(=O)C1=CC=C(C=C1)OC)OC(=O)C2=CC3=C(C=C2)SCCC(=O)N3
D03521,CC1CCN(CC1)C(=O)CSC2=NN=C3N2C4=CC=CC=C4C(=O)N3CC5=CC=CC=C5OC
D03522,C1=CC=C(C(=C1)OCC(=O)OCC(=O)NC2=CC3=C(C=C2)OC(O3)(F)F)Cl
D03523,COC1=C(C=C(C=C1)COC(=O)CNS(=O)(=O)C2=CC3=C(CCCC3)C=C2)F
D03524,CC(C)CCC(=O)OCC(=O)NC1=NC(=CS1)C2=C(C=CC(=C2)OC)OC
D03525,CC(C(=O)NC1=CC=C(C=C1)OC)OC(=O)C2=C(C=C(C=C2)F)N
D03526,CCCOC1=CC=CC=C1NC(=O)C2=CC3=NC=CN=C3C=C2
D03527,CC(C#N)OC(=O)CNS(=O)(=O)C1=CC2=C(CCCC2)C=C1
D03528,COC(=O)C1=CC2=C(C=C1)C(=O)N(C(=N2)SCC3CCOCO3)CC4=CC=CO4
D03529,COC1=CC2=C(C=C1)C(=CC(=O)O2)COC(=O)C3=CC4=C(C=C3)SCCC(=O)N4
D03530,C1=CC=C(C(=C1)OCC(=O)NC2=C(C=CC(=C2)F)F)Br
D03531,CNC(=O)COC(=O)C1=CC2=C(C=C1)SCCC(=O)N2
D03532,CC1=CC=C(C=C1)C2=NN(C=C2C(=O)OCC3=CC4=C(C=C3)OCO4)C5=CC=CC=C5
D03533,CCC1=NC2=CC=CC=C2C(=C1C)C(=O)OCC3=CC(=CC=C3)Cl
D03534,C1=CC=C(C(=C1)NC(=O)COC2=CC=CC=C2Br)OC(F)F
D03535,CC(C)CCC(=O)OCC1=NN=C(O1)C2=CC=C(C=C2)[N+](=O)[O-]
D03536,CC(C)CCC(=O)OC(C(C)C)C(=O)NC(=O)N
D03537,CCC1=CC=CC=C1NC(=O)COC(=O)COC2=CC=CC=C2Cl
D03538,C1=CC=C(C(=C1)NC(=O)CCC(=O)C2=CC=CS2)O
D03539,COC(=O)C1=CC2=C(C=C1)C(=O)N(C(=N2)SCC#N)CC3CCCO3
D03540,CC1=CC=C(C=C1)C2=NN(C=C2C(=O)OCC(=O)NC3=NOC(=C3)C)C4=CC=CC=C4
D03541,CC1=CC=C(C=C1)NC(=O)CN(C)C(=O)COC(=O)COC2=CC=CC=C2Cl
D03542,CCNC(=O)NC(=O)COC(=O)CNS(=O)(=O)C1=CC2=C(CCCC2)C=C1
D03543,CC1=C(C=C(C=C1)S(=O)(=O)C)C(=O)OCCOC2=CC=CC=C2
D03544,CC1=C2C(=CC=C1)C(=O)N(C=N2)CCC(=O)NC3=CC=CC4=C3C=CC=N4
D03545,CC1=C(C=C(C=C1)S(=O)(=O)N2CCCCC2)NC(=O)COC(=O)CCC(C)C
D03546,CCCOC1=C(C=C(C=C1Cl)C=CC(=O)OCC2=CC=C(C=C2)C#N)OC
D03547,CC1=NN(C(C1)(C2=CC=CC=C2)O)C(=O)CSC3=NN=C(S3)SCC(=O)N4C(CC(=N4)C)(C5=CC=CC=C5)O
D03548,CC1=CC(=C(N1C)C)C(=O)COC(=O)CNS(=O)(=O)C2=CC3=C(CCCC3)C=C2
D03549,CC(=O)NC1=C(C=CC(=C1)C(=O)COC(=O)C2=CC3=C(CCC3)C=C2)O
D03550,CC1=C(C(=NN1C2=CC=C(C=C2)C(=O)NC3CC3)C)Cl
D03551,CC(C(=O)NC1=C(C(=C(C=C1)F)F)F)OC(=O)COC2=CC=CC=C2Cl
D03552,CC(C(=O)NC1=CC=CC=C1)OC(=O)CN(C)S(=O)(=O)C2=CC=C(C=C2)F
D03553,CC(CN1C(=O)C2=C(C=C(C=C2)C(=O)OC)N=C1SCC3=CC(=CC=C3)C#N)O
D03554,C1CSC2=C(C=C(C=C2)C(=O)OCC(=O)C3=CC=CC=C3F)NC1=O
D03555,CCCNC(=O)NC(=O)COC(=O)C1=CN(N=C1C2=CC=C(C=C2)C)C3=CC=CC=C3
D03556,CCC1=NC2=CC=CC=C2C(=C1C)C(=O)OCC(=O)N3CCC(=N3)C4=CC=CC=C4
D03557,CS(=O)(=O)CC1=CSC(=N1)CC2=CC=C(C=C2)Cl
D03558,CC(C(=O)NC(=O)NC)OC(=O)COC1=CC=CC=C1Cl
D03559,COCCNC(=O)N1CCN(CC1)C2=CC=CC=C2Cl
D03560,CCC(C1=CC=C(C=C1)C)NC(=O)COC(=O)COC2=CC=CC=C2Cl
D03561,CC1=CN=C(C=C1)NC(=O)CCC2=CNC3=CC=CC=C32
D03562,C1CS(=O)(=O)CC1NC(=O)COC(=O)COC2=CC=CC=C2Cl
D03563,CC(C)(C)C1=CC=C(C=C1)SCC(=O)NN2C(=O)C3(CCCCC3)NC2=O
D03564,CC(C)CCC(=O)OCC(=O)NC1=CC(=NN1C)C2=CC=C(C=C2)Cl
D03565,CN(CC(=O)OCC1=CC(=C(C=C1)OC)F)S(=O)(=O)C2=CC=C(C=C2)F
D03566,CC(C)(C)C1=CC=C(C=C1)SCC(=O)NN2C(=O)C3(CCCCC3)NC2=O
D03567,CC(C#N)OC(=O)CNS(=O)(=O)C1=CC2=C(CCCC2)C=C1
D03568,CCC1=NC2=CC=CC=C2C(=C1C)C(=O)OC(C)C(=O)N3C(CCCC3C)C
D03569,C1=CC=C(C(=C1)OCC(=O)NC2=C(C=CC=C2Cl)Cl)Br
D03570,CC1=CC(=C(N1C)C)C(=O)COC(=O)CNS(=O)(=O)C2=CC3=C(CCCC3)C=C2
D03571,CC(C)C1=NN=C(S1)NC(=O)C=CC2=CC=CC=C2F
D03572,C1=CC=C(C(=C1)NC(=O)COC2=CC=CC=C2Br)OC(F)F
D03573,CC1=CC(=C(C(=C1)C)NC(=O)COC(=O)COC2=CC=CC=C2Cl)C
D03574,CC(C(=O)NC1=CC=C(C=C1)C(=O)N)OC2=CC(=CC(=C2)Cl)Cl
D03575,CC1=C(SC(=N1)C2=CC=C(C=C2)F)C(=O)NCC(=O)NC(C)(C)C
D03576,CCC(C1=CC=C(C=C1)C)NC(=O)COC(=O)COC2=CC=CC=C2Cl
D03577,CCC1=C(SC(=C1)C(=O)OCN2C(=O)C3=CC=CC=C3N=N2)C
D03578,CC1=CC(=C(C(=C1)C)C(=O)COC(=O)C2=CC3=C(C=C2)SCCC(=O)N3)C
D03579,CC1=CC=C(C=C1)OCCOC(=O)CN(C)S(=O)(=O)C2=CC=C(C=C2)F
D03580,CCCOC1=CC=CC=C1NC(=O)C2=CC3=NC=CN=C3C=C2
D03581,CC1=C(NC(=C1C(=O)C)C)C(=O)OC(C)C2=NC(=NO2)C3=CC=CC=C3
D03582,CC1=CC=C(C=C1)C2=NN(C=C2C(=O)OCC(=O)NC3=NOC(=C3)C)C4=CC=CC=C4
D03583,CC(CN1C(=O)C2=C(C=C(C=C2)C(=O)OC)N=C1SCC(=O)N)O
D03584,CC(C)C(C)NC(=O)CSC1=CC=C(C=C1)[N+](=O)[O-]
D03585,C1=CC=C2C(=C1)C(=O)N(C2=O)COC(=O)COC3=CC=CC=C3Cl
D03586,CN(CC(=O)OCC1=CC=C(O1)C(=O)OC)S(=O)(=O)C2=CC=C(C=C2)F
D03587,C1CS(=O)(=O)CC1NC(=O)COC(=O)COC2=CC=CC=C2Cl
D03588,CC(C)CCC(=O)OCC(=O)NC1(CCCCC1)C#N
D03589,CC(C(=O)NC1=CC=CC=C1)OC(=O)CN(C)S(=O)(=O)C2=CC=C(C=C2)F
D03590,CCC1=C(SC(=C1)C(=O)OCC(=O)NC2=C(C=CC=C2C(C)C)C)C
D03591,CC1=CC=C(C=C1)NC(=O)CN(C)C(=O)COC(=O)COC2=CC=CC=C2Cl
D03592,CC(C)CCC(=O)OC(C(C)C)C(=O)NC(=O)N
D03593,CCC1=NC2=CC=CC=C2C(=C1C)C(=O)OCC(=O)NC(C)(C#N)C3CC3
D03594,CC(C)(C)C1=CC=C(C=C1)SCN2C(=O)C3=CC=CC=C3N=N2
D03595,CC1=C(C=C(C=C1)F)C(=O)OC(C)C(=O)NC2=NOC(=C2)C
D03596,CC(C(=O)C1=CC=C(C=C1)OC)OC(=O)C2=CC3=C(C=C2)SCCC(=O)N3
D03597,C1=CC=C2C(=C1)C(=CN2)CC(=O)NC3=CC=CC=C3O
D03598,CCC1=NC2=CC=CC=C2C(=C1C)C(=O)OCC(=O)C3=CC=CC=C3Cl
D03599,CC1=CC=C(C=C1)C2=NN(C=C2C(=O)OCC(=O)C3=CC=CN3)C4=CC=CC=C4
D03600,CC(C(=O)C1=CC=C(C=C1)OC)OC(=O)C2=CC3=C(C=C2)SCCC(=O)N3
D03601,CCCOC1=C(C=C(C=C1Cl)C=CC(=O)OCC(=O)N2CC(OC(C2)C)C)OC
D03602,CCCOC1=CC=CC=C1NC(=O)C2=CC3=NC=CN=C3C=C2
D03603,C1=CSC(=C1)CNC(=O)COC(=O)C2=CC=C(S2)C3=CC=C(C=C3)Cl
D03604,CCC1=C(SC(=C1)C(=O)OCC(=O)NC2=CC=CC=C2F)C
D03605,CN(CC1=CC=CC=C1)C(=O)COC(=O)C2=CC3=C(C=C2)SCCC(=O)N3
D03606,CC(C)C(C)NC(=O)CSC1=CC=C(C=C1)[N+](=O)[O-]
D03607,C1CCC(CC1)(CNC(=O)C2=CC(=C(C=C2)Cl)Cl)N3CCOCC3
D03608,COCCNC(=O)N1CCN(CC1)C2=CC=CC=C2Cl
D03609,C1=CC=C(C=C1)CCCNC(=O)COC2=CC=CC=C2Br
D03610,CCCOC1=C(C=C(C=C1Cl)C=CC(=O)OCC2=NN=C(O2)C3=CC=CO3)OC
D03611,CC1=CC(=CC(=C1)C(=O)NNC2=CC=CC=C2[N+](=O)[O-])C
D03612,CCC1=NC2=CC=CC=C2C(=C1C)C(=O)OCC(=O)NC3=C(C=C(C=C3Cl)C)C
D03613,CC1=CC=C(C=C1)C2=NC(=CS2)COC(=O)C3=CC4=C(C=C3)SCCC(=O)N4
D03614,CCC1=NC2=CC=CC=C2C(=C1C)C(=O)OC(C)C(=O)N3C(CCCC3C)C
D03615,C1=CC(=CC=C1C(=O)CN2C=NC3=C(C2=O)SC=C3)F
D03616,CC(C)(C)C1=CC=C(C=C1)SCN2C(=O)C3=CC=CC=C3N=N2
D03617,CCCCC1=NOC(=N1)CS(=O)(=O)CC(=O)N
D03618,CC1CCCCC1NC(=O)COC(=O)CNS(=O)(=O)C2=CC3=C(CCCC3)C=C2
D03619,CC(C)(C)C1=CC=C(C=C1)SCC(=O)NN2C(=O)C3(CCCCC3)NC2=O
D03620,C1=CC=C(C(=C1)NC(=O)COC2=CC=CC=C2Br)OC(F)F
D03621,CC1=C(C=C(C=C1)C(C)NC(=O)COC(=O)C2=CC3=C(C=C2)SCCC(=O)N3)C
D03622,CC(C)(C)C1=CC=C(C=C1)SCN2C(=O)C3=CC=CC=C3N=N2
D03623,CC(C1=CC(=CC=C1)C(F)(F)F)NC(C)C(=O)NC2=CC=CC=C2OC
D03624,CC(C(=O)C1=CC=C(C=C1)OC)OC(=O)C2=CC3=C(C=C2)SCCC(=O)N3
D03625,CCC1=NC2=CC=CC=C2C(=C1C)C(=O)OC(C)C(=O)NC(C)CCC3=CC=CC=C3
D03626,CCOC1=CC=CC2=C1OC(=C2)C(C)NC(=O)CNC(=O)CC34CC5CC(C3)CC(C5)C4
D03627,CC1CC2=CC=CC=C2N1C(=O)COC(=O)CN(C)S(=O)(=O)C3=CC=C(C=C3)F
D03628,CC1CCCCC1NC(=O)COC(=O)CNS(=O)(=O)C2=CC3=C(CCCC3)C=C2
D03629,CS(=O)(=O)CC1=CSC(=N1)CC2=CC=C(C=C2)Cl
D03630,CCC1=NC2=CC=CC=C2C(=C1C)C(=O)OC(C)C(=O)N3C(CCCC3C)C
D03631,CC(C(=O)NC1=CC=C(C=C1)C(=O)C)OC(=O)COC2=CC=CC=C2Cl
D03632,CC1=CC=C(C=C1)C2=NN(C=C2C(=O)OCC(=O)NC3=NOC(=C3)C)C4=CC=CC=C4
D03633,C1CCCN(CCC1)C(=O)NC2=CN=CC=C2
D03634,C1COCCN1CCCNC(=O)C2=CC=C(C=C2)C3SCCS3
D03635,CC(C1=C(C=C(C=C1)F)F)NC(=O)COC2=CC=CC=C2Br
D03636,CC(CN1C(=O)C2=C(C=C(C=C2)C(=O)OC)N=C1SC(C)C(=O)N3CCCC3)O
D03637,CCC(C)C(=NNC1=C(C=C(C=C1)[N+](=O)[O-])[N+](=O)[O-])C
D03638,C1=CC(=C(C(=C1)Cl)SCC(=O)NC2=C(C=CS2)C#N)Cl
D03639,CC(CN1C(=O)C2=C(C=C(C=C2)C(=O)OC)N=C1SC(C)C(=O)N3CCCC3)O
D03640,C#CCNC(=O)N1CCN(CC1)C2=CC=C(C=C2)F
D03641,CC1=C(C=C(C=C1)S(=O)(=O)C)C(=O)OCC(=O)C2=CC=C(C=C2)C3CCCCC3
D03642,CCOC1=C(C=C2C(=C1)CC(O2)C)CNC(=O)CC3=CC=C(S3)S(=O)(=O)N4CCCC4
D03643,CC1=CC=C(C=C1)C2=NC(=CS2)COC(=O)C3=CC4=C(C=C3)SCCC(=O)N4
D03644,CCC1=NC2=CC=CC=C2C(=C1C)C(=O)OC(C)C(=O)N3C(CCCC3C)C
D03645,CC(C)CCC(=O)OCC(=O)NC1=CC=CC=C1CC2=CC=CC=C2
D03646,CC1=CC=C(C=C1)C(=O)NCC2=CC=C(C=C2)CN3CCOCC3
D03647,CC(C)COC1=C(C=C(C=C1Cl)C=CC(=O)OCC(=O)N(C)C)OC
D03648,CC1=CC=C(C=C1)C(=O)NCC2=CC=C(C=C2)CN3CCOCC3
D03649,CCC1=NC2=CC=CC=C2C(=C1C)C(=O)OC(C)C(=O)NC3=CC=CC=C3OC
D03650,CC1CCCCN1C(=O)COC(=O)C2=CN(N=C2C3=CC=C(C=C3)C)C4=CC=CC=C4
D03651,CCNC(=O)NC(=O)COC(=O)C1=C(C=CC(=C1)S(=O)(=O)C)C
D03652,CCOC1=C(C=C2C(=C1)CC(O2)C)CNC(=O)CC3=CC=C(S3)S(=O)(=O)N4CCCC4
D03653,C1CSC2=C(C=C(C=C2)C(=O)OCC(=O)NC3=C(C=CC(=C3)F)F)NC1=O
D03654,C#CCNC(=O)N1CCN(CC1)C2=CC=C(C=C2)F
D03655,CC1=CC=CC=C1C=CC(=O)OC(C)C(=O)NC2=CC=C(C=C2)C(=O)C
D03656,CCC1=C(SC(=C1)C(=O)OCC(=O)NC2=C(C=CC(=C2)Cl)OC)C
D03657,C1C(=O)NC2=CC=CC=C2N1C(=O)COC3=CC=CC=C3Br
D03658,CCC1=C(SC(=C1)C(=O)OCN2C(=O)C3=CC=CC=C3N=N2)C
D03659,CC1CCCCC1NC(=O)COC(=O)C2=C(C=CC(=C2)S(=O)(=O)C)C
D03660,CC(C(=O)NC1=CC=CC=C1Cl)OC(=O)C2=CC(=CC=C2)NC(=O)C
D03661,CC1=C(C(NC(=O)N1CCOC)C2=CC=CC=C2F)C(=O)OC
D03662,CC1=CC=C(C=C1)NC(=O)COC(=O)CNS(=O)(=O)C2=CC3=C(CCCC3)C=C2
D03663,CC(C(=O)NCC1=CC2=C(C=C1)OCO2)SC3=C(C=CC=C3Cl)Cl
D03664,CC(C)(C)C1=CC=C(C=C1)SCC(=O)NC2=CC=C(C=C2)C(=O)N
D03665,CCN(CC1=CC=CC=C1)C(=O)COC(=O)CN(C)S(=O)(=O)C2=CC=C(C=C2)F
D03666,C1COCCN1S(=O)(=O)C2=CN=C(C=C2)SC3=NC4=CC=CC=C4S3
D03667,CC(C)CCC(=O)OC(C)C(=O)NC1=CC=C(C=C1)NC(=O)C
D03668,CCC1=C(SC(=C1)C(=O)OCC(=O)NC2=C(C=CC=C2C(C)C)C)C
D03669,CCC1=NC2=CC=CC=C2C(=C1C)C(=O)OC(C)C(=O)NC(C)CCC3=CC=CC=C3
D03670,CCC(C1=CC=C(C=C1)C)NC(=O)COC(=O)COC2=CC=CC=C2Cl
D03671,CC1=C(C=C(C=C1)S(=O)(=O)C)C(=O)OCCOC2=CC=C(C=C2)Br
D03672,CCC1=C(SC(=C1)C(=O)OCC(=O)NC2=C(C=CC=C2C(C)C)C)C
D03673,CC(C(=O)N1CCCC1)OC(=O)CN(C)S(=O)(=O)C2=CC=C(C=C2)F
D03674,CC1=C(C=C(C=C1)S(=O)(=O)N2CCOCC2)NC(=O)COC(=O)CCC(C)C
D03675,CC(=O)NNC(=O)COC(=O)C1=CC=C(S1)C2=CC=C(C=C2)Cl
D03676,CCOC1=CC=CC2=C1OC(=C2)C(C)NC(=O)CNC(=O)CC34CC5CC(C3)CC(C5)C4
D03677,CC1=CC=C(C=C1)C2=NN(C=C2C(=O)OCC(=O)C3=CC=C(C=C3)F)C4=CC=CC=C4
D03678,CC1=CC(=C(C(=O)N1)CNC(=O)C2=CC=CC=C2C(F)(F)F)C
D03679,CC(C)(C)C1=CC=C(C=C1)SCC(=O)NCCC#N
D03680,CC1=C(C=C(C=C1)F)C(=O)OC(C)C(=O)NC2=NOC(=C2)C
D03681,CC(C1=CC=CS1)NC(=O)COC(=O)C2=CC3=C(C=C2)SCCC(=O)N3
D03682,CCCOC1=CC=CC=C1NC(=O)C2=CC3=NC=CN=C3C=C2
D03683,CC(C(=O)NC1=CC=C(C=C1)C(=O)N)OC2=CC(=CC(=C2)Cl)Cl
D03684,CCC1=C(SC(=C1)C(=O)OCC(=O)NCC2=CC=C(C=C2)C(=O)OC)C
D03685,C1C(=O)NC2=CC=CC=C2N1C(=O)COC3=CC=CC=C3Br
D03686,CC1=CC=C(C=C1)NC(=O)COC(=O)CNS(=O)(=O)C2=CC3=C(CCCC3)C=C2
D03687,CC1=CC(=C(C(=O)N1)CNC(=O)C2=C(C(=CC=C2)OC)OC)C
D03688,CC(C)C(C)NC(=O)CSC1=CC=C(C=C1)[N+](=O)[O-]
D03689,CN(CC1=CC=CC=C1)C(=O)COC(=O)C2=CC3=C(C=C2)SCCC(=O)N3
D03690,CC(C(=O)NC1CCCC1)OC(=O)CN(C)S(=O)(=O)C2=CC=C(C=C2)F
D03691,CCC1=C(SC(=C1)C(=O)OCC(=O)NC2=CC=CC=C2F)C
D03692,COC1=C(C=C(C=C1)C2=NC(=CS2)C(=O)NCC(=O)OC)OC
D03693,CCC1=NC2=CC=CC=C2C(=C1C)C(=O)OC(C)C(=O)NC3=C(C(=C(C=C3)F)F)F
D03694,CC1=CC(=C(C(=O)N1)CNC(=O)C2=C(C(=CC=C2)OC)OC)C
D03695,CCNC(=O)NC(=O)CSC1=NN=C(S1)SCC2=CC=C(C=C2)C(C)C
D03696,CC(C1=CC(=CC=C1)C(F)(F)F)NC(=O)C2=CC=C(C=C2)CNC(=O)C
D03697,CCC(C1=CC=C(C=C1)C)NC(=O)COC(=O)COC2=CC=CC=C2Cl
D03698,CC(C)CCC(=O)OCC(=O)NC(=O)C1=CC=CC=C1OC
D03699,CC(C)COC1=C(C=C(C=C1Cl)C=CC(=O)OCC(=O)N2CCOCC2)OC
D03700,CCC1=CC=CC=C1NC(=O)CNC(=O)C2=CC(=CC=C2)NC(=O)C
D03701,CCC1=C(SC(=C1)C(=O)OCC(=O)NC2=CC=C(C=C2)[N+](=O)[O-])C
D03702,C1=CC=C(C(=C1)OCC(=O)OCC(=O)NC2=CC3=C(C=C2)OC(O3)(F)F)Cl
D03703,C1=COC(=C1)C(=O)NC2=NNC(=N2)C3=CC=C(C=C3)F
D03704,CC(C)C(C)(C#N)NC(=O)COC1=CC=CC=C1Br
D03705,CCC1=NC2=CC=CC=C2C(=C1C)C(=O)OC(C)C3=CC=CC=C3Cl
D03706,CCOC1=C(C=C2C(=C1)CC(O2)C)CNC(=O)CC3=CC=C(S3)S(=O)(=O)N4CCCC4
D03707,CC(C)CCC(=O)OCC(=O)NC1=CC(=NN1C)C2=CC=C(C=C2)Cl
D03708,CC1=CC=C(C=C1)C2=NN(C=C2C(=O)OCC(=O)NC3=NOC(=C3)C)C4=CC=CC=C4
D03709,CCC1=NC2=CC=CC=C2C(=C1C)C(=O)OCC3=CC4=C(C=C3)OCO4
D03710,C1=CC=C(C(=C1)NC(=O)COC2=CC=CC=C2Br)OC(F)F
D03711,CC1=NC(=C(C=C1Cl)Cl)NC(=O)COC(=O)CCC(C)C
D03712,CC(CN1C(=O)C2=C(C=C(C=C2)C(=O)OC)N=C1SC(C)C(=O)N3CCCC3)O
D03713,CC1=C(C=C(C=C1)S(=O)(=O)C)C(=O)OCC(=O)NC2=CC(=C(C=C2)C)F
D03714,C1CC(C2=CC=CC=C2C1)NC(=O)COC3=CC=CC=C3Br
D03715,COC1=CC=C(C=C1)NC(=O)CSC2=C(C=CC=C2Cl)Cl
D03716,CC(C(=O)NC1=CC=C(C=C1)C(=O)N)OC2=CC(=CC(=C2)Cl)Cl
D03717,C1=COC(=C1)C(=O)NC2=NNC(=N2)C3=CC=C(C=C3)F
D03718,C1=CC=C(C(=C1)NC(=O)COC2=CC=CC=C2Br)OC(F)F
D03719,CC1=C(C2=CC=CC=C2N1)C(=O)C(C)OC(=O)COC3=CC=CC=C3Cl
D03720,CCC1=NC2=CC=CC=C2C(=C1C)C(=O)OC(C)C(=O)NCCC3=CCCCC3
D03721,CN(CC(=O)OCC(=O)NC1(CCCC1)C#N)S(=O)(=O)C2=CC=C(C=C2)F
D03722,C1=CC=C(C(=C1)NC(=O)COC2=CC=CC=C2Br)OC(F)F
D03723,CC1=C(C(=C(C=C1)[N+](=O)[O-])NC(=O)COC(=O)COC2=CC=CC=C2Cl)C
D03724,C1CC(=O)N(C1)C2=CC=C(C=C2)OCC(=O)N3CCC4=CC=CC=C43
D03725,CCC1=NC2=CC=CC=C2C(=C1C)C(=O)OC(C)C(=O)NC3=CC=CC(=C3)C#N
D03726,CCOC1=CC=CC2=C1OC(=C2)C(C)NC(=O)CNC(=O)CC34CC5CC(C3)CC(C5)C4
D03727,C1CCC2=C(C1)C=CC(=C2)S(=O)(=O)NCC(=O)OCC(=O)N3CCOCC3
D03728,CC1=CC=C(C=C1)C(=O)NCC2=CC=C(C=C2)CN3CCOCC3
D03729,CC1=C(C=C(C=C1)S(=O)(=O)C)C(=O)OCC(=O)NCC23CC4CC(C2)CC(C4)C3
D03730,CCC1=C(SC(=C1)C(=O)OCC(=O)NC2=CC=CC=C2F)C
D03731,CC1=CC(=NO1)NC(=O)CSC2=NC3=CC=CC=C3N2C(C)C
D03732,CCC1=C(SC(=C1)C(=O)OCC(=O)NC2=C(C=CC=C2C(C)C)C)C
D03733,CCC1=NC2=CC=CC=C2C(=C1C)C(=O)OC(C)C(=O)C3=C(NC4=CC=CC=C43)C
D03734,CCC1=NC2=CC=CC=C2C(=C1C)C(=O)OC(C)C(=O)C3=C(NC4=CC=CC=C43)C
D03735,CC(C)CCC(=O)OCC(=O)NC1=CC=CC=C1CC2=CC=CC=C2
D03736,CC1=C(C=C(C=C1)S(=O)(=O)C)C(=O)OCCOC2=CC=CC=C2
D03737,C1CCC(CC1)[NH2+]CC2=C(C=CC=C2Cl)F
D03738,CC1=CC(=C(N1CC2CCCO2)C)C(=O)COC3=CC=CC=C3Br
D03739,CN1C=C(C=N1)C=C2C(=O)N(C(=S)N2)CC3CCCO3
D03740,C1COCCN1S(=O)(=O)C2=CN=C(C=C2)SC3=NC4=CC=CC=C4S3
D03741,CC(CN1C(=O)C2=C(C=C(C=C2)C(=O)OC)N=C1SCC3=CC(=CC=C3)C#N)O
D03742,CC(C(=O)C1=CC=C(C=C1)OC)OC(=O)C2=CC3=C(C=C2)SCCC(=O)N3
D03743,CCNC1=NN=C(S1)SCC(=O)N(CCOC)CC2=CC=CS2
D03744,CC(C)CCC(=O)OCC(=O)NC1(CCCCC1)C#N
D03745,CCC1=C2C(=CC=C1)C(=CN2)C(=O)COC(=O)COC3=CC=CC=C3Cl
D03746,C#CCNC(=O)N1CCN(CC1)C2=CC=C(C=C2)F
D03747,CC1=C(C=C(C=C1)S(=O)(=O)C)C(=O)OCCOC2=CC=CC=C2
D03748,C1CSC2=C(C=C(C=C2)C(=O)OCCOC3=CC=CC=C3F)NC1=O
D03749,CCC1=NC2=CC=CC=C2C(=C1C)C(=O)OC(C)C(=O)NC(C)CCC3=CC=CC=C3
D03750,CCC1=C(SC(=C1)C(=O)OCC(=O)NC2=CC=CC=C2F)C
D03751,CC(=O)NC1=C(C=CC(=C1)C(=O)COC(=O)C2=CC3=C(CCC3)C=C2)O
D03752,CCOC1=C(C=C2C(=C1)CC(O2)C)CNC(=O)CC3=CC=C(S3)S(=O)(=O)N4CCCC4
D03753,CC1=CC(=C(N1CC2=CC=CS2)C)C(=O)COC(=O)COC3=CC=CC=C3Cl
D03754,CCC1=C(SC(=C1)C(=O)OCC(=O)NCC2=CC=C(C=C2)C(=O)OC)C
D03755,C1=CC(=CC(=C1)S(=O)(=O)N)NC(=O)COC2=CC(=CC(=C2)Cl)Cl
D03756,CC1=C(C=C(C=C1)S(=O)(=O)C)C(=O)OCCOC2=CC=CC=C2
D03757,CCC(C)C(=NNC1=C(C=C(C=C1)[N+](=O)[O-])[N+](=O)[O-])C
D03758,CCOC1=CC=CC2=C1OC(=C2)C(C)NC(=O)CNC(=O)CC34CC5CC(C3)CC(C5)C4
D03759,C1=CC=C(C(=C1)NC(=O)CCC(=O)C2=CC=CS2)O
D03760,CC(C(=O)C1=CC=C(C=C1)OC)OC(=O)C2=CC3=C(C=C2)SCCC(=O)N3
D03761,C1=CC(=C(C(=C1)Cl)SCC(=O)NC2=C(C=CS2)C#N)Cl
D03762,CCC(C1=CC=C(C=C1)C)NC(=O)COC(=O)COC2=CC=CC=C2Cl
D03763,CCOC1=C(C=C2C(=C1)CC(O2)C)CNC(=O)CC3=CC=C(S3)S(=O)(=O)N4CCCC4
D03764,CCC1=C(SC(=C1)C(=O)OCC(=O)NC2=CC=CC=C2F)C
D03765,CCOC(=O)C1=C(SC(=C1CSC2=CC=C(C=C2)C(C)(C)C)C(=O)NC)N
D03766,C1=CC=C(C(=C1)C(F)(F)F)NC(=O)COC(=O)COC2=CC=CC=C2Cl
D03767,CCCOC1=CC=CC=C1NC(=O)C2=CC3=NC=CN=C3C=C2
D03768,CC1=CC=C(C=C1)N(CCC#N)C(=O)COC(=O)COC2=CC=CC=C2Cl
D03769,CC(CN1C(=O)C2=C(C=C(C=C2)C(=O)OC)N=C1SC(C)C(=O)N3CCCC3)O
D03770,CC(C)N1C(=CC=N1)NC(=O)C(C)SC2=C(C=CC=C2Cl)Cl
D03771,CC(C)COC1=C(C=C(C=C1Cl)C=CC(=O)OC2CCCCC2=O)OC
D03772,CC(C(=O)NC1=CC=CC=C1Cl)OC(=O)C2=CC(=CC=C2)NC(=O)C
D03773,CC(C)C1=NN=C(N1CC2=CC=CO2)SC(C)C(=O)N3CCNC3=O
D03774,CC(C)C(C)(C#N)NC(=O)COC1=CC=CC=C1Br
D03775,CN(CC1=CC=C(C=C1)OC)C(=O)NC2=CN=CC=C2
D03776,CC(CN1C(=O)C2=C(C=C(C=C2)C(=O)OC)N=C1SCC=CC3=CC=CC=C3)O
D03777,CC1=C(C=C(C=C1)S(=O)(=O)N2CCOCC2)NC(=O)COC(=O)CCC(C)C
D03778,CNC(=O)COC(=O)C1=CC2=C(C=C1)SCCC(=O)N2
D03779,CC(C(=O)NCC1=CC=CO1)OC(=O)C2=CC3=C(C=C2)SCCC(=O)N3
D03780,C1=CC=C(C=C1)OC2=CC=CC=C2COC(=O)COC3=CC=CC=C3Cl
D03781,CCS(=O)(=O)C(C)C(=O)NC1=C(C=C(C(=C1)C)Cl)OC
D03782,CCC1=NC2=CC=CC=C2C(=C1C)C(=O)OC(C)C(=O)N3C(CCCC3C)C
D03783,CC(CN1C(=O)C2=C(C=C(C=C2)C(=O)OC)N=C1SCC3=CC(=CC=C3)OC)O
D03784,C1=CSC(=C1)C[NH2+]C(CO)(CO)CO
D03785,CC1=C(C=C(C=C1)S(=O)(=O)C)C(=O)OCCOC2=CC=CC=C2
D03786,CCC1=NC2=CC=CC=C2C(=C1C)C(=O)OCC(=O)NC(C)(C#N)C3CC3
D03787,CC1=CC=C(C=C1)C2=NOC(=C2)NC(=O)CN3CCCC3
D03788,CC(C(=O)NC1=CC=C(C=C1)F)OC(=O)COC2=CC=CC=C2Cl
D03789,CC(C(=O)NC(=O)NC)SC1=CC=C(C=C1)C(C)(C)C
D03790,C1=CC=C(C(=C1)OCC(=O)NC2=CC=C(C=C2)C#N)Br
D03791,CC1(C(=O)N(C(=O)N1)CC2=CC(=CC=C2)Br)C3=CC=CC=C3
D03792,C1=CC=C(C(=C1)OCC(=O)NC2=C(C=CC(=C2)F)F)Br
D03793,CC1CCCCC1NC(=O)COC(=O)C2=C(C=CC(=C2)S(=O)(=O)C)C
D03794,CC(C(=O)NC1=CC=CC=C1Cl)OC(=O)C2=CC(=CC=C2)NC(=O)C
D03795,C#CCNC(=O)N1CCN(CC1)C2=CC=C(C=C2)F
D03796,C1CC1NC(=O)NC(=O)COC(=O)C2=CC=C(S2)C3=CC=C(C=C3)Cl
D03797,CC1=CC(=CC(=C1)N2C=CN=C2SCC(=O)N(C)CCC#N)C
D03798,CCCOC1=C(C=C(C=C1Cl)C=CC(=O)OCC(=O)N2CC(OC(C2)C)C)OC
D03799,CC1=C(C=C(C=C1)S(=O)(=O)C)C(=O)OCC(=O)C2=CC=C(C=C2)C3CCCCC3
D03800,CC(CN1C(=O)C2=C(C=C(C=C2)C(=O)OC)N=C1SC(C)C(=O)N3CCCC3)O
D03801,COC(=O)C1=CC2=C(C=C1)C(=O)N(C(=N2)SC3CCCCC3=O)CC4CCCO4
D03802,CC1=C(C=C(C=C1)S(=O)(=O)C)C(=O)OCC(=O)NCCOC
D03803,CCC1CCCCN1C(=O)CN2C(=O)C(NC2=O)(C)C3=CC=C(C=C3)OC
D03804,C1=CC=C2C(=C1)C(C3=CC=CC=C32)OC(=O)COC4=CC=CC=C4Cl
D03805,CC1=CC=C(C=C1)C2=NN(C=C2C(=O)OCC(=O)NC3=NOC(=C3)C)C4=CC=CC=C4
D03806,CC(C)C(C(=O)NC(=O)N)OC(=O)COC1=CC=CC=C1Cl
D03807,CCC(C1=CC=C(C=C1)C)NC(=O)COC(=O)COC2=CC=CC=C2Cl
D03808,CCNC(=O)NC(=O)COC(=O)C1=C(C=CC(=C1)S(=O)(=O)C)C
D03809,CCC1=C(SC(=C1)C(=O)OCC(=O)C(=C2NC3=CC=CC=C3N2)C#N)C
D03810,CCOC1=C(C=C2C(=C1)CC(O2)C)CNC(=O)CC3=CC=C(S3)S(=O)(=O)N4CCCC4
D03811,COC1=CC2=C(C=C1)C(=CC(=O)O2)COC(=O)C3=CC4=C(C=C3)SCCC(=O)N4
D03812,CCC1=NC2=CC=CC=C2C(=C1C)C(=O)OC(C)C(=O)NC(C)CCC3=CC=CC=C3
D03813,CC1=C(SC(=N1)C2=CC=C(C=C2)F)C(=O)NCC(=O)NC(C)(C)C
D03814,CC(C)C(C)NC(=O)COC(=O)CN(C)S(=O)(=O)C1=CC=C(C=C1)F
D03815,CCC1=C(SC(=C1)C(=O)OCC(=O)NC2=C(C=C(C=C2)OC)[N+](=O)[O-])C
D03816,CC(C1=C(C=C(C=C1)F)F)NC(=O)COC2=CC=CC=C2Br
D03817,C1COCC[NH+]1CC(COC2=CC=C(C=C2)C3=NN=CO3)O
D03818,CC1CCCCC1NC(=O)COC(=O)CNS(=O)(=O)C2=CC3=C(CCCC3)C=C2
D03819,CC(C)CCC(=O)OCC(=O)NC1=C(C=CC(=C1)S(=O)(=O)N2CCCCC2)OC
D03820,CC(C)C(C(=O)NC(=O)N)OC(=O)CNS(=O)(=O)C1=CC2=C(CCCC2)C=C1
D03821,C1=CC=C(C(=C1)OCC(=O)NC2=C(C=CC=C2Cl)Cl)Br
D03822,C1=CC=C(C(=C1)OCC(=O)NC2=C(C=CC=C2Cl)Cl)Br
D03823,CC(=O)NNC(=O)COC(=O)C1=CC=C(S1)C2=CC=C(C=C2)Cl
D03824,CC(C(=O)C1=CC=C(C=C1)OC)OC(=O)C2=CC3=C(C=C2)SCCC(=O)N3
D03825,C1CCC(CC1)(CNC(=O)C2=CC(=C(C=C2)Cl)Cl)N3CCOCC3
D03826,CCC1=C(SC(=C1)C(=O)OCC(=O)NC2=CC=CC=C2F)C
D03827,CC1=C(C=C(C=C1)S(=O)(=O)C)C(=O)OCC(=O)C2=CC=C(C=C2)C3CCCCC3
D03828,CN(CC(=O)OCC1=CC=C(O1)C(=O)OC)S(=O)(=O)C2=CC=C(C=C2)F
D03829,CS(=O)(=O)CC1=CSC(=N1)CC2=CC=C(C=C2)Cl
D03830,CCC1=NC2=CC=CC=C2C(=C1C)C(=O)OC(C)C(=O)N3C(CCCC3C)C
D03831,C1CN(CCC1C(=O)N)C(=O)COC(=O)C2=CC=C(S2)C3=CC=C(C=C3)Cl
D03832,CCC1=C(SC(=C1)C(=O)OCC(=O)NC2=CC=CC=C2F)C
D03833,C1=CC=C(C=C1)OC2=CC=CC=C2COC(=O)COC3=CC=CC=C3Cl
D03834,CC(C(=O)NC1=CC=CC2=CC=CC=C21)OC(=O)COC3=CC=CC=C3Cl
D03835,C1=CC(=CC=C1C(=O)CN2C=NC3=C(C2=O)SC=C3)F
D03836,CC(C)(C)C1=CC=C(C=C1)SCN2C(=O)C3=CC=CC=C3N=N2
D03837,CC(C1=CC=CS1)NC(=O)COC2=CC=CC=C2Br
D03838,C1=CNC(=C1)C(=O)COC(=O)C2=C(C=C(C=C2)F)Br
D03839,CC1=C(C=C(C=C1)S(=O)(=O)C)C(=O)OCC(=O)NC2CCCC3=CC=CC=C23
D03840,CC1=CC=C(C=C1)N(CCC#N)C(=O)COC(=O)COC2=CC=CC=C2Cl
D03841,CC1=CSC2=NC(=CC(=O)N12)CNC(C)C3=CC=CC=C3
D03842,CCCN1C(=O)C(=CC2=CC=CC=C2F)NC1=S
D03843,C1COCCN1S(=O)(=O)C2=CN=C(C=C2)SC3=NC4=CC=CC=C4S3
D03844,CC(C)N1C(=CC=N1)NC(=O)C(C)OC(=O)C2=CC=C(S2)C3=CC=C(C=C3)Cl
D03845,CC(C)CCC(=O)OC(C(C)C)C(=O)NC(=O)N
D03846,CC(C(=O)NC1=CC=CC=C1Cl)OC(=O)C2=CC(=CC=C2)NC(=O)C
D03847,CCCCCNC(=O)C(C)S(=O)(=O)CC1=NC(=NO1)C
D03848,CCC1=NC2=CC=CC=C2C(=C1C)C(=O)OC(C)C(=O)NC(C)CCC3=CC=CC=C3
D03849,COC1=C(C=C(C=C1)C2=NC(=CS2)C(=O)NCC(=O)OC)OC
D03850,CC1=C(C=C(C=C1)S(=O)(=O)C)C(=O)OCCOC2=CC=C(C=C2)Br
D03851,CCC1=CC=C(C=C1)NC(=O)C(C)OC(=O)COC2=CC=CC=C2Cl
D03852,CCNC(=O)NC(=O)COC(=O)C1=C(C=CC(=C1)S(=O)(=O)C)C
D03853,CC1=CC(=C(C=C1)F)NC(=O)C2=CC(=CC=C2)NC(=O)C
D03854,C1COCC[NH+]1CC(COC2=CC=C(C=C2)C3=NN=CO3)O
D03855,CN(CC(=O)OCC1=C(C=CC=C1Cl)F)S(=O)(=O)C2=CC=C(C=C2)F
D03856,C#CCNC(=O)N1CCN(CC1)C2=CC=C(C=C2)F
D03857,C1=CC=C(C(=C1)OCC(=O)NC2=CC=C(C=C2)C#N)Br
D03858,C1=CC=C(C(=C1)NC(=O)COC2=CC=CC=C2Br)OC(F)F
D03859,CC1=CC=C(C=C1)N(CCC#N)C(=O)COC(=O)COC2=CC=CC=C2Cl
D03860,CCC1=C(SC(=C1)C(=O)OCC(=O)NC2=CC=CC=C2F)C
D03861,CC(C(=O)NC1=CC=C(C=C1)C(=O)N)OC2=CC(=CC(=C2)Cl)Cl
D03862,CC(C)(C)C1=CC=C(C=C1)SCC(=O)NC2=CC=C(C=C2)C(=O)N
D03863,CC(C)(C)C1=CC=C(C=C1)SCN2C(=O)C3=CC=CC=C3N=N2
D03864,C1=CC=C(C(=C1)NC(=O)COC2=CC=CC=C2Br)OC(F)F
D03865,CC(C)C1=NN=C(S1)NC(=O)C=CC2=CC=CC=C2F
D03866,CC(C)CCC(=O)OCC1=NC2=C(C(=CS2)C3=CC=CC=C3)C(=O)N1CC#N
D03867,CCOC1=C(C=C2C(=C1)CC(O2)C)CNC(=O)CC3=CC=C(S3)S(=O)(=O)N4CCCC4
D03868,C1CSC2=C(C=C(C=C2)C(=O)OCC(=O)NC3=C(C(=C(C=C3)F)F)F)NC1=O
D03869,CCC1=C(SC(=C1)C(=O)OCC(=O)NC2=C(C=CC(=C2)Cl)OC)C
D03870,CC(C(=O)NCC1=CC=CO1)OC(=O)C2=CC=C(S2)C3=CC=C(C=C3)Cl
D03871,CC1=CC=C(C=C1)NC(=O)COC(=O)CNS(=O)(=O)C2=CC3=C(CCCC3)C=C2
D03872,CCC1=NC2=CC=CC=C2C(=C1C)C(=O)OC(C)C(=O)NC(C)CCC3=CC=CC=C3
D03873,CC(C(=O)NC1=CC=CC=C1Cl)OC(=O)C2=CC(=CC=C2)NC(=O)C
D03874,CC1=CC2=C(C=C1Cl)C(=CC(=O)O2)COC(=O)COC3=CC=CC=C3Cl
D03875,CCNC(=O)NC(=O)COC(=O)C1=C(C=CC(=C1)S(=O)(=O)C)C
D03876,CC1=CC=C(C=C1)OCCCC(=O)N2CCC3=CC(=C(C=C3C2CC(=O)OC)OC)OC
D03877,CC(C(=O)NC1=CC=CC=C1[N+](=O)[O-])OC2=CC(=CC(=C2)Cl)Cl
D03878,C1=CC(=C(C=C1C2=CC=C(O2)CO)C(=O)[O-])Cl
D03879,CC(C)CCC(=O)OC(C(C)C)C(=O)NC(=O)N
D03880,CC1=C(C=C(C=C1)S(=O)(=O)C)C(=O)OCC2=C(C=C(C=C2)Br)F
D03881,CC1CCCCC1NC(=O)COC(=O)CNS(=O)(=O)C2=CC3=C(CCCC3)C=C2
D03882,CNC(=O)COC(=O)C1=CC2=C(C=C1)SCCC(=O)N2
D03883,CNC(=O)COC(=O)C1=CC2=C(C=C1)SCCC(=O)N2
D03884,CC1=C(C=C(C=C1)S(=O)(=O)C)C(=O)OCC(=O)NC
D03885,CCC1=NC2=CC=CC=C2C(=C1C)C(=O)OC(C)C3=CC=CC=C3Cl
D03886,CC(C)COC1=C(C=C(C=C1Cl)C=CC(=O)OCC(=O)NC2CC2)OC
D03887,CC(C(=O)NC1=CC=CC=C1Cl)OC(=O)C2=CC(=CC=C2)NC(=O)C
D03888,C1CC(C2=CC=CC=C2C1)NC(=O)COC3=CC=CC=C3Br
D03889,CCC1=NC2=CC=CC=C2C(=C1C)C(=O)OC(C)C(=O)NCCC3=CCCCC3
D03890,C1CCC(C1)N2CC(CC2=O)C(=O)NC3=CC=C(C=C3)SC(F)F
D03891,CCC1=C(SC(=C1)C(=O)OCC(=O)NC2=C(C=CC=C2C(C)C)C)C
D03892,CC1=CC(=C(N1CC2=CC=CS2)C)C(=O)COC(=O)COC3=CC=CC=C3Cl
D03893,CCC1=NC2=CC=CC=C2C(=C1C)C(=O)OCC(=O)C3=CC=CC=C3Cl
D03894,CC1=C(C=C(C=C1)F)C(=O)OC(C)C(=O)NC2=NOC(=C2)C
D03895,CC1=CC(=C(C(=O)N1)CNC(=O)C2=CC=CC=C2C(F)(F)F)C
D03896,CC1=CC=C(C=C1)C(=O)NCC2=CC=C(C=C2)CN3CCOCC3
D03897,CCCOC1=C(C=C(C=C1Cl)C=CC(=O)OC(C)C(=O)NC2CC2)OC
D03898,CC(CN1C(=O)C2=C(C=C(C=C2)C(=O)OC)N=C1SCC=CC3=CC=CC=C3)O
D03899,COCCNC(=O)N1CCN(CC1)C2=CC=CC=C2Cl
D03900,C1=CNC(=C1)C(=O)COC(=O)C2=C(C=C(C=C2)F)Br
D03901,CC(C)(C)C1=CC=C(C=C1)SCC(=O)N2CCNC2=O
D03902,CC(C(=O)NC(=O)NC)OC(=O)C1=CC2=C(C=C1)SCCC(=O)N2
D03903,CC1=CC(=C(C(=O)N1)CNC(=O)C2=CC=CC=C2C(F)(F)F)C
D03904,CC1CC2=CC=CC=C2N1C(=O)COC(=O)CN(C)S(=O)(=O)C3=CC=C(C=C3)F
D03905,CC1CCCCC1NC(=O)COC(=O)CNS(=O)(=O)C2=CC3=C(CCCC3)C=C2
D03906,CN(C)S(=O)(=O)C1=CC=CC(=C1)NC(=O)COC2=CC=CC=C2Br
D03907,CC(C)CCC(=O)OC(C(C)C)C(=O)NC(=O)N
D03908,CC1=CC=C(C=C1)C2=NN(C=C2C(=O)OCC(=O)C3=CC=CN3)C4=CC=CC=C4
D03909,CC1=CC=C(C=C1)C2=NN(C=C2C(=O)OC(C)C(=O)NC(=O)NC)C3=CC=CC=C3
D03910,CC(C)C(C(=O)NC(=O)N)OC(=O)CNS(=O)(=O)C1=CC2=C(CCCC2)C=C1
D03911,CC(C)(C)C1=CC=C(C=C1)SCC(=O)N2CCNC2=O
D03912,CC1=CC(=CC=C1)N2C(=O)CCC(=N2)C(=O)NC3=C(C=C(C=C3)F)Cl
D03913,CCOC1=CC=CC2=C1OC(=C2)C(C)NC(=O)CNC(=O)CC34CC5CC(C3)CC(C5)C4
D03914,CC1CCC2=CC=CC=C2N1C(=O)CN3CCNC(=O)C3
D03915,C1=CC(=CC=C1C(=O)CN2C=NC3=C(C2=O)SC=C3)F
D03916,CC(=O)C1=CC2=C(C=C1NC(=O)CSC3=C(C=CC=C3Cl)Cl)OCO2
D03917,CCCOC1=C(C=C(C=C1Cl)C=CC(=O)OC(C)C(=O)NC2CC2)OC
D03918,CC(C1=CC=CS1)NC(=O)COC2=CC=CC=C2Br
D03919,CC1CCN(CC1)C(=O)COC(=O)C2=CN(N=C2C3=CC=C(C=C3)C)C4=CC=CC=C4
D03920,CC1=C(C=C(C=C1)S(=O)(=O)C)C(=O)OCC(=O)NCCC(C)C
D03921,CC1=CC=C(C=C1)C2=NN(C=C2C(=O)OCC(=O)C3=CC=CN3)C4=CC=CC=C4
D03922,COC1=CC=CC(=C1)C2=NOC(=N2)COC(=O)C3=CC4=C(C=C3)SCCC(=O)N4
D03923,CC1=CC(=C(C(=C1)C)C(=O)COC(=O)C2=CC3=C(C=C2)SCCC(=O)N3)C
D03924,CC(C(=O)NC(=O)NC)OC(=O)COC1=CC=CC=C1Cl
D03925,CCCN1C(=O)C(=CC2=CC=CC=C2F)NC1=S
D03926,C1CC1NC(=O)NC(=O)COC(=O)C2=CC=C(S2)C3=CC=C(C=C3)Cl
D03927,CC1=CC(=C(N1CC2CCCO2)C)C(=O)COC3=CC=CC=C3Br
D03928,C1=CC(=C(C=C1Cl)Cl)CS(=O)(=O)CC(=O)N
D03929,CC(C(=O)N1CCN(CC1)S(=O)(=O)C2=CC=CC=C2)SCC3=CC(=CC=C3)Cl
D03930,CC1=CC(=C(C=C1NC(=O)CSC2=CC=C(C=C2)C(C)(C)C)OC)[N+](=O)[O-]
D03931,CN(CC(=O)OCC1=CC=C(O1)C(=O)OC)S(=O)(=O)C2=CC=C(C=C2)F
D03932,CC1=CC(=C(C=C1)F)NC(=O)C2=CC(=CC=C2)NC(=O)C
D03933,C1=CC=C(C(=C1)NC(=O)COC2=CC=CC=C2Br)OC(F)F
D03934,CC1=CC(=NO1)NC(=O)CSC2=NC3=CC=CC=C3N2C(C)C
D03935,C1=CC=C(C(=C1)OCC(=O)OCC(=O)NC2=CC3=C(C=C2)OC(O3)(F)F)Cl
D03936,CCC1=NC2=CC=CC=C2C(=C1C)C(=O)OC(C)C(=O)C3=C(NC4=CC=CC=C43)C
D03937,CC(C)CCC(=O)OC(C(C)C)C(=O)NC(=O)N
D03938,CC1CCCCC1NC(=O)COC(=O)C2=C(C=CC(=C2)S(=O)(=O)C)C
D03939,CC1=CC(=C(C(=C1)C)C(=O)COC(=O)C2=CC3=C(C=C2)SCCC(=O)N3)C
D03940,C1CC1NC(=O)NC(=O)COC(=O)C2=CC=C(S2)C3=CC=C(C=C3)Cl
D03941,CCC1=NC2=CC=CC=C2C(=C1C)C(=O)OC(C)C(=O)NC(C)CCC3=CC=CC=C3
D03942,CCC1=C(SC(=C1)C(=O)OCC(=O)NC2=C(C=CC(=C2)[N+](=O)[O-])F)C
D03943,CCCOC1=C(C=C(C=C1Cl)C=CC(=O)OC(C)C(=O)NC2CC2)OC
D03944,C1CCC(CC1)[NH2+]CC2=C(C=CC=C2Cl)Cl
D03945,CC(C(=O)NC1=CC=C(C=C1)C(=O)N)OC2=CC(=CC(=C2)Cl)Cl
D03946,CC1CCN(CC1)C(=O)CSC2=NN=C3N2C4=CC=CC=C4C(=O)N3CC5=CC=CC=C5OC
D03947,C#CCNC(=O)N1CCN(CC1)C2=CC=C(C=C2)F
D03948,CCS(=O)(=O)C(C)C(=O)NC1=C(C=C(C(=C1)C)Cl)OC
D03949,CCCOC1=C(C=C(C=C1Cl)C=CC(=O)OC(C)C(=O)NC(=O)N)OC
D03950,CCC1=NC2=CC=CC=C2C(=C1C)C(=O)OCC(=O)NC3=C(C=CC(=C3)Cl)C
D03951,CC1CCCCC1NC(=O)COC(=O)CNS(=O)(=O)C2=CC3=C(CCCC3)C=C2
D03952,CCC1=C(SC(=C1)C(=O)OCN2C(=O)C3=CC=CC=C3N=N2)C
D03953,CCOC1=C(C=C2C(=C1)CC(O2)C)CNC(=O)CC3=CC=C(S3)S(=O)(=O)N4CCCC4
D03954,CC(C)C(C)(C#N)NC(=O)COC(=O)C1=CC2=C(C=C1)SCCC(=O)N2
D03955,CN(C)C(=O)COC(=O)C1=CC=C(S1)C2=CC=C(C=C2)Cl
D03956,C1=CC=C(C=C1)C=CCC(=S)C(=O)O
D03957,CCC1=C(SC(=C1)C(=O)OCC(=O)NC2=C(C=C(C=C2)OC)[N+](=O)[O-])C
D03958,CC1=CC=C(C=C1)C2=NOC(=C2)NC(=O)CN3CCCC3
D03959,CC1=CC=C(C=C1)C2=NC(=CS2)COC(=O)C3=CC4=C(C=C3)SCCC(=O)N4
D03960,CC(C)C1=CC=C(C=C1)CSC2=NN=C(S2)SC(C)C(=O)NC(=O)N
D03961,CC(C(=O)NC1=CC=CC=C1Cl)OC(=O)C2=CC(=CC=C2)NC(=O)C
D03962,CC1CCC2=CC=CC=C2N1C(=O)CSC3=NN=C(S3)NCC=C
D03963,CC(C)CCC(=O)OCC(=O)NC1(CCCCC1)C#N
D03964,CC(C1=CC=CS1)NC(=O)COC(=O)C2=CC3=C(C=C2)SCCC(=O)N3
D03965,CC1CCN(CC1)C(=O)COC(=O)C2=CN(N=C2C3=CC=C(C=C3)C)C4=CC=CC=C4
D03966,C1=COC(=C1)C2=NN=C(O2)COC(=O)C3=CC=C(S3)C4=CC=C(C=C4)Cl
D03967,CN(CC(=O)OCC1=CC=CC=C1Cl)S(=O)(=O)C2=CC=C(C=C2)F
D03968,CCOC(=O)C1=C(NC(=C1C(=O)COC(=O)CCC(C)C)C)C
D03969,CC1=CC(=C(C(=C1)C)C(=O)COC(=O)C2=CC3=C(C=C2)SCCC(=O)N3)C
D03970,CC1=CC=C(C=C1)C2=NN(C=C2C(=O)OC(C)C(=O)NC(=O)NC)C3=CC=CC=C3
D03971,CC(C(=O)NC1=CC=C(C=C1)F)OC(=O)COC2=CC=CC=C2Cl
D03972,CC1=CC(=C(N1C)C)C(=O)COC(=O)CNS(=O)(=O)C2=CC3=C(CCCC3)C=C2
D03973,CC1CCC2=CC=CC=C2N1C(=O)COC(=O)C3=CC=CNC3=O
D03974,CC1=CC(=CC=C1)N2C(=O)CCC(=N2)C(=O)NC3=C(C=C(C=C3)F)Cl
D03975,C1COCCN1S(=O)(=O)C2=CN=C(C=C2)SC3=NC4=CC=CC=C4S3
D03976,CCC1=NC2=CC=CC=C2C(=C1C)C(=O)OCC(=O)C3=CC4=C(CCCC4)C=C3
D03977,CC(C(=O)NC1CC1)OC(=O)CNS(=O)(=O)C2=CC3=C(CCCC3)C=C2
D03978,CC(C(=O)NC1=CC=CC=C1OC)NC2=CC3=C(CCC3)C=C2
D03979,CCC1=C(SC(=C1)C(=O)OCC(=O)NCC2=CC=C(C=C2)C(=O)OC)C
D03980,CC(C(=O)NC1=CC=CC=C1[N+](=O)[O-])OC2=CC(=CC(=C2)Cl)Cl
D03981,C1=CC=C(C(=C1)OCC(=O)OCC(=O)NC2=CC3=C(C=C2)OC(O3)(F)F)Cl
D03982,CCN(CC1=CC=CC=C1)C(=O)COC(=O)CN(C)S(=O)(=O)C2=CC=C(C=C2)F
D03983,CCC1=NC2=CC=CC=C2C(=C1C)C(=O)OCC3=CC(=CC=C3)Cl
D03984,CC1=C(C=C(C=C1)S(=O)(=O)C)C(=O)OCC2=C(C=C(C=C2)Br)F
D03985,CCC(C1=CC=C(C=C1)C)NC(=O)COC(=O)COC2=CC=CC=C2Cl
D03986,C1=CC=NC(=C1)CNS(=O)(=O)C2=CC(=C(C=C2)C#N)Cl
D03987,COCCNC(=O)N1CCN(CC1)C2=CC=CC=C2Cl
D03988,CC1CCC2=CC=CC=C2N1C(=O)CN3CCNC(=O)C3
D03989,CC(C(=O)C1=CC=C(C=C1)OC)OC(=O)C2=CC3=C(C=C2)SCCC(=O)N3
D03990,C1=CC(=C(C(=C1)Cl)SCC(=O)NC2=C(C=CS2)C#N)Cl
D03991,CC(C)(C)C1=CC=C(C=C1)SCC(=O)NC2=CC=C(C=C2)C(=O)N
D03992,CC1=C(C=CC2=C1OC(=O)C=C2COC(=O)CCC(C)C)O
D03993,CC1=CC=C(C=C1)C(=O)NCC2=CC=C(C=C2)CN3CCOCC3
D03994,COC1=CC2=C(C=C1)C(=CC(=O)O2)COC(=O)C3=CC4=C(C=C3)SCCC(=O)N4
D03995,CC(C(=O)C1=CC=C(C=C1)OC)OC(=O)C2=CC3=C(C=C2)SCCC(=O)N3
D03996,CCCCCNC(=O)C(C)S(=O)(=O)CC1=NC(=NO1)C
D03997,CC(C)(C)C1=CC=C(C=C1)SCC(=O)NC2=CC=C(C=C2)C(=O)N
D03998,CC1=C(C(NC(=O)N1CCOC)C2=CC=CC=C2F)C(=O)OC
D03999,CC(C(=O)C1=CC=C(C=C1)OC)OC(=O)C2=CC3=C(C=C2)SCCC(=O)N3
D04000,CC1=CC(=NO1)NC(=O)CSC2=NC3=CC=CC=C3N2C(C)C
D04001,C1CC1CNC(=O)CS(=O)(=O)CC2=CC=C(C=C2)Br
D04002,CCCC(C(=O)NC1=NOC(=C1)C)OC(=O)C2=CC=C(C=C2)N(C)C
D04003,C1=CC=C(C(=C1)NC(=O)COC2=CC=CC=C2Br)OC(F)F
D04004,CC1=C(C=C(O1)COC(=O)C2=CC3=C(C=C2)SCCC(=O)N3)C(=O)OC
D04005,CN(CC(=O)OCC1=CC=C(O1)C(=O)OC)S(=O)(=O)C2=CC=C(C=C2)F
D04006,C1CCC(CC1)NC(=O)NC(=O)COC2=CC=CC=C2Br
D04007,CNC(=O)COC(=O)C1=CC2=C(C=C1)SCCC(=O)N2
D04008,CC1=CC=C(C=C1)C2=NC(=CS2)COC(=O)C3=CC4=C(C=C3)SCCC(=O)N4
D04009,CCC1=NC2=CC=CC=C2C(=C1C)C(=O)OCC(=O)C3=CC=CC=C3Cl
D04010,C1=CC(=CC(=C1)S(=O)(=O)N)NC(=O)COC2=CC(=CC(=C2)Cl)Cl
D04011,COC1=CC=CC=C1C(=O)NC(=O)COC(=O)C2=CC3=C(C=C2)SCCC(=O)N3
D04012,CC(C)CCC(=O)OCC(=O)NC1=C(C=CC(=C1)S(=O)(=O)N2CCCCC2)OC
D04013,CCC1=C(SC(=C1)C(=O)OCC(=O)NC2=C(C=CC=C2C(C)C)C)C
D04014,CN(C)C(=O)COC(=O)C1=CC=C(S1)C2=CC=C(C=C2)Cl
D04015,CCC(C1=CC=C(C=C1)C)NC(=O)COC(=O)COC2=CC=CC=C2Cl
D04016,C1=COC(=C1)C2=NN=C(O2)COC(=O)C3=CC=C(S3)C4=CC=C(C=C4)Cl
D04017,CCC1=C(SC(=C1)C(=O)OCC(=O)NC2=CC=CC=C2F)C
D04018,CCOC(=O)N1CCN(CC1)C(=O)COC(=O)C2=C(C=CC(=C2)S(=O)(=O)C)C
D04019,CC1=CC=C(C=C1)NC(=O)COC(=O)CNS(=O)(=O)C2=CC3=C(CCCC3)C=C2
D04020,CCCOC1=C(C=C(C=C1Cl)C=CC(=O)OCC2=CC=C(C=C2)C#N)OC
D04021,CC1=CC(=C(C(=O)N1)CNC(=O)C2=CC=CC=C2C(F)(F)F)C
D04022,CN(CC(=O)OCC(=O)NC1(CCCC1)C#N)S(=O)(=O)C2=CC=C(C=C2)F
D04023,CC(C(=O)C1=CC=C(C=C1)OC)OC(=O)C2=CC3=C(C=C2)SCCC(=O)N3
D04024,CCCCCNC(=O)C(C)S(=O)(=O)CC1=NC(=NO1)C
D04025,C1=CC=C(C(=C1)OCC(=O)NC2=CC=C(C=C2)C#N)Br
D04026,CC1=C(C=C(C=C1)S(=O)(=O)C)C(=O)OC(C)C(=O)C2=CC=C(C=C2)OC(F)F
D04027,CC(C(=O)NC1=CC=CC=C1Cl)OC(=O)C2=CC(=CC=C2)NC(=O)C
D04028,CC(C)CC(=O)N1CCN(CC1)C2=C(C(=O)N(N=C2)C3=CC=CC=C3)Cl
D04029,C1CCC2=C(C1)C=CC(=C2)S(=O)(=O)NCC(=O)OCC(=O)NC3CC3
D04030,CCC1=NC2=CC=CC=C2C(=C1C)C(=O)OC(C)C(=O)NC3=CC=CC(=C3)C
D04031,CCCOC1=CC=CC=C1NC(=O)C2=CC3=NC=CN=C3C=C2
D04032,CC1=CC=C(C=C1)C2=NN(C=C2C(=O)OCC(=O)C3=CC=CN3)C4=CC=CC=C4
D04033,CC(CN1C(=O)C2=C(C=C(C=C2)C(=O)OC)N=C1SCC(=O)N)O
D04034,C1CCC(CC1)C(=O)N2CCC3=C(C2)SC4=NC=NC(=C34)N
D04035,CC1=C(C=C(C=C1)S(=O)(=O)N2CCOCC2)NC(=O)COC(=O)CCC(C)C
D04036,CCC1=NC2=CC=CC=C2C(=C1C)C(=O)OCC(=O)NC(C)(C#N)C3CC3
D04037,CC(C)C(C(=O)NC(=O)N)OC(=O)CNS(=O)(=O)C1=CC2=C(CCCC2)C=C1
D04038,CC(C)CCC(=O)OCC(=O)NC1(CCCCC1)C#N
D04039,CC(C)(C)C1=CC=C(C=C1)SCC(=O)N2CCNC2=O
D04040,CCCOC1=C(C=C(C=C1Cl)C=CC(=O)OCC(=O)N2CC(OC(C2)C)C)OC
D04041,CC1=CC=C(C=C1)C2=NN(C=C2C(=O)OCC(=O)NC3=NOC(=C3)C)C4=CC=CC=C4
D04042,C1=CC=C(C=C1)C2=CSC(=N2)C3=CSC=C3
D04043,CC1CCN(CC1)C(=O)COC(=O)C2=CN(N=C2C3=CC=C(C=C3)C)C4=CC=CC=C4
D04044,COC1=C(C=C(C=C1)C2=NC(=CS2)C(=O)NCC(=O)OC)OC
D04045,CC(C(=O)N1CCN(CC1)S(=O)(=O)C2=CC=CC=C2)SCC3=CC(=CC=C3)Cl
D04046,C1=CC=C2C(=C1)C=CN(C2=O)CC(=O)NC3=CC=C(C=C3)OC(F)F
D04047,CCCOC1=CC=CC=C1NC(=O)C2=CC3=NC=CN=C3C=C2
D04048,CC1CCN(CC1)C(=O)COC(=O)C2=CN(N=C2C3=CC=C(C=C3)C)C4=CC=CC=C4
D04049,CCC1=NC2=CC=CC=C2C(=C1C)C(=O)OC(C)C(=O)N3C(CCCC3C)C
D04050,CC1=CC(=CC=C1)N2CCN(CC2)CC(=O)NC(=O)NC3CCCC3
D04051,CC1=C(C=C(C=C1)S(=O)(=O)C)C(=O)OCC(=O)C2=CC=C(C=C2)C3CCCCC3
D04052,CCCC1C(=O)N(C(=O)N1)CC2=CC=C(C=C2)C(=O)NC3=CC=CC=C3
D04053,CC(C)N1C(=CC=N1)NC(=O)C(C)OC(=O)C2=CC=C(S2)C3=CC=C(C=C3)Cl
D04054,CC1=C(C=C(C=C1)S(=O)(=O)C)C(=O)OCC(=O)NC2CCCC3=CC=CC=C23
D04055,C1=CC=C(C(=C1)NC(=O)COC2=CC=CC=C2Br)OC(F)F
D04056,CC(C(=O)C1=CC2=C(CCC2)C=C1)OC(=O)COC3=CC=CC=C3Cl
D04057,CC(C(=O)NC1=CC=CC=C1)OC(=O)CN(C)S(=O)(=O)C2=CC=C(C=C2)F
D04058,C1CSC2=C(C=C(C=C2)C(=O)OCC(=O)NC3=C(C(=C(C=C3)F)F)F)NC1=O
D04059,CC(C)C(C)NC(=O)COC(=O)CN(C)S(=O)(=O)C1=CC=C(C=C1)F
D04060,CCOC1=CC=CC=C1COC(=O)CN(C)S(=O)(=O)C2=CC=C(C=C2)F
D04061,C1=CC=C(C=C1)C2=CSC(=N2)C3=CSC=C3
D04062,C1CCC2=C(C1)C=CC(=C2)S(=O)(=O)NCC(=O)OCC(=O)NC3=CC=CC=C3
D04063,CC1=CC(=C(C(=C1)C)C(=O)COC(=O)C2=CC3=C(C=C2)SCCC(=O)N3)C
D04064,CC1CC2=CC=CC=C2N1C(=O)C(C)OC(=O)COC3=CC=CC=C3Cl
D04065,CC1CCN(C2=CC=CC=C2S1)C(=O)COC3=CC=CC=C3Br
D04066,C1CCC(C1)N2CC(CC2=O)C(=O)NC3=CC=C(C=C3)SC(F)F
D04067,CC(CN1C(=O)C2=C(C=C(C=C2)C(=O)OC)N=C1SC(C)C(=O)N3CCCC3)O
D04068,C1CS(=O)(=O)CC1NC(=O)COC(=O)COC2=CC=CC=C2Cl
D04069,CC(C)C(C(=O)NC(=O)N)OC(=O)CNS(=O)(=O)C1=CC2=C(CCCC2)C=C1
D04070,COC(=O)C1=CC2=C(C=C1)C(=O)N(C(=N2)SC3CCCCC3=O)CC4CCCO4
D04071,C1=CC=C(C(=C1)OCC(=O)OCC(=O)NC2=CC3=C(C=C2)OC(O3)(F)F)Cl
D04072,C1CS(=O)(=O)CC1NC(=O)COC2=CC=CC=C2Br
D04073,C1CCC2=C(C1)C=CC(=C2)S(=O)(=O)NCC(=O)OCC(=O)NC3CC3
D04074,CCC1=C(SC(=C1)C(=O)OCC(=O)NC2=C(C(=C(C=C2)F)F)F)C
D04075,CC(C(=O)C1=CC=C(C=C1)OC)OC(=O)C2=CC3=C(C=C2)SCCC(=O)N3
D04076,CC1=NC(=C(C=C1Cl)Cl)NC(=O)COC(=O)CCC(C)C
D04077,CCC1=NC2=CC=CC=C2C(=C1C)C(=O)OC(C)C(=O)NC3CC3
D04078,CC(C)CCC(=O)OCC(=O)NC1=CC=CC=C1CC2=CC=CC=C2
D04079,CCOC1=C(C=C2C(=C1)CC(O2)C)CNC(=O)CC3=CC=C(S3)S(=O)(=O)N4CCCC4
D04080,C1=CC=C(C=C1)OC2=CC=CC=C2COC(=O)COC3=CC=CC=C3Cl
D04081,CC(C)(C)C1=CC=C(C=C1)SCC(=O)NN2C(=O)C3(CCCCC3)NC2=O
D04082,CC(C)(C)NC(=O)CSC1=NN=NN1CC2CCCO2
D04083,C1CCC(CC1)[NH2+]CC2=C(C=CC=C2Cl)Cl
D04084,CC1CCC2=CC=CC=C2N1C(=O)CSC3=NN=C(S3)NCC=C
D04085,CCC1=NC2=CC=CC=C2C(=C1C)C(=O)OC(C)C(=O)NC3=C(C(=C(C=C3)F)F)F
D04086,C1CCC2=C(C1)C=CC(=C2)S(=O)(=O)NCC(=O)OCC(=O)NC3CC3
D04087,CC(C)C(C)NC(=O)CSC1=CC=C(C=C1)[N+](=O)[O-]
D04088,CCCCC1=NOC(=N1)CS(=O)(=O)CC(=O)N
D04089,CC1=CC=C(C=C1)NC(=O)COC(=O)CNS(=O)(=O)C2=CC3=C(CCCC3)C=C2
D04090,CC1=CC=CC=C1C=CC(=O)OCC(=O)NC(=O)NC(C)C
D04091,CC1=CC=C(C=C1)C2=NN(C=C2C(=O)OCC(=O)NC3=NOC(=C3)C)C4=CC=CC=C4
D04092,CC(C(=O)NC(=O)NC)SC1=CC=C(C=C1)C(C)(C)C
D04093,CCCOC1=CC=CC=C1NC(=O)C2=CC3=NC=CN=C3C=C2
D04094,C1=CC=C(C=C1)C=CCC(=S)C(=O)O
D04095,COC(=O)C1=CC2=C(C=C1)C(=O)N(C(=N2)SCC#N)CC3CCCO3
D04096,CC(C(=O)NC1=CC=CC=C1OC)SC2=CC=C(C=C2)C(C)(C)C
D04097,C#CCNC(=O)N1CCN(CC1)C2=CC=C(C=C2)F
D04098,CC(C)CCC(=O)OCC(=O)NC1=CC(=CC=C1)S(=O)(=O)N(C)C2=CC=CC=C2
D04099,CC1=CC(=C(C(=C1)C)C(=O)COC(=O)C2=CC3=C(C=C2)SCCC(=O)N3)C
D04100,CC1(C(=O)N(C(=O)N1)CC2=CC(=CC=C2)Br)C3=CC=CC=C3
D04101,C1CC(=O)N(C1)C2=CC=C(C=C2)CC(=O)NC3CCSC4=CC=CC=C34
D04102,C1=CC=C(C(=C1)OCC(=O)NC2=C(C=CC(=C2)Cl)N3C=NC=N3)Br
D04103,C1=CC=C(C(=C1)NC(=O)COC2=CC=CC=C2Br)OC(F)F
D04104,CC(C)N1C(=CC=N1)NC(=O)C(C)SC2=C(C=CC=C2Cl)Cl
D04105,CC1=CC=C(C=C1)C2=NN(C=C2C(=O)OCC(=O)NC3=NOC(=C3)C)C4=CC=CC=C4
D04106,CCC1=C(SC(=C1)C(=O)OCC(=O)NC2=C(C(=C(C=C2)F)F)F)C
D04107,CN(CC(=O)OCC1=CC=CC=C1Cl)S(=O)(=O)C2=CC=C(C=C2)F
D04108,CCC1=NC2=CC=CC=C2C(=C1C)C(=O)OC(C)C(=O)NC3=CC=CC(=C3)C#N
D04109,CC1=CC(=C(N1CC2CCCO2)C)C(=O)COC3=CC=CC=C3Br
D04110,CC1=C(C=C(C=C1)S(=O)(=O)C)C(=O)OCC(=O)NC(C)C2=C(C=C(C=C2)F)F
D04111,C1=CC=C2C(=C1)C=C(S2)C(=O)NC3=CC=NC=C3
D04112,CC(C(=O)NC1=CC=C(C=C1)OC)OC(=O)C2=C(C=C(C=C2)F)N
D04113,CC(C)CCC(=O)OC(C(C)C)C(=O)NC(=O)N
D04114,CC1=C(C=C(C=C1)S(=O)(=O)C)C(=O)OCC(=O)NCC23CC4CC(C2)CC(C4)C3
D04115,CC1=C(C=C(C=C1)C(C)NC(=O)COC(=O)C2=CC3=C(C=C2)SCCC(=O)N3)C
D04116,CCC1=C(SC(=C1)C(=O)OCC(=O)NC2=CC=CC=C2F)C
D04117,CC(C)CCC(=O)OCC(=O)NC1=CC(=NN1C)C2=CC=C(C=C2)Cl
D04118,CC(C)(C)C1=CC=C(C=C1)SCC(=O)NC2=CC=C(C=C2)C(=O)N
D04119,COC1=C(C=C(C=C1)COC(=O)CNS(=O)(=O)C2=CC3=C(CCCC3)C=C2)F
D04120,C1CCC2=C(C1)C=CC(=C2)S(=O)(=O)NCC(=O)OCC(=O)NC3CC3
D04121,CCNC(=O)NC(=O)COC(=O)C1=C(C=CC(=C1)S(=O)(=O)C)C
D04122,C1=CC=C(C(=C1)OCC(=O)NC2=CC=C(C=C2)C#N)Br
D04123,CC(C)(C)C1=CC=C(C=C1)SCN2C(=O)C3=CC=CC=C3N=N2
D04124,C#CCNC(=O)N1CCN(CC1)C2=CC=C(C=C2)F
D04125,CCC1=CC(=C(C=C1)CC)C(=O)COC(=O)C2=C(C=CC(=C2)S(=O)(=O)C)C
D04126,CC1=CC=C(C=C1)C2=NOC(=C2)NC(=O)CN3CCCC3
D04127,C1=CC=C(C(=C1)NC(=O)COC2=CC=CC=C2Br)OC(F)F
D04128,CC(C(=O)NCC1=CC=CO1)OC(=O)C2=CC=C(S2)C3=CC=C(C=C3)Cl
D04129,CC(C)(C)C1=CC=C(C=C1)SCC(=O)NC2=CC=C(C=C2)C(=O)N
D04130,CCN(CC1=CC=CC=C1)C(=O)COC(=O)CN(C)S(=O)(=O)C2=CC=C(C=C2)F
D04131,CC(C)(C)C1=CC=C(C=C1)SCC(=O)NC2=CC(=CC=C2)S(=O)(=O)N(C)C
D04132,CC(=O)C1=CC2=C(C=C1NC(=O)CSC3=C(C=CC=C3Cl)Cl)OCO2
D04133,CCCCCNC(=O)C(C)S(=O)(=O)CC1=NC(=NO1)C
D04134,CC1=CC(=C(N1C2CCS(=O)(=O)C2)C)C(=O)CSC3=CC=C(C=C3)C(C)(C)C
D04135,CCOC1=C(C=C2C(=C1)CC(O2)C)CNC(=O)CC3=CC=C(S3)S(=O)(=O)N4CCCC4
D04136,CC1=C(C=C(C=C1)C(=O)OCC(=O)NC2=CC=C(C=C2)SC)O
D04137,CC1CCCCC1NC(=O)NC(=O)COC2=CC=CC=C2Br
D04138,CCCOC1=C(C=C(C=C1Cl)C=CC(=O)OCC2=NN=C(O2)C3=CC=CO3)OC
D04139,CCCOC1=CC=CC=C1NC(=O)C2=CC3=NC=CN=C3C=C2
D04140,CC(C)C(C(=O)NC(=O)N)OC(=O)CNS(=O)(=O)C1=CC2=C(CCCC2)C=C1
D04141,CCC1=C(SC(=C1)C(=O)OCC(=O)NCC2=CC=C(C=C2)C(=O)OC)C
D04142,COC1=CC2=C(C=C1)C(=CC(=O)O2)COC(=O)C3=CC4=C(C=C3)SCCC(=O)N4
D04143,C1=CC=C(C(=C1)NC(=O)COC2=CC=CC=C2Br)OC(F)F
D04144,CC1=C(C=C(C=C1)S(=O)(=O)NC(C2=CC=CC=C2)C3=NC=CN3C)C
D04145,CCC1=NC2=CC=CC=C2C(=C1C)C(=O)OC(C)C(=O)NCCC3=CCCCC3
D04146,CC1=CC=C(C=C1)OCCOC(=O)CN(C)S(=O)(=O)C2=CC=C(C=C2)F
D04147,CC(C(=O)NC1=CC=CC=C1)OC(=O)CN(C)S(=O)(=O)C2=CC=C(C=C2)F
D04148,CC(C(=O)NC1=CC=CC=C1[N+](=O)[O-])OC2=CC(=CC(=C2)Cl)Cl
D04149,CC1=C(C=C(C=C1)S(=O)(=O)C)C(=O)OCC(=O)C2=CC=C(C=C2)C3CCCCC3
D04150,CC1=CC(=C(C(=O)N1)CNC(=O)C2=CC=CC=C2C(F)(F)F)C
D04151,CC1=CC(=C(C(=O)N1)CNC(=O)C2=CC=CC=C2C(F)(F)F)C
D04152,CC(C(=O)NCC1=CC=CO1)OC(=O)C2=CC3=C(C=C2)SCCC(=O)N3
D04153,CCC1=NC2=CC=CC=C2C(=C1C)C(=O)OC(C)C(=O)N3C(CCCC3C)C
D04154,CCC1=C(SC(=C1)C(=O)OCC(=O)C(=C2NC3=CC=CC=C3N2)C#N)C
D04155,CCC1=NC2=CC=CC=C2C(=C1C)C(=O)OCC(=O)C3=CC=CC=C3Cl
D04156,CCN(CC1=CC=CC=C1)C(=O)COC(=O)C2=CC3=C(C=C2)SCCC(=O)N3
D04157,CCNC(=O)NC(=O)COC(=O)C1=C(C=CC(=C1)S(=O)(=O)C)C
D04158,CC(C)CCC(=O)OCC(=O)NC1=CC=CC=C1CC2=CC=CC=C2
D04159,CCC1=C(SC(=C1)C(=O)OCC(=O)NC2=C(C=CC=C2C(C)C)C)C
D04160,CCC1=CC=CC=C1NC(=O)CNC(=O)C2=CC(=CC=C2)NC(=O)C
D04161,CC(C)CCC(=O)OC(C(C)C)C(=O)NC(=O)N
D04162,CC1=C(C=C(C=C1)S(=O)(=O)C)C(=O)OCC(=O)N(C)C
D04163,COC(=O)C1=CC2=C(C=C1)C(=O)N(C(=N2)SCC#N)CC3CCCO3
D04164,COC1=CC=CC=C1C(=O)NC(=O)COC(=O)C2=CC3=C(C=C2)SCCC(=O)N3
D04165,COC1=CC=C(C=C1)CCNC(=O)COC2=CC=CC=C2Br
D04166,CC(C(=O)NC1=CC=CC=C1[N+](=O)[O-])OC2=CC(=CC(=C2)Cl)Cl
D04167,CCC1=C(SC(=C1)C(=O)OCC(=O)NC2=CC=CC=C2F)C
D04168,CCN(CC1=CC=CC=C1)C(=O)COC(=O)C2=CC3=C(C=C2)SCCC(=O)N3
D04169,C1=CC=C(C(=C1)NC(=O)COC2=CC=CC=C2Br)OC(F)F
D04170,C1=CC=C(C(=C1)OCC(=O)NC2=C(C=CC(=C2)Cl)N3C=NC=N3)Br
D04171,CC(C(=O)NC1=CC=CC2=CC=CC=C21)OC(=O)COC3=CC=CC=C3Cl
D04172,C1C2CC3CC1CC(C2)(C3)CNC(=O)COC4=CC=CC=C4Br
D04173,C1COCCN1S(=O)(=O)C2=CN=C(C=C2)SC3=NC4=CC=CC=C4S3
D04174,C1=CC=C(C(=C1)OCC(=O)NC2=C(C=CC=C2Cl)Cl)Br
D04175,CC(C)C(C)(C#N)NC(=O)COC1=CC=CC=C1Br
D04176,C1CS(=O)(=O)CC1NC(=O)COC(=O)COC2=CC=CC=C2Cl
D04177,CNC(=O)COC(=O)C1=CC2=C(C=C1)SCCC(=O)N2
D04178,CC1=C(C=C(C=C1)S(=O)(=O)C)C(=O)OCC(=O)NC(C)C2=C(C=C(C=C2)F)F
D04179,CCC1=C(SC(=C1)C(=O)OCC(=O)NC2=CC=CC=C2F)C
D04180,CC(C(=O)N)SC1=NC2=C(C=CC(=C2)C(=O)OC)C(=O)N1CC3CCCO3
D04181,CC1=CC(=C(C(=O)N1)CNC(=O)C2=CC=CC=C2C(F)(F)F)C
D04182,CC1=C(C(=C(C=C1)[N+](=O)[O-])NC(=O)COC(=O)COC2=CC=CC=C2Cl)C
D04183,CC(C(=O)NC1=CC=CC=C1Cl)OC(=O)C2=CC(=CC=C2)NC(=O)C
D04184,CC1=CC(=C(C(=C1)C)C(=O)COC(=O)C2=CC3=C(C=C2)SCCC(=O)N3)C
D04185,CC(C(=O)C1=CC=C(C=C1)OC)OC(=O)C2=CC3=C(C=C2)SCCC(=O)N3
D04186,CCNC1=NN=C(S1)SCC(=O)N(CCOC)CC2=CC=CS2
D04187,CC(C(=O)C1=CC=C(C=C1)OC)OC(=O)C2=CC3=C(C=C2)SCCC(=O)N3
D04188,CC(C)(C)C1=CC=C(C=C1)SCC(=O)NNC(=O)C2=CC=CC=C2
D04189,CC(CN1C(=O)C2=C(C=C(C=C2)C(=O)OC)N=C1SC(C)C(=O)N3CCCC3)O
D04190,CCOC(=O)C1=C(SC(=C1CSC2=CC=C(C=C2)C(C)(C)C)C(=O)NC)N
D04191,C1=CC=C(C(=C1)OCC(=O)OCC(=O)NC2=CC3=C(C=C2)OC(O3)(F)F)Cl
D04192,CC(C(=O)NCC1=CC=CO1)OC(=O)C2=CC=C(S2)C3=CC=C(C=C3)Cl
D04193,CC1CCN(CC1)C(=O)COC(=O)C2=CN(N=C2C3=CC=C(C=C3)C)C4=CC=CC=C4
D04194,CC1=CC=C(C=C1)C2=NN(C=C2C(=O)OC(C)C(=O)NC(=O)NC)C3=CC=CC=C3
D04195,CCC1=C(SC(=C1)C(=O)OCC(=O)NCC2=CC=C(C=C2)C(=O)OC)C
D04196,CC(C)C(C(=O)NC(=O)N)OC(=O)C1=CC=C(S1)C2=CC=C(C=C2)Cl
D04197,CCC1=C(SC(=C1)C(=O)OCC(=O)NC2=CC=CC=C2F)C
D04198,C1=CC=C2C(=C1)C=C(S2)C(=O)NC3=CC=NC=C3
D04199,CCCOC1=CC=CC=C1NC(=O)C2=CC3=NC=CN=C3C=C2
D04200,C1=CNC(=C1)C(=O)COC(=O)C2=C(C=C(C=C2)F)Br
D04201,CC(C(=O)C1=CC=C(C=C1)OC)OC(=O)C2=CC3=C(C=C2)SCCC(=O)N3
D04202,C1=CC=NC(=C1)CCNC(=O)CCC2=NC(=NO2)C3=CC=C(C=C3)F
D04203,CC(C)(C)C1=CC=C(C=C1)SCN2C(=O)C3=CC=CC=C3N=N2
D04204,CC1CCC2=CC=CC=C2N1C(=O)COC(=O)C3=CC=CNC3=O
D04205,CCCOC1=CC=CC=C1NC(=O)C2=CC3=NC=CN=C3C=C2
D04206,CC1=C(C=C(C=C1)S(=O)(=O)N2CCOCC2)NC(=O)COC(=O)CCC(C)C
D04207,CN(CC(=O)OCC1=CC=CC=C1Cl)S(=O)(=O)C2=CC=C(C=C2)F
D04208,CC1=CC(=C(C(=O)N1)CNC(=O)C2=C(C(=CC=C2)OC)OC)C
D04209,CCCOC1=CC=CC=C1NC(=O)C2=CC3=NC=CN=C3C=C2
D04210,CC(C1=CC=C(C=C1)S(=O)(=O)C)NC(=O)CNC(=O)C2=CC=CO2
D04211,C#CCNC(=O)N1CCN(CC1)C2=CC=C(C=C2)F
D04212,CCC1=CC=CC(=C1NC(=O)CSC2=C(C=CC=C2Cl)Cl)C
D04213,CC1=CC=C(C=C1)C(=O)NCC2=CC=C(C=C2)CN3CCOCC3
D04214,CCC1=NC2=CC=CC=C2C(=C1C)C(=O)OC(C)C(=O)NC3CCCC4=CC=CC=C34
D04215,CC1=CC=C(C=C1)NC(=O)COC(=O)CNS(=O)(=O)C2=CC3=C(CCCC3)C=C2
D04216,CC(CN1C(=O)C2=C(C=C(C=C2)C(=O)OC)N=C1SCC3=CC(=CC=C3)OC)O
D04217,CC(C)(C)C1=CC=C(C=C1)SCC(=O)NN2C(=O)C3(CCCCC3)NC2=O
D04218,CCCNC(=O)NC(=O)COC(=O)C1=CN(N=C1C2=CC=C(C=C2)C)C3=CC=CC=C3
D04219,CC(=O)NC1=C(C=CC(=C1)C(=O)COC(=O)C2=CC3=C(CCC3)C=C2)O
D04220,C1CN(CCN1CC2=CSC3=CC=CC=C32)C(=O)NCC4=CC=CC=N4
D04221,CC1CCCCC1NC(=O)COC(=O)CNS(=O)(=O)C2=CC3=C(CCCC3)C=C2
D04222,CC(C(=O)NC1=CC=CC=C1)OC(=O)CN(C)S(=O)(=O)C2=CC=C(C=C2)F
D04223,CC1=CC(=C(C(=C1)C)C(=O)COC(=O)C2=CC3=C(C=C2)SCCC(=O)N3)C
D04224,CCCOC1=C(C=C(C=C1Cl)C=CC(=O)OC(C)C(=O)NC(=O)N)OC
D04225,CC1CCCCC1NC(=O)COC(=O)CNS(=O)(=O)C2=CC3=C(CCCC3)C=C2
D04226,COC1=C(C=C(C=C1)C(=O)COC(=O)C2=CC3=C(C=C2)SCCC(=O)N3)OC
D04227,CC1=C(C=C(C=C1)S(=O)(=O)N2CCOCC2)NC(=O)COC(=O)CCC(C)C
D04228,CC1=C(C=C(C=C1)S(=O)(=O)C)C(=O)OCC(=O)NC
D04229,C1CCC(C1)NC(=O)COC(=O)C2=CC3=C(C=C2)SCCC(=O)N3
D04230,CCOC1=CC=CC=C1COC(=O)CN(C)S(=O)(=O)C2=CC=C(C=C2)F
D04231,CC(CN1C(=O)C2=C(C=C(C=C2)C(=O)OC)N=C1SCC=CC3=CC=CC=C3)O
D04232,CC(C)(C)C1=CC=C(C=C1)SCC(=O)NNC(=O)C2=CC=CC=C2
D04233,CCC1=NC2=CC=CC=C2C(=C1C)C(=O)OC(C)C(=O)N(C)CC3=CC=CC=C3
D04234,CC(C(=O)NC1=CC=C(C=C1)S(=O)(=O)N)SC2=C(C=CC=C2Cl)Cl
D04235,CCCN1C(=O)C(=CC2=CC=CC=C2F)NC1=S
D04236,CC1CCN(CC1)C(=O)COC(=O)C2=CN(N=C2C3=CC=C(C=C3)C)C4=CC=CC=C4
D04237,CC1=CC=C(C=C1)C2=NN(C=C2C(=O)OCC(=O)NC3=NOC(=C3)C)C4=CC=CC=C4
D04238,COC1=C2C(=CC=C1)SC(=N2)NC(=O)C3=C(C=CC(=C3)[N+](=O)[O-])OC
D04239,CCC1=NC2=CC=CC=C2C(=C1C)C(=O)OCC(=O)N3CCC(=N3)C4=CC=CC=C4
D04240,CC1=CC=C(C=C1)C2=NN(C=C2C(=O)OC(C)C(=O)N3CCCC3)C4=CC=CC=C4
D04241,CC(C)(C)C1=CC=C(C=C1)SCN2C(=O)C3=CC=CC=C3N=N2
D04242,CC1=CC=CC=C1C=CC(=O)OCC(=O)NC(C)C2=CC=CC=C2Br
D04243,CCC1=C(SC(=C1)C(=O)OCC(=O)NC2=C(C=CC=C2C(C)C)C)C
D04244,CC(C)CCC(=O)OCC(=O)NC1=CC(=C(C=C1)Cl)[N+](=O)[O-]
D04245,CC(C)COC1=C(C=C(C=C1Cl)C=CC(=O)OCC(=O)NC2CC2)OC
D04246,CCC1CCCCN1C(=O)COC(=O)C2=CC3=C(C=C2)SCCC(=O)N3
D04247,CN(CC1=CC=CC=C1)C(=O)COC(=O)C2=CC3=C(C=C2)SCCC(=O)N3
D04248,CC1=CN=C(S1)NC(=O)C2=CC3=C(S2)N=C4N3C=CS4
D04249,COC1=C(C=C(C=C1)COC(=O)CNS(=O)(=O)C2=CC3=C(CCCC3)C=C2)F
D04250,CC(C)CCC(=O)OCC(=O)NC1=CC(=C(C=C1)Cl)[N+](=O)[O-]
D04251,CC(C)CC(=O)N1CCN(CC1)C2=C(C(=O)N(N=C2)C3=CC=CC=C3)Cl
D04252,CC1=C(C=C(C=C1)S(=O)(=O)C)C(=O)OCC(=O)NCCC(C)C
D04253,CCC1=C(SC(=C1)C(=O)OCC(=O)NCC2=CC=C(C=C2)C(=O)OC)C
D04254,C1=CC=C(C=C1)OC2=CC=CC=C2COC(=O)COC3=CC=CC=C3Cl
D04255,CC1=CC=C(C=C1)C2=NN(C=C2C(=O)OCC3=CC=C(C=C3)C#N)C4=CC=CC=C4
D04256,CCC1=CC2=C(C=C1)C(=CC(=O)O2)COC3=CC=CC=C3Br
D04257,CC(C)(C)C1=CC=C(C=C1)SCC(=O)NC2=CC=C(C=C2)C(=O)N
D04258,CC1(C(=O)N(C(=O)N1)CC2=CC(=CC=C2)Br)C3=CC=CC=C3
D04259,CC1=CC(=C(N1C2CCS(=O)(=O)C2)C)C(=O)CSC3=CC=C(C=C3)C(C)(C)C
D04260,C1=COC(=C1)C(=O)NC2=NNC(=N2)C3=CC=C(C=C3)F
D04261,CCC1=C(SC(=C1)C(=O)OCC(=O)NCC2=CC=C(C=C2)C(=O)OC)C
D04262,CC1=CC=C(C=C1)C2=NN(C=C2C(=O)OC(C)C#N)C3=CC=CC=C3
D04263,COC(=O)C1=CC=C(C=C1)COC(=O)CNS(=O)(=O)C2=CC3=C(CCCC3)C=C2
D04264,CC1=CC(=C(C=C1)NC(=O)COC(=O)COC2=CC=CC=C2Cl)C
D04265,CC1=CC(=C(C(=C1)C)NC(=O)COC(=O)COC2=CC=CC=C2Cl)C
D04266,CC(C(=O)NC1=CC=CC=C1)OC(=O)CN(C)S(=O)(=O)C2=CC=C(C=C2)F
D04267,CC(C(=O)C1=CC=C(C=C1)OC)OC(=O)C2=CC3=C(C=C2)SCCC(=O)N3
D04268,CC(C(=O)NC1CCCC1)OC(=O)CN(C)S(=O)(=O)C2=CC=C(C=C2)F
D04269,CCC1=CC=CC=C1NC(=O)CNC(=O)C2=CC(=CC=C2)NC(=O)C
D04270,C1CCC(C1)N2CC(CC2=O)C(=O)NC3=CC=C(C=C3)SC(F)F
D04271,CCC1=NC2=CC=CC=C2C(=C1C)C(=O)OCC(=O)C3=CC=CC=C3Cl
D04272,CC1=C(C=C(C=C1)S(=O)(=O)C)C(=O)OCC(=O)NCC23CC4CC(C2)CC(C4)C3
D04273,CCOC1=CC=CC2=C1OC(=C2)C(C)NC(=O)CNC(=O)CC34CC5CC(C3)CC(C5)C4
D04274,CC(C12CC3CC(C1)CC(C3)C2)NC(=O)COC(=O)COC4=CC=CC=C4Cl
D04275,C1=CC=C(C(=C1)OCC(=O)NC2=C(C=CC=C2Cl)Cl)Br
D04276,CCC1=NC2=CC=CC=C2C(=C1C)C(=O)OCC(=O)NC(C)(C#N)C3CC3
D04277,CCC1=C(SC(=C1)C(=O)OCC(=O)NC2=CC=C(C=C2)[N+](=O)[O-])C
D04278,CC(C)CCC(=O)OCC(=O)NC1=CC=CC=C1C(=O)NC2=CC=CC=C2
D04279,COC(=O)C1=CC2=C(C=C1)C(=O)N(C(=N2)SCC#N)CC3CCCO3
D04280,CCC1=C(SC(=C1)C(=O)OCC(=O)C(=C2NC3=CC=CC=C3N2)C#N)C
D04281,CC(C(=O)C1=CC=C(C=C1)OC)OC(=O)C2=CC3=C(C=C2)SCCC(=O)N3
D04282,CCC1CCCCN1C(=O)CN2C(=O)C(NC2=O)(C)C3=CC=C(C=C3)OC
D04283,CC(C)(C)C1=CC=C(C=C1)SCC(=O)NC2=CC=C(C=C2)C(=O)N
D04284,CC1=CN=C(C=C1)NC(=O)CCC2=CNC3=CC=CC=C32
D04285,CN(CC1=CC=CC=C1)C(=O)COC(=O)C2=CC3=C(C=C2)SCCC(=O)N3
D04286,C1C(=O)NC2=CC=CC=C2N1C(=O)COC3=CC=CC=C3Br
D04287,CNC(=O)COC(=O)C1=CC2=C(C=C1)SCCC(=O)N2
D04288,C1CN(CCN1C2=CC=CC=C2)C(=O)NCC3=CC=CC=N3
D04289,CC1=C(C=C(C=C1)S(=O)(=O)NC(C2=CC=CC=C2)C3=NC=CN3C)C
D04290,CCC1=C(SC(=C1)C(=O)OCC(=O)NC2=CC=C(C=C2)C(=O)OCC)C
D04291,CC1CCN(CC1)C(=O)COC(=O)C2=CN(N=C2C3=CC=C(C=C3)C)C4=CC=CC=C4
D04292,CCCOC1=CC=CC=C1NC(=O)C2=CC3=NC=CN=C3C=C2
D04293,CC1=CC=C(C=C1)C2=NN(C=C2C(=O)OC(C)C(=O)NC(=O)NC)C3=CC=CC=C3
D04294,CC(C)CCC(=O)OCC(=O)NC1(CCCCC1)C#N
D04295,CCCOC1=C(C=C(C=C1Cl)C=CC(=O)OC(C)C(=O)NC2CC2)OC
D04296,COC(=O)C1=CC=C(C=C1)COC(=O)CNS(=O)(=O)C2=CC3=C(CCCC3)C=C2
D04297,CC1=CC2=C(C=C1C)OC(=O)C=C2COC(=O)COC3=CC=CC=C3Cl
D04298,CC1=CC=C(C=C1)C2=NN(C=C2C(=O)OCC(=O)C3=CC=C(C=C3)F)C4=CC=CC=C4
D04299,COCCNC(=O)N1CCN(CC1)C2=CC=CC=C2Cl
D04300,CCOC1=C(C=C2C(=C1)CC(O2)C)CNC(=O)CC3=CC=C(S3)S(=O)(=O)N4CCCC4
D04301,CC(C)(C)C1=CC=C(C=C1)SCN2C(=O)C3=CC=CC=C3N=N2
D04302,C1=CC=C(C(=C1)OCC(=O)OCC(=O)NCC2=CC(=CC=C2)Cl)Cl
D04303,CC(C)C(C(=O)NC(=O)N)OC(=O)COC1=CC=CC=C1Cl
D04304,CCC1=NC2=CC=CC=C2C(=C1C)C(=O)OCC(=O)NC3=CC=CC=C3C(C)CC
D04305,C#CCNC(=O)N1CCN(CC1)C2=CC=C(C=C2)F
D04306,CCC1=NC2=CC=CC=C2C(=C1C)C(=O)OCC3=CC4=C(C=C3)OCO4
D04307,CC1=CC(=C(C(=C1)C)C(=O)COC(=O)C2=CC3=C(C=C2)SCCC(=O)N3)C
D04308,C1=CSC(=C1)C[NH2+]C(CO)(CO)CO
D04309,CC(CN1C(=O)C2=C(C=C(C=C2)C(=O)OC)N=C1SCC(=O)N)O
D04310,C1CC2=C(C1)C=C(C=C2)NC(=O)COC(=O)COC3=CC=CC=C3Cl
D04311,CCCOC1=CC=CC=C1NC(=O)C2=CC3=NC=CN=C3C=C2
D04312,CC1=C(C=C(C=C1)S(=O)(=O)N2CCOCC2)NC(=O)COC(=O)CCC(C)C
D04313,C1=CC=C2C(=C1)C(C3=CC=CC=C32)OC(=O)COC4=CC=CC=C4Cl
D04314,CCC1=CC=CC=C1NC(=O)COC(=O)COC2=CC=CC=C2Cl
D04315,CCC1=NC2=CC=CC=C2C(=C1C)C(=O)OC(C)C(=O)NC(C)CCC3=CC=CC=C3
D04316,CC(C)CCC(=O)OCC(=O)NC1=CC(=CC=C1)S(=O)(=O)N(C)C2=CC=CC=C2
D04317,COCCNC(=O)N1CCN(CC1)C2=CC=CC=C2Cl
D04318,C#CCNC(=O)N1CCN(CC1)C2=CC=C(C=C2)F
D04319,CC1=CC(=C(N1CC2CCCO2)C)C(=O)COC3=CC=CC=C3Br
D04320,CC(CN1C(=O)C2=C(C=C(C=C2)C(=O)OC)N=C1SCC(=O)N)O
D04321,CC1CCN(CC1)C(=O)COC(=O)C2=CN(N=C2C3=CC=C(C=C3)C)C4=CC=CC=C4
D04322,CC(C)N1C(=CC=N1)NC(=O)C(C)SC2=C(C=CC=C2Cl)Cl
D04323,CC1CCCCC1NC(=O)COC(=O)C2=C(C=CC(=C2)S(=O)(=O)C)C
D04324,CC1=C(OC2=C1C=C(C=C2)OC)C(=O)NC3=CC(=NN3C)C(C)(C)C
D04325,CC(C)(C)C1=CC=C(C=C1)SCN2C(=O)C3=CC=CC=C3N=N2
D04326,CC1CCCC(C1C)NC(=O)C(C)OC(=O)CN(C)S(=O)(=O)C2=CC=C(C=C2)F
D04327,CC1CCCCC1NC(=O)COC(=O)CNS(=O)(=O)C2=CC3=C(CCCC3)C=C2
D04328,C1=CSC(=C1)C[NH2+]C(CO)(CO)CO
D04329,CN(C)S(=O)(=O)C1=CC=CC(=C1)NC(=O)COC2=CC=CC=C2Br
D04330,CCC1=C(SC(=C1)C(=O)OCC(=O)NCC2=CC=C(C=C2)C(=O)OC)C
D04331,CC1=CC=C(C=C1)NC(=O)COC(=O)CNS(=O)(=O)C2=CC3=C(CCCC3)C=C2
D04332,CC1=CC(=C(N1CC2CCCO2)C)C(=O)COC3=CC=CC=C3Br
D04333,CCC1=NC2=CC=CC=C2C(=C1C)C(=O)OC(C)C(=O)N3C(CCCC3C)C
D04334,CC(C)N1C(=CC=N1)NC(=O)C(C)SC2=C(C=CC=C2Cl)Cl
D04335,CC(C(=O)NC1CCCC1)OC(=O)CN(C)S(=O)(=O)C2=CC=C(C=C2)F
D04336,CC(C)(C)C1=CC=C(C=C1)SCC(=O)NCCC#N
D04337,C1CCC2=C(C1)C=CC(=C2)S(=O)(=O)NCC(=O)OCC(=O)NC3CC3
D04338,CC1=C(C=C(C=C1)S(=O)(=O)C)C(=O)OCC(=O)NCCC(C)C
D04339,CCC1=CC(=C(C=C1)CC)C(=O)COC(=O)C2=C(C=CC(=C2)S(=O)(=O)C)C
D04340,COC1=CC=CC(=C1)C2=NOC(=N2)COC(=O)C3=CC4=C(C=C3)SCCC(=O)N4
D04341,CC1CC2=CC=CC=C2N1C(=O)C(C)OC(=O)COC3=CC=CC=C3Cl
D04342,CC1=CC(=C(C=C1NC(=O)CSC2=CC=C(C=C2)C(C)(C)C)OC)[N+](=O)[O-]
D04343,CC(C(=O)NCC1=CC=CO1)OC(=O)C2=CC3=C(C=C2)SCCC(=O)N3
D04344,CC(C)C1=NN=C(S1)NC(=O)C=CC2=CC=CC=C2F
D04345,CC1=CC=C(C=C1)C2=NN(C=C2C(=O)OCC(=O)NC3=NOC(=C3)C)C4=CC=CC=C4
D04346,CC(C(=O)NC1=CC=C(C=C1)C(=O)C)OC(=O)COC2=CC=CC=C2Cl
D04347,C1=CC=C(C(=C1)OCC(=O)NC2=C(C=CC=C2Cl)Cl)Br
D04348,C=CCNC1=NN=C(S1)SCC2=CC=CC3=C2N=CC=C3
D04349,CCCOC1=C(C=C(C=C1Cl)C=CC(=O)OCC2=CC=C(C=C2)C#N)OC
D04350,CN(CC(=O)OCC1=CC=C(O1)C(=O)OC)S(=O)(=O)C2=CC=C(C=C2)F
D04351,CC1=CC(=C(C(=C1)C)C(=O)COC(=O)C2=CC3=C(C=C2)SCCC(=O)N3)C
D04352,COC(=O)COC1=CC=C(C=C1)NC(=O)NCC2CC2
D04353,COC1=CC2=C(C=C1)C(=CC(=O)O2)COC(=O)C3=CC4=C(C=C3)SCCC(=O)N4
D04354,CC(C)C1=NN=C(N1CC2=CC=CO2)SC(C)C(=O)N3CCNC3=O
D04355,CCCOC1=CC=CC=C1NC(=O)C2=CC3=NC=CN=C3C=C2
D04356,C1=CNC(=C1)C(=O)COC(=O)C2=C(C=C(C=C2)F)Br
D04357,CC(C(=O)NC1=CC=CC2=CC=CC=C21)OC(=O)COC3=CC=CC=C3Cl
D04358,C1CN(CCN1CC2=CSC3=CC=CC=C32)C(=O)NCC4=CC=CC=N4
D04359,C1=CC=C(C(=C1)C(=O)NNC(=O)CSC2=C(C=CC=C2Cl)Cl)F
D04360,CC(CN1C(=O)C2=C(C=C(C=C2)C(=O)OC)N=C1SC(C)C(=O)N3CCCC3)O
D04361,C1=CC=C(C(=C1)OCC(=O)OCC(=O)NC2=CC3=C(C=C2)OC(O3)(F)F)Cl
D04362,C1CN(CCC1C(=O)N)C(=O)COC(=O)C2=CC=C(S2)C3=CC=C(C=C3)Cl
D04363,CC(C(=O)C1=CC=C(C=C1)OC)OC(=O)C2=CC3=C(C=C2)SCCC(=O)N3
D04364,CC1=CC(=C(C=C1)NC(=O)COC(=O)COC2=CC=CC=C2Cl)C
D04365,CC(CN1C(=O)C2=C(C=C(C=C2)C(=O)OC)N=C1SC(C)C(=O)N3CCCC3)O
D04366,CC(C)(C)C1=CC=C(C=C1)SCC(=O)NCCC2=CC(=C(C=C2)OC)OC
D04367,CC(C)(C)C1=CC=C(C=C1)SCC(=O)NN2C(=O)C3(CCCCC3)NC2=O
D04368,CCC1=NC2=CC=CC=C2C(=C1C)C(=O)OCC(=O)NC3=CC=CC=C3C(=O)N
D04369,CC(CN1C(=O)C2=C(C=C(C=C2)C(=O)OC)N=C1SC(C)C(=O)N3CCCC3)O
D04370,CC(C1=CC=C(C=C1)Br)NC(=O)COC2=CC=CC=C2Br
D04371,C1=CC=C(C(=C1)NC(=O)COC2=CC=CC=C2Br)OC(F)F
D04372,C1CCC(CC1)[NH2+]CC2=C(C=CC=C2Cl)Cl
D04373,CC1=CC=C(C=C1)NC(=O)COC(=O)CNS(=O)(=O)C2=CC3=C(CCCC3)C=C2
D04374,CC(C(=O)NC1=CC=CC=C1[N+](=O)[O-])OC2=CC(=CC(=C2)Cl)Cl
D04375,CC1CCCCN1C(=O)COC(=O)C2=CN(N=C2C3=CC=C(C=C3)C)C4=CC=CC=C4
D04376,C1=CC=C(C(=C1)NC(=O)COC2=CC=CC=C2Br)OC(F)F
D04377,C1=CC=C(C(=C1)NC(=O)COC2=CC=CC=C2Br)OC(F)F
D04378,COC1=C(C=C(C=C1)F)COC(=O)C2=CC3=C(C=C2)SCCC(=O)N3
D04379,CCC1=C(SC(=C1)C(=O)OCC(=O)NCC2=CC=C(C=C2)C(=O)OC)C
D04380,CCC1=NC2=CC=CC=C2C(=C1C)C(=O)OC(C)C(=O)NC3CC3
D04381,CC(C(=O)NC1=CC=CC=C1[N+](=O)[O-])OC2=CC(=CC(=C2)Cl)Cl
D04382,CCCC(C(=O)NC1=NOC(=C1)C)OC(=O)C2=CC=C(C=C2)N(C)C
D04383,CCOC1=C(C=C2C(=C1)CC(O2)C)CNC(=O)CC3=CC=C(S3)S(=O)(=O)N4CCCC4
D04384,CC1CCC2=CC=CC=C2N1C(=O)COC(=O)C3=CC=CNC3=O
D04385,CCC1=C(SC(=C1)C(=O)OCC(=O)NC2=C(C=CC=C2C(C)C)C)C
D04386,CC1=CC(=NO1)NC(=O)COC(=O)C=CC2=CC(=C(C(=C2)Cl)OCC(C)C)OC
D04387,CC(C)CC(=O)N1CCN(CC1)C2=C(C(=O)N(N=C2)C3=CC=CC=C3)Cl
D04388,CC(C)CCC(=O)OCC1=NC2=C(C(=CS2)C3=CC=CC=C3)C(=O)N1CC#N
D04389,CCC(C1=CC=C(C=C1)C)NC(=O)COC(=O)COC2=CC=CC=C2Cl
D04390,C1=CSC(=C1)C[NH2+]C(CO)(CO)CO
D04391,CC1=CC(=C(C(=O)N1)CNC(=O)C2=C(C(=CC=C2)OC)OC)C
D04392,CC(C(=O)N1CCCC1)OC(=O)CN(C)S(=O)(=O)C2=CC=C(C=C2)F
D04393,C1=CC=C(C(=C1)NC(=O)COC2=CC=CC=C2Br)OC(F)F
D04394,CC1CCCC(N1C(=O)COC(=O)C2=CC3=C(C=C2)SCCC(=O)N3)C
D04395,CCNC(=O)NC(=O)COC(=O)C1=C(C=CC(=C1)S(=O)(=O)C)C
D04396,C1CSC2=C(C=C(C=C2)C(=O)OCC(=O)NC3=C(C(=C(C=C3)F)F)F)NC1=O
D04397,C#CCNC(=O)N1CCN(CC1)C2=CC=C(C=C2)F
D04398,C1CCC2(CC1)CC(=O)N(C2=O)CC(=O)C3=CC4=CC=CC=C4C=C3
D04399,C1CN(CCN1C2=CC=CC=C2)C(=O)NCC3=CC=CC=N3
D04400,CCOC(=O)C1=C(SC(=C1CSC2=CC=C(C=C2)C(C)(C)C)C(=O)NC)N
D04401,CC1=C(SC(=N1)C2=CC=C(C=C2)F)C(=O)NCC(=O)NC(C)(C)C
D04402,CC1=C(C=CC(=C1)NC(=O)COC(=O)CCC(C)C)Br
D04403,CC1=CC=C(C=C1)C(=O)NCC2=CC=C(C=C2)CN3CCOCC3
D04404,C1CS(=O)(=O)CC1NC(=O)COC(=O)C2=CC=C(S2)C3=CC=C(C=C3)Cl
D04405,CCC1=NC2=CC=CC=C2C(=C1C)C(=O)OC(C)C(=O)N3C(CCCC3C)C
D04406,COC1=C(C=C(C=C1)C(=O)COC(=O)C2=CC3=C(C=C2)SCCC(=O)N3)OC
D04407,CC1=CC=C(C=C1)NC(=O)COC(=O)CNS(=O)(=O)C2=CC3=C(CCCC3)C=C2
D04408,CC1=C(C=C(C=C1)S(=O)(=O)C)C(=O)OC(C)C(=O)C2=CC=C(C=C2)OC(F)F
D04409,CC(CN1C(=O)C2=C(C=C(C=C2)C(=O)OC)N=C1SCC=CC3=CC=CC=C3)O
D04410,CN(CC(=O)OCC1=CC=CC=C1Cl)S(=O)(=O)C2=CC=C(C=C2)F
D04411,C1CSC2=C(C=C(C=C2)C(=O)OCC(=O)NC3=CC=CC=C3C#N)NC1=O
D04412,CCNC(=O)NC(=O)COC(=O)CNS(=O)(=O)C1=CC2=C(CCCC2)C=C1
D04413,CC(CN1C(=O)C2=C(C=C(C=C2)C(=O)OC)N=C1SCC=CC3=CC=CC=C3)O
D04414,C1CSC2=C(C=C(C=C2)C(=O)OCC(=O)NC3=C(C=CC(=C3)F)F)NC1=O
D04415,COC1=C(C=C(C=C1)COC(=O)CNS(=O)(=O)C2=CC3=C(CCCC3)C=C2)F
D04416,CCN(CC1=CC=CC=C1)C(=O)COC(=O)CN(C)S(=O)(=O)C2=CC=C(C=C2)F
D04417,CC1=CC=C(C=C1)C2=NN(C=C2C(=O)OCC3=CC=C(C=C3)C#N)C4=CC=CC=C4
D04418,C1CCC(CC1)C(=O)N2CCC3=C(C2)SC4=NC=NC(=C34)N
D04419,CC(C)CCC(=O)OCC(=O)NC1(CCCCC1)C#N
D04420,CC(CN1C(=O)C2=C(C=C(C=C2)C(=O)OC)N=C1SCC3=CC(=CC=C3)C#N)O
D04421,CCC1=NC2=CC=CC=C2C(=C1C)C(=O)OC(C)C(=O)NC3=CC=CC(=C3)C
D04422,COC(=O)C1=CC2=C(C=C1)C(=O)N(C(=N2)SC3CCCCC3=O)CC4CCCO4
D04423,CCC1=C(SC(=C1)C(=O)OCC(=O)NC2=CC=CC=C2F)C
D04424,CC1=CC=CC=C1C=CC(=O)OCC(=O)NC(C)C2=CC=CC=C2Br
D04425,C1CSC2=C(C=C(C=C2)C(=O)OCCOC3=CC=CC=C3F)NC1=O
D04426,CC1=CC(=C(C(=O)N1)CNC(=O)C2=C(C(=CC=C2)OC)OC)C
D04427,CC1=CC=C(C=C1)C(=O)NCC2=CC=C(C=C2)CN3CCOCC3
D04428,CC1=C(C2=CC=CC=C2N1)C(=O)C(C)OC(=O)CCC(C)C
D04429,C1=CC=C(C(=C1)OCC(=O)NC2=CC=C(C=C2)C#N)Br
D04430,CN(CC(=O)OCC1=CC=C(C=C1)Cl)S(=O)(=O)C2=CC=C(C=C2)F
D04431,CCCN1C(=O)C(=CC2=CC=CC=C2F)NC1=S
D04432,CC(C)C(C)(C#N)NC(=O)COC1=CC=CC=C1Br
D04433,CCC1=C(SC(=C1)C(=O)OCC(=O)NC2=CC=CC=C2F)C
D04434,C1CCC(CC1)[NH2+]CC2=C(C=CC=C2Cl)Cl
D04435,CC(C1=CC(=CC=C1)C(F)(F)F)NC(C)C(=O)NC2=CC=CC=C2OC
D04436,CCC(CC)NC(=O)COC(=O)CNS(=O)(=O)C1=CC2=C(CCCC2)C=C1
D04437,CCC1=NC2=CC=CC=C2C(=C1C)C(=O)OCC(=O)C3=CC=CC=C3Cl
D04438,CC1=CC=C(C=C1)C2=NOC(=C2)NC(=O)CN3CCCC3
D04439,CCCOC1=C(C=C(C=C1Cl)C=CC(=O)OCC2=CC=C(C=C2)C#N)OC
D04440,C1CSC2=C(C=C(C=C2)C(=O)OCC3=CC(=O)OC4=C3C=CC(=C4)O)NC1=O
D04441,C1=CC=C(C(=C1)OCC(=O)OCC(=O)NC2=CC3=C(C=C2)OC(O3)(F)F)Cl
D04442,CCC(C)(C)NC(=O)CN1CCN(CC1)C2=C(C=C(C=C2)C(=O)C)F
D04443,CC1CCCCC1NC(=O)COC(=O)CNS(=O)(=O)C2=CC3=C(CCCC3)C=C2
D04444,CCC1=C(SC(=C1)C(=O)OCC(=O)NC2=CC=C(C=C2)C#N)C
D04445,COC(=O)C1=CC=C(C=C1)COC(=O)CNS(=O)(=O)C2=CC3=C(CCCC3)C=C2
D04446,C1CSC2=C(C=C(C=C2)C(=O)OCCOC3=CC=CC=C3F)NC1=O
D04447,CCC1=C(SC(=C1)C(=O)OCC(=O)NC2=C(C=C(C=C2)OC)[N+](=O)[O-])C
D04448,CC1=C(C=C(C=C1)S(=O)(=O)C)C(=O)OCC(=O)NC2CCCC3=CC=CC=C23
D04449,CCCOC1=CC=CC=C1NC(=O)C2=CC3=NC=CN=C3C=C2
D04450,CCC1=NC2=CC=CC=C2C(=C1C)C(=O)OC(C)C3=CC=CC=C3Cl
D04451,CCCN1C(=O)C(=CC2=CC=CC=C2F)NC1=S
D04452,C1C(=O)NC2=CC=CC=C2N1C(=O)COC3=CC=CC=C3Br
D04453,CCOC(=O)C1=C(NC(=C1C(=O)COC(=O)CCC(C)C)C)C
D04454,CC1=C(C=C(C=C1)S(=O)(=O)C)C(=O)OCC(=O)NC2=CC(=C(C=C2)C)F
D04455,CCCN1C(=O)C(=CC2=CC=CC=C2F)NC1=S
D04456,CC1=C(C=C(C=C1)C(=O)OCC(=O)NC2=CC=C(C=C2)SC)O
D04457,CC(C)C(C(=O)NC(=O)N)OC(=O)COC1=CC=CC=C1Cl
D04458,CC(C)C(C)NC(=O)COC(=O)CN(C)S(=O)(=O)C1=CC=C(C=C1)F
D04459,CCCOC1=C(C=C(C=C1Cl)C=CC(=O)OCC2=CC=C(C=C2)C#N)OC
D04460,CN(CC1=CC=CC=C1)C(=O)COC(=O)C2=CC3=C(C=C2)SCCC(=O)N3
D04461,CC(CN1C(=O)C2=C(C=C(C=C2)C(=O)OC)N=C1SCC=CC3=CC=CC=C3)O
D04462,CC(C1=CC(=CC=C1)C(F)(F)F)NC(C)C(=O)NC2=CC=CC=C2OC
D04463,CC1=CC(=C(C(=O)N1)CNC(=O)C2=CC=CC=C2C(F)(F)F)C
D04464,CN1C=CN=C1C(C2=CC(=CC=C2)OC)NC3=C4C=NN(C4=NC=N3)C5=CC=C(C=C5)F
D04465,CC(C(=O)C1=CC=C(C=C1)OC)OC(=O)C2=CC3=C(C=C2)SCCC(=O)N3
D04466,CC1=CSC2=NC(=CC(=O)N12)CNC(C)C3=CC=CC=C3
D04467,CC(C)(C)C1=CC=C(C=C1)SCC(=O)NC2=CC=C(C=C2)C(=O)N
D04468,CC(C)C(C(=O)NC(=O)N)OC(=O)C1=CC=C(S1)C2=CC=C(C=C2)Cl
D04469,COC1=C(C=C(C=C1)C(=O)COC(=O)C2=CC3=C(C=C2)SCCC(=O)N3)OC
D04470,CCC1=C(SC(=C1)C(=O)OCC(=O)NC2=CC=CC=C2C(F)(F)F)C
D04471,C1=CC=C(C(=C1)NC(=O)COC2=CC=CC=C2Br)OC(F)F
D04472,CC1=CC(=C(C(=O)N1)CNC(=O)C2=C(C(=CC=C2)OC)OC)C
D04473,CC1=CC2=C(C=C1Cl)C(=CC(=O)O2)COC(=O)COC3=CC=CC=C3Cl
D04474,C1=CC=C2C(=C1)C=C(S2)C(=O)NC3=CC=NC=C3
D04475,CC1=CC(=CC=C1)N2CCN(CC2)CC(=O)NC(=O)NC3CCCC3
D04476,C1=CC=C(C(=C1)OCC(=O)NCC2=CC(=CC=C2)Cl)Br
D04477,CCC1=NC2=CC=CC=C2C(=C1C)C(=O)OC(C)C(=O)N3C(CCCC3C)C
D04478,CC1=CC=C(C=C1)OCCCC(=O)N2CCC3=CC(=C(C=C3C2CC(=O)OC)OC)OC
D04479,CC1=CC=C(C=C1)C(=O)NCC2=CC=C(C=C2)CN3CCOCC3
D04480,COC1=CC(=CC(=C1OC)OC)CNC(=O)C2=C(C=CC(=C2)Cl)Cl
D04481,CC1=CC=C(C=C1)NC(=O)COC(=O)CNS(=O)(=O)C2=CC3=C(CCCC3)C=C2
D04482,C1CCC2(CC1)CC(=O)N(C2=O)CC(=O)C3=CC4=CC=CC=C4C=C3
D04483,CCC1=NC2=CC=CC=C2C(=C1C)C(=O)OC(C)C(=O)NC3CC3
D04484,CCC1=NC2=CC=CC=C2C(=C1C)C(=O)OCC3=CC(=CC=C3)Cl
D04485,C1=CC=C(C(=C1)OCC(=O)NC2=C(C=CC=C2Cl)Cl)Br
D04486,C1=CC=C(C(=C1)CNC2=NN=N[N-]2)OCC3=CC=C(C=C3)F
D04487,CC(C)C(C)NC(=O)CSC1=CC=C(C=C1)[N+](=O)[O-]
D04488,CCC1=C(SC(=C1)C(=O)OCC(=O)NC2=C(C=CC=C2C(C)C)C)C
D04489,C#CCNC(=O)N1CCN(CC1)C2=CC=C(C=C2)F
D04490,CC(C)N1C(=CC=N1)NC(=O)C(C)OC(=O)C2=CC=C(S2)C3=CC=C(C=C3)Cl
D04491,CC1=CC=C(C=C1)C2=NN(C=C2C(=O)OCC(=O)C3=CC=CN3)C4=CC=CC=C4
D04492,CC(C)COC1=C(C=C(C=C1Cl)C=CC(=O)OCC#N)OC
D04493,CC(C(=O)C1=CC=C(C=C1)OC)OC(=O)C2=CC3=C(C=C2)SCCC(=O)N3
D04494,CC1=CC(=C(N1CC2CCCO2)C)C(=O)COC3=CC=CC=C3Br
D04495,CCC1=NC2=CC=CC=C2C(=C1C)C(=O)OCC(=O)C3=CC=CC=C3Cl
D04496,CC(C)(C)NC(=O)CSC1=NN=NN1CC2CCCO2
D04497,CC(C)(C)C1=CC=C(C=C1)SCC(=O)NC2=CC=C(C=C2)C(=O)N
D04498,CC1=CC=C(C=C1)C(=O)C(C)OC(=O)C2=CC3=C(C=C2)SCCC(=O)N3
D04499,CC1=NC(=C(C=C1Cl)Cl)NC(=O)COC(=O)CCC(C)C
D04500,CCC1=C(SC(=C1)C(=O)OCC(=O)NCC2=CC=C(C=C2)C(=O)OC)C
D04501,C1=CC=C(C(=C1)NC(=O)COC2=CC=CC=C2Br)OC(F)F
D04502,C1=CC=C2C(=C1)C=CN(C2=O)CC(=O)NC3=CC=C(C=C3)OC(F)F
D04503,CC1=CC(=C(C(=O)N1)CNC(=O)C2=CC=CC=C2C(F)(F)F)C
D04504,CC(=O)NC1=C(C=CC(=C1)C(=O)COC(=O)C2=CC3=C(CCC3)C=C2)O
D04505,CC1=CC=C(C=C1)NC(=O)CN(C)C(=O)COC(=O)COC2=CC=CC=C2Cl
D04506,CCS(=O)(=O)C(C)C(=O)NC1=C(C=C(C(=C1)C)Cl)OC
D04507,CC(C)(C)C1=CC=C(C=C1)SCN2C(=O)C3=CC=CC=C3N=N2
D04508,CC(C)CCC(=O)OCC(=O)NC(=O)C1=CC=CC=C1OC
D04509,CC1=CC=C(C=C1)NC(=O)COC(=O)CNS(=O)(=O)C2=CC3=C(CCCC3)C=C2
D04510,COC(=O)C1=CC2=C(C=C1)C(=O)N(C(=N2)SCC3CCOCO3)CC4=CC=CO4
D04511,CCOC(=O)NC(=O)COC(=O)CNS(=O)(=O)C1=CC2=C(CCCC2)C=C1
D04512,C1=CC=C(C(=C1)C(=O)NNC(=O)CSC2=C(C=CC=C2Cl)Cl)F
D04513,CC(C(=O)N1CCN(CC1)S(=O)(=O)C2=CC=CC=C2)SCC3=CC(=CC=C3)Cl
D04514,C1=CC=C(C(=C1)CNC2=NN=N[N-]2)OCC3=CC=C(C=C3)F
D04515,CCCN1C(=O)C(=CC2=CC=CC=C2F)NC1=S
D04516,CC1=CC=C(C=C1)C2=NN(C=C2C(=O)OCC(=O)C3=CC=C(C=C3)F)C4=CC=CC=C4
D04517,CCOC1=C(C=C2C(=C1)CC(O2)C)CNC(=O)CC3=CC=C(S3)S(=O)(=O)N4CCCC4
D04518,CCC1=C(SC(=C1)C(=O)OCC(=O)NC2=C(C(=C(C=C2)F)F)F)C
D04519,CC1=CC(=C(C(=O)N1)CNC(=O)C2=CC=CC=C2C(F)(F)F)C
D04520,CC(C)CCC(=O)OCC(=O)NC1=CC=CC=C1CC2=CC=CC=C2
D04521,CC1=C(C=CC(=C1)NC(=O)COC(=O)CCC(C)C)Br
D04522,C1=CC=C2C(=C1)C=C(S2)C(=O)NC3=CC=NC=C3
D04523,CC(C)C(C(=O)NC(=O)N)OC(=O)CNS(=O)(=O)C1=CC2=C(CCCC2)C=C1
D04524,C1CSC2=C(C=C(C=C2)C(=O)OCC(=O)NC3=CC=CC=C3C#N)NC1=O
D04525,C1CSC2=C(C=C(C=C2)C(=O)OCCOC3=CC=CC=C3F)NC1=O
D04526,CCC1=C(SC(=C1)C(=O)OCC(=O)NC2=C(C=C(C=C2)OC)[N+](=O)[O-])C
D04527,C1=CC=C(C(=C1)OCC(=O)OCC(=O)NC2=CC3=C(C=C2)OC(O3)(F)F)Cl
D04528,CC(C(=O)NC1=CC=CC=C1[N+](=O)[O-])OC2=CC(=CC(=C2)Cl)Cl
D04529,CC(C)(C)C1=CC=C(C=C1)SCC(=O)NC2=CC=C(C=C2)C(=O)N
D04530,CC(C#N)(C1CC1)NC(=O)COC2=CC=CC=C2Br
D04531,CC1=C(OC2=C1C=C(C=C2)OC)C(=O)NC3=CC(=NN3C)C(C)(C)C
D04532,CC1=CC(=C(N1C)C)C(=O)COC(=O)CNS(=O)(=O)C2=CC3=C(CCCC3)C=C2
D04533,C1=COC(=C1)C(=O)NC2=NNC(=N2)C3=CC=C(C=C3)F
D04534,CC(C)CCC(=O)OCC(=O)NC1(CCCCC1)C#N
D04535,CCOC1=C(C=C2C(=C1)CC(O2)C)CNC(=O)CC3=CC=C(S3)S(=O)(=O)N4CCCC4
D04536,CC(C1=CC(=CC=C1)C(F)(F)F)NC(C)C(=O)NC2=CC=CC=C2OC
D04537,C1=CC=C2C(=C1)C(=O)N(C2=O)COC(=O)COC3=CC=CC=C3Cl
D04538,CCNC1=NN=C(S1)SCC(=O)N(CCOC)CC2=CC=CS2
D04539,CC1CCCCC1NC(=O)COC(=O)CNS(=O)(=O)C2=CC3=C(CCCC3)C=C2
D04540,CCOC1=CC=CC=C1COC(=O)CN(C)S(=O)(=O)C2=CC=C(C=C2)F
D04541,CCNC(=O)NC(=O)COC(=O)C1=C(C=CC(=C1)S(=O)(=O)C)C
D04542,C1CC(C2=CC=CC=C2C1)NC(=O)COC3=CC=CC=C3Br
D04543,CC1=C(C=C(C=C1)S(=O)(=O)C)C(=O)OCC(=O)NCC23CC4CC(C2)CC(C4)C3
D04544,COC(=O)C1=CC2=C(C=C1)C(=O)N(C(=N2)SC3CCCCC3=O)CC4CCCO4
D04545,CNC(=O)COC(=O)C1=CC2=C(C=C1)SCCC(=O)N2
D04546,CN(CC1=CC=CC=C1F)C(=O)NC2=CN=CC=C2
D04547,C1=CC=C(C(=C1)NC(=O)COC2=CC=CC=C2Br)OC(F)F
D04548,COC1=C(C=C(C=C1)C(=O)COC(=O)C2=CC3=C(C=C2)SCCC(=O)N3)OC
D04549,CC(C)CCC(=O)OC(C)C(=O)NC1=CC=C(C=C1)NC(=O)C
D04550,C1=CC=C(C(=C1)C(=O)NNC(=O)CSC2=C(C=CC=C2Cl)Cl)F
D04551,CC1=CC=C(C=C1)NC(=O)COC(=O)CNS(=O)(=O)C2=CC3=C(CCCC3)C=C2
D04552,CCNC(=O)NC(=O)COC(=O)CNS(=O)(=O)C1=CC2=C(CCCC2)C=C1
D04553,CCC1=CC=CC=C1NC(=O)CNC(=O)C2=CC(=CC=C2)NC(=O)C
D04554,CCCN1C(=O)C(=CC2=CC=CC=C2F)NC1=S
D04555,CCOC1=CC=CC2=C1OC(=C2)C(C)NC(=O)CNC(=O)CC34CC5CC(C3)CC(C5)C4
D04556,CCC1=C(SC(=C1)C(=O)OCC(=O)NC2=CC(=CC=C2)[N+](=O)[O-])C
D04557,CC(C(=O)NC1=CC=CC2=CC=CC=C21)OC(=O)COC3=CC=CC=C3Cl
D04558,CC(C)CCC(=O)OCC(=O)NC1(CCCCC1)C#N
D04559,CC1CCCCC1NC(=O)COC(=O)CNS(=O)(=O)C2=CC3=C(CCCC3)C=C2
D04560,CC1=CN=C(S1)NC(=O)C2=CC3=C(S2)N=C4N3C=CS4
D04561,CC1=CC=CC=C1C=CC(=O)OC(C)C(=O)NC2=CC=C(C=C2)NC(=O)C
D04562,C1C(=O)N(C(=O)S1)CCNC(=O)COC(=O)COC2=CC=CC=C2Cl
D04563,CC(CN1C(=O)C2=C(C=C(C=C2)C(=O)OC)N=C1SCC3=CC(=CC=C3)OC)O
D04564,CC(C)C(C)NC(=O)COC(=O)CN(C)S(=O)(=O)C1=CC=C(C=C1)F
D04565,CC1=CC=C(C=C1)C2=NN(C=C2C(=O)OCC(=O)C3=CC=C(C=C3)F)C4=CC=CC=C4
D04566,CC(C(=O)NC1=C(C(=C(C=C1)F)F)F)OC(=O)COC2=CC=CC=C2Cl
D04567,CC(C(=O)NC1=CC=C(C=C1)C(=O)C)OC(=O)COC2=CC=CC=C2Cl
D04568,CC1=CC=C(C=C1)C2=NN(C=C2C(=O)OC(C)C(=O)NC(=O)NC)C3=CC=CC=C3
D04569,C1=CC=C(C(=C1)OCC(=O)NC2=CC=C(C=C2)C#N)Br
D04570,C1=CC=C2C(=C1)C(C3=CC=CC=C32)OC(=O)COC4=CC=CC=C4Cl
D04571,CCCC1C(=O)N(C(=O)N1)CC2=CC=C(C=C2)C(=O)NC3=CC=CC=C3
D04572,C1=CC=C(C(=C1)OCC(=O)NC2=C(C=CC(=C2)Cl)N3C=NC=N3)Br
D04573,CN(CC(=O)OCC1=CC(=C(C=C1)OC)F)S(=O)(=O)C2=CC=C(C=C2)F
D04574,CCC1=NC2=CC=CC=C2C(=C1C)C(=O)OC(C)C(=O)NCCC3=CCCCC3
D04575,CC(C(=O)NC1=CC=CC=C1)OC(=O)CN(C)S(=O)(=O)C2=CC=C(C=C2)F
D04576,C1CCCN(CCC1)C(=O)NC2=CN=CC=C2
D04577,CC(C)CCC(=O)OCC(=O)NC1=CC=CC=C1C(=O)NC2=CC=CC=C2
D04578,COC1=CC=C(C=C1)NC(=O)CSC2=C(C=CC=C2Cl)Cl
D04579,COCCNC(=O)N1CCN(CC1)C2=CC=CC=C2Cl
D04580,C1=CC=C(C(=C1)NC(=O)CCC(=O)C2=CC=CS2)O
D04581,CCC1=NC2=CC=CC=C2C(=C1C)C(=O)OC(C)C(=O)C3=C(NC4=CC=CC=C43)C
D04582,CC1=CC(=C(C(=O)N1)CNC(=O)C2=CC=CC=C2C(F)(F)F)C
D04583,CC1=C(OC2=C1C=C(C=C2)OC)C(=O)NC3=CC(=NN3C)C(C)(C)C
D04584,CC(C(=O)NC1=CC=C(C=C1)C(=O)N)OC2=CC(=CC(=C2)Cl)Cl
D04585,CCC1=NC2=CC=CC=C2C(=C1C)C(=O)OC(C)C(=O)NC(C)CCC3=CC=CC=C3
D04586,CC1=C(SC(=N1)C2=CC=C(C=C2)F)C(=O)NCC(=O)NC(C)(C)C
D04587,CCC1=NC2=CC=CC=C2C(=C1C)C(=O)OC(C)C(=O)N3C(CCCC3C)C
D04588,C1=CSC(=C1)CNC(=O)COC(=O)C2=CC=C(S2)C3=CC=C(C=C3)Cl
D04589,CC(C(=O)NC1=CC=CC=C1)OC(=O)CN(C)S(=O)(=O)C2=CC=C(C=C2)F
D04590,C1=CC=C2C(=C1)C(C3=CC=CC=C32)OC(=O)COC4=CC=CC=C4Cl
D04591,C1=CC=C(C(=C1)OCC(=O)OCC(=O)NC2=CC3=C(C=C2)OC(O3)(F)F)Cl
D04592,CCC1=CC=CC=C1NC(=O)COC(=O)COC2=CC=CC=C2Cl
D04593,C1CCC(C1)NC(=O)NC(=O)COC2=CC=CC=C2Br
D04594,C1CCC(CC1)C(=O)N2CCC3=C(C2)SC4=NC=NC(=C34)N
D04595,CC(C)(C)C1=CC=C(C=C1)SCC(=O)NN2C(=O)C3(CCCCC3)NC2=O
D04596,CCC1=CC2=C(C=C1)C(=CC(=O)O2)COC3=CC=CC=C3Br
D04597,COC(=O)C1=CC2=C(C=C1)C(=O)N(C(=N2)SCC#N)CC3CCCO3
D04598,CCC1=NC2=CC=CC=C2C(=C1C)C(=O)OCC(=O)NC(C)(C#N)C3CC3
D04599,CC1=CC(=C(C(=C1)C)C(=O)COC(=O)C2=CC3=C(C=C2)SCCC(=O)N3)C
D04600,CCC1=NC2=CC=CC=C2C(=C1C)C(=O)OC(C)C(=O)NCCC3=CCCCC3
D04601,CCOC1=CC=CC=C1COC(=O)CN(C)S(=O)(=O)C2=CC=C(C=C2)F
D04602,CC1=CC2=C(C=C1Cl)C(=CC(=O)O2)COC(=O)COC3=CC=CC=C3Cl
D04603,C1=CC=C(C(=C1)NC(=O)COC2=CC=CC=C2Br)OC(F)F
D04604,C1=COC(=C1)C(=O)NC2=NNC(=N2)C3=CC=C(C=C3)F
D04605,C1=CC=C(C(=C1)OCC(=O)NCC2=CC(=CC=C2)Cl)Br
D04606,CC1=C(C=C(C=C1)S(=O)(=O)N2CCOCC2)NC(=O)COC(=O)CCC(C)C
D04607,COCCNC(=O)N1CCN(CC1)C2=CC=CC=C2Cl
D04608,CCC1=C(SC(=C1)C(=O)OCC(=O)NC2=C(C=CC(=C2)[N+](=O)[O-])OC)C
D04609,COC(=O)C1=CC2=C(C=C1)C(=O)N(C(=N2)SC3CCCCC3=O)CC4=CC=CO4
D04610,CC1=C(C=C(C=C1)C(=O)OCC(=O)NC2=CC=C(C=C2)SC)O
D04611,CCOC1=CC=CC=C1COC(=O)CN(C)S(=O)(=O)C2=CC=C(C=C2)F
D04612,CN(CC(=O)OCC1=CC(=C(C=C1)OC)F)S(=O)(=O)C2=CC=C(C=C2)F
D04613,CN(CC(=O)OCC1=CC=C(O1)C(=O)OC)S(=O)(=O)C2=CC=C(C=C2)F
D04614,CC1CCCCC1NC(=O)COC(=O)CNS(=O)(=O)C2=CC3=C(CCCC3)C=C2
D04615,CCCOC1=CC=CC=C1NC(=O)C2=CC3=NC=CN=C3C=C2
D04616,CC(C)COC1=C(C=C(C=C1Cl)C=CC(=O)OC2CCCCC2=O)OC
D04617,C#CCNC(=O)N1CCN(CC1)C2=CC=C(C=C2)F
D04618,CC1=C(C=C(C=C1)S(=O)(=O)C)C(=O)OCC(=O)NCC23CC4CC(C2)CC(C4)C3
D04619,CC1CCN(CC1)C(=O)COC(=O)C2=CN(N=C2C3=CC=C(C=C3)C)C4=CC=CC=C4
D04620,CC(C)CCC(=O)OCC(=O)NC1=C(C=CC(=C1)S(=O)(=O)N2CCCCC2)OC
D04621,CC(C(=O)NC1=CC=CC=C1Cl)OC(=O)C2=CC(=CC=C2)NC(=O)C
D04622,C1=COC(=C1)C(=O)NC2=NNC(=N2)C3=CC=C(C=C3)F
D04623,C1=CC=NC(=C1)CCNC(=O)CCC2=NC(=NO2)C3=CC=C(C=C3)F
D04624,COC1=C(C=C(C=C1)F)COC(=O)C2=CC3=C(C=C2)SCCC(=O)N3
D04625,CC(C)(C)C1=CC=C(C=C1)SCC(=O)N2CCNC2=O
D04626,CCC1=C(SC(=C1)C(=O)OCC(=O)NC2=CC=C(C=C2)C(=O)OCC)C
D04627,COC(=O)C1=CC2=C(C=C1)C(=O)N(C(=N2)SCC#N)CC3CCCO3
D04628,CC1=C(C=C(C=C1)S(=O)(=O)C)C(=O)OCC(=O)C2=C(C=CC(=C2)F)OC
D04629,CCC1=C(SC(=C1)C(=O)OCC(=O)NCC2=CC=C(C=C2)C(=O)OC)C
D04630,CC1=C(C=CC(=C1)NC(=O)COC(=O)CCC(C)C)Br
D04631,CCC1=C(SC(=C1)C(=O)OCC(=O)NC2=C(C=CC=C2C(C)C)C)C
D04632,CC1=CC(=C(N1C)C)C(=O)COC(=O)CNS(=O)(=O)C2=CC3=C(CCCC3)C=C2
D04633,CC(C)(C)C1=CC=C(C=C1)SCN2C(=O)C3=CC=CC=C3N=N2
D04634,COC1=C2C(=CC=C1)SC(=N2)NC(=O)C3=C(C=CC(=C3)[N+](=O)[O-])OC
D04635,CCC1=C(SC(=C1)C(=O)OCC(=O)NC2=C(C=CC=C2C(C)C)C)C
D04636,C1=CC(=CC(=C1)Br)CNC2=NN=N[N-]2
D04637,CC(C)(C)C1=CC=C(C=C1)SCC(=O)NC2=CC=C(C=C2)C(=O)N
D04638,CC(C(=O)N)SC1=NC2=C(C=CC(=C2)C(=O)OC)C(=O)N1CC3CCCO3
D04639,CC(C(=O)NC1CCCC1)OC(=O)CN(C)S(=O)(=O)C2=CC=C(C=C2)F
D04640,CCC1=NC2=CC=CC=C2C(=C1C)C(=O)OC(C)C(=O)NC3=C(C(=C(C=C3)F)F)F
D04641,CC1=CC=C(C=C1)C2=NN(C=C2C(=O)OCC(=O)NC3=NOC(=C3)C)C4=CC=CC=C4
D04642,C1CCC2=C(C1)C=CC(=C2)S(=O)(=O)NCC(=O)OCC(=O)N3CCOCC3
D04643,CCC1=NC2=CC=CC=C2C(=C1C)C(=O)OCC(=O)N3CCC(=N3)C4=CC=CC=C4
D04644,C1=CC=C(C(=C1)C#N)NC(=O)COC(=O)C2=CC=C(S2)C3=CC=C(C=C3)Cl
D04645,CC1=CC=C(C=C1)C2=NN(C=C2C(=O)OCC3=CC4=C(C=C3)OCO4)C5=CC=CC=C5
D04646,CC1=CC=C(C=C1)OCCCC(=O)N2CCC3=CC(=C(C=C3C2CC(=O)OC)OC)OC
D04647,CC1=CC=C(C=C1)C(=O)NCC2=CC=C(C=C2)CN3CCOCC3
D04648,CC(=O)C1=CC2=C(C=C1NC(=O)CSC3=C(C=CC=C3Cl)Cl)OCO2
D04649,CC1CCCCC1NC(=O)COC(=O)CNS(=O)(=O)C2=CC3=C(CCCC3)C=C2
D04650,C1=CC=C2C(=C1)C=C(S2)C(=O)NC3=CC=NC=C3
D04651,CCCOC1=CC=CC=C1NC(=O)C2=CC3=NC=CN=C3C=C2
D04652,CCC1=NC2=CC=CC=C2C(=C1C)C(=O)OC(C)C(=O)NC3=CC=CC=C3OC
D04653,CCC1=CC=CC=C1NC(=O)CNC(=O)C2=CC(=CC=C2)NC(=O)C
D04654,C1CCC(C1)NC(=O)COC(=O)C2=CC3=C(C=C2)SCCC(=O)N3
D04655,CC1=CC=C(C=C1)C2=NN(C=C2C(=O)OCC(=O)NC3=NOC(=C3)C)C4=CC=CC=C4
D04656,CC1=CC(=C(C=C1)NC(=O)COC(=O)COC2=CC=CC=C2Cl)C
D04657,C1=CC=C(C(=C1)OCC(=O)OCC(=O)NC2=CC3=C(C=C2)OC(O3)(F)F)Cl
D04658,COCCNC(=O)N1CCN(CC1)C2=CC=CC=C2Cl
D04659,COC(=O)C1=CC=C(C=C1)COC(=O)CNS(=O)(=O)C2=CC3=C(CCCC3)C=C2
D04660,CC(C(=O)NC1=CC=CC2=CC=CC=C21)OC(=O)COC3=CC=CC=C3Cl
D04661,CC(C)(C)C1=CC=C(C=C1)SCN2C(=O)C3=CC=CC=C3N=N2
D04662,C1CSC2=C(C=C(C=C2)C(=O)OCC(=O)NC3=C(C=CC(=C3)F)F)NC1=O
D04663,CC1=CC=C(C=C1)C2=NN(C=C2C(=O)OCC(=O)NC3=NOC(=C3)C)C4=CC=CC=C4
D04664,CN(CC1=CC=CC=C1)C(=O)COC(=O)C2=CC3=C(C=C2)SCCC(=O)N3
D04665,C1COCCN1S(=O)(=O)C2=CN=C(C=C2)SC3=NC4=CC=CC=C4S3
D04666,CN(CC1=CC=C(C=C1)OC)C(=O)NC2=CN=CC=C2
D04667,CC(C)C(C(=O)NC(=O)N)OC(=O)COC1=CC=CC=C1Cl
D04668,CC1=CN=C(S1)NC(=O)C2=CC3=C(S2)N=C4N3C=CS4
D04669,CCCN1C(=O)C(=CC2=CC=CC=C2F)NC1=S
D04670,C1CCC(CC1)NC(=O)NC(=O)COC2=CC=CC=C2Br
D04671,COC1=C(C=C(C=C1)C(=O)COC(=O)C2=CC3=C(C=C2)SCCC(=O)N3)OC
D04672,CC(C(=O)NC1=CC=C(C=C1)C(=O)C)OC(=O)COC2=CC=CC=C2Cl
D04673,CCC1=NC2=CC=CC=C2C(=C1C)C(=O)OCC(=O)NC3=C(C=C(C=C3Cl)C)C
D04674,CC1=CC(=C(C=C1)F)NC(=O)C2=CC(=CC=C2)NC(=O)C
D04675,CC(C)N1C(=CC=N1)NC(=O)C(C)SC2=C(C=CC=C2Cl)Cl
D04676,CCC1=NC2=CC=CC=C2C(=C1C)C(=O)OC(C)C(=O)N3C(CCCC3C)C
D04677,CCCOC1=CC=CC=C1NC(=O)C2=CC3=NC=CN=C3C=C2
D04678,C1CN(C2=CC=CC=C21)C(=O)C3=CC=C(C=C3)N4C=NN=N4
D04679,CC1=C(C=C(C=C1)S(=O)(=O)N2CCOCC2)NC(=O)COC(=O)CCC(C)C
D04680,CC(C1=CC(=CC=C1)C(F)(F)F)NC(=O)C2=CC=C(C=C2)CNC(=O)C
D04681,CC(C(=O)NC1=CC=CC=C1OC)NC2=CC3=C(CCC3)C=C2
D04682,CC(C)CCC(=O)OCC(=O)NC1=CC(=C(C=C1)Cl)[N+](=O)[O-]
D04683,CC(C(=O)NC(=O)NC)OC(=O)COC1=CC=CC=C1Cl
D04684,C1=CC=NC(=C1)CNS(=O)(=O)C2=CC(=C(C=C2)C#N)Cl
D04685,C1=CC=C(C(=C1)NC(=O)COC2=CC=CC=C2Br)OC(F)F
D04686,CC1=CC=C(C=C1)C(=O)NCC2=CC=C(C=C2)CN3CCOCC3
D04687,CC1=C(C=C(C=C1)S(=O)(=O)C)C(=O)OCC(=O)C2=CC=C(C=C2)C3CCCCC3
D04688,C1=CC=C(C(=C1)OCC(=O)NC2=C(C=CC=C2Cl)Cl)Br
D04689,CC1=CC(=C(C(=O)N1)CNC(=O)C2=CC=CC=C2C(F)(F)F)C
D04690,COC1=C(C=C(C=C1)C(=O)COC(=O)C2=CC3=C(C=C2)SCCC(=O)N3)OC
D04691,C1=CC=C(C(=C1)NC(=O)COC2=CC=CC=C2Br)OC(F)F
D04692,COC(=O)C1=CC2=C(C=C1)C(=O)N(C(=N2)SCC3CCOCO3)CC4=CC=CO4
D04693,CCC1=NC2=CC=CC=C2C(=C1C)C(=O)OC(C)C(=O)N3C(CCCC3C)C
D04694,C1CCC(CC1)[NH2+]CC2=C(C=CC=C2Cl)Cl
D04695,CCC1=NC2=CC=CC=C2C(=C1C)C(=O)OCC3=CC(=CC=C3)Cl
D04696,CC1=C(C=C(C=C1)S(=O)(=O)N2CCCCC2)NC(=O)COC(=O)CCC(C)C
D04697,CC1=CC=CC=C1C=CC(=O)OC(C)C(=O)NC2=CC=C(C=C2)C(=O)C
D04698,CCN(CC1=CC=CC=C1)C(=O)COC(=O)CN(C)S(=O)(=O)C2=CC=C(C=C2)F
D04699,CC1=CC=C(C=C1)C2=NN(C=C2C(=O)OCC(=O)NC3=NOC(=C3)C)C4=CC=CC=C4
D04700,CCOC(=O)NC(=O)CSC1=NN=C(S1)SCC2=CC=C(C=C2)C(C)C
D04701,CCC1=C(SC(=C1)C(=O)OCC(=O)NCC2=CC=C(C=C2)C(=O)OC)C
D04702,CCC1=C(SC(=C1)C(=O)OCC(=O)NC2=CC=CC=C2C(=O)NCC(C)C)C
D04703,CC1=CC(=C(N1CC2CCCO2)C)C(=O)COC3=CC=CC=C3Br
D04704,CC(=O)NC1=C(C=CC(=C1)C(=O)COC(=O)C2=CC3=C(CCC3)C=C2)O
D04705,CCOC1=C(C=C2C(=C1)CC(O2)C)CNC(=O)CC3=CC=C(S3)S(=O)(=O)N4CCCC4
D04706,CC(C(=O)NC1=CC=CC=C1)OC(=O)CN(C)S(=O)(=O)C2=CC=C(C=C2)F
D04707,CCC1=NC2=CC=CC=C2C(=C1C)C(=O)OCC(=O)C3=CC=CC=C3Cl
D04708,CC1=C(C=C(C=C1)S(=O)(=O)C)C(=O)OCC(=O)C2=C(C=CC(=C2)F)OC
D04709,CCCN1C(=O)C(=CC2=CC=CC=C2F)NC1=S
D04710,CC(C1=CC=CS1)NC(=O)COC2=CC=CC=C2Br
D04711,CC(CN1C(=O)C2=C(C=C(C=C2)C(=O)OC)N=C1SCC=CC3=CC=CC=C3)O
D04712,COC(=O)C1=CC=C(C=C1)COC(=O)CNS(=O)(=O)C2=CC3=C(CCCC3)C=C2
D04713,COC(=O)C1=CC2=C(C=C1)C(=O)N(C(=N2)SCC#N)CC3CCCO3
D04714,C1=CC=C(C(=C1)OCC(=O)NCC2=CC(=CC=C2)Cl)Br
D04715,CC1=C(C=C(C=C1)S(=O)(=O)C)C(=O)OC(C)C2=CC=CC=C2
D04716,CC1=CN=C(S1)NC(=O)CNC(=O)C2=CC=CC=C2F
D04717,CC1=CC(=C(C(=C1)C)C(=O)COC(=O)C2=CC3=C(C=C2)SCCC(=O)N3)C
D04718,CCC1=NC2=CC=CC=C2C(=C1C)C(=O)OC(C)C(=O)NC3=C(C(=C(C=C3)F)F)F
D04719,CC(=O)NC1=C(C=CC(=C1)C(=O)COC(=O)C2=CC3=C(CCC3)C=C2)O
D04720,CCC(C)(C)NC(=O)CN1CCN(CC1)C2=C(C=C(C=C2)C(=O)C)F
D04721,C1=CC=C(C(=C1)OCC(=O)OCC(=O)NC2=CC3=C(C=C2)OC(O3)(F)F)Cl
D04722,CC1=C(C=C(C=C1)S(=O)(=O)C)C(=O)OCC(=O)N(C)C
D04723,CC(CN1C(=O)C2=C(C=C(C=C2)C(=O)OC)N=C1SC(C)C(=O)N3CCCC3)O
D04724,CN(CC(=O)OCC1=CC(=C(C=C1)OC)F)S(=O)(=O)C2=CC=C(C=C2)F
D04725,CC(C(=O)C1=CC=C(C=C1)OC)OC(=O)C2=CC3=C(C=C2)SCCC(=O)N3
D04726,CN(CC1=CC=CC=C1)C(=O)COC(=O)C2=CC3=C(C=C2)SCCC(=O)N3
D04727,CC1=CC=C(C=C1)C2=NN(C=C2C(=O)OCC(=O)C3=CC=CN3)C4=CC=CC=C4
D04728,CCC1=NC2=CC=CC=C2C(=C1C)C(=O)OC(C)C(=O)NC(C)CCC3=CC=CC=C3
D04729,CCCOC1=C(C=C(C=C1Cl)C=CC(=O)OCC2=CC=C(C=C2)C#N)OC
D04730,CC1=C(C=C(C=C1)Cl)NC(=O)CSC
D04731,CC1=CC=C(C=C1)C2=NN(C=C2C(=O)OCC(=O)NC3=NOC(=C3)C)C4=CC=CC=C4
D04732,CC(CN1C(=O)C2=C(C=C(C=C2)C(=O)OC)N=C1SCC(=O)N3CCCC3=O)O
D04733,CCC1=NC2=CC=CC=C2C(=C1C)C(=O)OC(C)C(=O)N3C(CCCC3C)C
D04734,CN(CC1=CC=CC=C1)C(=O)COC(=O)C2=CC3=C(C=C2)SCCC(=O)N3
D04735,CN(CC(=O)OCC1=CC=C(O1)C(=O)OC)S(=O)(=O)C2=CC=C(C=C2)F
D04736,COC1=CC=CC=C1C(=O)COC(=O)C2=CC3=C(C=C2)SCCC(=O)N3
D04737,CCOC1=CC=CC=C1COC(=O)CN(C)S(=O)(=O)C2=CC=C(C=C2)F
D04738,CCC1=CC=CC=C1NC(=O)COC(=O)COC2=CC=CC=C2Cl
D04739,CC(C(=O)C1=CC=C(C=C1)OC)OC(=O)C2=CC3=C(C=C2)SCCC(=O)N3
D04740,COC1=C(C=C(C=C1)C(=O)COC(=O)C2=CC3=C(C=C2)SCCC(=O)N3)OC
D04741,CCC1=CC=CC=C1NC(=O)CNC(=O)C2=CC(=CC=C2)NC(=O)C
D04742,CC(C)C(C)(C#N)NC(=O)COC(=O)C1=CC2=C(C=C1)SCCC(=O)N2
D04743,CC1CCN(C2=CC=CC=C2S1)C(=O)COC3=CC=CC=C3Br
D04744,CCC1=NC2=CC=CC=C2C(=C1C)C(=O)OC(C)C(=O)NC3=CC=CC(=C3)C
D04745,CNC(=O)COC(=O)C1=CC2=C(C=C1)SCCC(=O)N2
D04746,CCOC1=C(C=C2C(=C1)CC(O2)C)CNC(=O)CC3=CC=C(S3)S(=O)(=O)N4CCCC4
D04747,CNC(=O)COC(=O)C1=CC2=C(C=C1)SCCC(=O)N2
D04748,CC(C)C(C(=O)NC(=O)N)OC(=O)CNS(=O)(=O)C1=CC2=C(CCCC2)C=C1
D04749,CC1=CC(=C(C(=O)N1)CNC(=O)C2=CC=CC=C2C(F)(F)F)C
D04750,C#CCNC(=O)N1CCN(CC1)C2=CC=C(C=C2)F
D04751,COC1=C(C=C(C=C1)COC(=O)CNS(=O)(=O)C2=CC3=C(CCCC3)C=C2)F
D04752,CC1=CC=CC=C1C=CC(=O)OCC(=O)NC2CCCC3=CC=CC=C23
D04753,CC1CCN(CC1)C(=O)COC(=O)C2=CN(N=C2C3=CC=C(C=C3)C)C4=CC=CC=C4
D04754,CC1=C(C=C(C=C1)S(=O)(=O)C)C(=O)OC(C)C2=CC=CC=C2
D04755,C1=CC=C(C(=C1)NC(=O)COC2=CC=CC=C2Br)OC(F)F
D04756,CC1=CC=C(C=C1)C2=NN(C=C2C(=O)OCC(=O)NC(C)C(C)C)C3=CC=CC=C3
D04757,CCNC(=O)NC(=O)COC(=O)C1=C(C=CC(=C1)S(=O)(=O)C)C
D04758,CCC1=NC2=CC=CC=C2C(=C1C)C(=O)OC(C)C(=O)NC3=C(C(=C(C=C3)F)F)F
D04759,CNC(=O)COC(=O)C1=CC2=C(C=C1)SCCC(=O)N2
D04760,CC1=CC(=C(C=C1)NC(=O)COC2=CC=CC=C2Br)Cl
D04761,CC(C)N1C(=CC=N1)NC(=O)C(C)SC2=C(C=CC=C2Cl)Cl
D04762,CC1=CC(=C(C(=C1)C)C(=O)COC(=O)C2=CC3=C(C=C2)SCCC(=O)N3)C
D04763,C1=CC=C2C(=C1)C=C(S2)C(=O)NC3=CC=NC=C3
D04764,CC1=C(C=C(C=C1)NC(=O)COC(=O)C2=CC3=C(C=C2)SCCC(=O)N3)Cl
D04765,CC1=CC=C(C=C1)OCCCC(=O)N2CCC3=CC(=C(C=C3C2CC(=O)OC)OC)OC
D04766,CC(C)C(C)(C#N)NC(=O)COC1=CC=CC=C1Br
D04767,CC(C)(C)C1=CC=C(C=C1)SCC(=O)NN2C(=O)C3(CCCCC3)NC2=O
D04768,C1CCC(C1)NC(=O)NC(=O)COC2=CC=CC=C2Br
D04769,C#CCNC(=O)N1CCN(CC1)C2=CC=C(C=C2)F
D04770,CC1=C(C=C(C=C1)S(=O)(=O)C)C(=O)OCCOC2=CC=CC=C2
D04771,CC1CCCCC1NC(=O)COC(=O)CNS(=O)(=O)C2=CC3=C(CCCC3)C=C2
D04772,CC1=CC=C(C=C1)C2=NOC(=C2)NC(=O)CN3CCCC3
D04773,CNC(=O)COC(=O)C1=CC2=C(C=C1)SCCC(=O)N2
D04774,CC(C)CCC(=O)OCC(=O)NC1=CC(=NN1C)C2=CC=C(C=C2)Cl
D04775,CC(C)(C)C1=CC=C(C=C1)SCC(=O)N2CCNC2=O
D04776,C1C(=O)NC2=CC=CC=C2N1C(=O)COC3=CC=CC=C3Br
D04777,CCC1=C(SC(=C1)C(=O)OCC(=O)NC2=C(C=CC(=C2)Cl)OC)C
D04778,C1CCC2=C(C1)C=CC(=C2)S(=O)(=O)NCC(=O)OCC(=O)NC3CC3
D04779,CC1CCCCC1NC(=O)COC(=O)CNS(=O)(=O)C2=CC3=C(CCCC3)C=C2
D04780,CC1=C(C=C(C=C1)S(=O)(=O)C)C(=O)OCC(=O)NC2CCCC3=CC=CC=C23
D04781,C1COCCN1S(=O)(=O)C2=CN=C(C=C2)SC3=NC4=CC=CC=C4S3
D04782,C1CSC2=C(C=C(C=C2)C(=O)OCC3=CC(=O)OC4=C3C=CC(=C4)O)NC1=O
D04783,C#CCNC(=O)N1CCN(CC1)C2=CC=C(C=C2)F
D04784,CCC1=NC2=CC=CC=C2C(=C1C)C(=O)OC(C)C(=O)NC3=CC=CC=C3OC
D04785,CCOC1=C(C=C2C(=C1)CC(O2)C)CNC(=O)CC3=CC=C(S3)S(=O)(=O)N4CCCC4
D04786,CC(C(=O)N1CCCC1)OC(=O)CN(C)S(=O)(=O)C2=CC=C(C=C2)F
D04787,CC(C)COC1=C(C=C(C=C1Cl)C=CC(=O)OCC#N)OC
D04788,CCC(C)N(C(C)CC)C(=O)CN1C(=O)C(NC1=O)(C)C2CCCCC2
D04789,CC1=CC(=C(N1CC2CCCO2)C)C(=O)COC3=CC=CC=C3Br
D04790,CC1=CC(=NO1)NC(=O)CSC2=NC3=CC=CC=C3N2C(C)C
D04791,COC(=O)COC1=CC=C(C=C1)NC(=O)NCC2CC2
D04792,CC1=C(C=C(C=C1)S(=O)(=O)C)C(=O)OCC(=O)NC2CCCC3=CC=CC=C23
D04793,C1=CSC(=C1)C[NH2+]C(CO)(CO)CO
D04794,CC1=C(C(=NN1C2=CC=C(C=C2)C(=O)NC3CC3)C)Cl
D04795,CC(C)C(C(=O)NC(=O)N)OC(=O)CNS(=O)(=O)C1=CC2=C(CCCC2)C=C1
D04796,CC(C)(C)C1=CC=C(C=C1)SCC(=O)NN2C(=O)C3(CCCCC3)NC2=O
D04797,CC(C)(C)C1=CC=C(C=C1)SCC(=O)NN2C(=O)C3(CCCCC3)NC2=O
D04798,CC1=CC(=C(N1CC2CCCO2)C)C(=O)COC3=CC=CC=C3Br
D04799,CCC1=C(SC(=C1)C(=O)OCC(=O)NC2=C(C=CC(=C2)[N+](=O)[O-])F)C
D04800,CC1=CC=CC=C1C=CC(=O)OCC(=O)NC(C)C2=CC=CC=C2Br
D04801,CC1=CC(=C(C(=O)N1)CNC(=O)C2=CC=CC=C2C(F)(F)F)C
D04802,CCC1=NC2=CC=CC=C2C(=C1C)C(=O)OCC(=O)NC3=CC=CC=C3C(C)CC
D04803,CC1=C(OC2=C1C=C(C=C2)OC)C(=O)NC3=CC(=NN3C)C(C)(C)C
D04804,CC1=C(C(NC(=O)N1CCOC)C2=CC=CC=C2F)C(=O)OC
D04805,CCC1=NC2=CC=CC=C2C(=C1C)C(=O)OCC3=CC(=CC=C3)Cl
D04806,CC1=CC(=CC=C1)N2CCN(CC2)CC(=O)NC(=O)NC3CCCC3
D04807,CN(CC(=O)OCC1=CC=C(O1)C(=O)OC)S(=O)(=O)C2=CC=C(C=C2)F
D04808,CC(C1=C(C=C(C=C1)F)F)NC(=O)COC2=CC=CC=C2Br
D04809,CC1=C(C=C(C=C1)Cl)NC(=O)CSC
D04810,CC(C(=O)N1CCCC1)OC(=O)CN(C)S(=O)(=O)C2=CC=C(C=C2)F
D04811,CC(C)C(C(=O)NC(=O)N)OC(=O)COC1=CC=CC=C1Cl
D04812,C1C2CC3CC1CC(C2)(C3)CNC(=O)COC4=CC=CC=C4Br
D04813,CCC1=C(SC(=C1)C(=O)OCC(=O)NC2=C(C=C(C(=C2)C)C)[N+](=O)[O-])C
D04814,C1=CC=C2C(=C1)C(=O)N(C2=O)COC(=O)COC3=CC=CC=C3Cl
D04815,CCC1=C(SC(=C1)C(=O)OCC(=O)NC2=C(C=C(C=C2)OC)[N+](=O)[O-])C
D04816,CCOC(=O)NC(=O)CSC1=NN=C(S1)SCC2=CC=C(C=C2)C(C)C
D04817,CC1=CC=C(C=C1)C2=NN(C=C2C(=O)OCC(=O)NC3=NOC(=C3)C)C4=CC=CC=C4
D04818,CN(C)S(=O)(=O)C1=CC=C(C=C1)NC(=O)COC2=CC=CC=C2Br
D04819,CC(CN1C(=O)C2=C(C=C(C=C2)C(=O)OC)N=C1SC(C)C(=O)N3CCCC3)O
D04820,CCC(C)C(=NNC1=C(C=C(C=C1)[N+](=O)[O-])[N+](=O)[O-])C
D04821,CC1=CC(=C(C(=O)N1)CNC(=O)C2=C(C(=CC=C2)OC)OC)C
D04822,CC(C)(C)C1=CC=C(C=C1)SCN2C(=O)C3=CC=CC=C3N=N2
D04823,CC(C(=O)NC1=CC=CC=C1)OC(=O)CN(C)S(=O)(=O)C2=CC=C(C=C2)F
D04824,CCC1=C(SC(=C1)C(=O)OCC(=O)NC2=C(C=CC(=C2)[N+](=O)[O-])OC)C
D04825,CC(C(=O)C1=CC=C(C=C1)OC)OC(=O)C2=CC3=C(C=C2)SCCC(=O)N3
D04826,CCC1=NC2=CC=CC=C2C(=C1C)C(=O)OC(C)C(=O)NC3CCCC4=CC=CC=C34
D04827,CC(C)CCC(=O)OC(C(C)C)C(=O)NC(=O)N
D04828,C1=CSC(=C1)C[NH2+]C(CO)(CO)CO
D04829,CC(C)CCC(=O)OCC1=NN=C(O1)C2=CC=C(C=C2)[N+](=O)[O-]
D04830,CC1=C(C=C(C=C1)S(=O)(=O)C)C(=O)OC(C)C(=O)NC2=CC=C(C=C2)C(=O)C
D04831,CC1=CC=C(C=C1)C2=NN(C=C2C(=O)OCC(=O)NC3=NOC(=C3)C)C4=CC=CC=C4
D04832,CCS(=O)(=O)C(C)C(=O)NC1=C(C=C(C(=C1)C)Cl)OC
D04833,CC(=O)NC1=C(C=CC(=C1)C(=O)COC(=O)C2=CC3=C(CCC3)C=C2)O
D04834,CC1=C(C=C(C=C1)NC(=O)COC(=O)C2=CC3=C(C=C2)SCCC(=O)N3)Cl
D04835,CC1=C(C=CC(=C1)NC(=O)COC(=O)CCC(C)C)Br
D04836,CC1=CN=C(C=C1)NC(=O)CCC2=CNC3=CC=CC=C32
D04837,CC1CCCCC1NC(=O)COC(=O)CNS(=O)(=O)C2=CC3=C(CCCC3)C=C2
D04838,CC1=C(C=C(C=C1)S(=O)(=O)C)C(=O)OCC(=O)NC(C)(C#N)C(C)C
D04839,CC(C)CCN1C(=O)C2=C(C1=O)C=C(C=C2)C(=O)NC3CC3
D04840,CN(CC(=O)OCC(=O)NC1(CCCC1)C#N)S(=O)(=O)C2=CC=C(C=C2)F
D04841,CC(C(=O)C1=CC=C(C=C1)OC)OC(=O)C2=CC3=C(C=C2)SCCC(=O)N3
D04842,COC1=CC=C(C=C1)NC(=O)CSC2=C(C=CC=C2Cl)Cl
D04843,COC1=CC=CC=C1C(=O)COC(=O)C2=CC3=C(C=C2)SCCC(=O)N3
D04844,CCC1=C(SC(=C1)C(=O)OCC(=O)NC2=CC=C(C=C2)C(=O)OCC)C
D04845,CC(C)C1=NN=C(S1)NC(=O)C=CC2=CC=CC=C2F
D04846,C1CC2=C(C1)C=C(C=C2)NC(=O)COC3=CC=CC=C3Br
D04847,CCCOC1=C(C=C(C=C1Cl)C=CC(=O)OC(C)C(=O)NC2CC2)OC
D04848,CC(C)CCC(=O)OCC(=O)NC1=CC2=C(C=C1)OC(O2)(F)F
D04849,C1=CC=C(C(=C1)NC(=O)COC2=CC=CC=C2Br)OC(F)F
D04850,CC(C(=O)N1CCCC1)OC(=O)CN(C)S(=O)(=O)C2=CC=C(C=C2)F
D04851,CC(C)C(C(=O)NC(=O)N)OC(=O)CNS(=O)(=O)C1=CC2=C(CCCC2)C=C1
D04852,C1CCC(C1)N2CC(CC2=O)C(=O)NC3=CC=C(C=C3)SC(F)F
D04853,CC1=CC(=C(C=C1)NC(=O)COC(=O)COC2=CC=CC=C2Cl)C
D04854,CCN(CC1=CC=CC=C1)C(=O)COC(=O)C2=CC3=C(C=C2)SCCC(=O)N3
D04855,C1=CC=C(C=C1)N(CC#N)C(=O)COC(=O)C2=CC=C(S2)C3=CC=C(C=C3)Cl
D04856,CC(C)CCC(=O)OC(C(C)C)C(=O)NC(=O)N
D04857,CCOC1=CC=CC2=C1OC(=C2)C(C)NC(=O)CNC(=O)CC34CC5CC(C3)CC(C5)C4
D04858,C1=CC=C2C(=C1)C(=CN2)CC(=O)NC3=CC=CC=C3O
D04859,CCCOC1=CC=CC=C1NC(=O)C2=CC3=NC=CN=C3C=C2
D04860,C1=CSC(=C1)C[NH2+]C(CO)(CO)CO
D04861,C1=CC=C(C(=C1)NC(=O)COC2=CC=CC=C2Br)OC(F)F
D04862,CCC1=C(SC(=C1)C(=O)OCN2C(=O)C3=CC=CC=C3N=N2)C
D04863,CCC1=C(SC(=C1)C(=O)OCC(=O)NC2=CC=C(C=C2)C#N)C
D04864,C1CCC(CC1)[NH2+]CC2=C(C=CC=C2Cl)Cl
D04865,CC(C)C(C(=O)NC(=O)N)OC(=O)COC1=CC=CC=C1Cl
D04866,CC1=CC=C(C=C1)C2=NN(C=C2C(=O)OCC(=O)C3=CC=CN3)C4=CC=CC=C4
D04867,CC(CN1C(=O)C2=C(C=C(C=C2)C(=O)OC)N=C1SCC=CC3=CC=CC=C3)O
D04868,CC(C)N1C(=CC=N1)NC(=O)C(C)OC(=O)C2=CC=C(S2)C3=CC=C(C=C3)Cl
D04869,CCCC1C(=O)N(C(=O)N1)CC2=CC=C(C=C2)C(=O)NC3=CC=CC=C3
D04870,CC1CCN(C2=CC=CC=C2S1)C(=O)COC3=CC=CC=C3Br
D04871,CC(CN1C(=O)C2=C(C=C(C=C2)C(=O)OC)N=C1SCC3=CC(=CC=C3)F)O
D04872,C1=CC=C(C(=C1)OCC(=O)OCC(=O)NCC2=CC(=CC=C2)Cl)Cl
D04873,CCCOC1=CC=CC=C1NC(=O)C2=CC3=NC=CN=C3C=C2
D04874,C1=CC(=C(C(=C1)Cl)SCC(=O)NC2=C(C=CS2)C#N)Cl
D04875,CCC1=C(SC(=C1)C(=O)OCC(=O)NCC2=CC=C(C=C2)C(=O)OC)C
D04876,COC(=O)C1=CC2=C(C=C1)C(=O)N(C(=N2)SC3CCCCC3=O)CC4CCCO4
D04877,C1CC1CNC(=O)CS(=O)(=O)CC2=CC=C(C=C2)Br
D04878,C1CCC2=C(C1)C=CC(=C2)S(=O)(=O)NCC(=O)OCC(=O)N3CCOCC3
D04879,C1=CC=C(C(=C1)NC(=O)COC2=CC=CC=C2Br)OC(F)F
D04880,CC1=C(SC(=N1)C2=CC=C(C=C2)F)C(=O)NCC(=O)NC(C)(C)C
D04881,CN(CC(=O)OCC1=CC=C(O1)C(=O)OC)S(=O)(=O)C2=CC=C(C=C2)F
D04882,CCC1=C(SC(=C1)C(=O)OCC(=O)NC2=CC=CC=C2F)C
D04883,CCCCC1=CC=C(C=C1)NC(=O)COC(=O)COC2=CC=CC=C2Cl
D04884,C1CCCN(CCC1)C(=O)NC2=CN=CC=C2
D04885,CC1=CC=C(C=C1)NC(=O)COC(=O)CNS(=O)(=O)C2=CC3=C(CCCC3)C=C2
D04886,CC(C#N)OC(=O)CNS(=O)(=O)C1=CC2=C(CCCC2)C=C1
D04887,CCCOC1=C(C=C(C=C1Cl)C=CC(=O)OC(C)C(=O)NC2CC2)OC
D04888,CC1=CC=C(C=C1)OCCOC(=O)CN(C)S(=O)(=O)C2=CC=C(C=C2)F
D04889,C1=CC=C(C(=C1)OCC(=O)NC2=CC=CC(=C2)C#N)Br
D04890,CC(C(=O)NC1=CC=CC=C1)OC(=O)CN(C)S(=O)(=O)C2=CC=C(C=C2)F
D04891,CC(=O)NNC(=O)COC(=O)C1=CC=C(S1)C2=CC=C(C=C2)Cl
D04892,CC(C)C(C(=O)NC(=O)N)OC(=O)COC1=CC=CC=C1Cl
D04893,CC1=CC=C(C=C1)C(=O)NCC2=CC=C(C=C2)CN3CCOCC3
D04894,COC1=CC2=C(C=C1)C(=CC(=O)O2)COC(=O)C3=CC4=C(C=C3)SCCC(=O)N4
D04895,CC1CCCCC1NC(=O)COC(=O)CNS(=O)(=O)C2=CC3=C(CCCC3)C=C2
D04896,COC(=O)C1=CC2=C(C=C1)C(=O)N(C(=N2)SC3CCCCC3=O)CC4CCCO4
D04897,COC1=CC=CC=C1C(=O)NC(=O)COC(=O)C2=CC3=C(C=C2)SCCC(=O)N3
D04898,CCNC(=O)NC(=O)COC(=O)C1=C(C=CC(=C1)S(=O)(=O)C)C
D04899,CC(=O)NC1=C(C=CC(=C1)C(=O)COC(=O)C2=CC3=C(CCC3)C=C2)O
D04900,CC1=CC=C(C=C1)C2=NN(C=C2C(=O)OCC(=O)NC(C)C(C)C)C3=CC=CC=C3
D04901,C1=CC(=CC(=C1)S(=O)(=O)N)NC(=O)COC2=CC(=CC(=C2)Cl)Cl
D04902,CN(CC1=CC=CC=C1F)C(=O)NC2=CN=CC=C2
D04903,C1COCCN1S(=O)(=O)C2=CN=C(C=C2)SC3=NC4=CC=CC=C4S3
D04904,C1=CC=C(C(=C1)OCC(=O)NC2=C(C=CC=C2Cl)Cl)Br
D04905,CCNC(=O)NC(=O)COC(=O)C1=C(C=CC(=C1)S(=O)(=O)C)C
D04906,CCOC1=CC=CC2=C1OC(=C2)C(C)NC(=O)CNC(=O)CC34CC5CC(C3)CC(C5)C4
D04907,CC(C)C(C(=O)NC(=O)N)OC(=O)CNS(=O)(=O)C1=CC2=C(CCCC2)C=C1
D04908,C1=CC=C(C(=C1)OCC(=O)OCC(=O)NC2=CC3=C(C=C2)OC(O3)(F)F)Cl
D04909,CC1=CC=C(C=C1)NC(=O)COC(=O)CNS(=O)(=O)C2=CC3=C(CCCC3)C=C2
D04910,CC(C)C(C)(C#N)NC(=O)COC1=CC=CC=C1Br
D04911,CC1=CC(=C(C(=O)N1)CNC(=O)C2=CC=CC=C2C(F)(F)F)C
D04912,CC1=CC(=C(N1CC2CCCO2)C)C(=O)COC3=CC=CC=C3Br
D04913,C1=CC=C(C(=C1)OCC(=O)OCC(=O)NC2=CC3=C(C=C2)OC(O3)(F)F)Cl
D04914,C1CC1NC(=O)NC(=O)COC(=O)C2=CC=C(S2)C3=CC=C(C=C3)Cl
D04915,CC(C(=O)C1=CC=C(C=C1)OC)OC(=O)C2=CC3=C(C=C2)SCCC(=O)N3
D04916,CCC1=C(SC(=C1)C(=O)OCC(=O)NC2=C(C(=CC=C2)Cl)Cl)C
D04917,CC1=CC(=C(C(=O)N1)CNC(=O)C2=CC=CC=C2C(F)(F)F)C
D04918,C1CCC(CC1)[NH2+]CC2=C(C=CC=C2Cl)F
D04919,CCC(C1=CC=C(C=C1)C)NC(=O)COC(=O)COC2=CC=CC=C2Cl
D04920,CC1CN(CC(O1)C)C(=O)COC(=O)C2=CC=C(S2)C3=CC=C(C=C3)Cl
D04921,CC(C(=O)NC1=CC=C(C=C1)F)OC(=O)COC2=CC=CC=C2Cl
D04922,CN(CC(=O)OCC1=CC=C(C=C1)Cl)S(=O)(=O)C2=CC=C(C=C2)F
D04923,C1=CC=NC(=C1)CNS(=O)(=O)C2=CC(=C(C=C2)C#N)Cl
D04924,COC1=CC(=C(C=C1CNC(=O)C2=CC3=C(C=C2)N=CN3)OC)OC
D04925,CC1=C(SC(=N1)C2=CC=C(C=C2)F)C(=O)NCC(=O)NC(C)(C)C
D04926,CC(C1=CC=CC=N1)NS(=O)(=O)C2=CC3=C(C=C2)N(CCC3)C(=O)C
D04927,CC1=CC=C(C=C1)NC(=O)COC(=O)CNS(=O)(=O)C2=CC3=C(CCCC3)C=C2
D04928,C1=CC(=CC(=C1)Br)CNC2=NN=N[N-]2
D04929,CC1=C(OC2=C1C=C(C=C2)OC)C(=O)NC3=CC(=NN3C)C(C)(C)C
D04930,C1=CC=C(C(=C1)OCC(=O)OCC(=O)NCC2=CC(=CC=C2)Cl)Cl
D04931,CC(C)CCC(=O)OCC1=NC2=C(C(=CS2)C3=CC=CC=C3)C(=O)N1CC#N
D04932,CCC1=CC=C(C=C1)NC(=O)C(C)OC(=O)COC2=CC=CC=C2Cl
D04933,CC1CCN(CC1)C(=O)COC(=O)C2=CN(N=C2C3=CC=C(C=C3)C)C4=CC=CC=C4
D04934,CS(=O)(=O)CC1=CSC(=N1)CC2=CC=C(C=C2)Cl
D04935,CCC1=NC2=CC=CC=C2C(=C1C)C(=O)OC(C)C(=O)N(C)CC3=CC=CC=C3
D04936,CC1CCN(CC1)C(=O)COC(=O)C2=CN(N=C2C3=CC=C(C=C3)C)C4=CC=CC=C4
D04937,CCCOC1=CC=CC=C1NC(=O)C2=CC3=NC=CN=C3C=C2
D04938,C1COCC[NH+]1CC(COC2=CC=C(C=C2)C3=NN=CO3)O
D04939,CC(C1=CC=C(C=C1)S(=O)(=O)C)NC(=O)CNC(=O)C2=CC=CO2
D04940,CN(CC(=O)OCC1=CC=CC=C1Cl)S(=O)(=O)C2=CC=C(C=C2)F
D04941,CC(C(=O)NC1=CC=C(C=C1)S(=O)(=O)N)SC2=C(C=CC=C2Cl)Cl
D04942,CC(C(=O)N1CCN(CC1)S(=O)(=O)C2=CC=CC=C2)SCC3=CC(=CC=C3)Cl
D04943,CC(C(=O)C1=CC=C(C=C1)OC)OC(=O)C2=CC3=C(C=C2)SCCC(=O)N3
D04944,C1CC(C2=CC=CC=C2C1)NC(=O)COC3=CC=CC=C3Br
D04945,CC1=CC(=C(C(=O)N1)CNC(=O)C2=CC=CC=C2C(F)(F)F)C
D04946,CC1=C(C=C(O1)COC(=O)C2=CC3=C(C=C2)SCCC(=O)N3)C(=O)OC
D04947,CC(CN1C(=O)C2=C(C=C(C=C2)C(=O)OC)N=C1SCC(=O)N)O
D04948,CC1(C(=O)N(C(=O)N1)CC2=CC(=CC=C2)Br)C3=CC=CC=C3
D04949,CC(C)C1=NN=C(S1)NC(=O)C=CC2=CC=CC=C2F
D04950,CCC1=NC2=CC=CC=C2C(=C1C)C(=O)OCC(=O)NC3=CC=CC=C3C(C)CC
D04951,CC(C)N1C(=CC=N1)NC(=O)C(C)SC2=C(C=CC=C2Cl)Cl
D04952,CCC1=CC=C(C=C1)NC(=O)C(C)OC(=O)COC2=CC=CC=C2Cl
D04953,CC(C)CCC(=O)OCC(=O)NC1=CC(=C(C=C1)Cl)[N+](=O)[O-]
D04954,C1=CC=C2C(=C1)C(=O)N(C2=O)COC(=O)COC3=CC=CC=C3Cl
D04955,CC1=C(C=C(C=C1)S(=O)(=O)C)C(=O)OCC(=O)NC2=CC(=C(C=C2)C)F
D04956,C1=CC=C(C(=C1)OCC(=O)NCC2=CC(=CC=C2)Cl)Br
D04957,CCCOC1=CC=CC=C1NC(=O)C2=CC3=NC=CN=C3C=C2
D04958,CCCC(C(=O)NC1=NOC(=C1)C)OC(=O)C2=CC=C(C=C2)N(C)C
D04959,CCNC(=O)NC(=O)COC(=O)C1=C(C=CC(=C1)S(=O)(=O)C)C
D04960,CC(C(=O)NC1=CC=CC=C1OC)NC2=CC3=C(CCC3)C=C2
D04961,CC1=CC=C(C=C1)NC(=O)COC(=O)CNS(=O)(=O)C2=CC3=C(CCCC3)C=C2
D04962,C1=CC=C(C=C1)C=CCC(=S)C(=O)O
D04963,CC1=CC=C(C=C1)NC(=O)COC(=O)CNS(=O)(=O)C2=CC3=C(CCCC3)C=C2
D04964,CC1=CC(=C(C(=C1)C)C(=O)COC(=O)C2=CC3=C(C=C2)SCCC(=O)N3)C
D04965,CC(C(=O)NCC1=CC2=C(C=C1)OCO2)SC3=C(C=CC=C3Cl)Cl
D04966,CCOC(=O)NC(=O)COC(=O)CNS(=O)(=O)C1=CC2=C(CCCC2)C=C1
D04967,CCCOC1=CC=CC=C1NC(=O)C2=CC3=NC=CN=C3C=C2
D04968,C1=CC=C(C(=C1)C(=O)NNC(=O)CSC2=C(C=CC=C2Cl)Cl)F
D04969,CC(CN1C(=O)C2=C(C=C(C=C2)C(=O)OC)N=C1SC(C)C(=O)N3CCCC3)O
D04970,CCC1=C(SC(=C1)C(=O)OCC(=O)NCC2=CC=C(C=C2)C(=O)OC)C
D04971,CC1=CC(=C(C(=O)N1)CNC(=O)C2=C(C(=CC=C2)OC)OC)C
D04972,CCC1=NC2=CC=CC=C2C(=C1C)C(=O)OCC(=O)NCCN3C(=O)CSC3=O
D04973,CC(C(=O)NC1=CC=CC=C1Cl)OC(=O)C2=CC(=CC=C2)NC(=O)C
D04974,C1=CC=C(C(=C1)C(=O)NNC(=O)CSC2=C(C=CC=C2Cl)Cl)F
D04975,CC(=O)NC1=C(C=CC(=C1)C(=O)COC(=O)C2=CC3=C(CCC3)C=C2)O
D04976,CC1=CC=C(C=C1)C2=NN(C=C2C(=O)OCC(=O)NC(C)C(C)C)C3=CC=CC=C3
D04977,CC(C)(C)C1=CC=C(C=C1)SCN2C(=O)C3=CC=CC=C3N=N2
D04978,CC(C(=O)NCC1=CC=CO1)OC(=O)C2=CC3=C(C=C2)SCCC(=O)N3
D04979,CC(C)C(C(=O)NC(=O)N)OC(=O)COC1=CC=CC=C1Cl
D04980,CC(CN1C(=O)C2=C(C=C(C=C2)C(=O)OC)N=C1SCC=CC3=CC=CC=C3)O
D04981,C1=CC(=CC=C1C(=O)CN2C=NC3=C(C2=O)SC=C3)F
D04982,CCCOC1=C(C=C(C=C1Cl)C=CC(=O)OC(C)C(=O)NC(=O)N)OC
D04983,CCC1=NC2=CC=CC=C2C(=C1C)C(=O)OC(C)C3=CC=CC=C3Cl
D04984,CC1=CC(=CC=C1)N2CCN(CC2)CC(=O)NC(=O)NC3CCCC3
D04985,CC(C(=O)C1=CC=C(C=C1)OC)OC(=O)C2=CC3=C(C=C2)SCCC(=O)N3
D04986,C1=CC=C(C(=C1)OCC(=O)OCC(=O)NC2=CC3=C(C=C2)OC(O3)(F)F)Cl
D04987,CCC1=C(SC(=C1)C(=O)OCC(=O)NC2=CC=CC=C2F)C
D04988,CC(C)CCC(=O)OCC(=O)NC1=CC(=C(C=C1)Cl)[N+](=O)[O-]
D04989,CC1CCN(CC1)C(=O)COC(=O)C2=CN(N=C2C3=CC=C(C=C3)C)C4=CC=CC=C4
D04990,CC1=C(C=C(C=C1)C(=O)OCC(=O)NC2=CC=C(C=C2)SC)O
D04991,CCOC1=C(C=C2C(=C1)CC(O2)C)CNC(=O)CC3=CC=C(S3)S(=O)(=O)N4CCCC4
D04992,CC(C)(C)C1=CC=C(C=C1)SCC(=O)N2CCNC2=O
D04993,CC(C)C(C(=O)NC(=O)N)OC(=O)COC1=CC=CC=C1Cl
D04994,CC1CC2=CC=CC=C2N1C(=O)C(C)OC(=O)COC3=CC=CC=C3Cl
D04995,CCC1=C(SC(=C1)C(=O)OCC(=O)NC2=C(C=CC=C2C(C)C)C)C
D04996,CC(C)CCC(=O)OCC(=O)NC1=CC=CC=C1C(=O)NC2=CC=CC=C2
D04997,CCCOC1=CC=CC=C1NC(=O)C2=CC3=NC=CN=C3C=C2
D04998,C1=CC=C(C(=C1)NC(=O)COC2=CC=CC=C2Br)OC(F)F
D04999,CNC(=O)COC(=O)C1=CC2=C(C=C1)SCCC(=O)N2
D05000,CC(C(=O)NC1=CC=C(C=C1)OC)OC(=O)C2=C(C=C(C=C2)F)N
D05001,CC(C(=O)NC1=CC=C(C=C1)F)OC(=O)COC2=CC=CC=C2Cl
D05002,CC(CN1C(=O)C2=C(C=C(C=C2)C(=O)OC)N=C1SCC=CC3=CC=CC=C3)O
D05003,C1=CC=C2C(=C1)C(C3=CC=CC=C32)OC(=O)COC4=CC=CC=C4Cl
D05004,CC(C)COC1=C(C=C(C=C1Cl)C=CC(=O)OC2CCCCC2=O)OC
D05005,CC(C(=O)NC1=CC=CC=C1Cl)OC(=O)C2=CC(=CC=C2)NC(=O)C
D05006,CCC1=NC2=CC=CC=C2C(=C1C)C(=O)OC(C)C(=O)NC3CC3
D05007,CCCOC1=C(C=C(C=C1Cl)C=CC(=O)OC(C)C(=O)NC2CC2)OC
D05008,CC1=C(C2=CC=CC=C2N1)C(=O)C(C)OC(=O)CCC(C)C
D05009,C1=CC=C(C=C1)N(CC#N)C(=O)COC(=O)C2=CC=C(S2)C3=CC=C(C=C3)Cl
D05010,CCCN1C(=O)C(=CC2=CC=CC=C2F)NC1=S
D05011,CCCOC1=C(C=C(C=C1Cl)C=CC(=O)OC(C)C(=O)NC2CC2)OC
D05012,COC1=C(C=C(C=C1)F)COC(=O)C2=CC3=C(C=C2)SCCC(=O)N3
D05013,CC1=C(C=CC2=C1OC(=O)C=C2COC(=O)CCC(C)C)O
D05014,C1CC2=C(C1)C=C(C=C2)NC(=O)COC3=CC=CC=C3Br
D05015,CC1=CC(=C(C(=C1)C)NC(=O)COC(=O)COC2=CC=CC=C2Cl)C
D05016,CC1=NN(C(C1)(C2=CC=CC=C2)O)C(=O)CSC3=NN=C(S3)SCC(=O)N4C(CC(=N4)C)(C5=CC=CC=C5)O
D05017,C#CCNC(=O)N1CCN(CC1)C2=CC=C(C=C2)F
D05018,CC(=O)NCC1=CC=C(C=C1)C(=O)NC2=NC3=C(C=CC=C3S2)OC
D05019,CC(C(=O)NC1=CC=C(C=C1)F)OC(=O)COC2=CC=CC=C2Cl
D05020,CC1=CC(=C(C=C1)F)NC(=O)C2=CC(=CC=C2)NC(=O)C
D05021,CC(C(=O)NC1=CC=CC=C1Cl)OC(=O)C2=CC(=CC=C2)NC(=O)C
D05022,CCC1=NC2=CC=CC=C2C(=C1C)C(=O)OC(C)C(=O)NC3CC3
D05023,CC(C(=O)NC1=CC=C(C=C1)C(=O)N)SC2=CC=C(C=C2)C(C)(C)C
D05024,COC(=O)C1=CC2=C(C=C1)C(=O)N(C(=N2)SCC#N)CC3CCCO3
D05025,CNC(=O)COC(=O)C1=CC2=C(C=C1)SCCC(=O)N2
D05026,CCC1=C(SC(=C1)C(=O)OCC(=O)NC2=CC=CC=C2F)C
D05027,CCCN1C(=O)C(=CC2=CC=CC=C2F)NC1=S
D05028,CC(C1=CC=CC=N1)NS(=O)(=O)C2=CC3=C(C=C2)N(CCC3)C(=O)C
D05029,CCC1=NC2=CC=CC=C2C(=C1C)C(=O)OC(C)C(=O)N3C(CCCC3C)C
D05030,CN(C)S(=O)(=O)C1=CC=C(C=C1)NC(=O)COC2=CC=CC=C2Br
D05031,CC(C(=O)NC1=CC=C(C=C1)C(=O)N)OC2=CC(=CC(=C2)Cl)Cl
D05032,CCC1=C(SC(=C1)C(=O)OCC(=O)NC2=CC=CC=C2C(=O)NCC(C)C)C
D05033,CC(C)C(C(=O)NC(=O)N)OC(=O)COC1=CC=CC=C1Cl
D05034,C1=COC(=C1)C(=O)NC2=NNC(=N2)C3=CC=C(C=C3)F
D05035,C1=CC=C(C(=C1)NC(=O)COC2=CC=CC=C2Br)OC(F)F
D05036,C1CS(=O)(=O)CC1NC(=O)COC(=O)COC2=CC=CC=C2Cl
D05037,CCCN1C(=O)C(=CC2=CC=CC=C2F)NC1=S
D05038,COC1=CC(=C(C=C1CNC(=O)C2=CC3=C(C=C2)N=CN3)OC)OC
D05039,CC1=CC(=C(C(=C1)C)C(=O)COC(=O)C2=CC3=C(C=C2)SCCC(=O)N3)C
D05040,CC1=C(C(=NN1C2=CC=C(C=C2)C(=O)NC3CC3)C)Cl
D05041,COC(=O)C1=CC2=C(C=C1)C(=O)N(C(=N2)SCC#N)CC3CCCO3
D05042,C1=CC(=CC(=C1)Br)CNC2=NN=N[N-]2
D05043,CC(C)(C)C1=CC=C(C=C1)SCN2C(=O)C3=CC=CC=C3N=N2
D05044,CCC1=C(SC(=C1)C(=O)OCC(=O)NC2=CC=C(C=C2)C(=O)OCC)C
D05045,CC1=CC=C(C=C1)C2=NN(C=C2C(=O)OCC3=CC=C(C=C3)C#N)C4=CC=CC=C4
D05046,CCNC1=NN=C(S1)SCC(=O)N(CCOC)CC2=CC=CS2
D05047,C1CSC2=C(C=C(C=C2)C(=O)OCCOC3=CC=CC=C3F)NC1=O
D05048,CN(CC(=O)OCC1=CC(=C(C=C1)OC)F)S(=O)(=O)C2=CC=C(C=C2)F
D05049,CC1=CC=C(C=C1)C2=NN(C=C2C(=O)OCC(=O)NC3=NOC(=C3)C)C4=CC=CC=C4
D05050,CC(C)(C)C1=CC=C(C=C1)SCC(=O)NC2=CC=C(C=C2)C(=O)N
D05051,CC(C(=O)NC(=O)NC)OC(=O)COC1=CC=CC=C1Cl
D05052,CC(C)CCC(=O)OCC1=NC2=C(C(=CS2)C3=CC=CC=C3)C(=O)N1CC#N
D05053,CC1=CC=C(C=C1)OCCCC(=O)N2CCC3=CC(=C(C=C3C2CC(=O)OC)OC)OC
D05054,CC1=C(C=C(C=C1)S(=O)(=O)C)C(=O)OC(C)C(=O)C2=CC=C(C=C2)OC(F)F
D05055,CC1=C(OC2=C1C=C(C=C2)OC)C(=O)NC3=CC(=NN3C)C(C)(C)C
D05056,C1=CC=C(C(=C1)OCC(=O)NC2=C(C=CC(=C2)Cl)F)Br
D05057,CC1CCCC(C1C)NC(=O)C(C)OC(=O)CN(C)S(=O)(=O)C2=CC=C(C=C2)F
D05058,CC1=CC(=C(C=C1)NC(=O)COC(=O)COC2=CC=CC=C2Cl)C
D05059,CC(C)C(C(=O)NC(=O)N)OC(=O)CNS(=O)(=O)C1=CC2=C(CCCC2)C=C1
D05060,CCC1=C(SC(=C1)C(=O)OCC(=O)NC2=CC=CC=C2C(=O)NCC(C)C)C
D05061,CC(C)C(C(=O)NC(=O)N)OC(=O)COC1=CC=CC=C1Cl
D05062,CCC1=NC2=CC=CC=C2C(=C1C)C(=O)OC(C)C(=O)N3C(CCCC3C)C
D05063,C1CS(=O)(=O)CC1NC(=O)COC(=O)COC2=CC=CC=C2Cl
D05064,CC1=C(C=C(C=C1)S(=O)(=O)NC(C2=CC=CC=C2)C3=NC=CN3C)C
D05065,CC(C(=O)NC1=CC=CC=C1Cl)OC(=O)C2=CC(=CC=C2)NC(=O)C
D05066,CC(C)COC1=C(C=C(C=C1Cl)C=CC(=O)OCC(=O)N(C)C)OC
D05067,CNC(=O)COC(=O)C1=CC2=C(C=C1)SCCC(=O)N2
D05068,C1CCCN(CCC1)C(=O)NC2=CN=CC=C2
D05069,C1=CC=C(C(=C1)OCC(=O)OCC(=O)NC2=CC3=C(C=C2)OC(O3)(F)F)Cl
D05070,CC(C(=O)NCC1=CC=CO1)OC(=O)C2=CC=C(S2)C3=CC=C(C=C3)Cl
D05071,C1CC2=C(C1)C=C(C=C2)NC(=O)COC3=CC=CC=C3Br
D05072,CC(C)C1=NN=C(N1CC2=CC=CO2)SC(C)C(=O)N3CCNC3=O
D05073,CCOC(=O)N1CCN(CC1)C(=O)COC(=O)C2=C(C=CC(=C2)S(=O)(=O)C)C
D05074,C1CSC2=C(C=C(C=C2)C(=O)OCC(=O)NC3=C(C(=C(C=C3)F)F)F)NC1=O
D05075,CCCN1C(=O)C(=CC2=CC=CC=C2F)NC1=S
D05076,CCCC1C(=O)N(C(=O)N1)CC2=CC=C(C=C2)C(=O)NC3=CC=CC=C3
D05077,CCC1=C(SC(=C1)C(=O)OCC(=O)NCC2=CC=C(C=C2)C(=O)OC)C
D05078,CC(C(=O)NC1=CC=C(C=C1)S(=O)(=O)N)SC2=C(C=CC=C2Cl)Cl
D05079,CC1=CC=C(C=C1)C(=O)NCC2=CC=C(C=C2)CN3CCOCC3
D05080,COC1=C(C=C(C=C1)C2=NC(=CS2)C(=O)NCC(=O)OC)OC
D05081,CC1=C(C=C(C=C1)S(=O)(=O)C)C(=O)OCC(=O)NC2=CC(=C(C=C2)C)F
D05082,CC(C(=O)NC(=O)NC)OC(=O)C1=CC2=C(C=C1)SCCC(=O)N2
D05083,CC1=CC=C(C=C1)C(=O)NCC2=CC=C(C=C2)CN3CCOCC3
D05084,CC(C)(C)C1=CC=C(C=C1)SCC(=O)NC2=C(C=CS2)C(=O)N
D05085,CC(C1=CC(=CC=C1)C(F)(F)F)NC(C)C(=O)NC2=CC=CC=C2OC
D05086,CC(C)(C)C1=CC=C(C=C1)SCN2C(=O)C3=CC=CC=C3N=N2
D05087,CCOC1=CC=CC=C1COC(=O)CN(C)S(=O)(=O)C2=CC=C(C=C2)F
D05088,CC(C)CC(=O)N1CCN(CC1)C2=C(C(=O)N(N=C2)C3=CC=CC=C3)Cl
D05089,C1=CC=C(C=C1)CCCNC(=O)COC2=CC=CC=C2Br
D05090,C1CN(CCC1C(=O)N)C(=O)COC(=O)C2=CC=C(S2)C3=CC=C(C=C3)Cl
D05091,CC(C)C(C(=O)NC(=O)N)OC(=O)COC1=CC=CC=C1Cl
D05092,CC1=C(C=C(C=C1)S(=O)(=O)C)C(=O)OCC(=O)NC
D05093,CCOC1=C(C=C2C(=C1)CC(O2)C)CNC(=O)CC3=CC=C(S3)S(=O)(=O)N4CCCC4
D05094,C1=CC=C(C(=C1)C#N)NC(=O)COC(=O)C2=CC=C(S2)C3=CC=C(C=C3)Cl
D05095,CC(C)(C)C(=O)CSC1=NC2=C(C=CC(=C2)C(=O)OC)C(=O)N1CC3=CC=CO3
D05096,CC1=CC(=C(C=C1NC(=O)CSC2=CC=C(C=C2)C(C)(C)C)OC)[N+](=O)[O-]
D05097,CC(C)(C)C1=CC=C(C=C1)SCC(=O)NC2=C(C=CS2)C(=O)N
D05098,CCC1=NC2=CC=CC=C2C(=C1C)C(=O)OCC(=O)C3=CC4=C(CCCC4)C=C3
D05099,CN(C)S(=O)(=O)C1=CC=CC(=C1)NC(=O)COC2=CC=CC=C2Br
D05100,CCN(CC1=CC=CC=C1)C(=O)COC(=O)C2=CC3=C(C=C2)SCCC(=O)N3
D05101,CCC1=NC2=CC=CC=C2C(=C1C)C(=O)OC(C)C3=CC=CC=C3Cl
D05102,CC(C)C(C(=O)NC(=O)N)OC(=O)C1=CC=C(S1)C2=CC=C(C=C2)Cl
D05103,CN(C)S(=O)(=O)C1=CC=CC(=C1)NC(=O)COC2=CC=CC=C2Br
D05104,CC(=O)NC1=C(C=CC(=C1)C(=O)COC(=O)C2=CC3=C(CCC3)C=C2)O
D05105,CC(CN1C(=O)C2=C(C=C(C=C2)C(=O)OC)N=C1SCC(=O)N)O
D05106,C1CSC2=C(C=C(C=C2)C(=O)OCC(=O)NC3=CC=CC=C3F)NC1=O
D05107,CC(C)(C)C1=CC=C(C=C1)SCC(=O)NC2=CC=C(C=C2)C(=O)N
D05108,CC1=CC=CC=C1C=CC(=O)OCC(=O)NC2CCCC3=CC=CC=C23
D05109,C#CCNC(=O)N1CCN(CC1)C2=CC=C(C=C2)F
D05110,CN(CC(=O)OCC1=CC=C(O1)C(=O)OC)S(=O)(=O)C2=CC=C(C=C2)F
D05111,CCC1=C(SC(=C1)C(=O)OCC(=O)NC2=CC=CC=C2F)C
D05112,CC(CN1C(=O)C2=C(C=C(C=C2)C(=O)OC)N=C1SCC(=O)N3CCCC3=O)O
D05113,CC1=CC=C(C=C1)C(=O)NCC2=CC=C(C=C2)CN3CCOCC3
D05114,CN(CC(=O)OCN1C(=O)C2=CC=CC=C2N=N1)S(=O)(=O)C3=CC=C(C=C3)F
D05115,CCC1=NC2=CC=CC=C2C(=C1C)C(=O)OC(C)C(=O)N3C(CCCC3C)C
D05116,CCC1CCCCN1C(=O)COC(=O)C2=CC3=C(C=C2)SCCC(=O)N3
D05117,CC(C)(C)C1=CC=C(C=C1)SCC(=O)NC2=CC=C(C=C2)C(=O)N
D05118,CC1=C(C=C(C=C1)S(=O)(=O)C)C(=O)OCC(=O)NC(C)C2=C(C=C(C=C2)F)F
D05119,CC(C(=O)C1=CC=C(C=C1)OC)OC(=O)C2=CC3=C(C=C2)SCCC(=O)N3
D05120,CCOC1=CC=CC=C1COC(=O)CN(C)S(=O)(=O)C2=CC=C(C=C2)F
D05121,CCC1=CC=CC=C1NC(=O)COC(=O)COC2=CC=CC=C2Cl
D05122,CC1=CC(=C(N1C2CCS(=O)(=O)C2)C)C(=O)CSC3=CC=C(C=C3)C(C)(C)C
D05123,C1=CC=C(C=C1)OC2=CC=CC=C2COC(=O)COC3=CC=CC=C3Cl
D05124,CC(CN1C(=O)C2=C(C=C(C=C2)C(=O)OC)N=C1SCC3=CC(=CC=C3)F)O
D05125,CCC1=NC2=CC=CC=C2C(=C1C)C(=O)OCC3=CC(=CC4=C3OCOC4)Cl
D05126,CC(C(=O)NCC1=CC=CO1)OC(=O)C2=CC=C(S2)C3=CC=C(C=C3)Cl
D05127,CC1=C(OC2=C1C=C(C=C2)OC)C(=O)NC3=CC(=NN3C)C(C)(C)C
D05128,CC1=CC(=CC=C1)N2CCN(CC2)CC(=O)NC(=O)NC3CCCC3
D05129,CC1=C(C(NC(=O)N1CCOC)C2=CC=CC=C2F)C(=O)OC
D05130,CCC1CCCCN1C(=O)CN2C(=O)C(NC2=O)(C)C3=CC=C(C=C3)OC
D05131,C1C(=O)N(C(=O)S1)CCNC(=O)COC(=O)COC2=CC=CC=C2Cl
D05132,COC1=CC=C(C=C1)NC(=O)CSC2=C(C=CC=C2Cl)Cl
D05133,CCC1=C(SC(=C1)C(=O)OCC(=O)NC2=C(C=CC=C2C(C)C)C)C
D05134,CC(C)C(C(=O)NC(=O)N)OC(=O)COC1=CC=CC=C1Cl
D05135,CC(C)CCC(=O)OC(C(C)C)C(=O)NC(=O)N
D05136,COC(=O)COC1=CC=C(C=C1)NC(=O)NCC2CC2
D05137,CC1CCCCC1NC(=O)COC(=O)CNS(=O)(=O)C2=CC3=C(CCCC3)C=C2
D05138,CC1=CSC2=NC(=CC(=O)N12)CNC(C)C3=CC=CC=C3
D05139,CC1=C(C(=NN1C2=CC=C(C=C2)C(=O)NC3CC3)C)Cl
D05140,CCC1=NC2=CC=CC=C2C(=C1C)C(=O)OCC3=CC(=CC=C3)Cl
D05141,C1=CC=C(C(=C1)NC(=O)COC2=CC=CC=C2Br)OC(F)F
D05142,CCC1=C(SC(=C1)C(=O)OCC(=O)NC2=C(C=C(C=C2)OC)[N+](=O)[O-])C
D05143,CC1=C(C=C(C=C1)S(=O)(=O)C)C(=O)OCC(=O)NC2CCCC3=CC=CC=C23
D05144,CC(C(=O)NC(=O)NC)SC1=C(C=CC=C1Cl)Cl
D05145,C1=CC=C(C=C1)OC2=CC=CC=C2COC(=O)COC3=CC=CC=C3Cl
D05146,CCC1=CC2=C(C=C1)C(=CC(=O)O2)COC3=CC=CC=C3Br
D05147,CNC(=O)COC(=O)C1=CC2=C(C=C1)SCCC(=O)N2
D05148,C1CCC(C1)N2CC(CC2=O)C(=O)NC3=CC=C(C=C3)SC(F)F
D05149,CCC1=CC2=C(C=C1)C(=CC(=O)O2)COC3=CC=CC=C3Br
D05150,COC1=CC=C(C=C1)NC(=O)CSC2=C(C=CC=C2Cl)Cl
D05151,C1=CC=C(C(=C1)NC(=O)COC2=CC=CC=C2Br)OC(F)F
D05152,C1CCC2=C(C1)C=CC(=C2)S(=O)(=O)NCC(=O)OCC(=O)NC3=CC=CC=C3
D05153,CC1CCN(CC1)C(=O)COC(=O)C2=CN(N=C2C3=CC=C(C=C3)C)C4=CC=CC=C4
D05154,CC(CN1C(=O)C2=C(C=C(C=C2)C(=O)OC)N=C1SC(C)C(=O)N3CCCC3)O
D05155,CC1=CC=C(C=C1)C(=O)NCC2=CC=C(C=C2)CN3CCOCC3
D05156,CC(C)CCC(=O)OCC(=O)NC1=NC(=CS1)C2=C(C=CC(=C2)OC)OC
D05157,CC1=C(C(=NN1C2=CC=C(C=C2)C(=O)NC3CC3)C)Cl
D05158,CC(C)CCC(=O)OCC(=O)NC1=NC(=CS1)C2=C(C=CC(=C2)OC)OC
D05159,CC(C)C(C(=O)NC(=O)N)OC(=O)CNS(=O)(=O)C1=CC2=C(CCCC2)C=C1
D05160,CC(C1=CC(=CC=C1)C(F)(F)F)NC(C)C(=O)NC2=CC=CC=C2OC
D05161,C1=CC=C(C(=C1)NC(=O)COC2=CC=CC=C2Br)OC(F)F
D05162,CC1=CN=C(S1)NC(=O)C2=CC3=C(S2)N=C4N3C=CS4
D05163,CC1=CC=C(C=C1)C2=NN(C=C2C(=O)OCC(=O)NC3=NOC(=C3)C)C4=CC=CC=C4
D05164,CCCC(C(=O)NC1=NOC(=C1)C)OC(=O)C2=CC=C(C=C2)N(C)C
D05165,CCC1=NC2=CC=CC=C2C(=C1C)C(=O)OCC(=O)C3=CC=CC=C3Cl
D05166,CC1CCC2=CC=CC=C2N1C(=O)CN3CCNC(=O)C3
D05167,C1=CC=C(C(=C1)OCC(=O)OCC(=O)NC2=CC3=C(C=C2)OC(O3)(F)F)Cl
D05168,COC1=C(C=C(C=C1)F)COC(=O)C2=CC3=C(C=C2)SCCC(=O)N3
D05169,CCC1=C(SC(=C1)C(=O)OCC(=O)NC2=C(C(=CC=C2)Cl)Cl)C
D05170,CC1=C(C=C(C=C1)S(=O)(=O)C)C(=O)OCC(=O)NCC23CC4CC(C2)CC(C4)C3
D05171,CCC1=NC2=CC=CC=C2C(=C1C)C(=O)OC(C)C(=O)NC(C)CCC3=CC=CC=C3
D05172,CN(CC(=O)OCC1=CC=CC=C1Cl)S(=O)(=O)C2=CC=C(C=C2)F
D05173,CCOC1=C(C=C2C(=C1)CC(O2)C)CNC(=O)CC3=CC=C(S3)S(=O)(=O)N4CCCC4
D05174,CC1=CC(=CC(=C1)N2C=CN=C2SCC(=O)N(C)CCC#N)C
D05175,CCOC(=O)C1=C(SC(=C1CSC2=CC=C(C=C2)C(C)(C)C)C(=O)NC)N
D05176,CC(C)(C)C1=CC=C(C=C1)SCC(=O)NNC(=O)C2=CC=CC=C2
D05177,CC(C(=O)NC1=CC=C(C=C1)C(=O)N)OC2=CC(=CC(=C2)Cl)Cl
D05178,CC1=CC=C(C=C1)C2=NOC(=C2)NC(=O)CN3CCCC3
D05179,CC(CN1C(=O)C2=C(C=C(C=C2)C(=O)OC)N=C1SC(C)C(=O)N3CCCC3)O
D05180,C1=CC=C(C(=C1)NC(=O)COC2=CC=CC=C2Br)OC(F)F
D05181,CCC1=NC2=CC=CC=C2C(=C1C)C(=O)OC(C)C(=O)N3C(CCCC3C)C
D05182,CC1=C(SC(=N1)C2=CC=C(C=C2)F)C(=O)NCC(=O)NC(C)(C)C
D05183,CC1CCCCC1NC(=O)COC(=O)C2=C(C=CC(=C2)S(=O)(=O)C)C
D05184,CCC1=C(SC(=C1)C(=O)OCC(=O)C(=C2NC3=CC=CC=C3N2)C#N)C
D05185,CC1=CC(=C(C(=O)N1)CNC(=O)C2=C(C(=CC=C2)OC)OC)C
D05186,CCCNC(=O)NC(=O)COC(=O)C1=CN(N=C1C2=CC=C(C=C2)C)C3=CC=CC=C3
D05187,CCC1=NC2=CC=CC=C2C(=C1C)C(=O)OC(C)C(=O)N3C(CCCC3C)C
D05188,CC(C(=O)NC1=CC2=C(C=C1)OCO2)OC(=O)COC3=CC=CC=C3Cl
D05189,CC1=CC=CC=C1C=CC(=O)OC(C)C(=O)NC2=CC=C(C=C2)NC(=O)C
D05190,CCCOC1=C(C=C(C=C1Cl)C=CC(=O)OCC(=O)N2CC(OC(C2)C)C)OC
D05191,CC1=CC2=C(C=C1)N=C(S2)NC(=O)C3=CSC=C3
D05192,CC(C)C(C(=O)NC(=O)N)OC(=O)COC1=CC=CC=C1Cl
D05193,CCC1=CC=CC=C1NC(=O)CNC(=O)C2=CC(=CC=C2)NC(=O)C
D05194,C1CCC2=C(C1)C=CC(=C2)S(=O)(=O)NCC(=O)OCC(=O)N3CCOCC3
D05195,CC(CN1C(=O)C2=C(C=C(C=C2)C(=O)OC)N=C1SC(C)C(=O)N3CCCC3)O
D05196,COC1=CC=CC=C1C(=O)COC(=O)C2=CC3=C(C=C2)SCCC(=O)N3
D05197,CC1=CC(=C(C(=O)N1)CNC(=O)C2=CC=CC=C2C(F)(F)F)C
D05198,CCC1=C(SC(=C1)C(=O)OCC(=O)NC2=C(C(=C(C=C2)F)F)F)C
D05199,CC1=C(C=C(C=C1)S(=O)(=O)C)C(=O)OCC(=O)NC
D05200,C1CSC2=C(C=C(C=C2)C(=O)OCC(=O)NC3=C(C(=C(C=C3)F)F)F)NC1=O
D05201,C1=CC=C(C(=C1)NC(=O)COC2=CC=CC=C2Br)OC(F)F
D05202,CC1=CC=C(C=C1)C2=NN(C=C2C(=O)OC(C)C(=O)NC(=O)NC)C3=CC=CC=C3
D05203,C1=CC(=CC(=C1)Br)CNC2=NN=N[N-]2
D05204,CC(C(=O)NC1=CC=C(C=C1)C(=O)C)OC(=O)COC2=CC=CC=C2Cl
D05205,CCC1=NC2=CC=CC=C2C(=C1C)C(=O)OC(C)C(=O)N3C(CCCC3C)C
D05206,C1=CC=C(C=C1)CCCNC(=O)COC2=CC=CC=C2Br
D05207,CC(C)(C)C1=CC=C(C=C1)SCN2C(=O)C3=CC=CC=C3N=N2
D05208,CC1CCN(C2=CC=CC=C2S1)C(=O)COC3=CC=CC=C3Br
D05209,C1=CC=C(C(=C1)NC(=O)COC2=CC=CC=C2Br)OC(F)F
D05210,CC1=CC2=C(C=C1C)OC(=O)C=C2COC(=O)COC3=CC=CC=C3Cl
D05211,C#CCNC(=O)N1CCN(CC1)C2=CC=C(C=C2)F
D05212,CC(CN1C(=O)C2=C(C=C(C=C2)C(=O)OC)N=C1SCC3=CC(=CC=C3)F)O
D05213,CCOC1=CC=CC2=C1OC(=C2)C(C)NC(=O)CNC(=O)CC34CC5CC(C3)CC(C5)C4
D05214,CC(C)C(C)NC(=O)COC(=O)CN(C)S(=O)(=O)C1=CC=C(C=C1)F
D05215,CC1=C(SC(=N1)C2=CC=C(C=C2)F)C(=O)NCC(=O)NC(C)(C)C
D05216,C1CCC(CC1)[NH2+]CC2=C(C=CC=C2Cl)F
D05217,CC1CCCC(N1C(=O)COC(=O)C2=CC3=C(C=C2)SCCC(=O)N3)C
D05218,CCC1=C(SC(=C1)C(=O)OCC(=O)NC2=C(C=CC(=C2)[N+](=O)[O-])F)C
D05219,CC(CN1C(=O)C2=C(C=C(C=C2)C(=O)OC)N=C1SCC3=CC(=CC=C3)C#N)O
D05220,CCC1=NC2=CC=CC=C2C(=C1C)C(=O)OCC(=O)NC3=C(C=CC(=C3)Cl)C
D05221,CCC1=NC2=CC=CC=C2C(=C1C)C(=O)OCC(=O)C3=CC4=C(CCCC4)C=C3
D05222,CC(C)C(C)(C#N)NC(=O)COC1=CC=CC=C1Br
D05223,CC1=C(C=C(C=C1)S(=O)(=O)C)C(=O)OC(C)C2=CC=CC=C2
D05224,C1=CC(=CC(=C1)Br)CNC2=NN=N[N-]2
D05225,CC(C)N1C(=CC=N1)NC(=O)C(C)SC2=C(C=CC=C2Cl)Cl
D05226,CCC1=CC=C(C=C1)NC(=O)C(C)OC(=O)COC2=CC=CC=C2Cl
D05227,CCNC(=O)NC(=O)COC(=O)C1=C(C=CC(=C1)S(=O)(=O)C)C
D05228,CCCN1C(=NN=N1)COC2=C(C=C(C=C2[N+](=O)[O-])C)C
D05229,CCOC1=CC=CC2=C1OC(=C2)C(C)NC(=O)CNC(=O)CC34CC5CC(C3)CC(C5)C4
D05230,CCC1=NC2=CC=CC=C2C(=C1C)C(=O)OC(C)C(=O)NC3=CC=CC(=C3)C#N
D05231,CCOC(=O)NC(=O)CSC1=NN=C(S1)SCC2=CC=C(C=C2)C(C)C
D05232,C1CCC(CC1)[NH2+]CC2=C(C=CC=C2Cl)F
D05233,C1=CC=C(C=C1)N(CC#N)C(=O)COC(=O)C2=CC=C(S2)C3=CC=C(C=C3)Cl
D05234,CC1CCN(CC1)C(=O)COC(=O)C2=CN(N=C2C3=CC=C(C=C3)C)C4=CC=CC=C4
D05235,CCC1=C(SC(=C1)C(=O)OCC(=O)NC2=CC=CC=C2F)C
D05236,CCOC(=O)NC(=O)CSC1=NN=C(S1)SCC2=CC=C(C=C2)C(C)C
D05237,CC1=C(C=C(C=C1)Cl)NC(=O)CSC
D05238,CC(C)C(C)(C#N)NC(=O)COC1=CC=CC=C1Br
D05239,CCC1=C(SC(=C1)C(=O)OCC(=O)NC2=C(C=CC=C2C(C)C)C)C
D05240,CC1=C(C=C(C=C1)C(=O)OCC(=O)NC2=CC=C(C=C2)SC)O
D05241,CCOC1=C(C=C2C(=C1)CC(O2)C)CNC(=O)CC3=CC=C(S3)S(=O)(=O)N4CCCC4
D05242,CCCN1C(=O)C(=CC2=CC=CC=C2F)NC1=S
D05243,CC1=C(OC2=C1C=C(C=C2)OC)C(=O)NC3=CC(=NN3C)C(C)(C)C
D05244,C1=CC=C2C(=C1)C(C3=CC=CC=C32)OC(=O)COC4=CC=CC=C4Cl
D05245,CCNC(=O)NC(=O)COC(=O)C1=C(C=CC(=C1)S(=O)(=O)C)C
D05246,C1CCC(C1)N2CC(CC2=O)C(=O)NC3=CC=C(C=C3)SC(F)F
D05247,CN(CC(=O)OCC1=CC=CC=C1Cl)S(=O)(=O)C2=CC=C(C=C2)F
D05248,CCC1=C(SC(=C1)C(=O)OCC(=O)NC2=CC=C(C=C2)[N+](=O)[O-])C
D05249,CCC1=C(SC(=C1)C(=O)OCC(=O)NC2=C(C=CC=C2C(C)C)C)C
D05250,C1CCC(CC1)NC(=O)NC(=O)COC2=CC=CC=C2Br
D05251,CCC1=NC2=CC=CC=C2C(=C1C)C(=O)OC(C)C(=O)NCCC3=CCCCC3
D05252,CC(C(=O)NCC1=CC=CO1)OC(=O)C2=CC3=C(C=C2)SCCC(=O)N3
D05253,CC1=C(C=C(C=C1)S(=O)(=O)C)C(=O)OCC(=O)NC
D05254,CC(C)C(C)(C#N)NC(=O)COC(=O)CNS(=O)(=O)C1=CC2=C(CCCC2)C=C1
D05255,CCCOC1=C(C=C(C=C1Cl)C=CC(=O)OCC2=CC=C(C=C2)C#N)OC
D05256,CC1=CC=CC=C1C=CC(=O)OCC(=O)NC2CCCC3=CC=CC=C23
D05257,CC1=CC=C(C=C1)C(=O)C(C)OC(=O)C2=CC3=C(C=C2)SCCC(=O)N3
D05258,CC(C(=O)NC1=CC2=C(C=C1)OCO2)OC(=O)COC3=CC=CC=C3Cl
D05259,CC(C)C(C(=O)NC(=O)N)OC(=O)COC1=CC=CC=C1Cl
D05260,CC(C(=O)NC1CC1)OC(=O)CNS(=O)(=O)C2=CC3=C(CCCC3)C=C2
D05261,CC1=CC(=C(C(=C1)C)C(=O)COC(=O)C2=CC3=C(C=C2)SCCC(=O)N3)C
D05262,CC(CN1C(=O)C2=C(C=C(C=C2)C(=O)OC)N=C1SC(C)C3=CC=CC=C3)O
D05263,CC1=CC(=C(C(=C1)C)C(=O)COC(=O)C2=CC3=C(C=C2)SCCC(=O)N3)C
D05264,CC(C1=CC=CC=C1Br)NC(=O)COC2=CC=CC=C2Br
D05265,CC1=CC(=C(C(=C1)C)C(=O)COC(=O)C2=CC3=C(C=C2)SCCC(=O)N3)C
D05266,CN(CC(=O)OCC1=C(C=C(C=C1)Cl)Cl)S(=O)(=O)C2=CC=C(C=C2)F
D05267,C#CCNC(=O)N1CCN(CC1)C2=CC=C(C=C2)F
D05268,CC1=CC=C(C=C1)C2=NN(C=C2C(=O)OCC(=O)NC(C)C(C)C)C3=CC=CC=C3
D05269,CC(C(=O)C1=CC=C(C=C1)OC)OC(=O)C2=CC3=C(C=C2)SCCC(=O)N3
D05270,CCC1=NC2=CC=CC=C2C(=C1C)C(=O)OC(C)C(=O)NC(C)CCC3=CC=CC=C3
D05271,CC1=CC=C(C=C1)C(=O)NCC2=CC=C(C=C2)CN3CCOCC3
D05272,CC(C1=CC=CC=N1)NS(=O)(=O)C2=CC3=C(C=C2)N(CCC3)C(=O)C
D05273,C1CCC(CC1)[NH2+]CC2=C(C=CC=C2Cl)Cl
D05274,C1CSC2=C(C=C(C=C2)C(=O)OCC(=O)NC3=CC=CC=C3C#N)NC1=O
D05275,CC(C(=O)NC1=CC=CC=C1Cl)OC(=O)C2=CC(=CC=C2)NC(=O)C
D05276,CC(C)(C)C1=CC=C(C=C1)SCC(=O)NC2=CC(=CC=C2)S(=O)(=O)N(C)C
D05277,CC(CN1C(=O)C2=C(C=C(C=C2)C(=O)OC)N=C1SC(C)C(=O)N3CCCC3)O
D05278,CC1=CSC2=NC(=CC(=O)N12)CNC(C)C3=CC=CC=C3
D05279,CC(C(=O)NC1CCCC1)OC(=O)CN(C)S(=O)(=O)C2=CC=C(C=C2)F
D05280,CC1=C(C=CC(=C1)Br)NC(=O)CNC(=O)C2=CNC(=O)C=C2
D05281,CC(C(=O)C1=CC=C(C=C1)OC)OC(=O)C2=CC3=C(C=C2)SCCC(=O)N3
D05282,C1=CC=C2C(=C1)C=C(S2)C(=O)NC3=CC=NC=C3
D05283,CCC1=C(SC(=C1)C(=O)OCC(=O)NC2=CC(=CC=C2)[N+](=O)[O-])C
D05284,C1CCC2=C(C1)C=CC(=C2)S(=O)(=O)NCC(=O)OCC(=O)NC3=CC=CC=C3
D05285,CCCCC1=CC=C(C=C1)NC(=O)COC(=O)COC2=CC=CC=C2Cl
D05286,CC1CCN(C2=CC=CC=C2S1)C(=O)COC3=CC=CC=C3Br
D05287,C#CCNC(=O)N1CCN(CC1)C2=CC=C(C=C2)F
D05288,CC(C)C(C)NC(=O)COC(=O)CN(C)S(=O)(=O)C1=CC=C(C=C1)F
D05289,CCCN1C(=O)C(=CC2=CC=CC=C2F)NC1=S
D05290,CC1=C(C=C(O1)COC(=O)C2=CC3=C(C=C2)SCCC(=O)N3)C(=O)OC
D05291,CC(CN1C(=O)C2=C(C=C(C=C2)C(=O)OC)N=C1SCC(=O)N)O
D05292,CN(C1=CC=CC=C1)C(=O)CN2C3=CC=CC=C3N=CC2=O
D05293,CCOC1=CC=CC=C1COC(=O)CN(C)S(=O)(=O)C2=CC=C(C=C2)F
D05294,CCC1=C(SC(=C1)C(=O)OCC(=O)NC2=CC=C(C=C2)[N+](=O)[O-])C
D05295,CCNC(=O)NC(=O)COC(=O)C1=C(C=CC(=C1)S(=O)(=O)C)C
D05296,CC1=C(C=C(O1)COC(=O)C2=CC3=C(C=C2)SCCC(=O)N3)C(=O)OC
D05297,CC1=CC=C(C=C1)C(=O)NCC2=CC=C(C=C2)CN3CCOCC3
D05298,COC1=CC=C(C=C1)NC(=O)CSC2=C(C=CC=C2Cl)Cl
D05299,CCCOC1=C(C=C(C=C1Cl)C=CC(=O)OCC2=CC=C(C=C2)C#N)OC
D05300,C1=CC(=CC=C1C(=O)CN2C=NC3=C(C2=O)SC=C3)F
D05301,CCCN1C(=O)C(=CC2=CC=CC=C2F)NC1=S
D05302,CCOC(=O)NC(=O)CSC1=NN=C(S1)SCC2=CC=C(C=C2)C(C)C
D05303,COC1=CC(=C(C=C1CNC(=O)C2=CC3=C(C=C2)N=CN3)OC)OC
D05304,CC(CN1C(=O)C2=C(C=C(C=C2)C(=O)OC)N=C1SCC(=O)N)O
D05305,CC1=CC(=C(N1C2CCS(=O)(=O)C2)C)C(=O)CSC3=CC=C(C=C3)C(C)(C)C
D05306,CN(CC(=O)OCC1=CC(=C(C=C1)OC)F)S(=O)(=O)C2=CC=C(C=C2)F
D05307,C1=CC=C(C(=C1)OCC(=O)NC2=C(C=CC=C2Cl)Cl)Br
D05308,CC1=CC(=CC=C1)N2CCN(CC2)CC(=O)NC(=O)NC3CCCC3
D05309,CCCOC1=CC=CC=C1NC(=O)C2=CC3=NC=CN=C3C=C2
D05310,C1COCCN1CCCNC(=O)C2=CC=C(C=C2)C3SCCS3
D05311,CCC1=C(SC(=C1)C(=O)OCC(=O)NCC2=CC=C(C=C2)C(=O)OC)C
D05312,COC(=O)C1=CC=C(C=C1)COC(=O)CNS(=O)(=O)C2=CC3=C(CCCC3)C=C2
D05313,CC1=CC=C(C=C1)NC(=O)COC(=O)CNS(=O)(=O)C2=CC3=C(CCCC3)C=C2
D05314,C1CN(CCN1CC2=CSC3=CC=CC=C32)C(=O)NCC4=CC=CC=N4
D05315,CC1CCN(CC1)C(=O)COC(=O)C2=CN(N=C2C3=CC=C(C=C3)C)C4=CC=CC=C4
D05316,C1C2CC3CC1CC(C2)(C3)CNC(=O)COC4=CC=CC=C4Br
D05317,C1=CC=C(C(=C1)OCC(=O)NC2=C(C=CC=C2Cl)Cl)Br
D05318,CCC1=NC2=CC=CC=C2C(=C1C)C(=O)OCC(=O)NC3=CC=CC=C3C(C)CC
D05319,CC(C)CCC(=O)OC(C(C)C)C(=O)NC(=O)N
D05320,C1CS(=O)(=O)CC1NC(=O)COC(=O)COC2=CC=CC=C2Cl
D05321,CCC1=NC2=CC=CC=C2C(=C1C)C(=O)OC(C)C(=O)NC(C)CCC3=CC=CC=C3
D05322,CC(C(=O)NC1CC1)OC(=O)CNS(=O)(=O)C2=CC3=C(CCCC3)C=C2
D05323,CC(C)(C)C1=CC=C(C=C1)SCC(=O)NC2=CC(=CC=C2)S(=O)(=O)N(C)C
D05324,CC1=CC(=C(N1C)C)C(=O)COC(=O)CNS(=O)(=O)C2=CC3=C(CCCC3)C=C2
D05325,CC1=CC(=C(C(=O)N1)CNC(=O)C2=CC=CC=C2C(F)(F)F)C
D05326,COC1=CC=CC=C1C(=O)COC(=O)C2=CC3=C(C=C2)SCCC(=O)N3
D05327,C1=CC=C(C(=C1)OCC(=O)OCC(=O)NC2=CC3=C(C=C2)OC(O3)(F)F)Cl
D05328,CC1=C(C=C(C=C1)C(=O)OCC(=O)NC2=CC=C(C=C2)SC)O
D05329,C1=CC=C2C(=C1)C(C3=CC=CC=C32)OC(=O)COC4=CC=CC=C4Cl
D05330,CCC1=CC=CC=C1NC(=O)CNC(=O)C2=CC(=CC=C2)NC(=O)C
D05331,CC1=CC=C(C=C1)C(=O)NCC2=CC=C(C=C2)CN3CCOCC3
D05332,CC1CCN(CC1)C(=O)CSC2=NN=C3N2C4=CC=CC=C4C(=O)N3CC5=CC=CC=C5OC
D05333,CC1=C(C(=C(C=C1)[N+](=O)[O-])NC(=O)COC(=O)COC2=CC=CC=C2Cl)C
D05334,CCNC(=O)NC(=O)COC(=O)CNS(=O)(=O)C1=CC2=C(CCCC2)C=C1
D05335,CC(C)CCC(=O)OCC(=O)NC1=CC(=NN1C)C2=CC=C(C=C2)Cl
D05336,CC(C)(C)NC(=O)CSC1=NN=NN1CC2CCCO2
D05337,C1CSC2=C(C=C(C=C2)C(=O)OCCOC3=CC=CC=C3F)NC1=O
D05338,CC(C(=O)NC1=CC=CC=C1OC)NC2=CC3=C(CCC3)C=C2
D05339,C1=CC=C(C=C1)N(CC#N)C(=O)COC(=O)C2=CC=C(S2)C3=CC=C(C=C3)Cl
D05340,CN(C1=CC=CC=C1)C(=O)CN2C3=CC=CC=C3N=CC2=O
D05341,CC1=CC=C(C=C1)C2=NN(C=C2C(=O)OCC(=O)NC3=NOC(=C3)C)C4=CC=CC=C4
D05342,CC(C1=CC=CC=C1Br)NC(=O)COC2=CC=CC=C2Br
D05343,CN1C=CN=C1C(C2=CC(=CC=C2)OC)NC3=C4C=NN(C4=NC=N3)C5=CC=C(C=C5)F
D05344,C1CN(CCN1CC2=CSC3=CC=CC=C32)C(=O)NCC4=CC=CC=N4
D05345,CCCOC1=CC=CC=C1NC(=O)C2=CC3=NC=CN=C3C=C2
D05346,CC(C)(C)NC(=O)CSC1=NN=NN1CC2CCCO2
D05347,CC1=C(C=C(C=C1)S(=O)(=O)N2CCOCC2)NC(=O)COC(=O)CCC(C)C
D05348,CC1=C(C=C(C=C1)S(=O)(=O)C)C(=O)OCC(=O)NCCOC
D05349,CCC1=NC2=CC=CC=C2C(=C1C)C(=O)OC(C)C(=O)N3C(CCCC3C)C
D05350,C1CSC2=C(C=C(C=C2)C(=O)OCC(=O)C3=CC=CC=C3F)NC1=O
D05351,CC(C)C(C)NC(=O)CSC1=CC=C(C=C1)[N+](=O)[O-]
D05352,CC(=O)NCC1=CC=C(C=C1)C(=O)NC2=NC3=C(C=CC=C3S2)OC
D05353,CC(C)CCC(=O)OC(C(C)C)C(=O)NC(=O)N
D05354,CCCNC(=O)COC(=O)C1=C(C=CC(=C1)S(=O)(=O)C)C
D05355,C1CC1NC(=O)NC(=O)COC(=O)C2=CC=C(S2)C3=CC=C(C=C3)Cl
D05356,CC(C1=CC(=CC=C1)C(F)(F)F)NC(=O)C2=CC=C(C=C2)CNC(=O)C
D05357,CN1C=CN=C1C(C2=CC(=CC=C2)OC)NC3=C4C=NN(C4=NC=N3)C5=CC=C(C=C5)F
D05358,CC1=CC(=C(C=C1)NC(=O)COC2=CC=CC=C2Br)Cl
D05359,COCCNC(=O)N1CCN(CC1)C2=CC=CC=C2Cl
D05360,CC(C)C1=NN=C(S1)NC(=O)C=CC2=CC=CC=C2F
D05361,C1=CC=C(C(=C1)OCC(=O)NC2=C(C=CC=C2Cl)Cl)Br
D05362,CCC1=NC2=CC=CC=C2C(=C1C)C(=O)OC(C)C(=O)NC3=CC=CC(=C3)C#N
D05363,CC(C(=O)C1=CC=C(C=C1)OC)OC(=O)C2=CC3=C(C=C2)SCCC(=O)N3
D05364,CCCOC1=C(C=C(C=C1Cl)C=CC(=O)OCC2=NN=C(O2)C3=CC=CO3)OC
D05365,CN(CC(=O)OCC1=CC=CC=C1Cl)S(=O)(=O)C2=CC=C(C=C2)F
D05366,CCCCC1=NOC(=N1)CS(=O)(=O)CC(=O)N
D05367,CC(C(=O)NC(=O)NC)OC(=O)COC1=CC=CC=C1Cl
D05368,C1CC(CN(C1)C2=C(C=C(C=C2)[N+](=O)[O-])Cl)O
D05369,CC(C)(C)C1=CC=C(C=C1)SCC(=O)N2CCNC2=O
D05370,CCC1=C(SC(=C1)C(=O)OCC(=O)C(=C2NC3=CC=CC=C3N2)C#N)C
D05371,CC1=CC(=C(N1C2CCS(=O)(=O)C2)C)C(=O)CSC3=CC=C(C=C3)C(C)(C)C
D05372,C1=CC=C(C=C1)CCCNC(=O)COC2=CC=CC=C2Br
D05373,CC1=CC=C(C=C1)C(=O)NCC2=CC=C(C=C2)CN3CCOCC3
D05374,CC1=C(C=C(C=C1)S(=O)(=O)C)C(=O)OCC(=O)NC2CCCC3=CC=CC=C23
D05375,CC(C(=O)NC(=O)NC)OC(=O)COC1=CC=CC=C1Cl
D05376,CC(C)CCN1C(=O)C2=C(C1=O)C=C(C=C2)C(=O)NC3CC3
D05377,CC1CCN(CC1)C(=O)COC(=O)C2=CN(N=C2C3=CC=C(C=C3)C)C4=CC=CC=C4
D05378,CC1CN(CC(O1)C)C(=O)COC(=O)C2=CC=C(S2)C3=CC=C(C=C3)Cl
D05379,CCCOC1=C(C=C(C=C1Cl)C=CC(=O)OC(C)C(=O)NC2CC2)OC
D05380,CC(C1=CC=CC=N1)NS(=O)(=O)C2=CC3=C(C=C2)N(CCC3)C(=O)C
D05381,CC1=C(C=C(C=C1)S(=O)(=O)C)C(=O)OCC(=O)C2=CC=C(C=C2)C3CCCCC3
D05382,CC(C)(C)C1=CC=C(C=C1)SCC(=O)N(C2CCS(=O)(=O)C2)C3=CC=CC=C3
D05383,CC(C)C(C(=O)NC(=O)N)OC(=O)COC1=CC=CC=C1Cl
D05384,CCC1CCCCN1C(=O)CN2C(=O)C(NC2=O)(C)C3=CC=C(C=C3)OC
D05385,CC(C)C(C)(C#N)NC(=O)COC1=CC=CC=C1Br
D05386,CN(CC(=O)OCC1=CC=CC=C1Cl)S(=O)(=O)C2=CC=C(C=C2)F
D05387,C1=CC=C(C(=C1)OCC(=O)OCC(=O)NCC2=CC(=CC=C2)Cl)Cl
D05388,CCC1=NC2=CC=CC=C2C(=C1C)C(=O)OC(C)C(=O)N(C)CC3=CC=CC=C3
D05389,C1=CC=C(C=C1)OC2=CC=CC=C2COC(=O)COC3=CC=CC=C3Cl
D05390,CC(C(=O)NC1=CC=CC=C1)OC(=O)CN(C)S(=O)(=O)C2=CC=C(C=C2)F
D05391,CC1=CC(=C(C(=O)N1)CNC(=O)C2=C(C(=CC=C2)OC)OC)C
D05392,C1CSC2=C(C=C(C=C2)C(=O)OCC(=O)NC3=CC=CC=C3C#N)NC1=O
D05393,CC(CN1C(=O)C2=C(C=C(C=C2)C(=O)OC)N=C1SC(C)C(=O)N3CCCC3)O
D05394,C1CSC2=C(C=C(C=C2)C(=O)OCC(=O)C3=CC=CC=C3F)NC1=O
D05395,CCC1=NC2=CC=CC=C2C(=C1C)C(=O)OCC(=O)C3=CC=CC=C3Cl
D05396,CCOC(=O)C1=C(NC(=C1C(=O)COC(=O)COC2=CC=CC=C2Cl)C)C
D05397,CC(C)C(C(=O)NC(=O)N)OC(=O)CNS(=O)(=O)C1=CC2=C(CCCC2)C=C1
D05398,CCNC(=O)NC(=O)COC(=O)C1=C(C=CC(=C1)S(=O)(=O)C)C
D05399,CC1CCC2=CC=CC=C2N1C(=O)CSC3=NN=C(S3)NCC=C
D05400,CC1=C(C=C(C=C1)S(=O)(=O)C)C(=O)OCC(=O)NC(C)(C#N)C(C)C
D05401,CC1=CC=C(C=C1)C2=NN(C=C2C(=O)OCC(=O)NC3=NOC(=C3)C)C4=CC=CC=C4
D05402,CC1=C(C=CC(=C1)NC(=O)COC(=O)CCC(C)C)Br
D05403,CCC1=CC=CC=C1NC(=O)CNC(=O)C2=CC(=CC=C2)NC(=O)C
D05404,CC1=C(C=C(O1)COC(=O)C2=CC3=C(C=C2)SCCC(=O)N3)C(=O)OC
D05405,CCC1=NC2=CC=CC=C2C(=C1C)C(=O)OC(C)C3=CC=CC=C3Cl
D05406,C1=CC=C(C(=C1)OCC(=O)NC2=C(C=CC=C2Cl)Cl)Br
D05407,COC1=C2C(=CC=C1)SC(=N2)NC(=O)C3=C(C=CC(=C3)[N+](=O)[O-])OC
D05408,CC(C(=O)NC(=O)NC)SC1=CC=C(C=C1)C(C)(C)C
D05409,CCC1=NC2=CC=CC=C2C(=C1C)C(=O)OCC3=CC(=CC4=C3OCOC4)Cl
D05410,CCC1=CC=C(C=C1)NC(=O)C(C)OC(=O)COC2=CC=CC=C2Cl
D05411,CCC1=NC2=CC=CC=C2C(=C1C)C(=O)OC(C)C(=O)NC3CC3
D05412,CC(C(=O)NC1=CC=C(C=C1)OC)OC(=O)C2=C(C=C(C=C2)F)N
D05413,C1=CC=C(C(=C1)NC(=O)COC2=CC=CC=C2Br)OC(F)F
D05414,CC(C)COC1=C(C=C(C=C1Cl)C=CC(=O)OCC(=O)N(C)C)OC
D05415,CC(C(=O)NC1=CC=CC=C1)OC(=O)CN(C)S(=O)(=O)C2=CC=C(C=C2)F
D05416,CCC1=CC=C(C=C1)NC(=O)C(C)OC(=O)COC2=CC=CC=C2Cl
D05417,CCC1=C(SC(=C1)C(=O)OCC(=O)NC2=C(C=C(C=C2)OC)[N+](=O)[O-])C
D05418,CN(CC(=O)OCC1=CC(=C(C=C1)OC)F)S(=O)(=O)C2=CC=C(C=C2)F
D05419,CCNC(=O)NC(=O)COC(=O)C1=C(C=CC(=C1)S(=O)(=O)C)C
D05420,CCC1=NC2=CC=CC=C2C(=C1C)C(=O)OCC(=O)C3=CC=CC=C3Cl
D05421,CC(C(=O)NC1=CC=CC2=CC=CC=C21)OC(=O)COC3=CC=CC=C3Cl
D05422,CC1=C(C=C(C=C1)S(=O)(=O)C)C(=O)OCC(=O)NCCC(C)C
D05423,CNC(=O)COC(=O)C1=CC2=C(C=C1)SCCC(=O)N2
D05424,CC1=CC(=C(C(=O)N1)CNC(=O)C2=C(C(=CC=C2)OC)OC)C
D05425,CC(C)OC(=O)CSC1=NC2=C(C=CC(=C2)C(=O)OC)C(=O)N1CC(C)O
D05426,C1CCC2=C(C1)C=CC(=C2)S(=O)(=O)NCC(=O)OCC(=O)NC3CC3
D05427,CCC(C)C(=NNC1=C(C=C(C=C1)[N+](=O)[O-])[N+](=O)[O-])C
D05428,C1=CC=C(C=C1)N(CC#N)C(=O)COC(=O)C2=CC=C(S2)C3=CC=C(C=C3)Cl
D05429,CC(C)(C)C1=CC=C(C=C1)SCN2C(=O)C3=CC=CC=C3N=N2
D05430,CCC1=CC=CC=C1NC(=O)COC(=O)COC2=CC=CC=C2Cl
D05431,CC1=CC=C(C=C1)NC(=O)COC(=O)CNS(=O)(=O)C2=CC3=C(CCCC3)C=C2
D05432,CCC1=C(SC(=C1)C(=O)OCC(=O)NC2=CC=C(C=C2)[N+](=O)[O-])C
D05433,CC(C1=CC(=CC=C1)C(F)(F)F)NC(C)C(=O)NC2=CC=CC=C2OC
D05434,CC(C1=C(C=C(C=C1)F)F)NC(=O)COC2=CC=CC=C2Br
D05435,CC(CN1C(=O)C2=C(C=C(C=C2)C(=O)OC)N=C1SC(C)C(=O)N3CCCC3)O
D05436,CC1=CC=CC=C1C=CC(=O)OC(C)C(=O)NC2=CC=C(C=C2)NC(=O)C
D05437,CC(CN1C(=O)C2=C(C=C(C=C2)C(=O)OC)N=C1SC(C)C(=O)N3CCCC3)O
D05438,CC(C(=O)NC1=CC=C(C=C1)C(=O)N)OC2=CC(=CC(=C2)Cl)Cl
D05439,CC(CN1C(=O)C2=C(C=C(C=C2)C(=O)OC)N=C1SC(C)C(=O)N3CCCC3)O
D05440,CC(C)C(C)(C#N)NC(=O)COC(=O)C1=CC2=C(C=C1)SCCC(=O)N2
D05441,CC(C(=O)C1=CC=C(C=C1)OC)OC(=O)C2=CC3=C(C=C2)SCCC(=O)N3
D05442,CC(C1=CC(=CC=C1)C(F)(F)F)NC(C)C(=O)NC2=CC=CC=C2OC
D05443,CC(C(=O)NC1=CC=CC=C1Cl)OC(=O)C2=CC(=CC=C2)NC(=O)C
D05444,CC(C)CCC(=O)OCC1=NC2=C(C(=CS2)C3=CC=CC=C3)C(=O)N1CC#N
D05445,CC(=O)NCC1=CC=C(C=C1)C(=O)NC2=NC3=C(C=CC=C3S2)OC
D05446,CC(C)CCC(=O)OC(C(C)C)C(=O)NC(=O)N
D05447,CC(C)C(C(=O)NC(=O)N)OC(=O)CNS(=O)(=O)C1=CC2=C(CCCC2)C=C1
D05448,CC1CCCCC1NC(=O)COC(=O)CNS(=O)(=O)C2=CC3=C(CCCC3)C=C2
D05449,CC(C(=O)NC1=CC=C(C=C1)F)OC(=O)COC2=CC=CC=C2Cl
D05450,CC1=CC=C(C=C1)C2=NN(C=C2C(=O)OCC(=O)NC(C)C(C)C)C3=CC=CC=C3
D05451,CC1CCN(C2=CC=CC=C2S1)C(=O)COC3=CC=CC=C3Br
D05452,CC(C(=O)NC(=O)NC)OC(=O)COC1=CC=CC=C1Cl
D05453,CC1CCCCC1NC(=O)COC(=O)CNS(=O)(=O)C2=CC3=C(CCCC3)C=C2
D05454,CC1=C(C=C(O1)COC(=O)C2=CC3=C(C=C2)SCCC(=O)N3)C(=O)OC
D05455,CCOC1=CC=CC2=C1OC(=C2)C(C)NC(=O)CNC(=O)CC34CC5CC(C3)CC(C5)C4
D05456,CC1=C(C=C(C=C1)S(=O)(=O)C)C(=O)OCC2=C(C=C(C=C2)Br)F
D05457,CNC(=O)COC(=O)C1=CC2=C(C=C1)SCCC(=O)N2
D05458,C1=CC=C2C(=C1)C(=CN2)CC(=O)NC3=CC=CC=C3O
D05459,C1CCC(CC1)[NH2+]CC2=C(C=CC=C2Cl)Cl
D05460,C1COCC[NH+]1CC(COC2=CC=C(C=C2)C3=NN=CO3)O
D05461,CC(C)C1=CC=C(C=C1)CSC2=NN=C(S2)SC(C)C(=O)NC(=O)N
D05462,CC1=C(C(=NN1C2=CC=C(C=C2)C(=O)NC3CC3)C)Cl
D05463,CCC1=C(SC(=C1)C(=O)OCC(=O)NCC2=CC=C(C=C2)C(=O)OC)C
D05464,C1CSC2=C(C=C(C=C2)C(=O)OCC(=O)C3=CC=CC=C3F)NC1=O
D05465,CCOC1=CC=CC=C1COC(=O)CN(C)S(=O)(=O)C2=CC=C(C=C2)F
D05466,CC1CCCCC1NC(=O)COC(=O)C2=C(C=CC(=C2)S(=O)(=O)C)C
D05467,CC(C(=O)NC(=O)NC)OC(=O)C1=CC2=C(C=C1)SCCC(=O)N2
D05468,CCC1=C(SC(=C1)C(=O)OCC(=O)NC2=C(C(=C(C=C2)F)F)F)C
D05469,CC1=C(C=C(C=C1)S(=O)(=O)N2CCOCC2)NC(=O)COC(=O)CCC(C)C
D05470,CC1=C(C=C(C=C1)S(=O)(=O)C)C(=O)OCC(=O)NCCC2=CC=C(C=C2)Cl
D05471,CC1CCN(CC1)C(=O)COC(=O)C2=CN(N=C2C3=CC=C(C=C3)C)C4=CC=CC=C4
D05472,CC1=C(C=C(C=C1)S(=O)(=O)C)C(=O)OCCOC2=CC=C(C=C2)Br
D05473,CC(C(=O)C1=CC2=C(CCC2)C=C1)OC(=O)COC3=CC=CC=C3Cl
D05474,CN(CC1=CC=CC=C1)C(=O)COC(=O)C2=CC3=C(C=C2)SCCC(=O)N3
D05475,CC(C(=O)NC(=O)NC)OC(=O)COC1=CC=CC=C1Cl
D05476,CC1=C(C(=C(C=C1)[N+](=O)[O-])NC(=O)COC(=O)COC2=CC=CC=C2Cl)C
D05477,CC(=O)NC1=C(C=CC(=C1)C(=O)COC(=O)C2=CC3=C(CCC3)C=C2)O
D05478,CC(C(=O)NC(=O)NC)OC(=O)COC1=CC=CC=C1Cl
D05479,CC(C)CCC(=O)OC(C)C(=O)NC1=CC=C(C=C1)S(=O)(=O)NC(C)C
D05480,C1CSC2=C(C=C(C=C2)C(=O)OCC(=O)NC3=C(C(=C(C=C3)F)F)F)NC1=O
D05481,CC1=CC(=C(C(=C1)C)C(=O)COC(=O)C2=CC3=C(C=C2)SCCC(=O)N3)C
D05482,C1=CC=C(C(=C1)OCC(=O)OCC(=O)NCC2=CC(=CC=C2)Cl)Cl
D05483,CC(C)C(C)NC(=O)CSC1=CC=C(C=C1)[N+](=O)[O-]
D05484,C1CCC(CC1)NC(=O)NC(=O)COC2=CC=CC=C2Br
D05485,CC1=CC=C(C=C1)C2=NN(C=C2C(=O)OCC(=O)C3=CC=C(C=C3)F)C4=CC=CC=C4
D05486,CC(C(=O)NCC1=CC=CO1)OC(=O)C2=CC3=C(C=C2)SCCC(=O)N3
D05487,CC1=CC=C(C=C1)OCCCC(=O)N2CCC3=CC(=C(C=C3C2CC(=O)OC)OC)OC
D05488,CCC(CC)NC(=O)COC(=O)CNS(=O)(=O)C1=CC2=C(CCCC2)C=C1
D05489,CC(=O)C1=CC2=C(C=C1NC(=O)CSC3=C(C=CC=C3Cl)Cl)OCO2
D05490,CC1=C(C=C(C=C1)S(=O)(=O)C)C(=O)OCC(=O)NCCC(C)C
D05491,CCC1=NC2=CC=CC=C2C(=C1C)C(=O)OCC(=O)NC3=C(C=C(C=C3Cl)C)C
D05492,CN(C)C(=O)COC(=O)C1=CC=C(S1)C2=CC=C(C=C2)Cl
D05493,CC(C)C(C(=O)NC(=O)N)OC(=O)COC1=CC=CC=C1Cl
D05494,CCC1=C(SC(=C1)C(=O)OCN2C(=O)C3=CC=CC=C3N=N2)C
D05495,CC1=CC=C(C=C1)C2=NN(C=C2C(=O)OCC3=CC4=C(C=C3)OCO4)C5=CC=CC=C5
D05496,COC1=CC=C(C=C1)CCNC(=O)COC2=CC=CC=C2Br
D05497,CC(C)N1C(=CC=N1)NC(=O)C(C)SC2=C(C=CC=C2Cl)Cl
D05498,CCC1=C(SC(=C1)C(=O)OCN2C(=O)C3=CC=CC=C3N=N2)C
D05499,CC(C)(C)C1=CC=C(C=C1)SCC(=O)NC2=CC=C(C=C2)C(=O)N
D05500,CC1CCCCN1C(=O)COC(=O)C2=CN(N=C2C3=CC=C(C=C3)C)C4=CC=CC=C4
D05501,CC(C(=O)N1CCN(CC1)S(=O)(=O)C2=CC=CC=C2)SCC3=CC(=CC=C3)Cl
D05502,CCCN1C(=O)C(=CC2=CC=CC=C2F)NC1=S
D05503,CNC(=O)COC(=O)C1=CC2=C(C=C1)SCCC(=O)N2
D05504,CC(C(=O)N)SC1=NC2=C(C=CC(=C2)C(=O)OC)C(=O)N1CC3CCCO3
D05505,C1CCC(C1)NC(=O)NC(=O)COC2=CC=CC=C2Br
D05506,CC(C)CCC(=O)OCC(=O)NC(=O)C1=CC=CC=C1OC
D05507,C1CCC2=C(C1)C=CC(=C2)S(=O)(=O)NCC(=O)OCC(=O)NC3CC3
D05508,C1=CC=C(C(=C1)OCC(=O)NC2=C(C=CC(=C2)Cl)N3C=NC=N3)Br
D05509,CCC1=NC2=CC=CC=C2C(=C1C)C(=O)OCC(=O)C3=CC=CC=C3Cl
D05510,CC(=O)NCC1=CC=C(C=C1)C(=O)NC2=NC3=C(C=CC=C3S2)OC
D05511,CCC1=CC=CC=C1NC(=O)CNC(=O)C2=CC(=CC=C2)NC(=O)C
D05512,CC1CCCCC1NC(=O)COC(=O)C2=C(C=CC(=C2)S(=O)(=O)C)C
D05513,CC1=CC=C(C=C1)C2=NN(C=C2C(=O)OCC(=O)NC3=NOC(=C3)C)C4=CC=CC=C4
D05514,CCC1=NC2=CC=CC=C2C(=C1C)C(=O)OC(C)C(=O)C3=C(NC4=CC=CC=C43)C
D05515,CC1=CC=C(C=C1)C2=NN(C=C2C(=O)OCC(=O)NC3=NOC(=C3)C)C4=CC=CC=C4
D05516,CC(C1=CC=CS1)NC(=O)COC(=O)C2=CC3=C(C=C2)SCCC(=O)N3
D05517,CCCN1C(=O)C(=CC2=CC=CC=C2F)NC1=S
D05518,CCCCCNC(=O)C(C)S(=O)(=O)CC1=NC(=NO1)C
D05519,CC1=CC(=C(N1C2CCS(=O)(=O)C2)C)C(=O)CSC3=CC=C(C=C3)C(C)(C)C
D05520,COC(=O)C1=CC2=C(C=C1)C(=O)N(C(=N2)SCC#N)CC3CCCO3
D05521,CC(C(=O)NC1=CC=C(C=C1)C(=O)N)OC2=CC(=CC(=C2)Cl)Cl
D05522,CC(C(=O)NC1=CC=C(C=C1)C(=O)C)OC(=O)COC2=CC=CC=C2Cl
D05523,CC1=CC(=CC=C1)N2C(=O)CCC(=N2)C(=O)NC3=C(C=C(C=C3)F)Cl
D05524,CC1=C(C=C(C=C1)F)C(=O)OC(C)C(=O)NC2=NOC(=C2)C
D05525,CC1=CC=C(C=C1)C2=NN(C=C2C(=O)OC(C)C(=O)NC(=O)NC)C3=CC=CC=C3
D05526,CC1CCCCN1C(=O)COC(=O)C2=CN(N=C2C3=CC=C(C=C3)C)C4=CC=CC=C4
D05527,CC1=CC(=C(N1C2CCS(=O)(=O)C2)C)C(=O)CSC3=CC=C(C=C3)C(C)(C)C
D05528,CC(C(=O)NCC1=CC2=C(C=C1)OCO2)SC3=C(C=CC=C3Cl)Cl
D05529,CC1=CC(=C(N1C2CCS(=O)(=O)C2)C)C(=O)CSC3=CC=C(C=C3)C(C)(C)C
D05530,CC(C)C(C(=O)NC(=O)N)OC(=O)CNS(=O)(=O)C1=CC2=C(CCCC2)C=C1
D05531,CC1=CC(=C(C(=C1)C)C(=O)COC(=O)C2=CC3=C(C=C2)SCCC(=O)N3)C
D05532,CC(C)CCC(=O)OCC(=O)NC1=CC=CC=C1C(=O)NC2=CC=CC=C2
D05533,CC(C)(C)C1=CC=C(C=C1)SCC(=O)N2CCNC2=O
D05534,CCN(CC1=CC=CC=C1)C(=O)COC(=O)CN(C)S(=O)(=O)C2=CC=C(C=C2)F
D05535,CC(C)N1C(=CC=N1)NC(=O)C(C)SC2=C(C=CC=C2Cl)Cl
D05536,CC1=CC(=CC=C1)N2C(=O)CCC(=N2)C(=O)NC3=C(C=C(C=C3)F)Cl
D05537,C1=CC=C(C(=C1)OCC(=O)NC2=C(C=CC=C2Cl)Cl)Br
D05538,CCC1=C(SC(=C1)C(=O)OCN2C(=O)C3=CC=CC=C3N=N2)C
D05539,CCCC1C(=O)N(C(=O)N1)CC2=CC=C(C=C2)C(=O)NC3=CC=CC=C3
D05540,CCC1=CC=CC=C1NC(=O)COC(=O)COC2=CC=CC=C2Cl
D05541,CC(C)CCC(=O)OCC(=O)NC1=CC(=CC=C1)S(=O)(=O)N(C)C2=CC=CC=C2
D05542,C1CC(OC1)C[NH2+]CC2=CC=C(C=C2)OCC3=CC=CC=C3
D05543,CCOC1=C(C=C2C(=C1)CC(O2)C)CNC(=O)CC3=CC=C(S3)S(=O)(=O)N4CCCC4
D05544,CC1=C(C=C(C=C1)C(=O)OCC(=O)NC2=CC=C(C=C2)SC)O
D05545,CC(C(=O)N1CCN(CC1)S(=O)(=O)C2=CC=CC=C2)SCC3=CC(=CC=C3)Cl
D05546,CC1=CC2=C(C=C1C)OC(=O)C=C2COC(=O)COC3=CC=CC=C3Cl
D05547,CN(CC(=O)OCC1=CC=CC=C1Cl)S(=O)(=O)C2=CC=C(C=C2)F
D05548,C1COCCN1CCCNC(=O)C2=CC=C(C=C2)C3SCCS3
D05549,C1=COC(=C1)C2=NN=C(O2)COC(=O)C3=CC=C(S3)C4=CC=C(C=C4)Cl
D05550,CC(CN1C(=O)C2=C(C=C(C=C2)C(=O)OC)N=C1SC(C)C(=O)N3CCCC3)O
D05551,CC(C)(C)C1=CC=C(C=C1)SCN2C(=O)C3=CC=CC=C3N=N2
D05552,CC(C)CCC(=O)OCC(=O)NC1=CC(=NN1C)C2=CC=C(C=C2)Cl
D05553,CC1=CC=C(C=C1)C2=NN(C=C2C(=O)OCC(=O)NC3=NOC(=C3)C)C4=CC=CC=C4
D05554,C1CS(=O)(=O)CC1NC(=O)COC(=O)COC2=CC=CC=C2Cl
D05555,CCC1=CC=CC(=C1NC(=O)CSC2=C(C=CC=C2Cl)Cl)C
D05556,CCC1=C(SC(=C1)C(=O)OCC(=O)NCC2=CC=C(C=C2)C(=O)OC)C
D05557,CC(CN1C(=O)C2=C(C=C(C=C2)C(=O)OC)N=C1SCC(=O)N)O
D05558,CCC1=NC2=CC=CC=C2C(=C1C)C(=O)OC(C)C(=O)NC(C)CCC3=CC=CC=C3
D05559,CC1CCN(CC1)C(=O)COC(=O)C2=CN(N=C2C3=CC=C(C=C3)C)C4=CC=CC=C4
D05560,CC(C)(C)C1=CC=C(C=C1)SCC(=O)NC2=CC(=CC=C2)S(=O)(=O)N(C)C
D05561,CCC1CCCCN1C(=O)CN2C(=O)C(NC2=O)(C)C3=CC=C(C=C3)OC
D05562,CC(C(=O)C1=CC=C(C=C1)OC)OC(=O)C2=CC3=C(C=C2)SCCC(=O)N3
D05563,CCC1=C(SC(=C1)C(=O)OCC(=O)NCC2=CC=C(C=C2)C(=O)OC)C
D05564,C1CCC(CC1)(CNC(=O)C2=CC(=C(C=C2)Cl)Cl)N3CCOCC3
D05565,CC1=CC(=C(C(=C1)C)C(=O)COC(=O)C2=CC3=C(C=C2)SCCC(=O)N3)C
D05566,CC1=CC=C(C=C1)C(=O)C(C)OC(=O)C2=CC3=C(C=C2)SCCC(=O)N3
D05567,CC1=CC=C(C=C1)C2=NN(C=C2C(=O)OCC(=O)NC3=NOC(=C3)C)C4=CC=CC=C4
D05568,CC(C)CCC(=O)OCC(=O)NC1=C(C=CC(=C1)S(=O)(=O)N2CCCCC2)OC
D05569,C1CSC2=C(C=C(C=C2)C(=O)OCC3=CC(=O)OC4=C3C=CC(=C4)O)NC1=O
D05570,CC(C(=O)NCC1=CC2=C(C=C1)OCO2)SC3=C(C=CC=C3Cl)Cl
D05571,CCCOC1=CC=CC=C1NC(=O)C2=CC3=NC=CN=C3C=C2
D05572,CC(C)(C)C(=O)CSC1=NC2=C(C=CC(=C2)C(=O)OC)C(=O)N1CC3=CC=CO3
D05573,CC(=O)NC1=C(C=CC(=C1)C(=O)COC(=O)C2=CC3=C(CCC3)C=C2)O
D05574,CCC1=C(SC(=C1)C(=O)OCC(=O)NC2=CC=CC=C2Br)C
D05575,CC1CCCCC1NC(=O)COC(=O)CNS(=O)(=O)C2=CC3=C(CCCC3)C=C2
D05576,C1=COC(=C1)C2=NN=C(O2)COC(=O)C3=CC=C(S3)C4=CC=C(C=C4)Cl
D05577,C1CSC2=C(C=C(C=C2)C(=O)OCC(=O)C3=CC=CC=C3F)NC1=O
D05578,CC(C)(C)C1=CC=C(C=C1)SCC(=O)NCCC#N
D05579,CCC1=NC2=CC=CC=C2C(=C1C)C(=O)OC(C)C3=CC=CC=C3Cl
D05580,CCC1=NC2=CC=CC=C2C(=C1C)C(=O)OCC(=O)NC(C)(C#N)C3CC3
D05581,CC(C1=CC=CS1)NC(=O)COC2=CC=CC=C2Br
D05582,C1C(=O)NC2=CC=CC=C2N1C(=O)COC3=CC=CC=C3Br
D05583,CC1=CC=C(C=C1)OCCOC(=O)CN(C)S(=O)(=O)C2=CC=C(C=C2)F
D05584,COC1=CC=CC=C1C(=O)NC(=O)COC(=O)C2=CC3=C(C=C2)SCCC(=O)N3
D05585,CN(CC(=O)OCC1=CC=CC=C1Cl)S(=O)(=O)C2=CC=C(C=C2)F
D05586,CC(C(=O)NC1=CC=CC=C1OC)SC2=CC=C(C=C2)C(C)(C)C
D05587,CN(CC(=O)OCC1=C(C=CC=C1Cl)F)S(=O)(=O)C2=CC=C(C=C2)F
D05588,CCC1=C(SC(=C1)C(=O)OCC(=O)NC2=CC=C(C=C2)C#N)C
D05589,CCC1=CC=CC=C1NC(=O)COC(=O)COC2=CC=CC=C2Cl
D05590,CC(C#N)(C1CC1)NC(=O)COC2=CC=CC=C2Br
D05591,CC1=CC=C(C=C1)C2=NN(C=C2C(=O)OCC(=O)NC3=NOC(=C3)C)C4=CC=CC=C4
D05592,CC(C12CC3CC(C1)CC(C3)C2)NC(=O)COC(=O)COC4=CC=CC=C4Cl
D05593,CC(C)(C)C1=CC=C(C=C1)SCC(=O)N2CCNC2=O
D05594,C1CC(C2=CC=CC=C2C1)NC(=O)COC3=CC=CC=C3Br
D05595,CCC1=NC2=CC=CC=C2C(=C1C)C(=O)OCC(=O)N3CCC(=N3)C4=CC=CC=C4
D05596,CN1C=CN=C1C(C2=CC(=CC=C2)OC)NC3=C4C=NN(C4=NC=N3)C5=CC=C(C=C5)F
D05597,CC(C(=O)NC1=CC=CC=C1Cl)OC(=O)C2=CC(=CC=C2)NC(=O)C
D05598,CC1=CC(=C(C(=C1)C)C(=O)COC(=O)C2=CC3=C(C=C2)SCCC(=O)N3)C
D05599,CC(C)C(C(=O)NC(=O)N)OC(=O)CNS(=O)(=O)C1=CC2=C(CCCC2)C=C1
D05600,CC1=C(C=C(C=C1)S(=O)(=O)C)C(=O)OCC(=O)NC(C)C2=C(C=C(C=C2)F)F
D05601,CC1=CC=C(C=C1)C(=O)NCC2=CC=C(C=C2)CN3CCOCC3
D05602,C1CCC(CC1)C(=O)N2CCC3=C(C2)SC4=NC=NC(=C34)N
D05603,CC1=CC=C(C=C1)NC(=O)COC(=O)CNS(=O)(=O)C2=CC3=C(CCCC3)C=C2
D05604,CC(C(=O)NC1CCCC1)OC(=O)CN(C)S(=O)(=O)C2=CC=C(C=C2)F
D05605,CC1=CC(=C(C(=O)N1)CNC(=O)C2=CC=CC=C2C(F)(F)F)C
D05606,CCN(CC1=CC=CC=C1)C(=O)COC(=O)C2=CC3=C(C=C2)SCCC(=O)N3
D05607,CC(CN1C(=O)C2=C(C=C(C=C2)C(=O)OC)N=C1SCC(=O)N)O
D05608,CC1=CSC2=NC(=CC(=O)N12)CNC(C)C3=CC=CC=C3
D05609,C1CSC2=C(C=C(C=C2)C(=O)OCCOC3=CC=CC=C3F)NC1=O
D05610,CC(C)(C)C1=CC=C(C=C1)SCC(=O)N2CCNC2=O
D05611,CCC1=CC=CC=C1NC(=O)COC(=O)COC2=CC=CC=C2Cl
D05612,CC(C(=O)NC1CC1)OC(=O)CNS(=O)(=O)C2=CC3=C(CCCC3)C=C2
D05613,C#CCNC(=O)N1CCN(CC1)C2=CC=C(C=C2)F
D05614,CC1CC2=CC=CC=C2N1C(=O)COC(=O)CN(C)S(=O)(=O)C3=CC=C(C=C3)F
D05615,CC1=CC(=C(N1C2CCS(=O)(=O)C2)C)C(=O)CSC3=CC=C(C=C3)C(C)(C)C
D05616,C1COCCN1S(=O)(=O)C2=CN=C(C=C2)SC3=NC4=CC=CC=C4S3
D05617,CC(C)CCC(=O)OCC(=O)NC(=O)C1=CC=CC=C1OC
D05618,CCCOC1=C(C=C(C=C1Cl)C=CC(=O)OCC2=NN=C(O2)C3=CC=CO3)OC
D05619,CCC1=NC2=CC=CC=C2C(=C1C)C(=O)OCC(=O)C3=CC=CC=C3Cl
D05620,CC1=C(C=C(C=C1)S(=O)(=O)C)C(=O)OCCOC2=CC=C(C=C2)Br
D05621,CC1=CC=C(C=C1)C2=NOC(=C2)NC(=O)CN3CCCC3
D05622,CC1=C(C=C(C=C1)S(=O)(=O)N2CCCCC2)NC(=O)COC(=O)CCC(C)C
D05623,CC(CN1C(=O)C2=C(C=C(C=C2)C(=O)OC)N=C1SC(C)C(=O)N3CCCC3)O
D05624,CCC1=C(SC(=C1)C(=O)OCC(=O)NC2=C(C(=CC=C2)Cl)Cl)C
D05625,C1=CC=C(C(=C1)NC(=O)COC2=CC=CC=C2Br)OC(F)F
D05626,CC1=C(C=C(C=C1)Cl)NC(=O)CSC
D05627,CC(C)C(C(=O)NC(=O)N)OC(=O)CNS(=O)(=O)C1=CC2=C(CCCC2)C=C1
D05628,CC1CCC2=CC=CC=C2N1C(=O)CSC3=NN=C(S3)NCC=C
D05629,CCC1=NC2=CC=CC=C2C(=C1C)C(=O)OC(C)C(=O)NC(C)CCC3=CC=CC=C3
D05630,CC1=C(C=C(C=C1)S(=O)(=O)C)C(=O)OCC(=O)NC(C)(C#N)C(C)C
D05631,CCCOC1=C(C=C(C=C1Cl)C=CC(=O)OC(C)C(=O)NC2CC2)OC
D05632,CC(C)CCC(=O)OCC(=O)NC(=O)C1=CC=CC=C1OC
D05633,C1CCC2=C(C1)C=CC(=C2)S(=O)(=O)NCC(=O)OCC(=O)NC3CC3
D05634,C1CCC2(CC1)CC(=O)N(C2=O)CC(=O)C3=CC4=CC=CC=C4C=C3
D05635,CC(C)C(C)NC(=O)CSC1=CC=C(C=C1)[N+](=O)[O-]
D05636,C1CS(=O)(=O)CC1NC(=O)COC(=O)COC2=CC=CC=C2Cl
D05637,COCCNC(=O)N1CCN(CC1)C2=CC=CC=C2Cl
D05638,CCC1=C(SC(=C1)C(=O)OCC(=O)NC2=CC=C(C=C2)C(=O)OCC)C
D05639,CC1=CC=C(C=C1)C(=O)NCC2=CC=C(C=C2)CN3CCOCC3
D05640,CC1=CC(=C(C=C1)F)NC(=O)C2=CC(=CC=C2)NC(=O)C
D05641,C1=CC=C(C(=C1)NC(=O)COC2=CC=CC=C2Br)OC(F)F
D05642,C1COCC[NH+]1CC(COC2=CC=C(C=C2)C3=NN=CO3)O
D05643,CC(C(=O)C1=CC=C(C=C1)OC)OC(=O)C2=CC3=C(C=C2)SCCC(=O)N3
D05644,CCC1=NC2=CC=CC=C2C(=C1C)C(=O)OC(C)C(=O)NC3=CC=CC(=C3)C#N
D05645,CC(CN1C(=O)C2=C(C=C(C=C2)C(=O)OC)N=C1SCC=CC3=CC=CC=C3)O
D05646,CC(C)(C)C(=O)CSC1=NC2=C(C=CC(=C2)C(=O)OC)C(=O)N1CC3=CC=CO3
D05647,CCC1=C(SC(=C1)C(=O)OCC(=O)NC2=CC=C(C=C2)C(=O)OCC)C
D05648,CC1=C(C=CC(=C1)NC(=O)COC(=O)CCC(C)C)Br
D05649,CC(C)(C)C1=CC=C(C=C1)SCC(=O)NN2C(=O)C3(CCCCC3)NC2=O
D05650,C1CN(C2=CC=CC=C21)C(=O)C3=CC=C(C=C3)N4C=NN=N4
D05651,CC(C)(C)C1=CC=C(C=C1)SCC(=O)NC2=CC=C(C=C2)C(=O)N
D05652,CC(C(=O)NC1=CC=CC=C1OC)SC2=CC=C(C=C2)C(C)(C)C
D05653,CC(C)(C)C1=CC=C(C=C1)SCC(=O)NC2=CC(=CC=C2)S(=O)(=O)N(C)C
D05654,COC1=CC(=CC(=C1OC)OC)CNC(=O)C2=C(C=CC(=C2)Cl)Cl
D05655,CC(C)C(C(=O)NC(=O)N)OC(=O)COC1=CC=CC=C1Cl
D05656,CN(C)S(=O)(=O)C1=CC=C(C=C1)NC(=O)COC2=CC=CC=C2Br
D05657,CC(C(=O)NC1=CC=C(C=C1)C(=O)N)OC2=CC(=CC(=C2)Cl)Cl
D05658,C1CSC2=C(C=C(C=C2)C(=O)OCC(=O)NC3=C(C=CC(=C3)F)F)NC1=O
D05659,CC(C(=O)NC1CCCC1)OC(=O)CN(C)S(=O)(=O)C2=CC=C(C=C2)F
D05660,CCCOC1=C(C=C(C=C1Cl)C=CC(=O)OC2CCOC2=O)OC
D05661,CC1CCCCC1NC(=O)COC(=O)CNS(=O)(=O)C2=CC3=C(CCCC3)C=C2
D05662,CC1=CC(=CC(=C1)N2C=CN=C2SCC(=O)N(C)CCC#N)C
D05663,CC(C(=O)C1=CC=C(C=C1)OC)OC(=O)C2=CC3=C(C=C2)SCCC(=O)N3
D05664,CC(C(=O)NC(=O)NC)SC1=CC=C(C=C1)C(C)(C)C
D05665,CCC(C1=CC=C(C=C1)C)NC(=O)COC(=O)COC2=CC=CC=C2Cl
D05666,CN(CC1=CC=C(C=C1)OC)C(=O)NC2=CN=CC=C2
D05667,CC(C)CCC(=O)OCC(=O)NC1(CCCCC1)C#N
D05668,COC1=CC(=CC(=C1OC)OC)NC(=O)C2=NNC3=CC=CC=C32
D05669,CCC1=NC2=CC=CC=C2C(=C1C)C(=O)OCC(=O)NC3=C(C=CC(=C3)Cl)C
D05670,C1CCC(C1)NC(=O)COC(=O)C2=CC3=C(C=C2)SCCC(=O)N3
D05671,CC1=CC(=C(C(=O)N1)CNC(=O)C2=C(C(=CC=C2)OC)OC)C
D05672,C1CC2=C(C1)C=C(C=C2)NC(=O)COC3=CC=CC=C3Br
D05673,CC1=C(OC2=C1C=C(C=C2)OC)C(=O)NC3=CC(=NN3C)C(C)(C)C
D05674,CC(CN1C(=O)C2=C(C=C(C=C2)C(=O)OC)N=C1SCC(=O)N)O
D05675,CC(C)CCC(=O)OC(C)C(=O)NC1=CC=C(C=C1)C(=O)N
D05676,CC1=CC=C(C=C1)C2=NN(C=C2C(=O)OCC(=O)C3=CC=CN3)C4=CC=CC=C4
D05677,CCC1=C(SC(=C1)C(=O)OCC(=O)NC2=C(C=CC=C2C(C)C)C)C
D05678,C1=CC=C(C(=C1)OCC(=O)NC2=CC=C(C=C2)C#N)Br
D05679,CC1CCN(CC1)C(=O)COC(=O)C2=CN(N=C2C3=CC=C(C=C3)C)C4=CC=CC=C4
D05680,C1CC(OC1)C[NH2+]CC2=CC=C(C=C2)OCC3=CC=CC=C3
D05681,CC1CCCCC1NC(=O)COC(=O)CNS(=O)(=O)C2=CC3=C(CCCC3)C=C2
D05682,CC(C)COC1=C(C=C(C=C1Cl)C=CC(=O)OCC#N)OC
D05683,COCCNC(=O)N1CCN(CC1)C2=CC=CC=C2Cl
D05684,CC1=C(C=C(C=C1)Cl)NC(=O)CSC
D05685,C1=CC=C(C(=C1)OCC(=O)NC2=C(C=CC=C2Cl)Cl)Br
D05686,CC1CCCC(C1C)NC(=O)C(C)OC(=O)CN(C)S(=O)(=O)C2=CC=C(C=C2)F
D05687,CCOC1=C(C=C2C(=C1)CC(O2)C)CNC(=O)CC3=CC=C(S3)S(=O)(=O)N4CCCC4
D05688,C1=CC=C2C(=C1)C(C3=CC=CC=C32)OC(=O)COC4=CC=CC=C4Cl
D05689,CCC1=C(SC(=C1)C(=O)OCC(=O)NC2=CC=CC=C2F)C
D05690,CCC1=NC2=CC=CC=C2C(=C1C)C(=O)OC(C)C(=O)C3=C(NC4=CC=CC=C43)C
D05691,C1CCC(CC1)C(=O)N2CCC3=C(C2)SC4=NC=NC(=C34)N
D05692,CC(C)C(C)(C#N)NC(=O)COC1=CC=CC=C1Br
D05693,CCC(C1=CC=C(C=C1)C)NC(=O)COC(=O)COC2=CC=CC=C2Cl
D05694,CCC1=NC2=CC=CC=C2C(=C1C)C(=O)OCC(=O)N3CCC(=N3)C4=CC=CC=C4
D05695,CC(C(=O)NC(=O)NC)OC(=O)COC1=CC=CC=C1Cl
D05696,CC(C)(C)C1=CC=C(C=C1)SCC(=O)NC2=C(C=CS2)C(=O)N
D05697,CC1=CC=C(C=C1)C(=O)NCC2=CC=C(C=C2)CN3CCOCC3
D05698,CCC1=CC=C(C=C1)NC(=O)C(C)OC(=O)COC2=CC=CC=C2Cl
D05699,CC(C(=O)NC1=CC=CC=C1)OC(=O)CN(C)S(=O)(=O)C2=CC=C(C=C2)F
D05700,CC1=CC(=C(C=C1)NC(=O)COC2=CC=CC=C2Br)Cl
D05701,CC(C)(C)C1=CC=C(C=C1)SCC(=O)NC2=CC=C(C=C2)C(=O)N
D05702,CC(C(=O)NC1CC1)OC(=O)CNS(=O)(=O)C2=CC3=C(CCCC3)C=C2
D05703,CC1=C(C=C(C=C1)S(=O)(=O)C)C(=O)OCC(=O)C2=CC=C(C=C2)C3CCCCC3
D05704,CCCNC(=O)COC(=O)C1=C(C=CC(=C1)S(=O)(=O)C)C
D05705,C1=CC=C(C(=C1)OCC(=O)OCC(=O)NC2=CC3=C(C=C2)OC(O3)(F)F)Cl
D05706,CC1=CC=C(C=C1)C(=O)NCC2=CC=C(C=C2)CN3CCOCC3
D05707,CC1=C(C=C(C=C1)S(=O)(=O)C)C(=O)OCC(=O)NCCC(C)C
D05708,CC(C#N)(C1CC1)NC(=O)CSC2=C(C=CC=C2Cl)Cl
D05709,CC(C(=O)C1=CC=C(C=C1)OC)OC(=O)C2=CC3=C(C=C2)SCCC(=O)N3
D05710,CC(C)CCC(=O)OCC(=O)NC1=C(C=CC(=C1)S(=O)(=O)N2CCCCC2)OC
D05711,CC(C(=O)NC(=O)NC)OC(=O)COC1=CC=CC=C1Cl
D05712,CC(C(=O)N1CCN(CC1)S(=O)(=O)C2=CC=CC=C2)SCC3=CC(=CC=C3)Cl
D05713,CC(C)N1C(=CC=N1)NC(=O)C(C)SC2=C(C=CC=C2Cl)Cl
D05714,CCOC(=O)C1=C(NC(=C1C(=O)COC(=O)COC2=CC=CC=C2Cl)C)C
D05715,CCCOC1=C(C=C(C=C1Cl)C=CC(=O)OC(C)C(=O)NC2CC2)OC
D05716,CC1=CC=C(C=C1)C2=NOC(=C2)NC(=O)CN3CCCC3
D05717,CC(C(=O)NC1=CC=C(C=C1)F)OC(=O)COC2=CC=CC=C2Cl
D05718,C1CC(CN(C1)C2=C(C=C(C=C2)[N+](=O)[O-])Cl)O
D05719,C1CCC2=C(C1)C=CC(=C2)S(=O)(=O)NCC(=O)OCC(=O)NC3CC3
D05720,CCC1=NC2=CC=CC=C2C(=C1C)C(=O)OC(C)C(=O)N(C)CC3=CC=CC=C3
D05721,CCC1=NC2=CC=CC=C2C(=C1C)C(=O)OC(C)C(=O)NC(C)CCC3=CC=CC=C3
D05722,CC(CN1C(=O)C2=C(C=C(C=C2)C(=O)OC)N=C1SC(C)C3=CC=CC=C3)O
D05723,C1=CC=C(C(=C1)OCC(=O)NC2=CC=C(C=C2)C#N)Br
D05724,CCC1=NC2=CC=CC=C2C(=C1C)C(=O)OCC3=CC(=CC=C3)Cl
D05725,CNC(=O)COC(=O)C1=CC2=C(C=C1)SCCC(=O)N2
D05726,CCC1=C(SC(=C1)C(=O)OCC(=O)NCC2=CC=C(C=C2)C(=O)OC)C
D05727,C1=CC=C(C(=C1)NC(=O)COC2=CC=CC=C2Br)OC(F)F
D05728,CCC1=NC2=CC=CC=C2C(=C1C)C(=O)OC(C)C(=O)NC3CC3
D05729,CC(C)C(C(=O)NC(=O)N)OC(=O)COC1=CC=CC=C1Cl
D05730,CC(C)N1C(=CC=N1)NC(=O)C(C)OC(=O)C2=CC=C(S2)C3=CC=C(C=C3)Cl
D05731,CC(C)(C)C1=CC=C(C=C1)SCN2C(=O)C3=CC=CC=C3N=N2
D05732,CC(C)(C)C(=O)CSC1=NC2=C(C=CC(=C2)C(=O)OC)C(=O)N1CC3=CC=CO3
D05733,CC(C(=O)NC1=CC=C(C=C1)C(=O)N)OC2=CC(=CC(=C2)Cl)Cl
D05734,CCC1=NC2=CC=CC=C2C(=C1C)C(=O)OC(C)C3=CC=CC=C3Cl
D05735,CC(C)(C)C1=CC=C(C=C1)SCC(=O)NC2=CC(=CC=C2)S(=O)(=O)N(C)C
D05736,CC1=CC=C(C=C1)C2=NN(C=C2C(=O)OCC3=CC4=C(C=C3)OCO4)C5=CC=CC=C5
D05737,CCCOC1=C(C=C(C=C1Cl)C=CC(=O)OCC2=CC=C(C=C2)C#N)OC
D05738,C1=CC(=C(C=C1Cl)Cl)CS(=O)(=O)CC(=O)N
D05739,CCC(C1=CC=C(C=C1)C)NC(=O)COC(=O)COC2=CC=CC=C2Cl
D05740,COC(=O)C1=CC2=C(C=C1)C(=O)N(C(=N2)SCC3CCOCO3)CC4=CC=CO4
D05741,CC(C(=O)NCC1=CC2=C(C=C1)OCO2)SC3=C(C=CC=C3Cl)Cl
D05742,CC(C)C(C(=O)NC(=O)N)OC(=O)COC1=CC=CC=C1Cl
D05743,CC(C(=O)NC1=CC=CC=C1Cl)OC(=O)C2=CC(=CC=C2)NC(=O)C
D05744,CC(C)C(C)(C#N)NC(=O)COC1=CC=CC=C1Br
D05745,CCCN1C(=O)C(=CC2=CC=CC=C2F)NC1=S
D05746,CC(C)C(C(=O)NC(=O)N)OC(=O)COC1=CC=CC=C1Cl
D05747,CC1=CC=C(C=C1)C2=NN(C=C2C(=O)OCC(=O)NC3=NOC(=C3)C)C4=CC=CC=C4
D05748,CC1=CC=C(C=C1)C2=NC(=CS2)COC(=O)C3=CC4=C(C=C3)SCCC(=O)N4
D05749,C1=CC=C(C(=C1)OCC(=O)OCC(=O)NC2=CC3=C(C=C2)OC(O3)(F)F)Cl
D05750,C1=CC=C(C(=C1)OCC(=O)NC2=C(C=CC(=C2)Cl)F)Br
D05751,CC1CCN(C2=CC=CC=C2S1)C(=O)COC3=CC=CC=C3Br
D05752,CCC1=NC2=CC=CC=C2C(=C1C)C(=O)OCC(=O)N3CCC(=N3)C4=CC=CC=C4
D05753,CC(C(=O)NC(=O)NC)SC1=CC=C(C=C1)C(C)(C)C
D05754,CC(C1=CC=CC=C1Br)NC(=O)COC2=CC=CC=C2Br
D05755,CC(C(=O)C1=CC=C(C=C1)OC)OC(=O)C2=CC3=C(C=C2)SCCC(=O)N3
D05756,C1=CC(=C(C=C1C2=CC=C(O2)CO)C(=O)[O-])Cl
D05757,CC1=CC=C(C=C1)C2=NN(C=C2C(=O)OCC3=CC=C(C=C3)C#N)C4=CC=CC=C4
D05758,CC(C#N)(C1CC1)NC(=O)CSC2=C(C=CC=C2Cl)Cl
D05759,CC1=CC(=C(C(=O)N1)CNC(=O)C2=CC=CC=C2C(F)(F)F)C
D05760,C1C2CC3CC1CC(C2)(C3)CNC(=O)COC4=CC=CC=C4Br
D05761,CC(C(=O)NC(=O)NC)OC(=O)COC1=CC=CC=C1Cl
D05762,CC1=CC2=C(C=C1Cl)C(=CC(=O)O2)COC(=O)COC3=CC=CC=C3Cl
D05763,CC(CN1C(=O)C2=C(C=C(C=C2)C(=O)OC)N=C1SC(C)C(=O)N3CCCC3)O
D05764,CC1=CN=C(C=C1)NC(=O)CCC2=CNC3=CC=CC=C32
D05765,CC1=C(C=C(C=C1)S(=O)(=O)N2CCCCC2)NC(=O)COC(=O)CCC(C)C
D05766,CC(C(=O)NCC1=CC=CO1)OC(=O)C2=CC3=C(C=C2)SCCC(=O)N3
D05767,CCC1=C(SC(=C1)C(=O)OCC(=O)NC2=C(C=CC=C2C(C)C)C)C
D05768,C1CC(=O)N(C1)C2=CC=C(C=C2)OCC(=O)N3CCC4=CC=CC=C43
D05769,CC1=CC(=C(C(=O)N1)CNC(=O)C2=CC=CC=C2C(F)(F)F)C
D05770,CC(C1=CC=C(C=C1)S(=O)(=O)C)NC(=O)CNC(=O)C2=CC=CO2
D05771,CC(C(=O)C1=CC=C(C=C1)OC)OC(=O)C2=CC3=C(C=C2)SCCC(=O)N3
D05772,CC1=CC=CC=C1C=CC(=O)OCC(=O)NC(=O)NC(C)C
D05773,CC1=CC=C(C=C1)C2=NN(C=C2C(=O)OCC(=O)NC3=NOC(=C3)C)C4=CC=CC=C4
D05774,CN1C=CN=C1C(C2=CC(=CC=C2)OC)NC3=C4C=NN(C4=NC=N3)C5=CC=C(C=C5)F
D05775,C#CCNC(=O)N1CCN(CC1)C2=CC=C(C=C2)F
D05776,CCC1=NC2=CC=CC=C2C(=C1C)C(=O)OC(C)C(=O)C3=C(NC4=CC=CC=C43)C
D05777,CC1=C(C(=NN1C2=CC=C(C=C2)C(=O)NC3CC3)C)Cl
D05778,CCC1=NC2=CC=CC=C2C(=C1C)C(=O)OC(C)C(=O)NC3=CC=CC=C3OC
D05779,COC(=O)C1=CC2=C(C=C1)C(=O)N(C(=N2)SCC#N)CC3CCCO3
D05780,CC(C)C(C(=O)NC(=O)N)OC(=O)CNS(=O)(=O)C1=CC2=C(CCCC2)C=C1
D05781,CC1=CC=C(C=C1)C(=O)NCC2=CC=C(C=C2)CN3CCOCC3
D05782,CC1=C(C=C(C=C1)S(=O)(=O)N2CCOCC2)NC(=O)COC(=O)CCC(C)C
D05783,CC(C(=O)N1CCCC1)OC(=O)CN(C)S(=O)(=O)C2=CC=C(C=C2)F
D05784,CCC1=CC(=C(C=C1)CC)C(=O)COC(=O)C2=C(C=CC(=C2)S(=O)(=O)C)C
D05785,CCC1=NC2=CC=CC=C2C(=C1C)C(=O)OC(C)C(=O)NC(C)CCC3=CC=CC=C3
D05786,CC(C(=O)NC1=CC=C(C=C1)C(=O)C)OC(=O)COC2=CC=CC=C2Cl
D05787,CC(C(=O)C1=CC=C(C=C1)OC)OC(=O)C2=CC3=C(C=C2)SCCC(=O)N3
D05788,CC1CCC2=CC=CC=C2N1C(=O)CSC3=NNC(=N3)C4=CC=CS4
D05789,CC1=C(OC2=C1C=C(C=C2)OC)C(=O)NC3=CC(=NN3C)C(C)(C)C
D05790,C1CCC(C1)NC(=O)COC(=O)C2=CC3=C(C=C2)SCCC(=O)N3
D05791,CC1=CC(=C(C(=C1)C)C(=O)COC(=O)C2=CC3=C(C=C2)SCCC(=O)N3)C
D05792,CC(C)CCC(=O)OCC(=O)NC1=CC(=CC=C1)S(=O)(=O)N(C)C2=CC=CC=C2
D05793,CCC1=C(SC(=C1)C(=O)OCC(=O)NCC2=CC=C(C=C2)C(=O)OC)C
D05794,CCC1=C(SC(=C1)C(=O)OCC(=O)NC2=C(C(=CC=C2)Cl)Cl)C
D05795,CC(CN1C(=O)C2=C(C=C(C=C2)C(=O)OC)N=C1SCC=CC3=CC=CC=C3)O
D05796,C1=CC=C(C(=C1)OCC(=O)NC2=C(C=CC(=C2)F)F)Br
D05797,CCCOC1=CC=CC=C1NC(=O)C2=CC3=NC=CN=C3C=C2
D05798,CCC1=C(SC(=C1)C(=O)OCC(=O)NC2=CC=CC=C2F)C
D05799,C1CCC2=C(C1)C=CC(=C2)S(=O)(=O)NCC(=O)OCC(=O)NC3=CC=CC=C3
D05800,CC1CCCCC1NC(=O)COC(=O)C2=C(C=CC(=C2)S(=O)(=O)C)C
D05801,CCCOC1=C(C=C(C=C1Cl)C=CC(=O)OCC2=NN=C(O2)C3=CC=CO3)OC
D05802,CC1=CC2=C(C=C1Cl)C(=CC(=O)O2)COC(=O)COC3=CC=CC=C3Cl
D05803,C#CCNC(=O)N1CCN(CC1)C2=CC=C(C=C2)F
D05804,CC(CN1C(=O)C2=C(C=C(C=C2)C(=O)OC)N=C1SC(C)C(=O)N3CCCC3)O
D05805,C1CCC(CC1)[NH2+]CC2=C(C=CC=C2Cl)Cl
D05806,CC1=CSC2=NC(=CC(=O)N12)CNC(C)C3=CC=CC=C3
D05807,C1=CC=C(C=C1)CCCNC(=O)COC2=CC=CC=C2Br
D05808,C1C2CC3CC1CC(C2)(C3)CNC(=O)COC4=CC=CC=C4Br
D05809,CCCOC1=CC=CC=C1NC(=O)C2=CC3=NC=CN=C3C=C2
D05810,COC1=CC2=C(C=C1)C(=CC(=O)O2)COC(=O)C3=CC4=C(C=C3)SCCC(=O)N4
D05811,CC(C)(C)C1=CC=C(C=C1)SCC(=O)NC2=CC(=CC=C2)S(=O)(=O)N(C)C
D05812,CCC1=NC2=CC=CC=C2C(=C1C)C(=O)OCC(=O)C3=CC=CC=C3Cl
D05813,CC(C(=O)NC(=O)NC)OC(=O)COC1=CC=CC=C1Cl
D05814,CCC1=C(SC(=C1)C(=O)OCC(=O)C(=C2NC3=CC=CC=C3N2)C#N)C
D05815,CCCOC1=CC=CC=C1NC(=O)C2=CC3=NC=CN=C3C=C2
D05816,C1COCCN1CCCNC(=O)C2=CC=C(C=C2)C3SCCS3
D05817,CC(C(=O)C1=CC=C(C=C1)OC)OC(=O)C2=CC3=C(C=C2)SCCC(=O)N3
D05818,CC1=C(C=C(C=C1)S(=O)(=O)C)C(=O)OCC(=O)NCCC(C)C
D05819,CCC1=NC2=CC=CC=C2C(=C1C)C(=O)OCC(=O)N3CCC(=N3)C4=CC=CC=C4
D05820,CC1=CC(=C(C(=C1)C)NC(=O)COC(=O)COC2=CC=CC=C2Cl)C
D05821,C1CSC2=C(C=C(C=C2)C(=O)OCC(=O)NC3=C(C=CC(=C3)F)F)NC1=O
D05822,CC1=C(C=C(C=C1)S(=O)(=O)C)C(=O)OCC(=O)NCCC2=CC=C(C=C2)Cl
D05823,CC(C)C(C)(C#N)NC(=O)COC1=CC=CC=C1Br
D05824,CC1=CC(=CC(=C1)C(=O)NNC2=CC=CC=C2[N+](=O)[O-])C
D05825,CCC1=C(SC(=C1)C(=O)OCC(=O)NC2=C(C=CC=C2C(C)C)C)C
D05826,C1CN(CCN1CC2=CSC3=CC=CC=C32)C(=O)NCC4=CC=CC=N4
D05827,CCC1=C(SC(=C1)C(=O)OCC(=O)NCC2=CC=C(C=C2)C(=O)OC)C
D05828,CC(C1=CC(=CC=C1)C(F)(F)F)NC(C)C(=O)NC2=CC=CC=C2OC
D05829,CCOC1=C(C=C2C(=C1)CC(O2)C)CNC(=O)CC3=CC=C(S3)S(=O)(=O)N4CCCC4
D05830,CCCOC1=C(C=C(C=C1Cl)C=CC(=O)OC(C)C(=O)NC(=O)N)OC
D05831,CN(CC(=O)OCC1=CC=C(O1)C(=O)OC)S(=O)(=O)C2=CC=C(C=C2)F
D05832,CC1=CC=C(C=C1)C2=NOC(=C2)NC(=O)CN3CCCC3
D05833,COC1=C(C=C(C=C1)COC(=O)CNS(=O)(=O)C2=CC3=C(CCCC3)C=C2)F
D05834,CC(C)OC(=O)CSC1=NC2=C(C=CC(=C2)C(=O)OC)C(=O)N1CC(C)O
D05835,CC1CCN(C2=CC=CC=C2S1)C(=O)COC3=CC=CC=C3Br
D05836,CCCOC1=C(C=C(C=C1Cl)C=CC(=O)OCC2=CC=C(C=C2)C#N)OC
D05837,CC1=C(C(=NN1C2=CC=C(C=C2)C(=O)NC3CC3)C)Cl
D05838,C1=CC=C(C(=C1)C(=O)NNC(=O)CSC2=C(C=CC=C2Cl)Cl)F
D05839,CC(C(=O)C1=CC=C(C=C1)OC)OC(=O)C2=CC3=C(C=C2)SCCC(=O)N3
D05840,CC1=C(SC(=N1)C2=CC=C(C=C2)F)C(=O)NCC(=O)NC(C)(C)C
D05841,C1=CC=C(C=C1)OC2=CC=CC=C2COC(=O)COC3=CC=CC=C3Cl
D05842,CC(C)OC(=O)CSC1=NC2=C(C=CC(=C2)C(=O)OC)C(=O)N1CC(C)O
D05843,CC1=CC=C(C=C1)C2=NN(C=C2C(=O)OCC(=O)NC3=NOC(=C3)C)C4=CC=CC=C4
D05844,COC(=O)C1=CC2=C(C=C1)C(=O)N(C(=N2)SCC#N)CC3CCCO3
D05845,CCCOC1=C(C=C(C=C1Cl)C=CC(=O)OCC2=CC=C(C=C2)C#N)OC
D05846,C1=CC=C2C(=C1)C(=O)N(C2=O)COC(=O)COC3=CC=CC=C3Cl
